time,value,min,max,n,coverage
2023-10-12 14:00,44.32,41.9,45.2,40,0.667
2023-10-12 15:00,44.91,44.5,45.3,60,1.0
2023-10-12 16:00,44.93,44.6,45.4,60,1.0
2023-10-12 17:00,44.94,44.6,45.4,60,1.0
2023-10-12 18:00,44.98,44.7,45.4,60,1.0
2023-10-12 19:00,45.02,44.7,45.5,60,1.0
2023-10-12 20:00,45.02,44.7,45.4,60,1.0
2023-10-12 21:00,45.02,44.7,45.4,60,1.0
2023-10-12 22:00,44.95,44.7,45.5,60,1.0
2023-10-12 23:00,45.04,44.7,45.5,60,1.0
2023-10-13 00:00,44.93,44.7,45.4,58,0.967
2023-10-13 01:00,44.97,44.7,45.5,51,0.85
2023-10-13 02:00,44.97,44.7,45.3,54,0.9
2023-10-13 03:00,44.96,44.7,45.4,60,1.0
2023-10-13 04:00,44.96,44.7,45.5,60,1.0
2023-10-13 05:00,45.01,44.7,45.5,60,1.0
2023-10-13 06:00,45.05,44.7,45.7,53,0.883
2023-10-13 07:00,44.95,44.6,45.3,57,0.95
2023-10-13 08:00,44.79,44.3,45.5,53,0.883
2023-10-13 09:00,44.55,44.3,44.9,59,0.983
2023-10-13 10:00,44.62,44.2,44.9,55,0.917
2023-10-13 11:00,44.62,44.2,45.1,46,0.767
2023-10-13 12:00,44.64,44.3,45.2,58,0.967
2023-10-13 13:00,44.81,44.5,45.3,58,0.967
2023-10-13 14:00,44.79,43.9,45.3,60,1.0
2023-10-13 15:00,44.88,44.6,45.3,60,1.0
2023-10-13 16:00,44.93,44.6,45.3,60,1.0
2023-10-13 17:00,44.92,44.6,45.3,60,1.0
2023-10-13 18:00,44.98,44.7,45.3,60,1.0
2023-10-13 19:00,45.05,44.7,45.4,60,1.0
2023-10-13 20:00,44.98,44.6,45.5,60,1.0
2023-10-13 21:00,44.93,44.6,45.3,60,1.0
2023-10-13 22:00,44.92,44.6,45.4,60,1.0
2023-10-13 23:00,44.9,44.6,45.3,60,1.0
2023-10-14 00:00,45.02,44.7,45.5,60,1.0
2023-10-14 01:00,44.92,44.5,45.6,60,1.0
2023-10-14 02:00,44.98,44.6,45.4,60,1.0
2023-10-14 03:00,45.0,44.6,45.5,60,1.0
2023-10-14 04:00,44.93,44.6,45.6,60,1.0
2023-10-14 05:00,44.89,44.6,45.3,60,1.0
2023-10-14 06:00,44.91,44.6,45.2,60,1.0
2023-10-14 07:00,44.86,44.6,45.2,60,1.0
2023-10-14 08:00,44.74,44.4,45.3,60,1.0
2023-10-14 09:00,44.52,44.2,44.9,60,1.0
2023-10-14 10:00,44.58,44.2,45.0,60,1.0
2023-10-14 11:00,44.64,44.4,45.1,60,1.0
2023-10-14 12:00,44.63,44.3,45.1,60,1.0
2023-10-14 13:00,44.74,44.4,45.1,60,1.0
2023-10-14 14:00,44.82,44.4,45.2,60,1.0
2023-10-14 15:00,44.83,44.4,45.3,60,1.0
2023-10-14 16:00,44.77,44.5,45.2,60,1.0
2023-10-14 17:00,44.89,44.5,45.2,60,1.0
2023-10-14 18:00,44.81,44.5,45.3,60,1.0
2023-10-14 19:00,44.83,44.5,45.3,60,1.0
2023-10-14 20:00,44.8,44.5,45.2,60,1.0
2023-10-14 21:00,44.86,44.6,45.3,60,1.0
2023-10-14 22:00,44.88,44.5,45.5,60,1.0
2023-10-14 23:00,44.85,44.5,45.4,60,1.0
2023-10-15 00:00,44.86,44.5,45.3,60,1.0
2023-10-15 01:00,44.77,44.5,45.4,60,1.0
2023-10-15 02:00,44.79,44.5,45.2,60,1.0
2023-10-15 03:00,44.79,44.5,45.2,52,0.867
2023-10-15 04:00,44.86,44.5,45.2,53,0.883
2023-10-15 05:00,44.73,44.5,45.3,60,1.0
2023-10-15 06:00,44.74,44.4,45.3,59,0.983
2023-10-15 07:00,44.79,44.4,45.2,60,1.0
2023-10-15 08:00,44.65,44.3,45.1,60,1.0
2023-10-15 09:00,44.59,44.3,45.0,60,1.0
2023-10-15 10:00,44.57,44.2,44.9,60,1.0
2023-10-15 11:00,44.47,44.2,44.9,60,1.0
2023-10-15 12:00,44.52,44.2,44.9,60,1.0
2023-10-15 13:00,44.56,44.3,44.9,60,1.0
2023-10-15 14:00,44.53,44.3,45.0,60,1.0
2023-10-15 15:00,44.62,44.3,45.0,60,1.0
2023-10-15 16:00,44.62,44.3,45.1,60,1.0
2023-10-15 17:00,44.71,44.4,45.2,60,1.0
2023-10-15 18:00,44.64,44.4,45.1,60,1.0
2023-10-15 19:00,44.7,44.4,45.2,60,1.0
2023-10-15 20:00,44.71,44.4,45.0,60,1.0
2023-10-15 21:00,44.7,44.4,45.2,60,1.0
2023-10-15 22:00,44.74,44.4,45.2,60,1.0
2023-10-15 23:00,44.7,44.4,45.2,60,1.0
2023-10-16 00:00,44.71,44.4,45.2,60,1.0
2023-10-16 01:00,44.65,44.4,45.1,60,1.0
2023-10-16 02:00,44.58,44.3,44.9,60,1.0
2023-10-16 03:00,44.56,44.3,44.9,60,1.0
2023-10-16 04:00,44.62,44.3,45.0,60,1.0
2023-10-16 05:00,44.61,44.3,45.1,60,1.0
2023-10-16 06:00,44.57,44.3,45.1,60,1.0
2023-10-16 07:00,44.02,42.2,45.0,60,1.0
2023-10-16 08:00,41.7,41.1,42.4,60,1.0
2023-10-16 09:00,40.8,40.5,41.2,60,1.0
2023-10-16 10:00,40.85,40.6,41.2,60,1.0
2023-10-16 11:00,40.87,40.6,41.2,60,1.0
2023-10-16 12:00,40.95,40.7,41.4,60,1.0
2023-10-16 13:00,41.01,40.8,41.3,53,0.883
2023-10-16 14:00,41.11,40.7,41.5,60,1.0
2023-10-16 15:00,41.32,41.1,41.7,60,1.0
2023-10-16 16:00,41.35,41.0,41.6,47,0.783
2023-10-16 17:00,41.4,41.1,41.9,52,0.867
2023-10-16 18:00,41.47,41.2,41.8,50,0.833
2023-10-16 19:00,41.51,41.3,41.9,51,0.85
2023-10-16 20:00,41.52,41.2,41.9,50,0.833
2023-10-16 21:00,41.56,41.4,41.9,58,0.967
2023-10-16 22:00,41.45,40.7,42.0,60,1.0
2023-10-16 23:00,41.55,41.4,41.8,60,1.0
2023-10-17 00:00,41.57,41.4,41.9,60,1.0
2023-10-17 01:00,41.42,40.9,42.2,60,1.0
2023-10-17 02:00,40.7,40.2,41.2,60,1.0
2023-10-17 03:00,40.51,40.3,41.7,60,1.0
2023-10-17 04:00,64.76,43.3,69.4,60,1.0
2023-10-17 05:00,68.53,68.0,69.2,60,1.0
2023-10-17 06:00,71.09,68.1,73.9,60,1.0
2023-10-17 07:00,72.77,71.9,73.8,60,1.0
2023-10-17 08:00,71.47,70.9,72.3,60,1.0
2023-10-17 09:00,70.6,69.9,71.3,60,1.0
2023-10-17 10:00,69.64,69.0,70.4,60,1.0
2023-10-17 11:00,68.92,68.3,69.6,60,1.0
2023-10-17 12:00,68.17,67.6,68.8,60,1.0
2023-10-17 13:00,67.52,67.1,68.1,60,1.0
2023-10-17 14:00,67.08,66.6,67.7,60,1.0
2023-10-17 15:00,66.51,66.1,67.1,60,1.0
2023-10-17 16:00,66.08,65.7,66.7,60,1.0
2023-10-17 17:00,65.71,65.4,66.3,60,1.0
2023-10-17 18:00,65.41,64.9,65.9,60,1.0
2023-10-17 19:00,64.99,64.6,65.6,60,1.0
2023-10-17 20:00,64.63,64.3,65.2,60,1.0
2023-10-17 21:00,64.33,64.1,64.7,60,1.0
2023-10-17 22:00,64.2,63.8,64.7,60,1.0
2023-10-17 23:00,63.86,63.5,64.5,60,1.0
2023-10-18 00:00,63.67,63.3,64.1,60,1.0
2023-10-18 01:00,63.46,63.0,63.9,60,1.0
2023-10-18 02:00,63.3,62.9,63.8,60,1.0
2023-10-18 03:00,63.13,62.8,63.5,59,0.983
2023-10-18 04:00,62.96,62.6,63.4,60,1.0
2023-10-18 05:00,62.82,62.5,63.3,59,0.983
2023-10-18 06:00,62.66,62.4,63.3,42,0.7
2023-10-18 07:00,62.5,62.2,63.0,59,0.983
2023-10-18 08:00,62.52,62.2,63.0,60,1.0
2023-10-18 09:00,62.48,62.1,62.9,60,1.0
2023-10-18 10:00,62.34,62.0,62.8,60,1.0
2023-10-18 11:00,62.12,61.9,62.5,60,1.0
2023-10-18 12:00,62.1,61.8,62.6,60,1.0
2023-10-18 13:00,61.96,61.6,62.5,60,1.0
2023-10-18 14:00,61.79,61.5,62.2,60,1.0
2023-10-18 15:00,61.81,61.5,62.2,60,1.0
2023-10-18 16:00,61.71,61.4,62.2,60,1.0
2023-10-18 17:00,61.5,61.2,62.0,60,1.0
2023-10-18 18:00,61.39,61.1,61.9,60,1.0
2023-10-18 19:00,61.39,61.1,61.9,60,1.0
2023-10-18 20:00,61.33,60.9,61.9,60,1.0
2023-10-18 21:00,61.21,60.9,61.8,60,1.0
2023-10-18 22:00,61.16,60.8,61.6,60,1.0
2023-10-18 23:00,60.98,60.7,61.5,60,1.0
2023-10-19 00:00,60.94,60.6,61.5,60,1.0
2023-10-19 01:00,60.88,60.6,61.4,60,1.0
2023-10-19 02:00,60.76,60.5,61.3,60,1.0
2023-10-19 03:00,60.73,60.4,61.4,60,1.0
2023-10-19 04:00,60.67,60.4,61.1,60,1.0
2023-10-19 05:00,60.61,60.4,60.9,60,1.0
2023-10-19 06:00,60.53,60.3,61.0,60,1.0
2023-10-19 07:00,60.55,60.3,61.1,60,1.0
2023-10-19 08:00,60.55,60.2,61.1,60,1.0
2023-10-19 09:00,60.66,60.3,61.1,60,1.0
2023-10-19 10:00,60.65,60.3,61.2,60,1.0
2023-10-19 11:00,60.68,60.3,61.2,59,0.983
2023-10-19 12:00,60.62,60.2,61.2,60,1.0
2023-10-19 13:00,60.48,60.2,60.9,59,0.983
2023-10-19 14:00,60.55,60.2,61.0,60,1.0
2023-10-19 15:00,60.49,60.1,61.0,60,1.0
2023-10-19 16:00,60.34,60.0,60.9,60,1.0
2023-10-19 17:00,60.34,60.0,60.9,60,1.0
2023-10-19 18:00,60.28,59.9,60.8,52,0.867
2023-10-19 19:00,60.23,59.9,60.8,54,0.9
2023-10-19 20:00,60.13,59.9,60.7,60,1.0
2023-10-19 21:00,60.07,59.8,60.5,60,1.0
2023-10-19 22:00,60.07,59.7,60.8,60,1.0
2023-10-19 23:00,60.0,59.7,60.4,60,1.0
2023-10-20 00:00,60.05,59.6,60.6,60,1.0
2023-10-20 01:00,59.92,59.6,60.3,60,1.0
2023-10-20 02:00,59.9,59.5,60.3,60,1.0
2023-10-20 03:00,59.86,59.5,60.4,60,1.0
2023-10-20 04:00,59.8,59.4,60.4,60,1.0
2023-10-20 05:00,59.79,59.4,60.2,60,1.0
2023-10-20 06:00,59.74,59.3,60.3,60,1.0
2023-10-20 07:00,59.65,59.3,60.1,60,1.0
2023-10-20 08:00,59.58,59.3,60.1,60,1.0
2023-10-20 09:00,59.53,59.3,60.1,60,1.0
2023-10-20 10:00,59.52,59.3,60.0,60,1.0
2023-10-20 11:00,59.62,59.2,60.1,60,1.0
2023-10-20 12:00,59.51,59.2,60.0,60,1.0
2023-10-20 13:00,59.55,59.1,60.0,60,1.0
2023-10-20 14:00,59.49,59.1,60.1,60,1.0
2023-10-20 15:00,59.4,59.1,59.9,60,1.0
2023-10-20 16:00,59.43,59.1,60.0,60,1.0
2023-10-20 17:00,59.45,59.1,59.8,60,1.0
2023-10-20 18:00,59.25,59.0,59.7,60,1.0
2023-10-20 19:00,59.28,58.9,59.9,60,1.0
2023-10-20 20:00,59.23,59.0,59.8,60,1.0
2023-10-20 21:00,59.23,58.8,59.7,60,1.0
2023-10-20 22:00,59.11,58.8,59.5,58,0.967
2023-10-20 23:00,59.19,58.8,59.7,58,0.967
2023-10-21 00:00,59.03,58.7,59.5,45,0.75
2023-10-21 01:00,58.96,58.6,59.5,60,1.0
2023-10-21 02:00,58.87,58.6,59.3,60,1.0
2023-10-21 03:00,58.91,58.6,59.4,60,1.0
2023-10-21 04:00,58.91,58.6,59.3,60,1.0
2023-10-21 05:00,58.5,57.8,59.1,60,1.0
2023-10-21 06:00,58.15,57.7,58.8,60,1.0
2023-10-21 07:00,59.7,58.4,60.8,60,1.0
2023-10-21 08:00,61.19,60.6,61.7,60,1.0
2023-10-21 09:00,66.39,61.1,71.5,60,1.0
2023-10-21 10:00,72.66,71.2,74.8,60,1.0
2023-10-21 11:00,74.96,74.6,75.6,60,1.0
2023-10-21 12:00,74.28,73.7,75.1,60,1.0
2023-10-21 13:00,73.47,73.0,74.1,60,1.0
2023-10-21 14:00,72.89,72.4,73.4,60,1.0
2023-10-21 15:00,72.37,71.8,73.0,60,1.0
2023-10-21 16:00,71.84,71.5,72.3,60,1.0
2023-10-21 17:00,71.41,71.0,72.0,60,1.0
2023-10-21 18:00,70.99,70.7,71.6,60,1.0
2023-10-21 19:00,70.6,70.3,71.2,60,1.0
2023-10-21 20:00,70.31,70.1,70.8,60,1.0
2023-10-21 21:00,70.09,69.8,70.6,60,1.0
2023-10-21 22:00,69.83,69.6,70.3,60,1.0
2023-10-21 23:00,69.68,69.5,70.0,60,1.0
2023-10-22 00:00,69.56,69.3,70.1,60,1.0
2023-10-22 01:00,69.3,69.1,69.8,60,1.0
2023-10-22 02:00,69.1,68.9,69.6,60,1.0
2023-10-22 03:00,69.12,68.9,69.6,60,1.0
2023-10-22 04:00,70.09,69.2,71.0,60,1.0
2023-10-22 05:00,70.75,70.5,71.2,58,0.967
2023-10-22 06:00,70.66,70.5,71.1,45,0.75
2023-10-22 07:00,70.63,70.3,71.0,60,1.0
2023-10-22 08:00,70.44,70.2,70.9,60,1.0
2023-10-22 09:00,70.22,70.0,70.7,60,1.0
2023-10-22 10:00,69.93,69.5,70.5,60,1.0
2023-10-22 11:00,69.6,69.3,70.0,60,1.0
2023-10-22 12:00,69.43,69.2,69.9,60,1.0
2023-10-22 13:00,69.24,68.9,69.9,60,1.0
2023-10-22 14:00,69.02,68.8,69.6,60,1.0
2023-10-22 15:00,68.95,68.6,69.4,60,1.0
2023-10-22 16:00,68.72,68.3,69.3,60,1.0
2023-10-22 17:00,68.46,68.2,69.0,60,1.0
2023-10-22 18:00,68.26,68.0,68.8,60,1.0
2023-10-22 19:00,68.2,67.8,68.6,60,1.0
2023-10-22 20:00,67.95,67.6,68.5,60,1.0
2023-10-22 21:00,67.83,67.5,68.2,60,1.0
2023-10-22 22:00,67.69,67.3,68.2,60,1.0
2023-10-22 23:00,67.46,67.2,68.0,60,1.0
2023-10-23 00:00,67.28,67.1,67.8,60,1.0
2023-10-23 01:00,67.26,66.9,67.7,60,1.0
2023-10-23 02:00,67.03,66.7,67.5,60,1.0
2023-10-23 03:00,66.88,66.6,67.3,60,1.0
2023-10-23 04:00,66.71,66.4,67.2,60,1.0
2023-10-23 05:00,66.58,66.3,67.1,60,1.0
2023-10-23 06:00,66.44,66.2,67.0,60,1.0
2023-10-23 07:00,66.39,66.1,66.8,60,1.0
2023-10-23 08:00,66.35,66.1,66.8,48,0.8
2023-10-23 09:00,66.26,66.0,66.8,56,0.933
2023-10-23 10:00,66.21,65.8,66.7,60,1.0
2023-10-23 11:00,66.06,65.7,66.4,60,1.0
2023-10-23 12:00,65.81,65.4,66.3,60,1.0
2023-10-23 13:00,65.66,65.3,66.2,60,1.0
2023-10-23 14:00,65.57,65.3,66.0,60,1.0
2023-10-23 15:00,65.49,65.2,66.1,60,1.0
2023-10-23 16:00,65.44,65.1,65.9,60,1.0
2023-10-23 17:00,65.29,65.0,65.9,60,1.0
2023-10-23 18:00,65.18,64.9,65.7,60,1.0
2023-10-23 19:00,65.09,64.8,65.7,60,1.0
2023-10-23 20:00,65.01,64.7,65.5,60,1.0
2023-10-23 21:00,64.96,64.6,65.4,60,1.0
2023-10-23 22:00,64.84,64.5,65.3,60,1.0
2023-10-23 23:00,64.78,64.4,65.4,60,1.0
2023-10-24 00:00,64.64,64.3,65.2,60,1.0
2023-10-24 01:00,64.56,64.2,65.2,60,1.0
2023-10-24 02:00,64.4,64.1,64.8,60,1.0
2023-10-24 03:00,64.34,64.1,64.9,60,1.0
2023-10-24 04:00,64.28,64.0,64.8,60,1.0
2023-10-24 05:00,64.21,63.9,64.8,60,1.0
2023-10-24 06:00,64.1,63.8,64.5,60,1.0
2023-10-24 07:00,64.06,63.8,64.5,60,1.0
2023-10-24 08:00,64.14,63.8,64.6,60,1.0
2023-10-24 09:00,64.1,63.8,64.6,60,1.0
2023-10-24 10:00,64.15,63.8,64.6,60,1.0
2023-10-24 11:00,63.99,63.7,64.5,60,1.0
2023-10-24 12:00,63.94,63.6,64.4,60,1.0
2023-10-24 13:00,63.93,63.5,64.4,60,1.0
2023-10-24 14:00,63.77,63.5,64.3,60,1.0
2023-10-24 15:00,63.75,63.4,64.2,60,1.0
2023-10-24 16:00,63.73,63.3,64.3,60,1.0
2023-10-24 17:00,63.66,63.3,64.2,51,0.85
2023-10-24 18:00,63.7,63.3,64.1,46,0.767
2023-10-24 19:00,63.55,63.3,64.0,59,0.983
2023-10-24 20:00,63.6,63.3,64.1,58,0.967
2023-10-24 21:00,63.55,63.2,64.1,60,1.0
2023-10-24 22:00,63.53,63.1,64.1,60,1.0
2023-10-24 23:00,63.34,63.1,63.9,60,1.0
2023-10-25 00:00,63.45,63.1,64.0,60,1.0
2023-10-25 01:00,63.87,63.5,64.4,60,1.0
2023-10-25 02:00,64.21,63.9,64.6,60,1.0
2023-10-25 03:00,64.39,64.1,64.8,60,1.0
2023-10-25 04:00,64.4,64.1,65.0,60,1.0
2023-10-25 05:00,64.62,64.2,65.3,60,1.0
2023-10-25 06:00,65.04,64.6,65.6,60,1.0
2023-10-25 07:00,65.49,65.1,66.0,60,1.0
2023-10-25 08:00,65.72,65.4,66.4,60,1.0
2023-10-25 09:00,66.7,65.9,67.6,60,1.0
2023-10-25 10:00,67.91,67.2,68.5,60,1.0
2023-10-25 11:00,68.32,68.0,68.8,60,1.0
2023-10-25 12:00,68.35,68.0,68.9,60,1.0
2023-10-25 13:00,68.58,68.3,69.0,60,1.0
2023-10-25 14:00,68.68,68.3,69.1,60,1.0
2023-10-25 15:00,68.63,68.5,69.1,60,1.0
2023-10-25 16:00,68.65,68.3,69.4,60,1.0
2023-10-25 17:00,68.4,68.1,68.8,60,1.0
2023-10-25 18:00,68.23,67.9,68.6,60,1.0
2023-10-25 19:00,68.12,67.8,68.5,60,1.0
2023-10-25 20:00,68.07,67.7,68.6,60,1.0
2023-10-25 21:00,67.92,67.6,68.3,60,1.0
2023-10-25 22:00,67.76,67.5,68.2,60,1.0
2023-10-25 23:00,67.63,67.3,68.0,60,1.0
2023-10-26 00:00,67.47,67.2,67.9,60,1.0
2023-10-26 01:00,67.36,67.1,67.8,60,1.0
2023-10-26 02:00,67.4,67.1,67.8,60,1.0
2023-10-26 03:00,68.35,67.1,73.0,60,1.0
2023-10-26 04:00,74.13,72.6,74.7,60,1.0
2023-10-26 05:00,74.25,74.0,74.9,60,1.0
2023-10-26 06:00,74.14,73.8,75.2,58,0.967
2023-10-26 07:00,76.41,75.0,77.1,48,0.8
2023-10-26 08:00,75.93,75.4,76.6,60,1.0
2023-10-26 09:00,75.26,74.8,75.9,60,1.0
2023-10-26 10:00,74.56,74.1,75.3,60,1.0
2023-10-26 11:00,73.96,73.6,74.5,60,1.0
2023-10-26 12:00,73.41,73.0,74.1,60,1.0
2023-10-26 13:00,72.97,72.6,73.5,60,1.0
2023-10-26 14:00,72.51,72.2,73.0,60,1.0
2023-10-26 15:00,72.24,71.9,72.7,60,1.0
2023-10-26 16:00,71.94,71.5,72.4,60,1.0
2023-10-26 17:00,71.6,71.4,72.2,60,1.0
2023-10-26 18:00,71.44,71.0,71.9,60,1.0
2023-10-26 19:00,71.18,70.9,71.9,60,1.0
2023-10-26 20:00,70.99,70.6,71.5,60,1.0
2023-10-26 21:00,70.8,70.5,71.3,60,1.0
2023-10-26 22:00,70.61,70.3,71.2,60,1.0
2023-10-26 23:00,70.46,70.2,70.9,60,1.0
2023-10-27 00:00,70.24,69.9,70.9,60,1.0
2023-10-27 01:00,71.12,70.0,72.7,60,1.0
2023-10-27 02:00,72.65,72.2,73.0,60,1.0
2023-10-27 03:00,72.97,72.3,73.7,60,1.0
2023-10-27 04:00,73.45,73.2,73.9,60,1.0
2023-10-27 05:00,73.28,73.0,73.8,60,1.0
2023-10-27 06:00,72.92,72.7,73.5,60,1.0
2023-10-27 07:00,72.99,72.7,73.4,60,1.0
2023-10-27 08:00,73.1,72.8,73.6,60,1.0
2023-10-27 09:00,72.84,72.5,73.3,60,1.0
2023-10-27 10:00,72.57,72.3,73.1,46,0.767
2023-10-27 11:00,74.11,72.7,75.3,47,0.783
2023-10-27 12:00,74.79,74.6,75.3,57,0.95
2023-10-27 13:00,74.82,74.5,75.3,60,1.0
2023-10-27 14:00,74.49,74.1,75.1,60,1.0
2023-10-27 15:00,74.09,73.7,74.7,60,1.0
2023-10-27 16:00,73.82,73.4,74.3,60,1.0
2023-10-27 17:00,73.34,73.0,73.9,60,1.0
2023-10-27 18:00,73.04,72.7,73.7,60,1.0
2023-10-27 19:00,72.8,72.4,73.3,60,1.0
2023-10-27 20:00,72.54,72.2,73.0,60,1.0
2023-10-27 21:00,72.34,72.0,73.0,59,0.983
2023-10-27 22:00,72.11,71.7,72.6,59,0.983
2023-10-27 23:00,71.93,71.5,72.5,59,0.983
2023-10-28 00:00,71.64,71.3,72.1,60,1.0
2023-10-28 01:00,71.52,71.2,71.9,60,1.0
2023-10-28 02:00,71.37,71.0,71.8,59,0.983
2023-10-28 03:00,71.15,70.8,71.6,60,1.0
2023-10-28 04:00,70.97,70.6,71.4,60,1.0
2023-10-28 05:00,70.86,70.5,71.5,60,1.0
2023-10-28 06:00,70.71,70.4,71.1,60,1.0
2023-10-28 07:00,70.61,70.2,71.1,58,0.967
2023-10-28 08:00,70.4,70.1,71.0,60,1.0
2023-10-28 09:00,70.22,70.0,70.7,60,1.0
2023-10-28 10:00,70.09,69.8,70.5,60,1.0
2023-10-28 11:00,70.0,69.7,70.6,60,1.0
2023-10-28 12:00,69.71,69.5,70.2,60,1.0
2023-10-28 13:00,70.07,69.5,70.9,60,1.0
2023-10-28 14:00,70.43,70.1,71.0,60,1.0
2023-10-28 15:00,70.37,70.0,70.9,60,1.0
2023-10-28 16:00,70.23,69.9,70.7,60,1.0
2023-10-28 17:00,70.09,69.8,70.5,60,1.0
2023-10-28 18:00,69.83,69.6,70.6,60,1.0
2023-10-28 19:00,69.66,69.5,70.1,60,1.0
2023-10-28 20:00,69.54,69.3,70.0,60,1.0
2023-10-28 21:00,69.48,69.2,70.0,60,1.0
2023-10-28 22:00,69.35,69.0,69.8,60,1.0
2023-10-28 23:00,69.27,68.9,69.7,60,1.0
2023-10-29 00:00,69.13,68.8,69.5,60,1.0
2023-10-29 01:00,69.03,68.7,69.4,60,1.0
2023-10-29 02:00,68.9,68.5,69.3,60,1.0
2023-10-29 03:00,68.8,68.4,69.2,60,1.0
2023-10-29 04:00,68.67,68.3,69.1,60,1.0
2023-10-29 05:00,68.55,68.3,69.0,44,0.733
2023-10-29 06:00,68.43,68.2,68.9,58,0.967
2023-10-29 07:00,68.28,68.1,68.7,59,0.983
2023-10-29 08:00,68.28,68.0,68.8,60,1.0
2023-10-29 09:00,68.27,67.9,68.8,60,1.0
2023-10-29 10:00,67.97,67.7,68.4,60,1.0
2023-10-29 11:00,67.79,67.5,68.2,60,1.0
2023-10-29 12:00,67.42,67.1,67.9,60,1.0
2023-10-29 13:00,67.22,67.0,67.7,60,1.0
2023-10-29 14:00,67.13,66.9,67.6,60,1.0
2023-10-29 15:00,67.04,66.8,67.5,60,1.0
2023-10-29 16:00,67.02,66.7,67.6,60,1.0
2023-10-29 17:00,66.99,66.6,67.4,60,1.0
2023-10-29 18:00,66.84,66.5,67.3,60,1.0
2023-10-29 19:00,66.67,66.4,67.1,60,1.0
2023-10-29 20:00,66.53,66.3,67.2,60,1.0
2023-10-29 21:00,66.58,66.2,67.0,60,1.0
2023-10-29 22:00,66.45,66.1,66.9,60,1.0
2023-10-29 23:00,66.4,66.0,67.0,60,1.0
2023-10-30 00:00,66.38,66.0,66.8,60,1.0
2023-10-30 01:00,66.25,65.8,66.7,60,1.0
2023-10-30 02:00,66.17,65.8,66.7,60,1.0
2023-10-30 03:00,66.14,65.8,66.5,60,1.0
2023-10-30 04:00,66.06,65.7,66.5,60,1.0
2023-10-30 05:00,65.97,65.6,66.4,60,1.0
2023-10-30 06:00,65.87,65.5,66.4,60,1.0
2023-10-30 07:00,65.8,65.4,66.3,60,1.0
2023-10-30 08:00,65.72,65.4,66.2,60,1.0
2023-10-30 09:00,65.72,65.4,66.3,60,1.0
2023-10-30 10:00,65.73,65.4,66.2,60,1.0
2023-10-30 11:00,65.59,65.3,66.2,60,1.0
2023-10-30 12:00,65.51,65.2,66.0,60,1.0
2023-10-30 13:00,65.43,65.1,65.8,46,0.767
2023-10-30 14:00,65.38,65.1,65.8,47,0.783
2023-10-30 15:00,65.39,65.0,65.9,57,0.95
2023-10-30 16:00,65.32,65.0,65.7,47,0.783
2023-10-30 17:00,65.21,64.9,65.6,52,0.867
2023-10-30 18:00,65.17,64.8,65.8,46,0.767
2023-10-30 19:00,65.11,64.8,65.6,58,0.967
2023-10-30 20:00,65.11,64.7,65.7,60,1.0
2023-10-30 21:00,64.99,64.7,65.6,60,1.0
2023-10-30 22:00,64.95,64.7,65.4,60,1.0
2023-10-30 23:00,64.96,64.6,65.5,60,1.0
2023-10-31 00:00,65.01,64.6,65.5,60,1.0
2023-10-31 01:00,64.88,64.6,65.4,60,1.0
2023-10-31 02:00,64.89,64.6,65.3,60,1.0
2023-10-31 03:00,64.83,64.6,65.4,60,1.0
2023-10-31 04:00,64.84,64.6,65.3,60,1.0
2023-10-31 05:00,64.77,64.5,65.3,60,1.0
2023-10-31 06:00,64.82,64.5,65.2,60,1.0
2023-10-31 07:00,64.69,64.4,65.3,60,1.0
2023-10-31 08:00,64.77,64.5,65.3,60,1.0
2023-10-31 09:00,64.78,64.4,65.4,60,1.0
2023-10-31 10:00,64.72,64.4,65.2,60,1.0
2023-10-31 11:00,64.68,64.4,65.2,60,1.0
2023-10-31 12:00,64.57,64.3,65.2,60,1.0
2023-10-31 13:00,64.56,64.3,64.9,60,1.0
2023-10-31 14:00,64.58,64.3,65.0,60,1.0
2023-10-31 15:00,64.55,64.2,65.0,60,1.0
2023-10-31 16:00,64.53,64.1,65.0,60,1.0
2023-10-31 17:00,64.43,64.1,65.0,60,1.0
2023-10-31 18:00,64.43,64.1,64.9,60,1.0
2023-10-31 19:00,64.37,64.0,64.9,60,1.0
2023-10-31 20:00,64.29,63.9,64.8,60,1.0
2023-10-31 21:00,64.24,63.9,64.8,60,1.0
2023-10-31 22:00,64.11,63.8,64.5,60,1.0
2023-10-31 23:00,64.17,63.8,64.5,60,1.0
2023-11-01 00:00,64.19,63.7,64.7,60,1.0
2023-11-01 01:00,64.02,63.7,64.5,55,0.917
2023-11-01 02:00,63.97,63.6,64.6,51,0.85
2023-11-01 03:00,63.91,63.6,64.3,56,0.933
2023-11-01 04:00,63.87,63.6,64.3,60,1.0
2023-11-01 05:00,63.84,63.5,64.4,60,1.0
2023-11-01 06:00,63.79,63.5,64.2,60,1.0
2023-11-01 07:00,63.77,63.5,64.4,60,1.0
2023-11-01 08:00,63.82,63.5,64.3,60,1.0
2023-11-01 09:00,63.85,63.5,64.5,60,1.0
2023-11-01 10:00,63.8,63.5,64.4,60,1.0
2023-11-01 11:00,63.82,63.4,64.3,60,1.0
2023-11-01 12:00,63.75,63.4,64.3,60,1.0
2023-11-01 13:00,63.62,63.4,64.2,60,1.0
2023-11-01 14:00,63.65,63.3,64.2,60,1.0
2023-11-01 15:00,63.95,63.4,64.7,60,1.0
2023-11-01 16:00,65.38,64.4,66.7,60,1.0
2023-11-01 17:00,67.08,66.3,68.0,60,1.0
2023-11-01 18:00,68.12,67.6,68.8,60,1.0
2023-11-01 19:00,68.58,68.2,69.1,60,1.0
2023-11-01 20:00,68.87,68.6,69.3,60,1.0
2023-11-01 21:00,69.27,68.8,69.8,60,1.0
2023-11-01 22:00,70.29,69.5,71.2,60,1.0
2023-11-01 23:00,71.17,70.8,71.7,60,1.0
2023-11-02 00:00,71.21,70.9,71.8,60,1.0
2023-11-02 01:00,71.0,70.7,71.5,60,1.0
2023-11-02 02:00,70.77,70.5,71.2,60,1.0
2023-11-02 03:00,70.63,70.3,71.1,60,1.0
2023-11-02 04:00,70.42,70.1,70.9,60,1.0
2023-11-02 05:00,70.13,69.9,70.8,60,1.0
2023-11-02 06:00,69.96,69.7,70.4,60,1.0
2023-11-02 07:00,69.83,69.5,70.4,60,1.0
2023-11-02 08:00,69.65,69.3,70.1,60,1.0
2023-11-02 09:00,69.6,69.3,70.0,60,1.0
2023-11-02 10:00,69.4,69.0,69.9,60,1.0
2023-11-02 11:00,69.11,68.9,69.5,56,0.933
2023-11-02 12:00,68.92,68.7,69.4,48,0.8
2023-11-02 13:00,69.49,68.7,70.4,50,0.833
2023-11-02 14:00,72.99,70.2,74.3,60,1.0
2023-11-02 15:00,74.05,73.7,74.8,60,1.0
2023-11-02 16:00,73.62,73.3,74.1,60,1.0
2023-11-02 17:00,73.21,72.9,73.9,60,1.0
2023-11-02 18:00,72.83,72.5,73.3,60,1.0
2023-11-02 19:00,72.49,72.1,72.9,60,1.0
2023-11-02 20:00,72.3,71.9,72.8,60,1.0
2023-11-02 21:00,72.02,71.7,72.5,60,1.0
2023-11-02 22:00,71.74,71.4,72.2,60,1.0
2023-11-02 23:00,71.51,71.2,72.0,60,1.0
2023-11-03 00:00,71.32,71.0,71.8,60,1.0
2023-11-03 01:00,71.18,70.8,71.6,60,1.0
2023-11-03 02:00,70.86,70.6,71.4,60,1.0
2023-11-03 03:00,70.66,70.4,71.3,60,1.0
2023-11-03 04:00,71.52,70.4,74.1,60,1.0
2023-11-03 05:00,75.24,74.3,75.8,60,1.0
2023-11-03 06:00,75.07,74.5,75.8,60,1.0
2023-11-03 07:00,74.43,74.0,75.0,60,1.0
2023-11-03 08:00,73.91,73.6,74.6,60,1.0
2023-11-03 09:00,73.69,73.3,74.1,60,1.0
2023-11-03 10:00,73.69,73.4,74.2,60,1.0
2023-11-03 11:00,73.34,73.0,73.9,60,1.0
2023-11-03 12:00,73.05,72.5,73.6,60,1.0
2023-11-03 13:00,72.67,72.3,73.2,60,1.0
2023-11-03 14:00,72.41,72.1,73.0,60,1.0
2023-11-03 15:00,72.16,71.7,72.7,60,1.0
2023-11-03 16:00,71.92,71.5,72.3,60,1.0
2023-11-03 17:00,71.62,71.3,72.0,60,1.0
2023-11-03 18:00,71.44,71.1,72.0,60,1.0
2023-11-03 19:00,71.27,70.9,71.8,52,0.867
2023-11-03 20:00,71.19,70.8,71.7,51,0.85
2023-11-03 21:00,71.08,70.7,71.5,60,1.0
2023-11-03 22:00,70.84,70.6,71.3,60,1.0
2023-11-03 23:00,70.73,70.5,71.3,60,1.0
2023-11-04 00:00,70.64,70.4,71.2,60,1.0
2023-11-04 01:00,70.49,70.3,70.9,60,1.0
2023-11-04 02:00,70.47,70.2,70.9,60,1.0
2023-11-04 03:00,70.45,70.2,70.9,60,1.0
2023-11-04 04:00,70.62,70.3,71.1,60,1.0
2023-11-04 05:00,70.61,70.3,71.2,60,1.0
2023-11-04 06:00,70.8,70.5,71.2,60,1.0
2023-11-04 07:00,70.73,70.5,71.2,60,1.0
2023-11-04 08:00,71.02,70.7,71.5,60,1.0
2023-11-04 09:00,71.1,70.9,71.6,60,1.0
2023-11-04 10:00,70.88,70.6,71.6,60,1.0
2023-11-04 11:00,70.77,70.4,71.2,60,1.0
2023-11-04 12:00,70.43,70.2,70.8,60,1.0
2023-11-04 13:00,70.34,70.1,70.9,60,1.0
2023-11-04 14:00,70.16,69.9,70.7,60,1.0
2023-11-04 15:00,70.1,69.8,70.4,60,1.0
2023-11-04 16:00,70.01,69.6,70.4,60,1.0
2023-11-04 17:00,69.86,69.6,70.3,60,1.0
2023-11-04 18:00,69.7,69.4,70.1,60,1.0
2023-11-04 19:00,69.5,69.3,70.0,60,1.0
2023-11-04 20:00,69.42,69.2,69.8,60,1.0
2023-11-04 21:00,69.39,69.1,69.9,60,1.0
2023-11-04 22:00,69.2,69.0,69.7,60,1.0
2023-11-04 23:00,69.09,68.9,69.7,60,1.0
2023-11-05 00:00,69.23,68.8,70.0,60,1.0
2023-11-05 01:00,69.96,69.3,70.6,60,1.0
2023-11-05 02:00,70.51,70.1,70.9,60,1.0
2023-11-05 03:00,70.81,70.4,71.4,60,1.0
2023-11-05 04:00,70.97,70.7,71.5,60,1.0
2023-11-05 05:00,70.74,70.5,71.2,60,1.0
2023-11-05 06:00,70.65,70.4,71.0,60,1.0
2023-11-05 07:00,70.41,70.1,70.9,59,0.983
2023-11-05 08:00,70.19,69.9,70.6,48,0.8
2023-11-05 09:00,70.0,69.8,70.6,60,1.0
2023-11-05 10:00,69.83,69.5,70.3,60,1.0
2023-11-05 11:00,69.72,69.4,70.3,60,1.0
2023-11-05 12:00,72.63,69.4,75.3,60,1.0
2023-11-05 13:00,75.14,74.8,75.7,60,1.0
2023-11-05 14:00,75.25,74.7,75.8,60,1.0
2023-11-05 15:00,75.0,74.5,75.6,60,1.0
2023-11-05 16:00,74.38,74.0,75.0,60,1.0
2023-11-05 17:00,74.01,73.6,74.5,60,1.0
2023-11-05 18:00,73.69,73.2,74.2,60,1.0
2023-11-05 19:00,73.28,72.9,73.7,60,1.0
2023-11-05 20:00,73.04,72.6,73.5,60,1.0
2023-11-05 21:00,72.7,72.3,73.3,60,1.0
2023-11-05 22:00,72.41,72.1,72.8,60,1.0
2023-11-05 23:00,72.17,71.9,72.8,60,1.0
2023-11-06 00:00,71.94,71.7,72.5,60,1.0
2023-11-06 01:00,71.68,71.5,72.1,60,1.0
2023-11-06 02:00,71.58,71.3,72.2,60,1.0
2023-11-06 03:00,71.35,71.1,71.8,60,1.0
2023-11-06 04:00,71.14,70.9,71.6,60,1.0
2023-11-06 05:00,71.04,70.8,71.5,60,1.0
2023-11-06 06:00,70.86,70.7,71.4,60,1.0
2023-11-06 07:00,70.73,70.5,71.1,60,1.0
2023-11-06 08:00,70.71,70.4,71.1,60,1.0
2023-11-06 09:00,70.58,70.3,71.0,60,1.0
2023-11-06 10:00,70.33,70.0,70.9,60,1.0
2023-11-06 11:00,70.06,69.8,70.5,60,1.0
2023-11-06 12:00,69.82,69.5,70.3,60,1.0
2023-11-06 13:00,69.5,69.2,70.1,60,1.0
2023-11-06 14:00,69.38,69.1,69.9,60,1.0
2023-11-06 15:00,69.26,68.9,69.6,60,1.0
2023-11-06 16:00,69.14,68.8,69.6,52,0.867
2023-11-06 17:00,68.86,68.6,69.4,56,0.933
2023-11-06 18:00,68.84,68.6,69.3,59,0.983
2023-11-06 19:00,68.75,68.4,69.2,60,1.0
2023-11-06 20:00,68.69,68.3,69.2,60,1.0
2023-11-06 21:00,68.61,68.2,69.1,60,1.0
2023-11-06 22:00,68.57,68.1,69.0,59,0.983
2023-11-06 23:00,68.41,68.1,68.8,60,1.0
2023-11-07 00:00,68.36,68.0,68.8,60,1.0
2023-11-07 01:00,68.28,67.9,68.7,60,1.0
2023-11-07 02:00,68.18,67.8,68.8,60,1.0
2023-11-07 03:00,68.09,67.7,68.5,60,1.0
2023-11-07 04:00,68.05,67.6,68.4,60,1.0
2023-11-07 05:00,67.9,67.6,68.4,60,1.0
2023-11-07 06:00,67.81,67.5,68.2,60,1.0
2023-11-07 07:00,67.86,67.5,68.3,60,1.0
2023-11-07 08:00,67.8,67.5,68.2,60,1.0
2023-11-07 09:00,67.73,67.5,68.2,60,1.0
2023-11-07 10:00,67.8,67.5,68.2,60,1.0
2023-11-07 11:00,67.79,67.4,68.2,60,1.0
2023-11-07 12:00,68.03,67.4,68.5,60,1.0
2023-11-07 13:00,68.37,68.1,68.9,60,1.0
2023-11-07 14:00,68.53,68.3,69.1,60,1.0
2023-11-07 15:00,68.56,68.3,69.0,60,1.0
2023-11-07 16:00,68.73,68.5,69.2,60,1.0
2023-11-07 17:00,68.75,68.4,69.2,60,1.0
2023-11-07 18:00,68.79,68.5,69.2,60,1.0
2023-11-07 19:00,68.82,68.5,69.2,55,0.917
2023-11-07 20:00,68.81,68.5,69.3,51,0.85
2023-11-07 21:00,68.82,68.6,69.3,59,0.983
2023-11-07 22:00,68.68,68.4,69.1,60,1.0
2023-11-07 23:00,68.58,68.3,69.0,60,1.0
2023-11-08 00:00,68.32,68.1,68.9,60,1.0
2023-11-08 01:00,68.24,67.9,68.7,60,1.0
2023-11-08 02:00,68.17,67.8,68.7,60,1.0
2023-11-08 03:00,68.11,67.7,68.8,60,1.0
2023-11-08 04:00,68.81,68.3,69.5,60,1.0
2023-11-08 05:00,69.49,69.0,70.0,60,1.0
2023-11-08 06:00,69.73,69.4,70.1,60,1.0
2023-11-08 07:00,69.67,69.4,70.0,60,1.0
2023-11-08 08:00,69.64,69.3,70.0,60,1.0
2023-11-08 09:00,69.66,69.2,70.1,60,1.0
2023-11-08 10:00,69.94,69.6,70.3,60,1.0
2023-11-08 11:00,70.02,69.7,70.4,60,1.0
2023-11-08 12:00,69.94,69.6,70.4,60,1.0
2023-11-08 13:00,69.94,69.5,70.3,60,1.0
2023-11-08 14:00,69.78,69.3,70.2,60,1.0
2023-11-08 15:00,69.66,69.3,70.0,60,1.0
2023-11-08 16:00,69.45,69.1,69.9,60,1.0
2023-11-08 17:00,69.3,69.0,69.7,60,1.0
2023-11-08 18:00,69.12,68.9,69.6,60,1.0
2023-11-08 19:00,68.98,68.8,69.5,60,1.0
2023-11-08 20:00,68.84,68.7,69.4,59,0.983
2023-11-08 21:00,68.79,68.5,69.2,60,1.0
2023-11-08 22:00,68.67,68.5,69.1,60,1.0
2023-11-08 23:00,68.6,68.3,69.0,60,1.0
2023-11-09 00:00,68.46,68.2,68.9,60,1.0
2023-11-09 01:00,68.41,68.1,68.8,60,1.0
2023-11-09 02:00,68.3,68.0,68.9,60,1.0
2023-11-09 03:00,68.23,67.9,68.7,60,1.0
2023-11-09 04:00,68.1,67.9,68.4,60,1.0
2023-11-09 05:00,68.05,67.7,68.5,60,1.0
2023-11-09 06:00,67.94,67.7,68.3,60,1.0
2023-11-09 07:00,67.9,67.6,68.2,52,0.867
2023-11-09 08:00,67.82,67.6,68.2,50,0.833
2023-11-09 09:00,67.81,67.5,68.3,60,1.0
2023-11-09 10:00,67.68,67.4,68.2,60,1.0
2023-11-09 11:00,67.56,67.3,68.0,60,1.0
2023-11-09 12:00,67.51,67.2,67.9,60,1.0
2023-11-09 13:00,67.37,67.1,67.9,60,1.0
2023-11-09 14:00,67.24,67.0,67.7,60,1.0
2023-11-09 15:00,67.18,66.9,67.7,58,0.967
2023-11-09 16:00,67.06,66.8,67.5,60,1.0
2023-11-09 17:00,67.03,66.7,67.5,59,0.983
2023-11-09 18:00,67.04,66.7,67.4,60,1.0
2023-11-09 19:00,67.01,66.6,67.5,60,1.0
2023-11-09 20:00,66.84,66.5,67.4,50,0.833
2023-11-09 21:00,66.78,66.4,67.1,60,1.0
2023-11-09 22:00,66.65,66.4,67.1,60,1.0
2023-11-09 23:00,66.51,66.3,67.0,60,1.0
2023-11-10 00:00,66.56,66.3,67.0,60,1.0
2023-11-10 01:00,67.08,66.5,67.6,60,1.0
2023-11-10 02:00,67.25,66.9,67.7,60,1.0
2023-11-10 03:00,67.33,67.0,67.7,60,1.0
2023-11-10 04:00,68.25,67.4,69.0,59,0.983
2023-11-10 05:00,69.17,68.7,69.7,60,1.0
2023-11-10 06:00,70.0,69.3,70.9,58,0.967
2023-11-10 07:00,71.76,70.7,73.0,60,1.0
2023-11-10 08:00,72.89,72.5,73.4,59,0.983
2023-11-10 09:00,72.67,72.3,73.2,59,0.983
2023-11-10 10:00,72.44,72.2,72.9,60,1.0
2023-11-10 11:00,72.17,71.9,72.7,60,1.0
2023-11-10 12:00,71.97,71.6,72.4,60,1.0
2023-11-10 13:00,71.72,71.4,72.1,60,1.0
2023-11-10 14:00,72.03,71.6,72.5,60,1.0
2023-11-10 15:00,71.9,71.7,72.5,60,1.0
2023-11-10 16:00,71.69,71.4,72.2,60,1.0
2023-11-10 17:00,71.45,71.3,71.9,60,1.0
2023-11-10 18:00,71.35,71.0,71.8,60,1.0
2023-11-10 19:00,71.26,70.8,71.7,60,1.0
2023-11-10 20:00,71.09,70.7,71.5,60,1.0
2023-11-10 21:00,72.06,70.7,74.1,60,1.0
2023-11-10 22:00,74.94,74.1,75.5,60,1.0
2023-11-10 23:00,74.7,74.2,75.2,60,1.0
2023-11-11 00:00,74.23,73.8,74.8,55,0.917
2023-11-11 01:00,73.65,73.3,74.1,50,0.833
2023-11-11 02:00,73.42,72.9,73.9,60,1.0
2023-11-11 03:00,73.14,72.8,73.6,60,1.0
2023-11-11 04:00,73.06,72.7,74.1,60,1.0
2023-11-11 05:00,74.28,73.4,75.0,60,1.0
2023-11-11 06:00,74.23,74.0,74.6,60,1.0
2023-11-11 07:00,73.91,73.6,74.4,60,1.0
2023-11-11 08:00,73.59,73.3,74.0,60,1.0
2023-11-11 09:00,73.3,73.0,73.8,60,1.0
2023-11-11 10:00,72.93,72.7,73.5,60,1.0
2023-11-11 11:00,72.72,72.5,73.2,60,1.0
2023-11-11 12:00,72.46,72.2,73.0,60,1.0
2023-11-11 13:00,72.35,72.0,72.8,60,1.0
2023-11-11 14:00,72.13,71.7,72.6,60,1.0
2023-11-11 15:00,71.94,71.6,72.4,60,1.0
2023-11-11 16:00,71.84,71.4,72.2,60,1.0
2023-11-11 17:00,71.62,71.3,72.0,60,1.0
2023-11-11 18:00,71.45,71.1,71.9,60,1.0
2023-11-11 19:00,71.2,70.9,71.7,60,1.0
2023-11-11 20:00,71.07,70.8,71.6,60,1.0
2023-11-11 21:00,70.84,70.6,71.4,60,1.0
2023-11-11 22:00,70.7,70.5,71.2,60,1.0
2023-11-11 23:00,70.82,70.5,71.3,60,1.0
2023-11-12 00:00,70.7,70.5,71.3,60,1.0
2023-11-12 01:00,70.61,70.4,71.0,60,1.0
2023-11-12 02:00,70.56,70.3,71.0,60,1.0
2023-11-12 03:00,70.44,70.2,70.9,60,1.0
2023-11-12 04:00,70.26,70.1,70.7,60,1.0
2023-11-12 05:00,70.36,70.1,70.8,50,0.833
2023-11-12 06:00,70.34,70.1,71.0,48,0.8
2023-11-12 07:00,70.15,69.9,70.6,51,0.85
2023-11-12 08:00,70.17,69.9,70.5,60,1.0
2023-11-12 09:00,70.02,69.7,70.4,59,0.983
2023-11-12 10:00,69.89,69.7,70.3,60,1.0
2023-11-12 11:00,69.97,69.7,70.4,55,0.917
2023-11-12 12:00,69.97,69.7,70.4,60,1.0
2023-11-12 13:00,70.44,69.8,71.3,60,1.0
2023-11-12 14:00,71.9,71.0,72.9,60,1.0
2023-11-12 15:00,72.8,72.4,73.4,60,1.0
2023-11-12 16:00,73.51,73.0,73.9,60,1.0
2023-11-12 17:00,73.28,72.9,73.8,60,1.0
2023-11-12 18:00,72.97,72.8,73.7,60,1.0
2023-11-12 19:00,73.31,73.1,73.8,60,1.0
2023-11-12 20:00,73.07,72.8,73.6,60,1.0
2023-11-12 21:00,72.78,72.5,73.3,60,1.0
2023-11-12 22:00,72.57,72.2,73.1,60,1.0
2023-11-12 23:00,72.2,71.9,72.7,60,1.0
2023-11-13 00:00,72.06,71.7,72.5,60,1.0
2023-11-13 01:00,71.89,71.5,72.2,59,0.983
2023-11-13 02:00,71.62,71.3,72.0,59,0.983
2023-11-13 03:00,71.46,71.0,71.8,60,1.0
2023-11-13 04:00,71.23,70.9,71.7,60,1.0
2023-11-13 05:00,71.0,70.7,71.5,60,1.0
2023-11-13 06:00,70.8,70.5,71.4,60,1.0
2023-11-13 07:00,70.68,70.4,71.1,60,1.0
2023-11-13 08:00,70.6,70.3,71.0,59,0.983
2023-11-13 09:00,70.38,70.1,70.8,60,1.0
2023-11-13 10:00,70.18,69.9,70.7,60,1.0
2023-11-13 11:00,70.0,69.6,70.3,58,0.967
2023-11-13 12:00,69.78,69.5,70.3,60,1.0
2023-11-13 13:00,69.63,69.4,70.2,59,0.983
2023-11-13 14:00,69.63,69.2,70.3,60,1.0
2023-11-13 15:00,69.41,69.1,69.9,60,1.0
2023-11-13 16:00,69.19,69.0,69.6,60,1.0
2023-11-13 17:00,69.1,68.9,69.7,60,1.0
2023-11-13 18:00,68.99,68.8,69.5,60,1.0
2023-11-13 19:00,69.05,68.7,69.5,60,1.0
2023-11-13 20:00,68.96,68.6,69.5,60,1.0
2023-11-13 21:00,68.83,68.5,69.3,60,1.0
2023-11-13 22:00,68.74,68.4,69.3,60,1.0
2023-11-13 23:00,68.55,68.3,69.0,60,1.0
2023-11-14 00:00,68.49,68.2,69.0,60,1.0
2023-11-14 01:00,68.5,68.2,68.9,60,1.0
2023-11-14 02:00,68.42,68.1,68.8,60,1.0
2023-11-14 03:00,68.31,67.9,68.7,60,1.0
2023-11-14 04:00,68.25,67.8,68.6,59,0.983
2023-11-14 05:00,68.14,67.9,68.5,59,0.983
2023-11-14 06:00,68.17,67.8,68.5,60,1.0
2023-11-14 07:00,68.03,67.6,68.4,60,1.0
2023-11-14 08:00,67.91,67.6,68.3,60,1.0
2023-11-14 09:00,67.82,67.6,68.4,60,1.0
2023-11-14 10:00,67.85,67.5,68.3,56,0.933
2023-11-14 11:00,67.72,67.4,68.1,57,0.95
2023-11-14 12:00,67.62,67.3,68.0,52,0.867
2023-11-14 13:00,67.65,67.3,68.0,54,0.9
2023-11-14 14:00,67.52,67.2,67.8,57,0.95
2023-11-14 15:00,67.38,67.1,67.8,59,0.983
2023-11-14 16:00,67.24,67.0,67.6,60,1.0
2023-11-14 17:00,67.18,67.0,67.6,58,0.967
2023-11-14 18:00,67.18,66.9,67.6,60,1.0
2023-11-14 19:00,67.14,66.8,67.5,59,0.983
2023-11-14 20:00,67.05,66.7,67.4,58,0.967
2023-11-14 21:00,66.88,66.7,67.2,60,1.0
2023-11-14 22:00,66.81,66.6,67.2,60,1.0
2023-11-14 23:00,66.73,66.5,67.3,59,0.983
2023-11-15 00:00,66.71,66.4,67.1,59,0.983
2023-11-15 01:00,66.67,66.4,67.2,60,1.0
2023-11-15 02:00,66.6,66.3,67.2,60,1.0
2023-11-15 03:00,66.48,66.3,66.9,60,1.0
2023-11-15 04:00,66.44,66.2,66.9,60,1.0
2023-11-15 05:00,66.48,66.2,66.9,60,1.0
2023-11-15 06:00,66.43,66.1,67.0,60,1.0
2023-11-15 07:00,66.35,66.1,66.9,59,0.983
2023-11-15 08:00,66.36,66.1,66.8,60,1.0
2023-11-15 09:00,66.4,66.0,66.8,60,1.0
2023-11-15 10:00,66.31,66.0,66.9,60,1.0
2023-11-15 11:00,66.2,66.0,66.6,60,1.0
2023-11-15 12:00,66.08,65.9,66.5,59,0.983
2023-11-15 13:00,65.99,65.8,66.3,59,0.983
2023-11-15 14:00,66.09,65.7,66.6,58,0.967
2023-11-15 15:00,66.0,65.6,66.5,60,1.0
2023-11-15 16:00,65.91,65.6,66.3,60,1.0
2023-11-15 17:00,65.7,65.5,66.1,60,1.0
2023-11-15 18:00,65.75,65.5,66.2,60,1.0
2023-11-15 19:00,65.78,65.5,66.2,60,1.0
2023-11-15 20:00,65.72,65.4,66.2,60,1.0
2023-11-15 21:00,65.68,65.4,66.1,60,1.0
2023-11-15 22:00,65.64,65.3,66.1,60,1.0
2023-11-15 23:00,65.6,65.3,66.1,60,1.0
2023-11-16 00:00,65.59,65.2,65.9,56,0.933
2023-11-16 01:00,65.42,65.2,65.9,47,0.783
2023-11-16 02:00,65.48,65.1,66.0,60,1.0
2023-11-16 03:00,65.39,65.0,65.8,60,1.0
2023-11-16 04:00,65.24,65.0,65.7,60,1.0
2023-11-16 05:00,65.12,64.9,65.5,60,1.0
2023-11-16 06:00,65.06,64.8,65.6,60,1.0
2023-11-16 07:00,64.97,64.8,65.7,60,1.0
2023-11-16 08:00,65.04,64.8,65.6,60,1.0
2023-11-16 09:00,65.08,64.8,65.5,60,1.0
2023-11-16 10:00,64.95,64.6,65.5,60,1.0
2023-11-16 11:00,65.01,64.6,65.5,60,1.0
2023-11-16 12:00,64.86,64.5,65.4,60,1.0
2023-11-16 13:00,64.79,64.5,65.3,60,1.0
2023-11-16 14:00,64.68,64.4,65.1,60,1.0
2023-11-16 15:00,64.61,64.4,65.0,60,1.0
2023-11-16 16:00,64.59,64.3,65.1,60,1.0
2023-11-16 17:00,64.62,64.3,65.1,60,1.0
2023-11-16 18:00,64.61,64.3,65.0,60,1.0
2023-11-16 19:00,64.55,64.3,65.0,60,1.0
2023-11-16 20:00,64.51,64.2,64.9,60,1.0
2023-11-16 21:00,64.48,64.1,64.9,60,1.0
2023-11-16 22:00,64.42,64.1,64.9,60,1.0
2023-11-16 23:00,64.39,64.1,64.9,60,1.0
2023-11-17 00:00,64.38,64.1,64.8,60,1.0
2023-11-17 01:00,64.47,64.1,64.9,60,1.0
2023-11-17 02:00,64.44,64.1,64.8,60,1.0
2023-11-17 03:00,64.48,64.1,65.0,60,1.0
2023-11-17 04:00,64.47,64.1,64.9,60,1.0
2023-11-17 05:00,64.45,64.1,64.9,60,1.0
2023-11-17 06:00,64.37,64.1,64.8,60,1.0
2023-11-17 07:00,64.43,64.1,64.9,60,1.0
2023-11-17 08:00,64.34,64.1,65.1,60,1.0
2023-11-17 09:00,64.58,64.2,65.0,60,1.0
2023-11-17 10:00,65.26,64.4,65.9,60,1.0
2023-11-17 11:00,65.94,65.5,66.5,51,0.85
2023-11-17 12:00,66.21,66.0,66.6,55,0.917
2023-11-17 13:00,66.27,66.0,66.7,60,1.0
2023-11-17 14:00,66.14,66.0,66.6,60,1.0
2023-11-17 15:00,66.13,65.9,66.5,60,1.0
2023-11-17 16:00,66.15,65.8,66.6,60,1.0
2023-11-17 17:00,66.14,65.8,66.5,60,1.0
2023-11-17 18:00,66.08,65.8,66.5,60,1.0
2023-11-17 19:00,66.02,65.8,66.5,60,1.0
2023-11-17 20:00,65.97,65.7,66.5,60,1.0
2023-11-17 21:00,65.91,65.7,66.4,60,1.0
2023-11-17 22:00,65.83,65.6,66.3,60,1.0
2023-11-17 23:00,65.71,65.5,66.1,59,0.983
2023-11-18 00:00,65.46,65.2,65.9,60,1.0
2023-11-18 01:00,65.41,65.0,65.8,60,1.0
2023-11-18 02:00,65.15,64.8,65.7,57,0.95
2023-11-18 03:00,65.01,64.7,65.4,59,0.983
2023-11-18 04:00,64.88,64.6,65.2,60,1.0
2023-11-18 05:00,64.78,64.5,65.1,60,1.0
2023-11-18 06:00,64.71,64.4,65.2,60,1.0
2023-11-18 07:00,64.5,64.1,65.0,60,1.0
2023-11-18 08:00,64.48,64.2,64.9,60,1.0
2023-11-18 09:00,64.43,64.0,64.8,60,1.0
2023-11-18 10:00,64.33,64.0,64.8,60,1.0
2023-11-18 11:00,64.32,64.0,64.8,60,1.0
2023-11-18 12:00,64.15,63.9,64.7,60,1.0
2023-11-18 13:00,64.11,63.8,64.5,60,1.0
2023-11-18 14:00,64.11,63.8,64.5,60,1.0
2023-11-18 15:00,64.14,63.8,64.6,60,1.0
2023-11-18 16:00,64.0,63.7,64.6,60,1.0
2023-11-18 17:00,63.9,63.6,64.3,57,0.95
2023-11-18 18:00,63.95,63.6,64.4,46,0.767
2023-11-18 19:00,63.89,63.6,64.4,59,0.983
2023-11-18 20:00,63.9,63.5,64.4,54,0.9
2023-11-18 21:00,63.8,63.5,64.2,56,0.933
2023-11-18 22:00,63.79,63.5,64.3,60,1.0
2023-11-18 23:00,63.77,63.4,64.2,60,1.0
2023-11-19 00:00,63.72,63.4,64.2,60,1.0
2023-11-19 01:00,63.71,63.4,64.2,60,1.0
2023-11-19 02:00,63.64,63.3,64.1,60,1.0
2023-11-19 03:00,63.68,63.4,64.2,60,1.0
2023-11-19 04:00,63.62,63.3,64.1,60,1.0
2023-11-19 05:00,63.59,63.3,64.1,60,1.0
2023-11-19 06:00,63.58,63.3,64.1,60,1.0
2023-11-19 07:00,63.53,63.2,64.1,60,1.0
2023-11-19 08:00,63.54,63.2,64.0,60,1.0
2023-11-19 09:00,63.62,63.2,64.0,60,1.0
2023-11-19 10:00,63.64,63.2,64.1,60,1.0
2023-11-19 11:00,63.51,63.2,63.9,60,1.0
2023-11-19 12:00,63.5,63.2,64.1,60,1.0
2023-11-19 13:00,63.47,63.1,63.9,60,1.0
2023-11-19 14:00,63.54,63.2,64.0,60,1.0
2023-11-19 15:00,63.53,63.1,64.0,60,1.0
2023-11-19 16:00,63.52,63.1,64.0,60,1.0
2023-11-19 17:00,63.46,63.1,63.9,60,1.0
2023-11-19 18:00,63.42,63.0,64.0,60,1.0
2023-11-19 19:00,63.33,63.0,63.7,60,1.0
2023-11-19 20:00,63.36,63.0,63.8,60,1.0
2023-11-19 21:00,63.36,63.0,63.9,60,1.0
2023-11-19 22:00,63.31,63.0,63.7,60,1.0
2023-11-19 23:00,63.28,63.0,63.8,60,1.0
2023-11-20 00:00,63.3,62.9,63.8,60,1.0
2023-11-20 01:00,63.27,62.9,63.7,60,1.0
2023-11-20 02:00,63.2,62.9,63.7,60,1.0
2023-11-20 03:00,63.16,62.9,63.6,60,1.0
2023-11-20 04:00,63.23,62.9,63.7,60,1.0
2023-11-20 05:00,63.22,62.8,63.7,60,1.0
2023-11-20 06:00,63.2,62.9,63.7,60,1.0
2023-11-20 07:00,63.1,62.8,63.5,60,1.0
2023-11-20 08:00,63.18,62.8,63.7,60,1.0
2023-11-20 09:00,63.24,62.8,63.7,60,1.0
2023-11-20 10:00,63.26,62.8,63.7,60,1.0
2023-11-20 11:00,63.24,62.9,63.6,60,1.0
2023-11-20 12:00,63.22,62.8,63.6,60,1.0
2023-11-20 13:00,63.21,62.8,63.6,60,1.0
2023-11-20 14:00,63.11,62.8,63.5,59,0.983
2023-11-20 15:00,62.96,62.7,63.5,60,1.0
2023-11-20 16:00,62.97,62.7,63.4,60,1.0
2023-11-20 17:00,63.0,62.7,63.5,60,1.0
2023-11-20 18:00,63.05,62.7,63.4,57,0.95
2023-11-20 19:00,62.88,62.7,63.2,54,0.9
2023-11-20 20:00,62.87,62.6,63.3,60,1.0
2023-11-20 21:00,62.86,62.6,63.3,60,1.0
2023-11-20 22:00,62.82,62.5,63.3,60,1.0
2023-11-20 23:00,62.89,62.6,63.3,60,1.0
2023-11-21 00:00,62.89,62.5,63.5,60,1.0
2023-11-21 01:00,62.84,62.5,63.2,60,1.0
2023-11-21 02:00,62.82,62.5,63.4,60,1.0
2023-11-21 03:00,62.83,62.5,63.2,60,1.0
2023-11-21 04:00,62.79,62.4,63.3,60,1.0
2023-11-21 05:00,62.79,62.4,63.2,60,1.0
2023-11-21 06:00,62.76,62.4,63.2,60,1.0
2023-11-21 07:00,62.7,62.3,63.1,60,1.0
2023-11-21 08:00,62.72,62.4,63.1,60,1.0
2023-11-21 09:00,62.75,62.4,63.2,60,1.0
2023-11-21 10:00,62.8,62.4,63.2,60,1.0
2023-11-21 11:00,62.71,62.4,63.2,60,1.0
2023-11-21 12:00,62.58,62.3,63.0,60,1.0
2023-11-21 13:00,62.61,62.4,63.1,60,1.0
2023-11-21 14:00,62.61,62.3,63.2,60,1.0
2023-11-21 15:00,62.55,62.3,63.0,60,1.0
2023-11-21 16:00,62.56,62.3,63.0,60,1.0
2023-11-21 17:00,62.64,62.3,63.1,60,1.0
2023-11-21 18:00,62.64,62.3,63.1,60,1.0
2023-11-21 19:00,62.68,62.3,63.0,60,1.0
2023-11-21 20:00,62.61,62.2,63.1,60,1.0
2023-11-21 21:00,62.6,62.2,63.0,60,1.0
2023-11-21 22:00,62.69,62.3,63.1,60,1.0
2023-11-21 23:00,62.71,62.3,63.1,60,1.0
2023-11-22 00:00,62.6,62.3,63.0,60,1.0
2023-11-22 01:00,62.52,62.3,62.9,60,1.0
2023-11-22 02:00,62.59,62.4,63.1,60,1.0
2023-11-22 03:00,62.56,62.3,63.0,60,1.0
2023-11-22 04:00,62.64,62.3,63.0,60,1.0
2023-11-22 05:00,62.54,62.3,63.1,60,1.0
2023-11-22 06:00,62.57,62.2,63.0,60,1.0
2023-11-22 07:00,62.61,62.2,63.1,60,1.0
2023-11-22 08:00,62.57,62.2,63.0,60,1.0
2023-11-22 09:00,62.53,62.2,63.0,60,1.0
2023-11-22 10:00,62.59,62.3,63.0,60,1.0
2023-11-22 11:00,62.53,62.2,63.0,60,1.0
2023-11-22 12:00,62.33,62.1,62.7,49,0.817
2023-11-22 13:00,62.48,62.1,62.8,60,1.0
2023-11-22 14:00,62.39,62.1,62.8,60,1.0
2023-11-22 15:00,62.29,62.0,62.8,60,1.0
2023-11-22 16:00,62.25,62.0,62.7,60,1.0
2023-11-22 17:00,62.26,62.0,62.7,60,1.0
2023-11-22 18:00,62.25,61.9,62.8,60,1.0
2023-11-22 19:00,62.28,61.9,62.7,60,1.0
2023-11-22 20:00,62.19,61.8,62.6,60,1.0
2023-11-22 21:00,62.04,61.8,62.6,60,1.0
2023-11-22 22:00,62.1,61.8,62.5,60,1.0
2023-11-22 23:00,62.08,61.8,62.6,60,1.0
2023-11-23 00:00,62.04,61.8,62.5,60,1.0
2023-11-23 01:00,62.02,61.7,62.4,60,1.0
2023-11-23 02:00,62.21,61.8,62.6,60,1.0
2023-11-23 03:00,62.1,61.8,62.5,60,1.0
2023-11-23 04:00,61.95,61.7,62.3,60,1.0
2023-11-23 05:00,61.99,61.7,62.6,60,1.0
2023-11-23 06:00,62.04,61.7,62.6,60,1.0
2023-11-23 07:00,61.91,61.7,62.2,60,1.0
2023-11-23 08:00,61.92,61.7,62.4,60,1.0
2023-11-23 09:00,61.92,61.6,62.5,60,1.0
2023-11-23 10:00,61.99,61.7,62.4,60,1.0
2023-11-23 11:00,61.82,61.6,62.3,60,1.0
2023-11-23 12:00,61.93,61.6,62.4,60,1.0
2023-11-23 13:00,61.99,61.6,62.5,60,1.0
2023-11-23 14:00,61.93,61.5,62.4,60,1.0
2023-11-23 15:00,61.73,61.4,62.3,60,1.0
2023-11-23 16:00,61.67,61.4,62.2,60,1.0
2023-11-23 17:00,61.72,61.3,62.3,60,1.0
2023-11-23 18:00,61.61,61.3,62.1,60,1.0
2023-11-23 19:00,61.64,61.3,62.0,60,1.0
2023-11-23 20:00,61.72,61.4,62.1,60,1.0
2023-11-23 21:00,61.66,61.2,62.1,60,1.0
2023-11-23 22:00,61.52,61.3,62.1,60,1.0
2023-11-23 23:00,61.48,61.2,62.1,60,1.0
2023-11-24 00:00,61.48,61.2,61.9,60,1.0
2023-11-24 01:00,61.4,61.1,62.0,60,1.0
2023-11-24 02:00,61.42,61.1,62.0,47,0.783
2023-11-24 03:00,61.42,61.1,61.9,56,0.933
2023-11-24 04:00,61.43,61.1,62.2,55,0.917
2023-11-24 05:00,61.37,61.1,61.8,46,0.767
2023-11-24 06:00,61.41,61.1,61.8,55,0.917
2023-11-24 07:00,61.37,61.1,61.7,60,1.0
2023-11-24 08:00,61.35,61.0,61.8,60,1.0
2023-11-24 09:00,61.41,61.0,61.8,60,1.0
2023-11-24 10:00,61.31,61.0,61.9,59,0.983
2023-11-24 11:00,61.31,61.0,61.8,60,1.0
2023-11-24 12:00,61.41,61.0,61.8,60,1.0
2023-11-24 13:00,61.36,61.0,61.8,60,1.0
2023-11-24 14:00,61.37,61.0,61.8,60,1.0
2023-11-24 15:00,61.41,61.0,61.8,60,1.0
2023-11-24 16:00,61.36,61.0,61.8,60,1.0
2023-11-24 17:00,61.24,60.9,61.7,60,1.0
2023-11-24 18:00,61.19,60.9,61.7,60,1.0
2023-11-24 19:00,61.17,60.9,61.7,60,1.0
2023-11-24 20:00,61.18,60.9,61.8,60,1.0
2023-11-24 21:00,61.16,60.9,61.7,60,1.0
2023-11-24 22:00,61.18,60.9,61.8,60,1.0
2023-11-24 23:00,61.09,60.8,61.5,53,0.883
2023-11-25 00:00,61.18,60.8,61.8,60,1.0
2023-11-25 01:00,61.14,60.8,61.5,60,1.0
2023-11-25 02:00,61.18,60.8,61.6,60,1.0
2023-11-25 03:00,61.15,60.8,61.6,60,1.0
2023-11-25 04:00,61.1,60.8,61.5,60,1.0
2023-11-25 05:00,61.12,60.7,61.6,60,1.0
2023-11-25 06:00,61.21,60.8,61.8,60,1.0
2023-11-25 07:00,61.67,61.3,62.1,60,1.0
2023-11-25 08:00,62.03,61.6,62.5,60,1.0
2023-11-25 09:00,62.0,61.8,62.4,60,1.0
2023-11-25 10:00,62.01,61.7,62.4,60,1.0
2023-11-25 11:00,61.91,61.7,62.3,60,1.0
2023-11-25 12:00,61.93,61.6,62.3,59,0.983
2023-11-25 13:00,61.99,61.7,62.5,60,1.0
2023-11-25 14:00,61.91,61.6,62.3,60,1.0
2023-11-25 15:00,61.83,61.5,62.2,60,1.0
2023-11-25 16:00,61.81,61.4,62.2,51,0.85
2023-11-25 17:00,61.71,61.4,62.1,47,0.783
2023-11-25 18:00,61.57,61.2,62.1,59,0.983
2023-11-25 19:00,61.57,61.2,62.1,60,1.0
2023-11-25 20:00,61.5,61.2,62.2,60,1.0
2023-11-25 21:00,61.46,61.2,61.9,60,1.0
2023-11-25 22:00,61.42,61.1,62.1,60,1.0
2023-11-25 23:00,61.48,61.1,62.0,60,1.0
2023-11-26 00:00,61.41,61.1,61.9,53,0.883
2023-11-26 01:00,61.34,61.0,62.0,60,1.0
2023-11-26 02:00,61.36,61.0,61.9,60,1.0
2023-11-26 03:00,61.34,61.0,61.8,48,0.8
2023-11-26 04:00,61.34,60.9,61.8,58,0.967
2023-11-26 05:00,61.27,60.9,61.8,56,0.933
2023-11-26 06:00,61.25,60.9,61.7,57,0.95
2023-11-26 07:00,61.21,60.9,61.9,55,0.917
2023-11-26 08:00,61.26,60.9,61.7,53,0.883
2023-11-26 09:00,61.19,60.9,61.7,60,1.0
2023-11-26 10:00,61.35,61.0,61.8,60,1.0
2023-11-26 11:00,61.2,60.9,61.8,60,1.0
2023-11-26 12:00,61.2,60.8,61.6,60,1.0
2023-11-26 13:00,61.08,60.8,61.7,60,1.0
2023-11-26 14:00,61.17,60.8,61.6,60,1.0
2023-11-26 15:00,61.17,60.8,61.7,60,1.0
2023-11-26 16:00,61.02,60.7,61.4,60,1.0
2023-11-26 17:00,60.94,60.7,61.5,60,1.0
2023-11-26 18:00,61.01,60.6,61.5,60,1.0
2023-11-26 19:00,60.98,60.6,61.4,60,1.0
2023-11-26 20:00,61.03,60.6,61.4,60,1.0
2023-11-26 21:00,60.91,60.6,61.5,60,1.0
2023-11-26 22:00,60.89,60.6,61.4,60,1.0
2023-11-26 23:00,60.92,60.5,61.4,60,1.0
2023-11-27 00:00,60.84,60.5,61.3,60,1.0
2023-11-27 01:00,60.85,60.5,61.3,60,1.0
2023-11-27 02:00,60.85,60.5,61.4,59,0.983
2023-11-27 03:00,60.85,60.5,61.3,60,1.0
2023-11-27 04:00,60.83,60.5,61.3,60,1.0
2023-11-27 05:00,60.82,60.4,61.2,60,1.0
2023-11-27 06:00,60.78,60.4,61.3,60,1.0
2023-11-27 07:00,60.78,60.4,61.4,60,1.0
2023-11-27 08:00,60.78,60.4,61.2,60,1.0
2023-11-27 09:00,60.8,60.4,61.3,59,0.983
2023-11-27 10:00,60.73,60.4,61.3,60,1.0
2023-11-27 11:00,60.77,60.4,61.2,60,1.0
2023-11-27 12:00,60.68,60.4,61.3,60,1.0
2023-11-27 13:00,60.68,60.4,61.1,60,1.0
2023-11-27 14:00,60.72,60.4,61.3,60,1.0
2023-11-27 15:00,60.74,60.4,61.3,60,1.0
2023-11-27 16:00,60.7,60.4,61.3,60,1.0
2023-11-27 17:00,60.7,60.3,61.2,60,1.0
2023-11-27 18:00,60.71,60.4,61.2,60,1.0
2023-11-27 19:00,60.67,60.4,61.0,59,0.983
2023-11-27 20:00,60.72,60.4,61.2,60,1.0
2023-11-27 21:00,61.34,60.8,62.1,60,1.0
2023-11-27 22:00,63.7,61.8,67.2,60,1.0
2023-11-27 23:00,71.1,67.2,73.8,60,1.0
2023-11-28 00:00,74.62,73.5,76.1,60,1.0
2023-11-28 01:00,75.71,75.5,76.2,60,1.0
2023-11-28 02:00,75.66,75.4,76.2,60,1.0
2023-11-28 03:00,75.9,75.5,76.4,60,1.0
2023-11-28 04:00,75.49,75.0,76.5,60,1.0
2023-11-28 05:00,78.45,76.1,80.8,60,1.0
2023-11-28 06:00,81.94,80.6,83.2,60,1.0
2023-11-28 07:00,80.9,79.5,82.9,60,1.0
2023-11-28 08:00,78.71,77.7,79.8,60,1.0
2023-11-28 09:00,77.39,76.7,78.1,60,1.0
2023-11-28 10:00,76.58,76.0,77.2,60,1.0
2023-11-28 11:00,75.94,75.5,76.6,60,1.0
2023-11-28 12:00,75.71,75.4,76.2,60,1.0
2023-11-28 13:00,75.92,75.5,76.6,60,1.0
2023-11-28 14:00,75.94,75.5,76.4,60,1.0
2023-11-28 15:00,75.36,74.9,76.0,60,1.0
2023-11-28 16:00,74.87,74.4,75.5,60,1.0
2023-11-28 17:00,74.39,73.9,74.9,60,1.0
2023-11-28 18:00,74.04,73.7,74.7,60,1.0
2023-11-28 19:00,73.81,73.5,74.2,54,0.9
2023-11-28 20:00,73.67,73.3,74.1,56,0.933
2023-11-28 21:00,73.45,73.2,73.9,60,1.0
2023-11-28 22:00,73.22,72.9,73.8,60,1.0
2023-11-28 23:00,72.88,72.6,73.5,60,1.0
2023-11-29 00:00,72.59,72.3,73.0,60,1.0
2023-11-29 01:00,72.32,72.0,72.8,60,1.0
2023-11-29 02:00,72.04,71.7,72.5,60,1.0
2023-11-29 03:00,71.76,71.5,72.2,60,1.0
2023-11-29 04:00,71.61,71.3,72.1,60,1.0
2023-11-29 05:00,71.37,71.1,71.9,60,1.0
2023-11-29 06:00,71.21,70.9,71.6,60,1.0
2023-11-29 07:00,70.99,70.7,71.5,60,1.0
2023-11-29 08:00,70.88,70.6,71.3,60,1.0
2023-11-29 09:00,70.76,70.5,71.2,60,1.0
2023-11-29 10:00,70.54,70.3,70.9,60,1.0
2023-11-29 11:00,70.48,70.1,70.8,60,1.0
2023-11-29 12:00,70.32,70.0,70.7,60,1.0
2023-11-29 13:00,70.18,69.8,70.5,60,1.0
2023-11-29 14:00,69.96,69.6,70.4,60,1.0
2023-11-29 15:00,69.72,69.5,70.2,60,1.0
2023-11-29 16:00,69.56,69.3,70.1,60,1.0
2023-11-29 17:00,69.44,69.2,69.9,60,1.0
2023-11-29 18:00,69.34,69.1,69.8,60,1.0
2023-11-29 19:00,69.27,69.0,69.7,60,1.0
2023-11-29 20:00,69.11,68.8,69.5,60,1.0
2023-11-29 21:00,69.02,68.7,69.5,60,1.0
2023-11-29 22:00,68.84,68.6,69.3,60,1.0
2023-11-29 23:00,68.7,68.4,69.1,60,1.0
2023-11-30 00:00,68.58,68.3,69.0,60,1.0
2023-11-30 01:00,68.5,68.2,68.9,60,1.0
2023-11-30 02:00,68.41,68.1,68.9,60,1.0
2023-11-30 03:00,68.37,68.1,68.7,60,1.0
2023-11-30 04:00,68.24,67.9,68.7,60,1.0
2023-11-30 05:00,68.17,67.9,68.5,60,1.0
2023-11-30 06:00,68.05,67.7,68.5,59,0.983
2023-11-30 07:00,68.35,67.9,69.0,60,1.0
2023-11-30 08:00,69.73,68.5,71.7,60,1.0
2023-11-30 09:00,71.92,71.3,72.4,60,1.0
2023-11-30 10:00,72.61,72.0,73.7,60,1.0
2023-11-30 11:00,74.46,73.1,75.0,60,1.0
2023-11-30 12:00,74.41,74.0,75.0,60,1.0
2023-11-30 13:00,74.02,73.5,74.8,60,1.0
2023-11-30 14:00,73.49,73.1,74.0,60,1.0
2023-11-30 15:00,73.22,72.6,73.6,60,1.0
2023-11-30 16:00,72.89,72.4,73.3,60,1.0
2023-11-30 17:00,72.44,72.1,72.9,60,1.0
2023-11-30 18:00,72.12,71.8,72.7,60,1.0
2023-11-30 19:00,71.94,71.6,72.3,52,0.867
2023-11-30 20:00,71.79,71.4,72.2,55,0.917
2023-11-30 21:00,71.55,71.1,71.9,60,1.0
2023-11-30 22:00,71.28,70.9,71.6,60,1.0
2023-11-30 23:00,70.99,70.7,71.4,60,1.0
2023-12-01 00:00,70.76,70.6,71.1,60,1.0
2023-12-01 01:00,70.68,70.4,71.1,60,1.0
2023-12-01 02:00,70.55,70.3,71.0,60,1.0
2023-12-01 03:00,70.49,70.1,70.9,60,1.0
2023-12-01 04:00,70.36,70.0,70.8,60,1.0
2023-12-01 05:00,70.2,69.9,70.6,60,1.0
2023-12-01 06:00,70.08,69.8,70.6,60,1.0
2023-12-01 07:00,69.96,69.7,70.4,60,1.0
2023-12-01 08:00,69.85,69.5,70.3,60,1.0
2023-12-01 09:00,69.65,69.5,70.1,60,1.0
2023-12-01 10:00,69.53,69.4,70.1,60,1.0
2023-12-01 11:00,69.52,69.2,69.9,60,1.0
2023-12-01 12:00,69.2,69.0,69.8,60,1.0
2023-12-01 13:00,69.09,68.9,69.6,60,1.0
2023-12-01 14:00,69.05,68.8,69.4,60,1.0
2023-12-01 15:00,68.97,68.7,69.4,60,1.0
2023-12-01 16:00,68.85,68.6,69.2,60,1.0
2023-12-01 17:00,68.63,68.5,69.0,60,1.0
2023-12-01 18:00,68.55,68.3,69.1,60,1.0
2023-12-01 19:00,68.46,68.2,68.8,60,1.0
2023-12-01 20:00,68.46,68.2,68.8,60,1.0
2023-12-01 21:00,68.45,68.1,68.8,60,1.0
2023-12-01 22:00,68.28,68.0,68.7,59,0.983
2023-12-01 23:00,68.31,67.9,68.6,60,1.0
2023-12-02 00:00,68.24,67.8,68.6,60,1.0
2023-12-02 01:00,68.1,67.8,68.6,60,1.0
2023-12-02 02:00,68.14,67.8,68.4,60,1.0
2023-12-02 03:00,68.03,67.7,68.4,57,0.95
2023-12-02 04:00,67.93,67.6,68.3,49,0.817
2023-12-02 05:00,67.81,67.5,68.2,48,0.8
2023-12-02 06:00,67.79,67.5,68.2,53,0.883
2023-12-02 07:00,67.71,67.4,68.1,51,0.85
2023-12-02 08:00,67.65,67.4,68.0,60,1.0
2023-12-02 09:00,67.54,67.3,68.0,60,1.0
2023-12-02 10:00,67.38,67.2,67.9,60,1.0
2023-12-02 11:00,67.35,67.1,67.8,60,1.0
2023-12-02 12:00,67.37,67.1,68.0,60,1.0
2023-12-02 13:00,67.35,67.0,67.9,60,1.0
2023-12-02 14:00,67.16,66.9,67.5,60,1.0
2023-12-02 15:00,66.94,66.8,67.4,60,1.0
2023-12-02 16:00,66.86,66.7,67.3,60,1.0
2023-12-02 17:00,66.89,66.6,67.3,60,1.0
2023-12-02 18:00,66.82,66.5,67.2,60,1.0
2023-12-02 19:00,66.7,66.4,67.1,60,1.0
2023-12-02 20:00,66.55,66.3,66.9,60,1.0
2023-12-02 21:00,66.45,66.3,67.0,60,1.0
2023-12-02 22:00,66.53,66.3,66.9,60,1.0
2023-12-02 23:00,66.48,66.2,66.9,60,1.0
2023-12-03 00:00,66.4,66.2,66.8,60,1.0
2023-12-03 01:00,66.34,66.1,66.8,60,1.0
2023-12-03 02:00,66.32,66.1,66.9,60,1.0
2023-12-03 03:00,66.34,66.1,66.8,60,1.0
2023-12-03 04:00,66.41,66.1,66.9,60,1.0
2023-12-03 05:00,66.37,66.0,66.7,60,1.0
2023-12-03 06:00,66.3,66.0,66.7,60,1.0
2023-12-03 07:00,66.25,66.0,66.7,60,1.0
2023-12-03 08:00,66.17,65.9,66.6,60,1.0
2023-12-03 09:00,66.16,65.9,66.6,60,1.0
2023-12-03 10:00,65.96,65.7,66.4,60,1.0
2023-12-03 11:00,65.85,65.5,66.3,59,0.983
2023-12-03 12:00,65.67,65.4,66.1,60,1.0
2023-12-03 13:00,65.63,65.2,65.9,60,1.0
2023-12-03 14:00,65.58,65.1,65.9,60,1.0
2023-12-03 15:00,65.4,65.0,65.8,60,1.0
2023-12-03 16:00,65.22,64.9,65.9,60,1.0
2023-12-03 17:00,65.18,64.9,65.6,60,1.0
2023-12-03 18:00,65.08,64.8,65.5,60,1.0
2023-12-03 19:00,65.02,64.7,65.5,57,0.95
2023-12-03 20:00,64.97,64.6,65.3,47,0.783
2023-12-03 21:00,64.87,64.5,65.2,60,1.0
2023-12-03 22:00,64.73,64.4,65.2,60,1.0
2023-12-03 23:00,64.67,64.3,65.1,60,1.0
2023-12-04 00:00,64.56,64.3,64.9,60,1.0
2023-12-04 01:00,64.5,64.2,65.0,60,1.0
2023-12-04 02:00,64.43,64.1,64.9,60,1.0
2023-12-04 03:00,64.38,64.0,64.8,60,1.0
2023-12-04 04:00,64.22,64.0,64.7,60,1.0
2023-12-04 05:00,64.22,63.9,64.7,60,1.0
2023-12-04 06:00,64.2,63.9,64.6,60,1.0
2023-12-04 07:00,64.14,63.8,64.6,60,1.0
2023-12-04 08:00,64.14,63.8,64.5,60,1.0
2023-12-04 09:00,64.19,63.8,64.6,60,1.0
2023-12-04 10:00,64.08,63.8,64.5,60,1.0
2023-12-04 11:00,64.04,63.7,64.5,60,1.0
2023-12-04 12:00,63.98,63.7,64.4,60,1.0
2023-12-04 13:00,64.07,63.7,64.5,60,1.0
2023-12-04 14:00,64.0,63.6,64.4,60,1.0
2023-12-04 15:00,63.95,63.6,64.4,60,1.0
2023-12-04 16:00,63.76,63.5,64.2,60,1.0
2023-12-04 17:00,63.68,63.5,64.1,60,1.0
2023-12-04 18:00,63.7,63.4,64.3,60,1.0
2023-12-04 19:00,63.75,63.4,64.2,60,1.0
2023-12-04 20:00,63.71,63.4,64.2,60,1.0
2023-12-04 21:00,63.72,63.4,64.1,60,1.0
2023-12-04 22:00,63.7,63.3,64.2,48,0.8
2023-12-04 23:00,63.7,63.3,64.1,55,0.917
2023-12-05 00:00,63.67,63.3,64.1,60,1.0
2023-12-05 01:00,63.63,63.3,64.0,60,1.0
2023-12-05 02:00,63.65,63.3,64.1,60,1.0
2023-12-05 03:00,64.5,63.6,65.5,60,1.0
2023-12-05 04:00,66.96,65.1,69.5,60,1.0
2023-12-05 05:00,72.03,69.6,75.2,60,1.0
2023-12-05 06:00,76.35,75.3,77.7,60,1.0
2023-12-05 07:00,77.03,76.0,77.8,60,1.0
2023-12-05 08:00,75.67,74.8,76.5,60,1.0
2023-12-05 09:00,74.73,74.1,75.5,60,1.0
2023-12-05 10:00,74.54,74.1,75.1,60,1.0
2023-12-05 11:00,74.07,73.6,74.6,60,1.0
2023-12-05 12:00,74.01,73.7,74.5,60,1.0
2023-12-05 13:00,73.96,73.4,74.5,60,1.0
2023-12-05 14:00,73.81,73.3,74.6,60,1.0
2023-12-05 15:00,74.62,74.2,75.2,60,1.0
2023-12-05 16:00,74.66,74.4,75.2,60,1.0
2023-12-05 17:00,74.53,74.1,75.1,60,1.0
2023-12-05 18:00,74.16,73.7,74.7,60,1.0
2023-12-05 19:00,73.63,73.3,74.2,60,1.0
2023-12-05 20:00,73.29,73.0,73.7,60,1.0
2023-12-05 21:00,72.96,72.6,73.4,60,1.0
2023-12-05 22:00,72.55,72.2,73.0,60,1.0
2023-12-05 23:00,72.22,71.9,72.7,60,1.0
2023-12-06 00:00,72.07,71.7,72.5,60,1.0
2023-12-06 01:00,72.06,71.7,72.5,60,1.0
2023-12-06 02:00,71.8,71.4,72.2,60,1.0
2023-12-06 03:00,71.53,71.2,72.0,60,1.0
2023-12-06 04:00,71.29,71.0,71.8,60,1.0
2023-12-06 05:00,71.04,70.8,71.5,60,1.0
2023-12-06 06:00,70.9,70.6,71.4,60,1.0
2023-12-06 07:00,70.68,70.4,71.1,60,1.0
2023-12-06 08:00,70.56,70.2,71.1,60,1.0
2023-12-06 09:00,70.42,70.1,70.8,50,0.833
2023-12-06 10:00,70.24,69.9,70.7,57,0.95
2023-12-06 11:00,70.14,69.8,70.6,53,0.883
2023-12-06 12:00,69.83,69.6,70.4,48,0.8
2023-12-06 13:00,69.74,69.5,70.2,48,0.8
2023-12-06 14:00,69.5,69.3,70.0,48,0.8
2023-12-06 15:00,69.47,69.2,69.9,60,1.0
2023-12-06 16:00,69.27,69.0,69.7,60,1.0
2023-12-06 17:00,69.17,68.9,69.6,60,1.0
2023-12-06 18:00,69.12,68.8,69.5,60,1.0
2023-12-06 19:00,68.92,68.7,69.3,60,1.0
2023-12-06 20:00,68.81,68.5,69.3,60,1.0
2023-12-06 21:00,68.66,68.4,69.2,60,1.0
2023-12-06 22:00,68.59,68.3,69.0,60,1.0
2023-12-06 23:00,68.48,68.2,69.0,60,1.0
2023-12-07 00:00,68.36,68.1,68.8,60,1.0
2023-12-07 01:00,68.28,68.1,68.8,60,1.0
2023-12-07 02:00,68.14,67.9,68.6,60,1.0
2023-12-07 03:00,68.11,67.8,68.5,60,1.0
2023-12-07 04:00,67.93,67.7,68.4,60,1.0
2023-12-07 05:00,67.83,67.6,68.3,60,1.0
2023-12-07 06:00,67.83,67.5,68.3,60,1.0
2023-12-07 07:00,67.75,67.5,68.1,60,1.0
2023-12-07 08:00,67.6,67.3,68.0,60,1.0
2023-12-07 09:00,67.5,67.2,67.9,60,1.0
2023-12-07 10:00,67.38,67.1,67.8,60,1.0
2023-12-07 11:00,67.2,66.9,67.6,59,0.983
2023-12-07 12:00,67.16,66.8,67.5,60,1.0
2023-12-07 13:00,66.97,66.7,67.5,60,1.0
2023-12-07 14:00,66.9,66.6,67.3,60,1.0
2023-12-07 15:00,66.77,66.5,67.1,60,1.0
2023-12-07 16:00,66.68,66.4,67.1,60,1.0
2023-12-07 17:00,66.52,66.3,66.9,60,1.0
2023-12-07 18:00,66.43,66.2,66.9,59,0.983
2023-12-07 19:00,66.36,66.1,66.9,59,0.983
2023-12-07 20:00,66.25,66.0,66.7,60,1.0
2023-12-07 21:00,66.24,66.0,66.7,59,0.983
2023-12-07 22:00,66.17,65.8,66.6,60,1.0
2023-12-07 23:00,66.16,65.8,66.6,60,1.0
2023-12-08 00:00,66.08,65.7,66.4,60,1.0
2023-12-08 01:00,65.96,65.6,66.3,60,1.0
2023-12-08 02:00,65.9,65.5,66.3,55,0.917
2023-12-08 03:00,65.8,65.5,66.2,48,0.8
2023-12-08 04:00,65.74,65.4,66.1,51,0.85
2023-12-08 05:00,65.62,65.3,66.1,47,0.783
2023-12-08 06:00,65.57,65.2,65.9,56,0.933
2023-12-08 07:00,65.51,65.2,65.9,60,1.0
2023-12-08 08:00,65.5,65.2,65.9,60,1.0
2023-12-08 09:00,65.44,65.2,65.9,60,1.0
2023-12-08 10:00,65.37,65.1,65.8,60,1.0
2023-12-08 11:00,65.2,64.8,65.6,60,1.0
2023-12-08 12:00,65.22,64.8,65.7,60,1.0
2023-12-08 13:00,65.07,64.7,65.4,60,1.0
2023-12-08 14:00,64.97,64.7,65.4,60,1.0
2023-12-08 15:00,64.88,64.6,65.4,60,1.0
2023-12-08 16:00,64.8,64.6,65.3,60,1.0
2023-12-08 17:00,64.76,64.5,65.2,60,1.0
2023-12-08 18:00,64.81,64.4,65.1,60,1.0
2023-12-08 19:00,64.72,64.4,65.1,60,1.0
2023-12-08 20:00,64.68,64.4,65.2,60,1.0
2023-12-08 21:00,64.6,64.3,65.2,60,1.0
2023-12-08 22:00,64.54,64.2,65.0,60,1.0
2023-12-08 23:00,64.51,64.2,64.9,34,0.567
2023-12-09 11:00,63.89,63.6,64.4,50,0.833
2023-12-09 12:00,64.0,63.5,64.4,52,0.867
2023-12-09 13:00,63.86,63.4,64.3,42,0.7
2023-12-09 14:00,63.74,63.5,64.2,60,1.0
2023-12-09 15:00,63.73,63.4,64.2,60,1.0
2023-12-09 16:00,63.66,63.4,64.2,60,1.0
2023-12-09 17:00,63.66,63.3,64.1,60,1.0
2023-12-09 18:00,63.66,63.3,64.1,60,1.0
2023-12-09 19:00,63.54,63.2,64.1,60,1.0
2023-12-09 20:00,63.52,63.2,64.0,60,1.0
2023-12-09 21:00,63.46,63.2,64.0,60,1.0
2023-12-09 22:00,63.4,63.1,63.8,60,1.0
2023-12-09 23:00,63.42,63.1,63.8,60,1.0
2023-12-10 00:00,63.4,63.1,63.9,60,1.0
2023-12-10 01:00,63.46,63.1,64.2,60,1.0
2023-12-10 02:00,63.47,63.1,63.9,60,1.0
2023-12-10 03:00,63.47,63.1,63.9,60,1.0
2023-12-10 04:00,63.5,63.1,63.9,60,1.0
2023-12-10 05:00,63.84,63.2,64.5,60,1.0
2023-12-10 06:00,64.69,64.1,65.4,60,1.0
2023-12-10 07:00,65.63,65.0,66.3,60,1.0
2023-12-10 08:00,66.28,65.8,66.9,60,1.0
2023-12-10 09:00,66.56,66.2,67.0,60,1.0
2023-12-10 10:00,67.06,66.6,67.6,60,1.0
2023-12-10 11:00,67.93,67.3,68.5,60,1.0
2023-12-10 12:00,68.41,68.1,68.9,60,1.0
2023-12-10 13:00,68.46,68.2,68.9,60,1.0
2023-12-10 14:00,68.18,67.9,68.6,60,1.0
2023-12-10 15:00,68.08,67.7,68.4,60,1.0
2023-12-10 16:00,67.78,67.5,68.1,60,1.0
2023-12-10 17:00,67.53,67.2,68.0,60,1.0
2023-12-10 18:00,67.32,66.9,67.8,60,1.0
2023-12-10 19:00,67.01,66.7,67.4,60,1.0
2023-12-10 20:00,66.71,66.3,67.2,60,1.0
2023-12-10 21:00,66.5,66.1,67.0,50,0.833
2023-12-10 22:00,66.34,66.0,66.8,56,0.933
2023-12-10 23:00,66.17,65.9,66.7,60,1.0
2023-12-11 00:00,66.09,65.8,66.5,60,1.0
2023-12-11 01:00,65.92,65.6,66.4,60,1.0
2023-12-11 02:00,65.91,65.6,66.3,60,1.0
2023-12-11 03:00,65.78,65.5,66.2,60,1.0
2023-12-11 04:00,65.69,65.4,66.1,60,1.0
2023-12-11 05:00,65.61,65.3,66.1,60,1.0
2023-12-11 06:00,65.5,65.2,65.9,60,1.0
2023-12-11 07:00,65.42,65.1,65.9,60,1.0
2023-12-11 08:00,65.4,65.1,65.9,60,1.0
2023-12-11 09:00,65.39,65.1,65.8,60,1.0
2023-12-11 10:00,65.37,65.1,65.9,60,1.0
2023-12-11 11:00,65.28,64.9,65.7,60,1.0
2023-12-11 12:00,65.26,64.9,65.7,60,1.0
2023-12-11 13:00,65.25,64.8,65.6,60,1.0
2023-12-11 14:00,65.03,64.7,65.5,60,1.0
2023-12-11 15:00,64.98,64.7,65.5,60,1.0
2023-12-11 16:00,64.95,64.7,65.5,60,1.0
2023-12-11 17:00,64.96,64.6,65.4,60,1.0
2023-12-11 18:00,64.94,64.6,65.3,60,1.0
2023-12-11 19:00,64.91,64.5,65.4,60,1.0
2023-12-11 20:00,64.79,64.5,65.3,60,1.0
2023-12-11 21:00,64.72,64.4,65.3,60,1.0
2023-12-11 22:00,64.76,64.4,65.2,60,1.0
2023-12-11 23:00,64.72,64.4,65.1,60,1.0
2023-12-12 00:00,64.64,64.3,65.1,60,1.0
2023-12-12 01:00,64.58,64.3,65.1,59,0.983
2023-12-12 02:00,64.54,64.2,65.0,60,1.0
2023-12-12 03:00,64.48,64.2,65.0,60,1.0
2023-12-12 04:00,64.47,64.2,64.9,60,1.0
2023-12-12 05:00,64.44,64.1,65.0,60,1.0
2023-12-12 06:00,64.44,64.1,65.0,60,1.0
2023-12-12 07:00,64.47,64.1,64.8,60,1.0
2023-12-12 08:00,64.46,64.1,64.9,60,1.0
2023-12-12 09:00,64.45,64.0,64.8,59,0.983
2023-12-12 10:00,64.41,64.1,64.9,60,1.0
2023-12-12 11:00,64.45,64.0,64.9,60,1.0
2023-12-12 12:00,64.37,64.0,65.0,59,0.983
2023-12-12 13:00,64.46,64.2,65.0,41,0.683
2023-12-12 14:00,64.47,64.2,64.8,48,0.8
2023-12-12 15:00,64.5,64.3,65.0,54,0.9
2023-12-12 16:00,64.49,64.3,64.8,48,0.8
2023-12-12 17:00,64.53,64.3,64.9,50,0.833
2023-12-12 18:00,64.57,64.3,64.9,60,1.0
2023-12-12 19:00,64.62,64.2,65.0,60,1.0
2023-12-12 20:00,64.55,64.2,65.0,60,1.0
2023-12-12 21:00,64.59,64.3,64.9,60,1.0
2023-12-12 22:00,64.56,64.2,65.0,60,1.0
2023-12-12 23:00,64.48,64.1,64.8,60,1.0
2023-12-13 00:00,64.44,64.1,65.0,60,1.0
2023-12-13 01:00,64.46,64.1,64.8,60,1.0
2023-12-13 02:00,64.39,64.1,64.8,60,1.0
2023-12-13 03:00,64.42,64.1,64.7,60,1.0
2023-12-13 04:00,64.38,64.0,64.8,60,1.0
2023-12-13 05:00,64.26,64.0,64.7,60,1.0
2023-12-13 06:00,64.26,64.0,64.7,60,1.0
2023-12-13 07:00,64.24,63.9,64.7,60,1.0
2023-12-13 08:00,64.18,63.9,64.7,60,1.0
2023-12-13 09:00,64.04,63.8,64.4,60,1.0
2023-12-13 10:00,64.1,63.8,64.5,60,1.0
2023-12-13 11:00,64.0,63.8,64.5,60,1.0
2023-12-13 12:00,63.91,63.7,64.2,60,1.0
2023-12-13 13:00,63.88,63.7,64.1,60,1.0
2023-12-13 14:00,63.87,63.6,64.3,60,1.0
2023-12-13 15:00,63.9,63.6,64.4,60,1.0
2023-12-13 16:00,63.91,63.6,64.3,60,1.0
2023-12-13 17:00,63.86,63.5,64.3,60,1.0
2023-12-13 18:00,63.85,63.5,64.2,60,1.0
2023-12-13 19:00,63.77,63.4,64.1,60,1.0
2023-12-13 20:00,63.69,63.4,64.2,60,1.0
2023-12-13 21:00,63.6,63.4,64.0,60,1.0
2023-12-13 22:00,63.53,63.3,64.0,60,1.0
2023-12-13 23:00,63.53,63.3,64.3,60,1.0
2023-12-14 00:00,63.52,63.2,64.0,60,1.0
2023-12-14 01:00,63.52,63.2,63.9,60,1.0
2023-12-14 02:00,63.55,63.2,64.0,60,1.0
2023-12-14 03:00,63.72,63.4,64.0,60,1.0
2023-12-14 04:00,63.65,63.4,64.2,60,1.0
2023-12-14 05:00,63.54,63.2,64.2,60,1.0
2023-12-14 06:00,63.42,63.1,63.9,60,1.0
2023-12-14 07:00,63.26,63.0,63.7,60,1.0
2023-12-14 08:00,63.19,62.9,63.7,60,1.0
2023-12-14 09:00,63.24,62.9,63.7,60,1.0
2023-12-14 10:00,63.74,63.3,64.4,60,1.0
2023-12-14 11:00,64.31,63.9,64.8,60,1.0
2023-12-14 12:00,64.84,64.2,65.5,60,1.0
2023-12-14 13:00,65.77,64.9,66.6,60,1.0
2023-12-14 14:00,67.47,66.3,68.4,60,1.0
2023-12-14 15:00,68.44,68.0,68.8,44,0.733
2023-12-14 16:00,69.18,68.3,70.1,60,1.0
2023-12-14 17:00,70.11,69.6,70.9,60,1.0
2023-12-14 18:00,71.03,70.3,71.5,60,1.0
2023-12-14 19:00,70.96,70.7,71.5,60,1.0
2023-12-14 20:00,70.76,70.5,71.2,60,1.0
2023-12-14 21:00,70.96,70.6,71.3,60,1.0
2023-12-14 22:00,70.99,70.6,71.6,60,1.0
2023-12-14 23:00,70.68,70.4,71.4,60,1.0
2023-12-15 00:00,70.35,70.1,70.9,60,1.0
2023-12-15 01:00,70.14,69.9,70.5,60,1.0
2023-12-15 02:00,69.86,69.6,70.4,60,1.0
2023-12-15 03:00,69.66,69.3,70.4,60,1.0
2023-12-15 04:00,69.51,69.1,69.9,60,1.0
2023-12-15 05:00,69.26,68.9,69.7,60,1.0
2023-12-15 06:00,69.08,68.8,69.5,60,1.0
2023-12-15 07:00,68.82,68.5,69.4,59,0.983
2023-12-15 08:00,68.67,68.3,69.1,60,1.0
2023-12-15 09:00,68.47,68.2,68.8,60,1.0
2023-12-15 10:00,68.28,68.0,68.6,60,1.0
2023-12-15 11:00,68.02,67.8,68.5,60,1.0
2023-12-15 12:00,67.84,67.6,68.3,60,1.0
2023-12-15 13:00,67.6,67.4,68.1,60,1.0
2023-12-15 14:00,67.46,67.1,68.0,60,1.0
2023-12-15 15:00,67.19,66.8,67.7,60,1.0
2023-12-15 16:00,66.96,66.6,67.5,60,1.0
2023-12-15 17:00,66.74,66.4,67.2,60,1.0
2023-12-15 18:00,66.57,66.2,67.0,60,1.0
2023-12-15 19:00,66.42,66.1,66.9,60,1.0
2023-12-15 20:00,66.24,66.0,66.8,60,1.0
2023-12-15 21:00,66.09,65.8,66.5,60,1.0
2023-12-15 22:00,66.02,65.7,66.6,59,0.983
2023-12-15 23:00,65.94,65.6,66.5,48,0.8
2023-12-16 00:00,65.79,65.4,66.3,57,0.95
2023-12-16 01:00,65.7,65.4,66.2,60,1.0
2023-12-16 02:00,65.6,65.3,66.0,60,1.0
2023-12-16 03:00,65.52,65.2,66.1,60,1.0
2023-12-16 04:00,65.39,65.1,65.9,60,1.0
2023-12-16 05:00,65.36,65.0,65.8,60,1.0
2023-12-16 06:00,65.34,65.0,65.9,60,1.0
2023-12-16 07:00,65.23,64.9,65.6,60,1.0
2023-12-16 08:00,65.22,64.8,65.7,60,1.0
2023-12-16 09:00,65.14,64.7,65.6,60,1.0
2023-12-16 10:00,65.12,64.8,65.6,60,1.0
2023-12-16 11:00,65.02,64.7,65.4,60,1.0
2023-12-16 12:00,64.86,64.6,65.3,60,1.0
2023-12-16 13:00,64.86,64.5,65.3,60,1.0
2023-12-16 14:00,64.78,64.5,65.3,60,1.0
2023-12-16 15:00,64.78,64.4,65.2,60,1.0
2023-12-16 16:00,64.67,64.3,65.2,60,1.0
2023-12-16 17:00,64.63,64.3,65.1,60,1.0
2023-12-16 18:00,64.62,64.2,65.0,60,1.0
2023-12-16 19:00,64.58,64.1,65.0,60,1.0
2023-12-16 20:00,64.5,64.1,65.0,60,1.0
2023-12-16 21:00,64.41,64.1,64.8,60,1.0
2023-12-16 22:00,64.33,64.0,64.8,60,1.0
2023-12-16 23:00,64.36,63.9,64.8,60,1.0
2023-12-17 00:00,64.26,63.9,64.7,60,1.0
2023-12-17 01:00,64.28,63.9,64.9,60,1.0
2023-12-17 02:00,64.22,63.8,64.6,60,1.0
2023-12-17 03:00,64.14,63.7,64.6,60,1.0
2023-12-17 04:00,64.03,63.7,64.4,56,0.933
2023-12-17 05:00,63.97,63.7,64.3,48,0.8
2023-12-17 06:00,63.93,63.6,64.4,60,1.0
2023-12-17 07:00,63.88,63.6,64.4,60,1.0
2023-12-17 08:00,63.94,63.6,64.5,60,1.0
2023-12-17 09:00,63.96,63.6,64.4,60,1.0
2023-12-17 10:00,63.93,63.6,64.3,60,1.0
2023-12-17 11:00,63.97,63.6,64.4,60,1.0
2023-12-17 12:00,63.82,63.5,64.3,60,1.0
2023-12-17 13:00,63.77,63.5,64.1,60,1.0
2023-12-17 14:00,63.79,63.4,64.2,60,1.0
2023-12-17 15:00,63.77,63.4,64.1,60,1.0
2023-12-17 16:00,63.73,63.3,64.2,59,0.983
2023-12-17 17:00,63.62,63.3,64.1,60,1.0
2023-12-17 18:00,63.52,63.2,64.1,60,1.0
2023-12-17 19:00,63.52,63.2,64.0,60,1.0
2023-12-17 20:00,63.52,63.2,63.9,60,1.0
2023-12-17 21:00,63.49,63.1,64.0,60,1.0
2023-12-17 22:00,63.46,63.0,63.9,60,1.0
2023-12-17 23:00,63.37,63.0,63.8,60,1.0
2023-12-18 00:00,63.28,63.0,63.8,60,1.0
2023-12-18 01:00,63.22,62.9,63.7,60,1.0
2023-12-18 02:00,63.12,62.9,63.5,60,1.0
2023-12-18 03:00,63.17,62.9,63.6,60,1.0
2023-12-18 04:00,63.12,62.8,63.6,60,1.0
2023-12-18 05:00,63.12,62.8,63.6,60,1.0
2023-12-18 06:00,63.07,62.8,63.6,60,1.0
2023-12-18 07:00,63.02,62.7,63.5,60,1.0
2023-12-18 08:00,63.01,62.7,63.4,60,1.0
2023-12-18 09:00,63.09,62.8,63.5,60,1.0
2023-12-18 10:00,63.11,62.8,63.6,60,1.0
2023-12-18 11:00,63.09,62.8,63.5,60,1.0
2023-12-18 12:00,63.1,62.7,63.5,60,1.0
2023-12-18 13:00,63.0,62.7,63.4,58,0.967
2023-12-18 14:00,62.91,62.6,63.5,52,0.867
2023-12-18 15:00,62.91,62.6,63.4,49,0.817
2023-12-18 16:00,62.9,62.5,63.4,49,0.817
2023-12-18 17:00,62.87,62.5,63.3,59,0.983
2023-12-18 18:00,62.87,62.5,63.3,60,1.0
2023-12-18 19:00,62.84,62.5,63.3,60,1.0
2023-12-18 20:00,62.85,62.4,63.3,60,1.0
2023-12-18 21:00,62.71,62.4,63.2,60,1.0
2023-12-18 22:00,62.72,62.3,63.1,60,1.0
2023-12-18 23:00,62.64,62.3,63.1,60,1.0
2023-12-19 00:00,62.55,62.3,63.2,60,1.0
2023-12-19 01:00,62.66,62.2,63.4,60,1.0
2023-12-19 02:00,62.64,62.2,63.3,60,1.0
2023-12-19 03:00,62.47,62.2,63.0,60,1.0
2023-12-19 04:00,62.51,62.2,63.2,60,1.0
2023-12-19 05:00,62.6,62.2,63.0,60,1.0
2023-12-19 06:00,62.47,62.1,62.9,60,1.0
2023-12-19 07:00,62.49,62.1,62.9,60,1.0
2023-12-19 08:00,62.47,62.1,63.0,60,1.0
2023-12-19 09:00,62.43,62.1,63.0,60,1.0
2023-12-19 10:00,62.52,62.1,63.0,60,1.0
2023-12-19 11:00,62.49,62.1,62.9,60,1.0
2023-12-19 12:00,62.42,62.1,63.0,60,1.0
2023-12-19 13:00,62.39,62.1,62.9,60,1.0
2023-12-19 14:00,62.27,62.0,62.7,60,1.0
2023-12-19 15:00,62.25,62.0,62.7,60,1.0
2023-12-19 16:00,62.28,61.9,62.6,60,1.0
2023-12-19 17:00,62.24,61.9,62.6,60,1.0
2023-12-19 18:00,62.27,61.9,62.6,60,1.0
2023-12-19 19:00,62.26,61.9,62.7,60,1.0
2023-12-19 20:00,62.23,61.8,62.8,60,1.0
2023-12-19 21:00,62.19,61.8,62.7,60,1.0
2023-12-19 22:00,62.14,61.8,62.6,60,1.0
2023-12-19 23:00,62.08,61.8,62.6,60,1.0
2023-12-20 00:00,62.1,61.8,62.6,60,1.0
2023-12-20 01:00,61.99,61.7,62.4,60,1.0
2023-12-20 02:00,61.96,61.7,62.4,60,1.0
2023-12-20 03:00,61.95,61.7,62.4,60,1.0
2023-12-20 04:00,61.98,61.7,62.3,60,1.0
2023-12-20 05:00,61.93,61.7,62.5,58,0.967
2023-12-20 06:00,61.9,61.6,62.4,50,0.833
2023-12-20 07:00,61.93,61.6,62.4,55,0.917
2023-12-20 08:00,61.9,61.6,62.4,60,1.0
2023-12-20 09:00,61.96,61.6,62.4,60,1.0
2023-12-20 10:00,61.97,61.6,62.4,60,1.0
2023-12-20 11:00,61.98,61.6,62.4,60,1.0
2023-12-20 12:00,61.85,61.6,62.3,60,1.0
2023-12-20 13:00,61.96,61.6,62.4,60,1.0
2023-12-20 14:00,61.88,61.6,62.4,60,1.0
2023-12-20 15:00,61.8,61.5,62.2,60,1.0
2023-12-20 16:00,61.9,61.5,62.4,60,1.0
2023-12-20 17:00,61.79,61.4,62.2,60,1.0
2023-12-20 18:00,61.75,61.4,62.3,60,1.0
2023-12-20 19:00,61.7,61.4,62.2,60,1.0
2023-12-20 20:00,61.71,61.3,62.2,60,1.0
2023-12-20 21:00,61.78,61.4,62.2,60,1.0
2023-12-20 22:00,61.76,61.3,62.2,60,1.0
2023-12-20 23:00,61.7,61.3,62.1,60,1.0
2023-12-21 00:00,61.7,61.3,62.2,60,1.0
2023-12-21 01:00,61.68,61.3,62.1,60,1.0
2023-12-21 02:00,61.61,61.3,62.2,60,1.0
2023-12-21 03:00,61.58,61.2,62.0,60,1.0
2023-12-21 04:00,61.5,61.2,62.1,60,1.0
2023-12-21 05:00,61.48,61.1,61.9,60,1.0
2023-12-21 06:00,61.44,61.1,61.9,60,1.0
2023-12-21 07:00,61.38,61.1,61.8,60,1.0
2023-12-21 08:00,61.41,61.1,61.9,60,1.0
2023-12-21 09:00,61.46,61.2,61.9,60,1.0
2023-12-21 10:00,61.54,61.2,62.1,60,1.0
2023-12-21 11:00,61.47,61.2,61.9,60,1.0
2023-12-21 12:00,61.34,61.1,61.9,60,1.0
2023-12-21 13:00,61.42,61.1,61.8,60,1.0
2023-12-21 14:00,61.31,61.0,61.7,60,1.0
2023-12-21 15:00,61.35,61.0,61.7,60,1.0
2023-12-21 16:00,61.28,60.9,61.8,59,0.983
2023-12-21 17:00,61.31,61.0,61.7,50,0.833
2023-12-21 18:00,61.31,60.9,61.7,47,0.783
2023-12-21 19:00,61.27,60.8,61.7,60,1.0
2023-12-21 20:00,61.14,60.9,61.5,60,1.0
2023-12-21 21:00,61.15,60.9,61.5,60,1.0
2023-12-21 22:00,61.14,60.8,61.6,59,0.983
2023-12-21 23:00,61.21,60.8,61.7,60,1.0
2023-12-22 00:00,61.23,60.8,61.6,60,1.0
2023-12-22 01:00,61.11,60.8,61.6,60,1.0
2023-12-22 02:00,61.1,60.8,61.6,60,1.0
2023-12-22 03:00,61.11,60.8,61.7,60,1.0
2023-12-22 04:00,61.09,60.8,61.6,60,1.0
2023-12-22 05:00,61.03,60.8,61.5,60,1.0
2023-12-22 06:00,61.06,60.8,61.5,60,1.0
2023-12-22 07:00,61.05,60.8,61.5,60,1.0
2023-12-22 08:00,61.19,60.8,61.5,60,1.0
2023-12-22 09:00,61.14,60.8,61.6,60,1.0
2023-12-22 10:00,61.26,60.9,61.6,60,1.0
2023-12-22 11:00,61.16,60.8,61.6,60,1.0
2023-12-22 12:00,61.09,60.8,61.5,60,1.0
2023-12-22 13:00,61.11,60.7,61.6,60,1.0
2023-12-22 14:00,60.96,60.7,61.4,60,1.0
2023-12-22 15:00,60.98,60.7,61.4,60,1.0
2023-12-22 16:00,61.04,60.7,61.6,60,1.0
2023-12-22 17:00,60.97,60.6,61.3,60,1.0
2023-12-22 18:00,60.9,60.6,61.3,60,1.0
2023-12-22 19:00,60.95,60.6,61.5,60,1.0
2023-12-22 20:00,60.93,60.6,61.4,60,1.0
2023-12-22 21:00,60.86,60.5,61.3,60,1.0
2023-12-22 22:00,60.81,60.5,61.3,60,1.0
2023-12-22 23:00,60.78,60.4,61.2,60,1.0
2023-12-23 00:00,60.75,60.4,61.3,60,1.0
2023-12-23 01:00,60.78,60.5,61.3,60,1.0
2023-12-23 02:00,60.78,60.4,61.4,60,1.0
2023-12-23 03:00,60.7,60.4,61.2,60,1.0
2023-12-23 04:00,60.71,60.4,61.3,60,1.0
2023-12-23 05:00,60.79,60.4,61.2,60,1.0
2023-12-23 06:00,60.71,60.4,61.2,60,1.0
2023-12-23 07:00,60.74,60.4,61.1,60,1.0
2023-12-23 08:00,60.74,60.4,61.1,60,1.0
2023-12-23 09:00,60.79,60.4,61.2,54,0.9
2023-12-23 10:00,60.78,60.5,61.2,50,0.833
2023-12-23 11:00,60.73,60.5,61.2,60,1.0
2023-12-23 12:00,60.79,60.4,61.2,60,1.0
2023-12-23 13:00,60.78,60.4,61.1,51,0.85
2023-12-23 14:00,60.74,60.4,61.2,57,0.95
2023-12-23 15:00,60.66,60.4,61.2,60,1.0
2023-12-23 16:00,60.7,60.4,61.1,60,1.0
2023-12-23 17:00,60.65,60.3,61.1,60,1.0
2023-12-23 18:00,60.58,60.3,61.1,60,1.0
2023-12-23 19:00,60.59,60.2,61.1,60,1.0
2023-12-23 20:00,60.62,60.3,61.0,60,1.0
2023-12-23 21:00,60.62,60.3,61.1,60,1.0
2023-12-23 22:00,60.65,60.2,61.1,60,1.0
2023-12-23 23:00,60.7,60.3,61.0,60,1.0
2023-12-24 00:00,60.6,60.2,61.1,60,1.0
2023-12-24 01:00,60.61,60.2,61.0,59,0.983
2023-12-24 02:00,60.54,60.2,61.0,60,1.0
2023-12-24 03:00,60.62,60.2,61.0,60,1.0
2023-12-24 04:00,60.51,60.2,61.0,60,1.0
2023-12-24 05:00,60.58,60.2,60.9,60,1.0
2023-12-24 06:00,60.56,60.2,61.1,60,1.0
2023-12-24 07:00,60.58,60.2,60.9,60,1.0
2023-12-24 08:00,60.52,60.1,61.0,60,1.0
2023-12-24 09:00,60.5,60.1,60.9,60,1.0
2023-12-24 10:00,60.49,60.1,60.9,60,1.0
2023-12-24 11:00,60.38,60.1,60.9,60,1.0
2023-12-24 12:00,60.36,60.1,60.9,60,1.0
2023-12-24 13:00,60.38,60.1,60.8,60,1.0
2023-12-24 14:00,60.45,60.1,60.8,60,1.0
2023-12-24 15:00,60.47,60.1,60.8,60,1.0
2023-12-24 16:00,60.42,60.0,60.8,60,1.0
2023-12-24 17:00,60.36,60.0,60.8,60,1.0
2023-12-24 18:00,60.27,60.0,60.8,60,1.0
2023-12-24 19:00,60.21,59.9,60.7,60,1.0
2023-12-24 20:00,60.24,59.9,60.6,60,1.0
2023-12-24 21:00,60.32,59.9,60.7,60,1.0
2023-12-24 22:00,60.28,59.9,60.7,60,1.0
2023-12-24 23:00,60.27,59.9,60.7,59,0.983
2023-12-25 00:00,60.3,59.9,60.7,60,1.0
2023-12-25 01:00,60.23,59.8,60.7,60,1.0
2023-12-25 02:00,60.26,59.8,60.6,60,1.0
2023-12-25 03:00,60.24,59.8,60.7,60,1.0
2023-12-25 04:00,60.19,59.9,60.6,60,1.0
2023-12-25 05:00,60.17,59.8,60.6,60,1.0
2023-12-25 06:00,60.18,59.8,60.5,60,1.0
2023-12-25 07:00,60.15,59.8,60.6,60,1.0
2023-12-25 08:00,60.21,59.8,60.6,60,1.0
2023-12-25 09:00,60.12,59.8,60.6,59,0.983
2023-12-25 10:00,60.22,59.9,60.6,60,1.0
2023-12-25 11:00,60.1,59.8,60.6,60,1.0
2023-12-25 12:00,60.12,59.8,60.5,60,1.0
2023-12-25 13:00,60.11,59.8,60.6,60,1.0
2023-12-25 14:00,60.0,59.7,60.5,60,1.0
2023-12-25 15:00,60.0,59.7,60.6,50,0.833
2023-12-25 16:00,59.96,59.7,60.4,52,0.867
2023-12-25 17:00,59.97,59.6,60.3,49,0.817
2023-12-25 18:00,59.94,59.6,60.4,60,1.0
2023-12-25 19:00,59.96,59.6,60.4,60,1.0
2023-12-25 20:00,59.87,59.6,60.4,60,1.0
2023-12-25 21:00,59.93,59.6,60.3,60,1.0
2023-12-25 22:00,59.94,59.6,60.4,60,1.0
2023-12-25 23:00,59.92,59.5,60.4,60,1.0
2023-12-26 00:00,60.01,59.6,60.3,60,1.0
2023-12-26 01:00,59.92,59.6,60.4,60,1.0
2023-12-26 02:00,59.91,59.6,60.3,60,1.0
2023-12-26 03:00,59.99,59.6,60.4,60,1.0
2023-12-26 04:00,59.94,59.5,60.3,60,1.0
2023-12-26 05:00,59.92,59.6,60.3,60,1.0
2023-12-26 06:00,59.88,59.5,60.2,60,1.0
2023-12-26 07:00,59.89,59.5,60.4,60,1.0
2023-12-26 08:00,59.9,59.5,60.3,60,1.0
2023-12-26 09:00,59.88,59.5,60.3,60,1.0
2023-12-26 10:00,59.87,59.5,60.3,60,1.0
2023-12-26 11:00,59.94,59.6,60.4,60,1.0
2023-12-26 12:00,59.82,59.5,60.3,60,1.0
2023-12-26 13:00,59.76,59.5,60.2,60,1.0
2023-12-26 14:00,59.77,59.5,60.1,60,1.0
2023-12-26 15:00,59.83,59.5,60.3,60,1.0
2023-12-26 16:00,59.87,59.4,60.2,60,1.0
2023-12-26 17:00,59.86,59.4,60.3,60,1.0
2023-12-26 18:00,59.7,59.4,60.2,60,1.0
2023-12-26 19:00,59.71,59.4,60.2,60,1.0
2023-12-26 20:00,59.65,59.4,60.2,60,1.0
2023-12-26 21:00,59.65,59.4,60.0,60,1.0
2023-12-26 22:00,59.68,59.4,60.2,60,1.0
2023-12-26 23:00,59.72,59.3,60.1,56,0.933
2023-12-27 00:00,59.69,59.3,60.2,48,0.8
2023-12-27 01:00,59.65,59.3,60.1,60,1.0
2023-12-27 02:00,59.71,59.3,60.1,60,1.0
2023-12-27 03:00,59.66,59.3,60.0,60,1.0
2023-12-27 04:00,59.66,59.3,60.2,60,1.0
2023-12-27 05:00,59.62,59.2,60.2,60,1.0
2023-12-27 06:00,59.57,59.2,59.9,60,1.0
2023-12-27 07:00,59.54,59.2,60.0,60,1.0
2023-12-27 08:00,59.52,59.2,59.9,60,1.0
2023-12-27 09:00,59.52,59.2,60.1,60,1.0
2023-12-27 10:00,59.57,59.3,60.1,60,1.0
2023-12-27 11:00,59.65,59.2,60.0,60,1.0
2023-12-27 12:00,59.48,59.2,60.0,60,1.0
2023-12-27 13:00,59.51,59.2,59.9,60,1.0
2023-12-27 14:00,59.46,59.2,59.9,60,1.0
2023-12-27 15:00,59.51,59.2,59.9,60,1.0
2023-12-27 16:00,59.49,59.1,59.9,60,1.0
2023-12-27 17:00,59.46,59.1,59.8,60,1.0
2023-12-27 18:00,59.44,59.1,59.9,60,1.0
2023-12-27 19:00,59.43,59.1,59.9,60,1.0
2023-12-27 20:00,59.38,59.1,59.8,60,1.0
2023-12-27 21:00,59.35,59.0,59.9,60,1.0
2023-12-27 22:00,59.28,58.9,59.8,60,1.0
2023-12-27 23:00,59.28,59.0,59.7,60,1.0
2023-12-28 00:00,59.28,59.0,59.8,60,1.0
2023-12-28 01:00,59.32,59.0,59.8,60,1.0
2023-12-28 02:00,59.28,59.0,59.7,60,1.0
2023-12-28 03:00,59.23,58.9,59.6,60,1.0
2023-12-28 04:00,59.21,58.9,59.8,60,1.0
2023-12-28 05:00,59.26,58.9,59.7,60,1.0
2023-12-28 06:00,59.24,58.9,59.7,60,1.0
2023-12-28 07:00,59.15,58.9,59.6,60,1.0
2023-12-28 08:00,59.24,58.9,59.8,59,0.983
2023-12-28 09:00,59.31,58.9,59.7,60,1.0
2023-12-28 10:00,59.26,59.0,59.7,54,0.9
2023-12-28 11:00,59.21,59.0,59.7,50,0.833
2023-12-28 12:00,59.28,59.0,59.7,57,0.95
2023-12-28 13:00,59.33,59.0,59.7,60,1.0
2023-12-28 14:00,59.31,59.0,59.7,60,1.0
2023-12-28 15:00,59.34,58.9,59.8,60,1.0
2023-12-28 16:00,59.32,58.9,59.8,59,0.983
2023-12-28 17:00,59.21,58.9,59.7,60,1.0
2023-12-28 18:00,59.21,59.0,59.6,60,1.0
2023-12-28 19:00,59.19,58.9,59.7,60,1.0
2023-12-28 20:00,59.24,58.9,59.6,60,1.0
2023-12-28 21:00,59.23,58.9,59.9,60,1.0
2023-12-28 22:00,59.32,58.9,59.8,60,1.0
2023-12-28 23:00,59.26,58.9,59.7,60,1.0
2023-12-29 00:00,59.34,58.9,59.7,60,1.0
2023-12-29 01:00,59.29,58.9,59.7,60,1.0
2023-12-29 02:00,59.22,58.9,59.6,60,1.0
2023-12-29 03:00,59.22,58.9,59.7,59,0.983
2023-12-29 04:00,59.19,58.8,59.6,60,1.0
2023-12-29 05:00,59.19,58.8,59.6,60,1.0
2023-12-29 06:00,59.2,58.8,59.6,60,1.0
2023-12-29 07:00,59.2,58.8,59.6,60,1.0
2023-12-29 08:00,59.18,58.8,59.6,60,1.0
2023-12-29 09:00,59.14,58.8,59.6,60,1.0
2023-12-29 10:00,59.14,58.8,59.6,60,1.0
2023-12-29 11:00,59.08,58.8,59.5,60,1.0
2023-12-29 12:00,59.05,58.8,59.6,60,1.0
2023-12-29 13:00,59.01,58.8,59.3,60,1.0
2023-12-29 14:00,59.06,58.8,59.4,60,1.0
2023-12-29 15:00,59.18,58.8,59.7,60,1.0
2023-12-29 16:00,59.12,58.7,59.6,60,1.0
2023-12-29 17:00,59.1,58.7,59.5,60,1.0
2023-12-29 18:00,58.96,58.7,59.4,60,1.0
2023-12-29 19:00,58.92,58.7,59.5,57,0.95
2023-12-29 20:00,58.92,58.6,59.4,47,0.783
2023-12-29 21:00,58.94,58.6,59.4,60,1.0
2023-12-29 22:00,58.96,58.6,59.5,60,1.0
2023-12-29 23:00,59.0,58.6,59.5,60,1.0
2023-12-30 00:00,59.0,58.6,59.4,60,1.0
2023-12-30 01:00,58.97,58.6,59.4,60,1.0
2023-12-30 02:00,59.0,58.6,59.4,60,1.0
2023-12-30 03:00,58.96,58.6,59.6,60,1.0
2023-12-30 04:00,58.98,58.5,59.3,60,1.0
2023-12-30 05:00,58.91,58.5,59.3,60,1.0
2023-12-30 06:00,58.91,58.6,59.3,60,1.0
2023-12-30 07:00,58.9,58.6,59.3,60,1.0
2023-12-30 08:00,58.94,58.5,59.3,60,1.0
2023-12-30 09:00,58.9,58.5,59.5,60,1.0
2023-12-30 10:00,58.92,58.6,59.3,60,1.0
2023-12-30 11:00,58.88,58.6,59.4,60,1.0
2023-12-30 12:00,58.87,58.5,59.4,60,1.0
2023-12-30 13:00,58.88,58.5,59.3,60,1.0
2023-12-30 14:00,58.88,58.5,59.3,60,1.0
2023-12-30 15:00,58.91,58.6,59.3,60,1.0
2023-12-30 16:00,58.89,58.5,59.3,60,1.0
2023-12-30 17:00,58.79,58.5,59.2,60,1.0
2023-12-30 18:00,58.83,58.5,59.3,60,1.0
2023-12-30 19:00,58.8,58.5,59.3,60,1.0
2023-12-30 20:00,58.86,58.5,59.6,60,1.0
2023-12-30 21:00,58.84,58.5,59.4,60,1.0
2023-12-30 22:00,58.86,58.5,59.3,60,1.0
2023-12-30 23:00,58.9,58.5,59.3,60,1.0
2023-12-31 00:00,58.9,58.5,59.3,60,1.0
2023-12-31 01:00,58.9,58.5,59.3,60,1.0
2023-12-31 02:00,58.95,58.5,59.4,60,1.0
2023-12-31 03:00,58.87,58.5,59.3,52,0.867
2023-12-31 04:00,58.95,58.5,59.4,53,0.883
2023-12-31 05:00,58.9,58.5,59.2,60,1.0
2023-12-31 06:00,58.89,58.5,59.3,60,1.0
2023-12-31 07:00,58.85,58.4,59.3,60,1.0
2023-12-31 08:00,58.82,58.5,59.2,60,1.0
2023-12-31 09:00,58.74,58.5,59.2,60,1.0
2023-12-31 10:00,58.76,58.5,59.4,60,1.0
2023-12-31 11:00,58.88,58.5,59.2,60,1.0
2023-12-31 12:00,58.8,58.5,59.4,60,1.0
2023-12-31 13:00,58.68,58.4,59.0,60,1.0
2023-12-31 14:00,58.7,58.4,59.2,60,1.0
2023-12-31 15:00,58.72,58.4,59.1,60,1.0
2023-12-31 16:00,58.68,58.4,59.1,60,1.0
2023-12-31 17:00,58.79,58.4,59.2,60,1.0
2023-12-31 18:00,58.71,58.4,59.1,60,1.0
2023-12-31 19:00,58.68,58.4,59.1,60,1.0
2023-12-31 20:00,58.67,58.4,59.2,60,1.0
2023-12-31 21:00,58.69,58.4,59.2,60,1.0
2023-12-31 22:00,58.95,58.5,59.5,60,1.0
2023-12-31 23:00,59.31,59.1,59.7,59,0.983
2024-01-01 00:00,59.41,59.1,59.8,60,1.0
2024-01-01 01:00,59.44,59.1,59.9,60,1.0
2024-01-01 02:00,59.49,59.2,59.8,60,1.0
2024-01-01 03:00,59.49,59.2,59.8,60,1.0
2024-01-01 04:00,59.52,59.1,59.8,60,1.0
2024-01-01 05:00,60.24,59.8,60.8,60,1.0
2024-01-01 06:00,61.36,60.6,61.9,60,1.0
2024-01-01 07:00,61.92,61.5,62.3,60,1.0
2024-01-01 08:00,62.12,61.9,62.6,60,1.0
2024-01-01 09:00,62.28,62.0,62.6,59,0.983
2024-01-01 10:00,62.3,62.1,62.7,48,0.8
2024-01-01 11:00,62.29,62.0,62.7,60,1.0
2024-01-01 12:00,62.12,61.9,62.6,60,1.0
2024-01-01 13:00,62.06,61.9,62.5,60,1.0
2024-01-01 14:00,62.1,61.9,62.5,60,1.0
2024-01-01 15:00,62.07,61.8,62.4,60,1.0
2024-01-01 16:00,62.06,61.8,62.6,60,1.0
2024-01-01 17:00,62.16,61.9,62.5,60,1.0
2024-01-01 18:00,62.08,61.8,62.4,60,1.0
2024-01-01 19:00,62.0,61.8,62.5,60,1.0
2024-01-01 20:00,62.05,61.8,62.4,60,1.0
2024-01-01 21:00,62.02,61.7,62.4,60,1.0
2024-01-01 22:00,61.94,61.7,62.4,60,1.0
2024-01-01 23:00,61.9,61.7,62.3,60,1.0
2024-01-02 00:00,61.9,61.7,62.3,60,1.0
2024-01-02 01:00,61.9,61.6,62.2,60,1.0
2024-01-02 02:00,61.89,61.6,62.2,60,1.0
2024-01-02 03:00,61.8,61.5,62.1,60,1.0
2024-01-02 04:00,61.72,61.5,62.0,60,1.0
2024-01-02 05:00,61.72,61.5,62.4,60,1.0
2024-01-02 06:00,61.67,61.4,62.1,60,1.0
2024-01-02 07:00,61.66,61.4,62.1,60,1.0
2024-01-02 08:00,61.69,61.4,62.1,60,1.0
2024-01-02 09:00,61.64,61.4,62.1,60,1.0
2024-01-02 10:00,61.58,61.4,61.9,60,1.0
2024-01-02 11:00,61.5,61.3,61.9,60,1.0
2024-01-02 12:00,61.48,61.3,61.8,60,1.0
2024-01-02 13:00,61.38,61.2,62.1,60,1.0
2024-01-02 14:00,61.34,61.1,61.9,60,1.0
2024-01-02 15:00,61.33,61.1,61.7,60,1.0
2024-01-02 16:00,61.32,61.1,61.7,60,1.0
2024-01-02 17:00,61.32,61.0,61.6,60,1.0
2024-01-02 18:00,61.18,60.9,61.6,60,1.0
2024-01-02 19:00,61.16,60.9,61.6,60,1.0
2024-01-02 20:00,61.09,60.9,61.5,60,1.0
2024-01-02 21:00,61.11,60.8,61.5,60,1.0
2024-01-02 22:00,61.11,60.8,61.4,52,0.867
2024-01-02 23:00,61.1,60.8,61.6,47,0.783
2024-01-03 00:00,61.05,60.7,61.4,50,0.833
2024-01-03 01:00,61.02,60.7,61.4,58,0.967
2024-01-03 02:00,61.0,60.8,61.3,60,1.0
2024-01-03 03:00,60.88,60.7,61.3,60,1.0
2024-01-03 04:00,61.18,60.7,61.7,60,1.0
2024-01-03 05:00,61.44,61.1,61.8,60,1.0
2024-01-03 06:00,61.64,61.4,62.1,59,0.983
2024-01-03 07:00,61.76,61.4,62.1,60,1.0
2024-01-03 08:00,61.81,61.6,62.1,60,1.0
2024-01-03 09:00,61.88,61.6,62.3,60,1.0
2024-01-03 10:00,61.88,61.7,62.2,60,1.0
2024-01-03 11:00,61.89,61.7,62.3,60,1.0
2024-01-03 12:00,61.8,61.6,62.2,60,1.0
2024-01-03 13:00,61.85,61.6,62.1,60,1.0
2024-01-03 14:00,61.98,61.8,62.3,60,1.0
2024-01-03 15:00,61.94,61.7,62.4,60,1.0
2024-01-03 16:00,61.93,61.7,62.2,60,1.0
2024-01-03 17:00,61.96,61.7,62.4,60,1.0
2024-01-03 18:00,61.84,61.6,62.2,59,0.983
2024-01-03 19:00,61.8,61.6,62.2,59,0.983
2024-01-03 20:00,61.8,61.6,62.3,60,1.0
2024-01-03 21:00,61.74,61.6,62.1,60,1.0
2024-01-03 22:00,61.72,61.5,62.1,60,1.0
2024-01-03 23:00,61.69,61.5,62.1,60,1.0
2024-01-04 00:00,61.71,61.5,62.1,60,1.0
2024-01-04 01:00,61.67,61.4,62.0,60,1.0
2024-01-04 02:00,61.63,61.4,62.0,60,1.0
2024-01-04 03:00,61.67,61.3,62.0,60,1.0
2024-01-04 04:00,61.66,61.4,62.0,60,1.0
2024-01-04 05:00,61.6,61.3,62.0,60,1.0
2024-01-04 06:00,61.6,61.3,62.0,60,1.0
2024-01-04 07:00,61.58,61.3,62.0,60,1.0
2024-01-04 08:00,61.56,61.3,62.0,60,1.0
2024-01-04 09:00,61.48,61.3,61.9,60,1.0
2024-01-04 10:00,61.52,61.3,61.8,60,1.0
2024-01-04 11:00,61.45,61.3,61.8,59,0.983
2024-01-04 12:00,61.4,61.2,61.7,60,1.0
2024-01-04 13:00,61.36,61.1,61.7,60,1.0
2024-01-04 14:00,61.41,61.1,61.8,60,1.0
2024-01-04 15:00,61.35,61.1,61.7,60,1.0
2024-01-04 16:00,61.18,61.0,61.7,60,1.0
2024-01-04 17:00,61.18,61.0,61.6,60,1.0
2024-01-04 18:00,61.17,60.9,61.6,60,1.0
2024-01-04 19:00,61.13,60.9,61.4,53,0.883
2024-01-04 20:00,61.05,60.8,61.5,54,0.9
2024-01-04 21:00,61.01,60.8,61.4,60,1.0
2024-01-04 22:00,61.0,60.8,61.4,60,1.0
2024-01-04 23:00,61.02,60.8,61.5,60,1.0
2024-01-05 00:00,61.01,60.8,61.4,60,1.0
2024-01-05 01:00,60.99,60.8,61.4,60,1.0
2024-01-05 02:00,60.94,60.7,61.3,60,1.0
2024-01-05 03:00,60.95,60.7,61.3,60,1.0
2024-01-05 04:00,61.06,60.7,61.6,60,1.0
2024-01-05 05:00,60.96,60.8,61.3,60,1.0
2024-01-05 06:00,60.94,60.7,61.4,60,1.0
2024-01-05 07:00,60.96,60.6,61.5,60,1.0
2024-01-05 08:00,60.94,60.7,61.9,60,1.0
2024-01-05 09:00,60.86,60.7,61.2,60,1.0
2024-01-05 10:00,60.88,60.7,61.2,60,1.0
2024-01-05 11:00,60.94,60.7,61.3,60,1.0
2024-01-05 12:00,60.89,60.7,61.3,60,1.0
2024-01-05 13:00,60.91,60.6,61.3,60,1.0
2024-01-05 14:00,60.84,60.6,61.2,60,1.0
2024-01-05 15:00,60.76,60.5,61.2,60,1.0
2024-01-05 16:00,60.84,60.5,61.2,60,1.0
2024-01-05 17:00,60.81,60.5,61.2,60,1.0
2024-01-05 18:00,60.69,60.4,61.1,60,1.0
2024-01-05 19:00,60.61,60.4,61.0,60,1.0
2024-01-05 20:00,60.57,60.3,61.0,60,1.0
2024-01-05 21:00,60.57,60.4,61.0,60,1.0
2024-01-05 22:00,60.56,60.4,61.0,60,1.0
2024-01-05 23:00,60.57,60.4,60.9,53,0.883
2024-01-06 00:00,60.72,60.4,61.1,45,0.75
2024-01-06 01:00,60.61,60.3,60.9,59,0.983
2024-01-06 02:00,60.61,60.3,61.1,60,1.0
2024-01-06 03:00,60.48,60.3,60.9,60,1.0
2024-01-06 04:00,60.5,60.3,60.9,60,1.0
2024-01-06 05:00,60.45,60.3,60.8,60,1.0
2024-01-06 06:00,60.4,60.2,60.7,60,1.0
2024-01-06 07:00,60.45,60.2,60.8,59,0.983
2024-01-06 08:00,60.48,60.1,60.8,60,1.0
2024-01-06 09:00,60.36,60.1,60.7,60,1.0
2024-01-06 10:00,60.28,60.1,60.8,60,1.0
2024-01-06 11:00,60.28,60.1,60.7,60,1.0
2024-01-06 12:00,60.28,60.1,60.6,60,1.0
2024-01-06 13:00,60.52,60.2,60.9,60,1.0
2024-01-06 14:00,60.81,60.5,61.4,60,1.0
2024-01-06 15:00,60.95,60.6,61.4,60,1.0
2024-01-06 16:00,61.23,60.8,61.6,60,1.0
2024-01-06 17:00,61.55,61.2,61.9,60,1.0
2024-01-06 18:00,61.91,61.5,62.4,60,1.0
2024-01-06 19:00,62.31,62.0,62.7,60,1.0
2024-01-06 20:00,62.49,62.2,63.0,60,1.0
2024-01-06 21:00,62.53,62.3,62.9,60,1.0
2024-01-06 22:00,62.52,62.3,63.0,60,1.0
2024-01-06 23:00,62.48,62.3,63.0,60,1.0
2024-01-07 00:00,62.5,62.3,63.0,60,1.0
2024-01-07 01:00,62.48,62.3,62.8,60,1.0
2024-01-07 02:00,62.49,62.2,62.9,60,1.0
2024-01-07 03:00,62.4,62.2,62.8,60,1.0
2024-01-07 04:00,62.48,62.2,62.8,60,1.0
2024-01-07 05:00,62.37,62.1,62.8,60,1.0
2024-01-07 06:00,62.36,62.1,62.8,60,1.0
2024-01-07 07:00,62.53,62.3,62.9,60,1.0
2024-01-07 08:00,62.82,62.5,63.2,60,1.0
2024-01-07 09:00,63.39,62.8,64.1,60,1.0
2024-01-07 10:00,64.36,63.6,65.1,53,0.883
2024-01-07 11:00,65.33,64.8,65.8,58,0.967
2024-01-07 12:00,66.51,65.6,67.5,60,1.0
2024-01-07 13:00,68.58,67.3,70.4,53,0.883
2024-01-07 14:00,70.99,70.0,71.9,49,0.817
2024-01-07 15:00,71.4,70.9,71.8,60,1.0
2024-01-07 16:00,70.96,70.7,71.5,53,0.883
2024-01-07 17:00,71.0,70.6,71.4,60,1.0
2024-01-07 18:00,70.65,70.3,71.1,60,1.0
2024-01-07 19:00,70.39,70.1,70.9,60,1.0
2024-01-07 20:00,70.94,70.2,71.8,60,1.0
2024-01-07 21:00,71.37,71.1,71.9,60,1.0
2024-01-07 22:00,71.04,70.6,71.8,59,0.983
2024-01-07 23:00,70.69,70.4,71.1,60,1.0
2024-01-08 00:00,70.64,70.4,71.0,60,1.0
2024-01-08 01:00,70.69,70.4,71.1,60,1.0
2024-01-08 02:00,71.14,70.6,71.9,60,1.0
2024-01-08 03:00,72.25,71.4,73.5,60,1.0
2024-01-08 04:00,73.39,72.9,73.9,60,1.0
2024-01-08 05:00,73.96,73.2,75.0,60,1.0
2024-01-08 06:00,74.64,74.2,75.2,60,1.0
2024-01-08 07:00,74.51,74.1,75.1,60,1.0
2024-01-08 08:00,75.71,74.5,76.8,60,1.0
2024-01-08 09:00,75.96,75.3,76.6,60,1.0
2024-01-08 10:00,74.86,74.2,75.6,60,1.0
2024-01-08 11:00,73.95,73.3,74.6,60,1.0
2024-01-08 12:00,73.29,72.8,73.9,60,1.0
2024-01-08 13:00,72.86,72.5,73.4,60,1.0
2024-01-08 14:00,72.36,72.0,73.0,60,1.0
2024-01-08 15:00,71.97,71.5,72.4,60,1.0
2024-01-08 16:00,71.57,71.1,72.2,60,1.0
2024-01-08 17:00,71.1,70.7,71.6,60,1.0
2024-01-08 18:00,70.73,70.3,71.3,60,1.0
2024-01-08 19:00,70.31,70.0,70.8,55,0.917
2024-01-08 20:00,69.98,69.7,70.4,50,0.833
2024-01-08 21:00,69.65,69.3,70.2,60,1.0
2024-01-08 22:00,69.26,68.9,69.8,60,1.0
2024-01-08 23:00,68.99,68.6,69.6,60,1.0
2024-01-09 00:00,68.67,68.2,69.1,60,1.0
2024-01-09 01:00,68.4,68.0,68.8,60,1.0
2024-01-09 02:00,68.02,67.7,68.5,60,1.0
2024-01-09 03:00,67.79,67.4,68.2,60,1.0
2024-01-09 04:00,67.58,67.3,68.1,60,1.0
2024-01-09 05:00,67.34,67.1,67.9,60,1.0
2024-01-09 06:00,67.2,66.9,67.6,60,1.0
2024-01-09 07:00,67.07,66.7,67.5,60,1.0
2024-01-09 08:00,67.01,66.6,67.5,60,1.0
2024-01-09 09:00,66.81,66.5,67.2,60,1.0
2024-01-09 10:00,66.66,66.4,67.3,60,1.0
2024-01-09 11:00,66.47,66.1,66.9,60,1.0
2024-01-09 12:00,66.26,66.0,66.6,60,1.0
2024-01-09 13:00,66.08,65.7,66.6,60,1.0
2024-01-09 14:00,65.95,65.6,66.5,60,1.0
2024-01-09 15:00,65.86,65.5,66.2,60,1.0
2024-01-09 16:00,65.71,65.4,66.1,60,1.0
2024-01-09 17:00,65.64,65.3,66.1,60,1.0
2024-01-09 18:00,65.54,65.2,65.9,60,1.0
2024-01-09 19:00,65.49,65.1,65.9,60,1.0
2024-01-09 20:00,65.36,65.0,65.8,60,1.0
2024-01-09 21:00,65.24,64.9,65.8,60,1.0
2024-01-09 22:00,65.12,64.8,65.6,60,1.0
2024-01-09 23:00,64.99,64.7,65.3,56,0.933
2024-01-10 00:00,65.04,64.7,65.5,48,0.8
2024-01-10 01:00,64.88,64.6,65.4,60,1.0
2024-01-10 02:00,64.86,64.5,65.3,60,1.0
2024-01-10 03:00,64.8,64.5,65.3,60,1.0
2024-01-10 04:00,64.7,64.3,65.1,60,1.0
2024-01-10 05:00,64.67,64.3,65.1,60,1.0
2024-01-10 06:00,64.51,64.2,65.0,60,1.0
2024-01-10 07:00,64.43,64.1,65.0,60,1.0
2024-01-10 08:00,64.42,64.1,64.9,60,1.0
2024-01-10 09:00,64.44,64.1,64.9,60,1.0
2024-01-10 10:00,64.36,64.1,64.7,60,1.0
2024-01-10 11:00,64.32,64.0,64.8,60,1.0
2024-01-10 12:00,64.28,63.9,64.7,60,1.0
2024-01-10 13:00,64.08,63.8,64.5,60,1.0
2024-01-10 14:00,64.1,63.8,64.4,60,1.0
2024-01-10 15:00,64.0,63.7,64.4,60,1.0
2024-01-10 16:00,63.9,63.6,64.3,60,1.0
2024-01-10 17:00,63.86,63.6,64.3,60,1.0
2024-01-10 18:00,63.86,63.5,64.3,60,1.0
2024-01-10 19:00,63.79,63.4,64.2,60,1.0
2024-01-10 20:00,63.75,63.4,64.2,60,1.0
2024-01-10 21:00,63.73,63.4,64.1,59,0.983
2024-01-10 22:00,63.65,63.3,64.1,60,1.0
2024-01-10 23:00,63.62,63.3,64.0,59,0.983
2024-01-11 00:00,63.61,63.2,64.0,60,1.0
2024-01-11 01:00,63.52,63.2,63.9,60,1.0
2024-01-11 02:00,63.58,63.2,64.1,60,1.0
2024-01-11 03:00,63.89,63.5,64.2,60,1.0
2024-01-11 04:00,63.86,63.6,64.3,60,1.0
2024-01-11 05:00,63.93,63.6,64.3,59,0.983
2024-01-11 06:00,63.9,63.6,64.4,60,1.0
2024-01-11 07:00,63.86,63.6,64.2,60,1.0
2024-01-11 08:00,63.81,63.6,64.3,60,1.0
2024-01-11 09:00,63.88,63.6,64.4,60,1.0
2024-01-11 10:00,63.84,63.6,64.2,59,0.983
2024-01-11 11:00,63.77,63.5,64.1,60,1.0
2024-01-11 12:00,63.73,63.4,64.2,58,0.967
2024-01-11 13:00,63.67,63.4,64.1,60,1.0
2024-01-11 14:00,63.64,63.3,64.1,60,1.0
2024-01-11 15:00,63.57,63.2,64.0,60,1.0
2024-01-11 16:00,63.51,63.2,63.9,60,1.0
2024-01-11 17:00,63.46,63.2,64.0,60,1.0
2024-01-11 18:00,63.41,63.1,63.9,60,1.0
2024-01-11 19:00,63.36,63.1,63.8,60,1.0
2024-01-11 20:00,63.36,63.1,63.7,60,1.0
2024-01-11 21:00,63.35,63.0,63.8,60,1.0
2024-01-11 22:00,63.25,62.9,63.7,60,1.0
2024-01-11 23:00,63.15,62.8,63.6,53,0.883
2024-01-12 00:00,63.09,62.8,63.6,50,0.833
2024-01-12 01:00,63.03,62.7,63.4,60,1.0
2024-01-12 02:00,63.0,62.7,63.4,60,1.0
2024-01-12 03:00,62.94,62.6,63.3,60,1.0
2024-01-12 04:00,62.92,62.6,63.5,60,1.0
2024-01-12 05:00,62.8,62.5,63.2,60,1.0
2024-01-12 06:00,62.74,62.4,63.2,60,1.0
2024-01-12 07:00,62.76,62.4,63.1,60,1.0
2024-01-12 08:00,62.67,62.3,63.0,60,1.0
2024-01-12 09:00,62.7,62.3,63.1,60,1.0
2024-01-12 10:00,62.65,62.4,63.0,60,1.0
2024-01-12 11:00,62.59,62.2,62.9,60,1.0
2024-01-12 12:00,62.48,62.2,62.9,60,1.0
2024-01-12 13:00,62.39,62.1,63.0,60,1.0
2024-01-12 14:00,62.34,62.0,62.7,60,1.0
2024-01-12 15:00,62.29,62.0,62.7,60,1.0
2024-01-12 16:00,62.27,62.0,62.7,60,1.0
2024-01-12 17:00,62.3,61.9,62.8,60,1.0
2024-01-12 18:00,62.21,61.9,62.6,60,1.0
2024-01-12 19:00,62.13,61.8,62.5,60,1.0
2024-01-12 20:00,62.08,61.8,62.5,60,1.0
2024-01-12 21:00,62.1,61.8,62.6,59,0.983
2024-01-12 22:00,62.14,61.7,62.5,60,1.0
2024-01-12 23:00,61.97,61.7,62.3,60,1.0
2024-01-13 00:00,61.92,61.6,62.3,60,1.0
2024-01-13 01:00,61.87,61.6,62.4,60,1.0
2024-01-13 02:00,61.8,61.6,62.2,60,1.0
2024-01-13 03:00,61.86,61.5,62.3,60,1.0
2024-01-13 04:00,61.77,61.5,62.2,60,1.0
2024-01-13 05:00,61.76,61.5,62.2,60,1.0
2024-01-13 06:00,61.67,61.4,62.2,60,1.0
2024-01-13 07:00,61.64,61.4,62.1,60,1.0
2024-01-13 08:00,61.68,61.4,62.4,60,1.0
2024-01-13 09:00,61.74,61.4,62.2,60,1.0
2024-01-13 10:00,61.79,61.5,62.2,51,0.85
2024-01-13 11:00,61.69,61.4,62.1,52,0.867
2024-01-13 12:00,61.59,61.3,62.0,55,0.917
2024-01-13 13:00,61.61,61.3,62.0,47,0.783
2024-01-13 14:00,61.57,61.2,62.1,58,0.967
2024-01-13 15:00,61.53,61.2,61.9,60,1.0
2024-01-13 16:00,61.48,61.1,61.9,60,1.0
2024-01-13 17:00,61.42,61.1,62.0,60,1.0
2024-01-13 18:00,61.3,61.1,61.8,60,1.0
2024-01-13 19:00,61.29,61.0,61.8,60,1.0
2024-01-13 20:00,61.26,61.0,61.7,60,1.0
2024-01-13 21:00,61.25,61.0,61.7,60,1.0
2024-01-13 22:00,61.31,61.0,61.7,60,1.0
2024-01-13 23:00,61.33,61.0,61.8,60,1.0
2024-01-14 00:00,61.33,60.9,61.7,59,0.983
2024-01-14 01:00,61.27,60.9,61.7,60,1.0
2024-01-14 02:00,61.28,60.9,61.8,60,1.0
2024-01-14 03:00,61.26,60.9,61.6,60,1.0
2024-01-14 04:00,61.24,60.9,61.7,60,1.0
2024-01-14 05:00,61.14,60.9,61.7,60,1.0
2024-01-14 06:00,61.11,60.9,61.5,60,1.0
2024-01-14 07:00,61.25,61.0,61.7,60,1.0
2024-01-14 08:00,61.33,61.1,61.7,60,1.0
2024-01-14 09:00,61.47,61.1,61.9,60,1.0
2024-01-14 10:00,61.52,61.2,61.9,60,1.0
2024-01-14 11:00,61.45,61.1,61.8,60,1.0
2024-01-14 12:00,61.45,61.2,62.0,60,1.0
2024-01-14 13:00,61.52,61.2,62.0,60,1.0
2024-01-14 14:00,61.46,61.2,61.8,60,1.0
2024-01-14 15:00,61.42,61.1,61.8,60,1.0
2024-01-14 16:00,61.43,61.1,61.9,60,1.0
2024-01-14 17:00,61.37,61.1,61.8,60,1.0
2024-01-14 18:00,61.34,61.1,61.7,47,0.783
2024-01-14 19:00,61.36,61.1,61.7,56,0.933
2024-01-14 20:00,61.33,61.0,61.8,60,1.0
2024-01-14 21:00,61.42,61.1,61.9,60,1.0
2024-01-14 22:00,61.33,61.0,61.7,60,1.0
2024-01-14 23:00,61.4,61.0,61.9,60,1.0
2024-01-15 00:00,61.66,61.3,62.2,60,1.0
2024-01-15 01:00,62.08,61.7,62.7,60,1.0
2024-01-15 02:00,63.8,62.2,65.8,60,1.0
2024-01-15 03:00,68.6,65.6,71.0,60,1.0
2024-01-15 04:00,73.32,70.9,76.2,60,1.0
2024-01-15 05:00,77.1,76.1,77.9,60,1.0
2024-01-15 06:00,77.57,77.2,78.3,60,1.0
2024-01-15 07:00,76.76,75.6,77.9,60,1.0
2024-01-15 08:00,74.92,74.1,75.9,60,1.0
2024-01-15 09:00,73.77,73.2,74.6,60,1.0
2024-01-15 10:00,72.76,72.2,73.6,60,1.0
2024-01-15 11:00,72.08,71.7,72.5,60,1.0
2024-01-15 12:00,71.6,71.2,72.1,60,1.0
2024-01-15 13:00,71.16,70.8,71.8,60,1.0
2024-01-15 14:00,70.76,70.4,71.3,60,1.0
2024-01-15 15:00,70.36,70.1,70.9,60,1.0
2024-01-15 16:00,70.01,69.8,70.4,60,1.0
2024-01-15 17:00,69.67,69.4,70.3,60,1.0
2024-01-15 18:00,69.42,69.1,70.0,60,1.0
2024-01-15 19:00,69.19,68.8,69.6,60,1.0
2024-01-15 20:00,68.91,68.6,69.4,60,1.0
2024-01-15 21:00,68.74,68.4,69.2,60,1.0
2024-01-15 22:00,68.57,68.3,69.1,60,1.0
2024-01-15 23:00,68.37,68.1,68.8,60,1.0
2024-01-16 00:00,68.24,67.9,68.6,60,1.0
2024-01-16 01:00,68.07,67.8,68.7,60,1.0
2024-01-16 02:00,67.89,67.7,68.3,60,1.0
2024-01-16 03:00,67.73,67.5,68.2,60,1.0
2024-01-16 04:00,67.65,67.4,68.1,47,0.783
2024-01-16 05:00,67.53,67.3,67.9,60,1.0
2024-01-16 06:00,67.49,67.2,67.9,60,1.0
2024-01-16 07:00,67.36,67.1,67.7,60,1.0
2024-01-16 08:00,67.26,67.0,67.6,60,1.0
2024-01-16 09:00,67.16,67.0,67.5,60,1.0
2024-01-16 10:00,67.13,66.9,67.6,60,1.0
2024-01-16 11:00,66.94,66.7,67.4,60,1.0
2024-01-16 12:00,66.82,66.6,67.3,60,1.0
2024-01-16 13:00,66.69,66.5,67.2,60,1.0
2024-01-16 14:00,66.72,66.4,67.1,60,1.0
2024-01-16 15:00,66.62,66.3,67.0,60,1.0
2024-01-16 16:00,66.42,66.2,66.9,60,1.0
2024-01-16 17:00,66.3,66.1,66.7,60,1.0
2024-01-16 18:00,66.26,66.0,66.7,60,1.0
2024-01-16 19:00,66.29,66.0,66.6,59,0.983
2024-01-16 20:00,66.14,65.9,66.5,60,1.0
2024-01-16 21:00,66.07,65.8,66.4,59,0.983
2024-01-16 22:00,66.05,65.7,66.4,60,1.0
2024-01-16 23:00,65.93,65.7,66.3,60,1.0
2024-01-17 00:00,65.92,65.6,66.3,60,1.0
2024-01-17 01:00,65.84,65.5,66.2,60,1.0
2024-01-17 02:00,65.73,65.5,66.2,60,1.0
2024-01-17 03:00,65.64,65.4,66.0,60,1.0
2024-01-17 04:00,65.65,65.4,66.1,60,1.0
2024-01-17 05:00,65.56,65.3,65.9,59,0.983
2024-01-17 06:00,65.54,65.3,65.9,60,1.0
2024-01-17 07:00,65.51,65.2,65.8,60,1.0
2024-01-17 08:00,65.48,65.3,66.0,59,0.983
2024-01-17 09:00,65.82,65.4,66.4,60,1.0
2024-01-17 10:00,68.53,66.2,70.6,59,0.983
2024-01-17 11:00,70.3,70.1,70.7,60,1.0
2024-01-17 12:00,69.98,69.8,70.5,60,1.0
2024-01-17 13:00,69.72,69.5,70.1,60,1.0
2024-01-17 14:00,69.44,69.2,69.9,60,1.0
2024-01-17 15:00,69.28,68.9,69.7,60,1.0
2024-01-17 16:00,69.05,68.7,69.5,60,1.0
2024-01-17 17:00,68.87,68.5,69.3,53,0.883
2024-01-17 18:00,68.66,68.3,69.0,51,0.85
2024-01-17 19:00,68.46,68.1,68.8,60,1.0
2024-01-17 20:00,68.19,67.9,68.6,60,1.0
2024-01-17 21:00,67.98,67.8,68.4,60,1.0
2024-01-17 22:00,67.78,67.6,68.2,60,1.0
2024-01-17 23:00,67.72,67.5,68.2,60,1.0
2024-01-18 00:00,67.54,67.3,68.0,60,1.0
2024-01-18 01:00,67.4,67.2,68.0,60,1.0
2024-01-18 02:00,67.3,67.1,67.8,60,1.0
2024-01-18 03:00,67.18,66.9,67.6,60,1.0
2024-01-18 04:00,67.02,66.8,67.5,60,1.0
2024-01-18 05:00,66.97,66.7,67.4,60,1.0
2024-01-18 06:00,66.86,66.6,67.2,60,1.0
2024-01-18 07:00,66.82,66.6,67.2,60,1.0
2024-01-18 08:00,66.69,66.5,67.1,60,1.0
2024-01-18 09:00,66.68,66.5,67.1,60,1.0
2024-01-18 10:00,66.63,66.4,67.1,60,1.0
2024-01-18 11:00,66.54,66.2,66.9,60,1.0
2024-01-18 12:00,66.27,66.1,66.7,60,1.0
2024-01-18 13:00,66.28,66.0,66.6,60,1.0
2024-01-18 14:00,66.19,65.9,66.5,59,0.983
2024-01-18 15:00,66.08,65.8,66.4,60,1.0
2024-01-18 16:00,65.9,65.7,66.3,59,0.983
2024-01-18 17:00,65.71,65.6,66.2,60,1.0
2024-01-18 18:00,65.74,65.5,66.2,60,1.0
2024-01-18 19:00,65.67,65.4,66.1,60,1.0
2024-01-18 20:00,65.64,65.3,66.0,57,0.95
2024-01-18 21:00,65.51,65.3,65.8,44,0.733
2024-01-18 22:00,65.43,65.2,65.8,53,0.883
2024-01-18 23:00,65.33,65.1,65.7,55,0.917
2024-01-19 00:00,65.3,65.1,65.7,58,0.967
2024-01-19 01:00,65.19,65.0,65.6,49,0.817
2024-01-19 02:00,65.15,64.9,65.6,54,0.9
2024-01-19 03:00,65.1,64.9,65.5,52,0.867
2024-01-19 04:00,65.04,64.8,65.5,52,0.867
2024-01-19 05:00,65.0,64.7,65.3,53,0.883
2024-01-19 06:00,64.96,64.7,65.3,60,1.0
2024-01-19 07:00,64.94,64.6,65.3,60,1.0
2024-01-19 08:00,64.84,64.6,65.2,60,1.0
2024-01-19 09:00,64.82,64.5,65.1,60,1.0
2024-01-19 10:00,64.79,64.6,65.1,60,1.0
2024-01-19 11:00,64.76,64.5,65.1,60,1.0
2024-01-19 12:00,64.74,64.4,65.1,60,1.0
2024-01-19 13:00,64.64,64.4,65.1,60,1.0
2024-01-19 14:00,64.48,64.3,64.9,60,1.0
2024-01-19 15:00,64.4,64.2,64.8,60,1.0
2024-01-19 16:00,64.39,64.2,64.8,60,1.0
2024-01-19 17:00,64.41,64.2,64.7,60,1.0
2024-01-19 18:00,64.39,64.1,64.7,60,1.0
2024-01-19 19:00,64.36,64.1,64.7,60,1.0
2024-01-19 20:00,64.28,64.0,64.7,60,1.0
2024-01-19 21:00,64.28,64.0,64.7,60,1.0
2024-01-19 22:00,64.27,64.1,64.7,60,1.0
2024-01-19 23:00,64.4,64.1,64.7,60,1.0
2024-01-20 00:00,64.5,64.1,64.8,60,1.0
2024-01-20 01:00,66.79,64.5,69.2,60,1.0
2024-01-20 02:00,69.68,69.0,70.1,60,1.0
2024-01-20 03:00,70.18,69.6,71.1,60,1.0
2024-01-20 04:00,71.73,70.9,72.4,60,1.0
2024-01-20 05:00,74.06,71.8,76.2,60,1.0
2024-01-20 06:00,76.4,75.7,77.1,60,1.0
2024-01-20 07:00,76.5,75.5,77.2,60,1.0
2024-01-20 08:00,74.8,73.9,75.8,60,1.0
2024-01-20 09:00,73.36,72.8,74.2,55,0.917
2024-01-20 10:00,72.32,71.7,73.0,51,0.85
2024-01-20 11:00,71.53,70.9,72.1,60,1.0
2024-01-20 12:00,70.9,70.4,71.4,60,1.0
2024-01-20 13:00,70.42,69.9,70.9,60,1.0
2024-01-20 14:00,69.97,69.5,70.4,60,1.0
2024-01-20 15:00,69.49,69.1,70.2,60,1.0
2024-01-20 16:00,69.15,68.8,69.6,60,1.0
2024-01-20 17:00,68.82,68.5,69.3,60,1.0
2024-01-20 18:00,68.49,68.2,68.9,60,1.0
2024-01-20 19:00,68.18,67.9,68.8,60,1.0
2024-01-20 20:00,67.88,67.7,68.3,60,1.0
2024-01-20 21:00,67.66,67.4,68.2,60,1.0
2024-01-20 22:00,67.55,67.2,68.0,60,1.0
2024-01-20 23:00,67.23,66.9,67.6,60,1.0
2024-01-21 00:00,67.07,66.8,67.6,60,1.0
2024-01-21 01:00,66.91,66.6,67.4,60,1.0
2024-01-21 02:00,66.77,66.4,67.1,60,1.0
2024-01-21 03:00,66.59,66.2,67.0,60,1.0
2024-01-21 04:00,66.43,66.1,66.8,60,1.0
2024-01-21 05:00,66.41,66.1,66.8,17,0.283
2024-02-09 12:00,55.56,55.2,55.9,41,0.683
2024-02-09 13:00,55.58,55.2,55.9,56,0.933
2024-02-09 14:00,55.4,55.1,55.9,60,1.0
2024-02-09 15:00,55.36,55.1,55.7,60,1.0
2024-02-09 16:00,55.4,55.1,55.9,60,1.0
2024-02-09 17:00,55.42,55.1,55.8,60,1.0
2024-02-09 18:00,55.35,55.0,55.8,60,1.0
2024-02-09 19:00,55.28,55.0,55.7,60,1.0
2024-02-09 20:00,55.33,55.0,55.8,60,1.0
2024-02-09 21:00,55.31,55.0,55.7,60,1.0
2024-02-09 22:00,55.4,55.0,55.8,60,1.0
2024-02-09 23:00,55.33,55.0,55.7,60,1.0
2024-02-10 00:00,55.3,55.0,55.7,60,1.0
2024-02-10 01:00,55.26,55.0,55.7,60,1.0
2024-02-10 02:00,55.33,55.0,55.7,60,1.0
2024-02-10 03:00,55.29,54.9,55.7,60,1.0
2024-02-10 04:00,55.37,55.0,55.7,60,1.0
2024-02-10 05:00,55.34,55.0,55.7,60,1.0
2024-02-10 06:00,55.24,55.0,55.7,60,1.0
2024-02-10 07:00,55.26,55.0,55.6,60,1.0
2024-02-10 08:00,55.28,55.0,55.7,60,1.0
2024-02-10 09:00,55.16,55.0,55.6,60,1.0
2024-02-10 10:00,55.2,54.9,55.7,60,1.0
2024-02-10 11:00,55.29,54.9,55.6,60,1.0
2024-02-10 12:00,55.57,55.1,56.3,60,1.0
2024-02-10 13:00,56.54,56.0,57.2,60,1.0
2024-02-10 14:00,58.24,57.0,59.7,60,1.0
2024-02-10 15:00,60.94,59.5,62.3,60,1.0
2024-02-10 16:00,62.68,62.0,63.4,60,1.0
2024-02-10 17:00,63.12,62.9,63.5,60,1.0
2024-02-10 18:00,64.18,63.1,66.3,60,1.0
2024-02-10 19:00,71.36,66.1,74.4,60,1.0
2024-02-10 20:00,75.92,74.3,76.8,60,1.0
2024-02-10 21:00,75.53,75.1,76.2,60,1.0
2024-02-10 22:00,74.51,73.5,75.4,60,1.0
2024-02-10 23:00,72.5,71.6,73.4,60,1.0
2024-02-11 00:00,71.04,70.2,72.0,60,1.0
2024-02-11 01:00,69.94,69.2,70.7,60,1.0
2024-02-11 02:00,68.8,68.1,69.6,60,1.0
2024-02-11 03:00,67.92,67.4,68.5,60,1.0
2024-02-11 04:00,67.52,67.1,68.1,60,1.0
2024-02-11 05:00,67.35,66.9,68.2,60,1.0
2024-02-11 06:00,67.95,67.4,69.0,60,1.0
2024-02-11 07:00,68.74,68.5,69.3,54,0.9
2024-02-11 08:00,69.6,68.7,70.2,43,0.717
2024-02-11 09:00,69.34,69.0,69.9,59,0.983
2024-02-11 10:00,69.27,68.8,69.7,60,1.0
2024-02-11 11:00,68.75,68.3,69.3,60,1.0
2024-02-11 12:00,69.09,68.5,69.7,50,0.833
2024-02-11 13:00,69.73,69.3,70.3,52,0.867
2024-02-11 14:00,69.44,68.9,70.0,60,1.0
2024-02-11 15:00,68.78,68.3,69.3,60,1.0
2024-02-11 16:00,68.29,67.9,68.7,60,1.0
2024-02-11 17:00,67.88,67.5,68.3,60,1.0
2024-02-11 18:00,67.58,67.2,68.1,60,1.0
2024-02-11 19:00,67.88,67.5,68.4,60,1.0
2024-02-11 20:00,68.24,67.7,68.8,60,1.0
2024-02-11 21:00,68.96,68.5,69.6,60,1.0
2024-02-11 22:00,69.39,69.0,69.8,60,1.0
2024-02-11 23:00,68.94,68.5,69.4,60,1.0
2024-02-12 00:00,68.91,68.4,70.0,60,1.0
2024-02-12 01:00,70.01,69.4,70.7,60,1.0
2024-02-12 02:00,70.36,70.0,70.8,60,1.0
2024-02-12 03:00,70.24,69.8,70.7,60,1.0
2024-02-12 04:00,69.69,69.3,70.2,60,1.0
2024-02-12 05:00,69.15,68.7,69.7,60,1.0
2024-02-12 06:00,68.6,68.2,69.3,60,1.0
2024-02-12 07:00,68.24,67.9,68.7,60,1.0
2024-02-12 08:00,68.21,67.9,68.7,60,1.0
2024-02-12 09:00,67.93,67.6,68.4,60,1.0
2024-02-12 10:00,67.63,67.3,68.2,60,1.0
2024-02-12 11:00,67.36,67.0,67.7,60,1.0
2024-02-12 12:00,66.96,66.5,67.5,60,1.0
2024-02-12 13:00,66.56,66.2,67.0,60,1.0
2024-02-12 14:00,66.26,65.9,66.7,60,1.0
2024-02-12 15:00,65.95,65.6,66.4,60,1.0
2024-02-12 16:00,65.7,65.4,66.2,60,1.0
2024-02-12 17:00,65.51,65.3,65.9,60,1.0
2024-02-12 18:00,65.41,65.2,65.8,59,0.983
2024-02-12 19:00,65.51,65.0,66.2,60,1.0
2024-02-12 20:00,67.6,66.0,69.0,60,1.0
2024-02-12 21:00,69.02,68.5,69.7,60,1.0
2024-02-12 22:00,69.7,69.3,70.2,60,1.0
2024-02-12 23:00,69.85,69.4,70.3,60,1.0
2024-02-13 00:00,69.32,68.8,69.8,60,1.0
2024-02-13 01:00,68.68,68.3,69.2,50,0.833
2024-02-13 02:00,68.18,67.8,68.7,55,0.917
2024-02-13 03:00,67.82,67.5,68.3,60,1.0
2024-02-13 04:00,67.48,67.2,68.0,60,1.0
2024-02-13 05:00,67.17,66.9,67.6,60,1.0
2024-02-13 06:00,66.98,66.6,67.4,60,1.0
2024-02-13 07:00,66.7,66.4,67.1,60,1.0
2024-02-13 08:00,66.49,66.3,66.9,60,1.0
2024-02-13 09:00,66.24,66.0,66.6,60,1.0
2024-02-13 10:00,65.95,65.6,66.4,60,1.0
2024-02-13 11:00,65.53,65.1,66.0,60,1.0
2024-02-13 12:00,65.18,64.7,65.7,60,1.0
2024-02-13 13:00,64.89,64.6,65.3,60,1.0
2024-02-13 14:00,64.58,64.4,64.9,60,1.0
2024-02-13 15:00,64.72,64.4,65.1,60,1.0
2024-02-13 16:00,64.76,64.5,65.1,60,1.0
2024-02-13 17:00,64.54,64.3,65.0,60,1.0
2024-02-13 18:00,64.37,64.1,64.8,60,1.0
2024-02-13 19:00,64.18,63.8,64.6,60,1.0
2024-02-13 20:00,63.9,63.6,64.4,60,1.0
2024-02-13 21:00,63.68,63.4,64.1,60,1.0
2024-02-13 22:00,63.43,63.1,63.8,60,1.0
2024-02-13 23:00,63.2,63.0,63.6,60,1.0
2024-02-14 00:00,63.1,62.8,63.5,60,1.0
2024-02-14 01:00,63.03,62.7,63.5,60,1.0
2024-02-14 02:00,62.92,62.6,63.3,60,1.0
2024-02-14 03:00,62.82,62.6,63.2,60,1.0
2024-02-14 04:00,62.81,62.5,63.1,60,1.0
2024-02-14 05:00,62.77,62.5,63.1,60,1.0
2024-02-14 06:00,62.73,62.4,63.2,60,1.0
2024-02-14 07:00,62.62,62.3,63.0,60,1.0
2024-02-14 08:00,62.56,62.3,63.0,60,1.0
2024-02-14 09:00,62.55,62.2,63.0,60,1.0
2024-02-14 10:00,62.51,62.1,62.9,60,1.0
2024-02-14 11:00,62.05,61.7,62.6,60,1.0
2024-02-14 12:00,61.93,61.6,62.3,60,1.0
2024-02-14 13:00,61.71,61.4,62.3,59,0.983
2024-02-14 14:00,61.64,61.3,62.0,56,0.933
2024-02-14 15:00,61.5,61.2,61.9,52,0.867
2024-02-14 16:00,61.43,61.1,61.9,57,0.95
2024-02-14 17:00,61.29,61.0,61.7,60,1.0
2024-02-14 18:00,61.3,60.9,61.8,60,1.0
2024-02-14 19:00,61.12,60.8,61.6,60,1.0
2024-02-14 20:00,61.0,60.7,61.5,60,1.0
2024-02-14 21:00,60.95,60.7,61.4,60,1.0
2024-02-14 22:00,60.9,60.6,61.4,60,1.0
2024-02-14 23:00,60.94,60.5,61.4,60,1.0
2024-02-15 00:00,60.84,60.5,61.4,60,1.0
2024-02-15 01:00,60.8,60.5,61.3,60,1.0
2024-02-15 02:00,60.72,60.3,61.1,60,1.0
2024-02-15 03:00,60.74,60.4,61.1,60,1.0
2024-02-15 04:00,60.64,60.3,61.0,60,1.0
2024-02-15 05:00,60.6,60.2,61.1,60,1.0
2024-02-15 06:00,60.5,60.2,61.0,60,1.0
2024-02-15 07:00,60.42,60.1,60.9,60,1.0
2024-02-15 08:00,60.53,60.1,61.1,60,1.0
2024-02-15 09:00,60.86,60.5,61.2,60,1.0
2024-02-15 10:00,60.82,60.5,61.2,60,1.0
2024-02-15 11:00,60.43,60.1,60.9,60,1.0
2024-02-15 12:00,60.42,60.0,60.9,60,1.0
2024-02-15 13:00,60.29,59.9,60.7,60,1.0
2024-02-15 14:00,60.12,59.8,60.6,60,1.0
2024-02-15 15:00,60.09,59.7,60.5,60,1.0
2024-02-15 16:00,60.07,59.7,60.6,60,1.0
2024-02-15 17:00,59.93,59.6,60.4,59,0.983
2024-02-15 18:00,59.87,59.5,60.3,60,1.0
2024-02-15 19:00,59.79,59.5,60.4,55,0.917
2024-02-15 20:00,59.76,59.4,60.2,53,0.883
2024-02-15 21:00,59.7,59.4,60.1,60,1.0
2024-02-15 22:00,59.68,59.4,60.2,60,1.0
2024-02-15 23:00,59.6,59.3,60.0,60,1.0
2024-02-16 00:00,59.62,59.3,60.0,60,1.0
2024-02-16 01:00,59.61,59.3,60.0,60,1.0
2024-02-16 02:00,59.58,59.3,60.1,60,1.0
2024-02-16 03:00,59.62,59.3,60.0,60,1.0
2024-02-16 04:00,59.54,59.2,60.0,60,1.0
2024-02-16 05:00,59.52,59.2,60.0,60,1.0
2024-02-16 06:00,59.46,59.2,59.9,60,1.0
2024-02-16 07:00,59.55,59.2,59.9,60,1.0
2024-02-16 08:00,59.6,59.1,59.9,60,1.0
2024-02-16 09:00,59.68,59.4,60.1,60,1.0
2024-02-16 10:00,59.67,59.5,60.0,60,1.0
2024-02-16 11:00,59.46,59.1,59.8,60,1.0
2024-02-16 12:00,59.4,59.0,59.8,60,1.0
2024-02-16 13:00,59.28,58.9,59.7,60,1.0
2024-02-16 14:00,59.14,58.9,59.6,60,1.0
2024-02-16 15:00,59.15,58.8,59.6,60,1.0
2024-02-16 16:00,59.07,58.7,59.5,60,1.0
2024-02-16 17:00,58.98,58.7,59.3,60,1.0
2024-02-16 18:00,58.88,58.6,59.4,60,1.0
2024-02-16 19:00,58.8,58.5,59.1,60,1.0
2024-02-16 20:00,58.79,58.5,59.2,60,1.0
2024-02-16 21:00,58.7,58.4,59.1,60,1.0
2024-02-16 22:00,58.73,58.4,59.1,60,1.0
2024-02-16 23:00,58.7,58.4,59.0,60,1.0
2024-02-17 00:00,58.68,58.4,59.1,60,1.0
2024-02-17 01:00,58.72,58.4,59.2,60,1.0
2024-02-17 02:00,58.6,58.3,59.1,60,1.0
2024-02-17 03:00,58.63,58.3,59.0,60,1.0
2024-02-17 04:00,58.57,58.3,58.9,60,1.0
2024-02-17 05:00,58.58,58.3,59.0,60,1.0
2024-02-17 06:00,58.58,58.3,59.0,60,1.0
2024-02-17 07:00,58.62,58.3,59.0,60,1.0
2024-02-17 08:00,58.69,58.3,59.1,60,1.0
2024-02-17 09:00,58.78,58.5,59.2,44,0.733
2024-02-17 10:00,58.8,58.6,59.3,60,1.0
2024-02-17 11:00,58.59,58.2,59.2,60,1.0
2024-02-17 12:00,58.53,58.1,59.0,60,1.0
2024-02-17 13:00,58.31,58.0,58.7,60,1.0
2024-02-17 14:00,58.28,58.0,58.7,60,1.0
2024-02-17 15:00,58.19,57.8,58.6,60,1.0
2024-02-17 16:00,58.12,57.8,58.6,60,1.0
2024-02-17 17:00,58.03,57.7,58.5,60,1.0
2024-02-17 18:00,58.0,57.7,58.4,60,1.0
2024-02-17 19:00,58.05,57.7,58.4,60,1.0
2024-02-17 20:00,57.88,57.6,58.5,60,1.0
2024-02-17 21:00,57.82,57.6,58.2,60,1.0
2024-02-17 22:00,57.83,57.5,58.3,60,1.0
2024-02-17 23:00,57.78,57.5,58.2,60,1.0
2024-02-18 00:00,57.83,57.5,58.5,60,1.0
2024-02-18 01:00,57.82,57.5,58.2,60,1.0
2024-02-18 02:00,57.79,57.5,58.2,60,1.0
2024-02-18 03:00,57.81,57.4,58.2,60,1.0
2024-02-18 04:00,57.89,57.5,58.3,60,1.0
2024-02-18 05:00,57.83,57.5,58.2,60,1.0
2024-02-18 06:00,57.87,57.5,58.5,59,0.983
2024-02-18 07:00,57.83,57.5,58.3,60,1.0
2024-02-18 08:00,57.93,57.6,58.4,60,1.0
2024-02-18 09:00,58.1,57.8,58.5,60,1.0
2024-02-18 10:00,58.16,57.8,58.5,60,1.0
2024-02-18 11:00,57.82,57.5,58.4,60,1.0
2024-02-18 12:00,57.8,57.4,58.3,60,1.0
2024-02-18 13:00,57.66,57.3,58.1,60,1.0
2024-02-18 14:00,57.54,57.2,58.0,60,1.0
2024-02-18 15:00,57.49,57.1,57.9,60,1.0
2024-02-18 16:00,57.42,57.1,57.8,60,1.0
2024-02-18 17:00,57.34,57.0,57.7,60,1.0
2024-02-18 18:00,57.37,57.0,57.7,60,1.0
2024-02-18 19:00,57.31,57.0,57.6,59,0.983
2024-02-18 20:00,57.29,56.9,57.7,49,0.817
2024-02-18 21:00,57.3,56.9,57.6,60,1.0
2024-02-18 22:00,57.26,56.9,57.7,60,1.0
2024-02-18 23:00,57.21,56.9,57.6,60,1.0
2024-02-19 00:00,57.17,56.9,57.6,60,1.0
2024-02-19 01:00,57.14,56.8,57.5,60,1.0
2024-02-19 02:00,57.17,56.8,57.6,60,1.0
2024-02-19 03:00,57.08,56.8,57.7,60,1.0
2024-02-19 04:00,57.14,56.8,57.5,60,1.0
2024-02-19 05:00,57.14,56.8,57.5,60,1.0
2024-02-19 06:00,57.17,56.8,57.5,60,1.0
2024-02-19 07:00,57.11,56.8,57.7,60,1.0
2024-02-19 08:00,57.15,56.8,57.5,60,1.0
2024-02-19 09:00,57.14,56.8,57.6,60,1.0
2024-02-19 10:00,57.15,56.8,57.6,60,1.0
2024-02-19 11:00,57.07,56.8,57.5,60,1.0
2024-02-19 12:00,56.99,56.7,57.5,60,1.0
2024-02-19 13:00,56.92,56.7,57.3,60,1.0
2024-02-19 14:00,56.91,56.7,57.3,60,1.0
2024-02-19 15:00,56.92,56.7,57.4,60,1.0
2024-02-19 16:00,56.93,56.6,57.3,60,1.0
2024-02-19 17:00,56.92,56.6,57.4,60,1.0
2024-02-19 18:00,56.87,56.5,57.3,60,1.0
2024-02-19 19:00,56.75,56.4,57.2,60,1.0
2024-02-19 20:00,56.72,56.4,57.3,60,1.0
2024-02-19 21:00,56.64,56.4,57.1,60,1.0
2024-02-19 22:00,56.61,56.3,57.1,59,0.983
2024-02-19 23:00,56.64,56.3,57.0,60,1.0
2024-02-20 00:00,56.59,56.3,56.9,60,1.0
2024-02-20 01:00,56.62,56.3,57.1,60,1.0
2024-02-20 02:00,56.62,56.3,57.0,48,0.8
2024-02-20 03:00,56.68,56.3,57.0,49,0.817
2024-02-20 04:00,56.58,56.3,57.2,57,0.95
2024-02-20 05:00,56.57,56.3,57.0,59,0.983
2024-02-20 06:00,56.58,56.2,57.0,60,1.0
2024-02-20 07:00,56.55,56.2,57.0,60,1.0
2024-02-20 08:00,56.55,56.3,57.0,60,1.0
2024-02-20 09:00,56.68,56.3,57.0,60,1.0
2024-02-20 10:00,56.69,56.3,57.1,60,1.0
2024-02-20 11:00,56.62,56.3,57.0,60,1.0
2024-02-20 12:00,56.5,56.1,56.9,60,1.0
2024-02-20 13:00,56.39,56.0,56.8,60,1.0
2024-02-20 14:00,56.26,55.9,56.6,60,1.0
2024-02-20 15:00,56.06,55.8,56.5,60,1.0
2024-02-20 16:00,56.06,55.8,56.4,60,1.0
2024-02-20 17:00,55.99,55.7,56.4,60,1.0
2024-02-20 18:00,55.84,55.6,56.2,60,1.0
2024-02-20 19:00,55.78,55.5,56.2,60,1.0
2024-02-20 20:00,55.76,55.5,56.1,60,1.0
2024-02-20 21:00,55.72,55.4,56.2,60,1.0
2024-02-20 22:00,55.76,55.4,56.1,60,1.0
2024-02-20 23:00,55.72,55.3,56.0,60,1.0
2024-02-21 00:00,55.64,55.3,56.0,60,1.0
2024-02-21 01:00,55.62,55.2,56.0,60,1.0
2024-02-21 02:00,55.59,55.2,56.0,60,1.0
2024-02-21 03:00,55.55,55.1,56.0,60,1.0
2024-02-21 04:00,55.47,55.2,55.8,60,1.0
2024-02-21 05:00,55.46,55.1,55.8,60,1.0
2024-02-21 06:00,55.36,55.1,55.7,60,1.0
2024-02-21 07:00,55.28,55.0,55.7,60,1.0
2024-02-21 08:00,55.39,55.1,55.9,60,1.0
2024-02-21 09:00,55.6,55.3,56.0,60,1.0
2024-02-21 10:00,55.65,55.4,56.0,60,1.0
2024-02-21 11:00,55.4,55.0,55.9,59,0.983
2024-02-21 12:00,55.31,55.0,55.8,46,0.767
2024-02-21 13:00,55.13,54.8,55.6,60,1.0
2024-02-21 14:00,55.04,54.7,55.5,60,1.0
2024-02-21 15:00,54.89,54.6,55.4,60,1.0
2024-02-21 16:00,54.84,54.5,55.3,60,1.0
2024-02-21 17:00,54.66,54.4,55.0,60,1.0
2024-02-21 18:00,54.64,54.3,55.0,60,1.0
2024-02-21 19:00,54.6,54.2,55.1,60,1.0
2024-02-21 20:00,54.59,54.2,55.1,60,1.0
2024-02-21 21:00,54.55,54.2,55.0,60,1.0
2024-02-21 22:00,54.5,54.2,54.9,60,1.0
2024-02-21 23:00,54.48,54.2,54.9,60,1.0
2024-02-22 00:00,54.5,54.1,54.9,60,1.0
2024-02-22 01:00,54.5,54.2,54.9,60,1.0
2024-02-22 02:00,54.52,54.2,54.9,60,1.0
2024-02-22 03:00,54.5,54.2,54.9,60,1.0
2024-02-22 04:00,54.52,54.2,54.9,60,1.0
2024-02-22 05:00,54.48,54.1,54.9,60,1.0
2024-02-22 06:00,54.45,54.1,54.8,60,1.0
2024-02-22 07:00,54.45,54.1,54.9,60,1.0
2024-02-22 08:00,54.44,54.1,54.9,60,1.0
2024-02-22 09:00,54.68,54.3,55.1,60,1.0
2024-02-22 10:00,54.64,54.4,55.0,60,1.0
2024-02-22 11:00,54.43,54.1,54.8,60,1.0
2024-02-22 12:00,54.39,54.0,54.9,60,1.0
2024-02-22 13:00,54.19,53.9,54.7,60,1.0
2024-02-22 14:00,54.06,53.8,54.6,60,1.0
2024-02-22 15:00,54.09,53.7,54.5,60,1.0
2024-02-22 16:00,54.0,53.6,54.4,60,1.0
2024-02-22 17:00,53.83,53.5,54.2,60,1.0
2024-02-22 18:00,53.75,53.4,54.2,60,1.0
2024-02-22 19:00,53.66,53.3,54.1,60,1.0
2024-02-22 20:00,53.63,53.3,54.2,60,1.0
2024-02-22 21:00,53.6,53.3,54.0,60,1.0
2024-02-22 22:00,53.6,53.3,54.1,60,1.0
2024-02-22 23:00,53.57,53.3,54.1,60,1.0
2024-02-23 00:00,53.48,53.2,54.0,60,1.0
2024-02-23 01:00,53.46,53.2,53.9,60,1.0
2024-02-23 02:00,53.47,53.2,53.9,60,1.0
2024-02-23 03:00,53.45,53.2,53.9,60,1.0
2024-02-23 04:00,53.48,53.2,53.9,60,1.0
2024-02-23 05:00,53.5,53.2,53.9,60,1.0
2024-02-23 06:00,53.46,53.1,53.9,60,1.0
2024-02-23 07:00,53.41,53.1,53.8,58,0.967
2024-02-23 08:00,53.34,53.0,53.7,51,0.85
2024-02-23 09:00,53.36,52.9,53.8,60,1.0
2024-02-23 10:00,53.28,53.1,53.6,60,1.0
2024-02-23 11:00,53.29,53.0,53.7,60,1.0
2024-02-23 12:00,53.25,52.9,53.6,60,1.0
2024-02-23 13:00,53.14,52.9,53.4,60,1.0
2024-02-23 14:00,53.12,52.9,53.5,60,1.0
2024-02-23 15:00,53.19,52.8,53.5,60,1.0
2024-02-23 16:00,53.15,52.8,53.4,60,1.0
2024-02-23 17:00,53.0,52.6,53.4,60,1.0
2024-02-23 18:00,52.86,52.5,53.3,60,1.0
2024-02-23 19:00,52.79,52.5,53.3,60,1.0
2024-02-23 20:00,52.78,52.5,53.2,60,1.0
2024-02-23 21:00,52.8,52.4,53.2,60,1.0
2024-02-23 22:00,52.64,52.4,53.0,60,1.0
2024-02-23 23:00,53.42,52.6,54.1,60,1.0
2024-02-24 00:00,54.18,53.4,55.1,60,1.0
2024-02-24 01:00,57.38,54.8,59.7,60,1.0
2024-02-24 02:00,60.24,59.5,60.9,60,1.0
2024-02-24 03:00,60.63,60.4,61.0,60,1.0
2024-02-24 04:00,60.53,60.2,60.9,60,1.0
2024-02-24 05:00,60.33,60.1,60.7,60,1.0
2024-02-24 06:00,60.15,59.9,60.6,60,1.0
2024-02-24 07:00,60.48,60.1,61.0,60,1.0
2024-02-24 08:00,61.04,60.6,61.5,60,1.0
2024-02-24 09:00,61.32,61.1,61.7,60,1.0
2024-02-24 10:00,61.22,60.9,61.6,60,1.0
2024-02-24 11:00,60.92,60.7,61.4,60,1.0
2024-02-24 12:00,60.75,60.4,61.1,60,1.0
2024-02-24 13:00,60.52,60.3,60.9,60,1.0
2024-02-24 14:00,60.47,60.2,60.9,58,0.967
2024-02-24 15:00,60.55,60.3,60.8,47,0.783
2024-02-24 16:00,60.42,60.1,60.8,58,0.967
2024-02-24 17:00,60.22,59.9,60.5,60,1.0
2024-02-24 18:00,60.14,59.9,60.6,60,1.0
2024-02-24 19:00,59.98,59.7,60.5,60,1.0
2024-02-24 20:00,59.89,59.6,60.3,60,1.0
2024-02-24 21:00,59.71,59.5,60.1,60,1.0
2024-02-24 22:00,59.54,59.3,59.9,60,1.0
2024-02-24 23:00,59.41,59.2,59.7,60,1.0
2024-02-25 00:00,59.36,59.1,59.7,60,1.0
2024-02-25 01:00,59.27,58.9,59.6,60,1.0
2024-02-25 02:00,59.12,58.9,59.5,60,1.0
2024-02-25 03:00,59.08,58.8,59.4,60,1.0
2024-02-25 04:00,59.13,58.9,59.5,60,1.0
2024-02-25 05:00,59.18,59.0,59.6,60,1.0
2024-02-25 06:00,59.4,59.1,59.8,60,1.0
2024-02-25 07:00,59.46,59.2,59.9,60,1.0
2024-02-25 08:00,59.66,59.4,60.0,60,1.0
2024-02-25 09:00,59.78,59.5,60.2,60,1.0
2024-02-25 10:00,59.85,59.6,60.2,60,1.0
2024-02-25 11:00,59.67,59.4,60.1,59,0.983
2024-02-25 12:00,59.54,59.2,60.0,60,1.0
2024-02-25 13:00,59.19,58.9,59.6,60,1.0
2024-02-25 14:00,58.88,58.7,59.4,60,1.0
2024-02-25 15:00,58.76,58.6,59.1,60,1.0
2024-02-25 16:00,58.69,58.4,59.0,60,1.0
2024-02-25 17:00,58.61,58.3,59.0,60,1.0
2024-02-25 18:00,58.45,58.2,58.8,58,0.967
2024-02-25 19:00,58.4,58.1,58.7,50,0.833
2024-02-25 20:00,58.26,58.0,58.6,57,0.95
2024-02-25 21:00,58.11,57.7,58.4,55,0.917
2024-02-25 22:00,57.92,57.7,58.2,52,0.867
2024-02-25 23:00,57.74,57.5,58.2,56,0.933
2024-02-26 00:00,57.79,57.5,58.1,51,0.85
2024-02-26 01:00,57.65,57.4,58.0,60,1.0
2024-02-26 02:00,57.6,57.3,57.9,60,1.0
2024-02-26 03:00,57.49,57.2,57.9,60,1.0
2024-02-26 04:00,57.46,57.2,57.8,60,1.0
2024-02-26 05:00,57.4,57.2,57.7,60,1.0
2024-02-26 06:00,57.4,57.2,57.7,60,1.0
2024-02-26 07:00,57.38,57.1,57.7,60,1.0
2024-02-26 08:00,57.41,57.2,57.9,60,1.0
2024-02-26 09:00,57.36,57.1,57.8,60,1.0
2024-02-26 10:00,57.2,56.9,57.5,60,1.0
2024-02-26 11:00,56.73,56.4,57.1,60,1.0
2024-02-26 12:00,56.54,56.1,56.9,60,1.0
2024-02-26 13:00,56.28,55.9,56.6,60,1.0
2024-02-26 14:00,55.99,55.7,56.4,60,1.0
2024-02-26 15:00,55.93,55.7,56.3,60,1.0
2024-02-26 16:00,55.85,55.5,56.2,60,1.0
2024-02-26 17:00,55.78,55.4,56.1,60,1.0
2024-02-26 18:00,55.59,55.3,56.0,59,0.983
2024-02-26 19:00,55.5,55.3,55.8,60,1.0
2024-02-26 20:00,55.56,55.2,56.0,60,1.0
2024-02-26 21:00,55.43,55.1,55.8,60,1.0
2024-02-26 22:00,55.36,55.0,55.7,59,0.983
2024-02-26 23:00,55.3,55.0,55.7,60,1.0
2024-02-27 00:00,55.27,54.9,55.6,59,0.983
2024-02-27 01:00,55.16,54.8,55.5,60,1.0
2024-02-27 02:00,55.1,54.8,55.5,60,1.0
2024-02-27 03:00,54.98,54.7,55.6,60,1.0
2024-02-27 04:00,55.03,54.7,55.4,60,1.0
2024-02-27 05:00,55.02,54.7,55.4,60,1.0
2024-02-27 06:00,54.92,54.6,55.3,60,1.0
2024-02-27 07:00,54.9,54.6,55.2,59,0.983
2024-02-27 08:00,55.01,54.6,55.4,60,1.0
2024-02-27 09:00,55.24,55.0,55.6,60,1.0
2024-02-27 10:00,55.42,55.1,55.9,60,1.0
2024-02-27 11:00,55.04,54.6,55.6,60,1.0
2024-02-27 12:00,54.87,54.5,55.3,60,1.0
2024-02-27 13:00,54.59,54.3,55.1,60,1.0
2024-02-27 14:00,54.36,54.2,54.8,57,0.95
2024-02-27 15:00,54.31,53.9,54.6,59,0.983
2024-02-27 16:00,54.23,53.8,54.6,59,0.983
2024-02-27 17:00,54.03,53.7,54.4,58,0.967
2024-02-27 18:00,53.86,53.6,54.3,48,0.8
2024-02-27 19:00,53.85,53.6,54.2,57,0.95
2024-02-27 20:00,53.78,53.4,54.2,60,1.0
2024-02-27 21:00,53.73,53.4,54.1,60,1.0
2024-02-27 22:00,53.62,53.3,54.0,60,1.0
2024-02-27 23:00,53.48,53.2,54.0,60,1.0
2024-02-28 00:00,53.44,53.2,53.8,60,1.0
2024-02-28 01:00,53.43,53.3,53.9,60,1.0
2024-02-28 02:00,53.47,53.2,53.8,60,1.0
2024-02-28 03:00,53.41,53.2,53.8,60,1.0
2024-02-28 04:00,53.45,53.1,53.8,60,1.0
2024-02-28 05:00,53.35,53.1,53.8,60,1.0
2024-02-28 06:00,53.37,53.1,53.8,60,1.0
2024-02-28 07:00,53.34,53.1,53.8,60,1.0
2024-02-28 08:00,53.32,53.1,53.7,60,1.0
2024-02-28 09:00,53.4,53.1,53.7,60,1.0
2024-02-28 10:00,53.42,53.1,53.8,60,1.0
2024-02-28 11:00,53.3,53.0,53.7,60,1.0
2024-02-28 12:00,53.3,53.0,53.7,60,1.0
2024-02-28 13:00,53.26,52.9,53.7,60,1.0
2024-02-28 14:00,53.12,52.9,53.4,60,1.0
2024-02-28 15:00,53.07,52.9,53.4,60,1.0
2024-02-28 16:00,53.12,52.9,53.5,60,1.0
2024-02-28 17:00,53.11,52.8,53.4,60,1.0
2024-02-28 18:00,53.07,52.7,53.4,60,1.0
2024-02-28 19:00,52.89,52.6,53.3,60,1.0
2024-02-28 20:00,52.77,52.5,53.2,60,1.0
2024-02-28 21:00,52.78,52.4,53.1,59,0.983
2024-02-28 22:00,52.78,52.4,53.2,56,0.933
2024-02-28 23:00,52.61,52.4,52.9,50,0.833
2024-02-29 00:00,53.08,52.4,53.8,52,0.867
2024-02-29 01:00,54.28,53.6,55.2,60,1.0
2024-02-29 02:00,56.56,55.1,58.2,60,1.0
2024-02-29 03:00,60.09,58.1,61.9,60,1.0
2024-02-29 04:00,62.68,61.7,63.9,60,1.0
2024-02-29 05:00,64.72,63.6,65.6,60,1.0
2024-02-29 06:00,65.32,64.7,65.9,60,1.0
2024-02-29 07:00,64.25,63.7,65.0,60,1.0
2024-02-29 08:00,63.53,63.0,64.1,60,1.0
2024-02-29 09:00,62.92,62.4,63.5,60,1.0
2024-02-29 10:00,62.27,61.9,62.8,60,1.0
2024-02-29 11:00,61.64,61.3,62.2,60,1.0
2024-02-29 12:00,61.14,60.7,61.7,60,1.0
2024-02-29 13:00,60.65,60.3,61.0,60,1.0
2024-02-29 14:00,60.12,59.8,60.6,60,1.0
2024-02-29 15:00,59.9,59.6,60.1,60,1.0
2024-02-29 16:00,59.62,59.2,60.0,60,1.0
2024-02-29 17:00,59.36,58.9,59.6,60,1.0
2024-02-29 18:00,58.99,58.7,59.4,60,1.0
2024-02-29 19:00,58.71,58.4,59.2,60,1.0
2024-02-29 20:00,58.51,58.3,58.9,60,1.0
2024-02-29 21:00,58.39,58.1,58.7,60,1.0
2024-02-29 22:00,58.22,57.9,58.6,60,1.0
2024-02-29 23:00,58.07,57.8,58.5,60,1.0
2024-03-01 00:00,57.91,57.6,58.2,60,1.0
2024-03-01 01:00,57.81,57.5,58.1,60,1.0
2024-03-01 02:00,58.5,57.5,59.5,60,1.0
2024-03-01 03:00,59.82,59.2,60.3,60,1.0
2024-03-01 04:00,60.27,60.0,60.7,60,1.0
2024-03-01 05:00,60.26,59.9,60.8,60,1.0
2024-03-01 06:00,60.87,60.5,61.3,54,0.9
2024-03-01 07:00,61.22,60.8,61.7,46,0.767
2024-03-01 08:00,61.51,61.2,61.8,60,1.0
2024-03-01 09:00,61.17,60.8,61.6,60,1.0
2024-03-01 10:00,60.75,60.3,61.2,60,1.0
2024-03-01 11:00,60.33,60.0,60.7,60,1.0
2024-03-01 12:00,60.0,59.7,60.4,59,0.983
2024-03-01 13:00,59.64,59.3,60.1,60,1.0
2024-03-01 14:00,59.44,59.1,59.8,60,1.0
2024-03-01 15:00,59.2,58.8,59.5,60,1.0
2024-03-01 16:00,58.84,58.6,59.3,60,1.0
2024-03-01 17:00,58.64,58.5,59.1,60,1.0
2024-03-01 18:00,58.49,58.3,58.9,60,1.0
2024-03-01 19:00,58.39,58.1,58.7,60,1.0
2024-03-01 20:00,58.29,58.1,58.6,60,1.0
2024-03-01 21:00,58.32,58.0,58.6,60,1.0
2024-03-01 22:00,58.25,58.0,58.5,60,1.0
2024-03-01 23:00,58.15,57.9,58.5,60,1.0
2024-03-02 00:00,58.08,57.8,58.3,60,1.0
2024-03-02 01:00,58.07,57.8,58.4,60,1.0
2024-03-02 02:00,57.98,57.7,58.4,60,1.0
2024-03-02 03:00,58.62,57.8,59.2,59,0.983
2024-03-02 04:00,58.98,58.7,59.3,60,1.0
2024-03-02 05:00,59.0,58.8,59.4,60,1.0
2024-03-02 06:00,58.94,58.7,59.3,60,1.0
2024-03-02 07:00,58.75,58.5,59.1,60,1.0
2024-03-02 08:00,58.62,58.4,59.0,60,1.0
2024-03-02 09:00,58.58,58.3,58.9,60,1.0
2024-03-02 10:00,58.38,58.2,58.8,60,1.0
2024-03-02 11:00,58.3,58.2,58.7,60,1.0
2024-03-02 12:00,58.32,58.1,58.8,58,0.967
2024-03-02 13:00,58.42,58.1,58.7,60,1.0
2024-03-02 14:00,58.09,57.9,58.4,60,1.0
2024-03-02 15:00,57.98,57.8,58.3,56,0.933
2024-03-02 16:00,57.83,57.6,58.2,48,0.8
2024-03-02 17:00,57.65,57.4,57.9,46,0.767
2024-03-02 18:00,57.51,57.2,57.8,55,0.917
2024-03-02 19:00,57.36,57.1,57.7,60,1.0
2024-03-02 20:00,57.26,57.0,57.6,60,1.0
2024-03-02 21:00,57.22,57.0,57.6,60,1.0
2024-03-02 22:00,57.17,56.9,57.5,60,1.0
2024-03-02 23:00,57.16,56.9,57.4,60,1.0
2024-03-03 00:00,57.03,56.8,57.4,60,1.0
2024-03-03 01:00,57.03,56.8,57.4,60,1.0
2024-03-03 02:00,57.06,56.8,57.5,60,1.0
2024-03-03 03:00,57.02,56.8,57.3,60,1.0
2024-03-03 04:00,56.95,56.8,57.3,60,1.0
2024-03-03 05:00,56.94,56.7,57.3,60,1.0
2024-03-03 06:00,56.93,56.7,57.2,60,1.0
2024-03-03 07:00,56.92,56.7,57.2,60,1.0
2024-03-03 08:00,57.0,56.8,57.3,60,1.0
2024-03-03 09:00,56.93,56.6,57.2,60,1.0
2024-03-03 10:00,56.85,56.6,57.3,60,1.0
2024-03-03 11:00,56.56,56.2,57.0,60,1.0
2024-03-03 12:00,56.19,55.9,56.5,60,1.0
2024-03-03 13:00,55.96,55.6,56.3,60,1.0
2024-03-03 14:00,55.71,55.5,56.1,60,1.0
2024-03-03 15:00,55.68,55.4,56.0,60,1.0
2024-03-03 16:00,55.52,55.2,55.9,60,1.0
2024-03-03 17:00,55.29,55.0,55.7,60,1.0
2024-03-03 18:00,55.12,54.9,55.4,60,1.0
2024-03-03 19:00,55.09,54.8,55.4,60,1.0
2024-03-03 20:00,55.07,54.8,55.3,60,1.0
2024-03-03 21:00,55.06,54.7,55.4,60,1.0
2024-03-03 22:00,55.02,54.7,55.4,60,1.0
2024-03-03 23:00,55.01,54.7,55.4,60,1.0
2024-03-04 00:00,55.38,55.0,55.7,60,1.0
2024-03-04 01:00,55.54,55.2,55.9,60,1.0
2024-03-04 02:00,55.95,55.6,56.3,60,1.0
2024-03-04 03:00,56.23,55.9,56.7,60,1.0
2024-03-04 04:00,56.62,56.3,57.0,60,1.0
2024-03-04 05:00,57.3,56.7,58.0,60,1.0
2024-03-04 06:00,58.43,57.7,59.2,60,1.0
2024-03-04 07:00,59.03,58.6,59.5,60,1.0
2024-03-04 08:00,59.29,59.1,59.6,54,0.9
2024-03-04 09:00,59.25,59.0,59.6,49,0.817
2024-03-04 10:00,59.37,59.2,59.7,44,0.733
2024-03-04 11:00,59.2,58.9,59.6,59,0.983
2024-03-04 12:00,58.95,58.6,59.4,60,1.0
2024-03-04 13:00,58.79,58.5,59.2,60,1.0
2024-03-04 14:00,58.55,58.3,58.9,60,1.0
2024-03-04 15:00,58.62,58.2,59.5,60,1.0
2024-03-04 16:00,59.3,59.0,59.7,60,1.0
2024-03-04 17:00,59.38,59.1,59.7,60,1.0
2024-03-04 18:00,59.26,59.0,59.7,60,1.0
2024-03-04 19:00,59.04,58.8,59.4,60,1.0
2024-03-04 20:00,59.61,58.9,60.3,59,0.983
2024-03-04 21:00,60.21,59.9,60.7,60,1.0
2024-03-04 22:00,60.17,59.9,60.5,60,1.0
2024-03-04 23:00,59.96,59.6,60.3,60,1.0
2024-03-05 00:00,59.85,59.6,60.2,60,1.0
2024-03-05 01:00,59.71,59.5,60.1,60,1.0
2024-03-05 02:00,59.62,59.4,60.0,60,1.0
2024-03-05 03:00,59.57,59.4,59.9,60,1.0
2024-03-05 04:00,59.53,59.3,59.9,60,1.0
2024-03-05 05:00,59.38,59.2,59.8,60,1.0
2024-03-05 06:00,59.28,59.0,59.7,60,1.0
2024-03-05 07:00,59.15,58.9,59.5,59,0.983
2024-03-05 08:00,59.07,58.8,59.4,60,1.0
2024-03-05 09:00,58.76,58.6,59.2,60,1.0
2024-03-05 10:00,58.58,58.2,59.0,60,1.0
2024-03-05 11:00,58.12,57.8,58.5,60,1.0
2024-03-05 12:00,57.76,57.4,58.2,60,1.0
2024-03-05 13:00,57.41,57.1,57.8,60,1.0
2024-03-05 14:00,57.06,56.7,57.5,60,1.0
2024-03-05 15:00,56.7,56.5,57.1,60,1.0
2024-03-05 16:00,56.41,56.1,56.7,60,1.0
2024-03-05 17:00,56.28,55.9,56.6,60,1.0
2024-03-05 18:00,55.89,55.6,56.6,60,1.0
2024-03-05 19:00,55.78,55.4,56.3,60,1.0
2024-03-05 20:00,55.54,55.3,55.9,60,1.0
2024-03-05 21:00,55.51,55.2,55.8,60,1.0
2024-03-05 22:00,55.49,55.2,55.8,60,1.0
2024-03-05 23:00,55.52,55.2,55.9,60,1.0
2024-03-06 00:00,55.56,55.3,55.9,60,1.0
2024-03-06 01:00,55.56,55.3,56.0,60,1.0
2024-03-06 02:00,55.59,55.3,55.9,60,1.0
2024-03-06 03:00,55.61,55.3,56.0,60,1.0
2024-03-06 04:00,55.71,55.4,56.0,60,1.0
2024-03-06 05:00,55.71,55.4,56.1,60,1.0
2024-03-06 06:00,55.72,55.5,56.1,60,1.0
2024-03-06 07:00,55.73,55.5,56.1,60,1.0
2024-03-06 08:00,55.86,55.6,56.3,60,1.0
2024-03-06 09:00,55.83,55.6,56.2,60,1.0
2024-03-06 10:00,55.78,55.5,56.1,60,1.0
2024-03-06 11:00,55.56,55.2,55.9,56,0.933
2024-03-06 12:00,55.31,54.9,55.7,50,0.833
2024-03-06 13:00,54.98,54.7,55.4,45,0.75
2024-03-06 14:00,54.87,54.6,55.2,52,0.867
2024-03-06 15:00,54.65,54.4,55.1,54,0.9
2024-03-06 16:00,55.49,54.8,56.0,60,1.0
2024-03-06 17:00,55.82,55.5,56.3,60,1.0
2024-03-06 18:00,56.18,55.8,56.6,60,1.0
2024-03-06 19:00,56.32,56.1,56.6,60,1.0
2024-03-06 20:00,56.42,56.1,57.1,60,1.0
2024-03-06 21:00,56.94,56.6,57.4,60,1.0
2024-03-06 22:00,57.2,57.0,57.6,60,1.0
2024-03-06 23:00,57.34,57.1,57.6,60,1.0
2024-03-07 00:00,57.3,57.0,57.7,60,1.0
2024-03-07 01:00,57.42,57.1,57.8,60,1.0
2024-03-07 02:00,57.4,57.2,57.7,60,1.0
2024-03-07 03:00,57.42,57.2,57.7,60,1.0
2024-03-07 04:00,57.4,57.2,57.7,60,1.0
2024-03-07 05:00,57.41,57.2,57.7,60,1.0
2024-03-07 06:00,57.43,57.2,57.8,60,1.0
2024-03-07 07:00,57.4,57.2,57.8,60,1.0
2024-03-07 08:00,57.48,57.2,57.9,60,1.0
2024-03-07 09:00,57.35,57.1,57.7,60,1.0
2024-03-07 10:00,57.04,56.7,57.5,60,1.0
2024-03-07 11:00,56.46,56.0,57.0,60,1.0
2024-03-07 12:00,56.2,55.9,56.5,60,1.0
2024-03-07 13:00,55.94,55.7,56.3,60,1.0
2024-03-07 14:00,55.67,55.4,56.1,60,1.0
2024-03-07 15:00,55.5,55.3,55.9,60,1.0
2024-03-07 16:00,55.44,55.2,56.0,60,1.0
2024-03-07 17:00,55.49,55.2,55.9,60,1.0
2024-03-07 18:00,55.46,55.2,55.8,60,1.0
2024-03-07 19:00,55.31,55.1,55.6,60,1.0
2024-03-07 20:00,55.4,55.1,55.7,60,1.0
2024-03-07 21:00,55.4,55.1,55.7,60,1.0
2024-03-07 22:00,55.38,55.1,55.7,60,1.0
2024-03-07 23:00,55.34,55.1,55.6,60,1.0
2024-03-08 00:00,55.33,55.1,55.6,60,1.0
2024-03-08 01:00,55.23,54.9,55.6,60,1.0
2024-03-08 02:00,55.22,55.0,55.6,60,1.0
2024-03-08 03:00,55.29,55.0,55.6,60,1.0
2024-03-08 04:00,55.26,54.9,55.6,60,1.0
2024-03-08 05:00,55.15,54.9,55.5,60,1.0
2024-03-08 06:00,55.1,54.9,55.4,60,1.0
2024-03-08 07:00,55.05,54.8,55.4,60,1.0
2024-03-08 08:00,55.21,54.9,55.6,60,1.0
2024-03-08 09:00,55.22,55.0,55.5,60,1.0
2024-03-08 10:00,55.18,54.8,55.5,60,1.0
2024-03-08 11:00,54.88,54.5,55.3,60,1.0
2024-03-08 12:00,54.56,54.1,55.0,60,1.0
2024-03-08 13:00,54.16,53.8,54.5,60,1.0
2024-03-08 14:00,53.98,53.6,54.4,60,1.0
2024-03-08 15:00,53.78,53.5,54.2,60,1.0
2024-03-08 16:00,53.76,53.4,54.1,60,1.0
2024-03-08 17:00,53.66,53.3,53.9,60,1.0
2024-03-08 18:00,53.52,53.2,53.9,60,1.0
2024-03-08 19:00,53.39,53.2,53.8,60,1.0
2024-03-08 20:00,53.42,53.2,53.7,60,1.0
2024-03-08 21:00,53.5,53.2,53.9,46,0.767
2024-03-08 22:00,53.56,53.3,53.9,54,0.9
2024-03-08 23:00,53.69,53.4,54.0,51,0.85
2024-03-09 00:00,53.81,53.5,54.2,59,0.983
2024-03-09 01:00,54.01,53.7,54.6,58,0.967
2024-03-09 02:00,54.51,54.2,54.8,60,1.0
2024-03-09 03:00,54.66,54.4,55.0,60,1.0
2024-03-09 04:00,54.63,54.4,55.0,60,1.0
2024-03-09 05:00,54.66,54.5,55.0,60,1.0
2024-03-09 06:00,54.84,54.6,55.1,60,1.0
2024-03-09 07:00,55.33,54.7,55.9,60,1.0
2024-03-09 08:00,56.26,55.6,57.5,60,1.0
2024-03-09 09:00,59.63,57.2,61.0,60,1.0
2024-03-09 10:00,60.71,60.5,61.1,60,1.0
2024-03-09 11:00,60.84,60.4,61.3,60,1.0
2024-03-09 12:00,61.12,61.0,61.5,60,1.0
2024-03-09 13:00,61.02,60.8,61.4,60,1.0
2024-03-09 14:00,60.86,60.5,61.3,60,1.0
2024-03-09 15:00,60.52,60.2,60.9,60,1.0
2024-03-09 16:00,60.18,60.0,60.5,60,1.0
2024-03-09 17:00,59.98,59.8,60.3,60,1.0
2024-03-09 18:00,59.8,59.5,60.2,60,1.0
2024-03-09 19:00,59.57,59.2,59.9,60,1.0
2024-03-09 20:00,59.34,58.9,59.8,60,1.0
2024-03-09 21:00,59.0,58.7,59.4,60,1.0
2024-03-09 22:00,58.9,58.6,59.2,60,1.0
2024-03-09 23:00,58.84,58.6,59.1,60,1.0
2024-03-10 00:00,58.78,58.5,59.2,60,1.0
2024-03-10 01:00,58.68,58.4,59.1,60,1.0
2024-03-10 02:00,58.64,58.4,58.9,60,1.0
2024-03-10 03:00,58.54,58.2,58.9,60,1.0
2024-03-10 04:00,58.38,58.2,58.7,60,1.0
2024-03-10 05:00,58.34,58.1,58.7,60,1.0
2024-03-10 06:00,58.3,58.0,58.6,60,1.0
2024-03-10 07:00,58.09,57.8,58.5,60,1.0
2024-03-10 08:00,58.05,57.8,58.4,60,1.0
2024-03-10 09:00,58.01,57.7,58.3,60,1.0
2024-03-10 10:00,57.83,57.6,58.2,60,1.0
2024-03-10 11:00,57.72,57.4,58.1,60,1.0
2024-03-10 12:00,57.35,57.1,57.8,60,1.0
2024-03-10 13:00,57.23,57.0,57.6,60,1.0
2024-03-10 14:00,56.95,56.7,57.4,60,1.0
2024-03-10 15:00,56.72,56.6,57.2,60,1.0
2024-03-10 16:00,56.71,56.4,56.9,60,1.0
2024-03-10 17:00,56.57,56.3,56.9,47,0.783
2024-03-10 18:00,56.45,56.1,56.7,59,0.983
2024-03-10 19:00,56.38,56.1,56.7,60,1.0
2024-03-10 20:00,56.3,56.0,56.6,60,1.0
2024-03-10 21:00,56.26,55.9,56.5,60,1.0
2024-03-10 22:00,56.22,55.9,56.5,60,1.0
2024-03-10 23:00,56.74,55.8,59.4,60,1.0
2024-03-11 00:00,61.61,59.3,62.8,60,1.0
2024-03-11 01:00,62.4,62.2,62.8,60,1.0
2024-03-11 02:00,62.29,62.0,62.8,60,1.0
2024-03-11 03:00,62.83,62.3,63.5,60,1.0
2024-03-11 04:00,62.79,62.5,63.3,60,1.0
2024-03-11 05:00,62.57,62.2,63.0,60,1.0
2024-03-11 06:00,62.76,62.2,63.4,60,1.0
2024-03-11 07:00,63.32,62.9,63.8,60,1.0
2024-03-11 08:00,63.82,63.5,64.2,60,1.0
2024-03-11 09:00,63.29,62.8,63.8,60,1.0
2024-03-11 10:00,62.6,62.2,63.0,60,1.0
2024-03-11 11:00,61.83,61.5,62.4,60,1.0
2024-03-11 12:00,61.3,60.9,61.8,60,1.0
2024-03-11 13:00,61.53,60.8,62.5,60,1.0
2024-03-11 14:00,63.02,62.5,63.4,60,1.0
2024-03-11 15:00,62.61,62.0,63.2,60,1.0
2024-03-11 16:00,62.7,61.8,65.1,60,1.0
2024-03-11 17:00,67.16,65.2,68.1,60,1.0
2024-03-11 18:00,66.48,65.9,67.4,60,1.0
2024-03-11 19:00,65.54,65.0,66.4,60,1.0
2024-03-11 20:00,64.75,64.2,65.3,60,1.0
2024-03-11 21:00,65.31,64.2,66.0,60,1.0
2024-03-11 22:00,65.61,64.9,66.6,60,1.0
2024-03-11 23:00,65.94,65.3,66.4,60,1.0
2024-03-12 00:00,65.12,64.6,65.7,60,1.0
2024-03-12 01:00,64.58,64.2,65.1,60,1.0
2024-03-12 02:00,63.96,63.6,64.5,60,1.0
2024-03-12 03:00,63.46,63.2,63.8,60,1.0
2024-03-12 04:00,63.15,62.8,63.6,60,1.0
2024-03-12 05:00,62.84,62.6,63.2,60,1.0
2024-03-12 06:00,62.62,62.4,62.9,60,1.0
2024-03-12 07:00,62.59,62.3,63.0,54,0.9
2024-03-12 08:00,62.54,62.2,63.0,44,0.733
2024-03-12 09:00,62.22,61.8,62.7,59,0.983
2024-03-12 10:00,61.84,61.5,62.3,60,1.0
2024-03-12 11:00,61.32,61.0,61.9,60,1.0
2024-03-12 12:00,61.01,60.7,61.4,60,1.0
2024-03-12 13:00,60.77,60.4,61.2,60,1.0
2024-03-12 14:00,60.41,60.2,60.9,60,1.0
2024-03-12 15:00,60.14,59.9,60.5,60,1.0
2024-03-12 16:00,60.03,59.7,60.3,60,1.0
2024-03-12 17:00,60.15,59.6,60.6,60,1.0
2024-03-12 18:00,60.05,59.8,60.5,60,1.0
2024-03-12 19:00,59.76,59.6,60.2,60,1.0
2024-03-12 20:00,59.65,59.4,60.0,60,1.0
2024-03-12 21:00,59.59,59.4,59.8,60,1.0
2024-03-12 22:00,59.51,59.2,59.8,60,1.0
2024-03-12 23:00,59.46,59.2,59.8,60,1.0
2024-03-13 00:00,59.4,59.1,59.7,60,1.0
2024-03-13 01:00,59.38,59.1,59.7,60,1.0
2024-03-13 02:00,59.21,59.0,59.6,60,1.0
2024-03-13 03:00,59.11,59.0,59.5,60,1.0
2024-03-13 04:00,59.02,58.8,59.4,60,1.0
2024-03-13 05:00,58.82,58.6,59.2,60,1.0
2024-03-13 06:00,58.59,58.4,59.1,60,1.0
2024-03-13 07:00,58.48,58.3,58.9,60,1.0
2024-03-13 08:00,58.6,58.3,59.0,60,1.0
2024-03-13 09:00,58.48,58.3,58.9,60,1.0
2024-03-13 10:00,58.28,58.0,58.7,60,1.0
2024-03-13 11:00,57.93,57.6,58.4,60,1.0
2024-03-13 12:00,57.5,57.2,57.9,60,1.0
2024-03-13 13:00,57.3,57.0,57.5,60,1.0
2024-03-13 14:00,56.94,56.7,57.3,60,1.0
2024-03-13 15:00,56.68,56.5,57.0,60,1.0
2024-03-13 16:00,56.6,56.3,57.0,60,1.0
2024-03-13 17:00,56.32,56.0,56.6,60,1.0
2024-03-13 18:00,56.05,55.9,56.3,60,1.0
2024-03-13 19:00,56.11,55.7,56.4,60,1.0
2024-03-13 20:00,55.99,55.7,56.3,60,1.0
2024-03-13 21:00,55.85,55.6,56.2,60,1.0
2024-03-13 22:00,55.75,55.5,56.1,60,1.0
2024-03-13 23:00,55.68,55.5,56.1,60,1.0
2024-03-14 00:00,55.73,55.5,56.1,60,1.0
2024-03-14 01:00,55.79,55.5,56.1,48,0.8
2024-03-14 02:00,55.79,55.5,56.1,54,0.9
2024-03-14 03:00,55.83,55.5,56.1,55,0.917
2024-03-14 04:00,55.84,55.6,56.1,55,0.917
2024-03-14 05:00,55.77,55.5,56.1,58,0.967
2024-03-14 06:00,55.62,55.5,56.0,52,0.867
2024-03-14 07:00,55.63,55.4,56.0,56,0.933
2024-03-14 08:00,55.76,55.5,56.1,60,1.0
2024-03-14 09:00,55.79,55.5,56.1,60,1.0
2024-03-14 10:00,55.7,55.5,56.0,60,1.0
2024-03-14 11:00,55.56,55.3,55.9,60,1.0
2024-03-14 12:00,55.28,55.0,55.7,60,1.0
2024-03-14 13:00,55.06,54.8,55.4,60,1.0
2024-03-14 14:00,54.89,54.6,55.2,60,1.0
2024-03-14 15:00,54.85,54.6,55.2,60,1.0
2024-03-14 16:00,54.64,54.4,55.0,60,1.0
2024-03-14 17:00,54.51,54.3,54.9,60,1.0
2024-03-14 18:00,54.44,54.3,54.8,60,1.0
2024-03-14 19:00,54.45,54.2,54.9,60,1.0
2024-03-14 20:00,54.46,54.1,54.8,60,1.0
2024-03-14 21:00,54.37,54.1,54.8,60,1.0
2024-03-14 22:00,54.24,54.0,54.7,60,1.0
2024-03-14 23:00,54.18,54.0,54.5,60,1.0
2024-03-15 00:00,54.25,54.0,54.6,60,1.0
2024-03-15 01:00,54.36,54.1,54.8,60,1.0
2024-03-15 02:00,54.41,54.1,54.9,59,0.983
2024-03-15 03:00,54.43,54.2,54.8,60,1.0
2024-03-15 04:00,54.48,54.2,54.8,60,1.0
2024-03-15 05:00,54.46,54.1,54.8,60,1.0
2024-03-15 06:00,54.48,54.2,54.8,60,1.0
2024-03-15 07:00,54.44,54.2,54.8,60,1.0
2024-03-15 08:00,54.52,54.2,54.9,60,1.0
2024-03-15 09:00,54.59,54.3,55.0,60,1.0
2024-03-15 10:00,54.48,54.2,54.9,60,1.0
2024-03-15 11:00,54.3,54.1,54.7,60,1.0
2024-03-15 12:00,54.0,53.7,54.5,60,1.0
2024-03-15 13:00,53.86,53.5,54.3,60,1.0
2024-03-15 14:00,53.55,53.4,53.8,60,1.0
2024-03-15 15:00,53.38,53.1,53.6,60,1.0
2024-03-15 16:00,53.38,52.9,53.7,60,1.0
2024-03-15 17:00,53.06,52.8,53.4,59,0.983
2024-03-15 18:00,52.94,52.8,53.3,54,0.9
2024-03-15 19:00,52.97,52.7,53.3,48,0.8
2024-03-15 20:00,53.0,52.7,53.2,58,0.967
2024-03-15 21:00,52.91,52.7,53.2,60,1.0
2024-03-15 22:00,52.91,52.6,53.2,60,1.0
2024-03-15 23:00,52.87,52.6,53.1,60,1.0
2024-03-16 00:00,52.84,52.6,53.1,60,1.0
2024-03-16 01:00,52.84,52.6,53.2,60,1.0
2024-03-16 02:00,52.82,52.6,53.3,60,1.0
2024-03-16 03:00,52.96,52.7,53.3,60,1.0
2024-03-16 04:00,52.9,52.6,53.2,60,1.0
2024-03-16 05:00,52.82,52.6,53.2,60,1.0
2024-03-16 06:00,52.79,52.6,53.2,60,1.0
2024-03-16 07:00,52.87,52.6,53.1,60,1.0
2024-03-16 08:00,52.81,52.5,53.1,60,1.0
2024-03-16 09:00,52.71,52.5,53.2,60,1.0
2024-03-16 10:00,52.81,52.6,53.2,60,1.0
2024-03-16 11:00,52.89,52.6,53.2,60,1.0
2024-03-16 12:00,52.75,52.5,53.1,60,1.0
2024-03-16 13:00,52.74,52.4,53.0,60,1.0
2024-03-16 14:00,52.68,52.4,53.0,60,1.0
2024-03-16 15:00,52.58,52.4,53.0,60,1.0
2024-03-16 16:00,52.57,52.4,52.9,60,1.0
2024-03-16 17:00,52.57,52.4,52.9,60,1.0
2024-03-16 18:00,52.52,52.4,52.8,60,1.0
2024-03-16 19:00,52.62,52.3,52.9,60,1.0
2024-03-16 20:00,52.81,52.3,53.3,60,1.0
2024-03-16 21:00,53.34,53.0,53.6,60,1.0
2024-03-16 22:00,53.52,53.2,53.9,60,1.0
2024-03-16 23:00,53.6,53.3,53.9,60,1.0
2024-03-17 00:00,53.61,53.4,53.9,60,1.0
2024-03-17 01:00,53.63,53.4,53.9,60,1.0
2024-03-17 02:00,53.6,53.4,53.9,60,1.0
2024-03-17 03:00,53.62,53.4,53.9,60,1.0
2024-03-17 04:00,53.56,53.4,53.9,60,1.0
2024-03-17 05:00,53.52,53.4,53.9,60,1.0
2024-03-17 06:00,53.65,53.4,54.0,60,1.0
2024-03-17 07:00,53.69,53.5,54.0,60,1.0
2024-03-17 08:00,53.85,53.6,54.1,60,1.0
2024-03-17 09:00,53.77,53.6,54.1,60,1.0
2024-03-17 10:00,53.63,53.4,54.0,60,1.0
2024-03-17 11:00,53.35,53.1,53.6,60,1.0
2024-03-17 12:00,53.25,53.0,53.6,48,0.8
2024-03-17 13:00,53.0,52.8,53.3,59,0.983
2024-03-17 14:00,52.86,52.6,53.2,59,0.983
2024-03-17 15:00,52.5,52.4,52.7,60,1.0
2024-03-17 16:00,52.45,52.2,52.8,60,1.0
2024-03-17 17:00,52.35,52.0,52.8,60,1.0
2024-03-17 18:00,52.23,51.9,52.5,60,1.0
2024-03-17 19:00,52.16,51.8,52.4,60,1.0
2024-03-17 20:00,52.02,51.8,52.3,60,1.0
2024-03-17 21:00,51.94,51.8,52.3,60,1.0
2024-03-17 22:00,52.05,51.8,52.4,60,1.0
2024-03-17 23:00,52.13,51.8,52.4,60,1.0
2024-03-18 00:00,52.14,51.8,52.4,60,1.0
2024-03-18 01:00,52.15,51.9,52.4,60,1.0
2024-03-18 02:00,52.14,51.8,52.4,60,1.0
2024-03-18 03:00,52.09,51.8,52.4,60,1.0
2024-03-18 04:00,52.02,51.8,52.3,60,1.0
2024-03-18 05:00,52.01,51.8,52.4,60,1.0
2024-03-18 06:00,52.0,51.8,52.3,60,1.0
2024-03-18 07:00,52.11,51.9,52.4,60,1.0
2024-03-18 08:00,52.24,52.0,52.6,60,1.0
2024-03-18 09:00,52.25,52.0,52.7,60,1.0
2024-03-18 10:00,52.29,52.1,52.6,60,1.0
2024-03-18 11:00,52.16,52.0,52.5,60,1.0
2024-03-18 12:00,52.18,52.0,52.4,60,1.0
2024-03-18 13:00,52.2,52.0,52.5,60,1.0
2024-03-18 14:00,52.23,52.0,52.5,60,1.0
2024-03-18 15:00,52.16,51.9,52.4,60,1.0
2024-03-18 16:00,52.09,51.8,52.4,60,1.0
2024-03-18 17:00,52.01,51.7,52.3,60,1.0
2024-03-18 18:00,52.09,51.8,52.4,60,1.0
2024-03-18 19:00,52.02,51.8,52.3,60,1.0
2024-03-18 20:00,51.88,51.7,52.2,60,1.0
2024-03-18 21:00,51.94,51.7,52.3,60,1.0
2024-03-18 22:00,52.1,51.8,52.4,60,1.0
2024-03-18 23:00,52.2,52.0,52.5,60,1.0
2024-03-19 00:00,52.31,52.0,52.6,60,1.0
2024-03-19 01:00,52.31,52.0,52.6,60,1.0
2024-03-19 02:00,52.35,52.1,52.6,57,0.95
2024-03-19 03:00,52.33,52.0,52.6,51,0.85
2024-03-19 04:00,52.27,52.0,52.5,60,1.0
2024-03-19 05:00,52.23,52.0,52.5,60,1.0
2024-03-19 06:00,52.24,51.9,52.5,60,1.0
2024-03-19 07:00,52.31,52.0,52.5,60,1.0
2024-03-19 08:00,52.22,52.0,52.5,60,1.0
2024-03-19 09:00,52.34,52.1,52.7,60,1.0
2024-03-19 10:00,52.19,52.0,52.6,60,1.0
2024-03-19 11:00,52.09,51.8,52.4,60,1.0
2024-03-19 12:00,51.98,51.7,52.4,60,1.0
2024-03-19 13:00,51.85,51.6,52.3,60,1.0
2024-03-19 14:00,51.91,51.6,52.1,60,1.0
2024-03-19 15:00,51.76,51.5,52.0,60,1.0
2024-03-19 16:00,51.61,51.4,51.9,60,1.0
2024-03-19 17:00,51.62,51.3,52.0,60,1.0
2024-03-19 18:00,51.58,51.2,51.9,60,1.0
2024-03-19 19:00,51.22,51.0,51.6,60,1.0
2024-03-19 20:00,51.19,51.0,51.6,60,1.0
2024-03-19 21:00,51.31,51.0,51.6,60,1.0
2024-03-19 22:00,51.34,51.0,51.7,60,1.0
2024-03-19 23:00,51.28,50.7,51.6,60,1.0
2024-03-20 00:00,51.38,51.0,51.7,60,1.0
2024-03-20 01:00,51.36,51.0,51.7,60,1.0
2024-03-20 02:00,51.3,51.0,51.5,60,1.0
2024-03-20 03:00,51.3,51.0,51.6,60,1.0
2024-03-20 04:00,51.25,51.0,51.5,60,1.0
2024-03-20 05:00,51.23,51.0,51.5,60,1.0
2024-03-20 06:00,51.3,51.0,51.6,60,1.0
2024-03-20 07:00,51.37,51.1,51.7,60,1.0
2024-03-20 08:00,51.48,51.2,51.8,60,1.0
2024-03-20 09:00,51.44,51.2,51.8,60,1.0
2024-03-20 10:00,51.2,50.9,51.5,60,1.0
2024-03-20 11:00,51.14,50.8,51.4,47,0.783
2024-03-20 12:00,50.86,50.5,51.3,48,0.8
2024-03-20 13:00,50.79,50.5,51.1,60,1.0
2024-03-20 14:00,50.66,50.5,50.9,60,1.0
2024-03-20 15:00,50.75,50.5,51.1,60,1.0
2024-03-20 16:00,50.72,50.5,51.1,60,1.0
2024-03-20 17:00,50.54,50.3,50.8,60,1.0
2024-03-20 18:00,50.62,50.3,50.9,60,1.0
2024-03-20 19:00,50.7,50.4,50.9,60,1.0
2024-03-20 20:00,50.67,50.3,50.9,60,1.0
2024-03-20 21:00,50.62,50.3,50.8,60,1.0
2024-03-20 22:00,50.57,50.3,50.9,60,1.0
2024-03-20 23:00,50.47,50.2,50.8,60,1.0
2024-03-21 00:00,50.4,50.2,50.8,60,1.0
2024-03-21 01:00,50.43,50.2,50.7,60,1.0
2024-03-21 02:00,50.42,50.2,50.7,60,1.0
2024-03-21 03:00,50.34,50.2,50.6,60,1.0
2024-03-21 04:00,50.43,50.2,50.9,60,1.0
2024-03-21 05:00,50.5,50.2,50.9,60,1.0
2024-03-21 06:00,50.49,50.2,50.9,60,1.0
2024-03-21 07:00,50.3,50.1,50.7,60,1.0
2024-03-21 08:00,50.56,50.2,50.9,60,1.0
2024-03-21 09:00,50.54,50.3,50.9,60,1.0
2024-03-21 10:00,50.38,50.2,50.8,60,1.0
2024-03-21 11:00,50.45,50.2,50.7,60,1.0
2024-03-21 12:00,50.21,49.9,50.5,60,1.0
2024-03-21 13:00,50.21,49.9,50.5,60,1.0
2024-03-21 14:00,49.94,49.7,50.3,60,1.0
2024-03-21 15:00,49.7,49.5,50.0,60,1.0
2024-03-21 16:00,49.74,49.5,50.0,60,1.0
2024-03-21 17:00,49.71,49.4,50.0,60,1.0
2024-03-21 18:00,49.58,49.3,49.8,57,0.95
2024-03-21 19:00,49.47,49.3,49.8,51,0.85
2024-03-21 20:00,49.66,49.4,50.0,51,0.85
2024-03-21 21:00,49.7,49.3,50.0,50,0.833
2024-03-21 22:00,49.7,49.4,49.9,60,1.0
2024-03-21 23:00,49.66,49.4,50.0,60,1.0
2024-03-22 00:00,49.45,49.2,49.8,60,1.0
2024-03-22 01:00,49.52,49.2,49.8,60,1.0
2024-03-22 02:00,49.6,49.4,49.9,60,1.0
2024-03-22 03:00,49.65,49.4,50.0,60,1.0
2024-03-22 04:00,49.72,49.5,50.1,60,1.0
2024-03-22 05:00,49.74,49.5,50.1,60,1.0
2024-03-22 06:00,49.81,49.6,50.1,60,1.0
2024-03-22 07:00,49.89,49.6,50.1,60,1.0
2024-03-22 08:00,49.89,49.6,50.2,60,1.0
2024-03-22 09:00,49.92,49.6,50.3,60,1.0
2024-03-22 10:00,49.9,49.7,50.2,60,1.0
2024-03-22 11:00,49.96,49.7,50.3,60,1.0
2024-03-22 12:00,49.86,49.5,50.3,60,1.0
2024-03-22 13:00,49.74,49.5,50.1,60,1.0
2024-03-22 14:00,49.58,49.3,50.0,60,1.0
2024-03-22 15:00,49.29,49.1,49.6,60,1.0
2024-03-22 16:00,49.16,49.0,49.4,60,1.0
2024-03-22 17:00,49.08,48.9,49.4,60,1.0
2024-03-22 18:00,48.97,48.7,49.3,60,1.0
2024-03-22 19:00,48.99,48.7,49.3,60,1.0
2024-03-22 20:00,48.94,48.7,49.4,60,1.0
2024-03-22 21:00,48.87,48.6,49.3,60,1.0
2024-03-22 22:00,48.86,48.7,49.2,60,1.0
2024-03-22 23:00,49.08,48.7,49.4,60,1.0
2024-03-23 00:00,49.14,48.8,49.5,60,1.0
2024-03-23 01:00,49.16,48.9,49.5,60,1.0
2024-03-23 02:00,49.3,49.0,49.6,60,1.0
2024-03-23 03:00,49.34,49.0,49.7,60,1.0
2024-03-23 04:00,49.4,49.1,49.7,60,1.0
2024-03-23 05:00,49.33,49.1,49.7,60,1.0
2024-03-23 06:00,49.31,49.1,49.6,60,1.0
2024-03-23 07:00,49.44,49.2,49.8,60,1.0
2024-03-23 08:00,49.65,49.4,50.0,59,0.983
2024-03-23 09:00,49.54,49.3,49.9,50,0.833
2024-03-23 10:00,49.46,49.2,49.8,57,0.95
2024-03-23 11:00,49.16,48.9,49.5,60,1.0
2024-03-23 12:00,49.06,48.8,49.3,60,1.0
2024-03-23 13:00,48.93,48.6,49.3,60,1.0
2024-03-23 14:00,48.7,48.5,48.9,60,1.0
2024-03-23 15:00,48.66,48.5,49.0,60,1.0
2024-03-23 16:00,48.68,48.5,49.0,60,1.0
2024-03-23 17:00,48.62,48.4,49.0,60,1.0
2024-03-23 18:00,48.63,48.4,49.1,60,1.0
2024-03-23 19:00,48.58,48.3,49.0,60,1.0
2024-03-23 20:00,48.52,48.3,48.9,60,1.0
2024-03-23 21:00,48.52,48.3,48.9,60,1.0
2024-03-23 22:00,48.6,48.3,48.9,60,1.0
2024-03-23 23:00,48.66,48.3,48.9,60,1.0
2024-03-24 00:00,48.77,48.3,49.1,60,1.0
2024-03-24 01:00,48.78,48.5,49.1,60,1.0
2024-03-24 02:00,48.79,48.5,49.1,60,1.0
2024-03-24 03:00,48.74,48.4,49.0,60,1.0
2024-03-24 04:00,48.62,48.3,49.0,60,1.0
2024-03-24 05:00,48.56,48.4,48.9,60,1.0
2024-03-24 06:00,48.61,48.3,48.9,60,1.0
2024-03-24 07:00,48.76,48.5,49.2,60,1.0
2024-03-24 08:00,48.97,48.6,49.4,60,1.0
2024-03-24 09:00,48.93,48.8,49.2,60,1.0
2024-03-24 10:00,48.98,48.7,49.4,60,1.0
2024-03-24 11:00,48.82,48.4,49.2,60,1.0
2024-03-24 12:00,48.49,48.2,48.8,60,1.0
2024-03-24 13:00,48.37,48.0,48.7,60,1.0
2024-03-24 14:00,48.11,47.9,48.4,57,0.95
2024-03-24 15:00,48.0,47.8,48.3,50,0.833
2024-03-24 16:00,47.89,47.7,48.2,60,1.0
2024-03-24 17:00,47.9,47.6,48.1,60,1.0
2024-03-24 18:00,47.8,47.5,48.1,60,1.0
2024-03-24 19:00,47.71,47.5,48.1,60,1.0
2024-03-24 20:00,47.75,47.5,48.1,60,1.0
2024-03-24 21:00,47.73,47.5,48.0,60,1.0
2024-03-24 22:00,47.82,47.6,48.1,60,1.0
2024-03-24 23:00,47.96,47.6,48.4,60,1.0
2024-03-25 00:00,47.93,47.6,48.2,60,1.0
2024-03-25 01:00,47.84,47.5,48.1,60,1.0
2024-03-25 02:00,47.85,47.6,48.2,60,1.0
2024-03-25 03:00,47.87,47.7,48.3,60,1.0
2024-03-25 04:00,47.86,47.7,48.3,60,1.0
2024-03-25 05:00,47.95,47.7,48.2,60,1.0
2024-03-25 06:00,48.01,47.8,48.2,60,1.0
2024-03-25 07:00,48.04,47.9,48.4,60,1.0
2024-03-25 08:00,48.21,47.9,48.5,60,1.0
2024-03-25 09:00,48.25,48.0,48.7,60,1.0
2024-03-25 10:00,48.3,48.0,48.6,60,1.0
2024-03-25 11:00,48.27,48.0,48.6,60,1.0
2024-03-25 12:00,48.06,47.8,48.3,60,1.0
2024-03-25 13:00,47.85,47.5,48.2,60,1.0
2024-03-25 14:00,47.61,47.4,48.0,60,1.0
2024-03-25 15:00,47.73,47.5,48.1,60,1.0
2024-03-25 16:00,47.64,47.3,48.2,60,1.0
2024-03-25 17:00,47.42,47.1,47.7,60,1.0
2024-03-25 18:00,47.35,47.1,47.7,60,1.0
2024-03-25 19:00,47.37,47.1,47.7,60,1.0
2024-03-25 20:00,47.37,47.2,47.7,60,1.0
2024-03-25 21:00,47.34,47.1,47.6,60,1.0
2024-03-25 22:00,47.29,47.1,47.6,58,0.967
2024-03-25 23:00,47.36,47.1,47.6,48,0.8
2024-03-26 00:00,47.3,47.1,47.5,60,1.0
2024-03-26 01:00,47.16,46.8,47.6,60,1.0
2024-03-26 02:00,46.91,46.7,47.2,59,0.983
2024-03-26 03:00,47.02,46.7,47.4,60,1.0
2024-03-26 04:00,47.07,46.7,47.6,60,1.0
2024-03-26 05:00,47.1,46.7,47.5,59,0.983
2024-03-26 06:00,47.12,46.8,47.4,60,1.0
2024-03-26 07:00,47.12,46.9,47.5,60,1.0
2024-03-26 08:00,47.11,46.9,47.4,60,1.0
2024-03-26 09:00,47.14,46.8,47.7,60,1.0
2024-03-26 10:00,47.08,46.8,47.4,60,1.0
2024-03-26 11:00,47.06,46.8,47.3,60,1.0
2024-03-26 12:00,47.14,46.8,47.4,60,1.0
2024-03-26 13:00,47.27,46.9,47.5,60,1.0
2024-03-26 14:00,47.37,47.1,47.6,59,0.983
2024-03-26 15:00,47.4,47.1,47.7,60,1.0
2024-03-26 16:00,47.53,47.2,47.9,60,1.0
2024-03-26 17:00,47.84,47.6,48.1,60,1.0
2024-03-26 18:00,47.96,47.7,48.3,60,1.0
2024-03-26 19:00,48.13,47.9,48.4,60,1.0
2024-03-26 20:00,48.31,48.1,48.6,60,1.0
2024-03-26 21:00,48.48,48.3,48.7,60,1.0
2024-03-26 22:00,48.54,48.4,48.8,59,0.983
2024-03-26 23:00,48.51,48.4,48.8,60,1.0
2024-03-27 00:00,48.58,48.4,48.8,60,1.0
2024-03-27 01:00,48.68,48.6,48.9,60,1.0
2024-03-27 02:00,48.79,48.6,49.1,60,1.0
2024-03-27 03:00,48.89,48.7,49.1,60,1.0
2024-03-27 04:00,49.05,48.8,49.3,60,1.0
2024-03-27 05:00,49.09,48.9,49.3,60,1.0
2024-03-27 06:00,49.02,48.8,49.4,60,1.0
2024-03-27 07:00,49.14,48.9,49.4,60,1.0
2024-03-27 08:00,49.17,48.9,49.4,60,1.0
2024-03-27 09:00,49.16,49.0,49.4,60,1.0
2024-03-27 10:00,49.09,49.0,49.4,60,1.0
2024-03-27 11:00,49.17,48.9,49.5,60,1.0
2024-03-27 12:00,49.14,48.9,49.4,60,1.0
2024-03-27 13:00,48.86,48.7,49.3,60,1.0
2024-03-27 14:00,48.76,48.7,49.0,60,1.0
2024-03-27 15:00,49.47,48.7,50.8,60,1.0
2024-03-27 16:00,53.77,50.6,56.1,60,1.0
2024-03-27 17:00,56.73,56.0,57.3,60,1.0
2024-03-27 18:00,56.84,56.7,57.3,60,1.0
2024-03-27 19:00,56.8,56.5,57.1,60,1.0
2024-03-27 20:00,56.58,56.2,56.8,60,1.0
2024-03-27 21:00,56.35,56.1,56.7,60,1.0
2024-03-27 22:00,56.28,56.0,56.6,60,1.0
2024-03-27 23:00,56.16,55.8,56.4,60,1.0
2024-03-28 00:00,56.0,55.6,56.2,60,1.0
2024-03-28 01:00,55.81,55.4,56.1,60,1.0
2024-03-28 02:00,55.66,55.4,55.9,60,1.0
2024-03-28 03:00,55.57,55.3,55.8,60,1.0
2024-03-28 04:00,55.58,55.3,55.8,60,1.0
2024-03-28 05:00,55.5,55.2,55.7,60,1.0
2024-03-28 06:00,55.26,54.9,55.6,60,1.0
2024-03-28 07:00,55.1,54.8,55.3,60,1.0
2024-03-28 08:00,55.02,54.7,55.3,60,1.0
2024-03-28 09:00,54.91,54.7,55.2,60,1.0
2024-03-28 10:00,54.84,54.5,55.1,60,1.0
2024-03-28 11:00,54.59,54.4,55.0,60,1.0
2024-03-28 12:00,54.58,54.4,54.9,60,1.0
2024-03-28 13:00,54.53,54.4,54.9,60,1.0
2024-03-28 14:00,54.52,54.4,54.9,60,1.0
2024-03-28 15:00,54.44,54.2,54.8,60,1.0
2024-03-28 16:00,54.3,54.0,54.6,54,0.9
2024-03-28 17:00,54.13,53.8,54.4,51,0.85
2024-03-28 18:00,54.04,53.8,54.3,55,0.917
2024-03-28 19:00,53.95,53.7,54.2,57,0.95
2024-03-28 20:00,53.88,53.5,54.1,60,1.0
2024-03-28 21:00,53.74,53.4,54.0,60,1.0
2024-03-28 22:00,53.67,53.4,53.9,60,1.0
2024-03-28 23:00,53.56,53.3,53.9,60,1.0
2024-03-29 00:00,53.56,53.3,53.8,60,1.0
2024-03-29 01:00,53.55,53.3,53.8,60,1.0
2024-03-29 02:00,53.52,53.2,53.8,60,1.0
2024-03-29 03:00,53.32,53.1,53.6,60,1.0
2024-03-29 04:00,53.2,53.1,53.4,60,1.0
2024-03-29 05:00,53.21,53.1,53.5,60,1.0
2024-03-29 06:00,53.24,53.1,53.4,60,1.0
2024-03-29 07:00,53.43,53.2,53.8,60,1.0
2024-03-29 08:00,53.34,53.2,53.7,60,1.0
2024-03-29 09:00,53.26,53.0,53.6,60,1.0
2024-03-29 10:00,53.2,52.9,53.4,60,1.0
2024-03-29 11:00,53.1,52.7,53.3,60,1.0
2024-03-29 12:00,52.67,52.4,53.1,60,1.0
2024-03-29 13:00,52.52,52.3,52.9,60,1.0
2024-03-29 14:00,52.45,52.1,52.7,60,1.0
2024-03-29 15:00,52.29,51.9,52.5,60,1.0
2024-03-29 16:00,51.99,51.7,52.3,60,1.0
2024-03-29 17:00,51.8,51.7,52.0,60,1.0
2024-03-29 18:00,51.73,51.6,52.0,60,1.0
2024-03-29 19:00,51.69,51.5,52.0,60,1.0
2024-03-29 20:00,51.74,51.5,52.1,60,1.0
2024-03-29 21:00,51.72,51.4,52.1,60,1.0
2024-03-29 22:00,51.6,51.4,52.0,60,1.0
2024-03-29 23:00,51.56,51.3,51.9,58,0.967
2024-03-30 00:00,51.55,51.3,51.9,46,0.767
2024-03-30 01:00,51.55,51.3,51.8,59,0.983
2024-03-30 02:00,51.53,51.3,51.8,60,1.0
2024-03-30 03:00,51.43,51.3,51.8,60,1.0
2024-03-30 04:00,51.37,51.2,51.6,60,1.0
2024-03-30 05:00,51.36,51.2,51.5,60,1.0
2024-03-30 06:00,51.46,51.3,51.7,60,1.0
2024-03-30 07:00,51.45,51.2,51.7,60,1.0
2024-03-30 08:00,51.33,51.1,51.7,60,1.0
2024-03-30 09:00,51.34,51.1,51.7,60,1.0
2024-03-30 10:00,51.25,51.1,51.6,60,1.0
2024-03-30 11:00,51.02,50.8,51.3,60,1.0
2024-03-30 12:00,50.98,50.7,51.3,60,1.0
2024-03-30 13:00,50.75,50.5,51.2,60,1.0
2024-03-30 14:00,50.7,50.5,51.0,60,1.0
2024-03-30 15:00,50.67,50.3,50.9,60,1.0
2024-03-30 16:00,50.39,50.1,50.8,60,1.0
2024-03-30 17:00,50.24,50.0,50.6,59,0.983
2024-03-30 18:00,50.2,50.0,50.5,60,1.0
2024-03-30 19:00,50.02,49.8,50.2,59,0.983
2024-03-30 20:00,49.92,49.8,50.1,60,1.0
2024-03-30 21:00,49.97,49.7,50.3,60,1.0
2024-03-30 22:00,49.93,49.7,50.3,60,1.0
2024-03-30 23:00,49.8,49.6,50.0,60,1.0
2024-03-31 00:00,49.88,49.6,50.2,60,1.0
2024-03-31 01:00,49.9,49.6,50.2,60,1.0
2024-03-31 02:00,49.89,49.5,50.2,60,1.0
2024-03-31 03:00,49.78,49.5,50.0,60,1.0
2024-03-31 04:00,49.74,49.5,50.0,60,1.0
2024-03-31 05:00,49.68,49.4,50.0,60,1.0
2024-03-31 06:00,49.62,49.3,50.0,60,1.0
2024-03-31 07:00,49.64,49.4,50.0,60,1.0
2024-03-31 08:00,49.65,49.4,49.9,60,1.0
2024-03-31 09:00,49.43,49.2,49.8,60,1.0
2024-03-31 10:00,49.44,49.1,49.7,60,1.0
2024-03-31 11:00,49.34,49.1,49.6,46,0.767
2024-03-31 12:00,49.37,49.0,49.6,53,0.883
2024-03-31 13:00,49.14,48.9,49.6,60,1.0
2024-03-31 14:00,49.01,48.8,49.2,60,1.0
2024-03-31 15:00,49.01,48.7,49.5,60,1.0
2024-03-31 16:00,48.96,48.7,49.3,60,1.0
2024-03-31 17:00,48.87,48.6,49.1,60,1.0
2024-03-31 18:00,48.76,48.5,49.0,60,1.0
2024-03-31 19:00,48.58,48.3,48.9,60,1.0
2024-03-31 20:00,48.51,48.3,48.9,60,1.0
2024-03-31 21:00,48.54,48.3,48.9,60,1.0
2024-03-31 22:00,48.52,48.3,48.8,60,1.0
2024-03-31 23:00,48.48,48.2,48.7,60,1.0
2024-04-01 00:00,48.46,48.1,48.7,60,1.0
2024-04-01 01:00,48.41,48.1,48.8,60,1.0
2024-04-01 02:00,48.36,48.0,48.6,60,1.0
2024-04-01 03:00,48.32,48.1,48.6,60,1.0
2024-04-01 04:00,48.3,48.0,48.5,60,1.0
2024-04-01 05:00,48.2,47.9,48.5,60,1.0
2024-04-01 06:00,48.13,47.8,48.5,60,1.0
2024-04-01 07:00,48.12,47.9,48.4,60,1.0
2024-04-01 08:00,48.14,47.8,48.5,60,1.0
2024-04-01 09:00,48.2,47.9,48.5,60,1.0
2024-04-01 10:00,48.22,47.9,48.4,60,1.0
2024-04-01 11:00,48.08,47.8,48.4,60,1.0
2024-04-01 12:00,47.86,47.6,48.3,60,1.0
2024-04-01 13:00,47.89,47.6,48.2,56,0.933
2024-04-01 14:00,47.53,47.2,47.9,49,0.817
2024-04-01 15:00,47.35,47.1,47.7,55,0.917
2024-04-01 16:00,47.32,47.1,47.6,60,1.0
2024-04-01 17:00,47.28,47.0,47.7,60,1.0
2024-04-01 18:00,47.14,46.9,47.5,60,1.0
2024-04-01 19:00,47.15,46.8,47.4,60,1.0
2024-04-01 20:00,46.93,46.7,47.3,60,1.0
2024-04-01 21:00,47.02,46.9,47.4,60,1.0
2024-04-01 22:00,47.0,46.8,47.3,60,1.0
2024-04-01 23:00,46.86,46.6,47.2,60,1.0
2024-04-02 00:00,47.02,46.7,47.3,60,1.0
2024-04-02 01:00,47.03,46.8,47.3,60,1.0
2024-04-02 02:00,47.06,46.8,47.5,60,1.0
2024-04-02 03:00,46.99,46.8,47.3,60,1.0
2024-04-02 04:00,47.11,47.0,47.4,60,1.0
2024-04-02 05:00,47.24,47.1,47.7,60,1.0
2024-04-02 06:00,47.35,47.1,47.6,60,1.0
2024-04-02 07:00,47.38,47.1,47.8,60,1.0
2024-04-02 08:00,47.48,47.3,47.8,60,1.0
2024-04-02 09:00,47.5,47.2,47.8,60,1.0
2024-04-02 10:00,47.46,47.2,47.9,60,1.0
2024-04-02 11:00,47.44,46.9,47.8,60,1.0
2024-04-02 12:00,47.28,47.1,47.7,60,1.0
2024-04-02 13:00,47.27,46.9,47.6,60,1.0
2024-04-02 14:00,47.04,46.8,47.4,60,1.0
2024-04-02 15:00,46.97,46.8,47.3,60,1.0
2024-04-02 16:00,46.96,46.8,47.3,60,1.0
2024-04-02 17:00,47.04,46.8,47.3,60,1.0
2024-04-02 18:00,47.11,46.8,47.4,60,1.0
2024-04-02 19:00,47.08,46.8,47.3,60,1.0
2024-04-02 20:00,47.04,46.7,47.3,60,1.0
2024-04-02 21:00,47.04,46.7,47.3,60,1.0
2024-04-02 22:00,46.93,46.7,47.3,60,1.0
2024-04-02 23:00,46.89,46.7,47.2,60,1.0
2024-04-03 00:00,46.92,46.7,47.1,49,0.817
2024-04-03 01:00,46.94,46.8,47.3,58,0.967
2024-04-03 02:00,47.05,46.8,47.3,60,1.0
2024-04-03 03:00,47.11,46.8,47.4,60,1.0
2024-04-03 04:00,47.14,46.8,47.4,60,1.0
2024-04-03 05:00,47.24,46.9,47.5,60,1.0
2024-04-03 06:00,47.24,46.9,47.5,60,1.0
2024-04-03 07:00,47.22,46.9,47.5,60,1.0
2024-04-03 08:00,47.29,47.0,47.6,60,1.0
2024-04-03 09:00,47.3,47.0,47.7,60,1.0
2024-04-03 10:00,47.37,47.1,47.6,60,1.0
2024-04-03 11:00,47.25,47.1,47.6,60,1.0
2024-04-03 12:00,47.33,47.1,47.6,60,1.0
2024-04-03 13:00,47.28,47.0,47.6,60,1.0
2024-04-03 14:00,47.22,46.9,47.5,60,1.0
2024-04-03 15:00,47.07,46.8,47.4,60,1.0
2024-04-03 16:00,46.88,46.7,47.2,60,1.0
2024-04-03 17:00,46.85,46.7,47.1,60,1.0
2024-04-03 18:00,46.8,46.6,47.1,60,1.0
2024-04-03 19:00,46.87,46.6,47.1,60,1.0
2024-04-03 20:00,46.82,46.5,47.2,60,1.0
2024-04-03 21:00,46.71,46.5,47.1,60,1.0
2024-04-03 22:00,46.72,46.5,47.1,60,1.0
2024-04-03 23:00,46.78,46.6,47.2,60,1.0
2024-04-04 00:00,46.92,46.7,47.2,60,1.0
2024-04-04 01:00,46.79,46.6,47.2,60,1.0
2024-04-04 02:00,46.86,46.6,47.1,60,1.0
2024-04-04 03:00,46.92,46.6,47.2,60,1.0
2024-04-04 04:00,46.95,46.6,47.2,60,1.0
2024-04-04 05:00,46.97,46.6,47.2,60,1.0
2024-04-04 06:00,47.03,46.7,47.3,60,1.0
2024-04-04 07:00,46.99,46.7,47.3,60,1.0
2024-04-04 08:00,47.02,46.8,47.4,60,1.0
2024-04-04 09:00,46.94,46.8,47.3,57,0.95
2024-04-04 10:00,47.13,46.8,47.4,51,0.85
2024-04-04 11:00,46.98,46.7,47.4,60,1.0
2024-04-04 12:00,46.82,46.5,47.1,60,1.0
2024-04-04 13:00,46.61,46.4,46.9,60,1.0
2024-04-04 14:00,46.63,46.3,46.9,60,1.0
2024-04-04 15:00,46.53,46.2,46.8,60,1.0
2024-04-04 16:00,46.47,46.1,46.8,60,1.0
2024-04-04 17:00,46.28,46.0,46.7,60,1.0
2024-04-04 18:00,46.12,45.9,46.4,60,1.0
2024-04-04 19:00,46.07,45.9,46.4,60,1.0
2024-04-04 20:00,46.18,45.9,46.4,60,1.0
2024-04-04 21:00,46.21,45.9,46.4,60,1.0
2024-04-04 22:00,46.12,45.8,46.5,60,1.0
2024-04-04 23:00,46.06,45.9,46.4,60,1.0
2024-04-05 00:00,46.05,45.9,46.3,60,1.0
2024-04-05 01:00,46.08,45.8,46.5,60,1.0
2024-04-05 02:00,46.09,45.8,46.4,60,1.0
2024-04-05 03:00,46.16,45.9,46.5,60,1.0
2024-04-05 04:00,46.15,45.8,46.5,60,1.0
2024-04-05 05:00,46.14,45.8,46.4,60,1.0
2024-04-05 06:00,46.1,45.8,46.4,60,1.0
2024-04-05 07:00,46.1,45.8,46.4,60,1.0
2024-04-05 08:00,46.16,45.9,46.4,60,1.0
2024-04-05 09:00,46.09,45.9,46.5,60,1.0
2024-04-05 10:00,46.19,45.9,46.5,60,1.0
2024-04-05 11:00,46.16,45.9,46.4,60,1.0
2024-04-05 12:00,45.92,45.7,46.3,60,1.0
2024-04-05 13:00,45.86,45.6,46.2,60,1.0
2024-04-05 14:00,45.69,45.5,46.0,60,1.0
2024-04-05 15:00,45.76,45.5,46.1,60,1.0
2024-04-05 16:00,45.77,45.5,46.0,60,1.0
2024-04-05 17:00,45.69,45.4,46.0,60,1.0
2024-04-05 18:00,45.48,45.3,45.8,60,1.0
2024-04-05 19:00,45.43,45.2,45.7,52,0.867
2024-04-05 20:00,45.4,45.2,45.7,53,0.883
2024-04-05 21:00,45.44,45.2,45.8,60,1.0
2024-04-05 22:00,45.56,45.2,45.8,59,0.983
2024-04-05 23:00,45.57,45.2,46.0,60,1.0
2024-04-06 00:00,45.51,45.2,45.9,60,1.0
2024-04-06 01:00,45.53,45.2,45.9,60,1.0
2024-04-06 02:00,45.47,45.3,45.7,60,1.0
2024-04-06 03:00,45.47,45.3,45.9,60,1.0
2024-04-06 04:00,45.47,45.3,45.7,60,1.0
2024-04-06 05:00,45.58,45.3,45.9,60,1.0
2024-04-06 06:00,45.61,45.4,45.9,60,1.0
2024-04-06 07:00,45.73,45.4,46.0,60,1.0
2024-04-06 08:00,45.78,45.5,46.2,60,1.0
2024-04-06 09:00,45.81,45.6,46.3,60,1.0
2024-04-06 10:00,45.82,45.5,46.1,60,1.0
2024-04-06 11:00,45.75,45.5,46.0,60,1.0
2024-04-06 12:00,45.52,45.2,46.3,58,0.967
2024-04-06 13:00,45.4,45.1,45.7,60,1.0
2024-04-06 14:00,45.26,45.1,45.7,60,1.0
2024-04-06 15:00,45.16,45.0,45.4,60,1.0
2024-04-06 16:00,45.19,45.0,45.6,60,1.0
2024-04-06 17:00,45.24,44.9,45.5,60,1.0
2024-04-06 18:00,45.17,44.9,45.5,60,1.0
2024-04-06 19:00,45.0,44.8,45.3,60,1.0
2024-04-06 20:00,44.91,44.7,45.1,60,1.0
2024-04-06 21:00,44.94,44.7,45.3,60,1.0
2024-04-06 22:00,45.01,44.7,45.3,60,1.0
2024-04-06 23:00,45.02,44.7,45.2,60,1.0
2024-04-07 00:00,45.0,44.7,45.3,60,1.0
2024-04-07 01:00,44.94,44.7,45.3,60,1.0
2024-04-07 02:00,44.84,44.6,45.2,60,1.0
2024-04-07 03:00,44.88,44.7,45.2,60,1.0
2024-04-07 04:00,44.92,44.7,45.2,60,1.0
2024-04-07 05:00,44.9,44.7,45.2,60,1.0
2024-04-07 06:00,45.03,44.8,45.4,60,1.0
2024-04-07 07:00,45.16,44.9,45.5,60,1.0
2024-04-07 08:00,45.17,44.9,45.5,60,1.0
2024-04-07 09:00,45.32,45.0,45.6,57,0.95
2024-04-07 10:00,45.31,45.1,45.6,49,0.817
2024-04-07 11:00,45.26,45.0,45.6,50,0.833
2024-04-07 12:00,45.05,44.7,45.5,59,0.983
2024-04-07 13:00,44.96,44.6,45.3,59,0.983
2024-04-07 14:00,44.72,44.5,45.1,60,1.0
2024-04-07 15:00,44.61,44.4,44.9,59,0.983
2024-04-07 16:00,44.51,44.3,44.8,60,1.0
2024-04-07 17:00,44.58,44.3,44.9,60,1.0
2024-04-07 18:00,44.6,44.3,44.9,60,1.0
2024-04-07 19:00,44.46,44.1,44.9,60,1.0
2024-04-07 20:00,44.33,44.1,44.7,60,1.0
2024-04-07 21:00,44.32,44.1,44.6,60,1.0
2024-04-07 22:00,44.32,44.1,44.6,60,1.0
2024-04-07 23:00,44.34,44.2,44.7,60,1.0
2024-04-08 00:00,44.42,44.2,44.8,60,1.0
2024-04-08 01:00,44.43,44.2,44.8,60,1.0
2024-04-08 02:00,44.39,44.2,44.8,60,1.0
2024-04-08 03:00,44.5,44.2,44.8,60,1.0
2024-04-08 04:00,44.48,44.2,44.8,60,1.0
2024-04-08 05:00,44.54,44.3,45.0,60,1.0
2024-04-08 06:00,44.6,44.3,44.9,60,1.0
2024-04-08 07:00,44.57,44.3,44.9,60,1.0
2024-04-08 08:00,44.69,44.4,45.0,60,1.0
2024-04-08 09:00,44.69,44.4,45.1,60,1.0
2024-04-08 10:00,44.73,44.5,45.1,60,1.0
2024-04-08 11:00,44.76,44.4,45.1,60,1.0
2024-04-08 12:00,44.53,44.3,45.0,60,1.0
2024-04-08 13:00,44.38,44.1,44.7,60,1.0
2024-04-08 14:00,44.26,44.1,44.6,60,1.0
2024-04-08 15:00,44.24,43.9,44.5,60,1.0
2024-04-08 16:00,44.03,43.8,44.4,60,1.0
2024-04-08 17:00,43.89,43.7,44.2,60,1.0
2024-04-08 18:00,43.9,43.7,44.3,60,1.0
2024-04-08 19:00,43.9,43.6,44.2,60,1.0
2024-04-08 20:00,43.94,43.6,44.2,59,0.983
2024-04-08 21:00,43.84,43.5,44.2,57,0.95
2024-04-08 22:00,43.68,43.5,43.9,59,0.983
2024-04-08 23:00,43.66,43.5,44.0,51,0.85
2024-04-09 00:00,43.68,43.5,44.0,56,0.933
2024-04-09 01:00,43.71,43.5,44.2,59,0.983
2024-04-09 02:00,43.71,43.5,44.1,52,0.867
2024-04-09 03:00,43.71,43.5,44.1,60,1.0
2024-04-09 04:00,43.77,43.5,44.3,60,1.0
2024-04-09 05:00,43.82,43.5,44.1,60,1.0
2024-04-09 06:00,43.86,43.5,44.1,60,1.0
2024-04-09 07:00,43.8,43.5,44.2,60,1.0
2024-04-09 08:00,43.96,43.6,44.4,60,1.0
2024-04-09 09:00,43.87,43.7,44.2,60,1.0
2024-04-09 10:00,43.92,43.7,44.2,60,1.0
2024-04-09 11:00,43.81,43.6,44.2,60,1.0
2024-04-09 12:00,43.71,43.4,44.0,60,1.0
2024-04-09 13:00,43.49,43.2,44.1,60,1.0
2024-04-09 14:00,43.42,43.2,43.7,60,1.0
2024-04-09 15:00,43.43,43.0,43.7,60,1.0
2024-04-09 16:00,43.25,42.9,43.6,60,1.0
2024-04-09 17:00,43.07,42.8,43.4,60,1.0
2024-04-09 18:00,42.96,42.8,43.2,60,1.0
2024-04-09 19:00,42.98,42.8,43.2,60,1.0
2024-04-09 20:00,43.05,42.8,43.4,60,1.0
2024-04-09 21:00,42.93,42.6,43.2,60,1.0
2024-04-09 22:00,42.78,42.6,43.1,60,1.0
2024-04-09 23:00,42.78,42.6,43.1,60,1.0
2024-04-10 00:00,42.79,42.5,43.2,60,1.0
2024-04-10 01:00,42.77,42.6,43.1,60,1.0
2024-04-10 02:00,42.81,42.6,43.2,60,1.0
2024-04-10 03:00,42.81,42.6,43.1,60,1.0
2024-04-10 04:00,42.84,42.6,43.1,60,1.0
2024-04-10 05:00,42.75,42.6,43.0,60,1.0
2024-04-10 06:00,42.77,42.6,43.0,60,1.0
2024-04-10 07:00,42.87,42.6,43.2,60,1.0
2024-04-10 08:00,43.02,42.7,43.3,60,1.0
2024-04-10 09:00,43.0,42.7,43.4,60,1.0
2024-04-10 10:00,43.03,42.7,43.4,60,1.0
2024-04-10 11:00,43.07,42.7,43.4,60,1.0
2024-04-10 12:00,43.0,42.7,43.4,60,1.0
2024-04-10 13:00,42.82,42.6,43.1,54,0.9
2024-04-10 14:00,42.8,42.6,43.2,55,0.917
2024-04-10 15:00,42.82,42.6,43.1,60,1.0
2024-04-10 16:00,42.83,42.5,43.1,60,1.0
2024-04-10 17:00,42.8,42.5,43.1,60,1.0
2024-04-10 18:00,42.74,42.5,43.2,60,1.0
2024-04-10 19:00,42.74,42.4,43.1,60,1.0
2024-04-10 20:00,42.63,42.4,43.0,60,1.0
2024-04-10 21:00,42.62,42.4,42.9,60,1.0
2024-04-10 22:00,42.66,42.4,43.0,60,1.0
2024-04-10 23:00,42.76,42.4,43.0,60,1.0
2024-04-11 00:00,42.78,42.5,43.1,60,1.0
2024-04-11 01:00,42.82,42.6,43.0,59,0.983
2024-04-11 02:00,42.79,42.5,43.1,60,1.0
2024-04-11 03:00,42.82,42.5,43.0,60,1.0
2024-04-11 04:00,42.76,42.5,43.1,60,1.0
2024-04-11 05:00,42.82,42.5,43.2,60,1.0
2024-04-11 06:00,42.82,42.6,43.2,60,1.0
2024-04-11 07:00,42.91,42.6,43.3,60,1.0
2024-04-11 08:00,43.02,42.7,43.3,60,1.0
2024-04-11 09:00,43.06,42.8,43.4,60,1.0
2024-04-11 10:00,43.03,42.8,43.3,60,1.0
2024-04-11 11:00,43.15,42.9,43.4,60,1.0
2024-04-11 12:00,43.2,42.8,43.5,60,1.0
2024-04-11 13:00,43.16,42.8,43.4,60,1.0
2024-04-11 14:00,43.11,42.8,43.4,60,1.0
2024-04-11 15:00,43.08,42.8,43.4,60,1.0
2024-04-11 16:00,42.99,42.6,43.4,60,1.0
2024-04-11 17:00,42.92,42.6,43.2,60,1.0
2024-04-11 18:00,42.86,42.6,43.1,60,1.0
2024-04-11 19:00,42.83,42.6,43.1,60,1.0
2024-04-11 20:00,42.83,42.6,43.1,60,1.0
2024-04-11 21:00,42.74,42.6,43.0,59,0.983
2024-04-11 22:00,42.8,42.6,43.3,48,0.8
2024-04-11 23:00,42.73,42.5,43.1,57,0.95
2024-04-12 00:00,42.81,42.5,43.1,51,0.85
2024-04-12 01:00,42.89,42.6,43.2,57,0.95
2024-04-12 02:00,42.87,42.6,43.2,60,1.0
2024-04-12 03:00,42.88,42.5,43.1,60,1.0
2024-04-12 04:00,42.86,42.5,43.2,60,1.0
2024-04-12 05:00,42.85,42.5,43.2,60,1.0
2024-04-12 06:00,42.88,42.6,43.2,60,1.0
2024-04-12 07:00,42.78,42.5,43.1,60,1.0
2024-04-12 08:00,42.89,42.6,43.2,60,1.0
2024-04-12 09:00,42.89,42.6,43.2,60,1.0
2024-04-12 10:00,42.97,42.7,43.3,60,1.0
2024-04-12 11:00,43.04,42.7,43.3,60,1.0
2024-04-12 12:00,42.82,42.5,43.1,60,1.0
2024-04-12 13:00,42.74,42.4,43.1,60,1.0
2024-04-12 14:00,42.48,42.3,42.8,60,1.0
2024-04-12 15:00,42.43,42.2,42.8,60,1.0
2024-04-12 16:00,42.44,42.1,42.7,60,1.0
2024-04-12 17:00,42.25,42.0,42.6,60,1.0
2024-04-12 18:00,42.15,42.0,42.5,60,1.0
2024-04-12 19:00,42.17,41.9,42.6,60,1.0
2024-04-12 20:00,42.11,41.8,42.4,60,1.0
2024-04-12 21:00,42.0,41.8,42.4,60,1.0
2024-04-12 22:00,42.1,41.8,42.4,60,1.0
2024-04-12 23:00,42.17,41.8,42.5,60,1.0
2024-04-13 00:00,42.1,41.8,42.5,60,1.0
2024-04-13 01:00,42.01,41.7,42.3,60,1.0
2024-04-13 02:00,41.93,41.7,42.2,60,1.0
2024-04-13 03:00,41.87,41.7,42.1,60,1.0
2024-04-13 04:00,41.89,41.7,42.3,60,1.0
2024-04-13 05:00,41.92,41.7,42.3,58,0.967
2024-04-13 06:00,41.99,41.7,42.3,55,0.917
2024-04-13 07:00,42.0,41.7,42.4,52,0.867
2024-04-13 08:00,42.11,41.8,42.4,44,0.733
2024-04-13 09:00,42.15,41.9,42.5,53,0.883
2024-04-13 10:00,42.22,41.9,42.5,60,1.0
2024-04-13 11:00,42.1,41.8,42.4,60,1.0
2024-04-13 12:00,41.96,41.7,42.3,60,1.0
2024-04-13 13:00,41.86,41.6,42.2,60,1.0
2024-04-13 14:00,41.76,41.5,42.2,60,1.0
2024-04-13 15:00,41.52,41.2,41.9,60,1.0
2024-04-13 16:00,41.43,41.2,41.7,60,1.0
2024-04-13 17:00,41.39,41.0,41.8,60,1.0
2024-04-13 18:00,41.29,41.0,41.6,60,1.0
2024-04-13 19:00,41.12,40.9,41.3,60,1.0
2024-04-13 20:00,41.1,40.9,41.5,60,1.0
2024-04-13 21:00,41.17,40.9,41.4,60,1.0
2024-04-13 22:00,41.21,40.9,41.5,60,1.0
2024-04-13 23:00,41.24,40.9,41.5,60,1.0
2024-04-14 00:00,41.17,40.9,41.5,60,1.0
2024-04-14 01:00,41.08,40.8,41.5,60,1.0
2024-04-14 02:00,40.93,40.7,41.1,60,1.0
2024-04-14 03:00,40.94,40.8,41.2,60,1.0
2024-04-14 04:00,40.96,40.8,41.3,60,1.0
2024-04-14 05:00,40.99,40.8,41.1,60,1.0
2024-04-14 06:00,41.0,40.8,41.2,60,1.0
2024-04-14 07:00,41.2,40.9,41.5,60,1.0
2024-04-14 08:00,41.26,40.9,41.6,60,1.0
2024-04-14 09:00,41.42,41.2,41.7,60,1.0
2024-04-14 10:00,41.43,41.1,41.7,60,1.0
2024-04-14 11:00,41.32,41.0,41.7,60,1.0
2024-04-14 12:00,41.31,41.0,41.7,52,0.867
2024-04-14 13:00,41.13,40.8,41.4,49,0.817
2024-04-14 14:00,41.06,40.7,41.4,60,1.0
2024-04-14 15:00,40.8,40.5,41.2,60,1.0
2024-04-14 16:00,40.71,40.5,41.0,60,1.0
2024-04-14 17:00,40.78,40.5,41.1,60,1.0
2024-04-14 18:00,40.62,40.4,40.9,60,1.0
2024-04-14 19:00,40.5,40.3,40.8,60,1.0
2024-04-14 20:00,40.47,40.3,40.8,60,1.0
2024-04-14 21:00,40.49,40.3,40.9,60,1.0
2024-04-14 22:00,40.59,40.3,40.9,60,1.0
2024-04-14 23:00,40.62,40.3,40.9,60,1.0
2024-04-15 00:00,40.6,40.3,40.9,60,1.0
2024-04-15 01:00,40.53,40.3,40.8,60,1.0
2024-04-15 02:00,40.53,40.2,40.9,60,1.0
2024-04-15 03:00,40.5,40.2,41.0,60,1.0
2024-04-15 04:00,40.39,40.1,40.6,60,1.0
2024-04-15 05:00,40.42,40.2,40.8,60,1.0
2024-04-15 06:00,40.43,40.2,40.8,60,1.0
2024-04-15 07:00,40.48,40.2,40.8,60,1.0
2024-04-15 08:00,40.51,40.2,40.7,60,1.0
2024-04-15 09:00,40.64,40.3,40.9,60,1.0
2024-04-15 10:00,40.59,40.2,41.0,60,1.0
2024-04-15 11:00,40.48,40.2,40.8,60,1.0
2024-04-15 12:00,40.39,40.1,40.7,60,1.0
2024-04-15 13:00,40.19,40.0,40.6,60,1.0
2024-04-15 14:00,40.14,39.9,40.4,60,1.0
2024-04-15 15:00,40.19,39.9,40.5,60,1.0
2024-04-15 16:00,40.12,39.8,40.6,60,1.0
2024-04-15 17:00,40.04,39.7,40.4,60,1.0
2024-04-15 18:00,40.16,39.9,40.5,60,1.0
2024-04-15 19:00,40.06,39.8,40.4,60,1.0
2024-04-15 20:00,39.9,39.7,40.2,60,1.0
2024-04-15 21:00,39.9,39.7,40.2,60,1.0
2024-04-15 22:00,39.85,39.1,40.2,59,0.983
2024-04-15 23:00,39.92,39.6,40.2,60,1.0
2024-04-16 00:00,39.86,39.6,40.2,60,1.0
2024-04-16 01:00,39.88,39.6,40.2,60,1.0
2024-04-16 02:00,39.94,39.7,40.2,60,1.0
2024-04-16 03:00,39.89,39.6,40.1,60,1.0
2024-04-16 04:00,39.86,39.5,40.2,60,1.0
2024-04-16 05:00,39.84,39.5,40.3,60,1.0
2024-04-16 06:00,39.74,39.5,40.1,60,1.0
2024-04-16 07:00,39.71,39.5,40.1,60,1.0
2024-04-16 08:00,39.84,39.5,40.2,60,1.0
2024-04-16 09:00,39.87,39.7,40.1,60,1.0
2024-04-16 10:00,40.0,39.7,40.5,59,0.983
2024-04-16 11:00,39.78,39.4,40.2,60,1.0
2024-04-16 12:00,39.59,39.3,39.8,60,1.0
2024-04-16 13:00,39.73,39.4,40.0,60,1.0
2024-04-16 14:00,39.65,39.3,39.9,60,1.0
2024-04-16 15:00,39.64,39.4,40.1,60,1.0
2024-04-16 16:00,39.57,39.2,39.9,60,1.0
2024-04-16 17:00,39.48,39.2,39.8,60,1.0
2024-04-16 18:00,39.1,38.8,39.3,60,1.0
2024-04-16 19:00,39.89,39.1,42.7,53,0.883
2024-04-16 20:00,52.65,43.5,54.9,51,0.85
2024-04-16 21:00,54.82,54.6,55.1,58,0.967
2024-04-16 22:00,54.45,54.1,54.7,55,0.917
2024-04-16 23:00,54.1,53.9,54.3,53,0.883
2024-04-17 00:00,53.97,53.7,54.6,56,0.933
2024-04-17 01:00,53.77,53.6,54.0,59,0.983
2024-04-17 02:00,53.61,53.3,53.9,48,0.8
2024-04-17 03:00,53.49,53.3,53.7,48,0.8
2024-04-17 04:00,53.35,53.0,53.6,60,1.0
2024-04-17 05:00,53.11,52.9,53.5,60,1.0
2024-04-17 06:00,53.07,52.8,53.3,60,1.0
2024-04-17 07:00,53.62,53.0,54.4,60,1.0
2024-04-17 08:00,54.45,54.1,54.9,60,1.0
2024-04-17 09:00,54.55,54.4,54.8,60,1.0
2024-04-17 10:00,54.51,54.1,54.9,60,1.0
2024-04-17 11:00,54.17,54.0,54.5,60,1.0
2024-04-17 12:00,53.96,53.8,54.3,60,1.0
2024-04-17 13:00,53.76,53.6,53.9,60,1.0
2024-04-17 14:00,53.7,53.4,54.1,60,1.0
2024-04-17 15:00,53.59,53.3,53.8,60,1.0
2024-04-17 16:00,53.42,53.2,53.6,60,1.0
2024-04-17 17:00,53.29,52.9,53.5,59,0.983
2024-04-17 18:00,53.23,52.9,53.5,60,1.0
2024-04-17 19:00,53.07,52.8,53.3,60,1.0
2024-04-17 20:00,52.9,52.6,53.2,60,1.0
2024-04-17 21:00,52.66,52.5,53.0,60,1.0
2024-04-17 22:00,52.6,52.5,52.9,60,1.0
2024-04-17 23:00,52.53,52.4,52.8,60,1.0
2024-04-18 00:00,52.54,52.3,52.9,60,1.0
2024-04-18 01:00,52.53,52.3,52.8,60,1.0
2024-04-18 02:00,52.59,52.3,53.0,59,0.983
2024-04-18 03:00,52.57,52.3,52.9,60,1.0
2024-04-18 04:00,52.54,52.3,52.8,60,1.0
2024-04-18 05:00,52.5,52.2,52.8,60,1.0
2024-04-18 06:00,52.42,52.2,52.7,60,1.0
2024-04-18 07:00,52.37,52.2,52.7,60,1.0
2024-04-18 08:00,52.52,52.3,53.0,60,1.0
2024-04-18 09:00,52.53,52.3,52.8,46,0.767
2024-04-18 10:00,52.56,52.3,53.0,60,1.0
2024-04-18 11:00,52.83,52.4,53.4,60,1.0
2024-04-18 12:00,53.47,53.1,53.9,60,1.0
2024-04-18 13:00,53.79,53.5,54.0,60,1.0
2024-04-18 14:00,53.69,53.6,53.9,60,1.0
2024-04-18 15:00,53.69,53.6,54.0,60,1.0
2024-04-18 16:00,53.71,53.5,54.0,60,1.0
2024-04-18 17:00,53.69,53.5,54.0,60,1.0
2024-04-18 18:00,53.64,53.4,54.1,60,1.0
2024-04-18 19:00,53.54,53.3,53.8,60,1.0
2024-04-18 20:00,53.54,53.3,53.8,60,1.0
2024-04-18 21:00,53.57,53.3,53.9,59,0.983
2024-04-18 22:00,53.53,53.3,53.8,60,1.0
2024-04-18 23:00,53.52,53.2,53.8,60,1.0
2024-04-19 00:00,53.45,53.2,53.7,60,1.0
2024-04-19 01:00,53.52,53.1,54.1,56,0.933
2024-04-19 02:00,55.04,53.8,56.7,60,1.0
2024-04-19 03:00,57.55,56.9,58.1,60,1.0
2024-04-19 04:00,57.85,57.7,58.3,60,1.0
2024-04-19 05:00,57.74,57.6,58.0,59,0.983
2024-04-19 06:00,57.6,57.4,57.9,60,1.0
2024-04-19 07:00,57.62,57.3,57.9,60,1.0
2024-04-19 08:00,57.44,57.1,57.9,60,1.0
2024-04-19 09:00,57.26,57.0,57.6,60,1.0
2024-04-19 10:00,57.04,56.8,57.5,60,1.0
2024-04-19 11:00,56.9,56.7,57.1,60,1.0
2024-04-19 12:00,56.63,56.4,57.0,60,1.0
2024-04-19 13:00,56.44,56.3,56.7,60,1.0
2024-04-19 14:00,56.23,56.1,56.5,60,1.0
2024-04-19 15:00,56.01,55.9,56.2,60,1.0
2024-04-19 16:00,55.97,55.8,56.3,60,1.0
2024-04-19 17:00,55.81,55.6,56.2,60,1.0
2024-04-19 18:00,55.68,55.6,56.0,60,1.0
2024-04-19 19:00,55.68,55.5,56.0,60,1.0
2024-04-19 20:00,55.71,55.5,55.9,58,0.967
2024-04-19 21:00,55.62,55.3,55.8,44,0.733
2024-04-19 22:00,55.41,55.2,55.7,48,0.8
2024-04-19 23:00,55.32,55.1,55.7,59,0.983
2024-04-20 00:00,55.25,55.1,55.6,60,1.0
2024-04-20 01:00,55.18,55.0,55.7,60,1.0
2024-04-20 02:00,55.12,54.9,55.4,60,1.0
2024-04-20 03:00,55.06,54.9,55.5,60,1.0
2024-04-20 04:00,54.99,54.8,55.3,60,1.0
2024-04-20 05:00,54.92,54.8,55.2,60,1.0
2024-04-20 06:00,54.89,54.8,55.1,60,1.0
2024-04-20 07:00,54.96,54.7,55.3,60,1.0
2024-04-20 08:00,55.03,54.7,55.3,60,1.0
2024-04-20 09:00,54.91,54.7,55.4,60,1.0
2024-04-20 10:00,54.84,54.6,55.3,60,1.0
2024-04-20 11:00,54.93,54.7,55.2,60,1.0
2024-04-20 12:00,54.96,54.7,55.2,60,1.0
2024-04-20 13:00,54.88,54.6,55.1,60,1.0
2024-04-20 14:00,54.74,54.5,55.0,60,1.0
2024-04-20 15:00,54.79,54.5,55.1,60,1.0
2024-04-20 16:00,54.62,54.4,55.0,60,1.0
2024-04-20 17:00,54.52,54.4,54.7,60,1.0
2024-04-20 18:00,54.57,54.3,55.0,60,1.0
2024-04-20 19:00,54.64,54.4,54.9,60,1.0
2024-04-20 20:00,54.58,54.4,54.9,60,1.0
2024-04-20 21:00,54.56,54.3,54.8,60,1.0
2024-04-20 22:00,54.48,54.3,54.9,60,1.0
2024-04-20 23:00,54.39,54.2,54.6,60,1.0
2024-04-21 00:00,54.41,54.2,54.8,60,1.0
2024-04-21 01:00,54.38,54.2,54.7,60,1.0
2024-04-21 02:00,54.41,54.2,54.8,60,1.0
2024-04-21 03:00,54.36,54.1,54.6,60,1.0
2024-04-21 04:00,54.42,54.1,54.7,60,1.0
2024-04-21 05:00,54.42,54.1,54.6,60,1.0
2024-04-21 06:00,54.4,54.1,54.6,60,1.0
2024-04-21 07:00,54.23,54.1,54.5,48,0.8
2024-04-21 08:00,54.25,54.0,54.5,49,0.817
2024-04-21 09:00,54.05,53.9,54.4,54,0.9
2024-04-21 10:00,54.0,53.8,54.2,60,1.0
2024-04-21 11:00,53.82,53.4,54.1,60,1.0
2024-04-21 12:00,53.6,53.3,54.0,60,1.0
2024-04-21 13:00,53.56,53.2,53.9,60,1.0
2024-04-21 14:00,53.29,53.1,53.6,60,1.0
2024-04-21 15:00,53.19,53.0,53.6,60,1.0
2024-04-21 16:00,53.17,52.9,53.5,60,1.0
2024-04-21 17:00,53.18,52.9,53.5,60,1.0
2024-04-21 18:00,53.18,52.8,53.4,60,1.0
2024-04-21 19:00,53.02,52.7,53.4,60,1.0
2024-04-21 20:00,52.88,52.7,53.1,60,1.0
2024-04-21 21:00,52.85,52.7,53.3,60,1.0
2024-04-21 22:00,52.93,52.7,53.2,60,1.0
2024-04-21 23:00,52.95,52.7,53.2,60,1.0
2024-04-22 00:00,52.88,52.7,53.2,60,1.0
2024-04-22 01:00,52.84,52.7,53.1,60,1.0
2024-04-22 02:00,52.84,52.7,53.1,60,1.0
2024-04-22 03:00,52.86,52.6,53.2,60,1.0
2024-04-22 04:00,52.85,52.7,53.1,60,1.0
2024-04-22 05:00,52.81,52.6,53.1,60,1.0
2024-04-22 06:00,52.88,52.6,53.2,60,1.0
2024-04-22 07:00,52.88,52.7,53.2,60,1.0
2024-04-22 08:00,52.94,52.7,53.2,60,1.0
2024-04-22 09:00,52.96,52.7,53.2,60,1.0
2024-04-22 10:00,52.92,52.6,53.1,60,1.0
2024-04-22 11:00,52.89,52.5,53.2,60,1.0
2024-04-22 12:00,52.48,52.3,53.0,60,1.0
2024-04-22 13:00,52.48,52.2,52.8,60,1.0
2024-04-22 14:00,52.44,52.1,52.7,60,1.0
2024-04-22 15:00,52.2,52.0,52.5,60,1.0
2024-04-22 16:00,52.1,51.9,52.3,52,0.867
2024-04-22 17:00,52.03,51.9,52.3,50,0.833
2024-04-22 18:00,51.92,51.8,52.2,51,0.85
2024-04-22 19:00,51.99,51.7,52.3,48,0.8
2024-04-22 20:00,52.02,51.7,52.3,50,0.833
2024-04-22 21:00,51.93,51.6,52.2,60,1.0
2024-04-22 22:00,51.76,51.6,52.1,60,1.0
2024-04-22 23:00,51.76,51.6,52.1,60,1.0
2024-04-23 00:00,51.74,51.6,52.1,60,1.0
2024-04-23 01:00,51.78,51.6,52.1,60,1.0
2024-04-23 02:00,51.83,51.5,52.2,60,1.0
2024-04-23 03:00,51.82,51.5,52.1,60,1.0
2024-04-23 04:00,51.84,51.5,52.2,60,1.0
2024-04-23 05:00,51.87,51.6,52.2,60,1.0
2024-04-23 06:00,51.86,51.6,52.3,60,1.0
2024-04-23 07:00,51.9,51.6,52.2,60,1.0
2024-04-23 08:00,52.0,51.6,52.3,60,1.0
2024-04-23 09:00,51.82,51.6,52.2,60,1.0
2024-04-23 10:00,51.79,51.5,52.1,59,0.983
2024-04-23 11:00,51.64,51.4,51.9,60,1.0
2024-04-23 12:00,51.72,51.5,52.1,60,1.0
2024-04-23 13:00,51.65,51.3,52.0,60,1.0
2024-04-23 14:00,51.51,51.2,51.8,60,1.0
2024-04-23 15:00,51.21,50.9,51.6,60,1.0
2024-04-23 16:00,51.08,50.9,51.4,60,1.0
2024-04-23 17:00,51.16,50.9,51.6,60,1.0
2024-04-23 18:00,51.12,50.8,51.4,60,1.0
2024-04-23 19:00,51.18,50.8,51.5,60,1.0
2024-04-23 20:00,51.04,50.8,51.4,60,1.0
2024-04-23 21:00,50.96,50.7,51.3,60,1.0
2024-04-23 22:00,50.91,50.7,51.3,59,0.983
2024-04-23 23:00,50.89,50.7,51.3,60,1.0
2024-04-24 00:00,50.95,50.7,51.3,60,1.0
2024-04-24 01:00,50.94,50.7,51.3,60,1.0
2024-04-24 02:00,50.93,50.7,51.2,60,1.0
2024-04-24 03:00,51.07,50.8,51.4,60,1.0
2024-04-24 04:00,51.1,50.8,51.5,60,1.0
2024-04-24 05:00,51.12,50.8,51.5,60,1.0
2024-04-24 06:00,51.2,50.9,51.5,60,1.0
2024-04-24 07:00,51.12,50.9,51.5,60,1.0
2024-04-24 08:00,51.34,51.0,51.6,59,0.983
2024-04-24 09:00,51.21,50.9,51.5,52,0.867
2024-04-24 10:00,51.24,50.9,51.8,60,1.0
2024-04-24 11:00,51.04,50.7,51.4,60,1.0
2024-04-24 12:00,50.92,50.6,51.3,60,1.0
2024-04-24 13:00,50.73,50.6,50.9,60,1.0
2024-04-24 14:00,50.71,50.5,51.0,60,1.0
2024-04-24 15:00,50.74,50.5,51.0,60,1.0
2024-04-24 16:00,50.73,50.4,51.0,60,1.0
2024-04-24 17:00,50.7,50.4,51.0,60,1.0
2024-04-24 18:00,50.7,50.4,50.9,60,1.0
2024-04-24 19:00,50.64,50.4,50.9,60,1.0
2024-04-24 20:00,50.45,50.3,50.7,60,1.0
2024-04-24 21:00,50.44,50.2,50.7,60,1.0
2024-04-24 22:00,50.48,50.3,50.9,60,1.0
2024-04-24 23:00,50.48,50.3,50.9,60,1.0
2024-04-25 00:00,50.54,50.3,50.9,60,1.0
2024-04-25 01:00,50.58,50.3,50.9,60,1.0
2024-04-25 02:00,50.54,50.3,50.9,60,1.0
2024-04-25 03:00,50.62,50.3,51.0,60,1.0
2024-04-25 04:00,50.71,50.4,51.0,60,1.0
2024-04-25 05:00,50.69,50.4,51.1,60,1.0
2024-04-25 06:00,50.75,50.5,51.0,60,1.0
2024-04-25 07:00,50.72,50.4,51.1,60,1.0
2024-04-25 08:00,50.86,50.6,51.2,60,1.0
2024-04-25 09:00,50.87,50.6,51.1,60,1.0
2024-04-25 10:00,50.63,50.4,51.0,60,1.0
2024-04-25 11:00,50.65,50.4,51.0,60,1.0
2024-04-25 12:00,50.78,50.5,51.2,60,1.0
2024-04-25 13:00,50.72,50.5,51.0,54,0.9
2024-04-25 14:00,50.69,50.6,51.0,50,0.833
2024-04-25 15:00,50.75,50.6,51.1,60,1.0
2024-04-25 16:00,50.76,50.6,51.1,60,1.0
2024-04-25 17:00,50.8,50.6,51.1,60,1.0
2024-04-25 18:00,50.87,50.6,51.2,59,0.983
2024-04-25 19:00,50.9,50.6,51.1,60,1.0
2024-04-25 20:00,50.96,50.6,51.2,60,1.0
2024-04-25 21:00,50.98,50.6,51.2,60,1.0
2024-04-25 22:00,50.91,50.6,51.2,60,1.0
2024-04-25 23:00,50.77,50.6,51.2,60,1.0
2024-04-26 00:00,50.77,50.6,51.0,60,1.0
2024-04-26 01:00,50.8,50.6,51.0,60,1.0
2024-04-26 02:00,50.88,50.7,51.1,60,1.0
2024-04-26 03:00,51.01,50.8,51.3,60,1.0
2024-04-26 04:00,51.15,50.9,51.5,60,1.0
2024-04-26 05:00,51.2,51.0,51.5,60,1.0
2024-04-26 06:00,51.25,51.1,51.6,60,1.0
2024-04-26 07:00,51.49,51.2,51.7,60,1.0
2024-04-26 08:00,51.54,51.3,51.8,60,1.0
2024-04-26 09:00,51.55,51.3,51.9,60,1.0
2024-04-26 10:00,51.65,51.4,51.9,60,1.0
2024-04-26 11:00,51.62,51.4,51.9,60,1.0
2024-04-26 12:00,51.72,51.4,52.1,60,1.0
2024-04-26 13:00,51.54,51.4,51.7,60,1.0
2024-04-26 14:00,51.51,51.4,51.8,60,1.0
2024-04-26 15:00,51.57,51.4,51.9,60,1.0
2024-04-26 16:00,51.48,51.3,51.7,60,1.0
2024-04-26 17:00,51.44,51.3,51.7,60,1.0
2024-04-26 18:00,51.38,51.2,51.6,60,1.0
2024-04-26 19:00,51.37,51.2,51.7,60,1.0
2024-04-26 20:00,51.48,51.2,51.8,60,1.0
2024-04-26 21:00,51.5,51.2,51.8,60,1.0
2024-04-26 22:00,51.45,51.2,51.7,60,1.0
2024-04-26 23:00,51.37,51.1,51.7,52,0.867
2024-04-27 00:00,51.29,51.1,51.7,51,0.85
2024-04-27 01:00,51.29,51.1,51.8,60,1.0
2024-04-27 02:00,51.21,51.0,51.5,60,1.0
2024-04-27 03:00,51.14,50.9,51.4,60,1.0
2024-04-27 04:00,51.13,50.9,51.3,60,1.0
2024-04-27 05:00,51.11,51.0,51.4,60,1.0
2024-04-27 06:00,51.18,51.0,51.5,60,1.0
2024-04-27 07:00,51.25,51.0,51.6,60,1.0
2024-04-27 08:00,51.25,51.0,51.6,60,1.0
2024-04-27 09:00,51.22,51.0,51.5,60,1.0
2024-04-27 10:00,51.03,50.8,51.4,60,1.0
2024-04-27 11:00,50.95,50.6,51.2,60,1.0
2024-04-27 12:00,50.81,50.5,51.2,60,1.0
2024-04-27 13:00,50.52,50.3,51.0,60,1.0
2024-04-27 14:00,50.56,50.3,50.8,60,1.0
2024-04-27 15:00,50.44,50.1,50.9,60,1.0
2024-04-27 16:00,50.36,49.9,50.7,60,1.0
2024-04-27 17:00,50.07,49.9,50.3,60,1.0
2024-04-27 18:00,50.13,49.8,50.4,60,1.0
2024-04-27 19:00,50.16,49.8,50.4,60,1.0
2024-04-27 20:00,50.07,49.8,50.3,60,1.0
2024-04-27 21:00,49.91,49.7,50.3,60,1.0
2024-04-27 22:00,49.86,49.7,50.1,60,1.0
2024-04-27 23:00,49.8,49.6,50.1,60,1.0
2024-04-28 00:00,49.78,49.6,50.1,60,1.0
2024-04-28 01:00,49.79,49.6,50.2,60,1.0
2024-04-28 02:00,49.82,49.6,50.2,60,1.0
2024-04-28 03:00,49.78,49.6,50.1,60,1.0
2024-04-28 04:00,49.78,49.6,50.2,60,1.0
2024-04-28 05:00,49.83,49.6,50.1,60,1.0
2024-04-28 06:00,49.76,49.5,50.1,60,1.0
2024-04-28 07:00,49.84,49.6,50.2,53,0.883
2024-04-28 08:00,49.88,49.6,50.3,52,0.867
2024-04-28 09:00,49.99,49.7,50.3,60,1.0
2024-04-28 10:00,49.88,49.6,50.1,60,1.0
2024-04-28 11:00,49.77,49.4,50.0,60,1.0
2024-04-28 12:00,49.44,49.2,49.9,60,1.0
2024-04-28 13:00,49.35,49.1,49.6,60,1.0
2024-04-28 14:00,49.32,49.0,49.6,60,1.0
2024-04-28 15:00,49.08,48.7,49.5,60,1.0
2024-04-28 16:00,48.78,48.6,49.1,60,1.0
2024-04-28 17:00,48.82,48.5,49.1,60,1.0
2024-04-28 18:00,48.66,48.4,49.0,59,0.983
2024-04-28 19:00,48.49,48.3,48.7,60,1.0
2024-04-28 20:00,48.52,48.3,49.0,60,1.0
2024-04-28 21:00,48.53,48.2,48.9,60,1.0
2024-04-28 22:00,48.51,48.2,48.8,60,1.0
2024-04-28 23:00,48.54,48.2,49.0,60,1.0
2024-04-29 00:00,48.44,48.1,48.8,60,1.0
2024-04-29 01:00,48.33,48.1,48.6,60,1.0
2024-04-29 02:00,48.3,48.1,48.7,60,1.0
2024-04-29 03:00,48.37,48.2,48.7,60,1.0
2024-04-29 04:00,48.34,48.1,48.6,60,1.0
2024-04-29 05:00,48.34,48.1,48.5,60,1.0
2024-04-29 06:00,48.44,48.2,48.8,60,1.0
2024-04-29 07:00,48.49,48.2,48.8,60,1.0
2024-04-29 08:00,48.5,48.2,48.8,60,1.0
2024-04-29 09:00,48.39,48.2,48.7,60,1.0
2024-04-29 10:00,48.38,48.2,48.7,60,1.0
2024-04-29 11:00,48.35,48.0,48.6,60,1.0
2024-04-29 12:00,48.06,47.8,48.4,60,1.0
2024-04-29 13:00,48.02,47.8,48.4,60,1.0
2024-04-29 14:00,47.97,47.6,48.2,60,1.0
2024-04-29 15:00,47.84,47.5,48.1,60,1.0
2024-04-29 16:00,47.57,47.3,47.9,60,1.0
2024-04-29 17:00,47.56,47.3,47.9,60,1.0
2024-04-29 18:00,47.62,47.4,47.9,54,0.9
2024-04-29 19:00,47.46,47.2,47.7,51,0.85
2024-04-29 20:00,47.3,47.1,47.6,57,0.95
2024-04-29 21:00,47.2,47.0,47.5,60,1.0
2024-04-29 22:00,47.22,47.0,47.4,60,1.0
2024-04-29 23:00,47.31,47.0,47.7,60,1.0
2024-04-30 00:00,47.36,47.0,47.6,60,1.0
2024-04-30 01:00,47.36,47.1,47.6,60,1.0
2024-04-30 02:00,47.35,47.0,47.6,60,1.0
2024-04-30 03:00,47.31,46.9,47.6,60,1.0
2024-04-30 04:00,47.26,46.9,47.5,60,1.0
2024-04-30 05:00,47.26,47.0,47.6,60,1.0
2024-04-30 06:00,47.22,47.0,47.5,60,1.0
2024-04-30 07:00,47.28,47.0,47.7,60,1.0
2024-04-30 08:00,47.34,47.1,47.7,60,1.0
2024-04-30 09:00,47.31,47.1,47.6,60,1.0
2024-04-30 10:00,47.36,47.1,47.6,60,1.0
2024-04-30 11:00,47.16,46.9,47.6,60,1.0
2024-04-30 12:00,47.07,46.8,47.3,60,1.0
2024-04-30 13:00,47.04,46.8,47.3,60,1.0
2024-04-30 14:00,46.82,46.6,47.2,60,1.0
2024-04-30 15:00,46.72,46.5,47.0,60,1.0
2024-04-30 16:00,46.58,46.4,46.8,60,1.0
2024-04-30 17:00,46.48,46.3,46.8,60,1.0
2024-04-30 18:00,46.47,46.2,46.8,60,1.0
2024-04-30 19:00,46.54,46.3,46.9,60,1.0
2024-04-30 20:00,46.46,46.1,46.7,60,1.0
2024-04-30 21:00,46.26,46.1,46.6,60,1.0
2024-04-30 22:00,46.21,46.0,46.5,60,1.0
2024-04-30 23:00,46.22,46.0,46.5,60,1.0
2024-05-01 00:00,46.21,46.0,46.5,60,1.0
2024-05-01 01:00,46.17,46.0,46.5,60,1.0
2024-05-01 02:00,46.12,45.9,46.4,60,1.0
2024-05-01 03:00,46.2,45.9,46.6,60,1.0
2024-05-01 04:00,46.24,46.0,46.5,60,1.0
2024-05-01 05:00,46.2,45.9,46.5,58,0.967
2024-05-01 06:00,46.16,45.8,46.4,50,0.833
2024-05-01 07:00,46.03,45.8,46.3,59,0.983
2024-05-01 08:00,46.02,45.8,46.3,60,1.0
2024-05-01 09:00,45.99,45.8,46.3,60,1.0
2024-05-01 10:00,46.0,45.8,46.2,60,1.0
2024-05-01 11:00,46.01,45.8,46.4,60,1.0
2024-05-01 12:00,46.09,45.9,46.4,60,1.0
2024-05-01 13:00,46.15,45.8,46.4,60,1.0
2024-05-01 14:00,45.95,45.8,46.3,60,1.0
2024-05-01 15:00,45.92,45.8,46.2,60,1.0
2024-05-01 16:00,45.93,45.7,46.3,60,1.0
2024-05-01 17:00,45.92,45.7,46.3,60,1.0
2024-05-01 18:00,45.81,45.6,46.2,60,1.0
2024-05-01 19:00,45.8,45.6,46.0,60,1.0
2024-05-01 20:00,45.9,45.6,46.1,60,1.0
2024-05-01 21:00,45.98,45.6,46.2,60,1.0
2024-05-01 22:00,45.97,45.6,46.2,59,0.983
2024-05-01 23:00,45.84,45.6,46.2,60,1.0
2024-05-02 00:00,45.87,45.6,46.2,60,1.0
2024-05-02 01:00,45.98,45.6,46.4,60,1.0
2024-05-02 02:00,45.96,45.6,46.3,60,1.0
2024-05-02 03:00,45.95,45.6,46.2,60,1.0
2024-05-02 04:00,45.89,45.6,46.1,60,1.0
2024-05-02 05:00,45.88,45.6,46.2,60,1.0
2024-05-02 06:00,45.93,45.6,46.2,60,1.0
2024-05-02 07:00,45.92,45.7,46.3,60,1.0
2024-05-02 08:00,45.85,45.7,46.0,60,1.0
2024-05-02 09:00,45.97,45.8,46.3,60,1.0
2024-05-02 10:00,46.02,45.7,46.4,60,1.0
2024-05-02 11:00,45.88,45.7,46.2,60,1.0
2024-05-02 12:00,45.92,45.7,46.3,60,1.0
2024-05-02 13:00,46.4,46.1,46.8,60,1.0
2024-05-02 14:00,47.46,46.7,48.3,60,1.0
2024-05-02 15:00,49.42,48.2,51.1,60,1.0
2024-05-02 16:00,51.76,50.8,52.4,60,1.0
2024-05-02 17:00,52.46,52.0,52.7,60,1.0
2024-05-02 18:00,52.56,52.3,52.8,60,1.0
2024-05-02 19:00,52.52,52.3,52.8,60,1.0
2024-05-02 20:00,52.41,52.2,52.7,60,1.0
2024-05-02 21:00,52.41,52.1,52.6,56,0.933
2024-05-02 22:00,52.28,52.1,52.7,55,0.917
2024-05-02 23:00,52.12,51.9,52.4,48,0.8
2024-05-03 00:00,52.02,51.9,52.3,53,0.883
2024-05-03 01:00,51.97,51.8,52.2,60,1.0
2024-05-03 02:00,51.98,51.8,52.4,59,0.983
2024-05-03 03:00,51.87,51.7,52.1,60,1.0
2024-05-03 04:00,51.88,51.7,52.2,59,0.983
2024-05-03 05:00,51.9,51.6,52.1,60,1.0
2024-05-03 06:00,51.84,51.6,52.1,59,0.983
2024-05-03 07:00,51.79,51.6,52.1,59,0.983
2024-05-03 08:00,51.82,51.6,52.1,60,1.0
2024-05-03 09:00,51.85,51.6,52.1,60,1.0
2024-05-03 10:00,51.78,51.6,52.1,60,1.0
2024-05-03 11:00,51.73,51.6,52.0,60,1.0
2024-05-03 12:00,51.75,51.5,52.0,60,1.0
2024-05-03 13:00,51.7,51.4,52.1,60,1.0
2024-05-03 14:00,51.65,51.3,51.9,60,1.0
2024-05-03 15:00,51.75,51.4,52.0,59,0.983
2024-05-03 16:00,51.85,51.6,52.1,60,1.0
2024-05-03 17:00,51.98,51.7,52.3,60,1.0
2024-05-03 18:00,52.06,51.8,52.4,57,0.95
2024-05-03 19:00,52.02,51.9,52.3,60,1.0
2024-05-03 20:00,51.93,51.8,52.3,59,0.983
2024-05-03 21:00,52.01,51.9,52.3,60,1.0
2024-05-03 22:00,52.02,51.9,52.4,60,1.0
2024-05-03 23:00,52.0,51.8,52.3,60,1.0
2024-05-04 00:00,52.0,51.9,52.3,60,1.0
2024-05-04 01:00,52.03,51.9,52.4,57,0.95
2024-05-04 02:00,52.01,51.9,52.3,59,0.983
2024-05-04 03:00,52.03,51.9,52.4,59,0.983
2024-05-04 04:00,52.09,51.9,52.3,60,1.0
2024-05-04 05:00,52.04,51.9,52.3,60,1.0
2024-05-04 06:00,52.01,51.9,52.3,60,1.0
2024-05-04 07:00,52.1,51.9,52.3,60,1.0
2024-05-04 08:00,52.06,51.8,52.3,60,1.0
2024-05-04 09:00,52.01,51.8,52.2,60,1.0
2024-05-04 10:00,51.91,51.6,52.1,60,1.0
2024-05-04 11:00,51.72,51.4,52.1,60,1.0
2024-05-04 12:00,51.44,51.2,51.8,59,0.983
2024-05-04 13:00,51.25,51.0,51.5,50,0.833
2024-05-04 14:00,51.2,50.9,51.4,57,0.95
2024-05-04 15:00,51.09,50.7,51.4,60,1.0
2024-05-04 16:00,50.96,50.7,51.2,60,1.0
2024-05-04 17:00,50.87,50.5,51.1,60,1.0
2024-05-04 18:00,50.68,50.5,51.0,60,1.0
2024-05-04 19:00,50.54,50.4,50.8,60,1.0
2024-05-04 20:00,50.5,50.3,50.8,60,1.0
2024-05-04 21:00,50.55,50.3,50.9,60,1.0
2024-05-04 22:00,50.58,50.3,50.8,60,1.0
2024-05-04 23:00,50.48,50.2,50.7,60,1.0
2024-05-05 00:00,50.34,50.2,50.7,60,1.0
2024-05-05 01:00,50.3,50.2,50.5,60,1.0
2024-05-05 02:00,50.31,50.2,50.7,60,1.0
2024-05-05 03:00,50.29,50.1,50.6,60,1.0
2024-05-05 04:00,50.29,50.1,50.5,60,1.0
2024-05-05 05:00,50.34,50.2,50.5,60,1.0
2024-05-05 06:00,50.52,50.2,50.8,60,1.0
2024-05-05 07:00,50.42,50.2,50.7,60,1.0
2024-05-05 08:00,50.55,50.3,50.9,60,1.0
2024-05-05 09:00,50.43,50.2,50.9,60,1.0
2024-05-05 10:00,50.37,50.2,50.7,60,1.0
2024-05-05 11:00,50.46,50.2,50.7,60,1.0
2024-05-05 12:00,50.34,50.1,50.6,60,1.0
2024-05-05 13:00,50.21,49.9,50.5,60,1.0
2024-05-05 14:00,50.11,49.9,50.4,60,1.0
2024-05-05 15:00,49.95,49.8,50.2,60,1.0
2024-05-05 16:00,49.92,49.8,50.1,60,1.0
2024-05-05 17:00,49.96,49.7,50.3,57,0.95
2024-05-05 18:00,49.85,49.7,50.1,48,0.8
2024-05-05 19:00,49.86,49.7,50.3,57,0.95
2024-05-05 20:00,49.86,49.6,50.2,60,1.0
2024-05-05 21:00,49.95,49.7,50.3,60,1.0
2024-05-05 22:00,49.94,49.6,50.2,60,1.0
2024-05-05 23:00,49.87,49.6,50.3,60,1.0
2024-05-06 00:00,49.83,49.5,50.1,60,1.0
2024-05-06 01:00,49.8,49.5,50.1,60,1.0
2024-05-06 02:00,49.74,49.5,50.1,60,1.0
2024-05-06 03:00,49.73,49.4,50.2,60,1.0
2024-05-06 04:00,49.7,49.5,49.9,60,1.0
2024-05-06 05:00,49.69,49.5,50.0,60,1.0
2024-05-06 06:00,49.69,49.5,50.0,60,1.0
2024-05-06 07:00,49.83,49.6,50.1,60,1.0
2024-05-06 08:00,49.95,49.7,50.2,60,1.0
2024-05-06 09:00,49.98,49.6,50.3,60,1.0
2024-05-06 10:00,49.78,49.5,50.1,60,1.0
2024-05-06 11:00,49.78,49.4,50.0,60,1.0
2024-05-06 12:00,49.5,49.2,49.8,60,1.0
2024-05-06 13:00,49.32,49.2,49.6,60,1.0
2024-05-06 14:00,49.24,49.1,49.5,60,1.0
2024-05-06 15:00,49.17,48.9,49.4,60,1.0
2024-05-06 16:00,49.08,48.8,49.4,60,1.0
2024-05-06 17:00,49.14,48.8,49.4,60,1.0
2024-05-06 18:00,49.06,48.8,49.3,60,1.0
2024-05-06 19:00,48.94,48.7,49.2,60,1.0
2024-05-06 20:00,48.88,48.7,49.3,60,1.0
2024-05-06 21:00,48.86,48.7,49.2,60,1.0
2024-05-06 22:00,48.86,48.7,49.1,60,1.0
2024-05-06 23:00,48.95,48.7,49.2,60,1.0
2024-05-07 00:00,48.97,48.7,49.3,60,1.0
2024-05-07 01:00,49.01,48.7,49.3,60,1.0
2024-05-07 02:00,48.96,48.7,49.2,60,1.0
2024-05-07 03:00,48.94,48.6,49.2,60,1.0
2024-05-07 04:00,48.97,48.7,49.3,60,1.0
2024-05-07 05:00,48.92,48.7,49.2,60,1.0
2024-05-07 06:00,48.99,48.7,49.3,60,1.0
2024-05-07 07:00,48.88,48.7,49.2,60,1.0
2024-05-07 08:00,49.04,48.7,49.3,60,1.0
2024-05-07 09:00,49.0,48.8,49.3,60,1.0
2024-05-07 10:00,49.01,48.8,49.3,58,0.967
2024-05-07 11:00,48.92,48.6,49.2,46,0.767
2024-05-07 12:00,48.86,48.5,49.1,60,1.0
2024-05-07 13:00,48.62,48.4,48.9,60,1.0
2024-05-07 14:00,48.51,48.3,48.7,52,0.867
2024-05-07 15:00,48.49,48.2,48.8,58,0.967
2024-05-07 16:00,48.4,48.2,48.8,60,1.0
2024-05-07 17:00,48.41,48.1,48.7,60,1.0
2024-05-07 18:00,48.4,48.1,48.7,60,1.0
2024-05-07 19:00,48.37,48.1,48.7,60,1.0
2024-05-07 20:00,48.26,48.0,48.6,60,1.0
2024-05-07 21:00,48.12,47.9,48.5,60,1.0
2024-05-07 22:00,48.08,47.9,48.5,60,1.0
2024-05-07 23:00,48.17,47.9,48.5,60,1.0
2024-05-08 00:00,48.16,47.8,48.5,60,1.0
2024-05-08 01:00,48.2,47.9,48.5,60,1.0
2024-05-08 02:00,48.27,48.0,48.6,60,1.0
2024-05-08 03:00,48.28,48.1,48.7,60,1.0
2024-05-08 04:00,48.25,47.9,48.5,60,1.0
2024-05-08 05:00,48.25,48.0,48.5,60,1.0
2024-05-08 06:00,48.24,48.0,48.6,60,1.0
2024-05-08 07:00,48.25,48.0,48.5,60,1.0
2024-05-08 08:00,48.28,48.0,48.6,60,1.0
2024-05-08 09:00,48.25,47.9,48.6,60,1.0
2024-05-08 10:00,48.24,48.0,48.5,60,1.0
2024-05-08 11:00,48.13,47.9,48.5,60,1.0
2024-05-08 12:00,48.15,47.8,48.4,60,1.0
2024-05-08 13:00,48.09,47.8,48.4,55,0.917
2024-05-08 14:00,47.91,47.7,48.2,49,0.817
2024-05-08 15:00,47.77,47.6,48.0,53,0.883
2024-05-08 16:00,47.81,47.6,48.3,60,1.0
2024-05-08 17:00,47.98,47.7,48.3,60,1.0
2024-05-08 18:00,48.1,47.8,48.3,60,1.0
2024-05-08 19:00,48.05,47.8,48.3,60,1.0
2024-05-08 20:00,48.03,47.8,48.3,60,1.0
2024-05-08 21:00,47.99,47.8,48.3,60,1.0
2024-05-08 22:00,48.0,47.8,48.3,60,1.0
2024-05-08 23:00,48.05,47.9,48.4,60,1.0
2024-05-09 00:00,48.03,47.9,48.2,60,1.0
2024-05-09 01:00,48.07,47.9,48.3,60,1.0
2024-05-09 02:00,48.08,47.9,48.3,60,1.0
2024-05-09 03:00,48.1,47.9,48.5,60,1.0
2024-05-09 04:00,48.04,47.9,48.2,60,1.0
2024-05-09 05:00,48.07,47.9,48.5,60,1.0
2024-05-09 06:00,48.09,47.9,48.4,60,1.0
2024-05-09 07:00,48.15,47.9,48.4,60,1.0
2024-05-09 08:00,48.17,47.9,48.4,60,1.0
2024-05-09 09:00,48.18,47.9,48.4,60,1.0
2024-05-09 10:00,48.13,47.9,48.5,60,1.0
2024-05-09 11:00,48.02,47.8,48.4,60,1.0
2024-05-09 12:00,48.0,47.8,48.2,60,1.0
2024-05-09 13:00,47.96,47.6,48.3,60,1.0
2024-05-09 14:00,47.76,47.5,48.2,60,1.0
2024-05-09 15:00,47.62,47.4,47.9,60,1.0
2024-05-09 16:00,47.54,47.3,48.0,60,1.0
2024-05-09 17:00,47.54,47.2,47.9,60,1.0
2024-05-09 18:00,47.32,47.2,47.7,51,0.85
2024-05-09 19:00,47.34,47.1,47.6,48,0.8
2024-05-09 20:00,47.47,47.2,47.7,59,0.983
2024-05-09 21:00,47.27,47.0,47.7,59,0.983
2024-05-09 22:00,47.16,46.9,47.6,60,1.0
2024-05-09 23:00,47.27,46.9,47.5,60,1.0
2024-05-10 00:00,47.11,46.8,47.4,60,1.0
2024-05-10 01:00,47.12,46.7,47.3,60,1.0
2024-05-10 02:00,47.15,46.9,47.4,60,1.0
2024-05-10 03:00,47.1,46.8,47.4,60,1.0
2024-05-10 04:00,47.02,46.8,47.3,60,1.0
2024-05-10 05:00,47.13,46.9,47.4,60,1.0
2024-05-10 06:00,47.1,46.8,47.5,60,1.0
2024-05-10 07:00,46.9,46.7,47.3,60,1.0
2024-05-10 08:00,46.92,46.7,47.3,60,1.0
2024-05-10 09:00,46.91,46.6,47.2,60,1.0
2024-05-10 10:00,46.85,46.6,47.2,60,1.0
2024-05-10 11:00,46.61,46.3,47.0,60,1.0
2024-05-10 12:00,46.43,46.2,46.6,60,1.0
2024-05-10 13:00,46.35,46.1,46.7,59,0.983
2024-05-10 14:00,46.28,46.0,46.7,60,1.0
2024-05-10 15:00,46.16,45.9,46.5,60,1.0
2024-05-10 16:00,46.23,46.0,46.6,60,1.0
2024-05-10 17:00,46.18,45.8,46.6,60,1.0
2024-05-10 18:00,46.16,45.8,46.5,60,1.0
2024-05-10 19:00,45.97,45.7,46.3,60,1.0
2024-05-10 20:00,45.93,45.6,46.3,60,1.0
2024-05-10 21:00,45.93,45.6,46.2,60,1.0
2024-05-10 22:00,45.9,45.6,46.2,60,1.0
2024-05-10 23:00,45.78,45.5,46.2,60,1.0
2024-05-11 00:00,45.69,45.5,46.0,56,0.933
2024-05-11 01:00,45.74,45.5,46.0,47,0.783
2024-05-11 02:00,45.68,45.4,46.1,60,1.0
2024-05-11 03:00,45.76,45.4,46.1,60,1.0
2024-05-11 04:00,45.82,45.6,46.1,60,1.0
2024-05-11 05:00,45.75,45.5,46.2,60,1.0
2024-05-11 06:00,45.73,45.5,46.1,60,1.0
2024-05-11 07:00,45.82,45.5,46.1,60,1.0
2024-05-11 08:00,45.83,45.6,46.2,60,1.0
2024-05-11 09:00,45.76,45.6,46.0,60,1.0
2024-05-11 10:00,45.7,45.5,46.1,60,1.0
2024-05-11 11:00,45.65,45.4,46.0,60,1.0
2024-05-11 12:00,45.66,45.4,45.9,60,1.0
2024-05-11 13:00,45.58,45.3,46.0,60,1.0
2024-05-11 14:00,45.38,45.1,45.7,60,1.0
2024-05-11 15:00,45.24,45.0,45.6,60,1.0
2024-05-11 16:00,45.19,45.0,45.4,60,1.0
2024-05-11 17:00,45.31,44.9,45.6,60,1.0
2024-05-11 18:00,45.18,44.9,45.5,60,1.0
2024-05-11 19:00,45.04,44.8,45.3,60,1.0
2024-05-11 20:00,45.02,44.8,45.4,60,1.0
2024-05-11 21:00,45.08,44.8,45.5,60,1.0
2024-05-11 22:00,45.2,44.8,45.5,60,1.0
2024-05-11 23:00,45.15,44.8,45.6,60,1.0
2024-05-12 00:00,45.09,44.8,45.5,60,1.0
2024-05-12 01:00,45.07,44.8,45.4,59,0.983
2024-05-12 02:00,44.98,44.8,45.2,60,1.0
2024-05-12 03:00,45.03,44.8,45.3,60,1.0
2024-05-12 04:00,45.01,44.8,45.4,59,0.983
2024-05-12 05:00,45.0,44.8,45.3,52,0.867
2024-05-12 06:00,45.06,44.8,45.6,59,0.983
2024-05-12 07:00,45.16,44.8,45.5,60,1.0
2024-05-12 08:00,45.24,44.9,45.6,60,1.0
2024-05-12 09:00,45.28,44.9,45.6,60,1.0
2024-05-12 10:00,45.21,44.9,45.5,60,1.0
2024-05-12 11:00,45.14,44.8,45.4,60,1.0
2024-05-12 12:00,44.94,44.7,45.5,60,1.0
2024-05-12 13:00,44.84,44.6,45.1,60,1.0
2024-05-12 14:00,44.76,44.5,45.0,60,1.0
2024-05-12 15:00,44.85,44.5,45.2,60,1.0
2024-05-12 16:00,44.75,44.4,45.1,60,1.0
2024-05-12 17:00,44.78,44.4,45.1,60,1.0
2024-05-12 18:00,44.6,44.4,45.0,60,1.0
2024-05-12 19:00,44.49,44.3,44.8,60,1.0
2024-05-12 20:00,44.57,44.3,45.0,60,1.0
2024-05-12 21:00,44.62,44.3,45.0,60,1.0
2024-05-12 22:00,44.62,44.3,44.9,60,1.0
2024-05-12 23:00,44.51,44.3,44.9,60,1.0
2024-05-13 00:00,44.43,44.2,44.8,60,1.0
2024-05-13 01:00,44.46,44.3,44.7,60,1.0
2024-05-13 02:00,44.41,44.2,44.6,60,1.0
2024-05-13 03:00,44.5,44.3,44.9,60,1.0
2024-05-13 04:00,44.49,44.3,44.8,35,0.583
2024-05-13 07:00,44.55,44.4,44.9,32,0.533
2024-05-13 08:00,44.72,44.4,45.0,60,1.0
2024-05-13 09:00,44.68,44.4,45.0,60,1.0
2024-05-13 10:00,44.59,44.4,45.0,60,1.0
2024-05-13 11:00,44.49,44.3,44.7,60,1.0
2024-05-13 12:00,44.53,44.2,44.9,60,1.0
2024-05-13 13:00,44.44,44.1,44.7,60,1.0
2024-05-13 14:00,44.27,44.0,44.5,60,1.0
2024-05-13 15:00,44.14,43.9,44.4,50,0.833
2024-05-13 16:00,44.13,43.9,44.5,53,0.883
2024-05-13 17:00,44.19,43.9,44.5,57,0.95
2024-05-13 18:00,44.08,43.7,44.4,59,0.983
2024-05-13 19:00,43.94,43.7,44.3,60,1.0
2024-05-13 20:00,43.96,43.7,44.3,60,1.0
2024-05-13 21:00,44.05,43.7,44.3,60,1.0
2024-05-13 22:00,44.08,43.8,44.3,60,1.0
2024-05-13 23:00,44.1,43.7,44.7,60,1.0
2024-05-14 00:00,44.07,43.7,44.5,60,1.0
2024-05-14 01:00,44.09,43.7,44.4,60,1.0
2024-05-14 02:00,44.1,43.7,44.4,60,1.0
2024-05-14 03:00,44.1,43.8,44.4,60,1.0
2024-05-14 04:00,44.09,43.8,44.4,60,1.0
2024-05-14 05:00,44.02,43.8,44.2,60,1.0
2024-05-14 06:00,44.07,43.8,44.4,60,1.0
2024-05-14 07:00,44.13,43.9,44.5,60,1.0
2024-05-14 08:00,44.11,43.9,44.5,60,1.0
2024-05-14 09:00,44.13,43.9,44.5,60,1.0
2024-05-14 10:00,44.26,43.9,44.5,60,1.0
2024-05-14 11:00,44.08,43.8,44.4,60,1.0
2024-05-14 12:00,43.89,43.7,44.2,60,1.0
2024-05-14 13:00,43.92,43.6,44.4,60,1.0
2024-05-14 14:00,43.84,43.5,44.2,60,1.0
2024-05-14 15:00,43.73,43.5,44.0,60,1.0
2024-05-14 16:00,43.75,43.4,44.1,60,1.0
2024-05-14 17:00,43.67,43.4,44.0,60,1.0
2024-05-14 18:00,43.72,43.3,44.1,60,1.0
2024-05-14 19:00,43.61,43.3,44.0,60,1.0
2024-05-14 20:00,43.52,43.3,43.8,60,1.0
2024-05-14 21:00,43.54,43.3,43.9,57,0.95
2024-05-14 22:00,43.56,43.2,44.0,51,0.85
2024-05-14 23:00,43.62,43.3,43.9,60,1.0
2024-05-15 00:00,43.65,43.2,43.9,60,1.0
2024-05-15 01:00,43.68,43.4,44.0,60,1.0
2024-05-15 02:00,43.67,43.3,44.0,60,1.0
2024-05-15 03:00,43.64,43.4,43.9,60,1.0
2024-05-15 04:00,43.67,43.3,44.1,60,1.0
2024-05-15 05:00,43.62,43.3,43.9,60,1.0
2024-05-15 06:00,43.62,43.3,44.0,60,1.0
2024-05-15 07:00,43.69,43.4,44.0,60,1.0
2024-05-15 08:00,43.66,43.4,43.9,60,1.0
2024-05-15 09:00,43.69,43.4,44.0,60,1.0
2024-05-15 10:00,43.59,43.3,43.9,60,1.0
2024-05-15 11:00,43.42,43.2,43.7,60,1.0
2024-05-15 12:00,43.36,43.2,43.7,60,1.0
2024-05-15 13:00,43.33,43.0,43.7,60,1.0
2024-05-15 14:00,43.26,43.0,43.6,60,1.0
2024-05-15 15:00,43.26,42.9,43.6,60,1.0
2024-05-15 16:00,43.15,42.8,43.6,60,1.0
2024-05-15 17:00,43.07,42.7,43.4,60,1.0
2024-05-15 18:00,42.97,42.7,43.4,60,1.0
2024-05-15 19:00,43.0,42.7,43.3,60,1.0
2024-05-15 20:00,43.06,42.8,43.3,60,1.0
2024-05-15 21:00,43.02,42.8,43.3,60,1.0
2024-05-15 22:00,42.88,42.6,43.3,60,1.0
2024-05-15 23:00,42.82,42.6,43.1,60,1.0
2024-05-16 00:00,42.77,42.6,43.2,60,1.0
2024-05-16 01:00,42.78,42.6,43.1,60,1.0
2024-05-16 02:00,42.82,42.6,43.1,60,1.0
2024-05-16 03:00,42.85,42.6,43.2,52,0.867
2024-05-16 04:00,42.84,42.6,43.1,49,0.817
2024-05-16 05:00,42.83,42.6,43.2,60,1.0
2024-05-16 06:00,42.84,42.6,43.2,60,1.0
2024-05-16 07:00,42.81,42.6,43.2,60,1.0
2024-05-16 08:00,42.92,42.6,43.3,60,1.0
2024-05-16 09:00,42.92,42.6,43.2,60,1.0
2024-05-16 10:00,42.77,42.5,43.2,60,1.0
2024-05-16 11:00,42.87,42.5,43.1,60,1.0
2024-05-16 12:00,42.63,42.4,43.0,60,1.0
2024-05-16 13:00,42.63,42.4,43.1,60,1.0
2024-05-16 14:00,42.69,42.3,43.0,60,1.0
2024-05-16 15:00,42.54,42.2,42.9,60,1.0
2024-05-16 16:00,42.36,42.1,42.7,60,1.0
2024-05-16 17:00,42.33,42.0,42.8,60,1.0
2024-05-16 18:00,42.28,42.0,42.6,60,1.0
2024-05-16 19:00,42.29,41.9,42.7,60,1.0
2024-05-16 20:00,42.12,41.9,42.4,60,1.0
2024-05-16 21:00,42.15,41.8,42.5,60,1.0
2024-05-16 22:00,42.19,41.8,42.6,60,1.0
2024-05-16 23:00,42.16,41.8,42.6,60,1.0
2024-05-17 00:00,42.08,41.8,42.5,60,1.0
2024-05-17 01:00,42.0,41.7,42.4,60,1.0
2024-05-17 02:00,42.06,41.8,42.5,60,1.0
2024-05-17 03:00,42.09,41.7,42.4,60,1.0
2024-05-17 04:00,41.98,41.8,42.4,60,1.0
2024-05-17 05:00,41.98,41.8,42.3,60,1.0
2024-05-17 06:00,41.98,41.7,42.3,60,1.0
2024-05-17 07:00,42.02,41.7,42.4,60,1.0
2024-05-17 08:00,42.0,41.7,42.4,60,1.0
2024-05-17 09:00,42.07,41.8,42.4,60,1.0
2024-05-17 10:00,42.14,41.8,42.4,60,1.0
2024-05-17 11:00,42.12,41.9,42.5,60,1.0
2024-05-17 12:00,42.04,41.7,42.5,60,1.0
2024-05-17 13:00,41.92,41.7,42.3,60,1.0
2024-05-17 14:00,41.96,41.7,42.3,60,1.0
2024-05-17 15:00,41.97,41.6,42.4,60,1.0
2024-05-17 16:00,41.84,41.5,42.2,60,1.0
2024-05-17 17:00,41.77,41.4,42.4,60,1.0
2024-05-17 18:00,41.67,41.4,42.0,55,0.917
2024-05-17 19:00,41.76,41.4,42.1,49,0.817
2024-05-17 20:00,41.75,41.4,42.1,60,1.0
2024-05-17 21:00,41.67,41.4,42.0,60,1.0
2024-05-17 22:00,41.6,41.3,41.9,60,1.0
2024-05-17 23:00,41.53,41.3,41.9,60,1.0
2024-05-18 00:00,41.56,41.3,41.9,60,1.0
2024-05-18 01:00,41.62,41.4,42.1,60,1.0
2024-05-18 02:00,41.68,41.4,42.1,60,1.0
2024-05-18 03:00,41.76,41.4,42.0,60,1.0
2024-05-18 04:00,41.76,41.5,42.0,60,1.0
2024-05-18 05:00,41.77,41.4,42.0,60,1.0
2024-05-18 06:00,41.66,41.4,42.1,54,0.9
2024-05-18 07:00,41.74,41.4,42.1,60,1.0
2024-05-18 08:00,41.67,41.4,42.0,60,1.0
2024-05-18 09:00,41.51,41.1,42.0,60,1.0
2024-05-18 10:00,41.18,41.0,41.5,60,1.0
2024-05-18 11:00,41.22,41.0,41.6,60,1.0
2024-05-18 12:00,41.21,40.9,41.6,60,1.0
2024-05-18 13:00,41.18,40.8,41.5,60,1.0
2024-05-18 14:00,41.1,40.9,41.3,60,1.0
2024-05-18 15:00,41.05,40.8,41.3,60,1.0
2024-05-18 16:00,40.98,40.7,41.3,60,1.0
2024-05-18 17:00,40.94,40.6,41.1,28,0.467
2024-05-24 09:00,41.18,40.8,41.6,39,0.65
2024-05-24 10:00,41.21,40.9,41.6,60,1.0
2024-05-24 11:00,41.27,41.0,41.8,59,0.983
2024-05-24 12:00,41.23,40.9,41.6,60,1.0
2024-05-24 13:00,41.31,40.9,41.8,60,1.0
2024-05-24 14:00,41.37,40.9,41.7,58,0.967
2024-05-24 15:00,41.17,40.9,41.6,60,1.0
2024-05-24 16:00,41.11,40.8,41.6,59,0.983
2024-05-24 17:00,41.05,40.7,41.4,60,1.0
2024-05-24 18:00,40.96,40.7,41.5,60,1.0
2024-05-24 19:00,41.03,40.6,41.5,60,1.0
2024-05-24 20:00,41.02,40.7,41.5,60,1.0
2024-05-24 21:00,41.01,40.7,41.4,60,1.0
2024-05-24 22:00,40.98,40.7,41.4,60,1.0
2024-05-24 23:00,41.0,40.6,41.3,60,1.0
2024-05-25 00:00,41.01,40.6,41.4,60,1.0
2024-05-25 01:00,40.89,40.6,41.3,60,1.0
2024-05-25 02:00,40.76,40.5,41.2,60,1.0
2024-05-25 03:00,40.76,40.4,41.2,60,1.0
2024-05-25 04:00,40.58,40.3,41.1,60,1.0
2024-05-25 05:00,40.58,40.3,40.9,60,1.0
2024-05-25 06:00,40.56,40.3,41.0,60,1.0
2024-05-25 07:00,40.74,40.4,41.2,60,1.0
2024-05-25 08:00,40.83,40.5,41.2,60,1.0
2024-05-25 09:00,40.78,40.5,41.3,60,1.0
2024-05-25 10:00,40.83,40.5,41.3,60,1.0
2024-05-25 11:00,40.89,40.6,41.4,60,1.0
2024-05-25 12:00,41.04,40.6,41.5,60,1.0
2024-05-25 13:00,40.96,40.6,41.4,60,1.0
2024-05-25 14:00,40.94,40.6,41.4,60,1.0
2024-05-25 15:00,40.9,40.6,41.4,60,1.0
2024-05-25 16:00,40.88,40.6,41.2,60,1.0
2024-05-25 17:00,40.66,40.2,41.1,58,0.967
2024-05-25 18:00,40.33,39.9,40.6,60,1.0
2024-05-25 19:00,39.96,39.2,40.5,59,0.983
2024-05-25 20:00,39.22,38.8,39.7,60,1.0
2024-05-25 21:00,39.01,38.7,39.2,50,0.833
2024-05-25 22:00,38.98,38.7,39.3,54,0.9
2024-05-25 23:00,38.97,38.7,39.4,57,0.95
2024-05-26 00:00,39.1,38.9,39.4,48,0.8
2024-05-26 01:00,38.98,38.8,39.3,50,0.833
2024-05-26 02:00,39.0,38.7,39.3,59,0.983
2024-05-26 03:00,38.92,38.7,39.2,60,1.0
2024-05-26 04:00,38.99,38.7,39.4,59,0.983
2024-05-26 05:00,39.07,38.7,39.5,60,1.0
2024-05-26 06:00,39.05,38.8,39.4,60,1.0
2024-05-26 07:00,39.1,38.8,39.5,60,1.0
2024-05-26 08:00,39.16,38.9,39.5,60,1.0
2024-05-26 09:00,39.45,39.0,39.9,60,1.0
2024-05-26 10:00,39.64,39.3,40.1,60,1.0
2024-05-26 11:00,39.93,39.6,40.4,60,1.0
2024-05-26 12:00,40.02,39.7,40.4,60,1.0
2024-05-26 13:00,40.08,39.8,40.6,60,1.0
2024-05-26 14:00,40.06,39.8,40.6,60,1.0
2024-05-26 15:00,40.12,39.9,40.6,60,1.0
2024-05-26 16:00,40.11,39.8,40.5,60,1.0
2024-05-26 17:00,40.14,39.8,40.6,60,1.0
2024-05-26 18:00,40.12,39.7,40.6,60,1.0
2024-05-26 19:00,40.04,39.7,40.5,60,1.0
2024-05-26 20:00,40.02,39.7,40.4,60,1.0
2024-05-26 21:00,40.05,39.7,40.5,60,1.0
2024-05-26 22:00,39.95,39.6,40.3,60,1.0
2024-05-26 23:00,39.88,39.6,40.4,60,1.0
2024-05-27 00:00,39.89,39.6,40.3,60,1.0
2024-05-27 01:00,39.9,39.6,40.3,60,1.0
2024-05-27 02:00,39.9,39.6,40.4,60,1.0
2024-05-27 03:00,39.94,39.7,40.3,60,1.0
2024-05-27 04:00,40.03,39.7,40.5,60,1.0
2024-05-27 05:00,40.02,39.6,40.4,60,1.0
2024-05-27 06:00,39.97,39.6,40.4,60,1.0
2024-05-27 07:00,39.94,39.6,40.4,60,1.0
2024-05-27 08:00,39.99,39.7,40.7,60,1.0
2024-05-27 09:00,40.07,39.8,40.6,60,1.0
2024-05-27 10:00,40.07,39.7,40.5,60,1.0
2024-05-27 11:00,40.07,39.8,40.7,60,1.0
2024-05-27 12:00,40.11,39.8,40.5,60,1.0
2024-05-27 13:00,40.13,39.8,40.5,60,1.0
2024-05-27 14:00,40.05,39.7,40.6,60,1.0
2024-05-27 15:00,40.02,39.7,40.4,60,1.0
2024-05-27 16:00,40.02,39.7,40.3,60,1.0
2024-05-27 17:00,40.05,39.7,40.4,60,1.0
2024-05-27 18:00,39.95,39.6,40.3,60,1.0
2024-05-27 19:00,39.9,39.6,40.5,60,1.0
2024-05-27 20:00,39.86,39.6,40.2,57,0.95
2024-05-27 21:00,39.88,39.6,40.3,50,0.833
2024-05-27 22:00,39.87,39.6,40.3,56,0.933
2024-05-27 23:00,39.85,39.5,40.3,60,1.0
2024-05-28 00:00,39.74,39.4,40.2,60,1.0
2024-05-28 01:00,39.79,39.5,40.2,60,1.0
2024-05-28 02:00,39.79,39.5,40.1,60,1.0
2024-05-28 03:00,39.84,39.6,40.2,60,1.0
2024-05-28 04:00,39.83,39.5,40.2,60,1.0
2024-05-28 05:00,39.83,39.5,40.2,60,1.0
2024-05-28 06:00,39.83,39.5,40.3,60,1.0
2024-05-28 07:00,39.79,39.4,40.2,60,1.0
2024-05-28 08:00,39.82,39.5,40.2,60,1.0
2024-05-28 09:00,39.84,39.5,40.3,59,0.983
2024-05-28 10:00,39.82,39.5,40.4,60,1.0
2024-05-28 11:00,39.86,39.6,40.2,60,1.0
2024-05-28 12:00,39.8,39.5,40.2,60,1.0
2024-05-28 13:00,39.71,39.4,40.2,60,1.0
2024-05-28 14:00,39.72,39.4,40.1,60,1.0
2024-05-28 15:00,39.63,39.3,40.1,60,1.0
2024-05-28 16:00,39.54,39.2,39.9,60,1.0
2024-05-28 17:00,39.52,39.1,40.0,60,1.0
2024-05-28 18:00,39.45,39.0,39.9,60,1.0
2024-05-28 19:00,39.31,39.0,39.8,60,1.0
2024-05-28 20:00,39.25,38.9,39.9,60,1.0
2024-05-28 21:00,39.32,39.0,39.8,60,1.0
2024-05-28 22:00,39.23,38.9,39.6,60,1.0
2024-05-28 23:00,39.18,38.9,39.6,60,1.0
2024-05-29 00:00,39.25,39.0,39.7,60,1.0
2024-05-29 01:00,39.33,39.0,39.7,60,1.0
2024-05-29 02:00,39.35,39.0,39.8,60,1.0
2024-05-29 03:00,39.34,39.0,39.7,60,1.0
2024-05-29 04:00,39.3,39.0,39.7,60,1.0
2024-05-29 05:00,39.35,39.0,39.8,60,1.0
2024-05-29 06:00,39.33,39.0,39.8,60,1.0
2024-05-29 07:00,39.26,39.0,39.7,60,1.0
2024-05-29 08:00,39.28,39.0,39.8,60,1.0
2024-05-29 09:00,39.37,39.0,39.8,52,0.867
2024-05-29 10:00,39.35,39.0,39.8,49,0.817
2024-05-29 11:00,39.27,39.0,39.7,49,0.817
2024-05-29 12:00,39.29,39.0,39.7,60,1.0
2024-05-29 13:00,39.31,39.0,39.7,60,1.0
2024-05-29 14:00,39.28,39.0,39.8,60,1.0
2024-05-29 15:00,39.23,38.9,39.6,60,1.0
2024-05-29 16:00,39.16,38.9,39.6,60,1.0
2024-05-29 17:00,39.12,38.9,39.5,59,0.983
2024-05-29 18:00,39.11,38.8,39.6,60,1.0
2024-05-29 19:00,39.08,38.7,39.5,60,1.0
2024-05-29 20:00,39.0,38.7,39.5,60,1.0
2024-05-29 21:00,39.02,38.7,39.5,60,1.0
2024-05-29 22:00,39.05,38.7,39.5,60,1.0
2024-05-29 23:00,39.06,38.6,39.5,60,1.0
2024-05-30 00:00,38.99,38.7,39.4,60,1.0
2024-05-30 01:00,39.01,38.7,39.4,60,1.0
2024-05-30 02:00,38.93,38.6,39.5,60,1.0
2024-05-30 03:00,38.97,38.6,39.3,60,1.0
2024-05-30 04:00,38.97,38.7,39.4,60,1.0
2024-05-30 05:00,38.94,38.7,39.4,60,1.0
2024-05-30 06:00,38.94,38.6,39.4,60,1.0
2024-05-30 07:00,38.92,38.6,39.3,60,1.0
2024-05-30 08:00,38.9,38.6,39.3,59,0.983
2024-05-30 09:00,39.01,38.7,39.6,60,1.0
2024-05-30 10:00,38.99,38.7,39.4,60,1.0
2024-05-30 11:00,38.92,38.6,39.4,60,1.0
2024-05-30 12:00,38.95,38.6,39.3,60,1.0
2024-05-30 13:00,38.93,38.6,39.4,60,1.0
2024-05-30 14:00,38.84,38.6,39.3,60,1.0
2024-05-30 15:00,38.84,38.5,39.2,60,1.0
2024-05-30 16:00,38.82,38.5,39.2,60,1.0
2024-05-30 17:00,38.74,38.4,39.1,60,1.0
2024-05-30 18:00,38.68,38.3,39.1,60,1.0
2024-05-30 19:00,38.7,38.3,39.0,60,1.0
2024-05-30 20:00,38.55,38.2,38.9,60,1.0
2024-05-30 21:00,38.42,38.2,38.8,60,1.0
2024-05-30 22:00,38.44,38.1,38.8,59,0.983
2024-05-30 23:00,38.35,38.1,38.9,48,0.8
2024-05-31 00:00,38.37,38.0,38.9,57,0.95
2024-05-31 01:00,38.33,38.0,38.7,60,1.0
2024-05-31 02:00,38.25,38.0,38.7,60,1.0
2024-05-31 03:00,38.2,37.8,38.6,59,0.983
2024-05-31 04:00,38.17,37.9,38.8,60,1.0
2024-05-31 05:00,38.19,37.8,38.6,60,1.0
2024-05-31 06:00,38.13,37.8,38.5,60,1.0
2024-05-31 07:00,38.19,37.9,38.6,60,1.0
2024-05-31 08:00,38.16,37.9,38.6,60,1.0
2024-05-31 09:00,38.2,37.9,38.6,60,1.0
2024-05-31 10:00,38.11,37.8,38.5,60,1.0
2024-05-31 11:00,37.66,37.1,38.6,60,1.0
2024-05-31 12:00,37.28,36.7,37.7,60,1.0
2024-05-31 13:00,36.62,36.3,37.0,60,1.0
2024-05-31 14:00,36.59,36.3,36.8,60,1.0
2024-05-31 15:00,36.55,36.3,36.9,60,1.0
2024-05-31 16:00,36.54,36.3,36.9,60,1.0
2024-05-31 17:00,36.59,36.3,36.9,60,1.0
2024-05-31 18:00,36.57,36.3,36.8,60,1.0
2024-05-31 19:00,36.57,36.3,36.8,60,1.0
2024-05-31 20:00,36.56,36.3,36.8,60,1.0
2024-05-31 21:00,36.54,36.3,36.9,60,1.0
2024-05-31 22:00,36.53,36.3,36.8,59,0.983
2024-05-31 23:00,36.49,36.3,36.9,60,1.0
2024-06-01 00:00,36.53,36.3,36.8,60,1.0
2024-06-01 01:00,36.51,36.3,36.9,60,1.0
2024-06-01 02:00,36.48,36.3,36.8,60,1.0
2024-06-01 03:00,36.47,36.3,36.8,60,1.0
2024-06-01 04:00,36.5,36.3,36.8,60,1.0
2024-06-01 05:00,36.51,36.3,36.7,60,1.0
2024-06-01 06:00,36.51,36.3,37.0,59,0.983
2024-06-01 07:00,36.56,36.3,36.9,54,0.9
2024-06-01 08:00,36.51,36.3,36.8,48,0.8
2024-06-01 09:00,36.54,36.3,36.9,52,0.867
2024-06-01 10:00,36.58,36.4,36.9,60,1.0
2024-06-01 11:00,36.63,36.4,36.9,60,1.0
2024-06-01 12:00,36.61,36.4,37.0,60,1.0
2024-06-01 13:00,36.58,36.3,36.9,60,1.0
2024-06-01 14:00,36.63,36.4,37.0,60,1.0
2024-06-01 15:00,36.66,36.3,37.0,60,1.0
2024-06-01 16:00,36.61,36.4,36.9,60,1.0
2024-06-01 17:00,36.58,36.3,36.8,60,1.0
2024-06-01 18:00,36.63,36.4,37.3,60,1.0
2024-06-01 19:00,36.61,36.3,37.0,60,1.0
2024-06-01 20:00,36.64,36.4,36.9,60,1.0
2024-06-01 21:00,36.57,36.4,37.0,60,1.0
2024-06-01 22:00,36.57,36.4,36.9,60,1.0
2024-06-01 23:00,36.61,36.4,37.0,60,1.0
2024-06-02 00:00,36.67,36.4,37.0,60,1.0
2024-06-02 01:00,36.64,36.4,36.9,60,1.0
2024-06-02 02:00,36.68,36.4,37.0,60,1.0
2024-06-02 03:00,36.68,36.4,37.0,60,1.0
2024-06-02 04:00,36.72,36.4,37.1,60,1.0
2024-06-02 05:00,36.68,36.4,37.1,59,0.983
2024-06-02 06:00,36.69,36.4,37.1,60,1.0
2024-06-02 07:00,36.7,36.4,37.1,60,1.0
2024-06-02 08:00,36.71,36.5,37.1,60,1.0
2024-06-02 09:00,36.76,36.5,37.2,60,1.0
2024-06-02 10:00,36.79,36.5,37.1,60,1.0
2024-06-02 11:00,36.85,36.6,37.2,60,1.0
2024-06-02 12:00,36.94,36.6,37.2,60,1.0
2024-06-02 13:00,36.9,36.7,37.3,60,1.0
2024-06-02 14:00,36.86,36.6,37.2,60,1.0
2024-06-02 15:00,36.85,36.6,37.1,60,1.0
2024-06-02 16:00,36.83,36.5,37.1,60,1.0
2024-06-02 17:00,36.78,36.5,37.1,60,1.0
2024-06-02 18:00,36.71,36.5,37.0,60,1.0
2024-06-02 19:00,36.74,36.5,37.0,60,1.0
2024-06-02 20:00,36.75,36.4,37.1,58,0.967
2024-06-02 21:00,36.76,36.4,37.1,60,1.0
2024-06-02 22:00,36.73,36.4,37.1,60,1.0
2024-06-02 23:00,36.75,36.4,37.1,60,1.0
2024-06-03 00:00,36.75,36.4,37.1,60,1.0
2024-06-03 01:00,36.68,36.4,37.2,56,0.933
2024-06-03 02:00,36.62,36.4,37.0,48,0.8
2024-06-03 03:00,36.62,36.4,37.0,45,0.75
2024-06-03 04:00,36.63,36.4,37.1,47,0.783
2024-06-03 05:00,36.64,36.4,37.0,60,1.0
2024-06-03 06:00,36.66,36.4,37.0,60,1.0
2024-06-03 07:00,36.7,36.4,37.1,60,1.0
2024-06-03 08:00,36.75,36.5,37.2,60,1.0
2024-06-03 09:00,36.9,36.6,37.3,60,1.0
2024-06-03 10:00,36.9,36.6,37.3,60,1.0
2024-06-03 11:00,36.86,36.6,37.2,60,1.0
2024-06-03 12:00,36.83,36.6,37.2,60,1.0
2024-06-03 13:00,36.89,36.6,37.2,60,1.0
2024-06-03 14:00,36.82,36.6,37.3,60,1.0
2024-06-03 15:00,36.77,36.5,37.1,60,1.0
2024-06-03 16:00,36.78,36.5,37.1,60,1.0
2024-06-03 17:00,36.75,36.5,37.2,60,1.0
2024-06-03 18:00,36.78,36.4,37.1,60,1.0
2024-06-03 19:00,36.73,36.5,37.1,60,1.0
2024-06-03 20:00,36.78,36.5,37.2,60,1.0
2024-06-03 21:00,36.75,36.5,37.1,60,1.0
2024-06-03 22:00,36.8,36.5,37.2,60,1.0
2024-06-03 23:00,36.72,36.4,37.1,60,1.0
2024-06-04 00:00,36.75,36.4,37.1,60,1.0
2024-06-04 01:00,36.68,36.4,37.0,60,1.0
2024-06-04 02:00,36.69,36.4,37.0,60,1.0
2024-06-04 03:00,36.72,36.4,37.1,58,0.967
2024-06-04 04:00,36.68,36.4,37.0,60,1.0
2024-06-04 05:00,36.67,36.4,36.9,60,1.0
2024-06-04 06:00,36.64,36.4,37.0,60,1.0
2024-06-04 07:00,36.68,36.4,37.0,51,0.85
2024-06-04 08:00,36.64,36.3,37.1,52,0.867
2024-06-04 09:00,36.66,36.4,37.0,60,1.0
2024-06-04 10:00,36.65,36.4,37.0,60,1.0
2024-06-04 11:00,36.63,36.4,37.0,60,1.0
2024-06-04 12:00,36.53,36.3,36.9,60,1.0
2024-06-04 13:00,36.68,36.4,37.0,59,0.983
2024-06-04 14:00,36.65,36.3,37.1,60,1.0
2024-06-04 15:00,36.55,36.3,36.9,60,1.0
2024-06-04 16:00,36.52,36.3,36.8,60,1.0
2024-06-04 17:00,36.5,36.2,36.8,60,1.0
2024-06-04 18:00,36.55,36.2,36.9,60,1.0
2024-06-04 19:00,36.49,36.2,37.2,60,1.0
2024-06-04 20:00,36.42,36.1,36.8,60,1.0
2024-06-04 21:00,36.41,36.1,36.9,60,1.0
2024-06-04 22:00,36.35,36.1,36.8,60,1.0
2024-06-04 23:00,36.38,36.1,36.7,60,1.0
2024-06-05 00:00,36.38,36.0,36.8,60,1.0
2024-06-05 01:00,36.32,36.0,36.7,60,1.0
2024-06-05 02:00,36.33,36.0,36.6,60,1.0
2024-06-05 03:00,36.24,36.0,36.6,60,1.0
2024-06-05 04:00,36.24,35.9,36.6,60,1.0
2024-06-05 05:00,36.23,36.0,36.5,60,1.0
2024-06-05 06:00,36.24,35.9,36.7,60,1.0
2024-06-05 07:00,36.15,35.9,36.6,60,1.0
2024-06-05 08:00,36.11,35.8,36.5,55,0.917
2024-06-05 09:00,36.25,35.9,36.6,44,0.733
2024-06-05 10:00,36.14,35.9,36.5,60,1.0
2024-06-05 11:00,36.01,35.7,36.4,60,1.0
2024-06-05 12:00,36.04,35.7,36.3,60,1.0
2024-06-05 13:00,36.1,35.8,36.5,60,1.0
2024-06-05 14:00,36.0,35.7,36.3,60,1.0
2024-06-05 15:00,35.93,35.7,36.3,60,1.0
2024-06-05 16:00,35.88,35.7,36.1,60,1.0
2024-06-05 17:00,35.93,35.7,36.3,60,1.0
2024-06-05 18:00,35.86,35.6,36.3,60,1.0
2024-06-05 19:00,35.83,35.5,36.3,60,1.0
2024-06-05 20:00,35.82,35.0,36.5,60,1.0
2024-06-05 21:00,35.78,35.4,36.1,60,1.0
2024-06-05 22:00,35.78,35.4,36.1,59,0.983
2024-06-05 23:00,35.66,35.1,36.6,60,1.0
2024-06-06 00:00,35.67,35.4,36.0,60,1.0
2024-06-06 01:00,35.68,35.4,36.1,60,1.0
2024-06-06 02:00,35.69,35.4,36.0,60,1.0
2024-06-06 03:00,35.69,35.4,36.0,60,1.0
2024-06-06 04:00,35.72,35.4,36.1,60,1.0
2024-06-06 05:00,35.69,35.4,36.1,60,1.0
2024-06-06 06:00,35.66,35.3,36.0,60,1.0
2024-06-06 07:00,35.55,35.3,35.8,60,1.0
2024-06-06 08:00,35.54,35.3,35.9,59,0.983
2024-06-06 09:00,35.6,35.4,35.9,60,1.0
2024-06-06 10:00,35.57,35.3,36.0,60,1.0
2024-06-06 11:00,35.53,35.3,35.9,60,1.0
2024-06-06 12:00,35.49,34.4,35.8,60,1.0
2024-06-06 13:00,35.45,35.2,36.1,60,1.0
2024-06-06 14:00,35.43,35.1,35.8,60,1.0
2024-06-06 15:00,35.3,35.1,35.7,59,0.983
2024-06-06 16:00,35.28,35.0,35.8,60,1.0
2024-06-06 17:00,35.31,35.0,35.7,60,1.0
2024-06-06 18:00,35.31,35.0,35.7,60,1.0
2024-06-06 19:00,35.19,35.0,35.5,60,1.0
2024-06-06 20:00,35.24,35.0,35.6,60,1.0
2024-06-06 21:00,35.27,34.9,35.6,60,1.0
2024-06-06 22:00,35.17,34.9,35.5,60,1.0
2024-06-06 23:00,35.18,34.9,35.5,60,1.0
2024-06-07 00:00,35.16,34.9,35.5,60,1.0
2024-06-07 01:00,35.19,34.9,35.6,60,1.0
2024-06-07 02:00,35.22,34.9,35.6,60,1.0
2024-06-07 03:00,35.22,35.0,35.5,60,1.0
2024-06-07 04:00,35.25,34.9,35.7,60,1.0
2024-06-07 05:00,35.23,34.9,35.5,60,1.0
2024-06-07 06:00,35.24,34.9,35.6,60,1.0
2024-06-07 07:00,35.07,34.7,35.5,60,1.0
2024-06-07 08:00,35.05,34.8,35.4,60,1.0
2024-06-07 09:00,35.08,34.8,35.4,60,1.0
2024-06-07 10:00,35.04,34.8,35.4,60,1.0
2024-06-07 11:00,35.03,34.8,35.4,60,1.0
2024-06-07 12:00,35.02,34.7,35.3,60,1.0
2024-06-07 13:00,35.04,34.7,35.4,60,1.0
2024-06-07 14:00,34.92,34.7,35.3,60,1.0
2024-06-07 15:00,34.94,34.7,35.3,59,0.983
2024-06-07 16:00,34.93,34.6,35.2,59,0.983
2024-06-07 17:00,34.89,34.6,35.4,59,0.983
2024-06-07 18:00,34.82,34.6,35.2,60,1.0
2024-06-07 19:00,34.76,34.5,35.1,60,1.0
2024-06-07 20:00,34.71,34.5,35.1,60,1.0
2024-06-07 21:00,34.68,34.4,35.0,59,0.983
2024-06-07 22:00,34.69,34.4,35.0,59,0.983
2024-06-07 23:00,34.7,34.4,35.1,55,0.917
2024-06-08 00:00,34.7,34.4,35.0,48,0.8
2024-06-08 01:00,34.66,34.4,35.0,60,1.0
2024-06-08 02:00,34.67,34.4,35.0,60,1.0
2024-06-08 03:00,34.64,34.4,34.9,60,1.0
2024-06-08 04:00,34.6,34.4,34.9,60,1.0
2024-06-08 05:00,34.62,34.4,34.8,60,1.0
2024-06-08 06:00,34.61,34.4,35.0,60,1.0
2024-06-08 07:00,34.54,34.3,34.9,60,1.0
2024-06-08 08:00,34.56,34.3,35.0,60,1.0
2024-06-08 09:00,34.65,34.4,35.0,60,1.0
2024-06-08 10:00,34.65,34.4,35.0,60,1.0
2024-06-08 11:00,34.57,34.3,34.9,60,1.0
2024-06-08 12:00,34.49,34.3,34.9,60,1.0
2024-06-08 13:00,34.52,34.3,34.8,60,1.0
2024-06-08 14:00,34.51,34.2,34.8,60,1.0
2024-06-08 15:00,34.48,34.2,34.9,60,1.0
2024-06-08 16:00,34.39,34.1,34.8,58,0.967
2024-06-08 17:00,34.37,34.1,34.8,60,1.0
2024-06-08 18:00,34.33,34.1,34.7,60,1.0
2024-06-08 19:00,34.26,34.0,34.6,59,0.983
2024-06-08 20:00,34.21,33.9,34.5,60,1.0
2024-06-08 21:00,34.15,33.9,34.5,60,1.0
2024-06-08 22:00,34.07,33.9,34.5,59,0.983
2024-06-08 23:00,34.12,33.8,34.5,60,1.0
2024-06-09 00:00,34.13,33.9,34.5,60,1.0
2024-06-09 01:00,34.13,33.8,34.5,60,1.0
2024-06-09 02:00,34.16,33.9,34.5,60,1.0
2024-06-09 03:00,34.14,33.9,34.4,60,1.0
2024-06-09 04:00,34.12,33.8,34.5,60,1.0
2024-06-09 05:00,34.13,33.8,34.5,59,0.983
2024-06-09 06:00,34.1,33.8,34.5,59,0.983
2024-06-09 07:00,33.98,33.8,34.4,59,0.983
2024-06-09 08:00,34.0,33.7,34.3,60,1.0
2024-06-09 09:00,33.93,33.1,34.3,58,0.967
2024-06-09 10:00,33.93,33.7,34.2,59,0.983
2024-06-09 11:00,33.89,33.7,34.1,60,1.0
2024-06-09 12:00,33.88,33.6,34.2,60,1.0
2024-06-09 13:00,33.93,33.7,34.3,60,1.0
2024-06-09 14:00,33.98,33.7,34.4,60,1.0
2024-06-09 15:00,33.91,33.7,34.3,59,0.983
2024-06-09 16:00,33.86,33.6,34.1,57,0.95
2024-06-09 17:00,33.88,33.6,34.5,60,1.0
2024-06-09 18:00,33.89,33.6,34.2,59,0.983
2024-06-09 19:00,33.92,33.6,34.2,60,1.0
2024-06-09 20:00,33.9,33.6,34.3,60,1.0
2024-06-09 21:00,33.87,33.6,34.2,59,0.983
2024-06-09 22:00,33.83,33.6,34.2,60,1.0
2024-06-09 23:00,33.83,33.6,34.2,60,1.0
2024-06-10 00:00,33.87,33.6,34.3,60,1.0
2024-06-10 01:00,33.89,33.6,34.2,59,0.983
2024-06-10 02:00,33.87,33.6,34.2,60,1.0
2024-06-10 03:00,33.96,33.6,34.3,60,1.0
2024-06-10 04:00,33.97,33.6,34.2,60,1.0
2024-06-10 05:00,33.94,33.6,34.3,59,0.983
2024-06-10 06:00,33.84,33.5,34.1,60,1.0
2024-06-10 07:00,33.72,33.5,34.1,60,1.0
2024-06-10 08:00,33.71,33.4,34.1,60,1.0
2024-06-10 09:00,33.74,33.5,34.1,60,1.0
2024-06-10 10:00,33.72,33.5,34.1,54,0.9
2024-06-10 11:00,33.75,33.5,34.1,53,0.883
2024-06-10 12:00,33.85,33.6,34.1,60,1.0
2024-06-10 13:00,33.9,33.6,34.2,60,1.0
2024-06-10 14:00,33.87,33.6,34.2,60,1.0
2024-06-10 15:00,33.81,33.6,34.1,60,1.0
2024-06-10 16:00,33.77,33.5,34.1,60,1.0
2024-06-10 17:00,33.76,33.5,34.0,60,1.0
2024-06-10 18:00,33.82,33.5,34.2,60,1.0
2024-06-10 19:00,33.85,33.5,34.2,60,1.0
2024-06-10 20:00,33.71,33.5,34.1,60,1.0
2024-06-10 21:00,33.68,33.5,33.9,60,1.0
2024-06-10 22:00,33.64,33.5,33.9,60,1.0
2024-06-10 23:00,33.71,33.4,34.1,60,1.0
2024-06-11 00:00,33.72,33.5,34.1,59,0.983
2024-06-11 01:00,33.7,33.5,34.1,60,1.0
2024-06-11 02:00,33.76,33.5,34.1,53,0.883
2024-06-11 03:00,33.76,33.5,34.1,60,1.0
2024-06-11 04:00,33.79,33.5,34.1,60,1.0
2024-06-11 05:00,33.76,33.5,34.1,60,1.0
2024-06-11 06:00,33.79,33.5,34.2,60,1.0
2024-06-11 07:00,33.7,33.5,34.0,60,1.0
2024-06-11 08:00,33.65,33.4,34.0,60,1.0
2024-06-11 09:00,33.7,33.5,34.0,60,1.0
2024-06-11 10:00,33.7,33.5,34.1,60,1.0
2024-06-11 11:00,33.8,33.5,34.1,60,1.0
2024-06-11 12:00,33.76,33.5,34.1,60,1.0
2024-06-11 13:00,33.83,33.5,34.2,60,1.0
2024-06-11 14:00,33.78,33.5,34.2,60,1.0
2024-06-11 15:00,33.78,33.5,34.1,60,1.0
2024-06-11 16:00,33.65,33.4,34.0,60,1.0
2024-06-11 17:00,33.64,33.4,34.0,60,1.0
2024-06-11 18:00,33.57,33.3,33.9,60,1.0
2024-06-11 19:00,33.56,33.3,34.0,60,1.0
2024-06-11 20:00,33.57,33.2,33.9,60,1.0
2024-06-11 21:00,33.53,33.3,33.9,52,0.867
2024-06-11 22:00,33.5,33.2,33.9,49,0.817
2024-06-11 23:00,33.48,33.3,33.8,60,1.0
2024-06-12 00:00,33.54,33.3,33.8,60,1.0
2024-06-12 01:00,33.52,33.2,33.9,60,1.0
2024-06-12 02:00,33.48,33.2,33.8,60,1.0
2024-06-12 03:00,33.47,33.2,33.8,59,0.983
2024-06-12 04:00,33.48,33.2,33.8,60,1.0
2024-06-12 05:00,33.46,33.2,33.8,56,0.933
2024-06-12 06:00,33.4,33.1,33.7,60,1.0
2024-06-12 07:00,33.27,33.0,33.6,57,0.95
2024-06-12 08:00,33.17,32.9,33.6,58,0.967
2024-06-12 09:00,33.22,33.0,33.5,59,0.983
2024-06-12 10:00,33.2,32.9,33.5,60,1.0
2024-06-12 11:00,33.11,32.8,33.5,60,1.0
2024-06-12 12:00,33.06,32.8,33.5,60,1.0
2024-06-12 13:00,32.93,32.7,33.2,60,1.0
2024-06-12 14:00,32.95,32.7,33.3,60,1.0
2024-06-12 15:00,32.9,32.6,33.2,59,0.983
2024-06-12 16:00,32.83,32.6,33.2,59,0.983
2024-06-12 17:00,32.86,32.6,33.2,60,1.0
2024-06-12 18:00,32.8,32.5,33.1,60,1.0
2024-06-12 19:00,32.83,32.5,33.1,60,1.0
2024-06-12 20:00,32.72,32.4,33.1,60,1.0
2024-06-12 21:00,32.75,32.4,33.1,60,1.0
2024-06-12 22:00,32.68,32.4,32.9,60,1.0
2024-06-12 23:00,32.71,32.4,33.0,60,1.0
2024-06-13 00:00,32.75,32.4,33.1,60,1.0
2024-06-13 01:00,32.76,32.5,33.0,60,1.0
2024-06-13 02:00,32.72,32.4,33.1,60,1.0
2024-06-13 03:00,32.72,32.4,33.0,60,1.0
2024-06-13 04:00,32.74,32.4,33.1,60,1.0
2024-06-13 05:00,32.76,32.4,33.0,60,1.0
2024-06-13 06:00,32.7,32.4,33.0,60,1.0
2024-06-13 07:00,32.62,32.3,33.0,60,1.0
2024-06-13 08:00,32.58,32.3,32.9,60,1.0
2024-06-13 09:00,32.54,32.2,33.0,57,0.95
2024-06-13 10:00,32.41,32.1,32.8,46,0.767
2024-06-13 11:00,32.32,32.0,32.7,60,1.0
2024-06-13 12:00,32.17,31.9,32.5,60,1.0
2024-06-13 13:00,32.16,31.9,32.4,60,1.0
2024-06-13 14:00,32.11,31.9,32.4,60,1.0
2024-06-13 15:00,32.13,31.8,32.5,59,0.983
2024-06-13 16:00,32.17,31.9,32.4,59,0.983
2024-06-13 17:00,32.14,31.9,32.5,60,1.0
2024-06-13 18:00,32.21,31.9,32.6,60,1.0
2024-06-13 19:00,32.19,32.0,32.5,59,0.983
2024-06-13 20:00,32.28,32.0,32.6,60,1.0
2024-06-13 21:00,32.32,32.0,32.8,60,1.0
2024-06-13 22:00,32.37,32.0,32.7,60,1.0
2024-06-13 23:00,32.37,32.1,32.7,60,1.0
2024-06-14 00:00,32.37,32.1,32.7,60,1.0
2024-06-14 01:00,32.41,32.1,32.7,34,0.567
2024-06-14 08:00,32.43,32.2,32.6,17,0.283
2024-06-14 09:00,32.48,32.2,32.8,59,0.983
2024-06-14 10:00,32.46,32.2,32.8,60,1.0
2024-06-14 11:00,32.33,32.1,32.7,60,1.0
2024-06-14 12:00,32.29,32.1,32.8,60,1.0
2024-06-14 13:00,32.42,32.1,32.7,60,1.0
2024-06-14 14:00,32.37,32.1,32.7,60,1.0
2024-06-14 15:00,32.37,32.1,32.7,60,1.0
2024-06-14 16:00,32.33,32.1,32.7,60,1.0
2024-06-14 17:00,32.38,32.1,32.7,59,0.983
2024-06-14 18:00,32.38,32.1,32.7,60,1.0
2024-06-14 19:00,32.31,32.1,32.6,60,1.0
2024-06-14 20:00,32.36,31.4,32.9,60,1.0
2024-06-14 21:00,32.37,32.1,32.7,60,1.0
2024-06-14 22:00,32.31,32.1,32.6,60,1.0
2024-06-14 23:00,32.33,32.1,32.6,60,1.0
2024-06-15 00:00,32.37,32.1,32.8,60,1.0
2024-06-15 01:00,32.42,32.1,32.8,60,1.0
2024-06-15 02:00,32.49,32.2,32.9,59,0.983
2024-06-15 03:00,32.55,32.2,32.8,54,0.9
2024-06-15 04:00,32.59,32.3,32.9,49,0.817
2024-06-15 05:00,32.6,32.3,32.9,59,0.983
2024-06-15 06:00,32.57,32.3,32.9,50,0.833
2024-06-15 07:00,32.52,32.2,32.9,60,1.0
2024-06-15 08:00,32.53,32.2,32.8,60,1.0
2024-06-15 09:00,32.54,32.3,32.9,60,1.0
2024-06-15 10:00,32.42,32.2,32.9,60,1.0
2024-06-15 11:00,32.38,32.1,32.7,60,1.0
2024-06-15 12:00,32.4,32.1,32.8,60,1.0
2024-06-15 13:00,32.32,32.1,32.7,60,1.0
2024-06-15 14:00,32.47,32.1,32.7,60,1.0
2024-06-15 15:00,32.37,32.1,32.8,60,1.0
2024-06-15 16:00,32.34,32.0,32.6,60,1.0
2024-06-15 17:00,32.28,32.0,32.7,60,1.0
2024-06-15 18:00,32.26,32.0,32.6,60,1.0
2024-06-15 19:00,32.22,32.0,32.7,60,1.0
2024-06-15 20:00,32.2,32.0,32.5,60,1.0
2024-06-15 21:00,32.27,32.0,32.7,60,1.0
2024-06-15 22:00,32.35,32.0,32.7,60,1.0
2024-06-15 23:00,32.34,32.0,32.6,60,1.0
2024-06-16 00:00,32.24,32.0,32.6,60,1.0
2024-06-16 01:00,32.21,32.0,32.5,60,1.0
2024-06-16 02:00,32.24,32.0,32.6,60,1.0
2024-06-16 03:00,32.24,32.0,32.6,60,1.0
2024-06-16 04:00,32.24,32.0,32.5,60,1.0
2024-06-16 05:00,32.28,32.0,32.6,60,1.0
2024-06-16 06:00,32.24,32.0,32.5,60,1.0
2024-06-16 07:00,32.28,32.0,32.6,60,1.0
2024-06-16 08:00,32.2,31.9,32.6,60,1.0
2024-06-16 09:00,32.21,31.9,32.6,60,1.0
2024-06-16 10:00,32.15,31.8,32.5,60,1.0
2024-06-16 11:00,32.04,31.7,32.3,60,1.0
2024-06-16 12:00,31.96,31.7,32.3,60,1.0
2024-06-16 13:00,31.98,31.7,32.3,60,1.0
2024-06-16 14:00,31.94,31.6,32.3,48,0.8
2024-06-16 15:00,31.77,31.5,32.1,52,0.867
2024-06-16 16:00,31.82,31.6,32.1,57,0.95
2024-06-16 17:00,31.75,31.5,32.1,60,1.0
2024-06-16 18:00,31.78,31.5,32.1,60,1.0
2024-06-16 19:00,31.7,31.4,32.1,60,1.0
2024-06-16 20:00,31.7,31.4,32.0,60,1.0
2024-06-16 21:00,31.65,31.4,31.9,60,1.0
2024-06-16 22:00,31.65,31.4,32.0,60,1.0
2024-06-16 23:00,31.62,31.3,31.9,60,1.0
2024-06-17 00:00,31.57,31.3,31.9,60,1.0
2024-06-17 01:00,31.6,31.3,31.9,60,1.0
2024-06-17 02:00,31.6,31.3,31.9,60,1.0
2024-06-17 03:00,31.57,31.2,31.9,60,1.0
2024-06-17 04:00,31.56,31.3,31.9,60,1.0
2024-06-17 05:00,31.5,31.2,31.8,60,1.0
2024-06-17 06:00,31.48,31.2,31.9,60,1.0
2024-06-17 07:00,31.39,31.1,31.7,60,1.0
2024-06-17 08:00,31.32,31.1,31.6,60,1.0
2024-06-17 09:00,31.35,31.1,31.7,60,1.0
2024-06-17 10:00,31.34,31.1,31.7,60,1.0
2024-06-17 11:00,31.17,31.0,31.6,60,1.0
2024-06-17 12:00,31.17,30.9,31.5,60,1.0
2024-06-17 13:00,31.21,30.9,31.5,60,1.0
2024-06-17 14:00,31.12,30.9,31.5,60,1.0
2024-06-17 15:00,31.15,30.9,31.4,60,1.0
2024-06-17 16:00,31.14,30.9,31.4,60,1.0
2024-06-17 17:00,31.13,30.8,31.5,60,1.0
2024-06-17 18:00,31.03,30.8,31.4,60,1.0
2024-06-17 19:00,31.06,30.8,31.3,60,1.0
2024-06-17 20:00,31.06,30.7,31.3,60,1.0
2024-06-17 21:00,31.01,30.7,31.4,60,1.0
2024-06-17 22:00,30.97,30.7,31.3,60,1.0
2024-06-17 23:00,30.93,30.7,31.3,60,1.0
2024-06-18 00:00,30.91,30.6,31.2,60,1.0
2024-06-18 01:00,30.93,30.7,31.1,60,1.0
2024-06-18 02:00,30.94,30.7,31.3,60,1.0
2024-06-18 03:00,30.97,30.7,31.3,60,1.0
2024-06-18 04:00,30.98,30.8,31.3,60,1.0
2024-06-18 05:00,31.05,30.8,31.4,60,1.0
2024-06-18 06:00,31.02,30.7,31.3,60,1.0
2024-06-18 07:00,30.98,30.7,31.4,60,1.0
2024-06-18 08:00,30.94,30.7,31.3,56,0.933
2024-06-18 09:00,31.08,30.8,31.4,49,0.817
2024-06-18 10:00,30.95,30.7,31.4,60,1.0
2024-06-18 11:00,30.83,30.6,31.2,60,1.0
2024-06-18 12:00,30.75,30.5,31.0,60,1.0
2024-06-18 13:00,30.79,30.5,31.3,60,1.0
2024-06-18 14:00,30.78,30.5,31.1,60,1.0
2024-06-18 15:00,30.72,30.5,31.1,60,1.0
2024-06-18 16:00,30.7,30.5,31.0,60,1.0
2024-06-18 17:00,30.77,30.5,31.2,60,1.0
2024-06-18 18:00,30.27,29.9,31.0,60,1.0
2024-06-18 19:00,30.32,30.0,30.8,60,1.0
2024-06-18 20:00,30.61,30.4,30.9,60,1.0
2024-06-18 21:00,30.61,30.3,30.9,60,1.0
2024-06-18 22:00,30.56,30.1,30.9,60,1.0
2024-06-18 23:00,30.57,30.2,30.9,60,1.0
2024-06-19 00:00,30.55,30.3,30.9,60,1.0
2024-06-19 01:00,30.52,30.3,30.9,60,1.0
2024-06-19 02:00,30.54,30.3,30.8,60,1.0
2024-06-19 03:00,30.54,30.3,31.0,60,1.0
2024-06-19 04:00,30.52,30.3,30.8,60,1.0
2024-06-19 05:00,30.46,30.2,30.8,60,1.0
2024-06-19 06:00,30.49,30.2,30.9,60,1.0
2024-06-19 07:00,30.53,30.1,30.9,60,1.0
2024-06-19 08:00,30.48,30.2,30.7,60,1.0
2024-06-19 09:00,30.42,30.2,30.7,60,1.0
2024-06-19 10:00,30.45,30.2,30.8,60,1.0
2024-06-19 11:00,30.46,30.1,30.7,60,1.0
2024-06-19 12:00,30.3,30.1,30.7,60,1.0
2024-06-19 13:00,30.24,30.0,30.5,60,1.0
2024-06-19 14:00,30.25,30.0,30.5,60,1.0
2024-06-19 15:00,30.19,29.9,30.5,60,1.0
2024-06-19 16:00,30.16,29.9,30.5,60,1.0
2024-06-19 17:00,30.1,29.9,30.4,60,1.0
2024-06-19 18:00,30.08,29.8,30.4,60,1.0
2024-06-19 19:00,30.1,29.9,30.5,60,1.0
2024-06-19 20:00,30.16,29.9,30.5,60,1.0
2024-06-19 21:00,30.2,29.9,30.5,60,1.0
2024-06-19 22:00,30.25,30.0,30.6,60,1.0
2024-06-19 23:00,30.25,30.0,30.6,60,1.0
2024-06-20 00:00,30.14,29.9,30.6,60,1.0
2024-06-20 01:00,30.12,29.9,30.4,60,1.0
2024-06-20 02:00,30.12,29.9,30.4,60,1.0
2024-06-20 03:00,30.14,29.9,30.4,60,1.0
2024-06-20 04:00,30.12,29.9,30.4,60,1.0
2024-06-20 05:00,30.01,29.6,30.4,52,0.867
2024-06-20 06:00,30.01,29.8,30.4,54,0.9
2024-06-20 07:00,29.96,29.7,30.3,60,1.0
2024-06-20 08:00,29.94,29.6,30.2,60,1.0
2024-06-20 09:00,29.92,29.7,30.3,60,1.0
2024-06-20 10:00,29.91,29.6,30.2,60,1.0
2024-06-20 11:00,29.86,29.6,30.1,60,1.0
2024-06-20 12:00,29.79,29.5,30.1,60,1.0
2024-06-20 13:00,29.66,29.4,29.9,60,1.0
2024-06-20 14:00,29.66,29.4,30.0,60,1.0
2024-06-20 15:00,29.68,29.4,30.0,60,1.0
2024-06-20 16:00,29.57,29.3,29.9,60,1.0
2024-06-20 17:00,29.6,29.4,30.0,60,1.0
2024-06-20 18:00,29.61,29.3,29.9,60,1.0
2024-06-20 19:00,29.57,29.4,29.9,60,1.0
2024-06-20 20:00,29.52,29.3,29.8,60,1.0
2024-06-20 21:00,29.51,29.3,29.8,60,1.0
2024-06-20 22:00,29.57,29.3,29.9,60,1.0
2024-06-20 23:00,29.61,29.3,29.9,60,1.0
2024-06-21 00:00,29.65,29.4,29.9,60,1.0
2024-06-21 01:00,29.67,29.4,30.0,60,1.0
2024-06-21 02:00,29.64,29.4,30.0,60,1.0
2024-06-21 03:00,29.65,29.4,30.0,60,1.0
2024-06-21 04:00,29.68,29.4,30.0,60,1.0
2024-06-21 05:00,29.67,29.4,30.0,60,1.0
2024-06-21 06:00,29.65,29.4,30.0,59,0.983
2024-06-21 07:00,29.53,29.3,29.9,60,1.0
2024-06-21 08:00,29.48,29.2,29.7,60,1.0
2024-06-21 09:00,29.51,29.3,29.8,60,1.0
2024-06-21 10:00,29.44,29.2,29.7,60,1.0
2024-06-21 11:00,29.4,29.1,29.7,60,1.0
2024-06-21 12:00,29.33,29.1,29.6,60,1.0
2024-06-21 13:00,29.26,29.0,29.6,60,1.0
2024-06-21 14:00,29.24,28.9,29.6,60,1.0
2024-06-21 15:00,29.12,28.9,29.4,59,0.983
2024-06-21 16:00,29.11,28.8,29.4,60,1.0
2024-06-21 17:00,29.07,28.8,29.4,60,1.0
2024-06-21 18:00,29.0,28.8,29.3,34,0.567
2024-06-21 19:00,29.07,28.8,29.3,59,0.983
2024-06-21 20:00,29.06,28.7,29.3,47,0.783
2024-06-21 21:00,28.92,28.7,29.2,45,0.75
2024-06-21 22:00,28.95,28.7,29.3,52,0.867
2024-06-21 23:00,28.95,28.7,29.2,60,1.0
2024-06-22 00:00,29.0,28.7,29.4,60,1.0
2024-06-22 01:00,28.99,28.7,29.3,59,0.983
2024-06-22 02:00,29.01,28.7,29.4,60,1.0
2024-06-22 03:00,29.04,28.8,29.3,60,1.0
2024-06-22 04:00,29.05,28.7,29.4,60,1.0
2024-06-22 05:00,29.07,28.8,29.3,60,1.0
2024-06-22 06:00,29.05,28.7,29.4,60,1.0
2024-06-22 07:00,28.88,28.6,29.2,60,1.0
2024-06-22 08:00,28.81,28.6,29.1,60,1.0
2024-06-22 09:00,28.88,28.7,29.2,60,1.0
2024-06-22 10:00,28.93,28.7,29.3,60,1.0
2024-06-22 11:00,28.99,28.7,29.3,60,1.0
2024-06-22 12:00,28.9,28.7,29.2,60,1.0
2024-06-22 13:00,28.97,28.7,29.3,60,1.0
2024-06-22 14:00,28.89,28.7,29.2,60,1.0
2024-06-22 15:00,28.85,28.6,29.1,53,0.883
2024-06-22 16:00,28.83,28.6,29.2,60,1.0
2024-06-22 17:00,28.84,28.6,29.2,60,1.0
2024-06-22 18:00,28.92,28.6,29.2,60,1.0
2024-06-22 19:00,28.96,28.7,29.3,60,1.0
2024-06-22 20:00,28.9,28.6,29.2,60,1.0
2024-06-22 21:00,28.91,28.7,29.2,60,1.0
2024-06-22 22:00,28.93,28.7,29.2,52,0.867
2024-06-22 23:00,28.95,28.6,29.3,54,0.9
2024-06-23 00:00,29.0,28.7,29.3,60,1.0
2024-06-23 01:00,29.08,28.8,29.4,33,0.55
2024-06-23 18:00,29.04,28.8,29.3,33,0.55
2024-06-23 19:00,29.02,28.8,29.3,60,1.0
2024-06-23 20:00,29.0,28.8,29.3,60,1.0
2024-06-23 21:00,29.02,28.8,29.3,60,1.0
2024-06-23 22:00,29.06,28.8,29.4,60,1.0
2024-06-23 23:00,29.15,28.9,29.5,60,1.0
2024-06-24 00:00,29.18,28.9,29.4,60,1.0
2024-06-24 01:00,29.17,28.9,29.5,60,1.0
2024-06-24 02:00,29.15,28.9,29.5,60,1.0
2024-06-24 03:00,29.16,28.9,29.5,60,1.0
2024-06-24 04:00,29.16,28.9,29.5,60,1.0
2024-06-24 05:00,29.15,28.9,29.5,60,1.0
2024-06-24 06:00,29.17,28.9,29.5,60,1.0
2024-06-24 07:00,29.15,28.9,29.5,60,1.0
2024-06-24 08:00,29.07,28.8,29.4,59,0.983
2024-06-24 09:00,29.06,28.8,29.3,60,1.0
2024-06-24 10:00,29.03,28.8,29.3,60,1.0
2024-06-24 11:00,29.05,28.8,29.4,60,1.0
2024-06-24 12:00,28.98,28.8,29.3,60,1.0
2024-06-24 13:00,29.02,28.8,29.3,60,1.0
2024-06-24 14:00,29.02,28.8,29.4,60,1.0
2024-06-24 15:00,29.05,28.7,29.3,59,0.983
2024-06-24 16:00,28.99,28.7,29.2,59,0.983
2024-06-24 17:00,28.94,28.7,29.3,60,1.0
2024-06-24 18:00,29.04,28.7,29.4,60,1.0
2024-06-24 19:00,28.97,28.7,29.3,60,1.0
2024-06-24 20:00,28.86,28.7,29.2,60,1.0
2024-06-24 21:00,28.88,28.6,29.2,60,1.0
2024-06-24 22:00,28.9,28.7,29.3,59,0.983
2024-06-24 23:00,28.98,28.7,29.4,60,1.0
2024-06-25 00:00,28.98,28.7,29.3,60,1.0
2024-06-25 01:00,29.01,28.7,29.3,60,1.0
2024-06-25 02:00,29.05,28.7,29.3,59,0.983
2024-06-25 03:00,29.03,28.7,29.4,60,1.0
2024-06-25 04:00,29.0,28.7,29.3,60,1.0
2024-06-25 05:00,29.02,28.7,29.3,60,1.0
2024-06-25 06:00,29.04,28.7,29.4,60,1.0
2024-06-25 07:00,29.02,28.7,29.3,59,0.983
2024-06-25 08:00,28.93,28.7,29.2,59,0.983
2024-06-25 09:00,29.04,28.7,29.3,60,1.0
2024-06-25 10:00,28.96,28.4,29.3,60,1.0
2024-06-25 11:00,27.0,26.5,28.5,60,1.0
2024-06-25 12:00,26.72,26.6,27.0,60,1.0
2024-06-25 13:00,26.76,26.5,26.9,60,1.0
2024-06-25 14:00,26.72,26.6,26.9,60,1.0
2024-06-25 15:00,26.74,26.6,27.0,60,1.0
2024-06-25 16:00,26.87,26.7,27.1,59,0.983
2024-06-25 17:00,27.0,26.8,27.3,60,1.0
2024-06-25 18:00,27.17,27.0,27.5,60,1.0
2024-06-25 19:00,27.33,27.2,27.6,60,1.0
2024-06-25 20:00,27.51,27.3,27.7,60,1.0
2024-06-25 21:00,27.68,27.5,27.9,60,1.0
2024-06-25 22:00,27.83,27.6,28.2,54,0.9
2024-06-25 23:00,27.98,27.8,28.2,59,0.983
2024-06-26 00:00,28.11,27.9,28.4,54,0.9
2024-06-26 01:00,28.29,28.1,28.5,54,0.9
2024-06-26 02:00,28.38,28.2,28.6,60,1.0
2024-06-26 03:00,28.49,28.3,28.6,60,1.0
2024-06-26 04:00,28.57,28.4,28.8,60,1.0
2024-06-26 05:00,28.66,28.5,28.9,60,1.0
2024-06-26 06:00,28.72,28.6,28.9,60,1.0
2024-06-26 07:00,28.78,28.7,29.0,60,1.0
2024-06-26 08:00,28.91,28.7,29.1,60,1.0
2024-06-26 09:00,28.91,28.8,29.4,60,1.0
2024-06-26 10:00,28.96,28.8,29.2,60,1.0
2024-06-26 11:00,28.98,28.8,29.3,60,1.0
2024-06-26 12:00,29.0,28.8,29.2,60,1.0
2024-06-26 13:00,29.0,28.8,29.2,57,0.95
2024-06-26 14:00,29.09,28.9,29.5,60,1.0
2024-06-26 15:00,29.29,29.0,29.5,60,1.0
2024-06-26 16:00,29.37,29.1,29.7,60,1.0
2024-06-26 17:00,29.38,29.2,29.7,60,1.0
2024-06-26 18:00,29.46,29.2,29.7,60,1.0
2024-06-26 19:00,29.43,29.2,29.7,60,1.0
2024-06-26 20:00,29.45,29.3,29.7,60,1.0
2024-06-26 21:00,29.57,29.3,29.9,60,1.0
2024-06-26 22:00,29.63,29.4,29.9,60,1.0
2024-06-26 23:00,29.64,29.4,30.0,60,1.0
2024-06-27 00:00,29.64,29.5,29.9,60,1.0
2024-06-27 01:00,29.75,29.5,30.1,60,1.0
2024-06-27 02:00,29.78,29.6,30.0,60,1.0
2024-06-27 03:00,29.83,29.6,30.3,60,1.0
2024-06-27 04:00,29.86,29.6,30.1,60,1.0
2024-06-27 05:00,29.89,29.7,30.2,60,1.0
2024-06-27 06:00,29.94,29.6,30.4,60,1.0
2024-06-27 07:00,29.89,29.7,30.2,60,1.0
2024-06-27 08:00,29.95,29.8,30.2,59,0.983
2024-06-27 09:00,30.13,29.8,30.4,60,1.0
2024-06-27 10:00,30.22,30.0,30.4,58,0.967
2024-06-27 11:00,30.35,30.1,30.6,48,0.8
2024-06-27 12:00,30.51,30.3,30.7,59,0.983
2024-06-27 13:00,30.66,30.4,31.0,58,0.967
2024-06-27 14:00,30.75,30.5,31.2,60,1.0
2024-06-27 15:00,30.74,30.5,31.0,60,1.0
2024-06-27 16:00,30.64,30.4,31.0,60,1.0
2024-06-27 17:00,30.62,30.4,31.0,60,1.0
2024-06-27 18:00,30.6,30.3,30.9,60,1.0
2024-06-27 19:00,30.53,30.3,30.8,60,1.0
2024-06-27 20:00,30.57,30.3,31.0,60,1.0
2024-06-27 21:00,30.62,30.3,30.9,60,1.0
2024-06-27 22:00,30.64,30.4,30.9,60,1.0
2024-06-27 23:00,30.6,30.4,30.9,60,1.0
2024-06-28 00:00,30.63,30.4,31.0,60,1.0
2024-06-28 01:00,30.7,30.4,31.0,60,1.0
2024-06-28 02:00,30.69,30.5,31.0,60,1.0
2024-06-28 03:00,30.75,30.5,31.0,60,1.0
2024-06-28 04:00,30.73,30.5,31.1,60,1.0
2024-06-28 05:00,30.74,30.4,31.0,60,1.0
2024-06-28 06:00,30.71,30.4,31.1,60,1.0
2024-06-28 07:00,30.73,30.4,31.1,60,1.0
2024-06-28 08:00,30.72,30.5,31.1,59,0.983
2024-06-28 09:00,30.88,30.6,31.2,60,1.0
2024-06-28 10:00,30.85,30.6,31.1,60,1.0
2024-06-28 11:00,30.81,30.5,31.1,60,1.0
2024-06-28 12:00,30.74,30.5,31.2,60,1.0
2024-06-28 13:00,30.78,30.5,31.2,60,1.0
2024-06-28 14:00,30.7,30.5,31.1,60,1.0
2024-06-28 15:00,30.69,30.4,31.1,60,1.0
2024-06-28 16:00,30.64,30.4,31.0,60,1.0
2024-06-28 17:00,30.66,30.4,31.0,60,1.0
2024-06-28 18:00,30.57,30.4,30.9,59,0.983
2024-06-28 19:00,30.57,30.3,30.9,47,0.783
2024-06-28 20:00,30.53,30.2,30.9,60,1.0
2024-06-28 21:00,30.42,30.2,30.7,59,0.983
2024-06-28 22:00,30.42,30.2,30.7,60,1.0
2024-06-28 23:00,30.52,30.2,30.8,60,1.0
2024-06-29 00:00,30.52,30.2,30.8,60,1.0
2024-06-29 01:00,30.54,30.2,30.9,60,1.0
2024-06-29 02:00,30.4,29.9,30.7,60,1.0
2024-06-29 03:00,30.46,30.1,30.9,60,1.0
2024-06-29 04:00,30.52,30.3,30.8,60,1.0
2024-06-29 05:00,30.52,30.3,30.8,60,1.0
2024-06-29 06:00,30.51,30.3,30.8,60,1.0
2024-06-29 07:00,30.41,30.2,30.7,59,0.983
2024-06-29 08:00,30.4,30.1,30.7,60,1.0
2024-06-29 09:00,30.5,30.3,30.9,59,0.983
2024-06-29 10:00,30.53,30.3,30.9,60,1.0
2024-06-29 11:00,30.49,30.2,30.8,59,0.983
2024-06-29 12:00,30.5,30.2,30.8,60,1.0
2024-06-29 13:00,30.44,30.2,30.7,58,0.967
2024-06-29 14:00,30.33,30.1,30.6,59,0.983
2024-06-29 15:00,30.34,30.1,30.6,59,0.983
2024-06-29 16:00,30.31,30.1,30.6,58,0.967
2024-06-29 17:00,30.3,30.0,30.6,54,0.9
2024-06-29 18:00,30.23,30.0,30.5,59,0.983
2024-06-29 19:00,30.28,30.0,30.7,60,1.0
2024-06-29 20:00,30.12,29.9,30.4,60,1.0
2024-06-29 21:00,30.18,29.9,30.6,60,1.0
2024-06-29 22:00,30.04,29.8,30.4,60,1.0
2024-06-29 23:00,29.98,29.6,30.4,60,1.0
2024-06-30 00:00,29.99,29.7,30.2,60,1.0
2024-06-30 01:00,30.02,29.8,30.2,57,0.95
2024-06-30 02:00,30.02,29.8,30.4,48,0.8
2024-06-30 03:00,30.09,29.9,30.4,59,0.983
2024-06-30 04:00,30.17,29.9,30.5,58,0.967
2024-06-30 05:00,30.24,30.0,30.5,59,0.983
2024-06-30 06:00,30.2,29.9,30.5,60,1.0
2024-06-30 07:00,30.14,29.9,30.5,60,1.0
2024-06-30 08:00,30.01,29.8,30.3,60,1.0
2024-06-30 09:00,30.22,29.9,30.5,60,1.0
2024-06-30 10:00,30.17,29.9,30.5,60,1.0
2024-06-30 11:00,30.15,29.9,30.5,60,1.0
2024-06-30 12:00,30.1,29.8,30.4,60,1.0
2024-06-30 13:00,30.06,29.8,30.4,60,1.0
2024-06-30 14:00,30.04,29.8,30.3,60,1.0
2024-06-30 15:00,30.04,29.7,30.3,60,1.0
2024-06-30 16:00,29.96,29.7,30.3,60,1.0
2024-06-30 17:00,29.88,29.7,30.1,60,1.0
2024-06-30 18:00,29.9,29.7,30.2,59,0.983
2024-06-30 19:00,29.96,29.7,30.2,60,1.0
2024-06-30 20:00,29.94,29.6,30.2,60,1.0
2024-06-30 21:00,29.9,29.7,30.2,60,1.0
2024-06-30 22:00,29.91,29.7,30.3,60,1.0
2024-06-30 23:00,29.98,29.7,30.3,60,1.0
2024-07-01 00:00,29.93,29.7,30.3,60,1.0
2024-07-01 01:00,30.04,29.8,30.2,60,1.0
2024-07-01 02:00,30.0,29.7,30.3,60,1.0
2024-07-01 03:00,30.05,29.8,30.4,60,1.0
2024-07-01 04:00,30.08,29.8,30.4,60,1.0
2024-07-01 05:00,30.06,29.8,30.3,60,1.0
2024-07-01 06:00,30.06,29.8,30.3,60,1.0
2024-07-01 07:00,30.0,29.7,30.3,60,1.0
2024-07-01 08:00,30.03,29.7,30.3,60,1.0
2024-07-01 09:00,30.06,29.8,30.3,60,1.0
2024-07-01 10:00,30.0,29.7,30.4,59,0.983
2024-07-01 11:00,29.96,29.7,30.3,57,0.95
2024-07-01 12:00,29.91,29.7,30.2,52,0.867
2024-07-01 13:00,29.83,29.6,30.3,60,1.0
2024-07-01 14:00,29.81,29.6,30.1,60,1.0
2024-07-01 15:00,29.79,29.5,30.1,60,1.0
2024-07-01 16:00,29.77,29.5,30.1,60,1.0
2024-07-01 17:00,29.76,29.5,30.1,60,1.0
2024-07-01 18:00,29.8,29.5,30.1,60,1.0
2024-07-01 19:00,29.72,29.5,30.1,60,1.0
2024-07-01 20:00,29.72,29.5,30.3,60,1.0
2024-07-01 21:00,29.81,29.5,30.0,59,0.983
2024-07-01 22:00,29.71,29.5,30.0,60,1.0
2024-07-01 23:00,29.76,29.5,30.0,60,1.0
2024-07-02 00:00,29.72,29.5,30.3,60,1.0
2024-07-02 01:00,29.88,29.6,30.2,60,1.0
2024-07-02 02:00,29.79,29.6,30.0,60,1.0
2024-07-02 03:00,29.83,29.6,30.1,60,1.0
2024-07-02 04:00,29.86,29.6,30.2,52,0.867
2024-07-02 08:00,29.49,29.3,29.8,18,0.3
2024-07-02 09:00,29.72,29.5,30.0,60,1.0
2024-07-02 10:00,29.75,29.5,30.0,60,1.0
2024-07-02 11:00,29.63,29.4,29.9,60,1.0
2024-07-02 12:00,29.62,29.4,29.9,60,1.0
2024-07-02 13:00,29.62,29.4,30.0,60,1.0
2024-07-02 14:00,29.67,29.4,30.1,60,1.0
2024-07-02 15:00,29.53,29.3,29.8,60,1.0
2024-07-02 16:00,29.54,29.3,29.8,60,1.0
2024-07-02 17:00,29.56,29.3,29.9,60,1.0
2024-07-02 18:00,29.52,29.3,29.9,60,1.0
2024-07-02 19:00,29.49,29.3,29.7,60,1.0
2024-07-02 20:00,29.53,29.3,29.9,60,1.0
2024-07-02 21:00,29.62,29.3,29.9,57,0.95
2024-07-02 22:00,29.65,29.4,30.0,53,0.883
2024-07-02 23:00,29.75,29.5,30.0,60,1.0
2024-07-03 00:00,29.7,29.4,30.0,60,1.0
2024-07-03 01:00,29.67,29.4,30.0,60,1.0
2024-07-03 02:00,29.64,29.4,30.0,60,1.0
2024-07-03 03:00,29.67,29.4,30.0,60,1.0
2024-07-03 04:00,29.74,29.5,30.0,60,1.0
2024-07-03 05:00,29.81,29.5,30.1,60,1.0
2024-07-03 06:00,29.82,29.5,30.2,60,1.0
2024-07-03 07:00,29.8,29.6,30.0,60,1.0
2024-07-03 08:00,29.73,29.5,30.0,60,1.0
2024-07-03 09:00,29.77,29.5,30.1,60,1.0
2024-07-03 10:00,29.77,29.5,30.1,60,1.0
2024-07-03 11:00,29.73,29.5,30.0,60,1.0
2024-07-03 12:00,29.73,29.5,30.0,60,1.0
2024-07-03 13:00,29.67,29.5,29.9,60,1.0
2024-07-03 14:00,29.67,29.4,30.0,60,1.0
2024-07-03 15:00,29.43,27.3,29.9,60,1.0
2024-07-03 16:00,27.47,27.3,27.7,60,1.0
2024-07-03 17:00,27.7,27.4,28.0,60,1.0
2024-07-03 18:00,27.86,27.7,28.1,60,1.0
2024-07-03 19:00,28.05,27.8,28.4,60,1.0
2024-07-03 20:00,28.5,28.2,28.8,60,1.0
2024-07-03 21:00,29.02,28.7,29.3,60,1.0
2024-07-03 22:00,29.44,29.1,29.7,60,1.0
2024-07-03 23:00,29.82,29.5,30.1,60,1.0
2024-07-04 00:00,30.12,29.8,30.4,59,0.983
2024-07-04 01:00,30.39,30.1,30.6,44,0.733
2024-07-04 02:00,30.64,30.3,30.9,60,1.0
2024-07-04 03:00,30.81,30.6,31.1,60,1.0
2024-07-04 04:00,30.98,30.7,31.3,59,0.983
2024-07-04 05:00,31.09,30.9,31.3,60,1.0
2024-07-04 06:00,31.23,31.0,31.5,59,0.983
2024-07-04 07:00,31.31,31.1,31.6,60,1.0
2024-07-04 08:00,31.49,31.3,31.7,60,1.0
2024-07-04 09:00,31.53,31.3,31.8,60,1.0
2024-07-04 10:00,31.46,31.3,31.6,60,1.0
2024-07-04 11:00,31.47,31.3,31.7,60,1.0
2024-07-04 12:00,31.54,31.4,31.8,60,1.0
2024-07-04 13:00,31.55,31.4,31.9,60,1.0
2024-07-04 14:00,31.61,31.4,31.8,60,1.0
2024-07-04 15:00,31.56,31.4,31.9,60,1.0
2024-07-04 16:00,31.53,31.4,31.9,60,1.0
2024-07-04 17:00,31.54,31.4,31.7,60,1.0
2024-07-04 18:00,31.62,31.4,31.9,60,1.0
2024-07-04 19:00,31.68,31.5,31.9,60,1.0
2024-07-04 20:00,31.61,31.5,31.9,60,1.0
2024-07-04 21:00,31.6,31.5,31.8,60,1.0
2024-07-04 22:00,31.67,31.5,31.9,60,1.0
2024-07-04 23:00,31.74,31.5,32.1,60,1.0
2024-07-05 00:00,31.81,31.6,32.0,60,1.0
2024-07-05 01:00,31.8,31.6,32.2,60,1.0
2024-07-05 02:00,31.88,31.6,32.2,60,1.0
2024-07-05 03:00,31.88,31.7,32.1,60,1.0
2024-07-05 04:00,31.89,31.7,32.1,60,1.0
2024-07-05 05:00,31.93,31.8,32.2,60,1.0
2024-07-05 06:00,31.95,31.8,32.2,60,1.0
2024-07-05 07:00,31.98,31.8,32.3,60,1.0
2024-07-05 08:00,31.98,31.8,32.2,60,1.0
2024-07-05 09:00,31.95,31.8,32.1,60,1.0
2024-07-05 10:00,32.19,31.9,32.4,60,1.0
2024-07-05 11:00,32.16,32.0,32.6,60,1.0
2024-07-05 12:00,32.25,32.0,32.5,54,0.9
2024-07-05 13:00,32.43,32.2,32.8,55,0.917
2024-07-05 14:00,32.54,32.3,32.8,60,1.0
2024-07-05 15:00,32.5,32.3,32.8,60,1.0
2024-07-05 16:00,32.55,32.3,32.9,60,1.0
2024-07-05 17:00,32.54,32.3,32.9,60,1.0
2024-07-05 18:00,32.51,32.3,32.9,60,1.0
2024-07-05 19:00,32.5,32.3,32.8,60,1.0
2024-07-05 20:00,32.58,32.3,32.9,60,1.0
2024-07-05 21:00,32.54,32.3,32.9,60,1.0
2024-07-05 22:00,32.49,32.3,32.8,60,1.0
2024-07-05 23:00,32.51,32.3,32.8,60,1.0
2024-07-06 00:00,32.61,32.3,32.9,60,1.0
2024-07-06 01:00,32.65,32.3,32.9,60,1.0
2024-07-06 02:00,32.65,32.4,32.9,60,1.0
2024-07-06 03:00,32.68,32.4,33.0,60,1.0
2024-07-06 04:00,32.74,32.4,33.0,60,1.0
2024-07-06 05:00,32.72,32.4,33.1,60,1.0
2024-07-06 06:00,32.77,32.5,33.0,60,1.0
2024-07-06 07:00,32.71,32.5,33.0,60,1.0
2024-07-06 08:00,32.76,32.5,33.1,60,1.0
2024-07-06 09:00,32.87,32.6,33.2,60,1.0
2024-07-06 10:00,32.81,32.6,33.1,60,1.0
2024-07-06 11:00,32.83,32.6,33.1,60,1.0
2024-07-06 12:00,32.84,32.6,33.2,60,1.0
2024-07-06 13:00,32.83,32.6,33.1,60,1.0
2024-07-06 14:00,32.94,32.7,33.2,60,1.0
2024-07-06 15:00,32.92,32.6,33.4,59,0.983
2024-07-06 16:00,32.83,32.6,33.2,60,1.0
2024-07-06 17:00,32.83,32.6,33.3,60,1.0
2024-07-06 18:00,32.8,32.5,33.1,42,0.7
2024-07-06 19:00,32.74,32.5,33.0,60,1.0
2024-07-06 20:00,32.84,32.6,33.2,60,1.0
2024-07-06 21:00,32.84,32.6,33.2,60,1.0
2024-07-06 22:00,32.79,32.6,33.1,60,1.0
2024-07-06 23:00,32.82,32.6,33.0,60,1.0
2024-07-07 00:00,32.86,32.6,33.2,60,1.0
2024-07-07 01:00,32.93,32.7,33.2,60,1.0
2024-07-07 02:00,33.02,32.7,33.3,60,1.0
2024-07-07 03:00,32.99,32.8,33.3,60,1.0
2024-07-07 04:00,33.04,32.7,33.3,60,1.0
2024-07-07 05:00,33.06,32.7,33.4,60,1.0
2024-07-07 06:00,33.06,32.8,33.4,60,1.0
2024-07-07 07:00,32.93,32.7,33.3,60,1.0
2024-07-07 08:00,32.91,32.6,33.2,60,1.0
2024-07-07 09:00,32.94,32.7,33.5,60,1.0
2024-07-07 10:00,32.82,32.6,33.1,60,1.0
2024-07-07 11:00,32.79,32.5,33.2,60,1.0
2024-07-07 12:00,32.69,32.4,33.0,60,1.0
2024-07-07 13:00,32.7,32.4,33.0,60,1.0
2024-07-07 14:00,32.6,32.4,33.0,60,1.0
2024-07-07 15:00,32.6,32.4,32.9,60,1.0
2024-07-07 16:00,32.69,32.4,33.0,60,1.0
2024-07-07 17:00,32.56,32.3,32.9,60,1.0
2024-07-07 18:00,32.63,32.3,32.9,60,1.0
2024-07-07 19:00,32.45,32.2,32.7,60,1.0
2024-07-07 20:00,32.44,32.2,32.8,60,1.0
2024-07-07 21:00,32.6,32.3,33.0,60,1.0
2024-07-07 22:00,32.64,32.3,33.0,60,1.0
2024-07-07 23:00,32.6,32.3,33.0,60,1.0
2024-07-08 00:00,32.56,32.3,32.8,60,1.0
2024-07-08 01:00,32.57,32.3,32.8,60,1.0
2024-07-08 02:00,32.67,32.4,33.1,60,1.0
2024-07-08 03:00,32.72,32.4,33.1,60,1.0
2024-07-08 04:00,32.74,32.5,33.2,60,1.0
2024-07-08 05:00,32.77,32.5,33.0,48,0.8
2024-07-08 06:00,32.7,32.4,33.0,57,0.95
2024-07-08 07:00,32.62,32.4,32.9,60,1.0
2024-07-08 08:00,32.6,32.3,32.9,60,1.0
2024-07-08 09:00,32.57,32.3,32.9,60,1.0
2024-07-08 10:00,32.52,32.2,32.8,60,1.0
2024-07-08 11:00,32.33,32.1,32.7,60,1.0
2024-07-08 12:00,32.29,32.0,32.6,60,1.0
2024-07-08 13:00,32.23,31.9,32.5,60,1.0
2024-07-08 14:00,32.08,31.8,32.4,60,1.0
2024-07-08 15:00,32.15,31.9,32.5,60,1.0
2024-07-08 16:00,32.13,31.9,32.4,60,1.0
2024-07-08 17:00,32.17,31.9,32.5,60,1.0
2024-07-08 18:00,32.18,31.9,32.4,60,1.0
2024-07-08 19:00,32.13,31.9,32.5,60,1.0
2024-07-08 20:00,32.08,31.8,32.4,60,1.0
2024-07-08 21:00,32.08,31.9,32.3,60,1.0
2024-07-08 22:00,32.18,31.9,32.5,60,1.0
2024-07-08 23:00,32.14,31.8,32.5,60,1.0
2024-07-09 00:00,32.07,31.8,32.4,60,1.0
2024-07-09 01:00,32.05,31.9,32.3,60,1.0
2024-07-09 02:00,32.05,31.8,32.4,60,1.0
2024-07-09 03:00,32.08,31.9,32.3,60,1.0
2024-07-09 04:00,32.13,31.9,32.5,60,1.0
2024-07-09 05:00,32.09,31.8,32.5,60,1.0
2024-07-09 06:00,32.05,31.9,32.3,60,1.0
2024-07-09 07:00,31.98,31.7,32.3,60,1.0
2024-07-09 08:00,31.85,31.6,32.2,60,1.0
2024-07-09 09:00,31.85,31.4,32.1,56,0.933
2024-07-09 10:00,31.83,31.5,32.1,55,0.917
2024-07-09 11:00,31.72,31.4,32.0,44,0.733
2024-07-09 12:00,31.68,31.4,32.0,56,0.933
2024-07-09 13:00,31.56,31.3,31.9,54,0.9
2024-07-09 14:00,31.44,31.2,31.7,60,1.0
2024-07-09 15:00,31.45,31.2,31.7,60,1.0
2024-07-09 16:00,31.36,31.2,31.8,60,1.0
2024-07-09 17:00,31.43,31.2,31.8,60,1.0
2024-07-09 18:00,31.38,31.1,31.7,60,1.0
2024-07-09 19:00,31.39,31.1,31.7,60,1.0
2024-07-09 20:00,31.33,31.1,31.7,60,1.0
2024-07-09 21:00,31.26,31.1,31.6,60,1.0
2024-07-09 22:00,31.35,31.1,31.7,60,1.0
2024-07-09 23:00,31.31,31.0,31.7,60,1.0
2024-07-10 00:00,31.36,31.1,31.7,60,1.0
2024-07-10 01:00,31.39,31.1,31.7,60,1.0
2024-07-10 02:00,31.31,31.1,31.6,60,1.0
2024-07-10 03:00,31.35,31.1,31.7,60,1.0
2024-07-10 04:00,31.28,31.1,31.5,60,1.0
2024-07-10 05:00,31.31,31.1,31.6,60,1.0
2024-07-10 06:00,31.29,31.1,31.6,60,1.0
2024-07-10 07:00,31.23,30.9,31.6,60,1.0
2024-07-10 08:00,31.11,30.8,31.4,60,1.0
2024-07-10 09:00,31.1,30.9,31.4,60,1.0
2024-07-10 10:00,31.02,30.8,31.4,60,1.0
2024-07-10 11:00,30.89,30.6,31.2,60,1.0
2024-07-10 12:00,30.81,30.5,31.1,60,1.0
2024-07-10 13:00,30.73,30.5,31.0,60,1.0
2024-07-10 14:00,30.68,30.4,31.0,60,1.0
2024-07-10 15:00,30.63,30.4,31.0,60,1.0
2024-07-10 16:00,30.55,30.3,30.9,59,0.983
2024-07-10 17:00,30.56,30.3,30.8,60,1.0
2024-07-10 18:00,30.57,30.3,31.0,60,1.0
2024-07-10 19:00,30.57,30.3,30.9,60,1.0
2024-07-10 20:00,30.53,30.3,30.9,60,1.0
2024-07-10 21:00,30.5,30.2,30.8,59,0.983
2024-07-10 22:00,30.42,30.2,30.7,60,1.0
2024-07-10 23:00,30.52,30.2,30.8,60,1.0
2024-07-11 00:00,30.54,30.3,30.9,60,1.0
2024-07-11 01:00,30.63,30.4,31.0,60,1.0
2024-07-11 02:00,30.63,30.4,31.0,60,1.0
2024-07-11 03:00,30.6,30.4,30.9,60,1.0
2024-07-11 04:00,30.68,30.4,31.0,59,0.983
2024-07-11 05:00,30.69,30.4,31.0,59,0.983
2024-07-11 06:00,30.7,30.4,31.0,60,1.0
2024-07-11 07:00,30.51,30.3,30.9,60,1.0
2024-07-11 08:00,30.44,30.1,30.8,60,1.0
2024-07-11 09:00,30.49,30.2,30.8,60,1.0
2024-07-11 10:00,30.31,30.1,30.6,60,1.0
2024-07-11 11:00,30.24,30.0,30.5,60,1.0
2024-07-11 12:00,30.08,29.9,30.3,60,1.0
2024-07-11 13:00,30.06,29.8,30.3,60,1.0
2024-07-11 14:00,30.08,29.8,30.4,60,1.0
2024-07-11 15:00,29.98,29.7,30.4,60,1.0
2024-07-11 16:00,29.88,29.7,30.1,60,1.0
2024-07-11 17:00,29.96,29.7,30.3,60,1.0
2024-07-11 18:00,29.98,29.7,30.3,60,1.0
2024-07-11 19:00,29.96,29.7,30.2,60,1.0
2024-07-11 20:00,30.0,29.7,30.2,58,0.967
2024-07-11 21:00,29.86,29.5,30.2,48,0.8
2024-07-11 22:00,29.86,29.5,30.2,58,0.967
2024-07-11 23:00,29.93,29.7,30.3,60,1.0
2024-07-12 00:00,29.83,29.2,30.3,60,1.0
2024-07-12 01:00,30.04,29.8,30.4,60,1.0
2024-07-12 02:00,30.07,29.8,30.3,60,1.0
2024-07-12 03:00,30.07,29.8,30.4,60,1.0
2024-07-12 04:00,30.12,29.9,30.4,60,1.0
2024-07-12 05:00,30.11,29.8,30.4,60,1.0
2024-07-12 06:00,30.13,29.8,30.4,60,1.0
2024-07-12 07:00,30.01,29.7,30.3,60,1.0
2024-07-12 08:00,29.89,29.6,30.2,60,1.0
2024-07-12 09:00,29.88,29.6,30.1,60,1.0
2024-07-12 10:00,29.81,29.5,30.2,60,1.0
2024-07-12 11:00,29.68,29.4,29.9,60,1.0
2024-07-12 12:00,29.58,29.3,29.9,60,1.0
2024-07-12 13:00,29.48,29.3,29.8,60,1.0
2024-07-12 14:00,29.46,29.3,29.8,60,1.0
2024-07-12 15:00,29.49,29.2,29.7,60,1.0
2024-07-12 16:00,29.42,29.1,29.7,60,1.0
2024-07-12 17:00,29.46,29.2,29.8,60,1.0
2024-07-12 18:00,29.44,29.2,29.9,59,0.983
2024-07-12 19:00,29.56,29.3,29.9,60,1.0
2024-07-12 20:00,29.51,29.3,29.8,60,1.0
2024-07-12 21:00,29.52,29.3,29.8,60,1.0
2024-07-12 22:00,29.44,29.0,29.8,60,1.0
2024-07-12 23:00,29.62,29.3,30.0,60,1.0
2024-07-13 00:00,29.68,29.2,30.0,60,1.0
2024-07-13 01:00,29.73,29.5,30.2,60,1.0
2024-07-13 02:00,29.7,29.5,30.1,60,1.0
2024-07-13 03:00,29.75,29.5,30.0,60,1.0
2024-07-13 04:00,29.8,29.5,30.0,60,1.0
2024-07-13 05:00,29.76,29.6,30.2,60,1.0
2024-07-13 06:00,29.79,29.5,30.1,60,1.0
2024-07-13 07:00,29.74,29.5,30.1,49,0.817
2024-07-13 08:00,29.58,29.3,29.9,56,0.933
2024-07-13 09:00,29.51,29.3,29.7,60,1.0
2024-07-13 10:00,29.4,29.1,29.7,60,1.0
2024-07-13 11:00,29.2,29.0,29.5,60,1.0
2024-07-13 12:00,29.1,28.9,29.4,60,1.0
2024-07-13 13:00,29.05,28.9,29.3,60,1.0
2024-07-13 14:00,29.08,28.8,29.4,60,1.0
2024-07-13 15:00,29.03,28.8,29.3,60,1.0
2024-07-13 16:00,28.99,28.7,29.2,60,1.0
2024-07-13 17:00,29.02,28.8,29.3,60,1.0
2024-07-13 18:00,28.98,28.8,29.3,60,1.0
2024-07-13 19:00,29.04,28.8,29.3,60,1.0
2024-07-13 20:00,29.1,28.8,29.4,60,1.0
2024-07-13 21:00,29.09,28.9,29.4,60,1.0
2024-07-13 22:00,29.14,28.9,29.5,60,1.0
2024-07-13 23:00,29.22,28.9,29.5,60,1.0
2024-07-14 00:00,29.28,29.0,29.6,60,1.0
2024-07-14 01:00,29.31,29.0,29.6,60,1.0
2024-07-14 02:00,29.32,29.0,29.6,60,1.0
2024-07-14 03:00,29.33,29.1,29.7,60,1.0
2024-07-14 04:00,29.38,29.1,29.6,60,1.0
2024-07-14 05:00,29.41,29.2,29.7,60,1.0
2024-07-14 06:00,29.41,29.2,29.7,59,0.983
2024-07-14 07:00,29.36,29.1,29.7,60,1.0
2024-07-14 08:00,29.22,28.9,29.6,60,1.0
2024-07-14 09:00,29.14,28.9,29.4,60,1.0
2024-07-14 10:00,29.03,28.8,29.4,60,1.0
2024-07-14 11:00,28.98,28.7,29.3,60,1.0
2024-07-14 12:00,28.81,28.5,29.1,60,1.0
2024-07-14 13:00,28.7,28.5,28.9,60,1.0
2024-07-14 14:00,28.71,28.4,29.1,60,1.0
2024-07-14 15:00,28.7,28.5,29.0,60,1.0
2024-07-14 16:00,28.63,28.4,29.0,60,1.0
2024-07-14 17:00,28.65,28.5,28.9,60,1.0
2024-07-14 18:00,28.64,28.4,29.0,60,1.0
2024-07-14 19:00,28.73,28.4,28.9,60,1.0
2024-07-14 20:00,28.72,28.4,29.0,60,1.0
2024-07-14 21:00,28.65,28.5,29.0,60,1.0
2024-07-14 22:00,28.69,28.5,28.9,59,0.983
2024-07-14 23:00,28.74,28.5,29.1,60,1.0
2024-07-15 00:00,28.77,28.5,29.1,60,1.0
2024-07-15 01:00,28.76,28.5,29.1,60,1.0
2024-07-15 02:00,28.84,28.6,29.2,59,0.983
2024-07-15 03:00,28.86,28.6,29.3,60,1.0
2024-07-15 04:00,28.9,28.6,29.2,52,0.867
2024-07-15 05:00,28.97,28.7,29.2,55,0.917
2024-07-15 06:00,29.0,28.7,29.3,57,0.95
2024-07-15 07:00,28.92,28.7,29.1,60,1.0
2024-07-15 08:00,28.76,28.5,29.1,60,1.0
2024-07-15 09:00,28.71,28.4,29.0,60,1.0
2024-07-15 10:00,28.54,28.3,28.8,60,1.0
2024-07-15 11:00,28.39,28.1,28.6,60,1.0
2024-07-15 12:00,28.31,28.1,28.5,60,1.0
2024-07-15 13:00,28.18,28.0,28.5,60,1.0
2024-07-15 14:00,28.22,28.0,28.5,60,1.0
2024-07-15 15:00,28.21,28.0,28.5,60,1.0
2024-07-15 16:00,28.17,27.9,28.4,60,1.0
2024-07-15 17:00,28.23,28.0,28.6,60,1.0
2024-07-15 18:00,28.24,28.0,28.6,60,1.0
2024-07-15 19:00,28.3,28.0,28.6,60,1.0
2024-07-15 20:00,28.31,28.0,28.6,60,1.0
2024-07-15 21:00,28.28,28.0,28.7,60,1.0
2024-07-15 22:00,28.28,28.0,28.6,60,1.0
2024-07-15 23:00,28.32,28.1,28.6,60,1.0
2024-07-16 00:00,28.32,28.1,28.7,60,1.0
2024-07-16 01:00,28.3,28.1,28.5,60,1.0
2024-07-16 02:00,28.37,28.2,28.6,60,1.0
2024-07-16 03:00,28.4,28.2,28.7,60,1.0
2024-07-16 04:00,28.46,28.2,28.7,60,1.0
2024-07-16 05:00,28.47,28.3,28.8,60,1.0
2024-07-16 06:00,28.52,28.3,28.8,60,1.0
2024-07-16 07:00,28.46,28.2,28.8,60,1.0
2024-07-16 08:00,28.29,28.0,28.6,60,1.0
2024-07-16 09:00,28.2,27.9,28.4,60,1.0
2024-07-16 10:00,28.04,27.8,28.3,60,1.0
2024-07-16 11:00,27.97,27.7,28.2,60,1.0
2024-07-16 12:00,27.82,27.6,28.1,60,1.0
2024-07-16 13:00,27.75,27.6,28.1,60,1.0
2024-07-16 14:00,27.79,27.5,28.0,58,0.967
2024-07-16 15:00,27.72,27.5,28.0,60,1.0
2024-07-16 16:00,27.7,27.5,28.0,55,0.917
2024-07-16 17:00,27.69,27.5,28.0,53,0.883
2024-07-16 18:00,27.49,26.7,28.0,60,1.0
2024-07-16 19:00,27.2,27.0,27.5,60,1.0
2024-07-16 20:00,27.32,27.0,27.6,60,1.0
2024-07-16 21:00,27.39,27.1,27.6,60,1.0
2024-07-16 22:00,27.36,27.1,27.6,60,1.0
2024-07-16 23:00,27.43,27.2,27.7,59,0.983
2024-07-17 00:00,27.51,27.2,27.8,60,1.0
2024-07-17 01:00,27.62,27.4,27.9,60,1.0
2024-07-17 02:00,27.58,27.4,27.9,60,1.0
2024-07-17 03:00,27.64,27.4,28.0,60,1.0
2024-07-17 04:00,27.52,27.2,27.8,60,1.0
2024-07-17 05:00,27.45,27.2,27.8,60,1.0
2024-07-17 06:00,27.42,27.2,27.7,60,1.0
2024-07-17 07:00,27.38,27.1,27.7,60,1.0
2024-07-17 08:00,27.38,27.0,27.9,60,1.0
2024-07-17 09:00,27.69,27.5,28.0,60,1.0
2024-07-17 10:00,27.62,27.3,28.0,60,1.0
2024-07-17 11:00,27.51,27.3,27.9,60,1.0
2024-07-17 12:00,27.37,27.2,27.7,60,1.0
2024-07-17 13:00,27.36,27.2,27.7,60,1.0
2024-07-17 14:00,27.35,27.1,27.7,60,1.0
2024-07-17 15:00,27.26,27.0,27.6,60,1.0
2024-07-17 16:00,27.17,27.0,27.4,59,0.983
2024-07-17 17:00,27.21,27.0,27.4,60,1.0
2024-07-17 18:00,27.25,27.0,27.6,59,0.983
2024-07-17 19:00,27.2,27.0,27.4,60,1.0
2024-07-17 20:00,27.21,27.0,27.6,60,1.0
2024-07-17 21:00,27.24,27.0,27.5,60,1.0
2024-07-17 22:00,27.27,27.0,27.6,60,1.0
2024-07-17 23:00,27.31,27.0,27.6,60,1.0
2024-07-18 00:00,27.34,27.1,27.6,60,1.0
2024-07-18 01:00,27.36,27.1,27.6,55,0.917
2024-07-18 02:00,27.37,27.1,27.6,49,0.817
2024-07-18 03:00,27.38,27.1,27.6,44,0.733
2024-07-18 04:00,27.41,27.1,27.7,56,0.933
2024-07-18 05:00,27.41,27.1,27.8,60,1.0
2024-07-18 06:00,27.41,27.1,27.7,60,1.0
2024-07-18 07:00,27.32,27.0,27.6,60,1.0
2024-07-18 08:00,27.18,26.9,27.5,60,1.0
2024-07-18 09:00,27.12,26.9,27.4,60,1.0
2024-07-18 10:00,26.9,26.7,27.2,60,1.0
2024-07-18 11:00,26.81,26.5,27.1,60,1.0
2024-07-18 12:00,26.72,26.5,27.0,60,1.0
2024-07-18 13:00,26.56,26.4,26.9,60,1.0
2024-07-18 14:00,26.59,26.3,26.9,60,1.0
2024-07-18 15:00,26.53,26.3,26.8,60,1.0
2024-07-18 16:00,26.49,26.3,26.8,60,1.0
2024-07-18 17:00,26.47,26.3,26.8,60,1.0
2024-07-18 18:00,26.5,26.3,26.8,60,1.0
2024-07-18 19:00,26.5,26.3,26.7,60,1.0
2024-07-18 20:00,26.49,26.3,26.8,60,1.0
2024-07-18 21:00,26.48,26.3,26.7,60,1.0
2024-07-18 22:00,26.54,26.3,26.8,60,1.0
2024-07-18 23:00,26.59,26.4,26.8,60,1.0
2024-07-19 00:00,26.64,26.4,26.9,60,1.0
2024-07-19 01:00,26.67,26.4,26.9,60,1.0
2024-07-19 02:00,26.72,26.4,27.1,60,1.0
2024-07-19 03:00,26.74,26.5,27.0,60,1.0
2024-07-19 04:00,26.79,26.5,27.1,60,1.0
2024-07-19 05:00,26.78,26.5,27.0,60,1.0
2024-07-19 06:00,26.81,26.6,27.1,59,0.983
2024-07-19 07:00,26.65,26.4,26.9,60,1.0
2024-07-19 08:00,26.5,26.2,26.8,60,1.0
2024-07-19 09:00,26.47,26.2,26.7,60,1.0
2024-07-19 10:00,26.27,26.1,26.6,60,1.0
2024-07-19 11:00,26.17,25.9,26.4,60,1.0
2024-07-19 12:00,26.03,25.8,26.3,59,0.983
2024-07-19 13:00,25.89,25.7,26.1,54,0.9
2024-07-19 14:00,25.86,25.6,26.1,52,0.867
2024-07-19 15:00,25.71,25.5,26.0,56,0.933
2024-07-19 16:00,25.69,25.4,25.9,60,1.0
2024-07-19 17:00,25.67,25.4,25.9,60,1.0
2024-07-19 18:00,25.72,25.5,26.0,60,1.0
2024-07-19 19:00,25.67,25.5,26.0,60,1.0
2024-07-19 20:00,25.68,25.4,26.0,60,1.0
2024-07-19 21:00,25.66,25.5,25.9,60,1.0
2024-07-19 22:00,25.7,25.5,26.0,60,1.0
2024-07-19 23:00,25.72,25.5,26.0,60,1.0
2024-07-20 00:00,25.76,25.5,26.1,60,1.0
2024-07-20 01:00,25.83,25.6,26.1,60,1.0
2024-07-20 02:00,25.82,25.6,26.1,60,1.0
2024-07-20 03:00,25.85,25.7,26.2,60,1.0
2024-07-20 04:00,25.9,25.7,26.2,60,1.0
2024-07-20 05:00,25.95,25.7,26.2,60,1.0
2024-07-20 06:00,25.96,25.7,26.3,60,1.0
2024-07-20 07:00,25.87,25.7,26.1,60,1.0
2024-07-20 08:00,25.79,25.5,26.2,60,1.0
2024-07-20 09:00,25.71,25.5,26.0,60,1.0
2024-07-20 10:00,25.58,25.3,25.8,60,1.0
2024-07-20 11:00,25.36,25.2,25.6,60,1.0
2024-07-20 12:00,25.33,25.1,25.5,60,1.0
2024-07-20 13:00,25.29,25.1,25.6,60,1.0
2024-07-20 14:00,25.18,25.0,25.4,60,1.0
2024-07-20 15:00,25.18,25.0,25.4,59,0.983
2024-07-20 16:00,25.56,25.0,26.0,60,1.0
2024-07-20 17:00,25.64,25.4,25.9,60,1.0
2024-07-20 18:00,25.62,25.4,25.9,60,1.0
2024-07-20 19:00,25.63,25.4,25.9,53,0.883
2024-07-20 20:00,25.56,25.3,25.9,48,0.8
2024-07-20 21:00,25.57,25.3,25.8,53,0.883
2024-07-20 22:00,25.58,25.3,25.8,56,0.933
2024-07-20 23:00,25.58,25.3,25.9,60,1.0
2024-07-21 00:00,25.54,25.3,25.9,60,1.0
2024-07-21 01:00,25.52,25.3,25.8,60,1.0
2024-07-21 02:00,25.58,25.3,25.9,53,0.883
2024-07-21 03:00,25.62,25.4,25.8,60,1.0
2024-07-21 04:00,25.59,25.4,25.9,60,1.0
2024-07-21 05:00,25.57,25.4,25.8,60,1.0
2024-07-21 06:00,25.62,25.4,25.9,60,1.0
2024-07-21 07:00,25.59,25.3,25.9,60,1.0
2024-07-21 08:00,25.44,25.2,25.7,60,1.0
2024-07-21 09:00,25.38,25.2,25.8,60,1.0
2024-07-21 10:00,25.26,24.8,25.6,60,1.0
2024-07-21 11:00,25.21,25.0,25.5,60,1.0
2024-07-21 12:00,25.06,24.9,25.4,60,1.0
2024-07-21 13:00,25.05,24.9,25.3,60,1.0
2024-07-21 14:00,25.04,24.8,25.3,59,0.983
2024-07-21 15:00,25.0,24.8,25.2,60,1.0
2024-07-21 16:00,24.98,24.8,25.3,57,0.95
2024-07-21 17:00,25.04,24.8,25.3,60,1.0
2024-07-21 18:00,25.0,24.8,25.2,60,1.0
2024-07-21 19:00,24.97,24.7,25.3,60,1.0
2024-07-21 20:00,24.96,24.6,25.3,60,1.0
2024-07-21 21:00,24.82,24.6,25.1,60,1.0
2024-07-21 22:00,25.08,24.8,25.3,60,1.0
2024-07-21 23:00,25.12,24.9,25.4,59,0.983
2024-07-22 00:00,25.15,24.8,25.4,50,0.833
2024-07-22 01:00,25.13,24.9,25.4,58,0.967
2024-07-22 02:00,25.14,24.9,25.4,60,1.0
2024-07-22 03:00,25.19,24.6,25.4,60,1.0
2024-07-22 04:00,25.22,25.0,25.5,60,1.0
2024-07-22 05:00,25.28,25.1,25.7,60,1.0
2024-07-22 06:00,25.26,25.1,25.5,60,1.0
2024-07-22 07:00,25.31,25.1,25.6,60,1.0
2024-07-22 08:00,25.29,25.0,25.6,60,1.0
2024-07-22 09:00,25.16,24.9,25.4,60,1.0
2024-07-22 10:00,25.16,24.9,25.4,59,0.983
2024-07-22 11:00,25.1,24.9,25.4,60,1.0
2024-07-22 12:00,25.11,24.9,25.3,56,0.933
2024-07-22 14:00,23.27,23.2,23.4,46,0.767
2024-07-22 15:00,23.32,23.1,23.6,60,1.0
2024-07-22 16:00,23.36,23.2,23.5,60,1.0
2024-07-22 17:00,23.42,23.3,23.6,59,0.983
2024-07-22 18:00,23.45,23.3,23.6,48,0.8
2024-07-22 19:00,23.43,23.3,23.6,52,0.867
2024-07-22 20:00,23.48,23.4,23.7,60,1.0
2024-07-22 21:00,23.52,23.4,23.8,60,1.0
2024-07-22 22:00,23.56,23.4,23.9,60,1.0
2024-07-22 23:00,23.6,23.5,23.9,60,1.0
2024-07-23 00:00,23.69,23.5,23.9,60,1.0
2024-07-23 01:00,23.76,23.6,23.9,60,1.0
2024-07-23 02:00,23.81,23.6,24.0,60,1.0
2024-07-23 03:00,23.84,23.6,24.0,60,1.0
2024-07-23 04:00,23.85,23.7,24.1,60,1.0
2024-07-23 05:00,23.92,23.7,24.1,59,0.983
2024-07-23 06:00,23.93,23.8,24.2,60,1.0
2024-07-23 07:00,23.94,23.8,24.3,60,1.0
2024-07-23 08:00,23.94,23.8,24.1,60,1.0
2024-07-23 09:00,23.95,23.8,24.1,60,1.0
2024-07-23 10:00,23.97,23.8,24.2,60,1.0
2024-07-23 11:00,24.05,23.9,24.3,60,1.0
2024-07-23 12:00,24.22,23.9,24.4,60,1.0
2024-07-23 13:00,24.38,24.1,24.6,60,1.0
2024-07-23 14:00,24.4,24.2,24.7,60,1.0
2024-07-23 15:00,24.51,24.3,24.8,45,0.75
2024-07-23 16:00,24.56,24.4,24.9,58,0.967
2024-07-23 17:00,24.58,24.4,25.0,60,1.0
2024-07-23 18:00,24.73,24.5,25.0,60,1.0
2024-07-23 19:00,24.77,24.6,25.0,60,1.0
2024-07-23 20:00,24.82,24.6,25.1,60,1.0
2024-07-23 21:00,24.82,24.6,25.1,59,0.983
2024-07-23 22:00,24.83,24.6,25.1,60,1.0
2024-07-23 23:00,24.89,24.7,25.1,60,1.0
2024-07-24 00:00,24.95,24.7,25.2,60,1.0
2024-07-24 01:00,24.97,24.8,25.2,60,1.0
2024-07-24 02:00,25.06,24.8,25.4,60,1.0
2024-07-24 03:00,25.11,24.9,25.4,60,1.0
2024-07-24 04:00,25.12,24.9,25.4,60,1.0
2024-07-24 05:00,25.12,24.9,25.3,60,1.0
2024-07-24 06:00,25.13,24.9,25.4,60,1.0
2024-07-24 07:00,25.11,24.9,25.4,60,1.0
2024-07-24 08:00,24.95,24.7,25.2,60,1.0
2024-07-24 09:00,24.92,24.7,25.2,60,1.0
2024-07-24 10:00,24.8,24.6,25.0,60,1.0
2024-07-24 11:00,24.64,24.4,24.9,60,1.0
2024-07-24 12:00,24.62,24.4,24.9,60,1.0
2024-07-24 13:00,24.6,24.4,24.8,60,1.0
2024-07-24 14:00,24.5,24.3,24.8,60,1.0
2024-07-24 15:00,24.44,24.2,24.7,60,1.0
2024-07-24 16:00,24.49,24.2,24.8,60,1.0
2024-07-24 17:00,24.41,24.2,24.6,60,1.0
2024-07-24 18:00,24.38,24.2,24.5,60,1.0
2024-07-24 19:00,24.44,24.2,24.7,59,0.983
2024-07-24 20:00,24.44,24.2,24.7,60,1.0
2024-07-24 21:00,24.37,24.2,24.7,59,0.983
2024-07-24 22:00,24.41,24.1,24.7,59,0.983
2024-07-24 23:00,24.11,23.8,24.4,59,0.983
2024-07-25 00:00,24.16,23.9,24.4,59,0.983
2024-07-25 01:00,24.13,23.9,24.4,60,1.0
2024-07-25 02:00,24.11,23.8,24.6,59,0.983
2024-07-25 03:00,23.98,23.7,24.2,60,1.0
2024-07-25 04:00,24.14,23.9,24.4,60,1.0
2024-07-25 05:00,24.11,23.9,24.3,60,1.0
2024-07-25 06:00,24.14,24.0,24.4,56,0.933
2024-07-25 07:00,24.12,23.9,24.4,49,0.817
2024-07-25 08:00,24.11,23.8,24.5,55,0.917
2024-07-25 09:00,24.38,24.2,24.6,60,1.0
2024-07-25 10:00,24.36,24.2,24.6,60,1.0
2024-07-25 11:00,24.23,24.0,24.5,59,0.983
2024-07-25 12:00,24.1,23.9,24.4,60,1.0
2024-07-25 13:00,24.08,23.8,24.3,60,1.0
2024-07-25 14:00,24.03,23.8,24.3,60,1.0
2024-07-25 15:00,24.0,23.8,24.3,60,1.0
2024-07-25 16:00,23.94,23.8,24.2,60,1.0
2024-07-25 17:00,24.0,23.8,24.3,60,1.0
2024-07-25 18:00,23.94,23.8,24.2,60,1.0
2024-07-25 19:00,24.0,23.8,24.2,60,1.0
2024-07-25 20:00,24.0,23.8,24.3,60,1.0
2024-07-25 21:00,24.07,23.8,24.3,60,1.0
2024-07-25 22:00,24.04,23.8,24.3,60,1.0
2024-07-25 23:00,23.96,23.7,24.2,60,1.0
2024-07-26 00:00,23.95,23.7,24.2,60,1.0
2024-07-26 01:00,24.0,23.7,24.3,60,1.0
2024-07-26 02:00,24.04,23.8,24.3,60,1.0
2024-07-26 03:00,24.06,23.8,24.3,60,1.0
2024-07-26 04:00,24.03,23.8,24.3,60,1.0
2024-07-26 05:00,24.15,23.8,24.6,60,1.0
2024-07-26 06:00,24.03,23.5,24.5,60,1.0
2024-07-26 07:00,24.22,24.0,24.6,59,0.983
2024-07-26 08:00,24.14,23.9,24.4,60,1.0
2024-07-26 09:00,24.1,23.9,24.3,59,0.983
2024-07-26 10:00,24.01,23.8,24.3,60,1.0
2024-07-26 11:00,23.87,23.6,24.1,57,0.95
2024-07-26 12:00,23.71,23.5,24.0,49,0.817
2024-07-26 13:00,23.66,23.4,23.9,59,0.983
2024-07-26 14:00,23.58,23.4,23.8,59,0.983
2024-07-26 15:00,23.55,23.4,23.9,59,0.983
2024-07-26 16:00,23.58,23.3,23.8,60,1.0
2024-07-26 17:00,23.53,23.3,23.9,54,0.9
2024-07-26 18:00,23.56,23.4,23.8,60,1.0
2024-07-26 19:00,23.62,23.4,23.8,60,1.0
2024-07-26 20:00,23.6,23.4,23.9,60,1.0
2024-07-26 21:00,23.52,23.3,23.8,60,1.0
2024-07-26 22:00,23.52,23.3,23.9,60,1.0
2024-07-26 23:00,23.5,23.3,23.7,60,1.0
2024-07-27 00:00,23.52,23.3,23.8,60,1.0
2024-07-27 01:00,23.55,23.3,24.0,60,1.0
2024-07-27 02:00,23.55,23.4,23.9,60,1.0
2024-07-27 03:00,23.58,23.3,23.9,60,1.0
2024-07-27 04:00,23.57,23.2,24.0,60,1.0
2024-07-27 05:00,23.64,23.3,23.9,60,1.0
2024-07-27 06:00,23.29,23.1,23.5,60,1.0
2024-07-27 07:00,23.28,23.1,23.6,60,1.0
2024-07-27 08:00,23.5,23.2,23.8,60,1.0
2024-07-27 09:00,23.67,23.4,23.9,60,1.0
2024-07-27 10:00,23.59,23.4,24.1,60,1.0
2024-07-27 11:00,23.52,23.3,23.7,60,1.0
2024-07-27 12:00,23.32,23.1,23.6,60,1.0
2024-07-27 13:00,23.3,23.1,23.6,60,1.0
2024-07-27 14:00,23.23,23.0,23.4,60,1.0
2024-07-27 15:00,23.22,23.0,23.4,60,1.0
2024-07-27 16:00,23.2,23.0,23.4,60,1.0
2024-07-27 17:00,23.21,23.0,23.5,51,0.85
2024-07-27 18:00,23.2,23.0,23.5,48,0.8
2024-07-27 19:00,23.2,23.0,23.4,50,0.833
2024-07-27 20:00,23.18,23.0,23.5,54,0.9
2024-07-27 21:00,23.19,23.0,23.5,60,1.0
2024-07-27 22:00,23.23,22.9,23.5,60,1.0
2024-07-27 23:00,23.12,22.9,23.4,60,1.0
2024-07-28 00:00,23.03,22.7,23.4,60,1.0
2024-07-28 01:00,22.96,22.7,23.3,60,1.0
2024-07-28 02:00,22.94,22.7,23.3,60,1.0
2024-07-28 03:00,22.91,22.6,23.2,60,1.0
2024-07-28 04:00,22.97,22.8,23.2,60,1.0
2024-07-28 05:00,22.98,22.8,23.3,60,1.0
2024-07-28 06:00,22.98,22.8,23.2,60,1.0
2024-07-28 07:00,22.87,22.6,23.1,60,1.0
2024-07-28 08:00,23.06,22.7,23.4,60,1.0
2024-07-28 09:00,23.14,22.9,23.5,60,1.0
2024-07-28 10:00,23.14,22.9,23.4,60,1.0
2024-07-28 11:00,23.03,22.8,23.3,60,1.0
2024-07-28 12:00,22.93,22.7,23.2,60,1.0
2024-07-28 13:00,22.93,22.7,23.3,59,0.983
2024-07-28 14:00,22.83,22.6,23.0,60,1.0
2024-07-28 15:00,22.87,22.7,23.3,60,1.0
2024-07-28 16:00,22.85,22.6,23.1,60,1.0
2024-07-28 17:00,22.81,22.6,23.1,59,0.983
2024-07-28 18:00,22.78,22.6,23.1,60,1.0
2024-07-28 19:00,22.74,22.6,23.2,60,1.0
2024-07-28 20:00,22.73,22.6,22.9,60,1.0
2024-07-28 21:00,22.74,22.6,23.0,59,0.983
2024-07-28 22:00,22.76,22.6,23.0,60,1.0
2024-07-28 23:00,22.82,22.6,23.1,60,1.0
2024-07-29 00:00,22.88,22.7,23.1,60,1.0
2024-07-29 01:00,22.91,22.7,23.1,60,1.0
2024-07-29 02:00,22.92,22.7,23.2,60,1.0
2024-07-29 03:00,22.98,22.7,23.2,60,1.0
2024-07-29 04:00,23.02,22.8,23.3,60,1.0
2024-07-29 05:00,23.06,22.8,23.4,59,0.983
2024-07-29 06:00,23.06,22.9,23.4,60,1.0
2024-07-29 07:00,22.51,22.2,23.0,60,1.0
2024-07-29 08:00,22.52,22.3,22.7,60,1.0
2024-07-29 09:00,22.77,22.5,23.0,58,0.967
2024-07-29 10:00,22.87,22.7,23.1,41,0.683
2024-07-29 11:00,22.82,22.5,23.2,60,1.0
2024-07-29 12:00,22.86,22.7,23.1,60,1.0
2024-07-29 13:00,22.87,22.7,23.1,60,1.0
2024-07-29 14:00,22.84,22.7,23.1,60,1.0
2024-07-29 15:00,22.85,22.7,23.1,60,1.0
2024-07-29 16:00,22.86,22.7,23.1,60,1.0
2024-07-29 17:00,22.77,22.6,23.0,60,1.0
2024-07-29 18:00,22.78,22.6,23.1,60,1.0
2024-07-29 19:00,22.78,22.6,23.0,60,1.0
2024-07-29 20:00,22.8,22.6,23.0,60,1.0
2024-07-29 21:00,22.84,22.6,23.1,60,1.0
2024-07-29 22:00,22.83,22.6,23.1,60,1.0
2024-07-29 23:00,22.86,22.6,23.1,60,1.0
2024-07-30 00:00,22.9,22.7,23.1,60,1.0
2024-07-30 01:00,22.87,22.7,23.2,60,1.0
2024-07-30 02:00,22.91,22.7,23.1,60,1.0
2024-07-30 03:00,22.89,22.7,23.2,58,0.967
2024-07-30 04:00,22.89,22.7,23.2,60,1.0
2024-07-30 05:00,22.97,22.8,23.2,60,1.0
2024-07-30 06:00,23.0,22.8,23.2,60,1.0
2024-07-30 07:00,22.96,22.8,23.3,60,1.0
2024-07-30 08:00,22.98,22.8,23.2,60,1.0
2024-07-30 09:00,22.98,22.8,23.2,60,1.0
2024-07-30 10:00,22.92,22.7,23.2,60,1.0
2024-07-30 11:00,22.84,22.6,23.1,60,1.0
2024-07-30 12:00,22.9,22.7,23.1,60,1.0
2024-07-30 13:00,22.88,22.6,23.1,60,1.0
2024-07-30 14:00,22.78,22.6,23.1,60,1.0
2024-07-30 15:00,22.81,22.6,23.1,54,0.9
2024-07-30 16:00,22.78,22.6,23.1,52,0.867
2024-07-30 17:00,22.82,22.6,23.0,60,1.0
2024-07-30 18:00,22.76,22.6,23.0,60,1.0
2024-07-30 19:00,22.76,22.5,23.0,60,1.0
2024-07-30 20:00,22.74,22.6,23.1,60,1.0
2024-07-30 21:00,22.8,22.6,23.0,60,1.0
2024-07-30 22:00,22.83,22.6,23.0,60,1.0
2024-07-30 23:00,22.83,22.6,23.1,60,1.0
2024-07-31 00:00,22.81,22.6,23.1,60,1.0
2024-07-31 01:00,22.86,22.7,23.1,60,1.0
2024-07-31 02:00,22.88,22.7,23.2,59,0.983
2024-07-31 03:00,22.92,22.7,23.2,60,1.0
2024-07-31 04:00,22.97,22.7,23.2,60,1.0
2024-07-31 05:00,22.99,22.8,23.4,60,1.0
2024-07-31 06:00,23.05,22.8,23.3,60,1.0
2024-07-31 07:00,23.05,22.8,23.3,60,1.0
2024-07-31 08:00,22.98,22.8,23.2,60,1.0
2024-07-31 09:00,23.01,22.8,23.3,59,0.983
2024-07-31 10:00,23.0,22.7,23.2,60,1.0
2024-07-31 11:00,22.9,22.6,23.1,60,1.0
2024-07-31 12:00,22.92,22.7,23.2,60,1.0
2024-07-31 13:00,22.84,22.7,23.0,60,1.0
2024-07-31 14:00,22.82,22.6,23.1,59,0.983
2024-07-31 15:00,22.79,22.6,23.1,60,1.0
2024-07-31 16:00,22.74,22.5,23.0,60,1.0
2024-07-31 17:00,22.73,22.5,23.0,60,1.0
2024-07-31 18:00,22.67,22.4,23.0,58,0.967
2024-07-31 19:00,22.68,22.5,22.9,60,1.0
2024-07-31 20:00,22.7,22.5,23.0,60,1.0
2024-07-31 21:00,22.69,22.5,22.9,60,1.0
2024-07-31 22:00,22.73,22.5,23.0,60,1.0
2024-07-31 23:00,22.66,22.5,23.0,60,1.0
2024-08-01 00:00,22.68,22.5,22.9,60,1.0
2024-08-01 01:00,22.69,22.5,22.9,60,1.0
2024-08-01 02:00,22.73,22.5,22.9,60,1.0
2024-08-01 03:00,22.75,22.5,23.0,60,1.0
2024-08-01 04:00,22.76,22.5,23.1,60,1.0
2024-08-01 05:00,22.8,22.6,23.0,60,1.0
2024-08-01 06:00,22.83,22.6,23.1,60,1.0
2024-08-01 07:00,22.81,22.6,23.1,60,1.0
2024-08-01 08:00,22.79,22.6,23.1,59,0.983
2024-08-01 09:00,22.77,22.6,23.0,60,1.0
2024-08-01 10:00,22.76,22.6,23.0,60,1.0
2024-08-01 11:00,22.71,22.5,23.0,60,1.0
2024-08-01 12:00,22.72,22.5,23.0,60,1.0
2024-08-01 13:00,22.63,22.4,22.9,60,1.0
2024-08-01 14:00,22.57,22.3,22.8,60,1.0
2024-08-01 15:00,22.52,22.3,22.7,60,1.0
2024-08-01 16:00,22.44,22.2,22.7,60,1.0
2024-08-01 17:00,22.36,22.2,22.5,47,0.783
2024-08-01 18:00,22.32,22.1,22.6,50,0.833
2024-08-01 19:00,22.31,22.1,22.6,54,0.9
2024-08-01 20:00,22.31,22.1,22.6,60,1.0
2024-08-01 21:00,22.3,22.1,22.6,56,0.933
2024-08-01 22:00,22.21,22.1,22.4,49,0.817
2024-08-01 23:00,22.23,22.0,22.5,60,1.0
2024-08-02 00:00,22.21,22.0,22.4,60,1.0
2024-08-02 01:00,22.25,22.0,22.5,60,1.0
2024-08-02 02:00,22.22,22.0,22.5,60,1.0
2024-08-02 03:00,22.15,21.9,22.5,60,1.0
2024-08-02 04:00,22.22,22.0,22.5,60,1.0
2024-08-02 05:00,22.2,22.0,22.5,60,1.0
2024-08-02 06:00,22.15,22.0,22.3,60,1.0
2024-08-02 07:00,22.15,21.9,22.5,60,1.0
2024-08-02 08:00,22.1,21.9,22.4,60,1.0
2024-08-02 09:00,22.16,22.0,22.4,60,1.0
2024-08-02 10:00,22.14,21.9,22.4,60,1.0
2024-08-02 11:00,22.06,21.8,22.4,60,1.0
2024-08-02 12:00,22.1,21.9,22.4,60,1.0
2024-08-02 13:00,22.03,21.8,22.2,60,1.0
2024-08-02 14:00,21.9,21.7,22.2,60,1.0
2024-08-02 15:00,21.84,21.6,22.1,60,1.0
2024-08-02 16:00,21.8,21.6,22.1,60,1.0
2024-08-02 17:00,21.81,21.6,22.1,60,1.0
2024-08-02 18:00,21.75,21.6,22.2,60,1.0
2024-08-02 19:00,21.76,21.5,22.0,60,1.0
2024-08-02 20:00,21.76,21.5,22.1,60,1.0
2024-08-02 21:00,21.76,21.5,22.1,60,1.0
2024-08-02 22:00,21.73,21.5,22.0,60,1.0
2024-08-02 23:00,21.78,21.6,22.0,60,1.0
2024-08-03 00:00,21.78,21.6,22.0,60,1.0
2024-08-03 01:00,21.84,21.6,22.1,60,1.0
2024-08-03 02:00,21.89,21.7,22.1,60,1.0
2024-08-03 03:00,21.84,21.6,22.2,60,1.0
2024-08-03 04:00,21.88,21.7,22.3,60,1.0
2024-08-03 05:00,22.04,21.8,22.3,60,1.0
2024-08-03 06:00,22.04,21.8,22.3,60,1.0
2024-08-03 07:00,22.06,21.9,22.4,58,0.967
2024-08-03 08:00,22.07,21.9,22.3,58,0.967
2024-08-03 09:00,22.16,22.0,22.4,52,0.867
2024-08-03 10:00,22.18,22.0,22.4,48,0.8
2024-08-03 11:00,22.17,22.0,22.5,60,1.0
2024-08-03 12:00,22.22,22.0,22.4,60,1.0
2024-08-03 13:00,22.13,22.0,22.3,60,1.0
2024-08-03 14:00,22.1,22.0,22.3,60,1.0
2024-08-03 15:00,22.1,21.9,22.3,60,1.0
2024-08-03 16:00,22.08,21.9,22.3,60,1.0
2024-08-03 17:00,22.08,21.9,22.3,60,1.0
2024-08-03 18:00,22.02,21.8,22.3,60,1.0
2024-08-03 19:00,22.02,21.8,22.3,60,1.0
2024-08-03 20:00,22.1,21.9,22.4,60,1.0
2024-08-03 21:00,22.09,21.9,22.3,60,1.0
2024-08-03 22:00,22.04,21.8,22.2,60,1.0
2024-08-03 23:00,22.03,21.9,22.2,60,1.0
2024-08-04 00:00,22.1,21.9,22.4,60,1.0
2024-08-04 01:00,22.12,22.0,22.3,60,1.0
2024-08-04 02:00,22.18,22.0,22.4,60,1.0
2024-08-04 03:00,22.22,22.1,22.6,60,1.0
2024-08-04 04:00,22.27,22.1,22.5,60,1.0
2024-08-04 05:00,22.35,22.1,22.6,60,1.0
2024-08-04 06:00,22.37,22.2,22.6,59,0.983
2024-08-04 07:00,22.35,22.2,22.6,60,1.0
2024-08-04 08:00,22.35,22.1,22.6,59,0.983
2024-08-04 09:00,22.44,22.2,22.7,60,1.0
2024-08-04 10:00,22.39,22.2,22.6,60,1.0
2024-08-04 11:00,22.33,22.1,22.9,60,1.0
2024-08-04 12:00,22.39,22.2,22.6,60,1.0
2024-08-04 13:00,22.28,22.0,22.6,60,1.0
2024-08-04 14:00,22.16,22.0,22.5,60,1.0
2024-08-04 15:00,22.17,22.0,22.3,60,1.0
2024-08-04 16:00,22.12,21.9,22.3,60,1.0
2024-08-04 17:00,22.09,21.9,22.3,60,1.0
2024-08-04 18:00,22.05,21.8,22.3,59,0.983
2024-08-04 19:00,22.01,21.8,22.2,60,1.0
2024-08-04 20:00,22.06,21.8,22.3,60,1.0
2024-08-04 21:00,22.1,21.8,22.3,60,1.0
2024-08-04 22:00,22.11,21.9,22.4,57,0.95
2024-08-04 23:00,22.13,21.9,22.4,46,0.767
2024-08-05 00:00,22.12,21.9,22.3,59,0.983
2024-08-05 01:00,22.17,22.0,22.4,60,1.0
2024-08-05 02:00,22.21,22.0,22.4,60,1.0
2024-08-05 03:00,22.25,22.1,22.5,60,1.0
2024-08-05 04:00,22.29,22.1,22.6,60,1.0
2024-08-05 05:00,22.35,22.1,22.6,60,1.0
2024-08-05 06:00,22.36,22.1,22.6,60,1.0
2024-08-05 07:00,22.39,22.2,22.7,60,1.0
2024-08-05 08:00,22.42,22.2,22.7,60,1.0
2024-08-05 09:00,22.49,22.3,22.8,60,1.0
2024-08-05 10:00,22.44,22.2,22.6,60,1.0
2024-08-05 11:00,22.37,22.2,22.6,60,1.0
2024-08-05 12:00,22.43,22.2,22.7,60,1.0
2024-08-05 13:00,22.41,22.2,22.7,60,1.0
2024-08-05 14:00,22.31,22.1,22.6,60,1.0
2024-08-05 15:00,22.28,22.1,22.6,60,1.0
2024-08-05 16:00,22.26,22.1,22.6,60,1.0
2024-08-05 17:00,22.27,22.1,22.6,60,1.0
2024-08-05 18:00,22.26,22.1,22.5,60,1.0
2024-08-05 19:00,22.23,22.0,22.6,60,1.0
2024-08-05 20:00,22.25,22.1,22.5,60,1.0
2024-08-05 21:00,22.28,22.1,22.5,60,1.0
2024-08-05 22:00,22.27,22.1,22.5,60,1.0
2024-08-05 23:00,22.3,22.1,22.5,60,1.0
2024-08-06 00:00,22.31,22.1,22.7,60,1.0
2024-08-06 01:00,22.33,22.1,22.6,56,0.933
2024-08-06 02:00,22.39,22.2,22.6,52,0.867
2024-08-06 03:00,22.43,22.3,22.7,57,0.95
2024-08-06 04:00,22.44,22.2,22.7,49,0.817
2024-08-06 05:00,22.48,22.3,22.7,60,1.0
2024-08-06 06:00,22.52,22.3,22.8,60,1.0
2024-08-06 07:00,22.52,22.3,22.8,60,1.0
2024-08-06 08:00,22.59,22.4,23.0,60,1.0
2024-08-06 09:00,22.68,22.4,23.0,60,1.0
2024-08-06 10:00,22.6,22.4,22.8,59,0.983
2024-08-06 11:00,22.55,22.3,22.8,60,1.0
2024-08-06 12:00,22.59,22.4,22.9,60,1.0
2024-08-06 13:00,22.49,22.3,22.7,60,1.0
2024-08-06 14:00,22.42,22.3,22.6,60,1.0
2024-08-06 15:00,22.39,22.2,22.6,60,1.0
2024-08-06 16:00,22.36,22.2,22.7,60,1.0
2024-08-06 17:00,22.39,22.2,22.8,60,1.0
2024-08-06 18:00,22.37,22.2,22.6,60,1.0
2024-08-06 19:00,22.32,22.1,22.6,60,1.0
2024-08-06 20:00,22.33,22.1,22.6,60,1.0
2024-08-06 21:00,22.41,22.2,22.6,59,0.983
2024-08-06 22:00,22.43,22.2,22.7,60,1.0
2024-08-06 23:00,22.45,22.2,22.7,60,1.0
2024-08-07 00:00,22.49,22.3,22.7,60,1.0
2024-08-07 01:00,22.52,22.3,22.9,60,1.0
2024-08-07 02:00,22.5,22.4,22.7,60,1.0
2024-08-07 03:00,22.56,22.4,22.8,60,1.0
2024-08-07 04:00,22.58,22.4,22.8,60,1.0
2024-08-07 05:00,22.64,22.4,22.9,60,1.0
2024-08-07 06:00,22.65,22.5,22.9,58,0.967
2024-08-07 07:00,22.71,22.5,22.9,60,1.0
2024-08-07 08:00,22.7,22.5,23.0,60,1.0
2024-08-07 09:00,22.71,22.5,23.0,59,0.983
2024-08-07 10:00,22.71,22.5,22.9,60,1.0
2024-08-07 11:00,22.64,22.4,22.9,60,1.0
2024-08-07 12:00,22.7,22.5,23.0,60,1.0
2024-08-07 13:00,22.65,22.5,23.0,60,1.0
2024-08-07 14:00,22.56,22.4,22.8,60,1.0
2024-08-07 15:00,22.52,22.3,22.7,60,1.0
2024-08-07 16:00,22.55,22.4,22.9,60,1.0
2024-08-07 17:00,22.59,22.4,22.8,60,1.0
2024-08-07 18:00,22.58,22.3,22.8,60,1.0
2024-08-07 19:00,22.51,22.3,22.8,60,1.0
2024-08-07 20:00,22.61,22.4,22.8,59,0.983
2024-08-07 21:00,22.37,22.0,22.8,60,1.0
2024-08-07 22:00,22.21,21.8,22.9,60,1.0
2024-08-07 23:00,22.58,22.4,23.0,60,1.0
2024-08-08 00:00,22.59,22.4,22.8,60,1.0
2024-08-08 01:00,22.6,22.4,22.8,60,1.0
2024-08-08 02:00,22.62,22.5,22.9,60,1.0
2024-08-08 03:00,22.67,22.5,23.1,60,1.0
2024-08-08 04:00,22.74,22.5,23.0,60,1.0
2024-08-08 05:00,22.77,22.6,23.0,60,1.0
2024-08-08 06:00,22.85,22.6,23.1,60,1.0
2024-08-08 07:00,22.83,22.6,23.2,60,1.0
2024-08-08 08:00,22.86,22.6,23.1,60,1.0
2024-08-08 09:00,22.89,22.7,23.2,60,1.0
2024-08-08 10:00,22.89,22.6,23.1,60,1.0
2024-08-08 11:00,22.78,22.6,22.9,53,0.883
2024-08-08 12:00,22.83,22.6,23.1,58,0.967
2024-08-08 13:00,22.82,22.6,23.1,60,1.0
2024-08-08 14:00,22.78,22.5,23.2,60,1.0
2024-08-08 15:00,22.73,22.5,22.9,60,1.0
2024-08-08 16:00,22.69,22.5,22.9,60,1.0
2024-08-08 17:00,22.64,22.4,22.9,60,1.0
2024-08-08 18:00,22.64,22.4,22.9,60,1.0
2024-08-08 19:00,22.6,22.4,22.9,60,1.0
2024-08-08 20:00,22.61,22.5,22.7,8,0.133
2024-08-09 08:00,22.8,22.6,23.0,40,0.667
2024-08-09 09:00,22.8,22.6,23.0,60,1.0
2024-08-09 10:00,22.78,22.6,23.0,60,1.0
2024-08-09 11:00,22.74,22.6,23.0,60,1.0
2024-08-09 12:00,22.76,22.6,23.0,60,1.0
2024-08-09 13:00,22.72,22.5,23.0,60,1.0
2024-08-09 14:00,22.59,22.4,22.9,60,1.0
2024-08-09 15:00,22.54,22.4,22.7,60,1.0
2024-08-09 16:00,22.53,22.4,22.7,49,0.817
2024-08-09 17:00,22.56,22.3,23.0,56,0.933
2024-08-09 18:00,22.48,22.3,22.7,60,1.0
2024-08-09 19:00,22.53,22.3,22.8,60,1.0
2024-08-09 20:00,22.52,22.3,22.7,59,0.983
2024-08-09 21:00,22.51,22.3,22.8,60,1.0
2024-08-09 22:00,22.49,22.3,22.8,60,1.0
2024-08-09 23:00,22.54,22.3,22.9,60,1.0
2024-08-10 00:00,22.57,22.4,22.8,60,1.0
2024-08-10 01:00,22.63,22.4,22.9,60,1.0
2024-08-10 02:00,22.68,22.4,22.9,60,1.0
2024-08-10 03:00,22.72,22.5,22.9,60,1.0
2024-08-10 04:00,22.78,22.6,23.0,60,1.0
2024-08-10 05:00,22.77,22.5,23.1,60,1.0
2024-08-10 06:00,22.8,22.6,23.1,60,1.0
2024-08-10 07:00,22.82,22.6,23.1,60,1.0
2024-08-10 08:00,22.83,22.6,23.0,55,0.917
2024-08-10 09:00,22.85,22.6,23.1,58,0.967
2024-08-10 10:00,22.74,22.6,22.9,60,1.0
2024-08-10 11:00,22.7,22.5,23.0,60,1.0
2024-08-10 12:00,22.72,22.5,23.0,60,1.0
2024-08-10 13:00,22.64,22.4,22.9,60,1.0
2024-08-10 14:00,22.56,22.4,22.8,60,1.0
2024-08-10 15:00,22.57,22.4,22.8,60,1.0
2024-08-10 16:00,22.6,22.3,22.8,60,1.0
2024-08-10 17:00,22.54,22.3,22.7,60,1.0
2024-08-10 18:00,22.54,22.3,22.9,60,1.0
2024-08-10 19:00,22.51,22.3,22.8,60,1.0
2024-08-10 20:00,22.49,22.3,22.7,60,1.0
2024-08-10 21:00,22.54,22.3,22.8,60,1.0
2024-08-10 22:00,22.58,22.3,22.8,60,1.0
2024-08-10 23:00,22.55,22.4,22.8,60,1.0
2024-08-11 00:00,22.62,22.4,22.8,60,1.0
2024-08-11 01:00,22.65,22.4,22.8,60,1.0
2024-08-11 02:00,22.65,22.4,22.9,60,1.0
2024-08-11 03:00,22.61,22.5,22.9,60,1.0
2024-08-11 04:00,22.65,22.5,22.9,60,1.0
2024-08-11 05:00,22.75,22.5,23.0,60,1.0
2024-08-11 06:00,22.73,22.6,22.9,49,0.817
2024-08-11 07:00,22.8,22.6,23.1,52,0.867
2024-08-11 08:00,22.79,22.6,23.0,60,1.0
2024-08-11 09:00,22.77,22.6,23.1,60,1.0
2024-08-11 10:00,22.75,22.5,23.0,60,1.0
2024-08-11 11:00,22.63,22.4,22.9,60,1.0
2024-08-11 12:00,22.69,22.5,23.1,60,1.0
2024-08-11 13:00,22.68,22.5,22.9,60,1.0
2024-08-11 14:00,22.54,22.4,22.7,60,1.0
2024-08-11 15:00,22.52,22.3,22.8,60,1.0
2024-08-11 16:00,22.55,22.3,22.8,60,1.0
2024-08-11 17:00,22.48,22.3,22.8,60,1.0
2024-08-11 18:00,22.44,22.3,22.7,60,1.0
2024-08-11 19:00,22.47,22.3,22.7,60,1.0
2024-08-11 20:00,22.49,22.3,22.9,60,1.0
2024-08-11 21:00,22.54,22.3,22.8,60,1.0
2024-08-11 22:00,22.54,22.3,22.8,60,1.0
2024-08-11 23:00,22.55,22.4,23.0,60,1.0
2024-08-12 00:00,22.58,22.4,22.8,60,1.0
2024-08-12 01:00,22.61,22.4,22.8,60,1.0
2024-08-12 02:00,22.58,22.4,22.8,60,1.0
2024-08-12 03:00,22.65,22.5,22.9,60,1.0
2024-08-12 04:00,22.7,22.5,22.9,60,1.0
2024-08-12 05:00,22.75,22.6,23.0,60,1.0
2024-08-12 06:00,22.77,22.6,23.0,60,1.0
2024-08-12 07:00,22.81,22.6,23.1,60,1.0
2024-08-12 08:00,22.81,22.6,23.1,59,0.983
2024-08-12 09:00,22.84,22.6,23.0,48,0.8
2024-08-12 10:00,22.78,22.6,23.3,54,0.9
2024-08-12 11:00,22.76,22.5,23.0,56,0.933
2024-08-12 12:00,22.78,22.6,23.1,58,0.967
2024-08-12 13:00,22.74,22.5,23.0,60,1.0
2024-08-12 14:00,22.68,22.5,22.9,60,1.0
2024-08-12 15:00,22.67,22.5,22.9,59,0.983
2024-08-12 16:00,22.62,22.4,22.8,60,1.0
2024-08-12 17:00,22.5,22.3,22.7,60,1.0
2024-08-12 18:00,22.52,22.3,22.8,60,1.0
2024-08-12 19:00,22.5,22.3,22.7,60,1.0
2024-08-12 20:00,22.52,22.3,22.7,60,1.0
2024-08-12 21:00,22.58,22.3,22.8,60,1.0
2024-08-12 22:00,22.6,22.4,22.9,60,1.0
2024-08-12 23:00,22.61,22.4,22.8,60,1.0
2024-08-13 00:00,22.62,22.4,22.8,60,1.0
2024-08-13 01:00,22.64,22.4,23.0,59,0.983
2024-08-13 02:00,22.62,22.4,22.8,60,1.0
2024-08-13 03:00,22.63,22.5,22.9,57,0.95
2024-08-13 04:00,22.72,22.5,22.9,54,0.9
2024-08-13 05:00,22.72,22.5,23.0,58,0.967
2024-08-13 06:00,22.72,22.6,22.9,54,0.9
2024-08-13 07:00,22.78,22.6,23.0,60,1.0
2024-08-13 08:00,22.77,22.6,23.0,47,0.783
2024-08-13 09:00,22.79,22.6,23.0,52,0.867
2024-08-13 10:00,22.76,22.6,23.0,48,0.8
2024-08-13 11:00,22.75,22.6,22.9,51,0.85
2024-08-13 12:00,22.74,22.5,23.0,49,0.817
2024-08-13 13:00,22.67,22.5,23.1,60,1.0
2024-08-13 14:00,22.56,22.4,22.8,60,1.0
2024-08-13 15:00,22.54,22.4,22.8,60,1.0
2024-08-13 16:00,22.58,22.4,22.8,60,1.0
2024-08-13 17:00,22.52,22.3,22.7,60,1.0
2024-08-13 18:00,22.5,22.3,22.8,60,1.0
2024-08-13 19:00,22.53,22.3,22.8,60,1.0
2024-08-13 20:00,22.48,22.3,22.7,60,1.0
2024-08-13 21:00,22.53,22.3,22.8,60,1.0
2024-08-13 22:00,22.57,22.4,22.8,60,1.0
2024-08-13 23:00,22.62,22.4,22.9,60,1.0
2024-08-14 00:00,22.62,22.4,22.8,60,1.0
2024-08-14 01:00,22.66,22.4,22.9,60,1.0
2024-08-14 02:00,22.67,22.5,22.9,60,1.0
2024-08-14 03:00,22.68,22.5,22.9,60,1.0
2024-08-14 04:00,22.74,22.5,23.0,60,1.0
2024-08-14 05:00,22.76,22.5,23.0,60,1.0
2024-08-14 06:00,22.77,22.6,23.0,60,1.0
2024-08-14 07:00,22.8,22.6,23.1,60,1.0
2024-08-14 08:00,22.81,22.6,23.0,60,1.0
2024-08-14 09:00,22.82,22.6,23.1,60,1.0
2024-08-14 10:00,22.8,22.6,23.0,60,1.0
2024-08-14 11:00,22.76,22.6,23.0,60,1.0
2024-08-14 12:00,22.74,22.5,23.0,60,1.0
2024-08-14 13:00,22.73,22.5,23.0,60,1.0
2024-08-14 14:00,22.69,22.5,23.0,60,1.0
2024-08-14 15:00,22.62,22.4,23.1,60,1.0
2024-08-14 16:00,22.55,22.4,22.8,60,1.0
2024-08-14 17:00,22.46,22.3,22.7,60,1.0
2024-08-14 18:00,22.51,22.3,22.8,59,0.983
2024-08-14 19:00,22.49,22.3,22.7,50,0.833
2024-08-14 20:00,22.56,22.3,22.8,60,1.0
2024-08-14 21:00,22.52,22.3,22.8,60,1.0
2024-08-14 22:00,22.55,22.4,22.8,60,1.0
2024-08-14 23:00,22.59,22.4,22.8,60,1.0
2024-08-15 00:00,22.64,22.4,22.9,60,1.0
2024-08-15 01:00,22.63,22.5,22.8,60,1.0
2024-08-15 02:00,22.69,22.5,22.9,60,1.0
2024-08-15 03:00,22.73,22.6,22.9,60,1.0
2024-08-15 04:00,22.74,22.6,23.0,60,1.0
2024-08-15 05:00,22.82,22.7,23.1,60,1.0
2024-08-15 06:00,22.85,22.7,23.0,60,1.0
2024-08-15 07:00,22.93,22.7,23.2,60,1.0
2024-08-15 08:00,22.93,22.7,23.2,60,1.0
2024-08-15 09:00,22.95,22.7,23.3,60,1.0
2024-08-15 10:00,22.92,22.7,23.2,60,1.0
2024-08-15 11:00,22.86,22.6,23.2,59,0.983
2024-08-15 12:00,22.87,22.7,23.3,60,1.0
2024-08-15 13:00,22.84,22.6,23.1,60,1.0
2024-08-15 14:00,22.76,22.6,23.0,60,1.0
2024-08-15 15:00,22.69,22.5,23.0,59,0.983
2024-08-15 16:00,22.7,22.5,23.0,60,1.0
2024-08-15 17:00,22.65,22.5,23.0,60,1.0
2024-08-15 18:00,22.69,22.5,23.0,60,1.0
2024-08-15 19:00,22.68,22.5,23.0,60,1.0
2024-08-15 20:00,22.67,22.4,22.8,60,1.0
2024-08-15 21:00,22.67,22.5,22.9,60,1.0
2024-08-15 22:00,22.71,22.5,22.9,60,1.0
2024-08-15 23:00,22.74,22.5,22.9,60,1.0
2024-08-16 00:00,22.74,22.6,23.0,60,1.0
2024-08-16 01:00,22.74,22.5,23.0,60,1.0
2024-08-16 02:00,22.78,22.6,23.0,59,0.983
2024-08-16 03:00,22.83,22.6,23.1,50,0.833
2024-08-16 04:00,22.84,22.7,23.2,50,0.833
2024-08-16 05:00,22.87,22.7,23.1,59,0.983
2024-08-16 06:00,22.89,22.7,23.2,50,0.833
2024-08-16 07:00,22.97,22.7,23.2,43,0.717
2024-08-16 08:00,22.94,22.7,23.2,59,0.983
2024-08-16 09:00,22.96,22.7,23.2,60,1.0
2024-08-16 10:00,22.91,22.7,23.1,60,1.0
2024-08-16 11:00,22.86,22.7,23.1,60,1.0
2024-08-16 12:00,22.86,22.6,23.2,59,0.983
2024-08-16 13:00,22.76,22.6,23.1,60,1.0
2024-08-16 14:00,22.73,22.5,23.0,60,1.0
2024-08-16 15:00,22.68,22.5,23.0,60,1.0
2024-08-16 16:00,22.7,22.5,23.0,60,1.0
2024-08-16 17:00,22.67,22.4,22.9,60,1.0
2024-08-16 18:00,22.6,22.4,22.9,60,1.0
2024-08-16 19:00,22.59,22.4,22.8,60,1.0
2024-08-16 20:00,22.58,22.4,22.9,60,1.0
2024-08-16 21:00,22.62,22.4,22.8,59,0.983
2024-08-16 22:00,22.67,22.5,22.9,60,1.0
2024-08-16 23:00,22.68,22.5,23.0,60,1.0
2024-08-17 00:00,22.7,22.5,22.9,60,1.0
2024-08-17 01:00,22.7,22.5,22.9,60,1.0
2024-08-17 02:00,22.74,22.6,23.2,60,1.0
2024-08-17 03:00,22.76,22.6,23.0,60,1.0
2024-08-17 04:00,22.79,22.6,23.0,60,1.0
2024-08-17 05:00,22.83,22.6,23.0,60,1.0
2024-08-17 06:00,22.83,22.6,23.0,60,1.0
2024-08-17 07:00,22.93,22.7,23.2,60,1.0
2024-08-17 08:00,22.94,22.8,23.1,60,1.0
2024-08-17 09:00,22.98,22.8,23.2,60,1.0
2024-08-17 10:00,22.97,22.7,23.2,60,1.0
2024-08-17 11:00,22.94,22.7,23.2,59,0.983
2024-08-17 12:00,22.92,22.7,23.1,51,0.85
2024-08-17 13:00,22.91,22.7,23.1,57,0.95
2024-08-17 14:00,22.88,22.7,23.2,60,1.0
2024-08-17 15:00,22.85,22.6,23.1,57,0.95
2024-08-17 16:00,22.78,22.6,23.1,60,1.0
2024-08-17 17:00,22.78,22.6,23.0,58,0.967
2024-08-17 18:00,22.78,22.6,23.0,54,0.9
2024-08-17 19:00,22.73,22.6,22.9,51,0.85
2024-08-17 20:00,22.71,22.5,22.9,60,1.0
2024-08-17 21:00,22.76,22.6,23.1,44,0.733
2024-08-17 22:00,22.8,22.6,23.1,57,0.95
2024-08-17 23:00,22.83,22.6,23.0,60,1.0
2024-08-18 00:00,22.81,22.6,23.1,60,1.0
2024-08-18 01:00,22.82,22.6,23.1,60,1.0
2024-08-18 02:00,22.86,22.6,23.1,60,1.0
2024-08-18 03:00,22.87,22.7,23.1,60,1.0
2024-08-18 04:00,22.89,22.7,23.1,60,1.0
2024-08-18 05:00,22.11,21.0,23.1,60,1.0
2024-08-18 06:00,21.19,21.1,21.3,60,1.0
2024-08-18 07:00,21.3,21.1,21.6,60,1.0
2024-08-18 08:00,21.41,21.2,21.6,60,1.0
2024-08-18 09:00,21.53,21.4,21.8,60,1.0
2024-08-18 10:00,21.72,21.6,22.0,60,1.0
2024-08-18 11:00,21.91,21.7,22.3,60,1.0
2024-08-18 12:00,22.36,22.0,22.7,60,1.0
2024-08-18 13:00,22.84,22.4,23.2,60,1.0
2024-08-18 14:00,23.21,23.0,23.5,60,1.0
2024-08-18 15:00,23.5,23.3,23.8,60,1.0
2024-08-18 16:00,23.66,23.4,23.9,60,1.0
2024-08-18 17:00,23.8,23.5,24.1,59,0.983
2024-08-18 18:00,23.84,23.5,24.1,59,0.983
2024-08-18 19:00,22.82,22.6,23.5,60,1.0
2024-08-18 20:00,22.8,22.6,23.1,60,1.0
2024-08-18 21:00,22.89,22.7,23.0,60,1.0
2024-08-18 22:00,22.91,22.8,23.2,60,1.0
2024-08-18 23:00,23.0,22.9,23.1,60,1.0
2024-08-19 00:00,23.1,23.0,23.4,60,1.0
2024-08-19 01:00,23.18,23.1,23.5,60,1.0
2024-08-19 02:00,23.27,23.1,23.5,60,1.0
2024-08-19 03:00,23.35,23.2,23.5,55,0.917
2024-08-19 04:00,23.09,22.9,23.5,44,0.733
2024-08-19 05:00,23.01,22.8,23.2,58,0.967
2024-08-19 06:00,22.76,22.6,23.1,60,1.0
2024-08-19 07:00,22.76,22.6,22.9,60,1.0
2024-08-19 08:00,22.91,22.7,23.1,60,1.0
2024-08-19 09:00,23.14,23.0,23.4,60,1.0
2024-08-19 10:00,23.36,23.2,23.6,60,1.0
2024-08-19 11:00,23.73,23.4,24.2,60,1.0
2024-08-19 12:00,24.01,23.8,24.3,60,1.0
2024-08-19 13:00,24.26,24.0,24.5,60,1.0
2024-08-19 14:00,24.42,24.2,24.7,60,1.0
2024-08-19 15:00,24.58,24.3,24.9,60,1.0
2024-08-19 16:00,24.66,24.4,24.9,60,1.0
2024-08-19 17:00,24.7,24.4,24.9,60,1.0
2024-08-19 18:00,24.63,24.4,24.9,59,0.983
2024-08-19 19:00,24.66,24.4,24.9,60,1.0
2024-08-19 20:00,24.68,24.5,25.0,59,0.983
2024-08-19 21:00,24.74,24.5,25.0,60,1.0
2024-08-19 22:00,24.74,24.5,24.9,60,1.0
2024-08-19 23:00,24.68,24.5,25.0,60,1.0
2024-08-20 00:00,24.61,23.9,24.9,60,1.0
2024-08-20 01:00,24.6,24.6,24.6,1,0.017
2024-08-20 11:00,25.28,25.1,25.5,52,0.867
2024-08-20 12:00,25.33,25.1,25.6,60,1.0
2024-08-20 13:00,25.38,25.2,25.6,60,1.0
2024-08-20 14:00,25.32,25.1,25.7,60,1.0
2024-08-20 15:00,25.24,25.1,25.4,60,1.0
2024-08-20 16:00,25.27,25.1,25.6,60,1.0
2024-08-20 17:00,25.24,25.0,25.5,60,1.0
2024-08-20 18:00,24.82,23.2,25.5,60,1.0
2024-08-20 19:00,23.24,23.1,23.5,60,1.0
2024-08-20 20:00,23.32,23.2,23.6,60,1.0
2024-08-20 21:00,23.31,23.2,23.5,60,1.0
2024-08-20 22:00,23.32,23.2,23.5,60,1.0
2024-08-20 23:00,23.35,23.2,23.5,60,1.0
2024-08-21 00:00,23.4,23.3,23.7,60,1.0
2024-08-21 01:00,23.48,23.3,23.7,60,1.0
2024-08-21 02:00,23.54,23.4,23.7,60,1.0
2024-08-21 03:00,23.4,22.0,23.9,60,1.0
2024-08-21 04:00,23.08,22.3,23.5,60,1.0
2024-08-21 05:00,22.93,22.1,23.4,60,1.0
2024-08-21 06:00,22.57,22.3,23.2,60,1.0
2024-08-21 07:00,23.39,23.1,23.7,60,1.0
2024-08-21 08:00,23.73,23.5,24.0,60,1.0
2024-08-21 09:00,23.99,23.7,24.3,60,1.0
2024-08-21 10:00,24.3,24.0,24.6,60,1.0
2024-08-21 11:00,24.66,24.4,25.1,60,1.0
2024-08-21 12:00,24.94,24.7,25.2,60,1.0
2024-08-21 13:00,24.37,23.7,25.1,60,1.0
2024-08-21 14:00,24.09,23.5,24.6,60,1.0
2024-08-21 15:00,24.27,23.7,24.7,60,1.0
2024-08-21 16:00,24.31,23.8,24.7,60,1.0
2024-08-21 17:00,24.9,24.2,25.3,60,1.0
2024-08-21 18:00,25.02,24.6,25.3,60,1.0
2024-08-21 19:00,25.17,24.9,25.5,60,1.0
2024-08-21 20:00,25.19,25.0,25.5,60,1.0
2024-08-21 21:00,25.23,24.9,25.5,60,1.0
2024-08-21 22:00,25.32,25.0,25.6,60,1.0
2024-08-21 23:00,25.19,24.7,25.6,60,1.0
2024-08-22 00:00,24.79,24.5,25.1,60,1.0
2024-08-22 01:00,24.79,24.4,25.1,59,0.983
2024-08-22 02:00,24.62,24.4,24.9,60,1.0
2024-08-22 03:00,24.6,24.2,24.8,60,1.0
2024-08-22 04:00,24.83,24.5,25.4,54,0.9
2024-08-22 05:00,25.35,25.2,25.6,48,0.8
2024-08-22 06:00,25.37,25.2,25.7,59,0.983
2024-08-22 07:00,25.42,25.2,25.6,59,0.983
2024-08-22 08:00,25.55,25.2,26.0,60,1.0
2024-08-22 09:00,25.69,25.4,26.0,60,1.0
2024-08-22 10:00,25.77,25.4,26.1,60,1.0
2024-08-22 11:00,25.78,25.5,26.2,60,1.0
2024-08-22 12:00,25.93,25.7,26.2,60,1.0
2024-08-22 13:00,25.97,25.7,26.2,60,1.0
2024-08-22 14:00,25.77,25.6,26.1,59,0.983
2024-08-22 15:00,25.83,25.6,26.2,60,1.0
2024-08-22 16:00,25.7,25.5,26.0,60,1.0
2024-08-22 17:00,25.67,25.4,25.9,60,1.0
2024-08-22 18:00,25.38,25.1,25.7,60,1.0
2024-08-22 19:00,25.27,25.0,25.5,60,1.0
2024-08-22 20:00,25.2,25.0,25.5,60,1.0
2024-08-22 21:00,25.28,25.1,25.5,60,1.0
2024-08-22 22:00,25.26,25.0,25.7,60,1.0
2024-08-22 23:00,25.2,25.0,25.5,60,1.0
2024-08-23 00:00,25.27,25.0,25.5,60,1.0
2024-08-23 01:00,25.21,25.0,25.5,60,1.0
2024-08-23 02:00,25.27,25.0,25.6,60,1.0
2024-08-23 03:00,25.39,25.1,25.6,59,0.983
2024-08-23 04:00,25.39,25.1,25.8,60,1.0
2024-08-23 05:00,25.4,25.2,25.7,60,1.0
2024-08-23 06:00,25.46,25.2,25.7,60,1.0
2024-08-23 07:00,25.45,25.2,25.8,60,1.0
2024-08-23 08:00,25.62,25.3,25.9,60,1.0
2024-08-23 09:00,25.67,25.4,25.9,58,0.967
2024-08-23 10:00,25.73,25.5,26.0,58,0.967
2024-08-23 11:00,25.75,25.5,26.1,60,1.0
2024-08-23 12:00,25.84,25.6,26.2,60,1.0
2024-08-23 13:00,25.74,25.5,26.0,59,0.983
2024-08-23 14:00,25.58,25.3,25.9,60,1.0
2024-08-23 15:00,25.45,25.3,25.7,58,0.967
2024-08-23 16:00,25.44,25.2,25.7,45,0.75
2024-08-23 17:00,25.49,25.2,25.9,56,0.933
2024-08-23 18:00,25.44,25.2,25.7,50,0.833
2024-08-23 19:00,25.52,25.3,25.8,45,0.75
2024-08-23 20:00,25.45,25.3,25.6,6,0.1
2024-08-24 11:00,25.38,25.2,25.8,12,0.2
2024-08-24 12:00,25.33,25.1,25.6,60,1.0
2024-08-24 13:00,25.21,25.0,25.5,60,1.0
2024-08-24 14:00,25.16,24.9,25.4,60,1.0
2024-08-24 15:00,25.03,24.8,25.4,60,1.0
2024-08-24 16:00,25.03,24.8,25.3,60,1.0
2024-08-24 17:00,24.84,24.6,25.1,60,1.0
2024-08-24 18:00,24.75,24.6,25.1,57,0.95
2024-08-24 19:00,24.8,24.6,25.0,60,1.0
2024-08-24 20:00,24.7,24.5,25.1,60,1.0
2024-08-24 21:00,24.74,24.5,25.0,59,0.983
2024-08-24 22:00,24.77,24.5,25.1,56,0.933
2024-08-24 23:00,24.76,24.5,25.0,60,1.0
2024-08-25 00:00,24.83,24.6,25.0,52,0.867
2024-08-25 01:00,24.85,24.6,25.1,50,0.833
2024-08-25 02:00,24.97,24.7,25.4,60,1.0
2024-08-25 03:00,24.92,24.7,25.3,60,1.0
2024-08-25 04:00,25.03,24.8,25.3,60,1.0
2024-08-25 05:00,24.99,24.7,25.4,60,1.0
2024-08-25 06:00,25.05,24.9,25.3,60,1.0
2024-08-25 07:00,25.0,24.7,25.3,60,1.0
2024-08-25 08:00,24.93,24.7,25.2,60,1.0
2024-08-25 09:00,24.86,24.7,25.3,60,1.0
2024-08-25 10:00,24.82,24.6,25.0,60,1.0
2024-08-25 11:00,24.7,24.4,25.0,60,1.0
2024-08-25 12:00,24.69,24.5,24.9,60,1.0
2024-08-25 13:00,24.62,24.3,25.0,60,1.0
2024-08-25 14:00,24.5,24.3,24.8,60,1.0
2024-08-25 15:00,24.32,24.0,24.7,58,0.967
2024-08-25 16:00,24.27,24.1,24.5,60,1.0
2024-08-25 17:00,24.18,24.0,24.4,60,1.0
2024-08-25 18:00,24.22,24.0,24.5,60,1.0
2024-08-25 19:00,24.16,24.0,24.4,60,1.0
2024-08-25 20:00,24.12,23.9,24.4,60,1.0
2024-08-25 21:00,24.08,23.9,24.3,60,1.0
2024-08-25 22:00,24.09,23.9,24.4,60,1.0
2024-08-25 23:00,24.15,23.9,24.3,60,1.0
2024-08-26 00:00,24.16,23.9,24.4,60,1.0
2024-08-26 01:00,24.17,24.0,24.5,60,1.0
2024-08-26 02:00,24.16,23.9,24.5,60,1.0
2024-08-26 03:00,24.21,24.0,24.4,60,1.0
2024-08-26 04:00,24.19,24.0,24.5,60,1.0
2024-08-26 05:00,24.18,24.0,24.4,60,1.0
2024-08-26 06:00,24.16,24.0,24.4,60,1.0
2024-08-26 07:00,24.17,24.0,24.5,60,1.0
2024-08-26 08:00,24.14,23.9,24.4,60,1.0
2024-08-26 09:00,24.11,23.9,24.6,60,1.0
2024-08-26 10:00,24.04,23.8,24.3,60,1.0
2024-08-26 11:00,23.94,23.7,24.2,60,1.0
2024-08-26 12:00,23.91,23.7,24.2,60,1.0
2024-08-26 13:00,23.86,23.6,24.3,60,1.0
2024-08-26 14:00,23.86,23.6,24.1,60,1.0
2024-08-26 15:00,23.83,23.6,24.1,60,1.0
2024-08-26 16:00,23.72,23.5,23.9,60,1.0
2024-08-26 17:00,23.62,23.4,23.9,59,0.983
2024-08-26 18:00,23.6,23.4,23.8,60,1.0
2024-08-26 19:00,23.6,23.4,23.8,60,1.0
2024-08-26 20:00,23.55,23.3,23.8,59,0.983
2024-08-26 21:00,23.52,23.3,23.8,60,1.0
2024-08-26 22:00,23.56,23.3,23.8,60,1.0
2024-08-26 23:00,23.55,23.3,23.8,59,0.983
2024-08-27 00:00,23.54,23.2,23.8,60,1.0
2024-08-27 01:00,23.57,23.3,23.9,60,1.0
2024-08-27 02:00,23.61,23.4,23.8,56,0.933
2024-08-27 03:00,23.68,23.4,24.0,50,0.833
2024-08-27 04:00,23.68,23.5,24.0,60,1.0
2024-08-27 05:00,23.65,23.4,24.0,60,1.0
2024-08-27 06:00,23.67,23.5,23.9,60,1.0
2024-08-27 07:00,23.71,23.5,24.0,60,1.0
2024-08-27 08:00,23.7,23.5,24.0,60,1.0
2024-08-27 09:00,23.66,23.4,23.9,60,1.0
2024-08-27 10:00,23.64,23.4,23.9,60,1.0
2024-08-27 11:00,23.56,23.3,23.8,60,1.0
2024-08-27 12:00,23.52,23.3,23.7,60,1.0
2024-08-27 13:00,23.46,23.2,23.7,59,0.983
2024-08-27 14:00,23.38,23.2,23.5,60,1.0
2024-08-27 15:00,23.38,23.2,23.6,60,1.0
2024-08-27 16:00,23.39,23.1,23.6,60,1.0
2024-08-27 17:00,23.3,23.1,23.5,60,1.0
2024-08-27 18:00,23.28,23.1,23.5,60,1.0
2024-08-27 19:00,23.32,23.1,23.6,60,1.0
2024-08-27 20:00,23.28,23.1,23.6,60,1.0
2024-08-27 21:00,23.24,23.1,23.5,60,1.0
2024-08-27 22:00,23.3,23.1,23.5,60,1.0
2024-08-27 23:00,23.29,23.1,23.6,60,1.0
2024-08-28 00:00,23.33,23.1,23.6,60,1.0
2024-08-28 01:00,23.37,23.1,23.6,60,1.0
2024-08-28 02:00,23.41,23.2,23.7,60,1.0
2024-08-28 03:00,23.44,23.2,23.7,60,1.0
2024-08-28 04:00,23.42,23.2,23.7,60,1.0
2024-08-28 05:00,23.46,23.3,23.7,60,1.0
2024-08-28 06:00,23.47,23.3,23.8,60,1.0
2024-08-28 07:00,23.51,23.3,23.7,60,1.0
2024-08-28 08:00,23.5,23.3,23.8,60,1.0
2024-08-28 09:00,23.46,23.3,23.7,60,1.0
2024-08-28 10:00,23.32,23.1,23.5,60,1.0
2024-08-28 11:00,23.18,23.0,23.4,60,1.0
2024-08-28 12:00,23.17,23.0,23.5,60,1.0
2024-08-28 13:00,23.18,22.9,23.5,60,1.0
2024-08-28 14:00,23.11,22.9,23.4,60,1.0
2024-08-28 15:00,23.06,22.8,23.3,60,1.0
2024-08-28 16:00,23.02,22.8,23.3,60,1.0
2024-08-28 17:00,23.01,22.8,23.2,60,1.0
2024-08-28 18:00,22.98,22.8,23.3,48,0.8
2024-08-28 19:00,22.99,22.8,23.2,58,0.967
2024-08-28 20:00,22.98,22.8,23.2,60,1.0
2024-08-28 21:00,22.95,22.8,23.3,60,1.0
2024-08-28 22:00,22.99,22.8,23.3,60,1.0
2024-08-28 23:00,23.1,22.9,23.3,60,1.0
2024-08-29 00:00,23.13,22.9,23.3,60,1.0
2024-08-29 01:00,23.16,22.9,23.4,60,1.0
2024-08-29 02:00,23.19,23.0,23.5,53,0.883
2024-08-29 03:00,23.22,23.0,23.4,60,1.0
2024-08-29 04:00,23.22,23.0,23.5,60,1.0
2024-08-29 05:00,23.62,23.0,24.0,60,1.0
2024-08-29 06:00,23.84,23.6,24.2,60,1.0
2024-08-29 07:00,23.86,23.7,24.2,60,1.0
2024-08-29 08:00,23.85,23.6,24.2,60,1.0
2024-08-29 09:00,23.83,23.6,24.0,60,1.0
2024-08-29 10:00,23.82,23.6,24.1,60,1.0
2024-08-29 11:00,23.72,23.5,24.0,60,1.0
2024-08-29 12:00,23.71,23.5,24.0,60,1.0
2024-08-29 13:00,23.61,23.4,23.8,60,1.0
2024-08-29 14:00,23.58,23.4,23.9,60,1.0
2024-08-29 15:00,23.56,23.4,23.9,60,1.0
2024-08-29 16:00,23.53,23.3,23.8,60,1.0
2024-08-29 17:00,23.49,23.3,23.7,60,1.0
2024-08-29 18:00,23.44,23.3,23.6,60,1.0
2024-08-29 19:00,23.47,23.3,23.8,60,1.0
2024-08-29 20:00,23.44,23.2,23.8,60,1.0
2024-08-29 21:00,23.46,23.3,23.7,60,1.0
2024-08-29 22:00,23.46,23.3,23.7,60,1.0
2024-08-29 23:00,23.56,23.3,23.8,59,0.983
2024-08-30 00:00,23.57,23.3,23.9,49,0.817
2024-08-30 01:00,23.63,23.4,23.9,60,1.0
2024-08-30 02:00,23.65,23.4,24.0,60,1.0
2024-08-30 03:00,23.67,23.5,23.9,60,1.0
2024-08-30 04:00,23.62,23.5,23.9,60,1.0
2024-08-30 05:00,23.65,23.5,23.8,60,1.0
2024-08-30 06:00,23.69,23.5,24.0,60,1.0
2024-08-30 07:00,23.77,23.6,24.0,60,1.0
2024-08-30 08:00,23.74,23.5,23.9,60,1.0
2024-08-30 09:00,23.72,23.5,24.0,60,1.0
2024-08-30 10:00,23.75,23.5,24.0,60,1.0
2024-08-30 11:00,23.61,23.4,24.0,60,1.0
2024-08-30 12:00,23.59,23.4,23.8,60,1.0
2024-08-30 13:00,23.56,23.3,23.9,60,1.0
2024-08-30 14:00,23.48,23.3,23.8,60,1.0
2024-08-30 15:00,23.44,23.2,23.7,60,1.0
2024-08-30 16:00,23.45,23.2,23.8,60,1.0
2024-08-30 17:00,23.37,23.2,23.6,60,1.0
2024-08-30 18:00,23.35,23.1,23.6,60,1.0
2024-08-30 19:00,23.38,23.1,23.7,60,1.0
2024-08-30 20:00,23.39,23.2,23.6,60,1.0
2024-08-30 21:00,23.38,23.2,23.7,60,1.0
2024-08-30 22:00,23.36,23.2,23.7,60,1.0
2024-08-30 23:00,23.4,23.2,23.7,60,1.0
2024-08-31 00:00,23.43,23.2,23.8,60,1.0
2024-08-31 01:00,23.48,23.3,23.7,59,0.983
2024-08-31 02:00,23.5,23.3,23.7,60,1.0
2024-08-31 03:00,23.52,23.3,23.7,60,1.0
2024-08-31 04:00,23.57,23.3,23.8,60,1.0
2024-08-31 05:00,23.57,23.4,23.8,60,1.0
2024-08-31 06:00,23.59,23.4,24.0,60,1.0
2024-08-31 07:00,23.61,23.5,23.9,60,1.0
2024-08-31 08:00,23.65,23.4,23.9,52,0.867
2024-08-31 09:00,23.61,23.4,23.9,59,0.983
2024-08-31 10:00,23.58,23.3,23.8,60,1.0
2024-08-31 11:00,23.44,23.3,23.7,60,1.0
2024-08-31 12:00,23.49,23.3,23.8,60,1.0
2024-08-31 13:00,23.39,23.2,23.6,60,1.0
2024-08-31 14:00,23.34,23.1,23.6,60,1.0
2024-08-31 15:00,23.29,23.1,23.6,60,1.0
2024-08-31 16:00,23.25,23.1,23.5,60,1.0
2024-08-31 17:00,23.28,23.1,23.7,60,1.0
2024-08-31 18:00,23.25,23.1,23.5,59,0.983
2024-08-31 19:00,23.24,23.0,23.5,60,1.0
2024-08-31 20:00,23.3,23.1,23.5,60,1.0
2024-08-31 21:00,23.31,23.1,23.6,60,1.0
2024-08-31 22:00,23.32,23.1,23.5,59,0.983
2024-08-31 23:00,23.33,23.1,23.6,60,1.0
2024-09-01 00:00,23.36,23.1,23.6,60,1.0
2024-09-01 01:00,23.4,23.1,23.7,60,1.0
2024-09-01 02:00,23.42,23.2,23.6,60,1.0
2024-09-01 03:00,23.44,23.2,23.6,60,1.0
2024-09-01 04:00,23.48,23.2,23.7,60,1.0
2024-09-01 05:00,23.5,23.3,23.7,60,1.0
2024-09-01 06:00,23.45,23.3,23.7,60,1.0
2024-09-01 07:00,23.5,23.3,23.7,60,1.0
2024-09-01 08:00,23.5,23.3,23.8,60,1.0
2024-09-01 09:00,23.5,23.3,23.7,60,1.0
2024-09-01 10:00,23.47,23.3,23.7,60,1.0
2024-09-01 11:00,23.32,23.1,23.6,60,1.0
2024-09-01 12:00,23.35,23.1,23.6,60,1.0
2024-09-01 13:00,23.29,23.1,23.6,60,1.0
2024-09-01 14:00,23.22,23.0,23.5,60,1.0
2024-09-01 15:00,23.14,23.0,23.4,60,1.0
2024-09-01 16:00,23.11,22.9,23.4,60,1.0
2024-09-01 17:00,23.09,22.9,23.3,59,0.983
2024-09-01 18:00,23.11,22.9,23.4,60,1.0
2024-09-01 19:00,23.09,22.9,23.3,59,0.983
2024-09-01 20:00,23.12,22.9,23.3,60,1.0
2024-09-01 21:00,23.13,22.9,23.4,60,1.0
2024-09-01 22:00,23.11,22.9,23.3,60,1.0
2024-09-01 23:00,23.14,22.9,23.4,60,1.0
2024-09-02 00:00,23.11,22.9,23.5,60,1.0
2024-09-02 01:00,23.13,23.0,23.3,60,1.0
2024-09-02 02:00,23.2,23.0,23.5,60,1.0
2024-09-02 03:00,23.24,23.0,23.5,60,1.0
2024-09-02 04:00,23.26,23.0,23.6,60,1.0
2024-09-02 05:00,23.27,23.1,23.5,60,1.0
2024-09-02 06:00,23.27,23.1,23.5,60,1.0
2024-09-02 07:00,23.28,23.1,23.6,60,1.0
2024-09-02 08:00,23.28,23.1,23.5,60,1.0
2024-09-02 09:00,23.28,23.1,23.6,60,1.0
2024-09-02 10:00,23.24,23.1,23.5,60,1.0
2024-09-02 11:00,23.21,23.0,23.5,60,1.0
2024-09-02 12:00,23.24,23.0,23.4,60,1.0
2024-09-02 13:00,23.15,23.0,23.3,60,1.0
2024-09-02 14:00,23.15,22.9,23.4,60,1.0
2024-09-02 15:00,23.11,22.9,23.4,59,0.983
2024-09-02 16:00,23.08,22.9,23.4,60,1.0
2024-09-02 17:00,23.06,22.9,23.3,60,1.0
2024-09-02 18:00,23.06,22.9,23.4,60,1.0
2024-09-02 19:00,23.06,22.9,23.3,55,0.917
2024-09-02 20:00,23.02,22.8,23.5,47,0.783
2024-09-02 21:00,23.03,22.8,23.3,59,0.983
2024-09-02 22:00,23.07,22.8,23.3,60,1.0
2024-09-02 23:00,23.13,22.9,23.5,60,1.0
2024-09-03 00:00,23.11,22.9,23.4,60,1.0
2024-09-03 01:00,23.11,22.9,23.3,60,1.0
2024-09-03 02:00,23.15,22.9,23.4,60,1.0
2024-09-03 03:00,23.15,23.0,23.4,60,1.0
2024-09-03 04:00,23.21,23.0,23.6,60,1.0
2024-09-03 05:00,23.23,23.0,23.5,60,1.0
2024-09-03 06:00,23.21,23.0,23.5,60,1.0
2024-09-03 07:00,23.19,23.0,23.5,60,1.0
2024-09-03 08:00,23.17,23.0,23.4,60,1.0
2024-09-03 09:00,22.2,21.2,23.4,58,0.967
2024-09-03 10:00,21.41,21.3,21.6,60,1.0
2024-09-03 11:00,21.56,21.4,21.8,60,1.0
2024-09-03 12:00,21.85,21.6,22.2,60,1.0
2024-09-03 13:00,22.27,21.9,22.6,60,1.0
2024-09-03 14:00,22.63,22.4,23.0,60,1.0
2024-09-03 15:00,22.97,22.7,23.2,60,1.0
2024-09-03 16:00,23.24,23.0,23.6,60,1.0
2024-09-03 17:00,23.54,23.3,23.8,60,1.0
2024-09-03 18:00,23.82,23.5,24.1,60,1.0
2024-09-03 19:00,23.98,23.8,24.2,60,1.0
2024-09-03 20:00,24.22,24.0,24.5,60,1.0
2024-09-03 21:00,24.36,24.2,24.6,60,1.0
2024-09-03 22:00,24.49,24.3,24.8,60,1.0
2024-09-03 23:00,24.44,24.3,24.7,60,1.0
2024-09-04 00:00,24.54,24.4,24.7,60,1.0
2024-09-04 01:00,24.65,24.5,24.9,60,1.0
2024-09-04 02:00,24.74,24.6,24.9,60,1.0
2024-09-04 03:00,24.83,24.7,25.1,60,1.0
2024-09-04 04:00,24.84,24.7,25.0,60,1.0
2024-09-04 05:00,24.96,24.8,25.2,60,1.0
2024-09-04 06:00,25.06,24.9,25.2,60,1.0
2024-09-04 07:00,25.17,25.0,25.4,60,1.0
2024-09-04 08:00,25.35,25.1,25.7,60,1.0
2024-09-04 09:00,25.62,25.3,26.0,60,1.0
2024-09-04 10:00,25.81,25.4,26.1,60,1.0
2024-09-04 11:00,26.22,25.8,26.7,60,1.0
2024-09-04 12:00,26.68,26.3,27.2,60,1.0
2024-09-04 13:00,26.92,26.7,27.2,47,0.783
2024-09-04 14:00,27.03,26.7,27.4,60,1.0
2024-09-04 15:00,27.11,26.9,27.3,60,1.0
2024-09-04 16:00,26.94,26.6,27.3,60,1.0
2024-09-04 17:00,26.78,26.5,27.0,60,1.0
2024-09-04 18:00,26.72,26.5,27.0,60,1.0
2024-09-04 19:00,26.91,26.4,27.3,60,1.0
2024-09-04 20:00,27.25,27.0,27.5,60,1.0
2024-09-04 21:00,27.38,27.1,27.6,60,1.0
2024-09-04 22:00,27.44,27.2,27.8,60,1.0
2024-09-04 23:00,27.46,27.2,27.7,60,1.0
2024-09-05 00:00,27.49,27.2,27.8,60,1.0
2024-09-05 01:00,27.52,27.3,27.8,60,1.0
2024-09-05 02:00,27.51,27.3,27.9,60,1.0
2024-09-05 03:00,27.59,27.3,27.8,60,1.0
2024-09-05 04:00,27.6,27.3,27.8,60,1.0
2024-09-05 05:00,27.63,27.4,27.9,60,1.0
2024-09-05 06:00,27.59,27.4,27.9,60,1.0
2024-09-05 07:00,27.59,27.3,27.9,60,1.0
2024-09-05 08:00,27.56,27.4,27.8,60,1.0
2024-09-05 09:00,27.66,27.4,27.9,59,0.983
2024-09-05 10:00,27.31,25.6,28.0,59,0.983
2024-09-05 11:00,25.68,25.5,25.9,60,1.0
2024-09-05 12:00,25.72,25.6,25.9,60,1.0
2024-09-05 13:00,25.76,25.6,25.9,58,0.967
2024-09-05 14:00,25.8,25.7,26.0,60,1.0
2024-09-05 15:00,25.79,25.7,26.0,60,1.0
2024-09-05 16:00,25.86,25.7,26.1,59,0.983
2024-09-05 17:00,25.88,25.6,26.2,60,1.0
2024-09-05 18:00,26.02,25.8,26.4,60,1.0
2024-09-05 19:00,27.7,26.4,29.0,60,1.0
2024-09-05 20:00,29.78,28.8,30.5,60,1.0
2024-09-05 21:00,30.92,30.4,31.5,60,1.0
2024-09-05 22:00,31.56,31.2,31.9,60,1.0
2024-09-05 23:00,31.98,31.7,32.3,60,1.0
2024-09-06 00:00,32.26,32.0,32.6,51,0.85
2024-09-06 01:00,32.43,32.2,32.7,50,0.833
2024-09-06 02:00,32.66,32.4,32.8,59,0.983
2024-09-06 03:00,32.77,32.6,33.1,60,1.0
2024-09-06 04:00,32.89,32.8,33.1,58,0.967
2024-09-06 05:00,32.98,32.8,33.3,47,0.783
2024-09-06 06:00,33.02,32.9,33.2,56,0.933
2024-09-06 07:00,33.14,33.0,33.4,60,1.0
2024-09-06 08:00,33.26,33.1,33.5,60,1.0
2024-09-06 09:00,33.24,33.1,33.5,60,1.0
2024-09-06 10:00,33.34,33.1,33.5,60,1.0
2024-09-06 11:00,33.28,32.8,33.7,60,1.0
2024-09-06 12:00,33.29,33.1,33.6,60,1.0
2024-09-06 13:00,33.24,33.1,33.6,60,1.0
2024-09-06 14:00,33.22,33.0,33.6,60,1.0
2024-09-06 15:00,33.22,33.0,33.6,60,1.0
2024-09-06 16:00,33.14,33.0,33.4,60,1.0
2024-09-06 17:00,33.17,32.9,33.4,58,0.967
2024-09-06 18:00,33.13,32.9,33.4,59,0.983
2024-09-06 19:00,33.16,32.9,33.4,60,1.0
2024-09-06 20:00,33.15,33.0,33.5,60,1.0
2024-09-06 21:00,33.16,33.0,33.5,60,1.0
2024-09-06 22:00,33.21,33.0,33.6,60,1.0
2024-09-06 23:00,33.25,33.0,33.6,60,1.0
2024-09-07 00:00,33.27,33.0,33.5,60,1.0
2024-09-07 01:00,33.26,32.9,33.5,60,1.0
2024-09-07 02:00,33.24,33.0,33.5,60,1.0
2024-09-07 03:00,33.26,33.0,33.6,60,1.0
2024-09-07 04:00,33.27,33.0,33.5,60,1.0
2024-09-07 05:00,33.32,33.1,33.7,60,1.0
2024-09-07 06:00,33.3,33.1,33.6,60,1.0
2024-09-07 07:00,33.26,33.1,33.6,60,1.0
2024-09-07 08:00,33.27,33.1,33.5,60,1.0
2024-09-07 09:00,33.31,33.1,33.6,60,1.0
2024-09-07 10:00,33.32,33.1,33.6,60,1.0
2024-09-07 11:00,33.52,33.1,33.9,60,1.0
2024-09-07 12:00,33.82,33.6,34.2,60,1.0
2024-09-07 13:00,33.98,33.7,34.3,60,1.0
2024-09-07 14:00,33.88,33.6,34.3,57,0.95
2024-09-07 15:00,33.73,33.5,34.1,47,0.783
2024-09-07 16:00,33.62,33.4,33.9,60,1.0
2024-09-07 17:00,33.61,33.3,34.0,60,1.0
2024-09-07 18:00,33.52,33.1,34.0,60,1.0
2024-09-07 19:00,33.76,33.5,34.1,60,1.0
2024-09-07 20:00,33.7,33.5,33.9,60,1.0
2024-09-07 21:00,33.71,33.5,34.0,60,1.0
2024-09-07 22:00,33.74,33.5,34.1,60,1.0
2024-09-07 23:00,33.72,33.5,34.0,60,1.0
2024-09-08 00:00,33.72,33.5,34.0,60,1.0
2024-09-08 01:00,33.78,33.4,34.1,60,1.0
2024-09-08 02:00,33.77,33.5,34.1,60,1.0
2024-09-08 03:00,33.76,33.4,34.1,60,1.0
2024-09-08 04:00,33.72,33.5,34.1,60,1.0
2024-09-08 05:00,33.65,33.4,33.9,60,1.0
2024-09-08 06:00,33.65,33.4,33.9,60,1.0
2024-09-08 07:00,33.56,33.3,33.8,60,1.0
2024-09-08 08:00,33.49,33.3,33.8,60,1.0
2024-09-08 09:00,33.58,33.4,33.9,60,1.0
2024-09-08 10:00,33.58,33.3,33.9,60,1.0
2024-09-08 11:00,33.51,33.2,33.9,60,1.0
2024-09-08 12:00,33.72,33.4,34.0,60,1.0
2024-09-08 13:00,33.68,33.4,34.0,59,0.983
2024-09-08 14:00,33.61,33.4,33.9,60,1.0
2024-09-08 15:00,33.5,33.2,33.9,60,1.0
2024-09-08 16:00,33.39,33.2,33.7,60,1.0
2024-09-08 17:00,33.35,33.1,33.6,60,1.0
2024-09-08 18:00,33.34,32.8,33.7,60,1.0
2024-09-08 19:00,33.35,33.0,33.6,59,0.983
2024-09-08 20:00,33.32,33.1,33.7,60,1.0
2024-09-08 21:00,33.3,33.1,33.6,60,1.0
2024-09-08 22:00,33.27,33.0,33.6,60,1.0
2024-09-08 23:00,33.27,33.0,33.6,60,1.0
2024-09-09 00:00,33.26,33.0,33.5,60,1.0
2024-09-09 01:00,33.31,33.0,33.6,57,0.95
2024-09-09 02:00,33.3,32.9,33.6,60,1.0
2024-09-09 03:00,33.21,32.9,33.5,60,1.0
2024-09-09 04:00,33.04,32.5,33.4,60,1.0
2024-09-09 05:00,31.54,31.1,32.7,60,1.0
2024-09-09 06:00,42.23,32.2,48.1,59,0.983
2024-09-09 07:00,49.41,48.2,50.0,54,0.9
2024-09-09 08:00,49.41,48.9,49.9,50,0.833
2024-09-09 09:00,48.78,48.3,49.3,60,1.0
2024-09-09 10:00,48.65,48.1,49.2,58,0.967
2024-09-09 11:00,55.71,49.4,63.7,60,1.0
2024-09-09 12:00,63.33,61.4,65.3,60,1.0
2024-09-09 13:00,60.43,59.5,61.7,60,1.0
2024-09-09 14:00,59.14,58.5,59.8,60,1.0
2024-09-09 15:00,58.3,57.7,58.9,60,1.0
2024-09-09 16:00,57.47,57.0,58.0,60,1.0
2024-09-09 17:00,56.68,56.1,57.3,60,1.0
2024-09-09 18:00,56.16,55.8,56.6,60,1.0
2024-09-09 19:00,55.57,55.1,56.0,60,1.0
2024-09-09 20:00,55.0,54.7,55.5,60,1.0
2024-09-09 21:00,54.58,54.3,55.0,60,1.0
2024-09-09 22:00,54.11,53.8,54.5,60,1.0
2024-09-09 23:00,53.78,53.5,54.1,60,1.0
2024-09-10 00:00,53.46,53.2,53.9,60,1.0
2024-09-10 01:00,53.13,52.9,53.6,60,1.0
2024-09-10 02:00,52.83,52.6,53.3,60,1.0
2024-09-10 03:00,52.67,52.4,53.0,57,0.95
2024-09-10 04:00,52.65,52.5,53.1,60,1.0
2024-09-10 05:00,52.45,52.3,52.8,60,1.0
2024-09-10 06:00,52.29,52.0,52.7,60,1.0
2024-09-10 07:00,52.08,51.9,52.5,60,1.0
2024-09-10 08:00,52.01,51.8,52.3,60,1.0
2024-09-10 09:00,51.62,51.3,52.1,60,1.0
2024-09-10 10:00,51.3,51.0,51.7,60,1.0
2024-09-10 11:00,51.03,50.7,51.4,48,0.8
2024-09-10 12:00,50.67,50.3,51.1,49,0.817
2024-09-10 13:00,50.35,50.1,50.8,53,0.883
2024-09-10 14:00,50.1,49.9,50.4,60,1.0
2024-09-10 15:00,50.04,49.8,50.3,60,1.0
2024-09-10 16:00,49.9,49.6,50.2,60,1.0
2024-09-10 17:00,49.82,49.6,50.2,60,1.0
2024-09-10 18:00,49.64,49.4,50.0,60,1.0
2024-09-10 19:00,49.49,49.2,49.8,60,1.0
2024-09-10 20:00,49.39,49.1,49.7,60,1.0
2024-09-10 21:00,49.31,49.0,49.6,60,1.0
2024-09-10 22:00,49.24,49.0,49.6,60,1.0
2024-09-10 23:00,49.1,48.9,49.4,60,1.0
2024-09-11 00:00,48.97,48.8,49.3,60,1.0
2024-09-11 01:00,48.85,48.7,49.1,60,1.0
2024-09-11 02:00,48.81,48.7,49.1,59,0.983
2024-09-11 03:00,48.8,48.6,49.1,60,1.0
2024-09-11 04:00,48.76,48.5,49.1,60,1.0
2024-09-11 05:00,48.68,48.5,49.1,60,1.0
2024-09-11 06:00,48.6,48.5,48.9,60,1.0
2024-09-11 07:00,48.72,48.5,49.0,60,1.0
2024-09-11 08:00,48.7,48.5,49.0,60,1.0
2024-09-11 09:00,48.67,48.4,48.9,60,1.0
2024-09-11 10:00,48.48,48.2,48.9,60,1.0
2024-09-11 11:00,48.36,48.0,48.9,60,1.0
2024-09-11 12:00,47.93,47.7,48.3,60,1.0
2024-09-11 13:00,47.74,47.5,48.0,60,1.0
2024-09-11 14:00,47.69,47.4,48.0,60,1.0
2024-09-11 15:00,47.64,47.3,48.0,60,1.0
2024-09-11 16:00,47.42,47.2,47.9,60,1.0
2024-09-11 17:00,47.32,47.1,47.7,60,1.0
2024-09-11 18:00,47.27,47.1,47.6,60,1.0
2024-09-11 19:00,47.28,47.0,47.7,60,1.0
2024-09-11 20:00,47.22,47.0,47.5,60,1.0
2024-09-11 21:00,47.21,46.9,47.4,60,1.0
2024-09-11 22:00,47.19,46.9,47.5,60,1.0
2024-09-11 23:00,47.1,46.8,47.4,60,1.0
2024-09-12 00:00,47.12,46.8,47.5,44,0.733
2024-09-12 01:00,46.97,46.8,47.4,55,0.917
2024-09-12 02:00,46.94,46.8,47.3,60,1.0
2024-09-12 03:00,46.89,46.7,47.2,60,1.0
2024-09-12 04:00,46.87,46.7,47.2,60,1.0
2024-09-12 05:00,46.84,46.7,47.1,60,1.0
2024-09-12 06:00,46.83,46.6,47.1,60,1.0
2024-09-12 07:00,46.94,46.7,47.3,60,1.0
2024-09-12 08:00,47.0,46.7,47.3,60,1.0
2024-09-12 09:00,47.01,46.7,47.3,60,1.0
2024-09-12 10:00,46.85,46.6,47.3,60,1.0
2024-09-12 11:00,46.75,46.5,47.0,59,0.983
2024-09-12 12:00,46.58,46.3,47.1,60,1.0
2024-09-12 13:00,46.53,46.3,46.8,59,0.983
2024-09-12 14:00,46.35,46.1,46.7,60,1.0
2024-09-12 15:00,46.13,46.0,46.5,60,1.0
2024-09-12 16:00,46.16,45.9,46.5,60,1.0
2024-09-12 17:00,46.25,45.9,46.6,60,1.0
2024-09-12 18:00,46.11,45.9,46.5,60,1.0
2024-09-12 19:00,46.01,45.8,46.5,60,1.0
2024-09-12 20:00,46.51,45.8,47.6,60,1.0
2024-09-12 21:00,50.82,47.3,53.4,60,1.0
2024-09-12 22:00,53.78,53.3,54.2,60,1.0
2024-09-12 23:00,53.82,53.6,54.2,60,1.0
2024-09-13 00:00,53.57,53.3,54.0,60,1.0
2024-09-13 01:00,53.53,53.3,53.9,60,1.0
2024-09-13 02:00,53.33,53.1,53.8,60,1.0
2024-09-13 03:00,53.13,53.0,53.4,60,1.0
2024-09-13 04:00,53.05,52.8,53.4,60,1.0
2024-09-13 05:00,52.97,52.7,53.3,60,1.0
2024-09-13 06:00,52.84,52.6,53.2,60,1.0
2024-09-13 07:00,52.64,52.4,53.0,60,1.0
2024-09-13 08:00,52.53,52.3,52.9,60,1.0
2024-09-13 09:00,52.38,52.1,52.7,60,1.0
2024-09-13 10:00,52.16,51.8,52.6,60,1.0
2024-09-13 11:00,51.86,51.5,52.4,60,1.0
2024-09-13 12:00,51.46,51.2,51.7,60,1.0
2024-09-13 13:00,51.15,50.9,51.5,60,1.0
2024-09-13 14:00,51.18,50.9,51.5,58,0.967
2024-09-13 15:00,51.04,50.9,51.4,60,1.0
2024-09-13 16:00,50.97,50.8,51.3,60,1.0
2024-09-13 17:00,50.86,50.7,51.2,60,1.0
2024-09-13 18:00,51.33,50.9,51.7,49,0.817
2024-09-13 19:00,51.51,51.2,51.8,53,0.883
2024-09-13 20:00,51.62,51.4,51.9,56,0.933
2024-09-13 21:00,51.58,51.3,51.9,60,1.0
2024-09-13 22:00,51.53,51.3,51.8,60,1.0
2024-09-13 23:00,51.56,51.3,51.8,60,1.0
2024-09-14 00:00,51.46,51.3,51.8,60,1.0
2024-09-14 01:00,51.35,51.2,51.7,60,1.0
2024-09-14 02:00,51.29,51.2,51.6,60,1.0
2024-09-14 03:00,51.27,51.1,51.6,60,1.0
2024-09-14 04:00,51.26,51.1,51.5,60,1.0
2024-09-14 05:00,51.26,51.1,51.6,60,1.0
2024-09-14 06:00,51.26,51.0,51.5,60,1.0
2024-09-14 07:00,51.16,51.0,51.5,60,1.0
2024-09-14 08:00,51.13,50.9,51.4,60,1.0
2024-09-14 09:00,51.06,50.9,51.3,60,1.0
2024-09-14 10:00,50.98,50.7,51.3,60,1.0
2024-09-14 11:00,50.79,50.5,51.1,60,1.0
2024-09-14 12:00,50.58,50.3,50.9,60,1.0
2024-09-14 13:00,50.36,50.2,50.6,60,1.0
2024-09-14 14:00,50.23,50.0,50.5,60,1.0
2024-09-14 15:00,50.21,49.9,50.5,60,1.0
2024-09-14 16:00,50.11,49.9,50.4,60,1.0
2024-09-14 17:00,49.89,49.8,50.1,60,1.0
2024-09-14 18:00,49.9,49.7,50.2,60,1.0
2024-09-14 19:00,49.9,49.6,50.1,60,1.0
2024-09-14 20:00,49.88,49.6,50.1,60,1.0
2024-09-14 21:00,49.74,49.6,50.1,60,1.0
2024-09-14 22:00,49.7,49.5,50.1,60,1.0
2024-09-14 23:00,49.61,49.3,50.0,60,1.0
2024-09-15 00:00,49.61,49.4,50.0,60,1.0
2024-09-15 01:00,49.61,49.3,49.9,60,1.0
2024-09-15 02:00,49.55,49.3,49.9,60,1.0
2024-09-15 03:00,49.57,49.3,49.9,60,1.0
2024-09-15 04:00,49.45,49.3,49.9,60,1.0
2024-09-15 05:00,49.45,49.2,49.7,60,1.0
2024-09-15 06:00,49.4,49.3,49.7,60,1.0
2024-09-15 07:00,49.5,49.3,49.9,60,1.0
2024-09-15 08:00,49.49,49.3,49.9,59,0.983
2024-09-15 09:00,49.47,49.2,49.8,60,1.0
2024-09-15 10:00,49.27,49.1,49.5,60,1.0
2024-09-15 11:00,49.29,48.9,49.6,60,1.0
2024-09-15 12:00,49.04,48.7,49.4,60,1.0
2024-09-15 13:00,48.98,48.7,49.3,60,1.0
2024-09-15 14:00,48.78,48.5,49.1,60,1.0
2024-09-15 15:00,48.59,48.4,48.9,60,1.0
2024-09-15 16:00,48.65,48.4,49.0,60,1.0
2024-09-15 17:00,48.6,48.3,48.8,55,0.917
2024-09-15 18:00,48.48,48.2,48.8,49,0.817
2024-09-15 19:00,48.42,48.2,48.7,57,0.95
2024-09-15 20:00,48.38,48.2,48.8,60,1.0
2024-09-15 21:00,48.44,48.2,48.8,60,1.0
2024-09-15 22:00,48.42,48.2,48.8,60,1.0
2024-09-15 23:00,48.48,48.2,48.8,60,1.0
2024-09-16 00:00,48.38,48.1,48.7,60,1.0
2024-09-16 01:00,48.38,48.1,48.7,60,1.0
2024-09-16 02:00,48.4,48.1,48.7,60,1.0
2024-09-16 03:00,48.44,48.2,48.7,60,1.0
2024-09-16 04:00,48.4,48.1,48.8,60,1.0
2024-09-16 05:00,48.37,48.1,48.7,60,1.0
2024-09-16 06:00,48.38,48.0,48.7,60,1.0
2024-09-16 07:00,48.31,48.1,48.7,57,0.95
2024-09-16 09:00,48.28,48.0,48.7,59,0.983
2024-09-16 10:00,48.27,47.9,48.8,60,1.0
2024-09-16 11:00,48.51,48.3,48.8,60,1.0
2024-09-16 12:00,48.46,48.2,48.7,60,1.0
2024-09-16 13:00,48.42,48.2,48.8,60,1.0
2024-09-16 14:00,48.55,48.3,48.9,60,1.0
2024-09-16 15:00,48.54,48.3,48.8,60,1.0
2024-09-16 16:00,48.48,48.2,48.8,60,1.0
2024-09-16 17:00,48.44,48.2,48.8,60,1.0
2024-09-16 18:00,48.4,48.2,48.7,60,1.0
2024-09-16 19:00,48.33,48.2,48.7,60,1.0
2024-09-16 20:00,48.29,48.1,48.7,60,1.0
2024-09-16 21:00,48.34,48.1,48.6,60,1.0
2024-09-16 22:00,48.35,48.1,48.7,60,1.0
2024-09-16 23:00,48.4,48.2,48.7,60,1.0
2024-09-17 00:00,48.48,48.2,48.7,57,0.95
2024-09-17 14:00,61.55,61.3,61.8,2,0.033
2024-09-17 16:00,64.34,64.0,64.7,31,0.517
2024-09-17 17:00,63.67,63.0,64.4,60,1.0
2024-09-17 18:00,63.0,62.4,63.4,60,1.0
2024-09-17 19:00,62.37,61.9,62.8,60,1.0
2024-09-17 20:00,61.75,61.3,62.3,60,1.0
2024-09-17 21:00,61.28,60.9,61.7,60,1.0
2024-09-17 22:00,60.9,60.6,61.3,60,1.0
2024-09-17 23:00,60.6,60.3,61.0,60,1.0
2024-09-18 00:00,60.28,60.0,60.7,60,1.0
2024-09-18 01:00,59.9,59.6,60.3,60,1.0
2024-09-18 02:00,59.7,59.5,60.2,60,1.0
2024-09-18 03:00,59.48,59.2,60.0,60,1.0
2024-09-18 04:00,59.27,59.0,59.7,60,1.0
2024-09-18 05:00,59.05,58.8,59.4,60,1.0
2024-09-18 06:00,58.84,58.6,59.2,60,1.0
2024-09-18 07:00,58.79,58.4,59.4,60,1.0
2024-09-18 08:00,58.58,58.2,58.9,60,1.0
2024-09-18 09:00,58.39,58.0,58.8,60,1.0
2024-09-18 10:00,58.14,57.8,58.6,60,1.0
2024-09-18 11:00,57.83,57.4,58.3,55,0.917
2024-09-18 12:00,57.47,57.2,57.8,50,0.833
2024-09-18 13:00,57.28,57.1,57.7,60,1.0
2024-09-18 14:00,57.28,57.0,57.6,60,1.0
2024-09-18 15:00,57.72,57.3,58.1,60,1.0
2024-09-18 16:00,57.95,57.6,58.3,55,0.917
2024-09-18 17:00,57.8,57.6,58.1,60,1.0
2024-09-18 18:00,57.69,57.5,57.9,60,1.0
2024-09-18 19:00,57.63,57.4,57.9,60,1.0
2024-09-18 20:00,57.56,57.3,58.0,59,0.983
2024-09-18 21:00,57.52,57.2,57.8,52,0.867
2024-09-18 22:00,57.41,57.0,57.7,45,0.75
2024-09-18 23:00,57.28,56.9,57.6,57,0.95
2024-09-19 00:00,57.13,56.8,57.5,50,0.833
2024-09-19 01:00,56.98,56.7,57.3,59,0.983
2024-09-19 02:00,56.86,56.5,57.2,60,1.0
2024-09-19 03:00,56.76,56.4,57.1,60,1.0
2024-09-19 04:00,56.72,56.4,57.0,60,1.0
2024-09-19 05:00,56.63,56.3,56.9,60,1.0
2024-09-19 06:00,56.5,56.2,56.8,60,1.0
2024-09-19 07:00,56.32,56.1,56.7,60,1.0
2024-09-19 08:00,56.28,56.0,56.7,60,1.0
2024-09-19 09:00,56.2,55.9,56.5,59,0.983
2024-09-19 10:00,55.98,55.8,56.4,60,1.0
2024-09-19 11:00,55.94,55.7,56.2,60,1.0
2024-09-19 12:00,55.81,55.6,56.2,60,1.0
2024-09-19 13:00,55.76,55.5,56.0,60,1.0
2024-09-19 14:00,55.58,55.3,56.0,59,0.983
2024-09-19 15:00,55.42,55.2,55.7,60,1.0
2024-09-19 16:00,55.37,55.2,55.7,60,1.0
2024-09-19 17:00,55.36,55.1,55.7,60,1.0
2024-09-19 18:00,55.27,55.0,55.6,60,1.0
2024-09-19 19:00,55.26,55.0,55.6,60,1.0
2024-09-19 20:00,55.23,54.9,55.6,60,1.0
2024-09-19 21:00,55.34,54.9,56.4,60,1.0
2024-09-19 22:00,56.8,55.9,57.7,60,1.0
2024-09-19 23:00,57.75,57.2,58.2,60,1.0
2024-09-20 00:00,57.94,57.6,58.3,60,1.0
2024-09-20 01:00,57.88,57.5,58.2,60,1.0
2024-09-20 02:00,57.64,57.3,58.0,60,1.0
2024-09-20 03:00,57.54,57.3,58.0,60,1.0
2024-09-20 04:00,57.48,57.2,57.9,60,1.0
2024-09-20 05:00,57.3,57.1,57.6,60,1.0
2024-09-20 06:00,57.15,57.0,57.5,60,1.0
2024-09-20 07:00,57.12,56.8,57.5,60,1.0
2024-09-20 08:00,56.99,56.7,57.4,60,1.0
2024-09-20 09:00,56.91,56.6,57.2,60,1.0
2024-09-20 10:00,56.72,56.4,57.0,60,1.0
2024-09-20 11:00,56.46,56.1,56.9,60,1.0
2024-09-20 12:00,56.2,55.8,56.5,59,0.983
2024-09-20 13:00,55.93,55.8,56.2,49,0.817
2024-09-20 14:00,55.76,55.5,56.2,60,1.0
2024-09-20 15:00,55.64,55.4,56.0,60,1.0
2024-09-20 16:00,55.5,55.2,55.8,60,1.0
2024-09-20 17:00,55.26,55.1,55.7,60,1.0
2024-09-20 18:00,55.16,55.0,55.4,60,1.0
2024-09-20 19:00,55.12,55.0,55.5,60,1.0
2024-09-20 20:00,55.07,54.9,55.3,60,1.0
2024-09-20 21:00,55.08,54.9,55.4,60,1.0
2024-09-20 22:00,55.03,54.8,55.3,60,1.0
2024-09-20 23:00,55.03,54.7,55.5,60,1.0
2024-09-21 00:00,55.01,54.7,55.3,60,1.0
2024-09-21 01:00,54.95,54.7,55.3,60,1.0
2024-09-21 02:00,54.88,54.6,55.2,60,1.0
2024-09-21 03:00,54.86,54.6,55.3,60,1.0
2024-09-21 04:00,54.77,54.5,55.0,60,1.0
2024-09-21 05:00,54.7,54.4,55.1,60,1.0
2024-09-21 06:00,54.65,54.4,55.0,60,1.0
2024-09-21 07:00,54.63,54.4,55.0,60,1.0
2024-09-21 08:00,54.56,54.4,54.9,60,1.0
2024-09-21 09:00,54.43,54.3,54.8,60,1.0
2024-09-21 10:00,54.41,54.1,54.8,60,1.0
2024-09-21 11:00,54.23,53.9,54.6,60,1.0
2024-09-21 12:00,53.85,53.6,54.2,60,1.0
2024-09-21 13:00,53.67,53.4,54.0,60,1.0
2024-09-21 14:00,53.51,53.3,54.0,60,1.0
2024-09-21 15:00,53.4,53.2,53.7,60,1.0
2024-09-21 16:00,53.35,53.2,53.7,60,1.0
2024-09-21 17:00,53.39,53.1,53.6,60,1.0
2024-09-21 18:00,53.3,53.0,53.6,60,1.0
2024-09-21 19:00,53.1,52.9,53.5,60,1.0
2024-09-21 20:00,53.02,52.9,53.2,60,1.0
2024-09-21 21:00,52.98,52.9,53.2,60,1.0
2024-09-21 22:00,53.01,52.8,53.2,59,0.983
2024-09-21 23:00,53.01,52.8,53.4,60,1.0
2024-09-22 00:00,52.97,52.7,53.3,59,0.983
2024-09-22 01:00,52.97,52.7,53.3,50,0.833
2024-09-22 02:00,52.98,52.7,53.3,56,0.933
2024-09-22 03:00,52.91,52.7,53.2,60,1.0
2024-09-22 04:00,52.95,52.6,53.3,60,1.0
2024-09-22 05:00,52.93,52.7,53.2,60,1.0
2024-09-22 06:00,52.91,52.6,53.1,60,1.0
2024-09-22 07:00,52.79,52.6,53.1,60,1.0
2024-09-22 08:00,52.79,52.6,53.1,60,1.0
2024-09-22 09:00,52.87,52.5,53.1,60,1.0
2024-09-22 10:00,52.76,52.5,53.0,59,0.983
2024-09-22 11:00,52.7,52.4,53.0,59,0.983
2024-09-22 12:00,52.33,52.1,52.8,60,1.0
2024-09-22 13:00,52.2,51.9,52.5,60,1.0
2024-09-22 14:00,52.08,51.9,52.4,60,1.0
2024-09-22 15:00,52.1,51.9,52.4,60,1.0
2024-09-22 16:00,52.0,51.8,52.3,60,1.0
2024-09-22 17:00,51.88,51.7,52.2,60,1.0
2024-09-22 18:00,51.96,51.7,52.3,60,1.0
2024-09-22 19:00,51.98,51.6,52.3,60,1.0
2024-09-22 20:00,51.89,51.6,52.1,60,1.0
2024-09-22 21:00,51.88,51.6,52.1,60,1.0
2024-09-22 22:00,51.76,51.5,52.1,60,1.0
2024-09-22 23:00,51.73,51.5,52.0,60,1.0
2024-09-23 00:00,51.65,51.5,52.0,60,1.0
2024-09-23 01:00,51.72,51.5,52.0,60,1.0
2024-09-23 02:00,51.65,51.5,52.1,60,1.0
2024-09-23 03:00,51.63,51.5,52.0,60,1.0
2024-09-23 04:00,51.62,51.5,52.0,60,1.0
2024-09-23 05:00,51.59,51.5,51.8,60,1.0
2024-09-23 06:00,51.57,51.5,51.8,60,1.0
2024-09-23 07:00,51.63,51.5,51.9,60,1.0
2024-09-23 08:00,51.72,51.5,52.0,60,1.0
2024-09-23 09:00,51.67,51.4,52.0,60,1.0
2024-09-23 10:00,51.56,51.3,51.8,60,1.0
2024-09-23 11:00,51.49,51.3,51.9,60,1.0
2024-09-23 12:00,51.5,51.2,51.8,60,1.0
2024-09-23 13:00,51.29,51.1,51.6,60,1.0
2024-09-23 14:00,51.21,51.0,51.5,54,0.9
2024-09-23 15:00,51.14,50.9,51.5,48,0.8
2024-09-23 16:00,51.05,50.8,51.4,57,0.95
2024-09-23 17:00,51.03,50.8,51.3,60,1.0
2024-09-23 18:00,51.01,50.8,51.3,60,1.0
2024-09-23 19:00,50.95,50.8,51.3,60,1.0
2024-09-23 20:00,50.92,50.7,51.3,60,1.0
2024-09-23 21:00,50.94,50.7,51.3,60,1.0
2024-09-23 22:00,51.4,50.7,52.5,60,1.0
2024-09-23 23:00,57.06,52.5,61.1,60,1.0
2024-09-24 00:00,61.5,60.9,63.1,60,1.0
2024-09-24 01:00,63.52,62.9,63.9,60,1.0
2024-09-24 02:00,64.06,63.3,64.5,60,1.0
2024-09-24 03:00,63.7,63.2,64.3,60,1.0
2024-09-24 04:00,63.03,62.5,63.6,60,1.0
2024-09-24 05:00,62.78,62.5,63.3,60,1.0
2024-09-24 06:00,62.89,62.6,63.3,60,1.0
2024-09-24 07:00,62.62,62.3,63.1,60,1.0
2024-09-24 08:00,62.34,61.8,62.8,60,1.0
2024-09-24 09:00,61.86,61.5,62.3,60,1.0
2024-09-24 10:00,61.54,61.2,62.2,60,1.0
2024-09-24 11:00,61.02,60.7,61.6,60,1.0
2024-09-24 12:00,60.51,60.1,61.3,60,1.0
2024-09-24 13:00,60.19,59.8,60.6,60,1.0
2024-09-24 14:00,59.93,59.6,60.4,60,1.0
2024-09-24 15:00,59.67,59.3,60.0,60,1.0
2024-09-24 16:00,59.28,59.1,59.8,60,1.0
2024-09-24 17:00,59.15,58.9,59.6,60,1.0
2024-09-24 18:00,59.02,58.7,59.4,60,1.0
2024-09-24 19:00,58.86,58.5,59.1,60,1.0
2024-09-24 20:00,58.64,58.3,59.0,60,1.0
2024-09-24 21:00,58.32,58.1,58.6,60,1.0
2024-09-24 22:00,58.16,58.0,58.4,60,1.0
2024-09-24 23:00,58.08,57.9,58.4,60,1.0
2024-09-25 00:00,57.93,57.8,58.3,60,1.0
2024-09-25 01:00,57.8,57.7,58.0,60,1.0
2024-09-25 02:00,57.78,57.6,58.2,60,1.0
2024-09-25 03:00,57.66,57.5,58.1,60,1.0
2024-09-25 04:00,57.54,57.4,57.9,60,1.0
2024-09-25 05:00,57.7,57.3,58.9,59,0.983
2024-09-25 06:00,62.47,58.8,63.9,51,0.85
2024-09-25 07:00,63.31,63.0,63.8,41,0.683
2024-09-25 08:00,62.89,62.3,63.3,57,0.95
2024-09-25 09:00,63.16,62.8,63.6,60,1.0
2024-09-25 10:00,62.9,62.0,63.4,60,1.0
2024-09-25 11:00,62.82,62.4,63.3,59,0.983
2024-09-25 12:00,62.91,62.5,63.4,60,1.0
2024-09-25 13:00,62.67,62.4,63.2,60,1.0
2024-09-25 14:00,62.34,62.0,62.7,60,1.0
2024-09-25 15:00,62.06,61.8,62.4,59,0.983
2024-09-25 16:00,61.92,61.6,62.4,60,1.0
2024-09-25 17:00,61.46,61.0,62.0,60,1.0
2024-09-25 18:00,61.28,60.9,61.8,60,1.0
2024-09-25 19:00,61.24,60.9,61.6,60,1.0
2024-09-25 20:00,61.11,60.5,61.5,60,1.0
2024-09-25 21:00,60.96,60.6,61.4,60,1.0
2024-09-25 22:00,60.73,60.4,61.2,60,1.0
2024-09-25 23:00,60.5,60.3,60.9,60,1.0
2024-09-26 00:00,60.4,60.2,60.7,60,1.0
2024-09-26 01:00,60.26,60.0,60.5,60,1.0
2024-09-26 02:00,60.11,59.9,60.3,60,1.0
2024-09-26 03:00,59.97,59.7,60.4,60,1.0
2024-09-26 04:00,59.84,59.6,60.1,59,0.983
2024-09-26 05:00,59.73,59.5,60.1,60,1.0
2024-09-26 06:00,59.63,59.4,60.1,60,1.0
2024-09-26 07:00,59.58,59.3,60.0,60,1.0
2024-09-26 08:00,59.51,59.1,59.9,60,1.0
2024-09-26 09:00,59.38,59.1,59.7,60,1.0
2024-09-26 10:00,59.28,58.9,59.7,60,1.0
2024-09-26 11:00,59.03,58.7,59.4,60,1.0
2024-09-26 12:00,58.89,58.6,59.4,59,0.983
2024-09-26 13:00,58.91,58.6,59.2,55,0.917
2024-09-26 14:00,58.62,58.3,59.1,48,0.8
2024-09-26 15:00,58.56,58.3,58.9,51,0.85
2024-09-26 16:00,58.53,58.2,58.8,60,1.0
2024-09-26 17:00,58.22,58.0,58.7,60,1.0
2024-09-26 18:00,58.08,57.9,58.3,60,1.0
2024-09-26 19:00,57.98,57.8,58.4,60,1.0
2024-09-26 20:00,58.01,57.6,58.4,60,1.0
2024-09-26 21:00,57.92,57.6,58.4,60,1.0
2024-09-26 22:00,57.87,57.5,58.3,60,1.0
2024-09-26 23:00,57.77,57.4,58.1,60,1.0
2024-09-27 00:00,57.68,57.3,58.0,60,1.0
2024-09-27 01:00,57.61,57.3,57.9,59,0.983
2024-09-27 02:00,57.58,57.2,58.0,60,1.0
2024-09-27 03:00,57.48,57.1,57.8,60,1.0
2024-09-27 04:00,57.42,57.1,57.7,60,1.0
2024-09-27 05:00,57.35,56.9,57.7,60,1.0
2024-09-27 06:00,57.21,56.9,57.5,60,1.0
2024-09-27 07:00,57.1,56.8,57.5,60,1.0
2024-09-27 08:00,57.07,56.8,57.4,60,1.0
2024-09-27 09:00,56.97,56.7,57.5,59,0.983
2024-09-27 10:00,56.79,56.5,57.1,59,0.983
2024-09-27 11:00,56.73,56.4,57.2,59,0.983
2024-09-27 12:00,56.46,56.2,56.8,60,1.0
2024-09-27 13:00,56.42,56.1,56.7,60,1.0
2024-09-27 14:00,56.2,56.0,56.6,60,1.0
2024-09-27 15:00,56.19,55.9,56.5,58,0.967
2024-09-27 16:00,56.19,55.9,56.5,60,1.0
2024-09-27 17:00,56.03,55.7,56.4,60,1.0
2024-09-27 18:00,55.82,55.7,56.0,55,0.917
2024-09-27 19:00,55.77,55.6,56.2,57,0.95
2024-09-27 20:00,55.7,55.5,56.0,60,1.0
2024-09-27 21:00,55.72,55.5,56.1,60,1.0
2024-09-27 22:00,55.69,55.5,56.1,60,1.0
2024-09-27 23:00,55.58,55.4,55.9,60,1.0
2024-09-28 00:00,55.59,55.4,56.0,60,1.0
2024-09-28 01:00,55.6,55.3,55.9,60,1.0
2024-09-28 02:00,55.6,55.3,55.9,60,1.0
2024-09-28 03:00,55.55,55.2,55.9,60,1.0
2024-09-28 04:00,55.59,55.2,55.9,60,1.0
2024-09-28 05:00,55.56,55.2,55.9,60,1.0
2024-09-28 06:00,55.48,55.1,55.8,60,1.0
2024-09-28 07:00,55.38,55.1,55.7,60,1.0
2024-09-28 08:00,55.19,55.1,55.7,60,1.0
2024-09-28 09:00,55.16,55.0,55.6,60,1.0
2024-09-28 10:00,55.19,55.0,55.7,60,1.0
2024-09-28 11:00,55.44,55.0,55.9,60,1.0
2024-09-28 12:00,55.58,55.2,56.0,60,1.0
2024-09-28 13:00,56.18,55.7,56.5,60,1.0
2024-09-28 14:00,56.37,56.0,56.6,60,1.0
2024-09-28 15:00,56.38,56.0,56.6,60,1.0
2024-09-28 16:00,56.2,55.9,56.6,60,1.0
2024-09-28 17:00,55.99,55.7,56.4,60,1.0
2024-09-28 18:00,55.82,55.5,56.2,60,1.0
2024-09-28 19:00,55.76,55.4,56.1,60,1.0
2024-09-28 20:00,55.64,55.3,55.9,60,1.0
2024-09-28 21:00,55.59,55.2,55.9,60,1.0
2024-09-28 22:00,55.45,55.2,55.7,60,1.0
2024-09-28 23:00,55.4,55.1,55.7,60,1.0
2024-09-29 00:00,55.36,55.1,55.7,60,1.0
2024-09-29 01:00,55.21,55.0,55.6,60,1.0
2024-09-29 02:00,55.14,55.0,55.3,60,1.0
2024-09-29 03:00,55.13,55.0,55.6,60,1.0
2024-09-29 04:00,55.07,54.9,55.4,60,1.0
2024-09-29 05:00,55.03,54.9,55.2,59,0.983
2024-09-29 06:00,55.06,54.8,55.5,60,1.0
2024-09-29 07:00,55.03,54.8,55.3,60,1.0
2024-09-29 08:00,55.08,54.8,55.4,60,1.0
2024-09-29 09:00,54.85,54.6,55.2,51,0.85
2024-09-29 10:00,54.74,54.5,55.1,44,0.733
2024-09-29 11:00,54.73,54.5,54.9,7,0.117
2024-09-30 07:00,53.41,53.1,53.7,27,0.45
2024-09-30 08:00,53.41,53.2,53.8,60,1.0
2024-09-30 09:00,53.27,53.1,53.7,60,1.0
2024-09-30 10:00,53.27,53.0,53.6,60,1.0
2024-09-30 11:00,53.13,52.8,53.5,60,1.0
2024-09-30 12:00,52.86,52.6,53.2,60,1.0
2024-09-30 13:00,52.75,52.5,53.1,60,1.0
2024-09-30 14:00,52.67,52.5,52.9,60,1.0
2024-09-30 15:00,52.58,52.4,52.9,60,1.0
2024-09-30 16:00,52.52,52.3,52.9,59,0.983
2024-09-30 17:00,52.56,52.3,52.9,60,1.0
2024-09-30 18:00,52.6,52.3,52.9,60,1.0
2024-09-30 19:00,52.52,52.2,52.8,60,1.0
2024-09-30 20:00,52.49,52.2,52.8,60,1.0
2024-09-30 21:00,52.4,52.2,52.9,60,1.0
2024-09-30 22:00,52.38,52.2,52.7,60,1.0
2024-09-30 23:00,52.34,52.2,52.7,60,1.0
2024-10-01 00:00,52.34,52.2,52.7,60,1.0
2024-10-01 01:00,52.31,52.2,52.6,60,1.0
2024-10-01 02:00,52.33,52.1,52.8,60,1.0
2024-10-01 03:00,52.29,52.1,52.5,60,1.0
2024-10-01 04:00,52.38,52.1,52.7,60,1.0
2024-10-01 05:00,52.29,52.1,52.7,60,1.0
2024-10-01 06:00,52.35,52.1,52.7,60,1.0
2024-10-01 07:00,52.34,52.1,52.7,60,1.0
2024-10-01 08:00,52.42,52.2,52.7,60,1.0
2024-10-01 09:00,52.31,52.2,52.7,60,1.0
2024-10-01 10:00,52.27,52.0,52.6,60,1.0
2024-10-01 11:00,52.22,52.0,52.5,60,1.0
2024-10-01 12:00,52.09,51.8,52.6,60,1.0
2024-10-01 13:00,51.95,51.7,52.3,60,1.0
2024-10-01 14:00,51.87,51.6,52.1,60,1.0
2024-10-01 15:00,51.72,51.6,52.1,60,1.0
2024-10-01 16:00,51.86,51.6,52.2,53,0.883
2024-10-01 17:00,51.83,51.6,52.1,41,0.683
2024-10-01 18:00,51.76,51.5,52.0,58,0.967
2024-10-01 19:00,51.76,51.5,52.1,60,1.0
2024-10-01 20:00,51.76,51.5,52.1,60,1.0
2024-10-01 21:00,51.78,51.5,52.1,60,1.0
2024-10-01 22:00,51.71,51.5,52.0,60,1.0
2024-10-01 23:00,51.61,51.5,51.9,60,1.0
2024-10-02 00:00,51.6,51.5,52.0,60,1.0
2024-10-02 01:00,51.57,51.4,51.8,60,1.0
2024-10-02 02:00,51.6,51.5,52.0,60,1.0
2024-10-02 03:00,51.58,51.4,52.0,60,1.0
2024-10-02 04:00,51.6,51.4,51.9,60,1.0
2024-10-02 05:00,51.62,51.4,52.1,60,1.0
2024-10-02 06:00,51.65,51.5,52.0,59,0.983
2024-10-02 07:00,51.67,51.5,52.0,59,0.983
2024-10-02 08:00,51.74,51.5,52.1,60,1.0
2024-10-02 09:00,51.88,51.6,52.3,60,1.0
2024-10-02 10:00,51.65,51.4,52.0,60,1.0
2024-10-02 11:00,51.63,51.4,51.9,60,1.0
2024-10-02 12:00,51.49,51.2,51.8,60,1.0
2024-10-02 13:00,51.37,51.2,51.7,60,1.0
2024-10-02 14:00,51.4,51.1,51.7,60,1.0
2024-10-02 15:00,51.39,51.1,51.7,60,1.0
2024-10-02 16:00,51.25,51.0,51.7,60,1.0
2024-10-02 17:00,51.18,51.0,51.4,60,1.0
2024-10-02 18:00,51.15,51.0,51.5,60,1.0
2024-10-02 19:00,51.19,51.0,51.5,60,1.0
2024-10-02 20:00,51.28,51.0,51.6,60,1.0
2024-10-02 21:00,51.31,51.0,51.6,60,1.0
2024-10-02 22:00,51.26,51.0,51.5,60,1.0
2024-10-02 23:00,51.26,51.0,51.5,60,1.0
2024-10-03 00:00,51.21,50.9,51.5,60,1.0
2024-10-03 01:00,51.28,50.9,51.5,60,1.0
2024-10-03 02:00,51.23,50.9,51.5,60,1.0
2024-10-03 03:00,51.18,50.9,51.5,60,1.0
2024-10-03 04:00,51.14,50.9,51.6,60,1.0
2024-10-03 05:00,51.16,50.9,51.5,59,0.983
2024-10-03 06:00,51.08,50.9,51.4,51,0.85
2024-10-03 07:00,51.18,51.0,51.4,53,0.883
2024-10-03 08:00,51.05,50.8,51.4,60,1.0
2024-10-03 09:00,50.95,50.8,51.5,60,1.0
2024-10-03 10:00,50.96,50.7,51.3,60,1.0
2024-10-03 11:00,50.96,50.7,51.3,59,0.983
2024-10-03 12:00,50.8,50.6,51.2,60,1.0
2024-10-03 13:00,50.93,50.6,51.3,60,1.0
2024-10-03 14:00,50.88,50.6,51.2,60,1.0
2024-10-03 15:00,50.85,50.6,51.2,60,1.0
2024-10-03 16:00,50.71,50.5,51.0,60,1.0
2024-10-03 17:00,50.68,50.5,50.9,60,1.0
2024-10-03 18:00,50.82,50.6,51.2,60,1.0
2024-10-03 19:00,50.86,50.5,51.2,60,1.0
2024-10-03 20:00,50.79,50.5,51.1,60,1.0
2024-10-03 21:00,50.77,50.5,51.2,59,0.983
2024-10-03 22:00,50.81,50.4,51.5,60,1.0
2024-10-03 23:00,51.48,51.1,51.9,60,1.0
2024-10-04 00:00,51.7,51.4,52.0,60,1.0
2024-10-04 01:00,51.8,51.6,52.1,59,0.983
2024-10-04 02:00,51.9,51.7,52.2,60,1.0
2024-10-04 03:00,51.86,51.7,52.3,60,1.0
2024-10-04 04:00,51.87,51.7,52.1,60,1.0
2024-10-04 05:00,51.91,51.7,52.2,60,1.0
2024-10-04 06:00,51.91,51.6,52.3,60,1.0
2024-10-04 07:00,51.9,51.6,52.2,60,1.0
2024-10-04 08:00,51.81,51.7,52.2,60,1.0
2024-10-04 09:00,51.78,51.5,52.2,60,1.0
2024-10-04 10:00,51.61,51.5,51.9,60,1.0
2024-10-04 11:00,51.56,51.3,51.8,60,1.0
2024-10-04 12:00,51.41,51.2,51.8,58,0.967
2024-10-04 13:00,51.42,51.2,51.7,60,1.0
2024-10-04 14:00,51.38,51.1,51.7,60,1.0
2024-10-04 15:00,51.2,51.0,51.5,60,1.0
2024-10-04 16:00,51.14,51.0,51.3,60,1.0
2024-10-04 17:00,51.14,51.0,51.4,60,1.0
2024-10-04 18:00,51.16,50.9,51.5,60,1.0
2024-10-04 19:00,51.2,50.9,51.4,60,1.0
2024-10-04 20:00,51.18,50.9,51.7,60,1.0
2024-10-04 21:00,51.08,50.8,51.4,60,1.0
2024-10-04 22:00,50.97,50.8,51.2,60,1.0
2024-10-04 23:00,51.06,50.9,51.4,59,0.983
2024-10-05 00:00,51.23,51.1,51.5,60,1.0
2024-10-05 01:00,51.62,51.3,51.9,60,1.0
2024-10-05 02:00,51.91,51.7,52.3,60,1.0
2024-10-05 03:00,52.12,51.9,52.5,60,1.0
2024-10-05 04:00,52.18,52.0,52.5,60,1.0
2024-10-05 05:00,52.23,52.1,52.4,60,1.0
2024-10-05 06:00,52.47,52.1,53.8,60,1.0
2024-10-05 07:00,58.13,54.2,59.5,45,0.75
2024-10-05 08:00,59.5,59.2,59.9,50,0.833
2024-10-05 09:00,59.39,59.1,59.8,60,1.0
2024-10-05 10:00,59.19,58.9,59.6,60,1.0
2024-10-05 11:00,58.91,58.5,59.3,60,1.0
2024-10-05 12:00,58.58,58.3,59.0,60,1.0
2024-10-05 13:00,58.23,57.9,58.7,60,1.0
2024-10-05 14:00,57.87,57.7,58.4,60,1.0
2024-10-05 15:00,57.82,57.6,58.2,60,1.0
2024-10-05 16:00,57.84,57.5,58.3,60,1.0
2024-10-05 17:00,57.7,57.4,58.0,60,1.0
2024-10-05 18:00,57.57,57.3,57.9,60,1.0
2024-10-05 19:00,57.37,57.2,57.8,60,1.0
2024-10-05 20:00,57.48,57.3,57.8,60,1.0
2024-10-05 21:00,57.66,57.5,58.0,60,1.0
2024-10-05 22:00,57.68,57.5,58.0,60,1.0
2024-10-05 23:00,57.68,57.5,58.1,60,1.0
2024-10-06 00:00,57.69,57.4,58.2,60,1.0
2024-10-06 01:00,57.53,57.3,57.9,60,1.0
2024-10-06 02:00,57.48,57.2,57.8,60,1.0
2024-10-06 03:00,57.42,57.2,57.7,60,1.0
2024-10-06 04:00,57.31,57.1,57.6,60,1.0
2024-10-06 05:00,57.29,57.0,57.6,60,1.0
2024-10-06 06:00,57.14,56.9,57.4,60,1.0
2024-10-06 07:00,57.16,56.8,57.5,60,1.0
2024-10-06 08:00,57.04,56.8,57.4,60,1.0
2024-10-06 09:00,56.85,56.7,57.2,60,1.0
2024-10-06 10:00,56.73,56.6,57.1,60,1.0
2024-10-06 11:00,56.75,56.5,57.1,60,1.0
2024-10-06 12:00,56.44,56.2,56.8,60,1.0
2024-10-06 13:00,56.32,56.0,56.6,60,1.0
2024-10-06 14:00,56.25,56.0,56.7,48,0.8
2024-10-06 15:00,56.04,55.9,56.5,58,0.967
2024-10-06 16:00,56.06,55.8,56.4,60,1.0
2024-10-06 17:00,56.0,55.7,56.3,60,1.0
2024-10-06 18:00,55.91,55.6,56.2,60,1.0
2024-10-06 19:00,55.75,55.4,56.1,60,1.0
2024-10-06 20:00,55.55,55.4,55.9,60,1.0
2024-10-06 21:00,55.4,55.2,55.8,60,1.0
2024-10-06 22:00,55.33,55.2,55.7,60,1.0
2024-10-06 23:00,55.27,55.1,55.6,60,1.0
2024-10-07 00:00,55.25,55.1,55.6,60,1.0
2024-10-07 01:00,55.24,55.1,55.7,60,1.0
2024-10-07 02:00,55.2,55.0,55.6,60,1.0
2024-10-07 03:00,55.2,55.0,55.5,60,1.0
2024-10-07 04:00,55.2,54.9,55.6,60,1.0
2024-10-07 05:00,55.1,54.9,55.4,60,1.0
2024-10-07 06:00,55.1,54.9,55.4,60,1.0
2024-10-07 07:00,55.06,54.9,55.4,60,1.0
2024-10-07 08:00,55.18,54.9,55.5,60,1.0
2024-10-07 09:00,54.94,54.8,55.3,60,1.0
2024-10-07 10:00,55.02,54.8,55.3,60,1.0
2024-10-07 11:00,54.95,54.7,55.3,60,1.0
2024-10-07 12:00,54.74,54.6,55.0,60,1.0
2024-10-07 13:00,54.8,54.5,55.1,60,1.0
2024-10-07 14:00,54.77,54.4,55.1,59,0.983
2024-10-07 15:00,54.29,53.8,54.8,60,1.0
2024-10-07 16:00,54.44,54.3,54.8,60,1.0
2024-10-07 17:00,54.66,54.3,55.0,60,1.0
2024-10-07 18:00,54.9,54.5,55.2,60,1.0
2024-10-07 19:00,54.87,54.6,55.1,55,0.917
2024-10-07 20:00,54.86,54.6,55.2,46,0.767
2024-10-07 21:00,54.77,54.5,55.1,46,0.767
2024-10-07 22:00,54.62,54.4,54.9,49,0.817
2024-10-07 23:00,54.59,54.4,54.9,60,1.0
2024-10-08 00:00,54.54,54.4,54.8,60,1.0
2024-10-08 01:00,54.47,54.3,54.7,59,0.983
2024-10-08 02:00,54.41,54.2,54.7,60,1.0
2024-10-08 03:00,54.37,54.2,54.6,60,1.0
2024-10-08 04:00,54.38,54.2,54.7,60,1.0
2024-10-08 05:00,54.4,54.2,54.8,60,1.0
2024-10-08 06:00,54.36,54.2,54.7,60,1.0
2024-10-08 07:00,54.34,54.2,54.7,59,0.983
2024-10-08 08:00,54.42,54.2,54.8,60,1.0
2024-10-08 09:00,54.35,54.2,54.7,60,1.0
2024-10-08 10:00,54.18,54.0,54.5,60,1.0
2024-10-08 11:00,54.13,53.8,54.6,60,1.0
2024-10-08 12:00,53.98,53.7,54.4,59,0.983
2024-10-08 13:00,53.84,53.7,54.2,60,1.0
2024-10-08 14:00,53.93,53.7,54.2,60,1.0
2024-10-08 15:00,53.9,53.6,54.2,60,1.0
2024-10-08 16:00,53.71,53.5,54.1,59,0.983
2024-10-08 17:00,53.72,53.5,54.1,60,1.0
2024-10-08 18:00,53.71,53.5,54.1,60,1.0
2024-10-08 19:00,56.68,53.7,60.5,60,1.0
2024-10-08 20:00,61.86,60.1,63.4,60,1.0
2024-10-08 21:00,63.55,63.1,64.0,60,1.0
2024-10-08 22:00,63.39,63.0,63.8,60,1.0
2024-10-08 23:00,63.0,62.6,63.4,60,1.0
2024-10-09 00:00,62.69,62.3,63.1,60,1.0
2024-10-09 01:00,62.35,62.1,62.8,60,1.0
2024-10-09 02:00,62.08,61.8,62.5,60,1.0
2024-10-09 03:00,61.76,61.5,62.2,60,1.0
2024-10-09 04:00,62.39,61.5,64.2,60,1.0
2024-10-09 05:00,64.75,64.0,65.3,60,1.0
2024-10-09 06:00,64.55,64.2,64.8,60,1.0
2024-10-09 07:00,64.29,63.9,64.6,60,1.0
2024-10-09 08:00,63.91,63.5,64.4,60,1.0
2024-10-09 09:00,63.35,63.0,63.8,59,0.983
2024-10-09 10:00,63.04,62.8,63.5,60,1.0
2024-10-09 11:00,62.87,62.5,63.2,60,1.0
2024-10-09 12:00,62.43,62.2,62.7,60,1.0
2024-10-09 13:00,62.27,62.1,62.6,60,1.0
2024-10-09 14:00,62.11,61.9,62.6,60,1.0
2024-10-09 15:00,61.84,61.6,62.2,60,1.0
2024-10-09 16:00,61.71,61.4,62.1,60,1.0
2024-10-09 17:00,61.59,61.2,61.9,60,1.0
2024-10-09 18:00,61.42,61.1,61.7,60,1.0
2024-10-09 19:00,61.34,61.0,61.6,60,1.0
2024-10-09 20:00,61.06,60.8,61.4,59,0.983
2024-10-09 21:00,60.91,60.7,61.2,47,0.783
2024-10-09 22:00,60.88,60.5,61.2,54,0.9
2024-10-09 23:00,60.77,60.4,61.1,60,1.0
2024-10-10 00:00,60.61,60.2,60.9,60,1.0
2024-10-10 01:00,60.41,60.1,60.7,60,1.0
2024-10-10 02:00,60.25,60.0,60.6,60,1.0
2024-10-10 03:00,60.12,59.8,60.5,60,1.0
2024-10-10 04:00,59.9,59.7,60.3,60,1.0
2024-10-10 05:00,59.79,59.6,60.1,60,1.0
2024-10-10 06:00,59.7,59.5,60.1,60,1.0
2024-10-10 07:00,59.55,59.3,59.9,59,0.983
2024-10-10 08:00,59.56,59.3,59.9,46,0.767
2024-10-10 09:00,59.42,59.1,59.8,51,0.85
2024-10-10 10:00,59.25,59.0,59.7,60,1.0
2024-10-10 11:00,59.19,58.9,59.6,60,1.0
2024-10-10 12:00,58.93,58.8,59.3,60,1.0
2024-10-10 13:00,58.95,58.6,59.2,60,1.0
2024-10-10 14:00,58.84,58.5,59.3,60,1.0
2024-10-10 15:00,58.65,58.4,59.0,60,1.0
2024-10-10 16:00,58.43,58.3,58.7,60,1.0
2024-10-10 17:00,58.37,58.2,58.8,60,1.0
2024-10-10 18:00,58.42,58.1,58.8,60,1.0
2024-10-10 19:00,58.36,58.1,58.6,60,1.0
2024-10-10 20:00,58.44,58.2,58.8,60,1.0
2024-10-10 21:00,58.44,58.3,58.9,60,1.0
2024-10-10 22:00,58.67,58.3,59.1,60,1.0
2024-10-10 23:00,58.74,58.6,59.1,60,1.0
2024-10-11 00:00,58.76,58.5,59.1,60,1.0
2024-10-11 01:00,58.72,58.4,59.2,60,1.0
2024-10-11 02:00,58.52,58.3,58.8,60,1.0
2024-10-11 03:00,58.5,58.2,58.8,60,1.0
2024-10-11 04:00,58.38,58.2,58.8,60,1.0
2024-10-11 05:00,58.4,58.1,58.7,60,1.0
2024-10-11 06:00,58.37,58.1,58.6,60,1.0
2024-10-11 07:00,58.26,57.9,58.6,60,1.0
2024-10-11 08:00,58.06,57.8,58.4,60,1.0
2024-10-11 09:00,58.03,57.7,58.3,60,1.0
2024-10-11 10:00,57.85,57.5,58.2,60,1.0
2024-10-11 11:00,57.58,57.3,57.9,60,1.0
2024-10-11 12:00,57.38,57.1,57.8,60,1.0
2024-10-11 13:00,57.27,57.1,57.6,60,1.0
2024-10-11 14:00,57.27,56.9,57.6,48,0.8
2024-10-11 15:00,57.08,56.8,57.4,60,1.0
2024-10-11 16:00,56.99,56.8,57.3,60,1.0
2024-10-11 17:00,56.93,56.7,57.2,60,1.0
2024-10-11 18:00,56.84,56.6,57.1,60,1.0
2024-10-11 19:00,56.78,56.5,57.0,60,1.0
2024-10-11 20:00,56.77,56.5,57.1,60,1.0
2024-10-11 21:00,56.73,56.4,57.0,60,1.0
2024-10-11 22:00,56.63,56.4,56.9,60,1.0
2024-10-11 23:00,56.57,56.3,56.9,60,1.0
2024-10-12 00:00,56.45,56.3,56.8,60,1.0
2024-10-12 01:00,56.36,56.2,56.6,60,1.0
2024-10-12 02:00,56.59,56.5,56.8,60,1.0
2024-10-12 03:00,56.56,56.4,56.9,60,1.0
2024-10-12 04:00,56.52,56.4,56.7,60,1.0
2024-10-12 05:00,56.52,56.4,56.9,60,1.0
2024-10-12 06:00,56.52,56.4,56.8,60,1.0
2024-10-12 07:00,56.44,56.3,56.8,60,1.0
2024-10-12 08:00,56.58,56.3,57.1,60,1.0
2024-10-12 09:00,56.5,56.3,56.9,60,1.0
2024-10-12 10:00,56.52,56.2,56.8,60,1.0
2024-10-12 11:00,56.31,56.0,56.6,60,1.0
2024-10-12 12:00,56.12,55.9,56.5,60,1.0
2024-10-12 13:00,55.98,55.8,56.4,60,1.0
2024-10-12 14:00,55.99,55.7,56.2,60,1.0
2024-10-12 15:00,55.76,55.6,56.2,60,1.0
2024-10-12 16:00,55.72,55.5,56.0,60,1.0
2024-10-12 17:00,55.72,55.5,56.3,60,1.0
2024-10-12 18:00,55.74,55.5,56.0,52,0.867
2024-10-12 19:00,55.7,55.3,56.0,46,0.767
2024-10-12 20:00,55.47,55.3,55.8,46,0.767
2024-10-12 21:00,55.52,55.3,55.9,56,0.933
2024-10-12 22:00,55.46,55.3,55.9,60,1.0
2024-10-12 23:00,55.4,55.3,55.7,60,1.0
2024-10-13 00:00,55.37,55.2,55.8,60,1.0
2024-10-13 01:00,55.33,55.2,55.7,60,1.0
2024-10-13 02:00,55.27,55.1,55.6,60,1.0
2024-10-13 03:00,55.26,55.1,55.6,60,1.0
2024-10-13 04:00,55.28,55.1,55.6,60,1.0
2024-10-13 05:00,55.27,55.1,55.7,60,1.0
2024-10-13 06:00,55.29,55.1,55.6,60,1.0
2024-10-13 07:00,55.26,55.0,55.6,60,1.0
2024-10-13 08:00,55.24,55.1,55.6,60,1.0
2024-10-13 09:00,55.2,55.1,55.5,60,1.0
2024-10-13 10:00,55.19,54.9,55.5,60,1.0
2024-10-13 11:00,55.1,54.8,55.4,60,1.0
2024-10-13 12:00,55.01,54.7,55.4,60,1.0
2024-10-13 13:00,54.98,54.8,55.5,60,1.0
2024-10-13 14:00,54.95,54.6,55.2,60,1.0
2024-10-13 15:00,54.76,54.6,55.1,60,1.0
2024-10-13 16:00,54.71,54.5,55.1,60,1.0
2024-10-13 17:00,54.76,54.5,55.1,60,1.0
2024-10-13 18:00,54.84,54.5,55.2,60,1.0
2024-10-13 19:00,54.84,54.5,55.1,60,1.0
2024-10-13 20:00,54.76,54.4,55.1,60,1.0
2024-10-13 21:00,54.68,54.4,55.1,60,1.0
2024-10-13 22:00,54.59,54.4,55.0,55,0.917
2024-10-13 23:00,54.56,54.4,54.9,49,0.817
2024-10-14 00:00,54.5,54.4,54.9,56,0.933
2024-10-14 01:00,54.47,54.3,54.8,45,0.75
2024-10-14 02:00,54.44,54.3,54.8,47,0.783
2024-10-14 03:00,54.43,54.3,54.7,60,1.0
2024-10-14 04:00,54.42,54.2,54.9,60,1.0
2024-10-14 05:00,54.36,54.2,54.6,60,1.0
2024-10-14 06:00,54.32,54.2,54.6,60,1.0
2024-10-14 07:00,54.34,54.2,54.7,60,1.0
2024-10-14 08:00,54.45,54.2,54.8,60,1.0
2024-10-14 09:00,54.39,54.2,54.7,59,0.983
2024-10-14 10:00,54.42,54.1,54.7,60,1.0
2024-10-14 11:00,54.29,54.1,54.6,60,1.0
2024-10-14 12:00,54.1,53.9,54.4,60,1.0
2024-10-14 13:00,54.09,53.8,54.4,60,1.0
2024-10-14 14:00,54.14,53.9,54.4,60,1.0
2024-10-14 15:00,53.96,53.8,54.4,60,1.0
2024-10-14 16:00,53.97,53.8,54.4,60,1.0
2024-10-14 17:00,53.96,53.8,54.4,60,1.0
2024-10-14 18:00,54.0,53.7,54.3,60,1.0
2024-10-14 19:00,54.01,53.7,54.3,60,1.0
2024-10-14 20:00,54.02,53.6,54.3,60,1.0
2024-10-14 21:00,53.94,53.7,54.2,60,1.0
2024-10-14 22:00,53.96,53.6,54.2,60,1.0
2024-10-14 23:00,53.92,53.6,54.3,60,1.0
2024-10-15 00:00,53.95,53.6,54.2,60,1.0
2024-10-15 01:00,53.93,53.6,54.3,60,1.0
2024-10-15 02:00,53.8,53.6,54.1,60,1.0
2024-10-15 03:00,53.82,53.6,54.2,60,1.0
2024-10-15 04:00,53.79,53.6,54.2,60,1.0
2024-10-15 05:00,53.8,53.5,54.1,60,1.0
2024-10-15 06:00,53.71,53.5,54.0,60,1.0
2024-10-15 07:00,53.86,53.5,54.2,60,1.0
2024-10-15 08:00,53.83,53.6,54.2,60,1.0
2024-10-15 09:00,53.85,53.6,54.1,60,1.0
2024-10-15 10:00,53.75,53.5,54.1,60,1.0
2024-10-15 11:00,53.64,53.4,54.0,59,0.983
2024-10-15 12:00,53.58,53.3,53.8,48,0.8
2024-10-15 13:00,53.48,53.3,53.8,59,0.983
2024-10-15 14:00,53.38,53.2,53.7,59,0.983
2024-10-15 15:00,53.49,53.2,53.8,60,1.0
2024-10-15 16:00,53.46,53.2,53.7,60,1.0
2024-10-15 17:00,53.31,53.1,53.7,54,0.9
2024-10-15 18:00,53.24,53.1,53.5,53,0.883
2024-10-15 19:00,53.25,53.1,53.6,50,0.833
2024-10-15 20:00,53.38,53.1,53.7,60,1.0
2024-10-15 21:00,53.31,53.0,53.6,60,1.0
2024-10-15 22:00,53.27,53.1,53.5,21,0.35
2024-10-19 09:00,68.52,68.2,68.9,26,0.433
2024-10-19 10:00,68.74,68.1,69.3,49,0.817
2024-10-19 11:00,68.36,67.8,69.1,57,0.95
2024-10-19 12:00,68.03,67.4,68.4,60,1.0
2024-10-19 13:00,67.13,66.6,67.8,60,1.0
2024-10-19 14:00,66.56,66.1,67.1,60,1.0
2024-10-19 15:00,66.14,65.5,66.5,60,1.0
2024-10-19 16:00,65.64,65.0,66.1,59,0.983
2024-10-19 17:00,65.06,64.6,65.5,43,0.717
2024-10-19 18:00,64.74,64.4,65.1,59,0.983
2024-10-19 19:00,64.52,64.0,64.9,60,1.0
2024-10-19 20:00,64.25,63.8,64.5,60,1.0
2024-10-19 21:00,63.95,63.6,64.4,60,1.0
2024-10-19 22:00,63.87,63.4,64.2,60,1.0
2024-10-19 23:00,63.71,63.3,64.0,60,1.0
2024-10-20 00:00,63.46,63.1,63.8,60,1.0
2024-10-20 01:00,63.42,63.0,63.7,60,1.0
2024-10-20 02:00,63.29,62.8,63.6,60,1.0
2024-10-20 03:00,63.08,62.7,63.5,60,1.0
2024-10-20 04:00,62.82,62.4,63.3,60,1.0
2024-10-20 05:00,62.66,62.0,63.1,60,1.0
2024-10-20 06:00,62.31,61.9,62.7,60,1.0
2024-10-20 07:00,62.47,62.0,62.8,60,1.0
2024-10-20 08:00,62.51,62.2,62.8,60,1.0
2024-10-20 09:00,62.44,62.2,62.9,60,1.0
2024-10-20 10:00,62.48,62.2,62.8,60,1.0
2024-10-20 11:00,62.35,62.0,62.8,60,1.0
2024-10-20 12:00,62.08,61.8,62.6,60,1.0
2024-10-20 13:00,62.02,61.7,62.4,60,1.0
2024-10-20 14:00,62.02,61.7,62.4,59,0.983
2024-10-20 15:00,61.74,61.5,62.0,60,1.0
2024-10-20 16:00,61.61,61.4,61.8,60,1.0
2024-10-20 17:00,61.5,61.3,61.9,60,1.0
2024-10-20 18:00,61.46,61.2,61.9,60,1.0
2024-10-20 19:00,61.41,61.1,61.8,60,1.0
2024-10-20 20:00,61.39,61.0,61.8,60,1.0
2024-10-20 21:00,61.29,60.8,61.6,60,1.0
2024-10-20 22:00,61.22,60.8,61.5,60,1.0
2024-10-20 23:00,61.07,60.8,61.4,57,0.95
2024-10-21 00:00,61.06,60.7,61.4,60,1.0
2024-10-21 01:00,60.98,60.6,61.2,60,1.0
2024-10-21 02:00,60.88,60.5,61.3,52,0.867
2024-10-21 03:00,60.8,60.5,61.0,51,0.85
2024-10-21 04:00,60.69,60.3,61.0,60,1.0
2024-10-21 05:00,60.6,60.2,61.0,60,1.0
2024-10-21 06:00,60.56,60.1,60.9,60,1.0
2024-10-21 07:00,60.44,60.1,60.8,60,1.0
2024-10-21 08:00,60.24,60.0,60.7,60,1.0
2024-10-21 09:00,60.11,59.8,60.5,60,1.0
2024-10-21 10:00,60.16,59.7,60.6,60,1.0
2024-10-21 11:00,60.01,59.7,60.3,60,1.0
2024-10-21 12:00,60.02,59.6,60.4,60,1.0
2024-10-21 13:00,59.89,59.6,60.2,60,1.0
2024-10-21 14:00,59.83,59.4,60.1,60,1.0
2024-10-21 15:00,59.69,59.4,60.2,60,1.0
2024-10-21 16:00,59.53,59.3,59.9,60,1.0
2024-10-21 17:00,59.39,59.2,59.6,59,0.983
2024-10-21 18:00,59.32,59.1,59.7,60,1.0
2024-10-21 19:00,59.28,59.1,59.6,60,1.0
2024-10-21 20:00,59.2,59.0,59.6,59,0.983
2024-10-21 21:00,59.1,58.9,59.5,60,1.0
2024-10-21 22:00,59.07,58.9,59.3,60,1.0
2024-10-21 23:00,59.03,58.8,59.3,60,1.0
2024-10-22 00:00,58.96,58.8,59.3,60,1.0
2024-10-22 01:00,58.97,58.7,59.4,60,1.0
2024-10-22 02:00,58.97,58.6,59.3,60,1.0
2024-10-22 03:00,58.93,58.6,59.3,60,1.0
2024-10-22 04:00,58.84,58.6,59.2,60,1.0
2024-10-22 05:00,58.83,58.5,59.1,60,1.0
2024-10-22 06:00,58.8,58.4,59.1,54,0.9
2024-10-22 07:00,58.73,58.4,59.0,50,0.833
2024-10-22 08:00,58.51,58.3,58.9,59,0.983
2024-10-22 09:00,58.62,58.3,59.0,54,0.9
2024-10-22 10:00,58.38,58.2,58.7,60,1.0
2024-10-22 11:00,58.35,58.1,58.7,60,1.0
2024-10-22 12:00,58.28,58.0,58.6,60,1.0
2024-10-22 13:00,58.2,58.0,58.5,60,1.0
2024-10-22 14:00,58.32,58.0,58.6,60,1.0
2024-10-22 15:00,58.21,57.9,58.5,60,1.0
2024-10-22 16:00,58.1,57.8,58.5,60,1.0
2024-10-22 17:00,57.97,57.8,58.4,60,1.0
2024-10-22 18:00,57.93,57.7,58.3,60,1.0
2024-10-22 19:00,57.79,57.6,58.0,60,1.0
2024-10-22 20:00,57.76,57.6,58.2,60,1.0
2024-10-22 21:00,57.8,57.5,58.1,60,1.0
2024-10-22 22:00,57.8,57.5,58.1,60,1.0
2024-10-22 23:00,57.83,57.5,58.2,60,1.0
2024-10-23 00:00,57.82,57.5,58.1,60,1.0
2024-10-23 01:00,57.74,57.5,58.1,60,1.0
2024-10-23 02:00,57.78,57.5,58.1,60,1.0
2024-10-23 03:00,57.8,57.5,58.1,60,1.0
2024-10-23 04:00,57.77,57.5,58.2,60,1.0
2024-10-23 05:00,57.76,57.4,58.1,60,1.0
2024-10-23 06:00,57.73,57.4,58.0,60,1.0
2024-10-23 07:00,57.7,57.4,58.0,60,1.0
2024-10-23 08:00,57.63,57.3,57.9,60,1.0
2024-10-23 09:00,57.5,57.3,57.8,60,1.0
2024-10-23 10:00,57.49,57.2,58.0,60,1.0
2024-10-23 11:00,57.3,57.1,57.7,60,1.0
2024-10-23 12:00,57.14,57.0,57.4,60,1.0
2024-10-23 13:00,57.08,56.9,57.4,60,1.0
2024-10-23 14:00,57.14,56.9,57.5,60,1.0
2024-10-23 15:00,57.12,56.9,57.4,54,0.9
2024-10-23 16:00,57.05,56.7,57.3,50,0.833
2024-10-23 17:00,56.96,56.7,57.3,60,1.0
2024-10-23 18:00,56.81,56.6,57.3,60,1.0
2024-10-23 19:00,56.74,56.6,57.1,60,1.0
2024-10-23 20:00,56.71,56.6,57.0,60,1.0
2024-10-23 21:00,56.72,56.6,57.0,58,0.967
2024-10-23 22:00,56.73,56.5,57.2,60,1.0
2024-10-23 23:00,56.7,56.5,57.1,58,0.967
2024-10-24 00:00,56.72,56.5,57.1,60,1.0
2024-10-24 01:00,56.77,56.5,57.2,60,1.0
2024-10-24 02:00,56.76,56.5,57.0,58,0.967
2024-10-24 03:00,56.77,56.4,57.0,60,1.0
2024-10-24 04:00,56.74,56.4,57.0,60,1.0
2024-10-24 05:00,56.68,56.3,57.0,60,1.0
2024-10-24 06:00,56.4,56.2,56.7,60,1.0
2024-10-24 07:00,56.39,56.2,56.7,60,1.0
2024-10-24 08:00,56.46,56.2,56.8,60,1.0
2024-10-24 09:00,56.52,56.2,56.8,60,1.0
2024-10-24 10:00,56.41,56.1,56.8,59,0.983
2024-10-24 11:00,56.19,56.0,56.6,60,1.0
2024-10-24 12:00,56.26,56.0,56.5,60,1.0
2024-10-24 13:00,56.11,55.8,56.4,60,1.0
2024-10-24 14:00,55.88,55.8,56.3,60,1.0
2024-10-24 15:00,55.89,55.7,56.3,59,0.983
2024-10-24 16:00,55.94,55.7,56.2,59,0.983
2024-10-24 17:00,55.9,55.6,56.2,60,1.0
2024-10-24 18:00,55.91,55.6,56.2,60,1.0
2024-10-24 19:00,55.72,55.5,56.1,60,1.0
2024-10-24 20:00,55.7,55.5,56.1,60,1.0
2024-10-24 21:00,55.61,55.5,55.9,60,1.0
2024-10-24 22:00,55.59,55.5,56.0,60,1.0
2024-10-24 23:00,55.57,55.4,55.8,60,1.0
2024-10-25 00:00,55.51,55.4,55.7,60,1.0
2024-10-25 01:00,55.53,55.4,55.8,60,1.0
2024-10-25 02:00,55.58,55.4,55.9,60,1.0
2024-10-25 03:00,55.55,55.4,56.0,60,1.0
2024-10-25 04:00,55.54,55.4,55.8,60,1.0
2024-10-25 05:00,55.53,55.4,55.8,60,1.0
2024-10-25 06:00,55.6,55.3,55.9,60,1.0
2024-10-25 07:00,55.54,55.3,55.9,60,1.0
2024-10-25 08:00,55.49,55.3,55.8,55,0.917
2024-10-25 09:00,55.58,55.4,55.9,49,0.817
2024-10-25 10:00,55.52,55.3,55.9,52,0.867
2024-10-25 11:00,55.4,55.2,55.8,60,1.0
2024-10-25 12:00,55.28,55.0,55.6,60,1.0
2024-10-25 13:00,55.14,55.0,55.5,60,1.0
2024-10-25 14:00,55.04,54.9,55.3,60,1.0
2024-10-25 15:00,55.18,54.9,55.5,60,1.0
2024-10-25 16:00,55.2,54.9,55.5,60,1.0
2024-10-25 17:00,55.14,54.9,55.5,60,1.0
2024-10-25 18:00,55.12,54.9,55.5,60,1.0
2024-10-25 19:00,54.96,54.8,55.4,60,1.0
2024-10-25 20:00,54.87,54.7,55.2,60,1.0
2024-10-25 21:00,54.88,54.7,55.2,60,1.0
2024-10-25 22:00,54.9,54.7,55.2,60,1.0
2024-10-25 23:00,54.91,54.7,55.2,60,1.0
2024-10-26 00:00,54.93,54.7,55.2,60,1.0
2024-10-26 01:00,54.84,54.7,55.2,60,1.0
2024-10-26 02:00,54.89,54.7,55.3,60,1.0
2024-10-26 03:00,55.01,54.7,55.2,60,1.0
2024-10-26 04:00,55.02,54.7,55.3,60,1.0
2024-10-26 05:00,55.06,54.8,55.3,60,1.0
2024-10-26 06:00,55.06,54.8,55.3,60,1.0
2024-10-26 07:00,55.05,54.8,55.4,60,1.0
2024-10-26 08:00,54.92,54.7,55.2,60,1.0
2024-10-26 09:00,54.95,54.8,55.2,60,1.0
2024-10-26 10:00,55.04,54.7,55.4,59,0.983
2024-10-26 11:00,54.99,54.7,55.3,60,1.0
2024-10-26 12:00,54.78,54.5,55.1,60,1.0
2024-10-26 13:00,54.59,54.4,54.9,60,1.0
2024-10-26 14:00,54.72,54.4,54.9,60,1.0
2024-10-26 15:00,54.69,54.4,54.9,59,0.983
2024-10-26 16:00,54.63,54.4,54.9,57,0.95
2024-10-26 17:00,54.65,54.3,55.1,51,0.85
2024-10-26 18:00,54.45,54.3,54.8,55,0.917
2024-10-26 19:00,54.41,54.2,54.7,60,1.0
2024-10-26 20:00,54.31,54.2,54.6,60,1.0
2024-10-26 21:00,54.35,54.2,54.7,60,1.0
2024-10-26 22:00,54.33,54.2,54.7,60,1.0
2024-10-26 23:00,54.34,54.2,54.7,60,1.0
2024-10-27 00:00,54.4,54.2,54.8,60,1.0
2024-10-27 01:00,54.42,54.1,54.7,60,1.0
2024-10-27 02:00,54.44,54.2,54.7,60,1.0
2024-10-27 03:00,54.45,54.2,54.7,60,1.0
2024-10-27 04:00,54.49,54.2,54.8,60,1.0
2024-10-27 05:00,54.51,54.2,54.7,60,1.0
2024-10-27 06:00,54.43,54.1,54.7,60,1.0
2024-10-27 07:00,54.46,54.1,54.7,60,1.0
2024-10-27 08:00,54.31,54.2,54.8,59,0.983
2024-10-27 09:00,54.41,54.2,54.7,59,0.983
2024-10-27 10:00,54.34,54.0,54.7,60,1.0
2024-10-27 11:00,54.21,54.0,54.5,60,1.0
2024-10-27 12:00,53.95,53.7,54.3,60,1.0
2024-10-27 13:00,53.92,53.7,54.2,60,1.0
2024-10-27 14:00,53.92,53.7,54.2,60,1.0
2024-10-27 15:00,53.74,53.6,54.2,60,1.0
2024-10-27 16:00,53.72,53.6,54.0,60,1.0
2024-10-27 17:00,53.74,53.5,54.0,60,1.0
2024-10-27 18:00,53.76,53.5,54.1,59,0.983
2024-10-27 19:00,53.82,53.5,54.0,60,1.0
2024-10-27 20:00,53.82,53.5,54.1,60,1.0
2024-10-27 21:00,53.83,53.5,54.1,60,1.0
2024-10-27 22:00,53.8,53.5,54.1,60,1.0
2024-10-27 23:00,53.76,53.5,54.0,60,1.0
2024-10-28 00:00,53.76,53.5,54.0,60,1.0
2024-10-28 01:00,53.76,53.5,54.0,60,1.0
2024-10-28 02:00,53.86,53.6,54.2,60,1.0
2024-10-28 03:00,53.86,53.5,54.1,60,1.0
2024-10-28 04:00,53.71,53.4,54.0,60,1.0
2024-10-28 05:00,53.62,53.4,53.9,59,0.983
2024-10-28 06:00,53.61,53.3,53.9,59,0.983
2024-10-28 07:00,53.64,53.4,53.9,57,0.95
2024-10-28 08:00,53.65,53.4,53.9,47,0.783
2024-10-28 09:00,53.62,53.4,54.0,53,0.883
2024-10-28 10:00,53.59,53.4,53.9,55,0.917
2024-10-28 11:00,53.56,53.3,53.9,60,1.0
2024-10-28 12:00,53.52,53.2,53.8,60,1.0
2024-10-28 13:00,53.29,53.2,53.6,60,1.0
2024-10-28 14:00,53.26,53.1,53.6,60,1.0
2024-10-28 15:00,53.38,53.1,53.7,60,1.0
2024-10-28 16:00,53.41,53.1,53.6,59,0.983
2024-10-28 17:00,53.42,53.1,53.6,59,0.983
2024-10-28 18:00,53.42,53.1,53.6,60,1.0
2024-10-28 19:00,53.37,53.1,53.6,60,1.0
2024-10-28 20:00,53.33,53.0,53.5,60,1.0
2024-10-28 21:00,53.34,53.1,53.6,60,1.0
2024-10-28 22:00,53.27,53.0,53.6,60,1.0
2024-10-28 23:00,53.23,53.0,53.6,58,0.967
2024-10-29 00:00,53.29,53.0,53.6,59,0.983
2024-10-29 01:00,53.33,53.0,53.7,59,0.983
2024-10-29 02:00,53.3,53.0,53.5,60,1.0
2024-10-29 03:00,53.27,53.0,53.6,60,1.0
2024-10-29 04:00,53.35,53.1,53.7,60,1.0
2024-10-29 05:00,53.27,53.0,53.5,60,1.0
2024-10-29 06:00,53.3,53.1,53.6,60,1.0
2024-10-29 07:00,53.3,53.1,53.5,60,1.0
2024-10-29 08:00,53.33,53.1,53.6,60,1.0
2024-10-29 09:00,53.33,53.1,53.6,60,1.0
2024-10-29 10:00,53.28,53.0,53.6,60,1.0
2024-10-29 11:00,53.09,53.0,53.3,60,1.0
2024-10-29 12:00,53.25,53.0,53.5,60,1.0
2024-10-29 13:00,53.25,52.9,53.5,60,1.0
2024-10-29 14:00,53.08,52.9,53.4,60,1.0
2024-10-29 15:00,53.01,52.9,53.3,60,1.0
2024-10-29 16:00,53.02,52.8,53.3,60,1.0
2024-10-29 17:00,53.02,52.8,53.3,60,1.0
2024-10-29 18:00,53.06,52.8,53.3,60,1.0
2024-10-29 19:00,53.07,52.9,53.4,60,1.0
2024-10-29 20:00,53.08,52.8,53.4,60,1.0
2024-10-29 21:00,53.13,52.8,53.4,60,1.0
2024-10-29 22:00,53.13,52.8,53.4,58,0.967
2024-10-29 23:00,53.13,52.8,53.3,49,0.817
2024-10-30 00:00,53.1,52.9,53.3,59,0.983
2024-10-30 01:00,53.12,52.8,53.3,60,1.0
2024-10-30 02:00,53.13,52.9,53.3,60,1.0
2024-10-30 03:00,53.14,52.8,53.3,60,1.0
2024-10-30 04:00,53.14,52.9,53.3,60,1.0
2024-10-30 05:00,53.14,52.8,53.4,60,1.0
2024-10-30 06:00,53.11,52.8,53.3,60,1.0
2024-10-30 07:00,53.11,52.8,53.3,60,1.0
2024-10-30 08:00,52.98,52.7,53.3,60,1.0
2024-10-30 09:00,52.93,52.7,53.3,59,0.983
2024-10-30 10:00,52.92,52.7,53.2,60,1.0
2024-10-30 11:00,52.85,52.6,53.2,60,1.0
2024-10-30 12:00,52.87,52.6,53.2,58,0.967
2024-10-30 13:00,53.02,52.7,53.2,60,1.0
2024-10-30 14:00,52.84,52.6,53.1,60,1.0
2024-10-30 15:00,52.72,52.6,53.0,60,1.0
2024-10-30 16:00,52.73,52.6,53.1,60,1.0
2024-10-30 17:00,52.73,52.5,53.1,60,1.0
2024-10-30 18:00,52.76,52.5,53.1,60,1.0
2024-10-30 19:00,52.74,52.5,53.1,60,1.0
2024-10-30 20:00,52.68,52.4,53.1,60,1.0
2024-10-30 21:00,52.71,52.4,53.1,60,1.0
2024-10-30 22:00,52.85,52.5,53.2,60,1.0
2024-10-30 23:00,52.74,52.4,53.0,60,1.0
2024-10-31 00:00,52.78,52.5,53.0,60,1.0
2024-10-31 01:00,52.76,52.5,53.0,60,1.0
2024-10-31 02:00,52.76,52.4,53.0,60,1.0
2024-10-31 03:00,52.81,52.5,53.1,60,1.0
2024-10-31 04:00,52.76,52.5,53.0,60,1.0
2024-10-31 05:00,52.76,52.4,53.1,60,1.0
2024-10-31 06:00,52.7,52.4,53.0,60,1.0
2024-10-31 07:00,52.71,52.5,53.1,60,1.0
2024-10-31 08:00,52.74,52.5,53.1,60,1.0
2024-10-31 09:00,52.72,52.4,53.0,60,1.0
2024-10-31 10:00,52.62,52.3,52.9,60,1.0
2024-10-31 11:00,52.64,52.3,53.0,60,1.0
2024-10-31 12:00,52.49,52.2,52.9,60,1.0
2024-10-31 13:00,52.34,52.2,52.6,57,0.95
2024-10-31 14:00,52.4,52.2,52.7,49,0.817
2024-10-31 15:00,52.48,52.2,52.7,48,0.8
2024-10-31 16:00,52.52,52.2,52.8,53,0.883
2024-10-31 17:00,52.47,52.2,52.7,60,1.0
2024-10-31 18:00,52.47,52.2,52.8,60,1.0
2024-10-31 19:00,52.44,52.1,52.7,60,1.0
2024-10-31 20:00,52.39,52.1,52.7,60,1.0
2024-10-31 21:00,52.47,52.2,52.7,60,1.0
2024-10-31 22:00,52.39,52.1,52.6,57,0.95
2024-10-31 23:00,52.36,52.1,52.6,46,0.767
2024-11-01 00:00,52.38,52.1,52.6,60,1.0
2024-11-01 01:00,52.37,52.1,52.7,60,1.0
2024-11-01 02:00,52.36,52.1,52.8,60,1.0
2024-11-01 03:00,52.35,52.1,52.8,60,1.0
2024-11-01 04:00,52.38,52.1,52.7,60,1.0
2024-11-01 05:00,52.37,52.1,52.7,60,1.0
2024-11-01 06:00,52.33,52.1,52.7,60,1.0
2024-11-01 07:00,52.35,52.1,52.7,60,1.0
2024-11-01 08:00,52.44,52.2,52.8,60,1.0
2024-11-01 09:00,52.49,52.2,52.7,60,1.0
2024-11-01 10:00,52.36,52.1,52.7,60,1.0
2024-11-01 11:00,52.27,52.1,52.6,60,1.0
2024-11-01 12:00,52.24,52.0,52.6,59,0.983
2024-11-01 13:00,52.36,51.9,52.6,60,1.0
2024-11-01 14:00,52.38,52.0,52.6,60,1.0
2024-11-01 15:00,52.39,52.0,52.7,60,1.0
2024-11-01 16:00,52.33,52.0,52.6,60,1.0
2024-11-01 17:00,52.29,52.0,52.7,60,1.0
2024-11-01 18:00,52.3,52.0,52.8,60,1.0
2024-11-01 19:00,52.26,51.9,52.5,60,1.0
2024-11-01 20:00,52.28,52.0,52.6,60,1.0
2024-11-01 21:00,52.21,51.9,52.6,60,1.0
2024-11-01 22:00,52.26,52.0,52.6,60,1.0
2024-11-01 23:00,52.19,52.0,52.5,60,1.0
2024-11-02 00:00,52.17,51.9,52.5,60,1.0
2024-11-02 01:00,52.19,51.9,52.5,60,1.0
2024-11-02 02:00,52.16,51.9,52.5,60,1.0
2024-11-02 03:00,52.1,51.9,52.5,60,1.0
2024-11-02 04:00,52.28,51.9,52.9,60,1.0
2024-11-02 05:00,52.38,52.0,52.9,60,1.0
2024-11-02 06:00,52.17,51.9,52.5,60,1.0
2024-11-02 07:00,52.1,51.9,52.5,60,1.0
2024-11-02 08:00,52.27,52.0,52.5,60,1.0
2024-11-02 09:00,52.31,52.0,52.6,60,1.0
2024-11-02 10:00,52.25,52.0,52.7,57,0.95
2024-11-02 11:00,52.18,52.0,52.5,47,0.783
2024-11-02 12:00,52.19,52.0,52.6,60,1.0
2024-11-02 13:00,52.24,51.9,52.5,60,1.0
2024-11-02 14:00,52.2,51.9,52.6,60,1.0
2024-11-02 15:00,52.13,51.9,52.5,60,1.0
2024-11-02 16:00,52.12,51.9,52.5,60,1.0
2024-11-02 17:00,52.14,51.9,52.5,60,1.0
2024-11-02 18:00,52.07,51.9,52.4,60,1.0
2024-11-02 19:00,52.16,51.9,52.5,60,1.0
2024-11-02 20:00,52.22,51.9,52.5,60,1.0
2024-11-02 21:00,52.18,51.9,52.7,60,1.0
2024-11-02 22:00,52.21,51.9,52.5,60,1.0
2024-11-02 23:00,52.16,51.9,52.5,54,0.9
2024-11-03 00:00,52.09,51.9,52.4,60,1.0
2024-11-03 01:00,52.06,51.9,52.3,60,1.0
2024-11-03 02:00,52.08,51.9,52.5,60,1.0
2024-11-03 03:00,52.11,51.9,52.5,60,1.0
2024-11-03 04:00,52.09,51.9,52.5,60,1.0
2024-11-03 05:00,52.08,51.9,52.4,60,1.0
2024-11-03 06:00,52.11,51.9,52.5,60,1.0
2024-11-03 07:00,52.04,51.9,52.3,60,1.0
2024-11-03 08:00,52.28,51.9,52.7,60,1.0
2024-11-03 09:00,52.28,51.9,52.5,60,1.0
2024-11-03 10:00,52.18,51.9,52.6,60,1.0
2024-11-03 11:00,52.09,51.9,52.5,60,1.0
2024-11-03 12:00,52.11,51.9,52.5,60,1.0
2024-11-03 13:00,52.2,51.9,52.5,60,1.0
2024-11-03 14:00,52.06,51.8,52.4,60,1.0
2024-11-03 15:00,52.02,51.8,52.5,60,1.0
2024-11-03 16:00,51.9,51.7,52.2,43,0.717
2024-11-03 17:00,51.82,51.6,52.4,60,1.0
2024-11-03 18:00,51.8,51.6,52.2,60,1.0
2024-11-03 19:00,51.81,51.6,52.2,60,1.0
2024-11-03 20:00,51.82,51.6,52.2,60,1.0
2024-11-03 21:00,51.73,51.6,52.2,60,1.0
2024-11-03 22:00,51.74,51.6,52.1,60,1.0
2024-11-03 23:00,51.88,51.7,52.3,60,1.0
2024-11-04 00:00,51.89,51.7,52.3,60,1.0
2024-11-04 01:00,51.72,51.5,51.9,60,1.0
2024-11-04 02:00,51.7,51.5,52.0,60,1.0
2024-11-04 03:00,51.7,51.5,52.1,60,1.0
2024-11-04 04:00,51.7,51.5,51.9,60,1.0
2024-11-04 05:00,51.7,51.5,52.0,60,1.0
2024-11-04 06:00,51.68,51.5,52.1,60,1.0
2024-11-04 07:00,51.75,51.6,52.1,60,1.0
2024-11-04 08:00,51.81,51.6,52.3,60,1.0
2024-11-04 09:00,51.78,51.6,52.2,60,1.0
2024-11-04 10:00,51.78,51.5,52.1,60,1.0
2024-11-04 11:00,51.79,51.6,52.2,60,1.0
2024-11-04 12:00,51.82,51.5,52.2,60,1.0
2024-11-04 13:00,51.67,51.4,52.2,60,1.0
2024-11-04 14:00,51.81,51.5,52.3,60,1.0
2024-11-04 15:00,51.69,51.4,52.0,60,1.0
2024-11-04 16:00,51.6,51.4,52.0,60,1.0
2024-11-04 17:00,51.6,51.4,52.0,60,1.0
2024-11-04 18:00,51.64,51.4,52.0,60,1.0
2024-11-04 19:00,51.59,51.4,52.0,57,0.95
2024-11-04 20:00,51.54,51.4,52.0,45,0.75
2024-11-04 21:00,51.57,51.4,52.0,60,1.0
2024-11-04 22:00,51.57,51.4,51.9,60,1.0
2024-11-04 23:00,51.58,51.4,52.0,60,1.0
2024-11-05 00:00,51.58,51.4,52.0,60,1.0
2024-11-05 01:00,51.59,51.4,51.9,60,1.0
2024-11-05 02:00,51.61,51.4,51.9,60,1.0
2024-11-05 03:00,51.58,51.4,52.0,60,1.0
2024-11-05 04:00,51.64,51.4,52.1,60,1.0
2024-11-05 05:00,51.62,51.5,51.9,60,1.0
2024-11-05 06:00,51.59,51.4,52.0,60,1.0
2024-11-05 07:00,51.58,51.4,51.8,60,1.0
2024-11-05 08:00,51.8,51.5,52.1,60,1.0
2024-11-05 09:00,51.72,51.5,52.1,60,1.0
2024-11-05 10:00,51.8,51.5,52.2,60,1.0
2024-11-05 11:00,51.69,51.5,52.2,60,1.0
2024-11-05 12:00,51.6,51.4,52.0,60,1.0
2024-11-05 13:00,51.73,51.4,52.1,60,1.0
2024-11-05 14:00,51.62,51.4,52.0,60,1.0
2024-11-05 15:00,51.57,51.3,51.9,60,1.0
2024-11-05 16:00,51.53,51.3,52.1,60,1.0
2024-11-05 17:00,51.53,51.3,51.9,60,1.0
2024-11-05 18:00,51.5,51.3,51.9,60,1.0
2024-11-05 19:00,51.54,51.3,51.9,60,1.0
2024-11-05 20:00,51.45,51.3,51.7,60,1.0
2024-11-05 21:00,51.46,51.3,51.7,60,1.0
2024-11-05 22:00,51.47,51.3,51.8,60,1.0
2024-11-05 23:00,51.51,51.3,51.8,60,1.0
2024-11-06 00:00,51.49,51.3,51.8,60,1.0
2024-11-06 01:00,51.49,51.3,51.7,60,1.0
2024-11-06 02:00,51.54,51.3,51.9,60,1.0
2024-11-06 03:00,51.49,51.3,51.8,60,1.0
2024-11-06 04:00,51.48,51.3,51.9,45,0.75
2024-11-06 05:00,51.5,51.3,51.8,55,0.917
2024-11-06 06:00,51.54,51.3,51.9,60,1.0
2024-11-06 07:00,51.57,51.4,51.9,54,0.9
2024-11-06 08:00,51.73,51.4,52.2,50,0.833
2024-11-06 09:00,51.69,51.4,52.0,46,0.767
2024-11-06 10:00,51.79,51.5,52.2,57,0.95
2024-11-06 11:00,51.63,51.4,52.1,60,1.0
2024-11-06 12:00,51.55,51.3,51.9,60,1.0
2024-11-06 13:00,51.67,51.3,52.0,60,1.0
2024-11-06 14:00,51.62,51.3,52.0,60,1.0
2024-11-06 15:00,51.56,51.2,51.9,37,0.617
