time,value,min,max,n,coverage
2024-05-24 12:00,30.69,30.2,31.4,33,0.55
2024-05-24 13:00,30.72,30.6,30.8,12,0.2
2024-05-24 14:00,30.8,30.7,30.9,3,0.05
2024-05-24 15:00,30.78,30.7,30.8,4,0.067
2024-05-24 18:00,30.93,30.8,31.0,3,0.05
2024-05-24 19:00,30.95,30.9,31.0,2,0.033
2024-05-24 20:00,30.9,30.9,30.9,1,0.017
2024-05-24 23:00,31.0,31.0,31.0,1,0.017
2024-05-25 01:00,31.1,31.0,31.4,20,0.333
2024-05-25 02:00,31.14,31.0,31.3,25,0.417
2024-05-25 03:00,31.15,31.0,31.4,35,0.583
2024-05-25 04:00,31.18,31.1,31.4,32,0.533
2024-05-25 05:00,31.21,31.1,31.4,15,0.25
2024-05-25 06:00,31.15,31.1,31.2,2,0.033
2024-05-25 07:00,31.2,31.1,31.4,6,0.1
2024-05-25 08:00,31.19,31.1,31.4,10,0.167
2024-05-25 09:00,31.3,31.3,31.3,1,0.017
2024-05-25 10:00,31.15,31.1,31.3,8,0.133
2024-05-25 11:00,31.07,31.0,31.2,11,0.183
2024-05-25 12:00,31.13,31.0,31.3,33,0.55
2024-05-25 13:00,31.15,30.8,31.3,58,0.967
2024-05-25 14:00,31.11,31.0,31.3,54,0.9
2024-05-25 15:00,31.09,31.0,31.3,58,0.967
2024-05-25 16:00,31.08,31.0,31.3,58,0.967
2024-05-25 17:00,31.06,31.0,31.3,38,0.633
2024-05-25 18:00,31.17,31.0,31.3,18,0.3
2024-05-25 19:00,31.2,31.1,31.4,23,0.383
2024-05-25 20:00,31.35,31.2,31.6,55,0.917
2024-05-25 21:00,31.42,31.3,31.7,53,0.883
2024-05-25 22:00,31.42,31.3,31.7,55,0.917
2024-05-25 23:00,31.45,31.3,31.7,56,0.933
2024-05-26 00:00,31.46,31.3,31.7,50,0.833
2024-05-26 01:00,31.5,31.4,31.7,53,0.883
2024-05-26 02:00,31.5,31.4,31.7,49,0.817
2024-05-26 03:00,31.53,31.4,31.7,46,0.767
2024-05-26 04:00,31.53,31.4,31.7,45,0.75
2024-05-26 05:00,31.51,31.4,31.7,36,0.6
2024-05-26 06:00,31.56,31.4,31.8,35,0.583
2024-05-26 07:00,31.51,31.3,31.7,35,0.583
2024-05-26 08:00,31.4,31.3,31.7,51,0.85
2024-05-26 09:00,31.38,31.2,31.7,56,0.933
2024-05-26 10:00,31.3,31.2,31.5,60,1.0
2024-05-26 11:00,31.26,31.1,31.5,60,1.0
2024-05-26 12:00,31.25,31.1,31.4,60,1.0
2024-05-26 13:00,31.27,31.1,31.5,57,0.95
2024-05-26 14:00,31.18,31.1,31.4,57,0.95
2024-05-26 15:00,31.17,31.1,31.4,57,0.95
2024-05-26 16:00,31.22,31.1,31.4,57,0.95
2024-05-26 17:00,31.22,31.1,31.5,60,1.0
2024-05-26 18:00,31.22,31.1,31.5,60,1.0
2024-05-26 19:00,31.19,31.1,31.4,58,0.967
2024-05-26 20:00,31.2,31.1,31.5,59,0.983
2024-05-26 21:00,31.27,31.1,31.5,57,0.95
2024-05-26 22:00,31.26,31.1,31.5,59,0.983
2024-05-26 23:00,31.32,31.2,31.6,60,1.0
2024-05-27 00:00,31.35,31.2,31.6,59,0.983
2024-05-27 01:00,31.36,31.2,31.6,58,0.967
2024-05-27 02:00,31.4,31.3,31.6,59,0.983
2024-05-27 03:00,31.4,31.3,31.6,60,1.0
2024-05-27 04:00,31.41,31.3,31.7,60,1.0
2024-05-27 05:00,31.41,31.3,31.6,60,1.0
2024-05-27 06:00,31.44,31.3,31.7,58,0.967
2024-05-27 07:00,31.42,31.3,31.7,54,0.9
2024-05-27 08:00,31.42,31.3,31.7,44,0.733
2024-05-27 09:00,31.34,31.2,31.5,49,0.817
2024-05-27 10:00,31.28,31.2,31.5,56,0.933
2024-05-27 11:00,31.31,31.1,31.6,53,0.883
2024-05-27 12:00,31.28,31.1,31.5,59,0.983
2024-05-27 13:00,31.25,31.1,31.5,41,0.683
2024-05-27 14:00,31.23,31.1,31.5,46,0.767
2024-05-27 15:00,31.22,31.1,31.4,46,0.767
2024-05-27 16:00,31.24,31.1,31.4,42,0.7
2024-05-27 17:00,31.22,31.1,31.4,40,0.667
2024-05-27 18:00,31.22,31.1,31.4,41,0.683
2024-05-27 19:00,31.26,31.1,31.5,46,0.767
2024-05-27 20:00,31.27,31.2,31.5,50,0.833
2024-05-27 21:00,31.32,31.2,31.6,54,0.9
2024-05-27 22:00,31.37,31.2,31.6,49,0.817
2024-05-27 23:00,31.38,31.2,31.6,46,0.767
2024-05-28 00:00,31.36,31.3,31.6,46,0.767
2024-05-28 01:00,31.38,31.3,31.6,49,0.817
2024-05-28 02:00,31.43,31.3,31.7,50,0.833
2024-05-28 03:00,31.47,31.3,31.8,45,0.75
2024-05-28 04:00,31.47,31.3,31.7,48,0.8
2024-05-28 05:00,31.5,31.3,31.8,52,0.867
2024-05-28 06:00,31.51,31.4,31.8,50,0.833
2024-05-28 07:00,31.51,31.4,31.7,49,0.817
2024-05-28 08:00,31.47,31.4,31.7,56,0.933
2024-05-28 09:00,31.44,31.3,31.7,57,0.95
2024-05-28 10:00,31.41,31.3,31.5,60,1.0
2024-05-28 11:00,31.34,31.2,31.6,58,0.967
2024-05-28 12:00,31.33,31.2,31.5,56,0.933
2024-05-28 13:00,31.29,31.2,31.5,55,0.917
2024-05-28 14:00,31.28,31.2,31.5,56,0.933
2024-05-28 15:00,31.29,31.1,31.5,57,0.95
2024-05-28 16:00,31.26,31.1,31.5,45,0.75
2024-05-28 17:00,31.3,31.1,31.4,32,0.533
2024-05-28 18:00,31.26,31.1,31.4,25,0.417
2024-05-28 19:00,31.26,31.2,31.4,27,0.45
2024-05-28 20:00,31.33,31.2,31.5,15,0.25
2024-05-28 21:00,31.33,31.2,31.6,28,0.467
2024-05-28 22:00,31.32,31.2,31.5,40,0.667
2024-05-28 23:00,31.37,31.3,31.5,27,0.45
2024-05-29 00:00,31.37,31.3,31.5,28,0.467
2024-05-29 01:00,31.4,31.3,31.6,28,0.467
2024-05-29 02:00,31.45,31.3,31.6,30,0.5
2024-05-29 03:00,31.39,31.3,31.6,22,0.367
2024-05-29 04:00,31.44,31.3,31.6,32,0.533
2024-05-29 05:00,31.43,31.3,31.7,29,0.483
2024-05-29 06:00,31.42,31.3,31.6,38,0.633
2024-05-29 07:00,31.42,31.3,31.6,48,0.8
2024-05-29 08:00,31.45,31.3,31.7,58,0.967
2024-05-29 09:00,31.35,31.2,31.7,58,0.967
2024-05-29 10:00,31.27,31.2,31.5,57,0.95
2024-05-29 11:00,31.23,31.1,31.4,49,0.817
2024-05-29 12:00,31.22,31.1,31.6,60,1.0
2024-05-29 13:00,31.14,31.1,31.4,59,0.983
2024-05-29 14:00,31.15,31.0,31.4,57,0.95
2024-05-29 15:00,31.12,31.0,31.3,56,0.933
2024-05-29 16:00,31.12,31.0,31.3,58,0.967
2024-05-29 17:00,31.12,31.0,31.3,54,0.9
2024-05-29 18:00,31.14,31.0,31.4,55,0.917
2024-05-29 19:00,31.15,31.0,31.3,52,0.867
2024-05-29 20:00,31.18,31.1,31.3,23,0.383
2024-05-29 21:00,31.14,31.1,31.3,7,0.117
2024-05-29 22:00,31.16,31.1,31.3,10,0.167
2024-05-29 23:00,31.23,31.1,31.4,14,0.233
2024-05-30 00:00,31.18,31.1,31.3,4,0.067
2024-05-30 01:00,31.2,31.2,31.2,1,0.017
2024-05-30 02:00,31.2,31.2,31.2,1,0.017
2024-05-30 03:00,31.3,31.2,31.4,4,0.067
2024-05-30 04:00,31.23,31.2,31.3,3,0.05
2024-05-30 05:00,31.3,31.3,31.3,2,0.033
2024-05-30 06:00,31.31,31.2,31.5,15,0.25
2024-05-30 07:00,31.24,31.1,31.4,56,0.933
2024-05-30 08:00,31.26,31.1,31.5,58,0.967
2024-05-30 09:00,31.19,31.0,31.7,59,0.983
2024-05-30 10:00,31.1,31.0,31.3,58,0.967
2024-05-30 11:00,31.04,30.9,31.2,58,0.967
2024-05-30 12:00,31.04,30.9,31.3,56,0.933
2024-05-30 13:00,31.0,30.9,31.2,55,0.917
2024-05-30 14:00,30.99,30.9,31.3,55,0.917
2024-05-30 15:00,30.98,30.9,31.2,57,0.95
2024-05-30 16:00,31.01,30.9,31.3,52,0.867
2024-05-30 17:00,31.0,30.9,31.3,51,0.85
2024-05-30 18:00,31.02,30.9,31.2,9,0.15
2024-05-31 01:00,31.0,31.0,31.0,1,0.017
2024-05-31 02:00,31.0,31.0,31.0,1,0.017
2024-05-31 03:00,31.16,31.0,31.3,32,0.533
2024-05-31 04:00,31.2,31.1,31.4,6,0.1
2024-05-31 05:00,31.18,31.1,31.4,13,0.217
2024-05-31 06:00,31.13,31.0,31.4,59,0.983
2024-05-31 07:00,31.12,31.0,31.3,53,0.883
2024-05-31 08:00,31.13,31.0,31.3,44,0.733
2024-05-31 09:00,31.08,31.0,31.3,55,0.917
2024-05-31 10:00,31.08,31.0,31.3,50,0.833
2024-05-31 11:00,31.06,30.9,31.3,53,0.883
2024-05-31 12:00,31.08,31.0,31.3,46,0.767
2024-05-31 13:00,31.2,31.1,31.5,36,0.6
2024-05-31 14:00,31.2,31.1,31.4,46,0.767
2024-05-31 15:00,31.23,31.1,31.5,50,0.833
2024-05-31 16:00,31.18,31.1,31.4,46,0.767
2024-05-31 17:00,31.17,31.0,31.3,57,0.95
2024-05-31 18:00,31.14,31.0,31.3,49,0.817
2024-05-31 19:00,31.17,31.1,31.3,32,0.533
2024-05-31 20:00,31.18,31.0,31.4,53,0.883
2024-05-31 21:00,31.17,31.0,31.3,59,0.983
2024-05-31 22:00,31.19,31.1,31.4,59,0.983
2024-05-31 23:00,31.2,31.1,31.4,38,0.633
2024-06-01 01:00,31.2,31.1,31.4,27,0.45
2024-06-01 02:00,31.18,31.1,31.3,9,0.15
2024-06-01 04:00,31.4,31.4,31.4,1,0.017
2024-06-01 05:00,31.35,31.2,31.5,2,0.033
2024-06-01 06:00,31.28,31.2,31.4,4,0.067
2024-06-01 07:00,31.26,31.1,31.4,40,0.667
2024-06-01 08:00,31.27,31.1,31.6,59,0.983
2024-06-01 09:00,31.26,31.1,31.5,57,0.95
2024-06-01 10:00,31.19,31.0,31.4,56,0.933
2024-06-01 11:00,31.2,31.1,31.4,26,0.433
2024-06-01 12:00,31.11,31.0,31.3,51,0.85
2024-06-01 13:00,31.12,31.0,31.4,59,0.983
2024-06-01 14:00,31.13,31.0,31.4,60,1.0
2024-06-01 15:00,31.1,31.0,31.3,55,0.917
2024-06-01 16:00,31.08,31.0,31.2,41,0.683
2024-06-01 17:00,31.07,31.0,31.2,35,0.583
2024-06-01 18:00,31.12,31.0,31.4,34,0.567
2024-06-01 19:00,31.12,31.0,31.3,42,0.7
2024-06-01 20:00,31.08,31.0,31.2,32,0.533
2024-06-01 21:00,31.11,31.0,31.3,39,0.65
2024-06-01 22:00,31.15,31.0,31.3,42,0.7
2024-06-01 23:00,31.11,31.0,31.3,42,0.7
2024-06-02 00:00,31.18,31.0,31.5,29,0.483
2024-06-02 01:00,31.14,31.0,31.3,16,0.267
2024-06-02 02:00,31.18,31.1,31.3,22,0.367
2024-06-02 03:00,31.16,31.0,31.4,28,0.467
2024-06-02 04:00,31.17,31.0,31.4,38,0.633
2024-06-02 05:00,31.2,31.1,31.4,24,0.4
2024-06-02 06:00,31.16,31.1,31.3,18,0.3
2024-06-02 07:00,31.14,31.0,31.4,45,0.75
2024-06-02 08:00,31.1,31.0,31.4,54,0.9
2024-06-02 09:00,31.05,30.9,31.2,53,0.883
2024-06-02 10:00,30.97,30.8,31.2,56,0.933
2024-06-02 11:00,30.91,30.8,31.0,59,0.983
2024-06-02 12:00,30.88,30.8,31.1,55,0.917
2024-06-02 13:00,30.92,30.8,31.1,46,0.767
2024-06-02 14:00,30.92,30.8,31.1,48,0.8
2024-06-02 15:00,30.89,30.8,31.1,16,0.267
2024-06-02 16:00,30.8,30.8,30.8,3,0.05
2024-06-02 17:00,30.8,30.8,30.8,5,0.083
2024-06-02 18:00,30.8,30.8,30.8,7,0.117
2024-06-02 19:00,30.88,30.8,31.0,5,0.083
2024-06-02 20:00,30.94,30.8,31.2,7,0.117
2024-06-02 21:00,30.94,30.8,31.1,5,0.083
2024-06-02 22:00,30.91,30.8,31.1,16,0.267
2024-06-03 00:00,30.87,30.8,30.9,3,0.05
2024-06-03 01:00,30.94,30.9,31.0,5,0.083
2024-06-03 02:00,30.93,30.9,31.0,3,0.05
2024-06-03 03:00,30.98,30.9,31.1,4,0.067
2024-06-03 04:00,31.0,30.9,31.1,2,0.033
2024-06-03 05:00,31.05,31.0,31.1,2,0.033
2024-06-03 06:00,30.94,30.8,31.1,21,0.35
2024-06-03 07:00,30.98,30.8,31.1,46,0.767
2024-06-03 08:00,30.89,30.8,31.1,48,0.8
2024-06-03 09:00,30.82,30.7,31.1,51,0.85
2024-06-03 10:00,30.84,30.7,31.1,55,0.917
2024-06-03 11:00,30.8,30.7,31.0,51,0.85
2024-06-03 12:00,30.77,30.6,31.0,58,0.967
2024-06-03 13:00,30.77,30.6,31.0,58,0.967
2024-06-03 14:00,30.69,30.6,31.0,58,0.967
2024-06-03 15:00,30.65,30.5,30.9,56,0.933
2024-06-03 16:00,30.63,30.5,30.9,57,0.95
2024-06-03 17:00,30.7,30.5,30.9,43,0.717
2024-06-03 18:00,30.6,30.5,30.7,32,0.533
2024-06-03 19:00,30.66,30.5,30.9,38,0.633
2024-06-03 20:00,30.77,30.6,30.9,6,0.1
2024-06-03 21:00,30.62,30.6,30.7,5,0.083
2024-06-03 22:00,30.73,30.6,30.9,9,0.15
2024-06-03 23:00,30.7,30.6,30.8,4,0.067
2024-06-04 00:00,30.65,30.6,30.7,4,0.067
2024-06-04 01:00,30.73,30.6,30.8,3,0.05
2024-06-04 02:00,30.6,30.6,30.6,1,0.017
2024-06-04 03:00,30.7,30.7,30.7,2,0.033
2024-06-04 04:00,30.6,30.6,30.6,3,0.05
2024-06-04 05:00,30.73,30.6,30.9,3,0.05
2024-06-04 06:00,30.68,30.5,30.9,34,0.567
2024-06-04 07:00,30.65,30.5,30.8,56,0.933
2024-06-04 08:00,30.56,30.5,30.8,59,0.983
2024-06-04 09:00,30.51,30.4,30.7,59,0.983
2024-06-04 10:00,30.55,30.4,30.7,57,0.95
2024-06-04 11:00,30.52,30.4,30.7,57,0.95
2024-06-04 12:00,30.46,30.3,30.8,60,1.0
2024-06-04 13:00,30.45,30.3,30.7,59,0.983
2024-06-04 14:00,30.44,30.3,30.6,58,0.967
2024-06-04 15:00,30.39,30.2,30.7,55,0.917
2024-06-04 16:00,30.4,30.3,30.5,4,0.067
2024-06-04 17:00,30.25,30.2,30.3,2,0.033
2024-06-04 18:00,30.35,30.3,30.4,2,0.033
2024-06-04 21:00,30.4,30.3,30.5,2,0.033
2024-06-04 22:00,30.3,30.3,30.3,3,0.05
2024-06-05 01:00,30.3,30.3,30.3,1,0.017
2024-06-05 02:00,30.33,30.3,30.4,6,0.1
2024-06-05 03:00,30.3,30.2,30.4,7,0.117
2024-06-05 04:00,30.3,30.3,30.3,1,0.017
2024-06-05 05:00,30.4,30.4,30.4,2,0.033
2024-06-05 06:00,30.35,30.2,30.6,39,0.65
2024-06-05 07:00,30.32,30.2,30.6,47,0.783
2024-06-05 08:00,30.29,30.2,30.7,58,0.967
2024-06-05 09:00,30.24,30.1,30.5,56,0.933
2024-06-05 10:00,30.18,30.1,30.4,59,0.983
2024-06-05 11:00,30.12,30.1,30.3,58,0.967
2024-06-05 12:00,30.1,30.0,30.3,58,0.967
2024-06-05 13:00,30.08,30.0,30.3,58,0.967
2024-06-05 14:00,30.08,30.0,30.2,52,0.867
2024-06-05 15:00,30.05,30.0,30.3,48,0.8
2024-06-05 16:00,30.04,30.0,30.2,48,0.8
2024-06-05 17:00,30.03,30.0,30.2,38,0.633
2024-06-05 18:00,30.13,30.0,30.3,31,0.517
2024-06-05 19:00,30.13,30.0,30.3,30,0.5
2024-06-05 20:00,30.04,30.0,30.2,23,0.383
2024-06-05 21:00,30.06,30.0,30.2,21,0.35
2024-06-05 22:00,30.11,30.0,30.3,22,0.367
2024-06-05 23:00,30.17,30.0,30.4,17,0.283
2024-06-06 00:00,30.18,30.0,30.3,14,0.233
2024-06-06 01:00,30.15,30.0,30.2,4,0.067
2024-06-06 02:00,30.2,30.2,30.2,1,0.017
2024-06-06 03:00,30.21,30.1,30.3,10,0.167
2024-06-06 04:00,30.2,30.1,30.3,8,0.133
2024-06-06 05:00,30.13,30.1,30.2,7,0.117
2024-06-06 06:00,30.14,30.0,30.3,14,0.233
2024-06-06 07:00,30.15,30.0,30.3,44,0.733
2024-06-06 08:00,30.03,30.0,30.2,50,0.833
2024-06-06 09:00,30.04,29.9,30.2,45,0.75
2024-06-06 10:00,29.94,29.9,30.1,56,0.933
2024-06-06 11:00,29.93,29.8,30.2,60,1.0
2024-06-06 12:00,29.92,29.8,30.2,59,0.983
2024-06-06 13:00,29.91,29.8,30.1,60,1.0
2024-06-06 14:00,29.89,29.8,30.1,60,1.0
2024-06-06 15:00,29.9,29.8,30.1,59,0.983
2024-06-06 16:00,29.88,29.8,30.1,51,0.85
2024-06-06 17:00,29.89,29.8,30.0,41,0.683
2024-06-06 18:00,29.9,29.8,30.1,40,0.667
2024-06-06 19:00,29.98,29.8,30.2,48,0.8
2024-06-06 20:00,29.98,29.8,30.2,45,0.75
2024-06-06 21:00,29.98,29.8,30.1,42,0.7
2024-06-06 22:00,29.91,29.8,30.1,50,0.833
2024-06-06 23:00,29.93,29.8,30.1,42,0.7
2024-06-07 00:00,29.98,29.9,30.1,41,0.683
2024-06-07 01:00,29.98,29.8,30.2,51,0.85
2024-06-07 02:00,30.05,29.9,30.2,42,0.7
2024-06-07 03:00,30.0,29.9,30.1,43,0.717
2024-06-07 04:00,29.99,29.8,30.2,44,0.733
2024-06-07 05:00,30.0,29.8,30.2,41,0.683
2024-06-07 06:00,30.01,29.8,30.2,41,0.683
2024-06-07 07:00,29.98,29.9,30.2,49,0.817
2024-06-07 08:00,29.91,29.8,30.1,60,1.0
2024-06-07 09:00,29.9,29.8,30.1,60,1.0
2024-06-07 10:00,29.9,29.7,30.1,60,1.0
2024-06-07 11:00,29.8,29.7,30.0,60,1.0
2024-06-07 12:00,29.73,29.7,29.9,60,1.0
2024-06-07 13:00,29.73,29.7,29.9,60,1.0
2024-06-07 14:00,29.72,29.6,29.9,60,1.0
2024-06-07 15:00,29.73,29.6,29.9,60,1.0
2024-06-07 16:00,29.75,29.6,29.9,60,1.0
2024-06-07 17:00,29.73,29.6,29.9,50,0.833
2024-06-07 18:00,29.77,29.6,30.0,49,0.817
2024-06-07 19:00,29.81,29.7,30.0,39,0.65
2024-06-07 20:00,29.79,29.6,29.9,42,0.7
2024-06-07 21:00,29.74,29.6,30.0,46,0.767
2024-06-07 22:00,29.72,29.6,29.9,43,0.717
2024-06-07 23:00,29.74,29.6,30.0,46,0.767
2024-06-08 00:00,29.76,29.7,29.9,46,0.767
2024-06-08 01:00,29.81,29.7,30.0,46,0.767
2024-06-08 02:00,29.83,29.7,30.0,38,0.633
2024-06-08 03:00,29.86,29.7,30.0,46,0.767
2024-06-08 04:00,29.86,29.7,29.9,36,0.6
2024-06-08 05:00,29.85,29.7,29.9,33,0.55
2024-06-08 06:00,29.78,29.7,30.0,36,0.6
2024-06-08 07:00,29.8,29.7,30.0,57,0.95
2024-06-08 08:00,29.69,29.6,29.9,59,0.983
2024-06-08 09:00,29.77,29.6,30.0,60,1.0
2024-06-08 10:00,29.68,29.5,29.9,60,1.0
2024-06-08 11:00,29.64,29.5,29.9,60,1.0
2024-06-08 12:00,29.56,29.5,29.7,60,1.0
2024-06-08 13:00,29.58,29.5,29.8,60,1.0
2024-06-08 14:00,29.54,29.5,29.8,60,1.0
2024-06-08 15:00,29.55,29.5,29.7,59,0.983
2024-06-08 16:00,29.52,29.4,29.7,60,1.0
2024-06-08 17:00,29.56,29.5,29.8,54,0.9
2024-06-08 18:00,29.54,29.5,29.8,49,0.817
2024-06-08 19:00,29.54,29.5,29.8,47,0.783
2024-06-08 20:00,29.57,29.5,29.8,31,0.517
2024-06-08 21:00,29.66,29.5,29.9,50,0.833
2024-06-08 22:00,29.67,29.5,29.8,49,0.817
2024-06-08 23:00,29.64,29.5,29.9,48,0.8
2024-06-09 00:00,29.64,29.5,29.9,40,0.667
2024-06-09 01:00,29.6,29.5,29.7,50,0.833
2024-06-09 02:00,29.6,29.5,29.7,54,0.9
2024-06-09 03:00,29.62,29.5,29.8,46,0.767
2024-06-09 04:00,29.6,29.5,29.7,45,0.75
2024-06-09 05:00,29.62,29.5,29.8,52,0.867
2024-06-09 06:00,29.64,29.5,29.9,57,0.95
2024-06-09 07:00,29.61,29.5,29.8,58,0.967
2024-06-09 08:00,29.62,29.5,29.8,59,0.983
2024-06-09 09:00,29.53,29.5,29.8,54,0.9
2024-06-09 10:00,29.52,29.4,29.7,53,0.883
2024-06-09 11:00,29.53,29.4,29.7,53,0.883
2024-06-09 12:00,29.54,29.4,29.8,56,0.933
2024-06-09 13:00,29.49,29.4,29.7,60,1.0
2024-06-09 14:00,29.5,29.3,29.8,60,1.0
2024-06-09 15:00,29.42,29.3,29.6,60,1.0
2024-06-09 16:00,29.48,29.3,29.6,59,0.983
2024-06-09 17:00,29.51,29.4,29.7,58,0.967
2024-06-09 18:00,29.47,29.3,29.7,57,0.95
2024-06-09 19:00,29.41,29.3,29.6,58,0.967
2024-06-09 20:00,29.4,29.3,29.5,60,1.0
2024-06-09 21:00,29.43,29.3,29.7,59,0.983
2024-06-09 22:00,29.45,29.3,29.7,60,1.0
2024-06-09 23:00,29.48,29.3,29.7,56,0.933
2024-06-10 00:00,29.48,29.3,29.6,52,0.867
2024-06-10 01:00,29.5,29.3,29.7,60,1.0
2024-06-10 02:00,29.51,29.3,29.7,59,0.983
2024-06-10 03:00,29.49,29.4,29.7,60,1.0
2024-06-10 04:00,29.43,29.3,29.6,58,0.967
2024-06-10 05:00,29.42,29.3,29.6,58,0.967
2024-06-10 06:00,29.46,29.3,29.8,60,1.0
2024-06-10 07:00,29.46,29.3,29.7,60,1.0
2024-06-10 08:00,29.43,29.3,29.7,59,0.983
2024-06-10 09:00,29.36,29.3,29.6,59,0.983
2024-06-10 10:00,29.32,29.3,29.4,60,1.0
2024-06-10 11:00,29.37,29.3,29.6,59,0.983
2024-06-10 12:00,29.38,29.2,29.6,58,0.967
2024-06-10 13:00,29.38,29.2,29.6,60,1.0
2024-06-10 14:00,29.29,29.2,29.6,60,1.0
2024-06-10 15:00,29.24,29.2,29.5,60,1.0
2024-06-10 16:00,29.23,29.2,29.4,60,1.0
2024-06-10 17:00,29.24,29.2,29.5,59,0.983
2024-06-10 18:00,29.25,29.2,29.5,60,1.0
2024-06-10 19:00,29.24,29.2,29.5,58,0.967
2024-06-10 20:00,29.31,29.2,29.6,60,1.0
2024-06-10 21:00,29.34,29.2,29.5,60,1.0
2024-06-10 22:00,29.38,29.2,29.6,60,1.0
2024-06-10 23:00,29.38,29.2,29.5,59,0.983
2024-06-11 00:00,29.38,29.2,29.5,60,1.0
2024-06-11 01:00,29.34,29.2,29.6,60,1.0
2024-06-11 02:00,29.3,29.2,29.5,54,0.9
2024-06-11 03:00,29.28,29.2,29.4,60,1.0
2024-06-11 04:00,29.27,29.2,29.5,60,1.0
2024-06-11 05:00,29.28,29.2,29.4,58,0.967
2024-06-11 06:00,29.31,29.2,29.6,60,1.0
2024-06-11 07:00,29.28,29.2,29.4,60,1.0
2024-06-11 08:00,29.34,29.2,29.6,59,0.983
2024-06-11 09:00,29.27,29.1,29.5,59,0.983
2024-06-11 10:00,29.26,29.1,29.5,60,1.0
2024-06-11 11:00,29.25,29.1,29.5,51,0.85
2024-06-11 12:00,29.18,29.0,29.4,49,0.817
2024-06-11 13:00,29.09,29.0,29.2,44,0.733
2024-06-11 14:00,29.07,29.0,29.2,56,0.933
2024-06-11 15:00,29.08,29.0,29.3,60,1.0
2024-06-11 16:00,29.14,29.0,29.3,60,1.0
2024-06-11 17:00,29.17,29.0,29.4,59,0.983
2024-06-11 18:00,29.12,29.0,29.4,60,1.0
2024-06-11 19:00,29.09,29.0,29.3,59,0.983
2024-06-11 20:00,29.08,29.0,29.3,60,1.0
2024-06-11 21:00,29.1,29.0,29.3,60,1.0
2024-06-11 22:00,29.14,29.0,29.3,60,1.0
2024-06-11 23:00,29.17,29.0,29.3,60,1.0
2024-06-12 00:00,29.19,29.0,29.4,60,1.0
2024-06-12 01:00,29.13,29.0,29.3,60,1.0
2024-06-12 02:00,29.14,29.0,29.4,60,1.0
2024-06-12 03:00,29.15,29.0,29.3,57,0.95
2024-06-12 04:00,29.16,29.0,29.3,57,0.95
2024-06-12 05:00,29.14,29.0,29.3,60,1.0
2024-06-12 06:00,29.08,29.0,29.3,60,1.0
2024-06-12 07:00,29.05,29.0,29.3,59,0.983
2024-06-12 08:00,28.99,28.9,29.2,60,1.0
2024-06-12 09:00,28.99,28.9,29.2,60,1.0
2024-06-12 10:00,28.96,28.8,29.3,59,0.983
2024-06-12 11:00,28.87,28.8,29.0,60,1.0
2024-06-12 12:00,28.9,28.8,29.1,59,0.983
2024-06-12 13:00,28.89,28.8,29.1,60,1.0
2024-06-12 14:00,28.92,28.8,29.1,60,1.0
2024-06-12 15:00,28.93,28.7,29.1,60,1.0
2024-06-12 16:00,28.85,28.8,29.1,60,1.0
2024-06-12 17:00,28.82,28.7,29.1,59,0.983
2024-06-12 18:00,28.81,28.7,29.0,60,1.0
2024-06-12 19:00,28.91,28.7,29.1,59,0.983
2024-06-12 20:00,28.89,28.8,29.4,60,1.0
2024-06-12 21:00,28.91,28.7,29.1,60,1.0
2024-06-12 22:00,28.83,28.7,29.0,60,1.0
2024-06-12 23:00,28.82,28.8,29.0,60,1.0
2024-06-13 00:00,28.86,28.8,29.1,60,1.0
2024-06-13 01:00,28.87,28.7,29.1,60,1.0
2024-06-13 02:00,28.87,28.8,29.0,58,0.967
2024-06-13 03:00,28.91,28.8,29.1,59,0.983
2024-06-13 04:00,28.9,28.8,29.0,59,0.983
2024-06-13 05:00,28.88,28.7,29.1,60,1.0
2024-06-13 06:00,28.86,28.7,29.1,59,0.983
2024-06-13 07:00,28.8,28.7,29.0,60,1.0
2024-06-13 08:00,28.73,28.6,28.9,59,0.983
2024-06-13 09:00,28.76,28.6,28.9,60,1.0
2024-06-13 10:00,28.67,28.5,28.8,59,0.983
2024-06-13 11:00,28.7,28.5,28.9,60,1.0
2024-06-13 12:00,28.66,28.5,28.8,60,1.0
2024-06-13 13:00,28.64,28.5,28.9,60,1.0
2024-06-13 14:00,28.59,28.5,28.7,51,0.85
2024-06-13 15:00,28.58,28.5,28.9,60,1.0
2024-06-13 16:00,28.56,28.5,28.9,60,1.0
2024-06-13 17:00,28.59,28.5,28.8,58,0.967
2024-06-13 18:00,28.69,28.5,28.8,58,0.967
2024-06-13 19:00,28.6,28.5,28.8,60,1.0
2024-06-13 20:00,28.56,28.5,28.8,60,1.0
2024-06-13 21:00,28.55,28.5,28.7,56,0.933
2024-06-13 22:00,28.55,28.5,28.7,42,0.7
2024-06-13 23:00,28.56,28.5,28.7,60,1.0
2024-06-14 00:00,28.55,28.5,28.8,60,1.0
2024-06-14 01:00,28.64,28.5,28.8,34,0.567
2024-06-14 08:00,28.42,28.4,28.5,18,0.3
2024-06-14 09:00,28.44,28.3,28.7,60,1.0
2024-06-14 10:00,28.48,28.3,28.7,60,1.0
2024-06-14 11:00,28.47,28.3,28.8,60,1.0
2024-06-14 12:00,28.4,28.3,28.7,60,1.0
2024-06-14 13:00,28.32,28.3,28.5,60,1.0
2024-06-14 14:00,28.39,28.2,28.7,60,1.0
2024-06-14 15:00,28.37,28.2,28.5,60,1.0
2024-06-14 16:00,28.37,28.3,28.6,60,1.0
2024-06-14 17:00,28.38,28.2,28.6,60,1.0
2024-06-14 18:00,28.35,28.2,28.5,60,1.0
2024-06-14 19:00,28.31,28.3,28.5,59,0.983
2024-06-14 20:00,28.35,28.2,28.6,60,1.0
2024-06-14 21:00,28.38,28.2,28.6,60,1.0
2024-06-14 22:00,28.41,28.2,28.6,60,1.0
2024-06-14 23:00,28.39,28.2,28.6,60,1.0
2024-06-15 00:00,28.39,28.2,28.5,60,1.0
2024-06-15 01:00,28.35,28.2,28.5,60,1.0
2024-06-15 02:00,28.3,28.2,28.5,60,1.0
2024-06-15 03:00,28.32,28.2,28.6,60,1.0
2024-06-15 04:00,28.28,28.2,28.4,60,1.0
2024-06-15 05:00,28.27,28.2,28.4,60,1.0
2024-06-15 06:00,28.3,28.2,28.5,60,1.0
2024-06-15 07:00,28.31,28.2,28.6,60,1.0
2024-06-15 08:00,28.26,28.1,28.5,60,1.0
2024-06-15 09:00,28.24,28.1,28.5,60,1.0
2024-06-15 10:00,28.24,28.1,28.4,60,1.0
2024-06-15 11:00,28.26,28.1,28.4,60,1.0
2024-06-15 12:00,28.24,28.1,28.4,60,1.0
2024-06-15 13:00,28.22,28.1,28.4,60,1.0
2024-06-15 14:00,28.24,28.0,28.6,60,1.0
2024-06-15 15:00,28.2,28.1,28.3,60,1.0
2024-06-15 16:00,28.15,28.0,28.4,60,1.0
2024-06-15 17:00,28.21,28.0,28.4,60,1.0
2024-06-15 18:00,28.18,28.0,28.4,60,1.0
2024-06-15 19:00,28.15,28.0,28.4,60,1.0
2024-06-15 20:00,28.12,28.0,28.4,60,1.0
2024-06-15 21:00,28.11,28.0,28.3,59,0.983
2024-06-15 22:00,28.15,28.0,28.3,60,1.0
2024-06-15 23:00,28.23,28.1,28.4,60,1.0
2024-06-16 00:00,28.19,28.0,28.3,60,1.0
2024-06-16 01:00,28.19,28.0,28.4,60,1.0
2024-06-16 02:00,28.15,28.0,28.3,60,1.0
2024-06-16 03:00,28.17,28.0,28.4,60,1.0
2024-06-16 04:00,28.13,28.0,28.3,60,1.0
2024-06-16 05:00,28.09,28.0,28.2,60,1.0
2024-06-16 06:00,28.13,28.0,28.4,60,1.0
2024-06-16 07:00,28.11,28.0,28.3,59,0.983
2024-06-16 08:00,28.06,27.9,28.2,60,1.0
2024-06-16 09:00,28.07,27.9,28.3,57,0.95
2024-06-16 10:00,28.03,27.9,28.2,50,0.833
2024-06-16 11:00,27.99,27.9,28.2,52,0.867
2024-06-16 12:00,27.92,27.8,28.1,51,0.85
2024-06-16 13:00,27.92,27.8,28.2,60,1.0
2024-06-16 14:00,27.91,27.8,28.2,58,0.967
2024-06-16 15:00,27.89,27.8,28.0,60,1.0
2024-06-16 16:00,27.92,27.8,28.0,58,0.967
2024-06-16 17:00,27.98,27.8,28.2,58,0.967
2024-06-16 18:00,27.99,27.9,28.2,60,1.0
2024-06-16 19:00,27.99,27.9,28.1,60,1.0
2024-06-16 20:00,28.04,27.8,28.2,60,1.0
2024-06-16 21:00,27.99,27.9,28.2,58,0.967
2024-06-16 22:00,27.98,27.9,28.3,60,1.0
2024-06-16 23:00,27.93,27.9,28.2,60,1.0
2024-06-17 00:00,27.92,27.9,28.1,60,1.0
2024-06-17 01:00,27.95,27.9,28.2,60,1.0
2024-06-17 02:00,27.95,27.9,28.2,60,1.0
2024-06-17 03:00,27.96,27.9,28.2,60,1.0
2024-06-17 04:00,27.95,27.9,28.1,60,1.0
2024-06-17 05:00,27.99,27.9,28.2,60,1.0
2024-06-17 06:00,28.0,27.9,28.3,60,1.0
2024-06-17 07:00,28.04,27.9,28.2,60,1.0
2024-06-17 08:00,27.99,27.9,28.3,56,0.933
2024-06-17 09:00,27.96,27.8,28.2,58,0.967
2024-06-17 10:00,27.94,27.8,28.1,58,0.967
2024-06-17 11:00,27.9,27.8,28.1,59,0.983
2024-06-17 12:00,27.88,27.7,28.0,60,1.0
2024-06-17 13:00,27.92,27.8,28.1,60,1.0
2024-06-17 14:00,27.88,27.7,28.1,59,0.983
2024-06-17 15:00,27.84,27.8,28.0,60,1.0
2024-06-17 16:00,27.84,27.7,28.0,60,1.0
2024-06-17 17:00,27.83,27.7,28.1,59,0.983
2024-06-17 18:00,27.82,27.8,28.0,60,1.0
2024-06-17 19:00,27.87,27.8,28.1,60,1.0
2024-06-17 20:00,27.92,27.8,28.0,60,1.0
2024-06-17 21:00,27.92,27.8,28.1,59,0.983
2024-06-17 22:00,27.82,27.7,27.9,59,0.983
2024-06-17 23:00,27.82,27.8,28.0,60,1.0
2024-06-18 00:00,27.82,27.8,28.0,57,0.95
2024-06-18 01:00,27.85,27.8,28.0,44,0.733
2024-06-18 02:00,27.84,27.8,28.1,60,1.0
2024-06-18 03:00,27.84,27.8,28.0,60,1.0
2024-06-18 04:00,27.85,27.8,28.1,59,0.983
2024-06-18 05:00,27.9,27.8,28.1,60,1.0
2024-06-18 06:00,27.86,27.8,28.1,60,1.0
2024-06-18 07:00,27.87,27.7,28.1,60,1.0
2024-06-18 08:00,27.83,27.7,28.0,60,1.0
2024-06-18 09:00,27.76,27.7,27.9,60,1.0
2024-06-18 10:00,27.74,27.7,27.9,60,1.0
2024-06-18 11:00,27.75,27.6,27.9,60,1.0
2024-06-18 12:00,27.78,27.6,28.1,60,1.0
2024-06-18 13:00,27.76,27.6,27.9,60,1.0
2024-06-18 14:00,27.7,27.6,28.0,60,1.0
2024-06-18 15:00,27.67,27.6,27.9,60,1.0
2024-06-18 16:00,27.72,27.6,27.9,60,1.0
2024-06-18 17:00,27.74,27.6,28.0,60,1.0
2024-06-18 18:00,27.72,27.6,27.9,60,1.0
2024-06-18 19:00,27.67,27.6,27.8,60,1.0
2024-06-18 20:00,27.69,27.6,27.8,59,0.983
2024-06-18 21:00,27.74,27.6,27.9,59,0.983
2024-06-18 22:00,27.8,27.6,28.0,60,1.0
2024-06-18 23:00,27.76,27.6,27.9,58,0.967
2024-06-19 00:00,27.74,27.6,27.9,54,0.9
2024-06-19 01:00,27.72,27.6,27.9,60,1.0
2024-06-19 02:00,27.7,27.6,28.0,60,1.0
2024-06-19 03:00,27.69,27.6,28.0,59,0.983
2024-06-19 04:00,27.67,27.6,27.8,59,0.983
2024-06-19 05:00,27.68,27.6,27.9,60,1.0
2024-06-19 06:00,27.73,27.6,28.1,60,1.0
2024-06-19 07:00,27.74,27.6,27.9,60,1.0
2024-06-19 08:00,27.68,27.5,27.8,59,0.983
2024-06-19 09:00,27.7,27.5,27.9,60,1.0
2024-06-19 10:00,27.66,27.5,27.8,60,1.0
2024-06-19 11:00,27.58,27.5,27.7,60,1.0
2024-06-19 12:00,27.54,27.5,27.7,60,1.0
2024-06-19 13:00,27.57,27.5,27.7,59,0.983
2024-06-19 14:00,27.52,27.4,27.7,59,0.983
2024-06-19 15:00,27.53,27.4,27.8,60,1.0
2024-06-19 16:00,27.53,27.4,27.7,60,1.0
2024-06-19 17:00,27.56,27.4,27.7,60,1.0
2024-06-19 18:00,27.62,27.5,27.9,60,1.0
2024-06-19 19:00,27.59,27.5,27.8,60,1.0
2024-06-19 20:00,27.54,27.5,27.7,60,1.0
2024-06-19 21:00,27.55,27.5,27.7,60,1.0
2024-06-19 22:00,27.56,27.5,27.7,60,1.0
2024-06-19 23:00,27.62,27.5,27.8,60,1.0
2024-06-20 00:00,27.64,27.5,27.8,60,1.0
2024-06-20 01:00,27.64,27.5,27.8,60,1.0
2024-06-20 02:00,27.61,27.5,27.9,60,1.0
2024-06-20 03:00,27.59,27.5,27.8,60,1.0
2024-06-20 04:00,27.55,27.5,27.7,60,1.0
2024-06-20 05:00,27.64,27.5,27.8,60,1.0
2024-06-20 06:00,27.56,27.5,27.7,60,1.0
2024-06-20 07:00,27.54,27.4,27.7,60,1.0
2024-06-20 08:00,27.54,27.4,27.8,60,1.0
2024-06-20 09:00,27.53,27.4,27.7,55,0.917
2024-06-20 10:00,27.49,27.3,27.9,49,0.817
2024-06-20 11:00,27.5,27.4,27.7,49,0.817
2024-06-20 12:00,27.36,27.3,27.6,54,0.9
2024-06-20 13:00,27.33,27.3,27.5,52,0.867
2024-06-20 14:00,27.37,27.3,27.6,49,0.817
2024-06-20 15:00,27.46,27.3,27.6,54,0.9
2024-06-20 16:00,27.42,27.3,27.7,56,0.933
2024-06-20 17:00,27.35,27.3,27.5,60,1.0
2024-06-20 18:00,27.38,27.3,27.5,58,0.967
2024-06-20 19:00,27.44,27.3,27.6,59,0.983
2024-06-20 20:00,27.45,27.3,27.6,60,1.0
2024-06-20 21:00,27.39,27.3,27.5,60,1.0
2024-06-20 22:00,27.39,27.3,27.5,58,0.967
2024-06-20 23:00,27.39,27.3,27.6,59,0.983
2024-06-21 00:00,27.44,27.3,27.6,60,1.0
2024-06-21 01:00,27.48,27.3,27.6,59,0.983
2024-06-21 02:00,27.45,27.3,27.6,60,1.0
2024-06-21 03:00,27.48,27.3,27.7,59,0.983
2024-06-21 04:00,27.51,27.4,27.7,60,1.0
2024-06-21 05:00,27.49,27.3,27.9,60,1.0
2024-06-21 06:00,27.45,27.3,27.6,60,1.0
2024-06-21 07:00,27.43,27.3,27.6,57,0.95
2024-06-21 08:00,27.42,27.3,27.6,58,0.967
2024-06-21 09:00,27.36,27.2,27.5,59,0.983
2024-06-21 10:00,27.29,27.2,27.5,58,0.967
2024-06-21 11:00,27.31,27.2,27.6,52,0.867
2024-06-21 12:00,27.31,27.1,27.6,44,0.733
2024-06-21 13:00,27.28,27.1,27.5,31,0.517
2024-06-21 14:00,27.25,27.1,27.4,45,0.75
2024-06-21 15:00,27.18,27.1,27.3,32,0.533
2024-06-21 16:00,27.22,27.2,27.4,54,0.9
2024-06-21 17:00,27.23,27.2,27.4,55,0.917
2024-06-21 18:00,27.29,27.2,27.5,31,0.517
2024-06-21 19:00,27.36,27.2,27.5,60,1.0
2024-06-21 20:00,27.33,27.2,27.6,60,1.0
2024-06-21 21:00,27.26,27.2,27.5,54,0.9
2024-06-21 22:00,27.27,27.2,27.5,60,1.0
2024-06-21 23:00,27.34,27.2,27.5,54,0.9
2024-06-22 00:00,27.36,27.2,27.5,46,0.767
2024-06-22 01:00,27.39,27.3,27.6,54,0.9
2024-06-22 02:00,27.35,27.2,27.5,50,0.833
2024-06-22 03:00,27.33,27.2,27.5,45,0.75
2024-06-22 04:00,27.29,27.2,27.4,43,0.717
2024-06-22 05:00,27.33,27.2,27.5,46,0.767
2024-06-22 06:00,27.33,27.2,27.5,47,0.783
2024-06-22 07:00,27.26,27.2,27.5,60,1.0
2024-06-22 08:00,27.23,27.2,27.4,60,1.0
2024-06-22 09:00,27.28,27.2,27.4,59,0.983
2024-06-22 10:00,27.24,27.1,27.4,55,0.917
2024-06-22 11:00,27.15,27.1,27.3,57,0.95
2024-06-22 12:00,27.15,27.1,27.3,57,0.95
2024-06-22 13:00,27.18,27.1,27.4,58,0.967
2024-06-22 14:00,27.15,27.0,27.5,51,0.85
2024-06-22 15:00,27.15,27.0,27.4,49,0.817
2024-06-22 16:00,27.16,27.0,27.3,56,0.933
2024-06-22 17:00,27.22,27.0,27.5,57,0.95
2024-06-22 18:00,27.15,27.0,27.5,60,1.0
2024-06-22 19:00,27.12,27.0,27.4,60,1.0
2024-06-22 20:00,27.19,27.1,27.4,60,1.0
2024-06-22 21:00,27.21,27.1,27.4,60,1.0
2024-06-22 22:00,27.21,27.0,27.5,52,0.867
2024-06-22 23:00,27.14,27.1,27.3,55,0.917
2024-06-23 00:00,27.12,27.0,27.3,60,1.0
2024-06-23 01:00,27.12,27.1,27.3,34,0.567
2024-06-23 18:00,26.93,26.9,27.1,32,0.533
2024-06-23 19:00,26.93,26.9,27.2,60,1.0
2024-06-23 20:00,27.04,26.9,27.2,60,1.0
2024-06-23 21:00,27.02,26.9,27.2,59,0.983
2024-06-23 22:00,27.0,26.9,27.2,60,1.0
2024-06-23 23:00,26.99,26.9,27.4,58,0.967
2024-06-24 00:00,26.94,26.9,27.2,59,0.983
2024-06-24 01:00,26.92,26.9,27.0,60,1.0
2024-06-24 02:00,26.93,26.9,27.1,60,1.0
2024-06-24 03:00,26.91,26.8,27.0,59,0.983
2024-06-24 04:00,26.93,26.9,27.2,59,0.983
2024-06-24 05:00,26.92,26.8,27.1,60,1.0
2024-06-24 06:00,26.97,26.8,27.2,59,0.983
2024-06-24 07:00,26.95,26.8,27.1,59,0.983
2024-06-24 08:00,26.91,26.8,27.0,60,1.0
2024-06-24 09:00,26.83,26.8,27.0,60,1.0
2024-06-24 10:00,26.89,26.7,27.1,60,1.0
2024-06-24 11:00,26.9,26.8,27.0,58,0.967
2024-06-24 12:00,26.85,26.7,27.1,59,0.983
2024-06-24 13:00,26.82,26.7,27.1,60,1.0
2024-06-24 14:00,26.76,26.7,27.1,59,0.983
2024-06-24 15:00,26.75,26.7,26.9,59,0.983
2024-06-24 16:00,26.77,26.7,27.0,49,0.817
2024-06-24 17:00,26.79,26.7,26.9,29,0.483
2024-06-24 18:00,26.78,26.7,27.0,42,0.7
2024-06-24 19:00,26.8,26.7,27.0,57,0.95
2024-06-24 20:00,26.85,26.7,27.0,59,0.983
2024-06-24 21:00,26.91,26.8,27.0,60,1.0
2024-06-24 22:00,26.89,26.7,27.1,58,0.967
2024-06-24 23:00,26.88,26.7,27.1,60,1.0
2024-06-25 00:00,26.84,26.7,27.0,60,1.0
2024-06-25 01:00,26.81,26.7,27.0,59,0.983
2024-06-25 02:00,26.8,26.7,27.0,60,1.0
2024-06-25 03:00,26.8,26.7,26.9,60,1.0
2024-06-25 04:00,26.78,26.7,26.9,60,1.0
2024-06-25 05:00,26.78,26.7,26.9,60,1.0
2024-06-25 06:00,26.81,26.7,27.0,60,1.0
2024-06-25 07:00,26.76,26.7,27.0,59,0.983
2024-06-25 08:00,26.8,26.7,27.0,60,1.0
2024-06-25 09:00,26.82,26.7,27.1,59,0.983
2024-06-25 10:00,26.74,26.7,26.9,59,0.983
2024-06-25 11:00,27.23,26.8,27.4,16,0.267
2024-06-25 12:00,27.48,27.2,27.7,60,1.0
2024-06-25 13:00,27.58,27.4,27.7,55,0.917
2024-06-25 14:00,27.56,27.4,27.7,34,0.567
2024-06-25 15:00,27.45,27.4,27.5,4,0.067
2024-06-25 16:00,27.54,27.4,27.8,35,0.583
2024-06-25 17:00,27.61,27.4,27.8,58,0.967
2024-06-25 18:00,27.54,27.4,27.9,60,1.0
2024-06-25 19:00,27.48,27.4,27.8,60,1.0
2024-06-25 20:00,27.45,27.3,27.7,60,1.0
2024-06-25 21:00,27.4,27.3,27.7,44,0.733
2024-06-25 22:00,27.37,27.3,27.5,30,0.5
2024-06-25 23:00,27.37,27.3,27.5,16,0.267
2024-06-26 00:00,27.36,27.2,27.5,16,0.267
2024-06-26 01:00,27.37,27.2,27.5,13,0.217
2024-06-26 02:00,27.32,27.2,27.4,4,0.067
2024-06-26 03:00,27.35,27.2,27.5,13,0.217
2024-06-26 04:00,27.35,27.3,27.4,2,0.033
2024-06-26 05:00,27.28,27.2,27.3,4,0.067
2024-06-26 06:00,27.3,27.2,27.5,6,0.1
2024-06-26 07:00,27.2,27.1,27.3,11,0.183
2024-06-26 08:00,27.06,26.9,27.3,49,0.817
2024-06-26 09:00,26.96,26.9,27.1,60,1.0
2024-06-26 10:00,26.92,26.8,27.0,60,1.0
2024-06-26 11:00,26.92,26.8,27.2,59,0.983
2024-06-26 12:00,26.89,26.8,27.1,60,1.0
2024-06-26 13:00,26.86,26.8,27.1,60,1.0
2024-06-26 14:00,26.84,26.8,27.1,60,1.0
2024-06-26 15:00,26.86,26.8,27.0,60,1.0
2024-06-26 16:00,26.85,26.8,27.0,59,0.983
2024-06-26 17:00,26.93,26.8,27.1,60,1.0
2024-06-26 18:00,26.9,26.8,27.1,60,1.0
2024-06-26 19:00,26.87,26.8,27.1,59,0.983
2024-06-26 20:00,26.92,26.8,27.1,60,1.0
2024-06-26 21:00,26.97,26.8,27.2,60,1.0
2024-06-26 22:00,26.93,26.8,27.1,58,0.967
2024-06-26 23:00,26.92,26.8,27.1,59,0.983
2024-06-27 00:00,26.9,26.8,27.0,48,0.8
2024-06-27 01:00,26.89,26.8,27.1,50,0.833
2024-06-27 02:00,26.89,26.8,27.1,60,1.0
2024-06-27 03:00,26.89,26.8,27.1,60,1.0
2024-06-27 04:00,26.89,26.8,27.2,60,1.0
2024-06-27 05:00,26.9,26.8,27.1,60,1.0
2024-06-27 06:00,26.91,26.8,27.1,60,1.0
2024-06-27 07:00,26.89,26.8,27.0,60,1.0
2024-06-27 08:00,26.89,26.8,27.0,60,1.0
2024-06-27 09:00,26.91,26.7,27.1,60,1.0
2024-06-27 10:00,26.88,26.7,27.0,60,1.0
2024-06-27 11:00,26.86,26.7,27.0,60,1.0
2024-06-27 12:00,26.85,26.7,27.1,60,1.0
2024-06-27 13:00,26.84,26.7,27.0,60,1.0
2024-06-27 14:00,26.85,26.7,27.0,57,0.95
2024-06-27 15:00,26.81,26.7,27.0,42,0.7
2024-06-27 16:00,26.81,26.7,27.0,24,0.4
2024-06-27 17:00,26.83,26.7,26.9,6,0.1
2024-06-27 18:00,26.73,26.7,26.9,6,0.1
2024-06-27 19:00,26.75,26.7,26.8,2,0.033
2024-06-27 20:00,26.8,26.8,26.8,2,0.033
2024-06-27 21:00,26.97,26.9,27.0,3,0.05
2024-06-27 22:00,26.88,26.8,27.0,11,0.183
2024-06-27 23:00,26.82,26.8,26.9,4,0.067
2024-06-28 00:00,26.83,26.8,26.9,11,0.183
2024-06-28 01:00,26.81,26.7,27.0,24,0.4
2024-06-28 02:00,26.81,26.7,27.0,19,0.317
2024-06-28 03:00,26.78,26.7,26.8,13,0.217
2024-06-28 04:00,26.8,26.7,26.9,9,0.15
2024-06-28 05:00,26.77,26.7,26.8,6,0.1
2024-06-28 06:00,26.88,26.8,27.0,8,0.133
2024-06-28 07:00,26.8,26.7,27.0,31,0.517
2024-06-28 08:00,26.79,26.7,26.9,60,1.0
2024-06-28 09:00,26.73,26.6,26.9,60,1.0
2024-06-28 10:00,26.72,26.6,26.8,58,0.967
2024-06-28 11:00,26.72,26.6,26.9,58,0.967
2024-06-28 12:00,26.72,26.6,27.0,59,0.983
2024-06-28 13:00,26.73,26.6,26.9,39,0.65
2024-06-28 14:00,26.77,26.6,26.9,17,0.283
2024-06-28 15:00,26.72,26.7,26.9,19,0.317
2024-06-28 16:00,26.6,26.6,26.6,1,0.017
2024-06-28 17:00,26.75,26.7,26.8,2,0.033
2024-06-28 18:00,26.75,26.7,26.8,2,0.033
2024-06-28 19:00,26.83,26.7,27.1,49,0.817
2024-06-28 20:00,26.79,26.7,27.0,60,1.0
2024-06-28 21:00,26.77,26.7,26.9,57,0.95
2024-06-28 22:00,26.76,26.7,26.9,60,1.0
2024-06-28 23:00,26.79,26.7,27.0,59,0.983
2024-06-29 00:00,26.83,26.7,27.0,60,1.0
2024-06-29 01:00,26.88,26.7,27.0,59,0.983
2024-06-29 02:00,26.85,26.7,27.0,59,0.983
2024-06-29 03:00,26.82,26.7,27.0,58,0.967
2024-06-29 04:00,26.82,26.7,27.0,60,1.0
2024-06-29 05:00,26.79,26.7,27.1,58,0.967
2024-06-29 06:00,26.81,26.7,26.9,59,0.983
2024-06-29 07:00,26.83,26.7,27.1,52,0.867
2024-06-29 08:00,26.75,26.7,27.0,59,0.983
2024-06-29 09:00,26.78,26.6,26.9,59,0.983
2024-06-29 10:00,26.74,26.6,26.9,56,0.933
2024-06-29 11:00,26.71,26.6,26.9,59,0.983
2024-06-29 12:00,26.65,26.6,26.9,59,0.983
2024-06-29 13:00,26.67,26.6,26.9,58,0.967
2024-06-29 14:00,26.64,26.6,26.8,57,0.95
2024-06-29 15:00,26.71,26.6,26.9,59,0.983
2024-06-29 16:00,26.81,26.7,27.1,52,0.867
2024-06-29 17:00,26.76,26.6,26.9,54,0.9
2024-06-29 18:00,26.76,26.6,27.0,59,0.983
2024-06-29 19:00,26.71,26.6,26.8,56,0.933
2024-06-29 20:00,26.76,26.7,27.0,60,1.0
2024-06-29 21:00,26.83,26.7,27.0,58,0.967
2024-06-29 22:00,26.82,26.7,27.0,60,1.0
2024-06-29 23:00,26.77,26.7,27.0,59,0.983
2024-06-30 00:00,26.75,26.7,27.0,58,0.967
2024-06-30 01:00,26.76,26.7,26.9,57,0.95
2024-06-30 02:00,26.79,26.7,27.1,59,0.983
2024-06-30 03:00,26.83,26.7,27.1,58,0.967
2024-06-30 04:00,26.83,26.7,27.0,59,0.983
2024-06-30 05:00,26.85,26.7,27.0,54,0.9
2024-06-30 06:00,26.81,26.7,27.0,57,0.95
2024-06-30 07:00,26.76,26.7,26.9,52,0.867
2024-06-30 08:00,26.77,26.6,26.9,59,0.983
2024-06-30 09:00,26.78,26.6,26.9,60,1.0
2024-06-30 10:00,26.68,26.6,26.9,60,1.0
2024-06-30 11:00,26.66,26.6,26.8,60,1.0
2024-06-30 12:00,26.62,26.6,26.9,60,1.0
2024-06-30 13:00,26.62,26.6,26.8,59,0.983
2024-06-30 14:00,26.62,26.6,26.8,58,0.967
2024-06-30 15:00,26.64,26.6,26.8,58,0.967
2024-06-30 16:00,26.63,26.6,26.9,57,0.95
2024-06-30 17:00,26.64,26.6,26.8,53,0.883
2024-06-30 18:00,26.68,26.6,26.9,40,0.667
2024-06-30 19:00,26.74,26.6,26.9,35,0.583
2024-06-30 20:00,26.79,26.6,26.9,41,0.683
2024-06-30 21:00,26.73,26.6,26.9,45,0.75
2024-06-30 22:00,26.72,26.6,26.9,36,0.6
2024-06-30 23:00,26.75,26.7,26.9,31,0.517
2024-07-01 00:00,26.74,26.6,26.9,23,0.383
2024-07-01 01:00,26.76,26.7,27.0,37,0.617
2024-07-01 02:00,26.8,26.7,27.0,43,0.717
2024-07-01 03:00,26.88,26.7,27.0,45,0.75
2024-07-01 04:00,26.89,26.7,27.0,43,0.717
2024-07-01 05:00,26.87,26.7,27.0,36,0.6
2024-07-01 06:00,26.8,26.7,27.1,42,0.7
2024-07-01 07:00,26.73,26.7,26.9,33,0.55
2024-07-01 08:00,26.75,26.6,27.0,56,0.933
2024-07-01 09:00,26.68,26.6,26.9,59,0.983
2024-07-01 10:00,26.64,26.6,26.9,58,0.967
2024-07-01 11:00,26.64,26.6,26.8,58,0.967
2024-07-01 12:00,26.62,26.5,26.8,58,0.967
2024-07-01 13:00,26.62,26.5,26.7,58,0.967
2024-07-01 14:00,26.8,26.6,27.6,57,0.95
2024-07-01 15:00,27.04,26.9,27.6,56,0.933
2024-07-01 16:00,27.04,27.0,27.2,50,0.833
2024-07-01 17:00,27.04,27.0,27.2,51,0.85
2024-07-01 18:00,27.09,27.0,27.3,60,1.0
2024-07-01 19:00,27.12,27.0,27.3,56,0.933
2024-07-01 20:00,27.11,27.0,27.3,21,0.35
2024-07-01 21:00,27.12,27.0,27.3,17,0.283
2024-07-01 22:00,27.1,27.0,27.3,31,0.517
2024-07-01 23:00,27.11,27.0,27.3,31,0.517
2024-07-02 00:00,27.12,27.0,27.3,40,0.667
2024-07-02 01:00,27.16,27.0,27.3,31,0.517
2024-07-02 02:00,27.14,27.0,27.3,31,0.517
2024-07-02 03:00,27.09,27.0,27.2,34,0.567
2024-07-02 04:00,27.09,27.0,27.4,33,0.55
2024-07-02 08:00,27.15,27.1,27.2,4,0.067
2024-07-02 09:00,27.06,26.9,27.3,50,0.833
2024-07-02 10:00,27.06,26.9,27.2,57,0.95
2024-07-02 11:00,27.09,26.9,27.4,59,0.983
2024-07-02 12:00,27.03,26.9,27.2,59,0.983
2024-07-02 13:00,26.94,26.9,27.2,55,0.917
2024-07-02 14:00,26.95,26.9,27.2,55,0.917
2024-07-02 15:00,27.03,26.8,27.2,51,0.85
2024-07-02 16:00,27.0,26.9,27.2,58,0.967
2024-07-02 17:00,26.94,26.9,27.2,60,1.0
2024-07-02 18:00,26.94,26.9,27.2,59,0.983
2024-07-02 19:00,26.96,26.9,27.1,60,1.0
2024-07-02 20:00,27.02,26.9,27.2,42,0.7
2024-07-02 21:00,27.1,26.9,27.3,13,0.217
2024-07-02 22:00,27.02,26.9,27.2,29,0.483
2024-07-02 23:00,26.97,26.9,27.2,26,0.433
2024-07-03 00:00,27.07,26.9,27.2,12,0.2
2024-07-03 01:00,27.01,26.9,27.1,12,0.2
2024-07-03 02:00,27.02,27.0,27.1,5,0.083
2024-07-03 03:00,27.02,27.0,27.1,8,0.133
2024-07-03 04:00,27.01,26.9,27.1,8,0.133
2024-07-03 05:00,27.01,26.9,27.1,9,0.15
2024-07-03 06:00,27.02,26.9,27.2,27,0.45
2024-07-03 07:00,27.02,26.9,27.2,55,0.917
2024-07-03 08:00,26.95,26.8,27.3,59,0.983
2024-07-03 09:00,26.94,26.8,27.1,60,1.0
2024-07-03 10:00,26.88,26.8,27.3,60,1.0
2024-07-03 11:00,26.83,26.8,27.1,57,0.95
2024-07-03 12:00,26.83,26.8,27.0,60,1.0
2024-07-03 13:00,26.83,26.8,27.0,60,1.0
2024-07-03 14:00,26.86,26.8,27.1,50,0.833
2024-07-03 15:00,26.96,26.8,27.1,54,0.9
2024-07-03 16:00,27.65,27.4,27.9,29,0.483
2024-07-03 17:00,27.7,27.4,28.0,7,0.117
2024-07-03 18:00,27.86,27.8,28.0,5,0.083
2024-07-03 19:00,27.76,27.6,27.9,16,0.267
2024-07-03 20:00,27.72,27.6,27.9,58,0.967
2024-07-03 21:00,27.72,27.5,27.9,48,0.8
2024-07-03 22:00,27.67,27.5,27.8,50,0.833
2024-07-03 23:00,27.61,27.5,27.8,52,0.867
2024-07-04 00:00,27.52,27.4,27.8,46,0.767
2024-07-04 01:00,27.48,27.3,27.6,52,0.867
2024-07-04 02:00,27.42,27.3,27.6,52,0.867
2024-07-04 03:00,27.35,27.3,27.5,56,0.933
2024-07-04 04:00,27.36,27.2,27.5,58,0.967
2024-07-04 05:00,27.32,27.2,27.6,60,1.0
2024-07-04 06:00,27.33,27.2,27.5,51,0.85
2024-07-04 07:00,27.28,27.1,27.5,56,0.933
2024-07-04 08:00,27.24,27.1,27.4,46,0.767
2024-07-04 09:00,27.08,27.0,27.5,52,0.867
2024-07-04 10:00,27.04,27.0,27.2,60,1.0
2024-07-04 11:00,27.03,26.9,27.2,60,1.0
2024-07-04 12:00,27.04,26.9,27.3,59,0.983
2024-07-04 13:00,27.05,27.0,27.2,50,0.833
2024-07-04 14:00,27.03,26.9,27.2,53,0.883
2024-07-04 15:00,27.08,27.0,27.3,60,1.0
2024-07-04 16:00,27.11,27.0,27.4,59,0.983
2024-07-04 17:00,27.12,27.0,27.3,60,1.0
2024-07-04 18:00,27.15,27.0,27.3,60,1.0
2024-07-04 19:00,27.13,27.0,27.3,60,1.0
2024-07-04 20:00,27.1,27.0,27.3,60,1.0
2024-07-04 21:00,27.09,27.0,27.3,60,1.0
2024-07-04 22:00,27.11,27.0,27.3,60,1.0
2024-07-04 23:00,27.14,27.0,27.3,60,1.0
2024-07-05 00:00,27.15,27.0,27.3,60,1.0
2024-07-05 01:00,27.2,27.0,27.4,59,0.983
2024-07-05 02:00,27.19,27.0,27.4,60,1.0
2024-07-05 03:00,27.19,27.0,27.4,60,1.0
2024-07-05 04:00,27.19,27.0,27.4,58,0.967
2024-07-05 05:00,27.15,27.0,27.3,59,0.983
2024-07-05 06:00,27.13,27.0,27.5,60,1.0
2024-07-05 07:00,27.08,27.0,27.3,58,0.967
2024-07-05 08:00,27.08,27.0,27.2,36,0.6
2024-07-05 09:00,27.03,26.9,27.2,43,0.717
2024-07-05 10:00,26.97,26.9,27.1,49,0.817
2024-07-05 11:00,26.95,26.9,27.2,42,0.7
2024-07-05 12:00,26.95,26.9,27.2,34,0.567
2024-07-05 13:00,26.93,26.9,27.0,20,0.333
2024-07-05 14:00,26.93,26.9,27.1,18,0.3
2024-07-05 15:00,26.94,26.9,27.1,14,0.233
2024-07-05 16:00,26.96,26.9,27.1,8,0.133
2024-07-05 17:00,26.9,26.9,26.9,5,0.083
2024-07-05 18:00,27.03,26.9,27.2,35,0.583
2024-07-05 19:00,27.07,26.9,27.2,39,0.65
2024-07-05 20:00,27.05,26.9,27.2,47,0.783
2024-07-05 21:00,27.0,26.9,27.1,53,0.883
2024-07-05 22:00,27.01,26.9,27.2,45,0.75
2024-07-05 23:00,27.04,26.9,27.2,40,0.667
2024-07-06 00:00,27.08,26.9,27.2,45,0.75
2024-07-06 01:00,27.04,27.0,27.2,8,0.133
2024-07-06 02:00,27.05,27.0,27.1,2,0.033
2024-07-06 03:00,27.1,27.0,27.3,16,0.267
2024-07-06 04:00,27.11,27.0,27.2,17,0.283
2024-07-06 05:00,27.1,27.0,27.2,25,0.417
2024-07-06 06:00,27.09,27.0,27.4,34,0.567
2024-07-06 07:00,27.01,26.9,27.2,29,0.483
2024-07-06 08:00,26.97,26.9,27.1,45,0.75
2024-07-06 09:00,27.01,26.9,27.2,46,0.767
2024-07-06 10:00,26.93,26.9,27.1,46,0.767
2024-07-06 11:00,26.93,26.9,27.1,50,0.833
2024-07-06 12:00,26.92,26.8,27.1,48,0.8
2024-07-06 13:00,26.92,26.8,27.0,41,0.683
2024-07-06 14:00,26.92,26.9,27.1,36,0.6
2024-07-06 15:00,26.91,26.9,27.0,17,0.283
2024-07-06 16:00,26.95,26.9,27.1,23,0.383
2024-07-06 17:00,26.93,26.9,27.1,45,0.75
2024-07-06 18:00,26.98,26.9,27.2,58,0.967
2024-07-06 19:00,27.03,26.9,27.3,55,0.917
2024-07-06 20:00,27.04,26.9,27.2,55,0.917
2024-07-06 21:00,26.98,26.9,27.3,60,1.0
2024-07-06 22:00,26.97,26.9,27.2,59,0.983
2024-07-06 23:00,26.99,26.9,27.3,60,1.0
2024-07-07 00:00,26.97,26.9,27.2,55,0.917
2024-07-07 01:00,27.02,26.9,27.3,47,0.783
2024-07-07 02:00,27.02,26.9,27.3,52,0.867
2024-07-07 03:00,27.04,26.9,27.2,50,0.833
2024-07-07 04:00,27.04,26.9,27.4,54,0.9
2024-07-07 05:00,27.0,26.9,27.2,60,1.0
2024-07-07 06:00,26.97,26.9,27.2,58,0.967
2024-07-07 07:00,26.96,26.9,27.1,51,0.85
2024-07-07 08:00,26.91,26.8,27.1,54,0.9
2024-07-07 09:00,26.87,26.8,27.0,44,0.733
2024-07-07 10:00,26.84,26.8,27.0,52,0.867
2024-07-07 11:00,26.82,26.7,27.0,49,0.817
2024-07-07 12:00,26.82,26.7,27.0,48,0.8
2024-07-07 13:00,26.81,26.7,26.9,44,0.733
2024-07-07 14:00,26.81,26.7,26.9,34,0.567
2024-07-07 15:00,26.84,26.7,27.0,45,0.75
2024-07-07 16:00,26.9,26.7,27.0,44,0.733
2024-07-07 17:00,26.91,26.8,27.2,41,0.683
2024-07-07 18:00,26.86,26.8,27.1,51,0.85
2024-07-07 19:00,26.87,26.8,27.0,50,0.833
2024-07-07 20:00,26.91,26.8,27.1,54,0.9
2024-07-07 21:00,26.97,26.8,27.3,54,0.9
2024-07-07 22:00,26.99,26.8,27.2,55,0.917
2024-07-07 23:00,26.94,26.8,27.2,51,0.85
2024-07-08 00:00,26.91,26.8,27.1,56,0.933
2024-07-08 01:00,26.91,26.8,27.1,58,0.967
2024-07-08 02:00,26.92,26.8,27.3,60,1.0
2024-07-08 03:00,26.92,26.8,27.1,59,0.983
2024-07-08 04:00,26.92,26.8,27.1,60,1.0
2024-07-08 05:00,26.94,26.8,27.1,59,0.983
2024-07-08 06:00,26.92,26.8,27.1,57,0.95
2024-07-08 07:00,26.96,26.8,27.2,55,0.917
2024-07-08 08:00,26.87,26.8,27.0,41,0.683
2024-07-08 09:00,26.81,26.7,27.0,48,0.8
2024-07-08 10:00,26.83,26.7,27.0,52,0.867
2024-07-08 11:00,26.86,26.7,27.0,55,0.917
2024-07-08 12:00,26.87,26.7,27.0,49,0.817
2024-07-08 13:00,26.88,26.7,27.1,45,0.75
2024-07-08 14:00,26.88,26.7,27.0,52,0.867
2024-07-08 15:00,26.92,26.8,27.0,33,0.55
2024-07-08 16:00,26.92,26.8,27.2,26,0.433
2024-07-08 17:00,26.89,26.8,27.0,39,0.65
2024-07-08 18:00,26.84,26.8,27.0,44,0.733
2024-07-08 19:00,26.84,26.8,27.0,47,0.783
2024-07-08 20:00,26.91,26.8,27.1,51,0.85
2024-07-08 21:00,26.95,26.8,27.2,49,0.817
2024-07-08 22:00,26.9,26.8,27.1,44,0.733
2024-07-08 23:00,26.91,26.8,27.1,51,0.85
2024-07-09 00:00,26.87,26.8,27.0,59,0.983
2024-07-09 01:00,26.87,26.8,27.0,54,0.9
2024-07-09 02:00,26.89,26.8,27.0,57,0.95
2024-07-09 03:00,26.92,26.8,27.1,59,0.983
2024-07-09 04:00,26.88,26.8,27.0,52,0.867
2024-07-09 05:00,26.87,26.8,27.0,53,0.883
2024-07-09 06:00,26.93,26.8,27.1,53,0.883
2024-07-09 07:00,26.93,26.8,27.1,44,0.733
2024-07-09 08:00,26.88,26.8,27.0,26,0.433
2024-07-09 09:00,26.81,26.7,26.9,42,0.7
2024-07-09 10:00,26.81,26.7,27.0,36,0.6
2024-07-09 11:00,26.86,26.7,27.0,43,0.717
2024-07-09 12:00,26.85,26.7,27.0,31,0.517
2024-07-09 13:00,26.81,26.7,27.1,40,0.667
2024-07-09 14:00,26.83,26.7,26.9,43,0.717
2024-07-09 15:00,26.86,26.7,27.1,22,0.367
2024-07-09 16:00,26.79,26.7,26.9,15,0.25
2024-07-09 17:00,26.82,26.7,27.1,22,0.367
2024-07-09 18:00,26.91,26.8,27.1,49,0.817
2024-07-09 19:00,26.87,26.8,27.0,46,0.767
2024-07-09 20:00,26.83,26.6,27.0,41,0.683
2024-07-09 21:00,26.85,26.8,27.0,44,0.733
2024-07-09 22:00,26.88,26.8,27.0,45,0.75
2024-07-09 23:00,26.91,26.8,27.1,43,0.717
2024-07-10 00:00,26.98,26.8,27.1,36,0.6
2024-07-10 01:00,26.95,26.8,27.2,44,0.733
2024-07-10 02:00,26.94,26.8,27.1,43,0.717
2024-07-10 03:00,26.92,26.8,27.1,51,0.85
2024-07-10 04:00,26.92,26.8,27.1,44,0.733
2024-07-10 05:00,26.9,26.8,27.1,41,0.683
2024-07-10 06:00,26.93,26.8,27.1,42,0.7
2024-07-10 07:00,26.88,26.8,27.1,23,0.383
2024-07-10 08:00,26.89,26.8,27.1,40,0.667
2024-07-10 09:00,26.83,26.7,27.0,34,0.567
2024-07-10 10:00,26.8,26.7,27.0,36,0.6
2024-07-10 11:00,26.77,26.7,26.9,40,0.667
2024-07-10 12:00,26.74,26.7,26.9,40,0.667
2024-07-10 13:00,26.75,26.7,26.9,37,0.617
2024-07-10 14:00,26.78,26.7,27.0,27,0.45
2024-07-10 15:00,26.79,26.7,26.9,9,0.15
2024-07-10 16:00,26.79,26.7,26.9,14,0.233
2024-07-10 17:00,26.7,26.7,26.7,1,0.017
2024-07-10 22:00,26.87,26.8,26.9,3,0.05
2024-07-10 23:00,26.92,26.8,27.1,15,0.25
2024-07-11 00:00,27.2,27.2,27.2,1,0.017
2024-07-11 01:00,27.0,27.0,27.0,1,0.017
2024-07-11 02:00,26.9,26.9,26.9,1,0.017
2024-07-11 03:00,26.9,26.9,26.9,3,0.05
2024-07-11 04:00,26.9,26.9,26.9,2,0.033
2024-07-11 05:00,26.92,26.8,27.0,5,0.083
2024-07-11 06:00,26.9,26.8,27.0,4,0.067
2024-07-11 07:00,26.9,26.8,27.0,4,0.067
2024-07-11 08:00,26.9,26.8,27.0,30,0.5
2024-07-11 09:00,26.8,26.7,27.0,38,0.633
2024-07-11 10:00,26.77,26.7,26.9,45,0.75
2024-07-11 11:00,26.75,26.7,26.9,46,0.767
2024-07-11 12:00,26.76,26.7,27.1,41,0.683
2024-07-11 13:00,26.77,26.7,26.9,42,0.7
2024-07-11 14:00,26.75,26.7,26.8,24,0.4
2024-07-11 15:00,26.78,26.7,27.0,27,0.45
2024-07-11 16:00,26.85,26.8,26.9,8,0.133
2024-07-11 21:00,26.8,26.8,26.8,1,0.017
2024-07-11 23:00,26.9,26.9,26.9,1,0.017
2024-07-12 00:00,26.9,26.9,26.9,2,0.033
2024-07-12 06:00,26.9,26.9,26.9,2,0.033
2024-07-12 07:00,26.8,26.7,26.9,7,0.117
2024-07-12 08:00,26.87,26.8,27.0,29,0.483
2024-07-12 09:00,26.78,26.7,27.0,34,0.567
2024-07-12 10:00,26.72,26.7,26.9,45,0.75
2024-07-12 11:00,26.76,26.6,27.0,47,0.783
2024-07-12 12:00,26.76,26.6,26.9,41,0.683
2024-07-12 13:00,26.72,26.7,26.9,40,0.667
2024-07-12 14:00,26.69,26.6,26.9,33,0.55
2024-07-12 15:00,26.71,26.6,26.8,24,0.4
2024-07-12 16:00,26.7,26.6,26.8,14,0.233
2024-07-12 22:00,26.75,26.7,26.8,2,0.033
2024-07-12 23:00,26.86,26.7,27.0,7,0.117
2024-07-13 00:00,26.82,26.7,26.9,5,0.083
2024-07-13 01:00,26.7,26.7,26.7,1,0.017
2024-07-13 03:00,26.84,26.8,26.9,5,0.083
2024-07-13 04:00,26.77,26.7,26.8,3,0.05
2024-07-13 05:00,26.75,26.7,26.8,2,0.033
2024-07-13 06:00,26.87,26.8,26.9,6,0.1
2024-07-13 07:00,26.8,26.7,26.9,4,0.067
2024-07-13 08:00,26.72,26.6,26.9,16,0.267
2024-07-13 09:00,26.72,26.6,27.0,32,0.533
2024-07-13 10:00,26.64,26.6,26.8,37,0.617
2024-07-13 11:00,26.68,26.6,27.2,33,0.55
2024-07-13 12:00,26.57,26.5,26.7,33,0.55
2024-07-13 13:00,26.56,26.5,26.7,34,0.567
2024-07-13 14:00,26.57,26.5,26.6,31,0.517
2024-07-13 15:00,26.58,26.5,26.7,31,0.517
2024-07-13 16:00,26.57,26.5,26.7,26,0.433
2024-07-13 17:00,26.61,26.5,26.8,54,0.9
2024-07-13 18:00,26.7,26.5,26.9,51,0.85
2024-07-13 19:00,26.73,26.6,27.1,59,0.983
2024-07-13 20:00,26.65,26.6,26.9,60,1.0
2024-07-13 21:00,26.65,26.6,26.8,60,1.0
2024-07-13 22:00,26.72,26.6,26.9,60,1.0
2024-07-13 23:00,26.74,26.6,26.9,59,0.983
2024-07-14 00:00,26.73,26.6,26.9,60,1.0
2024-07-14 01:00,26.72,26.6,26.9,58,0.967
2024-07-14 02:00,26.69,26.6,26.9,58,0.967
2024-07-14 03:00,26.69,26.6,26.9,60,1.0
2024-07-14 04:00,26.68,26.6,26.9,60,1.0
2024-07-14 05:00,26.66,26.6,26.8,56,0.933
2024-07-14 06:00,26.66,26.6,27.0,54,0.9
2024-07-14 07:00,26.66,26.5,26.9,51,0.85
2024-07-14 08:00,26.65,26.5,26.9,54,0.9
2024-07-14 09:00,26.56,26.5,26.8,60,1.0
2024-07-14 10:00,26.56,26.5,26.7,56,0.933
2024-07-14 11:00,26.51,26.4,26.6,49,0.817
2024-07-14 12:00,26.51,26.4,26.7,56,0.933
2024-07-14 13:00,26.56,26.4,26.7,50,0.833
2024-07-14 14:00,26.59,26.4,26.8,43,0.717
2024-07-14 15:00,26.54,26.4,26.8,55,0.917
2024-07-14 16:00,26.52,26.4,26.9,58,0.967
2024-07-14 17:00,26.55,26.5,26.8,60,1.0
2024-07-14 18:00,26.59,26.5,26.8,60,1.0
2024-07-14 19:00,26.59,26.4,26.8,60,1.0
2024-07-14 20:00,26.54,26.4,26.7,60,1.0
2024-07-14 21:00,26.52,26.4,26.8,60,1.0
2024-07-14 22:00,26.54,26.5,26.7,60,1.0
2024-07-14 23:00,26.63,26.5,27.4,60,1.0
2024-07-15 00:00,26.53,26.4,26.7,59,0.983
2024-07-15 01:00,26.54,26.4,26.7,60,1.0
2024-07-15 02:00,26.57,26.4,26.8,60,1.0
2024-07-15 03:00,26.58,26.4,26.7,60,1.0
2024-07-15 04:00,26.56,26.4,26.7,60,1.0
2024-07-15 05:00,26.58,26.4,26.8,60,1.0
2024-07-15 06:00,26.54,26.4,26.7,60,1.0
2024-07-15 07:00,26.52,26.4,26.7,60,1.0
2024-07-15 08:00,26.46,26.4,26.7,59,0.983
2024-07-15 09:00,26.4,26.3,26.6,60,1.0
2024-07-15 10:00,26.45,26.3,26.6,60,1.0
2024-07-15 11:00,26.45,26.3,26.7,60,1.0
2024-07-15 12:00,26.4,26.3,26.6,60,1.0
2024-07-15 13:00,26.34,26.2,26.5,60,1.0
2024-07-15 14:00,26.37,26.2,26.6,60,1.0
2024-07-15 15:00,26.35,26.3,26.6,60,1.0
2024-07-15 16:00,26.38,26.3,26.6,60,1.0
2024-07-15 17:00,26.38,26.3,26.6,60,1.0
2024-07-15 18:00,26.41,26.3,26.6,60,1.0
2024-07-15 19:00,26.5,26.3,26.7,60,1.0
2024-07-15 20:00,26.44,26.3,26.7,60,1.0
2024-07-15 21:00,26.44,26.3,26.6,52,0.867
2024-07-15 22:00,26.42,26.3,26.6,50,0.833
2024-07-15 23:00,26.46,26.4,26.6,60,1.0
2024-07-16 00:00,26.49,26.3,26.6,60,1.0
2024-07-16 01:00,26.5,26.4,26.6,59,0.983
2024-07-16 02:00,26.5,26.4,26.7,59,0.983
2024-07-16 03:00,26.49,26.3,26.6,60,1.0
2024-07-16 04:00,26.49,26.4,26.6,59,0.983
2024-07-16 05:00,26.51,26.3,26.7,60,1.0
2024-07-16 06:00,26.47,26.3,26.6,60,1.0
2024-07-16 07:00,26.42,26.3,26.7,60,1.0
2024-07-16 08:00,26.39,26.3,26.5,58,0.967
2024-07-16 09:00,26.39,26.3,26.6,59,0.983
2024-07-16 10:00,26.39,26.2,26.5,59,0.983
2024-07-16 11:00,26.34,26.2,26.6,55,0.917
2024-07-16 12:00,26.33,26.2,26.5,55,0.917
2024-07-16 13:00,26.31,26.2,26.5,57,0.95
2024-07-16 14:00,26.29,26.2,26.5,59,0.983
2024-07-16 15:00,26.31,26.2,26.5,58,0.967
2024-07-16 16:00,26.3,26.2,26.5,60,1.0
2024-07-16 17:00,26.33,26.2,26.5,60,1.0
2024-07-16 18:00,26.34,26.2,26.5,60,1.0
2024-07-16 19:00,26.36,26.3,26.6,59,0.983
2024-07-16 20:00,26.46,26.3,26.7,60,1.0
2024-07-16 21:00,26.37,26.3,26.5,60,1.0
2024-07-16 22:00,26.35,26.3,26.6,59,0.983
2024-07-16 23:00,26.38,26.3,26.6,60,1.0
2024-07-17 00:00,26.41,26.3,26.6,60,1.0
2024-07-17 01:00,26.43,26.3,26.6,60,1.0
2024-07-17 02:00,26.46,26.3,26.7,60,1.0
2024-07-17 03:00,26.45,26.3,26.6,60,1.0
2024-07-17 04:00,26.41,26.3,26.6,60,1.0
2024-07-17 05:00,26.39,26.3,26.5,60,1.0
2024-07-17 06:00,26.4,26.3,26.6,60,1.0
2024-07-17 07:00,26.38,26.3,26.6,60,1.0
2024-07-17 08:00,26.29,26.2,26.6,55,0.917
2024-07-17 09:00,26.29,26.2,26.5,59,0.983
2024-07-17 10:00,26.28,26.1,26.5,60,1.0
2024-07-17 11:00,26.27,26.1,26.4,59,0.983
2024-07-17 12:00,26.24,26.1,26.4,60,1.0
2024-07-17 13:00,26.25,26.1,26.4,60,1.0
2024-07-17 14:00,26.24,26.1,26.4,59,0.983
2024-07-17 15:00,26.2,26.1,26.4,60,1.0
2024-07-17 16:00,26.21,26.1,26.4,60,1.0
2024-07-17 17:00,26.26,26.1,26.4,60,1.0
2024-07-17 18:00,26.22,26.1,26.4,60,1.0
2024-07-17 19:00,26.26,26.2,26.5,60,1.0
2024-07-17 20:00,26.35,26.2,26.5,60,1.0
2024-07-17 21:00,26.35,26.2,26.5,60,1.0
2024-07-17 22:00,26.3,26.2,26.4,60,1.0
2024-07-17 23:00,26.28,26.2,26.5,52,0.867
2024-07-18 00:00,26.31,26.2,26.6,56,0.933
2024-07-18 01:00,26.29,26.2,26.5,47,0.783
2024-07-18 02:00,26.31,26.2,26.5,47,0.783
2024-07-18 03:00,26.35,26.2,26.5,44,0.733
2024-07-18 04:00,26.37,26.2,26.6,59,0.983
2024-07-18 05:00,26.35,26.2,26.5,50,0.833
2024-07-18 06:00,26.32,26.2,26.5,49,0.817
2024-07-18 07:00,26.3,26.2,26.5,49,0.817
2024-07-18 08:00,26.24,26.1,26.5,59,0.983
2024-07-18 09:00,26.24,26.1,26.4,59,0.983
2024-07-18 10:00,26.27,26.1,26.5,60,1.0
2024-07-18 11:00,26.24,26.1,26.4,60,1.0
2024-07-18 12:00,26.2,26.0,26.3,60,1.0
2024-07-18 13:00,26.17,26.0,26.3,60,1.0
2024-07-18 14:00,26.22,26.1,26.4,60,1.0
2024-07-18 15:00,26.17,26.0,26.3,60,1.0
2024-07-18 16:00,26.18,26.1,26.4,60,1.0
2024-07-18 17:00,26.22,26.1,26.4,60,1.0
2024-07-18 18:00,26.21,26.1,26.4,60,1.0
2024-07-18 19:00,26.22,26.1,26.4,60,1.0
2024-07-18 20:00,26.31,26.1,26.5,60,1.0
2024-07-18 21:00,26.28,26.1,26.4,60,1.0
2024-07-18 22:00,26.24,26.1,26.4,60,1.0
2024-07-18 23:00,26.24,26.1,26.4,60,1.0
2024-07-19 00:00,26.24,26.2,26.4,60,1.0
2024-07-19 01:00,26.27,26.1,26.5,60,1.0
2024-07-19 02:00,26.29,26.1,26.4,60,1.0
2024-07-19 03:00,26.31,26.1,26.4,60,1.0
2024-07-19 04:00,26.3,26.1,26.5,60,1.0
2024-07-19 05:00,26.3,26.1,26.5,60,1.0
2024-07-19 06:00,26.25,26.1,26.4,59,0.983
2024-07-19 07:00,26.2,26.1,26.4,60,1.0
2024-07-19 08:00,26.17,26.0,26.4,60,1.0
2024-07-19 09:00,26.14,26.0,26.4,60,1.0
2024-07-19 10:00,26.17,26.0,26.3,60,1.0
2024-07-19 11:00,26.16,26.0,26.3,60,1.0
2024-07-19 12:00,26.15,26.0,26.4,60,1.0
2024-07-19 13:00,26.14,26.0,26.3,54,0.9
2024-07-19 14:00,26.15,26.0,26.3,60,1.0
2024-07-19 15:00,26.16,26.0,26.3,60,1.0
2024-07-19 16:00,26.13,26.0,26.3,60,1.0
2024-07-19 17:00,26.17,26.0,26.4,59,0.983
2024-07-19 18:00,26.09,26.0,26.3,60,1.0
2024-07-19 19:00,26.12,26.0,26.3,60,1.0
2024-07-19 20:00,26.2,26.1,26.4,60,1.0
2024-07-19 21:00,26.21,26.0,26.5,60,1.0
2024-07-19 22:00,26.14,26.1,26.5,60,1.0
2024-07-19 23:00,26.14,26.1,26.4,60,1.0
2024-07-20 00:00,26.16,26.1,26.4,60,1.0
2024-07-20 01:00,26.18,26.1,26.4,60,1.0
2024-07-20 02:00,26.18,26.1,26.4,59,0.983
2024-07-20 03:00,26.2,26.1,26.6,60,1.0
2024-07-20 04:00,26.2,26.1,26.3,60,1.0
2024-07-20 05:00,26.2,26.1,26.4,60,1.0
2024-07-20 06:00,26.16,26.0,26.4,60,1.0
2024-07-20 07:00,26.16,26.0,26.4,60,1.0
2024-07-20 08:00,26.14,26.0,26.4,60,1.0
2024-07-20 09:00,26.14,26.0,26.3,60,1.0
2024-07-20 10:00,26.1,25.9,26.3,60,1.0
2024-07-20 11:00,26.01,25.9,26.2,60,1.0
2024-07-20 12:00,26.0,25.9,26.2,60,1.0
2024-07-20 13:00,25.96,25.9,26.1,60,1.0
2024-07-20 14:00,25.94,25.9,26.2,60,1.0
2024-07-20 15:00,25.94,25.9,26.2,59,0.983
2024-07-20 16:00,25.95,25.9,26.1,60,1.0
2024-07-20 17:00,25.97,25.9,26.1,59,0.983
2024-07-20 18:00,26.01,25.9,26.2,47,0.783
2024-07-20 19:00,26.09,26.0,26.4,56,0.933
2024-07-20 20:00,26.1,26.0,26.2,60,1.0
2024-07-20 21:00,26.04,26.0,26.2,60,1.0
2024-07-20 22:00,26.04,26.0,26.2,60,1.0
2024-07-20 23:00,26.06,26.0,26.3,60,1.0
2024-07-21 00:00,26.05,26.0,26.3,60,1.0
2024-07-21 01:00,26.06,26.0,26.2,60,1.0
2024-07-21 02:00,26.06,26.0,26.2,53,0.883
2024-07-21 03:00,26.08,26.0,26.4,59,0.983
2024-07-21 04:00,26.09,26.0,26.2,60,1.0
2024-07-21 05:00,26.1,26.0,26.3,60,1.0
2024-07-21 06:00,26.08,26.0,26.2,60,1.0
2024-07-21 07:00,26.03,25.9,26.3,60,1.0
2024-07-21 08:00,25.94,25.9,26.1,60,1.0
2024-07-21 09:00,26.0,25.9,26.2,60,1.0
2024-07-21 10:00,25.99,25.8,26.1,60,1.0
2024-07-21 11:00,25.95,25.8,26.1,60,1.0
2024-07-21 12:00,25.95,25.8,26.3,60,1.0
2024-07-21 13:00,25.96,25.8,26.2,60,1.0
2024-07-21 14:00,25.97,25.8,26.2,60,1.0
2024-07-21 15:00,25.95,25.8,26.2,60,1.0
2024-07-21 16:00,25.9,25.8,26.1,59,0.983
2024-07-21 17:00,25.97,25.8,26.1,60,1.0
2024-07-21 18:00,25.9,25.8,26.1,60,1.0
2024-07-21 19:00,25.94,25.9,26.1,60,1.0
2024-07-21 20:00,26.01,25.9,26.2,60,1.0
2024-07-21 21:00,26.0,25.9,26.2,60,1.0
2024-07-21 22:00,25.95,25.9,26.2,60,1.0
2024-07-21 23:00,25.93,25.9,26.0,59,0.983
2024-07-22 00:00,25.96,25.8,26.2,60,1.0
2024-07-22 01:00,25.78,25.7,26.5,60,1.0
2024-07-22 02:00,25.74,25.7,26.1,60,1.0
2024-07-22 03:00,25.75,25.7,25.9,59,0.983
2024-07-22 04:00,25.75,25.7,25.9,60,1.0
2024-07-22 05:00,25.76,25.6,25.9,60,1.0
2024-07-22 06:00,25.75,25.7,25.9,57,0.95
2024-07-22 07:00,25.74,25.6,25.9,59,0.983
2024-07-22 08:00,25.71,25.6,25.9,60,1.0
2024-07-22 09:00,25.71,25.6,26.0,60,1.0
2024-07-22 10:00,25.63,25.6,25.8,60,1.0
2024-07-22 11:00,25.7,25.6,26.0,60,1.0
2024-07-22 12:00,25.72,25.6,25.9,55,0.917
2024-07-22 14:00,26.04,25.9,26.2,45,0.75
2024-07-22 15:00,26.04,25.9,26.2,59,0.983
2024-07-22 16:00,26.05,25.9,26.2,60,1.0
2024-07-22 17:00,26.11,25.9,26.4,58,0.967
2024-07-22 18:00,26.06,25.9,26.3,48,0.8
2024-07-22 19:00,26.08,25.9,26.3,53,0.883
2024-07-22 20:00,26.1,25.9,26.3,60,1.0
2024-07-22 21:00,26.11,26.0,26.3,60,1.0
2024-07-22 22:00,26.12,26.0,26.3,60,1.0
2024-07-22 23:00,26.14,26.0,26.3,60,1.0
2024-07-23 00:00,26.17,26.0,26.4,60,1.0
2024-07-23 01:00,26.18,26.0,26.4,60,1.0
2024-07-23 02:00,26.19,26.1,26.4,60,1.0
2024-07-23 03:00,26.19,26.1,26.4,60,1.0
2024-07-23 04:00,26.19,26.1,26.5,60,1.0
2024-07-23 05:00,26.22,26.1,26.4,60,1.0
2024-07-23 06:00,26.21,26.1,26.4,60,1.0
2024-07-23 07:00,26.1,25.9,26.4,60,1.0
2024-07-23 08:00,26.05,25.9,26.2,60,1.0
2024-07-23 09:00,25.93,25.8,26.1,58,0.967
2024-07-23 10:00,25.89,25.8,26.0,41,0.683
2024-07-23 11:00,25.85,25.8,26.0,58,0.967
2024-07-23 12:00,25.89,25.8,26.1,60,1.0
2024-07-23 13:00,25.93,25.8,26.1,60,1.0
2024-07-23 14:00,25.88,25.7,26.1,59,0.983
2024-07-23 15:00,25.81,25.7,25.9,59,0.983
2024-07-23 16:00,25.84,25.7,26.2,60,1.0
2024-07-23 17:00,25.89,25.7,26.1,58,0.967
2024-07-23 18:00,25.88,25.7,26.0,53,0.883
2024-07-23 19:00,25.89,25.7,26.0,53,0.883
2024-07-23 20:00,25.87,25.7,26.1,49,0.817
2024-07-23 21:00,25.83,25.7,26.0,49,0.817
2024-07-23 22:00,25.83,25.7,26.0,60,1.0
2024-07-23 23:00,25.84,25.8,26.0,58,0.967
2024-07-24 00:00,25.91,25.8,26.1,60,1.0
2024-07-24 01:00,25.9,25.8,26.1,59,0.983
2024-07-24 02:00,25.84,25.8,26.1,60,1.0
2024-07-24 03:00,25.86,25.8,26.1,60,1.0
2024-07-24 04:00,25.86,25.8,26.0,60,1.0
2024-07-24 05:00,25.83,25.8,26.0,59,0.983
2024-07-24 06:00,25.88,25.8,26.0,55,0.917
2024-07-24 07:00,25.88,25.7,26.1,55,0.917
2024-07-24 08:00,25.81,25.7,26.0,59,0.983
2024-07-24 09:00,25.76,25.7,25.9,59,0.983
2024-07-24 10:00,25.73,25.6,26.0,59,0.983
2024-07-24 11:00,25.8,25.6,26.0,60,1.0
2024-07-24 12:00,25.79,25.6,25.9,59,0.983
2024-07-24 13:00,25.78,25.6,26.0,59,0.983
2024-07-24 14:00,25.79,25.6,25.9,59,0.983
2024-07-24 15:00,25.8,25.7,26.0,58,0.967
2024-07-24 16:00,25.8,25.7,26.2,60,1.0
2024-07-24 17:00,25.82,25.6,26.1,60,1.0
2024-07-24 18:00,25.79,25.6,26.0,60,1.0
2024-07-24 19:00,25.78,25.7,25.9,60,1.0
2024-07-24 20:00,25.75,25.7,25.9,59,0.983
2024-07-24 21:00,25.77,25.7,26.0,57,0.95
2024-07-24 22:00,25.84,25.7,26.0,60,1.0
2024-07-24 23:00,25.88,25.7,26.0,60,1.0
2024-07-25 00:00,25.88,25.7,26.0,59,0.983
2024-07-25 01:00,25.85,25.7,26.0,60,1.0
2024-07-25 02:00,25.82,25.7,26.0,59,0.983
2024-07-25 03:00,25.81,25.7,25.9,60,1.0
2024-07-25 04:00,25.81,25.7,26.0,58,0.967
2024-07-25 05:00,25.81,25.7,26.0,60,1.0
2024-07-25 06:00,25.83,25.7,26.0,60,1.0
2024-07-25 07:00,25.84,25.7,26.0,60,1.0
2024-07-25 08:00,25.77,25.6,26.0,59,0.983
2024-07-25 09:00,25.74,25.6,26.0,60,1.0
2024-07-25 10:00,25.71,25.6,26.0,60,1.0
2024-07-25 11:00,25.77,25.6,26.0,60,1.0
2024-07-25 12:00,25.75,25.6,25.9,57,0.95
2024-07-25 13:00,25.74,25.6,26.0,59,0.983
2024-07-25 14:00,25.66,25.5,25.8,57,0.95
2024-07-25 15:00,25.62,25.5,25.9,60,1.0
2024-07-25 16:00,25.59,25.5,25.8,60,1.0
2024-07-25 17:00,25.7,25.5,25.8,60,1.0
2024-07-25 18:00,25.7,25.6,25.8,60,1.0
2024-07-25 19:00,25.64,25.6,25.8,60,1.0
2024-07-25 20:00,25.66,25.6,25.9,59,0.983
2024-07-25 21:00,25.64,25.6,25.8,60,1.0
2024-07-25 22:00,25.65,25.6,25.8,60,1.0
2024-07-25 23:00,25.67,25.6,25.9,58,0.967
2024-07-26 00:00,25.68,25.6,25.8,58,0.967
2024-07-26 01:00,25.71,25.6,25.9,55,0.917
2024-07-26 02:00,25.76,25.6,25.9,58,0.967
2024-07-26 03:00,25.72,25.6,25.9,60,1.0
2024-07-26 04:00,25.76,25.6,25.9,54,0.9
2024-07-26 05:00,25.68,25.6,25.9,45,0.75
2024-07-26 06:00,25.68,25.6,25.9,45,0.75
2024-07-26 07:00,25.69,25.6,25.9,58,0.967
2024-07-26 08:00,25.57,25.5,25.7,58,0.967
2024-07-26 09:00,25.57,25.5,25.7,59,0.983
2024-07-26 10:00,25.59,25.5,25.8,60,1.0
2024-07-26 11:00,25.56,25.4,25.7,53,0.883
2024-07-26 12:00,25.49,25.4,25.7,57,0.95
2024-07-26 13:00,25.49,25.4,25.7,49,0.817
2024-07-26 14:00,25.55,25.4,25.7,44,0.733
2024-07-26 15:00,25.56,25.4,25.8,58,0.967
2024-07-26 16:00,25.49,25.4,25.7,58,0.967
2024-07-26 17:00,25.49,25.4,25.7,50,0.833
2024-07-26 18:00,25.56,25.4,25.9,58,0.967
2024-07-26 19:00,25.59,25.4,25.8,60,1.0
2024-07-26 20:00,25.56,25.4,25.8,59,0.983
2024-07-26 21:00,25.53,25.5,25.6,60,1.0
2024-07-26 22:00,25.53,25.4,25.8,58,0.967
2024-07-26 23:00,25.56,25.4,25.8,60,1.0
2024-07-27 00:00,25.62,25.5,25.9,60,1.0
2024-07-27 01:00,25.62,25.5,26.0,58,0.967
2024-07-27 02:00,25.6,25.5,25.7,60,1.0
2024-07-27 03:00,25.56,25.5,25.8,60,1.0
2024-07-27 04:00,25.54,25.5,25.7,60,1.0
2024-07-27 05:00,25.54,25.5,25.7,60,1.0
2024-07-27 06:00,25.54,25.5,25.7,60,1.0
2024-07-27 07:00,25.57,25.4,25.7,60,1.0
2024-07-27 08:00,25.48,25.4,25.6,57,0.95
2024-07-27 09:00,25.44,25.3,25.6,58,0.967
2024-07-27 10:00,25.39,25.3,25.6,59,0.983
2024-07-27 11:00,25.44,25.3,25.6,60,1.0
2024-07-27 12:00,25.42,25.3,25.5,60,1.0
2024-07-27 13:00,25.41,25.3,25.6,60,1.0
2024-07-27 14:00,25.36,25.3,25.5,59,0.983
2024-07-27 15:00,25.34,25.3,25.5,60,1.0
2024-07-27 16:00,25.39,25.3,25.6,60,1.0
2024-07-27 17:00,25.43,25.3,25.6,60,1.0
2024-07-27 18:00,25.5,25.3,25.7,60,1.0
2024-07-27 19:00,25.43,25.3,25.6,60,1.0
2024-07-27 20:00,25.42,25.4,25.5,60,1.0
2024-07-27 21:00,25.46,25.4,25.6,60,1.0
2024-07-27 22:00,25.53,25.4,25.7,58,0.967
2024-07-27 23:00,25.57,25.4,25.7,60,1.0
2024-07-28 00:00,25.55,25.4,25.6,60,1.0
2024-07-28 01:00,25.51,25.4,25.7,60,1.0
2024-07-28 02:00,25.47,25.4,25.6,60,1.0
2024-07-28 03:00,25.48,25.4,25.7,60,1.0
2024-07-28 04:00,25.49,25.4,25.8,60,1.0
2024-07-28 05:00,25.47,25.4,25.6,60,1.0
2024-07-28 06:00,25.49,25.4,25.7,60,1.0
2024-07-28 07:00,25.5,25.4,25.7,60,1.0
2024-07-28 08:00,25.42,25.3,25.5,59,0.983
2024-07-28 09:00,25.37,25.3,25.5,59,0.983
2024-07-28 10:00,25.32,25.2,25.5,59,0.983
2024-07-28 11:00,25.29,25.2,25.4,59,0.983
2024-07-28 12:00,25.28,25.2,25.4,60,1.0
2024-07-28 13:00,25.29,25.2,25.4,60,1.0
2024-07-28 14:00,25.31,25.2,25.5,60,1.0
2024-07-28 15:00,25.33,25.2,25.5,60,1.0
2024-07-28 16:00,25.38,25.3,25.7,60,1.0
2024-07-28 17:00,25.39,25.3,25.6,51,0.85
2024-07-28 18:00,25.43,25.3,25.6,48,0.8
2024-07-28 19:00,25.38,25.3,25.6,59,0.983
2024-07-28 20:00,25.37,25.3,25.6,49,0.817
2024-07-28 21:00,25.4,25.3,25.6,59,0.983
2024-07-28 22:00,25.45,25.3,25.6,60,1.0
2024-07-28 23:00,25.49,25.3,25.6,60,1.0
2024-07-29 00:00,25.49,25.3,25.7,60,1.0
2024-07-29 01:00,25.48,25.3,25.6,60,1.0
2024-07-29 02:00,25.45,25.3,25.6,60,1.0
2024-07-29 03:00,25.43,25.3,25.7,60,1.0
2024-07-29 04:00,25.4,25.3,25.7,60,1.0
2024-07-29 05:00,25.4,25.3,25.5,60,1.0
2024-07-29 06:00,25.39,25.3,25.5,60,1.0
2024-07-29 07:00,25.42,25.3,25.6,60,1.0
2024-07-29 08:00,25.33,25.2,25.5,60,1.0
2024-07-29 09:00,25.36,25.2,25.5,60,1.0
2024-07-29 10:00,25.32,25.2,25.5,60,1.0
2024-07-29 11:00,25.3,25.1,25.5,60,1.0
2024-07-29 12:00,25.23,25.1,25.4,60,1.0
2024-07-29 13:00,25.28,25.2,25.4,60,1.0
2024-07-29 14:00,25.24,25.1,25.4,60,1.0
2024-07-29 15:00,25.21,25.1,25.4,60,1.0
2024-07-29 16:00,25.26,25.2,25.4,60,1.0
2024-07-29 17:00,25.31,25.1,25.5,60,1.0
2024-07-29 18:00,25.27,25.2,25.6,60,1.0
2024-07-29 19:00,25.27,25.2,25.4,60,1.0
2024-07-29 20:00,25.3,25.2,25.5,60,1.0
2024-07-29 21:00,25.3,25.2,25.5,60,1.0
2024-07-29 22:00,25.31,25.2,25.6,60,1.0
2024-07-29 23:00,25.36,25.2,25.6,60,1.0
2024-07-30 00:00,25.3,25.2,25.5,60,1.0
2024-07-30 01:00,25.31,25.2,25.5,60,1.0
2024-07-30 02:00,25.29,25.2,25.5,60,1.0
2024-07-30 03:00,25.31,25.2,25.5,59,0.983
2024-07-30 04:00,25.31,25.2,25.5,60,1.0
2024-07-30 05:00,25.34,25.2,25.6,60,1.0
2024-07-30 06:00,25.3,25.2,25.5,60,1.0
2024-07-30 07:00,25.26,25.1,25.5,60,1.0
2024-07-30 08:00,25.22,25.1,25.4,60,1.0
2024-07-30 09:00,25.15,25.1,25.3,60,1.0
2024-07-30 10:00,25.18,25.1,25.3,60,1.0
2024-07-30 11:00,25.15,25.0,25.3,60,1.0
2024-07-30 12:00,25.17,25.0,25.4,60,1.0
2024-07-30 13:00,25.14,25.0,25.3,59,0.983
2024-07-30 14:00,25.15,25.0,25.4,60,1.0
2024-07-30 15:00,25.17,25.1,25.3,60,1.0
2024-07-30 16:00,25.17,25.0,25.4,60,1.0
2024-07-30 17:00,25.11,25.0,25.4,60,1.0
2024-07-30 18:00,25.16,25.0,25.3,60,1.0
2024-07-30 19:00,25.17,25.0,25.3,60,1.0
2024-07-30 20:00,25.22,25.1,25.4,60,1.0
2024-07-30 21:00,25.18,25.1,25.4,60,1.0
2024-07-30 22:00,25.16,25.1,25.4,60,1.0
2024-07-30 23:00,25.18,25.1,25.3,60,1.0
2024-07-31 00:00,25.21,25.1,25.4,60,1.0
2024-07-31 01:00,25.22,25.1,25.5,60,1.0
2024-07-31 02:00,25.26,25.1,25.4,60,1.0
2024-07-31 03:00,25.26,25.1,25.5,59,0.983
2024-07-31 04:00,25.28,25.1,25.5,59,0.983
2024-07-31 05:00,25.26,25.1,25.4,60,1.0
2024-07-31 06:00,25.23,25.1,25.4,60,1.0
2024-07-31 07:00,25.18,25.0,25.4,60,1.0
2024-07-31 08:00,25.14,25.0,25.2,60,1.0
2024-07-31 09:00,25.08,24.9,25.2,59,0.983
2024-07-31 10:00,25.02,24.9,25.3,60,1.0
2024-07-31 11:00,24.98,24.9,25.1,60,1.0
2024-07-31 12:00,24.96,24.9,25.1,60,1.0
2024-07-31 13:00,25.01,24.9,25.2,60,1.0
2024-07-31 14:00,25.02,24.9,25.2,59,0.983
2024-07-31 15:00,25.06,24.9,25.2,60,1.0
2024-07-31 16:00,25.03,24.9,25.3,60,1.0
2024-07-31 17:00,25.01,24.9,25.1,60,1.0
2024-07-31 18:00,25.04,24.9,25.2,60,1.0
2024-07-31 19:00,25.1,24.9,25.3,60,1.0
2024-07-31 20:00,25.04,25.0,25.3,60,1.0
2024-07-31 21:00,25.04,25.0,25.2,60,1.0
2024-07-31 22:00,25.08,25.0,25.2,60,1.0
2024-07-31 23:00,25.11,25.0,25.3,60,1.0
2024-08-01 00:00,25.16,25.0,25.4,60,1.0
2024-08-01 01:00,25.17,25.0,25.5,60,1.0
2024-08-01 02:00,25.17,25.0,25.3,60,1.0
2024-08-01 03:00,25.12,25.0,25.3,60,1.0
2024-08-01 04:00,25.08,25.0,25.3,59,0.983
2024-08-01 05:00,25.08,25.0,25.3,60,1.0
2024-08-01 06:00,25.06,25.0,25.2,60,1.0
2024-08-01 07:00,25.11,25.0,25.3,60,1.0
2024-08-01 08:00,25.03,24.9,25.2,59,0.983
2024-08-01 09:00,25.03,24.9,25.2,56,0.933
2024-08-01 10:00,24.95,24.9,25.1,47,0.783
2024-08-01 11:00,24.92,24.8,25.1,57,0.95
2024-08-01 12:00,24.92,24.8,25.1,60,1.0
2024-08-01 13:00,24.93,24.9,25.1,60,1.0
2024-08-01 14:00,24.94,24.8,25.2,60,1.0
2024-08-01 15:00,24.96,24.8,25.2,60,1.0
2024-08-01 16:00,24.98,24.9,25.2,60,1.0
2024-08-01 17:00,24.96,24.9,25.3,60,1.0
2024-08-01 18:00,25.06,24.9,25.3,60,1.0
2024-08-01 19:00,25.0,24.9,25.1,60,1.0
2024-08-01 20:00,24.98,24.9,25.2,60,1.0
2024-08-01 21:00,25.06,24.9,25.2,60,1.0
2024-08-01 22:00,25.07,24.9,25.2,60,1.0
2024-08-01 23:00,25.08,24.9,25.2,60,1.0
2024-08-02 00:00,25.07,24.9,25.3,60,1.0
2024-08-02 01:00,25.06,24.9,25.2,60,1.0
2024-08-02 02:00,25.04,24.9,25.3,60,1.0
2024-08-02 03:00,25.02,24.9,25.2,60,1.0
2024-08-02 04:00,25.03,24.9,25.2,60,1.0
2024-08-02 05:00,25.01,24.9,25.2,60,1.0
2024-08-02 06:00,25.06,24.9,25.2,60,1.0
2024-08-02 07:00,24.99,24.9,25.1,60,1.0
2024-08-02 08:00,25.02,24.9,25.2,60,1.0
2024-08-02 09:00,24.94,24.8,25.1,60,1.0
2024-08-02 10:00,24.9,24.8,25.1,60,1.0
2024-08-02 11:00,24.85,24.8,25.0,59,0.983
2024-08-02 12:00,24.83,24.8,25.0,60,1.0
2024-08-02 13:00,24.83,24.8,24.9,60,1.0
2024-08-02 14:00,24.84,24.8,25.0,60,1.0
2024-08-02 15:00,24.87,24.8,25.2,60,1.0
2024-08-02 16:00,24.88,24.8,25.0,60,1.0
2024-08-02 17:00,24.9,24.8,25.1,60,1.0
2024-08-02 18:00,24.95,24.8,25.1,60,1.0
2024-08-02 19:00,24.91,24.8,25.1,60,1.0
2024-08-02 20:00,24.92,24.8,25.0,60,1.0
2024-08-02 21:00,24.97,24.9,25.1,55,0.917
2024-08-02 22:00,25.01,24.9,25.2,60,1.0
2024-08-02 23:00,25.01,24.9,25.1,44,0.733
2024-08-03 00:00,25.02,24.9,25.2,57,0.95
2024-08-03 01:00,24.99,24.9,25.3,59,0.983
2024-08-03 02:00,24.97,24.9,25.2,60,1.0
2024-08-03 03:00,24.98,24.8,25.2,60,1.0
2024-08-03 04:00,24.96,24.9,25.1,53,0.883
2024-08-03 05:00,24.93,24.9,25.1,49,0.817
2024-08-03 06:00,24.98,24.9,25.1,48,0.8
2024-08-03 07:00,24.95,24.8,25.1,47,0.783
2024-08-03 08:00,24.86,24.8,25.1,56,0.933
2024-08-03 09:00,24.89,24.8,25.0,60,1.0
2024-08-03 10:00,24.88,24.8,25.1,59,0.983
2024-08-03 11:00,24.83,24.7,24.9,57,0.95
2024-08-03 12:00,24.85,24.7,25.0,60,1.0
2024-08-03 13:00,24.83,24.7,25.0,57,0.95
2024-08-03 14:00,24.82,24.7,25.1,55,0.917
2024-08-03 15:00,24.83,24.7,25.0,60,1.0
2024-08-03 16:00,24.76,24.7,24.9,60,1.0
2024-08-03 17:00,24.81,24.7,24.9,59,0.983
2024-08-03 18:00,24.83,24.7,25.0,46,0.767
2024-08-03 19:00,24.85,24.8,25.0,54,0.9
2024-08-03 20:00,24.91,24.8,25.1,59,0.983
2024-08-03 21:00,24.86,24.8,25.0,60,1.0
2024-08-03 22:00,24.85,24.8,25.0,59,0.983
2024-08-03 23:00,24.88,24.8,25.1,52,0.867
2024-08-04 00:00,24.88,24.8,25.1,59,0.983
2024-08-04 01:00,24.89,24.8,25.0,60,1.0
2024-08-04 02:00,24.9,24.8,25.1,59,0.983
2024-08-04 03:00,24.94,24.8,25.1,59,0.983
2024-08-04 04:00,24.95,24.8,25.2,60,1.0
2024-08-04 05:00,24.95,24.8,25.1,60,1.0
2024-08-04 06:00,24.94,24.8,25.0,60,1.0
2024-08-04 07:00,24.87,24.8,25.1,60,1.0
2024-08-04 08:00,24.83,24.7,25.0,60,1.0
2024-08-04 09:00,24.75,24.7,25.0,58,0.967
2024-08-04 10:00,24.74,24.6,24.9,56,0.933
2024-08-04 11:00,24.7,24.6,25.1,57,0.95
2024-08-04 12:00,24.68,24.6,24.8,59,0.983
2024-08-04 13:00,24.67,24.6,24.8,56,0.933
2024-08-04 14:00,24.7,24.6,24.9,43,0.717
2024-08-04 15:00,24.74,24.6,24.9,47,0.783
2024-08-04 16:00,24.75,24.6,25.1,55,0.917
2024-08-04 17:00,24.79,24.6,25.0,60,1.0
2024-08-04 18:00,24.77,24.6,25.0,60,1.0
2024-08-04 19:00,24.74,24.7,25.0,60,1.0
2024-08-04 20:00,24.81,24.7,25.1,60,1.0
2024-08-04 21:00,24.79,24.7,25.1,60,1.0
2024-08-04 22:00,24.77,24.7,25.0,60,1.0
2024-08-04 23:00,24.8,24.7,25.0,60,1.0
2024-08-05 00:00,24.79,24.7,25.0,60,1.0
2024-08-05 01:00,24.82,24.7,25.0,60,1.0
2024-08-05 02:00,24.82,24.7,24.9,60,1.0
2024-08-05 03:00,24.83,24.7,25.0,60,1.0
2024-08-05 04:00,24.83,24.7,25.0,60,1.0
2024-08-05 05:00,24.87,24.7,25.0,60,1.0
2024-08-05 06:00,24.84,24.7,25.1,60,1.0
2024-08-05 07:00,24.8,24.7,25.0,60,1.0
2024-08-05 08:00,24.74,24.6,25.0,59,0.983
2024-08-05 09:00,24.68,24.6,24.8,60,1.0
2024-08-05 10:00,24.65,24.6,24.9,60,1.0
2024-08-05 11:00,24.64,24.5,24.8,58,0.967
2024-08-05 12:00,24.6,24.5,24.7,60,1.0
2024-08-05 13:00,24.59,24.5,24.8,60,1.0
2024-08-05 14:00,24.58,24.5,24.7,60,1.0
2024-08-05 15:00,24.61,24.5,24.8,59,0.983
2024-08-05 16:00,24.69,24.5,24.9,60,1.0
2024-08-05 17:00,24.74,24.6,24.9,60,1.0
2024-08-05 18:00,24.7,24.6,24.9,60,1.0
2024-08-05 19:00,24.7,24.6,25.0,60,1.0
2024-08-05 20:00,24.75,24.6,25.0,60,1.0
2024-08-05 21:00,24.76,24.6,25.0,60,1.0
2024-08-05 22:00,24.72,24.6,24.9,60,1.0
2024-08-05 23:00,24.72,24.6,24.9,60,1.0
2024-08-06 00:00,24.73,24.6,24.9,60,1.0
2024-08-06 01:00,24.75,24.7,24.9,60,1.0
2024-08-06 02:00,24.76,24.6,25.0,60,1.0
2024-08-06 03:00,24.76,24.6,24.9,60,1.0
2024-08-06 04:00,24.78,24.6,25.0,60,1.0
2024-08-06 05:00,24.8,24.7,24.9,60,1.0
2024-08-06 06:00,24.77,24.7,24.9,60,1.0
2024-08-06 07:00,24.72,24.6,24.9,60,1.0
2024-08-06 08:00,24.66,24.6,24.9,60,1.0
2024-08-06 09:00,24.61,24.5,24.8,59,0.983
2024-08-06 10:00,24.58,24.5,24.8,59,0.983
2024-08-06 11:00,24.58,24.5,24.8,57,0.95
2024-08-06 12:00,24.64,24.5,24.9,56,0.933
2024-08-06 13:00,24.6,24.5,24.8,59,0.983
2024-08-06 14:00,24.57,24.5,24.7,57,0.95
2024-08-06 15:00,24.64,24.5,24.8,57,0.95
2024-08-06 16:00,24.65,24.5,24.8,60,1.0
2024-08-06 17:00,24.63,24.5,24.7,60,1.0
2024-08-06 18:00,24.67,24.5,24.9,60,1.0
2024-08-06 19:00,24.64,24.5,24.9,60,1.0
2024-08-06 20:00,24.65,24.6,24.9,60,1.0
2024-08-06 21:00,24.7,24.6,24.9,60,1.0
2024-08-06 22:00,24.69,24.6,24.9,60,1.0
2024-08-06 23:00,24.65,24.6,24.9,58,0.967
2024-08-07 00:00,24.66,24.6,24.8,60,1.0
2024-08-07 01:00,24.67,24.6,24.8,59,0.983
2024-08-07 02:00,24.68,24.6,24.9,60,1.0
2024-08-07 03:00,24.68,24.6,24.9,58,0.967
2024-08-07 04:00,24.7,24.6,24.9,60,1.0
2024-08-07 05:00,24.71,24.6,24.9,58,0.967
2024-08-07 06:00,24.68,24.6,24.8,57,0.95
2024-08-07 07:00,24.66,24.6,24.9,59,0.983
2024-08-07 08:00,24.62,24.5,24.9,59,0.983
2024-08-07 09:00,24.52,24.4,24.6,56,0.933
2024-08-07 10:00,24.52,24.4,24.8,50,0.833
2024-08-07 11:00,24.54,24.4,24.7,57,0.95
2024-08-07 12:00,24.49,24.4,24.8,57,0.95
2024-08-07 13:00,24.51,24.4,24.7,59,0.983
2024-08-07 14:00,24.46,24.4,24.7,58,0.967
2024-08-07 15:00,24.49,24.4,24.6,60,1.0
2024-08-07 16:00,24.52,24.4,24.8,60,1.0
2024-08-07 17:00,24.57,24.4,24.7,59,0.983
2024-08-07 18:00,24.54,24.4,24.8,60,1.0
2024-08-07 19:00,24.56,24.4,24.7,60,1.0
2024-08-07 20:00,24.63,24.5,24.8,60,1.0
2024-08-07 21:00,24.57,24.5,24.8,60,1.0
2024-08-07 22:00,24.61,24.5,24.8,60,1.0
2024-08-07 23:00,24.62,24.5,24.8,60,1.0
2024-08-08 00:00,24.62,24.5,24.8,60,1.0
2024-08-08 01:00,24.56,24.5,24.7,60,1.0
2024-08-08 02:00,24.65,24.5,24.8,60,1.0
2024-08-08 03:00,24.66,24.6,24.8,60,1.0
2024-08-08 04:00,24.69,24.6,24.9,60,1.0
2024-08-08 05:00,24.7,24.6,24.8,60,1.0
2024-08-08 06:00,24.7,24.6,24.9,60,1.0
2024-08-08 07:00,24.68,24.6,24.9,60,1.0
2024-08-08 08:00,24.58,24.5,24.8,56,0.933
2024-08-08 09:00,24.54,24.4,24.7,59,0.983
2024-08-08 10:00,24.53,24.4,24.7,55,0.917
2024-08-08 11:00,24.54,24.4,24.7,54,0.9
2024-08-08 12:00,24.56,24.4,24.7,59,0.983
2024-08-08 13:00,24.55,24.4,24.7,59,0.983
2024-08-08 14:00,24.48,24.4,24.7,60,1.0
2024-08-08 15:00,24.47,24.4,24.7,59,0.983
2024-08-08 16:00,24.51,24.4,24.7,59,0.983
2024-08-08 17:00,24.59,24.5,24.8,59,0.983
2024-08-08 18:00,24.61,24.5,24.8,60,1.0
2024-08-08 19:00,24.57,24.4,24.7,60,1.0
2024-08-08 20:00,24.55,24.5,24.7,8,0.133
2024-08-09 08:00,24.53,24.4,24.7,40,0.667
2024-08-09 09:00,24.46,24.4,24.6,60,1.0
2024-08-09 10:00,24.45,24.4,24.6,59,0.983
2024-08-09 11:00,24.43,24.4,24.6,59,0.983
2024-08-09 12:00,24.42,24.3,24.5,59,0.983
2024-08-09 13:00,24.42,24.3,24.6,59,0.983
2024-08-09 14:00,24.45,24.4,24.6,60,1.0
2024-08-09 15:00,24.44,24.3,24.6,60,1.0
2024-08-09 16:00,24.42,24.4,24.5,60,1.0
2024-08-09 17:00,24.43,24.4,24.6,60,1.0
2024-08-09 18:00,24.51,24.4,24.7,60,1.0
2024-08-09 19:00,24.56,24.4,24.8,60,1.0
2024-08-09 20:00,24.59,24.4,24.7,59,0.983
2024-08-09 21:00,24.54,24.4,24.7,59,0.983
2024-08-09 22:00,24.54,24.4,24.7,60,1.0
2024-08-09 23:00,24.58,24.5,24.8,60,1.0
2024-08-10 00:00,24.61,24.5,24.8,60,1.0
2024-08-10 01:00,24.59,24.5,24.7,60,1.0
2024-08-10 02:00,24.59,24.5,24.8,60,1.0
2024-08-10 03:00,24.55,24.5,24.7,60,1.0
2024-08-10 04:00,24.56,24.5,24.8,51,0.85
2024-08-10 05:00,24.56,24.5,24.7,51,0.85
2024-08-10 06:00,24.56,24.5,24.9,60,1.0
2024-08-10 07:00,24.57,24.5,24.8,59,0.983
2024-08-10 08:00,24.46,24.4,24.6,54,0.9
2024-08-10 09:00,24.46,24.3,24.6,56,0.933
2024-08-10 10:00,24.43,24.3,24.6,59,0.983
2024-08-10 11:00,24.45,24.3,24.6,58,0.967
2024-08-10 12:00,24.36,24.3,24.5,59,0.983
2024-08-10 13:00,24.34,24.3,24.6,60,1.0
2024-08-10 14:00,24.38,24.3,24.5,59,0.983
2024-08-10 15:00,24.36,24.3,24.6,60,1.0
2024-08-10 16:00,24.4,24.3,24.6,60,1.0
2024-08-10 17:00,24.35,24.3,24.6,60,1.0
2024-08-10 18:00,24.36,24.3,24.6,60,1.0
2024-08-10 19:00,24.39,24.3,24.6,60,1.0
2024-08-10 20:00,24.47,24.3,24.6,60,1.0
2024-08-10 21:00,24.44,24.3,24.6,60,1.0
2024-08-10 22:00,24.47,24.3,24.7,60,1.0
2024-08-10 23:00,24.49,24.4,24.6,60,1.0
2024-08-11 00:00,24.52,24.4,24.7,60,1.0
2024-08-11 01:00,24.48,24.3,24.7,60,1.0
2024-08-11 02:00,24.45,24.4,24.7,60,1.0
2024-08-11 03:00,24.43,24.3,24.7,60,1.0
2024-08-11 04:00,24.38,24.3,24.5,60,1.0
2024-08-11 05:00,24.39,24.3,24.5,60,1.0
2024-08-11 06:00,24.43,24.3,24.6,60,1.0
2024-08-11 07:00,24.38,24.3,24.6,60,1.0
2024-08-11 08:00,24.35,24.2,24.5,60,1.0
2024-08-11 09:00,24.34,24.2,24.5,58,0.967
2024-08-11 10:00,24.31,24.2,24.5,60,1.0
2024-08-11 11:00,24.26,24.2,24.5,59,0.983
2024-08-11 12:00,24.23,24.1,24.5,59,0.983
2024-08-11 13:00,24.19,24.1,24.3,59,0.983
2024-08-11 14:00,24.2,24.1,24.3,59,0.983
2024-08-11 15:00,24.25,24.1,24.6,59,0.983
2024-08-11 16:00,24.26,24.1,24.4,60,1.0
2024-08-11 17:00,24.21,24.1,24.4,58,0.967
2024-08-11 18:00,24.3,24.2,24.4,60,1.0
2024-08-11 19:00,24.36,24.2,24.4,60,1.0
2024-08-11 20:00,24.35,24.2,24.5,60,1.0
2024-08-11 21:00,24.3,24.2,24.5,60,1.0
2024-08-11 22:00,24.32,24.2,24.6,60,1.0
2024-08-11 23:00,24.37,24.2,24.6,60,1.0
2024-08-12 00:00,24.38,24.2,24.6,60,1.0
2024-08-12 01:00,24.39,24.3,24.5,60,1.0
2024-08-12 02:00,24.39,24.3,24.6,60,1.0
2024-08-12 03:00,24.35,24.2,24.5,60,1.0
2024-08-12 04:00,24.37,24.3,24.6,60,1.0
2024-08-12 05:00,24.33,24.2,24.5,60,1.0
2024-08-12 06:00,24.32,24.2,24.5,49,0.817
2024-08-12 07:00,24.34,24.2,24.5,52,0.867
2024-08-12 08:00,24.24,24.2,24.4,59,0.983
2024-08-12 09:00,24.23,24.1,24.4,55,0.917
2024-08-12 10:00,24.2,24.1,24.5,54,0.9
2024-08-12 11:00,24.24,24.1,24.4,60,1.0
2024-08-12 12:00,24.2,24.1,24.5,58,0.967
2024-08-12 13:00,24.14,24.1,24.3,56,0.933
2024-08-12 14:00,24.13,24.1,24.4,58,0.967
2024-08-12 15:00,24.17,24.1,24.3,56,0.933
2024-08-12 16:00,24.19,24.1,24.4,59,0.983
2024-08-12 17:00,24.21,24.1,24.4,60,1.0
2024-08-12 18:00,24.29,24.2,24.4,60,1.0
2024-08-12 19:00,24.29,24.1,24.5,59,0.983
2024-08-12 20:00,24.24,24.2,24.4,60,1.0
2024-08-12 21:00,24.28,24.2,24.5,60,1.0
2024-08-12 22:00,24.32,24.2,24.5,60,1.0
2024-08-12 23:00,24.34,24.2,24.5,60,1.0
2024-08-13 00:00,24.31,24.2,24.4,60,1.0
2024-08-13 01:00,24.32,24.2,24.5,60,1.0
2024-08-13 02:00,24.31,24.2,24.6,60,1.0
2024-08-13 03:00,24.28,24.2,24.5,60,1.0
2024-08-13 04:00,24.29,24.2,24.6,60,1.0
2024-08-13 05:00,24.28,24.2,24.4,60,1.0
2024-08-13 06:00,24.3,24.2,24.5,60,1.0
2024-08-13 07:00,24.29,24.2,24.5,60,1.0
2024-08-13 08:00,24.24,24.1,24.4,60,1.0
2024-08-13 09:00,24.18,24.1,24.3,60,1.0
2024-08-13 10:00,24.13,24.1,24.4,55,0.917
2024-08-13 11:00,24.12,24.0,24.4,59,0.983
2024-08-13 12:00,24.1,24.0,24.2,58,0.967
2024-08-13 13:00,24.08,24.0,24.2,59,0.983
2024-08-13 14:00,24.14,24.0,24.3,57,0.95
2024-08-13 15:00,24.1,24.0,24.2,58,0.967
2024-08-13 16:00,24.12,24.0,24.4,60,1.0
2024-08-13 17:00,24.14,24.1,24.3,60,1.0
2024-08-13 18:00,24.22,24.1,24.4,60,1.0
2024-08-13 19:00,24.24,24.1,24.4,60,1.0
2024-08-13 20:00,24.21,24.1,24.3,60,1.0
2024-08-13 21:00,24.22,24.1,24.4,60,1.0
2024-08-13 22:00,24.19,24.1,24.4,60,1.0
2024-08-13 23:00,24.2,24.1,24.3,60,1.0
2024-08-14 00:00,24.25,24.1,24.4,60,1.0
2024-08-14 01:00,24.28,24.1,24.5,60,1.0
2024-08-14 02:00,24.28,24.1,24.4,60,1.0
2024-08-14 03:00,24.27,24.1,24.4,60,1.0
2024-08-14 04:00,24.27,24.1,24.4,60,1.0
2024-08-14 05:00,24.24,24.1,24.4,60,1.0
2024-08-14 06:00,24.23,24.1,24.4,60,1.0
2024-08-14 07:00,24.22,24.1,24.4,60,1.0
2024-08-14 08:00,24.19,24.1,24.4,59,0.983
2024-08-14 09:00,24.15,24.0,24.3,58,0.967
2024-08-14 10:00,24.06,24.0,24.2,57,0.95
2024-08-14 11:00,24.07,24.0,24.6,59,0.983
2024-08-14 12:00,24.05,24.0,24.3,57,0.95
2024-08-14 13:00,24.05,24.0,24.2,50,0.833
2024-08-14 14:00,24.06,24.0,24.2,54,0.9
2024-08-14 15:00,24.06,24.0,24.1,59,0.983
2024-08-14 16:00,24.09,24.0,24.3,60,1.0
2024-08-14 17:00,24.14,24.0,24.3,60,1.0
2024-08-14 18:00,24.21,24.1,24.4,60,1.0
2024-08-14 19:00,24.18,24.1,24.4,60,1.0
2024-08-14 20:00,24.13,24.1,24.4,60,1.0
2024-08-14 21:00,24.17,24.1,24.4,60,1.0
2024-08-14 22:00,24.17,24.1,24.3,60,1.0
2024-08-14 23:00,24.2,24.1,24.5,60,1.0
2024-08-15 00:00,24.24,24.1,24.5,60,1.0
2024-08-15 01:00,24.23,24.1,24.4,60,1.0
2024-08-15 02:00,24.19,24.1,24.4,60,1.0
2024-08-15 03:00,24.18,24.1,24.4,60,1.0
2024-08-15 04:00,24.18,24.1,24.4,60,1.0
2024-08-15 05:00,24.16,24.1,24.3,60,1.0
2024-08-15 06:00,24.16,24.1,24.4,60,1.0
2024-08-15 07:00,24.2,24.1,24.4,60,1.0
2024-08-15 08:00,24.13,24.0,24.3,60,1.0
2024-08-15 09:00,24.07,23.9,24.3,58,0.967
2024-08-15 10:00,24.05,23.9,24.2,57,0.95
2024-08-15 11:00,24.01,23.9,24.2,59,0.983
2024-08-15 12:00,23.98,23.9,24.2,57,0.95
2024-08-15 13:00,23.99,23.9,24.2,58,0.967
2024-08-15 14:00,24.01,23.9,24.1,59,0.983
2024-08-15 15:00,24.05,23.9,24.2,60,1.0
2024-08-15 16:00,23.99,23.9,24.1,60,1.0
2024-08-15 17:00,23.98,23.9,24.1,60,1.0
2024-08-15 18:00,24.05,23.9,24.2,60,1.0
2024-08-15 19:00,24.11,24.0,24.3,60,1.0
2024-08-15 20:00,24.12,24.0,24.2,60,1.0
2024-08-15 21:00,24.13,24.0,24.3,60,1.0
2024-08-15 22:00,24.1,24.0,24.2,60,1.0
2024-08-15 23:00,24.04,24.0,24.2,60,1.0
2024-08-16 00:00,24.03,24.0,24.2,60,1.0
2024-08-16 01:00,24.03,24.0,24.2,60,1.0
2024-08-16 02:00,24.07,24.0,24.3,60,1.0
2024-08-16 03:00,24.11,24.0,24.3,60,1.0
2024-08-16 04:00,24.12,24.0,24.3,60,1.0
2024-08-16 05:00,24.12,24.0,24.5,60,1.0
2024-08-16 06:00,24.1,24.0,24.3,60,1.0
2024-08-16 07:00,24.1,24.0,24.3,60,1.0
2024-08-16 08:00,24.03,23.9,24.3,60,1.0
2024-08-16 09:00,24.01,23.9,24.1,58,0.967
2024-08-16 10:00,24.02,23.9,24.1,59,0.983
2024-08-16 11:00,24.01,23.9,24.2,59,0.983
2024-08-16 12:00,23.95,23.8,24.1,59,0.983
2024-08-16 13:00,23.96,23.8,24.2,54,0.9
2024-08-16 14:00,23.95,23.8,24.1,50,0.833
2024-08-16 15:00,23.96,23.8,24.1,60,1.0
2024-08-16 16:00,23.96,23.9,24.1,59,0.983
2024-08-16 17:00,23.92,23.9,24.1,60,1.0
2024-08-16 18:00,23.98,23.9,24.2,60,1.0
2024-08-16 19:00,24.02,23.9,24.2,60,1.0
2024-08-16 20:00,23.98,23.9,24.1,60,1.0
2024-08-16 21:00,24.04,23.9,24.2,60,1.0
2024-08-16 22:00,24.09,23.9,24.4,60,1.0
2024-08-16 23:00,24.0,23.9,24.2,60,1.0
2024-08-17 00:00,24.0,23.9,24.1,60,1.0
2024-08-17 01:00,24.0,23.9,24.3,60,1.0
2024-08-17 02:00,24.02,23.9,24.2,60,1.0
2024-08-17 03:00,24.04,23.9,24.2,60,1.0
2024-08-17 04:00,24.05,23.9,24.4,60,1.0
2024-08-17 05:00,24.06,23.9,24.3,60,1.0
2024-08-17 06:00,24.02,23.9,24.2,60,1.0
2024-08-17 07:00,24.05,23.9,24.4,60,1.0
2024-08-17 08:00,23.98,23.9,24.2,60,1.0
2024-08-17 09:00,23.94,23.8,24.1,60,1.0
2024-08-17 10:00,23.93,23.8,24.1,60,1.0
2024-08-17 11:00,23.93,23.8,24.1,60,1.0
2024-08-17 12:00,23.93,23.8,24.1,60,1.0
2024-08-17 13:00,23.92,23.8,24.0,59,0.983
2024-08-17 14:00,23.94,23.8,24.2,60,1.0
2024-08-17 15:00,23.94,23.8,24.1,60,1.0
2024-08-17 16:00,23.88,23.8,24.1,59,0.983
2024-08-17 17:00,23.89,23.8,24.1,60,1.0
2024-08-17 18:00,23.92,23.8,24.1,60,1.0
2024-08-17 19:00,23.98,23.8,24.1,60,1.0
2024-08-17 20:00,24.01,23.9,24.1,60,1.0
2024-08-17 21:00,23.99,23.9,24.2,60,1.0
2024-08-17 22:00,23.95,23.9,24.1,60,1.0
2024-08-17 23:00,23.94,23.9,24.1,60,1.0
2024-08-18 00:00,23.94,23.9,24.1,60,1.0
2024-08-18 01:00,23.94,23.9,24.1,60,1.0
2024-08-18 02:00,23.96,23.9,24.1,60,1.0
2024-08-18 03:00,23.98,23.9,24.2,60,1.0
2024-08-18 04:00,23.99,23.9,24.2,60,1.0
2024-08-18 05:00,24.23,23.9,24.8,60,1.0
2024-08-18 06:00,24.41,24.3,24.6,60,1.0
2024-08-18 07:00,24.39,24.3,24.7,60,1.0
2024-08-18 08:00,24.36,24.2,24.7,60,1.0
2024-08-18 09:00,24.36,24.3,24.5,59,0.983
2024-08-18 10:00,24.42,24.3,24.6,60,1.0
2024-08-18 11:00,24.47,24.3,24.6,59,0.983
2024-08-18 12:00,24.43,24.3,24.5,57,0.95
2024-08-18 13:00,24.66,24.4,25.0,55,0.917
2024-08-18 14:00,24.64,24.5,24.8,49,0.817
2024-08-18 15:00,24.65,24.5,24.8,55,0.917
2024-08-18 16:00,24.62,24.5,24.8,60,1.0
2024-08-18 17:00,24.64,24.5,24.8,60,1.0
2024-08-18 18:00,24.66,24.5,24.8,60,1.0
2024-08-18 19:00,24.52,24.4,24.7,60,1.0
2024-08-18 20:00,24.48,24.4,24.7,59,0.983
2024-08-18 21:00,24.56,24.4,24.7,60,1.0
2024-08-18 22:00,24.57,24.4,24.7,60,1.0
2024-08-18 23:00,24.55,24.4,24.8,59,0.983
2024-08-19 00:00,24.56,24.4,24.7,60,1.0
2024-08-19 01:00,24.56,24.4,24.7,60,1.0
2024-08-19 02:00,24.56,24.4,24.7,60,1.0
2024-08-19 03:00,24.55,24.4,24.8,60,1.0
2024-08-19 04:00,24.52,24.4,24.7,60,1.0
2024-08-19 05:00,24.53,24.4,24.8,60,1.0
2024-08-19 06:00,24.62,24.4,24.8,59,0.983
2024-08-19 07:00,24.59,24.4,24.8,60,1.0
2024-08-19 08:00,24.59,24.4,24.8,59,0.983
2024-08-19 09:00,24.72,24.6,24.9,60,1.0
2024-08-19 10:00,24.72,24.6,24.8,60,1.0
2024-08-19 11:00,24.71,24.6,24.9,57,0.95
2024-08-19 12:00,24.71,24.5,24.9,57,0.95
2024-08-19 13:00,24.71,24.6,24.8,60,1.0
2024-08-19 14:00,24.7,24.5,24.8,60,1.0
2024-08-19 15:00,24.66,24.5,24.8,51,0.85
2024-08-19 16:00,24.68,24.5,24.9,57,0.95
2024-08-19 17:00,24.69,24.5,24.9,50,0.833
2024-08-19 18:00,24.64,24.5,24.9,59,0.983
2024-08-19 19:00,24.58,24.5,24.8,57,0.95
2024-08-19 20:00,24.62,24.5,24.8,60,1.0
2024-08-19 21:00,24.65,24.5,24.9,60,1.0
2024-08-19 22:00,24.7,24.5,24.8,60,1.0
2024-08-19 23:00,24.68,24.5,24.9,60,1.0
2024-08-20 00:00,24.7,24.6,24.8,60,1.0
2024-08-20 11:00,24.41,24.3,24.5,52,0.867
2024-08-20 12:00,24.38,24.3,24.6,60,1.0
2024-08-20 13:00,24.35,24.3,24.4,59,0.983
2024-08-20 14:00,24.35,24.3,24.5,60,1.0
2024-08-20 15:00,24.38,24.3,24.6,58,0.967
2024-08-20 16:00,24.44,24.3,24.7,53,0.883
2024-08-20 17:00,24.46,24.3,24.6,59,0.983
2024-08-20 18:00,24.46,24.3,24.8,60,1.0
2024-08-20 19:00,24.49,24.3,24.8,60,1.0
2024-08-20 20:00,24.42,24.3,24.6,60,1.0
2024-08-20 21:00,24.46,24.3,24.6,60,1.0
2024-08-20 22:00,24.47,24.3,24.6,60,1.0
2024-08-20 23:00,24.48,24.3,24.6,60,1.0
2024-08-21 00:00,24.46,24.3,24.7,60,1.0
2024-08-21 01:00,24.46,24.3,24.6,60,1.0
2024-08-21 02:00,24.46,24.3,24.7,60,1.0
2024-08-21 03:00,24.43,24.3,24.6,60,1.0
2024-08-21 04:00,24.42,24.3,24.6,58,0.967
2024-08-21 05:00,24.43,24.3,24.6,60,1.0
2024-08-21 06:00,24.41,24.3,24.6,59,0.983
2024-08-21 07:00,24.48,24.3,24.6,60,1.0
2024-08-21 08:00,24.6,24.4,24.8,60,1.0
2024-08-21 09:00,24.56,24.5,24.7,59,0.983
2024-08-21 10:00,24.53,24.5,24.7,59,0.983
2024-08-21 11:00,24.55,24.5,24.8,60,1.0
2024-08-21 12:00,24.53,24.4,24.8,60,1.0
2024-08-21 13:00,24.5,24.4,24.6,60,1.0
2024-08-21 14:00,24.52,24.4,24.6,60,1.0
2024-08-21 15:00,24.52,24.4,24.6,60,1.0
2024-08-21 16:00,24.52,24.4,24.8,60,1.0
2024-08-21 17:00,24.55,24.5,24.8,60,1.0
2024-08-21 18:00,24.56,24.4,24.8,60,1.0
2024-08-21 19:00,24.66,24.5,24.8,60,1.0
2024-08-21 20:00,24.64,24.5,24.8,60,1.0
2024-08-21 21:00,24.59,24.0,25.3,60,1.0
2024-08-21 22:00,24.57,24.5,24.8,59,0.983
2024-08-21 23:00,24.59,24.5,24.9,60,1.0
2024-08-22 00:00,24.62,24.5,24.9,60,1.0
2024-08-22 01:00,24.68,24.5,25.0,58,0.967
2024-08-22 02:00,24.69,24.5,24.9,60,1.0
2024-08-22 03:00,24.7,24.5,25.1,60,1.0
2024-08-22 04:00,24.68,24.5,24.9,60,1.0
2024-08-22 05:00,24.69,24.5,24.9,60,1.0
2024-08-22 06:00,24.68,24.5,24.9,60,1.0
2024-08-22 07:00,24.63,24.5,24.9,60,1.0
2024-08-22 08:00,24.6,24.5,24.8,60,1.0
2024-08-22 09:00,24.61,24.5,24.7,47,0.783
2024-08-22 10:00,24.52,24.4,24.8,46,0.767
2024-08-22 11:00,24.45,24.3,24.6,45,0.75
2024-08-22 12:00,24.36,24.3,24.5,56,0.933
2024-08-22 13:00,24.36,24.3,24.5,60,1.0
2024-08-22 14:00,24.43,24.3,24.5,60,1.0
2024-08-22 15:00,24.43,24.3,24.5,60,1.0
2024-08-22 16:00,24.37,24.3,24.6,60,1.0
2024-08-22 17:00,24.42,24.3,24.8,60,1.0
2024-08-22 18:00,24.48,24.3,24.6,60,1.0
2024-08-22 19:00,24.5,24.4,24.7,60,1.0
2024-08-22 20:00,24.49,24.4,24.9,60,1.0
2024-08-22 21:00,24.44,24.3,24.6,60,1.0
2024-08-22 22:00,24.42,24.3,24.6,60,1.0
2024-08-22 23:00,24.41,24.3,24.6,60,1.0
2024-08-23 00:00,24.42,24.4,24.6,60,1.0
2024-08-23 01:00,24.44,24.3,24.7,60,1.0
2024-08-23 02:00,24.44,24.3,24.7,60,1.0
2024-08-23 03:00,24.44,24.3,24.7,60,1.0
2024-08-23 04:00,24.44,24.4,24.6,60,1.0
2024-08-23 05:00,24.48,24.4,24.8,60,1.0
2024-08-23 06:00,24.46,24.3,24.7,60,1.0
2024-08-23 07:00,24.48,24.3,24.7,60,1.0
2024-08-23 08:00,24.38,24.3,24.5,60,1.0
2024-08-23 09:00,24.4,24.3,24.5,60,1.0
2024-08-23 10:00,24.4,24.3,24.6,60,1.0
2024-08-23 11:00,24.4,24.3,24.5,58,0.967
2024-08-23 12:00,24.37,24.2,24.5,58,0.967
2024-08-23 13:00,24.37,24.2,24.5,59,0.983
2024-08-23 14:00,24.36,24.2,24.5,58,0.967
2024-08-23 15:00,24.36,24.2,24.6,60,1.0
2024-08-23 16:00,24.38,24.2,24.6,60,1.0
2024-08-23 17:00,24.33,24.2,24.5,60,1.0
2024-08-23 18:00,24.33,24.2,24.5,60,1.0
2024-08-23 19:00,24.36,24.3,24.5,57,0.95
2024-08-23 20:00,24.43,24.3,24.6,6,0.1
2024-08-24 11:00,24.27,24.2,24.4,13,0.217
2024-08-24 12:00,24.3,24.1,24.5,60,1.0
2024-08-24 13:00,24.28,24.1,24.5,60,1.0
2024-08-24 14:00,24.29,24.2,24.5,60,1.0
2024-08-24 15:00,24.25,24.2,24.4,59,0.983
2024-08-24 16:00,24.3,24.2,24.5,60,1.0
2024-08-24 17:00,24.35,24.2,24.6,60,1.0
2024-08-24 18:00,24.35,24.2,24.5,57,0.95
2024-08-24 19:00,24.28,24.2,24.4,60,1.0
2024-08-24 20:00,24.3,24.2,24.5,60,1.0
2024-08-24 21:00,24.38,24.2,24.6,60,1.0
2024-08-24 22:00,24.41,24.2,24.5,60,1.0
2024-08-24 23:00,24.38,24.3,24.5,60,1.0
2024-08-25 00:00,24.36,24.3,24.6,60,1.0
2024-08-25 01:00,24.32,24.2,24.4,60,1.0
2024-08-25 02:00,24.31,24.2,24.4,60,1.0
2024-08-25 03:00,24.31,24.2,24.4,60,1.0
2024-08-25 04:00,24.32,24.3,24.6,60,1.0
2024-08-25 05:00,24.31,24.2,24.5,59,0.983
2024-08-25 06:00,24.32,24.2,24.5,60,1.0
2024-08-25 07:00,24.35,24.2,24.5,60,1.0
2024-08-25 08:00,24.28,24.1,24.4,60,1.0
2024-08-25 09:00,24.25,24.2,24.5,59,0.983
2024-08-25 10:00,24.27,24.1,24.4,59,0.983
2024-08-25 11:00,24.29,24.1,24.5,60,1.0
2024-08-25 12:00,24.28,24.1,24.5,60,1.0
2024-08-25 13:00,24.16,24.1,24.4,60,1.0
2024-08-25 14:00,24.24,24.1,24.5,60,1.0
2024-08-25 15:00,24.17,24.1,24.3,60,1.0
2024-08-25 16:00,24.13,24.1,24.3,60,1.0
2024-08-25 17:00,24.14,24.1,24.2,60,1.0
2024-08-25 18:00,24.22,24.1,24.4,60,1.0
2024-08-25 19:00,24.2,24.1,24.4,60,1.0
2024-08-25 20:00,24.17,24.1,24.3,60,1.0
2024-08-25 21:00,24.23,24.1,24.4,54,0.9
2024-08-25 22:00,24.31,24.2,24.4,49,0.817
2024-08-25 23:00,24.29,24.1,24.5,60,1.0
2024-08-26 00:00,24.25,24.1,24.5,60,1.0
2024-08-26 01:00,24.2,24.1,24.4,60,1.0
2024-08-26 02:00,24.22,24.1,24.4,60,1.0
2024-08-26 03:00,24.2,24.1,24.4,60,1.0
2024-08-26 04:00,24.2,24.1,24.5,60,1.0
2024-08-26 05:00,24.2,24.1,24.3,60,1.0
2024-08-26 06:00,24.21,24.1,24.4,60,1.0
2024-08-26 07:00,24.24,24.1,24.4,60,1.0
2024-08-26 08:00,24.2,24.1,24.4,60,1.0
2024-08-26 09:00,24.16,24.1,24.3,60,1.0
2024-08-26 10:00,24.18,24.1,24.3,57,0.95
2024-08-26 11:00,24.2,24.1,24.4,58,0.967
2024-08-26 12:00,24.17,24.0,24.3,58,0.967
2024-08-26 13:00,24.12,24.0,24.3,60,1.0
2024-08-26 14:00,24.12,24.0,24.3,59,0.983
2024-08-26 15:00,24.11,24.0,24.2,60,1.0
2024-08-26 16:00,24.13,24.0,24.3,60,1.0
2024-08-26 17:00,24.14,24.1,24.3,60,1.0
2024-08-26 18:00,24.12,24.1,24.2,60,1.0
2024-08-26 19:00,24.14,24.1,24.4,60,1.0
2024-08-26 20:00,24.16,24.1,24.3,60,1.0
2024-08-26 21:00,24.24,24.1,24.4,60,1.0
2024-08-26 22:00,24.27,24.2,24.4,60,1.0
2024-08-26 23:00,24.24,24.1,24.4,60,1.0
2024-08-27 00:00,24.2,24.1,24.4,60,1.0
2024-08-27 01:00,24.2,24.1,24.4,60,1.0
2024-08-27 02:00,24.19,24.1,24.3,60,1.0
2024-08-27 03:00,24.19,24.1,24.4,60,1.0
2024-08-27 04:00,24.19,24.1,24.3,60,1.0
2024-08-27 05:00,24.2,24.1,24.4,60,1.0
2024-08-27 06:00,24.24,24.1,24.5,60,1.0
2024-08-27 07:00,24.21,24.1,24.4,60,1.0
2024-08-27 08:00,24.17,24.1,24.3,60,1.0
2024-08-27 09:00,24.15,24.1,24.3,60,1.0
2024-08-27 10:00,24.2,24.1,24.3,60,1.0
2024-08-27 11:00,24.16,24.0,24.3,60,1.0
2024-08-27 12:00,24.11,24.0,24.3,60,1.0
2024-08-27 13:00,24.03,24.0,24.3,58,0.967
2024-08-27 14:00,24.03,24.0,24.1,60,1.0
2024-08-27 15:00,24.07,24.0,24.2,60,1.0
2024-08-27 16:00,24.14,24.0,24.3,60,1.0
2024-08-27 17:00,24.1,24.0,24.3,60,1.0
2024-08-27 18:00,24.07,24.0,24.3,60,1.0
2024-08-27 19:00,24.08,24.0,24.2,60,1.0
2024-08-27 20:00,24.11,24.0,24.3,60,1.0
2024-08-27 21:00,24.17,24.0,24.3,60,1.0
2024-08-27 22:00,24.18,24.0,24.4,60,1.0
2024-08-27 23:00,24.22,24.1,24.4,60,1.0
2024-08-28 00:00,24.17,24.1,24.3,57,0.95
2024-08-28 01:00,24.12,24.0,24.3,52,0.867
2024-08-28 02:00,24.11,24.0,24.3,54,0.9
2024-08-28 03:00,24.12,24.1,24.3,56,0.933
2024-08-28 04:00,24.11,24.0,24.3,60,1.0
2024-08-28 05:00,24.11,24.0,24.2,60,1.0
2024-08-28 06:00,24.11,24.0,24.3,60,1.0
2024-08-28 07:00,24.15,24.0,24.3,60,1.0
2024-08-28 08:00,24.12,24.0,24.3,60,1.0
2024-08-28 09:00,24.05,24.0,24.2,60,1.0
2024-08-28 10:00,24.0,23.9,24.1,60,1.0
2024-08-28 11:00,24.0,23.9,24.2,59,0.983
2024-08-28 12:00,23.93,23.9,24.1,59,0.983
2024-08-28 13:00,23.96,23.9,24.2,60,1.0
2024-08-28 14:00,23.95,23.9,24.1,60,1.0
2024-08-28 15:00,24.02,23.9,24.2,60,1.0
2024-08-28 16:00,24.0,23.9,24.1,60,1.0
2024-08-28 17:00,24.0,23.9,24.2,60,1.0
2024-08-28 18:00,24.08,23.9,24.4,60,1.0
2024-08-28 19:00,24.04,23.9,24.2,60,1.0
2024-08-28 20:00,24.01,23.9,24.2,60,1.0
2024-08-28 21:00,24.05,24.0,24.2,60,1.0
2024-08-28 22:00,24.11,24.0,24.3,60,1.0
2024-08-28 23:00,24.14,24.0,24.4,60,1.0
2024-08-29 00:00,24.1,24.0,24.3,60,1.0
2024-08-29 01:00,24.06,24.0,24.3,60,1.0
2024-08-29 02:00,24.03,24.0,24.1,53,0.883
2024-08-29 03:00,24.04,24.0,24.2,59,0.983
2024-08-29 04:00,24.04,23.9,24.2,59,0.983
2024-08-29 05:00,24.06,24.0,24.2,60,1.0
2024-08-29 06:00,24.04,24.0,24.2,60,1.0
2024-08-29 07:00,24.1,24.0,24.3,60,1.0
2024-08-29 08:00,24.07,23.9,24.3,60,1.0
2024-08-29 09:00,24.04,23.9,24.2,59,0.983
2024-08-29 10:00,24.02,23.9,24.2,59,0.983
2024-08-29 11:00,24.02,23.9,24.3,60,1.0
2024-08-29 12:00,24.03,23.9,24.1,58,0.967
2024-08-29 13:00,24.01,23.9,24.2,58,0.967
2024-08-29 14:00,23.92,23.9,24.1,59,0.983
2024-08-29 15:00,23.96,23.9,24.2,60,1.0
2024-08-29 16:00,24.03,23.9,24.2,59,0.983
2024-08-29 17:00,24.0,23.9,24.2,60,1.0
2024-08-29 18:00,23.98,23.9,24.2,60,1.0
2024-08-29 19:00,23.96,23.9,24.1,60,1.0
2024-08-29 20:00,24.05,23.9,24.2,60,1.0
2024-08-29 21:00,24.08,23.9,24.3,60,1.0
2024-08-29 22:00,24.04,23.9,24.1,60,1.0
2024-08-29 23:00,24.01,23.9,24.2,60,1.0
2024-08-30 00:00,24.02,23.9,24.2,60,1.0
2024-08-30 01:00,24.0,23.9,24.2,60,1.0
2024-08-30 02:00,24.01,23.9,24.1,60,1.0
2024-08-30 03:00,24.0,23.9,24.1,60,1.0
2024-08-30 04:00,24.0,23.9,24.1,60,1.0
2024-08-30 05:00,24.0,23.9,24.1,60,1.0
2024-08-30 06:00,24.01,23.9,24.2,60,1.0
2024-08-30 07:00,24.02,23.9,24.2,60,1.0
2024-08-30 08:00,24.02,23.9,24.2,60,1.0
2024-08-30 09:00,23.98,23.9,24.1,55,0.917
2024-08-30 10:00,24.01,23.9,24.3,57,0.95
2024-08-30 11:00,23.98,23.8,24.1,59,0.983
2024-08-30 12:00,23.98,23.9,24.1,59,0.983
2024-08-30 13:00,23.95,23.8,24.2,60,1.0
2024-08-30 14:00,23.9,23.8,24.1,60,1.0
2024-08-30 15:00,23.92,23.8,24.2,60,1.0
2024-08-30 16:00,23.93,23.8,24.1,60,1.0
2024-08-30 17:00,23.98,23.8,24.2,59,0.983
2024-08-30 18:00,23.97,23.8,24.2,59,0.983
2024-08-30 19:00,23.93,23.8,24.1,60,1.0
2024-08-30 20:00,23.92,23.9,24.0,60,1.0
2024-08-30 21:00,23.96,23.9,24.1,60,1.0
2024-08-30 22:00,24.01,23.9,24.2,60,1.0
2024-08-30 23:00,24.05,24.0,24.2,60,1.0
2024-08-31 00:00,24.03,23.9,24.2,60,1.0
2024-08-31 01:00,23.98,23.9,24.1,59,0.983
2024-08-31 02:00,23.96,23.9,24.1,60,1.0
2024-08-31 03:00,23.94,23.9,24.1,58,0.967
2024-08-31 04:00,23.94,23.9,24.1,60,1.0
2024-08-31 05:00,23.94,23.9,24.1,60,1.0
2024-08-31 06:00,23.93,23.9,24.1,60,1.0
2024-08-31 07:00,23.98,23.9,24.2,60,1.0
2024-08-31 08:00,23.98,23.8,24.1,60,1.0
2024-08-31 09:00,23.87,23.8,24.0,60,1.0
2024-08-31 10:00,23.86,23.8,24.1,59,0.983
2024-08-31 11:00,23.85,23.8,24.0,59,0.983
2024-08-31 12:00,23.81,23.7,23.9,60,1.0
2024-08-31 13:00,23.83,23.7,24.1,60,1.0
2024-08-31 14:00,23.92,23.8,24.0,60,1.0
2024-08-31 15:00,23.85,23.7,24.0,56,0.933
2024-08-31 16:00,23.84,23.8,24.0,45,0.75
2024-08-31 17:00,23.91,23.8,24.0,58,0.967
2024-08-31 18:00,23.86,23.8,24.0,60,1.0
2024-08-31 19:00,23.86,23.8,24.1,60,1.0
2024-08-31 20:00,23.88,23.8,24.1,60,1.0
2024-08-31 21:00,23.95,23.8,24.1,60,1.0
2024-08-31 22:00,23.99,23.8,24.2,60,1.0
2024-08-31 23:00,24.0,23.9,24.1,59,0.983
2024-09-01 00:00,24.0,23.9,24.1,60,1.0
2024-09-01 01:00,23.97,23.9,24.1,60,1.0
2024-09-01 02:00,23.99,23.9,24.2,60,1.0
2024-09-01 03:00,23.97,23.9,24.1,60,1.0
2024-09-01 04:00,23.96,23.9,24.1,60,1.0
2024-09-01 05:00,23.93,23.8,24.1,60,1.0
2024-09-01 06:00,23.92,23.8,24.1,60,1.0
2024-09-01 07:00,23.94,23.8,24.1,60,1.0
2024-09-01 08:00,23.91,23.8,24.0,60,1.0
2024-09-01 09:00,23.81,23.7,23.9,60,1.0
2024-09-01 10:00,23.8,23.7,23.9,59,0.983
2024-09-01 11:00,23.79,23.7,23.9,60,1.0
2024-09-01 12:00,23.85,23.7,24.1,60,1.0
2024-09-01 13:00,23.89,23.8,24.1,59,0.983
2024-09-01 14:00,23.86,23.7,24.0,60,1.0
2024-09-01 15:00,23.76,23.7,24.0,60,1.0
2024-09-01 16:00,23.76,23.7,23.9,60,1.0
2024-09-01 17:00,23.78,23.7,24.1,59,0.983
2024-09-01 18:00,23.8,23.7,24.0,60,1.0
2024-09-01 19:00,23.8,23.7,23.9,59,0.983
2024-09-01 20:00,23.88,23.7,24.1,60,1.0
2024-09-01 21:00,23.84,23.7,24.1,59,0.983
2024-09-01 22:00,23.82,23.8,23.9,59,0.983
2024-09-01 23:00,23.86,23.8,24.1,60,1.0
2024-09-02 00:00,23.86,23.8,24.0,60,1.0
2024-09-02 01:00,23.91,23.8,24.1,60,1.0
2024-09-02 02:00,23.97,23.8,24.1,60,1.0
2024-09-02 03:00,23.95,23.8,24.1,60,1.0
2024-09-02 04:00,23.97,23.9,24.1,59,0.983
2024-09-02 05:00,23.94,23.8,24.1,59,0.983
2024-09-02 06:00,23.93,23.8,24.1,60,1.0
2024-09-02 07:00,23.91,23.8,24.1,59,0.983
2024-09-02 08:00,23.84,23.8,24.1,60,1.0
2024-09-02 09:00,23.82,23.7,24.1,60,1.0
2024-09-02 10:00,23.83,23.7,24.0,57,0.95
2024-09-02 11:00,23.87,23.7,24.0,59,0.983
2024-09-02 12:00,23.87,23.8,24.0,57,0.95
2024-09-02 13:00,23.87,23.8,24.1,60,1.0
2024-09-02 14:00,23.86,23.7,24.0,57,0.95
2024-09-02 15:00,23.85,23.7,24.0,58,0.967
2024-09-02 16:00,23.88,23.8,24.0,60,1.0
2024-09-02 17:00,23.87,23.7,24.1,60,1.0
2024-09-02 18:00,23.84,23.7,24.0,60,1.0
2024-09-02 19:00,23.82,23.8,24.0,60,1.0
2024-09-02 20:00,23.91,23.8,24.0,59,0.983
2024-09-02 21:00,23.94,23.8,24.2,60,1.0
2024-09-02 22:00,23.94,23.8,24.1,60,1.0
2024-09-02 23:00,23.94,23.8,24.2,60,1.0
2024-09-03 00:00,23.92,23.8,24.2,60,1.0
2024-09-03 01:00,23.88,23.8,24.1,60,1.0
2024-09-03 02:00,23.88,23.7,24.1,59,0.983
2024-09-03 03:00,23.86,23.8,24.0,60,1.0
2024-09-03 04:00,23.86,23.8,24.0,60,1.0
2024-09-03 05:00,23.89,23.8,24.1,60,1.0
2024-09-03 06:00,23.92,23.8,24.1,60,1.0
2024-09-03 07:00,23.88,23.8,24.0,59,0.983
2024-09-03 08:00,23.91,23.8,24.1,60,1.0
2024-09-03 09:00,24.15,23.7,24.8,57,0.95
2024-09-03 10:00,24.32,24.2,24.6,60,1.0
2024-09-03 11:00,24.2,24.1,24.6,60,1.0
2024-09-03 12:00,24.15,24.1,24.4,60,1.0
2024-09-03 13:00,24.17,24.1,24.3,60,1.0
2024-09-03 14:00,24.25,24.1,24.4,60,1.0
2024-09-03 15:00,24.31,24.1,24.5,60,1.0
2024-09-03 16:00,24.35,24.2,24.6,60,1.0
2024-09-03 17:00,24.37,24.3,24.5,60,1.0
2024-09-03 18:00,24.33,24.2,24.6,60,1.0
2024-09-03 19:00,24.31,24.2,24.4,59,0.983
2024-09-03 20:00,24.27,24.2,24.4,60,1.0
2024-09-03 21:00,24.26,24.2,24.4,60,1.0
2024-09-03 22:00,24.28,24.2,24.5,60,1.0
2024-09-03 23:00,24.3,24.2,24.5,60,1.0
2024-09-04 00:00,24.31,24.2,24.6,60,1.0
2024-09-04 01:00,24.32,24.2,24.5,60,1.0
2024-09-04 02:00,24.32,24.2,24.5,60,1.0
2024-09-04 03:00,24.38,24.2,24.7,60,1.0
2024-09-04 04:00,24.31,24.2,24.5,58,0.967
2024-09-04 05:00,24.31,24.2,24.5,57,0.95
2024-09-04 06:00,24.32,24.2,24.5,60,1.0
2024-09-04 07:00,24.32,24.2,24.5,59,0.983
2024-09-04 08:00,24.32,24.2,24.5,60,1.0
2024-09-04 09:00,24.32,24.2,24.6,59,0.983
2024-09-04 10:00,24.28,24.2,24.5,56,0.933
2024-09-04 11:00,24.32,24.2,24.5,57,0.95
2024-09-04 12:00,24.3,24.2,24.4,60,1.0
2024-09-04 13:00,24.33,24.2,24.5,60,1.0
2024-09-04 14:00,24.35,24.2,24.6,56,0.933
2024-09-04 15:00,24.32,24.2,24.6,60,1.0
2024-09-04 16:00,24.32,24.2,24.5,58,0.967
2024-09-04 17:00,24.23,24.1,24.4,47,0.783
2024-09-04 18:00,24.29,24.2,24.5,56,0.933
2024-09-04 19:00,24.35,24.2,24.5,60,1.0
2024-09-04 20:00,24.34,24.2,24.6,57,0.95
2024-09-04 21:00,24.29,24.2,24.5,60,1.0
2024-09-04 22:00,24.25,24.2,24.4,60,1.0
2024-09-04 23:00,24.23,24.2,24.4,60,1.0
2024-09-05 00:00,24.22,24.2,24.3,59,0.983
2024-09-05 01:00,24.26,24.2,24.4,60,1.0
2024-09-05 02:00,24.22,24.1,24.3,60,1.0
2024-09-05 03:00,24.23,24.2,24.4,60,1.0
2024-09-05 04:00,24.23,24.1,24.4,60,1.0
2024-09-05 05:00,24.21,24.1,24.3,60,1.0
2024-09-05 06:00,24.26,24.1,24.4,60,1.0
2024-09-05 07:00,24.24,24.1,24.4,60,1.0
2024-09-05 08:00,24.24,24.1,24.4,60,1.0
2024-09-05 09:00,24.23,24.1,24.4,60,1.0
2024-09-05 10:00,24.19,24.0,24.4,60,1.0
2024-09-05 11:00,24.19,24.0,24.5,60,1.0
2024-09-05 12:00,24.14,24.0,24.3,60,1.0
2024-09-05 13:00,24.17,24.0,24.4,59,0.983
2024-09-05 14:00,24.24,24.1,24.4,60,1.0
2024-09-05 15:00,24.29,24.1,24.4,60,1.0
2024-09-05 16:00,24.31,24.2,24.5,60,1.0
2024-09-05 17:00,24.3,24.0,24.6,60,1.0
2024-09-05 18:00,24.47,24.3,24.6,60,1.0
2024-09-05 19:00,24.42,24.3,24.7,60,1.0
2024-09-05 20:00,24.36,24.3,24.6,60,1.0
2024-09-05 21:00,24.39,24.3,24.7,60,1.0
2024-09-05 22:00,24.33,24.2,24.5,59,0.983
2024-09-05 23:00,24.31,24.2,24.5,59,0.983
2024-09-06 00:00,24.27,24.2,24.4,60,1.0
2024-09-06 01:00,24.28,24.2,24.4,60,1.0
2024-09-06 02:00,24.28,24.2,24.4,60,1.0
2024-09-06 03:00,24.26,24.2,24.4,60,1.0
2024-09-06 04:00,24.23,24.2,24.3,60,1.0
2024-09-06 05:00,24.23,24.2,24.3,60,1.0
2024-09-06 06:00,24.18,24.1,24.3,60,1.0
2024-09-06 07:00,24.27,24.1,24.5,60,1.0
2024-09-06 08:00,24.33,24.2,24.4,59,0.983
2024-09-06 09:00,24.31,24.2,24.4,58,0.967
2024-09-06 10:00,24.32,24.2,24.4,58,0.967
2024-09-06 11:00,24.35,24.2,24.5,60,1.0
2024-09-06 12:00,24.37,24.2,24.5,59,0.983
2024-09-06 13:00,24.44,24.3,24.7,59,0.983
2024-09-06 14:00,24.46,24.3,24.6,60,1.0
2024-09-06 15:00,24.44,24.3,24.6,60,1.0
2024-09-06 16:00,24.37,24.3,24.5,60,1.0
2024-09-06 17:00,24.36,24.3,24.6,60,1.0
2024-09-06 18:00,24.41,24.3,24.6,60,1.0
2024-09-06 19:00,24.46,24.3,24.7,60,1.0
2024-09-06 20:00,24.48,24.3,24.6,60,1.0
2024-09-06 21:00,24.49,24.4,24.7,60,1.0
2024-09-06 22:00,24.47,24.3,24.6,60,1.0
2024-09-06 23:00,24.48,24.3,24.7,60,1.0
2024-09-07 00:00,24.42,24.3,24.6,60,1.0
2024-09-07 01:00,24.37,24.3,24.5,60,1.0
2024-09-07 02:00,24.37,24.3,24.7,60,1.0
2024-09-07 03:00,24.37,24.3,24.6,60,1.0
2024-09-07 04:00,24.36,24.3,24.5,60,1.0
2024-09-07 05:00,24.36,24.3,24.6,60,1.0
2024-09-07 06:00,24.38,24.3,24.5,60,1.0
2024-09-07 07:00,24.41,24.3,24.6,60,1.0
2024-09-07 08:00,24.36,24.3,24.5,60,1.0
2024-09-07 09:00,24.35,24.2,24.5,60,1.0
2024-09-07 10:00,24.33,24.2,24.6,60,1.0
2024-09-07 11:00,24.36,24.2,24.7,60,1.0
2024-09-07 12:00,24.36,24.2,24.5,60,1.0
2024-09-07 13:00,24.32,24.2,24.5,60,1.0
2024-09-07 14:00,24.24,24.1,24.4,60,1.0
2024-09-07 15:00,24.33,24.2,24.6,60,1.0
2024-09-07 16:00,24.31,24.2,24.5,60,1.0
2024-09-07 17:00,24.24,24.2,24.4,60,1.0
2024-09-07 18:00,24.22,24.2,24.4,60,1.0
2024-09-07 19:00,24.26,24.2,24.4,60,1.0
2024-09-07 20:00,24.31,24.2,24.5,60,1.0
2024-09-07 21:00,24.35,24.2,24.5,60,1.0
2024-09-07 22:00,24.35,24.2,24.5,60,1.0
2024-09-07 23:00,24.36,24.2,24.5,60,1.0
2024-09-08 00:00,24.33,24.2,24.5,60,1.0
2024-09-08 01:00,24.31,24.2,24.5,60,1.0
2024-09-08 02:00,24.28,24.2,24.4,60,1.0
2024-09-08 03:00,24.27,24.2,24.5,59,0.983
2024-09-08 04:00,24.26,24.2,24.4,60,1.0
2024-09-08 05:00,24.24,24.2,24.4,60,1.0
2024-09-08 06:00,24.28,24.1,24.5,60,1.0
2024-09-08 07:00,24.26,24.1,24.4,60,1.0
2024-09-08 08:00,24.26,24.2,24.4,60,1.0
2024-09-08 09:00,24.19,24.1,24.4,60,1.0
2024-09-08 10:00,24.19,24.1,24.3,60,1.0
2024-09-08 11:00,24.15,24.1,24.4,60,1.0
2024-09-08 12:00,24.15,24.1,24.3,50,0.833
2024-09-08 13:00,24.15,24.1,24.3,50,0.833
2024-09-08 14:00,24.14,24.1,24.2,48,0.8
2024-09-08 15:00,24.18,24.1,24.5,59,0.983
2024-09-08 16:00,24.26,24.1,24.4,57,0.95
2024-09-08 17:00,24.26,24.1,24.4,48,0.8
2024-09-08 18:00,24.2,24.1,24.3,55,0.917
2024-09-08 19:00,24.18,24.1,24.3,48,0.8
2024-09-08 20:00,24.24,24.1,24.4,42,0.7
2024-09-08 21:00,24.25,24.1,24.5,56,0.933
2024-09-08 22:00,24.3,24.2,24.4,58,0.967
2024-09-08 23:00,24.33,24.2,24.9,55,0.917
2024-09-09 00:00,24.29,24.2,24.4,50,0.833
2024-09-09 01:00,24.32,24.2,24.4,55,0.917
2024-09-09 02:00,24.31,24.2,24.4,60,1.0
2024-09-09 03:00,24.31,24.2,24.4,60,1.0
2024-09-09 04:00,24.17,24.0,24.3,60,1.0
2024-09-09 05:00,24.35,23.9,24.7,60,1.0
2024-09-09 06:00,24.06,23.9,24.3,60,1.0
2024-09-09 07:00,24.43,24.0,24.7,60,1.0
2024-09-09 08:00,24.67,24.5,24.8,58,0.967
2024-09-09 09:00,24.62,24.5,24.8,60,1.0
2024-09-09 10:00,24.48,24.1,24.9,60,1.0
2024-09-09 11:00,24.04,23.8,24.2,59,0.983
2024-09-09 12:00,57.06,24.7,64.4,60,1.0
2024-09-09 13:00,64.04,63.7,64.5,60,1.0
2024-09-09 14:00,63.48,63.0,64.0,60,1.0
2024-09-09 15:00,62.9,62.4,63.3,60,1.0
2024-09-09 16:00,62.24,61.7,62.6,60,1.0
2024-09-09 17:00,61.59,61.2,61.9,59,0.983
2024-09-09 18:00,61.13,60.6,61.6,60,1.0
2024-09-09 19:00,60.59,60.1,61.1,60,1.0
2024-09-09 20:00,59.93,59.6,60.6,60,1.0
2024-09-09 21:00,59.43,59.2,59.8,60,1.0
2024-09-09 22:00,59.02,58.7,59.3,60,1.0
2024-09-09 23:00,58.6,58.3,58.9,60,1.0
2024-09-10 00:00,58.24,58.0,58.7,60,1.0
2024-09-10 01:00,57.82,57.6,58.0,60,1.0
2024-09-10 02:00,57.45,57.2,57.7,60,1.0
2024-09-10 03:00,57.12,56.9,57.3,57,0.95
2024-09-10 04:00,56.85,56.6,57.2,60,1.0
2024-09-10 05:00,56.56,56.3,57.1,60,1.0
2024-09-10 06:00,56.31,56.1,56.6,60,1.0
2024-09-10 07:00,56.03,55.8,56.4,60,1.0
2024-09-10 08:00,55.85,55.5,56.2,60,1.0
2024-09-10 09:00,55.45,55.3,55.8,60,1.0
2024-09-10 10:00,55.15,54.9,55.4,60,1.0
2024-09-10 11:00,54.86,54.6,55.2,59,0.983
2024-09-10 12:00,54.73,54.5,55.0,60,1.0
2024-09-10 13:00,54.5,54.3,54.8,60,1.0
2024-09-10 14:00,54.23,54.0,54.5,59,0.983
2024-09-10 15:00,53.95,53.5,54.2,59,0.983
2024-09-10 16:00,53.66,53.2,54.0,59,0.983
2024-09-10 17:00,53.19,53.0,53.5,59,0.983
2024-09-10 18:00,53.29,53.0,54.3,60,1.0
2024-09-10 19:00,53.16,52.8,53.4,60,1.0
2024-09-10 20:00,52.94,52.7,53.3,60,1.0
2024-09-10 21:00,52.79,52.6,53.2,60,1.0
2024-09-10 22:00,52.69,52.5,53.0,59,0.983
2024-09-10 23:00,52.55,52.3,52.9,60,1.0
2024-09-11 00:00,52.36,52.2,52.6,60,1.0
2024-09-11 01:00,52.23,52.1,52.4,60,1.0
2024-09-11 02:00,52.12,52.0,52.4,60,1.0
2024-09-11 03:00,52.02,51.8,52.3,60,1.0
2024-09-11 04:00,51.84,51.7,52.1,56,0.933
2024-09-11 05:00,51.68,51.5,51.9,56,0.933
2024-09-11 06:00,51.51,51.4,51.7,43,0.717
2024-09-11 07:00,51.44,51.2,51.8,59,0.983
2024-09-11 08:00,51.23,51.0,51.6,59,0.983
2024-09-11 09:00,51.08,50.8,51.3,60,1.0
2024-09-11 10:00,51.02,50.8,51.3,60,1.0
2024-09-11 11:00,50.83,50.6,51.0,60,1.0
2024-09-11 12:00,50.6,50.2,50.8,60,1.0
2024-09-11 13:00,50.42,50.2,50.6,60,1.0
2024-09-11 14:00,50.25,49.9,50.5,60,1.0
2024-09-11 15:00,49.91,49.8,50.2,60,1.0
2024-09-11 16:00,49.77,49.7,50.0,60,1.0
2024-09-11 17:00,49.67,49.5,49.9,60,1.0
2024-09-11 18:00,49.65,49.4,50.0,60,1.0
2024-09-11 19:00,49.62,49.4,49.8,59,0.983
2024-09-11 20:00,49.5,49.3,49.7,60,1.0
2024-09-11 21:00,49.32,49.1,49.6,60,1.0
2024-09-11 22:00,49.23,48.9,49.4,60,1.0
2024-09-11 23:00,49.05,48.9,49.3,60,1.0
2024-09-12 00:00,48.96,48.7,49.3,60,1.0
2024-09-12 01:00,48.79,48.7,49.1,60,1.0
2024-09-12 02:00,48.66,48.5,48.9,60,1.0
2024-09-12 03:00,48.62,48.5,48.8,60,1.0
2024-09-12 04:00,48.52,48.4,48.7,60,1.0
2024-09-12 05:00,48.38,48.3,48.6,60,1.0
2024-09-12 06:00,48.29,48.1,48.5,60,1.0
2024-09-12 07:00,48.28,48.1,48.6,60,1.0
2024-09-12 08:00,48.28,48.0,48.5,60,1.0
2024-09-12 09:00,48.15,47.9,48.4,60,1.0
2024-09-12 10:00,47.88,47.7,48.3,60,1.0
2024-09-12 11:00,47.76,47.6,48.0,60,1.0
2024-09-12 12:00,47.74,47.5,48.0,60,1.0
2024-09-12 13:00,47.67,47.5,47.9,60,1.0
2024-09-12 14:00,47.56,47.3,47.8,59,0.983
2024-09-12 15:00,47.35,47.1,47.6,60,1.0
2024-09-12 16:00,47.25,47.0,47.4,58,0.967
2024-09-12 17:00,47.13,46.9,47.4,60,1.0
2024-09-12 18:00,46.95,46.8,47.2,60,1.0
2024-09-12 19:00,46.96,46.8,47.4,60,1.0
2024-09-12 20:00,46.88,46.1,47.5,60,1.0
2024-09-12 21:00,46.34,46.1,46.7,60,1.0
2024-09-12 22:00,46.4,46.1,46.7,60,1.0
2024-09-12 23:00,46.78,46.4,47.6,60,1.0
2024-09-13 00:00,47.35,47.0,47.7,60,1.0
2024-09-13 01:00,47.74,47.4,48.1,60,1.0
2024-09-13 02:00,48.65,48.2,49.2,60,1.0
2024-09-13 03:00,49.52,49.1,50.0,60,1.0
2024-09-13 04:00,50.34,49.8,50.9,60,1.0
2024-09-13 05:00,51.02,50.5,51.4,60,1.0
2024-09-13 06:00,51.46,51.2,51.7,60,1.0
2024-09-13 07:00,51.75,51.4,52.2,60,1.0
2024-09-13 08:00,52.05,51.7,52.4,60,1.0
2024-09-13 09:00,52.33,52.1,52.6,58,0.967
2024-09-13 10:00,52.37,52.2,52.6,52,0.867
2024-09-13 11:00,52.44,52.3,52.8,49,0.817
2024-09-13 12:00,52.49,52.3,52.8,60,1.0
2024-09-13 13:00,52.57,52.2,53.0,57,0.95
2024-09-13 14:00,52.45,52.2,52.8,58,0.967
2024-09-13 15:00,52.3,52.1,52.6,60,1.0
2024-09-13 16:00,52.2,52.0,52.5,49,0.817
2024-09-13 17:00,52.1,52.0,52.4,49,0.817
2024-09-13 18:00,51.5,51.2,52.2,60,1.0
2024-09-13 19:00,51.68,51.4,52.1,60,1.0
2024-09-13 20:00,52.0,51.8,52.2,43,0.717
2024-09-13 21:00,52.14,51.9,52.3,29,0.483
2024-09-13 22:00,52.05,51.7,52.3,57,0.95
2024-09-13 23:00,52.21,51.9,52.5,60,1.0
2024-09-14 00:00,52.26,52.0,52.5,53,0.883
2024-09-14 01:00,52.26,52.1,52.5,47,0.783
2024-09-14 02:00,52.36,52.1,52.7,44,0.733
2024-09-14 03:00,52.31,52.2,52.5,50,0.833
2024-09-14 04:00,52.32,52.2,52.5,58,0.967
2024-09-14 05:00,52.32,52.2,52.6,60,1.0
2024-09-14 06:00,52.32,52.2,52.6,60,1.0
2024-09-14 07:00,52.34,52.1,52.7,60,1.0
2024-09-14 08:00,52.34,52.1,52.6,60,1.0
2024-09-14 09:00,52.42,52.1,52.6,60,1.0
2024-09-14 10:00,52.34,52.1,52.6,60,1.0
2024-09-14 11:00,52.25,51.9,52.6,59,0.983
2024-09-14 12:00,52.08,51.8,52.4,60,1.0
2024-09-14 13:00,51.97,51.7,52.2,60,1.0
2024-09-14 14:00,51.95,51.6,52.3,60,1.0
2024-09-14 15:00,51.87,51.7,52.1,60,1.0
2024-09-14 16:00,51.83,51.5,52.1,60,1.0
2024-09-14 17:00,51.62,51.4,51.9,60,1.0
2024-09-14 18:00,51.54,51.4,51.9,60,1.0
2024-09-14 19:00,51.64,51.4,51.9,60,1.0
2024-09-14 20:00,51.61,51.4,51.8,59,0.983
2024-09-14 21:00,51.36,51.2,51.6,60,1.0
2024-09-14 22:00,51.28,51.1,51.5,60,1.0
2024-09-14 23:00,51.28,51.1,51.6,60,1.0
2024-09-15 00:00,51.21,51.0,51.4,60,1.0
2024-09-15 01:00,51.24,51.0,51.6,60,1.0
2024-09-15 02:00,51.26,51.0,51.5,60,1.0
2024-09-15 03:00,51.15,51.0,51.4,60,1.0
2024-09-15 04:00,51.04,50.7,51.3,60,1.0
2024-09-15 05:00,50.94,50.6,51.2,60,1.0
2024-09-15 06:00,50.86,50.6,51.2,60,1.0
2024-09-15 07:00,50.76,50.6,51.1,60,1.0
2024-09-15 08:00,50.67,50.5,51.0,57,0.95
2024-09-15 09:00,50.47,50.4,50.8,59,0.983
2024-09-15 10:00,50.34,50.2,50.6,58,0.967
2024-09-15 11:00,50.35,50.1,50.6,57,0.95
2024-09-15 12:00,50.32,50.0,50.5,58,0.967
2024-09-15 13:00,50.14,49.9,50.4,57,0.95
2024-09-15 14:00,50.02,49.8,50.3,60,1.0
2024-09-15 15:00,50.07,49.7,50.3,60,1.0
2024-09-15 16:00,50.0,49.7,50.2,60,1.0
2024-09-15 17:00,49.86,49.6,50.1,59,0.983
2024-09-15 18:00,49.68,49.5,50.0,58,0.967
2024-09-15 19:00,49.61,49.5,49.8,59,0.983
2024-09-15 20:00,49.56,49.4,49.7,60,1.0
2024-09-15 21:00,49.52,49.4,49.7,60,1.0
2024-09-15 22:00,49.48,49.4,49.8,59,0.983
2024-09-15 23:00,49.5,49.4,49.8,60,1.0
2024-09-16 00:00,49.51,49.4,49.7,60,1.0
2024-09-16 01:00,49.57,49.4,49.9,60,1.0
2024-09-16 02:00,49.72,49.5,49.9,60,1.0
2024-09-16 03:00,49.77,49.4,50.0,60,1.0
2024-09-16 04:00,49.79,49.6,50.0,60,1.0
2024-09-16 05:00,49.76,49.5,50.0,60,1.0
2024-09-16 06:00,49.74,49.5,50.2,60,1.0
2024-09-16 07:00,49.51,49.3,49.8,58,0.967
2024-09-16 09:00,49.52,49.2,49.7,59,0.983
2024-09-16 10:00,49.42,49.1,49.8,59,0.983
2024-09-16 11:00,49.5,49.2,49.8,60,1.0
2024-09-16 12:00,49.56,49.3,49.8,60,1.0
2024-09-16 13:00,49.48,49.2,49.7,59,0.983
2024-09-16 14:00,49.36,49.1,49.6,60,1.0
2024-09-16 15:00,49.31,49.0,49.7,60,1.0
2024-09-16 16:00,49.27,49.0,49.5,60,1.0
2024-09-16 17:00,49.23,49.0,49.5,60,1.0
2024-09-16 18:00,49.2,49.0,49.4,60,1.0
2024-09-16 19:00,49.1,49.0,49.4,60,1.0
2024-09-16 20:00,49.06,49.0,49.2,60,1.0
2024-09-16 21:00,49.06,49.0,49.2,60,1.0
2024-09-16 22:00,49.05,48.9,49.2,60,1.0
2024-09-16 23:00,49.05,48.9,49.3,60,1.0
2024-09-17 00:00,49.1,48.9,49.4,57,0.95
2024-09-17 14:00,49.3,49.2,49.4,2,0.033
2024-09-17 16:00,71.44,71.1,71.8,30,0.5
2024-09-17 17:00,70.57,69.9,71.2,58,0.967
2024-09-17 18:00,69.6,69.1,70.2,55,0.917
2024-09-17 19:00,68.79,68.3,69.2,46,0.767
2024-09-17 20:00,68.09,67.6,68.7,50,0.833
2024-09-17 21:00,67.47,67.0,67.9,51,0.85
2024-09-17 22:00,66.93,66.5,67.2,59,0.983
2024-09-17 23:00,66.54,66.3,66.8,60,1.0
2024-09-18 00:00,66.12,65.8,66.5,60,1.0
2024-09-18 01:00,65.77,65.4,66.0,60,1.0
2024-09-18 02:00,65.43,65.0,65.7,60,1.0
2024-09-18 03:00,65.14,64.6,65.4,60,1.0
2024-09-18 04:00,64.87,64.4,65.1,60,1.0
2024-09-18 05:00,64.61,64.4,64.9,60,1.0
2024-09-18 06:00,64.32,63.9,64.7,60,1.0
2024-09-18 07:00,63.94,63.7,64.2,60,1.0
2024-09-18 08:00,63.72,63.5,64.1,60,1.0
2024-09-18 09:00,63.58,63.4,63.9,60,1.0
2024-09-18 10:00,63.59,63.3,63.9,60,1.0
2024-09-18 11:00,63.43,63.1,63.8,60,1.0
2024-09-18 12:00,63.11,62.9,63.3,60,1.0
2024-09-18 13:00,62.61,62.3,63.1,60,1.0
2024-09-18 14:00,62.57,62.2,62.8,60,1.0
2024-09-18 15:00,62.31,62.1,62.6,60,1.0
2024-09-18 16:00,62.49,62.1,62.8,60,1.0
2024-09-18 17:00,62.58,62.4,62.8,60,1.0
2024-09-18 18:00,62.61,62.5,62.8,60,1.0
2024-09-18 19:00,62.62,62.5,62.9,60,1.0
2024-09-18 20:00,62.62,62.5,63.0,60,1.0
2024-09-18 21:00,62.6,62.4,62.9,60,1.0
2024-09-18 22:00,62.51,62.4,62.9,60,1.0
2024-09-18 23:00,62.49,62.3,62.8,60,1.0
2024-09-19 00:00,62.43,62.2,62.8,60,1.0
2024-09-19 01:00,62.33,62.1,62.6,60,1.0
2024-09-19 02:00,62.32,62.1,62.6,60,1.0
2024-09-19 03:00,62.23,62.0,62.6,60,1.0
2024-09-19 04:00,62.06,61.8,62.3,60,1.0
2024-09-19 05:00,62.09,61.8,62.3,60,1.0
2024-09-19 06:00,61.91,61.7,62.2,60,1.0
2024-09-19 07:00,61.8,61.6,62.2,60,1.0
2024-09-19 08:00,61.78,61.5,62.1,60,1.0
2024-09-19 09:00,61.6,61.5,62.1,60,1.0
2024-09-19 10:00,61.69,61.4,62.1,60,1.0
2024-09-19 11:00,61.67,61.4,61.9,60,1.0
2024-09-19 12:00,61.62,61.3,61.9,60,1.0
2024-09-19 13:00,61.56,61.2,61.8,60,1.0
2024-09-19 14:00,61.33,61.1,61.7,59,0.983
2024-09-19 15:00,61.21,61.0,61.5,60,1.0
2024-09-19 16:00,61.09,61.0,61.2,60,1.0
2024-09-19 17:00,61.01,60.9,61.3,60,1.0
2024-09-19 18:00,60.98,60.8,61.2,60,1.0
2024-09-19 19:00,60.95,60.7,61.3,60,1.0
2024-09-19 20:00,60.79,60.7,61.1,60,1.0
2024-09-19 21:00,60.29,59.7,61.0,60,1.0
2024-09-19 22:00,59.83,59.7,60.2,59,0.983
2024-09-19 23:00,60.56,60.1,61.0,60,1.0
2024-09-20 00:00,61.22,60.9,61.5,60,1.0
2024-09-20 01:00,61.63,61.2,62.0,59,0.983
2024-09-20 02:00,61.84,61.5,62.2,60,1.0
2024-09-20 03:00,62.02,61.6,62.3,60,1.0
2024-09-20 04:00,62.13,61.9,62.4,47,0.783
2024-09-20 05:00,62.11,61.7,62.3,46,0.767
2024-09-20 06:00,62.17,62.0,62.4,49,0.817
2024-09-20 07:00,61.99,61.7,62.4,53,0.883
2024-09-20 08:00,62.15,61.8,62.4,48,0.8
2024-09-20 09:00,62.25,62.0,62.5,54,0.9
2024-09-20 10:00,62.3,62.0,62.5,58,0.967
2024-09-20 11:00,62.18,61.9,62.5,43,0.717
2024-09-20 12:00,62.03,61.8,62.4,55,0.917
2024-09-20 13:00,62.01,61.7,62.3,60,1.0
2024-09-20 14:00,61.84,61.6,62.2,60,1.0
2024-09-20 15:00,61.76,61.5,62.1,60,1.0
2024-09-20 16:00,61.82,61.5,62.1,59,0.983
2024-09-20 17:00,61.73,61.4,61.9,60,1.0
2024-09-20 18:00,61.52,61.2,61.9,60,1.0
2024-09-20 19:00,61.44,61.2,61.8,60,1.0
2024-09-20 20:00,61.35,61.1,61.8,60,1.0
2024-09-20 21:00,61.21,61.1,61.5,60,1.0
2024-09-20 22:00,61.14,61.0,61.2,60,1.0
2024-09-20 23:00,61.1,60.9,61.3,60,1.0
2024-09-21 00:00,61.12,61.0,61.3,59,0.983
2024-09-21 01:00,61.08,61.0,61.2,60,1.0
2024-09-21 02:00,61.03,60.9,61.2,60,1.0
2024-09-21 03:00,60.94,60.8,61.1,60,1.0
2024-09-21 04:00,60.88,60.7,61.2,60,1.0
2024-09-21 05:00,60.84,60.7,61.0,60,1.0
2024-09-21 06:00,60.8,60.6,61.0,60,1.0
2024-09-21 07:00,60.76,60.5,61.1,60,1.0
2024-09-21 08:00,60.66,60.5,61.0,60,1.0
2024-09-21 09:00,60.57,60.3,60.8,60,1.0
2024-09-21 10:00,60.44,60.2,60.7,60,1.0
2024-09-21 11:00,60.47,60.2,60.7,60,1.0
2024-09-21 12:00,60.39,60.1,60.7,60,1.0
2024-09-21 13:00,60.27,60.1,60.5,60,1.0
2024-09-21 14:00,60.15,59.9,60.4,60,1.0
2024-09-21 15:00,59.88,59.5,60.3,60,1.0
2024-09-21 16:00,59.52,59.4,59.7,60,1.0
2024-09-21 17:00,59.47,59.3,59.8,60,1.0
2024-09-21 18:00,59.54,59.3,59.8,60,1.0
2024-09-21 19:00,59.61,59.3,59.9,60,1.0
2024-09-21 20:00,59.46,59.1,59.8,59,0.983
2024-09-21 21:00,59.31,59.1,59.6,60,1.0
2024-09-21 22:00,59.16,59.0,59.4,60,1.0
2024-09-21 23:00,59.04,59.0,59.2,60,1.0
2024-09-22 00:00,59.01,58.9,59.1,60,1.0
2024-09-22 01:00,58.92,58.8,59.0,60,1.0
2024-09-22 02:00,58.87,58.8,59.0,60,1.0
2024-09-22 03:00,58.81,58.7,59.0,60,1.0
2024-09-22 04:00,58.74,58.6,58.9,60,1.0
2024-09-22 05:00,58.69,58.6,58.9,60,1.0
2024-09-22 06:00,58.63,58.5,58.8,60,1.0
2024-09-22 07:00,58.68,58.4,58.9,60,1.0
2024-09-22 08:00,58.66,58.4,59.0,60,1.0
2024-09-22 09:00,58.42,58.3,58.6,60,1.0
2024-09-22 10:00,58.53,58.2,58.8,56,0.933
2024-09-22 11:00,58.45,58.2,58.6,57,0.95
2024-09-22 12:00,58.36,57.9,58.6,57,0.95
2024-09-22 13:00,58.23,57.9,58.5,60,1.0
2024-09-22 14:00,58.08,57.7,58.3,60,1.0
2024-09-22 15:00,57.95,57.6,58.2,60,1.0
2024-09-22 16:00,57.78,57.6,58.2,60,1.0
2024-09-22 17:00,57.63,57.5,57.9,60,1.0
2024-09-22 18:00,57.57,57.5,57.8,60,1.0
2024-09-22 19:00,57.69,57.5,58.0,60,1.0
2024-09-22 20:00,57.74,57.4,57.9,60,1.0
2024-09-22 21:00,57.7,57.4,57.9,60,1.0
2024-09-22 22:00,57.63,57.3,57.9,60,1.0
2024-09-22 23:00,57.6,57.4,57.8,60,1.0
2024-09-23 00:00,57.51,57.2,57.7,60,1.0
2024-09-23 01:00,57.4,57.1,57.7,60,1.0
2024-09-23 02:00,57.32,57.1,57.6,59,0.983
2024-09-23 03:00,57.24,57.0,57.6,60,1.0
2024-09-23 04:00,57.08,57.0,57.6,59,0.983
2024-09-23 05:00,57.0,56.9,57.2,59,0.983
2024-09-23 06:00,57.03,56.9,57.4,59,0.983
2024-09-23 07:00,57.13,56.8,57.4,60,1.0
2024-09-23 08:00,57.09,56.7,57.3,59,0.983
2024-09-23 09:00,56.93,56.7,57.3,56,0.933
2024-09-23 10:00,56.65,56.5,56.9,58,0.967
2024-09-23 11:00,56.65,56.4,56.9,57,0.95
2024-09-23 12:00,56.52,56.3,56.8,58,0.967
2024-09-23 13:00,56.52,56.3,56.8,60,1.0
2024-09-23 14:00,56.48,56.2,57.0,60,1.0
2024-09-23 15:00,56.36,56.0,56.6,59,0.983
2024-09-23 16:00,56.23,55.9,56.5,58,0.967
2024-09-23 17:00,56.06,55.9,56.3,60,1.0
2024-09-23 18:00,55.92,55.8,56.1,60,1.0
2024-09-23 19:00,55.89,55.8,56.1,60,1.0
2024-09-23 20:00,55.93,55.7,56.3,60,1.0
2024-09-23 21:00,56.01,55.7,56.3,60,1.0
2024-09-23 22:00,56.1,55.3,56.7,59,0.983
2024-09-23 23:00,55.22,54.9,55.5,59,0.983
2024-09-24 00:00,56.68,55.4,58.4,60,1.0
2024-09-24 01:00,61.1,58.3,63.9,60,1.0
2024-09-24 02:00,65.62,63.9,67.0,59,0.983
2024-09-24 03:00,67.2,66.8,67.5,60,1.0
2024-09-24 04:00,67.26,66.8,67.5,60,1.0
2024-09-24 05:00,67.12,66.7,67.5,59,0.983
2024-09-24 06:00,67.61,67.2,68.0,60,1.0
2024-09-24 07:00,67.48,67.2,67.8,57,0.95
2024-09-24 08:00,67.43,67.2,67.6,28,0.467
2024-09-24 09:00,67.39,67.1,67.7,46,0.767
2024-09-24 10:00,67.2,66.8,67.4,40,0.667
2024-09-24 11:00,67.01,66.6,67.4,48,0.8
2024-09-24 12:00,66.63,66.3,67.0,54,0.9
2024-09-24 13:00,66.28,66.0,66.6,60,1.0
2024-09-24 14:00,66.01,65.8,66.3,60,1.0
2024-09-24 15:00,65.84,65.7,66.0,60,1.0
2024-09-24 16:00,65.69,65.5,66.1,60,1.0
2024-09-24 17:00,65.62,65.4,66.0,60,1.0
2024-09-24 18:00,65.61,65.2,65.8,60,1.0
2024-09-24 19:00,65.51,65.1,65.8,60,1.0
2024-09-24 20:00,65.24,64.9,65.6,60,1.0
2024-09-24 21:00,64.97,64.7,65.3,60,1.0
2024-09-24 22:00,64.79,64.6,65.2,60,1.0
2024-09-24 23:00,64.65,64.5,64.8,60,1.0
2024-09-25 00:00,64.49,64.3,64.7,60,1.0
2024-09-25 01:00,64.38,64.2,64.6,60,1.0
2024-09-25 02:00,64.26,64.1,64.4,60,1.0
2024-09-25 03:00,64.19,64.0,64.5,60,1.0
2024-09-25 04:00,64.18,63.9,64.5,60,1.0
2024-09-25 05:00,63.81,62.7,64.5,59,0.983
2024-09-25 06:00,63.43,62.7,64.7,59,0.983
2024-09-25 07:00,65.68,64.6,66.5,60,1.0
2024-09-25 08:00,66.79,66.3,67.5,60,1.0
2024-09-25 09:00,67.67,67.4,68.1,60,1.0
2024-09-25 10:00,67.91,67.6,68.4,60,1.0
2024-09-25 11:00,68.18,67.7,68.5,60,1.0
2024-09-25 12:00,68.53,68.3,68.9,59,0.983
2024-09-25 13:00,68.33,68.0,68.8,60,1.0
2024-09-25 14:00,68.12,67.8,68.4,60,1.0
2024-09-25 15:00,67.78,67.5,68.2,60,1.0
2024-09-25 16:00,67.4,67.1,67.7,59,0.983
2024-09-25 17:00,67.13,67.0,67.5,58,0.967
2024-09-25 18:00,67.26,67.1,67.6,59,0.983
2024-09-25 19:00,67.32,67.1,67.7,60,1.0
2024-09-25 20:00,67.29,67.0,67.7,60,1.0
2024-09-25 21:00,67.12,66.9,67.3,59,0.983
2024-09-25 22:00,67.03,66.8,67.3,60,1.0
2024-09-25 23:00,66.84,66.5,67.1,60,1.0
2024-09-26 00:00,66.61,66.3,67.1,60,1.0
2024-09-26 01:00,66.47,66.1,66.8,59,0.983
2024-09-26 02:00,66.22,66.0,66.6,60,1.0
2024-09-26 03:00,66.06,65.9,66.4,60,1.0
2024-09-26 04:00,66.02,65.7,66.4,60,1.0
2024-09-26 05:00,65.87,65.7,66.2,59,0.983
2024-09-26 06:00,65.93,65.6,66.2,51,0.85
2024-09-26 07:00,65.8,65.4,66.2,47,0.783
2024-09-26 08:00,65.56,65.3,65.9,60,1.0
2024-09-26 09:00,65.43,65.3,65.7,60,1.0
2024-09-26 10:00,65.38,65.2,65.8,60,1.0
2024-09-26 11:00,65.45,65.2,65.8,60,1.0
2024-09-26 12:00,65.55,65.2,65.8,58,0.967
2024-09-26 13:00,65.35,65.1,65.6,57,0.95
2024-09-26 14:00,65.31,65.1,65.9,51,0.85
2024-09-26 15:00,65.22,65.1,65.7,60,1.0
2024-09-26 16:00,65.08,65.0,65.3,60,1.0
2024-09-26 17:00,65.01,64.9,65.2,60,1.0
2024-09-26 18:00,64.98,64.8,65.3,60,1.0
2024-09-26 19:00,65.01,64.8,65.3,60,1.0
2024-09-26 20:00,65.1,64.7,65.4,60,1.0
2024-09-26 21:00,65.1,64.8,65.3,60,1.0
2024-09-26 22:00,64.99,64.8,65.3,60,1.0
2024-09-26 23:00,64.91,64.6,65.2,60,1.0
2024-09-27 00:00,64.85,64.6,65.1,59,0.983
2024-09-27 01:00,64.78,64.5,65.0,58,0.967
2024-09-27 02:00,64.7,64.4,64.9,57,0.95
2024-09-27 03:00,64.68,64.4,64.9,60,1.0
2024-09-27 04:00,64.58,64.3,64.9,60,1.0
2024-09-27 05:00,64.54,64.3,64.7,59,0.983
2024-09-27 06:00,64.49,64.2,64.7,60,1.0
2024-09-27 07:00,64.16,63.9,64.6,60,1.0
2024-09-27 08:00,64.29,63.9,64.6,60,1.0
2024-09-27 09:00,64.16,63.8,64.5,60,1.0
2024-09-27 10:00,64.08,63.8,64.4,60,1.0
2024-09-27 11:00,64.11,63.7,64.4,60,1.0
2024-09-27 12:00,63.99,63.6,64.3,60,1.0
2024-09-27 13:00,63.84,63.6,64.4,59,0.983
2024-09-27 14:00,63.69,63.3,64.0,59,0.983
2024-09-27 15:00,63.47,63.3,63.8,60,1.0
2024-09-27 16:00,63.37,63.2,63.6,60,1.0
2024-09-27 17:00,63.31,63.2,63.4,60,1.0
2024-09-27 18:00,63.28,63.1,63.5,60,1.0
2024-09-27 19:00,63.28,63.1,63.6,60,1.0
2024-09-27 20:00,63.35,63.1,63.6,60,1.0
2024-09-27 21:00,63.38,63.0,63.6,60,1.0
2024-09-27 22:00,63.37,63.0,63.6,60,1.0
2024-09-27 23:00,63.26,62.9,63.6,60,1.0
2024-09-28 00:00,63.27,63.0,63.5,60,1.0
2024-09-28 01:00,63.17,62.9,63.4,60,1.0
2024-09-28 02:00,63.18,63.0,63.5,60,1.0
2024-09-28 03:00,63.1,62.9,63.3,60,1.0
2024-09-28 04:00,62.98,62.7,63.2,60,1.0
2024-09-28 05:00,62.95,62.6,63.2,60,1.0
2024-09-28 06:00,62.84,62.6,63.1,60,1.0
2024-09-28 07:00,62.61,62.4,62.9,60,1.0
2024-09-28 08:00,62.52,62.4,62.9,59,0.983
2024-09-28 09:00,62.49,62.3,62.9,58,0.967
2024-09-28 10:00,62.41,62.2,62.7,45,0.75
2024-09-28 11:00,61.52,61.0,62.5,55,0.917
2024-09-28 12:00,61.74,61.5,62.3,60,1.0
2024-09-28 13:00,62.24,61.9,62.5,59,0.983
2024-09-28 14:00,62.48,62.3,62.7,60,1.0
2024-09-28 15:00,62.63,62.5,62.9,59,0.983
2024-09-28 16:00,62.71,62.5,63.3,58,0.967
2024-09-28 17:00,62.76,62.6,63.0,60,1.0
2024-09-28 18:00,62.79,62.5,63.1,59,0.983
2024-09-28 19:00,62.89,62.6,63.2,60,1.0
2024-09-28 20:00,62.88,62.6,63.1,60,1.0
2024-09-28 21:00,62.78,62.4,63.0,60,1.0
2024-09-28 22:00,62.65,62.3,63.0,60,1.0
2024-09-28 23:00,62.61,62.3,63.0,60,1.0
2024-09-29 00:00,62.62,62.3,62.9,60,1.0
2024-09-29 01:00,62.45,62.1,62.7,60,1.0
2024-09-29 02:00,62.25,62.0,62.5,60,1.0
2024-09-29 03:00,62.12,62.0,62.4,60,1.0
2024-09-29 04:00,62.08,61.9,62.4,60,1.0
2024-09-29 05:00,62.02,61.8,62.3,60,1.0
2024-09-29 06:00,61.92,61.8,62.1,60,1.0
2024-09-29 07:00,61.91,61.7,62.2,60,1.0
2024-09-29 08:00,61.85,61.6,62.2,60,1.0
2024-09-29 09:00,61.56,61.4,61.9,60,1.0
2024-09-29 10:00,61.44,61.2,61.7,60,1.0
2024-09-29 11:00,61.3,61.2,61.4,6,0.1
2024-09-30 07:00,59.85,59.6,60.2,27,0.45
2024-09-30 08:00,59.9,59.7,60.3,60,1.0
2024-09-30 09:00,59.8,59.4,60.1,59,0.983
2024-09-30 10:00,59.49,59.3,59.9,57,0.95
2024-09-30 11:00,59.28,59.1,59.5,60,1.0
2024-09-30 12:00,59.12,59.0,59.3,60,1.0
2024-09-30 13:00,59.03,58.9,59.3,60,1.0
2024-09-30 14:00,58.94,58.8,59.2,60,1.0
2024-09-30 15:00,59.08,58.8,59.3,60,1.0
2024-09-30 16:00,59.02,58.8,59.3,60,1.0
2024-09-30 17:00,59.08,58.8,59.4,60,1.0
2024-09-30 18:00,59.06,58.9,59.3,60,1.0
2024-09-30 19:00,58.96,58.7,59.3,60,1.0
2024-09-30 20:00,58.87,58.6,59.2,60,1.0
2024-09-30 21:00,58.76,58.5,59.1,60,1.0
2024-09-30 22:00,58.69,58.5,59.0,57,0.95
2024-09-30 23:00,58.61,58.5,58.9,43,0.717
2024-10-01 00:00,58.54,58.4,58.8,57,0.95
2024-10-01 01:00,58.49,58.4,58.6,42,0.7
2024-10-01 02:00,58.47,58.4,58.6,54,0.9
2024-10-01 03:00,58.42,58.3,58.5,47,0.783
2024-10-01 04:00,58.38,58.3,58.6,60,1.0
2024-10-01 05:00,58.36,58.3,58.6,57,0.95
2024-10-01 06:00,58.34,58.2,58.5,56,0.933
2024-10-01 07:00,58.38,58.2,58.6,60,1.0
2024-10-01 08:00,58.35,58.1,58.6,60,1.0
2024-10-01 09:00,58.22,58.0,58.5,56,0.933
2024-10-01 10:00,58.03,57.8,58.4,53,0.883
2024-10-01 11:00,57.89,57.7,58.1,46,0.767
2024-10-01 12:00,57.78,57.6,58.0,52,0.867
2024-10-01 13:00,57.68,57.5,57.9,54,0.9
2024-10-01 14:00,57.61,57.5,57.7,58,0.967
2024-10-01 15:00,57.55,57.4,57.7,60,1.0
2024-10-01 16:00,57.57,57.4,57.9,60,1.0
2024-10-01 17:00,57.59,57.4,58.0,54,0.9
2024-10-01 18:00,57.69,57.4,58.0,60,1.0
2024-10-01 19:00,57.74,57.6,57.9,60,1.0
2024-10-01 20:00,57.61,57.4,57.8,60,1.0
2024-10-01 21:00,57.56,57.3,57.9,60,1.0
2024-10-01 22:00,57.46,57.3,57.8,60,1.0
2024-10-01 23:00,57.37,57.2,57.7,60,1.0
2024-10-02 00:00,57.37,57.2,57.7,60,1.0
2024-10-02 01:00,57.31,57.1,57.5,60,1.0
2024-10-02 02:00,57.28,57.1,57.5,59,0.983
2024-10-02 03:00,57.2,57.1,57.4,60,1.0
2024-10-02 04:00,57.16,57.0,57.5,60,1.0
2024-10-02 05:00,57.11,57.0,57.2,60,1.0
2024-10-02 06:00,57.09,57.0,57.4,59,0.983
2024-10-02 07:00,57.23,56.9,58.0,59,0.983
2024-10-02 08:00,57.49,57.3,57.8,58,0.967
2024-10-02 09:00,57.5,57.3,57.7,60,1.0
2024-10-02 10:00,57.44,57.2,57.7,60,1.0
2024-10-02 11:00,57.3,57.0,57.5,60,1.0
2024-10-02 12:00,57.25,57.0,57.5,60,1.0
2024-10-02 13:00,57.04,56.7,57.2,60,1.0
2024-10-02 14:00,56.92,56.6,57.2,59,0.983
2024-10-02 15:00,56.9,56.6,57.1,60,1.0
2024-10-02 16:00,56.77,56.6,57.1,60,1.0
2024-10-02 17:00,56.72,56.6,57.0,59,0.983
2024-10-02 18:00,56.64,56.5,56.9,59,0.983
2024-10-02 19:00,56.59,56.5,56.8,59,0.983
2024-10-02 20:00,56.61,56.5,56.9,60,1.0
2024-10-02 21:00,56.65,56.5,56.9,60,1.0
2024-10-02 22:00,56.66,56.5,57.0,60,1.0
2024-10-02 23:00,56.67,56.5,57.0,60,1.0
2024-10-03 00:00,56.7,56.5,57.0,60,1.0
2024-10-03 01:00,56.7,56.4,57.0,60,1.0
2024-10-03 02:00,56.66,56.4,56.9,60,1.0
2024-10-03 03:00,56.68,56.4,56.9,59,0.983
2024-10-03 04:00,56.7,56.4,57.0,60,1.0
2024-10-03 05:00,56.49,56.3,56.8,59,0.983
2024-10-03 06:00,56.59,56.3,56.9,59,0.983
2024-10-03 07:00,56.44,56.2,56.8,60,1.0
2024-10-03 08:00,56.29,55.9,56.9,59,0.983
2024-10-03 09:00,56.23,56.0,56.5,59,0.983
2024-10-03 10:00,56.13,56.0,56.4,60,1.0
2024-10-03 11:00,56.1,55.9,56.5,60,1.0
2024-10-03 12:00,55.96,55.8,56.2,59,0.983
2024-10-03 13:00,56.0,55.9,56.3,60,1.0
2024-10-03 14:00,56.12,55.8,56.3,60,1.0
2024-10-03 15:00,56.11,55.9,56.2,60,1.0
2024-10-03 16:00,56.07,55.8,56.3,60,1.0
2024-10-03 17:00,55.91,55.7,56.3,60,1.0
2024-10-03 18:00,55.86,55.7,56.2,60,1.0
2024-10-03 19:00,55.85,55.7,56.4,60,1.0
2024-10-03 20:00,55.78,55.7,56.0,57,0.95
2024-10-03 21:00,55.8,55.7,56.1,58,0.967
2024-10-03 22:00,55.91,55.7,56.5,56,0.933
2024-10-03 23:00,56.29,56.1,56.6,58,0.967
2024-10-04 00:00,56.32,56.0,56.6,60,1.0
2024-10-04 01:00,56.07,55.9,56.5,59,0.983
2024-10-04 02:00,56.05,55.9,56.3,60,1.0
2024-10-04 03:00,56.03,55.9,56.3,60,1.0
2024-10-04 04:00,56.03,55.9,56.3,60,1.0
2024-10-04 05:00,56.06,55.9,56.3,60,1.0
2024-10-04 06:00,56.14,55.9,56.5,60,1.0
2024-10-04 07:00,56.06,55.8,56.4,60,1.0
2024-10-04 08:00,56.0,55.8,56.3,60,1.0
2024-10-04 09:00,55.88,55.6,56.1,57,0.95
2024-10-04 10:00,55.64,55.4,56.0,58,0.967
2024-10-04 11:00,55.53,55.3,55.9,56,0.933
2024-10-04 12:00,55.47,55.2,55.6,53,0.883
2024-10-04 13:00,55.21,55.1,55.6,59,0.983
2024-10-04 14:00,55.04,54.9,55.2,60,1.0
2024-10-04 15:00,54.96,54.9,55.1,60,1.0
2024-10-04 16:00,54.91,54.8,55.1,60,1.0
2024-10-04 17:00,54.88,54.8,55.0,59,0.983
2024-10-04 18:00,54.93,54.8,55.2,59,0.983
2024-10-04 19:00,55.07,54.8,55.3,59,0.983
2024-10-04 20:00,55.09,54.9,55.3,60,1.0
2024-10-04 21:00,55.06,54.8,55.3,58,0.967
2024-10-04 22:00,55.14,54.8,55.6,60,1.0
2024-10-04 23:00,55.08,54.2,55.6,60,1.0
2024-10-05 00:00,54.73,54.2,55.2,59,0.983
2024-10-05 01:00,55.22,54.9,55.7,60,1.0
2024-10-05 02:00,55.34,55.1,55.7,60,1.0
2024-10-05 03:00,55.45,55.2,55.8,60,1.0
2024-10-05 04:00,55.59,55.4,56.0,60,1.0
2024-10-05 05:00,55.64,55.5,55.9,58,0.967
2024-10-05 06:00,55.25,54.3,55.9,59,0.983
2024-10-05 07:00,54.56,54.2,55.2,60,1.0
2024-10-05 08:00,56.49,55.1,58.0,60,1.0
2024-10-05 09:00,58.55,57.7,59.7,60,1.0
2024-10-05 10:00,60.02,59.4,61.0,59,0.983
2024-10-05 11:00,60.84,60.5,61.1,58,0.967
2024-10-05 12:00,60.97,60.7,61.3,57,0.95
2024-10-05 13:00,60.85,60.7,61.2,60,1.0
2024-10-05 14:00,60.83,60.7,61.0,60,1.0
2024-10-05 15:00,60.78,60.6,61.1,60,1.0
2024-10-05 16:00,59.83,59.4,61.0,60,1.0
2024-10-05 17:00,60.12,59.8,60.4,60,1.0
2024-10-05 18:00,60.3,59.9,60.6,60,1.0
2024-10-05 19:00,60.24,59.6,60.7,60,1.0
2024-10-05 20:00,59.86,59.5,60.1,60,1.0
2024-10-05 21:00,60.33,59.9,60.8,60,1.0
2024-10-05 22:00,60.58,60.3,61.0,60,1.0
2024-10-05 23:00,60.51,60.3,60.7,60,1.0
2024-10-06 00:00,60.46,60.3,60.7,60,1.0
2024-10-06 01:00,60.6,60.4,60.9,60,1.0
2024-10-06 02:00,60.63,60.5,60.8,60,1.0
2024-10-06 03:00,60.66,60.4,60.9,58,0.967
2024-10-06 04:00,60.6,60.5,60.8,49,0.817
2024-10-06 05:00,60.61,60.5,60.9,44,0.733
2024-10-06 06:00,60.59,60.5,60.9,59,0.983
2024-10-06 07:00,60.58,60.5,60.9,60,1.0
2024-10-06 08:00,60.79,60.5,61.1,60,1.0
2024-10-06 09:00,60.78,60.6,61.1,58,0.967
2024-10-06 10:00,60.82,60.7,61.0,58,0.967
2024-10-06 11:00,60.79,60.7,61.0,58,0.967
2024-10-06 12:00,60.67,60.5,60.9,60,1.0
2024-10-06 13:00,60.62,60.4,60.9,60,1.0
2024-10-06 14:00,60.64,60.4,60.9,60,1.0
2024-10-06 15:00,60.54,60.3,60.9,60,1.0
2024-10-06 16:00,60.46,60.2,60.8,60,1.0
2024-10-06 17:00,60.34,60.2,60.7,60,1.0
2024-10-06 18:00,60.47,60.2,60.8,60,1.0
2024-10-06 19:00,60.48,60.2,60.7,60,1.0
2024-10-06 20:00,60.47,60.2,60.7,59,0.983
2024-10-06 21:00,60.34,60.0,60.7,60,1.0
2024-10-06 22:00,60.32,60.0,60.6,60,1.0
2024-10-06 23:00,60.25,59.9,60.5,60,1.0
2024-10-07 00:00,60.1,59.9,60.4,60,1.0
2024-10-07 01:00,60.01,59.8,60.2,60,1.0
2024-10-07 02:00,60.03,59.8,60.5,60,1.0
2024-10-07 03:00,59.92,59.8,60.3,60,1.0
2024-10-07 04:00,59.86,59.7,60.2,60,1.0
2024-10-07 05:00,59.82,59.7,60.1,60,1.0
2024-10-07 06:00,59.77,59.6,60.0,60,1.0
2024-10-07 07:00,59.8,59.6,60.2,60,1.0
2024-10-07 08:00,59.68,59.5,59.9,60,1.0
2024-10-07 09:00,59.64,59.4,60.0,60,1.0
2024-10-07 10:00,59.71,59.4,60.0,60,1.0
2024-10-07 11:00,59.58,59.3,59.9,60,1.0
2024-10-07 12:00,59.56,59.3,59.8,60,1.0
2024-10-07 13:00,59.43,59.1,59.7,60,1.0
2024-10-07 14:00,59.26,59.0,59.6,60,1.0
2024-10-07 15:00,59.14,59.0,59.4,60,1.0
2024-10-07 16:00,59.09,58.9,59.4,60,1.0
2024-10-07 17:00,59.03,58.9,59.2,60,1.0
2024-10-07 18:00,59.02,58.9,59.3,60,1.0
2024-10-07 19:00,59.11,58.9,59.4,60,1.0
2024-10-07 20:00,59.12,58.8,59.4,60,1.0
2024-10-07 21:00,59.19,58.9,59.6,60,1.0
2024-10-07 22:00,59.14,58.8,59.4,60,1.0
2024-10-07 23:00,59.13,58.9,59.4,60,1.0
2024-10-08 00:00,59.09,58.8,59.3,60,1.0
2024-10-08 01:00,59.09,58.8,59.3,60,1.0
2024-10-08 02:00,59.01,58.8,59.2,60,1.0
2024-10-08 03:00,58.99,58.8,59.2,60,1.0
2024-10-08 04:00,58.86,58.5,59.1,60,1.0
2024-10-08 05:00,58.86,58.5,59.1,60,1.0
2024-10-08 06:00,58.74,58.5,59.2,60,1.0
2024-10-08 07:00,58.79,58.5,59.2,60,1.0
2024-10-08 08:00,58.5,58.4,58.8,60,1.0
2024-10-08 09:00,58.39,58.2,58.6,60,1.0
2024-10-08 10:00,58.26,58.1,58.6,60,1.0
2024-10-08 11:00,58.12,58.0,58.3,60,1.0
2024-10-08 12:00,57.99,57.8,58.3,60,1.0
2024-10-08 13:00,57.94,57.8,58.2,60,1.0
2024-10-08 14:00,57.86,57.7,58.1,59,0.983
2024-10-08 15:00,57.85,57.7,58.2,60,1.0
2024-10-08 16:00,57.98,57.7,58.4,60,1.0
2024-10-08 17:00,58.06,57.9,58.2,60,1.0
2024-10-08 18:00,58.0,57.7,58.3,60,1.0
2024-10-08 19:00,56.76,56.4,58.1,60,1.0
2024-10-08 20:00,56.88,56.5,57.4,60,1.0
2024-10-08 21:00,58.98,57.5,60.5,60,1.0
2024-10-08 22:00,61.78,60.6,62.7,60,1.0
2024-10-08 23:00,63.1,62.6,63.6,60,1.0
2024-10-09 00:00,63.69,63.4,64.1,60,1.0
2024-10-09 01:00,63.86,63.6,64.2,60,1.0
2024-10-09 02:00,63.87,63.7,64.1,59,0.983
2024-10-09 03:00,63.89,63.6,64.2,59,0.983
2024-10-09 04:00,63.83,63.4,64.3,60,1.0
2024-10-09 05:00,65.96,64.2,67.4,60,1.0
2024-10-09 06:00,67.73,67.2,68.1,60,1.0
2024-10-09 07:00,67.61,67.4,68.0,57,0.95
2024-10-09 08:00,67.58,67.3,68.0,60,1.0
2024-10-09 09:00,67.36,67.0,67.7,56,0.933
2024-10-09 10:00,67.13,66.7,67.4,60,1.0
2024-10-09 11:00,66.99,66.7,67.2,60,1.0
2024-10-09 12:00,66.81,66.5,67.0,60,1.0
2024-10-09 13:00,66.61,66.4,66.9,48,0.8
2024-10-09 14:00,66.49,66.3,66.7,49,0.817
2024-10-09 15:00,66.35,66.0,66.6,50,0.833
2024-10-09 16:00,66.18,65.7,66.4,60,1.0
2024-10-09 17:00,66.02,65.8,66.3,60,1.0
2024-10-09 18:00,65.77,65.4,66.1,58,0.967
2024-10-09 19:00,65.47,65.3,65.9,55,0.917
2024-10-09 20:00,65.33,65.2,65.5,43,0.717
2024-10-09 21:00,65.28,65.1,65.6,57,0.95
2024-10-09 22:00,65.14,65.0,65.4,59,0.983
2024-10-09 23:00,65.06,64.9,65.3,60,1.0
2024-10-10 00:00,64.96,64.7,65.4,60,1.0
2024-10-10 01:00,64.95,64.7,65.2,60,1.0
2024-10-10 02:00,64.9,64.6,65.6,60,1.0
2024-10-10 03:00,64.83,64.6,65.2,60,1.0
2024-10-10 04:00,64.92,64.6,65.2,60,1.0
2024-10-10 05:00,64.72,64.3,65.1,60,1.0
2024-10-10 06:00,64.61,64.3,65.1,60,1.0
2024-10-10 07:00,64.43,64.2,64.8,60,1.0
2024-10-10 08:00,64.29,64.1,64.5,60,1.0
2024-10-10 09:00,64.36,64.0,64.7,60,1.0
2024-10-10 10:00,64.14,64.0,64.3,57,0.95
2024-10-10 11:00,64.04,63.9,64.3,45,0.75
2024-10-10 12:00,63.88,63.7,64.1,52,0.867
2024-10-10 13:00,63.76,63.6,64.0,59,0.983
2024-10-10 14:00,63.7,63.5,63.9,60,1.0
2024-10-10 15:00,63.81,63.5,64.1,60,1.0
2024-10-10 16:00,63.84,63.5,64.0,60,1.0
2024-10-10 17:00,63.78,63.4,64.1,60,1.0
2024-10-10 18:00,63.46,63.3,63.6,58,0.967
2024-10-10 19:00,63.43,63.2,63.8,58,0.967
2024-10-10 20:00,62.67,62.2,63.5,60,1.0
2024-10-10 21:00,62.76,62.3,63.1,60,1.0
2024-10-10 22:00,62.79,62.3,63.1,60,1.0
2024-10-10 23:00,63.02,62.6,63.5,60,1.0
2024-10-11 00:00,63.36,63.1,63.7,60,1.0
2024-10-11 01:00,63.42,63.2,63.6,60,1.0
2024-10-11 02:00,63.54,63.4,63.7,60,1.0
2024-10-11 03:00,63.58,63.5,63.8,60,1.0
2024-10-11 04:00,63.57,63.4,63.7,60,1.0
2024-10-11 05:00,63.58,63.4,63.8,60,1.0
2024-10-11 06:00,63.56,63.4,63.8,60,1.0
2024-10-11 07:00,63.52,63.3,63.9,60,1.0
2024-10-11 08:00,63.69,63.3,64.0,60,1.0
2024-10-11 09:00,63.46,63.3,63.8,58,0.967
2024-10-11 10:00,63.36,63.1,63.6,57,0.95
2024-10-11 11:00,63.3,63.1,63.6,57,0.95
2024-10-11 12:00,63.33,63.0,63.5,59,0.983
2024-10-11 13:00,63.31,63.0,63.5,60,1.0
2024-10-11 14:00,63.15,62.7,63.5,60,1.0
2024-10-11 15:00,63.15,62.8,63.4,60,1.0
2024-10-11 16:00,62.94,62.6,63.3,60,1.0
2024-10-11 17:00,62.79,62.6,63.1,60,1.0
2024-10-11 18:00,62.68,62.5,63.0,60,1.0
2024-10-11 19:00,62.64,62.5,62.8,60,1.0
2024-10-11 20:00,62.63,62.5,62.9,60,1.0
2024-10-11 21:00,62.58,62.4,62.8,60,1.0
2024-10-11 22:00,62.69,62.4,63.1,60,1.0
2024-10-11 23:00,62.76,62.4,63.0,60,1.0
2024-10-12 00:00,62.62,62.3,63.0,60,1.0
2024-10-12 01:00,62.6,62.3,62.9,60,1.0
2024-10-12 02:00,62.64,62.3,62.9,60,1.0
2024-10-12 03:00,62.65,62.4,62.9,60,1.0
2024-10-12 04:00,62.6,62.4,63.0,60,1.0
2024-10-12 05:00,62.58,62.4,62.8,60,1.0
2024-10-12 06:00,62.48,62.2,62.7,60,1.0
2024-10-12 07:00,62.41,62.1,62.7,60,1.0
2024-10-12 08:00,62.29,62.0,62.6,54,0.9
2024-10-12 09:00,62.12,61.8,62.4,52,0.867
2024-10-12 10:00,62.1,61.8,62.4,58,0.967
2024-10-12 11:00,61.99,61.7,62.3,53,0.883
2024-10-12 12:00,61.91,61.6,62.1,51,0.85
2024-10-12 13:00,61.88,61.6,62.1,48,0.8
2024-10-12 14:00,61.69,61.4,61.9,53,0.883
2024-10-12 15:00,61.6,61.4,61.9,60,1.0
2024-10-12 16:00,61.48,61.3,61.8,60,1.0
2024-10-12 17:00,61.39,61.2,61.6,60,1.0
2024-10-12 18:00,61.37,61.2,61.5,60,1.0
2024-10-12 19:00,61.4,61.2,61.6,60,1.0
2024-10-12 20:00,61.42,61.2,61.7,60,1.0
2024-10-12 21:00,61.45,61.1,61.8,60,1.0
2024-10-12 22:00,61.42,61.1,61.7,60,1.0
2024-10-12 23:00,61.39,61.1,61.7,60,1.0
2024-10-13 00:00,61.31,61.0,61.6,60,1.0
2024-10-13 01:00,61.3,61.0,61.6,60,1.0
2024-10-13 02:00,61.32,61.1,61.5,60,1.0
2024-10-13 03:00,61.32,61.1,61.6,60,1.0
2024-10-13 04:00,61.25,61.0,61.5,60,1.0
2024-10-13 05:00,61.22,61.0,61.4,60,1.0
2024-10-13 06:00,61.15,60.9,61.5,60,1.0
2024-10-13 07:00,61.14,60.8,61.5,60,1.0
2024-10-13 08:00,60.91,60.7,61.2,58,0.967
2024-10-13 09:00,60.64,60.5,60.9,52,0.867
2024-10-13 10:00,60.54,60.4,60.8,57,0.95
2024-10-13 11:00,60.59,60.3,60.9,58,0.967
2024-10-13 12:00,60.5,60.3,60.9,59,0.983
2024-10-13 13:00,60.58,60.2,60.8,60,1.0
2024-10-13 14:00,60.53,60.2,60.7,60,1.0
2024-10-13 15:00,60.47,60.2,60.8,60,1.0
2024-10-13 16:00,60.33,60.1,60.7,59,0.983
2024-10-13 17:00,60.18,60.0,60.5,58,0.967
2024-10-13 18:00,60.11,60.0,60.3,60,1.0
2024-10-13 19:00,60.09,60.0,60.3,60,1.0
2024-10-13 20:00,60.08,59.9,60.3,59,0.983
2024-10-13 21:00,60.1,59.9,60.5,59,0.983
2024-10-13 22:00,60.14,59.9,60.5,60,1.0
2024-10-13 23:00,60.22,59.9,60.5,59,0.983
2024-10-14 00:00,60.26,59.9,60.5,59,0.983
2024-10-14 01:00,60.29,60.0,60.5,60,1.0
2024-10-14 02:00,60.26,59.9,60.5,60,1.0
2024-10-14 03:00,60.27,60.0,60.5,59,0.983
2024-10-14 04:00,60.25,59.9,60.4,57,0.95
2024-10-14 05:00,60.17,59.9,60.4,60,1.0
2024-10-14 06:00,60.12,59.8,60.3,59,0.983
2024-10-14 07:00,60.09,59.7,60.3,60,1.0
2024-10-14 08:00,59.96,59.6,60.2,60,1.0
2024-10-14 09:00,59.69,59.4,60.0,58,0.967
2024-10-14 10:00,59.52,59.3,59.8,60,1.0
2024-10-14 11:00,59.47,59.2,59.7,59,0.983
2024-10-14 12:00,59.48,59.1,59.7,60,1.0
2024-10-14 13:00,59.48,59.2,59.7,60,1.0
2024-10-14 14:00,59.33,59.0,59.6,60,1.0
2024-10-14 15:00,59.18,59.0,59.5,60,1.0
2024-10-14 16:00,59.1,58.9,59.5,60,1.0
2024-10-14 17:00,59.02,58.9,59.3,60,1.0
2024-10-14 18:00,59.0,58.9,59.2,60,1.0
2024-10-14 19:00,58.98,58.9,59.2,60,1.0
2024-10-14 20:00,59.08,58.9,59.4,60,1.0
2024-10-14 21:00,59.14,58.9,59.4,60,1.0
2024-10-14 22:00,59.18,58.9,59.5,60,1.0
2024-10-14 23:00,59.19,59.0,59.4,60,1.0
2024-10-15 00:00,59.13,58.8,59.4,60,1.0
2024-10-15 01:00,59.11,58.9,59.3,60,1.0
2024-10-15 02:00,59.1,58.8,59.4,59,0.983
2024-10-15 03:00,59.11,58.9,59.4,60,1.0
2024-10-15 04:00,59.07,58.8,59.3,60,1.0
2024-10-15 05:00,59.07,58.8,59.3,59,0.983
2024-10-15 06:00,59.04,58.9,59.3,60,1.0
2024-10-15 07:00,58.84,58.6,59.1,60,1.0
2024-10-15 08:00,58.88,58.6,59.3,60,1.0
2024-10-15 09:00,58.63,58.5,58.8,60,1.0
2024-10-15 10:00,58.57,58.4,58.8,57,0.95
2024-10-15 11:00,58.46,58.3,58.6,60,1.0
2024-10-15 12:00,58.39,58.3,58.6,60,1.0
2024-10-15 13:00,58.33,58.1,58.7,60,1.0
2024-10-15 14:00,58.33,58.1,58.6,60,1.0
2024-10-15 15:00,58.38,58.1,58.6,60,1.0
2024-10-15 16:00,58.42,58.2,58.6,60,1.0
2024-10-15 17:00,58.43,58.1,58.7,60,1.0
2024-10-15 18:00,58.4,58.1,58.7,60,1.0
2024-10-15 19:00,58.26,58.0,58.5,60,1.0
2024-10-15 20:00,58.12,58.0,58.4,60,1.0
2024-10-15 21:00,58.07,58.0,58.2,60,1.0
2024-10-15 22:00,58.06,57.9,58.2,21,0.35
2024-10-19 09:00,79.32,79.0,79.6,26,0.433
2024-10-19 10:00,79.54,79.1,79.8,48,0.8
2024-10-19 11:00,78.72,78.3,79.4,58,0.967
2024-10-19 12:00,78.21,77.3,78.7,60,1.0
2024-10-19 13:00,76.56,75.9,77.3,58,0.967
2024-10-19 14:00,75.38,74.9,76.0,60,1.0
2024-10-19 15:00,74.5,73.9,75.1,60,1.0
2024-10-19 16:00,73.79,73.3,74.3,59,0.983
2024-10-19 17:00,73.03,72.5,73.4,53,0.883
2024-10-19 18:00,72.48,71.9,73.0,60,1.0
2024-10-19 19:00,71.91,71.5,72.3,59,0.983
2024-10-19 20:00,71.44,71.1,71.9,60,1.0
2024-10-19 21:00,71.16,70.6,71.5,60,1.0
2024-10-19 22:00,70.83,70.4,71.2,60,1.0
2024-10-19 23:00,70.56,70.2,70.9,60,1.0
2024-10-20 00:00,70.31,70.1,70.7,60,1.0
2024-10-20 01:00,70.06,69.8,70.4,60,1.0
2024-10-20 02:00,69.88,69.6,70.1,57,0.95
2024-10-20 03:00,69.65,69.4,69.8,59,0.983
2024-10-20 04:00,69.48,69.2,69.8,59,0.983
2024-10-20 05:00,69.26,69.0,69.6,60,1.0
2024-10-20 06:00,69.17,68.9,69.5,60,1.0
2024-10-20 07:00,69.31,68.9,69.6,60,1.0
2024-10-20 08:00,69.1,68.9,69.4,60,1.0
2024-10-20 09:00,69.11,68.8,69.5,59,0.983
2024-10-20 10:00,69.02,68.7,69.5,60,1.0
2024-10-20 11:00,68.98,68.7,69.4,60,1.0
2024-10-20 12:00,68.66,68.4,69.1,60,1.0
2024-10-20 13:00,68.73,68.4,69.0,60,1.0
2024-10-20 14:00,68.59,68.2,68.9,60,1.0
2024-10-20 15:00,68.27,68.1,68.5,60,1.0
2024-10-20 16:00,68.13,68.0,68.3,60,1.0
2024-10-20 17:00,68.11,67.9,68.4,60,1.0
2024-10-20 18:00,67.98,67.7,68.2,60,1.0
2024-10-20 19:00,67.99,67.7,68.3,60,1.0
2024-10-20 20:00,67.91,67.6,68.4,60,1.0
2024-10-20 21:00,67.84,67.5,68.2,59,0.983
2024-10-20 22:00,67.77,67.4,68.0,60,1.0
2024-10-20 23:00,67.67,67.4,68.0,60,1.0
2024-10-21 00:00,67.56,67.3,67.8,60,1.0
2024-10-21 01:00,67.55,67.3,67.8,60,1.0
2024-10-21 02:00,67.51,67.2,68.0,60,1.0
2024-10-21 03:00,67.45,67.2,67.8,60,1.0
2024-10-21 04:00,67.47,67.0,67.7,60,1.0
2024-10-21 05:00,67.33,67.0,67.7,60,1.0
2024-10-21 06:00,67.19,67.0,67.6,60,1.0
2024-10-21 07:00,67.04,66.9,67.4,60,1.0
2024-10-21 08:00,66.96,66.8,67.4,60,1.0
2024-10-21 09:00,66.84,66.7,67.1,60,1.0
2024-10-21 10:00,67.02,66.6,67.3,60,1.0
2024-10-21 11:00,67.06,66.9,67.3,54,0.9
2024-10-21 12:00,66.95,66.7,67.2,44,0.733
2024-10-21 13:00,66.72,66.5,67.1,51,0.85
2024-10-21 14:00,66.59,66.4,67.2,60,1.0
2024-10-21 15:00,67.1,66.8,67.4,60,1.0
2024-10-21 16:00,67.13,66.8,67.5,60,1.0
2024-10-21 17:00,67.0,66.7,67.3,60,1.0
2024-10-21 18:00,66.8,66.6,67.2,60,1.0
2024-10-21 19:00,66.66,66.5,67.0,60,1.0
2024-10-21 20:00,66.64,66.5,67.0,60,1.0
2024-10-21 21:00,66.59,66.5,66.8,60,1.0
2024-10-21 22:00,66.52,66.4,66.7,60,1.0
2024-10-21 23:00,66.55,66.4,66.8,60,1.0
2024-10-22 00:00,66.56,66.4,66.9,60,1.0
2024-10-22 01:00,66.49,66.3,66.9,60,1.0
2024-10-22 02:00,66.42,66.2,66.8,60,1.0
2024-10-22 03:00,66.4,66.1,66.8,60,1.0
2024-10-22 04:00,66.41,66.2,66.8,60,1.0
2024-10-22 05:00,66.4,66.1,66.7,60,1.0
2024-10-22 06:00,66.39,66.1,66.8,60,1.0
2024-10-22 07:00,66.25,66.0,66.7,60,1.0
2024-10-22 08:00,66.15,65.9,66.5,60,1.0
2024-10-22 09:00,66.1,65.9,66.5,53,0.883
2024-10-22 10:00,65.97,65.8,66.2,60,1.0
2024-10-22 11:00,65.94,65.8,66.3,59,0.983
2024-10-22 12:00,65.85,65.7,66.0,60,1.0
2024-10-22 13:00,65.9,65.6,66.3,60,1.0
2024-10-22 14:00,65.96,65.7,66.2,60,1.0
2024-10-22 15:00,65.97,65.7,66.2,59,0.983
2024-10-22 16:00,65.86,65.6,66.1,59,0.983
2024-10-22 17:00,65.82,65.5,66.0,60,1.0
2024-10-22 18:00,65.68,65.5,66.0,60,1.0
2024-10-22 19:00,65.54,65.4,65.8,60,1.0
2024-10-22 20:00,65.51,65.4,65.7,60,1.0
2024-10-22 21:00,65.52,65.4,66.0,60,1.0
2024-10-22 22:00,65.5,65.3,65.8,60,1.0
2024-10-22 23:00,65.51,65.3,65.8,60,1.0
2024-10-23 00:00,65.46,65.3,65.7,59,0.983
2024-10-23 01:00,65.43,65.2,65.8,60,1.0
2024-10-23 02:00,65.41,65.2,65.7,60,1.0
2024-10-23 03:00,65.45,65.2,65.7,60,1.0
2024-10-23 04:00,65.43,65.2,65.7,60,1.0
2024-10-23 05:00,65.41,65.1,65.7,59,0.983
2024-10-23 06:00,65.37,65.1,65.6,47,0.783
2024-10-23 07:00,65.25,65.0,65.6,55,0.917
2024-10-23 08:00,65.12,64.9,65.5,60,1.0
2024-10-23 09:00,65.01,64.9,65.2,55,0.917
2024-10-23 10:00,65.07,64.8,65.4,60,1.0
2024-10-23 11:00,64.86,64.7,65.0,60,1.0
2024-10-23 12:00,64.91,64.6,65.2,59,0.983
2024-10-23 13:00,64.97,64.6,65.3,60,1.0
2024-10-23 14:00,64.93,64.7,65.1,60,1.0
2024-10-23 15:00,64.87,64.6,65.1,60,1.0
2024-10-23 16:00,64.86,64.5,65.1,60,1.0
2024-10-23 17:00,64.72,64.4,65.0,60,1.0
2024-10-23 18:00,64.57,64.3,64.9,60,1.0
2024-10-23 19:00,64.52,64.4,64.8,60,1.0
2024-10-23 20:00,64.47,64.4,64.6,60,1.0
2024-10-23 21:00,64.48,64.3,64.7,60,1.0
2024-10-23 22:00,64.43,64.2,64.7,60,1.0
2024-10-23 23:00,64.24,63.9,64.6,60,1.0
2024-10-24 00:00,64.34,64.1,64.6,60,1.0
2024-10-24 01:00,64.35,64.1,64.6,60,1.0
2024-10-24 02:00,64.41,64.2,64.8,59,0.983
2024-10-24 03:00,64.44,64.1,64.6,60,1.0
2024-10-24 04:00,64.4,64.1,64.7,60,1.0
2024-10-24 05:00,64.32,64.0,64.6,60,1.0
2024-10-24 06:00,64.25,64.0,64.6,60,1.0
2024-10-24 07:00,64.18,63.9,64.5,60,1.0
2024-10-24 08:00,64.18,63.9,64.6,60,1.0
2024-10-24 09:00,64.12,63.8,64.4,60,1.0
2024-10-24 10:00,63.97,63.7,64.2,59,0.983
2024-10-24 11:00,64.02,63.7,64.4,60,1.0
2024-10-24 12:00,63.79,63.6,64.1,60,1.0
2024-10-24 13:00,63.94,63.6,64.1,60,1.0
2024-10-24 14:00,63.91,63.7,64.1,60,1.0
2024-10-24 15:00,63.87,63.7,64.1,58,0.967
2024-10-24 16:00,63.85,63.6,64.1,59,0.983
2024-10-24 17:00,63.81,63.5,64.0,60,1.0
2024-10-24 18:00,63.58,63.4,63.9,59,0.983
2024-10-24 19:00,63.43,63.3,63.7,60,1.0
2024-10-24 20:00,63.4,63.3,63.9,59,0.983
2024-10-24 21:00,63.38,63.2,63.6,58,0.967
2024-10-24 22:00,63.35,63.2,63.7,60,1.0
2024-10-24 23:00,63.36,63.2,63.6,60,1.0
2024-10-25 00:00,63.34,63.2,63.5,60,1.0
2024-10-25 01:00,63.33,63.2,63.6,60,1.0
2024-10-25 02:00,63.32,63.2,63.5,60,1.0
2024-10-25 03:00,63.14,62.8,63.5,60,1.0
2024-10-25 04:00,63.01,62.8,63.3,59,0.983
2024-10-25 05:00,62.98,62.8,63.4,59,0.983
2024-10-25 06:00,63.01,62.7,63.3,60,1.0
2024-10-25 07:00,62.99,62.7,63.4,58,0.967
2024-10-25 08:00,63.0,62.7,63.3,60,1.0
2024-10-25 09:00,62.93,62.6,63.3,60,1.0
2024-10-25 10:00,62.78,62.5,63.2,60,1.0
2024-10-25 11:00,62.69,62.5,63.0,60,1.0
2024-10-25 12:00,62.71,62.5,63.1,60,1.0
2024-10-25 13:00,62.5,62.3,62.8,60,1.0
2024-10-25 14:00,62.71,62.4,62.9,60,1.0
2024-10-25 15:00,62.71,62.5,62.9,60,1.0
2024-10-25 16:00,62.62,62.4,62.9,58,0.967
2024-10-25 17:00,62.47,62.2,62.9,60,1.0
2024-10-25 18:00,62.37,62.2,62.7,58,0.967
2024-10-25 19:00,62.34,62.2,62.6,59,0.983
2024-10-25 20:00,62.31,62.2,62.5,58,0.967
2024-10-25 21:00,62.32,62.2,62.5,60,1.0
2024-10-25 22:00,62.34,62.2,62.6,60,1.0
2024-10-25 23:00,62.34,62.1,62.7,60,1.0
2024-10-26 00:00,62.43,62.1,62.9,60,1.0
2024-10-26 01:00,62.42,62.1,62.7,60,1.0
2024-10-26 02:00,62.41,62.1,62.8,52,0.867
2024-10-26 03:00,62.4,62.1,62.8,54,0.9
2024-10-26 04:00,62.46,62.1,62.7,60,1.0
2024-10-26 05:00,62.44,62.2,62.7,60,1.0
2024-10-26 06:00,62.39,62.0,62.6,60,1.0
2024-10-26 07:00,62.18,62.0,62.5,60,1.0
2024-10-26 08:00,62.23,61.9,62.6,60,1.0
2024-10-26 09:00,62.34,62.1,62.6,60,1.0
2024-10-26 10:00,62.22,61.9,62.5,59,0.983
2024-10-26 11:00,62.16,62.0,62.3,59,0.983
2024-10-26 12:00,62.08,61.9,62.2,60,1.0
2024-10-26 13:00,62.06,61.8,62.4,60,1.0
2024-10-26 14:00,62.0,61.7,62.3,60,1.0
2024-10-26 15:00,61.98,61.8,62.1,60,1.0
2024-10-26 16:00,61.96,61.8,62.2,59,0.983
2024-10-26 17:00,61.77,61.5,62.1,60,1.0
2024-10-26 18:00,61.68,61.5,62.0,60,1.0
2024-10-26 19:00,61.62,61.5,61.8,60,1.0
2024-10-26 20:00,61.59,61.5,61.8,60,1.0
2024-10-26 21:00,61.62,61.5,61.9,60,1.0
2024-10-26 22:00,61.67,61.5,61.9,60,1.0
2024-10-26 23:00,61.55,61.4,61.8,60,1.0
2024-10-27 00:00,61.58,61.4,61.8,60,1.0
2024-10-27 01:00,61.6,61.4,61.8,60,1.0
2024-10-27 02:00,61.58,61.4,62.0,60,1.0
2024-10-27 03:00,61.62,61.4,61.9,60,1.0
2024-10-27 04:00,61.58,61.3,61.9,60,1.0
2024-10-27 05:00,61.66,61.4,61.9,60,1.0
2024-10-27 06:00,61.6,61.3,61.9,60,1.0
2024-10-27 07:00,61.45,61.2,61.9,60,1.0
2024-10-27 08:00,61.37,61.2,61.8,60,1.0
2024-10-27 09:00,61.46,61.1,61.7,59,0.983
2024-10-27 10:00,61.44,61.2,61.6,60,1.0
2024-10-27 11:00,61.33,61.1,61.6,59,0.983
2024-10-27 12:00,61.18,60.8,61.4,60,1.0
2024-10-27 13:00,61.09,60.8,61.3,60,1.0
2024-10-27 14:00,61.03,60.7,61.3,60,1.0
2024-10-27 15:00,60.89,60.7,61.3,60,1.0
2024-10-27 16:00,60.84,60.7,61.2,60,1.0
2024-10-27 17:00,60.8,60.7,61.1,60,1.0
2024-10-27 18:00,60.78,60.7,61.0,59,0.983
2024-10-27 19:00,60.82,60.6,61.1,60,1.0
2024-10-27 20:00,60.86,60.6,61.3,60,1.0
2024-10-27 21:00,60.86,60.6,61.2,60,1.0
2024-10-27 22:00,60.94,60.6,61.3,60,1.0
2024-10-27 23:00,60.97,60.7,61.2,60,1.0
2024-10-28 00:00,60.88,60.6,61.2,60,1.0
2024-10-28 01:00,60.77,60.5,61.1,59,0.983
2024-10-28 02:00,60.88,60.5,61.2,60,1.0
2024-10-28 03:00,60.9,60.6,61.1,60,1.0
2024-10-28 04:00,60.86,60.6,61.1,53,0.883
2024-10-28 05:00,60.86,60.7,61.0,46,0.767
2024-10-28 06:00,60.82,60.7,61.1,56,0.933
2024-10-28 07:00,60.72,60.4,61.0,60,1.0
2024-10-28 08:00,60.58,60.3,61.0,60,1.0
2024-10-28 09:00,60.52,60.3,60.9,60,1.0
2024-10-28 10:00,60.61,60.2,60.9,60,1.0
2024-10-28 11:00,60.54,60.3,60.8,60,1.0
2024-10-28 12:00,60.37,60.1,60.6,60,1.0
2024-10-28 13:00,60.31,60.0,60.6,60,1.0
2024-10-28 14:00,60.17,60.0,60.6,60,1.0
2024-10-28 15:00,60.12,60.0,60.4,60,1.0
2024-10-28 16:00,60.07,59.9,60.3,60,1.0
2024-10-28 17:00,60.06,59.9,60.2,60,1.0
2024-10-28 18:00,60.04,59.9,60.3,60,1.0
2024-10-28 19:00,60.05,59.9,60.3,59,0.983
2024-10-28 20:00,60.08,59.9,60.3,57,0.95
2024-10-28 21:00,60.12,59.9,60.4,59,0.983
2024-10-28 22:00,60.13,59.9,60.4,60,1.0
2024-10-28 23:00,60.11,59.9,60.5,60,1.0
2024-10-29 00:00,60.13,59.9,60.4,60,1.0
2024-10-29 01:00,60.12,59.9,60.4,60,1.0
2024-10-29 02:00,60.13,59.8,60.5,59,0.983
2024-10-29 03:00,60.15,59.9,60.4,60,1.0
2024-10-29 04:00,60.1,59.8,60.4,60,1.0
2024-10-29 05:00,60.09,59.9,60.4,60,1.0
2024-10-29 06:00,60.1,59.8,60.3,60,1.0
2024-10-29 07:00,60.11,59.8,60.4,60,1.0
2024-10-29 08:00,59.93,59.8,60.3,60,1.0
2024-10-29 09:00,59.9,59.7,60.2,60,1.0
2024-10-29 10:00,59.78,59.6,60.0,60,1.0
2024-10-29 11:00,59.79,59.6,60.0,60,1.0
2024-10-29 12:00,59.76,59.5,60.0,59,0.983
2024-10-29 13:00,59.85,59.6,60.1,60,1.0
2024-10-29 14:00,59.84,59.7,60.0,60,1.0
2024-10-29 15:00,59.79,59.5,60.1,60,1.0
2024-10-29 16:00,59.75,59.5,60.0,60,1.0
2024-10-29 17:00,59.74,59.5,60.0,60,1.0
2024-10-29 18:00,59.62,59.4,60.0,60,1.0
2024-10-29 19:00,59.52,59.4,59.9,60,1.0
2024-10-29 20:00,59.48,59.4,59.7,60,1.0
2024-10-29 21:00,59.48,59.4,59.6,60,1.0
2024-10-29 22:00,59.46,59.3,59.6,60,1.0
2024-10-29 23:00,59.45,59.3,59.8,60,1.0
2024-10-30 00:00,59.44,59.3,59.7,60,1.0
2024-10-30 01:00,59.41,59.3,59.6,60,1.0
2024-10-30 02:00,59.38,59.3,59.6,60,1.0
2024-10-30 03:00,59.38,59.3,59.6,60,1.0
2024-10-30 04:00,59.38,59.3,59.6,60,1.0
2024-10-30 05:00,59.36,59.2,59.6,60,1.0
2024-10-30 06:00,59.34,59.2,59.7,60,1.0
2024-10-30 07:00,59.37,59.2,59.6,60,1.0
2024-10-30 08:00,59.41,59.2,59.7,60,1.0
2024-10-30 09:00,59.39,59.1,59.7,60,1.0
2024-10-30 10:00,59.16,59.0,59.4,60,1.0
2024-10-30 11:00,59.1,59.0,59.3,60,1.0
2024-10-30 12:00,59.12,58.9,59.4,59,0.983
2024-10-30 13:00,59.02,58.9,59.2,60,1.0
2024-10-30 14:00,59.21,58.9,59.4,60,1.0
2024-10-30 15:00,59.25,59.0,59.5,60,1.0
2024-10-30 16:00,59.23,59.1,59.4,60,1.0
2024-10-30 17:00,59.18,58.9,59.3,60,1.0
2024-10-30 18:00,59.07,58.8,59.4,60,1.0
2024-10-30 19:00,59.04,58.9,59.3,60,1.0
2024-10-30 20:00,58.98,58.8,59.2,60,1.0
2024-10-30 21:00,58.92,58.8,59.2,60,1.0
2024-10-30 22:00,58.87,58.8,59.1,60,1.0
2024-10-30 23:00,58.89,58.5,59.1,60,1.0
2024-10-31 00:00,58.84,58.7,59.1,60,1.0
2024-10-31 01:00,58.82,58.7,59.2,60,1.0
2024-10-31 02:00,58.79,58.7,58.9,60,1.0
2024-10-31 03:00,58.77,58.6,59.0,60,1.0
2024-10-31 04:00,58.75,58.6,59.1,60,1.0
2024-10-31 05:00,58.7,58.6,59.0,60,1.0
2024-10-31 06:00,58.68,58.5,58.8,49,0.817
2024-10-31 07:00,58.7,58.6,59.0,48,0.8
2024-10-31 08:00,58.69,58.5,59.1,57,0.95
2024-10-31 09:00,58.77,58.5,59.0,59,0.983
2024-10-31 10:00,58.55,58.4,59.0,56,0.933
2024-10-31 11:00,58.57,58.3,58.9,60,1.0
2024-10-31 12:00,58.62,58.3,58.9,60,1.0
2024-10-31 13:00,58.61,57.9,59.4,60,1.0
2024-10-31 14:00,58.54,58.3,58.8,59,0.983
2024-10-31 15:00,58.43,58.2,58.7,56,0.933
2024-10-31 16:00,58.4,58.2,58.7,56,0.933
2024-10-31 17:00,58.39,58.1,58.6,45,0.75
2024-10-31 18:00,58.31,58.2,58.6,56,0.933
2024-10-31 19:00,58.27,58.1,58.6,60,1.0
2024-10-31 20:00,58.24,58.1,58.5,60,1.0
2024-10-31 21:00,58.22,58.1,58.5,60,1.0
2024-10-31 22:00,58.18,58.1,58.3,60,1.0
2024-10-31 23:00,58.15,58.0,58.5,60,1.0
2024-11-01 00:00,58.13,58.0,58.3,60,1.0
2024-11-01 01:00,58.09,58.0,58.2,60,1.0
2024-11-01 02:00,58.11,58.0,58.3,60,1.0
2024-11-01 03:00,58.06,57.9,58.3,60,1.0
2024-11-01 04:00,58.02,57.9,58.2,60,1.0
2024-11-01 05:00,58.0,57.9,58.2,60,1.0
2024-11-01 06:00,57.98,57.9,58.2,60,1.0
2024-11-01 07:00,58.04,57.8,58.4,59,0.983
2024-11-01 08:00,58.06,57.8,58.3,59,0.983
2024-11-01 09:00,58.15,57.9,58.4,59,0.983
2024-11-01 10:00,58.06,57.8,58.3,57,0.95
2024-11-01 11:00,57.97,57.7,58.2,59,0.983
2024-11-01 12:00,57.86,57.5,58.1,59,0.983
2024-11-01 13:00,57.69,57.5,58.0,60,1.0
2024-11-01 14:00,57.58,57.5,57.9,60,1.0
2024-11-01 15:00,57.6,57.5,57.9,60,1.0
2024-11-01 16:00,57.57,57.5,57.8,60,1.0
2024-11-01 17:00,57.54,57.4,57.7,60,1.0
2024-11-01 18:00,57.53,57.4,57.6,60,1.0
2024-11-01 19:00,57.52,57.4,57.6,60,1.0
2024-11-01 20:00,57.51,57.4,57.7,60,1.0
2024-11-01 21:00,57.5,57.4,57.9,60,1.0
2024-11-01 22:00,57.47,57.3,57.8,60,1.0
2024-11-01 23:00,57.46,57.3,57.7,60,1.0
2024-11-02 00:00,57.45,57.3,57.6,60,1.0
2024-11-02 01:00,57.42,57.3,57.6,60,1.0
2024-11-02 02:00,57.39,57.3,57.6,60,1.0
2024-11-02 03:00,57.38,57.3,57.6,60,1.0
2024-11-02 04:00,57.45,57.3,57.8,60,1.0
2024-11-02 05:00,57.37,57.2,57.6,60,1.0
2024-11-02 06:00,57.35,57.2,57.6,60,1.0
2024-11-02 07:00,57.4,57.2,57.8,60,1.0
2024-11-02 08:00,57.41,57.2,57.8,60,1.0
2024-11-02 09:00,57.51,57.3,57.8,60,1.0
2024-11-02 10:00,57.25,57.0,57.6,60,1.0
2024-11-02 11:00,57.16,57.0,57.5,60,1.0
2024-11-02 12:00,57.23,57.0,57.5,60,1.0
2024-11-02 13:00,57.32,57.0,57.5,60,1.0
2024-11-02 14:00,57.24,57.0,57.4,60,1.0
2024-11-02 15:00,57.2,57.0,57.4,60,1.0
2024-11-02 16:00,57.21,56.9,57.5,60,1.0
2024-11-02 17:00,57.12,56.9,57.3,60,1.0
2024-11-02 18:00,57.03,56.9,57.4,60,1.0
2024-11-02 19:00,56.98,56.9,57.1,60,1.0
2024-11-02 20:00,57.01,56.8,57.2,60,1.0
2024-11-02 21:00,56.99,56.9,57.2,49,0.817
2024-11-02 22:00,56.94,56.8,57.1,52,0.867
2024-11-02 23:00,56.94,56.8,57.2,47,0.783
2024-11-03 00:00,56.91,56.7,57.2,60,1.0
2024-11-03 01:00,56.91,56.7,57.2,60,1.0
2024-11-03 02:00,56.93,56.7,57.3,60,1.0
2024-11-03 03:00,56.8,56.7,57.1,60,1.0
2024-11-03 04:00,56.81,56.7,57.2,60,1.0
2024-11-03 05:00,56.76,56.7,57.0,60,1.0
2024-11-03 06:00,56.82,56.6,57.1,60,1.0
2024-11-03 07:00,56.81,56.6,57.2,60,1.0
2024-11-03 08:00,56.81,56.6,57.1,60,1.0
2024-11-03 09:00,56.8,56.5,57.1,60,1.0
2024-11-03 10:00,56.78,56.5,57.2,60,1.0
2024-11-03 11:00,56.73,56.4,57.0,59,0.983
2024-11-03 12:00,56.65,56.4,56.9,60,1.0
2024-11-03 13:00,56.57,56.3,56.9,60,1.0
2024-11-03 14:00,56.5,56.3,56.8,60,1.0
2024-11-03 15:00,56.43,56.3,56.8,60,1.0
2024-11-03 16:00,56.41,56.3,56.6,60,1.0
2024-11-03 17:00,56.37,56.2,56.6,60,1.0
2024-11-03 18:00,56.37,56.3,56.5,60,1.0
2024-11-03 19:00,56.36,56.3,56.5,60,1.0
2024-11-03 20:00,56.39,56.3,56.7,60,1.0
2024-11-03 21:00,56.4,56.2,56.6,59,0.983
2024-11-03 22:00,56.41,56.2,56.6,59,0.983
2024-11-03 23:00,56.46,56.2,56.8,60,1.0
2024-11-04 00:00,56.44,56.2,56.7,60,1.0
2024-11-04 01:00,56.47,56.2,56.8,60,1.0
2024-11-04 02:00,56.46,56.2,56.7,60,1.0
2024-11-04 03:00,56.47,56.2,56.7,60,1.0
2024-11-04 04:00,56.51,56.2,56.7,60,1.0
2024-11-04 05:00,56.45,56.2,56.7,60,1.0
2024-11-04 06:00,56.4,56.2,56.8,60,1.0
2024-11-04 07:00,56.37,56.1,56.7,60,1.0
2024-11-04 08:00,56.33,56.1,56.6,60,1.0
2024-11-04 09:00,56.34,56.0,56.6,60,1.0
2024-11-04 10:00,56.14,55.9,56.5,60,1.0
2024-11-04 11:00,56.04,55.8,56.5,60,1.0
2024-11-04 12:00,55.97,55.8,56.3,60,1.0
2024-11-04 13:00,55.92,55.8,56.1,60,1.0
2024-11-04 14:00,56.05,55.8,56.3,59,0.983
2024-11-04 15:00,56.12,55.8,56.5,60,1.0
2024-11-04 16:00,56.12,55.9,56.3,60,1.0
2024-11-04 17:00,56.03,55.8,56.2,60,1.0
2024-11-04 18:00,55.94,55.7,56.3,60,1.0
2024-11-04 19:00,55.85,55.7,56.1,59,0.983
2024-11-04 20:00,55.81,55.7,55.9,60,1.0
2024-11-04 21:00,55.8,55.7,56.0,59,0.983
2024-11-04 22:00,55.79,55.7,56.1,60,1.0
2024-11-04 23:00,55.76,55.7,55.9,58,0.967
2024-11-05 00:00,55.78,55.7,56.0,60,1.0
2024-11-05 01:00,55.8,55.6,56.0,60,1.0
2024-11-05 02:00,55.77,55.6,56.0,60,1.0
2024-11-05 03:00,55.77,55.6,56.0,60,1.0
2024-11-05 04:00,55.75,55.6,56.0,60,1.0
2024-11-05 05:00,55.73,55.6,56.2,60,1.0
2024-11-05 06:00,55.68,55.6,55.9,60,1.0
2024-11-05 07:00,55.73,55.6,55.9,60,1.0
2024-11-05 08:00,55.82,55.6,56.1,60,1.0
2024-11-05 09:00,55.69,55.2,56.1,55,0.917
2024-11-05 10:00,55.33,55.2,55.7,53,0.883
2024-11-05 11:00,55.41,55.1,55.8,50,0.833
2024-11-05 12:00,55.44,55.2,55.7,39,0.65
2024-11-05 13:00,55.36,55.1,55.5,57,0.95
2024-11-05 14:00,55.28,55.1,55.6,56,0.933
2024-11-05 15:00,55.24,55.0,55.5,58,0.967
2024-11-05 16:00,55.2,55.0,55.5,60,1.0
2024-11-05 17:00,55.14,55.0,55.4,42,0.7
2024-11-05 18:00,55.08,55.0,55.3,36,0.6
2024-11-05 19:00,55.1,55.0,55.3,56,0.933
2024-11-05 20:00,55.08,55.0,55.3,59,0.983
2024-11-05 21:00,55.05,54.9,55.3,55,0.917
2024-11-05 22:00,55.06,54.9,55.3,53,0.883
2024-11-05 23:00,55.01,54.9,55.1,44,0.733
2024-11-06 00:00,55.01,54.9,55.2,44,0.733
2024-11-06 01:00,55.03,54.9,55.3,55,0.917
2024-11-06 02:00,55.08,54.9,55.3,53,0.883
2024-11-06 03:00,55.06,54.9,55.3,43,0.717
2024-11-06 04:00,55.03,54.8,55.4,57,0.95
2024-11-06 05:00,55.07,54.9,55.3,55,0.917
2024-11-06 06:00,55.06,54.9,55.2,44,0.733
2024-11-06 07:00,55.01,54.8,55.4,48,0.8
2024-11-06 08:00,55.02,54.8,55.2,43,0.717
2024-11-06 09:00,54.94,54.7,55.2,52,0.867
2024-11-06 10:00,54.87,54.7,55.1,55,0.917
2024-11-06 11:00,54.81,54.6,55.1,57,0.95
2024-11-06 12:00,54.9,54.6,55.2,50,0.833
2024-11-06 13:00,54.87,54.6,55.1,58,0.967
2024-11-06 14:00,54.9,54.7,55.2,59,0.983
2024-11-06 15:00,54.91,54.7,55.2,46,0.767
2024-11-06 16:00,54.86,54.6,55.1,57,0.95
2024-11-06 17:00,54.77,54.6,55.1,60,1.0
2024-11-06 18:00,54.69,54.5,54.9,59,0.983
2024-11-06 19:00,54.66,54.5,55.0,59,0.983
2024-11-06 20:00,54.63,54.5,54.8,59,0.983
2024-11-06 21:00,54.61,54.5,54.8,56,0.933
2024-11-06 22:00,54.59,54.5,54.7,57,0.95
2024-11-06 23:00,54.57,54.5,54.8,60,1.0
2024-11-07 00:00,54.59,54.5,54.8,59,0.983
2024-11-07 01:00,54.56,54.4,54.8,58,0.967
2024-11-07 02:00,54.55,54.4,54.7,59,0.983
2024-11-07 03:00,54.53,54.4,54.7,58,0.967
2024-11-07 04:00,54.52,54.4,54.7,56,0.933
2024-11-07 05:00,54.49,54.4,54.8,58,0.967
2024-11-07 06:00,54.49,54.4,54.8,60,1.0
2024-11-07 07:00,54.48,54.4,54.7,56,0.933
2024-11-07 08:00,54.5,54.3,54.8,57,0.95
2024-11-07 09:00,54.42,54.3,54.7,53,0.883
2024-11-07 10:00,54.47,54.2,54.8,32,0.533
2024-11-07 11:00,54.36,54.2,54.6,25,0.417
2024-11-07 12:00,54.31,54.1,54.7,30,0.5
2024-11-07 13:00,54.28,54.1,54.7,34,0.567
2024-11-07 14:00,54.29,54.1,54.6,35,0.583
2024-11-07 15:00,54.28,54.1,54.6,45,0.75
2024-11-07 16:00,54.23,54.1,54.6,51,0.85
2024-11-07 17:00,54.2,54.1,54.4,37,0.617
2024-11-07 18:00,54.23,54.1,54.5,50,0.833
2024-11-07 19:00,54.34,54.1,54.7,58,0.967
2024-11-07 20:00,54.36,54.1,54.6,59,0.983
2024-11-07 21:00,54.33,54.0,54.6,52,0.867
2024-11-07 22:00,54.4,54.1,54.6,56,0.933
2024-11-07 23:00,54.39,54.2,54.7,55,0.917
2024-11-08 00:00,54.33,54.1,54.5,57,0.95
2024-11-08 01:00,54.28,54.1,54.6,59,0.983
2024-11-08 02:00,54.29,54.1,54.5,58,0.967
2024-11-08 03:00,54.31,54.1,54.5,58,0.967
2024-11-08 04:00,54.29,54.1,54.6,59,0.983
2024-11-08 05:00,54.24,54.0,54.5,58,0.967
2024-11-08 06:00,54.21,53.9,54.5,59,0.983
2024-11-08 07:00,54.21,54.0,54.5,56,0.933
2024-11-08 08:00,54.16,53.9,54.4,57,0.95
2024-11-08 09:00,54.02,53.9,54.3,53,0.883
2024-11-08 10:00,54.14,53.9,54.3,52,0.867
2024-11-08 11:00,54.13,53.9,54.4,53,0.883
2024-11-08 12:00,54.01,53.8,54.3,58,0.967
2024-11-08 13:00,53.93,53.8,54.2,49,0.817
2024-11-08 14:00,53.88,53.7,54.3,51,0.85
2024-11-08 15:00,53.9,53.7,54.3,52,0.867
2024-11-08 16:00,53.86,53.7,54.1,59,0.983
2024-11-08 17:00,53.88,53.7,54.1,59,0.983
2024-11-08 18:00,53.93,53.7,54.2,59,0.983
2024-11-08 19:00,53.97,53.7,54.4,60,1.0
2024-11-08 20:00,54.05,53.7,54.2,59,0.983
2024-11-08 21:00,53.99,53.7,54.3,60,1.0
2024-11-08 22:00,54.0,53.7,54.3,59,0.983
2024-11-08 23:00,53.96,53.7,54.3,59,0.983
2024-11-09 00:00,53.91,53.7,54.1,58,0.967
2024-11-09 01:00,53.88,53.6,54.4,60,1.0
2024-11-09 02:00,53.86,53.6,54.2,59,0.983
2024-11-09 03:00,53.88,53.6,54.1,60,1.0
2024-11-09 04:00,53.81,53.6,54.1,60,1.0
2024-11-09 05:00,53.76,53.6,54.0,57,0.95
2024-11-09 06:00,53.74,53.6,54.0,59,0.983
2024-11-09 07:00,53.74,53.5,54.0,60,1.0
2024-11-09 08:00,53.75,53.5,54.1,59,0.983
2024-11-09 09:00,53.7,53.5,53.9,59,0.983
2024-11-09 10:00,53.68,53.4,53.9,60,1.0
2024-11-09 11:00,53.64,53.4,54.0,57,0.95
2024-11-09 12:00,53.64,53.4,53.8,60,1.0
2024-11-09 13:00,53.6,53.3,53.8,59,0.983
2024-11-09 14:00,53.57,53.3,53.8,59,0.983
2024-11-09 15:00,53.56,53.3,53.8,59,0.983
2024-11-09 16:00,53.54,53.3,53.7,59,0.983
2024-11-09 17:00,53.52,53.2,53.8,60,1.0
2024-11-09 18:00,53.47,53.3,53.8,59,0.983
2024-11-09 19:00,53.42,53.2,53.7,60,1.0
2024-11-09 20:00,53.39,53.2,53.7,59,0.983
2024-11-09 21:00,53.36,53.2,53.6,58,0.967
2024-11-09 22:00,53.32,53.2,53.8,57,0.95
2024-11-09 23:00,53.29,53.2,53.6,58,0.967
2024-11-10 00:00,53.29,53.1,53.6,58,0.967
2024-11-10 01:00,53.32,53.1,53.6,60,1.0
2024-11-10 02:00,53.36,53.1,53.6,60,1.0
2024-11-10 03:00,53.3,53.1,53.6,60,1.0
2024-11-10 04:00,53.31,53.1,53.6,60,1.0
2024-11-10 05:00,53.24,53.0,53.5,60,1.0
2024-11-10 06:00,53.22,53.0,53.5,60,1.0
2024-11-10 07:00,53.22,53.0,53.6,60,1.0
2024-11-10 08:00,53.26,53.0,53.5,56,0.933
2024-11-10 09:00,53.27,53.0,53.7,53,0.883
2024-11-10 10:00,53.15,52.9,53.4,46,0.767
2024-11-10 11:00,53.13,52.9,53.4,55,0.917
2024-11-10 12:00,53.15,52.9,53.4,57,0.95
2024-11-10 13:00,53.1,52.9,53.3,60,1.0
2024-11-10 14:00,53.04,52.8,53.3,60,1.0
2024-11-10 15:00,53.05,52.8,53.3,60,1.0
2024-11-10 16:00,53.06,52.9,53.3,59,0.983
2024-11-10 17:00,53.04,52.8,53.3,60,1.0
2024-11-10 18:00,53.03,52.8,53.3,60,1.0
2024-11-10 19:00,52.93,52.7,53.3,60,1.0
2024-11-10 20:00,52.92,52.7,53.2,60,1.0
2024-11-10 21:00,52.88,52.7,53.1,59,0.983
2024-11-10 22:00,52.87,52.7,53.2,60,1.0
2024-11-10 23:00,52.86,52.7,53.4,60,1.0
2024-11-11 00:00,52.83,52.7,53.1,58,0.967
2024-11-11 01:00,52.78,52.6,53.0,60,1.0
2024-11-11 02:00,52.79,52.6,53.1,60,1.0
2024-11-11 03:00,52.77,52.6,53.0,53,0.883
2024-11-11 04:00,52.74,52.6,53.1,60,1.0
2024-11-11 05:00,52.7,52.5,53.1,60,1.0
2024-11-11 06:00,52.74,52.5,53.0,58,0.967
2024-11-11 07:00,52.67,52.5,53.0,60,1.0
2024-11-11 08:00,52.68,52.5,53.0,59,0.983
2024-11-11 09:00,52.62,52.5,52.9,57,0.95
2024-11-11 10:00,52.59,52.4,52.8,60,1.0
2024-11-11 11:00,52.53,52.4,52.8,60,1.0
2024-11-11 12:00,52.48,52.3,52.7,59,0.983
2024-11-11 13:00,52.51,52.3,52.8,60,1.0
2024-11-11 14:00,52.48,52.3,52.8,60,1.0
2024-11-11 15:00,52.46,52.3,52.7,60,1.0
2024-11-11 16:00,52.45,52.2,52.7,60,1.0
2024-11-11 17:00,52.5,52.2,52.7,60,1.0
2024-11-11 18:00,52.43,52.3,52.6,59,0.983
2024-11-11 19:00,52.45,52.2,52.7,60,1.0
2024-11-11 20:00,52.48,52.2,52.7,60,1.0
2024-11-11 21:00,52.41,52.2,52.7,60,1.0
2024-11-11 22:00,52.4,52.2,52.7,60,1.0
2024-11-11 23:00,52.41,52.2,52.6,60,1.0
2024-11-12 00:00,52.38,52.2,52.7,60,1.0
2024-11-12 01:00,52.39,52.2,52.7,59,0.983
2024-11-12 02:00,52.4,52.1,52.6,58,0.967
2024-11-12 03:00,52.41,52.1,52.6,59,0.983
2024-11-12 04:00,52.37,52.1,52.6,58,0.967
2024-11-12 05:00,52.29,52.1,52.5,59,0.983
2024-11-12 06:00,52.3,52.1,52.6,53,0.883
2024-11-12 07:00,52.32,52.1,52.5,58,0.967
2024-11-12 08:00,52.23,52.0,52.5,46,0.767
2024-11-12 09:00,52.18,52.0,52.5,36,0.6
2024-11-12 10:00,52.14,51.9,52.6,34,0.567
2024-11-12 11:00,52.08,51.9,52.3,44,0.733
2024-11-12 12:00,52.01,51.8,52.3,59,0.983
2024-11-12 13:00,51.98,51.8,52.2,60,1.0
2024-11-12 14:00,51.95,51.8,52.2,59,0.983
2024-11-12 15:00,52.0,51.8,52.2,60,1.0
2024-11-12 16:00,51.97,51.7,52.2,60,1.0
2024-11-12 17:00,51.96,51.7,52.3,59,0.983
2024-11-12 18:00,51.98,51.7,52.2,55,0.917
2024-11-12 19:00,51.98,51.7,52.3,60,1.0
2024-11-12 20:00,51.92,51.7,52.2,60,1.0
2024-11-12 21:00,51.94,51.7,52.1,58,0.967
2024-11-12 22:00,52.02,51.7,52.4,41,0.683
2024-11-12 23:00,52.12,51.9,52.4,44,0.733
2024-11-13 00:00,52.08,51.8,52.3,51,0.85
2024-11-13 01:00,52.04,51.8,52.4,56,0.933
2024-11-13 02:00,52.05,51.8,52.3,53,0.883
2024-11-13 03:00,52.05,51.8,52.3,55,0.917
2024-11-13 04:00,52.04,51.8,52.2,58,0.967
2024-11-13 05:00,52.03,51.8,52.3,59,0.983
2024-11-13 06:00,51.98,51.7,52.3,54,0.9
2024-11-13 07:00,52.4,52.2,52.5,3,0.05
2024-11-13 08:00,52.68,52.3,53.0,6,0.1
2024-11-13 09:00,52.48,52.2,52.7,5,0.083
2024-11-13 11:00,52.52,52.3,52.8,20,0.333
2024-11-13 12:00,52.49,52.2,52.8,36,0.6
2024-11-13 13:00,52.27,52.0,52.4,3,0.05
2024-11-13 17:00,54.6,54.6,54.6,1,0.017
2024-11-13 18:00,54.8,54.7,54.9,2,0.033
2024-11-13 22:00,56.6,56.6,56.6,1,0.017
2024-11-13 23:00,55.63,55.1,56.7,11,0.183
2024-11-14 00:00,55.4,55.2,55.7,7,0.117
2024-11-14 08:00,62.2,62.2,62.2,1,0.017
2024-11-14 09:00,61.98,61.7,62.2,4,0.067
2024-11-14 10:00,61.82,61.6,62.3,9,0.15
2024-11-14 11:00,61.74,61.4,62.1,24,0.4
2024-11-14 12:00,61.63,61.3,61.9,43,0.717
2024-11-14 13:00,61.4,61.1,61.7,57,0.95
2024-11-14 14:00,61.29,61.0,61.6,51,0.85
2024-11-14 15:00,61.22,60.9,61.6,45,0.75
2024-11-14 16:00,61.13,60.8,61.5,50,0.833
2024-11-14 17:00,61.12,60.8,61.5,56,0.933
2024-11-14 18:00,61.0,60.7,61.4,40,0.667
2024-11-14 19:00,60.93,60.6,61.2,40,0.667
2024-11-14 20:00,60.78,60.6,61.1,33,0.55
2024-11-14 21:00,60.79,60.5,61.1,15,0.25
2024-11-14 22:00,60.7,60.5,61.0,22,0.367
2024-11-14 23:00,60.59,60.3,60.9,41,0.683
2024-11-15 00:00,60.5,60.2,60.8,50,0.833
2024-11-15 01:00,60.42,60.2,60.7,51,0.85
2024-11-15 02:00,60.35,60.1,60.8,43,0.717
2024-11-15 03:00,60.29,60.0,60.7,38,0.633
2024-11-15 04:00,60.23,60.0,60.5,50,0.833
2024-11-15 05:00,60.11,59.9,60.4,36,0.6
2024-11-15 06:00,60.04,59.8,60.3,48,0.8
2024-11-15 07:00,59.96,59.7,60.3,44,0.733
2024-11-15 08:00,59.87,59.6,60.2,49,0.817
2024-11-15 09:00,59.77,59.5,60.0,57,0.95
2024-11-15 10:00,59.69,59.5,60.2,54,0.9
2024-11-15 11:00,59.58,59.4,60.0,47,0.783
2024-11-15 12:00,59.51,59.3,59.9,54,0.9
2024-11-15 13:00,59.48,59.2,59.9,59,0.983
2024-11-15 14:00,59.44,59.1,59.8,59,0.983
2024-11-15 15:00,59.31,59.1,59.7,55,0.917
2024-11-15 16:00,59.24,59.0,59.5,58,0.967
2024-11-15 17:00,59.22,59.0,59.6,60,1.0
2024-11-15 18:00,59.17,58.9,59.6,60,1.0
2024-11-15 19:00,59.12,58.9,59.4,57,0.95
2024-11-15 20:00,59.09,58.9,59.4,59,0.983
2024-11-15 21:00,59.05,58.8,59.4,57,0.95
2024-11-15 22:00,59.01,58.8,59.3,60,1.0
2024-11-15 23:00,58.94,58.7,59.2,59,0.983
2024-11-16 00:00,58.89,58.7,59.4,58,0.967
2024-11-16 01:00,58.8,58.6,59.1,59,0.983
2024-11-16 02:00,58.79,58.6,59.1,60,1.0
2024-11-16 03:00,58.82,58.5,59.1,60,1.0
2024-11-16 04:00,58.74,58.5,58.9,57,0.95
2024-11-16 05:00,58.73,58.4,59.0,60,1.0
2024-11-16 06:00,58.69,58.4,59.1,59,0.983
2024-11-16 07:00,58.69,58.4,58.9,58,0.967
2024-11-16 08:00,58.57,58.3,59.0,60,1.0
2024-11-16 09:00,58.55,58.2,58.8,59,0.983
2024-11-16 10:00,58.44,58.2,58.7,60,1.0
2024-11-16 11:00,58.39,58.1,58.7,51,0.85
2024-11-16 12:00,58.36,58.1,58.7,58,0.967
2024-11-16 13:00,58.28,58.1,58.5,60,1.0
2024-11-16 14:00,58.26,58.0,58.5,59,0.983
2024-11-16 15:00,58.21,58.0,58.5,60,1.0
2024-11-16 16:00,58.16,58.0,58.5,60,1.0
2024-11-16 17:00,58.15,58.0,58.6,60,1.0
2024-11-16 18:00,58.12,57.9,58.6,59,0.983
2024-11-16 19:00,58.1,57.9,58.5,59,0.983
2024-11-16 20:00,58.08,57.9,58.3,60,1.0
2024-11-16 21:00,58.05,57.8,58.3,60,1.0
2024-11-16 22:00,58.03,57.8,58.3,59,0.983
2024-11-16 23:00,58.04,57.8,58.4,60,1.0
2024-11-17 00:00,57.99,57.8,58.3,60,1.0
2024-11-17 01:00,57.95,57.8,58.2,54,0.9
2024-11-17 02:00,58.0,57.7,58.2,60,1.0
2024-11-17 03:00,57.97,57.7,58.2,60,1.0
2024-11-17 04:00,57.93,57.7,58.3,59,0.983
2024-11-17 05:00,57.85,57.6,58.2,60,1.0
2024-11-17 06:00,57.84,57.6,58.1,59,0.983
2024-11-17 07:00,57.79,57.6,58.2,59,0.983
2024-11-17 08:00,57.8,57.6,58.1,58,0.967
2024-11-17 09:00,57.72,57.5,58.1,59,0.983
2024-11-17 10:00,57.69,57.5,58.0,58,0.967
2024-11-17 11:00,57.69,57.5,58.0,60,1.0
2024-11-17 12:00,57.63,57.4,57.9,60,1.0
2024-11-17 13:00,57.58,57.4,57.8,59,0.983
2024-11-17 14:00,57.59,57.4,57.9,60,1.0
2024-11-17 15:00,57.6,57.4,57.9,60,1.0
2024-11-17 16:00,57.57,57.3,57.8,59,0.983
2024-11-17 17:00,57.58,57.3,57.8,59,0.983
2024-11-17 18:00,57.51,57.3,57.8,59,0.983
2024-11-17 19:00,57.51,57.3,57.8,59,0.983
2024-11-17 20:00,57.51,57.2,57.8,60,1.0
2024-11-17 21:00,57.5,57.3,57.9,60,1.0
2024-11-17 22:00,57.49,57.3,57.7,60,1.0
2024-11-17 23:00,57.48,57.2,57.7,60,1.0
2024-11-18 00:00,57.51,57.3,57.9,60,1.0
2024-11-18 01:00,57.5,57.2,57.8,60,1.0
2024-11-18 02:00,57.51,57.2,57.8,60,1.0
2024-11-18 03:00,57.45,57.2,57.8,59,0.983
2024-11-18 04:00,57.44,57.2,57.8,60,1.0
2024-11-18 05:00,57.44,57.2,57.8,60,1.0
2024-11-18 06:00,57.39,57.2,57.7,59,0.983
2024-11-18 07:00,57.39,57.1,57.9,60,1.0
2024-11-18 08:00,57.4,57.1,57.7,60,1.0
2024-11-18 09:00,57.36,57.1,57.7,33,0.55
2024-11-18 10:00,57.35,57.1,57.6,13,0.217
2024-11-18 11:00,57.24,57.0,57.5,31,0.517
2024-11-18 12:00,57.17,57.0,57.5,37,0.617
2024-11-18 13:00,57.19,57.0,57.5,51,0.85
2024-11-18 14:00,57.23,57.0,57.5,52,0.867
2024-11-18 15:00,57.28,57.0,57.5,48,0.8
2024-11-18 16:00,57.25,56.9,57.5,54,0.9
2024-11-18 17:00,57.2,56.9,57.6,58,0.967
2024-11-18 18:00,57.15,57.0,57.5,58,0.967
2024-11-18 19:00,57.23,56.9,57.5,51,0.85
2024-11-18 20:00,57.19,56.9,57.6,56,0.933
2024-11-18 21:00,57.17,56.9,57.4,59,0.983
2024-11-18 22:00,57.1,56.9,57.4,56,0.933
2024-11-18 23:00,57.18,56.9,57.4,56,0.933
2024-11-19 00:00,57.14,56.9,57.4,59,0.983
2024-11-19 01:00,57.1,56.9,57.4,57,0.95
2024-11-19 02:00,57.12,56.9,57.4,53,0.883
2024-11-19 03:00,57.18,57.0,57.4,31,0.517
2024-11-19 04:00,57.2,56.9,57.5,25,0.417
2024-11-19 05:00,57.16,56.9,57.5,24,0.4
2024-11-19 06:00,57.06,56.9,57.3,27,0.45
2024-11-19 07:00,57.12,56.9,57.2,19,0.317
2024-11-19 08:00,57.0,57.0,57.0,1,0.017
2024-11-19 10:00,57.07,56.8,57.3,16,0.267
2024-11-19 11:00,57.2,56.9,57.4,25,0.417
2024-11-19 12:00,57.32,57.0,57.7,13,0.217
2024-11-19 13:00,57.1,57.0,57.2,2,0.033
2024-11-19 14:00,56.94,56.7,57.1,17,0.283
2024-11-19 15:00,57.33,56.9,57.7,6,0.1
2024-11-19 16:00,57.66,57.4,57.8,8,0.133
2024-11-19 17:00,58.08,58.0,58.2,4,0.067
2024-11-19 18:00,58.18,57.9,58.4,6,0.1
2024-11-19 21:00,58.6,58.6,58.6,1,0.017
2024-11-20 03:00,58.9,58.9,58.9,1,0.017
2024-11-20 04:00,58.6,58.5,58.7,5,0.083
2024-11-20 07:00,58.8,58.8,58.8,1,0.017
2024-11-20 08:00,58.51,58.3,58.9,17,0.283
2024-11-20 09:00,58.38,58.2,58.7,36,0.6
2024-11-20 10:00,58.31,58.1,58.5,43,0.717
2024-11-20 11:00,58.26,58.1,58.6,39,0.65
2024-11-20 12:00,58.24,58.1,58.6,37,0.617
2024-11-20 13:00,58.18,58.0,58.6,35,0.583
2024-11-20 14:00,58.15,58.0,58.5,38,0.633
2024-11-20 15:00,58.18,58.0,58.5,43,0.717
2024-11-20 16:00,58.18,58.0,58.5,48,0.8
2024-11-20 17:00,58.21,58.0,58.5,32,0.533
2024-11-20 18:00,58.22,58.0,58.5,44,0.733
2024-11-20 19:00,58.27,58.1,58.5,43,0.717
2024-11-20 20:00,58.17,57.9,58.5,47,0.783
2024-11-20 21:00,58.02,57.8,58.3,44,0.733
2024-11-20 22:00,58.01,57.8,58.2,32,0.533
2024-11-20 23:00,57.88,57.7,58.1,44,0.733
2024-11-21 00:00,57.86,57.7,58.1,31,0.517
2024-11-21 01:00,57.86,57.7,58.0,23,0.383
2024-11-21 02:00,57.83,57.7,57.9,15,0.25
2024-11-21 03:00,57.8,57.6,58.1,24,0.4
2024-11-21 04:00,57.88,57.6,58.1,16,0.267
2024-11-21 05:00,57.8,57.7,58.0,8,0.133
2024-11-21 06:00,57.79,57.5,58.1,25,0.417
2024-11-21 07:00,57.7,57.5,58.1,27,0.45
2024-11-21 08:00,57.76,57.5,58.0,14,0.233
2024-11-21 09:00,57.66,57.5,58.0,14,0.233
2024-11-21 10:00,57.66,57.5,57.8,7,0.117
2024-11-21 11:00,57.61,57.4,57.8,14,0.233
2024-11-21 12:00,57.6,57.3,57.8,20,0.333
2024-11-21 13:00,57.52,57.3,57.8,25,0.417
2024-11-21 14:00,57.45,57.2,57.8,37,0.617
2024-11-21 15:00,57.41,57.2,57.8,35,0.583
2024-11-21 16:00,57.43,57.2,57.8,39,0.65
2024-11-21 17:00,57.36,57.2,57.7,55,0.917
2024-11-21 18:00,57.4,57.1,57.7,56,0.933
2024-11-21 19:00,57.41,57.1,57.7,48,0.8
2024-11-21 20:00,57.38,57.1,57.7,55,0.917
2024-11-21 21:00,57.27,57.0,57.6,45,0.75
2024-11-21 22:00,57.32,57.1,57.6,45,0.75
2024-11-21 23:00,57.4,56.8,57.9,26,0.433
2024-11-22 00:00,57.78,57.5,58.1,33,0.55
2024-11-22 01:00,57.69,57.5,57.9,41,0.683
2024-11-22 02:00,57.88,57.5,58.1,40,0.667
2024-11-22 03:00,57.72,57.5,58.1,47,0.783
2024-11-22 04:00,57.81,57.6,58.1,47,0.783
2024-11-22 05:00,58.0,57.6,58.5,33,0.55
2024-11-22 06:00,58.25,58.0,58.6,37,0.617
2024-11-22 07:00,58.31,57.9,58.6,30,0.5
2024-11-22 08:00,58.44,57.9,58.9,42,0.7
2024-11-22 09:00,58.21,57.5,58.7,18,0.3
2024-11-22 10:00,58.3,57.6,58.8,35,0.583
2024-11-22 11:00,59.46,58.1,60.6,23,0.383
2024-11-22 12:00,64.75,60.5,69.1,47,0.783
2024-11-22 13:00,70.52,69.1,71.3,44,0.733
2024-11-22 14:00,70.81,70.4,71.1,59,0.983
2024-11-22 15:00,70.45,70.1,70.7,57,0.95
2024-11-22 16:00,70.18,69.8,70.6,60,1.0
2024-11-22 17:00,69.78,69.3,70.2,60,1.0
2024-11-22 18:00,69.39,69.1,69.8,60,1.0
2024-11-22 19:00,69.06,68.7,69.6,60,1.0
2024-11-22 20:00,68.68,68.3,69.0,60,1.0
2024-11-22 21:00,68.32,68.1,68.7,60,1.0
2024-11-22 22:00,68.08,67.9,68.5,59,0.983
2024-11-22 23:00,67.95,67.6,68.3,60,1.0
2024-11-23 00:00,67.65,67.3,68.0,60,1.0
2024-11-23 01:00,67.45,67.1,67.9,60,1.0
2024-11-23 02:00,67.27,66.9,67.6,60,1.0
2024-11-23 03:00,67.1,66.7,67.4,60,1.0
2024-11-23 04:00,66.9,66.6,67.3,59,0.983
2024-11-23 05:00,66.75,66.3,67.1,60,1.0
2024-11-23 06:00,66.53,66.2,66.8,59,0.983
2024-11-23 07:00,66.29,66.0,66.6,58,0.967
2024-11-23 08:00,66.19,65.9,66.5,59,0.983
2024-11-23 09:00,65.95,65.7,66.5,60,1.0
2024-11-23 10:00,65.77,65.5,66.2,60,1.0
2024-11-23 11:00,65.65,65.4,66.1,56,0.933
2024-11-23 12:00,65.46,65.2,65.9,57,0.95
2024-11-23 13:00,65.34,65.1,65.8,54,0.9
2024-11-23 14:00,65.25,65.0,65.5,48,0.8
2024-11-23 15:00,65.13,64.9,65.5,58,0.967
2024-11-23 16:00,65.02,64.8,65.5,60,1.0
2024-11-23 17:00,64.96,64.7,65.3,60,1.0
2024-11-23 18:00,64.88,64.7,65.2,57,0.95
2024-11-23 19:00,64.77,64.5,65.1,57,0.95
2024-11-23 20:00,64.67,64.5,64.9,60,1.0
2024-11-23 21:00,64.61,64.4,65.0,60,1.0
2024-11-23 22:00,64.54,64.3,64.9,59,0.983
2024-11-23 23:00,64.55,64.3,64.9,60,1.0
2024-11-24 00:00,64.56,64.2,64.9,60,1.0
2024-11-24 01:00,64.46,64.2,64.7,60,1.0
2024-11-24 02:00,64.47,64.1,64.8,60,1.0
2024-11-24 03:00,64.37,64.0,64.7,60,1.0
2024-11-24 04:00,64.35,63.9,64.6,53,0.883
2024-11-24 05:00,64.28,63.9,64.5,60,1.0
2024-11-24 06:00,64.22,63.8,64.4,60,1.0
2024-11-24 07:00,64.19,63.8,64.4,60,1.0
2024-11-24 08:00,64.03,63.7,64.3,60,1.0
2024-11-24 09:00,63.98,63.7,64.3,58,0.967
2024-11-24 10:00,63.95,63.6,64.2,60,1.0
2024-11-24 11:00,63.9,63.6,64.2,58,0.967
2024-11-24 12:00,63.83,63.5,64.1,59,0.983
2024-11-24 13:00,63.77,63.5,64.1,59,0.983
2024-11-24 14:00,63.71,63.4,64.0,59,0.983
2024-11-24 15:00,63.65,63.4,64.0,59,0.983
2024-11-24 16:00,63.6,63.3,64.1,60,1.0
2024-11-24 17:00,63.58,63.3,64.0,60,1.0
2024-11-24 18:00,63.48,63.3,63.9,60,1.0
2024-11-24 19:00,63.45,63.2,63.9,59,0.983
2024-11-24 20:00,63.44,63.2,63.8,57,0.95
2024-11-24 21:00,63.35,63.2,63.8,57,0.95
2024-11-24 22:00,63.36,63.2,63.7,59,0.983
2024-11-24 23:00,63.32,63.1,63.6,57,0.95
2024-11-25 00:00,63.36,63.1,63.6,59,0.983
2024-11-25 01:00,63.39,63.1,63.6,60,1.0
2024-11-25 02:00,63.39,63.0,63.6,58,0.967
2024-11-25 03:00,63.3,63.0,63.5,54,0.9
2024-11-25 04:00,63.27,63.0,63.6,60,1.0
2024-11-25 05:00,63.25,62.9,63.5,58,0.967
2024-11-25 06:00,63.25,62.9,63.5,49,0.817
2024-11-25 07:00,63.18,62.9,63.4,47,0.783
2024-11-25 08:00,63.03,62.8,63.3,58,0.967
2024-11-25 09:00,63.01,62.8,63.4,49,0.817
2024-11-25 10:00,62.96,62.7,63.2,43,0.717
2024-11-25 11:00,62.95,62.6,63.2,51,0.85
2024-11-25 12:00,62.92,62.6,63.2,47,0.783
2024-11-25 13:00,62.89,62.6,63.1,59,0.983
2024-11-25 14:00,62.85,62.6,63.2,60,1.0
2024-11-25 15:00,62.83,62.5,63.2,60,1.0
2024-11-25 16:00,62.76,62.5,63.0,57,0.95
2024-11-25 17:00,62.73,62.5,63.2,60,1.0
2024-11-25 18:00,62.66,62.4,63.0,60,1.0
2024-11-25 19:00,62.63,62.4,63.0,59,0.983
2024-11-25 20:00,62.64,62.4,63.0,60,1.0
2024-11-25 21:00,62.65,62.4,63.0,60,1.0
2024-11-25 22:00,62.66,62.4,62.9,60,1.0
2024-11-25 23:00,62.71,62.4,62.9,60,1.0
2024-11-26 00:00,62.69,62.4,63.2,60,1.0
2024-11-26 01:00,62.74,62.4,63.0,59,0.983
2024-11-26 02:00,62.68,62.3,63.1,59,0.983
2024-11-26 03:00,62.62,62.3,63.0,59,0.983
2024-11-26 04:00,62.62,62.3,62.9,58,0.967
2024-11-26 05:00,62.66,62.3,63.1,57,0.95
2024-11-26 06:00,62.58,62.3,62.9,55,0.917
2024-11-26 07:00,62.5,62.2,62.9,60,1.0
2024-11-26 08:00,62.48,62.2,62.8,58,0.967
2024-11-26 09:00,62.52,62.2,62.8,60,1.0
2024-11-26 10:00,62.46,62.2,62.9,60,1.0
2024-11-26 11:00,62.39,62.1,62.9,60,1.0
2024-11-26 12:00,62.37,62.1,62.7,60,1.0
2024-11-26 13:00,62.37,62.1,62.7,60,1.0
2024-11-26 14:00,62.36,62.1,62.8,58,0.967
2024-11-26 15:00,62.35,62.1,62.7,59,0.983
2024-11-26 16:00,62.36,62.1,62.6,59,0.983
2024-11-26 17:00,62.37,62.1,62.6,60,1.0
2024-11-26 18:00,62.31,62.1,62.6,60,1.0
2024-11-26 19:00,62.35,62.0,62.7,60,1.0
2024-11-26 20:00,62.29,61.9,62.7,58,0.967
2024-11-26 21:00,62.27,62.0,62.6,60,1.0
2024-11-26 22:00,62.26,62.0,62.6,60,1.0
2024-11-26 23:00,62.21,61.9,62.5,60,1.0
2024-11-27 00:00,62.21,61.9,62.5,60,1.0
2024-11-27 01:00,62.18,61.9,62.5,60,1.0
2024-11-27 02:00,62.11,61.9,62.5,60,1.0
2024-11-27 03:00,62.1,61.9,62.5,60,1.0
2024-11-27 04:00,62.07,61.9,62.4,60,1.0
2024-11-27 05:00,62.07,61.8,62.4,60,1.0
2024-11-27 06:00,62.06,61.9,62.4,57,0.95
2024-11-27 07:00,62.03,61.8,62.3,58,0.967
2024-11-27 08:00,62.04,61.7,62.4,58,0.967
2024-11-27 09:00,62.02,61.7,62.3,60,1.0
2024-11-27 10:00,62.02,61.8,62.4,60,1.0
2024-11-27 11:00,62.07,61.8,62.4,60,1.0
2024-11-27 12:00,61.97,61.8,62.3,58,0.967
2024-11-27 13:00,62.05,61.8,62.4,60,1.0
2024-11-27 14:00,61.98,61.8,62.3,59,0.983
2024-11-27 15:00,62.11,61.8,62.5,59,0.983
2024-11-27 16:00,62.15,61.9,62.5,57,0.95
2024-11-27 17:00,62.25,62.0,62.6,59,0.983
2024-11-27 18:00,62.32,62.0,62.6,59,0.983
2024-11-27 19:00,62.29,62.0,62.6,58,0.967
2024-11-27 20:00,62.24,62.0,62.6,57,0.95
2024-11-27 21:00,62.27,62.0,62.8,56,0.933
2024-11-27 22:00,62.23,62.0,62.5,47,0.783
2024-11-27 23:00,62.18,62.0,62.5,57,0.95
2024-11-28 00:00,62.21,62.0,62.6,60,1.0
2024-11-28 01:00,62.12,61.9,62.5,60,1.0
2024-11-28 02:00,62.14,61.9,62.4,59,0.983
2024-11-28 03:00,62.1,61.9,62.4,53,0.883
2024-11-28 04:00,62.13,61.9,62.5,53,0.883
2024-11-28 05:00,62.04,61.9,62.3,45,0.75
2024-11-28 06:00,62.11,61.8,62.6,56,0.933
2024-11-28 07:00,62.13,61.8,62.5,60,1.0
2024-11-28 08:00,62.07,61.8,62.4,60,1.0
2024-11-28 09:00,62.07,61.8,62.5,60,1.0
2024-11-28 10:00,62.02,61.8,62.4,60,1.0
2024-11-28 11:00,61.98,61.7,62.3,56,0.933
2024-11-28 12:00,61.96,61.7,62.3,60,1.0
2024-11-28 13:00,61.93,61.7,62.4,60,1.0
2024-11-28 14:00,61.9,61.7,62.3,60,1.0
2024-11-28 15:00,61.93,61.6,62.3,60,1.0
2024-11-28 16:00,61.93,61.7,62.3,60,1.0
2024-11-28 17:00,60.93,60.4,62.1,54,0.9
2024-11-28 18:00,61.27,60.6,62.0,57,0.95
2024-11-28 19:00,62.3,61.6,62.9,60,1.0
2024-11-28 20:00,63.04,62.6,63.5,60,1.0
2024-11-28 21:00,63.38,63.0,63.8,60,1.0
2024-11-28 22:00,63.54,63.3,63.9,59,0.983
2024-11-28 23:00,63.69,63.4,64.0,59,0.983
2024-11-29 00:00,63.74,63.4,64.1,57,0.95
2024-11-29 01:00,63.75,63.5,64.1,59,0.983
2024-11-29 02:00,63.7,63.5,64.0,60,1.0
2024-11-29 03:00,63.7,63.5,64.1,60,1.0
2024-11-29 04:00,63.7,63.5,64.1,60,1.0
2024-11-29 05:00,63.68,63.5,64.0,60,1.0
2024-11-29 06:00,63.66,63.5,64.0,60,1.0
2024-11-29 07:00,63.68,63.4,63.9,59,0.983
2024-11-29 08:00,63.69,63.4,64.0,60,1.0
2024-11-29 09:00,63.67,63.4,64.0,60,1.0
2024-11-29 10:00,63.69,63.4,63.9,60,1.0
2024-11-29 11:00,63.67,63.3,64.0,60,1.0
2024-11-29 12:00,63.63,63.2,64.1,60,1.0
2024-11-29 13:00,63.55,63.2,63.8,57,0.95
2024-11-29 14:00,63.37,62.7,63.9,56,0.933
2024-11-29 15:00,63.08,62.6,63.6,50,0.833
2024-11-29 16:00,63.55,63.2,64.0,53,0.883
2024-11-29 17:00,63.72,63.5,64.1,58,0.967
2024-11-29 18:00,63.81,63.5,64.3,57,0.95
2024-11-29 19:00,63.79,63.5,64.1,60,1.0
2024-11-29 20:00,63.73,63.5,64.0,59,0.983
2024-11-29 21:00,63.7,63.5,64.2,60,1.0
2024-11-29 22:00,63.64,63.4,63.9,60,1.0
2024-11-29 23:00,63.64,63.3,64.0,60,1.0
2024-11-30 00:00,63.62,63.3,63.9,59,0.983
2024-11-30 01:00,63.64,63.3,63.9,60,1.0
2024-11-30 02:00,63.56,63.2,63.8,59,0.983
2024-11-30 03:00,63.5,63.1,63.7,60,1.0
2024-11-30 04:00,63.45,63.2,63.7,53,0.883
2024-11-30 05:00,63.38,63.0,63.6,46,0.767
2024-11-30 06:00,63.29,63.0,63.6,57,0.95
2024-11-30 07:00,63.27,63.0,63.5,53,0.883
2024-11-30 08:00,63.24,62.9,63.6,59,0.983
2024-11-30 09:00,63.16,62.9,63.4,59,0.983
2024-11-30 10:00,63.1,62.9,63.4,60,1.0
2024-11-30 11:00,63.01,62.8,63.4,57,0.95
2024-11-30 12:00,63.0,62.8,63.4,59,0.983
2024-11-30 13:00,63.04,62.7,63.4,60,1.0
2024-11-30 14:00,63.01,62.7,63.3,58,0.967
2024-11-30 15:00,63.0,62.6,63.2,43,0.717
2024-11-30 16:00,62.92,62.6,63.2,48,0.8
2024-11-30 17:00,62.91,62.5,63.3,48,0.8
2024-11-30 18:00,62.87,62.5,63.3,50,0.833
2024-11-30 19:00,62.8,62.5,63.1,56,0.933
2024-11-30 20:00,62.81,62.6,63.0,53,0.883
2024-11-30 21:00,62.81,62.5,63.0,53,0.883
2024-11-30 22:00,62.71,62.4,63.0,49,0.817
2024-11-30 23:00,62.66,62.4,62.9,55,0.917
2024-12-01 00:00,62.64,62.3,63.3,49,0.817
2024-12-01 01:00,62.64,62.3,62.9,56,0.933
2024-12-01 02:00,62.59,62.4,62.8,54,0.9
2024-12-01 03:00,62.51,62.3,62.7,59,0.983
2024-12-01 04:00,62.46,62.2,62.8,58,0.967
2024-12-01 05:00,62.53,62.2,63.0,58,0.967
2024-12-01 06:00,62.46,62.2,62.8,59,0.983
2024-12-01 07:00,62.51,62.2,62.9,48,0.8
2024-12-01 08:00,62.43,62.1,62.8,39,0.65
2024-12-01 09:00,62.34,62.1,62.7,30,0.5
2024-12-01 10:00,62.29,62.1,62.6,42,0.7
2024-12-01 11:00,62.37,62.1,62.6,30,0.5
2024-12-01 12:00,62.34,62.0,62.7,34,0.567
2024-12-01 13:00,62.3,62.0,62.6,38,0.633
2024-12-01 14:00,62.24,62.0,62.6,55,0.917
2024-12-01 15:00,62.23,62.0,62.5,54,0.9
2024-12-01 16:00,62.16,61.9,62.5,56,0.933
2024-12-01 17:00,62.1,61.9,62.4,52,0.867
2024-12-01 18:00,62.09,61.8,62.5,51,0.85
2024-12-01 19:00,62.07,61.8,62.4,55,0.917
2024-12-01 20:00,62.01,61.8,62.4,56,0.933
2024-12-01 21:00,62.01,61.7,62.4,59,0.983
2024-12-01 22:00,61.97,61.8,62.4,60,1.0
2024-12-01 23:00,62.07,61.8,62.4,60,1.0
2024-12-02 00:00,62.12,61.7,62.4,60,1.0
2024-12-02 01:00,62.03,61.7,62.4,57,0.95
2024-12-02 02:00,62.04,61.7,62.3,59,0.983
2024-12-02 03:00,62.03,61.7,62.3,59,0.983
2024-12-02 04:00,62.0,61.7,62.3,60,1.0
2024-12-02 05:00,61.96,61.6,62.3,58,0.967
2024-12-02 06:00,61.94,61.6,62.2,57,0.95
2024-12-02 07:00,61.88,61.6,62.2,52,0.867
2024-12-02 08:00,61.82,61.5,62.1,59,0.983
2024-12-02 09:00,61.84,61.5,62.3,56,0.933
2024-12-02 10:00,61.75,61.5,62.1,57,0.95
2024-12-02 11:00,61.75,61.5,62.1,38,0.633
2024-12-02 12:00,61.73,61.4,62.0,43,0.717
2024-12-02 13:00,61.58,61.4,62.0,44,0.733
2024-12-02 14:00,61.65,61.4,62.0,43,0.717
2024-12-02 15:00,61.69,61.4,62.0,50,0.833
2024-12-02 16:00,61.68,61.4,61.9,55,0.917
2024-12-02 17:00,61.58,61.3,61.9,56,0.933
2024-12-02 18:00,61.55,61.3,61.9,58,0.967
2024-12-02 19:00,61.56,61.3,61.9,60,1.0
2024-12-02 20:00,61.5,61.3,61.9,60,1.0
2024-12-02 21:00,61.47,61.3,61.9,60,1.0
2024-12-02 22:00,61.48,61.2,61.8,60,1.0
2024-12-02 23:00,61.43,61.2,61.8,60,1.0
2024-12-03 00:00,61.39,61.2,61.8,60,1.0
2024-12-03 01:00,61.36,61.2,61.8,60,1.0
2024-12-03 02:00,61.4,61.1,61.8,58,0.967
2024-12-03 03:00,61.4,61.2,61.7,60,1.0
2024-12-03 04:00,61.36,61.2,61.7,60,1.0
2024-12-03 05:00,61.39,61.1,61.7,60,1.0
2024-12-03 06:00,61.33,61.1,61.7,59,0.983
2024-12-03 07:00,61.32,61.1,61.6,60,1.0
2024-12-03 08:00,61.31,61.0,61.6,60,1.0
2024-12-03 09:00,61.28,61.0,61.6,60,1.0
2024-12-03 10:00,61.29,61.0,61.6,60,1.0
2024-12-03 11:00,61.31,61.0,61.5,60,1.0
2024-12-03 12:00,61.24,61.0,61.6,58,0.967
2024-12-03 13:00,61.19,60.9,61.5,59,0.983
2024-12-03 14:00,61.21,61.0,61.5,60,1.0
2024-12-03 15:00,61.24,60.9,61.5,60,1.0
2024-12-03 16:00,61.22,60.9,61.5,60,1.0
2024-12-03 17:00,61.15,60.9,61.5,60,1.0
2024-12-03 18:00,61.13,60.9,61.4,60,1.0
2024-12-03 19:00,61.3,61.0,61.7,59,0.983
2024-12-03 20:00,60.44,59.8,61.7,49,0.817
2024-12-03 21:00,60.11,59.8,60.8,55,0.917
2024-12-03 22:00,61.31,60.6,62.1,56,0.933
2024-12-03 23:00,62.33,61.7,63.0,59,0.983
2024-12-04 00:00,62.96,62.5,63.4,60,1.0
2024-12-04 01:00,63.26,62.9,63.7,60,1.0
2024-12-04 02:00,63.43,63.1,63.8,59,0.983
2024-12-04 03:00,63.46,63.2,64.0,60,1.0
2024-12-04 04:00,63.5,63.2,63.8,60,1.0
2024-12-04 05:00,63.07,62.6,63.8,60,1.0
2024-12-04 06:00,63.14,62.8,63.5,58,0.967
2024-12-04 07:00,63.28,62.9,63.7,59,0.983
2024-12-04 08:00,63.34,63.1,63.7,60,1.0
2024-12-04 09:00,63.45,63.2,63.8,60,1.0
2024-12-04 10:00,63.47,63.2,63.8,59,0.983
2024-12-04 11:00,63.51,63.2,63.9,50,0.833
2024-12-04 12:00,63.42,63.2,63.8,52,0.867
2024-12-04 13:00,63.41,63.1,63.8,58,0.967
2024-12-04 14:00,63.36,63.1,63.7,58,0.967
2024-12-04 15:00,63.42,63.1,63.8,60,1.0
2024-12-04 16:00,63.38,63.1,63.7,60,1.0
2024-12-04 17:00,63.35,63.0,63.7,60,1.0
2024-12-04 18:00,63.29,63.0,63.6,58,0.967
2024-12-04 19:00,63.2,63.0,63.5,60,1.0
2024-12-04 20:00,63.13,62.9,63.4,58,0.967
2024-12-04 21:00,63.09,62.8,63.5,58,0.967
2024-12-04 22:00,62.99,62.7,63.3,58,0.967
2024-12-04 23:00,63.12,62.9,63.4,60,1.0
2024-12-05 00:00,63.09,62.9,63.5,59,0.983
2024-12-05 01:00,63.16,62.9,63.6,58,0.967
2024-12-05 02:00,63.21,62.9,63.5,53,0.883
2024-12-05 03:00,63.18,62.9,63.6,57,0.95
2024-12-05 04:00,63.19,62.9,63.5,52,0.867
2024-12-05 05:00,63.15,62.9,63.5,45,0.75
2024-12-05 06:00,63.11,62.9,63.4,37,0.617
2024-12-05 07:00,63.08,62.7,63.4,30,0.5
2024-12-05 08:00,63.0,62.7,63.3,31,0.517
2024-12-05 09:00,62.94,62.7,63.2,51,0.85
2024-12-05 10:00,62.9,62.6,63.3,56,0.933
2024-12-05 11:00,62.91,62.6,63.3,53,0.883
2024-12-05 12:00,62.88,62.6,63.1,52,0.867
2024-12-05 13:00,62.82,62.5,63.1,59,0.983
2024-12-05 14:00,62.78,62.5,63.1,55,0.917
2024-12-05 15:00,62.76,62.4,63.2,57,0.95
2024-12-05 16:00,62.66,62.4,63.0,58,0.967
2024-12-05 17:00,62.56,62.3,62.9,55,0.917
2024-12-05 18:00,62.49,62.3,62.9,54,0.9
2024-12-05 19:00,62.45,62.2,62.9,56,0.933
2024-12-05 20:00,62.4,62.2,62.9,48,0.8
2024-12-05 21:00,62.4,62.1,62.7,47,0.783
2024-12-05 22:00,62.32,62.1,62.7,42,0.7
2024-12-05 23:00,62.34,62.1,62.6,41,0.683
2024-12-06 00:00,62.32,62.0,62.7,51,0.85
2024-12-06 01:00,62.23,62.0,62.6,43,0.717
2024-12-06 02:00,62.28,62.0,62.7,52,0.867
2024-12-06 03:00,62.16,62.0,62.6,52,0.867
2024-12-06 04:00,62.14,62.0,62.5,46,0.767
2024-12-06 05:00,62.13,61.9,62.6,55,0.917
2024-12-06 06:00,62.1,61.9,62.5,58,0.967
2024-12-06 07:00,62.06,61.9,62.4,54,0.9
2024-12-06 08:00,62.17,61.9,62.6,43,0.717
2024-12-06 09:00,62.17,61.9,62.4,41,0.683
2024-12-06 10:00,61.99,61.8,62.2,45,0.75
2024-12-06 11:00,62.01,61.8,62.3,25,0.417
2024-12-06 12:00,61.98,61.7,62.3,31,0.517
2024-12-06 13:00,62.08,61.8,62.5,56,0.933
2024-12-06 14:00,62.06,61.7,62.3,58,0.967
2024-12-06 15:00,62.05,61.7,62.3,56,0.933
2024-12-06 16:00,62.01,61.7,62.3,59,0.983
2024-12-06 17:00,61.94,61.7,62.2,60,1.0
2024-12-06 18:00,61.87,61.6,62.2,58,0.967
2024-12-06 19:00,61.82,61.6,62.1,57,0.95
2024-12-06 20:00,61.81,61.6,62.1,57,0.95
2024-12-06 21:00,61.8,61.6,62.1,58,0.967
2024-12-06 22:00,61.7,61.6,62.0,59,0.983
2024-12-06 23:00,61.77,61.5,62.1,59,0.983
2024-12-07 00:00,61.76,61.5,62.2,59,0.983
2024-12-07 01:00,61.72,61.5,62.0,60,1.0
2024-12-07 02:00,61.72,61.5,62.1,54,0.9
2024-12-07 03:00,61.66,61.5,62.0,58,0.967
2024-12-07 04:00,61.84,61.5,62.3,55,0.917
2024-12-07 05:00,61.32,61.2,61.6,5,0.083
2024-12-07 06:00,61.83,61.3,62.4,50,0.833
2024-12-07 07:00,62.15,61.7,62.6,57,0.95
2024-12-07 08:00,62.35,62.1,62.8,59,0.983
2024-12-07 09:00,62.51,62.3,62.9,56,0.933
2024-12-07 10:00,62.58,62.4,63.0,59,0.983
2024-12-07 11:00,62.56,62.4,62.9,52,0.867
2024-12-07 12:00,62.6,62.3,63.0,52,0.867
2024-12-07 13:00,62.58,62.3,63.0,48,0.8
2024-12-07 14:00,62.48,62.3,62.9,60,1.0
2024-12-07 15:00,62.48,62.3,62.8,60,1.0
2024-12-07 16:00,62.57,62.3,62.9,45,0.75
2024-12-07 17:00,62.52,62.3,62.8,56,0.933
2024-12-07 18:00,62.39,62.2,62.7,51,0.85
2024-12-07 19:00,62.41,62.2,62.9,55,0.917
2024-12-07 20:00,62.36,62.2,62.7,57,0.95
2024-12-07 21:00,62.35,62.2,62.7,56,0.933
2024-12-07 22:00,62.34,62.1,62.7,58,0.967
2024-12-07 23:00,62.28,62.1,62.7,60,1.0
2024-12-08 00:00,62.24,62.1,62.6,57,0.95
2024-12-08 01:00,62.25,62.1,62.5,57,0.95
2024-12-08 02:00,62.31,62.0,62.6,53,0.883
2024-12-08 03:00,62.37,62.1,62.6,44,0.733
2024-12-08 04:00,60.99,60.7,61.2,21,0.35
2024-12-08 05:00,62.2,61.0,64.4,27,0.45
2024-12-08 06:00,67.56,66.3,68.3,40,0.667
2024-12-08 07:00,68.26,67.7,68.8,49,0.817
2024-12-08 08:00,68.52,68.2,68.9,57,0.95
2024-12-08 09:00,68.15,67.7,68.7,50,0.833
2024-12-08 10:00,68.37,68.0,68.7,57,0.95
2024-12-08 11:00,68.32,68.0,68.7,52,0.867
2024-12-08 12:00,68.51,67.9,68.8,26,0.433
2024-12-08 13:00,68.04,67.1,68.7,19,0.317
2024-12-08 14:00,67.66,67.4,68.1,14,0.233
2024-12-08 15:00,68.38,68.2,68.5,4,0.067
2024-12-08 16:00,68.9,68.6,69.2,30,0.5
2024-12-08 17:00,69.1,68.5,69.5,28,0.467
2024-12-08 18:00,69.14,69.0,69.5,8,0.133
2024-12-08 19:00,70.43,69.9,71.1,6,0.1
2024-12-08 20:00,71.27,71.0,71.6,13,0.217
2024-12-08 21:00,71.24,71.0,71.6,17,0.283
2024-12-08 22:00,71.07,70.8,71.5,49,0.817
2024-12-08 23:00,70.74,70.4,71.1,58,0.967
2024-12-09 00:00,70.27,69.7,71.0,56,0.933
2024-12-09 01:00,69.69,69.5,70.2,40,0.667
2024-12-09 02:00,69.61,69.3,69.9,60,1.0
2024-12-09 03:00,69.38,69.2,69.8,59,0.983
2024-12-09 04:00,69.39,69.1,69.8,57,0.95
2024-12-09 05:00,69.11,68.5,69.7,46,0.767
2024-12-09 06:00,68.74,68.5,69.2,52,0.867
2024-12-09 07:00,68.67,68.5,68.9,21,0.35
2024-12-09 08:00,68.78,68.4,69.2,20,0.333
2024-12-09 09:00,68.96,68.7,69.2,30,0.5
2024-12-09 10:00,69.02,68.7,69.2,38,0.633
2024-12-09 11:00,68.94,68.7,69.3,60,1.0
2024-12-09 12:00,68.75,68.3,69.2,54,0.9
2024-12-09 13:00,68.78,68.5,69.0,60,1.0
2024-12-09 14:00,68.37,67.8,68.9,36,0.6
2024-12-09 15:00,70.05,69.5,70.5,33,0.55
2024-12-09 16:00,70.28,70.0,71.0,18,0.3
2024-12-09 17:00,71.32,71.0,71.6,28,0.467
2024-12-09 18:00,71.05,70.8,71.5,56,0.933
2024-12-09 19:00,70.8,70.5,71.3,58,0.967
2024-12-09 20:00,70.6,70.3,70.9,60,1.0
2024-12-09 21:00,69.98,69.6,70.6,51,0.85
2024-12-09 22:00,70.87,69.9,71.7,60,1.0
2024-12-09 23:00,71.76,71.5,72.0,51,0.85
2024-12-10 00:00,71.8,71.5,72.1,51,0.85
2024-12-10 01:00,71.53,71.4,72.0,54,0.9
2024-12-10 02:00,71.56,71.4,71.9,50,0.833
2024-12-10 03:00,71.41,71.1,71.8,51,0.85
2024-12-10 04:00,71.37,71.0,71.9,58,0.967
2024-12-10 05:00,72.03,71.6,72.4,52,0.867
2024-12-10 06:00,72.16,72.0,72.6,55,0.917
2024-12-10 07:00,72.08,71.7,72.6,39,0.65
2024-12-10 08:00,71.68,71.3,72.0,46,0.767
2024-12-10 09:00,71.46,71.0,71.8,52,0.867
2024-12-10 10:00,70.99,70.7,71.5,59,0.983
2024-12-10 11:00,70.85,70.5,71.2,58,0.967
2024-12-10 12:00,70.62,70.3,71.0,57,0.95
2024-12-10 13:00,70.6,70.2,70.9,56,0.933
2024-12-10 14:00,69.77,69.1,70.7,50,0.833
2024-12-10 15:00,69.77,69.2,70.4,53,0.883
2024-12-10 16:00,70.09,69.7,70.4,58,0.967
2024-12-10 17:00,69.92,69.6,70.3,60,1.0
2024-12-10 18:00,69.72,69.4,70.1,60,1.0
2024-12-10 19:00,69.52,69.2,69.9,58,0.967
2024-12-10 20:00,69.36,69.2,69.8,59,0.983
2024-12-10 21:00,69.18,68.9,69.5,60,1.0
2024-12-10 22:00,69.01,68.8,69.4,60,1.0
2024-12-10 23:00,68.96,68.6,69.4,60,1.0
2024-12-11 00:00,68.37,67.5,69.3,56,0.933
2024-12-11 01:00,68.16,67.6,68.8,55,0.917
2024-12-11 02:00,68.48,68.1,68.8,58,0.967
2024-12-11 03:00,68.93,68.6,69.3,54,0.9
2024-12-11 04:00,68.67,68.3,69.3,55,0.917
2024-12-11 05:00,68.45,68.2,68.7,59,0.983
2024-12-11 06:00,68.53,68.3,68.9,58,0.967
2024-12-11 07:00,68.72,68.5,69.2,57,0.95
2024-12-11 08:00,68.96,68.6,69.2,57,0.95
2024-12-11 09:00,68.53,68.1,69.1,59,0.983
2024-12-11 10:00,68.52,68.1,69.0,53,0.883
2024-12-11 11:00,68.76,68.4,69.1,57,0.95
2024-12-11 12:00,68.78,68.3,69.1,57,0.95
2024-12-11 13:00,68.56,68.3,68.9,56,0.933
2024-12-11 14:00,68.53,68.3,68.8,57,0.95
2024-12-11 15:00,68.57,68.3,69.0,60,1.0
2024-12-11 16:00,68.61,68.4,69.1,56,0.933
2024-12-11 17:00,68.61,68.3,68.8,60,1.0
2024-12-11 18:00,68.48,68.1,68.8,60,1.0
2024-12-11 19:00,68.4,68.1,68.8,53,0.883
2024-12-11 20:00,67.67,66.9,68.5,58,0.967
2024-12-11 21:00,67.23,66.8,67.9,37,0.617
2024-12-11 22:00,67.82,67.5,68.1,49,0.817
2024-12-11 23:00,67.88,67.5,68.1,51,0.85
2024-12-12 00:00,67.87,67.5,68.2,46,0.767
2024-12-12 01:00,67.86,67.5,68.1,33,0.55
2024-12-12 02:00,67.78,67.5,68.1,46,0.767
2024-12-12 03:00,67.73,67.5,68.1,51,0.85
2024-12-12 04:00,67.76,67.4,68.1,54,0.9
2024-12-12 05:00,67.65,67.4,67.9,51,0.85
2024-12-12 06:00,67.48,67.3,67.8,56,0.933
2024-12-12 07:00,67.57,67.2,67.9,56,0.933
2024-12-12 08:00,67.5,67.1,67.8,47,0.783
2024-12-12 09:00,67.56,67.3,67.8,59,0.983
2024-12-12 10:00,67.56,67.3,67.9,60,1.0
2024-12-12 11:00,67.49,67.2,67.8,58,0.967
2024-12-12 12:00,67.45,67.1,67.8,60,1.0
2024-12-12 13:00,67.29,67.0,67.7,60,1.0
2024-12-12 14:00,67.31,66.9,67.6,60,1.0
2024-12-12 15:00,67.25,66.9,67.6,60,1.0
2024-12-12 16:00,67.2,66.8,67.5,59,0.983
2024-12-12 17:00,67.12,66.8,67.4,60,1.0
2024-12-12 18:00,67.07,66.7,67.3,60,1.0
2024-12-12 19:00,66.99,66.7,67.3,60,1.0
2024-12-12 20:00,66.87,66.6,67.3,60,1.0
2024-12-12 21:00,66.82,66.6,67.1,54,0.9
2024-12-12 22:00,66.8,66.5,67.2,51,0.85
2024-12-12 23:00,66.64,66.4,67.0,49,0.817
2024-12-13 00:00,66.69,66.3,67.0,53,0.883
2024-12-13 01:00,66.75,66.4,67.0,47,0.783
2024-12-13 02:00,66.7,66.4,67.0,49,0.817
2024-12-13 03:00,66.63,66.3,66.9,53,0.883
2024-12-13 04:00,66.57,66.2,66.8,53,0.883
2024-12-13 05:00,66.54,66.3,66.8,59,0.983
2024-12-13 06:00,66.43,66.1,66.8,56,0.933
2024-12-13 07:00,66.5,66.1,66.9,48,0.8
2024-12-13 08:00,66.34,66.0,66.8,47,0.783
2024-12-13 09:00,66.32,66.0,66.6,31,0.517
2024-12-13 10:00,66.06,65.9,66.6,33,0.55
2024-12-13 11:00,66.14,65.8,66.4,28,0.467
2024-12-13 12:00,66.09,65.9,66.5,44,0.733
2024-12-13 13:00,66.03,65.8,66.4,25,0.417
2024-12-13 14:00,65.92,65.8,66.0,16,0.267
2024-12-13 15:00,66.02,65.8,66.4,26,0.433
2024-12-13 16:00,66.09,65.9,66.3,14,0.233
2024-12-13 17:00,65.95,65.8,66.1,2,0.033
2024-12-13 18:00,65.96,65.7,66.2,18,0.3
2024-12-13 19:00,65.94,65.7,66.4,27,0.45
2024-12-13 20:00,65.7,65.3,66.0,47,0.783
2024-12-13 21:00,64.52,64.1,65.2,28,0.467
2024-12-13 22:00,64.5,64.1,65.4,32,0.533
2024-12-13 23:00,66.14,64.9,68.7,41,0.683
2024-12-14 00:00,71.69,69.5,72.3,23,0.383
2024-12-14 01:00,72.31,72.1,72.6,40,0.667
2024-12-14 02:00,72.05,71.8,72.4,30,0.5
2024-12-14 03:00,71.87,71.6,72.2,16,0.267
2024-12-14 09:00,70.15,70.0,70.3,6,0.1
2024-12-14 10:00,69.74,69.4,70.1,18,0.3
2024-12-14 11:00,69.6,69.4,69.8,10,0.167
2024-12-14 12:00,69.6,69.3,69.9,28,0.467
2024-12-14 13:00,69.52,69.2,69.9,45,0.75
2024-12-14 14:00,69.22,67.3,69.7,45,0.75
2024-12-14 15:00,68.13,67.8,68.5,16,0.267
2024-12-14 16:00,69.15,68.6,69.8,22,0.367
2024-12-14 17:00,70.05,69.5,70.3,47,0.783
2024-12-14 18:00,69.99,69.8,70.3,56,0.933
2024-12-14 19:00,69.89,69.7,70.1,44,0.733
2024-12-14 20:00,69.58,68.8,70.1,29,0.483
2024-12-14 21:00,68.94,68.8,69.1,9,0.15
2024-12-15 01:00,69.9,69.9,69.9,1,0.017
2024-12-15 02:00,69.6,69.4,69.7,4,0.067
2024-12-15 03:00,69.49,69.2,69.8,9,0.15
2024-12-15 04:00,69.31,69.1,69.5,14,0.233
2024-12-15 05:00,69.27,68.7,69.6,7,0.117
2024-12-15 07:00,68.75,68.6,68.9,2,0.033
2024-12-15 08:00,68.6,68.6,68.6,1,0.017
2024-12-15 09:00,69.0,69.0,69.0,1,0.017
2024-12-15 13:00,68.1,68.1,68.1,1,0.017
2024-12-15 14:00,68.2,68.1,68.3,2,0.033
2024-12-15 16:00,68.21,68.0,68.5,13,0.217
2024-12-15 17:00,68.09,67.9,68.3,8,0.133
2024-12-15 18:00,68.3,68.0,68.4,14,0.233
2024-12-15 19:00,68.23,68.1,68.5,16,0.267
2024-12-15 20:00,68.16,68.0,68.3,7,0.117
2024-12-15 21:00,68.09,68.0,68.2,13,0.217
2024-12-15 22:00,68.0,67.8,68.2,8,0.133
2024-12-15 23:00,67.78,67.6,67.9,6,0.1
2024-12-16 00:00,67.74,67.6,67.9,10,0.167
2024-12-16 01:00,67.61,67.3,67.8,14,0.233
2024-12-16 02:00,67.48,67.2,67.8,18,0.3
2024-12-16 03:00,67.48,67.3,67.7,17,0.283
2024-12-16 04:00,67.4,67.3,67.5,5,0.083
2024-12-16 05:00,67.3,67.1,67.5,9,0.15
2024-12-16 06:00,67.18,66.9,67.3,10,0.167
2024-12-16 07:00,67.08,66.9,67.3,5,0.083
2024-12-16 10:00,66.6,66.6,66.6,2,0.033
2024-12-16 11:00,66.5,66.5,66.5,1,0.017
2024-12-16 15:00,66.45,66.4,66.5,2,0.033
2024-12-16 17:00,66.5,66.5,66.5,1,0.017
2024-12-17 09:00,65.49,65.3,65.6,17,0.283
2024-12-17 10:00,65.5,65.3,65.8,9,0.15
2024-12-17 11:00,65.34,65.2,65.5,32,0.533
2024-12-17 12:00,65.37,65.2,65.7,43,0.717
2024-12-17 13:00,65.31,65.1,65.6,50,0.833
2024-12-17 14:00,65.28,65.1,65.6,46,0.767
2024-12-17 15:00,65.32,65.0,65.7,25,0.417
2024-12-17 16:00,65.27,65.0,65.5,41,0.683
2024-12-17 17:00,65.27,65.0,65.6,42,0.7
2024-12-17 18:00,65.32,65.0,65.7,38,0.633
2024-12-17 19:00,65.35,65.2,65.5,22,0.367
2024-12-17 20:00,65.33,65.1,65.6,37,0.617
2024-12-17 21:00,65.31,65.0,65.5,35,0.583
2024-12-17 22:00,65.28,65.0,65.4,42,0.7
2024-12-17 23:00,65.25,64.9,65.4,28,0.467
2024-12-18 00:00,65.18,64.9,65.4,42,0.7
2024-12-18 01:00,65.16,64.8,65.3,33,0.55
2024-12-18 02:00,65.14,65.0,65.3,35,0.583
2024-12-18 03:00,65.12,64.9,65.3,40,0.667
2024-12-18 04:00,65.08,64.8,65.3,26,0.433
2024-12-18 05:00,65.06,64.8,65.3,21,0.35
2024-12-18 06:00,65.01,64.7,65.2,18,0.3
2024-12-18 07:00,64.95,64.5,65.2,22,0.367
2024-12-18 08:00,64.67,64.5,65.1,14,0.233
2024-12-18 09:00,64.71,64.5,65.1,22,0.367
2024-12-18 10:00,64.8,64.6,65.1,30,0.5
2024-12-18 11:00,64.9,64.6,65.0,6,0.1
2024-12-18 12:00,64.72,64.5,64.8,5,0.083
2024-12-18 15:00,64.46,64.3,64.6,28,0.467
2024-12-18 16:00,64.47,64.4,64.6,17,0.283
2024-12-18 19:00,64.4,64.4,64.4,1,0.017
2024-12-19 01:00,64.1,64.1,64.1,1,0.017
2024-12-19 08:00,64.3,64.3,64.3,1,0.017
2024-12-19 09:00,64.0,64.0,64.0,1,0.017
2024-12-19 10:00,64.2,64.0,64.4,6,0.1
2024-12-19 11:00,64.0,64.0,64.0,1,0.017
2024-12-19 12:00,64.1,63.9,64.4,11,0.183
2024-12-19 13:00,64.0,63.8,64.4,54,0.9
2024-12-19 14:00,63.93,63.8,64.1,21,0.35
2024-12-19 15:00,63.97,63.8,64.4,55,0.917
2024-12-19 16:00,63.96,63.8,64.2,49,0.817
2024-12-19 17:00,64.06,63.8,64.6,49,0.817
2024-12-19 18:00,64.15,63.8,64.4,41,0.683
2024-12-19 19:00,64.18,63.9,64.4,57,0.95
2024-12-19 20:00,64.25,64.0,64.5,53,0.883
2024-12-19 21:00,64.26,63.9,64.5,60,1.0
2024-12-19 22:00,64.24,64.0,64.5,60,1.0
2024-12-19 23:00,64.05,63.6,64.4,60,1.0
2024-12-20 00:00,63.52,62.6,64.2,44,0.733
2024-12-20 01:00,62.83,62.5,63.2,34,0.567
2024-12-20 02:00,64.22,62.9,64.9,19,0.317
2024-12-20 03:00,65.29,65.0,65.5,8,0.133
2024-12-20 06:00,65.92,65.8,66.1,4,0.067
2024-12-20 07:00,66.75,66.5,67.0,6,0.1
2024-12-20 08:00,67.1,66.9,67.2,5,0.083
2024-12-20 09:00,67.08,66.6,67.4,25,0.417
2024-12-20 10:00,67.05,66.6,67.4,29,0.483
2024-12-20 11:00,67.01,66.7,67.2,32,0.533
2024-12-20 12:00,66.91,66.5,67.1,27,0.45
2024-12-20 13:00,66.02,65.1,66.9,13,0.217
2024-12-20 14:00,66.16,65.7,66.5,24,0.4
2024-12-20 15:00,66.2,66.0,66.4,9,0.15
2024-12-20 16:00,66.46,66.2,66.7,18,0.3
2024-12-20 17:00,66.31,65.9,66.6,35,0.583
2024-12-20 18:00,66.07,65.9,66.5,29,0.483
2024-12-20 19:00,66.02,65.8,66.3,38,0.633
2024-12-20 20:00,66.05,66.0,66.1,2,0.033
2024-12-20 23:00,66.1,65.6,66.5,8,0.133
2024-12-21 01:00,66.0,66.0,66.0,1,0.017
2024-12-21 09:00,66.15,66.1,66.2,4,0.067
2024-12-21 11:00,66.18,66.0,66.3,4,0.067
2024-12-21 12:00,66.1,66.1,66.1,1,0.017
2024-12-21 19:00,65.84,65.7,65.9,5,0.083
2024-12-22 14:00,64.96,64.8,65.1,7,0.117
2024-12-22 16:00,65.17,65.1,65.3,3,0.05
2024-12-22 17:00,64.99,64.7,65.3,32,0.533
2024-12-22 18:00,64.7,64.6,64.8,3,0.05
2024-12-22 22:00,77.8,77.8,77.8,2,0.033
2024-12-22 23:00,78.05,77.9,78.2,2,0.033
2024-12-23 00:00,76.7,76.7,76.7,1,0.017
2024-12-23 01:00,76.2,76.2,76.2,1,0.017
2024-12-23 02:00,74.72,74.3,75.5,4,0.067
2024-12-23 03:00,74.62,74.5,74.8,5,0.083
2024-12-23 04:00,74.0,74.0,74.0,1,0.017
2024-12-23 05:00,73.25,73.1,73.4,2,0.033
2024-12-23 06:00,73.12,73.0,73.2,5,0.083
2024-12-23 07:00,73.07,72.9,73.2,3,0.05
2024-12-23 08:00,73.47,73.3,73.7,9,0.15
2024-12-23 09:00,74.6,74.4,74.8,2,0.033
2024-12-23 10:00,74.8,74.4,75.1,41,0.683
2024-12-23 11:00,74.6,74.6,74.6,1,0.017
2024-12-23 17:00,72.05,71.9,72.2,2,0.033
2024-12-23 18:00,72.02,71.9,72.2,18,0.3
2024-12-23 19:00,72.1,72.1,72.1,1,0.017
2024-12-23 20:00,71.0,71.0,71.0,1,0.017
2024-12-23 21:00,71.07,70.9,71.2,3,0.05
2024-12-24 00:00,70.45,70.4,70.5,2,0.033
2024-12-24 01:00,70.22,70.0,70.5,19,0.317
2024-12-24 03:00,69.9,69.9,69.9,1,0.017
2024-12-24 04:00,69.7,69.6,69.8,2,0.033
2024-12-24 05:00,69.64,69.4,69.9,18,0.3
2024-12-24 06:00,69.57,69.4,69.9,9,0.15
2024-12-24 07:00,69.4,69.2,69.6,18,0.3
2024-12-24 08:00,69.45,69.4,69.5,4,0.067
2024-12-24 10:00,69.08,68.9,69.3,4,0.067
2024-12-24 12:00,68.96,68.7,69.1,5,0.083
2024-12-24 13:00,68.9,68.9,68.9,1,0.017
2024-12-24 14:00,68.82,68.7,68.9,6,0.1
2024-12-24 17:00,68.3,68.3,68.3,1,0.017
2024-12-24 18:00,68.1,67.9,68.4,11,0.183
2024-12-24 19:00,68.04,67.8,68.3,17,0.283
2024-12-24 21:00,67.85,67.8,67.9,2,0.033
2024-12-24 22:00,67.8,67.7,67.9,2,0.033
2024-12-24 23:00,67.68,67.6,67.9,12,0.2
2024-12-25 00:00,67.5,67.4,67.6,3,0.05
2024-12-25 01:00,67.5,67.4,67.6,7,0.117
2024-12-25 03:00,67.47,67.3,67.6,7,0.117
2024-12-25 04:00,67.27,67.1,67.4,11,0.183
2024-12-25 05:00,67.24,67.1,67.6,9,0.15
2024-12-25 06:00,67.25,67.1,67.4,2,0.033
2024-12-25 07:00,67.11,66.9,67.5,27,0.45
2024-12-25 08:00,67.22,67.1,67.5,11,0.183
2024-12-25 09:00,67.09,66.8,67.4,8,0.133
2024-12-25 10:00,66.91,66.8,67.1,8,0.133
2024-12-25 11:00,66.92,66.7,67.2,4,0.067
2024-12-25 12:00,66.79,66.7,67.0,12,0.2
2024-12-25 13:00,66.74,66.6,67.1,47,0.783
2024-12-25 14:00,66.7,66.5,67.0,42,0.7
2024-12-25 15:00,66.8,66.5,67.1,46,0.767
2024-12-25 16:00,66.66,66.4,66.9,42,0.7
2024-12-25 17:00,66.79,66.5,67.0,38,0.633
2024-12-25 18:00,66.76,66.5,67.0,44,0.733
2024-12-25 19:00,66.7,66.4,66.9,49,0.817
2024-12-25 20:00,66.66,66.5,66.8,35,0.583
2024-12-25 21:00,66.53,66.3,66.7,10,0.167
2024-12-25 22:00,66.51,66.2,66.7,13,0.217
2024-12-25 23:00,66.46,66.2,66.6,26,0.433
2024-12-26 00:00,66.42,66.1,66.6,19,0.317
2024-12-26 01:00,66.41,66.1,66.6,20,0.333
2024-12-26 02:00,66.31,65.9,66.6,22,0.367
2024-12-26 03:00,66.26,66.1,66.4,9,0.15
2024-12-26 04:00,66.19,65.9,66.4,25,0.417
2024-12-26 05:00,66.3,66.1,66.5,20,0.333
2024-12-26 06:00,66.26,66.1,66.4,5,0.083
2024-12-26 07:00,66.11,66.0,66.3,12,0.2
2024-12-26 08:00,65.97,65.8,66.1,6,0.1
2024-12-26 09:00,66.05,65.7,66.4,25,0.417
2024-12-26 10:00,65.87,65.6,66.2,26,0.433
2024-12-26 11:00,65.71,65.5,66.0,17,0.283
2024-12-26 12:00,65.66,65.5,65.8,25,0.417
2024-12-26 13:00,65.74,65.5,66.0,28,0.467
2024-12-26 14:00,65.8,65.5,66.0,21,0.35
2024-12-26 15:00,65.67,65.4,66.0,26,0.433
2024-12-26 16:00,65.67,65.4,65.9,9,0.15
2024-12-26 17:00,65.58,65.5,65.7,5,0.083
2024-12-26 18:00,65.7,65.4,65.9,12,0.2
2024-12-26 19:00,65.63,65.3,65.8,14,0.233
2024-12-26 20:00,65.56,65.2,65.8,17,0.283
2024-12-26 21:00,65.51,65.2,65.8,22,0.367
2024-12-26 22:00,65.45,65.1,65.6,20,0.333
2024-12-26 23:00,65.49,65.2,65.8,18,0.3
2024-12-27 00:00,65.3,65.1,65.5,3,0.05
2024-12-27 01:00,65.36,65.0,65.6,5,0.083
2024-12-27 02:00,65.26,65.0,65.5,13,0.217
2024-12-27 03:00,65.22,64.9,65.5,15,0.25
2024-12-27 04:00,65.24,65.0,65.5,27,0.45
2024-12-27 05:00,65.22,64.9,65.5,40,0.667
2024-12-27 06:00,65.05,64.9,65.4,40,0.667
2024-12-27 07:00,65.02,64.8,65.3,31,0.517
2024-12-27 08:00,65.14,64.8,65.4,46,0.767
2024-12-27 09:00,64.93,64.7,65.4,55,0.917
2024-12-27 10:00,64.87,64.7,65.1,48,0.8
2024-12-27 11:00,64.88,64.7,65.3,54,0.9
2024-12-27 12:00,64.84,64.7,65.1,47,0.783
2024-12-27 13:00,64.91,64.7,65.3,59,0.983
2024-12-27 14:00,64.93,64.6,65.2,60,1.0
2024-12-27 15:00,64.93,64.7,65.2,60,1.0
2024-12-27 16:00,64.9,64.6,65.2,60,1.0
2024-12-27 17:00,64.93,64.6,65.3,60,1.0
2024-12-27 18:00,64.94,64.8,65.1,60,1.0
2024-12-27 19:00,64.9,64.6,65.1,60,1.0
2024-12-27 20:00,64.9,64.6,65.1,60,1.0
2024-12-27 21:00,64.84,64.4,65.1,60,1.0
2024-12-27 22:00,64.79,64.4,65.0,60,1.0
2024-12-27 23:00,64.76,64.4,65.0,59,0.983
2024-12-28 00:00,64.66,64.3,64.9,60,1.0
2024-12-28 01:00,64.68,64.3,64.9,60,1.0
2024-12-28 02:00,64.67,64.3,64.9,60,1.0
2024-12-28 03:00,64.68,64.5,64.8,60,1.0
2024-12-28 04:00,64.58,64.2,64.8,60,1.0
2024-12-28 05:00,64.59,64.3,64.9,59,0.983
2024-12-28 06:00,64.54,64.2,64.8,60,1.0
2024-12-28 07:00,64.5,64.2,64.7,60,1.0
2024-12-28 08:00,64.52,64.3,64.7,57,0.95
2024-12-28 09:00,64.34,64.1,64.6,50,0.833
2024-12-28 10:00,64.42,64.1,64.7,43,0.717
2024-12-28 11:00,64.25,64.0,64.6,33,0.55
2024-12-28 12:00,64.11,64.0,64.5,41,0.683
2024-12-28 13:00,64.16,64.0,64.4,33,0.55
2024-12-28 14:00,64.16,64.0,64.5,29,0.483
2024-12-28 15:00,64.25,64.0,64.5,33,0.55
2024-12-28 16:00,64.17,63.9,64.5,47,0.783
2024-12-28 17:00,64.33,64.2,64.5,35,0.583
2024-12-28 18:00,64.28,64.2,64.4,26,0.433
2024-12-28 19:00,64.21,64.0,64.4,39,0.65
2024-12-28 20:00,64.16,63.9,64.4,46,0.767
2024-12-28 21:00,64.09,63.8,64.3,16,0.267
2024-12-28 22:00,63.98,63.8,64.2,22,0.367
2024-12-28 23:00,63.98,63.8,64.2,38,0.633
2024-12-29 00:00,63.93,63.7,64.2,32,0.533
2024-12-29 01:00,63.87,63.7,64.1,54,0.9
2024-12-29 02:00,63.8,63.7,64.0,46,0.767
2024-12-29 03:00,63.78,63.6,64.0,50,0.833
2024-12-29 04:00,63.71,63.6,63.9,45,0.75
2024-12-29 05:00,63.71,63.6,63.9,43,0.717
2024-12-29 06:00,63.72,63.6,63.9,30,0.5
2024-12-29 07:00,63.67,63.5,63.8,24,0.4
2024-12-29 08:00,63.77,63.5,64.1,42,0.7
2024-12-29 09:00,63.68,63.5,64.1,55,0.917
2024-12-29 10:00,63.64,63.5,63.9,57,0.95
2024-12-29 11:00,63.63,63.5,63.9,57,0.95
2024-12-29 12:00,63.67,63.5,64.0,58,0.967
2024-12-29 13:00,63.73,63.5,64.0,57,0.95
2024-12-29 14:00,63.81,63.5,64.1,52,0.867
2024-12-29 15:00,63.78,63.5,64.1,48,0.8
2024-12-29 16:00,63.7,63.5,64.0,41,0.683
2024-12-29 17:00,63.77,63.5,64.0,44,0.733
2024-12-29 18:00,63.77,63.5,63.9,47,0.783
2024-12-29 19:00,63.73,63.5,64.0,52,0.867
2024-12-29 20:00,63.65,63.4,63.9,53,0.883
2024-12-29 21:00,63.49,63.3,63.8,48,0.8
2024-12-29 22:00,63.53,63.3,63.8,44,0.733
2024-12-29 23:00,63.44,63.3,63.7,43,0.717
2024-12-30 00:00,63.39,63.2,63.6,33,0.55
2024-12-30 01:00,63.34,63.2,63.5,31,0.517
2024-12-30 02:00,63.33,63.2,63.6,35,0.583
2024-12-30 03:00,63.3,63.1,63.5,40,0.667
2024-12-30 04:00,63.29,63.2,63.5,43,0.717
2024-12-30 05:00,63.27,63.1,63.5,50,0.833
2024-12-30 06:00,63.23,63.1,63.3,46,0.767
2024-12-30 07:00,63.23,63.1,63.5,41,0.683
2024-12-30 08:00,63.34,63.1,63.6,48,0.8
2024-12-30 09:00,63.22,63.1,63.5,54,0.9
2024-12-30 10:00,63.21,63.1,63.5,58,0.967
2024-12-30 11:00,63.17,63.0,63.4,56,0.933
2024-12-30 12:00,63.15,63.0,63.4,54,0.9
2024-12-30 13:00,63.14,63.0,63.5,56,0.933
2024-12-30 14:00,63.16,63.0,63.5,54,0.9
2024-12-30 15:00,63.2,63.0,63.4,31,0.517
2024-12-30 16:00,63.12,63.0,63.4,25,0.417
2024-12-30 17:00,63.1,62.9,63.3,23,0.383
2024-12-30 21:00,63.33,63.2,63.5,9,0.15
2024-12-30 22:00,63.24,63.0,63.5,21,0.35
2024-12-30 23:00,63.26,62.9,63.5,34,0.567
2024-12-31 00:00,63.23,62.9,63.5,33,0.55
2024-12-31 01:00,63.22,62.9,63.4,38,0.633
2024-12-31 02:00,63.16,62.9,63.4,26,0.433
2024-12-31 03:00,63.15,62.9,63.4,37,0.617
2024-12-31 04:00,63.14,62.8,63.3,39,0.65
2024-12-31 05:00,63.02,62.7,63.4,37,0.617
2024-12-31 06:00,62.99,62.7,63.3,46,0.767
2024-12-31 07:00,63.13,62.8,63.3,35,0.583
2024-12-31 08:00,63.04,62.8,63.3,35,0.583
2024-12-31 09:00,62.93,62.7,63.2,35,0.583
2024-12-31 10:00,63.04,62.8,63.4,56,0.933
2024-12-31 11:00,62.78,62.7,63.0,44,0.733
2024-12-31 12:00,62.9,62.6,63.2,34,0.567
2024-12-31 13:00,62.85,62.6,63.1,34,0.567
2024-12-31 14:00,63.01,62.7,63.2,29,0.483
2024-12-31 15:00,63.03,62.8,63.3,22,0.367
2024-12-31 16:00,63.03,62.8,63.2,21,0.35
2024-12-31 17:00,62.94,62.7,63.1,8,0.133
2024-12-31 18:00,62.8,62.6,63.1,5,0.083
2024-12-31 19:00,62.69,62.6,62.9,15,0.25
2024-12-31 20:00,62.73,62.6,63.1,15,0.25
2024-12-31 21:00,62.85,62.6,63.1,25,0.417
2024-12-31 22:00,62.88,62.6,63.1,21,0.35
2024-12-31 23:00,62.93,62.8,63.1,25,0.417
2025-01-01 00:00,62.9,62.7,63.1,16,0.267
2025-01-01 10:00,62.8,62.7,62.9,3,0.05
2025-01-01 11:00,62.63,62.3,62.8,3,0.05
2025-01-01 13:00,62.7,62.7,62.7,2,0.033
2025-01-02 12:00,62.0,62.0,62.0,1,0.017
2025-01-02 20:00,62.0,62.0,62.0,2,0.033
2025-01-03 00:00,62.0,61.9,62.1,3,0.05
2025-01-03 04:00,62.1,62.1,62.1,1,0.017
2025-01-03 05:00,62.1,62.0,62.2,2,0.033
2025-01-03 07:00,61.98,61.8,62.3,12,0.2
2025-01-03 08:00,62.03,62.0,62.1,3,0.05
2025-01-03 12:00,62.3,62.3,62.3,1,0.017
2025-01-03 13:00,62.45,62.3,62.6,4,0.067
2025-01-03 14:00,61.06,60.8,61.5,28,0.467
2025-01-03 15:00,61.58,60.9,62.6,51,0.85
2025-01-03 16:00,63.67,62.6,64.6,35,0.583
2025-01-03 17:00,65.23,64.7,65.9,15,0.25
2025-01-03 18:00,65.44,65.2,65.8,31,0.517
2025-01-03 19:00,66.85,66.1,67.4,11,0.183
2025-01-03 20:00,67.36,67.1,67.6,27,0.45
2025-01-03 21:00,67.45,67.1,67.6,40,0.667
2025-01-03 22:00,67.42,67.1,67.7,30,0.5
2025-01-03 23:00,66.73,66.1,67.5,37,0.617
2025-01-04 00:00,66.51,66.1,67.1,31,0.517
2025-01-04 01:00,67.84,67.0,68.3,25,0.417
2025-01-04 02:00,67.87,67.6,68.2,26,0.433
2025-01-04 03:00,68.31,67.9,68.8,20,0.333
2025-01-04 04:00,69.15,68.8,69.6,12,0.2
2025-01-04 05:00,69.77,69.5,69.9,6,0.1
2025-01-04 06:00,69.71,69.6,69.8,7,0.117
2025-01-04 07:00,69.8,69.6,70.0,2,0.033
2025-01-04 08:00,69.6,69.6,69.6,1,0.017
2025-01-06 11:00,66.38,66.2,66.5,5,0.083
2025-01-06 12:00,66.22,66.1,66.3,8,0.133
2025-01-06 13:00,66.27,66.1,66.5,7,0.117
2025-01-06 14:00,66.23,66.1,66.3,3,0.05
2025-01-06 15:00,66.25,66.2,66.3,2,0.033
2025-01-07 07:00,65.3,65.3,65.3,1,0.017
2025-01-07 08:00,65.58,65.3,65.7,24,0.4
2025-01-07 09:00,65.52,65.2,65.8,19,0.317
2025-01-07 10:00,65.59,65.4,65.8,17,0.283
2025-01-07 11:00,65.49,65.2,65.8,31,0.517
2025-01-07 12:00,65.51,65.1,65.7,34,0.567
2025-01-07 13:00,65.48,65.3,65.7,28,0.467
2025-01-07 14:00,65.5,65.1,65.7,24,0.4
2025-01-07 15:00,65.48,65.3,65.7,15,0.25
2025-01-07 16:00,65.36,65.1,65.6,27,0.45
2025-01-07 17:00,64.92,63.8,65.6,14,0.233
2025-01-09 06:00,65.6,65.6,65.6,1,0.017
2025-01-09 07:00,65.83,65.7,66.0,3,0.05
2025-01-09 08:00,66.6,66.6,66.6,3,0.05
2025-01-09 09:00,67.37,67.1,67.7,11,0.183
2025-01-09 10:00,69.13,68.2,69.8,29,0.483
2025-01-09 11:00,69.76,69.4,70.1,17,0.283
2025-01-09 12:00,70.13,70.0,70.3,10,0.167
2025-01-09 13:00,70.02,69.8,70.2,20,0.333
2025-01-09 14:00,69.96,69.8,70.1,20,0.333
2025-01-09 15:00,69.76,69.6,69.9,19,0.317
2025-01-09 16:00,69.6,69.4,69.8,31,0.517
2025-01-09 17:00,69.41,69.2,69.8,33,0.55
2025-01-09 18:00,69.27,69.1,69.5,31,0.517
2025-01-09 19:00,69.12,68.6,70.0,44,0.733
2025-01-09 20:00,68.97,68.8,69.2,48,0.8
2025-01-09 21:00,68.85,68.7,69.0,45,0.75
2025-01-09 22:00,68.72,68.5,68.9,44,0.733
2025-01-09 23:00,68.63,68.5,68.8,36,0.6
2025-01-10 00:00,68.52,68.4,68.8,25,0.417
2025-01-10 01:00,68.4,68.4,68.4,1,0.017
2025-01-10 05:00,68.1,68.1,68.1,1,0.017
2025-01-10 06:00,68.2,68.1,68.3,2,0.033
2025-01-10 07:00,68.2,68.2,68.2,1,0.017
2025-01-10 09:00,67.9,67.9,67.9,1,0.017
2025-01-10 10:00,67.87,67.8,68.0,3,0.05
2025-01-10 11:00,67.8,67.7,67.9,2,0.033
2025-01-10 12:00,67.9,67.9,67.9,2,0.033
2025-01-10 16:00,67.2,67.2,67.2,1,0.017
2025-01-11 13:00,65.75,65.3,66.3,8,0.133
2025-01-11 14:00,65.95,65.8,66.2,6,0.1
2025-01-11 15:00,65.83,65.7,65.9,7,0.117
2025-01-12 05:00,73.2,73.2,73.2,1,0.017
2025-01-12 06:00,74.65,74.5,74.8,2,0.033
2025-01-12 07:00,74.97,74.8,75.3,3,0.05
2025-01-12 09:00,74.2,74.0,74.4,4,0.067
2025-01-12 10:00,73.64,73.5,73.8,5,0.083
2025-01-12 11:00,73.35,73.3,73.4,2,0.033
2025-01-12 12:00,72.9,72.9,72.9,1,0.017
2025-01-12 13:00,72.8,72.8,72.8,1,0.017
2025-01-12 14:00,72.6,72.6,72.6,1,0.017
2025-01-12 15:00,72.1,72.0,72.2,3,0.05
2025-01-12 16:00,72.43,72.3,72.6,3,0.05
2025-01-12 17:00,72.87,72.7,73.0,3,0.05
2025-01-12 18:00,72.78,72.6,73.1,9,0.15
2025-01-12 19:00,72.55,72.4,72.7,2,0.033
2025-01-12 20:00,72.26,72.0,72.4,9,0.15
2025-01-12 21:00,71.86,71.6,72.1,10,0.167
2025-01-12 22:00,71.64,71.4,71.9,21,0.35
2025-01-12 23:00,71.31,71.1,71.6,19,0.317
2025-01-13 00:00,71.14,70.8,71.4,45,0.75
2025-01-13 01:00,70.86,70.6,71.2,30,0.5
2025-01-13 02:00,70.67,70.4,70.9,33,0.55
2025-01-13 03:00,70.5,70.0,70.7,45,0.75
2025-01-13 04:00,70.2,69.8,70.5,45,0.75
2025-01-13 05:00,70.06,69.7,70.3,38,0.633
2025-01-13 06:00,69.88,69.6,70.2,46,0.767
2025-01-13 07:00,69.71,69.4,70.0,41,0.683
2025-01-13 08:00,69.61,69.2,70.0,52,0.867
2025-01-13 09:00,69.41,69.1,69.7,55,0.917
2025-01-13 10:00,69.38,69.0,69.6,58,0.967
2025-01-13 11:00,69.24,69.0,69.5,58,0.967
2025-01-13 12:00,69.15,68.9,69.4,58,0.967
2025-01-13 13:00,69.02,68.7,69.2,60,1.0
2025-01-13 14:00,68.9,68.7,69.3,60,1.0
2025-01-13 15:00,68.83,68.6,69.0,60,1.0
2025-01-13 16:00,68.53,68.2,68.9,59,0.983
2025-01-13 17:00,68.4,68.2,68.7,58,0.967
2025-01-13 18:00,68.53,68.2,68.7,60,1.0
2025-01-13 19:00,68.46,68.1,68.7,59,0.983
2025-01-13 20:00,68.37,68.1,68.7,55,0.917
2025-01-13 21:00,68.08,67.8,68.4,48,0.8
2025-01-13 22:00,68.01,67.8,68.3,42,0.7
2025-01-13 23:00,67.88,67.7,68.2,36,0.6
2025-01-14 00:00,67.83,67.5,68.2,44,0.733
2025-01-14 01:00,67.95,67.7,68.2,50,0.833
2025-01-14 02:00,67.9,67.6,68.1,56,0.933
2025-01-14 03:00,67.78,67.5,68.1,52,0.867
2025-01-14 04:00,67.63,67.3,68.0,57,0.95
2025-01-14 05:00,67.44,67.2,67.8,55,0.917
2025-01-14 06:00,67.43,66.7,68.0,52,0.867
2025-01-14 07:00,67.28,67.1,67.6,57,0.95
2025-01-14 08:00,67.35,67.0,67.7,41,0.683
2025-01-14 09:00,67.09,67.0,67.4,38,0.633
2025-01-14 10:00,67.05,66.9,67.3,55,0.917
2025-01-14 11:00,67.1,66.8,67.5,54,0.9
2025-01-14 12:00,67.09,66.8,67.4,55,0.917
2025-01-14 13:00,67.13,66.8,67.5,56,0.933
2025-01-14 14:00,67.16,67.0,67.3,59,0.983
2025-01-14 15:00,67.08,66.9,67.3,57,0.95
2025-01-14 16:00,67.04,66.8,67.2,55,0.917
2025-01-14 17:00,66.94,66.7,67.1,48,0.8
2025-01-14 18:00,66.88,66.6,67.1,48,0.8
2025-01-14 19:00,66.86,66.7,67.1,50,0.833
2025-01-14 20:00,66.78,66.6,67.0,43,0.717
2025-01-14 21:00,66.69,66.4,67.0,54,0.9
2025-01-14 22:00,66.56,66.3,66.8,57,0.95
2025-01-14 23:00,66.57,66.2,66.8,51,0.85
2025-01-15 00:00,66.46,66.2,66.8,55,0.917
2025-01-15 01:00,66.37,66.1,66.6,52,0.867
2025-01-15 02:00,66.31,66.1,66.5,49,0.817
2025-01-15 03:00,66.22,66.0,66.5,38,0.633
2025-01-15 04:00,66.2,66.0,66.5,39,0.65
2025-01-15 05:00,66.29,66.0,66.6,37,0.617
2025-01-15 06:00,66.32,66.1,66.6,42,0.7
2025-01-15 07:00,66.1,65.9,66.3,40,0.667
2025-01-15 08:00,66.14,65.9,66.4,50,0.833
2025-01-15 09:00,66.02,65.8,66.3,50,0.833
2025-01-15 10:00,66.06,65.8,66.4,45,0.75
2025-01-15 11:00,65.94,65.7,66.3,51,0.85
2025-01-15 12:00,65.93,65.7,66.3,58,0.967
2025-01-15 13:00,65.82,65.7,66.1,59,0.983
2025-01-15 14:00,65.76,65.6,66.0,58,0.967
2025-01-15 15:00,65.76,65.6,66.2,59,0.983
2025-01-15 16:00,65.96,65.6,66.2,59,0.983
2025-01-15 17:00,65.75,65.5,66.2,58,0.967
2025-01-15 18:00,65.84,65.5,66.1,60,1.0
2025-01-15 19:00,65.79,65.5,66.1,60,1.0
2025-01-15 20:00,65.59,65.4,65.9,60,1.0
2025-01-15 21:00,65.56,65.4,65.8,60,1.0
2025-01-15 22:00,65.51,65.4,65.7,56,0.933
2025-01-15 23:00,65.54,65.4,66.0,57,0.95
2025-01-16 00:00,65.54,65.4,65.9,38,0.633
2025-01-16 01:00,65.47,65.3,65.8,34,0.567
2025-01-16 02:00,65.48,65.2,65.8,31,0.517
2025-01-16 03:00,65.46,65.2,65.8,41,0.683
2025-01-16 04:00,65.34,65.2,65.5,37,0.617
2025-01-16 05:00,65.3,65.1,65.5,40,0.667
2025-01-16 06:00,65.36,65.1,65.6,43,0.717
2025-01-16 07:00,65.28,65.1,65.8,44,0.733
2025-01-16 08:00,65.36,65.1,65.7,44,0.733
2025-01-16 09:00,65.35,65.1,65.7,41,0.683
2025-01-16 10:00,65.28,65.0,65.6,43,0.717
2025-01-16 11:00,65.22,65.0,65.7,46,0.767
2025-01-16 12:00,65.16,65.0,65.5,39,0.65
2025-01-16 13:00,65.17,65.0,65.6,37,0.617
2025-01-16 14:00,65.12,65.0,65.3,24,0.4
2025-01-16 15:00,65.3,65.0,65.5,46,0.767
2025-01-16 16:00,65.12,64.9,65.5,47,0.783
2025-01-16 17:00,65.03,64.9,65.2,44,0.733
2025-01-16 18:00,65.1,64.9,65.4,25,0.417
2025-01-16 19:00,65.2,65.0,65.4,33,0.55
2025-01-16 20:00,65.28,65.1,65.5,36,0.6
2025-01-16 21:00,65.04,64.8,65.4,16,0.267
2025-01-16 22:00,65.01,64.8,65.4,23,0.383
2025-01-16 23:00,64.95,64.8,65.3,31,0.517
2025-01-17 00:00,64.87,64.7,65.3,34,0.567
2025-01-17 01:00,64.87,64.7,65.0,22,0.367
2025-01-17 02:00,65.01,64.8,65.2,12,0.2
2025-01-17 03:00,65.12,64.9,65.3,12,0.2
2025-01-17 04:00,65.1,64.9,65.3,10,0.167
2025-01-17 05:00,64.99,64.7,65.2,13,0.217
2025-01-17 06:00,64.91,64.6,65.1,15,0.25
2025-01-17 07:00,64.82,64.5,65.1,12,0.2
2025-01-17 08:00,64.73,64.5,65.0,16,0.267
2025-01-17 09:00,64.83,64.5,65.0,29,0.483
2025-01-17 10:00,64.6,64.5,65.0,37,0.617
2025-01-17 11:00,64.61,64.5,64.9,50,0.833
2025-01-17 12:00,64.73,64.5,65.1,41,0.683
2025-01-17 13:00,64.54,64.4,65.0,38,0.633
2025-01-17 14:00,64.72,64.5,64.9,19,0.317
2025-01-17 15:00,64.5,64.4,64.8,25,0.417
2025-01-17 16:00,64.5,64.4,64.8,25,0.417
2025-01-17 17:00,64.57,64.3,64.8,44,0.733
2025-01-17 18:00,64.59,64.3,64.9,52,0.867
2025-01-17 19:00,64.62,64.3,65.0,50,0.833
2025-01-17 20:00,64.5,64.3,64.9,51,0.85
2025-01-17 21:00,64.37,64.2,64.6,55,0.917
2025-01-17 22:00,64.48,64.3,64.9,42,0.7
2025-01-17 23:00,64.49,64.2,64.8,36,0.6
2025-01-18 00:00,64.77,64.7,64.8,3,0.05
2025-01-18 01:00,64.4,64.3,64.5,5,0.083
2025-01-18 02:00,64.26,64.0,64.6,22,0.367
2025-01-18 03:00,64.2,63.9,64.4,23,0.383
2025-01-18 04:00,64.55,64.3,64.7,4,0.067
2025-01-18 05:00,64.11,63.8,64.6,29,0.483
2025-01-18 06:00,65.01,64.7,65.3,9,0.15
2025-01-18 07:00,65.5,65.4,65.6,2,0.033
2025-01-18 11:00,65.75,65.6,65.9,4,0.067
2025-01-18 12:00,65.91,65.7,66.1,20,0.333
2025-01-18 13:00,65.87,65.6,66.1,35,0.583
2025-01-18 14:00,65.75,65.3,66.1,26,0.433
2025-01-18 15:00,65.68,65.4,65.9,42,0.7
2025-01-18 16:00,65.61,65.3,66.0,57,0.95
2025-01-18 17:00,65.59,65.3,66.0,59,0.983
2025-01-18 18:00,65.43,65.3,65.8,53,0.883
2025-01-19 10:00,65.79,65.5,66.1,11,0.183
2025-01-19 11:00,65.88,65.6,66.1,37,0.617
2025-01-19 12:00,65.86,65.6,66.1,48,0.8
2025-01-19 13:00,65.84,65.6,66.0,45,0.75
2025-01-19 14:00,65.73,65.5,66.2,29,0.483
2025-01-19 15:00,65.52,65.3,65.8,33,0.55
2025-01-19 16:00,65.42,65.3,65.6,51,0.85
2025-01-19 17:00,65.43,65.3,65.8,43,0.717
2025-01-19 18:00,65.4,65.2,65.6,37,0.617
2025-01-19 19:00,65.36,65.2,65.7,46,0.767
2025-01-19 20:00,65.34,65.2,65.5,41,0.683
2025-01-19 21:00,65.37,65.2,65.7,47,0.783
2025-01-19 22:00,65.39,65.1,65.7,41,0.683
2025-01-19 23:00,65.38,65.1,65.7,30,0.5
2025-01-20 00:00,65.48,65.1,65.7,33,0.55
2025-01-20 01:00,65.48,65.2,65.7,35,0.583
2025-01-20 02:00,65.44,65.2,65.7,43,0.717
2025-01-20 03:00,65.46,65.2,65.6,39,0.65
2025-01-20 04:00,65.44,65.2,65.7,37,0.617
2025-01-20 05:00,65.41,65.1,65.6,43,0.717
2025-01-20 06:00,65.4,65.2,65.6,39,0.65
2025-01-20 07:00,65.36,65.1,65.5,31,0.517
2025-01-20 08:00,65.27,65.0,65.5,22,0.367
2025-01-20 09:00,65.21,64.9,65.5,36,0.6
2025-01-20 10:00,65.13,64.8,65.4,52,0.867
2025-01-20 11:00,65.0,64.8,65.3,49,0.817
2025-01-20 12:00,65.17,64.8,65.4,57,0.95
2025-01-20 13:00,65.11,64.8,65.4,56,0.933
2025-01-20 14:00,65.14,64.8,65.3,19,0.317
2025-01-22 09:00,65.3,65.3,65.3,1,0.017
2025-01-23 20:00,64.8,64.8,64.8,1,0.017
2025-01-25 13:00,63.9,63.9,63.9,1,0.017
2025-01-25 14:00,64.15,63.9,64.4,11,0.183
2025-01-25 15:00,63.95,63.8,64.1,14,0.233
2025-01-25 16:00,63.95,63.8,64.1,8,0.133
2025-01-25 17:00,63.96,63.9,64.1,5,0.083
2025-01-25 18:00,64.1,64.1,64.1,1,0.017
2025-01-25 19:00,64.1,64.1,64.1,1,0.017
2025-01-25 20:00,64.1,64.1,64.1,1,0.017
2025-01-25 21:00,64.1,64.1,64.1,1,0.017
2025-01-26 11:00,63.6,63.6,63.6,1,0.017
2025-01-26 12:00,63.66,63.4,64.0,20,0.333
2025-01-26 13:00,63.59,63.4,63.7,28,0.467
2025-01-26 14:00,63.64,63.5,63.9,25,0.417
2025-01-26 15:00,63.74,63.5,64.0,17,0.283
2025-01-26 16:00,63.75,63.5,64.0,22,0.367
2025-01-26 17:00,63.59,63.4,63.8,7,0.117
2025-01-26 18:00,63.67,63.5,63.8,6,0.1
2025-01-26 19:00,63.71,63.4,64.0,11,0.183
2025-01-26 20:00,63.72,63.4,63.9,24,0.4
2025-01-26 21:00,63.58,63.3,63.8,8,0.133
2025-01-26 22:00,63.7,63.7,63.7,1,0.017
2025-01-26 23:00,63.4,63.4,63.4,1,0.017
2025-01-27 09:00,63.63,63.4,63.8,7,0.117
2025-01-27 10:00,63.44,63.1,63.7,22,0.367
2025-01-27 11:00,63.55,63.3,63.8,27,0.45
2025-01-27 12:00,63.45,63.2,63.7,52,0.867
2025-01-27 13:00,63.34,63.1,63.5,42,0.7
2025-01-27 14:00,63.29,63.1,63.6,18,0.3
2025-01-27 15:00,63.21,63.1,63.3,12,0.2
2025-01-27 16:00,63.2,63.2,63.2,2,0.033
2025-01-27 17:00,63.29,63.2,63.5,10,0.167
2025-01-27 18:00,63.2,63.1,63.4,9,0.15
2025-01-28 09:00,62.67,62.5,62.9,3,0.05
2025-01-28 13:00,62.0,62.0,62.0,1,0.017
2025-01-28 17:00,71.65,71.6,71.7,2,0.033
2025-01-28 18:00,71.33,71.1,71.6,10,0.167
2025-01-28 19:00,71.17,70.9,71.4,13,0.217
2025-01-28 20:00,70.9,70.6,71.1,21,0.35
2025-01-28 21:00,70.59,70.2,71.0,36,0.6
2025-01-28 22:00,70.43,70.1,70.7,33,0.55
2025-01-28 23:00,70.07,69.7,70.5,31,0.517
2025-01-29 00:00,69.65,69.5,70.0,22,0.367
2025-01-29 01:00,69.39,69.2,69.5,7,0.117
2025-01-29 02:00,69.2,69.1,69.3,4,0.067
2025-01-29 03:00,69.16,69.0,69.3,5,0.083
2025-01-29 08:00,68.62,68.3,68.8,17,0.283
2025-01-29 09:00,68.51,68.2,68.8,58,0.967
2025-01-29 10:00,68.52,68.2,68.7,19,0.317
2025-01-29 11:00,66.9,66.9,66.9,1,0.017
2025-01-29 12:00,68.0,68.0,68.0,2,0.033
2025-01-29 15:00,70.7,70.4,71.1,31,0.517
2025-01-29 16:00,70.85,70.6,71.1,13,0.217
2025-01-29 17:00,70.97,70.8,71.1,3,0.05
2025-01-29 18:00,71.2,71.2,71.2,1,0.017
2025-01-30 02:00,69.55,69.5,69.6,2,0.033
2025-01-30 03:00,69.4,69.4,69.4,1,0.017
2025-01-30 04:00,69.45,69.4,69.5,2,0.033
2025-01-30 08:00,69.0,68.6,69.3,6,0.1
2025-01-30 09:00,68.71,68.6,68.8,8,0.133
2025-01-30 10:00,68.84,68.5,69.1,41,0.683
2025-01-30 11:00,68.62,68.5,69.0,49,0.817
2025-01-30 12:00,68.58,68.3,69.0,57,0.95
2025-01-30 13:00,68.54,68.2,68.9,60,1.0
2025-01-30 14:00,68.41,68.1,68.8,59,0.983
2025-01-30 15:00,68.42,68.1,68.8,57,0.95
2025-01-30 16:00,68.24,68.0,68.7,60,1.0
2025-01-30 17:00,68.31,68.0,68.6,59,0.983
2025-01-30 18:00,68.29,68.0,68.6,57,0.95
2025-01-30 19:00,68.16,67.7,68.4,52,0.867
2025-01-30 20:00,68.06,67.7,68.3,46,0.767
2025-01-30 21:00,67.94,67.6,68.2,52,0.867
2025-01-30 22:00,67.72,67.5,68.0,52,0.867
2025-01-30 23:00,67.59,67.4,67.8,59,0.983
2025-01-31 00:00,67.52,67.3,67.9,54,0.9
2025-01-31 01:00,67.56,67.3,67.8,52,0.867
2025-01-31 02:00,67.6,67.4,67.8,42,0.7
2025-01-31 03:00,67.51,67.2,67.8,28,0.467
2025-01-31 04:00,67.57,67.4,67.8,24,0.4
2025-01-31 05:00,67.53,67.3,67.7,16,0.267
2025-01-31 06:00,67.41,67.1,67.7,14,0.233
2025-01-31 07:00,67.29,67.0,67.5,7,0.117
2025-01-31 08:00,67.17,66.9,67.4,7,0.117
2025-01-31 09:00,67.11,66.8,67.5,17,0.283
2025-01-31 10:00,67.07,66.8,67.4,45,0.75
2025-01-31 11:00,67.16,66.8,67.4,57,0.95
2025-01-31 12:00,66.87,66.7,67.3,57,0.95
2025-01-31 13:00,67.08,66.9,67.3,60,1.0
2025-01-31 14:00,67.02,66.7,67.2,60,1.0
2025-01-31 15:00,66.91,66.5,67.2,60,1.0
2025-01-31 16:00,66.75,66.5,67.3,60,1.0
2025-01-31 17:00,66.67,66.5,67.0,60,1.0
2025-01-31 18:00,66.75,66.4,67.0,59,0.983
2025-01-31 19:00,66.78,66.4,67.0,59,0.983
2025-01-31 20:00,66.69,66.4,67.0,60,1.0
2025-01-31 21:00,66.52,66.3,66.9,58,0.967
2025-01-31 22:00,66.41,66.2,66.7,60,1.0
2025-01-31 23:00,66.35,66.2,66.6,59,0.983
2025-02-01 00:00,66.33,66.2,66.5,59,0.983
2025-02-01 01:00,66.29,66.1,66.5,57,0.95
2025-02-01 02:00,66.3,66.1,66.5,56,0.933
2025-02-01 03:00,66.28,66.1,66.5,58,0.967
2025-02-01 04:00,66.17,66.0,66.4,59,0.983
2025-02-01 05:00,66.27,66.0,66.5,58,0.967
2025-02-01 06:00,66.24,65.9,66.6,49,0.817
2025-02-01 07:00,66.21,65.9,66.5,50,0.833
2025-02-01 08:00,66.19,65.9,66.4,44,0.733
2025-02-01 09:00,66.2,65.9,66.5,45,0.75
2025-02-01 10:00,66.07,65.8,66.4,51,0.85
2025-02-01 11:00,66.0,65.8,66.3,51,0.85
2025-02-01 12:00,65.91,65.7,66.4,58,0.967
2025-02-01 13:00,65.99,65.7,66.3,57,0.95
2025-02-01 14:00,65.92,65.6,66.3,56,0.933
2025-02-01 15:00,65.9,65.6,66.3,60,1.0
2025-02-01 16:00,65.89,65.6,66.2,52,0.867
2025-02-01 17:00,65.9,65.6,66.2,54,0.9
2025-02-01 18:00,65.83,65.6,66.2,50,0.833
2025-02-01 19:00,65.78,65.5,66.1,48,0.8
2025-02-01 20:00,65.66,65.5,66.2,58,0.967
2025-02-01 21:00,65.68,65.5,66.1,60,1.0
2025-02-01 22:00,65.83,65.5,66.1,60,1.0
2025-02-01 23:00,65.79,65.4,66.1,60,1.0
2025-02-02 00:00,65.75,65.4,66.0,60,1.0
2025-02-02 01:00,65.49,65.3,65.8,59,0.983
2025-02-02 02:00,65.46,65.3,65.6,60,1.0
2025-02-02 03:00,65.43,65.3,65.8,60,1.0
2025-02-02 04:00,65.49,65.3,65.8,58,0.967
2025-02-02 05:00,65.44,65.2,65.7,60,1.0
2025-02-02 06:00,65.63,65.3,65.9,59,0.983
2025-02-02 07:00,65.67,65.3,66.0,53,0.883
2025-02-02 08:00,65.57,65.3,65.9,46,0.767
2025-02-02 09:00,65.48,65.2,65.8,53,0.883
2025-02-02 10:00,65.41,65.1,65.7,56,0.933
2025-02-02 11:00,65.36,65.1,65.7,59,0.983
2025-02-02 12:00,65.38,65.1,65.8,59,0.983
2025-02-02 13:00,65.38,65.1,65.6,60,1.0
2025-02-02 14:00,65.28,65.0,65.7,58,0.967
2025-02-02 15:00,65.19,65.0,65.6,60,1.0
2025-02-02 16:00,65.26,65.0,65.6,60,1.0
2025-02-02 17:00,65.31,65.0,65.5,60,1.0
2025-02-02 18:00,65.21,65.0,65.5,59,0.983
2025-02-02 19:00,65.12,64.9,65.5,60,1.0
2025-02-02 20:00,65.15,64.9,65.5,60,1.0
2025-02-02 21:00,65.09,64.9,65.5,60,1.0
2025-02-02 22:00,65.16,64.9,65.5,60,1.0
2025-02-02 23:00,65.06,64.8,65.4,60,1.0
2025-02-03 00:00,65.08,64.8,65.4,59,0.983
2025-02-03 01:00,65.02,64.8,65.5,58,0.967
2025-02-03 02:00,64.98,64.7,65.4,59,0.983
2025-02-03 03:00,65.04,64.7,65.3,60,1.0
2025-02-03 04:00,64.91,64.7,65.2,60,1.0
2025-02-03 05:00,64.94,64.7,65.3,60,1.0
2025-02-03 06:00,65.06,64.8,65.3,60,1.0
2025-02-03 07:00,65.12,64.8,65.3,55,0.917
2025-02-03 08:00,65.13,64.8,65.4,55,0.917
2025-02-03 09:00,64.9,64.6,65.3,51,0.85
2025-02-03 10:00,64.87,64.5,65.2,39,0.65
2025-02-03 11:00,64.9,64.7,65.3,57,0.95
2025-02-03 12:00,64.96,64.7,65.3,56,0.933
2025-02-03 13:00,64.92,64.7,65.3,33,0.55
2025-02-03 14:00,65.0,64.7,65.4,40,0.667
2025-02-03 15:00,64.97,64.7,65.3,42,0.7
2025-02-03 16:00,64.9,64.7,65.2,29,0.483
2025-02-03 17:00,64.78,64.7,64.9,6,0.1
2025-02-03 18:00,65.02,64.8,65.3,13,0.217
2025-02-03 19:00,65.06,64.9,65.2,17,0.283
2025-02-03 20:00,65.04,64.9,65.2,14,0.233
2025-02-03 21:00,64.96,64.7,65.2,37,0.617
2025-02-03 22:00,64.9,64.6,65.4,31,0.517
2025-02-03 23:00,64.81,64.5,65.0,26,0.433
2025-02-04 00:00,64.73,64.5,65.1,22,0.367
2025-02-04 01:00,64.68,64.5,65.0,56,0.933
2025-02-04 02:00,64.66,64.4,65.0,58,0.967
2025-02-04 03:00,64.63,64.4,65.1,56,0.933
2025-02-04 04:00,64.66,64.4,65.0,57,0.95
2025-02-04 05:00,64.57,64.3,65.2,56,0.933
2025-02-04 06:00,64.59,64.3,65.0,60,1.0
2025-02-04 07:00,64.45,64.3,64.8,44,0.733
2025-02-04 08:00,64.54,64.3,64.9,32,0.533
2025-02-04 09:00,64.59,64.3,64.9,58,0.967
2025-02-04 10:00,64.6,64.2,64.8,56,0.933
2025-02-04 11:00,64.51,64.2,64.8,60,1.0
2025-02-04 12:00,64.53,64.2,64.8,60,1.0
2025-02-04 13:00,64.48,64.1,64.7,60,1.0
2025-02-04 14:00,64.43,64.1,64.7,60,1.0
2025-02-04 15:00,64.31,64.1,64.7,59,0.983
2025-02-04 16:00,64.34,64.1,64.6,59,0.983
2025-02-04 17:00,64.25,64.0,64.6,58,0.967
2025-02-04 18:00,64.22,64.0,64.5,55,0.917
2025-02-04 19:00,64.24,64.0,64.5,60,1.0
2025-02-04 20:00,64.22,64.0,64.6,60,1.0
2025-02-04 21:00,64.24,64.0,64.6,57,0.95
2025-02-04 22:00,64.21,63.9,64.5,60,1.0
2025-02-04 23:00,64.13,63.9,64.4,59,0.983
2025-02-05 00:00,64.2,63.8,64.4,14,0.233
2025-02-06 16:00,63.39,63.1,63.7,19,0.317
2025-02-06 17:00,63.26,63.0,63.6,59,0.983
2025-02-06 18:00,63.31,63.0,63.6,60,1.0
2025-02-06 19:00,63.19,63.0,63.5,60,1.0
2025-02-06 20:00,63.19,62.9,63.6,60,1.0
2025-02-06 21:00,63.25,63.0,63.6,52,0.867
2025-02-07 08:00,62.94,62.8,63.3,56,0.933
2025-02-07 09:00,62.94,62.8,63.3,60,1.0
2025-02-07 10:00,63.08,62.8,63.5,60,1.0
2025-02-07 11:00,63.02,62.7,63.3,60,1.0
2025-02-07 12:00,63.03,62.7,63.2,60,1.0
2025-02-07 13:00,62.99,62.7,63.4,59,0.983
2025-02-07 14:00,62.94,62.7,63.2,60,1.0
2025-02-07 15:00,63.0,62.7,63.3,60,1.0
2025-02-07 16:00,62.97,62.7,63.3,60,1.0
2025-02-07 17:00,62.9,62.7,63.2,60,1.0
2025-02-07 18:00,63.0,62.7,63.4,60,1.0
2025-02-07 19:00,62.93,62.7,63.2,60,1.0
2025-02-07 20:00,62.86,62.6,63.2,59,0.983
2025-02-07 21:00,62.86,62.6,63.2,48,0.8
2025-02-07 22:00,62.83,62.6,63.2,53,0.883
2025-02-07 23:00,62.84,62.6,63.2,60,1.0
2025-02-08 00:00,62.82,62.6,63.1,60,1.0
2025-02-08 01:00,62.93,62.7,63.1,60,1.0
2025-02-08 02:00,62.97,62.8,63.1,60,1.0
2025-02-08 03:00,62.9,62.6,63.1,60,1.0
2025-02-08 04:00,62.73,62.5,63.0,60,1.0
2025-02-08 05:00,62.9,62.7,63.1,60,1.0
2025-02-08 06:00,62.93,62.7,63.2,60,1.0
2025-02-08 07:00,62.88,62.6,63.1,60,1.0
2025-02-08 08:00,62.87,62.6,63.1,60,1.0
2025-02-08 09:00,62.9,62.7,63.2,42,0.7
2025-02-08 14:00,63.38,63.2,63.5,4,0.067
2025-02-08 15:00,63.38,63.1,63.6,31,0.517
2025-02-08 16:00,63.64,63.4,63.8,45,0.75
2025-02-08 17:00,63.67,63.4,63.9,52,0.867
2025-02-08 18:00,63.75,63.4,63.9,50,0.833
2025-02-08 19:00,63.66,63.4,63.9,54,0.9
2025-02-08 20:00,63.62,63.4,64.0,54,0.9
2025-02-08 21:00,63.74,63.5,63.9,55,0.917
2025-02-08 22:00,63.73,63.5,64.0,57,0.95
2025-02-08 23:00,63.6,63.3,64.0,58,0.967
2025-02-09 00:00,63.47,63.3,63.7,60,1.0
2025-02-09 01:00,63.45,63.3,63.8,59,0.983
2025-02-09 02:00,63.41,63.3,63.6,57,0.95
2025-02-09 03:00,63.42,63.2,63.7,58,0.967
2025-02-09 04:00,63.42,63.2,63.7,59,0.983
2025-02-09 05:00,63.41,63.2,63.7,58,0.967
2025-02-09 06:00,63.47,63.2,63.8,60,1.0
2025-02-09 07:00,63.43,63.2,63.8,60,1.0
2025-02-09 08:00,63.32,63.2,63.6,58,0.967
2025-02-09 09:00,63.37,63.1,63.7,58,0.967
2025-02-09 10:00,63.49,63.3,63.7,60,1.0
2025-02-09 11:00,63.39,63.2,63.6,59,0.983
2025-02-09 12:00,63.4,63.2,63.6,60,1.0
2025-02-09 13:00,63.3,63.0,63.5,58,0.967
2025-02-09 14:00,63.24,62.9,63.5,60,1.0
2025-02-09 15:00,63.18,62.9,63.5,60,1.0
2025-02-09 16:00,63.24,62.9,63.6,60,1.0
2025-02-09 17:00,63.2,62.8,63.5,60,1.0
2025-02-09 18:00,63.18,62.9,63.5,60,1.0
2025-02-09 19:00,63.16,62.8,63.4,60,1.0
2025-02-09 20:00,63.09,62.8,63.4,59,0.983
2025-02-09 21:00,63.03,62.8,63.5,59,0.983
2025-02-09 22:00,62.97,62.8,63.3,60,1.0
2025-02-09 23:00,63.01,62.8,63.3,60,1.0
2025-02-10 00:00,62.99,62.7,63.3,60,1.0
2025-02-10 01:00,62.95,62.7,63.2,60,1.0
2025-02-10 02:00,63.02,62.7,63.3,60,1.0
2025-02-10 03:00,63.05,62.8,63.3,60,1.0
2025-02-10 04:00,63.04,62.7,63.3,60,1.0
2025-02-10 05:00,63.0,62.7,63.3,60,1.0
2025-02-10 06:00,62.86,62.7,63.1,60,1.0
2025-02-10 07:00,62.87,62.6,63.2,59,0.983
2025-02-10 08:00,62.97,62.5,63.1,43,0.717
2025-02-10 09:00,62.88,62.6,63.1,57,0.95
2025-02-10 10:00,62.85,62.6,63.3,60,1.0
2025-02-10 11:00,62.88,62.6,63.1,60,1.0
2025-02-10 12:00,62.75,62.5,63.0,60,1.0
2025-02-10 13:00,62.58,62.4,62.8,60,1.0
2025-02-10 14:00,62.65,62.4,63.0,60,1.0
2025-02-10 15:00,62.6,62.4,62.9,59,0.983
2025-02-10 16:00,62.7,62.4,63.0,60,1.0
2025-02-10 17:00,62.65,62.4,63.0,60,1.0
2025-02-10 18:00,62.59,62.4,62.9,60,1.0
2025-02-10 19:00,62.71,62.4,62.9,60,1.0
2025-02-10 20:00,62.73,62.4,63.0,59,0.983
2025-02-10 21:00,62.69,62.4,62.9,59,0.983
2025-02-10 22:00,62.66,62.3,62.9,60,1.0
2025-02-10 23:00,62.65,62.3,62.9,58,0.967
2025-02-11 00:00,62.63,62.3,62.9,60,1.0
2025-02-11 01:00,62.56,62.3,62.8,59,0.983
2025-02-11 02:00,62.5,62.3,62.8,60,1.0
2025-02-11 03:00,62.44,62.2,62.7,59,0.983
2025-02-11 04:00,62.42,62.2,62.8,59,0.983
2025-02-11 05:00,62.38,62.2,62.7,57,0.95
2025-02-11 06:00,62.43,62.2,62.8,60,1.0
2025-02-11 07:00,62.41,62.2,62.7,60,1.0
2025-02-11 08:00,62.5,62.2,62.8,59,0.983
2025-02-11 09:00,62.53,62.3,62.8,60,1.0
2025-02-11 10:00,62.52,62.3,62.7,60,1.0
2025-02-11 11:00,62.48,62.2,62.8,60,1.0
2025-02-11 12:00,62.48,62.1,62.7,60,1.0
2025-02-11 13:00,62.44,62.1,62.7,60,1.0
2025-02-11 14:00,62.33,62.1,62.7,60,1.0
2025-02-11 15:00,62.42,62.1,62.7,60,1.0
2025-02-11 16:00,62.35,62.1,62.6,60,1.0
2025-02-11 17:00,62.32,62.0,62.6,60,1.0
2025-02-11 18:00,62.24,62.0,62.5,60,1.0
2025-02-11 19:00,62.35,62.0,62.5,60,1.0
2025-02-11 20:00,62.31,62.0,62.6,60,1.0
2025-02-11 21:00,62.16,62.0,62.5,60,1.0
2025-02-11 22:00,62.18,62.0,62.5,60,1.0
2025-02-11 23:00,62.23,62.0,62.5,60,1.0
2025-02-12 00:00,62.22,61.9,62.5,60,1.0
2025-02-12 01:00,62.12,61.9,62.4,60,1.0
2025-02-12 02:00,62.11,61.9,62.5,60,1.0
2025-02-12 03:00,62.15,61.9,62.5,60,1.0
2025-02-12 04:00,62.1,61.9,62.4,60,1.0
2025-02-12 05:00,62.08,61.9,62.4,60,1.0
2025-02-12 06:00,62.12,61.8,62.4,60,1.0
2025-02-12 07:00,62.05,61.8,62.4,58,0.967
2025-02-12 08:00,62.12,61.8,62.4,59,0.983
2025-02-12 09:00,62.11,61.9,62.4,60,1.0
2025-02-12 10:00,62.1,61.8,62.4,60,1.0
2025-02-12 11:00,62.13,61.8,62.3,60,1.0
2025-02-12 12:00,62.08,61.9,62.4,60,1.0
2025-02-12 13:00,61.97,61.7,62.3,60,1.0
2025-02-12 14:00,61.98,61.7,62.2,59,0.983
2025-02-12 15:00,61.9,61.7,62.3,60,1.0
2025-02-12 16:00,61.95,61.7,62.3,60,1.0
2025-02-12 17:00,61.93,61.7,62.3,60,1.0
2025-02-12 18:00,61.89,61.7,62.3,55,0.917
2025-02-12 19:00,62.02,61.7,62.3,51,0.85
2025-02-12 20:00,61.98,61.7,62.4,55,0.917
2025-02-12 21:00,61.97,61.6,62.2,53,0.883
2025-02-12 22:00,61.9,61.7,62.2,60,1.0
2025-02-12 23:00,61.85,61.7,62.2,60,1.0
2025-02-13 00:00,61.84,61.6,62.1,60,1.0
2025-02-13 01:00,61.81,61.6,62.2,60,1.0
2025-02-13 02:00,61.84,61.6,62.2,60,1.0
2025-02-13 03:00,61.87,61.7,62.1,59,0.983
2025-02-13 04:00,61.91,61.7,62.2,59,0.983
2025-02-13 05:00,61.93,61.7,62.3,59,0.983
2025-02-13 06:00,61.83,61.7,62.2,57,0.95
2025-02-13 07:00,61.82,61.6,62.1,57,0.95
2025-02-13 08:00,61.89,61.6,62.1,57,0.95
2025-02-13 09:00,61.95,61.7,62.1,56,0.933
2025-02-13 10:00,61.84,61.6,62.1,60,1.0
2025-02-13 11:00,61.72,61.5,62.1,60,1.0
2025-02-13 12:00,61.81,61.5,62.0,60,1.0
2025-02-13 13:00,61.59,61.5,61.8,60,1.0
2025-02-13 14:00,61.61,61.5,61.9,60,1.0
2025-02-13 15:00,61.59,61.4,61.9,60,1.0
2025-02-13 16:00,61.58,61.4,61.9,60,1.0
2025-02-13 17:00,61.58,61.4,61.8,60,1.0
2025-02-13 18:00,61.62,61.4,61.9,60,1.0
2025-02-13 19:00,61.65,61.4,62.0,59,0.983
2025-02-13 20:00,61.72,61.4,62.0,60,1.0
2025-02-13 21:00,61.72,61.4,62.0,60,1.0
2025-02-13 22:00,61.77,61.4,62.0,60,1.0
2025-02-13 23:00,61.58,61.4,61.9,52,0.867
2025-02-14 00:00,61.71,61.4,62.1,60,1.0
2025-02-14 01:00,61.72,61.4,62.1,60,1.0
2025-02-14 02:00,61.68,61.3,61.9,60,1.0
2025-02-14 03:00,61.57,61.3,61.9,60,1.0
2025-02-14 04:00,61.46,61.3,61.7,60,1.0
2025-02-14 05:00,61.48,61.3,61.8,60,1.0
2025-02-14 06:00,61.5,61.3,61.9,60,1.0
2025-02-14 07:00,61.44,61.3,61.7,60,1.0
2025-02-14 08:00,61.66,61.4,61.9,56,0.933
2025-02-14 09:00,61.59,61.2,61.8,60,1.0
2025-02-14 10:00,61.52,61.2,61.8,60,1.0
2025-02-14 11:00,61.43,61.2,61.7,52,0.867
2025-02-14 12:00,61.36,61.2,61.7,57,0.95
2025-02-14 13:00,61.32,61.2,61.5,42,0.7
2025-02-14 14:00,61.36,61.2,61.6,57,0.95
2025-02-14 15:00,61.34,61.2,61.6,54,0.9
2025-02-14 16:00,61.32,61.2,61.6,53,0.883
2025-02-14 17:00,61.32,61.2,61.5,59,0.983
2025-02-14 18:00,61.33,61.2,61.6,57,0.95
2025-02-14 19:00,61.33,61.2,61.5,55,0.917
2025-02-14 20:00,61.41,61.2,61.7,48,0.8
2025-02-14 21:00,61.49,61.3,61.7,35,0.583
2025-02-14 22:00,61.5,61.2,61.8,43,0.717
2025-02-14 23:00,61.52,61.2,61.8,46,0.767
2025-02-15 00:00,61.46,61.2,61.8,45,0.75
2025-02-15 01:00,61.39,61.2,61.6,18,0.3
2025-02-15 02:00,61.57,61.4,61.7,15,0.25
2025-02-15 03:00,61.59,61.4,61.8,40,0.667
2025-02-15 04:00,61.55,61.3,61.8,41,0.683
2025-02-15 05:00,61.18,60.2,61.7,20,0.333
2025-02-15 06:00,61.26,60.6,62.0,32,0.533
2025-02-15 07:00,62.24,61.8,62.7,15,0.25
2025-02-15 08:00,62.9,62.6,63.2,14,0.233
2025-02-15 10:00,62.9,62.9,62.9,1,0.017
2025-02-15 11:00,64.15,64.1,64.2,2,0.033
2025-02-15 12:00,70.44,66.2,72.1,7,0.117
2025-02-15 13:00,73.24,72.1,74.8,30,0.5
2025-02-15 14:00,74.61,74.4,75.0,29,0.483
2025-02-15 15:00,74.32,73.8,74.7,21,0.35
2025-02-15 16:00,73.64,73.3,74.2,29,0.483
2025-02-15 17:00,72.96,72.5,73.5,17,0.283
2025-02-15 18:00,72.45,72.1,73.0,39,0.65
2025-02-15 19:00,72.25,72.0,72.5,26,0.433
2025-02-15 20:00,71.64,71.3,72.1,16,0.267
2025-02-15 21:00,70.69,70.3,71.5,14,0.233
2025-02-15 22:00,70.64,70.3,71.0,23,0.383
2025-02-15 23:00,70.99,70.8,71.2,35,0.583
2025-02-16 00:00,70.91,70.7,71.1,49,0.817
2025-02-16 01:00,70.76,70.5,71.2,47,0.783
2025-02-16 02:00,70.49,70.1,70.8,42,0.7
2025-02-16 03:00,70.3,70.0,70.7,54,0.9
2025-02-16 04:00,70.06,69.8,70.3,52,0.867
2025-02-16 05:00,69.99,69.7,70.2,60,1.0
2025-02-16 06:00,69.77,69.4,70.2,60,1.0
2025-02-16 07:00,69.64,69.3,70.0,59,0.983
2025-02-16 08:00,69.46,69.1,69.8,58,0.967
2025-02-16 09:00,69.24,69.1,69.7,59,0.983
2025-02-16 10:00,69.11,68.9,69.6,58,0.967
2025-02-16 11:00,68.98,68.8,69.3,59,0.983
2025-02-16 12:00,68.93,68.7,69.3,60,1.0
2025-02-16 13:00,69.05,68.6,69.4,60,1.0
2025-02-16 14:00,68.71,68.5,69.1,60,1.0
2025-02-16 15:00,68.62,68.4,68.9,60,1.0
2025-02-16 16:00,68.67,68.4,69.0,60,1.0
2025-02-16 17:00,68.5,68.2,69.0,59,0.983
2025-02-16 18:00,68.4,68.2,68.9,59,0.983
2025-02-16 19:00,68.32,68.1,68.8,59,0.983
2025-02-16 20:00,68.25,68.1,68.6,59,0.983
2025-02-16 21:00,68.18,67.9,68.6,60,1.0
2025-02-16 22:00,68.21,67.9,68.4,59,0.983
2025-02-16 23:00,68.11,67.8,68.4,60,1.0
2025-02-17 00:00,67.94,67.7,68.3,58,0.967
2025-02-17 01:00,68.02,67.7,68.4,55,0.917
2025-02-17 02:00,67.95,67.6,68.2,55,0.917
2025-02-17 03:00,67.97,67.7,68.2,59,0.983
2025-02-17 04:00,67.78,67.5,68.0,57,0.95
2025-02-17 05:00,67.75,67.4,68.1,54,0.9
2025-02-17 06:00,67.77,67.4,68.0,58,0.967
2025-02-17 07:00,67.68,67.3,68.0,53,0.883
2025-02-17 08:00,67.54,67.2,67.9,55,0.917
2025-02-17 09:00,67.42,67.2,67.7,45,0.75
2025-02-17 10:00,67.41,67.1,67.7,54,0.9
2025-02-17 11:00,67.43,67.2,67.7,58,0.967
2025-02-17 12:00,67.32,66.9,67.7,59,0.983
2025-02-17 13:00,67.13,66.9,67.4,60,1.0
2025-02-17 14:00,67.08,66.9,67.5,59,0.983
2025-02-17 15:00,66.98,66.8,67.2,60,1.0
2025-02-17 16:00,66.93,66.8,67.1,60,1.0
2025-02-17 17:00,67.07,66.8,67.4,60,1.0
2025-02-17 18:00,67.02,66.7,67.4,60,1.0
2025-02-17 19:00,66.99,66.7,67.3,60,1.0
2025-02-17 20:00,66.79,66.6,67.1,59,0.983
2025-02-17 21:00,67.03,66.7,67.3,58,0.967
2025-02-17 22:00,66.91,66.6,67.2,60,1.0
2025-02-17 23:00,66.82,66.5,67.1,60,1.0
2025-02-18 00:00,66.7,66.5,67.0,60,1.0
2025-02-18 01:00,66.57,66.4,66.8,59,0.983
2025-02-18 02:00,66.57,66.4,66.9,59,0.983
2025-02-18 03:00,66.68,66.4,67.0,59,0.983
2025-02-18 04:00,66.75,66.5,66.9,53,0.883
2025-02-18 05:00,66.63,66.3,66.9,55,0.917
2025-02-18 06:00,66.61,66.2,66.9,56,0.933
2025-02-18 07:00,66.58,66.3,66.9,45,0.75
2025-02-18 08:00,66.45,66.1,66.8,50,0.833
2025-02-18 09:00,66.28,66.1,66.6,59,0.983
2025-02-18 10:00,66.37,66.1,66.6,60,1.0
2025-02-18 11:00,66.27,66.0,66.6,58,0.967
2025-02-18 12:00,66.2,66.0,66.4,60,1.0
2025-02-18 13:00,66.3,66.0,66.6,60,1.0
2025-02-18 14:00,66.22,65.9,66.6,60,1.0
2025-02-18 15:00,66.16,65.8,66.5,55,0.917
2025-02-18 16:00,65.98,65.8,66.3,59,0.983
2025-02-18 17:00,66.1,65.8,66.3,60,1.0
2025-02-18 18:00,66.11,65.8,66.3,60,1.0
2025-02-18 19:00,66.05,65.7,66.3,60,1.0
2025-02-18 20:00,65.87,65.6,66.2,60,1.0
2025-02-18 21:00,65.79,65.6,66.2,60,1.0
2025-02-18 22:00,65.8,65.6,66.2,60,1.0
2025-02-18 23:00,65.86,65.6,66.2,60,1.0
2025-02-19 00:00,65.95,65.7,66.2,59,0.983
2025-02-19 01:00,65.9,65.6,66.1,60,1.0
2025-02-19 02:00,65.86,65.7,66.1,60,1.0
2025-02-19 03:00,65.85,65.6,66.1,60,1.0
2025-02-19 04:00,65.81,65.7,66.0,60,1.0
2025-02-19 05:00,65.8,65.6,65.9,59,0.983
2025-02-19 06:00,65.53,65.3,66.0,60,1.0
2025-02-19 07:00,65.59,65.3,65.8,59,0.983
2025-02-19 08:00,65.52,65.2,65.9,58,0.967
2025-02-19 09:00,65.52,65.2,65.9,59,0.983
2025-02-19 10:00,65.59,65.2,66.0,59,0.983
2025-02-19 11:00,65.4,65.1,65.7,60,1.0
2025-02-19 12:00,65.49,65.2,65.7,59,0.983
2025-02-19 13:00,65.43,65.1,65.7,60,1.0
2025-02-19 14:00,65.31,65.1,65.6,59,0.983
2025-02-19 15:00,65.28,65.1,65.6,60,1.0
2025-02-19 16:00,65.4,65.1,65.6,59,0.983
2025-02-19 17:00,65.37,65.1,65.7,60,1.0
2025-02-19 18:00,65.18,65.0,65.5,60,1.0
2025-02-19 19:00,65.1,64.9,65.4,60,1.0
2025-02-19 20:00,65.06,64.9,65.4,60,1.0
2025-02-19 21:00,65.09,64.9,65.4,60,1.0
2025-02-19 22:00,65.1,64.9,65.4,59,0.983
2025-02-19 23:00,65.07,64.8,65.4,59,0.983
2025-02-20 00:00,65.2,65.0,65.4,60,1.0
2025-02-20 01:00,65.16,64.9,65.4,59,0.983
2025-02-20 02:00,65.18,64.9,65.4,60,1.0
2025-02-20 03:00,64.99,64.7,65.4,50,0.833
2025-02-20 04:00,64.82,64.7,65.0,52,0.867
2025-02-20 05:00,64.83,64.6,65.2,57,0.95
2025-02-20 06:00,64.88,64.7,65.3,60,1.0
2025-02-20 07:00,64.91,64.6,65.2,59,0.983
2025-02-20 08:00,64.96,64.6,65.3,58,0.967
2025-02-20 09:00,64.94,64.6,65.3,54,0.9
2025-02-20 10:00,64.79,64.5,65.0,54,0.9
2025-02-20 11:00,64.66,64.5,65.1,59,0.983
2025-02-20 12:00,64.65,64.5,64.9,57,0.95
2025-02-20 13:00,64.75,64.5,65.0,57,0.95
2025-02-20 14:00,64.85,64.6,65.0,58,0.967
2025-02-20 15:00,64.79,64.4,65.0,59,0.983
2025-02-20 16:00,64.7,64.4,64.9,60,1.0
2025-02-20 17:00,64.55,64.4,64.9,59,0.983
2025-02-20 18:00,64.62,64.3,64.9,60,1.0
2025-02-20 19:00,64.68,64.4,64.9,60,1.0
2025-02-20 20:00,64.55,64.3,64.9,58,0.967
2025-02-20 21:00,64.42,64.3,64.7,60,1.0
2025-02-20 22:00,64.5,64.3,64.8,58,0.967
2025-02-20 23:00,64.6,64.3,64.8,58,0.967
2025-02-21 00:00,64.61,64.4,64.8,56,0.933
2025-02-21 01:00,64.64,64.5,64.9,60,1.0
2025-02-21 02:00,64.55,64.2,64.8,56,0.933
2025-02-21 03:00,64.52,64.2,64.8,58,0.967
2025-02-21 04:00,64.51,64.2,64.7,54,0.9
2025-02-21 05:00,64.42,64.1,64.8,56,0.933
2025-02-21 06:00,64.38,64.1,64.6,56,0.933
2025-02-21 07:00,64.39,64.0,64.7,51,0.85
2025-02-21 08:00,64.41,64.0,64.6,45,0.75
2025-02-21 09:00,64.31,63.9,64.7,57,0.95
2025-02-21 10:00,64.29,64.0,64.5,59,0.983
2025-02-21 11:00,64.26,63.9,64.5,60,1.0
2025-02-21 12:00,64.11,63.9,64.5,58,0.967
2025-02-21 13:00,64.02,63.9,64.3,60,1.0
2025-02-21 14:00,64.02,63.9,64.3,59,0.983
2025-02-21 15:00,64.14,63.9,64.5,60,1.0
2025-02-21 16:00,64.19,63.8,64.4,59,0.983
2025-02-21 17:00,64.07,63.8,64.4,59,0.983
2025-02-21 18:00,63.96,63.8,64.3,60,1.0
2025-02-21 19:00,64.11,63.7,64.4,58,0.967
2025-02-21 20:00,64.17,63.8,64.4,60,1.0
2025-02-21 21:00,64.11,63.7,64.4,60,1.0
2025-02-21 22:00,64.08,63.7,64.4,60,1.0
2025-02-21 23:00,64.03,63.7,64.3,60,1.0
2025-02-22 00:00,63.98,63.7,64.3,60,1.0
2025-02-22 01:00,63.89,63.7,64.1,55,0.917
2025-02-22 02:00,63.88,63.7,64.1,59,0.983
2025-02-22 03:00,63.81,63.6,64.1,59,0.983
2025-02-22 04:00,63.81,63.6,64.2,58,0.967
2025-02-22 05:00,63.72,63.6,64.1,58,0.967
2025-02-22 06:00,63.82,63.6,64.1,60,1.0
2025-02-22 07:00,63.88,63.6,64.1,56,0.933
2025-02-22 08:00,63.83,63.5,64.1,60,1.0
2025-02-22 09:00,63.73,63.5,64.1,60,1.0
2025-02-22 10:00,63.78,63.5,64.1,59,0.983
2025-02-22 11:00,63.75,63.4,64.1,59,0.983
2025-02-22 12:00,63.7,63.4,64.0,56,0.933
2025-02-22 13:00,63.65,63.4,63.9,47,0.783
2025-02-22 14:00,63.54,63.4,63.8,56,0.933
2025-02-22 15:00,63.52,63.3,63.7,60,1.0
2025-02-22 16:00,63.53,63.4,63.9,60,1.0
2025-02-22 17:00,63.59,63.4,63.9,60,1.0
2025-02-22 18:00,63.57,63.3,63.9,59,0.983
2025-02-22 19:00,63.64,63.3,63.9,60,1.0
2025-02-22 20:00,63.63,63.3,63.9,60,1.0
2025-02-22 21:00,63.62,63.3,63.9,60,1.0
2025-02-22 22:00,63.63,63.3,63.8,60,1.0
2025-02-22 23:00,63.58,63.2,63.9,59,0.983
2025-02-23 00:00,63.45,63.2,63.8,59,0.983
2025-02-23 01:00,63.4,63.2,63.7,58,0.967
2025-02-23 02:00,63.36,63.2,63.6,60,1.0
2025-02-23 03:00,63.36,63.2,63.7,58,0.967
2025-02-23 04:00,63.48,63.2,63.7,57,0.95
2025-02-23 05:00,63.49,63.2,63.7,56,0.933
2025-02-23 06:00,63.48,63.1,63.8,59,0.983
2025-02-23 07:00,63.42,63.1,63.7,53,0.883
2025-02-23 08:00,63.46,63.2,63.8,50,0.833
2025-02-23 09:00,63.47,63.2,63.6,59,0.983
2025-02-23 10:00,63.45,63.3,63.7,59,0.983
2025-02-23 11:00,63.43,63.2,63.6,60,1.0
2025-02-23 12:00,63.3,63.0,63.7,60,1.0
2025-02-23 13:00,63.28,63.0,63.7,60,1.0
2025-02-23 14:00,63.16,63.0,63.4,60,1.0
2025-02-23 15:00,63.18,63.0,63.4,60,1.0
2025-02-23 16:00,63.16,62.9,63.5,58,0.967
2025-02-23 17:00,63.31,63.0,63.6,60,1.0
2025-02-23 18:00,63.34,63.1,63.6,60,1.0
2025-02-23 19:00,63.28,62.9,63.6,60,1.0
2025-02-23 20:00,63.26,62.9,63.5,59,0.983
2025-02-23 21:00,63.26,62.9,63.5,58,0.967
2025-02-23 22:00,63.29,63.1,63.5,60,1.0
2025-02-23 23:00,63.26,62.9,63.5,60,1.0
2025-02-24 00:00,63.25,62.8,63.4,59,0.983
2025-02-24 01:00,63.22,62.9,63.4,60,1.0
2025-02-24 02:00,63.21,62.9,63.5,58,0.967
2025-02-24 03:00,63.19,62.8,63.5,60,1.0
2025-02-24 04:00,63.18,62.8,63.6,56,0.933
2025-02-24 05:00,62.95,62.8,63.3,54,0.9
2025-02-24 06:00,62.89,62.7,63.2,56,0.933
2025-02-24 07:00,62.98,62.7,63.2,50,0.833
2025-02-24 08:00,63.09,62.9,63.3,49,0.817
2025-02-24 09:00,62.98,62.7,63.3,56,0.933
2025-02-24 10:00,62.99,62.7,63.2,60,1.0
2025-02-24 11:00,62.93,62.7,63.3,60,1.0
2025-02-24 12:00,62.78,62.6,63.1,60,1.0
2025-02-24 13:00,62.78,62.6,63.1,58,0.967
2025-02-24 14:00,62.76,62.6,63.0,60,1.0
2025-02-24 15:00,62.9,62.6,63.2,60,1.0
2025-02-24 16:00,62.73,62.6,63.0,60,1.0
2025-02-24 17:00,62.72,62.6,62.9,60,1.0
2025-02-24 18:00,63.0,62.8,63.2,60,1.0
2025-02-24 19:00,62.9,62.6,63.2,60,1.0
2025-02-24 20:00,62.78,62.6,63.0,60,1.0
2025-02-24 21:00,62.85,62.6,63.1,60,1.0
2025-02-24 22:00,63.02,62.8,63.2,60,1.0
2025-02-24 23:00,63.14,62.8,63.4,60,1.0
2025-02-25 00:00,63.18,63.0,63.4,59,0.983
2025-02-25 01:00,63.13,62.8,63.4,55,0.917
2025-02-25 02:00,63.02,62.8,63.2,55,0.917
2025-02-25 03:00,63.0,62.8,63.3,49,0.817
2025-02-25 04:00,62.8,62.5,63.1,43,0.717
2025-02-25 05:00,62.9,62.8,63.0,22,0.367
2025-02-25 06:00,62.68,61.9,63.1,14,0.233
2025-02-25 07:00,62.5,62.5,62.5,2,0.033
2025-02-25 08:00,61.7,61.7,61.7,1,0.017
2025-02-25 09:00,62.22,61.8,62.6,4,0.067
2025-02-25 13:00,64.35,64.2,64.4,4,0.067
2025-02-25 14:00,64.43,64.3,64.6,7,0.117
2025-02-25 15:00,64.59,64.3,64.8,10,0.167
2025-02-25 16:00,64.47,64.3,64.8,24,0.4
2025-02-25 17:00,64.51,64.3,64.8,23,0.383
2025-02-25 18:00,64.52,64.4,64.7,6,0.1
2025-02-25 19:00,64.55,64.3,64.8,13,0.217
2025-02-25 21:00,63.5,63.4,63.6,3,0.05
2025-02-25 22:00,63.21,62.9,63.4,10,0.167
2025-02-25 23:00,63.9,63.3,64.2,24,0.4
2025-02-26 00:00,64.72,64.1,65.5,35,0.583
2025-02-26 01:00,66.47,65.3,67.4,45,0.75
2025-02-26 02:00,67.4,67.1,67.7,41,0.683
2025-02-26 03:00,67.42,67.0,67.9,26,0.433
2025-02-26 04:00,69.09,68.0,70.2,19,0.317
2025-02-26 05:00,71.75,70.1,74.5,22,0.367
2025-02-26 06:00,77.27,74.9,78.3,39,0.65
2025-02-26 07:00,77.6,77.1,78.0,5,0.083
2025-02-26 08:00,75.95,75.7,76.3,31,0.517
2025-02-26 09:00,74.95,74.4,75.8,40,0.667
2025-02-26 10:00,74.68,74.5,75.0,38,0.633
2025-02-26 11:00,74.36,74.1,74.8,43,0.717
2025-02-26 12:00,74.02,73.8,74.5,48,0.8
2025-02-26 13:00,73.84,73.3,74.2,53,0.883
2025-02-26 14:00,73.35,72.9,73.7,58,0.967
2025-02-26 15:00,72.81,71.9,73.3,29,0.483
2025-02-26 16:00,71.64,71.1,72.1,34,0.567
2025-02-26 17:00,72.16,72.0,72.3,14,0.233
2025-02-26 18:00,72.04,71.7,72.3,5,0.083
2025-02-26 19:00,73.34,72.3,74.5,40,0.667
2025-02-26 20:00,75.46,74.3,76.7,46,0.767
2025-02-26 21:00,77.02,76.4,77.5,10,0.167
2025-02-26 22:00,81.22,78.2,83.3,34,0.567
2025-02-26 23:00,82.55,81.9,83.1,52,0.867
2025-02-27 00:00,81.53,80.8,82.2,43,0.717
2025-02-27 01:00,80.1,79.2,80.9,47,0.783
2025-02-27 02:00,78.81,78.2,79.5,57,0.95
2025-02-27 03:00,77.75,77.1,78.3,59,0.983
2025-02-27 04:00,76.86,76.4,77.4,46,0.767
2025-02-27 05:00,75.9,75.4,76.5,45,0.75
2025-02-27 06:00,75.28,75.0,75.7,24,0.4
2025-02-27 07:00,74.97,74.5,75.1,15,0.25
2025-02-27 08:00,74.33,74.0,74.7,6,0.1
2025-02-27 09:00,74.1,74.1,74.1,1,0.017
2025-02-27 10:00,73.52,73.4,73.6,11,0.183
2025-02-27 11:00,73.41,73.1,73.7,56,0.933
2025-02-27 12:00,73.05,72.8,73.2,60,1.0
2025-02-27 13:00,72.78,72.5,73.1,58,0.967
2025-02-27 14:00,72.71,72.4,73.0,60,1.0
2025-02-27 15:00,72.26,72.0,72.6,60,1.0
2025-02-27 16:00,72.05,71.8,72.3,60,1.0
2025-02-27 17:00,71.82,71.5,72.1,60,1.0
2025-02-27 18:00,71.65,71.4,72.1,59,0.983
2025-02-27 19:00,71.57,71.2,72.0,60,1.0
2025-02-27 20:00,71.53,71.2,71.8,60,1.0
2025-02-27 21:00,71.26,70.9,71.6,60,1.0
2025-02-27 22:00,70.97,70.7,71.3,60,1.0
2025-02-27 23:00,70.9,70.6,71.3,60,1.0
2025-02-28 00:00,70.77,70.5,71.2,60,1.0
2025-02-28 01:00,70.66,70.4,71.1,60,1.0
2025-02-28 02:00,70.6,70.2,70.9,60,1.0
2025-02-28 03:00,70.38,70.0,70.8,57,0.95
2025-02-28 04:00,70.25,70.0,70.6,60,1.0
2025-02-28 05:00,70.13,69.9,70.5,60,1.0
2025-02-28 06:00,69.95,69.8,70.2,60,1.0
2025-02-28 07:00,69.87,69.7,70.3,58,0.967
2025-02-28 08:00,70.0,69.7,70.2,60,1.0
2025-02-28 09:00,69.77,69.4,70.1,57,0.95
2025-02-28 10:00,69.74,69.4,70.0,59,0.983
2025-02-28 11:00,69.64,69.3,69.9,59,0.983
2025-02-28 12:00,69.56,69.1,70.0,60,1.0
2025-02-28 13:00,69.41,69.1,69.7,58,0.967
2025-02-28 14:00,69.18,69.0,69.5,59,0.983
2025-02-28 15:00,69.08,68.9,69.5,60,1.0
2025-02-28 16:00,68.98,68.8,69.3,59,0.983
2025-02-28 17:00,69.09,68.8,69.4,60,1.0
2025-02-28 18:00,68.96,68.7,69.4,60,1.0
2025-02-28 19:00,68.77,68.6,69.0,60,1.0
2025-02-28 20:00,68.76,68.6,69.2,59,0.983
2025-02-28 21:00,68.74,68.5,69.0,60,1.0
2025-02-28 22:00,68.7,68.4,69.1,60,1.0
2025-02-28 23:00,68.68,68.3,69.0,60,1.0
2025-03-01 00:00,68.45,68.3,68.8,60,1.0
2025-03-01 01:00,68.37,68.2,68.7,60,1.0
2025-03-01 02:00,68.43,68.2,68.7,58,0.967
2025-03-01 03:00,68.44,68.1,68.7,52,0.867
2025-03-01 04:00,68.45,68.2,68.7,51,0.85
2025-03-01 05:00,68.25,68.0,68.6,56,0.933
2025-03-01 06:00,68.17,67.9,68.5,60,1.0
2025-03-01 07:00,68.19,67.6,68.6,60,1.0
2025-03-01 08:00,68.14,67.8,68.5,60,1.0
2025-03-01 09:00,68.08,67.7,68.3,57,0.95
2025-03-01 10:00,67.91,67.7,68.3,55,0.917
2025-03-01 11:00,67.83,67.6,68.2,48,0.8
2025-03-01 12:00,67.73,67.6,68.0,58,0.967
2025-03-01 13:00,67.68,67.5,68.1,58,0.967
2025-03-01 14:00,67.84,67.5,68.1,59,0.983
2025-03-01 15:00,67.61,67.4,68.0,60,1.0
2025-03-01 16:00,67.6,67.4,67.9,60,1.0
2025-03-01 17:00,67.72,67.3,68.0,42,0.7
2025-03-01 18:00,67.69,67.4,68.0,38,0.633
2025-03-01 19:00,67.71,67.4,68.0,55,0.917
2025-03-01 20:00,67.72,67.4,68.0,59,0.983
2025-03-01 21:00,67.58,67.3,67.9,53,0.883
2025-03-01 22:00,67.37,67.2,67.6,55,0.917
2025-03-01 23:00,67.3,67.1,67.6,55,0.917
2025-03-02 00:00,67.28,67.1,67.6,53,0.883
2025-03-02 01:00,67.27,67.1,67.6,53,0.883
2025-03-02 02:00,67.21,67.0,67.4,57,0.95
2025-03-02 03:00,67.29,67.0,67.6,55,0.917
2025-03-02 04:00,67.41,67.2,67.7,55,0.917
2025-03-02 05:00,67.35,67.2,67.6,50,0.833
2025-03-02 06:00,67.31,67.1,67.6,44,0.733
2025-03-02 07:00,67.15,66.8,67.4,54,0.9
2025-03-02 08:00,67.09,66.8,67.4,48,0.8
2025-03-02 09:00,67.01,66.7,67.3,46,0.767
2025-03-02 10:00,66.91,66.6,67.2,16,0.267
2025-03-02 11:00,66.71,66.5,67.0,8,0.133
2025-03-02 12:00,66.59,66.4,66.8,31,0.517
2025-03-02 13:00,66.56,66.4,66.9,28,0.467
2025-03-02 14:00,66.7,66.5,66.9,30,0.5
2025-03-02 15:00,66.63,66.3,67.0,35,0.583
2025-03-02 16:00,66.42,66.3,66.6,33,0.55
2025-03-02 17:00,66.56,66.3,66.8,24,0.4
2025-03-02 18:00,66.6,66.4,66.8,41,0.683
2025-03-02 19:00,66.54,66.2,66.8,36,0.6
2025-03-02 20:00,66.34,66.2,66.6,33,0.55
2025-03-02 21:00,66.23,66.1,66.5,35,0.583
2025-03-02 22:00,66.18,66.1,66.3,36,0.6
2025-03-02 23:00,66.23,66.0,66.6,43,0.717
2025-03-03 00:00,66.29,66.0,66.7,41,0.683
2025-03-03 01:00,66.3,66.0,66.5,45,0.75
2025-03-03 02:00,66.2,65.9,66.5,43,0.717
2025-03-03 03:00,66.06,65.9,66.3,43,0.717
2025-03-03 04:00,66.03,65.9,66.4,46,0.767
2025-03-03 05:00,66.03,65.8,66.4,51,0.85
2025-03-03 06:00,65.95,65.8,66.2,50,0.833
2025-03-03 07:00,66.06,65.8,66.3,44,0.733
2025-03-03 08:00,65.87,65.7,66.2,48,0.8
2025-03-03 09:00,65.96,65.7,66.2,45,0.75
2025-03-03 10:00,65.94,65.6,66.2,52,0.867
2025-03-03 11:00,65.71,65.5,65.9,56,0.933
2025-03-03 12:00,65.64,65.5,65.9,50,0.833
2025-03-03 13:00,65.68,65.5,66.1,57,0.95
2025-03-03 14:00,65.77,65.5,66.0,52,0.867
2025-03-03 15:00,65.8,65.4,66.0,54,0.9
2025-03-03 16:00,65.5,65.4,65.8,50,0.833
2025-03-03 17:00,65.64,65.4,66.0,53,0.883
2025-03-03 18:00,65.61,65.3,65.9,46,0.767
2025-03-03 19:00,65.53,65.3,65.8,43,0.717
2025-03-03 20:00,65.45,65.2,65.8,55,0.917
2025-03-03 21:00,65.5,65.2,66.0,56,0.933
2025-03-03 22:00,65.45,65.2,65.8,57,0.95
2025-03-03 23:00,65.57,65.2,65.7,59,0.983
2025-03-04 00:00,65.53,65.3,65.7,58,0.967
2025-03-04 01:00,65.37,65.1,65.6,56,0.933
2025-03-04 02:00,65.31,65.0,65.6,55,0.917
2025-03-04 03:00,65.23,65.0,65.5,53,0.883
2025-03-04 04:00,65.15,65.0,65.4,54,0.9
2025-03-04 05:00,65.09,65.0,65.2,58,0.967
2025-03-04 06:00,65.09,65.0,65.3,57,0.95
2025-03-04 07:00,65.16,64.9,65.5,43,0.717
2025-03-04 08:00,65.26,65.0,65.4,36,0.6
2025-03-04 09:00,65.0,65.0,65.0,2,0.033
2025-03-04 10:00,65.2,64.8,65.4,53,0.883
2025-03-04 11:00,65.13,64.8,65.4,57,0.95
2025-03-04 12:00,65.07,64.8,65.4,57,0.95
2025-03-04 13:00,65.08,64.7,65.3,58,0.967
2025-03-04 14:00,64.92,64.7,65.3,56,0.933
2025-03-04 15:00,65.08,64.8,65.3,56,0.933
2025-03-04 16:00,65.03,64.7,65.6,59,0.983
2025-03-04 17:00,64.88,64.6,65.3,57,0.95
2025-03-04 18:00,64.89,64.6,65.1,60,1.0
2025-03-04 19:00,64.77,64.6,65.0,60,1.0
2025-03-04 20:00,64.84,64.6,65.1,60,1.0
2025-03-04 21:00,64.81,64.6,65.1,59,0.983
2025-03-04 22:00,64.75,64.5,65.1,60,1.0
2025-03-04 23:00,64.83,64.5,65.1,59,0.983
2025-03-05 00:00,64.88,64.5,65.3,60,1.0
2025-03-05 01:00,64.82,64.5,65.1,60,1.0
2025-03-05 02:00,64.77,64.5,65.0,60,1.0
2025-03-05 03:00,64.74,64.4,65.0,59,0.983
2025-03-05 04:00,64.67,64.4,65.0,60,1.0
2025-03-05 05:00,64.67,64.4,65.0,60,1.0
2025-03-05 06:00,64.58,64.3,64.9,60,1.0
2025-03-05 07:00,64.62,64.3,64.9,60,1.0
2025-03-05 08:00,64.63,64.4,64.9,51,0.85
2025-03-05 09:00,64.46,64.3,64.8,45,0.75
2025-03-05 10:00,64.49,64.2,64.8,53,0.883
2025-03-05 11:00,64.4,64.2,64.7,58,0.967
2025-03-05 12:00,64.39,64.2,64.8,59,0.983
2025-03-05 13:00,64.46,64.2,64.7,60,1.0
2025-03-05 14:00,64.49,64.2,64.7,60,1.0
2025-03-05 15:00,64.52,64.3,64.7,59,0.983
2025-03-05 16:00,64.52,64.3,64.8,60,1.0
2025-03-05 17:00,64.45,64.1,64.7,59,0.983
2025-03-05 18:00,64.31,64.1,64.6,60,1.0
2025-03-05 19:00,64.34,64.1,64.7,60,1.0
2025-03-05 20:00,64.2,64.0,64.5,59,0.983
2025-03-05 21:00,64.24,64.0,64.6,60,1.0
2025-03-05 22:00,64.28,64.0,64.5,60,1.0
2025-03-05 23:00,64.3,64.0,64.5,60,1.0
2025-03-06 00:00,64.3,64.0,64.5,58,0.967
2025-03-06 01:00,64.28,64.0,64.5,60,1.0
2025-03-06 02:00,64.24,63.9,64.5,60,1.0
2025-03-06 03:00,64.19,63.9,64.5,58,0.967
2025-03-06 04:00,64.16,63.9,64.4,59,0.983
2025-03-06 05:00,64.02,63.8,64.3,60,1.0
2025-03-06 06:00,63.96,63.8,64.3,59,0.983
2025-03-06 07:00,64.05,63.8,64.4,58,0.967
2025-03-06 08:00,64.04,63.8,64.3,59,0.983
2025-03-06 09:00,63.94,63.7,64.3,59,0.983
2025-03-06 10:00,63.85,63.7,64.3,59,0.983
2025-03-06 11:00,63.95,63.7,64.2,56,0.933
2025-03-06 12:00,64.04,63.7,64.2,59,0.983
2025-03-06 13:00,63.89,63.6,64.2,57,0.95
2025-03-06 14:00,63.73,63.6,63.9,59,0.983
2025-03-06 15:00,63.82,63.6,64.2,59,0.983
2025-03-06 16:00,63.87,63.6,64.1,60,1.0
2025-03-06 17:00,63.91,63.6,64.2,58,0.967
2025-03-06 18:00,63.85,63.6,64.1,60,1.0
2025-03-06 19:00,63.86,63.5,64.1,60,1.0
2025-03-06 20:00,63.72,63.5,64.0,59,0.983
2025-03-06 21:00,63.62,63.5,64.0,60,1.0
2025-03-06 22:00,63.6,63.5,64.0,60,1.0
2025-03-06 23:00,63.58,63.4,63.9,59,0.983
2025-03-07 00:00,63.61,63.4,63.8,59,0.983
2025-03-07 01:00,63.73,63.4,64.0,59,0.983
2025-03-07 02:00,63.68,63.4,63.9,60,1.0
2025-03-07 03:00,63.79,63.5,64.1,60,1.0
2025-03-07 04:00,63.63,63.4,63.9,60,1.0
2025-03-07 05:00,63.65,63.4,64.0,60,1.0
2025-03-07 06:00,63.57,63.3,63.9,60,1.0
2025-03-07 07:00,63.45,63.3,63.7,60,1.0
2025-03-07 08:00,63.48,63.3,63.8,59,0.983
2025-03-07 09:00,63.6,63.2,63.9,60,1.0
2025-03-07 10:00,63.52,63.2,63.8,60,1.0
2025-03-07 11:00,63.51,63.2,63.7,60,1.0
2025-03-07 12:00,63.51,63.2,63.7,59,0.983
2025-03-07 13:00,63.53,63.4,63.7,59,0.983
2025-03-07 14:00,63.36,63.1,63.7,59,0.983
2025-03-07 15:00,63.41,63.1,63.6,59,0.983
2025-03-07 16:00,63.42,63.1,63.6,60,1.0
2025-03-07 17:00,63.32,63.1,63.6,59,0.983
2025-03-07 18:00,63.33,63.0,63.6,60,1.0
2025-03-07 19:00,63.16,63.0,63.3,60,1.0
2025-03-07 20:00,63.2,63.0,63.5,60,1.0
2025-03-07 21:00,63.41,63.2,63.6,60,1.0
2025-03-07 22:00,63.39,63.2,63.6,59,0.983
2025-03-07 23:00,63.37,63.2,63.6,59,0.983
2025-03-08 00:00,63.33,63.1,63.6,59,0.983
2025-03-08 01:00,63.27,63.0,63.4,59,0.983
2025-03-08 02:00,63.22,63.0,63.5,60,1.0
2025-03-08 03:00,63.24,62.9,63.4,60,1.0
2025-03-08 04:00,63.28,63.0,63.6,60,1.0
2025-03-08 05:00,63.26,63.1,63.5,60,1.0
2025-03-08 06:00,63.24,63.1,63.4,59,0.983
2025-03-08 07:00,63.13,62.8,63.5,60,1.0
2025-03-08 08:00,63.15,62.8,63.3,60,1.0
2025-03-08 09:00,63.07,62.8,63.4,60,1.0
2025-03-08 10:00,62.94,62.7,63.3,58,0.967
2025-03-08 11:00,62.89,62.7,63.2,60,1.0
2025-03-08 12:00,62.88,62.7,63.2,60,1.0
2025-03-08 13:00,62.9,62.7,63.2,60,1.0
2025-03-08 14:00,62.85,62.7,63.2,60,1.0
2025-03-08 15:00,62.82,62.6,63.1,58,0.967
2025-03-08 16:00,62.92,62.6,63.4,60,1.0
2025-03-08 17:00,63.0,62.7,63.2,57,0.95
2025-03-08 18:00,62.95,62.6,63.2,60,1.0
2025-03-08 19:00,63.0,62.6,63.2,60,1.0
2025-03-08 20:00,62.96,62.6,63.2,60,1.0
2025-03-08 21:00,62.94,62.7,63.2,60,1.0
2025-03-08 22:00,62.84,62.6,63.2,60,1.0
2025-03-08 23:00,62.63,62.5,62.8,59,0.983
2025-03-09 00:00,62.68,62.5,62.9,56,0.933
2025-03-09 01:00,62.76,62.5,63.0,58,0.967
2025-03-09 02:00,62.82,62.5,63.0,59,0.983
2025-03-09 03:00,62.86,62.5,63.1,60,1.0
2025-03-09 04:00,62.77,62.5,63.0,56,0.933
2025-03-09 05:00,62.82,62.5,63.0,57,0.95
2025-03-09 06:00,62.77,62.5,63.0,59,0.983
2025-03-09 07:00,62.64,62.4,63.1,46,0.767
2025-03-09 08:00,62.68,62.4,63.0,52,0.867
2025-03-09 09:00,62.54,62.4,62.8,47,0.783
2025-03-09 10:00,62.48,62.3,62.9,55,0.917
2025-03-09 11:00,62.41,62.3,62.7,59,0.983
2025-03-09 12:00,62.51,62.3,62.8,59,0.983
2025-03-09 13:00,62.57,62.3,62.8,59,0.983
2025-03-09 14:00,62.53,62.3,62.9,58,0.967
2025-03-09 15:00,62.39,62.2,62.7,59,0.983
2025-03-09 16:00,62.49,62.2,62.8,59,0.983
2025-03-09 17:00,62.55,62.3,62.7,51,0.85
2025-03-09 18:00,62.46,62.2,62.7,47,0.783
2025-03-09 19:00,62.28,62.1,62.6,55,0.917
2025-03-09 20:00,62.25,62.1,62.6,60,1.0
2025-03-09 21:00,62.25,62.1,62.5,60,1.0
2025-03-09 22:00,62.2,62.1,62.4,60,1.0
2025-03-09 23:00,62.2,62.1,62.5,58,0.967
2025-03-10 00:00,62.2,62.1,62.5,60,1.0
2025-03-10 01:00,62.27,62.1,62.6,59,0.983
2025-03-10 02:00,62.28,62.0,62.5,59,0.983
2025-03-10 03:00,62.33,62.0,62.6,55,0.917
2025-03-10 04:00,62.37,62.2,62.5,54,0.9
2025-03-10 05:00,62.32,62.1,62.5,51,0.85
2025-03-10 06:00,62.29,62.0,62.6,50,0.833
2025-03-10 07:00,62.2,61.9,62.5,56,0.933
2025-03-10 08:00,62.16,61.9,62.5,45,0.75
2025-03-10 09:00,62.01,61.9,62.2,46,0.767
2025-03-10 10:00,62.05,61.9,62.3,43,0.717
2025-03-10 11:00,62.09,61.8,62.3,59,0.983
2025-03-10 12:00,61.97,61.3,62.4,59,0.983
2025-03-10 13:00,61.96,61.8,62.3,59,0.983
2025-03-10 14:00,62.02,61.8,62.3,60,1.0
2025-03-10 15:00,61.96,61.8,62.3,59,0.983
2025-03-10 16:00,62.11,61.9,62.3,58,0.967
2025-03-10 17:00,62.11,61.8,62.3,59,0.983
2025-03-10 18:00,62.04,61.7,62.3,59,0.983
2025-03-10 19:00,62.25,62.0,62.4,60,1.0
2025-03-10 20:00,62.18,62.0,62.3,60,1.0
2025-03-10 21:00,62.17,62.0,62.3,60,1.0
2025-03-10 22:00,62.21,62.0,62.4,56,0.933
2025-03-10 23:00,62.34,62.1,62.6,55,0.917
2025-03-11 00:00,62.46,62.2,62.7,59,0.983
2025-03-11 01:00,62.46,62.2,62.6,57,0.95
2025-03-11 02:00,62.31,61.8,63.1,57,0.95
2025-03-11 03:00,62.2,61.7,62.4,53,0.883
2025-03-11 04:00,61.5,60.8,61.9,42,0.7
2025-03-11 05:00,61.82,61.6,62.2,54,0.9
2025-03-11 06:00,62.08,61.5,62.8,29,0.483
2025-03-11 07:00,63.02,62.5,63.4,36,0.6
2025-03-11 08:00,63.43,63.1,63.7,56,0.933
2025-03-11 09:00,63.62,63.4,63.9,53,0.883
2025-03-11 10:00,63.78,63.5,64.1,57,0.95
2025-03-11 11:00,63.9,63.6,64.2,60,1.0
2025-03-11 12:00,63.93,63.7,64.3,60,1.0
2025-03-11 13:00,63.98,63.7,64.2,59,0.983
2025-03-11 14:00,63.95,63.7,64.2,59,0.983
2025-03-11 15:00,63.88,63.5,64.1,60,1.0
2025-03-11 16:00,63.86,63.6,64.1,60,1.0
2025-03-11 17:00,63.74,63.5,64.1,60,1.0
2025-03-11 18:00,63.86,63.6,64.1,59,0.983
2025-03-11 19:00,63.72,63.5,64.1,60,1.0
2025-03-11 20:00,63.59,63.5,63.9,60,1.0
2025-03-11 21:00,63.57,63.4,63.8,60,1.0
2025-03-11 22:00,63.53,63.4,63.7,60,1.0
2025-03-11 23:00,63.56,63.4,63.9,60,1.0
2025-03-12 00:00,63.71,63.4,63.9,59,0.983
2025-03-12 01:00,63.52,63.3,63.9,60,1.0
2025-03-12 02:00,63.53,63.3,63.9,59,0.983
2025-03-12 03:00,63.47,63.3,63.8,60,1.0
2025-03-12 04:00,63.49,63.3,63.8,58,0.967
2025-03-12 05:00,63.46,63.3,63.9,60,1.0
2025-03-12 06:00,63.6,63.3,63.8,60,1.0
2025-03-12 07:00,63.42,63.2,63.7,59,0.983
2025-03-12 08:00,63.49,63.2,63.8,59,0.983
2025-03-12 09:00,63.35,63.1,63.7,60,1.0
2025-03-12 10:00,63.43,63.1,63.7,60,1.0
2025-03-12 11:00,63.22,63.1,63.5,60,1.0
2025-03-12 12:00,63.33,63.1,63.7,59,0.983
2025-03-12 13:00,63.38,63.0,63.6,60,1.0
2025-03-12 14:00,63.19,63.0,63.5,60,1.0
2025-03-12 15:00,63.23,63.0,63.5,60,1.0
2025-03-12 16:00,63.13,63.0,63.3,59,0.983
2025-03-12 17:00,63.14,63.0,63.5,60,1.0
2025-03-12 18:00,63.35,63.1,63.7,60,1.0
2025-03-12 19:00,63.17,62.7,63.6,59,0.983
2025-03-12 20:00,63.27,63.0,63.5,51,0.85
2025-03-12 21:00,63.47,63.2,63.8,46,0.767
2025-03-12 22:00,63.66,63.4,63.9,53,0.883
2025-03-12 23:00,63.69,63.5,63.9,53,0.883
2025-03-13 00:00,63.64,63.3,63.9,44,0.733
2025-03-13 01:00,63.53,63.3,63.8,43,0.717
2025-03-13 02:00,63.55,63.4,64.0,36,0.6
2025-03-13 03:00,63.53,63.4,63.7,38,0.633
2025-03-13 04:00,63.53,63.4,63.7,48,0.8
2025-03-13 05:00,63.48,63.4,63.7,50,0.833
2025-03-13 06:00,63.48,63.3,63.8,56,0.933
2025-03-13 07:00,63.66,63.4,63.9,53,0.883
2025-03-13 08:00,63.65,63.4,63.9,57,0.95
2025-03-13 09:00,63.67,63.3,63.8,58,0.967
2025-03-13 10:00,63.68,63.4,64.0,52,0.867
2025-03-13 11:00,63.68,63.4,63.9,36,0.6
2025-03-13 12:00,63.64,63.3,63.9,44,0.733
2025-03-13 13:00,63.52,63.2,63.8,51,0.85
2025-03-13 14:00,63.62,63.3,63.9,54,0.9
2025-03-13 15:00,63.57,63.4,63.8,51,0.85
2025-03-13 16:00,63.48,63.2,63.7,56,0.933
2025-03-13 17:00,63.49,62.9,63.8,57,0.95
2025-03-13 18:00,63.53,63.2,63.8,33,0.55
2025-03-13 19:00,63.69,63.5,63.9,45,0.75
2025-03-13 20:00,63.72,63.4,64.0,52,0.867
2025-03-13 21:00,63.67,63.4,64.0,49,0.817
2025-03-13 22:00,63.63,63.4,63.9,57,0.95
2025-03-13 23:00,63.57,63.4,63.8,55,0.917
2025-03-14 00:00,63.62,63.4,64.0,54,0.9
2025-03-14 01:00,63.72,63.1,63.9,29,0.483
2025-03-14 02:00,63.0,62.8,63.2,33,0.55
2025-03-14 03:00,63.33,63.0,63.6,38,0.633
2025-03-14 04:00,63.45,63.1,63.9,28,0.467
2025-03-14 05:00,63.94,63.6,64.3,20,0.333
2025-03-14 06:00,63.78,63.5,64.0,11,0.183
2025-03-14 07:00,63.89,63.7,64.1,11,0.183
2025-03-14 08:00,64.59,64.3,64.9,14,0.233
2025-03-14 09:00,64.9,64.5,65.1,38,0.633
2025-03-14 10:00,64.93,64.6,65.1,30,0.5
2025-03-14 11:00,64.75,64.6,65.1,55,0.917
2025-03-14 12:00,64.78,64.6,65.1,55,0.917
2025-03-14 13:00,64.84,64.6,65.1,54,0.9
2025-03-14 14:00,64.68,64.5,65.0,59,0.983
2025-03-14 15:00,64.64,64.5,65.0,55,0.917
2025-03-14 16:00,64.65,64.5,65.0,58,0.967
2025-03-14 17:00,64.57,64.4,64.9,60,1.0
2025-03-14 18:00,64.64,64.4,65.0,60,1.0
2025-03-14 19:00,64.62,64.3,65.0,60,1.0
2025-03-14 20:00,64.7,64.3,64.9,60,1.0
2025-03-14 21:00,64.42,64.3,64.7,60,1.0
2025-03-14 22:00,64.4,64.3,64.7,59,0.983
2025-03-14 23:00,64.36,64.2,64.5,60,1.0
2025-03-15 00:00,64.33,63.8,64.7,58,0.967
2025-03-15 01:00,64.36,64.2,64.6,58,0.967
2025-03-15 02:00,64.44,64.2,64.7,58,0.967
2025-03-15 03:00,64.45,64.2,64.7,60,1.0
2025-03-15 04:00,64.41,64.2,64.6,59,0.983
2025-03-15 05:00,64.39,64.1,64.7,59,0.983
2025-03-15 06:00,64.33,64.1,64.5,57,0.95
2025-03-15 07:00,64.35,64.1,64.6,59,0.983
2025-03-15 08:00,64.12,64.0,64.4,60,1.0
2025-03-15 09:00,64.13,63.9,64.4,60,1.0
2025-03-15 10:00,64.22,63.9,64.5,52,0.867
2025-03-15 11:00,64.23,64.0,64.5,51,0.85
2025-03-15 12:00,64.19,63.9,64.5,60,1.0
2025-03-15 13:00,64.15,63.8,64.4,53,0.883
2025-03-15 14:00,64.14,63.8,64.4,55,0.917
2025-03-15 15:00,63.99,63.8,64.6,59,0.983
2025-03-15 16:00,63.89,63.8,64.1,58,0.967
2025-03-15 17:00,63.84,63.7,64.0,59,0.983
2025-03-15 18:00,64.01,63.7,64.3,57,0.95
2025-03-15 19:00,63.82,63.7,64.1,58,0.967
2025-03-15 20:00,63.87,63.6,64.1,59,0.983
2025-03-15 21:00,63.97,63.7,64.2,60,1.0
2025-03-15 22:00,63.96,63.6,64.2,60,1.0
2025-03-15 23:00,63.8,63.6,64.1,60,1.0
2025-03-16 00:00,63.71,63.5,63.9,44,0.733
2025-03-16 10:00,63.59,63.3,63.8,44,0.733
2025-03-16 11:00,63.62,63.3,63.9,56,0.933
2025-03-16 12:00,63.62,63.3,63.9,59,0.983
2025-03-16 13:00,63.6,63.2,63.8,58,0.967
2025-03-16 14:00,63.35,63.2,63.7,56,0.933
2025-03-16 15:00,63.55,63.2,63.8,57,0.95
2025-03-16 16:00,63.44,63.1,63.6,58,0.967
2025-03-16 17:00,63.35,63.1,63.7,56,0.933
2025-03-16 18:00,63.52,63.2,63.7,53,0.883
2025-03-16 19:00,63.5,63.2,63.8,30,0.5
2025-03-16 20:00,63.44,63.2,63.8,27,0.45
2025-03-16 21:00,63.51,63.2,63.8,27,0.45
2025-03-16 22:00,63.55,63.2,63.8,28,0.467
2025-03-16 23:00,63.5,63.3,63.7,28,0.467
2025-03-17 00:00,63.36,63.1,63.6,42,0.7
2025-03-17 01:00,63.4,63.1,63.6,41,0.683
2025-03-17 02:00,63.27,63.1,63.6,53,0.883
2025-03-17 03:00,63.27,62.6,63.6,50,0.833
2025-03-17 04:00,63.14,62.8,63.6,58,0.967
2025-03-17 05:00,63.4,63.1,63.7,59,0.983
2025-03-17 06:00,63.5,63.2,63.9,57,0.95
2025-03-17 07:00,63.53,63.3,63.9,53,0.883
2025-03-17 08:00,63.59,63.4,63.9,29,0.483
2025-03-17 09:00,63.56,63.4,63.8,36,0.6
2025-03-17 10:00,63.47,63.3,63.8,56,0.933
2025-03-17 11:00,63.53,63.3,63.9,53,0.883
2025-03-17 12:00,63.48,63.3,63.8,59,0.983
2025-03-17 13:00,63.64,63.5,63.8,52,0.867
2025-03-17 14:00,63.63,63.4,63.8,55,0.917
2025-03-17 15:00,63.42,63.2,63.7,53,0.883
2025-03-17 16:00,63.56,63.3,63.8,52,0.867
2025-03-17 17:00,63.52,63.2,63.8,60,1.0
2025-03-17 18:00,63.54,63.3,63.8,59,0.983
2025-03-17 19:00,63.4,63.1,63.8,58,0.967
2025-03-17 20:00,63.31,63.1,63.7,58,0.967
2025-03-17 21:00,63.29,63.1,63.7,58,0.967
2025-03-17 22:00,63.38,63.1,63.7,60,1.0
2025-03-17 23:00,63.28,63.1,63.6,56,0.933
2025-03-18 00:00,63.32,63.0,63.6,59,0.983
2025-03-18 01:00,63.2,63.0,63.5,49,0.817
2025-03-18 02:00,63.16,63.0,63.5,44,0.733
2025-03-18 03:00,63.35,63.2,63.5,40,0.667
2025-03-18 04:00,63.35,63.1,63.5,49,0.817
2025-03-18 05:00,63.31,63.2,63.5,53,0.883
2025-03-18 06:00,63.3,63.1,63.5,43,0.717
2025-03-18 07:00,63.26,62.9,63.5,40,0.667
2025-03-18 08:00,63.05,62.8,63.3,54,0.9
2025-03-18 09:00,63.14,62.8,63.4,47,0.783
2025-03-18 10:00,63.13,62.8,63.3,55,0.917
2025-03-18 11:00,63.04,62.8,63.3,56,0.933
2025-03-18 12:00,63.02,62.8,63.3,58,0.967
2025-03-18 13:00,63.01,62.7,63.2,57,0.95
2025-03-18 14:00,62.93,62.7,63.3,59,0.983
2025-03-18 15:00,62.75,62.6,63.0,57,0.95
2025-03-18 16:00,62.78,62.6,63.1,47,0.783
2025-03-18 17:00,62.88,62.6,63.1,53,0.883
2025-03-18 18:00,62.88,62.6,63.1,52,0.867
2025-03-18 19:00,62.85,62.5,63.1,56,0.933
2025-03-18 20:00,62.73,62.5,63.0,57,0.95
2025-03-18 21:00,62.6,62.4,63.0,59,0.983
2025-03-18 22:00,62.66,62.4,63.0,57,0.95
2025-03-18 23:00,62.62,62.4,62.9,53,0.883
2025-03-19 00:00,62.67,62.4,62.9,42,0.7
2025-03-19 01:00,62.57,62.4,62.9,46,0.767
2025-03-19 02:00,62.64,62.3,62.9,59,0.983
2025-03-19 03:00,62.66,62.3,62.8,59,0.983
2025-03-19 04:00,62.5,62.3,62.7,60,1.0
2025-03-19 05:00,62.39,62.2,62.7,57,0.95
2025-03-19 06:00,62.43,62.2,62.7,58,0.967
2025-03-19 07:00,62.49,62.2,62.8,54,0.9
2025-03-19 08:00,62.41,62.2,62.7,55,0.917
2025-03-19 09:00,62.46,62.2,62.8,57,0.95
2025-03-19 10:00,62.47,62.2,62.7,59,0.983
2025-03-19 11:00,62.37,62.1,62.6,60,1.0
2025-03-19 12:00,62.26,62.0,62.6,56,0.933
2025-03-19 13:00,62.28,62.0,62.6,59,0.983
2025-03-19 14:00,62.34,62.0,62.5,59,0.983
2025-03-19 15:00,62.37,62.1,62.7,59,0.983
2025-03-19 16:00,62.28,62.0,62.5,59,0.983
2025-03-19 17:00,62.1,62.0,62.3,60,1.0
2025-03-19 18:00,62.09,61.9,62.5,57,0.95
2025-03-19 19:00,62.08,61.9,62.3,59,0.983
2025-03-19 20:00,62.06,61.9,62.4,60,1.0
2025-03-19 21:00,62.12,61.9,62.4,59,0.983
2025-03-19 22:00,62.22,61.9,62.4,59,0.983
2025-03-19 23:00,62.2,61.8,62.5,58,0.967
2025-03-20 00:00,62.14,61.9,62.4,58,0.967
2025-03-20 01:00,62.16,61.8,62.5,56,0.933
2025-03-20 02:00,62.08,61.8,62.4,56,0.933
2025-03-20 03:00,62.01,61.8,62.3,59,0.983
2025-03-20 04:00,61.95,61.8,62.2,57,0.95
2025-03-20 05:00,61.93,61.7,62.2,59,0.983
2025-03-20 06:00,62.05,61.8,62.3,60,1.0
2025-03-20 07:00,62.04,61.7,62.3,56,0.933
2025-03-20 08:00,61.89,61.7,62.2,59,0.983
2025-03-20 09:00,61.89,61.7,62.2,59,0.983
2025-03-20 10:00,61.98,61.8,62.2,56,0.933
2025-03-20 11:00,61.96,61.8,62.2,59,0.983
2025-03-20 12:00,61.91,61.6,62.1,56,0.933
2025-03-20 13:00,61.92,61.6,62.1,47,0.783
2025-03-20 14:00,61.87,61.5,62.1,57,0.95
2025-03-20 15:00,61.87,61.5,62.2,57,0.95
2025-03-20 16:00,61.66,61.5,62.0,60,1.0
2025-03-20 17:00,61.85,61.5,62.1,56,0.933
2025-03-20 18:00,61.73,61.5,61.9,43,0.717
2025-03-20 19:00,61.62,61.4,61.8,46,0.767
2025-03-20 20:00,61.55,61.4,61.7,45,0.75
2025-03-20 21:00,61.58,61.5,61.9,51,0.85
2025-03-20 22:00,61.58,61.4,61.9,51,0.85
2025-03-20 23:00,61.58,61.4,61.8,45,0.75
2025-03-21 00:00,61.62,61.4,62.0,58,0.967
2025-03-21 01:00,61.58,61.4,61.8,60,1.0
2025-03-21 02:00,61.6,61.4,62.0,58,0.967
2025-03-21 03:00,61.55,61.3,61.8,54,0.9
2025-03-21 04:00,61.6,61.3,61.9,58,0.967
2025-03-21 05:00,61.62,61.4,61.9,59,0.983
2025-03-21 06:00,61.64,61.4,61.9,58,0.967
2025-03-21 07:00,61.54,61.3,61.8,54,0.9
2025-03-21 08:00,61.39,61.3,61.5,7,0.117
2025-03-21 09:00,61.47,61.3,61.7,29,0.483
2025-03-21 10:00,61.35,61.2,61.7,60,1.0
2025-03-21 11:00,61.33,61.2,61.7,60,1.0
2025-03-21 12:00,61.32,61.1,61.7,60,1.0
2025-03-21 13:00,61.3,61.1,61.5,60,1.0
2025-03-21 14:00,61.44,61.1,61.7,60,1.0
2025-03-21 15:00,61.46,61.2,61.6,60,1.0
2025-03-21 16:00,61.27,61.1,61.6,60,1.0
2025-03-21 17:00,61.23,61.1,61.5,60,1.0
2025-03-21 18:00,61.47,61.2,61.7,60,1.0
2025-03-21 19:00,61.4,61.1,61.7,60,1.0
2025-03-21 20:00,61.27,61.1,61.5,60,1.0
2025-03-21 21:00,61.21,61.0,61.5,60,1.0
2025-03-21 22:00,61.12,61.0,61.4,60,1.0
2025-03-21 23:00,61.1,61.0,61.2,60,1.0
2025-03-22 00:00,61.1,61.0,61.2,60,1.0
2025-03-22 01:00,61.08,60.9,61.2,60,1.0
2025-03-22 02:00,61.12,60.9,61.5,60,1.0
2025-03-22 03:00,61.04,60.9,61.3,60,1.0
2025-03-22 04:00,61.06,60.9,61.4,60,1.0
2025-03-22 05:00,61.04,60.9,61.3,60,1.0
2025-03-22 06:00,61.14,60.9,61.4,60,1.0
2025-03-22 07:00,61.07,60.9,61.3,60,1.0
2025-03-22 08:00,61.08,60.8,61.4,60,1.0
2025-03-22 09:00,60.97,60.8,61.2,60,1.0
2025-03-22 10:00,61.0,60.8,61.3,60,1.0
2025-03-22 11:00,60.97,60.7,61.2,58,0.967
2025-03-22 12:00,61.05,60.8,61.3,59,0.983
2025-03-22 13:00,61.04,60.8,61.2,59,0.983
2025-03-22 14:00,60.85,60.7,61.2,58,0.967
2025-03-22 15:00,60.97,60.7,61.2,58,0.967
2025-03-22 16:00,60.96,60.7,61.1,58,0.967
2025-03-22 17:00,60.88,60.6,61.2,60,1.0
2025-03-22 18:00,60.97,60.8,61.1,56,0.933
2025-03-22 19:00,61.02,60.9,61.3,60,1.0
2025-03-22 20:00,60.93,60.6,61.2,59,0.983
2025-03-22 21:00,60.97,60.7,61.1,54,0.9
2025-03-22 22:00,60.97,60.8,61.1,56,0.933
2025-03-22 23:00,60.97,60.8,61.1,59,0.983
2025-03-23 00:00,60.85,60.6,61.1,58,0.967
2025-03-23 01:00,60.99,60.7,61.2,60,1.0
2025-03-23 02:00,61.08,60.9,61.3,58,0.967
2025-03-23 03:00,61.15,60.9,61.4,59,0.983
2025-03-23 04:00,60.96,60.7,61.2,56,0.933
2025-03-23 05:00,60.94,60.6,61.2,60,1.0
2025-03-23 06:00,61.14,60.9,61.4,60,1.0
2025-03-23 07:00,61.34,61.0,61.7,60,1.0
2025-03-23 08:00,61.43,61.1,61.7,60,1.0
2025-03-23 09:00,61.44,61.2,61.7,59,0.983
2025-03-23 10:00,61.4,61.2,61.8,60,1.0
2025-03-23 11:00,61.39,61.1,61.8,59,0.983
2025-03-23 12:00,61.47,61.1,61.7,59,0.983
2025-03-23 13:00,61.36,61.1,61.7,60,1.0
2025-03-23 14:00,61.3,61.1,61.7,60,1.0
2025-03-23 15:00,61.27,61.1,61.6,60,1.0
2025-03-23 16:00,61.47,61.1,61.6,59,0.983
2025-03-23 17:00,61.5,61.2,61.7,57,0.95
2025-03-23 18:00,61.36,61.1,61.7,41,0.683
2025-03-23 19:00,61.29,61.1,61.6,48,0.8
2025-03-23 20:00,61.46,61.2,61.6,59,0.983
2025-03-23 21:00,61.52,61.4,61.7,51,0.85
2025-03-23 22:00,61.44,61.2,61.6,48,0.8
2025-03-23 23:00,61.36,61.1,61.6,56,0.933
2025-03-24 00:00,61.27,61.1,61.5,46,0.767
2025-03-24 01:00,61.22,61.1,61.6,55,0.917
2025-03-24 02:00,61.31,61.1,61.5,47,0.783
2025-03-24 03:00,61.23,61.1,61.5,48,0.8
2025-03-24 04:00,61.16,61.0,61.3,54,0.9
2025-03-24 05:00,61.15,61.0,61.4,57,0.95
2025-03-24 06:00,61.16,61.0,61.3,48,0.8
2025-03-24 07:00,61.34,61.2,61.5,47,0.783
2025-03-24 08:00,61.38,61.2,61.6,52,0.867
2025-03-24 09:00,61.16,61.0,61.5,49,0.817
2025-03-24 10:00,61.14,60.9,61.4,47,0.783
2025-03-24 11:00,61.19,60.9,61.5,46,0.767
2025-03-24 12:00,61.03,60.8,61.3,59,0.983
2025-03-24 13:00,61.05,60.8,61.4,60,1.0
2025-03-24 14:00,61.0,60.8,61.4,60,1.0
2025-03-24 15:00,61.07,60.8,61.4,60,1.0
2025-03-24 16:00,61.19,61.0,61.4,59,0.983
2025-03-24 17:00,61.14,60.9,61.4,60,1.0
2025-03-24 18:00,61.0,60.8,61.3,60,1.0
2025-03-24 19:00,61.04,60.8,61.5,60,1.0
2025-03-24 20:00,61.05,60.8,61.3,60,1.0
2025-03-24 21:00,61.14,61.0,61.4,48,0.8
2025-03-24 22:00,61.15,60.9,61.3,49,0.817
2025-03-24 23:00,61.07,60.8,61.3,51,0.85
2025-03-25 00:00,60.85,60.7,61.2,46,0.767
2025-03-25 01:00,60.88,60.7,61.2,45,0.75
2025-03-25 02:00,60.91,60.7,61.3,45,0.75
2025-03-25 03:00,60.82,60.7,61.1,46,0.767
2025-03-25 04:00,61.0,60.7,61.3,37,0.617
2025-03-25 05:00,60.96,60.8,61.1,49,0.817
2025-03-25 06:00,60.96,60.7,61.2,46,0.767
2025-03-25 07:00,60.83,60.6,61.0,35,0.583
2025-03-25 08:00,60.81,60.6,61.1,35,0.583
2025-03-25 09:00,60.77,60.5,61.1,46,0.767
2025-03-25 10:00,60.68,60.5,60.9,56,0.933
2025-03-25 11:00,60.64,60.5,61.0,58,0.967
2025-03-25 12:00,60.75,60.5,60.9,56,0.933
2025-03-25 13:00,60.76,60.4,61.0,55,0.917
2025-03-25 14:00,60.71,60.4,60.9,56,0.933
2025-03-25 15:00,60.66,60.3,60.9,57,0.95
2025-03-25 16:00,60.62,60.3,60.9,53,0.883
2025-03-25 17:00,60.66,60.4,60.9,49,0.817
2025-03-25 18:00,60.69,60.3,60.9,44,0.733
2025-03-25 19:00,60.58,60.4,60.8,40,0.667
2025-03-25 20:00,60.56,60.3,60.8,42,0.7
2025-03-25 21:00,60.44,60.3,60.7,44,0.733
2025-03-25 22:00,60.45,60.2,60.7,47,0.783
2025-03-25 23:00,60.4,60.2,60.8,46,0.767
2025-03-26 00:00,60.32,60.2,60.5,45,0.75
2025-03-26 01:00,60.3,60.1,60.6,42,0.7
2025-03-26 02:00,60.34,60.2,60.6,32,0.533
2025-03-26 03:00,60.35,60.1,60.6,41,0.683
2025-03-26 04:00,60.28,60.1,60.5,23,0.383
2025-03-26 05:00,60.24,60.1,60.4,31,0.517
2025-03-26 06:00,60.25,60.1,60.5,28,0.467
2025-03-26 07:00,60.43,60.2,60.7,40,0.667
2025-03-26 08:00,60.18,60.0,60.5,44,0.733
2025-03-26 09:00,60.15,60.0,60.5,49,0.817
2025-03-26 10:00,60.18,60.0,60.5,49,0.817
2025-03-26 11:00,60.18,60.0,60.4,47,0.783
2025-03-26 12:00,60.23,60.0,60.5,50,0.833
2025-03-26 13:00,60.18,59.9,60.4,52,0.867
2025-03-26 14:00,60.43,60.0,60.8,56,0.933
2025-03-26 15:00,60.5,60.3,60.8,60,1.0
2025-03-26 16:00,60.5,60.1,60.7,56,0.933
2025-03-26 17:00,60.55,60.4,60.7,59,0.983
2025-03-26 18:00,60.52,60.4,60.7,59,0.983
2025-03-26 19:00,60.49,60.3,60.7,59,0.983
2025-03-26 20:00,60.39,60.1,60.7,56,0.933
2025-03-26 21:00,60.34,60.1,60.6,58,0.967
2025-03-26 22:00,60.27,60.1,60.6,50,0.833
2025-03-26 23:00,60.19,60.0,60.5,57,0.95
2025-03-27 00:00,60.19,60.0,60.5,58,0.967
2025-03-27 01:00,60.15,60.0,60.5,59,0.983
2025-03-27 02:00,60.16,60.0,60.5,59,0.983
2025-03-27 03:00,60.34,60.0,60.6,58,0.967
2025-03-27 04:00,60.34,60.0,60.6,56,0.933
2025-03-27 05:00,60.33,60.1,60.5,54,0.9
2025-03-27 06:00,60.23,60.0,60.5,58,0.967
2025-03-27 07:00,60.21,60.0,60.5,55,0.917
2025-03-27 08:00,60.1,59.9,60.4,58,0.967
2025-03-27 09:00,60.08,59.9,60.3,59,0.983
2025-03-27 10:00,60.07,59.9,60.4,55,0.917
2025-03-27 11:00,60.15,59.9,60.5,45,0.75
2025-03-27 12:00,60.08,59.9,60.3,5,0.083
2025-03-27 13:00,60.29,60.0,61.1,46,0.767
2025-03-27 14:00,60.4,60.2,60.7,38,0.633
2025-03-27 15:00,59.82,59.2,60.4,18,0.3
2025-03-27 21:00,70.25,69.9,70.4,4,0.067
2025-03-28 04:00,72.33,72.3,72.4,3,0.05
2025-03-28 05:00,71.78,71.5,72.1,37,0.617
2025-03-28 06:00,71.55,71.2,71.8,57,0.95
2025-03-28 07:00,71.11,70.7,71.6,53,0.883
2025-03-28 08:00,71.06,70.7,71.3,32,0.533
2025-03-28 09:00,70.95,70.5,71.2,47,0.783
2025-03-28 10:00,70.69,70.4,71.0,43,0.717
2025-03-28 11:00,70.64,70.4,70.8,17,0.283
2025-03-28 12:00,70.37,70.1,70.6,11,0.183
2025-03-28 13:00,70.07,70.0,70.1,3,0.05
2025-03-28 14:00,69.9,69.8,70.0,2,0.033
2025-03-28 16:00,69.18,68.4,69.6,16,0.267
2025-03-28 17:00,68.67,68.4,69.0,15,0.25
2025-03-28 18:00,68.85,68.8,68.9,6,0.1
2025-03-28 19:00,69.18,68.8,69.6,34,0.567
2025-03-28 20:00,69.3,68.9,69.7,43,0.717
2025-03-28 21:00,69.04,68.7,69.4,17,0.283
2025-03-28 22:00,69.25,69.0,69.4,28,0.467
2025-03-28 23:00,69.31,69.0,69.5,49,0.817
2025-03-29 00:00,69.4,69.2,69.7,54,0.9
2025-03-29 01:00,69.26,68.9,69.5,52,0.867
2025-03-29 02:00,69.18,68.8,69.6,50,0.833
2025-03-29 03:00,69.03,68.9,69.2,51,0.85
2025-03-29 04:00,69.03,68.8,69.2,51,0.85
2025-03-29 05:00,68.99,68.8,69.2,58,0.967
2025-03-29 06:00,68.85,68.5,69.1,32,0.533
2025-03-29 07:00,68.23,68.1,68.3,3,0.05
2025-03-29 09:00,68.0,67.9,68.1,4,0.067
2025-03-29 10:00,68.35,68.2,68.7,22,0.367
2025-03-29 11:00,68.52,68.1,68.8,9,0.15
2025-03-29 12:00,68.39,68.2,68.6,14,0.233
2025-03-29 13:00,68.7,68.3,69.0,25,0.417
2025-03-29 14:00,68.76,68.5,69.1,18,0.3
2025-03-29 15:00,68.74,68.4,69.0,26,0.433
2025-03-29 16:00,68.67,67.8,68.9,31,0.517
2025-03-29 17:00,67.5,67.5,67.5,1,0.017
2025-03-30 02:00,71.3,71.3,71.3,1,0.017
2025-03-30 04:00,70.97,70.9,71.0,4,0.067
2025-03-30 05:00,70.81,70.5,71.0,39,0.65
2025-03-30 06:00,70.71,70.4,70.9,50,0.833
2025-03-30 07:00,70.41,70.2,70.8,55,0.917
2025-03-30 08:00,70.55,70.1,70.8,35,0.583
2025-03-30 09:00,70.74,70.6,71.1,5,0.083
2025-03-30 10:00,70.6,70.5,70.7,5,0.083
2025-03-30 11:00,70.6,70.4,70.9,20,0.333
2025-03-30 12:00,70.49,70.1,70.7,14,0.233
2025-03-30 13:00,70.21,69.9,70.5,12,0.2
2025-03-30 14:00,70.2,70.1,70.3,2,0.033
2025-03-30 15:00,70.0,70.0,70.0,1,0.017
2025-03-30 16:00,70.1,70.1,70.1,1,0.017
2025-03-30 17:00,69.85,69.6,70.0,6,0.1
2025-03-30 18:00,69.78,69.6,70.0,18,0.3
2025-03-30 19:00,69.75,69.4,70.0,11,0.183
2025-03-30 20:00,69.51,69.3,69.7,9,0.15
2025-03-30 21:00,69.29,69.1,69.4,10,0.167
2025-03-30 22:00,69.12,69.1,69.2,8,0.133
2025-03-30 23:00,69.03,68.9,69.2,9,0.15
2025-03-31 00:00,68.95,68.9,69.0,8,0.133
2025-03-31 01:00,68.99,68.8,69.3,11,0.183
2025-03-31 02:00,68.89,68.7,69.1,7,0.117
2025-03-31 03:00,68.73,68.6,69.0,12,0.2
2025-03-31 04:00,68.65,68.5,68.8,2,0.033
2025-03-31 05:00,68.82,68.6,68.9,4,0.067
2025-03-31 06:00,68.75,68.7,68.8,2,0.033
2025-03-31 07:00,68.5,68.3,68.7,16,0.267
2025-03-31 08:00,68.12,67.4,68.6,9,0.15
2025-03-31 09:00,67.39,67.1,67.6,8,0.133
2025-03-31 10:00,67.79,67.2,68.0,28,0.467
2025-03-31 11:00,68.15,67.8,68.7,36,0.6
2025-03-31 12:00,68.66,68.3,68.9,18,0.3
2025-03-31 13:00,68.83,68.6,69.0,47,0.783
2025-03-31 14:00,68.76,68.5,69.0,43,0.717
2025-03-31 15:00,68.59,68.3,69.2,33,0.55
2025-03-31 16:00,68.64,68.3,69.0,44,0.733
2025-03-31 17:00,68.48,68.3,68.8,34,0.567
2025-03-31 18:00,68.34,68.1,68.6,29,0.483
2025-03-31 19:00,68.2,68.1,68.4,25,0.417
2025-03-31 20:00,68.19,68.0,68.5,39,0.65
2025-03-31 21:00,68.22,67.9,68.6,25,0.417
2025-03-31 22:00,68.12,67.8,68.5,38,0.633
2025-03-31 23:00,67.98,67.8,68.3,30,0.5
2025-04-01 00:00,68.02,67.7,68.3,39,0.65
2025-04-01 01:00,67.93,67.7,68.2,35,0.583
2025-04-01 02:00,67.92,67.6,68.2,38,0.633
2025-04-01 03:00,67.76,67.5,68.2,37,0.617
2025-04-01 04:00,67.74,67.4,68.0,33,0.55
2025-04-01 05:00,67.76,67.5,68.1,35,0.583
2025-04-01 06:00,67.74,67.4,67.9,25,0.417
2025-04-01 07:00,67.48,67.3,67.7,8,0.133
2025-04-01 08:00,67.58,67.3,67.8,6,0.1
2025-04-01 09:00,67.4,67.4,67.4,1,0.017
2025-04-01 10:00,67.36,67.2,67.6,5,0.083
2025-04-01 11:00,67.47,67.4,67.5,3,0.05
2025-04-01 12:00,67.37,67.3,67.5,3,0.05
2025-04-01 13:00,67.3,67.3,67.3,1,0.017
2025-04-01 14:00,67.1,67.1,67.1,1,0.017
2025-04-01 15:00,67.25,67.2,67.3,2,0.033
2025-04-01 16:00,67.13,67.0,67.2,3,0.05
2025-04-01 17:00,67.07,67.0,67.2,3,0.05
2025-04-01 18:00,67.04,67.0,67.1,5,0.083
2025-04-01 19:00,67.1,66.9,67.2,4,0.067
2025-04-01 20:00,66.74,66.6,67.0,8,0.133
2025-04-01 21:00,66.68,66.5,66.8,8,0.133
2025-04-01 22:00,66.65,66.5,66.7,6,0.1
2025-04-02 00:00,66.63,66.6,66.7,3,0.05
2025-04-02 01:00,66.54,66.5,66.6,5,0.083
2025-04-02 02:00,66.44,66.4,66.5,7,0.117
2025-04-02 03:00,66.43,66.3,66.6,3,0.05
2025-04-02 04:00,66.5,66.4,66.6,4,0.067
2025-04-02 05:00,66.6,66.6,66.6,1,0.017
2025-04-02 06:00,66.4,66.3,66.5,2,0.033
2025-04-02 07:00,66.5,66.3,66.6,4,0.067
2025-04-02 08:00,66.29,66.0,66.5,7,0.117
2025-04-02 09:00,66.33,66.2,66.5,3,0.05
2025-04-02 10:00,66.29,66.1,66.5,10,0.167
2025-04-02 11:00,66.25,66.0,66.4,15,0.25
2025-04-02 12:00,65.87,65.8,65.9,3,0.05
2025-04-02 13:00,66.0,66.0,66.0,1,0.017
2025-04-02 17:00,66.0,66.0,66.0,1,0.017
2025-04-03 08:00,65.46,65.3,65.6,5,0.083
2025-04-03 09:00,65.39,65.2,65.5,8,0.133
2025-04-03 10:00,65.21,65.0,65.5,9,0.15
2025-04-03 11:00,65.22,64.9,65.4,8,0.133
2025-04-03 12:00,65.26,65.1,65.4,5,0.083
2025-04-03 13:00,65.2,65.2,65.2,1,0.017
2025-04-03 17:00,64.7,64.7,64.7,1,0.017
2025-04-03 21:00,64.91,64.7,65.0,16,0.267
2025-04-03 22:00,64.92,64.8,65.1,8,0.133
2025-04-03 23:00,64.64,64.5,64.9,10,0.167
2025-04-04 00:00,64.6,64.5,64.7,2,0.033
2025-04-04 01:00,64.8,64.7,64.9,3,0.05
2025-04-04 02:00,64.85,64.8,64.9,4,0.067
2025-04-04 03:00,64.83,64.8,64.9,3,0.05
2025-04-04 07:00,64.51,64.3,64.8,7,0.117
2025-04-04 08:00,64.4,64.2,64.7,28,0.467
2025-04-04 09:00,64.47,64.2,64.8,32,0.533
2025-04-04 10:00,64.39,64.2,64.7,15,0.25
2025-04-04 11:00,64.3,64.1,64.5,13,0.217
2025-04-04 12:00,64.39,64.1,64.5,17,0.283
2025-04-04 13:00,64.3,64.0,64.5,7,0.117
2025-04-04 14:00,64.3,64.1,64.5,2,0.033
2025-04-04 20:00,64.2,64.2,64.2,1,0.017
2025-04-04 21:00,64.2,64.2,64.2,1,0.017
2025-04-04 22:00,64.1,64.1,64.1,2,0.033
2025-04-05 06:00,63.6,63.6,63.6,1,0.017
2025-04-05 08:00,63.72,63.4,63.9,5,0.083
2025-04-05 09:00,63.75,63.6,63.9,8,0.133
2025-04-05 10:00,63.73,63.6,63.8,13,0.217
2025-04-05 11:00,63.46,63.4,63.7,10,0.167
2025-04-05 12:00,63.37,63.2,63.5,9,0.15
2025-04-05 13:00,63.3,63.3,63.3,1,0.017
2025-04-05 14:00,63.34,63.2,63.5,10,0.167
2025-04-05 15:00,63.38,63.2,63.5,8,0.133
2025-04-05 16:00,63.2,63.1,63.3,6,0.1
2025-04-05 17:00,63.17,63.1,63.3,7,0.117
2025-04-05 18:00,63.18,63.1,63.3,6,0.1
2025-04-05 19:00,63.38,63.3,63.5,10,0.167
2025-04-05 20:00,63.4,63.4,63.4,1,0.017
2025-04-05 21:00,63.3,63.3,63.3,2,0.033
2025-04-06 07:00,63.23,63.1,63.4,3,0.05
2025-04-06 08:00,63.11,62.9,63.3,10,0.167
2025-04-06 09:00,62.98,62.9,63.2,9,0.15
2025-04-06 10:00,62.82,62.7,63.1,18,0.3
2025-04-06 11:00,62.97,62.8,63.1,18,0.3
2025-04-06 12:00,62.94,62.8,63.1,5,0.083
2025-04-06 13:00,62.63,62.6,62.7,14,0.233
2025-04-06 14:00,62.61,62.5,62.8,15,0.25
2025-04-06 15:00,62.61,62.5,62.9,18,0.3
2025-04-06 16:00,62.63,62.5,62.9,12,0.2
2025-04-06 17:00,62.71,62.4,63.0,27,0.45
2025-04-06 18:00,62.92,62.6,63.3,53,0.883
2025-04-06 19:00,62.85,62.6,63.2,44,0.733
2025-04-06 20:00,62.78,62.6,63.1,36,0.6
2025-04-06 21:00,62.9,62.6,63.2,37,0.617
2025-04-06 22:00,62.82,62.6,63.1,45,0.75
2025-04-06 23:00,62.77,62.5,63.0,47,0.783
2025-04-07 00:00,62.88,62.6,63.2,53,0.883
2025-04-07 01:00,62.86,62.6,63.1,52,0.867
2025-04-07 02:00,62.83,62.6,63.1,51,0.85
2025-04-07 03:00,62.74,62.5,63.0,54,0.9
2025-04-07 04:00,62.73,62.5,63.0,53,0.883
2025-04-07 05:00,62.75,62.5,63.0,56,0.933
2025-04-07 06:00,62.79,62.5,63.0,57,0.95
2025-04-07 07:00,62.63,62.5,63.0,39,0.65
2025-04-07 08:00,62.72,62.4,63.0,53,0.883
2025-04-07 09:00,62.58,62.3,62.8,52,0.867
2025-04-07 10:00,62.58,62.3,62.9,56,0.933
2025-04-07 11:00,62.39,62.2,62.7,56,0.933
2025-04-07 12:00,62.47,62.2,62.7,51,0.85
2025-04-07 13:00,62.42,62.2,62.8,50,0.833
2025-04-07 14:00,62.42,62.1,62.7,56,0.933
2025-04-07 15:00,62.43,62.1,62.6,58,0.967
2025-04-07 16:00,62.25,62.0,62.5,49,0.817
2025-04-07 17:00,62.2,62.0,62.5,56,0.933
2025-04-07 18:00,62.21,62.0,62.4,54,0.9
2025-04-07 19:00,62.21,61.9,62.6,48,0.8
2025-04-07 20:00,62.06,61.8,62.3,55,0.917
2025-04-07 21:00,62.1,61.8,62.4,57,0.95
2025-04-07 22:00,62.13,61.9,62.3,51,0.85
2025-04-07 23:00,62.09,61.8,62.5,58,0.967
2025-04-08 00:00,62.02,61.7,62.2,56,0.933
2025-04-08 01:00,61.91,61.6,62.2,58,0.967
2025-04-08 02:00,61.99,61.7,62.2,59,0.983
2025-04-08 03:00,61.92,61.6,62.3,60,1.0
2025-04-08 04:00,61.92,61.6,62.1,60,1.0
2025-04-08 05:00,61.77,61.5,62.0,59,0.983
2025-04-08 06:00,61.81,61.5,62.2,60,1.0
2025-04-08 07:00,61.74,61.5,62.0,58,0.967
2025-04-08 08:00,61.65,61.4,62.0,44,0.733
2025-04-08 09:00,61.72,61.4,61.9,53,0.883
2025-04-08 10:00,61.59,61.3,61.8,49,0.817
2025-04-08 11:00,61.64,61.5,61.8,47,0.783
2025-04-08 12:00,61.54,61.4,61.7,52,0.867
2025-04-08 13:00,61.49,61.3,61.7,52,0.867
2025-04-08 14:00,61.32,61.1,61.6,47,0.783
2025-04-08 15:00,61.35,61.1,61.7,43,0.717
2025-04-08 16:00,61.29,61.0,61.6,57,0.95
2025-04-08 17:00,61.3,61.0,61.6,60,1.0
2025-04-08 18:00,61.18,61.0,61.4,60,1.0
2025-04-08 19:00,61.23,61.0,61.5,59,0.983
2025-04-08 20:00,61.27,61.0,61.5,60,1.0
2025-04-08 21:00,61.05,60.9,61.3,49,0.817
2025-04-08 22:00,61.02,60.9,61.3,49,0.817
2025-04-08 23:00,61.07,60.9,61.4,49,0.817
2025-04-09 00:00,61.11,60.9,61.4,54,0.9
2025-04-09 01:00,61.07,60.8,61.3,59,0.983
2025-04-09 02:00,61.12,60.8,61.4,59,0.983
2025-04-09 03:00,61.06,60.8,61.4,60,1.0
2025-04-09 04:00,61.12,60.9,61.4,60,1.0
2025-04-09 05:00,61.08,60.8,61.3,59,0.983
2025-04-09 06:00,61.08,60.8,61.3,59,0.983
2025-04-09 07:00,60.93,60.6,61.2,56,0.933
2025-04-09 08:00,60.93,60.7,61.2,39,0.65
2025-04-09 09:00,60.96,60.7,61.1,27,0.45
2025-04-09 10:00,60.84,60.6,61.0,39,0.65
2025-04-09 11:00,60.64,60.5,61.0,40,0.667
2025-04-09 12:00,60.7,60.5,61.0,47,0.783
2025-04-09 13:00,60.72,60.5,60.9,41,0.683
2025-04-09 14:00,60.58,60.3,60.9,52,0.867
2025-04-09 15:00,60.63,60.3,60.9,56,0.933
2025-04-09 16:00,60.58,60.3,60.8,59,0.983
2025-04-09 17:00,60.42,60.3,60.7,60,1.0
2025-04-09 18:00,60.44,60.3,60.7,60,1.0
2025-04-09 19:00,60.46,60.2,60.8,60,1.0
2025-04-09 20:00,60.38,60.2,60.7,60,1.0
2025-04-09 21:00,60.43,60.2,60.7,60,1.0
2025-04-09 22:00,60.38,60.2,60.6,59,0.983
2025-04-09 23:00,60.3,60.2,60.5,60,1.0
2025-04-10 00:00,60.3,60.1,60.6,60,1.0
2025-04-10 01:00,60.29,60.2,60.5,60,1.0
2025-04-10 02:00,60.29,60.2,60.6,58,0.967
2025-04-10 03:00,60.3,60.1,60.6,60,1.0
2025-04-10 04:00,60.25,60.1,60.6,58,0.967
2025-04-10 05:00,60.3,60.1,60.6,57,0.95
2025-04-10 06:00,60.42,60.1,60.6,59,0.983
2025-04-10 07:00,60.35,60.1,60.5,59,0.983
2025-04-10 08:00,60.36,60.1,60.7,55,0.917
2025-04-10 09:00,60.18,60.0,60.5,42,0.7
2025-04-10 10:00,60.09,59.9,60.3,28,0.467
2025-04-10 11:00,60.08,59.9,60.3,42,0.7
2025-04-10 12:00,60.08,59.9,60.4,48,0.8
2025-04-10 13:00,60.02,59.8,60.3,45,0.75
2025-04-10 14:00,60.14,59.8,60.3,58,0.967
2025-04-10 15:00,60.16,59.9,60.4,60,1.0
2025-04-10 16:00,60.04,59.8,60.3,58,0.967
2025-04-10 17:00,59.98,59.8,60.2,60,1.0
2025-04-10 18:00,59.86,59.7,60.1,60,1.0
2025-04-10 19:00,59.86,59.7,60.1,60,1.0
2025-04-10 20:00,59.79,59.7,60.0,60,1.0
2025-04-10 21:00,59.81,59.7,60.0,60,1.0
2025-04-10 22:00,59.8,59.7,60.1,50,0.833
2025-04-10 23:00,59.78,59.7,60.0,52,0.867
2025-04-11 00:00,59.76,59.6,60.0,58,0.967
2025-04-11 01:00,59.78,59.6,60.2,54,0.9
2025-04-11 02:00,59.76,59.6,60.1,60,1.0
2025-04-11 03:00,59.77,59.6,60.1,49,0.817
2025-04-11 04:00,59.72,59.6,60.0,47,0.783
2025-04-11 05:00,59.71,59.5,60.0,50,0.833
2025-04-11 06:00,59.69,59.5,60.0,60,1.0
2025-04-11 07:00,59.77,59.5,60.1,60,1.0
2025-04-11 08:00,59.57,59.5,59.8,58,0.967
2025-04-11 09:00,59.66,59.4,59.9,51,0.85
2025-04-11 10:00,59.56,59.3,59.9,52,0.867
2025-04-11 11:00,59.42,59.3,59.6,54,0.9
2025-04-11 12:00,59.39,59.3,59.7,51,0.85
2025-04-11 13:00,59.35,59.2,59.6,50,0.833
2025-04-11 14:00,59.44,59.2,59.8,60,1.0
2025-04-11 15:00,59.38,59.2,59.6,57,0.95
2025-04-11 16:00,59.51,59.3,59.7,57,0.95
2025-04-11 17:00,59.48,59.2,59.7,60,1.0
2025-04-11 18:00,59.45,59.2,59.6,59,0.983
2025-04-11 19:00,59.35,59.1,59.6,60,1.0
2025-04-11 20:00,59.28,59.1,59.6,58,0.967
2025-04-11 21:00,59.22,59.1,59.6,60,1.0
2025-04-11 22:00,59.2,59.1,59.5,60,1.0
2025-04-11 23:00,59.16,59.0,59.4,60,1.0
2025-04-12 00:00,59.14,59.0,59.4,60,1.0
2025-04-12 01:00,59.15,59.0,59.3,59,0.983
2025-04-12 02:00,59.12,59.0,59.3,60,1.0
2025-04-12 03:00,59.13,59.0,59.3,59,0.983
2025-04-12 04:00,59.13,59.0,59.4,60,1.0
2025-04-12 05:00,59.13,59.0,59.4,60,1.0
2025-04-12 06:00,59.13,59.0,59.5,60,1.0
2025-04-12 07:00,59.18,58.9,59.5,60,1.0
2025-04-12 08:00,59.0,58.8,59.2,48,0.8
2025-04-12 09:00,58.92,58.8,59.2,55,0.917
2025-04-12 10:00,58.91,58.8,59.1,43,0.717
2025-04-12 11:00,59.06,58.8,59.2,54,0.9
2025-04-12 12:00,59.0,58.7,59.2,50,0.833
2025-04-12 13:00,58.86,58.6,59.1,55,0.917
2025-04-12 14:00,58.8,58.6,59.2,55,0.917
2025-04-12 15:00,58.8,58.6,59.2,59,0.983
2025-04-12 16:00,58.7,58.6,59.0,60,1.0
2025-04-12 17:00,58.85,58.6,59.1,60,1.0
2025-04-12 18:00,58.87,58.6,59.0,60,1.0
2025-04-12 19:00,58.88,58.7,59.0,60,1.0
2025-04-12 20:00,58.79,58.6,59.0,58,0.967
2025-04-12 21:00,58.7,58.5,58.9,60,1.0
2025-04-12 22:00,58.68,58.5,59.0,60,1.0
2025-04-12 23:00,58.66,58.5,59.0,60,1.0
2025-04-13 00:00,58.58,58.4,58.8,60,1.0
2025-04-13 01:00,58.54,58.4,58.8,60,1.0
2025-04-13 02:00,58.51,58.4,58.7,60,1.0
2025-04-13 03:00,58.53,58.4,58.8,59,0.983
2025-04-13 04:00,58.53,58.4,58.8,59,0.983
2025-04-13 05:00,58.49,58.3,58.8,60,1.0
2025-04-13 06:00,58.46,58.4,58.7,59,0.983
2025-04-13 07:00,58.52,58.4,58.8,59,0.983
2025-04-13 08:00,58.62,58.4,58.8,60,1.0
2025-04-13 09:00,58.48,58.3,58.8,59,0.983
2025-04-13 10:00,58.55,58.3,58.7,57,0.95
2025-04-13 11:00,58.53,58.3,58.9,54,0.9
2025-04-13 12:00,58.39,58.1,58.6,58,0.967
2025-04-13 13:00,58.26,58.0,58.7,55,0.917
2025-04-13 14:00,58.13,58.0,58.4,52,0.867
2025-04-13 15:00,58.2,58.0,58.5,60,1.0
2025-04-13 16:00,58.14,58.0,58.4,57,0.95
2025-04-13 17:00,58.09,58.0,58.3,60,1.0
2025-04-13 18:00,58.23,58.0,58.4,58,0.967
2025-04-13 19:00,58.25,58.0,58.5,60,1.0
2025-04-13 20:00,58.2,57.9,58.4,60,1.0
2025-04-13 21:00,58.08,57.8,58.4,60,1.0
2025-04-13 22:00,58.02,57.8,58.2,60,1.0
2025-04-13 23:00,58.02,57.8,58.3,60,1.0
2025-04-14 00:00,58.01,57.8,58.3,60,1.0
2025-04-14 01:00,57.93,57.8,58.2,60,1.0
2025-04-14 02:00,57.91,57.7,58.2,60,1.0
2025-04-14 03:00,57.94,57.7,58.2,60,1.0
2025-04-14 04:00,57.94,57.7,58.2,60,1.0
2025-04-14 05:00,57.98,57.7,58.2,60,1.0
2025-04-14 06:00,57.98,57.7,58.1,60,1.0
2025-04-14 07:00,57.81,57.7,58.1,60,1.0
2025-04-14 08:00,57.91,57.7,58.2,60,1.0
2025-04-14 09:00,57.81,57.6,58.0,60,1.0
2025-04-14 10:00,57.91,57.6,58.1,60,1.0
2025-04-14 11:00,57.87,57.6,58.0,59,0.983
2025-04-14 12:00,57.81,57.5,58.0,60,1.0
2025-04-14 13:00,57.77,57.6,58.0,50,0.833
2025-04-14 14:00,57.73,57.4,58.0,55,0.917
2025-04-14 15:00,57.58,57.4,57.8,54,0.9
2025-04-14 16:00,57.62,57.5,57.8,52,0.867
2025-04-14 17:00,57.62,57.5,57.9,53,0.883
2025-04-14 18:00,57.6,57.4,58.0,58,0.967
2025-04-14 19:00,57.66,57.4,58.0,59,0.983
2025-04-14 20:00,57.79,57.6,58.1,52,0.867
2025-04-14 21:00,57.82,57.6,58.2,41,0.683
2025-04-14 22:00,58.05,57.7,58.3,50,0.833
2025-04-14 23:00,58.1,57.8,58.5,60,1.0
2025-04-15 00:00,58.12,57.9,58.3,59,0.983
2025-04-15 01:00,58.12,57.8,58.3,38,0.633
2025-04-15 02:00,58.25,58.0,58.4,32,0.533
2025-04-15 03:00,58.01,57.4,58.3,18,0.3
2025-04-15 04:00,57.52,57.0,58.0,36,0.6
2025-04-15 05:00,57.66,56.9,58.3,50,0.833
2025-04-15 06:00,57.84,57.4,58.3,33,0.55
2025-04-15 07:00,58.44,58.1,58.8,43,0.717
2025-04-15 08:00,59.04,58.6,59.5,47,0.783
2025-04-15 09:00,59.59,59.2,60.0,41,0.683
2025-04-15 10:00,60.18,60.0,60.5,11,0.183
2025-04-15 11:00,60.28,60.0,60.7,27,0.45
2025-04-15 12:00,60.49,60.2,60.8,21,0.35
2025-04-15 13:00,60.44,60.3,60.7,14,0.233
2025-04-15 14:00,60.56,60.3,60.9,45,0.75
2025-04-15 15:00,60.54,60.3,60.8,45,0.75
2025-04-15 16:00,60.59,60.3,60.9,39,0.65
2025-04-15 17:00,60.55,60.3,60.8,44,0.733
2025-04-15 18:00,60.62,60.3,60.8,41,0.683
2025-04-15 19:00,60.46,60.3,60.7,39,0.65
2025-04-15 20:00,60.5,60.3,60.7,25,0.417
2025-04-15 21:00,60.58,60.4,60.7,26,0.433
2025-04-15 22:00,60.51,60.2,60.7,30,0.5
2025-04-15 23:00,60.44,60.2,60.6,29,0.483
2025-04-16 00:00,60.37,60.2,60.6,26,0.433
2025-04-16 01:00,60.42,60.2,60.7,45,0.75
2025-04-16 02:00,60.41,60.1,60.6,42,0.7
2025-04-16 03:00,60.34,60.1,60.6,50,0.833
2025-04-16 04:00,60.31,60.1,60.6,48,0.8
2025-04-16 05:00,60.26,60.0,60.5,50,0.833
2025-04-16 06:00,60.18,60.0,60.5,43,0.717
2025-04-16 07:00,60.18,60.0,60.5,8,0.133
2025-04-16 09:00,60.0,60.0,60.0,1,0.017
2025-04-16 10:00,59.99,59.7,60.2,32,0.533
2025-04-16 11:00,59.94,59.7,60.1,45,0.75
2025-04-16 12:00,59.82,59.6,60.0,59,0.983
2025-04-16 13:00,59.79,59.5,60.1,49,0.817
2025-04-16 14:00,59.65,59.4,59.9,52,0.867
2025-04-16 15:00,59.49,59.4,59.8,55,0.917
2025-04-16 16:00,59.5,59.3,59.8,49,0.817
2025-04-16 17:00,59.44,59.3,59.7,57,0.95
2025-04-16 18:00,59.4,59.3,59.6,49,0.817
2025-04-16 19:00,59.45,59.2,59.8,59,0.983
2025-04-16 20:00,59.56,59.4,59.8,46,0.767
2025-04-16 21:00,59.58,59.3,59.8,41,0.683
2025-04-16 22:00,59.38,59.2,59.7,42,0.7
2025-04-16 23:00,59.31,59.1,59.5,53,0.883
2025-04-17 00:00,59.32,59.1,59.6,55,0.917
2025-04-17 01:00,59.39,59.2,59.7,55,0.917
2025-04-17 02:00,59.32,59.1,59.6,54,0.9
2025-04-17 03:00,59.32,59.0,59.6,57,0.95
2025-04-17 04:00,59.24,59.0,59.5,46,0.767
2025-04-17 05:00,59.23,59.0,59.5,51,0.85
2025-04-17 06:00,59.31,59.1,59.7,50,0.833
2025-04-17 07:00,59.24,59.1,59.6,38,0.633
2025-04-17 08:00,59.21,59.0,59.6,43,0.717
2025-04-17 09:00,59.14,58.9,59.5,42,0.7
2025-04-17 10:00,59.05,58.9,59.4,32,0.533
2025-04-17 11:00,58.99,58.7,59.2,36,0.6
2025-04-17 12:00,59.32,59.1,59.5,16,0.267
2025-04-17 13:00,59.22,58.9,59.4,20,0.333
2025-04-17 14:00,59.36,59.2,59.5,27,0.45
2025-04-17 15:00,59.46,59.1,59.6,20,0.333
2025-04-17 16:00,59.61,59.3,59.9,40,0.667
2025-04-17 17:00,59.65,59.4,60.0,41,0.683
2025-04-17 18:00,59.61,59.4,59.9,30,0.5
2025-04-17 19:00,59.7,59.5,59.9,42,0.7
2025-04-17 20:00,59.78,59.6,60.1,32,0.533
2025-04-17 21:00,59.9,59.8,60.0,12,0.2
2025-04-17 23:00,59.87,59.7,60.0,13,0.217
2025-04-18 00:00,59.84,59.6,60.1,33,0.55
2025-04-18 01:00,59.85,59.7,60.2,38,0.633
2025-04-18 02:00,59.92,59.6,60.2,37,0.617
2025-04-18 03:00,59.92,59.7,60.2,45,0.75
2025-04-18 04:00,59.86,59.6,60.1,40,0.667
2025-04-18 05:00,59.97,59.7,60.1,48,0.8
2025-04-18 06:00,59.89,59.5,60.2,54,0.9
2025-04-18 07:00,59.82,59.6,60.1,43,0.717
2025-04-18 08:00,59.88,59.6,60.1,13,0.217
2025-04-18 09:00,59.76,59.5,60.0,21,0.35
2025-04-18 10:00,59.52,59.4,59.9,32,0.533
2025-04-18 11:00,59.47,59.3,59.8,43,0.717
2025-04-18 12:00,59.41,59.2,59.6,40,0.667
2025-04-18 13:00,59.42,59.2,59.7,38,0.633
2025-04-18 14:00,59.42,59.2,59.7,36,0.6
2025-04-18 15:00,59.45,59.2,59.7,53,0.883
2025-04-18 16:00,59.35,59.2,59.6,12,0.2
2025-04-18 17:00,59.31,59.1,59.6,59,0.983
2025-04-18 18:00,59.23,59.0,59.6,57,0.95
2025-04-18 19:00,59.21,59.0,59.5,50,0.833
2025-04-18 20:00,59.24,59.0,59.5,45,0.75
2025-04-18 21:00,59.2,59.0,59.6,54,0.9
2025-04-18 22:00,59.21,59.0,59.5,58,0.967
2025-04-18 23:00,59.21,59.0,59.5,55,0.917
2025-04-19 00:00,59.18,58.9,59.4,57,0.95
2025-04-19 01:00,59.2,58.9,59.4,58,0.967
2025-04-19 02:00,59.18,58.9,59.5,60,1.0
2025-04-19 03:00,59.13,58.9,59.4,60,1.0
2025-04-19 04:00,59.11,58.9,59.3,59,0.983
2025-04-19 05:00,59.12,58.8,59.4,54,0.9
2025-04-19 06:00,59.12,58.8,59.5,57,0.95
2025-04-19 07:00,59.07,58.8,59.3,47,0.783
2025-04-19 08:00,58.81,58.6,59.1,36,0.6
2025-04-19 09:00,58.9,58.7,59.1,29,0.483
2025-04-19 10:00,58.74,58.5,59.0,33,0.55
2025-04-19 11:00,58.59,58.5,58.7,32,0.533
2025-04-19 12:00,58.6,58.4,58.8,21,0.35
2025-04-19 13:00,58.63,58.4,58.9,19,0.317
2025-04-19 14:00,58.63,58.5,58.9,24,0.4
2025-04-19 15:00,58.61,58.3,58.9,58,0.967
2025-04-19 16:00,58.58,58.4,58.8,60,1.0
2025-04-19 17:00,58.64,58.4,58.9,60,1.0
2025-04-19 18:00,58.59,58.4,58.8,58,0.967
2025-04-19 19:00,58.6,58.4,58.8,58,0.967
2025-04-19 20:00,58.57,58.4,58.8,60,1.0
2025-04-19 21:00,58.56,58.3,58.9,59,0.983
2025-04-19 22:00,58.51,58.2,58.7,57,0.95
2025-04-19 23:00,58.49,58.2,58.7,52,0.867
2025-04-20 00:00,58.48,58.2,58.8,48,0.8
2025-04-20 01:00,58.46,58.1,58.7,60,1.0
2025-04-20 02:00,58.42,58.2,58.6,60,1.0
2025-04-20 03:00,58.44,58.1,58.7,59,0.983
2025-04-20 04:00,58.4,58.2,58.7,57,0.95
2025-04-20 05:00,58.39,58.1,58.6,58,0.967
2025-04-20 06:00,58.35,58.1,58.6,59,0.983
2025-04-20 07:00,58.32,58.0,58.5,38,0.633
2025-04-22 09:00,56.52,56.4,56.6,16,0.267
2025-04-22 10:00,56.49,56.3,56.6,15,0.25
2025-04-22 11:00,56.39,56.1,56.5,13,0.217
2025-04-22 12:00,56.34,56.1,56.5,20,0.333
2025-04-22 13:00,56.31,56.1,56.4,15,0.25
2025-04-22 14:00,56.08,55.9,56.3,16,0.267
2025-04-22 15:00,56.06,55.9,56.3,21,0.35
2025-04-22 16:00,56.03,55.9,56.3,35,0.583
2025-04-22 17:00,56.07,55.9,56.3,55,0.917
2025-04-22 18:00,56.13,55.9,56.3,48,0.8
2025-04-22 19:00,56.15,55.8,56.3,59,0.983
2025-04-22 20:00,56.1,55.8,56.3,47,0.783
2025-04-22 21:00,56.12,55.9,56.5,50,0.833
2025-04-22 22:00,56.12,56.0,56.3,52,0.867
2025-04-22 23:00,56.07,55.9,56.3,49,0.817
2025-04-23 00:00,56.06,55.7,56.3,54,0.9
2025-04-23 01:00,55.95,55.7,56.1,58,0.967
2025-04-23 02:00,55.89,55.7,56.2,58,0.967
2025-04-23 03:00,55.84,55.7,56.1,56,0.933
2025-04-23 04:00,55.77,55.6,56.0,51,0.85
2025-04-23 05:00,55.75,55.6,56.0,51,0.85
2025-04-23 06:00,55.81,55.6,56.1,46,0.767
2025-04-23 07:00,55.91,55.6,56.1,23,0.383
2025-04-23 08:00,55.82,55.6,56.0,16,0.267
2025-04-23 09:00,55.66,55.6,55.8,8,0.133
2025-04-23 10:00,55.72,55.5,55.9,34,0.567
2025-04-23 11:00,55.66,55.4,55.8,25,0.417
2025-04-23 12:00,55.57,55.5,55.8,10,0.167
2025-04-23 13:00,55.48,55.2,55.7,28,0.467
2025-04-23 14:00,55.35,55.2,55.6,20,0.333
2025-04-23 15:00,55.29,55.1,55.5,40,0.667
2025-04-23 16:00,55.22,55.1,55.4,57,0.95
2025-04-23 17:00,55.24,55.1,55.6,59,0.983
2025-04-23 18:00,55.26,55.1,55.5,56,0.933
2025-04-23 19:00,55.32,55.1,55.7,58,0.967
2025-04-23 20:00,55.35,55.1,55.6,56,0.933
2025-04-23 21:00,55.23,55.1,55.5,47,0.783
2025-04-23 22:00,55.37,55.1,55.6,40,0.667
2025-04-23 23:00,55.44,55.3,55.6,37,0.617
2025-04-24 00:00,55.39,55.2,55.5,44,0.733
2025-04-24 01:00,55.35,55.1,55.5,52,0.867
2025-04-24 02:00,55.31,55.0,55.6,47,0.783
2025-04-24 03:00,55.33,55.1,55.6,37,0.617
2025-04-24 04:00,55.18,55.0,55.4,41,0.683
2025-04-24 05:00,55.31,55.1,55.6,43,0.717
2025-04-24 06:00,55.26,55.0,55.5,15,0.25
2025-04-24 07:00,55.25,55.1,55.4,11,0.183
2025-04-24 08:00,55.14,55.0,55.2,8,0.133
2025-04-24 09:00,55.19,55.1,55.3,19,0.317
2025-04-24 10:00,55.08,54.8,55.3,14,0.233
2025-04-24 11:00,54.92,54.6,55.4,34,0.567
2025-04-24 12:00,54.35,54.1,54.7,46,0.767
2025-04-24 13:00,54.34,54.1,54.8,21,0.35
2025-04-24 14:00,54.28,54.0,54.7,16,0.267
2025-04-24 15:00,55.79,55.4,56.3,26,0.433
2025-04-24 16:00,57.04,56.1,57.8,56,0.933
2025-04-24 17:00,58.34,57.5,59.1,40,0.667
2025-04-24 18:00,59.24,58.8,59.8,31,0.517
2025-04-24 19:00,59.84,59.5,60.1,17,0.283
2025-04-24 20:00,60.17,60.0,60.4,7,0.117
2025-04-24 21:00,60.43,60.3,60.7,6,0.1
2025-04-24 22:00,60.3,60.3,60.3,1,0.017
2025-04-25 07:00,60.4,60.4,60.4,3,0.05
2025-04-25 08:00,60.39,60.1,60.6,33,0.55
2025-04-25 09:00,60.28,60.1,60.5,25,0.417
2025-04-25 10:00,60.01,59.8,60.2,23,0.383
2025-04-25 11:00,59.93,59.8,60.2,26,0.433
2025-04-25 12:00,59.81,59.7,60.0,37,0.617
2025-04-25 13:00,59.73,59.5,60.0,41,0.683
2025-04-25 14:00,59.63,59.5,59.8,43,0.717
2025-04-25 15:00,59.59,59.4,59.8,51,0.85
2025-04-25 16:00,59.51,59.3,59.8,44,0.733
2025-04-25 17:00,59.49,59.3,59.8,60,1.0
2025-04-25 18:00,59.46,59.3,59.7,60,1.0
2025-04-25 19:00,59.42,59.2,59.7,58,0.967
2025-04-25 20:00,59.37,59.2,59.7,59,0.983
2025-04-25 21:00,59.32,59.2,59.5,55,0.917
2025-04-25 22:00,59.32,59.1,59.7,57,0.95
2025-04-25 23:00,59.33,59.1,59.7,54,0.9
2025-04-26 00:00,59.35,59.1,59.6,54,0.9
2025-04-26 01:00,59.26,59.1,59.5,56,0.933
2025-04-26 02:00,59.32,59.0,59.6,32,0.533
2025-04-26 08:00,59.37,59.3,59.4,3,0.05
2025-04-26 09:00,59.26,59.2,59.5,7,0.117
2025-04-26 10:00,59.26,59.1,59.4,14,0.233
2025-04-26 11:00,59.35,59.1,59.5,14,0.233
2025-04-26 12:00,59.31,59.1,59.5,14,0.233
2025-04-26 13:00,59.2,59.0,59.4,16,0.267
2025-04-26 14:00,59.16,59.1,59.3,9,0.15
2025-04-26 15:00,59.06,59.0,59.3,11,0.183
2025-04-26 16:00,59.17,59.1,59.2,3,0.05
2025-04-26 17:00,59.03,58.9,59.2,9,0.15
2025-04-26 18:00,59.08,58.9,59.2,14,0.233
2025-04-26 19:00,59.09,58.9,59.3,24,0.4
2025-04-26 20:00,59.05,58.8,59.3,29,0.483
2025-04-26 21:00,58.93,58.8,59.0,20,0.333
2025-04-26 22:00,58.99,58.8,59.3,34,0.567
2025-04-26 23:00,58.92,58.8,59.2,29,0.483
2025-04-27 00:00,58.95,58.8,59.2,17,0.283
2025-04-27 01:00,59.05,58.8,59.3,31,0.517
2025-04-27 02:00,58.99,58.8,59.3,23,0.383
2025-04-27 03:00,59.0,58.8,59.2,13,0.217
2025-04-27 04:00,59.02,58.7,59.1,20,0.333
2025-04-27 05:00,58.99,58.8,59.2,27,0.45
2025-04-27 06:00,58.97,58.8,59.1,29,0.483
2025-04-27 07:00,58.9,58.8,59.1,51,0.85
2025-04-27 08:00,58.75,58.5,59.0,54,0.9
2025-04-27 09:00,58.63,58.4,58.9,46,0.767
2025-04-27 10:00,58.54,58.2,58.7,40,0.667
2025-04-27 11:00,58.42,58.3,58.6,38,0.633
2025-04-27 12:00,58.31,58.1,58.5,41,0.683
2025-04-27 13:00,58.23,58.0,58.5,36,0.6
2025-04-27 14:00,58.11,58.0,58.3,41,0.683
2025-04-27 15:00,58.07,57.9,58.3,51,0.85
2025-04-27 16:00,57.99,57.7,58.2,50,0.833
2025-04-27 17:00,57.97,57.7,58.2,57,0.95
2025-04-27 18:00,57.92,57.6,58.1,60,1.0
2025-04-27 19:00,57.92,57.8,58.2,58,0.967
2025-04-27 20:00,57.87,57.6,58.0,59,0.983
2025-04-27 21:00,57.83,57.6,58.0,55,0.917
2025-04-27 22:00,57.78,57.5,58.0,58,0.967
2025-04-27 23:00,57.69,57.4,57.9,58,0.967
2025-04-28 00:00,57.58,57.4,57.9,60,1.0
2025-04-28 01:00,57.56,57.4,57.8,58,0.967
2025-04-28 02:00,57.59,57.4,58.1,59,0.983
2025-04-28 03:00,57.58,57.3,57.9,53,0.883
2025-04-28 04:00,57.62,57.4,57.9,57,0.95
2025-04-28 05:00,57.6,57.4,57.9,59,0.983
2025-04-28 06:00,57.56,57.3,57.8,55,0.917
2025-04-28 07:00,57.43,57.2,57.7,34,0.567
2025-04-28 08:00,57.41,57.2,57.7,30,0.5
2025-04-28 09:00,57.29,57.0,57.5,47,0.783
2025-04-28 10:00,57.07,56.9,57.4,50,0.833
2025-04-28 11:00,56.93,56.8,57.3,53,0.883
2025-04-28 12:00,56.83,56.7,57.2,36,0.6
2025-04-28 13:00,56.84,56.6,57.0,34,0.567
2025-04-28 14:00,56.8,56.6,56.9,39,0.65
2025-04-28 15:00,56.56,56.4,56.8,42,0.7
2025-04-28 16:00,56.52,56.3,56.8,59,0.983
2025-04-28 17:00,56.49,56.3,56.7,57,0.95
2025-04-28 18:00,56.48,56.2,56.7,57,0.95
2025-04-28 19:00,56.34,56.2,56.7,58,0.967
2025-04-28 20:00,56.34,56.2,56.6,58,0.967
2025-04-28 21:00,56.34,56.2,56.7,57,0.95
2025-04-28 22:00,56.31,56.1,56.7,58,0.967
2025-04-28 23:00,56.37,56.1,56.6,59,0.983
2025-04-29 00:00,56.42,56.3,56.6,59,0.983
2025-04-29 01:00,56.38,56.1,56.5,59,0.983
2025-04-29 02:00,56.37,56.1,56.5,58,0.967
2025-04-29 03:00,56.32,56.1,56.5,57,0.95
2025-04-29 04:00,56.25,56.0,56.5,54,0.9
2025-04-29 05:00,56.16,55.9,56.5,56,0.933
2025-04-29 06:00,56.2,55.9,56.5,54,0.9
2025-04-29 07:00,56.14,55.9,56.4,56,0.933
2025-04-29 08:00,56.11,55.9,56.3,32,0.533
2025-04-29 09:00,55.93,55.8,56.1,31,0.517
2025-04-29 10:00,55.8,55.5,56.0,25,0.417
2025-04-29 11:00,55.7,55.4,55.9,22,0.367
2025-04-29 12:00,55.59,55.4,55.7,31,0.517
2025-04-29 13:00,55.41,55.2,55.6,28,0.467
2025-04-29 14:00,55.29,55.1,55.5,40,0.667
2025-04-29 15:00,55.22,55.0,55.5,58,0.967
2025-04-29 16:00,55.29,55.1,55.5,57,0.95
2025-04-29 17:00,55.17,54.9,55.5,55,0.917
2025-04-29 18:00,55.04,54.9,55.2,54,0.9
2025-04-29 19:00,55.03,54.9,55.3,60,1.0
2025-04-29 20:00,55.0,54.9,55.3,54,0.9
2025-04-29 21:00,54.96,54.8,55.1,58,0.967
2025-04-29 22:00,54.94,54.8,55.2,56,0.933
2025-04-29 23:00,54.92,54.8,55.1,47,0.783
2025-04-30 00:00,54.91,54.8,55.1,49,0.817
2025-04-30 01:00,54.9,54.8,55.1,59,0.983
2025-04-30 02:00,54.88,54.7,55.2,60,1.0
2025-04-30 03:00,54.88,54.7,55.2,60,1.0
2025-04-30 04:00,54.95,54.8,55.2,59,0.983
2025-04-30 05:00,55.01,54.8,55.2,59,0.983
2025-04-30 06:00,54.91,54.7,55.2,60,1.0
2025-04-30 07:00,54.84,54.6,55.1,58,0.967
2025-04-30 08:00,54.76,54.5,54.9,37,0.617
2025-04-30 09:00,54.66,54.5,54.9,32,0.533
2025-04-30 10:00,54.53,54.3,54.7,34,0.567
2025-04-30 11:00,54.42,54.2,54.6,49,0.817
2025-04-30 12:00,54.33,54.2,54.5,36,0.6
2025-04-30 13:00,54.23,54.0,54.5,26,0.433
2025-04-30 14:00,54.04,53.8,54.3,47,0.783
2025-04-30 15:00,53.96,53.8,54.3,60,1.0
2025-04-30 16:00,54.06,53.8,54.4,60,1.0
2025-04-30 17:00,54.01,53.7,54.2,59,0.983
2025-04-30 18:00,53.97,53.7,54.2,59,0.983
2025-04-30 19:00,53.93,53.7,54.2,59,0.983
2025-04-30 20:00,53.87,53.7,54.1,60,1.0
2025-04-30 21:00,53.85,53.7,54.1,60,1.0
2025-04-30 22:00,53.79,53.6,54.0,58,0.967
2025-04-30 23:00,53.83,53.6,54.1,47,0.783
2025-05-01 00:00,53.86,53.6,54.0,57,0.95
2025-05-01 01:00,53.85,53.6,54.1,59,0.983
2025-05-01 02:00,53.87,53.6,54.1,60,1.0
2025-05-01 03:00,53.83,53.6,54.0,52,0.867
2025-05-01 04:00,53.81,53.6,53.9,51,0.85
2025-05-01 05:00,53.72,53.5,54.0,51,0.85
2025-05-01 06:00,53.65,53.5,53.9,53,0.883
2025-05-01 07:00,53.65,53.5,53.9,53,0.883
2025-05-01 08:00,53.62,53.3,53.8,24,0.4
2025-05-01 09:00,53.49,53.4,53.6,14,0.233
2025-05-01 10:00,53.35,53.2,53.5,11,0.183
2025-05-01 11:00,53.14,52.9,53.3,29,0.483
2025-05-01 12:00,53.11,52.9,53.3,27,0.45
2025-05-01 13:00,53.03,52.8,53.1,16,0.267
2025-05-01 14:00,52.87,52.7,53.1,38,0.633
2025-05-01 15:00,52.84,52.7,53.1,38,0.633
2025-05-01 16:00,52.9,52.7,53.0,43,0.717
2025-05-01 17:00,52.89,52.7,53.0,43,0.717
2025-05-01 18:00,52.87,52.7,53.1,43,0.717
2025-05-01 19:00,52.86,52.7,53.0,57,0.95
2025-05-01 20:00,52.8,52.6,53.1,55,0.917
2025-05-01 21:00,52.77,52.5,53.0,59,0.983
2025-05-01 22:00,52.83,52.6,53.1,56,0.933
2025-05-01 23:00,52.74,52.5,53.0,59,0.983
2025-05-02 00:00,52.82,52.6,53.1,56,0.933
2025-05-02 01:00,52.82,52.6,53.1,57,0.95
2025-05-02 02:00,52.8,52.5,53.0,60,1.0
2025-05-02 03:00,52.72,52.5,52.9,58,0.967
2025-05-02 04:00,52.68,52.5,52.9,56,0.933
2025-05-02 05:00,52.64,52.4,52.9,59,0.983
2025-05-02 06:00,52.66,52.5,53.0,57,0.95
2025-05-02 07:00,52.69,52.5,52.9,49,0.817
2025-05-02 08:00,52.64,52.5,52.9,28,0.467
2025-05-02 09:00,52.54,52.4,52.6,14,0.233
2025-05-02 10:00,52.42,52.3,52.5,24,0.4
2025-05-02 11:00,52.28,52.1,52.4,34,0.567
2025-05-02 12:00,52.21,52.0,52.4,28,0.467
2025-05-02 13:00,52.13,52.0,52.3,29,0.483
2025-05-02 14:00,52.05,51.7,52.3,42,0.7
2025-05-02 15:00,52.0,51.8,52.2,54,0.9
2025-05-02 16:00,51.87,51.7,52.1,59,0.983
2025-05-02 17:00,51.91,51.7,52.2,60,1.0
2025-05-02 18:00,51.93,51.7,52.2,60,1.0
2025-05-02 19:00,51.83,51.7,52.1,58,0.967
2025-05-02 20:00,51.86,51.7,52.3,53,0.883
2025-05-02 21:00,51.99,51.8,52.1,39,0.65
2025-05-02 22:00,51.85,51.7,52.0,35,0.583
2025-05-02 23:00,51.96,51.8,52.1,43,0.717
2025-05-03 00:00,51.95,51.8,52.1,39,0.65
2025-05-03 01:00,51.96,51.8,52.2,41,0.683
2025-05-03 02:00,51.98,51.8,52.3,41,0.683
2025-05-03 03:00,51.92,51.7,52.1,40,0.667
2025-05-03 04:00,51.85,51.6,52.0,47,0.783
2025-05-03 05:00,51.8,51.6,52.0,32,0.533
2025-05-03 06:00,51.78,51.6,52.0,53,0.883
2025-05-03 07:00,51.89,51.7,52.2,49,0.817
2025-05-03 08:00,51.73,51.6,51.8,3,0.05
2025-05-03 09:00,51.83,51.7,51.9,3,0.05
2025-05-03 10:00,51.53,51.4,51.6,9,0.15
2025-05-03 11:00,51.42,51.3,51.5,9,0.15
2025-05-03 12:00,51.38,51.3,51.5,12,0.2
2025-05-03 13:00,51.28,51.1,51.4,16,0.267
2025-05-03 14:00,51.16,50.9,51.4,19,0.317
2025-05-03 15:00,51.1,51.0,51.3,25,0.417
2025-05-03 16:00,51.05,50.8,51.2,48,0.8
2025-05-03 17:00,51.02,50.8,51.3,29,0.483
2025-05-03 18:00,50.96,50.8,51.2,21,0.35
2025-05-03 19:00,51.04,50.9,51.1,5,0.083
2025-05-03 20:00,51.03,51.0,51.1,6,0.1
2025-05-03 21:00,51.02,50.9,51.1,13,0.217
2025-05-03 22:00,51.01,50.8,51.2,16,0.267
2025-05-03 23:00,50.93,50.7,51.2,16,0.267
2025-05-04 00:00,50.87,50.7,51.1,15,0.25
2025-05-04 01:00,50.81,50.7,51.0,26,0.433
2025-05-04 02:00,50.81,50.7,51.0,37,0.617
2025-05-04 03:00,50.81,50.7,51.0,30,0.5
2025-05-04 04:00,50.76,50.6,50.9,32,0.533
2025-05-04 05:00,50.75,50.6,51.0,37,0.617
2025-05-04 06:00,50.79,50.6,51.0,31,0.517
2025-05-04 07:00,50.9,50.8,51.1,25,0.417
2025-05-04 08:00,50.77,50.7,50.9,11,0.183
2025-05-04 09:00,50.63,50.5,50.8,15,0.25
2025-05-04 10:00,50.59,50.5,50.7,7,0.117
2025-05-04 11:00,50.5,50.4,50.6,8,0.133
2025-05-04 12:00,50.38,50.1,50.5,4,0.067
2025-05-04 13:00,50.12,50.0,50.2,6,0.1
2025-05-04 14:00,50.1,50.0,50.2,6,0.1
2025-05-04 15:00,49.9,49.9,49.9,1,0.017
2025-05-04 17:00,49.9,49.9,49.9,2,0.033
2025-05-04 18:00,49.86,49.6,50.1,34,0.567
2025-05-04 19:00,49.9,49.6,50.1,44,0.733
2025-05-04 20:00,49.91,49.8,50.0,29,0.483
2025-05-04 21:00,49.86,49.7,50.0,29,0.483
2025-05-04 22:00,49.85,49.6,50.1,31,0.517
2025-05-04 23:00,49.74,49.6,50.0,45,0.75
2025-05-05 00:00,49.7,49.6,50.0,45,0.75
2025-05-05 01:00,49.7,49.6,49.9,16,0.267
2025-05-05 02:00,49.69,49.6,50.0,30,0.5
2025-05-05 03:00,49.69,49.6,49.9,35,0.583
2025-05-05 04:00,49.67,49.6,49.9,50,0.833
2025-05-05 05:00,49.68,49.6,49.9,20,0.333
2025-05-05 06:00,49.68,49.6,49.7,4,0.067
2025-05-05 07:00,49.79,49.7,49.9,7,0.117
2025-05-05 08:00,49.77,49.7,49.9,6,0.1
2025-05-05 09:00,49.64,49.5,49.8,9,0.15
2025-05-05 10:00,49.55,49.5,49.6,4,0.067
2025-05-05 11:00,49.43,49.3,49.5,10,0.167
2025-05-05 12:00,49.37,49.2,49.6,59,0.983
2025-05-05 13:00,49.38,49.2,49.6,60,1.0
2025-05-05 14:00,49.36,49.1,49.5,52,0.867
2025-05-05 15:00,49.26,49.1,49.5,34,0.567
2025-05-05 16:00,49.26,49.1,49.6,22,0.367
2025-05-05 17:00,49.33,49.1,49.5,33,0.55
2025-05-05 18:00,49.32,49.3,49.4,21,0.35
2025-05-05 19:00,49.23,49.1,49.4,10,0.167
2025-05-05 20:00,49.25,49.2,49.3,2,0.033
2025-05-05 21:00,49.29,49.2,49.4,12,0.2
2025-05-05 22:00,49.28,49.2,49.4,13,0.217
2025-05-05 23:00,49.28,49.2,49.4,4,0.067
2025-05-06 00:00,49.24,49.0,49.3,28,0.467
2025-05-06 01:00,49.25,49.1,49.4,24,0.4
2025-05-06 02:00,49.19,49.0,49.4,31,0.517
2025-05-06 03:00,49.14,49.0,49.3,36,0.6
2025-05-06 04:00,49.07,49.0,49.3,23,0.383
2025-05-06 05:00,49.09,49.0,49.3,23,0.383
2025-05-06 06:00,49.1,49.0,49.2,13,0.217
2025-05-06 07:00,49.2,49.2,49.2,3,0.05
2025-05-06 08:00,49.16,49.1,49.2,7,0.117
2025-05-06 09:00,49.02,48.8,49.2,22,0.367
2025-05-06 10:00,48.86,48.7,49.1,17,0.283
2025-05-06 11:00,48.73,48.6,49.0,15,0.25
2025-05-06 12:00,48.7,48.5,48.8,11,0.183
2025-05-06 13:00,48.59,48.3,48.7,7,0.117
2025-05-06 14:00,48.55,48.5,48.6,2,0.033
2025-05-06 15:00,48.5,48.3,48.6,7,0.117
2025-05-06 16:00,48.7,48.7,48.7,1,0.017
2025-05-06 20:00,48.25,48.2,48.3,2,0.033
2025-05-06 22:00,48.4,48.4,48.4,1,0.017
2025-05-07 00:00,48.38,48.2,48.5,9,0.15
2025-05-07 01:00,48.31,48.2,48.6,7,0.117
2025-05-07 02:00,48.26,48.1,48.4,7,0.117
2025-05-07 03:00,48.2,48.1,48.4,18,0.3
2025-05-07 04:00,48.2,48.1,48.3,13,0.217
2025-05-07 05:00,48.22,48.1,48.4,11,0.183
2025-05-07 06:00,48.18,48.1,48.3,5,0.083
2025-05-07 07:00,48.3,48.2,48.4,5,0.083
2025-05-07 08:00,48.18,48.0,48.3,11,0.183
2025-05-07 09:00,48.14,48.1,48.2,14,0.233
2025-05-07 10:00,48.05,47.9,48.1,18,0.3
2025-05-07 11:00,47.84,47.7,48.1,18,0.3
2025-05-07 12:00,47.81,47.6,48.0,30,0.5
2025-05-07 13:00,47.72,47.4,47.9,28,0.467
2025-05-07 14:00,47.64,47.5,47.8,23,0.383
2025-05-07 15:00,47.59,47.5,47.7,22,0.367
2025-05-07 16:00,47.56,47.5,47.8,11,0.183
2025-05-07 17:00,47.47,47.4,47.5,13,0.217
2025-05-07 18:00,47.44,47.3,47.6,28,0.467
2025-05-07 19:00,47.42,47.2,47.7,12,0.2
2025-05-07 20:00,47.41,47.2,47.5,30,0.5
2025-05-07 21:00,47.39,47.1,47.6,52,0.867
2025-05-07 22:00,47.37,47.2,47.6,37,0.617
2025-05-07 23:00,47.39,47.3,47.5,38,0.633
2025-05-08 00:00,47.36,47.2,47.5,50,0.833
2025-05-08 01:00,47.34,47.2,47.6,53,0.883
2025-05-08 02:00,47.34,47.1,47.5,52,0.867
2025-05-08 03:00,47.29,47.1,47.5,58,0.967
2025-05-08 04:00,47.27,47.1,47.5,58,0.967
2025-05-08 05:00,47.18,47.0,47.4,56,0.933
2025-05-08 06:00,47.19,47.0,47.4,57,0.95
2025-05-08 07:00,47.25,47.1,47.6,53,0.883
2025-05-08 08:00,47.21,47.0,47.4,59,0.983
2025-05-08 09:00,47.19,47.1,47.4,60,1.0
2025-05-08 10:00,47.12,47.0,47.3,42,0.7
2025-05-08 11:00,46.99,46.9,47.1,29,0.483
2025-05-08 12:00,46.94,46.8,47.1,37,0.617
2025-05-08 13:00,46.73,46.6,46.9,25,0.417
2025-05-08 14:00,46.69,46.5,46.9,28,0.467
2025-05-08 15:00,46.61,46.4,46.8,37,0.617
2025-05-08 16:00,46.57,46.4,46.7,41,0.683
2025-05-08 17:00,46.61,46.5,46.7,30,0.5
2025-05-08 18:00,46.58,46.3,46.7,42,0.7
2025-05-08 19:00,46.57,46.5,46.7,46,0.767
2025-05-08 20:00,46.52,46.3,46.7,37,0.617
2025-05-08 21:00,46.44,46.3,46.6,52,0.867
2025-05-08 22:00,46.47,46.3,46.7,54,0.9
2025-05-08 23:00,46.47,46.3,46.7,47,0.783
2025-05-09 00:00,46.42,46.2,46.7,56,0.933
2025-05-09 01:00,46.4,46.2,46.6,54,0.9
2025-05-09 02:00,46.4,46.2,46.6,59,0.983
2025-05-09 03:00,46.34,46.2,46.6,59,0.983
2025-05-09 04:00,46.34,46.2,46.6,58,0.967
2025-05-09 05:00,46.35,46.2,46.6,56,0.933
2025-05-09 06:00,46.38,46.2,46.6,58,0.967
2025-05-09 07:00,46.39,46.3,46.5,16,0.267
2025-05-09 08:00,46.34,46.3,46.4,5,0.083
2025-05-09 09:00,46.17,46.0,46.3,10,0.167
2025-05-09 10:00,46.16,46.0,46.3,5,0.083
2025-05-09 11:00,46.05,45.9,46.2,16,0.267
2025-05-09 12:00,45.99,45.9,46.1,56,0.933
2025-05-09 13:00,45.89,45.8,46.0,9,0.15
2025-05-09 14:00,45.84,45.7,45.9,22,0.367
2025-05-09 15:00,45.75,45.6,45.9,42,0.7
2025-05-09 16:00,45.68,45.5,45.9,59,0.983
2025-05-09 17:00,45.64,45.4,45.9,57,0.95
2025-05-09 18:00,45.65,45.4,45.9,59,0.983
2025-05-09 19:00,45.63,45.4,45.8,59,0.983
2025-05-09 20:00,45.61,45.5,45.7,58,0.967
2025-05-09 21:00,45.55,45.4,45.7,58,0.967
2025-05-09 22:00,45.57,45.4,45.8,59,0.983
2025-05-09 23:00,45.54,45.4,45.7,60,1.0
2025-05-10 00:00,45.54,45.3,45.7,60,1.0
2025-05-10 01:00,45.52,45.3,45.7,60,1.0
2025-05-10 02:00,45.49,45.3,45.7,59,0.983
2025-05-10 03:00,45.45,45.3,45.7,60,1.0
2025-05-10 04:00,45.42,45.3,45.7,60,1.0
2025-05-10 05:00,45.41,45.3,45.6,56,0.933
2025-05-10 06:00,45.42,45.3,45.7,60,1.0
2025-05-10 07:00,45.4,45.2,45.6,42,0.7
2025-05-10 08:00,45.37,45.3,45.5,26,0.433
2025-05-10 09:00,45.24,45.1,45.4,21,0.35
2025-05-10 10:00,45.16,44.9,45.4,24,0.4
2025-05-10 11:00,45.03,44.9,45.2,28,0.467
2025-05-10 12:00,44.99,44.9,45.1,24,0.4
2025-05-10 13:00,44.83,44.6,45.1,52,0.867
2025-05-10 14:00,44.71,44.5,44.9,42,0.7
2025-05-10 15:00,44.61,44.4,44.8,54,0.9
2025-05-10 16:00,44.51,44.4,44.8,59,0.983
2025-05-10 17:00,44.53,44.4,44.7,59,0.983
2025-05-10 18:00,44.48,44.3,44.8,60,1.0
2025-05-10 19:00,44.44,44.3,44.6,60,1.0
2025-05-10 20:00,44.42,44.3,44.7,60,1.0
2025-05-10 21:00,44.45,44.3,44.6,60,1.0
2025-05-10 22:00,44.42,44.3,44.6,59,0.983
2025-05-10 23:00,44.41,44.3,44.6,60,1.0
2025-05-11 00:00,44.46,44.3,44.7,60,1.0
2025-05-11 01:00,44.51,44.3,44.7,60,1.0
2025-05-11 02:00,44.54,44.3,44.8,59,0.983
2025-05-11 03:00,44.56,44.5,44.7,60,1.0
2025-05-11 04:00,44.57,44.5,44.7,60,1.0
2025-05-11 05:00,44.53,44.3,44.7,60,1.0
2025-05-11 06:00,44.54,44.3,44.7,60,1.0
2025-05-11 07:00,44.53,44.4,44.7,60,1.0
2025-05-11 08:00,44.51,44.4,44.7,59,0.983
2025-05-11 09:00,44.45,44.4,44.6,59,0.983
2025-05-11 10:00,44.42,44.3,44.6,52,0.867
2025-05-11 11:00,44.37,44.1,44.6,60,1.0
2025-05-11 12:00,44.36,44.1,44.5,60,1.0
2025-05-11 13:00,44.31,44.2,44.4,60,1.0
2025-05-11 14:00,44.42,44.3,44.6,60,1.0
2025-05-11 15:00,44.39,44.2,44.6,59,0.983
2025-05-11 16:00,44.44,44.3,44.5,60,1.0
2025-05-11 17:00,44.4,44.3,44.7,60,1.0
2025-05-11 18:00,44.4,44.3,44.5,60,1.0
2025-05-11 19:00,44.36,44.2,44.5,60,1.0
2025-05-11 20:00,44.38,44.2,44.5,60,1.0
2025-05-11 21:00,44.39,44.2,44.5,60,1.0
2025-05-11 22:00,44.4,44.2,44.5,60,1.0
2025-05-11 23:00,44.38,44.2,44.5,59,0.983
2025-05-12 00:00,44.39,44.3,44.5,60,1.0
2025-05-12 01:00,44.38,44.3,44.5,60,1.0
2025-05-12 02:00,44.4,44.2,44.5,60,1.0
2025-05-12 03:00,44.36,44.2,44.5,58,0.967
2025-05-12 04:00,44.37,44.1,44.6,60,1.0
2025-05-12 05:00,44.34,44.1,44.7,60,1.0
2025-05-12 06:00,44.36,44.1,44.5,59,0.983
2025-05-12 07:00,44.21,44.1,44.4,60,1.0
2025-05-12 08:00,44.08,44.0,44.3,26,0.433
2025-05-12 09:00,44.02,43.9,44.1,17,0.283
2025-05-12 10:00,44.0,43.7,44.2,20,0.333
2025-05-12 11:00,43.84,43.7,44.0,18,0.3
2025-05-12 12:00,43.81,43.7,43.9,17,0.283
2025-05-12 13:00,43.6,43.4,43.8,31,0.517
2025-05-12 14:00,43.46,43.3,43.7,43,0.717
2025-05-12 15:00,43.41,43.3,43.6,59,0.983
2025-05-12 16:00,43.39,43.2,43.5,53,0.883
2025-05-12 17:00,43.34,43.2,43.6,53,0.883
2025-05-12 18:00,43.33,43.2,43.5,60,1.0
2025-05-12 19:00,43.32,43.1,43.6,60,1.0
2025-05-12 20:00,43.25,43.1,43.5,58,0.967
2025-05-12 21:00,43.24,43.1,43.4,47,0.783
2025-05-12 22:00,43.25,43.1,43.5,55,0.917
2025-05-12 23:00,43.25,43.1,43.5,54,0.9
2025-05-13 00:00,43.29,43.1,43.4,48,0.8
2025-05-13 01:00,43.32,43.1,43.6,50,0.833
2025-05-13 02:00,43.28,43.1,43.4,58,0.967
2025-05-13 03:00,43.3,43.2,43.4,60,1.0
2025-05-13 04:00,43.32,43.2,43.6,60,1.0
2025-05-13 05:00,43.31,43.2,43.4,59,0.983
2025-05-13 06:00,43.25,43.0,43.5,56,0.933
2025-05-13 07:00,43.09,43.0,43.2,46,0.767
2025-05-13 08:00,43.0,42.9,43.1,43,0.717
2025-05-13 09:00,42.9,42.8,43.0,30,0.5
2025-05-13 10:00,42.83,42.7,43.0,33,0.55
2025-05-13 11:00,42.74,42.6,43.0,47,0.783
2025-05-13 12:00,42.64,42.6,42.8,46,0.767
2025-05-13 13:00,42.6,42.5,42.8,55,0.917
2025-05-13 14:00,42.55,42.4,42.8,54,0.9
2025-05-13 15:00,42.48,42.4,42.7,59,0.983
2025-05-13 16:00,42.48,42.4,42.7,58,0.967
2025-05-13 17:00,42.48,42.4,42.7,58,0.967
2025-05-13 18:00,42.47,42.4,42.7,60,1.0
2025-05-13 19:00,42.47,42.4,42.7,60,1.0
2025-05-13 20:00,42.47,42.3,42.7,60,1.0
2025-05-13 21:00,42.5,42.4,42.7,60,1.0
2025-05-13 22:00,42.58,42.4,42.8,60,1.0
2025-05-13 23:00,42.59,42.4,42.8,60,1.0
2025-05-14 00:00,42.62,42.5,42.7,60,1.0
2025-05-14 01:00,42.6,42.4,42.7,59,0.983
2025-05-14 02:00,42.61,42.5,42.7,60,1.0
2025-05-14 03:00,42.61,42.4,42.8,59,0.983
2025-05-14 04:00,42.61,42.5,42.8,60,1.0
2025-05-14 05:00,42.61,42.5,42.8,58,0.967
2025-05-14 06:00,42.58,42.4,42.8,59,0.983
2025-05-14 07:00,42.41,42.3,42.6,51,0.85
2025-05-14 08:00,42.33,42.2,42.5,47,0.783
2025-05-14 09:00,42.27,42.1,42.4,49,0.817
2025-05-14 10:00,42.16,42.0,42.4,42,0.7
2025-05-14 11:00,42.02,41.9,42.2,41,0.683
2025-05-14 12:00,41.98,41.8,42.2,43,0.717
2025-05-14 13:00,41.86,41.7,42.1,32,0.533
2025-05-14 14:00,41.69,41.6,41.8,45,0.75
2025-05-14 15:00,41.64,41.5,41.8,36,0.6
2025-05-14 16:00,41.55,41.4,41.8,58,0.967
2025-05-14 17:00,41.57,41.4,41.8,59,0.983
2025-05-14 18:00,41.56,41.4,41.7,60,1.0
2025-05-14 19:00,41.48,41.4,41.7,58,0.967
2025-05-14 20:00,41.45,41.4,41.6,57,0.95
2025-05-14 21:00,41.46,41.3,41.6,60,1.0
2025-05-14 22:00,41.49,41.3,41.7,60,1.0
2025-05-14 23:00,41.55,41.4,41.7,59,0.983
2025-05-15 00:00,41.56,41.4,41.8,60,1.0
2025-05-15 01:00,41.58,41.4,41.8,60,1.0
2025-05-15 02:00,41.59,41.4,41.7,59,0.983
2025-05-15 03:00,41.59,41.5,41.7,60,1.0
2025-05-15 04:00,41.56,41.5,41.7,60,1.0
2025-05-15 05:00,41.57,41.5,41.8,59,0.983
2025-05-15 06:00,41.54,41.5,41.7,60,1.0
2025-05-15 07:00,41.53,41.4,41.7,59,0.983
2025-05-15 08:00,41.46,41.3,41.6,60,1.0
2025-05-15 09:00,41.33,41.2,41.5,59,0.983
2025-05-15 10:00,41.26,41.2,41.5,52,0.867
2025-05-15 11:00,41.21,41.1,41.4,49,0.817
2025-05-15 12:00,41.17,41.0,41.4,46,0.767
2025-05-15 13:00,41.15,41.0,41.4,54,0.9
2025-05-15 14:00,41.14,41.0,41.3,49,0.817
2025-05-15 15:00,41.2,41.0,41.4,51,0.85
2025-05-15 16:00,41.17,41.0,41.3,46,0.767
2025-05-15 17:00,41.23,41.1,41.4,58,0.967
2025-05-15 18:00,41.26,41.1,41.4,60,1.0
2025-05-15 19:00,41.28,41.1,41.5,60,1.0
2025-05-15 20:00,41.26,41.1,41.5,60,1.0
2025-05-15 21:00,41.29,41.1,41.4,60,1.0
2025-05-15 22:00,41.29,41.1,41.5,60,1.0
2025-05-15 23:00,41.27,41.1,41.4,60,1.0
2025-05-16 00:00,41.31,41.1,41.4,56,0.933
2025-05-16 01:00,41.28,41.1,41.5,60,1.0
2025-05-16 02:00,41.29,41.1,41.4,59,0.983
2025-05-16 03:00,41.25,41.1,41.4,59,0.983
2025-05-16 04:00,41.29,41.2,41.5,57,0.95
2025-05-16 05:00,41.28,41.2,41.5,55,0.917
2025-05-16 06:00,41.25,41.1,41.4,48,0.8
2025-05-16 07:00,41.19,41.0,41.3,52,0.867
2025-05-16 08:00,41.16,41.1,41.3,47,0.783
2025-05-16 09:00,41.08,40.9,41.3,54,0.9
2025-05-16 10:00,40.95,40.8,41.2,55,0.917
2025-05-16 11:00,40.91,40.6,41.2,52,0.867
2025-05-16 12:00,40.81,40.6,41.0,52,0.867
2025-05-16 13:00,40.75,40.6,40.9,55,0.917
2025-05-16 14:00,40.71,40.6,40.8,56,0.933
2025-05-16 15:00,40.66,40.6,40.9,55,0.917
2025-05-16 16:00,40.61,40.5,40.9,56,0.933
2025-05-16 17:00,40.57,40.5,40.8,59,0.983
2025-05-16 18:00,40.49,40.3,40.7,60,1.0
2025-05-16 19:00,40.4,40.3,40.6,38,0.633
2025-05-16 20:00,40.45,40.3,40.6,49,0.817
2025-05-16 21:00,40.43,40.3,40.5,51,0.85
2025-05-16 22:00,40.39,40.2,40.6,58,0.967
2025-05-16 23:00,40.35,40.2,40.5,54,0.9
2025-05-17 00:00,40.33,40.2,40.5,47,0.783
2025-05-17 01:00,40.26,40.1,40.5,43,0.717
2025-05-17 02:00,40.26,40.1,40.4,60,1.0
2025-05-17 03:00,40.27,40.1,40.6,55,0.917
2025-05-17 04:00,40.23,40.0,40.3,54,0.9
2025-05-17 05:00,40.16,40.0,40.4,59,0.983
2025-05-17 06:00,40.12,39.9,40.3,59,0.983
2025-05-17 07:00,39.97,39.8,40.2,53,0.883
2025-05-17 08:00,39.9,39.7,40.1,48,0.8
2025-05-17 09:00,39.85,39.7,40.0,50,0.833
2025-05-17 10:00,39.83,39.7,40.0,37,0.617
2025-05-17 11:00,39.75,39.7,39.9,39,0.65
2025-05-17 12:00,39.66,39.5,39.8,41,0.683
2025-05-17 13:00,39.55,39.5,39.7,39,0.65
2025-05-17 14:00,39.48,39.3,39.7,43,0.717
2025-05-17 15:00,39.41,39.3,39.6,42,0.7
2025-05-17 16:00,39.25,39.1,39.5,51,0.85
2025-05-17 17:00,39.15,39.1,39.4,60,1.0
2025-05-17 18:00,39.12,39.0,39.4,60,1.0
2025-05-17 19:00,39.08,39.0,39.3,60,1.0
2025-05-17 20:00,39.04,38.9,39.3,60,1.0
2025-05-17 21:00,39.04,38.9,39.5,60,1.0
2025-05-17 22:00,39.01,38.9,39.2,60,1.0
2025-05-17 23:00,39.03,38.9,39.2,60,1.0
2025-05-18 00:00,39.02,38.8,39.2,60,1.0
2025-05-18 01:00,39.01,38.8,39.2,59,0.983
2025-05-18 02:00,39.03,38.9,39.2,60,1.0
2025-05-18 03:00,39.01,38.9,39.1,60,1.0
2025-05-18 04:00,39.02,38.9,39.2,51,0.85
2025-05-18 05:00,39.33,39.1,39.7,35,0.583
2025-05-18 06:00,39.42,39.2,39.5,60,1.0
2025-05-18 07:00,39.36,39.1,39.5,60,1.0
2025-05-18 08:00,39.18,39.0,39.4,58,0.967
2025-05-18 09:00,39.08,38.9,39.3,51,0.85
2025-05-18 10:00,38.96,38.8,39.2,50,0.833
2025-05-18 11:00,38.81,38.7,39.1,58,0.967
2025-05-18 12:00,38.73,38.6,39.0,58,0.967
2025-05-18 13:00,38.7,38.6,38.9,60,1.0
2025-05-18 14:00,38.68,38.5,38.9,46,0.767
2025-05-18 15:00,38.66,38.5,38.9,50,0.833
2025-05-18 16:00,38.6,38.5,38.8,50,0.833
2025-05-18 17:00,38.61,38.5,38.7,34,0.567
2025-05-18 18:00,38.55,38.4,38.7,35,0.583
2025-05-18 19:00,38.49,38.4,38.7,57,0.95
2025-05-18 20:00,38.49,38.4,38.7,60,1.0
2025-05-18 21:00,38.48,38.3,38.6,60,1.0
2025-05-18 22:00,38.49,38.4,38.7,60,1.0
2025-05-18 23:00,38.48,38.4,38.7,60,1.0
2025-05-19 00:00,38.46,38.4,38.6,59,0.983
2025-05-19 01:00,38.48,38.4,38.6,60,1.0
2025-05-19 02:00,38.49,38.4,38.7,60,1.0
2025-05-19 03:00,38.54,38.4,38.8,60,1.0
2025-05-19 04:00,38.51,38.4,38.7,60,1.0
2025-05-19 05:00,38.52,38.4,38.7,60,1.0
2025-05-19 06:00,38.54,38.4,38.7,60,1.0
2025-05-19 07:00,38.56,38.4,38.7,48,0.8
2025-05-19 08:00,38.48,38.3,38.7,31,0.517
2025-05-19 09:00,38.34,38.2,38.5,38,0.633
2025-05-19 10:00,38.26,38.1,38.5,40,0.667
2025-05-19 11:00,38.28,38.2,38.4,48,0.8
2025-05-19 12:00,38.16,38.0,38.3,34,0.567
2025-05-19 13:00,38.07,37.9,38.4,30,0.5
2025-05-19 14:00,37.97,37.9,38.1,44,0.733
2025-05-19 15:00,37.93,37.8,38.1,52,0.867
2025-05-19 16:00,37.94,37.8,38.1,59,0.983
2025-05-19 17:00,37.98,37.8,38.1,60,1.0
2025-05-19 18:00,37.98,37.8,38.1,60,1.0
2025-05-19 19:00,37.97,37.8,38.1,60,1.0
2025-05-19 20:00,37.92,37.8,38.1,60,1.0
2025-05-19 21:00,37.88,37.8,38.1,60,1.0
2025-05-19 22:00,37.88,37.8,38.2,58,0.967
2025-05-19 23:00,37.88,37.8,38.1,59,0.983
2025-05-20 00:00,37.88,37.8,38.0,60,1.0
2025-05-20 01:00,37.9,37.8,38.1,59,0.983
2025-05-20 02:00,37.91,37.8,38.2,60,1.0
2025-05-20 03:00,37.93,37.8,38.1,59,0.983
2025-05-20 04:00,37.94,37.8,38.1,60,1.0
2025-05-20 05:00,37.96,37.8,38.1,60,1.0
2025-05-20 06:00,37.91,37.7,38.1,59,0.983
2025-05-20 07:00,37.85,37.7,38.0,60,1.0
2025-05-20 08:00,37.78,37.6,38.1,51,0.85
2025-05-20 09:00,37.74,37.6,37.9,54,0.9
2025-05-20 10:00,37.72,37.5,37.9,57,0.95
2025-05-20 11:00,37.61,37.4,37.8,56,0.933
2025-05-20 12:00,37.53,37.4,37.8,60,1.0
2025-05-20 13:00,37.49,37.4,37.8,60,1.0
2025-05-20 14:00,37.49,37.3,37.6,60,1.0
2025-05-20 15:00,37.4,37.3,37.6,60,1.0
2025-05-20 16:00,37.39,37.2,37.6,60,1.0
2025-05-20 17:00,37.37,37.2,37.6,59,0.983
2025-05-20 18:00,37.37,37.2,37.5,60,1.0
2025-05-20 19:00,37.34,37.2,37.5,60,1.0
2025-05-20 20:00,37.31,37.2,37.6,60,1.0
2025-05-20 21:00,37.29,37.2,37.5,60,1.0
2025-05-20 22:00,37.26,37.2,37.4,60,1.0
2025-05-20 23:00,37.26,37.2,37.4,60,1.0
2025-05-21 00:00,37.24,37.2,37.5,59,0.983
2025-05-21 01:00,37.25,37.2,37.4,58,0.967
2025-05-21 02:00,37.24,37.2,37.4,60,1.0
2025-05-21 03:00,37.24,37.2,37.4,60,1.0
2025-05-21 04:00,37.25,37.2,37.4,59,0.983
2025-05-21 05:00,37.26,37.1,37.4,60,1.0
2025-05-21 06:00,37.25,37.1,37.4,54,0.9
2025-05-21 07:00,37.32,37.1,37.4,35,0.583
2025-05-21 08:00,37.27,37.1,37.4,41,0.683
2025-05-21 09:00,37.18,37.0,37.3,44,0.733
2025-05-21 10:00,37.09,37.0,37.2,48,0.8
2025-05-21 11:00,37.02,36.9,37.1,46,0.767
2025-05-21 12:00,36.95,36.8,37.0,47,0.783
2025-05-21 13:00,36.92,36.8,37.1,46,0.767
2025-05-21 14:00,36.92,36.7,37.5,46,0.767
2025-05-21 15:00,37.2,37.0,37.5,48,0.8
2025-05-21 16:00,37.2,37.1,37.4,60,1.0
2025-05-21 17:00,37.26,37.0,37.4,59,0.983
2025-05-21 18:00,37.19,37.0,37.3,57,0.95
2025-05-21 19:00,37.16,37.0,37.5,59,0.983
2025-05-21 20:00,37.18,37.0,37.3,60,1.0
2025-05-21 21:00,37.16,37.0,37.3,59,0.983
2025-05-21 22:00,37.11,36.9,37.3,59,0.983
2025-05-21 23:00,37.07,36.9,37.3,59,0.983
2025-05-22 00:00,37.04,36.9,37.2,56,0.933
2025-05-22 01:00,37.01,36.9,37.2,58,0.967
2025-05-22 02:00,36.99,36.9,37.2,60,1.0
2025-05-22 03:00,36.97,36.9,37.2,60,1.0
2025-05-22 04:00,36.97,36.9,37.1,59,0.983
2025-05-22 05:00,36.97,36.8,37.2,60,1.0
2025-05-22 06:00,36.98,36.9,37.2,59,0.983
2025-05-22 07:00,37.02,36.9,37.1,20,0.333
2025-05-22 08:00,36.89,36.7,37.1,33,0.55
2025-05-22 09:00,36.76,36.6,36.9,43,0.717
2025-05-22 10:00,36.68,36.5,36.9,38,0.633
2025-05-22 11:00,36.66,36.5,36.8,47,0.783
2025-05-22 12:00,36.56,36.4,36.7,52,0.867
2025-05-22 13:00,36.52,36.4,36.7,30,0.5
2025-05-22 14:00,36.45,36.3,36.6,35,0.583
2025-05-22 15:00,36.41,36.3,36.5,48,0.8
2025-05-22 16:00,36.35,36.3,36.5,47,0.783
2025-05-22 17:00,36.35,36.2,36.6,58,0.967
2025-05-22 18:00,36.42,36.3,36.5,60,1.0
2025-05-22 19:00,36.45,36.3,36.6,60,1.0
2025-05-22 20:00,36.44,36.3,36.7,54,0.9
2025-05-22 21:00,36.35,36.2,36.5,47,0.783
2025-05-22 22:00,36.32,36.2,36.5,50,0.833
2025-05-22 23:00,36.29,36.2,36.4,54,0.9
2025-05-23 00:00,36.29,36.2,36.4,57,0.95
2025-05-23 01:00,36.3,36.2,36.5,54,0.9
2025-05-23 02:00,36.31,36.2,36.6,56,0.933
2025-05-23 03:00,36.3,36.2,36.5,49,0.817
2025-05-23 04:00,36.33,36.2,36.5,50,0.833
2025-05-23 05:00,36.26,36.2,36.5,39,0.65
2025-05-23 06:00,36.23,36.1,36.4,35,0.583
2025-05-23 07:00,36.26,36.1,36.4,30,0.5
2025-05-23 08:00,36.37,36.3,36.5,25,0.417
2025-05-23 09:00,36.28,36.1,36.4,40,0.667
2025-05-23 10:00,36.14,35.9,36.4,48,0.8
2025-05-23 11:00,36.03,35.9,36.2,45,0.75
2025-05-23 12:00,35.94,35.8,36.1,47,0.783
2025-05-23 13:00,35.84,35.7,36.1,45,0.75
2025-05-23 14:00,35.76,35.7,36.0,46,0.767
2025-05-23 15:00,35.75,35.7,35.9,42,0.7
2025-05-23 16:00,35.77,35.6,35.9,38,0.633
2025-05-23 17:00,35.75,35.6,35.9,52,0.867
2025-05-23 18:00,35.76,35.6,35.9,58,0.967
2025-05-23 19:00,35.77,35.6,36.0,60,1.0
2025-05-23 20:00,35.75,35.6,35.9,59,0.983
2025-05-23 21:00,35.72,35.5,35.9,60,1.0
2025-05-23 22:00,35.68,35.5,35.9,60,1.0
2025-05-23 23:00,35.67,35.5,35.8,57,0.95
2025-05-24 00:00,35.64,35.5,35.8,54,0.9
2025-05-24 01:00,35.64,35.5,35.8,57,0.95
2025-05-24 02:00,35.56,35.5,35.7,57,0.95
2025-05-24 03:00,35.56,35.5,35.7,58,0.967
2025-05-24 04:00,35.54,35.5,35.7,57,0.95
2025-05-24 05:00,35.54,35.5,35.7,56,0.933
2025-05-24 06:00,35.57,35.4,35.8,51,0.85
2025-05-24 07:00,35.6,35.5,35.7,35,0.583
2025-05-24 08:00,35.5,35.4,35.6,24,0.4
2025-05-24 09:00,35.36,35.2,35.5,40,0.667
2025-05-24 10:00,35.33,35.2,35.6,33,0.55
2025-05-24 11:00,35.27,35.1,35.6,46,0.767
2025-05-24 12:00,35.21,35.1,35.4,50,0.833
2025-05-24 13:00,35.15,35.0,35.3,37,0.617
2025-05-24 14:00,35.08,35.0,35.2,50,0.833
2025-05-24 15:00,35.0,34.8,35.2,60,1.0
2025-05-24 16:00,35.0,34.8,35.1,53,0.883
2025-05-24 17:00,35.0,34.8,35.2,57,0.95
2025-05-24 18:00,34.98,34.9,35.1,53,0.883
2025-05-24 19:00,34.94,34.8,35.2,53,0.883
2025-05-24 20:00,34.87,34.7,35.2,52,0.867
2025-05-24 21:00,34.82,34.7,35.0,45,0.75
2025-05-24 22:00,34.8,34.7,35.0,50,0.833
2025-05-24 23:00,34.77,34.6,34.9,59,0.983
2025-05-25 00:00,34.73,34.6,34.9,53,0.883
2025-05-25 01:00,34.72,34.6,34.9,48,0.8
2025-05-25 02:00,34.72,34.6,34.9,43,0.717
2025-05-25 03:00,34.66,34.5,34.9,50,0.833
2025-05-25 04:00,34.64,34.6,34.8,41,0.683
2025-05-25 05:00,34.6,34.5,34.8,46,0.767
2025-05-25 06:00,34.61,34.5,34.8,38,0.633
2025-05-25 07:00,34.6,34.4,34.9,28,0.467
2025-05-25 08:00,34.55,34.4,34.7,39,0.65
2025-05-25 09:00,34.37,34.2,34.5,41,0.683
2025-05-25 10:00,34.26,34.2,34.5,39,0.65
2025-05-25 11:00,34.19,34.1,34.3,31,0.517
2025-05-25 12:00,34.13,34.0,34.3,36,0.6
2025-05-25 13:00,34.08,34.0,34.2,48,0.8
2025-05-25 14:00,34.03,33.9,34.2,46,0.767
2025-05-25 15:00,33.99,33.9,34.2,48,0.8
2025-05-25 16:00,34.02,33.9,34.2,59,0.983
2025-05-25 17:00,34.05,33.9,34.1,58,0.967
2025-05-25 18:00,33.95,33.8,34.1,57,0.95
2025-05-25 19:00,33.91,33.8,34.1,59,0.983
2025-05-25 20:00,33.91,33.8,34.1,59,0.983
2025-05-25 21:00,33.97,33.8,34.1,55,0.917
2025-05-25 22:00,33.95,33.8,34.1,57,0.95
2025-05-25 23:00,33.94,33.8,34.1,60,1.0
2025-05-26 00:00,33.91,33.8,34.1,60,1.0
2025-05-26 01:00,33.91,33.8,34.1,59,0.983
2025-05-26 02:00,33.85,33.7,34.0,60,1.0
2025-05-26 03:00,33.82,33.7,34.0,60,1.0
2025-05-26 04:00,33.74,33.7,33.9,60,1.0
2025-05-26 05:00,33.74,33.7,34.0,59,0.983
2025-05-26 06:00,33.73,33.6,33.9,58,0.967
2025-05-26 07:00,33.73,33.6,33.9,58,0.967
2025-05-26 08:00,33.72,33.6,33.8,52,0.867
2025-05-26 09:00,33.66,33.5,33.8,52,0.867
2025-05-26 10:00,33.6,33.5,33.8,54,0.9
2025-05-26 11:00,33.58,33.4,33.8,49,0.817
2025-05-26 12:00,33.52,33.4,33.7,41,0.683
2025-05-26 13:00,33.48,33.4,33.7,26,0.433
2025-05-26 14:00,33.45,33.3,33.6,33,0.55
2025-05-26 15:00,33.4,33.3,33.5,44,0.733
2025-05-26 16:00,33.37,33.2,33.5,54,0.9
2025-05-26 17:00,33.31,33.2,33.5,59,0.983
2025-05-26 18:00,33.31,33.2,33.4,60,1.0
2025-05-26 19:00,33.35,33.2,33.5,60,1.0
2025-05-26 20:00,33.35,33.2,33.5,60,1.0
2025-05-26 21:00,33.34,33.2,33.4,60,1.0
2025-05-26 22:00,33.32,33.1,33.4,60,1.0
2025-05-26 23:00,33.28,33.1,33.4,60,1.0
2025-05-27 00:00,33.27,33.1,33.4,60,1.0
2025-05-27 01:00,33.26,33.1,33.5,60,1.0
2025-05-27 02:00,33.21,33.1,33.5,60,1.0
2025-05-27 03:00,33.2,33.1,33.4,22,0.367
2025-05-27 08:00,33.17,33.0,33.4,27,0.45
2025-05-27 09:00,33.17,33.0,33.3,18,0.3
2025-05-27 10:00,33.13,33.1,33.3,44,0.733
2025-05-27 11:00,33.09,33.0,33.2,48,0.8
2025-05-27 12:00,33.07,33.0,33.3,52,0.867
2025-05-27 13:00,33.02,32.9,33.2,50,0.833
2025-05-27 14:00,32.96,32.8,33.2,43,0.717
2025-05-27 15:00,32.96,32.8,33.2,26,0.433
2025-05-27 16:00,32.89,32.8,33.0,48,0.8
2025-05-27 17:00,32.92,32.8,33.1,59,0.983
2025-05-27 18:00,32.91,32.7,33.1,59,0.983
2025-05-27 19:00,32.91,32.8,33.1,59,0.983
2025-05-27 20:00,32.88,32.7,33.1,59,0.983
2025-05-27 21:00,32.82,32.7,33.0,60,1.0
2025-05-27 22:00,32.79,32.7,32.9,60,1.0
2025-05-27 23:00,32.78,32.7,32.9,60,1.0
2025-05-28 00:00,32.77,32.7,32.9,60,1.0
2025-05-28 01:00,32.79,32.7,33.0,60,1.0
2025-05-28 02:00,32.78,32.7,32.9,60,1.0
2025-05-28 03:00,32.78,32.7,32.9,60,1.0
2025-05-28 04:00,32.81,32.7,33.0,60,1.0
2025-05-28 05:00,32.8,32.7,33.0,60,1.0
2025-05-28 06:00,32.79,32.7,33.0,60,1.0
2025-05-28 07:00,32.83,32.7,33.0,39,0.65
2025-05-28 08:00,32.8,32.7,32.9,40,0.667
2025-05-28 09:00,32.74,32.6,32.8,43,0.717
2025-05-28 10:00,32.66,32.5,32.8,38,0.633
2025-05-28 11:00,32.54,32.4,32.7,46,0.767
2025-05-28 12:00,32.51,32.4,32.6,40,0.667
2025-05-28 13:00,32.56,32.4,32.7,25,0.417
2025-05-28 14:00,32.53,32.4,32.7,33,0.55
2025-05-28 15:00,32.54,32.4,32.8,42,0.7
2025-05-28 16:00,32.51,32.4,32.7,46,0.767
2025-05-28 17:00,32.5,32.4,32.6,44,0.733
2025-05-28 18:00,32.5,32.4,32.7,55,0.917
2025-05-28 19:00,32.48,32.3,32.6,47,0.783
2025-05-28 20:00,32.45,32.3,32.6,49,0.817
2025-05-28 21:00,32.43,32.3,32.6,60,1.0
2025-05-28 22:00,32.43,32.3,32.6,60,1.0
2025-05-28 23:00,32.39,32.2,32.6,60,1.0
2025-05-29 00:00,32.36,32.2,32.5,59,0.983
2025-05-29 01:00,32.32,32.2,32.5,60,1.0
2025-05-29 02:00,32.31,32.2,32.5,59,0.983
2025-05-29 03:00,32.27,32.2,32.5,60,1.0
2025-05-29 04:00,32.26,32.2,32.4,58,0.967
2025-05-29 05:00,32.27,32.2,32.4,60,1.0
2025-05-29 06:00,32.27,32.2,32.5,60,1.0
2025-05-29 07:00,32.25,32.1,32.4,60,1.0
2025-05-29 08:00,32.3,32.2,32.5,52,0.867
2025-05-29 09:00,32.28,32.1,32.5,37,0.617
2025-05-29 10:00,32.2,32.1,32.4,55,0.917
2025-05-29 11:00,32.15,32.0,32.3,54,0.9
2025-05-29 12:00,32.12,32.0,32.3,42,0.7
2025-05-29 13:00,32.07,32.0,32.2,40,0.667
2025-05-29 14:00,32.09,32.0,32.2,42,0.7
2025-05-29 15:00,32.09,32.0,32.2,46,0.767
2025-05-29 16:00,32.04,31.9,32.3,54,0.9
2025-05-29 17:00,32.02,31.9,32.2,59,0.983
2025-05-29 18:00,32.04,32.0,32.2,60,1.0
2025-05-29 19:00,32.04,31.9,32.2,59,0.983
2025-05-29 20:00,31.99,31.8,32.3,51,0.85
2025-05-29 21:00,31.96,31.8,32.1,47,0.783
2025-05-29 22:00,31.92,31.8,32.1,55,0.917
2025-05-29 23:00,31.89,31.8,32.0,60,1.0
2025-05-30 00:00,31.88,31.8,32.1,60,1.0
2025-05-30 01:00,31.83,31.8,32.0,60,1.0
2025-05-30 02:00,31.84,31.8,32.0,60,1.0
2025-05-30 03:00,31.87,31.8,32.1,58,0.967
2025-05-30 04:00,31.85,31.7,32.0,60,1.0
2025-05-30 05:00,31.84,31.7,32.0,60,1.0
2025-05-30 06:00,31.83,31.7,32.0,60,1.0
2025-05-30 07:00,31.77,31.7,31.9,51,0.85
2025-05-30 08:00,31.72,31.6,32.0,38,0.633
2025-05-30 09:00,31.66,31.6,31.8,36,0.6
2025-05-30 10:00,31.62,31.5,31.8,41,0.683
2025-05-30 11:00,31.59,31.5,31.7,38,0.633
2025-05-30 12:00,31.58,31.5,31.7,49,0.817
2025-05-30 13:00,31.59,31.5,31.7,48,0.8
2025-05-30 14:00,31.55,31.4,31.7,49,0.817
2025-05-30 15:00,31.53,31.4,31.7,54,0.9
2025-05-30 16:00,31.52,31.4,31.6,56,0.933
2025-05-30 17:00,31.51,31.4,31.7,59,0.983
2025-05-30 18:00,31.49,31.4,31.6,59,0.983
2025-05-30 19:00,31.47,31.3,31.6,59,0.983
2025-05-30 20:00,31.43,31.3,31.6,47,0.783
2025-05-30 21:00,31.4,31.3,31.5,58,0.967
2025-05-30 22:00,31.38,31.3,31.5,59,0.983
2025-05-30 23:00,31.35,31.3,31.5,33,0.55
2025-05-31 07:00,31.3,31.2,31.5,45,0.75
2025-05-31 08:00,31.25,31.1,31.4,50,0.833
2025-05-31 09:00,31.12,31.0,31.3,51,0.85
2025-05-31 10:00,31.09,31.0,31.2,40,0.667
2025-05-31 11:00,31.03,30.9,31.2,45,0.75
2025-05-31 12:00,31.0,30.9,31.1,37,0.617
2025-05-31 13:00,30.97,30.9,31.1,40,0.667
2025-05-31 14:00,30.97,30.9,31.1,40,0.667
2025-05-31 15:00,30.98,30.9,31.2,57,0.95
2025-05-31 16:00,30.95,30.8,31.1,59,0.983
2025-05-31 17:00,30.93,30.8,31.1,59,0.983
2025-05-31 18:00,30.98,30.8,31.1,60,1.0
2025-05-31 19:00,31.02,30.9,31.2,59,0.983
2025-05-31 20:00,30.99,30.8,31.2,57,0.95
2025-05-31 21:00,30.98,30.8,31.2,59,0.983
2025-05-31 22:00,30.96,30.8,31.1,59,0.983
2025-05-31 23:00,30.97,30.8,31.3,60,1.0
2025-06-01 00:00,30.92,30.8,31.1,58,0.967
2025-06-01 01:00,30.88,30.8,31.0,26,0.433
2025-06-01 09:00,30.73,30.6,30.8,9,0.15
2025-06-01 10:00,30.77,30.6,30.9,39,0.65
2025-06-01 11:00,30.78,30.7,30.9,32,0.533
2025-06-01 12:00,30.74,30.7,30.9,30,0.5
2025-06-01 13:00,30.72,30.6,30.8,27,0.45
2025-06-01 14:00,30.71,30.7,30.8,17,0.283
2025-06-01 15:00,30.69,30.6,30.9,17,0.283
2025-06-01 16:00,30.67,30.6,30.8,38,0.633
2025-06-01 17:00,30.68,30.5,30.9,56,0.933
2025-06-01 18:00,30.67,30.5,30.8,56,0.933
2025-06-01 19:00,30.63,30.5,30.8,51,0.85
2025-06-01 20:00,30.64,30.5,30.8,54,0.9
2025-06-01 21:00,30.61,30.5,30.8,53,0.883
2025-06-01 22:00,30.56,30.5,30.7,50,0.833
2025-06-01 23:00,30.55,30.5,30.7,57,0.95
2025-06-02 00:00,30.54,30.5,30.7,48,0.8
2025-06-02 01:00,30.57,30.4,30.7,56,0.933
2025-06-02 02:00,30.61,30.5,30.8,56,0.933
2025-06-02 03:00,30.6,30.5,30.8,48,0.8
2025-06-02 04:00,30.6,30.5,30.8,47,0.783
2025-06-02 05:00,30.62,30.4,30.9,46,0.767
2025-06-02 06:00,30.56,30.5,30.8,43,0.717
2025-06-02 07:00,30.56,30.4,30.7,28,0.467
2025-06-02 08:00,30.54,30.5,30.6,13,0.217
2025-06-02 09:00,30.54,30.5,30.7,21,0.35
2025-06-02 10:00,30.49,30.4,30.6,33,0.55
2025-06-02 11:00,30.48,30.4,30.6,32,0.533
2025-06-02 12:00,30.47,30.4,30.5,14,0.233
2025-06-02 13:00,30.43,30.3,30.5,11,0.183
2025-06-02 14:00,30.44,30.3,30.5,11,0.183
2025-06-02 15:00,30.4,30.3,30.6,29,0.483
2025-06-02 16:00,30.4,30.3,30.5,51,0.85
2025-06-02 17:00,30.4,30.3,30.6,58,0.967
2025-06-02 18:00,30.41,30.3,30.5,60,1.0
2025-06-02 19:00,30.39,30.3,30.5,59,0.983
2025-06-02 20:00,30.35,30.2,30.5,60,1.0
2025-06-02 21:00,30.29,30.2,30.5,58,0.967
2025-06-02 22:00,30.29,30.2,30.5,58,0.967
2025-06-02 23:00,30.28,30.2,30.4,58,0.967
2025-06-03 00:00,30.28,30.2,30.5,57,0.95
2025-06-03 01:00,30.3,30.2,30.5,57,0.95
2025-06-03 02:00,30.31,30.2,30.5,57,0.95
2025-06-03 03:00,30.29,30.2,30.4,59,0.983
2025-06-03 04:00,30.29,30.2,30.4,58,0.967
2025-06-03 05:00,30.32,30.2,30.5,55,0.917
2025-06-03 06:00,30.31,30.2,30.5,58,0.967
2025-06-03 07:00,30.23,30.1,30.3,23,0.383
2025-06-03 08:00,30.17,30.1,30.3,22,0.367
2025-06-03 09:00,30.22,30.1,30.3,35,0.583
2025-06-03 10:00,30.21,30.1,30.4,38,0.633
2025-06-03 11:00,30.19,30.0,30.3,30,0.5
2025-06-03 12:00,30.19,30.1,30.5,37,0.617
2025-06-03 13:00,30.17,30.1,30.3,21,0.35
2025-06-03 14:00,30.16,30.1,30.2,19,0.317
2025-06-03 15:00,30.14,30.1,30.2,46,0.767
2025-06-03 16:00,30.14,30.1,30.3,52,0.867
2025-06-03 17:00,30.13,30.0,30.3,59,0.983
2025-06-03 18:00,30.13,30.0,30.3,55,0.917
2025-06-03 19:00,30.12,30.0,30.3,55,0.917
2025-06-03 20:00,30.09,30.0,30.2,56,0.933
2025-06-03 21:00,30.08,29.9,30.4,49,0.817
2025-06-03 22:00,30.03,29.9,30.2,50,0.833
2025-06-03 23:00,30.03,29.9,30.2,52,0.867
2025-06-04 00:00,30.01,29.9,30.2,56,0.933
2025-06-04 01:00,29.99,29.9,30.1,54,0.9
2025-06-04 02:00,30.02,29.9,30.3,57,0.95
2025-06-04 03:00,29.96,29.9,30.1,57,0.95
2025-06-04 04:00,29.97,29.9,30.1,56,0.933
2025-06-04 05:00,30.01,29.9,30.2,56,0.933
2025-06-04 06:00,29.98,29.9,30.2,57,0.95
2025-06-04 07:00,29.93,29.8,30.1,48,0.8
2025-06-04 08:00,29.91,29.8,30.0,22,0.367
2025-06-04 09:00,29.85,29.8,30.0,36,0.6
2025-06-04 10:00,29.88,29.8,30.0,48,0.8
2025-06-04 11:00,29.81,29.7,30.0,50,0.833
2025-06-04 12:00,29.77,29.7,30.0,44,0.733
2025-06-04 13:00,29.82,29.7,30.0,33,0.55
2025-06-04 14:00,29.85,29.8,30.0,31,0.517
2025-06-04 15:00,29.86,29.8,30.0,34,0.567
2025-06-04 16:00,29.83,29.7,30.0,51,0.85
2025-06-04 17:00,29.83,29.7,30.0,60,1.0
2025-06-04 18:00,29.85,29.8,30.0,59,0.983
2025-06-04 19:00,29.85,29.8,30.0,50,0.833
2025-06-04 20:00,29.86,29.7,30.0,45,0.75
2025-06-04 21:00,29.8,29.7,30.0,46,0.767
2025-06-04 22:00,29.74,29.6,29.9,55,0.917
2025-06-04 23:00,29.71,29.6,29.9,51,0.85
2025-06-05 00:00,29.71,29.6,29.8,42,0.7
2025-06-05 01:00,29.71,29.6,29.8,33,0.55
2025-06-05 02:00,29.69,29.6,29.8,30,0.5
2025-06-05 03:00,29.7,29.6,29.8,38,0.633
2025-06-05 04:00,29.7,29.6,29.8,32,0.533
2025-06-05 05:00,29.7,29.6,29.8,45,0.75
2025-06-05 06:00,29.69,29.6,29.8,51,0.85
2025-06-05 07:00,29.67,29.6,29.8,33,0.55
2025-06-05 08:00,29.68,29.6,29.9,18,0.3
2025-06-05 09:00,29.56,29.5,29.6,13,0.217
2025-06-05 10:00,29.55,29.5,29.6,26,0.433
2025-06-05 11:00,29.52,29.4,29.7,34,0.567
2025-06-05 12:00,29.48,29.4,29.5,27,0.45
2025-06-05 13:00,29.51,29.5,29.6,14,0.233
2025-06-05 14:00,29.49,29.4,29.6,27,0.45
2025-06-05 15:00,29.54,29.4,29.6,37,0.617
2025-06-05 16:00,29.51,29.4,29.6,46,0.767
2025-06-05 17:00,29.5,29.4,29.6,54,0.9
2025-06-05 18:00,29.52,29.4,29.8,44,0.733
2025-06-05 19:00,29.55,29.4,29.7,35,0.583
2025-06-05 20:00,29.56,29.5,29.7,35,0.583
2025-06-05 21:00,29.54,29.5,29.7,40,0.667
2025-06-05 22:00,29.53,29.4,29.6,34,0.567
2025-06-05 23:00,29.48,29.4,29.7,35,0.583
2025-06-06 00:00,29.45,29.4,29.6,30,0.5
2025-06-06 01:00,29.43,29.3,29.6,26,0.433
2025-06-06 02:00,29.41,29.3,29.5,26,0.433
2025-06-06 03:00,29.41,29.4,29.5,33,0.55
2025-06-06 04:00,29.41,29.4,29.5,17,0.283
2025-06-06 05:00,29.4,29.3,29.5,18,0.3
2025-06-06 06:00,29.43,29.3,29.6,40,0.667
2025-06-06 07:00,29.38,29.3,29.5,50,0.833
2025-06-06 08:00,29.38,29.2,29.6,24,0.4
2025-06-06 09:00,29.29,29.2,29.5,18,0.3
2025-06-06 10:00,29.29,29.2,29.5,22,0.367
2025-06-06 11:00,29.22,29.2,29.4,25,0.417
2025-06-06 12:00,29.23,29.1,29.5,24,0.4
2025-06-06 13:00,29.19,28.8,29.4,19,0.317
2025-06-06 14:00,29.23,29.1,29.3,18,0.3
2025-06-06 15:00,29.22,29.1,29.4,18,0.3
2025-06-06 16:00,29.24,29.1,29.3,52,0.867
2025-06-06 17:00,29.26,29.1,29.4,55,0.917
2025-06-06 18:00,29.25,29.1,29.4,53,0.883
2025-06-06 19:00,29.28,29.1,29.5,52,0.867
2025-06-06 20:00,29.28,29.2,29.4,45,0.75
2025-06-06 21:00,29.25,29.1,29.4,42,0.7
2025-06-06 22:00,29.25,29.1,29.4,49,0.817
2025-06-06 23:00,29.19,29.1,29.3,47,0.783
2025-06-07 00:00,29.16,29.1,29.3,43,0.717
2025-06-07 01:00,29.17,29.1,29.3,50,0.833
2025-06-07 02:00,29.13,29.1,29.3,52,0.867
2025-06-07 03:00,29.15,29.1,29.4,51,0.85
2025-06-07 04:00,29.15,29.1,29.3,51,0.85
2025-06-07 05:00,29.15,29.1,29.3,54,0.9
2025-06-07 06:00,29.15,29.1,29.3,52,0.867
2025-06-07 07:00,29.17,29.0,29.3,53,0.883
2025-06-07 08:00,29.16,29.0,29.2,32,0.533
2025-06-07 09:00,29.06,29.0,29.2,21,0.35
2025-06-07 10:00,28.99,28.9,29.0,27,0.45
2025-06-07 11:00,28.96,28.9,29.0,44,0.733
2025-06-07 12:00,28.94,28.9,29.0,37,0.617
2025-06-07 13:00,28.92,28.8,29.1,39,0.65
2025-06-07 14:00,28.9,28.8,29.0,44,0.733
2025-06-07 15:00,28.91,28.8,29.0,55,0.917
2025-06-07 16:00,28.87,28.8,29.0,59,0.983
2025-06-07 17:00,28.91,28.8,29.1,59,0.983
2025-06-07 18:00,28.93,28.8,29.0,57,0.95
2025-06-07 19:00,28.96,28.8,29.2,55,0.917
2025-06-07 20:00,29.01,28.9,29.1,53,0.883
2025-06-07 21:00,29.01,28.9,29.1,57,0.95
2025-06-07 22:00,28.99,28.9,29.1,58,0.967
2025-06-07 23:00,28.96,28.8,29.1,57,0.95
2025-06-08 00:00,28.91,28.8,29.0,59,0.983
2025-06-08 01:00,28.9,28.8,29.1,54,0.9
2025-06-08 02:00,28.87,28.8,29.0,54,0.9
2025-06-08 03:00,28.88,28.8,29.0,56,0.933
2025-06-08 04:00,28.87,28.8,29.0,58,0.967
2025-06-08 05:00,28.86,28.8,29.0,55,0.917
2025-06-08 06:00,28.87,28.8,29.0,57,0.95
2025-06-08 07:00,28.9,28.7,29.0,58,0.967
2025-06-08 08:00,28.83,28.7,29.0,34,0.567
2025-06-08 09:00,28.84,28.8,29.0,18,0.3
2025-06-08 10:00,28.8,28.7,28.9,28,0.467
2025-06-08 11:00,28.79,28.7,28.9,31,0.517
2025-06-08 12:00,28.74,28.6,28.9,27,0.45
2025-06-08 13:00,28.69,28.6,28.8,23,0.383
2025-06-08 14:00,28.67,28.6,28.8,23,0.383
2025-06-08 15:00,28.65,28.6,28.7,28,0.467
2025-06-08 16:00,28.67,28.6,28.9,41,0.683
2025-06-08 17:00,28.65,28.6,28.8,55,0.917
2025-06-08 18:00,28.65,28.6,28.9,55,0.917
2025-06-08 19:00,28.68,28.6,28.8,57,0.95
2025-06-08 20:00,28.7,28.6,29.0,60,1.0
2025-06-08 21:00,28.73,28.6,28.9,60,1.0
2025-06-08 22:00,28.8,28.7,28.9,56,0.933
2025-06-08 23:00,28.81,28.7,29.1,53,0.883
2025-06-09 00:00,28.81,28.7,29.0,57,0.95
2025-06-09 01:00,28.78,28.7,28.9,49,0.817
2025-06-09 02:00,28.79,28.7,29.0,55,0.917
2025-06-09 03:00,28.78,28.7,28.9,52,0.867
2025-06-09 04:00,28.8,28.7,29.0,25,0.417
2025-06-09 08:00,28.7,28.7,28.7,2,0.033
2025-06-09 09:00,28.68,28.5,28.8,25,0.417
2025-06-09 10:00,28.6,28.5,28.7,20,0.333
2025-06-09 11:00,28.55,28.5,28.6,13,0.217
2025-06-09 12:00,28.54,28.5,28.6,19,0.317
2025-06-09 13:00,28.51,28.5,28.6,14,0.233
2025-06-09 14:00,28.52,28.5,28.7,37,0.617
2025-06-09 15:00,28.51,28.5,28.6,19,0.317
2025-06-09 16:00,28.5,28.4,28.6,36,0.6
2025-06-09 17:00,28.51,28.4,28.7,52,0.867
2025-06-09 18:00,28.52,28.4,28.7,46,0.767
2025-06-09 19:00,28.51,28.4,28.6,55,0.917
2025-06-09 20:00,28.55,28.5,28.8,50,0.833
2025-06-09 21:00,28.55,28.4,28.8,42,0.7
2025-06-09 22:00,28.57,28.4,28.7,52,0.867
2025-06-09 23:00,28.6,28.5,28.8,51,0.85
2025-06-10 00:00,28.61,28.5,28.7,50,0.833
2025-06-10 01:00,28.61,28.5,28.7,49,0.817
2025-06-10 02:00,28.61,28.5,28.7,46,0.767
2025-06-10 03:00,28.6,28.5,28.7,50,0.833
2025-06-10 04:00,28.6,28.5,28.7,48,0.8
2025-06-10 05:00,28.58,28.4,28.7,49,0.817
2025-06-10 06:00,28.55,28.4,28.7,57,0.95
2025-06-10 07:00,28.54,28.4,28.7,54,0.9
2025-06-10 08:00,28.46,28.4,28.7,37,0.617
2025-06-10 09:00,28.49,28.4,28.6,33,0.55
2025-06-10 10:00,28.45,28.3,28.6,41,0.683
2025-06-10 11:00,28.43,28.3,28.5,46,0.767
2025-06-10 12:00,28.43,28.3,28.5,43,0.717
2025-06-10 13:00,28.4,28.3,28.5,48,0.8
2025-06-10 14:00,28.35,28.2,28.6,48,0.8
2025-06-10 15:00,28.32,28.2,28.5,56,0.933
2025-06-10 16:00,28.33,28.2,28.5,60,1.0
2025-06-10 17:00,28.32,28.2,28.4,59,0.983
2025-06-10 18:00,28.3,28.2,28.4,59,0.983
2025-06-10 19:00,28.31,28.2,28.4,55,0.917
2025-06-10 20:00,28.3,28.2,28.4,54,0.9
2025-06-10 21:00,28.33,28.2,28.5,55,0.917
2025-06-10 22:00,28.36,28.2,28.5,59,0.983
2025-06-10 23:00,28.39,28.3,28.6,52,0.867
2025-06-11 00:00,28.41,28.3,28.6,59,0.983
2025-06-11 01:00,28.4,28.3,28.5,54,0.9
2025-06-11 02:00,28.4,28.3,28.5,54,0.9
2025-06-11 03:00,28.38,28.3,28.5,52,0.867
2025-06-11 04:00,28.36,28.2,28.5,54,0.9
2025-06-11 05:00,28.35,28.2,28.6,56,0.933
2025-06-11 06:00,28.36,28.2,28.5,56,0.933
2025-06-11 07:00,28.36,28.2,28.5,36,0.6
2025-06-11 08:00,28.24,28.2,28.3,25,0.417
2025-06-11 09:00,28.3,28.2,28.4,21,0.35
2025-06-11 10:00,28.26,28.2,28.4,26,0.433
2025-06-11 11:00,28.17,28.1,28.2,24,0.4
2025-06-11 12:00,28.14,28.1,28.3,25,0.417
2025-06-11 13:00,28.13,28.0,28.2,28,0.467
2025-06-11 14:00,28.09,28.0,28.2,31,0.517
2025-06-11 15:00,28.08,28.0,28.2,25,0.417
2025-06-11 16:00,28.09,28.0,28.1,28,0.467
2025-06-11 17:00,28.1,28.0,28.2,52,0.867
2025-06-11 18:00,28.22,28.1,28.7,47,0.783
2025-06-11 19:00,28.17,28.1,28.3,57,0.95
2025-06-11 20:00,28.18,28.1,28.3,41,0.683
2025-06-11 21:00,28.21,28.1,28.4,50,0.833
2025-06-11 22:00,28.27,28.1,28.4,47,0.783
2025-06-11 23:00,28.28,28.2,28.4,54,0.9
2025-06-12 00:00,28.29,28.2,28.5,49,0.817
2025-06-12 01:00,28.3,28.2,28.5,49,0.817
2025-06-12 02:00,28.3,28.2,28.5,31,0.517
2025-06-12 03:00,28.29,28.2,28.4,27,0.45
2025-06-12 04:00,28.28,28.2,28.4,32,0.533
2025-06-12 05:00,28.25,28.1,28.4,39,0.65
2025-06-12 06:00,28.26,28.1,28.4,49,0.817
2025-06-12 07:00,28.24,28.1,28.4,39,0.65
2025-06-12 08:00,28.22,28.1,28.3,16,0.267
2025-06-12 09:00,28.23,28.2,28.3,27,0.45
2025-06-12 10:00,28.13,28.0,28.3,25,0.417
2025-06-12 11:00,28.15,28.0,28.3,28,0.467
2025-06-12 12:00,28.1,28.0,28.4,31,0.517
2025-06-12 13:00,28.07,28.0,28.2,32,0.533
2025-06-12 14:00,28.03,27.9,28.2,34,0.567
2025-06-12 15:00,28.0,27.9,28.2,41,0.683
2025-06-12 16:00,27.97,27.9,28.1,55,0.917
2025-06-12 17:00,28.0,27.9,28.2,57,0.95
2025-06-12 18:00,28.0,27.9,28.2,56,0.933
2025-06-12 19:00,28.0,27.9,28.1,55,0.917
2025-06-12 20:00,28.0,27.9,28.1,55,0.917
2025-06-12 21:00,28.0,27.9,28.2,56,0.933
2025-06-12 22:00,28.05,28.0,28.2,51,0.85
2025-06-12 23:00,28.08,28.0,28.2,57,0.95
2025-06-13 00:00,28.11,28.0,28.2,53,0.883
2025-06-13 01:00,28.12,28.0,28.2,50,0.833
2025-06-13 02:00,28.13,28.1,28.2,27,0.45
2025-06-13 08:00,27.99,27.9,28.2,18,0.3
2025-06-13 09:00,28.04,28.0,28.3,24,0.4
2025-06-13 10:00,28.01,27.9,28.1,37,0.617
2025-06-13 11:00,27.99,27.9,28.1,36,0.6
2025-06-13 12:00,27.97,27.9,28.1,48,0.8
2025-06-13 13:00,27.95,27.8,28.2,45,0.75
2025-06-13 14:00,27.94,27.8,28.1,49,0.817
2025-06-13 15:00,27.88,27.8,28.0,60,1.0
2025-06-13 16:00,27.88,27.8,28.0,60,1.0
2025-06-13 17:00,27.91,27.8,28.1,60,1.0
2025-06-13 18:00,27.91,27.8,28.1,60,1.0
2025-06-13 19:00,27.89,27.8,28.1,60,1.0
2025-06-13 20:00,27.87,27.8,28.0,60,1.0
2025-06-13 21:00,27.89,27.8,28.1,56,0.933
2025-06-13 22:00,27.89,27.8,28.0,56,0.933
2025-06-13 23:00,27.93,27.8,28.1,60,1.0
2025-06-14 00:00,27.98,27.9,28.1,47,0.783
2025-06-14 01:00,27.96,27.8,28.2,57,0.95
2025-06-14 02:00,28.02,27.9,28.2,60,1.0
2025-06-14 03:00,28.01,27.9,28.1,60,1.0
2025-06-14 04:00,28.0,27.9,28.1,58,0.967
2025-06-14 05:00,27.98,27.9,28.1,58,0.967
2025-06-14 06:00,27.96,27.8,28.1,59,0.983
2025-06-14 07:00,27.91,27.7,28.1,57,0.95
2025-06-14 08:00,27.83,27.7,27.9,41,0.683
2025-06-14 09:00,27.88,27.8,28.0,33,0.55
2025-06-14 10:00,27.85,27.8,28.0,45,0.75
2025-06-14 11:00,27.84,27.8,28.0,45,0.75
2025-06-14 12:00,27.8,27.7,27.9,49,0.817
2025-06-14 13:00,27.78,27.6,27.9,53,0.883
2025-06-14 14:00,27.77,27.7,27.9,51,0.85
2025-06-14 15:00,27.74,27.6,27.9,41,0.683
2025-06-14 16:00,27.73,27.6,27.9,20,0.333
2025-06-14 17:00,27.77,27.7,27.9,51,0.85
2025-06-14 18:00,27.72,27.6,27.9,60,1.0
2025-06-14 19:00,27.71,27.6,27.9,59,0.983
2025-06-14 20:00,27.72,27.6,28.1,60,1.0
2025-06-14 21:00,27.71,27.6,27.8,60,1.0
2025-06-14 22:00,27.73,27.6,27.8,59,0.983
2025-06-14 23:00,27.75,27.6,27.9,60,1.0
2025-06-15 00:00,27.8,27.7,27.9,60,1.0
2025-06-15 01:00,27.82,27.7,27.9,60,1.0
2025-06-15 02:00,27.82,27.7,27.9,59,0.983
2025-06-15 03:00,27.82,27.7,28.0,59,0.983
2025-06-15 04:00,27.82,27.7,27.9,59,0.983
2025-06-15 05:00,27.81,27.7,27.9,60,1.0
2025-06-15 06:00,27.79,27.7,27.9,60,1.0
2025-06-15 07:00,27.7,27.6,27.8,54,0.9
2025-06-15 08:00,27.67,27.6,27.8,39,0.65
2025-06-15 09:00,27.69,27.6,27.8,38,0.633
2025-06-15 10:00,27.69,27.6,27.8,35,0.583
2025-06-15 11:00,27.66,27.6,27.8,34,0.567
2025-06-15 12:00,27.64,27.6,27.8,35,0.583
2025-06-15 13:00,27.61,27.5,27.7,36,0.6
2025-06-15 14:00,27.61,27.5,27.7,32,0.533
2025-06-15 15:00,27.58,27.5,27.7,38,0.633
2025-06-15 16:00,27.58,27.5,27.7,52,0.867
2025-06-15 17:00,27.58,27.5,27.7,58,0.967
2025-06-15 18:00,27.58,27.5,27.7,60,1.0
2025-06-15 19:00,27.57,27.5,27.7,58,0.967
2025-06-15 20:00,27.55,27.5,27.7,59,0.983
2025-06-15 21:00,27.55,27.5,27.6,60,1.0
2025-06-15 22:00,27.55,27.5,27.8,59,0.983
2025-06-15 23:00,27.58,27.5,27.9,60,1.0
2025-06-16 00:00,27.58,27.5,27.7,59,0.983
2025-06-16 01:00,27.64,27.5,27.8,60,1.0
2025-06-16 02:00,27.69,27.6,27.9,60,1.0
2025-06-16 03:00,27.68,27.6,27.8,60,1.0
2025-06-16 04:00,27.69,27.6,27.8,60,1.0
2025-06-16 05:00,27.67,27.5,27.8,59,0.983
2025-06-16 06:00,27.65,27.5,27.8,59,0.983
2025-06-16 07:00,27.59,27.4,27.7,55,0.917
2025-06-16 08:00,27.52,27.4,27.7,40,0.667
2025-06-16 09:00,27.56,27.4,27.7,32,0.533
2025-06-16 10:00,27.54,27.5,27.6,38,0.633
2025-06-16 11:00,27.53,27.4,27.6,42,0.7
2025-06-16 12:00,27.5,27.4,27.7,41,0.683
2025-06-16 13:00,27.48,27.4,27.6,54,0.9
2025-06-16 14:00,27.46,27.3,27.6,46,0.767
2025-06-16 15:00,27.44,27.4,27.6,50,0.833
2025-06-16 16:00,27.45,27.3,27.6,58,0.967
2025-06-16 17:00,27.44,27.3,27.6,60,1.0
2025-06-16 18:00,27.46,27.3,27.6,55,0.917
2025-06-16 19:00,27.47,27.4,27.6,46,0.767
2025-06-16 20:00,27.45,27.3,27.7,55,0.917
2025-06-16 21:00,27.4,27.3,27.5,51,0.85
2025-06-16 22:00,27.41,27.3,27.6,56,0.933
2025-06-16 23:00,27.41,27.3,27.5,60,1.0
2025-06-17 00:00,27.42,27.4,27.5,51,0.85
2025-06-17 01:00,27.42,27.3,27.6,60,1.0
2025-06-17 02:00,27.43,27.3,27.6,60,1.0
2025-06-17 03:00,27.46,27.4,27.6,59,0.983
2025-06-17 04:00,27.48,27.4,27.6,60,1.0
2025-06-17 05:00,27.49,27.4,27.7,60,1.0
2025-06-17 06:00,27.47,27.3,27.6,60,1.0
2025-06-17 07:00,27.38,27.3,27.5,55,0.917
2025-06-17 08:00,27.39,27.3,27.5,50,0.833
2025-06-17 09:00,27.39,27.3,27.5,48,0.8
2025-06-17 10:00,27.36,27.3,27.4,60,1.0
2025-06-17 11:00,27.33,27.3,27.4,56,0.933
2025-06-17 12:00,27.31,27.2,27.4,52,0.867
2025-06-17 13:00,27.3,27.2,27.4,45,0.75
2025-06-17 14:00,27.27,27.2,27.4,45,0.75
2025-06-17 15:00,27.25,27.2,27.4,50,0.833
2025-06-17 16:00,27.24,27.1,27.4,52,0.867
2025-06-17 17:00,27.26,27.2,27.4,59,0.983
2025-06-17 18:00,27.24,27.1,27.3,60,1.0
2025-06-17 19:00,27.23,27.1,27.3,59,0.983
2025-06-17 20:00,27.2,27.1,27.3,60,1.0
2025-06-17 21:00,27.17,27.1,27.4,59,0.983
2025-06-17 22:00,27.15,27.1,27.4,60,1.0
2025-06-17 23:00,27.16,27.1,27.3,60,1.0
2025-06-18 00:00,27.18,27.1,27.3,60,1.0
2025-06-18 01:00,27.16,27.1,27.3,60,1.0
2025-06-18 02:00,27.15,27.1,27.3,59,0.983
2025-06-18 03:00,27.16,27.1,27.3,60,1.0
2025-06-18 04:00,27.2,27.1,27.3,59,0.983
2025-06-18 05:00,27.22,27.1,27.4,60,1.0
2025-06-18 06:00,27.2,27.1,27.3,55,0.917
2025-06-18 07:00,27.22,27.1,27.5,52,0.867
2025-06-18 08:00,27.13,27.1,27.2,44,0.733
2025-06-18 10:00,27.25,27.2,27.3,4,0.067
2025-06-18 11:00,27.24,27.1,27.3,60,1.0
2025-06-18 12:00,27.22,27.1,27.4,58,0.967
2025-06-18 13:00,27.15,27.1,27.3,59,0.983
2025-06-18 14:00,27.13,27.1,27.3,56,0.933
2025-06-18 15:00,27.11,27.0,27.3,56,0.933
2025-06-18 16:00,27.12,27.0,27.3,57,0.95
2025-06-18 17:00,27.12,27.0,27.2,57,0.95
2025-06-18 18:00,27.18,27.1,27.3,26,0.433
2025-06-18 19:00,27.13,27.0,27.2,14,0.233
2025-06-18 20:00,27.12,27.0,27.2,13,0.217
2025-06-18 21:00,27.15,27.1,27.2,28,0.467
2025-06-18 22:00,27.2,27.1,27.3,35,0.583
2025-06-18 23:00,27.16,27.0,27.3,29,0.483
2025-06-19 00:00,27.17,27.0,27.5,41,0.683
2025-06-19 01:00,27.18,27.1,27.3,35,0.583
2025-06-19 02:00,27.19,27.1,27.3,26,0.433
2025-06-19 03:00,27.18,27.0,27.3,23,0.383
2025-06-19 04:00,27.16,27.1,27.2,25,0.417
2025-06-19 05:00,27.18,27.0,27.3,52,0.867
2025-06-19 06:00,27.15,27.0,27.3,51,0.85
2025-06-19 07:00,27.09,27.0,27.2,54,0.9
2025-06-19 08:00,27.05,26.9,27.3,54,0.9
2025-06-19 09:00,27.09,27.0,27.2,31,0.517
2025-06-19 10:00,27.06,27.0,27.2,19,0.317
2025-06-19 11:00,27.07,27.0,27.1,23,0.383
2025-06-19 12:00,27.06,27.0,27.2,19,0.317
2025-06-19 13:00,27.05,27.0,27.1,35,0.583
2025-06-19 14:00,27.04,27.0,27.2,60,1.0
2025-06-19 15:00,27.03,26.9,27.2,57,0.95
2025-06-19 16:00,27.01,26.9,27.2,58,0.967
2025-06-19 17:00,27.02,26.9,27.1,55,0.917
2025-06-19 18:00,27.03,26.9,27.1,47,0.783
2025-06-19 19:00,27.01,26.9,27.2,44,0.733
2025-06-19 20:00,27.04,26.9,27.3,24,0.4
2025-06-19 21:00,26.95,26.9,27.0,8,0.133
2025-06-19 22:00,26.99,26.9,27.1,14,0.233
2025-06-19 23:00,26.97,26.9,27.1,23,0.383
2025-06-20 00:00,26.99,26.9,27.1,23,0.383
2025-06-20 01:00,27.0,26.9,27.2,26,0.433
2025-06-20 02:00,27.04,26.9,27.2,32,0.533
2025-06-20 03:00,27.03,26.9,27.2,37,0.617
2025-06-20 04:00,27.02,26.9,27.1,37,0.617
2025-06-20 05:00,27.03,26.9,27.1,23,0.383
2025-06-20 06:00,27.05,26.9,27.2,34,0.567
2025-06-20 07:00,27.04,26.9,27.2,45,0.75
2025-06-20 08:00,26.95,26.9,27.1,35,0.583
2025-06-20 09:00,27.02,26.9,27.1,26,0.433
2025-06-20 10:00,27.01,27.0,27.1,26,0.433
2025-06-20 11:00,27.01,26.9,27.1,28,0.467
2025-06-20 12:00,27.03,26.9,27.2,30,0.5
2025-06-20 13:00,26.99,26.9,27.1,27,0.45
2025-06-20 14:00,26.98,26.9,27.0,20,0.333
2025-06-20 15:00,27.01,26.9,27.1,17,0.283
2025-06-20 16:00,26.99,26.9,27.0,13,0.217
2025-06-20 17:00,27.02,27.0,27.1,13,0.217
2025-06-20 18:00,26.96,26.9,27.0,13,0.217
2025-06-20 19:00,26.97,26.9,27.1,44,0.733
2025-06-20 20:00,26.96,26.9,27.1,45,0.75
2025-06-20 21:00,26.92,26.8,27.1,46,0.767
2025-06-20 22:00,26.91,26.8,27.0,41,0.683
2025-06-20 23:00,26.92,26.9,27.1,45,0.75
2025-06-21 00:00,26.91,26.8,27.1,48,0.8
2025-06-21 01:00,26.93,26.9,27.1,40,0.667
2025-06-21 02:00,26.92,26.9,27.1,57,0.95
2025-06-21 03:00,26.96,26.9,27.1,49,0.817
2025-06-21 04:00,26.98,26.9,27.3,53,0.883
2025-06-21 05:00,26.97,26.9,27.1,50,0.833
2025-06-21 06:00,26.95,26.8,27.1,55,0.917
2025-06-21 07:00,26.92,26.9,27.0,51,0.85
2025-06-21 08:00,26.89,26.8,27.0,53,0.883
2025-06-21 09:00,26.88,26.8,27.1,53,0.883
2025-06-21 10:00,26.88,26.8,27.1,56,0.933
2025-06-21 11:00,26.87,26.8,27.0,50,0.833
2025-06-21 12:00,26.85,26.8,27.1,46,0.767
2025-06-21 13:00,26.81,26.8,27.0,49,0.817
2025-06-21 14:00,26.83,26.8,27.0,50,0.833
2025-06-21 15:00,26.86,26.7,27.0,49,0.817
2025-06-21 16:00,26.88,26.8,27.1,47,0.783
2025-06-21 17:00,26.9,26.8,27.1,41,0.683
2025-06-21 18:00,26.92,26.8,27.0,43,0.717
2025-06-21 19:00,26.94,26.9,27.0,30,0.5
2025-06-21 20:00,26.95,26.9,27.2,41,0.683
2025-06-21 21:00,26.92,26.8,27.1,52,0.867
2025-06-21 22:00,26.92,26.8,27.3,53,0.883
2025-06-21 23:00,26.91,26.8,27.0,57,0.95
2025-06-22 00:00,26.89,26.8,27.0,53,0.883
2025-06-22 01:00,26.85,26.8,27.0,58,0.967
2025-06-22 02:00,26.84,26.8,27.1,51,0.85
2025-06-22 03:00,26.84,26.8,27.1,57,0.95
2025-06-22 04:00,26.83,26.8,26.9,54,0.9
2025-06-22 05:00,26.83,26.8,26.9,59,0.983
2025-06-22 06:00,26.87,26.6,27.3,57,0.95
2025-06-22 07:00,26.83,26.8,27.0,52,0.867
2025-06-22 08:00,26.84,26.7,27.0,25,0.417
2025-06-22 09:00,26.76,26.7,26.8,21,0.35
2025-06-22 10:00,26.84,26.7,26.9,25,0.417
2025-06-22 11:00,26.81,26.7,26.9,34,0.567
2025-06-22 12:00,26.78,26.7,26.9,21,0.35
2025-06-22 13:00,26.79,26.7,26.9,24,0.4
2025-06-22 14:00,26.8,26.7,26.9,24,0.4
2025-06-22 15:00,26.79,26.7,26.9,29,0.483
2025-06-22 16:00,26.8,26.7,27.0,39,0.65
2025-06-22 17:00,26.79,26.7,26.9,36,0.6
2025-06-22 18:00,26.79,26.6,26.9,47,0.783
2025-06-22 19:00,26.81,26.7,26.9,50,0.833
2025-06-22 20:00,26.81,26.7,27.0,54,0.9
2025-06-22 21:00,26.82,26.7,27.0,41,0.683
2025-06-22 22:00,26.78,26.7,27.1,54,0.9
2025-06-22 23:00,26.75,26.7,26.9,60,1.0
2025-06-23 00:00,26.73,26.7,26.9,57,0.95
2025-06-23 01:00,26.71,26.6,26.9,60,1.0
2025-06-23 02:00,26.71,26.6,26.8,59,0.983
2025-06-23 03:00,26.7,26.6,26.8,60,1.0
2025-06-23 04:00,26.7,26.6,26.8,59,0.983
2025-06-23 05:00,26.71,26.6,26.9,60,1.0
2025-06-23 06:00,26.72,26.6,26.9,60,1.0
2025-06-23 07:00,26.74,26.6,27.0,48,0.8
2025-06-23 08:00,26.72,26.6,26.8,19,0.317
2025-06-23 09:00,26.6,26.5,26.7,45,0.75
2025-06-23 10:00,26.63,26.5,26.9,55,0.917
2025-06-23 11:00,26.64,26.5,26.8,54,0.9
2025-06-23 12:00,26.64,26.6,26.7,54,0.9
2025-06-23 13:00,26.68,26.6,26.8,58,0.967
2025-06-23 14:00,26.67,26.6,26.8,59,0.983
2025-06-23 15:00,26.68,26.6,26.8,60,1.0
2025-06-23 16:00,26.69,26.6,26.8,60,1.0
2025-06-23 17:00,26.7,26.6,26.8,60,1.0
2025-06-23 18:00,26.7,26.6,26.8,60,1.0
2025-06-23 19:00,26.71,26.6,26.9,60,1.0
2025-06-23 20:00,26.72,26.6,26.8,59,0.983
2025-06-23 21:00,26.72,26.6,27.0,56,0.933
2025-06-23 22:00,26.71,26.6,27.0,53,0.883
2025-06-23 23:00,26.7,26.6,26.8,56,0.933
2025-06-24 00:00,26.65,26.6,26.8,58,0.967
2025-06-24 01:00,26.63,26.6,26.7,55,0.917
2025-06-24 02:00,26.63,26.6,26.8,56,0.933
2025-06-24 03:00,26.63,26.6,26.8,57,0.95
2025-06-24 04:00,26.62,26.5,26.9,59,0.983
2025-06-24 05:00,26.62,26.6,26.7,56,0.933
2025-06-24 06:00,26.62,26.5,26.7,59,0.983
2025-06-24 07:00,26.66,26.5,26.8,54,0.9
2025-06-24 08:00,26.62,26.5,26.7,28,0.467
2025-06-24 09:00,26.53,26.5,26.7,32,0.533
2025-06-24 10:00,26.52,26.5,26.6,22,0.367
2025-06-24 11:00,26.54,26.4,26.7,31,0.517
2025-06-24 12:00,26.55,26.5,26.8,24,0.4
2025-06-24 13:00,26.54,26.4,26.7,28,0.467
2025-06-24 14:00,26.54,26.4,26.6,51,0.85
2025-06-24 15:00,26.56,26.5,26.7,56,0.933
2025-06-24 16:00,26.56,26.5,26.6,60,1.0
2025-06-24 17:00,26.55,26.4,26.8,60,1.0
2025-06-24 18:00,26.57,26.4,26.8,59,0.983
2025-06-24 19:00,26.58,26.5,26.7,59,0.983
2025-06-24 20:00,26.6,26.5,26.8,60,1.0
2025-06-24 21:00,26.61,26.6,26.7,57,0.95
2025-06-24 22:00,26.64,26.5,26.8,59,0.983
2025-06-24 23:00,26.63,26.5,26.8,60,1.0
2025-06-25 00:00,26.6,26.5,26.7,59,0.983
2025-06-25 01:00,26.58,26.5,26.8,58,0.967
2025-06-25 02:00,26.57,26.5,26.7,60,1.0
2025-06-25 03:00,26.55,26.5,26.7,56,0.933
2025-06-25 04:00,26.52,26.5,26.6,47,0.783
2025-06-25 05:00,26.53,26.4,26.6,46,0.767
2025-06-25 06:00,26.55,26.4,26.7,53,0.883
2025-06-25 07:00,26.57,26.5,26.7,54,0.9
2025-06-25 08:00,26.53,26.5,26.7,22,0.367
2025-06-25 09:00,26.41,26.4,26.5,23,0.383
2025-06-25 10:00,26.41,26.4,26.5,27,0.45
2025-06-25 11:00,26.4,26.3,26.5,28,0.467
2025-06-25 12:00,26.38,26.3,26.5,33,0.55
2025-06-25 13:00,26.36,26.3,26.5,32,0.533
2025-06-25 14:00,26.35,26.3,26.5,46,0.767
2025-06-25 15:00,26.38,26.3,26.5,58,0.967
2025-06-25 16:00,26.38,26.3,26.6,60,1.0
2025-06-25 17:00,26.38,26.3,26.5,60,1.0
2025-06-25 18:00,26.39,26.3,26.5,59,0.983
2025-06-25 19:00,26.45,26.3,26.6,57,0.95
2025-06-25 20:00,26.48,26.4,26.6,60,1.0
2025-06-25 21:00,26.49,26.4,26.8,60,1.0
2025-06-25 22:00,26.49,26.4,26.7,59,0.983
2025-06-25 23:00,26.49,26.4,26.6,59,0.983
2025-06-26 00:00,26.47,26.4,26.7,60,1.0
2025-06-26 01:00,26.46,26.3,26.6,59,0.983
2025-06-26 02:00,26.44,26.3,26.6,59,0.983
2025-06-26 03:00,26.43,26.3,26.5,60,1.0
2025-06-26 04:00,26.42,26.3,26.6,60,1.0
2025-06-26 05:00,26.39,26.3,26.5,59,0.983
2025-06-26 06:00,26.39,26.3,26.6,60,1.0
2025-06-26 07:00,26.42,26.3,26.5,59,0.983
2025-06-26 08:00,26.33,26.2,26.5,47,0.783
2025-06-26 09:00,26.35,26.3,26.6,36,0.6
2025-06-26 10:00,26.28,26.2,26.4,35,0.583
2025-06-26 11:00,26.28,26.2,26.4,40,0.667
2025-06-26 12:00,26.29,26.2,26.5,38,0.633
2025-06-26 13:00,26.24,26.2,26.4,29,0.483
2025-06-26 14:00,26.23,26.1,26.3,39,0.65
2025-06-26 15:00,26.22,26.1,26.4,49,0.817
2025-06-26 16:00,26.22,26.2,26.4,57,0.95
2025-06-26 17:00,26.24,26.1,26.3,60,1.0
2025-06-26 18:00,26.23,26.2,26.4,60,1.0
2025-06-26 19:00,26.27,26.2,26.4,60,1.0
2025-06-26 20:00,26.32,26.2,26.5,60,1.0
2025-06-26 21:00,26.34,26.2,26.5,60,1.0
2025-06-26 22:00,26.36,26.2,26.5,60,1.0
2025-06-26 23:00,26.37,26.3,26.5,60,1.0
2025-06-27 00:00,26.37,25.9,26.8,59,0.983
2025-06-27 01:00,26.37,26.3,26.5,59,0.983
2025-06-27 02:00,26.36,26.2,26.5,60,1.0
2025-06-27 03:00,26.33,26.2,26.5,60,1.0
2025-06-27 04:00,26.32,26.2,26.6,60,1.0
2025-06-27 05:00,26.31,26.2,26.6,60,1.0
2025-06-27 06:00,26.28,26.2,26.4,60,1.0
2025-06-27 07:00,26.29,26.2,26.4,57,0.95
2025-06-27 08:00,26.2,26.1,26.4,42,0.7
2025-06-27 09:00,26.24,26.2,26.4,37,0.617
2025-06-27 10:00,26.18,26.1,26.3,43,0.717
2025-06-27 11:00,26.14,26.1,26.5,47,0.783
2025-06-27 12:00,26.13,26.0,26.3,33,0.55
2025-06-27 13:00,26.11,26.0,26.4,35,0.583
2025-06-27 14:00,26.09,26.0,26.3,32,0.533
2025-06-27 15:00,26.09,26.0,26.2,43,0.717
2025-06-27 16:00,26.08,26.0,26.2,58,0.967
2025-06-27 17:00,26.09,26.0,26.3,60,1.0
2025-06-27 18:00,26.09,26.0,26.2,60,1.0
2025-06-27 19:00,26.1,26.0,26.2,60,1.0
2025-06-27 20:00,26.13,26.1,26.3,57,0.95
2025-06-27 21:00,26.17,26.1,26.3,60,1.0
2025-06-27 22:00,26.18,26.1,26.3,60,1.0
2025-06-27 23:00,26.23,26.1,26.4,60,1.0
2025-06-28 00:00,26.24,26.2,26.3,60,1.0
2025-06-28 01:00,26.25,26.2,26.5,60,1.0
2025-06-28 02:00,26.26,26.2,26.4,60,1.0
2025-06-28 03:00,26.25,26.2,26.4,60,1.0
2025-06-28 04:00,26.24,26.2,26.4,60,1.0
2025-06-28 05:00,26.24,26.2,26.4,60,1.0
2025-06-28 06:00,26.19,26.1,26.3,55,0.917
2025-06-28 07:00,26.1,26.0,26.2,46,0.767
2025-06-28 08:00,26.1,26.0,26.2,40,0.667
2025-06-28 09:00,25.99,25.9,26.1,37,0.617
2025-06-28 10:00,25.97,25.9,26.0,33,0.55
2025-06-28 11:00,25.96,25.9,26.0,29,0.483
2025-06-28 12:00,25.93,25.9,26.1,36,0.6
2025-06-28 13:00,25.91,25.9,26.0,22,0.367
2025-06-28 14:00,25.95,25.9,26.1,21,0.35
2025-06-28 15:00,25.97,25.9,26.1,43,0.717
2025-06-28 16:00,25.98,25.9,26.1,55,0.917
2025-06-28 17:00,26.0,25.9,26.1,51,0.85
2025-06-28 18:00,26.01,25.9,26.1,55,0.917
2025-06-28 19:00,26.0,25.9,26.2,48,0.8
2025-06-28 20:00,25.99,25.9,26.1,59,0.983
2025-06-28 21:00,25.99,25.9,26.1,60,1.0
2025-06-28 22:00,25.91,25.8,26.1,60,1.0
2025-06-28 23:00,25.92,25.9,26.0,59,0.983
2025-06-29 00:00,25.92,25.8,26.0,50,0.833
2025-06-29 01:00,25.92,25.8,26.0,51,0.85
2025-06-29 02:00,25.93,25.9,26.1,59,0.983
2025-06-29 03:00,25.92,25.8,26.0,54,0.9
2025-06-29 04:00,25.91,25.8,26.2,48,0.8
2025-06-29 05:00,25.94,25.8,26.2,47,0.783
2025-06-29 06:00,25.92,25.8,26.0,54,0.9
2025-06-29 07:00,25.92,25.8,26.1,58,0.967
2025-06-29 08:00,25.85,25.7,26.0,52,0.867
2025-06-29 09:00,25.8,25.7,25.9,50,0.833
2025-06-29 10:00,25.72,25.7,25.8,40,0.667
2025-06-29 11:00,25.73,25.6,25.9,49,0.817
2025-06-29 12:00,25.73,25.6,26.0,49,0.817
2025-06-29 13:00,25.69,25.6,25.9,59,0.983
2025-06-29 14:00,25.68,25.6,25.8,58,0.967
2025-06-29 15:00,25.67,25.6,25.8,60,1.0
2025-06-29 16:00,25.71,25.6,25.8,56,0.933
2025-06-29 17:00,25.74,25.6,25.8,60,1.0
2025-06-29 18:00,25.77,25.7,26.0,57,0.95
2025-06-29 19:00,25.79,25.7,25.8,56,0.933
2025-06-29 20:00,25.78,25.7,26.1,59,0.983
2025-06-29 21:00,25.78,25.7,26.0,60,1.0
2025-06-29 22:00,25.76,25.6,25.9,60,1.0
2025-06-29 23:00,25.74,25.6,25.9,60,1.0
2025-06-30 00:00,25.72,25.6,25.8,59,0.983
2025-06-30 01:00,25.71,25.6,25.8,60,1.0
2025-06-30 02:00,25.7,25.6,25.9,60,1.0
2025-06-30 03:00,25.72,25.6,26.1,60,1.0
2025-06-30 04:00,25.72,25.6,25.9,60,1.0
2025-06-30 05:00,25.73,25.6,25.8,60,1.0
2025-06-30 06:00,25.75,25.6,25.9,60,1.0
2025-06-30 07:00,25.75,25.6,25.9,60,1.0
2025-06-30 08:00,25.67,25.6,25.8,59,0.983
2025-06-30 09:00,25.59,25.5,25.9,58,0.967
2025-06-30 10:00,25.59,25.5,25.8,53,0.883
2025-06-30 11:00,25.56,25.5,25.6,14,0.233
2025-06-30 12:00,25.54,25.5,25.8,30,0.5
2025-06-30 13:00,25.54,25.5,25.6,30,0.5
2025-06-30 14:00,25.57,25.5,25.6,27,0.45
2025-06-30 15:00,25.58,25.5,25.7,49,0.817
2025-06-30 16:00,25.59,25.5,25.8,58,0.967
2025-06-30 17:00,25.59,25.5,25.7,60,1.0
2025-06-30 18:00,25.59,25.5,25.7,59,0.983
2025-06-30 19:00,25.6,25.5,25.7,58,0.967
2025-06-30 20:00,25.57,25.5,25.7,60,1.0
2025-06-30 21:00,25.56,25.5,25.7,60,1.0
2025-06-30 22:00,25.54,25.5,25.7,60,1.0
2025-06-30 23:00,25.54,25.5,25.8,60,1.0
2025-07-01 00:00,25.54,25.5,25.7,60,1.0
2025-07-01 01:00,25.53,25.5,25.7,26,0.433
2025-07-01 08:00,25.33,25.2,25.5,59,0.983
2025-07-01 09:00,25.23,25.2,25.3,49,0.817
2025-07-01 10:00,25.29,25.2,25.5,39,0.65
2025-07-01 11:00,25.29,25.2,25.4,36,0.6
2025-07-01 12:00,25.27,25.2,25.5,46,0.767
2025-07-01 13:00,25.24,25.1,25.3,45,0.75
2025-07-01 14:00,25.23,25.1,25.3,52,0.867
2025-07-01 15:00,25.25,25.2,25.4,50,0.833
2025-07-01 16:00,25.25,25.2,25.4,60,1.0
2025-07-01 17:00,25.25,25.2,25.4,60,1.0
2025-07-01 18:00,25.27,25.2,25.4,57,0.95
2025-07-01 19:00,25.26,25.2,25.4,47,0.783
2025-07-01 20:00,25.23,25.1,25.3,56,0.933
2025-07-01 21:00,25.22,25.2,25.4,39,0.65
2025-07-01 22:00,25.21,25.2,25.3,31,0.517
2025-07-01 23:00,25.22,25.2,25.3,40,0.667
2025-07-02 00:00,25.21,25.2,25.3,38,0.633
2025-07-02 01:00,25.24,25.2,25.4,40,0.667
2025-07-02 02:00,25.23,25.2,25.5,51,0.85
2025-07-02 03:00,25.25,25.2,25.4,47,0.783
2025-07-02 04:00,25.25,25.2,25.4,51,0.85
2025-07-02 05:00,25.27,25.2,25.4,51,0.85
2025-07-02 06:00,25.28,25.2,25.4,24,0.4
2025-07-02 07:00,25.23,25.1,25.4,44,0.733
2025-07-02 08:00,25.22,25.1,25.4,40,0.667
2025-07-02 09:00,25.1,25.0,25.2,46,0.767
2025-07-02 10:00,25.13,25.1,25.2,47,0.783
2025-07-02 11:00,25.13,25.0,25.2,51,0.85
2025-07-02 12:00,25.1,25.0,25.2,36,0.6
2025-07-02 13:00,25.11,25.0,25.2,42,0.7
2025-07-02 14:00,25.12,25.0,25.2,48,0.8
2025-07-02 15:00,25.1,25.0,25.3,57,0.95
2025-07-02 16:00,25.1,25.0,25.2,60,1.0
2025-07-02 17:00,25.11,25.0,25.2,59,0.983
2025-07-02 18:00,25.11,25.0,25.4,51,0.85
2025-07-02 19:00,25.12,25.0,25.4,49,0.817
2025-07-02 20:00,25.1,25.0,25.2,60,1.0
2025-07-02 21:00,25.09,25.0,25.2,58,0.967
2025-07-02 22:00,25.08,25.0,25.2,57,0.95
2025-07-02 23:00,25.03,25.0,25.2,59,0.983
2025-07-03 00:00,25.06,25.0,25.1,58,0.967
2025-07-03 01:00,25.08,25.0,25.2,59,0.983
2025-07-03 02:00,25.08,25.0,25.3,57,0.95
2025-07-03 03:00,25.11,25.0,25.2,54,0.9
2025-07-03 04:00,25.08,25.0,25.2,53,0.883
2025-07-03 05:00,25.1,25.0,25.3,57,0.95
2025-07-03 06:00,25.11,25.0,25.3,42,0.7
2025-07-03 07:00,25.14,25.0,25.3,18,0.3
2025-07-03 08:00,25.04,25.0,25.2,28,0.467
2025-07-03 09:00,25.02,24.9,25.2,51,0.85
2025-07-03 10:00,24.96,24.9,25.0,37,0.617
2025-07-03 11:00,24.94,24.9,25.0,36,0.6
2025-07-03 12:00,24.94,24.9,25.0,24,0.4
2025-07-03 13:00,24.95,24.9,25.0,27,0.45
2025-07-03 14:00,24.96,24.9,25.0,48,0.8
2025-07-03 15:00,24.98,24.9,25.2,35,0.583
2025-07-03 16:00,24.98,24.9,25.1,45,0.75
2025-07-03 17:00,25.01,24.9,25.1,28,0.467
2025-07-03 18:00,25.02,24.9,25.1,19,0.317
2025-07-03 19:00,25.04,24.9,25.2,59,0.983
2025-07-03 20:00,25.07,25.0,25.2,51,0.85
2025-07-04 07:00,25.02,25.0,25.1,6,0.1
2025-07-04 08:00,24.99,24.9,25.3,33,0.55
2025-07-04 09:00,24.88,24.8,25.0,43,0.717
2025-07-04 10:00,24.82,24.8,24.9,39,0.65
2025-07-04 11:00,24.83,24.8,24.9,38,0.633
2025-07-04 12:00,24.82,24.8,24.9,29,0.483
2025-07-04 13:00,24.82,24.8,25.0,41,0.683
2025-07-04 14:00,24.8,24.7,24.9,34,0.567
2025-07-04 15:00,24.83,24.7,25.0,53,0.883
2025-07-04 16:00,24.87,24.8,25.0,30,0.5
2025-07-04 17:00,24.85,24.8,25.0,44,0.733
2025-07-04 18:00,24.88,24.7,25.0,56,0.933
2025-07-04 19:00,24.89,24.8,25.0,58,0.967
2025-07-04 20:00,24.89,24.8,25.0,59,0.983
2025-07-04 21:00,24.91,24.8,25.0,58,0.967
2025-07-04 22:00,24.92,24.8,25.2,60,1.0
2025-07-04 23:00,24.88,24.8,25.1,60,1.0
2025-07-05 00:00,24.87,24.8,25.1,60,1.0
2025-07-05 01:00,24.85,24.8,24.9,60,1.0
2025-07-05 02:00,24.84,24.8,25.0,60,1.0
2025-07-05 03:00,24.83,24.8,25.0,32,0.533
2025-07-05 09:00,24.77,24.7,24.9,31,0.517
2025-07-05 10:00,24.74,24.7,24.9,27,0.45
2025-07-05 11:00,24.73,24.6,24.9,43,0.717
2025-07-05 12:00,24.7,24.6,24.8,36,0.6
2025-07-05 13:00,24.69,24.6,24.8,36,0.6
2025-07-05 14:00,24.68,24.6,24.9,42,0.7
2025-07-05 15:00,24.66,24.5,24.9,47,0.783
2025-07-05 16:00,24.61,24.5,24.7,40,0.667
2025-07-05 17:00,24.59,24.5,24.8,19,0.317
2025-07-05 19:00,24.67,24.6,24.7,9,0.15
2025-07-05 21:00,24.6,24.6,24.6,1,0.017
2025-07-05 22:00,24.6,24.5,24.7,5,0.083
2025-07-05 23:00,24.59,24.5,24.7,7,0.117
2025-07-06 00:00,24.6,24.5,24.7,10,0.167
2025-07-06 01:00,24.58,24.5,24.6,6,0.1
2025-07-06 02:00,24.58,24.5,24.7,8,0.133
2025-07-06 03:00,24.6,24.5,24.7,10,0.167
2025-07-06 04:00,24.5,24.5,24.5,4,0.067
2025-07-06 10:00,24.48,24.4,24.6,17,0.283
2025-07-06 11:00,24.47,24.4,24.7,37,0.617
2025-07-06 12:00,24.46,24.4,24.6,30,0.5
2025-07-06 13:00,24.43,24.4,24.5,28,0.467
2025-07-06 14:00,24.48,24.4,24.7,36,0.6
2025-07-06 15:00,24.48,24.4,24.6,31,0.517
2025-07-06 16:00,24.52,24.4,24.6,19,0.317
2025-07-06 17:00,24.4,24.4,24.4,1,0.017
2025-07-06 22:00,24.5,24.5,24.5,1,0.017
2025-07-07 09:00,24.46,24.4,24.6,8,0.133
2025-07-07 10:00,25.06,24.7,25.3,16,0.267
2025-07-07 11:00,24.91,24.8,25.1,37,0.617
2025-07-07 12:00,24.89,24.8,25.0,19,0.317
2025-07-07 13:00,24.78,24.7,24.9,13,0.217
2025-07-07 14:00,24.73,24.7,24.9,24,0.4
2025-07-07 15:00,24.73,24.7,24.8,24,0.4
2025-07-07 16:00,24.71,24.7,24.8,19,0.317
2025-07-07 17:00,24.72,24.7,24.8,4,0.067
2025-07-07 18:00,24.73,24.7,24.9,15,0.25
2025-07-07 19:00,24.7,24.6,24.8,28,0.467
2025-07-07 20:00,24.68,24.6,24.8,8,0.133
2025-07-08 05:00,24.8,24.8,24.8,1,0.017
2025-07-08 06:00,24.73,24.7,24.8,9,0.15
2025-07-08 07:00,24.78,24.7,24.9,6,0.1
2025-07-08 08:00,24.69,24.6,24.7,11,0.183
2025-07-08 09:00,24.71,24.6,24.8,16,0.267
2025-07-08 10:00,24.71,24.6,24.8,21,0.35
2025-07-08 11:00,24.77,24.7,24.9,16,0.267
2025-07-08 12:00,24.77,24.7,24.9,11,0.183
2025-07-08 13:00,24.75,24.7,24.8,31,0.517
2025-07-08 14:00,24.74,24.7,24.8,20,0.333
2025-07-08 15:00,24.76,24.7,24.9,27,0.45
2025-07-08 16:00,24.74,24.7,24.8,9,0.15
2025-07-08 17:00,24.75,24.7,24.9,11,0.183
2025-07-08 18:00,24.77,24.7,24.8,6,0.1
2025-07-08 20:00,24.7,24.7,24.7,1,0.017
2025-07-08 23:00,24.75,24.7,24.8,2,0.033
2025-07-09 00:00,24.72,24.7,24.8,12,0.2
2025-07-09 01:00,24.73,24.7,25.0,16,0.267
2025-07-09 02:00,24.72,24.6,24.9,13,0.217
2025-07-09 06:00,24.8,24.8,24.8,1,0.017
2025-07-09 07:00,24.6,24.6,24.6,1,0.017
2025-07-09 08:00,24.68,24.6,24.8,4,0.067
2025-07-09 09:00,24.68,24.6,24.8,26,0.433
2025-07-09 10:00,24.72,24.6,24.9,26,0.433
2025-07-09 11:00,24.68,24.5,24.8,21,0.35
2025-07-09 12:00,24.7,24.6,24.8,12,0.2
2025-07-09 13:00,24.67,24.6,24.7,14,0.233
2025-07-09 14:00,24.72,24.7,24.8,24,0.4
2025-07-09 15:00,24.7,24.6,24.8,27,0.45
2025-07-09 16:00,24.7,24.6,24.8,29,0.483
2025-07-09 17:00,24.78,24.7,24.9,4,0.067
2025-07-09 18:00,24.68,24.6,24.8,5,0.083
2025-07-09 19:00,24.69,24.6,24.8,15,0.25
2025-07-09 20:00,24.68,24.6,24.8,20,0.333
2025-07-09 21:00,24.65,24.6,24.7,14,0.233
2025-07-09 22:00,24.62,24.5,24.7,14,0.233
2025-07-09 23:00,24.63,24.5,24.8,19,0.317
2025-07-10 00:00,24.59,24.5,24.8,18,0.3
2025-07-10 01:00,24.57,24.5,24.7,12,0.2
2025-07-10 02:00,24.6,24.5,24.7,3,0.05
2025-07-10 04:00,24.54,24.5,24.6,8,0.133
2025-07-10 05:00,24.59,24.5,24.8,16,0.267
2025-07-10 06:00,24.65,24.5,24.8,8,0.133
2025-07-10 07:00,24.58,24.5,24.8,13,0.217
2025-07-10 08:00,24.67,24.5,24.8,7,0.117
2025-07-10 09:00,24.54,24.5,24.8,19,0.317
2025-07-10 10:00,24.55,24.5,24.6,35,0.583
2025-07-10 11:00,24.6,24.5,24.7,33,0.55
2025-07-10 12:00,24.6,24.5,24.7,44,0.733
2025-07-10 13:00,24.61,24.5,24.7,19,0.317
2025-07-10 14:00,24.6,24.5,24.7,6,0.1
2025-07-10 15:00,24.6,24.5,24.7,11,0.183
2025-07-10 16:00,24.61,24.6,24.7,7,0.117
2025-07-10 18:00,24.6,24.6,24.6,1,0.017
2025-07-10 19:00,24.62,24.6,24.7,4,0.067
2025-07-10 20:00,24.6,24.6,24.6,4,0.067
2025-07-10 21:00,24.6,24.5,24.7,3,0.05
2025-07-10 22:00,24.6,24.5,24.7,2,0.033
2025-07-11 01:00,24.6,24.5,24.7,6,0.1
2025-07-11 02:00,24.55,24.5,24.7,12,0.2
2025-07-11 03:00,24.56,24.5,24.8,17,0.283
2025-07-11 04:00,24.55,24.5,24.6,11,0.183
2025-07-11 05:00,24.55,24.5,24.7,13,0.217
2025-07-11 06:00,24.54,24.5,24.6,7,0.117
2025-07-11 07:00,24.58,24.5,24.7,12,0.2
2025-07-11 08:00,24.55,24.4,24.6,21,0.35
2025-07-11 09:00,24.54,24.4,24.7,49,0.817
2025-07-11 10:00,24.46,24.4,24.6,39,0.65
2025-07-11 11:00,24.45,24.4,24.6,25,0.417
2025-07-11 12:00,24.41,24.4,24.5,19,0.317
2025-07-11 13:00,24.43,24.4,24.5,14,0.233
2025-07-11 14:00,24.48,24.4,24.6,16,0.267
2025-07-11 15:00,24.46,24.4,24.6,20,0.333
2025-07-11 16:00,24.47,24.4,24.6,18,0.3
2025-07-11 17:00,24.51,24.4,24.7,20,0.333
2025-07-11 18:00,24.48,24.4,24.6,9,0.15
2025-07-11 19:00,24.51,24.4,24.6,10,0.167
2025-07-11 20:00,24.59,24.5,24.6,8,0.133
2025-07-11 21:00,24.6,24.6,24.6,2,0.033
2025-07-11 22:00,24.6,24.6,24.6,10,0.167
2025-07-11 23:00,24.57,24.5,24.6,3,0.05
2025-07-12 03:00,24.6,24.6,24.6,1,0.017
2025-07-12 06:00,24.6,24.6,24.6,1,0.017
2025-07-12 07:00,24.6,24.6,24.6,5,0.083
2025-07-12 08:00,24.54,24.4,24.6,33,0.55
2025-07-12 09:00,24.49,24.4,24.6,33,0.55
2025-07-12 10:00,24.46,24.4,24.5,33,0.55
2025-07-12 11:00,24.48,24.4,24.5,28,0.467
2025-07-12 12:00,24.45,24.4,24.5,29,0.483
2025-07-12 13:00,24.45,24.4,24.6,34,0.567
2025-07-12 14:00,24.47,24.4,24.6,11,0.183
2025-07-12 15:00,24.46,24.4,24.5,14,0.233
2025-07-12 16:00,24.45,24.4,24.5,4,0.067
2025-07-12 17:00,24.48,24.4,24.6,21,0.35
2025-07-12 18:00,24.5,24.4,24.6,42,0.7
2025-07-12 19:00,24.52,24.4,24.7,39,0.65
2025-07-12 20:00,24.52,24.4,24.6,46,0.767
2025-07-12 21:00,24.53,24.5,24.6,3,0.05
2025-07-13 06:00,24.6,24.6,24.6,1,0.017
2025-07-13 07:00,24.6,24.6,24.6,2,0.033
2025-07-13 08:00,24.57,24.5,24.7,19,0.317
2025-07-13 09:00,24.54,24.5,24.7,34,0.567
2025-07-13 10:00,24.53,24.5,24.6,23,0.383
2025-07-13 11:00,24.56,24.5,24.7,28,0.467
2025-07-13 12:00,24.55,24.5,24.7,24,0.4
2025-07-13 13:00,24.56,24.5,24.7,28,0.467
2025-07-13 14:00,24.51,24.4,24.7,17,0.283
2025-07-13 15:00,24.49,24.4,24.5,18,0.3
2025-07-13 16:00,24.5,24.5,24.5,1,0.017
2025-07-13 19:00,24.5,24.4,24.6,8,0.133
2025-07-13 20:00,24.49,24.4,24.6,52,0.867
2025-07-13 21:00,24.49,24.4,24.5,11,0.183
2025-07-13 22:00,24.55,24.4,24.6,10,0.167
2025-07-13 23:00,24.55,24.5,24.6,4,0.067
2025-07-14 00:00,24.53,24.5,24.6,3,0.05
2025-07-14 01:00,24.57,24.5,24.6,6,0.1
2025-07-14 02:00,24.57,24.5,24.6,7,0.117
2025-07-14 03:00,24.58,24.5,24.7,6,0.1
2025-07-14 04:00,24.6,24.5,24.7,3,0.05
2025-07-14 05:00,24.63,24.6,24.7,7,0.117
2025-07-14 06:00,24.59,24.5,24.7,13,0.217
2025-07-14 07:00,24.53,24.5,24.6,7,0.117
2025-07-14 08:00,24.55,24.5,24.6,18,0.3
2025-07-14 09:00,24.58,24.5,24.6,24,0.4
2025-07-14 10:00,24.57,24.5,24.7,31,0.517
2025-07-14 11:00,24.57,24.5,24.7,52,0.867
2025-07-14 12:00,24.56,24.5,24.8,53,0.883
2025-07-14 13:00,24.56,24.5,24.7,44,0.733
2025-07-14 14:00,24.55,24.5,24.6,31,0.517
2025-07-14 15:00,24.56,24.5,24.7,42,0.7
2025-07-14 16:00,24.56,24.5,24.6,52,0.867
2025-07-14 17:00,24.56,24.5,24.7,57,0.95
2025-07-14 18:00,24.54,24.5,24.6,53,0.883
2025-07-14 19:00,24.52,24.5,24.6,9,0.15
2025-07-14 20:00,24.52,24.5,24.6,6,0.1
2025-07-14 21:00,24.6,24.5,24.7,2,0.033
2025-07-14 22:00,24.52,24.5,24.6,6,0.1
2025-07-14 23:00,24.54,24.5,24.6,9,0.15
2025-07-15 00:00,24.57,24.5,24.6,3,0.05
2025-07-15 06:00,24.6,24.5,24.7,3,0.05
2025-07-15 07:00,24.64,24.6,24.8,10,0.167
2025-07-15 08:00,24.65,24.6,24.9,27,0.45
2025-07-15 09:00,24.66,24.6,24.7,20,0.333
2025-07-15 10:00,24.63,24.6,24.7,33,0.55
2025-07-15 11:00,24.54,24.5,24.6,29,0.483
2025-07-15 12:00,24.54,24.5,24.6,18,0.3
2025-07-15 13:00,24.57,24.5,24.7,13,0.217
2025-07-15 14:00,24.56,24.5,24.7,12,0.2
2025-07-15 15:00,24.6,24.5,24.7,27,0.45
2025-07-15 16:00,24.63,24.6,24.7,25,0.417
2025-07-15 17:00,24.64,24.6,24.9,24,0.4
2025-07-15 18:00,24.63,24.6,24.7,15,0.25
2025-07-15 19:00,24.63,24.6,24.7,29,0.483
2025-07-15 20:00,24.64,24.5,24.7,34,0.567
2025-07-15 21:00,24.65,24.5,24.9,46,0.767
2025-07-15 22:00,24.64,24.5,24.7,44,0.733
2025-07-15 23:00,24.62,24.5,24.9,49,0.817
2025-07-16 00:00,24.63,24.5,24.7,53,0.883
2025-07-16 01:00,24.64,24.5,24.8,52,0.867
2025-07-16 02:00,24.6,24.5,24.7,51,0.85
2025-07-16 03:00,24.62,24.5,24.7,33,0.55
2025-07-16 08:00,24.62,24.5,24.7,25,0.417
2025-07-16 09:00,24.66,24.6,24.8,38,0.633
2025-07-16 10:00,24.65,24.6,24.8,43,0.717
2025-07-16 11:00,24.67,24.6,24.8,38,0.633
2025-07-16 12:00,24.63,24.6,24.7,43,0.717
2025-07-16 13:00,24.64,24.6,24.7,24,0.4
2025-07-16 14:00,24.62,24.6,24.7,20,0.333
2025-07-16 15:00,24.66,24.6,24.9,15,0.25
2025-07-16 16:00,24.63,24.6,24.7,12,0.2
2025-07-17 06:00,24.6,24.6,24.6,1,0.017
2025-07-17 08:00,24.67,24.6,24.7,7,0.117
2025-07-17 09:00,24.66,24.6,24.8,27,0.45
2025-07-17 10:00,24.65,24.5,24.9,32,0.533
2025-07-17 11:00,24.63,24.5,24.8,44,0.733
2025-07-17 12:00,24.65,24.5,24.9,35,0.583
2025-07-17 13:00,24.66,24.6,24.8,22,0.367
2025-07-17 14:00,24.65,24.6,24.7,18,0.3
2025-07-17 15:00,24.69,24.6,24.8,9,0.15
2025-07-17 16:00,24.66,24.6,24.8,35,0.583
2025-07-17 17:00,24.66,24.6,24.8,28,0.467
2025-07-17 18:00,24.66,24.6,24.8,33,0.55
2025-07-17 19:00,24.66,24.6,24.8,47,0.783
2025-07-17 20:00,24.67,24.6,24.8,51,0.85
2025-07-17 21:00,24.67,24.6,24.8,49,0.817
2025-07-17 22:00,24.67,24.5,24.8,54,0.9
2025-07-17 23:00,24.67,24.6,24.8,55,0.917
2025-07-18 00:00,24.67,24.5,24.8,53,0.883
2025-07-18 01:00,24.61,24.5,24.8,57,0.95
2025-07-18 02:00,24.61,24.5,24.7,57,0.95
2025-07-18 03:00,24.62,24.5,24.9,59,0.983
2025-07-18 04:00,24.6,24.5,24.7,56,0.933
2025-07-18 05:00,24.6,24.5,24.7,44,0.733
2025-07-18 06:00,24.62,24.5,24.7,34,0.567
2025-07-18 07:00,24.64,24.5,24.8,25,0.417
2025-07-18 08:00,24.65,24.5,24.8,26,0.433
2025-07-18 09:00,24.54,24.5,24.7,30,0.5
2025-07-18 10:00,24.5,24.5,24.5,21,0.35
2025-07-18 11:00,24.5,24.4,24.6,23,0.383
2025-07-18 12:00,24.51,24.4,24.6,23,0.383
2025-07-18 13:00,24.5,24.4,24.6,24,0.4
2025-07-18 14:00,24.49,24.4,24.6,20,0.333
2025-07-18 15:00,24.51,24.4,24.6,14,0.233
2025-07-18 16:00,24.47,24.4,24.6,15,0.25
2025-07-18 17:00,24.5,24.4,24.7,15,0.25
2025-07-18 18:00,24.53,24.4,24.6,18,0.3
2025-07-18 19:00,24.57,24.5,24.6,24,0.4
2025-07-18 20:00,24.56,24.5,24.6,25,0.417
2025-07-18 21:00,24.59,24.5,24.8,16,0.267
2025-07-18 22:00,24.54,24.5,24.6,12,0.2
2025-07-18 23:00,24.54,24.4,24.6,18,0.3
2025-07-19 00:00,24.56,24.4,24.8,23,0.383
2025-07-19 01:00,24.52,24.4,24.6,40,0.667
2025-07-19 02:00,24.5,24.4,24.7,21,0.35
2025-07-19 03:00,24.49,24.4,24.6,34,0.567
2025-07-19 04:00,24.47,24.4,24.6,23,0.383
2025-07-19 05:00,24.47,24.4,24.6,12,0.2
2025-07-19 06:00,24.46,24.4,24.6,28,0.467
2025-07-19 07:00,24.49,24.4,24.6,15,0.25
2025-07-19 08:00,24.44,24.4,24.6,16,0.267
2025-07-19 09:00,24.44,24.4,24.5,28,0.467
2025-07-19 10:00,24.47,24.4,24.6,32,0.533
2025-07-19 11:00,24.43,24.4,24.6,38,0.633
2025-07-19 12:00,24.45,24.4,24.6,35,0.583
2025-07-19 13:00,24.48,24.4,24.6,28,0.467
2025-07-19 14:00,24.49,24.4,24.6,24,0.4
2025-07-19 15:00,24.49,24.4,24.6,12,0.2
2025-07-19 16:00,24.5,24.5,24.5,1,0.017
2025-07-19 20:00,24.5,24.5,24.5,1,0.017
2025-07-19 21:00,24.5,24.4,24.6,7,0.117
2025-07-19 22:00,24.52,24.5,24.6,6,0.1
2025-07-19 23:00,24.44,24.4,24.5,5,0.083
2025-07-20 00:00,24.48,24.4,24.6,5,0.083
2025-07-20 01:00,24.42,24.4,24.5,5,0.083
2025-07-20 02:00,24.47,24.4,24.6,7,0.117
2025-07-20 03:00,24.41,24.4,24.5,9,0.15
2025-07-20 04:00,24.42,24.4,24.5,5,0.083
2025-07-20 05:00,24.43,24.4,24.5,6,0.1
2025-07-20 07:00,24.4,24.4,24.4,2,0.033
2025-07-20 08:00,24.39,24.3,24.4,16,0.267
2025-07-20 09:00,24.41,24.3,24.6,24,0.4
2025-07-20 10:00,24.39,24.3,24.5,29,0.483
2025-07-20 11:00,24.37,24.3,24.6,30,0.5
2025-07-20 12:00,24.34,24.3,24.4,32,0.533
2025-07-20 13:00,24.35,24.3,24.5,27,0.45
2025-07-20 14:00,24.38,24.3,24.5,20,0.333
2025-07-20 15:00,24.37,24.3,24.4,3,0.05
2025-07-20 18:00,24.4,24.3,24.5,4,0.067
2025-07-20 19:00,24.38,24.3,24.4,4,0.067
2025-07-20 20:00,24.4,24.4,24.4,2,0.033
2025-07-20 21:00,24.5,24.5,24.5,1,0.017
2025-07-20 22:00,24.4,24.3,24.5,9,0.15
2025-07-20 23:00,24.42,24.3,24.5,18,0.3
2025-07-21 00:00,24.38,24.3,24.5,26,0.433
2025-07-21 01:00,24.34,24.3,24.4,12,0.2
2025-07-21 02:00,24.34,24.3,24.4,7,0.117
2025-07-21 03:00,24.5,24.5,24.5,1,0.017
2025-07-21 04:00,24.36,24.3,24.4,5,0.083
2025-07-21 05:00,24.33,24.3,24.4,11,0.183
2025-07-21 06:00,24.36,24.3,24.5,10,0.167
2025-07-21 07:00,24.4,24.4,24.4,5,0.083
2025-07-21 08:00,24.36,24.3,24.6,12,0.2
2025-07-21 09:00,24.36,24.3,24.5,22,0.367
2025-07-21 10:00,24.33,24.3,24.4,22,0.367
2025-07-21 11:00,24.33,24.2,24.4,28,0.467
2025-07-21 12:00,24.3,24.2,24.4,37,0.617
2025-07-21 13:00,24.28,24.2,24.4,19,0.317
2025-07-21 14:00,24.27,24.2,24.4,19,0.317
2025-07-21 15:00,24.3,24.2,24.4,20,0.333
2025-07-21 16:00,24.32,24.3,24.4,8,0.133
2025-07-21 17:00,24.2,24.2,24.2,1,0.017
2025-07-21 20:00,24.38,24.3,24.5,12,0.2
2025-07-21 21:00,24.39,24.3,24.5,18,0.3
2025-07-21 22:00,24.42,24.4,24.5,6,0.1
2025-07-21 23:00,24.4,24.4,24.4,6,0.1
2025-07-22 00:00,24.39,24.3,24.4,18,0.3
2025-07-22 01:00,24.39,24.3,24.5,14,0.233
2025-07-22 02:00,24.41,24.3,24.5,9,0.15
2025-07-22 03:00,24.36,24.3,24.4,10,0.167
2025-07-22 04:00,24.39,24.3,24.5,7,0.117
2025-07-22 05:00,24.3,24.3,24.3,11,0.183
2025-07-22 06:00,24.35,24.3,24.5,4,0.067
2025-07-22 07:00,24.38,24.3,24.4,8,0.133
2025-07-22 08:00,24.37,24.3,24.5,9,0.15
2025-07-22 09:00,24.28,24.2,24.4,25,0.417
2025-07-22 10:00,24.27,24.2,24.4,12,0.2
2025-07-22 11:00,24.26,24.2,24.4,21,0.35
2025-07-22 12:00,24.25,24.2,24.4,31,0.517
2025-07-22 13:00,24.25,24.2,24.4,20,0.333
2025-07-22 14:00,24.23,24.2,24.3,16,0.267
2025-07-22 15:00,24.22,24.2,24.3,39,0.65
2025-07-22 16:00,24.27,24.2,24.4,29,0.483
2025-07-22 17:00,24.24,24.2,24.5,54,0.9
2025-07-22 18:00,24.26,24.2,24.4,58,0.967
2025-07-22 19:00,24.28,24.2,24.4,58,0.967
2025-07-22 20:00,24.35,24.2,24.5,58,0.967
2025-07-22 21:00,24.36,24.3,24.5,59,0.983
2025-07-22 22:00,24.36,24.2,24.5,60,1.0
2025-07-22 23:00,24.38,24.3,24.5,60,1.0
2025-07-23 00:00,24.39,24.3,24.5,60,1.0
2025-07-23 01:00,24.39,24.3,24.6,58,0.967
2025-07-23 02:00,24.38,24.3,24.5,60,1.0
2025-07-23 03:00,24.39,24.3,24.5,60,1.0
2025-07-23 04:00,24.38,24.3,24.5,60,1.0
2025-07-23 05:00,24.38,24.3,24.6,59,0.983
2025-07-23 06:00,24.36,24.2,24.5,60,1.0
2025-07-23 07:00,24.4,24.3,24.5,33,0.55
2025-07-23 08:00,24.34,24.2,24.4,22,0.367
2025-07-23 09:00,24.28,24.2,24.4,27,0.45
2025-07-23 10:00,24.24,24.2,24.3,20,0.333
2025-07-23 11:00,24.28,24.2,24.4,33,0.55
2025-07-23 12:00,24.28,24.1,24.4,30,0.5
2025-07-23 13:00,24.23,24.2,24.4,35,0.583
2025-07-23 14:00,24.22,24.2,24.3,40,0.667
2025-07-23 15:00,24.22,24.2,24.3,30,0.5
2025-07-23 16:00,24.21,24.2,24.3,18,0.3
2025-07-23 17:00,24.23,24.2,24.4,43,0.717
2025-07-23 18:00,24.22,24.2,24.4,44,0.733
2025-07-23 19:00,24.23,24.2,24.3,33,0.55
2025-07-23 20:00,24.26,24.2,24.4,34,0.567
2025-07-23 21:00,24.29,24.2,24.4,43,0.717
2025-07-23 22:00,24.31,24.2,24.5,51,0.85
2025-07-23 23:00,24.32,24.2,24.5,56,0.933
2025-07-24 00:00,24.32,24.2,24.4,53,0.883
2025-07-24 01:00,24.34,24.3,24.4,55,0.917
2025-07-24 02:00,24.34,24.3,24.4,58,0.967
2025-07-24 03:00,24.35,24.3,24.5,59,0.983
2025-07-24 04:00,24.34,24.3,24.4,55,0.917
2025-07-24 05:00,24.34,24.3,24.4,45,0.75
2025-07-24 06:00,24.33,24.2,24.6,59,0.983
2025-07-24 07:00,24.34,24.3,24.4,22,0.367
2025-07-24 08:00,24.29,24.2,24.3,14,0.233
2025-07-24 09:00,24.24,24.2,24.4,32,0.533
2025-07-24 10:00,24.2,24.1,24.3,25,0.417
2025-07-24 11:00,24.27,24.2,24.4,35,0.583
2025-07-24 12:00,24.29,24.2,24.5,24,0.4
2025-07-24 13:00,24.25,24.1,24.3,12,0.2
2025-07-24 14:00,24.24,24.2,24.3,9,0.15
2025-07-24 15:00,24.17,24.1,24.2,16,0.267
2025-07-24 16:00,24.18,24.1,24.2,12,0.2
2025-07-24 17:00,24.2,24.2,24.2,8,0.133
2025-07-24 18:00,24.19,24.1,24.2,8,0.133
2025-07-24 19:00,24.18,24.1,24.3,11,0.183
2025-07-24 20:00,24.2,24.1,24.3,5,0.083
2025-07-24 21:00,24.25,24.2,24.4,6,0.1
2025-07-24 22:00,24.3,24.3,24.3,1,0.017
2025-07-24 23:00,24.26,24.2,24.3,7,0.117
2025-07-25 00:00,24.29,24.2,24.4,15,0.25
2025-07-25 01:00,24.3,24.2,24.4,20,0.333
2025-07-25 02:00,24.31,24.2,24.5,18,0.3
2025-07-25 03:00,24.31,24.2,24.5,16,0.267
2025-07-25 04:00,24.28,24.2,24.3,22,0.367
2025-07-25 05:00,24.29,24.2,24.4,12,0.2
2025-07-25 06:00,24.28,24.2,24.4,12,0.2
2025-07-25 07:00,24.3,24.3,24.3,3,0.05
2025-07-25 09:00,24.11,24.1,24.2,14,0.233
2025-07-25 10:00,24.15,24.1,24.2,14,0.233
2025-07-25 11:00,24.19,24.1,24.3,13,0.217
2025-07-25 12:00,24.17,24.1,24.2,15,0.25
2025-07-25 13:00,24.1,24.1,24.1,9,0.15
2025-07-25 14:00,24.1,24.1,24.1,8,0.133
2025-07-25 15:00,24.1,24.1,24.1,5,0.083
2025-07-25 16:00,24.17,24.1,24.3,24,0.4
2025-07-25 17:00,24.2,24.1,24.4,21,0.35
2025-07-25 18:00,24.21,24.1,24.3,20,0.333
2025-07-25 19:00,24.18,24.1,24.3,36,0.6
2025-07-25 20:00,24.15,24.1,24.2,37,0.617
2025-07-25 21:00,24.15,24.1,24.3,52,0.867
2025-07-25 22:00,24.15,24.1,24.4,52,0.867
2025-07-25 23:00,24.15,24.1,24.3,54,0.9
2025-07-26 00:00,24.14,24.1,24.3,38,0.633
2025-07-26 01:00,24.13,24.1,24.2,50,0.833
2025-07-26 02:00,24.15,24.1,24.3,51,0.85
2025-07-26 03:00,24.15,24.1,24.3,36,0.6
2025-07-26 04:00,24.16,24.1,24.3,30,0.5
2025-07-26 05:00,24.15,24.1,24.3,44,0.733
2025-07-26 06:00,24.15,24.1,24.4,40,0.667
2025-07-26 07:00,24.14,24.1,24.2,22,0.367
2025-07-26 08:00,24.22,24.1,24.4,10,0.167
2025-07-26 09:00,24.19,24.1,24.2,12,0.2
2025-07-26 10:00,24.2,24.1,24.3,24,0.4
2025-07-26 11:00,24.19,24.1,24.3,17,0.283
2025-07-26 12:00,24.18,24.1,24.2,33,0.55
2025-07-26 13:00,24.2,24.1,24.3,33,0.55
2025-07-26 14:00,24.22,24.1,24.3,19,0.317
2025-07-26 15:00,24.23,24.2,24.3,41,0.683
2025-07-26 16:00,24.33,24.2,24.4,49,0.817
2025-07-26 17:00,24.35,24.3,24.4,2,0.033
2025-07-26 18:00,24.3,24.3,24.3,1,0.017
2025-07-26 19:00,24.2,24.2,24.2,1,0.017
2025-07-27 00:00,24.37,24.3,24.4,27,0.45
2025-07-27 01:00,24.38,24.3,24.6,54,0.9
2025-07-27 02:00,24.38,24.3,24.5,48,0.8
2025-07-27 03:00,24.39,24.3,24.5,23,0.383
2025-07-27 04:00,24.4,24.4,24.4,2,0.033
2025-07-27 05:00,24.3,24.3,24.3,3,0.05
2025-07-27 08:00,24.23,24.2,24.3,6,0.1
2025-07-27 09:00,24.2,24.2,24.2,1,0.017
2025-07-27 10:00,24.19,24.1,24.3,18,0.3
2025-07-27 11:00,24.22,24.2,24.3,4,0.067
2025-07-27 12:00,24.26,24.2,24.3,7,0.117
2025-07-27 13:00,24.14,24.1,24.3,10,0.167
2025-07-27 14:00,24.12,24.1,24.2,5,0.083
2025-07-27 15:00,24.13,24.1,24.2,6,0.1
2025-07-27 16:00,24.1,24.1,24.1,6,0.1
2025-07-27 17:00,24.1,24.1,24.1,9,0.15
2025-07-27 18:00,24.14,24.1,24.2,5,0.083
2025-07-27 19:00,24.12,24.1,24.2,9,0.15
2025-07-27 20:00,24.14,24.1,24.2,8,0.133
2025-07-27 21:00,24.14,24.1,24.3,12,0.2
2025-07-27 22:00,24.16,24.1,24.2,7,0.117
2025-07-27 23:00,24.2,24.1,24.3,9,0.15
2025-07-28 00:00,24.1,24.1,24.1,1,0.017
2025-07-28 01:00,24.2,24.2,24.2,1,0.017
2025-07-28 03:00,24.3,24.3,24.3,1,0.017
2025-07-28 04:00,24.2,24.2,24.2,2,0.033
2025-07-28 06:00,24.23,24.2,24.3,3,0.05
2025-07-28 08:00,24.2,24.1,24.3,9,0.15
2025-07-28 09:00,24.22,24.1,24.3,8,0.133
2025-07-28 10:00,24.11,24.0,24.3,29,0.483
2025-07-28 11:00,24.08,24.0,24.2,46,0.767
2025-07-28 12:00,24.06,24.0,24.1,42,0.7
2025-07-28 13:00,24.22,24.0,24.5,45,0.75
2025-07-28 14:00,24.3,24.2,24.4,21,0.35
2025-07-28 15:00,24.3,24.2,24.4,9,0.15
2025-07-28 16:00,24.37,24.3,24.6,28,0.467
2025-07-28 17:00,24.35,24.3,24.5,16,0.267
2025-07-28 18:00,24.33,24.3,24.4,26,0.433
2025-07-28 19:00,24.32,24.3,24.4,5,0.083
2025-07-28 20:00,24.36,24.3,24.4,16,0.267
2025-07-28 21:00,24.36,24.3,24.5,34,0.567
2025-07-28 22:00,24.37,24.3,24.5,38,0.633
2025-07-28 23:00,24.4,24.3,24.5,51,0.85
2025-07-29 00:00,24.41,24.3,24.5,18,0.3
2025-08-09 10:00,23.97,23.9,24.2,60,1.0
2025-08-09 11:00,23.96,23.9,24.1,60,1.0
2025-08-09 12:00,23.95,23.9,24.1,60,1.0
2025-08-09 13:00,23.98,23.9,24.1,60,1.0
2025-08-09 14:00,23.99,23.9,24.1,60,1.0
2025-08-09 15:00,24.0,23.9,24.2,60,1.0
2025-08-09 16:00,23.99,23.9,24.1,59,0.983
2025-08-09 17:00,24.01,23.9,24.1,48,0.8
2025-08-09 18:00,24.03,24.0,24.2,52,0.867
2025-08-09 19:00,24.04,24.0,24.2,45,0.75
2025-08-09 20:00,24.04,23.9,24.3,57,0.95
2025-08-09 21:00,24.01,23.9,24.1,60,1.0
2025-08-09 22:00,24.02,23.9,24.1,60,1.0
2025-08-09 23:00,24.01,23.9,24.1,57,0.95
2025-08-10 00:00,23.99,23.9,24.1,58,0.967
2025-08-10 01:00,23.98,23.9,24.1,59,0.983
2025-08-10 02:00,23.98,23.9,24.1,60,1.0
2025-08-10 03:00,23.99,23.9,24.2,60,1.0
2025-08-10 04:00,23.99,23.9,24.2,60,1.0
2025-08-10 05:00,23.98,23.9,24.1,60,1.0
2025-08-10 06:00,23.99,23.9,24.2,60,1.0
2025-08-10 07:00,24.02,23.9,24.4,60,1.0
2025-08-10 08:00,23.99,23.9,24.1,60,1.0
2025-08-10 09:00,24.0,23.9,24.1,59,0.983
2025-08-10 10:00,23.99,23.9,24.1,60,1.0
2025-08-10 11:00,23.94,23.9,24.1,60,1.0
2025-08-10 12:00,23.96,23.9,24.1,60,1.0
2025-08-10 13:00,23.96,23.9,24.3,60,1.0
2025-08-10 14:00,23.98,23.9,24.2,60,1.0
2025-08-10 15:00,24.01,23.9,24.1,60,1.0
2025-08-10 16:00,24.02,23.9,24.2,60,1.0
2025-08-10 17:00,24.02,23.9,24.2,60,1.0
2025-08-10 18:00,24.05,24.0,24.2,60,1.0
2025-08-10 19:00,24.06,24.0,24.2,60,1.0
2025-08-10 20:00,24.06,23.9,24.2,60,1.0
2025-08-10 21:00,24.08,24.0,24.2,60,1.0
2025-08-10 22:00,24.05,23.9,24.2,60,1.0
2025-08-10 23:00,24.06,24.0,24.1,60,1.0
2025-08-11 00:00,24.06,24.0,24.2,58,0.967
2025-08-11 01:00,24.06,24.0,24.2,59,0.983
2025-08-11 02:00,24.02,24.0,24.1,56,0.933
2025-08-11 03:00,24.02,23.9,24.2,60,1.0
2025-08-11 04:00,24.02,24.0,24.2,59,0.983
2025-08-11 05:00,24.01,23.9,24.1,55,0.917
2025-08-11 06:00,24.03,24.0,24.2,58,0.967
2025-08-11 07:00,24.04,24.0,24.1,60,1.0
2025-08-11 08:00,24.02,24.0,24.1,60,1.0
2025-08-11 09:00,24.02,23.9,24.2,60,1.0
2025-08-11 10:00,24.02,23.9,24.1,60,1.0
2025-08-11 11:00,23.98,23.9,24.1,60,1.0
2025-08-11 12:00,23.97,23.9,24.1,60,1.0
2025-08-11 13:00,23.97,23.9,24.1,60,1.0
2025-08-11 14:00,23.99,23.9,24.2,60,1.0
2025-08-11 15:00,23.97,23.9,24.2,60,1.0
2025-08-11 16:00,24.02,23.9,24.2,60,1.0
2025-08-11 17:00,24.02,23.9,24.1,60,1.0
2025-08-11 18:00,24.03,23.9,24.1,59,0.983
2025-08-11 19:00,24.03,23.9,24.2,60,1.0
2025-08-11 20:00,24.08,24.0,24.2,60,1.0
2025-08-11 21:00,24.09,24.0,24.2,60,1.0
2025-08-11 22:00,24.09,24.0,24.2,52,0.867
2025-08-12 01:00,24.08,24.0,24.1,13,0.217
2025-08-12 02:00,24.09,24.0,24.2,59,0.983
2025-08-12 03:00,24.03,24.0,24.2,60,1.0
2025-08-12 04:00,24.02,24.0,24.1,60,1.0
2025-08-12 05:00,24.02,23.9,24.2,60,1.0
2025-08-12 06:00,24.03,24.0,24.2,60,1.0
2025-08-12 07:00,24.08,24.0,24.2,60,1.0
2025-08-12 08:00,24.01,23.9,24.1,60,1.0
2025-08-12 09:00,23.99,23.9,24.1,60,1.0
2025-08-12 10:00,23.98,23.9,24.1,60,1.0
2025-08-12 11:00,23.98,23.9,24.3,59,0.983
2025-08-12 12:00,23.98,23.9,24.2,58,0.967
2025-08-12 13:00,24.02,23.9,24.3,60,1.0
2025-08-12 14:00,24.0,23.9,24.2,58,0.967
2025-08-12 15:00,23.98,23.9,24.1,49,0.817
2025-08-12 16:00,24.14,23.9,24.4,17,0.283
2025-08-12 17:00,24.2,24.2,24.2,1,0.017
2025-08-12 18:00,24.36,24.3,24.4,24,0.4
2025-08-12 19:00,24.36,24.3,24.5,59,0.983
2025-08-12 20:00,24.35,24.3,24.4,54,0.9
2025-08-12 21:00,24.35,24.3,24.6,54,0.9
2025-08-12 22:00,24.34,24.3,24.4,51,0.85
2025-08-12 23:00,24.33,24.2,24.5,58,0.967
2025-08-13 00:00,24.33,24.2,24.5,58,0.967
2025-08-13 01:00,24.3,24.2,24.4,58,0.967
2025-08-13 02:00,24.3,24.2,24.5,51,0.85
2025-08-13 03:00,24.31,24.2,24.5,58,0.967
2025-08-13 04:00,24.3,24.2,24.5,57,0.95
2025-08-13 05:00,24.29,24.2,24.4,52,0.867
2025-08-13 06:00,24.29,24.2,24.4,39,0.65
2025-08-13 07:00,24.26,24.2,24.5,58,0.967
2025-08-13 08:00,24.27,24.2,24.5,60,1.0
2025-08-13 09:00,24.27,24.2,24.4,60,1.0
2025-08-13 10:00,24.24,24.2,24.4,60,1.0
2025-08-13 11:00,24.18,24.1,24.3,60,1.0
2025-08-13 12:00,24.18,24.1,24.4,60,1.0
2025-08-13 13:00,24.15,24.1,24.3,59,0.983
2025-08-13 14:00,24.18,24.1,24.5,60,1.0
2025-08-13 15:00,24.19,24.1,24.3,60,1.0
2025-08-13 16:00,24.19,24.1,24.4,60,1.0
2025-08-13 17:00,24.22,24.1,24.4,59,0.983
2025-08-13 18:00,24.24,24.1,24.4,60,1.0
2025-08-13 19:00,24.22,24.1,24.4,58,0.967
2025-08-13 20:00,24.22,24.1,24.3,59,0.983
2025-08-13 21:00,24.27,24.1,24.4,59,0.983
2025-08-13 22:00,24.29,24.2,24.5,57,0.95
2025-08-13 23:00,24.3,24.2,24.4,60,1.0
2025-08-14 00:00,24.3,24.2,24.4,60,1.0
2025-08-14 01:00,24.3,24.2,24.6,59,0.983
2025-08-14 02:00,24.3,24.2,24.4,60,1.0
2025-08-14 03:00,24.3,24.2,24.5,60,1.0
2025-08-14 04:00,24.3,24.2,24.6,60,1.0
2025-08-14 05:00,24.31,24.2,24.5,60,1.0
2025-08-14 06:00,24.3,24.2,24.4,52,0.867
2025-08-14 08:00,24.19,24.1,24.3,36,0.6
2025-08-14 09:00,24.2,24.1,24.3,60,1.0
2025-08-14 10:00,24.17,24.1,24.3,60,1.0
2025-08-14 11:00,24.16,24.1,24.3,59,0.983
2025-08-14 12:00,24.16,24.1,24.3,60,1.0
2025-08-14 13:00,24.16,24.1,24.3,60,1.0
2025-08-14 14:00,24.15,24.1,24.2,60,1.0
2025-08-14 15:00,24.18,24.1,24.3,57,0.95
2025-08-14 16:00,24.16,24.1,24.4,60,1.0
2025-08-14 17:00,24.17,24.1,24.3,59,0.983
2025-08-14 18:00,24.18,24.1,24.3,49,0.817
2025-08-14 19:00,24.2,24.1,24.3,46,0.767
2025-08-14 20:00,24.19,24.1,24.3,49,0.817
2025-08-14 21:00,24.25,24.1,24.5,60,1.0
2025-08-14 22:00,24.27,24.2,24.4,58,0.967
2025-08-14 23:00,24.28,24.2,24.4,59,0.983
2025-08-15 00:00,24.3,24.2,24.5,60,1.0
2025-08-15 01:00,24.3,24.2,24.4,60,1.0
2025-08-15 02:00,24.3,24.2,24.4,56,0.933
2025-08-15 03:00,24.31,24.2,24.5,58,0.967
2025-08-15 04:00,24.3,24.2,24.4,60,1.0
2025-08-15 05:00,24.3,24.2,24.4,60,1.0
2025-08-15 06:00,24.29,24.2,24.4,59,0.983
2025-08-15 07:00,24.28,24.2,24.4,56,0.933
2025-08-15 08:00,24.23,24.1,24.4,60,1.0
2025-08-15 09:00,24.21,24.1,24.5,60,1.0
2025-08-15 10:00,24.17,24.1,24.4,59,0.983
2025-08-15 11:00,24.18,24.1,24.4,60,1.0
2025-08-15 12:00,24.15,24.1,24.3,60,1.0
2025-08-15 13:00,24.15,24.1,24.3,60,1.0
2025-08-15 14:00,24.14,24.1,24.3,59,0.983
2025-08-15 15:00,24.14,24.1,24.2,60,1.0
2025-08-15 16:00,24.15,24.1,24.3,60,1.0
2025-08-15 17:00,24.16,24.1,24.4,59,0.983
2025-08-15 18:00,24.15,24.1,24.4,59,0.983
2025-08-15 19:00,24.16,24.1,24.3,57,0.95
2025-08-15 20:00,24.21,24.1,24.4,58,0.967
2025-08-15 21:00,24.22,24.1,24.4,56,0.933
2025-08-15 22:00,24.22,24.1,24.3,60,1.0
2025-08-15 23:00,24.24,24.1,24.3,60,1.0
2025-08-16 00:00,24.25,24.2,24.4,60,1.0
2025-08-16 01:00,24.25,24.1,24.3,59,0.983
2025-08-16 02:00,24.26,24.1,24.4,59,0.983
2025-08-16 03:00,24.27,24.2,24.3,56,0.933
2025-08-16 04:00,24.27,24.2,24.5,57,0.95
2025-08-16 05:00,24.27,24.2,24.4,44,0.733
2025-08-16 12:00,24.16,24.1,24.5,36,0.6
2025-08-16 13:00,24.16,24.1,24.3,57,0.95
2025-08-16 14:00,24.15,24.1,24.3,55,0.917
2025-08-16 15:00,24.13,24.1,24.2,25,0.417
2025-08-18 08:00,24.2,24.2,24.2,1,0.017
2025-08-18 09:00,24.17,24.1,24.3,59,0.983
2025-08-18 10:00,24.16,24.1,24.3,60,1.0
2025-08-18 11:00,24.19,24.1,24.3,58,0.967
2025-08-18 12:00,24.19,24.1,24.3,48,0.8
2025-08-18 13:00,24.19,24.1,24.3,51,0.85
2025-08-18 14:00,24.19,24.1,24.3,56,0.933
2025-08-18 15:00,24.36,24.1,25.0,41,0.683
2025-08-18 16:00,24.68,24.5,24.8,32,0.533
2025-08-18 17:00,24.55,24.5,24.7,25,0.417
2025-08-18 18:00,24.56,24.5,24.7,25,0.417
2025-08-18 19:00,24.54,24.5,24.6,38,0.633
2025-08-18 20:00,24.58,24.5,24.7,13,0.217
2025-08-18 21:00,24.6,24.5,24.7,3,0.05
2025-08-18 22:00,24.52,24.5,24.6,5,0.083
2025-08-18 23:00,24.6,24.6,24.6,1,0.017
2025-08-19 00:00,24.5,24.5,24.5,1,0.017
2025-08-19 01:00,24.6,24.4,24.8,3,0.05
2025-08-19 02:00,24.45,24.4,24.5,2,0.033
2025-08-19 03:00,24.5,24.5,24.5,1,0.017
2025-08-19 07:00,24.53,24.5,24.6,9,0.15
2025-08-19 08:00,24.47,24.3,24.6,41,0.683
2025-08-19 09:00,24.44,24.3,24.5,54,0.9
2025-08-19 10:00,24.43,24.3,24.6,60,1.0
2025-08-19 11:00,24.41,24.3,24.6,60,1.0
2025-08-19 12:00,24.42,24.3,24.6,60,1.0
2025-08-19 13:00,24.39,24.3,24.6,60,1.0
2025-08-19 14:00,24.37,24.3,24.5,46,0.767
2025-08-19 15:00,24.37,24.3,24.5,44,0.733
2025-08-19 16:00,24.38,24.3,24.5,12,0.2
2025-08-19 17:00,24.42,24.3,24.5,6,0.1
2025-08-19 18:00,24.42,24.4,24.5,4,0.067
2025-08-20 07:00,24.5,24.5,24.5,1,0.017
2025-08-20 08:00,24.46,24.3,24.7,57,0.95
2025-08-20 09:00,24.44,24.4,24.6,60,1.0
2025-08-20 10:00,24.44,24.4,24.6,60,1.0
2025-08-20 11:00,24.46,24.4,24.7,59,0.983
2025-08-20 12:00,24.48,24.4,24.6,58,0.967
2025-08-20 13:00,24.48,24.4,24.7,59,0.983
2025-08-20 14:00,24.47,24.4,24.6,60,1.0
2025-08-20 15:00,24.47,24.3,24.6,55,0.917
2025-08-20 16:00,24.47,24.4,24.6,60,1.0
2025-08-20 17:00,24.49,24.4,24.7,33,0.55
2025-08-20 18:00,24.52,24.4,24.6,11,0.183
2025-08-20 19:00,24.53,24.5,24.6,3,0.05
2025-08-20 20:00,24.5,24.5,24.5,1,0.017
2025-08-20 21:00,24.49,24.4,24.5,7,0.117
2025-08-20 22:00,24.48,24.4,24.7,13,0.217
2025-08-20 23:00,24.47,24.4,24.5,3,0.05
2025-08-21 00:00,24.5,24.5,24.5,1,0.017
2025-08-21 01:00,24.53,24.5,24.6,3,0.05
2025-08-21 02:00,24.45,24.4,24.5,2,0.033
2025-08-21 03:00,24.5,24.5,24.5,1,0.017
2025-08-21 04:00,24.5,24.5,24.5,3,0.05
2025-08-21 05:00,24.5,24.5,24.5,1,0.017
2025-08-21 06:00,24.53,24.5,24.6,3,0.05
2025-08-21 08:00,24.52,24.4,24.6,20,0.333
2025-08-21 09:00,24.5,24.4,24.7,60,1.0
2025-08-21 10:00,24.5,24.4,24.6,60,1.0
2025-08-21 11:00,24.47,24.4,24.6,60,1.0
2025-08-21 12:00,24.45,24.4,24.6,60,1.0
2025-08-21 13:00,24.48,24.4,24.6,51,0.85
2025-08-21 14:00,24.5,24.4,24.7,50,0.833
2025-08-21 15:00,24.53,24.4,24.8,59,0.983
2025-08-21 16:00,24.57,24.5,24.8,60,1.0
2025-08-21 17:00,24.59,24.5,24.7,60,1.0
2025-08-21 18:00,24.59,24.5,24.7,60,1.0
2025-08-21 19:00,24.6,24.5,24.7,60,1.0
2025-08-21 20:00,24.59,24.5,24.7,60,1.0
2025-08-21 21:00,24.61,24.5,24.7,59,0.983
2025-08-21 22:00,24.62,24.5,24.7,59,0.983
2025-08-21 23:00,24.61,24.5,24.9,58,0.967
2025-08-22 00:00,24.61,24.5,24.7,60,1.0
2025-08-22 01:00,24.6,24.5,24.8,59,0.983
2025-08-22 02:00,24.59,24.5,24.7,60,1.0
2025-08-22 03:00,24.6,24.5,24.8,59,0.983
2025-08-22 04:00,24.61,24.5,24.7,60,1.0
2025-08-22 05:00,24.6,24.5,24.8,38,0.633
2025-08-22 06:00,24.63,24.5,24.7,54,0.9
2025-08-22 07:00,24.61,24.5,24.8,55,0.917
2025-08-22 08:00,24.65,24.5,24.8,56,0.933
2025-08-22 09:00,24.62,24.5,24.8,59,0.983
2025-08-22 10:00,24.6,24.5,24.8,59,0.983
2025-08-22 11:00,24.61,24.5,24.8,60,1.0
2025-08-22 12:00,24.61,24.5,24.8,60,1.0
2025-08-22 13:00,24.61,24.5,24.9,60,1.0
2025-08-22 14:00,24.62,24.5,24.8,60,1.0
2025-08-22 15:00,24.63,24.5,24.7,60,1.0
2025-08-22 16:00,24.62,24.5,24.7,60,1.0
2025-08-22 17:00,24.62,24.5,24.8,60,1.0
2025-08-22 18:00,24.62,24.6,24.7,60,1.0
2025-08-22 19:00,24.64,24.6,24.7,60,1.0
2025-08-22 20:00,24.65,24.5,24.8,60,1.0
2025-08-22 21:00,24.62,24.5,24.8,60,1.0
2025-08-22 22:00,24.62,24.5,24.8,60,1.0
2025-08-22 23:00,24.62,24.5,24.7,60,1.0
2025-08-23 00:00,24.6,24.5,24.7,59,0.983
2025-08-23 01:00,24.61,24.5,24.8,60,1.0
2025-08-23 02:00,24.63,24.5,24.8,60,1.0
2025-08-23 03:00,24.64,24.5,24.7,60,1.0
2025-08-23 04:00,24.62,24.5,24.8,58,0.967
2025-08-23 05:00,24.67,24.6,24.8,26,0.433
2025-08-23 06:00,24.68,24.6,24.8,42,0.7
2025-08-23 07:00,24.67,24.6,24.8,23,0.383
2025-08-23 08:00,24.67,24.6,24.8,56,0.933
2025-08-23 09:00,24.67,24.5,24.8,58,0.967
2025-08-23 10:00,24.63,24.5,24.8,59,0.983
2025-08-23 11:00,24.59,24.5,24.7,60,1.0
2025-08-23 12:00,24.58,24.5,24.7,60,1.0
2025-08-23 13:00,24.61,24.5,24.9,60,1.0
2025-08-23 14:00,24.6,24.5,24.7,60,1.0
2025-08-23 15:00,24.6,24.5,24.8,60,1.0
2025-08-23 16:00,24.6,24.5,24.8,60,1.0
2025-08-23 17:00,24.6,24.5,24.7,40,0.667
2025-08-23 18:00,24.64,24.5,24.7,13,0.217
2025-08-23 19:00,24.68,24.6,24.8,14,0.233
2025-08-23 20:00,24.69,24.6,24.8,14,0.233
2025-08-23 21:00,24.67,24.6,24.7,19,0.317
2025-08-23 22:00,24.68,24.6,24.8,38,0.633
2025-08-23 23:00,24.68,24.6,24.7,41,0.683
2025-08-24 00:00,24.7,24.6,24.8,36,0.6
2025-08-24 01:00,24.69,24.6,24.8,44,0.733
2025-08-24 02:00,24.68,24.6,24.8,56,0.933
2025-08-24 03:00,24.67,24.6,24.8,57,0.95
2025-08-24 04:00,24.68,24.6,24.9,59,0.983
2025-08-24 05:00,24.68,24.5,24.8,59,0.983
2025-08-24 06:00,24.66,24.6,24.8,58,0.967
2025-08-24 07:00,24.69,24.6,24.8,60,1.0
2025-08-24 08:00,24.59,24.5,24.8,60,1.0
2025-08-24 09:00,24.57,24.5,24.7,60,1.0
2025-08-24 10:00,24.58,24.5,24.7,60,1.0
2025-08-24 11:00,24.57,24.5,24.7,59,0.983
2025-08-24 12:00,24.59,24.5,24.8,60,1.0
2025-08-24 13:00,24.58,24.5,24.7,60,1.0
2025-08-24 14:00,24.59,24.5,24.8,60,1.0
2025-08-24 15:00,24.58,24.5,24.7,60,1.0
2025-08-24 16:00,24.6,24.5,24.7,60,1.0
2025-08-24 17:00,24.61,24.5,24.8,60,1.0
2025-08-24 18:00,24.63,24.5,24.7,60,1.0
2025-08-24 19:00,24.64,24.5,24.8,60,1.0
2025-08-24 20:00,24.64,24.5,24.8,60,1.0
2025-08-24 21:00,24.65,24.6,24.8,60,1.0
2025-08-24 22:00,24.64,24.5,24.8,60,1.0
2025-08-24 23:00,24.67,24.5,24.8,58,0.967
2025-08-25 00:00,24.66,24.6,24.7,59,0.983
2025-08-25 01:00,24.66,24.5,24.8,60,1.0
2025-08-25 02:00,24.66,24.5,24.7,59,0.983
2025-08-25 03:00,24.66,24.6,24.8,57,0.95
2025-08-25 04:00,24.66,24.6,24.8,47,0.783
2025-08-25 05:00,24.67,24.6,24.8,49,0.817
2025-08-25 06:00,24.65,24.6,24.8,50,0.833
2025-08-25 07:00,24.67,24.5,24.9,55,0.917
2025-08-25 08:00,24.63,24.5,24.7,57,0.95
2025-08-25 09:00,24.58,24.5,24.7,60,1.0
2025-08-25 10:00,24.53,24.5,24.7,48,0.8
2025-08-25 11:00,24.54,24.5,24.7,52,0.867
2025-08-25 12:00,24.56,24.5,24.7,60,1.0
2025-08-25 13:00,24.56,24.5,24.7,60,1.0
2025-08-25 14:00,24.54,24.5,24.6,60,1.0
2025-08-25 15:00,24.56,24.5,24.8,60,1.0
2025-08-25 16:00,24.57,24.5,24.7,60,1.0
2025-08-25 17:00,24.57,24.5,24.7,60,1.0
2025-08-25 18:00,24.6,24.5,24.8,60,1.0
2025-08-25 19:00,24.6,24.5,24.7,60,1.0
2025-08-25 20:00,24.62,24.5,24.9,59,0.983
2025-08-25 21:00,24.63,24.5,24.7,60,1.0
2025-08-25 22:00,24.62,24.5,24.7,60,1.0
2025-08-25 23:00,24.65,24.5,24.8,60,1.0
2025-08-26 00:00,24.67,24.6,24.8,60,1.0
2025-08-26 01:00,24.67,24.6,24.7,60,1.0
2025-08-26 02:00,24.67,24.6,24.8,60,1.0
2025-08-26 03:00,24.68,24.6,25.0,60,1.0
2025-08-26 04:00,24.69,24.6,24.8,60,1.0
2025-08-26 05:00,24.68,24.6,24.8,60,1.0
2025-08-26 06:00,24.67,24.6,24.8,60,1.0
2025-08-26 07:00,24.64,24.6,24.8,59,0.983
2025-08-26 08:00,24.67,24.6,24.8,60,1.0
2025-08-26 09:00,24.69,24.6,24.9,60,1.0
2025-08-26 10:00,24.68,24.6,24.8,60,1.0
2025-08-26 11:00,24.61,24.5,24.8,60,1.0
2025-08-26 12:00,24.59,24.5,24.7,60,1.0
2025-08-26 13:00,24.61,24.5,24.7,59,0.983
2025-08-26 14:00,24.62,24.5,24.8,60,1.0
2025-08-26 15:00,24.64,24.5,24.8,60,1.0
2025-08-26 16:00,24.62,24.5,24.7,60,1.0
2025-08-26 17:00,24.62,24.5,24.8,60,1.0
2025-08-26 18:00,24.64,24.6,24.9,60,1.0
2025-08-26 19:00,24.64,24.6,24.8,60,1.0
2025-08-26 20:00,24.68,24.6,24.9,60,1.0
2025-08-26 21:00,24.68,24.6,24.8,60,1.0
2025-08-26 22:00,24.7,24.6,24.8,60,1.0
2025-08-26 23:00,24.71,24.6,24.9,60,1.0
2025-08-27 00:00,24.7,24.6,24.8,60,1.0
2025-08-27 01:00,24.71,24.6,24.8,60,1.0
2025-08-27 02:00,24.72,24.6,24.9,60,1.0
2025-08-27 03:00,24.72,24.6,24.8,60,1.0
2025-08-27 04:00,24.7,24.6,24.9,60,1.0
2025-08-27 05:00,24.72,24.6,24.9,60,1.0
2025-08-27 06:00,24.72,24.6,24.8,60,1.0
2025-08-27 07:00,24.66,24.6,24.8,60,1.0
2025-08-27 08:00,24.68,24.6,24.8,60,1.0
2025-08-27 09:00,24.67,24.6,24.8,60,1.0
2025-08-27 10:00,24.64,24.6,24.7,59,0.983
2025-08-27 11:00,24.63,24.6,24.8,60,1.0
2025-08-27 12:00,24.63,24.6,24.7,59,0.983
2025-08-27 13:00,24.64,24.6,24.7,60,1.0
2025-08-27 14:00,24.63,24.6,24.8,53,0.883
2025-08-27 15:00,24.65,24.6,24.8,60,1.0
2025-08-27 16:00,24.63,24.6,24.7,60,1.0
2025-08-27 17:00,24.64,24.6,24.8,56,0.933
2025-08-27 18:00,24.64,24.6,24.7,46,0.767
2025-08-27 19:00,24.63,24.6,24.8,46,0.767
2025-08-27 20:00,24.66,24.6,24.8,49,0.817
2025-08-27 21:00,24.67,24.6,24.8,60,1.0
2025-08-27 22:00,24.68,24.6,24.8,60,1.0
2025-08-27 23:00,24.69,24.6,25.0,59,0.983
2025-08-28 00:00,24.69,24.6,24.8,60,1.0
2025-08-28 01:00,24.71,24.6,24.9,60,1.0
2025-08-28 02:00,24.73,24.6,24.9,59,0.983
2025-08-28 03:00,24.73,24.6,24.8,59,0.983
2025-08-28 04:00,24.71,24.6,24.8,60,1.0
2025-08-28 05:00,24.69,24.6,24.8,60,1.0
2025-08-28 06:00,24.71,24.6,24.9,60,1.0
2025-08-28 07:00,24.73,24.6,24.9,60,1.0
2025-08-28 08:00,24.74,24.7,25.0,60,1.0
2025-08-28 09:00,24.72,24.6,24.8,60,1.0
2025-08-28 10:00,24.67,24.6,24.8,60,1.0
2025-08-28 11:00,24.65,24.6,24.7,60,1.0
2025-08-28 12:00,24.66,24.6,24.8,60,1.0
2025-08-28 13:00,24.7,24.6,24.9,60,1.0
2025-08-28 14:00,24.71,24.6,24.9,60,1.0
2025-08-28 15:00,24.71,24.6,24.9,60,1.0
2025-08-28 16:00,24.72,24.6,24.8,60,1.0
2025-08-28 17:00,24.72,24.6,24.8,60,1.0
2025-08-28 18:00,24.72,24.6,24.8,60,1.0
2025-08-28 19:00,24.71,24.6,24.8,60,1.0
2025-08-28 20:00,24.68,24.6,24.8,60,1.0
2025-08-28 21:00,24.67,24.6,24.8,59,0.983
2025-08-28 22:00,24.68,24.6,24.7,60,1.0
2025-08-28 23:00,24.67,24.6,24.8,60,1.0
2025-08-29 00:00,24.68,24.6,24.8,60,1.0
2025-08-29 01:00,24.68,24.6,24.8,60,1.0
2025-08-29 02:00,24.69,24.6,24.8,60,1.0
2025-08-29 03:00,24.72,24.6,25.0,60,1.0
2025-08-29 04:00,24.72,24.6,24.8,60,1.0
2025-08-29 05:00,24.7,24.6,24.8,60,1.0
2025-08-29 06:00,24.69,24.6,24.8,60,1.0
2025-08-29 07:00,24.71,24.6,24.8,60,1.0
2025-08-29 08:00,24.73,24.6,24.8,58,0.967
2025-08-29 09:00,24.77,24.7,24.9,59,0.983
2025-08-29 10:00,24.77,24.7,25.0,60,1.0
2025-08-29 11:00,24.76,24.7,24.9,60,1.0
2025-08-29 12:00,24.8,24.7,25.0,60,1.0
2025-08-29 13:00,24.78,24.7,24.9,59,0.983
2025-08-29 14:00,24.78,24.6,25.0,60,1.0
2025-08-29 15:00,24.75,24.6,24.8,60,1.0
2025-08-29 16:00,24.77,24.7,25.0,60,1.0
2025-08-29 17:00,24.78,24.7,24.9,60,1.0
2025-08-29 18:00,24.75,24.6,24.9,60,1.0
2025-08-29 19:00,24.74,24.7,24.9,60,1.0
2025-08-29 20:00,24.73,24.7,24.9,60,1.0
2025-08-29 21:00,24.81,24.7,25.0,55,0.917
2025-08-29 22:00,25.14,25.0,25.4,25,0.417
2025-08-30 01:00,25.45,25.3,25.6,13,0.217
2025-08-30 09:00,25.2,25.2,25.2,1,0.017
2025-08-30 10:00,25.14,25.1,25.3,38,0.633
2025-08-30 11:00,25.13,25.0,25.2,53,0.883
2025-08-30 12:00,25.1,25.0,25.2,59,0.983
2025-08-30 13:00,25.08,25.0,25.3,58,0.967
2025-08-30 14:00,25.07,25.0,25.3,58,0.967
2025-08-30 15:00,25.05,25.0,25.2,56,0.933
2025-08-30 16:00,25.03,25.0,25.1,60,1.0
2025-08-30 17:00,25.04,24.9,25.2,57,0.95
2025-08-30 18:00,25.04,25.0,25.2,52,0.867
2025-08-30 19:00,25.03,25.0,25.2,52,0.867
2025-08-30 20:00,25.03,25.0,25.3,54,0.9
2025-08-30 21:00,25.02,24.9,25.2,56,0.933
2025-08-30 22:00,25.05,25.0,25.2,25,0.417
2025-08-30 23:00,25.02,25.0,25.1,50,0.833
2025-08-31 00:00,25.02,24.9,25.2,54,0.9
2025-08-31 01:00,25.02,24.9,25.2,57,0.95
2025-08-31 02:00,25.01,24.9,25.2,56,0.933
2025-08-31 03:00,25.02,24.9,25.2,59,0.983
2025-08-31 04:00,25.01,24.9,25.1,60,1.0
2025-08-31 05:00,25.02,24.9,25.1,55,0.917
2025-08-31 06:00,25.0,24.9,25.1,52,0.867
2025-08-31 07:00,25.01,24.9,25.2,53,0.883
2025-08-31 08:00,24.99,24.9,25.1,59,0.983
2025-08-31 09:00,25.02,24.9,25.1,59,0.983
2025-08-31 10:00,25.01,24.9,25.1,59,0.983
2025-08-31 11:00,24.98,24.9,25.2,59,0.983
2025-08-31 12:00,24.97,24.8,25.1,59,0.983
2025-08-31 13:00,24.94,24.9,25.1,59,0.983
2025-08-31 14:00,24.94,24.8,25.1,58,0.967
2025-08-31 15:00,24.94,24.9,25.1,56,0.933
2025-08-31 16:00,24.96,24.9,25.2,52,0.867
2025-08-31 17:00,24.96,24.8,25.2,57,0.95
2025-08-31 18:00,24.98,24.9,25.1,52,0.867
2025-08-31 19:00,24.98,24.9,25.1,38,0.633
2025-08-31 20:00,24.94,24.9,25.0,40,0.667
2025-08-31 21:00,24.96,24.9,25.1,50,0.833
2025-08-31 22:00,24.93,24.9,25.0,45,0.75
2025-08-31 23:00,24.92,24.8,25.1,57,0.95
2025-09-01 00:00,24.93,24.8,25.1,56,0.933
2025-09-01 01:00,24.93,24.8,25.1,59,0.983
2025-09-01 02:00,24.95,24.8,25.2,60,1.0
2025-09-01 03:00,24.93,24.8,25.1,52,0.867
2025-09-01 04:00,24.91,24.8,25.1,48,0.8
2025-09-01 05:00,24.92,24.8,25.1,49,0.817
2025-09-01 06:00,24.92,24.8,25.1,53,0.883
2025-09-01 07:00,24.92,24.8,25.0,57,0.95
2025-09-01 08:00,24.88,24.8,25.0,60,1.0
2025-09-01 09:00,24.92,24.8,25.0,60,1.0
2025-09-01 10:00,24.92,24.8,25.1,60,1.0
2025-09-01 11:00,24.94,24.9,25.1,60,1.0
2025-09-01 12:00,24.92,24.9,25.0,60,1.0
2025-09-01 13:00,24.92,24.9,25.0,60,1.0
2025-09-01 14:00,24.91,24.8,25.0,59,0.983
2025-09-01 15:00,24.92,24.8,25.0,60,1.0
2025-09-01 16:00,24.92,24.9,25.0,60,1.0
2025-09-01 17:00,24.92,24.8,25.0,60,1.0
2025-09-01 18:00,24.92,24.8,25.0,60,1.0
2025-09-01 19:00,24.92,24.9,25.0,58,0.967
2025-09-01 20:00,24.92,24.8,25.1,60,1.0
2025-09-01 21:00,24.91,24.8,25.1,59,0.983
2025-09-01 22:00,24.92,24.8,25.0,59,0.983
2025-09-01 23:00,24.88,24.8,25.0,59,0.983
2025-09-02 00:00,24.9,24.8,25.1,60,1.0
2025-09-02 01:00,24.88,24.8,25.0,60,1.0
2025-09-02 02:00,24.86,24.8,25.0,59,0.983
2025-09-02 03:00,24.88,24.8,25.0,60,1.0
2025-09-02 04:00,24.88,24.8,25.0,58,0.967
2025-09-02 05:00,24.88,24.8,25.0,60,1.0
2025-09-02 06:00,24.88,24.8,25.0,60,1.0
2025-09-02 07:00,24.84,24.8,24.9,59,0.983
2025-09-02 08:00,24.86,24.7,25.1,60,1.0
2025-09-02 09:00,24.87,24.8,25.1,55,0.917
2025-09-02 10:00,25.0,24.9,25.1,16,0.267
2025-09-02 11:00,24.92,24.8,25.1,46,0.767
2025-09-02 12:00,24.91,24.8,25.0,58,0.967
2025-09-02 13:00,24.89,24.8,25.0,59,0.983
2025-09-02 14:00,24.85,24.8,25.0,58,0.967
2025-09-02 15:00,24.9,24.8,25.0,58,0.967
2025-09-02 16:00,24.91,24.8,25.0,60,1.0
2025-09-02 17:00,24.92,24.8,25.1,54,0.9
2025-09-02 18:00,25.02,24.9,25.1,14,0.233
2025-09-02 19:00,25.03,25.0,25.2,24,0.4
2025-09-02 20:00,25.02,24.9,25.2,54,0.9
2025-09-02 21:00,24.99,24.9,25.1,59,0.983
2025-09-02 22:00,25.02,24.9,25.2,59,0.983
2025-09-02 23:00,25.02,24.9,25.2,60,1.0
2025-09-03 00:00,25.02,24.9,25.2,60,1.0
2025-09-03 01:00,25.04,24.9,25.3,59,0.983
2025-09-03 02:00,25.02,24.9,25.1,60,1.0
2025-09-03 03:00,25.02,24.9,25.1,58,0.967
2025-09-03 04:00,25.02,24.9,25.3,46,0.767
2025-09-03 05:00,25.0,24.9,25.1,43,0.717
2025-09-03 06:00,25.0,24.9,25.2,55,0.917
2025-09-03 07:00,24.97,24.9,25.2,57,0.95
2025-09-03 08:00,24.9,24.8,25.2,60,1.0
2025-09-03 09:00,24.89,24.8,25.1,53,0.883
2025-09-03 10:00,24.88,24.8,25.0,52,0.867
2025-09-03 11:00,24.87,24.8,25.0,60,1.0
2025-09-03 12:00,24.87,24.8,25.0,55,0.917
2025-09-03 13:00,24.89,24.8,25.0,50,0.833
2025-09-03 14:00,24.89,24.8,25.1,53,0.883
2025-09-03 15:00,24.88,24.8,25.1,60,1.0
2025-09-03 16:00,24.88,24.8,25.0,60,1.0
2025-09-03 17:00,24.87,24.8,25.0,59,0.983
2025-09-03 18:00,24.86,24.8,25.0,60,1.0
2025-09-03 19:00,24.89,24.8,25.1,60,1.0
2025-09-03 20:00,24.92,24.8,25.1,60,1.0
2025-09-03 21:00,24.92,24.8,25.0,60,1.0
2025-09-03 22:00,24.92,24.8,25.0,60,1.0
2025-09-03 23:00,24.92,24.8,25.1,59,0.983
2025-09-04 00:00,24.93,24.8,25.0,59,0.983
2025-09-04 01:00,24.92,24.8,25.1,60,1.0
2025-09-04 02:00,24.91,24.8,25.0,60,1.0
2025-09-04 03:00,24.92,24.8,25.0,60,1.0
2025-09-04 04:00,24.91,24.8,25.1,60,1.0
2025-09-04 05:00,24.91,24.8,25.1,60,1.0
2025-09-04 06:00,24.9,24.8,25.0,59,0.983
2025-09-04 07:00,24.91,24.8,25.1,59,0.983
2025-09-04 08:00,24.88,24.8,25.0,60,1.0
2025-09-04 09:00,24.85,24.8,25.0,60,1.0
2025-09-04 10:00,24.81,24.7,25.0,58,0.967
2025-09-04 11:00,24.83,24.7,25.0,59,0.983
2025-09-04 12:00,24.83,24.7,25.0,56,0.933
2025-09-04 13:00,24.84,24.8,25.1,50,0.833
2025-09-04 14:00,24.8,24.7,24.9,59,0.983
2025-09-04 15:00,24.81,24.8,24.9,60,1.0
2025-09-04 16:00,24.81,24.8,24.9,60,1.0
2025-09-04 17:00,24.83,24.8,25.0,60,1.0
2025-09-04 18:00,24.83,24.8,24.9,60,1.0
2025-09-04 19:00,24.83,24.8,25.0,60,1.0
2025-09-04 20:00,24.84,24.8,24.9,59,0.983
2025-09-04 21:00,24.85,24.8,25.1,59,0.983
2025-09-04 22:00,24.86,24.8,25.1,60,1.0
2025-09-04 23:00,24.86,24.8,25.0,49,0.817
2025-09-05 00:00,24.87,24.8,25.0,52,0.867
2025-09-05 01:00,24.92,24.8,25.2,60,1.0
2025-09-05 02:00,24.92,24.8,25.1,60,1.0
2025-09-05 03:00,24.89,24.8,25.1,60,1.0
2025-09-05 04:00,24.9,24.8,25.0,60,1.0
2025-09-05 05:00,24.89,24.8,25.1,60,1.0
2025-09-05 06:00,24.91,24.8,25.0,60,1.0
2025-09-05 07:00,24.9,24.8,25.0,60,1.0
2025-09-05 08:00,24.89,24.8,25.0,60,1.0
2025-09-05 09:00,24.86,24.8,25.0,60,1.0
2025-09-05 10:00,24.86,24.8,25.1,60,1.0
2025-09-05 11:00,24.85,24.8,25.0,60,1.0
2025-09-05 12:00,24.85,24.8,25.0,60,1.0
2025-09-05 13:00,24.85,24.8,25.0,60,1.0
2025-09-05 14:00,24.86,24.8,25.0,60,1.0
2025-09-05 15:00,24.84,24.8,25.1,60,1.0
2025-09-05 16:00,24.84,24.8,25.1,59,0.983
2025-09-05 17:00,24.83,24.8,25.0,60,1.0
2025-09-05 18:00,24.84,24.8,25.0,60,1.0
2025-09-05 19:00,24.84,24.8,25.0,60,1.0
2025-09-05 20:00,24.86,24.8,25.0,59,0.983
2025-09-05 21:00,24.88,24.8,25.1,60,1.0
2025-09-05 22:00,24.86,24.8,25.0,60,1.0
2025-09-05 23:00,24.88,24.8,25.0,60,1.0
2025-09-06 00:00,24.89,24.8,25.0,60,1.0
2025-09-06 01:00,24.88,24.8,25.1,60,1.0
2025-09-06 02:00,24.89,24.8,25.0,60,1.0
2025-09-06 03:00,24.9,24.8,25.1,60,1.0
2025-09-06 04:00,24.86,24.7,25.0,60,1.0
2025-09-06 05:00,24.88,24.8,25.0,60,1.0
2025-09-06 06:00,24.88,24.8,25.0,60,1.0
2025-09-06 07:00,24.89,24.8,25.0,60,1.0
2025-09-06 08:00,24.91,24.8,25.0,60,1.0
2025-09-06 09:00,24.92,24.8,25.2,60,1.0
2025-09-06 10:00,24.9,24.8,25.1,60,1.0
2025-09-06 11:00,24.9,24.8,25.0,60,1.0
2025-09-06 12:00,24.87,24.8,25.1,60,1.0
2025-09-06 13:00,24.87,24.8,25.0,60,1.0
2025-09-06 14:00,24.87,24.8,25.0,60,1.0
2025-09-06 15:00,24.88,24.8,25.0,60,1.0
2025-09-06 16:00,24.88,24.8,25.0,60,1.0
2025-09-06 17:00,24.9,24.8,25.0,60,1.0
2025-09-06 18:00,24.92,24.8,25.1,59,0.983
2025-09-06 19:00,24.9,24.8,25.0,60,1.0
2025-09-06 20:00,24.88,24.8,25.0,60,1.0
2025-09-06 21:00,24.89,24.8,25.0,60,1.0
2025-09-06 22:00,24.9,24.8,25.1,60,1.0
2025-09-06 23:00,24.9,24.8,25.1,60,1.0
2025-09-07 00:00,24.89,24.8,25.0,60,1.0
2025-09-07 01:00,24.89,24.8,25.1,59,0.983
2025-09-07 02:00,24.9,24.8,25.1,60,1.0
2025-09-07 03:00,24.9,24.8,25.0,60,1.0
2025-09-07 04:00,24.9,24.8,25.0,60,1.0
2025-09-07 05:00,24.88,24.8,25.1,60,1.0
2025-09-07 06:00,24.88,24.8,25.0,60,1.0
2025-09-07 07:00,24.9,24.8,25.0,60,1.0
2025-09-07 08:00,24.94,24.8,25.1,60,1.0
2025-09-07 09:00,24.92,24.8,25.2,59,0.983
2025-09-07 10:00,24.9,24.8,25.0,59,0.983
2025-09-07 11:00,24.9,24.8,25.1,60,1.0
2025-09-07 12:00,24.91,24.8,25.0,60,1.0
2025-09-07 13:00,24.9,24.8,25.1,60,1.0
2025-09-07 14:00,24.88,24.8,25.1,60,1.0
2025-09-07 15:00,24.9,24.8,25.1,60,1.0
2025-09-07 16:00,24.89,24.8,25.0,60,1.0
2025-09-07 17:00,24.88,24.8,25.0,60,1.0
2025-09-07 18:00,24.89,24.8,25.0,60,1.0
2025-09-07 19:00,24.9,24.8,25.0,60,1.0
2025-09-07 20:00,24.89,24.8,25.0,52,0.867
2025-09-07 21:00,24.88,24.8,25.0,55,0.917
2025-09-07 22:00,24.88,24.8,25.0,60,1.0
2025-09-07 23:00,24.9,24.8,25.1,60,1.0
2025-09-08 00:00,24.88,24.8,25.0,60,1.0
2025-09-08 01:00,24.88,24.8,25.0,60,1.0
2025-09-08 02:00,24.89,24.8,25.0,60,1.0
2025-09-08 03:00,24.89,24.8,25.0,60,1.0
2025-09-08 04:00,24.89,24.8,25.0,60,1.0
2025-09-08 05:00,24.87,24.8,25.0,59,0.983
2025-09-08 06:00,24.88,24.8,25.0,60,1.0
2025-09-08 07:00,24.92,24.8,25.1,60,1.0
2025-09-08 08:00,24.93,24.8,25.1,60,1.0
2025-09-08 09:00,24.92,24.8,25.1,60,1.0
2025-09-08 10:00,24.91,24.8,25.0,60,1.0
2025-09-08 11:00,24.93,24.9,25.2,60,1.0
2025-09-08 12:00,24.93,24.9,25.0,60,1.0
2025-09-08 13:00,24.93,24.8,25.1,60,1.0
2025-09-08 14:00,24.92,24.8,25.1,60,1.0
2025-09-08 15:00,24.91,24.8,25.1,60,1.0
2025-09-08 16:00,24.91,24.8,25.1,60,1.0
2025-09-08 17:00,24.93,24.8,25.1,60,1.0
2025-09-08 18:00,24.94,24.8,25.1,60,1.0
2025-09-08 19:00,24.96,24.9,25.2,60,1.0
2025-09-08 20:00,24.94,24.9,25.1,60,1.0
2025-09-08 21:00,24.94,24.8,25.1,60,1.0
2025-09-08 22:00,24.95,24.9,25.2,60,1.0
2025-09-08 23:00,24.94,24.8,25.0,60,1.0
2025-09-09 00:00,24.95,24.9,25.1,60,1.0
2025-09-09 01:00,24.94,24.8,25.1,60,1.0
2025-09-09 02:00,24.94,24.8,25.0,60,1.0
2025-09-09 03:00,24.96,24.9,25.1,60,1.0
2025-09-09 04:00,24.95,24.9,25.1,60,1.0
2025-09-09 05:00,24.92,24.8,25.1,60,1.0
2025-09-09 06:00,24.96,24.9,25.2,60,1.0
2025-09-09 07:00,24.96,24.9,25.1,60,1.0
2025-09-09 08:00,24.99,24.9,25.2,60,1.0
2025-09-09 09:00,24.94,24.9,25.1,60,1.0
2025-09-09 10:00,24.94,24.9,25.1,60,1.0
2025-09-09 11:00,24.92,24.8,25.0,60,1.0
2025-09-09 12:00,24.94,24.9,25.1,60,1.0
2025-09-09 13:00,24.94,24.8,25.1,60,1.0
2025-09-09 14:00,24.96,24.8,25.1,60,1.0
2025-09-09 15:00,24.97,24.8,25.1,60,1.0
2025-09-09 16:00,24.99,24.9,25.1,56,0.933
2025-09-09 17:00,25.01,24.9,25.2,60,1.0
2025-09-09 18:00,24.99,24.9,25.1,60,1.0
2025-09-09 19:00,24.98,24.9,25.1,60,1.0
2025-09-09 20:00,24.99,24.9,25.1,58,0.967
2025-09-09 21:00,25.01,24.9,25.2,60,1.0
2025-09-09 22:00,25.01,24.9,25.2,60,1.0
2025-09-09 23:00,24.99,24.9,25.1,58,0.967
2025-09-10 00:00,24.97,24.9,25.1,59,0.983
2025-09-10 01:00,24.97,24.9,25.1,60,1.0
2025-09-10 02:00,24.97,24.9,25.2,59,0.983
2025-09-10 03:00,24.96,24.9,25.1,60,1.0
2025-09-10 04:00,24.96,24.9,25.2,60,1.0
2025-09-10 05:00,24.99,24.9,25.1,57,0.95
2025-09-10 06:00,24.99,24.9,25.1,59,0.983
2025-09-10 07:00,24.97,24.9,25.1,60,1.0
2025-09-10 08:00,24.97,24.9,25.1,60,1.0
2025-09-10 09:00,24.96,24.9,25.1,60,1.0
2025-09-10 10:00,24.93,24.9,25.0,59,0.983
2025-09-10 11:00,24.94,24.9,25.1,60,1.0
2025-09-10 12:00,24.95,24.9,25.2,60,1.0
2025-09-10 13:00,24.96,24.9,25.1,59,0.983
2025-09-10 14:00,25.0,24.9,25.2,54,0.9
2025-09-10 15:00,24.99,24.9,25.1,55,0.917
2025-09-10 16:00,25.03,24.9,25.2,59,0.983
2025-09-10 17:00,25.07,25.0,25.3,58,0.967
2025-09-10 18:00,25.06,24.9,25.2,58,0.967
2025-09-10 19:00,25.05,25.0,25.1,6,0.1
2025-09-10 20:00,25.1,25.1,25.1,1,0.017
2025-09-10 21:00,25.1,25.1,25.1,1,0.017
2025-09-10 22:00,25.15,25.0,25.2,10,0.167
2025-09-10 23:00,25.38,25.3,25.7,5,0.083
2025-09-11 08:00,28.87,27.5,29.7,32,0.533
2025-09-11 09:00,31.13,29.8,32.4,60,1.0
2025-09-11 10:00,33.44,32.4,34.4,60,1.0
2025-09-11 11:00,35.24,34.4,36.2,59,0.983
2025-09-11 12:00,37.02,36.2,38.0,58,0.967
2025-09-11 13:00,38.63,37.9,39.4,60,1.0
2025-09-11 14:00,40.02,39.2,40.7,59,0.983
2025-09-11 15:00,41.08,40.6,41.5,60,1.0
2025-09-11 16:00,41.86,41.5,42.2,60,1.0
2025-09-11 17:00,42.47,42.1,42.8,59,0.983
2025-09-11 18:00,42.96,42.7,43.2,60,1.0
2025-09-11 19:00,43.34,43.1,43.6,49,0.817
2025-09-11 20:00,43.62,43.4,43.9,50,0.833
2025-09-11 21:00,43.85,43.6,44.1,60,1.0
2025-09-11 22:00,44.0,43.8,44.2,59,0.983
2025-09-11 23:00,44.13,43.9,44.3,59,0.983
2025-09-12 00:00,44.22,44.1,44.4,60,1.0
2025-09-12 01:00,44.29,44.1,44.5,59,0.983
2025-09-12 02:00,44.34,44.1,44.5,60,1.0
2025-09-12 03:00,44.39,44.2,44.5,59,0.983
2025-09-12 04:00,44.39,44.2,44.5,60,1.0
2025-09-12 05:00,44.46,44.3,44.6,58,0.967
2025-09-12 06:00,44.47,44.3,44.6,59,0.983
2025-09-12 07:00,44.42,44.3,44.6,59,0.983
2025-09-12 08:00,44.36,44.3,44.6,60,1.0
2025-09-12 09:00,44.35,44.2,44.5,60,1.0
2025-09-12 10:00,44.34,44.2,44.5,60,1.0
2025-09-12 11:00,44.28,44.1,44.5,59,0.983
2025-09-12 12:00,44.29,44.1,44.7,60,1.0
2025-09-12 13:00,44.24,44.1,44.5,60,1.0
2025-09-12 14:00,44.21,44.1,44.4,60,1.0
2025-09-12 15:00,44.26,44.1,44.4,60,1.0
2025-09-12 16:00,44.18,44.0,44.4,60,1.0
2025-09-12 17:00,44.14,44.0,44.3,60,1.0
2025-09-12 18:00,44.13,44.0,44.3,60,1.0
2025-09-12 19:00,44.16,44.0,44.3,60,1.0
2025-09-12 20:00,44.12,43.9,44.3,60,1.0
2025-09-12 21:00,44.12,43.9,44.3,60,1.0
2025-09-12 22:00,44.06,43.9,44.2,60,1.0
2025-09-12 23:00,44.02,43.8,44.2,60,1.0
2025-09-13 00:00,44.01,43.8,44.3,60,1.0
2025-09-13 01:00,43.99,43.8,44.2,60,1.0
2025-09-13 02:00,43.97,43.8,44.1,59,0.983
2025-09-13 03:00,43.89,43.7,44.1,60,1.0
2025-09-13 04:00,43.89,43.7,44.1,60,1.0
2025-09-13 05:00,43.83,43.7,44.1,58,0.967
2025-09-13 06:00,43.79,43.6,44.0,60,1.0
2025-09-13 07:00,43.76,43.6,43.9,60,1.0
2025-09-13 08:00,43.71,43.5,43.9,59,0.983
2025-09-13 09:00,43.62,43.5,43.8,59,0.983
2025-09-13 10:00,43.52,43.4,43.7,60,1.0
2025-09-13 11:00,43.46,43.3,43.7,60,1.0
2025-09-13 12:00,43.4,43.3,43.7,60,1.0
2025-09-13 13:00,43.34,43.2,43.5,60,1.0
2025-09-13 14:00,43.31,43.2,43.5,59,0.983
2025-09-13 15:00,43.23,43.1,43.5,60,1.0
2025-09-13 16:00,43.21,43.1,43.4,60,1.0
2025-09-13 17:00,43.18,43.0,43.4,60,1.0
2025-09-13 18:00,43.15,43.0,43.4,60,1.0
2025-09-13 19:00,43.1,42.9,43.3,60,1.0
2025-09-13 20:00,43.1,42.9,43.4,60,1.0
2025-09-13 21:00,43.04,42.9,43.2,60,1.0
2025-09-13 22:00,42.97,42.8,43.1,60,1.0
2025-09-13 23:00,42.97,42.8,43.2,60,1.0
2025-09-14 00:00,42.96,42.8,43.1,45,0.75
2025-09-14 01:00,42.9,42.7,43.1,54,0.9
2025-09-14 02:00,42.85,42.7,43.0,46,0.767
2025-09-14 03:00,42.8,42.7,43.1,59,0.983
2025-09-14 04:00,42.76,42.6,42.9,60,1.0
2025-09-14 05:00,42.74,42.6,43.0,60,1.0
2025-09-14 06:00,42.68,42.5,42.9,60,1.0
2025-09-14 07:00,42.67,42.5,42.8,60,1.0
2025-09-14 08:00,42.65,42.5,42.8,60,1.0
2025-09-14 09:00,42.62,42.5,42.8,60,1.0
2025-09-14 10:00,42.56,42.4,42.7,60,1.0
2025-09-14 11:00,42.48,42.3,42.6,60,1.0
2025-09-14 12:00,42.42,42.2,42.6,60,1.0
2025-09-14 13:00,42.38,42.2,42.5,60,1.0
2025-09-14 14:00,42.23,42.1,42.4,60,1.0
2025-09-14 15:00,42.21,42.1,42.4,60,1.0
2025-09-14 16:00,42.16,42.0,42.3,60,1.0
2025-09-14 17:00,42.13,42.0,42.3,60,1.0
2025-09-14 18:00,42.07,42.0,42.2,60,1.0
2025-09-14 19:00,42.05,41.9,42.3,60,1.0
2025-09-14 20:00,42.04,41.9,42.3,60,1.0
2025-09-14 21:00,41.99,41.9,42.2,60,1.0
2025-09-14 22:00,41.96,41.8,42.1,60,1.0
2025-09-14 23:00,41.94,41.8,42.1,60,1.0
2025-09-15 00:00,41.9,41.8,42.1,60,1.0
2025-09-15 01:00,41.86,41.7,42.1,60,1.0
2025-09-15 02:00,41.83,41.7,42.0,60,1.0
2025-09-15 03:00,41.8,41.7,42.0,60,1.0
2025-09-15 04:00,41.77,41.6,41.9,60,1.0
2025-09-15 05:00,41.73,41.6,41.9,60,1.0
2025-09-15 06:00,41.7,41.5,41.9,60,1.0
2025-09-15 07:00,41.71,41.5,41.8,59,0.983
2025-09-15 08:00,41.69,41.5,41.9,60,1.0
2025-09-15 09:00,41.65,41.4,41.9,59,0.983
2025-09-15 10:00,41.57,41.4,41.7,60,1.0
2025-09-15 11:00,41.53,41.4,41.7,60,1.0
2025-09-15 12:00,41.46,41.3,41.6,60,1.0
2025-09-15 13:00,41.41,41.3,41.5,59,0.983
2025-09-15 14:00,41.38,41.2,41.6,60,1.0
2025-09-15 15:00,41.34,41.1,41.6,59,0.983
2025-09-15 16:00,41.29,41.1,41.5,60,1.0
2025-09-15 17:00,41.24,41.1,41.4,58,0.967
2025-09-15 18:00,41.2,41.1,41.4,60,1.0
2025-09-15 19:00,41.12,41.0,41.3,60,1.0
2025-09-15 20:00,41.12,41.0,41.3,60,1.0
2025-09-15 21:00,41.06,40.9,41.2,54,0.9
2025-09-15 22:00,41.08,40.9,41.3,60,1.0
2025-09-15 23:00,41.01,40.9,41.3,60,1.0
2025-09-16 00:00,40.95,40.9,41.1,60,1.0
2025-09-16 01:00,40.97,40.8,41.2,60,1.0
2025-09-16 02:00,40.93,40.8,41.1,60,1.0
2025-09-16 03:00,40.89,40.8,41.1,60,1.0
2025-09-16 04:00,40.87,40.7,41.1,59,0.983
2025-09-16 05:00,40.85,40.7,41.1,50,0.833
2025-09-16 06:00,40.82,40.7,41.0,50,0.833
2025-09-16 07:00,40.85,40.6,41.1,59,0.983
2025-09-16 08:00,40.82,40.6,41.1,60,1.0
2025-09-16 09:00,40.78,40.6,41.0,59,0.983
2025-09-16 10:00,40.72,40.5,40.9,60,1.0
2025-09-16 11:00,40.68,40.5,41.0,60,1.0
2025-09-16 12:00,40.61,40.5,40.8,60,1.0
2025-09-16 13:00,40.6,40.5,40.7,60,1.0
2025-09-16 14:00,40.57,40.5,40.8,60,1.0
2025-09-16 15:00,40.54,40.5,40.7,60,1.0
2025-09-16 16:00,40.52,40.3,40.7,60,1.0
2025-09-16 17:00,40.47,40.3,40.6,60,1.0
2025-09-16 18:00,40.44,40.3,40.6,60,1.0
2025-09-16 19:00,40.43,40.2,40.6,60,1.0
2025-09-16 20:00,40.37,40.2,40.5,60,1.0
2025-09-16 21:00,40.35,40.2,40.5,60,1.0
2025-09-16 22:00,40.33,40.1,40.5,60,1.0
2025-09-16 23:00,40.28,40.1,40.5,60,1.0
2025-09-17 00:00,40.22,40.1,40.4,60,1.0
2025-09-17 01:00,40.22,40.1,40.5,60,1.0
2025-09-17 02:00,40.2,40.0,40.4,60,1.0
2025-09-17 03:00,40.15,40.0,40.3,59,0.983
2025-09-17 04:00,40.13,40.0,40.4,60,1.0
2025-09-17 05:00,40.11,40.0,40.3,60,1.0
2025-09-17 06:00,40.06,39.9,40.2,60,1.0
2025-09-17 07:00,40.1,39.9,40.4,60,1.0
2025-09-17 08:00,40.04,39.9,40.2,60,1.0
2025-09-17 09:00,39.98,39.8,40.1,60,1.0
2025-09-17 10:00,39.96,39.8,40.1,60,1.0
2025-09-17 11:00,39.93,39.8,40.2,58,0.967
2025-09-17 12:00,39.91,39.7,40.2,60,1.0
2025-09-17 13:00,39.85,39.7,40.0,58,0.967
2025-09-17 14:00,39.87,39.7,40.0,59,0.983
2025-09-17 15:00,39.82,39.7,40.0,60,1.0
2025-09-17 16:00,39.8,39.7,39.9,60,1.0
2025-09-17 17:00,39.78,39.6,39.9,60,1.0
2025-09-17 18:00,39.76,39.6,40.0,60,1.0
2025-09-17 19:00,39.74,39.6,39.8,60,1.0
2025-09-17 20:00,39.73,39.5,39.9,60,1.0
2025-09-17 21:00,39.67,39.5,39.8,60,1.0
2025-09-17 22:00,39.65,39.5,39.8,60,1.0
2025-09-17 23:00,39.64,39.5,39.8,60,1.0
2025-09-18 00:00,39.59,39.4,39.8,59,0.983
2025-09-18 01:00,39.56,39.4,39.8,60,1.0
2025-09-18 02:00,39.53,39.4,39.7,59,0.983
2025-09-18 03:00,39.49,39.3,39.7,60,1.0
2025-09-18 04:00,39.41,39.3,39.7,58,0.967
2025-09-18 05:00,39.4,39.2,39.6,60,1.0
2025-09-18 06:00,39.39,39.2,39.5,60,1.0
2025-09-18 07:00,39.34,39.2,39.5,59,0.983
2025-09-18 08:00,39.28,39.1,39.4,58,0.967
2025-09-18 09:00,39.22,39.1,39.4,60,1.0
2025-09-18 10:00,39.15,39.0,39.3,60,1.0
2025-09-18 11:00,39.16,39.0,39.3,60,1.0
2025-09-18 12:00,39.14,38.9,39.4,60,1.0
2025-09-18 13:00,39.11,38.9,39.3,60,1.0
2025-09-18 14:00,39.05,38.9,39.1,60,1.0
2025-09-18 15:00,39.03,38.9,39.2,60,1.0
2025-09-18 16:00,38.96,38.8,39.1,60,1.0
2025-09-18 17:00,38.95,38.9,39.1,60,1.0
2025-09-18 18:00,38.89,38.7,39.1,60,1.0
2025-09-18 19:00,38.84,38.7,39.0,59,0.983
2025-09-18 20:00,38.84,38.7,39.1,60,1.0
2025-09-18 21:00,38.8,38.7,39.0,59,0.983
2025-09-18 22:00,38.73,38.6,38.8,53,0.883
2025-09-18 23:00,38.72,38.5,38.9,60,1.0
2025-09-19 00:00,38.59,38.5,38.8,60,1.0
2025-09-19 01:00,38.58,38.4,38.7,60,1.0
2025-09-19 02:00,38.56,38.4,38.7,59,0.983
2025-09-19 03:00,38.56,38.4,38.7,60,1.0
2025-09-19 04:00,38.52,38.4,38.6,60,1.0
2025-09-19 05:00,38.51,38.3,38.7,60,1.0
2025-09-19 06:00,38.47,38.3,38.6,60,1.0
2025-09-19 07:00,38.4,38.3,38.6,59,0.983
2025-09-19 08:00,38.34,38.2,38.5,60,1.0
2025-09-19 09:00,38.25,38.2,38.4,60,1.0
2025-09-19 10:00,38.22,38.1,38.5,60,1.0
2025-09-19 11:00,38.2,38.1,38.3,60,1.0
2025-09-19 12:00,38.15,38.0,38.3,60,1.0
2025-09-19 13:00,38.15,38.0,38.4,60,1.0
2025-09-19 14:00,38.1,38.0,38.3,60,1.0
2025-09-19 15:00,38.08,38.0,38.3,60,1.0
2025-09-19 16:00,38.1,37.9,38.2,60,1.0
2025-09-19 17:00,38.08,37.9,38.2,60,1.0
2025-09-19 18:00,38.05,37.9,38.2,60,1.0
2025-09-19 19:00,38.01,37.9,38.2,60,1.0
2025-09-19 20:00,37.96,37.8,38.2,60,1.0
2025-09-19 21:00,37.92,37.8,38.1,60,1.0
2025-09-19 22:00,37.87,37.8,38.0,56,0.933
2025-09-19 23:00,37.9,37.7,38.0,44,0.733
2025-09-20 00:00,37.88,37.7,38.0,58,0.967
2025-09-20 01:00,37.83,37.7,38.1,59,0.983
2025-09-20 02:00,37.82,37.7,38.0,60,1.0
2025-09-20 03:00,37.81,37.7,38.1,60,1.0
2025-09-20 04:00,37.77,37.6,38.0,60,1.0
2025-09-20 05:00,37.74,37.6,37.9,54,0.9
2025-09-20 06:00,37.73,37.6,37.9,49,0.817
2025-09-20 07:00,37.64,37.5,37.8,58,0.967
2025-09-20 08:00,37.55,37.5,37.8,52,0.867
2025-09-20 09:00,37.56,37.4,37.9,57,0.95
2025-09-20 10:00,37.56,37.4,37.7,50,0.833
2025-09-20 11:00,37.49,37.4,37.7,48,0.8
2025-09-20 12:00,37.44,37.3,37.6,49,0.817
2025-09-20 13:00,37.37,37.3,37.6,56,0.933
2025-09-20 14:00,37.33,37.2,37.5,60,1.0
2025-09-20 15:00,37.33,37.2,37.5,60,1.0
2025-09-20 16:00,37.29,37.2,37.4,60,1.0
2025-09-20 17:00,37.31,37.2,37.5,60,1.0
2025-09-20 18:00,37.26,37.2,37.5,60,1.0
2025-09-20 19:00,37.26,37.1,37.4,60,1.0
2025-09-20 20:00,37.22,37.1,37.4,60,1.0
2025-09-20 21:00,37.25,37.1,37.5,60,1.0
2025-09-20 22:00,37.21,37.1,37.5,55,0.917
2025-09-20 23:00,37.18,37.1,37.3,47,0.783
2025-09-21 00:00,37.18,37.0,37.3,56,0.933
2025-09-21 01:00,37.14,37.0,37.3,60,1.0
2025-09-21 02:00,37.13,36.9,37.4,60,1.0
2025-09-21 03:00,37.09,37.0,37.2,59,0.983
2025-09-21 04:00,37.11,36.9,37.2,20,0.333
2025-09-21 08:00,36.94,36.9,37.0,17,0.283
2025-09-21 09:00,36.93,36.8,37.1,59,0.983
2025-09-21 10:00,36.88,36.7,37.0,47,0.783
2025-09-21 11:00,36.81,36.7,37.0,57,0.95
2025-09-21 12:00,36.76,36.7,36.9,59,0.983
2025-09-21 13:00,36.76,36.7,37.0,60,1.0
2025-09-21 14:00,36.71,36.6,36.8,58,0.967
2025-09-21 15:00,36.68,36.6,36.8,59,0.983
2025-09-21 16:00,36.65,36.6,36.8,58,0.967
2025-09-21 17:00,36.68,36.6,37.0,56,0.933
2025-09-21 18:00,36.63,36.5,36.9,57,0.95
2025-09-21 19:00,36.63,36.5,36.8,59,0.983
2025-09-21 20:00,36.61,36.5,36.8,60,1.0
2025-09-21 21:00,36.59,36.5,36.8,60,1.0
2025-09-21 22:00,36.59,36.5,36.9,60,1.0
2025-09-21 23:00,36.56,36.4,36.7,60,1.0
2025-09-22 00:00,36.53,36.4,36.6,60,1.0
2025-09-22 01:00,36.51,36.4,36.7,60,1.0
2025-09-22 02:00,36.46,36.4,36.6,60,1.0
2025-09-22 03:00,36.45,36.3,36.6,60,1.0
2025-09-22 04:00,36.41,36.3,36.6,58,0.967
2025-09-22 05:00,36.39,36.3,36.5,59,0.983
2025-09-22 06:00,36.36,36.3,36.5,60,1.0
2025-09-22 07:00,36.38,36.3,36.5,60,1.0
2025-09-22 08:00,36.4,36.3,36.5,60,1.0
2025-09-22 09:00,36.36,36.2,36.6,60,1.0
2025-09-22 10:00,36.33,36.2,36.4,60,1.0
2025-09-22 11:00,36.29,36.1,36.4,60,1.0
2025-09-22 12:00,36.23,36.1,36.5,59,0.983
2025-09-22 13:00,36.22,36.1,36.5,60,1.0
2025-09-22 14:00,36.2,36.1,36.4,60,1.0
2025-09-22 15:00,36.14,36.0,36.3,60,1.0
2025-09-22 16:00,36.14,36.0,36.3,60,1.0
2025-09-22 17:00,36.09,36.0,36.2,59,0.983
2025-09-22 18:00,36.08,36.0,36.2,60,1.0
2025-09-22 19:00,36.05,35.9,36.3,60,1.0
2025-09-22 20:00,36.02,35.9,36.1,60,1.0
2025-09-22 21:00,36.01,35.9,36.2,60,1.0
2025-09-22 22:00,35.97,35.9,36.1,60,1.0
2025-09-22 23:00,35.99,35.9,36.2,60,1.0
2025-09-23 00:00,35.92,35.8,36.1,60,1.0
2025-09-23 01:00,35.9,35.8,36.1,60,1.0
2025-09-23 02:00,35.89,35.8,36.1,60,1.0
2025-09-23 03:00,35.86,35.7,36.0,60,1.0
2025-09-23 04:00,35.83,35.7,36.1,59,0.983
2025-09-23 05:00,35.82,35.7,36.0,60,1.0
2025-09-23 06:00,35.78,35.7,35.9,60,1.0
2025-09-23 07:00,35.77,35.7,36.0,57,0.95
2025-09-23 08:00,35.79,35.6,35.9,44,0.733
2025-09-23 09:00,35.74,35.6,35.9,53,0.883
2025-09-23 10:00,35.78,35.6,36.0,8,0.133
2025-09-23 11:00,36.9,36.9,36.9,1,0.017
2025-09-23 13:00,36.33,36.3,36.4,3,0.05
2025-09-23 14:00,36.4,36.4,36.4,1,0.017
2025-09-23 18:00,36.1,36.1,36.1,2,0.033
2025-09-23 19:00,36.18,36.1,36.4,5,0.083
2025-09-23 23:00,36.2,36.2,36.2,1,0.017
2025-09-24 01:00,36.3,36.2,36.4,2,0.033
2025-09-24 02:00,36.24,36.2,36.4,5,0.083
2025-09-24 03:00,36.22,36.1,36.4,4,0.067
2025-09-24 10:00,36.72,36.6,36.8,5,0.083
2025-09-24 11:00,37.16,36.6,37.6,46,0.767
2025-09-24 12:00,38.02,37.5,38.9,52,0.867
2025-09-24 15:00,42.2,42.2,42.2,1,0.017
2025-09-24 16:00,44.5,44.4,44.6,2,0.033
2025-09-25 08:00,52.08,51.9,52.2,4,0.067
2025-09-25 09:00,52.06,51.9,52.2,56,0.933
2025-09-25 10:00,52.04,51.9,52.2,60,1.0
2025-09-25 11:00,51.95,51.7,52.1,60,1.0
2025-09-25 12:00,51.85,51.6,52.1,55,0.917
2025-09-25 13:00,51.79,51.6,52.0,44,0.733
2025-09-25 14:00,51.71,51.6,51.8,60,1.0
2025-09-25 15:00,51.61,51.4,51.9,60,1.0
2025-09-25 16:00,51.56,51.3,51.8,60,1.0
2025-09-25 17:00,51.47,51.3,51.7,60,1.0
2025-09-25 18:00,51.42,51.2,51.5,58,0.967
2025-09-25 19:00,51.34,51.1,51.5,60,1.0
2025-09-25 20:00,51.28,51.1,51.4,60,1.0
2025-09-25 21:00,51.22,51.1,51.4,60,1.0
2025-09-25 22:00,51.15,50.9,51.4,59,0.983
2025-09-25 23:00,51.11,51.0,51.3,60,1.0
2025-09-26 00:00,51.05,50.9,51.3,59,0.983
2025-09-26 01:00,50.96,50.7,51.1,59,0.983
2025-09-26 02:00,50.9,50.7,51.1,59,0.983
2025-09-26 03:00,50.82,50.6,51.0,60,1.0
2025-09-26 04:00,50.75,50.5,51.0,60,1.0
2025-09-26 05:00,50.68,50.5,50.9,58,0.967
2025-09-26 06:00,50.62,50.4,50.9,60,1.0
2025-09-26 07:00,50.56,50.4,50.7,60,1.0
2025-09-26 08:00,50.46,50.2,50.6,60,1.0
2025-09-26 09:00,50.32,50.1,50.5,60,1.0
2025-09-26 10:00,50.18,50.0,50.4,60,1.0
2025-09-26 11:00,50.06,49.8,50.3,60,1.0
2025-09-26 12:00,49.9,49.7,50.1,60,1.0
2025-09-26 13:00,49.84,49.6,50.0,60,1.0
2025-09-26 14:00,49.72,49.5,49.9,60,1.0
2025-09-26 15:00,49.64,49.4,49.8,60,1.0
2025-09-26 16:00,49.56,49.3,49.9,60,1.0
2025-09-26 17:00,49.47,49.2,49.7,60,1.0
2025-09-26 18:00,49.38,49.2,49.6,60,1.0
2025-09-26 19:00,49.31,49.1,49.5,60,1.0
2025-09-26 20:00,49.29,49.1,49.5,59,0.983
2025-09-26 21:00,49.18,49.0,49.5,60,1.0
2025-09-26 22:00,49.12,48.9,49.3,60,1.0
2025-09-26 23:00,49.06,48.8,49.4,60,1.0
2025-09-27 00:00,48.99,48.7,49.2,58,0.967
2025-09-27 01:00,48.89,48.7,49.2,59,0.983
2025-09-27 02:00,48.82,48.6,49.1,60,1.0
2025-09-27 03:00,48.78,48.6,48.9,60,1.0
2025-09-27 04:00,48.71,48.5,48.9,57,0.95
2025-09-27 05:00,48.64,48.4,48.9,60,1.0
2025-09-27 06:00,48.55,48.3,48.7,57,0.95
2025-09-27 07:00,48.46,48.3,48.7,60,1.0
2025-09-27 08:00,48.35,48.2,48.5,60,1.0
2025-09-27 09:00,48.29,48.1,48.6,60,1.0
2025-09-27 10:00,48.22,48.0,48.4,50,0.833
2025-09-27 11:00,48.07,47.9,48.3,52,0.867
2025-09-27 12:00,47.96,47.8,48.2,60,1.0
2025-09-27 13:00,47.85,47.7,48.1,60,1.0
2025-09-27 14:00,47.7,47.5,47.9,60,1.0
2025-09-27 15:00,47.61,47.5,47.8,60,1.0
2025-09-27 16:00,47.54,47.4,47.8,60,1.0
2025-09-27 17:00,47.49,47.3,47.7,60,1.0
2025-09-27 18:00,47.42,47.3,47.8,60,1.0
2025-09-27 19:00,47.33,47.1,47.5,60,1.0
2025-09-27 20:00,47.3,47.1,47.5,60,1.0
2025-09-27 21:00,47.26,47.1,47.5,60,1.0
2025-09-27 22:00,47.15,47.0,47.4,59,0.983
2025-09-27 23:00,47.11,46.9,47.3,59,0.983
2025-09-28 00:00,47.03,46.9,47.2,58,0.967
2025-09-28 01:00,47.01,46.8,47.2,59,0.983
2025-09-28 02:00,46.94,46.8,47.1,60,1.0
2025-09-28 03:00,46.84,46.7,47.2,60,1.0
2025-09-28 04:00,46.82,46.7,47.2,60,1.0
2025-09-28 05:00,46.73,46.6,46.9,60,1.0
2025-09-28 06:00,46.68,46.5,47.0,60,1.0
2025-09-28 07:00,46.67,46.5,46.9,60,1.0
2025-09-28 08:00,46.6,46.4,46.8,60,1.0
2025-09-28 09:00,46.52,46.3,46.7,60,1.0
2025-09-28 10:00,46.43,46.3,46.6,59,0.983
2025-09-28 11:00,46.29,46.1,46.5,60,1.0
2025-09-28 12:00,46.21,46.0,46.4,60,1.0
2025-09-28 13:00,46.13,45.9,46.3,60,1.0
2025-09-28 14:00,46.05,45.9,46.2,60,1.0
2025-09-28 15:00,45.94,45.8,46.1,60,1.0
2025-09-28 16:00,45.88,45.7,46.2,60,1.0
2025-09-28 17:00,45.78,45.7,46.0,60,1.0
2025-09-28 18:00,45.69,45.6,45.9,60,1.0
2025-09-28 19:00,45.62,45.5,45.8,60,1.0
2025-09-28 20:00,45.58,45.4,45.9,60,1.0
2025-09-28 21:00,45.54,45.4,45.7,60,1.0
2025-09-28 22:00,45.45,45.3,45.6,59,0.983
2025-09-28 23:00,45.4,45.2,45.6,60,1.0
2025-09-29 00:00,45.36,45.2,45.6,60,1.0
2025-09-29 01:00,45.29,45.2,45.5,60,1.0
2025-09-29 02:00,45.24,45.1,45.5,60,1.0
2025-09-29 03:00,45.2,45.1,45.4,60,1.0
2025-09-29 04:00,45.11,45.0,45.3,60,1.0
2025-09-29 05:00,45.12,45.0,45.3,60,1.0
2025-09-29 06:00,45.05,44.9,45.2,60,1.0
2025-09-29 07:00,45.03,44.9,45.2,60,1.0
2025-09-29 08:00,44.99,44.8,45.1,59,0.983
2025-09-29 09:00,44.85,44.6,45.0,59,0.983
2025-09-29 10:00,44.76,44.6,45.0,60,1.0
2025-09-29 11:00,44.66,44.4,44.8,60,1.0
2025-09-29 12:00,44.52,44.4,44.7,59,0.983
2025-09-29 13:00,44.43,44.2,44.7,59,0.983
2025-09-29 14:00,44.34,44.2,44.6,60,1.0
2025-09-29 15:00,44.27,44.1,44.4,60,1.0
2025-09-29 16:00,44.22,44.1,44.4,59,0.983
2025-09-29 17:00,44.17,44.0,44.4,60,1.0
2025-09-29 18:00,44.14,43.9,44.3,60,1.0
2025-09-29 19:00,44.08,43.9,44.4,60,1.0
2025-09-29 20:00,44.01,43.9,44.2,60,1.0
2025-09-29 21:00,44.0,43.8,44.2,60,1.0
2025-09-29 22:00,43.94,43.8,44.1,50,0.833
2025-09-29 23:00,43.88,43.7,44.1,54,0.9
2025-09-30 00:00,43.87,43.7,44.0,60,1.0
2025-09-30 01:00,43.82,43.7,44.1,60,1.0
2025-09-30 02:00,43.78,43.6,44.0,60,1.0
2025-09-30 03:00,43.71,43.5,43.9,60,1.0
2025-09-30 04:00,43.68,43.5,43.9,60,1.0
2025-09-30 05:00,43.64,43.5,43.8,60,1.0
2025-09-30 06:00,43.58,43.4,43.7,60,1.0
2025-09-30 07:00,43.57,43.4,43.7,60,1.0
2025-09-30 08:00,43.53,43.3,43.9,59,0.983
2025-09-30 09:00,43.45,43.2,43.6,60,1.0
2025-09-30 10:00,43.39,43.2,43.6,60,1.0
2025-09-30 11:00,43.32,43.1,43.5,60,1.0
2025-09-30 12:00,43.23,43.1,43.4,60,1.0
2025-09-30 13:00,43.16,43.0,43.4,60,1.0
2025-09-30 14:00,43.07,42.9,43.2,55,0.917
2025-09-30 15:00,43.01,42.8,43.1,59,0.983
2025-09-30 16:00,42.94,42.7,43.2,60,1.0
2025-09-30 17:00,42.9,42.7,43.0,60,1.0
2025-09-30 18:00,42.86,42.7,43.0,60,1.0
2025-09-30 19:00,42.81,42.6,43.1,59,0.983
2025-09-30 20:00,42.78,42.6,42.9,60,1.0
2025-09-30 21:00,42.73,42.5,42.9,60,1.0
2025-09-30 22:00,42.7,42.5,42.8,59,0.983
2025-09-30 23:00,42.67,42.5,42.8,60,1.0
2025-10-01 00:00,42.61,42.5,42.8,60,1.0
2025-10-01 01:00,42.6,42.4,42.7,60,1.0
2025-10-01 02:00,42.56,42.4,42.7,60,1.0
2025-10-01 03:00,42.55,42.4,42.7,59,0.983
2025-10-01 04:00,42.5,42.3,42.7,60,1.0
2025-10-01 05:00,42.48,42.3,42.6,60,1.0
2025-10-01 06:00,42.44,42.3,42.6,60,1.0
2025-10-01 07:00,42.42,42.2,42.5,60,1.0
2025-10-01 08:00,42.39,42.2,42.6,60,1.0
2025-10-01 09:00,42.32,42.1,42.5,60,1.0
2025-10-01 10:00,42.24,42.0,42.4,60,1.0
2025-10-01 11:00,42.19,42.0,42.5,60,1.0
2025-10-01 12:00,42.14,42.0,42.3,60,1.0
2025-10-01 13:00,42.09,41.9,42.3,60,1.0
2025-10-01 14:00,42.03,41.8,42.2,60,1.0
2025-10-01 15:00,41.98,41.8,42.1,60,1.0
2025-10-01 16:00,41.94,41.8,42.1,60,1.0
2025-10-01 17:00,41.95,41.7,42.3,30,0.5
2025-10-01 18:00,42.34,42.3,42.4,7,0.117
2025-10-01 19:00,42.3,42.1,42.4,33,0.55
2025-10-01 20:00,42.2,42.0,42.4,58,0.967
2025-10-01 21:00,42.09,41.9,42.4,54,0.9
2025-10-01 22:00,42.0,41.8,42.1,55,0.917
2025-10-01 23:00,41.96,41.8,42.2,60,1.0
2025-10-02 00:00,41.9,41.8,42.0,57,0.95
2025-10-02 01:00,41.85,41.7,42.0,53,0.883
2025-10-02 02:00,41.75,41.6,41.9,57,0.95
2025-10-02 03:00,41.7,41.5,41.9,56,0.933
2025-10-02 04:00,41.67,41.5,41.8,60,1.0
2025-10-02 05:00,41.66,41.5,41.8,57,0.95
2025-10-02 06:00,41.62,41.4,41.8,60,1.0
2025-10-02 07:00,41.59,41.4,41.8,60,1.0
2025-10-02 08:00,41.54,41.3,41.7,60,1.0
2025-10-02 09:00,41.47,41.3,41.7,60,1.0
2025-10-02 10:00,41.4,41.2,41.7,60,1.0
2025-10-02 11:00,41.33,41.2,41.5,58,0.967
2025-10-02 12:00,41.35,41.2,41.5,54,0.9
2025-10-02 13:00,41.27,41.1,41.4,48,0.8
2025-10-02 14:00,41.22,41.1,41.4,60,1.0
2025-10-02 15:00,41.16,41.0,41.3,60,1.0
2025-10-02 16:00,41.12,40.9,41.3,58,0.967
2025-10-02 17:00,41.02,40.9,41.2,53,0.883
2025-10-02 18:00,40.94,40.8,41.1,47,0.783
2025-10-02 19:00,40.95,40.8,41.2,44,0.733
2025-10-02 20:00,40.87,40.8,41.1,50,0.833
2025-10-02 21:00,40.84,40.7,41.0,57,0.95
2025-10-02 22:00,40.82,40.7,41.0,53,0.883
2025-10-02 23:00,40.77,40.6,41.0,57,0.95
2025-10-03 00:00,40.72,40.6,40.9,44,0.733
2025-10-03 01:00,40.68,40.6,40.9,41,0.683
2025-10-03 02:00,40.71,40.6,40.9,50,0.833
2025-10-03 03:00,40.68,40.6,41.0,53,0.883
2025-10-03 04:00,40.63,40.5,40.8,59,0.983
2025-10-03 05:00,40.62,40.5,40.9,55,0.917
2025-10-03 06:00,40.58,40.5,40.8,60,1.0
2025-10-03 07:00,40.55,40.4,40.7,60,1.0
2025-10-03 08:00,40.55,40.4,40.7,55,0.917
2025-10-03 09:00,40.52,40.3,40.6,60,1.0
2025-10-03 10:00,40.44,40.3,40.6,56,0.933
2025-10-03 11:00,40.37,40.2,40.6,60,1.0
2025-10-03 12:00,40.35,40.2,40.5,60,1.0
2025-10-03 13:00,40.3,40.1,40.5,60,1.0
2025-10-03 14:00,40.24,40.1,40.4,60,1.0
2025-10-03 15:00,40.24,40.1,40.4,58,0.967
2025-10-03 16:00,40.22,40.1,40.5,60,1.0
2025-10-03 17:00,40.1,40.0,40.3,47,0.783
2025-10-03 18:00,40.08,40.0,40.5,60,1.0
2025-10-03 19:00,40.06,39.9,40.2,60,1.0
2025-10-03 20:00,40.02,39.9,40.2,59,0.983
2025-10-03 21:00,40.0,39.9,40.2,59,0.983
2025-10-03 22:00,39.98,39.8,40.2,60,1.0
2025-10-03 23:00,39.97,39.8,40.1,60,1.0
2025-10-04 00:00,39.96,39.8,40.1,60,1.0
2025-10-04 01:00,39.92,39.8,40.1,60,1.0
2025-10-04 02:00,39.91,39.7,40.1,48,0.8
2025-10-04 03:00,39.86,39.7,40.1,45,0.75
2025-10-04 04:00,39.85,39.7,40.0,52,0.867
2025-10-04 05:00,39.8,39.7,40.0,60,1.0
2025-10-04 06:00,39.78,39.7,40.0,60,1.0
2025-10-04 07:00,39.77,39.6,40.0,59,0.983
2025-10-04 08:00,39.79,39.7,40.0,57,0.95
2025-10-04 09:00,39.75,39.6,39.9,56,0.933
2025-10-04 10:00,39.72,39.6,39.8,58,0.967
2025-10-04 11:00,39.67,39.5,39.8,55,0.917
2025-10-04 12:00,39.62,39.4,39.8,53,0.883
2025-10-04 13:00,39.56,39.4,39.7,47,0.783
2025-10-04 14:00,39.5,39.3,39.7,60,1.0
2025-10-04 15:00,39.46,39.3,39.7,60,1.0
2025-10-04 16:00,39.43,39.3,39.6,59,0.983
2025-10-04 17:00,39.42,39.2,39.7,60,1.0
2025-10-04 18:00,39.36,39.2,39.5,60,1.0
2025-10-04 19:00,39.34,39.2,39.6,60,1.0
2025-10-04 20:00,39.32,39.2,39.5,60,1.0
2025-10-04 21:00,39.29,39.1,39.5,60,1.0
2025-10-04 22:00,39.21,39.1,39.4,60,1.0
2025-10-04 23:00,39.19,39.1,39.4,60,1.0
2025-10-05 00:00,39.19,39.1,39.4,60,1.0
2025-10-05 01:00,39.16,39.0,39.3,60,1.0
2025-10-05 02:00,39.17,39.0,39.3,60,1.0
2025-10-05 03:00,39.16,39.0,39.3,60,1.0
2025-10-05 04:00,39.14,39.0,39.3,60,1.0
2025-10-05 05:00,39.12,39.0,39.3,60,1.0
2025-10-05 06:00,39.1,38.9,39.2,60,1.0
2025-10-05 07:00,39.16,38.9,39.4,56,0.933
2025-10-05 08:00,39.42,39.2,39.5,12,0.2
2025-10-05 09:00,39.5,39.5,39.5,1,0.017
2025-10-05 11:00,39.6,39.6,39.6,1,0.017
2025-10-05 12:00,39.55,39.5,39.6,2,0.033
2025-10-05 13:00,39.65,39.5,39.7,4,0.067
2025-10-05 14:00,39.66,39.5,39.8,21,0.35
2025-10-05 15:00,39.67,39.5,39.8,21,0.35
2025-10-05 16:00,39.58,39.5,39.7,25,0.417
2025-10-05 17:00,39.59,39.4,39.7,29,0.483
2025-10-05 18:00,39.56,39.3,39.7,35,0.583
2025-10-05 19:00,39.54,39.4,39.7,48,0.8
2025-10-05 20:00,39.52,39.4,39.7,57,0.95
2025-10-05 21:00,39.49,39.3,39.7,55,0.917
2025-10-05 22:00,39.48,39.3,39.8,52,0.867
2025-10-05 23:00,39.44,39.2,39.6,56,0.933
2025-10-06 00:00,39.36,39.2,39.5,55,0.917
2025-10-06 01:00,39.29,39.1,39.6,53,0.883
2025-10-06 02:00,39.28,39.1,39.4,53,0.883
2025-10-06 03:00,39.28,39.1,39.4,56,0.933
2025-10-06 04:00,39.28,39.1,39.5,59,0.983
2025-10-06 05:00,39.28,39.1,39.5,60,1.0
2025-10-06 06:00,39.28,39.1,39.5,59,0.983
2025-10-06 07:00,39.28,39.1,39.4,60,1.0
2025-10-06 08:00,39.27,39.1,39.4,60,1.0
2025-10-06 09:00,39.27,39.1,39.4,58,0.967
2025-10-06 10:00,39.28,39.1,39.4,60,1.0
2025-10-06 11:00,39.26,39.1,39.4,59,0.983
2025-10-06 12:00,39.23,39.1,39.4,58,0.967
2025-10-06 13:00,39.26,39.1,39.4,60,1.0
2025-10-06 14:00,39.22,39.1,39.5,60,1.0
2025-10-06 15:00,39.24,39.1,39.4,60,1.0
2025-10-06 16:00,39.23,39.1,39.4,60,1.0
2025-10-06 17:00,39.27,39.1,39.5,59,0.983
2025-10-06 18:00,39.24,39.1,39.4,60,1.0
2025-10-06 19:00,39.26,39.1,39.4,60,1.0
2025-10-06 20:00,39.28,39.1,39.5,60,1.0
2025-10-06 21:00,39.27,39.1,39.4,60,1.0
2025-10-06 22:00,39.27,39.1,39.4,60,1.0
2025-10-06 23:00,39.3,39.1,39.5,60,1.0
2025-10-07 00:00,39.29,39.1,39.4,60,1.0
2025-10-07 01:00,39.32,39.1,39.5,60,1.0
2025-10-07 02:00,39.32,39.1,39.6,60,1.0
2025-10-07 03:00,39.33,39.1,39.4,60,1.0
2025-10-07 04:00,39.32,39.1,39.4,60,1.0
2025-10-07 05:00,39.31,39.2,39.6,60,1.0
2025-10-07 06:00,39.31,39.2,39.4,60,1.0
2025-10-07 07:00,39.35,39.2,39.5,56,0.933
2025-10-07 08:00,39.29,39.1,39.5,60,1.0
2025-10-07 09:00,39.28,39.1,39.5,58,0.967
2025-10-07 10:00,39.25,39.1,39.4,59,0.983
2025-10-07 11:00,39.25,39.1,39.4,57,0.95
2025-10-07 12:00,39.22,39.1,39.4,55,0.917
2025-10-07 13:00,39.18,39.1,39.3,60,1.0
2025-10-07 14:00,39.18,39.0,39.3,59,0.983
2025-10-07 15:00,39.15,39.0,39.3,60,1.0
2025-10-07 16:00,39.16,39.0,39.3,59,0.983
2025-10-07 17:00,39.16,39.0,39.4,60,1.0
2025-10-07 18:00,39.14,39.0,39.3,60,1.0
2025-10-07 19:00,39.13,39.0,39.3,59,0.983
2025-10-07 20:00,39.12,39.0,39.3,55,0.917
2025-10-07 21:00,39.15,39.0,39.3,59,0.983
2025-10-07 22:00,39.14,39.0,39.3,58,0.967
2025-10-07 23:00,39.14,39.0,39.3,59,0.983
2025-10-08 00:00,39.13,38.9,39.3,59,0.983
2025-10-08 01:00,39.1,38.9,39.3,58,0.967
2025-10-08 02:00,39.1,39.0,39.3,60,1.0
2025-10-08 03:00,39.07,38.9,39.2,60,1.0
2025-10-08 04:00,39.08,38.9,39.2,58,0.967
2025-10-08 05:00,39.06,38.9,39.3,60,1.0
2025-10-08 06:00,39.07,38.9,39.2,60,1.0
2025-10-08 07:00,39.04,38.9,39.2,60,1.0
2025-10-08 08:00,39.01,38.9,39.2,59,0.983
2025-10-08 09:00,39.01,38.9,39.2,60,1.0
2025-10-08 10:00,38.96,38.9,39.1,59,0.983
2025-10-08 11:00,38.99,38.8,39.2,60,1.0
2025-10-08 12:00,38.94,38.8,39.2,60,1.0
2025-10-08 13:00,38.92,38.8,39.2,60,1.0
2025-10-08 14:00,38.9,38.8,39.1,60,1.0
2025-10-08 15:00,38.89,38.8,39.2,59,0.983
2025-10-08 16:00,38.84,38.7,39.0,49,0.817
2025-10-08 17:00,38.84,38.7,38.9,42,0.7
2025-10-08 18:00,38.84,38.7,38.9,54,0.9
2025-10-08 19:00,38.84,38.7,39.0,60,1.0
2025-10-08 20:00,38.81,38.7,39.0,60,1.0
2025-10-08 21:00,38.79,38.6,39.1,60,1.0
2025-10-08 22:00,38.78,38.6,38.9,60,1.0
2025-10-08 23:00,38.76,38.6,38.9,60,1.0
2025-10-09 00:00,38.73,38.6,38.9,60,1.0
2025-10-09 01:00,38.71,38.6,38.9,60,1.0
2025-10-09 02:00,38.74,38.6,39.0,60,1.0
2025-10-09 03:00,38.7,38.6,38.9,60,1.0
2025-10-09 04:00,38.7,38.6,38.8,60,1.0
2025-10-09 05:00,38.69,38.6,39.0,60,1.0
2025-10-09 06:00,38.67,38.6,38.8,60,1.0
2025-10-09 07:00,38.66,38.5,38.8,60,1.0
2025-10-09 08:00,38.65,38.5,38.8,60,1.0
2025-10-09 09:00,38.6,38.5,38.8,59,0.983
2025-10-09 10:00,38.62,38.4,38.8,55,0.917
2025-10-09 11:00,38.56,38.4,38.7,58,0.967
2025-10-09 12:00,38.54,38.4,38.7,60,1.0
2025-10-09 13:00,38.51,38.4,38.7,60,1.0
2025-10-09 14:00,38.45,38.3,38.7,60,1.0
2025-10-09 15:00,38.43,38.3,38.7,60,1.0
2025-10-09 16:00,38.42,38.3,38.6,59,0.983
2025-10-09 17:00,38.36,38.3,38.6,60,1.0
2025-10-09 18:00,38.39,38.3,38.6,60,1.0
2025-10-09 19:00,38.36,38.2,38.6,60,1.0
2025-10-09 20:00,38.35,38.2,38.5,59,0.983
2025-10-09 21:00,38.35,38.2,38.5,60,1.0
2025-10-09 22:00,38.33,38.2,38.5,60,1.0
2025-10-09 23:00,38.32,38.2,38.7,60,1.0
2025-10-10 00:00,38.29,38.2,38.5,60,1.0
2025-10-10 01:00,38.28,38.2,38.5,59,0.983
2025-10-10 02:00,38.28,38.2,38.4,60,1.0
2025-10-10 03:00,38.26,38.1,38.4,60,1.0
2025-10-10 04:00,38.24,38.1,38.4,59,0.983
2025-10-10 05:00,38.24,38.1,38.4,58,0.967
2025-10-10 06:00,38.24,38.1,38.4,59,0.983
2025-10-10 07:00,38.2,38.1,38.4,60,1.0
2025-10-10 08:00,38.24,38.1,38.4,60,1.0
2025-10-10 09:00,38.21,38.1,38.4,60,1.0
2025-10-10 10:00,38.21,38.1,38.3,60,1.0
2025-10-10 11:00,38.19,38.1,38.4,58,0.967
2025-10-10 12:00,38.17,38.0,38.3,60,1.0
2025-10-10 13:00,38.14,38.0,38.3,59,0.983
2025-10-10 14:00,38.11,37.9,38.3,60,1.0
2025-10-10 15:00,38.1,38.0,38.2,60,1.0
2025-10-10 16:00,38.08,37.9,38.2,60,1.0
2025-10-10 17:00,38.04,37.9,38.2,60,1.0
2025-10-10 18:00,38.02,37.8,38.2,60,1.0
2025-10-10 19:00,38.0,37.8,38.1,60,1.0
2025-10-10 20:00,38.01,37.8,38.1,59,0.983
2025-10-10 21:00,37.93,37.8,38.1,60,1.0
2025-10-10 22:00,37.91,37.8,38.1,60,1.0
2025-10-10 23:00,37.89,37.8,38.1,59,0.983
2025-10-11 00:00,37.9,37.8,38.1,59,0.983
2025-10-11 01:00,37.88,37.7,38.1,59,0.983
2025-10-11 02:00,37.89,37.8,38.1,60,1.0
2025-10-11 03:00,37.86,37.7,38.0,59,0.983
2025-10-11 04:00,37.81,37.7,38.0,60,1.0
2025-10-11 05:00,37.79,37.7,37.9,60,1.0
2025-10-11 06:00,37.79,37.7,37.9,60,1.0
2025-10-11 07:00,37.78,37.6,37.9,60,1.0
2025-10-11 08:00,37.79,37.6,38.0,57,0.95
2025-10-11 09:00,37.76,37.6,37.9,55,0.917
2025-10-11 10:00,37.7,37.5,37.9,60,1.0
2025-10-11 11:00,37.69,37.5,37.8,57,0.95
2025-10-11 12:00,37.67,37.5,37.8,60,1.0
2025-10-11 13:00,37.64,37.5,37.7,60,1.0
2025-10-11 14:00,37.62,37.5,37.8,59,0.983
2025-10-11 15:00,37.6,37.4,37.8,60,1.0
2025-10-11 16:00,37.55,37.4,37.7,60,1.0
2025-10-11 17:00,37.53,37.4,37.7,60,1.0
2025-10-11 18:00,37.52,37.4,37.7,58,0.967
2025-10-11 19:00,37.49,37.3,37.6,60,1.0
2025-10-11 20:00,37.48,37.3,37.6,60,1.0
2025-10-11 21:00,37.45,37.3,37.6,60,1.0
2025-10-11 22:00,37.43,37.3,37.6,58,0.967
2025-10-11 23:00,37.41,37.2,37.7,59,0.983
2025-10-12 00:00,37.37,37.2,37.6,60,1.0
2025-10-12 01:00,37.34,37.2,37.5,60,1.0
2025-10-12 02:00,37.31,37.2,37.5,60,1.0
2025-10-12 03:00,37.29,37.1,37.4,60,1.0
2025-10-12 04:00,37.29,37.1,37.4,60,1.0
2025-10-12 05:00,37.26,37.1,37.5,60,1.0
2025-10-12 06:00,37.24,37.1,37.3,60,1.0
2025-10-12 07:00,37.23,37.1,37.4,60,1.0
2025-10-12 08:00,37.18,37.0,37.3,59,0.983
2025-10-12 09:00,37.16,37.0,37.3,60,1.0
2025-10-12 10:00,37.14,37.0,37.3,58,0.967
2025-10-12 11:00,37.12,36.9,37.3,60,1.0
2025-10-12 12:00,37.09,36.9,37.2,60,1.0
2025-10-12 13:00,37.04,36.9,37.2,60,1.0
2025-10-12 14:00,36.99,36.9,37.1,60,1.0
2025-10-12 15:00,36.97,36.8,37.2,60,1.0
2025-10-12 16:00,36.98,36.8,37.2,60,1.0
2025-10-12 17:00,36.92,36.8,37.1,60,1.0
2025-10-12 18:00,36.91,36.8,37.0,60,1.0
2025-10-12 19:00,36.89,36.7,37.0,60,1.0
2025-10-12 20:00,36.87,36.7,37.0,58,0.967
2025-10-12 21:00,36.86,36.7,37.0,60,1.0
2025-10-12 22:00,36.81,36.7,37.0,60,1.0
2025-10-12 23:00,36.83,36.7,37.1,60,1.0
2025-10-13 00:00,36.81,36.7,36.9,60,1.0
2025-10-13 01:00,36.77,36.6,36.9,60,1.0
2025-10-13 02:00,36.74,36.6,36.9,60,1.0
2025-10-13 03:00,36.73,36.6,36.8,59,0.983
2025-10-13 04:00,36.7,36.5,36.9,60,1.0
2025-10-13 05:00,36.67,36.5,36.8,60,1.0
2025-10-13 06:00,36.66,36.5,36.9,60,1.0
2025-10-13 07:00,36.67,36.5,36.8,60,1.0
2025-10-13 08:00,36.61,36.5,36.8,60,1.0
2025-10-13 09:00,36.58,36.4,36.7,59,0.983
2025-10-13 10:00,36.59,36.5,36.8,58,0.967
2025-10-13 11:00,36.56,36.4,36.7,57,0.95
2025-10-13 12:00,36.51,36.4,36.7,59,0.983
2025-10-13 13:00,36.5,36.4,36.7,60,1.0
2025-10-13 14:00,36.5,36.3,36.7,60,1.0
2025-10-13 15:00,36.47,36.3,36.6,59,0.983
2025-10-13 16:00,36.43,36.3,36.6,46,0.767
2025-10-13 17:00,36.42,36.3,36.5,59,0.983
2025-10-13 18:00,36.39,36.3,36.6,60,1.0
2025-10-13 19:00,36.39,36.2,36.5,60,1.0
2025-10-13 20:00,36.37,36.2,36.5,60,1.0
2025-10-13 21:00,36.36,36.2,36.5,60,1.0
2025-10-13 22:00,36.34,36.2,36.5,60,1.0
2025-10-13 23:00,36.31,36.2,36.5,59,0.983
2025-10-14 00:00,36.3,36.2,36.4,60,1.0
2025-10-14 01:00,36.28,36.1,36.5,60,1.0
2025-10-14 02:00,36.26,36.1,36.4,60,1.0
2025-10-14 03:00,36.26,36.1,36.5,60,1.0
2025-10-14 04:00,36.24,36.1,36.5,60,1.0
2025-10-14 05:00,36.21,36.1,36.3,60,1.0
2025-10-14 06:00,36.2,36.0,36.4,60,1.0
2025-10-14 07:00,36.2,36.1,36.5,60,1.0
2025-10-14 08:00,36.16,36.0,36.3,60,1.0
2025-10-14 09:00,36.07,36.0,36.2,60,1.0
2025-10-14 10:00,36.05,36.0,36.2,59,0.983
2025-10-14 11:00,36.06,35.9,36.2,60,1.0
2025-10-14 12:00,36.03,35.9,36.2,56,0.933
2025-10-14 13:00,36.0,35.9,36.1,54,0.9
2025-10-14 14:00,36.0,35.9,36.2,60,1.0
2025-10-14 15:00,35.97,35.8,36.1,59,0.983
2025-10-14 16:00,35.94,35.8,36.1,60,1.0
2025-10-14 17:00,35.95,35.8,36.1,60,1.0
2025-10-14 18:00,35.96,35.8,36.1,60,1.0
2025-10-14 19:00,35.92,35.8,36.1,60,1.0
2025-10-14 20:00,35.89,35.8,36.0,60,1.0
2025-10-14 21:00,35.88,35.7,36.1,60,1.0
2025-10-14 22:00,35.88,35.7,36.0,60,1.0
2025-10-14 23:00,35.86,35.7,36.1,60,1.0
2025-10-15 00:00,35.84,35.7,36.1,60,1.0
2025-10-15 01:00,35.82,35.6,36.0,60,1.0
2025-10-15 02:00,35.8,35.7,36.0,60,1.0
2025-10-15 03:00,35.78,35.6,35.9,60,1.0
2025-10-15 04:00,35.74,35.6,35.9,60,1.0
2025-10-15 05:00,35.74,35.6,35.9,60,1.0
2025-10-15 06:00,35.71,35.6,36.0,60,1.0
2025-10-15 07:00,35.68,35.5,36.0,60,1.0
2025-10-15 08:00,35.67,35.5,35.8,60,1.0
2025-10-15 09:00,35.66,35.5,35.8,60,1.0
2025-10-15 10:00,35.63,35.5,35.8,60,1.0
2025-10-15 11:00,35.58,35.5,35.8,60,1.0
2025-10-15 12:00,35.59,35.5,35.7,60,1.0
2025-10-15 13:00,35.55,35.4,35.7,60,1.0
2025-10-15 14:00,35.55,35.4,35.7,60,1.0
2025-10-15 15:00,35.56,35.4,35.7,59,0.983
2025-10-15 16:00,35.55,35.4,35.7,60,1.0
2025-10-15 17:00,35.64,35.5,35.9,59,0.983
2025-10-15 18:00,35.67,35.5,35.8,59,0.983
2025-10-15 19:00,35.67,35.5,35.8,59,0.983
2025-10-15 20:00,35.69,35.5,35.8,58,0.967
2025-10-15 21:00,35.66,35.5,35.8,57,0.95
2025-10-15 22:00,35.64,35.5,35.8,45,0.75
2025-10-15 23:00,35.61,35.5,35.8,53,0.883
2025-10-16 00:00,35.57,35.5,35.7,59,0.983
2025-10-16 01:00,35.59,35.4,35.7,59,0.983
2025-10-16 02:00,35.57,35.4,35.7,53,0.883
2025-10-16 03:00,35.54,35.4,35.7,47,0.783
2025-10-16 04:00,35.6,35.5,35.8,57,0.95
2025-10-16 05:00,35.58,35.5,35.8,57,0.95
2025-10-16 06:00,35.64,35.5,35.8,59,0.983
2025-10-16 07:00,35.71,35.6,35.9,59,0.983
2025-10-16 08:00,35.74,35.6,36.0,47,0.783
2025-10-16 09:00,35.67,35.5,35.8,55,0.917
2025-10-16 10:00,35.62,35.5,35.9,60,1.0
2025-10-16 11:00,35.58,35.5,35.7,60,1.0
2025-10-16 12:00,35.54,35.4,35.7,59,0.983
2025-10-16 13:00,35.65,35.5,35.9,30,0.5
2025-10-16 14:00,35.79,35.7,35.9,11,0.183
2025-10-16 15:00,35.72,35.6,35.9,17,0.283
2025-10-16 16:00,35.7,35.6,35.9,38,0.633
2025-10-16 17:00,35.71,35.6,35.9,42,0.7
2025-10-16 18:00,35.67,35.6,36.0,41,0.683
2025-10-16 19:00,35.62,35.5,35.8,50,0.833
2025-10-16 20:00,35.63,35.5,35.8,55,0.917
2025-10-16 21:00,35.6,35.5,35.7,59,0.983
2025-10-16 22:00,35.58,35.4,35.8,59,0.983
2025-10-16 23:00,35.66,35.5,35.8,53,0.883
2025-10-17 00:00,35.74,35.6,35.9,31,0.517
2025-10-17 01:00,35.73,35.6,35.9,37,0.617
2025-10-17 02:00,35.67,35.5,35.8,44,0.733
2025-10-17 03:00,35.68,35.6,36.0,37,0.617
2025-10-17 04:00,35.73,35.6,35.8,31,0.517
2025-10-17 05:00,35.72,35.6,35.9,48,0.8
2025-10-17 06:00,35.7,35.6,36.0,52,0.867
2025-10-17 07:00,35.69,35.6,35.9,54,0.9
2025-10-17 08:00,35.65,35.5,35.8,59,0.983
2025-10-17 09:00,35.66,35.5,35.8,57,0.95
2025-10-17 10:00,35.66,35.6,35.8,60,1.0
2025-10-17 11:00,35.61,35.5,35.8,59,0.983
2025-10-17 12:00,35.53,35.4,35.7,60,1.0
2025-10-17 13:00,35.46,35.3,35.6,59,0.983
2025-10-17 14:00,35.43,35.3,35.6,59,0.983
2025-10-17 15:00,35.42,35.3,35.7,59,0.983
2025-10-17 16:00,35.38,35.2,35.5,59,0.983
2025-10-17 17:00,35.42,35.2,35.7,59,0.983
2025-10-17 18:00,35.5,35.3,35.7,58,0.967
2025-10-17 19:00,35.51,35.4,35.7,60,1.0
2025-10-17 20:00,35.53,35.4,35.7,60,1.0
2025-10-17 21:00,35.52,35.4,35.7,60,1.0
2025-10-17 22:00,35.52,35.4,35.7,60,1.0
2025-10-17 23:00,35.53,35.4,35.7,60,1.0
2025-10-18 00:00,35.53,35.3,35.7,60,1.0
2025-10-18 01:00,35.56,35.4,35.8,59,0.983
2025-10-18 02:00,35.55,35.4,35.8,59,0.983
2025-10-18 03:00,35.56,35.4,35.7,60,1.0
2025-10-18 04:00,35.55,35.4,35.7,59,0.983
2025-10-18 05:00,35.53,35.4,35.7,60,1.0
2025-10-18 06:00,35.54,35.4,35.7,59,0.983
2025-10-18 07:00,35.57,35.4,35.8,60,1.0
2025-10-18 08:00,35.59,35.4,35.9,59,0.983
2025-10-18 09:00,35.53,35.4,35.8,60,1.0
2025-10-18 10:00,35.45,35.3,35.7,60,1.0
2025-10-18 11:00,35.43,35.3,35.6,60,1.0
2025-10-18 12:00,35.39,35.3,35.6,60,1.0
2025-10-18 13:00,35.38,35.2,35.5,60,1.0
2025-10-18 14:00,35.44,35.3,35.6,60,1.0
2025-10-18 15:00,35.42,35.3,35.6,60,1.0
2025-10-18 16:00,35.45,35.3,35.6,60,1.0
2025-10-18 17:00,35.5,35.4,35.6,60,1.0
2025-10-18 18:00,35.53,35.4,35.6,60,1.0
2025-10-18 19:00,35.55,35.4,35.7,59,0.983
2025-10-18 20:00,35.57,35.4,35.7,59,0.983
2025-10-18 21:00,35.62,35.4,35.8,60,1.0
2025-10-18 22:00,35.62,35.5,35.8,60,1.0
2025-10-18 23:00,35.66,35.5,35.8,58,0.967
2025-10-19 00:00,35.74,35.5,35.9,59,0.983
2025-10-19 01:00,35.78,35.6,36.0,60,1.0
2025-10-19 02:00,35.79,35.6,35.9,60,1.0
2025-10-19 03:00,35.83,35.7,36.0,59,0.983
2025-10-19 04:00,35.86,35.7,36.2,60,1.0
2025-10-19 05:00,35.9,35.7,36.0,60,1.0
2025-10-19 06:00,35.93,35.8,36.1,50,0.833
2025-10-19 07:00,36.0,35.8,36.1,46,0.767
2025-10-19 08:00,36.03,35.9,36.3,58,0.967
2025-10-19 09:00,36.06,35.9,36.1,52,0.867
2025-10-19 10:00,36.1,36.0,36.3,59,0.983
2025-10-19 11:00,36.12,36.0,36.4,59,0.983
2025-10-19 12:00,36.13,36.0,36.2,59,0.983
2025-10-19 13:00,36.17,36.0,36.4,59,0.983
2025-10-19 14:00,36.2,36.1,36.4,60,1.0
2025-10-19 15:00,36.22,36.1,36.3,60,1.0
2025-10-19 16:00,36.27,36.1,36.5,58,0.967
2025-10-19 17:00,36.29,36.1,36.5,60,1.0
2025-10-19 18:00,36.32,36.2,36.5,60,1.0
2025-10-19 19:00,36.35,36.2,36.5,59,0.983
2025-10-19 20:00,36.41,36.2,36.5,60,1.0
2025-10-19 21:00,36.42,36.2,36.6,60,1.0
2025-10-19 22:00,36.45,36.3,36.6,60,1.0
2025-10-19 23:00,36.46,36.3,36.6,59,0.983
2025-10-20 00:00,36.52,36.4,36.6,59,0.983
2025-10-20 01:00,36.52,36.4,36.7,60,1.0
2025-10-20 02:00,36.55,36.4,36.7,60,1.0
2025-10-20 03:00,36.58,36.5,36.7,60,1.0
2025-10-20 04:00,36.61,36.5,36.7,60,1.0
2025-10-20 05:00,36.64,36.5,36.8,60,1.0
2025-10-20 06:00,36.65,36.5,36.9,60,1.0
2025-10-20 07:00,36.7,36.5,36.9,60,1.0
2025-10-20 08:00,36.68,36.6,36.8,59,0.983
2025-10-20 09:00,36.71,36.6,36.8,58,0.967
2025-10-20 10:00,36.73,36.6,36.9,58,0.967
2025-10-20 11:00,36.74,36.6,36.9,60,1.0
2025-10-20 12:00,36.73,36.6,36.9,58,0.967
2025-10-20 13:00,36.74,36.6,36.9,60,1.0
2025-10-20 14:00,36.75,36.6,36.9,60,1.0
2025-10-20 15:00,36.74,36.6,36.9,59,0.983
2025-10-20 16:00,36.75,36.6,37.0,60,1.0
2025-10-20 17:00,36.77,36.6,36.9,60,1.0
2025-10-20 18:00,36.77,36.6,36.9,60,1.0
2025-10-20 19:00,36.79,36.6,37.0,60,1.0
2025-10-20 20:00,36.79,36.6,36.9,60,1.0
2025-10-20 21:00,36.82,36.7,37.0,60,1.0
2025-10-20 22:00,36.83,36.7,37.0,58,0.967
2025-10-20 23:00,36.84,36.7,37.0,58,0.967
2025-10-21 00:00,36.86,36.7,37.1,60,1.0
2025-10-21 01:00,36.88,36.7,37.0,59,0.983
2025-10-21 02:00,36.88,36.7,37.1,60,1.0
2025-10-21 03:00,36.87,36.8,37.1,59,0.983
2025-10-21 04:00,36.9,36.7,37.2,60,1.0
2025-10-21 05:00,36.89,36.8,37.1,59,0.983
2025-10-21 06:00,36.91,36.8,37.1,60,1.0
2025-10-21 07:00,36.93,36.8,37.1,60,1.0
2025-10-21 08:00,36.93,36.8,37.1,60,1.0
2025-10-21 09:00,36.94,36.8,37.2,60,1.0
2025-10-21 10:00,37.0,36.8,37.4,58,0.967
2025-10-21 11:00,37.45,37.1,37.7,43,0.717
2025-10-21 12:00,37.8,37.5,38.1,41,0.683
2025-10-21 13:00,37.77,37.5,38.0,27,0.45
2025-10-21 14:00,37.67,37.5,37.8,26,0.433
2025-10-21 15:00,41.72,37.5,46.1,25,0.417
2025-10-21 16:00,51.08,47.6,54.3,38,0.633
2025-10-21 17:00,56.26,54.1,57.4,50,0.833
2025-10-21 18:00,57.87,57.3,58.4,59,0.983
2025-10-21 19:00,58.39,58.1,58.7,58,0.967
2025-10-21 20:00,58.56,58.3,58.8,42,0.7
2025-10-21 21:00,58.62,58.5,58.8,32,0.533
2025-10-21 22:00,58.61,58.4,58.9,37,0.617
2025-10-21 23:00,58.59,58.4,58.7,41,0.683
2025-10-22 00:00,58.52,58.3,58.8,27,0.45
2025-10-22 01:00,58.38,58.2,58.6,27,0.45
2025-10-22 02:00,58.3,58.1,58.5,42,0.7
2025-10-22 03:00,58.2,58.0,58.5,55,0.917
2025-10-22 04:00,58.1,57.9,58.3,49,0.817
2025-10-22 05:00,57.96,57.7,58.1,16,0.267
2025-10-22 06:00,57.88,57.7,58.0,26,0.433
2025-10-24 10:00,61.92,61.7,62.1,30,0.5
2025-10-24 11:00,61.72,61.5,62.0,60,1.0
2025-10-24 12:00,61.49,61.2,61.8,54,0.9
2025-10-24 13:00,61.21,60.9,61.4,49,0.817
2025-10-24 14:00,61.0,60.7,61.3,60,1.0
2025-10-24 15:00,60.73,60.5,61.0,60,1.0
2025-10-24 16:00,60.59,60.4,60.8,60,1.0
2025-10-24 17:00,60.36,60.1,60.6,58,0.967
2025-10-24 18:00,60.2,59.9,60.5,60,1.0
2025-10-24 19:00,60.02,59.7,60.3,60,1.0
2025-10-24 20:00,59.88,59.6,60.2,60,1.0
2025-10-24 21:00,59.71,59.5,59.9,60,1.0
2025-10-24 22:00,59.61,59.4,59.8,60,1.0
2025-10-24 23:00,59.47,59.3,59.7,60,1.0
2025-10-25 00:00,59.31,59.0,59.5,60,1.0
2025-10-25 01:00,59.16,58.9,59.4,60,1.0
2025-10-25 02:00,59.03,58.8,59.2,60,1.0
2025-10-25 03:00,58.93,58.7,59.2,60,1.0
2025-10-25 04:00,58.77,58.5,59.0,60,1.0
2025-10-25 05:00,58.7,58.5,58.9,60,1.0
2025-10-25 06:00,58.58,58.3,58.9,60,1.0
2025-10-25 07:00,58.47,58.2,58.7,60,1.0
2025-10-25 08:00,58.31,58.1,58.6,56,0.933
2025-10-25 09:00,58.17,57.9,58.4,48,0.8
2025-10-25 10:00,58.01,57.8,58.2,52,0.867
2025-10-25 11:00,57.87,57.6,58.2,51,0.85
2025-10-25 12:00,57.76,57.5,57.9,45,0.75
2025-10-25 13:00,57.63,57.3,57.8,53,0.883
2025-10-25 14:00,57.47,57.2,57.7,59,0.983
2025-10-25 15:00,57.34,57.1,57.5,58,0.967
2025-10-25 16:00,57.22,56.9,57.4,60,1.0
2025-10-25 17:00,57.09,56.9,57.3,60,1.0
2025-10-25 18:00,56.96,56.7,57.2,60,1.0
2025-10-25 19:00,56.89,56.6,57.0,60,1.0
2025-10-25 20:00,56.81,56.6,57.0,60,1.0
2025-10-25 21:00,56.7,56.5,56.9,56,0.933
2025-10-25 22:00,56.61,56.3,56.9,56,0.933
2025-10-25 23:00,56.39,55.7,56.9,37,0.617
2025-10-26 00:00,81.76,63.9,87.3,15,0.25
2025-10-26 01:00,87.03,86.6,87.4,18,0.3
2025-10-26 02:00,86.6,86.4,86.8,2,0.033
2025-10-26 03:00,85.32,84.8,85.9,26,0.433
2025-10-26 04:00,84.19,83.2,84.9,49,0.817
2025-10-26 05:00,82.35,81.3,83.4,55,0.917
2025-10-26 06:00,80.56,79.7,81.5,54,0.9
2025-10-26 07:00,78.91,78.1,79.8,53,0.883
2025-10-26 08:00,77.65,77.0,78.3,57,0.95
2025-10-26 09:00,76.61,76.0,77.2,57,0.95
2025-10-26 10:00,75.63,75.1,76.2,52,0.867
2025-10-26 11:00,74.76,74.2,75.2,57,0.95
2025-10-26 12:00,74.09,73.6,74.6,58,0.967
2025-10-26 13:00,73.53,73.1,74.1,60,1.0
2025-10-26 14:00,73.03,72.6,73.4,58,0.967
2025-10-26 15:00,72.59,72.3,72.9,60,1.0
2025-10-26 16:00,72.21,71.9,72.6,60,1.0
2025-10-26 17:00,71.84,71.5,72.3,59,0.983
2025-10-26 18:00,71.56,71.3,72.0,59,0.983
2025-10-26 19:00,71.29,70.9,71.6,58,0.967
2025-10-26 20:00,71.02,70.7,71.3,60,1.0
2025-10-26 21:00,70.77,70.5,71.1,59,0.983
2025-10-26 22:00,70.53,70.2,70.8,60,1.0
2025-10-26 23:00,70.32,70.0,70.6,60,1.0
2025-10-27 00:00,70.09,69.8,70.4,60,1.0
2025-10-27 01:00,69.94,69.6,70.3,60,1.0
2025-10-27 02:00,69.78,69.5,70.0,59,0.983
2025-10-27 03:00,69.59,69.3,69.9,60,1.0
2025-10-27 04:00,69.44,69.2,69.7,60,1.0
2025-10-27 05:00,69.24,69.0,69.5,60,1.0
2025-10-27 06:00,69.13,68.9,69.4,60,1.0
2025-10-27 07:00,69.01,68.8,69.2,60,1.0
2025-10-27 08:00,68.84,68.6,69.1,60,1.0
2025-10-27 09:00,68.7,68.4,69.0,59,0.983
2025-10-27 10:00,68.56,68.2,68.8,59,0.983
2025-10-27 11:00,68.41,68.1,68.7,60,1.0
2025-10-27 12:00,68.29,68.0,68.6,59,0.983
2025-10-27 13:00,68.12,67.9,68.4,60,1.0
2025-10-27 14:00,68.03,67.7,68.3,60,1.0
2025-10-27 15:00,67.92,67.7,68.2,60,1.0
2025-10-27 16:00,67.79,67.5,68.0,60,1.0
2025-10-27 17:00,67.65,67.4,67.9,60,1.0
2025-10-27 18:00,67.57,67.3,67.8,60,1.0
2025-10-27 19:00,67.46,67.2,67.7,60,1.0
2025-10-27 20:00,67.38,67.1,67.6,60,1.0
2025-10-27 21:00,67.3,67.0,67.6,48,0.8
2025-10-27 22:00,67.4,67.1,67.7,43,0.717
2025-10-27 23:00,67.63,67.4,67.8,14,0.233
2025-10-28 00:00,67.67,67.4,67.9,22,0.367
2025-10-28 01:00,67.72,67.6,67.9,18,0.3
2025-10-28 02:00,67.72,67.5,68.1,6,0.1
2025-10-28 03:00,67.76,67.6,68.0,23,0.383
2025-10-28 04:00,67.68,67.5,67.9,35,0.583
2025-10-28 05:00,67.61,67.3,67.9,43,0.717
2025-10-28 06:00,67.58,67.3,67.8,47,0.783
2025-10-28 07:00,67.5,67.3,67.7,57,0.95
2025-10-28 08:00,67.37,67.2,67.6,60,1.0
2025-10-28 09:00,67.32,67.1,67.6,60,1.0
2025-10-28 10:00,67.25,67.0,67.5,60,1.0
2025-10-28 11:00,67.17,66.9,67.4,58,0.967
2025-10-28 12:00,67.05,66.7,67.3,60,1.0
2025-10-28 13:00,66.94,66.7,67.3,60,1.0
2025-10-28 14:00,66.89,66.6,67.1,60,1.0
2025-10-28 15:00,66.79,66.5,67.1,60,1.0
2025-10-28 16:00,66.73,66.5,66.9,60,1.0
2025-10-28 17:00,66.64,66.4,66.8,58,0.967
2025-10-28 18:00,66.55,66.3,66.8,60,1.0
2025-10-28 19:00,66.45,66.2,66.7,60,1.0
2025-10-28 20:00,66.39,66.1,66.6,60,1.0
2025-10-28 21:00,66.32,66.1,66.5,60,1.0
2025-10-28 22:00,66.24,66.0,66.5,60,1.0
2025-10-28 23:00,66.18,66.0,66.4,60,1.0
2025-10-29 00:00,66.13,65.9,66.4,60,1.0
2025-10-29 01:00,66.07,65.8,66.3,60,1.0
2025-10-29 02:00,66.0,65.2,66.2,60,1.0
2025-10-29 03:00,65.96,65.6,66.2,60,1.0
2025-10-29 04:00,65.91,65.6,66.1,60,1.0
2025-10-29 05:00,65.82,65.6,66.0,60,1.0
2025-10-29 06:00,65.77,65.5,66.2,60,1.0
2025-10-29 07:00,65.72,65.4,66.0,60,1.0
2025-10-29 08:00,65.66,65.4,65.9,60,1.0
2025-10-29 09:00,65.64,65.3,65.9,59,0.983
2025-10-29 10:00,65.56,65.3,65.7,60,1.0
2025-10-29 11:00,65.47,65.2,65.7,60,1.0
2025-10-29 12:00,65.42,65.2,65.6,60,1.0
2025-10-29 13:00,65.37,65.1,65.5,60,1.0
2025-10-29 14:00,65.25,65.0,65.5,60,1.0
2025-10-29 15:00,65.2,64.9,65.4,60,1.0
2025-10-29 16:00,65.14,64.9,65.4,60,1.0
2025-10-29 17:00,65.11,64.9,65.4,59,0.983
2025-10-29 18:00,65.04,64.8,65.3,60,1.0
2025-10-29 19:00,64.95,64.8,65.2,60,1.0
2025-10-29 20:00,64.91,64.6,65.1,60,1.0
2025-10-29 21:00,64.87,64.6,65.1,60,1.0
2025-10-29 22:00,64.81,64.5,65.0,60,1.0
2025-10-29 23:00,64.71,64.5,65.0,60,1.0
2025-10-30 00:00,64.68,64.5,64.9,60,1.0
2025-10-30 01:00,64.67,64.4,65.0,60,1.0
2025-10-30 02:00,64.57,64.3,64.9,60,1.0
2025-10-30 03:00,64.55,64.3,64.8,60,1.0
2025-10-30 04:00,64.45,64.2,64.7,59,0.983
2025-10-30 05:00,64.41,64.2,64.8,60,1.0
2025-10-30 06:00,64.38,64.2,64.6,60,1.0
2025-10-30 07:00,64.34,64.1,64.5,60,1.0
2025-10-30 08:00,64.24,64.0,64.4,60,1.0
2025-10-30 09:00,64.16,63.9,64.4,60,1.0
2025-10-30 10:00,64.14,63.9,64.4,51,0.85
2025-10-30 11:00,64.08,63.9,64.4,45,0.75
2025-10-30 12:00,64.03,63.8,64.2,57,0.95
2025-10-30 13:00,63.94,63.7,64.2,60,1.0
2025-10-30 14:00,63.94,63.7,64.2,55,0.917
2025-10-30 15:00,63.85,63.7,64.1,46,0.767
2025-10-30 16:00,63.83,63.6,64.0,59,0.983
2025-10-30 17:00,63.79,63.6,64.0,60,1.0
2025-10-30 18:00,63.72,63.5,63.9,60,1.0
2025-10-30 19:00,63.66,63.5,63.9,60,1.0
2025-10-30 20:00,63.63,63.4,63.9,60,1.0
2025-10-30 21:00,63.64,63.4,63.8,60,1.0
2025-10-30 22:00,63.58,63.4,63.8,60,1.0
2025-10-30 23:00,63.5,63.3,63.7,60,1.0
2025-10-31 00:00,63.44,63.3,63.7,60,1.0
2025-10-31 01:00,63.39,63.2,63.6,60,1.0
2025-10-31 02:00,63.31,63.1,63.5,60,1.0
2025-10-31 03:00,63.2,63.0,63.4,56,0.933
2025-10-31 04:00,63.21,63.0,63.5,57,0.95
2025-10-31 05:00,63.2,63.0,63.4,59,0.983
2025-10-31 06:00,63.23,63.1,63.4,6,0.1
2025-11-03 20:00,61.42,61.1,61.6,5,0.083
2025-11-03 21:00,61.34,61.1,61.6,59,0.983
2025-11-03 22:00,61.36,61.1,61.5,50,0.833
2025-11-03 23:00,61.31,61.1,61.5,52,0.867
2025-11-04 00:00,61.32,61.1,61.5,59,0.983
2025-11-04 01:00,61.27,61.0,61.5,59,0.983
2025-11-04 02:00,61.24,61.0,61.4,60,1.0
2025-11-04 03:00,61.19,60.9,61.4,56,0.933
2025-11-04 04:00,61.16,60.9,61.4,59,0.983
2025-11-04 05:00,61.14,60.9,61.4,60,1.0
2025-11-04 06:00,61.05,60.9,61.2,58,0.967
2025-11-04 07:00,61.04,60.8,61.2,59,0.983
2025-11-04 08:00,60.97,60.8,61.2,59,0.983
2025-11-04 09:00,60.88,60.6,61.1,60,1.0
2025-11-04 10:00,60.84,60.5,61.0,60,1.0
2025-11-04 11:00,60.74,60.5,61.0,59,0.983
2025-11-04 12:00,60.68,60.4,60.8,59,0.983
2025-11-04 13:00,60.6,60.4,60.8,60,1.0
2025-11-04 14:00,60.56,60.3,61.0,60,1.0
2025-11-04 15:00,60.48,60.2,60.7,60,1.0
2025-11-04 16:00,60.42,60.2,60.6,60,1.0
2025-11-04 17:00,60.38,60.2,60.6,60,1.0
2025-11-04 18:00,60.34,60.1,60.6,59,0.983
2025-11-04 19:00,60.32,60.1,60.6,60,1.0
2025-11-04 20:00,60.28,60.1,60.5,58,0.967
2025-11-04 21:00,60.23,60.0,60.5,58,0.967
2025-11-04 22:00,60.12,59.9,60.4,59,0.983
2025-11-04 23:00,60.12,59.9,60.3,60,1.0
2025-11-05 00:00,60.04,59.9,60.3,57,0.95
2025-11-05 01:00,60.01,59.8,60.3,56,0.933
2025-11-05 02:00,60.01,59.8,60.2,60,1.0
2025-11-05 03:00,59.94,59.7,60.1,60,1.0
2025-11-05 04:00,59.91,59.7,60.1,60,1.0
2025-11-05 05:00,59.86,59.6,60.2,57,0.95
2025-11-05 06:00,59.78,59.6,60.0,60,1.0
2025-11-05 07:00,59.72,59.5,59.9,60,1.0
2025-11-05 08:00,59.7,59.5,60.0,60,1.0
2025-11-05 09:00,59.61,59.4,59.8,60,1.0
2025-11-05 10:00,59.56,59.3,59.8,58,0.967
2025-11-05 11:00,59.47,59.2,59.6,57,0.95
2025-11-05 12:00,59.39,59.2,59.6,60,1.0
2025-11-05 13:00,59.32,59.1,59.5,60,1.0
2025-11-05 14:00,59.34,59.1,59.5,60,1.0
2025-11-05 15:00,59.28,59.0,59.5,60,1.0
2025-11-05 16:00,59.26,59.0,59.5,60,1.0
2025-11-05 17:00,59.21,58.9,59.5,60,1.0
2025-11-05 18:00,59.13,58.9,59.3,60,1.0
2025-11-05 19:00,59.07,58.8,59.2,60,1.0
2025-11-05 20:00,59.04,58.8,59.2,60,1.0
2025-11-05 21:00,59.02,58.8,59.2,60,1.0
2025-11-05 22:00,58.97,58.7,59.1,60,1.0
2025-11-05 23:00,58.92,58.7,59.1,60,1.0
2025-11-06 00:00,58.9,58.7,59.1,60,1.0
2025-11-06 01:00,58.81,58.6,59.1,60,1.0
2025-11-06 02:00,58.81,58.6,59.0,60,1.0
2025-11-06 03:00,58.72,58.5,59.0,60,1.0
2025-11-06 04:00,58.76,58.5,59.0,60,1.0
2025-11-06 05:00,58.71,58.5,58.9,60,1.0
2025-11-06 06:00,58.68,58.4,58.8,60,1.0
2025-11-06 07:00,58.65,58.4,58.8,60,1.0
2025-11-06 08:00,58.59,58.3,58.8,60,1.0
2025-11-06 09:00,58.52,58.3,58.7,60,1.0
2025-11-06 10:00,58.43,58.2,58.7,60,1.0
2025-11-06 11:00,58.4,58.1,58.6,60,1.0
2025-11-06 12:00,58.37,58.2,58.6,60,1.0
2025-11-06 13:00,58.35,58.1,58.5,60,1.0
2025-11-06 14:00,58.29,58.1,58.5,60,1.0
2025-11-06 15:00,58.22,58.0,58.4,60,1.0
2025-11-06 16:00,58.24,58.0,58.5,60,1.0
2025-11-06 17:00,58.23,58.0,58.4,60,1.0
2025-11-06 18:00,58.15,57.9,58.3,60,1.0
2025-11-06 19:00,58.13,57.9,58.4,60,1.0
2025-11-06 20:00,58.1,57.9,58.3,60,1.0
2025-11-06 21:00,58.05,57.9,58.2,60,1.0
2025-11-06 22:00,58.04,57.8,58.2,58,0.967
2025-11-06 23:00,57.99,57.8,58.2,60,1.0
2025-11-07 00:00,57.96,57.7,58.2,59,0.983
2025-11-07 01:00,57.93,57.7,58.1,60,1.0
2025-11-07 02:00,57.89,57.7,58.1,59,0.983
2025-11-07 03:00,57.88,57.6,58.1,60,1.0
2025-11-07 04:00,57.86,57.6,58.1,60,1.0
2025-11-07 05:00,57.9,57.7,58.2,60,1.0
2025-11-07 06:00,57.89,57.7,58.1,58,0.967
2025-11-07 07:00,57.83,57.4,58.1,60,1.0
2025-11-07 08:00,57.79,57.6,58.0,60,1.0
2025-11-07 09:00,57.76,57.4,58.3,60,1.0
2025-11-07 10:00,57.7,57.5,57.9,60,1.0
2025-11-07 11:00,57.66,57.4,57.9,59,0.983
2025-11-07 12:00,57.58,57.4,57.8,60,1.0
2025-11-07 13:00,57.52,57.3,57.8,60,1.0
2025-11-07 14:00,57.49,57.3,57.7,60,1.0
2025-11-07 15:00,57.45,57.3,57.7,59,0.983
2025-11-07 16:00,57.43,57.3,57.6,60,1.0
2025-11-07 17:00,57.41,57.2,57.7,60,1.0
2025-11-07 18:00,57.33,57.1,57.5,60,1.0
2025-11-07 19:00,57.33,57.1,57.5,60,1.0
2025-11-07 20:00,57.34,57.1,57.6,60,1.0
2025-11-07 21:00,57.35,57.1,57.7,60,1.0
2025-11-07 22:00,57.29,57.1,57.5,57,0.95
2025-11-07 23:00,57.34,57.1,57.6,60,1.0
2025-11-08 00:00,57.65,57.4,58.0,57,0.95
2025-11-08 01:00,58.02,57.7,58.4,60,1.0
2025-11-08 02:00,58.44,58.1,58.8,59,0.983
2025-11-08 03:00,58.74,58.5,59.0,59,0.983
2025-11-08 04:00,58.99,58.7,59.2,58,0.967
2025-11-08 05:00,59.17,59.0,59.3,58,0.967
2025-11-08 06:00,59.25,59.1,59.5,58,0.967
2025-11-08 07:00,59.27,59.1,59.5,60,1.0
2025-11-08 08:00,59.37,59.2,59.6,57,0.95
2025-11-08 09:00,59.36,59.1,59.5,60,1.0
2025-11-08 10:00,59.39,59.2,59.5,59,0.983
2025-11-08 11:00,59.4,59.2,59.6,59,0.983
2025-11-08 12:00,59.39,59.2,59.6,60,1.0
2025-11-08 13:00,59.38,59.2,59.7,60,1.0
2025-11-08 14:00,59.4,59.2,59.6,60,1.0
2025-11-08 15:00,59.38,59.1,59.5,60,1.0
2025-11-08 16:00,59.33,59.1,59.5,60,1.0
2025-11-08 17:00,59.34,59.1,59.5,60,1.0
2025-11-08 18:00,59.31,59.0,59.6,60,1.0
2025-11-08 19:00,59.37,59.1,59.6,60,1.0
2025-11-08 20:00,59.49,59.3,59.8,60,1.0
2025-11-08 21:00,59.82,59.5,60.1,59,0.983
2025-11-08 22:00,59.8,59.1,60.3,55,0.917
2025-11-08 23:00,61.09,59.2,64.3,59,0.983
2025-11-09 00:00,66.72,64.3,68.2,59,0.983
2025-11-09 01:00,68.62,68.1,69.0,60,1.0
2025-11-09 02:00,69.04,68.7,69.2,60,1.0
2025-11-09 03:00,68.94,68.7,69.1,59,0.983
2025-11-09 04:00,68.75,68.5,68.9,60,1.0
2025-11-09 05:00,68.49,68.2,68.8,60,1.0
2025-11-09 06:00,68.22,67.8,68.5,60,1.0
2025-11-09 07:00,67.95,67.7,68.1,60,1.0
2025-11-09 08:00,67.73,67.4,67.9,60,1.0
2025-11-09 09:00,67.5,67.2,67.7,60,1.0
2025-11-09 10:00,67.32,67.1,67.5,59,0.983
2025-11-09 11:00,67.1,66.8,67.3,60,1.0
2025-11-09 12:00,66.92,66.7,67.2,60,1.0
2025-11-09 13:00,66.75,66.5,67.0,59,0.983
2025-11-09 14:00,66.61,66.3,66.8,60,1.0
2025-11-09 15:00,66.48,66.2,66.6,60,1.0
2025-11-09 16:00,66.34,66.1,66.6,60,1.0
2025-11-09 17:00,66.21,66.0,66.4,60,1.0
2025-11-09 18:00,66.13,65.8,66.3,60,1.0
2025-11-09 19:00,66.01,65.7,66.2,60,1.0
2025-11-09 20:00,65.89,65.6,66.1,59,0.983
2025-11-09 21:00,65.76,65.5,66.0,60,1.0
2025-11-09 22:00,65.69,65.4,65.9,59,0.983
2025-11-09 23:00,65.57,65.3,65.7,60,1.0
2025-11-10 00:00,65.46,65.2,65.7,60,1.0
2025-11-10 01:00,65.39,65.1,65.6,60,1.0
2025-11-10 02:00,65.32,65.1,65.5,60,1.0
2025-11-10 03:00,65.2,64.9,65.4,60,1.0
2025-11-10 04:00,65.12,64.9,65.3,60,1.0
2025-11-10 05:00,65.06,64.8,65.3,60,1.0
2025-11-10 06:00,64.95,64.7,65.2,60,1.0
2025-11-10 07:00,64.85,64.6,65.1,60,1.0
2025-11-10 08:00,64.84,64.6,65.0,56,0.933
2025-11-10 09:00,64.74,64.4,64.9,53,0.883
2025-11-10 10:00,64.62,64.4,64.9,60,1.0
2025-11-10 11:00,64.55,64.4,64.7,60,1.0
2025-11-10 12:00,64.45,64.2,64.7,60,1.0
2025-11-10 13:00,64.42,64.2,64.6,60,1.0
2025-11-10 14:00,64.31,64.1,64.5,59,0.983
2025-11-10 15:00,64.28,64.0,64.5,60,1.0
2025-11-10 16:00,64.19,64.0,64.4,60,1.0
2025-11-10 17:00,64.11,63.9,64.3,55,0.917
2025-11-10 18:00,64.03,63.8,64.3,56,0.933
2025-11-10 19:00,63.96,63.8,64.2,56,0.933
2025-11-10 20:00,63.95,63.7,64.2,56,0.933
2025-11-10 21:00,63.88,63.6,64.3,59,0.983
2025-11-10 22:00,63.87,63.6,64.1,58,0.967
2025-11-10 23:00,63.82,63.6,64.1,46,0.767
2025-11-11 00:00,63.78,63.6,63.9,46,0.767
2025-11-11 01:00,63.69,63.5,63.9,50,0.833
2025-11-11 02:00,63.64,63.4,63.8,54,0.9
2025-11-11 03:00,63.59,63.4,63.8,58,0.967
2025-11-11 04:00,63.53,63.3,63.8,47,0.783
2025-11-11 05:00,63.51,63.3,63.7,48,0.8
2025-11-11 06:00,63.46,63.2,63.7,60,1.0
2025-11-11 07:00,63.4,63.1,63.6,60,1.0
2025-11-11 08:00,63.35,63.1,63.6,60,1.0
2025-11-11 09:00,63.33,63.1,63.5,60,1.0
2025-11-11 10:00,63.26,63.0,63.5,59,0.983
2025-11-11 11:00,63.24,63.0,63.4,60,1.0
2025-11-11 12:00,63.15,62.9,63.4,60,1.0
2025-11-11 13:00,63.15,62.9,63.4,60,1.0
2025-11-11 14:00,63.06,62.8,63.2,60,1.0
2025-11-11 15:00,63.05,62.8,63.2,60,1.0
2025-11-11 16:00,62.99,62.8,63.2,60,1.0
2025-11-11 17:00,62.92,62.7,63.1,60,1.0
2025-11-11 18:00,62.93,62.7,63.2,60,1.0
2025-11-11 19:00,62.86,62.6,63.1,60,1.0
2025-11-11 20:00,62.81,62.6,63.1,60,1.0
2025-11-11 21:00,62.79,62.6,63.0,60,1.0
2025-11-11 22:00,62.76,62.5,63.0,60,1.0
2025-11-11 23:00,62.7,62.5,62.9,59,0.983
2025-11-12 00:00,62.68,62.5,62.9,59,0.983
2025-11-12 01:00,62.62,62.4,62.8,60,1.0
2025-11-12 02:00,62.59,62.4,62.8,60,1.0
2025-11-12 03:00,62.57,62.4,62.7,60,1.0
2025-11-12 04:00,62.53,62.3,62.7,59,0.983
2025-11-12 05:00,62.48,62.3,62.7,60,1.0
2025-11-12 06:00,62.46,62.2,62.7,60,1.0
2025-11-12 07:00,62.4,62.2,62.6,60,1.0
2025-11-12 08:00,62.33,62.1,62.6,60,1.0
2025-11-12 09:00,62.3,62.0,62.5,60,1.0
2025-11-12 10:00,62.25,62.0,62.5,60,1.0
2025-11-12 11:00,62.22,62.0,62.4,60,1.0
2025-11-12 12:00,62.17,61.9,62.4,60,1.0
2025-11-12 13:00,62.13,61.9,62.3,60,1.0
2025-11-12 14:00,62.08,61.8,62.3,60,1.0
2025-11-12 15:00,62.04,61.8,62.2,60,1.0
2025-11-12 16:00,61.97,61.8,62.2,60,1.0
2025-11-12 17:00,61.97,61.8,62.2,60,1.0
2025-11-12 18:00,61.9,61.7,62.1,60,1.0
2025-11-12 19:00,61.89,61.6,62.1,60,1.0
2025-11-12 20:00,61.85,61.7,62.1,60,1.0
2025-11-12 21:00,61.85,61.6,62.2,60,1.0
2025-11-12 22:00,61.79,61.6,62.0,60,1.0
2025-11-12 23:00,61.78,61.6,62.0,60,1.0
2025-11-13 00:00,61.73,61.5,61.9,60,1.0
2025-11-13 01:00,61.66,61.5,61.8,60,1.0
2025-11-13 02:00,61.68,61.4,61.9,60,1.0
2025-11-13 03:00,61.62,61.4,61.8,58,0.967
2025-11-13 04:00,61.59,61.4,61.9,60,1.0
2025-11-13 05:00,61.57,61.3,61.7,60,1.0
2025-11-13 06:00,61.54,61.3,61.8,60,1.0
2025-11-13 07:00,61.46,61.2,61.6,60,1.0
2025-11-13 08:00,61.42,61.2,61.6,59,0.983
2025-11-13 09:00,61.37,61.1,61.6,60,1.0
2025-11-13 10:00,61.35,61.1,61.5,60,1.0
2025-11-13 11:00,61.28,61.1,61.5,60,1.0
2025-11-13 12:00,61.27,61.0,61.5,60,1.0
2025-11-13 13:00,61.2,61.0,61.4,60,1.0
2025-11-13 14:00,61.2,60.9,61.4,60,1.0
2025-11-13 15:00,61.13,60.9,61.4,60,1.0
2025-11-13 16:00,61.12,60.9,61.3,60,1.0
2025-11-13 17:00,61.13,60.9,61.5,60,1.0
2025-11-13 18:00,61.1,60.8,61.3,60,1.0
2025-11-13 19:00,61.08,60.9,61.2,60,1.0
2025-11-13 20:00,61.07,60.8,61.2,60,1.0
2025-11-13 21:00,61.02,60.5,61.2,59,0.983
2025-11-13 22:00,60.97,60.7,61.2,60,1.0
2025-11-13 23:00,60.96,60.7,61.1,60,1.0
2025-11-14 00:00,60.93,60.7,61.1,59,0.983
2025-11-14 01:00,60.91,60.7,61.1,59,0.983
2025-11-14 02:00,60.86,60.6,61.1,60,1.0
2025-11-14 03:00,60.83,60.6,61.1,60,1.0
2025-11-14 04:00,60.8,60.6,61.0,60,1.0
2025-11-14 05:00,60.79,60.5,61.0,60,1.0
2025-11-14 06:00,60.72,60.5,60.9,60,1.0
2025-11-14 07:00,60.68,60.5,60.9,60,1.0
2025-11-14 08:00,60.69,60.4,60.8,60,1.0
2025-11-14 09:00,60.61,60.4,60.8,60,1.0
2025-11-14 10:00,60.6,60.3,60.8,59,0.983
2025-11-14 11:00,60.57,60.3,60.9,60,1.0
2025-11-14 12:00,60.53,60.3,60.7,60,1.0
2025-11-14 13:00,60.53,60.3,60.7,60,1.0
2025-11-14 14:00,60.46,60.2,60.6,60,1.0
2025-11-14 15:00,60.47,60.2,60.7,60,1.0
2025-11-14 16:00,60.42,60.2,60.6,60,1.0
2025-11-14 17:00,60.42,60.2,60.6,60,1.0
2025-11-14 18:00,60.41,60.2,60.6,60,1.0
2025-11-14 19:00,60.34,60.1,60.5,48,0.8
2025-11-14 20:00,60.31,60.1,60.5,52,0.867
2025-11-14 21:00,60.3,60.1,60.5,48,0.8
2025-11-14 22:00,60.27,60.0,60.4,60,1.0
2025-11-14 23:00,60.23,60.0,60.5,60,1.0
2025-11-15 00:00,60.21,60.0,60.4,54,0.9
2025-11-15 01:00,60.15,59.9,60.3,48,0.8
2025-11-15 02:00,60.14,59.9,60.3,51,0.85
2025-11-15 03:00,60.11,59.9,60.3,60,1.0
2025-11-15 04:00,60.11,59.9,60.3,58,0.967
2025-11-15 05:00,60.07,59.8,60.5,60,1.0
2025-11-15 06:00,60.04,59.8,60.3,59,0.983
2025-11-15 07:00,60.01,59.8,60.2,55,0.917
2025-11-15 08:00,59.95,59.7,60.2,56,0.933
2025-11-15 09:00,59.92,59.7,60.1,60,1.0
2025-11-15 10:00,59.89,59.7,60.1,60,1.0
2025-11-15 11:00,59.86,59.6,60.0,60,1.0
2025-11-15 12:00,59.85,59.6,60.1,60,1.0
2025-11-15 13:00,59.78,59.5,60.0,60,1.0
2025-11-15 14:00,59.74,59.5,59.9,60,1.0
2025-11-15 15:00,59.74,59.5,59.9,56,0.933
2025-11-15 16:00,59.66,59.5,59.8,46,0.767
2025-11-15 17:00,59.66,59.4,59.9,59,0.983
2025-11-15 18:00,59.66,59.4,59.8,59,0.983
2025-11-15 19:00,59.63,59.4,59.8,55,0.917
2025-11-15 20:00,59.58,59.4,59.8,60,1.0
2025-11-15 21:00,59.59,59.4,59.7,58,0.967
2025-11-15 22:00,59.52,59.3,59.7,50,0.833
2025-11-15 23:00,59.49,59.3,59.7,60,1.0
2025-11-16 00:00,59.46,59.2,59.8,59,0.983
2025-11-16 01:00,59.43,59.2,59.6,60,1.0
2025-11-16 02:00,59.42,59.2,59.6,59,0.983
2025-11-16 03:00,59.37,59.2,59.6,60,1.0
2025-11-16 04:00,59.36,59.1,59.6,60,1.0
2025-11-16 05:00,59.34,59.1,59.5,60,1.0
2025-11-16 06:00,59.28,59.1,59.6,60,1.0
2025-11-16 07:00,59.26,59.0,59.5,60,1.0
2025-11-16 08:00,59.25,59.1,59.4,60,1.0
2025-11-16 09:00,59.2,58.9,59.4,60,1.0
2025-11-16 10:00,59.15,58.9,59.4,60,1.0
2025-11-16 11:00,59.14,58.9,59.3,60,1.0
2025-11-16 12:00,59.07,58.9,59.3,59,0.983
2025-11-16 13:00,59.06,58.8,59.2,47,0.783
2025-11-16 14:00,59.04,58.8,59.2,58,0.967
2025-11-16 15:00,58.99,58.8,59.2,60,1.0
2025-11-16 16:00,58.95,58.8,59.1,60,1.0
2025-11-16 17:00,58.95,58.7,59.2,60,1.0
2025-11-16 18:00,58.88,58.7,59.1,60,1.0
2025-11-16 19:00,58.88,58.7,59.1,60,1.0
2025-11-16 20:00,58.86,58.6,59.1,60,1.0
2025-11-16 21:00,58.83,58.6,59.0,59,0.983
2025-11-16 22:00,58.81,58.6,59.0,60,1.0
2025-11-16 23:00,58.76,58.6,59.0,60,1.0
2025-11-17 00:00,58.73,58.5,59.0,60,1.0
2025-11-17 01:00,58.71,58.5,58.9,60,1.0
2025-11-17 02:00,58.67,58.5,58.9,60,1.0
2025-11-17 03:00,58.65,58.4,58.9,60,1.0
2025-11-17 04:00,58.63,58.4,58.8,60,1.0
2025-11-17 05:00,58.62,58.4,58.8,60,1.0
2025-11-17 06:00,58.62,58.4,58.8,60,1.0
2025-11-17 07:00,58.61,58.3,58.8,60,1.0
2025-11-17 08:00,58.57,58.3,58.8,57,0.95
2025-11-17 09:00,58.56,58.4,58.7,43,0.717
2025-11-17 10:00,58.52,58.3,58.7,55,0.917
2025-11-17 11:00,58.48,58.3,58.6,49,0.817
2025-11-17 12:00,58.44,58.2,58.6,40,0.667
2025-11-17 13:00,58.39,58.2,58.6,51,0.85
2025-11-17 14:00,58.39,58.2,58.6,46,0.767
2025-11-17 15:00,58.36,58.1,58.5,41,0.683
2025-11-17 16:00,58.28,58.1,58.5,60,1.0
2025-11-17 17:00,58.3,58.1,58.5,60,1.0
2025-11-17 18:00,58.26,58.0,58.5,60,1.0
2025-11-17 19:00,58.3,58.1,58.5,60,1.0
2025-11-17 20:00,58.26,58.1,58.4,60,1.0
2025-11-17 21:00,58.26,58.0,58.4,60,1.0
2025-11-17 22:00,58.23,58.0,58.5,60,1.0
2025-11-17 23:00,58.21,58.0,58.4,60,1.0
2025-11-18 00:00,58.16,57.9,58.4,60,1.0
2025-11-18 01:00,58.12,57.9,58.4,60,1.0
2025-11-18 02:00,58.12,57.9,58.4,60,1.0
2025-11-18 03:00,58.1,57.9,58.4,60,1.0
2025-11-18 04:00,58.07,57.8,58.5,60,1.0
2025-11-18 05:00,58.03,57.8,58.2,60,1.0
2025-11-18 06:00,58.07,57.8,58.3,60,1.0
2025-11-18 07:00,57.99,57.8,58.2,60,1.0
2025-11-18 08:00,57.99,57.7,58.3,60,1.0
2025-11-18 09:00,57.96,57.7,58.3,58,0.967
2025-11-18 10:00,60.95,57.0,74.6,42,0.7
2025-11-18 11:00,83.62,78.5,84.3,45,0.75
2025-11-18 12:00,83.32,82.9,84.0,58,0.967
2025-11-18 13:00,82.4,81.5,83.0,51,0.85
2025-11-18 14:00,80.88,80.0,81.7,57,0.95
2025-11-18 15:00,79.34,78.3,80.3,60,1.0
2025-11-18 16:00,77.83,77.1,78.6,60,1.0
2025-11-18 17:00,76.68,76.1,77.4,60,1.0
2025-11-18 18:00,75.79,75.2,76.3,60,1.0
2025-11-18 19:00,75.08,74.6,75.5,60,1.0
2025-11-18 20:00,74.5,74.0,74.9,60,1.0
2025-11-18 21:00,74.2,73.7,74.6,60,1.0
2025-11-18 22:00,74.24,73.9,74.5,60,1.0
2025-11-18 23:00,73.88,73.2,74.2,60,1.0
2025-11-19 00:00,73.55,73.2,73.8,60,1.0
2025-11-19 01:00,73.63,73.3,74.0,60,1.0
2025-11-19 02:00,73.42,73.1,73.8,60,1.0
2025-11-19 03:00,73.18,72.9,73.7,60,1.0
2025-11-19 04:00,72.93,72.6,73.2,60,1.0
2025-11-19 05:00,72.64,72.3,73.0,60,1.0
2025-11-19 06:00,72.37,72.0,72.7,58,0.967
2025-11-19 07:00,72.15,71.8,72.4,60,1.0
2025-11-19 08:00,71.88,71.6,72.2,59,0.983
2025-11-19 09:00,71.66,71.4,72.0,60,1.0
2025-11-19 10:00,71.44,71.2,71.7,60,1.0
2025-11-19 11:00,71.27,71.0,71.5,59,0.983
2025-11-19 12:00,71.05,70.8,71.3,60,1.0
2025-11-19 13:00,70.85,70.6,71.1,59,0.983
2025-11-19 14:00,70.69,70.4,70.9,58,0.967
2025-11-19 15:00,70.49,70.2,70.7,60,1.0
2025-11-19 16:00,70.43,70.2,70.7,58,0.967
2025-11-19 17:00,70.3,70.0,70.5,58,0.967
2025-11-19 18:00,69.98,69.4,70.9,57,0.95
2025-11-19 19:00,71.37,70.6,71.8,60,1.0
2025-11-19 20:00,71.72,71.5,71.9,58,0.967
2025-11-19 21:00,71.67,71.5,71.9,59,0.983
2025-11-19 22:00,71.52,71.2,71.7,60,1.0
2025-11-19 23:00,71.37,71.1,71.6,60,1.0
2025-11-20 00:00,71.24,70.9,71.5,59,0.983
2025-11-20 01:00,71.04,70.7,71.3,60,1.0
2025-11-20 02:00,70.92,70.6,71.1,60,1.0
2025-11-20 03:00,70.81,70.5,71.1,59,0.983
2025-11-20 04:00,70.65,70.3,70.9,60,1.0
2025-11-20 05:00,70.55,70.2,70.8,59,0.983
2025-11-20 06:00,70.42,70.1,70.6,60,1.0
2025-11-20 07:00,70.28,70.0,70.5,60,1.0
2025-11-20 08:00,70.12,69.8,70.4,59,0.983
2025-11-20 09:00,70.0,69.8,70.2,60,1.0
2025-11-20 10:00,69.84,69.5,70.0,60,1.0
2025-11-20 11:00,69.69,69.4,70.0,60,1.0
2025-11-20 12:00,69.54,69.3,69.8,60,1.0
2025-11-20 13:00,69.39,69.1,69.6,59,0.983
2025-11-20 14:00,69.3,69.1,69.6,42,0.7
2025-11-20 15:00,69.21,69.0,69.4,39,0.65
2025-11-20 16:00,69.2,68.9,69.4,25,0.417
2025-11-20 17:00,69.14,68.6,69.4,57,0.95
2025-11-20 18:00,69.51,69.0,70.0,60,1.0
2025-11-20 19:00,69.86,69.6,70.0,59,0.983
2025-11-20 20:00,69.74,69.3,70.2,9,0.15
2025-11-20 21:00,70.85,69.6,71.6,58,0.967
2025-11-20 22:00,71.53,71.2,71.7,60,1.0
2025-11-20 23:00,71.56,71.3,71.8,60,1.0
2025-11-21 00:00,71.42,71.1,71.6,60,1.0
2025-11-21 01:00,71.24,71.0,71.4,56,0.933
2025-11-21 02:00,71.14,70.9,71.4,18,0.3
2025-11-21 03:00,71.62,71.6,71.7,4,0.067
2025-11-21 04:00,72.16,71.6,72.7,48,0.8
2025-11-21 05:00,72.49,72.2,72.8,59,0.983
2025-11-21 06:00,72.38,72.1,72.6,60,1.0
2025-11-21 07:00,72.15,71.9,72.4,40,0.667
2025-11-21 09:00,72.0,72.0,72.0,1,0.017
2025-11-21 10:00,73.79,73.7,73.9,7,0.117
2025-11-21 11:00,74.02,73.7,74.2,60,1.0
2025-11-21 12:00,73.75,73.5,74.1,58,0.967
2025-11-21 13:00,73.39,73.1,73.7,52,0.867
2025-11-21 14:00,73.08,72.7,73.4,51,0.85
2025-11-21 15:00,72.73,72.4,73.1,57,0.95
2025-11-21 16:00,72.51,72.2,72.8,48,0.8
2025-11-21 18:00,72.46,72.3,72.7,12,0.2
2025-11-21 19:00,72.5,72.5,72.5,2,0.033
2025-11-21 21:00,72.2,72.2,72.2,1,0.017
2025-11-21 22:00,72.15,71.9,72.4,19,0.317
2025-11-21 23:00,72.06,71.8,72.3,43,0.717
2025-11-22 00:00,71.79,71.6,72.1,37,0.617
2025-11-22 01:00,71.5,71.5,71.5,1,0.017
2025-11-22 08:00,75.0,75.0,75.0,1,0.017
2025-11-22 09:00,74.45,74.3,74.7,6,0.1
2025-11-22 10:00,74.32,74.1,74.6,47,0.783
2025-11-22 11:00,74.09,73.6,74.5,27,0.45
2025-11-22 12:00,73.8,73.7,73.9,2,0.033
2025-11-22 15:00,73.6,73.6,73.6,1,0.017
2025-11-22 16:00,73.57,73.4,73.7,15,0.25
2025-11-22 18:00,73.18,73.0,73.3,10,0.167
2025-11-22 19:00,72.89,72.7,73.1,23,0.383
2025-11-22 20:00,72.66,72.4,73.0,45,0.75
2025-11-22 21:00,72.44,72.2,72.7,48,0.8
2025-11-22 22:00,72.18,71.9,72.4,58,0.967
2025-11-22 23:00,71.94,71.7,72.2,58,0.967
2025-11-23 00:00,71.72,71.5,72.0,57,0.95
2025-11-23 01:00,71.5,71.2,71.8,59,0.983
2025-11-23 02:00,71.29,71.0,71.5,59,0.983
2025-11-23 03:00,71.09,70.8,71.3,58,0.967
2025-11-23 04:00,70.9,70.6,71.2,58,0.967
2025-11-23 05:00,70.73,70.4,70.9,58,0.967
2025-11-23 06:00,70.54,70.2,70.8,60,1.0
2025-11-23 07:00,70.39,70.1,70.6,59,0.983
2025-11-23 08:00,70.25,70.0,70.5,60,1.0
2025-11-23 09:00,70.08,69.8,70.3,60,1.0
2025-11-23 10:00,69.96,69.7,70.2,60,1.0
2025-11-23 11:00,69.81,69.6,69.9,60,1.0
2025-11-23 12:00,69.67,69.4,69.8,59,0.983
2025-11-23 13:00,69.54,69.2,69.7,60,1.0
2025-11-23 14:00,69.4,69.1,69.7,60,1.0
2025-11-23 15:00,69.32,69.0,69.6,60,1.0
2025-11-23 16:00,69.18,68.9,69.4,60,1.0
2025-11-23 17:00,69.09,68.8,69.3,60,1.0
2025-11-23 18:00,68.99,68.7,69.2,59,0.983
2025-11-23 19:00,68.9,68.6,69.1,60,1.0
2025-11-23 20:00,68.8,68.5,69.0,57,0.95
2025-11-23 21:00,68.71,68.5,68.9,60,1.0
2025-11-23 22:00,68.63,68.4,68.9,59,0.983
2025-11-23 23:00,68.51,68.2,68.7,60,1.0
2025-11-24 00:00,68.43,68.2,68.7,60,1.0
2025-11-24 01:00,68.37,68.1,68.6,60,1.0
2025-11-24 02:00,68.26,68.0,68.5,60,1.0
2025-11-24 03:00,68.2,68.0,68.4,60,1.0
2025-11-24 04:00,68.15,67.9,68.3,60,1.0
2025-11-24 05:00,68.08,67.8,68.3,60,1.0
2025-11-24 06:00,68.14,67.8,68.4,60,1.0
2025-11-24 07:00,68.13,67.9,68.5,56,0.933
2025-11-24 08:00,68.0,67.5,68.3,15,0.25
2025-11-24 10:00,68.82,68.5,69.1,12,0.2
2025-11-24 11:00,69.04,68.9,69.2,7,0.117
2025-11-24 14:00,70.0,69.4,70.5,4,0.067
2025-11-24 15:00,77.67,75.8,78.4,25,0.417
2025-11-24 16:00,78.45,78.2,78.7,28,0.467
2025-11-24 17:00,77.89,77.3,78.4,44,0.733
2025-11-24 18:00,77.68,77.2,77.9,45,0.75
2025-11-24 19:00,77.4,76.9,77.9,48,0.8
2025-11-24 20:00,76.5,75.8,77.0,48,0.8
2025-11-24 21:00,75.86,75.6,76.3,39,0.65
2025-11-24 22:00,75.6,75.2,76.0,47,0.783
2025-11-24 23:00,75.05,74.8,75.4,39,0.65
2025-11-25 00:00,74.54,74.2,75.0,46,0.767
2025-11-25 01:00,74.07,73.8,74.5,45,0.75
2025-11-25 02:00,73.65,73.4,73.9,39,0.65
2025-11-25 03:00,73.27,72.8,73.5,36,0.6
2025-11-25 04:00,72.72,72.1,73.3,42,0.7
2025-11-25 05:00,73.36,72.5,74.3,47,0.783
2025-11-25 06:00,74.35,73.8,74.9,33,0.55
2025-11-25 07:00,74.8,74.6,75.0,27,0.45
2025-11-25 08:00,74.45,74.1,74.8,39,0.65
2025-11-25 09:00,74.15,73.9,74.5,33,0.55
2025-11-25 10:00,73.8,73.4,74.1,40,0.667
2025-11-25 11:00,73.46,73.1,73.7,27,0.45
2025-11-25 12:00,73.14,72.9,73.4,29,0.483
2025-11-25 13:00,72.89,72.7,73.1,21,0.35
2025-11-25 14:00,72.61,72.2,72.9,28,0.467
2025-11-25 15:00,72.06,71.4,72.5,34,0.567
2025-11-25 16:00,72.79,71.9,73.5,35,0.583
2025-11-25 17:00,76.53,73.6,78.1,59,0.983
2025-11-25 18:00,78.43,77.9,78.7,60,1.0
2025-11-25 19:00,78.29,77.7,78.8,60,1.0
2025-11-25 20:00,79.45,78.6,79.9,60,1.0
2025-11-25 21:00,79.14,78.6,79.8,60,1.0
2025-11-25 22:00,77.99,77.6,78.6,60,1.0
2025-11-25 23:00,77.56,77.2,78.0,60,1.0
2025-11-26 00:00,76.93,76.4,77.5,60,1.0
2025-11-26 01:00,76.31,75.8,76.8,60,1.0
2025-11-26 02:00,75.72,75.3,76.1,60,1.0
2025-11-26 03:00,75.19,74.8,75.6,60,1.0
2025-11-26 04:00,74.73,74.4,75.0,59,0.983
2025-11-26 05:00,74.26,73.8,74.6,59,0.983
2025-11-26 06:00,73.71,72.9,74.8,59,0.983
2025-11-26 07:00,73.51,73.2,73.9,60,1.0
2025-11-26 08:00,73.55,73.3,73.8,60,1.0
2025-11-26 09:00,73.45,73.1,73.6,60,1.0
2025-11-26 10:00,73.19,72.9,73.5,60,1.0
2025-11-26 11:00,72.94,72.6,73.2,60,1.0
2025-11-26 12:00,72.64,72.2,72.9,59,0.983
2025-11-26 13:00,72.36,72.0,72.7,60,1.0
2025-11-26 14:00,72.12,71.8,72.3,60,1.0
2025-11-26 15:00,72.02,71.7,72.2,60,1.0
2025-11-26 16:00,71.92,71.6,72.2,60,1.0
2025-11-26 17:00,71.84,71.6,72.0,59,0.983
2025-11-26 18:00,71.76,71.5,72.0,60,1.0
2025-11-26 19:00,71.64,71.4,71.9,60,1.0
2025-11-26 20:00,71.17,70.8,71.8,60,1.0
2025-11-26 21:00,71.46,70.9,72.0,60,1.0
2025-11-26 22:00,72.17,71.6,72.7,60,1.0
2025-11-26 23:00,72.72,72.3,72.9,60,1.0
2025-11-27 00:00,72.67,72.3,73.0,60,1.0
2025-11-27 01:00,72.52,72.2,72.8,60,1.0
2025-11-27 02:00,72.34,72.1,72.6,59,0.983
2025-11-27 03:00,72.14,71.8,72.5,59,0.983
2025-11-27 04:00,72.04,71.7,72.4,60,1.0
2025-11-27 05:00,71.82,71.5,72.1,60,1.0
2025-11-27 06:00,71.68,71.4,72.0,60,1.0
2025-11-27 07:00,71.54,71.3,71.8,60,1.0
2025-11-27 08:00,71.39,71.1,71.7,60,1.0
2025-11-27 09:00,71.2,70.9,71.4,60,1.0
2025-11-27 10:00,71.0,70.8,71.4,60,1.0
2025-11-27 11:00,70.86,70.6,71.1,60,1.0
2025-11-27 12:00,70.69,70.4,71.0,60,1.0
2025-11-27 13:00,70.5,70.3,70.8,60,1.0
2025-11-27 14:00,70.39,70.1,70.7,59,0.983
2025-11-27 15:00,70.27,70.1,70.5,60,1.0
2025-11-27 16:00,70.14,69.9,70.4,60,1.0
2025-11-27 17:00,70.01,69.8,70.2,60,1.0
2025-11-27 18:00,69.9,69.7,70.1,60,1.0
2025-11-27 19:00,69.8,69.6,70.0,60,1.0
2025-11-27 20:00,69.73,69.5,69.9,60,1.0
2025-11-27 21:00,69.64,69.4,69.8,60,1.0
2025-11-27 22:00,69.51,69.2,69.7,60,1.0
2025-11-27 23:00,69.39,69.1,69.6,60,1.0
2025-11-28 00:00,69.3,69.1,69.5,58,0.967
2025-11-28 01:00,69.2,69.0,69.4,59,0.983
2025-11-28 02:00,69.14,68.8,69.4,58,0.967
2025-11-28 03:00,69.03,68.7,69.3,57,0.95
2025-11-28 04:00,68.91,68.7,69.1,57,0.95
2025-11-28 05:00,68.84,68.6,69.1,52,0.867
2025-11-28 06:00,68.73,68.5,68.9,60,1.0
2025-11-28 07:00,68.65,68.4,68.8,58,0.967
2025-11-28 08:00,68.56,68.3,68.8,60,1.0
2025-11-28 09:00,68.46,68.2,68.7,57,0.95
2025-11-28 10:00,68.36,68.1,68.5,59,0.983
2025-11-28 11:00,68.32,68.1,68.5,55,0.917
2025-11-28 12:00,68.22,68.0,68.4,60,1.0
2025-11-28 13:00,68.18,67.9,68.5,53,0.883
2025-11-28 14:00,68.07,67.8,68.3,58,0.967
2025-11-28 15:00,67.99,67.7,68.2,59,0.983
2025-11-28 16:00,67.93,67.7,68.1,60,1.0
2025-11-28 17:00,67.87,67.6,68.1,60,1.0
2025-11-28 18:00,67.81,67.5,68.0,60,1.0
2025-11-28 19:00,67.72,67.5,67.9,57,0.95
2025-11-28 20:00,67.66,67.4,67.9,60,1.0
2025-11-28 21:00,67.59,67.3,67.8,60,1.0
2025-11-28 22:00,67.54,67.3,67.7,60,1.0
2025-11-28 23:00,67.47,67.2,67.7,60,1.0
2025-11-29 00:00,67.4,67.2,67.7,60,1.0
2025-11-29 01:00,67.34,67.1,67.5,60,1.0
2025-11-29 02:00,67.29,67.0,67.5,59,0.983
2025-11-29 03:00,67.21,66.9,67.4,60,1.0
2025-11-29 04:00,67.2,67.0,67.4,60,1.0
2025-11-29 05:00,67.14,66.9,67.3,60,1.0
2025-11-29 06:00,67.09,66.9,67.3,60,1.0
2025-11-29 07:00,67.03,66.8,67.2,59,0.983
2025-11-29 08:00,66.94,66.7,67.2,60,1.0
2025-11-29 09:00,66.94,66.7,67.2,60,1.0
2025-11-29 10:00,66.85,66.6,67.1,60,1.0
2025-11-29 11:00,66.86,66.7,67.0,59,0.983
2025-11-29 12:00,66.81,66.6,67.0,57,0.95
2025-11-29 13:00,66.74,66.5,66.9,58,0.967
2025-11-29 14:00,66.7,66.4,66.9,60,1.0
2025-11-29 15:00,66.66,66.4,67.0,60,1.0
2025-11-29 16:00,66.57,66.3,66.8,60,1.0
2025-11-29 17:00,66.5,66.3,66.7,60,1.0
2025-11-29 18:00,66.51,66.3,66.7,60,1.0
2025-11-29 19:00,66.4,66.2,66.6,60,1.0
2025-11-29 20:00,66.38,66.1,66.6,60,1.0
2025-11-29 21:00,66.31,66.1,66.5,58,0.967
2025-11-29 22:00,66.26,66.1,66.5,60,1.0
2025-11-29 23:00,66.2,66.0,66.4,57,0.95
2025-11-30 00:00,66.19,66.0,66.4,49,0.817
2025-11-30 01:00,66.2,66.0,66.4,44,0.733
2025-11-30 02:00,66.15,65.9,66.3,50,0.833
2025-11-30 03:00,66.12,65.8,66.3,46,0.767
2025-11-30 04:00,66.06,65.8,66.4,52,0.867
2025-11-30 05:00,66.02,65.8,66.2,45,0.75
2025-11-30 06:00,66.01,65.8,66.2,59,0.983
2025-11-30 07:00,65.92,65.7,66.1,60,1.0
2025-11-30 08:00,65.88,65.6,66.1,60,1.0
2025-11-30 09:00,65.86,65.6,66.0,60,1.0
2025-11-30 10:00,65.81,65.6,66.0,60,1.0
2025-11-30 11:00,65.8,65.6,66.0,60,1.0
2025-11-30 12:00,65.78,65.5,66.0,60,1.0
2025-11-30 13:00,65.7,65.5,65.9,60,1.0
2025-11-30 14:00,65.68,65.4,65.9,60,1.0
2025-11-30 15:00,65.67,65.4,65.8,60,1.0
2025-11-30 16:00,65.6,65.4,66.0,60,1.0
2025-11-30 17:00,65.56,65.4,65.8,60,1.0
2025-11-30 18:00,65.52,65.3,65.7,59,0.983
2025-11-30 19:00,65.48,65.3,65.9,59,0.983
2025-11-30 20:00,65.46,65.2,65.7,60,1.0
2025-11-30 21:00,65.43,65.2,65.6,60,1.0
2025-11-30 22:00,65.39,65.2,65.6,60,1.0
2025-11-30 23:00,65.36,65.2,65.5,60,1.0
2025-12-01 00:00,65.33,65.1,65.6,60,1.0
2025-12-01 01:00,65.33,65.1,65.5,60,1.0
2025-12-01 02:00,65.26,65.0,65.6,60,1.0
2025-12-01 03:00,65.26,65.0,65.5,60,1.0
2025-12-01 04:00,65.21,64.9,65.5,60,1.0
2025-12-01 05:00,65.18,64.9,65.4,60,1.0
2025-12-01 06:00,65.1,64.9,65.3,58,0.967
2025-12-01 07:00,65.09,64.9,65.3,60,1.0
2025-12-01 08:00,65.09,64.8,65.2,59,0.983
2025-12-01 09:00,65.05,64.8,65.2,59,0.983
2025-12-01 10:00,65.02,64.8,65.2,60,1.0
2025-12-01 11:00,64.95,64.7,65.1,60,1.0
2025-12-01 12:00,64.92,64.7,65.1,59,0.983
2025-12-01 13:00,64.9,64.7,65.2,60,1.0
2025-12-01 14:00,64.85,64.6,65.1,60,1.0
2025-12-01 15:00,64.84,64.6,65.0,60,1.0
2025-12-01 16:00,64.81,64.6,65.0,60,1.0
2025-12-01 17:00,64.84,64.6,65.0,60,1.0
2025-12-01 18:00,64.76,64.5,65.0,60,1.0
2025-12-01 19:00,64.74,64.5,64.9,60,1.0
2025-12-01 20:00,64.69,64.5,64.9,60,1.0
2025-12-01 21:00,64.69,64.5,64.9,60,1.0
2025-12-01 22:00,64.66,64.4,64.9,60,1.0
2025-12-01 23:00,64.69,64.4,65.0,60,1.0
2025-12-02 00:00,64.67,64.5,64.9,60,1.0
2025-12-02 01:00,64.66,64.4,64.9,60,1.0
2025-12-02 02:00,64.7,64.5,64.9,60,1.0
2025-12-02 03:00,64.73,64.5,64.9,60,1.0
2025-12-02 04:00,64.68,64.0,65.0,60,1.0
2025-12-02 05:00,64.86,64.6,65.1,60,1.0
2025-12-02 06:00,65.12,64.8,65.4,60,1.0
2025-12-02 07:00,65.28,65.0,65.5,56,0.933
2025-12-02 08:00,65.38,65.1,65.6,60,1.0
2025-12-02 09:00,65.06,64.6,65.6,60,1.0
2025-12-02 10:00,65.04,64.6,66.1,59,0.983
2025-12-02 11:00,67.84,66.1,69.8,47,0.783
2025-12-02 12:00,71.08,69.6,71.6,53,0.883
2025-12-02 13:00,71.57,71.3,71.8,59,0.983
2025-12-02 14:00,71.23,70.4,71.7,57,0.95
2025-12-02 15:00,71.38,70.6,72.2,58,0.967
2025-12-02 16:00,72.86,72.1,73.4,60,1.0
2025-12-02 17:00,73.05,72.7,73.4,57,0.95
2025-12-02 18:00,73.14,72.8,73.4,60,1.0
2025-12-02 19:00,72.9,72.6,73.2,60,1.0
2025-12-02 20:00,72.38,71.9,72.9,60,1.0
2025-12-02 21:00,72.18,71.7,72.6,60,1.0
2025-12-02 22:00,72.56,72.3,72.8,60,1.0
2025-12-02 23:00,72.39,72.0,72.7,60,1.0
2025-12-03 00:00,72.12,71.7,72.5,60,1.0
2025-12-03 01:00,71.88,71.5,72.2,60,1.0
2025-12-03 02:00,71.65,71.3,71.9,60,1.0
2025-12-03 03:00,71.44,71.2,71.7,59,0.983
2025-12-03 04:00,71.24,70.9,71.4,60,1.0
2025-12-03 05:00,71.01,70.7,71.3,60,1.0
2025-12-03 06:00,70.8,70.5,71.0,60,1.0
2025-12-03 07:00,70.67,70.4,70.8,60,1.0
2025-12-03 08:00,70.49,70.2,70.7,59,0.983
2025-12-03 09:00,70.31,70.0,70.5,60,1.0
2025-12-03 10:00,70.16,69.9,70.4,60,1.0
2025-12-03 11:00,69.99,69.7,70.2,60,1.0
2025-12-03 12:00,69.84,69.5,70.0,60,1.0
2025-12-03 13:00,69.73,69.5,70.0,59,0.983
2025-12-03 14:00,69.62,69.3,69.8,60,1.0
2025-12-03 15:00,69.5,69.2,69.7,60,1.0
2025-12-03 16:00,69.39,69.2,69.6,60,1.0
2025-12-03 17:00,69.26,69.0,69.5,60,1.0
2025-12-03 18:00,69.18,68.9,69.4,60,1.0
2025-12-03 19:00,69.06,68.8,69.3,60,1.0
2025-12-03 20:00,68.97,68.7,69.1,60,1.0
2025-12-03 21:00,68.87,68.6,69.1,60,1.0
2025-12-03 22:00,68.76,68.5,69.0,60,1.0
2025-12-03 23:00,68.69,68.4,69.0,60,1.0
2025-12-04 00:00,68.59,68.3,68.9,60,1.0
2025-12-04 01:00,68.54,68.3,68.8,60,1.0
2025-12-04 02:00,68.42,68.2,68.7,60,1.0
2025-12-04 03:00,68.34,68.1,68.5,60,1.0
2025-12-04 04:00,68.28,68.0,68.5,60,1.0
2025-12-04 05:00,68.24,68.0,68.4,60,1.0
2025-12-04 06:00,68.11,67.8,68.3,60,1.0
2025-12-04 07:00,68.07,67.9,68.3,60,1.0
2025-12-04 08:00,68.01,67.8,68.2,60,1.0
2025-12-04 09:00,67.9,67.7,68.2,60,1.0
2025-12-04 10:00,67.89,67.6,68.1,57,0.95
2025-12-04 11:00,67.81,67.6,68.0,51,0.85
2025-12-04 12:00,67.71,67.5,67.9,54,0.9
2025-12-04 13:00,67.66,67.4,67.8,60,1.0
2025-12-04 14:00,67.62,67.3,67.8,60,1.0
2025-12-04 15:00,67.56,67.3,67.8,60,1.0
2025-12-04 16:00,67.5,67.3,67.6,60,1.0
2025-12-04 17:00,67.45,67.2,67.6,60,1.0
2025-12-04 18:00,67.41,67.1,67.5,60,1.0
2025-12-04 19:00,67.32,67.1,67.5,60,1.0
2025-12-04 20:00,67.28,67.0,67.5,60,1.0
2025-12-04 21:00,67.21,67.0,67.4,60,1.0
2025-12-04 22:00,67.18,67.0,67.4,60,1.0
2025-12-04 23:00,67.2,67.0,67.4,60,1.0
2025-12-05 00:00,67.16,66.2,67.5,58,0.967
2025-12-05 09:00,69.2,69.0,69.3,11,0.183
2025-12-05 10:00,69.1,68.8,69.3,60,1.0
2025-12-05 11:00,69.05,68.8,69.2,59,0.983
2025-12-05 12:00,68.94,68.7,69.1,60,1.0
2025-12-05 13:00,68.85,68.6,69.0,60,1.0
2025-12-05 14:00,68.76,68.5,69.0,60,1.0
2025-12-05 15:00,68.68,68.4,68.9,59,0.983
2025-12-05 16:00,68.58,68.3,68.8,58,0.967
2025-12-05 17:00,68.54,68.3,68.8,60,1.0
2025-12-05 18:00,68.47,68.2,68.8,60,1.0
2025-12-05 19:00,68.43,68.2,68.7,59,0.983
2025-12-05 20:00,68.32,68.1,68.5,60,1.0
2025-12-05 21:00,68.27,68.0,68.5,58,0.967
2025-12-05 22:00,68.22,68.0,68.4,60,1.0
2025-12-05 23:00,68.12,67.9,68.3,52,0.867
2025-12-06 00:00,68.06,67.8,68.3,50,0.833
2025-12-06 01:00,68.01,67.8,68.2,53,0.883
2025-12-06 02:00,67.94,67.7,68.3,59,0.983
2025-12-06 03:00,67.88,67.7,68.2,58,0.967
2025-12-06 04:00,67.83,67.6,68.0,60,1.0
2025-12-06 05:00,67.77,67.5,68.1,60,1.0
2025-12-06 06:00,67.69,67.5,67.9,60,1.0
2025-12-06 07:00,67.69,67.4,67.8,60,1.0
2025-12-06 08:00,67.6,67.4,67.8,60,1.0
2025-12-06 09:00,67.54,67.3,67.8,60,1.0
2025-12-06 10:00,67.48,67.2,67.7,60,1.0
2025-12-06 11:00,67.47,67.2,67.7,60,1.0
2025-12-06 12:00,67.38,67.2,67.6,58,0.967
2025-12-06 13:00,67.33,67.1,67.5,60,1.0
2025-12-06 14:00,67.3,67.1,67.5,60,1.0
2025-12-06 15:00,67.27,67.0,67.4,60,1.0
2025-12-06 16:00,67.2,67.0,67.4,60,1.0
2025-12-06 17:00,67.16,67.0,67.4,60,1.0
2025-12-06 18:00,67.11,66.9,67.3,60,1.0
2025-12-06 19:00,67.07,66.8,67.3,58,0.967
2025-12-06 20:00,67.06,66.8,67.3,58,0.967
2025-12-06 21:00,67.0,66.8,67.2,59,0.983
2025-12-06 22:00,66.95,66.7,67.1,60,1.0
2025-12-06 23:00,66.9,66.7,67.1,60,1.0
2025-12-07 00:00,66.87,66.6,67.1,60,1.0
2025-12-07 01:00,66.81,66.6,67.0,52,0.867
2025-12-07 02:00,66.76,66.6,66.9,51,0.85
2025-12-07 03:00,66.7,66.5,67.0,54,0.9
2025-12-07 04:00,66.69,66.4,66.9,60,1.0
2025-12-07 05:00,66.62,66.4,66.8,59,0.983
2025-12-07 06:00,66.58,66.4,66.8,60,1.0
2025-12-07 07:00,66.52,66.3,66.7,59,0.983
2025-12-07 08:00,66.5,66.2,66.7,60,1.0
2025-12-07 09:00,66.47,66.2,66.7,60,1.0
2025-12-07 10:00,66.42,66.2,66.6,60,1.0
2025-12-07 11:00,66.37,66.2,66.6,60,1.0
2025-12-07 12:00,66.32,66.1,66.6,60,1.0
2025-12-07 13:00,66.29,66.1,66.5,60,1.0
2025-12-07 14:00,66.26,66.0,66.5,60,1.0
2025-12-07 15:00,66.2,65.9,66.4,60,1.0
2025-12-07 16:00,66.17,65.9,66.4,60,1.0
2025-12-07 17:00,66.14,65.9,66.3,60,1.0
2025-12-07 18:00,66.11,65.8,66.3,59,0.983
2025-12-07 19:00,66.08,65.8,66.3,60,1.0
2025-12-07 20:00,66.03,65.8,66.2,60,1.0
2025-12-07 21:00,65.98,65.7,66.3,60,1.0
2025-12-07 22:00,65.97,65.8,66.1,60,1.0
2025-12-07 23:00,65.91,65.7,66.1,60,1.0
2025-12-08 00:00,65.92,65.7,66.1,60,1.0
2025-12-08 01:00,65.88,65.7,66.1,60,1.0
2025-12-08 02:00,65.84,65.6,66.0,60,1.0
2025-12-08 03:00,65.83,65.6,66.0,60,1.0
2025-12-08 04:00,65.78,65.6,65.9,60,1.0
2025-12-08 05:00,65.71,65.5,65.9,60,1.0
2025-12-08 06:00,65.72,65.4,65.9,60,1.0
2025-12-08 07:00,65.65,65.5,65.8,60,1.0
2025-12-08 08:00,65.58,65.4,65.8,60,1.0
2025-12-08 09:00,65.58,65.4,65.7,60,1.0
2025-12-08 10:00,65.56,65.3,65.7,60,1.0
2025-12-08 11:00,65.52,65.3,65.7,60,1.0
2025-12-08 12:00,65.48,65.2,65.7,60,1.0
2025-12-08 13:00,65.46,65.2,65.6,60,1.0
2025-12-08 14:00,65.47,65.3,65.6,60,1.0
2025-12-08 15:00,65.42,65.2,65.6,60,1.0
2025-12-08 16:00,65.36,65.1,65.5,60,1.0
2025-12-08 17:00,65.37,65.1,65.5,59,0.983
2025-12-08 18:00,65.32,65.1,65.5,60,1.0
2025-12-08 19:00,65.28,65.1,65.5,60,1.0
2025-12-08 20:00,65.24,65.0,65.4,60,1.0
2025-12-08 21:00,65.2,65.0,65.4,60,1.0
2025-12-08 22:00,65.18,64.9,65.4,60,1.0
2025-12-08 23:00,65.17,64.9,65.3,60,1.0
2025-12-09 00:00,65.15,64.9,65.3,59,0.983
2025-12-09 01:00,65.12,64.9,65.3,60,1.0
2025-12-09 02:00,65.09,64.9,65.2,60,1.0
2025-12-09 03:00,65.05,64.8,65.3,60,1.0
2025-12-09 04:00,65.03,64.8,65.3,60,1.0
2025-12-09 05:00,64.98,64.7,65.2,60,1.0
2025-12-09 06:00,64.94,64.7,65.2,60,1.0
2025-12-09 07:00,64.91,64.7,65.1,60,1.0
2025-12-09 08:00,64.89,64.7,65.3,60,1.0
2025-12-09 09:00,64.88,64.7,65.1,59,0.983
2025-12-09 10:00,64.86,64.6,65.0,60,1.0
2025-12-09 11:00,64.79,64.6,65.0,59,0.983
2025-12-09 12:00,64.76,64.5,64.9,60,1.0
2025-12-09 13:00,64.77,64.5,65.0,60,1.0
2025-12-09 14:00,64.74,64.5,64.9,60,1.0
2025-12-09 15:00,64.74,64.5,65.0,60,1.0
2025-12-09 16:00,64.68,64.5,64.9,60,1.0
2025-12-09 17:00,64.65,64.4,64.8,52,0.867
2025-12-09 18:00,64.63,64.4,64.9,48,0.8
2025-12-09 19:00,64.6,64.4,64.8,60,1.0
2025-12-09 20:00,64.57,64.3,64.9,60,1.0
2025-12-09 21:00,64.57,64.3,64.8,60,1.0
2025-12-09 22:00,64.52,64.3,64.9,60,1.0
2025-12-09 23:00,64.5,64.3,64.8,60,1.0
2025-12-10 00:00,64.5,64.3,64.7,60,1.0
2025-12-10 01:00,64.48,64.3,64.7,60,1.0
2025-12-10 02:00,64.46,64.3,64.7,60,1.0
2025-12-10 03:00,64.42,64.2,64.6,60,1.0
2025-12-10 04:00,64.42,64.2,64.6,60,1.0
2025-12-10 05:00,64.36,64.1,64.5,58,0.967
2025-12-10 06:00,64.34,64.1,64.5,56,0.933
2025-12-10 07:00,64.32,64.1,64.6,44,0.733
2025-12-10 08:00,64.31,64.1,64.4,56,0.933
2025-12-10 09:00,64.28,64.1,64.7,60,1.0
2025-12-10 10:00,64.29,64.0,64.4,60,1.0
2025-12-10 11:00,64.24,64.1,64.4,60,1.0
2025-12-10 12:00,64.25,64.0,64.4,60,1.0
2025-12-10 13:00,64.21,64.0,64.4,60,1.0
2025-12-10 14:00,64.18,63.9,64.4,60,1.0
2025-12-10 15:00,64.16,63.9,64.4,58,0.967
2025-12-10 16:00,64.11,63.9,64.4,58,0.967
2025-12-10 17:00,64.12,63.9,64.3,59,0.983
2025-12-10 18:00,64.11,63.9,64.3,60,1.0
2025-12-10 19:00,64.08,63.9,64.3,59,0.983
2025-12-10 20:00,64.06,63.8,64.3,60,1.0
2025-12-10 21:00,64.04,63.8,64.3,60,1.0
2025-12-10 22:00,64.03,63.8,64.2,60,1.0
2025-12-10 23:00,63.99,63.8,64.2,54,0.9
2025-12-11 00:00,63.99,63.8,64.2,57,0.95
2025-12-11 01:00,63.94,63.7,64.2,45,0.75
2025-12-11 02:00,63.93,63.7,64.1,59,0.983
2025-12-11 03:00,63.92,63.7,64.1,51,0.85
2025-12-11 04:00,63.9,63.7,64.1,53,0.883
2025-12-11 05:00,63.91,63.6,64.1,60,1.0
2025-12-11 06:00,63.86,63.6,64.1,60,1.0
2025-12-11 07:00,63.84,63.6,64.0,60,1.0
2025-12-11 08:00,63.81,63.6,64.1,54,0.9
2025-12-11 09:00,63.77,63.5,64.1,45,0.75
2025-12-11 10:00,63.75,63.5,64.0,48,0.8
2025-12-11 11:00,63.71,63.5,63.9,51,0.85
2025-12-11 12:00,63.75,63.5,64.0,50,0.833
2025-12-11 13:00,63.73,63.5,63.9,58,0.967
2025-12-11 14:00,63.66,63.5,63.9,60,1.0
2025-12-11 15:00,63.67,63.5,63.8,60,1.0
2025-12-11 16:00,63.66,63.4,63.8,60,1.0
2025-12-11 17:00,63.64,63.4,63.8,60,1.0
2025-12-11 18:00,63.63,63.4,63.8,60,1.0
2025-12-11 19:00,63.65,63.4,63.9,60,1.0
2025-12-11 20:00,63.63,63.4,63.8,60,1.0
2025-12-11 21:00,63.61,63.4,63.9,60,1.0
2025-12-11 22:00,63.6,63.4,63.8,60,1.0
2025-12-11 23:00,63.57,63.4,63.7,59,0.983
2025-12-12 00:00,63.54,63.3,63.7,60,1.0
2025-12-12 01:00,63.48,63.3,63.8,60,1.0
2025-12-12 02:00,63.46,63.2,63.8,59,0.983
2025-12-12 03:00,63.46,63.3,63.8,57,0.95
2025-12-12 04:00,63.46,63.2,63.7,59,0.983
2025-12-12 05:00,63.46,63.3,63.7,60,1.0
2025-12-12 06:00,63.43,63.2,63.6,59,0.983
2025-12-12 07:00,63.38,63.2,63.6,59,0.983
2025-12-12 08:00,63.36,63.1,63.5,60,1.0
2025-12-12 09:00,63.33,63.1,63.5,60,1.0
2025-12-12 10:00,63.36,63.1,63.5,60,1.0
2025-12-12 11:00,63.33,63.1,63.5,60,1.0
2025-12-12 12:00,63.32,63.1,63.5,60,1.0
2025-12-12 13:00,63.31,63.1,63.5,60,1.0
2025-12-12 14:00,63.28,63.1,63.5,60,1.0
2025-12-12 15:00,63.28,63.1,63.4,59,0.983
2025-12-12 16:00,63.27,63.1,63.5,60,1.0
2025-12-12 17:00,63.25,63.0,63.5,59,0.983
2025-12-12 18:00,63.24,63.0,63.4,60,1.0
2025-12-12 19:00,63.21,63.0,63.4,60,1.0
2025-12-12 20:00,63.2,62.9,63.4,60,1.0
2025-12-12 21:00,63.18,63.0,63.4,60,1.0
2025-12-12 22:00,63.15,62.9,63.3,60,1.0
2025-12-12 23:00,63.14,62.9,63.5,60,1.0
2025-12-13 00:00,63.12,62.9,63.3,60,1.0
2025-12-13 01:00,63.09,62.9,63.3,60,1.0
2025-12-13 02:00,63.08,62.8,63.3,60,1.0
2025-12-13 03:00,63.08,62.9,63.2,60,1.0
2025-12-13 04:00,63.03,62.8,63.3,60,1.0
2025-12-13 05:00,63.0,62.8,63.2,60,1.0
2025-12-13 06:00,62.99,62.8,63.1,60,1.0
2025-12-13 07:00,62.98,62.7,63.1,60,1.0
2025-12-13 08:00,62.94,62.7,63.1,60,1.0
2025-12-13 09:00,62.92,62.7,63.1,51,0.85
2025-12-13 10:00,62.93,62.7,63.1,50,0.833
2025-12-13 11:00,62.9,62.7,63.1,60,1.0
2025-12-13 12:00,62.88,62.6,63.0,59,0.983
2025-12-13 13:00,62.9,62.7,63.0,59,0.983
2025-12-13 14:00,62.88,62.6,63.0,60,1.0
2025-12-13 15:00,62.86,62.6,63.1,60,1.0
2025-12-13 16:00,62.84,62.5,63.0,60,1.0
2025-12-13 17:00,62.82,62.6,63.0,60,1.0
2025-12-13 18:00,62.82,62.6,63.0,60,1.0
2025-12-13 19:00,62.81,62.6,63.1,60,1.0
2025-12-13 20:00,62.76,62.5,62.9,60,1.0
2025-12-13 21:00,62.74,62.5,62.9,60,1.0
2025-12-13 22:00,62.74,62.5,62.9,59,0.983
2025-12-13 23:00,62.7,62.5,62.9,60,1.0
2025-12-14 00:00,62.69,62.5,62.9,60,1.0
2025-12-14 01:00,62.69,62.5,62.8,59,0.983
2025-12-14 02:00,62.65,62.4,62.8,46,0.767
2025-12-14 03:00,62.64,62.4,62.8,51,0.85
2025-12-14 04:00,62.59,62.4,62.8,58,0.967
2025-12-14 05:00,62.59,62.4,62.8,59,0.983
2025-12-14 06:00,62.57,62.3,62.8,59,0.983
2025-12-14 07:00,62.52,62.3,62.7,58,0.967
2025-12-14 08:00,62.57,62.4,62.8,60,1.0
2025-12-14 09:00,62.53,62.4,62.7,60,1.0
2025-12-14 10:00,62.5,62.3,62.7,60,1.0
2025-12-14 11:00,62.51,62.3,62.7,60,1.0
2025-12-14 12:00,62.49,62.3,62.7,60,1.0
2025-12-14 13:00,62.47,62.3,62.6,59,0.983
2025-12-14 14:00,62.44,62.2,62.7,60,1.0
2025-12-14 15:00,62.45,62.2,62.6,58,0.967
2025-12-14 16:00,62.42,62.2,62.6,60,1.0
2025-12-14 17:00,62.4,62.2,62.7,60,1.0
2025-12-14 18:00,62.36,62.1,62.5,60,1.0
2025-12-14 19:00,62.38,62.2,62.5,59,0.983
2025-12-14 20:00,62.36,62.1,62.6,60,1.0
2025-12-14 21:00,62.33,62.1,62.5,59,0.983
2025-12-14 22:00,62.29,62.1,62.4,59,0.983
2025-12-14 23:00,62.3,62.1,62.5,58,0.967
2025-12-15 00:00,62.28,62.0,62.5,59,0.983
2025-12-15 01:00,62.25,62.0,62.5,59,0.983
2025-12-15 02:00,62.23,62.0,62.4,60,1.0
2025-12-15 03:00,62.21,62.0,62.4,58,0.967
2025-12-15 04:00,62.21,62.0,62.4,60,1.0
2025-12-15 05:00,62.19,62.0,62.4,59,0.983
2025-12-15 06:00,62.16,61.9,62.4,59,0.983
2025-12-15 07:00,62.15,61.9,62.3,58,0.967
2025-12-15 08:00,62.13,61.9,62.3,60,1.0
2025-12-15 09:00,62.13,61.9,62.3,60,1.0
2025-12-15 10:00,62.09,61.9,62.2,58,0.967
2025-12-15 11:00,62.09,61.8,62.2,59,0.983
2025-12-15 12:00,62.07,61.8,62.3,60,1.0
2025-12-15 13:00,62.06,61.8,62.2,59,0.983
2025-12-15 14:00,62.03,61.8,62.2,58,0.967
2025-12-15 15:00,62.01,61.8,62.2,55,0.917
2025-12-15 16:00,62.03,61.8,62.2,54,0.9
2025-12-15 17:00,62.03,61.8,62.2,59,0.983
2025-12-15 18:00,61.99,61.8,62.1,58,0.967
2025-12-15 19:00,61.99,61.8,62.2,60,1.0
2025-12-15 20:00,61.97,61.7,62.1,60,1.0
2025-12-15 21:00,61.94,61.7,62.1,60,1.0
2025-12-15 22:00,61.94,61.8,62.1,60,1.0
2025-12-15 23:00,61.93,61.8,62.1,60,1.0
2025-12-16 00:00,61.89,61.7,62.1,60,1.0
2025-12-16 01:00,61.89,61.7,62.1,59,0.983
2025-12-16 02:00,61.88,61.7,62.1,60,1.0
2025-12-16 03:00,61.85,61.6,62.0,60,1.0
2025-12-16 04:00,61.82,61.6,62.0,60,1.0
2025-12-16 05:00,61.84,61.6,62.0,59,0.983
2025-12-16 06:00,61.83,61.6,62.0,58,0.967
2025-12-16 07:00,61.77,61.6,62.0,59,0.983
2025-12-16 08:00,61.81,61.6,62.0,58,0.967
2025-12-16 09:00,61.79,61.6,61.9,59,0.983
2025-12-16 10:00,61.79,61.6,62.0,60,1.0
2025-12-16 11:00,61.75,61.5,61.9,56,0.933
2025-12-16 12:00,61.73,61.5,61.9,60,1.0
2025-12-16 13:00,61.71,61.5,61.9,60,1.0
2025-12-16 14:00,61.73,61.5,61.9,60,1.0
2025-12-16 15:00,61.73,61.5,61.9,58,0.967
2025-12-16 16:00,61.72,61.5,61.9,60,1.0
2025-12-16 17:00,61.68,61.5,61.8,60,1.0
2025-12-16 18:00,61.66,61.4,61.9,60,1.0
2025-12-16 19:00,61.63,61.4,61.8,50,0.833
2025-12-16 20:00,61.64,61.4,61.8,44,0.733
2025-12-16 21:00,61.65,61.4,61.8,28,0.467
2025-12-16 22:00,61.66,61.5,61.8,30,0.5
2025-12-16 23:00,61.61,61.4,61.8,16,0.267
2025-12-17 00:00,61.66,61.4,61.9,25,0.417
2025-12-17 01:00,61.76,61.6,62.1,59,0.983
2025-12-17 02:00,61.85,61.6,62.0,60,1.0
2025-12-17 03:00,61.97,61.7,62.2,60,1.0
2025-12-17 04:00,62.13,61.9,62.3,60,1.0
2025-12-17 05:00,62.21,62.0,62.4,60,1.0
2025-12-17 06:00,62.25,62.0,62.5,47,0.783
2025-12-17 07:00,62.33,62.1,62.5,55,0.917
2025-12-17 08:00,62.35,62.1,62.5,60,1.0
2025-12-17 09:00,62.18,61.2,62.6,60,1.0
2025-12-17 10:00,61.58,61.2,62.0,60,1.0
2025-12-17 11:00,63.44,62.0,64.9,60,1.0
2025-12-17 12:00,65.86,65.0,66.5,60,1.0
2025-12-17 13:00,66.76,66.3,67.1,60,1.0
2025-12-17 14:00,66.94,66.7,67.2,60,1.0
2025-12-17 15:00,67.0,66.8,67.1,60,1.0
2025-12-17 16:00,66.94,66.7,67.1,60,1.0
2025-12-17 17:00,66.86,66.6,67.2,60,1.0
2025-12-17 18:00,66.82,66.5,67.0,60,1.0
2025-12-17 19:00,66.71,66.5,67.0,59,0.983
2025-12-17 20:00,66.61,66.3,66.8,59,0.983
2025-12-17 21:00,66.5,66.2,66.7,60,1.0
2025-12-17 22:00,66.45,66.2,66.7,60,1.0
2025-12-17 23:00,66.35,66.2,66.5,59,0.983
2025-12-18 00:00,66.25,66.0,66.5,58,0.967
2025-12-18 01:00,66.19,65.9,66.4,60,1.0
2025-12-18 02:00,66.15,65.9,66.4,60,1.0
2025-12-18 03:00,66.08,65.9,66.2,60,1.0
2025-12-18 04:00,66.01,65.7,66.2,57,0.95
2025-12-18 05:00,65.96,65.7,66.1,59,0.983
2025-12-18 06:00,65.91,65.1,66.9,60,1.0
2025-12-18 07:00,65.84,65.6,66.0,60,1.0
2025-12-18 08:00,65.81,65.5,65.9,60,1.0
2025-12-18 09:00,65.75,65.5,66.0,60,1.0
2025-12-18 10:00,65.67,65.4,65.9,60,1.0
2025-12-18 11:00,65.65,65.5,65.8,60,1.0
2025-12-18 12:00,65.61,65.4,65.8,60,1.0
2025-12-18 13:00,65.55,65.3,65.7,58,0.967
2025-12-18 14:00,65.52,65.3,65.7,60,1.0
2025-12-18 15:00,65.48,65.2,65.7,60,1.0
2025-12-18 16:00,65.47,65.2,65.6,60,1.0
2025-12-18 17:00,65.44,65.2,65.6,59,0.983
2025-12-18 18:00,65.42,65.2,65.6,58,0.967
2025-12-18 19:00,65.42,65.1,65.6,60,1.0
2025-12-18 20:00,65.36,65.1,65.6,59,0.983
2025-12-18 21:00,65.35,65.1,65.5,59,0.983
2025-12-18 22:00,65.29,65.1,65.5,58,0.967
2025-12-18 23:00,65.28,65.1,65.4,60,1.0
2025-12-19 00:00,65.28,65.0,65.5,60,1.0
2025-12-19 01:00,65.24,65.0,65.4,60,1.0
2025-12-19 02:00,65.23,65.0,65.4,60,1.0
2025-12-19 03:00,65.18,65.0,65.4,60,1.0
2025-12-19 04:00,65.16,64.9,65.4,60,1.0
2025-12-19 05:00,65.14,64.9,65.3,60,1.0
2025-12-19 06:00,65.1,64.9,65.2,58,0.967
2025-12-19 07:00,65.08,64.9,65.3,60,1.0
2025-12-19 08:00,65.08,64.9,65.3,60,1.0
2025-12-19 09:00,65.05,64.8,65.2,59,0.983
2025-12-19 10:00,65.0,64.8,65.2,59,0.983
2025-12-19 11:00,64.98,64.7,65.2,59,0.983
2025-12-19 12:00,64.96,64.7,65.1,57,0.95
2025-12-19 13:00,64.94,64.7,65.1,55,0.917
2025-12-19 14:00,64.94,64.7,65.2,59,0.983
2025-12-19 15:00,64.92,64.6,65.1,53,0.883
2025-12-19 16:00,64.89,64.6,65.0,58,0.967
2025-12-19 17:00,64.88,64.6,65.0,57,0.95
2025-12-19 18:00,64.86,64.6,65.1,58,0.967
2025-12-19 19:00,64.82,64.6,65.0,57,0.95
2025-12-19 20:00,64.79,64.6,65.0,58,0.967
2025-12-19 21:00,64.8,64.6,65.0,60,1.0
2025-12-19 22:00,64.76,64.5,65.0,58,0.967
2025-12-19 23:00,64.78,64.6,64.9,58,0.967
2025-12-20 00:00,64.73,64.5,64.9,58,0.967
2025-12-20 01:00,64.73,64.5,65.0,59,0.983
2025-12-20 02:00,64.71,64.4,65.1,59,0.983
2025-12-20 03:00,64.67,64.5,64.8,57,0.95
2025-12-20 04:00,64.66,64.4,64.8,59,0.983
2025-12-20 05:00,64.64,64.4,64.9,59,0.983
2025-12-20 06:00,64.62,64.3,64.8,59,0.983
2025-12-20 07:00,64.62,64.4,64.8,58,0.967
2025-12-20 08:00,64.59,64.4,64.7,55,0.917
2025-12-20 09:00,64.54,64.3,64.7,54,0.9
2025-12-20 10:00,64.53,64.3,64.7,59,0.983
2025-12-20 11:00,64.52,64.3,64.8,55,0.917
2025-12-20 12:00,64.5,64.3,64.7,58,0.967
2025-12-20 13:00,64.48,64.3,64.6,42,0.7
2025-12-20 14:00,64.47,64.3,64.6,58,0.967
2025-12-20 15:00,64.44,64.2,64.6,59,0.983
2025-12-20 16:00,64.44,64.2,64.6,59,0.983
2025-12-20 17:00,64.42,64.2,64.7,60,1.0
2025-12-20 18:00,64.42,64.2,64.6,55,0.917
2025-12-20 19:00,64.38,64.1,64.6,54,0.9
2025-12-20 20:00,64.37,64.1,64.6,55,0.917
2025-12-20 21:00,64.36,64.2,64.5,56,0.933
2025-12-20 22:00,64.32,64.1,64.5,55,0.917
2025-12-20 23:00,64.32,64.1,64.5,56,0.933
2025-12-21 00:00,64.31,64.0,64.6,60,1.0
2025-12-21 01:00,64.28,64.0,64.4,60,1.0
2025-12-21 02:00,64.27,64.0,64.4,55,0.917
2025-12-21 03:00,64.26,64.0,64.5,59,0.983
2025-12-21 04:00,64.22,64.0,64.4,60,1.0
2025-12-21 05:00,64.21,64.0,64.4,60,1.0
2025-12-21 06:00,64.19,64.0,64.4,57,0.95
2025-12-21 07:00,64.16,63.9,64.3,60,1.0
2025-12-21 08:00,64.17,63.9,64.3,58,0.967
2025-12-21 09:00,64.13,63.9,64.4,58,0.967
2025-12-21 10:00,64.08,63.9,64.3,58,0.967
2025-12-21 11:00,64.06,63.8,64.4,59,0.983
2025-12-21 12:00,64.05,63.8,64.2,59,0.983
2025-12-21 13:00,64.06,63.8,64.2,58,0.967
2025-12-21 14:00,64.05,63.9,64.3,58,0.967
2025-12-21 15:00,64.02,63.8,64.2,57,0.95
2025-12-21 16:00,63.99,63.8,64.2,54,0.9
2025-12-21 17:00,63.98,63.7,64.2,50,0.833
2025-12-21 18:00,64.0,63.8,64.2,54,0.9
2025-12-21 19:00,63.96,63.7,64.3,53,0.883
2025-12-21 20:00,63.95,63.7,64.1,57,0.95
2025-12-21 21:00,63.96,63.7,64.2,59,0.983
2025-12-21 22:00,63.94,63.7,64.1,59,0.983
2025-12-21 23:00,63.91,63.7,64.2,57,0.95
2025-12-22 00:00,63.88,63.6,64.2,59,0.983
2025-12-22 01:00,63.87,63.6,64.1,59,0.983
2025-12-22 02:00,63.86,63.6,64.0,57,0.95
2025-12-22 03:00,63.84,63.6,64.0,55,0.917
2025-12-22 04:00,63.81,63.6,64.0,56,0.933
2025-12-22 05:00,63.79,63.6,64.0,55,0.917
2025-12-22 06:00,63.8,63.5,63.9,58,0.967
2025-12-22 07:00,63.75,63.5,64.0,43,0.717
2025-12-22 08:00,63.75,63.5,63.9,46,0.767
2025-12-22 09:00,63.73,63.5,63.9,55,0.917
2025-12-22 10:00,63.71,63.5,63.9,46,0.767
2025-12-22 11:00,63.69,63.5,63.9,46,0.767
2025-12-22 12:00,63.69,63.4,63.8,48,0.8
2025-12-22 13:00,63.65,63.4,63.8,57,0.95
2025-12-22 14:00,63.66,63.4,63.8,34,0.567
2025-12-22 15:00,63.64,63.5,63.8,33,0.55
2025-12-22 16:00,63.64,63.4,63.8,18,0.3
2025-12-22 17:00,63.63,63.4,63.9,21,0.35
2025-12-22 18:00,63.65,63.5,63.8,22,0.367
2025-12-22 19:00,63.59,63.3,63.8,29,0.483
2025-12-22 20:00,63.57,63.4,63.7,27,0.45
2025-12-22 21:00,63.56,63.4,63.7,42,0.7
2025-12-22 22:00,63.55,63.3,63.7,52,0.867
2025-12-22 23:00,63.5,63.3,63.7,45,0.75
2025-12-23 00:00,63.53,63.3,63.7,47,0.783
2025-12-23 01:00,63.52,63.3,63.7,56,0.933
2025-12-23 02:00,63.52,63.3,63.7,48,0.8
2025-12-23 03:00,63.52,63.3,63.7,50,0.833
2025-12-23 04:00,63.5,63.2,63.7,43,0.717
2025-12-23 05:00,63.48,63.2,63.7,48,0.8
2025-12-23 06:00,63.47,63.2,63.6,43,0.717
2025-12-23 07:00,63.44,63.2,63.6,43,0.717
2025-12-23 08:00,63.42,63.2,63.6,50,0.833
2025-12-23 09:00,63.39,63.2,63.5,37,0.617
2025-12-23 10:00,63.39,63.2,63.5,36,0.6
2025-12-23 11:00,63.39,63.2,63.5,39,0.65
2025-12-23 12:00,63.36,63.1,63.5,32,0.533
2025-12-23 13:00,63.34,63.1,63.5,31,0.517
2025-12-23 14:00,63.28,63.0,63.4,13,0.217
2025-12-23 15:00,62.59,62.3,63.0,59,0.983
2025-12-23 16:00,64.76,63.1,66.8,60,1.0
2025-12-23 17:00,68.53,66.7,70.9,60,1.0
2025-12-23 18:00,73.53,71.0,75.2,60,1.0
2025-12-23 19:00,75.11,74.9,75.4,57,0.95
2025-12-23 20:00,74.74,74.3,75.1,55,0.917
2025-12-23 21:00,73.98,73.2,74.6,46,0.767
2025-12-23 22:00,73.94,73.7,74.4,53,0.883
2025-12-23 23:00,74.83,74.7,74.9,6,0.1
2025-12-24 00:00,74.52,74.0,74.8,10,0.167
2025-12-24 01:00,74.02,73.7,74.5,53,0.883
2025-12-24 02:00,74.08,73.7,74.6,32,0.533
2025-12-24 03:00,76.13,74.6,78.2,19,0.317
2025-12-24 04:00,78.4,78.4,78.4,1,0.017
2025-12-24 05:00,78.02,77.8,78.3,6,0.1
2025-12-24 07:00,76.25,76.1,76.4,2,0.033
2025-12-24 09:00,75.86,75.5,76.1,14,0.233
2025-12-24 10:00,75.79,75.5,76.0,14,0.233
2025-12-24 11:00,75.36,75.0,75.6,12,0.2
2025-12-24 12:00,74.27,73.9,74.7,40,0.667
2025-12-24 13:00,75.11,74.7,75.6,30,0.5
2025-12-24 14:00,75.19,74.9,75.4,30,0.5
2025-12-24 15:00,75.29,75.0,75.6,33,0.55
2025-12-24 16:00,75.39,75.1,75.6,24,0.4
2025-12-24 17:00,75.22,74.8,75.4,11,0.183
2025-12-24 18:00,74.81,74.7,75.0,9,0.15
2025-12-24 19:00,74.47,74.4,74.5,3,0.05
2025-12-24 20:00,73.85,73.8,73.9,2,0.033
2025-12-24 21:00,73.26,72.9,73.8,34,0.567
2025-12-24 22:00,73.21,73.0,73.4,37,0.617
2025-12-24 23:00,73.08,72.7,73.3,37,0.617
2025-12-25 00:00,73.1,72.8,73.4,26,0.433
2025-12-25 01:00,72.96,72.9,73.1,5,0.083
2025-12-25 04:00,72.0,72.0,72.0,1,0.017
2025-12-25 05:00,71.98,71.6,72.1,5,0.083
2025-12-25 06:00,71.75,71.6,71.9,2,0.033
2025-12-25 07:00,71.63,71.5,71.7,3,0.05
2025-12-25 08:00,71.45,71.4,71.5,2,0.033
2025-12-25 10:00,71.0,70.9,71.1,2,0.033
2025-12-25 11:00,70.8,70.7,70.9,4,0.067
2025-12-25 12:00,70.65,70.5,70.8,4,0.067
2025-12-25 16:00,70.12,70.0,70.2,4,0.067
2025-12-25 17:00,69.98,69.8,70.2,13,0.217
2025-12-25 18:00,69.82,69.6,70.0,12,0.2
2025-12-25 19:00,69.6,69.6,69.6,1,0.017
2025-12-25 20:00,69.55,69.3,69.7,4,0.067
2025-12-25 21:00,69.4,69.3,69.5,2,0.033
2025-12-25 22:00,69.3,69.1,69.5,11,0.183
2025-12-25 23:00,69.3,69.2,69.4,2,0.033
2025-12-26 00:00,69.19,69.1,69.3,7,0.117
2025-12-26 01:00,69.02,68.8,69.1,6,0.1
2025-12-26 02:00,68.88,68.7,69.0,5,0.083
2025-12-26 03:00,68.88,68.7,69.0,12,0.2
2025-12-26 04:00,68.75,68.7,68.8,4,0.067
2025-12-26 05:00,68.74,68.6,68.9,9,0.15
2025-12-26 06:00,68.65,68.6,68.7,2,0.033
2025-12-26 07:00,68.56,68.4,68.7,8,0.133
2025-12-26 08:00,68.5,68.3,68.7,7,0.117
2025-12-26 13:00,68.05,67.9,68.2,4,0.067
2025-12-26 14:00,68.03,67.8,68.2,12,0.2
2025-12-26 15:00,67.95,67.8,68.1,4,0.067
2025-12-26 16:00,67.97,67.9,68.0,3,0.05
2025-12-26 17:00,67.83,67.7,67.9,3,0.05
2025-12-26 19:00,67.8,67.8,67.8,1,0.017
2025-12-27 00:00,67.6,67.6,67.6,1,0.017
2025-12-27 05:00,67.2,67.2,67.2,1,0.017
2025-12-27 07:00,67.06,66.9,67.1,5,0.083
2025-12-27 08:00,66.93,66.9,67.0,3,0.05
2025-12-27 09:00,66.94,66.8,67.1,8,0.133
2025-12-27 10:00,66.87,66.8,67.1,7,0.117
2025-12-27 11:00,66.78,66.5,67.0,24,0.4
2025-12-27 12:00,66.76,66.6,66.9,5,0.083
2025-12-28 10:00,66.0,66.0,66.0,1,0.017
2025-12-28 11:00,65.82,65.7,65.9,8,0.133
2025-12-28 12:00,65.8,65.7,65.9,4,0.067
2025-12-28 13:00,65.8,65.8,65.8,3,0.05
2025-12-28 14:00,65.73,65.6,65.9,3,0.05
2025-12-28 15:00,65.53,65.5,65.6,3,0.05
2025-12-28 21:00,65.7,65.7,65.7,1,0.017
2025-12-29 19:00,65.0,65.0,65.0,1,0.017
2025-12-30 21:00,64.48,64.4,64.6,5,0.083
2025-12-31 03:00,64.2,64.2,64.2,3,0.05
2025-12-31 04:00,64.25,64.0,64.4,11,0.183
2025-12-31 05:00,64.22,64.0,64.3,16,0.267
2025-12-31 06:00,64.19,64.0,64.3,9,0.15
2025-12-31 07:00,64.17,64.0,64.3,12,0.2
2025-12-31 08:00,64.12,63.9,64.3,22,0.367
2025-12-31 09:00,64.13,63.9,64.3,24,0.4
2025-12-31 10:00,64.13,64.0,64.2,7,0.117
2025-12-31 11:00,64.06,63.8,64.2,35,0.583
2025-12-31 12:00,64.07,63.8,64.3,58,0.967
2025-12-31 13:00,64.05,63.8,64.3,48,0.8
2025-12-31 14:00,64.0,63.8,64.2,52,0.867
2025-12-31 15:00,63.98,63.8,64.2,53,0.883
2025-12-31 16:00,63.95,63.7,64.1,49,0.817
2025-12-31 17:00,63.93,63.7,64.2,44,0.733
2025-12-31 18:00,63.94,63.8,64.1,34,0.567
2025-12-31 19:00,63.91,63.6,64.1,44,0.733
2025-12-31 20:00,63.88,63.7,64.1,41,0.683
2025-12-31 21:00,63.84,63.6,64.0,41,0.683
2025-12-31 22:00,63.82,62.9,64.0,53,0.883
2025-12-31 23:00,63.81,63.6,64.0,42,0.7
2026-01-01 00:00,63.7,63.7,63.7,1,0.017
