time,value,min,max,n,coverage
2024-05-24 12:00,25.39,24.7,27.3,41,0.683
2024-05-24 13:00,25.06,24.9,25.3,60,1.0
2024-05-24 14:00,25.06,25.0,25.3,60,1.0
2024-05-24 15:00,25.07,25.0,25.3,60,1.0
2024-05-24 16:00,25.09,25.0,25.3,59,0.983
2024-05-24 17:00,25.19,25.1,25.3,60,1.0
2024-05-24 18:00,25.28,25.1,25.5,60,1.0
2024-05-24 19:00,25.29,25.2,25.5,60,1.0
2024-05-24 20:00,25.37,25.2,25.6,60,1.0
2024-05-24 21:00,25.3,25.2,25.5,59,0.983
2024-05-24 22:00,25.31,25.2,25.5,60,1.0
2024-05-24 23:00,25.38,25.2,25.5,60,1.0
2024-05-25 00:00,25.37,25.2,25.6,60,1.0
2024-05-25 01:00,25.38,25.3,25.6,45,0.75
2024-05-25 02:00,25.34,25.3,25.5,58,0.967
2024-05-25 03:00,25.31,25.2,25.4,59,0.983
2024-05-25 04:00,25.32,25.2,25.6,60,1.0
2024-05-25 05:00,25.35,25.2,25.5,60,1.0
2024-05-25 06:00,25.32,25.2,25.5,59,0.983
2024-05-25 07:00,25.27,25.2,25.4,60,1.0
2024-05-25 08:00,25.29,25.2,25.5,60,1.0
2024-05-25 09:00,25.31,25.2,25.5,56,0.933
2024-05-25 10:00,25.31,25.2,25.6,53,0.883
2024-05-25 11:00,25.36,25.2,25.5,58,0.967
2024-05-25 12:00,25.31,25.1,25.5,58,0.967
2024-05-25 13:00,25.18,25.1,25.3,60,1.0
2024-05-25 14:00,25.27,25.1,25.5,60,1.0
2024-05-25 15:00,25.21,25.1,25.4,60,1.0
2024-05-25 16:00,25.19,25.1,25.3,60,1.0
2024-05-25 17:00,25.22,25.1,25.4,60,1.0
2024-05-25 18:00,25.26,25.1,25.4,58,0.967
2024-05-25 19:00,25.21,25.1,25.3,60,1.0
2024-05-25 20:00,25.3,25.2,25.5,60,1.0
2024-05-25 21:00,25.33,25.2,25.5,60,1.0
2024-05-25 22:00,25.31,25.2,25.5,60,1.0
2024-05-25 23:00,25.26,25.1,25.5,59,0.983
2024-05-26 00:00,25.19,25.1,25.3,60,1.0
2024-05-26 01:00,25.18,25.1,25.3,58,0.967
2024-05-26 02:00,25.17,25.1,25.3,60,1.0
2024-05-26 03:00,25.17,25.1,25.4,60,1.0
2024-05-26 04:00,25.19,25.1,25.4,59,0.983
2024-05-26 05:00,25.2,25.1,25.4,60,1.0
2024-05-26 06:00,25.21,25.1,25.4,60,1.0
2024-05-26 07:00,25.19,25.1,25.5,60,1.0
2024-05-26 08:00,25.14,25.0,25.3,60,1.0
2024-05-26 09:00,25.19,25.1,25.4,60,1.0
2024-05-26 10:00,25.21,25.1,25.5,60,1.0
2024-05-26 11:00,25.15,25.1,25.3,60,1.0
2024-05-26 12:00,25.16,25.1,25.4,59,0.983
2024-05-26 13:00,25.14,25.1,25.2,54,0.9
2024-05-26 14:00,25.2,25.1,25.4,58,0.967
2024-05-26 15:00,25.24,25.1,25.4,45,0.75
2024-05-26 16:00,25.22,25.1,25.5,52,0.867
2024-05-26 17:00,25.21,25.1,25.4,48,0.8
2024-05-26 18:00,25.19,25.1,25.4,57,0.95
2024-05-26 19:00,25.18,25.1,25.4,60,1.0
2024-05-26 20:00,25.21,25.1,25.5,55,0.917
2024-05-26 21:00,25.28,25.1,25.7,58,0.967
2024-05-26 22:00,25.2,25.1,25.6,60,1.0
2024-05-26 23:00,25.17,25.1,25.3,60,1.0
2024-05-27 00:00,25.16,25.1,25.3,60,1.0
2024-05-27 01:00,25.15,25.1,25.3,60,1.0
2024-05-27 02:00,25.14,25.1,25.3,60,1.0
2024-05-27 03:00,25.14,25.1,25.3,60,1.0
2024-05-27 04:00,25.16,25.1,25.4,59,0.983
2024-05-27 05:00,25.18,25.1,25.4,60,1.0
2024-05-27 06:00,25.12,25.0,25.3,60,1.0
2024-05-27 07:00,25.18,25.0,25.3,59,0.983
2024-05-27 08:00,25.12,25.0,25.3,60,1.0
2024-05-27 09:00,25.18,25.0,25.4,60,1.0
2024-05-27 10:00,25.21,25.1,25.3,60,1.0
2024-05-27 11:00,25.21,25.1,25.4,60,1.0
2024-05-27 12:00,25.2,25.1,25.5,60,1.0
2024-05-27 13:00,25.15,25.1,25.4,60,1.0
2024-05-27 14:00,25.15,25.1,25.2,60,1.0
2024-05-27 15:00,25.16,25.1,25.4,60,1.0
2024-05-27 16:00,25.15,25.1,25.3,60,1.0
2024-05-27 17:00,25.18,25.1,25.3,60,1.0
2024-05-27 18:00,25.19,25.1,25.4,60,1.0
2024-05-27 19:00,25.17,25.1,25.3,60,1.0
2024-05-27 20:00,25.22,25.1,25.4,60,1.0
2024-05-27 21:00,25.26,25.1,25.4,60,1.0
2024-05-27 22:00,25.18,25.1,25.4,60,1.0
2024-05-27 23:00,25.17,25.1,25.4,60,1.0
2024-05-28 00:00,25.15,25.1,25.4,60,1.0
2024-05-28 01:00,25.12,25.0,25.3,60,1.0
2024-05-28 02:00,25.14,25.1,25.3,60,1.0
2024-05-28 03:00,25.14,25.0,25.3,60,1.0
2024-05-28 04:00,25.12,25.0,25.3,60,1.0
2024-05-28 05:00,25.11,25.0,25.3,60,1.0
2024-05-28 06:00,25.14,25.0,25.3,60,1.0
2024-05-28 07:00,25.14,25.0,25.3,60,1.0
2024-05-28 08:00,25.17,25.0,25.3,60,1.0
2024-05-28 09:00,25.14,25.0,25.4,60,1.0
2024-05-28 10:00,25.15,25.0,25.3,59,0.983
2024-05-28 11:00,25.14,25.0,25.4,60,1.0
2024-05-28 12:00,25.14,25.0,25.3,60,1.0
2024-05-28 13:00,25.15,25.0,25.6,59,0.983
2024-05-28 14:00,25.14,25.0,25.3,60,1.0
2024-05-28 15:00,25.17,25.0,25.4,60,1.0
2024-05-28 16:00,25.13,25.0,25.3,56,0.933
2024-05-28 17:00,25.16,25.1,25.4,48,0.8
2024-05-28 18:00,25.15,25.1,25.3,56,0.933
2024-05-28 19:00,25.13,25.1,25.3,60,1.0
2024-05-28 20:00,25.2,25.1,25.4,60,1.0
2024-05-28 21:00,25.22,25.1,25.3,60,1.0
2024-05-28 22:00,25.22,25.1,25.4,60,1.0
2024-05-28 23:00,25.16,25.0,25.3,60,1.0
2024-05-29 00:00,25.13,25.0,25.3,60,1.0
2024-05-29 01:00,25.06,25.0,25.2,60,1.0
2024-05-29 02:00,25.07,25.0,25.2,60,1.0
2024-05-29 03:00,25.05,25.0,25.2,60,1.0
2024-05-29 04:00,25.04,25.0,25.2,60,1.0
2024-05-29 05:00,25.02,24.9,25.1,60,1.0
2024-05-29 06:00,25.04,24.9,25.3,60,1.0
2024-05-29 07:00,25.04,24.9,25.3,60,1.0
2024-05-29 08:00,25.02,24.9,25.2,60,1.0
2024-05-29 09:00,24.99,24.9,25.1,60,1.0
2024-05-29 10:00,25.11,24.9,25.3,60,1.0
2024-05-29 11:00,25.1,24.9,25.3,49,0.817
2024-05-29 12:00,25.12,25.0,25.3,60,1.0
2024-05-29 13:00,25.11,25.0,25.2,60,1.0
2024-05-29 14:00,25.11,25.0,25.3,60,1.0
2024-05-29 15:00,25.12,25.0,25.3,60,1.0
2024-05-29 16:00,25.1,24.9,25.4,60,1.0
2024-05-29 17:00,25.11,24.9,25.3,60,1.0
2024-05-29 18:00,25.1,25.0,25.3,60,1.0
2024-05-29 19:00,25.1,24.9,25.4,60,1.0
2024-05-29 20:00,25.04,24.9,25.2,60,1.0
2024-05-29 21:00,25.03,24.9,25.2,60,1.0
2024-05-29 22:00,25.04,24.9,25.2,60,1.0
2024-05-29 23:00,25.04,24.9,25.2,60,1.0
2024-05-30 00:00,25.08,24.9,25.2,60,1.0
2024-05-30 01:00,25.02,24.9,25.2,60,1.0
2024-05-30 02:00,24.99,24.9,25.2,60,1.0
2024-05-30 03:00,24.96,24.8,25.1,60,1.0
2024-05-30 04:00,24.94,24.8,25.1,60,1.0
2024-05-30 05:00,24.92,24.8,25.1,60,1.0
2024-05-30 06:00,24.95,24.8,25.1,59,0.983
2024-05-30 07:00,24.96,24.8,25.2,60,1.0
2024-05-30 08:00,24.87,24.8,25.1,60,1.0
2024-05-30 09:00,24.84,24.8,25.0,53,0.883
2024-05-30 10:00,24.91,24.8,25.1,59,0.983
2024-05-30 11:00,24.98,24.9,25.2,45,0.75
2024-05-30 12:00,24.97,24.8,25.2,47,0.783
2024-05-30 13:00,25.0,24.9,25.2,60,1.0
2024-05-30 14:00,25.0,24.8,25.3,51,0.85
2024-05-30 15:00,24.96,24.8,25.1,57,0.95
2024-05-30 16:00,24.98,24.8,25.4,60,1.0
2024-05-30 17:00,24.95,24.8,25.1,55,0.917
2024-05-30 18:00,24.95,24.8,25.2,49,0.817
2024-05-30 19:00,25.0,24.8,25.3,60,1.0
2024-05-30 20:00,24.91,24.8,25.1,60,1.0
2024-05-30 21:00,24.86,24.8,25.1,59,0.983
2024-05-30 22:00,24.86,24.8,25.0,60,1.0
2024-05-30 23:00,24.85,24.8,25.0,59,0.983
2024-05-31 00:00,24.88,24.8,25.1,60,1.0
2024-05-31 01:00,24.88,24.8,25.0,60,1.0
2024-05-31 02:00,24.85,24.8,25.0,60,1.0
2024-05-31 03:00,24.88,24.7,25.1,60,1.0
2024-05-31 04:00,24.85,24.7,25.0,60,1.0
2024-05-31 05:00,24.83,24.7,25.0,60,1.0
2024-05-31 06:00,24.9,24.8,25.1,60,1.0
2024-05-31 07:00,24.89,24.7,25.0,59,0.983
2024-05-31 08:00,24.88,24.7,25.0,60,1.0
2024-05-31 09:00,24.87,24.7,25.1,59,0.983
2024-05-31 10:00,24.83,24.7,25.0,60,1.0
2024-05-31 11:00,24.86,24.7,25.0,60,1.0
2024-05-31 12:00,24.78,24.7,24.9,59,0.983
2024-05-31 13:00,24.94,24.8,25.1,58,0.967
2024-05-31 14:00,24.91,24.8,25.0,60,1.0
2024-05-31 15:00,24.89,24.8,25.1,59,0.983
2024-05-31 16:00,24.88,24.8,25.0,58,0.967
2024-05-31 17:00,24.91,24.8,25.0,59,0.983
2024-05-31 18:00,24.88,24.8,25.1,59,0.983
2024-05-31 19:00,24.88,24.8,25.1,58,0.967
2024-05-31 20:00,24.88,24.8,25.1,59,0.983
2024-05-31 21:00,24.88,24.8,25.1,60,1.0
2024-05-31 22:00,24.84,24.8,25.0,60,1.0
2024-05-31 23:00,24.84,24.8,25.0,59,0.983
2024-06-01 00:00,24.94,24.8,25.1,58,0.967
2024-06-01 01:00,24.86,24.8,25.0,60,1.0
2024-06-01 02:00,24.85,24.8,25.0,56,0.933
2024-06-01 03:00,24.86,24.8,25.0,58,0.967
2024-06-01 04:00,24.87,24.8,25.0,55,0.917
2024-06-01 05:00,24.84,24.8,24.9,34,0.567
2024-06-01 06:00,24.88,24.8,25.0,45,0.75
2024-06-01 07:00,24.88,24.7,25.1,60,1.0
2024-06-01 08:00,24.82,24.7,24.9,60,1.0
2024-06-01 09:00,24.82,24.7,25.1,60,1.0
2024-06-01 10:00,24.8,24.7,25.0,60,1.0
2024-06-01 11:00,24.85,24.7,25.0,60,1.0
2024-06-01 12:00,24.92,24.8,25.1,60,1.0
2024-06-01 13:00,24.93,24.8,25.1,59,0.983
2024-06-01 14:00,24.84,24.8,25.0,60,1.0
2024-06-01 15:00,24.84,24.7,25.0,60,1.0
2024-06-01 16:00,24.89,24.8,25.0,60,1.0
2024-06-01 17:00,24.89,24.8,25.1,60,1.0
2024-06-01 18:00,24.83,24.8,24.9,60,1.0
2024-06-01 19:00,24.84,24.8,25.0,60,1.0
2024-06-01 20:00,24.93,24.8,25.1,60,1.0
2024-06-01 21:00,24.91,24.8,25.0,60,1.0
2024-06-01 22:00,24.85,24.7,25.0,60,1.0
2024-06-01 23:00,24.81,24.7,25.0,60,1.0
2024-06-02 00:00,24.8,24.7,25.0,60,1.0
2024-06-02 01:00,24.79,24.7,25.0,60,1.0
2024-06-02 02:00,24.8,24.7,25.1,60,1.0
2024-06-02 03:00,24.75,24.7,24.9,53,0.883
2024-06-02 04:00,24.75,24.7,24.9,48,0.8
2024-06-02 05:00,24.73,24.7,24.8,60,1.0
2024-06-02 06:00,24.76,24.7,25.0,60,1.0
2024-06-02 07:00,24.76,24.7,25.0,60,1.0
2024-06-02 08:00,24.8,24.6,25.0,60,1.0
2024-06-02 09:00,24.74,24.6,24.9,60,1.0
2024-06-02 10:00,24.79,24.7,25.0,59,0.983
2024-06-02 11:00,24.84,24.7,25.2,60,1.0
2024-06-02 12:00,24.8,24.7,25.0,60,1.0
2024-06-02 13:00,24.78,24.7,24.9,58,0.967
2024-06-02 14:00,24.86,24.7,25.1,60,1.0
2024-06-02 15:00,24.87,24.7,25.0,59,0.983
2024-06-02 16:00,24.88,24.7,25.0,60,1.0
2024-06-02 17:00,24.87,24.7,25.0,55,0.917
2024-06-02 18:00,24.86,24.7,25.0,60,1.0
2024-06-02 19:00,24.8,24.7,25.0,60,1.0
2024-06-02 20:00,24.8,24.7,25.1,60,1.0
2024-06-02 21:00,24.82,24.7,25.0,60,1.0
2024-06-02 22:00,24.84,24.7,25.0,60,1.0
2024-06-02 23:00,24.76,24.7,24.9,60,1.0
2024-06-03 00:00,24.8,24.7,25.0,60,1.0
2024-06-03 01:00,24.84,24.7,25.0,60,1.0
2024-06-03 02:00,24.82,24.7,24.9,60,1.0
2024-06-03 03:00,24.77,24.6,24.9,53,0.883
2024-06-03 04:00,24.73,24.6,24.9,60,1.0
2024-06-03 05:00,24.74,24.6,24.9,60,1.0
2024-06-03 06:00,24.76,24.6,24.9,60,1.0
2024-06-03 07:00,24.68,24.6,24.8,60,1.0
2024-06-03 08:00,24.71,24.6,24.9,59,0.983
2024-06-03 09:00,24.66,24.6,24.9,59,0.983
2024-06-03 10:00,24.65,24.6,24.8,60,1.0
2024-06-03 11:00,24.69,24.6,24.8,60,1.0
2024-06-03 12:00,24.72,24.6,25.0,60,1.0
2024-06-03 13:00,24.69,24.6,25.0,60,1.0
2024-06-03 14:00,24.77,24.6,24.9,59,0.983
2024-06-03 15:00,24.77,24.6,24.9,58,0.967
2024-06-03 16:00,24.78,24.6,25.1,44,0.733
2024-06-03 17:00,24.68,24.6,24.8,60,1.0
2024-06-03 18:00,24.73,24.6,24.9,59,0.983
2024-06-03 19:00,24.64,24.6,24.8,60,1.0
2024-06-03 20:00,24.63,24.5,24.8,59,0.983
2024-06-03 21:00,24.64,24.6,24.8,59,0.983
2024-06-03 22:00,24.64,24.5,24.9,60,1.0
2024-06-03 23:00,24.7,24.6,24.9,59,0.983
2024-06-04 00:00,24.67,24.5,24.9,60,1.0
2024-06-04 01:00,24.63,24.5,24.7,60,1.0
2024-06-04 02:00,24.6,24.5,24.9,60,1.0
2024-06-04 03:00,24.59,24.5,24.7,60,1.0
2024-06-04 04:00,24.56,24.4,24.7,60,1.0
2024-06-04 05:00,24.48,24.4,24.6,60,1.0
2024-06-04 06:00,24.46,24.4,24.7,60,1.0
2024-06-04 07:00,24.46,24.3,24.7,60,1.0
2024-06-04 08:00,24.47,24.3,24.6,60,1.0
2024-06-04 09:00,24.43,24.3,24.7,60,1.0
2024-06-04 10:00,24.42,24.3,24.6,60,1.0
2024-06-04 11:00,24.44,24.4,24.6,60,1.0
2024-06-04 12:00,24.46,24.4,24.6,60,1.0
2024-06-04 13:00,24.49,24.4,24.7,59,0.983
2024-06-04 14:00,24.46,24.4,24.7,59,0.983
2024-06-04 15:00,24.48,24.4,24.6,60,1.0
2024-06-04 16:00,24.44,24.3,24.6,60,1.0
2024-06-04 17:00,24.44,24.3,24.6,60,1.0
2024-06-04 18:00,24.48,24.3,24.6,59,0.983
2024-06-04 19:00,24.38,24.3,24.5,59,0.983
2024-06-04 20:00,24.36,24.3,24.5,59,0.983
2024-06-04 21:00,24.34,24.3,24.5,59,0.983
2024-06-04 22:00,24.38,24.3,24.5,60,1.0
2024-06-04 23:00,24.41,24.3,24.5,60,1.0
2024-06-05 00:00,24.42,24.3,24.6,60,1.0
2024-06-05 01:00,24.39,24.2,24.5,60,1.0
2024-06-05 02:00,24.36,24.2,24.5,60,1.0
2024-06-05 03:00,24.38,24.3,24.5,60,1.0
2024-06-05 04:00,24.37,24.3,24.5,60,1.0
2024-06-05 05:00,24.34,24.2,24.5,60,1.0
2024-06-05 06:00,24.29,24.2,24.4,60,1.0
2024-06-05 07:00,24.28,24.2,24.5,60,1.0
2024-06-05 08:00,24.26,24.1,24.5,60,1.0
2024-06-05 09:00,24.22,24.1,24.4,60,1.0
2024-06-05 10:00,24.22,24.1,24.5,60,1.0
2024-06-05 11:00,24.31,24.2,24.5,60,1.0
2024-06-05 12:00,24.28,24.1,24.6,60,1.0
2024-06-05 13:00,24.26,24.1,24.4,60,1.0
2024-06-05 14:00,24.29,24.1,24.5,60,1.0
2024-06-05 15:00,24.29,24.1,24.4,60,1.0
2024-06-05 16:00,24.27,24.1,24.5,60,1.0
2024-06-05 17:00,24.25,24.1,24.4,60,1.0
2024-06-05 18:00,24.2,24.1,24.3,60,1.0
2024-06-05 19:00,24.25,24.1,24.4,60,1.0
2024-06-05 20:00,24.31,24.1,24.4,60,1.0
2024-06-05 21:00,24.22,24.1,24.4,60,1.0
2024-06-05 22:00,24.18,24.1,24.3,60,1.0
2024-06-05 23:00,24.17,24.1,24.3,60,1.0
2024-06-06 00:00,24.14,24.1,24.2,60,1.0
2024-06-06 01:00,24.13,24.1,24.3,60,1.0
2024-06-06 02:00,24.12,24.0,24.2,59,0.983
2024-06-06 03:00,24.13,24.0,24.3,50,0.833
2024-06-06 04:00,24.12,24.0,24.3,53,0.883
2024-06-06 05:00,24.17,24.0,24.3,45,0.75
2024-06-06 06:00,24.12,24.0,24.5,48,0.8
2024-06-06 07:00,24.12,24.0,24.3,55,0.917
2024-06-06 08:00,24.08,24.0,24.3,49,0.817
2024-06-06 09:00,24.11,24.0,24.3,50,0.833
2024-06-06 10:00,24.15,24.0,24.3,52,0.867
2024-06-06 11:00,24.13,24.0,24.5,58,0.967
2024-06-06 12:00,24.12,24.0,24.3,49,0.817
2024-06-06 13:00,24.16,24.0,24.4,58,0.967
2024-06-06 14:00,24.14,24.0,24.3,60,1.0
2024-06-06 15:00,24.12,24.0,24.3,60,1.0
2024-06-06 16:00,24.12,24.0,24.3,60,1.0
2024-06-06 17:00,24.17,24.1,24.3,60,1.0
2024-06-06 18:00,24.12,24.0,24.3,60,1.0
2024-06-06 19:00,24.13,24.0,24.4,60,1.0
2024-06-06 20:00,24.1,24.0,24.2,60,1.0
2024-06-06 21:00,24.15,24.0,24.3,60,1.0
2024-06-06 22:00,24.2,24.1,24.3,60,1.0
2024-06-06 23:00,24.12,24.0,24.3,59,0.983
2024-06-07 00:00,24.06,24.0,24.3,60,1.0
2024-06-07 01:00,24.03,24.0,24.2,60,1.0
2024-06-07 02:00,24.02,23.9,24.3,60,1.0
2024-06-07 03:00,24.02,23.9,24.1,60,1.0
2024-06-07 04:00,24.01,23.9,24.1,60,1.0
2024-06-07 05:00,24.0,23.9,24.1,60,1.0
2024-06-07 06:00,23.99,23.9,24.3,60,1.0
2024-06-07 07:00,23.97,23.9,24.2,60,1.0
2024-06-07 08:00,23.96,23.9,24.2,60,1.0
2024-06-07 09:00,23.96,23.9,24.3,60,1.0
2024-06-07 10:00,24.0,23.9,24.2,60,1.0
2024-06-07 11:00,24.02,23.9,24.2,60,1.0
2024-06-07 12:00,23.98,23.9,24.2,60,1.0
2024-06-07 13:00,23.95,23.9,24.1,60,1.0
2024-06-07 14:00,23.96,23.9,24.1,60,1.0
2024-06-07 15:00,23.92,23.9,24.0,59,0.983
2024-06-07 16:00,23.93,23.8,24.1,60,1.0
2024-06-07 17:00,23.98,23.9,24.3,60,1.0
2024-06-07 18:00,23.97,23.9,24.1,60,1.0
2024-06-07 19:00,23.94,23.9,24.2,60,1.0
2024-06-07 20:00,23.96,23.9,24.1,60,1.0
2024-06-07 21:00,23.98,23.9,24.2,60,1.0
2024-06-07 22:00,24.04,23.9,24.2,59,0.983
2024-06-07 23:00,23.99,23.9,24.1,60,1.0
2024-06-08 00:00,23.94,23.9,24.1,60,1.0
2024-06-08 01:00,23.93,23.8,24.1,60,1.0
2024-06-08 02:00,23.88,23.8,24.0,60,1.0
2024-06-08 03:00,23.86,23.8,24.0,59,0.983
2024-06-08 04:00,23.86,23.8,23.9,56,0.933
2024-06-08 05:00,23.86,23.8,24.1,50,0.833
2024-06-08 06:00,23.92,23.8,24.1,52,0.867
2024-06-08 07:00,23.9,23.8,24.1,59,0.983
2024-06-08 08:00,23.91,23.8,24.0,52,0.867
2024-06-08 09:00,23.83,23.8,24.1,58,0.967
2024-06-08 10:00,23.86,23.8,24.1,60,1.0
2024-06-08 11:00,23.93,23.8,24.0,60,1.0
2024-06-08 12:00,23.97,23.8,24.2,60,1.0
2024-06-08 13:00,23.98,23.8,24.1,60,1.0
2024-06-08 14:00,23.96,23.8,24.2,60,1.0
2024-06-08 15:00,23.96,23.8,24.1,60,1.0
2024-06-08 16:00,23.98,23.8,24.1,60,1.0
2024-06-08 17:00,23.98,23.8,24.2,60,1.0
2024-06-08 18:00,23.99,23.9,24.1,60,1.0
2024-06-08 19:00,23.98,23.8,24.3,60,1.0
2024-06-08 20:00,23.91,23.8,24.1,60,1.0
2024-06-08 21:00,23.89,23.8,24.1,60,1.0
2024-06-08 22:00,23.9,23.8,24.0,60,1.0
2024-06-08 23:00,23.91,23.8,24.1,60,1.0
2024-06-09 00:00,23.94,23.8,24.1,60,1.0
2024-06-09 01:00,23.96,23.8,24.1,60,1.0
2024-06-09 02:00,23.94,23.8,24.1,60,1.0
2024-06-09 03:00,23.93,23.8,24.0,60,1.0
2024-06-09 04:00,23.92,23.8,24.1,60,1.0
2024-06-09 05:00,23.89,23.8,24.0,60,1.0
2024-06-09 06:00,23.85,23.7,24.0,60,1.0
2024-06-09 07:00,23.83,23.7,24.0,60,1.0
2024-06-09 08:00,23.83,23.7,24.1,60,1.0
2024-06-09 09:00,23.84,23.7,24.0,60,1.0
2024-06-09 10:00,23.84,23.7,24.0,59,0.983
2024-06-09 11:00,23.82,23.7,24.0,58,0.967
2024-06-09 12:00,23.84,23.7,24.0,60,1.0
2024-06-09 13:00,23.84,23.8,24.0,60,1.0
2024-06-09 14:00,23.91,23.8,24.1,60,1.0
2024-06-09 15:00,23.9,23.8,24.0,58,0.967
2024-06-09 16:00,23.87,23.8,24.0,57,0.95
2024-06-09 17:00,23.86,23.8,24.0,60,1.0
2024-06-09 18:00,23.87,23.8,24.0,59,0.983
2024-06-09 19:00,23.96,23.8,24.2,60,1.0
2024-06-09 20:00,23.97,23.8,24.3,60,1.0
2024-06-09 21:00,23.88,23.8,24.0,60,1.0
2024-06-09 22:00,23.86,23.8,24.1,51,0.85
2024-06-09 23:00,23.85,23.7,24.0,53,0.883
2024-06-10 00:00,23.87,23.7,24.0,60,1.0
2024-06-10 01:00,23.82,23.7,24.0,60,1.0
2024-06-10 02:00,23.8,23.7,23.9,60,1.0
2024-06-10 03:00,23.77,23.7,23.9,60,1.0
2024-06-10 04:00,23.8,23.7,24.0,60,1.0
2024-06-10 05:00,23.79,23.7,24.0,59,0.983
2024-06-10 06:00,23.75,23.7,23.9,60,1.0
2024-06-10 07:00,23.76,23.7,23.9,60,1.0
2024-06-10 08:00,23.76,23.6,23.9,60,1.0
2024-06-10 09:00,23.77,23.6,23.9,60,1.0
2024-06-10 10:00,23.78,23.6,23.9,60,1.0
2024-06-10 11:00,23.73,23.6,23.9,60,1.0
2024-06-10 12:00,23.67,23.6,23.9,60,1.0
2024-06-10 13:00,23.69,23.6,23.9,60,1.0
2024-06-10 14:00,23.79,23.7,23.9,60,1.0
2024-06-10 15:00,23.77,23.6,23.9,60,1.0
2024-06-10 16:00,23.72,23.6,23.9,60,1.0
2024-06-10 17:00,23.76,23.6,23.9,59,0.983
2024-06-10 18:00,23.8,23.7,23.9,60,1.0
2024-06-10 19:00,23.77,23.6,23.9,60,1.0
2024-06-10 20:00,23.72,23.6,23.9,60,1.0
2024-06-10 21:00,23.72,23.6,23.9,60,1.0
2024-06-10 22:00,23.69,23.6,23.8,60,1.0
2024-06-10 23:00,23.69,23.6,23.8,60,1.0
2024-06-11 00:00,23.68,23.6,23.9,60,1.0
2024-06-11 01:00,23.71,23.6,23.9,60,1.0
2024-06-11 02:00,23.76,23.6,23.9,52,0.867
2024-06-11 03:00,23.76,23.6,23.9,59,0.983
2024-06-11 04:00,23.76,23.6,24.1,60,1.0
2024-06-11 05:00,23.72,23.6,23.9,59,0.983
2024-06-11 06:00,23.69,23.5,23.9,60,1.0
2024-06-11 07:00,23.66,23.5,23.8,60,1.0
2024-06-11 08:00,23.58,23.5,23.8,59,0.983
2024-06-11 09:00,23.61,23.5,23.8,60,1.0
2024-06-11 10:00,23.61,23.5,23.8,60,1.0
2024-06-11 11:00,23.58,23.5,23.7,60,1.0
2024-06-11 12:00,23.58,23.5,23.8,60,1.0
2024-06-11 13:00,23.57,23.5,23.7,60,1.0
2024-06-11 14:00,23.59,23.5,23.8,60,1.0
2024-06-11 15:00,23.58,23.5,23.9,60,1.0
2024-06-11 16:00,23.57,23.5,23.7,60,1.0
2024-06-11 17:00,23.59,23.5,23.7,57,0.95
2024-06-11 18:00,23.63,23.5,23.8,43,0.717
2024-06-11 19:00,23.64,23.5,23.8,55,0.917
2024-06-11 20:00,23.7,23.6,23.8,58,0.967
2024-06-11 21:00,23.64,23.5,23.8,60,1.0
2024-06-11 22:00,23.61,23.5,23.8,60,1.0
2024-06-11 23:00,23.58,23.5,23.9,60,1.0
2024-06-12 00:00,23.56,23.5,23.7,60,1.0
2024-06-12 01:00,23.54,23.5,23.6,60,1.0
2024-06-12 02:00,23.54,23.5,23.7,59,0.983
2024-06-12 03:00,23.52,23.4,23.7,60,1.0
2024-06-12 04:00,23.5,23.4,23.6,60,1.0
2024-06-12 05:00,23.49,23.4,23.6,59,0.983
2024-06-12 06:00,23.51,23.4,23.7,60,1.0
2024-06-12 07:00,23.5,23.4,23.7,60,1.0
2024-06-12 08:00,23.51,23.4,23.7,60,1.0
2024-06-12 09:00,23.47,23.4,23.6,60,1.0
2024-06-12 10:00,23.47,23.4,23.6,60,1.0
2024-06-12 11:00,23.5,23.4,23.7,60,1.0
2024-06-12 12:00,23.51,23.4,23.7,60,1.0
2024-06-12 13:00,23.51,23.4,23.6,60,1.0
2024-06-12 14:00,23.5,23.4,23.7,60,1.0
2024-06-12 15:00,23.49,23.4,23.6,60,1.0
2024-06-12 16:00,23.52,23.4,23.7,60,1.0
2024-06-12 17:00,23.55,23.4,23.7,60,1.0
2024-06-12 18:00,23.55,23.4,23.7,60,1.0
2024-06-12 19:00,23.51,23.4,23.6,60,1.0
2024-06-12 20:00,23.5,23.4,23.7,60,1.0
2024-06-12 21:00,23.49,23.4,23.6,60,1.0
2024-06-12 22:00,23.53,23.4,23.6,60,1.0
2024-06-12 23:00,23.54,23.4,23.7,60,1.0
2024-06-13 00:00,23.47,23.4,23.8,59,0.983
2024-06-13 01:00,23.41,23.3,23.5,60,1.0
2024-06-13 02:00,23.39,23.3,23.5,59,0.983
2024-06-13 03:00,23.36,23.3,23.5,60,1.0
2024-06-13 04:00,23.34,23.3,23.6,60,1.0
2024-06-13 05:00,23.33,23.3,23.5,60,1.0
2024-06-13 06:00,23.37,23.3,23.6,46,0.767
2024-06-13 07:00,23.33,23.2,23.6,54,0.9
2024-06-13 08:00,23.31,23.2,23.5,50,0.833
2024-06-13 09:00,23.27,23.2,23.6,51,0.85
2024-06-13 10:00,23.35,23.2,23.5,60,1.0
2024-06-13 11:00,23.3,23.2,23.4,60,1.0
2024-06-13 12:00,23.34,23.2,23.5,60,1.0
2024-06-13 13:00,23.33,23.2,23.6,60,1.0
2024-06-13 14:00,23.37,23.2,23.5,59,0.983
2024-06-13 15:00,23.36,23.2,23.5,58,0.967
2024-06-13 16:00,23.34,23.2,23.4,59,0.983
2024-06-13 17:00,23.33,23.2,23.5,60,1.0
2024-06-13 18:00,23.25,23.2,23.5,60,1.0
2024-06-13 19:00,23.25,23.2,23.4,59,0.983
2024-06-13 20:00,23.26,23.1,23.4,58,0.967
2024-06-13 21:00,23.32,23.2,23.4,60,1.0
2024-06-13 22:00,23.29,23.1,23.6,59,0.983
2024-06-13 23:00,23.24,23.1,23.4,60,1.0
2024-06-14 00:00,23.25,23.1,23.4,60,1.0
2024-06-14 01:00,23.19,23.1,23.3,34,0.567
2024-06-14 08:00,22.97,22.9,23.2,17,0.283
2024-06-14 09:00,23.02,22.9,23.3,60,1.0
2024-06-14 10:00,22.94,22.9,23.1,60,1.0
2024-06-14 11:00,22.95,22.9,23.1,60,1.0
2024-06-14 12:00,22.95,22.9,23.1,60,1.0
2024-06-14 13:00,22.98,22.9,23.1,60,1.0
2024-06-14 14:00,22.94,22.9,23.0,60,1.0
2024-06-14 15:00,22.94,22.9,23.2,60,1.0
2024-06-14 16:00,22.94,22.9,23.1,60,1.0
2024-06-14 17:00,22.92,22.9,23.0,60,1.0
2024-06-14 18:00,22.96,22.9,23.2,59,0.983
2024-06-14 19:00,23.02,22.9,23.2,59,0.983
2024-06-14 20:00,22.99,22.9,23.1,60,1.0
2024-06-14 21:00,22.96,22.8,23.1,60,1.0
2024-06-14 22:00,22.9,22.8,23.0,60,1.0
2024-06-14 23:00,22.87,22.8,23.0,60,1.0
2024-06-15 00:00,22.85,22.7,22.9,60,1.0
2024-06-15 01:00,22.84,22.8,23.0,59,0.983
2024-06-15 02:00,22.86,22.7,23.0,43,0.717
2024-06-15 03:00,22.87,22.7,23.0,58,0.967
2024-06-15 04:00,22.88,22.8,23.2,57,0.95
2024-06-15 05:00,22.87,22.8,23.2,60,1.0
2024-06-15 06:00,22.83,22.7,23.0,60,1.0
2024-06-15 07:00,22.76,22.6,23.0,60,1.0
2024-06-15 08:00,22.7,22.6,22.8,60,1.0
2024-06-15 09:00,22.74,22.6,22.9,60,1.0
2024-06-15 10:00,22.7,22.6,22.9,60,1.0
2024-06-15 11:00,22.7,22.6,22.8,60,1.0
2024-06-15 12:00,22.71,22.6,22.8,60,1.0
2024-06-15 13:00,22.7,22.6,22.8,60,1.0
2024-06-15 14:00,22.71,22.6,22.8,60,1.0
2024-06-15 15:00,22.7,22.6,22.9,60,1.0
2024-06-15 16:00,22.7,22.6,22.8,60,1.0
2024-06-15 17:00,22.71,22.6,22.9,60,1.0
2024-06-15 18:00,22.7,22.6,22.9,60,1.0
2024-06-15 19:00,22.71,22.6,22.8,60,1.0
2024-06-15 20:00,22.71,22.6,22.9,60,1.0
2024-06-15 21:00,22.79,22.7,22.9,60,1.0
2024-06-15 22:00,22.78,22.6,22.9,60,1.0
2024-06-15 23:00,22.72,22.6,23.0,60,1.0
2024-06-16 00:00,22.66,22.6,22.8,60,1.0
2024-06-16 01:00,22.65,22.6,22.7,60,1.0
2024-06-16 02:00,22.64,22.6,22.8,60,1.0
2024-06-16 03:00,22.61,22.5,22.8,60,1.0
2024-06-16 04:00,22.63,22.5,22.7,60,1.0
2024-06-16 05:00,22.61,22.5,22.7,59,0.983
2024-06-16 06:00,22.62,22.5,22.8,60,1.0
2024-06-16 07:00,22.6,22.5,22.8,60,1.0
2024-06-16 08:00,22.58,22.5,22.8,60,1.0
2024-06-16 09:00,22.52,22.5,22.7,60,1.0
2024-06-16 10:00,22.55,22.5,22.7,60,1.0
2024-06-16 11:00,22.6,22.4,22.8,60,1.0
2024-06-16 12:00,22.62,22.5,22.8,60,1.0
2024-06-16 13:00,22.63,22.5,22.8,60,1.0
2024-06-16 14:00,22.64,22.5,22.8,60,1.0
2024-06-16 15:00,22.61,22.5,22.8,60,1.0
2024-06-16 16:00,22.6,22.5,22.8,60,1.0
2024-06-16 17:00,22.61,22.5,22.9,60,1.0
2024-06-16 18:00,22.57,22.5,22.7,60,1.0
2024-06-16 19:00,22.6,22.5,22.7,60,1.0
2024-06-16 20:00,22.59,22.5,22.7,60,1.0
2024-06-16 21:00,22.57,22.5,22.8,60,1.0
2024-06-16 22:00,22.59,22.5,22.8,59,0.983
2024-06-16 23:00,22.64,22.5,22.8,60,1.0
2024-06-17 00:00,22.65,22.5,22.8,52,0.867
2024-06-17 01:00,22.65,22.5,22.8,51,0.85
2024-06-17 02:00,22.64,22.5,22.8,60,1.0
2024-06-17 03:00,22.62,22.5,22.8,60,1.0
2024-06-17 04:00,22.64,22.5,22.8,60,1.0
2024-06-17 05:00,22.61,22.5,22.7,60,1.0
2024-06-17 06:00,22.58,22.5,22.8,60,1.0
2024-06-17 07:00,22.55,22.4,22.7,59,0.983
2024-06-17 08:00,22.52,22.4,22.8,60,1.0
2024-06-17 09:00,22.46,22.4,22.5,59,0.983
2024-06-17 10:00,22.48,22.4,22.6,60,1.0
2024-06-17 11:00,22.48,22.4,22.6,59,0.983
2024-06-17 12:00,22.52,22.4,22.7,60,1.0
2024-06-17 13:00,22.52,22.4,22.7,60,1.0
2024-06-17 14:00,22.54,22.5,22.7,60,1.0
2024-06-17 15:00,22.59,22.5,22.8,60,1.0
2024-06-17 16:00,22.59,22.5,22.7,60,1.0
2024-06-17 17:00,22.61,22.5,22.7,60,1.0
2024-06-17 18:00,22.62,22.5,22.8,59,0.983
2024-06-17 19:00,22.58,22.5,22.7,60,1.0
2024-06-17 20:00,22.53,22.5,22.7,59,0.983
2024-06-17 21:00,22.52,22.5,22.7,60,1.0
2024-06-17 22:00,22.57,22.5,22.7,60,1.0
2024-06-17 23:00,22.6,22.4,22.7,60,1.0
2024-06-18 00:00,22.6,22.5,22.7,59,0.983
2024-06-18 01:00,22.61,22.5,22.7,59,0.983
2024-06-18 02:00,22.61,22.5,22.8,60,1.0
2024-06-18 03:00,22.58,22.4,22.7,60,1.0
2024-06-18 04:00,22.55,22.4,22.7,60,1.0
2024-06-18 05:00,22.51,22.4,22.7,60,1.0
2024-06-18 06:00,22.51,22.4,22.7,60,1.0
2024-06-18 07:00,22.48,22.4,22.7,60,1.0
2024-06-18 08:00,22.43,22.3,22.6,60,1.0
2024-06-18 09:00,22.46,22.3,22.6,60,1.0
2024-06-18 10:00,22.49,22.4,22.9,60,1.0
2024-06-18 11:00,22.47,22.3,22.6,60,1.0
2024-06-18 12:00,22.43,22.3,22.6,60,1.0
2024-06-18 13:00,22.44,22.4,22.7,60,1.0
2024-06-18 14:00,22.49,22.4,22.6,60,1.0
2024-06-18 15:00,22.51,22.4,22.6,60,1.0
2024-06-18 16:00,22.5,22.4,22.6,60,1.0
2024-06-18 17:00,22.46,22.4,22.6,60,1.0
2024-06-18 18:00,22.47,22.4,22.7,49,0.817
2024-06-18 19:00,22.5,22.4,22.6,57,0.95
2024-06-18 20:00,22.54,22.4,22.8,60,1.0
2024-06-18 21:00,22.48,22.4,22.6,60,1.0
2024-06-18 22:00,22.44,22.4,22.5,59,0.983
2024-06-18 23:00,22.43,22.4,22.5,60,1.0
2024-06-19 00:00,22.44,22.4,22.6,52,0.867
2024-06-19 01:00,22.45,22.3,22.6,58,0.967
2024-06-19 02:00,22.41,22.3,22.5,59,0.983
2024-06-19 03:00,22.39,22.3,22.5,51,0.85
2024-06-19 04:00,22.44,22.3,22.8,57,0.95
2024-06-19 05:00,22.41,22.3,22.6,53,0.883
2024-06-19 06:00,22.4,22.3,22.5,60,1.0
2024-06-19 07:00,22.38,22.3,22.6,60,1.0
2024-06-19 08:00,22.32,22.2,22.5,59,0.983
2024-06-19 09:00,22.29,22.2,22.5,60,1.0
2024-06-19 10:00,22.29,22.2,22.4,60,1.0
2024-06-19 11:00,22.32,22.2,22.4,60,1.0
2024-06-19 12:00,22.38,22.2,22.6,60,1.0
2024-06-19 13:00,22.39,22.3,22.5,60,1.0
2024-06-19 14:00,22.4,22.3,22.6,60,1.0
2024-06-19 15:00,22.38,22.3,22.5,60,1.0
2024-06-19 16:00,22.4,22.3,22.7,60,1.0
2024-06-19 17:00,22.45,22.3,22.5,60,1.0
2024-06-19 18:00,22.42,22.3,22.7,60,1.0
2024-06-19 19:00,22.37,22.3,22.5,60,1.0
2024-06-19 20:00,22.42,22.3,22.6,60,1.0
2024-06-19 21:00,22.5,22.4,22.6,60,1.0
2024-06-19 22:00,22.46,22.3,22.6,59,0.983
2024-06-19 23:00,22.4,22.3,22.5,60,1.0
2024-06-20 00:00,22.36,22.3,22.5,60,1.0
2024-06-20 01:00,22.33,22.3,22.4,60,1.0
2024-06-20 02:00,22.32,22.3,22.5,58,0.967
2024-06-20 03:00,22.32,22.2,22.4,60,1.0
2024-06-20 04:00,22.31,22.2,22.4,60,1.0
2024-06-20 05:00,22.32,22.2,22.5,60,1.0
2024-06-20 06:00,22.35,22.2,22.5,60,1.0
2024-06-20 07:00,22.31,22.2,22.5,60,1.0
2024-06-20 08:00,22.26,22.1,22.4,60,1.0
2024-06-20 09:00,22.23,22.1,22.4,60,1.0
2024-06-20 10:00,22.22,22.1,22.4,60,1.0
2024-06-20 11:00,22.24,22.2,22.4,60,1.0
2024-06-20 12:00,22.29,22.2,22.4,60,1.0
2024-06-20 13:00,22.3,22.2,22.5,60,1.0
2024-06-20 14:00,22.31,22.2,22.5,60,1.0
2024-06-20 15:00,22.3,22.2,22.5,60,1.0
2024-06-20 16:00,22.3,22.2,22.5,60,1.0
2024-06-20 17:00,22.36,22.2,22.6,60,1.0
2024-06-20 18:00,22.4,22.3,22.5,60,1.0
2024-06-20 19:00,22.36,22.2,22.5,60,1.0
2024-06-20 20:00,22.33,22.3,22.4,60,1.0
2024-06-20 21:00,22.38,22.2,22.6,57,0.95
2024-06-20 22:00,22.43,22.3,22.5,59,0.983
2024-06-20 23:00,22.42,22.3,22.5,60,1.0
2024-06-21 00:00,22.38,22.2,22.5,56,0.933
2024-06-21 01:00,22.35,22.2,22.5,48,0.8
2024-06-21 02:00,22.31,22.2,22.5,60,1.0
2024-06-21 03:00,22.29,22.2,22.4,51,0.85
2024-06-21 04:00,22.26,22.2,22.4,48,0.8
2024-06-21 05:00,22.23,22.2,22.4,58,0.967
2024-06-21 06:00,22.3,22.2,22.6,60,1.0
2024-06-21 07:00,22.28,22.1,22.4,60,1.0
2024-06-21 08:00,22.24,22.1,22.4,59,0.983
2024-06-21 09:00,22.17,22.1,22.3,60,1.0
2024-06-21 10:00,22.18,22.1,22.3,60,1.0
2024-06-21 11:00,22.2,22.1,22.3,60,1.0
2024-06-21 12:00,22.17,22.1,22.3,59,0.983
2024-06-21 13:00,22.18,22.1,22.4,60,1.0
2024-06-21 14:00,22.22,22.1,22.5,60,1.0
2024-06-21 15:00,22.24,22.1,22.4,60,1.0
2024-06-21 16:00,22.31,22.2,22.5,60,1.0
2024-06-21 17:00,22.3,22.2,22.5,60,1.0
2024-06-21 18:00,22.34,22.2,22.5,35,0.583
2024-06-21 19:00,22.27,22.2,22.4,59,0.983
2024-06-21 20:00,22.27,22.2,22.4,60,1.0
2024-06-21 21:00,22.31,22.2,22.4,60,1.0
2024-06-21 22:00,22.33,22.2,22.5,60,1.0
2024-06-21 23:00,22.32,22.2,22.5,60,1.0
2024-06-22 00:00,22.26,22.2,22.4,60,1.0
2024-06-22 01:00,22.25,22.2,22.4,60,1.0
2024-06-22 02:00,22.24,22.2,22.4,60,1.0
2024-06-22 03:00,22.2,22.1,22.3,60,1.0
2024-06-22 04:00,22.21,22.1,22.5,60,1.0
2024-06-22 05:00,22.2,22.1,22.3,60,1.0
2024-06-22 06:00,22.24,22.1,22.4,60,1.0
2024-06-22 07:00,22.21,22.1,22.4,60,1.0
2024-06-22 08:00,22.21,22.1,22.5,60,1.0
2024-06-22 09:00,22.17,22.1,22.3,60,1.0
2024-06-22 10:00,22.17,22.1,22.3,60,1.0
2024-06-22 11:00,22.2,22.1,22.3,60,1.0
2024-06-22 12:00,22.19,22.1,22.4,60,1.0
2024-06-22 13:00,22.15,22.0,22.5,60,1.0
2024-06-22 14:00,22.14,22.0,22.5,59,0.983
2024-06-22 15:00,22.13,22.0,22.3,44,0.733
2024-06-22 16:00,22.13,22.0,22.3,58,0.967
2024-06-22 17:00,22.14,22.0,22.3,60,1.0
2024-06-22 18:00,22.13,22.1,22.2,53,0.883
2024-06-22 19:00,22.19,22.1,22.4,52,0.867
2024-06-22 20:00,22.2,22.1,22.3,60,1.0
2024-06-22 21:00,22.12,22.0,22.3,60,1.0
2024-06-22 22:00,22.1,22.0,22.4,52,0.867
2024-06-22 23:00,22.09,22.0,22.3,55,0.917
2024-06-23 00:00,22.09,22.0,22.2,59,0.983
2024-06-23 01:00,22.09,22.0,22.2,33,0.55
2024-06-23 18:00,21.95,21.8,22.1,32,0.533
2024-06-23 19:00,22.01,21.9,22.1,60,1.0
2024-06-23 20:00,21.99,21.9,22.2,60,1.0
2024-06-23 21:00,21.92,21.8,22.1,60,1.0
2024-06-23 22:00,21.91,21.8,22.0,60,1.0
2024-06-23 23:00,21.88,21.8,22.0,60,1.0
2024-06-24 00:00,21.86,21.8,22.1,60,1.0
2024-06-24 01:00,21.86,21.8,22.0,60,1.0
2024-06-24 02:00,21.84,21.8,22.0,60,1.0
2024-06-24 03:00,21.86,21.8,22.1,60,1.0
2024-06-24 04:00,21.9,21.8,22.0,60,1.0
2024-06-24 05:00,21.87,21.7,22.2,60,1.0
2024-06-24 06:00,21.8,21.7,21.9,60,1.0
2024-06-24 07:00,21.8,21.7,22.2,60,1.0
2024-06-24 08:00,21.8,21.6,21.9,60,1.0
2024-06-24 09:00,21.74,21.6,21.9,60,1.0
2024-06-24 10:00,21.79,21.6,22.0,59,0.983
2024-06-24 11:00,21.78,21.7,21.9,60,1.0
2024-06-24 12:00,21.75,21.7,21.9,60,1.0
2024-06-24 13:00,21.73,21.7,21.8,54,0.9
2024-06-24 14:00,21.76,21.7,22.0,52,0.867
2024-06-24 15:00,21.77,21.7,21.9,60,1.0
2024-06-24 16:00,21.78,21.7,22.0,60,1.0
2024-06-24 17:00,21.78,21.7,21.9,60,1.0
2024-06-24 18:00,21.83,21.7,22.0,60,1.0
2024-06-24 19:00,21.9,21.8,22.0,60,1.0
2024-06-24 20:00,21.9,21.8,22.1,60,1.0
2024-06-24 21:00,21.86,21.8,22.0,60,1.0
2024-06-24 22:00,21.84,21.7,22.1,60,1.0
2024-06-24 23:00,21.8,21.7,22.0,60,1.0
2024-06-25 00:00,21.78,21.7,21.9,60,1.0
2024-06-25 01:00,21.78,21.7,21.9,60,1.0
2024-06-25 02:00,21.79,21.7,21.9,60,1.0
2024-06-25 03:00,21.81,21.7,22.0,60,1.0
2024-06-25 04:00,21.85,21.7,22.0,60,1.0
2024-06-25 05:00,21.86,21.7,22.0,60,1.0
2024-06-25 06:00,21.81,21.7,22.2,60,1.0
2024-06-25 07:00,21.8,21.7,22.0,60,1.0
2024-06-25 08:00,21.79,21.7,22.0,60,1.0
2024-06-25 09:00,21.8,21.7,22.0,60,1.0
2024-06-25 10:00,21.75,21.7,21.9,60,1.0
2024-06-25 11:00,22.05,21.8,22.4,60,1.0
2024-06-25 12:00,22.44,22.2,22.7,60,1.0
2024-06-25 13:00,22.61,22.5,22.8,60,1.0
2024-06-25 14:00,22.65,22.5,22.9,58,0.967
2024-06-25 15:00,22.61,22.5,23.0,59,0.983
2024-06-25 16:00,22.63,22.5,22.8,58,0.967
2024-06-25 17:00,22.74,22.6,22.9,60,1.0
2024-06-25 18:00,22.7,22.5,22.9,60,1.0
2024-06-25 19:00,22.66,22.5,22.9,60,1.0
2024-06-25 20:00,22.61,22.5,22.8,59,0.983
2024-06-25 21:00,22.58,22.5,22.7,33,0.55
2024-06-26 01:00,22.6,22.6,22.6,1,0.017
2024-06-26 02:00,22.5,22.5,22.5,1,0.017
2024-06-26 03:00,22.5,22.4,22.6,9,0.15
2024-06-26 04:00,22.5,22.5,22.5,6,0.1
2024-06-26 06:00,22.39,22.3,22.5,8,0.133
2024-06-26 07:00,22.29,22.2,22.4,33,0.55
2024-06-26 08:00,22.16,21.9,22.3,59,0.983
2024-06-26 09:00,22.05,22.0,22.2,60,1.0
2024-06-26 10:00,22.04,22.0,22.2,60,1.0
2024-06-26 11:00,22.06,22.0,22.2,60,1.0
2024-06-26 12:00,22.09,22.0,22.3,60,1.0
2024-06-26 13:00,22.09,22.0,22.2,60,1.0
2024-06-26 14:00,22.06,21.9,22.2,57,0.95
2024-06-26 15:00,22.11,22.0,22.4,46,0.767
2024-06-26 16:00,22.12,22.0,22.3,48,0.8
2024-06-26 17:00,22.17,22.0,22.3,48,0.8
2024-06-26 18:00,22.12,22.0,22.3,49,0.817
2024-06-26 19:00,22.14,22.0,22.3,52,0.867
2024-06-26 20:00,22.17,22.0,22.3,58,0.967
2024-06-26 21:00,22.19,22.1,22.3,60,1.0
2024-06-26 22:00,22.12,22.0,22.3,51,0.85
2024-06-26 23:00,22.12,22.0,22.3,60,1.0
2024-06-27 00:00,22.1,22.0,22.3,60,1.0
2024-06-27 01:00,22.08,22.0,22.2,60,1.0
2024-06-27 02:00,22.08,22.0,22.2,60,1.0
2024-06-27 03:00,22.07,22.0,22.4,60,1.0
2024-06-27 04:00,22.07,22.0,22.2,60,1.0
2024-06-27 05:00,22.11,22.0,22.2,56,0.933
2024-06-27 06:00,22.08,22.0,22.2,49,0.817
2024-06-27 07:00,22.04,21.9,22.2,60,1.0
2024-06-27 08:00,22.03,21.9,22.2,60,1.0
2024-06-27 09:00,22.1,22.0,22.3,60,1.0
2024-06-27 10:00,22.08,22.0,22.2,60,1.0
2024-06-27 11:00,22.08,21.9,22.2,59,0.983
2024-06-27 12:00,22.08,22.0,22.2,58,0.967
2024-06-27 13:00,22.09,22.0,22.2,58,0.967
2024-06-27 14:00,22.08,21.9,22.2,60,1.0
2024-06-27 15:00,22.06,22.0,22.3,60,1.0
2024-06-27 16:00,22.1,22.0,22.3,60,1.0
2024-06-27 17:00,22.12,22.0,22.2,60,1.0
2024-06-27 18:00,22.1,22.0,22.2,60,1.0
2024-06-27 19:00,22.11,22.0,22.2,60,1.0
2024-06-27 20:00,22.13,22.0,22.3,59,0.983
2024-06-27 21:00,22.19,22.1,22.3,60,1.0
2024-06-27 22:00,22.18,22.1,22.3,60,1.0
2024-06-27 23:00,22.13,22.0,22.3,58,0.967
2024-06-28 00:00,22.09,22.0,22.4,60,1.0
2024-06-28 01:00,22.08,22.0,22.2,59,0.983
2024-06-28 02:00,22.07,22.0,22.2,58,0.967
2024-06-28 03:00,22.05,22.0,22.2,57,0.95
2024-06-28 04:00,22.05,22.0,22.2,58,0.967
2024-06-28 05:00,22.04,22.0,22.2,60,1.0
2024-06-28 06:00,22.05,22.0,22.2,60,1.0
2024-06-28 07:00,22.07,22.0,22.2,60,1.0
2024-06-28 08:00,22.04,22.0,22.2,60,1.0
2024-06-28 09:00,22.07,22.0,22.2,59,0.983
2024-06-28 10:00,22.07,22.0,22.2,60,1.0
2024-06-28 11:00,22.11,22.0,22.2,60,1.0
2024-06-28 12:00,22.14,22.1,22.3,60,1.0
2024-06-28 13:00,22.17,22.0,22.3,60,1.0
2024-06-28 14:00,22.19,22.1,22.5,60,1.0
2024-06-28 15:00,22.17,22.1,22.3,60,1.0
2024-06-28 16:00,22.2,22.1,22.4,59,0.983
2024-06-28 17:00,22.22,22.1,22.4,60,1.0
2024-06-28 18:00,22.27,22.2,22.4,60,1.0
2024-06-28 19:00,22.33,22.2,22.4,57,0.95
2024-06-28 20:00,22.33,22.2,22.5,59,0.983
2024-06-28 21:00,22.26,22.2,22.4,58,0.967
2024-06-28 22:00,22.26,22.2,22.4,58,0.967
2024-06-28 23:00,22.27,22.2,22.5,59,0.983
2024-06-29 00:00,22.32,22.1,22.5,58,0.967
2024-06-29 01:00,22.32,22.2,22.4,57,0.95
2024-06-29 02:00,22.31,22.2,22.4,59,0.983
2024-06-29 03:00,22.28,22.2,22.5,57,0.95
2024-06-29 04:00,22.26,22.1,22.4,55,0.917
2024-06-29 05:00,22.22,22.1,22.4,57,0.95
2024-06-29 06:00,22.24,22.1,22.4,44,0.733
2024-06-29 07:00,22.19,22.1,22.4,58,0.967
2024-06-29 08:00,22.19,22.1,22.4,60,1.0
2024-06-29 09:00,22.26,22.1,22.4,60,1.0
2024-06-29 10:00,22.31,22.2,22.4,60,1.0
2024-06-29 11:00,22.32,22.2,22.5,59,0.983
2024-06-29 12:00,22.31,22.2,22.5,57,0.95
2024-06-29 13:00,22.32,22.2,22.5,57,0.95
2024-06-29 14:00,22.33,22.2,22.6,56,0.933
2024-06-29 15:00,22.37,22.3,22.5,57,0.95
2024-06-29 16:00,22.44,22.3,22.6,49,0.817
2024-06-29 17:00,22.47,22.3,22.6,59,0.983
2024-06-29 18:00,22.49,22.4,22.6,58,0.967
2024-06-29 19:00,22.43,22.3,22.6,59,0.983
2024-06-29 20:00,22.43,22.3,22.8,59,0.983
2024-06-29 21:00,22.49,22.4,22.6,59,0.983
2024-06-29 22:00,22.51,22.4,22.7,59,0.983
2024-06-29 23:00,22.45,22.3,22.6,57,0.95
2024-06-30 00:00,22.4,22.3,22.5,60,1.0
2024-06-30 01:00,22.42,22.3,22.6,55,0.917
2024-06-30 02:00,22.42,22.3,22.6,56,0.933
2024-06-30 03:00,22.41,22.3,22.5,55,0.917
2024-06-30 04:00,22.43,22.3,22.6,51,0.85
2024-06-30 05:00,22.45,22.3,22.6,56,0.933
2024-06-30 06:00,22.38,22.3,22.5,54,0.9
2024-06-30 07:00,22.41,22.3,22.8,58,0.967
2024-06-30 08:00,22.35,22.2,22.5,57,0.95
2024-06-30 09:00,22.42,22.3,22.5,60,1.0
2024-06-30 10:00,22.46,22.3,22.7,60,1.0
2024-06-30 11:00,22.42,22.3,22.6,60,1.0
2024-06-30 12:00,22.44,22.3,22.7,60,1.0
2024-06-30 13:00,22.42,22.3,22.5,60,1.0
2024-06-30 14:00,22.42,22.4,22.5,60,1.0
2024-06-30 15:00,22.43,22.4,22.6,60,1.0
2024-06-30 16:00,22.44,22.3,22.6,60,1.0
2024-06-30 17:00,22.46,22.4,22.6,53,0.883
2024-06-30 18:00,22.45,22.4,22.5,53,0.883
2024-06-30 19:00,22.5,22.4,22.7,57,0.95
2024-06-30 20:00,22.54,22.4,22.9,55,0.917
2024-06-30 21:00,22.46,22.4,22.7,52,0.867
2024-06-30 22:00,22.45,22.4,22.6,43,0.717
2024-06-30 23:00,22.5,22.4,22.6,45,0.75
2024-07-01 00:00,22.48,22.4,22.6,53,0.883
2024-07-01 01:00,22.47,22.4,22.6,47,0.783
2024-07-01 02:00,22.48,22.3,22.7,59,0.983
2024-07-01 03:00,22.5,22.4,22.6,54,0.9
2024-07-01 04:00,22.46,22.3,22.6,54,0.9
2024-07-01 05:00,22.48,22.4,22.6,57,0.95
2024-07-01 06:00,22.4,22.3,22.6,54,0.9
2024-07-01 07:00,22.37,22.3,22.5,58,0.967
2024-07-01 08:00,22.38,22.3,22.5,60,1.0
2024-07-01 09:00,22.38,22.3,22.5,58,0.967
2024-07-01 10:00,22.37,22.3,22.6,59,0.983
2024-07-01 11:00,22.45,22.3,22.6,57,0.95
2024-07-01 12:00,22.39,22.3,22.5,57,0.95
2024-07-01 13:00,22.4,22.3,22.6,60,1.0
2024-07-01 14:00,22.42,22.3,22.6,57,0.95
2024-07-01 15:00,22.42,22.3,22.5,60,1.0
2024-07-01 16:00,22.42,22.4,22.5,58,0.967
2024-07-01 17:00,22.42,22.4,22.6,60,1.0
2024-07-01 18:00,22.44,22.4,22.5,60,1.0
2024-07-01 19:00,22.45,22.4,22.6,60,1.0
2024-07-01 20:00,22.52,22.4,22.6,52,0.867
2024-07-01 21:00,22.52,22.4,22.7,56,0.933
2024-07-01 22:00,22.47,22.4,22.7,56,0.933
2024-07-01 23:00,22.45,22.4,22.8,56,0.933
2024-07-02 00:00,22.44,22.4,22.6,57,0.95
2024-07-02 01:00,22.52,22.4,22.7,60,1.0
2024-07-02 02:00,22.47,22.3,22.6,55,0.917
2024-07-02 03:00,22.4,22.3,22.5,41,0.683
2024-07-02 04:00,22.4,22.3,22.6,42,0.7
2024-07-02 08:00,22.5,22.4,22.8,19,0.317
2024-07-02 09:00,22.42,22.3,22.6,60,1.0
2024-07-02 10:00,22.43,22.3,22.6,60,1.0
2024-07-02 11:00,22.48,22.4,22.7,59,0.983
2024-07-02 12:00,22.48,22.3,22.6,50,0.833
2024-07-02 13:00,22.43,22.3,22.6,60,1.0
2024-07-02 14:00,22.45,22.3,22.6,60,1.0
2024-07-02 15:00,22.5,22.4,22.6,60,1.0
2024-07-02 16:00,22.51,22.4,22.8,60,1.0
2024-07-02 17:00,22.43,22.3,22.6,60,1.0
2024-07-02 18:00,22.42,22.3,22.7,60,1.0
2024-07-02 19:00,22.43,22.3,22.7,59,0.983
2024-07-02 20:00,22.46,22.4,22.8,60,1.0
2024-07-02 21:00,22.51,22.4,22.8,56,0.933
2024-07-02 22:00,22.49,22.4,22.9,58,0.967
2024-07-02 23:00,22.48,22.4,22.6,53,0.883
2024-07-03 00:00,22.48,22.3,22.6,60,1.0
2024-07-03 01:00,22.43,22.3,22.6,59,0.983
2024-07-03 02:00,22.36,22.3,22.5,60,1.0
2024-07-03 03:00,22.36,22.3,22.5,59,0.983
2024-07-03 04:00,22.37,22.3,22.5,60,1.0
2024-07-03 05:00,22.38,22.3,22.5,60,1.0
2024-07-03 06:00,22.37,22.3,22.5,57,0.95
2024-07-03 07:00,22.36,22.3,22.5,56,0.933
2024-07-03 08:00,22.32,22.2,22.5,58,0.967
2024-07-03 09:00,22.36,22.2,22.5,60,1.0
2024-07-03 10:00,22.34,22.2,22.5,59,0.983
2024-07-03 11:00,22.32,22.2,22.5,59,0.983
2024-07-03 12:00,22.31,22.2,22.6,60,1.0
2024-07-03 13:00,22.32,22.2,22.6,56,0.933
2024-07-03 14:00,22.35,22.3,22.5,60,1.0
2024-07-03 15:00,22.38,22.3,23.0,60,1.0
2024-07-03 16:00,23.05,22.8,23.3,60,1.0
2024-07-03 17:00,23.25,22.9,23.6,60,1.0
2024-07-03 18:00,23.37,23.2,23.6,56,0.933
2024-07-03 19:00,23.23,23.1,23.4,52,0.867
2024-07-03 20:00,23.2,23.1,23.4,59,0.983
2024-07-03 21:00,23.17,23.0,23.3,55,0.917
2024-07-03 22:00,23.12,22.9,23.3,58,0.967
2024-07-03 23:00,23.07,22.9,23.3,59,0.983
2024-07-04 00:00,22.99,22.9,23.2,57,0.95
2024-07-04 01:00,22.91,22.7,23.1,60,1.0
2024-07-04 02:00,22.86,22.7,23.0,60,1.0
2024-07-04 03:00,22.81,22.6,23.0,59,0.983
2024-07-04 04:00,22.79,22.6,22.9,59,0.983
2024-07-04 05:00,22.77,22.6,23.0,59,0.983
2024-07-04 06:00,22.72,22.6,22.9,60,1.0
2024-07-04 07:00,22.6,22.4,22.8,56,0.933
2024-07-04 08:00,22.47,22.4,22.9,59,0.983
2024-07-04 09:00,22.5,22.4,22.7,60,1.0
2024-07-04 10:00,22.45,22.4,22.6,58,0.967
2024-07-04 11:00,22.45,22.4,22.6,60,1.0
2024-07-04 12:00,22.46,22.4,22.6,60,1.0
2024-07-04 13:00,22.48,22.4,22.6,60,1.0
2024-07-04 14:00,22.47,22.4,22.6,59,0.983
2024-07-04 15:00,22.49,22.4,22.7,60,1.0
2024-07-04 16:00,22.5,22.4,22.7,60,1.0
2024-07-04 17:00,22.53,22.4,22.8,60,1.0
2024-07-04 18:00,22.56,22.4,22.7,60,1.0
2024-07-04 19:00,22.61,22.5,22.7,60,1.0
2024-07-04 20:00,22.58,22.5,22.7,60,1.0
2024-07-04 21:00,22.53,22.5,22.8,60,1.0
2024-07-04 22:00,22.52,22.4,22.6,60,1.0
2024-07-04 23:00,22.52,22.4,22.6,60,1.0
2024-07-05 00:00,22.53,22.5,22.6,60,1.0
2024-07-05 01:00,22.55,22.4,22.7,60,1.0
2024-07-05 02:00,22.56,22.4,22.7,60,1.0
2024-07-05 03:00,22.57,22.5,22.7,59,0.983
2024-07-05 04:00,22.56,22.4,22.7,59,0.983
2024-07-05 05:00,22.52,22.4,22.7,59,0.983
2024-07-05 06:00,22.51,22.4,22.6,60,1.0
2024-07-05 07:00,22.5,22.4,22.6,59,0.983
2024-07-05 08:00,22.41,22.3,22.6,60,1.0
2024-07-05 09:00,22.49,22.4,22.6,59,0.983
2024-07-05 10:00,22.49,22.4,22.6,60,1.0
2024-07-05 11:00,22.46,22.4,22.6,58,0.967
2024-07-05 12:00,22.49,22.4,22.6,58,0.967
2024-07-05 13:00,22.45,22.4,22.6,59,0.983
2024-07-05 14:00,22.47,22.4,22.6,60,1.0
2024-07-05 15:00,22.46,22.4,22.6,60,1.0
2024-07-05 16:00,22.47,22.4,22.6,60,1.0
2024-07-05 17:00,22.49,22.4,22.6,59,0.983
2024-07-05 18:00,22.51,22.4,22.6,60,1.0
2024-07-05 19:00,22.55,22.4,22.7,56,0.933
2024-07-05 20:00,22.61,22.5,22.8,46,0.767
2024-07-05 21:00,22.6,22.4,22.7,56,0.933
2024-07-05 22:00,22.52,22.4,22.9,60,1.0
2024-07-05 23:00,22.5,22.4,22.6,60,1.0
2024-07-06 00:00,22.49,22.4,22.6,59,0.983
2024-07-06 01:00,22.49,22.4,22.6,56,0.933
2024-07-06 02:00,22.49,22.4,22.7,59,0.983
2024-07-06 03:00,22.47,22.4,22.6,56,0.933
2024-07-06 04:00,22.47,22.4,22.7,60,1.0
2024-07-06 05:00,22.52,22.4,22.7,60,1.0
2024-07-06 06:00,22.48,22.4,22.6,60,1.0
2024-07-06 07:00,22.46,22.4,22.6,58,0.967
2024-07-06 08:00,22.44,22.3,22.6,60,1.0
2024-07-06 09:00,22.48,22.4,22.6,59,0.983
2024-07-06 10:00,22.58,22.5,22.7,44,0.733
2024-07-06 11:00,22.59,22.5,22.7,58,0.967
2024-07-06 12:00,22.58,22.5,22.7,54,0.9
2024-07-06 13:00,22.56,22.4,22.7,44,0.733
2024-07-06 14:00,22.58,22.5,22.8,56,0.933
2024-07-06 15:00,22.57,22.5,22.7,60,1.0
2024-07-06 16:00,22.58,22.5,22.8,60,1.0
2024-07-06 17:00,22.59,22.5,22.7,59,0.983
2024-07-06 18:00,22.52,22.5,22.6,59,0.983
2024-07-06 19:00,22.57,22.5,22.7,60,1.0
2024-07-06 20:00,22.63,22.5,22.7,60,1.0
2024-07-06 21:00,22.63,22.5,22.9,60,1.0
2024-07-06 22:00,22.58,22.5,22.7,60,1.0
2024-07-06 23:00,22.54,22.4,22.8,60,1.0
2024-07-07 00:00,22.51,22.4,22.8,60,1.0
2024-07-07 01:00,22.49,22.4,22.6,60,1.0
2024-07-07 02:00,22.48,22.4,22.7,60,1.0
2024-07-07 03:00,22.46,22.4,22.9,60,1.0
2024-07-07 04:00,22.46,22.4,22.6,59,0.983
2024-07-07 05:00,22.44,22.4,22.8,59,0.983
2024-07-07 06:00,22.48,22.4,22.7,60,1.0
2024-07-07 07:00,22.5,22.4,22.7,60,1.0
2024-07-07 08:00,22.49,22.4,22.7,59,0.983
2024-07-07 09:00,22.44,22.4,22.6,60,1.0
2024-07-07 10:00,22.44,22.4,22.6,57,0.95
2024-07-07 11:00,22.45,22.4,22.6,60,1.0
2024-07-07 12:00,22.49,22.4,22.6,58,0.967
2024-07-07 13:00,22.47,22.4,22.6,58,0.967
2024-07-07 14:00,22.49,22.4,22.6,58,0.967
2024-07-07 15:00,22.49,22.4,22.6,60,1.0
2024-07-07 16:00,22.52,22.4,22.8,60,1.0
2024-07-07 17:00,22.6,22.5,22.8,59,0.983
2024-07-07 18:00,22.61,22.5,22.7,59,0.983
2024-07-07 19:00,22.55,22.5,22.6,49,0.817
2024-07-07 20:00,22.54,22.5,22.6,57,0.95
2024-07-07 21:00,22.58,22.5,22.8,60,1.0
2024-07-07 22:00,22.62,22.5,22.7,60,1.0
2024-07-07 23:00,22.65,22.5,22.9,57,0.95
2024-07-08 00:00,22.6,22.5,22.7,60,1.0
2024-07-08 01:00,22.55,22.4,22.7,60,1.0
2024-07-08 02:00,22.53,22.4,22.7,60,1.0
2024-07-08 03:00,22.49,22.4,22.6,60,1.0
2024-07-08 04:00,22.46,22.4,22.6,60,1.0
2024-07-08 05:00,22.46,22.4,22.6,59,0.983
2024-07-08 06:00,22.49,22.4,22.7,58,0.967
2024-07-08 07:00,22.5,22.4,22.8,60,1.0
2024-07-08 08:00,22.48,22.4,22.6,60,1.0
2024-07-08 09:00,22.5,22.4,22.7,59,0.983
2024-07-08 10:00,22.49,22.4,22.6,54,0.9
2024-07-08 11:00,22.57,22.5,22.8,49,0.817
2024-07-08 12:00,22.56,22.5,22.7,56,0.933
2024-07-08 13:00,22.6,22.5,22.7,54,0.9
2024-07-08 14:00,22.65,22.5,22.8,55,0.917
2024-07-08 15:00,22.66,22.5,22.8,59,0.983
2024-07-08 16:00,22.66,22.5,22.9,59,0.983
2024-07-08 17:00,22.67,22.5,22.9,60,1.0
2024-07-08 18:00,22.7,22.6,23.0,59,0.983
2024-07-08 19:00,22.62,22.5,22.7,59,0.983
2024-07-08 20:00,22.61,22.5,22.8,60,1.0
2024-07-08 21:00,22.62,22.5,22.7,60,1.0
2024-07-08 22:00,22.66,22.5,22.8,59,0.983
2024-07-08 23:00,22.68,22.5,22.8,60,1.0
2024-07-09 00:00,22.62,22.5,22.7,60,1.0
2024-07-09 01:00,22.58,22.5,22.9,59,0.983
2024-07-09 02:00,22.57,22.5,22.7,60,1.0
2024-07-09 03:00,22.54,22.5,22.6,60,1.0
2024-07-09 04:00,22.53,22.5,22.7,59,0.983
2024-07-09 05:00,22.56,22.4,22.7,59,0.983
2024-07-09 06:00,22.56,22.5,22.7,60,1.0
2024-07-09 07:00,22.57,22.4,22.7,54,0.9
2024-07-09 08:00,22.55,22.4,22.7,48,0.8
2024-07-09 09:00,22.54,22.4,22.7,47,0.783
2024-07-09 10:00,22.54,22.5,22.7,54,0.9
2024-07-09 11:00,22.64,22.5,22.8,54,0.9
2024-07-09 12:00,22.69,22.6,22.8,56,0.933
2024-07-09 13:00,22.62,22.6,22.8,55,0.917
2024-07-09 14:00,22.64,22.6,22.8,59,0.983
2024-07-09 15:00,22.73,22.6,22.9,58,0.967
2024-07-09 16:00,22.73,22.6,22.9,59,0.983
2024-07-09 17:00,22.66,22.6,22.8,60,1.0
2024-07-09 18:00,22.71,22.6,22.9,59,0.983
2024-07-09 19:00,22.78,22.7,22.9,56,0.933
2024-07-09 20:00,22.74,22.6,22.8,47,0.783
2024-07-09 21:00,22.69,22.6,22.8,56,0.933
2024-07-09 22:00,22.69,22.6,22.9,52,0.867
2024-07-09 23:00,22.68,22.6,23.0,58,0.967
2024-07-10 00:00,22.68,22.6,22.9,59,0.983
2024-07-10 01:00,22.72,22.6,22.9,59,0.983
2024-07-10 02:00,22.72,22.6,22.9,58,0.967
2024-07-10 03:00,22.72,22.6,22.8,58,0.967
2024-07-10 04:00,22.72,22.6,22.9,57,0.95
2024-07-10 05:00,22.7,22.6,22.8,54,0.9
2024-07-10 06:00,22.66,22.5,22.9,53,0.883
2024-07-10 07:00,22.67,22.5,22.8,59,0.983
2024-07-10 08:00,22.58,22.5,22.7,59,0.983
2024-07-10 09:00,22.66,22.5,22.8,57,0.95
2024-07-10 10:00,22.63,22.5,22.8,56,0.933
2024-07-10 11:00,22.63,22.6,22.7,55,0.917
2024-07-10 12:00,22.66,22.6,22.9,55,0.917
2024-07-10 13:00,22.68,22.6,22.8,56,0.933
2024-07-10 14:00,22.77,22.6,23.0,55,0.917
2024-07-10 15:00,22.7,22.6,22.8,60,1.0
2024-07-10 16:00,22.71,22.6,22.8,58,0.967
2024-07-10 17:00,22.72,22.7,22.9,60,1.0
2024-07-10 18:00,22.74,22.7,22.9,59,0.983
2024-07-10 19:00,22.82,22.7,23.0,59,0.983
2024-07-10 20:00,22.83,22.7,22.9,59,0.983
2024-07-10 21:00,22.77,22.7,23.1,60,1.0
2024-07-10 22:00,22.71,22.6,22.9,59,0.983
2024-07-10 23:00,22.72,22.6,22.8,60,1.0
2024-07-11 00:00,22.72,22.7,22.9,60,1.0
2024-07-11 01:00,22.76,22.7,23.0,60,1.0
2024-07-11 02:00,22.79,22.7,23.0,60,1.0
2024-07-11 03:00,22.78,22.7,22.8,60,1.0
2024-07-11 04:00,22.75,22.7,22.9,60,1.0
2024-07-11 05:00,22.75,22.6,22.9,60,1.0
2024-07-11 06:00,22.68,22.6,22.9,60,1.0
2024-07-11 07:00,22.69,22.6,22.8,47,0.783
2024-07-11 08:00,22.63,22.6,22.8,49,0.817
2024-07-11 09:00,22.71,22.5,23.1,56,0.933
2024-07-11 10:00,22.68,22.6,22.9,60,1.0
2024-07-11 11:00,22.68,22.6,22.9,53,0.883
2024-07-11 12:00,22.68,22.6,22.9,50,0.833
2024-07-11 13:00,22.69,22.6,22.8,54,0.9
2024-07-11 14:00,22.7,22.6,22.8,56,0.933
2024-07-11 15:00,22.73,22.6,23.0,59,0.983
2024-07-11 16:00,22.74,22.6,22.9,59,0.983
2024-07-11 17:00,22.73,22.7,22.9,58,0.967
2024-07-11 18:00,22.73,22.7,22.9,60,1.0
2024-07-11 19:00,22.79,22.7,23.0,60,1.0
2024-07-11 20:00,22.83,22.7,22.9,59,0.983
2024-07-11 21:00,22.76,22.7,22.9,59,0.983
2024-07-11 22:00,22.72,22.6,22.8,60,1.0
2024-07-11 23:00,22.71,22.7,22.8,59,0.983
2024-07-12 00:00,22.72,22.6,22.9,59,0.983
2024-07-12 01:00,22.76,22.6,22.9,58,0.967
2024-07-12 02:00,22.76,22.6,22.9,60,1.0
2024-07-12 03:00,22.76,22.6,22.9,60,1.0
2024-07-12 04:00,22.74,22.6,22.9,59,0.983
2024-07-12 05:00,22.73,22.6,22.9,60,1.0
2024-07-12 06:00,22.66,22.5,22.8,60,1.0
2024-07-12 07:00,22.66,22.6,22.9,56,0.933
2024-07-12 08:00,22.61,22.5,22.7,48,0.8
2024-07-12 09:00,22.66,22.5,22.8,52,0.867
2024-07-12 10:00,22.68,22.6,22.8,53,0.883
2024-07-12 11:00,22.71,22.5,22.9,52,0.867
2024-07-12 12:00,22.74,22.6,22.9,49,0.817
2024-07-12 13:00,22.73,22.6,22.9,50,0.833
2024-07-12 14:00,22.7,22.6,22.8,55,0.917
2024-07-12 15:00,22.67,22.6,22.8,54,0.9
2024-07-12 16:00,22.69,22.6,23.0,59,0.983
2024-07-12 17:00,22.69,22.6,22.8,58,0.967
2024-07-12 18:00,22.68,22.6,22.9,59,0.983
2024-07-12 19:00,22.76,22.7,23.1,59,0.983
2024-07-12 20:00,22.72,22.6,22.8,49,0.817
2024-07-12 21:00,22.64,22.6,22.8,57,0.95
2024-07-12 22:00,22.64,22.6,22.8,57,0.95
2024-07-12 23:00,22.63,22.5,22.8,55,0.917
2024-07-13 00:00,22.65,22.5,22.8,58,0.967
2024-07-13 01:00,22.67,22.5,22.8,60,1.0
2024-07-13 02:00,22.67,22.6,22.8,60,1.0
2024-07-13 03:00,22.64,22.5,22.7,59,0.983
2024-07-13 04:00,22.62,22.5,22.7,57,0.95
2024-07-13 05:00,22.57,22.5,22.7,60,1.0
2024-07-13 06:00,22.57,22.4,22.7,60,1.0
2024-07-13 07:00,22.5,22.4,22.7,59,0.983
2024-07-13 08:00,22.49,22.4,22.6,53,0.883
2024-07-13 09:00,22.51,22.4,22.7,52,0.867
2024-07-13 10:00,22.57,22.4,22.7,48,0.8
2024-07-13 11:00,22.52,22.4,22.6,49,0.817
2024-07-13 12:00,22.55,22.5,22.7,43,0.717
2024-07-13 13:00,22.56,22.5,22.7,43,0.717
2024-07-13 14:00,22.59,22.5,22.9,56,0.933
2024-07-13 15:00,22.55,22.5,22.8,57,0.95
2024-07-13 16:00,22.55,22.5,22.6,58,0.967
2024-07-13 17:00,22.58,22.5,22.7,60,1.0
2024-07-13 18:00,22.56,22.5,22.7,60,1.0
2024-07-13 19:00,23.17,22.5,23.4,60,1.0
2024-07-13 20:00,23.28,23.2,23.4,60,1.0
2024-07-13 21:00,23.2,23.1,23.3,60,1.0
2024-07-13 22:00,23.14,23.1,23.3,60,1.0
2024-07-13 23:00,23.13,23.0,23.2,59,0.983
2024-07-14 00:00,23.13,23.0,23.2,60,1.0
2024-07-14 01:00,23.14,23.0,23.3,60,1.0
2024-07-14 02:00,23.16,23.0,23.3,60,1.0
2024-07-14 03:00,23.16,23.0,23.3,58,0.967
2024-07-14 04:00,23.13,23.0,23.3,59,0.983
2024-07-14 05:00,23.12,22.9,23.3,60,1.0
2024-07-14 06:00,23.08,22.9,23.2,58,0.967
2024-07-14 07:00,23.04,22.9,23.2,60,1.0
2024-07-14 08:00,23.04,22.9,23.2,60,1.0
2024-07-14 09:00,23.03,22.9,23.2,59,0.983
2024-07-14 10:00,23.1,22.9,23.3,60,1.0
2024-07-14 11:00,23.07,22.9,23.2,60,1.0
2024-07-14 12:00,23.11,23.0,23.2,60,1.0
2024-07-14 13:00,23.1,23.0,23.3,60,1.0
2024-07-14 14:00,23.06,22.9,23.3,59,0.983
2024-07-14 15:00,23.12,23.0,23.3,57,0.95
2024-07-14 16:00,23.11,22.9,23.2,60,1.0
2024-07-14 17:00,23.11,23.0,23.3,60,1.0
2024-07-14 18:00,23.09,23.0,23.2,60,1.0
2024-07-14 19:00,23.13,23.0,23.3,60,1.0
2024-07-14 20:00,23.17,23.0,23.3,60,1.0
2024-07-14 21:00,23.18,23.0,23.3,60,1.0
2024-07-14 22:00,23.11,23.0,23.3,60,1.0
2024-07-14 23:00,23.07,23.0,23.2,60,1.0
2024-07-15 00:00,23.04,22.9,23.2,60,1.0
2024-07-15 01:00,23.03,22.9,23.2,59,0.983
2024-07-15 02:00,23.03,22.9,23.3,56,0.933
2024-07-15 03:00,23.0,22.9,23.2,48,0.8
2024-07-15 04:00,22.98,22.9,23.2,57,0.95
2024-07-15 05:00,22.99,22.9,23.2,60,1.0
2024-07-15 06:00,22.99,22.9,23.2,59,0.983
2024-07-15 07:00,22.99,22.9,23.1,55,0.917
2024-07-15 08:00,22.99,22.9,23.1,59,0.983
2024-07-15 09:00,22.94,22.8,23.1,60,1.0
2024-07-15 10:00,22.98,22.9,23.2,60,1.0
2024-07-15 11:00,23.03,22.9,23.2,60,1.0
2024-07-15 12:00,23.08,22.9,23.2,59,0.983
2024-07-15 13:00,23.11,23.0,23.3,60,1.0
2024-07-15 14:00,23.13,23.0,23.4,46,0.767
2024-07-15 15:00,23.1,23.0,23.2,54,0.9
2024-07-15 16:00,23.14,23.0,23.3,59,0.983
2024-07-15 17:00,23.13,23.0,23.2,50,0.833
2024-07-15 18:00,23.03,22.9,23.2,43,0.717
2024-07-15 19:00,23.02,22.9,23.1,31,0.517
2024-07-15 20:00,23.12,23.0,23.2,41,0.683
2024-07-15 21:00,23.11,23.0,23.3,59,0.983
2024-07-15 22:00,23.02,22.9,23.2,56,0.933
2024-07-15 23:00,23.04,22.9,23.3,54,0.9
2024-07-16 00:00,22.98,22.9,23.2,55,0.917
2024-07-16 01:00,22.95,22.9,23.0,57,0.95
2024-07-16 02:00,22.94,22.9,23.1,48,0.8
2024-07-16 03:00,22.92,22.8,23.0,47,0.783
2024-07-16 04:00,22.92,22.8,23.2,60,1.0
2024-07-16 05:00,22.92,22.8,23.3,59,0.983
2024-07-16 06:00,22.91,22.8,23.1,60,1.0
2024-07-16 07:00,22.95,22.8,23.1,60,1.0
2024-07-16 08:00,22.91,22.8,23.1,60,1.0
2024-07-16 09:00,22.84,22.8,23.1,60,1.0
2024-07-16 10:00,22.92,22.8,23.1,60,1.0
2024-07-16 11:00,22.97,22.9,23.1,59,0.983
2024-07-16 12:00,22.98,22.8,23.1,60,1.0
2024-07-16 13:00,23.01,22.9,23.2,59,0.983
2024-07-16 14:00,23.0,22.9,23.1,60,1.0
2024-07-16 15:00,23.02,22.9,23.2,60,1.0
2024-07-16 16:00,23.03,22.9,23.2,60,1.0
2024-07-16 17:00,23.05,22.9,23.2,60,1.0
2024-07-16 18:00,23.0,22.9,23.2,60,1.0
2024-07-16 19:00,22.95,22.9,23.1,60,1.0
2024-07-16 20:00,23.0,22.9,23.2,60,1.0
2024-07-16 21:00,23.04,22.9,23.2,60,1.0
2024-07-16 22:00,23.01,22.9,23.2,60,1.0
2024-07-16 23:00,22.94,22.8,23.2,60,1.0
2024-07-17 00:00,22.88,22.8,23.0,60,1.0
2024-07-17 01:00,22.86,22.8,22.9,60,1.0
2024-07-17 02:00,22.86,22.7,23.0,60,1.0
2024-07-17 03:00,22.86,22.7,23.0,60,1.0
2024-07-17 04:00,22.83,22.7,23.1,60,1.0
2024-07-17 05:00,22.81,22.7,23.0,60,1.0
2024-07-17 06:00,22.79,22.7,23.0,60,1.0
2024-07-17 07:00,22.82,22.7,23.1,60,1.0
2024-07-17 08:00,22.77,22.6,22.9,58,0.967
2024-07-17 09:00,22.71,22.6,22.9,58,0.967
2024-07-17 10:00,22.8,22.7,22.9,51,0.85
2024-07-17 11:00,22.83,22.7,22.9,50,0.833
2024-07-17 12:00,22.86,22.7,23.0,56,0.933
2024-07-17 13:00,22.87,22.8,23.0,51,0.85
2024-07-17 14:00,22.88,22.7,23.0,53,0.883
2024-07-17 15:00,22.89,22.7,23.0,57,0.95
2024-07-17 16:00,22.9,22.8,23.0,57,0.95
2024-07-17 17:00,22.91,22.8,23.0,60,1.0
2024-07-17 18:00,22.89,22.7,23.1,44,0.733
2024-07-17 19:00,22.82,22.7,23.0,55,0.917
2024-07-17 20:00,22.83,22.7,23.1,60,1.0
2024-07-17 21:00,22.92,22.8,23.1,60,1.0
2024-07-17 22:00,22.92,22.8,23.0,60,1.0
2024-07-17 23:00,22.9,22.7,23.1,60,1.0
2024-07-18 00:00,22.82,22.7,23.0,60,1.0
2024-07-18 01:00,22.8,22.7,23.0,60,1.0
2024-07-18 02:00,22.76,22.6,22.9,60,1.0
2024-07-18 03:00,22.74,22.7,22.9,60,1.0
2024-07-18 04:00,22.71,22.6,22.8,60,1.0
2024-07-18 05:00,22.7,22.6,22.8,60,1.0
2024-07-18 06:00,22.71,22.6,22.9,60,1.0
2024-07-18 07:00,22.76,22.6,22.9,52,0.867
2024-07-18 08:00,22.72,22.6,22.9,47,0.783
2024-07-18 09:00,22.65,22.6,22.7,49,0.817
2024-07-18 10:00,22.65,22.6,22.8,46,0.767
2024-07-18 11:00,22.71,22.6,22.9,50,0.833
2024-07-18 12:00,22.76,22.6,23.0,52,0.867
2024-07-18 13:00,22.78,22.7,22.9,39,0.65
2024-07-18 14:00,22.83,22.7,23.0,48,0.8
2024-07-18 15:00,22.86,22.7,23.0,49,0.817
2024-07-18 16:00,22.88,22.7,23.0,59,0.983
2024-07-18 17:00,22.87,22.7,23.0,60,1.0
2024-07-18 18:00,22.9,22.8,23.0,60,1.0
2024-07-18 19:00,22.78,22.7,22.9,60,1.0
2024-07-18 20:00,22.81,22.7,22.9,60,1.0
2024-07-18 21:00,22.85,22.7,23.0,60,1.0
2024-07-18 22:00,22.87,22.7,23.0,60,1.0
2024-07-18 23:00,22.82,22.6,23.0,60,1.0
2024-07-19 00:00,22.76,22.7,23.0,60,1.0
2024-07-19 01:00,22.69,22.6,22.8,60,1.0
2024-07-19 02:00,22.69,22.6,23.0,59,0.983
2024-07-19 03:00,22.67,22.6,22.8,60,1.0
2024-07-19 04:00,22.66,22.6,22.8,50,0.833
2024-07-19 05:00,22.64,22.6,22.8,48,0.8
2024-07-19 06:00,22.63,22.5,22.8,48,0.8
2024-07-19 07:00,22.69,22.5,22.8,48,0.8
2024-07-19 08:00,22.63,22.5,22.8,40,0.667
2024-07-19 09:00,22.58,22.5,22.8,46,0.767
2024-07-19 10:00,22.62,22.5,22.8,51,0.85
2024-07-19 11:00,22.64,22.5,22.9,49,0.817
2024-07-19 12:00,22.69,22.6,22.8,53,0.883
2024-07-19 13:00,22.68,22.5,22.9,43,0.717
2024-07-19 14:00,22.65,22.5,22.8,47,0.783
2024-07-19 15:00,22.7,22.6,22.8,48,0.8
2024-07-19 16:00,22.73,22.6,22.9,57,0.95
2024-07-19 17:00,22.74,22.6,22.9,60,1.0
2024-07-19 18:00,22.76,22.6,22.9,60,1.0
2024-07-19 19:00,22.69,22.6,22.9,60,1.0
2024-07-19 20:00,22.68,22.6,22.8,60,1.0
2024-07-19 21:00,22.74,22.6,22.9,60,1.0
2024-07-19 22:00,22.76,22.6,22.9,60,1.0
2024-07-19 23:00,22.73,22.6,22.9,60,1.0
2024-07-20 00:00,22.67,22.5,22.8,60,1.0
2024-07-20 01:00,22.62,22.5,22.8,60,1.0
2024-07-20 02:00,22.61,22.5,22.7,60,1.0
2024-07-20 03:00,22.59,22.5,22.8,60,1.0
2024-07-20 04:00,22.57,22.5,22.7,59,0.983
2024-07-20 05:00,22.58,22.5,22.7,60,1.0
2024-07-20 06:00,22.6,22.5,22.8,60,1.0
2024-07-20 07:00,22.63,22.5,22.9,60,1.0
2024-07-20 08:00,22.57,22.4,22.8,59,0.983
2024-07-20 09:00,22.57,22.5,22.7,60,1.0
2024-07-20 10:00,22.61,22.5,22.7,56,0.933
2024-07-20 11:00,22.63,22.5,22.8,59,0.983
2024-07-20 12:00,22.65,22.5,22.9,59,0.983
2024-07-20 13:00,22.62,22.5,22.8,59,0.983
2024-07-20 14:00,22.64,22.5,22.8,51,0.85
2024-07-20 15:00,22.6,22.5,22.8,51,0.85
2024-07-20 16:00,22.62,22.5,22.7,47,0.783
2024-07-20 17:00,22.65,22.5,22.8,52,0.867
2024-07-20 18:00,22.65,22.5,23.0,59,0.983
2024-07-20 19:00,22.59,22.5,22.9,60,1.0
2024-07-20 20:00,22.62,22.5,22.8,60,1.0
2024-07-20 21:00,22.68,22.5,22.8,60,1.0
2024-07-20 22:00,22.68,22.5,22.8,60,1.0
2024-07-20 23:00,22.64,22.5,22.8,60,1.0
2024-07-21 00:00,22.58,22.5,22.7,60,1.0
2024-07-21 01:00,22.58,22.4,22.8,60,1.0
2024-07-21 02:00,22.54,22.4,22.7,53,0.883
2024-07-21 03:00,22.5,22.4,22.6,60,1.0
2024-07-21 04:00,22.49,22.4,22.6,60,1.0
2024-07-21 05:00,22.48,22.4,22.6,59,0.983
2024-07-21 06:00,22.47,22.4,22.9,60,1.0
2024-07-21 07:00,22.51,22.3,22.6,60,1.0
2024-07-21 08:00,22.46,22.3,22.7,60,1.0
2024-07-21 09:00,22.4,22.3,22.6,59,0.983
2024-07-21 10:00,22.45,22.3,22.6,59,0.983
2024-07-21 11:00,22.48,22.3,22.7,60,1.0
2024-07-21 12:00,22.5,22.3,22.7,60,1.0
2024-07-21 13:00,22.45,22.3,22.6,60,1.0
2024-07-21 14:00,22.49,22.3,22.6,60,1.0
2024-07-21 15:00,22.53,22.4,22.9,60,1.0
2024-07-21 16:00,22.58,22.5,22.9,58,0.967
2024-07-21 17:00,22.56,22.4,22.7,60,1.0
2024-07-21 18:00,22.55,22.4,22.7,60,1.0
2024-07-21 19:00,22.49,22.4,22.7,60,1.0
2024-07-21 20:00,22.49,22.4,22.7,59,0.983
2024-07-21 21:00,22.55,22.4,22.7,60,1.0
2024-07-21 22:00,22.55,22.4,22.7,60,1.0
2024-07-21 23:00,22.55,22.4,22.7,60,1.0
2024-07-22 00:00,22.54,22.4,22.7,60,1.0
2024-07-22 01:00,22.48,22.3,22.6,60,1.0
2024-07-22 02:00,22.48,22.4,22.7,60,1.0
2024-07-22 03:00,22.44,22.3,22.6,60,1.0
2024-07-22 04:00,22.38,22.3,22.5,60,1.0
2024-07-22 05:00,22.39,22.3,22.5,60,1.0
2024-07-22 06:00,22.41,22.3,22.6,60,1.0
2024-07-22 07:00,22.4,22.3,22.6,60,1.0
2024-07-22 08:00,22.39,22.2,22.5,60,1.0
2024-07-22 09:00,22.35,22.2,22.5,60,1.0
2024-07-22 10:00,22.3,22.2,22.4,60,1.0
2024-07-22 11:00,22.31,22.2,22.5,60,1.0
2024-07-22 12:00,22.62,22.2,23.2,54,0.9
2024-07-22 14:00,22.88,22.6,23.1,46,0.767
2024-07-22 15:00,22.85,22.6,23.3,60,1.0
2024-07-22 16:00,22.8,22.5,23.0,60,1.0
2024-07-22 17:00,22.83,22.5,23.1,59,0.983
2024-07-22 18:00,22.66,22.5,22.8,45,0.75
2024-07-22 19:00,22.66,22.4,22.9,46,0.767
2024-07-22 20:00,22.62,22.4,22.8,47,0.783
2024-07-22 21:00,22.71,22.5,22.9,53,0.883
2024-07-22 22:00,22.81,22.7,23.0,57,0.95
2024-07-22 23:00,22.91,22.7,23.1,60,1.0
2024-07-23 00:00,23.0,22.8,23.3,60,1.0
2024-07-23 01:00,23.1,22.9,23.3,55,0.917
2024-07-23 02:00,23.17,23.0,23.4,60,1.0
2024-07-23 03:00,23.2,23.0,23.4,60,1.0
2024-07-23 04:00,23.29,23.1,23.5,60,1.0
2024-07-23 05:00,23.36,23.2,23.5,60,1.0
2024-07-23 06:00,23.42,23.2,23.8,60,1.0
2024-07-23 07:00,23.45,23.3,23.7,57,0.95
2024-07-23 08:00,23.43,23.3,23.6,57,0.95
2024-07-23 09:00,23.3,23.1,23.5,59,0.983
2024-07-23 10:00,23.27,23.1,23.5,59,0.983
2024-07-23 11:00,23.25,23.1,23.4,60,1.0
2024-07-23 12:00,23.28,23.1,23.5,60,1.0
2024-07-23 13:00,23.28,23.1,23.4,59,0.983
2024-07-23 14:00,23.26,23.1,23.4,60,1.0
2024-07-23 15:00,23.18,23.0,23.4,59,0.983
2024-07-23 16:00,23.21,23.1,23.4,60,1.0
2024-07-23 17:00,23.24,23.1,23.4,60,1.0
2024-07-23 18:00,23.25,23.1,23.4,60,1.0
2024-07-23 19:00,23.27,23.1,23.5,60,1.0
2024-07-23 20:00,23.28,23.1,23.4,60,1.0
2024-07-23 21:00,23.32,23.2,23.6,60,1.0
2024-07-23 22:00,23.26,23.1,23.5,60,1.0
2024-07-23 23:00,23.2,23.1,23.4,60,1.0
2024-07-24 00:00,23.17,23.0,23.3,60,1.0
2024-07-24 01:00,23.22,23.0,23.5,60,1.0
2024-07-24 02:00,23.27,23.1,23.4,60,1.0
2024-07-24 03:00,23.26,23.1,23.4,54,0.9
2024-07-24 04:00,23.22,23.1,23.4,51,0.85
2024-07-24 05:00,23.23,23.1,23.4,46,0.767
2024-07-24 06:00,23.2,23.0,23.4,57,0.95
2024-07-24 07:00,23.15,23.0,23.4,49,0.817
2024-07-24 08:00,23.02,22.9,23.2,58,0.967
2024-07-24 09:00,23.07,22.9,23.3,60,1.0
2024-07-24 10:00,23.01,22.9,23.2,60,1.0
2024-07-24 11:00,22.98,22.9,23.1,60,1.0
2024-07-24 12:00,23.0,22.9,23.2,60,1.0
2024-07-24 13:00,23.0,22.9,23.1,60,1.0
2024-07-24 14:00,23.06,22.9,23.3,60,1.0
2024-07-24 15:00,23.02,22.9,23.1,60,1.0
2024-07-24 16:00,23.03,22.9,23.2,60,1.0
2024-07-24 17:00,23.13,22.9,23.3,60,1.0
2024-07-24 18:00,23.16,23.0,23.3,60,1.0
2024-07-24 19:00,23.2,23.0,23.4,60,1.0
2024-07-24 20:00,23.21,23.1,23.4,60,1.0
2024-07-24 21:00,23.13,23.0,23.3,60,1.0
2024-07-24 22:00,23.11,23.0,23.3,60,1.0
2024-07-24 23:00,23.11,23.0,23.2,60,1.0
2024-07-25 00:00,23.18,23.0,23.4,60,1.0
2024-07-25 01:00,23.18,23.0,23.4,60,1.0
2024-07-25 02:00,23.18,23.1,23.4,59,0.983
2024-07-25 03:00,23.19,23.1,23.4,60,1.0
2024-07-25 04:00,23.18,23.0,23.3,60,1.0
2024-07-25 05:00,23.13,23.0,23.3,60,1.0
2024-07-25 06:00,23.1,23.0,23.3,60,1.0
2024-07-25 07:00,23.06,22.9,23.2,60,1.0
2024-07-25 08:00,23.0,22.8,23.2,60,1.0
2024-07-25 09:00,22.95,22.8,23.2,60,1.0
2024-07-25 10:00,22.97,22.8,23.1,60,1.0
2024-07-25 11:00,23.04,22.9,23.2,60,1.0
2024-07-25 12:00,23.04,22.9,23.2,60,1.0
2024-07-25 13:00,23.06,22.9,23.3,58,0.967
2024-07-25 14:00,23.05,22.9,23.2,49,0.817
2024-07-25 15:00,23.03,22.8,23.2,60,1.0
2024-07-25 16:00,23.0,22.9,23.2,60,1.0
2024-07-25 17:00,22.98,22.9,23.1,60,1.0
2024-07-25 18:00,23.05,22.9,23.2,60,1.0
2024-07-25 19:00,23.1,23.0,23.3,60,1.0
2024-07-25 20:00,23.1,23.0,23.3,60,1.0
2024-07-25 21:00,23.04,22.9,23.2,60,1.0
2024-07-25 22:00,22.98,22.9,23.2,60,1.0
2024-07-25 23:00,22.96,22.9,23.0,60,1.0
2024-07-26 00:00,22.95,22.9,23.1,60,1.0
2024-07-26 01:00,22.94,22.8,23.1,60,1.0
2024-07-26 02:00,22.95,22.8,23.1,60,1.0
2024-07-26 03:00,22.9,22.8,23.0,60,1.0
2024-07-26 04:00,22.92,22.8,23.1,60,1.0
2024-07-26 05:00,22.97,22.8,23.2,60,1.0
2024-07-26 06:00,22.97,22.8,23.1,60,1.0
2024-07-26 07:00,22.92,22.8,23.1,60,1.0
2024-07-26 08:00,22.79,22.7,23.0,60,1.0
2024-07-26 09:00,22.88,22.7,23.0,60,1.0
2024-07-26 10:00,22.86,22.7,23.0,60,1.0
2024-07-26 11:00,22.86,22.7,23.1,60,1.0
2024-07-26 12:00,22.83,22.7,23.0,60,1.0
2024-07-26 13:00,22.86,22.7,23.0,60,1.0
2024-07-26 14:00,22.88,22.7,23.1,60,1.0
2024-07-26 15:00,22.89,22.7,23.1,60,1.0
2024-07-26 16:00,22.83,22.7,23.1,60,1.0
2024-07-26 17:00,22.81,22.7,23.0,54,0.9
2024-07-26 18:00,22.78,22.7,22.9,60,1.0
2024-07-26 19:00,22.84,22.7,23.0,60,1.0
2024-07-26 20:00,22.91,22.7,23.1,60,1.0
2024-07-26 21:00,22.9,22.8,23.1,54,0.9
2024-07-26 22:00,22.83,22.7,23.0,53,0.883
2024-07-26 23:00,22.79,22.7,23.0,51,0.85
2024-07-27 00:00,22.8,22.7,23.0,55,0.917
2024-07-27 01:00,22.82,22.7,23.0,47,0.783
2024-07-27 02:00,22.82,22.7,22.9,59,0.983
2024-07-27 03:00,22.83,22.7,23.0,60,1.0
2024-07-27 04:00,22.84,22.7,23.0,60,1.0
2024-07-27 05:00,22.8,22.7,23.0,60,1.0
2024-07-27 06:00,22.77,22.6,23.0,59,0.983
2024-07-27 07:00,22.72,22.6,22.9,57,0.95
2024-07-27 08:00,22.65,22.5,22.8,60,1.0
2024-07-27 09:00,22.68,22.6,22.8,60,1.0
2024-07-27 10:00,22.66,22.5,22.9,60,1.0
2024-07-27 11:00,22.7,22.5,22.8,60,1.0
2024-07-27 12:00,22.74,22.5,23.1,60,1.0
2024-07-27 13:00,22.72,22.6,22.9,60,1.0
2024-07-27 14:00,22.66,22.5,22.9,60,1.0
2024-07-27 15:00,22.67,22.6,22.8,59,0.983
2024-07-27 16:00,22.66,22.6,22.8,59,0.983
2024-07-27 17:00,22.69,22.6,22.8,60,1.0
2024-07-27 18:00,22.74,22.6,23.0,58,0.967
2024-07-27 19:00,22.83,22.7,23.0,60,1.0
2024-07-27 20:00,22.77,22.6,23.0,60,1.0
2024-07-27 21:00,22.74,22.6,22.9,60,1.0
2024-07-27 22:00,22.77,22.7,22.9,59,0.983
2024-07-27 23:00,22.77,22.7,23.0,60,1.0
2024-07-28 00:00,22.8,22.6,23.0,60,1.0
2024-07-28 01:00,22.79,22.6,23.0,60,1.0
2024-07-28 02:00,22.8,22.7,22.9,60,1.0
2024-07-28 03:00,22.81,22.7,22.9,60,1.0
2024-07-28 04:00,22.79,22.7,23.0,60,1.0
2024-07-28 05:00,22.77,22.6,23.1,60,1.0
2024-07-28 06:00,22.76,22.6,22.9,60,1.0
2024-07-28 07:00,22.69,22.6,23.0,60,1.0
2024-07-28 08:00,22.63,22.5,23.0,60,1.0
2024-07-28 09:00,22.67,22.5,22.8,58,0.967
2024-07-28 10:00,22.65,22.5,22.8,60,1.0
2024-07-28 11:00,22.64,22.5,22.9,59,0.983
2024-07-28 12:00,22.62,22.5,22.9,59,0.983
2024-07-28 13:00,22.62,22.5,22.7,60,1.0
2024-07-28 14:00,22.64,22.6,22.9,60,1.0
2024-07-28 15:00,22.65,22.6,22.8,60,1.0
2024-07-28 16:00,22.65,22.6,23.0,60,1.0
2024-07-28 17:00,22.67,22.6,22.8,59,0.983
2024-07-28 18:00,22.69,22.6,23.1,60,1.0
2024-07-28 19:00,22.77,22.6,22.9,60,1.0
2024-07-28 20:00,22.78,22.6,23.0,58,0.967
2024-07-28 21:00,22.69,22.6,22.9,60,1.0
2024-07-28 22:00,22.68,22.6,22.8,60,1.0
2024-07-28 23:00,22.65,22.6,22.8,60,1.0
2024-07-29 00:00,22.69,22.5,22.9,60,1.0
2024-07-29 01:00,22.7,22.5,22.9,60,1.0
2024-07-29 02:00,22.67,22.5,22.8,60,1.0
2024-07-29 03:00,22.67,22.5,22.9,60,1.0
2024-07-29 04:00,22.7,22.5,22.9,59,0.983
2024-07-29 05:00,22.68,22.5,22.8,59,0.983
2024-07-29 06:00,22.66,22.5,22.8,60,1.0
2024-07-29 07:00,22.61,22.5,22.8,60,1.0
2024-07-29 08:00,22.53,22.4,22.7,60,1.0
2024-07-29 09:00,22.58,22.4,22.7,60,1.0
2024-07-29 10:00,22.6,22.5,22.7,60,1.0
2024-07-29 11:00,22.59,22.4,22.7,60,1.0
2024-07-29 12:00,22.56,22.4,22.7,60,1.0
2024-07-29 13:00,22.52,22.4,22.6,60,1.0
2024-07-29 14:00,22.52,22.4,22.6,60,1.0
2024-07-29 15:00,22.54,22.4,22.7,60,1.0
2024-07-29 16:00,22.65,22.5,22.8,60,1.0
2024-07-29 17:00,22.66,22.5,22.8,60,1.0
2024-07-29 18:00,22.63,22.5,22.8,54,0.9
2024-07-29 19:00,22.58,22.5,22.7,47,0.783
2024-07-29 20:00,22.58,22.5,22.7,58,0.967
2024-07-29 21:00,22.62,22.5,23.1,60,1.0
2024-07-29 22:00,22.56,22.4,22.7,60,1.0
2024-07-29 23:00,22.58,22.5,22.7,58,0.967
2024-07-30 00:00,22.62,22.5,22.8,60,1.0
2024-07-30 01:00,22.64,22.5,22.8,60,1.0
2024-07-30 02:00,22.57,22.4,22.7,59,0.983
2024-07-30 03:00,22.5,22.4,22.6,59,0.983
2024-07-30 04:00,22.5,22.4,22.7,60,1.0
2024-07-30 05:00,22.51,22.4,22.7,59,0.983
2024-07-30 06:00,22.47,22.4,22.6,60,1.0
2024-07-30 07:00,22.5,22.4,22.7,60,1.0
2024-07-30 08:00,22.43,22.3,22.7,60,1.0
2024-07-30 09:00,22.39,22.3,22.5,60,1.0
2024-07-30 10:00,22.44,22.3,22.6,60,1.0
2024-07-30 11:00,22.47,22.3,22.6,60,1.0
2024-07-30 12:00,22.48,22.3,22.6,60,1.0
2024-07-30 13:00,22.5,22.4,22.6,60,1.0
2024-07-30 14:00,22.48,22.4,22.6,60,1.0
2024-07-30 15:00,22.45,22.3,22.7,60,1.0
2024-07-30 16:00,22.44,22.3,22.6,60,1.0
2024-07-30 17:00,22.39,22.3,22.5,60,1.0
2024-07-30 18:00,22.43,22.3,22.6,60,1.0
2024-07-30 19:00,22.36,22.3,22.6,60,1.0
2024-07-30 20:00,22.39,22.2,22.6,60,1.0
2024-07-30 21:00,22.44,22.3,22.6,60,1.0
2024-07-30 22:00,22.42,22.3,22.7,60,1.0
2024-07-30 23:00,22.34,22.2,22.5,60,1.0
2024-07-31 00:00,22.27,22.2,22.4,59,0.983
2024-07-31 01:00,22.27,22.2,22.4,60,1.0
2024-07-31 02:00,22.25,22.2,22.4,60,1.0
2024-07-31 03:00,22.23,22.1,22.3,60,1.0
2024-07-31 04:00,22.23,22.1,22.6,60,1.0
2024-07-31 05:00,22.22,22.1,22.4,60,1.0
2024-07-31 06:00,22.24,22.1,22.5,60,1.0
2024-07-31 07:00,22.26,22.1,22.4,60,1.0
2024-07-31 08:00,22.14,22.0,22.3,60,1.0
2024-07-31 09:00,22.14,22.0,22.3,60,1.0
2024-07-31 10:00,22.07,22.0,22.3,60,1.0
2024-07-31 11:00,22.09,22.0,22.2,60,1.0
2024-07-31 12:00,22.07,22.0,22.2,60,1.0
2024-07-31 13:00,22.08,22.0,22.2,59,0.983
2024-07-31 14:00,22.13,22.0,22.3,59,0.983
2024-07-31 15:00,22.12,22.0,22.3,60,1.0
2024-07-31 16:00,22.12,22.0,22.3,59,0.983
2024-07-31 17:00,22.16,22.0,22.3,59,0.983
2024-07-31 18:00,22.1,22.0,22.4,60,1.0
2024-07-31 19:00,22.14,22.0,22.3,59,0.983
2024-07-31 20:00,22.2,22.1,22.4,60,1.0
2024-07-31 21:00,22.2,22.0,22.6,60,1.0
2024-07-31 22:00,22.1,22.0,22.3,60,1.0
2024-07-31 23:00,22.07,22.0,22.2,60,1.0
2024-08-01 00:00,22.06,22.0,22.2,60,1.0
2024-08-01 01:00,22.08,22.0,22.3,45,0.75
2024-08-01 02:00,22.05,21.9,22.3,59,0.983
2024-08-01 03:00,22.08,21.9,22.2,50,0.833
2024-08-01 04:00,22.07,21.9,22.2,48,0.8
2024-08-01 05:00,22.09,22.0,22.2,60,1.0
2024-08-01 06:00,22.09,21.9,22.3,60,1.0
2024-08-01 07:00,22.02,21.9,22.2,60,1.0
2024-08-01 08:00,21.96,21.8,22.1,60,1.0
2024-08-01 09:00,21.98,21.8,22.2,60,1.0
2024-08-01 10:00,21.98,21.9,22.1,60,1.0
2024-08-01 11:00,21.97,21.8,22.1,60,1.0
2024-08-01 12:00,21.93,21.8,22.1,60,1.0
2024-08-01 13:00,21.93,21.8,22.1,60,1.0
2024-08-01 14:00,21.94,21.8,22.1,60,1.0
2024-08-01 15:00,21.95,21.8,22.1,60,1.0
2024-08-01 16:00,21.97,21.9,22.1,60,1.0
2024-08-01 17:00,22.01,21.9,22.1,60,1.0
2024-08-01 18:00,21.97,21.9,22.1,60,1.0
2024-08-01 19:00,22.05,21.9,22.2,60,1.0
2024-08-01 20:00,22.06,22.0,22.2,60,1.0
2024-08-01 21:00,21.98,21.9,22.2,60,1.0
2024-08-01 22:00,21.96,21.9,22.1,60,1.0
2024-08-01 23:00,21.94,21.8,22.1,60,1.0
2024-08-02 00:00,21.93,21.8,22.2,60,1.0
2024-08-02 01:00,21.93,21.8,22.1,60,1.0
2024-08-02 02:00,21.95,21.8,22.2,60,1.0
2024-08-02 03:00,21.93,21.8,22.1,60,1.0
2024-08-02 04:00,21.93,21.7,22.1,60,1.0
2024-08-02 05:00,21.95,21.8,22.1,60,1.0
2024-08-02 06:00,21.86,21.7,22.1,60,1.0
2024-08-02 07:00,21.91,21.8,22.1,60,1.0
2024-08-02 08:00,21.84,21.7,22.0,60,1.0
2024-08-02 09:00,21.87,21.8,22.2,60,1.0
2024-08-02 10:00,21.83,21.7,22.0,60,1.0
2024-08-02 11:00,21.8,21.7,22.0,60,1.0
2024-08-02 12:00,21.78,21.7,21.9,60,1.0
2024-08-02 13:00,21.8,21.7,21.9,60,1.0
2024-08-02 14:00,21.8,21.7,22.0,60,1.0
2024-08-02 15:00,21.81,21.7,22.1,60,1.0
2024-08-02 16:00,21.83,21.7,22.0,60,1.0
2024-08-02 17:00,21.85,21.8,22.0,51,0.85
2024-08-02 18:00,21.86,21.8,22.1,55,0.917
2024-08-02 19:00,21.96,21.8,22.2,60,1.0
2024-08-02 20:00,21.92,21.8,22.1,60,1.0
2024-08-02 21:00,21.87,21.8,22.1,59,0.983
2024-08-02 22:00,21.84,21.7,22.0,60,1.0
2024-08-02 23:00,21.83,21.7,22.0,59,0.983
2024-08-03 00:00,21.82,21.7,22.0,60,1.0
2024-08-03 01:00,21.81,21.7,21.9,60,1.0
2024-08-03 02:00,21.8,21.7,22.0,60,1.0
2024-08-03 03:00,21.83,21.7,22.0,60,1.0
2024-08-03 04:00,21.83,21.7,22.0,60,1.0
2024-08-03 05:00,21.82,21.7,22.0,60,1.0
2024-08-03 06:00,21.76,21.6,22.0,60,1.0
2024-08-03 07:00,21.75,21.6,22.0,60,1.0
2024-08-03 08:00,21.68,21.5,22.0,60,1.0
2024-08-03 09:00,21.7,21.6,21.8,60,1.0
2024-08-03 10:00,21.71,21.5,21.8,60,1.0
2024-08-03 11:00,21.73,21.6,22.1,60,1.0
2024-08-03 12:00,21.75,21.6,21.9,60,1.0
2024-08-03 13:00,21.75,21.6,21.9,59,0.983
2024-08-03 14:00,21.74,21.6,21.9,60,1.0
2024-08-03 15:00,21.78,21.7,21.9,60,1.0
2024-08-03 16:00,21.73,21.6,22.0,60,1.0
2024-08-03 17:00,21.72,21.6,21.9,60,1.0
2024-08-03 18:00,21.74,21.6,22.0,60,1.0
2024-08-03 19:00,21.75,21.6,22.1,60,1.0
2024-08-03 20:00,21.79,21.7,22.0,60,1.0
2024-08-03 21:00,21.87,21.7,22.2,60,1.0
2024-08-03 22:00,21.82,21.7,21.9,60,1.0
2024-08-03 23:00,21.78,21.7,21.9,60,1.0
2024-08-04 00:00,21.73,21.6,21.9,60,1.0
2024-08-04 01:00,21.72,21.6,21.8,60,1.0
2024-08-04 02:00,21.72,21.6,22.1,60,1.0
2024-08-04 03:00,21.69,21.6,21.8,60,1.0
2024-08-04 04:00,21.67,21.6,21.8,60,1.0
2024-08-04 05:00,21.64,21.6,21.8,60,1.0
2024-08-04 06:00,21.68,21.6,21.9,60,1.0
2024-08-04 07:00,21.67,21.6,21.8,60,1.0
2024-08-04 08:00,21.63,21.5,21.8,60,1.0
2024-08-04 09:00,21.57,21.5,21.8,60,1.0
2024-08-04 10:00,21.56,21.5,21.7,60,1.0
2024-08-04 11:00,21.56,21.5,21.9,60,1.0
2024-08-04 12:00,21.55,21.5,21.7,60,1.0
2024-08-04 13:00,21.56,21.5,21.6,60,1.0
2024-08-04 14:00,21.6,21.5,21.9,60,1.0
2024-08-04 15:00,21.64,21.5,21.8,60,1.0
2024-08-04 16:00,21.62,21.5,21.9,60,1.0
2024-08-04 17:00,21.66,21.5,21.8,60,1.0
2024-08-04 18:00,21.67,21.5,22.0,59,0.983
2024-08-04 19:00,21.6,21.5,21.9,60,1.0
2024-08-04 20:00,21.59,21.5,21.8,59,0.983
2024-08-04 21:00,21.64,21.5,21.8,60,1.0
2024-08-04 22:00,21.7,21.6,21.8,60,1.0
2024-08-04 23:00,21.71,21.6,22.0,60,1.0
2024-08-05 00:00,21.68,21.5,21.8,54,0.9
2024-08-05 01:00,21.64,21.5,21.8,40,0.667
2024-08-05 02:00,21.58,21.5,21.8,56,0.933
2024-08-05 03:00,21.56,21.4,21.8,60,1.0
2024-08-05 04:00,21.53,21.4,21.7,60,1.0
2024-08-05 05:00,21.5,21.4,21.6,60,1.0
2024-08-05 06:00,21.53,21.4,21.7,60,1.0
2024-08-05 07:00,21.54,21.4,21.8,60,1.0
2024-08-05 08:00,21.49,21.3,21.7,60,1.0
2024-08-05 09:00,21.41,21.3,21.6,60,1.0
2024-08-05 10:00,21.4,21.3,21.6,59,0.983
2024-08-05 11:00,21.43,21.3,21.5,59,0.983
2024-08-05 12:00,21.35,21.3,21.5,60,1.0
2024-08-05 13:00,21.37,21.3,21.5,60,1.0
2024-08-05 14:00,21.37,21.2,21.5,60,1.0
2024-08-05 15:00,21.38,21.3,21.6,60,1.0
2024-08-05 16:00,21.49,21.3,21.6,60,1.0
2024-08-05 17:00,21.51,21.4,21.6,60,1.0
2024-08-05 18:00,21.46,21.3,21.7,60,1.0
2024-08-05 19:00,21.42,21.3,21.5,60,1.0
2024-08-05 20:00,21.46,21.3,21.6,60,1.0
2024-08-05 21:00,21.52,21.4,21.8,60,1.0
2024-08-05 22:00,21.55,21.4,21.7,60,1.0
2024-08-05 23:00,21.52,21.4,21.7,60,1.0
2024-08-06 00:00,21.45,21.3,21.6,60,1.0
2024-08-06 01:00,21.42,21.3,21.5,60,1.0
2024-08-06 02:00,21.39,21.3,21.6,60,1.0
2024-08-06 03:00,21.36,21.3,21.6,60,1.0
2024-08-06 04:00,21.35,21.3,21.5,60,1.0
2024-08-06 05:00,21.34,21.3,21.5,60,1.0
2024-08-06 06:00,21.35,21.2,21.5,59,0.983
2024-08-06 07:00,21.39,21.2,21.6,46,0.767
2024-08-06 08:00,21.29,21.2,21.4,54,0.9
2024-08-06 09:00,21.24,21.1,21.5,53,0.883
2024-08-06 10:00,21.29,21.2,21.5,49,0.817
2024-08-06 11:00,21.29,21.2,21.4,59,0.983
2024-08-06 12:00,21.32,21.2,21.5,60,1.0
2024-08-06 13:00,21.32,21.2,21.5,59,0.983
2024-08-06 14:00,21.31,21.2,21.5,60,1.0
2024-08-06 15:00,21.36,21.2,21.5,60,1.0
2024-08-06 16:00,21.4,21.2,21.5,60,1.0
2024-08-06 17:00,21.43,21.3,21.6,60,1.0
2024-08-06 18:00,21.44,21.3,21.6,60,1.0
2024-08-06 19:00,21.4,21.3,21.6,60,1.0
2024-08-06 20:00,21.35,21.3,21.5,60,1.0
2024-08-06 21:00,21.39,21.3,21.5,60,1.0
2024-08-06 22:00,21.44,21.3,21.6,60,1.0
2024-08-06 23:00,21.46,21.3,21.6,60,1.0
2024-08-07 00:00,21.42,21.3,21.8,60,1.0
2024-08-07 01:00,21.38,21.2,21.5,60,1.0
2024-08-07 02:00,21.34,21.2,21.5,60,1.0
2024-08-07 03:00,21.3,21.2,21.4,60,1.0
2024-08-07 04:00,21.28,21.2,21.4,60,1.0
2024-08-07 05:00,21.28,21.2,21.4,60,1.0
2024-08-07 06:00,21.28,21.2,21.5,59,0.983
2024-08-07 07:00,21.31,21.2,21.6,59,0.983
2024-08-07 08:00,21.24,21.1,21.3,60,1.0
2024-08-07 09:00,21.16,21.1,21.3,59,0.983
2024-08-07 10:00,21.22,21.1,21.4,60,1.0
2024-08-07 11:00,21.25,21.1,21.4,60,1.0
2024-08-07 12:00,21.21,21.1,21.3,59,0.983
2024-08-07 13:00,21.24,21.1,21.4,60,1.0
2024-08-07 14:00,21.23,21.1,21.4,60,1.0
2024-08-07 15:00,21.24,21.1,21.4,60,1.0
2024-08-07 16:00,21.24,21.1,21.4,60,1.0
2024-08-07 17:00,21.33,21.1,21.5,60,1.0
2024-08-07 18:00,21.29,21.2,21.5,60,1.0
2024-08-07 19:00,21.23,21.1,21.3,60,1.0
2024-08-07 20:00,21.25,21.2,21.4,60,1.0
2024-08-07 21:00,21.23,21.1,21.4,60,1.0
2024-08-07 22:00,21.24,21.1,21.4,53,0.883
2024-08-07 23:00,21.25,21.1,21.4,46,0.767
2024-08-08 00:00,21.3,21.1,21.5,60,1.0
2024-08-08 01:00,21.26,21.1,21.4,60,1.0
2024-08-08 02:00,21.26,21.1,21.4,60,1.0
2024-08-08 03:00,21.22,21.1,21.4,60,1.0
2024-08-08 04:00,21.16,21.1,21.3,60,1.0
2024-08-08 05:00,21.15,21.1,21.5,60,1.0
2024-08-08 06:00,21.14,21.0,21.3,60,1.0
2024-08-08 07:00,21.21,21.1,21.4,60,1.0
2024-08-08 08:00,21.1,20.9,21.3,60,1.0
2024-08-08 09:00,21.06,20.9,21.2,60,1.0
2024-08-08 10:00,21.11,21.0,21.3,60,1.0
2024-08-08 11:00,21.14,21.0,21.4,60,1.0
2024-08-08 12:00,21.16,21.0,21.3,59,0.983
2024-08-08 13:00,21.17,21.0,21.3,60,1.0
2024-08-08 14:00,21.14,21.0,21.3,60,1.0
2024-08-08 15:00,21.12,21.0,21.3,60,1.0
2024-08-08 16:00,21.19,21.1,21.3,60,1.0
2024-08-08 17:00,21.22,21.1,21.5,60,1.0
2024-08-08 18:00,21.23,21.1,21.4,59,0.983
2024-08-08 19:00,21.18,21.1,21.3,60,1.0
2024-08-08 20:00,21.2,21.1,21.3,8,0.133
2024-08-09 08:00,21.06,20.9,21.3,40,0.667
2024-08-09 09:00,20.98,20.9,21.1,60,1.0
2024-08-09 10:00,21.02,20.9,21.2,60,1.0
2024-08-09 11:00,21.0,20.9,21.1,60,1.0
2024-08-09 12:00,21.0,20.9,21.1,51,0.85
2024-08-09 13:00,21.03,20.9,21.2,48,0.8
2024-08-09 14:00,21.07,20.9,21.2,47,0.783
2024-08-09 15:00,21.1,21.0,21.3,57,0.95
2024-08-09 16:00,21.05,21.0,21.2,60,1.0
2024-08-09 17:00,21.09,21.0,21.2,59,0.983
2024-08-09 18:00,21.14,21.0,21.3,60,1.0
2024-08-09 19:00,21.17,21.0,21.3,60,1.0
2024-08-09 20:00,21.2,21.1,21.3,59,0.983
2024-08-09 21:00,21.16,21.0,21.3,60,1.0
2024-08-09 22:00,21.13,21.0,21.4,60,1.0
2024-08-09 23:00,21.13,21.0,21.2,60,1.0
2024-08-10 00:00,21.13,21.0,21.3,60,1.0
2024-08-10 01:00,21.15,21.0,21.3,60,1.0
2024-08-10 02:00,21.17,21.0,21.5,60,1.0
2024-08-10 03:00,21.17,21.0,21.3,59,0.983
2024-08-10 04:00,21.13,21.0,21.3,60,1.0
2024-08-10 05:00,21.09,21.0,21.3,60,1.0
2024-08-10 06:00,21.06,20.9,21.3,60,1.0
2024-08-10 07:00,21.08,20.9,21.2,60,1.0
2024-08-10 08:00,20.96,20.8,21.2,54,0.9
2024-08-10 09:00,20.96,20.8,21.1,58,0.967
2024-08-10 10:00,20.98,20.8,21.2,59,0.983
2024-08-10 11:00,20.99,20.9,21.1,60,1.0
2024-08-10 12:00,20.95,20.9,21.1,58,0.967
2024-08-10 13:00,20.99,20.9,21.2,59,0.983
2024-08-10 14:00,20.93,20.8,21.2,60,1.0
2024-08-10 15:00,21.01,20.9,21.1,60,1.0
2024-08-10 16:00,20.99,20.9,21.1,60,1.0
2024-08-10 17:00,20.95,20.9,21.1,59,0.983
2024-08-10 18:00,20.96,20.9,21.1,59,0.983
2024-08-10 19:00,20.99,20.9,21.3,60,1.0
2024-08-10 20:00,21.04,20.9,21.2,60,1.0
2024-08-10 21:00,21.06,20.9,21.2,60,1.0
2024-08-10 22:00,21.04,20.9,21.2,55,0.917
2024-08-10 23:00,21.04,20.9,21.2,60,1.0
2024-08-11 00:00,21.03,20.9,21.2,60,1.0
2024-08-11 01:00,20.95,20.8,21.1,60,1.0
2024-08-11 02:00,20.93,20.8,21.1,58,0.967
2024-08-11 03:00,20.88,20.8,21.0,49,0.817
2024-08-11 04:00,20.88,20.8,21.0,60,1.0
2024-08-11 05:00,20.88,20.8,21.0,60,1.0
2024-08-11 06:00,20.88,20.8,21.1,60,1.0
2024-08-11 07:00,20.88,20.8,21.0,60,1.0
2024-08-11 08:00,20.82,20.7,21.0,59,0.983
2024-08-11 09:00,20.87,20.7,21.1,59,0.983
2024-08-11 10:00,20.84,20.7,21.0,57,0.95
2024-08-11 11:00,20.83,20.7,21.0,58,0.967
2024-08-11 12:00,20.86,20.7,21.0,57,0.95
2024-08-11 13:00,20.83,20.7,21.0,57,0.95
2024-08-11 14:00,20.85,20.7,21.0,58,0.967
2024-08-11 15:00,20.89,20.7,21.0,60,1.0
2024-08-11 16:00,20.86,20.7,21.0,60,1.0
2024-08-11 17:00,20.8,20.7,20.9,60,1.0
2024-08-11 18:00,20.88,20.7,21.0,59,0.983
2024-08-11 19:00,20.91,20.8,21.0,60,1.0
2024-08-11 20:00,20.89,20.8,21.1,60,1.0
2024-08-11 21:00,20.86,20.8,21.0,60,1.0
2024-08-11 22:00,20.83,20.7,21.0,60,1.0
2024-08-11 23:00,20.83,20.7,21.1,60,1.0
2024-08-12 00:00,20.82,20.7,21.0,60,1.0
2024-08-12 01:00,20.86,20.7,21.0,60,1.0
2024-08-12 02:00,20.86,20.7,21.0,60,1.0
2024-08-12 03:00,20.87,20.8,21.0,60,1.0
2024-08-12 04:00,20.85,20.7,21.0,60,1.0
2024-08-12 05:00,20.82,20.7,21.0,60,1.0
2024-08-12 06:00,20.78,20.6,21.1,60,1.0
2024-08-12 07:00,20.76,20.6,20.9,60,1.0
2024-08-12 08:00,20.69,20.6,20.9,59,0.983
2024-08-12 09:00,20.72,20.6,21.0,57,0.95
2024-08-12 10:00,20.72,20.6,20.8,56,0.933
2024-08-12 11:00,20.73,20.6,20.8,54,0.9
2024-08-12 12:00,20.7,20.6,20.9,54,0.9
2024-08-12 13:00,20.66,20.6,20.8,59,0.983
2024-08-12 14:00,20.67,20.6,20.8,60,1.0
2024-08-12 15:00,20.68,20.6,20.8,60,1.0
2024-08-12 16:00,20.71,20.6,21.0,60,1.0
2024-08-12 17:00,20.73,20.6,20.9,60,1.0
2024-08-12 18:00,20.82,20.7,21.1,60,1.0
2024-08-12 19:00,20.84,20.7,21.0,60,1.0
2024-08-12 20:00,20.75,20.6,20.9,60,1.0
2024-08-12 21:00,20.73,20.6,21.0,60,1.0
2024-08-12 22:00,20.72,20.6,20.9,60,1.0
2024-08-12 23:00,20.74,20.6,20.8,60,1.0
2024-08-13 00:00,20.77,20.6,20.9,60,1.0
2024-08-13 01:00,20.76,20.6,20.9,60,1.0
2024-08-13 02:00,20.76,20.6,20.9,60,1.0
2024-08-13 03:00,20.76,20.6,20.9,44,0.733
2024-08-13 04:00,20.76,20.6,21.0,53,0.883
2024-08-13 05:00,20.73,20.6,20.8,60,1.0
2024-08-13 06:00,20.7,20.5,20.8,54,0.9
2024-08-13 07:00,20.67,20.6,20.9,57,0.95
2024-08-13 08:00,20.6,20.5,20.8,55,0.917
2024-08-13 09:00,20.62,20.5,20.8,47,0.783
2024-08-13 10:00,20.56,20.5,20.7,48,0.8
2024-08-13 11:00,20.55,20.5,20.7,48,0.8
2024-08-13 12:00,20.56,20.4,20.8,57,0.95
2024-08-13 13:00,20.54,20.4,20.6,57,0.95
2024-08-13 14:00,20.57,20.4,20.7,59,0.983
2024-08-13 15:00,20.57,20.5,20.7,50,0.833
2024-08-13 16:00,20.58,20.5,20.8,53,0.883
2024-08-13 17:00,20.59,20.5,20.8,53,0.883
2024-08-13 18:00,20.68,20.6,20.9,60,1.0
2024-08-13 19:00,20.7,20.6,20.8,60,1.0
2024-08-13 20:00,20.66,20.5,20.8,59,0.983
2024-08-13 21:00,20.63,20.5,20.8,60,1.0
2024-08-13 22:00,20.59,20.5,20.7,60,1.0
2024-08-13 23:00,20.58,20.5,20.7,60,1.0
2024-08-14 00:00,20.6,20.5,20.8,57,0.95
2024-08-14 01:00,20.62,20.5,20.8,60,1.0
2024-08-14 02:00,20.61,20.5,20.7,59,0.983
2024-08-14 03:00,20.62,20.5,20.8,60,1.0
2024-08-14 04:00,20.63,20.5,20.8,60,1.0
2024-08-14 05:00,20.64,20.5,20.7,60,1.0
2024-08-14 06:00,20.6,20.5,20.7,60,1.0
2024-08-14 07:00,20.56,20.4,20.8,59,0.983
2024-08-14 08:00,20.51,20.4,20.7,58,0.967
2024-08-14 09:00,20.49,20.4,20.6,55,0.917
2024-08-14 10:00,20.44,20.4,20.6,56,0.933
2024-08-14 11:00,20.47,20.4,20.6,54,0.9
2024-08-14 12:00,20.45,20.4,20.6,56,0.933
2024-08-14 13:00,20.47,20.4,20.6,53,0.883
2024-08-14 14:00,20.5,20.4,20.8,59,0.983
2024-08-14 15:00,20.52,20.4,20.6,60,1.0
2024-08-14 16:00,20.54,20.4,20.7,60,1.0
2024-08-14 17:00,20.56,20.4,20.7,60,1.0
2024-08-14 18:00,20.64,20.6,20.8,60,1.0
2024-08-14 19:00,20.6,20.4,21.0,60,1.0
2024-08-14 20:00,20.56,20.4,20.7,60,1.0
2024-08-14 21:00,20.53,20.4,20.7,60,1.0
2024-08-14 22:00,20.52,20.4,20.7,60,1.0
2024-08-14 23:00,20.49,20.4,20.7,60,1.0
2024-08-15 00:00,20.51,20.4,20.7,60,1.0
2024-08-15 01:00,20.54,20.4,20.7,60,1.0
2024-08-15 02:00,20.56,20.4,20.7,60,1.0
2024-08-15 03:00,20.54,20.4,20.8,60,1.0
2024-08-15 04:00,20.5,20.4,20.7,60,1.0
2024-08-15 05:00,20.48,20.3,20.7,60,1.0
2024-08-15 06:00,20.45,20.3,20.6,60,1.0
2024-08-15 07:00,20.43,20.3,20.6,59,0.983
2024-08-15 08:00,20.34,20.2,20.5,59,0.983
2024-08-15 09:00,20.36,20.2,20.5,53,0.883
2024-08-15 10:00,20.34,20.2,20.5,56,0.933
2024-08-15 11:00,20.35,20.2,20.5,51,0.85
2024-08-15 12:00,20.34,20.2,20.5,53,0.883
2024-08-15 13:00,20.39,20.3,20.5,54,0.9
2024-08-15 14:00,20.39,20.3,20.5,54,0.9
2024-08-15 15:00,20.39,20.3,20.5,59,0.983
2024-08-15 16:00,20.35,20.2,20.6,60,1.0
2024-08-15 17:00,20.32,20.2,20.5,59,0.983
2024-08-15 18:00,20.41,20.3,20.5,60,1.0
2024-08-15 19:00,20.44,20.3,20.6,59,0.983
2024-08-15 20:00,20.44,20.3,20.7,60,1.0
2024-08-15 21:00,20.43,20.3,20.5,60,1.0
2024-08-15 22:00,20.4,20.3,20.5,60,1.0
2024-08-15 23:00,20.33,20.2,20.6,59,0.983
2024-08-16 00:00,20.31,20.2,20.5,59,0.983
2024-08-16 01:00,20.3,20.2,20.4,60,1.0
2024-08-16 02:00,20.28,20.2,20.4,59,0.983
2024-08-16 03:00,20.31,20.2,20.4,60,1.0
2024-08-16 04:00,20.31,20.2,20.5,57,0.95
2024-08-16 05:00,20.35,20.2,20.6,48,0.8
2024-08-16 06:00,20.31,20.2,20.5,57,0.95
2024-08-16 07:00,20.32,20.2,20.5,50,0.833
2024-08-16 08:00,20.24,20.1,20.4,47,0.783
2024-08-16 09:00,20.27,20.2,20.5,56,0.933
2024-08-16 10:00,20.26,20.1,20.4,57,0.95
2024-08-16 11:00,20.26,20.2,20.4,59,0.983
2024-08-16 12:00,20.23,20.1,20.3,59,0.983
2024-08-16 13:00,20.25,20.1,20.4,59,0.983
2024-08-16 14:00,20.26,20.2,20.4,60,1.0
2024-08-16 15:00,20.28,20.2,20.5,60,1.0
2024-08-16 16:00,20.29,20.2,20.4,60,1.0
2024-08-16 17:00,20.27,20.2,20.4,60,1.0
2024-08-16 18:00,20.33,20.2,20.6,60,1.0
2024-08-16 19:00,20.37,20.3,20.5,60,1.0
2024-08-16 20:00,20.35,20.2,20.5,60,1.0
2024-08-16 21:00,20.39,20.3,20.5,60,1.0
2024-08-16 22:00,20.38,20.3,20.5,59,0.983
2024-08-16 23:00,20.31,20.2,20.5,60,1.0
2024-08-17 00:00,20.27,20.2,20.4,60,1.0
2024-08-17 01:00,20.26,20.1,20.4,60,1.0
2024-08-17 02:00,20.27,20.2,20.4,60,1.0
2024-08-17 03:00,20.28,20.2,20.4,60,1.0
2024-08-17 04:00,20.27,20.1,20.4,60,1.0
2024-08-17 05:00,20.25,20.1,20.4,59,0.983
2024-08-17 06:00,20.2,20.1,20.4,60,1.0
2024-08-17 07:00,20.26,20.1,20.6,60,1.0
2024-08-17 08:00,20.19,20.1,20.3,60,1.0
2024-08-17 09:00,20.15,20.0,20.3,60,1.0
2024-08-17 10:00,20.18,20.0,20.4,60,1.0
2024-08-17 11:00,20.13,20.0,20.3,60,1.0
2024-08-17 12:00,20.17,20.0,20.4,60,1.0
2024-08-17 13:00,20.21,20.1,20.4,58,0.967
2024-08-17 14:00,20.24,20.1,20.4,60,1.0
2024-08-17 15:00,20.2,20.1,20.5,60,1.0
2024-08-17 16:00,20.18,20.1,20.3,60,1.0
2024-08-17 17:00,20.22,20.1,20.5,53,0.883
2024-08-17 18:00,20.27,20.2,20.4,47,0.783
2024-08-17 19:00,20.31,20.2,20.5,52,0.867
2024-08-17 20:00,20.33,20.2,20.5,51,0.85
2024-08-17 21:00,20.3,20.1,20.4,58,0.967
2024-08-17 22:00,20.23,20.1,20.4,60,1.0
2024-08-17 23:00,20.21,20.1,20.3,60,1.0
2024-08-18 00:00,20.21,20.1,20.3,55,0.917
2024-08-18 01:00,20.21,20.1,20.3,60,1.0
2024-08-18 02:00,20.2,20.1,20.3,60,1.0
2024-08-18 03:00,20.2,20.1,20.4,60,1.0
2024-08-18 04:00,20.18,20.1,20.3,60,1.0
2024-08-18 05:00,20.45,20.1,21.0,60,1.0
2024-08-18 06:00,20.73,20.6,20.9,60,1.0
2024-08-18 07:00,20.78,20.6,21.0,60,1.0
2024-08-18 08:00,20.75,20.6,21.0,58,0.967
2024-08-18 09:00,20.7,20.6,20.9,60,1.0
2024-08-18 10:00,20.81,20.6,21.0,60,1.0
2024-08-18 11:00,21.04,20.7,21.3,60,1.0
2024-08-18 12:00,21.25,21.1,21.4,60,1.0
2024-08-18 13:00,21.26,21.1,21.4,58,0.967
2024-08-18 14:00,21.29,21.2,21.5,60,1.0
2024-08-18 15:00,21.31,21.1,21.4,59,0.983
2024-08-18 16:00,21.32,21.1,21.5,60,1.0
2024-08-18 17:00,21.32,21.2,21.5,59,0.983
2024-08-18 18:00,21.31,20.7,21.5,59,0.983
2024-08-18 19:00,20.78,20.6,21.0,60,1.0
2024-08-18 20:00,20.74,20.6,20.9,60,1.0
2024-08-18 21:00,20.81,20.6,21.0,60,1.0
2024-08-18 22:00,20.87,20.7,21.0,60,1.0
2024-08-18 23:00,20.87,20.8,21.0,60,1.0
2024-08-19 00:00,20.86,20.7,21.0,60,1.0
2024-08-19 01:00,20.86,20.7,21.0,60,1.0
2024-08-19 02:00,20.86,20.7,21.0,60,1.0
2024-08-19 03:00,20.83,20.6,21.1,58,0.967
2024-08-19 04:00,20.8,20.7,21.0,59,0.983
2024-08-19 05:00,20.79,20.6,21.0,60,1.0
2024-08-19 06:00,20.93,20.7,21.1,57,0.95
2024-08-19 07:00,20.83,20.7,21.0,47,0.783
2024-08-19 08:00,20.9,20.7,21.2,60,1.0
2024-08-19 09:00,21.17,20.9,21.3,60,1.0
2024-08-19 10:00,21.32,21.1,21.5,60,1.0
2024-08-19 11:00,21.41,21.2,21.6,59,0.983
2024-08-19 12:00,21.46,21.3,21.7,60,1.0
2024-08-19 13:00,21.48,21.3,21.7,60,1.0
2024-08-19 14:00,21.51,21.3,21.7,59,0.983
2024-08-19 15:00,21.51,21.4,21.7,57,0.95
2024-08-19 16:00,21.57,21.4,21.7,60,1.0
2024-08-19 17:00,21.55,21.3,21.7,60,1.0
2024-08-19 18:00,21.54,21.3,21.7,60,1.0
2024-08-19 19:00,21.5,21.3,21.6,60,1.0
2024-08-19 20:00,21.49,21.3,21.6,60,1.0
2024-08-19 21:00,21.55,21.4,21.7,60,1.0
2024-08-19 22:00,21.57,21.4,21.7,59,0.983
2024-08-19 23:00,21.6,21.4,21.9,60,1.0
2024-08-20 00:00,21.61,21.5,21.8,60,1.0
2024-08-20 11:00,21.39,21.2,21.5,49,0.817
2024-08-20 12:00,21.37,21.2,21.6,60,1.0
2024-08-20 13:00,21.32,21.2,21.5,60,1.0
2024-08-20 14:00,21.32,21.2,21.5,59,0.983
2024-08-20 15:00,21.34,21.2,21.5,60,1.0
2024-08-20 16:00,21.4,21.3,21.6,60,1.0
2024-08-20 17:00,21.42,21.2,21.6,60,1.0
2024-08-20 18:00,21.36,20.9,21.6,60,1.0
2024-08-20 19:00,21.09,20.9,21.3,60,1.0
2024-08-20 20:00,20.96,20.9,21.1,60,1.0
2024-08-20 21:00,20.96,20.8,21.1,60,1.0
2024-08-20 22:00,21.02,20.8,21.2,60,1.0
2024-08-20 23:00,21.04,20.9,21.4,60,1.0
2024-08-21 00:00,21.05,20.9,21.3,60,1.0
2024-08-21 01:00,21.0,20.8,21.2,60,1.0
2024-08-21 02:00,20.99,20.8,21.2,60,1.0
2024-08-21 03:00,20.97,20.8,21.1,60,1.0
2024-08-21 04:00,20.95,20.8,21.1,60,1.0
2024-08-21 05:00,20.91,20.8,21.3,60,1.0
2024-08-21 06:00,20.93,20.8,21.1,55,0.917
2024-08-21 07:00,21.08,20.9,21.3,40,0.667
2024-08-21 08:00,21.35,21.1,21.6,60,1.0
2024-08-21 09:00,21.44,21.2,21.6,60,1.0
2024-08-21 10:00,21.53,21.4,21.8,60,1.0
2024-08-21 11:00,21.61,21.5,21.8,60,1.0
2024-08-21 12:00,21.66,21.5,21.8,60,1.0
2024-08-21 13:00,21.63,21.5,21.8,60,1.0
2024-08-21 14:00,21.64,21.5,21.9,60,1.0
2024-08-21 15:00,21.66,21.5,21.8,60,1.0
2024-08-21 16:00,21.7,21.5,21.9,60,1.0
2024-08-21 17:00,21.76,21.6,22.0,60,1.0
2024-08-21 18:00,21.74,21.6,21.9,60,1.0
2024-08-21 19:00,21.81,21.7,22.0,59,0.983
2024-08-21 20:00,21.83,21.6,22.0,60,1.0
2024-08-21 21:00,21.76,21.0,22.2,60,1.0
2024-08-21 22:00,21.72,21.5,21.9,60,1.0
2024-08-21 23:00,21.74,21.6,22.0,60,1.0
2024-08-22 00:00,21.73,21.6,21.9,60,1.0
2024-08-22 01:00,21.76,21.6,21.9,56,0.933
2024-08-22 02:00,21.8,21.6,22.0,49,0.817
2024-08-22 03:00,21.79,21.6,22.0,60,1.0
2024-08-22 04:00,21.8,21.6,22.0,60,1.0
2024-08-22 05:00,21.83,21.6,22.0,60,1.0
2024-08-22 06:00,21.82,21.6,22.0,60,1.0
2024-08-22 07:00,21.73,21.6,21.9,60,1.0
2024-08-22 08:00,21.73,21.6,22.0,60,1.0
2024-08-22 09:00,21.78,21.6,22.0,60,1.0
2024-08-22 10:00,21.73,21.6,21.9,60,1.0
2024-08-22 11:00,21.76,21.6,22.0,60,1.0
2024-08-22 12:00,21.71,21.6,21.9,59,0.983
2024-08-22 13:00,21.77,21.6,21.9,60,1.0
2024-08-22 14:00,21.76,21.6,21.9,59,0.983
2024-08-22 15:00,21.79,21.7,21.9,60,1.0
2024-08-22 16:00,21.7,21.6,21.8,60,1.0
2024-08-22 17:00,21.75,21.6,21.9,60,1.0
2024-08-22 18:00,21.8,21.6,22.0,60,1.0
2024-08-22 19:00,21.86,21.7,22.0,60,1.0
2024-08-22 20:00,21.82,21.6,22.0,60,1.0
2024-08-22 21:00,21.78,21.6,22.0,60,1.0
2024-08-22 22:00,21.77,21.6,21.9,60,1.0
2024-08-22 23:00,21.72,21.6,21.9,60,1.0
2024-08-23 00:00,21.72,21.6,21.9,60,1.0
2024-08-23 01:00,21.72,21.6,21.9,60,1.0
2024-08-23 02:00,21.73,21.6,21.9,60,1.0
2024-08-23 03:00,21.71,21.6,21.9,60,1.0
2024-08-23 04:00,21.7,21.6,21.9,60,1.0
2024-08-23 05:00,21.72,21.6,21.9,60,1.0
2024-08-23 06:00,21.71,21.6,21.8,59,0.983
2024-08-23 07:00,21.75,21.5,21.9,60,1.0
2024-08-23 08:00,21.63,21.4,21.9,60,1.0
2024-08-23 09:00,21.62,21.4,22.0,60,1.0
2024-08-23 10:00,21.67,21.6,21.8,60,1.0
2024-08-23 11:00,21.66,21.5,21.8,57,0.95
2024-08-23 12:00,21.67,21.5,21.8,59,0.983
2024-08-23 13:00,21.68,21.5,21.8,60,1.0
2024-08-23 14:00,21.67,21.5,21.9,60,1.0
2024-08-23 15:00,21.7,21.5,21.9,60,1.0
2024-08-23 16:00,21.69,21.6,21.9,60,1.0
2024-08-23 17:00,21.69,21.6,21.8,51,0.85
2024-08-23 18:00,21.71,21.6,21.8,49,0.817
2024-08-23 19:00,21.73,21.6,21.9,48,0.8
2024-08-23 20:00,21.76,21.6,21.9,5,0.083
2024-08-24 11:00,21.66,21.6,21.8,13,0.217
2024-08-24 12:00,21.67,21.5,21.9,60,1.0
2024-08-24 13:00,21.67,21.5,21.8,60,1.0
2024-08-24 14:00,21.68,21.5,21.9,60,1.0
2024-08-24 15:00,21.7,21.6,21.9,60,1.0
2024-08-24 16:00,21.73,21.6,21.9,60,1.0
2024-08-24 17:00,21.74,21.7,21.9,60,1.0
2024-08-24 18:00,21.73,21.6,22.0,56,0.933
2024-08-24 19:00,21.67,21.6,21.8,60,1.0
2024-08-24 20:00,21.68,21.6,21.8,60,1.0
2024-08-24 21:00,21.75,21.6,21.9,60,1.0
2024-08-24 22:00,21.77,21.6,21.9,60,1.0
2024-08-24 23:00,21.74,21.6,21.8,60,1.0
2024-08-25 00:00,21.7,21.5,21.9,60,1.0
2024-08-25 01:00,21.64,21.5,21.8,60,1.0
2024-08-25 02:00,21.61,21.5,21.7,60,1.0
2024-08-25 03:00,21.6,21.5,21.8,60,1.0
2024-08-25 04:00,21.58,21.5,21.7,60,1.0
2024-08-25 05:00,21.58,21.5,21.7,60,1.0
2024-08-25 06:00,21.58,21.5,21.8,60,1.0
2024-08-25 07:00,21.58,21.4,21.7,60,1.0
2024-08-25 08:00,21.5,21.3,21.7,60,1.0
2024-08-25 09:00,21.52,21.4,21.7,60,1.0
2024-08-25 10:00,21.59,21.4,21.7,60,1.0
2024-08-25 11:00,21.6,21.4,21.8,60,1.0
2024-08-25 12:00,21.61,21.5,21.7,60,1.0
2024-08-25 13:00,21.57,21.4,21.8,60,1.0
2024-08-25 14:00,21.54,21.4,21.7,59,0.983
2024-08-25 15:00,21.51,21.4,21.7,49,0.817
2024-08-25 16:00,21.53,21.4,21.8,48,0.8
2024-08-25 17:00,21.53,21.4,21.7,59,0.983
2024-08-25 18:00,21.58,21.4,21.7,60,1.0
2024-08-25 19:00,21.54,21.4,21.7,60,1.0
2024-08-25 20:00,21.52,21.4,21.6,60,1.0
2024-08-25 21:00,21.57,21.4,21.7,59,0.983
2024-08-25 22:00,21.6,21.5,21.8,60,1.0
2024-08-25 23:00,21.59,21.5,21.8,60,1.0
2024-08-26 00:00,21.56,21.4,21.7,60,1.0
2024-08-26 01:00,21.5,21.3,21.7,60,1.0
2024-08-26 02:00,21.44,21.3,21.6,60,1.0
2024-08-26 03:00,21.43,21.3,21.6,60,1.0
2024-08-26 04:00,21.4,21.3,21.5,60,1.0
2024-08-26 05:00,21.4,21.3,21.6,60,1.0
2024-08-26 06:00,21.4,21.3,21.6,60,1.0
2024-08-26 07:00,21.46,21.3,21.6,60,1.0
2024-08-26 08:00,21.4,21.3,21.6,60,1.0
2024-08-26 09:00,21.39,21.2,21.6,60,1.0
2024-08-26 10:00,21.45,21.3,21.6,60,1.0
2024-08-26 11:00,21.48,21.4,21.7,60,1.0
2024-08-26 12:00,21.48,21.4,21.7,60,1.0
2024-08-26 13:00,21.47,21.3,21.7,60,1.0
2024-08-26 14:00,21.46,21.3,21.6,60,1.0
2024-08-26 15:00,21.47,21.3,21.6,60,1.0
2024-08-26 16:00,21.5,21.4,21.6,60,1.0
2024-08-26 17:00,21.48,21.4,21.6,59,0.983
2024-08-26 18:00,21.48,21.4,21.6,59,0.983
2024-08-26 19:00,21.49,21.4,21.6,60,1.0
2024-08-26 20:00,21.5,21.4,21.6,59,0.983
2024-08-26 21:00,21.54,21.4,21.7,60,1.0
2024-08-26 22:00,21.62,21.5,21.8,60,1.0
2024-08-26 23:00,21.6,21.5,21.7,58,0.967
2024-08-27 00:00,21.56,21.4,21.8,60,1.0
2024-08-27 01:00,21.49,21.4,21.7,58,0.967
2024-08-27 02:00,21.46,21.4,21.6,60,1.0
2024-08-27 03:00,21.45,21.3,21.6,60,1.0
2024-08-27 04:00,21.42,21.3,21.5,60,1.0
2024-08-27 05:00,21.4,21.3,21.7,50,0.833
2024-08-27 06:00,21.39,21.3,21.5,49,0.817
2024-08-27 07:00,21.44,21.3,21.7,59,0.983
2024-08-27 08:00,21.38,21.2,21.5,60,1.0
2024-08-27 09:00,21.35,21.2,21.5,60,1.0
2024-08-27 10:00,21.45,21.3,21.6,59,0.983
2024-08-27 11:00,21.46,21.3,21.6,60,1.0
2024-08-27 12:00,21.43,21.3,21.6,60,1.0
2024-08-27 13:00,21.37,21.3,21.6,59,0.983
2024-08-27 14:00,21.38,21.3,21.5,60,1.0
2024-08-27 15:00,21.45,21.3,21.6,60,1.0
2024-08-27 16:00,21.49,21.4,21.6,60,1.0
2024-08-27 17:00,21.44,21.3,21.6,60,1.0
2024-08-27 18:00,21.41,21.3,21.6,60,1.0
2024-08-27 19:00,21.4,21.3,21.6,60,1.0
2024-08-27 20:00,21.41,21.3,21.6,60,1.0
2024-08-27 21:00,21.45,21.3,21.8,59,0.983
2024-08-27 22:00,21.47,21.3,21.7,60,1.0
2024-08-27 23:00,21.5,21.3,21.6,60,1.0
2024-08-28 00:00,21.49,21.3,21.6,60,1.0
2024-08-28 01:00,21.46,21.3,21.6,60,1.0
2024-08-28 02:00,21.4,21.2,21.7,60,1.0
2024-08-28 03:00,21.37,21.2,21.5,59,0.983
2024-08-28 04:00,21.32,21.2,21.4,59,0.983
2024-08-28 05:00,21.28,21.2,21.4,60,1.0
2024-08-28 06:00,21.31,21.2,21.5,60,1.0
2024-08-28 07:00,21.32,21.2,21.5,60,1.0
2024-08-28 08:00,21.3,21.2,21.4,60,1.0
2024-08-28 09:00,21.24,21.1,21.4,60,1.0
2024-08-28 10:00,21.24,21.1,21.5,60,1.0
2024-08-28 11:00,21.25,21.1,21.5,60,1.0
2024-08-28 12:00,21.26,21.2,21.3,60,1.0
2024-08-28 13:00,21.3,21.2,21.6,60,1.0
2024-08-28 14:00,21.27,21.2,21.4,60,1.0
2024-08-28 15:00,21.32,21.2,21.6,60,1.0
2024-08-28 16:00,21.35,21.2,21.5,60,1.0
2024-08-28 17:00,21.34,21.2,21.5,60,1.0
2024-08-28 18:00,21.4,21.3,21.8,60,1.0
2024-08-28 19:00,21.33,21.2,21.5,60,1.0
2024-08-28 20:00,21.31,21.2,21.5,60,1.0
2024-08-28 21:00,21.33,21.2,21.5,60,1.0
2024-08-28 22:00,21.38,21.3,21.5,60,1.0
2024-08-28 23:00,21.39,21.2,21.6,60,1.0
2024-08-29 00:00,21.36,21.2,21.5,60,1.0
2024-08-29 01:00,21.31,21.2,21.5,60,1.0
2024-08-29 02:00,21.25,21.1,21.4,54,0.9
2024-08-29 03:00,21.24,21.1,21.3,60,1.0
2024-08-29 04:00,21.21,21.1,21.3,60,1.0
2024-08-29 05:00,21.18,21.1,21.3,60,1.0
2024-08-29 06:00,21.17,21.1,21.3,60,1.0
2024-08-29 07:00,21.23,21.1,21.4,60,1.0
2024-08-29 08:00,21.21,21.1,21.4,57,0.95
2024-08-29 09:00,21.18,21.0,21.4,47,0.783
2024-08-29 10:00,21.22,21.1,21.4,58,0.967
2024-08-29 11:00,21.28,21.2,21.4,59,0.983
2024-08-29 12:00,21.28,21.1,21.5,60,1.0
2024-08-29 13:00,21.29,21.1,21.4,59,0.983
2024-08-29 14:00,21.25,21.1,21.5,60,1.0
2024-08-29 15:00,21.28,21.1,21.5,60,1.0
2024-08-29 16:00,21.3,21.2,21.4,60,1.0
2024-08-29 17:00,21.32,21.1,21.4,60,1.0
2024-08-29 18:00,21.27,21.1,21.5,60,1.0
2024-08-29 19:00,21.24,21.1,21.4,60,1.0
2024-08-29 20:00,21.28,21.1,21.6,60,1.0
2024-08-29 21:00,21.32,21.2,21.6,59,0.983
2024-08-29 22:00,21.28,21.1,21.5,60,1.0
2024-08-29 23:00,21.2,21.1,21.4,60,1.0
2024-08-30 00:00,21.18,21.1,21.3,60,1.0
2024-08-30 01:00,21.17,21.0,21.4,60,1.0
2024-08-30 02:00,21.15,21.0,21.3,60,1.0
2024-08-30 03:00,21.13,21.0,21.3,60,1.0
2024-08-30 04:00,21.11,21.0,21.2,60,1.0
2024-08-30 05:00,21.1,21.0,21.2,60,1.0
2024-08-30 06:00,21.1,21.0,21.3,60,1.0
2024-08-30 07:00,21.16,21.0,21.3,60,1.0
2024-08-30 08:00,21.11,21.0,21.3,60,1.0
2024-08-30 09:00,21.09,21.0,21.2,60,1.0
2024-08-30 10:00,21.15,21.0,21.3,60,1.0
2024-08-30 11:00,21.19,21.0,21.3,60,1.0
2024-08-30 12:00,21.22,21.1,21.5,60,1.0
2024-08-30 13:00,21.22,21.1,21.3,60,1.0
2024-08-30 14:00,21.22,21.1,21.4,60,1.0
2024-08-30 15:00,21.23,21.1,21.3,60,1.0
2024-08-30 16:00,21.23,21.1,21.4,60,1.0
2024-08-30 17:00,21.24,21.1,21.4,59,0.983
2024-08-30 18:00,21.2,21.1,21.4,58,0.967
2024-08-30 19:00,21.17,21.1,21.3,60,1.0
2024-08-30 20:00,21.16,21.1,21.3,60,1.0
2024-08-30 21:00,21.19,21.1,21.3,60,1.0
2024-08-30 22:00,21.24,21.1,21.4,60,1.0
2024-08-30 23:00,21.24,21.1,21.3,60,1.0
2024-08-31 00:00,21.2,21.0,21.4,60,1.0
2024-08-31 01:00,21.15,21.0,21.3,60,1.0
2024-08-31 02:00,21.1,21.0,21.2,60,1.0
2024-08-31 03:00,21.07,21.0,21.4,49,0.817
2024-08-31 04:00,21.05,20.9,21.2,58,0.967
2024-08-31 05:00,21.05,20.9,21.3,59,0.983
2024-08-31 06:00,21.02,20.9,21.1,59,0.983
2024-08-31 07:00,21.11,21.0,21.2,60,1.0
2024-08-31 08:00,21.06,20.9,21.2,60,1.0
2024-08-31 09:00,20.99,20.9,21.1,60,1.0
2024-08-31 10:00,21.05,20.9,21.2,60,1.0
2024-08-31 11:00,21.08,20.9,21.2,60,1.0
2024-08-31 12:00,21.1,20.9,21.3,60,1.0
2024-08-31 13:00,21.04,20.9,21.2,60,1.0
2024-08-31 14:00,21.12,21.0,21.3,60,1.0
2024-08-31 15:00,21.07,20.9,21.3,60,1.0
2024-08-31 16:00,21.12,21.0,21.3,60,1.0
2024-08-31 17:00,21.18,21.0,21.3,60,1.0
2024-08-31 18:00,21.12,21.0,21.3,60,1.0
2024-08-31 19:00,21.08,21.0,21.2,60,1.0
2024-08-31 20:00,21.12,21.0,21.2,60,1.0
2024-08-31 21:00,21.12,21.0,21.3,60,1.0
2024-08-31 22:00,21.15,21.0,21.3,60,1.0
2024-08-31 23:00,21.17,21.0,21.3,60,1.0
2024-09-01 00:00,21.15,21.0,21.4,60,1.0
2024-09-01 01:00,21.13,20.9,21.4,60,1.0
2024-09-01 02:00,21.1,21.0,21.2,60,1.0
2024-09-01 03:00,21.06,20.9,21.2,60,1.0
2024-09-01 04:00,21.06,20.9,21.2,60,1.0
2024-09-01 05:00,21.03,20.9,21.4,60,1.0
2024-09-01 06:00,20.98,20.9,21.1,60,1.0
2024-09-01 07:00,21.01,20.9,21.2,60,1.0
2024-09-01 08:00,21.0,20.9,21.2,60,1.0
2024-09-01 09:00,20.92,20.8,21.0,60,1.0
2024-09-01 10:00,20.98,20.8,21.1,60,1.0
2024-09-01 11:00,20.98,20.8,21.1,58,0.967
2024-09-01 12:00,20.99,20.9,21.2,59,0.983
2024-09-01 13:00,21.0,20.9,21.2,58,0.967
2024-09-01 14:00,21.0,20.9,21.2,60,1.0
2024-09-01 15:00,20.98,20.9,21.1,53,0.883
2024-09-01 16:00,20.98,20.9,21.1,51,0.85
2024-09-01 17:00,21.03,20.9,21.2,48,0.8
2024-09-01 18:00,21.01,20.9,21.2,60,1.0
2024-09-01 19:00,20.97,20.9,21.1,60,1.0
2024-09-01 20:00,21.05,20.9,21.2,60,1.0
2024-09-01 21:00,21.04,20.9,21.2,60,1.0
2024-09-01 22:00,20.96,20.9,21.1,60,1.0
2024-09-01 23:00,20.96,20.9,21.2,60,1.0
2024-09-02 00:00,20.98,20.9,21.1,60,1.0
2024-09-02 01:00,21.0,20.9,21.2,60,1.0
2024-09-02 02:00,21.02,20.9,21.2,60,1.0
2024-09-02 03:00,21.02,20.9,21.2,60,1.0
2024-09-02 04:00,21.03,20.9,21.3,60,1.0
2024-09-02 05:00,21.0,20.9,21.1,59,0.983
2024-09-02 06:00,20.99,20.9,21.2,60,1.0
2024-09-02 07:00,20.98,20.8,21.1,60,1.0
2024-09-02 08:00,20.9,20.8,21.1,60,1.0
2024-09-02 09:00,20.92,20.8,21.3,60,1.0
2024-09-02 10:00,20.94,20.8,21.1,60,1.0
2024-09-02 11:00,20.99,20.8,21.1,60,1.0
2024-09-02 12:00,21.01,20.9,21.1,60,1.0
2024-09-02 13:00,21.03,20.9,21.3,59,0.983
2024-09-02 14:00,21.05,20.9,21.2,60,1.0
2024-09-02 15:00,21.05,20.9,21.2,59,0.983
2024-09-02 16:00,21.06,21.0,21.2,60,1.0
2024-09-02 17:00,21.08,20.9,21.3,60,1.0
2024-09-02 18:00,21.03,20.9,21.2,60,1.0
2024-09-02 19:00,20.98,20.9,21.1,60,1.0
2024-09-02 20:00,21.06,20.9,21.2,60,1.0
2024-09-02 21:00,21.11,20.9,21.3,59,0.983
2024-09-02 22:00,21.09,21.0,21.2,59,0.983
2024-09-02 23:00,21.07,20.9,21.3,60,1.0
2024-09-03 00:00,21.06,21.0,21.2,60,1.0
2024-09-03 01:00,21.04,20.9,21.2,59,0.983
2024-09-03 02:00,21.0,20.8,21.2,60,1.0
2024-09-03 03:00,20.97,20.8,21.2,60,1.0
2024-09-03 04:00,20.96,20.9,21.1,60,1.0
2024-09-03 05:00,20.96,20.9,21.1,60,1.0
2024-09-03 06:00,20.99,20.8,21.2,60,1.0
2024-09-03 07:00,20.95,20.8,21.1,60,1.0
2024-09-03 08:00,20.96,20.8,21.1,60,1.0
2024-09-03 09:00,21.31,20.6,22.0,57,0.95
2024-09-03 10:00,21.49,21.3,21.7,59,0.983
2024-09-03 11:00,21.36,21.2,21.6,60,1.0
2024-09-03 12:00,21.39,21.2,21.6,60,1.0
2024-09-03 13:00,21.43,21.3,21.6,60,1.0
2024-09-03 14:00,21.53,21.4,21.7,60,1.0
2024-09-03 15:00,21.62,21.5,21.8,60,1.0
2024-09-03 16:00,21.69,21.6,21.8,47,0.783
2024-09-03 17:00,21.75,21.6,21.9,59,0.983
2024-09-03 18:00,21.75,21.6,22.1,60,1.0
2024-09-03 19:00,21.74,21.6,22.1,60,1.0
2024-09-03 20:00,21.69,21.6,21.9,60,1.0
2024-09-03 21:00,21.69,21.5,21.8,60,1.0
2024-09-03 22:00,21.7,21.6,21.9,60,1.0
2024-09-03 23:00,21.69,21.6,21.8,60,1.0
2024-09-04 00:00,21.69,21.6,21.9,60,1.0
2024-09-04 01:00,21.7,21.6,21.9,60,1.0
2024-09-04 02:00,21.7,21.6,21.9,60,1.0
2024-09-04 03:00,21.7,21.5,21.9,60,1.0
2024-09-04 04:00,21.7,21.6,21.9,60,1.0
2024-09-04 05:00,21.76,21.6,22.0,60,1.0
2024-09-04 06:00,21.72,21.6,21.9,60,1.0
2024-09-04 07:00,21.76,21.6,22.0,60,1.0
2024-09-04 08:00,21.87,21.6,22.0,60,1.0
2024-09-04 09:00,21.93,21.8,22.1,60,1.0
2024-09-04 10:00,21.99,21.8,22.2,60,1.0
2024-09-04 11:00,22.03,21.8,22.3,60,1.0
2024-09-04 12:00,22.1,21.9,22.2,60,1.0
2024-09-04 13:00,22.11,21.9,22.3,60,1.0
2024-09-04 14:00,22.12,22.0,22.3,60,1.0
2024-09-04 15:00,22.1,21.9,22.3,60,1.0
2024-09-04 16:00,22.1,21.9,22.3,60,1.0
2024-09-04 17:00,22.01,21.9,22.1,60,1.0
2024-09-04 18:00,22.02,21.9,22.2,60,1.0
2024-09-04 19:00,22.07,21.9,22.3,60,1.0
2024-09-04 20:00,22.15,22.0,22.3,60,1.0
2024-09-04 21:00,22.12,22.0,22.3,60,1.0
2024-09-04 22:00,22.07,21.9,22.3,59,0.983
2024-09-04 23:00,22.04,21.9,22.3,59,0.983
2024-09-05 00:00,21.98,21.8,22.1,60,1.0
2024-09-05 01:00,22.03,21.9,22.2,60,1.0
2024-09-05 02:00,21.98,21.8,22.1,60,1.0
2024-09-05 03:00,21.96,21.8,22.1,60,1.0
2024-09-05 04:00,21.92,21.8,22.1,60,1.0
2024-09-05 05:00,21.93,21.8,22.1,60,1.0
2024-09-05 06:00,21.98,21.8,22.2,59,0.983
2024-09-05 07:00,21.95,21.8,22.2,50,0.833
2024-09-05 08:00,21.94,21.8,22.2,59,0.983
2024-09-05 09:00,21.9,21.7,22.1,60,1.0
2024-09-05 10:00,21.74,21.2,22.1,60,1.0
2024-09-05 11:00,21.43,21.3,21.6,60,1.0
2024-09-05 12:00,21.37,21.2,21.5,59,0.983
2024-09-05 13:00,21.44,21.2,21.6,60,1.0
2024-09-05 14:00,21.59,21.4,21.7,60,1.0
2024-09-05 15:00,21.68,21.5,21.9,60,1.0
2024-09-05 16:00,21.73,21.6,21.9,60,1.0
2024-09-05 17:00,21.77,21.3,22.2,60,1.0
2024-09-05 18:00,21.97,21.8,22.3,56,0.933
2024-09-05 19:00,21.84,21.7,22.0,60,1.0
2024-09-05 20:00,21.76,21.5,22.1,60,1.0
2024-09-05 21:00,21.71,21.6,21.8,60,1.0
2024-09-05 22:00,21.67,21.5,21.8,60,1.0
2024-09-05 23:00,21.64,21.5,21.8,60,1.0
2024-09-06 00:00,21.59,21.4,21.7,60,1.0
2024-09-06 01:00,21.56,21.4,21.7,60,1.0
2024-09-06 02:00,21.54,21.4,21.7,60,1.0
2024-09-06 03:00,21.52,21.4,21.7,60,1.0
2024-09-06 04:00,21.47,21.4,21.6,60,1.0
2024-09-06 05:00,21.46,21.3,21.6,47,0.783
2024-09-06 06:00,21.34,21.2,21.6,59,0.983
2024-09-06 07:00,21.5,21.2,21.8,60,1.0
2024-09-06 08:00,21.74,21.5,22.0,60,1.0
2024-09-06 09:00,21.89,21.7,22.1,59,0.983
2024-09-06 10:00,22.01,21.8,22.2,47,0.783
2024-09-06 11:00,22.17,22.0,22.4,50,0.833
2024-09-06 12:00,22.2,22.0,22.4,54,0.9
2024-09-06 13:00,22.27,22.1,22.6,60,1.0
2024-09-06 14:00,22.35,22.1,22.5,60,1.0
2024-09-06 15:00,22.33,22.1,22.5,60,1.0
2024-09-06 16:00,22.31,22.1,22.6,60,1.0
2024-09-06 17:00,22.25,22.1,22.4,60,1.0
2024-09-06 18:00,22.31,22.2,22.5,59,0.983
2024-09-06 19:00,22.43,22.2,22.6,60,1.0
2024-09-06 20:00,22.44,22.2,22.6,60,1.0
2024-09-06 21:00,22.45,22.3,22.6,60,1.0
2024-09-06 22:00,22.42,22.3,22.6,60,1.0
2024-09-06 23:00,22.43,22.3,22.8,60,1.0
2024-09-07 00:00,22.35,22.2,22.6,60,1.0
2024-09-07 01:00,22.29,22.1,22.5,60,1.0
2024-09-07 02:00,22.27,22.1,22.4,60,1.0
2024-09-07 03:00,22.26,22.1,22.5,60,1.0
2024-09-07 04:00,22.26,22.1,22.4,60,1.0
2024-09-07 05:00,22.25,22.1,22.4,60,1.0
2024-09-07 06:00,22.27,22.1,22.5,59,0.983
2024-09-07 07:00,22.27,22.1,22.5,60,1.0
2024-09-07 08:00,22.24,22.1,22.4,60,1.0
2024-09-07 09:00,22.23,22.1,22.4,60,1.0
2024-09-07 10:00,22.38,22.2,22.6,60,1.0
2024-09-07 11:00,22.4,22.2,22.6,60,1.0
2024-09-07 12:00,22.39,22.3,22.6,60,1.0
2024-09-07 13:00,22.37,22.2,22.7,60,1.0
2024-09-07 14:00,22.4,22.2,22.6,60,1.0
2024-09-07 15:00,22.48,22.3,22.6,60,1.0
2024-09-07 16:00,22.42,22.2,22.6,60,1.0
2024-09-07 17:00,22.39,22.3,22.5,60,1.0
2024-09-07 18:00,22.39,22.2,22.6,60,1.0
2024-09-07 19:00,22.39,22.3,22.6,60,1.0
2024-09-07 20:00,22.45,22.3,22.7,60,1.0
2024-09-07 21:00,22.48,22.3,22.7,59,0.983
2024-09-07 22:00,22.5,22.4,22.7,60,1.0
2024-09-07 23:00,22.51,22.4,22.7,59,0.983
2024-09-08 00:00,22.5,22.4,22.7,60,1.0
2024-09-08 01:00,22.47,22.3,22.7,60,1.0
2024-09-08 02:00,22.44,22.2,23.3,60,1.0
2024-09-08 03:00,22.41,22.2,22.6,59,0.983
2024-09-08 04:00,22.36,22.2,22.6,60,1.0
2024-09-08 05:00,22.33,22.2,22.5,59,0.983
2024-09-08 06:00,22.37,22.2,22.6,60,1.0
2024-09-08 07:00,22.3,22.1,22.5,60,1.0
2024-09-08 08:00,22.33,22.2,22.6,60,1.0
2024-09-08 09:00,22.32,22.2,22.5,60,1.0
2024-09-08 10:00,22.32,22.2,22.5,60,1.0
2024-09-08 11:00,22.34,22.2,22.5,60,1.0
2024-09-08 12:00,22.35,22.2,22.6,60,1.0
2024-09-08 13:00,22.36,22.2,22.6,50,0.833
2024-09-08 14:00,22.39,21.8,22.9,47,0.783
2024-09-08 15:00,22.4,22.2,22.6,60,1.0
2024-09-08 16:00,22.47,22.3,22.6,59,0.983
2024-09-08 17:00,22.44,22.3,22.6,60,1.0
2024-09-08 18:00,22.38,22.3,22.6,60,1.0
2024-09-08 19:00,22.38,22.3,22.5,60,1.0
2024-09-08 20:00,22.45,22.3,22.6,51,0.85
2024-09-08 21:00,22.48,22.3,22.7,56,0.933
2024-09-08 22:00,22.48,22.3,22.7,59,0.983
2024-09-08 23:00,22.51,22.4,22.8,55,0.917
2024-09-09 00:00,22.48,22.3,22.7,56,0.933
2024-09-09 01:00,22.5,22.4,22.7,59,0.983
2024-09-09 02:00,22.46,22.3,22.6,39,0.65
2024-09-09 03:00,22.48,22.3,22.7,57,0.95
2024-09-09 04:00,22.06,21.3,22.5,60,1.0
2024-09-09 05:00,22.08,21.5,22.3,60,1.0
2024-09-09 06:00,22.05,21.8,22.2,60,1.0
2024-09-09 07:00,22.17,22.0,22.4,59,0.983
2024-09-09 08:00,22.13,21.9,22.3,58,0.967
2024-09-09 09:00,22.01,21.8,22.4,60,1.0
2024-09-09 10:00,22.04,21.9,22.2,60,1.0
2024-09-09 11:00,22.18,21.0,29.7,57,0.95
2024-09-09 12:00,54.91,31.6,59.0,57,0.95
2024-09-09 13:00,58.89,58.6,59.2,60,1.0
2024-09-09 14:00,58.68,58.4,59.1,59,0.983
2024-09-09 15:00,58.43,58.1,58.7,59,0.983
2024-09-09 16:00,58.14,57.9,58.4,60,1.0
2024-09-09 17:00,57.81,57.5,58.0,60,1.0
2024-09-09 18:00,57.49,57.1,58.0,60,1.0
2024-09-09 19:00,57.21,56.8,57.5,60,1.0
2024-09-09 20:00,56.87,56.5,57.2,60,1.0
2024-09-09 21:00,56.56,56.4,56.9,60,1.0
2024-09-09 22:00,56.3,56.1,56.5,60,1.0
2024-09-09 23:00,56.1,55.9,56.5,59,0.983
2024-09-10 00:00,55.88,55.7,56.1,59,0.983
2024-09-10 01:00,55.64,55.4,55.8,60,1.0
2024-09-10 02:00,55.47,55.3,55.7,60,1.0
2024-09-10 03:00,55.27,55.1,55.5,57,0.95
2024-09-10 04:00,55.09,54.9,55.3,60,1.0
2024-09-10 05:00,54.91,54.7,55.2,60,1.0
2024-09-10 06:00,54.75,54.6,55.1,60,1.0
2024-09-10 07:00,54.73,54.5,55.0,60,1.0
2024-09-10 08:00,54.59,54.2,54.9,60,1.0
2024-09-10 09:00,54.44,54.1,54.7,60,1.0
2024-09-10 10:00,54.16,53.9,54.4,60,1.0
2024-09-10 11:00,54.02,53.8,54.3,60,1.0
2024-09-10 12:00,53.89,53.6,54.1,60,1.0
2024-09-10 13:00,53.62,53.4,53.9,60,1.0
2024-09-10 14:00,53.38,53.1,53.7,60,1.0
2024-09-10 15:00,53.1,52.7,53.4,60,1.0
2024-09-10 16:00,52.77,52.6,53.1,60,1.0
2024-09-10 17:00,52.54,52.4,52.8,60,1.0
2024-09-10 18:00,52.73,52.4,53.5,60,1.0
2024-09-10 19:00,52.76,52.5,53.0,60,1.0
2024-09-10 20:00,52.64,52.4,52.9,60,1.0
2024-09-10 21:00,52.56,52.3,52.8,60,1.0
2024-09-10 22:00,52.52,52.2,52.8,60,1.0
2024-09-10 23:00,52.28,52.0,52.6,60,1.0
2024-09-11 00:00,52.2,52.0,52.5,60,1.0
2024-09-11 01:00,52.07,51.9,52.3,60,1.0
2024-09-11 02:00,51.98,51.8,52.2,60,1.0
2024-09-11 03:00,51.86,51.7,52.1,60,1.0
2024-09-11 04:00,51.81,51.6,52.1,60,1.0
2024-09-11 05:00,51.73,51.5,52.0,60,1.0
2024-09-11 06:00,51.6,51.5,51.8,60,1.0
2024-09-11 07:00,51.62,51.3,51.9,60,1.0
2024-09-11 08:00,51.39,51.2,51.7,60,1.0
2024-09-11 09:00,51.38,51.2,51.6,49,0.817
2024-09-11 10:00,51.25,51.0,51.4,48,0.8
2024-09-11 11:00,51.03,50.7,51.3,50,0.833
2024-09-11 12:00,50.75,50.5,50.9,59,0.983
2024-09-11 13:00,50.52,50.3,50.8,60,1.0
2024-09-11 14:00,50.39,50.0,50.7,60,1.0
2024-09-11 15:00,50.05,49.8,50.3,60,1.0
2024-09-11 16:00,49.88,49.7,50.1,60,1.0
2024-09-11 17:00,49.76,49.6,49.9,60,1.0
2024-09-11 18:00,49.69,49.5,49.9,59,0.983
2024-09-11 19:00,49.74,49.6,50.0,59,0.983
2024-09-11 20:00,49.7,49.5,49.9,60,1.0
2024-09-11 21:00,49.59,49.4,49.8,60,1.0
2024-09-11 22:00,49.48,49.2,49.7,60,1.0
2024-09-11 23:00,49.35,49.1,49.6,60,1.0
2024-09-12 00:00,49.23,49.0,49.5,60,1.0
2024-09-12 01:00,49.04,48.8,49.3,60,1.0
2024-09-12 02:00,48.95,48.7,49.2,60,1.0
2024-09-12 03:00,48.9,48.7,49.1,60,1.0
2024-09-12 04:00,48.77,48.6,49.1,59,0.983
2024-09-12 05:00,48.7,48.5,49.0,60,1.0
2024-09-12 06:00,48.61,48.4,49.0,60,1.0
2024-09-12 07:00,48.56,48.3,48.9,60,1.0
2024-09-12 08:00,48.56,48.3,48.8,60,1.0
2024-09-12 09:00,48.42,48.2,48.7,60,1.0
2024-09-12 10:00,48.16,47.9,48.7,60,1.0
2024-09-12 11:00,48.08,47.8,48.3,60,1.0
2024-09-12 12:00,47.97,47.8,48.2,60,1.0
2024-09-12 13:00,47.83,47.7,48.0,60,1.0
2024-09-12 14:00,47.67,47.4,47.9,60,1.0
2024-09-12 15:00,47.45,47.2,47.6,60,1.0
2024-09-12 16:00,47.36,47.1,47.6,60,1.0
2024-09-12 17:00,47.25,47.0,47.4,60,1.0
2024-09-12 18:00,46.96,46.8,47.3,60,1.0
2024-09-12 19:00,46.98,46.8,47.2,60,1.0
2024-09-12 20:00,46.96,46.5,47.7,54,0.9
2024-09-12 21:00,46.8,46.4,47.3,60,1.0
2024-09-12 22:00,48.53,47.3,50.0,59,0.983
2024-09-12 23:00,51.12,49.8,52.3,58,0.967
2024-09-13 00:00,52.68,52.1,53.1,58,0.967
2024-09-13 01:00,53.26,52.9,53.8,51,0.85
2024-09-13 02:00,54.06,53.5,54.6,59,0.983
2024-09-13 03:00,54.4,54.2,54.6,49,0.817
2024-09-13 04:00,54.6,54.4,54.8,55,0.917
2024-09-13 05:00,54.76,54.6,55.0,60,1.0
2024-09-13 06:00,54.83,54.7,55.0,60,1.0
2024-09-13 07:00,54.98,54.7,55.3,60,1.0
2024-09-13 08:00,55.08,54.8,55.4,60,1.0
2024-09-13 09:00,55.08,54.9,55.4,60,1.0
2024-09-13 10:00,54.92,54.8,55.1,60,1.0
2024-09-13 11:00,54.84,54.7,55.0,60,1.0
2024-09-13 12:00,54.72,54.5,55.0,60,1.0
2024-09-13 13:00,54.7,54.3,55.1,60,1.0
2024-09-13 14:00,54.48,54.2,54.9,60,1.0
2024-09-13 15:00,54.42,54.2,54.7,60,1.0
2024-09-13 16:00,54.2,54.0,54.5,60,1.0
2024-09-13 17:00,54.08,53.9,54.4,60,1.0
2024-09-13 18:00,53.77,53.4,54.1,58,0.967
2024-09-13 19:00,53.96,53.7,54.2,60,1.0
2024-09-13 20:00,54.22,54.0,54.6,60,1.0
2024-09-13 21:00,54.45,54.2,54.6,60,1.0
2024-09-13 22:00,54.46,54.1,54.8,60,1.0
2024-09-13 23:00,54.58,54.4,54.8,60,1.0
2024-09-14 00:00,54.6,54.3,54.8,60,1.0
2024-09-14 01:00,54.62,54.4,54.8,59,0.983
2024-09-14 02:00,54.58,54.4,54.8,60,1.0
2024-09-14 03:00,54.5,54.2,54.7,59,0.983
2024-09-14 04:00,54.44,54.1,54.7,59,0.983
2024-09-14 05:00,54.28,54.1,54.5,60,1.0
2024-09-14 06:00,54.13,54.0,54.3,60,1.0
2024-09-14 07:00,54.25,54.0,54.5,60,1.0
2024-09-14 08:00,54.12,53.9,54.5,60,1.0
2024-09-14 09:00,54.1,53.9,54.3,60,1.0
2024-09-14 10:00,54.15,53.8,54.4,60,1.0
2024-09-14 11:00,54.01,53.8,54.3,60,1.0
2024-09-14 12:00,53.69,53.4,54.1,60,1.0
2024-09-14 13:00,53.54,53.3,53.8,58,0.967
2024-09-14 14:00,53.46,53.2,53.7,48,0.8
2024-09-14 15:00,53.38,53.2,53.6,58,0.967
2024-09-14 16:00,53.22,53.1,53.4,60,1.0
2024-09-14 17:00,53.06,52.7,53.3,59,0.983
2024-09-14 18:00,52.74,52.5,53.1,60,1.0
2024-09-14 19:00,52.6,52.4,52.9,60,1.0
2024-09-14 20:00,52.66,52.3,53.0,60,1.0
2024-09-14 21:00,52.46,52.3,52.8,60,1.0
2024-09-14 22:00,52.34,52.1,52.7,60,1.0
2024-09-14 23:00,52.21,52.0,52.4,60,1.0
2024-09-15 00:00,52.12,52.0,52.3,60,1.0
2024-09-15 01:00,52.07,51.9,52.4,60,1.0
2024-09-15 02:00,52.03,51.8,52.3,60,1.0
2024-09-15 03:00,52.02,51.7,52.2,59,0.983
2024-09-15 04:00,51.96,51.7,52.2,60,1.0
2024-09-15 05:00,51.89,51.7,52.0,60,1.0
2024-09-15 06:00,51.76,51.4,52.0,60,1.0
2024-09-15 07:00,51.5,51.3,51.7,60,1.0
2024-09-15 08:00,51.41,51.1,51.7,60,1.0
2024-09-15 09:00,51.15,51.0,51.4,60,1.0
2024-09-15 10:00,51.0,50.8,51.2,59,0.983
2024-09-15 11:00,50.81,50.6,51.1,60,1.0
2024-09-15 12:00,50.62,50.4,50.8,60,1.0
2024-09-15 13:00,50.42,50.2,50.8,60,1.0
2024-09-15 14:00,50.27,50.1,50.4,60,1.0
2024-09-15 15:00,50.25,50.0,50.5,60,1.0
2024-09-15 16:00,50.2,50.0,50.4,60,1.0
2024-09-15 17:00,50.11,49.8,50.4,59,0.983
2024-09-15 18:00,49.89,49.6,50.2,59,0.983
2024-09-15 19:00,49.7,49.5,49.9,60,1.0
2024-09-15 20:00,49.56,49.4,49.7,60,1.0
2024-09-15 21:00,49.48,49.3,49.7,60,1.0
2024-09-15 22:00,49.39,49.2,49.5,60,1.0
2024-09-15 23:00,49.31,49.2,49.5,60,1.0
2024-09-16 00:00,49.21,49.1,49.4,60,1.0
2024-09-16 01:00,49.16,49.0,49.3,60,1.0
2024-09-16 02:00,49.08,48.9,49.2,60,1.0
2024-09-16 03:00,49.03,48.9,49.3,60,1.0
2024-09-16 04:00,49.01,48.8,49.3,60,1.0
2024-09-16 05:00,48.93,48.8,49.2,60,1.0
2024-09-16 06:00,48.84,48.7,49.1,60,1.0
2024-09-16 07:00,48.83,48.6,49.0,57,0.95
2024-09-16 09:00,48.7,48.5,48.9,59,0.983
2024-09-16 10:00,48.6,48.3,49.1,60,1.0
2024-09-16 11:00,48.46,48.3,48.7,60,1.0
2024-09-16 12:00,48.68,48.4,49.0,60,1.0
2024-09-16 13:00,48.78,48.5,49.0,60,1.0
2024-09-16 14:00,48.68,48.5,49.0,60,1.0
2024-09-16 15:00,48.96,48.8,49.1,60,1.0
2024-09-16 16:00,48.97,48.9,49.2,49,0.817
2024-09-16 17:00,49.03,48.8,49.2,42,0.7
2024-09-16 18:00,49.03,48.9,49.2,46,0.767
2024-09-16 19:00,48.99,48.8,49.2,60,1.0
2024-09-16 20:00,48.84,48.6,49.0,60,1.0
2024-09-16 21:00,48.8,48.6,49.1,60,1.0
2024-09-16 22:00,48.71,48.6,49.0,60,1.0
2024-09-16 23:00,48.69,48.5,48.8,60,1.0
2024-09-17 00:00,48.65,48.5,48.8,56,0.933
2024-09-17 14:00,78.9,77.1,80.7,2,0.033
2024-09-17 16:00,80.14,79.6,80.7,31,0.517
2024-09-17 17:00,78.76,77.9,79.6,60,1.0
2024-09-17 18:00,77.24,76.5,78.0,60,1.0
2024-09-17 19:00,75.96,75.3,76.6,60,1.0
2024-09-17 20:00,74.94,74.4,75.5,60,1.0
2024-09-17 21:00,73.95,73.4,74.6,60,1.0
2024-09-17 22:00,73.2,72.8,73.7,60,1.0
2024-09-17 23:00,72.68,72.3,73.1,60,1.0
2024-09-18 00:00,72.07,71.6,72.5,60,1.0
2024-09-18 01:00,71.57,71.1,72.0,60,1.0
2024-09-18 02:00,71.06,70.7,71.5,60,1.0
2024-09-18 03:00,70.73,70.4,71.1,59,0.983
2024-09-18 04:00,70.23,69.8,70.6,60,1.0
2024-09-18 05:00,69.81,69.5,70.2,59,0.983
2024-09-18 06:00,69.5,69.1,69.8,60,1.0
2024-09-18 07:00,69.0,68.8,69.4,60,1.0
2024-09-18 08:00,68.68,68.5,69.0,59,0.983
2024-09-18 09:00,68.46,68.2,68.7,57,0.95
2024-09-18 10:00,68.42,68.1,68.7,53,0.883
2024-09-18 11:00,68.11,67.7,68.5,52,0.867
2024-09-18 12:00,67.59,67.3,67.9,59,0.983
2024-09-18 13:00,67.14,67.0,67.5,57,0.95
2024-09-18 14:00,67.18,67.0,67.5,60,1.0
2024-09-18 15:00,67.43,66.9,68.0,54,0.9
2024-09-18 16:00,68.26,67.9,68.6,59,0.983
2024-09-18 17:00,68.27,68.0,68.5,59,0.983
2024-09-18 18:00,68.14,67.8,68.5,60,1.0
2024-09-18 19:00,67.86,67.6,68.3,60,1.0
2024-09-18 20:00,67.62,67.5,67.8,58,0.967
2024-09-18 21:00,67.46,67.3,67.6,57,0.95
2024-09-18 22:00,67.32,67.1,67.5,60,1.0
2024-09-18 23:00,67.16,67.0,67.3,60,1.0
2024-09-19 00:00,67.03,66.9,67.2,60,1.0
2024-09-19 01:00,66.87,66.7,67.1,60,1.0
2024-09-19 02:00,66.73,66.6,67.1,60,1.0
2024-09-19 03:00,66.54,66.4,66.7,60,1.0
2024-09-19 04:00,66.4,66.3,66.5,59,0.983
2024-09-19 05:00,66.26,66.1,66.6,60,1.0
2024-09-19 06:00,66.12,65.9,66.3,59,0.983
2024-09-19 07:00,66.24,66.0,66.6,60,1.0
2024-09-19 08:00,65.93,65.7,66.2,60,1.0
2024-09-19 09:00,65.95,65.5,66.3,60,1.0
2024-09-19 10:00,65.83,65.5,66.2,60,1.0
2024-09-19 11:00,65.58,65.3,66.0,60,1.0
2024-09-19 12:00,65.58,65.2,65.9,60,1.0
2024-09-19 13:00,65.53,65.3,65.7,60,1.0
2024-09-19 14:00,65.44,65.1,65.6,59,0.983
2024-09-19 15:00,65.22,64.8,65.5,60,1.0
2024-09-19 16:00,64.99,64.7,65.3,60,1.0
2024-09-19 17:00,64.74,64.5,65.2,60,1.0
2024-09-19 18:00,64.54,64.4,64.8,60,1.0
2024-09-19 19:00,64.42,64.3,64.6,60,1.0
2024-09-19 20:00,64.31,64.2,64.5,59,0.983
2024-09-19 21:00,64.04,63.8,64.4,58,0.967
2024-09-19 22:00,64.87,63.7,65.9,60,1.0
2024-09-19 23:00,66.51,65.9,67.0,60,1.0
2024-09-20 00:00,66.86,66.6,67.1,60,1.0
2024-09-20 01:00,66.91,66.4,67.3,60,1.0
2024-09-20 02:00,66.85,66.7,67.0,60,1.0
2024-09-20 03:00,66.79,66.6,67.0,60,1.0
2024-09-20 04:00,66.66,66.5,66.9,59,0.983
2024-09-20 05:00,66.57,66.4,66.9,59,0.983
2024-09-20 06:00,66.43,66.2,66.7,54,0.9
2024-09-20 07:00,66.39,66.2,66.8,60,1.0
2024-09-20 08:00,66.43,66.2,66.7,54,0.9
2024-09-20 09:00,66.43,66.0,66.6,49,0.817
2024-09-20 10:00,66.25,66.1,66.4,51,0.85
2024-09-20 11:00,66.12,65.8,66.3,60,1.0
2024-09-20 12:00,65.89,65.5,66.1,60,1.0
2024-09-20 13:00,65.7,65.4,66.0,60,1.0
2024-09-20 14:00,65.46,65.0,65.8,60,1.0
2024-09-20 15:00,65.06,64.9,65.2,60,1.0
2024-09-20 16:00,65.04,64.8,65.3,60,1.0
2024-09-20 17:00,65.07,64.8,65.3,60,1.0
2024-09-20 18:00,65.04,64.8,65.3,60,1.0
2024-09-20 19:00,64.9,64.6,65.2,60,1.0
2024-09-20 20:00,64.82,64.4,65.0,60,1.0
2024-09-20 21:00,64.71,64.3,65.0,60,1.0
2024-09-20 22:00,64.54,64.2,64.9,60,1.0
2024-09-20 23:00,64.35,64.1,64.6,58,0.967
2024-09-21 00:00,64.2,64.0,64.4,60,1.0
2024-09-21 01:00,64.08,63.9,64.3,60,1.0
2024-09-21 02:00,63.96,63.8,64.3,59,0.983
2024-09-21 03:00,63.83,63.7,64.1,60,1.0
2024-09-21 04:00,63.72,63.6,63.9,60,1.0
2024-09-21 05:00,63.63,63.5,63.8,60,1.0
2024-09-21 06:00,63.53,63.4,63.7,60,1.0
2024-09-21 07:00,63.5,63.3,63.8,60,1.0
2024-09-21 08:00,63.43,63.1,63.9,60,1.0
2024-09-21 09:00,63.25,63.0,63.6,60,1.0
2024-09-21 10:00,63.13,62.9,63.4,60,1.0
2024-09-21 11:00,62.97,62.7,63.3,60,1.0
2024-09-21 12:00,62.8,62.6,63.1,60,1.0
2024-09-21 13:00,62.67,62.3,62.9,60,1.0
2024-09-21 14:00,62.52,62.1,62.8,59,0.983
2024-09-21 15:00,62.34,62.0,62.7,60,1.0
2024-09-21 16:00,62.27,61.9,62.5,60,1.0
2024-09-21 17:00,61.98,61.8,62.3,60,1.0
2024-09-21 18:00,61.84,61.7,62.0,60,1.0
2024-09-21 19:00,61.8,61.7,62.0,60,1.0
2024-09-21 20:00,61.91,61.6,62.4,55,0.917
2024-09-21 21:00,61.92,61.8,62.1,51,0.85
2024-09-21 22:00,61.85,61.7,62.1,54,0.9
2024-09-21 23:00,61.79,61.6,62.0,60,1.0
2024-09-22 00:00,61.67,61.4,61.9,60,1.0
2024-09-22 01:00,61.54,61.3,61.8,60,1.0
2024-09-22 02:00,61.44,61.1,61.7,60,1.0
2024-09-22 03:00,61.34,61.1,61.6,60,1.0
2024-09-22 04:00,61.2,61.0,61.4,56,0.933
2024-09-22 05:00,61.09,60.8,61.4,51,0.85
2024-09-22 06:00,61.01,60.8,61.2,55,0.917
2024-09-22 07:00,61.06,60.7,61.4,53,0.883
2024-09-22 08:00,60.87,60.7,61.2,55,0.917
2024-09-22 09:00,60.92,60.8,61.1,48,0.8
2024-09-22 10:00,60.64,60.3,61.0,51,0.85
2024-09-22 11:00,60.31,60.1,60.6,58,0.967
2024-09-22 12:00,60.11,59.9,60.4,60,1.0
2024-09-22 13:00,59.94,59.8,60.2,60,1.0
2024-09-22 14:00,59.92,59.7,60.1,60,1.0
2024-09-22 15:00,59.77,59.5,60.1,60,1.0
2024-09-22 16:00,59.8,59.5,60.0,60,1.0
2024-09-22 17:00,59.77,59.5,60.0,60,1.0
2024-09-22 18:00,59.55,59.2,59.9,60,1.0
2024-09-22 19:00,59.32,59.2,59.5,60,1.0
2024-09-22 20:00,59.25,59.1,59.4,60,1.0
2024-09-22 21:00,59.22,59.1,59.4,60,1.0
2024-09-22 22:00,59.15,59.0,59.4,60,1.0
2024-09-22 23:00,59.2,59.0,59.4,60,1.0
2024-09-23 00:00,59.21,59.0,59.5,60,1.0
2024-09-23 01:00,59.23,59.1,59.4,60,1.0
2024-09-23 02:00,59.18,58.9,59.4,60,1.0
2024-09-23 03:00,59.15,59.0,59.3,60,1.0
2024-09-23 04:00,59.08,58.8,59.3,60,1.0
2024-09-23 05:00,59.02,58.8,59.2,60,1.0
2024-09-23 06:00,58.96,58.7,59.2,60,1.0
2024-09-23 07:00,58.64,58.5,59.0,60,1.0
2024-09-23 08:00,58.61,58.4,58.9,60,1.0
2024-09-23 09:00,58.56,58.3,58.8,60,1.0
2024-09-23 10:00,58.49,58.1,58.8,60,1.0
2024-09-23 11:00,58.15,58.0,58.5,60,1.0
2024-09-23 12:00,57.98,57.8,58.3,60,1.0
2024-09-23 13:00,57.79,57.6,58.0,60,1.0
2024-09-23 14:00,57.69,57.5,57.9,60,1.0
2024-09-23 15:00,57.61,57.4,57.9,60,1.0
2024-09-23 16:00,57.55,57.3,57.9,59,0.983
2024-09-23 17:00,57.62,57.2,57.8,60,1.0
2024-09-23 18:00,57.56,57.4,57.8,60,1.0
2024-09-23 19:00,57.31,57.2,57.5,60,1.0
2024-09-23 20:00,57.2,57.1,57.4,60,1.0
2024-09-23 21:00,57.17,57.1,57.4,60,1.0
2024-09-23 22:00,57.19,56.7,57.7,56,0.933
2024-09-23 23:00,58.52,56.7,63.4,58,0.967
2024-09-24 00:00,66.95,63.6,69.7,60,1.0
2024-09-24 01:00,72.79,70.0,73.9,60,1.0
2024-09-24 02:00,74.35,73.5,74.8,60,1.0
2024-09-24 03:00,74.16,73.5,74.8,59,0.983
2024-09-24 04:00,73.46,73.0,73.9,60,1.0
2024-09-24 05:00,73.27,72.7,73.9,60,1.0
2024-09-24 06:00,73.73,73.3,74.1,60,1.0
2024-09-24 07:00,73.01,72.4,73.6,55,0.917
2024-09-24 08:00,72.39,72.0,72.7,57,0.95
2024-09-24 09:00,71.79,71.4,72.3,60,1.0
2024-09-24 10:00,71.14,70.8,71.8,55,0.917
2024-09-24 11:00,70.66,70.3,71.0,50,0.833
2024-09-24 12:00,70.28,69.8,70.5,45,0.75
2024-09-24 13:00,69.85,69.5,70.3,48,0.8
2024-09-24 14:00,69.64,69.3,69.9,51,0.85
2024-09-24 15:00,69.3,69.0,69.6,60,1.0
2024-09-24 16:00,68.75,68.4,69.2,57,0.95
2024-09-24 17:00,68.35,68.1,68.6,60,1.0
2024-09-24 18:00,68.1,67.9,68.3,60,1.0
2024-09-24 19:00,67.9,67.6,68.1,60,1.0
2024-09-24 20:00,67.9,67.7,68.1,60,1.0
2024-09-24 21:00,67.68,67.5,67.9,60,1.0
2024-09-24 22:00,67.47,67.2,67.8,60,1.0
2024-09-24 23:00,67.29,67.1,67.5,59,0.983
2024-09-25 00:00,67.06,66.7,67.4,60,1.0
2024-09-25 01:00,66.9,66.6,67.2,60,1.0
2024-09-25 02:00,66.72,66.4,67.0,60,1.0
2024-09-25 03:00,66.62,66.4,66.9,60,1.0
2024-09-25 04:00,66.47,66.2,66.7,60,1.0
2024-09-25 05:00,66.2,65.7,66.5,58,0.967
2024-09-25 06:00,68.47,65.9,71.2,60,1.0
2024-09-25 07:00,71.66,71.0,72.1,60,1.0
2024-09-25 08:00,72.12,71.5,73.5,60,1.0
2024-09-25 09:00,73.33,73.1,73.6,60,1.0
2024-09-25 10:00,73.18,72.7,73.7,60,1.0
2024-09-25 11:00,73.67,72.9,74.2,60,1.0
2024-09-25 12:00,73.34,73.0,73.7,60,1.0
2024-09-25 13:00,72.86,72.5,73.2,60,1.0
2024-09-25 14:00,72.31,72.0,72.7,60,1.0
2024-09-25 15:00,71.84,71.5,72.2,60,1.0
2024-09-25 16:00,71.25,70.8,71.7,60,1.0
2024-09-25 17:00,71.04,70.7,71.4,60,1.0
2024-09-25 18:00,71.08,70.9,71.3,60,1.0
2024-09-25 19:00,70.79,70.5,71.1,60,1.0
2024-09-25 20:00,70.46,70.2,70.8,59,0.983
2024-09-25 21:00,70.22,69.9,70.5,60,1.0
2024-09-25 22:00,69.94,69.7,70.2,60,1.0
2024-09-25 23:00,69.82,69.4,70.1,60,1.0
2024-09-26 00:00,69.65,69.3,70.0,60,1.0
2024-09-26 01:00,69.47,69.2,69.8,58,0.967
2024-09-26 02:00,69.2,69.0,69.4,50,0.833
2024-09-26 03:00,69.0,68.7,69.3,60,1.0
2024-09-26 04:00,68.83,68.6,69.1,60,1.0
2024-09-26 05:00,68.64,68.4,68.9,57,0.95
2024-09-26 06:00,68.4,68.0,68.7,59,0.983
2024-09-26 07:00,68.04,67.8,68.4,60,1.0
2024-09-26 08:00,68.09,67.8,68.3,60,1.0
2024-09-26 09:00,67.99,67.7,68.3,60,1.0
2024-09-26 10:00,67.86,67.6,68.1,60,1.0
2024-09-26 11:00,67.72,67.3,68.0,60,1.0
2024-09-26 12:00,67.5,67.2,67.9,60,1.0
2024-09-26 13:00,67.49,67.2,67.8,60,1.0
2024-09-26 14:00,67.26,67.0,67.5,48,0.8
2024-09-26 15:00,67.23,66.9,67.4,53,0.883
2024-09-26 16:00,67.19,66.9,67.4,53,0.883
2024-09-26 17:00,66.99,66.6,67.2,59,0.983
2024-09-26 18:00,66.96,66.7,67.3,60,1.0
2024-09-26 19:00,66.82,66.6,67.2,60,1.0
2024-09-26 20:00,66.73,66.5,67.0,60,1.0
2024-09-26 21:00,66.7,66.5,67.0,46,0.767
2024-09-26 22:00,66.73,66.4,67.0,51,0.85
2024-09-26 23:00,66.66,66.3,67.0,47,0.783
2024-09-27 00:00,66.46,66.2,66.7,48,0.8
2024-09-27 01:00,66.38,66.1,66.6,59,0.983
2024-09-27 02:00,66.31,66.1,66.8,60,1.0
2024-09-27 03:00,66.28,66.0,66.8,60,1.0
2024-09-27 04:00,66.2,66.0,66.6,60,1.0
2024-09-27 05:00,66.14,65.8,66.4,60,1.0
2024-09-27 06:00,66.05,65.8,66.7,60,1.0
2024-09-27 07:00,66.11,65.8,66.5,60,1.0
2024-09-27 08:00,66.02,65.7,66.4,60,1.0
2024-09-27 09:00,65.84,65.7,66.3,60,1.0
2024-09-27 10:00,65.83,65.6,66.3,60,1.0
2024-09-27 11:00,65.71,65.5,66.1,60,1.0
2024-09-27 12:00,65.52,65.3,65.8,60,1.0
2024-09-27 13:00,65.4,65.2,65.6,60,1.0
2024-09-27 14:00,65.3,65.1,65.5,60,1.0
2024-09-27 15:00,65.43,65.1,65.8,60,1.0
2024-09-27 16:00,65.42,65.1,65.7,60,1.0
2024-09-27 17:00,65.28,64.9,65.6,60,1.0
2024-09-27 18:00,65.17,64.9,65.7,60,1.0
2024-09-27 19:00,64.99,64.8,65.3,60,1.0
2024-09-27 20:00,64.88,64.8,65.2,60,1.0
2024-09-27 21:00,64.82,64.7,65.0,60,1.0
2024-09-27 22:00,64.78,64.6,65.1,60,1.0
2024-09-27 23:00,64.74,64.6,64.9,60,1.0
2024-09-28 00:00,64.72,64.5,64.9,60,1.0
2024-09-28 01:00,64.65,64.5,64.8,60,1.0
2024-09-28 02:00,64.63,64.5,65.0,60,1.0
2024-09-28 03:00,64.6,64.5,64.9,60,1.0
2024-09-28 04:00,64.58,64.4,64.9,60,1.0
2024-09-28 05:00,64.56,64.4,65.0,60,1.0
2024-09-28 06:00,64.52,64.3,64.8,60,1.0
2024-09-28 07:00,64.42,64.3,64.8,60,1.0
2024-09-28 08:00,64.61,64.3,64.8,60,1.0
2024-09-28 09:00,64.44,64.2,64.8,60,1.0
2024-09-28 10:00,64.54,64.2,64.8,60,1.0
2024-09-28 11:00,64.26,63.9,64.7,60,1.0
2024-09-28 12:00,64.48,64.0,64.9,60,1.0
2024-09-28 13:00,65.35,64.9,65.6,59,0.983
2024-09-28 14:00,65.38,65.2,65.7,60,1.0
2024-09-28 15:00,65.32,65.1,65.7,60,1.0
2024-09-28 16:00,65.24,65.1,65.5,59,0.983
2024-09-28 17:00,65.12,65.0,65.3,59,0.983
2024-09-28 18:00,65.05,64.9,65.3,60,1.0
2024-09-28 19:00,64.94,64.8,65.1,60,1.0
2024-09-28 20:00,64.86,64.7,65.1,60,1.0
2024-09-28 21:00,64.75,64.6,65.0,60,1.0
2024-09-28 22:00,64.69,64.5,65.0,60,1.0
2024-09-28 23:00,64.64,64.4,65.0,60,1.0
2024-09-29 00:00,64.52,64.4,64.9,60,1.0
2024-09-29 01:00,64.58,64.3,64.9,60,1.0
2024-09-29 02:00,64.66,64.4,65.0,60,1.0
2024-09-29 03:00,64.63,64.3,64.8,60,1.0
2024-09-29 04:00,64.57,64.3,64.8,60,1.0
2024-09-29 05:00,64.52,64.3,64.7,60,1.0
2024-09-29 06:00,64.48,64.2,64.6,60,1.0
2024-09-29 07:00,64.3,63.9,64.6,58,0.967
2024-09-29 08:00,64.13,63.9,64.6,49,0.817
2024-09-29 09:00,64.07,63.8,64.3,43,0.717
2024-09-29 10:00,64.04,63.7,64.3,52,0.867
2024-09-29 11:00,63.7,63.5,63.9,7,0.117
2024-09-30 07:00,62.18,62.0,62.4,28,0.467
2024-09-30 08:00,62.29,62.0,62.6,60,1.0
2024-09-30 09:00,62.09,61.8,62.5,60,1.0
2024-09-30 10:00,61.9,61.7,62.2,60,1.0
2024-09-30 11:00,61.86,61.6,62.2,58,0.967
2024-09-30 12:00,61.9,61.6,62.1,60,1.0
2024-09-30 13:00,61.77,61.5,62.0,60,1.0
2024-09-30 14:00,61.62,61.2,61.8,59,0.983
2024-09-30 15:00,61.42,61.1,61.7,60,1.0
2024-09-30 16:00,61.24,61.1,61.6,60,1.0
2024-09-30 17:00,61.17,61.0,61.6,60,1.0
2024-09-30 18:00,61.15,61.0,61.4,60,1.0
2024-09-30 19:00,61.18,61.0,61.5,60,1.0
2024-09-30 20:00,61.2,60.9,61.6,60,1.0
2024-09-30 21:00,61.23,60.9,61.6,60,1.0
2024-09-30 22:00,61.16,60.9,61.5,60,1.0
2024-09-30 23:00,61.28,60.9,61.5,60,1.0
2024-10-01 00:00,61.27,61.1,61.5,60,1.0
2024-10-01 01:00,61.25,61.1,61.4,59,0.983
2024-10-01 02:00,61.21,61.0,61.4,59,0.983
2024-10-01 03:00,61.14,60.9,61.3,60,1.0
2024-10-01 04:00,61.04,60.7,61.3,60,1.0
2024-10-01 05:00,60.97,60.7,61.3,60,1.0
2024-10-01 06:00,60.9,60.6,61.2,60,1.0
2024-10-01 07:00,60.94,60.6,61.3,60,1.0
2024-10-01 08:00,60.87,60.6,61.2,60,1.0
2024-10-01 09:00,60.7,60.5,61.0,60,1.0
2024-10-01 10:00,60.66,60.4,61.0,60,1.0
2024-10-01 11:00,60.58,60.3,60.9,60,1.0
2024-10-01 12:00,60.54,60.2,60.8,60,1.0
2024-10-01 13:00,60.42,60.1,60.7,60,1.0
2024-10-01 14:00,60.34,60.1,60.7,60,1.0
2024-10-01 15:00,60.34,60.0,60.6,60,1.0
2024-10-01 16:00,60.31,60.0,60.5,60,1.0
2024-10-01 17:00,60.18,59.9,60.5,54,0.9
2024-10-01 18:00,60.06,59.8,60.5,60,1.0
2024-10-01 19:00,59.94,59.8,60.1,60,1.0
2024-10-01 20:00,59.96,59.8,60.2,60,1.0
2024-10-01 21:00,60.02,59.8,60.3,60,1.0
2024-10-01 22:00,60.04,59.8,60.4,60,1.0
2024-10-01 23:00,60.12,59.9,60.4,60,1.0
2024-10-02 00:00,60.05,59.8,60.3,60,1.0
2024-10-02 01:00,60.03,59.7,60.3,60,1.0
2024-10-02 02:00,60.03,59.8,60.3,60,1.0
2024-10-02 03:00,60.08,59.7,60.3,60,1.0
2024-10-02 04:00,60.11,59.8,60.3,60,1.0
2024-10-02 05:00,60.04,59.9,60.3,60,1.0
2024-10-02 06:00,60.0,59.6,60.3,60,1.0
2024-10-02 07:00,59.78,59.5,60.1,51,0.85
2024-10-02 08:00,59.79,59.5,60.0,57,0.95
2024-10-02 09:00,59.65,59.3,59.9,58,0.967
2024-10-02 10:00,59.43,59.3,59.8,49,0.817
2024-10-02 11:00,59.29,59.1,59.5,50,0.833
2024-10-02 12:00,59.16,59.0,59.6,60,1.0
2024-10-02 13:00,59.09,58.9,59.2,60,1.0
2024-10-02 14:00,58.95,58.8,59.2,60,1.0
2024-10-02 15:00,58.92,58.8,59.2,60,1.0
2024-10-02 16:00,58.95,58.7,59.3,60,1.0
2024-10-02 17:00,58.95,58.7,59.3,60,1.0
2024-10-02 18:00,59.02,58.7,59.3,60,1.0
2024-10-02 19:00,59.08,58.7,59.4,60,1.0
2024-10-02 20:00,59.08,58.7,59.3,59,0.983
2024-10-02 21:00,59.04,58.7,59.3,60,1.0
2024-10-02 22:00,58.93,58.7,59.2,60,1.0
2024-10-02 23:00,58.9,58.6,59.2,60,1.0
2024-10-03 00:00,58.81,58.6,59.1,60,1.0
2024-10-03 01:00,58.83,58.6,59.2,60,1.0
2024-10-03 02:00,58.76,58.6,59.2,60,1.0
2024-10-03 03:00,58.74,58.6,58.9,60,1.0
2024-10-03 04:00,58.73,58.6,59.1,60,1.0
2024-10-03 05:00,58.8,58.6,59.1,60,1.0
2024-10-03 06:00,58.69,58.6,59.1,59,0.983
2024-10-03 07:00,58.8,58.5,59.1,58,0.967
2024-10-03 08:00,58.78,58.2,59.1,59,0.983
2024-10-03 09:00,58.65,58.4,58.9,60,1.0
2024-10-03 10:00,58.67,58.4,58.9,60,1.0
2024-10-03 11:00,58.46,58.2,58.8,59,0.983
2024-10-03 12:00,58.4,58.2,58.7,60,1.0
2024-10-03 13:00,58.4,58.1,58.8,60,1.0
2024-10-03 14:00,58.26,58.1,58.6,60,1.0
2024-10-03 15:00,58.16,58.0,58.3,60,1.0
2024-10-03 16:00,58.17,58.0,58.4,60,1.0
2024-10-03 17:00,58.21,58.0,58.5,60,1.0
2024-10-03 18:00,58.32,58.0,58.6,60,1.0
2024-10-03 19:00,58.27,58.0,58.6,60,1.0
2024-10-03 20:00,58.33,58.0,58.5,59,0.983
2024-10-03 21:00,58.24,57.9,58.5,60,1.0
2024-10-03 22:00,58.17,57.8,58.6,57,0.95
2024-10-03 23:00,58.09,57.8,58.4,58,0.967
2024-10-04 00:00,57.99,57.8,58.2,59,0.983
2024-10-04 01:00,58.12,57.9,58.4,60,1.0
2024-10-04 02:00,58.22,57.9,58.6,60,1.0
2024-10-04 03:00,58.4,58.1,58.6,60,1.0
2024-10-04 04:00,58.39,58.1,58.6,60,1.0
2024-10-04 05:00,58.4,58.2,58.7,60,1.0
2024-10-04 06:00,58.28,58.1,58.6,60,1.0
2024-10-04 07:00,58.36,58.1,58.6,60,1.0
2024-10-04 08:00,58.36,58.1,58.7,59,0.983
2024-10-04 09:00,58.26,57.9,58.6,60,1.0
2024-10-04 10:00,58.11,57.8,58.5,60,1.0
2024-10-04 11:00,57.92,57.6,58.3,60,1.0
2024-10-04 12:00,57.69,57.5,58.0,60,1.0
2024-10-04 13:00,57.58,57.4,57.9,60,1.0
2024-10-04 14:00,57.49,57.3,57.9,59,0.983
2024-10-04 15:00,57.53,57.2,57.8,60,1.0
2024-10-04 16:00,57.42,57.1,57.7,59,0.983
2024-10-04 17:00,57.48,57.2,57.7,57,0.95
2024-10-04 18:00,57.46,57.1,57.7,59,0.983
2024-10-04 19:00,57.26,57.0,57.6,60,1.0
2024-10-04 20:00,57.13,57.0,57.4,60,1.0
2024-10-04 21:00,57.11,57.0,57.3,58,0.967
2024-10-04 22:00,57.06,56.8,57.3,60,1.0
2024-10-04 23:00,56.75,56.4,57.0,59,0.983
2024-10-05 00:00,56.63,56.3,56.9,60,1.0
2024-10-05 01:00,56.94,56.6,57.3,60,1.0
2024-10-05 02:00,57.43,57.1,57.8,60,1.0
2024-10-05 03:00,57.84,57.5,58.2,60,1.0
2024-10-05 04:00,58.25,57.9,58.6,60,1.0
2024-10-05 05:00,58.57,58.2,58.9,60,1.0
2024-10-05 06:00,58.59,58.1,59.3,60,1.0
2024-10-05 07:00,61.05,58.1,64.3,60,1.0
2024-10-05 08:00,65.42,64.3,66.3,59,0.983
2024-10-05 09:00,66.59,66.2,66.8,60,1.0
2024-10-05 10:00,66.57,66.3,67.0,59,0.983
2024-10-05 11:00,66.5,66.1,66.9,58,0.967
2024-10-05 12:00,66.08,65.8,66.5,57,0.95
2024-10-05 13:00,65.8,65.6,66.2,58,0.967
2024-10-05 14:00,65.62,65.3,66.0,60,1.0
2024-10-05 15:00,65.6,65.3,65.9,60,1.0
2024-10-05 16:00,65.29,64.8,65.6,53,0.883
2024-10-05 17:00,65.4,65.0,65.7,46,0.767
2024-10-05 18:00,65.27,65.0,65.7,59,0.983
2024-10-05 19:00,65.08,64.8,65.4,56,0.933
2024-10-05 20:00,65.38,64.9,65.8,60,1.0
2024-10-05 21:00,65.91,65.7,66.3,60,1.0
2024-10-05 22:00,66.02,65.8,66.4,60,1.0
2024-10-05 23:00,65.96,65.6,66.2,60,1.0
2024-10-06 00:00,65.85,65.6,66.1,60,1.0
2024-10-06 01:00,65.83,65.6,66.1,60,1.0
2024-10-06 02:00,65.74,65.3,66.1,60,1.0
2024-10-06 03:00,65.54,65.2,65.9,59,0.983
2024-10-06 04:00,65.44,65.1,65.7,60,1.0
2024-10-06 05:00,65.42,65.0,65.7,60,1.0
2024-10-06 06:00,65.17,64.9,65.6,60,1.0
2024-10-06 07:00,65.12,64.8,65.4,60,1.0
2024-10-06 08:00,64.96,64.7,65.2,60,1.0
2024-10-06 09:00,64.86,64.7,65.2,60,1.0
2024-10-06 10:00,64.69,64.5,65.1,60,1.0
2024-10-06 11:00,64.53,64.4,64.8,60,1.0
2024-10-06 12:00,64.46,64.3,65.1,60,1.0
2024-10-06 13:00,64.41,64.1,64.6,60,1.0
2024-10-06 14:00,64.39,64.0,64.6,59,0.983
2024-10-06 15:00,64.26,63.9,64.5,60,1.0
2024-10-06 16:00,64.11,63.8,64.4,60,1.0
2024-10-06 17:00,64.07,63.8,64.3,60,1.0
2024-10-06 18:00,63.99,63.6,64.3,60,1.0
2024-10-06 19:00,63.74,63.5,64.1,60,1.0
2024-10-06 20:00,63.56,63.4,63.8,60,1.0
2024-10-06 21:00,63.49,63.3,63.6,60,1.0
2024-10-06 22:00,63.41,63.3,63.7,60,1.0
2024-10-06 23:00,63.35,63.2,63.6,60,1.0
2024-10-07 00:00,63.28,63.1,63.6,60,1.0
2024-10-07 01:00,63.26,63.0,63.6,60,1.0
2024-10-07 02:00,63.14,62.9,63.4,60,1.0
2024-10-07 03:00,63.16,62.9,63.4,60,1.0
2024-10-07 04:00,63.11,62.8,63.5,60,1.0
2024-10-07 05:00,63.1,62.8,63.4,59,0.983
2024-10-07 06:00,63.08,62.8,63.4,60,1.0
2024-10-07 07:00,63.01,62.7,63.3,60,1.0
2024-10-07 08:00,62.77,62.6,63.2,60,1.0
2024-10-07 09:00,62.68,62.5,63.1,59,0.983
2024-10-07 10:00,62.88,62.7,63.1,60,1.0
2024-10-07 11:00,62.76,62.5,63.0,60,1.0
2024-10-07 12:00,62.56,62.2,62.8,60,1.0
2024-10-07 13:00,62.27,62.1,62.5,60,1.0
2024-10-07 14:00,62.16,62.0,62.4,58,0.967
2024-10-07 15:00,62.05,61.9,62.3,49,0.817
2024-10-07 16:00,62.02,61.9,62.3,51,0.85
2024-10-07 17:00,62.01,61.8,62.3,49,0.817
2024-10-07 18:00,62.15,61.8,62.4,50,0.833
2024-10-07 19:00,62.13,61.7,62.4,59,0.983
2024-10-07 20:00,61.97,61.7,62.4,60,1.0
2024-10-07 21:00,61.88,61.6,62.2,60,1.0
2024-10-07 22:00,61.89,61.6,62.4,60,1.0
2024-10-07 23:00,61.77,61.5,62.1,60,1.0
2024-10-08 00:00,61.75,61.5,62.1,59,0.983
2024-10-08 01:00,61.64,61.4,61.9,59,0.983
2024-10-08 02:00,61.55,61.4,61.9,60,1.0
2024-10-08 03:00,61.49,61.3,61.7,60,1.0
2024-10-08 04:00,61.45,61.3,61.7,60,1.0
2024-10-08 05:00,61.41,61.3,61.5,60,1.0
2024-10-08 06:00,61.38,61.2,61.6,59,0.983
2024-10-08 07:00,61.41,61.2,61.8,58,0.967
2024-10-08 08:00,61.39,61.1,61.7,59,0.983
2024-10-08 09:00,61.26,61.0,61.6,60,1.0
2024-10-08 10:00,61.04,60.9,61.2,60,1.0
2024-10-08 11:00,60.89,60.7,61.1,60,1.0
2024-10-08 12:00,60.89,60.6,61.2,59,0.983
2024-10-08 13:00,60.91,60.7,61.1,60,1.0
2024-10-08 14:00,60.84,60.6,61.1,60,1.0
2024-10-08 15:00,60.73,60.3,61.0,59,0.983
2024-10-08 16:00,60.69,60.3,61.2,58,0.967
2024-10-08 17:00,60.48,60.3,60.9,60,1.0
2024-10-08 18:00,60.42,60.2,60.8,59,0.983
2024-10-08 19:00,60.25,59.7,61.0,54,0.9
2024-10-08 20:00,63.97,61.0,67.8,59,0.983
2024-10-08 21:00,70.35,67.6,71.7,58,0.967
2024-10-08 22:00,71.61,71.3,71.9,60,1.0
2024-10-08 23:00,71.6,71.4,71.9,60,1.0
2024-10-09 00:00,71.23,70.8,71.6,60,1.0
2024-10-09 01:00,70.81,70.3,71.3,60,1.0
2024-10-09 02:00,70.4,69.9,70.8,60,1.0
2024-10-09 03:00,69.97,69.5,70.4,59,0.983
2024-10-09 04:00,70.79,69.5,73.0,59,0.983
2024-10-09 05:00,74.4,73.1,75.0,59,0.983
2024-10-09 06:00,74.3,74.0,74.8,59,0.983
2024-10-09 07:00,73.76,73.1,74.2,60,1.0
2024-10-09 08:00,72.88,72.5,73.2,60,1.0
2024-10-09 09:00,72.44,72.0,73.0,60,1.0
2024-10-09 10:00,71.82,71.4,72.4,60,1.0
2024-10-09 11:00,71.36,70.9,71.9,60,1.0
2024-10-09 12:00,70.86,70.6,71.1,60,1.0
2024-10-09 13:00,70.44,70.1,71.0,60,1.0
2024-10-09 14:00,70.19,69.9,70.5,60,1.0
2024-10-09 15:00,69.89,69.4,70.3,60,1.0
2024-10-09 16:00,69.41,69.1,69.8,60,1.0
2024-10-09 17:00,69.15,68.9,69.4,60,1.0
2024-10-09 18:00,68.82,68.6,69.2,60,1.0
2024-10-09 19:00,68.71,68.4,69.1,60,1.0
2024-10-09 20:00,68.7,68.3,69.0,60,1.0
2024-10-09 21:00,68.49,68.1,68.7,60,1.0
2024-10-09 22:00,68.3,68.0,68.5,60,1.0
2024-10-09 23:00,68.09,67.8,68.4,60,1.0
2024-10-10 00:00,67.96,67.6,68.3,60,1.0
2024-10-10 01:00,67.76,67.4,68.0,60,1.0
2024-10-10 02:00,67.64,67.3,67.9,46,0.767
2024-10-10 03:00,67.5,67.1,67.8,49,0.817
2024-10-10 04:00,67.29,66.9,67.5,44,0.733
2024-10-10 05:00,67.12,66.8,67.4,46,0.767
2024-10-10 06:00,67.04,66.8,67.4,59,0.983
2024-10-10 07:00,67.01,66.6,67.2,60,1.0
2024-10-10 08:00,66.73,66.4,67.2,60,1.0
2024-10-10 09:00,66.8,66.5,67.1,60,1.0
2024-10-10 10:00,66.44,66.3,67.0,60,1.0
2024-10-10 11:00,66.25,66.1,66.5,60,1.0
2024-10-10 12:00,66.08,65.9,66.3,60,1.0
2024-10-10 13:00,66.06,65.8,66.3,60,1.0
2024-10-10 14:00,65.93,65.7,66.2,60,1.0
2024-10-10 15:00,65.92,65.7,66.2,60,1.0
2024-10-10 16:00,65.71,65.4,66.1,60,1.0
2024-10-10 17:00,65.58,65.3,65.9,60,1.0
2024-10-10 18:00,65.47,65.3,65.9,56,0.933
2024-10-10 19:00,65.54,65.2,65.9,60,1.0
2024-10-10 20:00,65.4,65.2,65.7,59,0.983
2024-10-10 21:00,65.61,65.3,66.0,60,1.0
2024-10-10 22:00,65.77,65.5,66.2,60,1.0
2024-10-10 23:00,66.0,65.7,66.5,60,1.0
2024-10-11 00:00,66.16,66.0,66.5,59,0.983
2024-10-11 01:00,66.17,66.0,66.5,58,0.967
2024-10-11 02:00,66.12,65.9,66.5,60,1.0
2024-10-11 03:00,66.15,65.9,66.5,60,1.0
2024-10-11 04:00,66.03,65.8,66.3,60,1.0
2024-10-11 05:00,65.86,65.7,66.3,60,1.0
2024-10-11 06:00,65.93,65.6,66.2,60,1.0
2024-10-11 07:00,65.75,65.4,66.1,60,1.0
2024-10-11 08:00,65.74,65.4,66.1,60,1.0
2024-10-11 09:00,65.39,65.2,65.6,60,1.0
2024-10-11 10:00,65.31,65.1,65.5,56,0.933
2024-10-11 11:00,65.29,65.0,65.6,58,0.967
2024-10-11 12:00,65.21,64.8,65.5,59,0.983
2024-10-11 13:00,65.04,64.7,65.3,60,1.0
2024-10-11 14:00,64.8,64.5,65.1,60,1.0
2024-10-11 15:00,64.72,64.4,65.0,60,1.0
2024-10-11 16:00,64.51,64.3,64.8,60,1.0
2024-10-11 17:00,64.36,64.2,64.6,60,1.0
2024-10-11 18:00,64.41,64.2,64.7,60,1.0
2024-10-11 19:00,64.55,64.3,64.8,60,1.0
2024-10-11 20:00,64.51,64.2,64.7,58,0.967
2024-10-11 21:00,64.44,64.1,64.7,60,1.0
2024-10-11 22:00,64.34,64.0,64.6,56,0.933
2024-10-11 23:00,64.21,63.9,64.4,48,0.8
2024-10-12 00:00,64.24,63.9,64.4,60,1.0
2024-10-12 01:00,64.16,63.8,64.4,60,1.0
2024-10-12 02:00,64.08,63.7,64.4,60,1.0
2024-10-12 03:00,63.98,63.7,64.3,60,1.0
2024-10-12 04:00,63.84,63.6,64.1,60,1.0
2024-10-12 05:00,63.82,63.6,64.2,60,1.0
2024-10-12 06:00,63.72,63.5,63.9,60,1.0
2024-10-12 07:00,63.73,63.5,64.0,60,1.0
2024-10-12 08:00,63.85,63.6,64.1,59,0.983
2024-10-12 09:00,63.7,63.4,63.9,60,1.0
2024-10-12 10:00,63.69,63.3,64.0,59,0.983
2024-10-12 11:00,63.58,63.3,63.8,60,1.0
2024-10-12 12:00,63.46,63.3,63.6,58,0.967
2024-10-12 13:00,63.33,63.0,63.6,60,1.0
2024-10-12 14:00,63.11,62.8,63.4,60,1.0
2024-10-12 15:00,62.92,62.8,63.2,60,1.0
2024-10-12 16:00,62.85,62.7,63.0,60,1.0
2024-10-12 17:00,62.84,62.7,63.1,60,1.0
2024-10-12 18:00,62.93,62.7,63.2,60,1.0
2024-10-12 19:00,63.02,62.7,63.3,60,1.0
2024-10-12 20:00,63.04,62.6,63.3,60,1.0
2024-10-12 21:00,63.0,62.6,63.2,60,1.0
2024-10-12 22:00,62.99,62.8,63.2,60,1.0
2024-10-12 23:00,62.94,62.6,63.2,60,1.0
2024-10-13 00:00,62.89,62.5,63.1,60,1.0
2024-10-13 01:00,62.84,62.6,63.0,60,1.0
2024-10-13 02:00,62.8,62.5,63.1,60,1.0
2024-10-13 03:00,62.76,62.3,63.0,60,1.0
2024-10-13 04:00,62.63,62.3,63.0,60,1.0
2024-10-13 05:00,62.55,62.2,62.8,60,1.0
2024-10-13 06:00,62.48,62.2,62.8,60,1.0
2024-10-13 07:00,62.51,62.1,62.8,60,1.0
2024-10-13 08:00,62.31,62.1,62.7,60,1.0
2024-10-13 09:00,62.14,62.0,62.3,46,0.767
2024-10-13 10:00,62.11,61.9,62.5,60,1.0
2024-10-13 11:00,62.18,61.9,62.5,58,0.967
2024-10-13 12:00,62.09,61.9,62.4,60,1.0
2024-10-13 13:00,62.09,61.9,62.3,60,1.0
2024-10-13 14:00,62.0,61.8,62.2,58,0.967
2024-10-13 15:00,61.85,61.5,62.1,60,1.0
2024-10-13 16:00,61.65,61.5,62.0,59,0.983
2024-10-13 17:00,61.59,61.5,61.8,60,1.0
2024-10-13 18:00,61.57,61.4,61.9,60,1.0
2024-10-13 19:00,61.61,61.4,61.9,58,0.967
2024-10-13 20:00,61.71,61.5,62.0,60,1.0
2024-10-13 21:00,61.72,61.4,62.0,60,1.0
2024-10-13 22:00,61.75,61.6,61.9,59,0.983
2024-10-13 23:00,61.73,61.5,62.0,59,0.983
2024-10-14 00:00,61.74,61.5,61.9,60,1.0
2024-10-14 01:00,61.67,61.5,61.9,60,1.0
2024-10-14 02:00,61.66,61.4,61.9,60,1.0
2024-10-14 03:00,61.63,61.4,61.9,60,1.0
2024-10-14 04:00,61.58,61.3,61.8,60,1.0
2024-10-14 05:00,61.56,61.2,61.9,60,1.0
2024-10-14 06:00,61.47,61.1,61.7,60,1.0
2024-10-14 07:00,61.38,61.1,61.6,59,0.983
2024-10-14 08:00,61.38,61.1,61.7,60,1.0
2024-10-14 09:00,61.23,61.0,61.5,60,1.0
2024-10-14 10:00,61.25,60.9,61.5,60,1.0
2024-10-14 11:00,61.19,60.9,61.6,60,1.0
2024-10-14 12:00,61.08,60.8,61.3,60,1.0
2024-10-14 13:00,61.03,60.7,61.4,60,1.0
2024-10-14 14:00,60.8,60.5,61.1,60,1.0
2024-10-14 15:00,60.63,60.5,60.9,60,1.0
2024-10-14 16:00,60.58,60.4,60.8,60,1.0
2024-10-14 17:00,60.54,60.4,60.7,58,0.967
2024-10-14 18:00,60.58,60.4,60.9,60,1.0
2024-10-14 19:00,60.6,60.4,60.9,60,1.0
2024-10-14 20:00,60.71,60.4,61.0,60,1.0
2024-10-14 21:00,60.78,60.6,61.0,60,1.0
2024-10-14 22:00,60.76,60.5,61.0,60,1.0
2024-10-14 23:00,60.76,60.4,61.0,59,0.983
2024-10-15 00:00,60.75,60.5,61.0,60,1.0
2024-10-15 01:00,60.72,60.5,60.9,60,1.0
2024-10-15 02:00,60.71,60.5,61.0,60,1.0
2024-10-15 03:00,60.67,60.2,61.0,55,0.917
2024-10-15 04:00,60.64,60.2,60.8,48,0.8
2024-10-15 05:00,60.64,60.3,60.9,60,1.0
2024-10-15 06:00,60.6,60.3,60.8,60,1.0
2024-10-15 07:00,60.45,60.2,60.8,60,1.0
2024-10-15 08:00,60.48,60.2,60.8,60,1.0
2024-10-15 09:00,60.22,60.1,60.4,60,1.0
2024-10-15 10:00,60.17,60.0,60.3,60,1.0
2024-10-15 11:00,60.14,60.0,60.3,60,1.0
2024-10-15 12:00,60.07,59.8,60.3,60,1.0
2024-10-15 13:00,60.02,59.8,60.3,60,1.0
2024-10-15 14:00,60.12,59.9,60.4,60,1.0
2024-10-15 15:00,60.16,60.0,60.4,60,1.0
2024-10-15 16:00,60.11,60.0,60.2,60,1.0
2024-10-15 17:00,60.09,60.0,60.3,60,1.0
2024-10-15 18:00,59.94,59.7,60.2,60,1.0
2024-10-15 19:00,59.78,59.6,60.0,60,1.0
2024-10-15 20:00,59.75,59.6,59.9,60,1.0
2024-10-15 21:00,59.77,59.6,60.2,60,1.0
2024-10-15 22:00,59.8,59.6,60.0,21,0.35
2024-10-19 09:00,79.82,79.6,80.3,28,0.467
2024-10-19 10:00,80.29,79.6,80.7,46,0.767
2024-10-19 11:00,79.26,78.8,80.1,46,0.767
2024-10-19 12:00,78.83,78.0,79.6,58,0.967
2024-10-19 13:00,77.43,76.8,78.1,25,0.417
2024-10-19 14:00,75.9,75.4,77.1,35,0.583
2024-10-19 15:00,75.1,74.7,75.6,45,0.75
2024-10-19 16:00,74.46,74.3,74.6,7,0.117
2024-10-19 18:00,73.05,72.9,73.2,2,0.033
2024-10-19 19:00,72.66,72.5,73.0,20,0.333
2024-10-19 20:00,72.27,72.0,72.8,30,0.5
2024-10-19 21:00,71.91,71.6,72.3,12,0.2
2024-10-19 22:00,71.49,71.3,71.7,23,0.383
2024-10-19 23:00,71.27,71.0,71.6,39,0.65
2024-10-20 00:00,71.0,70.8,71.3,58,0.967
2024-10-20 01:00,70.77,70.5,71.3,60,1.0
2024-10-20 02:00,70.54,70.3,70.8,59,0.983
2024-10-20 03:00,70.29,70.0,70.6,59,0.983
2024-10-20 04:00,70.21,69.9,70.5,60,1.0
2024-10-20 05:00,69.96,69.8,70.4,53,0.883
2024-10-20 06:00,70.29,69.9,70.7,17,0.283
2024-10-20 07:00,70.77,70.6,71.2,45,0.75
2024-10-20 08:00,70.84,70.6,71.1,60,1.0
2024-10-20 09:00,70.6,70.2,70.9,60,1.0
2024-10-20 10:00,70.44,70.0,70.8,60,1.0
2024-10-20 11:00,70.05,69.7,70.6,60,1.0
2024-10-20 12:00,69.81,69.6,70.2,60,1.0
2024-10-20 13:00,69.47,69.3,69.9,60,1.0
2024-10-20 14:00,69.44,69.2,69.8,60,1.0
2024-10-20 15:00,69.41,69.2,69.6,60,1.0
2024-10-20 16:00,69.21,68.8,69.5,53,0.883
2024-10-20 17:00,68.94,68.7,69.3,45,0.75
2024-10-20 18:00,68.71,68.4,69.1,53,0.883
2024-10-20 19:00,68.54,68.4,68.7,60,1.0
2024-10-20 20:00,68.43,68.3,68.6,60,1.0
2024-10-20 21:00,68.31,68.2,68.5,60,1.0
2024-10-20 22:00,68.18,68.0,68.4,60,1.0
2024-10-20 23:00,68.07,67.9,68.2,60,1.0
2024-10-21 00:00,67.97,67.8,68.1,60,1.0
2024-10-21 01:00,67.89,67.8,68.0,60,1.0
2024-10-21 02:00,67.79,67.6,67.9,60,1.0
2024-10-21 03:00,67.71,67.6,67.9,60,1.0
2024-10-21 04:00,67.64,67.5,67.8,60,1.0
2024-10-21 05:00,67.55,67.4,67.7,60,1.0
2024-10-21 06:00,67.45,67.3,67.7,60,1.0
2024-10-21 07:00,67.42,67.2,67.7,60,1.0
2024-10-21 08:00,67.49,67.1,67.8,60,1.0
2024-10-21 09:00,67.34,67.1,67.6,60,1.0
2024-10-21 10:00,67.07,67.0,67.2,60,1.0
2024-10-21 11:00,67.02,66.9,67.3,59,0.983
2024-10-21 12:00,66.95,66.8,67.3,60,1.0
2024-10-21 13:00,66.99,66.8,67.3,60,1.0
2024-10-21 14:00,66.88,66.6,67.2,60,1.0
2024-10-21 15:00,66.99,66.8,67.4,60,1.0
2024-10-21 16:00,66.92,66.7,67.2,60,1.0
2024-10-21 17:00,66.86,66.7,67.1,60,1.0
2024-10-21 18:00,66.98,66.7,67.3,60,1.0
2024-10-21 19:00,67.0,66.7,67.3,59,0.983
2024-10-21 20:00,67.0,66.8,67.4,60,1.0
2024-10-21 21:00,66.92,66.6,67.1,60,1.0
2024-10-21 22:00,66.89,66.7,67.1,60,1.0
2024-10-21 23:00,66.84,66.7,67.1,60,1.0
2024-10-22 00:00,66.76,66.5,67.1,59,0.983
2024-10-22 01:00,66.59,66.3,66.9,60,1.0
2024-10-22 02:00,66.57,66.2,66.8,60,1.0
2024-10-22 03:00,66.48,66.1,66.8,60,1.0
2024-10-22 04:00,66.37,66.2,66.7,60,1.0
2024-10-22 05:00,66.28,66.1,66.7,59,0.983
2024-10-22 06:00,66.22,66.0,66.6,60,1.0
2024-10-22 07:00,66.36,66.1,66.7,60,1.0
2024-10-22 08:00,66.21,65.9,66.6,59,0.983
2024-10-22 09:00,66.18,65.9,66.6,49,0.817
2024-10-22 10:00,66.2,66.0,66.5,60,1.0
2024-10-22 11:00,66.11,65.8,66.3,60,1.0
2024-10-22 12:00,66.04,65.8,66.2,60,1.0
2024-10-22 13:00,65.96,65.7,66.2,60,1.0
2024-10-22 14:00,65.61,65.4,65.9,60,1.0
2024-10-22 15:00,65.48,65.4,65.6,60,1.0
2024-10-22 16:00,65.49,65.4,65.8,60,1.0
2024-10-22 17:00,65.51,65.4,65.7,60,1.0
2024-10-22 18:00,65.65,65.4,66.0,60,1.0
2024-10-22 19:00,65.76,65.4,66.0,59,0.983
2024-10-22 20:00,65.74,65.5,66.0,60,1.0
2024-10-22 21:00,65.72,65.5,65.9,53,0.883
2024-10-22 22:00,65.6,65.3,65.9,46,0.767
2024-10-22 23:00,65.46,65.2,65.8,58,0.967
2024-10-23 00:00,65.44,65.2,65.8,60,1.0
2024-10-23 01:00,65.38,65.2,65.8,60,1.0
2024-10-23 02:00,65.28,65.1,65.6,60,1.0
2024-10-23 03:00,65.22,65.0,65.5,60,1.0
2024-10-23 04:00,65.18,65.0,65.4,60,1.0
2024-10-23 05:00,65.1,64.9,65.5,60,1.0
2024-10-23 06:00,65.09,64.9,65.3,60,1.0
2024-10-23 07:00,65.2,64.9,65.5,60,1.0
2024-10-23 08:00,65.17,64.9,65.5,60,1.0
2024-10-23 09:00,65.2,64.8,65.5,60,1.0
2024-10-23 10:00,65.06,64.8,65.3,60,1.0
2024-10-23 11:00,65.14,65.0,65.3,60,1.0
2024-10-23 12:00,64.96,64.6,65.2,60,1.0
2024-10-23 13:00,64.72,64.5,65.0,60,1.0
2024-10-23 14:00,64.56,64.4,64.7,60,1.0
2024-10-23 15:00,64.53,64.4,64.7,60,1.0
2024-10-23 16:00,64.51,64.3,64.7,60,1.0
2024-10-23 17:00,64.47,64.3,64.7,60,1.0
2024-10-23 18:00,64.57,64.3,64.8,60,1.0
2024-10-23 19:00,64.71,64.4,64.9,60,1.0
2024-10-23 20:00,64.71,64.3,65.0,60,1.0
2024-10-23 21:00,64.71,64.5,64.9,60,1.0
2024-10-23 22:00,64.63,64.4,64.9,60,1.0
2024-10-23 23:00,64.57,64.3,64.8,60,1.0
2024-10-24 00:00,64.57,64.3,64.8,60,1.0
2024-10-24 01:00,64.49,64.2,64.7,60,1.0
2024-10-24 02:00,64.41,64.2,64.7,59,0.983
2024-10-24 03:00,64.35,64.1,64.6,60,1.0
2024-10-24 04:00,64.32,64.1,64.6,60,1.0
2024-10-24 05:00,64.4,64.1,64.7,60,1.0
2024-10-24 06:00,64.28,64.0,64.5,60,1.0
2024-10-24 07:00,64.33,64.0,64.6,60,1.0
2024-10-24 08:00,64.22,64.0,64.6,60,1.0
2024-10-24 09:00,64.45,64.3,64.7,60,1.0
2024-10-24 10:00,64.37,64.2,64.6,50,0.833
2024-10-24 11:00,64.25,63.9,64.5,56,0.933
2024-10-24 12:00,64.19,63.9,64.4,59,0.983
2024-10-24 13:00,63.94,63.7,64.2,55,0.917
2024-10-24 14:00,63.78,63.6,64.0,56,0.933
2024-10-24 15:00,63.75,63.6,63.9,60,1.0
2024-10-24 16:00,63.69,63.6,63.8,60,1.0
2024-10-24 17:00,63.69,63.6,63.8,60,1.0
2024-10-24 18:00,63.75,63.6,64.1,60,1.0
2024-10-24 19:00,63.94,63.8,64.2,60,1.0
2024-10-24 20:00,63.98,63.8,64.2,60,1.0
2024-10-24 21:00,63.96,63.8,64.2,60,1.0
2024-10-24 22:00,63.93,63.8,64.1,60,1.0
2024-10-24 23:00,63.9,63.6,64.1,60,1.0
2024-10-25 00:00,63.87,63.6,64.1,60,1.0
2024-10-25 01:00,63.78,63.5,64.0,60,1.0
2024-10-25 02:00,63.79,63.5,64.0,60,1.0
2024-10-25 03:00,63.69,63.5,64.0,60,1.0
2024-10-25 04:00,63.59,63.3,63.9,60,1.0
2024-10-25 05:00,63.54,63.3,63.9,60,1.0
2024-10-25 06:00,63.51,63.3,63.9,60,1.0
2024-10-25 07:00,63.6,63.3,64.0,60,1.0
2024-10-25 08:00,63.62,63.3,64.0,60,1.0
2024-10-25 09:00,63.49,63.2,63.8,60,1.0
2024-10-25 10:00,63.49,63.2,63.7,60,1.0
2024-10-25 11:00,63.38,63.1,63.7,60,1.0
2024-10-25 12:00,63.29,63.0,63.6,60,1.0
2024-10-25 13:00,63.38,63.1,63.6,60,1.0
2024-10-25 14:00,63.2,62.9,63.6,60,1.0
2024-10-25 15:00,63.04,62.9,63.3,60,1.0
2024-10-25 16:00,62.97,62.9,63.1,60,1.0
2024-10-25 17:00,62.97,62.8,63.3,60,1.0
2024-10-25 18:00,63.07,62.9,63.4,60,1.0
2024-10-25 19:00,63.23,63.0,63.4,60,1.0
2024-10-25 20:00,63.26,63.0,63.5,60,1.0
2024-10-25 21:00,63.2,63.0,63.4,60,1.0
2024-10-25 22:00,63.15,62.9,63.4,60,1.0
2024-10-25 23:00,63.09,62.7,63.3,51,0.85
2024-10-26 00:00,62.98,62.7,63.3,52,0.867
2024-10-26 01:00,62.96,62.7,63.2,60,1.0
2024-10-26 02:00,62.93,62.7,63.3,60,1.0
2024-10-26 03:00,62.99,62.7,63.3,60,1.0
2024-10-26 04:00,62.85,62.6,63.1,60,1.0
2024-10-26 05:00,62.78,62.6,62.9,60,1.0
2024-10-26 06:00,62.81,62.6,63.1,60,1.0
2024-10-26 07:00,62.99,62.7,63.3,60,1.0
2024-10-26 08:00,62.74,62.6,63.0,60,1.0
2024-10-26 09:00,62.93,62.6,63.2,60,1.0
2024-10-26 10:00,62.96,62.8,63.2,60,1.0
2024-10-26 11:00,62.73,62.5,63.1,59,0.983
2024-10-26 12:00,62.57,62.4,62.8,58,0.967
2024-10-26 13:00,62.48,62.3,62.7,60,1.0
2024-10-26 14:00,62.43,62.3,62.7,60,1.0
2024-10-26 15:00,62.39,62.3,62.6,60,1.0
2024-10-26 16:00,62.36,62.2,62.5,60,1.0
2024-10-26 17:00,62.39,62.3,62.7,60,1.0
2024-10-26 18:00,62.4,62.2,62.6,60,1.0
2024-10-26 19:00,62.51,62.2,62.8,60,1.0
2024-10-26 20:00,62.64,62.5,62.8,60,1.0
2024-10-26 21:00,62.64,62.4,62.9,60,1.0
2024-10-26 22:00,62.59,62.4,63.0,60,1.0
2024-10-26 23:00,62.57,62.3,62.8,60,1.0
2024-10-27 00:00,62.54,62.3,62.8,60,1.0
2024-10-27 01:00,62.49,62.2,62.8,60,1.0
2024-10-27 02:00,62.46,62.2,62.7,60,1.0
2024-10-27 03:00,62.36,62.1,62.6,60,1.0
2024-10-27 04:00,62.35,62.1,62.6,60,1.0
2024-10-27 05:00,62.29,62.0,62.6,60,1.0
2024-10-27 06:00,62.32,62.0,62.6,60,1.0
2024-10-27 07:00,62.38,62.0,62.7,60,1.0
2024-10-27 08:00,62.25,62.0,62.5,60,1.0
2024-10-27 09:00,62.38,62.2,62.6,60,1.0
2024-10-27 10:00,62.21,61.9,62.5,60,1.0
2024-10-27 11:00,61.96,61.7,62.4,60,1.0
2024-10-27 12:00,61.8,61.6,62.1,60,1.0
2024-10-27 13:00,61.72,61.6,62.0,60,1.0
2024-10-27 14:00,61.68,61.5,61.9,58,0.967
2024-10-27 15:00,61.65,61.5,61.8,50,0.833
2024-10-27 16:00,61.69,61.5,61.9,60,1.0
2024-10-27 17:00,61.76,61.5,62.1,56,0.933
2024-10-27 18:00,61.87,61.7,62.0,49,0.817
2024-10-27 19:00,61.82,61.6,62.1,60,1.0
2024-10-27 20:00,61.79,61.5,62.0,60,1.0
2024-10-27 21:00,61.7,61.4,62.0,60,1.0
2024-10-27 22:00,61.68,61.4,61.9,60,1.0
2024-10-27 23:00,61.55,61.4,61.8,60,1.0
2024-10-28 00:00,61.6,61.4,61.9,60,1.0
2024-10-28 01:00,61.71,61.4,62.1,60,1.0
2024-10-28 02:00,61.54,61.3,61.9,60,1.0
2024-10-28 03:00,61.46,61.3,61.9,60,1.0
2024-10-28 04:00,61.38,61.2,61.6,60,1.0
2024-10-28 05:00,61.4,61.2,61.7,60,1.0
2024-10-28 06:00,61.34,61.2,61.6,60,1.0
2024-10-28 07:00,61.44,61.2,61.8,60,1.0
2024-10-28 08:00,61.43,61.2,61.9,60,1.0
2024-10-28 09:00,61.5,61.2,61.8,60,1.0
2024-10-28 10:00,61.42,61.1,61.6,60,1.0
2024-10-28 11:00,61.23,61.0,61.5,60,1.0
2024-10-28 12:00,61.09,60.9,61.4,60,1.0
2024-10-28 13:00,60.99,60.9,61.1,60,1.0
2024-10-28 14:00,61.0,60.9,61.2,60,1.0
2024-10-28 15:00,61.02,60.9,61.3,60,1.0
2024-10-28 16:00,61.08,60.9,61.4,60,1.0
2024-10-28 17:00,61.16,60.9,61.5,60,1.0
2024-10-28 18:00,61.25,60.9,61.4,60,1.0
2024-10-28 19:00,61.27,61.1,61.4,60,1.0
2024-10-28 20:00,61.26,61.1,61.5,60,1.0
2024-10-28 21:00,61.18,61.0,61.4,60,1.0
2024-10-28 22:00,61.18,60.9,61.4,60,1.0
2024-10-28 23:00,61.15,60.9,61.4,60,1.0
2024-10-29 00:00,61.08,60.8,61.3,60,1.0
2024-10-29 01:00,61.06,60.8,61.3,60,1.0
2024-10-29 02:00,61.04,60.8,61.3,60,1.0
2024-10-29 03:00,61.02,60.8,61.3,60,1.0
2024-10-29 04:00,60.97,60.7,61.2,60,1.0
2024-10-29 05:00,60.94,60.7,61.2,60,1.0
2024-10-29 06:00,60.89,60.7,61.2,60,1.0
2024-10-29 07:00,60.92,60.7,61.2,60,1.0
2024-10-29 08:00,61.01,60.7,61.2,55,0.917
2024-10-29 09:00,61.05,60.7,61.3,54,0.9
2024-10-29 10:00,61.02,60.8,61.2,59,0.983
2024-10-29 11:00,60.98,60.8,61.1,53,0.883
2024-10-29 12:00,60.91,60.7,61.1,49,0.817
2024-10-29 13:00,60.79,60.5,61.0,60,1.0
2024-10-29 14:00,60.57,60.4,60.9,60,1.0
2024-10-29 15:00,60.53,60.4,60.7,60,1.0
2024-10-29 16:00,60.49,60.4,60.9,60,1.0
2024-10-29 17:00,60.5,60.4,60.6,60,1.0
2024-10-29 18:00,60.5,60.4,60.7,60,1.0
2024-10-29 19:00,60.64,60.4,61.0,60,1.0
2024-10-29 20:00,60.77,60.5,61.0,60,1.0
2024-10-29 21:00,60.79,60.5,61.0,60,1.0
2024-10-29 22:00,60.78,60.6,61.0,60,1.0
2024-10-29 23:00,60.76,60.6,61.0,60,1.0
2024-10-30 00:00,60.74,60.5,61.0,60,1.0
2024-10-30 01:00,60.76,60.6,61.0,60,1.0
2024-10-30 02:00,60.72,60.5,60.9,60,1.0
2024-10-30 03:00,60.66,60.4,61.0,60,1.0
2024-10-30 04:00,60.64,60.4,60.9,60,1.0
2024-10-30 05:00,60.56,60.2,60.8,60,1.0
2024-10-30 06:00,60.52,60.3,60.8,60,1.0
2024-10-30 07:00,60.47,60.2,60.8,60,1.0
2024-10-30 08:00,60.52,60.2,60.9,60,1.0
2024-10-30 09:00,60.44,60.1,60.7,60,1.0
2024-10-30 10:00,60.49,60.2,60.8,58,0.967
2024-10-30 11:00,60.5,60.3,60.7,58,0.967
2024-10-30 12:00,60.42,60.2,60.6,58,0.967
2024-10-30 13:00,60.39,60.2,60.6,59,0.983
2024-10-30 14:00,60.34,60.1,60.5,60,1.0
2024-10-30 15:00,60.22,59.9,60.5,60,1.0
2024-10-30 16:00,60.06,59.9,60.3,60,1.0
2024-10-30 17:00,60.03,59.9,60.2,60,1.0
2024-10-30 18:00,60.03,59.9,60.3,60,1.0
2024-10-30 19:00,60.07,59.9,60.3,59,0.983
2024-10-30 20:00,60.16,59.9,60.5,60,1.0
2024-10-30 21:00,60.21,59.9,60.4,60,1.0
2024-10-30 22:00,60.26,60.0,60.4,60,1.0
2024-10-30 23:00,60.19,59.8,60.8,60,1.0
2024-10-31 00:00,60.22,60.0,60.4,60,1.0
2024-10-31 01:00,60.18,60.0,60.4,60,1.0
2024-10-31 02:00,60.11,59.9,60.4,60,1.0
2024-10-31 03:00,60.02,59.8,60.3,60,1.0
2024-10-31 04:00,60.01,59.7,60.2,60,1.0
2024-10-31 05:00,60.02,59.7,60.2,60,1.0
2024-10-31 06:00,60.0,59.7,60.3,60,1.0
2024-10-31 07:00,59.86,59.6,60.1,60,1.0
2024-10-31 08:00,59.89,59.6,60.3,60,1.0
2024-10-31 09:00,59.72,59.5,60.0,59,0.983
2024-10-31 10:00,59.8,59.5,60.0,53,0.883
2024-10-31 11:00,59.72,59.4,60.0,52,0.867
2024-10-31 12:00,59.56,59.3,59.9,48,0.8
2024-10-31 13:00,59.44,59.2,59.7,59,0.983
2024-10-31 14:00,59.41,59.3,59.5,59,0.983
2024-10-31 15:00,59.42,59.3,59.7,60,1.0
2024-10-31 16:00,59.44,59.3,59.7,60,1.0
2024-10-31 17:00,59.49,59.3,59.8,60,1.0
2024-10-31 18:00,59.59,59.2,59.8,60,1.0
2024-10-31 19:00,59.65,59.4,59.9,60,1.0
2024-10-31 20:00,59.64,59.4,59.9,60,1.0
2024-10-31 21:00,59.65,59.4,59.8,60,1.0
2024-10-31 22:00,59.61,59.4,59.8,60,1.0
2024-10-31 23:00,59.59,59.4,59.8,60,1.0
2024-11-01 00:00,59.55,59.3,59.7,60,1.0
2024-11-01 01:00,59.52,59.2,59.7,60,1.0
2024-11-01 02:00,59.45,59.2,59.8,60,1.0
2024-11-01 03:00,59.48,59.1,59.7,60,1.0
2024-11-01 04:00,59.47,59.3,59.7,60,1.0
2024-11-01 05:00,59.45,59.3,59.6,60,1.0
2024-11-01 06:00,59.43,59.2,59.6,60,1.0
2024-11-01 07:00,59.3,59.0,59.6,60,1.0
2024-11-01 08:00,59.25,58.9,59.5,60,1.0
2024-11-01 09:00,59.02,58.8,59.4,60,1.0
2024-11-01 10:00,59.02,58.8,59.3,60,1.0
2024-11-01 11:00,58.99,58.7,59.3,60,1.0
2024-11-01 12:00,58.8,58.7,59.0,60,1.0
2024-11-01 13:00,58.8,58.7,59.0,60,1.0
2024-11-01 14:00,58.83,58.6,59.1,60,1.0
2024-11-01 15:00,58.88,58.6,59.2,60,1.0
2024-11-01 16:00,58.86,58.6,59.1,60,1.0
2024-11-01 17:00,58.96,58.5,59.2,60,1.0
2024-11-01 18:00,59.02,58.8,59.3,60,1.0
2024-11-01 19:00,59.02,58.8,59.2,60,1.0
2024-11-01 20:00,59.0,58.8,59.2,60,1.0
2024-11-01 21:00,59.02,58.8,59.2,60,1.0
2024-11-01 22:00,58.96,58.8,59.2,60,1.0
2024-11-01 23:00,58.96,58.8,59.1,60,1.0
2024-11-02 00:00,58.9,58.6,59.2,60,1.0
2024-11-02 01:00,58.9,58.7,59.1,46,0.767
2024-11-02 02:00,58.84,58.6,59.1,57,0.95
2024-11-02 03:00,58.72,58.4,58.9,59,0.983
2024-11-02 04:00,58.66,58.4,59.0,60,1.0
2024-11-02 05:00,58.66,58.5,59.0,60,1.0
2024-11-02 06:00,58.7,58.4,58.9,60,1.0
2024-11-02 07:00,58.67,58.4,59.0,60,1.0
2024-11-02 08:00,58.69,58.4,58.9,60,1.0
2024-11-02 09:00,58.44,58.3,58.6,60,1.0
2024-11-02 10:00,58.6,58.3,58.9,60,1.0
2024-11-02 11:00,58.66,58.5,58.8,60,1.0
2024-11-02 12:00,58.57,58.2,58.9,60,1.0
2024-11-02 13:00,58.33,58.1,58.6,60,1.0
2024-11-02 14:00,58.28,58.2,58.4,60,1.0
2024-11-02 15:00,58.28,58.2,58.4,60,1.0
2024-11-02 16:00,58.29,58.1,58.4,60,1.0
2024-11-02 17:00,58.34,58.1,58.6,60,1.0
2024-11-02 18:00,58.5,58.3,58.7,60,1.0
2024-11-02 19:00,58.56,58.4,58.8,60,1.0
2024-11-02 20:00,58.53,58.4,58.7,60,1.0
2024-11-02 21:00,58.51,58.4,58.7,60,1.0
2024-11-02 22:00,58.5,58.3,58.7,60,1.0
2024-11-02 23:00,58.45,58.3,58.8,54,0.9
2024-11-03 00:00,58.44,58.3,58.7,60,1.0
2024-11-03 01:00,58.39,58.1,58.6,60,1.0
2024-11-03 02:00,58.33,58.1,58.6,60,1.0
2024-11-03 03:00,58.39,58.2,58.7,60,1.0
2024-11-03 04:00,58.38,58.2,58.6,60,1.0
2024-11-03 05:00,58.32,58.0,58.6,60,1.0
2024-11-03 06:00,58.19,58.0,58.5,56,0.933
2024-11-03 07:00,58.15,57.9,58.4,47,0.783
2024-11-03 08:00,58.23,57.9,58.4,60,1.0
2024-11-03 09:00,58.08,57.9,58.3,60,1.0
2024-11-03 10:00,57.95,57.7,58.2,60,1.0
2024-11-03 11:00,57.96,57.6,58.2,60,1.0
2024-11-03 12:00,57.76,57.6,57.9,60,1.0
2024-11-03 13:00,57.72,57.6,57.8,60,1.0
2024-11-03 14:00,57.71,57.6,57.9,60,1.0
2024-11-03 15:00,57.74,57.5,58.0,60,1.0
2024-11-03 16:00,57.73,57.6,58.0,60,1.0
2024-11-03 17:00,57.74,57.6,58.0,60,1.0
2024-11-03 18:00,57.93,57.7,58.1,60,1.0
2024-11-03 19:00,57.98,57.8,58.2,60,1.0
2024-11-03 20:00,57.98,57.7,58.2,60,1.0
2024-11-03 21:00,57.96,57.8,58.1,60,1.0
2024-11-03 22:00,57.97,57.8,58.2,60,1.0
2024-11-03 23:00,57.94,57.7,58.1,60,1.0
2024-11-04 00:00,57.92,57.6,58.3,60,1.0
2024-11-04 01:00,57.84,57.6,58.1,60,1.0
2024-11-04 02:00,57.83,57.6,58.1,60,1.0
2024-11-04 03:00,57.76,57.5,58.0,60,1.0
2024-11-04 04:00,57.75,57.5,58.1,59,0.983
2024-11-04 05:00,57.74,57.5,58.0,60,1.0
2024-11-04 06:00,57.75,57.5,58.0,60,1.0
2024-11-04 07:00,57.7,57.5,58.0,59,0.983
2024-11-04 08:00,57.82,57.4,58.0,60,1.0
2024-11-04 09:00,57.71,57.4,57.9,60,1.0
2024-11-04 10:00,57.58,57.3,57.9,60,1.0
2024-11-04 11:00,57.36,57.2,57.5,60,1.0
2024-11-04 12:00,57.32,57.2,57.5,60,1.0
2024-11-04 13:00,57.44,57.2,57.7,60,1.0
2024-11-04 14:00,57.52,57.4,57.7,60,1.0
2024-11-04 15:00,57.37,57.1,57.7,60,1.0
2024-11-04 16:00,57.27,57.1,57.5,60,1.0
2024-11-04 17:00,57.25,57.1,57.6,60,1.0
2024-11-04 18:00,57.28,57.1,57.5,60,1.0
2024-11-04 19:00,57.42,57.1,57.7,60,1.0
2024-11-04 20:00,57.47,57.1,57.7,60,1.0
2024-11-04 21:00,57.49,57.3,57.7,60,1.0
2024-11-04 22:00,57.46,57.2,57.7,60,1.0
2024-11-04 23:00,57.46,57.3,57.7,60,1.0
2024-11-05 00:00,57.45,57.3,57.6,60,1.0
2024-11-05 01:00,57.45,57.3,57.7,60,1.0
2024-11-05 02:00,57.43,57.2,57.8,50,0.833
2024-11-05 03:00,57.42,57.3,57.6,55,0.917
2024-11-05 04:00,57.38,57.2,57.6,60,1.0
2024-11-05 05:00,57.37,57.1,57.7,60,1.0
2024-11-05 06:00,57.35,57.1,57.5,60,1.0
2024-11-05 07:00,57.34,57.1,57.6,60,1.0
2024-11-05 08:00,57.27,57.0,57.5,60,1.0
2024-11-05 09:00,56.97,56.2,57.4,60,1.0
2024-11-05 10:00,56.42,56.2,56.7,60,1.0
2024-11-05 11:00,56.38,56.1,56.6,60,1.0
2024-11-05 12:00,56.2,56.0,56.5,60,1.0
2024-11-05 13:00,56.07,55.9,56.2,60,1.0
2024-11-05 14:00,56.02,55.9,56.1,60,1.0
2024-11-05 15:00,56.02,55.9,56.2,60,1.0
2024-11-05 16:00,56.0,55.9,56.1,60,1.0
2024-11-05 17:00,56.01,55.9,56.3,60,1.0
2024-11-05 18:00,56.1,55.9,56.3,60,1.0
2024-11-05 19:00,56.2,55.9,56.5,60,1.0
2024-11-05 20:00,56.22,56.0,56.5,60,1.0
2024-11-05 21:00,56.21,56.0,56.4,60,1.0
2024-11-05 22:00,56.22,56.0,56.4,60,1.0
2024-11-05 23:00,56.22,56.0,56.6,60,1.0
2024-11-06 00:00,56.2,56.0,56.6,60,1.0
2024-11-06 01:00,56.16,56.0,56.4,60,1.0
2024-11-06 02:00,56.19,56.0,56.4,60,1.0
2024-11-06 03:00,56.13,55.9,56.4,60,1.0
2024-11-06 04:00,56.11,56.0,56.3,60,1.0
2024-11-06 05:00,56.08,55.9,56.3,60,1.0
2024-11-06 06:00,56.08,55.8,56.3,60,1.0
2024-11-06 07:00,56.06,55.7,56.3,60,1.0
2024-11-06 08:00,55.99,55.7,56.2,60,1.0
2024-11-06 09:00,56.03,55.9,56.2,60,1.0
2024-11-06 10:00,55.99,55.7,56.2,60,1.0
2024-11-06 11:00,55.96,55.8,56.1,60,1.0
2024-11-06 12:00,55.9,55.7,56.1,60,1.0
2024-11-06 13:00,55.76,55.6,56.0,60,1.0
2024-11-06 14:00,55.68,55.5,56.0,60,1.0
2024-11-06 15:00,55.65,55.5,55.9,60,1.0
2024-11-06 16:00,55.61,55.5,55.7,60,1.0
2024-11-06 17:00,55.61,55.5,55.9,59,0.983
2024-11-06 18:00,55.59,55.5,55.9,49,0.817
2024-11-06 19:00,55.64,55.5,56.0,58,0.967
2024-11-06 20:00,55.73,55.5,56.0,60,1.0
2024-11-06 21:00,55.78,55.4,56.1,60,1.0
2024-11-06 22:00,55.76,55.5,56.0,60,1.0
2024-11-06 23:00,55.7,55.5,56.0,60,1.0
2024-11-07 00:00,55.78,55.6,56.1,60,1.0
2024-11-07 01:00,55.75,55.5,56.0,60,1.0
2024-11-07 02:00,55.78,55.6,56.0,60,1.0
2024-11-07 03:00,55.69,55.4,55.9,60,1.0
2024-11-07 04:00,55.72,55.5,56.0,60,1.0
2024-11-07 05:00,55.7,55.4,55.9,60,1.0
2024-11-07 06:00,55.72,55.5,56.1,60,1.0
2024-11-07 07:00,55.67,55.3,55.9,59,0.983
2024-11-07 08:00,55.54,55.3,55.9,59,0.983
2024-11-07 09:00,55.52,55.2,55.9,60,1.0
2024-11-07 10:00,55.3,55.2,55.5,60,1.0
2024-11-07 11:00,55.3,55.2,55.6,57,0.95
2024-11-07 12:00,55.31,55.2,55.5,59,0.983
2024-11-07 13:00,55.35,55.1,55.6,60,1.0
2024-11-07 14:00,55.29,55.1,55.5,60,1.0
2024-11-07 15:00,55.44,55.1,55.6,60,1.0
2024-11-07 16:00,55.48,55.2,55.7,60,1.0
2024-11-07 17:00,55.47,55.3,55.7,59,0.983
2024-11-07 18:00,55.51,55.3,55.7,60,1.0
2024-11-07 19:00,55.42,55.1,55.7,60,1.0
2024-11-07 20:00,55.45,55.3,55.7,60,1.0
2024-11-07 21:00,55.38,55.1,55.6,60,1.0
2024-11-07 22:00,55.25,55.1,55.5,60,1.0
2024-11-07 23:00,55.19,55.1,55.4,60,1.0
2024-11-08 00:00,55.18,55.0,55.4,60,1.0
2024-11-08 01:00,55.16,55.0,55.3,60,1.0
2024-11-08 02:00,55.14,55.0,55.3,60,1.0
2024-11-08 03:00,55.11,55.0,55.3,59,0.983
2024-11-08 04:00,55.09,55.0,55.2,44,0.733
2024-11-08 05:00,55.09,55.0,55.2,56,0.933
2024-11-08 06:00,55.09,55.0,55.2,60,1.0
2024-11-08 07:00,55.09,55.0,55.2,60,1.0
2024-11-08 08:00,55.24,55.0,55.5,60,1.0
2024-11-08 09:00,55.34,55.1,55.5,60,1.0
2024-11-08 10:00,55.19,54.9,55.5,59,0.983
2024-11-08 11:00,55.09,54.9,55.4,60,1.0
2024-11-08 12:00,54.96,54.8,55.1,60,1.0
2024-11-08 13:00,54.95,54.8,55.2,60,1.0
2024-11-08 14:00,54.97,54.8,55.2,60,1.0
2024-11-08 15:00,55.09,54.7,55.3,60,1.0
2024-11-08 16:00,55.17,54.9,55.3,60,1.0
2024-11-08 17:00,55.2,55.0,55.3,59,0.983
2024-11-08 18:00,55.13,54.9,55.3,60,1.0
2024-11-08 19:00,55.09,54.9,55.3,60,1.0
2024-11-08 20:00,54.93,54.7,55.1,60,1.0
2024-11-08 21:00,54.86,54.7,55.1,60,1.0
2024-11-08 22:00,54.83,54.7,55.1,60,1.0
2024-11-08 23:00,54.81,54.7,55.0,60,1.0
2024-11-09 00:00,54.8,54.7,54.9,60,1.0
2024-11-09 01:00,54.77,54.7,54.9,60,1.0
2024-11-09 02:00,54.75,54.6,54.9,60,1.0
2024-11-09 03:00,54.74,54.6,54.9,60,1.0
2024-11-09 04:00,54.74,54.6,54.9,60,1.0
2024-11-09 05:00,54.71,54.6,54.9,60,1.0
2024-11-09 06:00,54.69,54.6,54.8,60,1.0
2024-11-09 07:00,54.71,54.6,55.0,59,0.983
2024-11-09 08:00,54.77,54.5,55.1,60,1.0
2024-11-09 09:00,54.9,54.7,55.1,60,1.0
2024-11-09 10:00,54.82,54.6,55.1,60,1.0
2024-11-09 11:00,54.72,54.5,54.9,60,1.0
2024-11-09 12:00,54.6,54.3,54.9,60,1.0
2024-11-09 13:00,54.47,54.3,54.8,60,1.0
2024-11-09 14:00,54.4,54.3,54.7,55,0.917
2024-11-09 15:00,54.38,54.3,54.5,48,0.8
2024-11-09 16:00,54.37,54.2,54.5,55,0.917
2024-11-09 17:00,54.35,54.2,54.7,60,1.0
2024-11-09 18:00,54.36,54.2,54.5,60,1.0
2024-11-09 19:00,54.34,54.2,54.5,60,1.0
2024-11-09 20:00,54.32,54.2,54.5,60,1.0
2024-11-09 21:00,54.32,54.2,54.5,60,1.0
2024-11-09 22:00,54.32,54.2,54.7,60,1.0
2024-11-09 23:00,54.35,54.2,54.6,60,1.0
2024-11-10 00:00,54.35,54.1,54.6,58,0.967
2024-11-10 01:00,54.26,54.1,54.6,60,1.0
2024-11-10 02:00,54.21,54.1,54.4,60,1.0
2024-11-10 03:00,54.21,54.1,54.3,60,1.0
2024-11-10 04:00,54.19,54.1,54.4,60,1.0
2024-11-10 05:00,54.23,54.0,54.4,60,1.0
2024-11-10 06:00,54.17,54.0,54.4,60,1.0
2024-11-10 07:00,54.16,54.0,54.4,60,1.0
2024-11-10 08:00,54.26,54.0,54.5,60,1.0
2024-11-10 09:00,54.31,54.1,54.5,60,1.0
2024-11-10 10:00,54.24,53.9,54.5,60,1.0
2024-11-10 11:00,54.13,53.9,54.4,60,1.0
2024-11-10 12:00,53.99,53.8,54.2,60,1.0
2024-11-10 13:00,53.92,53.8,54.1,60,1.0
2024-11-10 14:00,53.9,53.8,54.0,60,1.0
2024-11-10 15:00,53.9,53.8,54.1,60,1.0
2024-11-10 16:00,53.88,53.8,54.0,60,1.0
2024-11-10 17:00,53.86,53.7,54.0,60,1.0
2024-11-10 18:00,53.84,53.7,54.0,60,1.0
2024-11-10 19:00,53.84,53.7,54.0,60,1.0
2024-11-10 20:00,53.85,53.7,54.0,60,1.0
2024-11-10 21:00,53.85,53.7,54.1,60,1.0
2024-11-10 22:00,53.83,53.7,54.2,60,1.0
2024-11-10 23:00,53.82,53.6,54.1,60,1.0
2024-11-11 00:00,53.81,53.6,54.1,60,1.0
2024-11-11 01:00,53.82,53.6,54.2,60,1.0
2024-11-11 02:00,53.82,53.6,54.1,60,1.0
2024-11-11 03:00,53.81,53.6,54.0,54,0.9
2024-11-11 04:00,53.78,53.6,54.0,60,1.0
2024-11-11 05:00,53.81,53.6,54.0,60,1.0
2024-11-11 06:00,53.72,53.5,54.0,60,1.0
2024-11-11 07:00,53.75,53.5,54.0,60,1.0
2024-11-11 08:00,53.71,53.5,54.0,60,1.0
2024-11-11 09:00,53.83,53.6,54.2,60,1.0
2024-11-11 10:00,53.78,53.6,54.0,59,0.983
2024-11-11 11:00,53.72,53.5,54.0,57,0.95
2024-11-11 12:00,53.73,53.6,53.9,51,0.85
2024-11-11 13:00,53.66,53.5,53.8,51,0.85
2024-11-11 14:00,53.63,53.5,53.8,60,1.0
2024-11-11 15:00,53.61,53.4,53.8,60,1.0
2024-11-11 16:00,53.59,53.4,53.8,60,1.0
2024-11-11 17:00,53.37,53.2,53.7,60,1.0
2024-11-11 18:00,53.32,53.2,53.4,60,1.0
2024-11-11 19:00,53.3,53.2,53.5,60,1.0
2024-11-11 20:00,53.28,53.2,53.4,59,0.983
2024-11-11 21:00,53.26,53.1,53.4,60,1.0
2024-11-11 22:00,53.26,53.1,53.4,59,0.983
2024-11-11 23:00,53.24,53.1,53.4,60,1.0
2024-11-12 00:00,53.24,53.1,53.4,60,1.0
2024-11-12 01:00,53.23,53.1,53.4,60,1.0
2024-11-12 02:00,53.21,53.1,53.3,60,1.0
2024-11-12 03:00,53.18,53.0,53.3,60,1.0
2024-11-12 04:00,53.17,53.0,53.3,60,1.0
2024-11-12 05:00,53.16,53.0,53.5,60,1.0
2024-11-12 06:00,53.14,53.0,53.3,60,1.0
2024-11-12 07:00,53.13,53.0,53.3,60,1.0
2024-11-12 08:00,53.29,53.0,53.5,40,0.667
2024-11-12 09:00,53.27,53.1,53.4,24,0.4
2024-11-12 10:00,53.19,53.0,53.3,17,0.283
2024-11-12 11:00,53.21,52.9,53.5,28,0.467
2024-11-12 12:00,52.97,52.8,53.3,60,1.0
2024-11-12 13:00,53.16,53.0,53.4,60,1.0
2024-11-12 14:00,53.15,53.0,53.3,60,1.0
2024-11-12 15:00,53.13,53.0,53.3,60,1.0
2024-11-12 16:00,53.06,52.8,53.3,60,1.0
2024-11-12 17:00,52.92,52.7,53.1,60,1.0
2024-11-12 18:00,52.87,52.7,53.2,60,1.0
2024-11-12 19:00,52.86,52.6,53.1,60,1.0
2024-11-12 20:00,52.79,52.6,53.0,60,1.0
2024-11-12 21:00,52.76,52.6,52.9,60,1.0
2024-11-12 22:00,52.77,52.6,53.0,60,1.0
2024-11-12 23:00,52.82,52.7,53.1,60,1.0
2024-11-13 00:00,52.81,52.7,53.0,59,0.983
2024-11-13 01:00,52.8,52.7,53.1,60,1.0
2024-11-13 02:00,52.79,52.7,52.9,60,1.0
2024-11-13 03:00,52.79,52.7,53.0,60,1.0
2024-11-13 04:00,52.78,52.7,52.9,60,1.0
2024-11-13 05:00,52.78,52.7,52.9,60,1.0
2024-11-13 06:00,52.82,52.7,53.2,60,1.0
2024-11-13 07:00,53.16,52.9,53.3,60,1.0
2024-11-13 08:00,53.31,53.2,53.4,60,1.0
2024-11-13 09:00,53.36,53.2,53.5,60,1.0
2024-11-13 10:00,53.49,53.3,53.8,60,1.0
2024-11-13 11:00,53.38,53.2,53.6,59,0.983
2024-11-13 12:00,53.88,53.4,54.5,60,1.0
2024-11-13 13:00,54.33,54.1,54.6,60,1.0
2024-11-13 14:00,54.87,54.4,55.6,60,1.0
2024-11-13 15:00,56.65,55.4,58.0,60,1.0
2024-11-13 16:00,58.83,57.8,59.6,60,1.0
2024-11-13 17:00,60.01,59.4,60.4,60,1.0
2024-11-13 18:00,60.65,60.3,60.9,60,1.0
2024-11-13 19:00,61.04,60.8,61.2,48,0.8
2024-11-13 20:00,61.29,61.1,61.5,58,0.967
2024-11-13 21:00,61.42,61.3,61.6,60,1.0
2024-11-13 22:00,61.46,61.3,61.7,60,1.0
2024-11-13 23:00,61.42,60.9,63.0,60,1.0
2024-11-14 00:00,67.08,63.1,69.3,60,1.0
2024-11-14 01:00,69.64,69.1,69.9,60,1.0
2024-11-14 02:00,69.6,69.4,69.8,60,1.0
2024-11-14 03:00,69.26,68.9,69.6,60,1.0
2024-11-14 04:00,68.84,68.5,69.1,60,1.0
2024-11-14 05:00,68.46,68.1,68.7,60,1.0
2024-11-14 06:00,68.11,67.8,68.6,60,1.0
2024-11-14 07:00,67.74,67.4,68.1,60,1.0
2024-11-14 08:00,67.66,67.4,67.9,60,1.0
2024-11-14 09:00,67.41,67.2,67.6,60,1.0
2024-11-14 10:00,67.08,66.8,67.3,57,0.95
2024-11-14 11:00,66.72,66.3,67.0,60,1.0
2024-11-14 12:00,66.38,66.1,66.6,60,1.0
2024-11-14 13:00,66.13,65.9,66.4,59,0.983
2024-11-14 14:00,65.9,65.6,66.1,60,1.0
2024-11-14 15:00,65.68,65.5,65.9,60,1.0
2024-11-14 16:00,65.48,65.3,65.8,60,1.0
2024-11-14 17:00,65.32,65.1,65.5,60,1.0
2024-11-14 18:00,65.22,64.9,65.4,60,1.0
2024-11-14 19:00,65.14,64.9,65.4,60,1.0
2024-11-14 20:00,65.08,64.9,65.3,60,1.0
2024-11-14 21:00,64.91,64.7,65.2,60,1.0
2024-11-14 22:00,64.56,64.3,64.9,58,0.967
2024-11-14 23:00,64.33,64.1,64.6,59,0.983
2024-11-15 00:00,64.24,64.0,64.5,60,1.0
2024-11-15 01:00,64.31,64.1,64.5,60,1.0
2024-11-15 02:00,63.94,63.7,64.3,59,0.983
2024-11-15 03:00,63.67,63.5,63.9,55,0.917
2024-11-15 04:00,63.5,63.3,63.7,56,0.933
2024-11-15 05:00,63.34,63.2,63.5,60,1.0
2024-11-15 06:00,63.18,63.1,63.4,58,0.967
2024-11-15 07:00,63.02,62.8,63.3,59,0.983
2024-11-15 08:00,63.16,62.8,63.4,57,0.95
2024-11-15 09:00,63.08,62.9,63.3,60,1.0
2024-11-15 10:00,62.88,62.6,63.1,60,1.0
2024-11-15 11:00,62.62,62.3,63.0,59,0.983
2024-11-15 12:00,62.51,62.3,62.8,60,1.0
2024-11-15 13:00,62.29,62.2,62.7,60,1.0
2024-11-15 14:00,62.27,62.0,62.5,58,0.967
2024-11-15 15:00,62.16,62.0,62.4,60,1.0
2024-11-15 16:00,62.21,62.0,62.4,60,1.0
2024-11-15 17:00,62.04,61.8,62.4,58,0.967
2024-11-15 18:00,61.81,61.7,62.0,60,1.0
2024-11-15 19:00,61.72,61.6,61.9,59,0.983
2024-11-15 20:00,61.64,61.5,61.9,60,1.0
2024-11-15 21:00,61.57,61.4,61.8,58,0.967
2024-11-15 22:00,61.49,61.3,61.7,60,1.0
2024-11-15 23:00,61.41,61.3,61.6,59,0.983
2024-11-16 00:00,61.34,61.2,61.7,60,1.0
2024-11-16 01:00,61.27,61.2,61.4,60,1.0
2024-11-16 02:00,61.25,61.1,61.5,59,0.983
2024-11-16 03:00,61.2,61.0,61.4,60,1.0
2024-11-16 04:00,61.2,61.0,61.4,60,1.0
2024-11-16 05:00,61.11,60.9,61.3,60,1.0
2024-11-16 06:00,61.18,60.9,61.4,60,1.0
2024-11-16 07:00,61.11,60.8,61.4,60,1.0
2024-11-16 08:00,61.0,60.7,61.3,60,1.0
2024-11-16 09:00,61.08,61.0,61.2,60,1.0
2024-11-16 10:00,61.0,60.9,61.2,60,1.0
2024-11-16 11:00,60.97,60.8,61.3,58,0.967
2024-11-16 12:00,60.88,60.7,61.1,60,1.0
2024-11-16 13:00,60.77,60.6,61.0,60,1.0
2024-11-16 14:00,60.72,60.5,60.9,60,1.0
2024-11-16 15:00,60.6,60.3,60.8,60,1.0
2024-11-16 16:00,60.47,60.2,60.8,60,1.0
2024-11-16 17:00,60.34,60.2,60.6,60,1.0
2024-11-16 18:00,60.28,60.2,60.4,60,1.0
2024-11-16 19:00,60.22,60.1,60.3,60,1.0
2024-11-16 20:00,60.21,60.1,60.4,60,1.0
2024-11-16 21:00,60.18,60.0,60.4,60,1.0
2024-11-16 22:00,60.12,60.0,60.2,60,1.0
2024-11-16 23:00,60.09,60.0,60.3,60,1.0
2024-11-17 00:00,60.04,59.9,60.2,60,1.0
2024-11-17 01:00,60.02,59.9,60.2,54,0.9
2024-11-17 02:00,60.0,59.9,60.2,60,1.0
2024-11-17 03:00,59.99,59.8,60.2,60,1.0
2024-11-17 04:00,59.95,59.8,60.2,60,1.0
2024-11-17 05:00,59.88,59.8,60.0,60,1.0
2024-11-17 06:00,59.86,59.8,60.2,60,1.0
2024-11-17 07:00,59.84,59.7,59.9,60,1.0
2024-11-17 08:00,60.04,59.7,60.2,60,1.0
2024-11-17 09:00,59.84,59.7,60.3,60,1.0
2024-11-17 10:00,59.74,59.6,59.8,49,0.817
2024-11-17 11:00,59.65,59.5,59.8,56,0.933
2024-11-17 12:00,59.62,59.5,59.8,60,1.0
2024-11-17 13:00,59.68,59.5,59.9,60,1.0
2024-11-17 14:00,59.7,59.5,60.2,60,1.0
2024-11-17 15:00,59.75,59.5,60.0,60,1.0
2024-11-17 16:00,59.77,59.5,59.9,60,1.0
2024-11-17 17:00,59.8,59.6,60.0,60,1.0
2024-11-17 18:00,59.72,59.6,59.9,60,1.0
2024-11-17 19:00,59.62,59.4,59.8,60,1.0
2024-11-17 20:00,59.48,59.3,59.9,60,1.0
2024-11-17 21:00,59.63,59.3,59.9,60,1.0
2024-11-17 22:00,59.66,59.5,59.8,60,1.0
2024-11-17 23:00,59.62,59.5,59.8,60,1.0
2024-11-18 00:00,59.68,59.5,59.9,60,1.0
2024-11-18 01:00,59.64,59.4,59.9,60,1.0
2024-11-18 02:00,59.64,59.4,59.8,60,1.0
2024-11-18 03:00,59.57,59.3,59.8,60,1.0
2024-11-18 04:00,59.46,59.2,59.7,60,1.0
2024-11-18 05:00,59.49,59.3,59.9,60,1.0
2024-11-18 06:00,59.54,59.3,59.7,60,1.0
2024-11-18 07:00,59.54,59.3,59.7,60,1.0
2024-11-18 08:00,59.37,59.2,59.7,60,1.0
2024-11-18 09:00,59.28,59.2,59.4,60,1.0
2024-11-18 10:00,59.54,59.3,59.7,60,1.0
2024-11-18 11:00,59.45,59.3,59.7,60,1.0
2024-11-18 12:00,59.42,59.2,59.6,60,1.0
2024-11-18 13:00,59.38,59.2,59.6,60,1.0
2024-11-18 14:00,59.33,59.2,59.5,60,1.0
2024-11-18 15:00,59.4,59.2,59.6,60,1.0
2024-11-18 16:00,59.32,59.1,59.6,60,1.0
2024-11-18 17:00,59.2,59.1,59.5,60,1.0
2024-11-18 18:00,59.18,59.1,59.3,60,1.0
2024-11-18 19:00,59.19,59.1,59.4,60,1.0
2024-11-18 20:00,59.26,59.1,59.4,60,1.0
2024-11-18 21:00,59.36,59.1,59.6,60,1.0
2024-11-18 22:00,59.39,59.1,59.5,60,1.0
2024-11-18 23:00,59.36,59.2,59.5,59,0.983
2024-11-19 00:00,59.36,59.2,59.5,60,1.0
2024-11-19 01:00,59.33,59.1,59.5,60,1.0
2024-11-19 02:00,59.34,59.2,59.6,55,0.917
2024-11-19 03:00,59.51,59.4,59.9,45,0.75
2024-11-19 04:00,59.48,59.2,59.6,58,0.967
2024-11-19 05:00,59.42,59.3,59.6,57,0.95
2024-11-19 06:00,59.43,59.2,59.6,60,1.0
2024-11-19 07:00,59.41,59.2,59.6,60,1.0
2024-11-19 08:00,59.24,59.0,59.6,60,1.0
2024-11-19 09:00,59.23,59.0,59.5,54,0.9
2024-11-19 10:00,59.3,59.1,59.5,52,0.867
2024-11-19 11:00,59.35,59.1,59.6,60,1.0
2024-11-19 12:00,59.44,59.2,59.6,60,1.0
2024-11-19 13:00,59.36,59.2,59.6,60,1.0
2024-11-19 14:00,59.6,59.4,59.9,60,1.0
2024-11-19 15:00,60.23,59.7,60.7,60,1.0
2024-11-19 16:00,61.0,60.6,61.3,60,1.0
2024-11-19 17:00,61.5,61.2,61.8,60,1.0
2024-11-19 18:00,61.86,61.6,62.1,60,1.0
2024-11-19 19:00,62.07,61.8,62.3,59,0.983
2024-11-19 20:00,62.19,61.9,62.4,60,1.0
2024-11-19 21:00,62.23,62.0,62.4,60,1.0
2024-11-19 22:00,62.23,62.1,62.4,60,1.0
2024-11-19 23:00,62.22,62.0,62.4,59,0.983
2024-11-20 00:00,62.16,62.0,62.4,57,0.95
2024-11-20 01:00,62.12,61.9,62.3,59,0.983
2024-11-20 02:00,61.94,61.7,62.2,60,1.0
2024-11-20 03:00,61.98,61.7,62.3,59,0.983
2024-11-20 04:00,61.65,61.5,61.9,58,0.967
2024-11-20 05:00,61.59,61.5,61.8,60,1.0
2024-11-20 06:00,61.62,61.4,61.9,60,1.0
2024-11-20 07:00,61.57,61.3,61.9,59,0.983
2024-11-20 08:00,61.47,61.1,61.8,56,0.933
2024-11-20 09:00,61.24,61.0,61.5,53,0.883
2024-11-20 10:00,61.04,60.8,61.3,55,0.917
2024-11-20 11:00,61.13,60.9,61.3,57,0.95
2024-11-20 12:00,60.85,60.6,61.2,48,0.8
2024-11-20 13:00,60.8,60.6,61.1,60,1.0
2024-11-20 14:00,60.89,60.8,61.0,59,0.983
2024-11-20 15:00,60.89,60.8,61.1,58,0.967
2024-11-20 16:00,60.87,60.6,61.1,49,0.817
2024-11-20 17:00,60.68,60.5,60.9,55,0.917
2024-11-20 18:00,60.68,60.4,60.9,55,0.917
2024-11-20 19:00,60.97,60.7,61.2,53,0.883
2024-11-20 20:00,60.57,60.3,61.1,41,0.683
2024-11-20 21:00,60.26,60.1,60.4,55,0.917
2024-11-20 22:00,60.17,60.0,60.3,60,1.0
2024-11-20 23:00,60.13,60.0,60.2,57,0.95
2024-11-21 00:00,60.06,59.9,60.3,57,0.95
2024-11-21 01:00,60.0,59.9,60.2,60,1.0
2024-11-21 02:00,59.95,59.8,60.1,58,0.967
2024-11-21 03:00,59.92,59.8,60.2,60,1.0
2024-11-21 04:00,59.91,59.8,60.1,59,0.983
2024-11-21 05:00,59.83,59.7,60.0,60,1.0
2024-11-21 06:00,59.82,59.7,60.0,56,0.933
2024-11-21 07:00,59.87,59.7,60.1,59,0.983
2024-11-21 08:00,59.89,59.6,60.1,53,0.883
2024-11-21 09:00,59.68,59.5,59.9,51,0.85
2024-11-21 10:00,59.76,59.5,60.1,54,0.9
2024-11-21 11:00,59.85,59.6,60.0,60,1.0
2024-11-21 12:00,59.76,59.6,59.9,60,1.0
2024-11-21 13:00,59.6,59.3,59.9,59,0.983
2024-11-21 14:00,59.4,59.3,59.5,59,0.983
2024-11-21 15:00,59.33,59.2,59.5,56,0.933
2024-11-21 16:00,59.29,59.2,59.5,60,1.0
2024-11-21 17:00,59.26,59.1,59.4,59,0.983
2024-11-21 18:00,59.29,59.1,59.5,60,1.0
2024-11-21 19:00,59.22,59.1,59.5,59,0.983
2024-11-21 20:00,59.35,59.1,59.6,59,0.983
2024-11-21 21:00,59.24,59.0,59.5,60,1.0
2024-11-21 22:00,59.11,58.9,59.4,54,0.9
2024-11-21 23:00,59.54,59.1,60.0,46,0.767
2024-11-22 00:00,60.02,59.8,60.1,46,0.767
2024-11-22 01:00,60.19,60.0,60.4,43,0.717
2024-11-22 02:00,60.64,60.2,60.9,47,0.783
2024-11-22 03:00,60.77,60.5,61.0,41,0.683
2024-11-22 04:00,60.94,60.7,61.1,51,0.85
2024-11-22 05:00,61.38,60.6,61.7,48,0.8
2024-11-22 06:00,61.52,61.4,61.7,45,0.75
2024-11-22 07:00,61.85,61.4,62.2,49,0.817
2024-11-22 08:00,62.11,61.9,62.4,42,0.7
2024-11-22 09:00,62.43,61.9,62.9,51,0.85
2024-11-22 10:00,64.92,63.0,66.5,36,0.6
2024-11-22 11:00,71.5,66.5,75.6,59,0.983
2024-11-22 12:00,78.23,75.6,79.2,58,0.967
2024-11-22 13:00,78.33,77.4,79.1,52,0.867
2024-11-22 14:00,76.77,76.1,77.5,59,0.983
2024-11-22 15:00,75.58,75.0,76.2,58,0.967
2024-11-22 16:00,74.5,73.9,75.0,60,1.0
2024-11-22 17:00,73.54,73.0,74.1,60,1.0
2024-11-22 18:00,72.69,72.2,73.2,59,0.983
2024-11-22 19:00,71.92,71.5,72.3,54,0.9
2024-11-22 20:00,71.3,71.0,71.6,60,1.0
2024-11-22 21:00,70.76,70.5,71.1,60,1.0
2024-11-22 22:00,70.33,70.0,70.6,60,1.0
2024-11-22 23:00,69.99,69.7,70.3,60,1.0
2024-11-23 00:00,69.74,69.5,70.0,60,1.0
2024-11-23 01:00,69.49,69.2,69.7,60,1.0
2024-11-23 02:00,69.27,69.0,69.6,60,1.0
2024-11-23 03:00,68.97,68.6,69.3,60,1.0
2024-11-23 04:00,68.77,68.6,69.1,60,1.0
2024-11-23 05:00,68.54,68.3,68.8,60,1.0
2024-11-23 06:00,68.29,68.0,68.6,59,0.983
2024-11-23 07:00,68.03,67.8,68.2,58,0.967
2024-11-23 08:00,67.7,67.4,68.0,60,1.0
2024-11-23 09:00,67.62,67.4,67.9,60,1.0
2024-11-23 10:00,67.31,67.0,67.5,58,0.967
2024-11-23 11:00,67.02,66.7,67.4,60,1.0
2024-11-23 12:00,66.82,66.5,67.1,59,0.983
2024-11-23 13:00,66.58,66.3,66.9,60,1.0
2024-11-23 14:00,66.49,66.3,66.7,58,0.967
2024-11-23 15:00,66.39,66.1,66.7,59,0.983
2024-11-23 16:00,66.26,66.0,66.5,60,1.0
2024-11-23 17:00,66.06,65.9,66.3,56,0.933
2024-11-23 18:00,65.9,65.8,66.1,59,0.983
2024-11-23 19:00,65.8,65.7,65.9,60,1.0
2024-11-23 20:00,65.72,65.6,66.0,60,1.0
2024-11-23 21:00,65.61,65.5,65.9,60,1.0
2024-11-23 22:00,65.52,65.4,65.7,59,0.983
2024-11-23 23:00,65.45,65.3,65.6,60,1.0
2024-11-24 00:00,65.33,65.2,65.6,60,1.0
2024-11-24 01:00,65.31,65.2,65.7,60,1.0
2024-11-24 02:00,65.22,65.1,65.5,60,1.0
2024-11-24 03:00,65.17,65.0,65.4,60,1.0
2024-11-24 04:00,65.1,64.9,65.3,54,0.9
2024-11-24 05:00,65.08,64.9,65.3,56,0.933
2024-11-24 06:00,64.98,64.8,65.2,48,0.8
2024-11-24 07:00,64.91,64.8,65.2,58,0.967
2024-11-24 08:00,64.88,64.7,65.3,60,1.0
2024-11-24 09:00,64.95,64.7,65.2,60,1.0
2024-11-24 10:00,65.0,64.8,65.2,60,1.0
2024-11-24 11:00,64.94,64.7,65.1,60,1.0
2024-11-24 12:00,64.88,64.6,65.1,60,1.0
2024-11-24 13:00,64.85,64.6,65.1,60,1.0
2024-11-24 14:00,64.82,64.6,65.0,60,1.0
2024-11-24 15:00,64.76,64.5,65.0,60,1.0
2024-11-24 16:00,64.74,64.6,64.9,60,1.0
2024-11-24 17:00,64.69,64.5,64.9,60,1.0
2024-11-24 18:00,64.54,64.3,64.8,60,1.0
2024-11-24 19:00,64.43,64.2,64.7,60,1.0
2024-11-24 20:00,64.31,64.1,64.5,60,1.0
2024-11-24 21:00,64.2,64.0,64.4,60,1.0
2024-11-24 22:00,64.11,64.0,64.2,60,1.0
2024-11-24 23:00,64.07,64.0,64.2,60,1.0
2024-11-25 00:00,64.02,63.9,64.3,60,1.0
2024-11-25 01:00,63.99,63.9,64.3,60,1.0
2024-11-25 02:00,63.95,63.8,64.2,60,1.0
2024-11-25 03:00,63.92,63.8,64.2,60,1.0
2024-11-25 04:00,63.87,63.7,64.1,60,1.0
2024-11-25 05:00,63.86,63.7,64.1,60,1.0
2024-11-25 06:00,63.86,63.7,64.0,60,1.0
2024-11-25 07:00,63.81,63.7,64.2,60,1.0
2024-11-25 08:00,63.8,63.6,64.2,60,1.0
2024-11-25 09:00,63.71,63.6,64.0,59,0.983
2024-11-25 10:00,63.66,63.5,64.0,59,0.983
2024-11-25 11:00,63.75,63.5,64.0,60,1.0
2024-11-25 12:00,63.7,63.4,64.0,60,1.0
2024-11-25 13:00,63.77,63.6,63.9,60,1.0
2024-11-25 14:00,63.82,63.6,64.2,60,1.0
2024-11-25 15:00,63.74,63.5,64.0,50,0.833
2024-11-25 16:00,63.68,63.4,63.9,48,0.8
2024-11-25 17:00,63.43,63.3,63.7,57,0.95
2024-11-25 18:00,63.39,63.3,63.5,54,0.9
2024-11-25 19:00,63.36,63.2,63.6,59,0.983
2024-11-25 20:00,63.34,63.2,63.5,60,1.0
2024-11-25 21:00,63.33,63.2,63.6,59,0.983
2024-11-25 22:00,63.37,63.2,63.6,58,0.967
2024-11-25 23:00,63.53,63.3,63.8,53,0.883
2024-11-26 00:00,63.51,63.3,63.8,49,0.817
2024-11-26 01:00,63.6,63.3,63.8,50,0.833
2024-11-26 02:00,63.66,63.4,63.9,57,0.95
2024-11-26 03:00,63.61,63.4,63.9,59,0.983
2024-11-26 04:00,63.54,63.3,63.8,60,1.0
2024-11-26 05:00,63.54,63.3,63.8,60,1.0
2024-11-26 06:00,63.58,63.4,63.8,60,1.0
2024-11-26 07:00,63.4,63.2,63.8,60,1.0
2024-11-26 08:00,63.53,63.2,63.8,60,1.0
2024-11-26 09:00,63.62,63.4,63.8,60,1.0
2024-11-26 10:00,63.58,63.4,63.7,60,1.0
2024-11-26 11:00,63.48,63.2,63.7,60,1.0
2024-11-26 12:00,63.5,63.3,63.7,60,1.0
2024-11-26 13:00,63.31,63.1,63.7,60,1.0
2024-11-26 14:00,63.41,63.2,63.6,60,1.0
2024-11-26 15:00,63.46,63.3,63.7,60,1.0
2024-11-26 16:00,63.43,63.3,63.6,60,1.0
2024-11-26 17:00,63.39,63.2,63.6,60,1.0
2024-11-26 18:00,63.28,63.1,63.5,60,1.0
2024-11-26 19:00,63.2,63.0,63.4,59,0.983
2024-11-26 20:00,63.12,63.0,63.4,60,1.0
2024-11-26 21:00,63.21,63.0,63.4,60,1.0
2024-11-26 22:00,63.08,62.9,63.4,60,1.0
2024-11-26 23:00,63.0,62.9,63.2,59,0.983
2024-11-27 00:00,62.98,62.8,63.1,60,1.0
2024-11-27 01:00,62.97,62.8,63.2,60,1.0
2024-11-27 02:00,62.96,62.8,63.2,60,1.0
2024-11-27 03:00,62.9,62.8,63.0,60,1.0
2024-11-27 04:00,62.88,62.8,63.0,60,1.0
2024-11-27 05:00,62.86,62.8,63.0,60,1.0
2024-11-27 06:00,62.84,62.7,63.0,60,1.0
2024-11-27 07:00,62.82,62.7,63.1,59,0.983
2024-11-27 08:00,63.02,62.7,63.3,60,1.0
2024-11-27 09:00,62.76,62.7,63.0,60,1.0
2024-11-27 10:00,62.86,62.7,63.1,60,1.0
2024-11-27 11:00,62.78,62.6,63.0,60,1.0
2024-11-27 12:00,62.97,62.8,63.3,60,1.0
2024-11-27 13:00,62.93,62.8,63.1,59,0.983
2024-11-27 14:00,63.12,62.9,63.4,59,0.983
2024-11-27 15:00,63.37,63.1,63.6,60,1.0
2024-11-27 16:00,63.47,63.3,63.7,60,1.0
2024-11-27 17:00,63.57,63.4,63.7,59,0.983
2024-11-27 18:00,63.63,63.5,63.9,60,1.0
2024-11-27 19:00,63.61,63.3,63.8,60,1.0
2024-11-27 20:00,63.48,63.3,63.7,59,0.983
2024-11-27 21:00,63.32,63.2,63.7,59,0.983
2024-11-27 22:00,63.3,63.2,63.4,60,1.0
2024-11-27 23:00,63.26,63.2,63.4,49,0.817
2024-11-28 00:00,63.24,63.1,63.4,49,0.817
2024-11-28 01:00,63.22,63.1,63.4,60,1.0
2024-11-28 02:00,63.17,63.1,63.3,49,0.817
2024-11-28 03:00,63.16,63.0,63.3,60,1.0
2024-11-28 04:00,63.14,63.0,63.3,60,1.0
2024-11-28 05:00,63.1,63.0,63.2,60,1.0
2024-11-28 06:00,63.11,63.0,63.4,60,1.0
2024-11-28 07:00,63.13,63.0,63.3,60,1.0
2024-11-28 08:00,63.24,63.0,63.4,60,1.0
2024-11-28 09:00,63.3,63.0,63.6,60,1.0
2024-11-28 10:00,63.22,62.9,63.5,60,1.0
2024-11-28 11:00,63.05,62.9,63.4,60,1.0
2024-11-28 12:00,63.03,62.9,63.2,60,1.0
2024-11-28 13:00,63.06,62.9,63.3,60,1.0
2024-11-28 14:00,63.18,63.0,63.3,60,1.0
2024-11-28 15:00,63.26,63.1,63.5,60,1.0
2024-11-28 16:00,63.24,63.1,63.6,60,1.0
2024-11-28 17:00,63.02,62.8,63.3,60,1.0
2024-11-28 18:00,64.86,63.2,66.3,60,1.0
2024-11-28 19:00,66.74,66.2,67.1,60,1.0
2024-11-28 20:00,67.12,67.0,67.3,60,1.0
2024-11-28 21:00,67.02,66.7,67.4,59,0.983
2024-11-28 22:00,66.88,66.6,67.1,60,1.0
2024-11-28 23:00,66.66,66.5,66.9,60,1.0
2024-11-29 00:00,66.58,66.3,66.9,60,1.0
2024-11-29 01:00,66.39,66.2,66.9,60,1.0
2024-11-29 02:00,66.22,66.0,66.4,57,0.95
2024-11-29 03:00,66.11,66.0,66.3,59,0.983
2024-11-29 04:00,66.01,65.9,66.1,59,0.983
2024-11-29 05:00,65.91,65.8,66.0,58,0.967
2024-11-29 06:00,65.83,65.7,66.0,60,1.0
2024-11-29 07:00,65.71,65.6,65.8,60,1.0
2024-11-29 08:00,65.82,65.5,66.2,59,0.983
2024-11-29 09:00,65.72,65.4,66.0,60,1.0
2024-11-29 10:00,65.83,65.7,66.1,60,1.0
2024-11-29 11:00,65.74,65.6,65.9,60,1.0
2024-11-29 12:00,65.59,65.2,65.8,60,1.0
2024-11-29 13:00,65.56,65.3,65.8,60,1.0
2024-11-29 14:00,65.48,65.2,65.8,60,1.0
2024-11-29 15:00,65.63,65.2,66.0,59,0.983
2024-11-29 16:00,66.0,65.7,66.3,59,0.983
2024-11-29 17:00,65.94,65.8,66.2,57,0.95
2024-11-29 18:00,65.86,65.7,66.0,57,0.95
2024-11-29 19:00,65.76,65.6,66.0,45,0.75
2024-11-29 20:00,65.52,65.3,65.8,59,0.983
2024-11-29 21:00,65.31,65.1,65.5,60,1.0
2024-11-29 22:00,65.18,65.0,65.4,60,1.0
2024-11-29 23:00,65.1,65.0,65.2,60,1.0
2024-11-30 00:00,64.99,64.9,65.2,60,1.0
2024-11-30 01:00,64.97,64.8,65.2,60,1.0
2024-11-30 02:00,64.9,64.7,65.2,60,1.0
2024-11-30 03:00,64.85,64.6,65.1,60,1.0
2024-11-30 04:00,64.8,64.5,65.2,60,1.0
2024-11-30 05:00,64.73,64.5,64.9,59,0.983
2024-11-30 06:00,64.66,64.4,64.9,60,1.0
2024-11-30 07:00,64.52,64.1,64.8,60,1.0
2024-11-30 08:00,64.4,64.2,64.6,60,1.0
2024-11-30 09:00,64.43,64.2,64.6,60,1.0
2024-11-30 10:00,64.24,63.9,64.5,60,1.0
2024-11-30 11:00,64.07,63.9,64.4,60,1.0
2024-11-30 12:00,63.98,63.8,64.3,60,1.0
2024-11-30 13:00,63.91,63.8,64.0,60,1.0
2024-11-30 14:00,63.84,63.7,64.0,60,1.0
2024-11-30 15:00,63.87,63.7,64.2,57,0.95
2024-11-30 16:00,63.71,63.6,63.9,60,1.0
2024-11-30 17:00,63.71,63.6,64.0,60,1.0
2024-11-30 18:00,63.77,63.4,64.0,60,1.0
2024-11-30 19:00,63.8,63.5,64.1,60,1.0
2024-11-30 20:00,63.77,63.4,64.1,58,0.967
2024-11-30 21:00,63.59,63.4,63.9,60,1.0
2024-11-30 22:00,63.71,63.5,63.9,57,0.95
2024-11-30 23:00,63.71,63.3,63.9,59,0.983
2024-12-01 00:00,63.59,63.3,64.4,59,0.983
2024-12-01 01:00,63.5,63.3,63.8,59,0.983
2024-12-01 02:00,63.58,63.3,63.9,59,0.983
2024-12-01 03:00,63.61,63.4,63.8,59,0.983
2024-12-01 04:00,63.58,63.5,63.7,60,1.0
2024-12-01 05:00,63.52,63.3,63.7,60,1.0
2024-12-01 06:00,63.47,63.2,63.7,58,0.967
2024-12-01 07:00,63.28,63.1,63.6,57,0.95
2024-12-01 08:00,63.17,63.0,63.4,58,0.967
2024-12-01 09:00,63.12,63.0,63.4,59,0.983
2024-12-01 10:00,63.21,63.0,63.5,60,1.0
2024-12-01 11:00,63.02,62.9,63.2,60,1.0
2024-12-01 12:00,63.04,62.9,63.3,59,0.983
2024-12-01 13:00,63.18,62.9,63.4,60,1.0
2024-12-01 14:00,63.2,63.0,63.4,60,1.0
2024-12-01 15:00,63.19,63.0,63.4,59,0.983
2024-12-01 16:00,63.13,63.0,63.3,60,1.0
2024-12-01 17:00,63.02,62.7,63.3,60,1.0
2024-12-01 18:00,62.83,62.6,63.1,57,0.95
2024-12-01 19:00,62.73,62.6,62.9,59,0.983
2024-12-01 20:00,62.68,62.6,62.9,60,1.0
2024-12-01 21:00,62.7,62.6,63.0,59,0.983
2024-12-01 22:00,62.69,62.6,62.9,60,1.0
2024-12-01 23:00,62.65,62.5,62.8,50,0.833
2024-12-02 00:00,62.61,62.5,62.7,56,0.933
2024-12-02 01:00,62.64,62.5,62.8,60,1.0
2024-12-02 02:00,62.7,62.5,62.9,59,0.983
2024-12-02 03:00,62.68,62.5,62.9,60,1.0
2024-12-02 04:00,62.62,62.4,62.9,60,1.0
2024-12-02 05:00,62.56,62.4,62.9,60,1.0
2024-12-02 06:00,62.54,62.4,62.8,60,1.0
2024-12-02 07:00,62.47,62.3,62.7,60,1.0
2024-12-02 08:00,62.72,62.5,62.9,60,1.0
2024-12-02 09:00,62.67,62.4,62.8,60,1.0
2024-12-02 10:00,62.66,62.5,62.8,60,1.0
2024-12-02 11:00,62.6,62.4,62.8,60,1.0
2024-12-02 12:00,62.47,62.2,62.8,59,0.983
2024-12-02 13:00,62.26,62.1,62.5,60,1.0
2024-12-02 14:00,62.2,62.1,62.3,60,1.0
2024-12-02 15:00,62.18,62.1,62.3,59,0.983
2024-12-02 16:00,62.33,62.1,62.7,60,1.0
2024-12-02 17:00,62.49,62.3,62.7,60,1.0
2024-12-02 18:00,62.41,62.2,62.6,60,1.0
2024-12-02 19:00,62.28,62.0,62.6,60,1.0
2024-12-02 20:00,62.23,62.0,62.6,60,1.0
2024-12-02 21:00,62.18,62.0,62.4,60,1.0
2024-12-02 22:00,62.14,62.0,62.4,60,1.0
2024-12-02 23:00,62.11,62.0,62.4,60,1.0
2024-12-03 00:00,62.29,62.0,62.6,60,1.0
2024-12-03 01:00,62.31,62.1,62.5,59,0.983
2024-12-03 02:00,62.17,61.9,62.5,59,0.983
2024-12-03 03:00,62.06,61.9,62.3,60,1.0
2024-12-03 04:00,62.07,61.9,62.4,60,1.0
2024-12-03 05:00,61.98,61.9,62.1,60,1.0
2024-12-03 06:00,62.02,61.9,62.4,58,0.967
2024-12-03 07:00,61.97,61.8,62.4,60,1.0
2024-12-03 08:00,62.17,61.9,62.4,59,0.983
2024-12-03 09:00,62.02,61.8,62.2,60,1.0
2024-12-03 10:00,61.91,61.8,62.2,44,0.733
2024-12-03 11:00,61.91,61.8,62.1,59,0.983
2024-12-03 12:00,61.89,61.8,62.2,60,1.0
2024-12-03 13:00,61.88,61.7,62.1,57,0.95
2024-12-03 14:00,61.84,61.7,62.0,59,0.983
2024-12-03 15:00,61.89,61.7,62.2,60,1.0
2024-12-03 16:00,62.04,61.8,62.3,60,1.0
2024-12-03 17:00,62.12,62.0,62.4,60,1.0
2024-12-03 18:00,62.06,61.8,62.3,60,1.0
2024-12-03 19:00,62.36,62.0,62.7,60,1.0
2024-12-03 20:00,62.11,61.8,62.5,60,1.0
2024-12-03 21:00,62.84,62.0,64.3,60,1.0
2024-12-03 22:00,65.83,64.2,66.8,60,1.0
2024-12-03 23:00,67.06,66.8,67.4,60,1.0
2024-12-04 00:00,67.15,67.0,67.4,60,1.0
2024-12-04 01:00,67.05,66.8,67.3,60,1.0
2024-12-04 02:00,66.86,66.7,67.1,60,1.0
2024-12-04 03:00,66.68,66.5,67.0,60,1.0
2024-12-04 04:00,66.51,66.3,66.7,60,1.0
2024-12-04 05:00,66.22,66.0,66.5,59,0.983
2024-12-04 06:00,66.24,66.1,66.4,60,1.0
2024-12-04 07:00,66.22,66.0,66.4,60,1.0
2024-12-04 08:00,66.2,66.0,66.5,60,1.0
2024-12-04 09:00,66.12,65.9,66.4,59,0.983
2024-12-04 10:00,65.95,65.7,66.1,60,1.0
2024-12-04 11:00,65.81,65.6,66.0,60,1.0
2024-12-04 12:00,65.65,65.4,66.0,60,1.0
2024-12-04 13:00,65.47,65.3,65.7,60,1.0
2024-12-04 14:00,65.34,65.2,65.4,60,1.0
2024-12-04 15:00,65.3,65.2,65.5,60,1.0
2024-12-04 16:00,65.31,65.1,65.6,60,1.0
2024-12-04 17:00,65.36,65.0,65.7,60,1.0
2024-12-04 18:00,65.33,65.1,65.5,60,1.0
2024-12-04 19:00,65.24,65.1,65.5,60,1.0
2024-12-04 20:00,65.15,65.0,65.3,60,1.0
2024-12-04 21:00,65.22,65.0,65.4,56,0.933
2024-12-04 22:00,65.3,65.1,65.8,49,0.817
2024-12-04 23:00,65.31,65.1,65.5,60,1.0
2024-12-05 00:00,65.28,65.0,65.5,60,1.0
2024-12-05 01:00,65.21,64.9,65.4,60,1.0
2024-12-05 02:00,65.14,64.9,65.5,60,1.0
2024-12-05 03:00,65.03,64.9,65.3,59,0.983
2024-12-05 04:00,65.03,64.8,65.3,60,1.0
2024-12-05 05:00,64.93,64.8,65.2,60,1.0
2024-12-05 06:00,64.83,64.6,65.1,60,1.0
2024-12-05 07:00,64.67,64.5,64.9,60,1.0
2024-12-05 08:00,64.56,64.4,64.8,59,0.983
2024-12-05 09:00,64.57,64.2,64.9,59,0.983
2024-12-05 10:00,64.5,64.1,64.8,58,0.967
2024-12-05 11:00,64.23,64.0,64.4,60,1.0
2024-12-05 12:00,64.04,63.9,64.2,60,1.0
2024-12-05 13:00,64.02,63.8,64.4,59,0.983
2024-12-05 14:00,64.08,63.8,64.3,59,0.983
2024-12-05 15:00,64.02,63.7,64.3,60,1.0
2024-12-05 16:00,63.98,63.8,64.2,60,1.0
2024-12-05 17:00,63.94,63.8,64.2,58,0.967
2024-12-05 18:00,63.84,63.7,64.0,59,0.983
2024-12-05 19:00,63.77,63.5,64.0,59,0.983
2024-12-05 20:00,63.65,63.3,64.1,59,0.983
2024-12-05 21:00,63.6,63.3,63.8,60,1.0
2024-12-05 22:00,63.54,63.2,63.8,59,0.983
2024-12-05 23:00,63.4,63.2,63.6,60,1.0
2024-12-06 00:00,63.32,63.1,63.6,60,1.0
2024-12-06 01:00,63.34,63.0,63.6,59,0.983
2024-12-06 02:00,63.42,63.3,63.6,53,0.883
2024-12-06 03:00,63.39,63.2,63.6,57,0.95
2024-12-06 04:00,63.29,63.0,63.5,60,1.0
2024-12-06 05:00,63.18,62.9,63.4,59,0.983
2024-12-06 06:00,63.15,62.9,63.4,60,1.0
2024-12-06 07:00,63.05,62.9,63.3,60,1.0
2024-12-06 08:00,63.12,62.9,63.4,54,0.9
2024-12-06 09:00,62.9,62.8,63.0,44,0.733
2024-12-06 10:00,62.89,62.8,63.2,56,0.933
2024-12-06 11:00,63.0,62.7,63.3,60,1.0
2024-12-06 12:00,62.8,62.7,63.0,59,0.983
2024-12-06 13:00,62.75,62.7,62.9,60,1.0
2024-12-06 14:00,62.79,62.6,63.0,60,1.0
2024-12-06 15:00,62.82,62.6,63.0,59,0.983
2024-12-06 16:00,62.87,62.6,63.1,59,0.983
2024-12-06 17:00,62.94,62.6,63.1,60,1.0
2024-12-06 18:00,62.96,62.8,63.1,60,1.0
2024-12-06 19:00,62.94,62.8,63.1,57,0.95
2024-12-06 20:00,62.92,62.7,63.1,60,1.0
2024-12-06 21:00,62.87,62.7,63.1,60,1.0
2024-12-06 22:00,62.79,62.5,63.0,60,1.0
2024-12-06 23:00,62.72,62.5,62.9,60,1.0
2024-12-07 00:00,62.73,62.5,62.9,60,1.0
2024-12-07 01:00,62.78,62.6,63.0,60,1.0
2024-12-07 02:00,62.73,62.5,62.9,59,0.983
2024-12-07 03:00,62.75,62.5,63.1,59,0.983
2024-12-07 04:00,63.0,62.5,63.4,60,1.0
2024-12-07 05:00,62.98,62.7,63.5,60,1.0
2024-12-07 06:00,63.64,63.1,64.2,60,1.0
2024-12-07 07:00,64.33,63.9,64.9,60,1.0
2024-12-07 08:00,64.56,64.3,64.9,60,1.0
2024-12-07 09:00,64.65,64.4,64.9,60,1.0
2024-12-07 10:00,64.49,64.3,64.8,60,1.0
2024-12-07 11:00,64.36,64.1,64.6,59,0.983
2024-12-07 12:00,64.25,64.1,64.6,60,1.0
2024-12-07 13:00,64.17,64.0,64.4,60,1.0
2024-12-07 14:00,64.19,63.9,64.5,60,1.0
2024-12-07 15:00,64.29,64.1,64.5,60,1.0
2024-12-07 16:00,64.29,64.0,64.5,60,1.0
2024-12-07 17:00,64.19,64.1,64.4,60,1.0
2024-12-07 18:00,64.11,64.0,64.3,60,1.0
2024-12-07 19:00,63.96,63.7,64.1,60,1.0
2024-12-07 20:00,63.89,63.6,64.1,60,1.0
2024-12-07 21:00,63.79,63.6,64.0,60,1.0
2024-12-07 22:00,63.72,63.5,64.0,60,1.0
2024-12-07 23:00,63.65,63.4,64.0,60,1.0
2024-12-08 00:00,63.82,63.6,64.0,60,1.0
2024-12-08 01:00,63.78,63.6,63.9,60,1.0
2024-12-08 02:00,63.77,63.5,63.9,55,0.917
2024-12-08 03:00,63.46,63.2,63.9,42,0.7
2024-12-08 04:00,63.63,63.2,65.0,21,0.35
2024-12-08 05:00,74.0,66.1,76.5,27,0.45
2024-12-08 06:00,75.84,75.4,76.5,10,0.167
2024-12-08 07:00,75.23,75.0,75.5,21,0.35
2024-12-08 08:00,74.85,74.5,75.1,12,0.2
2024-12-08 09:00,74.23,73.8,74.6,28,0.467
2024-12-08 10:00,74.02,73.8,74.3,12,0.2
2024-12-08 11:00,73.88,73.8,74.0,5,0.083
2024-12-08 12:00,73.46,73.1,73.7,14,0.233
2024-12-08 13:00,73.0,72.4,73.3,19,0.317
2024-12-08 14:00,73.6,73.2,74.1,14,0.233
2024-12-08 15:00,74.96,74.5,75.3,24,0.4
2024-12-08 16:00,74.96,74.6,75.3,33,0.55
2024-12-08 17:00,75.37,75.2,75.6,14,0.233
2024-12-08 18:00,75.12,74.9,75.6,17,0.283
2024-12-08 19:00,77.14,76.0,77.7,37,0.617
2024-12-08 20:00,77.17,76.5,77.6,42,0.7
2024-12-08 21:00,76.41,76.0,76.8,40,0.667
2024-12-08 22:00,75.86,75.4,76.2,10,0.167
2024-12-08 23:00,74.8,74.4,75.3,23,0.383
2024-12-09 00:00,74.06,73.6,74.7,40,0.667
2024-12-09 01:00,73.76,73.5,74.2,56,0.933
2024-12-09 02:00,73.38,72.8,73.9,55,0.917
2024-12-09 03:00,72.94,72.6,73.2,53,0.883
2024-12-09 04:00,72.6,72.3,73.0,45,0.75
2024-12-09 05:00,72.11,71.8,72.5,41,0.683
2024-12-09 06:00,71.93,71.7,72.2,38,0.633
2024-12-09 07:00,71.94,71.7,72.2,23,0.383
2024-12-09 08:00,72.75,72.5,73.1,45,0.75
2024-12-09 09:00,72.55,72.1,73.1,50,0.833
2024-12-09 10:00,72.48,72.2,72.7,52,0.867
2024-12-09 11:00,72.28,71.9,72.7,51,0.85
2024-12-09 12:00,71.72,71.6,72.1,48,0.8
2024-12-09 13:00,71.57,71.3,71.8,52,0.867
2024-12-09 14:00,72.28,71.3,73.9,54,0.9
2024-12-09 15:00,74.51,73.9,74.9,43,0.717
2024-12-09 16:00,75.79,74.5,76.5,47,0.783
2024-12-09 17:00,76.09,75.6,76.6,44,0.733
2024-12-09 18:00,75.35,75.0,75.8,59,0.983
2024-12-09 19:00,74.69,74.4,75.1,60,1.0
2024-12-09 20:00,74.23,73.9,74.6,58,0.967
2024-12-09 21:00,74.05,73.5,75.2,52,0.867
2024-12-09 22:00,76.46,75.1,77.3,59,0.983
2024-12-09 23:00,76.91,76.6,77.3,60,1.0
2024-12-10 00:00,76.4,75.8,76.9,59,0.983
2024-12-10 01:00,75.92,75.6,76.2,59,0.983
2024-12-10 02:00,75.94,75.6,76.1,58,0.967
2024-12-10 03:00,75.46,75.1,76.0,58,0.967
2024-12-10 04:00,75.77,75.1,76.6,59,0.983
2024-12-10 05:00,76.61,76.2,76.9,56,0.933
2024-12-10 06:00,76.66,76.4,76.9,57,0.95
2024-12-10 07:00,76.15,75.7,76.6,58,0.967
2024-12-10 08:00,75.7,75.4,76.0,59,0.983
2024-12-10 09:00,75.01,74.3,75.6,56,0.933
2024-12-10 10:00,74.23,73.9,74.5,60,1.0
2024-12-10 11:00,73.79,73.5,74.1,59,0.983
2024-12-10 12:00,73.38,73.1,73.8,60,1.0
2024-12-10 13:00,73.14,72.9,73.5,60,1.0
2024-12-10 14:00,72.77,72.3,73.3,58,0.967
2024-12-10 15:00,73.63,73.1,74.0,59,0.983
2024-12-10 16:00,73.49,73.1,73.9,60,1.0
2024-12-10 17:00,73.22,72.9,73.7,58,0.967
2024-12-10 18:00,72.86,72.6,73.2,60,1.0
2024-12-10 19:00,72.54,72.3,72.8,60,1.0
2024-12-10 20:00,72.22,71.9,72.6,60,1.0
2024-12-10 21:00,71.82,71.5,72.1,60,1.0
2024-12-10 22:00,71.6,71.3,71.9,59,0.983
2024-12-10 23:00,71.44,71.1,71.8,59,0.983
2024-12-11 00:00,71.07,70.7,71.5,60,1.0
2024-12-11 01:00,72.06,71.0,72.8,60,1.0
2024-12-11 02:00,72.79,72.5,73.1,59,0.983
2024-12-11 03:00,72.8,72.5,73.1,60,1.0
2024-12-11 04:00,72.38,72.0,72.7,59,0.983
2024-12-11 05:00,72.32,72.1,72.6,59,0.983
2024-12-11 06:00,72.61,72.3,72.9,60,1.0
2024-12-11 07:00,72.54,72.1,72.8,59,0.983
2024-12-11 08:00,72.25,71.8,72.6,60,1.0
2024-12-11 09:00,71.91,71.5,72.4,60,1.0
2024-12-11 10:00,71.65,71.5,72.0,59,0.983
2024-12-11 11:00,71.67,71.5,72.0,59,0.983
2024-12-11 12:00,71.53,71.2,71.9,60,1.0
2024-12-11 13:00,71.16,70.9,71.6,59,0.983
2024-12-11 14:00,70.95,70.7,71.2,60,1.0
2024-12-11 15:00,70.77,70.6,71.0,52,0.867
2024-12-11 16:00,70.61,70.3,70.8,56,0.933
2024-12-11 17:00,70.6,70.4,70.9,60,1.0
2024-12-11 18:00,70.51,70.2,70.7,60,1.0
2024-12-11 19:00,70.33,70.0,70.6,60,1.0
2024-12-11 20:00,69.91,69.5,70.4,59,0.983
2024-12-11 21:00,70.42,69.8,70.9,58,0.967
2024-12-11 22:00,70.82,70.6,71.1,56,0.933
2024-12-11 23:00,70.75,70.6,71.0,60,1.0
2024-12-12 00:00,70.59,70.4,70.8,60,1.0
2024-12-12 01:00,70.38,70.2,70.6,60,1.0
2024-12-12 02:00,70.24,70.1,70.8,60,1.0
2024-12-12 03:00,70.1,69.8,70.3,60,1.0
2024-12-12 04:00,69.96,69.7,70.2,60,1.0
2024-12-12 05:00,69.79,69.5,70.0,60,1.0
2024-12-12 06:00,69.63,69.4,69.9,59,0.983
2024-12-12 07:00,69.51,69.3,69.7,60,1.0
2024-12-12 08:00,69.16,68.9,69.6,60,1.0
2024-12-12 09:00,69.07,68.9,69.4,60,1.0
2024-12-12 10:00,69.18,68.9,69.4,60,1.0
2024-12-12 11:00,69.09,68.9,69.3,60,1.0
2024-12-12 12:00,68.98,68.8,69.3,60,1.0
2024-12-12 13:00,68.89,68.7,69.1,59,0.983
2024-12-12 14:00,68.82,68.6,69.1,60,1.0
2024-12-12 15:00,68.74,68.5,68.9,60,1.0
2024-12-12 16:00,68.63,68.4,68.9,60,1.0
2024-12-12 17:00,68.54,68.3,68.8,60,1.0
2024-12-12 18:00,68.45,68.2,68.7,60,1.0
2024-12-12 19:00,68.33,68.1,68.5,59,0.983
2024-12-12 20:00,68.25,67.9,68.5,60,1.0
2024-12-12 21:00,68.14,68.0,68.4,60,1.0
2024-12-12 22:00,68.1,67.9,68.3,60,1.0
2024-12-12 23:00,68.01,67.7,68.3,60,1.0
2024-12-13 00:00,67.93,67.8,68.1,56,0.933
2024-12-13 01:00,67.85,67.7,68.0,47,0.783
2024-12-13 02:00,67.78,67.6,68.0,50,0.833
2024-12-13 03:00,67.72,67.5,67.9,47,0.783
2024-12-13 04:00,67.67,67.5,67.9,58,0.967
2024-12-13 05:00,67.56,67.3,67.7,57,0.95
2024-12-13 06:00,67.51,67.3,67.8,60,1.0
2024-12-13 07:00,67.41,67.1,67.8,60,1.0
2024-12-13 08:00,67.19,67.0,67.5,60,1.0
2024-12-13 09:00,67.35,67.0,67.6,60,1.0
2024-12-13 10:00,67.09,66.9,67.4,60,1.0
2024-12-13 11:00,66.99,66.9,67.1,60,1.0
2024-12-13 12:00,66.96,66.8,67.1,60,1.0
2024-12-13 13:00,66.93,66.8,67.1,60,1.0
2024-12-13 14:00,66.89,66.7,67.1,60,1.0
2024-12-13 15:00,66.88,66.7,67.2,60,1.0
2024-12-13 16:00,66.98,66.7,67.3,60,1.0
2024-12-13 17:00,67.07,66.8,67.2,60,1.0
2024-12-13 18:00,67.02,66.8,67.2,60,1.0
2024-12-13 19:00,66.88,66.6,67.2,60,1.0
2024-12-13 20:00,66.64,66.3,67.0,60,1.0
2024-12-13 21:00,66.35,66.0,66.9,58,0.967
2024-12-13 22:00,67.99,66.5,70.6,40,0.667
2024-12-13 23:00,74.39,70.5,79.0,48,0.8
2024-12-14 00:00,78.83,78.1,79.4,46,0.767
2024-12-14 01:00,77.52,76.9,78.1,50,0.833
2024-12-14 02:00,76.5,76.0,77.0,55,0.917
2024-12-14 03:00,75.64,75.2,76.1,59,0.983
2024-12-14 04:00,74.87,74.4,75.6,59,0.983
2024-12-14 05:00,74.3,74.0,74.7,60,1.0
2024-12-14 06:00,73.9,73.5,74.4,59,0.983
2024-12-14 07:00,73.29,72.8,73.6,60,1.0
2024-12-14 08:00,72.85,72.6,73.2,60,1.0
2024-12-14 09:00,72.46,71.8,72.8,60,1.0
2024-12-14 10:00,71.79,71.5,72.1,60,1.0
2024-12-14 11:00,71.5,71.2,71.8,60,1.0
2024-12-14 12:00,71.27,71.0,71.6,60,1.0
2024-12-14 13:00,71.1,70.8,71.4,52,0.867
2024-12-14 14:00,70.77,70.0,71.1,44,0.733
2024-12-14 15:00,71.32,69.8,73.3,45,0.75
2024-12-14 16:00,74.21,73.4,74.7,49,0.817
2024-12-14 17:00,74.46,74.2,74.7,48,0.8
2024-12-14 18:00,73.8,73.3,74.4,59,0.983
2024-12-14 19:00,73.18,72.9,73.5,58,0.967
2024-12-14 20:00,72.7,72.2,73.0,54,0.9
2024-12-14 21:00,73.62,72.3,74.5,49,0.817
2024-12-14 22:00,74.28,74.0,74.6,56,0.933
2024-12-14 23:00,73.72,73.4,74.1,59,0.983
2024-12-15 00:00,73.2,72.9,73.5,60,1.0
2024-12-15 01:00,72.76,72.5,73.1,58,0.967
2024-12-15 02:00,72.38,72.1,72.7,60,1.0
2024-12-15 03:00,72.09,71.8,72.5,60,1.0
2024-12-15 04:00,71.8,71.5,72.2,59,0.983
2024-12-15 05:00,71.54,71.0,71.8,59,0.983
2024-12-15 06:00,71.25,70.9,71.6,60,1.0
2024-12-15 07:00,71.09,70.9,71.5,58,0.967
2024-12-15 08:00,70.91,70.7,71.3,60,1.0
2024-12-15 09:00,71.01,70.7,71.3,59,0.983
2024-12-15 10:00,70.8,70.4,71.2,60,1.0
2024-12-15 11:00,70.61,70.3,70.9,59,0.983
2024-12-15 12:00,70.33,70.1,70.6,60,1.0
2024-12-15 13:00,70.27,70.0,70.6,59,0.983
2024-12-15 14:00,70.1,69.9,70.4,58,0.967
2024-12-15 15:00,69.9,69.7,70.2,60,1.0
2024-12-15 16:00,69.73,68.7,70.0,60,1.0
2024-12-15 17:00,69.6,69.4,69.8,60,1.0
2024-12-15 18:00,69.51,69.3,69.8,60,1.0
2024-12-15 19:00,69.44,69.2,69.6,60,1.0
2024-12-15 20:00,69.26,69.0,69.6,60,1.0
2024-12-15 21:00,69.17,68.8,69.4,60,1.0
2024-12-15 22:00,69.06,68.8,69.3,60,1.0
2024-12-15 23:00,68.81,68.6,69.1,60,1.0
2024-12-16 00:00,68.64,68.4,68.9,60,1.0
2024-12-16 01:00,68.52,68.3,68.9,60,1.0
2024-12-16 02:00,68.47,68.2,68.7,59,0.983
2024-12-16 03:00,68.49,68.3,68.8,60,1.0
2024-12-16 04:00,68.39,68.2,68.7,59,0.983
2024-12-16 05:00,68.09,67.9,68.3,59,0.983
2024-12-16 06:00,68.21,68.0,68.5,48,0.8
2024-12-16 07:00,68.13,68.0,68.3,60,1.0
2024-12-16 08:00,67.78,67.6,68.2,56,0.933
2024-12-16 09:00,67.73,67.5,68.0,54,0.9
2024-12-16 10:00,67.71,67.4,68.0,55,0.917
2024-12-16 11:00,67.39,67.2,67.7,60,1.0
2024-12-16 12:00,67.26,67.1,67.4,60,1.0
2024-12-16 13:00,67.19,67.1,67.3,60,1.0
2024-12-16 14:00,67.15,67.0,67.3,60,1.0
2024-12-16 15:00,67.11,66.9,67.4,60,1.0
2024-12-16 16:00,67.03,66.9,67.3,60,1.0
2024-12-16 17:00,67.01,66.9,67.3,60,1.0
2024-12-16 18:00,67.06,66.9,67.3,60,1.0
2024-12-16 19:00,67.09,66.8,67.3,60,1.0
2024-12-16 20:00,67.09,66.8,67.3,60,1.0
2024-12-16 21:00,67.0,66.8,67.2,60,1.0
2024-12-16 22:00,66.96,66.8,67.2,60,1.0
2024-12-16 23:00,66.95,66.8,67.1,60,1.0
2024-12-17 00:00,66.89,66.8,67.1,60,1.0
2024-12-17 01:00,66.83,66.6,67.1,60,1.0
2024-12-17 02:00,66.81,66.6,67.0,60,1.0
2024-12-17 03:00,66.75,66.6,67.0,60,1.0
2024-12-17 04:00,66.71,66.5,66.9,60,1.0
2024-12-17 05:00,66.66,66.5,66.8,60,1.0
2024-12-17 06:00,66.63,66.5,67.0,60,1.0
2024-12-17 07:00,66.57,66.4,66.8,60,1.0
2024-12-17 08:00,66.31,66.1,66.7,60,1.0
2024-12-17 09:00,66.28,66.1,66.6,60,1.0
2024-12-17 10:00,66.33,66.0,66.6,60,1.0
2024-12-17 11:00,66.09,66.0,66.3,60,1.0
2024-12-17 12:00,66.07,65.9,66.2,60,1.0
2024-12-17 13:00,66.03,65.9,66.3,59,0.983
2024-12-17 14:00,66.0,65.9,66.1,60,1.0
2024-12-17 15:00,65.98,65.8,66.2,47,0.783
2024-12-17 16:00,65.96,65.8,66.2,58,0.967
2024-12-17 17:00,65.93,65.8,66.2,60,1.0
2024-12-17 18:00,65.97,65.8,66.2,60,1.0
2024-12-17 19:00,65.99,65.8,66.3,59,0.983
2024-12-17 20:00,65.99,65.8,66.4,60,1.0
2024-12-17 21:00,66.02,65.8,66.3,60,1.0
2024-12-17 22:00,66.03,65.9,66.2,60,1.0
2024-12-17 23:00,66.04,65.9,66.2,59,0.983
2024-12-18 00:00,66.01,65.8,66.4,58,0.967
2024-12-18 01:00,65.98,65.7,66.2,58,0.967
2024-12-18 02:00,65.88,65.6,66.2,58,0.967
2024-12-18 03:00,65.85,65.6,66.1,57,0.95
2024-12-18 04:00,65.85,65.6,66.2,57,0.95
2024-12-18 05:00,65.81,65.6,66.1,58,0.967
2024-12-18 06:00,65.84,65.6,66.0,59,0.983
2024-12-18 07:00,65.74,65.3,65.9,59,0.983
2024-12-18 08:00,65.46,65.3,65.8,60,1.0
2024-12-18 09:00,65.48,65.3,65.9,60,1.0
2024-12-18 10:00,65.58,65.3,66.0,60,1.0
2024-12-18 11:00,65.65,65.4,65.8,60,1.0
2024-12-18 12:00,65.51,65.2,65.7,60,1.0
2024-12-18 13:00,65.44,65.2,65.8,60,1.0
2024-12-18 14:00,65.25,65.1,65.5,60,1.0
2024-12-18 15:00,65.22,65.1,65.6,60,1.0
2024-12-18 16:00,65.19,65.1,65.3,60,1.0
2024-12-18 17:00,65.2,65.1,65.4,60,1.0
2024-12-18 18:00,65.38,65.2,65.7,59,0.983
2024-12-18 19:00,65.43,65.3,65.6,60,1.0
2024-12-18 20:00,65.38,65.2,65.6,60,1.0
2024-12-18 21:00,65.38,65.2,65.5,60,1.0
2024-12-18 22:00,65.33,65.2,65.6,60,1.0
2024-12-18 23:00,65.24,65.0,65.4,60,1.0
2024-12-19 00:00,65.14,64.9,65.4,60,1.0
2024-12-19 01:00,65.13,64.9,65.5,60,1.0
2024-12-19 02:00,65.03,64.8,65.3,54,0.9
2024-12-19 03:00,64.98,64.8,65.3,54,0.9
2024-12-19 04:00,65.04,64.8,65.3,54,0.9
2024-12-19 05:00,64.98,64.8,65.4,60,1.0
2024-12-19 06:00,64.88,64.7,65.1,52,0.867
2024-12-19 07:00,64.85,64.7,65.0,54,0.9
2024-12-19 08:00,65.02,64.8,65.4,56,0.933
2024-12-19 09:00,64.86,64.7,65.1,60,1.0
2024-12-19 10:00,64.96,64.7,65.2,60,1.0
2024-12-19 11:00,64.72,64.6,64.9,60,1.0
2024-12-19 12:00,64.94,64.7,65.2,60,1.0
2024-12-19 13:00,64.69,64.5,65.0,60,1.0
2024-12-19 14:00,64.58,64.5,64.8,60,1.0
2024-12-19 15:00,64.55,64.4,64.8,60,1.0
2024-12-19 16:00,64.56,64.5,64.7,60,1.0
2024-12-19 17:00,64.61,64.5,64.9,60,1.0
2024-12-19 18:00,64.75,64.5,65.1,60,1.0
2024-12-19 19:00,64.8,64.5,65.0,60,1.0
2024-12-19 20:00,65.01,64.8,65.2,60,1.0
2024-12-19 21:00,65.13,65.0,65.6,59,0.983
2024-12-19 22:00,65.12,64.9,65.4,58,0.967
2024-12-19 23:00,65.11,64.9,65.3,59,0.983
2024-12-20 00:00,65.03,64.7,65.3,27,0.45
2024-12-20 01:00,67.0,65.0,69.2,18,0.3
2024-12-20 02:00,70.81,69.1,71.6,55,0.917
2024-12-20 03:00,71.55,71.2,71.9,47,0.783
2024-12-20 04:00,71.37,71.2,71.7,56,0.933
2024-12-20 05:00,71.18,70.9,71.7,56,0.933
2024-12-20 06:00,71.18,70.9,71.5,55,0.917
2024-12-20 07:00,71.21,70.9,71.5,58,0.967
2024-12-20 08:00,70.94,70.7,71.3,60,1.0
2024-12-20 09:00,70.6,70.3,70.9,59,0.983
2024-12-20 10:00,70.31,69.9,70.6,58,0.967
2024-12-20 11:00,70.01,69.7,70.4,53,0.883
2024-12-20 12:00,69.6,69.4,69.8,59,0.983
2024-12-20 13:00,69.14,67.7,69.7,60,1.0
2024-12-20 14:00,69.75,69.4,70.1,60,1.0
2024-12-20 15:00,69.81,69.6,70.0,60,1.0
2024-12-20 16:00,69.69,69.4,69.9,60,1.0
2024-12-20 17:00,69.54,69.2,69.9,60,1.0
2024-12-20 18:00,69.2,69.0,69.6,60,1.0
2024-12-20 19:00,69.12,68.8,69.5,59,0.983
2024-12-20 20:00,69.1,68.8,69.5,60,1.0
2024-12-20 21:00,68.93,68.6,69.2,60,1.0
2024-12-20 22:00,68.66,68.5,68.8,60,1.0
2024-12-20 23:00,68.52,68.0,68.7,55,0.917
2024-12-21 00:00,68.3,67.9,68.8,49,0.817
2024-12-21 01:00,68.75,68.5,68.9,59,0.983
2024-12-21 02:00,68.77,68.6,69.0,60,1.0
2024-12-21 03:00,68.66,68.5,68.9,60,1.0
2024-12-21 04:00,68.56,68.4,68.8,60,1.0
2024-12-21 05:00,68.54,68.3,68.8,60,1.0
2024-12-21 06:00,68.54,68.3,68.8,57,0.95
2024-12-21 07:00,68.41,68.1,68.7,60,1.0
2024-12-21 08:00,68.23,68.0,68.7,59,0.983
2024-12-21 09:00,68.14,67.9,68.5,56,0.933
2024-12-21 10:00,68.11,67.9,68.4,59,0.983
2024-12-21 11:00,67.87,67.7,68.2,60,1.0
2024-12-21 12:00,67.62,67.4,68.0,59,0.983
2024-12-21 13:00,67.46,67.3,67.7,60,1.0
2024-12-21 14:00,67.38,67.2,67.6,60,1.0
2024-12-21 15:00,67.32,67.2,67.6,60,1.0
2024-12-21 16:00,67.28,67.1,67.6,57,0.95
2024-12-21 17:00,67.18,67.0,67.4,60,1.0
2024-12-21 18:00,67.21,67.0,67.4,59,0.983
2024-12-21 19:00,67.16,66.9,67.4,49,0.817
2024-12-21 20:00,66.91,66.7,67.2,49,0.817
2024-12-21 21:00,66.88,66.7,67.7,60,1.0
2024-12-21 22:00,66.92,66.6,67.2,60,1.0
2024-12-21 23:00,66.87,66.6,67.1,60,1.0
2024-12-22 00:00,66.89,66.6,67.2,60,1.0
2024-12-22 01:00,66.81,66.5,67.0,60,1.0
2024-12-22 02:00,66.82,66.5,67.0,58,0.967
2024-12-22 03:00,66.79,66.5,67.0,59,0.983
2024-12-22 04:00,66.72,66.3,67.0,60,1.0
2024-12-22 05:00,66.48,66.3,66.8,58,0.967
2024-12-22 06:00,66.35,66.2,66.5,52,0.867
2024-12-22 07:00,66.36,66.2,66.7,48,0.8
2024-12-22 08:00,66.42,66.2,66.8,48,0.8
2024-12-22 09:00,66.48,66.2,66.7,49,0.817
2024-12-22 10:00,66.42,66.2,66.6,49,0.817
2024-12-22 11:00,66.3,66.0,66.5,48,0.8
2024-12-22 12:00,66.01,65.9,66.3,58,0.967
2024-12-22 13:00,66.08,65.8,66.3,60,1.0
2024-12-22 14:00,65.86,65.7,66.0,60,1.0
2024-12-22 15:00,65.82,65.7,66.1,60,1.0
2024-12-22 16:00,65.99,65.7,66.3,60,1.0
2024-12-22 17:00,66.26,66.0,66.6,60,1.0
2024-12-22 18:00,66.17,65.9,66.4,58,0.967
2024-12-22 19:00,66.53,66.2,67.1,35,0.583
2024-12-22 20:00,71.56,68.5,75.1,38,0.633
2024-12-22 21:00,80.01,75.4,82.7,54,0.9
2024-12-22 22:00,81.54,81.0,82.3,48,0.8
2024-12-22 23:00,80.55,79.9,81.1,49,0.817
2024-12-23 00:00,79.29,78.7,80.0,50,0.833
2024-12-23 01:00,78.09,77.4,79.0,47,0.783
2024-12-23 02:00,76.98,76.4,77.7,31,0.517
2024-12-23 03:00,76.84,76.6,77.0,7,0.117
2024-12-23 04:00,76.34,76.0,76.7,34,0.567
2024-12-23 05:00,75.67,75.4,75.9,9,0.15
2024-12-23 06:00,75.55,75.4,75.7,2,0.033
2024-12-23 07:00,75.57,75.4,75.8,3,0.05
2024-12-23 10:00,77.1,77.1,77.1,1,0.017
2024-12-23 11:00,76.46,75.9,77.0,44,0.733
2024-12-23 12:00,75.82,75.5,76.2,50,0.833
2024-12-23 13:00,75.39,75.1,75.9,59,0.983
2024-12-23 14:00,74.86,74.4,75.4,60,1.0
2024-12-23 15:00,74.46,74.0,74.8,60,1.0
2024-12-23 16:00,73.8,73.4,74.2,60,1.0
2024-12-23 17:00,73.44,73.2,73.7,54,0.9
2024-12-23 18:00,73.17,72.8,73.5,57,0.95
2024-12-23 19:00,72.84,72.5,73.3,60,1.0
2024-12-23 20:00,72.68,72.3,73.1,58,0.967
2024-12-23 21:00,72.19,71.9,72.6,58,0.967
2024-12-23 22:00,71.9,71.7,72.2,60,1.0
2024-12-23 23:00,71.7,71.4,72.1,59,0.983
2024-12-24 00:00,71.45,71.3,71.9,60,1.0
2024-12-24 01:00,71.21,70.9,71.6,59,0.983
2024-12-24 02:00,71.01,70.7,71.3,60,1.0
2024-12-24 03:00,70.89,70.7,71.1,60,1.0
2024-12-24 04:00,70.82,70.5,71.1,60,1.0
2024-12-24 05:00,70.73,70.5,71.0,58,0.967
2024-12-24 06:00,70.68,70.5,70.9,36,0.6
2024-12-24 07:00,70.6,70.4,70.8,38,0.633
2024-12-24 08:00,70.45,70.0,70.7,57,0.95
2024-12-24 09:00,70.01,69.8,70.3,60,1.0
2024-12-24 10:00,70.04,69.7,70.3,55,0.917
2024-12-24 11:00,69.71,69.6,70.1,50,0.833
2024-12-24 12:00,69.84,69.6,70.1,55,0.917
2024-12-24 13:00,69.79,69.5,70.0,56,0.933
2024-12-24 14:00,69.66,69.4,69.9,58,0.967
2024-12-24 15:00,69.52,69.2,69.8,59,0.983
2024-12-24 16:00,69.35,69.1,69.6,60,1.0
2024-12-24 17:00,69.09,68.8,69.5,59,0.983
2024-12-24 18:00,68.85,68.7,69.1,59,0.983
2024-12-24 19:00,68.69,68.5,68.8,60,1.0
2024-12-24 20:00,68.64,68.5,69.0,60,1.0
2024-12-24 21:00,68.56,68.4,68.8,60,1.0
2024-12-24 22:00,68.47,68.3,68.8,60,1.0
2024-12-24 23:00,68.36,68.2,68.5,60,1.0
2024-12-25 00:00,68.29,68.1,68.6,60,1.0
2024-12-25 01:00,68.25,68.0,68.5,60,1.0
2024-12-25 02:00,68.13,68.0,68.3,60,1.0
2024-12-25 03:00,68.08,67.9,68.3,60,1.0
2024-12-25 04:00,67.99,67.8,68.2,60,1.0
2024-12-25 05:00,67.88,67.7,68.4,60,1.0
2024-12-25 06:00,67.84,67.6,68.2,60,1.0
2024-12-25 07:00,67.73,67.6,68.0,60,1.0
2024-12-25 08:00,67.78,67.4,68.1,58,0.967
2024-12-25 09:00,67.62,67.4,68.0,60,1.0
2024-12-25 10:00,67.48,67.2,67.8,60,1.0
2024-12-25 11:00,67.32,67.1,67.7,57,0.95
2024-12-25 12:00,67.17,67.0,67.6,58,0.967
2024-12-25 13:00,67.12,67.0,67.4,60,1.0
2024-12-25 14:00,67.1,66.9,67.3,59,0.983
2024-12-25 15:00,67.16,66.9,67.4,60,1.0
2024-12-25 16:00,67.11,66.8,67.3,60,1.0
2024-12-25 17:00,67.07,66.8,67.3,59,0.983
2024-12-25 18:00,67.06,66.9,67.2,60,1.0
2024-12-25 19:00,66.99,66.7,67.2,59,0.983
2024-12-25 20:00,66.94,66.6,67.1,49,0.817
2024-12-25 21:00,66.86,66.5,67.1,47,0.783
2024-12-25 22:00,66.79,66.5,66.9,57,0.95
2024-12-25 23:00,66.74,66.5,67.0,60,1.0
2024-12-26 00:00,66.73,66.4,66.9,58,0.967
2024-12-26 01:00,66.71,66.5,67.1,58,0.967
2024-12-26 02:00,66.6,66.3,66.8,60,1.0
2024-12-26 03:00,66.48,66.1,66.7,58,0.967
2024-12-26 04:00,66.47,66.2,66.7,55,0.917
2024-12-26 05:00,66.42,66.2,66.6,47,0.783
2024-12-26 06:00,66.34,66.0,66.6,47,0.783
2024-12-26 07:00,66.24,66.0,66.5,57,0.95
2024-12-26 08:00,66.19,65.9,66.5,60,1.0
2024-12-26 09:00,66.24,65.9,66.4,59,0.983
2024-12-26 10:00,66.07,65.9,66.3,58,0.967
2024-12-26 11:00,65.94,65.7,66.3,59,0.983
2024-12-26 12:00,65.87,65.7,66.2,59,0.983
2024-12-26 13:00,65.98,65.6,66.3,60,1.0
2024-12-26 14:00,66.04,65.8,66.3,60,1.0
2024-12-26 15:00,65.87,65.5,66.2,60,1.0
2024-12-26 16:00,65.95,65.7,66.3,60,1.0
2024-12-26 17:00,65.8,65.5,66.1,60,1.0
2024-12-26 18:00,65.87,65.5,66.1,60,1.0
2024-12-26 19:00,65.84,65.6,66.0,58,0.967
2024-12-26 20:00,65.77,65.5,66.0,60,1.0
2024-12-26 21:00,65.72,65.4,65.9,60,1.0
2024-12-26 22:00,65.76,65.6,66.0,60,1.0
2024-12-26 23:00,65.68,65.3,65.9,59,0.983
2024-12-27 00:00,65.56,65.3,65.8,58,0.967
2024-12-27 01:00,65.54,65.3,65.9,59,0.983
2024-12-27 02:00,65.44,65.3,65.9,60,1.0
2024-12-27 03:00,65.38,65.2,65.7,60,1.0
2024-12-27 04:00,65.48,65.2,65.7,60,1.0
2024-12-27 05:00,65.46,65.1,65.7,60,1.0
2024-12-27 06:00,65.26,65.1,65.5,60,1.0
2024-12-27 07:00,65.23,65.1,65.5,60,1.0
2024-12-27 08:00,65.3,65.1,65.7,60,1.0
2024-12-27 09:00,65.15,65.0,65.6,49,0.817
2024-12-27 10:00,65.13,65.0,65.4,60,1.0
2024-12-27 11:00,65.09,65.0,65.4,60,1.0
2024-12-27 12:00,65.1,64.9,65.4,60,1.0
2024-12-27 13:00,65.19,64.9,65.5,60,1.0
2024-12-27 14:00,65.18,64.9,65.5,60,1.0
2024-12-27 15:00,65.1,64.9,65.3,60,1.0
2024-12-27 16:00,65.1,64.8,65.4,60,1.0
2024-12-27 17:00,65.12,64.8,65.5,60,1.0
2024-12-27 18:00,65.15,64.8,65.3,60,1.0
2024-12-27 19:00,65.15,64.9,65.3,51,0.85
2024-12-27 20:00,65.12,64.8,65.3,53,0.883
2024-12-27 21:00,65.09,64.8,65.2,60,1.0
2024-12-27 22:00,65.04,64.9,65.4,60,1.0
2024-12-27 23:00,65.01,64.8,65.2,60,1.0
2024-12-28 00:00,64.92,64.7,65.1,60,1.0
2024-12-28 01:00,64.94,64.6,65.1,60,1.0
2024-12-28 02:00,64.88,64.6,65.1,60,1.0
2024-12-28 03:00,64.83,64.5,65.1,60,1.0
2024-12-28 04:00,64.78,64.5,65.1,60,1.0
2024-12-28 05:00,64.82,64.5,65.2,60,1.0
2024-12-28 06:00,64.78,64.5,65.0,60,1.0
2024-12-28 07:00,64.77,64.5,65.0,60,1.0
2024-12-28 08:00,64.74,64.4,65.1,60,1.0
2024-12-28 09:00,64.59,64.3,64.9,60,1.0
2024-12-28 10:00,64.49,64.3,64.8,58,0.967
2024-12-28 11:00,64.54,64.3,64.9,60,1.0
2024-12-28 12:00,64.55,64.3,64.8,60,1.0
2024-12-28 13:00,64.44,64.2,64.8,60,1.0
2024-12-28 14:00,64.37,64.2,64.7,60,1.0
2024-12-28 15:00,64.4,64.2,64.7,60,1.0
2024-12-28 16:00,64.33,64.1,64.7,60,1.0
2024-12-28 17:00,64.35,64.1,64.6,60,1.0
2024-12-28 18:00,64.32,64.1,64.6,60,1.0
2024-12-28 19:00,64.4,64.1,64.7,60,1.0
2024-12-28 20:00,64.39,64.1,64.6,60,1.0
2024-12-28 21:00,64.37,64.1,64.7,60,1.0
2024-12-28 22:00,64.33,64.0,64.7,60,1.0
2024-12-28 23:00,64.31,64.1,64.6,60,1.0
2024-12-29 00:00,64.3,64.0,64.7,60,1.0
2024-12-29 01:00,64.29,64.0,64.6,59,0.983
2024-12-29 02:00,64.28,63.9,64.6,49,0.817
2024-12-29 03:00,64.27,64.0,64.5,46,0.767
2024-12-29 04:00,64.25,64.0,64.5,48,0.8
2024-12-29 05:00,64.3,64.0,64.5,55,0.917
2024-12-29 06:00,64.23,64.0,64.6,60,1.0
2024-12-29 07:00,64.24,64.0,64.5,60,1.0
2024-12-29 08:00,64.21,63.9,64.5,60,1.0
2024-12-29 09:00,64.24,63.9,64.5,60,1.0
2024-12-29 10:00,64.25,63.9,64.5,60,1.0
2024-12-29 11:00,64.23,63.9,64.5,60,1.0
2024-12-29 12:00,64.1,63.9,64.4,60,1.0
2024-12-29 13:00,64.05,63.9,64.4,58,0.967
2024-12-29 14:00,64.1,63.8,64.6,60,1.0
2024-12-29 15:00,64.1,63.9,64.5,60,1.0
2024-12-29 16:00,64.04,63.8,64.4,60,1.0
2024-12-29 17:00,64.03,63.8,64.3,60,1.0
2024-12-29 18:00,63.98,63.8,64.4,58,0.967
2024-12-29 19:00,63.99,63.8,64.3,59,0.983
2024-12-29 20:00,64.02,63.8,64.3,60,1.0
2024-12-29 21:00,64.01,63.8,64.3,59,0.983
2024-12-29 22:00,63.98,63.7,64.2,60,1.0
2024-12-29 23:00,63.96,63.7,64.3,60,1.0
2024-12-30 00:00,64.01,63.8,64.3,60,1.0
2024-12-30 01:00,64.02,63.7,64.2,60,1.0
2024-12-30 02:00,63.97,63.7,64.3,60,1.0
2024-12-30 03:00,63.94,63.7,64.3,60,1.0
2024-12-30 04:00,63.97,63.7,64.2,60,1.0
2024-12-30 05:00,63.95,63.7,64.2,60,1.0
2024-12-30 06:00,63.98,63.6,64.3,60,1.0
2024-12-30 07:00,63.96,63.6,64.2,60,1.0
2024-12-30 08:00,63.92,63.7,64.2,59,0.983
2024-12-30 09:00,64.0,63.7,64.3,60,1.0
2024-12-30 10:00,63.97,63.7,64.2,60,1.0
2024-12-30 11:00,63.97,63.7,64.2,60,1.0
2024-12-30 12:00,64.02,63.7,64.2,60,1.0
2024-12-30 13:00,63.93,63.6,64.2,60,1.0
2024-12-30 14:00,63.9,63.6,64.1,60,1.0
2024-12-30 15:00,63.78,63.6,64.0,49,0.817
2024-12-30 16:00,63.81,63.6,64.1,55,0.917
2024-12-30 17:00,63.83,63.6,64.2,60,1.0
2024-12-30 18:00,63.74,63.6,64.0,60,1.0
2024-12-30 19:00,63.74,63.6,64.1,60,1.0
2024-12-30 20:00,63.74,63.5,64.1,60,1.0
2024-12-30 21:00,63.76,63.6,64.1,60,1.0
2024-12-30 22:00,63.76,63.5,64.2,60,1.0
2024-12-30 23:00,63.73,63.5,64.1,60,1.0
2024-12-31 00:00,63.76,63.5,64.1,60,1.0
2024-12-31 01:00,63.72,63.5,64.1,60,1.0
2024-12-31 02:00,63.77,63.5,64.1,60,1.0
2024-12-31 03:00,63.78,63.5,64.1,60,1.0
2024-12-31 04:00,63.77,63.5,64.0,60,1.0
2024-12-31 05:00,63.75,63.5,64.0,60,1.0
2024-12-31 06:00,63.72,63.5,64.0,60,1.0
2024-12-31 07:00,63.74,63.5,64.1,60,1.0
2024-12-31 08:00,63.71,63.5,64.0,60,1.0
2024-12-31 09:00,63.71,63.5,64.0,60,1.0
2024-12-31 10:00,63.69,63.4,64.0,60,1.0
2024-12-31 11:00,63.8,63.6,64.0,60,1.0
2024-12-31 12:00,63.64,63.4,63.9,60,1.0
2024-12-31 13:00,63.71,63.5,63.9,60,1.0
2024-12-31 14:00,63.58,63.4,63.8,60,1.0
2024-12-31 15:00,63.52,63.3,63.8,60,1.0
2024-12-31 16:00,63.48,63.4,63.7,60,1.0
2024-12-31 17:00,63.52,63.3,63.8,60,1.0
2024-12-31 18:00,63.71,63.4,63.9,60,1.0
2024-12-31 19:00,63.74,63.4,63.9,60,1.0
2024-12-31 20:00,63.68,63.4,63.9,60,1.0
2024-12-31 21:00,63.65,63.4,63.9,60,1.0
2024-12-31 22:00,63.51,63.3,63.8,60,1.0
2024-12-31 23:00,63.49,63.3,63.8,60,1.0
2025-01-01 00:00,63.48,63.3,63.8,60,1.0
2025-01-01 01:00,63.44,63.3,63.9,60,1.0
2025-01-01 02:00,63.4,63.3,63.7,60,1.0
2025-01-01 03:00,63.34,63.2,63.6,60,1.0
2025-01-01 04:00,63.34,63.2,63.7,60,1.0
2025-01-01 05:00,63.34,63.2,63.7,48,0.8
2025-01-01 06:00,63.32,63.2,63.6,50,0.833
2025-01-01 07:00,63.3,63.2,63.6,60,1.0
2025-01-01 08:00,63.46,63.2,63.8,60,1.0
2025-01-01 09:00,63.34,63.2,63.6,60,1.0
2025-01-01 10:00,63.47,63.2,63.7,60,1.0
2025-01-01 11:00,63.53,63.3,63.7,60,1.0
2025-01-01 12:00,63.38,63.1,63.6,60,1.0
2025-01-01 13:00,63.24,63.1,63.6,60,1.0
2025-01-01 14:00,63.18,63.0,63.5,60,1.0
2025-01-01 15:00,63.19,63.0,63.4,60,1.0
2025-01-01 16:00,63.23,63.0,63.5,59,0.983
2025-01-01 17:00,63.37,63.1,63.6,60,1.0
2025-01-01 18:00,63.44,63.2,63.6,60,1.0
2025-01-01 19:00,63.44,63.2,63.6,60,1.0
2025-01-01 20:00,63.35,63.0,63.6,60,1.0
2025-01-01 21:00,63.3,63.1,63.6,60,1.0
2025-01-01 22:00,63.21,63.0,63.5,60,1.0
2025-01-01 23:00,63.14,63.0,63.4,60,1.0
2025-01-02 00:00,63.13,63.0,63.5,60,1.0
2025-01-02 01:00,63.08,62.9,63.4,60,1.0
2025-01-02 02:00,63.07,62.9,63.4,60,1.0
2025-01-02 03:00,63.04,62.9,63.1,59,0.983
2025-01-02 04:00,63.03,62.9,63.3,60,1.0
2025-01-02 05:00,63.05,62.9,63.4,60,1.0
2025-01-02 06:00,63.02,62.9,63.2,60,1.0
2025-01-02 07:00,62.99,62.9,63.3,60,1.0
2025-01-02 08:00,63.13,62.9,63.5,60,1.0
2025-01-02 09:00,63.09,62.9,63.4,60,1.0
2025-01-02 10:00,63.26,63.0,63.5,60,1.0
2025-01-02 11:00,63.0,62.8,63.3,60,1.0
2025-01-02 12:00,63.18,63.0,63.4,60,1.0
2025-01-02 13:00,63.04,62.8,63.4,60,1.0
2025-01-02 14:00,63.1,62.9,63.3,60,1.0
2025-01-02 15:00,63.05,62.7,63.3,60,1.0
2025-01-02 16:00,63.1,62.8,63.4,60,1.0
2025-01-02 17:00,62.87,62.7,63.2,60,1.0
2025-01-02 18:00,62.86,62.7,63.2,60,1.0
2025-01-02 19:00,62.98,62.7,63.2,60,1.0
2025-01-02 20:00,63.1,62.8,63.3,60,1.0
2025-01-02 21:00,63.07,62.9,63.2,60,1.0
2025-01-02 22:00,63.04,62.8,63.2,60,1.0
2025-01-02 23:00,63.0,62.6,63.2,60,1.0
2025-01-03 00:00,62.88,62.7,63.2,60,1.0
2025-01-03 01:00,62.78,62.6,63.0,52,0.867
2025-01-03 02:00,62.93,62.6,63.1,53,0.883
2025-01-03 03:00,62.75,62.6,63.1,60,1.0
2025-01-03 04:00,62.79,62.6,63.1,60,1.0
2025-01-03 05:00,62.92,62.7,63.1,60,1.0
2025-01-03 06:00,62.86,62.6,63.1,60,1.0
2025-01-03 07:00,62.83,62.6,63.0,60,1.0
2025-01-03 08:00,62.82,62.7,63.0,18,0.3
2025-01-03 12:00,64.1,63.8,64.3,21,0.35
2025-01-03 13:00,64.2,64.0,64.4,50,0.833
2025-01-03 14:00,64.04,63.7,64.8,48,0.8
2025-01-03 15:00,69.24,65.4,72.1,46,0.767
2025-01-03 16:00,73.01,72.3,73.5,41,0.683
2025-01-03 17:00,73.33,72.9,73.6,49,0.817
2025-01-03 18:00,73.33,72.5,74.3,39,0.65
2025-01-03 19:00,74.24,73.8,74.7,50,0.833
2025-01-03 20:00,73.7,73.4,74.3,36,0.6
2025-01-03 21:00,73.07,72.7,73.3,19,0.317
2025-01-03 22:00,72.49,72.1,72.9,35,0.583
2025-01-03 23:00,72.09,71.8,72.3,10,0.167
2025-01-04 00:00,73.84,73.2,74.2,17,0.283
2025-01-04 01:00,74.42,74.1,74.7,53,0.883
2025-01-04 02:00,74.12,73.8,74.6,29,0.483
2025-01-04 03:00,75.02,74.5,75.4,17,0.283
2025-01-04 04:00,75.57,75.3,75.8,35,0.583
2025-01-04 05:00,75.03,74.6,75.5,54,0.9
2025-01-04 06:00,74.37,74.0,74.8,54,0.9
2025-01-04 07:00,73.78,73.4,74.3,48,0.8
2025-01-04 08:00,73.41,73.1,73.7,57,0.95
2025-01-04 09:00,73.0,72.6,73.5,60,1.0
2025-01-04 10:00,72.76,72.4,73.2,59,0.983
2025-01-04 11:00,72.48,72.0,72.9,59,0.983
2025-01-04 12:00,72.13,71.8,72.5,59,0.983
2025-01-04 13:00,71.84,71.5,72.4,60,1.0
2025-01-04 14:00,71.74,71.5,72.0,60,1.0
2025-01-04 15:00,71.55,71.3,71.8,60,1.0
2025-01-04 16:00,71.29,70.9,71.5,60,1.0
2025-01-04 17:00,71.1,70.9,71.3,60,1.0
2025-01-04 18:00,70.8,70.4,71.1,60,1.0
2025-01-04 19:00,70.44,70.2,70.9,60,1.0
2025-01-04 20:00,70.25,70.0,70.6,60,1.0
2025-01-04 21:00,70.06,69.8,70.4,53,0.883
2025-01-04 22:00,69.96,69.8,70.2,48,0.8
2025-01-04 23:00,69.88,69.6,70.2,56,0.933
2025-01-05 00:00,69.75,69.4,70.0,48,0.8
2025-01-05 01:00,69.67,69.3,69.9,56,0.933
2025-01-05 02:00,69.54,69.2,69.8,60,1.0
2025-01-05 03:00,69.5,69.2,69.8,58,0.967
2025-01-05 04:00,69.39,69.1,69.6,51,0.85
2025-01-05 05:00,69.29,69.0,69.5,57,0.95
2025-01-05 06:00,69.18,69.0,69.4,60,1.0
2025-01-05 07:00,69.09,68.8,69.4,58,0.967
2025-01-05 08:00,68.82,68.5,69.3,59,0.983
2025-01-05 09:00,68.77,68.4,69.2,60,1.0
2025-01-05 10:00,68.58,68.4,68.8,60,1.0
2025-01-05 11:00,68.47,68.2,68.9,60,1.0
2025-01-05 12:00,68.33,68.2,68.7,60,1.0
2025-01-05 13:00,68.22,68.1,68.6,60,1.0
2025-01-05 14:00,68.32,68.1,68.6,60,1.0
2025-01-05 15:00,68.34,68.1,68.6,60,1.0
2025-01-05 16:00,68.26,68.1,68.5,60,1.0
2025-01-05 17:00,68.22,68.0,68.4,60,1.0
2025-01-05 18:00,68.11,67.8,68.4,60,1.0
2025-01-05 19:00,67.92,67.6,68.3,60,1.0
2025-01-05 20:00,67.78,67.6,68.1,60,1.0
2025-01-05 21:00,67.66,67.5,67.9,49,0.817
2025-01-05 22:00,67.57,67.4,67.8,52,0.867
2025-01-05 23:00,67.51,67.4,67.7,60,1.0
2025-01-06 00:00,67.46,67.3,67.8,60,1.0
2025-01-06 01:00,67.41,67.3,67.6,60,1.0
2025-01-06 02:00,67.38,67.2,67.5,60,1.0
2025-01-06 03:00,67.31,67.1,67.6,58,0.967
2025-01-06 04:00,67.29,67.2,67.7,54,0.9
2025-01-06 05:00,67.24,67.1,67.7,60,1.0
2025-01-06 06:00,67.17,67.0,67.5,60,1.0
2025-01-06 07:00,67.14,67.0,67.6,60,1.0
2025-01-06 08:00,67.11,66.9,67.5,60,1.0
2025-01-06 09:00,67.14,66.9,67.6,59,0.983
2025-01-06 10:00,67.06,66.8,67.4,60,1.0
2025-01-06 11:00,66.84,66.7,67.1,60,1.0
2025-01-06 12:00,66.82,66.6,67.3,60,1.0
2025-01-06 13:00,66.76,66.6,67.1,60,1.0
2025-01-06 14:00,66.65,66.5,66.8,60,1.0
2025-01-06 15:00,66.62,66.5,66.8,60,1.0
2025-01-06 16:00,66.58,66.5,66.7,60,1.0
2025-01-06 17:00,66.72,66.5,67.0,60,1.0
2025-01-06 18:00,66.83,66.5,67.0,60,1.0
2025-01-06 19:00,66.72,66.4,67.0,60,1.0
2025-01-06 20:00,66.57,66.3,66.8,60,1.0
2025-01-06 21:00,66.42,66.3,66.7,60,1.0
2025-01-06 22:00,66.46,66.2,66.8,60,1.0
2025-01-06 23:00,66.51,66.2,66.8,60,1.0
2025-01-07 00:00,66.28,66.1,66.5,60,1.0
2025-01-07 01:00,66.5,66.2,66.8,60,1.0
2025-01-07 02:00,66.47,66.1,66.6,60,1.0
2025-01-07 03:00,66.42,66.0,66.7,60,1.0
2025-01-07 04:00,66.39,66.0,66.7,60,1.0
2025-01-07 05:00,66.38,66.1,66.5,60,1.0
2025-01-07 06:00,66.38,66.2,66.6,60,1.0
2025-01-07 07:00,66.36,66.1,66.6,59,0.983
2025-01-07 08:00,66.04,65.9,66.3,59,0.983
2025-01-07 09:00,65.98,65.8,66.2,58,0.967
2025-01-07 10:00,66.06,65.8,66.3,58,0.967
2025-01-07 11:00,66.08,65.7,66.3,55,0.917
2025-01-07 12:00,65.98,65.7,66.3,60,1.0
2025-01-07 13:00,65.9,65.6,66.2,60,1.0
2025-01-07 14:00,65.86,65.6,66.2,60,1.0
2025-01-07 15:00,65.78,65.6,66.0,60,1.0
2025-01-07 16:00,65.78,65.6,66.0,57,0.95
2025-01-07 17:00,65.72,65.4,66.5,52,0.867
2025-01-07 18:00,71.35,66.5,74.7,58,0.967
2025-01-07 19:00,74.9,74.7,75.1,60,1.0
2025-01-07 20:00,74.69,74.4,75.0,60,1.0
2025-01-07 21:00,74.22,73.8,74.7,57,0.95
2025-01-07 22:00,73.72,73.3,74.1,54,0.9
2025-01-07 23:00,73.14,72.5,73.5,60,1.0
2025-01-08 00:00,72.6,72.3,73.0,58,0.967
2025-01-08 01:00,72.33,71.8,72.7,59,0.983
2025-01-08 02:00,71.88,71.5,72.4,57,0.95
2025-01-08 03:00,71.49,71.2,72.0,42,0.7
2025-01-08 04:00,71.25,70.9,71.8,55,0.917
2025-01-08 05:00,71.11,70.7,71.5,59,0.983
2025-01-08 06:00,70.76,70.5,71.3,51,0.85
2025-01-08 07:00,70.54,70.3,70.8,53,0.883
2025-01-08 08:00,70.54,70.1,70.8,59,0.983
2025-01-08 09:00,70.3,70.0,70.7,59,0.983
2025-01-08 10:00,70.11,69.8,70.5,59,0.983
2025-01-08 11:00,69.85,69.6,70.3,60,1.0
2025-01-08 12:00,69.7,69.6,69.9,60,1.0
2025-01-08 13:00,69.72,69.5,70.1,60,1.0
2025-01-08 14:00,69.65,69.4,70.1,59,0.983
2025-01-08 15:00,69.69,69.4,70.0,60,1.0
2025-01-08 16:00,69.62,69.3,69.9,60,1.0
2025-01-08 17:00,69.56,69.3,69.8,60,1.0
2025-01-08 18:00,69.38,69.0,69.6,60,1.0
2025-01-08 19:00,69.06,68.8,69.4,60,1.0
2025-01-08 20:00,68.93,68.7,69.3,60,1.0
2025-01-08 21:00,68.94,68.6,69.3,60,1.0
2025-01-08 22:00,68.73,68.5,69.1,60,1.0
2025-01-08 23:00,68.71,68.5,68.9,60,1.0
2025-01-09 00:00,68.68,68.3,69.7,60,1.0
2025-01-09 01:00,68.54,68.2,68.8,60,1.0
2025-01-09 02:00,68.38,68.1,68.8,60,1.0
2025-01-09 03:00,68.27,68.1,68.6,60,1.0
2025-01-09 04:00,68.16,67.9,68.6,60,1.0
2025-01-09 05:00,67.89,67.6,68.2,60,1.0
2025-01-09 06:00,68.26,67.7,68.9,59,0.983
2025-01-09 07:00,69.52,68.6,70.8,59,0.983
2025-01-09 08:00,72.26,70.7,73.7,57,0.95
2025-01-09 09:00,74.39,73.6,75.2,58,0.967
2025-01-09 10:00,75.44,75.1,75.8,59,0.983
2025-01-09 11:00,75.07,74.5,75.4,57,0.95
2025-01-09 12:00,74.44,74.1,74.8,60,1.0
2025-01-09 13:00,74.12,73.6,74.5,60,1.0
2025-01-09 14:00,73.72,73.3,74.1,55,0.917
2025-01-09 15:00,73.37,73.0,73.7,58,0.967
2025-01-09 16:00,73.02,72.7,73.4,60,1.0
2025-01-09 17:00,72.65,72.3,72.9,60,1.0
2025-01-09 18:00,72.31,71.9,72.6,60,1.0
2025-01-09 19:00,72.0,71.0,72.5,57,0.95
2025-01-09 20:00,71.71,71.4,72.0,58,0.967
2025-01-09 21:00,71.51,71.3,71.8,56,0.933
2025-01-09 22:00,71.33,71.1,71.6,59,0.983
2025-01-09 23:00,71.15,70.9,71.4,51,0.85
2025-01-10 00:00,70.94,70.7,71.2,59,0.983
2025-01-10 01:00,70.72,70.4,71.0,48,0.8
2025-01-10 02:00,70.41,70.1,70.8,59,0.983
2025-01-10 03:00,70.4,70.1,70.6,60,1.0
2025-01-10 04:00,70.25,69.9,70.6,60,1.0
2025-01-10 05:00,69.98,69.7,70.3,60,1.0
2025-01-10 06:00,69.78,69.5,70.3,60,1.0
2025-01-10 07:00,69.5,69.3,69.7,60,1.0
2025-01-10 08:00,69.52,69.2,69.9,60,1.0
2025-01-10 09:00,69.26,69.1,69.5,60,1.0
2025-01-10 10:00,69.15,69.0,69.5,60,1.0
2025-01-10 11:00,69.04,68.9,69.2,60,1.0
2025-01-10 12:00,68.98,68.8,69.3,60,1.0
2025-01-10 13:00,68.89,68.7,69.1,60,1.0
2025-01-10 14:00,68.94,68.7,69.3,60,1.0
2025-01-10 15:00,68.99,68.7,69.3,60,1.0
2025-01-10 16:00,68.88,68.6,69.1,60,1.0
2025-01-10 17:00,68.83,68.5,69.1,60,1.0
2025-01-10 18:00,68.75,68.5,69.1,59,0.983
2025-01-10 19:00,68.52,68.2,68.9,60,1.0
2025-01-10 20:00,68.34,68.2,68.7,60,1.0
2025-01-10 21:00,68.2,68.0,68.7,60,1.0
2025-01-10 22:00,68.09,68.0,68.4,60,1.0
2025-01-10 23:00,68.23,67.9,68.5,60,1.0
2025-01-11 00:00,68.23,67.9,68.4,60,1.0
2025-01-11 01:00,68.12,67.8,68.3,60,1.0
2025-01-11 02:00,67.95,67.7,68.2,59,0.983
2025-01-11 03:00,67.87,67.5,68.1,52,0.867
2025-01-11 04:00,67.87,67.6,68.2,57,0.95
2025-01-11 05:00,67.79,67.6,68.1,57,0.95
2025-01-11 06:00,67.78,67.6,68.1,54,0.9
2025-01-11 07:00,67.76,67.6,67.9,53,0.883
2025-01-11 08:00,67.87,67.6,68.1,60,1.0
2025-01-11 09:00,67.77,67.5,68.2,60,1.0
2025-01-11 10:00,67.78,67.5,68.1,60,1.0
2025-01-11 11:00,67.53,67.3,68.0,58,0.967
2025-01-11 12:00,67.61,67.0,68.0,58,0.967
2025-01-11 13:00,67.38,67.1,67.7,54,0.9
2025-01-11 14:00,67.99,67.5,68.4,55,0.917
2025-01-11 15:00,68.66,68.2,69.5,18,0.3
2025-01-11 16:00,70.26,69.5,71.5,17,0.283
2025-01-11 17:00,74.97,71.8,76.5,15,0.25
2025-01-11 18:00,78.72,77.1,79.8,13,0.217
2025-01-11 19:00,79.37,79.0,79.9,16,0.267
2025-01-11 20:00,78.62,78.5,78.9,4,0.067
2025-01-11 21:00,78.46,78.4,78.5,5,0.083
2025-01-11 22:00,78.18,78.1,78.3,4,0.067
2025-01-11 23:00,77.65,77.5,77.9,6,0.1
2025-01-12 00:00,77.06,76.4,77.7,53,0.883
2025-01-12 01:00,76.63,76.3,76.9,53,0.883
2025-01-12 02:00,76.39,76.2,76.6,47,0.783
2025-01-12 03:00,76.49,76.1,76.7,47,0.783
2025-01-12 04:00,76.84,76.5,77.4,35,0.583
2025-01-12 05:00,77.99,77.5,78.5,28,0.467
2025-01-12 06:00,78.48,78.1,78.8,26,0.433
2025-01-12 07:00,78.47,78.0,78.8,30,0.5
2025-01-12 08:00,77.52,77.1,78.0,41,0.683
2025-01-12 09:00,76.78,76.4,77.1,45,0.75
2025-01-12 10:00,76.25,75.9,76.7,50,0.833
2025-01-12 11:00,75.82,75.5,76.3,49,0.817
2025-01-12 12:00,75.66,75.3,76.0,43,0.717
2025-01-12 13:00,75.64,75.2,75.9,42,0.7
2025-01-12 14:00,75.28,74.9,75.6,34,0.567
2025-01-12 15:00,74.93,74.6,75.3,45,0.75
2025-01-12 16:00,74.58,74.3,74.9,49,0.817
2025-01-12 17:00,74.42,74.2,74.7,53,0.883
2025-01-12 18:00,74.26,73.9,74.5,60,1.0
2025-01-12 19:00,73.95,73.6,74.4,54,0.9
2025-01-12 20:00,73.61,73.3,74.0,59,0.983
2025-01-12 21:00,73.19,72.7,73.6,57,0.95
2025-01-12 22:00,72.85,72.5,73.2,55,0.917
2025-01-12 23:00,72.46,72.1,72.8,59,0.983
2025-01-13 00:00,72.11,71.9,72.4,58,0.967
2025-01-13 01:00,71.81,71.6,72.1,58,0.967
2025-01-13 02:00,71.54,71.2,71.8,60,1.0
2025-01-13 03:00,71.27,71.1,71.5,60,1.0
2025-01-13 04:00,71.04,70.9,71.3,59,0.983
2025-01-13 05:00,70.8,70.5,71.0,49,0.817
2025-01-13 06:00,70.61,70.4,70.8,56,0.933
2025-01-13 07:00,70.39,70.2,70.6,59,0.983
2025-01-13 08:00,70.06,69.7,70.4,60,1.0
2025-01-13 09:00,69.96,69.6,70.2,60,1.0
2025-01-13 10:00,69.64,69.4,70.1,60,1.0
2025-01-13 11:00,69.42,69.2,69.7,60,1.0
2025-01-13 12:00,69.27,69.1,69.5,60,1.0
2025-01-13 13:00,69.18,68.9,69.5,60,1.0
2025-01-13 14:00,69.21,69.0,69.4,60,1.0
2025-01-13 15:00,69.04,68.7,69.3,60,1.0
2025-01-13 16:00,68.99,68.7,69.2,60,1.0
2025-01-13 17:00,68.85,68.5,69.0,59,0.983
2025-01-13 18:00,68.48,68.3,68.7,60,1.0
2025-01-13 19:00,68.34,68.2,68.6,60,1.0
2025-01-13 20:00,68.24,68.1,68.4,60,1.0
2025-01-13 21:00,68.15,68.0,68.5,59,0.983
2025-01-13 22:00,68.12,67.9,68.5,60,1.0
2025-01-13 23:00,68.01,67.9,68.2,60,1.0
2025-01-14 00:00,68.05,67.8,68.3,59,0.983
2025-01-14 01:00,67.94,67.7,68.2,60,1.0
2025-01-14 02:00,67.84,67.6,68.2,60,1.0
2025-01-14 03:00,67.7,67.5,68.0,60,1.0
2025-01-14 04:00,67.68,67.5,68.0,58,0.967
2025-01-14 05:00,67.68,67.3,67.9,60,1.0
2025-01-14 06:00,67.66,67.2,68.5,57,0.95
2025-01-14 07:00,67.57,67.2,67.9,60,1.0
2025-01-14 08:00,67.41,67.1,67.7,59,0.983
2025-01-14 09:00,67.44,67.1,67.7,56,0.933
2025-01-14 10:00,67.24,66.9,67.7,59,0.983
2025-01-14 11:00,67.08,66.9,67.4,60,1.0
2025-01-14 12:00,66.97,66.8,67.3,59,0.983
2025-01-14 13:00,66.87,66.7,67.1,60,1.0
2025-01-14 14:00,66.78,66.7,66.9,59,0.983
2025-01-14 15:00,66.73,66.6,66.9,58,0.967
2025-01-14 16:00,66.66,66.6,66.9,60,1.0
2025-01-14 17:00,66.61,66.5,66.8,60,1.0
2025-01-14 18:00,66.56,66.4,66.9,60,1.0
2025-01-14 19:00,66.5,66.3,66.7,60,1.0
2025-01-14 20:00,66.44,66.3,66.6,59,0.983
2025-01-14 21:00,66.39,66.3,66.6,60,1.0
2025-01-14 22:00,66.35,66.2,66.5,59,0.983
2025-01-14 23:00,66.31,66.2,66.6,60,1.0
2025-01-15 00:00,66.25,66.1,66.5,60,1.0
2025-01-15 01:00,66.29,66.1,66.5,60,1.0
2025-01-15 02:00,66.26,66.0,66.5,60,1.0
2025-01-15 03:00,66.23,66.0,66.6,60,1.0
2025-01-15 04:00,66.1,65.9,66.4,60,1.0
2025-01-15 05:00,66.02,65.9,66.1,60,1.0
2025-01-15 06:00,66.04,65.9,66.3,60,1.0
2025-01-15 07:00,65.96,65.8,66.1,52,0.867
2025-01-15 08:00,66.1,65.8,66.4,46,0.767
2025-01-15 09:00,66.19,65.9,66.4,60,1.0
2025-01-15 10:00,66.16,66.0,66.3,60,1.0
2025-01-15 11:00,66.04,65.7,66.3,60,1.0
2025-01-15 12:00,66.06,65.8,66.3,59,0.983
2025-01-15 13:00,65.93,65.6,66.2,60,1.0
2025-01-15 14:00,65.83,65.6,66.1,60,1.0
2025-01-15 15:00,65.72,65.6,66.0,60,1.0
2025-01-15 16:00,65.67,65.5,66.0,60,1.0
2025-01-15 17:00,65.76,65.5,66.0,60,1.0
2025-01-15 18:00,65.86,65.6,66.1,60,1.0
2025-01-15 19:00,65.84,65.6,66.1,60,1.0
2025-01-15 20:00,65.73,65.4,66.1,60,1.0
2025-01-15 21:00,65.65,65.4,65.9,60,1.0
2025-01-15 22:00,65.71,65.4,66.0,60,1.0
2025-01-15 23:00,65.72,65.5,66.0,60,1.0
2025-01-16 00:00,65.74,65.5,66.2,59,0.983
2025-01-16 01:00,65.83,65.6,66.2,60,1.0
2025-01-16 02:00,65.81,65.6,66.2,53,0.883
2025-01-16 03:00,65.77,65.6,66.1,60,1.0
2025-01-16 04:00,65.72,65.6,65.9,59,0.983
2025-01-16 05:00,65.71,65.5,65.9,59,0.983
2025-01-16 06:00,65.65,65.5,65.8,60,1.0
2025-01-16 07:00,65.62,65.5,65.9,59,0.983
2025-01-16 08:00,65.86,65.6,66.0,59,0.983
2025-01-16 09:00,65.62,65.4,65.9,60,1.0
2025-01-16 10:00,65.66,65.4,65.9,59,0.983
2025-01-16 11:00,65.66,65.3,65.9,60,1.0
2025-01-16 12:00,65.6,65.3,65.8,60,1.0
2025-01-16 13:00,65.54,65.2,65.8,60,1.0
2025-01-16 14:00,65.36,65.2,65.8,60,1.0
2025-01-16 15:00,65.32,65.2,65.7,60,1.0
2025-01-16 16:00,65.3,65.2,65.6,60,1.0
2025-01-16 17:00,65.41,65.2,65.7,60,1.0
2025-01-16 18:00,65.52,65.3,65.7,60,1.0
2025-01-16 19:00,65.48,65.2,65.7,60,1.0
2025-01-16 20:00,65.35,65.0,65.6,50,0.833
2025-01-16 21:00,65.31,65.1,65.6,57,0.95
2025-01-16 22:00,65.36,65.1,65.5,60,1.0
2025-01-16 23:00,65.31,65.0,65.5,46,0.767
2025-01-17 00:00,65.19,64.9,65.5,56,0.933
2025-01-17 01:00,65.07,64.9,65.3,60,1.0
2025-01-17 02:00,65.13,64.9,65.4,60,1.0
2025-01-17 03:00,65.09,64.9,65.4,60,1.0
2025-01-17 04:00,65.0,64.8,65.3,60,1.0
2025-01-17 05:00,64.92,64.8,65.1,60,1.0
2025-01-17 06:00,64.97,64.8,65.3,59,0.983
2025-01-17 07:00,65.02,64.8,65.4,60,1.0
2025-01-17 08:00,64.93,64.8,65.3,60,1.0
2025-01-17 09:00,65.05,64.9,65.2,60,1.0
2025-01-17 10:00,65.03,64.7,65.2,60,1.0
2025-01-17 11:00,65.01,64.7,65.4,60,1.0
2025-01-17 12:00,65.31,65.1,65.5,59,0.983
2025-01-17 13:00,65.28,65.0,65.6,60,1.0
2025-01-17 14:00,65.21,65.0,65.4,60,1.0
2025-01-17 15:00,65.08,64.8,65.4,59,0.983
2025-01-17 16:00,64.97,64.7,65.3,60,1.0
2025-01-17 17:00,64.8,64.6,65.1,60,1.0
2025-01-17 18:00,64.69,64.6,64.8,60,1.0
2025-01-17 19:00,64.67,64.6,64.9,60,1.0
2025-01-17 20:00,64.65,64.5,64.9,60,1.0
2025-01-17 21:00,64.61,64.5,64.8,60,1.0
2025-01-17 22:00,64.57,64.5,64.7,60,1.0
2025-01-17 23:00,64.6,64.4,65.0,60,1.0
2025-01-18 00:00,64.93,64.7,65.1,60,1.0
2025-01-18 01:00,64.87,64.6,65.1,60,1.0
2025-01-18 02:00,64.94,64.6,65.3,60,1.0
2025-01-18 03:00,65.3,64.8,65.8,60,1.0
2025-01-18 04:00,65.88,65.5,66.2,60,1.0
2025-01-18 05:00,66.27,65.7,66.9,59,0.983
2025-01-18 06:00,67.44,66.6,68.0,59,0.983
2025-01-18 07:00,67.95,67.6,68.3,60,1.0
2025-01-18 08:00,67.88,67.7,68.2,60,1.0
2025-01-18 09:00,67.78,67.6,68.1,60,1.0
2025-01-18 10:00,67.81,67.5,68.1,60,1.0
2025-01-18 11:00,67.75,67.4,67.9,60,1.0
2025-01-18 12:00,67.4,67.2,67.7,59,0.983
2025-01-18 13:00,67.42,67.1,67.6,60,1.0
2025-01-18 14:00,67.07,66.9,67.4,49,0.817
2025-01-18 15:00,67.19,67.1,67.4,46,0.767
2025-01-18 16:00,67.05,66.9,67.2,53,0.883
2025-01-18 17:00,66.94,66.7,67.1,49,0.817
2025-01-18 18:00,66.8,66.4,67.1,51,0.85
2025-01-18 19:00,66.51,66.0,67.1,50,0.833
2025-01-18 20:00,66.24,66.1,66.4,47,0.783
2025-01-18 21:00,66.68,66.2,67.2,52,0.867
2025-01-18 22:00,67.44,66.8,67.9,57,0.95
2025-01-18 23:00,67.91,67.6,68.3,60,1.0
2025-01-19 00:00,67.98,67.8,68.2,60,1.0
2025-01-19 01:00,67.87,67.7,68.0,59,0.983
2025-01-19 02:00,67.85,67.6,68.1,58,0.967
2025-01-19 03:00,67.67,67.4,68.1,60,1.0
2025-01-19 04:00,67.7,67.3,68.0,56,0.933
2025-01-19 05:00,67.56,67.3,67.9,60,1.0
2025-01-19 06:00,67.52,67.2,67.9,53,0.883
2025-01-19 07:00,67.45,67.2,67.7,59,0.983
2025-01-19 08:00,67.2,66.9,67.5,57,0.95
2025-01-19 09:00,67.18,66.9,67.5,58,0.967
2025-01-19 10:00,66.96,66.8,67.4,55,0.917
2025-01-19 11:00,66.78,66.5,67.0,60,1.0
2025-01-19 12:00,66.67,66.5,67.0,60,1.0
2025-01-19 13:00,66.73,66.4,67.0,60,1.0
2025-01-19 14:00,66.66,66.5,66.9,60,1.0
2025-01-19 15:00,66.6,66.4,66.8,60,1.0
2025-01-19 16:00,66.52,66.4,66.7,54,0.9
2025-01-19 17:00,66.53,66.3,66.9,57,0.95
2025-01-19 18:00,66.4,66.2,66.6,59,0.983
2025-01-19 19:00,66.39,66.1,66.6,59,0.983
2025-01-19 20:00,66.2,65.9,66.5,59,0.983
2025-01-19 21:00,66.02,65.9,66.3,60,1.0
2025-01-19 22:00,65.94,65.8,66.2,59,0.983
2025-01-19 23:00,65.93,65.8,66.2,58,0.967
2025-01-20 00:00,65.88,65.7,66.1,59,0.983
2025-01-20 01:00,65.81,65.7,66.1,60,1.0
2025-01-20 02:00,65.77,65.7,65.9,59,0.983
2025-01-20 03:00,65.73,65.6,65.9,60,1.0
2025-01-20 04:00,65.73,65.6,66.0,60,1.0
2025-01-20 05:00,65.72,65.6,66.1,60,1.0
2025-01-20 06:00,65.69,65.5,66.0,60,1.0
2025-01-20 07:00,65.67,65.5,65.9,60,1.0
2025-01-20 08:00,65.63,65.5,66.0,60,1.0
2025-01-20 09:00,65.55,65.4,65.9,60,1.0
2025-01-20 10:00,65.53,65.3,65.8,60,1.0
2025-01-20 11:00,65.46,65.3,65.9,60,1.0
2025-01-20 12:00,65.39,65.2,65.6,60,1.0
2025-01-20 13:00,65.54,65.3,65.8,60,1.0
2025-01-20 14:00,65.54,65.2,66.0,60,1.0
2025-01-20 15:00,65.94,65.6,66.3,60,1.0
2025-01-20 16:00,66.32,66.0,66.5,60,1.0
2025-01-20 17:00,66.54,66.2,66.8,60,1.0
2025-01-20 18:00,66.56,66.4,66.8,60,1.0
2025-01-20 19:00,66.41,66.1,66.7,60,1.0
2025-01-20 20:00,66.25,66.1,66.4,60,1.0
2025-01-20 21:00,66.19,66.0,66.5,60,1.0
2025-01-20 22:00,66.19,66.0,66.6,60,1.0
2025-01-20 23:00,65.66,65.3,66.3,58,0.967
2025-01-21 00:00,66.64,65.7,67.8,57,0.95
2025-01-21 01:00,67.87,67.5,68.3,60,1.0
2025-01-21 02:00,68.0,67.8,68.2,59,0.983
2025-01-21 03:00,67.94,67.8,68.2,60,1.0
2025-01-21 04:00,67.84,67.7,68.1,59,0.983
2025-01-21 05:00,67.75,67.6,68.1,60,1.0
2025-01-21 06:00,67.64,67.3,67.9,59,0.983
2025-01-21 07:00,67.34,67.2,67.5,60,1.0
2025-01-21 08:00,67.37,67.2,67.6,60,1.0
2025-01-21 09:00,67.39,67.0,67.7,60,1.0
2025-01-21 10:00,67.38,67.1,67.7,60,1.0
2025-01-21 11:00,67.53,67.3,67.8,59,0.983
2025-01-21 12:00,67.62,67.2,67.9,59,0.983
2025-01-21 13:00,67.64,67.4,67.9,59,0.983
2025-01-21 14:00,67.32,67.0,67.6,58,0.967
2025-01-21 15:00,67.5,67.2,67.7,60,1.0
2025-01-21 16:00,67.56,67.4,67.8,60,1.0
2025-01-21 17:00,67.49,67.2,67.8,59,0.983
2025-01-21 18:00,67.2,67.0,67.5,59,0.983
2025-01-21 19:00,67.08,66.9,67.3,60,1.0
2025-01-21 20:00,66.98,66.8,67.2,60,1.0
2025-01-21 21:00,66.94,66.7,67.3,60,1.0
2025-01-21 22:00,66.75,66.5,67.1,60,1.0
2025-01-21 23:00,66.66,66.5,66.9,60,1.0
2025-01-22 00:00,66.68,66.5,67.0,60,1.0
2025-01-22 01:00,66.75,66.5,67.0,60,1.0
2025-01-22 02:00,66.75,66.5,67.1,60,1.0
2025-01-22 03:00,66.72,66.4,67.1,60,1.0
2025-01-22 04:00,66.81,66.4,67.0,60,1.0
2025-01-22 05:00,66.67,66.3,67.1,60,1.0
2025-01-22 06:00,66.65,66.3,66.9,60,1.0
2025-01-22 07:00,66.53,66.2,66.8,60,1.0
2025-01-22 08:00,66.58,66.4,66.8,42,0.7
2025-01-22 09:00,66.48,66.1,66.8,49,0.817
2025-01-22 10:00,66.33,66.1,66.7,58,0.967
2025-01-22 11:00,66.38,66.2,66.7,57,0.95
2025-01-22 12:00,66.3,66.1,66.5,60,1.0
2025-01-22 13:00,66.33,66.1,66.6,60,1.0
2025-01-22 14:00,66.45,66.2,66.7,60,1.0
2025-01-22 15:00,66.48,66.1,66.7,60,1.0
2025-01-22 16:00,66.52,66.3,66.8,60,1.0
2025-01-22 17:00,66.48,66.3,66.9,60,1.0
2025-01-22 18:00,66.44,66.3,66.8,60,1.0
2025-01-22 19:00,66.41,66.2,66.6,60,1.0
2025-01-22 20:00,66.28,65.9,66.6,60,1.0
2025-01-22 21:00,66.22,65.9,66.6,60,1.0
2025-01-22 22:00,66.24,66.0,66.4,59,0.983
2025-01-22 23:00,66.04,65.8,66.4,59,0.983
2025-01-23 00:00,66.14,65.8,66.4,59,0.983
2025-01-23 01:00,66.12,65.8,66.4,60,1.0
2025-01-23 02:00,65.93,65.7,66.2,60,1.0
2025-01-23 03:00,65.83,65.7,66.2,60,1.0
2025-01-23 04:00,65.8,65.7,66.0,60,1.0
2025-01-23 05:00,65.85,65.6,66.2,60,1.0
2025-01-23 06:00,65.76,65.6,66.1,60,1.0
2025-01-23 07:00,65.83,65.6,66.1,60,1.0
2025-01-23 08:00,65.81,65.6,66.1,60,1.0
2025-01-23 09:00,65.9,65.6,66.2,60,1.0
2025-01-23 10:00,65.89,65.7,66.1,59,0.983
2025-01-23 11:00,65.8,65.5,66.0,60,1.0
2025-01-23 12:00,65.84,65.6,66.1,59,0.983
2025-01-23 13:00,65.74,65.5,66.0,60,1.0
2025-01-23 14:00,65.61,65.4,65.9,60,1.0
2025-01-23 15:00,65.54,65.4,65.9,60,1.0
2025-01-23 16:00,65.5,65.3,65.7,60,1.0
2025-01-23 17:00,65.6,65.3,65.8,60,1.0
2025-01-23 18:00,65.46,65.3,65.8,60,1.0
2025-01-23 19:00,65.41,65.3,65.7,60,1.0
2025-01-23 20:00,65.42,65.2,65.7,60,1.0
2025-01-23 21:00,65.41,65.2,65.7,60,1.0
2025-01-23 22:00,65.36,65.2,65.6,60,1.0
2025-01-23 23:00,65.31,65.2,65.5,56,0.933
2025-01-24 00:00,65.3,65.1,65.5,46,0.767
2025-01-24 01:00,65.29,65.2,65.6,51,0.85
2025-01-24 02:00,65.28,65.1,65.6,60,1.0
2025-01-24 03:00,65.29,65.1,65.6,60,1.0
2025-01-24 04:00,65.31,65.1,65.6,60,1.0
2025-01-24 05:00,65.35,65.0,65.7,60,1.0
2025-01-24 06:00,65.34,65.1,65.6,60,1.0
2025-01-24 07:00,65.41,65.2,65.6,60,1.0
2025-01-24 08:00,65.22,65.0,65.6,60,1.0
2025-01-24 09:00,65.33,65.0,65.6,60,1.0
2025-01-24 10:00,65.26,64.9,65.5,60,1.0
2025-01-24 11:00,65.32,65.1,65.5,60,1.0
2025-01-24 12:00,65.24,64.9,65.4,60,1.0
2025-01-24 13:00,65.01,64.8,65.3,60,1.0
2025-01-24 14:00,64.89,64.8,65.3,60,1.0
2025-01-24 15:00,64.85,64.7,65.0,60,1.0
2025-01-24 16:00,64.91,64.8,65.1,60,1.0
2025-01-24 17:00,65.02,64.7,65.3,60,1.0
2025-01-24 18:00,65.1,64.9,65.3,60,1.0
2025-01-24 19:00,65.09,64.9,65.2,54,0.9
2025-01-24 20:00,65.03,64.7,65.3,60,1.0
2025-01-24 21:00,64.95,64.7,65.2,60,1.0
2025-01-24 22:00,64.86,64.7,65.1,60,1.0
2025-01-24 23:00,64.79,64.6,65.1,60,1.0
2025-01-25 00:00,64.76,64.6,65.0,60,1.0
2025-01-25 01:00,64.72,64.6,65.0,60,1.0
2025-01-25 02:00,64.68,64.6,65.0,60,1.0
2025-01-25 03:00,64.67,64.6,64.8,60,1.0
2025-01-25 04:00,64.66,64.5,64.9,60,1.0
2025-01-25 05:00,64.64,64.5,64.8,60,1.0
2025-01-25 06:00,64.65,64.5,65.0,52,0.867
2025-01-25 07:00,64.76,64.5,65.1,53,0.883
2025-01-25 08:00,64.63,64.5,65.1,60,1.0
2025-01-25 09:00,64.72,64.5,65.0,60,1.0
2025-01-25 10:00,64.77,64.5,65.0,60,1.0
2025-01-25 11:00,64.72,64.4,65.0,60,1.0
2025-01-25 12:00,64.67,64.4,64.8,60,1.0
2025-01-25 13:00,64.68,64.5,64.9,60,1.0
2025-01-25 14:00,64.62,64.5,64.8,60,1.0
2025-01-25 15:00,64.56,64.2,64.8,60,1.0
2025-01-25 16:00,64.51,64.2,64.8,60,1.0
2025-01-25 17:00,64.53,64.3,64.8,60,1.0
2025-01-25 18:00,64.33,64.2,64.6,60,1.0
2025-01-25 19:00,64.48,64.2,64.7,60,1.0
2025-01-25 20:00,64.59,64.5,64.7,60,1.0
2025-01-25 21:00,64.56,64.4,64.7,60,1.0
2025-01-25 22:00,64.53,64.3,64.7,60,1.0
2025-01-25 23:00,64.54,64.3,64.7,60,1.0
2025-01-26 00:00,64.52,64.1,64.8,60,1.0
2025-01-26 01:00,64.52,64.3,64.7,60,1.0
2025-01-26 02:00,64.5,64.3,64.7,60,1.0
2025-01-26 03:00,64.47,64.2,64.6,60,1.0
2025-01-26 04:00,64.46,64.3,64.6,58,0.967
2025-01-26 05:00,64.42,64.3,64.6,60,1.0
2025-01-26 06:00,64.44,64.3,64.7,59,0.983
2025-01-26 07:00,64.39,64.2,64.6,60,1.0
2025-01-26 08:00,64.3,64.0,64.6,60,1.0
2025-01-26 09:00,64.14,64.0,64.4,60,1.0
2025-01-26 10:00,64.12,63.9,64.4,60,1.0
2025-01-26 11:00,64.15,63.9,64.6,60,1.0
2025-01-26 12:00,64.21,63.9,64.5,60,1.0
2025-01-26 13:00,64.2,64.1,64.4,60,1.0
2025-01-26 14:00,64.1,63.8,64.3,60,1.0
2025-01-26 15:00,63.92,63.8,64.2,60,1.0
2025-01-26 16:00,63.95,63.8,64.2,60,1.0
2025-01-26 17:00,63.96,63.8,64.3,60,1.0
2025-01-26 18:00,63.88,63.8,64.1,60,1.0
2025-01-26 19:00,63.85,63.8,64.0,60,1.0
2025-01-26 20:00,63.83,63.7,64.0,52,0.867
2025-01-26 21:00,63.85,63.7,64.0,47,0.783
2025-01-26 22:00,63.85,63.7,64.1,60,1.0
2025-01-26 23:00,63.78,63.7,63.9,60,1.0
2025-01-27 00:00,63.82,63.7,64.1,60,1.0
2025-01-27 01:00,63.94,63.7,64.2,60,1.0
2025-01-27 02:00,64.07,63.9,64.3,60,1.0
2025-01-27 03:00,64.05,63.9,64.2,60,1.0
2025-01-27 04:00,64.02,63.9,64.2,60,1.0
2025-01-27 05:00,64.02,63.9,64.2,60,1.0
2025-01-27 06:00,64.0,63.8,64.2,60,1.0
2025-01-27 07:00,63.88,63.6,64.1,60,1.0
2025-01-27 08:00,63.69,63.6,64.0,60,1.0
2025-01-27 09:00,63.69,63.5,64.0,60,1.0
2025-01-27 10:00,63.64,63.4,64.0,60,1.0
2025-01-27 11:00,63.75,63.5,64.0,60,1.0
2025-01-27 12:00,63.75,63.4,64.0,60,1.0
2025-01-27 13:00,63.79,63.4,64.0,60,1.0
2025-01-27 14:00,63.78,63.6,63.9,60,1.0
2025-01-27 15:00,63.75,63.5,63.9,60,1.0
2025-01-27 16:00,63.65,63.3,63.9,60,1.0
2025-01-27 17:00,63.67,63.4,63.9,60,1.0
2025-01-27 18:00,63.65,63.4,63.9,59,0.983
2025-01-27 19:00,63.53,63.4,63.8,60,1.0
2025-01-27 20:00,63.5,63.3,63.7,60,1.0
2025-01-27 21:00,63.62,63.4,63.9,59,0.983
2025-01-27 22:00,63.72,63.5,63.9,60,1.0
2025-01-27 23:00,63.7,63.5,63.9,60,1.0
2025-01-28 00:00,63.67,63.6,63.8,59,0.983
2025-01-28 01:00,63.66,63.5,63.8,60,1.0
2025-01-28 02:00,63.57,63.4,63.8,60,1.0
2025-01-28 03:00,63.62,63.5,63.8,59,0.983
2025-01-28 04:00,63.59,63.5,63.8,60,1.0
2025-01-28 05:00,63.57,63.4,63.8,60,1.0
2025-01-28 06:00,63.58,63.4,63.7,59,0.983
2025-01-28 07:00,63.56,63.3,63.8,60,1.0
2025-01-28 08:00,63.37,63.1,63.7,60,1.0
2025-01-28 09:00,63.43,63.1,63.8,60,1.0
2025-01-28 10:00,63.49,63.2,63.7,60,1.0
2025-01-28 11:00,63.84,63.5,64.2,60,1.0
2025-01-28 12:00,64.13,63.9,64.5,60,1.0
2025-01-28 13:00,64.54,63.7,67.0,44,0.733
2025-01-28 14:00,75.95,67.0,79.6,60,1.0
2025-01-28 15:00,78.6,77.7,79.4,60,1.0
2025-01-28 16:00,77.2,76.6,77.8,60,1.0
2025-01-28 17:00,76.25,75.8,76.7,60,1.0
2025-01-28 18:00,75.49,74.9,76.0,60,1.0
2025-01-28 19:00,74.86,74.5,75.3,60,1.0
2025-01-28 20:00,74.37,73.8,74.7,44,0.733
2025-01-28 21:00,73.74,73.4,74.2,50,0.833
2025-01-28 22:00,73.17,72.8,73.6,46,0.767
2025-01-28 23:00,72.65,72.3,72.9,55,0.917
2025-01-29 00:00,72.31,71.8,72.6,60,1.0
2025-01-29 01:00,72.01,71.7,72.3,60,1.0
2025-01-29 02:00,71.71,71.4,72.0,60,1.0
2025-01-29 03:00,71.38,71.0,71.7,60,1.0
2025-01-29 04:00,71.12,70.9,71.3,60,1.0
2025-01-29 05:00,70.88,70.5,71.1,60,1.0
2025-01-29 06:00,70.75,70.5,71.0,60,1.0
2025-01-29 07:00,70.48,70.0,70.7,60,1.0
2025-01-29 08:00,70.24,69.9,70.6,60,1.0
2025-01-29 09:00,70.01,69.7,70.3,60,1.0
2025-01-29 10:00,69.57,69.0,69.9,60,1.0
2025-01-29 11:00,69.96,68.9,72.1,59,0.983
2025-01-29 12:00,73.28,71.7,74.3,60,1.0
2025-01-29 13:00,74.83,74.0,75.6,60,1.0
2025-01-29 14:00,75.86,75.4,76.2,60,1.0
2025-01-29 15:00,75.76,75.5,76.0,60,1.0
2025-01-29 16:00,75.48,75.1,75.9,60,1.0
2025-01-29 17:00,74.59,74.1,75.2,60,1.0
2025-01-29 18:00,74.23,73.9,74.5,60,1.0
2025-01-29 19:00,73.79,73.4,74.2,60,1.0
2025-01-29 20:00,73.36,72.9,73.8,60,1.0
2025-01-29 21:00,72.95,72.7,73.4,60,1.0
2025-01-29 22:00,72.63,72.2,72.9,60,1.0
2025-01-29 23:00,72.29,72.0,72.6,60,1.0
2025-01-30 00:00,71.92,71.6,72.3,60,1.0
2025-01-30 01:00,71.65,71.3,71.9,60,1.0
2025-01-30 02:00,71.47,71.2,71.8,60,1.0
2025-01-30 03:00,71.43,71.2,71.7,60,1.0
2025-01-30 04:00,71.22,70.8,71.5,60,1.0
2025-01-30 05:00,70.95,70.5,71.3,60,1.0
2025-01-30 06:00,70.75,70.5,71.1,60,1.0
2025-01-30 07:00,70.52,70.2,70.8,60,1.0
2025-01-30 08:00,70.46,70.1,70.8,60,1.0
2025-01-30 09:00,70.2,70.0,70.6,60,1.0
2025-01-30 10:00,70.07,69.9,70.4,60,1.0
2025-01-30 11:00,69.97,69.8,70.3,52,0.867
2025-01-30 12:00,69.76,69.6,69.9,56,0.933
2025-01-30 13:00,69.81,69.4,70.1,60,1.0
2025-01-30 14:00,69.43,69.3,69.8,60,1.0
2025-01-30 15:00,69.3,69.1,69.6,60,1.0
2025-01-30 16:00,69.22,69.0,69.4,60,1.0
2025-01-30 17:00,69.27,69.0,69.5,60,1.0
2025-01-30 18:00,69.3,69.0,69.6,60,1.0
2025-01-30 19:00,69.2,69.0,69.4,60,1.0
2025-01-30 20:00,69.1,68.9,69.3,60,1.0
2025-01-30 21:00,68.96,68.6,69.1,60,1.0
2025-01-30 22:00,68.87,68.5,69.1,60,1.0
2025-01-30 23:00,68.82,68.6,69.0,60,1.0
2025-01-31 00:00,68.75,68.5,69.0,60,1.0
2025-01-31 01:00,68.68,68.4,68.8,60,1.0
2025-01-31 02:00,68.6,68.4,68.8,60,1.0
2025-01-31 03:00,68.45,68.1,68.8,60,1.0
2025-01-31 04:00,68.33,68.1,68.6,60,1.0
2025-01-31 05:00,68.14,67.9,68.6,60,1.0
2025-01-31 06:00,68.09,67.9,68.4,60,1.0
2025-01-31 07:00,68.0,67.8,68.3,60,1.0
2025-01-31 08:00,67.97,67.7,68.3,60,1.0
2025-01-31 09:00,68.06,67.9,68.3,60,1.0
2025-01-31 10:00,67.77,67.5,68.1,60,1.0
2025-01-31 11:00,67.73,67.5,68.0,60,1.0
2025-01-31 12:00,67.81,67.4,68.1,60,1.0
2025-01-31 13:00,67.63,67.4,67.9,60,1.0
2025-01-31 14:00,67.41,67.2,67.7,60,1.0
2025-01-31 15:00,67.4,67.2,67.7,60,1.0
2025-01-31 16:00,67.39,67.1,67.6,60,1.0
2025-01-31 17:00,67.24,67.1,67.6,60,1.0
2025-01-31 18:00,67.25,67.1,67.5,60,1.0
2025-01-31 19:00,67.36,67.1,67.7,60,1.0
2025-01-31 20:00,67.35,67.1,67.6,60,1.0
2025-01-31 21:00,67.36,67.2,67.5,60,1.0
2025-01-31 22:00,67.29,67.1,67.5,60,1.0
2025-01-31 23:00,67.21,66.9,67.4,60,1.0
2025-02-01 00:00,67.18,66.8,67.4,60,1.0
2025-02-01 01:00,67.15,67.0,67.4,60,1.0
2025-02-01 02:00,67.11,67.0,67.3,48,0.8
2025-02-01 03:00,67.06,66.9,67.2,55,0.917
2025-02-01 04:00,66.97,66.7,67.3,58,0.967
2025-02-01 05:00,66.96,66.7,67.2,50,0.833
2025-02-01 06:00,66.84,66.6,67.2,49,0.817
2025-02-01 07:00,66.89,66.6,67.2,53,0.883
2025-02-01 08:00,66.78,66.5,67.0,56,0.933
2025-02-01 09:00,66.75,66.4,67.0,60,1.0
2025-02-01 10:00,66.5,66.4,66.7,56,0.933
2025-02-01 11:00,66.51,66.3,66.9,48,0.8
2025-02-01 12:00,66.37,66.2,66.7,41,0.683
2025-02-01 13:00,66.29,66.1,66.6,59,0.983
2025-02-01 14:00,66.39,66.2,66.6,59,0.983
2025-02-01 15:00,66.47,66.3,66.7,55,0.917
2025-02-01 16:00,66.45,66.2,66.6,46,0.767
2025-02-01 17:00,66.31,66.1,66.6,56,0.933
2025-02-01 18:00,66.14,66.0,66.4,60,1.0
2025-02-01 19:00,66.08,66.0,66.2,58,0.967
2025-02-01 20:00,66.14,65.9,66.4,60,1.0
2025-02-01 21:00,66.06,65.9,66.4,60,1.0
2025-02-01 22:00,66.0,65.9,66.3,60,1.0
2025-02-01 23:00,66.0,65.9,66.3,60,1.0
2025-02-02 00:00,66.04,65.8,66.3,60,1.0
2025-02-02 01:00,66.02,65.8,66.3,59,0.983
2025-02-02 02:00,66.12,65.9,66.4,59,0.983
2025-02-02 03:00,66.09,65.8,66.3,60,1.0
2025-02-02 04:00,66.06,65.8,66.2,60,1.0
2025-02-02 05:00,65.96,65.7,66.2,60,1.0
2025-02-02 06:00,65.82,65.6,66.0,60,1.0
2025-02-02 07:00,65.99,65.7,66.3,60,1.0
2025-02-02 08:00,66.18,65.9,66.5,59,0.983
2025-02-02 09:00,66.15,65.9,66.4,60,1.0
2025-02-02 10:00,66.14,65.9,66.4,60,1.0
2025-02-02 11:00,65.94,65.7,66.4,60,1.0
2025-02-02 12:00,65.73,65.6,65.9,60,1.0
2025-02-02 13:00,65.78,65.6,66.1,60,1.0
2025-02-02 14:00,65.9,65.6,66.1,59,0.983
2025-02-02 15:00,65.86,65.6,66.1,60,1.0
2025-02-02 16:00,65.86,65.6,66.0,60,1.0
2025-02-02 17:00,65.83,65.7,66.0,60,1.0
2025-02-02 18:00,65.75,65.4,66.0,60,1.0
2025-02-02 19:00,65.58,65.4,66.0,60,1.0
2025-02-02 20:00,65.46,65.3,65.7,60,1.0
2025-02-02 21:00,65.43,65.3,65.6,60,1.0
2025-02-02 22:00,65.41,65.3,65.5,60,1.0
2025-02-02 23:00,65.41,65.2,65.7,60,1.0
2025-02-03 00:00,65.37,65.2,65.7,60,1.0
2025-02-03 01:00,65.4,65.2,65.6,57,0.95
2025-02-03 02:00,65.43,65.2,65.7,54,0.9
2025-02-03 03:00,65.29,65.1,65.6,60,1.0
2025-02-03 04:00,65.35,65.1,65.6,60,1.0
2025-02-03 05:00,65.31,65.1,65.7,60,1.0
2025-02-03 06:00,65.23,65.1,65.5,60,1.0
2025-02-03 07:00,65.34,65.1,65.7,60,1.0
2025-02-03 08:00,65.56,65.3,65.9,60,1.0
2025-02-03 09:00,65.69,65.4,66.0,60,1.0
2025-02-03 10:00,65.51,65.3,65.8,60,1.0
2025-02-03 11:00,65.76,65.5,66.1,60,1.0
2025-02-03 12:00,65.81,65.5,66.1,60,1.0
2025-02-03 13:00,65.67,65.4,66.1,60,1.0
2025-02-03 14:00,65.63,65.4,65.9,60,1.0
2025-02-03 15:00,65.63,65.4,66.0,60,1.0
2025-02-03 16:00,65.52,65.4,65.7,60,1.0
2025-02-03 17:00,65.75,65.4,66.0,60,1.0
2025-02-03 18:00,65.76,65.6,65.9,57,0.95
2025-02-03 19:00,65.68,65.4,65.9,60,1.0
2025-02-03 20:00,65.56,65.3,65.9,60,1.0
2025-02-03 21:00,65.44,65.3,65.8,60,1.0
2025-02-03 22:00,65.42,65.3,65.8,60,1.0
2025-02-03 23:00,65.31,65.1,65.6,43,0.717
2025-02-04 00:00,65.4,65.1,65.6,29,0.483
2025-02-04 01:00,65.44,65.2,65.6,60,1.0
2025-02-04 02:00,65.26,65.0,65.5,60,1.0
2025-02-04 03:00,65.13,65.0,65.4,60,1.0
2025-02-04 04:00,65.04,64.9,65.3,60,1.0
2025-02-04 05:00,64.99,64.8,65.3,60,1.0
2025-02-04 06:00,64.97,64.8,65.3,60,1.0
2025-02-04 07:00,64.91,64.8,65.0,46,0.767
2025-02-04 08:00,65.08,64.8,65.3,35,0.583
2025-02-04 09:00,65.09,64.8,65.4,60,1.0
2025-02-04 10:00,65.03,64.8,65.3,60,1.0
2025-02-04 11:00,64.95,64.7,65.1,60,1.0
2025-02-04 12:00,64.85,64.7,65.1,60,1.0
2025-02-04 13:00,64.69,64.5,64.9,60,1.0
2025-02-04 14:00,64.63,64.4,64.9,60,1.0
2025-02-04 15:00,64.7,64.4,64.9,60,1.0
2025-02-04 16:00,64.7,64.4,65.0,53,0.883
2025-02-04 17:00,64.7,64.4,64.9,51,0.85
2025-02-04 18:00,64.47,64.3,64.8,57,0.95
2025-02-04 19:00,64.36,64.3,64.6,60,1.0
2025-02-04 20:00,64.36,64.2,64.7,59,0.983
2025-02-04 21:00,64.35,64.2,64.6,48,0.8
2025-02-04 22:00,64.27,64.1,64.5,51,0.85
2025-02-04 23:00,64.18,64.0,64.4,58,0.967
2025-02-05 00:00,64.15,64.1,64.3,14,0.233
2025-02-06 16:00,63.38,63.2,63.6,18,0.3
2025-02-06 17:00,63.47,63.2,63.7,60,1.0
2025-02-06 18:00,63.47,63.1,63.7,60,1.0
2025-02-06 19:00,63.29,63.1,63.5,60,1.0
2025-02-06 20:00,63.24,63.1,63.5,60,1.0
2025-02-06 21:00,63.24,63.1,63.4,52,0.867
2025-02-07 08:00,63.18,63.0,63.5,57,0.95
2025-02-07 09:00,63.18,63.0,63.5,60,1.0
2025-02-07 10:00,63.26,63.0,63.5,60,1.0
2025-02-07 11:00,63.11,63.0,63.5,60,1.0
2025-02-07 12:00,63.12,62.9,63.5,59,0.983
2025-02-07 13:00,63.25,63.0,63.5,59,0.983
2025-02-07 14:00,63.28,63.0,63.5,59,0.983
2025-02-07 15:00,63.08,62.9,63.4,57,0.95
2025-02-07 16:00,63.14,62.9,63.5,60,1.0
2025-02-07 17:00,63.24,62.9,63.5,60,1.0
2025-02-07 18:00,63.12,62.9,63.6,60,1.0
2025-02-07 19:00,63.28,63.0,63.5,60,1.0
2025-02-07 20:00,63.24,63.0,63.4,59,0.983
2025-02-07 21:00,63.19,62.9,63.6,56,0.933
2025-02-07 22:00,63.1,62.9,63.4,60,1.0
2025-02-07 23:00,63.18,62.9,63.4,60,1.0
2025-02-08 00:00,63.2,63.0,63.4,60,1.0
2025-02-08 01:00,63.22,63.1,63.5,58,0.967
2025-02-08 02:00,63.2,63.1,63.4,60,1.0
2025-02-08 03:00,63.2,63.1,63.4,60,1.0
2025-02-08 04:00,63.21,63.1,63.3,60,1.0
2025-02-08 05:00,63.2,63.1,63.4,60,1.0
2025-02-08 06:00,63.16,63.0,63.3,60,1.0
2025-02-08 07:00,63.18,63.0,63.4,60,1.0
2025-02-08 08:00,62.96,62.7,63.3,60,1.0
2025-02-08 09:00,63.19,62.7,63.8,59,0.983
2025-02-08 10:00,63.3,63.0,63.6,59,0.983
2025-02-08 11:00,63.44,63.2,63.8,60,1.0
2025-02-08 12:00,63.73,63.4,64.2,60,1.0
2025-02-08 13:00,64.4,64.0,64.9,60,1.0
2025-02-08 14:00,64.97,64.6,65.2,59,0.983
2025-02-08 15:00,65.16,64.9,65.4,60,1.0
2025-02-08 16:00,65.18,64.8,65.5,60,1.0
2025-02-08 17:00,65.08,64.8,65.5,60,1.0
2025-02-08 18:00,64.97,64.8,65.2,60,1.0
2025-02-08 19:00,64.98,64.8,65.3,57,0.95
2025-02-08 20:00,65.08,64.8,65.3,53,0.883
2025-02-08 21:00,65.12,64.9,65.3,60,1.0
2025-02-08 22:00,65.05,64.9,65.3,59,0.983
2025-02-08 23:00,65.01,64.8,65.3,58,0.967
2025-02-09 00:00,64.95,64.8,65.2,57,0.95
2025-02-09 01:00,64.9,64.7,65.1,58,0.967
2025-02-09 02:00,64.85,64.6,65.0,60,1.0
2025-02-09 03:00,64.78,64.5,65.0,60,1.0
2025-02-09 04:00,64.72,64.5,64.9,60,1.0
2025-02-09 05:00,64.7,64.5,64.9,60,1.0
2025-02-09 06:00,64.58,64.3,64.9,60,1.0
2025-02-09 07:00,64.57,64.3,64.8,60,1.0
2025-02-09 08:00,64.46,64.2,64.8,60,1.0
2025-02-09 09:00,64.39,64.1,64.7,60,1.0
2025-02-09 10:00,64.27,64.1,64.5,60,1.0
2025-02-09 11:00,64.07,63.9,64.5,60,1.0
2025-02-09 12:00,63.94,63.8,64.2,60,1.0
2025-02-09 13:00,63.9,63.6,64.2,59,0.983
2025-02-09 14:00,63.72,63.6,63.9,60,1.0
2025-02-09 15:00,63.68,63.5,63.9,59,0.983
2025-02-09 16:00,63.65,63.5,63.8,60,1.0
2025-02-09 17:00,63.64,63.5,63.8,60,1.0
2025-02-09 18:00,63.68,63.5,63.9,60,1.0
2025-02-09 19:00,63.82,63.6,64.0,60,1.0
2025-02-09 20:00,63.86,63.7,64.1,60,1.0
2025-02-09 21:00,63.84,63.6,64.1,60,1.0
2025-02-09 22:00,63.81,63.6,64.0,60,1.0
2025-02-09 23:00,63.76,63.5,64.0,60,1.0
2025-02-10 00:00,63.7,63.4,63.9,60,1.0
2025-02-10 01:00,63.72,63.6,63.9,60,1.0
2025-02-10 02:00,63.71,63.6,63.9,59,0.983
2025-02-10 03:00,63.7,63.5,63.8,60,1.0
2025-02-10 04:00,63.66,63.4,63.9,60,1.0
2025-02-10 05:00,63.54,63.3,63.8,60,1.0
2025-02-10 06:00,63.54,63.2,63.9,60,1.0
2025-02-10 07:00,63.38,63.2,63.8,60,1.0
2025-02-10 08:00,63.47,63.2,63.7,60,1.0
2025-02-10 09:00,63.3,63.1,63.6,60,1.0
2025-02-10 10:00,63.16,63.0,63.5,60,1.0
2025-02-10 11:00,63.11,63.0,63.3,60,1.0
2025-02-10 12:00,63.12,62.9,63.5,60,1.0
2025-02-10 13:00,63.2,62.9,63.5,60,1.0
2025-02-10 14:00,63.22,63.0,63.4,60,1.0
2025-02-10 15:00,63.28,63.0,63.5,60,1.0
2025-02-10 16:00,63.24,62.9,63.6,60,1.0
2025-02-10 17:00,63.09,62.8,63.4,60,1.0
2025-02-10 18:00,63.12,62.9,63.4,60,1.0
2025-02-10 19:00,63.25,63.0,63.5,60,1.0
2025-02-10 20:00,63.19,63.0,63.4,60,1.0
2025-02-10 21:00,63.14,62.9,63.4,60,1.0
2025-02-10 22:00,63.13,62.8,63.4,60,1.0
2025-02-10 23:00,63.09,62.8,63.3,60,1.0
2025-02-11 00:00,63.14,62.9,63.5,60,1.0
2025-02-11 01:00,63.05,62.8,63.4,60,1.0
2025-02-11 02:00,63.0,62.8,63.3,60,1.0
2025-02-11 03:00,62.96,62.8,63.3,60,1.0
2025-02-11 04:00,62.92,62.8,63.2,58,0.967
2025-02-11 05:00,62.94,62.7,63.2,46,0.767
2025-02-11 06:00,62.86,62.7,63.0,53,0.883
2025-02-11 07:00,62.84,62.6,63.0,47,0.783
2025-02-11 08:00,63.04,62.8,63.2,58,0.967
2025-02-11 09:00,62.89,62.7,63.2,58,0.967
2025-02-11 10:00,62.74,62.6,63.0,60,1.0
2025-02-11 11:00,62.76,62.5,63.1,60,1.0
2025-02-11 12:00,62.64,62.5,62.9,60,1.0
2025-02-11 13:00,62.6,62.5,62.7,60,1.0
2025-02-11 14:00,62.6,62.5,62.8,60,1.0
2025-02-11 15:00,62.56,62.5,62.7,60,1.0
2025-02-11 16:00,62.58,62.5,62.8,60,1.0
2025-02-11 17:00,62.59,62.5,62.7,60,1.0
2025-02-11 18:00,62.69,62.5,63.0,60,1.0
2025-02-11 19:00,62.84,62.5,63.1,60,1.0
2025-02-11 20:00,62.84,62.7,63.1,60,1.0
2025-02-11 21:00,62.83,62.6,63.1,60,1.0
2025-02-11 22:00,62.81,62.6,63.0,60,1.0
2025-02-11 23:00,62.76,62.6,63.2,60,1.0
2025-02-12 00:00,62.76,62.5,63.0,60,1.0
2025-02-12 01:00,62.73,62.5,63.0,60,1.0
2025-02-12 02:00,62.72,62.4,63.0,60,1.0
2025-02-12 03:00,62.7,62.4,63.0,60,1.0
2025-02-12 04:00,62.64,62.4,62.9,60,1.0
2025-02-12 05:00,62.79,62.6,62.9,60,1.0
2025-02-12 06:00,62.74,62.5,63.0,60,1.0
2025-02-12 07:00,62.73,62.4,62.9,60,1.0
2025-02-12 08:00,62.7,62.4,63.0,60,1.0
2025-02-12 09:00,62.56,62.3,63.0,59,0.983
2025-02-12 10:00,62.38,62.3,62.6,60,1.0
2025-02-12 11:00,62.32,62.2,62.5,60,1.0
2025-02-12 12:00,62.29,62.2,62.5,60,1.0
2025-02-12 13:00,62.45,62.2,62.7,60,1.0
2025-02-12 14:00,62.55,62.3,62.8,60,1.0
2025-02-12 15:00,62.52,62.3,62.9,60,1.0
2025-02-12 16:00,62.52,62.1,62.7,60,1.0
2025-02-12 17:00,62.51,62.3,62.7,60,1.0
2025-02-12 18:00,62.31,62.1,62.6,60,1.0
2025-02-12 19:00,62.29,62.1,62.6,59,0.983
2025-02-12 20:00,62.42,62.1,62.6,60,1.0
2025-02-12 21:00,62.44,62.2,62.7,60,1.0
2025-02-12 22:00,62.44,62.1,62.7,58,0.967
2025-02-12 23:00,62.46,62.3,62.7,60,1.0
2025-02-13 00:00,62.43,62.2,62.7,59,0.983
2025-02-13 01:00,62.42,62.2,62.6,60,1.0
2025-02-13 02:00,62.45,62.3,62.7,60,1.0
2025-02-13 03:00,62.48,62.2,62.8,59,0.983
2025-02-13 04:00,62.67,62.5,62.8,59,0.983
2025-02-13 05:00,62.64,62.4,62.8,59,0.983
2025-02-13 06:00,62.69,62.5,62.8,60,1.0
2025-02-13 07:00,62.67,62.5,62.9,58,0.967
2025-02-13 08:00,62.55,62.3,62.8,60,1.0
2025-02-13 09:00,62.5,62.2,62.7,59,0.983
2025-02-13 10:00,62.47,62.3,62.6,59,0.983
2025-02-13 11:00,62.34,62.0,62.6,60,1.0
2025-02-13 12:00,62.3,62.2,62.5,60,1.0
2025-02-13 13:00,62.27,62.1,62.5,60,1.0
2025-02-13 14:00,62.26,62.0,62.4,59,0.983
2025-02-13 15:00,62.21,62.0,62.4,58,0.967
2025-02-13 16:00,62.25,62.1,62.4,60,1.0
2025-02-13 17:00,62.28,62.1,62.5,60,1.0
2025-02-13 18:00,62.2,61.9,62.4,60,1.0
2025-02-13 19:00,61.99,61.9,62.3,59,0.983
2025-02-13 20:00,61.99,61.8,62.2,47,0.783
2025-02-13 21:00,62.06,61.9,62.4,59,0.983
2025-02-13 22:00,62.11,61.9,62.4,60,1.0
2025-02-13 23:00,62.12,61.9,62.4,54,0.9
2025-02-14 00:00,62.01,61.9,62.5,60,1.0
2025-02-14 01:00,61.96,61.8,62.3,60,1.0
2025-02-14 02:00,62.04,61.8,62.4,60,1.0
2025-02-14 03:00,62.06,61.8,62.4,60,1.0
2025-02-14 04:00,62.14,61.9,62.3,60,1.0
2025-02-14 05:00,62.17,61.9,62.4,60,1.0
2025-02-14 06:00,62.16,61.9,62.4,60,1.0
2025-02-14 07:00,61.96,61.8,62.2,60,1.0
2025-02-14 08:00,62.18,61.9,62.3,60,1.0
2025-02-14 09:00,62.1,61.8,62.3,60,1.0
2025-02-14 10:00,62.03,61.7,62.3,60,1.0
2025-02-14 11:00,61.98,61.8,62.3,56,0.933
2025-02-14 12:00,61.91,61.7,62.2,58,0.967
2025-02-14 13:00,62.04,61.9,62.2,52,0.867
2025-02-14 14:00,62.0,61.7,62.2,56,0.933
2025-02-14 15:00,62.0,61.7,62.3,56,0.933
2025-02-14 16:00,62.05,61.9,62.2,59,0.983
2025-02-14 17:00,62.09,62.0,62.3,60,1.0
2025-02-14 18:00,62.08,61.9,62.3,58,0.967
2025-02-14 19:00,62.07,61.9,62.2,60,1.0
2025-02-14 20:00,62.29,61.9,62.7,57,0.95
2025-02-14 21:00,62.48,62.3,62.7,53,0.883
2025-02-14 22:00,62.42,62.2,62.5,57,0.95
2025-02-14 23:00,62.36,62.2,62.7,59,0.983
2025-02-15 00:00,62.28,62.0,62.5,59,0.983
2025-02-15 01:00,62.4,61.9,62.9,60,1.0
2025-02-15 02:00,62.54,62.3,62.8,60,1.0
2025-02-15 03:00,62.45,62.2,62.8,59,0.983
2025-02-15 04:00,62.32,62.1,62.7,57,0.95
2025-02-15 05:00,62.12,61.7,62.7,57,0.95
2025-02-15 06:00,63.75,62.1,65.1,60,1.0
2025-02-15 07:00,65.7,65.0,66.4,59,0.983
2025-02-15 08:00,66.41,66.2,66.6,37,0.617
2025-02-15 10:00,70.22,69.5,71.9,35,0.583
2025-02-15 11:00,75.3,72.5,78.1,43,0.717
2025-02-15 12:00,79.49,78.5,79.9,48,0.8
2025-02-15 13:00,79.78,79.2,80.5,58,0.967
2025-02-15 14:00,79.36,78.8,79.8,57,0.95
2025-02-15 15:00,78.25,77.5,79.0,59,0.983
2025-02-15 16:00,77.38,76.8,77.9,60,1.0
2025-02-15 17:00,76.45,75.7,77.1,60,1.0
2025-02-15 18:00,75.39,74.9,76.1,60,1.0
2025-02-15 19:00,74.64,74.3,75.0,60,1.0
2025-02-15 20:00,74.07,73.6,74.6,60,1.0
2025-02-15 21:00,73.27,72.8,74.2,60,1.0
2025-02-15 22:00,72.89,72.7,73.1,57,0.95
2025-02-15 23:00,72.78,72.6,73.1,60,1.0
2025-02-16 00:00,72.61,72.3,73.2,60,1.0
2025-02-16 01:00,72.45,72.2,72.8,58,0.967
2025-02-16 02:00,72.18,71.8,72.5,55,0.917
2025-02-16 03:00,71.85,71.5,72.2,60,1.0
2025-02-16 04:00,71.65,71.3,72.0,57,0.95
2025-02-16 05:00,71.37,71.0,71.7,60,1.0
2025-02-16 06:00,71.04,70.8,71.4,60,1.0
2025-02-16 07:00,70.79,70.5,71.1,60,1.0
2025-02-16 08:00,70.66,70.3,71.0,60,1.0
2025-02-16 09:00,70.36,70.1,70.8,60,1.0
2025-02-16 10:00,70.32,70.1,70.5,56,0.933
2025-02-16 11:00,70.13,69.9,70.4,50,0.833
2025-02-16 12:00,69.9,69.5,70.2,60,1.0
2025-02-16 13:00,69.53,69.3,69.9,60,1.0
2025-02-16 14:00,69.5,69.3,69.8,60,1.0
2025-02-16 15:00,69.5,69.3,69.7,60,1.0
2025-02-16 16:00,69.34,69.0,69.6,60,1.0
2025-02-16 17:00,69.28,69.1,69.4,60,1.0
2025-02-16 18:00,69.09,68.8,69.3,60,1.0
2025-02-16 19:00,68.86,68.6,69.3,60,1.0
2025-02-16 20:00,68.7,68.5,69.0,58,0.967
2025-02-16 21:00,68.61,68.5,68.9,60,1.0
2025-02-16 22:00,68.55,68.3,68.8,57,0.95
2025-02-16 23:00,68.48,68.3,68.8,60,1.0
2025-02-17 00:00,68.38,68.2,68.6,60,1.0
2025-02-17 01:00,68.28,68.1,68.5,60,1.0
2025-02-17 02:00,68.23,68.1,68.5,60,1.0
2025-02-17 03:00,68.18,68.0,68.6,60,1.0
2025-02-17 04:00,68.08,67.9,68.4,60,1.0
2025-02-17 05:00,68.09,67.9,68.4,60,1.0
2025-02-17 06:00,68.17,67.8,68.5,60,1.0
2025-02-17 07:00,68.08,67.7,68.4,57,0.95
2025-02-17 08:00,67.85,67.6,68.2,59,0.983
2025-02-17 09:00,67.7,67.5,67.9,60,1.0
2025-02-17 10:00,67.8,67.5,68.0,60,1.0
2025-02-17 11:00,67.57,67.3,67.9,60,1.0
2025-02-17 12:00,67.38,67.3,67.5,59,0.983
2025-02-17 13:00,67.35,67.2,67.6,60,1.0
2025-02-17 14:00,67.36,67.1,67.6,60,1.0
2025-02-17 15:00,67.46,67.2,67.6,60,1.0
2025-02-17 16:00,67.45,67.2,67.7,60,1.0
2025-02-17 17:00,67.15,67.0,67.6,58,0.967
2025-02-17 18:00,67.33,67.0,67.6,59,0.983
2025-02-17 19:00,67.31,66.9,67.5,60,1.0
2025-02-17 20:00,67.24,66.9,67.5,60,1.0
2025-02-17 21:00,67.12,66.9,67.6,60,1.0
2025-02-17 22:00,67.11,66.8,67.4,60,1.0
2025-02-17 23:00,66.97,66.7,67.3,60,1.0
2025-02-18 00:00,67.03,66.8,67.2,60,1.0
2025-02-18 01:00,66.87,66.6,67.2,60,1.0
2025-02-18 02:00,66.76,66.6,67.1,60,1.0
2025-02-18 03:00,66.69,66.6,67.1,60,1.0
2025-02-18 04:00,66.65,66.5,66.9,57,0.95
2025-02-18 05:00,66.68,66.5,67.0,48,0.8
2025-02-18 06:00,66.63,66.4,67.1,60,1.0
2025-02-18 07:00,66.53,66.3,66.8,60,1.0
2025-02-18 08:00,66.54,66.3,66.9,60,1.0
2025-02-18 09:00,66.46,66.2,66.8,60,1.0
2025-02-18 10:00,66.31,66.2,66.5,60,1.0
2025-02-18 11:00,66.42,66.1,66.7,60,1.0
2025-02-18 12:00,66.39,66.1,66.6,60,1.0
2025-02-18 13:00,66.18,66.0,66.4,60,1.0
2025-02-18 14:00,66.04,65.9,66.3,60,1.0
2025-02-18 15:00,65.99,65.9,66.1,60,1.0
2025-02-18 16:00,66.01,65.8,66.2,60,1.0
2025-02-18 17:00,66.17,65.9,66.4,60,1.0
2025-02-18 18:00,66.19,66.0,66.3,60,1.0
2025-02-18 19:00,66.1,65.8,66.4,60,1.0
2025-02-18 20:00,66.01,65.7,66.3,60,1.0
2025-02-18 21:00,65.91,65.7,66.3,60,1.0
2025-02-18 22:00,65.8,65.6,66.1,60,1.0
2025-02-18 23:00,65.76,65.6,66.0,60,1.0
2025-02-19 00:00,65.82,65.6,66.1,60,1.0
2025-02-19 01:00,65.81,65.6,66.1,60,1.0
2025-02-19 02:00,65.76,65.6,66.1,60,1.0
2025-02-19 03:00,65.69,65.5,66.0,60,1.0
2025-02-19 04:00,65.64,65.5,65.8,60,1.0
2025-02-19 05:00,65.61,65.5,65.8,60,1.0
2025-02-19 06:00,65.61,65.5,65.9,60,1.0
2025-02-19 07:00,65.76,65.4,66.0,60,1.0
2025-02-19 08:00,65.69,65.4,66.0,60,1.0
2025-02-19 09:00,65.67,65.3,66.1,60,1.0
2025-02-19 10:00,65.59,65.4,65.8,60,1.0
2025-02-19 11:00,65.55,65.3,65.8,59,0.983
2025-02-19 12:00,65.44,65.2,65.7,60,1.0
2025-02-19 13:00,65.22,65.1,65.5,60,1.0
2025-02-19 14:00,65.18,65.0,65.4,60,1.0
2025-02-19 15:00,65.15,65.0,65.4,60,1.0
2025-02-19 16:00,65.11,65.0,65.3,53,0.883
2025-02-19 17:00,65.17,65.0,65.5,51,0.85
2025-02-19 18:00,65.34,65.1,65.5,50,0.833
2025-02-19 19:00,65.34,65.2,65.7,60,1.0
2025-02-19 20:00,65.28,65.0,65.5,60,1.0
2025-02-19 21:00,65.28,65.1,65.5,60,1.0
2025-02-19 22:00,65.15,64.9,65.4,60,1.0
2025-02-19 23:00,65.11,64.9,65.3,60,1.0
2025-02-20 00:00,65.04,64.8,65.3,60,1.0
2025-02-20 01:00,64.96,64.8,65.3,60,1.0
2025-02-20 02:00,64.95,64.8,65.2,60,1.0
2025-02-20 03:00,64.92,64.8,65.2,60,1.0
2025-02-20 04:00,64.92,64.7,65.2,60,1.0
2025-02-20 05:00,64.89,64.8,65.2,60,1.0
2025-02-20 06:00,64.87,64.7,65.1,60,1.0
2025-02-20 07:00,64.97,64.7,65.3,60,1.0
2025-02-20 08:00,65.08,64.8,65.3,60,1.0
2025-02-20 09:00,64.95,64.7,65.3,60,1.0
2025-02-20 10:00,64.97,64.7,65.2,60,1.0
2025-02-20 11:00,64.84,64.6,65.1,60,1.0
2025-02-20 12:00,64.93,64.7,65.1,60,1.0
2025-02-20 13:00,64.86,64.7,65.1,60,1.0
2025-02-20 14:00,64.68,64.5,64.9,59,0.983
2025-02-20 15:00,64.56,64.4,64.7,59,0.983
2025-02-20 16:00,64.62,64.4,65.0,60,1.0
2025-02-20 17:00,64.58,64.3,64.9,60,1.0
2025-02-20 18:00,64.5,64.4,64.7,60,1.0
2025-02-20 19:00,64.64,64.4,64.9,60,1.0
2025-02-20 20:00,64.74,64.5,64.9,60,1.0
2025-02-20 21:00,64.65,64.4,64.9,60,1.0
2025-02-20 22:00,64.62,64.4,64.9,60,1.0
2025-02-20 23:00,64.54,64.3,64.8,60,1.0
2025-02-21 00:00,64.51,64.2,64.8,60,1.0
2025-02-21 01:00,64.48,64.2,64.8,59,0.983
2025-02-21 02:00,64.4,64.2,64.7,60,1.0
2025-02-21 03:00,64.36,64.2,64.6,60,1.0
2025-02-21 04:00,64.36,64.2,64.6,60,1.0
2025-02-21 05:00,64.35,64.2,64.7,60,1.0
2025-02-21 06:00,64.36,64.2,64.7,59,0.983
2025-02-21 07:00,64.31,64.2,64.5,60,1.0
2025-02-21 08:00,64.46,64.2,64.7,59,0.983
2025-02-21 09:00,64.22,64.0,64.7,60,1.0
2025-02-21 10:00,64.23,64.0,64.5,48,0.8
2025-02-21 11:00,64.07,64.0,64.3,48,0.8
2025-02-21 12:00,64.21,64.0,64.5,56,0.933
2025-02-21 13:00,64.24,64.1,64.5,54,0.9
2025-02-21 14:00,64.22,64.0,64.4,56,0.933
2025-02-21 15:00,64.19,64.0,64.4,60,1.0
2025-02-21 16:00,64.22,64.1,64.4,60,1.0
2025-02-21 17:00,64.19,64.0,64.3,59,0.983
2025-02-21 18:00,64.19,64.1,64.4,60,1.0
2025-02-21 19:00,64.11,63.8,64.3,60,1.0
2025-02-21 20:00,64.05,63.7,64.3,53,0.883
2025-02-21 21:00,63.95,63.7,64.3,60,1.0
2025-02-21 22:00,63.9,63.7,64.2,60,1.0
2025-02-21 23:00,63.92,63.7,64.2,60,1.0
2025-02-22 00:00,63.82,63.7,64.1,60,1.0
2025-02-22 01:00,63.8,63.7,64.0,60,1.0
2025-02-22 02:00,63.82,63.7,64.0,60,1.0
2025-02-22 03:00,63.78,63.7,63.9,60,1.0
2025-02-22 04:00,63.79,63.6,64.0,60,1.0
2025-02-22 05:00,63.78,63.6,64.0,59,0.983
2025-02-22 06:00,63.79,63.6,64.1,58,0.967
2025-02-22 07:00,63.93,63.6,64.2,59,0.983
2025-02-22 08:00,63.88,63.6,64.2,60,1.0
2025-02-22 09:00,63.88,63.6,64.1,60,1.0
2025-02-22 10:00,63.78,63.5,64.0,60,1.0
2025-02-22 11:00,63.59,63.5,63.8,60,1.0
2025-02-22 12:00,63.61,63.4,63.9,60,1.0
2025-02-22 13:00,63.64,63.4,64.0,60,1.0
2025-02-22 14:00,63.71,63.4,64.0,60,1.0
2025-02-22 15:00,63.77,63.6,64.0,60,1.0
2025-02-22 16:00,63.74,63.4,63.9,60,1.0
2025-02-22 17:00,63.58,63.4,63.8,60,1.0
2025-02-22 18:00,63.49,63.4,63.9,60,1.0
2025-02-22 19:00,63.68,63.4,64.0,60,1.0
2025-02-22 20:00,63.74,63.5,63.9,60,1.0
2025-02-22 21:00,63.73,63.5,63.9,60,1.0
2025-02-22 22:00,63.69,63.3,63.9,60,1.0
2025-02-22 23:00,63.67,63.3,63.9,59,0.983
2025-02-23 00:00,63.66,63.4,63.9,60,1.0
2025-02-23 01:00,63.65,63.4,63.9,60,1.0
2025-02-23 02:00,63.65,63.4,63.9,60,1.0
2025-02-23 03:00,63.62,63.3,63.8,60,1.0
2025-02-23 04:00,63.57,63.3,63.9,60,1.0
2025-02-23 05:00,63.45,63.3,63.7,60,1.0
2025-02-23 06:00,63.44,63.3,63.7,60,1.0
2025-02-23 07:00,63.53,63.3,63.8,60,1.0
2025-02-23 08:00,63.57,63.2,63.8,60,1.0
2025-02-23 09:00,63.51,63.3,63.7,60,1.0
2025-02-23 10:00,63.45,63.2,63.6,59,0.983
2025-02-23 11:00,63.48,63.3,63.7,60,1.0
2025-02-23 12:00,63.45,63.2,63.7,60,1.0
2025-02-23 13:00,63.44,63.2,63.7,59,0.983
2025-02-23 14:00,63.45,63.2,63.6,60,1.0
2025-02-23 15:00,63.44,63.2,63.7,60,1.0
2025-02-23 16:00,63.42,63.3,63.6,60,1.0
2025-02-23 17:00,63.26,63.1,63.6,60,1.0
2025-02-23 18:00,63.18,63.1,63.4,60,1.0
2025-02-23 19:00,63.27,63.1,63.6,60,1.0
2025-02-23 20:00,63.36,63.1,63.6,60,1.0
2025-02-23 21:00,63.43,63.3,63.6,59,0.983
2025-02-23 22:00,63.42,63.2,63.6,60,1.0
2025-02-23 23:00,63.41,63.2,63.6,60,1.0
2025-02-24 00:00,63.39,63.3,63.6,56,0.933
2025-02-24 01:00,63.4,63.2,63.5,52,0.867
2025-02-24 02:00,63.34,63.1,63.5,60,1.0
2025-02-24 03:00,63.32,63.0,63.6,60,1.0
2025-02-24 04:00,63.26,63.0,63.5,60,1.0
2025-02-24 05:00,63.29,63.0,63.5,60,1.0
2025-02-24 06:00,63.34,63.2,63.5,60,1.0
2025-02-24 07:00,63.26,63.0,63.5,60,1.0
2025-02-24 08:00,63.28,62.9,63.4,60,1.0
2025-02-24 09:00,63.14,62.9,63.5,60,1.0
2025-02-24 10:00,63.06,62.8,63.3,60,1.0
2025-02-24 11:00,62.97,62.8,63.4,59,0.983
2025-02-24 12:00,63.09,62.8,63.3,59,0.983
2025-02-24 13:00,63.14,62.8,63.3,60,1.0
2025-02-24 14:00,63.17,63.0,63.3,60,1.0
2025-02-24 15:00,63.0,62.8,63.3,60,1.0
2025-02-24 16:00,63.05,62.8,63.4,60,1.0
2025-02-24 17:00,63.14,63.0,63.4,60,1.0
2025-02-24 18:00,63.16,63.0,63.3,60,1.0
2025-02-24 19:00,63.05,62.8,63.2,60,1.0
2025-02-24 20:00,62.87,62.7,63.2,59,0.983
2025-02-24 21:00,62.91,62.8,63.1,58,0.967
2025-02-24 22:00,63.08,62.9,63.3,60,1.0
2025-02-24 23:00,63.26,63.1,63.6,60,1.0
2025-02-25 00:00,63.51,63.3,63.8,60,1.0
2025-02-25 01:00,63.56,63.3,63.8,60,1.0
2025-02-25 02:00,63.55,63.3,63.9,60,1.0
2025-02-25 03:00,63.61,63.4,63.9,60,1.0
2025-02-25 04:00,63.58,63.2,63.8,60,1.0
2025-02-25 05:00,63.72,63.4,64.0,60,1.0
2025-02-25 06:00,63.63,63.2,64.1,59,0.983
2025-02-25 07:00,63.66,63.3,63.9,60,1.0
2025-02-25 08:00,63.95,63.6,64.3,60,1.0
2025-02-25 09:00,65.1,64.2,66.1,60,1.0
2025-02-25 10:00,66.76,65.9,67.3,60,1.0
2025-02-25 11:00,67.21,66.9,67.6,60,1.0
2025-02-25 12:00,67.38,67.1,67.7,60,1.0
2025-02-25 13:00,67.24,67.0,67.7,60,1.0
2025-02-25 14:00,67.28,67.0,67.5,60,1.0
2025-02-25 15:00,67.03,66.7,67.3,59,0.983
2025-02-25 16:00,66.98,66.6,67.2,60,1.0
2025-02-25 17:00,66.81,66.4,67.2,60,1.0
2025-02-25 18:00,66.68,66.4,66.9,59,0.983
2025-02-25 19:00,66.34,66.2,66.6,60,1.0
2025-02-25 20:00,65.94,65.6,66.3,59,0.983
2025-02-25 21:00,66.42,66.2,66.7,60,1.0
2025-02-25 22:00,67.4,66.5,68.5,59,0.983
2025-02-25 23:00,69.69,68.6,71.3,51,0.85
2025-02-26 00:00,73.65,71.6,74.7,44,0.733
2025-02-26 01:00,75.11,74.9,75.5,57,0.95
2025-02-26 02:00,74.66,74.3,75.2,58,0.967
2025-02-26 03:00,74.96,74.2,76.0,60,1.0
2025-02-26 04:00,76.81,75.8,77.6,60,1.0
2025-02-26 05:00,79.4,77.7,81.4,60,1.0
2025-02-26 06:00,81.02,80.2,81.7,60,1.0
2025-02-26 07:00,79.48,78.8,80.2,60,1.0
2025-02-26 08:00,78.58,78.1,79.1,59,0.983
2025-02-26 09:00,77.47,76.9,78.3,58,0.967
2025-02-26 10:00,77.02,76.7,77.4,55,0.917
2025-02-26 11:00,76.39,75.9,76.9,58,0.967
2025-02-26 12:00,75.63,75.2,76.0,58,0.967
2025-02-26 13:00,74.83,74.5,75.1,60,1.0
2025-02-26 14:00,74.36,74.0,74.9,60,1.0
2025-02-26 15:00,73.78,73.0,74.4,52,0.867
2025-02-26 16:00,74.24,73.1,75.0,60,1.0
2025-02-26 17:00,74.74,74.4,75.0,59,0.983
2025-02-26 18:00,74.75,74.3,75.3,58,0.967
2025-02-26 19:00,76.89,75.3,78.3,47,0.783
2025-02-26 20:00,78.93,78.2,79.8,43,0.717
2025-02-26 21:00,80.07,79.8,80.6,27,0.45
2025-02-26 22:00,83.04,81.7,83.6,24,0.4
2025-02-26 23:00,81.3,80.2,82.6,51,0.85
2025-02-27 00:00,79.57,78.8,80.4,47,0.783
2025-02-27 01:00,78.19,77.5,78.9,54,0.9
2025-02-27 02:00,77.15,76.5,77.6,60,1.0
2025-02-27 03:00,76.22,75.7,76.9,59,0.983
2025-02-27 04:00,75.47,75.0,75.9,60,1.0
2025-02-27 05:00,74.84,74.4,75.5,59,0.983
2025-02-27 06:00,74.31,74.0,74.7,59,0.983
2025-02-27 07:00,73.86,73.5,74.4,60,1.0
2025-02-27 08:00,73.64,73.3,74.1,60,1.0
2025-02-27 09:00,73.36,73.0,73.8,60,1.0
2025-02-27 10:00,72.98,72.7,73.5,60,1.0
2025-02-27 11:00,72.63,72.3,72.9,60,1.0
2025-02-27 12:00,72.24,72.0,72.5,58,0.967
2025-02-27 13:00,72.12,71.8,72.4,50,0.833
2025-02-27 14:00,71.9,71.4,72.2,60,1.0
2025-02-27 15:00,71.61,71.3,72.0,60,1.0
2025-02-27 16:00,71.42,71.2,71.8,58,0.967
2025-02-27 17:00,71.22,70.9,71.5,60,1.0
2025-02-27 18:00,70.99,70.7,71.3,60,1.0
2025-02-27 19:00,70.8,70.4,71.0,60,1.0
2025-02-27 20:00,70.41,70.2,70.7,60,1.0
2025-02-27 21:00,70.25,70.0,70.5,60,1.0
2025-02-27 22:00,70.11,69.9,70.3,60,1.0
2025-02-27 23:00,70.0,69.8,70.3,60,1.0
2025-02-28 00:00,69.83,69.6,70.0,60,1.0
2025-02-28 01:00,69.72,69.5,69.9,60,1.0
2025-02-28 02:00,69.62,69.4,69.9,60,1.0
2025-02-28 03:00,69.55,69.3,69.9,60,1.0
2025-02-28 04:00,69.44,69.3,69.7,60,1.0
2025-02-28 05:00,69.37,69.2,69.6,60,1.0
2025-02-28 06:00,69.33,69.1,69.7,60,1.0
2025-02-28 07:00,69.24,69.0,69.6,60,1.0
2025-02-28 08:00,69.13,68.8,69.5,60,1.0
2025-02-28 09:00,68.9,68.7,69.1,60,1.0
2025-02-28 10:00,68.84,68.5,69.2,60,1.0
2025-02-28 11:00,68.84,68.5,69.1,60,1.0
2025-02-28 12:00,68.55,68.3,68.9,60,1.0
2025-02-28 13:00,68.4,68.3,68.5,60,1.0
2025-02-28 14:00,68.36,68.2,68.7,60,1.0
2025-02-28 15:00,68.3,68.1,68.7,60,1.0
2025-02-28 16:00,68.19,68.0,68.7,60,1.0
2025-02-28 17:00,68.05,67.9,68.3,60,1.0
2025-02-28 18:00,68.13,67.9,68.4,60,1.0
2025-02-28 19:00,68.21,67.9,68.4,60,1.0
2025-02-28 20:00,68.07,67.8,68.3,60,1.0
2025-02-28 21:00,67.81,67.7,68.1,60,1.0
2025-02-28 22:00,67.74,67.6,67.9,60,1.0
2025-02-28 23:00,67.7,67.5,68.2,52,0.867
2025-03-01 00:00,67.64,67.5,67.8,39,0.65
2025-03-01 01:00,67.6,67.4,67.8,49,0.817
2025-03-01 02:00,67.55,67.4,67.7,54,0.9
2025-03-01 03:00,67.51,67.3,67.8,56,0.933
2025-03-01 04:00,67.54,67.3,67.8,52,0.867
2025-03-01 05:00,67.64,67.3,67.9,55,0.917
2025-03-01 06:00,67.44,67.2,67.7,57,0.95
2025-03-01 07:00,67.39,67.2,67.7,59,0.983
2025-03-01 08:00,67.36,67.1,68.4,60,1.0
2025-03-01 09:00,67.21,67.0,67.6,60,1.0
2025-03-01 10:00,67.37,67.1,67.6,60,1.0
2025-03-01 11:00,67.23,66.9,67.5,60,1.0
2025-03-01 12:00,67.2,67.0,67.4,60,1.0
2025-03-01 13:00,67.14,66.9,67.4,56,0.933
2025-03-01 14:00,67.17,67.0,67.3,48,0.8
2025-03-01 15:00,66.91,66.7,67.2,52,0.867
2025-03-01 16:00,66.86,66.7,67.1,60,1.0
2025-03-01 17:00,67.1,66.7,67.5,50,0.833
2025-03-01 18:00,67.38,67.1,67.8,50,0.833
2025-03-01 19:00,67.44,67.3,67.6,55,0.917
2025-03-01 20:00,67.38,67.1,67.6,49,0.817
2025-03-01 21:00,67.27,67.0,67.5,58,0.967
2025-03-01 22:00,67.08,66.9,67.4,49,0.817
2025-03-01 23:00,67.03,66.9,67.2,60,1.0
2025-03-02 00:00,66.98,66.8,67.4,59,0.983
2025-03-02 01:00,66.92,66.8,67.1,60,1.0
2025-03-02 02:00,66.88,66.7,67.1,60,1.0
2025-03-02 03:00,66.97,66.7,67.3,60,1.0
2025-03-02 04:00,66.96,66.7,67.2,60,1.0
2025-03-02 05:00,66.78,66.6,67.1,60,1.0
2025-03-02 06:00,66.72,66.5,67.0,60,1.0
2025-03-02 07:00,66.82,66.6,67.1,60,1.0
2025-03-02 08:00,66.7,66.5,67.0,60,1.0
2025-03-02 09:00,66.8,66.4,67.0,60,1.0
2025-03-02 10:00,66.38,66.0,66.8,60,1.0
2025-03-02 11:00,66.21,66.0,66.5,60,1.0
2025-03-02 12:00,66.27,66.0,66.4,60,1.0
2025-03-02 13:00,66.21,66.1,66.3,60,1.0
2025-03-02 14:00,66.14,66.0,66.4,60,1.0
2025-03-02 15:00,66.02,65.7,66.2,60,1.0
2025-03-02 16:00,65.76,65.6,66.0,60,1.0
2025-03-02 17:00,65.76,65.6,66.1,60,1.0
2025-03-02 18:00,65.81,65.6,66.2,59,0.983
2025-03-02 19:00,65.88,65.7,66.1,60,1.0
2025-03-02 20:00,65.85,65.5,66.0,60,1.0
2025-03-02 21:00,65.78,65.6,66.0,60,1.0
2025-03-02 22:00,65.74,65.6,66.0,60,1.0
2025-03-02 23:00,65.64,65.3,65.9,60,1.0
2025-03-03 00:00,65.52,65.3,65.8,60,1.0
2025-03-03 01:00,65.37,65.2,65.7,59,0.983
2025-03-03 02:00,65.37,65.2,65.7,60,1.0
2025-03-03 03:00,65.36,65.1,65.6,60,1.0
2025-03-03 04:00,65.38,65.1,65.6,60,1.0
2025-03-03 05:00,65.32,65.1,65.6,58,0.967
2025-03-03 06:00,65.18,65.0,65.5,58,0.967
2025-03-03 07:00,65.11,65.0,65.3,60,1.0
2025-03-03 08:00,65.21,65.0,65.5,59,0.983
2025-03-03 09:00,65.28,65.0,65.5,59,0.983
2025-03-03 10:00,65.21,65.0,65.4,59,0.983
2025-03-03 11:00,64.99,64.8,65.2,59,0.983
2025-03-03 12:00,64.93,64.8,65.2,58,0.967
2025-03-03 13:00,64.9,64.8,65.2,60,1.0
2025-03-03 14:00,65.0,64.7,65.3,58,0.967
2025-03-03 15:00,65.1,64.8,65.3,60,1.0
2025-03-03 16:00,65.01,64.7,65.3,48,0.8
2025-03-03 17:00,65.02,64.7,65.2,56,0.933
2025-03-03 18:00,65.03,64.8,65.3,60,1.0
2025-03-03 19:00,64.9,64.6,65.1,60,1.0
2025-03-03 20:00,64.9,64.6,65.1,60,1.0
2025-03-03 21:00,64.86,64.6,65.1,60,1.0
2025-03-03 22:00,64.68,64.5,64.9,60,1.0
2025-03-03 23:00,64.66,64.5,65.1,60,1.0
2025-03-04 00:00,64.69,64.5,65.0,60,1.0
2025-03-04 01:00,64.57,64.4,64.8,60,1.0
2025-03-04 02:00,64.53,64.4,64.7,60,1.0
2025-03-04 03:00,64.52,64.4,64.8,60,1.0
2025-03-04 04:00,64.54,64.4,64.8,60,1.0
2025-03-04 05:00,64.51,64.4,64.7,60,1.0
2025-03-04 06:00,64.54,64.3,64.9,60,1.0
2025-03-04 07:00,64.54,64.4,64.9,60,1.0
2025-03-04 08:00,64.55,64.3,64.9,59,0.983
2025-03-04 09:00,64.53,64.3,64.7,59,0.983
2025-03-04 10:00,64.56,64.3,64.7,59,0.983
2025-03-04 11:00,64.4,64.2,64.7,60,1.0
2025-03-04 12:00,64.26,64.1,64.4,60,1.0
2025-03-04 13:00,64.23,64.1,64.4,60,1.0
2025-03-04 14:00,64.22,64.1,64.5,60,1.0
2025-03-04 15:00,64.19,64.1,64.4,60,1.0
2025-03-04 16:00,64.26,64.0,64.5,60,1.0
2025-03-04 17:00,64.26,64.0,64.6,59,0.983
2025-03-04 18:00,64.34,64.0,64.6,60,1.0
2025-03-04 19:00,64.32,64.0,64.6,60,1.0
2025-03-04 20:00,64.25,63.9,64.6,60,1.0
2025-03-04 21:00,64.15,63.9,64.4,59,0.983
2025-03-04 22:00,64.05,63.9,64.3,59,0.983
2025-03-04 23:00,64.06,63.9,64.4,58,0.967
2025-03-05 00:00,64.06,63.9,64.5,60,1.0
2025-03-05 01:00,64.02,63.9,64.3,60,1.0
2025-03-05 02:00,64.01,63.9,64.2,60,1.0
2025-03-05 03:00,63.98,63.9,64.2,60,1.0
2025-03-05 04:00,63.97,63.9,64.1,60,1.0
2025-03-05 05:00,63.98,63.8,64.2,60,1.0
2025-03-05 06:00,63.96,63.8,64.3,60,1.0
2025-03-05 07:00,63.96,63.8,64.2,60,1.0
2025-03-05 08:00,63.98,63.8,64.4,60,1.0
2025-03-05 09:00,63.86,63.7,64.2,60,1.0
2025-03-05 10:00,63.96,63.7,64.2,60,1.0
2025-03-05 11:00,64.04,63.9,64.2,60,1.0
2025-03-05 12:00,63.97,63.7,64.2,60,1.0
2025-03-05 13:00,63.9,63.7,64.1,60,1.0
2025-03-05 14:00,63.83,63.6,64.1,60,1.0
2025-03-05 15:00,63.7,63.6,63.9,60,1.0
2025-03-05 16:00,63.72,63.6,64.0,60,1.0
2025-03-05 17:00,63.7,63.5,64.0,60,1.0
2025-03-05 18:00,63.76,63.5,64.1,57,0.95
2025-03-05 19:00,63.85,63.6,64.0,60,1.0
2025-03-05 20:00,63.86,63.7,64.0,60,1.0
2025-03-05 21:00,63.84,63.5,64.0,60,1.0
2025-03-05 22:00,63.82,63.5,64.0,60,1.0
2025-03-05 23:00,63.65,63.5,63.9,60,1.0
2025-03-06 00:00,63.6,63.4,64.0,60,1.0
2025-03-06 01:00,63.57,63.4,63.8,60,1.0
2025-03-06 02:00,63.54,63.4,63.7,57,0.95
2025-03-06 03:00,63.53,63.4,63.7,48,0.8
2025-03-06 04:00,63.54,63.4,63.7,60,1.0
2025-03-06 05:00,63.54,63.4,63.8,60,1.0
2025-03-06 06:00,63.56,63.4,63.8,60,1.0
2025-03-06 07:00,63.57,63.4,63.9,60,1.0
2025-03-06 08:00,63.56,63.4,63.8,60,1.0
2025-03-06 09:00,63.39,63.3,63.6,60,1.0
2025-03-06 10:00,63.47,63.2,63.8,60,1.0
2025-03-06 11:00,63.6,63.3,63.8,60,1.0
2025-03-06 12:00,63.61,63.5,63.8,60,1.0
2025-03-06 13:00,63.58,63.4,63.9,60,1.0
2025-03-06 14:00,63.49,63.3,63.7,60,1.0
2025-03-06 15:00,63.5,63.3,63.7,60,1.0
2025-03-06 16:00,63.4,63.1,63.6,60,1.0
2025-03-06 17:00,63.25,63.1,63.5,60,1.0
2025-03-06 18:00,63.21,63.1,63.5,60,1.0
2025-03-06 19:00,63.32,63.1,63.7,60,1.0
2025-03-06 20:00,63.36,63.1,63.6,60,1.0
2025-03-06 21:00,63.44,63.2,63.6,60,1.0
2025-03-06 22:00,63.44,63.2,63.6,60,1.0
2025-03-06 23:00,63.4,63.2,63.6,60,1.0
2025-03-07 00:00,63.36,63.1,63.6,60,1.0
2025-03-07 01:00,63.34,63.0,63.6,60,1.0
2025-03-07 02:00,63.37,63.0,63.6,60,1.0
2025-03-07 03:00,63.3,63.0,63.7,60,1.0
2025-03-07 04:00,63.2,63.0,63.4,60,1.0
2025-03-07 05:00,63.14,63.0,63.4,60,1.0
2025-03-07 06:00,63.24,63.0,63.5,60,1.0
2025-03-07 07:00,63.15,63.0,63.5,60,1.0
2025-03-07 08:00,63.26,63.0,63.5,60,1.0
2025-03-07 09:00,63.16,62.9,63.4,60,1.0
2025-03-07 10:00,63.1,62.9,63.3,60,1.0
2025-03-07 11:00,62.94,62.8,63.2,60,1.0
2025-03-07 12:00,63.04,62.8,63.4,60,1.0
2025-03-07 13:00,62.9,62.8,63.1,60,1.0
2025-03-07 14:00,62.91,62.7,63.2,60,1.0
2025-03-07 15:00,62.9,62.7,63.2,60,1.0
2025-03-07 16:00,63.06,62.8,63.2,60,1.0
2025-03-07 17:00,62.84,62.7,63.1,60,1.0
2025-03-07 18:00,62.99,62.7,63.3,58,0.967
2025-03-07 19:00,62.88,62.6,63.1,60,1.0
2025-03-07 20:00,62.73,62.6,63.0,60,1.0
2025-03-07 21:00,62.7,62.6,63.0,60,1.0
2025-03-07 22:00,62.7,62.6,63.0,60,1.0
2025-03-07 23:00,62.73,62.6,63.1,60,1.0
2025-03-08 00:00,62.73,62.5,63.1,59,0.983
2025-03-08 01:00,62.81,62.6,63.1,59,0.983
2025-03-08 02:00,62.84,62.6,63.1,60,1.0
2025-03-08 03:00,62.77,62.6,63.1,60,1.0
2025-03-08 04:00,62.78,62.5,63.1,58,0.967
2025-03-08 05:00,62.79,62.5,63.1,60,1.0
2025-03-08 06:00,62.79,62.5,63.1,60,1.0
2025-03-08 07:00,62.71,62.5,63.1,60,1.0
2025-03-08 08:00,62.78,62.5,63.0,60,1.0
2025-03-08 09:00,62.77,62.5,63.0,60,1.0
2025-03-08 10:00,62.66,62.5,63.0,60,1.0
2025-03-08 11:00,62.78,62.5,63.0,48,0.8
2025-03-08 12:00,62.74,62.5,63.0,48,0.8
2025-03-08 13:00,62.76,62.5,62.9,59,0.983
2025-03-08 14:00,62.56,62.4,62.8,60,1.0
2025-03-08 15:00,62.47,62.4,62.6,60,1.0
2025-03-08 16:00,62.46,62.3,62.6,60,1.0
2025-03-08 17:00,62.45,62.3,62.7,60,1.0
2025-03-08 18:00,62.57,62.3,62.9,60,1.0
2025-03-08 19:00,62.68,62.5,62.8,60,1.0
2025-03-08 20:00,62.66,62.4,62.8,60,1.0
2025-03-08 21:00,62.64,62.4,62.8,59,0.983
2025-03-08 22:00,62.57,62.3,62.7,60,1.0
2025-03-08 23:00,62.42,62.2,62.7,60,1.0
2025-03-09 00:00,62.44,62.3,62.7,60,1.0
2025-03-09 01:00,62.35,62.2,62.6,60,1.0
2025-03-09 02:00,62.38,62.2,62.7,60,1.0
2025-03-09 03:00,62.41,62.2,62.7,60,1.0
2025-03-09 04:00,62.38,62.2,62.6,60,1.0
2025-03-09 05:00,62.4,62.2,62.6,60,1.0
2025-03-09 06:00,62.47,62.2,62.7,60,1.0
2025-03-09 07:00,62.37,62.2,62.7,60,1.0
2025-03-09 08:00,62.43,62.2,62.7,60,1.0
2025-03-09 09:00,62.42,62.2,62.6,60,1.0
2025-03-09 10:00,62.32,62.0,62.6,60,1.0
2025-03-09 11:00,62.13,62.0,62.5,60,1.0
2025-03-09 12:00,62.29,62.0,62.5,60,1.0
2025-03-09 13:00,62.32,62.2,62.5,60,1.0
2025-03-09 14:00,62.22,61.9,62.5,60,1.0
2025-03-09 15:00,62.24,62.0,62.4,60,1.0
2025-03-09 16:00,62.02,61.9,62.4,60,1.0
2025-03-09 17:00,62.11,61.9,62.3,60,1.0
2025-03-09 18:00,62.24,62.0,62.4,60,1.0
2025-03-09 19:00,62.2,62.0,62.4,60,1.0
2025-03-09 20:00,62.02,61.9,62.3,60,1.0
2025-03-09 21:00,61.92,61.8,62.0,60,1.0
2025-03-09 22:00,61.93,61.8,62.2,60,1.0
2025-03-09 23:00,61.95,61.8,62.3,59,0.983
2025-03-10 00:00,62.0,61.8,62.3,60,1.0
2025-03-10 01:00,61.95,61.8,62.2,59,0.983
2025-03-10 02:00,62.0,61.8,62.3,48,0.8
2025-03-10 03:00,61.94,61.8,62.2,54,0.9
2025-03-10 04:00,61.91,61.8,62.1,54,0.9
2025-03-10 05:00,61.9,61.8,62.2,56,0.933
2025-03-10 06:00,61.95,61.8,62.3,53,0.883
2025-03-10 07:00,62.06,61.8,62.2,48,0.8
2025-03-10 08:00,62.06,61.8,62.3,45,0.75
2025-03-10 09:00,62.0,61.7,62.2,59,0.983
2025-03-10 10:00,61.98,61.8,62.1,60,1.0
2025-03-10 11:00,61.98,61.8,62.2,60,1.0
2025-03-10 12:00,61.92,61.4,62.6,60,1.0
2025-03-10 13:00,61.82,61.6,62.1,60,1.0
2025-03-10 14:00,61.69,61.5,61.9,60,1.0
2025-03-10 15:00,61.64,61.5,61.9,60,1.0
2025-03-10 16:00,61.61,61.5,61.7,60,1.0
2025-03-10 17:00,61.63,61.5,61.8,60,1.0
2025-03-10 18:00,61.78,61.6,62.2,60,1.0
2025-03-10 19:00,62.31,61.8,62.6,60,1.0
2025-03-10 20:00,62.44,62.3,62.7,59,0.983
2025-03-10 21:00,62.41,62.1,62.7,60,1.0
2025-03-10 22:00,62.45,62.2,62.7,60,1.0
2025-03-10 23:00,62.37,62.0,62.7,60,1.0
2025-03-11 00:00,62.38,62.0,62.7,60,1.0
2025-03-11 01:00,62.41,62.2,62.7,60,1.0
2025-03-11 02:00,62.6,62.3,63.0,60,1.0
2025-03-11 03:00,62.57,62.3,62.8,59,0.983
2025-03-11 04:00,62.3,61.9,62.9,59,0.983
2025-03-11 05:00,63.21,62.5,64.1,60,1.0
2025-03-11 06:00,64.38,63.6,65.2,60,1.0
2025-03-11 07:00,65.54,65.0,66.2,60,1.0
2025-03-11 08:00,65.95,65.6,66.2,60,1.0
2025-03-11 09:00,66.01,65.8,66.3,59,0.983
2025-03-11 10:00,66.0,65.7,66.2,60,1.0
2025-03-11 11:00,65.94,65.7,66.4,60,1.0
2025-03-11 12:00,65.76,65.4,66.0,59,0.983
2025-03-11 13:00,65.45,65.2,65.8,60,1.0
2025-03-11 14:00,65.2,65.1,65.5,60,1.0
2025-03-11 15:00,65.09,65.0,65.3,60,1.0
2025-03-11 16:00,64.95,64.8,65.3,60,1.0
2025-03-11 17:00,64.88,64.7,65.0,60,1.0
2025-03-11 18:00,64.9,64.7,65.2,60,1.0
2025-03-11 19:00,64.94,64.7,65.2,60,1.0
2025-03-11 20:00,64.9,64.7,65.3,60,1.0
2025-03-11 21:00,64.86,64.7,65.1,59,0.983
2025-03-11 22:00,64.62,64.4,64.9,60,1.0
2025-03-11 23:00,64.54,64.3,64.9,60,1.0
2025-03-12 00:00,64.52,64.3,64.8,60,1.0
2025-03-12 01:00,64.35,64.2,64.5,59,0.983
2025-03-12 02:00,64.28,64.1,64.5,59,0.983
2025-03-12 03:00,64.22,64.1,64.4,60,1.0
2025-03-12 04:00,64.2,64.1,64.3,60,1.0
2025-03-12 05:00,64.15,64.0,64.3,60,1.0
2025-03-12 06:00,64.28,64.0,64.6,60,1.0
2025-03-12 07:00,64.29,63.9,64.5,59,0.983
2025-03-12 08:00,64.09,63.9,64.4,60,1.0
2025-03-12 09:00,64.06,63.9,64.4,60,1.0
2025-03-12 10:00,64.09,64.0,64.5,60,1.0
2025-03-12 11:00,64.05,63.9,64.2,60,1.0
2025-03-12 12:00,63.96,63.6,64.2,60,1.0
2025-03-12 13:00,63.95,63.6,64.2,60,1.0
2025-03-12 14:00,63.91,63.7,64.1,60,1.0
2025-03-12 15:00,63.86,63.5,64.2,60,1.0
2025-03-12 16:00,63.64,63.5,63.8,60,1.0
2025-03-12 17:00,63.62,63.5,63.9,60,1.0
2025-03-12 18:00,63.74,63.5,64.1,60,1.0
2025-03-12 19:00,63.84,63.6,64.2,60,1.0
2025-03-12 20:00,64.32,64.0,64.6,60,1.0
2025-03-12 21:00,64.63,64.4,64.9,60,1.0
2025-03-12 22:00,64.77,64.5,65.0,59,0.983
2025-03-12 23:00,64.82,64.6,65.0,56,0.933
2025-03-13 00:00,64.73,64.5,65.0,52,0.867
2025-03-13 01:00,64.71,64.3,65.0,53,0.883
2025-03-13 02:00,64.68,64.4,65.0,42,0.7
2025-03-13 03:00,64.71,64.5,65.0,48,0.8
2025-03-13 04:00,64.74,64.6,65.0,56,0.933
2025-03-13 05:00,64.67,64.5,64.9,55,0.917
2025-03-13 06:00,64.6,64.4,64.9,44,0.733
2025-03-13 07:00,64.55,64.2,64.8,52,0.867
2025-03-13 08:00,64.46,64.2,64.7,57,0.95
2025-03-13 09:00,64.23,64.0,64.5,57,0.95
2025-03-13 10:00,64.45,64.0,65.1,56,0.933
2025-03-13 11:00,64.42,64.2,64.7,57,0.95
2025-03-13 12:00,64.22,63.9,64.5,58,0.967
2025-03-13 13:00,63.98,63.8,64.2,60,1.0
2025-03-13 14:00,64.38,64.0,64.6,59,0.983
2025-03-13 15:00,64.3,64.1,64.5,60,1.0
2025-03-13 16:00,64.18,63.9,64.3,60,1.0
2025-03-13 17:00,64.16,63.9,64.5,59,0.983
2025-03-13 18:00,64.36,64.0,64.7,60,1.0
2025-03-13 19:00,64.67,64.4,64.9,59,0.983
2025-03-13 20:00,64.88,64.6,65.1,59,0.983
2025-03-13 21:00,64.87,64.6,65.1,58,0.967
2025-03-13 22:00,64.87,64.5,65.2,60,1.0
2025-03-13 23:00,64.76,64.5,65.0,60,1.0
2025-03-14 00:00,64.84,64.5,65.1,60,1.0
2025-03-14 01:00,64.65,64.2,65.1,60,1.0
2025-03-14 02:00,64.48,64.2,64.9,60,1.0
2025-03-14 03:00,65.36,64.7,66.0,60,1.0
2025-03-14 04:00,66.15,65.5,66.6,60,1.0
2025-03-14 05:00,66.66,66.4,66.9,60,1.0
2025-03-14 06:00,66.54,66.2,66.9,60,1.0
2025-03-14 07:00,66.92,66.3,67.3,60,1.0
2025-03-14 08:00,67.21,66.9,67.6,60,1.0
2025-03-14 09:00,67.24,67.0,67.5,59,0.983
2025-03-14 10:00,67.11,66.9,67.4,60,1.0
2025-03-14 11:00,67.14,66.9,67.3,60,1.0
2025-03-14 12:00,66.95,66.7,67.2,60,1.0
2025-03-14 13:00,66.74,66.5,67.0,60,1.0
2025-03-14 14:00,66.61,66.5,66.8,60,1.0
2025-03-14 15:00,66.44,66.1,66.6,57,0.95
2025-03-14 16:00,66.33,66.0,66.5,58,0.967
2025-03-14 17:00,66.18,65.9,66.4,50,0.833
2025-03-14 18:00,65.89,65.7,66.2,59,0.983
2025-03-14 19:00,65.82,65.6,66.1,60,1.0
2025-03-14 20:00,65.8,65.5,66.1,60,1.0
2025-03-14 21:00,65.86,65.5,66.0,56,0.933
2025-03-14 22:00,65.76,65.6,65.9,55,0.917
2025-03-14 23:00,65.71,65.5,65.9,60,1.0
2025-03-15 00:00,65.64,65.4,66.5,59,0.983
2025-03-15 01:00,65.54,65.3,65.8,60,1.0
2025-03-15 02:00,65.49,65.3,65.6,60,1.0
2025-03-15 03:00,65.41,65.2,65.6,50,0.833
2025-03-15 04:00,65.33,65.1,65.5,47,0.783
2025-03-15 05:00,65.23,65.0,65.5,58,0.967
2025-03-15 06:00,65.18,64.9,65.4,56,0.933
2025-03-15 07:00,65.2,65.0,65.5,60,1.0
2025-03-15 08:00,65.01,64.8,65.3,60,1.0
2025-03-15 09:00,65.08,64.9,65.2,60,1.0
2025-03-15 10:00,64.84,64.6,65.2,60,1.0
2025-03-15 11:00,64.71,64.5,65.0,60,1.0
2025-03-15 12:00,64.71,64.5,65.1,60,1.0
2025-03-15 13:00,64.56,64.4,64.8,60,1.0
2025-03-15 14:00,64.58,64.4,64.8,60,1.0
2025-03-15 15:00,64.67,64.4,64.9,60,1.0
2025-03-15 16:00,64.68,64.6,64.9,59,0.983
2025-03-15 17:00,64.61,64.4,64.8,60,1.0
2025-03-15 18:00,64.37,64.2,64.6,60,1.0
2025-03-15 19:00,64.22,64.1,64.5,60,1.0
2025-03-15 20:00,64.22,64.1,64.5,60,1.0
2025-03-15 21:00,64.21,64.0,64.5,60,1.0
2025-03-15 22:00,64.22,64.0,64.5,60,1.0
2025-03-15 23:00,64.32,64.1,64.5,60,1.0
2025-03-16 00:00,64.3,64.1,64.4,44,0.733
2025-03-16 10:00,63.72,63.4,63.9,43,0.717
2025-03-16 11:00,63.65,63.4,64.0,60,1.0
2025-03-16 12:00,63.6,63.4,63.9,60,1.0
2025-03-16 13:00,63.5,63.3,63.7,60,1.0
2025-03-16 14:00,63.41,63.2,63.7,60,1.0
2025-03-16 15:00,63.42,63.2,63.8,60,1.0
2025-03-16 16:00,63.4,63.2,63.8,59,0.983
2025-03-16 17:00,63.38,63.1,63.7,60,1.0
2025-03-16 18:00,63.53,63.1,64.2,60,1.0
2025-03-16 19:00,63.88,63.6,64.1,60,1.0
2025-03-16 20:00,63.92,63.6,64.2,60,1.0
2025-03-16 21:00,63.92,63.7,64.1,60,1.0
2025-03-16 22:00,63.92,63.7,64.1,60,1.0
2025-03-16 23:00,63.81,63.5,64.1,60,1.0
2025-03-17 00:00,63.65,63.5,63.9,60,1.0
2025-03-17 01:00,63.62,63.5,63.9,60,1.0
2025-03-17 02:00,63.59,63.4,63.9,60,1.0
2025-03-17 03:00,63.37,63.0,63.8,60,1.0
2025-03-17 04:00,63.36,63.0,63.9,60,1.0
2025-03-17 05:00,63.77,63.5,64.1,60,1.0
2025-03-17 06:00,64.17,63.9,64.6,60,1.0
2025-03-17 07:00,64.56,64.2,64.9,60,1.0
2025-03-17 08:00,64.53,64.3,64.9,60,1.0
2025-03-17 09:00,64.52,64.2,64.8,60,1.0
2025-03-17 10:00,64.26,64.0,64.7,60,1.0
2025-03-17 11:00,64.13,64.0,64.3,52,0.867
2025-03-17 12:00,64.0,63.8,64.3,53,0.883
2025-03-17 13:00,63.94,63.8,64.2,60,1.0
2025-03-17 14:00,63.9,63.8,64.3,60,1.0
2025-03-17 15:00,63.94,63.8,64.4,59,0.983
2025-03-17 16:00,63.81,63.6,64.2,60,1.0
2025-03-17 17:00,63.76,63.6,64.1,60,1.0
2025-03-17 18:00,63.9,63.6,64.2,60,1.0
2025-03-17 19:00,63.92,63.6,64.1,59,0.983
2025-03-17 20:00,63.86,63.6,64.1,60,1.0
2025-03-17 21:00,63.79,63.5,64.1,60,1.0
2025-03-17 22:00,63.62,63.5,63.8,60,1.0
2025-03-17 23:00,63.57,63.5,63.8,59,0.983
2025-03-18 00:00,63.57,63.4,63.8,60,1.0
2025-03-18 01:00,63.51,63.4,63.8,60,1.0
2025-03-18 02:00,63.51,63.3,63.8,59,0.983
2025-03-18 03:00,63.49,63.3,63.9,59,0.983
2025-03-18 04:00,63.44,63.3,63.6,60,1.0
2025-03-18 05:00,63.41,63.2,63.9,60,1.0
2025-03-18 06:00,63.32,63.2,63.5,60,1.0
2025-03-18 07:00,63.35,63.1,63.7,60,1.0
2025-03-18 08:00,63.25,63.0,63.5,57,0.95
2025-03-18 09:00,63.28,63.0,63.5,60,1.0
2025-03-18 10:00,63.19,62.9,63.4,60,1.0
2025-03-18 11:00,63.0,62.8,63.3,60,1.0
2025-03-18 12:00,62.98,62.8,63.3,60,1.0
2025-03-18 13:00,62.9,62.8,63.2,60,1.0
2025-03-18 14:00,63.0,62.8,63.3,60,1.0
2025-03-18 15:00,63.06,62.8,63.4,60,1.0
2025-03-18 16:00,63.02,62.8,63.2,60,1.0
2025-03-18 17:00,62.98,62.9,63.1,60,1.0
2025-03-18 18:00,62.91,62.7,63.1,60,1.0
2025-03-18 19:00,62.76,62.5,63.0,60,1.0
2025-03-18 20:00,62.73,62.5,62.9,60,1.0
2025-03-18 21:00,62.62,62.4,62.9,60,1.0
2025-03-18 22:00,62.5,62.4,62.7,60,1.0
2025-03-18 23:00,62.5,62.4,62.7,60,1.0
2025-03-19 00:00,62.52,62.3,62.8,60,1.0
2025-03-19 01:00,62.5,62.3,62.8,60,1.0
2025-03-19 02:00,62.42,62.3,62.8,60,1.0
2025-03-19 03:00,62.36,62.2,62.6,60,1.0
2025-03-19 04:00,62.36,62.2,62.7,60,1.0
2025-03-19 05:00,62.4,62.2,62.7,60,1.0
2025-03-19 06:00,62.53,62.3,62.7,60,1.0
2025-03-19 07:00,62.44,62.2,62.7,60,1.0
2025-03-19 08:00,62.28,62.0,62.6,60,1.0
2025-03-19 09:00,62.33,62.1,62.5,60,1.0
2025-03-19 10:00,62.27,62.0,62.5,60,1.0
2025-03-19 11:00,62.12,62.0,62.5,60,1.0
2025-03-19 12:00,62.08,61.9,62.4,60,1.0
2025-03-19 13:00,62.05,61.9,62.4,59,0.983
2025-03-19 14:00,62.11,61.9,62.3,60,1.0
2025-03-19 15:00,62.07,61.9,62.3,60,1.0
2025-03-19 16:00,62.09,61.8,62.3,59,0.983
2025-03-19 17:00,62.18,62.0,62.4,54,0.9
2025-03-19 18:00,62.2,62.1,62.4,58,0.967
2025-03-19 19:00,62.14,61.9,62.3,48,0.8
2025-03-19 20:00,61.96,61.8,62.3,59,0.983
2025-03-19 21:00,61.93,61.8,62.1,60,1.0
2025-03-19 22:00,61.88,61.8,62.0,60,1.0
2025-03-19 23:00,61.88,61.8,62.1,60,1.0
2025-03-20 00:00,61.85,61.7,62.0,60,1.0
2025-03-20 01:00,61.88,61.7,62.1,60,1.0
2025-03-20 02:00,61.88,61.8,62.1,60,1.0
2025-03-20 03:00,61.87,61.8,62.1,60,1.0
2025-03-20 04:00,61.86,61.7,62.0,60,1.0
2025-03-20 05:00,61.88,61.7,62.2,60,1.0
2025-03-20 06:00,61.91,61.7,62.2,60,1.0
2025-03-20 07:00,61.94,61.7,62.2,60,1.0
2025-03-20 08:00,61.9,61.6,62.2,60,1.0
2025-03-20 09:00,61.75,61.6,62.0,60,1.0
2025-03-20 10:00,61.83,61.6,62.0,60,1.0
2025-03-20 11:00,61.83,61.5,62.0,60,1.0
2025-03-20 12:00,61.63,61.4,62.0,60,1.0
2025-03-20 13:00,61.62,61.4,61.8,60,1.0
2025-03-20 14:00,61.53,61.4,61.8,58,0.967
2025-03-20 15:00,61.5,61.4,61.7,60,1.0
2025-03-20 16:00,61.5,61.4,61.7,60,1.0
2025-03-20 17:00,61.51,61.4,61.8,60,1.0
2025-03-20 18:00,61.57,61.3,61.8,60,1.0
2025-03-20 19:00,61.69,61.4,61.8,60,1.0
2025-03-20 20:00,61.71,61.6,61.9,60,1.0
2025-03-20 21:00,61.65,61.4,61.9,60,1.0
2025-03-20 22:00,61.63,61.4,61.8,60,1.0
2025-03-20 23:00,61.59,61.3,61.8,60,1.0
2025-03-21 00:00,61.58,61.3,61.9,60,1.0
2025-03-21 01:00,61.46,61.3,61.9,60,1.0
2025-03-21 02:00,61.48,61.3,61.8,60,1.0
2025-03-21 03:00,61.47,61.3,61.8,60,1.0
2025-03-21 04:00,61.43,61.3,61.8,60,1.0
2025-03-21 05:00,61.44,61.2,61.6,60,1.0
2025-03-21 06:00,61.45,61.3,61.7,60,1.0
2025-03-21 07:00,61.57,61.3,61.8,60,1.0
2025-03-21 08:00,61.51,61.4,61.7,9,0.15
2025-03-21 09:00,61.26,61.1,61.6,32,0.533
2025-03-21 10:00,61.25,61.1,61.6,60,1.0
2025-03-21 11:00,61.35,61.1,61.6,57,0.95
2025-03-21 12:00,61.38,61.1,61.7,60,1.0
2025-03-21 13:00,61.34,61.1,61.5,57,0.95
2025-03-21 14:00,61.25,61.0,61.5,60,1.0
2025-03-21 15:00,61.18,61.0,61.5,59,0.983
2025-03-21 16:00,61.21,61.0,61.4,60,1.0
2025-03-21 17:00,61.16,61.0,61.4,56,0.933
2025-03-21 18:00,61.09,61.0,61.3,48,0.8
2025-03-21 19:00,61.2,61.0,61.5,60,1.0
2025-03-21 20:00,61.28,61.0,61.5,60,1.0
2025-03-21 21:00,61.27,61.1,61.5,60,1.0
2025-03-21 22:00,61.29,61.1,61.6,60,1.0
2025-03-21 23:00,61.27,61.1,61.4,60,1.0
2025-03-22 00:00,61.26,60.9,61.5,60,1.0
2025-03-22 01:00,61.25,61.0,61.4,60,1.0
2025-03-22 02:00,61.13,60.9,61.3,60,1.0
2025-03-22 03:00,61.14,60.8,61.3,60,1.0
2025-03-22 04:00,61.08,60.8,61.4,60,1.0
2025-03-22 05:00,61.08,60.9,61.3,60,1.0
2025-03-22 06:00,61.11,60.8,61.4,60,1.0
2025-03-22 07:00,61.09,60.8,61.3,60,1.0
2025-03-22 08:00,61.15,60.9,61.3,60,1.0
2025-03-22 09:00,60.98,60.8,61.3,60,1.0
2025-03-22 10:00,61.04,60.8,61.3,60,1.0
2025-03-22 11:00,61.02,60.8,61.2,60,1.0
2025-03-22 12:00,60.96,60.7,61.2,60,1.0
2025-03-22 13:00,60.82,60.7,61.1,57,0.95
2025-03-22 14:00,60.78,60.6,61.0,59,0.983
2025-03-22 15:00,60.74,60.6,61.0,59,0.983
2025-03-22 16:00,60.82,60.6,61.1,59,0.983
2025-03-22 17:00,60.92,60.6,61.2,60,1.0
2025-03-22 18:00,60.96,60.7,61.2,60,1.0
2025-03-22 19:00,60.88,60.7,61.2,60,1.0
2025-03-22 20:00,60.79,60.6,61.1,60,1.0
2025-03-22 21:00,60.67,60.5,60.8,60,1.0
2025-03-22 22:00,60.69,60.5,61.0,60,1.0
2025-03-22 23:00,60.7,60.5,60.8,60,1.0
2025-03-23 00:00,60.71,60.5,60.9,60,1.0
2025-03-23 01:00,61.15,61.0,61.3,60,1.0
2025-03-23 02:00,61.21,61.1,61.3,60,1.0
2025-03-23 03:00,61.3,61.1,61.7,60,1.0
2025-03-23 04:00,61.19,61.0,61.6,60,1.0
2025-03-23 05:00,61.24,61.0,61.5,60,1.0
2025-03-23 06:00,61.63,61.2,62.0,59,0.983
2025-03-23 07:00,62.04,61.7,62.5,60,1.0
2025-03-23 08:00,62.37,62.1,62.6,60,1.0
2025-03-23 09:00,62.35,62.1,62.6,60,1.0
2025-03-23 10:00,62.47,62.3,62.6,60,1.0
2025-03-23 11:00,62.44,62.3,62.6,60,1.0
2025-03-23 12:00,62.39,62.1,62.5,60,1.0
2025-03-23 13:00,62.34,62.1,62.5,60,1.0
2025-03-23 14:00,62.15,61.9,62.4,60,1.0
2025-03-23 15:00,62.12,61.9,62.4,60,1.0
2025-03-23 16:00,62.08,61.9,62.4,60,1.0
2025-03-23 17:00,62.03,61.9,62.3,60,1.0
2025-03-23 18:00,62.03,61.9,62.3,60,1.0
2025-03-23 19:00,62.13,61.9,62.4,60,1.0
2025-03-23 20:00,62.17,62.0,62.3,60,1.0
2025-03-23 21:00,62.07,61.8,62.4,60,1.0
2025-03-23 22:00,61.98,61.8,62.2,56,0.933
2025-03-23 23:00,61.91,61.7,62.2,48,0.8
2025-03-24 00:00,61.82,61.7,62.2,48,0.8
2025-03-24 01:00,61.79,61.7,62.0,52,0.867
2025-03-24 02:00,61.76,61.6,61.9,60,1.0
2025-03-24 03:00,61.82,61.6,62.1,60,1.0
2025-03-24 04:00,61.72,61.6,62.0,60,1.0
2025-03-24 05:00,61.7,61.6,61.9,60,1.0
2025-03-24 06:00,61.7,61.6,61.9,60,1.0
2025-03-24 07:00,61.88,61.6,62.3,60,1.0
2025-03-24 08:00,61.72,61.4,62.0,60,1.0
2025-03-24 09:00,61.63,61.4,61.9,60,1.0
2025-03-24 10:00,61.69,61.5,61.9,60,1.0
2025-03-24 11:00,61.68,61.4,61.9,60,1.0
2025-03-24 12:00,61.58,61.3,61.8,60,1.0
2025-03-24 13:00,61.49,61.3,61.8,59,0.983
2025-03-24 14:00,61.37,61.2,61.7,60,1.0
2025-03-24 15:00,61.33,61.1,61.6,60,1.0
2025-03-24 16:00,61.28,61.2,61.5,60,1.0
2025-03-24 17:00,61.29,61.2,61.7,60,1.0
2025-03-24 18:00,61.32,61.1,61.6,60,1.0
2025-03-24 19:00,61.45,61.2,61.6,60,1.0
2025-03-24 20:00,61.44,61.2,61.6,60,1.0
2025-03-24 21:00,61.44,61.2,61.6,60,1.0
2025-03-24 22:00,61.41,61.2,61.6,59,0.983
2025-03-24 23:00,61.35,61.1,61.5,60,1.0
2025-03-25 00:00,61.34,61.1,61.5,60,1.0
2025-03-25 01:00,61.26,61.1,61.5,60,1.0
2025-03-25 02:00,61.11,61.0,61.2,60,1.0
2025-03-25 03:00,61.11,61.0,61.2,60,1.0
2025-03-25 04:00,61.12,61.0,61.4,60,1.0
2025-03-25 05:00,61.1,61.0,61.5,60,1.0
2025-03-25 06:00,61.11,61.0,61.3,59,0.983
2025-03-25 07:00,61.19,60.9,61.4,60,1.0
2025-03-25 08:00,61.0,60.9,61.4,60,1.0
2025-03-25 09:00,61.07,60.8,61.3,60,1.0
2025-03-25 10:00,61.06,60.7,61.3,60,1.0
2025-03-25 11:00,60.98,60.7,61.4,60,1.0
2025-03-25 12:00,60.88,60.7,61.1,60,1.0
2025-03-25 13:00,60.8,60.7,60.9,60,1.0
2025-03-25 14:00,60.76,60.6,61.0,56,0.933
2025-03-25 15:00,60.75,60.6,61.0,59,0.983
2025-03-25 16:00,60.77,60.6,61.0,60,1.0
2025-03-25 17:00,60.71,60.6,61.0,54,0.9
2025-03-25 18:00,60.66,60.5,60.9,60,1.0
2025-03-25 19:00,60.82,60.6,61.2,60,1.0
2025-03-25 20:00,60.88,60.6,61.0,54,0.9
2025-03-25 21:00,60.83,60.6,61.0,60,1.0
2025-03-25 22:00,60.72,60.5,61.0,60,1.0
2025-03-25 23:00,60.6,60.4,60.9,58,0.967
2025-03-26 00:00,60.5,60.4,60.6,43,0.717
2025-03-26 01:00,60.5,60.4,60.7,57,0.95
2025-03-26 02:00,60.64,60.4,60.9,60,1.0
2025-03-26 03:00,60.54,60.4,60.8,60,1.0
2025-03-26 04:00,60.48,60.3,60.7,58,0.967
2025-03-26 05:00,60.47,60.3,60.6,56,0.933
2025-03-26 06:00,60.5,60.4,60.9,60,1.0
2025-03-26 07:00,60.55,60.3,60.8,59,0.983
2025-03-26 08:00,60.53,60.2,60.8,59,0.983
2025-03-26 09:00,60.44,60.2,60.7,60,1.0
2025-03-26 10:00,60.36,60.1,60.7,60,1.0
2025-03-26 11:00,60.25,60.1,60.5,58,0.967
2025-03-26 12:00,60.23,60.1,60.4,60,1.0
2025-03-26 13:00,60.24,60.1,60.5,60,1.0
2025-03-26 14:00,60.58,60.2,61.0,60,1.0
2025-03-26 15:00,60.97,60.7,61.2,60,1.0
2025-03-26 16:00,60.98,60.6,61.2,60,1.0
2025-03-26 17:00,60.93,60.6,61.2,60,1.0
2025-03-26 18:00,60.96,60.7,61.2,59,0.983
2025-03-26 19:00,60.92,60.6,61.4,60,1.0
2025-03-26 20:00,60.78,60.6,61.2,60,1.0
2025-03-26 21:00,60.75,60.6,61.0,60,1.0
2025-03-26 22:00,60.73,60.6,61.1,60,1.0
2025-03-26 23:00,60.72,60.6,60.9,60,1.0
2025-03-27 00:00,60.71,60.6,60.9,60,1.0
2025-03-27 01:00,60.72,60.6,60.9,60,1.0
2025-03-27 02:00,60.71,60.5,60.9,60,1.0
2025-03-27 03:00,60.72,60.6,60.9,60,1.0
2025-03-27 04:00,60.71,60.6,60.9,60,1.0
2025-03-27 05:00,60.71,60.5,60.9,60,1.0
2025-03-27 06:00,60.67,60.5,61.0,60,1.0
2025-03-27 07:00,60.69,60.5,61.0,60,1.0
2025-03-27 08:00,60.89,60.5,61.1,60,1.0
2025-03-27 09:00,60.76,60.5,61.0,60,1.0
2025-03-27 10:00,60.76,60.5,61.1,60,1.0
2025-03-27 11:00,60.55,60.0,60.9,60,1.0
2025-03-27 12:00,60.49,60.0,61.1,60,1.0
2025-03-27 13:00,61.38,60.9,62.9,60,1.0
2025-03-27 14:00,62.14,61.7,62.5,59,0.983
2025-03-27 15:00,62.51,62.1,63.0,56,0.933
2025-03-27 16:00,65.02,62.6,67.6,54,0.9
2025-03-27 17:00,68.68,67.5,69.4,60,1.0
2025-03-27 18:00,69.42,69.0,69.7,58,0.967
2025-03-27 19:00,70.84,69.0,74.5,17,0.283
2025-03-27 20:00,76.01,74.6,77.8,26,0.433
2025-03-27 21:00,79.92,77.9,80.8,52,0.867
2025-03-27 22:00,79.51,78.5,80.2,39,0.65
2025-03-27 23:00,77.83,77.3,78.4,31,0.517
2025-03-28 00:00,76.64,76.0,77.1,23,0.383
2025-03-28 01:00,75.63,75.2,76.2,31,0.517
2025-03-28 02:00,74.82,74.3,75.3,51,0.85
2025-03-28 03:00,74.1,73.6,74.8,59,0.983
2025-03-28 04:00,73.41,73.1,73.7,60,1.0
2025-03-28 05:00,72.96,72.6,73.3,57,0.95
2025-03-28 06:00,72.49,72.2,72.8,59,0.983
2025-03-28 07:00,72.28,72.0,72.7,60,1.0
2025-03-28 08:00,72.03,71.7,72.4,60,1.0
2025-03-28 09:00,71.75,71.3,72.2,60,1.0
2025-03-28 10:00,71.33,71.1,71.7,60,1.0
2025-03-28 11:00,70.93,70.7,71.2,60,1.0
2025-03-28 12:00,70.74,70.4,71.0,60,1.0
2025-03-28 13:00,70.57,70.2,70.9,60,1.0
2025-03-28 14:00,70.33,69.9,70.7,60,1.0
2025-03-28 15:00,70.14,69.9,70.5,60,1.0
2025-03-28 16:00,69.78,69.3,70.4,60,1.0
2025-03-28 17:00,70.04,69.6,70.5,60,1.0
2025-03-28 18:00,70.36,70.1,70.7,58,0.967
2025-03-28 19:00,70.37,70.1,70.7,60,1.0
2025-03-28 20:00,70.12,69.8,70.5,60,1.0
2025-03-28 21:00,69.86,69.7,70.1,60,1.0
2025-03-28 22:00,69.92,69.7,70.1,59,0.983
2025-03-28 23:00,69.95,69.8,70.2,60,1.0
2025-03-29 00:00,69.89,69.6,70.0,60,1.0
2025-03-29 01:00,69.83,69.6,70.2,60,1.0
2025-03-29 02:00,69.69,69.5,69.9,60,1.0
2025-03-29 03:00,69.55,69.4,69.7,60,1.0
2025-03-29 04:00,69.44,69.3,69.7,60,1.0
2025-03-29 05:00,69.32,69.2,69.5,60,1.0
2025-03-29 06:00,69.04,68.8,69.5,60,1.0
2025-03-29 07:00,68.87,68.6,69.2,60,1.0
2025-03-29 08:00,69.08,68.8,69.3,60,1.0
2025-03-29 09:00,69.4,69.1,69.7,60,1.0
2025-03-29 10:00,69.53,68.7,70.6,59,0.983
2025-03-29 11:00,69.42,69.1,69.7,60,1.0
2025-03-29 12:00,69.54,69.2,69.9,60,1.0
2025-03-29 13:00,69.48,69.2,69.8,60,1.0
2025-03-29 14:00,69.31,69.1,69.7,60,1.0
2025-03-29 15:00,69.3,69.0,69.6,60,1.0
2025-03-29 16:00,69.1,68.7,69.4,60,1.0
2025-03-29 17:00,68.9,68.9,68.9,1,0.017
2025-03-29 18:00,72.4,71.0,74.2,34,0.567
2025-03-29 19:00,75.6,74.1,76.4,53,0.883
2025-03-29 20:00,75.74,75.4,76.3,50,0.833
2025-03-29 21:00,75.38,75.2,75.5,48,0.8
2025-03-29 22:00,75.29,75.2,75.6,51,0.85
2025-03-29 23:00,75.16,74.9,75.5,51,0.85
2025-03-30 00:00,74.61,74.2,75.0,49,0.817
2025-03-30 01:00,73.97,73.7,74.3,41,0.683
2025-03-30 02:00,73.54,73.3,73.8,48,0.8
2025-03-30 03:00,73.17,72.9,73.5,58,0.967
2025-03-30 04:00,72.81,72.6,73.2,59,0.983
2025-03-30 05:00,72.48,72.3,72.7,60,1.0
2025-03-30 06:00,72.24,72.0,72.7,59,0.983
2025-03-30 07:00,72.16,71.8,72.3,60,1.0
2025-03-30 08:00,71.91,71.7,72.2,60,1.0
2025-03-30 09:00,71.87,71.5,72.2,60,1.0
2025-03-30 10:00,71.67,71.4,72.0,60,1.0
2025-03-30 11:00,71.35,70.9,71.8,60,1.0
2025-03-30 12:00,71.17,70.9,71.5,60,1.0
2025-03-30 13:00,70.97,70.8,71.2,60,1.0
2025-03-30 14:00,70.63,70.3,70.9,60,1.0
2025-03-30 15:00,70.31,70.1,70.7,60,1.0
2025-03-30 16:00,70.16,69.9,70.5,60,1.0
2025-03-30 17:00,70.03,69.7,70.3,59,0.983
2025-03-30 18:00,69.76,69.6,70.0,60,1.0
2025-03-30 19:00,69.62,69.4,69.9,60,1.0
2025-03-30 20:00,69.66,69.4,69.9,60,1.0
2025-03-30 21:00,69.59,69.3,69.9,60,1.0
2025-03-30 22:00,69.45,69.2,69.7,60,1.0
2025-03-30 23:00,69.31,69.1,69.5,60,1.0
2025-03-31 00:00,69.24,68.9,69.4,59,0.983
2025-03-31 01:00,69.03,68.8,69.3,60,1.0
2025-03-31 02:00,68.86,68.6,69.2,60,1.0
2025-03-31 03:00,68.78,68.6,69.1,60,1.0
2025-03-31 04:00,68.66,68.5,69.0,60,1.0
2025-03-31 05:00,68.52,68.3,68.7,59,0.983
2025-03-31 06:00,68.47,68.3,68.7,51,0.85
2025-03-31 07:00,68.56,68.3,68.8,57,0.95
2025-03-31 08:00,68.43,68.0,68.9,59,0.983
2025-03-31 09:00,68.14,67.8,68.5,60,1.0
2025-03-31 10:00,68.7,68.3,69.2,60,1.0
2025-03-31 11:00,69.39,69.0,69.7,60,1.0
2025-03-31 12:00,69.41,69.2,69.7,60,1.0
2025-03-31 13:00,69.26,69.1,69.5,60,1.0
2025-03-31 14:00,69.13,68.9,69.4,60,1.0
2025-03-31 15:00,69.1,68.8,69.4,60,1.0
2025-03-31 16:00,68.9,68.6,69.3,60,1.0
2025-03-31 17:00,68.85,68.6,69.1,59,0.983
2025-03-31 18:00,68.74,68.5,68.9,60,1.0
2025-03-31 19:00,68.53,68.2,68.9,60,1.0
2025-03-31 20:00,68.41,68.1,68.6,57,0.95
2025-03-31 21:00,68.25,68.0,68.5,58,0.967
2025-03-31 22:00,68.19,67.9,68.6,58,0.967
2025-03-31 23:00,68.17,67.8,68.5,60,1.0
2025-04-01 00:00,67.93,67.7,68.3,58,0.967
2025-04-01 01:00,67.84,67.6,68.1,59,0.983
2025-04-01 02:00,67.66,67.5,68.0,58,0.967
2025-04-01 03:00,67.81,67.5,68.1,59,0.983
2025-04-01 04:00,67.7,67.5,68.0,58,0.967
2025-04-01 05:00,67.59,67.4,67.9,57,0.95
2025-04-01 06:00,67.44,67.3,67.7,60,1.0
2025-04-01 07:00,67.46,67.2,67.7,60,1.0
2025-04-01 08:00,67.45,67.1,67.7,60,1.0
2025-04-01 09:00,67.17,67.0,67.5,60,1.0
2025-04-01 10:00,67.17,66.9,67.6,60,1.0
2025-04-01 11:00,67.04,66.8,67.3,60,1.0
2025-04-01 12:00,67.1,66.9,67.4,60,1.0
2025-04-01 13:00,67.05,66.9,67.2,60,1.0
2025-04-01 14:00,66.94,66.7,67.2,60,1.0
2025-04-01 15:00,66.72,66.5,67.0,60,1.0
2025-04-01 16:00,66.58,66.4,66.9,60,1.0
2025-04-01 17:00,66.52,66.4,66.8,60,1.0
2025-04-01 18:00,66.48,66.3,66.7,60,1.0
2025-04-01 19:00,66.55,66.3,66.9,60,1.0
2025-04-01 20:00,66.62,66.4,66.8,60,1.0
2025-04-01 21:00,66.53,66.2,66.8,59,0.983
2025-04-01 22:00,66.41,66.1,66.7,59,0.983
2025-04-01 23:00,66.36,66.1,66.7,59,0.983
2025-04-02 00:00,66.33,66.0,66.6,47,0.783
2025-04-02 01:00,66.24,66.0,66.5,60,1.0
2025-04-02 02:00,66.29,66.0,66.5,60,1.0
2025-04-02 03:00,66.2,65.9,66.6,60,1.0
2025-04-02 04:00,66.11,65.8,66.3,60,1.0
2025-04-02 05:00,66.13,65.8,66.3,60,1.0
2025-04-02 06:00,66.15,65.9,66.3,60,1.0
2025-04-02 07:00,66.01,65.8,66.3,60,1.0
2025-04-02 08:00,65.99,65.8,66.2,60,1.0
2025-04-02 09:00,65.78,65.6,66.1,59,0.983
2025-04-02 10:00,65.85,65.6,66.0,60,1.0
2025-04-02 11:00,65.64,65.4,65.9,60,1.0
2025-04-02 12:00,65.49,65.3,65.8,60,1.0
2025-04-02 13:00,65.5,65.3,65.8,59,0.983
2025-04-02 14:00,65.54,65.2,65.9,59,0.983
2025-04-02 15:00,65.47,65.2,65.6,60,1.0
2025-04-02 16:00,65.47,65.2,65.7,60,1.0
2025-04-02 17:00,65.31,65.0,65.7,60,1.0
2025-04-02 18:00,65.36,65.0,65.6,60,1.0
2025-04-02 19:00,65.22,64.9,65.5,60,1.0
2025-04-02 20:00,65.13,65.0,65.4,60,1.0
2025-04-02 21:00,65.2,65.0,65.5,60,1.0
2025-04-02 22:00,65.18,65.0,65.5,60,1.0
2025-04-02 23:00,65.21,64.9,65.5,60,1.0
2025-04-03 00:00,65.25,65.0,65.5,60,1.0
2025-04-03 01:00,65.3,65.0,65.5,60,1.0
2025-04-03 02:00,65.29,65.1,65.6,60,1.0
2025-04-03 03:00,65.28,65.1,65.4,60,1.0
2025-04-03 04:00,65.26,65.1,65.5,60,1.0
2025-04-03 05:00,65.2,64.9,65.4,60,1.0
2025-04-03 06:00,65.21,64.9,65.4,60,1.0
2025-04-03 07:00,65.07,64.8,65.3,60,1.0
2025-04-03 08:00,64.78,64.6,65.2,60,1.0
2025-04-03 09:00,64.82,64.6,65.2,60,1.0
2025-04-03 10:00,64.84,64.5,65.1,59,0.983
2025-04-03 11:00,64.6,64.5,64.9,59,0.983
2025-04-03 12:00,64.55,64.4,64.8,60,1.0
2025-04-03 13:00,64.56,64.4,64.8,60,1.0
2025-04-03 14:00,64.54,64.3,64.8,60,1.0
2025-04-03 15:00,64.6,64.4,64.8,60,1.0
2025-04-03 16:00,64.6,64.4,64.9,60,1.0
2025-04-03 17:00,64.44,64.2,64.7,60,1.0
2025-04-03 18:00,64.49,64.2,64.7,58,0.967
2025-04-03 19:00,64.34,64.2,64.6,60,1.0
2025-04-03 20:00,64.27,64.1,64.4,60,1.0
2025-04-03 21:00,64.25,64.1,64.5,60,1.0
2025-04-03 22:00,64.24,64.0,64.5,60,1.0
2025-04-03 23:00,64.19,63.9,64.4,59,0.983
2025-04-04 00:00,64.21,63.9,64.5,59,0.983
2025-04-04 01:00,64.22,64.0,64.4,60,1.0
2025-04-04 02:00,64.22,63.9,64.4,60,1.0
2025-04-04 03:00,64.15,63.9,64.4,60,1.0
2025-04-04 04:00,64.07,63.9,64.4,59,0.983
2025-04-04 05:00,64.02,63.9,64.3,60,1.0
2025-04-04 06:00,64.22,63.9,64.4,60,1.0
2025-04-04 07:00,64.12,63.9,64.4,31,0.517
2025-04-04 08:00,64.0,63.8,64.2,29,0.483
2025-04-04 09:00,63.89,63.7,64.1,39,0.65
2025-04-04 10:00,63.94,63.6,64.2,59,0.983
2025-04-04 11:00,63.7,63.6,63.9,60,1.0
2025-04-04 12:00,63.74,63.5,64.0,60,1.0
2025-04-04 13:00,63.8,63.6,64.0,60,1.0
2025-04-04 14:00,63.72,63.4,63.9,60,1.0
2025-04-04 15:00,63.72,63.6,63.9,59,0.983
2025-04-04 16:00,63.58,63.3,63.8,59,0.983
2025-04-04 17:00,63.59,63.4,63.9,47,0.783
2025-04-04 18:00,63.66,63.4,63.8,47,0.783
2025-04-04 19:00,63.48,63.3,63.8,51,0.85
2025-04-04 20:00,63.46,63.3,63.8,56,0.933
2025-04-04 21:00,63.45,63.3,63.7,54,0.9
2025-04-04 22:00,63.53,63.3,63.8,60,1.0
2025-04-04 23:00,63.57,63.3,63.8,59,0.983
2025-04-05 00:00,63.58,63.3,63.7,60,1.0
2025-04-05 01:00,63.57,63.3,63.8,59,0.983
2025-04-05 02:00,63.55,63.3,63.7,59,0.983
2025-04-05 03:00,63.58,63.4,63.8,59,0.983
2025-04-05 04:00,63.54,63.2,63.7,59,0.983
2025-04-05 05:00,63.52,63.2,63.8,59,0.983
2025-04-05 06:00,63.55,63.3,63.7,60,1.0
2025-04-05 07:00,63.44,63.1,63.7,57,0.95
2025-04-05 08:00,63.23,63.0,63.6,59,0.983
2025-04-05 09:00,63.24,63.0,63.5,60,1.0
2025-04-05 10:00,63.02,62.9,63.3,60,1.0
2025-04-05 11:00,63.12,62.9,63.4,60,1.0
2025-04-05 12:00,63.18,63.0,63.4,60,1.0
2025-04-05 13:00,63.08,62.8,63.3,60,1.0
2025-04-05 14:00,63.01,62.8,63.2,60,1.0
2025-04-05 15:00,62.97,62.7,63.2,60,1.0
2025-04-05 16:00,62.86,62.7,63.1,60,1.0
2025-04-05 17:00,62.78,62.6,63.0,58,0.967
2025-04-05 18:00,62.71,62.6,63.0,58,0.967
2025-04-05 19:00,62.72,62.6,63.0,59,0.983
2025-04-05 20:00,62.78,62.6,63.0,60,1.0
2025-04-05 21:00,62.81,62.6,63.1,58,0.967
2025-04-05 22:00,62.86,62.6,63.1,58,0.967
2025-04-05 23:00,62.88,62.7,63.1,59,0.983
2025-04-06 00:00,62.92,62.7,63.1,59,0.983
2025-04-06 01:00,62.92,62.7,63.1,57,0.95
2025-04-06 02:00,62.89,62.7,63.1,58,0.967
2025-04-06 03:00,62.9,62.7,63.1,57,0.95
2025-04-06 04:00,62.89,62.7,63.1,51,0.85
2025-04-06 05:00,62.89,62.7,63.0,56,0.933
2025-04-06 06:00,62.88,62.6,63.1,55,0.917
2025-04-06 07:00,62.73,62.4,63.1,58,0.967
2025-04-06 08:00,62.56,62.4,62.9,59,0.983
2025-04-06 09:00,62.65,62.4,62.9,58,0.967
2025-04-06 10:00,62.56,62.2,62.8,48,0.8
2025-04-06 11:00,62.43,62.3,62.7,54,0.9
2025-04-06 12:00,62.55,62.3,62.8,52,0.867
2025-04-06 13:00,62.56,62.3,62.8,59,0.983
2025-04-06 14:00,62.54,62.3,62.7,57,0.95
2025-04-06 15:00,62.46,62.2,62.7,59,0.983
2025-04-06 16:00,62.48,62.3,62.7,60,1.0
2025-04-06 17:00,62.55,62.2,62.9,55,0.917
2025-04-06 18:00,62.73,62.5,62.9,59,0.983
2025-04-06 19:00,62.73,62.5,63.0,57,0.95
2025-04-06 20:00,62.9,62.7,63.2,60,1.0
2025-04-06 21:00,63.0,62.7,63.3,60,1.0
2025-04-06 22:00,63.09,62.8,63.3,59,0.983
2025-04-06 23:00,63.04,62.8,63.4,60,1.0
2025-04-07 00:00,63.06,62.8,63.3,53,0.883
2025-04-07 01:00,63.06,62.9,63.2,59,0.983
2025-04-07 02:00,63.03,62.9,63.2,57,0.95
2025-04-07 03:00,62.97,62.7,63.1,58,0.967
2025-04-07 04:00,62.91,62.8,63.1,58,0.967
2025-04-07 05:00,62.79,62.5,63.1,58,0.967
2025-04-07 06:00,62.69,62.5,63.0,52,0.867
2025-04-07 07:00,62.57,62.3,63.0,43,0.717
2025-04-07 08:00,62.45,62.3,62.8,47,0.783
2025-04-07 09:00,62.48,62.2,62.7,57,0.95
2025-04-07 10:00,62.46,62.2,62.6,55,0.917
2025-04-07 11:00,62.49,62.3,62.6,56,0.933
2025-04-07 12:00,62.29,62.1,62.6,50,0.833
2025-04-07 13:00,62.14,62.0,62.4,48,0.8
2025-04-07 14:00,62.07,61.9,62.3,52,0.867
2025-04-07 15:00,61.99,61.9,62.2,50,0.833
2025-04-07 16:00,62.02,61.8,62.3,50,0.833
2025-04-07 17:00,61.93,61.8,62.2,57,0.95
2025-04-07 18:00,61.88,61.7,62.2,56,0.933
2025-04-07 19:00,61.9,61.7,62.2,49,0.817
2025-04-07 20:00,61.88,61.7,62.2,53,0.883
2025-04-07 21:00,61.91,61.6,62.1,53,0.883
2025-04-07 22:00,61.9,61.7,62.0,50,0.833
2025-04-07 23:00,61.85,61.7,62.0,52,0.867
2025-04-08 00:00,61.81,61.5,62.0,57,0.95
2025-04-08 01:00,61.77,61.5,61.9,56,0.933
2025-04-08 02:00,61.73,61.4,61.9,55,0.917
2025-04-08 03:00,61.69,61.4,61.9,60,1.0
2025-04-08 04:00,61.63,61.4,61.9,54,0.9
2025-04-08 05:00,61.63,61.4,61.8,51,0.85
2025-04-08 06:00,61.53,61.3,61.7,47,0.783
2025-04-08 07:00,61.53,61.2,61.7,53,0.883
2025-04-08 08:00,61.42,61.2,61.8,36,0.6
2025-04-08 09:00,61.3,61.1,61.5,40,0.667
2025-04-08 10:00,61.35,61.1,61.7,44,0.733
2025-04-08 11:00,61.33,61.1,61.5,44,0.733
2025-04-08 12:00,61.17,61.0,61.5,43,0.717
2025-04-08 13:00,61.05,60.9,61.3,48,0.8
2025-04-08 14:00,60.98,60.8,61.3,47,0.783
2025-04-08 15:00,60.93,60.8,61.2,45,0.75
2025-04-08 16:00,60.89,60.8,61.1,59,0.983
2025-04-08 17:00,60.88,60.7,61.2,55,0.917
2025-04-08 18:00,60.86,60.7,61.1,54,0.9
2025-04-08 19:00,60.88,60.7,61.2,48,0.8
2025-04-08 20:00,60.85,60.7,61.2,60,1.0
2025-04-08 21:00,60.79,60.7,61.0,60,1.0
2025-04-08 22:00,60.88,60.7,61.2,60,1.0
2025-04-08 23:00,60.88,60.7,61.2,60,1.0
2025-04-09 00:00,60.97,60.7,61.1,60,1.0
2025-04-09 01:00,60.96,60.7,61.2,60,1.0
2025-04-09 02:00,61.0,60.8,61.1,60,1.0
2025-04-09 03:00,60.99,60.7,61.2,59,0.983
2025-04-09 04:00,61.0,60.8,61.2,60,1.0
2025-04-09 05:00,60.98,60.8,61.2,60,1.0
2025-04-09 06:00,60.92,60.6,61.1,60,1.0
2025-04-09 07:00,60.82,60.5,61.1,57,0.95
2025-04-09 08:00,60.7,60.5,60.9,59,0.983
2025-04-09 09:00,60.66,60.4,60.9,54,0.9
2025-04-09 10:00,60.64,60.3,60.8,58,0.967
2025-04-09 11:00,60.48,60.3,60.8,47,0.783
2025-04-09 12:00,60.58,60.3,60.8,44,0.733
2025-04-09 13:00,60.57,60.3,60.8,47,0.783
2025-04-09 14:00,60.48,60.2,60.7,59,0.983
2025-04-09 15:00,60.46,60.2,60.7,57,0.95
2025-04-09 16:00,60.44,60.2,60.6,60,1.0
2025-04-09 17:00,60.33,60.1,60.6,60,1.0
2025-04-09 18:00,60.34,60.1,60.6,60,1.0
2025-04-09 19:00,60.31,60.1,60.5,60,1.0
2025-04-09 20:00,60.18,60.0,60.5,60,1.0
2025-04-09 21:00,60.24,60.0,60.5,60,1.0
2025-04-09 22:00,60.28,60.0,60.6,60,1.0
2025-04-09 23:00,60.22,60.0,60.6,60,1.0
2025-04-10 00:00,60.24,60.0,60.6,60,1.0
2025-04-10 01:00,60.25,60.0,60.5,60,1.0
2025-04-10 02:00,60.31,60.0,60.6,60,1.0
2025-04-10 03:00,60.3,60.0,60.5,60,1.0
2025-04-10 04:00,60.34,60.1,60.5,60,1.0
2025-04-10 05:00,60.39,60.2,60.5,60,1.0
2025-04-10 06:00,60.37,60.1,60.5,60,1.0
2025-04-10 07:00,60.26,60.0,60.5,60,1.0
2025-04-10 08:00,60.15,59.9,60.4,55,0.917
2025-04-10 09:00,60.1,59.8,60.3,51,0.85
2025-04-10 10:00,59.95,59.8,60.2,46,0.767
2025-04-10 11:00,59.9,59.7,60.2,49,0.817
2025-04-10 12:00,59.93,59.7,60.2,56,0.933
2025-04-10 13:00,59.98,59.7,60.2,56,0.933
2025-04-10 14:00,60.04,59.8,60.3,60,1.0
2025-04-10 15:00,60.04,59.9,60.3,58,0.967
2025-04-10 16:00,60.01,59.7,60.2,56,0.933
2025-04-10 17:00,59.97,59.7,60.1,60,1.0
2025-04-10 18:00,60.02,59.9,60.2,60,1.0
2025-04-10 19:00,59.98,59.7,60.2,60,1.0
2025-04-10 20:00,59.87,59.7,60.1,60,1.0
2025-04-10 21:00,59.81,59.6,60.0,60,1.0
2025-04-10 22:00,59.8,59.6,60.1,59,0.983
2025-04-10 23:00,59.75,59.6,60.0,46,0.767
2025-04-11 00:00,59.75,59.6,60.1,56,0.933
2025-04-11 01:00,59.74,59.6,60.0,57,0.95
2025-04-11 02:00,59.81,59.6,60.2,57,0.95
2025-04-11 03:00,59.81,59.6,60.1,58,0.967
2025-04-11 04:00,59.8,59.6,60.1,60,1.0
2025-04-11 05:00,59.78,59.6,60.1,60,1.0
2025-04-11 06:00,59.81,59.6,60.1,60,1.0
2025-04-11 07:00,59.79,59.5,60.1,55,0.917
2025-04-11 08:00,59.73,59.5,60.2,44,0.733
2025-04-11 09:00,59.59,59.4,59.9,46,0.767
2025-04-11 10:00,59.61,59.5,59.8,56,0.933
2025-04-11 11:00,59.45,59.2,59.7,59,0.983
2025-04-11 12:00,59.34,59.2,59.6,60,1.0
2025-04-11 13:00,59.31,59.2,59.6,60,1.0
2025-04-11 14:00,59.29,59.1,59.5,60,1.0
2025-04-11 15:00,59.25,59.1,59.6,60,1.0
2025-04-11 16:00,59.27,59.1,59.5,60,1.0
2025-04-11 17:00,59.34,59.1,59.6,60,1.0
2025-04-11 18:00,59.37,59.0,59.5,60,1.0
2025-04-11 19:00,59.38,59.2,59.5,60,1.0
2025-04-11 20:00,59.34,59.1,59.7,60,1.0
2025-04-11 21:00,59.26,59.0,59.5,60,1.0
2025-04-11 22:00,59.18,59.0,59.5,60,1.0
2025-04-11 23:00,59.16,59.0,59.4,60,1.0
2025-04-12 00:00,59.14,59.0,59.4,60,1.0
2025-04-12 01:00,59.14,59.0,59.4,60,1.0
2025-04-12 02:00,59.13,59.0,59.4,59,0.983
2025-04-12 03:00,59.16,59.0,59.5,60,1.0
2025-04-12 04:00,59.19,59.0,59.5,59,0.983
2025-04-12 05:00,59.15,59.0,59.5,59,0.983
2025-04-12 06:00,59.13,59.0,59.3,60,1.0
2025-04-12 07:00,59.22,59.0,59.5,59,0.983
2025-04-12 08:00,59.14,58.9,59.3,54,0.9
2025-04-12 09:00,59.01,58.8,59.3,52,0.867
2025-04-12 10:00,59.08,58.9,59.3,56,0.933
2025-04-12 11:00,59.03,58.7,59.2,56,0.933
2025-04-12 12:00,58.86,58.7,59.2,56,0.933
2025-04-12 13:00,58.85,58.6,59.2,59,0.983
2025-04-12 14:00,58.72,58.6,58.9,58,0.967
2025-04-12 15:00,58.66,58.5,58.9,60,1.0
2025-04-12 16:00,58.62,58.5,58.8,60,1.0
2025-04-12 17:00,58.63,58.5,58.8,60,1.0
2025-04-12 18:00,58.62,58.5,58.7,60,1.0
2025-04-12 19:00,58.76,58.5,59.0,60,1.0
2025-04-12 20:00,58.8,58.5,59.0,59,0.983
2025-04-12 21:00,58.84,58.6,59.0,60,1.0
2025-04-12 22:00,58.87,58.7,59.0,58,0.967
2025-04-12 23:00,58.8,58.5,59.2,59,0.983
2025-04-13 00:00,58.76,58.5,59.0,60,1.0
2025-04-13 01:00,58.66,58.5,59.0,59,0.983
2025-04-13 02:00,58.72,58.5,59.0,58,0.967
2025-04-13 03:00,58.67,58.5,58.9,59,0.983
2025-04-13 04:00,58.64,58.5,58.9,60,1.0
2025-04-13 05:00,58.59,58.5,58.8,60,1.0
2025-04-13 06:00,58.63,58.5,58.9,60,1.0
2025-04-13 07:00,58.76,58.5,58.9,59,0.983
2025-04-13 08:00,58.58,58.4,58.8,60,1.0
2025-04-13 09:00,58.64,58.4,58.8,60,1.0
2025-04-13 10:00,58.63,58.4,58.8,58,0.967
2025-04-13 11:00,58.55,58.3,58.8,51,0.85
2025-04-13 12:00,58.39,58.2,58.7,52,0.867
2025-04-13 13:00,58.35,58.1,58.6,53,0.883
2025-04-13 14:00,58.27,58.1,58.5,57,0.95
2025-04-13 15:00,58.13,58.0,58.4,59,0.983
2025-04-13 16:00,58.13,57.9,58.3,60,1.0
2025-04-13 17:00,58.09,57.9,58.3,60,1.0
2025-04-13 18:00,58.08,57.9,58.3,59,0.983
2025-04-13 19:00,58.13,58.0,58.4,60,1.0
2025-04-13 20:00,58.21,57.9,58.4,60,1.0
2025-04-13 21:00,58.24,57.9,58.4,60,1.0
2025-04-13 22:00,58.24,58.1,58.4,60,1.0
2025-04-13 23:00,58.21,58.1,58.4,48,0.8
2025-04-14 00:00,58.19,58.1,58.4,44,0.733
2025-04-14 01:00,58.18,58.0,58.3,51,0.85
2025-04-14 02:00,58.16,58.0,58.3,47,0.783
2025-04-14 03:00,58.15,58.0,58.3,52,0.867
2025-04-14 04:00,58.12,57.9,58.3,59,0.983
2025-04-14 05:00,58.12,57.8,58.3,60,1.0
2025-04-14 06:00,58.12,57.8,58.3,59,0.983
2025-04-14 07:00,57.98,57.8,58.2,58,0.967
2025-04-14 08:00,57.91,57.8,58.3,60,1.0
2025-04-14 09:00,57.97,57.8,58.2,60,1.0
2025-04-14 10:00,57.99,57.7,58.3,57,0.95
2025-04-14 11:00,58.0,57.9,58.2,51,0.85
2025-04-14 12:00,57.88,57.6,58.1,53,0.883
2025-04-14 13:00,57.65,57.5,57.9,37,0.617
2025-04-14 14:00,57.64,57.5,57.9,38,0.633
2025-04-14 15:00,57.65,57.4,57.8,57,0.95
2025-04-14 16:00,57.92,57.7,58.3,35,0.583
2025-04-14 17:00,58.19,57.9,58.5,54,0.9
2025-04-14 18:00,58.27,58.1,58.5,57,0.95
2025-04-14 19:00,58.25,58.1,58.5,55,0.917
2025-04-14 20:00,58.32,58.1,58.5,55,0.917
2025-04-14 21:00,58.27,58.0,58.6,38,0.633
2025-04-14 22:00,58.32,58.1,58.5,50,0.833
2025-04-14 23:00,58.25,58.0,58.4,58,0.967
2025-04-15 00:00,58.3,58.0,58.6,56,0.933
2025-04-15 01:00,58.28,57.9,58.6,55,0.917
2025-04-15 02:00,58.26,58.0,58.5,51,0.85
2025-04-15 03:00,58.05,57.8,58.4,60,1.0
2025-04-15 04:00,58.04,57.8,58.4,59,0.983
2025-04-15 05:00,58.5,58.2,58.9,60,1.0
2025-04-15 06:00,59.35,58.6,60.5,60,1.0
2025-04-15 07:00,61.27,60.3,62.2,59,0.983
2025-04-15 08:00,62.79,62.1,63.4,60,1.0
2025-04-15 09:00,63.59,63.0,64.1,59,0.983
2025-04-15 10:00,63.91,63.6,64.2,58,0.967
2025-04-15 11:00,63.94,63.7,64.2,60,1.0
2025-04-15 12:00,63.9,63.7,64.2,59,0.983
2025-04-15 13:00,63.81,63.7,64.2,59,0.983
2025-04-15 14:00,63.78,63.5,64.1,59,0.983
2025-04-15 15:00,63.82,63.5,64.1,59,0.983
2025-04-15 16:00,63.69,63.4,63.9,52,0.867
2025-04-15 17:00,63.64,63.4,63.9,46,0.767
2025-04-15 18:00,63.57,63.3,63.7,57,0.95
2025-04-15 19:00,63.5,63.4,63.7,56,0.933
2025-04-15 20:00,63.43,63.3,63.6,50,0.833
2025-04-15 21:00,63.28,63.0,63.5,50,0.833
2025-04-15 22:00,63.18,62.9,63.4,49,0.817
2025-04-15 23:00,63.08,62.8,63.3,57,0.95
2025-04-16 00:00,62.99,62.7,63.2,60,1.0
2025-04-16 01:00,62.91,62.6,63.2,59,0.983
2025-04-16 02:00,62.86,62.5,63.1,60,1.0
2025-04-16 03:00,62.79,62.5,63.0,58,0.967
2025-04-16 04:00,62.66,62.4,63.0,60,1.0
2025-04-16 05:00,62.58,62.3,62.8,59,0.983
2025-04-16 06:00,62.63,62.3,62.8,60,1.0
2025-04-16 07:00,62.51,62.3,62.7,11,0.183
2025-04-16 08:00,62.3,62.3,62.3,1,0.017
2025-04-16 09:00,62.1,62.1,62.1,1,0.017
2025-04-16 10:00,61.93,61.8,62.2,40,0.667
2025-04-16 11:00,61.96,61.7,62.2,60,1.0
2025-04-16 12:00,61.86,61.7,62.0,60,1.0
2025-04-16 13:00,61.75,61.6,61.9,60,1.0
2025-04-16 14:00,61.61,61.5,61.8,53,0.883
2025-04-16 15:00,61.46,61.2,61.7,60,1.0
2025-04-16 16:00,61.32,61.1,61.6,55,0.917
2025-04-16 17:00,61.21,61.0,61.4,59,0.983
2025-04-16 18:00,61.15,61.0,61.5,58,0.967
2025-04-16 19:00,61.29,61.1,61.7,58,0.967
2025-04-16 20:00,61.47,61.2,61.8,59,0.983
2025-04-16 21:00,61.49,61.2,61.7,51,0.85
2025-04-16 22:00,61.42,61.2,61.9,48,0.8
2025-04-16 23:00,61.27,61.0,61.5,49,0.817
2025-04-17 00:00,61.18,61.0,61.4,48,0.8
2025-04-17 01:00,61.12,60.9,61.3,60,1.0
2025-04-17 02:00,61.1,60.8,61.2,60,1.0
2025-04-17 03:00,61.06,60.9,61.3,60,1.0
2025-04-17 04:00,60.93,60.6,61.1,52,0.867
2025-04-17 05:00,60.95,60.6,61.4,58,0.967
2025-04-17 06:00,61.22,60.9,61.4,53,0.883
2025-04-17 07:00,61.22,61.1,61.4,52,0.867
2025-04-17 08:00,61.16,61.0,61.3,46,0.767
2025-04-17 09:00,61.13,60.9,61.3,42,0.7
2025-04-17 10:00,60.82,60.6,61.2,40,0.667
2025-04-17 11:00,60.79,60.5,61.0,39,0.65
2025-04-17 12:00,60.91,60.6,61.1,30,0.5
2025-04-17 13:00,60.9,60.6,61.2,42,0.7
2025-04-17 14:00,61.18,60.8,61.5,40,0.667
2025-04-17 15:00,61.32,61.1,61.6,57,0.95
2025-04-17 16:00,61.63,61.2,61.9,60,1.0
2025-04-17 17:00,61.98,61.7,62.2,60,1.0
2025-04-17 18:00,62.19,61.9,62.5,60,1.0
2025-04-17 19:00,62.32,62.0,62.6,60,1.0
2025-04-17 20:00,62.4,62.0,62.6,60,1.0
2025-04-17 21:00,62.42,62.1,62.7,60,1.0
2025-04-17 22:00,62.41,62.2,62.6,60,1.0
2025-04-17 23:00,62.38,62.1,62.6,47,0.783
2025-04-18 00:00,62.26,62.0,62.5,50,0.833
2025-04-18 01:00,62.17,61.9,62.4,59,0.983
2025-04-18 02:00,62.13,61.9,62.5,60,1.0
2025-04-18 03:00,62.05,61.8,62.4,60,1.0
2025-04-18 04:00,62.02,61.9,62.3,60,1.0
2025-04-18 05:00,62.07,61.8,62.3,60,1.0
2025-04-18 06:00,62.1,61.7,62.3,60,1.0
2025-04-18 07:00,61.78,61.5,62.3,59,0.983
2025-04-18 08:00,61.9,61.6,62.2,56,0.933
2025-04-18 09:00,62.09,61.9,62.3,45,0.75
2025-04-18 10:00,61.83,61.7,62.1,38,0.633
2025-04-18 11:00,61.67,61.5,61.8,50,0.833
2025-04-18 12:00,61.57,61.4,61.9,47,0.783
2025-04-18 13:00,61.56,61.3,61.8,54,0.9
2025-04-18 14:00,61.51,61.2,61.8,60,1.0
2025-04-18 15:00,61.46,61.2,61.8,60,1.0
2025-04-18 16:00,61.43,61.2,61.8,58,0.967
2025-04-18 17:00,61.29,61.0,61.5,60,1.0
2025-04-18 18:00,61.16,60.9,61.5,60,1.0
2025-04-18 19:00,61.22,61.0,61.7,60,1.0
2025-04-18 20:00,61.27,61.0,61.5,60,1.0
2025-04-18 21:00,61.23,61.0,61.4,60,1.0
2025-04-18 22:00,61.18,60.9,61.4,60,1.0
2025-04-18 23:00,61.12,60.8,61.3,59,0.983
2025-04-19 00:00,61.12,60.9,61.3,60,1.0
2025-04-19 01:00,61.08,60.8,61.4,60,1.0
2025-04-19 02:00,61.03,60.8,61.3,60,1.0
2025-04-19 03:00,61.03,60.8,61.2,57,0.95
2025-04-19 04:00,60.91,60.6,61.2,59,0.983
2025-04-19 05:00,60.87,60.6,61.2,59,0.983
2025-04-19 06:00,60.84,60.6,61.1,60,1.0
2025-04-19 07:00,60.77,60.5,61.0,58,0.967
2025-04-19 08:00,60.55,60.2,60.8,59,0.983
2025-04-19 09:00,60.42,60.2,60.8,44,0.733
2025-04-19 10:00,60.45,60.2,60.7,46,0.767
2025-04-19 11:00,60.28,60.0,60.5,51,0.85
2025-04-19 12:00,60.12,59.9,60.4,50,0.833
2025-04-19 13:00,59.99,59.8,60.3,51,0.85
2025-04-19 14:00,59.91,59.8,60.2,58,0.967
2025-04-19 15:00,59.86,59.7,60.1,49,0.817
2025-04-19 16:00,59.82,59.7,60.0,49,0.817
2025-04-19 17:00,59.8,59.7,60.0,54,0.9
2025-04-19 18:00,59.88,59.6,60.2,59,0.983
2025-04-19 19:00,59.85,59.6,60.1,51,0.85
2025-04-19 20:00,59.88,59.6,60.1,58,0.967
2025-04-19 21:00,59.92,59.6,60.1,60,1.0
2025-04-19 22:00,59.92,59.8,60.1,60,1.0
2025-04-19 23:00,59.91,59.6,60.1,60,1.0
2025-04-20 00:00,59.88,59.7,60.1,60,1.0
2025-04-20 01:00,59.82,59.5,60.0,60,1.0
2025-04-20 02:00,59.79,59.5,60.0,60,1.0
2025-04-20 03:00,59.78,59.5,60.0,60,1.0
2025-04-20 04:00,59.78,59.5,60.0,60,1.0
2025-04-20 05:00,59.68,59.5,59.9,60,1.0
2025-04-20 06:00,59.67,59.4,59.9,60,1.0
2025-04-20 07:00,59.54,59.2,59.8,39,0.65
2025-04-22 09:00,57.25,57.0,57.5,53,0.883
2025-04-22 10:00,57.05,56.9,57.4,51,0.85
2025-04-22 11:00,57.12,56.9,57.3,50,0.833
2025-04-22 12:00,57.08,57.0,57.2,57,0.95
2025-04-22 13:00,57.02,56.8,57.2,57,0.95
2025-04-22 14:00,56.97,56.8,57.2,55,0.917
2025-04-22 15:00,56.87,56.6,57.0,59,0.983
2025-04-22 16:00,56.79,56.5,57.0,60,1.0
2025-04-22 17:00,56.76,56.5,57.0,60,1.0
2025-04-22 18:00,56.71,56.5,56.9,60,1.0
2025-04-22 19:00,56.65,56.5,56.9,59,0.983
2025-04-22 20:00,56.62,56.5,56.8,60,1.0
2025-04-22 21:00,56.6,56.5,56.7,60,1.0
2025-04-22 22:00,56.58,56.4,56.7,59,0.983
2025-04-22 23:00,56.57,56.4,56.8,60,1.0
2025-04-23 00:00,56.61,56.4,56.9,60,1.0
2025-04-23 01:00,56.71,56.5,56.9,59,0.983
2025-04-23 02:00,56.69,56.4,57.0,59,0.983
2025-04-23 03:00,56.72,56.5,56.9,59,0.983
2025-04-23 04:00,56.68,56.4,56.8,60,1.0
2025-04-23 05:00,56.66,56.4,57.1,60,1.0
2025-04-23 06:00,56.56,56.4,56.8,60,1.0
2025-04-23 07:00,56.49,56.2,56.8,55,0.917
2025-04-23 08:00,56.36,56.2,56.6,51,0.85
2025-04-23 09:00,56.44,56.3,56.6,48,0.8
2025-04-23 10:00,56.38,56.2,56.6,59,0.983
2025-04-23 11:00,56.31,56.1,56.6,56,0.933
2025-04-23 12:00,56.26,56.0,56.4,53,0.883
2025-04-23 13:00,56.16,56.0,56.3,56,0.933
2025-04-23 14:00,56.07,55.8,56.2,55,0.917
2025-04-23 15:00,55.92,55.7,56.2,57,0.95
2025-04-23 16:00,55.94,55.7,56.2,60,1.0
2025-04-23 17:00,55.95,55.7,56.2,59,0.983
2025-04-23 18:00,56.06,55.9,56.3,60,1.0
2025-04-23 19:00,56.07,55.9,56.3,56,0.933
2025-04-23 20:00,56.01,55.9,56.2,60,1.0
2025-04-23 21:00,55.98,55.8,56.2,60,1.0
2025-04-23 22:00,56.04,55.9,56.3,59,0.983
2025-04-23 23:00,56.02,55.9,56.3,60,1.0
2025-04-24 00:00,56.01,55.8,56.3,60,1.0
2025-04-24 01:00,56.06,55.8,56.3,60,1.0
2025-04-24 02:00,56.12,55.9,56.4,48,0.8
2025-04-24 03:00,56.15,55.9,56.4,53,0.883
2025-04-24 04:00,56.14,55.8,56.3,58,0.967
2025-04-24 05:00,56.15,55.9,56.3,60,1.0
2025-04-24 06:00,56.11,55.9,56.3,60,1.0
2025-04-24 07:00,56.09,55.7,56.4,59,0.983
2025-04-24 08:00,55.89,55.7,56.1,60,1.0
2025-04-24 09:00,55.79,55.5,56.1,56,0.933
2025-04-24 10:00,55.64,55.5,55.9,53,0.883
2025-04-24 11:00,55.64,55.4,55.9,44,0.733
2025-04-24 12:00,55.52,55.4,55.8,58,0.967
2025-04-24 13:00,55.98,55.4,56.7,60,1.0
2025-04-24 14:00,58.44,56.6,60.7,57,0.95
2025-04-24 15:00,62.68,60.8,64.9,38,0.633
2025-04-24 16:00,66.13,65.4,66.5,44,0.733
2025-04-24 17:00,66.69,66.4,67.0,58,0.967
2025-04-24 18:00,66.76,66.6,67.0,58,0.967
2025-04-24 19:00,66.7,66.5,66.9,59,0.983
2025-04-24 20:00,66.52,66.3,66.8,59,0.983
2025-04-24 21:00,66.36,66.2,66.6,60,1.0
2025-04-24 22:00,66.19,66.0,66.5,57,0.95
2025-04-24 23:00,66.04,65.8,66.3,55,0.917
2025-04-25 00:00,65.88,65.6,66.2,54,0.9
2025-04-25 01:00,65.72,65.4,66.1,44,0.733
2025-04-25 02:00,65.61,65.3,66.0,48,0.8
2025-04-25 03:00,65.58,65.3,65.8,50,0.833
2025-04-25 04:00,65.43,65.2,65.7,51,0.85
2025-04-25 05:00,65.31,65.0,65.5,49,0.817
2025-04-25 06:00,65.15,64.8,65.4,50,0.833
2025-04-25 07:00,64.94,64.6,65.2,57,0.95
2025-04-25 08:00,64.79,64.5,65.1,54,0.9
2025-04-25 09:00,64.76,64.6,64.9,55,0.917
2025-04-25 10:00,64.4,64.1,64.7,54,0.9
2025-04-25 11:00,64.13,63.9,64.4,58,0.967
2025-04-25 12:00,63.88,63.7,64.2,55,0.917
2025-04-25 13:00,63.71,63.5,64.0,58,0.967
2025-04-25 14:00,63.5,63.3,63.7,60,1.0
2025-04-25 15:00,63.37,63.2,63.6,58,0.967
2025-04-25 16:00,63.24,63.1,63.4,57,0.95
2025-04-25 17:00,63.13,63.0,63.4,58,0.967
2025-04-25 18:00,63.06,62.9,63.4,60,1.0
2025-04-25 19:00,62.98,62.8,63.3,60,1.0
2025-04-25 20:00,62.93,62.8,63.2,60,1.0
2025-04-25 21:00,62.86,62.7,63.2,58,0.967
2025-04-25 22:00,62.81,62.7,63.1,60,1.0
2025-04-25 23:00,62.78,62.6,63.1,60,1.0
2025-04-26 00:00,62.82,62.5,63.1,60,1.0
2025-04-26 01:00,62.77,62.5,63.0,60,1.0
2025-04-26 02:00,62.68,62.3,62.9,60,1.0
2025-04-26 03:00,62.68,62.4,62.9,60,1.0
2025-04-26 04:00,62.74,62.4,63.0,60,1.0
2025-04-26 05:00,62.62,62.3,63.0,60,1.0
2025-04-26 06:00,62.43,62.2,62.7,60,1.0
2025-04-26 07:00,62.67,62.3,63.0,54,0.9
2025-04-26 08:00,62.91,62.7,63.1,48,0.8
2025-04-26 09:00,62.86,62.7,63.1,59,0.983
2025-04-26 10:00,62.86,62.7,63.1,49,0.817
2025-04-26 11:00,62.84,62.6,63.2,59,0.983
2025-04-26 12:00,62.79,62.6,63.1,59,0.983
2025-04-26 13:00,62.68,62.5,63.0,60,1.0
2025-04-26 14:00,62.66,62.5,63.0,60,1.0
2025-04-26 15:00,62.58,62.4,62.8,60,1.0
2025-04-26 16:00,62.53,62.4,62.8,60,1.0
2025-04-26 17:00,62.5,62.3,62.8,60,1.0
2025-04-26 18:00,62.43,62.3,62.7,60,1.0
2025-04-26 19:00,62.41,62.2,62.7,60,1.0
2025-04-26 20:00,62.31,62.2,62.6,60,1.0
2025-04-26 21:00,62.28,62.1,62.5,60,1.0
2025-04-26 22:00,62.24,62.0,62.5,60,1.0
2025-04-26 23:00,62.18,62.0,62.5,60,1.0
2025-04-27 00:00,62.15,62.0,62.4,46,0.767
2025-04-27 01:00,62.14,61.9,62.4,49,0.817
2025-04-27 02:00,62.05,61.9,62.4,58,0.967
2025-04-27 03:00,62.04,61.8,62.4,60,1.0
2025-04-27 04:00,61.98,61.8,62.3,60,1.0
2025-04-27 05:00,62.01,61.8,62.3,60,1.0
2025-04-27 06:00,61.97,61.7,62.4,60,1.0
2025-04-27 07:00,61.88,61.5,62.2,60,1.0
2025-04-27 08:00,61.52,61.2,61.9,59,0.983
2025-04-27 09:00,61.41,61.2,61.7,58,0.967
2025-04-27 10:00,61.22,60.8,61.5,60,1.0
2025-04-27 11:00,60.97,60.8,61.2,58,0.967
2025-04-27 12:00,60.89,60.6,61.1,59,0.983
2025-04-27 13:00,60.7,60.5,60.9,60,1.0
2025-04-27 14:00,60.56,60.4,60.8,60,1.0
2025-04-27 15:00,60.38,60.1,60.6,60,1.0
2025-04-27 16:00,60.29,60.1,60.5,60,1.0
2025-04-27 17:00,60.21,60.0,60.4,60,1.0
2025-04-27 18:00,60.2,60.0,60.4,60,1.0
2025-04-27 19:00,60.1,59.8,60.3,59,0.983
2025-04-27 20:00,60.04,59.8,60.3,60,1.0
2025-04-27 21:00,59.93,59.7,60.2,60,1.0
2025-04-27 22:00,59.86,59.7,60.1,60,1.0
2025-04-27 23:00,59.81,59.6,60.0,60,1.0
2025-04-28 00:00,59.78,59.6,60.0,60,1.0
2025-04-28 01:00,59.72,59.6,59.8,60,1.0
2025-04-28 02:00,59.72,59.6,59.9,60,1.0
2025-04-28 03:00,59.65,59.5,59.8,60,1.0
2025-04-28 04:00,59.63,59.5,59.8,60,1.0
2025-04-28 05:00,59.61,59.5,59.8,60,1.0
2025-04-28 06:00,59.62,59.4,59.9,60,1.0
2025-04-28 07:00,59.59,59.3,59.8,30,0.5
2025-04-28 08:00,59.28,59.1,59.6,45,0.75
2025-04-28 09:00,59.14,58.9,59.6,60,1.0
2025-04-28 10:00,58.96,58.8,59.3,60,1.0
2025-04-28 11:00,58.78,58.6,59.1,60,1.0
2025-04-28 12:00,58.72,58.5,59.0,60,1.0
2025-04-28 13:00,58.57,58.3,58.8,59,0.983
2025-04-28 14:00,58.38,58.2,58.7,58,0.967
2025-04-28 15:00,58.33,58.1,58.5,48,0.8
2025-04-28 16:00,58.23,57.9,58.4,58,0.967
2025-04-28 17:00,58.18,58.0,58.4,60,1.0
2025-04-28 18:00,58.14,58.0,58.3,60,1.0
2025-04-28 19:00,58.13,58.0,58.3,60,1.0
2025-04-28 20:00,58.08,57.8,58.3,60,1.0
2025-04-28 21:00,57.99,57.8,58.2,60,1.0
2025-04-28 22:00,57.98,57.8,58.1,60,1.0
2025-04-28 23:00,57.87,57.7,58.1,60,1.0
2025-04-29 00:00,57.77,57.6,58.2,60,1.0
2025-04-29 01:00,57.71,57.6,58.0,59,0.983
2025-04-29 02:00,57.67,57.5,57.9,60,1.0
2025-04-29 03:00,57.67,57.5,57.9,60,1.0
2025-04-29 04:00,57.62,57.5,57.7,60,1.0
2025-04-29 05:00,57.58,57.4,57.8,60,1.0
2025-04-29 06:00,57.59,57.5,57.9,60,1.0
2025-04-29 07:00,57.52,57.2,57.9,60,1.0
2025-04-29 08:00,57.22,57.1,57.5,55,0.917
2025-04-29 09:00,57.14,56.9,57.4,54,0.9
2025-04-29 10:00,56.99,56.8,57.3,58,0.967
2025-04-29 11:00,56.77,56.6,57.1,56,0.933
2025-04-29 12:00,56.61,56.4,56.9,49,0.817
2025-04-29 13:00,56.54,56.3,56.8,53,0.883
2025-04-29 14:00,56.52,56.3,56.7,59,0.983
2025-04-29 15:00,56.46,56.3,56.6,59,0.983
2025-04-29 16:00,56.42,56.2,56.6,60,1.0
2025-04-29 17:00,56.38,56.2,56.5,60,1.0
2025-04-29 18:00,56.3,56.2,56.5,60,1.0
2025-04-29 19:00,56.26,56.1,56.4,60,1.0
2025-04-29 20:00,56.24,56.1,56.4,60,1.0
2025-04-29 21:00,56.19,56.0,56.4,60,1.0
2025-04-29 22:00,56.13,55.9,56.4,60,1.0
2025-04-29 23:00,56.04,55.8,56.2,60,1.0
2025-04-30 00:00,56.0,55.8,56.3,60,1.0
2025-04-30 01:00,55.96,55.8,56.2,60,1.0
2025-04-30 02:00,55.9,55.7,56.1,60,1.0
2025-04-30 03:00,55.84,55.7,56.0,60,1.0
2025-04-30 04:00,55.79,55.7,56.0,60,1.0
2025-04-30 05:00,55.77,55.7,56.1,60,1.0
2025-04-30 06:00,55.77,55.6,56.1,60,1.0
2025-04-30 07:00,55.68,55.5,56.0,59,0.983
2025-04-30 08:00,55.5,55.3,55.7,55,0.917
2025-04-30 09:00,55.43,55.2,55.7,41,0.683
2025-04-30 10:00,55.28,55.0,55.5,40,0.667
2025-04-30 11:00,55.08,54.9,55.4,45,0.75
2025-04-30 12:00,55.09,54.8,55.3,53,0.883
2025-04-30 13:00,55.02,54.9,55.2,48,0.8
2025-04-30 14:00,54.9,54.7,55.1,55,0.917
2025-04-30 15:00,54.84,54.7,55.0,59,0.983
2025-04-30 16:00,54.8,54.6,54.9,60,1.0
2025-04-30 17:00,54.77,54.6,54.9,60,1.0
2025-04-30 18:00,54.77,54.6,54.9,60,1.0
2025-04-30 19:00,54.72,54.6,54.8,60,1.0
2025-04-30 20:00,54.69,54.5,54.8,60,1.0
2025-04-30 21:00,54.64,54.4,54.8,60,1.0
2025-04-30 22:00,54.54,54.3,54.8,60,1.0
2025-04-30 23:00,54.48,54.3,54.8,60,1.0
2025-05-01 00:00,54.44,54.3,54.8,60,1.0
2025-05-01 01:00,54.47,54.3,54.7,59,0.983
2025-05-01 02:00,54.39,54.2,54.7,60,1.0
2025-05-01 03:00,54.38,54.2,54.7,60,1.0
2025-05-01 04:00,54.32,54.2,54.6,58,0.967
2025-05-01 05:00,54.31,54.2,54.5,58,0.967
2025-05-01 06:00,54.3,54.2,54.6,60,1.0
2025-05-01 07:00,54.2,54.0,54.5,56,0.933
2025-05-01 08:00,54.07,53.9,54.5,37,0.617
2025-05-01 09:00,54.0,53.8,54.2,28,0.467
2025-05-01 10:00,53.82,53.6,54.0,31,0.517
2025-05-01 11:00,53.73,53.5,53.9,35,0.583
2025-05-01 12:00,53.6,53.4,53.9,33,0.55
2025-05-01 13:00,53.51,53.2,53.7,34,0.567
2025-05-01 14:00,53.42,53.2,53.6,37,0.617
2025-05-01 15:00,53.34,53.2,53.5,40,0.667
2025-05-01 16:00,53.34,53.2,53.5,32,0.533
2025-05-01 17:00,53.28,53.2,53.3,14,0.233
2025-05-01 18:00,53.27,53.2,53.3,3,0.05
2025-05-01 19:00,53.3,53.3,53.3,1,0.017
2025-05-01 21:00,53.3,53.3,53.3,1,0.017
2025-05-01 22:00,53.3,53.3,53.3,1,0.017
2025-05-01 23:00,53.2,53.2,53.2,1,0.017
2025-05-02 00:00,53.3,53.3,53.3,1,0.017
2025-05-02 01:00,53.02,53.0,53.1,6,0.1
2025-05-02 02:00,53.05,53.0,53.1,2,0.033
2025-05-02 04:00,53.2,53.2,53.2,1,0.017
2025-05-02 06:00,53.04,52.8,53.2,7,0.117
2025-05-02 07:00,52.91,52.7,53.3,49,0.817
2025-05-02 08:00,52.73,52.6,53.0,29,0.483
2025-05-02 09:00,52.69,52.5,52.9,25,0.417
2025-05-02 10:00,52.52,52.3,52.9,37,0.617
2025-05-02 11:00,52.45,52.2,52.7,40,0.667
2025-05-02 12:00,52.38,52.1,52.6,39,0.65
2025-05-02 13:00,52.27,52.1,52.5,44,0.733
2025-05-02 14:00,52.2,52.1,52.3,31,0.517
2025-05-02 15:00,52.18,52.0,52.3,42,0.7
2025-05-02 16:00,52.17,52.1,52.3,52,0.867
2025-05-02 17:00,52.13,51.9,52.3,51,0.85
2025-05-02 18:00,52.15,52.0,52.3,48,0.8
2025-05-02 19:00,52.14,52.0,52.3,31,0.517
2025-05-03 07:00,51.87,51.7,52.0,3,0.05
2025-05-03 08:00,51.77,51.6,51.9,7,0.117
2025-05-03 09:00,51.56,51.5,51.8,14,0.233
2025-05-03 10:00,51.42,51.3,51.6,12,0.2
2025-05-03 11:00,51.3,51.1,51.6,24,0.4
2025-05-03 12:00,51.25,51.1,51.3,12,0.2
2025-05-03 13:00,51.18,51.1,51.3,17,0.283
2025-05-03 14:00,51.13,51.0,51.3,7,0.117
2025-05-03 15:00,50.9,50.9,50.9,2,0.033
2025-05-03 16:00,50.96,50.8,51.1,7,0.117
2025-05-03 17:00,50.9,50.9,50.9,1,0.017
2025-05-04 07:00,50.34,50.2,50.4,8,0.133
2025-05-04 08:00,50.31,50.2,50.5,12,0.2
2025-05-04 09:00,50.22,50.1,50.3,6,0.1
2025-05-04 10:00,50.12,49.9,50.3,12,0.2
2025-05-04 11:00,49.94,49.8,50.2,7,0.117
2025-05-04 12:00,49.72,49.6,49.8,20,0.333
2025-05-04 13:00,49.6,49.5,49.7,9,0.15
2025-05-04 14:00,49.42,49.3,49.5,6,0.1
2025-05-04 15:00,49.4,49.4,49.4,1,0.017
2025-05-04 16:00,49.3,49.3,49.3,1,0.017
2025-05-04 18:00,49.23,49.1,49.4,17,0.283
2025-05-04 19:00,49.3,49.3,49.3,3,0.05
2025-05-04 22:00,49.2,49.2,49.2,1,0.017
2025-05-04 23:00,49.23,49.1,49.4,3,0.05
2025-05-05 00:00,49.05,49.0,49.1,2,0.033
2025-05-05 01:00,49.1,49.0,49.2,3,0.05
2025-05-05 02:00,49.05,49.0,49.1,2,0.033
2025-05-05 03:00,49.04,48.9,49.2,7,0.117
2025-05-05 04:00,49.0,48.9,49.2,24,0.4
2025-05-05 05:00,49.08,48.9,49.3,19,0.317
2025-05-05 06:00,49.11,49.0,49.3,15,0.25
2025-05-05 07:00,48.9,48.8,49.1,8,0.133
2025-05-05 08:00,48.76,48.6,48.9,16,0.267
2025-05-05 09:00,48.61,48.5,48.9,18,0.3
2025-05-05 10:00,48.42,48.3,48.7,16,0.267
2025-05-05 11:00,48.28,48.1,48.5,26,0.433
2025-05-05 12:00,48.43,48.2,48.7,60,1.0
2025-05-05 13:00,48.53,48.4,48.7,60,1.0
2025-05-05 14:00,48.53,48.4,48.7,53,0.883
2025-05-05 15:00,48.55,48.4,48.6,32,0.533
2025-05-05 16:00,48.52,48.4,48.7,32,0.533
2025-05-05 17:00,48.41,48.2,48.6,32,0.533
2025-05-05 18:00,48.37,48.2,48.5,31,0.517
2025-05-05 19:00,48.34,48.2,48.4,29,0.483
2025-05-05 20:00,48.3,48.3,48.3,2,0.033
2025-05-05 21:00,48.4,48.4,48.4,1,0.017
2025-05-05 22:00,48.35,48.3,48.4,6,0.1
2025-05-05 23:00,48.4,48.4,48.4,1,0.017
2025-05-06 00:00,48.28,48.2,48.4,13,0.217
2025-05-06 01:00,48.24,48.1,48.4,5,0.083
2025-05-06 02:00,48.26,48.1,48.4,5,0.083
2025-05-06 03:00,48.3,48.3,48.3,1,0.017
2025-05-06 04:00,48.16,48.0,48.3,5,0.083
2025-05-06 05:00,48.15,48.0,48.3,2,0.033
2025-05-06 06:00,48.24,48.1,48.3,11,0.183
2025-05-06 07:00,48.29,48.1,48.4,24,0.4
2025-05-06 08:00,48.01,47.9,48.2,35,0.583
2025-05-06 09:00,47.84,47.6,48.1,37,0.617
2025-05-06 10:00,47.66,47.4,47.9,39,0.65
2025-05-06 11:00,47.44,47.2,47.7,36,0.6
2025-05-06 12:00,47.29,47.1,47.5,18,0.3
2025-05-06 13:00,47.21,47.0,47.4,13,0.217
2025-05-06 14:00,47.2,47.0,47.4,14,0.233
2025-05-06 15:00,47.16,47.1,47.3,15,0.25
2025-05-06 16:00,47.16,47.1,47.3,7,0.117
2025-05-06 17:00,47.13,47.0,47.3,10,0.167
2025-05-06 18:00,47.13,47.0,47.3,13,0.217
2025-05-06 19:00,47.11,47.0,47.2,25,0.417
2025-05-06 20:00,47.12,47.0,47.3,40,0.667
2025-05-06 21:00,47.12,47.0,47.4,36,0.6
2025-05-06 22:00,47.11,47.0,47.2,37,0.617
2025-05-06 23:00,47.08,46.9,47.2,48,0.8
2025-05-07 00:00,47.07,46.9,47.2,58,0.967
2025-05-07 01:00,47.03,46.8,47.2,56,0.933
2025-05-07 02:00,46.96,46.8,47.1,58,0.967
2025-05-07 03:00,46.98,46.8,47.2,59,0.983
2025-05-07 04:00,46.99,46.8,47.2,55,0.917
2025-05-07 05:00,46.94,46.8,47.2,59,0.983
2025-05-07 06:00,46.92,46.7,47.1,52,0.867
2025-05-07 07:00,46.82,46.6,47.1,33,0.55
2025-05-07 08:00,46.62,46.4,46.9,37,0.617
2025-05-07 09:00,46.56,46.4,46.7,31,0.517
2025-05-07 10:00,46.37,46.2,46.7,28,0.467
2025-05-07 11:00,46.11,45.9,46.4,36,0.6
2025-05-07 12:00,45.95,45.8,46.1,40,0.667
2025-05-07 13:00,45.85,45.6,46.1,43,0.717
2025-05-07 14:00,45.79,45.6,46.1,40,0.667
2025-05-07 15:00,45.67,45.5,45.8,36,0.6
2025-05-07 16:00,45.72,45.6,46.0,23,0.383
2025-05-07 17:00,45.65,45.5,46.0,26,0.433
2025-05-07 18:00,45.61,45.5,45.8,34,0.567
2025-05-07 19:00,45.61,45.5,45.8,16,0.267
2025-05-07 20:00,45.57,45.4,45.7,48,0.8
2025-05-07 21:00,45.54,45.3,45.8,59,0.983
2025-05-07 22:00,45.57,45.4,45.7,50,0.833
2025-05-07 23:00,45.56,45.5,45.7,51,0.85
2025-05-08 00:00,45.54,45.4,45.7,45,0.75
2025-05-08 01:00,45.51,45.4,45.7,47,0.783
2025-05-08 02:00,45.49,45.4,45.6,47,0.783
2025-05-08 03:00,45.47,45.4,45.6,58,0.967
2025-05-08 04:00,45.46,45.3,45.6,58,0.967
2025-05-08 05:00,45.44,45.3,45.6,57,0.95
2025-05-08 06:00,45.38,45.1,45.6,59,0.983
2025-05-08 07:00,45.4,45.2,45.5,58,0.967
2025-05-08 08:00,45.33,45.2,45.5,60,1.0
2025-05-08 09:00,45.27,45.1,45.4,58,0.967
2025-05-08 10:00,45.13,44.9,45.5,55,0.917
2025-05-08 11:00,44.95,44.8,45.1,43,0.717
2025-05-08 12:00,44.78,44.7,45.0,41,0.683
2025-05-08 13:00,44.64,44.5,44.9,37,0.617
2025-05-08 14:00,44.55,44.4,44.7,34,0.567
2025-05-08 15:00,44.43,44.3,44.6,16,0.267
2025-05-08 16:00,44.38,44.3,44.5,44,0.733
2025-05-08 17:00,44.34,44.2,44.5,59,0.983
2025-05-08 18:00,44.32,44.1,44.5,57,0.95
2025-05-08 19:00,44.31,44.2,44.4,60,1.0
2025-05-08 20:00,44.26,44.0,44.4,54,0.9
2025-05-08 21:00,44.22,44.0,44.4,59,0.983
2025-05-08 22:00,44.25,44.1,44.4,60,1.0
2025-05-08 23:00,44.24,44.0,44.4,59,0.983
2025-05-09 00:00,44.22,44.1,44.4,60,1.0
2025-05-09 01:00,44.2,44.0,44.4,60,1.0
2025-05-09 02:00,44.16,43.9,44.4,59,0.983
2025-05-09 03:00,44.13,43.9,44.3,60,1.0
2025-05-09 04:00,44.08,43.9,44.3,60,1.0
2025-05-09 05:00,44.08,43.9,44.3,60,1.0
2025-05-09 06:00,44.12,44.0,44.3,60,1.0
2025-05-09 07:00,43.97,43.8,44.2,36,0.6
2025-05-09 08:00,43.7,43.6,43.8,21,0.35
2025-05-09 09:00,43.54,43.4,43.7,28,0.467
2025-05-09 10:00,43.44,43.2,43.6,39,0.65
2025-05-09 11:00,43.43,43.2,43.6,44,0.733
2025-05-09 12:00,43.36,43.2,43.5,60,1.0
2025-05-09 13:00,43.24,43.0,43.5,38,0.633
2025-05-09 14:00,43.13,42.8,43.3,40,0.667
2025-05-09 15:00,43.03,42.9,43.2,37,0.617
2025-05-09 16:00,42.99,42.8,43.2,60,1.0
2025-05-09 17:00,42.91,42.7,43.1,60,1.0
2025-05-09 18:00,42.92,42.8,43.1,60,1.0
2025-05-09 19:00,42.93,42.8,43.2,46,0.767
2025-05-09 20:00,42.92,42.8,43.0,60,1.0
2025-05-09 21:00,42.88,42.7,43.0,60,1.0
2025-05-09 22:00,42.89,42.7,43.0,59,0.983
2025-05-09 23:00,42.88,42.7,43.2,60,1.0
2025-05-10 00:00,42.85,42.7,43.0,60,1.0
2025-05-10 01:00,42.82,42.6,43.1,60,1.0
2025-05-10 02:00,42.82,42.6,43.0,60,1.0
2025-05-10 03:00,42.79,42.6,42.9,59,0.983
2025-05-10 04:00,42.75,42.5,42.9,60,1.0
2025-05-10 05:00,42.72,42.5,42.9,60,1.0
2025-05-10 06:00,42.69,42.5,42.9,60,1.0
2025-05-10 07:00,42.61,42.4,42.8,50,0.833
2025-05-10 08:00,42.44,42.2,42.7,23,0.383
2025-05-10 09:00,42.28,42.1,42.5,24,0.4
2025-05-10 10:00,42.15,41.9,42.3,26,0.433
2025-05-10 11:00,42.01,41.8,42.2,34,0.567
2025-05-10 12:00,41.79,41.6,42.0,37,0.617
2025-05-10 13:00,41.64,41.4,41.9,45,0.75
2025-05-10 14:00,41.51,41.4,41.7,46,0.767
2025-05-10 15:00,41.44,41.3,41.7,56,0.933
2025-05-10 16:00,41.38,41.3,41.6,60,1.0
2025-05-10 17:00,41.36,41.2,41.6,59,0.983
2025-05-10 18:00,41.37,41.2,41.6,60,1.0
2025-05-10 19:00,41.36,41.2,41.6,60,1.0
2025-05-10 20:00,41.35,41.1,41.7,60,1.0
2025-05-10 21:00,41.42,41.2,41.6,60,1.0
2025-05-10 22:00,41.42,41.2,41.6,60,1.0
2025-05-10 23:00,41.47,41.3,41.6,60,1.0
2025-05-11 00:00,41.44,41.3,41.6,60,1.0
2025-05-11 01:00,41.44,41.3,41.6,60,1.0
2025-05-11 02:00,41.44,41.3,41.6,60,1.0
2025-05-11 03:00,41.44,41.3,41.5,60,1.0
2025-05-11 04:00,41.44,41.3,41.7,60,1.0
2025-05-11 05:00,41.43,41.3,41.6,59,0.983
2025-05-11 06:00,41.4,41.2,41.6,60,1.0
2025-05-11 07:00,41.28,41.1,41.5,60,1.0
2025-05-11 08:00,41.27,41.1,41.5,55,0.917
2025-05-11 09:00,41.24,41.0,41.4,57,0.95
2025-05-11 10:00,41.14,41.0,41.3,56,0.933
2025-05-11 11:00,41.09,40.9,41.5,60,1.0
2025-05-11 12:00,41.03,40.8,41.2,60,1.0
2025-05-11 13:00,41.08,40.9,41.2,60,1.0
2025-05-11 14:00,41.37,41.0,41.6,60,1.0
2025-05-11 15:00,41.54,41.4,41.7,60,1.0
2025-05-11 16:00,41.47,41.3,41.6,60,1.0
2025-05-11 17:00,41.42,41.3,41.6,60,1.0
2025-05-11 18:00,41.39,41.3,41.7,60,1.0
2025-05-11 19:00,41.36,41.1,41.5,60,1.0
2025-05-11 20:00,41.36,41.1,41.5,60,1.0
2025-05-11 21:00,41.38,41.2,41.5,60,1.0
2025-05-11 22:00,41.38,41.2,41.5,50,0.833
2025-05-11 23:00,41.37,41.2,41.5,52,0.867
2025-05-12 00:00,41.36,41.3,41.5,60,1.0
2025-05-12 01:00,41.34,41.2,41.5,60,1.0
2025-05-12 02:00,41.33,41.2,41.5,60,1.0
2025-05-12 03:00,41.29,41.1,41.4,60,1.0
2025-05-12 04:00,41.27,41.1,41.4,60,1.0
2025-05-12 05:00,41.25,41.1,41.4,59,0.983
2025-05-12 06:00,41.2,41.0,41.4,60,1.0
2025-05-12 07:00,41.1,40.9,41.3,60,1.0
2025-05-12 08:00,40.92,40.7,41.1,52,0.867
2025-05-12 09:00,40.73,40.5,40.9,39,0.65
2025-05-12 10:00,40.55,40.4,40.8,44,0.733
2025-05-12 11:00,40.4,40.3,40.8,34,0.567
2025-05-12 12:00,40.23,40.0,40.4,41,0.683
2025-05-12 13:00,40.15,39.9,40.3,41,0.683
2025-05-12 14:00,40.0,39.8,40.2,54,0.9
2025-05-12 15:00,39.9,39.7,40.2,60,1.0
2025-05-12 16:00,39.85,39.7,40.1,56,0.933
2025-05-12 17:00,39.81,39.6,40.0,58,0.967
2025-05-12 18:00,39.77,39.6,39.9,60,1.0
2025-05-12 19:00,39.73,39.6,40.0,59,0.983
2025-05-12 20:00,39.73,39.6,40.0,60,1.0
2025-05-12 21:00,39.68,39.5,39.9,60,1.0
2025-05-12 22:00,39.73,39.5,40.1,60,1.0
2025-05-12 23:00,39.75,39.6,39.9,60,1.0
2025-05-13 00:00,39.76,39.5,39.9,60,1.0
2025-05-13 01:00,39.8,39.7,40.0,60,1.0
2025-05-13 02:00,39.79,39.7,39.9,60,1.0
2025-05-13 03:00,39.78,39.6,39.9,60,1.0
2025-05-13 04:00,39.77,39.5,39.9,60,1.0
2025-05-13 05:00,39.75,39.6,39.9,58,0.967
2025-05-13 06:00,39.72,39.5,39.9,59,0.983
2025-05-13 07:00,39.69,39.5,39.8,48,0.8
2025-05-13 08:00,39.62,39.4,39.8,36,0.6
2025-05-13 09:00,39.55,39.4,39.7,31,0.517
2025-05-13 10:00,39.35,39.2,39.5,33,0.55
2025-05-13 11:00,39.23,39.0,39.4,52,0.867
2025-05-13 12:00,39.1,38.9,39.3,53,0.883
2025-05-13 13:00,39.02,38.8,39.2,54,0.9
2025-05-13 14:00,38.94,38.8,39.2,55,0.917
2025-05-13 15:00,38.84,38.7,39.2,60,1.0
2025-05-13 16:00,38.74,38.6,38.9,57,0.95
2025-05-13 17:00,38.75,38.6,38.9,47,0.783
2025-05-13 18:00,38.76,38.6,39.0,48,0.8
2025-05-13 19:00,38.76,38.6,38.9,57,0.95
2025-05-13 20:00,38.75,38.6,38.9,60,1.0
2025-05-13 21:00,38.79,38.7,39.0,59,0.983
2025-05-13 22:00,38.82,38.6,39.0,60,1.0
2025-05-13 23:00,38.87,38.7,39.1,60,1.0
2025-05-14 00:00,38.84,38.6,39.0,60,1.0
2025-05-14 01:00,38.84,38.7,39.0,60,1.0
2025-05-14 02:00,38.86,38.7,39.0,60,1.0
2025-05-14 03:00,38.84,38.7,39.0,60,1.0
2025-05-14 04:00,38.84,38.7,39.0,60,1.0
2025-05-14 05:00,38.82,38.7,38.9,60,1.0
2025-05-14 06:00,38.79,38.6,38.9,60,1.0
2025-05-14 07:00,38.74,38.5,38.9,58,0.967
2025-05-14 08:00,38.61,38.4,38.8,51,0.85
2025-05-14 09:00,38.48,38.3,38.7,42,0.7
2025-05-14 10:00,38.42,38.2,38.7,37,0.617
2025-05-14 11:00,38.36,38.2,38.6,33,0.55
2025-05-14 12:00,38.21,38.0,38.4,32,0.533
2025-05-14 13:00,38.06,37.9,38.3,35,0.583
2025-05-14 14:00,38.0,37.8,38.2,49,0.817
2025-05-14 15:00,37.9,37.7,38.1,58,0.967
2025-05-14 16:00,37.83,37.6,38.0,58,0.967
2025-05-14 17:00,37.77,37.6,38.0,58,0.967
2025-05-14 18:00,37.78,37.6,38.1,60,1.0
2025-05-14 19:00,37.73,37.5,37.9,60,1.0
2025-05-14 20:00,37.65,37.5,37.9,60,1.0
2025-05-14 21:00,37.66,37.5,37.9,60,1.0
2025-05-14 22:00,37.77,37.5,38.7,60,1.0
2025-05-14 23:00,38.28,38.0,38.5,60,1.0
2025-05-15 00:00,38.26,38.1,38.4,60,1.0
2025-05-15 01:00,38.22,38.0,38.4,60,1.0
2025-05-15 02:00,38.21,38.0,38.4,60,1.0
2025-05-15 03:00,38.2,38.0,38.4,60,1.0
2025-05-15 04:00,38.2,38.0,38.4,60,1.0
2025-05-15 05:00,38.14,37.9,38.3,60,1.0
2025-05-15 06:00,38.15,37.9,38.3,60,1.0
2025-05-15 07:00,38.06,37.8,38.3,60,1.0
2025-05-15 08:00,37.98,37.8,38.3,60,1.0
2025-05-15 09:00,37.98,37.7,38.2,60,1.0
2025-05-15 10:00,37.93,37.7,38.1,59,0.983
2025-05-15 11:00,37.88,37.7,38.0,57,0.95
2025-05-15 12:00,37.78,37.6,38.0,60,1.0
2025-05-15 13:00,37.69,37.5,38.0,59,0.983
2025-05-15 14:00,37.54,37.3,37.9,49,0.817
2025-05-15 15:00,37.06,36.9,37.3,30,0.5
2025-05-15 16:00,37.08,36.9,37.2,4,0.067
2025-05-15 17:00,37.07,36.9,37.3,12,0.2
2025-05-15 18:00,37.05,37.0,37.2,20,0.333
2025-05-15 19:00,37.04,36.9,37.2,55,0.917
2025-05-15 20:00,37.04,36.9,37.3,59,0.983
2025-05-15 21:00,37.07,36.9,37.2,60,1.0
2025-05-15 22:00,37.08,36.9,37.2,60,1.0
2025-05-15 23:00,37.07,36.9,37.2,59,0.983
2025-05-16 00:00,37.1,36.9,37.3,60,1.0
2025-05-16 01:00,37.09,36.9,37.2,60,1.0
2025-05-16 02:00,37.08,36.9,37.2,60,1.0
2025-05-16 03:00,37.09,37.0,37.2,59,0.983
2025-05-16 04:00,37.09,36.9,37.3,60,1.0
2025-05-16 05:00,37.08,36.9,37.2,56,0.933
2025-05-16 06:00,37.05,36.9,37.2,59,0.983
2025-05-16 07:00,37.03,36.8,37.2,55,0.917
2025-05-16 08:00,37.02,36.9,37.1,55,0.917
2025-05-16 09:00,36.95,36.7,37.1,57,0.95
2025-05-16 10:00,36.89,36.7,37.1,56,0.933
2025-05-16 11:00,36.92,36.8,37.2,57,0.95
2025-05-16 12:00,36.88,36.7,37.1,59,0.983
2025-05-16 13:00,36.87,36.7,37.2,58,0.967
2025-05-16 14:00,36.94,36.8,37.2,59,0.983
2025-05-16 15:00,36.97,36.8,37.2,55,0.917
2025-05-16 16:00,36.98,36.8,37.2,58,0.967
2025-05-16 17:00,36.98,36.8,37.2,57,0.95
2025-05-16 18:00,36.86,36.7,37.1,60,1.0
2025-05-16 19:00,36.92,36.6,37.2,52,0.867
2025-05-16 20:00,36.96,36.8,37.1,51,0.85
2025-05-16 21:00,37.01,36.8,37.5,57,0.95
2025-05-16 22:00,37.04,36.8,37.3,57,0.95
2025-05-16 23:00,36.98,36.8,37.2,60,1.0
2025-05-17 00:00,37.0,36.8,37.2,58,0.967
2025-05-17 01:00,37.04,36.8,37.3,52,0.867
2025-05-17 02:00,36.91,36.7,37.2,60,1.0
2025-05-17 03:00,36.88,36.7,37.1,60,1.0
2025-05-17 04:00,36.95,36.7,37.2,59,0.983
2025-05-17 05:00,36.99,36.8,37.1,60,1.0
2025-05-17 06:00,36.86,36.6,37.3,60,1.0
2025-05-17 07:00,36.79,36.6,37.0,60,1.0
2025-05-17 08:00,36.74,36.6,37.0,58,0.967
2025-05-17 09:00,36.81,36.7,37.0,57,0.95
2025-05-17 10:00,36.79,36.5,37.0,55,0.917
2025-05-17 11:00,36.82,36.6,37.0,51,0.85
2025-05-17 12:00,36.74,36.5,37.2,48,0.8
2025-05-17 13:00,36.64,36.5,36.8,48,0.8
2025-05-17 14:00,36.64,36.4,36.8,52,0.867
2025-05-17 15:00,36.59,36.3,36.8,58,0.967
2025-05-17 16:00,36.52,36.3,36.8,60,1.0
2025-05-17 17:00,36.45,36.3,36.7,60,1.0
2025-05-17 18:00,36.4,36.2,36.7,60,1.0
2025-05-17 19:00,36.35,36.2,36.6,60,1.0
2025-05-17 20:00,36.28,36.1,36.5,59,0.983
2025-05-17 21:00,36.27,36.1,36.5,60,1.0
2025-05-17 22:00,36.23,36.0,36.5,58,0.967
2025-05-17 23:00,36.21,36.0,36.5,59,0.983
2025-05-18 00:00,36.23,36.0,36.4,60,1.0
2025-05-18 01:00,36.24,36.0,36.5,60,1.0
2025-05-18 02:00,36.18,35.9,36.4,60,1.0
2025-05-18 03:00,36.17,35.9,36.4,60,1.0
2025-05-18 04:00,35.78,34.6,36.3,60,1.0
2025-05-18 05:00,35.35,34.8,35.9,48,0.8
2025-05-18 06:00,35.46,35.2,35.7,60,1.0
2025-05-18 07:00,35.22,35.0,35.4,51,0.85
2025-05-18 08:00,35.16,34.9,35.4,57,0.95
2025-05-18 09:00,35.08,34.9,35.3,56,0.933
2025-05-18 10:00,35.02,34.8,35.2,34,0.567
2025-05-18 11:00,34.96,34.8,35.1,47,0.783
2025-05-18 12:00,34.98,34.8,35.2,41,0.683
2025-05-18 13:00,35.0,34.8,35.2,55,0.917
2025-05-18 14:00,35.02,34.9,35.2,41,0.683
2025-05-18 15:00,35.06,34.9,35.2,44,0.733
2025-05-18 16:00,35.11,35.0,35.4,44,0.733
2025-05-18 17:00,35.16,35.0,35.3,23,0.383
2025-05-18 18:00,35.22,35.1,35.4,34,0.567
2025-05-18 19:00,35.25,35.1,35.4,33,0.55
2025-05-18 20:00,35.31,35.2,35.5,57,0.95
2025-05-18 21:00,35.35,35.2,35.6,54,0.9
2025-05-18 22:00,35.4,35.3,35.6,52,0.867
2025-05-18 23:00,35.44,35.3,35.6,60,1.0
2025-05-19 00:00,35.54,35.4,35.7,57,0.95
2025-05-19 01:00,35.57,35.4,35.8,60,1.0
2025-05-19 02:00,35.59,35.4,35.8,58,0.967
2025-05-19 03:00,35.58,35.5,35.7,54,0.9
2025-05-19 04:00,35.6,35.5,35.8,60,1.0
2025-05-19 05:00,35.66,35.5,35.8,59,0.983
2025-05-19 06:00,35.67,35.5,35.8,60,1.0
2025-05-19 07:00,35.65,35.5,35.8,50,0.833
2025-05-19 08:00,35.64,35.4,35.8,47,0.783
2025-05-19 09:00,35.68,35.5,35.8,33,0.55
2025-05-19 10:00,35.65,35.5,35.9,35,0.583
2025-05-19 11:00,35.59,35.5,35.7,34,0.567
2025-05-19 12:00,35.62,35.5,35.8,45,0.75
2025-05-19 13:00,35.54,35.4,35.7,49,0.817
2025-05-19 14:00,35.51,35.3,35.6,55,0.917
2025-05-19 15:00,35.49,35.3,35.8,58,0.967
2025-05-19 16:00,35.5,35.3,35.8,60,1.0
2025-05-19 17:00,35.53,35.4,35.7,60,1.0
2025-05-19 18:00,35.5,35.3,35.7,60,1.0
2025-05-19 19:00,35.48,35.3,35.7,58,0.967
2025-05-19 20:00,35.45,35.3,35.6,60,1.0
2025-05-19 21:00,35.47,35.3,35.7,60,1.0
2025-05-19 22:00,35.47,35.3,35.7,59,0.983
2025-05-19 23:00,35.46,35.3,35.7,60,1.0
2025-05-20 00:00,35.45,35.3,35.6,60,1.0
2025-05-20 01:00,35.41,35.3,35.6,60,1.0
2025-05-20 02:00,35.41,35.3,35.6,59,0.983
2025-05-20 03:00,35.43,35.3,35.7,60,1.0
2025-05-20 04:00,35.43,35.3,35.6,60,1.0
2025-05-20 05:00,35.48,35.3,35.8,60,1.0
2025-05-20 06:00,35.43,35.3,35.6,60,1.0
2025-05-20 07:00,35.4,35.3,35.6,59,0.983
2025-05-20 08:00,35.44,35.3,35.9,54,0.9
2025-05-20 09:00,35.38,35.2,35.6,57,0.95
2025-05-20 10:00,35.41,35.3,35.6,58,0.967
2025-05-20 11:00,35.38,35.2,35.6,58,0.967
2025-05-20 12:00,35.34,35.1,35.5,60,1.0
2025-05-20 13:00,35.3,35.2,35.5,60,1.0
2025-05-20 14:00,35.3,35.1,35.4,58,0.967
2025-05-20 15:00,35.23,35.0,35.5,59,0.983
2025-05-20 16:00,35.21,35.0,35.4,60,1.0
2025-05-20 17:00,35.18,35.0,35.5,60,1.0
2025-05-20 18:00,35.2,35.0,35.4,60,1.0
2025-05-20 19:00,35.17,35.0,35.4,60,1.0
2025-05-20 20:00,35.19,35.0,35.4,60,1.0
2025-05-20 21:00,35.13,35.0,35.4,59,0.983
2025-05-20 22:00,35.12,35.0,35.4,57,0.95
2025-05-20 23:00,35.07,34.9,35.2,58,0.967
2025-05-21 00:00,35.1,35.0,35.4,58,0.967
2025-05-21 01:00,35.07,34.9,35.3,56,0.933
2025-05-21 02:00,35.06,34.9,35.2,57,0.95
2025-05-21 03:00,35.05,34.9,35.3,53,0.883
2025-05-21 04:00,35.07,34.9,35.2,49,0.817
2025-05-21 05:00,35.03,34.9,35.2,49,0.817
2025-05-21 06:00,35.13,34.9,35.3,33,0.55
2025-05-21 07:00,35.15,35.0,35.4,50,0.833
2025-05-21 08:00,35.2,35.0,35.4,44,0.733
2025-05-21 09:00,35.05,34.9,35.2,43,0.717
2025-05-21 10:00,35.0,34.9,35.1,41,0.683
2025-05-21 11:00,34.98,34.8,35.1,45,0.75
2025-05-21 12:00,34.94,34.8,35.1,42,0.7
2025-05-21 13:00,34.94,34.8,35.2,51,0.85
2025-05-21 14:00,34.7,34.5,35.4,52,0.867
2025-05-21 15:00,35.38,35.2,35.6,48,0.8
2025-05-21 16:00,35.18,35.0,35.3,54,0.9
2025-05-21 17:00,35.24,35.0,35.5,60,1.0
2025-05-21 18:00,35.19,35.0,35.4,60,1.0
2025-05-21 19:00,35.16,35.0,35.4,60,1.0
2025-05-21 20:00,35.08,34.9,35.3,60,1.0
2025-05-21 21:00,35.03,34.8,35.4,59,0.983
2025-05-21 22:00,34.99,34.8,35.2,57,0.95
2025-05-21 23:00,34.94,34.8,35.1,56,0.933
2025-05-22 00:00,34.89,34.7,35.1,53,0.883
2025-05-22 01:00,34.89,34.7,35.1,45,0.75
2025-05-22 02:00,34.85,34.7,35.0,56,0.933
2025-05-22 03:00,34.82,34.7,35.0,59,0.983
2025-05-22 04:00,34.79,34.6,35.0,59,0.983
2025-05-22 05:00,34.77,34.7,34.9,60,1.0
2025-05-22 06:00,34.8,34.6,35.0,56,0.933
2025-05-22 07:00,34.7,34.5,34.8,15,0.25
2025-05-22 08:00,34.64,34.5,34.8,32,0.533
2025-05-22 09:00,34.6,34.5,34.7,31,0.517
2025-05-22 10:00,34.55,34.4,34.7,30,0.5
2025-05-22 11:00,34.47,34.3,34.7,40,0.667
2025-05-22 12:00,34.44,34.3,34.7,41,0.683
2025-05-22 13:00,34.45,34.3,34.6,34,0.567
2025-05-22 14:00,34.45,34.4,34.6,14,0.233
2025-05-22 15:00,34.46,34.3,34.7,26,0.433
2025-05-22 16:00,34.43,34.2,34.6,36,0.6
2025-05-22 17:00,34.41,34.2,34.5,59,0.983
2025-05-22 18:00,34.41,34.3,34.5,45,0.75
2025-05-22 19:00,34.39,34.3,34.6,30,0.5
2025-05-22 20:00,34.34,34.1,34.5,16,0.267
2025-05-22 21:00,34.29,34.2,34.4,8,0.133
2025-05-22 22:00,34.28,34.1,34.4,4,0.067
2025-05-22 23:00,34.25,34.1,34.4,25,0.417
2025-05-23 00:00,34.22,34.1,34.4,43,0.717
2025-05-23 01:00,34.17,34.1,34.4,25,0.417
2025-05-23 02:00,34.2,34.1,34.3,26,0.433
2025-05-23 03:00,34.18,34.1,34.3,36,0.6
2025-05-23 04:00,34.25,34.1,34.4,37,0.617
2025-05-23 05:00,34.2,34.0,34.4,41,0.683
2025-05-23 06:00,34.19,34.0,34.3,36,0.6
2025-05-23 07:00,34.22,34.0,34.4,44,0.733
2025-05-23 08:00,34.3,34.1,34.5,40,0.667
2025-05-23 09:00,34.13,34.0,34.3,35,0.583
2025-05-23 10:00,34.1,33.9,34.3,41,0.683
2025-05-23 11:00,34.08,33.9,34.3,41,0.683
2025-05-23 12:00,34.03,33.9,34.2,34,0.567
2025-05-23 13:00,34.09,34.0,34.2,34,0.567
2025-05-23 14:00,34.1,34.0,34.4,39,0.65
2025-05-23 15:00,34.07,34.0,34.3,44,0.733
2025-05-23 16:00,34.04,33.9,34.2,50,0.833
2025-05-23 17:00,34.01,33.9,34.1,60,1.0
2025-05-23 18:00,34.0,33.9,34.1,53,0.883
2025-05-23 19:00,33.9,33.7,34.1,43,0.717
2025-05-23 20:00,33.88,33.7,34.0,42,0.7
2025-05-23 21:00,33.84,33.7,34.0,36,0.6
2025-05-23 22:00,33.81,33.7,34.0,26,0.433
2025-05-23 23:00,33.74,33.6,33.9,24,0.4
2025-05-24 00:00,33.73,33.6,33.9,33,0.55
2025-05-24 01:00,33.73,33.6,33.9,20,0.333
2025-05-24 02:00,33.69,33.6,33.9,36,0.6
2025-05-24 03:00,33.65,33.5,33.8,34,0.567
2025-05-24 04:00,33.61,33.5,33.8,30,0.5
2025-05-24 05:00,33.61,33.5,33.8,29,0.483
2025-05-24 06:00,33.63,33.5,33.9,36,0.6
2025-05-24 07:00,33.68,33.5,33.9,56,0.933
2025-05-24 08:00,33.66,33.5,33.9,55,0.917
2025-05-24 09:00,33.61,33.5,33.8,42,0.7
2025-05-24 10:00,33.55,33.4,33.8,58,0.967
2025-05-24 11:00,33.51,33.4,33.7,58,0.967
2025-05-24 12:00,33.49,33.3,33.7,55,0.917
2025-05-24 13:00,33.51,33.4,33.7,47,0.783
2025-05-24 14:00,33.49,33.3,33.7,60,1.0
2025-05-24 15:00,33.46,33.3,33.6,60,1.0
2025-05-24 16:00,33.46,33.3,33.6,60,1.0
2025-05-24 17:00,33.47,33.3,33.7,55,0.917
2025-05-24 18:00,33.5,33.3,33.8,57,0.95
2025-05-24 19:00,33.52,33.4,33.7,55,0.917
2025-05-24 20:00,33.54,33.4,33.7,55,0.917
2025-05-24 21:00,33.52,33.3,33.7,56,0.933
2025-05-24 22:00,33.54,33.4,33.7,54,0.9
2025-05-24 23:00,33.49,33.3,33.8,55,0.917
2025-05-25 00:00,33.46,33.2,33.8,53,0.883
2025-05-25 01:00,33.43,33.2,33.7,51,0.85
2025-05-25 02:00,33.41,33.2,33.6,54,0.9
2025-05-25 03:00,33.38,33.2,33.6,58,0.967
2025-05-25 04:00,33.34,33.2,33.5,46,0.767
2025-05-25 05:00,33.3,33.1,33.5,54,0.9
2025-05-25 06:00,33.25,33.1,33.4,51,0.85
2025-05-25 07:00,33.33,33.1,33.6,54,0.9
2025-05-25 08:00,33.3,33.1,33.5,44,0.733
2025-05-25 09:00,33.28,33.1,33.5,50,0.833
2025-05-25 10:00,33.36,33.2,33.6,49,0.817
2025-05-25 11:00,33.33,33.2,33.5,54,0.9
2025-05-25 12:00,33.33,33.2,33.5,54,0.9
2025-05-25 13:00,33.36,33.2,33.6,48,0.8
2025-05-25 14:00,33.43,33.2,33.6,38,0.633
2025-05-25 15:00,33.45,33.3,33.6,51,0.85
2025-05-25 16:00,33.36,33.2,33.6,60,1.0
2025-05-25 17:00,33.33,33.1,33.6,60,1.0
2025-05-25 18:00,33.33,33.1,33.5,59,0.983
2025-05-25 19:00,33.32,33.1,33.5,60,1.0
2025-05-25 20:00,33.3,33.2,33.4,60,1.0
2025-05-25 21:00,33.23,33.1,33.4,56,0.933
2025-05-25 22:00,33.24,33.1,33.4,49,0.817
2025-05-25 23:00,33.23,33.1,33.4,60,1.0
2025-05-26 00:00,33.19,33.0,33.4,60,1.0
2025-05-26 01:00,33.14,32.9,33.4,60,1.0
2025-05-26 02:00,33.09,32.9,33.3,60,1.0
2025-05-26 03:00,33.04,32.9,33.4,60,1.0
2025-05-26 04:00,33.01,32.8,33.2,60,1.0
2025-05-26 05:00,32.98,32.8,33.2,60,1.0
2025-05-26 06:00,32.93,32.7,33.1,60,1.0
2025-05-26 07:00,33.05,32.9,33.2,60,1.0
2025-05-26 08:00,33.05,32.9,33.3,42,0.7
2025-05-26 09:00,33.12,32.9,33.3,41,0.683
2025-05-26 10:00,33.03,32.8,33.2,33,0.55
2025-05-26 11:00,33.03,32.9,33.3,45,0.75
2025-05-26 12:00,32.95,32.8,33.1,45,0.75
2025-05-26 13:00,32.97,32.8,33.2,52,0.867
2025-05-26 14:00,32.96,32.8,33.2,58,0.967
2025-05-26 15:00,32.93,32.8,33.1,58,0.967
2025-05-26 16:00,32.9,32.7,33.1,60,1.0
2025-05-26 17:00,32.85,32.7,33.0,60,1.0
2025-05-26 18:00,32.86,32.7,33.0,59,0.983
2025-05-26 19:00,32.89,32.7,33.1,60,1.0
2025-05-26 20:00,32.92,32.8,33.1,60,1.0
2025-05-26 21:00,32.89,32.6,33.1,59,0.983
2025-05-26 22:00,32.85,32.7,33.0,60,1.0
2025-05-26 23:00,32.83,32.6,33.1,60,1.0
2025-05-27 00:00,32.82,32.6,33.0,60,1.0
2025-05-27 01:00,32.8,32.6,33.0,60,1.0
2025-05-27 02:00,32.73,32.6,32.9,60,1.0
2025-05-27 03:00,32.73,32.6,32.9,22,0.367
2025-05-27 08:00,32.81,32.6,33.0,44,0.733
2025-05-27 09:00,32.71,32.5,32.9,53,0.883
2025-05-27 10:00,32.73,32.6,32.9,51,0.85
2025-05-27 11:00,32.7,32.5,32.9,45,0.75
2025-05-27 12:00,32.71,32.6,32.9,51,0.85
2025-05-27 13:00,32.72,32.6,32.9,51,0.85
2025-05-27 14:00,32.81,32.6,33.0,46,0.767
2025-05-27 15:00,32.77,32.6,33.0,56,0.933
2025-05-27 16:00,32.78,32.6,33.1,60,1.0
2025-05-27 17:00,32.71,32.5,32.9,60,1.0
2025-05-27 18:00,32.67,32.5,32.9,60,1.0
2025-05-27 19:00,32.68,32.5,32.9,60,1.0
2025-05-27 20:00,32.71,32.5,32.9,60,1.0
2025-05-27 21:00,32.69,32.5,32.8,60,1.0
2025-05-27 22:00,32.65,32.4,32.8,60,1.0
2025-05-27 23:00,32.58,32.3,32.8,59,0.983
2025-05-28 00:00,32.54,32.3,32.7,60,1.0
2025-05-28 01:00,32.49,32.3,32.8,60,1.0
2025-05-28 02:00,32.48,32.2,32.7,59,0.983
2025-05-28 03:00,32.44,32.3,32.7,60,1.0
2025-05-28 04:00,32.44,32.2,32.7,60,1.0
2025-05-28 05:00,32.4,32.2,32.6,60,1.0
2025-05-28 06:00,32.39,32.2,32.7,60,1.0
2025-05-28 07:00,32.48,32.3,32.7,59,0.983
2025-05-28 08:00,32.56,32.3,32.7,43,0.717
2025-05-28 09:00,32.55,32.3,33.0,50,0.833
2025-05-28 10:00,32.52,32.3,32.7,44,0.733
2025-05-28 11:00,32.57,32.4,32.9,48,0.8
2025-05-28 12:00,32.57,32.4,32.7,52,0.867
2025-05-28 13:00,32.49,32.3,32.7,55,0.917
2025-05-28 14:00,32.43,32.3,32.6,48,0.8
2025-05-28 15:00,32.52,32.3,32.7,52,0.867
2025-05-28 16:00,32.51,32.4,32.7,56,0.933
2025-05-28 17:00,32.51,32.4,32.7,57,0.95
2025-05-28 18:00,32.5,32.3,32.7,59,0.983
2025-05-28 19:00,32.51,32.3,32.8,55,0.917
2025-05-28 20:00,32.54,32.4,32.7,60,1.0
2025-05-28 21:00,32.5,32.3,32.7,59,0.983
2025-05-28 22:00,32.47,32.3,32.7,59,0.983
2025-05-28 23:00,32.48,32.3,32.7,60,1.0
2025-05-29 00:00,32.51,32.3,32.7,60,1.0
2025-05-29 01:00,32.49,32.3,32.6,60,1.0
2025-05-29 02:00,32.46,32.3,32.6,60,1.0
2025-05-29 03:00,32.41,32.2,32.6,60,1.0
2025-05-29 04:00,32.38,32.1,32.6,60,1.0
2025-05-29 05:00,32.34,32.2,32.6,60,1.0
2025-05-29 06:00,32.31,32.1,32.7,60,1.0
2025-05-29 07:00,32.26,32.1,32.5,60,1.0
2025-05-29 08:00,32.2,32.0,32.4,58,0.967
2025-05-29 09:00,32.27,32.1,32.4,56,0.933
2025-05-29 10:00,32.32,32.2,32.5,53,0.883
2025-05-29 11:00,32.29,32.1,32.5,49,0.817
2025-05-29 12:00,32.31,32.1,32.5,55,0.917
2025-05-29 13:00,32.27,32.1,32.5,55,0.917
2025-05-29 14:00,32.23,32.0,32.4,58,0.967
2025-05-29 15:00,32.28,32.0,32.5,56,0.933
2025-05-29 16:00,32.3,32.1,32.5,57,0.95
2025-05-29 17:00,32.26,32.0,32.5,60,1.0
2025-05-29 18:00,32.13,32.0,32.3,59,0.983
2025-05-29 19:00,32.12,32.0,32.4,60,1.0
2025-05-29 20:00,32.15,32.0,32.5,59,0.983
2025-05-29 21:00,32.19,31.9,32.4,60,1.0
2025-05-29 22:00,32.16,32.0,32.4,60,1.0
2025-05-29 23:00,32.16,32.0,32.3,60,1.0
2025-05-30 00:00,32.16,32.0,32.4,59,0.983
2025-05-30 01:00,32.13,32.0,32.3,60,1.0
2025-05-30 02:00,32.1,31.8,32.4,60,1.0
2025-05-30 03:00,32.08,31.9,32.3,59,0.983
2025-05-30 04:00,32.1,31.9,32.3,60,1.0
2025-05-30 05:00,32.06,31.9,32.3,60,1.0
2025-05-30 06:00,31.98,31.7,32.2,60,1.0
2025-05-30 07:00,31.88,31.7,32.2,58,0.967
2025-05-30 08:00,31.87,31.7,32.1,56,0.933
2025-05-30 09:00,31.91,31.7,32.1,51,0.85
2025-05-30 10:00,31.93,31.8,32.1,54,0.9
2025-05-30 11:00,31.92,31.8,32.1,49,0.817
2025-05-30 12:00,31.92,31.7,32.1,58,0.967
2025-05-30 13:00,31.93,31.8,32.1,51,0.85
2025-05-30 14:00,31.87,31.6,32.1,55,0.917
2025-05-30 15:00,31.88,31.7,32.1,59,0.983
2025-05-30 16:00,31.86,31.6,32.1,60,1.0
2025-05-30 17:00,31.84,31.6,32.0,60,1.0
2025-05-30 18:00,31.8,31.6,32.1,60,1.0
2025-05-30 19:00,31.76,31.6,32.0,59,0.983
2025-05-30 20:00,31.71,31.6,32.0,55,0.917
2025-05-30 21:00,31.74,31.6,31.9,59,0.983
2025-05-30 22:00,31.72,31.6,32.0,60,1.0
2025-05-30 23:00,31.7,31.5,31.9,36,0.6
2025-05-31 07:00,31.48,31.3,31.9,44,0.733
2025-05-31 08:00,31.5,31.3,31.7,51,0.85
2025-05-31 09:00,31.47,31.3,31.8,50,0.833
2025-05-31 10:00,31.47,31.3,31.7,51,0.85
2025-05-31 11:00,31.51,31.3,31.7,55,0.917
2025-05-31 12:00,31.49,31.3,31.7,44,0.733
2025-05-31 13:00,31.53,31.4,31.7,39,0.65
2025-05-31 14:00,31.51,31.4,31.7,37,0.617
2025-05-31 15:00,31.5,31.4,31.6,50,0.833
2025-05-31 16:00,31.49,31.3,31.7,60,1.0
2025-05-31 17:00,31.49,31.3,31.7,60,1.0
2025-05-31 18:00,31.5,31.2,32.1,60,1.0
2025-05-31 19:00,31.43,31.2,31.9,60,1.0
2025-05-31 20:00,31.34,31.2,31.7,59,0.983
2025-05-31 21:00,31.33,31.2,31.5,60,1.0
2025-05-31 22:00,31.33,31.2,31.5,60,1.0
2025-05-31 23:00,31.31,31.1,31.7,60,1.0
2025-06-01 00:00,31.32,31.2,31.5,60,1.0
2025-06-01 01:00,31.34,31.1,31.5,37,0.617
2025-06-01 09:00,31.22,31.1,31.3,11,0.183
2025-06-01 10:00,31.21,31.0,31.4,56,0.933
2025-06-01 11:00,31.18,31.0,31.3,48,0.8
2025-06-01 12:00,31.17,31.0,31.3,40,0.667
2025-06-01 13:00,31.14,31.0,31.3,36,0.6
2025-06-01 14:00,31.09,30.9,31.3,43,0.717
2025-06-01 15:00,31.09,30.6,31.4,34,0.567
2025-06-01 16:00,31.07,30.9,31.3,48,0.8
2025-06-01 17:00,31.07,30.8,31.3,59,0.983
2025-06-01 18:00,31.05,30.9,31.2,60,1.0
2025-06-01 19:00,31.01,30.8,31.4,54,0.9
2025-06-01 20:00,31.02,30.9,31.2,59,0.983
2025-06-01 21:00,30.99,30.8,31.2,54,0.9
2025-06-01 22:00,31.01,30.9,31.2,57,0.95
2025-06-01 23:00,31.02,30.8,31.2,56,0.933
2025-06-02 00:00,31.03,30.9,31.2,59,0.983
2025-06-02 01:00,31.05,30.8,31.2,52,0.867
2025-06-02 02:00,31.08,30.9,31.2,59,0.983
2025-06-02 03:00,31.03,30.9,31.2,54,0.9
2025-06-02 04:00,31.0,30.8,31.2,46,0.767
2025-06-02 05:00,30.99,30.8,31.2,58,0.967
2025-06-02 06:00,30.93,30.7,31.1,56,0.933
2025-06-02 07:00,30.89,30.7,31.1,49,0.817
2025-06-02 08:00,30.93,30.7,31.1,39,0.65
2025-06-02 09:00,30.93,30.8,31.2,43,0.717
2025-06-02 10:00,30.94,30.8,31.1,39,0.65
2025-06-02 11:00,30.92,30.7,31.1,50,0.833
2025-06-02 12:00,30.92,30.7,31.1,33,0.55
2025-06-02 13:00,30.84,30.6,31.0,37,0.617
2025-06-02 14:00,30.89,30.7,31.1,34,0.567
2025-06-02 15:00,30.82,30.6,31.0,44,0.733
2025-06-02 16:00,30.82,30.6,31.0,55,0.917
2025-06-02 17:00,30.82,30.6,31.0,60,1.0
2025-06-02 18:00,30.86,30.6,31.2,60,1.0
2025-06-02 19:00,30.79,30.6,31.0,59,0.983
2025-06-02 20:00,30.77,30.6,31.0,59,0.983
2025-06-02 21:00,30.77,30.6,30.9,58,0.967
2025-06-02 22:00,30.78,30.6,31.0,60,1.0
2025-06-02 23:00,30.82,30.6,31.1,56,0.933
2025-06-03 00:00,30.78,30.5,31.0,59,0.983
2025-06-03 01:00,30.79,30.6,31.0,60,1.0
2025-06-03 02:00,30.82,30.6,31.1,59,0.983
2025-06-03 03:00,30.81,30.6,31.0,59,0.983
2025-06-03 04:00,30.78,30.6,31.0,60,1.0
2025-06-03 05:00,30.76,30.5,30.9,60,1.0
2025-06-03 06:00,30.71,30.5,31.0,60,1.0
2025-06-03 07:00,30.67,30.5,30.9,54,0.9
2025-06-03 08:00,30.68,30.5,30.9,47,0.783
2025-06-03 09:00,30.67,30.5,30.9,55,0.917
2025-06-03 10:00,30.69,30.5,30.8,57,0.95
2025-06-03 11:00,30.65,30.5,30.8,53,0.883
2025-06-03 12:00,30.66,30.5,30.9,55,0.917
2025-06-03 13:00,30.64,30.5,30.8,47,0.783
2025-06-03 14:00,30.64,30.4,30.9,51,0.85
2025-06-03 15:00,30.61,30.4,30.8,53,0.883
2025-06-03 16:00,30.59,30.4,30.7,53,0.883
2025-06-03 17:00,30.6,30.4,30.8,60,1.0
2025-06-03 18:00,30.61,30.4,30.7,58,0.967
2025-06-03 19:00,30.58,30.4,30.8,60,1.0
2025-06-03 20:00,30.49,30.3,30.7,60,1.0
2025-06-03 21:00,30.51,30.3,30.7,57,0.95
2025-06-03 22:00,30.49,30.4,30.6,60,1.0
2025-06-03 23:00,30.51,30.4,30.7,60,1.0
2025-06-04 00:00,30.5,30.3,30.8,59,0.983
2025-06-04 01:00,30.47,30.3,30.8,60,1.0
2025-06-04 02:00,30.48,30.3,30.8,60,1.0
2025-06-04 03:00,30.49,30.3,30.7,59,0.983
2025-06-04 04:00,30.46,30.2,30.7,55,0.917
2025-06-04 05:00,30.48,30.2,30.7,57,0.95
2025-06-04 06:00,30.43,30.2,30.7,59,0.983
2025-06-04 07:00,30.33,30.1,30.5,45,0.75
2025-06-04 08:00,30.33,30.1,30.5,33,0.55
2025-06-04 09:00,30.36,30.2,30.5,55,0.917
2025-06-04 10:00,30.39,30.2,30.6,59,0.983
2025-06-04 11:00,30.37,30.2,30.5,52,0.867
2025-06-04 12:00,29.95,29.7,30.5,37,0.617
2025-06-04 13:00,29.93,29.6,30.4,47,0.783
2025-06-04 14:00,30.21,30.0,30.4,38,0.633
2025-06-04 15:00,30.23,30.1,30.4,34,0.567
2025-06-04 16:00,30.2,30.1,30.4,42,0.7
2025-06-04 17:00,30.2,30.0,30.4,60,1.0
2025-06-04 18:00,30.18,30.0,30.4,60,1.0
2025-06-04 19:00,30.21,30.0,30.4,60,1.0
2025-06-04 20:00,30.12,30.0,30.3,60,1.0
2025-06-04 21:00,30.09,30.0,30.3,58,0.967
2025-06-04 22:00,30.1,30.0,30.3,59,0.983
2025-06-04 23:00,30.1,29.9,30.4,58,0.967
2025-06-05 00:00,30.1,29.9,30.3,58,0.967
2025-06-05 01:00,30.11,29.9,30.3,59,0.983
2025-06-05 02:00,30.08,29.9,30.3,60,1.0
2025-06-05 03:00,30.07,29.9,30.3,58,0.967
2025-06-05 04:00,30.08,29.9,30.3,60,1.0
2025-06-05 05:00,30.08,29.9,30.3,59,0.983
2025-06-05 06:00,30.05,29.9,30.3,57,0.95
2025-06-05 07:00,29.92,29.8,30.1,59,0.983
2025-06-05 08:00,29.92,29.8,30.1,56,0.933
2025-06-05 09:00,29.98,29.8,30.1,59,0.983
2025-06-05 10:00,30.0,29.8,30.2,59,0.983
2025-06-05 11:00,29.99,29.8,30.2,57,0.95
2025-06-05 12:00,29.97,29.8,30.1,59,0.983
2025-06-05 13:00,29.94,29.8,30.1,47,0.783
2025-06-05 14:00,29.96,29.8,30.1,58,0.967
2025-06-05 15:00,29.94,29.8,30.1,52,0.867
2025-06-05 16:00,29.96,29.7,30.1,60,1.0
2025-06-05 17:00,29.96,29.8,30.1,60,1.0
2025-06-05 18:00,29.96,29.8,30.1,59,0.983
2025-06-05 19:00,29.93,29.7,30.1,60,1.0
2025-06-05 20:00,29.9,29.7,30.1,60,1.0
2025-06-05 21:00,29.86,29.7,30.1,60,1.0
2025-06-05 22:00,29.81,29.6,30.1,58,0.967
2025-06-05 23:00,29.8,29.7,30.0,60,1.0
2025-06-06 00:00,29.81,29.6,30.0,58,0.967
2025-06-06 01:00,29.81,29.6,30.0,58,0.967
2025-06-06 02:00,29.82,29.6,30.0,59,0.983
2025-06-06 03:00,29.79,29.6,30.0,60,1.0
2025-06-06 04:00,29.82,29.6,30.0,59,0.983
2025-06-06 05:00,29.81,29.6,30.0,59,0.983
2025-06-06 06:00,29.76,29.6,29.9,58,0.967
2025-06-06 07:00,29.69,29.5,30.0,60,1.0
2025-06-06 08:00,29.64,29.5,29.8,57,0.95
2025-06-06 09:00,29.72,29.5,29.9,60,1.0
2025-06-06 10:00,29.68,29.5,30.0,59,0.983
2025-06-06 11:00,29.67,29.5,29.9,59,0.983
2025-06-06 12:00,29.67,29.5,29.9,58,0.967
2025-06-06 13:00,29.66,29.4,29.9,56,0.933
2025-06-06 14:00,29.67,29.5,29.8,55,0.917
2025-06-06 15:00,29.61,29.5,29.7,33,0.55
2025-06-06 16:00,29.64,29.5,29.8,48,0.8
2025-06-06 17:00,29.64,29.5,29.8,54,0.9
2025-06-06 18:00,29.64,29.5,29.8,58,0.967
2025-06-06 19:00,29.61,29.4,29.8,56,0.933
2025-06-06 20:00,29.56,29.3,29.8,59,0.983
2025-06-06 21:00,29.52,29.4,29.7,54,0.9
2025-06-06 22:00,29.48,29.3,29.7,59,0.983
2025-06-06 23:00,29.47,29.4,29.6,57,0.95
2025-06-07 00:00,29.47,29.3,29.7,55,0.917
2025-06-07 01:00,29.44,29.3,29.7,56,0.933
2025-06-07 02:00,29.43,29.3,29.7,58,0.967
2025-06-07 03:00,29.44,29.3,29.6,51,0.85
2025-06-07 04:00,29.42,29.2,29.6,60,1.0
2025-06-07 05:00,29.43,29.2,29.6,59,0.983
2025-06-07 06:00,29.39,29.2,29.6,58,0.967
2025-06-07 07:00,29.36,29.2,29.5,60,1.0
2025-06-07 08:00,29.31,29.1,29.5,60,1.0
2025-06-07 09:00,29.28,29.1,29.6,60,1.0
2025-06-07 10:00,29.35,29.1,29.5,60,1.0
2025-06-07 11:00,29.32,29.1,29.6,59,0.983
2025-06-07 12:00,29.31,29.2,29.5,58,0.967
2025-06-07 13:00,29.3,29.1,29.5,55,0.917
2025-06-07 14:00,29.32,29.2,29.5,47,0.783
2025-06-07 15:00,29.28,29.2,29.4,47,0.783
2025-06-07 16:00,29.26,29.1,29.4,55,0.917
2025-06-07 17:00,29.24,29.1,29.5,59,0.983
2025-06-07 18:00,29.2,29.1,29.4,60,1.0
2025-06-07 19:00,29.2,29.1,29.3,59,0.983
2025-06-07 20:00,29.16,28.9,29.3,58,0.967
2025-06-07 21:00,29.14,28.9,29.3,60,1.0
2025-06-07 22:00,29.07,28.9,29.3,60,1.0
2025-06-07 23:00,29.05,28.9,29.2,58,0.967
2025-06-08 00:00,29.02,28.9,29.2,60,1.0
2025-06-08 01:00,29.02,28.9,29.2,59,0.983
2025-06-08 02:00,29.02,28.8,29.2,60,1.0
2025-06-08 03:00,29.0,28.8,29.2,60,1.0
2025-06-08 04:00,28.98,28.8,29.2,59,0.983
2025-06-08 05:00,29.0,28.8,29.2,58,0.967
2025-06-08 06:00,28.97,28.8,29.2,60,1.0
2025-06-08 07:00,28.92,28.8,29.1,58,0.967
2025-06-08 08:00,28.94,28.7,29.1,59,0.983
2025-06-08 09:00,28.84,28.7,29.1,59,0.983
2025-06-08 10:00,28.84,28.7,29.0,59,0.983
2025-06-08 11:00,28.85,28.7,29.2,57,0.95
2025-06-08 12:00,28.89,28.7,29.1,51,0.85
2025-06-08 13:00,28.94,28.7,29.3,53,0.883
2025-06-08 14:00,28.93,28.8,29.1,42,0.7
2025-06-08 15:00,28.95,28.8,29.1,51,0.85
2025-06-08 16:00,28.95,28.8,29.1,54,0.9
2025-06-08 17:00,28.92,28.8,29.1,50,0.833
2025-06-08 18:00,28.94,28.8,29.1,52,0.867
2025-06-08 19:00,28.93,28.8,29.1,57,0.95
2025-06-08 20:00,28.93,28.8,29.1,59,0.983
2025-06-08 21:00,28.95,28.8,29.2,59,0.983
2025-06-08 22:00,28.87,28.7,29.1,58,0.967
2025-06-08 23:00,28.85,28.6,29.1,59,0.983
2025-06-09 00:00,28.84,28.7,29.0,59,0.983
2025-06-09 01:00,28.8,28.6,29.0,58,0.967
2025-06-09 02:00,28.78,28.6,28.9,60,1.0
2025-06-09 03:00,28.8,28.7,28.9,59,0.983
2025-06-09 04:00,28.77,28.6,28.9,32,0.533
2025-06-09 08:00,28.68,28.5,28.8,20,0.333
2025-06-09 09:00,28.71,28.6,28.9,53,0.883
2025-06-09 10:00,28.78,28.6,28.9,45,0.75
2025-06-09 11:00,28.77,28.6,29.0,53,0.883
2025-06-09 12:00,28.78,28.6,29.1,44,0.733
2025-06-09 13:00,28.79,28.6,28.9,56,0.933
2025-06-09 14:00,28.78,28.6,29.1,57,0.95
2025-06-09 15:00,28.78,28.6,28.9,59,0.983
2025-06-09 16:00,28.78,28.6,29.0,48,0.8
2025-06-09 17:00,28.79,28.6,28.9,46,0.767
2025-06-09 18:00,28.76,28.6,28.9,58,0.967
2025-06-09 19:00,28.76,28.6,28.9,60,1.0
2025-06-09 20:00,28.76,28.6,28.9,55,0.917
2025-06-09 21:00,28.76,28.6,28.9,58,0.967
2025-06-09 22:00,28.74,28.6,28.9,56,0.933
2025-06-09 23:00,28.72,28.6,28.9,60,1.0
2025-06-10 00:00,28.71,28.5,28.9,58,0.967
2025-06-10 01:00,28.65,28.5,28.9,57,0.95
2025-06-10 02:00,28.63,28.5,28.8,59,0.983
2025-06-10 03:00,28.59,28.5,28.8,58,0.967
2025-06-10 04:00,28.58,28.4,28.7,54,0.9
2025-06-10 05:00,28.57,28.4,28.8,60,1.0
2025-06-10 06:00,28.58,28.4,28.8,60,1.0
2025-06-10 07:00,28.57,28.4,28.8,58,0.967
2025-06-10 08:00,28.61,28.4,29.0,57,0.95
2025-06-10 09:00,28.53,28.4,28.7,55,0.917
2025-06-10 10:00,28.49,28.4,28.7,58,0.967
2025-06-10 11:00,28.47,28.3,28.6,56,0.933
2025-06-10 12:00,28.47,28.3,28.6,58,0.967
2025-06-10 13:00,28.48,28.3,28.6,56,0.933
2025-06-10 14:00,28.49,28.4,28.7,52,0.867
2025-06-10 15:00,28.52,28.4,28.7,55,0.917
2025-06-10 16:00,28.51,28.4,28.8,60,1.0
2025-06-10 17:00,28.59,28.4,28.9,59,0.983
2025-06-10 18:00,28.59,28.5,28.7,60,1.0
2025-06-10 19:00,28.59,28.4,28.7,60,1.0
2025-06-10 20:00,28.56,28.4,28.8,60,1.0
2025-06-10 21:00,28.51,28.3,28.7,56,0.933
2025-06-10 22:00,28.48,28.3,28.7,59,0.983
2025-06-10 23:00,28.47,28.3,28.7,57,0.95
2025-06-11 00:00,28.42,28.3,28.6,56,0.933
2025-06-11 01:00,28.4,28.3,28.6,48,0.8
2025-06-11 02:00,28.4,28.3,28.6,54,0.9
2025-06-11 03:00,28.38,28.2,28.5,53,0.883
2025-06-11 04:00,28.39,28.2,28.6,57,0.95
2025-06-11 05:00,28.39,28.2,28.6,59,0.983
2025-06-11 06:00,28.37,28.2,28.6,59,0.983
2025-06-11 07:00,28.39,28.2,28.6,59,0.983
2025-06-11 08:00,28.39,28.2,28.6,59,0.983
2025-06-11 09:00,28.29,28.1,28.5,57,0.95
2025-06-11 10:00,28.33,28.2,28.5,52,0.867
2025-06-11 11:00,28.35,28.2,28.5,57,0.95
2025-06-11 12:00,28.39,28.2,28.6,56,0.933
2025-06-11 13:00,28.38,28.2,28.6,56,0.933
2025-06-11 14:00,28.4,28.2,28.6,57,0.95
2025-06-11 15:00,28.39,28.2,28.6,54,0.9
2025-06-11 16:00,28.38,28.3,28.5,54,0.9
2025-06-11 17:00,28.39,28.2,28.5,58,0.967
2025-06-11 18:00,28.38,28.2,28.5,57,0.95
2025-06-11 19:00,28.38,28.3,28.5,60,1.0
2025-06-11 20:00,28.4,28.3,28.5,60,1.0
2025-06-11 21:00,28.37,28.2,28.6,59,0.983
2025-06-11 22:00,28.38,28.2,28.6,60,1.0
2025-06-11 23:00,28.34,28.2,28.5,60,1.0
2025-06-12 00:00,28.31,28.1,28.6,60,1.0
2025-06-12 01:00,28.27,28.1,28.4,60,1.0
2025-06-12 02:00,28.25,28.1,28.4,60,1.0
2025-06-12 03:00,28.22,28.1,28.4,59,0.983
2025-06-12 04:00,28.2,28.0,28.4,60,1.0
2025-06-12 05:00,28.2,28.0,28.3,60,1.0
2025-06-12 06:00,28.21,28.0,28.4,58,0.967
2025-06-12 07:00,28.2,28.0,28.4,55,0.917
2025-06-12 08:00,28.24,28.0,28.4,59,0.983
2025-06-12 09:00,28.12,28.0,28.3,57,0.95
2025-06-12 10:00,28.13,28.0,28.3,58,0.967
2025-06-12 11:00,28.15,28.0,28.3,60,1.0
2025-06-12 12:00,28.18,28.0,28.4,59,0.983
2025-06-12 13:00,28.21,28.0,28.4,56,0.933
2025-06-12 14:00,28.2,28.0,28.3,43,0.717
2025-06-12 15:00,28.21,28.0,28.4,58,0.967
2025-06-12 16:00,28.23,28.0,28.4,59,0.983
2025-06-12 17:00,28.24,28.1,28.4,57,0.95
2025-06-12 18:00,28.26,28.1,28.5,60,1.0
2025-06-12 19:00,28.25,28.1,28.4,60,1.0
2025-06-12 20:00,28.26,28.1,28.5,60,1.0
2025-06-12 21:00,28.27,28.1,28.4,60,1.0
2025-06-12 22:00,28.24,28.1,28.4,60,1.0
2025-06-12 23:00,28.22,28.0,28.4,60,1.0
2025-06-13 00:00,28.2,28.0,28.4,60,1.0
2025-06-13 01:00,28.19,28.0,28.4,60,1.0
2025-06-13 02:00,28.12,27.9,28.3,33,0.55
2025-06-13 08:00,28.11,27.9,28.2,47,0.783
2025-06-13 09:00,28.01,27.9,28.2,58,0.967
2025-06-13 10:00,27.99,27.8,28.2,59,0.983
2025-06-13 11:00,28.01,27.9,28.2,60,1.0
2025-06-13 12:00,27.98,27.9,28.1,59,0.983
2025-06-13 13:00,28.04,27.9,28.2,60,1.0
2025-06-13 14:00,28.03,27.9,28.2,59,0.983
2025-06-13 15:00,28.05,27.9,28.3,59,0.983
2025-06-13 16:00,28.07,27.9,28.3,60,1.0
2025-06-13 17:00,28.12,27.9,28.3,59,0.983
2025-06-13 18:00,28.1,27.8,28.2,60,1.0
2025-06-13 19:00,28.1,28.0,28.3,59,0.983
2025-06-13 20:00,28.11,27.9,28.2,60,1.0
2025-06-13 21:00,28.09,27.9,28.3,60,1.0
2025-06-13 22:00,28.12,28.0,28.3,60,1.0
2025-06-13 23:00,28.11,27.9,28.3,56,0.933
2025-06-14 00:00,28.05,27.9,28.2,45,0.75
2025-06-14 01:00,28.03,27.9,28.3,60,1.0
2025-06-14 02:00,28.0,27.8,28.3,60,1.0
2025-06-14 03:00,27.95,27.8,28.2,60,1.0
2025-06-14 04:00,27.95,27.8,28.1,59,0.983
2025-06-14 05:00,27.94,27.8,28.1,60,1.0
2025-06-14 06:00,27.9,27.7,28.1,60,1.0
2025-06-14 07:00,27.88,27.7,28.1,60,1.0
2025-06-14 08:00,27.89,27.7,28.1,60,1.0
2025-06-14 09:00,27.8,27.6,28.2,59,0.983
2025-06-14 10:00,27.79,27.6,27.9,60,1.0
2025-06-14 11:00,27.79,27.6,27.9,58,0.967
2025-06-14 12:00,27.76,27.6,28.0,58,0.967
2025-06-14 13:00,27.75,27.6,27.9,56,0.933
2025-06-14 14:00,27.81,27.6,28.0,60,1.0
2025-06-14 15:00,27.82,27.7,28.0,44,0.733
2025-06-14 16:00,27.81,27.6,28.0,21,0.35
2025-06-14 17:00,27.8,27.7,28.0,55,0.917
2025-06-14 18:00,27.83,27.6,28.0,59,0.983
2025-06-14 19:00,27.87,27.7,28.0,59,0.983
2025-06-14 20:00,27.88,27.8,28.3,60,1.0
2025-06-14 21:00,27.86,27.7,28.0,60,1.0
2025-06-14 22:00,27.87,27.7,28.0,59,0.983
2025-06-14 23:00,27.84,27.6,28.0,59,0.983
2025-06-15 00:00,27.81,27.6,28.0,59,0.983
2025-06-15 01:00,27.76,27.6,28.0,60,1.0
2025-06-15 02:00,27.75,27.6,28.0,60,1.0
2025-06-15 03:00,27.76,27.6,27.9,60,1.0
2025-06-15 04:00,27.7,27.5,27.9,60,1.0
2025-06-15 05:00,27.67,27.6,27.8,59,0.983
2025-06-15 06:00,27.69,27.5,27.9,60,1.0
2025-06-15 07:00,27.71,27.5,27.9,59,0.983
2025-06-15 08:00,27.68,27.5,28.0,59,0.983
2025-06-15 09:00,27.66,27.5,27.8,58,0.967
2025-06-15 10:00,27.59,27.5,27.7,46,0.767
2025-06-15 11:00,27.6,27.4,27.8,55,0.917
2025-06-15 12:00,27.61,27.5,28.0,56,0.933
2025-06-15 13:00,27.66,27.5,27.8,57,0.95
2025-06-15 14:00,27.64,27.5,28.0,54,0.9
2025-06-15 15:00,27.71,27.5,27.9,57,0.95
2025-06-15 16:00,27.69,27.5,27.9,57,0.95
2025-06-15 17:00,27.7,27.5,27.9,60,1.0
2025-06-15 18:00,27.7,27.6,27.8,59,0.983
2025-06-15 19:00,27.7,27.6,27.9,58,0.967
2025-06-15 20:00,27.7,27.6,27.9,56,0.933
2025-06-15 21:00,27.72,27.6,27.9,60,1.0
2025-06-15 22:00,27.71,27.5,28.0,59,0.983
2025-06-15 23:00,27.7,27.6,27.8,59,0.983
2025-06-16 00:00,27.7,27.5,27.8,60,1.0
2025-06-16 01:00,27.67,27.5,27.8,59,0.983
2025-06-16 02:00,27.63,27.5,27.8,60,1.0
2025-06-16 03:00,27.63,27.5,27.8,60,1.0
2025-06-16 04:00,27.6,27.4,27.8,60,1.0
2025-06-16 05:00,27.6,27.4,27.9,60,1.0
2025-06-16 06:00,27.6,27.5,27.7,60,1.0
2025-06-16 07:00,27.63,27.4,27.8,60,1.0
2025-06-16 08:00,27.54,27.3,27.8,58,0.967
2025-06-16 09:00,27.54,27.4,27.7,54,0.9
2025-06-16 10:00,27.51,27.4,27.7,53,0.883
2025-06-16 11:00,27.49,27.4,27.6,55,0.917
2025-06-16 12:00,27.49,27.4,27.6,51,0.85
2025-06-16 13:00,27.49,27.4,27.6,46,0.767
2025-06-16 14:00,27.49,27.4,27.6,56,0.933
2025-06-16 15:00,27.48,27.3,27.6,57,0.95
2025-06-16 16:00,27.51,27.3,27.7,57,0.95
2025-06-16 17:00,27.54,27.4,27.7,57,0.95
2025-06-16 18:00,27.53,27.3,27.7,58,0.967
2025-06-16 19:00,27.53,27.3,27.7,59,0.983
2025-06-16 20:00,27.54,27.4,27.7,60,1.0
2025-06-16 21:00,27.57,27.4,27.7,60,1.0
2025-06-16 22:00,27.6,27.4,27.8,60,1.0
2025-06-16 23:00,27.57,27.4,27.9,60,1.0
2025-06-17 00:00,27.56,27.4,27.7,59,0.983
2025-06-17 01:00,27.57,27.4,27.7,60,1.0
2025-06-17 02:00,27.56,27.4,27.9,60,1.0
2025-06-17 03:00,27.53,27.4,27.9,60,1.0
2025-06-17 04:00,27.51,27.4,27.7,60,1.0
2025-06-17 05:00,27.5,27.4,27.6,59,0.983
2025-06-17 06:00,27.48,27.3,27.7,60,1.0
2025-06-17 07:00,27.48,27.3,27.7,59,0.983
2025-06-17 08:00,27.45,27.3,27.6,57,0.95
2025-06-17 09:00,27.39,27.2,27.5,56,0.933
2025-06-17 10:00,27.36,27.2,27.6,58,0.967
2025-06-17 11:00,27.34,27.2,27.5,55,0.917
2025-06-17 12:00,27.32,27.2,27.5,53,0.883
2025-06-17 13:00,27.35,27.2,27.6,55,0.917
2025-06-17 14:00,27.32,27.1,27.5,57,0.95
2025-06-17 15:00,27.31,27.2,27.5,58,0.967
2025-06-17 16:00,27.33,27.2,27.6,60,1.0
2025-06-17 17:00,27.31,27.1,27.5,59,0.983
2025-06-17 18:00,27.33,27.1,27.6,59,0.983
2025-06-17 19:00,27.33,27.2,27.5,58,0.967
2025-06-17 20:00,27.36,27.2,27.5,58,0.967
2025-06-17 21:00,27.4,27.3,27.6,60,1.0
2025-06-17 22:00,27.41,27.3,27.6,60,1.0
2025-06-17 23:00,27.41,27.3,27.6,60,1.0
2025-06-18 00:00,27.4,27.2,27.5,60,1.0
2025-06-18 01:00,27.38,27.3,27.5,60,1.0
2025-06-18 02:00,27.36,27.2,27.5,60,1.0
2025-06-18 03:00,27.36,27.2,27.5,60,1.0
2025-06-18 04:00,27.32,27.1,27.5,59,0.983
2025-06-18 05:00,27.32,27.2,27.5,49,0.817
2025-06-18 06:00,27.3,27.2,27.5,49,0.817
2025-06-18 07:00,27.11,26.5,27.4,44,0.733
2025-06-18 08:00,26.06,25.8,26.5,38,0.633
2025-06-18 09:00,26.53,26.5,26.6,3,0.05
2025-06-18 10:00,26.59,26.4,26.8,55,0.917
2025-06-18 11:00,26.41,26.2,26.5,60,1.0
2025-06-18 12:00,26.37,26.3,26.6,58,0.967
2025-06-18 13:00,26.3,26.1,26.5,48,0.8
2025-06-18 14:00,26.2,26.1,26.3,48,0.8
2025-06-18 15:00,26.17,26.1,26.3,55,0.917
2025-06-18 16:00,26.17,26.0,26.3,56,0.933
2025-06-18 17:00,26.16,26.0,26.5,43,0.717
2025-06-18 18:00,26.14,26.0,26.3,56,0.933
2025-06-18 19:00,26.13,26.0,26.2,60,1.0
2025-06-18 20:00,26.12,26.0,26.3,51,0.85
2025-06-18 21:00,26.09,25.9,26.2,59,0.983
2025-06-18 22:00,26.1,26.0,26.2,59,0.983
2025-06-18 23:00,26.07,25.9,26.2,58,0.967
2025-06-19 00:00,26.05,25.9,26.2,49,0.817
2025-06-19 01:00,26.01,25.9,26.2,55,0.917
2025-06-19 02:00,25.98,25.9,26.1,58,0.967
2025-06-19 03:00,25.98,25.8,26.1,42,0.7
2025-06-19 04:00,25.98,25.9,26.2,46,0.767
2025-06-19 05:00,25.96,25.8,26.1,59,0.983
2025-06-19 06:00,25.96,25.8,26.1,58,0.967
2025-06-19 07:00,25.99,25.8,26.1,59,0.983
2025-06-19 08:00,25.96,25.8,26.1,59,0.983
2025-06-19 09:00,26.0,25.8,26.2,57,0.95
2025-06-19 10:00,26.03,25.9,26.2,46,0.767
2025-06-19 11:00,26.09,25.9,26.3,41,0.683
2025-06-19 12:00,26.13,26.0,26.3,35,0.583
2025-06-19 13:00,26.19,26.1,26.3,39,0.65
2025-06-19 14:00,26.25,26.1,26.3,53,0.883
2025-06-19 15:00,26.24,26.1,26.4,60,1.0
2025-06-19 16:00,26.2,26.1,26.4,60,1.0
2025-06-19 17:00,26.18,26.1,26.3,59,0.983
2025-06-19 18:00,26.19,26.0,26.4,59,0.983
2025-06-19 19:00,26.2,26.0,26.3,60,1.0
2025-06-19 20:00,26.22,26.1,26.4,60,1.0
2025-06-19 21:00,26.26,26.0,26.5,59,0.983
2025-06-19 22:00,26.28,26.1,26.4,60,1.0
2025-06-19 23:00,26.27,26.1,26.4,59,0.983
2025-06-20 00:00,26.26,26.1,26.4,60,1.0
2025-06-20 01:00,26.26,26.1,26.5,60,1.0
2025-06-20 02:00,26.23,26.1,26.4,60,1.0
2025-06-20 03:00,26.2,26.1,26.4,60,1.0
2025-06-20 04:00,26.18,26.0,26.3,60,1.0
2025-06-20 05:00,26.17,26.0,26.3,60,1.0
2025-06-20 06:00,26.15,26.0,26.3,60,1.0
2025-06-20 07:00,26.25,26.1,26.4,60,1.0
2025-06-20 08:00,26.32,26.1,26.5,60,1.0
2025-06-20 09:00,26.37,26.2,26.5,50,0.833
2025-06-20 10:00,26.33,26.2,26.5,51,0.85
2025-06-20 11:00,26.47,26.2,26.8,50,0.833
2025-06-20 12:00,26.53,26.4,26.7,54,0.9
2025-06-20 13:00,26.59,26.4,26.8,56,0.933
2025-06-20 14:00,26.59,26.5,26.8,58,0.967
2025-06-20 15:00,26.61,26.4,26.9,56,0.933
2025-06-20 16:00,26.57,26.4,26.8,60,1.0
2025-06-20 17:00,26.53,26.4,26.7,60,1.0
2025-06-20 18:00,26.5,26.4,26.8,59,0.983
2025-06-20 19:00,26.5,26.4,26.8,60,1.0
2025-06-20 20:00,26.48,26.3,26.6,60,1.0
2025-06-20 21:00,26.54,26.4,26.7,53,0.883
2025-06-20 22:00,26.58,26.4,26.7,46,0.767
2025-06-20 23:00,26.58,26.4,26.8,52,0.867
2025-06-21 00:00,26.59,26.4,26.7,60,1.0
2025-06-21 01:00,26.59,26.5,26.7,59,0.983
2025-06-21 02:00,26.57,26.4,26.7,60,1.0
2025-06-21 03:00,26.55,26.3,26.8,60,1.0
2025-06-21 04:00,26.54,26.4,26.7,58,0.967
2025-06-21 05:00,26.55,26.3,26.7,59,0.983
2025-06-21 06:00,26.56,26.3,26.7,60,1.0
2025-06-21 07:00,26.62,26.4,26.9,57,0.95
2025-06-21 08:00,26.7,26.6,26.9,54,0.9
2025-06-21 09:00,26.85,26.7,27.0,44,0.733
2025-06-21 10:00,26.88,26.7,27.0,40,0.667
2025-06-21 11:00,26.94,26.8,27.1,41,0.683
2025-06-21 12:00,26.99,26.8,27.1,42,0.7
2025-06-21 13:00,26.94,26.8,27.1,45,0.75
2025-06-21 14:00,26.99,26.8,27.3,53,0.883
2025-06-21 15:00,27.07,26.9,27.2,38,0.633
2025-06-21 16:00,27.07,26.9,27.3,60,1.0
2025-06-21 17:00,27.06,26.8,27.2,60,1.0
2025-06-21 18:00,27.0,26.9,27.2,60,1.0
2025-06-21 19:00,26.98,26.8,27.1,60,1.0
2025-06-21 20:00,26.99,26.9,27.2,60,1.0
2025-06-21 21:00,27.02,26.9,27.2,60,1.0
2025-06-21 22:00,27.01,26.9,27.2,60,1.0
2025-06-21 23:00,27.02,26.8,27.3,60,1.0
2025-06-22 00:00,27.02,26.9,27.2,60,1.0
2025-06-22 01:00,27.02,26.8,27.2,60,1.0
2025-06-22 02:00,27.02,26.9,27.2,60,1.0
2025-06-22 03:00,27.02,26.9,27.2,60,1.0
2025-06-22 04:00,27.01,26.8,27.4,59,0.983
2025-06-22 05:00,26.99,26.9,27.3,58,0.967
2025-06-22 06:00,26.97,26.7,27.5,60,1.0
2025-06-22 07:00,26.92,26.8,27.2,57,0.95
2025-06-22 08:00,27.0,26.8,27.2,60,1.0
2025-06-22 09:00,27.1,26.9,27.3,46,0.767
2025-06-22 10:00,27.16,27.0,27.3,47,0.783
2025-06-22 11:00,27.17,27.0,27.3,41,0.683
2025-06-22 12:00,27.17,27.0,27.4,33,0.55
2025-06-22 13:00,27.2,27.1,27.4,52,0.867
2025-06-22 14:00,27.19,27.0,27.3,56,0.933
2025-06-22 15:00,27.19,27.0,27.4,55,0.917
2025-06-22 16:00,27.12,26.9,27.4,58,0.967
2025-06-22 17:00,27.14,27.0,27.4,58,0.967
2025-06-22 18:00,27.11,27.0,27.3,60,1.0
2025-06-22 19:00,27.08,27.0,27.3,60,1.0
2025-06-22 20:00,27.1,26.9,27.5,59,0.983
2025-06-22 21:00,27.09,26.9,27.4,60,1.0
2025-06-22 22:00,27.08,26.9,27.3,60,1.0
2025-06-22 23:00,27.13,26.9,27.3,60,1.0
2025-06-23 00:00,27.14,26.9,27.3,60,1.0
2025-06-23 01:00,27.13,26.9,27.4,60,1.0
2025-06-23 02:00,27.11,26.9,27.3,59,0.983
2025-06-23 03:00,27.08,26.9,27.3,60,1.0
2025-06-23 04:00,27.07,26.9,27.3,60,1.0
2025-06-23 05:00,27.09,26.9,27.3,60,1.0
2025-06-23 06:00,27.03,26.8,27.2,60,1.0
2025-06-23 07:00,26.97,26.8,27.2,51,0.85
2025-06-23 08:00,27.01,26.8,27.3,42,0.7
2025-06-23 09:00,27.02,26.9,27.2,54,0.9
2025-06-23 10:00,27.08,26.9,27.2,57,0.95
2025-06-23 11:00,27.09,26.9,27.2,57,0.95
2025-06-23 12:00,27.1,26.9,27.4,59,0.983
2025-06-23 13:00,27.09,26.9,27.3,51,0.85
2025-06-23 14:00,27.07,26.9,27.2,42,0.7
2025-06-23 15:00,27.09,26.9,27.3,29,0.483
2025-06-23 16:00,27.05,26.9,27.2,23,0.383
2025-06-23 17:00,27.08,26.9,27.3,59,0.983
2025-06-23 18:00,27.09,26.9,27.3,60,1.0
2025-06-23 19:00,27.07,26.9,27.5,60,1.0
2025-06-23 20:00,27.04,26.9,27.3,59,0.983
2025-06-23 21:00,27.03,26.9,27.2,60,1.0
2025-06-23 22:00,27.01,26.9,27.2,60,1.0
2025-06-23 23:00,27.02,26.9,27.2,60,1.0
2025-06-24 00:00,27.08,26.9,27.3,60,1.0
2025-06-24 01:00,27.07,26.9,27.3,60,1.0
2025-06-24 02:00,27.06,26.9,27.2,59,0.983
2025-06-24 03:00,27.04,26.9,27.2,60,1.0
2025-06-24 04:00,27.04,26.9,27.2,60,1.0
2025-06-24 05:00,27.05,26.9,27.3,59,0.983
2025-06-24 06:00,26.98,26.7,27.2,60,1.0
2025-06-24 07:00,26.91,26.8,27.1,55,0.917
2025-06-24 08:00,27.0,26.8,27.3,49,0.817
2025-06-24 09:00,26.94,26.8,27.1,45,0.75
2025-06-24 10:00,26.99,26.8,27.2,44,0.733
2025-06-24 11:00,27.03,26.8,27.2,49,0.817
2025-06-24 12:00,27.03,26.8,27.2,55,0.917
2025-06-24 13:00,27.04,26.9,27.3,53,0.883
2025-06-24 14:00,27.05,26.9,27.2,55,0.917
2025-06-24 15:00,27.04,26.9,27.2,53,0.883
2025-06-24 16:00,27.05,26.9,27.2,45,0.75
2025-06-24 17:00,27.05,26.9,27.2,56,0.933
2025-06-24 18:00,27.04,26.9,27.2,60,1.0
2025-06-24 19:00,27.04,26.9,27.2,58,0.967
2025-06-24 20:00,27.04,26.8,27.2,60,1.0
2025-06-24 21:00,27.01,26.9,27.2,59,0.983
2025-06-24 22:00,26.98,26.9,27.2,60,1.0
2025-06-24 23:00,26.98,26.8,27.2,60,1.0
2025-06-25 00:00,26.97,26.8,27.1,59,0.983
2025-06-25 01:00,27.01,26.8,27.2,60,1.0
2025-06-25 02:00,27.02,26.8,27.2,60,1.0
2025-06-25 03:00,27.01,26.8,27.2,60,1.0
2025-06-25 04:00,27.02,26.8,27.2,60,1.0
2025-06-25 05:00,26.98,26.8,27.2,60,1.0
2025-06-25 06:00,26.97,26.7,27.2,60,1.0
2025-06-25 07:00,26.9,26.7,27.1,59,0.983
2025-06-25 08:00,26.9,26.7,27.1,44,0.733
2025-06-25 09:00,26.89,26.7,27.1,46,0.767
2025-06-25 10:00,26.93,26.7,27.1,45,0.75
2025-06-25 11:00,26.93,26.8,27.1,45,0.75
2025-06-25 12:00,26.97,26.8,27.1,46,0.767
2025-06-25 13:00,26.95,26.8,27.1,54,0.9
2025-06-25 14:00,26.96,26.8,27.1,60,1.0
2025-06-25 15:00,26.97,26.8,27.1,58,0.967
2025-06-25 16:00,26.98,26.8,27.2,50,0.833
2025-06-25 17:00,26.97,26.8,27.2,41,0.683
2025-06-25 18:00,26.99,26.9,27.1,52,0.867
2025-06-25 19:00,26.98,26.8,27.2,51,0.85
2025-06-25 20:00,26.99,26.8,27.2,42,0.7
2025-06-25 21:00,26.97,26.8,27.4,55,0.917
2025-06-25 22:00,26.96,26.8,27.1,60,1.0
2025-06-25 23:00,26.89,26.7,27.1,60,1.0
2025-06-26 00:00,26.91,26.8,27.1,60,1.0
2025-06-26 01:00,26.88,26.7,27.0,60,1.0
2025-06-26 02:00,26.88,26.7,27.1,60,1.0
2025-06-26 03:00,26.89,26.7,27.1,60,1.0
2025-06-26 04:00,26.88,26.7,27.2,60,1.0
2025-06-26 05:00,26.86,26.7,27.1,60,1.0
2025-06-26 06:00,26.86,26.7,27.0,60,1.0
2025-06-26 07:00,26.86,26.7,27.1,50,0.833
2025-06-26 08:00,26.83,26.7,27.0,48,0.8
2025-06-26 09:00,26.76,26.6,27.0,55,0.917
2025-06-26 10:00,26.79,26.6,26.9,50,0.833
2025-06-26 11:00,26.78,26.6,26.9,54,0.9
2025-06-26 12:00,26.8,26.6,26.9,48,0.8
2025-06-26 13:00,26.82,26.6,27.0,50,0.833
2025-06-26 14:00,26.8,26.7,27.0,52,0.867
2025-06-26 15:00,26.82,26.6,27.0,49,0.817
2025-06-26 16:00,26.86,26.7,27.0,59,0.983
2025-06-26 17:00,26.84,26.7,27.0,60,1.0
2025-06-26 18:00,26.89,26.7,27.1,60,1.0
2025-06-26 19:00,26.93,26.8,27.1,60,1.0
2025-06-26 20:00,26.92,26.7,27.2,60,1.0
2025-06-26 21:00,26.94,26.8,27.1,60,1.0
2025-06-26 22:00,26.9,26.7,27.1,60,1.0
2025-06-26 23:00,26.87,26.7,27.2,60,1.0
2025-06-27 00:00,26.83,26.7,27.0,60,1.0
2025-06-27 01:00,26.79,26.7,27.0,60,1.0
2025-06-27 02:00,26.8,26.7,27.0,60,1.0
2025-06-27 03:00,26.8,26.6,26.9,60,1.0
2025-06-27 04:00,26.76,26.6,27.0,60,1.0
2025-06-27 05:00,26.74,26.6,26.9,59,0.983
2025-06-27 06:00,26.76,26.6,26.9,60,1.0
2025-06-27 07:00,26.77,26.6,27.0,59,0.983
2025-06-27 08:00,26.73,26.6,26.9,54,0.9
2025-06-27 09:00,26.71,26.6,26.9,51,0.85
2025-06-27 10:00,26.66,26.5,26.8,54,0.9
2025-06-27 11:00,26.68,26.5,26.9,52,0.867
2025-06-27 12:00,26.71,26.5,26.9,44,0.733
2025-06-27 13:00,26.7,26.5,26.9,48,0.8
2025-06-27 14:00,26.73,26.6,26.9,38,0.633
2025-06-27 15:00,26.76,26.6,26.9,42,0.7
2025-06-27 16:00,26.74,26.5,26.9,51,0.85
2025-06-27 17:00,26.77,26.6,27.0,60,1.0
2025-06-27 18:00,26.79,26.6,26.9,60,1.0
2025-06-27 19:00,26.81,26.6,27.0,60,1.0
2025-06-27 20:00,26.81,26.7,26.9,60,1.0
2025-06-27 21:00,26.83,26.6,27.0,60,1.0
2025-06-27 22:00,26.82,26.7,27.0,57,0.95
2025-06-27 23:00,26.82,26.6,26.9,60,1.0
2025-06-28 00:00,26.8,26.6,27.0,60,1.0
2025-06-28 01:00,26.76,26.6,26.9,60,1.0
2025-06-28 02:00,26.79,26.6,26.9,59,0.983
2025-06-28 03:00,26.75,26.6,27.0,59,0.983
2025-06-28 04:00,26.75,26.6,26.9,60,1.0
2025-06-28 05:00,26.71,26.5,26.9,59,0.983
2025-06-28 06:00,26.7,26.6,26.9,54,0.9
2025-06-28 07:00,26.61,26.5,26.8,55,0.917
2025-06-28 08:00,26.61,26.4,26.9,52,0.867
2025-06-28 09:00,26.66,26.5,26.8,53,0.883
2025-06-28 10:00,26.69,26.5,26.8,49,0.817
2025-06-28 11:00,26.63,26.4,26.8,49,0.817
2025-06-28 12:00,26.64,26.5,26.8,50,0.833
2025-06-28 13:00,26.64,26.5,26.8,57,0.95
2025-06-28 14:00,26.66,26.6,26.8,56,0.933
2025-06-28 15:00,26.66,26.5,26.8,38,0.633
2025-06-28 16:00,26.65,26.5,26.8,45,0.75
2025-06-28 17:00,26.59,26.4,26.8,47,0.783
2025-06-28 18:00,26.57,26.4,26.7,54,0.9
2025-06-28 19:00,26.53,26.4,26.7,54,0.9
2025-06-28 20:00,26.54,26.4,26.7,59,0.983
2025-06-28 21:00,26.53,26.4,26.7,60,1.0
2025-06-28 22:00,26.58,26.4,26.8,59,0.983
2025-06-28 23:00,26.61,26.4,26.8,59,0.983
2025-06-29 00:00,26.61,26.5,26.8,59,0.983
2025-06-29 01:00,26.59,26.4,26.8,54,0.9
2025-06-29 02:00,26.56,26.4,26.7,57,0.95
2025-06-29 03:00,26.55,26.4,26.7,55,0.917
2025-06-29 04:00,26.53,26.4,26.7,52,0.867
2025-06-29 05:00,26.5,26.3,26.6,52,0.867
2025-06-29 06:00,26.48,26.3,26.7,50,0.833
2025-06-29 07:00,26.43,26.3,26.6,56,0.933
2025-06-29 08:00,26.42,26.3,26.6,53,0.883
2025-06-29 09:00,26.38,26.2,26.6,41,0.683
2025-06-29 10:00,26.39,26.2,26.5,46,0.767
2025-06-29 11:00,26.36,26.2,26.8,54,0.9
2025-06-29 12:00,26.38,26.2,26.6,51,0.85
2025-06-29 13:00,26.39,26.2,26.6,52,0.867
2025-06-29 14:00,26.38,26.2,26.6,58,0.967
2025-06-29 15:00,26.41,26.2,26.6,58,0.967
2025-06-29 16:00,26.42,26.3,26.6,54,0.9
2025-06-29 17:00,26.41,26.3,26.6,55,0.917
2025-06-29 18:00,26.37,26.2,26.6,55,0.917
2025-06-29 19:00,26.32,26.2,26.5,52,0.867
2025-06-29 20:00,26.27,26.2,26.5,56,0.933
2025-06-29 21:00,26.29,26.1,26.5,59,0.983
2025-06-29 22:00,26.33,26.1,26.5,60,1.0
2025-06-29 23:00,26.3,26.1,26.5,60,1.0
2025-06-30 00:00,26.31,26.2,26.5,60,1.0
2025-06-30 01:00,26.36,26.2,26.6,60,1.0
2025-06-30 02:00,26.31,26.2,26.5,60,1.0
2025-06-30 03:00,26.29,26.1,26.5,60,1.0
2025-06-30 04:00,26.28,26.1,26.5,60,1.0
2025-06-30 05:00,26.25,26.1,26.4,60,1.0
2025-06-30 06:00,26.23,26.1,26.5,59,0.983
2025-06-30 07:00,26.26,26.1,26.5,59,0.983
2025-06-30 08:00,26.21,26.0,26.4,59,0.983
2025-06-30 09:00,26.13,26.0,26.3,55,0.917
2025-06-30 10:00,26.23,26.1,26.4,56,0.933
2025-06-30 11:00,26.22,26.1,26.5,55,0.917
2025-06-30 12:00,26.23,26.1,26.4,59,0.983
2025-06-30 13:00,26.2,26.0,26.4,58,0.967
2025-06-30 14:00,26.22,26.1,26.4,58,0.967
2025-06-30 15:00,26.21,26.0,26.4,59,0.983
2025-06-30 16:00,26.21,26.1,26.4,60,1.0
2025-06-30 17:00,26.18,26.0,26.4,60,1.0
2025-06-30 18:00,26.16,26.0,26.3,59,0.983
2025-06-30 19:00,26.12,26.0,26.3,60,1.0
2025-06-30 20:00,26.12,26.0,26.3,48,0.8
2025-06-30 21:00,26.15,26.0,26.3,51,0.85
2025-06-30 22:00,26.16,26.0,26.4,57,0.95
2025-06-30 23:00,26.17,26.0,26.4,59,0.983
2025-07-01 00:00,26.21,26.0,26.4,59,0.983
2025-07-01 01:00,26.25,26.1,26.4,25,0.417
2025-07-01 08:00,26.3,26.1,26.7,41,0.683
2025-07-01 09:00,26.29,26.1,26.5,37,0.617
2025-07-01 10:00,26.31,26.1,26.5,40,0.667
2025-07-01 11:00,26.36,26.2,26.5,50,0.833
2025-07-01 12:00,26.36,26.1,26.5,37,0.617
2025-07-01 13:00,26.37,26.2,26.5,45,0.75
2025-07-01 14:00,26.39,26.2,26.5,46,0.767
2025-07-01 15:00,26.38,26.2,26.5,41,0.683
2025-07-01 16:00,26.37,26.2,26.5,39,0.65
2025-07-01 17:00,26.39,26.2,26.6,46,0.767
2025-07-01 18:00,26.35,26.2,26.5,58,0.967
2025-07-01 19:00,26.32,26.2,26.5,56,0.933
2025-07-01 20:00,26.3,26.1,26.5,54,0.9
2025-07-01 21:00,26.32,26.2,26.5,59,0.983
2025-07-01 22:00,26.37,26.2,26.6,60,1.0
2025-07-01 23:00,26.38,26.2,26.5,59,0.983
2025-07-02 00:00,26.39,26.2,26.7,59,0.983
2025-07-02 01:00,26.41,26.2,26.7,60,1.0
2025-07-02 02:00,26.36,26.2,26.6,59,0.983
2025-07-02 03:00,26.36,26.1,26.5,60,1.0
2025-07-02 04:00,26.33,26.1,26.5,60,1.0
2025-07-02 05:00,26.28,26.1,26.5,60,1.0
2025-07-02 06:00,26.28,26.1,26.5,58,0.967
2025-07-02 07:00,26.27,26.1,26.4,60,1.0
2025-07-02 08:00,26.23,26.0,26.6,60,1.0
2025-07-02 09:00,26.22,26.0,26.4,40,0.667
2025-07-02 10:00,26.24,26.1,26.4,23,0.383
2025-07-02 11:00,26.28,26.2,26.4,22,0.367
2025-07-02 12:00,26.3,26.1,26.4,15,0.25
2025-07-02 13:00,26.34,26.2,26.5,26,0.433
2025-07-02 14:00,26.3,26.2,26.4,24,0.4
2025-07-02 15:00,26.26,26.1,26.4,11,0.183
2025-07-02 16:00,26.25,26.2,26.3,4,0.067
2025-07-02 17:00,26.31,26.1,26.4,8,0.133
2025-07-02 18:00,26.28,26.1,26.5,60,1.0
2025-07-02 19:00,26.23,26.1,26.5,60,1.0
2025-07-02 20:00,26.22,26.1,26.5,60,1.0
2025-07-02 21:00,26.26,26.1,26.4,50,0.833
2025-07-02 22:00,26.29,26.0,26.5,51,0.85
2025-07-02 23:00,26.3,26.1,26.5,59,0.983
2025-07-03 00:00,26.3,26.1,26.5,60,1.0
2025-07-03 01:00,26.3,26.1,26.5,59,0.983
2025-07-03 02:00,26.3,26.1,26.5,60,1.0
2025-07-03 03:00,26.28,26.1,26.5,60,1.0
2025-07-03 04:00,26.28,26.1,26.5,58,0.967
2025-07-03 05:00,26.31,26.1,26.5,59,0.983
2025-07-03 06:00,26.25,26.1,26.4,59,0.983
2025-07-03 07:00,26.24,26.1,26.4,58,0.967
2025-07-03 08:00,26.18,26.0,26.4,56,0.933
2025-07-03 09:00,26.16,26.0,26.3,32,0.533
2025-07-03 10:00,26.2,26.0,26.4,26,0.433
2025-07-03 11:00,26.19,26.0,26.4,30,0.5
2025-07-03 12:00,26.2,26.0,26.4,33,0.55
2025-07-03 13:00,26.24,26.1,26.5,40,0.667
2025-07-03 14:00,26.26,26.1,26.4,38,0.633
2025-07-03 15:00,26.29,26.1,26.4,35,0.583
2025-07-03 16:00,26.28,26.1,26.6,21,0.35
2025-07-03 17:00,26.35,26.3,26.4,4,0.067
2025-07-03 18:00,26.34,26.1,26.5,15,0.25
2025-07-03 19:00,26.27,26.1,26.5,60,1.0
2025-07-03 20:00,26.22,26.0,26.4,60,1.0
2025-07-03 21:00,26.19,26.0,26.3,60,1.0
2025-07-03 22:00,26.18,26.0,26.3,60,1.0
2025-07-03 23:00,26.17,26.0,26.4,60,1.0
2025-07-04 00:00,26.25,26.1,26.5,60,1.0
2025-07-04 01:00,26.23,26.0,26.4,60,1.0
2025-07-04 02:00,26.23,26.0,26.4,60,1.0
2025-07-04 03:00,26.23,26.0,26.4,60,1.0
2025-07-04 04:00,26.24,26.0,26.4,60,1.0
2025-07-04 05:00,26.21,26.0,26.4,60,1.0
2025-07-04 06:00,26.17,26.0,26.3,60,1.0
2025-07-04 07:00,26.21,26.1,26.4,60,1.0
2025-07-04 08:00,26.15,26.0,26.4,60,1.0
2025-07-04 09:00,26.1,26.0,26.3,31,0.517
2025-07-04 10:00,26.13,26.0,26.3,27,0.45
2025-07-04 11:00,26.19,26.0,26.4,37,0.617
2025-07-04 12:00,26.21,26.0,26.4,37,0.617
2025-07-04 13:00,26.17,26.0,26.4,41,0.683
2025-07-04 14:00,26.24,26.1,26.4,41,0.683
2025-07-04 15:00,26.23,26.1,26.4,43,0.717
2025-07-04 16:00,26.26,26.1,26.6,47,0.783
2025-07-04 17:00,26.26,26.1,26.4,43,0.717
2025-07-04 18:00,26.25,26.1,26.4,46,0.767
2025-07-04 19:00,26.24,26.1,26.4,56,0.933
2025-07-04 20:00,26.24,26.1,26.4,58,0.967
2025-07-04 21:00,26.18,26.0,26.4,60,1.0
2025-07-04 22:00,26.12,26.0,26.3,59,0.983
2025-07-04 23:00,26.1,25.9,26.2,53,0.883
2025-07-05 00:00,26.11,26.0,26.3,54,0.9
2025-07-05 01:00,26.16,26.0,26.4,51,0.85
2025-07-05 02:00,26.16,25.9,26.4,53,0.883
2025-07-05 03:00,26.18,26.0,26.4,32,0.533
2025-07-05 09:00,25.96,25.8,26.1,30,0.5
2025-07-05 10:00,26.0,25.8,26.2,39,0.65
2025-07-05 11:00,26.04,25.8,26.2,48,0.8
2025-07-05 12:00,26.07,25.9,26.3,39,0.65
2025-07-05 13:00,26.1,25.9,26.3,47,0.783
2025-07-05 14:00,26.1,25.9,26.3,51,0.85
2025-07-05 15:00,26.1,25.9,26.3,55,0.917
2025-07-05 16:00,26.13,26.0,26.3,57,0.95
2025-07-05 17:00,26.12,25.9,26.3,43,0.717
2025-07-05 18:00,26.12,26.0,26.3,53,0.883
2025-07-05 19:00,26.04,25.9,26.3,40,0.667
2025-07-05 20:00,26.02,25.8,26.2,52,0.867
2025-07-05 21:00,26.05,25.8,26.4,47,0.783
2025-07-05 22:00,26.0,25.9,26.2,48,0.8
2025-07-05 23:00,26.0,25.9,26.2,42,0.7
2025-07-06 00:00,26.04,25.9,26.2,36,0.6
2025-07-06 01:00,26.02,25.9,26.2,33,0.55
2025-07-06 02:00,26.06,25.9,26.2,26,0.433
2025-07-06 03:00,26.35,26.2,26.5,4,0.067
2025-07-06 04:00,26.28,26.2,26.3,4,0.067
2025-07-06 10:00,26.01,25.8,26.3,24,0.4
2025-07-06 11:00,26.07,25.9,26.2,46,0.767
2025-07-06 12:00,26.04,25.8,26.2,42,0.7
2025-07-06 13:00,26.06,25.9,26.2,53,0.883
2025-07-06 14:00,26.07,25.9,26.2,51,0.85
2025-07-06 15:00,26.08,25.9,26.3,57,0.95
2025-07-06 16:00,26.1,25.9,26.3,49,0.817
2025-07-06 17:00,26.14,26.0,26.3,35,0.583
2025-07-06 18:00,26.1,26.0,26.2,3,0.05
2025-07-06 19:00,26.28,26.2,26.3,4,0.067
2025-07-06 20:00,26.09,25.9,26.3,9,0.15
2025-07-06 21:00,26.15,26.1,26.2,2,0.033
2025-07-07 07:00,25.76,25.6,25.9,8,0.133
2025-07-07 08:00,25.59,25.4,25.8,60,1.0
2025-07-07 09:00,25.7,24.1,26.0,58,0.967
2025-07-07 10:00,25.12,24.5,25.5,47,0.783
2025-07-07 11:00,24.5,24.3,24.7,33,0.55
2025-07-07 12:00,24.37,24.2,24.6,24,0.4
2025-07-07 13:00,24.21,24.1,24.3,26,0.433
2025-07-07 14:00,24.18,24.0,24.4,51,0.85
2025-07-07 15:00,24.13,24.0,24.3,45,0.75
2025-07-07 16:00,24.11,24.0,24.3,49,0.817
2025-07-07 17:00,24.14,24.0,24.3,55,0.917
2025-07-07 18:00,24.14,24.0,24.3,53,0.883
2025-07-07 19:00,24.13,24.0,24.2,57,0.95
2025-07-07 20:00,24.15,24.0,24.4,44,0.733
2025-07-07 21:00,24.15,24.0,24.3,37,0.617
2025-07-07 22:00,24.16,24.0,24.3,44,0.733
2025-07-07 23:00,24.17,24.0,24.3,46,0.767
2025-07-08 00:00,24.17,24.0,24.3,40,0.667
2025-07-08 01:00,24.17,24.0,24.3,40,0.667
2025-07-08 02:00,24.16,24.0,24.3,43,0.717
2025-07-08 03:00,24.16,24.0,24.3,34,0.567
2025-07-08 04:00,24.15,24.0,24.3,59,0.983
2025-07-08 05:00,24.21,24.1,24.4,46,0.767
2025-07-08 06:00,24.16,24.0,24.3,56,0.933
2025-07-08 07:00,24.08,24.0,24.2,58,0.967
2025-07-08 08:00,24.04,23.9,24.2,60,1.0
2025-07-08 09:00,24.06,23.9,24.3,60,1.0
2025-07-08 10:00,24.09,23.9,24.2,57,0.95
2025-07-08 11:00,24.13,24.0,24.3,60,1.0
2025-07-08 12:00,24.15,24.0,24.3,60,1.0
2025-07-08 13:00,24.12,24.0,24.2,56,0.933
2025-07-08 14:00,24.12,24.0,24.2,53,0.883
2025-07-08 15:00,24.12,24.0,24.3,53,0.883
2025-07-08 16:00,24.15,24.0,24.3,60,1.0
2025-07-08 17:00,24.14,24.0,24.3,60,1.0
2025-07-08 18:00,24.08,24.0,24.4,60,1.0
2025-07-08 19:00,24.08,24.0,24.2,59,0.983
2025-07-08 20:00,24.08,24.0,24.4,59,0.983
2025-07-08 21:00,24.08,23.9,24.2,60,1.0
2025-07-08 22:00,24.08,23.9,24.2,60,1.0
2025-07-08 23:00,24.08,24.0,24.3,60,1.0
2025-07-09 00:00,24.06,23.9,24.2,60,1.0
2025-07-09 01:00,24.07,23.9,24.3,59,0.983
2025-07-09 02:00,24.06,23.9,24.2,59,0.983
2025-07-09 03:00,24.05,23.9,24.2,60,1.0
2025-07-09 04:00,24.01,23.9,24.2,60,1.0
2025-07-09 05:00,24.02,23.9,24.2,60,1.0
2025-07-09 06:00,24.04,23.9,24.1,58,0.967
2025-07-09 07:00,24.05,23.9,24.2,55,0.917
2025-07-09 08:00,24.04,23.9,24.2,59,0.983
2025-07-09 09:00,24.07,23.9,24.2,59,0.983
2025-07-09 10:00,24.16,24.0,24.4,58,0.967
2025-07-09 11:00,24.19,24.1,24.5,59,0.983
2025-07-09 12:00,24.19,24.1,24.3,59,0.983
2025-07-09 13:00,24.22,24.1,24.4,59,0.983
2025-07-09 14:00,24.23,24.1,24.4,60,1.0
2025-07-09 15:00,24.23,24.1,24.4,60,1.0
2025-07-09 16:00,24.21,24.1,24.4,57,0.95
2025-07-09 17:00,24.24,24.1,24.5,43,0.717
2025-07-09 18:00,24.24,24.1,24.4,58,0.967
2025-07-09 19:00,24.21,24.1,24.4,60,1.0
2025-07-09 20:00,24.2,24.1,24.4,60,1.0
2025-07-09 21:00,24.21,24.1,24.4,55,0.917
2025-07-09 22:00,24.2,24.0,24.3,59,0.983
2025-07-09 23:00,24.21,24.1,24.3,59,0.983
2025-07-10 00:00,24.19,24.0,24.3,60,1.0
2025-07-10 01:00,24.21,24.1,24.5,57,0.95
2025-07-10 02:00,24.16,24.0,24.3,55,0.917
2025-07-10 03:00,24.15,24.0,24.3,53,0.883
2025-07-10 04:00,24.12,24.0,24.3,59,0.983
2025-07-10 05:00,24.13,24.0,24.3,56,0.933
2025-07-10 06:00,24.11,24.0,24.3,59,0.983
2025-07-10 07:00,24.11,24.0,24.2,60,1.0
2025-07-10 08:00,24.18,24.0,24.3,60,1.0
2025-07-10 09:00,24.19,24.0,24.4,58,0.967
2025-07-10 10:00,24.27,24.1,24.4,58,0.967
2025-07-10 11:00,24.35,24.2,24.5,56,0.933
2025-07-10 12:00,24.38,24.2,24.7,54,0.9
2025-07-10 13:00,24.38,24.2,24.6,60,1.0
2025-07-10 14:00,24.39,24.3,24.5,59,0.983
2025-07-10 15:00,24.41,24.3,24.5,59,0.983
2025-07-10 16:00,24.43,24.3,24.7,59,0.983
2025-07-10 17:00,24.42,24.3,24.6,60,1.0
2025-07-10 18:00,24.38,24.2,24.5,60,1.0
2025-07-10 19:00,24.35,24.2,24.5,60,1.0
2025-07-10 20:00,24.34,24.2,24.5,60,1.0
2025-07-10 21:00,24.29,24.2,24.5,58,0.967
2025-07-10 22:00,24.28,24.2,24.4,57,0.95
2025-07-10 23:00,24.3,24.1,24.5,58,0.967
2025-07-11 00:00,24.27,24.2,24.4,57,0.95
2025-07-11 01:00,24.28,24.2,24.4,60,1.0
2025-07-11 02:00,24.28,24.2,24.5,58,0.967
2025-07-11 03:00,24.24,24.1,24.4,60,1.0
2025-07-11 04:00,24.24,24.1,24.4,60,1.0
2025-07-11 05:00,24.24,24.1,24.4,57,0.95
2025-07-11 06:00,24.24,24.1,24.4,57,0.95
2025-07-11 07:00,24.32,24.2,24.5,60,1.0
2025-07-11 08:00,24.33,24.2,24.5,60,1.0
2025-07-11 09:00,24.47,24.3,24.6,52,0.867
2025-07-11 10:00,24.45,24.3,24.6,45,0.75
2025-07-11 11:00,24.53,24.3,24.7,45,0.75
2025-07-11 12:00,24.6,24.4,24.8,53,0.883
2025-07-11 13:00,24.61,24.4,24.8,55,0.917
2025-07-11 14:00,24.64,24.5,24.8,58,0.967
2025-07-11 15:00,24.65,24.5,24.9,60,1.0
2025-07-11 16:00,24.69,24.4,24.9,59,0.983
2025-07-11 17:00,24.72,24.6,24.9,59,0.983
2025-07-11 18:00,24.72,24.5,24.9,60,1.0
2025-07-11 19:00,24.73,24.6,24.9,59,0.983
2025-07-11 20:00,24.72,24.6,24.9,55,0.917
2025-07-11 21:00,24.7,24.5,24.8,57,0.95
2025-07-11 22:00,24.68,24.5,24.8,59,0.983
2025-07-11 23:00,24.65,24.5,24.8,58,0.967
2025-07-12 00:00,24.61,24.5,24.8,52,0.867
2025-07-12 01:00,24.61,24.5,24.8,47,0.783
2025-07-12 02:00,24.56,24.4,24.8,50,0.833
2025-07-12 03:00,24.54,24.4,24.7,50,0.833
2025-07-12 04:00,24.5,24.3,24.7,47,0.783
2025-07-12 05:00,24.49,24.3,24.7,55,0.917
2025-07-12 06:00,24.48,24.3,24.6,57,0.95
2025-07-12 07:00,24.58,24.4,24.7,60,1.0
2025-07-12 08:00,24.61,24.4,24.8,55,0.917
2025-07-12 09:00,24.62,24.5,24.8,56,0.933
2025-07-12 10:00,24.68,24.5,24.9,53,0.883
2025-07-12 11:00,24.71,24.5,24.9,51,0.85
2025-07-12 12:00,24.75,24.6,25.1,53,0.883
2025-07-12 13:00,24.77,24.6,24.9,50,0.833
2025-07-12 14:00,24.78,24.6,25.0,60,1.0
2025-07-12 15:00,24.8,24.6,25.0,59,0.983
2025-07-12 16:00,24.85,24.7,25.0,60,1.0
2025-07-12 17:00,24.8,24.7,25.0,59,0.983
2025-07-12 18:00,24.78,24.6,25.0,57,0.95
2025-07-12 19:00,24.8,24.6,25.0,60,1.0
2025-07-12 20:00,24.79,24.7,24.9,60,1.0
2025-07-12 21:00,24.81,24.7,24.9,59,0.983
2025-07-12 22:00,24.8,24.7,24.9,60,1.0
2025-07-12 23:00,24.76,24.6,24.9,60,1.0
2025-07-13 00:00,24.76,24.5,24.9,60,1.0
2025-07-13 01:00,24.72,24.5,24.9,60,1.0
2025-07-13 02:00,24.72,24.6,25.1,60,1.0
2025-07-13 03:00,24.68,24.5,24.8,60,1.0
2025-07-13 04:00,24.67,24.5,24.9,59,0.983
2025-07-13 05:00,24.68,24.5,24.9,60,1.0
2025-07-13 06:00,24.66,24.5,24.9,60,1.0
2025-07-13 07:00,24.7,24.4,24.9,60,1.0
2025-07-13 08:00,24.76,24.6,24.9,59,0.983
2025-07-13 09:00,24.79,24.6,25.0,59,0.983
2025-07-13 10:00,24.79,24.7,24.9,60,1.0
2025-07-13 11:00,24.9,24.7,25.1,58,0.967
2025-07-13 12:00,24.98,24.8,25.1,41,0.683
2025-07-13 13:00,24.94,24.7,25.1,51,0.85
2025-07-13 14:00,24.96,24.8,25.2,59,0.983
2025-07-13 15:00,24.97,24.8,25.1,58,0.967
2025-07-13 16:00,24.98,24.8,25.1,58,0.967
2025-07-13 17:00,24.96,24.8,25.2,60,1.0
2025-07-13 18:00,24.95,24.8,25.1,60,1.0
2025-07-13 19:00,25.0,24.8,25.2,60,1.0
2025-07-13 20:00,25.04,24.9,25.2,60,1.0
2025-07-13 21:00,25.08,24.9,25.3,60,1.0
2025-07-13 22:00,25.12,25.0,25.3,60,1.0
2025-07-13 23:00,25.09,24.9,25.2,59,0.983
2025-07-14 00:00,25.04,24.9,25.2,60,1.0
2025-07-14 01:00,25.03,24.9,25.2,60,1.0
2025-07-14 02:00,24.99,24.8,25.2,60,1.0
2025-07-14 03:00,24.95,24.8,25.2,59,0.983
2025-07-14 04:00,24.9,24.7,25.1,60,1.0
2025-07-14 05:00,24.86,24.6,25.0,60,1.0
2025-07-14 06:00,24.87,24.6,25.1,60,1.0
2025-07-14 07:00,24.89,24.7,25.1,60,1.0
2025-07-14 08:00,24.93,24.8,25.1,60,1.0
2025-07-14 09:00,25.05,24.9,25.2,59,0.983
2025-07-14 10:00,25.09,25.0,25.3,58,0.967
2025-07-14 11:00,25.16,25.0,25.3,53,0.883
2025-07-14 12:00,25.17,25.1,25.3,55,0.917
2025-07-14 13:00,25.14,25.0,25.3,60,1.0
2025-07-14 14:00,25.13,25.0,25.3,60,1.0
2025-07-14 15:00,25.1,24.9,25.3,60,1.0
2025-07-14 16:00,25.07,24.9,25.2,60,1.0
2025-07-14 17:00,25.06,24.9,25.3,60,1.0
2025-07-14 18:00,25.04,24.9,25.2,60,1.0
2025-07-14 19:00,25.05,24.9,25.2,60,1.0
2025-07-14 20:00,25.07,24.9,25.3,59,0.983
2025-07-14 21:00,25.06,24.9,25.2,60,1.0
2025-07-14 22:00,25.08,24.9,25.2,60,1.0
2025-07-14 23:00,25.1,24.9,25.3,60,1.0
2025-07-15 00:00,25.09,24.9,25.3,60,1.0
2025-07-15 01:00,25.09,24.9,25.3,59,0.983
2025-07-15 02:00,25.06,24.9,25.2,60,1.0
2025-07-15 03:00,25.06,24.9,25.2,60,1.0
2025-07-15 04:00,25.04,24.9,25.2,60,1.0
2025-07-15 05:00,25.06,24.9,25.2,60,1.0
2025-07-15 06:00,25.01,24.9,25.1,59,0.983
2025-07-15 07:00,24.99,24.8,25.2,58,0.967
2025-07-15 08:00,25.06,24.9,25.3,59,0.983
2025-07-15 09:00,25.13,25.0,25.3,58,0.967
2025-07-15 10:00,25.14,25.0,25.3,60,1.0
2025-07-15 11:00,25.12,24.9,25.3,59,0.983
2025-07-15 12:00,25.14,25.0,25.3,59,0.983
2025-07-15 13:00,25.19,25.0,25.4,60,1.0
2025-07-15 14:00,25.24,25.0,25.4,60,1.0
2025-07-15 15:00,25.31,25.2,25.5,59,0.983
2025-07-15 16:00,25.32,25.2,25.5,59,0.983
2025-07-15 17:00,25.35,25.2,25.5,55,0.917
2025-07-15 18:00,25.34,25.2,25.5,59,0.983
2025-07-15 19:00,25.33,25.1,25.6,59,0.983
2025-07-15 20:00,25.38,25.2,25.6,58,0.967
2025-07-15 21:00,25.36,25.2,25.5,59,0.983
2025-07-15 22:00,25.33,25.2,25.6,59,0.983
2025-07-15 23:00,25.33,25.2,25.5,57,0.95
2025-07-16 00:00,25.35,25.2,25.5,59,0.983
2025-07-16 01:00,25.32,25.2,25.5,59,0.983
2025-07-16 02:00,25.32,25.1,25.5,59,0.983
2025-07-16 03:00,25.3,25.2,25.5,35,0.583
2025-07-16 08:00,25.16,25.0,25.3,37,0.617
2025-07-16 09:00,25.24,25.0,25.5,54,0.9
2025-07-16 10:00,25.26,25.1,25.4,56,0.933
2025-07-16 11:00,25.25,25.1,25.4,55,0.917
2025-07-16 12:00,25.26,25.1,25.5,58,0.967
2025-07-16 13:00,25.23,25.0,25.4,58,0.967
2025-07-16 14:00,25.26,25.1,25.6,58,0.967
2025-07-16 15:00,25.23,25.1,25.4,60,1.0
2025-07-16 16:00,25.24,25.1,25.4,60,1.0
2025-07-16 17:00,25.23,25.1,25.4,60,1.0
2025-07-16 18:00,25.24,25.1,25.6,60,1.0
2025-07-16 19:00,25.21,25.1,25.4,60,1.0
2025-07-16 20:00,25.21,25.0,25.4,60,1.0
2025-07-16 21:00,25.22,25.0,25.4,60,1.0
2025-07-16 22:00,25.22,25.0,25.4,60,1.0
2025-07-16 23:00,25.21,25.1,25.5,60,1.0
2025-07-17 00:00,25.24,25.1,25.4,60,1.0
2025-07-17 01:00,25.21,25.1,25.3,60,1.0
2025-07-17 02:00,25.2,25.0,25.4,60,1.0
2025-07-17 03:00,25.22,25.1,25.4,60,1.0
2025-07-17 04:00,25.22,25.0,25.5,60,1.0
2025-07-17 05:00,25.2,25.0,25.4,60,1.0
2025-07-17 06:00,25.15,25.0,25.3,60,1.0
2025-07-17 07:00,25.11,25.0,25.3,60,1.0
2025-07-17 08:00,25.15,25.0,25.3,60,1.0
2025-07-17 09:00,25.18,25.0,25.3,59,0.983
2025-07-17 10:00,25.21,25.1,25.4,59,0.983
2025-07-17 11:00,25.22,25.0,25.4,57,0.95
2025-07-17 12:00,25.27,25.1,25.5,58,0.967
2025-07-17 13:00,25.32,25.2,25.5,59,0.983
2025-07-17 14:00,25.3,25.1,25.5,60,1.0
2025-07-17 15:00,25.31,25.1,25.5,60,1.0
2025-07-17 16:00,25.36,25.2,25.6,58,0.967
2025-07-17 17:00,25.42,25.3,25.6,60,1.0
2025-07-17 18:00,25.38,25.2,25.6,59,0.983
2025-07-17 19:00,25.42,25.2,25.6,60,1.0
2025-07-17 20:00,25.37,25.2,25.6,59,0.983
2025-07-17 21:00,25.35,25.2,25.7,59,0.983
2025-07-17 22:00,25.33,25.2,25.5,56,0.933
2025-07-17 23:00,25.31,25.2,25.5,60,1.0
2025-07-18 00:00,25.3,25.2,25.5,60,1.0
2025-07-18 01:00,25.35,25.2,25.5,50,0.833
2025-07-18 02:00,25.32,25.2,25.5,47,0.783
2025-07-18 03:00,25.31,25.2,25.5,52,0.867
2025-07-18 04:00,25.29,25.1,25.5,54,0.9
2025-07-18 05:00,25.3,25.1,25.5,52,0.867
2025-07-18 06:00,25.32,25.2,25.5,51,0.85
2025-07-18 07:00,25.41,25.2,25.6,49,0.817
2025-07-18 08:00,25.42,25.2,25.7,46,0.767
2025-07-18 09:00,25.5,25.3,25.7,56,0.933
2025-07-18 10:00,25.52,25.3,25.7,57,0.95
2025-07-18 11:00,25.51,25.3,25.7,51,0.85
2025-07-18 12:00,25.55,25.4,25.7,57,0.95
2025-07-18 13:00,25.59,25.4,25.8,55,0.917
2025-07-18 14:00,25.58,25.4,25.8,53,0.883
2025-07-18 15:00,25.64,25.5,25.9,45,0.75
2025-07-18 16:00,25.62,25.4,25.9,60,1.0
2025-07-18 17:00,25.67,25.5,25.8,60,1.0
2025-07-18 18:00,25.69,25.5,25.9,59,0.983
2025-07-18 19:00,25.68,25.5,25.9,42,0.7
2025-07-18 20:00,25.67,25.5,25.9,56,0.933
2025-07-18 21:00,25.67,25.5,25.9,48,0.8
2025-07-18 22:00,25.64,25.5,25.8,59,0.983
2025-07-18 23:00,25.65,25.5,25.9,60,1.0
2025-07-19 00:00,25.65,25.4,25.8,60,1.0
2025-07-19 01:00,25.64,25.5,25.8,60,1.0
2025-07-19 02:00,25.62,25.4,25.8,59,0.983
2025-07-19 03:00,25.61,25.5,25.8,60,1.0
2025-07-19 04:00,25.61,25.4,25.8,59,0.983
2025-07-19 05:00,25.58,25.4,25.7,60,1.0
2025-07-19 06:00,25.51,25.2,25.7,60,1.0
2025-07-19 07:00,25.38,25.2,25.7,59,0.983
2025-07-19 08:00,25.39,25.2,25.6,59,0.983
2025-07-19 09:00,25.39,25.2,25.6,57,0.95
2025-07-19 10:00,25.43,25.3,25.7,52,0.867
2025-07-19 11:00,25.45,25.3,25.8,55,0.917
2025-07-19 12:00,25.47,25.2,25.6,54,0.9
2025-07-19 13:00,25.49,25.3,25.8,56,0.933
2025-07-19 14:00,25.51,25.3,25.8,59,0.983
2025-07-19 15:00,25.51,25.4,25.7,60,1.0
2025-07-19 16:00,25.51,25.3,25.7,60,1.0
2025-07-19 17:00,25.52,25.4,25.8,60,1.0
2025-07-19 18:00,25.51,25.3,25.7,60,1.0
2025-07-19 19:00,25.48,25.3,25.7,60,1.0
2025-07-19 20:00,25.47,25.3,25.7,60,1.0
2025-07-19 21:00,25.46,25.3,25.6,60,1.0
2025-07-19 22:00,25.47,25.3,25.6,60,1.0
2025-07-19 23:00,25.51,25.3,25.7,60,1.0
2025-07-20 00:00,25.52,25.3,25.8,60,1.0
2025-07-20 01:00,25.52,25.3,25.7,60,1.0
2025-07-20 02:00,25.49,25.3,25.9,60,1.0
2025-07-20 03:00,25.51,25.3,25.7,60,1.0
2025-07-20 04:00,25.5,25.3,25.8,60,1.0
2025-07-20 05:00,25.48,25.3,25.7,59,0.983
2025-07-20 06:00,25.42,25.2,25.7,60,1.0
2025-07-20 07:00,25.33,25.2,25.6,60,1.0
2025-07-20 08:00,25.39,25.2,25.6,60,1.0
2025-07-20 09:00,25.43,25.2,25.7,58,0.967
2025-07-20 10:00,25.48,25.3,25.7,59,0.983
2025-07-20 11:00,25.46,25.3,25.6,60,1.0
2025-07-20 12:00,25.53,25.3,25.9,56,0.933
2025-07-20 13:00,25.58,25.3,25.8,57,0.95
2025-07-20 14:00,25.56,25.4,25.7,56,0.933
2025-07-20 15:00,25.58,25.4,25.8,52,0.867
2025-07-20 16:00,25.59,25.4,25.8,60,1.0
2025-07-20 17:00,25.64,25.4,25.9,60,1.0
2025-07-20 18:00,25.65,25.5,25.8,60,1.0
2025-07-20 19:00,25.67,25.5,25.8,60,1.0
2025-07-20 20:00,25.64,25.4,25.8,60,1.0
2025-07-20 21:00,25.59,25.4,25.8,60,1.0
2025-07-20 22:00,25.6,25.4,25.8,60,1.0
2025-07-20 23:00,25.57,25.4,25.7,60,1.0
2025-07-21 00:00,25.56,25.3,25.9,60,1.0
2025-07-21 01:00,25.54,25.3,25.8,60,1.0
2025-07-21 02:00,25.51,25.3,25.8,60,1.0
2025-07-21 03:00,25.48,25.3,25.7,60,1.0
2025-07-21 04:00,25.44,25.2,25.6,60,1.0
2025-07-21 05:00,25.43,25.2,25.6,59,0.983
2025-07-21 06:00,25.34,25.2,25.5,59,0.983
2025-07-21 07:00,25.32,25.1,25.5,60,1.0
2025-07-21 08:00,25.31,25.1,25.5,59,0.983
2025-07-21 09:00,25.21,25.1,25.4,60,1.0
2025-07-21 10:00,25.26,25.1,25.4,60,1.0
2025-07-21 11:00,25.28,25.1,25.4,59,0.983
2025-07-21 12:00,25.28,25.1,25.5,60,1.0
2025-07-21 13:00,25.35,25.2,25.6,60,1.0
2025-07-21 14:00,25.34,25.2,25.7,60,1.0
2025-07-21 15:00,25.4,25.2,25.6,60,1.0
2025-07-21 16:00,25.4,25.2,25.7,60,1.0
2025-07-21 17:00,25.42,25.2,25.6,60,1.0
2025-07-21 18:00,25.45,25.3,25.6,59,0.983
2025-07-21 19:00,25.48,25.3,25.6,60,1.0
2025-07-21 20:00,25.52,25.4,25.7,59,0.983
2025-07-21 21:00,25.5,25.3,25.7,60,1.0
2025-07-21 22:00,25.48,25.3,25.7,60,1.0
2025-07-21 23:00,25.47,25.3,25.7,60,1.0
2025-07-22 00:00,25.47,25.3,25.6,60,1.0
2025-07-22 01:00,25.48,25.3,25.7,60,1.0
2025-07-22 02:00,25.46,25.3,25.6,60,1.0
2025-07-22 03:00,25.45,25.3,25.7,60,1.0
2025-07-22 04:00,25.42,25.3,25.6,60,1.0
2025-07-22 05:00,25.44,25.3,25.6,60,1.0
2025-07-22 06:00,25.36,25.2,25.6,59,0.983
2025-07-22 07:00,25.34,25.1,25.5,60,1.0
2025-07-22 08:00,25.4,25.2,25.6,60,1.0
2025-07-22 09:00,25.32,25.2,25.5,58,0.967
2025-07-22 10:00,25.33,25.1,25.6,59,0.983
2025-07-22 11:00,25.33,25.2,25.5,57,0.95
2025-07-22 12:00,25.34,25.2,25.6,57,0.95
2025-07-22 13:00,25.33,25.2,25.6,58,0.967
2025-07-22 14:00,25.37,25.2,25.6,50,0.833
2025-07-22 15:00,25.45,25.3,25.6,60,1.0
2025-07-22 16:00,25.5,25.3,25.7,60,1.0
2025-07-22 17:00,25.54,25.4,25.7,59,0.983
2025-07-22 18:00,25.57,25.4,25.8,59,0.983
2025-07-22 19:00,25.63,25.4,25.9,60,1.0
2025-07-22 20:00,25.62,25.4,25.8,58,0.967
2025-07-22 21:00,25.61,25.5,25.8,58,0.967
2025-07-22 22:00,25.6,25.4,25.8,59,0.983
2025-07-22 23:00,25.54,25.3,25.7,58,0.967
2025-07-23 00:00,25.54,25.3,25.7,58,0.967
2025-07-23 01:00,25.52,25.3,25.7,59,0.983
2025-07-23 02:00,25.46,25.3,25.6,59,0.983
2025-07-23 03:00,25.46,25.3,25.8,59,0.983
2025-07-23 04:00,25.46,25.3,25.7,60,1.0
2025-07-23 05:00,25.43,25.2,25.6,59,0.983
2025-07-23 06:00,25.42,25.2,25.7,60,1.0
2025-07-23 07:00,25.4,25.2,25.6,60,1.0
2025-07-23 08:00,25.42,25.2,25.6,60,1.0
2025-07-23 09:00,25.4,25.2,25.7,59,0.983
2025-07-23 10:00,25.36,25.2,25.6,58,0.967
2025-07-23 11:00,25.46,25.2,25.7,57,0.95
2025-07-23 12:00,25.45,25.3,25.8,55,0.917
2025-07-23 13:00,25.47,25.3,25.6,59,0.983
2025-07-23 14:00,25.47,25.3,25.7,58,0.967
2025-07-23 15:00,25.51,25.3,25.7,57,0.95
2025-07-23 16:00,25.49,25.3,25.7,60,1.0
2025-07-23 17:00,25.53,25.3,25.9,60,1.0
2025-07-23 18:00,25.51,25.3,25.7,60,1.0
2025-07-23 19:00,25.54,25.3,25.7,60,1.0
2025-07-23 20:00,25.53,25.3,25.7,60,1.0
2025-07-23 21:00,25.53,25.3,25.7,60,1.0
2025-07-23 22:00,25.49,25.3,25.7,60,1.0
2025-07-23 23:00,25.48,25.3,25.7,60,1.0
2025-07-24 00:00,25.45,25.3,25.7,60,1.0
2025-07-24 01:00,25.46,25.3,25.7,59,0.983
2025-07-24 02:00,25.44,25.3,25.6,60,1.0
2025-07-24 03:00,25.46,25.3,25.6,60,1.0
2025-07-24 04:00,25.44,25.3,25.6,60,1.0
2025-07-24 05:00,25.4,25.2,25.6,59,0.983
2025-07-24 06:00,25.42,25.1,25.6,58,0.967
2025-07-24 07:00,25.4,25.2,25.6,59,0.983
2025-07-24 08:00,25.44,25.3,25.7,60,1.0
2025-07-24 09:00,25.38,25.2,25.6,60,1.0
2025-07-24 10:00,25.44,25.3,25.7,60,1.0
2025-07-24 11:00,25.5,25.3,25.8,58,0.967
2025-07-24 12:00,25.55,25.3,25.8,60,1.0
2025-07-24 13:00,25.49,25.3,25.7,60,1.0
2025-07-24 14:00,25.47,25.3,25.7,60,1.0
2025-07-24 15:00,25.45,25.3,25.7,59,0.983
2025-07-24 16:00,25.48,25.3,25.6,59,0.983
2025-07-24 17:00,25.48,25.3,25.7,60,1.0
2025-07-24 18:00,25.5,25.3,25.7,59,0.983
2025-07-24 19:00,25.54,25.3,25.7,60,1.0
2025-07-24 20:00,25.59,25.4,25.8,49,0.817
2025-07-24 21:00,25.59,25.4,25.8,53,0.883
2025-07-24 22:00,25.62,25.4,25.8,60,1.0
2025-07-24 23:00,25.6,25.4,25.8,60,1.0
2025-07-25 00:00,25.61,25.4,25.8,60,1.0
2025-07-25 01:00,25.59,25.4,25.8,60,1.0
2025-07-25 02:00,25.57,25.3,25.8,59,0.983
2025-07-25 03:00,25.56,25.4,25.8,59,0.983
2025-07-25 04:00,25.56,25.3,25.7,60,1.0
2025-07-25 05:00,25.51,25.3,25.7,60,1.0
2025-07-25 06:00,25.47,25.2,25.7,59,0.983
2025-07-25 07:00,25.38,25.1,25.6,60,1.0
2025-07-25 08:00,25.35,25.2,25.5,60,1.0
2025-07-25 09:00,25.35,25.2,25.6,59,0.983
2025-07-25 10:00,25.47,25.3,25.7,58,0.967
2025-07-25 11:00,25.57,25.4,25.8,60,1.0
2025-07-25 12:00,25.63,25.4,25.8,57,0.95
2025-07-25 13:00,25.64,25.5,25.8,59,0.983
2025-07-25 14:00,25.69,25.5,25.8,60,1.0
2025-07-25 15:00,25.72,25.6,26.0,60,1.0
2025-07-25 16:00,25.81,25.7,26.0,60,1.0
2025-07-25 17:00,25.83,25.7,26.0,59,0.983
2025-07-25 18:00,25.83,25.6,26.0,58,0.967
2025-07-25 19:00,25.78,25.6,26.0,60,1.0
2025-07-25 20:00,25.81,25.6,26.0,57,0.95
2025-07-25 21:00,25.82,25.7,26.0,60,1.0
2025-07-25 22:00,25.83,25.7,26.0,60,1.0
2025-07-25 23:00,25.86,25.7,26.1,60,1.0
2025-07-26 00:00,25.86,25.6,26.1,60,1.0
2025-07-26 01:00,25.87,25.7,26.1,60,1.0
2025-07-26 02:00,25.89,25.7,26.1,60,1.0
2025-07-26 03:00,25.78,25.5,26.1,59,0.983
2025-07-26 04:00,25.71,25.5,26.0,59,0.983
2025-07-26 05:00,25.74,25.5,26.0,56,0.933
2025-07-26 06:00,25.74,25.6,25.9,60,1.0
2025-07-26 07:00,25.68,25.4,26.0,60,1.0
2025-07-26 08:00,25.64,25.4,25.8,60,1.0
2025-07-26 09:00,25.62,25.4,25.8,59,0.983
2025-07-26 10:00,25.64,25.5,25.8,59,0.983
2025-07-26 11:00,25.66,25.4,26.0,60,1.0
2025-07-26 12:00,25.62,25.4,25.8,57,0.95
2025-07-26 13:00,25.76,25.6,26.1,54,0.9
2025-07-26 14:00,25.76,25.5,25.9,59,0.983
2025-07-26 15:00,24.67,24.1,25.9,56,0.933
2025-07-26 16:00,24.44,24.1,24.8,54,0.9
2025-07-26 17:00,24.35,24.2,24.6,56,0.933
2025-07-26 18:00,24.26,24.1,24.5,32,0.533
2025-07-26 19:00,24.24,24.1,24.3,8,0.133
2025-07-26 20:00,24.25,24.2,24.3,17,0.283
2025-07-26 21:00,24.26,24.2,24.4,8,0.133
2025-07-26 22:00,24.21,24.1,24.3,36,0.6
2025-07-26 23:00,24.2,24.1,24.3,41,0.683
2025-07-27 00:00,24.15,24.0,24.3,38,0.633
2025-07-27 01:00,24.15,24.0,24.3,45,0.75
2025-07-27 02:00,24.13,24.0,24.3,59,0.983
2025-07-27 03:00,24.12,24.0,24.2,59,0.983
2025-07-27 04:00,24.1,24.0,24.2,60,1.0
2025-07-27 05:00,24.09,23.9,24.2,60,1.0
2025-07-27 06:00,24.06,23.9,24.2,52,0.867
2025-07-27 07:00,24.04,23.9,24.2,38,0.633
2025-07-27 08:00,23.99,23.9,24.1,59,0.983
2025-07-27 09:00,24.01,23.9,24.2,60,1.0
2025-07-27 10:00,24.08,23.9,24.2,60,1.0
2025-07-27 11:00,24.21,24.0,24.4,59,0.983
2025-07-27 12:00,24.25,24.1,24.4,60,1.0
2025-07-27 13:00,24.26,24.1,24.4,60,1.0
2025-07-27 14:00,24.29,24.2,24.4,59,0.983
2025-07-27 15:00,24.32,24.1,24.5,59,0.983
2025-07-27 16:00,24.33,24.1,24.5,59,0.983
2025-07-27 17:00,24.35,24.2,24.5,58,0.967
2025-07-27 18:00,24.34,24.2,24.5,56,0.933
2025-07-27 19:00,24.36,24.2,24.6,59,0.983
2025-07-27 20:00,24.36,24.2,24.5,58,0.967
2025-07-27 21:00,24.39,24.3,24.6,59,0.983
2025-07-27 22:00,24.35,24.2,24.5,58,0.967
2025-07-27 23:00,24.37,24.2,24.6,60,1.0
2025-07-28 00:00,24.34,24.2,24.5,60,1.0
2025-07-28 01:00,24.33,24.2,24.4,58,0.967
2025-07-28 02:00,24.32,24.2,24.5,60,1.0
2025-07-28 03:00,24.29,24.1,24.4,57,0.95
2025-07-28 04:00,24.29,24.1,24.4,57,0.95
2025-07-28 05:00,24.29,24.1,24.4,59,0.983
2025-07-28 06:00,24.27,24.1,24.5,60,1.0
2025-07-28 07:00,24.35,24.2,24.5,59,0.983
2025-07-28 08:00,24.42,24.3,24.6,59,0.983
2025-07-28 09:00,23.98,23.8,24.5,53,0.883
2025-07-28 10:00,24.0,23.8,24.3,59,0.983
2025-07-28 11:00,24.29,24.0,24.6,56,0.933
2025-07-28 12:00,24.29,24.0,24.6,56,0.933
2025-07-28 13:00,24.39,23.8,25.3,58,0.967
2025-07-28 14:00,24.29,24.1,24.5,57,0.95
2025-07-28 15:00,24.24,24.1,24.9,55,0.917
2025-07-28 16:00,24.53,24.3,24.9,60,1.0
2025-07-28 17:00,24.38,24.2,24.6,60,1.0
2025-07-28 18:00,24.36,24.2,24.7,59,0.983
2025-07-28 19:00,24.31,24.2,24.4,59,0.983
2025-07-28 20:00,24.29,24.2,24.4,59,0.983
2025-07-28 21:00,24.29,24.2,24.4,60,1.0
2025-07-28 22:00,24.28,24.1,24.4,57,0.95
2025-07-28 23:00,24.25,24.1,24.4,59,0.983
2025-07-29 00:00,24.22,24.1,24.4,18,0.3
2025-08-09 09:00,25.0,25.0,25.0,2,0.033
2025-08-09 10:00,24.99,24.8,25.2,60,1.0
2025-08-09 11:00,25.04,24.8,25.2,60,1.0
2025-08-09 12:00,25.07,24.9,25.3,59,0.983
2025-08-09 13:00,25.14,24.9,25.3,60,1.0
2025-08-09 14:00,25.16,25.0,25.3,60,1.0
2025-08-09 15:00,25.15,24.9,25.3,60,1.0
2025-08-09 16:00,25.14,25.0,25.3,60,1.0
2025-08-09 17:00,25.2,25.0,25.4,60,1.0
2025-08-09 18:00,25.12,24.9,25.3,60,1.0
2025-08-09 19:00,25.17,25.0,25.4,58,0.967
2025-08-09 20:00,25.16,25.0,25.3,59,0.983
2025-08-09 21:00,25.1,24.9,25.4,60,1.0
2025-08-09 22:00,25.09,24.9,25.3,59,0.983
2025-08-09 23:00,25.07,24.9,25.3,60,1.0
2025-08-10 00:00,25.08,24.9,25.2,59,0.983
2025-08-10 01:00,25.08,25.0,25.3,58,0.967
2025-08-10 02:00,25.06,24.9,25.2,57,0.95
2025-08-10 03:00,25.07,24.9,25.3,58,0.967
2025-08-10 04:00,25.04,24.9,25.2,59,0.983
2025-08-10 05:00,25.04,24.8,25.2,59,0.983
2025-08-10 06:00,24.99,24.8,25.1,56,0.933
2025-08-10 07:00,24.93,24.7,25.2,59,0.983
2025-08-10 08:00,24.96,24.8,25.1,60,1.0
2025-08-10 09:00,24.93,24.8,25.1,60,1.0
2025-08-10 10:00,24.96,24.8,25.2,60,1.0
2025-08-10 11:00,24.97,24.8,25.1,59,0.983
2025-08-10 12:00,24.94,24.8,25.1,46,0.767
2025-08-10 13:00,24.98,24.8,25.4,46,0.767
2025-08-10 14:00,24.96,24.8,25.2,60,1.0
2025-08-10 15:00,25.0,24.8,25.2,60,1.0
2025-08-10 16:00,24.99,24.8,25.3,60,1.0
2025-08-10 17:00,24.96,24.8,25.1,60,1.0
2025-08-10 18:00,24.94,24.8,25.1,59,0.983
2025-08-10 19:00,24.94,24.8,25.1,59,0.983
2025-08-10 20:00,24.96,24.8,25.1,59,0.983
2025-08-10 21:00,24.95,24.7,25.1,60,1.0
2025-08-10 22:00,24.89,24.7,25.1,57,0.95
2025-08-10 23:00,24.88,24.7,25.1,59,0.983
2025-08-11 00:00,24.91,24.7,25.1,54,0.9
2025-08-11 01:00,24.92,24.7,25.1,52,0.867
2025-08-11 02:00,24.92,24.7,25.1,55,0.917
2025-08-11 03:00,24.88,24.7,25.1,55,0.917
2025-08-11 04:00,24.9,24.7,25.1,56,0.933
2025-08-11 05:00,24.88,24.7,25.0,55,0.917
2025-08-11 06:00,24.84,24.6,25.0,52,0.867
2025-08-11 07:00,24.84,24.6,25.2,58,0.967
2025-08-11 08:00,24.91,24.7,25.1,60,1.0
2025-08-11 09:00,24.88,24.7,25.1,60,1.0
2025-08-11 10:00,24.9,24.7,25.1,60,1.0
2025-08-11 11:00,24.91,24.8,25.1,60,1.0
2025-08-11 12:00,24.92,24.8,25.1,60,1.0
2025-08-11 13:00,24.93,24.7,25.1,60,1.0
2025-08-11 14:00,24.93,24.8,25.1,60,1.0
2025-08-11 15:00,24.94,24.8,25.1,60,1.0
2025-08-11 16:00,24.94,24.7,25.1,60,1.0
2025-08-11 17:00,24.92,24.7,25.1,60,1.0
2025-08-11 18:00,24.91,24.7,25.1,57,0.95
2025-08-11 19:00,24.93,24.8,25.1,57,0.95
2025-08-11 20:00,24.96,24.8,25.1,40,0.667
2025-08-11 21:00,24.95,24.7,25.1,33,0.55
2025-08-11 22:00,24.89,24.7,25.1,23,0.383
2025-08-12 01:00,24.93,24.8,25.1,11,0.183
2025-08-12 02:00,24.93,24.7,25.1,46,0.767
2025-08-12 03:00,24.93,24.8,25.3,47,0.783
2025-08-12 04:00,24.92,24.8,25.1,46,0.767
2025-08-12 05:00,24.91,24.7,25.2,46,0.767
2025-08-12 06:00,24.9,24.7,25.1,44,0.733
2025-08-12 07:00,24.81,24.6,25.1,53,0.883
2025-08-12 08:00,24.99,24.8,25.2,47,0.783
2025-08-12 09:00,24.94,24.8,25.2,50,0.833
2025-08-12 10:00,24.94,24.8,25.3,53,0.883
2025-08-12 11:00,24.99,24.8,25.1,60,1.0
2025-08-12 12:00,25.01,24.8,25.2,60,1.0
2025-08-12 13:00,25.06,24.9,25.3,59,0.983
2025-08-12 14:00,25.08,24.9,25.2,59,0.983
2025-08-12 15:00,25.06,24.9,25.2,60,1.0
2025-08-12 16:00,24.43,23.7,25.1,42,0.7
2025-08-12 17:00,24.38,24.0,25.2,57,0.95
2025-08-12 18:00,24.23,24.1,24.4,39,0.65
2025-08-12 19:00,24.12,24.0,24.2,40,0.667
2025-08-12 20:00,24.08,23.9,24.4,48,0.8
2025-08-12 21:00,24.03,23.9,24.2,58,0.967
2025-08-12 22:00,24.0,23.9,24.1,53,0.883
2025-08-12 23:00,23.98,23.8,24.2,59,0.983
2025-08-13 00:00,23.93,23.8,24.3,57,0.95
2025-08-13 01:00,23.88,23.8,24.0,59,0.983
2025-08-13 02:00,23.87,23.7,24.0,58,0.967
2025-08-13 03:00,23.86,23.7,24.0,58,0.967
2025-08-13 04:00,23.86,23.7,24.0,57,0.95
2025-08-13 05:00,23.84,23.7,24.0,59,0.983
2025-08-13 06:00,23.85,23.7,24.1,51,0.85
2025-08-13 07:00,23.8,23.6,24.0,58,0.967
2025-08-13 08:00,23.7,23.6,23.9,60,1.0
2025-08-13 09:00,23.69,23.5,23.8,60,1.0
2025-08-13 10:00,23.66,23.5,23.8,60,1.0
2025-08-13 11:00,23.65,23.6,23.8,60,1.0
2025-08-13 12:00,23.7,23.5,23.9,60,1.0
2025-08-13 13:00,23.68,23.5,23.8,60,1.0
2025-08-13 14:00,23.67,23.6,23.8,58,0.967
2025-08-13 15:00,23.68,23.5,23.8,57,0.95
2025-08-13 16:00,23.71,23.6,24.0,57,0.95
2025-08-13 17:00,23.73,23.6,23.9,54,0.9
2025-08-13 18:00,23.77,23.6,23.9,58,0.967
2025-08-13 19:00,23.75,23.6,23.9,56,0.933
2025-08-13 20:00,23.77,23.7,23.9,59,0.983
2025-08-13 21:00,23.8,23.7,23.9,59,0.983
2025-08-13 22:00,23.82,23.7,24.0,60,1.0
2025-08-13 23:00,23.81,23.6,23.9,57,0.95
2025-08-14 00:00,23.78,23.6,24.0,60,1.0
2025-08-14 01:00,23.76,23.6,23.9,57,0.95
2025-08-14 02:00,23.75,23.6,23.9,51,0.85
2025-08-14 03:00,23.73,23.6,23.9,56,0.933
2025-08-14 04:00,23.71,23.6,23.9,47,0.783
2025-08-14 05:00,23.66,23.6,23.8,51,0.85
2025-08-14 06:00,23.66,23.5,23.9,51,0.85
2025-08-14 08:00,23.68,23.6,23.8,37,0.617
2025-08-14 09:00,23.66,23.5,23.8,60,1.0
2025-08-14 10:00,23.72,23.6,23.8,60,1.0
2025-08-14 11:00,23.78,23.6,23.9,60,1.0
2025-08-14 12:00,23.79,23.7,24.0,60,1.0
2025-08-14 13:00,23.79,23.7,24.0,60,1.0
2025-08-14 14:00,23.81,23.7,24.0,60,1.0
2025-08-14 15:00,23.81,23.7,23.9,60,1.0
2025-08-14 16:00,23.82,23.7,23.9,60,1.0
2025-08-14 17:00,23.84,23.7,24.0,59,0.983
2025-08-14 18:00,23.87,23.7,24.1,54,0.9
2025-08-14 19:00,23.93,23.8,24.1,55,0.917
2025-08-14 20:00,23.87,23.7,24.1,56,0.933
2025-08-14 21:00,23.95,23.8,24.1,60,1.0
2025-08-14 22:00,23.96,23.8,24.1,60,1.0
2025-08-14 23:00,23.94,23.8,24.1,60,1.0
2025-08-15 00:00,23.94,23.8,24.1,60,1.0
2025-08-15 01:00,23.92,23.8,24.1,60,1.0
2025-08-15 02:00,23.91,23.8,24.0,60,1.0
2025-08-15 03:00,23.89,23.7,24.1,60,1.0
2025-08-15 04:00,23.86,23.7,24.0,60,1.0
2025-08-15 05:00,23.86,23.7,24.2,57,0.95
2025-08-15 06:00,23.85,23.7,24.0,60,1.0
2025-08-15 07:00,23.83,23.7,24.0,59,0.983
2025-08-15 08:00,23.88,23.7,24.1,60,1.0
2025-08-15 09:00,23.92,23.8,24.1,60,1.0
2025-08-15 10:00,23.93,23.8,24.1,60,1.0
2025-08-15 11:00,23.94,23.8,24.1,60,1.0
2025-08-15 12:00,23.94,23.8,24.1,60,1.0
2025-08-15 13:00,23.99,23.9,24.1,60,1.0
2025-08-15 14:00,24.0,23.9,24.2,60,1.0
2025-08-15 15:00,24.01,23.9,24.2,60,1.0
2025-08-15 16:00,24.0,23.9,24.1,60,1.0
2025-08-15 17:00,24.0,23.9,24.2,60,1.0
2025-08-15 18:00,23.98,23.8,24.3,59,0.983
2025-08-15 19:00,23.98,23.9,24.1,55,0.917
2025-08-15 20:00,23.99,23.9,24.2,46,0.767
2025-08-15 21:00,24.05,23.9,24.3,57,0.95
2025-08-15 22:00,24.01,23.9,24.2,49,0.817
2025-08-15 23:00,24.02,23.9,24.2,51,0.85
2025-08-16 00:00,24.05,23.9,24.2,49,0.817
2025-08-16 01:00,24.06,23.9,24.2,58,0.967
2025-08-16 02:00,24.05,23.9,24.2,58,0.967
2025-08-16 03:00,24.02,23.9,24.3,50,0.833
2025-08-16 04:00,24.0,23.9,24.2,50,0.833
2025-08-16 05:00,24.0,23.8,24.2,43,0.717
2025-08-16 12:00,24.16,24.0,24.5,37,0.617
2025-08-16 13:00,24.14,24.0,24.3,56,0.933
2025-08-16 14:00,24.1,24.0,24.3,57,0.95
2025-08-16 15:00,24.1,24.0,24.3,37,0.617
2025-08-18 08:00,23.9,23.9,23.9,1,0.017
2025-08-18 09:00,23.99,23.8,24.1,44,0.733
2025-08-18 10:00,24.01,23.8,24.1,47,0.783
2025-08-18 11:00,24.05,23.9,24.2,50,0.833
2025-08-18 12:00,24.07,23.9,24.2,59,0.983
2025-08-18 13:00,24.11,23.9,24.2,54,0.9
2025-08-18 14:00,24.11,23.9,24.3,60,1.0
2025-08-18 15:00,24.34,23.6,25.1,54,0.9
2025-08-18 16:00,24.64,24.3,25.0,59,0.983
2025-08-18 17:00,24.33,24.1,24.5,52,0.867
2025-08-18 18:00,24.26,24.1,24.4,55,0.917
2025-08-18 19:00,24.26,24.1,24.6,60,1.0
2025-08-18 20:00,24.25,24.1,24.4,60,1.0
2025-08-18 21:00,24.27,24.1,24.4,55,0.917
2025-08-18 22:00,24.28,24.1,24.4,58,0.967
2025-08-18 23:00,24.31,24.2,24.5,53,0.883
2025-08-19 00:00,24.33,24.2,24.5,53,0.883
2025-08-19 01:00,24.33,24.2,24.5,53,0.883
2025-08-19 02:00,24.37,24.2,24.5,47,0.783
2025-08-19 03:00,24.38,24.2,24.6,44,0.733
2025-08-19 04:00,24.4,24.2,24.7,41,0.683
2025-08-19 05:00,24.41,24.3,24.5,22,0.367
2025-08-19 06:00,24.46,24.4,24.6,8,0.133
2025-08-19 07:00,24.37,24.3,24.4,3,0.05
2025-08-19 08:00,24.32,24.2,24.5,28,0.467
2025-08-19 09:00,24.31,24.2,24.5,52,0.867
2025-08-19 10:00,24.29,24.2,24.4,55,0.917
2025-08-19 11:00,24.31,24.2,24.4,48,0.8
2025-08-19 12:00,24.34,24.2,24.5,53,0.883
2025-08-19 13:00,24.35,24.2,24.5,53,0.883
2025-08-19 14:00,24.35,24.2,24.4,22,0.367
2025-08-19 15:00,24.45,24.3,24.8,17,0.283
2025-08-20 06:00,24.7,24.7,24.7,1,0.017
2025-08-20 07:00,24.87,24.8,24.9,3,0.05
2025-08-20 08:00,24.79,24.6,25.0,56,0.933
2025-08-20 09:00,24.76,24.6,24.9,58,0.967
2025-08-20 10:00,24.8,24.7,24.9,57,0.95
2025-08-20 11:00,24.85,24.7,25.0,53,0.883
2025-08-20 12:00,24.89,24.7,25.0,58,0.967
2025-08-20 13:00,24.94,24.8,25.0,58,0.967
2025-08-20 14:00,24.96,24.9,25.1,55,0.917
2025-08-20 15:00,25.01,24.9,25.2,45,0.75
2025-08-20 16:00,25.03,24.9,25.2,27,0.45
2025-08-20 17:00,25.05,24.9,25.1,8,0.133
2025-08-20 18:00,25.12,25.1,25.2,4,0.067
2025-08-20 19:00,25.15,25.1,25.3,13,0.217
2025-08-20 20:00,25.14,25.0,25.5,25,0.417
2025-08-20 21:00,25.14,25.0,25.3,47,0.783
2025-08-20 22:00,25.13,25.0,25.3,34,0.567
2025-08-20 23:00,25.15,25.1,25.3,18,0.3
2025-08-21 00:00,25.14,25.1,25.3,12,0.2
2025-08-21 01:00,25.14,25.0,25.3,22,0.367
2025-08-21 02:00,25.13,25.0,25.2,26,0.433
2025-08-21 03:00,25.13,25.0,25.3,27,0.45
2025-08-21 04:00,25.15,25.0,25.2,33,0.55
2025-08-21 05:00,25.17,25.1,25.4,31,0.517
2025-08-21 06:00,25.22,25.1,25.4,16,0.267
2025-08-21 07:00,25.13,25.0,25.3,6,0.1
2025-08-21 08:00,25.18,25.1,25.3,18,0.3
2025-08-21 09:00,25.15,25.0,25.3,59,0.983
2025-08-21 10:00,25.15,25.0,25.3,46,0.767
2025-08-21 11:00,25.15,25.1,25.3,54,0.9
2025-08-21 12:00,25.17,25.0,25.4,60,1.0
2025-08-21 13:00,25.23,25.1,25.4,59,0.983
2025-08-21 14:00,25.29,25.1,25.4,60,1.0
2025-08-21 15:00,25.31,25.2,25.4,57,0.95
2025-08-21 16:00,25.37,25.3,25.5,19,0.317
2025-08-21 17:00,25.45,25.3,25.5,42,0.7
2025-08-21 18:00,25.47,25.3,25.7,60,1.0
2025-08-21 19:00,25.49,25.3,25.6,60,1.0
2025-08-21 20:00,25.51,25.4,25.6,60,1.0
2025-08-21 21:00,25.51,25.4,25.6,60,1.0
2025-08-21 22:00,25.52,25.4,25.7,60,1.0
2025-08-21 23:00,25.48,25.3,25.6,60,1.0
2025-08-22 00:00,25.47,25.3,25.6,60,1.0
2025-08-22 01:00,25.45,25.3,25.6,59,0.983
2025-08-22 02:00,25.43,25.3,25.6,60,1.0
2025-08-22 03:00,25.42,25.2,25.6,60,1.0
2025-08-22 04:00,25.43,25.3,25.7,60,1.0
2025-08-22 05:00,25.47,25.3,25.7,60,1.0
2025-08-22 06:00,25.54,25.4,25.7,59,0.983
2025-08-22 07:00,25.47,25.3,25.6,60,1.0
2025-08-22 08:00,25.44,25.3,25.6,57,0.95
2025-08-22 09:00,25.37,25.3,25.6,59,0.983
2025-08-22 10:00,25.4,25.2,25.6,57,0.95
2025-08-22 11:00,25.4,25.3,25.6,60,1.0
2025-08-22 12:00,25.42,25.3,25.6,60,1.0
2025-08-22 13:00,25.43,25.3,25.5,60,1.0
2025-08-22 14:00,25.46,25.3,25.6,60,1.0
2025-08-22 15:00,25.49,25.3,25.6,60,1.0
2025-08-22 16:00,25.49,25.4,25.6,60,1.0
2025-08-22 17:00,25.53,25.4,25.7,60,1.0
2025-08-22 18:00,25.53,25.4,25.8,59,0.983
2025-08-22 19:00,25.54,25.4,25.7,60,1.0
2025-08-22 20:00,25.55,25.4,25.7,60,1.0
2025-08-22 21:00,25.56,25.4,25.7,60,1.0
2025-08-22 22:00,25.55,25.4,25.7,60,1.0
2025-08-22 23:00,25.54,25.3,25.6,60,1.0
2025-08-23 00:00,25.52,25.4,25.6,60,1.0
2025-08-23 01:00,25.52,25.4,25.8,60,1.0
2025-08-23 02:00,25.51,25.4,25.7,60,1.0
2025-08-23 03:00,25.53,25.4,25.6,60,1.0
2025-08-23 04:00,25.5,25.4,25.7,60,1.0
2025-08-23 05:00,25.52,25.3,25.6,58,0.967
2025-08-23 06:00,25.63,25.5,25.7,59,0.983
2025-08-23 07:00,25.62,25.5,25.8,60,1.0
2025-08-23 08:00,25.61,25.5,25.7,60,1.0
2025-08-23 09:00,25.52,25.4,25.7,60,1.0
2025-08-23 10:00,25.44,25.3,25.6,60,1.0
2025-08-23 11:00,25.4,25.3,25.6,60,1.0
2025-08-23 12:00,25.42,25.3,25.6,60,1.0
2025-08-23 13:00,25.44,25.3,25.6,60,1.0
2025-08-23 14:00,25.46,25.3,25.6,60,1.0
2025-08-23 15:00,25.47,25.3,25.6,46,0.767
2025-08-23 16:00,25.5,25.3,25.7,56,0.933
2025-08-23 17:00,25.52,25.4,25.7,60,1.0
2025-08-23 18:00,25.64,25.5,25.8,60,1.0
2025-08-23 19:00,25.66,25.5,25.8,59,0.983
2025-08-23 20:00,25.69,25.5,25.9,60,1.0
2025-08-23 21:00,25.7,25.6,25.8,60,1.0
2025-08-23 22:00,25.7,25.6,25.8,60,1.0
2025-08-23 23:00,25.69,25.5,25.8,60,1.0
2025-08-24 00:00,25.67,25.6,25.8,60,1.0
2025-08-24 01:00,25.67,25.6,25.7,60,1.0
2025-08-24 02:00,25.67,25.6,25.8,60,1.0
2025-08-24 03:00,25.64,25.5,25.7,60,1.0
2025-08-24 04:00,25.64,25.5,25.7,60,1.0
2025-08-24 05:00,25.63,25.5,25.7,60,1.0
2025-08-24 06:00,25.62,25.5,25.7,60,1.0
2025-08-24 07:00,25.57,25.4,25.7,60,1.0
2025-08-24 08:00,25.54,25.4,25.7,60,1.0
2025-08-24 09:00,25.48,25.3,25.8,60,1.0
2025-08-24 10:00,25.48,25.4,25.6,60,1.0
2025-08-24 11:00,25.48,25.3,25.6,60,1.0
2025-08-24 12:00,25.52,25.4,25.7,58,0.967
2025-08-24 13:00,25.55,25.4,25.7,60,1.0
2025-08-24 14:00,25.55,25.4,25.8,60,1.0
2025-08-24 15:00,25.56,25.4,25.7,60,1.0
2025-08-24 16:00,25.57,25.4,25.7,60,1.0
2025-08-24 17:00,25.59,25.4,25.8,60,1.0
2025-08-24 18:00,25.59,25.4,25.8,60,1.0
2025-08-24 19:00,25.6,25.4,25.7,60,1.0
2025-08-24 20:00,25.6,25.5,25.7,60,1.0
2025-08-24 21:00,25.61,25.5,25.7,60,1.0
2025-08-24 22:00,25.59,25.5,25.8,60,1.0
2025-08-24 23:00,25.62,25.5,25.8,60,1.0
2025-08-25 00:00,25.61,25.5,25.7,59,0.983
2025-08-25 01:00,25.61,25.5,25.8,60,1.0
2025-08-25 02:00,25.61,25.5,25.7,60,1.0
2025-08-25 03:00,25.56,25.4,25.7,60,1.0
2025-08-25 04:00,25.56,25.4,25.8,60,1.0
2025-08-25 05:00,25.52,25.4,25.6,60,1.0
2025-08-25 06:00,25.54,25.4,25.7,60,1.0
2025-08-25 07:00,25.52,25.4,25.6,60,1.0
2025-08-25 08:00,25.53,25.3,25.7,60,1.0
2025-08-25 09:00,25.56,25.4,25.8,60,1.0
2025-08-25 10:00,25.56,25.4,25.9,60,1.0
2025-08-25 11:00,25.6,25.5,25.8,60,1.0
2025-08-25 12:00,25.62,25.4,25.8,60,1.0
2025-08-25 13:00,25.6,25.5,25.7,55,0.917
2025-08-25 14:00,25.65,25.5,25.8,55,0.917
2025-08-25 15:00,25.64,25.4,25.8,46,0.767
2025-08-25 16:00,25.66,25.5,25.8,60,1.0
2025-08-25 17:00,25.65,25.5,25.8,50,0.833
2025-08-25 18:00,25.65,25.5,25.9,60,1.0
2025-08-25 19:00,25.65,25.5,25.8,60,1.0
2025-08-25 20:00,25.66,25.5,25.8,51,0.85
2025-08-25 21:00,25.66,25.5,25.8,46,0.767
2025-08-25 22:00,25.64,25.5,25.8,60,1.0
2025-08-25 23:00,25.66,25.5,25.8,60,1.0
2025-08-26 00:00,25.65,25.5,25.8,59,0.983
2025-08-26 01:00,25.65,25.5,25.9,60,1.0
2025-08-26 02:00,25.63,25.5,25.8,50,0.833
2025-08-26 03:00,25.65,25.5,25.8,59,0.983
2025-08-26 04:00,25.68,25.5,25.8,60,1.0
2025-08-26 05:00,25.67,25.6,25.8,59,0.983
2025-08-26 06:00,25.64,25.5,25.8,59,0.983
2025-08-26 07:00,25.62,25.5,25.8,60,1.0
2025-08-26 08:00,25.64,25.5,25.8,60,1.0
2025-08-26 09:00,25.65,25.5,25.8,60,1.0
2025-08-26 10:00,25.66,25.5,25.8,59,0.983
2025-08-26 11:00,25.66,25.5,25.8,60,1.0
2025-08-26 12:00,25.66,25.5,25.8,58,0.967
2025-08-26 13:00,25.67,25.5,25.8,56,0.933
2025-08-26 14:00,25.66,25.5,25.8,60,1.0
2025-08-26 15:00,25.69,25.6,25.8,60,1.0
2025-08-26 16:00,25.68,25.6,25.8,60,1.0
2025-08-26 17:00,25.73,25.6,25.9,60,1.0
2025-08-26 18:00,25.71,25.6,25.9,60,1.0
2025-08-26 19:00,25.7,25.6,25.9,60,1.0
2025-08-26 20:00,25.72,25.6,25.9,60,1.0
2025-08-26 21:00,25.74,25.6,25.9,60,1.0
2025-08-26 22:00,25.73,25.6,25.9,60,1.0
2025-08-26 23:00,25.71,25.6,25.9,60,1.0
2025-08-27 00:00,25.71,25.6,25.9,60,1.0
2025-08-27 01:00,25.72,25.6,25.8,60,1.0
2025-08-27 02:00,25.68,25.5,25.8,60,1.0
2025-08-27 03:00,25.69,25.6,25.9,60,1.0
2025-08-27 04:00,25.67,25.5,25.8,60,1.0
2025-08-27 05:00,25.66,25.5,25.9,60,1.0
2025-08-27 06:00,25.64,25.5,25.9,60,1.0
2025-08-27 07:00,25.66,25.5,25.8,60,1.0
2025-08-27 08:00,25.68,25.5,25.9,60,1.0
2025-08-27 09:00,25.71,25.6,25.9,60,1.0
2025-08-27 10:00,25.71,25.6,25.8,59,0.983
2025-08-27 11:00,25.72,25.6,25.9,60,1.0
2025-08-27 12:00,25.74,25.6,25.9,60,1.0
2025-08-27 13:00,25.76,25.6,25.9,60,1.0
2025-08-27 14:00,25.77,25.6,25.9,53,0.883
2025-08-27 15:00,25.76,25.6,25.9,60,1.0
2025-08-27 16:00,25.77,25.6,26.0,60,1.0
2025-08-27 17:00,25.78,25.6,25.9,60,1.0
2025-08-27 18:00,25.77,25.6,26.0,60,1.0
2025-08-27 19:00,25.78,25.7,25.9,60,1.0
2025-08-27 20:00,25.78,25.7,25.9,60,1.0
2025-08-27 21:00,25.76,25.6,25.9,60,1.0
2025-08-27 22:00,25.76,25.7,25.9,60,1.0
2025-08-27 23:00,25.76,25.6,25.9,60,1.0
2025-08-28 00:00,25.76,25.6,25.9,60,1.0
2025-08-28 01:00,25.72,25.6,25.9,60,1.0
2025-08-28 02:00,25.72,25.6,25.9,60,1.0
2025-08-28 03:00,25.7,25.6,25.9,60,1.0
2025-08-28 04:00,25.7,25.6,25.9,60,1.0
2025-08-28 05:00,25.7,25.5,25.9,60,1.0
2025-08-28 06:00,25.69,25.5,25.8,60,1.0
2025-08-28 07:00,25.72,25.6,25.9,58,0.967
2025-08-28 08:00,25.71,25.6,25.8,60,1.0
2025-08-28 09:00,25.7,25.5,25.8,59,0.983
2025-08-28 10:00,25.74,25.6,25.9,60,1.0
2025-08-28 11:00,25.76,25.6,25.9,60,1.0
2025-08-28 12:00,25.82,25.6,26.1,60,1.0
2025-08-28 13:00,25.85,25.6,26.0,60,1.0
2025-08-28 14:00,25.89,25.7,26.2,59,0.983
2025-08-28 15:00,25.92,25.8,26.1,51,0.85
2025-08-28 16:00,25.92,25.8,26.1,60,1.0
2025-08-28 17:00,25.94,25.8,26.1,60,1.0
2025-08-28 18:00,25.92,25.8,26.1,60,1.0
2025-08-28 19:00,25.93,25.8,26.1,60,1.0
2025-08-28 20:00,25.88,25.7,26.0,60,1.0
2025-08-28 21:00,25.87,25.7,26.0,60,1.0
2025-08-28 22:00,25.86,25.7,26.0,59,0.983
2025-08-28 23:00,25.85,25.7,26.0,60,1.0
2025-08-29 00:00,25.81,25.7,26.0,60,1.0
2025-08-29 01:00,25.79,25.7,25.9,60,1.0
2025-08-29 02:00,25.84,25.6,26.2,60,1.0
2025-08-29 03:00,25.77,25.6,26.0,60,1.0
2025-08-29 04:00,25.72,25.6,25.9,60,1.0
2025-08-29 05:00,25.71,25.6,25.9,59,0.983
2025-08-29 06:00,25.7,25.5,25.8,60,1.0
2025-08-29 07:00,25.72,25.5,25.9,60,1.0
2025-08-29 08:00,25.74,25.7,25.9,60,1.0
2025-08-29 09:00,25.74,25.6,25.9,59,0.983
2025-08-29 10:00,25.76,25.6,25.9,59,0.983
2025-08-29 11:00,25.77,25.6,25.9,59,0.983
2025-08-29 12:00,25.79,25.6,25.9,58,0.967
2025-08-29 13:00,25.69,25.4,25.9,59,0.983
2025-08-29 14:00,25.71,25.6,25.9,60,1.0
2025-08-29 15:00,25.75,25.6,25.9,60,1.0
2025-08-29 16:00,25.78,25.7,25.9,60,1.0
2025-08-29 17:00,25.78,25.6,25.9,60,1.0
2025-08-29 18:00,25.79,25.7,25.9,60,1.0
2025-08-29 19:00,25.8,25.6,25.9,60,1.0
2025-08-29 20:00,25.78,25.6,25.9,60,1.0
2025-08-29 21:00,26.08,25.6,27.0,58,0.967
2025-08-29 22:00,27.02,26.6,27.3,60,1.0
2025-08-29 23:00,26.79,26.4,27.2,59,0.983
2025-08-30 00:00,26.39,26.2,26.7,55,0.917
2025-08-30 01:00,26.65,26.0,27.2,59,0.983
2025-08-30 02:00,26.78,26.7,26.9,6,0.1
2025-08-30 09:00,27.6,27.5,27.7,2,0.033
2025-08-30 10:00,27.69,27.4,27.9,58,0.967
2025-08-30 11:00,27.9,27.6,28.1,59,0.983
2025-08-30 12:00,28.16,27.9,28.4,59,0.983
2025-08-30 13:00,28.43,28.2,28.8,60,1.0
2025-08-30 14:00,28.81,28.6,29.1,60,1.0
2025-08-30 15:00,29.19,28.9,29.5,51,0.85
2025-08-30 16:00,29.63,29.4,29.9,50,0.833
2025-08-30 17:00,30.04,29.7,30.2,60,1.0
2025-08-30 18:00,30.39,30.1,30.6,59,0.983
2025-08-30 19:00,30.66,30.4,30.9,60,1.0
2025-08-30 20:00,30.96,30.7,31.2,60,1.0
2025-08-30 21:00,31.19,30.9,31.6,60,1.0
2025-08-30 22:00,31.37,31.1,31.6,59,0.983
2025-08-30 23:00,31.57,31.3,31.9,60,1.0
2025-08-31 00:00,31.7,31.5,31.9,60,1.0
2025-08-31 01:00,31.88,31.7,32.1,60,1.0
2025-08-31 02:00,32.01,31.8,32.2,60,1.0
2025-08-31 03:00,32.16,32.0,32.4,60,1.0
2025-08-31 04:00,32.29,32.1,32.5,60,1.0
2025-08-31 05:00,32.4,32.2,32.7,60,1.0
2025-08-31 06:00,32.51,32.3,32.8,60,1.0
2025-08-31 07:00,32.57,32.4,32.7,60,1.0
2025-08-31 08:00,32.58,32.4,32.7,60,1.0
2025-08-31 09:00,32.66,32.5,32.8,60,1.0
2025-08-31 10:00,32.74,32.6,32.9,58,0.967
2025-08-31 11:00,32.82,32.7,33.0,47,0.783
2025-08-31 12:00,32.91,32.8,33.1,45,0.75
2025-08-31 13:00,32.98,32.9,33.2,48,0.8
2025-08-31 14:00,33.06,32.9,33.4,46,0.767
2025-08-31 15:00,33.16,33.0,33.3,59,0.983
2025-08-31 16:00,33.24,33.1,33.4,60,1.0
2025-08-31 17:00,33.33,33.2,33.5,60,1.0
2025-08-31 18:00,33.41,33.2,33.6,58,0.967
2025-08-31 19:00,33.47,33.3,33.6,54,0.9
2025-08-31 20:00,33.52,33.4,33.7,59,0.983
2025-08-31 21:00,33.6,33.3,33.7,60,1.0
2025-08-31 22:00,33.68,33.5,33.9,56,0.933
2025-08-31 23:00,33.7,33.5,33.8,59,0.983
2025-09-01 00:00,33.77,33.5,33.9,60,1.0
2025-09-01 01:00,33.84,33.7,34.0,60,1.0
2025-09-01 02:00,33.88,33.7,34.1,60,1.0
2025-09-01 03:00,33.93,33.8,34.1,60,1.0
2025-09-01 04:00,33.96,33.8,34.1,59,0.983
2025-09-01 05:00,33.99,33.8,34.2,57,0.95
2025-09-01 06:00,34.06,33.9,34.2,59,0.983
2025-09-01 07:00,34.07,33.9,34.2,60,1.0
2025-09-01 08:00,34.06,33.9,34.2,58,0.967
2025-09-01 09:00,34.01,33.9,34.3,59,0.983
2025-09-01 10:00,34.09,33.9,34.2,54,0.9
2025-09-01 11:00,34.12,34.0,34.3,50,0.833
2025-09-01 12:00,34.17,34.0,34.5,50,0.833
2025-09-01 13:00,34.22,34.0,34.4,54,0.9
2025-09-01 14:00,34.21,34.1,34.4,55,0.917
2025-09-01 15:00,34.28,34.1,34.4,60,1.0
2025-09-01 16:00,34.3,34.1,34.5,60,1.0
2025-09-01 17:00,34.39,34.2,34.5,59,0.983
2025-09-01 18:00,34.44,34.3,34.5,60,1.0
2025-09-01 19:00,34.48,34.3,34.6,60,1.0
2025-09-01 20:00,34.52,34.4,34.6,60,1.0
2025-09-01 21:00,34.55,34.4,34.6,59,0.983
2025-09-01 22:00,34.55,34.4,34.7,60,1.0
2025-09-01 23:00,34.57,34.4,34.7,60,1.0
2025-09-02 00:00,34.56,34.4,34.7,60,1.0
2025-09-02 01:00,34.59,34.4,34.8,60,1.0
2025-09-02 02:00,34.61,34.5,34.8,60,1.0
2025-09-02 03:00,34.62,34.5,34.8,60,1.0
2025-09-02 04:00,34.61,34.5,34.8,60,1.0
2025-09-02 05:00,34.62,34.5,34.8,60,1.0
2025-09-02 06:00,34.65,34.5,34.9,60,1.0
2025-09-02 07:00,34.6,34.4,34.8,60,1.0
2025-09-02 08:00,34.58,34.4,34.8,60,1.0
2025-09-02 09:00,34.6,34.4,34.8,60,1.0
2025-09-02 10:00,34.99,34.7,35.2,60,1.0
2025-09-02 11:00,34.93,34.8,35.1,60,1.0
2025-09-02 12:00,34.96,34.8,35.3,58,0.967
2025-09-02 13:00,34.89,34.7,35.1,56,0.933
2025-09-02 14:00,34.89,34.8,35.1,57,0.95
2025-09-02 15:00,34.85,34.7,35.0,58,0.967
2025-09-02 16:00,34.91,34.8,35.1,59,0.983
2025-09-02 17:00,34.97,34.8,35.5,60,1.0
2025-09-02 18:00,35.56,35.3,35.9,58,0.967
2025-09-02 19:00,35.44,35.3,35.6,54,0.9
2025-09-02 20:00,35.36,35.2,35.6,59,0.983
2025-09-02 21:00,35.34,35.2,35.5,59,0.983
2025-09-02 22:00,35.38,35.2,35.6,58,0.967
2025-09-02 23:00,35.36,35.2,35.5,59,0.983
2025-09-03 00:00,35.37,35.2,35.7,60,1.0
2025-09-03 01:00,35.35,35.2,35.5,60,1.0
2025-09-03 02:00,35.36,35.2,35.5,60,1.0
2025-09-03 03:00,35.35,35.2,35.5,60,1.0
2025-09-03 04:00,35.3,35.1,35.5,60,1.0
2025-09-03 05:00,35.34,35.2,35.5,56,0.933
2025-09-03 06:00,35.32,35.2,35.5,46,0.767
2025-09-03 07:00,35.19,35.0,35.4,57,0.95
2025-09-03 08:00,35.03,34.9,35.3,58,0.967
2025-09-03 09:00,34.96,34.8,35.2,60,1.0
2025-09-03 10:00,34.92,34.7,35.1,60,1.0
2025-09-03 11:00,34.85,34.7,35.0,58,0.967
2025-09-03 12:00,34.79,34.6,35.0,49,0.817
2025-09-03 13:00,34.77,34.6,34.9,52,0.867
2025-09-03 14:00,34.72,34.6,34.9,54,0.9
2025-09-03 15:00,34.74,34.5,34.9,58,0.967
2025-09-03 16:00,34.75,34.6,34.9,47,0.783
2025-09-03 17:00,34.75,34.6,34.9,53,0.883
2025-09-03 18:00,34.75,34.6,34.9,50,0.833
2025-09-03 19:00,34.79,34.7,34.9,55,0.917
2025-09-03 20:00,34.76,34.6,35.0,60,1.0
2025-09-03 21:00,34.77,34.6,35.0,60,1.0
2025-09-03 22:00,34.75,34.6,34.9,60,1.0
2025-09-03 23:00,34.74,34.6,34.9,60,1.0
2025-09-04 00:00,34.75,34.6,34.9,60,1.0
2025-09-04 01:00,34.73,34.6,34.9,60,1.0
2025-09-04 02:00,34.72,34.5,34.9,60,1.0
2025-09-04 03:00,34.73,34.5,34.9,60,1.0
2025-09-04 04:00,34.7,34.5,34.9,60,1.0
2025-09-04 05:00,34.67,34.5,34.8,60,1.0
2025-09-04 06:00,34.7,34.5,34.8,60,1.0
2025-09-04 07:00,34.62,34.4,34.8,60,1.0
2025-09-04 08:00,34.52,34.4,34.7,60,1.0
2025-09-04 09:00,34.55,34.4,34.7,60,1.0
2025-09-04 10:00,34.56,34.4,34.7,59,0.983
2025-09-04 11:00,34.54,34.5,34.7,54,0.9
2025-09-04 12:00,34.51,34.4,34.6,43,0.717
2025-09-04 13:00,34.48,34.3,34.6,43,0.717
2025-09-04 14:00,34.51,34.4,34.7,52,0.867
2025-09-04 15:00,34.5,34.3,34.6,60,1.0
2025-09-04 16:00,34.49,34.4,34.6,60,1.0
2025-09-04 17:00,34.44,34.3,34.6,60,1.0
2025-09-04 18:00,34.43,34.3,34.6,60,1.0
2025-09-04 19:00,34.41,34.2,34.6,60,1.0
2025-09-04 20:00,34.42,34.3,34.6,60,1.0
2025-09-04 21:00,34.41,34.2,34.6,60,1.0
2025-09-04 22:00,34.39,34.2,34.6,60,1.0
2025-09-04 23:00,34.38,34.2,34.6,60,1.0
2025-09-05 00:00,34.36,34.2,34.6,60,1.0
2025-09-05 01:00,34.34,34.2,34.5,60,1.0
2025-09-05 02:00,34.32,34.2,34.5,60,1.0
2025-09-05 03:00,34.31,34.2,34.5,60,1.0
2025-09-05 04:00,34.27,34.2,34.4,60,1.0
2025-09-05 05:00,34.26,34.1,34.5,60,1.0
2025-09-05 06:00,34.24,34.1,34.4,60,1.0
2025-09-05 07:00,34.2,34.0,34.4,50,0.833
2025-09-05 08:00,34.12,34.0,34.4,49,0.817
2025-09-05 09:00,34.15,34.0,34.3,51,0.85
2025-09-05 10:00,34.15,34.0,34.3,53,0.883
2025-09-05 11:00,34.11,34.0,34.3,56,0.933
2025-09-05 12:00,34.08,33.9,34.2,60,1.0
2025-09-05 13:00,34.05,33.9,34.1,60,1.0
2025-09-05 14:00,34.05,33.9,34.4,60,1.0
2025-09-05 15:00,34.04,33.9,34.2,60,1.0
2025-09-05 16:00,34.04,33.9,34.3,60,1.0
2025-09-05 17:00,34.02,33.8,34.1,60,1.0
2025-09-05 18:00,34.0,33.8,34.1,59,0.983
2025-09-05 19:00,33.98,33.8,34.1,60,1.0
2025-09-05 20:00,33.97,33.8,34.2,60,1.0
2025-09-05 21:00,33.93,33.8,34.1,60,1.0
2025-09-05 22:00,33.9,33.8,34.1,60,1.0
2025-09-05 23:00,33.88,33.7,34.0,60,1.0
2025-09-06 00:00,33.88,33.7,34.1,60,1.0
2025-09-06 01:00,33.84,33.7,34.0,60,1.0
2025-09-06 02:00,33.81,33.6,34.1,59,0.983
2025-09-06 03:00,33.81,33.7,34.0,58,0.967
2025-09-06 04:00,33.79,33.6,34.0,60,1.0
2025-09-06 05:00,33.76,33.6,33.9,60,1.0
2025-09-06 06:00,33.73,33.6,33.9,60,1.0
2025-09-06 07:00,33.72,33.6,33.9,60,1.0
2025-09-06 08:00,33.6,33.5,33.8,60,1.0
2025-09-06 09:00,33.58,33.4,33.8,60,1.0
2025-09-06 10:00,33.55,33.4,33.7,60,1.0
2025-09-06 11:00,33.55,33.4,33.8,59,0.983
2025-09-06 12:00,33.58,33.4,33.8,59,0.983
2025-09-06 13:00,33.55,33.4,33.7,58,0.967
2025-09-06 14:00,33.54,33.4,33.7,46,0.767
2025-09-06 15:00,33.52,33.4,33.6,56,0.933
2025-09-06 16:00,33.51,33.4,33.6,60,1.0
2025-09-06 17:00,33.5,33.4,33.6,60,1.0
2025-09-06 18:00,33.47,33.3,33.7,60,1.0
2025-09-06 19:00,33.45,33.3,33.6,60,1.0
2025-09-06 20:00,33.42,33.3,33.6,60,1.0
2025-09-06 21:00,33.38,33.2,33.6,60,1.0
2025-09-06 22:00,33.33,33.1,33.5,60,1.0
2025-09-06 23:00,33.3,33.1,33.5,60,1.0
2025-09-07 00:00,33.27,33.1,33.5,60,1.0
2025-09-07 01:00,33.22,33.1,33.4,60,1.0
2025-09-07 02:00,33.15,33.0,33.3,60,1.0
2025-09-07 03:00,33.12,33.0,33.3,60,1.0
2025-09-07 04:00,33.09,32.9,33.2,60,1.0
2025-09-07 05:00,33.05,32.9,33.2,60,1.0
2025-09-07 06:00,33.01,32.9,33.2,59,0.983
2025-09-07 07:00,32.99,32.9,33.2,60,1.0
2025-09-07 08:00,32.89,32.7,33.1,60,1.0
2025-09-07 09:00,32.9,32.8,33.0,60,1.0
2025-09-07 10:00,32.86,32.6,33.0,60,1.0
2025-09-07 11:00,32.83,32.6,33.0,60,1.0
2025-09-07 12:00,32.82,32.7,33.0,60,1.0
2025-09-07 13:00,32.8,32.6,32.9,60,1.0
2025-09-07 14:00,32.76,32.6,32.9,60,1.0
2025-09-07 15:00,32.73,32.6,32.9,60,1.0
2025-09-07 16:00,32.73,32.6,32.9,60,1.0
2025-09-07 17:00,32.73,32.6,33.1,60,1.0
2025-09-07 18:00,32.69,32.5,33.0,60,1.0
2025-09-07 19:00,32.69,32.6,32.8,60,1.0
2025-09-07 20:00,32.67,32.5,32.8,60,1.0
2025-09-07 21:00,32.66,32.5,32.8,60,1.0
2025-09-07 22:00,32.61,32.5,32.8,60,1.0
2025-09-07 23:00,32.56,32.4,32.7,60,1.0
2025-09-08 00:00,32.51,32.4,32.7,60,1.0
2025-09-08 01:00,32.51,32.3,32.7,60,1.0
2025-09-08 02:00,32.48,32.3,32.7,60,1.0
2025-09-08 03:00,32.44,32.2,32.6,60,1.0
2025-09-08 04:00,32.42,32.3,32.6,60,1.0
2025-09-08 05:00,32.39,32.2,32.6,59,0.983
2025-09-08 06:00,32.36,32.2,32.5,49,0.817
2025-09-08 07:00,32.33,32.2,32.7,60,1.0
2025-09-08 08:00,32.21,32.0,32.4,60,1.0
2025-09-08 09:00,32.17,32.0,32.4,60,1.0
2025-09-08 10:00,32.15,32.0,32.3,60,1.0
2025-09-08 11:00,32.16,32.0,32.3,60,1.0
2025-09-08 12:00,32.12,32.0,32.3,60,1.0
2025-09-08 13:00,32.08,31.9,32.3,60,1.0
2025-09-08 14:00,32.08,31.9,32.2,60,1.0
2025-09-08 15:00,32.05,31.9,32.2,60,1.0
2025-09-08 16:00,32.04,31.9,32.2,60,1.0
2025-09-08 17:00,32.0,31.8,32.2,60,1.0
2025-09-08 18:00,32.0,31.8,32.2,60,1.0
2025-09-08 19:00,31.99,31.9,32.3,60,1.0
2025-09-08 20:00,31.96,31.8,32.1,60,1.0
2025-09-08 21:00,31.99,31.8,32.1,60,1.0
2025-09-08 22:00,31.98,31.8,32.1,60,1.0
2025-09-08 23:00,31.94,31.8,32.1,60,1.0
2025-09-09 00:00,31.93,31.7,32.1,60,1.0
2025-09-09 01:00,31.93,31.8,32.0,60,1.0
2025-09-09 02:00,31.9,31.7,32.0,60,1.0
2025-09-09 03:00,31.88,31.7,32.0,60,1.0
2025-09-09 04:00,31.84,31.7,32.0,60,1.0
2025-09-09 05:00,31.83,31.7,31.9,60,1.0
2025-09-09 06:00,31.8,31.6,32.0,60,1.0
2025-09-09 07:00,31.73,31.6,31.9,60,1.0
2025-09-09 08:00,31.66,31.5,31.8,60,1.0
2025-09-09 09:00,31.65,31.4,31.8,60,1.0
2025-09-09 10:00,31.6,31.4,31.7,60,1.0
2025-09-09 11:00,31.58,31.4,31.7,60,1.0
2025-09-09 12:00,31.54,31.4,31.7,60,1.0
2025-09-09 13:00,31.51,31.4,31.6,60,1.0
2025-09-09 14:00,31.5,31.4,31.7,60,1.0
2025-09-09 15:00,31.46,31.3,31.6,60,1.0
2025-09-09 16:00,31.45,31.3,31.6,60,1.0
2025-09-09 17:00,31.43,31.3,31.6,60,1.0
2025-09-09 18:00,31.42,31.2,31.7,60,1.0
2025-09-09 19:00,31.39,31.3,31.6,60,1.0
2025-09-09 20:00,31.39,31.2,31.6,60,1.0
2025-09-09 21:00,31.37,31.2,31.6,60,1.0
2025-09-09 22:00,31.35,31.2,31.5,60,1.0
2025-09-09 23:00,31.32,31.1,31.4,60,1.0
2025-09-10 00:00,31.32,31.2,31.4,60,1.0
2025-09-10 01:00,31.26,31.1,31.4,60,1.0
2025-09-10 02:00,31.22,31.1,31.4,60,1.0
2025-09-10 03:00,31.2,31.1,31.3,60,1.0
2025-09-10 04:00,31.18,31.1,31.3,60,1.0
2025-09-10 05:00,31.15,31.0,31.3,55,0.917
2025-09-10 06:00,31.1,30.9,31.4,44,0.733
2025-09-10 07:00,31.08,30.9,31.2,59,0.983
2025-09-10 08:00,31.01,30.8,31.4,60,1.0
2025-09-10 09:00,31.03,30.9,31.2,44,0.733
2025-09-10 10:00,30.97,30.8,31.2,57,0.95
2025-09-10 11:00,30.93,30.7,31.2,52,0.867
2025-09-10 12:00,30.9,30.8,31.0,60,1.0
2025-09-10 13:00,30.87,30.7,31.0,57,0.95
2025-09-10 14:00,30.86,30.7,31.0,57,0.95
2025-09-10 15:00,30.88,30.7,31.0,58,0.967
2025-09-10 16:00,30.9,30.8,31.0,60,1.0
2025-09-10 17:00,30.91,30.8,31.0,60,1.0
2025-09-10 18:00,30.92,30.8,31.3,60,1.0
2025-09-10 19:00,30.91,30.8,31.1,60,1.0
2025-09-10 20:00,30.92,30.8,31.0,46,0.767
2025-09-10 21:00,30.91,30.8,31.1,54,0.9
2025-09-10 22:00,30.99,30.8,31.3,60,1.0
2025-09-10 23:00,31.96,31.4,32.5,12,0.2
2025-09-11 08:00,62.48,62.2,62.8,47,0.783
2025-09-11 09:00,62.18,61.8,62.5,60,1.0
2025-09-11 10:00,61.89,61.5,62.2,60,1.0
2025-09-11 11:00,61.5,61.2,61.9,60,1.0
2025-09-11 12:00,61.16,60.8,61.4,60,1.0
2025-09-11 13:00,60.84,60.5,61.3,59,0.983
2025-09-11 14:00,60.45,60.1,61.0,59,0.983
2025-09-11 15:00,60.09,59.8,60.5,60,1.0
2025-09-11 16:00,59.78,59.5,60.2,60,1.0
2025-09-11 17:00,59.55,59.3,59.8,60,1.0
2025-09-11 18:00,59.3,59.1,59.6,60,1.0
2025-09-11 19:00,59.02,58.8,59.4,60,1.0
2025-09-11 20:00,58.82,58.6,59.2,60,1.0
2025-09-11 21:00,58.62,58.3,58.9,60,1.0
2025-09-11 22:00,58.42,58.1,58.8,60,1.0
2025-09-11 23:00,58.21,58.0,58.5,60,1.0
2025-09-12 00:00,58.05,57.8,58.4,60,1.0
2025-09-12 01:00,57.88,57.6,58.2,60,1.0
2025-09-12 02:00,57.68,57.4,58.0,60,1.0
2025-09-12 03:00,57.5,57.3,57.8,60,1.0
2025-09-12 04:00,57.42,57.1,57.7,60,1.0
2025-09-12 05:00,57.25,57.0,57.5,60,1.0
2025-09-12 06:00,57.1,56.8,57.4,60,1.0
2025-09-12 07:00,56.98,56.8,57.2,60,1.0
2025-09-12 08:00,56.7,56.3,57.0,60,1.0
2025-09-12 09:00,56.46,56.1,56.8,60,1.0
2025-09-12 10:00,56.12,55.8,56.5,59,0.983
2025-09-12 11:00,55.78,55.5,56.1,60,1.0
2025-09-12 12:00,55.48,55.2,55.8,44,0.733
2025-09-12 13:00,55.22,55.0,55.5,58,0.967
2025-09-12 14:00,55.04,54.8,55.4,59,0.983
2025-09-12 15:00,54.8,54.6,55.1,53,0.883
2025-09-12 16:00,54.64,54.4,54.9,58,0.967
2025-09-12 17:00,54.48,54.2,54.8,59,0.983
2025-09-12 18:00,54.33,54.1,54.7,60,1.0
2025-09-12 19:00,54.15,53.9,54.4,60,1.0
2025-09-12 20:00,54.02,53.8,54.3,60,1.0
2025-09-12 21:00,53.87,53.6,54.1,60,1.0
2025-09-12 22:00,53.72,53.5,54.0,60,1.0
2025-09-12 23:00,53.55,53.3,53.8,60,1.0
2025-09-13 00:00,53.44,53.2,53.8,60,1.0
2025-09-13 01:00,53.32,53.1,53.5,60,1.0
2025-09-13 02:00,53.21,53.0,53.5,60,1.0
2025-09-13 03:00,53.1,52.9,53.3,60,1.0
2025-09-13 04:00,53.0,52.8,53.3,60,1.0
2025-09-13 05:00,52.85,52.6,53.1,60,1.0
2025-09-13 06:00,52.73,52.5,53.0,60,1.0
2025-09-13 07:00,52.59,52.3,52.9,60,1.0
2025-09-13 08:00,52.42,52.1,52.8,60,1.0
2025-09-13 09:00,52.21,52.0,52.4,60,1.0
2025-09-13 10:00,51.97,51.7,52.2,60,1.0
2025-09-13 11:00,51.72,51.4,51.9,60,1.0
2025-09-13 12:00,51.45,51.2,51.7,60,1.0
2025-09-13 13:00,51.22,51.0,51.5,60,1.0
2025-09-13 14:00,51.09,50.8,51.3,60,1.0
2025-09-13 15:00,50.97,50.7,51.2,58,0.967
2025-09-13 16:00,50.78,50.6,51.0,58,0.967
2025-09-13 17:00,50.71,50.5,50.9,60,1.0
2025-09-13 18:00,50.6,50.4,50.9,60,1.0
2025-09-13 19:00,50.49,50.3,50.8,60,1.0
2025-09-13 20:00,50.36,50.1,50.6,59,0.983
2025-09-13 21:00,50.26,50.0,50.5,59,0.983
2025-09-13 22:00,50.18,50.0,50.4,60,1.0
2025-09-13 23:00,50.03,49.8,50.3,60,1.0
2025-09-14 00:00,49.95,49.7,50.2,60,1.0
2025-09-14 01:00,49.87,49.7,50.1,59,0.983
2025-09-14 02:00,49.74,49.5,50.0,59,0.983
2025-09-14 03:00,49.65,49.5,49.8,60,1.0
2025-09-14 04:00,49.56,49.4,49.8,59,0.983
2025-09-14 05:00,49.48,49.2,49.7,60,1.0
2025-09-14 06:00,49.41,49.2,49.7,59,0.983
2025-09-14 07:00,49.34,49.1,49.5,60,1.0
2025-09-14 08:00,49.16,48.9,49.4,60,1.0
2025-09-14 09:00,48.96,48.8,49.2,60,1.0
2025-09-14 10:00,48.79,48.6,49.0,60,1.0
2025-09-14 11:00,48.61,48.4,48.8,59,0.983
2025-09-14 12:00,48.44,48.3,48.6,60,1.0
2025-09-14 13:00,48.26,48.0,48.6,60,1.0
2025-09-14 14:00,48.12,47.9,48.3,60,1.0
2025-09-14 15:00,48.05,47.8,48.3,60,1.0
2025-09-14 16:00,47.99,47.8,48.1,60,1.0
2025-09-14 17:00,47.94,47.7,48.1,59,0.983
2025-09-14 18:00,47.88,47.7,48.0,60,1.0
2025-09-14 19:00,47.79,47.6,48.0,59,0.983
2025-09-14 20:00,47.7,47.5,47.9,60,1.0
2025-09-14 21:00,47.58,47.4,47.8,60,1.0
2025-09-14 22:00,47.52,47.2,47.7,60,1.0
2025-09-14 23:00,47.47,47.2,47.7,60,1.0
2025-09-15 00:00,47.34,47.2,47.5,60,1.0
2025-09-15 01:00,47.27,47.1,47.5,60,1.0
2025-09-15 02:00,47.21,47.0,47.4,60,1.0
2025-09-15 03:00,47.17,46.9,47.3,60,1.0
2025-09-15 04:00,47.06,46.9,47.3,49,0.817
2025-09-15 05:00,46.98,46.8,47.2,58,0.967
2025-09-15 06:00,46.92,46.7,47.2,60,1.0
2025-09-15 07:00,46.81,46.6,47.1,60,1.0
2025-09-15 08:00,46.6,46.4,46.9,55,0.917
2025-09-15 09:00,46.47,46.3,46.8,50,0.833
2025-09-15 10:00,46.33,46.1,46.5,58,0.967
2025-09-15 11:00,46.24,46.1,46.4,53,0.883
2025-09-15 12:00,46.1,45.9,46.3,59,0.983
2025-09-15 13:00,45.98,45.9,46.2,56,0.933
2025-09-15 14:00,45.9,45.8,46.1,60,1.0
2025-09-15 15:00,45.83,45.7,46.0,60,1.0
2025-09-15 16:00,45.79,45.6,45.9,60,1.0
2025-09-15 17:00,45.72,45.6,45.9,60,1.0
2025-09-15 18:00,45.68,45.5,45.9,60,1.0
2025-09-15 19:00,45.66,45.4,46.0,59,0.983
2025-09-15 20:00,45.58,45.4,45.7,60,1.0
2025-09-15 21:00,45.53,45.4,45.7,53,0.883
2025-09-15 22:00,45.47,45.2,45.6,60,1.0
2025-09-15 23:00,45.4,45.2,45.6,60,1.0
2025-09-16 00:00,45.37,45.2,45.5,60,1.0
2025-09-16 01:00,45.24,45.1,45.6,59,0.983
2025-09-16 02:00,45.19,45.0,45.4,60,1.0
2025-09-16 03:00,45.13,44.9,45.3,60,1.0
2025-09-16 04:00,45.1,44.8,45.2,59,0.983
2025-09-16 05:00,45.02,44.8,45.2,60,1.0
2025-09-16 06:00,44.99,44.8,45.1,60,1.0
2025-09-16 07:00,44.88,44.6,45.1,60,1.0
2025-09-16 08:00,44.68,44.5,45.0,58,0.967
2025-09-16 09:00,44.58,44.3,44.8,59,0.983
2025-09-16 10:00,44.48,44.2,44.7,58,0.967
2025-09-16 11:00,44.33,44.1,44.6,54,0.9
2025-09-16 12:00,44.17,44.0,44.4,46,0.767
2025-09-16 13:00,44.05,43.9,44.2,50,0.833
2025-09-16 14:00,43.93,43.8,44.1,60,1.0
2025-09-16 15:00,43.94,43.8,44.1,60,1.0
2025-09-16 16:00,43.87,43.7,44.1,60,1.0
2025-09-16 17:00,43.91,43.7,44.1,60,1.0
2025-09-16 18:00,43.86,43.7,44.0,60,1.0
2025-09-16 19:00,43.83,43.6,44.0,60,1.0
2025-09-16 20:00,43.84,43.7,44.0,54,0.9
2025-09-16 21:00,43.75,43.5,43.9,53,0.883
2025-09-16 22:00,43.71,43.5,43.9,59,0.983
2025-09-16 23:00,43.7,43.6,43.9,60,1.0
2025-09-17 00:00,43.63,43.5,43.7,60,1.0
2025-09-17 01:00,43.59,43.4,43.7,60,1.0
2025-09-17 02:00,43.54,43.3,43.7,60,1.0
2025-09-17 03:00,43.49,43.3,43.8,60,1.0
2025-09-17 04:00,43.46,43.3,43.6,60,1.0
2025-09-17 05:00,43.41,43.2,43.5,60,1.0
2025-09-17 06:00,43.33,43.2,43.5,60,1.0
2025-09-17 07:00,43.24,43.0,43.5,60,1.0
2025-09-17 08:00,43.1,42.9,43.3,60,1.0
2025-09-17 09:00,42.97,42.8,43.2,58,0.967
2025-09-17 10:00,42.86,42.7,43.0,53,0.883
2025-09-17 11:00,42.75,42.6,43.1,49,0.817
2025-09-17 12:00,42.65,42.5,42.8,53,0.883
2025-09-17 13:00,42.62,42.5,42.8,58,0.967
2025-09-17 14:00,42.55,42.4,42.7,59,0.983
2025-09-17 15:00,42.48,42.3,42.7,60,1.0
2025-09-17 16:00,42.46,42.3,42.7,60,1.0
2025-09-17 17:00,42.43,42.3,42.6,60,1.0
2025-09-17 18:00,42.41,42.2,42.6,58,0.967
2025-09-17 19:00,42.37,42.2,42.6,60,1.0
2025-09-17 20:00,42.35,42.2,42.5,60,1.0
2025-09-17 21:00,42.31,42.1,42.4,57,0.95
2025-09-17 22:00,42.22,42.1,42.5,59,0.983
2025-09-17 23:00,42.16,42.0,42.3,58,0.967
2025-09-18 00:00,42.11,41.9,42.3,59,0.983
2025-09-18 01:00,42.04,41.9,42.2,58,0.967
2025-09-18 02:00,41.96,41.7,42.1,59,0.983
2025-09-18 03:00,41.88,41.6,42.1,60,1.0
2025-09-18 04:00,41.85,41.6,42.0,58,0.967
2025-09-18 05:00,41.77,41.6,41.9,60,1.0
2025-09-18 06:00,41.69,41.5,41.8,60,1.0
2025-09-18 07:00,41.59,41.4,41.8,59,0.983
2025-09-18 08:00,41.42,41.2,41.6,60,1.0
2025-09-18 09:00,41.24,41.1,41.5,59,0.983
2025-09-18 10:00,41.1,41.0,41.4,60,1.0
2025-09-18 11:00,40.93,40.8,41.2,60,1.0
2025-09-18 12:00,40.82,40.7,41.1,60,1.0
2025-09-18 13:00,40.7,40.5,40.9,60,1.0
2025-09-18 14:00,40.61,40.4,40.8,60,1.0
2025-09-18 15:00,40.54,40.3,40.7,60,1.0
2025-09-18 16:00,40.46,40.3,40.6,60,1.0
2025-09-18 17:00,40.41,40.3,40.6,57,0.95
2025-09-18 18:00,40.37,40.1,40.5,58,0.967
2025-09-18 19:00,40.31,40.1,40.5,52,0.867
2025-09-18 20:00,40.22,40.1,40.4,50,0.833
2025-09-18 21:00,40.19,40.0,40.4,54,0.9
2025-09-18 22:00,40.09,39.9,40.2,52,0.867
2025-09-18 23:00,40.02,39.9,40.2,57,0.95
2025-09-19 00:00,39.99,39.9,40.2,60,1.0
2025-09-19 01:00,39.96,39.8,40.1,60,1.0
2025-09-19 02:00,39.91,39.8,40.0,60,1.0
2025-09-19 03:00,39.88,39.7,40.1,60,1.0
2025-09-19 04:00,39.84,39.7,40.0,60,1.0
2025-09-19 05:00,39.8,39.6,40.0,60,1.0
2025-09-19 06:00,39.75,39.5,39.9,60,1.0
2025-09-19 07:00,39.69,39.6,39.9,60,1.0
2025-09-19 08:00,39.54,39.4,39.7,59,0.983
2025-09-19 09:00,39.47,39.2,39.8,52,0.867
2025-09-19 10:00,39.33,39.2,39.6,46,0.767
2025-09-19 11:00,39.2,39.1,39.4,47,0.783
2025-09-19 12:00,39.12,38.9,39.3,52,0.867
2025-09-19 13:00,39.0,38.8,39.2,58,0.967
2025-09-19 14:00,38.92,38.7,39.1,60,1.0
2025-09-19 15:00,38.86,38.7,39.1,59,0.983
2025-09-19 16:00,38.78,38.6,39.0,60,1.0
2025-09-19 17:00,38.75,38.6,38.9,58,0.967
2025-09-19 18:00,38.7,38.6,38.9,60,1.0
2025-09-19 19:00,38.65,38.5,38.8,59,0.983
2025-09-19 20:00,38.58,38.5,38.8,60,1.0
2025-09-19 21:00,38.56,38.4,38.7,60,1.0
2025-09-19 22:00,38.52,38.4,38.8,60,1.0
2025-09-19 23:00,38.47,38.3,38.7,60,1.0
2025-09-20 00:00,38.47,38.3,38.7,59,0.983
2025-09-20 01:00,38.38,38.2,38.6,60,1.0
2025-09-20 02:00,38.39,38.2,38.6,60,1.0
2025-09-20 03:00,38.3,38.2,38.5,60,1.0
2025-09-20 04:00,38.27,38.1,38.5,56,0.933
2025-09-20 05:00,38.25,38.1,38.4,60,1.0
2025-09-20 06:00,38.21,38.0,38.4,60,1.0
2025-09-20 07:00,38.16,38.0,38.3,60,1.0
2025-09-20 08:00,38.07,37.9,38.2,49,0.817
2025-09-20 09:00,37.97,37.7,38.1,52,0.867
2025-09-20 10:00,37.85,37.7,38.0,38,0.633
2025-09-20 11:00,37.76,37.6,37.9,45,0.75
2025-09-20 12:00,37.66,37.5,37.8,49,0.817
2025-09-20 13:00,37.53,37.3,37.8,54,0.9
2025-09-20 14:00,37.5,37.3,37.7,60,1.0
2025-09-20 15:00,37.42,37.3,37.6,60,1.0
2025-09-20 16:00,37.33,37.2,37.5,60,1.0
2025-09-20 17:00,37.32,37.2,37.5,60,1.0
2025-09-20 18:00,37.26,37.1,37.4,60,1.0
2025-09-20 19:00,37.23,37.1,37.4,60,1.0
2025-09-20 20:00,37.19,37.0,37.4,60,1.0
2025-09-20 21:00,37.16,37.0,37.3,60,1.0
2025-09-20 22:00,37.12,37.0,37.3,60,1.0
2025-09-20 23:00,37.07,36.9,37.2,60,1.0
2025-09-21 00:00,37.08,36.9,37.3,60,1.0
2025-09-21 01:00,37.02,36.9,37.2,60,1.0
2025-09-21 02:00,36.99,36.8,37.1,60,1.0
2025-09-21 03:00,36.97,36.8,37.1,60,1.0
2025-09-21 04:00,36.94,36.8,37.1,19,0.317
2025-09-21 08:00,36.7,36.6,36.8,17,0.283
2025-09-21 09:00,36.63,36.5,36.8,60,1.0
2025-09-21 10:00,36.59,36.4,36.7,55,0.917
2025-09-21 11:00,36.5,36.3,36.6,51,0.85
2025-09-21 12:00,36.41,36.2,36.6,53,0.883
2025-09-21 13:00,36.35,36.2,36.5,54,0.9
2025-09-21 14:00,36.3,36.1,36.4,60,1.0
2025-09-21 15:00,36.27,36.1,36.4,60,1.0
2025-09-21 16:00,36.25,36.1,36.4,60,1.0
2025-09-21 17:00,36.22,36.0,36.4,60,1.0
2025-09-21 18:00,36.19,36.0,36.3,60,1.0
2025-09-21 19:00,36.13,36.0,36.3,60,1.0
2025-09-21 20:00,36.11,36.0,36.2,60,1.0
2025-09-21 21:00,36.07,35.9,36.4,60,1.0
2025-09-21 22:00,36.02,35.9,36.2,60,1.0
2025-09-21 23:00,36.02,35.9,36.2,60,1.0
2025-09-22 00:00,35.98,35.8,36.2,60,1.0
2025-09-22 01:00,35.92,35.8,36.1,60,1.0
2025-09-22 02:00,35.87,35.7,36.0,60,1.0
2025-09-22 03:00,35.87,35.7,36.0,60,1.0
2025-09-22 04:00,35.82,35.7,36.0,60,1.0
2025-09-22 05:00,35.8,35.7,36.0,60,1.0
2025-09-22 06:00,35.74,35.6,35.9,60,1.0
2025-09-22 07:00,35.72,35.5,36.1,60,1.0
2025-09-22 08:00,35.61,35.5,35.8,60,1.0
2025-09-22 09:00,35.53,35.3,35.7,49,0.817
2025-09-22 10:00,35.44,35.3,35.6,54,0.9
2025-09-22 11:00,35.39,35.2,35.6,58,0.967
2025-09-22 12:00,35.35,35.2,35.5,54,0.9
2025-09-22 13:00,35.28,35.1,35.5,54,0.9
2025-09-22 14:00,35.21,35.1,35.4,50,0.833
2025-09-22 15:00,35.2,35.0,35.3,59,0.983
2025-09-22 16:00,35.17,35.0,35.4,60,1.0
2025-09-22 17:00,35.15,35.0,35.3,57,0.95
2025-09-22 18:00,35.12,34.9,35.3,53,0.883
2025-09-22 19:00,35.07,34.9,35.2,56,0.933
2025-09-22 20:00,35.04,34.9,35.2,59,0.983
2025-09-22 21:00,35.01,34.9,35.1,43,0.717
2025-09-22 22:00,34.92,34.8,35.1,49,0.817
2025-09-22 23:00,34.92,34.8,35.1,55,0.917
2025-09-23 00:00,34.87,34.7,35.1,51,0.85
2025-09-23 01:00,34.84,34.7,35.0,56,0.933
2025-09-23 02:00,34.81,34.7,35.0,59,0.983
2025-09-23 03:00,34.77,34.6,34.9,59,0.983
2025-09-23 04:00,34.78,34.6,35.0,60,1.0
2025-09-23 05:00,34.7,34.6,34.9,60,1.0
2025-09-23 06:00,34.66,34.6,34.8,60,1.0
2025-09-23 07:00,34.63,34.5,34.7,60,1.0
2025-09-23 08:00,34.61,34.5,34.7,60,1.0
2025-09-23 09:00,34.57,34.4,34.9,60,1.0
2025-09-23 10:00,35.57,34.4,36.2,56,0.933
2025-09-23 11:00,35.75,35.1,36.3,51,0.85
2025-09-23 12:00,36.06,35.9,36.3,60,1.0
2025-09-23 13:00,36.02,35.7,36.2,59,0.983
2025-09-23 14:00,36.1,35.9,36.3,60,1.0
2025-09-23 15:00,36.26,36.0,36.6,60,1.0
2025-09-23 16:00,36.6,36.3,36.9,60,1.0
2025-09-23 17:00,37.08,36.7,37.5,60,1.0
2025-09-23 18:00,37.65,37.3,38.1,60,1.0
2025-09-23 19:00,38.29,37.9,38.8,59,0.983
2025-09-23 20:00,38.96,38.5,39.5,59,0.983
2025-09-23 21:00,39.67,39.2,40.2,57,0.95
2025-09-23 22:00,40.39,39.8,40.9,57,0.95
2025-09-23 23:00,41.06,40.4,41.5,60,1.0
2025-09-24 00:00,42.04,41.4,43.0,60,1.0
2025-09-24 01:00,45.4,43.0,48.8,60,1.0
2025-09-24 02:00,51.99,49.0,53.9,60,1.0
2025-09-24 03:00,54.86,53.8,55.6,60,1.0
2025-09-24 04:00,56.27,55.3,57.3,60,1.0
2025-09-24 05:00,58.22,57.2,59.0,59,0.983
2025-09-24 06:00,59.25,58.8,59.7,58,0.967
2025-09-24 07:00,59.68,59.4,59.9,54,0.9
2025-09-24 08:00,59.84,59.5,60.1,38,0.633
2025-09-24 09:00,59.85,59.7,60.0,6,0.1
2025-09-24 10:00,60.2,60.1,60.4,6,0.1
2025-09-24 11:00,60.12,59.8,60.4,58,0.967
2025-09-24 12:00,60.12,59.8,60.4,57,0.95
2025-09-24 13:00,59.53,58.8,60.3,43,0.717
2025-09-24 14:00,60.62,59.2,62.1,45,0.75
2025-09-24 15:00,63.1,62.2,63.9,49,0.817
2025-09-24 16:00,64.12,63.8,64.5,48,0.8
2025-09-24 17:00,64.36,64.1,64.6,50,0.833
2025-09-24 18:00,64.33,64.1,64.7,59,0.983
2025-09-24 19:00,64.25,64.0,64.5,51,0.85
2025-09-24 20:00,64.09,63.8,64.4,42,0.7
2025-09-24 21:00,63.86,63.4,64.3,54,0.9
2025-09-24 22:00,63.61,63.3,64.0,59,0.983
2025-09-24 23:00,63.48,63.2,63.8,60,1.0
2025-09-25 00:00,63.41,63.1,63.7,60,1.0
2025-09-25 01:00,63.21,62.9,63.5,59,0.983
2025-09-25 02:00,63.06,62.7,63.4,60,1.0
2025-09-25 03:00,62.91,62.6,63.3,59,0.983
2025-09-25 04:00,62.73,62.4,63.1,60,1.0
2025-09-25 05:00,62.59,62.3,62.9,59,0.983
2025-09-25 06:00,62.44,62.2,62.8,57,0.95
2025-09-25 07:00,62.27,62.0,62.5,60,1.0
2025-09-25 08:00,62.17,61.8,62.7,59,0.983
2025-09-25 09:00,62.0,61.7,62.3,59,0.983
2025-09-25 10:00,61.8,61.4,62.2,60,1.0
2025-09-25 11:00,61.55,61.1,61.9,59,0.983
2025-09-25 12:00,61.29,61.0,61.6,57,0.95
2025-09-25 13:00,60.95,60.6,61.3,59,0.983
2025-09-25 14:00,60.72,60.4,61.0,60,1.0
2025-09-25 15:00,60.49,60.2,60.8,60,1.0
2025-09-25 16:00,60.3,60.0,60.6,60,1.0
2025-09-25 17:00,60.15,59.9,60.4,60,1.0
2025-09-25 18:00,59.97,59.7,60.2,60,1.0
2025-09-25 19:00,59.82,59.6,60.2,60,1.0
2025-09-25 20:00,59.7,59.4,60.0,60,1.0
2025-09-25 21:00,59.56,59.2,59.8,60,1.0
2025-09-25 22:00,59.42,59.1,59.7,60,1.0
2025-09-25 23:00,59.26,59.0,59.6,60,1.0
2025-09-26 00:00,59.17,58.9,59.5,60,1.0
2025-09-26 01:00,59.04,58.8,59.3,60,1.0
2025-09-26 02:00,58.9,58.6,59.2,60,1.0
2025-09-26 03:00,58.8,58.5,59.0,60,1.0
2025-09-26 04:00,58.69,58.4,59.0,60,1.0
2025-09-26 05:00,58.54,58.3,58.8,60,1.0
2025-09-26 06:00,58.43,58.1,58.8,60,1.0
2025-09-26 07:00,58.35,57.9,58.7,60,1.0
2025-09-26 08:00,58.18,57.8,58.5,60,1.0
2025-09-26 09:00,57.96,57.7,58.3,57,0.95
2025-09-26 10:00,57.67,57.3,57.9,48,0.8
2025-09-26 11:00,57.4,57.1,57.7,47,0.783
2025-09-26 12:00,57.07,56.8,57.3,53,0.883
2025-09-26 13:00,56.88,56.6,57.1,59,0.983
2025-09-26 14:00,56.71,56.4,57.1,60,1.0
2025-09-26 15:00,56.58,56.3,56.8,60,1.0
2025-09-26 16:00,56.48,56.2,56.8,60,1.0
2025-09-26 17:00,56.37,56.1,56.7,60,1.0
2025-09-26 18:00,56.26,56.0,56.5,60,1.0
2025-09-26 19:00,56.13,55.9,56.4,60,1.0
2025-09-26 20:00,55.98,55.6,56.2,59,0.983
2025-09-26 21:00,55.88,55.6,56.0,60,1.0
2025-09-26 22:00,55.78,55.5,56.0,60,1.0
2025-09-26 23:00,55.67,55.4,56.0,59,0.983
2025-09-27 00:00,55.59,55.2,55.8,60,1.0
2025-09-27 01:00,55.44,55.2,55.7,60,1.0
2025-09-27 02:00,55.36,55.1,55.7,60,1.0
2025-09-27 03:00,55.26,55.0,55.5,60,1.0
2025-09-27 04:00,55.12,54.9,55.3,60,1.0
2025-09-27 05:00,55.04,54.8,55.3,60,1.0
2025-09-27 06:00,54.96,54.7,55.1,60,1.0
2025-09-27 07:00,54.85,54.5,55.0,60,1.0
2025-09-27 08:00,54.7,54.4,55.0,60,1.0
2025-09-27 09:00,54.56,54.3,54.8,60,1.0
2025-09-27 10:00,54.35,54.1,54.6,55,0.917
2025-09-27 11:00,54.11,53.8,54.4,60,1.0
2025-09-27 12:00,53.92,53.6,54.2,60,1.0
2025-09-27 13:00,53.76,53.5,54.0,58,0.967
2025-09-27 14:00,53.58,53.3,53.8,58,0.967
2025-09-27 15:00,53.45,53.2,53.7,60,1.0
2025-09-27 16:00,53.36,53.0,53.6,59,0.983
2025-09-27 17:00,53.24,53.0,53.5,59,0.983
2025-09-27 18:00,53.17,52.9,53.4,58,0.967
2025-09-27 19:00,53.1,52.9,53.5,46,0.767
2025-09-27 20:00,53.01,52.8,53.3,54,0.9
2025-09-27 21:00,52.89,52.6,53.2,60,1.0
2025-09-27 22:00,52.77,52.6,53.0,60,1.0
2025-09-27 23:00,52.69,52.3,53.0,60,1.0
2025-09-28 00:00,52.55,52.3,52.8,60,1.0
2025-09-28 01:00,52.5,52.2,52.7,60,1.0
2025-09-28 02:00,52.42,52.2,52.6,60,1.0
2025-09-28 03:00,52.27,52.0,52.5,60,1.0
2025-09-28 04:00,52.24,51.9,52.5,60,1.0
2025-09-28 05:00,52.12,51.9,52.3,60,1.0
2025-09-28 06:00,52.06,51.8,52.3,60,1.0
2025-09-28 07:00,51.93,51.7,52.2,60,1.0
2025-09-28 08:00,51.7,51.4,51.9,59,0.983
2025-09-28 09:00,51.47,51.2,51.8,53,0.883
2025-09-28 10:00,51.19,51.0,51.4,52,0.867
2025-09-28 11:00,51.08,50.8,51.3,58,0.967
2025-09-28 12:00,50.91,50.7,51.2,60,1.0
2025-09-28 13:00,50.74,50.4,51.0,59,0.983
2025-09-28 14:00,50.63,50.3,50.8,60,1.0
2025-09-28 15:00,50.54,50.3,50.7,60,1.0
2025-09-28 16:00,50.44,50.2,50.6,57,0.95
2025-09-28 17:00,50.35,50.1,50.5,57,0.95
2025-09-28 18:00,50.26,50.0,50.4,60,1.0
2025-09-28 19:00,50.21,49.9,50.4,60,1.0
2025-09-28 20:00,50.1,49.9,50.3,60,1.0
2025-09-28 21:00,50.0,49.7,50.2,60,1.0
2025-09-28 22:00,49.92,49.7,50.1,60,1.0
2025-09-28 23:00,49.81,49.6,50.0,57,0.95
2025-09-29 00:00,49.74,49.5,49.9,60,1.0
2025-09-29 01:00,49.68,49.4,49.9,60,1.0
2025-09-29 02:00,49.57,49.3,49.8,60,1.0
2025-09-29 03:00,49.52,49.3,49.8,60,1.0
2025-09-29 04:00,49.43,49.2,49.8,60,1.0
2025-09-29 05:00,49.38,49.1,49.6,60,1.0
2025-09-29 06:00,49.29,49.1,49.5,60,1.0
2025-09-29 07:00,49.17,49.0,49.5,59,0.983
2025-09-29 08:00,48.88,48.7,49.2,56,0.933
2025-09-29 09:00,48.62,48.4,48.9,30,0.5
2025-09-29 10:00,48.43,48.2,48.8,21,0.35
2025-09-29 11:00,48.09,47.9,48.4,14,0.233
2025-09-29 12:00,47.93,47.6,48.1,30,0.5
2025-09-29 13:00,47.73,47.5,47.9,31,0.517
2025-09-29 14:00,47.58,47.4,47.7,59,0.983
2025-09-29 15:00,47.51,47.3,47.8,60,1.0
2025-09-29 16:00,47.47,47.3,47.7,59,0.983
2025-09-29 17:00,47.44,47.2,47.6,55,0.917
2025-09-29 18:00,47.4,47.2,47.6,47,0.783
2025-09-29 19:00,47.37,47.1,47.5,60,1.0
2025-09-29 20:00,47.31,47.1,47.5,60,1.0
2025-09-29 21:00,47.26,47.0,47.4,60,1.0
2025-09-29 22:00,47.2,47.0,47.4,60,1.0
2025-09-29 23:00,47.14,46.9,47.3,60,1.0
2025-09-30 00:00,47.04,46.9,47.2,60,1.0
2025-09-30 01:00,47.0,46.8,47.2,60,1.0
2025-09-30 02:00,46.96,46.7,47.2,59,0.983
2025-09-30 03:00,46.89,46.7,47.1,60,1.0
2025-09-30 04:00,46.8,46.6,47.1,60,1.0
2025-09-30 05:00,46.72,46.5,46.9,60,1.0
2025-09-30 06:00,46.64,46.5,46.8,60,1.0
2025-09-30 07:00,46.59,46.4,46.9,60,1.0
2025-09-30 08:00,46.38,46.1,46.6,60,1.0
2025-09-30 09:00,46.16,46.0,46.5,58,0.967
2025-09-30 10:00,45.96,45.7,46.2,55,0.917
2025-09-30 11:00,45.78,45.6,46.1,49,0.817
2025-09-30 12:00,45.57,45.3,45.8,52,0.867
2025-09-30 13:00,45.46,45.3,45.7,31,0.517
2025-09-30 14:00,45.32,45.1,45.5,24,0.4
2025-09-30 15:00,45.18,45.0,45.4,33,0.55
2025-09-30 16:00,45.16,45.0,45.4,60,1.0
2025-09-30 17:00,45.12,45.0,45.3,60,1.0
2025-09-30 18:00,45.1,45.0,45.3,60,1.0
2025-09-30 19:00,45.07,44.8,45.3,60,1.0
2025-09-30 20:00,45.03,44.8,45.2,60,1.0
2025-09-30 21:00,45.0,44.8,45.3,60,1.0
2025-09-30 22:00,44.93,44.7,45.3,59,0.983
2025-09-30 23:00,44.9,44.7,45.1,60,1.0
2025-10-01 00:00,44.88,44.7,45.1,60,1.0
2025-10-01 01:00,44.82,44.6,45.0,60,1.0
2025-10-01 02:00,44.71,44.5,45.0,60,1.0
2025-10-01 03:00,44.76,44.5,44.9,60,1.0
2025-10-01 04:00,44.7,44.5,44.9,60,1.0
2025-10-01 05:00,44.64,44.4,44.9,60,1.0
2025-10-01 06:00,44.61,44.4,44.8,60,1.0
2025-10-01 07:00,44.55,44.4,44.8,60,1.0
2025-10-01 08:00,44.4,44.2,44.7,58,0.967
2025-10-01 09:00,44.26,44.1,44.4,40,0.667
2025-10-01 10:00,44.08,43.9,44.2,25,0.417
2025-10-01 11:00,43.93,43.8,44.2,33,0.55
2025-10-01 12:00,43.78,43.6,44.0,38,0.633
2025-10-01 13:00,43.62,43.4,43.8,45,0.75
2025-10-01 14:00,43.52,43.3,43.7,57,0.95
2025-10-01 15:00,43.5,43.4,43.6,58,0.967
2025-10-01 16:00,43.43,43.3,43.7,58,0.967
2025-10-01 17:00,43.83,43.3,44.8,45,0.75
2025-10-01 18:00,44.75,44.4,45.1,46,0.767
2025-10-01 19:00,44.63,44.4,44.9,42,0.7
2025-10-01 20:00,44.42,44.2,44.7,51,0.85
2025-10-01 21:00,44.21,44.1,44.5,36,0.6
2025-10-01 22:00,44.07,43.9,44.5,34,0.567
2025-10-01 23:00,44.0,43.8,44.2,38,0.633
2025-10-02 00:00,43.95,43.7,44.1,33,0.55
2025-10-02 01:00,43.9,43.7,44.1,37,0.617
2025-10-02 02:00,43.93,43.7,44.1,43,0.717
2025-10-02 03:00,43.96,43.8,44.2,39,0.65
2025-10-02 04:00,43.91,43.7,44.1,41,0.683
2025-10-02 05:00,43.87,43.7,44.1,53,0.883
2025-10-02 06:00,43.88,43.6,44.1,47,0.783
2025-10-02 07:00,43.91,43.7,44.3,47,0.783
2025-10-02 08:00,43.86,43.7,44.0,50,0.833
2025-10-02 09:00,43.8,43.6,44.0,40,0.667
2025-10-02 10:00,43.72,43.5,43.9,48,0.8
2025-10-02 11:00,43.61,43.4,43.8,44,0.733
2025-10-02 12:00,43.52,43.3,43.7,43,0.717
2025-10-02 13:00,43.48,43.3,43.7,52,0.867
2025-10-02 14:00,43.46,43.3,43.7,54,0.9
2025-10-02 15:00,43.41,43.3,43.6,47,0.783
2025-10-02 16:00,43.46,43.2,43.8,57,0.95
2025-10-02 17:00,43.48,43.2,43.6,57,0.95
2025-10-02 18:00,43.48,43.2,43.8,57,0.95
2025-10-02 19:00,43.47,43.3,43.6,51,0.85
2025-10-02 20:00,43.45,43.3,43.6,40,0.667
2025-10-02 21:00,43.44,43.3,43.6,50,0.833
2025-10-02 22:00,43.44,43.2,43.6,47,0.783
2025-10-02 23:00,43.43,43.2,43.6,48,0.8
2025-10-03 00:00,43.4,43.2,43.6,45,0.75
2025-10-03 01:00,43.36,43.2,43.5,35,0.583
2025-10-03 02:00,43.38,43.2,43.5,37,0.617
2025-10-03 03:00,43.31,43.1,43.5,40,0.667
2025-10-03 04:00,43.26,43.1,43.5,31,0.517
2025-10-03 05:00,43.22,43.0,43.4,36,0.6
2025-10-03 06:00,43.21,43.0,43.3,51,0.85
2025-10-03 07:00,43.17,43.0,43.3,58,0.967
2025-10-03 08:00,43.13,42.9,43.3,33,0.55
2025-10-03 09:00,42.98,42.8,43.1,38,0.633
2025-10-03 10:00,42.9,42.7,43.1,31,0.517
2025-10-03 11:00,42.87,42.6,43.0,49,0.817
2025-10-03 12:00,42.77,42.6,42.9,60,1.0
2025-10-03 13:00,42.67,42.5,42.9,60,1.0
2025-10-03 14:00,42.62,42.4,42.9,60,1.0
2025-10-03 15:00,42.57,42.4,42.7,60,1.0
2025-10-03 16:00,42.52,42.4,42.7,60,1.0
2025-10-03 17:00,42.49,42.3,42.7,60,1.0
2025-10-03 18:00,42.47,42.3,42.6,60,1.0
2025-10-03 19:00,42.47,42.3,42.8,60,1.0
2025-10-03 20:00,42.49,42.3,42.7,60,1.0
2025-10-03 21:00,42.43,42.2,42.6,60,1.0
2025-10-03 22:00,42.43,42.2,42.7,60,1.0
2025-10-03 23:00,42.43,42.2,42.6,60,1.0
2025-10-04 00:00,42.44,42.3,42.6,60,1.0
2025-10-04 01:00,42.4,42.2,42.6,60,1.0
2025-10-04 02:00,42.35,42.1,42.5,60,1.0
2025-10-04 03:00,42.32,42.1,42.5,60,1.0
2025-10-04 04:00,42.28,42.1,42.5,59,0.983
2025-10-04 05:00,42.29,42.1,42.6,60,1.0
2025-10-04 06:00,42.23,42.1,42.4,60,1.0
2025-10-04 07:00,42.19,42.0,42.4,60,1.0
2025-10-04 08:00,42.09,41.9,42.2,60,1.0
2025-10-04 09:00,41.93,41.7,42.2,59,0.983
2025-10-04 10:00,41.82,41.6,42.0,60,1.0
2025-10-04 11:00,41.66,41.4,41.8,58,0.967
2025-10-04 12:00,41.57,41.3,41.7,59,0.983
2025-10-04 13:00,41.42,41.2,41.6,55,0.917
2025-10-04 14:00,41.37,41.2,41.5,60,1.0
2025-10-04 15:00,41.34,41.2,41.5,60,1.0
2025-10-04 16:00,41.31,41.1,41.4,60,1.0
2025-10-04 17:00,41.29,41.1,41.5,60,1.0
2025-10-04 18:00,41.24,41.0,41.4,60,1.0
2025-10-04 19:00,41.23,41.1,41.4,59,0.983
2025-10-04 20:00,41.25,41.0,41.4,60,1.0
2025-10-04 21:00,41.22,41.0,41.4,59,0.983
2025-10-04 22:00,41.18,41.0,41.4,60,1.0
2025-10-04 23:00,41.19,41.0,41.4,60,1.0
2025-10-05 00:00,41.17,41.0,41.3,60,1.0
2025-10-05 01:00,41.18,41.0,41.4,60,1.0
2025-10-05 02:00,41.19,41.0,41.4,60,1.0
2025-10-05 03:00,41.19,41.0,41.3,60,1.0
2025-10-05 04:00,41.16,41.0,41.3,60,1.0
2025-10-05 05:00,41.12,40.9,41.3,60,1.0
2025-10-05 06:00,41.1,41.0,41.3,60,1.0
2025-10-05 07:00,41.4,41.0,42.5,60,1.0
2025-10-05 08:00,41.9,41.3,42.4,56,0.933
2025-10-05 09:00,42.35,41.7,42.6,37,0.617
2025-10-05 10:00,42.37,42.1,42.7,37,0.617
2025-10-05 11:00,42.4,41.6,42.7,22,0.367
2025-10-05 12:00,42.4,42.2,42.7,53,0.883
2025-10-05 13:00,42.39,42.1,42.7,20,0.333
2025-10-05 14:00,42.54,42.3,42.8,60,1.0
2025-10-05 15:00,42.53,42.3,42.7,59,0.983
2025-10-05 16:00,42.54,42.3,42.8,60,1.0
2025-10-05 17:00,42.64,42.4,42.9,60,1.0
2025-10-05 18:00,42.8,42.5,43.0,60,1.0
2025-10-05 19:00,43.02,42.8,43.3,59,0.983
2025-10-05 20:00,43.29,42.9,43.6,59,0.983
2025-10-05 21:00,43.6,43.3,44.0,51,0.85
2025-10-05 22:00,44.09,43.7,44.4,53,0.883
2025-10-05 23:00,44.47,44.1,44.8,60,1.0
2025-10-06 00:00,44.84,44.5,45.2,58,0.967
2025-10-06 01:00,45.27,45.0,45.6,60,1.0
2025-10-06 02:00,45.7,45.3,46.1,60,1.0
2025-10-06 03:00,46.15,45.9,46.4,60,1.0
2025-10-06 04:00,46.52,46.2,46.9,60,1.0
2025-10-06 05:00,46.85,46.6,47.1,60,1.0
2025-10-06 06:00,47.1,46.7,47.4,60,1.0
2025-10-06 07:00,47.28,47.1,47.5,60,1.0
2025-10-06 08:00,47.34,47.1,47.5,60,1.0
2025-10-06 09:00,47.35,47.1,47.6,60,1.0
2025-10-06 10:00,47.35,47.2,47.5,59,0.983
2025-10-06 11:00,47.34,47.1,47.5,60,1.0
2025-10-06 12:00,47.34,47.1,47.5,60,1.0
2025-10-06 13:00,47.29,47.1,47.5,60,1.0
2025-10-06 14:00,47.29,47.1,47.5,59,0.983
2025-10-06 15:00,47.27,47.1,47.5,60,1.0
2025-10-06 16:00,47.29,47.1,47.5,60,1.0
2025-10-06 17:00,47.34,47.1,47.6,60,1.0
2025-10-06 18:00,47.3,47.1,47.5,60,1.0
2025-10-06 19:00,47.28,47.0,47.5,60,1.0
2025-10-06 20:00,47.28,47.1,47.5,60,1.0
2025-10-06 21:00,47.24,47.0,47.5,60,1.0
2025-10-06 22:00,47.24,47.0,47.5,60,1.0
2025-10-06 23:00,47.2,47.0,47.4,60,1.0
2025-10-07 00:00,47.14,47.0,47.4,60,1.0
2025-10-07 01:00,47.14,46.9,47.4,60,1.0
2025-10-07 02:00,47.13,46.9,47.5,60,1.0
2025-10-07 03:00,47.02,46.8,47.3,60,1.0
2025-10-07 04:00,47.02,46.8,47.3,60,1.0
2025-10-07 05:00,46.99,46.8,47.2,60,1.0
2025-10-07 06:00,46.98,46.8,47.2,60,1.0
2025-10-07 07:00,46.89,46.7,47.1,58,0.967
2025-10-07 08:00,46.81,46.6,47.0,60,1.0
2025-10-07 09:00,46.65,46.4,46.8,60,1.0
2025-10-07 10:00,46.5,46.3,46.7,60,1.0
2025-10-07 11:00,46.38,46.1,46.7,59,0.983
2025-10-07 12:00,46.24,46.0,46.4,60,1.0
2025-10-07 13:00,46.1,45.9,46.3,60,1.0
2025-10-07 14:00,46.02,45.8,46.2,60,1.0
2025-10-07 15:00,45.94,45.8,46.1,60,1.0
2025-10-07 16:00,45.93,45.7,46.1,60,1.0
2025-10-07 17:00,45.91,45.7,46.0,59,0.983
2025-10-07 18:00,45.9,45.7,46.2,58,0.967
2025-10-07 19:00,45.88,45.7,46.0,46,0.767
2025-10-07 20:00,45.73,45.5,45.9,55,0.917
2025-10-07 21:00,45.68,45.5,45.9,50,0.833
2025-10-07 22:00,45.62,45.4,45.8,50,0.833
2025-10-07 23:00,45.57,45.3,45.7,57,0.95
2025-10-08 00:00,45.54,45.4,45.9,50,0.833
2025-10-08 01:00,45.47,45.3,45.6,50,0.833
2025-10-08 02:00,45.43,45.1,45.5,53,0.883
2025-10-08 03:00,45.38,45.2,45.6,60,1.0
2025-10-08 04:00,45.34,45.1,45.5,60,1.0
2025-10-08 05:00,45.25,45.0,45.4,60,1.0
2025-10-08 06:00,45.25,45.1,45.4,60,1.0
2025-10-08 07:00,45.18,45.0,45.4,60,1.0
2025-10-08 08:00,45.12,44.9,45.3,60,1.0
2025-10-08 09:00,44.95,44.7,45.1,60,1.0
2025-10-08 10:00,44.82,44.6,45.0,59,0.983
2025-10-08 11:00,44.66,44.4,44.9,60,1.0
2025-10-08 12:00,44.54,44.3,44.7,60,1.0
2025-10-08 13:00,44.47,44.2,44.8,60,1.0
2025-10-08 14:00,44.35,44.1,44.5,60,1.0
2025-10-08 15:00,44.31,44.1,44.5,60,1.0
2025-10-08 16:00,44.27,44.1,44.5,60,1.0
2025-10-08 17:00,44.24,44.0,44.4,58,0.967
2025-10-08 18:00,44.16,43.9,44.5,60,1.0
2025-10-08 19:00,44.15,43.9,44.3,60,1.0
2025-10-08 20:00,44.13,43.9,44.3,60,1.0
2025-10-08 21:00,44.1,43.9,44.2,60,1.0
2025-10-08 22:00,44.05,43.9,44.4,60,1.0
2025-10-08 23:00,44.02,43.8,44.2,60,1.0
2025-10-09 00:00,43.99,43.8,44.2,60,1.0
2025-10-09 01:00,43.96,43.8,44.1,60,1.0
2025-10-09 02:00,43.9,43.7,44.1,60,1.0
2025-10-09 03:00,43.86,43.6,44.0,60,1.0
2025-10-09 04:00,43.83,43.6,44.0,59,0.983
2025-10-09 05:00,43.8,43.6,44.0,60,1.0
2025-10-09 06:00,43.76,43.5,44.0,60,1.0
2025-10-09 07:00,43.71,43.5,43.8,60,1.0
2025-10-09 08:00,43.6,43.4,43.8,60,1.0
2025-10-09 09:00,43.44,43.2,43.7,60,1.0
2025-10-09 10:00,43.31,43.1,43.6,60,1.0
2025-10-09 11:00,43.14,42.9,43.3,60,1.0
2025-10-09 12:00,43.04,42.8,43.2,60,1.0
2025-10-09 13:00,42.94,42.7,43.1,60,1.0
2025-10-09 14:00,42.88,42.7,43.0,60,1.0
2025-10-09 15:00,42.82,42.6,43.0,60,1.0
2025-10-09 16:00,42.8,42.7,42.9,60,1.0
2025-10-09 17:00,42.8,42.6,43.0,60,1.0
2025-10-09 18:00,42.79,42.6,43.0,60,1.0
2025-10-09 19:00,42.76,42.6,42.9,60,1.0
2025-10-09 20:00,42.76,42.6,42.9,60,1.0
2025-10-09 21:00,42.71,42.5,42.9,60,1.0
2025-10-09 22:00,42.7,42.5,42.9,60,1.0
2025-10-09 23:00,42.68,42.4,42.8,60,1.0
2025-10-10 00:00,42.64,42.4,42.8,60,1.0
2025-10-10 01:00,42.61,42.4,42.8,60,1.0
2025-10-10 02:00,42.57,42.4,42.7,60,1.0
2025-10-10 03:00,42.55,42.4,42.8,60,1.0
2025-10-10 04:00,42.5,42.3,42.7,60,1.0
2025-10-10 05:00,42.5,42.3,42.7,60,1.0
2025-10-10 06:00,42.46,42.2,42.6,60,1.0
2025-10-10 07:00,42.43,42.2,42.6,52,0.867
2025-10-10 08:00,42.3,42.0,42.4,57,0.95
2025-10-10 09:00,42.23,42.1,42.5,60,1.0
2025-10-10 10:00,42.08,41.9,42.4,60,1.0
2025-10-10 11:00,41.98,41.8,42.2,60,1.0
2025-10-10 12:00,41.86,41.7,42.1,60,1.0
2025-10-10 13:00,41.78,41.6,41.9,60,1.0
2025-10-10 14:00,41.71,41.5,41.9,60,1.0
2025-10-10 15:00,41.64,41.4,41.8,60,1.0
2025-10-10 16:00,41.6,41.4,41.7,60,1.0
2025-10-10 17:00,41.6,41.4,41.8,60,1.0
2025-10-10 18:00,41.56,41.4,41.7,60,1.0
2025-10-10 19:00,41.51,41.3,41.7,60,1.0
2025-10-10 20:00,41.48,41.3,41.6,60,1.0
2025-10-10 21:00,41.44,41.3,41.6,60,1.0
2025-10-10 22:00,41.4,41.3,41.6,60,1.0
2025-10-10 23:00,41.41,41.2,41.6,60,1.0
2025-10-11 00:00,41.36,41.2,41.5,60,1.0
2025-10-11 01:00,41.33,41.2,41.5,60,1.0
2025-10-11 02:00,41.3,41.1,41.4,60,1.0
2025-10-11 03:00,41.27,41.1,41.4,59,0.983
2025-10-11 04:00,41.22,41.0,41.4,60,1.0
2025-10-11 05:00,41.15,41.0,41.4,60,1.0
2025-10-11 06:00,41.14,41.0,41.3,60,1.0
2025-10-11 07:00,41.11,40.9,41.3,60,1.0
2025-10-11 08:00,41.0,40.7,41.2,60,1.0
2025-10-11 09:00,40.83,40.7,41.0,59,0.983
2025-10-11 10:00,40.65,40.5,40.8,59,0.983
2025-10-11 11:00,40.56,40.3,40.7,59,0.983
2025-10-11 12:00,40.43,40.2,40.6,59,0.983
2025-10-11 13:00,40.35,40.2,40.5,60,1.0
2025-10-11 14:00,40.28,40.0,40.4,60,1.0
2025-10-11 15:00,40.23,40.0,40.4,60,1.0
2025-10-11 16:00,40.16,40.0,40.3,60,1.0
2025-10-11 17:00,40.16,40.0,40.3,60,1.0
2025-10-11 18:00,40.14,40.0,40.3,60,1.0
2025-10-11 19:00,40.11,39.9,40.2,60,1.0
2025-10-11 20:00,40.06,39.9,40.2,60,1.0
2025-10-11 21:00,40.02,39.8,40.1,60,1.0
2025-10-11 22:00,39.98,39.8,40.2,60,1.0
2025-10-11 23:00,39.93,39.8,40.1,60,1.0
2025-10-12 00:00,39.89,39.7,40.2,60,1.0
2025-10-12 01:00,39.88,39.7,40.0,60,1.0
2025-10-12 02:00,39.82,39.6,40.0,60,1.0
2025-10-12 03:00,39.79,39.6,40.1,60,1.0
2025-10-12 04:00,39.73,39.6,39.9,59,0.983
2025-10-12 05:00,39.69,39.5,39.8,51,0.85
2025-10-12 06:00,39.64,39.4,39.8,52,0.867
2025-10-12 07:00,39.63,39.4,39.8,60,1.0
2025-10-12 08:00,39.53,39.4,39.8,60,1.0
2025-10-12 09:00,39.42,39.2,39.8,60,1.0
2025-10-12 10:00,39.32,39.2,39.5,60,1.0
2025-10-12 11:00,39.21,39.0,39.4,60,1.0
2025-10-12 12:00,39.12,38.9,39.3,60,1.0
2025-10-12 13:00,39.05,38.9,39.2,60,1.0
2025-10-12 14:00,38.96,38.8,39.1,60,1.0
2025-10-12 15:00,38.83,38.7,39.0,60,1.0
2025-10-12 16:00,38.81,38.6,39.0,60,1.0
2025-10-12 17:00,38.8,38.7,39.0,60,1.0
2025-10-12 18:00,38.81,38.6,39.0,60,1.0
2025-10-12 19:00,38.77,38.6,38.9,60,1.0
2025-10-12 20:00,38.76,38.5,38.9,60,1.0
2025-10-12 21:00,38.72,38.6,38.9,60,1.0
2025-10-12 22:00,38.71,38.5,38.9,60,1.0
2025-10-12 23:00,38.7,38.5,38.9,60,1.0
2025-10-13 00:00,38.66,38.5,38.8,60,1.0
2025-10-13 01:00,38.64,38.5,38.9,60,1.0
2025-10-13 02:00,38.63,38.5,38.8,60,1.0
2025-10-13 03:00,38.58,38.4,38.7,60,1.0
2025-10-13 04:00,38.54,38.3,38.7,60,1.0
2025-10-13 05:00,38.52,38.3,38.7,60,1.0
2025-10-13 06:00,38.51,38.3,38.7,60,1.0
2025-10-13 07:00,38.48,38.3,38.6,60,1.0
2025-10-13 08:00,38.4,38.2,38.6,60,1.0
2025-10-13 09:00,38.29,38.1,38.5,60,1.0
2025-10-13 10:00,38.21,38.0,38.4,60,1.0
2025-10-13 11:00,38.12,37.9,38.3,60,1.0
2025-10-13 12:00,38.09,37.9,38.3,60,1.0
2025-10-13 13:00,38.03,37.9,38.2,60,1.0
2025-10-13 14:00,37.97,37.8,38.1,59,0.983
2025-10-13 15:00,37.94,37.8,38.1,60,1.0
2025-10-13 16:00,37.96,37.8,38.1,60,1.0
2025-10-13 17:00,37.93,37.7,38.1,60,1.0
2025-10-13 18:00,37.92,37.7,38.1,60,1.0
2025-10-13 19:00,37.92,37.8,38.0,60,1.0
2025-10-13 20:00,37.88,37.6,38.0,60,1.0
2025-10-13 21:00,37.87,37.7,38.0,54,0.9
2025-10-13 22:00,37.84,37.7,38.0,48,0.8
2025-10-13 23:00,37.82,37.6,38.0,60,1.0
2025-10-14 00:00,37.78,37.6,37.9,60,1.0
2025-10-14 01:00,37.77,37.6,37.9,60,1.0
2025-10-14 02:00,37.78,37.6,38.0,60,1.0
2025-10-14 03:00,37.73,37.6,37.9,60,1.0
2025-10-14 04:00,37.71,37.5,37.9,60,1.0
2025-10-14 05:00,37.69,37.5,37.9,60,1.0
2025-10-14 06:00,37.67,37.5,37.9,60,1.0
2025-10-14 07:00,37.64,37.4,37.8,60,1.0
2025-10-14 08:00,37.63,37.4,37.7,60,1.0
2025-10-14 09:00,37.53,37.4,37.7,60,1.0
2025-10-14 10:00,37.44,37.3,37.6,60,1.0
2025-10-14 11:00,37.34,37.2,37.5,60,1.0
2025-10-14 12:00,37.28,37.0,37.5,60,1.0
2025-10-14 13:00,37.2,37.0,37.3,59,0.983
2025-10-14 14:00,37.17,37.0,37.3,59,0.983
2025-10-14 15:00,37.15,37.0,37.3,60,1.0
2025-10-14 16:00,37.15,37.0,37.2,60,1.0
2025-10-14 17:00,37.09,36.9,37.2,60,1.0
2025-10-14 18:00,37.09,36.9,37.2,60,1.0
2025-10-14 19:00,37.06,36.8,37.2,60,1.0
2025-10-14 20:00,37.05,36.9,37.2,60,1.0
2025-10-14 21:00,36.99,36.8,37.1,60,1.0
2025-10-14 22:00,36.98,36.8,37.1,60,1.0
2025-10-14 23:00,36.95,36.8,37.1,60,1.0
2025-10-15 00:00,36.92,36.8,37.1,60,1.0
2025-10-15 01:00,36.9,36.7,37.0,60,1.0
2025-10-15 02:00,36.87,36.6,37.1,60,1.0
2025-10-15 03:00,36.85,36.7,37.1,60,1.0
2025-10-15 04:00,36.84,36.6,37.0,60,1.0
2025-10-15 05:00,36.79,36.6,37.0,59,0.983
2025-10-15 06:00,36.79,36.6,37.1,60,1.0
2025-10-15 07:00,36.78,36.6,36.9,60,1.0
2025-10-15 08:00,36.72,36.6,36.9,60,1.0
2025-10-15 09:00,36.71,36.5,36.9,60,1.0
2025-10-15 10:00,36.66,36.5,36.8,60,1.0
2025-10-15 11:00,36.64,36.5,36.8,60,1.0
2025-10-15 12:00,36.62,36.4,36.7,59,0.983
2025-10-15 13:00,36.6,36.4,36.8,60,1.0
2025-10-15 14:00,36.56,36.4,36.7,60,1.0
2025-10-15 15:00,36.54,36.4,36.7,60,1.0
2025-10-15 16:00,36.58,36.4,36.7,60,1.0
2025-10-15 17:00,36.92,36.7,37.2,58,0.967
2025-10-15 18:00,37.21,37.0,37.4,55,0.917
2025-10-15 19:00,37.14,37.0,37.3,43,0.717
2025-10-15 20:00,37.23,37.0,37.4,46,0.767
2025-10-15 21:00,37.08,36.9,37.2,48,0.8
2025-10-15 22:00,36.97,36.8,37.3,58,0.967
2025-10-15 23:00,36.96,36.7,37.2,52,0.867
2025-10-16 00:00,36.92,36.7,37.1,59,0.983
2025-10-16 01:00,36.88,36.7,37.1,56,0.933
2025-10-16 02:00,36.92,36.8,37.1,49,0.817
2025-10-16 03:00,36.94,36.8,37.1,60,1.0
2025-10-16 04:00,37.43,36.9,37.7,60,1.0
2025-10-16 05:00,37.35,37.1,37.6,60,1.0
2025-10-16 06:00,37.59,37.1,37.9,57,0.95
2025-10-16 07:00,37.68,37.3,38.0,30,0.5
2025-10-16 08:00,37.76,37.4,38.0,58,0.967
2025-10-16 09:00,37.53,37.3,37.7,60,1.0
2025-10-16 10:00,37.38,37.1,37.6,60,1.0
2025-10-16 11:00,37.28,37.0,37.6,59,0.983
2025-10-16 12:00,37.26,37.1,37.5,59,0.983
2025-10-16 13:00,37.47,36.9,37.9,33,0.55
2025-10-16 14:00,37.8,37.7,38.0,6,0.1
2025-10-16 15:00,37.75,37.5,37.9,33,0.55
2025-10-16 16:00,37.75,37.5,38.0,40,0.667
2025-10-16 17:00,37.65,37.4,37.9,47,0.783
2025-10-16 18:00,37.62,37.3,38.2,60,1.0
2025-10-16 19:00,37.49,37.3,37.7,60,1.0
2025-10-16 20:00,37.44,37.3,37.7,60,1.0
2025-10-16 21:00,37.39,37.2,37.5,58,0.967
2025-10-16 22:00,37.32,37.1,37.5,51,0.85
2025-10-16 23:00,37.58,37.1,38.0,42,0.7
2025-10-17 00:00,37.68,37.1,37.9,29,0.483
2025-10-17 01:00,37.75,37.5,37.9,60,1.0
2025-10-17 02:00,37.67,37.4,37.9,59,0.983
2025-10-17 03:00,37.45,36.9,37.9,19,0.317
2025-10-17 04:00,37.55,37.2,37.7,18,0.3
2025-10-17 05:00,37.77,37.5,38.1,47,0.783
2025-10-17 06:00,37.82,37.6,38.0,57,0.95
2025-10-17 07:00,37.76,37.5,38.0,60,1.0
2025-10-17 08:00,37.76,37.5,38.0,60,1.0
2025-10-17 09:00,37.75,37.5,37.9,60,1.0
2025-10-17 10:00,37.82,37.6,38.0,59,0.983
2025-10-17 11:00,37.99,37.7,38.3,60,1.0
2025-10-17 12:00,38.37,38.1,38.8,60,1.0
2025-10-17 13:00,38.95,38.6,39.5,60,1.0
2025-10-17 14:00,39.79,39.1,40.4,60,1.0
2025-10-17 15:00,40.8,40.2,41.4,60,1.0
2025-10-17 16:00,41.88,41.3,42.4,60,1.0
2025-10-17 17:00,43.01,42.4,43.7,58,0.967
2025-10-17 18:00,44.29,43.6,44.9,60,1.0
2025-10-17 19:00,45.19,44.7,45.7,60,1.0
2025-10-17 20:00,45.96,45.4,46.4,60,1.0
2025-10-17 21:00,46.62,46.1,47.0,58,0.967
2025-10-17 22:00,47.16,46.8,47.5,60,1.0
2025-10-17 23:00,47.54,47.2,48.0,60,1.0
2025-10-18 00:00,47.73,46.8,48.3,58,0.967
2025-10-18 01:00,48.39,48.0,48.7,60,1.0
2025-10-18 02:00,48.69,48.4,49.0,55,0.917
2025-10-18 03:00,49.06,48.7,49.4,57,0.95
2025-10-18 04:00,49.44,49.2,49.7,59,0.983
2025-10-18 05:00,49.77,49.4,50.0,59,0.983
2025-10-18 06:00,50.05,49.7,50.3,60,1.0
2025-10-18 07:00,50.32,50.0,50.6,60,1.0
2025-10-18 08:00,50.48,50.3,50.8,60,1.0
2025-10-18 09:00,50.48,50.3,50.7,60,1.0
2025-10-18 10:00,50.46,50.2,50.7,60,1.0
2025-10-18 11:00,50.42,50.2,50.7,60,1.0
2025-10-18 12:00,50.39,50.2,50.6,60,1.0
2025-10-18 13:00,50.37,50.1,50.6,60,1.0
2025-10-18 14:00,50.36,50.1,50.6,60,1.0
2025-10-18 15:00,50.38,50.2,50.5,60,1.0
2025-10-18 16:00,50.4,50.2,50.6,60,1.0
2025-10-18 17:00,50.41,50.2,50.7,60,1.0
2025-10-18 18:00,50.42,50.2,50.8,60,1.0
2025-10-18 19:00,50.44,50.2,50.7,60,1.0
2025-10-18 20:00,50.44,50.3,50.7,60,1.0
2025-10-18 21:00,50.42,50.2,50.6,60,1.0
2025-10-18 22:00,50.42,50.1,50.7,60,1.0
2025-10-18 23:00,50.37,50.2,50.6,60,1.0
2025-10-19 00:00,50.38,50.2,50.6,58,0.967
2025-10-19 01:00,50.38,50.1,50.6,48,0.8
2025-10-19 02:00,50.35,50.1,50.5,46,0.767
2025-10-19 03:00,50.32,50.1,50.5,60,1.0
2025-10-19 04:00,50.2,50.0,50.5,58,0.967
2025-10-19 05:00,50.22,50.0,50.5,57,0.95
2025-10-19 06:00,50.15,50.0,50.4,53,0.883
2025-10-19 07:00,50.08,49.9,50.3,51,0.85
2025-10-19 08:00,50.01,49.8,50.2,53,0.883
2025-10-19 09:00,49.88,49.6,50.1,56,0.933
2025-10-19 10:00,49.71,49.5,49.9,58,0.967
2025-10-19 11:00,49.58,49.4,49.8,60,1.0
2025-10-19 12:00,49.4,49.2,49.6,60,1.0
2025-10-19 13:00,49.35,49.1,49.7,60,1.0
2025-10-19 14:00,49.27,49.1,49.5,60,1.0
2025-10-19 15:00,49.26,49.0,49.4,59,0.983
2025-10-19 16:00,49.21,49.0,49.5,58,0.967
2025-10-19 17:00,49.2,49.0,49.5,60,1.0
2025-10-19 18:00,49.19,49.0,49.4,57,0.95
2025-10-19 19:00,49.14,48.9,49.3,52,0.867
2025-10-19 20:00,49.12,48.9,49.3,60,1.0
2025-10-19 21:00,49.08,48.8,49.3,60,1.0
2025-10-19 22:00,49.06,48.8,49.3,59,0.983
2025-10-19 23:00,49.0,48.8,49.3,60,1.0
2025-10-20 00:00,49.01,48.8,49.2,60,1.0
2025-10-20 01:00,48.97,48.7,49.2,59,0.983
2025-10-20 02:00,48.9,48.7,49.2,60,1.0
2025-10-20 03:00,48.86,48.6,49.1,60,1.0
2025-10-20 04:00,48.83,48.6,49.1,60,1.0
2025-10-20 05:00,48.76,48.6,49.0,60,1.0
2025-10-20 06:00,48.72,48.5,48.9,60,1.0
2025-10-20 07:00,48.7,48.5,48.9,60,1.0
2025-10-20 08:00,48.59,48.3,48.8,60,1.0
2025-10-20 09:00,48.43,48.2,48.7,60,1.0
2025-10-20 10:00,48.26,48.0,48.5,60,1.0
2025-10-20 11:00,48.12,47.8,48.4,60,1.0
2025-10-20 12:00,47.99,47.8,48.2,60,1.0
2025-10-20 13:00,47.89,47.7,48.1,60,1.0
2025-10-20 14:00,47.79,47.5,48.0,60,1.0
2025-10-20 15:00,47.71,47.5,47.9,59,0.983
2025-10-20 16:00,47.65,47.5,47.9,60,1.0
2025-10-20 17:00,47.64,47.4,47.8,60,1.0
2025-10-20 18:00,47.63,47.4,47.8,60,1.0
2025-10-20 19:00,47.61,47.4,47.8,60,1.0
2025-10-20 20:00,47.55,47.3,47.8,58,0.967
2025-10-20 21:00,47.53,47.4,47.7,60,1.0
2025-10-20 22:00,47.49,47.3,47.7,60,1.0
2025-10-20 23:00,47.44,47.2,47.6,60,1.0
2025-10-21 00:00,47.44,47.1,47.6,60,1.0
2025-10-21 01:00,47.4,47.2,47.6,60,1.0
2025-10-21 02:00,47.35,47.2,47.5,60,1.0
2025-10-21 03:00,47.29,47.0,47.5,60,1.0
2025-10-21 04:00,47.27,47.1,47.5,60,1.0
2025-10-21 05:00,47.24,47.1,47.6,60,1.0
2025-10-21 06:00,47.2,47.0,47.4,60,1.0
2025-10-21 07:00,47.15,46.9,47.4,60,1.0
2025-10-21 08:00,47.11,46.9,47.3,60,1.0
2025-10-21 09:00,47.04,46.9,47.2,60,1.0
2025-10-21 10:00,47.22,46.8,48.0,60,1.0
2025-10-21 11:00,46.95,46.7,47.1,43,0.717
2025-10-21 12:00,49.15,46.8,52.2,24,0.4
2025-10-21 13:00,58.77,52.5,65.0,50,0.833
2025-10-21 14:00,67.17,65.3,68.7,41,0.683
2025-10-21 15:00,68.72,68.4,68.9,53,0.883
2025-10-21 16:00,69.84,68.5,70.3,24,0.4
2025-10-21 17:00,70.03,69.6,70.4,46,0.767
2025-10-21 18:00,69.54,69.2,70.0,49,0.817
2025-10-21 19:00,69.01,68.5,69.4,60,1.0
2025-10-21 20:00,68.48,67.9,68.9,60,1.0
2025-10-21 21:00,68.02,67.6,68.3,59,0.983
2025-10-21 22:00,67.55,67.1,68.0,58,0.967
2025-10-21 23:00,67.17,66.8,67.5,59,0.983
2025-10-22 00:00,66.84,66.5,67.1,59,0.983
2025-10-22 01:00,66.53,66.2,66.8,59,0.983
2025-10-22 02:00,66.23,65.9,66.6,60,1.0
2025-10-22 03:00,65.93,65.5,66.3,59,0.983
2025-10-22 04:00,65.66,65.3,66.0,60,1.0
2025-10-22 05:00,65.29,65.0,65.5,60,1.0
2025-10-22 06:00,65.21,64.9,65.4,38,0.633
2025-10-24 10:00,66.58,66.3,66.9,32,0.533
2025-10-24 11:00,66.32,66.0,66.6,60,1.0
2025-10-24 12:00,66.05,65.7,66.4,60,1.0
2025-10-24 13:00,65.74,65.4,66.2,60,1.0
2025-10-24 14:00,65.49,65.1,65.8,60,1.0
2025-10-24 15:00,65.22,64.8,65.6,59,0.983
2025-10-24 16:00,64.99,64.7,65.3,59,0.983
2025-10-24 17:00,64.77,64.5,65.1,58,0.967
2025-10-24 18:00,64.58,64.4,64.9,60,1.0
2025-10-24 19:00,64.45,64.2,64.7,60,1.0
2025-10-24 20:00,64.24,63.9,64.6,60,1.0
2025-10-24 21:00,64.11,63.7,64.5,60,1.0
2025-10-24 22:00,63.93,63.6,64.2,60,1.0
2025-10-24 23:00,63.81,63.5,64.1,60,1.0
2025-10-25 00:00,63.69,63.4,63.9,60,1.0
2025-10-25 01:00,63.53,63.2,63.9,60,1.0
2025-10-25 02:00,63.43,63.1,63.7,60,1.0
2025-10-25 03:00,63.31,63.0,63.6,60,1.0
2025-10-25 04:00,63.13,62.9,63.4,58,0.967
2025-10-25 05:00,63.07,62.8,63.4,60,1.0
2025-10-25 06:00,62.92,62.6,63.3,60,1.0
2025-10-25 07:00,62.79,62.5,63.0,60,1.0
2025-10-25 08:00,62.74,62.3,63.0,60,1.0
2025-10-25 09:00,62.51,62.2,62.8,59,0.983
2025-10-25 10:00,62.33,62.1,62.6,60,1.0
2025-10-25 11:00,62.16,61.8,62.5,58,0.967
2025-10-25 12:00,61.92,61.6,62.3,48,0.8
2025-10-25 13:00,61.74,61.4,62.0,54,0.9
2025-10-25 14:00,61.5,61.2,61.9,58,0.967
2025-10-25 15:00,61.35,61.1,61.8,60,1.0
2025-10-25 16:00,61.2,60.9,61.6,60,1.0
2025-10-25 17:00,61.07,60.8,61.4,59,0.983
2025-10-25 18:00,60.98,60.7,61.3,59,0.983
2025-10-25 19:00,60.85,60.6,61.1,60,1.0
2025-10-25 20:00,60.76,60.4,61.1,60,1.0
2025-10-25 21:00,60.63,60.3,60.9,60,1.0
2025-10-25 22:00,60.42,59.5,60.8,55,0.917
2025-10-25 23:00,63.0,59.6,72.3,34,0.567
2025-10-26 00:00,83.07,80.9,85.0,14,0.233
2025-10-26 01:00,83.89,83.0,84.6,32,0.533
2025-10-26 02:00,82.56,81.5,84.6,39,0.65
2025-10-26 03:00,80.89,79.8,82.0,55,0.917
2025-10-26 04:00,78.98,77.9,80.0,59,0.983
2025-10-26 05:00,77.28,76.5,78.2,60,1.0
2025-10-26 06:00,75.89,75.1,76.7,60,1.0
2025-10-26 07:00,74.84,74.3,75.4,60,1.0
2025-10-26 08:00,74.1,73.5,74.6,60,1.0
2025-10-26 09:00,73.5,72.9,73.9,60,1.0
2025-10-26 10:00,72.91,72.5,73.3,60,1.0
2025-10-26 11:00,72.36,71.7,72.7,60,1.0
2025-10-26 12:00,71.81,71.4,72.2,60,1.0
2025-10-26 13:00,71.43,70.9,71.7,60,1.0
2025-10-26 14:00,71.02,70.7,71.3,60,1.0
2025-10-26 15:00,70.69,70.3,71.0,60,1.0
2025-10-26 16:00,70.35,70.0,70.7,60,1.0
2025-10-26 17:00,70.12,69.7,70.5,59,0.983
2025-10-26 18:00,69.89,69.6,70.2,51,0.85
2025-10-26 19:00,69.67,69.3,70.0,60,1.0
2025-10-26 20:00,69.42,69.1,69.7,59,0.983
2025-10-26 21:00,69.23,68.9,69.5,59,0.983
2025-10-26 22:00,69.11,68.8,69.3,60,1.0
2025-10-26 23:00,68.86,68.6,69.2,60,1.0
2025-10-27 00:00,68.6,68.2,69.0,60,1.0
2025-10-27 01:00,68.45,68.2,68.7,60,1.0
2025-10-27 02:00,68.4,68.0,68.6,60,1.0
2025-10-27 03:00,68.3,68.0,68.5,60,1.0
2025-10-27 04:00,68.17,67.9,68.4,60,1.0
2025-10-27 05:00,68.04,67.7,68.3,60,1.0
2025-10-27 06:00,67.89,67.6,68.1,60,1.0
2025-10-27 07:00,67.79,67.4,68.0,60,1.0
2025-10-27 08:00,67.76,67.4,68.0,60,1.0
2025-10-27 09:00,67.68,67.4,67.9,60,1.0
2025-10-27 10:00,67.53,67.2,67.8,60,1.0
2025-10-27 11:00,67.41,67.1,67.7,60,1.0
2025-10-27 12:00,67.28,67.0,67.6,60,1.0
2025-10-27 13:00,67.14,66.8,67.4,60,1.0
2025-10-27 14:00,66.99,66.7,67.2,60,1.0
2025-10-27 15:00,66.9,66.6,67.2,60,1.0
2025-10-27 16:00,66.88,66.5,67.1,60,1.0
2025-10-27 17:00,66.76,66.5,67.0,60,1.0
2025-10-27 18:00,66.69,66.3,67.0,60,1.0
2025-10-27 19:00,66.64,66.3,67.0,60,1.0
2025-10-27 20:00,66.48,66.2,66.8,60,1.0
2025-10-27 21:00,65.97,65.6,66.5,60,1.0
2025-10-27 22:00,66.27,65.9,66.8,56,0.933
2025-10-27 23:00,67.0,66.5,67.4,54,0.9
2025-10-28 00:00,67.47,67.1,67.7,59,0.983
2025-10-28 01:00,67.64,67.3,67.9,60,1.0
2025-10-28 02:00,67.62,67.3,67.8,60,1.0
2025-10-28 03:00,67.58,67.3,67.8,60,1.0
2025-10-28 04:00,67.51,67.3,67.7,60,1.0
2025-10-28 05:00,67.44,67.1,67.7,60,1.0
2025-10-28 06:00,67.31,67.0,67.6,60,1.0
2025-10-28 07:00,67.19,66.9,67.4,60,1.0
2025-10-28 08:00,67.07,66.8,67.4,60,1.0
2025-10-28 09:00,67.05,66.8,67.3,60,1.0
2025-10-28 10:00,66.95,66.6,67.2,60,1.0
2025-10-28 11:00,66.88,66.6,67.1,60,1.0
2025-10-28 12:00,66.77,66.5,67.0,60,1.0
2025-10-28 13:00,66.72,66.4,66.9,60,1.0
2025-10-28 14:00,66.62,66.3,66.9,60,1.0
2025-10-28 15:00,66.56,66.3,66.7,60,1.0
2025-10-28 16:00,66.44,66.1,66.7,60,1.0
2025-10-28 17:00,66.35,66.1,66.6,60,1.0
2025-10-28 18:00,66.35,66.0,66.6,60,1.0
2025-10-28 19:00,66.2,65.9,66.4,60,1.0
2025-10-28 20:00,66.19,65.9,66.4,60,1.0
2025-10-28 21:00,66.1,65.8,66.3,60,1.0
2025-10-28 22:00,66.01,65.7,66.2,60,1.0
2025-10-28 23:00,65.92,65.6,66.2,60,1.0
2025-10-29 00:00,65.84,65.6,66.2,60,1.0
2025-10-29 01:00,65.86,65.6,66.1,60,1.0
2025-10-29 02:00,65.81,65.1,66.1,60,1.0
2025-10-29 03:00,65.73,65.4,65.9,60,1.0
2025-10-29 04:00,65.67,65.3,65.9,60,1.0
2025-10-29 05:00,65.53,65.2,65.8,60,1.0
2025-10-29 06:00,65.52,65.3,65.8,60,1.0
2025-10-29 07:00,65.47,65.2,65.7,60,1.0
2025-10-29 08:00,65.42,65.2,65.9,60,1.0
2025-10-29 09:00,65.41,65.1,65.6,54,0.9
2025-10-29 10:00,65.4,65.1,65.7,54,0.9
2025-10-29 11:00,65.38,65.0,65.7,52,0.867
2025-10-29 12:00,65.32,65.0,65.6,60,1.0
2025-10-29 13:00,65.26,65.0,65.5,60,1.0
2025-10-29 14:00,65.14,64.9,65.4,60,1.0
2025-10-29 15:00,65.08,64.8,65.3,60,1.0
2025-10-29 16:00,65.04,64.8,65.3,60,1.0
2025-10-29 17:00,64.94,64.7,65.3,60,1.0
2025-10-29 18:00,64.92,64.6,65.2,60,1.0
2025-10-29 19:00,64.89,64.6,65.1,60,1.0
2025-10-29 20:00,64.81,64.5,65.1,60,1.0
2025-10-29 21:00,64.73,64.5,65.0,60,1.0
2025-10-29 22:00,64.69,64.4,65.0,60,1.0
2025-10-29 23:00,64.65,64.4,64.9,60,1.0
2025-10-30 00:00,64.58,64.3,64.9,60,1.0
2025-10-30 01:00,64.53,64.2,64.8,60,1.0
2025-10-30 02:00,64.49,64.2,64.8,60,1.0
2025-10-30 03:00,64.47,64.1,64.7,60,1.0
2025-10-30 04:00,64.41,64.1,64.7,60,1.0
2025-10-30 05:00,64.4,64.1,64.6,60,1.0
2025-10-30 06:00,64.36,64.1,64.6,60,1.0
2025-10-30 07:00,64.32,64.0,64.5,60,1.0
2025-10-30 08:00,64.26,64.0,64.6,59,0.983
2025-10-30 09:00,64.25,64.0,64.5,60,1.0
2025-10-30 10:00,64.19,63.9,64.4,60,1.0
2025-10-30 11:00,64.08,63.8,64.4,60,1.0
2025-10-30 12:00,64.08,63.7,64.3,60,1.0
2025-10-30 13:00,63.98,63.7,64.3,60,1.0
2025-10-30 14:00,63.99,63.7,64.2,60,1.0
2025-10-30 15:00,63.87,63.6,64.1,59,0.983
2025-10-30 16:00,63.85,63.6,64.1,60,1.0
2025-10-30 17:00,63.73,63.5,64.0,60,1.0
2025-10-30 18:00,63.72,63.4,63.9,59,0.983
2025-10-30 19:00,63.71,63.5,64.0,60,1.0
2025-10-30 20:00,63.66,63.3,63.9,60,1.0
2025-10-30 21:00,63.62,63.4,63.9,60,1.0
2025-10-30 22:00,63.57,63.3,63.8,60,1.0
2025-10-30 23:00,63.56,63.3,64.0,60,1.0
2025-10-31 00:00,63.51,63.2,64.0,60,1.0
2025-10-31 01:00,63.46,63.2,63.7,60,1.0
2025-10-31 02:00,63.38,63.0,63.7,60,1.0
2025-10-31 03:00,63.16,62.9,63.4,60,1.0
2025-10-31 04:00,63.21,62.9,63.5,60,1.0
2025-10-31 05:00,63.29,63.0,63.5,60,1.0
2025-10-31 06:00,63.37,63.2,63.5,6,0.1
2025-11-03 20:00,63.4,63.2,63.6,5,0.083
2025-11-03 21:00,63.45,63.1,63.7,60,1.0
2025-11-03 22:00,63.37,63.1,63.6,60,1.0
2025-11-03 23:00,63.31,63.0,63.5,60,1.0
2025-11-04 00:00,63.24,62.9,63.5,60,1.0
2025-11-04 01:00,63.2,62.8,63.4,60,1.0
2025-11-04 02:00,63.11,62.8,63.3,60,1.0
2025-11-04 03:00,63.06,62.8,63.3,60,1.0
2025-11-04 04:00,62.94,62.6,63.2,60,1.0
2025-11-04 05:00,62.86,62.6,63.1,58,0.967
2025-11-04 06:00,62.73,62.5,63.0,59,0.983
2025-11-04 07:00,62.64,62.4,62.8,60,1.0
2025-11-04 08:00,62.51,62.2,62.7,60,1.0
2025-11-04 09:00,62.38,62.0,62.6,60,1.0
2025-11-04 10:00,62.2,61.9,62.4,60,1.0
2025-11-04 11:00,62.08,61.8,62.3,60,1.0
2025-11-04 12:00,61.97,61.7,62.3,60,1.0
2025-11-04 13:00,61.86,61.6,62.1,60,1.0
2025-11-04 14:00,61.77,61.5,62.0,60,1.0
2025-11-04 15:00,61.68,61.4,61.9,60,1.0
2025-11-04 16:00,61.6,61.3,61.9,60,1.0
2025-11-04 17:00,61.56,61.2,61.8,60,1.0
2025-11-04 18:00,61.48,61.2,61.7,60,1.0
2025-11-04 19:00,61.4,61.1,61.7,60,1.0
2025-11-04 20:00,61.35,61.1,61.6,60,1.0
2025-11-04 21:00,61.26,61.0,61.5,60,1.0
2025-11-04 22:00,61.16,60.9,61.4,59,0.983
2025-11-04 23:00,61.12,60.8,61.4,60,1.0
2025-11-05 00:00,61.07,60.9,61.3,59,0.983
2025-11-05 01:00,60.99,60.7,61.2,59,0.983
2025-11-05 02:00,60.92,60.7,61.1,60,1.0
2025-11-05 03:00,60.87,60.6,61.1,48,0.8
2025-11-05 04:00,60.79,60.6,61.0,59,0.983
2025-11-05 05:00,60.78,60.6,61.1,49,0.817
2025-11-05 06:00,60.75,60.4,61.0,46,0.767
2025-11-05 07:00,60.68,60.3,61.0,59,0.983
2025-11-05 08:00,60.59,60.4,60.8,50,0.833
2025-11-05 09:00,60.49,60.2,60.7,51,0.85
2025-11-05 10:00,60.39,60.2,60.6,56,0.933
2025-11-05 11:00,60.27,60.0,60.5,54,0.9
2025-11-05 12:00,60.2,60.0,60.4,58,0.967
2025-11-05 13:00,60.2,60.0,60.5,46,0.767
2025-11-05 14:00,60.15,59.9,60.4,58,0.967
2025-11-05 15:00,60.12,59.8,60.4,60,1.0
2025-11-05 16:00,60.04,59.8,60.3,60,1.0
2025-11-05 17:00,60.03,59.8,60.2,59,0.983
2025-11-05 18:00,59.98,59.7,60.2,60,1.0
2025-11-05 19:00,59.94,59.7,60.2,59,0.983
2025-11-05 20:00,59.95,59.7,60.2,59,0.983
2025-11-05 21:00,59.93,59.7,60.1,60,1.0
2025-11-05 22:00,59.85,59.6,60.2,60,1.0
2025-11-05 23:00,59.82,59.6,60.0,60,1.0
2025-11-06 00:00,59.79,59.6,60.1,60,1.0
2025-11-06 01:00,59.75,59.5,60.0,58,0.967
2025-11-06 02:00,59.71,59.4,60.0,60,1.0
2025-11-06 03:00,59.64,59.4,59.9,60,1.0
2025-11-06 04:00,59.65,59.4,59.9,60,1.0
2025-11-06 05:00,59.59,59.2,59.8,60,1.0
2025-11-06 06:00,59.56,59.3,59.8,60,1.0
2025-11-06 07:00,59.54,59.3,59.8,60,1.0
2025-11-06 08:00,59.51,59.2,59.7,60,1.0
2025-11-06 09:00,59.37,59.2,59.6,60,1.0
2025-11-06 10:00,59.36,59.1,59.6,60,1.0
2025-11-06 11:00,59.25,59.0,59.5,60,1.0
2025-11-06 12:00,59.21,59.0,59.4,60,1.0
2025-11-06 13:00,59.2,58.9,59.4,60,1.0
2025-11-06 14:00,59.18,59.0,59.4,60,1.0
2025-11-06 15:00,59.17,58.8,59.4,60,1.0
2025-11-06 16:00,59.11,58.9,59.4,60,1.0
2025-11-06 17:00,59.1,58.9,59.3,60,1.0
2025-11-06 18:00,59.13,58.9,59.3,60,1.0
2025-11-06 19:00,59.11,58.8,59.4,59,0.983
2025-11-06 20:00,59.09,58.8,59.3,59,0.983
2025-11-06 21:00,59.06,58.8,59.3,60,1.0
2025-11-06 22:00,59.02,58.8,59.2,60,1.0
2025-11-06 23:00,59.02,58.8,59.2,60,1.0
2025-11-07 00:00,59.0,58.7,59.2,60,1.0
2025-11-07 01:00,58.95,58.7,59.2,60,1.0
2025-11-07 02:00,58.94,58.7,59.1,60,1.0
2025-11-07 03:00,58.96,58.7,59.2,60,1.0
2025-11-07 04:00,58.91,58.6,59.1,59,0.983
2025-11-07 05:00,58.88,58.6,59.1,60,1.0
2025-11-07 06:00,58.9,58.7,59.1,60,1.0
2025-11-07 07:00,58.84,58.6,59.1,60,1.0
2025-11-07 08:00,58.79,58.5,59.1,60,1.0
2025-11-07 09:00,58.77,58.4,59.2,59,0.983
2025-11-07 10:00,58.7,58.4,58.9,60,1.0
2025-11-07 11:00,58.61,58.4,58.9,60,1.0
2025-11-07 12:00,58.54,58.3,58.8,60,1.0
2025-11-07 13:00,58.52,58.3,58.8,60,1.0
2025-11-07 14:00,58.47,58.2,58.7,60,1.0
2025-11-07 15:00,58.5,58.2,58.7,60,1.0
2025-11-07 16:00,58.51,58.2,58.7,60,1.0
2025-11-07 17:00,58.49,58.3,58.7,60,1.0
2025-11-07 18:00,58.48,58.2,58.8,60,1.0
2025-11-07 19:00,58.46,58.2,58.7,60,1.0
2025-11-07 20:00,58.47,58.2,58.7,50,0.833
2025-11-07 21:00,57.98,57.6,58.7,56,0.933
2025-11-07 22:00,58.49,57.9,59.2,59,0.983
2025-11-07 23:00,60.1,59.0,61.1,60,1.0
2025-11-08 00:00,61.64,60.8,62.4,60,1.0
2025-11-08 01:00,62.62,62.0,63.0,60,1.0
2025-11-08 02:00,63.07,62.7,63.3,60,1.0
2025-11-08 03:00,63.25,62.9,63.5,60,1.0
2025-11-08 04:00,63.33,63.0,63.6,60,1.0
2025-11-08 05:00,63.29,63.0,63.5,60,1.0
2025-11-08 06:00,63.27,63.0,63.5,60,1.0
2025-11-08 07:00,63.18,62.9,63.5,60,1.0
2025-11-08 08:00,63.04,62.6,63.4,60,1.0
2025-11-08 09:00,62.92,62.6,63.2,60,1.0
2025-11-08 10:00,62.98,62.7,63.2,60,1.0
2025-11-08 11:00,63.02,62.6,63.3,60,1.0
2025-11-08 12:00,62.99,62.7,63.3,60,1.0
2025-11-08 13:00,62.97,62.7,63.2,60,1.0
2025-11-08 14:00,62.93,62.6,63.2,60,1.0
2025-11-08 15:00,62.84,62.6,63.1,60,1.0
2025-11-08 16:00,62.5,62.2,62.7,60,1.0
2025-11-08 17:00,62.58,62.3,62.8,60,1.0
2025-11-08 18:00,62.41,61.9,62.9,59,0.983
2025-11-08 19:00,63.21,62.5,63.8,60,1.0
2025-11-08 20:00,64.09,63.7,64.5,60,1.0
2025-11-08 21:00,64.43,64.1,64.7,60,1.0
2025-11-08 22:00,64.59,64.1,65.3,38,0.633
2025-11-08 23:00,72.08,65.3,75.5,24,0.4
2025-11-09 00:00,75.5,75.0,75.8,31,0.517
2025-11-09 01:00,75.25,74.6,75.6,21,0.35
2025-11-09 02:00,75.0,74.9,75.1,2,0.033
2025-11-09 03:00,73.92,73.6,74.6,31,0.517
2025-11-09 04:00,73.24,72.6,73.7,57,0.95
2025-11-09 05:00,72.6,72.0,73.0,60,1.0
2025-11-09 06:00,72.0,71.6,72.4,60,1.0
2025-11-09 07:00,71.45,71.0,71.8,60,1.0
2025-11-09 08:00,70.97,70.6,71.4,60,1.0
2025-11-09 09:00,70.62,70.1,70.9,60,1.0
2025-11-09 10:00,70.23,69.9,70.6,60,1.0
2025-11-09 11:00,69.92,69.7,70.1,60,1.0
2025-11-09 12:00,69.62,69.2,69.9,60,1.0
2025-11-09 13:00,69.31,69.0,69.5,59,0.983
2025-11-09 14:00,69.03,68.7,69.4,60,1.0
2025-11-09 15:00,68.8,68.4,69.1,60,1.0
2025-11-09 16:00,68.56,68.2,68.8,60,1.0
2025-11-09 17:00,68.33,68.1,68.6,60,1.0
2025-11-09 18:00,68.11,67.8,68.3,60,1.0
2025-11-09 19:00,67.93,67.6,68.2,58,0.967
2025-11-09 20:00,67.7,67.4,68.0,59,0.983
2025-11-09 21:00,67.53,67.2,67.8,59,0.983
2025-11-09 22:00,67.39,67.0,67.6,60,1.0
2025-11-09 23:00,67.21,66.8,67.4,60,1.0
2025-11-10 00:00,67.1,66.8,67.3,60,1.0
2025-11-10 01:00,66.94,66.7,67.2,60,1.0
2025-11-10 02:00,66.82,66.5,67.2,60,1.0
2025-11-10 03:00,66.69,66.4,67.0,60,1.0
2025-11-10 04:00,66.6,66.3,66.9,60,1.0
2025-11-10 05:00,66.44,66.2,66.7,60,1.0
2025-11-10 06:00,66.33,66.1,66.5,48,0.8
2025-11-10 07:00,66.27,66.0,66.5,53,0.883
2025-11-10 08:00,66.11,65.8,66.4,51,0.85
2025-11-10 09:00,66.04,65.8,66.3,60,1.0
2025-11-10 10:00,65.94,65.6,66.2,60,1.0
2025-11-10 11:00,65.83,65.6,66.1,60,1.0
2025-11-10 12:00,65.77,65.5,66.0,60,1.0
2025-11-10 13:00,65.61,65.3,65.9,60,1.0
2025-11-10 14:00,65.53,65.2,65.8,60,1.0
2025-11-10 15:00,65.47,65.2,65.7,60,1.0
2025-11-10 16:00,65.37,65.1,65.6,60,1.0
2025-11-10 17:00,65.31,65.0,65.5,60,1.0
2025-11-10 18:00,65.23,64.9,65.5,60,1.0
2025-11-10 19:00,65.14,64.9,65.3,60,1.0
2025-11-10 20:00,65.07,64.7,65.3,58,0.967
2025-11-10 21:00,64.96,64.7,65.2,60,1.0
2025-11-10 22:00,64.94,64.6,65.2,59,0.983
2025-11-10 23:00,64.85,64.5,65.1,60,1.0
2025-11-11 00:00,64.78,64.4,65.1,60,1.0
2025-11-11 01:00,64.75,64.5,64.9,60,1.0
2025-11-11 02:00,64.64,64.3,64.9,60,1.0
2025-11-11 03:00,64.56,64.3,64.8,60,1.0
2025-11-11 04:00,64.59,64.3,64.8,59,0.983
2025-11-11 05:00,64.52,64.3,64.8,59,0.983
2025-11-11 06:00,64.49,64.2,64.7,58,0.967
2025-11-11 07:00,64.39,64.1,64.6,59,0.983
2025-11-11 08:00,64.35,64.1,64.6,60,1.0
2025-11-11 09:00,64.29,63.9,64.5,60,1.0
2025-11-11 10:00,64.24,64.0,64.5,60,1.0
2025-11-11 11:00,64.21,64.0,64.4,59,0.983
2025-11-11 12:00,64.15,63.8,64.4,60,1.0
2025-11-11 13:00,64.07,63.8,64.4,60,1.0
2025-11-11 14:00,63.99,63.8,64.2,60,1.0
2025-11-11 15:00,63.97,63.7,64.2,60,1.0
2025-11-11 16:00,63.91,63.5,64.1,60,1.0
2025-11-11 17:00,63.89,63.6,64.1,60,1.0
2025-11-11 18:00,63.82,63.6,64.0,60,1.0
2025-11-11 19:00,63.79,63.5,64.1,60,1.0
2025-11-11 20:00,63.71,63.4,63.9,60,1.0
2025-11-11 21:00,63.68,63.3,63.9,60,1.0
2025-11-11 22:00,63.65,63.4,63.9,60,1.0
2025-11-11 23:00,63.61,63.4,63.8,60,1.0
2025-11-12 00:00,63.56,63.3,63.7,60,1.0
2025-11-12 01:00,63.54,63.2,63.7,60,1.0
2025-11-12 02:00,63.45,63.1,63.7,60,1.0
2025-11-12 03:00,63.42,63.2,63.6,60,1.0
2025-11-12 04:00,63.37,63.1,63.7,60,1.0
2025-11-12 05:00,63.36,63.0,63.6,60,1.0
2025-11-12 06:00,63.26,63.0,63.6,60,1.0
2025-11-12 07:00,63.25,63.0,63.5,60,1.0
2025-11-12 08:00,63.19,62.9,63.4,60,1.0
2025-11-12 09:00,63.14,62.9,63.4,60,1.0
2025-11-12 10:00,63.12,62.8,63.4,60,1.0
2025-11-12 11:00,63.05,62.8,63.3,60,1.0
2025-11-12 12:00,63.02,62.8,63.2,60,1.0
2025-11-12 13:00,63.02,62.8,63.2,60,1.0
2025-11-12 14:00,62.96,62.6,63.3,59,0.983
2025-11-12 15:00,62.91,62.7,63.2,60,1.0
2025-11-12 16:00,62.89,62.6,63.1,60,1.0
2025-11-12 17:00,62.87,62.6,63.1,59,0.983
2025-11-12 18:00,62.84,62.5,63.1,60,1.0
2025-11-12 19:00,62.79,62.4,63.0,60,1.0
2025-11-12 20:00,62.74,62.5,63.0,60,1.0
2025-11-12 21:00,62.72,62.5,62.9,60,1.0
2025-11-12 22:00,62.68,62.4,63.0,60,1.0
2025-11-12 23:00,62.63,62.4,62.9,46,0.767
2025-11-13 00:00,62.61,62.3,62.9,54,0.9
2025-11-13 01:00,62.57,62.3,62.8,56,0.933
2025-11-13 02:00,62.56,62.3,62.8,60,1.0
2025-11-13 03:00,62.48,62.2,62.7,60,1.0
2025-11-13 04:00,62.45,62.2,62.7,60,1.0
2025-11-13 05:00,62.46,62.2,62.7,60,1.0
2025-11-13 06:00,62.38,62.1,62.6,60,1.0
2025-11-13 07:00,62.35,62.0,62.6,60,1.0
2025-11-13 08:00,62.32,62.0,62.6,60,1.0
2025-11-13 09:00,62.26,61.9,62.5,60,1.0
2025-11-13 10:00,62.23,62.0,62.5,60,1.0
2025-11-13 11:00,62.16,61.9,62.4,60,1.0
2025-11-13 12:00,62.13,61.9,62.3,60,1.0
2025-11-13 13:00,62.1,61.8,62.3,60,1.0
2025-11-13 14:00,62.07,61.8,62.4,60,1.0
2025-11-13 15:00,62.06,61.8,62.3,60,1.0
2025-11-13 16:00,62.06,61.8,62.3,60,1.0
2025-11-13 17:00,62.02,61.8,62.3,60,1.0
2025-11-13 18:00,62.02,61.8,62.3,60,1.0
2025-11-13 19:00,62.0,61.7,62.2,60,1.0
2025-11-13 20:00,61.96,61.7,62.3,60,1.0
2025-11-13 21:00,61.94,61.6,62.1,60,1.0
2025-11-13 22:00,61.93,61.6,62.2,60,1.0
2025-11-13 23:00,61.88,61.6,62.1,60,1.0
2025-11-14 00:00,61.89,61.6,62.2,60,1.0
2025-11-14 01:00,61.88,61.6,62.1,60,1.0
2025-11-14 02:00,61.82,61.6,62.1,60,1.0
2025-11-14 03:00,61.82,61.5,62.0,60,1.0
2025-11-14 04:00,61.76,61.5,62.0,60,1.0
2025-11-14 05:00,61.72,61.4,62.0,60,1.0
2025-11-14 06:00,61.72,61.5,61.9,60,1.0
2025-11-14 07:00,61.7,61.5,61.9,53,0.883
2025-11-14 08:00,61.67,61.4,61.9,50,0.833
2025-11-14 09:00,61.6,61.3,61.9,60,1.0
2025-11-14 10:00,61.59,61.3,61.8,60,1.0
2025-11-14 11:00,61.56,61.3,61.8,59,0.983
2025-11-14 12:00,61.48,61.2,61.7,60,1.0
2025-11-14 13:00,61.48,61.2,61.8,60,1.0
2025-11-14 14:00,61.45,61.1,61.7,60,1.0
2025-11-14 15:00,61.44,61.1,61.7,60,1.0
2025-11-14 16:00,61.42,61.2,61.6,60,1.0
2025-11-14 17:00,61.42,61.2,61.7,60,1.0
2025-11-14 18:00,61.41,61.0,61.6,59,0.983
2025-11-14 19:00,61.35,61.2,61.5,59,0.983
2025-11-14 20:00,61.35,61.0,61.5,60,1.0
2025-11-14 21:00,61.31,61.1,61.6,59,0.983
2025-11-14 22:00,61.32,61.0,61.7,58,0.967
2025-11-14 23:00,61.27,60.9,61.5,60,1.0
2025-11-15 00:00,61.2,60.9,61.4,60,1.0
2025-11-15 01:00,61.19,60.9,61.4,59,0.983
2025-11-15 02:00,61.18,60.9,61.4,59,0.983
2025-11-15 03:00,61.16,60.8,61.4,60,1.0
2025-11-15 04:00,61.07,60.8,61.3,60,1.0
2025-11-15 05:00,61.09,60.9,61.3,60,1.0
2025-11-15 06:00,61.04,60.8,61.5,60,1.0
2025-11-15 07:00,61.06,60.8,61.3,60,1.0
2025-11-15 08:00,61.0,60.8,61.2,60,1.0
2025-11-15 09:00,60.97,60.7,61.2,60,1.0
2025-11-15 10:00,60.91,60.6,61.1,60,1.0
2025-11-15 11:00,60.9,60.6,61.1,60,1.0
2025-11-15 12:00,60.85,60.6,61.1,60,1.0
2025-11-15 13:00,60.84,60.5,61.1,60,1.0
2025-11-15 14:00,60.82,60.5,61.0,60,1.0
2025-11-15 15:00,60.8,60.5,61.0,60,1.0
2025-11-15 16:00,60.75,60.5,60.9,60,1.0
2025-11-15 17:00,60.73,60.4,60.9,60,1.0
2025-11-15 18:00,60.73,60.4,61.0,60,1.0
2025-11-15 19:00,60.7,60.5,60.9,60,1.0
2025-11-15 20:00,60.66,60.4,60.9,60,1.0
2025-11-15 21:00,60.65,60.3,60.9,60,1.0
2025-11-15 22:00,60.6,60.4,60.8,60,1.0
2025-11-15 23:00,60.58,60.3,60.8,60,1.0
2025-11-16 00:00,60.57,60.3,60.8,60,1.0
2025-11-16 01:00,60.53,60.2,60.9,60,1.0
2025-11-16 02:00,60.5,60.3,60.8,60,1.0
2025-11-16 03:00,60.52,60.2,60.8,60,1.0
2025-11-16 04:00,60.48,60.2,60.7,60,1.0
2025-11-16 05:00,60.46,60.2,60.7,59,0.983
2025-11-16 06:00,60.41,60.1,60.7,58,0.967
2025-11-16 07:00,60.42,60.1,60.6,57,0.95
2025-11-16 08:00,60.34,60.1,60.6,60,1.0
2025-11-16 09:00,60.3,60.1,60.5,60,1.0
2025-11-16 10:00,60.26,60.0,60.5,60,1.0
2025-11-16 11:00,60.25,60.0,60.5,60,1.0
2025-11-16 12:00,60.24,60.0,60.5,60,1.0
2025-11-16 13:00,60.21,59.9,60.4,59,0.983
2025-11-16 14:00,60.19,59.9,60.4,60,1.0
2025-11-16 15:00,60.12,59.9,60.4,60,1.0
2025-11-16 16:00,60.12,59.9,60.4,60,1.0
2025-11-16 17:00,60.12,59.8,60.4,60,1.0
2025-11-16 18:00,60.1,59.8,60.3,59,0.983
2025-11-16 19:00,60.05,59.8,60.3,60,1.0
2025-11-16 20:00,60.04,59.8,60.3,60,1.0
2025-11-16 21:00,59.97,59.7,60.2,60,1.0
2025-11-16 22:00,59.95,59.7,60.2,60,1.0
2025-11-16 23:00,59.92,59.7,60.1,60,1.0
2025-11-17 00:00,59.87,59.6,60.1,60,1.0
2025-11-17 01:00,59.84,59.5,60.0,59,0.983
2025-11-17 02:00,59.84,59.5,60.0,59,0.983
2025-11-17 03:00,59.8,59.5,60.1,60,1.0
2025-11-17 04:00,59.77,59.5,60.0,60,1.0
2025-11-17 05:00,59.78,59.5,60.0,60,1.0
2025-11-17 06:00,59.75,59.5,60.0,59,0.983
2025-11-17 07:00,59.76,59.5,59.9,60,1.0
2025-11-17 08:00,59.74,59.4,59.9,59,0.983
2025-11-17 09:00,59.68,59.3,59.9,52,0.867
2025-11-17 10:00,59.63,59.4,59.9,56,0.933
2025-11-17 11:00,59.64,59.4,59.8,52,0.867
2025-11-17 12:00,59.55,59.4,59.8,50,0.833
2025-11-17 13:00,59.55,59.3,59.8,55,0.917
2025-11-17 14:00,59.53,59.3,59.7,53,0.883
2025-11-17 15:00,59.5,59.2,59.7,50,0.833
2025-11-17 16:00,59.47,59.2,59.7,57,0.95
2025-11-17 17:00,59.42,59.1,59.7,60,1.0
2025-11-17 18:00,59.39,59.2,59.6,59,0.983
2025-11-17 19:00,59.41,59.1,59.6,57,0.95
2025-11-17 20:00,59.39,59.1,59.6,47,0.783
2025-11-17 21:00,59.35,59.1,59.6,57,0.95
2025-11-17 22:00,59.31,59.1,59.6,54,0.9
2025-11-17 23:00,59.29,59.0,59.5,55,0.917
2025-11-18 00:00,59.24,59.0,59.5,50,0.833
2025-11-18 01:00,59.28,59.0,59.5,60,1.0
2025-11-18 02:00,59.21,59.0,59.5,54,0.9
2025-11-18 03:00,59.23,59.0,59.4,53,0.883
2025-11-18 04:00,59.24,59.0,59.5,51,0.85
2025-11-18 05:00,59.23,59.0,59.4,56,0.933
2025-11-18 06:00,59.23,59.0,59.4,60,1.0
2025-11-18 07:00,59.2,58.9,59.4,60,1.0
2025-11-18 08:00,59.14,58.4,59.4,60,1.0
2025-11-18 09:00,58.62,58.0,58.9,60,1.0
2025-11-18 10:00,69.57,58.1,81.9,60,1.0
2025-11-18 11:00,81.77,80.8,82.7,59,0.983
2025-11-18 12:00,80.04,79.2,81.0,60,1.0
2025-11-18 13:00,78.32,77.4,79.4,60,1.0
2025-11-18 14:00,76.74,76.0,77.5,60,1.0
2025-11-18 15:00,75.5,74.8,76.2,60,1.0
2025-11-18 16:00,74.59,74.0,75.1,60,1.0
2025-11-18 17:00,73.81,73.3,74.5,60,1.0
2025-11-18 18:00,73.21,72.7,73.6,60,1.0
2025-11-18 19:00,72.69,72.2,73.1,59,0.983
2025-11-18 20:00,72.09,71.5,72.6,60,1.0
2025-11-18 21:00,72.33,71.5,72.8,58,0.967
2025-11-18 22:00,72.52,72.1,72.9,59,0.983
2025-11-18 23:00,72.14,71.4,72.5,60,1.0
2025-11-19 00:00,71.95,71.4,72.3,60,1.0
2025-11-19 01:00,72.08,71.8,72.4,59,0.983
2025-11-19 02:00,71.93,71.6,72.2,60,1.0
2025-11-19 03:00,71.76,71.3,72.2,60,1.0
2025-11-19 04:00,71.46,71.2,71.8,59,0.983
2025-11-19 05:00,71.16,70.8,71.5,60,1.0
2025-11-19 06:00,70.97,70.6,71.3,60,1.0
2025-11-19 07:00,70.77,70.4,71.1,60,1.0
2025-11-19 08:00,70.57,70.2,70.8,60,1.0
2025-11-19 09:00,70.4,70.1,70.7,60,1.0
2025-11-19 10:00,70.22,70.0,70.6,60,1.0
2025-11-19 11:00,70.02,69.7,70.3,59,0.983
2025-11-19 12:00,69.81,69.5,70.0,60,1.0
2025-11-19 13:00,69.67,69.3,70.0,60,1.0
2025-11-19 14:00,69.51,69.1,69.7,60,1.0
2025-11-19 15:00,69.31,68.9,69.6,60,1.0
2025-11-19 16:00,69.04,68.8,69.3,60,1.0
2025-11-19 17:00,69.07,68.8,69.3,60,1.0
2025-11-19 18:00,70.31,68.3,72.0,37,0.617
2025-11-19 19:00,72.38,72.0,72.7,60,1.0
2025-11-19 20:00,72.19,71.8,72.6,60,1.0
2025-11-19 21:00,71.82,71.3,72.2,60,1.0
2025-11-19 22:00,71.43,71.0,71.8,60,1.0
2025-11-19 23:00,71.1,70.7,71.4,60,1.0
2025-11-20 00:00,70.76,70.4,71.2,60,1.0
2025-11-20 01:00,70.53,70.2,70.8,60,1.0
2025-11-20 02:00,70.33,70.0,70.6,60,1.0
2025-11-20 03:00,70.1,69.9,70.4,60,1.0
2025-11-20 04:00,69.93,69.5,70.2,60,1.0
2025-11-20 05:00,69.78,69.4,70.1,60,1.0
2025-11-20 06:00,69.6,69.3,69.9,60,1.0
2025-11-20 07:00,69.47,69.1,69.7,60,1.0
2025-11-20 08:00,69.32,69.0,69.7,48,0.8
2025-11-20 09:00,69.22,68.9,69.5,47,0.783
2025-11-20 10:00,69.06,68.7,69.4,48,0.8
2025-11-20 11:00,68.92,68.6,69.3,56,0.933
2025-11-20 12:00,68.84,68.5,69.1,45,0.75
2025-11-20 13:00,68.68,68.4,68.9,58,0.967
2025-11-20 14:00,68.59,68.3,68.9,58,0.967
2025-11-20 15:00,68.54,68.2,68.8,51,0.85
2025-11-20 16:00,68.19,67.7,68.7,34,0.567
2025-11-20 17:00,68.53,67.8,69.2,44,0.733
2025-11-20 18:00,69.92,69.0,70.5,58,0.967
2025-11-20 19:00,70.35,70.1,70.7,60,1.0
2025-11-20 20:00,70.18,69.5,71.7,59,0.983
2025-11-20 21:00,72.89,71.8,73.5,42,0.7
2025-11-20 22:00,73.14,72.7,73.5,48,0.8
2025-11-20 23:00,72.69,72.3,73.1,53,0.883
2025-11-21 00:00,72.27,71.8,72.6,58,0.967
2025-11-21 01:00,71.7,71.3,72.2,56,0.933
2025-11-21 02:00,71.34,70.8,71.8,60,1.0
2025-11-21 03:00,72.74,71.5,73.5,60,1.0
2025-11-21 04:00,73.46,73.2,73.8,20,0.333
2025-11-21 05:00,73.55,73.2,74.0,32,0.533
2025-11-21 06:00,73.1,72.7,73.5,51,0.85
2025-11-21 07:00,72.61,71.8,73.1,37,0.617
2025-11-21 08:00,72.29,71.8,73.3,50,0.833
2025-11-21 09:00,73.73,73.0,74.4,48,0.8
2025-11-21 10:00,75.15,74.2,75.8,36,0.6
2025-11-21 12:00,74.63,74.0,75.1,13,0.217
2025-11-21 13:00,74.1,74.1,74.1,1,0.017
2025-11-21 15:00,73.2,73.2,73.2,1,0.017
2025-11-21 16:00,72.66,72.4,73.0,28,0.467
2025-11-21 17:00,72.23,71.6,73.1,59,0.983
2025-11-21 18:00,73.01,72.6,73.4,16,0.267
2025-11-21 19:00,72.51,72.1,73.1,42,0.7
2025-11-21 20:00,72.57,72.2,72.9,55,0.917
2025-11-21 21:00,72.57,72.2,72.8,41,0.683
2025-11-21 22:00,72.7,72.7,72.7,1,0.017
2025-11-21 23:00,72.29,72.0,72.5,17,0.283
2025-11-22 00:00,71.97,71.8,72.2,20,0.333
2025-11-22 01:00,71.66,70.9,72.4,52,0.867
2025-11-22 09:00,74.0,73.6,74.4,44,0.733
2025-11-22 10:00,73.95,73.6,74.2,11,0.183
2025-11-22 11:00,73.52,73.3,73.7,6,0.1
2025-11-22 12:00,72.96,72.7,73.4,24,0.4
2025-11-22 13:00,72.91,72.5,73.1,47,0.783
2025-11-22 14:00,72.86,72.3,73.4,58,0.967
2025-11-22 15:00,73.45,73.0,73.7,15,0.25
2025-11-22 16:00,73.42,73.3,73.6,4,0.067
2025-11-22 17:00,72.78,72.6,72.9,5,0.083
2025-11-22 19:00,72.48,72.2,72.8,13,0.217
2025-11-22 20:00,72.24,71.9,72.6,55,0.917
2025-11-22 21:00,71.93,71.6,72.2,59,0.983
2025-11-22 22:00,71.65,71.3,72.0,60,1.0
2025-11-22 23:00,71.39,71.1,71.7,60,1.0
2025-11-23 00:00,71.13,70.8,71.4,60,1.0
2025-11-23 01:00,70.89,70.7,71.2,60,1.0
2025-11-23 02:00,70.69,70.4,71.0,60,1.0
2025-11-23 03:00,70.46,70.2,70.7,60,1.0
2025-11-23 04:00,70.23,69.9,70.5,49,0.817
2025-11-23 05:00,70.06,69.7,70.4,56,0.933
2025-11-23 06:00,69.88,69.5,70.3,60,1.0
2025-11-23 07:00,69.75,69.5,70.0,60,1.0
2025-11-23 08:00,69.57,69.2,69.9,59,0.983
2025-11-23 09:00,69.39,69.1,69.7,60,1.0
2025-11-23 10:00,69.26,69.0,69.5,59,0.983
2025-11-23 11:00,69.16,68.9,69.4,46,0.767
2025-11-23 12:00,69.02,68.8,69.3,47,0.783
2025-11-23 13:00,68.92,68.6,69.2,60,1.0
2025-11-23 14:00,68.83,68.6,69.1,60,1.0
2025-11-23 15:00,68.68,68.4,68.9,60,1.0
2025-11-23 16:00,68.56,68.3,68.8,60,1.0
2025-11-23 17:00,68.44,68.1,68.7,60,1.0
2025-11-23 18:00,68.36,68.1,68.6,60,1.0
2025-11-23 19:00,68.26,67.9,68.4,60,1.0
2025-11-23 20:00,68.15,67.9,68.4,59,0.983
2025-11-23 21:00,68.04,67.7,68.2,60,1.0
2025-11-23 22:00,67.92,67.5,68.1,59,0.983
2025-11-23 23:00,67.86,67.5,68.1,60,1.0
2025-11-24 00:00,67.8,67.5,68.0,60,1.0
2025-11-24 01:00,67.72,67.5,67.9,60,1.0
2025-11-24 02:00,67.65,67.3,67.9,60,1.0
2025-11-24 03:00,67.56,67.3,67.9,59,0.983
2025-11-24 04:00,67.54,67.2,67.8,58,0.967
2025-11-24 05:00,67.48,67.2,67.7,60,1.0
2025-11-24 06:00,67.22,66.8,67.6,60,1.0
2025-11-24 07:00,67.32,67.0,67.5,45,0.75
2025-11-24 08:00,67.69,67.1,68.1,28,0.467
2025-11-24 09:00,69.11,67.9,69.8,54,0.9
2025-11-24 10:00,69.94,69.3,70.4,55,0.917
2025-11-24 11:00,69.84,69.2,70.4,57,0.95
2025-11-24 12:00,71.21,70.0,71.8,51,0.85
2025-11-24 13:00,71.78,70.8,72.9,60,1.0
2025-11-24 14:00,77.08,72.8,79.7,53,0.883
2025-11-24 15:00,79.65,79.2,80.0,42,0.7
2025-11-24 16:00,79.12,78.6,79.5,42,0.7
2025-11-24 17:00,78.11,77.5,78.6,46,0.767
2025-11-24 18:00,77.85,77.3,78.2,57,0.95
2025-11-24 19:00,77.52,77.0,78.1,57,0.95
2025-11-24 20:00,76.47,75.6,77.2,51,0.85
2025-11-24 21:00,75.91,75.4,76.3,56,0.933
2025-11-24 22:00,75.73,75.2,76.2,51,0.85
2025-11-24 23:00,75.18,74.8,75.7,45,0.75
2025-11-25 00:00,74.65,74.3,75.2,48,0.8
2025-11-25 01:00,74.15,73.8,74.4,42,0.7
2025-11-25 02:00,73.7,73.3,74.0,50,0.833
2025-11-25 03:00,73.3,73.0,73.8,46,0.767
2025-11-25 04:00,72.8,71.7,73.3,42,0.7
2025-11-25 05:00,74.61,73.2,75.4,43,0.717
2025-11-25 06:00,75.21,74.7,75.7,47,0.783
2025-11-25 07:00,75.42,75.0,75.7,45,0.75
2025-11-25 08:00,74.87,74.5,75.4,42,0.7
2025-11-25 09:00,74.53,74.2,74.9,43,0.717
2025-11-25 10:00,74.15,73.8,74.5,42,0.7
2025-11-25 11:00,73.7,73.3,74.1,48,0.8
2025-11-25 12:00,73.38,72.7,73.7,39,0.65
2025-11-25 13:00,72.98,72.6,73.2,47,0.783
2025-11-25 14:00,72.8,72.5,73.1,49,0.817
2025-11-25 15:00,72.26,71.4,73.0,47,0.783
2025-11-25 16:00,74.37,72.9,76.9,48,0.8
2025-11-25 17:00,78.83,77.2,79.3,58,0.967
2025-11-25 18:00,78.9,78.5,79.1,60,1.0
2025-11-25 19:00,78.58,78.0,79.3,60,1.0
2025-11-25 20:00,79.41,78.9,79.8,51,0.85
2025-11-25 21:00,78.56,77.9,79.2,57,0.95
2025-11-25 22:00,77.5,77.1,77.9,58,0.967
2025-11-25 23:00,77.13,76.6,77.5,60,1.0
2025-11-26 00:00,76.58,76.1,77.0,59,0.983
2025-11-26 01:00,75.93,75.4,76.4,60,1.0
2025-11-26 02:00,75.35,74.9,75.8,60,1.0
2025-11-26 03:00,74.86,74.3,75.3,60,1.0
2025-11-26 04:00,74.36,73.9,74.8,60,1.0
2025-11-26 05:00,73.93,73.5,74.3,59,0.983
2025-11-26 06:00,73.2,72.3,73.8,60,1.0
2025-11-26 07:00,73.25,72.9,73.6,60,1.0
2025-11-26 08:00,73.52,73.2,73.9,60,1.0
2025-11-26 09:00,73.38,73.0,73.6,60,1.0
2025-11-26 10:00,73.19,72.8,73.5,60,1.0
2025-11-26 11:00,73.01,72.7,73.2,59,0.983
2025-11-26 12:00,72.65,72.3,73.0,59,0.983
2025-11-26 13:00,72.39,72.1,72.7,60,1.0
2025-11-26 14:00,72.05,71.6,72.4,60,1.0
2025-11-26 15:00,71.63,71.1,72.0,60,1.0
2025-11-26 16:00,71.63,71.2,72.0,60,1.0
2025-11-26 17:00,71.76,71.4,72.0,58,0.967
2025-11-26 18:00,71.76,71.4,72.0,60,1.0
2025-11-26 19:00,71.65,71.3,71.9,60,1.0
2025-11-26 20:00,71.13,70.6,71.7,60,1.0
2025-11-26 21:00,72.36,71.2,73.2,59,0.983
2025-11-26 22:00,73.29,72.7,73.8,60,1.0
2025-11-26 23:00,73.6,73.2,73.8,60,1.0
2025-11-27 00:00,73.34,72.9,73.7,60,1.0
2025-11-27 01:00,73.06,72.5,73.4,60,1.0
2025-11-27 02:00,72.76,72.4,73.0,60,1.0
2025-11-27 03:00,72.46,72.2,72.8,60,1.0
2025-11-27 04:00,72.22,71.9,72.5,60,1.0
2025-11-27 05:00,71.97,71.7,72.3,60,1.0
2025-11-27 06:00,71.79,71.5,72.1,60,1.0
2025-11-27 07:00,71.6,71.2,71.9,60,1.0
2025-11-27 08:00,71.44,71.1,71.7,60,1.0
2025-11-27 09:00,71.26,71.1,71.5,60,1.0
2025-11-27 10:00,71.04,70.8,71.3,60,1.0
2025-11-27 11:00,70.93,70.6,71.2,60,1.0
2025-11-27 12:00,70.73,70.4,71.0,60,1.0
2025-11-27 13:00,70.63,70.3,70.9,59,0.983
2025-11-27 14:00,70.46,70.1,70.7,60,1.0
2025-11-27 15:00,70.3,69.9,70.6,60,1.0
2025-11-27 16:00,70.17,69.8,70.4,60,1.0
2025-11-27 17:00,70.01,69.6,70.3,60,1.0
2025-11-27 18:00,69.91,69.6,70.1,60,1.0
2025-11-27 19:00,69.77,69.5,70.0,59,0.983
2025-11-27 20:00,69.66,69.3,69.9,59,0.983
2025-11-27 21:00,69.54,69.2,69.8,60,1.0
2025-11-27 22:00,69.44,69.1,69.6,60,1.0
2025-11-27 23:00,69.34,69.0,69.6,60,1.0
2025-11-28 00:00,69.22,69.0,69.5,60,1.0
2025-11-28 01:00,69.14,68.9,69.3,60,1.0
2025-11-28 02:00,69.02,68.7,69.2,60,1.0
2025-11-28 03:00,68.96,68.6,69.3,59,0.983
2025-11-28 04:00,68.85,68.6,69.1,59,0.983
2025-11-28 05:00,68.8,68.6,69.0,57,0.95
2025-11-28 06:00,68.68,68.4,68.9,45,0.75
2025-11-28 07:00,68.56,68.3,68.8,60,1.0
2025-11-28 08:00,68.5,68.1,68.7,60,1.0
2025-11-28 09:00,68.44,68.1,68.7,60,1.0
2025-11-28 10:00,68.36,68.1,68.6,60,1.0
2025-11-28 11:00,68.31,68.1,68.6,60,1.0
2025-11-28 12:00,68.27,68.1,68.5,58,0.967
2025-11-28 13:00,68.2,68.0,68.4,54,0.9
2025-11-28 14:00,68.19,67.9,68.4,58,0.967
2025-11-28 15:00,68.06,67.8,68.2,52,0.867
2025-11-28 16:00,67.96,67.6,68.2,57,0.95
2025-11-28 17:00,67.92,67.7,68.1,57,0.95
2025-11-28 18:00,67.82,67.5,68.0,44,0.733
2025-11-28 19:00,67.76,67.5,68.0,60,1.0
2025-11-28 20:00,67.76,67.4,68.0,60,1.0
2025-11-28 21:00,67.69,67.4,67.9,60,1.0
2025-11-28 22:00,67.59,67.3,67.8,60,1.0
2025-11-28 23:00,67.57,67.3,67.8,60,1.0
2025-11-29 00:00,67.47,67.2,67.7,56,0.933
2025-11-29 01:00,67.44,67.2,67.7,60,1.0
2025-11-29 02:00,67.4,67.1,67.6,60,1.0
2025-11-29 03:00,67.33,67.1,67.6,60,1.0
2025-11-29 04:00,67.31,67.0,67.6,59,0.983
2025-11-29 05:00,67.23,66.9,67.5,60,1.0
2025-11-29 06:00,67.21,67.0,67.5,60,1.0
2025-11-29 07:00,67.16,66.9,67.3,59,0.983
2025-11-29 08:00,67.09,66.8,67.4,60,1.0
2025-11-29 09:00,67.1,66.8,67.3,60,1.0
2025-11-29 10:00,67.13,66.9,67.4,60,1.0
2025-11-29 11:00,67.09,66.9,67.3,60,1.0
2025-11-29 12:00,67.01,66.7,67.3,59,0.983
2025-11-29 13:00,67.0,66.7,67.3,59,0.983
2025-11-29 14:00,66.9,66.7,67.2,60,1.0
2025-11-29 15:00,66.9,66.6,67.2,60,1.0
2025-11-29 16:00,66.83,66.5,67.1,60,1.0
2025-11-29 17:00,66.81,66.5,67.0,60,1.0
2025-11-29 18:00,66.74,66.5,67.0,60,1.0
2025-11-29 19:00,66.68,66.4,66.9,60,1.0
2025-11-29 20:00,66.63,66.3,66.9,60,1.0
2025-11-29 21:00,66.62,66.3,66.8,60,1.0
2025-11-29 22:00,66.62,66.3,66.9,60,1.0
2025-11-29 23:00,66.53,66.2,66.8,60,1.0
2025-11-30 00:00,66.48,66.2,66.8,60,1.0
2025-11-30 01:00,66.46,66.2,66.7,60,1.0
2025-11-30 02:00,66.42,66.1,66.7,60,1.0
2025-11-30 03:00,66.4,66.1,66.6,60,1.0
2025-11-30 04:00,66.39,66.0,66.5,60,1.0
2025-11-30 05:00,66.35,66.0,66.6,60,1.0
2025-11-30 06:00,66.32,66.1,66.5,60,1.0
2025-11-30 07:00,66.27,66.0,66.5,60,1.0
2025-11-30 08:00,66.24,66.0,66.4,56,0.933
2025-11-30 09:00,66.18,65.9,66.4,60,1.0
2025-11-30 10:00,66.21,65.9,66.5,60,1.0
2025-11-30 11:00,66.18,65.9,66.4,60,1.0
2025-11-30 12:00,66.16,65.9,66.4,60,1.0
2025-11-30 13:00,66.14,65.9,66.4,60,1.0
2025-11-30 14:00,66.13,65.8,66.4,60,1.0
2025-11-30 15:00,66.07,65.8,66.3,60,1.0
2025-11-30 16:00,66.07,65.8,66.3,60,1.0
2025-11-30 17:00,66.06,65.8,66.3,60,1.0
2025-11-30 18:00,66.01,65.8,66.2,59,0.983
2025-11-30 19:00,65.98,65.7,66.2,43,0.717
2025-11-30 20:00,65.97,65.7,66.2,52,0.867
2025-11-30 21:00,65.91,65.6,66.2,59,0.983
2025-11-30 22:00,65.87,65.6,66.1,60,1.0
2025-11-30 23:00,65.86,65.6,66.1,60,1.0
2025-12-01 00:00,65.83,65.5,66.1,60,1.0
2025-12-01 01:00,65.8,65.6,66.0,60,1.0
2025-12-01 02:00,65.76,65.4,66.1,60,1.0
2025-12-01 03:00,65.71,65.4,66.0,60,1.0
2025-12-01 04:00,65.7,65.5,65.9,60,1.0
2025-12-01 05:00,65.68,65.4,65.9,60,1.0
2025-12-01 06:00,65.65,65.4,65.9,60,1.0
2025-12-01 07:00,65.6,65.3,65.9,60,1.0
2025-12-01 08:00,65.57,65.3,65.8,60,1.0
2025-12-01 09:00,65.55,65.3,65.8,60,1.0
2025-12-01 10:00,65.52,65.3,65.8,60,1.0
2025-12-01 11:00,65.53,65.2,65.8,60,1.0
2025-12-01 12:00,65.52,65.2,65.7,60,1.0
2025-12-01 13:00,65.49,65.2,65.7,59,0.983
2025-12-01 14:00,65.47,65.2,65.7,60,1.0
2025-12-01 15:00,65.5,65.2,65.7,60,1.0
2025-12-01 16:00,65.47,65.1,65.7,60,1.0
2025-12-01 17:00,65.45,65.2,65.7,60,1.0
2025-12-01 18:00,65.44,65.1,65.6,60,1.0
2025-12-01 19:00,65.41,65.1,65.6,60,1.0
2025-12-01 20:00,65.4,65.1,65.6,59,0.983
2025-12-01 21:00,65.38,65.1,65.6,60,1.0
2025-12-01 22:00,65.33,65.1,65.6,60,1.0
2025-12-01 23:00,64.94,64.5,65.4,58,0.967
2025-12-02 00:00,64.94,64.7,65.3,60,1.0
2025-12-02 01:00,65.15,64.9,65.4,60,1.0
2025-12-02 02:00,65.29,65.0,65.5,60,1.0
2025-12-02 03:00,65.35,65.1,65.5,60,1.0
2025-12-02 04:00,65.19,64.8,65.6,60,1.0
2025-12-02 05:00,65.94,65.3,66.4,60,1.0
2025-12-02 06:00,66.67,66.3,67.0,60,1.0
2025-12-02 07:00,66.97,66.7,67.2,60,1.0
2025-12-02 08:00,67.01,66.6,67.2,59,0.983
2025-12-02 09:00,66.59,66.1,67.1,53,0.883
2025-12-02 10:00,69.7,66.7,74.1,60,1.0
2025-12-02 11:00,75.57,74.2,76.6,60,1.0
2025-12-02 12:00,76.41,76.0,76.7,60,1.0
2025-12-02 13:00,75.85,75.4,76.4,59,0.983
2025-12-02 14:00,74.95,73.9,75.7,60,1.0
2025-12-02 15:00,75.4,74.3,76.1,60,1.0
2025-12-02 16:00,76.17,75.7,76.6,60,1.0
2025-12-02 17:00,75.91,75.5,76.2,57,0.95
2025-12-02 18:00,75.65,75.1,76.1,60,1.0
2025-12-02 19:00,75.18,74.7,75.5,60,1.0
2025-12-02 20:00,74.49,74.0,75.1,60,1.0
2025-12-02 21:00,74.48,73.9,75.1,60,1.0
2025-12-02 22:00,74.71,74.2,75.0,60,1.0
2025-12-02 23:00,74.31,73.8,74.7,60,1.0
2025-12-03 00:00,73.89,73.5,74.3,60,1.0
2025-12-03 01:00,73.53,73.1,74.0,60,1.0
2025-12-03 02:00,73.16,72.7,73.5,59,0.983
2025-12-03 03:00,72.86,72.5,73.1,58,0.967
2025-12-03 04:00,72.6,72.3,72.9,59,0.983
2025-12-03 05:00,72.31,71.9,72.7,60,1.0
2025-12-03 06:00,72.05,71.7,72.3,60,1.0
2025-12-03 07:00,71.77,71.4,72.1,60,1.0
2025-12-03 08:00,71.59,71.3,71.8,60,1.0
2025-12-03 09:00,71.37,71.0,71.6,60,1.0
2025-12-03 10:00,71.21,70.9,71.5,59,0.983
2025-12-03 11:00,71.03,70.7,71.3,60,1.0
2025-12-03 12:00,70.81,70.5,71.1,60,1.0
2025-12-03 13:00,70.64,70.4,70.9,60,1.0
2025-12-03 14:00,70.48,70.2,70.7,60,1.0
2025-12-03 15:00,70.31,70.0,70.6,60,1.0
2025-12-03 16:00,70.18,69.9,70.5,60,1.0
2025-12-03 17:00,70.06,69.7,70.4,60,1.0
2025-12-03 18:00,69.91,69.6,70.2,60,1.0
2025-12-03 19:00,69.78,69.6,70.0,60,1.0
2025-12-03 20:00,69.68,69.4,69.9,59,0.983
2025-12-03 21:00,69.52,69.2,69.8,60,1.0
2025-12-03 22:00,69.41,69.1,69.6,60,1.0
2025-12-03 23:00,69.32,69.0,69.6,60,1.0
2025-12-04 00:00,69.17,68.8,69.4,60,1.0
2025-12-04 01:00,69.09,68.7,69.3,60,1.0
2025-12-04 02:00,69.0,68.8,69.3,60,1.0
2025-12-04 03:00,68.94,68.6,69.1,60,1.0
2025-12-04 04:00,68.86,68.6,69.1,60,1.0
2025-12-04 05:00,68.75,68.4,69.0,60,1.0
2025-12-04 06:00,68.66,68.3,68.9,60,1.0
2025-12-04 07:00,68.6,68.3,68.9,60,1.0
2025-12-04 08:00,68.51,68.2,68.8,60,1.0
2025-12-04 09:00,68.46,68.2,68.6,60,1.0
2025-12-04 10:00,68.42,68.2,68.7,57,0.95
2025-12-04 11:00,68.39,68.1,68.6,54,0.9
2025-12-04 12:00,68.33,68.1,68.5,51,0.85
2025-12-04 13:00,68.3,68.0,68.6,48,0.8
2025-12-04 14:00,68.21,67.9,68.5,51,0.85
2025-12-04 15:00,68.11,67.8,68.4,60,1.0
2025-12-04 16:00,68.04,67.8,68.3,60,1.0
2025-12-04 17:00,67.96,67.6,68.2,60,1.0
2025-12-04 18:00,67.95,67.6,68.3,60,1.0
2025-12-04 19:00,67.86,67.6,68.1,60,1.0
2025-12-04 20:00,67.78,67.5,68.1,60,1.0
2025-12-04 21:00,67.68,67.4,67.9,60,1.0
2025-12-04 22:00,67.53,67.3,67.8,60,1.0
2025-12-04 23:00,67.54,67.3,67.7,60,1.0
2025-12-05 00:00,67.32,66.8,67.7,57,0.95
2025-12-05 09:00,70.71,70.6,70.8,11,0.183
2025-12-05 10:00,70.61,70.2,70.8,60,1.0
2025-12-05 11:00,70.43,70.2,70.8,59,0.983
2025-12-05 12:00,70.27,70.0,70.5,56,0.933
2025-12-05 13:00,70.11,69.8,70.3,60,1.0
2025-12-05 14:00,69.98,69.6,70.4,60,1.0
2025-12-05 15:00,69.8,69.5,70.0,60,1.0
2025-12-05 16:00,69.69,69.4,69.9,59,0.983
2025-12-05 17:00,69.58,69.3,69.8,60,1.0
2025-12-05 18:00,69.46,69.2,69.7,60,1.0
2025-12-05 19:00,69.31,69.0,69.5,60,1.0
2025-12-05 20:00,69.22,68.9,69.5,59,0.983
2025-12-05 21:00,69.12,68.9,69.3,58,0.967
2025-12-05 22:00,69.02,68.8,69.2,53,0.883
2025-12-05 23:00,68.9,68.6,69.1,48,0.8
2025-12-06 00:00,68.84,68.5,69.1,54,0.9
2025-12-06 01:00,68.71,68.4,69.0,55,0.917
2025-12-06 02:00,68.64,68.4,68.8,58,0.967
2025-12-06 03:00,68.57,68.2,68.8,58,0.967
2025-12-06 04:00,68.46,68.2,68.7,60,1.0
2025-12-06 05:00,68.36,68.1,68.7,60,1.0
2025-12-06 06:00,68.33,68.1,68.6,60,1.0
2025-12-06 07:00,68.27,68.0,68.5,60,1.0
2025-12-06 08:00,68.14,67.9,68.4,60,1.0
2025-12-06 09:00,68.1,67.8,68.3,54,0.9
2025-12-06 10:00,68.03,67.7,68.3,51,0.85
2025-12-06 11:00,67.97,67.7,68.2,46,0.767
2025-12-06 12:00,67.93,67.7,68.2,60,1.0
2025-12-06 13:00,67.89,67.6,68.1,60,1.0
2025-12-06 14:00,67.83,67.6,68.1,58,0.967
2025-12-06 15:00,67.78,67.4,68.0,56,0.933
2025-12-06 16:00,67.73,67.5,67.9,48,0.8
2025-12-06 17:00,67.67,67.4,67.9,59,0.983
2025-12-06 18:00,67.63,67.4,67.9,60,1.0
2025-12-06 19:00,67.61,67.3,67.8,60,1.0
2025-12-06 20:00,67.54,67.3,67.8,59,0.983
2025-12-06 21:00,67.47,67.1,67.7,60,1.0
2025-12-06 22:00,67.33,67.1,67.5,60,1.0
2025-12-06 23:00,67.35,67.1,67.6,60,1.0
2025-12-07 00:00,67.28,67.0,67.5,60,1.0
2025-12-07 01:00,67.23,67.0,67.5,60,1.0
2025-12-07 02:00,67.23,66.9,67.5,60,1.0
2025-12-07 03:00,67.18,66.9,67.4,60,1.0
2025-12-07 04:00,67.13,66.9,67.3,60,1.0
2025-12-07 05:00,67.1,66.8,67.3,60,1.0
2025-12-07 06:00,67.05,66.8,67.2,60,1.0
2025-12-07 07:00,67.03,66.7,67.4,60,1.0
2025-12-07 08:00,66.97,66.7,67.2,60,1.0
2025-12-07 09:00,66.93,66.7,67.2,60,1.0
2025-12-07 10:00,66.89,66.7,67.2,60,1.0
2025-12-07 11:00,66.83,66.5,67.1,60,1.0
2025-12-07 12:00,66.82,66.6,67.2,60,1.0
2025-12-07 13:00,66.79,66.5,67.1,60,1.0
2025-12-07 14:00,66.79,66.6,67.0,60,1.0
2025-12-07 15:00,66.71,66.5,67.0,60,1.0
2025-12-07 16:00,66.68,66.4,66.9,60,1.0
2025-12-07 17:00,66.72,66.3,66.9,60,1.0
2025-12-07 18:00,66.66,66.4,66.9,60,1.0
2025-12-07 19:00,66.62,66.4,66.9,60,1.0
2025-12-07 20:00,66.58,66.3,66.8,60,1.0
2025-12-07 21:00,66.56,66.2,66.8,60,1.0
2025-12-07 22:00,66.52,66.3,66.7,60,1.0
2025-12-07 23:00,66.47,66.2,66.8,60,1.0
2025-12-08 00:00,66.42,66.2,66.6,59,0.983
2025-12-08 01:00,66.38,66.1,66.6,59,0.983
2025-12-08 02:00,66.36,66.0,66.6,60,1.0
2025-12-08 03:00,66.3,66.0,66.6,60,1.0
2025-12-08 04:00,66.29,66.0,66.5,60,1.0
2025-12-08 05:00,66.3,66.1,66.5,60,1.0
2025-12-08 06:00,66.2,65.9,66.4,60,1.0
2025-12-08 07:00,66.17,65.9,66.4,50,0.833
2025-12-08 08:00,66.12,65.8,66.3,56,0.933
2025-12-08 09:00,66.13,65.8,66.3,56,0.933
2025-12-08 10:00,66.09,65.9,66.3,46,0.767
2025-12-08 11:00,66.09,65.8,66.3,55,0.917
2025-12-08 12:00,66.06,65.8,66.3,60,1.0
2025-12-08 13:00,66.06,65.8,66.3,60,1.0
2025-12-08 14:00,66.05,65.7,66.3,59,0.983
2025-12-08 15:00,66.0,65.7,66.2,56,0.933
2025-12-08 16:00,66.0,65.9,66.2,56,0.933
2025-12-08 17:00,65.97,65.6,66.1,57,0.95
2025-12-08 18:00,65.94,65.7,66.1,59,0.983
2025-12-08 19:00,65.89,65.6,66.1,58,0.967
2025-12-08 20:00,65.88,65.6,66.1,60,1.0
2025-12-08 21:00,65.83,65.6,66.0,60,1.0
2025-12-08 22:00,65.81,65.5,66.0,49,0.817
2025-12-08 23:00,65.78,65.5,66.1,45,0.75
2025-12-09 00:00,65.74,65.5,65.9,60,1.0
2025-12-09 01:00,65.71,65.5,66.1,60,1.0
2025-12-09 02:00,65.67,65.4,65.9,59,0.983
2025-12-09 03:00,65.64,65.3,65.9,60,1.0
2025-12-09 04:00,65.6,65.3,65.8,60,1.0
2025-12-09 05:00,65.61,65.3,65.9,60,1.0
2025-12-09 06:00,65.57,65.3,65.7,60,1.0
2025-12-09 07:00,65.56,65.3,65.8,60,1.0
2025-12-09 08:00,65.53,65.3,65.7,60,1.0
2025-12-09 09:00,65.51,65.2,65.7,58,0.967
2025-12-09 10:00,65.48,65.1,65.7,59,0.983
2025-12-09 11:00,65.47,65.2,65.7,60,1.0
2025-12-09 12:00,65.46,65.2,65.7,60,1.0
2025-12-09 13:00,65.47,65.3,65.6,60,1.0
2025-12-09 14:00,65.46,65.3,65.7,60,1.0
2025-12-09 15:00,65.44,65.3,65.6,60,1.0
2025-12-09 16:00,65.4,65.1,65.6,59,0.983
2025-12-09 17:00,65.42,65.2,65.6,60,1.0
2025-12-09 18:00,65.4,65.0,65.7,60,1.0
2025-12-09 19:00,65.34,65.1,65.6,60,1.0
2025-12-09 20:00,65.33,65.1,65.5,60,1.0
2025-12-09 21:00,65.29,65.0,65.6,60,1.0
2025-12-09 22:00,65.31,65.0,65.5,60,1.0
2025-12-09 23:00,65.28,65.1,65.5,60,1.0
2025-12-10 00:00,65.25,65.0,65.5,60,1.0
2025-12-10 01:00,65.2,64.9,65.5,60,1.0
2025-12-10 02:00,65.18,64.8,65.4,60,1.0
2025-12-10 03:00,65.17,64.9,65.4,60,1.0
2025-12-10 04:00,65.18,64.9,65.4,58,0.967
2025-12-10 05:00,65.13,64.8,65.3,60,1.0
2025-12-10 06:00,65.11,64.8,65.4,60,1.0
2025-12-10 07:00,65.06,64.8,65.3,60,1.0
2025-12-10 08:00,65.04,64.8,65.3,60,1.0
2025-12-10 09:00,65.08,64.8,65.3,59,0.983
2025-12-10 10:00,65.05,64.8,65.3,60,1.0
2025-12-10 11:00,65.05,64.8,65.3,60,1.0
2025-12-10 12:00,65.06,64.9,65.3,60,1.0
2025-12-10 13:00,65.08,64.8,65.3,60,1.0
2025-12-10 14:00,65.06,64.8,65.3,60,1.0
2025-12-10 15:00,65.02,64.7,65.3,59,0.983
2025-12-10 16:00,65.02,64.8,65.2,60,1.0
2025-12-10 17:00,65.01,64.7,65.2,60,1.0
2025-12-10 18:00,64.97,64.7,65.1,60,1.0
2025-12-10 19:00,64.96,64.7,65.2,60,1.0
2025-12-10 20:00,64.95,64.7,65.2,59,0.983
2025-12-10 21:00,64.9,64.6,65.1,60,1.0
2025-12-10 22:00,64.89,64.5,65.1,60,1.0
2025-12-10 23:00,64.89,64.5,65.2,60,1.0
2025-12-11 00:00,64.83,64.6,65.0,60,1.0
2025-12-11 01:00,64.84,64.5,65.1,60,1.0
2025-12-11 02:00,64.82,64.6,65.1,60,1.0
2025-12-11 03:00,64.76,64.5,65.0,60,1.0
2025-12-11 04:00,64.72,64.5,65.0,60,1.0
2025-12-11 05:00,64.74,64.5,65.0,57,0.95
2025-12-11 06:00,64.68,64.4,65.0,59,0.983
2025-12-11 07:00,64.69,64.4,64.9,59,0.983
2025-12-11 08:00,64.7,64.4,65.0,59,0.983
2025-12-11 09:00,64.68,64.4,64.9,60,1.0
2025-12-11 10:00,64.64,64.4,65.0,59,0.983
2025-12-11 11:00,64.68,64.4,64.9,60,1.0
2025-12-11 12:00,64.72,64.5,64.9,60,1.0
2025-12-11 13:00,64.73,64.4,65.0,60,1.0
2025-12-11 14:00,64.76,64.5,64.9,60,1.0
2025-12-11 15:00,64.71,64.4,64.9,60,1.0
2025-12-11 16:00,64.71,64.4,65.0,59,0.983
2025-12-11 17:00,64.7,64.4,64.9,59,0.983
2025-12-11 18:00,64.66,64.4,64.9,60,1.0
2025-12-11 19:00,64.64,64.3,64.8,60,1.0
2025-12-11 20:00,64.63,64.4,64.8,51,0.85
2025-12-11 21:00,64.59,64.3,64.8,49,0.817
2025-12-11 22:00,64.59,64.4,64.8,53,0.883
2025-12-11 23:00,64.56,64.3,64.9,47,0.783
2025-12-12 00:00,64.56,64.2,64.8,47,0.783
2025-12-12 01:00,64.52,64.3,64.7,56,0.933
2025-12-12 02:00,64.54,64.3,64.7,60,1.0
2025-12-12 03:00,64.54,64.3,64.9,60,1.0
2025-12-12 04:00,64.46,64.2,64.7,60,1.0
2025-12-12 05:00,64.48,64.2,64.7,60,1.0
2025-12-12 06:00,64.47,64.2,64.6,60,1.0
2025-12-12 07:00,64.46,64.2,64.6,60,1.0
2025-12-12 08:00,64.42,64.2,64.6,60,1.0
2025-12-12 09:00,64.43,64.1,64.6,60,1.0
2025-12-12 10:00,64.42,64.2,64.6,60,1.0
2025-12-12 11:00,64.46,64.2,64.7,60,1.0
2025-12-12 12:00,64.41,64.1,64.7,60,1.0
2025-12-12 13:00,64.41,64.2,64.7,60,1.0
2025-12-12 14:00,64.4,64.1,64.6,60,1.0
2025-12-12 15:00,64.43,64.2,64.6,60,1.0
2025-12-12 16:00,64.41,64.0,64.6,60,1.0
2025-12-12 17:00,64.39,64.1,64.7,60,1.0
2025-12-12 18:00,64.37,64.0,64.6,60,1.0
2025-12-12 19:00,64.36,64.1,64.6,59,0.983
2025-12-12 20:00,64.31,64.0,64.5,60,1.0
2025-12-12 21:00,64.31,64.0,64.6,60,1.0
2025-12-12 22:00,64.28,64.0,64.5,60,1.0
2025-12-12 23:00,64.28,64.0,64.5,60,1.0
2025-12-13 00:00,64.22,63.9,64.5,60,1.0
2025-12-13 01:00,64.17,63.8,64.4,60,1.0
2025-12-13 02:00,64.16,63.8,64.4,60,1.0
2025-12-13 03:00,64.16,63.9,64.4,60,1.0
2025-12-13 04:00,64.15,63.9,64.4,60,1.0
2025-12-13 05:00,64.08,63.8,64.3,60,1.0
2025-12-13 06:00,64.06,63.7,64.3,60,1.0
2025-12-13 07:00,64.08,63.8,64.3,60,1.0
2025-12-13 08:00,64.03,63.8,64.2,60,1.0
2025-12-13 09:00,64.02,63.7,64.3,60,1.0
2025-12-13 10:00,64.02,63.8,64.3,59,0.983
2025-12-13 11:00,64.05,63.8,64.3,60,1.0
2025-12-13 12:00,64.05,63.8,64.3,60,1.0
2025-12-13 13:00,64.07,63.8,64.3,59,0.983
2025-12-13 14:00,64.04,63.7,64.4,60,1.0
2025-12-13 15:00,64.03,63.8,64.2,60,1.0
2025-12-13 16:00,64.06,63.8,64.3,60,1.0
2025-12-13 17:00,64.01,63.7,64.3,59,0.983
2025-12-13 18:00,63.98,63.7,64.2,56,0.933
2025-12-13 19:00,63.97,63.6,64.1,49,0.817
2025-12-13 20:00,63.96,63.7,64.1,55,0.917
2025-12-13 21:00,63.92,63.6,64.1,60,1.0
2025-12-13 22:00,63.88,63.6,64.1,60,1.0
2025-12-13 23:00,63.88,63.7,64.1,59,0.983
2025-12-14 00:00,63.89,63.6,64.1,60,1.0
2025-12-14 01:00,63.79,63.5,64.1,60,1.0
2025-12-14 02:00,63.8,63.4,64.0,59,0.983
2025-12-14 03:00,63.81,63.5,64.0,58,0.967
2025-12-14 04:00,63.76,63.5,64.0,60,1.0
2025-12-14 05:00,63.78,63.5,64.0,60,1.0
2025-12-14 06:00,63.76,63.4,64.0,59,0.983
2025-12-14 07:00,63.72,63.4,63.9,60,1.0
2025-12-14 08:00,63.66,63.4,63.9,60,1.0
2025-12-14 09:00,63.66,63.3,63.9,60,1.0
2025-12-14 10:00,63.65,63.4,63.9,60,1.0
2025-12-14 11:00,63.66,63.4,63.9,60,1.0
2025-12-14 12:00,63.68,63.4,64.0,60,1.0
2025-12-14 13:00,63.68,63.4,63.9,60,1.0
2025-12-14 14:00,63.69,63.4,63.9,60,1.0
2025-12-14 15:00,63.68,63.4,63.9,60,1.0
2025-12-14 16:00,63.62,63.4,64.0,60,1.0
2025-12-14 17:00,63.62,63.4,63.9,60,1.0
2025-12-14 18:00,63.61,63.3,63.8,60,1.0
2025-12-14 19:00,63.62,63.4,63.8,60,1.0
2025-12-14 20:00,63.6,63.3,63.8,60,1.0
2025-12-14 21:00,63.59,63.3,63.8,59,0.983
2025-12-14 22:00,63.55,63.3,63.7,59,0.983
2025-12-14 23:00,63.55,63.3,63.8,60,1.0
2025-12-15 00:00,63.52,63.2,63.7,60,1.0
2025-12-15 01:00,63.5,63.1,63.7,60,1.0
2025-12-15 02:00,63.52,63.2,63.7,60,1.0
2025-12-15 03:00,63.5,63.1,63.8,60,1.0
2025-12-15 04:00,63.46,63.2,63.7,60,1.0
2025-12-15 05:00,63.42,63.2,63.7,60,1.0
2025-12-15 06:00,63.41,63.1,63.7,60,1.0
2025-12-15 07:00,63.42,63.2,63.6,60,1.0
2025-12-15 08:00,63.36,63.0,63.6,60,1.0
2025-12-15 09:00,63.33,63.0,63.6,60,1.0
2025-12-15 10:00,63.33,63.0,63.6,60,1.0
2025-12-15 11:00,63.36,63.2,63.7,60,1.0
2025-12-15 12:00,63.38,63.1,63.6,60,1.0
2025-12-15 13:00,63.41,63.2,63.6,58,0.967
2025-12-15 14:00,63.39,63.2,63.7,50,0.833
2025-12-15 15:00,63.34,63.0,63.6,54,0.9
2025-12-15 16:00,63.37,63.1,63.6,60,1.0
2025-12-15 17:00,63.35,63.1,63.5,60,1.0
2025-12-15 18:00,63.32,63.0,63.6,60,1.0
2025-12-15 19:00,63.31,63.1,63.6,60,1.0
2025-12-15 20:00,63.29,63.1,63.5,60,1.0
2025-12-15 21:00,63.32,63.1,63.6,60,1.0
2025-12-15 22:00,63.27,63.0,63.5,60,1.0
2025-12-15 23:00,63.25,63.0,63.5,60,1.0
2025-12-16 00:00,63.22,63.0,63.5,60,1.0
2025-12-16 01:00,63.22,63.0,63.5,60,1.0
2025-12-16 02:00,63.22,63.0,63.4,60,1.0
2025-12-16 03:00,63.23,62.9,63.4,60,1.0
2025-12-16 04:00,63.21,62.9,63.4,60,1.0
2025-12-16 05:00,63.2,63.0,63.4,60,1.0
2025-12-16 06:00,63.19,62.9,63.4,60,1.0
2025-12-16 07:00,63.19,62.9,63.4,59,0.983
2025-12-16 08:00,63.16,62.8,63.4,59,0.983
2025-12-16 09:00,63.12,62.9,63.4,60,1.0
2025-12-16 10:00,63.17,62.9,63.4,60,1.0
2025-12-16 11:00,63.16,62.8,63.4,60,1.0
2025-12-16 12:00,63.18,62.9,63.5,59,0.983
2025-12-16 13:00,63.15,62.9,63.3,60,1.0
2025-12-16 14:00,63.18,62.9,63.4,60,1.0
2025-12-16 15:00,63.18,63.0,63.4,60,1.0
2025-12-16 16:00,63.12,62.8,63.4,60,1.0
2025-12-16 17:00,62.98,62.6,63.2,60,1.0
2025-12-16 18:00,62.91,62.7,63.2,60,1.0
2025-12-16 19:00,62.93,62.7,63.2,58,0.967
2025-12-16 20:00,62.97,62.7,63.2,50,0.833
2025-12-16 21:00,63.1,62.9,63.3,49,0.817
2025-12-16 22:00,63.1,62.8,63.3,40,0.667
2025-12-16 23:00,62.99,62.7,63.2,39,0.65
2025-12-17 00:00,62.92,62.4,63.3,36,0.6
2025-12-17 01:00,62.92,62.6,63.2,57,0.95
2025-12-17 02:00,63.44,63.2,63.8,60,1.0
2025-12-17 03:00,63.83,63.5,64.2,60,1.0
2025-12-17 04:00,64.01,63.7,64.2,60,1.0
2025-12-17 05:00,64.14,63.9,64.3,60,1.0
2025-12-17 06:00,64.16,64.0,64.4,60,1.0
2025-12-17 07:00,64.08,63.8,64.3,58,0.967
2025-12-17 08:00,64.14,63.9,64.4,59,0.983
2025-12-17 09:00,64.0,63.4,64.3,60,1.0
2025-12-17 10:00,64.74,63.5,68.5,60,1.0
2025-12-17 11:00,71.57,68.7,72.8,59,0.983
2025-12-17 12:00,72.78,72.4,73.0,60,1.0
2025-12-17 13:00,72.54,72.2,72.9,60,1.0
2025-12-17 14:00,72.12,71.8,72.5,58,0.967
2025-12-17 15:00,71.75,71.3,72.1,57,0.95
2025-12-17 16:00,71.37,70.9,71.7,55,0.917
2025-12-17 17:00,70.98,70.6,71.3,40,0.667
2025-12-17 18:00,70.63,70.3,70.9,25,0.417
2025-12-17 19:00,70.4,70.0,70.7,5,0.083
2025-12-17 20:00,70.18,70.0,70.3,4,0.067
2025-12-18 08:00,68.2,68.2,68.2,1,0.017
2025-12-18 11:00,67.86,67.7,68.0,5,0.083
2025-12-18 12:00,67.88,67.8,68.0,5,0.083
2025-12-18 13:00,67.82,67.7,67.9,6,0.1
2025-12-18 14:00,67.3,67.3,67.3,1,0.017
2025-12-18 15:00,67.6,67.6,67.6,1,0.017
2025-12-18 16:00,67.65,67.6,67.7,2,0.033
2025-12-18 17:00,67.51,67.4,67.7,11,0.183
2025-12-18 18:00,67.3,67.3,67.3,1,0.017
2025-12-18 19:00,67.4,67.3,67.5,7,0.117
2025-12-18 20:00,67.3,67.3,67.3,2,0.033
2025-12-19 08:00,66.64,66.4,66.8,19,0.317
2025-12-19 09:00,66.6,66.3,66.8,48,0.8
2025-12-19 10:00,66.57,66.2,66.8,42,0.7
2025-12-19 11:00,66.54,66.3,66.7,32,0.533
2025-12-19 12:00,66.48,66.3,66.6,28,0.467
2025-12-19 13:00,66.45,66.1,66.8,40,0.667
2025-12-19 14:00,66.41,66.1,66.6,44,0.733
2025-12-19 15:00,66.39,66.2,66.6,35,0.583
2025-12-19 16:00,66.4,66.2,66.8,26,0.433
2025-12-19 17:00,66.34,66.0,66.5,14,0.233
2025-12-19 18:00,66.22,66.0,66.4,19,0.317
2025-12-19 19:00,66.27,66.1,66.5,35,0.583
2025-12-19 20:00,66.31,66.2,66.4,9,0.15
2025-12-19 21:00,66.12,66.0,66.3,4,0.067
2025-12-19 22:00,66.2,65.9,66.4,6,0.1
2025-12-19 23:00,66.2,66.2,66.2,4,0.067
2025-12-20 00:00,66.2,66.2,66.2,1,0.017
2025-12-20 01:00,66.2,66.2,66.2,1,0.017
2025-12-20 02:00,66.1,66.1,66.1,1,0.017
2025-12-20 04:00,65.93,65.9,66.0,3,0.05
2025-12-20 05:00,65.92,65.7,66.1,5,0.083
2025-12-20 06:00,65.96,65.8,66.1,14,0.233
2025-12-20 07:00,65.84,65.5,66.0,9,0.15
2025-12-20 08:00,65.8,65.6,66.0,4,0.067
2025-12-20 09:00,65.88,65.7,66.0,11,0.183
2025-12-20 10:00,65.83,65.6,66.0,46,0.767
2025-12-20 11:00,65.77,65.5,66.0,43,0.717
2025-12-20 12:00,65.81,65.4,66.0,44,0.733
2025-12-20 13:00,65.77,65.6,66.0,51,0.85
2025-12-20 14:00,65.77,65.4,66.0,54,0.9
2025-12-20 15:00,65.75,65.4,66.0,57,0.95
2025-12-20 16:00,65.73,65.5,65.9,58,0.967
2025-12-20 17:00,65.72,65.5,66.0,59,0.983
2025-12-20 18:00,65.7,65.5,65.9,45,0.75
2025-12-20 19:00,65.65,65.4,65.9,29,0.483
2025-12-20 20:00,65.6,65.6,65.6,1,0.017
2025-12-20 21:00,65.6,65.4,65.8,6,0.1
2025-12-20 22:00,65.57,65.3,65.8,27,0.45
2025-12-20 23:00,65.56,65.4,65.7,28,0.467
2025-12-21 00:00,65.55,65.2,65.8,42,0.7
2025-12-21 01:00,65.54,65.2,65.7,42,0.7
2025-12-21 02:00,65.48,65.3,65.7,52,0.867
2025-12-21 03:00,65.49,65.2,65.7,53,0.883
2025-12-21 04:00,65.42,65.2,65.7,56,0.933
2025-12-21 05:00,65.43,65.1,65.6,54,0.9
2025-12-21 06:00,65.39,65.1,65.6,53,0.883
2025-12-21 07:00,65.38,65.1,65.5,50,0.833
2025-12-21 08:00,65.33,65.0,65.6,55,0.917
2025-12-21 09:00,65.35,65.1,65.5,57,0.95
2025-12-21 10:00,65.32,65.0,65.5,58,0.967
2025-12-21 11:00,65.28,65.0,65.7,57,0.95
2025-12-21 12:00,65.28,64.9,65.5,35,0.583
2025-12-21 13:00,65.3,65.0,65.5,35,0.583
2025-12-21 14:00,65.22,65.0,65.5,44,0.733
2025-12-21 15:00,65.28,65.0,65.5,50,0.833
2025-12-21 16:00,65.22,65.0,65.4,45,0.75
2025-12-21 17:00,65.23,64.9,65.4,27,0.45
2025-12-21 18:00,65.22,65.0,65.4,20,0.333
2025-12-21 19:00,65.11,64.9,65.3,10,0.167
2025-12-21 20:00,65.11,64.9,65.3,34,0.567
2025-12-21 21:00,65.09,64.8,65.3,43,0.717
2025-12-21 22:00,65.11,64.8,65.3,45,0.75
2025-12-21 23:00,65.09,64.8,65.4,48,0.8
2025-12-22 00:00,65.09,64.8,65.3,55,0.917
2025-12-22 01:00,65.06,64.8,65.3,53,0.883
2025-12-22 02:00,65.06,64.8,65.4,57,0.95
2025-12-22 03:00,65.02,64.8,65.3,55,0.917
2025-12-22 04:00,65.02,64.8,65.3,56,0.933
2025-12-22 05:00,65.01,64.8,65.2,53,0.883
2025-12-22 06:00,64.98,64.7,65.3,56,0.933
2025-12-22 07:00,65.0,64.7,65.2,49,0.817
2025-12-22 08:00,65.02,64.8,65.2,12,0.2
2025-12-22 09:00,64.95,64.7,65.1,56,0.933
2025-12-22 10:00,64.99,64.7,65.2,59,0.983
2025-12-22 11:00,64.98,64.7,65.2,59,0.983
2025-12-22 12:00,64.98,64.7,65.2,59,0.983
2025-12-22 13:00,64.97,64.6,65.2,58,0.967
2025-12-22 14:00,64.99,64.7,65.2,60,1.0
2025-12-22 15:00,64.97,64.7,65.2,58,0.967
2025-12-22 16:00,64.95,64.7,65.2,58,0.967
2025-12-22 17:00,64.97,64.7,65.2,56,0.933
2025-12-22 18:00,64.93,64.7,65.2,54,0.9
2025-12-22 19:00,64.92,64.6,65.2,56,0.933
2025-12-22 20:00,64.9,64.6,65.1,46,0.767
2025-12-22 21:00,64.91,64.6,65.1,55,0.917
2025-12-22 22:00,64.87,64.6,65.1,49,0.817
2025-12-22 23:00,64.81,64.5,65.1,49,0.817
2025-12-23 00:00,64.83,64.6,65.1,53,0.883
2025-12-23 01:00,64.73,64.5,65.0,56,0.933
2025-12-23 02:00,64.71,64.4,64.9,57,0.95
2025-12-23 03:00,64.69,64.4,64.9,40,0.667
2025-12-23 04:00,64.69,64.4,65.0,54,0.9
2025-12-23 05:00,64.69,64.4,64.9,56,0.933
2025-12-23 06:00,64.7,64.4,65.0,60,1.0
2025-12-23 07:00,64.64,64.4,64.8,58,0.967
2025-12-23 08:00,64.62,64.3,64.8,58,0.967
2025-12-23 09:00,64.61,64.4,64.8,55,0.917
2025-12-23 10:00,64.64,64.4,64.9,59,0.983
2025-12-23 11:00,64.65,64.3,64.9,60,1.0
2025-12-23 12:00,64.61,64.4,64.8,58,0.967
2025-12-23 13:00,64.65,64.4,64.9,58,0.967
2025-12-23 14:00,64.6,64.0,64.9,58,0.967
2025-12-23 15:00,65.27,63.7,69.8,60,1.0
2025-12-23 16:00,73.41,70.4,75.1,58,0.967
2025-12-23 17:00,76.09,74.7,78.0,60,1.0
2025-12-23 18:00,78.24,77.8,78.6,58,0.967
2025-12-23 19:00,77.52,76.8,78.0,60,1.0
2025-12-23 20:00,76.63,75.8,77.1,46,0.767
2025-12-23 21:00,75.47,75.1,76.0,22,0.367
2025-12-23 22:00,75.91,75.5,76.4,50,0.833
2025-12-23 23:00,76.41,76.1,76.7,13,0.217
2025-12-24 00:00,75.85,75.2,76.2,23,0.383
2025-12-24 01:00,75.43,75.1,75.8,48,0.8
2025-12-24 02:00,75.87,75.2,76.6,37,0.617
2025-12-24 03:00,78.59,76.5,79.4,39,0.65
2025-12-24 04:00,78.82,78.0,79.4,14,0.233
2025-12-24 05:00,77.53,76.9,78.1,24,0.4
2025-12-24 06:00,76.57,76.1,77.0,39,0.65
2025-12-24 07:00,75.89,75.1,76.4,32,0.533
2025-12-24 08:00,74.99,74.5,75.4,16,0.267
2025-12-24 09:00,75.7,75.2,75.9,26,0.433
2025-12-24 10:00,75.54,75.2,76.0,40,0.667
2025-12-24 11:00,75.05,74.4,75.4,36,0.6
2025-12-24 12:00,74.09,73.7,75.0,8,0.133
2025-12-24 13:00,75.98,75.7,76.2,12,0.2
2025-12-24 14:00,75.54,75.3,76.0,18,0.3
2025-12-24 15:00,75.64,75.3,75.9,14,0.233
2025-12-24 16:00,75.47,75.4,75.6,3,0.05
2025-12-24 17:00,75.14,74.9,75.5,11,0.183
2025-12-24 18:00,74.69,74.4,75.0,19,0.317
2025-12-24 19:00,74.24,74.1,74.4,5,0.083
2025-12-24 20:00,73.74,73.5,74.0,10,0.167
2025-12-24 21:00,73.35,73.3,73.4,2,0.033
2025-12-24 23:00,73.23,73.2,73.3,3,0.05
2025-12-25 00:00,73.1,72.8,73.3,32,0.533
2025-12-25 01:00,72.86,72.5,73.1,54,0.9
2025-12-25 02:00,72.61,72.3,72.9,54,0.9
2025-12-25 03:00,72.34,72.0,72.6,56,0.933
2025-12-25 04:00,72.1,71.9,72.4,53,0.883
2025-12-25 05:00,71.87,71.6,72.0,57,0.95
2025-12-25 06:00,71.61,71.3,72.0,54,0.9
2025-12-25 07:00,71.4,71.0,71.7,58,0.967
2025-12-25 08:00,71.19,70.9,71.5,57,0.95
2025-12-25 09:00,70.99,70.7,71.3,56,0.933
2025-12-25 10:00,70.82,70.4,71.1,59,0.983
2025-12-25 11:00,70.69,70.3,71.0,60,1.0
2025-12-25 12:00,70.51,70.2,70.8,59,0.983
2025-12-25 13:00,70.42,70.1,70.7,60,1.0
2025-12-25 14:00,70.23,70.0,70.5,58,0.967
2025-12-25 15:00,70.08,69.8,70.3,60,1.0
2025-12-25 16:00,69.94,69.6,70.2,58,0.967
2025-12-25 17:00,69.78,69.5,70.0,57,0.95
2025-12-25 18:00,69.66,69.4,69.9,60,1.0
2025-12-25 19:00,69.53,69.3,69.8,60,1.0
2025-12-25 20:00,69.43,69.2,69.7,56,0.933
2025-12-25 21:00,69.31,69.1,69.5,46,0.767
2025-12-25 22:00,69.2,68.9,69.5,60,1.0
2025-12-25 23:00,69.09,68.8,69.3,54,0.9
2025-12-26 00:00,69.02,68.8,69.3,59,0.983
2025-12-26 01:00,68.92,68.7,69.1,54,0.9
2025-12-26 02:00,68.81,68.6,69.2,53,0.883
2025-12-26 03:00,68.7,68.4,68.9,57,0.95
2025-12-26 04:00,68.61,68.3,69.0,60,1.0
2025-12-26 05:00,68.54,68.3,68.8,60,1.0
2025-12-26 06:00,68.45,68.2,68.7,59,0.983
2025-12-26 07:00,68.4,68.1,68.7,60,1.0
2025-12-26 08:00,68.31,68.0,68.6,60,1.0
2025-12-26 09:00,68.26,68.0,68.5,60,1.0
2025-12-26 10:00,68.19,67.9,68.4,52,0.867
2025-12-26 11:00,68.13,67.9,68.3,37,0.617
2025-12-26 12:00,68.1,67.9,68.4,21,0.35
2025-12-26 13:00,68.01,67.8,68.2,11,0.183
2025-12-26 14:00,67.93,67.7,68.2,6,0.1
2025-12-26 15:00,67.78,67.7,68.0,5,0.083
2025-12-26 16:00,67.9,67.8,68.0,4,0.067
2025-12-26 17:00,67.84,67.6,68.0,7,0.117
2025-12-26 18:00,67.77,67.6,67.9,26,0.433
2025-12-26 19:00,67.74,67.5,67.9,38,0.633
2025-12-26 20:00,67.67,67.4,67.9,55,0.917
2025-12-26 21:00,67.61,67.3,67.8,53,0.883
2025-12-26 22:00,67.57,67.3,67.8,55,0.917
2025-12-26 23:00,67.49,67.2,67.8,49,0.817
2025-12-27 00:00,67.47,67.2,67.7,53,0.883
2025-12-27 01:00,67.43,67.2,67.6,49,0.817
2025-12-27 02:00,67.4,67.0,67.6,43,0.717
2025-12-27 03:00,67.34,67.1,67.6,41,0.683
2025-12-27 04:00,67.27,67.0,67.5,51,0.85
2025-12-27 05:00,67.25,67.0,67.4,45,0.75
2025-12-27 06:00,67.18,67.0,67.4,45,0.75
2025-12-27 07:00,67.16,66.9,67.4,42,0.7
2025-12-27 08:00,67.13,66.9,67.5,28,0.467
2025-12-27 09:00,67.11,66.9,67.3,34,0.567
2025-12-27 10:00,67.13,66.9,67.3,30,0.5
2025-12-27 11:00,67.13,66.9,67.3,32,0.533
2025-12-27 12:00,67.1,66.8,67.3,50,0.833
2025-12-27 13:00,67.07,66.8,67.3,32,0.533
2025-12-27 14:00,67.05,66.8,67.3,39,0.65
2025-12-27 15:00,67.0,66.7,67.2,34,0.567
2025-12-27 16:00,66.97,66.7,67.1,42,0.7
2025-12-27 17:00,66.94,66.6,67.1,31,0.517
2025-12-27 18:00,66.96,66.8,67.1,17,0.283
2025-12-27 19:00,66.8,66.5,67.0,20,0.333
2025-12-27 20:00,66.79,66.5,67.0,21,0.35
2025-12-27 21:00,66.78,66.6,66.9,29,0.483
2025-12-27 22:00,66.73,66.4,66.9,32,0.533
2025-12-27 23:00,66.68,66.5,66.8,21,0.35
2025-12-28 00:00,66.64,66.5,66.8,29,0.483
2025-12-28 01:00,66.64,66.5,66.8,28,0.467
2025-12-28 02:00,66.6,66.5,66.8,21,0.35
2025-12-28 03:00,66.53,66.2,66.7,27,0.45
2025-12-28 04:00,66.5,66.3,66.6,20,0.333
2025-12-28 05:00,66.46,66.2,66.6,18,0.3
2025-12-28 06:00,66.42,66.2,66.7,13,0.217
2025-12-28 07:00,66.43,66.2,66.6,14,0.233
2025-12-28 08:00,66.34,66.1,66.5,25,0.417
2025-12-28 09:00,66.31,66.1,66.5,31,0.517
2025-12-28 10:00,66.29,66.0,66.5,35,0.583
2025-12-28 11:00,66.28,66.0,66.5,45,0.75
2025-12-28 12:00,66.27,66.0,66.5,50,0.833
2025-12-28 13:00,66.24,66.0,66.4,40,0.667
2025-12-28 14:00,66.23,65.9,66.4,46,0.767
2025-12-28 15:00,66.22,66.0,66.4,59,0.983
2025-12-28 16:00,66.19,65.9,66.4,57,0.95
2025-12-28 17:00,66.14,65.8,66.4,57,0.95
2025-12-28 18:00,66.14,65.8,66.3,59,0.983
2025-12-28 19:00,66.11,65.9,66.3,57,0.95
2025-12-28 20:00,66.08,65.9,66.2,57,0.95
2025-12-28 21:00,66.06,65.8,66.3,54,0.9
2025-12-28 22:00,66.04,65.8,66.2,58,0.967
2025-12-28 23:00,66.0,65.7,66.2,54,0.9
2025-12-29 00:00,65.97,65.7,66.2,53,0.883
2025-12-29 01:00,65.98,65.7,66.2,54,0.9
2025-12-29 02:00,65.93,65.7,66.1,55,0.917
2025-12-29 03:00,65.87,65.5,66.1,57,0.95
2025-12-29 04:00,65.86,65.6,66.1,60,1.0
2025-12-29 05:00,65.84,65.6,66.1,57,0.95
2025-12-29 06:00,65.8,65.5,66.0,60,1.0
2025-12-29 07:00,65.76,65.5,66.0,58,0.967
2025-12-29 08:00,65.72,65.5,65.9,52,0.867
2025-12-29 09:00,65.73,65.5,65.9,57,0.95
2025-12-29 10:00,65.71,65.5,65.9,55,0.917
2025-12-29 11:00,65.75,65.4,65.9,55,0.917
2025-12-29 12:00,65.7,65.4,65.9,47,0.783
2025-12-29 13:00,65.67,65.4,65.9,43,0.717
2025-12-29 14:00,65.66,65.3,65.8,43,0.717
2025-12-29 15:00,65.67,65.3,65.9,53,0.883
2025-12-29 16:00,65.63,65.4,65.9,55,0.917
2025-12-29 17:00,65.62,65.4,65.8,55,0.917
2025-12-29 18:00,65.62,65.4,65.8,59,0.983
2025-12-29 19:00,65.58,65.3,65.8,59,0.983
2025-12-29 20:00,65.56,65.3,65.8,60,1.0
2025-12-29 21:00,65.56,65.3,65.8,60,1.0
2025-12-29 22:00,65.51,65.2,65.7,57,0.95
2025-12-29 23:00,65.49,65.3,65.9,60,1.0
2025-12-30 00:00,65.5,65.2,65.7,56,0.933
2025-12-30 01:00,65.47,65.2,65.6,56,0.933
2025-12-30 02:00,65.48,65.3,65.7,57,0.95
2025-12-30 03:00,65.43,65.2,65.6,57,0.95
2025-12-30 04:00,65.46,65.2,65.6,56,0.933
2025-12-30 05:00,65.42,65.3,65.6,56,0.933
2025-12-30 06:00,65.39,65.1,65.6,60,1.0
2025-12-30 07:00,65.37,65.1,65.6,59,0.983
2025-12-30 08:00,65.36,65.1,65.6,60,1.0
2025-12-30 09:00,65.34,65.1,65.5,52,0.867
2025-12-30 10:00,65.33,65.1,65.6,44,0.733
2025-12-30 11:00,65.32,65.1,65.5,51,0.85
2025-12-30 12:00,65.36,65.0,65.6,54,0.9
2025-12-30 13:00,65.4,65.1,65.6,59,0.983
2025-12-30 14:00,65.37,65.1,65.6,59,0.983
2025-12-30 15:00,65.37,65.1,65.5,59,0.983
2025-12-30 16:00,65.37,65.1,65.6,60,1.0
2025-12-30 17:00,65.32,65.1,65.6,57,0.95
2025-12-30 18:00,65.31,65.1,65.5,47,0.783
2025-12-30 19:00,65.29,65.0,65.5,39,0.65
2025-12-30 20:00,65.26,65.0,65.4,49,0.817
2025-12-30 21:00,65.25,65.0,65.5,41,0.683
2025-12-30 22:00,65.19,64.9,65.4,53,0.883
2025-12-30 23:00,65.21,64.9,65.4,49,0.817
2025-12-31 00:00,65.18,64.9,65.4,55,0.917
2025-12-31 01:00,65.14,64.8,65.5,56,0.933
2025-12-31 02:00,65.11,64.8,65.3,57,0.95
2025-12-31 03:00,65.03,64.8,65.2,44,0.733
2025-12-31 04:00,65.07,64.9,65.3,44,0.733
2025-12-31 05:00,65.09,64.7,65.3,43,0.717
2025-12-31 06:00,65.08,64.8,65.3,52,0.867
2025-12-31 07:00,65.09,64.8,65.3,47,0.783
2025-12-31 08:00,65.09,64.8,65.4,51,0.85
2025-12-31 09:00,65.08,64.8,65.3,44,0.733
2025-12-31 10:00,65.07,64.7,65.2,45,0.75
2025-12-31 11:00,65.06,64.8,65.3,41,0.683
2025-12-31 12:00,64.93,64.8,65.1,15,0.25
2025-12-31 13:00,64.86,64.7,65.1,5,0.083
2025-12-31 14:00,65.04,65.0,65.1,5,0.083
2025-12-31 15:00,64.9,64.8,65.0,10,0.167
2025-12-31 16:00,64.9,64.8,65.0,16,0.267
2025-12-31 17:00,64.87,64.6,65.1,39,0.65
2025-12-31 18:00,64.85,64.7,65.0,23,0.383
2025-12-31 19:00,64.85,64.6,65.0,43,0.717
2025-12-31 20:00,64.86,64.6,65.0,47,0.783
2025-12-31 21:00,64.83,64.6,65.2,46,0.767
2025-12-31 22:00,64.8,64.6,65.0,28,0.467
2025-12-31 23:00,64.74,64.3,64.9,48,0.8
2026-01-01 00:00,64.6,64.6,64.6,1,0.017
