time,value,min,max,n,coverage
2023-10-12 11:00,39.5,38.9,40.2,20,0.333
2023-10-12 12:00,39.27,39.0,39.6,60,1.0
2023-10-12 13:00,39.29,39.1,39.6,60,1.0
2023-10-12 14:00,39.34,39.1,39.6,60,1.0
2023-10-12 15:00,39.38,39.1,39.7,60,1.0
2023-10-12 16:00,39.36,39.2,39.7,60,1.0
2023-10-12 17:00,39.4,39.2,39.8,60,1.0
2023-10-12 18:00,39.46,39.2,39.7,60,1.0
2023-10-12 19:00,39.42,39.2,39.7,60,1.0
2023-10-12 20:00,39.42,39.2,39.7,52,0.867
2023-10-12 21:00,39.32,39.1,39.5,51,0.85
2023-10-12 22:00,39.38,39.1,39.7,60,1.0
2023-10-12 23:00,39.39,39.1,39.7,55,0.917
2023-10-13 00:00,39.38,39.1,39.6,60,1.0
2023-10-13 01:00,39.32,39.1,39.6,60,1.0
2023-10-13 02:00,39.31,39.1,39.6,60,1.0
2023-10-13 03:00,39.27,39.1,39.6,60,1.0
2023-10-13 04:00,39.33,39.1,39.6,60,1.0
2023-10-13 05:00,39.21,39.1,39.6,60,1.0
2023-10-13 06:00,39.26,39.1,39.5,60,1.0
2023-10-13 07:00,39.32,39.1,39.8,58,0.967
2023-10-13 08:00,39.24,39.1,39.6,60,1.0
2023-10-13 09:00,39.23,39.1,39.6,60,1.0
2023-10-13 10:00,39.24,39.1,39.6,60,1.0
2023-10-13 11:00,39.27,39.1,39.6,60,1.0
2023-10-13 12:00,39.3,39.1,39.5,60,1.0
2023-10-13 13:00,39.35,39.1,39.7,60,1.0
2023-10-13 14:00,39.36,39.1,39.6,60,1.0
2023-10-13 15:00,39.36,39.1,39.7,60,1.0
2023-10-13 16:00,39.31,39.1,39.7,60,1.0
2023-10-13 17:00,39.4,39.1,39.7,60,1.0
2023-10-13 18:00,39.36,39.2,39.7,60,1.0
2023-10-13 19:00,39.42,39.1,39.7,60,1.0
2023-10-13 20:00,39.44,39.2,39.7,60,1.0
2023-10-13 21:00,39.42,39.1,39.8,60,1.0
2023-10-13 22:00,39.35,39.1,39.6,60,1.0
2023-10-13 23:00,39.39,39.1,39.6,60,1.0
2023-10-14 00:00,39.33,39.1,39.7,60,1.0
2023-10-14 01:00,39.25,39.1,39.5,60,1.0
2023-10-14 02:00,39.2,39.0,39.5,60,1.0
2023-10-14 03:00,39.16,39.0,39.4,59,0.983
2023-10-14 04:00,39.15,39.0,39.4,60,1.0
2023-10-14 05:00,39.2,39.0,39.5,60,1.0
2023-10-14 06:00,39.19,39.0,39.5,60,1.0
2023-10-14 07:00,39.12,38.9,39.5,60,1.0
2023-10-14 08:00,39.13,38.9,39.4,60,1.0
2023-10-14 09:00,39.12,38.9,39.4,60,1.0
2023-10-14 10:00,39.12,38.9,39.5,60,1.0
2023-10-14 11:00,39.14,38.9,39.5,60,1.0
2023-10-14 12:00,39.17,39.0,39.4,60,1.0
2023-10-14 13:00,39.14,39.0,39.5,60,1.0
2023-10-14 14:00,39.16,39.0,39.5,60,1.0
2023-10-14 15:00,39.15,39.0,39.6,60,1.0
2023-10-14 16:00,39.22,39.0,39.5,60,1.0
2023-10-14 17:00,39.24,39.0,39.5,60,1.0
2023-10-14 18:00,39.16,39.0,39.5,60,1.0
2023-10-14 19:00,39.22,39.0,39.5,60,1.0
2023-10-14 20:00,39.22,39.0,39.5,60,1.0
2023-10-14 21:00,39.23,38.9,39.6,60,1.0
2023-10-14 22:00,39.21,39.0,39.6,60,1.0
2023-10-14 23:00,39.19,38.9,39.5,58,0.967
2023-10-15 00:00,39.07,38.9,39.3,49,0.817
2023-10-15 01:00,39.04,38.9,39.4,59,0.983
2023-10-15 02:00,38.99,38.8,39.3,60,1.0
2023-10-15 03:00,39.0,38.8,39.4,60,1.0
2023-10-15 04:00,38.94,38.8,39.3,60,1.0
2023-10-15 05:00,38.97,38.8,39.3,59,0.983
2023-10-15 06:00,38.96,38.8,39.2,60,1.0
2023-10-15 07:00,39.0,38.8,39.3,59,0.983
2023-10-15 08:00,38.94,38.8,39.2,49,0.817
2023-10-15 09:00,38.95,38.8,39.2,51,0.85
2023-10-15 10:00,38.97,38.8,39.3,50,0.833
2023-10-15 11:00,38.96,38.8,39.2,51,0.85
2023-10-15 12:00,39.03,38.8,39.4,60,1.0
2023-10-15 13:00,39.03,38.8,39.3,60,1.0
2023-10-15 14:00,39.03,38.8,39.3,59,0.983
2023-10-15 15:00,39.05,38.9,39.4,55,0.917
2023-10-15 16:00,39.1,38.9,39.4,52,0.867
2023-10-15 17:00,39.1,38.9,39.4,51,0.85
2023-10-15 18:00,39.06,38.9,39.4,60,1.0
2023-10-15 19:00,39.12,38.9,39.5,53,0.883
2023-10-15 20:00,39.17,38.9,39.4,45,0.75
2023-10-15 21:00,39.11,38.9,39.4,46,0.767
2023-10-15 22:00,39.05,38.8,39.4,51,0.85
2023-10-15 23:00,39.01,38.8,39.3,52,0.867
2023-10-16 00:00,39.04,38.8,39.4,60,1.0
2023-10-16 01:00,39.01,38.8,39.3,53,0.883
2023-10-16 02:00,38.93,38.8,39.3,48,0.8
2023-10-16 03:00,38.95,38.8,39.2,60,1.0
2023-10-16 04:00,38.9,38.7,39.2,60,1.0
2023-10-16 05:00,38.9,38.7,39.2,60,1.0
2023-10-16 06:00,38.87,38.7,39.2,60,1.0
2023-10-16 07:00,39.0,38.7,39.4,60,1.0
2023-10-16 08:00,39.14,38.9,39.4,60,1.0
2023-10-16 09:00,39.23,39.0,39.5,60,1.0
2023-10-16 10:00,39.22,39.0,39.6,60,1.0
2023-10-16 11:00,39.17,39.0,39.5,60,1.0
2023-10-16 12:00,39.18,39.0,39.5,60,1.0
2023-10-16 13:00,39.27,39.0,39.6,60,1.0
2023-10-16 14:00,39.22,39.0,39.5,60,1.0
2023-10-16 15:00,39.21,39.0,39.6,60,1.0
2023-10-16 16:00,39.21,39.1,39.6,60,1.0
2023-10-16 17:00,39.23,39.1,39.5,60,1.0
2023-10-16 18:00,39.36,39.1,39.7,60,1.0
2023-10-16 19:00,39.33,39.1,39.6,60,1.0
2023-10-16 20:00,39.3,39.1,39.6,59,0.983
2023-10-16 21:00,39.24,39.1,39.5,60,1.0
2023-10-16 22:00,39.26,39.1,39.5,60,1.0
2023-10-16 23:00,39.25,39.0,39.6,60,1.0
2023-10-17 00:00,39.25,39.1,39.6,60,1.0
2023-10-17 01:00,39.27,39.1,39.6,59,0.983
2023-10-17 02:00,39.41,39.1,39.9,60,1.0
2023-10-17 03:00,39.91,39.6,40.5,60,1.0
2023-10-17 04:00,52.72,40.4,59.7,60,1.0
2023-10-17 05:00,60.58,59.2,61.9,60,1.0
2023-10-17 06:00,66.2,61.5,71.5,60,1.0
2023-10-17 07:00,73.6,71.3,75.1,60,1.0
2023-10-17 08:00,75.06,74.4,75.7,60,1.0
2023-10-17 09:00,74.85,74.2,75.4,60,1.0
2023-10-17 10:00,74.46,73.9,75.1,60,1.0
2023-10-17 11:00,74.06,73.4,74.7,60,1.0
2023-10-17 12:00,73.74,73.0,74.6,60,1.0
2023-10-17 13:00,73.15,72.5,73.9,60,1.0
2023-10-17 14:00,72.74,72.2,73.5,60,1.0
2023-10-17 15:00,72.32,71.8,72.9,60,1.0
2023-10-17 16:00,72.09,71.5,72.6,60,1.0
2023-10-17 17:00,71.89,71.3,72.5,59,0.983
2023-10-17 18:00,71.52,70.9,72.1,46,0.767
2023-10-17 19:00,71.06,70.5,71.7,49,0.817
2023-10-17 20:00,70.71,70.3,71.6,47,0.783
2023-10-17 21:00,70.44,70.0,71.2,49,0.817
2023-10-17 22:00,70.17,69.8,70.6,58,0.967
2023-10-17 23:00,70.02,69.6,70.5,60,1.0
2023-10-18 00:00,69.86,69.2,70.4,60,1.0
2023-10-18 01:00,69.58,69.0,70.3,60,1.0
2023-10-18 02:00,69.36,68.9,69.9,60,1.0
2023-10-18 03:00,69.22,68.7,69.8,60,1.0
2023-10-18 04:00,69.02,68.5,69.7,60,1.0
2023-10-18 05:00,68.86,68.3,69.4,60,1.0
2023-10-18 06:00,68.66,68.1,69.4,60,1.0
2023-10-18 07:00,68.4,68.0,69.0,60,1.0
2023-10-18 08:00,68.33,67.8,69.0,60,1.0
2023-10-18 09:00,68.13,67.7,68.7,60,1.0
2023-10-18 10:00,67.98,67.4,68.4,60,1.0
2023-10-18 11:00,67.72,67.2,68.4,60,1.0
2023-10-18 12:00,67.49,67.1,68.1,60,1.0
2023-10-18 13:00,67.36,66.9,68.0,60,1.0
2023-10-18 14:00,67.17,66.7,67.8,60,1.0
2023-10-18 15:00,67.17,66.7,67.6,60,1.0
2023-10-18 16:00,66.94,66.5,67.6,60,1.0
2023-10-18 17:00,66.63,66.3,67.3,60,1.0
2023-10-18 18:00,66.55,66.2,67.3,60,1.0
2023-10-18 19:00,66.56,66.2,67.1,60,1.0
2023-10-18 20:00,66.47,66.0,66.9,60,1.0
2023-10-18 21:00,66.24,65.7,66.7,60,1.0
2023-10-18 22:00,66.13,65.7,66.6,60,1.0
2023-10-18 23:00,65.92,65.5,66.5,60,1.0
2023-10-19 00:00,65.82,65.4,66.5,60,1.0
2023-10-19 01:00,65.67,65.3,66.2,60,1.0
2023-10-19 02:00,65.59,65.2,66.1,60,1.0
2023-10-19 03:00,65.42,65.1,65.8,60,1.0
2023-10-19 04:00,65.32,65.0,65.8,60,1.0
2023-10-19 05:00,65.25,64.9,65.8,60,1.0
2023-10-19 06:00,65.13,64.8,65.6,60,1.0
2023-10-19 07:00,65.09,64.7,65.5,60,1.0
2023-10-19 08:00,64.96,64.6,65.5,60,1.0
2023-10-19 09:00,64.92,64.5,65.6,60,1.0
2023-10-19 10:00,64.72,64.4,65.3,60,1.0
2023-10-19 11:00,64.74,64.3,65.1,60,1.0
2023-10-19 12:00,64.45,64.1,65.0,60,1.0
2023-10-19 13:00,64.43,64.0,65.0,60,1.0
2023-10-19 14:00,64.32,63.9,64.8,60,1.0
2023-10-19 15:00,64.26,63.9,64.8,60,1.0
2023-10-19 16:00,64.12,63.8,64.7,60,1.0
2023-10-19 17:00,64.09,63.7,64.7,60,1.0
2023-10-19 18:00,63.87,63.6,64.4,60,1.0
2023-10-19 19:00,63.81,63.5,64.5,60,1.0
2023-10-19 20:00,63.79,63.4,64.4,59,0.983
2023-10-19 21:00,63.75,63.4,64.3,45,0.75
2023-10-19 22:00,63.7,63.2,64.1,56,0.933
2023-10-19 23:00,63.6,63.2,64.1,60,1.0
2023-10-20 00:00,63.54,63.1,64.0,60,1.0
2023-10-20 01:00,63.46,63.0,64.0,60,1.0
2023-10-20 02:00,63.32,62.9,63.9,60,1.0
2023-10-20 03:00,63.25,62.8,63.8,60,1.0
2023-10-20 04:00,63.1,62.8,63.7,60,1.0
2023-10-20 05:00,63.0,62.7,63.4,60,1.0
2023-10-20 06:00,62.98,62.7,63.5,60,1.0
2023-10-20 07:00,63.0,62.6,63.6,60,1.0
2023-10-20 08:00,62.88,62.5,63.4,60,1.0
2023-10-20 09:00,62.76,62.4,63.3,60,1.0
2023-10-20 10:00,62.63,62.4,63.3,60,1.0
2023-10-20 11:00,62.56,62.2,63.1,60,1.0
2023-10-20 12:00,62.56,62.2,63.0,60,1.0
2023-10-20 13:00,62.5,62.1,63.0,60,1.0
2023-10-20 14:00,62.28,62.0,62.8,60,1.0
2023-10-20 15:00,62.35,61.9,63.0,60,1.0
2023-10-20 16:00,62.27,61.9,62.8,60,1.0
2023-10-20 17:00,62.21,61.8,62.7,60,1.0
2023-10-20 18:00,62.05,61.7,62.5,60,1.0
2023-10-20 19:00,62.04,61.7,62.4,60,1.0
2023-10-20 20:00,61.93,61.6,62.4,60,1.0
2023-10-20 21:00,61.91,61.5,62.5,59,0.983
2023-10-20 22:00,61.83,61.5,62.3,60,1.0
2023-10-20 23:00,61.75,61.5,62.3,60,1.0
2023-10-21 00:00,61.71,61.4,62.3,60,1.0
2023-10-21 01:00,61.63,61.3,62.3,60,1.0
2023-10-21 02:00,61.57,61.3,62.1,60,1.0
2023-10-21 03:00,61.52,61.2,61.9,60,1.0
2023-10-21 04:00,61.46,61.2,61.8,60,1.0
2023-10-21 05:00,61.8,61.3,62.4,60,1.0
2023-10-21 06:00,62.57,61.7,63.8,60,1.0
2023-10-21 07:00,64.29,63.1,65.4,60,1.0
2023-10-21 08:00,65.62,64.8,66.4,60,1.0
2023-10-21 09:00,71.21,63.3,78.1,60,1.0
2023-10-21 10:00,79.3,77.5,81.0,60,1.0
2023-10-21 11:00,81.23,80.4,82.6,55,0.917
2023-10-21 12:00,82.28,81.5,83.2,46,0.767
2023-10-21 13:00,82.07,81.4,82.8,56,0.933
2023-10-21 14:00,81.71,81.1,82.7,60,1.0
2023-10-21 15:00,81.42,80.8,82.2,60,1.0
2023-10-21 16:00,81.19,80.4,82.0,60,1.0
2023-10-21 17:00,80.81,80.1,81.7,60,1.0
2023-10-21 18:00,80.49,79.7,81.3,60,1.0
2023-10-21 19:00,79.78,78.9,80.4,60,1.0
2023-10-21 20:00,79.34,78.7,80.0,60,1.0
2023-10-21 21:00,78.84,77.5,79.7,60,1.0
2023-10-21 22:00,78.38,77.7,79.2,60,1.0
2023-10-21 23:00,78.22,77.6,78.9,60,1.0
2023-10-22 00:00,78.2,77.5,78.8,60,1.0
2023-10-22 01:00,77.79,77.1,78.7,60,1.0
2023-10-22 02:00,77.52,76.7,78.4,60,1.0
2023-10-22 03:00,77.32,73.5,78.0,60,1.0
2023-10-22 04:00,78.07,72.5,79.9,60,1.0
2023-10-22 05:00,79.52,78.9,80.4,60,1.0
2023-10-22 06:00,79.41,78.7,80.5,60,1.0
2023-10-22 07:00,79.16,78.6,79.8,60,1.0
2023-10-22 08:00,78.77,78.1,79.6,60,1.0
2023-10-22 09:00,78.58,78.0,79.3,60,1.0
2023-10-22 10:00,78.58,77.9,79.1,60,1.0
2023-10-22 11:00,78.31,77.2,79.2,60,1.0
2023-10-22 12:00,77.65,76.9,78.5,60,1.0
2023-10-22 13:00,78.03,77.3,78.6,60,1.0
2023-10-22 14:00,77.86,77.3,78.7,60,1.0
2023-10-22 15:00,77.75,77.1,78.4,60,1.0
2023-10-22 16:00,77.63,76.9,78.4,60,1.0
2023-10-22 17:00,77.31,76.7,78.0,60,1.0
2023-10-22 18:00,77.2,76.5,78.0,60,1.0
2023-10-22 19:00,77.0,76.2,77.6,60,1.0
2023-10-22 20:00,76.66,76.0,77.6,60,1.0
2023-10-22 21:00,76.51,75.7,77.2,60,1.0
2023-10-22 22:00,76.15,75.5,76.9,60,1.0
2023-10-22 23:00,75.98,75.4,76.9,60,1.0
2023-10-23 00:00,75.86,75.1,76.5,60,1.0
2023-10-23 01:00,75.61,74.9,76.3,60,1.0
2023-10-23 02:00,75.34,74.7,76.0,60,1.0
2023-10-23 03:00,75.18,74.5,75.8,60,1.0
2023-10-23 04:00,74.88,74.3,75.7,60,1.0
2023-10-23 05:00,74.57,74.0,75.1,49,0.817
2023-10-23 06:00,74.44,73.9,75.2,49,0.817
2023-10-23 07:00,74.29,73.6,74.9,54,0.9
2023-10-23 08:00,73.96,73.4,74.7,60,1.0
2023-10-23 09:00,73.74,73.3,74.3,60,1.0
2023-10-23 10:00,73.54,73.1,74.3,60,1.0
2023-10-23 11:00,73.47,72.9,74.1,60,1.0
2023-10-23 12:00,73.44,72.8,74.1,60,1.0
2023-10-23 13:00,73.14,72.6,73.8,60,1.0
2023-10-23 14:00,72.99,72.5,73.6,60,1.0
2023-10-23 15:00,72.84,72.3,73.5,60,1.0
2023-10-23 16:00,72.63,72.2,73.4,60,1.0
2023-10-23 17:00,72.52,72.0,73.1,60,1.0
2023-10-23 18:00,72.28,71.9,72.8,60,1.0
2023-10-23 19:00,72.36,71.8,72.9,60,1.0
2023-10-23 20:00,72.37,71.7,72.9,60,1.0
2023-10-23 21:00,72.16,71.6,72.8,59,0.983
2023-10-23 22:00,72.05,71.5,72.6,58,0.967
2023-10-23 23:00,71.79,71.2,72.5,60,1.0
2023-10-24 00:00,71.62,71.0,72.3,60,1.0
2023-10-24 01:00,71.5,71.0,72.0,60,1.0
2023-10-24 02:00,71.31,70.8,72.0,60,1.0
2023-10-24 03:00,71.08,70.7,71.8,60,1.0
2023-10-24 04:00,70.96,70.6,71.6,60,1.0
2023-10-24 05:00,70.74,70.4,71.3,60,1.0
2023-10-24 06:00,70.65,70.3,71.0,60,1.0
2023-10-24 07:00,70.73,70.2,71.3,60,1.0
2023-10-24 08:00,70.53,70.1,71.2,60,1.0
2023-10-24 09:00,70.37,70.0,70.9,60,1.0
2023-10-24 10:00,70.28,69.8,70.9,60,1.0
2023-10-24 11:00,70.22,69.7,70.9,60,1.0
2023-10-24 12:00,70.19,69.7,70.7,60,1.0
2023-10-24 13:00,70.01,69.5,70.5,59,0.983
2023-10-24 14:00,69.81,69.4,70.5,60,1.0
2023-10-24 15:00,69.67,69.3,70.3,60,1.0
2023-10-24 16:00,69.76,69.3,70.3,60,1.0
2023-10-24 17:00,69.69,69.2,70.3,60,1.0
2023-10-24 18:00,69.48,69.1,70.1,59,0.983
2023-10-24 19:00,69.36,68.9,69.9,59,0.983
2023-10-24 20:00,69.28,68.9,69.9,59,0.983
2023-10-24 21:00,69.41,68.9,70.2,60,1.0
2023-10-24 22:00,69.74,69.1,70.3,60,1.0
2023-10-24 23:00,69.81,69.4,70.4,59,0.983
2023-10-25 00:00,69.88,69.4,70.5,60,1.0
2023-10-25 01:00,70.34,69.8,71.2,60,1.0
2023-10-25 02:00,70.96,70.4,71.5,60,1.0
2023-10-25 03:00,71.06,70.6,71.8,60,1.0
2023-10-25 04:00,71.16,70.7,71.9,60,1.0
2023-10-25 05:00,71.38,70.7,72.2,60,1.0
2023-10-25 06:00,71.84,70.9,72.7,60,1.0
2023-10-25 07:00,72.26,71.7,72.8,60,1.0
2023-10-25 08:00,72.22,71.5,72.7,60,1.0
2023-10-25 09:00,72.84,72.0,73.8,60,1.0
2023-10-25 10:00,74.05,73.2,75.0,60,1.0
2023-10-25 11:00,74.63,74.1,75.4,59,0.983
2023-10-25 12:00,74.53,74.0,75.5,45,0.75
2023-10-25 13:00,75.02,74.4,76.0,59,0.983
2023-10-25 14:00,75.09,74.5,75.8,60,1.0
2023-10-25 15:00,75.4,74.8,76.1,60,1.0
2023-10-25 16:00,75.36,74.8,76.0,60,1.0
2023-10-25 17:00,75.38,74.8,76.2,60,1.0
2023-10-25 18:00,75.16,74.7,75.9,60,1.0
2023-10-25 19:00,74.91,74.3,75.6,60,1.0
2023-10-25 20:00,74.85,74.4,75.4,60,1.0
2023-10-25 21:00,74.76,74.3,75.4,60,1.0
2023-10-25 22:00,74.74,74.2,75.5,60,1.0
2023-10-25 23:00,74.63,74.1,75.4,60,1.0
2023-10-26 00:00,74.65,74.0,75.4,60,1.0
2023-10-26 01:00,74.44,73.7,75.1,60,1.0
2023-10-26 02:00,74.23,73.5,75.3,60,1.0
2023-10-26 03:00,72.52,68.5,75.2,60,1.0
2023-10-26 04:00,78.87,75.2,80.4,60,1.0
2023-10-26 05:00,78.8,77.7,79.6,60,1.0
2023-10-26 06:00,78.77,76.9,79.8,60,1.0
2023-10-26 07:00,81.42,77.6,82.6,60,1.0
2023-10-26 08:00,81.9,81.2,82.7,60,1.0
2023-10-26 09:00,81.82,81.2,82.6,60,1.0
2023-10-26 10:00,81.75,80.9,82.6,60,1.0
2023-10-26 11:00,81.8,81.2,82.6,60,1.0
2023-10-26 12:00,81.83,81.1,82.7,60,1.0
2023-10-26 13:00,81.64,81.0,82.5,60,1.0
2023-10-26 14:00,81.48,80.9,82.2,60,1.0
2023-10-26 15:00,81.45,80.7,82.0,60,1.0
2023-10-26 16:00,81.21,80.3,82.0,60,1.0
2023-10-26 17:00,80.77,80.0,81.7,60,1.0
2023-10-26 18:00,80.22,79.6,81.0,60,1.0
2023-10-26 19:00,79.84,79.4,80.4,60,1.0
2023-10-26 20:00,79.57,78.9,80.4,60,1.0
2023-10-26 21:00,79.21,78.6,80.0,60,1.0
2023-10-26 22:00,78.83,78.3,79.7,59,0.983
2023-10-26 23:00,78.71,78.0,79.4,60,1.0
2023-10-27 00:00,78.37,77.4,79.2,60,1.0
2023-10-27 01:00,76.86,74.7,78.3,59,0.983
2023-10-27 02:00,78.65,77.8,79.4,60,1.0
2023-10-27 03:00,78.14,75.5,79.6,60,1.0
2023-10-27 04:00,78.46,77.4,79.7,59,0.983
2023-10-27 05:00,78.85,78.1,79.7,58,0.967
2023-10-27 06:00,78.85,77.4,79.8,60,1.0
2023-10-27 07:00,78.32,77.0,79.4,59,0.983
2023-10-27 08:00,78.07,76.7,78.8,48,0.8
2023-10-27 09:00,78.87,78.0,79.8,50,0.833
2023-10-27 10:00,78.86,77.2,79.8,57,0.95
2023-10-27 11:00,78.1,76.0,80.0,59,0.983
2023-10-27 12:00,79.58,78.8,80.4,60,1.0
2023-10-27 13:00,78.95,78.2,79.8,60,1.0
2023-10-27 14:00,79.23,78.6,79.9,60,1.0
2023-10-27 15:00,79.41,78.8,80.1,60,1.0
2023-10-27 16:00,79.36,78.8,80.2,60,1.0
2023-10-27 17:00,79.41,78.9,80.2,60,1.0
2023-10-27 18:00,79.33,78.7,80.1,60,1.0
2023-10-27 19:00,79.08,78.5,79.8,60,1.0
2023-10-27 20:00,78.84,78.3,79.5,60,1.0
2023-10-27 21:00,78.77,78.2,79.7,60,1.0
2023-10-27 22:00,78.58,78.1,79.4,60,1.0
2023-10-27 23:00,78.41,77.9,79.0,60,1.0
2023-10-28 00:00,78.32,77.8,79.0,60,1.0
2023-10-28 01:00,78.28,77.7,79.1,60,1.0
2023-10-28 02:00,77.89,77.2,78.5,60,1.0
2023-10-28 03:00,77.86,77.2,78.8,60,1.0
2023-10-28 04:00,77.82,77.2,78.8,60,1.0
2023-10-28 05:00,77.71,77.1,78.5,60,1.0
2023-10-28 06:00,77.59,77.0,78.5,60,1.0
2023-10-28 07:00,77.36,76.7,78.1,60,1.0
2023-10-28 08:00,77.11,76.5,77.8,60,1.0
2023-10-28 09:00,77.02,76.3,77.7,59,0.983
2023-10-28 10:00,76.89,76.3,77.7,60,1.0
2023-10-28 11:00,76.77,76.2,77.5,60,1.0
2023-10-28 12:00,76.66,76.1,77.2,60,1.0
2023-10-28 13:00,76.15,74.9,77.4,60,1.0
2023-10-28 14:00,76.25,75.8,77.0,60,1.0
2023-10-28 15:00,76.4,75.7,77.2,60,1.0
2023-10-28 16:00,76.37,75.8,77.1,60,1.0
2023-10-28 17:00,76.48,75.9,77.4,60,1.0
2023-10-28 18:00,76.52,75.9,77.2,60,1.0
2023-10-28 19:00,76.4,75.8,77.2,60,1.0
2023-10-28 20:00,76.1,75.6,76.8,60,1.0
2023-10-28 21:00,75.96,75.5,77.1,60,1.0
2023-10-28 22:00,75.95,75.4,76.7,60,1.0
2023-10-28 23:00,75.96,75.3,76.7,60,1.0
2023-10-29 00:00,75.76,75.3,76.4,60,1.0
2023-10-29 01:00,75.77,75.1,76.4,60,1.0
2023-10-29 02:00,75.72,75.0,76.4,60,1.0
2023-10-29 03:00,75.66,75.0,76.6,60,1.0
2023-10-29 04:00,75.57,74.9,76.2,60,1.0
2023-10-29 05:00,75.47,74.8,76.1,60,1.0
2023-10-29 06:00,75.39,74.6,76.1,60,1.0
2023-10-29 07:00,75.0,74.4,75.7,60,1.0
2023-10-29 08:00,74.8,74.3,75.3,60,1.0
2023-10-29 09:00,74.68,74.1,75.5,60,1.0
2023-10-29 10:00,74.54,74.0,75.2,60,1.0
2023-10-29 11:00,74.52,73.9,75.3,60,1.0
2023-10-29 12:00,74.41,73.8,75.1,60,1.0
2023-10-29 13:00,74.36,73.8,75.0,60,1.0
2023-10-29 14:00,74.18,73.7,75.0,60,1.0
2023-10-29 15:00,74.24,73.7,74.8,60,1.0
2023-10-29 16:00,74.26,73.6,74.9,60,1.0
2023-10-29 17:00,74.21,73.5,74.9,60,1.0
2023-10-29 18:00,74.04,73.5,75.0,60,1.0
2023-10-29 19:00,73.94,73.4,74.6,60,1.0
2023-10-29 20:00,73.79,73.3,74.5,60,1.0
2023-10-29 21:00,73.7,73.2,74.4,60,1.0
2023-10-29 22:00,73.67,73.2,74.1,60,1.0
2023-10-29 23:00,73.69,73.1,74.4,59,0.983
2023-10-30 00:00,73.62,73.0,74.2,46,0.767
2023-10-30 01:00,73.55,72.9,74.1,55,0.917
2023-10-30 02:00,73.44,72.9,74.2,60,1.0
2023-10-30 03:00,73.43,72.8,74.1,60,1.0
2023-10-30 04:00,73.33,72.6,74.0,53,0.883
2023-10-30 05:00,73.37,72.7,73.9,49,0.817
2023-10-30 06:00,73.2,72.6,73.8,60,1.0
2023-10-30 07:00,73.13,72.5,73.7,60,1.0
2023-10-30 08:00,72.87,72.2,73.5,60,1.0
2023-10-30 09:00,72.79,72.1,73.4,60,1.0
2023-10-30 10:00,72.57,72.1,73.3,60,1.0
2023-10-30 11:00,72.58,72.0,73.2,60,1.0
2023-10-30 12:00,72.54,71.9,73.1,60,1.0
2023-10-30 13:00,72.26,71.8,73.0,60,1.0
2023-10-30 14:00,72.43,71.8,73.1,60,1.0
2023-10-30 15:00,72.37,71.8,73.0,60,1.0
2023-10-30 16:00,72.32,71.7,72.9,60,1.0
2023-10-30 17:00,72.09,71.6,72.8,60,1.0
2023-10-30 18:00,72.03,71.6,72.5,60,1.0
2023-10-30 19:00,71.9,71.5,72.3,60,1.0
2023-10-30 20:00,71.95,71.4,72.7,60,1.0
2023-10-30 21:00,71.87,71.3,72.5,60,1.0
2023-10-30 22:00,71.78,71.2,72.4,60,1.0
2023-10-30 23:00,71.73,71.2,72.3,60,1.0
2023-10-31 00:00,71.52,71.1,72.4,60,1.0
2023-10-31 01:00,71.39,71.0,72.2,60,1.0
2023-10-31 02:00,71.52,70.9,72.1,60,1.0
2023-10-31 03:00,71.36,70.8,71.9,60,1.0
2023-10-31 04:00,71.21,70.8,71.9,60,1.0
2023-10-31 05:00,71.07,70.7,71.8,60,1.0
2023-10-31 06:00,71.24,70.7,71.8,60,1.0
2023-10-31 07:00,71.2,70.7,71.8,60,1.0
2023-10-31 08:00,71.21,70.7,71.7,60,1.0
2023-10-31 09:00,71.04,70.5,71.6,60,1.0
2023-10-31 10:00,70.9,70.4,71.6,60,1.0
2023-10-31 11:00,70.73,70.3,71.4,60,1.0
2023-10-31 12:00,70.75,70.3,71.2,60,1.0
2023-10-31 13:00,70.64,70.2,71.4,60,1.0
2023-10-31 14:00,70.57,70.1,71.2,60,1.0
2023-10-31 15:00,70.41,70.0,70.9,60,1.0
2023-10-31 16:00,70.44,70.0,71.1,60,1.0
2023-10-31 17:00,70.43,70.0,71.0,60,1.0
2023-10-31 18:00,70.5,69.9,71.0,60,1.0
2023-10-31 19:00,70.27,69.8,70.8,60,1.0
2023-10-31 20:00,70.22,69.7,70.8,60,1.0
2023-10-31 21:00,70.09,69.7,70.6,60,1.0
2023-10-31 22:00,69.96,69.5,70.6,60,1.0
2023-10-31 23:00,69.94,69.5,70.5,60,1.0
2023-11-01 00:00,69.93,69.4,70.5,60,1.0
2023-11-01 01:00,69.92,69.4,70.5,60,1.0
2023-11-01 02:00,69.86,69.3,70.6,60,1.0
2023-11-01 03:00,69.76,69.3,70.3,60,1.0
2023-11-01 04:00,69.74,69.2,70.2,60,1.0
2023-11-01 05:00,69.63,69.1,70.2,49,0.817
2023-11-01 06:00,69.39,69.1,70.1,55,0.917
2023-11-01 07:00,69.5,69.0,70.1,58,0.967
2023-11-01 08:00,69.29,68.9,70.0,60,1.0
2023-11-01 09:00,69.24,68.9,69.7,60,1.0
2023-11-01 10:00,69.14,68.7,69.8,60,1.0
2023-11-01 11:00,69.12,68.7,69.8,60,1.0
2023-11-01 12:00,69.01,68.7,69.7,60,1.0
2023-11-01 13:00,69.15,68.7,69.8,60,1.0
2023-11-01 14:00,69.57,69.0,70.4,60,1.0
2023-11-01 15:00,70.02,69.4,70.6,60,1.0
2023-11-01 16:00,71.27,70.0,73.0,60,1.0
2023-11-01 17:00,73.66,72.4,75.1,60,1.0
2023-11-01 18:00,74.82,74.0,75.6,60,1.0
2023-11-01 19:00,75.27,74.4,75.9,60,1.0
2023-11-01 20:00,75.44,74.6,76.2,60,1.0
2023-11-01 21:00,75.24,74.1,76.1,60,1.0
2023-11-01 22:00,76.25,75.2,77.2,60,1.0
2023-11-01 23:00,76.94,76.0,78.0,60,1.0
2023-11-02 00:00,77.35,76.1,78.1,60,1.0
2023-11-02 01:00,77.34,76.7,78.1,60,1.0
2023-11-02 02:00,77.37,76.6,78.1,60,1.0
2023-11-02 03:00,77.15,76.4,77.9,60,1.0
2023-11-02 04:00,76.99,76.3,77.7,59,0.983
2023-11-02 05:00,76.89,76.2,77.7,60,1.0
2023-11-02 06:00,76.72,76.1,77.5,60,1.0
2023-11-02 07:00,76.39,75.9,77.3,59,0.983
2023-11-02 08:00,76.29,75.7,77.1,60,1.0
2023-11-02 09:00,75.96,75.5,76.5,60,1.0
2023-11-02 10:00,75.93,75.4,76.5,60,1.0
2023-11-02 11:00,75.96,75.3,76.6,60,1.0
2023-11-02 12:00,75.8,75.3,76.5,60,1.0
2023-11-02 13:00,74.9,73.8,76.0,60,1.0
2023-11-02 14:00,76.62,70.4,80.0,60,1.0
2023-11-02 15:00,79.15,78.1,80.0,60,1.0
2023-11-02 16:00,79.12,78.5,79.8,60,1.0
2023-11-02 17:00,79.23,78.6,80.1,60,1.0
2023-11-02 18:00,79.35,78.7,80.1,60,1.0
2023-11-02 19:00,79.47,78.8,80.1,60,1.0
2023-11-02 20:00,79.06,78.4,79.9,60,1.0
2023-11-02 21:00,78.79,78.4,79.6,60,1.0
2023-11-02 22:00,78.83,78.3,79.7,60,1.0
2023-11-02 23:00,78.74,78.1,79.6,60,1.0
2023-11-03 00:00,78.66,78.0,79.6,60,1.0
2023-11-03 01:00,78.58,78.1,79.3,60,1.0
2023-11-03 02:00,78.49,78.0,79.1,60,1.0
2023-11-03 03:00,78.41,77.9,79.1,60,1.0
2023-11-03 04:00,76.86,71.8,79.7,60,1.0
2023-11-03 05:00,80.47,79.9,81.3,59,0.983
2023-11-03 06:00,80.42,79.9,81.4,60,1.0
2023-11-03 07:00,80.59,79.6,81.3,58,0.967
2023-11-03 08:00,80.57,80.0,81.2,48,0.8
2023-11-03 09:00,79.68,78.0,81.0,60,1.0
2023-11-03 10:00,79.32,78.5,80.2,60,1.0
2023-11-03 11:00,79.25,77.6,80.3,57,0.95
2023-11-03 12:00,79.38,78.7,80.0,59,0.983
2023-11-03 13:00,79.42,78.8,80.3,54,0.9
2023-11-03 14:00,79.42,78.7,80.2,59,0.983
2023-11-03 15:00,79.28,78.7,80.0,59,0.983
2023-11-03 16:00,79.14,78.5,79.8,60,1.0
2023-11-03 17:00,79.08,78.4,79.7,60,1.0
2023-11-03 18:00,78.37,77.7,79.4,59,0.983
2023-11-03 19:00,78.18,77.5,79.0,60,1.0
2023-11-03 20:00,77.84,76.1,79.0,60,1.0
2023-11-03 21:00,77.83,77.1,78.8,56,0.933
2023-11-03 22:00,78.17,77.5,79.1,45,0.75
2023-11-03 23:00,77.69,76.6,78.6,58,0.967
2023-11-04 00:00,77.67,76.9,78.5,60,1.0
2023-11-04 01:00,77.96,77.3,78.6,60,1.0
2023-11-04 02:00,77.41,76.7,78.3,60,1.0
2023-11-04 03:00,77.09,76.2,77.8,60,1.0
2023-11-04 04:00,77.02,75.2,78.0,60,1.0
2023-11-04 05:00,76.97,75.4,78.1,60,1.0
2023-11-04 06:00,76.9,75.8,77.8,60,1.0
2023-11-04 07:00,77.24,75.1,78.3,60,1.0
2023-11-04 08:00,75.98,74.4,77.1,60,1.0
2023-11-04 09:00,76.37,75.6,77.0,60,1.0
2023-11-04 10:00,76.79,76.0,77.6,60,1.0
2023-11-04 11:00,77.2,76.5,78.0,60,1.0
2023-11-04 12:00,77.72,76.9,78.4,60,1.0
2023-11-04 13:00,77.8,77.1,78.5,60,1.0
2023-11-04 14:00,77.75,77.1,78.6,60,1.0
2023-11-04 15:00,77.6,77.1,78.5,60,1.0
2023-11-04 16:00,77.03,76.0,78.0,60,1.0
2023-11-04 17:00,76.99,76.3,77.8,60,1.0
2023-11-04 18:00,76.77,75.7,77.7,60,1.0
2023-11-04 19:00,76.7,76.0,77.4,60,1.0
2023-11-04 20:00,76.9,76.2,77.7,60,1.0
2023-11-04 21:00,76.9,76.3,77.6,60,1.0
2023-11-04 22:00,77.13,76.5,77.9,60,1.0
2023-11-04 23:00,77.17,76.5,77.9,59,0.983
2023-11-05 00:00,76.04,74.0,77.5,60,1.0
2023-11-05 01:00,75.49,73.5,76.7,60,1.0
2023-11-05 02:00,76.81,75.9,77.8,60,1.0
2023-11-05 03:00,76.65,74.2,77.9,60,1.0
2023-11-05 04:00,77.19,75.8,78.3,60,1.0
2023-11-05 05:00,77.83,77.1,78.6,60,1.0
2023-11-05 06:00,77.83,77.2,78.7,60,1.0
2023-11-05 07:00,77.82,77.3,78.6,60,1.0
2023-11-05 08:00,77.82,77.3,78.6,60,1.0
2023-11-05 09:00,77.9,77.4,78.6,60,1.0
2023-11-05 10:00,78.0,77.3,78.7,60,1.0
2023-11-05 11:00,78.09,77.4,78.7,60,1.0
2023-11-05 12:00,76.24,70.1,78.7,60,1.0
2023-11-05 13:00,78.38,77.7,79.0,51,0.85
2023-11-05 14:00,78.13,76.6,79.3,45,0.75
2023-11-05 15:00,78.5,78.0,79.2,52,0.867
2023-11-05 16:00,79.07,78.4,79.9,48,0.8
2023-11-05 17:00,79.17,78.4,79.8,58,0.967
2023-11-05 18:00,78.87,78.4,79.6,60,1.0
2023-11-05 19:00,78.88,78.3,79.6,60,1.0
2023-11-05 20:00,78.88,78.3,79.7,60,1.0
2023-11-05 21:00,78.95,78.3,79.9,60,1.0
2023-11-05 22:00,78.86,78.3,79.6,60,1.0
2023-11-05 23:00,78.82,78.1,79.5,60,1.0
2023-11-06 00:00,78.65,77.9,79.3,60,1.0
2023-11-06 01:00,78.49,77.7,79.3,60,1.0
2023-11-06 02:00,78.41,77.7,79.2,60,1.0
2023-11-06 03:00,78.31,77.5,79.0,60,1.0
2023-11-06 04:00,78.19,77.5,78.8,60,1.0
2023-11-06 05:00,77.96,77.3,78.8,60,1.0
2023-11-06 06:00,77.95,77.2,78.7,60,1.0
2023-11-06 07:00,77.72,76.9,78.5,60,1.0
2023-11-06 08:00,77.45,76.7,78.3,60,1.0
2023-11-06 09:00,77.29,76.6,78.1,60,1.0
2023-11-06 10:00,77.06,76.6,77.8,60,1.0
2023-11-06 11:00,77.15,76.6,77.8,60,1.0
2023-11-06 12:00,77.22,76.8,77.8,60,1.0
2023-11-06 13:00,77.39,76.8,78.1,60,1.0
2023-11-06 14:00,77.5,76.9,78.3,60,1.0
2023-11-06 15:00,77.49,76.9,78.3,60,1.0
2023-11-06 16:00,77.42,76.8,78.2,60,1.0
2023-11-06 17:00,77.27,76.7,77.9,60,1.0
2023-11-06 18:00,77.11,76.6,77.8,60,1.0
2023-11-06 19:00,76.85,76.4,77.5,60,1.0
2023-11-06 20:00,76.87,76.4,77.5,59,0.983
2023-11-06 21:00,76.76,76.2,77.5,60,1.0
2023-11-06 22:00,76.76,76.2,77.5,60,1.0
2023-11-06 23:00,76.6,76.1,77.5,60,1.0
2023-11-07 00:00,76.53,76.0,77.3,60,1.0
2023-11-07 01:00,76.54,75.9,77.4,60,1.0
2023-11-07 02:00,76.46,75.8,77.2,60,1.0
2023-11-07 03:00,76.34,75.7,77.2,60,1.0
2023-11-07 04:00,76.21,75.6,76.9,60,1.0
2023-11-07 05:00,76.18,75.5,76.8,60,1.0
2023-11-07 06:00,75.81,75.0,76.8,60,1.0
2023-11-07 07:00,75.52,75.0,76.4,60,1.0
2023-11-07 08:00,75.27,74.6,76.2,52,0.867
2023-11-07 09:00,75.05,74.6,75.9,49,0.817
2023-11-07 10:00,75.1,74.5,75.8,60,1.0
2023-11-07 11:00,75.07,74.4,75.9,60,1.0
2023-11-07 12:00,74.19,73.6,74.8,60,1.0
2023-11-07 13:00,74.62,73.9,75.4,60,1.0
2023-11-07 14:00,75.06,74.2,75.8,60,1.0
2023-11-07 15:00,74.95,73.6,75.9,60,1.0
2023-11-07 16:00,75.21,74.6,76.0,60,1.0
2023-11-07 17:00,75.16,73.8,76.1,60,1.0
2023-11-07 18:00,74.98,74.3,75.8,60,1.0
2023-11-07 19:00,74.84,74.2,75.6,60,1.0
2023-11-07 20:00,74.48,72.9,75.6,60,1.0
2023-11-07 21:00,75.28,74.6,76.2,59,0.983
2023-11-07 22:00,75.68,75.1,76.4,60,1.0
2023-11-07 23:00,75.91,75.2,76.7,59,0.983
2023-11-08 00:00,75.87,75.3,76.6,60,1.0
2023-11-08 01:00,75.87,75.3,76.6,60,1.0
2023-11-08 02:00,75.76,75.3,76.7,60,1.0
2023-11-08 03:00,74.93,73.4,76.4,60,1.0
2023-11-08 04:00,74.13,73.2,75.1,60,1.0
2023-11-08 05:00,75.6,74.7,76.3,60,1.0
2023-11-08 06:00,76.12,75.5,77.0,59,0.983
2023-11-08 07:00,76.33,75.7,77.0,60,1.0
2023-11-08 08:00,76.26,75.7,77.1,60,1.0
2023-11-08 09:00,75.39,73.3,77.0,60,1.0
2023-11-08 10:00,75.17,74.3,75.9,60,1.0
2023-11-08 11:00,76.18,75.2,77.2,60,1.0
2023-11-08 12:00,76.61,75.9,77.5,60,1.0
2023-11-08 13:00,76.36,75.2,77.1,60,1.0
2023-11-08 14:00,76.49,75.3,77.1,60,1.0
2023-11-08 15:00,76.57,76.1,77.3,59,0.983
2023-11-08 16:00,76.59,76.0,77.2,60,1.0
2023-11-08 17:00,76.59,76.0,77.3,60,1.0
2023-11-08 18:00,76.66,75.9,77.4,60,1.0
2023-11-08 19:00,76.44,75.7,77.4,60,1.0
2023-11-08 20:00,76.4,75.7,77.1,60,1.0
2023-11-08 21:00,76.56,75.7,77.2,60,1.0
2023-11-08 22:00,76.4,75.7,77.2,60,1.0
2023-11-08 23:00,76.36,75.7,77.1,60,1.0
2023-11-09 00:00,76.38,75.7,77.2,60,1.0
2023-11-09 01:00,76.21,75.7,76.9,60,1.0
2023-11-09 02:00,76.08,75.6,77.1,60,1.0
2023-11-09 03:00,76.22,75.6,76.8,59,0.983
2023-11-09 04:00,76.06,75.5,76.7,60,1.0
2023-11-09 05:00,76.06,75.5,76.6,60,1.0
2023-11-09 06:00,75.98,75.4,77.0,60,1.0
2023-11-09 07:00,75.96,75.4,76.6,60,1.0
2023-11-09 08:00,75.82,75.3,76.5,60,1.0
2023-11-09 09:00,75.58,75.1,76.5,60,1.0
2023-11-09 10:00,75.49,74.9,76.2,60,1.0
2023-11-09 11:00,75.57,74.8,76.3,58,0.967
2023-11-09 12:00,75.36,74.8,76.1,54,0.9
2023-11-09 13:00,75.19,74.7,76.2,47,0.783
2023-11-09 14:00,75.21,74.6,75.9,59,0.983
2023-11-09 15:00,75.22,74.7,75.9,58,0.967
2023-11-09 16:00,75.47,74.8,76.1,60,1.0
2023-11-09 17:00,75.35,74.7,76.0,59,0.983
2023-11-09 18:00,75.14,74.6,75.9,60,1.0
2023-11-09 19:00,75.22,74.6,76.0,60,1.0
2023-11-09 20:00,75.13,74.5,75.8,60,1.0
2023-11-09 21:00,74.98,74.5,75.7,60,1.0
2023-11-09 22:00,74.9,74.3,75.6,60,1.0
2023-11-09 23:00,74.9,74.4,75.6,60,1.0
2023-11-10 00:00,74.93,74.0,75.6,60,1.0
2023-11-10 01:00,73.79,72.8,75.3,53,0.883
2023-11-10 02:00,74.02,73.5,74.7,52,0.867
2023-11-10 03:00,74.36,72.5,75.3,48,0.8
2023-11-10 04:00,73.31,70.7,75.7,50,0.833
2023-11-10 05:00,75.54,74.7,76.5,60,1.0
2023-11-10 06:00,74.34,72.8,76.0,60,1.0
2023-11-10 07:00,75.35,74.3,76.3,60,1.0
2023-11-10 08:00,76.84,75.9,77.6,60,1.0
2023-11-10 09:00,77.25,76.6,78.1,60,1.0
2023-11-10 10:00,76.3,75.3,77.9,60,1.0
2023-11-10 11:00,77.12,76.4,78.2,60,1.0
2023-11-10 12:00,77.53,76.8,78.3,60,1.0
2023-11-10 13:00,76.78,75.4,78.4,60,1.0
2023-11-10 14:00,76.17,74.8,77.4,60,1.0
2023-11-10 15:00,77.14,76.4,77.9,60,1.0
2023-11-10 16:00,77.3,76.7,78.2,60,1.0
2023-11-10 17:00,77.4,76.8,78.1,60,1.0
2023-11-10 18:00,77.45,76.7,78.1,60,1.0
2023-11-10 19:00,76.97,76.5,77.7,60,1.0
2023-11-10 20:00,76.06,75.3,77.2,60,1.0
2023-11-10 21:00,75.76,72.3,80.5,60,1.0
2023-11-10 22:00,79.68,78.9,80.3,60,1.0
2023-11-10 23:00,79.19,78.6,80.0,60,1.0
2023-11-11 00:00,78.96,78.4,79.8,60,1.0
2023-11-11 01:00,78.78,78.3,79.3,60,1.0
2023-11-11 02:00,78.73,78.2,79.5,60,1.0
2023-11-11 03:00,77.71,77.0,78.4,60,1.0
2023-11-11 04:00,77.7,76.5,79.1,60,1.0
2023-11-11 05:00,78.32,76.4,79.4,60,1.0
2023-11-11 06:00,78.69,78.1,79.6,60,1.0
2023-11-11 07:00,78.78,78.1,79.6,60,1.0
2023-11-11 08:00,78.39,77.5,79.3,60,1.0
2023-11-11 09:00,78.26,77.6,79.0,59,0.983
2023-11-11 10:00,77.79,76.6,78.8,60,1.0
2023-11-11 11:00,77.85,77.1,78.6,60,1.0
2023-11-11 12:00,77.97,77.2,78.7,59,0.983
2023-11-11 13:00,77.91,77.2,78.6,60,1.0
2023-11-11 14:00,77.79,77.1,78.6,60,1.0
2023-11-11 15:00,77.29,75.8,78.5,59,0.983
2023-11-11 16:00,76.84,76.2,77.6,59,0.983
2023-11-11 17:00,76.89,76.3,77.6,60,1.0
2023-11-11 18:00,76.98,76.4,77.6,60,1.0
2023-11-11 19:00,77.17,76.5,78.0,60,1.0
2023-11-11 20:00,77.12,76.5,77.9,59,0.983
2023-11-11 21:00,76.94,76.4,77.5,60,1.0
2023-11-11 22:00,77.06,76.4,77.9,60,1.0
2023-11-11 23:00,75.29,74.2,77.3,60,1.0
2023-11-12 00:00,75.78,74.9,76.6,60,1.0
2023-11-12 01:00,76.25,75.5,77.2,51,0.85
2023-11-12 02:00,75.58,74.9,76.6,49,0.817
2023-11-12 03:00,75.88,75.2,76.6,60,1.0
2023-11-12 04:00,75.99,75.5,76.7,60,1.0
2023-11-12 05:00,75.13,74.3,76.5,60,1.0
2023-11-12 06:00,75.5,74.9,76.5,60,1.0
2023-11-12 07:00,75.78,75.2,76.6,60,1.0
2023-11-12 08:00,76.01,75.4,76.8,60,1.0
2023-11-12 09:00,75.46,74.4,76.7,60,1.0
2023-11-12 10:00,75.24,74.7,76.0,60,1.0
2023-11-12 11:00,74.82,74.0,75.7,60,1.0
2023-11-12 12:00,74.94,74.1,75.8,60,1.0
2023-11-12 13:00,73.93,72.2,75.7,60,1.0
2023-11-12 14:00,75.16,73.6,76.7,60,1.0
2023-11-12 15:00,75.95,74.8,77.0,60,1.0
2023-11-12 16:00,76.66,74.8,77.6,60,1.0
2023-11-12 17:00,77.19,76.6,77.9,60,1.0
2023-11-12 18:00,76.58,74.9,77.9,60,1.0
2023-11-12 19:00,76.84,75.4,77.9,60,1.0
2023-11-12 20:00,77.15,76.5,78.0,60,1.0
2023-11-12 21:00,77.32,76.7,77.9,60,1.0
2023-11-12 22:00,77.32,76.6,78.0,60,1.0
2023-11-12 23:00,77.27,76.5,78.0,60,1.0
2023-11-13 00:00,77.17,76.5,77.9,60,1.0
2023-11-13 01:00,77.02,76.4,77.9,60,1.0
2023-11-13 02:00,76.91,76.3,77.6,60,1.0
2023-11-13 03:00,76.87,76.3,77.6,60,1.0
2023-11-13 04:00,76.8,76.2,77.3,60,1.0
2023-11-13 05:00,76.57,75.9,77.3,60,1.0
2023-11-13 06:00,75.95,75.3,77.3,60,1.0
2023-11-13 07:00,75.93,75.3,76.9,60,1.0
2023-11-13 08:00,76.02,75.4,76.9,60,1.0
2023-11-13 09:00,75.79,75.0,76.6,60,1.0
2023-11-13 10:00,75.87,75.1,76.5,60,1.0
2023-11-13 11:00,75.79,75.1,76.5,60,1.0
2023-11-13 12:00,75.72,74.9,76.3,60,1.0
2023-11-13 13:00,76.37,75.4,77.1,60,1.0
2023-11-13 14:00,76.15,75.6,77.1,60,1.0
2023-11-13 15:00,76.17,75.4,77.0,60,1.0
2023-11-13 16:00,75.92,75.4,76.9,60,1.0
2023-11-13 17:00,76.01,75.4,76.8,60,1.0
2023-11-13 18:00,75.6,74.6,76.6,60,1.0
2023-11-13 19:00,76.03,75.5,77.0,60,1.0
2023-11-13 20:00,75.86,74.9,76.9,60,1.0
2023-11-13 21:00,75.75,75.2,76.5,60,1.0
2023-11-13 22:00,75.84,75.2,76.6,60,1.0
2023-11-13 23:00,75.78,75.2,76.5,60,1.0
2023-11-14 00:00,75.81,75.1,76.5,60,1.0
2023-11-14 01:00,75.45,74.9,76.4,60,1.0
2023-11-14 02:00,75.41,75.0,76.2,54,0.9
2023-11-14 03:00,75.34,74.7,75.9,53,0.883
2023-11-14 04:00,75.12,74.7,75.8,60,1.0
2023-11-14 05:00,75.18,74.7,75.7,60,1.0
2023-11-14 06:00,74.99,74.6,75.6,60,1.0
2023-11-14 07:00,74.99,74.5,76.0,60,1.0
2023-11-14 08:00,74.85,74.1,75.7,60,1.0
2023-11-14 09:00,74.62,74.2,75.5,60,1.0
2023-11-14 10:00,74.74,74.2,75.4,60,1.0
2023-11-14 11:00,74.86,74.2,75.6,60,1.0
2023-11-14 12:00,74.88,74.3,75.5,60,1.0
2023-11-14 13:00,74.94,74.2,75.6,60,1.0
2023-11-14 14:00,75.03,74.4,75.5,60,1.0
2023-11-14 15:00,74.82,74.4,75.7,60,1.0
2023-11-14 16:00,75.08,74.5,75.9,60,1.0
2023-11-14 17:00,75.21,74.6,76.0,60,1.0
2023-11-14 18:00,75.28,74.6,76.0,60,1.0
2023-11-14 19:00,75.04,74.5,75.7,60,1.0
2023-11-14 20:00,75.11,74.6,75.9,60,1.0
2023-11-14 21:00,75.11,74.5,75.9,60,1.0
2023-11-14 22:00,75.2,74.5,75.8,60,1.0
2023-11-14 23:00,75.15,74.5,75.8,60,1.0
2023-11-15 00:00,74.99,74.4,75.7,59,0.983
2023-11-15 01:00,75.01,74.3,75.7,60,1.0
2023-11-15 02:00,74.78,74.2,75.6,60,1.0
2023-11-15 03:00,74.86,74.2,75.6,60,1.0
2023-11-15 04:00,74.7,73.9,75.5,60,1.0
2023-11-15 05:00,74.58,73.9,75.4,60,1.0
2023-11-15 06:00,74.59,73.9,75.3,60,1.0
2023-11-15 07:00,74.39,73.8,75.3,60,1.0
2023-11-15 08:00,74.19,73.7,75.0,60,1.0
2023-11-15 09:00,74.11,73.5,74.9,60,1.0
2023-11-15 10:00,74.11,73.5,74.9,60,1.0
2023-11-15 11:00,73.85,73.4,74.4,60,1.0
2023-11-15 12:00,74.06,73.4,74.7,60,1.0
2023-11-15 13:00,74.18,73.5,74.7,60,1.0
2023-11-15 14:00,74.19,73.5,74.8,60,1.0
2023-11-15 15:00,74.16,73.6,74.8,60,1.0
2023-11-15 16:00,74.01,73.5,74.8,60,1.0
2023-11-15 17:00,74.23,73.6,74.9,60,1.0
2023-11-15 18:00,74.27,73.6,75.0,60,1.0
2023-11-15 19:00,74.15,73.5,74.9,60,1.0
2023-11-15 20:00,74.08,73.4,74.8,60,1.0
2023-11-15 21:00,74.14,73.5,74.8,60,1.0
2023-11-15 22:00,73.88,73.4,74.4,60,1.0
2023-11-15 23:00,73.83,73.4,74.6,60,1.0
2023-11-16 00:00,74.01,73.4,74.6,60,1.0
2023-11-16 01:00,73.9,73.3,74.6,60,1.0
2023-11-16 02:00,73.83,73.3,74.6,60,1.0
2023-11-16 03:00,73.73,73.2,74.4,60,1.0
2023-11-16 04:00,73.8,73.1,74.5,54,0.9
2023-11-16 05:00,73.82,73.2,74.4,51,0.85
2023-11-16 06:00,73.76,73.1,74.4,52,0.867
2023-11-16 07:00,73.69,73.0,74.4,60,1.0
2023-11-16 08:00,73.31,72.8,74.2,60,1.0
2023-11-16 09:00,73.43,72.8,74.1,60,1.0
2023-11-16 10:00,73.35,72.7,74.1,60,1.0
2023-11-16 11:00,73.17,72.7,73.8,60,1.0
2023-11-16 12:00,73.29,72.6,73.9,60,1.0
2023-11-16 13:00,73.09,72.6,73.8,60,1.0
2023-11-16 14:00,72.99,72.5,73.7,60,1.0
2023-11-16 15:00,73.0,72.6,73.6,60,1.0
2023-11-16 16:00,73.16,72.7,74.0,60,1.0
2023-11-16 17:00,73.39,72.6,74.0,60,1.0
2023-11-16 18:00,73.29,72.7,74.0,60,1.0
2023-11-16 19:00,73.12,72.7,73.8,60,1.0
2023-11-16 20:00,73.09,72.7,73.9,60,1.0
2023-11-16 21:00,73.29,72.6,73.9,60,1.0
2023-11-16 22:00,72.94,72.5,73.9,60,1.0
2023-11-16 23:00,72.83,72.4,73.5,60,1.0
2023-11-17 00:00,72.6,71.7,73.3,60,1.0
2023-11-17 01:00,72.35,71.9,73.0,60,1.0
2023-11-17 02:00,72.46,72.0,73.1,60,1.0
2023-11-17 03:00,72.56,72.1,73.1,60,1.0
2023-11-17 04:00,72.51,72.0,73.1,60,1.0
2023-11-17 05:00,72.56,72.0,73.3,60,1.0
2023-11-17 06:00,72.58,71.9,73.2,60,1.0
2023-11-17 07:00,72.48,71.9,73.5,60,1.0
2023-11-17 08:00,72.33,71.9,72.8,60,1.0
2023-11-17 09:00,71.71,70.7,72.5,60,1.0
2023-11-17 10:00,71.04,68.7,72.7,60,1.0
2023-11-17 11:00,72.26,71.4,73.2,60,1.0
2023-11-17 12:00,72.81,72.1,73.6,60,1.0
2023-11-17 13:00,73.19,72.7,73.9,60,1.0
2023-11-17 14:00,73.37,72.8,74.3,60,1.0
2023-11-17 15:00,73.5,73.0,74.2,60,1.0
2023-11-17 16:00,73.58,73.0,74.3,60,1.0
2023-11-17 17:00,73.6,72.5,74.4,60,1.0
2023-11-17 18:00,73.61,73.1,74.3,60,1.0
2023-11-17 19:00,73.41,72.9,73.9,60,1.0
2023-11-17 20:00,73.41,72.9,74.0,60,1.0
2023-11-17 21:00,73.34,72.9,73.9,60,1.0
2023-11-17 22:00,73.36,72.9,74.0,60,1.0
2023-11-17 23:00,73.51,73.0,74.3,60,1.0
2023-11-18 00:00,73.6,73.1,74.2,60,1.0
2023-11-18 01:00,73.82,73.3,74.6,60,1.0
2023-11-18 02:00,73.78,73.4,74.3,49,0.817
2023-11-18 03:00,73.95,73.4,74.7,53,0.883
2023-11-18 04:00,73.83,73.3,74.5,60,1.0
2023-11-18 05:00,73.67,73.2,74.3,60,1.0
2023-11-18 06:00,73.56,73.1,74.3,58,0.967
2023-11-18 07:00,73.55,73.1,74.1,60,1.0
2023-11-18 08:00,73.41,73.0,73.9,60,1.0
2023-11-18 09:00,73.44,72.9,74.1,60,1.0
2023-11-18 10:00,73.23,72.8,73.8,60,1.0
2023-11-18 11:00,73.11,72.7,73.9,60,1.0
2023-11-18 12:00,73.09,72.6,73.7,60,1.0
2023-11-18 13:00,72.96,72.5,73.5,60,1.0
2023-11-18 14:00,72.93,72.5,73.6,60,1.0
2023-11-18 15:00,72.84,72.4,73.3,60,1.0
2023-11-18 16:00,72.91,72.3,73.6,60,1.0
2023-11-18 17:00,73.01,72.4,73.5,60,1.0
2023-11-18 18:00,72.91,72.3,73.5,60,1.0
2023-11-18 19:00,72.81,72.2,73.3,60,1.0
2023-11-18 20:00,72.72,72.2,73.3,60,1.0
2023-11-18 21:00,72.45,72.0,73.0,60,1.0
2023-11-18 22:00,72.31,71.9,72.7,60,1.0
2023-11-18 23:00,72.32,71.9,72.9,60,1.0
2023-11-19 00:00,72.26,71.9,72.9,60,1.0
2023-11-19 01:00,72.27,71.8,73.1,60,1.0
2023-11-19 02:00,72.21,71.8,72.8,60,1.0
2023-11-19 03:00,72.11,71.8,72.6,60,1.0
2023-11-19 04:00,72.16,71.7,72.9,60,1.0
2023-11-19 05:00,72.16,71.7,72.9,60,1.0
2023-11-19 06:00,72.14,71.7,72.6,60,1.0
2023-11-19 07:00,72.29,71.7,72.9,60,1.0
2023-11-19 08:00,72.12,71.6,72.7,60,1.0
2023-11-19 09:00,72.03,71.5,72.6,60,1.0
2023-11-19 10:00,72.04,71.5,72.8,60,1.0
2023-11-19 11:00,71.85,71.4,72.5,60,1.0
2023-11-19 12:00,71.76,71.4,72.4,60,1.0
2023-11-19 13:00,71.88,71.4,72.4,60,1.0
2023-11-19 14:00,71.83,71.3,72.3,60,1.0
2023-11-19 15:00,71.76,71.2,72.5,60,1.0
2023-11-19 16:00,71.76,71.2,72.4,60,1.0
2023-11-19 17:00,71.63,71.1,72.3,60,1.0
2023-11-19 18:00,71.56,71.1,72.0,60,1.0
2023-11-19 19:00,71.46,71.0,72.2,60,1.0
2023-11-19 20:00,71.47,71.0,72.1,60,1.0
2023-11-19 21:00,71.51,71.0,72.1,59,0.983
2023-11-19 22:00,71.52,71.0,72.2,60,1.0
2023-11-19 23:00,71.28,70.9,72.0,59,0.983
2023-11-20 00:00,71.33,70.9,71.8,60,1.0
2023-11-20 01:00,71.23,70.9,71.7,60,1.0
2023-11-20 02:00,71.2,70.8,71.7,60,1.0
2023-11-20 03:00,71.23,70.8,71.9,60,1.0
2023-11-20 04:00,71.18,70.7,71.9,60,1.0
2023-11-20 05:00,71.14,70.8,71.7,60,1.0
2023-11-20 06:00,71.14,70.7,71.7,49,0.817
2023-11-20 07:00,71.14,70.7,71.8,43,0.717
2023-11-20 08:00,71.08,70.6,71.7,60,1.0
2023-11-20 09:00,71.07,70.6,71.7,59,0.983
2023-11-20 10:00,71.08,70.5,71.8,60,1.0
2023-11-20 11:00,71.07,70.5,71.6,60,1.0
2023-11-20 12:00,71.08,70.5,71.6,59,0.983
2023-11-20 13:00,70.99,70.4,71.5,60,1.0
2023-11-20 14:00,70.92,70.3,71.5,59,0.983
2023-11-20 15:00,70.79,70.3,71.5,60,1.0
2023-11-20 16:00,70.8,70.3,71.4,59,0.983
2023-11-20 17:00,70.75,70.3,71.2,60,1.0
2023-11-20 18:00,70.68,70.3,71.3,59,0.983
2023-11-20 19:00,70.64,70.3,71.2,60,1.0
2023-11-20 20:00,70.54,70.2,71.3,60,1.0
2023-11-20 21:00,70.52,70.2,71.1,60,1.0
2023-11-20 22:00,70.61,70.1,71.3,60,1.0
2023-11-20 23:00,70.68,70.1,71.2,60,1.0
2023-11-21 00:00,70.67,70.1,71.2,60,1.0
2023-11-21 01:00,70.68,70.2,71.1,47,0.783
2023-11-21 02:00,70.68,70.1,71.1,60,1.0
2023-11-21 03:00,70.61,70.0,71.1,60,1.0
2023-11-21 04:00,70.59,70.1,71.1,60,1.0
2023-11-21 05:00,70.52,69.9,71.2,60,1.0
2023-11-21 06:00,70.4,70.0,70.9,60,1.0
2023-11-21 07:00,70.46,69.9,71.0,60,1.0
2023-11-21 08:00,70.4,69.9,71.1,60,1.0
2023-11-21 09:00,70.27,69.9,70.8,60,1.0
2023-11-21 10:00,70.21,69.8,70.7,60,1.0
2023-11-21 11:00,70.14,69.8,70.8,60,1.0
2023-11-21 12:00,70.09,69.7,70.6,60,1.0
2023-11-21 13:00,70.15,69.7,70.8,60,1.0
2023-11-21 14:00,70.2,69.8,70.7,60,1.0
2023-11-21 15:00,70.11,69.7,70.6,60,1.0
2023-11-21 16:00,70.13,69.7,70.7,60,1.0
2023-11-21 17:00,70.24,69.6,70.9,60,1.0
2023-11-21 18:00,70.16,69.6,70.7,60,1.0
2023-11-21 19:00,70.01,69.5,70.5,60,1.0
2023-11-21 20:00,70.03,69.5,70.6,60,1.0
2023-11-21 21:00,69.85,69.5,70.3,60,1.0
2023-11-21 22:00,70.45,70.0,71.2,60,1.0
2023-11-21 23:00,70.64,70.2,71.2,60,1.0
2023-11-22 00:00,70.83,70.4,71.3,60,1.0
2023-11-22 01:00,70.8,70.4,71.6,60,1.0
2023-11-22 02:00,71.11,70.7,71.6,60,1.0
2023-11-22 03:00,71.01,70.5,71.6,60,1.0
2023-11-22 04:00,71.21,70.7,71.8,60,1.0
2023-11-22 05:00,71.24,70.6,71.8,60,1.0
2023-11-22 06:00,71.3,70.6,71.8,60,1.0
2023-11-22 07:00,71.18,70.6,71.8,60,1.0
2023-11-22 08:00,71.1,70.6,71.7,60,1.0
2023-11-22 09:00,71.2,70.5,71.6,60,1.0
2023-11-22 10:00,70.84,70.4,71.6,60,1.0
2023-11-22 11:00,71.17,70.5,71.6,60,1.0
2023-11-22 12:00,70.96,70.4,71.5,60,1.0
2023-11-22 13:00,70.99,70.3,71.5,60,1.0
2023-11-22 14:00,70.78,70.3,71.4,60,1.0
2023-11-22 15:00,70.94,70.3,71.5,60,1.0
2023-11-22 16:00,70.84,70.3,71.5,60,1.0
2023-11-22 17:00,70.83,70.3,71.4,60,1.0
2023-11-22 18:00,70.6,70.2,71.3,55,0.917
2023-11-22 19:00,70.56,70.1,71.1,45,0.75
2023-11-22 20:00,70.66,70.1,71.3,60,1.0
2023-11-22 21:00,70.65,70.0,71.2,60,1.0
2023-11-22 22:00,70.58,70.0,71.1,60,1.0
2023-11-22 23:00,70.52,69.9,71.0,60,1.0
2023-11-23 00:00,70.41,69.8,70.9,60,1.0
2023-11-23 01:00,70.21,69.8,70.9,60,1.0
2023-11-23 02:00,70.26,69.8,70.8,60,1.0
2023-11-23 03:00,70.28,69.8,70.8,60,1.0
2023-11-23 04:00,69.94,69.6,70.5,60,1.0
2023-11-23 05:00,69.87,69.5,70.5,60,1.0
2023-11-23 06:00,70.07,69.5,70.7,60,1.0
2023-11-23 07:00,69.96,69.4,70.5,60,1.0
2023-11-23 08:00,69.89,69.3,70.4,60,1.0
2023-11-23 09:00,69.84,69.3,70.4,59,0.983
2023-11-23 10:00,69.82,69.2,70.4,59,0.983
2023-11-23 11:00,69.66,69.2,70.2,60,1.0
2023-11-23 12:00,69.48,69.1,70.1,60,1.0
2023-11-23 13:00,69.45,69.1,70.0,60,1.0
2023-11-23 14:00,69.35,69.0,70.0,60,1.0
2023-11-23 15:00,69.55,69.0,70.0,60,1.0
2023-11-23 16:00,69.57,69.2,70.0,60,1.0
2023-11-23 17:00,69.41,69.0,70.0,59,0.983
2023-11-23 18:00,69.27,68.9,69.9,44,0.733
2023-11-23 19:00,69.15,68.8,69.6,58,0.967
2023-11-23 20:00,69.12,68.8,69.6,60,1.0
2023-11-23 21:00,69.13,68.7,69.6,54,0.9
2023-11-23 22:00,69.17,68.7,69.8,52,0.867
2023-11-23 23:00,69.22,68.7,69.7,44,0.733
2023-11-24 00:00,69.27,68.7,69.7,50,0.833
2023-11-24 01:00,69.16,68.6,69.6,59,0.983
2023-11-24 02:00,69.17,68.6,69.6,60,1.0
2023-11-24 03:00,69.14,68.7,69.6,60,1.0
2023-11-24 04:00,69.12,68.6,69.7,60,1.0
2023-11-24 05:00,69.07,68.5,69.6,60,1.0
2023-11-24 06:00,69.07,68.5,69.5,60,1.0
2023-11-24 07:00,68.92,68.5,69.4,60,1.0
2023-11-24 08:00,68.93,68.5,69.4,60,1.0
2023-11-24 09:00,69.01,68.5,69.5,60,1.0
2023-11-24 10:00,68.97,68.6,69.6,59,0.983
2023-11-24 11:00,69.12,68.7,69.8,60,1.0
2023-11-24 12:00,69.24,68.7,69.8,60,1.0
2023-11-24 13:00,69.27,68.9,69.7,60,1.0
2023-11-24 14:00,69.25,68.8,69.7,60,1.0
2023-11-24 15:00,69.15,68.6,69.7,60,1.0
2023-11-24 16:00,69.14,68.6,69.6,60,1.0
2023-11-24 17:00,68.82,68.5,69.3,60,1.0
2023-11-24 18:00,68.95,68.6,69.4,60,1.0
2023-11-24 19:00,69.05,68.6,69.7,60,1.0
2023-11-24 20:00,69.17,68.7,69.7,60,1.0
2023-11-24 21:00,69.11,68.7,69.8,60,1.0
2023-11-24 22:00,68.97,68.6,69.7,60,1.0
2023-11-24 23:00,69.22,68.6,69.7,53,0.883
2023-11-25 00:00,69.21,68.6,69.7,60,1.0
2023-11-25 01:00,69.15,68.6,69.7,60,1.0
2023-11-25 02:00,69.14,68.5,69.7,60,1.0
2023-11-25 03:00,69.13,68.7,69.6,60,1.0
2023-11-25 04:00,69.1,68.5,69.7,60,1.0
2023-11-25 05:00,69.09,68.5,69.6,60,1.0
2023-11-25 06:00,69.3,68.5,70.1,60,1.0
2023-11-25 07:00,69.85,69.2,70.6,60,1.0
2023-11-25 08:00,70.45,69.7,71.0,60,1.0
2023-11-25 09:00,71.27,70.4,72.0,60,1.0
2023-11-25 10:00,71.64,71.0,72.2,60,1.0
2023-11-25 11:00,71.51,71.1,72.1,60,1.0
2023-11-25 12:00,71.63,71.1,72.4,60,1.0
2023-11-25 13:00,72.0,71.5,72.6,60,1.0
2023-11-25 14:00,72.05,71.6,72.7,60,1.0
2023-11-25 15:00,72.02,71.5,72.7,60,1.0
2023-11-25 16:00,72.0,71.5,72.5,60,1.0
2023-11-25 17:00,71.96,71.4,72.6,60,1.0
2023-11-25 18:00,71.96,71.4,72.5,60,1.0
2023-11-25 19:00,71.82,71.2,72.4,60,1.0
2023-11-25 20:00,71.76,71.2,72.3,60,1.0
2023-11-25 21:00,71.62,70.9,72.2,60,1.0
2023-11-25 22:00,71.42,70.9,72.0,60,1.0
2023-11-25 23:00,71.23,70.7,71.8,52,0.867
2023-11-26 00:00,71.14,70.6,71.8,60,1.0
2023-11-26 01:00,71.19,70.6,71.7,56,0.933
2023-11-26 02:00,70.79,70.4,71.3,45,0.75
2023-11-26 03:00,70.82,70.3,71.5,60,1.0
2023-11-26 04:00,70.72,70.3,71.4,55,0.917
2023-11-26 05:00,70.55,70.2,70.9,48,0.8
2023-11-26 06:00,70.65,70.2,71.3,48,0.8
2023-11-26 07:00,70.54,70.1,71.2,54,0.9
2023-11-26 08:00,70.48,70.0,71.1,49,0.817
2023-11-26 09:00,70.67,70.1,71.1,52,0.867
2023-11-26 10:00,70.45,69.9,70.9,48,0.8
2023-11-26 11:00,70.49,69.9,70.9,60,1.0
2023-11-26 12:00,70.19,69.8,70.8,60,1.0
2023-11-26 13:00,70.27,69.8,70.9,60,1.0
2023-11-26 14:00,70.24,69.7,70.8,60,1.0
2023-11-26 15:00,70.13,69.7,70.7,60,1.0
2023-11-26 16:00,69.9,69.6,70.3,60,1.0
2023-11-26 17:00,69.91,69.6,70.4,60,1.0
2023-11-26 18:00,70.05,69.5,70.7,60,1.0
2023-11-26 19:00,70.01,69.4,70.7,54,0.9
2023-11-26 20:00,69.99,69.4,70.5,47,0.783
2023-11-26 21:00,69.74,69.3,70.5,60,1.0
2023-11-26 22:00,69.85,69.2,70.3,60,1.0
2023-11-26 23:00,69.66,69.2,70.2,60,1.0
2023-11-27 00:00,69.57,69.2,70.2,60,1.0
2023-11-27 01:00,69.58,69.2,70.3,60,1.0
2023-11-27 02:00,69.61,69.2,70.2,60,1.0
2023-11-27 03:00,69.69,69.1,70.3,60,1.0
2023-11-27 04:00,69.71,69.1,70.2,60,1.0
2023-11-27 05:00,69.68,69.0,70.2,60,1.0
2023-11-27 06:00,69.54,69.0,70.1,60,1.0
2023-11-27 07:00,69.53,69.0,70.1,60,1.0
2023-11-27 08:00,69.55,69.0,69.9,59,0.983
2023-11-27 09:00,69.47,68.9,70.0,59,0.983
2023-11-27 10:00,69.29,68.9,69.9,60,1.0
2023-11-27 11:00,69.35,68.8,69.9,60,1.0
2023-11-27 12:00,69.32,68.8,69.9,60,1.0
2023-11-27 13:00,69.18,68.8,69.7,60,1.0
2023-11-27 14:00,69.13,68.7,69.8,60,1.0
2023-11-27 15:00,69.03,68.7,69.5,60,1.0
2023-11-27 16:00,69.0,68.7,69.7,60,1.0
2023-11-27 17:00,69.19,68.6,69.7,60,1.0
2023-11-27 18:00,69.17,68.6,69.6,60,1.0
2023-11-27 19:00,69.39,68.7,70.2,60,1.0
2023-11-27 20:00,69.86,69.3,70.7,60,1.0
2023-11-27 21:00,70.19,69.2,70.9,60,1.0
2023-11-27 22:00,70.94,68.9,74.4,60,1.0
2023-11-27 23:00,76.14,74.2,78.0,59,0.983
2023-11-28 00:00,78.01,76.9,78.9,60,1.0
2023-11-28 01:00,78.49,78.0,79.2,59,0.983
2023-11-28 02:00,78.4,77.8,79.1,59,0.983
2023-11-28 03:00,78.48,78.1,79.4,59,0.983
2023-11-28 04:00,78.06,77.4,78.8,60,1.0
2023-11-28 05:00,79.3,78.5,80.1,60,1.0
2023-11-28 06:00,81.09,79.3,82.6,60,1.0
2023-11-28 07:00,80.3,79.4,81.9,60,1.0
2023-11-28 08:00,78.9,78.0,79.8,60,1.0
2023-11-28 09:00,77.8,77.1,78.6,60,1.0
2023-11-28 10:00,77.14,76.4,77.8,60,1.0
2023-11-28 11:00,76.62,75.3,77.3,60,1.0
2023-11-28 12:00,76.34,75.5,77.2,60,1.0
2023-11-28 13:00,76.55,75.7,77.5,60,1.0
2023-11-28 14:00,77.13,76.5,77.7,60,1.0
2023-11-28 15:00,77.2,76.5,78.0,60,1.0
2023-11-28 16:00,77.02,75.2,77.9,60,1.0
2023-11-28 17:00,76.26,75.6,76.9,60,1.0
2023-11-28 18:00,75.76,74.2,76.9,60,1.0
2023-11-28 19:00,75.52,74.4,76.4,60,1.0
2023-11-28 20:00,75.32,74.4,76.3,60,1.0
2023-11-28 21:00,75.4,74.7,76.1,60,1.0
2023-11-28 22:00,75.53,74.9,76.4,60,1.0
2023-11-28 23:00,75.5,74.8,76.2,60,1.0
2023-11-29 00:00,75.6,75.0,76.3,60,1.0
2023-11-29 01:00,75.49,73.7,76.1,60,1.0
2023-11-29 02:00,75.66,74.0,76.5,60,1.0
2023-11-29 03:00,75.65,75.0,76.3,60,1.0
2023-11-29 04:00,75.38,74.7,76.1,60,1.0
2023-11-29 05:00,75.46,74.7,76.2,60,1.0
2023-11-29 06:00,75.4,74.4,76.2,60,1.0
2023-11-29 07:00,75.23,74.1,76.2,60,1.0
2023-11-29 08:00,75.32,74.7,76.0,60,1.0
2023-11-29 09:00,75.22,74.6,76.0,60,1.0
2023-11-29 10:00,75.1,74.4,75.8,60,1.0
2023-11-29 11:00,75.1,74.4,75.8,54,0.9
2023-11-29 12:00,75.14,74.5,75.9,54,0.9
2023-11-29 13:00,75.24,74.6,76.0,46,0.767
2023-11-29 14:00,75.47,74.8,76.1,60,1.0
2023-11-29 15:00,75.41,74.8,76.3,60,1.0
2023-11-29 16:00,75.49,74.9,76.3,56,0.933
2023-11-29 17:00,75.48,74.9,76.3,42,0.7
2023-11-29 18:00,75.47,75.0,76.3,58,0.967
2023-11-29 19:00,75.55,75.0,76.3,59,0.983
2023-11-29 20:00,75.68,74.9,76.3,50,0.833
2023-11-29 21:00,75.76,75.0,76.5,58,0.967
2023-11-29 22:00,75.69,75.0,76.4,55,0.917
2023-11-29 23:00,75.35,74.9,75.9,54,0.9
2023-11-30 00:00,75.38,74.8,76.1,52,0.867
2023-11-30 01:00,75.37,74.6,76.0,46,0.767
2023-11-30 02:00,75.28,74.6,76.0,60,1.0
2023-11-30 03:00,75.3,74.6,75.8,60,1.0
2023-11-30 04:00,75.11,74.5,75.8,60,1.0
2023-11-30 05:00,75.11,74.3,75.8,59,0.983
2023-11-30 06:00,74.8,73.0,75.8,60,1.0
2023-11-30 07:00,71.91,69.9,73.8,60,1.0
2023-11-30 08:00,72.72,70.2,75.6,60,1.0
2023-11-30 09:00,75.58,74.8,76.4,60,1.0
2023-11-30 10:00,74.88,73.4,75.9,60,1.0
2023-11-30 11:00,76.59,74.9,77.3,60,1.0
2023-11-30 12:00,76.77,76.1,77.5,60,1.0
2023-11-30 13:00,76.66,75.9,77.4,60,1.0
2023-11-30 14:00,76.45,75.8,77.1,60,1.0
2023-11-30 15:00,76.39,75.8,77.3,60,1.0
2023-11-30 16:00,76.39,75.8,77.1,60,1.0
2023-11-30 17:00,76.39,75.9,77.2,60,1.0
2023-11-30 18:00,76.52,75.7,77.4,60,1.0
2023-11-30 19:00,76.66,76.0,77.4,60,1.0
2023-11-30 20:00,76.87,76.1,77.5,60,1.0
2023-11-30 21:00,76.76,76.1,77.6,60,1.0
2023-11-30 22:00,76.94,76.2,77.7,60,1.0
2023-11-30 23:00,76.9,76.2,77.6,60,1.0
2023-12-01 00:00,76.51,75.7,77.1,60,1.0
2023-12-01 01:00,76.34,75.7,76.9,60,1.0
2023-12-01 02:00,76.4,75.7,77.1,60,1.0
2023-12-01 03:00,76.38,75.8,77.0,60,1.0
2023-12-01 04:00,76.26,75.4,76.9,60,1.0
2023-12-01 05:00,76.16,75.4,76.8,60,1.0
2023-12-01 06:00,75.99,75.2,76.8,60,1.0
2023-12-01 07:00,75.66,75.1,76.5,60,1.0
2023-12-01 08:00,75.72,74.9,76.6,60,1.0
2023-12-01 09:00,75.47,74.6,76.2,60,1.0
2023-12-01 10:00,75.4,74.8,76.2,60,1.0
2023-12-01 11:00,75.17,74.8,75.9,60,1.0
2023-12-01 12:00,75.69,74.9,76.5,60,1.0
2023-12-01 13:00,75.86,75.2,76.5,60,1.0
2023-12-01 14:00,76.05,75.3,76.6,60,1.0
2023-12-01 15:00,76.03,75.4,76.7,60,1.0
2023-12-01 16:00,75.88,75.3,76.6,60,1.0
2023-12-01 17:00,75.84,75.2,76.8,60,1.0
2023-12-01 18:00,75.89,75.2,76.5,60,1.0
2023-12-01 19:00,75.81,75.1,76.4,60,1.0
2023-12-01 20:00,75.67,74.9,76.4,60,1.0
2023-12-01 21:00,75.57,74.9,76.0,60,1.0
2023-12-01 22:00,75.35,74.7,76.0,60,1.0
2023-12-01 23:00,75.44,74.8,76.1,60,1.0
2023-12-02 00:00,75.35,74.6,76.0,60,1.0
2023-12-02 01:00,75.15,74.5,75.7,60,1.0
2023-12-02 02:00,75.08,74.4,75.7,60,1.0
2023-12-02 03:00,74.88,74.3,75.6,60,1.0
2023-12-02 04:00,74.83,74.3,75.5,60,1.0
2023-12-02 05:00,74.76,74.2,75.4,60,1.0
2023-12-02 06:00,74.74,74.3,75.4,60,1.0
2023-12-02 07:00,74.66,74.1,75.3,60,1.0
2023-12-02 08:00,74.44,74.0,75.2,60,1.0
2023-12-02 09:00,74.29,73.8,74.9,60,1.0
2023-12-02 10:00,74.22,73.8,74.9,60,1.0
2023-12-02 11:00,74.11,73.7,75.0,60,1.0
2023-12-02 12:00,74.38,73.7,75.0,59,0.983
2023-12-02 13:00,74.27,73.7,74.8,49,0.817
2023-12-02 14:00,74.19,73.7,75.0,57,0.95
2023-12-02 15:00,74.17,73.7,74.7,60,1.0
2023-12-02 16:00,74.11,73.7,74.6,60,1.0
2023-12-02 17:00,74.1,73.6,74.8,60,1.0
2023-12-02 18:00,74.2,73.6,74.8,60,1.0
2023-12-02 19:00,74.03,73.5,74.8,60,1.0
2023-12-02 20:00,73.91,73.4,74.4,60,1.0
2023-12-02 21:00,73.8,73.4,74.4,60,1.0
2023-12-02 22:00,73.92,73.3,74.6,60,1.0
2023-12-02 23:00,73.82,73.3,74.4,60,1.0
2023-12-03 00:00,73.88,73.4,74.6,60,1.0
2023-12-03 01:00,73.96,73.3,74.7,60,1.0
2023-12-03 02:00,74.1,73.3,74.7,60,1.0
2023-12-03 03:00,73.78,73.2,74.3,60,1.0
2023-12-03 04:00,73.7,73.0,74.4,60,1.0
2023-12-03 05:00,73.76,73.1,74.4,60,1.0
2023-12-03 06:00,73.77,73.1,74.5,60,1.0
2023-12-03 07:00,73.86,73.2,74.4,60,1.0
2023-12-03 08:00,73.68,73.1,74.2,60,1.0
2023-12-03 09:00,73.58,73.1,74.2,60,1.0
2023-12-03 10:00,73.5,73.1,74.2,60,1.0
2023-12-03 11:00,73.48,73.0,74.2,60,1.0
2023-12-03 12:00,73.45,73.0,74.1,60,1.0
2023-12-03 13:00,73.46,72.9,74.0,60,1.0
2023-12-03 14:00,73.44,72.9,74.1,60,1.0
2023-12-03 15:00,73.26,72.9,73.6,60,1.0
2023-12-03 16:00,73.32,72.9,73.8,60,1.0
2023-12-03 17:00,73.39,72.8,73.9,60,1.0
2023-12-03 18:00,73.47,73.0,74.0,60,1.0
2023-12-03 19:00,73.41,72.8,73.9,60,1.0
2023-12-03 20:00,73.17,72.6,73.8,60,1.0
2023-12-03 21:00,73.08,72.5,73.6,60,1.0
2023-12-03 22:00,73.08,72.5,73.7,60,1.0
2023-12-03 23:00,73.05,72.5,73.7,60,1.0
2023-12-04 00:00,73.01,72.4,73.8,60,1.0
2023-12-04 01:00,72.98,72.4,73.6,60,1.0
2023-12-04 02:00,72.8,72.3,73.4,60,1.0
2023-12-04 03:00,72.62,72.3,73.2,60,1.0
2023-12-04 04:00,72.62,72.2,73.2,60,1.0
2023-12-04 05:00,72.7,72.2,73.3,60,1.0
2023-12-04 06:00,72.67,72.1,73.4,60,1.0
2023-12-04 07:00,72.69,72.1,73.2,60,1.0
2023-12-04 08:00,72.52,72.0,73.2,55,0.917
2023-12-04 09:00,72.42,72.0,73.1,44,0.733
2023-12-04 10:00,72.49,71.9,73.0,46,0.767
2023-12-04 11:00,72.33,71.8,72.9,51,0.85
2023-12-04 12:00,72.11,71.7,72.9,60,1.0
2023-12-04 13:00,72.28,71.7,72.8,60,1.0
2023-12-04 14:00,72.32,71.8,72.8,60,1.0
2023-12-04 15:00,72.22,71.7,72.9,60,1.0
2023-12-04 16:00,71.92,71.5,72.4,60,1.0
2023-12-04 17:00,71.96,71.5,72.5,60,1.0
2023-12-04 18:00,71.99,71.6,72.5,60,1.0
2023-12-04 19:00,72.04,71.5,72.6,60,1.0
2023-12-04 20:00,71.96,71.4,72.5,60,1.0
2023-12-04 21:00,71.94,71.5,72.6,60,1.0
2023-12-04 22:00,72.03,71.5,72.5,60,1.0
2023-12-04 23:00,71.95,71.3,72.5,60,1.0
2023-12-05 00:00,71.9,71.3,72.3,60,1.0
2023-12-05 01:00,71.84,71.3,72.5,60,1.0
2023-12-05 02:00,72.02,71.4,72.6,60,1.0
2023-12-05 03:00,71.44,69.9,72.6,60,1.0
2023-12-05 04:00,71.85,69.8,74.3,60,1.0
2023-12-05 05:00,73.74,71.1,76.2,60,1.0
2023-12-05 06:00,77.11,76.0,78.2,60,1.0
2023-12-05 07:00,77.83,77.1,78.4,60,1.0
2023-12-05 08:00,77.56,77.0,78.4,60,1.0
2023-12-05 09:00,77.69,77.0,78.4,60,1.0
2023-12-05 10:00,77.06,75.3,78.0,60,1.0
2023-12-05 11:00,77.73,77.1,78.6,60,1.0
2023-12-05 12:00,76.76,75.2,78.0,60,1.0
2023-12-05 13:00,77.48,76.4,78.2,60,1.0
2023-12-05 14:00,76.51,74.4,78.0,60,1.0
2023-12-05 15:00,76.69,75.8,77.5,60,1.0
2023-12-05 16:00,76.63,75.7,77.1,60,1.0
2023-12-05 17:00,76.56,75.9,77.3,60,1.0
2023-12-05 18:00,77.04,76.4,77.6,60,1.0
2023-12-05 19:00,76.82,76.3,77.4,60,1.0
2023-12-05 20:00,76.87,76.2,77.7,60,1.0
2023-12-05 21:00,76.68,76.1,77.3,60,1.0
2023-12-05 22:00,76.66,76.1,77.4,60,1.0
2023-12-05 23:00,76.72,76.1,77.5,60,1.0
2023-12-06 00:00,75.99,73.3,77.5,60,1.0
2023-12-06 01:00,76.16,74.9,77.2,60,1.0
2023-12-06 02:00,76.54,75.9,77.2,60,1.0
2023-12-06 03:00,76.66,76.0,77.3,60,1.0
2023-12-06 04:00,76.32,75.6,77.1,60,1.0
2023-12-06 05:00,76.06,75.4,76.9,60,1.0
2023-12-06 06:00,76.19,75.5,77.0,53,0.883
2023-12-06 07:00,76.21,75.5,77.0,49,0.817
2023-12-06 08:00,76.28,75.4,77.2,60,1.0
2023-12-06 09:00,76.04,75.4,76.8,60,1.0
2023-12-06 10:00,75.92,75.3,76.5,60,1.0
2023-12-06 11:00,75.96,75.4,76.6,60,1.0
2023-12-06 12:00,75.77,75.3,76.3,59,0.983
2023-12-06 13:00,75.94,75.4,76.9,60,1.0
2023-12-06 14:00,76.2,75.7,76.9,60,1.0
2023-12-06 15:00,76.2,75.5,76.8,60,1.0
2023-12-06 16:00,76.19,75.7,76.9,60,1.0
2023-12-06 17:00,76.31,75.7,77.0,60,1.0
2023-12-06 18:00,76.45,75.8,77.0,60,1.0
2023-12-06 19:00,76.43,75.7,77.0,60,1.0
2023-12-06 20:00,76.28,75.4,76.9,60,1.0
2023-12-06 21:00,76.05,75.4,76.7,59,0.983
2023-12-06 22:00,75.98,75.4,76.8,59,0.983
2023-12-06 23:00,76.21,75.4,76.9,58,0.967
2023-12-07 00:00,76.01,75.2,76.7,58,0.967
2023-12-07 01:00,76.02,75.4,76.6,60,1.0
2023-12-07 02:00,76.38,75.8,77.1,59,0.983
2023-12-07 03:00,76.29,75.7,76.9,60,1.0
2023-12-07 04:00,76.19,75.7,76.8,60,1.0
2023-12-07 05:00,76.19,75.7,76.9,60,1.0
2023-12-07 06:00,76.2,75.7,77.1,60,1.0
2023-12-07 07:00,76.24,75.8,77.0,60,1.0
2023-12-07 08:00,76.26,75.7,76.9,60,1.0
2023-12-07 09:00,76.4,75.7,77.2,60,1.0
2023-12-07 10:00,76.15,75.6,76.7,60,1.0
2023-12-07 11:00,76.22,75.6,77.0,60,1.0
2023-12-07 12:00,76.16,75.5,76.9,60,1.0
2023-12-07 13:00,76.32,75.6,76.9,60,1.0
2023-12-07 14:00,76.19,75.4,76.9,60,1.0
2023-12-07 15:00,76.05,75.4,76.7,60,1.0
2023-12-07 16:00,76.22,75.5,76.9,60,1.0
2023-12-07 17:00,75.91,75.3,76.6,60,1.0
2023-12-07 18:00,75.74,75.3,76.7,60,1.0
2023-12-07 19:00,75.99,75.3,76.8,60,1.0
2023-12-07 20:00,76.1,75.4,76.6,60,1.0
2023-12-07 21:00,75.78,75.3,76.6,60,1.0
2023-12-07 22:00,75.61,75.2,76.2,49,0.817
2023-12-07 23:00,75.54,75.1,76.2,57,0.95
2023-12-08 00:00,75.6,75.0,76.3,60,1.0
2023-12-08 01:00,75.6,75.0,76.3,60,1.0
2023-12-08 02:00,75.5,74.9,76.1,60,1.0
2023-12-08 03:00,75.42,74.9,76.0,60,1.0
2023-12-08 04:00,75.36,74.9,76.2,60,1.0
2023-12-08 05:00,75.37,74.9,76.2,60,1.0
2023-12-08 06:00,75.38,74.9,76.0,60,1.0
2023-12-08 07:00,75.38,74.8,76.1,60,1.0
2023-12-08 08:00,75.28,74.7,76.1,60,1.0
2023-12-08 09:00,75.16,74.6,75.7,60,1.0
2023-12-08 10:00,75.32,74.7,75.8,60,1.0
2023-12-08 11:00,74.96,74.4,75.9,60,1.0
2023-12-08 12:00,74.88,74.3,75.7,60,1.0
2023-12-08 13:00,75.06,74.4,75.6,60,1.0
2023-12-08 14:00,74.93,74.3,75.5,60,1.0
2023-12-08 15:00,74.88,74.2,75.5,59,0.983
2023-12-08 16:00,74.83,74.2,75.4,60,1.0
2023-12-08 17:00,74.7,74.2,75.1,60,1.0
2023-12-08 18:00,74.85,74.2,75.5,60,1.0
2023-12-08 19:00,74.89,74.2,75.4,60,1.0
2023-12-08 20:00,74.69,74.0,75.4,60,1.0
2023-12-08 21:00,74.72,74.0,75.2,60,1.0
2023-12-08 22:00,74.59,73.9,75.2,60,1.0
2023-12-08 23:00,74.54,73.9,75.0,34,0.567
2023-12-09 11:00,72.27,71.8,72.8,50,0.833
2023-12-09 12:00,72.47,72.0,73.0,60,1.0
2023-12-09 13:00,72.39,71.7,72.9,60,1.0
2023-12-09 14:00,71.98,71.6,72.5,59,0.983
2023-12-09 15:00,71.95,71.5,72.6,59,0.983
2023-12-09 16:00,71.83,71.4,72.5,60,1.0
2023-12-09 17:00,71.64,71.2,72.2,60,1.0
2023-12-09 18:00,71.81,71.1,72.3,60,1.0
2023-12-09 19:00,71.75,71.2,72.3,59,0.983
2023-12-09 20:00,71.74,71.2,72.2,60,1.0
2023-12-09 21:00,71.51,71.0,72.1,60,1.0
2023-12-09 22:00,71.43,71.0,72.0,60,1.0
2023-12-09 23:00,71.47,70.8,72.1,59,0.983
2023-12-10 00:00,71.42,70.9,72.0,60,1.0
2023-12-10 01:00,71.25,70.8,72.0,60,1.0
2023-12-10 02:00,71.05,70.7,71.6,60,1.0
2023-12-10 03:00,71.12,70.7,71.7,60,1.0
2023-12-10 04:00,71.24,70.8,71.8,60,1.0
2023-12-10 05:00,71.49,70.8,72.1,60,1.0
2023-12-10 06:00,71.64,70.2,72.5,56,0.933
2023-12-10 07:00,72.77,72.1,73.4,50,0.833
2023-12-10 08:00,73.12,72.4,73.9,60,1.0
2023-12-10 09:00,73.13,72.3,74.0,59,0.983
2023-12-10 10:00,72.79,72.1,73.8,60,1.0
2023-12-10 11:00,72.84,71.6,74.4,60,1.0
2023-12-10 12:00,74.2,73.4,75.1,60,1.0
2023-12-10 13:00,74.38,73.6,75.1,60,1.0
2023-12-10 14:00,74.76,74.0,75.4,60,1.0
2023-12-10 15:00,74.98,74.3,75.8,59,0.983
2023-12-10 16:00,75.12,74.5,75.9,60,1.0
2023-12-10 17:00,75.32,74.7,76.1,60,1.0
2023-12-10 18:00,75.47,74.9,76.2,60,1.0
2023-12-10 19:00,75.72,75.0,76.3,60,1.0
2023-12-10 20:00,75.64,75.0,76.2,60,1.0
2023-12-10 21:00,75.64,75.0,76.3,60,1.0
2023-12-10 22:00,75.44,74.9,76.1,60,1.0
2023-12-10 23:00,75.48,74.8,76.1,60,1.0
2023-12-11 00:00,75.06,74.6,75.8,60,1.0
2023-12-11 01:00,75.23,74.6,75.9,60,1.0
2023-12-11 02:00,74.91,74.5,75.8,60,1.0
2023-12-11 03:00,74.86,74.4,75.4,60,1.0
2023-12-11 04:00,74.84,74.3,75.5,60,1.0
2023-12-11 05:00,74.86,74.3,75.4,60,1.0
2023-12-11 06:00,74.89,74.1,75.4,60,1.0
2023-12-11 07:00,74.89,74.1,75.5,60,1.0
2023-12-11 08:00,74.96,74.3,75.6,60,1.0
2023-12-11 09:00,74.82,74.2,75.5,60,1.0
2023-12-11 10:00,75.0,74.3,75.6,60,1.0
2023-12-11 11:00,75.32,74.7,76.0,60,1.0
2023-12-11 12:00,75.27,74.8,76.0,60,1.0
2023-12-11 13:00,75.42,74.9,76.0,60,1.0
2023-12-11 14:00,75.37,74.9,75.9,60,1.0
2023-12-11 15:00,75.28,74.9,75.9,60,1.0
2023-12-11 16:00,75.34,74.9,75.9,60,1.0
2023-12-11 17:00,75.58,75.0,76.1,60,1.0
2023-12-11 18:00,75.49,74.9,76.0,60,1.0
2023-12-11 19:00,75.42,74.8,76.0,60,1.0
2023-12-11 20:00,75.41,74.8,75.8,60,1.0
2023-12-11 21:00,75.26,74.5,75.8,60,1.0
2023-12-11 22:00,75.21,74.7,75.8,60,1.0
2023-12-11 23:00,75.15,74.6,75.7,60,1.0
2023-12-12 00:00,75.0,74.5,75.6,60,1.0
2023-12-12 01:00,74.98,74.4,75.5,60,1.0
2023-12-12 02:00,75.0,74.3,75.5,60,1.0
2023-12-12 03:00,74.75,74.2,75.4,60,1.0
2023-12-12 04:00,74.84,74.2,75.4,60,1.0
2023-12-12 05:00,74.87,74.4,75.4,60,1.0
2023-12-12 06:00,74.74,74.2,75.3,60,1.0
2023-12-12 07:00,74.65,74.1,75.1,60,1.0
2023-12-12 08:00,74.45,74.0,75.1,60,1.0
2023-12-12 09:00,74.29,73.9,74.8,60,1.0
2023-12-12 10:00,74.34,73.8,75.0,60,1.0
2023-12-12 11:00,74.46,73.8,75.1,60,1.0
2023-12-12 12:00,74.33,73.5,75.0,60,1.0
2023-12-12 13:00,74.16,73.7,74.9,60,1.0
2023-12-12 14:00,74.29,73.8,75.1,60,1.0
2023-12-12 15:00,74.35,73.8,75.1,59,0.983
2023-12-12 16:00,74.36,73.8,75.3,60,1.0
2023-12-12 17:00,74.24,73.8,74.7,60,1.0
2023-12-12 18:00,74.29,73.8,75.0,60,1.0
2023-12-12 19:00,74.17,73.8,74.6,60,1.0
2023-12-12 20:00,74.23,73.7,74.8,60,1.0
2023-12-12 21:00,74.04,73.4,74.8,60,1.0
2023-12-12 22:00,73.98,73.3,74.8,60,1.0
2023-12-12 23:00,73.91,73.4,74.6,60,1.0
2023-12-13 00:00,73.93,73.4,74.7,60,1.0
2023-12-13 01:00,74.08,73.6,74.6,58,0.967
2023-12-13 02:00,73.99,73.5,74.6,54,0.9
2023-12-13 03:00,74.04,73.5,74.7,48,0.8
2023-12-13 04:00,73.99,73.4,74.7,60,1.0
2023-12-13 05:00,73.83,73.3,74.6,60,1.0
2023-12-13 06:00,73.68,73.2,74.2,59,0.983
2023-12-13 07:00,73.74,73.3,74.5,59,0.983
2023-12-13 08:00,73.76,73.3,74.5,60,1.0
2023-12-13 09:00,73.69,73.2,74.3,60,1.0
2023-12-13 10:00,73.64,73.2,74.3,60,1.0
2023-12-13 11:00,73.47,73.1,74.0,60,1.0
2023-12-13 12:00,73.47,73.1,73.8,60,1.0
2023-12-13 13:00,73.43,73.0,74.0,60,1.0
2023-12-13 14:00,73.41,73.0,73.8,60,1.0
2023-12-13 15:00,73.47,72.9,74.0,60,1.0
2023-12-13 16:00,73.52,72.9,74.1,60,1.0
2023-12-13 17:00,73.46,72.8,74.0,60,1.0
2023-12-13 18:00,73.48,72.8,74.1,60,1.0
2023-12-13 19:00,73.29,72.8,73.9,59,0.983
2023-12-13 20:00,73.18,72.7,73.7,59,0.983
2023-12-13 21:00,73.11,72.7,73.6,60,1.0
2023-12-13 22:00,73.12,72.7,73.7,60,1.0
2023-12-13 23:00,73.19,72.7,73.8,59,0.983
2023-12-14 00:00,73.04,72.6,73.6,60,1.0
2023-12-14 01:00,72.99,72.6,73.6,60,1.0
2023-12-14 02:00,72.95,72.4,73.5,59,0.983
2023-12-14 03:00,72.88,72.4,73.5,60,1.0
2023-12-14 04:00,72.92,72.5,73.4,60,1.0
2023-12-14 05:00,73.2,72.7,74.1,60,1.0
2023-12-14 06:00,73.44,72.9,74.0,60,1.0
2023-12-14 07:00,73.46,72.9,74.3,60,1.0
2023-12-14 08:00,73.39,72.9,74.1,60,1.0
2023-12-14 09:00,73.12,72.3,73.8,60,1.0
2023-12-14 10:00,72.96,72.1,73.8,60,1.0
2023-12-14 11:00,73.34,71.8,74.3,60,1.0
2023-12-14 12:00,73.01,71.1,74.2,60,1.0
2023-12-14 13:00,72.86,71.7,74.4,60,1.0
2023-12-14 14:00,74.51,73.1,75.6,60,1.0
2023-12-14 15:00,75.25,74.5,75.8,60,1.0
2023-12-14 16:00,74.64,73.3,76.2,60,1.0
2023-12-14 17:00,75.39,73.2,76.5,60,1.0
2023-12-14 18:00,75.56,74.8,76.4,60,1.0
2023-12-14 19:00,75.66,74.7,76.6,60,1.0
2023-12-14 20:00,75.34,73.8,76.2,60,1.0
2023-12-14 21:00,75.08,74.2,76.0,60,1.0
2023-12-14 22:00,75.64,74.9,76.3,60,1.0
2023-12-14 23:00,75.46,74.7,76.1,60,1.0
2023-12-15 00:00,75.21,74.3,76.0,60,1.0
2023-12-15 01:00,74.75,74.2,75.4,60,1.0
2023-12-15 02:00,75.13,74.5,76.1,60,1.0
2023-12-15 03:00,75.52,74.9,76.1,57,0.95
2023-12-15 04:00,75.8,75.1,76.9,51,0.85
2023-12-15 05:00,76.37,75.6,77.1,60,1.0
2023-12-15 06:00,76.56,75.9,77.2,59,0.983
2023-12-15 07:00,76.76,76.1,77.6,52,0.867
2023-12-15 08:00,76.78,76.2,77.6,58,0.967
2023-12-15 09:00,76.95,76.3,78.0,60,1.0
2023-12-15 10:00,77.19,76.3,77.9,60,1.0
2023-12-15 11:00,77.17,76.4,77.9,60,1.0
2023-12-15 12:00,77.05,76.5,77.8,60,1.0
2023-12-15 13:00,77.15,76.4,77.9,60,1.0
2023-12-15 14:00,77.25,76.6,78.0,60,1.0
2023-12-15 15:00,77.54,76.9,78.1,60,1.0
2023-12-15 16:00,77.61,76.9,78.3,60,1.0
2023-12-15 17:00,77.64,77.0,78.2,60,1.0
2023-12-15 18:00,77.54,76.7,78.1,60,1.0
2023-12-15 19:00,77.39,76.7,78.0,60,1.0
2023-12-15 20:00,77.05,76.5,77.8,60,1.0
2023-12-15 21:00,77.14,76.4,77.8,60,1.0
2023-12-15 22:00,76.77,76.3,77.4,60,1.0
2023-12-15 23:00,76.73,76.2,77.3,60,1.0
2023-12-16 00:00,76.66,76.1,77.4,60,1.0
2023-12-16 01:00,76.31,76.0,76.9,60,1.0
2023-12-16 02:00,76.3,75.9,76.9,60,1.0
2023-12-16 03:00,76.12,75.7,76.7,60,1.0
2023-12-16 04:00,76.21,75.7,76.9,60,1.0
2023-12-16 05:00,76.02,75.5,76.8,60,1.0
2023-12-16 06:00,75.91,75.5,76.6,60,1.0
2023-12-16 07:00,75.81,75.4,76.2,60,1.0
2023-12-16 08:00,75.73,75.3,76.4,60,1.0
2023-12-16 09:00,75.74,75.2,76.3,60,1.0
2023-12-16 10:00,75.54,75.1,76.2,60,1.0
2023-12-16 11:00,75.61,75.1,76.2,60,1.0
2023-12-16 12:00,75.52,75.0,76.2,60,1.0
2023-12-16 13:00,75.19,74.8,75.9,60,1.0
2023-12-16 14:00,75.13,74.7,75.7,60,1.0
2023-12-16 15:00,75.09,74.6,76.0,60,1.0
2023-12-16 16:00,74.97,74.6,75.4,60,1.0
2023-12-16 17:00,74.91,74.5,75.5,60,1.0
2023-12-16 18:00,74.84,74.4,75.4,60,1.0
2023-12-16 19:00,74.9,74.4,75.5,60,1.0
2023-12-16 20:00,74.73,74.3,75.4,60,1.0
2023-12-16 21:00,74.55,74.2,75.0,60,1.0
2023-12-16 22:00,74.52,74.0,75.3,47,0.783
2023-12-16 23:00,74.5,74.1,75.1,50,0.833
2023-12-17 00:00,74.34,73.9,74.9,60,1.0
2023-12-17 01:00,74.43,73.9,75.0,60,1.0
2023-12-17 02:00,74.21,73.8,74.7,60,1.0
2023-12-17 03:00,74.2,73.8,74.7,60,1.0
2023-12-17 04:00,74.36,73.9,75.0,60,1.0
2023-12-17 05:00,74.39,73.8,75.1,60,1.0
2023-12-17 06:00,74.27,73.8,74.9,59,0.983
2023-12-17 07:00,74.14,73.7,74.9,60,1.0
2023-12-17 08:00,74.1,73.7,74.5,60,1.0
2023-12-17 09:00,74.01,73.6,74.5,60,1.0
2023-12-17 10:00,74.18,73.5,74.7,60,1.0
2023-12-17 11:00,73.96,73.5,74.7,60,1.0
2023-12-17 12:00,73.93,73.5,74.7,60,1.0
2023-12-17 13:00,73.64,73.3,74.1,58,0.967
2023-12-17 14:00,73.72,73.3,74.3,60,1.0
2023-12-17 15:00,73.64,73.2,74.4,60,1.0
2023-12-17 16:00,73.76,73.2,74.3,60,1.0
2023-12-17 17:00,73.54,73.1,74.2,60,1.0
2023-12-17 18:00,73.54,73.0,74.2,60,1.0
2023-12-17 19:00,73.64,73.0,74.3,60,1.0
2023-12-17 20:00,73.24,72.9,73.7,60,1.0
2023-12-17 21:00,73.34,72.8,73.8,60,1.0
2023-12-17 22:00,73.19,72.8,73.8,60,1.0
2023-12-17 23:00,73.38,72.7,74.0,60,1.0
2023-12-18 00:00,73.45,73.0,73.9,60,1.0
2023-12-18 01:00,73.37,72.8,73.9,60,1.0
2023-12-18 02:00,73.48,72.8,74.1,60,1.0
2023-12-18 03:00,73.35,72.7,74.0,60,1.0
2023-12-18 04:00,73.19,72.7,73.8,60,1.0
2023-12-18 05:00,73.18,72.7,73.7,60,1.0
2023-12-18 06:00,73.34,72.7,73.9,60,1.0
2023-12-18 07:00,73.28,72.7,73.9,60,1.0
2023-12-18 08:00,73.14,72.6,74.0,60,1.0
2023-12-18 09:00,72.99,72.5,73.6,60,1.0
2023-12-18 10:00,72.99,72.5,73.5,60,1.0
2023-12-18 11:00,73.05,72.5,73.6,60,1.0
2023-12-18 12:00,73.05,72.4,73.6,60,1.0
2023-12-18 13:00,72.68,72.3,73.4,60,1.0
2023-12-18 14:00,72.69,72.3,73.2,60,1.0
2023-12-18 15:00,72.7,72.3,73.2,60,1.0
2023-12-18 16:00,72.72,72.3,73.5,60,1.0
2023-12-18 17:00,72.77,72.3,73.5,59,0.983
2023-12-18 18:00,72.99,72.5,73.6,60,1.0
2023-12-18 19:00,73.0,72.3,73.6,60,1.0
2023-12-18 20:00,72.85,72.2,73.4,60,1.0
2023-12-18 21:00,72.86,72.3,73.3,60,1.0
2023-12-18 22:00,72.85,72.2,73.3,60,1.0
2023-12-18 23:00,72.7,72.2,73.3,60,1.0
2023-12-19 00:00,72.66,72.2,73.3,60,1.0
2023-12-19 01:00,72.54,72.2,73.2,60,1.0
2023-12-19 02:00,72.54,72.1,73.3,60,1.0
2023-12-19 03:00,72.44,72.1,72.9,60,1.0
2023-12-19 04:00,72.4,72.1,72.8,60,1.0
2023-12-19 05:00,72.45,72.1,73.0,60,1.0
2023-12-19 06:00,72.43,72.0,73.0,60,1.0
2023-12-19 07:00,72.42,72.0,73.0,60,1.0
2023-12-19 08:00,72.53,72.0,73.1,60,1.0
2023-12-19 09:00,72.44,71.9,73.2,60,1.0
2023-12-19 10:00,72.53,72.0,73.1,60,1.0
2023-12-19 11:00,72.45,71.8,73.1,60,1.0
2023-12-19 12:00,72.2,71.8,72.6,60,1.0
2023-12-19 13:00,72.16,71.8,72.5,60,1.0
2023-12-19 14:00,72.19,71.8,72.7,60,1.0
2023-12-19 15:00,72.32,71.8,73.0,60,1.0
2023-12-19 16:00,72.18,71.8,72.8,56,0.933
2023-12-19 17:00,72.28,71.8,72.8,41,0.683
2023-12-19 18:00,72.42,71.9,72.9,44,0.733
2023-12-19 19:00,72.41,71.8,72.9,58,0.967
2023-12-19 20:00,72.28,71.8,72.8,58,0.967
2023-12-19 21:00,72.16,71.6,72.7,60,1.0
2023-12-19 22:00,72.1,71.5,72.7,60,1.0
2023-12-19 23:00,71.95,71.5,72.5,60,1.0
2023-12-20 00:00,71.93,71.5,72.7,60,1.0
2023-12-20 01:00,71.86,71.5,72.4,60,1.0
2023-12-20 02:00,71.9,71.4,72.4,60,1.0
2023-12-20 03:00,71.9,71.4,72.5,60,1.0
2023-12-20 04:00,71.81,71.4,72.5,60,1.0
2023-12-20 05:00,71.76,71.4,72.2,60,1.0
2023-12-20 06:00,71.7,71.4,72.2,60,1.0
2023-12-20 07:00,71.72,71.4,72.4,60,1.0
2023-12-20 08:00,71.91,71.4,72.4,60,1.0
2023-12-20 09:00,71.98,71.5,72.4,60,1.0
2023-12-20 10:00,71.81,71.3,72.3,60,1.0
2023-12-20 11:00,71.68,71.2,72.2,60,1.0
2023-12-20 12:00,71.82,71.3,72.3,60,1.0
2023-12-20 13:00,71.66,71.1,72.3,60,1.0
2023-12-20 14:00,71.53,71.1,71.9,60,1.0
2023-12-20 15:00,71.46,71.1,71.9,60,1.0
2023-12-20 16:00,71.65,71.1,72.3,60,1.0
2023-12-20 17:00,71.76,71.3,72.2,60,1.0
2023-12-20 18:00,71.57,71.1,72.2,60,1.0
2023-12-20 19:00,71.4,71.1,71.8,60,1.0
2023-12-20 20:00,71.55,71.1,72.1,60,1.0
2023-12-20 21:00,71.66,71.0,72.2,60,1.0
2023-12-20 22:00,71.61,71.1,72.2,60,1.0
2023-12-20 23:00,71.7,71.3,72.1,60,1.0
2023-12-21 00:00,71.69,71.2,72.1,60,1.0
2023-12-21 01:00,71.6,71.0,72.1,60,1.0
2023-12-21 02:00,71.46,70.9,72.1,60,1.0
2023-12-21 03:00,71.41,71.0,72.0,60,1.0
2023-12-21 04:00,71.41,70.9,72.0,60,1.0
2023-12-21 05:00,71.53,71.0,72.0,60,1.0
2023-12-21 06:00,71.4,70.9,72.0,60,1.0
2023-12-21 07:00,71.43,70.9,72.0,60,1.0
2023-12-21 08:00,71.49,70.8,72.0,60,1.0
2023-12-21 09:00,71.28,70.8,71.7,54,0.9
2023-12-21 10:00,71.29,70.8,71.9,47,0.783
2023-12-21 11:00,71.44,70.9,71.9,60,1.0
2023-12-21 12:00,71.31,70.9,71.7,57,0.95
2023-12-21 13:00,71.07,70.7,71.6,51,0.85
2023-12-21 14:00,71.13,70.7,71.7,57,0.95
2023-12-21 15:00,71.26,70.7,71.8,60,1.0
2023-12-21 16:00,71.35,70.7,71.8,60,1.0
2023-12-21 17:00,71.13,70.6,71.7,60,1.0
2023-12-21 18:00,71.07,70.6,71.6,60,1.0
2023-12-21 19:00,71.17,70.7,71.6,60,1.0
2023-12-21 20:00,71.05,70.5,71.7,59,0.983
2023-12-21 21:00,71.18,70.6,71.6,60,1.0
2023-12-21 22:00,71.13,70.6,71.7,60,1.0
2023-12-21 23:00,70.97,70.5,71.5,60,1.0
2023-12-22 00:00,70.85,70.5,71.5,60,1.0
2023-12-22 01:00,71.16,70.7,71.6,60,1.0
2023-12-22 02:00,71.16,70.6,71.7,60,1.0
2023-12-22 03:00,71.1,70.6,71.7,60,1.0
2023-12-22 04:00,71.09,70.6,71.6,60,1.0
2023-12-22 05:00,70.92,70.6,71.5,60,1.0
2023-12-22 06:00,71.06,70.5,71.6,60,1.0
2023-12-22 07:00,71.2,70.6,71.7,60,1.0
2023-12-22 08:00,71.04,70.6,71.6,60,1.0
2023-12-22 09:00,71.03,70.5,71.7,60,1.0
2023-12-22 10:00,70.92,70.5,71.5,60,1.0
2023-12-22 11:00,70.87,70.4,71.5,60,1.0
2023-12-22 12:00,70.81,70.4,71.3,60,1.0
2023-12-22 13:00,70.89,70.3,71.5,60,1.0
2023-12-22 14:00,70.84,70.4,71.4,60,1.0
2023-12-22 15:00,70.81,70.3,71.3,60,1.0
2023-12-22 16:00,70.64,70.3,71.3,60,1.0
2023-12-22 17:00,70.73,70.3,71.4,60,1.0
2023-12-22 18:00,70.66,70.2,71.2,60,1.0
2023-12-22 19:00,70.93,70.3,71.4,60,1.0
2023-12-22 20:00,70.86,70.3,71.4,60,1.0
2023-12-22 21:00,70.64,70.2,71.2,60,1.0
2023-12-22 22:00,70.58,70.2,71.0,60,1.0
2023-12-22 23:00,70.54,70.2,71.0,60,1.0
2023-12-23 00:00,70.5,70.2,71.0,60,1.0
2023-12-23 01:00,70.69,70.2,71.2,60,1.0
2023-12-23 02:00,70.51,70.1,71.1,60,1.0
2023-12-23 03:00,70.46,70.1,70.8,60,1.0
2023-12-23 04:00,70.64,70.2,71.2,60,1.0
2023-12-23 05:00,70.68,70.1,71.4,60,1.0
2023-12-23 06:00,70.68,70.1,71.2,60,1.0
2023-12-23 07:00,70.54,70.0,71.1,60,1.0
2023-12-23 08:00,70.49,70.0,71.0,54,0.9
2023-12-23 09:00,70.38,70.0,71.0,50,0.833
2023-12-23 10:00,70.3,69.9,70.9,51,0.85
2023-12-23 11:00,70.47,69.9,70.9,57,0.95
2023-12-23 12:00,70.23,69.9,70.8,60,1.0
2023-12-23 13:00,70.25,69.8,70.7,60,1.0
2023-12-23 14:00,70.16,69.8,70.6,60,1.0
2023-12-23 15:00,70.24,69.8,70.7,60,1.0
2023-12-23 16:00,70.38,69.9,70.8,60,1.0
2023-12-23 17:00,70.35,69.8,70.9,60,1.0
2023-12-23 18:00,70.15,69.8,70.8,60,1.0
2023-12-23 19:00,70.1,69.7,70.6,60,1.0
2023-12-23 20:00,70.18,69.7,70.7,60,1.0
2023-12-23 21:00,70.18,69.7,70.8,60,1.0
2023-12-23 22:00,69.95,69.6,70.6,60,1.0
2023-12-23 23:00,70.08,69.6,70.6,60,1.0
2023-12-24 00:00,69.98,69.6,70.5,60,1.0
2023-12-24 01:00,69.86,69.6,70.5,59,0.983
2023-12-24 02:00,69.78,69.5,70.1,60,1.0
2023-12-24 03:00,69.82,69.4,70.4,60,1.0
2023-12-24 04:00,69.8,69.4,70.3,60,1.0
2023-12-24 05:00,69.73,69.1,70.2,60,1.0
2023-12-24 06:00,69.54,68.9,70.1,60,1.0
2023-12-24 07:00,69.6,69.2,70.1,60,1.0
2023-12-24 08:00,69.06,68.4,70.0,60,1.0
2023-12-24 09:00,68.91,68.4,69.5,60,1.0
2023-12-24 10:00,68.65,68.3,69.4,60,1.0
2023-12-24 11:00,68.7,68.3,69.2,60,1.0
2023-12-24 12:00,68.78,68.3,69.3,60,1.0
2023-12-24 13:00,68.59,68.2,69.1,60,1.0
2023-12-24 14:00,68.6,68.2,69.1,60,1.0
2023-12-24 15:00,68.61,68.2,69.2,60,1.0
2023-12-24 16:00,68.53,68.2,69.2,60,1.0
2023-12-24 17:00,68.66,68.2,69.2,60,1.0
2023-12-24 18:00,68.47,68.0,68.9,60,1.0
2023-12-24 19:00,68.33,68.0,68.8,60,1.0
2023-12-24 20:00,68.36,68.0,68.8,60,1.0
2023-12-24 21:00,68.24,68.0,68.7,60,1.0
2023-12-24 22:00,68.27,67.9,68.8,59,0.983
2023-12-24 23:00,68.31,68.0,68.8,60,1.0
2023-12-25 00:00,68.4,68.0,69.0,60,1.0
2023-12-25 01:00,68.5,68.0,69.0,60,1.0
2023-12-25 02:00,68.62,68.1,69.1,60,1.0
2023-12-25 03:00,68.53,68.0,69.0,60,1.0
2023-12-25 04:00,68.52,68.0,68.9,60,1.0
2023-12-25 05:00,68.54,68.0,68.9,60,1.0
2023-12-25 06:00,68.51,68.0,69.0,47,0.783
2023-12-25 07:00,68.37,68.0,68.9,48,0.8
2023-12-25 08:00,68.34,67.9,68.9,52,0.867
2023-12-25 09:00,68.49,68.0,69.0,51,0.85
2023-12-25 10:00,68.3,67.9,68.8,49,0.817
2023-12-25 11:00,68.31,67.9,68.8,59,0.983
2023-12-25 12:00,68.43,67.8,68.9,60,1.0
2023-12-25 13:00,67.9,67.5,68.6,60,1.0
2023-12-25 14:00,67.88,67.6,68.3,60,1.0
2023-12-25 15:00,67.9,67.5,68.4,60,1.0
2023-12-25 16:00,68.01,67.5,68.5,60,1.0
2023-12-25 17:00,67.91,67.5,68.5,60,1.0
2023-12-25 18:00,67.81,67.5,68.2,60,1.0
2023-12-25 19:00,67.8,67.5,68.1,60,1.0
2023-12-25 20:00,67.8,67.5,68.3,60,1.0
2023-12-25 21:00,67.83,67.5,68.5,60,1.0
2023-12-25 22:00,67.89,67.5,68.4,60,1.0
2023-12-25 23:00,67.99,67.5,68.4,60,1.0
2023-12-26 00:00,68.06,67.5,68.5,60,1.0
2023-12-26 01:00,68.08,67.6,68.5,60,1.0
2023-12-26 02:00,68.05,67.6,68.5,60,1.0
2023-12-26 03:00,67.94,67.5,68.4,60,1.0
2023-12-26 04:00,67.83,67.4,68.4,60,1.0
2023-12-26 05:00,68.0,67.5,68.4,60,1.0
2023-12-26 06:00,67.87,67.4,68.5,60,1.0
2023-12-26 07:00,67.99,67.5,68.5,60,1.0
2023-12-26 08:00,67.9,67.4,68.5,60,1.0
2023-12-26 09:00,67.9,67.4,68.4,60,1.0
2023-12-26 10:00,67.74,67.4,68.2,60,1.0
2023-12-26 11:00,67.81,67.5,68.3,60,1.0
2023-12-26 12:00,67.99,67.4,68.4,60,1.0
2023-12-26 13:00,68.1,67.8,68.8,60,1.0
2023-12-26 14:00,68.1,67.7,68.5,60,1.0
2023-12-26 15:00,68.38,67.8,69.2,60,1.0
2023-12-26 16:00,68.53,67.9,69.0,60,1.0
2023-12-26 17:00,69.0,68.4,69.5,60,1.0
2023-12-26 18:00,69.1,68.7,69.8,60,1.0
2023-12-26 19:00,69.07,68.7,69.5,60,1.0
2023-12-26 20:00,69.06,68.7,69.7,60,1.0
2023-12-26 21:00,69.1,68.7,69.7,60,1.0
2023-12-26 22:00,69.04,68.7,69.4,60,1.0
2023-12-26 23:00,69.19,68.8,69.8,60,1.0
2023-12-27 00:00,69.36,68.8,69.8,60,1.0
2023-12-27 01:00,69.36,68.9,69.9,60,1.0
2023-12-27 02:00,69.2,68.8,69.7,60,1.0
2023-12-27 03:00,69.24,68.8,69.7,60,1.0
2023-12-27 04:00,69.32,68.8,69.7,60,1.0
2023-12-27 05:00,69.16,68.7,69.8,60,1.0
2023-12-27 06:00,69.24,68.8,69.7,60,1.0
2023-12-27 07:00,69.3,68.8,69.7,60,1.0
2023-12-27 08:00,69.21,68.7,69.7,60,1.0
2023-12-27 09:00,69.26,68.7,69.7,60,1.0
2023-12-27 10:00,69.05,68.7,69.5,60,1.0
2023-12-27 11:00,69.04,68.6,69.6,60,1.0
2023-12-27 12:00,69.29,68.7,69.8,57,0.95
2023-12-27 13:00,69.8,69.1,70.2,52,0.867
2023-12-27 14:00,69.75,69.3,70.2,60,1.0
2023-12-27 15:00,69.75,69.2,70.3,60,1.0
2023-12-27 16:00,69.92,69.4,70.4,60,1.0
2023-12-27 17:00,70.02,69.5,70.5,60,1.0
2023-12-27 18:00,69.95,69.5,70.4,60,1.0
2023-12-27 19:00,69.86,69.4,70.4,60,1.0
2023-12-27 20:00,69.86,69.4,70.3,60,1.0
2023-12-27 21:00,69.76,69.4,70.3,60,1.0
2023-12-27 22:00,69.78,69.4,70.4,60,1.0
2023-12-27 23:00,69.71,69.5,70.0,60,1.0
2023-12-28 00:00,69.71,69.4,70.0,60,1.0
2023-12-28 01:00,69.7,69.4,70.0,60,1.0
2023-12-28 02:00,69.74,69.4,70.3,60,1.0
2023-12-28 03:00,69.71,69.4,70.2,60,1.0
2023-12-28 04:00,69.79,69.4,70.5,60,1.0
2023-12-28 05:00,69.72,69.4,70.3,60,1.0
2023-12-28 06:00,69.84,69.4,70.4,60,1.0
2023-12-28 07:00,69.85,69.4,70.4,60,1.0
2023-12-28 08:00,69.8,69.3,70.4,60,1.0
2023-12-28 09:00,69.64,69.3,70.1,59,0.983
2023-12-28 10:00,69.64,69.3,70.4,60,1.0
2023-12-28 11:00,69.53,69.2,70.0,60,1.0
2023-12-28 12:00,69.59,69.3,70.2,60,1.0
2023-12-28 13:00,69.75,69.2,70.2,60,1.0
2023-12-28 14:00,69.77,69.2,70.2,60,1.0
2023-12-28 15:00,69.84,69.3,70.3,60,1.0
2023-12-28 16:00,69.72,69.2,70.2,60,1.0
2023-12-28 17:00,69.52,69.2,70.2,60,1.0
2023-12-28 18:00,69.5,69.2,70.0,60,1.0
2023-12-28 19:00,69.5,69.2,70.0,60,1.0
2023-12-28 20:00,69.54,69.2,70.2,60,1.0
2023-12-28 21:00,69.55,69.2,70.0,60,1.0
2023-12-28 22:00,69.68,69.2,70.2,60,1.0
2023-12-28 23:00,69.6,69.2,70.1,60,1.0
2023-12-29 00:00,69.55,69.1,70.1,60,1.0
2023-12-29 01:00,69.56,69.1,70.1,60,1.0
2023-12-29 02:00,69.71,69.2,70.1,60,1.0
2023-12-29 03:00,69.72,69.3,70.1,59,0.983
2023-12-29 04:00,69.67,69.1,70.1,60,1.0
2023-12-29 05:00,69.66,69.2,70.1,60,1.0
2023-12-29 06:00,69.64,69.1,70.1,59,0.983
2023-12-29 07:00,69.69,69.0,70.1,60,1.0
2023-12-29 08:00,69.63,69.2,70.1,60,1.0
2023-12-29 09:00,69.42,68.9,70.0,60,1.0
2023-12-29 10:00,69.37,68.9,70.0,60,1.0
2023-12-29 11:00,69.57,69.1,70.0,60,1.0
2023-12-29 12:00,69.34,69.0,70.0,60,1.0
2023-12-29 13:00,69.27,68.9,69.7,60,1.0
2023-12-29 14:00,69.22,68.9,69.6,60,1.0
2023-12-29 15:00,69.19,68.9,69.5,60,1.0
2023-12-29 16:00,69.22,68.9,69.7,60,1.0
2023-12-29 17:00,69.37,69.0,69.9,59,0.983
2023-12-29 18:00,69.33,68.9,69.9,59,0.983
2023-12-29 19:00,69.24,68.9,69.7,60,1.0
2023-12-29 20:00,69.18,68.8,69.5,60,1.0
2023-12-29 21:00,69.15,68.8,69.6,60,1.0
2023-12-29 22:00,69.24,68.8,69.7,60,1.0
2023-12-29 23:00,69.16,68.8,69.6,60,1.0
2023-12-30 00:00,69.11,68.7,69.4,60,1.0
2023-12-30 01:00,69.24,68.9,69.8,60,1.0
2023-12-30 02:00,69.23,68.8,69.8,59,0.983
2023-12-30 03:00,69.42,68.8,69.8,60,1.0
2023-12-30 04:00,69.42,68.9,69.8,60,1.0
2023-12-30 05:00,69.3,68.8,69.8,60,1.0
2023-12-30 06:00,69.36,68.9,69.8,60,1.0
2023-12-30 07:00,69.44,69.0,69.8,60,1.0
2023-12-30 08:00,69.18,68.7,69.7,60,1.0
2023-12-30 09:00,69.14,68.7,69.9,60,1.0
2023-12-30 10:00,68.99,68.7,69.5,60,1.0
2023-12-30 11:00,69.06,68.7,69.6,60,1.0
2023-12-30 12:00,69.11,68.6,69.6,60,1.0
2023-12-30 13:00,68.93,68.6,69.3,60,1.0
2023-12-30 14:00,69.1,68.7,69.6,60,1.0
2023-12-30 15:00,69.13,68.6,69.6,60,1.0
2023-12-30 16:00,69.13,68.6,69.6,60,1.0
2023-12-30 17:00,69.03,68.6,69.6,60,1.0
2023-12-30 18:00,68.81,68.5,69.3,60,1.0
2023-12-30 19:00,68.83,68.5,69.2,59,0.983
2023-12-30 20:00,68.81,68.5,69.1,45,0.75
2023-12-30 21:00,68.76,68.5,69.1,50,0.833
2023-12-30 22:00,68.79,68.5,69.1,50,0.833
2023-12-30 23:00,68.82,68.5,69.3,60,1.0
2023-12-31 00:00,68.83,68.5,69.3,60,1.0
2023-12-31 01:00,68.9,68.4,69.4,60,1.0
2023-12-31 02:00,68.97,68.5,69.4,60,1.0
2023-12-31 03:00,68.99,68.5,69.4,60,1.0
2023-12-31 04:00,68.99,68.5,69.6,60,1.0
2023-12-31 05:00,69.09,68.5,69.5,60,1.0
2023-12-31 06:00,69.08,68.7,69.5,60,1.0
2023-12-31 07:00,68.99,68.6,69.4,59,0.983
2023-12-31 08:00,68.87,68.4,69.4,60,1.0
2023-12-31 09:00,68.74,68.4,69.1,60,1.0
2023-12-31 10:00,68.87,68.4,69.4,60,1.0
2023-12-31 11:00,68.92,68.4,69.3,60,1.0
2023-12-31 12:00,68.81,68.3,69.3,60,1.0
2023-12-31 13:00,68.64,68.3,69.1,60,1.0
2023-12-31 14:00,68.53,68.2,69.0,60,1.0
2023-12-31 15:00,68.6,68.3,69.2,60,1.0
2023-12-31 16:00,68.78,68.3,69.2,60,1.0
2023-12-31 17:00,68.8,68.3,69.2,60,1.0
2023-12-31 18:00,68.67,68.3,69.3,60,1.0
2023-12-31 19:00,68.54,68.2,69.0,60,1.0
2023-12-31 20:00,68.88,68.4,69.3,60,1.0
2023-12-31 21:00,68.86,68.6,69.2,60,1.0
2023-12-31 22:00,69.14,68.6,69.8,60,1.0
2023-12-31 23:00,69.32,68.8,69.8,60,1.0
2024-01-01 00:00,69.44,68.9,70.0,60,1.0
2024-01-01 01:00,69.42,69.0,70.0,60,1.0
2024-01-01 02:00,69.55,69.1,70.0,60,1.0
2024-01-01 03:00,69.56,69.0,70.0,60,1.0
2024-01-01 04:00,69.55,68.9,70.1,60,1.0
2024-01-01 05:00,69.59,68.0,70.5,60,1.0
2024-01-01 06:00,70.8,70.0,71.6,60,1.0
2024-01-01 07:00,71.05,70.6,71.7,60,1.0
2024-01-01 08:00,71.3,70.7,71.9,56,0.933
2024-01-01 09:00,71.42,70.8,72.0,59,0.983
2024-01-01 10:00,71.17,70.8,71.9,60,1.0
2024-01-01 11:00,71.34,70.8,71.9,59,0.983
2024-01-01 12:00,71.28,70.9,71.7,60,1.0
2024-01-01 13:00,71.41,70.9,72.1,60,1.0
2024-01-01 14:00,71.43,70.9,72.0,60,1.0
2024-01-01 15:00,71.45,71.0,71.9,60,1.0
2024-01-01 16:00,71.47,70.9,72.1,60,1.0
2024-01-01 17:00,70.95,70.3,71.7,60,1.0
2024-01-01 18:00,71.22,70.6,71.8,59,0.983
2024-01-01 19:00,71.22,70.6,71.9,60,1.0
2024-01-01 20:00,71.39,70.9,71.9,59,0.983
2024-01-01 21:00,71.31,70.9,71.8,60,1.0
2024-01-01 22:00,71.31,70.9,72.0,60,1.0
2024-01-01 23:00,71.39,70.9,72.2,60,1.0
2024-01-02 00:00,71.52,71.0,72.0,60,1.0
2024-01-02 01:00,71.58,70.9,72.0,60,1.0
2024-01-02 02:00,71.5,70.9,72.1,60,1.0
2024-01-02 03:00,71.42,70.9,71.8,60,1.0
2024-01-02 04:00,71.39,70.9,72.0,60,1.0
2024-01-02 05:00,71.52,70.9,72.1,60,1.0
2024-01-02 06:00,71.58,71.0,72.2,60,1.0
2024-01-02 07:00,71.7,71.0,72.1,60,1.0
2024-01-02 08:00,71.33,70.8,72.1,60,1.0
2024-01-02 09:00,71.39,70.8,72.0,60,1.0
2024-01-02 10:00,71.16,70.6,71.9,60,1.0
2024-01-02 11:00,71.03,70.6,71.7,60,1.0
2024-01-02 12:00,70.98,70.5,71.7,60,1.0
2024-01-02 13:00,70.91,70.5,71.6,60,1.0
2024-01-02 14:00,71.01,70.5,71.6,60,1.0
2024-01-02 15:00,71.18,70.5,71.7,60,1.0
2024-01-02 16:00,71.1,70.6,71.7,60,1.0
2024-01-02 17:00,71.2,70.5,71.8,60,1.0
2024-01-02 18:00,71.0,70.6,71.7,60,1.0
2024-01-02 19:00,70.95,70.5,71.5,60,1.0
2024-01-02 20:00,70.99,70.5,71.5,60,1.0
2024-01-02 21:00,71.03,70.5,71.6,58,0.967
2024-01-02 22:00,71.18,70.6,71.7,52,0.867
2024-01-02 23:00,71.21,70.8,71.7,53,0.883
2024-01-03 00:00,71.17,70.5,71.6,58,0.967
2024-01-03 01:00,70.94,70.4,71.6,50,0.833
2024-01-03 02:00,70.91,70.3,71.4,51,0.85
2024-01-03 03:00,70.69,70.4,71.2,60,1.0
2024-01-03 04:00,70.16,69.2,71.0,60,1.0
2024-01-03 05:00,70.18,69.1,71.0,60,1.0
2024-01-03 06:00,70.07,68.9,71.1,60,1.0
2024-01-03 07:00,70.76,70.2,71.5,60,1.0
2024-01-03 08:00,70.94,70.4,71.6,60,1.0
2024-01-03 09:00,71.13,70.5,71.8,60,1.0
2024-01-03 10:00,71.04,70.4,71.8,59,0.983
2024-01-03 11:00,71.06,70.6,71.6,60,1.0
2024-01-03 12:00,71.18,70.7,71.8,60,1.0
2024-01-03 13:00,71.13,70.1,71.8,60,1.0
2024-01-03 14:00,70.62,69.9,71.2,60,1.0
2024-01-03 15:00,70.72,70.1,71.3,60,1.0
2024-01-03 16:00,70.8,70.2,71.5,59,0.983
2024-01-03 17:00,71.07,70.2,71.7,60,1.0
2024-01-03 18:00,71.04,70.5,71.9,60,1.0
2024-01-03 19:00,70.94,70.5,71.5,60,1.0
2024-01-03 20:00,70.9,70.5,71.4,60,1.0
2024-01-03 21:00,70.94,70.5,71.6,60,1.0
2024-01-03 22:00,71.01,70.5,71.9,60,1.0
2024-01-03 23:00,70.98,70.5,71.6,60,1.0
2024-01-04 00:00,70.95,70.5,71.6,60,1.0
2024-01-04 01:00,70.93,70.5,71.8,60,1.0
2024-01-04 02:00,71.03,70.5,71.6,60,1.0
2024-01-04 03:00,71.1,70.4,71.7,59,0.983
2024-01-04 04:00,70.97,70.4,71.8,59,0.983
2024-01-04 05:00,71.05,70.4,71.8,60,1.0
2024-01-04 06:00,71.11,70.3,71.7,60,1.0
2024-01-04 07:00,71.13,70.6,71.6,60,1.0
2024-01-04 08:00,70.78,70.3,71.6,60,1.0
2024-01-04 09:00,70.71,70.2,71.5,60,1.0
2024-01-04 10:00,70.59,70.1,71.2,60,1.0
2024-01-04 11:00,70.81,70.2,71.4,59,0.983
2024-01-04 12:00,70.8,70.2,71.5,60,1.0
2024-01-04 13:00,70.64,70.2,71.1,59,0.983
2024-01-04 14:00,70.65,70.2,71.1,60,1.0
2024-01-04 15:00,70.71,70.3,71.2,60,1.0
2024-01-04 16:00,70.93,70.5,71.4,60,1.0
2024-01-04 17:00,70.99,70.3,71.5,60,1.0
2024-01-04 18:00,70.74,70.4,71.3,60,1.0
2024-01-04 19:00,70.78,70.4,71.2,60,1.0
2024-01-04 20:00,70.71,70.3,71.2,60,1.0
2024-01-04 21:00,70.71,70.3,71.2,60,1.0
2024-01-04 22:00,70.73,70.2,71.3,60,1.0
2024-01-04 23:00,70.62,70.2,71.2,60,1.0
2024-01-05 00:00,70.68,70.2,71.4,60,1.0
2024-01-05 01:00,70.64,70.1,71.2,50,0.833
2024-01-05 02:00,70.53,70.1,71.1,48,0.8
2024-01-05 03:00,70.43,70.1,71.0,51,0.85
2024-01-05 04:00,70.48,70.1,71.0,43,0.717
2024-01-05 05:00,70.4,70.0,70.9,56,0.933
2024-01-05 06:00,70.46,70.0,70.8,60,1.0
2024-01-05 07:00,70.41,70.0,71.0,60,1.0
2024-01-05 08:00,70.35,70.0,71.0,60,1.0
2024-01-05 09:00,70.27,69.9,70.9,60,1.0
2024-01-05 10:00,70.35,69.8,71.0,60,1.0
2024-01-05 11:00,70.26,69.7,70.8,60,1.0
2024-01-05 12:00,70.09,69.6,70.8,60,1.0
2024-01-05 13:00,69.94,69.5,70.5,60,1.0
2024-01-05 14:00,69.9,69.5,70.5,60,1.0
2024-01-05 15:00,70.04,69.5,70.7,60,1.0
2024-01-05 16:00,70.51,69.8,71.0,60,1.0
2024-01-05 17:00,70.35,69.8,70.9,60,1.0
2024-01-05 18:00,70.11,69.8,70.6,60,1.0
2024-01-05 19:00,70.24,69.7,70.9,60,1.0
2024-01-05 20:00,70.19,69.8,70.9,60,1.0
2024-01-05 21:00,70.12,69.7,70.8,60,1.0
2024-01-05 22:00,70.13,69.6,70.8,60,1.0
2024-01-05 23:00,70.23,69.7,70.7,60,1.0
2024-01-06 00:00,70.26,69.6,70.7,60,1.0
2024-01-06 01:00,70.1,69.6,70.7,60,1.0
2024-01-06 02:00,69.97,69.6,70.5,60,1.0
2024-01-06 03:00,70.0,69.6,70.4,59,0.983
2024-01-06 04:00,69.94,69.5,70.4,60,1.0
2024-01-06 05:00,70.0,69.6,70.4,60,1.0
2024-01-06 06:00,70.01,69.6,70.7,60,1.0
2024-01-06 07:00,70.28,69.7,70.8,60,1.0
2024-01-06 08:00,70.19,69.7,70.8,58,0.967
2024-01-06 09:00,70.19,69.6,70.7,60,1.0
2024-01-06 10:00,69.92,69.5,70.6,60,1.0
2024-01-06 11:00,69.88,69.4,70.4,60,1.0
2024-01-06 12:00,69.87,69.4,70.5,60,1.0
2024-01-06 13:00,69.58,68.8,70.5,60,1.0
2024-01-06 14:00,69.19,68.4,69.8,60,1.0
2024-01-06 15:00,68.63,67.4,69.7,59,0.983
2024-01-06 16:00,68.21,67.6,69.3,59,0.983
2024-01-06 17:00,67.95,67.3,68.4,60,1.0
2024-01-06 18:00,68.92,68.0,69.7,60,1.0
2024-01-06 19:00,69.58,69.0,70.2,59,0.983
2024-01-06 20:00,69.84,69.3,70.6,60,1.0
2024-01-06 21:00,70.06,69.5,70.7,60,1.0
2024-01-06 22:00,70.05,69.5,70.7,60,1.0
2024-01-06 23:00,70.27,69.7,70.9,60,1.0
2024-01-07 00:00,70.36,69.8,71.1,60,1.0
2024-01-07 01:00,70.2,69.7,70.8,60,1.0
2024-01-07 02:00,70.26,69.8,70.7,47,0.783
2024-01-07 03:00,70.39,69.8,71.1,53,0.883
2024-01-07 04:00,70.64,69.8,71.1,60,1.0
2024-01-07 05:00,70.37,69.9,70.9,60,1.0
2024-01-07 06:00,69.96,68.6,71.0,60,1.0
2024-01-07 07:00,69.06,68.5,69.6,60,1.0
2024-01-07 08:00,68.05,67.4,68.9,59,0.983
2024-01-07 09:00,68.63,67.9,69.4,60,1.0
2024-01-07 10:00,69.58,68.8,70.3,60,1.0
2024-01-07 11:00,69.77,69.0,70.4,60,1.0
2024-01-07 12:00,70.26,69.4,71.0,60,1.0
2024-01-07 13:00,71.9,70.7,73.5,60,1.0
2024-01-07 14:00,74.01,73.0,74.9,60,1.0
2024-01-07 15:00,74.26,73.6,75.0,60,1.0
2024-01-07 16:00,73.83,73.3,74.3,54,0.9
2024-01-07 17:00,73.9,73.4,74.5,60,1.0
2024-01-07 18:00,73.79,73.2,74.3,60,1.0
2024-01-07 19:00,73.59,73.1,74.2,60,1.0
2024-01-07 20:00,74.06,73.1,74.8,60,1.0
2024-01-07 21:00,74.44,73.8,75.0,60,1.0
2024-01-07 22:00,74.05,73.5,74.6,60,1.0
2024-01-07 23:00,73.68,72.9,74.3,60,1.0
2024-01-08 00:00,73.67,73.2,74.1,60,1.0
2024-01-08 01:00,73.6,72.9,74.1,60,1.0
2024-01-08 02:00,74.09,73.3,74.7,60,1.0
2024-01-08 03:00,74.95,73.9,76.3,60,1.0
2024-01-08 04:00,75.83,75.2,76.4,60,1.0
2024-01-08 05:00,76.35,75.1,77.7,60,1.0
2024-01-08 06:00,76.92,76.3,77.5,60,1.0
2024-01-08 07:00,76.76,76.2,77.2,59,0.983
2024-01-08 08:00,77.68,76.9,78.3,60,1.0
2024-01-08 09:00,77.36,76.6,78.0,60,1.0
2024-01-08 10:00,76.62,75.9,77.4,60,1.0
2024-01-08 11:00,75.84,75.3,76.4,60,1.0
2024-01-08 12:00,75.45,74.9,76.0,60,1.0
2024-01-08 13:00,75.12,74.7,75.6,60,1.0
2024-01-08 14:00,74.71,74.2,75.5,60,1.0
2024-01-08 15:00,74.27,73.8,74.8,60,1.0
2024-01-08 16:00,74.13,73.6,74.8,60,1.0
2024-01-08 17:00,73.89,73.4,74.4,60,1.0
2024-01-08 18:00,74.04,73.5,74.6,60,1.0
2024-01-08 19:00,74.0,73.3,74.5,60,1.0
2024-01-08 20:00,74.02,73.4,74.7,60,1.0
2024-01-08 21:00,74.12,73.5,74.7,60,1.0
2024-01-08 22:00,74.26,73.4,75.1,60,1.0
2024-01-08 23:00,74.63,74.0,75.4,60,1.0
2024-01-09 00:00,74.73,74.1,75.5,60,1.0
2024-01-09 01:00,74.86,74.1,75.5,60,1.0
2024-01-09 02:00,75.13,74.4,75.8,60,1.0
2024-01-09 03:00,75.39,74.5,76.2,60,1.0
2024-01-09 04:00,75.78,74.9,76.4,54,0.9
2024-01-09 05:00,76.0,75.1,76.6,49,0.817
2024-01-09 06:00,76.08,75.3,76.8,60,1.0
2024-01-09 07:00,76.0,75.3,76.8,60,1.0
2024-01-09 08:00,75.79,75.3,76.5,60,1.0
2024-01-09 09:00,75.67,75.1,76.2,60,1.0
2024-01-09 10:00,75.82,75.2,76.5,60,1.0
2024-01-09 11:00,75.96,75.3,76.7,60,1.0
2024-01-09 12:00,76.15,75.5,76.7,59,0.983
2024-01-09 13:00,76.03,75.5,76.6,60,1.0
2024-01-09 14:00,75.93,75.2,76.6,60,1.0
2024-01-09 15:00,75.69,75.1,76.6,60,1.0
2024-01-09 16:00,75.63,75.1,76.3,60,1.0
2024-01-09 17:00,75.8,75.3,76.3,60,1.0
2024-01-09 18:00,76.02,75.4,76.7,59,0.983
2024-01-09 19:00,76.1,75.6,76.6,59,0.983
2024-01-09 20:00,76.01,75.3,76.6,60,1.0
2024-01-09 21:00,75.83,75.2,76.6,60,1.0
2024-01-09 22:00,75.7,75.1,76.5,60,1.0
2024-01-09 23:00,75.62,75.1,76.2,60,1.0
2024-01-10 00:00,75.56,75.1,76.0,60,1.0
2024-01-10 01:00,75.45,75.0,76.2,60,1.0
2024-01-10 02:00,75.37,75.0,75.9,60,1.0
2024-01-10 03:00,75.41,74.9,76.0,60,1.0
2024-01-10 04:00,75.36,74.8,75.9,60,1.0
2024-01-10 05:00,75.32,74.8,76.1,60,1.0
2024-01-10 06:00,75.39,74.8,76.0,60,1.0
2024-01-10 07:00,75.17,74.7,75.9,60,1.0
2024-01-10 08:00,75.1,74.6,75.8,60,1.0
2024-01-10 09:00,75.18,74.5,76.0,60,1.0
2024-01-10 10:00,75.04,74.5,75.7,60,1.0
2024-01-10 11:00,74.89,74.4,75.7,60,1.0
2024-01-10 12:00,74.88,74.3,75.4,60,1.0
2024-01-10 13:00,74.82,74.2,75.5,60,1.0
2024-01-10 14:00,74.9,74.2,75.5,60,1.0
2024-01-10 15:00,74.85,74.3,75.4,60,1.0
2024-01-10 16:00,74.69,74.3,75.2,60,1.0
2024-01-10 17:00,74.73,74.3,75.3,58,0.967
2024-01-10 18:00,74.83,74.2,75.5,55,0.917
2024-01-10 19:00,74.97,74.3,75.5,49,0.817
2024-01-10 20:00,74.87,74.1,75.5,58,0.967
2024-01-10 21:00,74.82,74.4,75.5,59,0.983
2024-01-10 22:00,74.79,74.0,75.3,60,1.0
2024-01-10 23:00,74.8,74.1,75.3,60,1.0
2024-01-11 00:00,74.78,74.2,75.3,60,1.0
2024-01-11 01:00,74.59,74.0,75.3,60,1.0
2024-01-11 02:00,73.42,72.0,74.9,60,1.0
2024-01-11 03:00,71.78,71.0,72.5,60,1.0
2024-01-11 04:00,72.25,71.4,72.9,60,1.0
2024-01-11 05:00,72.5,72.0,73.1,60,1.0
2024-01-11 06:00,72.61,71.9,73.4,60,1.0
2024-01-11 07:00,72.82,72.2,73.5,60,1.0
2024-01-11 08:00,72.91,72.2,73.6,60,1.0
2024-01-11 09:00,72.89,72.2,73.6,60,1.0
2024-01-11 10:00,72.92,72.2,73.5,60,1.0
2024-01-11 11:00,72.85,72.2,73.5,60,1.0
2024-01-11 12:00,73.09,72.5,73.7,59,0.983
2024-01-11 13:00,73.26,72.6,73.9,60,1.0
2024-01-11 14:00,73.19,72.6,73.8,60,1.0
2024-01-11 15:00,72.98,72.6,73.5,60,1.0
2024-01-11 16:00,73.05,72.7,73.8,60,1.0
2024-01-11 17:00,73.2,72.7,73.8,60,1.0
2024-01-11 18:00,73.32,72.8,74.0,60,1.0
2024-01-11 19:00,73.42,72.8,74.1,60,1.0
2024-01-11 20:00,73.41,72.9,74.2,60,1.0
2024-01-11 21:00,73.36,72.8,73.9,60,1.0
2024-01-11 22:00,73.37,72.8,74.0,60,1.0
2024-01-11 23:00,73.65,73.1,74.3,60,1.0
2024-01-12 00:00,73.74,73.1,74.3,60,1.0
2024-01-12 01:00,73.85,73.2,74.5,60,1.0
2024-01-12 02:00,73.81,73.1,74.4,60,1.0
2024-01-12 03:00,73.64,73.1,74.4,60,1.0
2024-01-12 04:00,73.98,73.3,74.7,60,1.0
2024-01-12 05:00,74.21,73.5,74.7,60,1.0
2024-01-12 06:00,74.3,73.7,74.8,60,1.0
2024-01-12 07:00,74.31,73.5,74.8,60,1.0
2024-01-12 08:00,74.3,73.7,74.9,60,1.0
2024-01-12 09:00,74.26,73.5,74.8,59,0.983
2024-01-12 10:00,74.18,73.7,74.8,60,1.0
2024-01-12 11:00,74.29,73.7,74.7,60,1.0
2024-01-12 12:00,74.14,73.6,74.7,60,1.0
2024-01-12 13:00,74.12,73.4,74.6,60,1.0
2024-01-12 14:00,74.06,73.3,74.6,60,1.0
2024-01-12 15:00,73.73,73.3,74.2,60,1.0
2024-01-12 16:00,73.93,73.4,74.5,60,1.0
2024-01-12 17:00,74.0,73.4,74.6,60,1.0
2024-01-12 18:00,73.91,73.2,74.4,60,1.0
2024-01-12 19:00,73.89,73.2,74.4,60,1.0
2024-01-12 20:00,73.89,73.2,74.4,60,1.0
2024-01-12 21:00,73.77,73.2,74.3,59,0.983
2024-01-12 22:00,73.75,73.1,74.3,60,1.0
2024-01-12 23:00,73.68,73.0,74.3,60,1.0
2024-01-13 00:00,73.63,73.0,74.3,60,1.0
2024-01-13 01:00,73.69,73.1,74.2,60,1.0
2024-01-13 02:00,73.64,73.0,74.2,60,1.0
2024-01-13 03:00,73.67,73.1,74.3,50,0.833
2024-01-13 04:00,73.52,72.9,74.1,50,0.833
2024-01-13 05:00,73.53,73.0,74.0,53,0.883
2024-01-13 06:00,73.4,72.8,74.1,53,0.883
2024-01-13 07:00,73.29,72.8,73.8,52,0.867
2024-01-13 08:00,73.32,72.8,74.0,46,0.767
2024-01-13 09:00,73.27,72.7,74.0,60,1.0
2024-01-13 10:00,73.02,72.6,73.5,60,1.0
2024-01-13 11:00,73.25,72.8,73.8,60,1.0
2024-01-13 12:00,73.24,72.7,73.8,60,1.0
2024-01-13 13:00,73.17,72.5,73.8,60,1.0
2024-01-13 14:00,73.21,72.7,73.8,60,1.0
2024-01-13 15:00,73.19,72.6,73.7,60,1.0
2024-01-13 16:00,73.22,72.5,73.8,60,1.0
2024-01-13 17:00,73.04,72.5,73.6,60,1.0
2024-01-13 18:00,73.12,72.4,73.6,60,1.0
2024-01-13 19:00,72.82,72.4,73.5,60,1.0
2024-01-13 20:00,72.95,72.4,73.7,60,1.0
2024-01-13 21:00,72.97,72.4,73.6,60,1.0
2024-01-13 22:00,72.68,72.3,73.3,60,1.0
2024-01-13 23:00,72.66,72.3,73.1,60,1.0
2024-01-14 00:00,72.68,72.3,73.3,57,0.95
2024-01-14 01:00,72.78,72.3,73.4,60,1.0
2024-01-14 02:00,72.81,72.3,73.4,60,1.0
2024-01-14 03:00,72.69,72.2,73.3,60,1.0
2024-01-14 04:00,72.62,72.2,73.3,60,1.0
2024-01-14 05:00,72.8,72.3,73.4,60,1.0
2024-01-14 06:00,72.76,72.2,73.2,60,1.0
2024-01-14 07:00,72.86,72.2,73.5,60,1.0
2024-01-14 08:00,72.96,72.3,73.5,60,1.0
2024-01-14 09:00,72.77,72.2,73.5,60,1.0
2024-01-14 10:00,72.68,72.2,73.5,60,1.0
2024-01-14 11:00,72.66,72.2,73.3,60,1.0
2024-01-14 12:00,72.73,72.2,73.4,60,1.0
2024-01-14 13:00,72.7,72.1,73.4,60,1.0
2024-01-14 14:00,72.82,72.2,73.4,60,1.0
2024-01-14 15:00,72.86,72.3,73.3,60,1.0
2024-01-14 16:00,72.78,72.1,73.4,60,1.0
2024-01-14 17:00,72.64,72.1,73.3,60,1.0
2024-01-14 18:00,72.45,72.0,73.2,60,1.0
2024-01-14 19:00,72.47,72.0,73.1,60,1.0
2024-01-14 20:00,72.47,72.1,73.2,60,1.0
2024-01-14 21:00,72.46,72.0,73.1,60,1.0
2024-01-14 22:00,72.52,72.0,73.1,60,1.0
2024-01-14 23:00,72.61,72.0,73.2,60,1.0
2024-01-15 00:00,71.81,70.6,72.8,60,1.0
2024-01-15 01:00,69.85,68.7,71.2,60,1.0
2024-01-15 02:00,69.76,68.7,71.1,55,0.917
2024-01-15 03:00,73.17,70.6,75.0,50,0.833
2024-01-15 04:00,76.6,74.5,79.1,55,0.917
2024-01-15 05:00,78.61,77.9,79.2,60,1.0
2024-01-15 06:00,78.46,77.9,79.0,60,1.0
2024-01-15 07:00,77.58,76.6,78.9,60,1.0
2024-01-15 08:00,76.58,75.9,77.4,60,1.0
2024-01-15 09:00,76.09,75.3,76.7,60,1.0
2024-01-15 10:00,75.49,74.9,76.2,60,1.0
2024-01-15 11:00,74.95,74.4,75.5,60,1.0
2024-01-15 12:00,74.57,73.8,75.3,60,1.0
2024-01-15 13:00,74.12,73.4,74.9,60,1.0
2024-01-15 14:00,73.71,73.4,74.1,60,1.0
2024-01-15 15:00,73.51,73.0,74.1,60,1.0
2024-01-15 16:00,73.37,73.0,73.8,60,1.0
2024-01-15 17:00,73.34,72.8,73.9,60,1.0
2024-01-15 18:00,73.27,72.6,73.9,60,1.0
2024-01-15 19:00,73.11,72.5,73.7,59,0.983
2024-01-15 20:00,73.09,72.5,73.6,60,1.0
2024-01-15 21:00,72.74,72.2,73.4,60,1.0
2024-01-15 22:00,72.56,72.0,73.2,59,0.983
2024-01-15 23:00,72.46,71.9,73.2,60,1.0
2024-01-16 00:00,72.25,71.8,72.8,60,1.0
2024-01-16 01:00,72.26,71.7,72.9,60,1.0
2024-01-16 02:00,72.08,71.7,72.6,60,1.0
2024-01-16 03:00,72.14,71.6,72.6,60,1.0
2024-01-16 04:00,71.94,71.5,72.5,60,1.0
2024-01-16 05:00,71.98,71.5,72.4,60,1.0
2024-01-16 06:00,71.92,71.3,72.5,60,1.0
2024-01-16 07:00,71.74,71.3,72.4,60,1.0
2024-01-16 08:00,71.72,71.3,72.6,60,1.0
2024-01-16 09:00,71.66,71.2,72.2,60,1.0
2024-01-16 10:00,71.9,71.3,72.5,60,1.0
2024-01-16 11:00,71.56,71.0,72.4,60,1.0
2024-01-16 12:00,71.81,71.2,72.4,60,1.0
2024-01-16 13:00,71.83,71.3,72.4,60,1.0
2024-01-16 14:00,72.11,71.5,72.7,60,1.0
2024-01-16 15:00,72.01,71.4,72.5,59,0.983
2024-01-16 16:00,71.9,71.5,72.3,46,0.767
2024-01-16 17:00,72.1,71.6,72.7,58,0.967
2024-01-16 18:00,72.27,71.6,72.8,53,0.883
2024-01-16 19:00,72.22,71.6,72.9,47,0.783
2024-01-16 20:00,72.24,71.6,72.9,55,0.917
2024-01-16 21:00,72.31,71.6,72.9,60,1.0
2024-01-16 22:00,72.23,71.6,72.8,60,1.0
2024-01-16 23:00,72.33,71.8,73.0,60,1.0
2024-01-17 00:00,72.24,71.6,72.9,60,1.0
2024-01-17 01:00,72.21,71.7,72.9,60,1.0
2024-01-17 02:00,71.82,70.9,72.6,60,1.0
2024-01-17 03:00,71.64,70.9,72.2,60,1.0
2024-01-17 04:00,71.49,70.9,72.1,60,1.0
2024-01-17 05:00,71.35,70.8,72.1,60,1.0
2024-01-17 06:00,71.52,70.9,72.1,60,1.0
2024-01-17 07:00,70.92,69.8,72.1,60,1.0
2024-01-17 08:00,70.2,69.3,70.9,60,1.0
2024-01-17 09:00,69.94,69.3,70.7,60,1.0
2024-01-17 10:00,71.38,69.5,73.0,60,1.0
2024-01-17 11:00,72.81,72.4,73.3,60,1.0
2024-01-17 12:00,72.82,72.1,73.4,60,1.0
2024-01-17 13:00,72.75,72.2,73.2,60,1.0
2024-01-17 14:00,72.71,72.2,73.1,60,1.0
2024-01-17 15:00,72.58,72.0,73.0,60,1.0
2024-01-17 16:00,72.44,71.8,73.0,60,1.0
2024-01-17 17:00,72.28,71.7,73.1,60,1.0
2024-01-17 18:00,72.15,71.6,72.7,60,1.0
2024-01-17 19:00,72.12,71.6,72.8,60,1.0
2024-01-17 20:00,72.03,71.6,72.4,60,1.0
2024-01-17 21:00,71.89,71.5,72.4,60,1.0
2024-01-17 22:00,71.95,71.4,72.5,60,1.0
2024-01-17 23:00,71.96,71.4,72.6,60,1.0
2024-01-18 00:00,72.02,71.4,72.5,60,1.0
2024-01-18 01:00,71.93,71.4,72.6,60,1.0
2024-01-18 02:00,71.9,71.3,72.6,60,1.0
2024-01-18 03:00,71.88,71.4,72.6,60,1.0
2024-01-18 04:00,71.94,71.3,72.5,60,1.0
2024-01-18 05:00,71.85,71.3,72.5,60,1.0
2024-01-18 06:00,71.87,71.2,72.4,60,1.0
2024-01-18 07:00,71.76,71.2,72.3,60,1.0
2024-01-18 08:00,71.48,71.0,72.3,60,1.0
2024-01-18 09:00,71.7,71.0,72.3,59,0.983
2024-01-18 10:00,71.44,70.7,72.2,60,1.0
2024-01-18 11:00,71.39,71.0,72.2,60,1.0
2024-01-18 12:00,71.77,71.2,72.4,60,1.0
2024-01-18 13:00,71.96,71.3,72.6,60,1.0
2024-01-18 14:00,72.3,71.7,72.8,58,0.967
2024-01-18 15:00,72.31,71.7,73.0,60,1.0
2024-01-18 16:00,72.64,72.1,73.0,60,1.0
2024-01-18 17:00,72.57,71.9,73.1,60,1.0
2024-01-18 18:00,72.22,71.7,72.7,60,1.0
2024-01-18 19:00,72.21,71.7,72.9,56,0.933
2024-01-18 20:00,72.13,71.7,72.8,42,0.7
2024-01-18 21:00,72.13,71.6,72.8,52,0.867
2024-01-18 22:00,72.15,71.6,72.9,50,0.833
2024-01-18 23:00,72.17,71.7,72.6,49,0.817
2024-01-19 00:00,72.3,71.7,73.1,56,0.933
2024-01-19 01:00,72.45,71.7,73.1,59,0.983
2024-01-19 02:00,72.2,71.4,73.0,55,0.917
2024-01-19 03:00,72.16,71.4,72.7,45,0.75
2024-01-19 04:00,72.11,71.5,72.7,54,0.9
2024-01-19 05:00,72.17,71.5,72.8,60,1.0
2024-01-19 06:00,72.04,71.4,72.6,57,0.95
2024-01-19 07:00,71.81,71.3,72.6,60,1.0
2024-01-19 08:00,71.91,71.3,72.7,60,1.0
2024-01-19 09:00,71.65,71.2,72.3,60,1.0
2024-01-19 10:00,71.32,70.9,71.8,60,1.0
2024-01-19 11:00,71.42,70.8,72.0,60,1.0
2024-01-19 12:00,71.36,70.9,72.1,60,1.0
2024-01-19 13:00,71.57,71.0,72.1,60,1.0
2024-01-19 14:00,71.58,71.1,72.4,60,1.0
2024-01-19 15:00,71.61,71.0,72.3,60,1.0
2024-01-19 16:00,72.09,71.3,72.8,60,1.0
2024-01-19 17:00,72.22,71.6,72.8,60,1.0
2024-01-19 18:00,72.09,71.4,72.7,60,1.0
2024-01-19 19:00,71.74,71.2,72.3,60,1.0
2024-01-19 20:00,71.86,71.2,72.4,60,1.0
2024-01-19 21:00,71.69,71.2,72.3,60,1.0
2024-01-19 22:00,70.39,69.7,71.3,60,1.0
2024-01-19 23:00,69.82,69.4,70.2,60,1.0
2024-01-20 00:00,69.58,67.8,70.4,60,1.0
2024-01-20 01:00,70.73,67.4,73.0,60,1.0
2024-01-20 02:00,72.82,72.5,73.5,60,1.0
2024-01-20 03:00,73.13,72.6,73.8,60,1.0
2024-01-20 04:00,74.21,73.6,74.8,60,1.0
2024-01-20 05:00,76.38,74.3,77.9,60,1.0
2024-01-20 06:00,77.78,77.1,78.3,60,1.0
2024-01-20 07:00,77.46,76.7,77.9,60,1.0
2024-01-20 08:00,76.56,75.7,77.7,60,1.0
2024-01-20 09:00,75.48,74.8,76.4,60,1.0
2024-01-20 10:00,74.89,74.3,75.6,60,1.0
2024-01-20 11:00,74.3,73.8,74.9,60,1.0
2024-01-20 12:00,73.78,73.3,74.6,60,1.0
2024-01-20 13:00,73.54,73.0,74.0,60,1.0
2024-01-20 14:00,73.35,72.9,74.1,60,1.0
2024-01-20 15:00,73.29,72.9,73.7,60,1.0
2024-01-20 16:00,73.61,72.9,74.3,60,1.0
2024-01-20 17:00,73.87,73.2,74.7,60,1.0
2024-01-20 18:00,74.33,73.7,75.0,60,1.0
2024-01-20 19:00,74.85,74.1,75.8,60,1.0
2024-01-20 20:00,75.34,74.6,76.0,60,1.0
2024-01-20 21:00,75.72,74.8,76.4,60,1.0
2024-01-20 22:00,76.1,75.4,76.7,60,1.0
2024-01-20 23:00,76.41,75.7,77.0,60,1.0
2024-01-21 00:00,76.72,76.0,77.4,60,1.0
2024-01-21 01:00,76.88,76.0,77.5,60,1.0
2024-01-21 02:00,76.88,76.1,77.6,60,1.0
2024-01-21 03:00,76.84,76.2,77.5,60,1.0
2024-01-21 04:00,77.04,76.4,77.8,60,1.0
2024-01-21 05:00,77.09,76.6,77.6,17,0.283
2024-02-09 12:00,66.97,66.5,67.4,43,0.717
2024-02-09 13:00,66.97,66.5,67.4,60,1.0
2024-02-09 14:00,66.93,66.4,67.3,58,0.967
2024-02-09 15:00,66.84,66.3,67.2,59,0.983
2024-02-09 16:00,66.73,66.4,67.3,60,1.0
2024-02-09 17:00,66.65,66.3,67.0,60,1.0
2024-02-09 18:00,66.73,66.3,67.3,60,1.0
2024-02-09 19:00,66.87,66.4,67.3,60,1.0
2024-02-09 20:00,66.9,66.4,67.3,60,1.0
2024-02-09 21:00,66.79,66.3,67.3,60,1.0
2024-02-09 22:00,66.72,66.3,67.1,60,1.0
2024-02-09 23:00,66.71,66.3,67.2,60,1.0
2024-02-10 00:00,66.92,66.4,67.2,60,1.0
2024-02-10 01:00,66.84,66.4,67.2,60,1.0
2024-02-10 02:00,66.68,66.3,67.2,60,1.0
2024-02-10 03:00,66.56,66.2,67.1,60,1.0
2024-02-10 04:00,66.53,66.2,66.8,60,1.0
2024-02-10 05:00,66.55,66.2,67.2,60,1.0
2024-02-10 06:00,66.61,66.2,67.1,60,1.0
2024-02-10 07:00,66.57,66.2,67.1,60,1.0
2024-02-10 08:00,66.54,66.2,67.1,60,1.0
2024-02-10 09:00,66.71,66.2,67.2,60,1.0
2024-02-10 10:00,66.55,66.1,67.1,60,1.0
2024-02-10 11:00,66.45,66.1,66.9,60,1.0
2024-02-10 12:00,66.79,66.3,67.5,60,1.0
2024-02-10 13:00,66.88,66.5,67.5,60,1.0
2024-02-10 14:00,67.19,66.6,68.0,60,1.0
2024-02-10 15:00,68.04,67.3,68.9,60,1.0
2024-02-10 16:00,69.35,68.3,70.3,60,1.0
2024-02-10 17:00,70.15,69.4,70.7,60,1.0
2024-02-10 18:00,69.52,68.4,70.5,60,1.0
2024-02-10 19:00,72.26,67.8,74.7,60,1.0
2024-02-10 20:00,75.43,73.9,76.4,60,1.0
2024-02-10 21:00,76.05,75.4,76.8,60,1.0
2024-02-10 22:00,75.89,75.5,76.4,60,1.0
2024-02-10 23:00,75.6,75.0,76.2,60,1.0
2024-02-11 00:00,75.43,74.9,76.0,56,0.933
2024-02-11 01:00,75.07,74.7,75.7,49,0.817
2024-02-11 02:00,75.14,74.7,75.7,55,0.917
2024-02-11 03:00,75.07,74.6,75.9,55,0.917
2024-02-11 04:00,74.56,73.8,75.6,60,1.0
2024-02-11 05:00,74.11,72.9,75.1,60,1.0
2024-02-11 06:00,73.34,72.1,74.3,60,1.0
2024-02-11 07:00,73.89,73.1,74.5,60,1.0
2024-02-11 08:00,74.2,72.5,74.8,60,1.0
2024-02-11 09:00,74.21,73.4,74.9,60,1.0
2024-02-11 10:00,74.03,73.3,74.7,60,1.0
2024-02-11 11:00,74.04,72.7,74.7,60,1.0
2024-02-11 12:00,74.09,72.6,75.1,60,1.0
2024-02-11 13:00,74.86,74.1,75.4,60,1.0
2024-02-11 14:00,74.68,74.0,75.1,60,1.0
2024-02-11 15:00,74.37,73.8,74.9,60,1.0
2024-02-11 16:00,74.21,73.5,74.7,60,1.0
2024-02-11 17:00,73.91,73.2,74.6,60,1.0
2024-02-11 18:00,73.51,72.5,74.2,60,1.0
2024-02-11 19:00,73.06,72.5,73.6,60,1.0
2024-02-11 20:00,73.22,72.6,73.8,60,1.0
2024-02-11 21:00,73.64,73.1,74.3,60,1.0
2024-02-11 22:00,73.76,73.3,74.3,60,1.0
2024-02-11 23:00,73.65,73.1,74.2,60,1.0
2024-02-12 00:00,73.16,72.5,73.9,60,1.0
2024-02-12 01:00,73.9,73.5,74.5,60,1.0
2024-02-12 02:00,74.06,73.6,74.5,60,1.0
2024-02-12 03:00,74.08,73.6,74.4,60,1.0
2024-02-12 04:00,73.75,73.2,74.4,60,1.0
2024-02-12 05:00,73.45,73.0,74.1,60,1.0
2024-02-12 06:00,73.22,72.8,73.7,60,1.0
2024-02-12 07:00,73.01,72.5,73.5,59,0.983
2024-02-12 08:00,72.92,72.3,73.6,60,1.0
2024-02-12 09:00,72.85,72.4,73.6,60,1.0
2024-02-12 10:00,72.71,71.6,73.3,60,1.0
2024-02-12 11:00,72.71,72.3,73.4,60,1.0
2024-02-12 12:00,72.72,72.3,73.1,60,1.0
2024-02-12 13:00,72.81,72.3,73.4,60,1.0
2024-02-12 14:00,72.94,72.3,73.5,60,1.0
2024-02-12 15:00,72.97,72.3,73.5,60,1.0
2024-02-12 16:00,72.88,72.2,73.4,60,1.0
2024-02-12 17:00,72.79,72.2,73.3,60,1.0
2024-02-12 18:00,72.38,71.8,73.0,60,1.0
2024-02-12 19:00,71.25,69.6,72.6,60,1.0
2024-02-12 20:00,73.84,71.3,75.3,60,1.0
2024-02-12 21:00,74.59,74.2,75.0,60,1.0
2024-02-12 22:00,74.61,74.3,75.0,57,0.95
2024-02-12 23:00,74.56,74.0,75.1,45,0.75
2024-02-13 00:00,74.16,73.7,74.9,53,0.883
2024-02-13 01:00,73.87,73.4,74.5,59,0.983
2024-02-13 02:00,73.6,73.0,74.4,53,0.883
2024-02-13 03:00,73.28,72.8,73.7,48,0.8
2024-02-13 04:00,73.12,72.7,73.7,47,0.783
2024-02-13 05:00,73.12,72.4,73.7,57,0.95
2024-02-13 06:00,72.94,72.3,73.6,58,0.967
2024-02-13 07:00,72.94,72.2,73.5,50,0.833
2024-02-13 08:00,72.57,72.0,73.1,49,0.817
2024-02-13 09:00,72.54,72.0,73.3,50,0.833
2024-02-13 10:00,72.42,71.8,73.2,50,0.833
2024-02-13 11:00,72.53,72.0,73.2,55,0.917
2024-02-13 12:00,72.73,72.1,73.4,60,1.0
2024-02-13 13:00,72.87,72.4,73.4,60,1.0
2024-02-13 14:00,72.53,72.0,73.2,60,1.0
2024-02-13 15:00,71.34,70.4,72.8,60,1.0
2024-02-13 16:00,71.57,70.9,72.1,60,1.0
2024-02-13 17:00,71.53,70.8,72.0,60,1.0
2024-02-13 18:00,71.46,70.9,72.1,60,1.0
2024-02-13 19:00,71.4,71.0,72.1,60,1.0
2024-02-13 20:00,71.7,71.2,72.3,60,1.0
2024-02-13 21:00,71.91,71.4,72.5,60,1.0
2024-02-13 22:00,72.13,71.5,72.9,59,0.983
2024-02-13 23:00,72.51,71.9,73.2,59,0.983
2024-02-14 00:00,72.62,72.1,73.5,60,1.0
2024-02-14 01:00,73.05,72.3,73.7,60,1.0
2024-02-14 02:00,72.72,72.2,73.4,60,1.0
2024-02-14 03:00,72.68,72.2,73.3,60,1.0
2024-02-14 04:00,72.72,72.2,73.1,59,0.983
2024-02-14 05:00,72.67,72.2,73.4,60,1.0
2024-02-14 06:00,72.84,72.2,73.5,60,1.0
2024-02-14 07:00,73.11,72.4,73.7,60,1.0
2024-02-14 08:00,73.0,72.4,73.7,60,1.0
2024-02-14 09:00,72.66,72.2,73.4,60,1.0
2024-02-14 10:00,72.85,72.3,73.4,60,1.0
2024-02-14 11:00,72.77,72.4,73.4,60,1.0
2024-02-14 12:00,72.93,72.5,73.6,60,1.0
2024-02-14 13:00,73.12,72.5,73.8,60,1.0
2024-02-14 14:00,73.29,72.5,73.8,60,1.0
2024-02-14 15:00,73.34,72.8,73.9,59,0.983
2024-02-14 16:00,73.45,72.9,74.0,60,1.0
2024-02-14 17:00,73.26,72.7,73.9,60,1.0
2024-02-14 18:00,73.3,72.8,73.9,60,1.0
2024-02-14 19:00,73.27,72.7,74.0,60,1.0
2024-02-14 20:00,73.32,72.8,73.9,60,1.0
2024-02-14 21:00,73.3,72.8,74.0,60,1.0
2024-02-14 22:00,73.47,72.8,74.1,60,1.0
2024-02-14 23:00,73.3,72.8,73.9,60,1.0
2024-02-15 00:00,73.57,72.8,74.1,60,1.0
2024-02-15 01:00,73.54,73.0,74.1,60,1.0
2024-02-15 02:00,73.57,72.9,74.1,60,1.0
2024-02-15 03:00,73.6,73.0,74.3,60,1.0
2024-02-15 04:00,73.52,72.8,74.2,59,0.983
2024-02-15 05:00,73.44,72.8,74.1,60,1.0
2024-02-15 06:00,73.43,72.8,74.1,60,1.0
2024-02-15 07:00,73.41,72.8,74.1,60,1.0
2024-02-15 08:00,73.43,72.7,74.0,60,1.0
2024-02-15 09:00,73.01,72.5,73.8,60,1.0
2024-02-15 10:00,73.07,72.6,73.7,60,1.0
2024-02-15 11:00,73.21,72.6,73.8,60,1.0
2024-02-15 12:00,73.3,72.6,73.8,60,1.0
2024-02-15 13:00,73.17,72.7,73.7,60,1.0
2024-02-15 14:00,73.26,72.5,73.8,60,1.0
2024-02-15 15:00,73.09,72.5,73.8,60,1.0
2024-02-15 16:00,73.0,72.5,73.6,60,1.0
2024-02-15 17:00,73.04,72.5,73.7,58,0.967
2024-02-15 18:00,73.01,72.5,73.7,60,1.0
2024-02-15 19:00,72.89,72.5,73.4,60,1.0
2024-02-15 20:00,72.8,72.4,73.6,60,1.0
2024-02-15 21:00,72.82,72.4,73.2,60,1.0
2024-02-15 22:00,72.71,72.4,73.2,60,1.0
2024-02-15 23:00,72.99,72.4,73.7,60,1.0
2024-02-16 00:00,72.91,72.4,73.7,55,0.917
2024-02-16 01:00,72.95,72.3,73.6,43,0.717
2024-02-16 02:00,72.97,72.3,73.6,59,0.983
2024-02-16 03:00,73.01,72.3,73.8,60,1.0
2024-02-16 04:00,73.03,72.5,73.6,60,1.0
2024-02-16 05:00,73.0,72.4,73.6,60,1.0
2024-02-16 06:00,73.05,72.3,73.5,60,1.0
2024-02-16 07:00,73.02,72.3,73.5,60,1.0
2024-02-16 08:00,72.67,72.1,73.4,60,1.0
2024-02-16 09:00,72.54,72.0,73.2,60,1.0
2024-02-16 10:00,72.45,71.9,72.9,60,1.0
2024-02-16 11:00,72.39,71.9,72.8,60,1.0
2024-02-16 12:00,72.3,71.9,72.9,60,1.0
2024-02-16 13:00,72.31,71.8,72.9,60,1.0
2024-02-16 14:00,72.25,71.8,72.8,60,1.0
2024-02-16 15:00,72.31,71.9,72.8,60,1.0
2024-02-16 16:00,72.56,71.9,73.1,60,1.0
2024-02-16 17:00,72.58,71.8,73.0,60,1.0
2024-02-16 18:00,72.56,72.1,73.0,60,1.0
2024-02-16 19:00,72.39,71.8,73.0,60,1.0
2024-02-16 20:00,72.2,71.7,73.0,60,1.0
2024-02-16 21:00,72.21,71.8,72.7,60,1.0
2024-02-16 22:00,72.22,71.8,72.6,60,1.0
2024-02-16 23:00,72.18,71.7,72.6,60,1.0
2024-02-17 00:00,72.21,71.7,72.7,60,1.0
2024-02-17 01:00,72.26,71.7,72.9,60,1.0
2024-02-17 02:00,72.36,71.8,72.9,60,1.0
2024-02-17 03:00,72.37,71.8,72.8,60,1.0
2024-02-17 04:00,72.34,71.8,72.9,60,1.0
2024-02-17 05:00,72.42,71.9,73.0,60,1.0
2024-02-17 06:00,72.31,71.8,72.8,60,1.0
2024-02-17 07:00,72.35,71.9,72.9,60,1.0
2024-02-17 08:00,72.18,71.6,72.9,60,1.0
2024-02-17 09:00,71.96,71.4,72.7,60,1.0
2024-02-17 10:00,71.78,71.4,72.4,60,1.0
2024-02-17 11:00,71.75,71.4,72.3,60,1.0
2024-02-17 12:00,71.81,71.3,72.5,60,1.0
2024-02-17 13:00,71.9,71.3,72.4,60,1.0
2024-02-17 14:00,72.04,71.5,72.5,49,0.817
2024-02-17 15:00,71.9,71.4,72.4,53,0.883
2024-02-17 16:00,72.02,71.4,72.5,60,1.0
2024-02-17 17:00,72.04,71.5,72.5,60,1.0
2024-02-17 18:00,71.95,71.3,72.5,60,1.0
2024-02-17 19:00,71.66,71.2,72.3,60,1.0
2024-02-17 20:00,71.58,71.2,72.1,60,1.0
2024-02-17 21:00,71.61,71.2,71.9,60,1.0
2024-02-17 22:00,71.59,71.2,72.1,60,1.0
2024-02-17 23:00,71.57,71.2,72.0,60,1.0
2024-02-18 00:00,71.59,71.1,72.3,60,1.0
2024-02-18 01:00,71.74,71.1,72.3,60,1.0
2024-02-18 02:00,71.64,71.1,72.1,60,1.0
2024-02-18 03:00,71.57,71.1,72.3,60,1.0
2024-02-18 04:00,71.77,71.1,72.2,60,1.0
2024-02-18 05:00,71.78,71.2,72.2,60,1.0
2024-02-18 06:00,71.85,71.2,72.4,60,1.0
2024-02-18 07:00,71.8,71.1,72.3,60,1.0
2024-02-18 08:00,71.61,71.0,72.1,60,1.0
2024-02-18 09:00,71.32,70.8,71.9,60,1.0
2024-02-18 10:00,71.22,70.8,71.7,60,1.0
2024-02-18 11:00,71.22,70.8,71.8,60,1.0
2024-02-18 12:00,71.11,70.8,71.5,60,1.0
2024-02-18 13:00,71.16,70.7,71.7,60,1.0
2024-02-18 14:00,71.12,70.7,71.8,60,1.0
2024-02-18 15:00,70.96,70.7,71.3,60,1.0
2024-02-18 16:00,71.07,70.7,71.5,60,1.0
2024-02-18 17:00,71.2,70.7,71.7,60,1.0
2024-02-18 18:00,71.36,70.8,71.8,60,1.0
2024-02-18 19:00,71.39,70.8,72.0,60,1.0
2024-02-18 20:00,70.98,70.5,71.5,60,1.0
2024-02-18 21:00,70.96,70.6,71.6,60,1.0
2024-02-18 22:00,71.19,70.6,71.8,60,1.0
2024-02-18 23:00,70.9,70.5,71.5,60,1.0
2024-02-19 00:00,70.91,70.5,71.4,60,1.0
2024-02-19 01:00,70.84,70.5,71.3,59,0.983
2024-02-19 02:00,70.83,70.5,71.4,60,1.0
2024-02-19 03:00,70.82,70.5,71.3,59,0.983
2024-02-19 04:00,70.89,70.4,71.5,60,1.0
2024-02-19 05:00,70.94,70.4,71.4,60,1.0
2024-02-19 06:00,71.08,70.7,71.6,60,1.0
2024-02-19 07:00,70.98,70.6,71.5,60,1.0
2024-02-19 08:00,70.77,70.3,71.4,60,1.0
2024-02-19 09:00,70.81,70.2,71.4,60,1.0
2024-02-19 10:00,70.61,70.2,71.1,60,1.0
2024-02-19 11:00,70.58,70.1,71.0,60,1.0
2024-02-19 12:00,70.52,70.1,71.0,60,1.0
2024-02-19 13:00,70.57,70.1,71.3,59,0.983
2024-02-19 14:00,70.75,70.3,71.3,59,0.983
2024-02-19 15:00,70.71,70.1,71.1,59,0.983
2024-02-19 16:00,70.69,70.1,71.1,60,1.0
2024-02-19 17:00,70.76,70.2,71.2,60,1.0
2024-02-19 18:00,70.6,70.0,71.1,60,1.0
2024-02-19 19:00,70.48,70.0,71.2,60,1.0
2024-02-19 20:00,70.39,70.0,70.8,60,1.0
2024-02-19 21:00,70.49,69.9,71.1,60,1.0
2024-02-19 22:00,70.44,69.9,71.0,60,1.0
2024-02-19 23:00,70.61,70.0,71.3,60,1.0
2024-02-20 00:00,70.67,70.1,71.1,60,1.0
2024-02-20 01:00,70.58,70.0,71.1,59,0.983
2024-02-20 02:00,70.62,70.0,71.2,60,1.0
2024-02-20 03:00,70.46,69.9,71.0,60,1.0
2024-02-20 04:00,70.39,70.0,71.0,60,1.0
2024-02-20 05:00,70.41,69.9,70.9,60,1.0
2024-02-20 06:00,70.25,69.9,70.7,60,1.0
2024-02-20 07:00,70.45,69.9,70.9,60,1.0
2024-02-20 08:00,70.25,69.8,70.8,60,1.0
2024-02-20 09:00,70.07,69.7,70.8,60,1.0
2024-02-20 10:00,70.2,69.7,70.7,60,1.0
2024-02-20 11:00,70.1,69.7,70.6,60,1.0
2024-02-20 12:00,70.02,69.6,70.5,60,1.0
2024-02-20 13:00,69.93,69.6,70.3,60,1.0
2024-02-20 14:00,69.93,69.5,70.4,60,1.0
2024-02-20 15:00,69.95,69.5,70.6,60,1.0
2024-02-20 16:00,69.97,69.5,70.5,57,0.95
2024-02-20 17:00,70.11,69.5,70.6,58,0.967
2024-02-20 18:00,69.95,69.4,70.6,43,0.717
2024-02-20 19:00,69.87,69.4,70.5,56,0.933
2024-02-20 20:00,69.92,69.4,70.5,55,0.917
2024-02-20 21:00,69.85,69.4,70.4,53,0.883
2024-02-20 22:00,69.69,69.4,70.0,53,0.883
2024-02-20 23:00,69.64,69.3,70.0,47,0.783
2024-02-21 00:00,69.65,69.3,70.1,55,0.917
2024-02-21 01:00,69.62,69.3,70.1,60,1.0
2024-02-21 02:00,69.55,69.3,69.9,60,1.0
2024-02-21 03:00,69.56,69.3,69.9,60,1.0
2024-02-21 04:00,69.64,69.2,70.1,60,1.0
2024-02-21 05:00,69.64,69.3,70.3,60,1.0
2024-02-21 06:00,69.88,69.4,70.3,60,1.0
2024-02-21 07:00,69.81,69.3,70.4,60,1.0
2024-02-21 08:00,69.6,69.1,70.3,60,1.0
2024-02-21 09:00,69.46,69.0,70.0,60,1.0
2024-02-21 10:00,69.46,69.0,70.0,60,1.0
2024-02-21 11:00,69.65,69.1,70.0,60,1.0
2024-02-21 12:00,69.45,69.0,70.0,60,1.0
2024-02-21 13:00,69.52,68.9,70.0,60,1.0
2024-02-21 14:00,69.43,69.0,69.9,60,1.0
2024-02-21 15:00,69.45,68.9,69.9,60,1.0
2024-02-21 16:00,69.41,68.9,69.9,60,1.0
2024-02-21 17:00,69.12,68.8,69.6,60,1.0
2024-02-21 18:00,69.16,68.8,69.6,60,1.0
2024-02-21 19:00,69.28,68.8,69.9,60,1.0
2024-02-21 20:00,69.36,68.8,69.8,60,1.0
2024-02-21 21:00,69.45,69.1,69.9,60,1.0
2024-02-21 22:00,69.45,68.8,69.9,60,1.0
2024-02-21 23:00,69.39,69.0,69.8,60,1.0
2024-02-22 00:00,69.33,68.8,69.8,60,1.0
2024-02-22 01:00,69.27,68.8,69.8,60,1.0
2024-02-22 02:00,69.26,68.7,69.8,60,1.0
2024-02-22 03:00,69.14,68.7,69.6,60,1.0
2024-02-22 04:00,69.06,68.7,69.6,60,1.0
2024-02-22 05:00,69.03,68.7,69.4,60,1.0
2024-02-22 06:00,69.03,68.7,69.4,60,1.0
2024-02-22 07:00,69.03,68.7,69.4,60,1.0
2024-02-22 08:00,69.1,68.7,69.8,60,1.0
2024-02-22 09:00,69.02,68.6,69.6,60,1.0
2024-02-22 10:00,69.15,68.7,69.6,60,1.0
2024-02-22 11:00,69.14,68.6,69.6,60,1.0
2024-02-22 12:00,69.09,68.6,69.6,60,1.0
2024-02-22 13:00,69.02,68.5,69.6,60,1.0
2024-02-22 14:00,68.93,68.5,69.4,60,1.0
2024-02-22 15:00,69.07,68.5,69.5,60,1.0
2024-02-22 16:00,68.99,68.5,69.5,60,1.0
2024-02-22 17:00,69.01,68.5,69.4,60,1.0
2024-02-22 18:00,68.81,68.4,69.3,60,1.0
2024-02-22 19:00,68.82,68.4,69.3,60,1.0
2024-02-22 20:00,69.01,68.7,69.4,60,1.0
2024-02-22 21:00,68.96,68.5,69.4,60,1.0
2024-02-22 22:00,68.87,68.3,69.3,60,1.0
2024-02-22 23:00,68.83,68.3,69.3,60,1.0
2024-02-23 00:00,68.84,68.2,69.3,60,1.0
2024-02-23 01:00,68.74,68.2,69.2,60,1.0
2024-02-23 02:00,68.61,68.2,69.2,58,0.967
2024-02-23 03:00,68.62,68.2,69.2,60,1.0
2024-02-23 04:00,68.61,68.2,69.1,59,0.983
2024-02-23 05:00,68.59,68.1,69.0,60,1.0
2024-02-23 06:00,68.6,68.2,69.2,60,1.0
2024-02-23 07:00,68.68,68.1,69.1,60,1.0
2024-02-23 08:00,68.59,68.1,69.1,60,1.0
2024-02-23 09:00,68.57,68.1,69.1,47,0.783
2024-02-23 10:00,68.41,68.0,68.9,49,0.817
2024-02-23 11:00,68.37,68.0,69.0,52,0.867
2024-02-23 12:00,68.25,67.9,68.8,59,0.983
2024-02-23 13:00,68.25,67.9,68.7,60,1.0
2024-02-23 14:00,68.25,67.9,68.8,59,0.983
2024-02-23 15:00,68.26,67.8,68.7,58,0.967
2024-02-23 16:00,68.34,67.7,68.8,60,1.0
2024-02-23 17:00,68.28,67.8,68.7,60,1.0
2024-02-23 18:00,68.21,67.7,68.6,60,1.0
2024-02-23 19:00,68.14,67.6,68.6,60,1.0
2024-02-23 20:00,68.13,67.6,68.7,60,1.0
2024-02-23 21:00,68.08,67.6,68.6,60,1.0
2024-02-23 22:00,68.1,67.6,68.6,60,1.0
2024-02-23 23:00,68.31,67.7,68.8,60,1.0
2024-02-24 00:00,67.91,66.0,68.8,58,0.967
2024-02-24 01:00,67.6,66.5,69.5,60,1.0
2024-02-24 02:00,69.91,69.0,70.8,57,0.95
2024-02-24 03:00,70.71,70.0,71.5,47,0.783
2024-02-24 04:00,70.99,70.5,71.6,51,0.85
2024-02-24 05:00,71.27,70.7,71.8,60,1.0
2024-02-24 06:00,70.97,69.9,71.5,60,1.0
2024-02-24 07:00,69.77,69.0,70.7,60,1.0
2024-02-24 08:00,70.53,69.8,71.3,60,1.0
2024-02-24 09:00,71.18,70.7,71.6,60,1.0
2024-02-24 10:00,71.37,70.9,72.3,60,1.0
2024-02-24 11:00,71.66,71.1,72.2,60,1.0
2024-02-24 12:00,71.82,71.2,72.3,60,1.0
2024-02-24 13:00,72.04,71.5,72.7,56,0.933
2024-02-24 14:00,71.49,69.7,72.5,44,0.733
2024-02-24 15:00,71.0,70.4,71.5,52,0.867
2024-02-24 16:00,71.12,70.7,72.0,45,0.75
2024-02-24 17:00,71.19,70.7,71.8,48,0.8
2024-02-24 18:00,71.22,70.7,71.8,59,0.983
2024-02-24 19:00,71.16,70.6,71.6,60,1.0
2024-02-24 20:00,70.98,70.5,71.5,50,0.833
2024-02-24 21:00,71.25,70.6,71.9,56,0.933
2024-02-24 22:00,71.23,70.7,71.9,49,0.817
2024-02-24 23:00,71.07,70.6,71.8,57,0.95
2024-02-25 00:00,71.09,70.6,71.7,60,1.0
2024-02-25 01:00,71.01,70.5,71.5,60,1.0
2024-02-25 02:00,70.96,70.4,71.5,60,1.0
2024-02-25 03:00,70.33,69.2,71.4,60,1.0
2024-02-25 04:00,69.76,69.0,70.5,60,1.0
2024-02-25 05:00,69.55,68.9,70.3,60,1.0
2024-02-25 06:00,69.31,68.8,69.9,60,1.0
2024-02-25 07:00,69.22,68.8,69.8,60,1.0
2024-02-25 08:00,69.57,68.8,70.3,60,1.0
2024-02-25 09:00,69.74,69.1,70.5,60,1.0
2024-02-25 10:00,70.01,68.8,70.7,60,1.0
2024-02-25 11:00,70.07,69.5,70.6,59,0.983
2024-02-25 12:00,70.41,69.5,71.0,60,1.0
2024-02-25 13:00,70.6,69.9,71.3,60,1.0
2024-02-25 14:00,70.54,69.2,72.0,60,1.0
2024-02-25 15:00,70.71,70.1,71.4,60,1.0
2024-02-25 16:00,70.56,70.2,71.1,60,1.0
2024-02-25 17:00,70.66,70.2,71.3,60,1.0
2024-02-25 18:00,70.67,70.0,71.4,60,1.0
2024-02-25 19:00,70.63,70.2,71.3,60,1.0
2024-02-25 20:00,70.7,70.2,71.4,60,1.0
2024-02-25 21:00,70.8,70.4,71.3,60,1.0
2024-02-25 22:00,71.49,70.8,72.2,60,1.0
2024-02-25 23:00,71.61,71.2,72.4,60,1.0
2024-02-26 00:00,71.69,71.2,72.3,60,1.0
2024-02-26 01:00,72.06,71.5,72.6,60,1.0
2024-02-26 02:00,72.04,71.4,72.6,60,1.0
2024-02-26 03:00,71.85,71.3,72.6,60,1.0
2024-02-26 04:00,71.99,71.3,72.5,59,0.983
2024-02-26 05:00,71.86,71.0,72.5,60,1.0
2024-02-26 06:00,71.68,70.7,72.2,60,1.0
2024-02-26 07:00,71.81,71.2,72.5,60,1.0
2024-02-26 08:00,71.83,71.1,72.5,60,1.0
2024-02-26 09:00,71.73,71.1,72.4,60,1.0
2024-02-26 10:00,72.07,71.3,72.7,60,1.0
2024-02-26 11:00,72.21,71.6,72.8,60,1.0
2024-02-26 12:00,72.11,71.7,72.6,60,1.0
2024-02-26 13:00,72.39,71.9,73.0,60,1.0
2024-02-26 14:00,72.4,71.7,73.0,60,1.0
2024-02-26 15:00,72.53,72.0,73.0,60,1.0
2024-02-26 16:00,72.58,71.9,73.1,60,1.0
2024-02-26 17:00,72.51,71.9,73.1,60,1.0
2024-02-26 18:00,72.46,72.0,73.2,59,0.983
2024-02-26 19:00,72.38,72.0,72.8,60,1.0
2024-02-26 20:00,72.44,71.9,73.1,60,1.0
2024-02-26 21:00,72.46,71.8,73.0,60,1.0
2024-02-26 22:00,72.59,72.0,73.1,60,1.0
2024-02-26 23:00,72.48,71.9,73.0,60,1.0
2024-02-27 00:00,72.35,71.9,72.8,59,0.983
2024-02-27 01:00,72.25,71.9,72.7,60,1.0
2024-02-27 02:00,72.47,72.0,73.1,60,1.0
2024-02-27 03:00,72.51,71.9,73.1,60,1.0
2024-02-27 04:00,72.49,71.9,73.1,60,1.0
2024-02-27 05:00,72.59,72.0,73.1,60,1.0
2024-02-27 06:00,72.48,71.9,73.0,60,1.0
2024-02-27 07:00,72.46,71.7,72.9,59,0.983
2024-02-27 08:00,72.33,71.5,72.9,60,1.0
2024-02-27 09:00,71.97,71.5,72.6,60,1.0
2024-02-27 10:00,72.15,71.6,72.8,60,1.0
2024-02-27 11:00,72.01,71.6,72.4,60,1.0
2024-02-27 12:00,72.0,71.6,72.7,60,1.0
2024-02-27 13:00,71.9,71.5,72.4,60,1.0
2024-02-27 14:00,71.89,71.5,72.2,60,1.0
2024-02-27 15:00,71.92,71.4,72.6,60,1.0
2024-02-27 16:00,71.96,71.4,72.5,60,1.0
2024-02-27 17:00,71.9,71.4,72.5,60,1.0
2024-02-27 18:00,71.94,71.4,72.4,60,1.0
2024-02-27 19:00,72.08,71.4,72.5,59,0.983
2024-02-27 20:00,71.94,71.4,72.5,60,1.0
2024-02-27 21:00,71.91,71.3,72.4,60,1.0
2024-02-27 22:00,71.89,71.2,72.3,60,1.0
2024-02-27 23:00,71.87,71.2,72.4,60,1.0
2024-02-28 00:00,71.56,71.2,72.4,60,1.0
2024-02-28 01:00,71.52,71.1,72.1,53,0.883
2024-02-28 02:00,71.5,71.2,72.0,52,0.867
2024-02-28 03:00,71.49,71.1,71.9,60,1.0
2024-02-28 04:00,71.55,71.1,72.0,60,1.0
2024-02-28 05:00,71.46,71.1,71.8,60,1.0
2024-02-28 06:00,71.49,71.1,72.0,60,1.0
2024-02-28 07:00,71.38,71.0,71.9,60,1.0
2024-02-28 08:00,71.43,70.9,72.0,60,1.0
2024-02-28 09:00,71.38,70.9,71.9,60,1.0
2024-02-28 10:00,71.18,70.8,71.6,60,1.0
2024-02-28 11:00,71.26,70.8,71.8,59,0.983
2024-02-28 12:00,71.18,70.7,71.8,60,1.0
2024-02-28 13:00,71.3,70.7,71.9,60,1.0
2024-02-28 14:00,71.06,70.7,71.6,60,1.0
2024-02-28 15:00,70.92,70.6,71.4,60,1.0
2024-02-28 16:00,70.93,70.6,71.4,60,1.0
2024-02-28 17:00,70.91,70.6,71.4,60,1.0
2024-02-28 18:00,70.92,70.5,71.5,60,1.0
2024-02-28 19:00,70.98,70.5,71.6,60,1.0
2024-02-28 20:00,70.77,70.4,71.2,60,1.0
2024-02-28 21:00,70.8,70.4,71.4,60,1.0
2024-02-28 22:00,70.96,70.4,71.4,60,1.0
2024-02-28 23:00,70.94,70.4,71.4,59,0.983
2024-02-29 00:00,70.89,70.2,71.4,59,0.983
2024-02-29 01:00,70.77,70.1,71.7,59,0.983
2024-02-29 02:00,71.74,70.8,72.6,60,1.0
2024-02-29 03:00,72.41,71.1,73.9,60,1.0
2024-02-29 04:00,73.67,72.8,74.3,60,1.0
2024-02-29 05:00,74.23,73.3,75.2,59,0.983
2024-02-29 06:00,75.14,74.5,75.7,60,1.0
2024-02-29 07:00,75.01,74.6,75.5,60,1.0
2024-02-29 08:00,75.05,74.5,75.7,60,1.0
2024-02-29 09:00,74.8,74.1,75.4,60,1.0
2024-02-29 10:00,74.59,74.0,75.3,60,1.0
2024-02-29 11:00,74.62,74.2,75.6,60,1.0
2024-02-29 12:00,74.84,74.1,75.6,60,1.0
2024-02-29 13:00,74.31,73.7,75.0,60,1.0
2024-02-29 14:00,74.16,73.6,74.7,60,1.0
2024-02-29 15:00,74.65,74.0,75.2,60,1.0
2024-02-29 16:00,74.68,74.0,75.3,59,0.983
2024-02-29 17:00,74.5,73.9,75.2,59,0.983
2024-02-29 18:00,74.67,74.0,75.2,59,0.983
2024-02-29 19:00,74.52,73.8,75.2,60,1.0
2024-02-29 20:00,74.29,73.8,75.0,60,1.0
2024-02-29 21:00,74.23,73.7,75.0,59,0.983
2024-02-29 22:00,74.14,73.7,74.9,60,1.0
2024-02-29 23:00,74.09,73.6,74.7,60,1.0
2024-03-01 00:00,74.03,73.5,74.5,60,1.0
2024-03-01 01:00,73.98,73.5,74.5,60,1.0
2024-03-01 02:00,72.3,70.7,74.4,60,1.0
2024-03-01 03:00,72.57,71.7,73.6,60,1.0
2024-03-01 04:00,72.97,72.5,73.6,60,1.0
2024-03-01 05:00,72.84,71.5,73.6,60,1.0
2024-03-01 06:00,73.03,72.2,73.7,59,0.983
2024-03-01 07:00,73.11,72.3,73.8,60,1.0
2024-03-01 08:00,73.21,72.7,73.9,60,1.0
2024-03-01 09:00,73.43,72.8,74.0,60,1.0
2024-03-01 10:00,73.33,72.9,73.9,50,0.833
2024-03-01 11:00,73.31,72.9,73.8,49,0.817
2024-03-01 12:00,73.42,72.9,74.1,60,1.0
2024-03-01 13:00,73.22,72.8,73.7,60,1.0
2024-03-01 14:00,73.28,72.8,74.0,60,1.0
2024-03-01 15:00,73.54,72.8,74.0,60,1.0
2024-03-01 16:00,73.41,73.0,74.0,60,1.0
2024-03-01 17:00,73.13,72.6,73.8,60,1.0
2024-03-01 18:00,73.07,72.5,73.6,60,1.0
2024-03-01 19:00,73.02,72.4,73.6,60,1.0
2024-03-01 20:00,72.97,72.4,73.6,60,1.0
2024-03-01 21:00,72.68,72.2,73.4,60,1.0
2024-03-01 22:00,72.69,72.2,73.2,60,1.0
2024-03-01 23:00,72.65,72.1,73.1,60,1.0
2024-03-02 00:00,72.37,71.9,72.9,60,1.0
2024-03-02 01:00,72.31,71.9,72.8,60,1.0
2024-03-02 02:00,72.37,71.9,72.8,60,1.0
2024-03-02 03:00,71.32,70.3,72.6,60,1.0
2024-03-02 04:00,71.87,71.4,72.6,60,1.0
2024-03-02 05:00,72.0,71.6,72.4,60,1.0
2024-03-02 06:00,71.92,71.5,72.5,60,1.0
2024-03-02 07:00,71.89,71.6,72.4,58,0.967
2024-03-02 08:00,72.16,71.6,72.8,60,1.0
2024-03-02 09:00,72.0,71.3,72.6,60,1.0
2024-03-02 10:00,71.8,71.4,72.4,60,1.0
2024-03-02 11:00,71.64,71.2,72.3,60,1.0
2024-03-02 12:00,71.85,71.2,72.4,58,0.967
2024-03-02 13:00,71.77,71.3,72.4,60,1.0
2024-03-02 14:00,71.86,71.3,72.4,60,1.0
2024-03-02 15:00,72.06,71.6,72.6,60,1.0
2024-03-02 16:00,72.18,71.7,72.7,60,1.0
2024-03-02 17:00,72.03,71.5,72.7,60,1.0
2024-03-02 18:00,72.09,71.5,72.8,60,1.0
2024-03-02 19:00,72.24,71.7,72.8,60,1.0
2024-03-02 20:00,72.09,71.5,72.7,58,0.967
2024-03-02 21:00,71.95,71.5,72.5,60,1.0
2024-03-02 22:00,72.06,71.5,72.6,60,1.0
2024-03-02 23:00,72.01,71.5,72.5,60,1.0
2024-03-03 00:00,71.9,71.4,72.4,60,1.0
2024-03-03 01:00,71.96,71.4,72.6,60,1.0
2024-03-03 02:00,71.98,71.4,72.6,60,1.0
2024-03-03 03:00,72.06,71.4,72.7,60,1.0
2024-03-03 04:00,72.09,71.5,72.7,60,1.0
2024-03-03 05:00,72.13,71.6,72.8,60,1.0
2024-03-03 06:00,71.82,71.3,72.4,60,1.0
2024-03-03 07:00,71.85,71.2,72.5,60,1.0
2024-03-03 08:00,71.54,71.0,72.1,60,1.0
2024-03-03 09:00,71.92,71.3,72.6,60,1.0
2024-03-03 10:00,71.66,71.2,72.4,60,1.0
2024-03-03 11:00,71.52,71.0,72.1,59,0.983
2024-03-03 12:00,71.73,71.2,72.3,59,0.983
2024-03-03 13:00,71.71,71.2,72.3,49,0.817
2024-03-03 14:00,71.53,70.9,72.0,49,0.817
2024-03-03 15:00,71.74,71.1,72.3,60,1.0
2024-03-03 16:00,71.77,71.1,72.4,60,1.0
2024-03-03 17:00,71.72,71.1,72.5,60,1.0
2024-03-03 18:00,71.98,71.4,72.6,60,1.0
2024-03-03 19:00,71.98,71.4,72.6,60,1.0
2024-03-03 20:00,71.76,71.3,72.5,60,1.0
2024-03-03 21:00,71.71,71.2,72.2,60,1.0
2024-03-03 22:00,71.61,71.2,72.2,60,1.0
2024-03-03 23:00,71.58,71.0,72.3,60,1.0
2024-03-04 00:00,71.15,70.6,71.7,60,1.0
2024-03-04 01:00,70.96,70.1,71.5,60,1.0
2024-03-04 02:00,70.49,70.0,71.0,60,1.0
2024-03-04 03:00,70.37,69.9,70.9,60,1.0
2024-03-04 04:00,70.51,69.9,71.1,60,1.0
2024-03-04 05:00,70.4,69.4,71.2,60,1.0
2024-03-04 06:00,70.9,70.3,71.5,60,1.0
2024-03-04 07:00,71.12,70.5,71.8,60,1.0
2024-03-04 08:00,71.59,71.1,72.3,60,1.0
2024-03-04 09:00,71.56,71.0,72.1,60,1.0
2024-03-04 10:00,71.49,70.8,72.4,60,1.0
2024-03-04 11:00,71.82,71.2,72.4,60,1.0
2024-03-04 12:00,71.82,71.3,72.5,60,1.0
2024-03-04 13:00,71.76,71.2,72.3,60,1.0
2024-03-04 14:00,71.78,71.2,72.4,60,1.0
2024-03-04 15:00,71.44,70.3,72.4,60,1.0
2024-03-04 16:00,71.3,70.5,71.9,60,1.0
2024-03-04 17:00,71.35,70.9,71.7,60,1.0
2024-03-04 18:00,71.3,70.8,71.7,60,1.0
2024-03-04 19:00,71.13,70.7,71.5,60,1.0
2024-03-04 20:00,70.98,69.7,72.1,60,1.0
2024-03-04 21:00,71.72,71.1,72.3,60,1.0
2024-03-04 22:00,71.55,71.2,72.3,60,1.0
2024-03-04 23:00,71.44,71.0,71.8,60,1.0
2024-03-05 00:00,71.36,70.8,72.1,60,1.0
2024-03-05 01:00,71.38,70.9,72.0,60,1.0
2024-03-05 02:00,71.16,70.7,71.6,60,1.0
2024-03-05 03:00,71.18,70.8,71.7,60,1.0
2024-03-05 04:00,71.28,70.8,71.8,48,0.8
2024-03-05 05:00,71.34,70.7,71.8,57,0.95
2024-03-05 06:00,71.05,70.6,71.7,60,1.0
2024-03-05 07:00,71.32,70.7,71.9,60,1.0
2024-03-05 08:00,71.29,70.6,71.8,60,1.0
2024-03-05 09:00,71.17,70.8,71.8,60,1.0
2024-03-05 10:00,71.37,70.9,71.9,60,1.0
2024-03-05 11:00,71.2,70.6,71.6,60,1.0
2024-03-05 12:00,71.14,70.7,71.7,60,1.0
2024-03-05 13:00,71.24,70.7,71.8,60,1.0
2024-03-05 14:00,71.42,70.8,71.9,60,1.0
2024-03-05 15:00,71.28,70.7,71.9,60,1.0
2024-03-05 16:00,71.51,71.0,72.1,60,1.0
2024-03-05 17:00,71.67,71.2,72.0,60,1.0
2024-03-05 18:00,71.77,71.3,72.3,60,1.0
2024-03-05 19:00,71.74,71.3,72.4,60,1.0
2024-03-05 20:00,71.89,71.4,72.6,60,1.0
2024-03-05 21:00,71.96,71.3,72.5,60,1.0
2024-03-05 22:00,71.74,71.3,72.3,60,1.0
2024-03-05 23:00,71.62,71.2,72.1,60,1.0
2024-03-06 00:00,71.65,71.1,72.1,59,0.983
2024-03-06 01:00,71.5,71.0,72.1,60,1.0
2024-03-06 02:00,71.57,71.1,72.1,60,1.0
2024-03-06 03:00,71.56,71.1,72.2,60,1.0
2024-03-06 04:00,71.29,70.8,71.9,60,1.0
2024-03-06 05:00,71.24,70.8,71.8,60,1.0
2024-03-06 06:00,71.32,70.9,72.0,60,1.0
2024-03-06 07:00,71.26,70.8,72.0,60,1.0
2024-03-06 08:00,71.04,70.6,71.8,60,1.0
2024-03-06 09:00,71.12,70.6,71.8,60,1.0
2024-03-06 10:00,71.26,70.8,71.9,60,1.0
2024-03-06 11:00,71.52,70.9,72.1,60,1.0
2024-03-06 12:00,71.48,71.1,72.1,59,0.983
2024-03-06 13:00,71.59,71.1,72.2,60,1.0
2024-03-06 14:00,71.73,71.3,72.3,60,1.0
2024-03-06 15:00,71.85,71.5,72.4,60,1.0
2024-03-06 16:00,71.12,70.3,72.3,49,0.817
2024-03-06 17:00,70.66,69.4,71.7,46,0.767
2024-03-06 18:00,70.9,70.2,71.5,60,1.0
2024-03-06 19:00,71.19,70.7,71.8,60,1.0
2024-03-06 20:00,70.73,69.3,71.5,60,1.0
2024-03-06 21:00,70.74,69.7,71.5,60,1.0
2024-03-06 22:00,71.17,70.6,71.8,60,1.0
2024-03-06 23:00,71.46,70.8,72.0,60,1.0
2024-03-07 00:00,71.49,71.1,72.2,60,1.0
2024-03-07 01:00,71.45,71.0,72.0,59,0.983
2024-03-07 02:00,71.46,71.0,72.1,51,0.85
2024-03-07 03:00,71.43,71.0,72.1,40,0.667
2024-03-07 04:00,71.6,70.8,72.3,57,0.95
2024-03-07 05:00,71.58,71.0,72.3,60,1.0
2024-03-07 06:00,71.57,70.9,72.1,60,1.0
2024-03-07 07:00,71.58,70.9,72.1,60,1.0
2024-03-07 08:00,71.27,70.7,72.0,60,1.0
2024-03-07 09:00,71.14,70.6,71.7,60,1.0
2024-03-07 10:00,71.36,70.8,71.9,60,1.0
2024-03-07 11:00,71.34,70.8,71.9,60,1.0
2024-03-07 12:00,71.4,71.0,72.1,60,1.0
2024-03-07 13:00,71.37,71.0,71.9,60,1.0
2024-03-07 14:00,71.6,71.1,72.2,60,1.0
2024-03-07 15:00,71.72,71.2,72.3,60,1.0
2024-03-07 16:00,71.53,71.0,72.2,60,1.0
2024-03-07 17:00,71.67,71.0,72.5,60,1.0
2024-03-07 18:00,72.04,71.4,72.5,60,1.0
2024-03-07 19:00,71.8,71.3,72.5,60,1.0
2024-03-07 20:00,71.65,71.2,72.3,60,1.0
2024-03-07 21:00,71.72,71.3,72.2,60,1.0
2024-03-07 22:00,71.69,71.3,72.4,60,1.0
2024-03-07 23:00,71.79,71.3,72.4,60,1.0
2024-03-08 00:00,71.8,71.2,72.4,60,1.0
2024-03-08 01:00,71.66,71.2,72.3,60,1.0
2024-03-08 02:00,71.58,71.2,72.1,60,1.0
2024-03-08 03:00,71.8,71.2,72.5,60,1.0
2024-03-08 04:00,71.89,71.3,72.6,60,1.0
2024-03-08 05:00,71.84,71.2,72.4,60,1.0
2024-03-08 06:00,71.83,71.1,72.4,60,1.0
2024-03-08 07:00,71.51,71.0,72.3,60,1.0
2024-03-08 08:00,71.37,70.8,72.0,60,1.0
2024-03-08 09:00,71.36,70.8,72.1,60,1.0
2024-03-08 10:00,71.53,71.0,72.2,60,1.0
2024-03-08 11:00,71.81,71.1,72.3,60,1.0
2024-03-08 12:00,71.54,71.0,72.2,60,1.0
2024-03-08 13:00,71.4,70.9,71.9,60,1.0
2024-03-08 14:00,71.49,70.9,72.1,60,1.0
2024-03-08 15:00,71.4,70.7,72.0,60,1.0
2024-03-08 16:00,71.38,70.8,72.1,60,1.0
2024-03-08 17:00,71.62,71.0,72.1,60,1.0
2024-03-08 18:00,71.6,71.1,72.2,60,1.0
2024-03-08 19:00,71.86,71.2,72.5,60,1.0
2024-03-08 20:00,71.7,71.1,72.3,60,1.0
2024-03-08 21:00,71.53,71.0,72.0,60,1.0
2024-03-08 22:00,71.33,70.7,72.0,60,1.0
2024-03-08 23:00,71.19,70.6,71.8,60,1.0
2024-03-09 00:00,71.15,70.6,71.8,60,1.0
2024-03-09 01:00,71.03,70.1,71.7,60,1.0
2024-03-09 02:00,70.68,69.9,71.2,60,1.0
2024-03-09 03:00,70.85,70.2,71.4,60,1.0
2024-03-09 04:00,70.81,70.4,71.3,60,1.0
2024-03-09 05:00,70.77,70.3,71.3,60,1.0
2024-03-09 06:00,70.65,69.9,71.3,60,1.0
2024-03-09 07:00,69.6,68.7,70.8,60,1.0
2024-03-09 08:00,69.78,68.8,70.3,60,1.0
2024-03-09 09:00,71.82,68.7,72.9,60,1.0
2024-03-09 10:00,72.33,71.8,72.9,60,1.0
2024-03-09 11:00,72.36,71.8,72.9,60,1.0
2024-03-09 12:00,72.46,72.1,73.0,60,1.0
2024-03-09 13:00,72.24,71.9,72.6,54,0.9
2024-03-09 14:00,72.29,71.7,72.8,46,0.767
2024-03-09 15:00,72.0,71.5,72.5,55,0.917
2024-03-09 16:00,71.72,71.3,72.2,55,0.917
2024-03-09 17:00,71.53,71.1,72.1,49,0.817
2024-03-09 18:00,71.57,71.2,71.9,57,0.95
2024-03-09 19:00,71.63,71.1,72.2,53,0.883
2024-03-09 20:00,71.7,71.0,72.1,57,0.95
2024-03-09 21:00,71.38,70.9,72.0,60,1.0
2024-03-09 22:00,71.47,71.0,72.0,60,1.0
2024-03-09 23:00,71.48,70.9,72.0,60,1.0
2024-03-10 00:00,71.18,70.6,71.7,60,1.0
2024-03-10 01:00,71.09,70.6,71.7,60,1.0
2024-03-10 02:00,70.99,70.5,71.6,60,1.0
2024-03-10 03:00,70.87,70.4,71.5,60,1.0
2024-03-10 04:00,70.93,70.5,71.6,60,1.0
2024-03-10 05:00,70.84,70.4,71.2,60,1.0
2024-03-10 06:00,70.87,70.4,71.3,60,1.0
2024-03-10 07:00,70.96,70.4,71.6,60,1.0
2024-03-10 08:00,70.84,70.4,71.4,60,1.0
2024-03-10 09:00,70.96,70.4,71.4,60,1.0
2024-03-10 10:00,70.83,70.4,71.3,60,1.0
2024-03-10 11:00,70.92,70.4,71.6,60,1.0
2024-03-10 12:00,70.92,70.5,71.7,60,1.0
2024-03-10 13:00,70.92,70.5,71.3,60,1.0
2024-03-10 14:00,70.88,70.5,71.4,60,1.0
2024-03-10 15:00,71.11,70.6,71.8,60,1.0
2024-03-10 16:00,71.18,70.7,71.7,60,1.0
2024-03-10 17:00,71.18,70.6,71.9,60,1.0
2024-03-10 18:00,71.23,70.7,71.7,60,1.0
2024-03-10 19:00,71.25,70.7,71.7,60,1.0
2024-03-10 20:00,71.21,70.6,71.6,60,1.0
2024-03-10 21:00,71.14,70.5,71.6,60,1.0
2024-03-10 22:00,70.97,70.3,71.6,60,1.0
2024-03-10 23:00,70.41,67.7,71.4,60,1.0
2024-03-11 00:00,71.93,71.2,72.6,60,1.0
2024-03-11 01:00,71.9,71.5,72.5,60,1.0
2024-03-11 02:00,71.71,71.3,72.0,60,1.0
2024-03-11 03:00,72.05,71.5,72.5,58,0.967
2024-03-11 04:00,72.14,71.8,72.6,46,0.767
2024-03-11 05:00,72.15,71.6,72.6,50,0.833
2024-03-11 06:00,72.03,71.5,72.7,52,0.867
2024-03-11 07:00,72.69,72.0,73.3,49,0.817
2024-03-11 08:00,73.13,72.6,73.7,60,1.0
2024-03-11 09:00,72.82,72.3,73.3,60,1.0
2024-03-11 10:00,72.7,72.3,73.1,59,0.983
2024-03-11 11:00,72.45,71.8,73.0,60,1.0
2024-03-11 12:00,72.3,71.7,72.8,60,1.0
2024-03-11 13:00,71.94,71.1,72.6,60,1.0
2024-03-11 14:00,72.84,72.3,73.3,60,1.0
2024-03-11 15:00,72.37,71.9,72.8,60,1.0
2024-03-11 16:00,72.57,71.7,75.0,60,1.0
2024-03-11 17:00,75.36,74.7,76.2,60,1.0
2024-03-11 18:00,74.95,74.5,75.5,60,1.0
2024-03-11 19:00,74.48,73.7,75.2,60,1.0
2024-03-11 20:00,73.94,73.4,74.6,60,1.0
2024-03-11 21:00,74.18,73.3,74.8,60,1.0
2024-03-11 22:00,74.25,73.8,74.9,60,1.0
2024-03-11 23:00,74.2,73.6,74.9,60,1.0
2024-03-12 00:00,73.87,73.3,74.4,60,1.0
2024-03-12 01:00,73.42,72.6,74.0,60,1.0
2024-03-12 02:00,72.92,72.3,73.6,60,1.0
2024-03-12 03:00,72.45,72.0,73.0,60,1.0
2024-03-12 04:00,72.19,71.7,72.9,60,1.0
2024-03-12 05:00,71.82,71.4,72.3,60,1.0
2024-03-12 06:00,71.64,71.3,72.1,60,1.0
2024-03-12 07:00,71.51,71.1,72.2,60,1.0
2024-03-12 08:00,71.55,71.1,72.1,60,1.0
2024-03-12 09:00,71.39,71.1,71.9,60,1.0
2024-03-12 10:00,71.4,70.9,72.0,60,1.0
2024-03-12 11:00,71.33,70.9,71.8,60,1.0
2024-03-12 12:00,71.41,71.0,71.9,60,1.0
2024-03-12 13:00,71.18,70.7,71.7,60,1.0
2024-03-12 14:00,71.15,70.6,71.6,60,1.0
2024-03-12 15:00,71.02,70.5,71.6,60,1.0
2024-03-12 16:00,70.91,70.4,71.4,60,1.0
2024-03-12 17:00,70.45,69.5,71.4,58,0.967
2024-03-12 18:00,70.21,69.9,70.7,60,1.0
2024-03-12 19:00,70.29,69.9,70.9,60,1.0
2024-03-12 20:00,70.15,69.8,70.6,60,1.0
2024-03-12 21:00,70.34,69.8,70.9,60,1.0
2024-03-12 22:00,70.34,70.0,70.8,60,1.0
2024-03-12 23:00,70.27,69.8,70.8,60,1.0
2024-03-13 00:00,70.23,69.6,70.8,60,1.0
2024-03-13 01:00,70.05,69.5,70.7,60,1.0
2024-03-13 02:00,69.91,69.5,70.5,60,1.0
2024-03-13 03:00,69.96,69.5,70.4,60,1.0
2024-03-13 04:00,69.96,69.4,70.4,60,1.0
2024-03-13 05:00,69.82,69.3,70.4,60,1.0
2024-03-13 06:00,69.61,69.2,70.1,53,0.883
2024-03-13 07:00,69.59,69.1,70.2,44,0.733
2024-03-13 08:00,69.6,69.1,70.2,57,0.95
2024-03-13 09:00,69.46,69.1,69.8,60,1.0
2024-03-13 10:00,69.73,69.3,70.2,60,1.0
2024-03-13 11:00,69.59,69.2,70.3,60,1.0
2024-03-13 12:00,69.63,69.2,70.1,60,1.0
2024-03-13 13:00,69.59,69.2,70.0,60,1.0
2024-03-13 14:00,69.76,69.4,70.3,60,1.0
2024-03-13 15:00,69.78,69.2,70.4,60,1.0
2024-03-13 16:00,69.87,69.3,70.5,60,1.0
2024-03-13 17:00,69.78,69.3,70.3,60,1.0
2024-03-13 18:00,69.99,69.3,70.4,60,1.0
2024-03-13 19:00,69.76,69.2,70.5,60,1.0
2024-03-13 20:00,69.64,69.2,70.2,60,1.0
2024-03-13 21:00,69.89,69.3,70.4,60,1.0
2024-03-13 22:00,69.98,69.4,70.4,60,1.0
2024-03-13 23:00,70.01,69.5,70.4,60,1.0
2024-03-14 00:00,69.9,69.2,70.5,60,1.0
2024-03-14 01:00,69.84,69.3,70.5,60,1.0
2024-03-14 02:00,69.82,69.3,70.4,60,1.0
2024-03-14 03:00,69.71,69.3,70.3,60,1.0
2024-03-14 04:00,69.75,69.2,70.2,60,1.0
2024-03-14 05:00,69.53,69.1,70.1,60,1.0
2024-03-14 06:00,69.51,69.1,70.0,60,1.0
2024-03-14 07:00,69.57,69.1,70.1,60,1.0
2024-03-14 08:00,69.45,69.0,70.2,60,1.0
2024-03-14 09:00,69.53,69.0,70.0,60,1.0
2024-03-14 10:00,69.52,69.1,70.3,60,1.0
2024-03-14 11:00,69.79,69.3,70.4,60,1.0
2024-03-14 12:00,69.66,69.3,70.1,60,1.0
2024-03-14 13:00,69.78,69.4,70.2,60,1.0
2024-03-14 14:00,69.89,69.4,70.4,60,1.0
2024-03-14 15:00,69.96,69.4,70.6,60,1.0
2024-03-14 16:00,70.19,69.7,70.6,60,1.0
2024-03-14 17:00,70.07,69.5,70.6,60,1.0
2024-03-14 18:00,70.24,69.6,70.7,60,1.0
2024-03-14 19:00,69.94,69.5,70.6,60,1.0
2024-03-14 20:00,69.94,69.5,70.5,60,1.0
2024-03-14 21:00,69.91,69.4,70.6,60,1.0
2024-03-14 22:00,69.88,69.4,70.5,59,0.983
2024-03-14 23:00,70.06,69.4,70.6,60,1.0
2024-03-15 00:00,70.05,69.4,70.5,60,1.0
2024-03-15 01:00,69.99,69.5,70.7,60,1.0
2024-03-15 02:00,69.98,69.5,70.6,59,0.983
2024-03-15 03:00,70.03,69.5,70.6,60,1.0
2024-03-15 04:00,69.99,69.4,70.5,60,1.0
2024-03-15 05:00,69.9,69.3,70.6,60,1.0
2024-03-15 06:00,69.79,69.3,70.4,60,1.0
2024-03-15 07:00,69.7,69.2,70.3,60,1.0
2024-03-15 08:00,69.44,68.8,70.0,56,0.933
2024-03-15 09:00,69.46,68.8,70.0,47,0.783
2024-03-15 10:00,69.57,69.1,70.2,47,0.783
2024-03-15 11:00,69.86,69.4,70.4,54,0.9
2024-03-15 12:00,69.91,69.2,70.3,49,0.817
2024-03-15 13:00,69.71,69.2,70.2,51,0.85
2024-03-15 14:00,69.54,69.2,70.1,56,0.933
2024-03-15 15:00,69.64,69.2,70.2,60,1.0
2024-03-15 16:00,69.64,69.1,70.2,59,0.983
2024-03-15 17:00,69.76,69.3,70.4,60,1.0
2024-03-15 18:00,69.9,69.4,70.5,60,1.0
2024-03-15 19:00,70.12,69.7,70.5,60,1.0
2024-03-15 20:00,69.84,69.3,70.5,60,1.0
2024-03-15 21:00,69.68,69.3,70.1,60,1.0
2024-03-15 22:00,69.65,69.3,70.1,60,1.0
2024-03-15 23:00,69.7,69.2,70.3,60,1.0
2024-03-16 00:00,69.83,69.4,70.4,60,1.0
2024-03-16 01:00,69.86,69.3,70.5,60,1.0
2024-03-16 02:00,69.68,69.2,70.4,60,1.0
2024-03-16 03:00,69.86,69.3,70.4,60,1.0
2024-03-16 04:00,69.86,69.2,70.4,60,1.0
2024-03-16 05:00,69.8,69.2,70.4,60,1.0
2024-03-16 06:00,69.43,69.0,70.0,60,1.0
2024-03-16 07:00,69.58,69.1,70.0,60,1.0
2024-03-16 08:00,69.41,68.9,70.1,60,1.0
2024-03-16 09:00,69.19,68.7,69.8,60,1.0
2024-03-16 10:00,69.09,68.7,69.6,60,1.0
2024-03-16 11:00,69.21,68.6,69.7,60,1.0
2024-03-16 12:00,69.11,68.7,69.6,60,1.0
2024-03-16 13:00,69.01,68.7,69.3,60,1.0
2024-03-16 14:00,68.96,68.6,69.6,58,0.967
2024-03-16 15:00,68.97,68.6,69.6,60,1.0
2024-03-16 16:00,69.06,68.7,69.6,60,1.0
2024-03-16 17:00,69.14,68.7,69.8,60,1.0
2024-03-16 18:00,69.22,68.8,69.8,60,1.0
2024-03-16 19:00,69.43,68.8,69.9,60,1.0
2024-03-16 20:00,68.94,68.1,69.9,60,1.0
2024-03-16 21:00,68.52,68.0,69.3,60,1.0
2024-03-16 22:00,68.96,68.4,69.6,60,1.0
2024-03-16 23:00,69.1,68.7,69.7,60,1.0
2024-03-17 00:00,69.06,68.6,69.6,60,1.0
2024-03-17 01:00,69.26,68.7,69.9,60,1.0
2024-03-17 02:00,69.27,68.7,69.9,60,1.0
2024-03-17 03:00,69.12,68.7,69.7,46,0.767
2024-03-17 04:00,69.07,68.7,69.6,51,0.85
2024-03-17 05:00,69.05,68.6,69.7,60,1.0
2024-03-17 06:00,69.06,68.6,69.7,60,1.0
2024-03-17 07:00,68.91,68.4,69.4,60,1.0
2024-03-17 08:00,68.76,68.3,69.4,60,1.0
2024-03-17 09:00,68.75,68.4,69.3,60,1.0
2024-03-17 10:00,69.06,68.5,69.6,60,1.0
2024-03-17 11:00,69.05,68.6,69.6,60,1.0
2024-03-17 12:00,69.31,68.8,69.8,60,1.0
2024-03-17 13:00,69.4,69.0,69.8,60,1.0
2024-03-17 14:00,69.4,68.8,69.8,60,1.0
2024-03-17 15:00,69.31,68.8,69.8,60,1.0
2024-03-17 16:00,69.31,68.8,69.8,60,1.0
2024-03-17 17:00,69.09,68.7,69.8,60,1.0
2024-03-17 18:00,69.21,68.8,69.9,60,1.0
2024-03-17 19:00,69.26,68.8,69.9,60,1.0
2024-03-17 20:00,69.21,68.8,69.9,59,0.983
2024-03-17 21:00,69.47,68.9,70.0,60,1.0
2024-03-17 22:00,69.46,68.9,69.9,60,1.0
2024-03-17 23:00,69.25,68.8,69.8,60,1.0
2024-03-18 00:00,69.2,68.8,69.8,60,1.0
2024-03-18 01:00,69.17,68.6,69.8,60,1.0
2024-03-18 02:00,69.26,68.8,69.8,60,1.0
2024-03-18 03:00,69.21,68.8,69.8,60,1.0
2024-03-18 04:00,69.12,68.8,69.5,60,1.0
2024-03-18 05:00,69.08,68.7,69.7,59,0.983
2024-03-18 06:00,69.03,68.6,69.6,60,1.0
2024-03-18 07:00,69.1,68.6,69.7,60,1.0
2024-03-18 08:00,68.94,68.2,69.5,59,0.983
2024-03-18 09:00,68.74,68.2,69.3,60,1.0
2024-03-18 10:00,68.94,68.3,69.5,60,1.0
2024-03-18 11:00,68.91,68.4,69.5,60,1.0
2024-03-18 12:00,68.99,68.3,69.6,60,1.0
2024-03-18 13:00,68.85,68.3,69.4,59,0.983
2024-03-18 14:00,68.83,68.4,69.2,60,1.0
2024-03-18 15:00,68.7,68.1,69.2,60,1.0
2024-03-18 16:00,68.47,68.1,68.8,60,1.0
2024-03-18 17:00,68.56,68.2,69.2,59,0.983
2024-03-18 18:00,68.77,68.3,69.4,60,1.0
2024-03-18 19:00,68.69,68.3,69.2,60,1.0
2024-03-18 20:00,68.64,68.3,69.1,60,1.0
2024-03-18 21:00,68.9,68.2,69.3,60,1.0
2024-03-18 22:00,68.62,68.1,69.1,60,1.0
2024-03-18 23:00,68.5,67.9,69.0,60,1.0
2024-03-19 00:00,68.48,67.9,69.0,60,1.0
2024-03-19 01:00,68.4,68.0,68.9,60,1.0
2024-03-19 02:00,68.31,68.0,69.1,60,1.0
2024-03-19 03:00,68.32,68.0,68.7,60,1.0
2024-03-19 04:00,68.31,68.0,68.9,60,1.0
2024-03-19 05:00,68.66,68.0,69.1,60,1.0
2024-03-19 06:00,68.61,68.1,69.1,60,1.0
2024-03-19 07:00,68.46,67.9,68.8,60,1.0
2024-03-19 08:00,68.21,67.7,68.7,60,1.0
2024-03-19 09:00,68.12,67.5,68.7,59,0.983
2024-03-19 10:00,68.08,67.5,68.5,52,0.867
2024-03-19 11:00,68.45,68.0,69.1,49,0.817
2024-03-19 12:00,68.65,68.1,69.1,45,0.75
2024-03-19 13:00,68.61,68.0,69.0,57,0.95
2024-03-19 14:00,68.46,68.0,69.0,60,1.0
2024-03-19 15:00,68.5,68.0,69.1,59,0.983
2024-03-19 16:00,68.45,68.0,68.9,60,1.0
2024-03-19 17:00,68.39,68.1,68.9,60,1.0
2024-03-19 18:00,68.43,68.1,68.8,60,1.0
2024-03-19 19:00,68.55,68.1,69.2,60,1.0
2024-03-19 20:00,68.77,68.3,69.3,60,1.0
2024-03-19 21:00,68.72,68.2,69.4,60,1.0
2024-03-19 22:00,68.58,68.1,69.2,60,1.0
2024-03-19 23:00,68.76,68.3,69.1,60,1.0
2024-03-20 00:00,68.56,68.1,69.2,60,1.0
2024-03-20 01:00,68.58,68.1,69.1,60,1.0
2024-03-20 02:00,68.68,68.1,69.2,60,1.0
2024-03-20 03:00,68.8,68.2,69.2,60,1.0
2024-03-20 04:00,68.65,68.2,69.3,60,1.0
2024-03-20 05:00,68.49,68.1,69.0,60,1.0
2024-03-20 06:00,68.52,68.1,69.3,60,1.0
2024-03-20 07:00,68.7,68.1,69.2,60,1.0
2024-03-20 08:00,68.51,68.0,69.1,60,1.0
2024-03-20 09:00,68.51,68.0,69.0,59,0.983
2024-03-20 10:00,68.78,68.2,69.3,60,1.0
2024-03-20 11:00,68.52,68.2,69.0,60,1.0
2024-03-20 12:00,68.7,68.2,69.1,60,1.0
2024-03-20 13:00,68.6,68.1,69.1,60,1.0
2024-03-20 14:00,68.35,68.0,68.8,60,1.0
2024-03-20 15:00,68.33,68.0,68.8,60,1.0
2024-03-20 16:00,68.37,68.0,68.8,60,1.0
2024-03-20 17:00,68.47,68.0,68.9,60,1.0
2024-03-20 18:00,68.61,68.1,69.1,60,1.0
2024-03-20 19:00,68.38,67.9,69.0,60,1.0
2024-03-20 20:00,68.29,68.0,68.8,60,1.0
2024-03-20 21:00,68.32,67.9,68.8,60,1.0
2024-03-20 22:00,68.42,67.9,69.0,60,1.0
2024-03-20 23:00,68.28,67.9,69.1,60,1.0
2024-03-21 00:00,68.25,67.9,68.6,60,1.0
2024-03-21 01:00,68.31,68.0,69.0,60,1.0
2024-03-21 02:00,68.44,68.0,69.0,57,0.95
2024-03-21 03:00,68.48,67.9,68.9,42,0.7
2024-03-21 04:00,68.44,68.0,68.9,54,0.9
2024-03-21 05:00,68.58,68.0,69.2,60,1.0
2024-03-21 06:00,68.64,68.2,69.0,59,0.983
2024-03-21 07:00,68.2,67.8,68.7,50,0.833
2024-03-21 08:00,68.09,67.6,68.7,57,0.95
2024-03-21 09:00,68.16,67.6,68.6,58,0.967
2024-03-21 10:00,68.15,67.7,68.7,57,0.95
2024-03-21 11:00,68.16,67.7,68.7,60,1.0
2024-03-21 12:00,68.23,67.8,68.7,60,1.0
2024-03-21 13:00,67.99,67.6,68.5,60,1.0
2024-03-21 14:00,67.88,67.5,68.4,60,1.0
2024-03-21 15:00,67.81,67.5,68.1,60,1.0
2024-03-21 16:00,67.76,67.4,68.1,60,1.0
2024-03-21 17:00,67.78,67.4,68.3,60,1.0
2024-03-21 18:00,67.73,67.4,68.1,60,1.0
2024-03-21 19:00,67.91,67.5,68.5,60,1.0
2024-03-21 20:00,67.99,67.5,68.5,60,1.0
2024-03-21 21:00,67.92,67.4,68.5,60,1.0
2024-03-21 22:00,67.8,67.4,68.3,60,1.0
2024-03-21 23:00,67.72,67.4,68.1,60,1.0
2024-03-22 00:00,67.71,67.3,68.2,60,1.0
2024-03-22 01:00,67.69,67.3,68.0,60,1.0
2024-03-22 02:00,67.7,67.4,68.3,60,1.0
2024-03-22 03:00,67.64,67.3,68.0,60,1.0
2024-03-22 04:00,67.64,67.3,68.1,60,1.0
2024-03-22 05:00,67.62,67.3,68.0,60,1.0
2024-03-22 06:00,67.6,67.2,68.1,60,1.0
2024-03-22 07:00,67.9,67.4,68.3,60,1.0
2024-03-22 08:00,67.69,67.2,68.3,60,1.0
2024-03-22 09:00,67.67,67.2,68.1,60,1.0
2024-03-22 10:00,67.53,67.0,68.1,60,1.0
2024-03-22 11:00,67.37,67.0,67.9,60,1.0
2024-03-22 12:00,67.32,67.0,67.8,60,1.0
2024-03-22 13:00,67.37,66.9,68.0,60,1.0
2024-03-22 14:00,67.23,66.9,67.8,59,0.983
2024-03-22 15:00,67.15,66.8,67.7,60,1.0
2024-03-22 16:00,67.22,66.8,67.8,60,1.0
2024-03-22 17:00,67.23,66.8,67.7,60,1.0
2024-03-22 18:00,67.21,66.7,67.7,60,1.0
2024-03-22 19:00,67.32,66.7,67.8,60,1.0
2024-03-22 20:00,66.95,66.7,67.4,60,1.0
2024-03-22 21:00,67.02,66.7,67.4,60,1.0
2024-03-22 22:00,67.2,66.7,67.6,60,1.0
2024-03-22 23:00,67.31,66.7,67.7,60,1.0
2024-03-23 00:00,67.26,66.7,67.7,60,1.0
2024-03-23 01:00,67.21,66.8,67.7,60,1.0
2024-03-23 02:00,67.04,66.6,67.6,60,1.0
2024-03-23 03:00,67.03,66.7,67.6,60,1.0
2024-03-23 04:00,67.03,66.7,67.4,59,0.983
2024-03-23 05:00,67.01,66.7,67.6,60,1.0
2024-03-23 06:00,66.99,66.7,67.4,60,1.0
2024-03-23 07:00,66.99,66.7,67.4,60,1.0
2024-03-23 08:00,67.06,66.6,67.5,60,1.0
2024-03-23 09:00,66.92,66.4,67.4,60,1.0
2024-03-23 10:00,66.89,66.5,67.4,60,1.0
2024-03-23 11:00,66.97,66.5,67.4,60,1.0
2024-03-23 12:00,66.88,66.4,67.4,60,1.0
2024-03-23 13:00,66.68,66.3,67.2,60,1.0
2024-03-23 14:00,66.51,66.2,67.2,59,0.983
2024-03-23 15:00,66.61,66.2,67.2,51,0.85
2024-03-23 16:00,66.45,66.1,66.9,53,0.883
2024-03-23 17:00,66.34,66.1,66.7,60,1.0
2024-03-23 18:00,66.61,66.1,67.0,60,1.0
2024-03-23 19:00,66.47,66.0,67.0,60,1.0
2024-03-23 20:00,66.39,66.1,66.8,60,1.0
2024-03-23 21:00,66.53,66.0,67.0,60,1.0
2024-03-23 22:00,66.69,66.3,67.1,60,1.0
2024-03-23 23:00,66.58,66.0,67.1,60,1.0
2024-03-24 00:00,66.45,66.1,67.0,60,1.0
2024-03-24 01:00,66.35,66.0,66.7,60,1.0
2024-03-24 02:00,66.34,66.0,66.9,60,1.0
2024-03-24 03:00,66.45,66.0,66.9,60,1.0
2024-03-24 04:00,66.32,66.0,66.9,60,1.0
2024-03-24 05:00,66.36,66.0,66.9,60,1.0
2024-03-24 06:00,66.47,66.0,66.9,60,1.0
2024-03-24 07:00,66.56,66.1,67.0,60,1.0
2024-03-24 08:00,66.54,66.0,66.9,60,1.0
2024-03-24 09:00,66.21,65.9,66.8,60,1.0
2024-03-24 10:00,66.35,65.9,66.9,60,1.0
2024-03-24 11:00,66.32,65.8,66.9,60,1.0
2024-03-24 12:00,66.04,65.7,66.5,60,1.0
2024-03-24 13:00,66.05,65.7,66.3,60,1.0
2024-03-24 14:00,66.12,65.7,66.6,60,1.0
2024-03-24 15:00,66.17,65.7,66.6,60,1.0
2024-03-24 16:00,66.16,65.6,66.6,60,1.0
2024-03-24 17:00,66.13,65.7,66.6,60,1.0
2024-03-24 18:00,66.01,65.5,66.6,60,1.0
2024-03-24 19:00,65.86,65.5,66.5,60,1.0
2024-03-24 20:00,65.98,65.5,66.5,60,1.0
2024-03-24 21:00,65.78,65.4,66.2,60,1.0
2024-03-24 22:00,65.82,65.5,66.2,60,1.0
2024-03-24 23:00,65.92,65.5,66.4,60,1.0
2024-03-25 00:00,66.08,65.6,66.5,60,1.0
2024-03-25 01:00,66.02,65.6,66.5,60,1.0
2024-03-25 02:00,65.9,65.4,66.5,60,1.0
2024-03-25 03:00,65.86,65.5,66.4,60,1.0
2024-03-25 04:00,65.81,65.5,66.1,60,1.0
2024-03-25 05:00,65.83,65.5,66.2,60,1.0
2024-03-25 06:00,65.86,65.5,66.3,60,1.0
2024-03-25 07:00,65.83,65.5,66.4,60,1.0
2024-03-25 08:00,65.81,65.4,66.3,60,1.0
2024-03-25 09:00,65.72,65.4,66.3,60,1.0
2024-03-25 10:00,65.89,65.4,66.3,60,1.0
2024-03-25 11:00,65.78,65.3,66.1,49,0.817
2024-03-25 12:00,65.63,65.3,66.1,50,0.833
2024-03-25 13:00,65.48,65.1,66.0,60,1.0
2024-03-25 14:00,65.37,65.0,65.7,58,0.967
2024-03-25 15:00,65.36,65.0,65.9,60,1.0
2024-03-25 16:00,65.44,64.9,65.8,60,1.0
2024-03-25 17:00,65.52,65.1,65.9,60,1.0
2024-03-25 18:00,65.54,65.1,65.8,60,1.0
2024-03-25 19:00,65.16,64.8,65.7,60,1.0
2024-03-25 20:00,65.18,64.9,65.5,60,1.0
2024-03-25 21:00,65.2,64.8,65.8,60,1.0
2024-03-25 22:00,65.31,64.9,65.8,60,1.0
2024-03-25 23:00,65.22,64.8,65.7,60,1.0
2024-03-26 00:00,65.21,64.8,65.7,60,1.0
2024-03-26 01:00,65.31,64.8,65.8,60,1.0
2024-03-26 02:00,65.26,64.8,65.8,59,0.983
2024-03-26 03:00,65.34,64.9,65.8,60,1.0
2024-03-26 04:00,65.45,65.0,65.9,60,1.0
2024-03-26 05:00,65.49,65.0,65.9,59,0.983
2024-03-26 06:00,65.43,64.8,65.8,60,1.0
2024-03-26 07:00,65.37,64.9,65.8,60,1.0
2024-03-26 08:00,65.12,64.8,65.6,60,1.0
2024-03-26 09:00,65.2,64.8,65.6,60,1.0
2024-03-26 10:00,65.31,64.8,65.8,60,1.0
2024-03-26 11:00,65.16,64.7,65.7,60,1.0
2024-03-26 12:00,65.33,64.9,65.8,60,1.0
2024-03-26 13:00,65.38,64.8,65.8,60,1.0
2024-03-26 14:00,65.44,65.0,65.8,60,1.0
2024-03-26 15:00,65.66,65.2,66.1,60,1.0
2024-03-26 16:00,65.62,65.2,66.1,59,0.983
2024-03-26 17:00,65.68,65.2,66.2,60,1.0
2024-03-26 18:00,66.06,65.6,66.7,60,1.0
2024-03-26 19:00,66.23,65.8,66.6,60,1.0
2024-03-26 20:00,66.43,66.0,66.8,60,1.0
2024-03-26 21:00,66.44,66.1,66.9,60,1.0
2024-03-26 22:00,66.57,66.2,67.1,60,1.0
2024-03-26 23:00,66.54,66.1,67.0,60,1.0
2024-03-27 00:00,66.65,66.2,67.4,60,1.0
2024-03-27 01:00,66.68,66.2,67.2,60,1.0
2024-03-27 02:00,66.66,66.2,67.1,60,1.0
2024-03-27 03:00,66.5,66.1,67.0,60,1.0
2024-03-27 04:00,66.65,66.2,67.2,60,1.0
2024-03-27 05:00,66.64,66.1,67.2,60,1.0
2024-03-27 06:00,66.7,66.1,67.1,60,1.0
2024-03-27 07:00,66.47,66.0,67.0,60,1.0
2024-03-27 08:00,66.36,65.9,67.0,60,1.0
2024-03-27 09:00,66.23,65.9,66.9,60,1.0
2024-03-27 10:00,66.34,65.9,66.9,60,1.0
2024-03-27 11:00,66.38,65.9,66.9,60,1.0
2024-03-27 12:00,66.53,66.0,67.0,60,1.0
2024-03-27 13:00,66.22,65.8,66.7,60,1.0
2024-03-27 14:00,66.06,65.6,66.7,60,1.0
2024-03-27 15:00,64.84,64.0,66.3,60,1.0
2024-03-27 16:00,66.78,65.1,68.6,58,0.967
2024-03-27 17:00,68.58,67.9,69.0,47,0.783
2024-03-27 18:00,68.68,68.3,69.2,59,0.983
2024-03-27 19:00,68.82,68.4,69.4,60,1.0
2024-03-27 20:00,68.83,68.4,69.4,60,1.0
2024-03-27 21:00,68.67,68.1,69.2,60,1.0
2024-03-27 22:00,68.71,68.0,69.2,60,1.0
2024-03-27 23:00,68.66,68.0,69.2,60,1.0
2024-03-28 00:00,68.74,68.2,69.2,60,1.0
2024-03-28 01:00,68.59,68.2,69.0,60,1.0
2024-03-28 02:00,68.5,68.0,69.0,60,1.0
2024-03-28 03:00,68.4,67.9,68.9,60,1.0
2024-03-28 04:00,68.42,67.9,68.9,60,1.0
2024-03-28 05:00,68.52,67.9,68.9,60,1.0
2024-03-28 06:00,68.36,67.9,68.9,60,1.0
2024-03-28 07:00,68.02,67.6,68.6,60,1.0
2024-03-28 08:00,67.92,67.5,68.5,60,1.0
2024-03-28 09:00,68.12,67.6,68.7,60,1.0
2024-03-28 10:00,68.33,67.7,68.8,60,1.0
2024-03-28 11:00,68.27,67.8,68.8,60,1.0
2024-03-28 12:00,68.46,67.9,69.1,60,1.0
2024-03-28 13:00,68.55,68.0,69.0,60,1.0
2024-03-28 14:00,68.6,68.1,69.1,60,1.0
2024-03-28 15:00,68.6,68.0,69.1,60,1.0
2024-03-28 16:00,68.77,68.3,69.3,60,1.0
2024-03-28 17:00,68.65,68.0,69.3,60,1.0
2024-03-28 18:00,68.44,67.9,69.0,60,1.0
2024-03-28 19:00,68.38,68.0,68.9,60,1.0
2024-03-28 20:00,68.36,67.9,68.9,60,1.0
2024-03-28 21:00,68.33,67.9,68.9,60,1.0
2024-03-28 22:00,68.11,67.7,68.5,60,1.0
2024-03-28 23:00,68.15,67.8,68.7,60,1.0
2024-03-29 00:00,68.23,67.7,68.8,60,1.0
2024-03-29 01:00,68.52,67.9,69.0,60,1.0
2024-03-29 02:00,68.55,67.9,69.1,60,1.0
2024-03-29 03:00,68.39,67.9,69.0,60,1.0
2024-03-29 04:00,68.31,67.9,68.7,46,0.767
2024-03-29 05:00,68.39,67.8,69.0,50,0.833
2024-03-29 06:00,68.27,67.7,68.9,60,1.0
2024-03-29 07:00,68.06,67.6,68.7,59,0.983
2024-03-29 08:00,67.99,67.4,68.5,60,1.0
2024-03-29 09:00,67.67,67.2,68.2,60,1.0
2024-03-29 10:00,68.1,67.5,68.8,60,1.0
2024-03-29 11:00,68.28,67.7,68.9,60,1.0
2024-03-29 12:00,68.17,67.7,68.8,60,1.0
2024-03-29 13:00,68.46,67.9,68.9,60,1.0
2024-03-29 14:00,68.08,67.6,68.8,60,1.0
2024-03-29 15:00,68.02,67.7,68.6,60,1.0
2024-03-29 16:00,67.99,67.5,68.6,60,1.0
2024-03-29 17:00,68.18,67.7,68.7,60,1.0
2024-03-29 18:00,67.98,67.6,68.7,60,1.0
2024-03-29 19:00,68.2,67.6,68.6,60,1.0
2024-03-29 20:00,68.16,67.6,68.7,60,1.0
2024-03-29 21:00,67.92,67.5,68.5,60,1.0
2024-03-29 22:00,67.89,67.6,68.4,60,1.0
2024-03-29 23:00,67.92,67.5,68.4,60,1.0
2024-03-30 00:00,67.95,67.5,68.6,60,1.0
2024-03-30 01:00,68.03,67.5,68.6,60,1.0
2024-03-30 02:00,67.92,67.4,68.4,60,1.0
2024-03-30 03:00,68.01,67.5,68.6,60,1.0
2024-03-30 04:00,67.83,67.4,68.4,59,0.983
2024-03-30 05:00,67.92,67.3,68.4,60,1.0
2024-03-30 06:00,67.87,67.3,68.6,60,1.0
2024-03-30 07:00,67.69,67.2,68.3,60,1.0
2024-03-30 08:00,67.55,67.1,68.1,60,1.0
2024-03-30 09:00,67.44,67.1,68.1,60,1.0
2024-03-30 10:00,67.52,67.2,68.1,60,1.0
2024-03-30 11:00,67.81,67.3,68.3,60,1.0
2024-03-30 12:00,67.6,67.1,68.1,60,1.0
2024-03-30 13:00,67.39,67.0,67.8,60,1.0
2024-03-30 14:00,67.44,67.0,68.0,60,1.0
2024-03-30 15:00,67.47,66.9,67.9,60,1.0
2024-03-30 16:00,67.44,66.9,67.9,60,1.0
2024-03-30 17:00,67.28,66.7,67.8,59,0.983
2024-03-30 18:00,67.34,66.7,67.8,60,1.0
2024-03-30 19:00,67.04,66.7,67.6,59,0.983
2024-03-30 20:00,66.97,66.6,67.4,60,1.0
2024-03-30 21:00,67.31,67.0,67.7,60,1.0
2024-03-30 22:00,67.08,66.5,67.6,60,1.0
2024-03-30 23:00,66.99,66.5,67.4,60,1.0
2024-03-31 00:00,66.89,66.5,67.3,60,1.0
2024-03-31 01:00,67.06,66.5,67.4,60,1.0
2024-03-31 02:00,67.07,66.6,67.5,59,0.983
2024-03-31 03:00,66.9,66.4,67.4,60,1.0
2024-03-31 04:00,66.76,66.4,67.3,60,1.0
2024-03-31 05:00,66.7,66.4,67.2,60,1.0
2024-03-31 06:00,66.69,66.3,67.3,60,1.0
2024-03-31 07:00,66.72,66.2,67.2,60,1.0
2024-03-31 08:00,66.68,66.1,67.1,60,1.0
2024-03-31 09:00,66.48,66.0,67.0,59,0.983
2024-03-31 10:00,66.54,66.1,67.1,60,1.0
2024-03-31 11:00,66.47,65.9,67.0,60,1.0
2024-03-31 12:00,66.29,65.8,66.8,60,1.0
2024-03-31 13:00,66.09,65.7,66.7,60,1.0
2024-03-31 14:00,66.05,65.7,66.5,60,1.0
2024-03-31 15:00,66.14,65.5,66.5,60,1.0
2024-03-31 16:00,65.98,65.5,66.4,60,1.0
2024-03-31 17:00,65.89,65.4,66.3,60,1.0
2024-03-31 18:00,65.92,65.3,66.4,60,1.0
2024-03-31 19:00,65.67,65.3,66.2,60,1.0
2024-03-31 20:00,65.83,65.3,66.3,60,1.0
2024-03-31 21:00,65.8,65.3,66.3,59,0.983
2024-03-31 22:00,65.58,65.2,66.1,55,0.917
2024-03-31 23:00,65.55,65.2,66.0,53,0.883
2024-04-01 00:00,65.44,65.2,65.8,46,0.767
2024-04-01 01:00,65.43,65.1,65.7,57,0.95
2024-04-01 02:00,65.46,65.1,65.8,60,1.0
2024-04-01 03:00,65.45,65.1,65.9,60,1.0
2024-04-01 04:00,65.39,65.1,65.7,60,1.0
2024-04-01 05:00,65.43,65.1,65.9,60,1.0
2024-04-01 06:00,65.48,65.1,66.0,60,1.0
2024-04-01 07:00,65.46,65.0,66.0,60,1.0
2024-04-01 08:00,65.36,64.9,65.9,60,1.0
2024-04-01 09:00,65.24,64.9,65.8,60,1.0
2024-04-01 10:00,65.29,64.8,65.8,60,1.0
2024-04-01 11:00,65.13,64.7,65.6,60,1.0
2024-04-01 12:00,65.13,64.7,65.7,60,1.0
2024-04-01 13:00,64.83,64.5,65.3,59,0.983
2024-04-01 14:00,64.71,64.4,65.3,60,1.0
2024-04-01 15:00,64.89,64.5,65.3,60,1.0
2024-04-01 16:00,64.92,64.4,65.3,60,1.0
2024-04-01 17:00,64.76,64.3,65.2,60,1.0
2024-04-01 18:00,64.77,64.2,65.2,60,1.0
2024-04-01 19:00,64.57,64.2,65.1,60,1.0
2024-04-01 20:00,64.61,64.2,65.0,60,1.0
2024-04-01 21:00,64.59,64.1,65.0,60,1.0
2024-04-01 22:00,64.66,64.2,65.1,60,1.0
2024-04-01 23:00,64.81,64.3,65.2,60,1.0
2024-04-02 00:00,64.53,64.2,65.1,60,1.0
2024-04-02 01:00,64.51,64.2,64.9,60,1.0
2024-04-02 02:00,64.7,64.3,65.3,60,1.0
2024-04-02 03:00,64.79,64.3,65.3,60,1.0
2024-04-02 04:00,64.75,64.3,65.3,60,1.0
2024-04-02 05:00,64.92,64.3,65.3,60,1.0
2024-04-02 06:00,64.9,64.4,65.3,60,1.0
2024-04-02 07:00,64.68,64.3,65.2,60,1.0
2024-04-02 08:00,64.67,64.2,65.2,60,1.0
2024-04-02 09:00,64.82,64.3,65.2,60,1.0
2024-04-02 10:00,64.8,64.2,65.2,60,1.0
2024-04-02 11:00,64.62,64.2,65.1,60,1.0
2024-04-02 12:00,64.56,64.2,65.0,60,1.0
2024-04-02 13:00,64.3,64.0,64.6,60,1.0
2024-04-02 14:00,64.25,64.0,64.7,60,1.0
2024-04-02 15:00,64.28,63.9,65.0,60,1.0
2024-04-02 16:00,64.22,63.9,64.7,60,1.0
2024-04-02 17:00,64.31,63.9,64.7,48,0.8
2024-04-02 18:00,64.26,63.8,64.8,54,0.9
2024-04-02 19:00,64.22,63.8,64.8,60,1.0
2024-04-02 20:00,64.31,63.8,64.7,60,1.0
2024-04-02 21:00,64.06,63.8,64.4,60,1.0
2024-04-02 22:00,64.11,63.8,64.7,60,1.0
2024-04-02 23:00,64.28,63.8,64.8,60,1.0
2024-04-03 00:00,64.33,63.8,64.7,60,1.0
2024-04-03 01:00,64.44,64.0,64.8,60,1.0
2024-04-03 02:00,64.45,64.1,64.8,60,1.0
2024-04-03 03:00,64.43,63.9,64.8,60,1.0
2024-04-03 04:00,64.34,63.8,64.8,60,1.0
2024-04-03 05:00,64.4,63.9,64.8,60,1.0
2024-04-03 06:00,64.36,63.9,64.8,60,1.0
2024-04-03 07:00,64.26,63.8,65.0,60,1.0
2024-04-03 08:00,64.17,63.7,64.7,60,1.0
2024-04-03 09:00,64.06,63.6,64.7,60,1.0
2024-04-03 10:00,64.07,63.7,64.6,60,1.0
2024-04-03 11:00,63.98,63.6,64.4,60,1.0
2024-04-03 12:00,63.78,63.4,64.1,60,1.0
2024-04-03 13:00,63.77,63.4,64.3,60,1.0
2024-04-03 14:00,63.64,63.3,64.2,60,1.0
2024-04-03 15:00,63.76,63.3,64.2,60,1.0
2024-04-03 16:00,63.48,63.2,64.1,60,1.0
2024-04-03 17:00,63.42,63.1,63.8,60,1.0
2024-04-03 18:00,63.46,63.1,63.9,60,1.0
2024-04-03 19:00,63.52,63.1,64.0,60,1.0
2024-04-03 20:00,63.37,63.1,63.7,60,1.0
2024-04-03 21:00,63.47,63.1,63.8,60,1.0
2024-04-03 22:00,63.55,63.1,64.0,60,1.0
2024-04-03 23:00,63.66,63.1,64.1,60,1.0
2024-04-04 00:00,63.77,63.2,64.1,60,1.0
2024-04-04 01:00,63.66,63.2,64.0,60,1.0
2024-04-04 02:00,63.66,63.1,64.0,60,1.0
2024-04-04 03:00,63.61,63.1,64.0,60,1.0
2024-04-04 04:00,63.56,63.2,64.0,60,1.0
2024-04-04 05:00,63.54,63.1,64.1,50,0.833
2024-04-04 06:00,63.64,63.2,64.0,47,0.783
2024-04-04 07:00,63.52,63.2,64.0,58,0.967
2024-04-04 08:00,63.5,63.1,64.0,60,1.0
2024-04-04 09:00,63.38,63.0,63.9,60,1.0
2024-04-04 10:00,63.42,63.0,63.8,60,1.0
2024-04-04 11:00,63.29,62.9,63.8,60,1.0
2024-04-04 12:00,63.29,62.8,63.7,60,1.0
2024-04-04 13:00,63.19,62.7,63.7,60,1.0
2024-04-04 14:00,62.94,62.6,63.5,60,1.0
2024-04-04 15:00,62.88,62.6,63.1,60,1.0
2024-04-04 16:00,62.81,62.5,63.2,60,1.0
2024-04-04 17:00,62.78,62.5,63.2,60,1.0
2024-04-04 18:00,62.97,62.5,63.4,60,1.0
2024-04-04 19:00,63.05,62.5,63.5,60,1.0
2024-04-04 20:00,62.87,62.5,63.5,60,1.0
2024-04-04 21:00,62.73,62.5,63.0,60,1.0
2024-04-04 22:00,62.84,62.5,63.3,59,0.983
2024-04-04 23:00,62.94,62.6,63.4,60,1.0
2024-04-05 00:00,63.1,62.7,63.5,60,1.0
2024-04-05 01:00,63.08,62.7,63.4,59,0.983
2024-04-05 02:00,63.15,62.8,63.5,60,1.0
2024-04-05 03:00,63.09,62.6,63.5,60,1.0
2024-04-05 04:00,63.0,62.6,63.4,60,1.0
2024-04-05 05:00,62.92,62.6,63.4,60,1.0
2024-04-05 06:00,63.09,62.6,63.5,58,0.967
2024-04-05 07:00,63.0,62.6,63.5,60,1.0
2024-04-05 08:00,62.96,62.5,63.4,60,1.0
2024-04-05 09:00,62.82,62.5,63.3,60,1.0
2024-04-05 10:00,62.85,62.5,63.2,59,0.983
2024-04-05 11:00,62.73,62.3,63.2,60,1.0
2024-04-05 12:00,62.58,62.3,63.0,60,1.0
2024-04-05 13:00,62.73,62.3,63.1,60,1.0
2024-04-05 14:00,62.58,62.1,63.0,60,1.0
2024-04-05 15:00,62.55,62.0,63.0,60,1.0
2024-04-05 16:00,62.54,62.0,62.9,60,1.0
2024-04-05 17:00,62.29,61.9,62.7,60,1.0
2024-04-05 18:00,62.21,61.9,62.6,60,1.0
2024-04-05 19:00,62.35,62.0,62.7,59,0.983
2024-04-05 20:00,62.44,61.9,62.8,60,1.0
2024-04-05 21:00,62.25,61.9,62.6,59,0.983
2024-04-05 22:00,62.14,61.8,62.5,60,1.0
2024-04-05 23:00,62.14,61.9,62.5,60,1.0
2024-04-06 00:00,62.2,61.9,62.7,60,1.0
2024-04-06 01:00,62.35,61.9,62.8,60,1.0
2024-04-06 02:00,62.4,62.0,62.8,60,1.0
2024-04-06 03:00,62.51,62.0,63.0,60,1.0
2024-04-06 04:00,62.53,62.0,62.9,55,0.917
2024-04-06 05:00,62.49,62.1,62.9,49,0.817
2024-04-06 06:00,62.48,62.0,62.9,49,0.817
2024-04-06 07:00,62.39,62.0,62.9,54,0.9
2024-04-06 08:00,62.25,61.9,62.7,57,0.95
2024-04-06 09:00,62.17,61.8,62.7,58,0.967
2024-04-06 10:00,62.13,61.8,62.6,60,1.0
2024-04-06 11:00,62.14,61.8,62.6,60,1.0
2024-04-06 12:00,61.91,61.6,62.4,58,0.967
2024-04-06 13:00,62.07,61.7,62.5,60,1.0
2024-04-06 14:00,61.92,61.5,62.4,60,1.0
2024-04-06 15:00,61.67,61.4,62.0,60,1.0
2024-04-06 16:00,61.71,61.4,62.2,60,1.0
2024-04-06 17:00,61.61,61.4,62.1,60,1.0
2024-04-06 18:00,61.62,61.3,62.1,60,1.0
2024-04-06 19:00,61.76,61.4,62.2,60,1.0
2024-04-06 20:00,61.86,61.4,62.2,60,1.0
2024-04-06 21:00,61.73,61.3,62.1,60,1.0
2024-04-06 22:00,61.6,61.3,61.9,60,1.0
2024-04-06 23:00,61.58,61.3,62.0,60,1.0
2024-04-07 00:00,61.62,61.3,61.9,60,1.0
2024-04-07 01:00,61.75,61.4,62.2,60,1.0
2024-04-07 02:00,61.9,61.5,62.2,60,1.0
2024-04-07 03:00,61.94,61.4,62.4,60,1.0
2024-04-07 04:00,61.98,61.6,62.3,60,1.0
2024-04-07 05:00,61.97,61.5,62.3,60,1.0
2024-04-07 06:00,61.87,61.5,62.3,59,0.983
2024-04-07 07:00,61.72,61.4,62.2,60,1.0
2024-04-07 08:00,61.68,61.4,62.1,60,1.0
2024-04-07 09:00,61.63,61.3,62.1,60,1.0
2024-04-07 10:00,61.51,61.2,61.9,60,1.0
2024-04-07 11:00,61.61,61.2,62.1,60,1.0
2024-04-07 12:00,61.44,61.1,62.0,60,1.0
2024-04-07 13:00,61.54,61.1,62.0,60,1.0
2024-04-07 14:00,61.53,61.1,61.9,60,1.0
2024-04-07 15:00,61.29,60.9,61.7,60,1.0
2024-04-07 16:00,61.21,60.9,61.6,60,1.0
2024-04-07 17:00,61.17,60.9,61.6,60,1.0
2024-04-07 18:00,61.09,60.8,61.4,60,1.0
2024-04-07 19:00,61.12,60.8,61.6,60,1.0
2024-04-07 20:00,61.3,60.9,61.6,60,1.0
2024-04-07 21:00,61.38,60.9,61.7,59,0.983
2024-04-07 22:00,61.21,60.8,61.7,59,0.983
2024-04-07 23:00,61.15,60.8,61.7,60,1.0
2024-04-08 00:00,61.06,60.7,61.5,60,1.0
2024-04-08 01:00,61.27,60.8,61.7,60,1.0
2024-04-08 02:00,61.24,60.9,61.7,60,1.0
2024-04-08 03:00,61.34,60.8,61.7,60,1.0
2024-04-08 04:00,61.4,61.0,61.8,60,1.0
2024-04-08 05:00,61.18,60.8,61.6,60,1.0
2024-04-08 06:00,61.12,60.8,61.5,60,1.0
2024-04-08 07:00,61.16,60.8,61.6,60,1.0
2024-04-08 08:00,61.21,60.8,61.6,60,1.0
2024-04-08 09:00,61.07,60.7,61.5,60,1.0
2024-04-08 10:00,60.93,60.6,61.5,60,1.0
2024-04-08 11:00,60.9,60.5,61.5,60,1.0
2024-04-08 12:00,60.91,60.4,61.3,59,0.983
2024-04-08 13:00,60.64,60.3,61.0,49,0.817
2024-04-08 14:00,60.63,60.3,61.1,50,0.833
2024-04-08 15:00,60.66,60.2,61.1,45,0.75
2024-04-08 16:00,60.71,60.4,61.1,50,0.833
2024-04-08 17:00,60.57,60.1,61.0,59,0.983
2024-04-08 18:00,60.43,60.1,60.9,51,0.85
2024-04-08 19:00,60.32,60.0,60.7,60,1.0
2024-04-08 20:00,60.38,60.0,60.7,59,0.983
2024-04-08 21:00,60.53,60.1,60.8,59,0.983
2024-04-08 22:00,60.55,60.2,60.8,51,0.85
2024-04-08 23:00,60.48,60.1,61.0,46,0.767
2024-04-09 00:00,60.3,60.0,60.8,54,0.9
2024-04-09 01:00,60.27,60.0,60.6,43,0.717
2024-04-09 02:00,60.23,60.0,60.6,57,0.95
2024-04-09 03:00,60.26,60.0,60.5,60,1.0
2024-04-09 04:00,60.3,60.1,60.6,60,1.0
2024-04-09 05:00,60.35,60.0,60.6,52,0.867
2024-04-09 06:00,60.32,60.0,60.6,56,0.933
2024-04-09 07:00,60.38,60.0,60.9,60,1.0
2024-04-09 08:00,60.35,60.0,60.8,60,1.0
2024-04-09 09:00,60.22,59.9,60.7,60,1.0
2024-04-09 10:00,60.22,59.8,60.7,60,1.0
2024-04-09 11:00,60.04,59.7,60.4,60,1.0
2024-04-09 12:00,59.99,59.7,60.3,60,1.0
2024-04-09 13:00,59.85,59.4,60.3,60,1.0
2024-04-09 14:00,59.6,59.4,59.9,60,1.0
2024-04-09 15:00,59.62,59.3,60.0,60,1.0
2024-04-09 16:00,59.55,59.2,60.0,60,1.0
2024-04-09 17:00,59.63,59.2,60.0,60,1.0
2024-04-09 18:00,59.56,59.2,60.0,60,1.0
2024-04-09 19:00,59.43,59.1,60.0,60,1.0
2024-04-09 20:00,59.3,59.0,59.6,60,1.0
2024-04-09 21:00,59.38,59.0,59.9,60,1.0
2024-04-09 22:00,59.51,59.1,59.8,60,1.0
2024-04-09 23:00,59.5,59.0,59.8,60,1.0
2024-04-10 00:00,59.42,59.0,59.9,60,1.0
2024-04-10 01:00,59.35,59.0,59.7,60,1.0
2024-04-10 02:00,59.5,59.0,59.9,60,1.0
2024-04-10 03:00,59.31,59.0,59.9,60,1.0
2024-04-10 04:00,59.4,59.0,59.9,60,1.0
2024-04-10 05:00,59.53,59.1,60.0,60,1.0
2024-04-10 06:00,59.65,59.2,60.1,60,1.0
2024-04-10 07:00,59.56,59.2,60.0,60,1.0
2024-04-10 08:00,59.71,59.2,60.2,60,1.0
2024-04-10 09:00,59.71,59.3,60.1,60,1.0
2024-04-10 10:00,59.76,59.4,60.2,60,1.0
2024-04-10 11:00,59.6,59.3,60.1,60,1.0
2024-04-10 12:00,59.84,59.4,60.1,60,1.0
2024-04-10 13:00,59.85,59.4,60.2,60,1.0
2024-04-10 14:00,59.69,59.3,60.1,60,1.0
2024-04-10 15:00,59.51,59.1,60.0,59,0.983
2024-04-10 16:00,59.55,59.1,60.0,60,1.0
2024-04-10 17:00,59.42,59.1,59.9,60,1.0
2024-04-10 18:00,59.38,59.1,59.8,60,1.0
2024-04-10 19:00,59.36,59.1,59.6,60,1.0
2024-04-10 20:00,59.5,59.2,60.0,60,1.0
2024-04-10 21:00,59.64,59.1,59.9,60,1.0
2024-04-10 22:00,59.51,59.2,60.0,60,1.0
2024-04-10 23:00,59.58,59.2,60.0,60,1.0
2024-04-11 00:00,59.43,59.2,59.6,60,1.0
2024-04-11 01:00,59.5,59.2,59.8,60,1.0
2024-04-11 02:00,59.51,59.2,59.9,59,0.983
2024-04-11 03:00,59.54,59.2,59.9,60,1.0
2024-04-11 04:00,59.54,59.3,59.8,60,1.0
2024-04-11 05:00,59.69,59.4,60.2,60,1.0
2024-04-11 06:00,59.87,59.5,60.2,60,1.0
2024-04-11 07:00,59.74,59.4,60.3,60,1.0
2024-04-11 08:00,59.75,59.4,60.2,60,1.0
2024-04-11 09:00,59.82,59.4,60.2,60,1.0
2024-04-11 10:00,59.72,59.4,60.2,60,1.0
2024-04-11 11:00,59.58,59.3,60.0,60,1.0
2024-04-11 12:00,59.58,59.3,60.0,60,1.0
2024-04-11 13:00,59.62,59.2,60.1,60,1.0
2024-04-11 14:00,59.71,59.2,60.1,60,1.0
2024-04-11 15:00,59.6,59.1,59.9,60,1.0
2024-04-11 16:00,59.57,59.1,59.9,60,1.0
2024-04-11 17:00,59.53,59.1,59.9,60,1.0
2024-04-11 18:00,59.55,59.3,59.8,60,1.0
2024-04-11 19:00,59.28,58.9,59.7,60,1.0
2024-04-11 20:00,59.15,58.9,59.4,60,1.0
2024-04-11 21:00,59.33,58.9,59.7,60,1.0
2024-04-11 22:00,59.38,58.8,59.7,60,1.0
2024-04-11 23:00,59.31,58.9,59.7,60,1.0
2024-04-12 00:00,59.3,58.9,59.7,60,1.0
2024-04-12 01:00,59.11,58.8,59.6,60,1.0
2024-04-12 02:00,59.1,58.8,59.4,60,1.0
2024-04-12 03:00,59.12,58.9,59.5,60,1.0
2024-04-12 04:00,59.18,58.8,59.5,60,1.0
2024-04-12 05:00,59.14,58.9,59.3,60,1.0
2024-04-12 06:00,59.26,58.9,59.7,60,1.0
2024-04-12 07:00,59.22,58.8,59.6,51,0.85
2024-04-12 08:00,59.22,58.8,59.7,52,0.867
2024-04-12 09:00,59.14,58.7,59.6,60,1.0
2024-04-12 10:00,59.15,58.8,59.5,57,0.95
2024-04-12 11:00,59.0,58.6,59.4,57,0.95
2024-04-12 12:00,58.99,58.6,59.3,46,0.767
2024-04-12 13:00,58.69,58.4,59.2,49,0.817
2024-04-12 14:00,58.61,58.3,59.1,56,0.933
2024-04-12 15:00,58.58,58.2,58.9,60,1.0
2024-04-12 16:00,58.5,58.1,58.9,60,1.0
2024-04-12 17:00,58.54,58.1,58.9,60,1.0
2024-04-12 18:00,58.36,57.9,58.8,60,1.0
2024-04-12 19:00,58.32,58.0,58.7,60,1.0
2024-04-12 20:00,58.4,58.0,58.7,60,1.0
2024-04-12 21:00,58.24,57.9,58.7,60,1.0
2024-04-12 22:00,58.1,57.8,58.3,60,1.0
2024-04-12 23:00,58.21,57.9,58.7,60,1.0
2024-04-13 00:00,58.28,57.9,58.7,60,1.0
2024-04-13 01:00,58.36,58.0,58.7,60,1.0
2024-04-13 02:00,58.4,58.0,58.7,60,1.0
2024-04-13 03:00,58.39,58.1,58.7,60,1.0
2024-04-13 04:00,58.36,58.0,58.7,60,1.0
2024-04-13 05:00,58.27,57.9,58.7,60,1.0
2024-04-13 06:00,58.21,57.9,58.7,60,1.0
2024-04-13 07:00,58.27,57.9,58.9,60,1.0
2024-04-13 08:00,58.31,57.8,58.9,60,1.0
2024-04-13 09:00,58.12,57.7,58.5,60,1.0
2024-04-13 10:00,57.96,57.7,58.4,60,1.0
2024-04-13 11:00,57.92,57.5,58.4,60,1.0
2024-04-13 12:00,57.72,57.4,58.1,60,1.0
2024-04-13 13:00,57.67,57.2,58.0,60,1.0
2024-04-13 14:00,57.39,57.1,57.9,60,1.0
2024-04-13 15:00,57.29,57.0,57.6,60,1.0
2024-04-13 16:00,57.14,56.9,57.5,60,1.0
2024-04-13 17:00,57.16,56.8,57.6,60,1.0
2024-04-13 18:00,57.19,56.8,57.5,60,1.0
2024-04-13 19:00,57.04,56.6,57.7,60,1.0
2024-04-13 20:00,56.83,56.6,57.3,59,0.983
2024-04-13 21:00,56.79,56.5,57.1,60,1.0
2024-04-13 22:00,56.88,56.6,57.3,60,1.0
2024-04-13 23:00,57.06,56.7,57.5,60,1.0
2024-04-14 00:00,57.2,56.9,57.5,60,1.0
2024-04-14 01:00,57.22,56.8,57.5,60,1.0
2024-04-14 02:00,57.23,56.7,57.5,60,1.0
2024-04-14 03:00,57.18,56.8,57.6,60,1.0
2024-04-14 04:00,57.11,56.7,57.5,60,1.0
2024-04-14 05:00,57.11,56.8,57.5,60,1.0
2024-04-14 06:00,57.26,56.9,57.6,60,1.0
2024-04-14 07:00,57.13,56.8,57.5,60,1.0
2024-04-14 08:00,57.06,56.7,57.5,60,1.0
2024-04-14 09:00,56.98,56.6,57.4,60,1.0
2024-04-14 10:00,56.89,56.5,57.3,60,1.0
2024-04-14 11:00,56.69,56.4,57.2,60,1.0
2024-04-14 12:00,56.46,56.1,57.0,60,1.0
2024-04-14 13:00,56.43,55.9,56.9,60,1.0
2024-04-14 14:00,56.02,55.7,56.5,60,1.0
2024-04-14 15:00,55.94,55.7,56.4,60,1.0
2024-04-14 16:00,55.83,55.6,56.0,60,1.0
2024-04-14 17:00,55.82,55.5,56.1,60,1.0
2024-04-14 18:00,55.98,55.6,56.3,59,0.983
2024-04-14 19:00,55.94,55.5,56.3,60,1.0
2024-04-14 20:00,55.7,55.5,56.1,60,1.0
2024-04-14 21:00,55.67,55.4,55.9,60,1.0
2024-04-14 22:00,55.8,55.5,56.1,60,1.0
2024-04-14 23:00,55.86,55.5,56.2,60,1.0
2024-04-15 00:00,56.0,55.5,56.3,60,1.0
2024-04-15 01:00,56.03,55.6,56.4,60,1.0
2024-04-15 02:00,56.03,55.5,56.4,60,1.0
2024-04-15 03:00,55.97,55.6,56.3,60,1.0
2024-04-15 04:00,56.01,55.6,56.4,60,1.0
2024-04-15 05:00,55.97,55.6,56.3,60,1.0
2024-04-15 06:00,55.92,55.5,56.4,54,0.9
2024-04-15 07:00,55.91,55.6,56.3,48,0.8
2024-04-15 08:00,55.94,55.6,56.3,56,0.933
2024-04-15 09:00,55.84,55.5,56.4,58,0.967
2024-04-15 10:00,55.86,55.5,56.3,60,1.0
2024-04-15 11:00,55.67,55.4,56.2,60,1.0
2024-04-15 12:00,55.59,55.3,56.0,60,1.0
2024-04-15 13:00,55.58,55.1,55.9,60,1.0
2024-04-15 14:00,55.43,55.0,55.8,60,1.0
2024-04-15 15:00,55.25,54.9,55.7,60,1.0
2024-04-15 16:00,55.19,54.8,55.6,60,1.0
2024-04-15 17:00,54.97,54.7,55.4,60,1.0
2024-04-15 18:00,54.77,54.5,55.3,60,1.0
2024-04-15 19:00,54.8,54.5,55.3,60,1.0
2024-04-15 20:00,54.9,54.6,55.3,60,1.0
2024-04-15 21:00,54.73,54.4,55.1,60,1.0
2024-04-15 22:00,54.63,54.3,54.9,60,1.0
2024-04-15 23:00,54.6,54.4,54.8,60,1.0
2024-04-16 00:00,54.64,54.4,54.9,60,1.0
2024-04-16 01:00,54.73,54.3,55.1,60,1.0
2024-04-16 02:00,54.9,54.5,55.2,60,1.0
2024-04-16 03:00,54.95,54.6,55.5,60,1.0
2024-04-16 04:00,54.95,54.6,55.2,60,1.0
2024-04-16 05:00,54.97,54.6,55.3,60,1.0
2024-04-16 06:00,54.88,54.5,55.2,60,1.0
2024-04-16 07:00,54.84,54.5,55.2,60,1.0
2024-04-16 08:00,54.8,54.4,55.3,60,1.0
2024-04-16 09:00,54.7,54.4,55.0,60,1.0
2024-04-16 10:00,54.55,54.2,55.0,60,1.0
2024-04-16 11:00,54.54,54.3,54.9,60,1.0
2024-04-16 12:00,54.36,54.0,54.7,60,1.0
2024-04-16 13:00,54.33,54.0,54.8,60,1.0
2024-04-16 14:00,54.14,53.8,54.6,60,1.0
2024-04-16 15:00,54.01,53.6,54.4,60,1.0
2024-04-16 16:00,53.83,53.5,54.2,60,1.0
2024-04-16 17:00,53.72,53.5,54.0,60,1.0
2024-04-16 18:00,54.1,53.6,54.6,60,1.0
2024-04-16 19:00,54.41,53.9,54.8,60,1.0
2024-04-16 20:00,60.07,54.1,63.4,60,1.0
2024-04-16 21:00,63.1,62.7,63.7,60,1.0
2024-04-16 22:00,63.09,62.7,63.5,60,1.0
2024-04-16 23:00,62.95,62.5,63.4,56,0.933
2024-04-17 00:00,62.75,62.4,63.4,44,0.733
2024-04-17 01:00,62.85,62.3,63.3,53,0.883
2024-04-17 02:00,62.57,62.3,63.1,59,0.983
2024-04-17 03:00,62.64,62.3,63.3,60,1.0
2024-04-17 04:00,62.5,62.1,63.1,53,0.883
2024-04-17 05:00,62.51,62.0,62.9,49,0.817
2024-04-17 06:00,62.11,61.7,62.6,59,0.983
2024-04-17 07:00,61.64,60.0,62.9,60,1.0
2024-04-17 08:00,62.77,62.2,63.4,60,1.0
2024-04-17 09:00,62.95,62.3,63.6,60,1.0
2024-04-17 10:00,63.32,62.9,63.8,60,1.0
2024-04-17 11:00,63.38,62.8,63.8,60,1.0
2024-04-17 12:00,63.09,62.7,63.5,60,1.0
2024-04-17 13:00,63.01,62.6,63.6,60,1.0
2024-04-17 14:00,63.0,62.5,63.6,60,1.0
2024-04-17 15:00,62.96,62.5,63.5,60,1.0
2024-04-17 16:00,62.98,62.5,63.4,60,1.0
2024-04-17 17:00,62.78,62.3,63.5,60,1.0
2024-04-17 18:00,62.8,62.4,63.3,60,1.0
2024-04-17 19:00,62.82,62.3,63.4,60,1.0
2024-04-17 20:00,62.69,62.3,63.2,60,1.0
2024-04-17 21:00,62.9,62.5,63.3,60,1.0
2024-04-17 22:00,62.86,62.4,63.3,60,1.0
2024-04-17 23:00,62.94,62.5,63.3,60,1.0
2024-04-18 00:00,62.88,62.4,63.3,60,1.0
2024-04-18 01:00,62.65,62.3,63.1,60,1.0
2024-04-18 02:00,62.56,62.3,63.0,60,1.0
2024-04-18 03:00,62.59,62.2,63.1,60,1.0
2024-04-18 04:00,62.59,62.2,63.1,60,1.0
2024-04-18 05:00,62.5,62.2,62.9,60,1.0
2024-04-18 06:00,62.56,62.1,63.1,60,1.0
2024-04-18 07:00,62.47,61.9,63.0,60,1.0
2024-04-18 08:00,62.41,62.0,63.0,60,1.0
2024-04-18 09:00,62.28,61.9,62.8,60,1.0
2024-04-18 10:00,62.15,61.6,62.6,60,1.0
2024-04-18 11:00,62.52,61.7,63.3,60,1.0
2024-04-18 12:00,63.4,62.8,63.9,60,1.0
2024-04-18 13:00,63.51,63.0,64.0,59,0.983
2024-04-18 14:00,63.48,63.1,63.9,59,0.983
2024-04-18 15:00,63.46,63.1,63.8,60,1.0
2024-04-18 16:00,63.57,63.1,64.1,60,1.0
2024-04-18 17:00,63.66,63.1,64.1,60,1.0
2024-04-18 18:00,63.54,63.1,64.0,60,1.0
2024-04-18 19:00,63.53,63.0,64.0,60,1.0
2024-04-18 20:00,63.62,63.3,64.1,60,1.0
2024-04-18 21:00,63.58,62.9,64.2,60,1.0
2024-04-18 22:00,63.29,62.9,63.8,60,1.0
2024-04-18 23:00,63.3,62.9,64.2,60,1.0
2024-04-19 00:00,63.26,62.9,63.8,60,1.0
2024-04-19 01:00,62.03,60.2,63.9,57,0.95
2024-04-19 02:00,63.6,61.2,66.0,59,0.983
2024-04-19 03:00,65.98,65.4,66.5,57,0.95
2024-04-19 04:00,65.95,65.4,66.4,43,0.717
2024-04-19 05:00,65.73,65.3,66.2,57,0.95
2024-04-19 06:00,65.6,65.2,66.1,60,1.0
2024-04-19 07:00,65.62,65.0,66.1,60,1.0
2024-04-19 08:00,65.39,65.0,66.1,60,1.0
2024-04-19 09:00,65.56,65.0,66.2,60,1.0
2024-04-19 10:00,66.04,65.5,66.6,60,1.0
2024-04-19 11:00,66.13,65.6,66.6,60,1.0
2024-04-19 12:00,66.17,65.7,66.8,60,1.0
2024-04-19 13:00,66.18,65.6,66.6,60,1.0
2024-04-19 14:00,66.13,65.5,66.7,60,1.0
2024-04-19 15:00,66.01,65.5,66.5,60,1.0
2024-04-19 16:00,65.8,65.3,66.2,60,1.0
2024-04-19 17:00,65.82,65.3,66.3,60,1.0
2024-04-19 18:00,65.71,65.3,66.1,60,1.0
2024-04-19 19:00,65.91,65.4,66.4,60,1.0
2024-04-19 20:00,65.85,65.3,66.4,60,1.0
2024-04-19 21:00,65.54,65.1,66.1,60,1.0
2024-04-19 22:00,65.47,65.1,65.9,60,1.0
2024-04-19 23:00,65.42,65.0,66.0,60,1.0
2024-04-20 00:00,65.42,65.0,66.1,60,1.0
2024-04-20 01:00,65.54,65.0,66.0,60,1.0
2024-04-20 02:00,65.69,65.1,66.2,60,1.0
2024-04-20 03:00,65.55,65.0,66.1,60,1.0
2024-04-20 04:00,65.56,65.1,66.1,60,1.0
2024-04-20 05:00,65.59,65.1,66.1,60,1.0
2024-04-20 06:00,65.45,64.8,66.0,60,1.0
2024-04-20 07:00,64.96,64.4,65.6,60,1.0
2024-04-20 08:00,64.9,64.4,65.5,60,1.0
2024-04-20 09:00,64.91,64.5,65.3,60,1.0
2024-04-20 10:00,65.16,64.6,65.6,60,1.0
2024-04-20 11:00,64.81,64.3,65.3,60,1.0
2024-04-20 12:00,64.79,64.3,65.3,60,1.0
2024-04-20 13:00,64.57,64.0,65.0,60,1.0
2024-04-20 14:00,64.25,63.9,64.7,60,1.0
2024-04-20 15:00,64.2,63.8,64.8,60,1.0
2024-04-20 16:00,64.18,63.8,64.5,60,1.0
2024-04-20 17:00,64.04,63.7,64.5,60,1.0
2024-04-20 18:00,63.98,63.6,64.3,45,0.75
2024-04-20 19:00,63.93,63.5,64.4,58,0.967
2024-04-20 20:00,63.71,63.3,64.2,60,1.0
2024-04-20 21:00,63.67,63.3,64.1,60,1.0
2024-04-20 22:00,63.94,63.4,64.5,60,1.0
2024-04-20 23:00,64.1,63.7,64.6,60,1.0
2024-04-21 00:00,63.91,63.3,64.4,60,1.0
2024-04-21 01:00,63.9,63.3,64.4,60,1.0
2024-04-21 02:00,63.7,63.4,64.1,60,1.0
2024-04-21 03:00,63.81,63.3,64.3,60,1.0
2024-04-21 04:00,63.67,63.3,64.1,60,1.0
2024-04-21 05:00,63.67,63.3,64.2,60,1.0
2024-04-21 06:00,63.63,63.3,64.2,60,1.0
2024-04-21 07:00,63.4,63.0,63.9,60,1.0
2024-04-21 08:00,63.63,63.1,64.2,60,1.0
2024-04-21 09:00,63.54,63.1,64.1,60,1.0
2024-04-21 10:00,63.53,63.1,64.0,60,1.0
2024-04-21 11:00,63.46,63.0,64.0,60,1.0
2024-04-21 12:00,63.38,62.8,64.0,60,1.0
2024-04-21 13:00,62.96,62.6,63.3,60,1.0
2024-04-21 14:00,62.85,62.5,63.2,60,1.0
2024-04-21 15:00,62.87,62.5,63.3,60,1.0
2024-04-21 16:00,62.78,62.3,63.3,60,1.0
2024-04-21 17:00,62.63,62.2,63.1,60,1.0
2024-04-21 18:00,62.47,62.1,62.9,60,1.0
2024-04-21 19:00,62.58,62.1,63.1,60,1.0
2024-04-21 20:00,62.82,62.3,63.1,60,1.0
2024-04-21 21:00,62.69,62.2,63.1,60,1.0
2024-04-21 22:00,62.59,62.1,63.1,60,1.0
2024-04-21 23:00,62.49,62.1,62.9,60,1.0
2024-04-22 00:00,62.55,62.0,63.0,60,1.0
2024-04-22 01:00,62.46,62.1,63.0,60,1.0
2024-04-22 02:00,62.67,62.3,63.0,60,1.0
2024-04-22 03:00,62.51,62.0,62.9,60,1.0
2024-04-22 04:00,62.57,62.1,63.0,60,1.0
2024-04-22 05:00,62.55,62.2,62.9,49,0.817
2024-04-22 06:00,62.24,61.9,62.8,52,0.867
2024-04-22 07:00,62.11,61.8,62.7,55,0.917
2024-04-22 08:00,62.26,61.8,62.9,60,1.0
2024-04-22 09:00,62.19,61.7,62.8,60,1.0
2024-04-22 10:00,61.99,61.5,62.5,60,1.0
2024-04-22 11:00,62.0,61.5,62.4,60,1.0
2024-04-22 12:00,61.9,61.5,62.3,60,1.0
2024-04-22 13:00,61.63,61.1,62.3,60,1.0
2024-04-22 14:00,61.35,61.0,61.7,60,1.0
2024-04-22 15:00,61.21,60.9,61.5,60,1.0
2024-04-22 16:00,61.1,60.7,61.5,60,1.0
2024-04-22 17:00,61.0,60.7,61.5,60,1.0
2024-04-22 18:00,61.02,60.6,61.5,60,1.0
2024-04-22 19:00,61.02,60.5,61.5,59,0.983
2024-04-22 20:00,60.82,60.5,61.2,60,1.0
2024-04-22 21:00,60.95,60.5,61.3,60,1.0
2024-04-22 22:00,61.07,60.7,61.4,60,1.0
2024-04-22 23:00,61.03,60.6,61.4,60,1.0
2024-04-23 00:00,61.04,60.6,61.4,60,1.0
2024-04-23 01:00,61.0,60.5,61.4,60,1.0
2024-04-23 02:00,60.89,60.4,61.2,60,1.0
2024-04-23 03:00,60.8,60.5,61.2,60,1.0
2024-04-23 04:00,60.83,60.5,61.1,60,1.0
2024-04-23 05:00,60.85,60.5,61.1,60,1.0
2024-04-23 06:00,60.89,60.5,61.5,60,1.0
2024-04-23 07:00,60.95,60.5,61.4,60,1.0
2024-04-23 08:00,60.75,60.3,61.2,60,1.0
2024-04-23 09:00,60.72,60.3,61.2,60,1.0
2024-04-23 10:00,60.73,60.3,61.1,60,1.0
2024-04-23 11:00,60.49,60.0,61.0,60,1.0
2024-04-23 12:00,60.48,59.9,60.8,60,1.0
2024-04-23 13:00,60.03,59.7,60.4,60,1.0
2024-04-23 14:00,59.94,59.5,60.5,60,1.0
2024-04-23 15:00,59.91,59.5,60.3,60,1.0
2024-04-23 16:00,59.98,59.7,60.4,60,1.0
2024-04-23 17:00,59.8,59.4,60.3,59,0.983
2024-04-23 18:00,59.78,59.3,60.3,59,0.983
2024-04-23 19:00,59.6,59.3,59.9,60,1.0
2024-04-23 20:00,59.78,59.3,60.2,60,1.0
2024-04-23 21:00,59.75,59.3,60.2,60,1.0
2024-04-23 22:00,59.84,59.5,60.2,60,1.0
2024-04-23 23:00,59.86,59.4,60.3,60,1.0
2024-04-24 00:00,59.7,59.3,60.2,60,1.0
2024-04-24 01:00,59.86,59.4,60.3,60,1.0
2024-04-24 02:00,59.96,59.6,60.3,60,1.0
2024-04-24 03:00,60.05,59.7,60.4,60,1.0
2024-04-24 04:00,59.93,59.4,60.4,60,1.0
2024-04-24 05:00,60.02,59.6,60.4,60,1.0
2024-04-24 06:00,60.13,59.7,60.5,60,1.0
2024-04-24 07:00,60.1,59.7,60.6,60,1.0
2024-04-24 08:00,59.99,59.6,60.5,60,1.0
2024-04-24 09:00,59.98,59.6,60.5,60,1.0
2024-04-24 10:00,59.94,59.5,60.5,60,1.0
2024-04-24 11:00,59.77,59.4,60.1,60,1.0
2024-04-24 12:00,59.72,59.3,60.3,60,1.0
2024-04-24 13:00,59.44,59.1,59.8,59,0.983
2024-04-24 14:00,59.67,59.3,60.1,60,1.0
2024-04-24 15:00,59.57,59.1,60.0,60,1.0
2024-04-24 16:00,59.41,59.0,59.9,60,1.0
2024-04-24 17:00,59.34,58.9,59.8,60,1.0
2024-04-24 18:00,59.38,58.9,59.8,60,1.0
2024-04-24 19:00,59.21,58.8,59.5,60,1.0
2024-04-24 20:00,59.31,58.9,59.7,56,0.933
2024-04-24 21:00,59.39,58.9,59.8,49,0.817
2024-04-24 22:00,59.43,59.0,59.8,48,0.8
2024-04-24 23:00,59.47,59.0,59.8,44,0.733
2024-04-25 00:00,59.48,59.0,59.9,57,0.95
2024-04-25 01:00,59.49,59.1,59.8,60,1.0
2024-04-25 02:00,59.37,58.9,59.8,60,1.0
2024-04-25 03:00,59.26,58.9,59.7,60,1.0
2024-04-25 04:00,59.34,59.0,59.7,60,1.0
2024-04-25 05:00,59.29,59.0,59.7,60,1.0
2024-04-25 06:00,59.32,59.0,59.8,60,1.0
2024-04-25 07:00,59.39,58.9,59.9,60,1.0
2024-04-25 08:00,59.34,58.9,59.9,60,1.0
2024-04-25 09:00,59.24,58.8,59.7,60,1.0
2024-04-25 10:00,59.11,58.7,59.6,60,1.0
2024-04-25 11:00,59.08,58.6,59.5,60,1.0
2024-04-25 12:00,58.99,58.5,59.5,60,1.0
2024-04-25 13:00,58.81,58.4,59.4,60,1.0
2024-04-25 14:00,58.79,58.4,59.2,60,1.0
2024-04-25 15:00,58.82,58.4,59.3,60,1.0
2024-04-25 16:00,58.94,58.3,59.3,60,1.0
2024-04-25 17:00,58.91,58.4,59.4,60,1.0
2024-04-25 18:00,58.9,58.5,59.3,60,1.0
2024-04-25 19:00,58.92,58.4,59.3,60,1.0
2024-04-25 20:00,58.65,58.3,59.2,60,1.0
2024-04-25 21:00,58.68,58.3,59.3,60,1.0
2024-04-25 22:00,58.59,58.4,59.0,60,1.0
2024-04-25 23:00,58.75,58.4,59.3,60,1.0
2024-04-26 00:00,58.82,58.4,59.2,60,1.0
2024-04-26 01:00,58.88,58.4,59.4,60,1.0
2024-04-26 02:00,59.08,58.5,59.6,60,1.0
2024-04-26 03:00,59.36,58.9,59.7,60,1.0
2024-04-26 04:00,59.37,58.9,59.9,60,1.0
2024-04-26 05:00,59.36,59.0,59.7,60,1.0
2024-04-26 06:00,59.3,58.9,59.7,60,1.0
2024-04-26 07:00,59.29,58.9,59.9,60,1.0
2024-04-26 08:00,59.44,58.9,59.9,60,1.0
2024-04-26 09:00,59.44,58.9,59.9,60,1.0
2024-04-26 10:00,59.27,58.9,59.8,60,1.0
2024-04-26 11:00,59.31,58.9,59.8,51,0.85
2024-04-26 12:00,59.3,58.9,59.7,54,0.9
2024-04-26 13:00,59.25,58.9,59.5,60,1.0
2024-04-26 14:00,59.26,58.8,59.8,60,1.0
2024-04-26 15:00,59.19,58.7,59.7,60,1.0
2024-04-26 16:00,59.21,58.8,59.6,60,1.0
2024-04-26 17:00,59.18,58.8,59.7,60,1.0
2024-04-26 18:00,59.11,58.7,59.6,60,1.0
2024-04-26 19:00,59.23,58.8,59.6,60,1.0
2024-04-26 20:00,59.16,58.6,59.6,60,1.0
2024-04-26 21:00,58.99,58.6,59.3,60,1.0
2024-04-26 22:00,58.91,58.6,59.3,60,1.0
2024-04-26 23:00,58.92,58.6,59.2,60,1.0
2024-04-27 00:00,58.93,58.6,59.3,60,1.0
2024-04-27 01:00,59.03,58.6,59.5,60,1.0
2024-04-27 02:00,59.24,58.8,59.7,60,1.0
2024-04-27 03:00,59.26,58.7,59.6,60,1.0
2024-04-27 04:00,59.29,58.9,59.7,60,1.0
2024-04-27 05:00,59.29,59.0,59.7,60,1.0
2024-04-27 06:00,59.15,58.7,59.6,60,1.0
2024-04-27 07:00,58.96,58.6,59.5,59,0.983
2024-04-27 08:00,58.89,58.5,59.3,60,1.0
2024-04-27 09:00,58.78,58.3,59.4,60,1.0
2024-04-27 10:00,58.46,58.1,58.9,60,1.0
2024-04-27 11:00,58.39,58.0,58.8,60,1.0
2024-04-27 12:00,58.17,57.8,58.7,60,1.0
2024-04-27 13:00,57.97,57.4,58.5,60,1.0
2024-04-27 14:00,57.66,57.3,58.1,60,1.0
2024-04-27 15:00,57.72,57.3,58.1,60,1.0
2024-04-27 16:00,57.56,57.2,58.0,60,1.0
2024-04-27 17:00,57.42,56.9,57.9,60,1.0
2024-04-27 18:00,57.15,56.8,57.6,60,1.0
2024-04-27 19:00,57.14,56.8,57.6,60,1.0
2024-04-27 20:00,57.33,56.8,57.7,60,1.0
2024-04-27 21:00,57.4,56.9,57.7,60,1.0
2024-04-27 22:00,57.35,56.9,57.7,60,1.0
2024-04-27 23:00,57.19,56.8,57.7,60,1.0
2024-04-28 00:00,57.07,56.8,57.5,60,1.0
2024-04-28 01:00,57.11,56.8,57.5,60,1.0
2024-04-28 02:00,57.12,56.8,57.5,60,1.0
2024-04-28 03:00,57.09,56.8,57.3,60,1.0
2024-04-28 04:00,57.12,56.8,57.6,60,1.0
2024-04-28 05:00,57.19,56.8,57.8,59,0.983
2024-04-28 06:00,57.29,56.9,57.7,47,0.783
2024-04-28 07:00,57.14,56.7,57.6,56,0.933
2024-04-28 08:00,57.02,56.7,57.4,60,1.0
2024-04-28 09:00,56.85,56.4,57.4,60,1.0
2024-04-28 10:00,56.6,56.2,57.0,60,1.0
2024-04-28 11:00,56.29,55.9,56.7,59,0.983
2024-04-28 12:00,56.03,55.6,56.6,60,1.0
2024-04-28 13:00,55.8,55.5,56.2,60,1.0
2024-04-28 14:00,55.52,55.1,56.0,60,1.0
2024-04-28 15:00,55.3,54.9,55.7,60,1.0
2024-04-28 16:00,55.3,54.9,55.7,59,0.983
2024-04-28 17:00,55.35,55.0,55.7,60,1.0
2024-04-28 18:00,55.12,54.8,55.5,60,1.0
2024-04-28 19:00,55.02,54.7,55.3,60,1.0
2024-04-28 20:00,55.02,54.7,55.5,60,1.0
2024-04-28 21:00,54.94,54.7,55.3,60,1.0
2024-04-28 22:00,54.98,54.7,55.3,60,1.0
2024-04-28 23:00,55.21,54.8,55.6,60,1.0
2024-04-29 00:00,55.3,54.9,55.6,59,0.983
2024-04-29 01:00,55.17,54.8,55.6,60,1.0
2024-04-29 02:00,55.23,54.8,55.6,60,1.0
2024-04-29 03:00,55.11,54.8,55.6,60,1.0
2024-04-29 04:00,55.12,54.8,55.6,60,1.0
2024-04-29 05:00,55.21,54.8,55.7,60,1.0
2024-04-29 06:00,55.21,54.8,55.7,60,1.0
2024-04-29 07:00,55.25,54.9,55.7,60,1.0
2024-04-29 08:00,55.12,54.7,55.6,60,1.0
2024-04-29 09:00,55.01,54.6,55.5,60,1.0
2024-04-29 10:00,54.66,54.4,54.9,60,1.0
2024-04-29 11:00,54.55,54.2,54.9,60,1.0
2024-04-29 12:00,54.31,53.8,54.8,60,1.0
2024-04-29 13:00,54.08,53.7,54.5,60,1.0
2024-04-29 14:00,53.81,53.4,54.3,60,1.0
2024-04-29 15:00,53.54,53.3,53.9,60,1.0
2024-04-29 16:00,53.48,53.1,53.8,60,1.0
2024-04-29 17:00,53.57,53.1,54.0,60,1.0
2024-04-29 18:00,53.56,53.3,53.9,60,1.0
2024-04-29 19:00,53.43,53.0,53.9,60,1.0
2024-04-29 20:00,53.24,53.0,53.7,60,1.0
2024-04-29 21:00,53.22,52.9,53.6,60,1.0
2024-04-29 22:00,53.28,52.9,53.7,60,1.0
2024-04-29 23:00,53.44,53.1,53.8,60,1.0
2024-04-30 00:00,53.46,53.2,53.8,60,1.0
2024-04-30 01:00,53.51,53.2,53.8,60,1.0
2024-04-30 02:00,53.51,53.2,53.8,60,1.0
2024-04-30 03:00,53.47,53.1,53.9,60,1.0
2024-04-30 04:00,53.42,53.1,53.8,60,1.0
2024-04-30 05:00,53.52,53.2,54.0,60,1.0
2024-04-30 06:00,53.56,53.1,54.0,60,1.0
2024-04-30 07:00,53.48,53.1,53.9,60,1.0
2024-04-30 08:00,53.34,53.0,53.8,60,1.0
2024-04-30 09:00,53.31,52.9,53.7,60,1.0
2024-04-30 10:00,52.98,52.7,53.4,60,1.0
2024-04-30 11:00,52.83,52.4,53.3,59,0.983
2024-04-30 12:00,52.6,52.1,53.1,60,1.0
2024-04-30 13:00,52.43,52.0,52.8,59,0.983
2024-04-30 14:00,52.19,51.7,52.6,60,1.0
2024-04-30 15:00,51.89,51.5,52.3,60,1.0
2024-04-30 16:00,51.71,51.4,52.0,60,1.0
2024-04-30 17:00,51.64,51.4,51.9,60,1.0
2024-04-30 18:00,51.56,51.3,51.9,60,1.0
2024-04-30 19:00,51.67,51.3,52.0,60,1.0
2024-04-30 20:00,51.59,51.2,52.0,60,1.0
2024-04-30 21:00,51.49,51.2,51.9,60,1.0
2024-04-30 22:00,51.46,51.2,51.8,60,1.0
2024-04-30 23:00,51.43,51.2,51.8,60,1.0
2024-05-01 00:00,51.56,51.2,52.0,54,0.9
2024-05-01 01:00,51.55,51.2,52.0,56,0.933
2024-05-01 02:00,51.6,51.3,52.2,60,1.0
2024-05-01 03:00,51.69,51.3,52.1,60,1.0
2024-05-01 04:00,51.77,51.5,52.1,59,0.983
2024-05-01 05:00,51.78,51.4,52.1,60,1.0
2024-05-01 06:00,51.69,51.4,52.1,59,0.983
2024-05-01 07:00,51.69,51.4,52.1,60,1.0
2024-05-01 08:00,51.83,51.4,52.2,60,1.0
2024-05-01 09:00,51.6,51.3,51.9,60,1.0
2024-05-01 10:00,51.54,51.3,51.8,59,0.983
2024-05-01 11:00,51.64,51.3,52.0,60,1.0
2024-05-01 12:00,51.71,51.4,52.2,60,1.0
2024-05-01 13:00,51.72,51.3,52.1,60,1.0
2024-05-01 14:00,51.7,51.3,52.1,60,1.0
2024-05-01 15:00,51.56,51.2,52.0,60,1.0
2024-05-01 16:00,51.41,51.2,51.7,60,1.0
2024-05-01 17:00,51.35,51.1,51.7,60,1.0
2024-05-01 18:00,51.33,51.0,51.7,60,1.0
2024-05-01 19:00,51.26,51.0,51.5,60,1.0
2024-05-01 20:00,51.34,51.0,51.8,60,1.0
2024-05-01 21:00,51.48,51.1,51.8,60,1.0
2024-05-01 22:00,51.44,51.1,51.8,60,1.0
2024-05-01 23:00,51.36,51.0,51.6,60,1.0
2024-05-02 00:00,51.41,51.1,51.7,60,1.0
2024-05-02 01:00,51.52,51.2,51.9,60,1.0
2024-05-02 02:00,51.53,51.2,52.0,60,1.0
2024-05-02 03:00,51.68,51.3,52.0,60,1.0
2024-05-02 04:00,51.71,51.3,52.0,60,1.0
2024-05-02 05:00,51.79,51.4,52.0,60,1.0
2024-05-02 06:00,51.78,51.5,52.1,60,1.0
2024-05-02 07:00,51.7,51.3,52.1,60,1.0
2024-05-02 08:00,51.77,51.4,52.2,60,1.0
2024-05-02 09:00,51.86,51.4,52.3,60,1.0
2024-05-02 10:00,51.72,51.4,52.2,60,1.0
2024-05-02 11:00,51.8,51.4,52.2,60,1.0
2024-05-02 12:00,51.79,50.9,52.2,60,1.0
2024-05-02 13:00,51.49,51.1,52.0,60,1.0
2024-05-02 14:00,52.02,51.5,52.6,60,1.0
2024-05-02 15:00,52.65,51.7,54.2,60,1.0
2024-05-02 16:00,54.74,53.6,55.7,60,1.0
2024-05-02 17:00,55.56,55.0,56.0,60,1.0
2024-05-02 18:00,55.65,55.2,56.1,60,1.0
2024-05-02 19:00,55.78,55.3,56.5,54,0.9
2024-05-02 20:00,56.08,55.6,56.5,48,0.8
2024-05-02 21:00,56.12,55.6,56.6,59,0.983
2024-05-02 22:00,56.28,55.8,56.8,60,1.0
2024-05-02 23:00,56.32,55.7,56.8,60,1.0
2024-05-03 00:00,56.24,55.8,56.7,60,1.0
2024-05-03 01:00,56.33,55.9,56.9,60,1.0
2024-05-03 02:00,56.35,55.9,56.8,58,0.967
2024-05-03 03:00,56.3,55.9,56.7,58,0.967
2024-05-03 04:00,56.58,56.2,57.0,58,0.967
2024-05-03 05:00,56.68,56.2,57.3,60,1.0
2024-05-03 06:00,56.25,55.7,56.9,59,0.983
2024-05-03 07:00,56.09,55.6,56.7,59,0.983
2024-05-03 08:00,56.16,55.3,56.8,60,1.0
2024-05-03 09:00,55.88,55.2,56.4,59,0.983
2024-05-03 10:00,56.09,55.6,56.6,60,1.0
2024-05-03 11:00,55.99,55.4,56.8,60,1.0
2024-05-03 12:00,55.79,55.3,56.4,60,1.0
2024-05-03 13:00,55.88,55.4,56.5,60,1.0
2024-05-03 14:00,55.16,54.3,56.1,60,1.0
2024-05-03 15:00,54.84,54.3,55.3,59,0.983
2024-05-03 16:00,55.34,54.8,55.9,60,1.0
2024-05-03 17:00,55.53,55.1,56.1,59,0.983
2024-05-03 18:00,55.68,55.2,56.3,57,0.95
2024-05-03 19:00,55.89,55.3,56.4,60,1.0
2024-05-03 20:00,55.98,55.4,56.4,58,0.967
2024-05-03 21:00,55.94,55.5,56.5,60,1.0
2024-05-03 22:00,56.07,55.5,56.6,60,1.0
2024-05-03 23:00,56.06,55.6,56.5,60,1.0
2024-05-04 00:00,56.04,55.6,56.5,59,0.983
2024-05-04 01:00,56.0,55.6,56.5,57,0.95
2024-05-04 02:00,55.9,55.6,56.3,57,0.95
2024-05-04 03:00,55.98,55.6,56.3,58,0.967
2024-05-04 04:00,55.88,55.5,56.3,60,1.0
2024-05-04 05:00,55.9,55.6,56.3,60,1.0
2024-05-04 06:00,56.03,55.6,56.5,60,1.0
2024-05-04 07:00,55.9,55.4,56.5,60,1.0
2024-05-04 08:00,56.11,55.7,56.5,60,1.0
2024-05-04 09:00,56.47,55.9,57.1,60,1.0
2024-05-04 10:00,56.63,56.3,57.0,60,1.0
2024-05-04 11:00,56.77,56.4,57.3,60,1.0
2024-05-04 12:00,56.64,56.2,57.2,60,1.0
2024-05-04 13:00,56.41,55.8,57.0,60,1.0
2024-05-04 14:00,55.96,55.6,56.4,60,1.0
2024-05-04 15:00,55.86,55.5,56.3,60,1.0
2024-05-04 16:00,55.88,55.4,56.3,60,1.0
2024-05-04 17:00,55.74,55.3,56.2,60,1.0
2024-05-04 18:00,55.82,55.5,56.1,60,1.0
2024-05-04 19:00,55.67,55.2,56.1,60,1.0
2024-05-04 20:00,55.5,55.1,55.9,60,1.0
2024-05-04 21:00,55.6,55.2,56.0,60,1.0
2024-05-04 22:00,55.77,55.3,56.2,60,1.0
2024-05-04 23:00,55.79,55.5,56.1,60,1.0
2024-05-05 00:00,55.65,55.2,56.2,60,1.0
2024-05-05 01:00,55.64,55.3,56.1,60,1.0
2024-05-05 02:00,55.67,55.3,56.2,60,1.0
2024-05-05 03:00,55.64,55.3,56.0,56,0.933
2024-05-05 04:00,55.66,55.3,56.0,60,1.0
2024-05-05 05:00,55.82,55.4,56.3,60,1.0
2024-05-05 06:00,55.76,55.4,56.1,60,1.0
2024-05-05 07:00,55.84,55.4,56.4,46,0.767
2024-05-05 08:00,55.69,55.3,56.1,49,0.817
2024-05-05 09:00,55.88,55.4,56.3,55,0.917
2024-05-05 10:00,55.71,55.3,56.2,55,0.917
2024-05-05 11:00,55.55,55.1,56.0,53,0.883
2024-05-05 12:00,55.43,55.0,55.9,59,0.983
2024-05-05 13:00,55.14,54.8,55.6,59,0.983
2024-05-05 14:00,55.06,54.7,55.5,60,1.0
2024-05-05 15:00,54.98,54.6,55.4,59,0.983
2024-05-05 16:00,55.03,54.6,55.5,60,1.0
2024-05-05 17:00,55.01,54.5,55.4,60,1.0
2024-05-05 18:00,54.83,54.4,55.3,59,0.983
2024-05-05 19:00,54.69,54.4,55.1,55,0.917
2024-05-05 20:00,54.68,54.4,55.1,54,0.9
2024-05-05 21:00,54.79,54.4,55.3,59,0.983
2024-05-05 22:00,54.9,54.4,55.3,48,0.8
2024-05-05 23:00,54.91,54.6,55.2,55,0.917
2024-05-06 00:00,54.93,54.6,55.4,60,1.0
2024-05-06 01:00,54.92,54.5,55.4,60,1.0
2024-05-06 02:00,54.86,54.5,55.4,60,1.0
2024-05-06 03:00,54.9,54.5,55.3,60,1.0
2024-05-06 04:00,54.9,54.5,55.3,60,1.0
2024-05-06 05:00,54.9,54.6,55.3,60,1.0
2024-05-06 06:00,54.94,54.6,55.4,60,1.0
2024-05-06 07:00,54.96,54.5,55.4,60,1.0
2024-05-06 08:00,55.03,54.5,55.4,60,1.0
2024-05-06 09:00,54.78,54.3,55.3,60,1.0
2024-05-06 10:00,54.7,54.3,55.1,59,0.983
2024-05-06 11:00,54.38,54.0,54.9,60,1.0
2024-05-06 12:00,54.22,53.8,54.7,60,1.0
2024-05-06 13:00,53.95,53.7,54.3,60,1.0
2024-05-06 14:00,53.86,53.4,54.3,60,1.0
2024-05-06 15:00,53.6,53.3,53.9,60,1.0
2024-05-06 16:00,53.64,53.3,54.0,59,0.983
2024-05-06 17:00,53.6,53.1,54.0,60,1.0
2024-05-06 18:00,53.6,53.1,54.0,60,1.0
2024-05-06 19:00,53.53,53.1,54.0,60,1.0
2024-05-06 20:00,53.34,53.1,53.8,60,1.0
2024-05-06 21:00,53.3,53.0,53.8,60,1.0
2024-05-06 22:00,53.4,53.1,53.7,60,1.0
2024-05-06 23:00,53.52,53.1,54.0,60,1.0
2024-05-07 00:00,53.72,53.2,54.0,60,1.0
2024-05-07 01:00,53.76,53.3,54.1,60,1.0
2024-05-07 02:00,53.79,53.3,54.3,60,1.0
2024-05-07 03:00,53.75,53.3,54.2,60,1.0
2024-05-07 04:00,53.87,53.5,54.2,60,1.0
2024-05-07 05:00,53.86,53.3,54.3,60,1.0
2024-05-07 06:00,53.86,53.4,54.3,60,1.0
2024-05-07 07:00,53.92,53.4,54.2,60,1.0
2024-05-07 08:00,53.73,53.4,54.2,60,1.0
2024-05-07 09:00,53.77,53.4,54.2,60,1.0
2024-05-07 10:00,53.71,53.3,54.1,60,1.0
2024-05-07 11:00,53.5,53.2,54.0,60,1.0
2024-05-07 12:00,53.43,53.0,53.9,60,1.0
2024-05-07 13:00,53.19,52.9,53.5,60,1.0
2024-05-07 14:00,53.26,52.8,53.6,60,1.0
2024-05-07 15:00,53.02,52.7,53.4,60,1.0
2024-05-07 16:00,52.86,52.5,53.2,60,1.0
2024-05-07 17:00,52.82,52.4,53.3,60,1.0
2024-05-07 18:00,52.62,52.4,52.9,60,1.0
2024-05-07 19:00,52.61,52.3,52.9,60,1.0
2024-05-07 20:00,52.69,52.3,53.1,60,1.0
2024-05-07 21:00,52.6,52.2,53.0,60,1.0
2024-05-07 22:00,52.57,52.3,53.0,60,1.0
2024-05-07 23:00,52.58,52.3,53.0,60,1.0
2024-05-08 00:00,52.66,52.2,53.0,60,1.0
2024-05-08 01:00,52.76,52.4,53.1,60,1.0
2024-05-08 02:00,52.81,52.5,53.2,60,1.0
2024-05-08 03:00,52.84,52.5,53.2,60,1.0
2024-05-08 04:00,52.9,52.5,53.2,60,1.0
2024-05-08 05:00,52.86,52.4,53.3,60,1.0
2024-05-08 06:00,52.79,52.4,53.2,60,1.0
2024-05-08 07:00,52.78,52.4,53.2,60,1.0
2024-05-08 08:00,52.68,52.3,53.1,60,1.0
2024-05-08 09:00,52.64,52.3,53.0,60,1.0
2024-05-08 10:00,52.67,52.3,53.0,56,0.933
2024-05-08 11:00,52.32,52.0,52.9,50,0.833
2024-05-08 12:00,52.18,51.9,52.5,56,0.933
2024-05-08 13:00,52.0,51.7,52.3,60,1.0
2024-05-08 14:00,52.1,51.8,52.5,60,1.0
2024-05-08 15:00,52.13,51.6,52.7,60,1.0
2024-05-08 16:00,52.11,51.7,52.6,60,1.0
2024-05-08 17:00,52.14,51.7,52.6,60,1.0
2024-05-08 18:00,52.23,51.9,52.6,60,1.0
2024-05-08 19:00,52.25,51.8,52.7,60,1.0
2024-05-08 20:00,52.29,51.9,52.7,60,1.0
2024-05-08 21:00,52.29,51.9,52.7,60,1.0
2024-05-08 22:00,52.31,52.0,52.6,59,0.983
2024-05-08 23:00,52.34,52.0,52.7,60,1.0
2024-05-09 00:00,52.39,52.1,52.7,60,1.0
2024-05-09 01:00,52.43,52.1,52.8,60,1.0
2024-05-09 02:00,52.51,52.2,53.1,60,1.0
2024-05-09 03:00,52.56,52.2,52.8,60,1.0
2024-05-09 04:00,52.61,52.3,53.0,60,1.0
2024-05-09 05:00,52.65,52.3,53.1,60,1.0
2024-05-09 06:00,52.69,52.3,53.3,60,1.0
2024-05-09 07:00,52.82,52.4,53.3,60,1.0
2024-05-09 08:00,52.67,52.3,53.2,60,1.0
2024-05-09 09:00,52.64,52.3,52.9,60,1.0
2024-05-09 10:00,52.69,52.3,53.2,60,1.0
2024-05-09 11:00,52.64,52.2,53.0,60,1.0
2024-05-09 12:00,52.44,52.1,53.0,60,1.0
2024-05-09 13:00,52.28,52.0,52.6,60,1.0
2024-05-09 14:00,52.15,51.9,52.5,60,1.0
2024-05-09 15:00,52.23,51.9,52.6,60,1.0
2024-05-09 16:00,52.09,51.7,52.5,60,1.0
2024-05-09 17:00,52.0,51.6,52.4,60,1.0
2024-05-09 18:00,51.92,51.5,52.3,60,1.0
2024-05-09 19:00,52.07,51.8,52.4,60,1.0
2024-05-09 20:00,51.96,51.6,52.4,60,1.0
2024-05-09 21:00,51.9,51.5,52.3,60,1.0
2024-05-09 22:00,51.85,51.5,52.4,60,1.0
2024-05-09 23:00,52.03,51.7,52.3,60,1.0
2024-05-10 00:00,51.93,51.6,52.3,60,1.0
2024-05-10 01:00,51.96,51.7,52.3,60,1.0
2024-05-10 02:00,52.04,51.7,52.4,60,1.0
2024-05-10 03:00,52.05,51.6,52.4,60,1.0
2024-05-10 04:00,51.8,51.5,52.1,54,0.9
2024-05-10 05:00,51.91,51.6,52.3,49,0.817
2024-05-10 06:00,51.95,51.6,52.4,60,1.0
2024-05-10 07:00,51.86,51.5,52.3,60,1.0
2024-05-10 08:00,51.82,51.4,52.2,60,1.0
2024-05-10 09:00,51.72,51.4,52.1,60,1.0
2024-05-10 10:00,51.6,51.3,52.0,60,1.0
2024-05-10 11:00,51.25,50.8,51.7,60,1.0
2024-05-10 12:00,50.96,50.5,51.5,60,1.0
2024-05-10 13:00,50.72,50.3,51.2,60,1.0
2024-05-10 14:00,50.32,50.0,50.7,60,1.0
2024-05-10 15:00,50.23,50.0,50.6,60,1.0
2024-05-10 16:00,50.35,50.0,50.6,60,1.0
2024-05-10 17:00,50.2,49.8,50.6,60,1.0
2024-05-10 18:00,50.08,49.7,50.5,60,1.0
2024-05-10 19:00,49.86,49.6,50.2,60,1.0
2024-05-10 20:00,49.9,49.6,50.3,60,1.0
2024-05-10 21:00,49.98,49.6,50.4,60,1.0
2024-05-10 22:00,50.03,49.6,50.4,60,1.0
2024-05-10 23:00,50.02,49.7,50.4,60,1.0
2024-05-11 00:00,49.94,49.6,50.3,60,1.0
2024-05-11 01:00,49.86,49.6,50.1,60,1.0
2024-05-11 02:00,50.05,49.7,50.5,60,1.0
2024-05-11 03:00,50.14,49.8,50.5,60,1.0
2024-05-11 04:00,50.1,49.7,50.5,60,1.0
2024-05-11 05:00,50.01,49.7,50.3,60,1.0
2024-05-11 06:00,50.08,49.8,50.5,60,1.0
2024-05-11 07:00,50.16,49.9,50.6,60,1.0
2024-05-11 08:00,50.08,49.8,50.5,60,1.0
2024-05-11 09:00,50.0,49.7,50.3,60,1.0
2024-05-11 10:00,49.78,49.5,50.1,60,1.0
2024-05-11 11:00,49.67,49.3,50.0,60,1.0
2024-05-11 12:00,49.37,49.0,49.8,60,1.0
2024-05-11 13:00,49.13,48.7,49.6,60,1.0
2024-05-11 14:00,48.83,48.5,49.1,60,1.0
2024-05-11 15:00,48.77,48.5,49.1,60,1.0
2024-05-11 16:00,48.84,48.5,49.2,60,1.0
2024-05-11 17:00,48.68,48.4,49.0,60,1.0
2024-05-11 18:00,48.54,48.3,48.8,60,1.0
2024-05-11 19:00,48.64,48.3,49.1,60,1.0
2024-05-11 20:00,48.67,48.3,49.1,60,1.0
2024-05-11 21:00,48.74,48.3,49.1,60,1.0
2024-05-11 22:00,48.83,48.6,49.1,60,1.0
2024-05-11 23:00,48.75,48.4,49.1,60,1.0
2024-05-12 00:00,48.72,48.5,49.1,60,1.0
2024-05-12 01:00,48.77,48.5,49.0,59,0.983
2024-05-12 02:00,48.82,48.6,49.1,59,0.983
2024-05-12 03:00,48.93,48.6,49.2,60,1.0
2024-05-12 04:00,48.96,48.7,49.3,60,1.0
2024-05-12 05:00,49.09,48.8,49.5,60,1.0
2024-05-12 06:00,49.28,48.9,49.6,60,1.0
2024-05-12 07:00,49.22,48.9,49.6,60,1.0
2024-05-12 08:00,49.2,48.8,49.5,60,1.0
2024-05-12 09:00,49.08,48.8,49.5,53,0.883
2024-05-12 10:00,49.0,48.6,49.4,54,0.9
2024-05-12 11:00,48.82,48.4,49.3,60,1.0
2024-05-12 12:00,48.55,48.2,49.0,60,1.0
2024-05-12 13:00,48.24,47.9,48.7,60,1.0
2024-05-12 14:00,48.11,47.8,48.5,60,1.0
2024-05-12 15:00,48.12,47.8,48.4,60,1.0
2024-05-12 16:00,47.94,47.6,48.4,60,1.0
2024-05-12 17:00,47.84,47.6,48.2,60,1.0
2024-05-12 18:00,47.78,47.5,48.0,60,1.0
2024-05-12 19:00,47.84,47.6,48.1,60,1.0
2024-05-12 20:00,47.96,47.6,48.3,60,1.0
2024-05-12 21:00,48.03,47.6,48.3,60,1.0
2024-05-12 22:00,47.98,47.6,48.4,60,1.0
2024-05-12 23:00,47.93,47.7,48.2,60,1.0
2024-05-13 00:00,47.98,47.7,48.3,60,1.0
2024-05-13 01:00,48.04,47.8,48.4,60,1.0
2024-05-13 02:00,48.06,47.8,48.4,60,1.0
2024-05-13 03:00,48.14,47.8,48.5,60,1.0
2024-05-13 04:00,48.33,48.1,48.6,35,0.583
2024-05-13 07:00,48.39,48.1,48.7,32,0.533
2024-05-13 08:00,48.46,48.1,48.9,60,1.0
2024-05-13 09:00,48.37,48.0,48.8,60,1.0
2024-05-13 10:00,48.14,47.8,48.5,60,1.0
2024-05-13 11:00,48.04,47.6,48.4,60,1.0
2024-05-13 12:00,47.78,47.4,48.1,60,1.0
2024-05-13 13:00,47.44,47.0,47.9,60,1.0
2024-05-13 14:00,47.16,46.9,47.5,60,1.0
2024-05-13 15:00,47.04,46.8,47.3,60,1.0
2024-05-13 16:00,47.06,46.8,47.4,60,1.0
2024-05-13 17:00,47.13,46.9,47.4,60,1.0
2024-05-13 18:00,46.92,46.7,47.3,60,1.0
2024-05-13 19:00,46.88,46.6,47.2,60,1.0
2024-05-13 20:00,47.15,46.8,47.4,60,1.0
2024-05-13 21:00,47.16,46.9,47.4,60,1.0
2024-05-13 22:00,47.06,46.7,47.4,60,1.0
2024-05-13 23:00,47.07,46.8,47.4,60,1.0
2024-05-14 00:00,47.08,46.8,47.3,60,1.0
2024-05-14 01:00,47.11,46.9,47.3,60,1.0
2024-05-14 02:00,47.15,46.9,47.4,60,1.0
2024-05-14 03:00,47.22,46.9,47.6,60,1.0
2024-05-14 04:00,47.24,47.0,47.5,60,1.0
2024-05-14 05:00,47.3,47.0,47.7,60,1.0
2024-05-14 06:00,47.37,47.1,47.8,60,1.0
2024-05-14 07:00,47.48,47.1,47.9,60,1.0
2024-05-14 08:00,47.32,47.0,47.6,54,0.9
2024-05-14 09:00,47.27,47.0,47.6,46,0.767
2024-05-14 10:00,47.25,46.9,47.5,57,0.95
2024-05-14 11:00,46.88,46.5,47.3,60,1.0
2024-05-14 12:00,46.58,46.2,47.0,55,0.917
2024-05-14 13:00,46.37,45.9,46.7,50,0.833
2024-05-14 14:00,46.03,45.8,46.3,53,0.883
2024-05-14 15:00,46.15,45.8,46.4,60,1.0
2024-05-14 16:00,46.02,45.7,46.3,60,1.0
2024-05-14 17:00,45.93,45.6,46.3,60,1.0
2024-05-14 18:00,45.82,45.6,46.1,60,1.0
2024-05-14 19:00,45.9,45.7,46.2,60,1.0
2024-05-14 20:00,46.01,45.7,46.3,60,1.0
2024-05-14 21:00,46.16,45.9,46.6,60,1.0
2024-05-14 22:00,46.02,45.8,46.3,60,1.0
2024-05-14 23:00,46.03,45.8,46.2,60,1.0
2024-05-15 00:00,46.09,45.9,46.5,60,1.0
2024-05-15 01:00,46.23,45.9,46.5,60,1.0
2024-05-15 02:00,46.31,46.0,46.6,60,1.0
2024-05-15 03:00,46.38,46.1,46.7,60,1.0
2024-05-15 04:00,46.34,46.1,46.7,60,1.0
2024-05-15 05:00,46.36,46.1,46.5,60,1.0
2024-05-15 06:00,46.38,46.1,46.7,60,1.0
2024-05-15 07:00,46.46,46.2,46.8,60,1.0
2024-05-15 08:00,46.58,46.2,46.9,60,1.0
2024-05-15 09:00,46.34,46.0,46.7,60,1.0
2024-05-15 10:00,46.17,45.9,46.4,60,1.0
2024-05-15 11:00,45.9,45.5,46.2,60,1.0
2024-05-15 12:00,45.64,45.3,46.1,60,1.0
2024-05-15 13:00,45.32,45.0,45.7,60,1.0
2024-05-15 14:00,45.16,44.9,45.4,60,1.0
2024-05-15 15:00,45.11,44.8,45.4,60,1.0
2024-05-15 16:00,44.86,44.6,45.2,60,1.0
2024-05-15 17:00,44.78,44.5,45.1,60,1.0
2024-05-15 18:00,44.88,44.6,45.1,60,1.0
2024-05-15 19:00,44.85,44.5,45.1,60,1.0
2024-05-15 20:00,44.88,44.5,45.2,59,0.983
2024-05-15 21:00,44.7,44.5,45.0,60,1.0
2024-05-15 22:00,44.76,44.5,45.1,59,0.983
2024-05-15 23:00,44.83,44.6,45.1,60,1.0
2024-05-16 00:00,44.91,44.6,45.3,58,0.967
2024-05-16 01:00,44.98,44.7,45.3,60,1.0
2024-05-16 02:00,45.04,44.7,45.3,60,1.0
2024-05-16 03:00,45.09,44.8,45.4,60,1.0
2024-05-16 04:00,45.15,44.9,45.4,60,1.0
2024-05-16 05:00,45.11,44.8,45.4,60,1.0
2024-05-16 06:00,45.08,44.8,45.5,60,1.0
2024-05-16 07:00,45.15,44.9,45.4,60,1.0
2024-05-16 08:00,45.07,44.8,45.4,60,1.0
2024-05-16 09:00,44.99,44.7,45.4,60,1.0
2024-05-16 10:00,44.81,44.4,45.2,60,1.0
2024-05-16 11:00,44.5,44.3,44.8,60,1.0
2024-05-16 12:00,44.26,44.0,44.7,60,1.0
2024-05-16 13:00,43.92,43.6,44.4,60,1.0
2024-05-16 14:00,43.84,43.6,44.1,60,1.0
2024-05-16 15:00,43.53,43.3,44.1,60,1.0
2024-05-16 16:00,43.44,43.2,43.8,60,1.0
2024-05-16 17:00,43.35,43.1,43.6,51,0.85
2024-05-16 18:00,43.3,43.1,43.5,58,0.967
2024-05-16 19:00,43.31,43.1,43.6,59,0.983
2024-05-16 20:00,43.46,43.1,43.7,60,1.0
2024-05-16 21:00,43.47,43.2,43.7,60,1.0
2024-05-16 22:00,43.35,43.1,43.6,60,1.0
2024-05-16 23:00,43.36,43.1,43.6,60,1.0
2024-05-17 00:00,43.5,43.2,43.8,60,1.0
2024-05-17 01:00,43.64,43.4,43.9,60,1.0
2024-05-17 02:00,43.72,43.5,44.0,60,1.0
2024-05-17 03:00,43.75,43.5,44.1,60,1.0
2024-05-17 04:00,43.89,43.6,44.2,60,1.0
2024-05-17 05:00,43.89,43.6,44.1,60,1.0
2024-05-17 06:00,43.9,43.6,44.3,60,1.0
2024-05-17 07:00,43.97,43.6,44.3,60,1.0
2024-05-17 08:00,43.95,43.7,44.3,60,1.0
2024-05-17 09:00,43.89,43.6,44.1,60,1.0
2024-05-17 10:00,43.71,43.4,44.0,60,1.0
2024-05-17 11:00,43.58,43.2,43.9,60,1.0
2024-05-17 12:00,43.25,42.9,43.6,60,1.0
2024-05-17 13:00,43.06,42.8,43.3,60,1.0
2024-05-17 14:00,42.75,42.5,43.1,60,1.0
2024-05-17 15:00,42.68,42.4,42.9,60,1.0
2024-05-17 16:00,42.73,42.5,43.0,60,1.0
2024-05-17 17:00,42.73,42.4,43.0,60,1.0
2024-05-17 18:00,42.73,42.5,43.0,60,1.0
2024-05-17 19:00,42.57,42.4,42.8,60,1.0
2024-05-17 20:00,42.63,42.5,42.9,60,1.0
2024-05-17 21:00,42.73,42.5,43.0,60,1.0
2024-05-17 22:00,42.87,42.6,43.1,60,1.0
2024-05-17 23:00,42.97,42.7,43.3,60,1.0
2024-05-18 00:00,43.06,42.8,43.3,60,1.0
2024-05-18 01:00,43.11,42.8,43.4,60,1.0
2024-05-18 02:00,43.08,42.8,43.5,60,1.0
2024-05-18 03:00,43.07,42.8,43.3,60,1.0
2024-05-18 04:00,43.14,42.9,43.4,60,1.0
2024-05-18 05:00,43.3,43.0,43.6,60,1.0
2024-05-18 06:00,43.29,43.0,43.6,54,0.9
2024-05-18 07:00,43.4,43.1,43.7,60,1.0
2024-05-18 08:00,43.41,43.1,43.8,60,1.0
2024-05-18 09:00,43.48,43.1,44.1,60,1.0
2024-05-18 10:00,43.71,43.4,44.0,59,0.983
2024-05-18 11:00,43.63,43.3,44.0,50,0.833
2024-05-18 12:00,43.83,43.5,44.2,50,0.833
2024-05-18 13:00,43.78,43.5,44.1,60,1.0
2024-05-18 14:00,43.9,43.6,44.3,60,1.0
2024-05-18 15:00,43.81,43.5,44.1,60,1.0
2024-05-18 16:00,43.77,43.4,44.1,60,1.0
2024-05-18 17:00,43.74,43.5,44.1,27,0.45
2024-05-18 18:00,43.62,43.4,44.0,48,0.8
2024-05-18 19:00,43.64,43.4,43.9,60,1.0
2024-05-18 20:00,43.79,43.5,44.1,60,1.0
2024-05-18 21:00,43.95,43.6,44.4,60,1.0
2024-05-18 22:00,44.04,43.7,44.4,60,1.0
2024-05-18 23:00,44.15,43.9,44.6,60,1.0
2024-05-19 00:00,44.35,43.9,44.8,60,1.0
2024-05-19 01:00,44.39,44.1,44.8,60,1.0
2024-05-19 02:00,44.47,44.2,45.0,60,1.0
2024-05-19 03:00,44.54,44.1,44.8,60,1.0
2024-05-19 04:00,44.61,44.3,44.9,60,1.0
2024-05-19 05:00,44.68,44.4,45.1,60,1.0
2024-05-19 06:00,44.72,44.4,45.2,60,1.0
2024-05-19 07:00,44.74,44.4,45.2,60,1.0
2024-05-19 08:00,44.71,44.4,45.0,60,1.0
2024-05-19 09:00,44.58,44.3,44.9,60,1.0
2024-05-19 10:00,44.56,44.3,44.9,60,1.0
2024-05-19 11:00,44.41,44.1,44.9,60,1.0
2024-05-19 12:00,44.21,43.9,44.6,60,1.0
2024-05-19 13:00,44.14,43.8,44.6,60,1.0
2024-05-19 14:00,44.05,43.7,44.3,60,1.0
2024-05-19 15:00,43.93,43.6,44.2,60,1.0
2024-05-19 16:00,43.68,43.3,44.0,60,1.0
2024-05-19 17:00,43.38,43.1,43.8,60,1.0
2024-05-19 18:00,43.2,43.0,43.7,60,1.0
2024-05-19 19:00,43.17,43.0,43.4,60,1.0
2024-05-19 20:00,43.33,43.0,43.5,60,1.0
2024-05-19 21:00,43.21,43.0,43.5,60,1.0
2024-05-19 22:00,43.18,43.0,43.4,60,1.0
2024-05-19 23:00,43.23,43.0,43.6,60,1.0
2024-05-20 00:00,43.28,43.0,43.7,60,1.0
2024-05-20 01:00,43.37,43.1,43.7,60,1.0
2024-05-20 02:00,43.48,43.2,43.7,60,1.0
2024-05-20 03:00,43.56,43.3,43.9,60,1.0
2024-05-20 04:00,43.64,43.4,43.9,60,1.0
2024-05-20 05:00,43.65,43.3,44.0,50,0.833
2024-05-20 06:00,43.59,43.3,43.9,46,0.767
2024-05-20 07:00,43.72,43.4,44.0,52,0.867
2024-05-20 08:00,43.64,43.4,44.0,60,1.0
2024-05-20 09:00,43.66,43.3,44.0,60,1.0
2024-05-20 10:00,43.59,43.2,43.8,60,1.0
2024-05-20 11:00,43.28,42.9,43.7,60,1.0
2024-05-20 12:00,43.08,42.8,43.4,60,1.0
2024-05-20 13:00,42.72,42.4,43.3,60,1.0
2024-05-20 14:00,42.64,42.3,42.9,60,1.0
2024-05-20 15:00,42.4,42.1,42.8,60,1.0
2024-05-20 16:00,42.18,41.8,42.5,60,1.0
2024-05-20 17:00,41.98,41.7,42.2,60,1.0
2024-05-20 18:00,41.91,41.7,42.1,60,1.0
2024-05-20 19:00,41.84,41.6,42.2,60,1.0
2024-05-20 20:00,41.89,41.6,42.2,60,1.0
2024-05-20 21:00,42.02,41.7,42.3,60,1.0
2024-05-20 22:00,42.0,41.7,42.3,60,1.0
2024-05-20 23:00,41.94,41.7,42.2,60,1.0
2024-05-21 00:00,41.94,41.7,42.2,60,1.0
2024-05-21 01:00,41.96,41.7,42.2,60,1.0
2024-05-21 02:00,42.0,41.8,42.3,60,1.0
2024-05-21 03:00,42.07,41.8,42.4,60,1.0
2024-05-21 04:00,42.24,41.9,42.6,60,1.0
2024-05-21 05:00,42.39,42.1,42.8,60,1.0
2024-05-21 06:00,42.3,42.0,42.6,60,1.0
2024-05-21 07:00,42.2,41.9,42.7,60,1.0
2024-05-21 08:00,42.02,41.8,42.5,60,1.0
2024-05-21 09:00,41.97,41.7,42.3,60,1.0
2024-05-21 10:00,41.98,41.7,42.3,60,1.0
2024-05-21 11:00,41.73,41.4,42.3,60,1.0
2024-05-21 12:00,41.6,41.3,42.0,60,1.0
2024-05-21 13:00,41.46,41.1,42.1,60,1.0
2024-05-21 14:00,41.23,41.0,41.5,51,0.85
2024-05-21 15:00,41.12,40.9,41.4,49,0.817
2024-05-21 16:00,40.98,40.7,41.3,60,1.0
2024-05-21 17:00,40.93,40.7,41.3,60,1.0
2024-05-21 18:00,40.92,40.7,41.3,60,1.0
2024-05-21 19:00,41.08,40.8,41.3,60,1.0
2024-05-21 20:00,40.95,40.7,41.3,60,1.0
2024-05-21 21:00,40.98,40.8,41.3,60,1.0
2024-05-21 22:00,41.06,40.8,41.5,60,1.0
2024-05-21 23:00,41.22,41.0,41.5,60,1.0
2024-05-22 00:00,41.37,41.0,41.6,60,1.0
2024-05-22 01:00,41.44,41.2,41.6,60,1.0
2024-05-22 02:00,41.45,41.1,41.7,60,1.0
2024-05-22 03:00,41.79,41.2,42.3,60,1.0
2024-05-22 04:00,42.09,41.8,42.3,60,1.0
2024-05-22 05:00,42.11,41.8,42.4,60,1.0
2024-05-22 06:00,42.18,41.8,42.6,60,1.0
2024-05-22 07:00,42.13,41.8,42.5,60,1.0
2024-05-22 08:00,41.99,41.7,42.3,60,1.0
2024-05-22 09:00,41.76,41.5,42.1,60,1.0
2024-05-22 10:00,41.62,41.3,42.0,60,1.0
2024-05-22 11:00,41.26,41.0,41.7,60,1.0
2024-05-22 12:00,41.03,40.7,41.4,60,1.0
2024-05-22 13:00,40.84,40.5,41.1,60,1.0
2024-05-22 14:00,40.61,40.2,41.0,60,1.0
2024-05-22 15:00,40.33,40.0,40.8,60,1.0
2024-05-22 16:00,40.16,39.9,40.6,60,1.0
2024-05-22 17:00,40.15,39.9,40.4,59,0.983
2024-05-22 18:00,40.2,39.9,40.5,60,1.0
2024-05-22 19:00,40.27,39.9,40.6,60,1.0
2024-05-22 20:00,40.24,39.9,40.6,60,1.0
2024-05-22 21:00,40.16,39.9,40.4,60,1.0
2024-05-22 22:00,40.26,40.0,40.5,60,1.0
2024-05-22 23:00,40.43,40.1,40.8,59,0.983
2024-05-23 00:00,40.57,40.3,41.0,60,1.0
2024-05-23 01:00,40.72,40.4,41.0,60,1.0
2024-05-23 02:00,40.77,40.5,41.1,59,0.983
2024-05-23 03:00,40.87,40.7,41.1,60,1.0
2024-05-23 04:00,40.98,40.7,41.3,60,1.0
2024-05-23 05:00,40.88,40.6,41.1,60,1.0
2024-05-23 06:00,41.04,40.7,41.3,60,1.0
2024-05-23 07:00,41.03,40.8,41.4,60,1.0
2024-05-23 08:00,41.09,40.8,41.3,60,1.0
2024-05-23 09:00,40.92,40.5,41.3,60,1.0
2024-05-23 10:00,40.57,40.2,40.9,60,1.0
2024-05-23 11:00,40.37,40.0,40.7,60,1.0
2024-05-23 12:00,39.94,39.6,40.3,60,1.0
2024-05-23 13:00,39.6,39.3,39.9,60,1.0
2024-05-23 14:00,39.46,39.2,39.7,60,1.0
2024-05-23 15:00,39.29,39.0,39.7,60,1.0
2024-05-23 16:00,39.07,38.8,39.4,60,1.0
2024-05-23 17:00,39.03,38.8,39.3,60,1.0
2024-05-23 18:00,39.21,38.9,39.4,60,1.0
2024-05-23 19:00,39.2,38.9,39.4,53,0.883
2024-05-23 20:00,39.11,38.9,39.3,51,0.85
2024-05-23 21:00,39.15,39.0,39.4,54,0.9
2024-05-23 22:00,39.3,39.0,39.7,60,1.0
2024-05-23 23:00,39.51,39.2,39.9,60,1.0
2024-05-24 00:00,39.67,39.4,39.9,60,1.0
2024-05-24 01:00,39.75,39.5,40.0,60,1.0
2024-05-24 02:00,39.83,39.6,40.1,60,1.0
2024-05-24 03:00,39.86,39.5,40.2,60,1.0
2024-05-24 04:00,39.82,39.6,40.1,60,1.0
2024-05-24 05:00,39.89,39.6,40.3,60,1.0
2024-05-24 06:00,40.02,39.7,40.3,60,1.0
2024-05-24 07:00,40.1,39.8,40.4,60,1.0
2024-05-24 08:00,40.09,39.8,40.5,60,1.0
2024-05-24 09:00,39.96,39.7,40.2,60,1.0
2024-05-24 10:00,39.87,39.5,40.2,60,1.0
2024-05-24 11:00,39.58,39.2,39.9,60,1.0
2024-05-24 12:00,39.28,38.9,39.6,60,1.0
2024-05-24 13:00,38.9,38.6,39.2,59,0.983
2024-05-24 14:00,38.6,38.3,38.8,60,1.0
2024-05-24 15:00,38.57,38.3,38.8,60,1.0
2024-05-24 16:00,38.44,38.2,38.7,60,1.0
2024-05-24 17:00,38.34,38.1,38.6,60,1.0
2024-05-24 18:00,38.21,37.9,38.5,60,1.0
2024-05-24 19:00,37.88,37.7,38.2,60,1.0
2024-05-24 20:00,38.07,37.8,38.3,60,1.0
2024-05-24 21:00,37.97,37.7,38.2,60,1.0
2024-05-24 22:00,37.96,37.7,38.3,60,1.0
2024-05-24 23:00,38.0,37.8,38.2,60,1.0
2024-05-25 00:00,38.07,37.8,38.3,60,1.0
2024-05-25 01:00,38.18,37.9,38.5,60,1.0
2024-05-25 02:00,38.39,38.1,38.7,60,1.0
2024-05-25 03:00,38.52,38.3,38.8,60,1.0
2024-05-25 04:00,38.74,38.5,39.1,60,1.0
2024-05-25 05:00,38.87,38.5,39.2,60,1.0
2024-05-25 06:00,38.88,38.6,39.2,60,1.0
2024-05-25 07:00,38.91,38.6,39.2,60,1.0
2024-05-25 08:00,38.94,38.7,39.3,60,1.0
2024-05-25 09:00,38.73,38.5,39.1,60,1.0
2024-05-25 10:00,38.73,38.4,39.1,60,1.0
2024-05-25 11:00,38.55,38.3,38.8,60,1.0
2024-05-25 12:00,38.42,38.1,38.8,60,1.0
2024-05-25 13:00,38.18,37.9,38.4,60,1.0
2024-05-25 14:00,38.16,37.8,38.4,60,1.0
2024-05-25 15:00,37.99,37.7,38.3,59,0.983
2024-05-25 16:00,37.83,37.5,38.1,59,0.983
2024-05-25 17:00,37.84,37.6,38.1,60,1.0
2024-05-25 18:00,37.83,37.6,38.1,60,1.0
2024-05-25 19:00,38.04,37.7,38.5,58,0.967
2024-05-25 20:00,38.28,38.0,38.6,60,1.0
2024-05-25 21:00,38.26,38.0,38.5,60,1.0
2024-05-25 22:00,38.29,38.0,38.5,60,1.0
2024-05-25 23:00,38.23,38.0,38.5,60,1.0
2024-05-26 00:00,38.27,38.0,38.5,60,1.0
2024-05-26 01:00,38.29,38.1,38.6,60,1.0
2024-05-26 02:00,38.42,38.1,38.8,58,0.967
2024-05-26 03:00,38.55,38.3,38.8,47,0.783
2024-05-26 04:00,38.69,38.4,39.0,49,0.817
2024-05-26 05:00,38.96,38.7,39.2,42,0.7
2024-05-26 06:00,38.92,38.7,39.2,60,1.0
2024-05-26 07:00,39.01,38.7,39.3,58,0.967
2024-05-26 08:00,38.9,38.6,39.3,46,0.767
2024-05-26 09:00,38.7,38.5,39.1,43,0.717
2024-05-26 10:00,38.59,38.3,39.0,59,0.983
2024-05-26 11:00,38.33,38.1,38.6,58,0.967
2024-05-26 12:00,37.97,37.5,38.5,60,1.0
2024-05-26 13:00,37.6,37.2,37.9,60,1.0
2024-05-26 14:00,37.25,37.0,37.5,60,1.0
2024-05-26 15:00,37.27,37.0,37.5,60,1.0
2024-05-26 16:00,37.17,37.0,37.4,60,1.0
2024-05-26 17:00,37.14,36.9,37.4,60,1.0
2024-05-26 18:00,37.11,36.8,37.3,60,1.0
2024-05-26 19:00,37.11,36.9,37.3,59,0.983
2024-05-26 20:00,37.11,36.9,37.5,60,1.0
2024-05-26 21:00,37.32,37.0,37.7,60,1.0
2024-05-26 22:00,37.43,37.2,37.7,60,1.0
2024-05-26 23:00,37.55,37.2,38.0,59,0.983
2024-05-27 00:00,37.48,37.2,37.8,60,1.0
2024-05-27 01:00,37.58,37.3,37.9,60,1.0
2024-05-27 02:00,37.71,37.4,38.0,60,1.0
2024-05-27 03:00,37.78,37.6,38.0,60,1.0
2024-05-27 04:00,37.88,37.7,38.2,60,1.0
2024-05-27 05:00,38.16,37.8,38.4,60,1.0
2024-05-27 06:00,38.21,37.9,38.5,60,1.0
2024-05-27 07:00,38.33,38.1,38.7,60,1.0
2024-05-27 08:00,38.22,38.0,38.5,60,1.0
2024-05-27 09:00,38.17,37.9,38.7,60,1.0
2024-05-27 10:00,37.99,37.7,38.3,60,1.0
2024-05-27 11:00,37.82,37.4,38.1,60,1.0
2024-05-27 12:00,37.44,37.1,37.8,59,0.983
2024-05-27 13:00,37.09,36.9,37.4,60,1.0
2024-05-27 14:00,37.01,36.7,37.3,60,1.0
2024-05-27 15:00,36.95,36.6,37.2,60,1.0
2024-05-27 16:00,36.79,36.5,37.0,60,1.0
2024-05-27 17:00,36.54,36.3,36.7,60,1.0
2024-05-27 18:00,36.51,36.3,36.8,60,1.0
2024-05-27 19:00,36.52,36.4,36.7,60,1.0
2024-05-27 20:00,36.71,36.4,37.0,60,1.0
2024-05-27 21:00,36.71,36.5,37.0,60,1.0
2024-05-27 22:00,36.73,36.5,37.0,60,1.0
2024-05-27 23:00,36.78,36.6,37.0,60,1.0
2024-05-28 00:00,36.85,36.6,37.0,60,1.0
2024-05-28 01:00,36.94,36.7,37.2,60,1.0
2024-05-28 02:00,37.03,36.8,37.4,60,1.0
2024-05-28 03:00,37.17,36.9,37.5,60,1.0
2024-05-28 04:00,37.2,37.0,37.4,60,1.0
2024-05-28 05:00,37.16,36.8,37.4,60,1.0
2024-05-28 06:00,37.14,36.9,37.4,60,1.0
2024-05-28 07:00,37.22,36.9,37.5,60,1.0
2024-05-28 08:00,37.21,36.9,37.5,60,1.0
2024-05-28 09:00,37.18,36.9,37.4,60,1.0
2024-05-28 10:00,36.99,36.7,37.4,60,1.0
2024-05-28 11:00,36.81,36.5,37.1,60,1.0
2024-05-28 12:00,36.65,36.4,36.9,60,1.0
2024-05-28 13:00,36.29,36.0,36.6,60,1.0
2024-05-28 14:00,36.11,35.9,36.3,60,1.0
2024-05-28 15:00,36.09,35.8,36.3,60,1.0
2024-05-28 16:00,36.01,35.8,36.2,60,1.0
2024-05-28 17:00,35.89,35.6,36.1,60,1.0
2024-05-28 18:00,35.71,35.5,36.0,60,1.0
2024-05-28 19:00,35.58,35.4,35.8,60,1.0
2024-05-28 20:00,35.77,35.5,36.1,60,1.0
2024-05-28 21:00,35.83,35.6,36.1,60,1.0
2024-05-28 22:00,35.76,35.5,36.1,60,1.0
2024-05-28 23:00,35.8,35.6,36.0,60,1.0
2024-05-29 00:00,35.89,35.6,36.2,59,0.983
2024-05-29 01:00,36.06,35.8,36.3,60,1.0
2024-05-29 02:00,36.06,35.8,36.5,60,1.0
2024-05-29 03:00,36.2,35.9,36.4,50,0.833
2024-05-29 04:00,36.38,36.1,36.6,56,0.933
2024-05-29 05:00,36.44,36.2,36.7,56,0.933
2024-05-29 06:00,36.35,36.0,36.7,59,0.983
2024-05-29 07:00,36.25,36.0,36.6,60,1.0
2024-05-29 08:00,36.23,36.0,36.5,60,1.0
2024-05-29 09:00,36.17,35.8,36.5,60,1.0
2024-05-29 10:00,35.98,35.7,36.2,60,1.0
2024-05-29 11:00,35.74,35.3,36.1,51,0.85
2024-05-29 12:00,35.31,35.0,35.7,60,1.0
2024-05-29 13:00,34.87,34.5,35.3,60,1.0
2024-05-29 14:00,34.63,34.4,34.8,60,1.0
2024-05-29 15:00,34.51,34.3,34.7,60,1.0
2024-05-29 16:00,34.39,34.1,34.6,60,1.0
2024-05-29 17:00,34.36,34.1,34.6,58,0.967
2024-05-29 18:00,34.29,34.0,34.5,60,1.0
2024-05-29 19:00,34.14,34.0,34.3,59,0.983
2024-05-29 20:00,34.18,34.0,34.5,60,1.0
2024-05-29 21:00,34.43,34.2,34.6,60,1.0
2024-05-29 22:00,34.34,34.1,34.7,60,1.0
2024-05-29 23:00,34.41,34.2,34.6,60,1.0
2024-05-30 00:00,34.4,34.2,34.6,60,1.0
2024-05-30 01:00,34.51,34.3,34.7,60,1.0
2024-05-30 02:00,34.67,34.5,34.9,60,1.0
2024-05-30 03:00,34.78,34.6,35.3,60,1.0
2024-05-30 04:00,34.91,34.7,35.2,60,1.0
2024-05-30 05:00,35.03,34.8,35.2,60,1.0
2024-05-30 06:00,35.0,34.8,35.2,60,1.0
2024-05-30 07:00,35.1,34.8,35.5,60,1.0
2024-05-30 08:00,35.16,35.0,35.4,60,1.0
2024-05-30 09:00,35.04,34.7,35.3,60,1.0
2024-05-30 10:00,34.73,34.4,35.0,60,1.0
2024-05-30 11:00,34.39,34.1,34.7,60,1.0
2024-05-30 12:00,34.01,33.6,34.4,60,1.0
2024-05-30 13:00,33.62,33.3,33.9,60,1.0
2024-05-30 14:00,33.27,33.0,33.6,60,1.0
2024-05-30 15:00,33.15,32.9,33.4,60,1.0
2024-05-30 16:00,32.96,32.8,33.1,60,1.0
2024-05-30 17:00,32.97,32.8,33.2,60,1.0
2024-05-30 18:00,32.91,32.7,33.1,60,1.0
2024-05-30 19:00,32.7,32.5,32.9,60,1.0
2024-05-30 20:00,32.72,32.6,32.9,60,1.0
2024-05-30 21:00,32.85,32.6,33.1,60,1.0
2024-05-30 22:00,32.94,32.7,33.2,60,1.0
2024-05-30 23:00,33.08,32.8,33.3,60,1.0
2024-05-31 00:00,33.07,32.8,33.3,60,1.0
2024-05-31 01:00,33.1,32.8,33.4,60,1.0
2024-05-31 02:00,33.19,33.0,33.4,60,1.0
2024-05-31 03:00,33.24,33.0,33.5,60,1.0
2024-05-31 04:00,33.27,33.0,33.5,60,1.0
2024-05-31 05:00,33.35,33.2,33.5,60,1.0
2024-05-31 06:00,33.2,33.0,33.5,60,1.0
2024-05-31 07:00,33.19,33.0,33.4,59,0.983
2024-05-31 08:00,33.21,33.1,33.4,50,0.833
2024-05-31 09:00,33.26,33.1,33.5,59,0.983
2024-05-31 10:00,33.19,32.9,33.4,51,0.85
2024-05-31 11:00,33.2,32.9,33.5,48,0.8
2024-05-31 12:00,33.45,33.2,34.1,57,0.95
2024-05-31 13:00,33.63,33.4,33.9,60,1.0
2024-05-31 14:00,33.68,33.4,34.0,60,1.0
2024-05-31 15:00,33.73,33.5,34.0,60,1.0
2024-05-31 16:00,33.61,33.3,34.0,60,1.0
2024-05-31 17:00,33.45,33.2,33.7,60,1.0
2024-05-31 18:00,33.44,33.2,33.8,60,1.0
2024-05-31 19:00,33.55,33.3,33.8,60,1.0
2024-05-31 20:00,33.45,33.2,33.8,60,1.0
2024-05-31 21:00,33.39,33.1,33.7,60,1.0
2024-05-31 22:00,33.34,33.1,33.6,60,1.0
2024-05-31 23:00,33.35,33.1,33.6,59,0.983
2024-06-01 00:00,33.21,33.0,33.4,60,1.0
2024-06-01 01:00,33.21,33.0,33.5,60,1.0
2024-06-01 02:00,33.26,33.0,33.5,60,1.0
2024-06-01 03:00,33.19,33.0,33.5,60,1.0
2024-06-01 04:00,33.14,32.9,33.4,60,1.0
2024-06-01 05:00,33.25,33.0,33.5,60,1.0
2024-06-01 06:00,33.12,32.9,33.4,60,1.0
2024-06-01 07:00,33.25,33.1,33.5,60,1.0
2024-06-01 08:00,33.26,33.0,33.5,60,1.0
2024-06-01 09:00,33.15,33.0,33.5,60,1.0
2024-06-01 10:00,33.11,32.9,33.3,60,1.0
2024-06-01 11:00,33.19,32.9,33.5,60,1.0
2024-06-01 12:00,33.08,32.8,33.4,60,1.0
2024-06-01 13:00,32.92,32.6,33.1,59,0.983
2024-06-01 14:00,32.9,32.7,33.3,60,1.0
2024-06-01 15:00,32.96,32.7,33.2,59,0.983
2024-06-01 16:00,32.99,32.8,33.2,60,1.0
2024-06-01 17:00,32.97,32.7,33.4,60,1.0
2024-06-01 18:00,32.99,32.8,33.2,60,1.0
2024-06-01 19:00,32.94,32.6,33.2,60,1.0
2024-06-01 20:00,32.74,32.5,32.9,60,1.0
2024-06-01 21:00,32.72,32.5,33.0,60,1.0
2024-06-01 22:00,32.82,32.6,33.0,60,1.0
2024-06-01 23:00,32.97,32.7,33.2,60,1.0
2024-06-02 00:00,33.0,32.7,33.2,60,1.0
2024-06-02 01:00,32.94,32.7,33.3,60,1.0
2024-06-02 02:00,33.0,32.7,33.2,60,1.0
2024-06-02 03:00,33.04,32.7,33.2,60,1.0
2024-06-02 04:00,33.0,32.8,33.2,60,1.0
2024-06-02 05:00,33.12,32.9,33.3,60,1.0
2024-06-02 06:00,33.11,32.9,33.4,60,1.0
2024-06-02 07:00,33.18,33.0,33.4,57,0.95
2024-06-02 08:00,33.11,32.9,33.3,49,0.817
2024-06-02 09:00,32.93,32.6,33.2,60,1.0
2024-06-02 10:00,32.75,32.4,33.1,60,1.0
2024-06-02 11:00,32.47,32.3,32.7,60,1.0
2024-06-02 12:00,32.22,31.9,32.5,60,1.0
2024-06-02 13:00,31.86,31.6,32.1,60,1.0
2024-06-02 14:00,31.76,31.5,32.1,60,1.0
2024-06-02 15:00,31.62,31.4,31.9,60,1.0
2024-06-02 16:00,31.39,31.2,31.6,59,0.983
2024-06-02 17:00,31.4,31.2,31.6,60,1.0
2024-06-02 18:00,31.45,31.2,31.8,60,1.0
2024-06-02 19:00,31.56,31.4,31.8,60,1.0
2024-06-02 20:00,31.42,31.2,31.7,60,1.0
2024-06-02 21:00,31.49,31.3,31.8,60,1.0
2024-06-02 22:00,31.63,31.4,32.0,60,1.0
2024-06-02 23:00,31.77,31.6,31.9,60,1.0
2024-06-03 00:00,31.85,31.7,32.2,60,1.0
2024-06-03 01:00,31.95,31.7,32.2,60,1.0
2024-06-03 02:00,32.0,31.8,32.2,60,1.0
2024-06-03 03:00,32.09,31.9,32.4,53,0.883
2024-06-03 04:00,32.31,32.1,32.6,60,1.0
2024-06-03 05:00,32.34,32.2,32.7,60,1.0
2024-06-03 06:00,32.33,32.1,32.7,60,1.0
2024-06-03 07:00,32.4,32.1,32.7,60,1.0
2024-06-03 08:00,32.06,31.8,32.4,60,1.0
2024-06-03 09:00,31.85,31.6,32.1,60,1.0
2024-06-03 10:00,31.63,31.3,31.9,60,1.0
2024-06-03 11:00,31.27,31.0,31.5,60,1.0
2024-06-03 12:00,30.85,30.6,31.3,60,1.0
2024-06-03 13:00,30.52,30.2,30.9,60,1.0
2024-06-03 14:00,30.27,30.1,30.5,60,1.0
2024-06-03 15:00,30.23,30.0,30.5,60,1.0
2024-06-03 16:00,30.14,29.9,30.3,60,1.0
2024-06-03 17:00,30.07,29.9,30.4,60,1.0
2024-06-03 18:00,30.14,29.9,30.4,60,1.0
2024-06-03 19:00,30.3,30.1,30.5,60,1.0
2024-06-03 20:00,30.36,30.2,30.5,60,1.0
2024-06-03 21:00,30.36,30.2,30.6,60,1.0
2024-06-03 22:00,30.54,30.3,30.9,60,1.0
2024-06-03 23:00,30.69,30.5,30.9,60,1.0
2024-06-04 00:00,30.92,30.7,31.2,60,1.0
2024-06-04 01:00,31.12,30.8,31.4,60,1.0
2024-06-04 02:00,31.35,31.1,31.7,60,1.0
2024-06-04 03:00,31.45,31.2,31.7,60,1.0
2024-06-04 04:00,31.56,31.4,31.8,60,1.0
2024-06-04 05:00,31.61,31.4,31.8,59,0.983
2024-06-04 06:00,31.74,31.6,32.0,60,1.0
2024-06-04 07:00,31.76,31.5,32.0,60,1.0
2024-06-04 08:00,31.65,31.4,31.9,60,1.0
2024-06-04 09:00,31.54,31.2,31.8,55,0.917
2024-06-04 10:00,31.14,31.0,31.4,48,0.8
2024-06-04 11:00,30.78,30.4,31.1,60,1.0
2024-06-04 12:00,30.19,29.8,30.5,60,1.0
2024-06-04 13:00,29.65,29.4,29.9,60,1.0
2024-06-04 14:00,29.54,29.3,29.8,60,1.0
2024-06-04 15:00,29.3,29.1,29.5,60,1.0
2024-06-04 16:00,29.2,29.0,29.5,60,1.0
2024-06-04 17:00,29.26,29.1,29.5,60,1.0
2024-06-04 18:00,29.46,29.2,29.7,59,0.983
2024-06-04 19:00,29.49,29.3,29.7,60,1.0
2024-06-04 20:00,29.55,29.4,29.8,60,1.0
2024-06-04 21:00,29.71,29.5,29.9,60,1.0
2024-06-04 22:00,29.86,29.7,30.1,60,1.0
2024-06-04 23:00,29.98,29.8,30.2,60,1.0
2024-06-05 00:00,30.04,29.8,30.3,60,1.0
2024-06-05 01:00,30.08,29.9,30.3,60,1.0
2024-06-05 02:00,30.15,30.0,30.4,60,1.0
2024-06-05 03:00,30.2,30.0,30.5,60,1.0
2024-06-05 04:00,30.3,30.1,30.6,60,1.0
2024-06-05 05:00,30.41,30.2,30.6,60,1.0
2024-06-05 06:00,30.09,29.9,30.4,60,1.0
2024-06-05 07:00,30.07,29.8,30.3,60,1.0
2024-06-05 08:00,30.04,29.8,30.3,60,1.0
2024-06-05 09:00,29.93,29.6,30.2,60,1.0
2024-06-05 10:00,29.69,29.4,30.0,60,1.0
2024-06-05 11:00,29.35,29.0,29.8,60,1.0
2024-06-05 12:00,28.9,28.5,29.3,60,1.0
2024-06-05 13:00,28.45,28.1,28.8,60,1.0
2024-06-05 14:00,28.17,27.9,28.4,60,1.0
2024-06-05 15:00,27.94,27.7,28.2,60,1.0
2024-06-05 16:00,27.83,27.6,28.0,60,1.0
2024-06-05 17:00,27.72,27.5,27.9,60,1.0
2024-06-05 18:00,27.73,27.5,27.9,60,1.0
2024-06-05 19:00,27.87,27.6,28.1,59,0.983
2024-06-05 20:00,28.05,27.8,28.3,60,1.0
2024-06-05 21:00,28.08,27.9,28.3,59,0.983
2024-06-05 22:00,28.08,27.9,28.3,60,1.0
2024-06-05 23:00,28.15,27.9,28.3,60,1.0
2024-06-06 00:00,28.27,28.1,28.4,60,1.0
2024-06-06 01:00,28.36,28.2,28.5,60,1.0
2024-06-06 02:00,28.46,28.3,28.6,60,1.0
2024-06-06 03:00,28.56,28.4,28.8,60,1.0
2024-06-06 04:00,28.69,28.5,28.9,60,1.0
2024-06-06 05:00,28.79,28.5,29.0,60,1.0
2024-06-06 06:00,28.6,28.4,29.0,60,1.0
2024-06-06 07:00,28.58,28.4,28.8,60,1.0
2024-06-06 08:00,28.42,28.2,28.7,59,0.983
2024-06-06 09:00,28.3,28.1,28.5,60,1.0
2024-06-06 10:00,28.22,28.0,28.4,60,1.0
2024-06-06 11:00,27.87,27.4,28.3,60,1.0
2024-06-06 12:00,27.31,26.9,27.6,60,1.0
2024-06-06 13:00,26.98,26.6,27.4,60,1.0
2024-06-06 14:00,26.54,26.3,26.8,60,1.0
2024-06-06 15:00,26.41,26.2,26.6,60,1.0
2024-06-06 16:00,26.37,26.2,26.5,60,1.0
2024-06-06 17:00,26.28,26.0,26.4,60,1.0
2024-06-06 18:00,26.2,26.0,26.4,60,1.0
2024-06-06 19:00,26.16,26.0,26.4,60,1.0
2024-06-06 20:00,26.17,26.0,26.4,60,1.0
2024-06-06 21:00,26.35,26.0,26.6,60,1.0
2024-06-06 22:00,26.47,26.3,26.6,60,1.0
2024-06-06 23:00,26.45,26.3,26.6,60,1.0
2024-06-07 00:00,26.58,26.4,26.8,60,1.0
2024-06-07 01:00,26.73,26.5,27.0,60,1.0
2024-06-07 02:00,26.88,26.7,27.0,60,1.0
2024-06-07 03:00,26.98,26.8,27.2,60,1.0
2024-06-07 04:00,27.1,26.9,27.3,60,1.0
2024-06-07 05:00,27.24,27.0,27.4,59,0.983
2024-06-07 06:00,27.36,27.1,27.6,60,1.0
2024-06-07 07:00,27.48,27.3,27.8,59,0.983
2024-06-07 08:00,27.34,27.1,27.6,60,1.0
2024-06-07 09:00,27.08,26.9,27.4,60,1.0
2024-06-07 10:00,26.96,26.8,27.2,60,1.0
2024-06-07 11:00,26.74,26.4,27.0,60,1.0
2024-06-07 12:00,26.41,26.1,26.7,60,1.0
2024-06-07 13:00,26.02,25.7,26.3,60,1.0
2024-06-07 14:00,25.56,25.3,25.8,60,1.0
2024-06-07 15:00,25.5,25.3,26.0,60,1.0
2024-06-07 16:00,25.42,25.1,25.7,50,0.833
2024-06-07 17:00,25.29,25.1,25.5,56,0.933
2024-06-07 18:00,25.28,25.1,25.5,59,0.983
2024-06-07 19:00,25.31,25.2,25.5,41,0.683
2024-06-07 20:00,25.4,25.2,25.6,54,0.9
2024-06-07 21:00,25.6,25.4,25.8,60,1.0
2024-06-07 22:00,25.66,25.5,25.8,58,0.967
2024-06-07 23:00,25.64,25.5,25.8,59,0.983
2024-06-08 00:00,25.74,25.5,26.1,60,1.0
2024-06-08 01:00,25.78,25.6,26.1,60,1.0
2024-06-08 02:00,25.86,25.7,26.0,60,1.0
2024-06-08 03:00,25.97,25.8,26.1,60,1.0
2024-06-08 04:00,26.13,26.0,26.3,60,1.0
2024-06-08 05:00,26.18,26.0,26.4,60,1.0
2024-06-08 06:00,26.38,26.1,26.7,60,1.0
2024-06-08 07:00,26.43,26.2,26.7,52,0.867
2024-06-08 08:00,26.33,26.0,26.6,60,1.0
2024-06-08 09:00,26.06,25.9,26.4,60,1.0
2024-06-08 10:00,25.68,25.4,26.0,60,1.0
2024-06-08 11:00,25.34,25.0,25.6,55,0.917
2024-06-08 12:00,24.82,24.5,25.3,50,0.833
2024-06-08 13:00,24.3,24.0,24.6,56,0.933
2024-06-08 14:00,23.93,23.7,24.2,60,1.0
2024-06-08 15:00,23.77,23.6,23.9,60,1.0
2024-06-08 16:00,23.69,23.5,23.8,60,1.0
2024-06-08 17:00,23.73,23.5,24.1,60,1.0
2024-06-08 18:00,23.64,23.5,23.9,60,1.0
2024-06-08 19:00,23.65,23.5,23.9,60,1.0
2024-06-08 20:00,23.64,23.5,23.8,60,1.0
2024-06-08 21:00,23.73,23.5,24.0,60,1.0
2024-06-08 22:00,23.9,23.7,24.1,60,1.0
2024-06-08 23:00,24.01,23.8,24.2,60,1.0
2024-06-09 00:00,24.17,24.0,24.3,60,1.0
2024-06-09 01:00,24.2,24.0,24.4,60,1.0
2024-06-09 02:00,24.22,24.0,24.4,60,1.0
2024-06-09 03:00,24.35,24.1,24.5,60,1.0
2024-06-09 04:00,24.43,24.2,24.7,60,1.0
2024-06-09 05:00,24.66,24.4,24.9,60,1.0
2024-06-09 06:00,24.81,24.6,25.0,60,1.0
2024-06-09 07:00,24.8,24.6,25.0,60,1.0
2024-06-09 08:00,24.85,24.6,25.1,60,1.0
2024-06-09 09:00,24.7,24.6,24.9,60,1.0
2024-06-09 10:00,24.54,24.4,24.7,60,1.0
2024-06-09 11:00,24.36,24.1,24.6,60,1.0
2024-06-09 12:00,24.14,23.9,24.4,60,1.0
2024-06-09 13:00,23.96,23.8,24.2,60,1.0
2024-06-09 14:00,23.73,23.6,24.0,60,1.0
2024-06-09 15:00,23.55,23.3,23.8,60,1.0
2024-06-09 16:00,23.38,23.2,23.7,60,1.0
2024-06-09 17:00,23.22,23.1,23.4,60,1.0
2024-06-09 18:00,23.27,23.1,23.5,60,1.0
2024-06-09 19:00,23.32,23.1,23.5,60,1.0
2024-06-09 20:00,23.33,23.2,23.5,60,1.0
2024-06-09 21:00,23.34,23.2,23.5,60,1.0
2024-06-09 22:00,23.42,23.3,23.7,60,1.0
2024-06-09 23:00,23.55,23.4,23.7,60,1.0
2024-06-10 00:00,23.67,23.5,23.9,60,1.0
2024-06-10 01:00,23.83,23.6,24.1,60,1.0
2024-06-10 02:00,23.93,23.8,24.1,60,1.0
2024-06-10 03:00,23.96,23.8,24.1,60,1.0
2024-06-10 04:00,23.96,23.8,24.1,60,1.0
2024-06-10 05:00,24.09,23.9,24.3,59,0.983
2024-06-10 06:00,24.17,24.0,24.4,60,1.0
2024-06-10 07:00,24.29,24.1,24.5,59,0.983
2024-06-10 08:00,24.41,24.2,24.6,60,1.0
2024-06-10 09:00,24.33,24.0,24.6,50,0.833
2024-06-10 10:00,24.2,24.0,24.4,53,0.883
2024-06-10 11:00,24.05,23.8,24.3,53,0.883
2024-06-10 12:00,23.83,23.6,24.0,58,0.967
2024-06-10 13:00,23.62,23.4,23.9,60,1.0
2024-06-10 14:00,23.39,23.2,23.5,56,0.933
2024-06-10 15:00,23.35,23.1,23.5,48,0.8
2024-06-10 16:00,23.27,23.1,23.5,55,0.917
2024-06-10 17:00,23.27,23.1,23.5,59,0.983
2024-06-10 18:00,23.28,23.1,23.5,60,1.0
2024-06-10 19:00,23.26,23.1,23.4,60,1.0
2024-06-10 20:00,23.28,23.1,23.6,60,1.0
2024-06-10 21:00,23.31,23.1,23.5,60,1.0
2024-06-10 22:00,23.4,23.2,23.6,60,1.0
2024-06-10 23:00,23.51,23.3,23.7,60,1.0
2024-06-11 00:00,23.55,23.4,23.7,60,1.0
2024-06-11 01:00,23.68,23.5,24.0,60,1.0
2024-06-11 02:00,23.68,23.5,23.8,53,0.883
2024-06-11 03:00,23.71,23.5,23.9,60,1.0
2024-06-11 04:00,23.8,23.6,24.0,60,1.0
2024-06-11 05:00,23.94,23.8,24.3,60,1.0
2024-06-11 06:00,24.02,23.8,24.3,60,1.0
2024-06-11 07:00,24.05,23.9,24.3,60,1.0
2024-06-11 08:00,23.99,23.8,24.2,60,1.0
2024-06-11 09:00,23.9,23.6,24.1,60,1.0
2024-06-11 10:00,23.67,23.5,23.9,60,1.0
2024-06-11 11:00,23.54,23.3,23.8,60,1.0
2024-06-11 12:00,23.32,23.2,23.5,60,1.0
2024-06-11 13:00,23.11,22.7,23.4,60,1.0
2024-06-11 14:00,22.69,22.4,23.0,60,1.0
2024-06-11 15:00,22.4,22.2,22.7,60,1.0
2024-06-11 16:00,22.22,22.0,22.5,60,1.0
2024-06-11 17:00,22.11,22.0,22.3,60,1.0
2024-06-11 18:00,22.14,22.0,22.3,60,1.0
2024-06-11 19:00,22.17,22.0,22.5,60,1.0
2024-06-11 20:00,22.11,21.9,22.3,60,1.0
2024-06-11 21:00,21.99,21.8,22.1,60,1.0
2024-06-11 22:00,22.04,21.9,22.2,60,1.0
2024-06-11 23:00,22.14,21.9,22.3,60,1.0
2024-06-12 00:00,22.26,22.1,22.4,60,1.0
2024-06-12 01:00,22.38,22.2,22.5,60,1.0
2024-06-12 02:00,22.46,22.3,22.7,60,1.0
2024-06-12 03:00,22.55,22.3,22.7,60,1.0
2024-06-12 04:00,22.59,22.4,22.8,60,1.0
2024-06-12 05:00,22.73,22.6,22.9,60,1.0
2024-06-12 06:00,22.81,22.6,23.0,60,1.0
2024-06-12 07:00,22.83,22.6,23.0,58,0.967
2024-06-12 08:00,22.73,22.5,22.9,49,0.817
2024-06-12 09:00,22.54,22.3,22.7,60,1.0
2024-06-12 10:00,22.27,22.0,22.6,60,1.0
2024-06-12 11:00,21.89,21.7,22.2,60,1.0
2024-06-12 12:00,21.43,21.1,21.8,60,1.0
2024-06-12 13:00,20.98,20.6,21.2,60,1.0
2024-06-12 14:00,20.6,20.4,20.8,60,1.0
2024-06-12 15:00,20.38,20.2,20.8,60,1.0
2024-06-12 16:00,20.36,20.2,20.5,60,1.0
2024-06-12 17:00,20.24,20.1,20.5,60,1.0
2024-06-12 18:00,20.24,20.1,20.5,60,1.0
2024-06-12 19:00,20.31,20.1,20.5,60,1.0
2024-06-12 20:00,20.35,20.1,20.5,60,1.0
2024-06-12 21:00,20.42,20.2,20.6,60,1.0
2024-06-12 22:00,20.49,20.3,20.6,60,1.0
2024-06-12 23:00,20.65,20.4,20.9,60,1.0
2024-06-13 00:00,20.85,20.6,21.1,60,1.0
2024-06-13 01:00,21.0,20.8,21.2,60,1.0
2024-06-13 02:00,21.14,21.0,21.3,60,1.0
2024-06-13 03:00,21.28,21.1,21.5,60,1.0
2024-06-13 04:00,21.44,21.3,21.6,60,1.0
2024-06-13 05:00,21.53,21.3,21.8,60,1.0
2024-06-13 06:00,21.68,21.5,21.9,60,1.0
2024-06-13 07:00,21.75,21.6,21.9,59,0.983
2024-06-13 08:00,21.7,21.5,21.9,60,1.0
2024-06-13 09:00,21.56,21.4,21.7,60,1.0
2024-06-13 10:00,21.3,21.0,21.7,60,1.0
2024-06-13 11:00,20.89,20.4,21.1,60,1.0
2024-06-13 12:00,20.19,19.8,20.6,60,1.0
2024-06-13 13:00,19.65,19.3,19.9,60,1.0
2024-06-13 14:00,19.25,19.0,19.5,60,1.0
2024-06-13 15:00,19.09,18.9,19.3,60,1.0
2024-06-13 16:00,18.95,18.8,19.1,60,1.0
2024-06-13 17:00,18.97,18.8,19.1,60,1.0
2024-06-13 18:00,19.06,18.8,19.3,60,1.0
2024-06-13 19:00,19.24,19.0,19.4,60,1.0
2024-06-13 20:00,19.23,19.1,19.5,60,1.0
2024-06-13 21:00,19.3,19.1,19.5,60,1.0
2024-06-13 22:00,19.37,19.2,19.5,60,1.0
2024-06-13 23:00,19.47,19.3,19.7,60,1.0
2024-06-14 00:00,19.63,19.5,19.8,60,1.0
2024-06-14 01:00,19.78,19.6,19.9,34,0.567
2024-06-14 08:00,20.35,20.2,20.5,16,0.267
2024-06-14 09:00,20.24,19.9,20.5,59,0.983
2024-06-14 10:00,19.74,19.4,20.0,60,1.0
2024-06-14 11:00,19.28,19.0,19.6,60,1.0
2024-06-14 12:00,18.74,18.4,19.1,60,1.0
2024-06-14 13:00,18.24,18.0,18.6,60,1.0
2024-06-14 14:00,17.95,17.8,18.1,60,1.0
2024-06-14 15:00,17.7,17.5,18.0,60,1.0
2024-06-14 16:00,17.59,17.4,17.7,60,1.0
2024-06-14 17:00,17.68,17.5,17.9,60,1.0
2024-06-14 18:00,17.73,17.6,17.8,60,1.0
2024-06-14 19:00,17.72,17.6,17.9,60,1.0
2024-06-14 20:00,17.84,17.7,18.2,60,1.0
2024-06-14 21:00,18.08,17.8,18.3,60,1.0
2024-06-14 22:00,18.26,18.1,18.5,58,0.967
2024-06-14 23:00,18.47,18.3,18.7,59,0.983
2024-06-15 00:00,18.62,18.4,18.8,60,1.0
2024-06-15 01:00,18.75,18.6,18.9,59,0.983
2024-06-15 02:00,18.76,18.6,18.9,60,1.0
2024-06-15 03:00,18.88,18.7,19.1,60,1.0
2024-06-15 04:00,19.08,18.9,19.3,60,1.0
2024-06-15 05:00,19.21,19.0,19.4,60,1.0
2024-06-15 06:00,19.32,19.1,19.6,60,1.0
2024-06-15 07:00,19.44,19.3,19.6,60,1.0
2024-06-15 08:00,19.46,19.3,19.7,60,1.0
2024-06-15 09:00,19.41,19.2,19.6,60,1.0
2024-06-15 10:00,19.27,19.0,19.6,60,1.0
2024-06-15 11:00,18.99,18.6,19.2,60,1.0
2024-06-15 12:00,18.5,18.1,18.8,60,1.0
2024-06-15 13:00,17.98,17.7,18.2,60,1.0
2024-06-15 14:00,17.68,17.5,17.8,60,1.0
2024-06-15 15:00,17.5,17.4,17.6,42,0.7
2024-06-15 16:00,17.46,17.3,17.6,55,0.917
2024-06-15 17:00,17.52,17.3,17.7,50,0.833
2024-06-15 18:00,17.62,17.4,17.8,56,0.933
2024-06-15 19:00,17.71,17.6,17.8,60,1.0
2024-06-15 20:00,17.8,17.6,18.0,60,1.0
2024-06-15 21:00,17.85,17.7,18.0,60,1.0
2024-06-15 22:00,17.89,17.7,18.1,59,0.983
2024-06-15 23:00,18.07,17.9,18.3,60,1.0
2024-06-16 00:00,18.23,18.1,18.4,60,1.0
2024-06-16 01:00,18.24,18.0,18.6,60,1.0
2024-06-16 02:00,18.19,18.1,18.4,60,1.0
2024-06-16 03:00,18.24,18.1,18.5,60,1.0
2024-06-16 04:00,18.33,18.2,18.5,60,1.0
2024-06-16 05:00,18.44,18.3,18.6,60,1.0
2024-06-16 06:00,18.49,18.3,18.7,60,1.0
2024-06-16 07:00,18.57,18.4,18.8,60,1.0
2024-06-16 08:00,18.48,18.3,18.7,60,1.0
2024-06-16 09:00,18.4,18.2,18.6,60,1.0
2024-06-16 10:00,18.06,17.7,18.5,60,1.0
2024-06-16 11:00,17.49,17.2,17.8,60,1.0
2024-06-16 12:00,17.02,16.6,17.4,60,1.0
2024-06-16 13:00,16.49,16.2,16.8,60,1.0
2024-06-16 14:00,16.13,15.9,16.4,59,0.983
2024-06-16 15:00,16.02,15.9,16.2,60,1.0
2024-06-16 16:00,16.01,15.9,16.2,60,1.0
2024-06-16 17:00,15.96,15.8,16.1,60,1.0
2024-06-16 18:00,15.93,15.8,16.1,59,0.983
2024-06-16 19:00,15.97,15.8,16.3,60,1.0
2024-06-16 20:00,16.04,15.9,16.2,60,1.0
2024-06-16 21:00,16.21,16.0,16.5,60,1.0
2024-06-16 22:00,16.34,16.2,16.5,60,1.0
2024-06-16 23:00,16.4,16.3,16.6,60,1.0
2024-06-17 00:00,16.49,16.3,16.7,60,1.0
2024-06-17 01:00,16.61,16.4,16.9,60,1.0
2024-06-17 02:00,16.74,16.6,16.9,60,1.0
2024-06-17 03:00,16.85,16.7,17.0,60,1.0
2024-06-17 04:00,16.99,16.8,17.2,60,1.0
2024-06-17 05:00,17.04,16.9,17.2,60,1.0
2024-06-17 06:00,17.16,17.0,17.4,60,1.0
2024-06-17 07:00,17.31,17.2,17.5,60,1.0
2024-06-17 08:00,17.34,17.2,17.5,60,1.0
2024-06-17 09:00,17.3,17.1,17.5,60,1.0
2024-06-17 10:00,17.17,17.0,17.4,60,1.0
2024-06-17 11:00,16.88,16.6,17.1,60,1.0
2024-06-17 12:00,16.39,16.1,16.7,60,1.0
2024-06-17 13:00,15.92,15.6,16.2,60,1.0
2024-06-17 14:00,15.58,15.3,15.9,60,1.0
2024-06-17 15:00,15.35,15.2,15.5,60,1.0
2024-06-17 16:00,15.32,15.2,15.5,60,1.0
2024-06-17 17:00,15.32,15.2,15.5,60,1.0
2024-06-17 18:00,15.33,15.2,15.5,60,1.0
2024-06-17 19:00,15.41,15.3,15.6,60,1.0
2024-06-17 20:00,15.58,15.4,15.8,60,1.0
2024-06-17 21:00,15.69,15.5,15.9,60,1.0
2024-06-17 22:00,15.83,15.6,16.0,60,1.0
2024-06-17 23:00,15.92,15.8,16.1,60,1.0
2024-06-18 00:00,16.04,15.9,16.2,60,1.0
2024-06-18 01:00,16.17,16.0,16.3,60,1.0
2024-06-18 02:00,16.3,16.2,16.5,60,1.0
2024-06-18 03:00,16.32,16.2,16.5,60,1.0
2024-06-18 04:00,16.32,16.2,16.5,60,1.0
2024-06-18 05:00,16.47,16.3,16.7,60,1.0
2024-06-18 06:00,16.61,16.5,16.9,60,1.0
2024-06-18 07:00,16.77,16.5,17.0,60,1.0
2024-06-18 08:00,16.76,16.6,16.9,60,1.0
2024-06-18 09:00,16.69,16.5,16.9,60,1.0
2024-06-18 10:00,16.45,16.2,16.7,60,1.0
2024-06-18 11:00,16.08,15.7,16.4,60,1.0
2024-06-18 12:00,15.55,15.2,15.9,60,1.0
2024-06-18 13:00,15.05,14.7,15.3,60,1.0
2024-06-18 14:00,14.71,14.5,15.0,60,1.0
2024-06-18 15:00,14.5,14.3,14.7,57,0.95
2024-06-18 16:00,14.41,14.3,14.6,57,0.95
2024-06-18 17:00,14.45,14.3,14.6,47,0.783
2024-06-18 18:00,14.49,14.3,14.6,58,0.967
2024-06-18 19:00,14.56,14.4,14.7,60,1.0
2024-06-18 20:00,14.64,14.5,14.8,60,1.0
2024-06-18 21:00,14.8,14.6,15.0,60,1.0
2024-06-18 22:00,14.97,14.8,15.3,60,1.0
2024-06-18 23:00,15.08,14.9,15.3,60,1.0
2024-06-19 00:00,15.22,15.1,15.5,60,1.0
2024-06-19 01:00,15.3,15.2,15.5,60,1.0
2024-06-19 02:00,15.43,15.3,15.6,60,1.0
2024-06-19 03:00,15.51,15.4,15.6,60,1.0
2024-06-19 04:00,15.57,15.4,15.7,60,1.0
2024-06-19 05:00,15.58,15.4,15.8,60,1.0
2024-06-19 06:00,15.69,15.5,15.9,60,1.0
2024-06-19 07:00,15.77,15.6,16.0,60,1.0
2024-06-19 08:00,15.72,15.5,15.9,60,1.0
2024-06-19 09:00,15.61,15.4,15.8,60,1.0
2024-06-19 10:00,15.35,15.1,15.6,60,1.0
2024-06-19 11:00,15.06,14.8,15.3,60,1.0
2024-06-19 12:00,14.76,14.6,15.0,60,1.0
2024-06-19 13:00,14.54,14.3,14.7,60,1.0
2024-06-19 14:00,14.37,14.2,14.5,60,1.0
2024-06-19 15:00,14.22,14.1,14.4,60,1.0
2024-06-19 16:00,14.07,13.8,14.2,60,1.0
2024-06-19 17:00,13.97,13.8,14.1,60,1.0
2024-06-19 18:00,13.86,13.7,14.1,60,1.0
2024-06-19 19:00,13.85,13.7,14.0,60,1.0
2024-06-19 20:00,13.84,13.7,14.0,60,1.0
2024-06-19 21:00,13.86,13.7,14.0,60,1.0
2024-06-19 22:00,13.91,13.7,14.1,59,0.983
2024-06-19 23:00,14.02,13.9,14.2,60,1.0
2024-06-20 00:00,14.16,14.0,14.3,60,1.0
2024-06-20 01:00,14.26,14.1,14.4,60,1.0
2024-06-20 02:00,14.35,14.2,14.5,58,0.967
2024-06-20 03:00,14.42,14.3,14.6,60,1.0
2024-06-20 04:00,14.51,14.3,14.7,60,1.0
2024-06-20 05:00,14.59,14.5,14.7,60,1.0
2024-06-20 06:00,14.65,14.5,14.8,60,1.0
2024-06-20 07:00,14.74,14.6,15.0,60,1.0
2024-06-20 08:00,14.67,14.5,14.9,60,1.0
2024-06-20 09:00,14.57,14.4,14.7,60,1.0
2024-06-20 10:00,14.36,14.1,14.6,60,1.0
2024-06-20 11:00,14.08,13.8,14.3,60,1.0
2024-06-20 12:00,13.72,13.4,14.0,60,1.0
2024-06-20 13:00,13.32,13.1,13.6,60,1.0
2024-06-20 14:00,12.99,12.7,13.2,60,1.0
2024-06-20 15:00,12.67,12.5,12.9,59,0.983
2024-06-20 16:00,12.5,12.3,12.7,60,1.0
2024-06-20 17:00,12.44,12.3,12.6,60,1.0
2024-06-20 18:00,12.4,12.3,12.6,60,1.0
2024-06-20 19:00,12.38,12.3,12.5,60,1.0
2024-06-20 20:00,12.4,12.2,12.6,60,1.0
2024-06-20 21:00,12.45,12.3,12.6,60,1.0
2024-06-20 22:00,12.51,12.4,12.7,60,1.0
2024-06-20 23:00,12.57,12.5,12.7,60,1.0
2024-06-21 00:00,12.52,12.3,12.7,60,1.0
2024-06-21 01:00,12.35,12.2,12.5,60,1.0
2024-06-21 02:00,12.42,12.3,12.6,60,1.0
2024-06-21 03:00,12.48,12.3,12.8,60,1.0
2024-06-21 04:00,12.51,12.4,12.7,60,1.0
2024-06-21 05:00,12.55,12.4,12.7,60,1.0
2024-06-21 06:00,12.6,12.4,12.7,60,1.0
2024-06-21 07:00,12.7,12.6,12.8,60,1.0
2024-06-21 08:00,12.66,12.5,12.9,60,1.0
2024-06-21 09:00,12.53,12.3,12.8,60,1.0
2024-06-21 10:00,12.39,12.2,12.6,60,1.0
2024-06-21 11:00,12.11,11.9,12.4,60,1.0
2024-06-21 12:00,11.76,11.5,12.2,60,1.0
2024-06-21 13:00,11.34,11.1,11.6,60,1.0
2024-06-21 14:00,11.05,10.9,11.2,60,1.0
2024-06-21 15:00,10.81,10.6,11.0,60,1.0
2024-06-21 16:00,10.66,10.5,10.8,60,1.0
2024-06-21 17:00,10.61,10.5,10.7,49,0.817
2024-06-21 18:00,10.59,10.5,10.7,34,0.567
2024-06-21 19:00,10.6,10.4,10.8,60,1.0
2024-06-21 20:00,10.66,10.5,10.8,60,1.0
2024-06-21 21:00,10.73,10.6,10.9,60,1.0
2024-06-21 22:00,10.8,10.7,11.1,60,1.0
2024-06-21 23:00,10.86,10.7,11.0,60,1.0
2024-06-22 00:00,10.98,10.8,11.2,60,1.0
2024-06-22 01:00,11.12,11.0,11.3,60,1.0
2024-06-22 02:00,11.26,11.0,11.4,60,1.0
2024-06-22 03:00,11.37,11.2,11.5,60,1.0
2024-06-22 04:00,11.46,11.3,11.6,60,1.0
2024-06-22 05:00,11.54,11.4,11.7,60,1.0
2024-06-22 06:00,11.66,11.5,11.8,60,1.0
2024-06-22 07:00,11.72,11.6,11.9,60,1.0
2024-06-22 08:00,11.68,11.6,11.9,60,1.0
2024-06-22 09:00,11.61,11.4,11.8,60,1.0
2024-06-22 10:00,11.46,11.3,11.6,60,1.0
2024-06-22 11:00,11.31,11.1,11.6,60,1.0
2024-06-22 12:00,11.07,10.9,11.3,60,1.0
2024-06-22 13:00,10.86,10.7,11.1,60,1.0
2024-06-22 14:00,10.6,10.4,10.8,60,1.0
2024-06-22 15:00,10.44,10.3,10.6,51,0.85
2024-06-22 16:00,10.37,10.2,10.6,58,0.967
2024-06-22 17:00,10.31,10.2,10.4,50,0.833
2024-06-22 18:00,10.36,10.2,10.5,54,0.9
2024-06-22 19:00,10.38,10.3,10.5,60,1.0
2024-06-22 20:00,10.38,10.2,10.7,60,1.0
2024-06-22 21:00,10.44,10.3,10.6,59,0.983
2024-06-22 22:00,10.57,10.4,10.7,52,0.867
2024-06-22 23:00,10.72,10.6,11.0,56,0.933
2024-06-23 00:00,10.82,10.7,11.0,60,1.0
2024-06-23 01:00,10.91,10.8,11.1,34,0.567
2024-06-23 18:00,9.36,9.2,9.5,32,0.533
2024-06-23 19:00,9.4,9.3,9.6,60,1.0
2024-06-23 20:00,9.44,9.3,9.6,59,0.983
2024-06-23 21:00,9.54,9.4,9.7,60,1.0
2024-06-23 22:00,9.65,9.5,9.8,60,1.0
2024-06-23 23:00,9.76,9.6,10.0,60,1.0
2024-06-24 00:00,9.9,9.8,10.0,60,1.0
2024-06-24 01:00,10.03,9.9,10.2,60,1.0
2024-06-24 02:00,10.16,10.0,10.3,60,1.0
2024-06-24 03:00,10.25,10.1,10.5,60,1.0
2024-06-24 04:00,10.31,10.2,10.5,60,1.0
2024-06-24 05:00,10.43,10.3,10.6,60,1.0
2024-06-24 06:00,10.46,10.3,10.6,60,1.0
2024-06-24 07:00,10.55,10.4,10.7,60,1.0
2024-06-24 08:00,10.53,10.4,10.7,60,1.0
2024-06-24 09:00,10.41,10.3,10.6,60,1.0
2024-06-24 10:00,10.15,9.9,10.4,60,1.0
2024-06-24 11:00,9.81,9.6,10.1,60,1.0
2024-06-24 12:00,9.38,9.1,9.6,60,1.0
2024-06-24 13:00,9.03,8.8,9.3,60,1.0
2024-06-24 14:00,8.75,8.5,9.0,60,1.0
2024-06-24 15:00,8.53,8.4,8.7,60,1.0
2024-06-24 16:00,8.46,8.3,8.7,60,1.0
2024-06-24 17:00,8.43,8.3,8.5,60,1.0
2024-06-24 18:00,8.47,8.4,8.6,60,1.0
2024-06-24 19:00,8.53,8.4,8.7,60,1.0
2024-06-24 20:00,8.56,8.4,8.7,60,1.0
2024-06-24 21:00,8.61,8.5,8.8,60,1.0
2024-06-24 22:00,8.68,8.6,8.9,60,1.0
2024-06-24 23:00,8.76,8.6,9.0,60,1.0
2024-06-25 00:00,8.84,8.7,9.1,60,1.0
2024-06-25 01:00,8.92,8.8,9.1,60,1.0
2024-06-25 02:00,9.01,8.9,9.2,60,1.0
2024-06-25 03:00,9.09,8.9,9.3,60,1.0
2024-06-25 04:00,9.19,9.0,9.3,60,1.0
2024-06-25 05:00,9.25,9.1,9.4,60,1.0
2024-06-25 06:00,9.31,9.2,9.5,60,1.0
2024-06-25 07:00,9.38,9.2,9.5,59,0.983
2024-06-25 08:00,9.43,9.3,9.6,60,1.0
2024-06-25 09:00,9.39,9.3,9.5,60,1.0
2024-06-25 10:00,9.38,9.3,9.7,60,1.0
2024-06-25 11:00,9.62,9.4,9.8,60,1.0
2024-06-25 12:00,9.72,9.5,9.8,60,1.0
2024-06-25 13:00,9.73,9.6,9.9,60,1.0
2024-06-25 14:00,9.75,9.6,9.9,60,1.0
2024-06-25 15:00,9.79,9.7,10.0,60,1.0
2024-06-25 16:00,9.85,9.7,10.0,60,1.0
2024-06-25 17:00,9.95,9.8,10.1,60,1.0
2024-06-25 18:00,10.01,9.9,10.2,60,1.0
2024-06-25 19:00,10.04,9.9,10.2,60,1.0
2024-06-25 20:00,10.07,9.9,10.3,59,0.983
2024-06-25 21:00,10.07,9.9,10.2,60,1.0
2024-06-25 22:00,10.13,10.0,10.3,60,1.0
2024-06-25 23:00,10.21,10.0,10.3,60,1.0
2024-06-26 00:00,10.24,10.1,10.4,60,1.0
2024-06-26 01:00,10.28,10.1,10.4,60,1.0
2024-06-26 02:00,10.31,10.2,10.5,60,1.0
2024-06-26 03:00,10.32,10.2,10.5,60,1.0
2024-06-26 04:00,10.36,10.2,10.5,60,1.0
2024-06-26 05:00,10.4,10.2,10.8,60,1.0
2024-06-26 06:00,10.41,10.3,10.6,60,1.0
2024-06-26 07:00,10.44,10.3,10.6,60,1.0
2024-06-26 08:00,10.4,10.2,10.6,60,1.0
2024-06-26 09:00,10.3,10.1,10.5,60,1.0
2024-06-26 10:00,10.08,9.9,10.3,60,1.0
2024-06-26 11:00,9.78,9.5,10.0,60,1.0
2024-06-26 12:00,9.37,9.1,9.6,60,1.0
2024-06-26 13:00,8.96,8.7,9.2,60,1.0
2024-06-26 14:00,8.69,8.5,8.9,60,1.0
2024-06-26 15:00,8.48,8.3,8.7,60,1.0
2024-06-26 16:00,8.41,8.3,8.6,59,0.983
2024-06-26 17:00,8.41,8.3,8.6,60,1.0
2024-06-26 18:00,8.43,8.3,8.6,60,1.0
2024-06-26 19:00,8.51,8.3,8.7,59,0.983
2024-06-26 20:00,8.58,8.4,8.7,60,1.0
2024-06-26 21:00,8.64,8.5,8.9,60,1.0
2024-06-26 22:00,8.76,8.6,9.0,60,1.0
2024-06-26 23:00,8.89,8.7,9.1,60,1.0
2024-06-27 00:00,9.01,8.9,9.2,60,1.0
2024-06-27 01:00,9.17,9.0,9.4,60,1.0
2024-06-27 02:00,9.29,9.1,9.5,48,0.8
2024-06-27 03:00,9.43,9.3,9.6,51,0.85
2024-06-27 04:00,9.53,9.4,9.8,56,0.933
2024-06-27 05:00,9.65,9.5,9.8,60,1.0
2024-06-27 06:00,9.77,9.6,10.2,60,1.0
2024-06-27 07:00,9.9,9.8,10.3,60,1.0
2024-06-27 08:00,9.94,9.8,10.1,60,1.0
2024-06-27 09:00,9.92,9.8,10.1,60,1.0
2024-06-27 10:00,9.77,9.5,9.9,60,1.0
2024-06-27 11:00,9.51,9.2,9.8,60,1.0
2024-06-27 12:00,9.1,8.9,9.3,60,1.0
2024-06-27 13:00,8.71,8.5,9.0,60,1.0
2024-06-27 14:00,8.45,8.3,8.6,60,1.0
2024-06-27 15:00,8.24,8.1,8.4,60,1.0
2024-06-27 16:00,8.17,8.0,8.4,60,1.0
2024-06-27 17:00,8.14,8.0,8.3,60,1.0
2024-06-27 18:00,8.17,8.1,8.3,60,1.0
2024-06-27 19:00,8.22,8.1,8.4,60,1.0
2024-06-27 20:00,8.28,8.1,8.5,60,1.0
2024-06-27 21:00,8.34,8.2,8.4,60,1.0
2024-06-27 22:00,8.44,8.3,8.6,60,1.0
2024-06-27 23:00,8.53,8.4,8.7,60,1.0
2024-06-28 00:00,8.67,8.5,8.9,60,1.0
2024-06-28 01:00,8.8,8.6,8.9,60,1.0
2024-06-28 02:00,8.94,8.8,9.1,60,1.0
2024-06-28 03:00,9.06,8.9,9.2,60,1.0
2024-06-28 04:00,9.18,9.0,9.3,60,1.0
2024-06-28 05:00,9.28,9.1,9.5,60,1.0
2024-06-28 06:00,9.36,9.2,9.5,60,1.0
2024-06-28 07:00,9.51,9.3,9.7,60,1.0
2024-06-28 08:00,9.54,9.4,9.7,60,1.0
2024-06-28 09:00,9.49,9.3,9.8,60,1.0
2024-06-28 10:00,9.24,9.1,9.5,60,1.0
2024-06-28 11:00,8.94,8.7,9.2,60,1.0
2024-06-28 12:00,8.53,8.2,8.8,60,1.0
2024-06-28 13:00,8.09,7.9,8.4,60,1.0
2024-06-28 14:00,7.82,7.6,8.0,60,1.0
2024-06-28 15:00,7.64,7.5,7.8,60,1.0
2024-06-28 16:00,7.58,7.4,7.8,58,0.967
2024-06-28 17:00,7.58,7.4,7.7,60,1.0
2024-06-28 18:00,7.61,7.5,7.7,60,1.0
2024-06-28 19:00,7.64,7.5,7.8,60,1.0
2024-06-28 20:00,7.7,7.5,7.8,60,1.0
2024-06-28 21:00,7.78,7.6,8.0,60,1.0
2024-06-28 22:00,7.87,7.7,8.0,60,1.0
2024-06-28 23:00,7.96,7.8,8.2,60,1.0
2024-06-29 00:00,8.06,7.9,8.2,60,1.0
2024-06-29 01:00,8.16,8.0,8.4,60,1.0
2024-06-29 02:00,8.32,8.1,8.5,60,1.0
2024-06-29 03:00,8.43,8.2,8.6,60,1.0
2024-06-29 04:00,8.56,8.4,8.7,60,1.0
2024-06-29 05:00,8.66,8.5,9.0,60,1.0
2024-06-29 06:00,8.76,8.6,9.0,60,1.0
2024-06-29 07:00,8.86,8.7,9.0,60,1.0
2024-06-29 08:00,8.9,8.8,9.1,60,1.0
2024-06-29 09:00,8.78,8.6,9.0,60,1.0
2024-06-29 10:00,8.56,8.4,8.8,60,1.0
2024-06-29 11:00,8.18,7.9,8.5,60,1.0
2024-06-29 12:00,7.71,7.4,8.2,60,1.0
2024-06-29 13:00,7.22,6.9,7.5,60,1.0
2024-06-29 14:00,6.86,6.7,7.1,59,0.983
2024-06-29 15:00,6.66,6.5,6.9,60,1.0
2024-06-29 16:00,6.55,6.4,6.7,60,1.0
2024-06-29 17:00,6.52,6.4,6.6,60,1.0
2024-06-29 18:00,6.47,6.3,6.7,60,1.0
2024-06-29 19:00,6.48,6.4,6.6,60,1.0
2024-06-29 20:00,6.49,6.4,6.6,60,1.0
2024-06-29 21:00,6.56,6.4,6.7,60,1.0
2024-06-29 22:00,6.65,6.5,6.8,60,1.0
2024-06-29 23:00,6.74,6.6,6.9,60,1.0
2024-06-30 00:00,6.85,6.7,7.0,60,1.0
2024-06-30 01:00,6.96,6.8,7.1,60,1.0
2024-06-30 02:00,7.06,6.9,7.2,60,1.0
2024-06-30 03:00,7.14,7.0,7.3,60,1.0
2024-06-30 04:00,7.25,7.1,7.4,60,1.0
2024-06-30 05:00,7.32,7.2,7.4,60,1.0
2024-06-30 06:00,7.45,7.3,7.6,60,1.0
2024-06-30 07:00,7.5,7.4,7.6,60,1.0
2024-06-30 08:00,7.5,7.4,7.7,60,1.0
2024-06-30 09:00,7.39,7.2,7.6,60,1.0
2024-06-30 10:00,7.14,6.9,7.4,60,1.0
2024-06-30 11:00,6.85,6.6,7.1,60,1.0
2024-06-30 12:00,6.48,6.2,6.8,60,1.0
2024-06-30 13:00,6.05,5.8,6.3,60,1.0
2024-06-30 14:00,5.74,5.5,6.0,60,1.0
2024-06-30 15:00,5.58,5.4,5.7,60,1.0
2024-06-30 16:00,5.47,5.3,5.6,60,1.0
2024-06-30 17:00,5.44,5.3,5.6,60,1.0
2024-06-30 18:00,5.45,5.3,5.6,59,0.983
2024-06-30 19:00,5.46,5.3,5.6,60,1.0
2024-06-30 20:00,5.49,5.4,5.6,60,1.0
2024-06-30 21:00,5.56,5.4,5.7,59,0.983
2024-06-30 22:00,5.67,5.5,5.8,60,1.0
2024-06-30 23:00,5.78,5.6,6.0,60,1.0
2024-07-01 00:00,5.92,5.8,6.1,60,1.0
2024-07-01 01:00,6.01,5.9,6.1,60,1.0
2024-07-01 02:00,6.11,5.9,6.3,60,1.0
2024-07-01 03:00,6.18,6.0,6.3,60,1.0
2024-07-01 04:00,6.28,6.1,6.4,60,1.0
2024-07-01 05:00,6.36,6.2,6.5,60,1.0
2024-07-01 06:00,6.44,6.3,6.6,60,1.0
2024-07-01 07:00,6.49,6.4,6.7,60,1.0
2024-07-01 08:00,6.48,6.3,6.8,59,0.983
2024-07-01 09:00,6.39,6.3,6.5,60,1.0
2024-07-01 10:00,6.23,6.1,6.4,60,1.0
2024-07-01 11:00,6.01,5.8,6.2,60,1.0
2024-07-01 12:00,5.67,5.4,6.0,60,1.0
2024-07-01 13:00,5.37,5.1,5.7,60,1.0
2024-07-01 14:00,5.05,4.8,5.2,60,1.0
2024-07-01 15:00,4.89,4.7,5.0,60,1.0
2024-07-01 16:00,4.77,4.6,4.9,60,1.0
2024-07-01 17:00,4.69,4.5,4.8,60,1.0
2024-07-01 18:00,4.66,4.5,4.8,60,1.0
2024-07-01 19:00,4.65,4.5,4.8,60,1.0
2024-07-01 20:00,4.66,4.5,4.8,60,1.0
2024-07-01 21:00,4.69,4.5,4.9,60,1.0
2024-07-01 22:00,4.78,4.6,4.9,60,1.0
2024-07-01 23:00,4.88,4.7,5.0,60,1.0
2024-07-02 00:00,4.96,4.8,5.1,59,0.983
2024-07-02 01:00,5.03,4.9,5.2,60,1.0
2024-07-02 02:00,5.12,5.0,5.4,60,1.0
2024-07-02 03:00,5.19,5.0,5.4,51,0.85
2024-07-02 04:00,5.2,4.8,5.4,47,0.783
2024-07-02 08:00,5.63,5.5,5.8,20,0.333
2024-07-02 09:00,5.55,5.4,5.7,60,1.0
2024-07-02 10:00,5.38,5.2,5.6,60,1.0
2024-07-02 11:00,5.04,4.8,5.3,60,1.0
2024-07-02 12:00,4.62,4.4,4.9,60,1.0
2024-07-02 13:00,4.19,3.9,4.4,60,1.0
2024-07-02 14:00,3.86,3.7,4.1,60,1.0
2024-07-02 15:00,3.72,3.6,3.8,60,1.0
2024-07-02 16:00,3.65,3.5,3.8,60,1.0
2024-07-02 17:00,3.68,3.5,3.8,60,1.0
2024-07-02 18:00,3.7,3.6,3.9,60,1.0
2024-07-02 19:00,3.75,3.6,3.9,60,1.0
2024-07-02 20:00,3.81,3.7,4.0,60,1.0
2024-07-02 21:00,3.9,3.7,4.0,60,1.0
2024-07-02 22:00,3.99,3.8,4.1,60,1.0
2024-07-02 23:00,4.08,3.9,4.3,60,1.0
2024-07-03 00:00,4.22,4.0,4.4,60,1.0
2024-07-03 01:00,4.32,4.2,4.5,60,1.0
2024-07-03 02:00,4.45,4.3,4.6,60,1.0
2024-07-03 03:00,4.56,4.4,4.8,60,1.0
2024-07-03 04:00,4.67,4.5,4.8,60,1.0
2024-07-03 05:00,4.76,4.6,4.9,60,1.0
2024-07-03 06:00,4.92,4.7,5.0,60,1.0
2024-07-03 07:00,5.04,4.9,5.2,60,1.0
2024-07-03 08:00,5.14,5.0,5.3,60,1.0
2024-07-03 09:00,5.09,5.0,5.2,60,1.0
2024-07-03 10:00,4.92,4.7,5.1,60,1.0
2024-07-03 11:00,4.62,4.4,4.9,60,1.0
2024-07-03 12:00,4.37,4.2,4.8,60,1.0
2024-07-03 13:00,4.14,4.0,4.5,60,1.0
2024-07-03 14:00,3.98,3.8,4.1,60,1.0
2024-07-03 15:00,3.91,3.8,4.3,44,0.733
2024-07-03 16:00,4.25,4.0,4.5,59,0.983
2024-07-03 17:00,4.26,4.1,4.6,60,1.0
2024-07-03 18:00,4.15,3.9,4.4,60,1.0
2024-07-03 19:00,3.86,3.6,4.1,60,1.0
2024-07-03 20:00,3.7,3.5,3.8,60,1.0
2024-07-03 21:00,3.52,3.4,3.7,60,1.0
2024-07-03 22:00,3.46,3.3,3.6,59,0.983
2024-07-03 23:00,3.48,3.3,3.6,60,1.0
2024-07-04 00:00,3.71,3.4,4.1,60,1.0
2024-07-04 01:00,4.14,3.9,4.4,60,1.0
2024-07-04 02:00,4.32,4.1,4.6,60,1.0
2024-07-04 03:00,4.52,4.4,4.7,58,0.967
2024-07-04 04:00,4.7,4.5,4.9,60,1.0
2024-07-04 05:00,4.9,4.7,5.1,60,1.0
2024-07-04 06:00,5.08,4.8,5.3,56,0.933
2024-07-04 07:00,5.28,5.0,5.5,46,0.767
2024-07-04 08:00,5.37,5.3,5.5,46,0.767
2024-07-04 09:00,5.34,5.1,5.5,49,0.817
2024-07-04 10:00,5.17,5.0,5.4,60,1.0
2024-07-04 11:00,4.89,4.6,5.1,59,0.983
2024-07-04 12:00,4.49,4.2,4.8,60,1.0
2024-07-04 13:00,4.16,3.9,4.6,60,1.0
2024-07-04 14:00,3.89,3.7,4.2,60,1.0
2024-07-04 15:00,3.73,3.5,3.9,60,1.0
2024-07-04 16:00,3.6,3.4,3.8,60,1.0
2024-07-04 17:00,3.48,3.3,3.6,60,1.0
2024-07-04 18:00,3.38,3.3,3.6,60,1.0
2024-07-04 19:00,3.32,3.2,3.5,60,1.0
2024-07-04 20:00,3.28,3.2,3.5,60,1.0
2024-07-04 21:00,3.32,3.2,3.5,60,1.0
2024-07-04 22:00,3.46,3.3,3.7,60,1.0
2024-07-04 23:00,3.6,3.4,3.9,60,1.0
2024-07-05 00:00,3.78,3.5,4.0,60,1.0
2024-07-05 01:00,4.07,3.8,4.3,60,1.0
2024-07-05 02:00,4.32,4.1,4.5,60,1.0
2024-07-05 03:00,4.61,4.4,4.8,60,1.0
2024-07-05 04:00,4.85,4.6,5.1,60,1.0
2024-07-05 05:00,5.09,4.9,5.3,60,1.0
2024-07-05 06:00,5.37,5.1,5.6,60,1.0
2024-07-05 07:00,5.65,5.4,5.9,60,1.0
2024-07-05 08:00,5.86,5.7,6.1,60,1.0
2024-07-05 09:00,5.87,5.7,6.0,60,1.0
2024-07-05 10:00,5.69,5.4,5.9,60,1.0
2024-07-05 11:00,5.34,5.0,5.6,60,1.0
2024-07-05 12:00,4.79,4.4,5.3,60,1.0
2024-07-05 13:00,4.16,3.8,4.5,60,1.0
2024-07-05 14:00,3.62,3.4,3.9,60,1.0
2024-07-05 15:00,3.28,3.1,3.6,60,1.0
2024-07-05 16:00,3.09,2.9,3.3,60,1.0
2024-07-05 17:00,2.97,2.8,3.1,60,1.0
2024-07-05 18:00,2.85,2.7,3.0,60,1.0
2024-07-05 19:00,2.78,2.6,2.9,60,1.0
2024-07-05 20:00,2.73,2.5,2.9,60,1.0
2024-07-05 21:00,2.7,2.6,2.9,60,1.0
2024-07-05 22:00,2.7,2.5,2.9,60,1.0
2024-07-05 23:00,2.51,2.2,2.9,60,1.0
2024-07-06 00:00,1.44,0.3,2.2,51,0.85
2024-07-06 01:00,0.43,0.3,0.6,49,0.817
2024-07-06 02:00,0.42,0.3,0.7,57,0.95
2024-07-06 03:00,0.36,0.3,0.5,44,0.733
2024-07-06 04:00,0.38,0.3,0.5,47,0.783
2024-07-06 05:00,0.38,0.3,0.5,58,0.967
2024-07-06 06:00,0.39,0.2,0.5,60,1.0
2024-07-06 07:00,0.4,0.2,0.8,60,1.0
2024-07-06 08:00,0.37,0.3,0.5,60,1.0
2024-07-06 09:00,0.41,0.3,0.5,60,1.0
2024-07-06 10:00,0.38,0.3,0.5,59,0.983
2024-07-06 11:00,0.39,0.3,0.5,59,0.983
2024-07-06 12:00,0.38,0.3,0.6,60,1.0
2024-07-06 13:00,0.38,0.2,0.6,60,1.0
2024-07-06 14:00,0.37,0.2,0.6,60,1.0
2024-07-06 15:00,0.36,0.2,0.5,60,1.0
2024-07-06 16:00,0.36,0.2,0.5,60,1.0
2024-07-06 17:00,0.37,0.3,0.5,60,1.0
2024-07-06 18:00,0.36,0.3,0.5,60,1.0
2024-07-06 19:00,0.36,0.2,0.5,60,1.0
2024-07-06 20:00,0.36,0.3,0.5,60,1.0
2024-07-06 21:00,0.36,0.2,0.5,60,1.0
2024-07-06 22:00,0.35,0.2,0.5,60,1.0
2024-07-06 23:00,0.35,0.2,0.5,60,1.0
2024-07-07 00:00,0.36,0.2,0.6,60,1.0
2024-07-07 01:00,0.36,0.3,0.5,60,1.0
2024-07-07 02:00,0.36,0.3,0.5,60,1.0
2024-07-07 03:00,0.35,0.2,0.5,60,1.0
2024-07-07 04:00,0.36,0.3,0.5,60,1.0
2024-07-07 05:00,0.37,0.2,0.5,60,1.0
2024-07-07 06:00,0.36,0.2,0.5,60,1.0
2024-07-07 07:00,0.38,0.3,0.5,60,1.0
2024-07-07 08:00,0.37,0.3,0.5,60,1.0
2024-07-07 09:00,0.39,0.2,0.7,60,1.0
2024-07-07 10:00,0.38,0.2,0.5,60,1.0
2024-07-07 11:00,0.38,0.3,0.5,60,1.0
2024-07-07 12:00,0.37,0.3,0.5,60,1.0
2024-07-07 13:00,0.38,0.3,0.8,60,1.0
2024-07-07 14:00,0.36,0.3,0.5,60,1.0
2024-07-07 15:00,0.36,0.3,0.5,60,1.0
2024-07-07 16:00,0.36,0.3,0.5,60,1.0
2024-07-07 17:00,0.37,0.3,0.6,60,1.0
2024-07-07 18:00,0.37,0.2,0.5,60,1.0
2024-07-07 19:00,0.36,0.3,0.5,60,1.0
2024-07-07 20:00,0.34,0.2,0.5,60,1.0
2024-07-07 21:00,0.36,0.3,0.5,60,1.0
2024-07-07 22:00,0.36,0.2,0.5,60,1.0
2024-07-07 23:00,0.35,0.2,0.5,47,0.783
2024-07-08 00:00,0.35,0.2,0.5,53,0.883
2024-07-08 01:00,0.35,0.2,0.7,51,0.85
2024-07-08 02:00,0.35,0.2,0.6,54,0.9
2024-07-08 03:00,0.35,0.3,0.6,53,0.883
2024-07-08 04:00,0.36,0.2,0.6,55,0.917
2024-07-08 05:00,0.35,0.2,0.5,60,1.0
2024-07-08 06:00,0.34,0.2,0.5,59,0.983
2024-07-08 07:00,0.37,0.3,0.5,59,0.983
2024-07-08 08:00,0.38,0.2,0.6,60,1.0
2024-07-08 09:00,0.4,0.3,0.5,60,1.0
2024-07-08 10:00,0.38,0.3,0.5,59,0.983
2024-07-08 11:00,0.38,0.3,0.5,60,1.0
2024-07-08 12:00,0.38,0.3,0.5,60,1.0
2024-07-08 13:00,0.37,0.3,0.5,60,1.0
2024-07-08 14:00,0.36,0.3,0.5,60,1.0
2024-07-08 15:00,0.37,0.3,0.5,60,1.0
2024-07-08 16:00,0.36,0.2,0.5,60,1.0
2024-07-08 17:00,0.36,0.3,0.5,60,1.0
2024-07-08 18:00,0.37,0.3,0.5,60,1.0
2024-07-08 19:00,0.35,0.2,0.5,60,1.0
2024-07-08 20:00,0.37,0.2,0.5,60,1.0
2024-07-08 21:00,0.36,0.3,0.5,60,1.0
2024-07-08 22:00,0.36,0.2,0.5,60,1.0
2024-07-08 23:00,0.37,0.3,0.5,60,1.0
2024-07-09 00:00,0.36,0.2,0.5,60,1.0
2024-07-09 01:00,0.35,0.3,0.5,60,1.0
2024-07-09 02:00,0.37,0.2,0.6,60,1.0
2024-07-09 03:00,0.35,0.3,0.5,60,1.0
2024-07-09 04:00,0.36,0.2,0.6,60,1.0
2024-07-09 05:00,0.37,0.3,0.5,60,1.0
2024-07-09 06:00,0.38,0.3,0.6,60,1.0
2024-07-09 07:00,0.36,0.2,0.7,60,1.0
2024-07-09 08:00,0.39,0.3,0.5,60,1.0
2024-07-09 09:00,0.38,0.3,0.5,60,1.0
2024-07-09 10:00,0.38,0.3,0.5,60,1.0
2024-07-09 11:00,0.4,0.3,0.5,60,1.0
2024-07-09 12:00,0.37,0.2,0.5,60,1.0
2024-07-09 13:00,0.36,0.3,0.5,60,1.0
2024-07-09 14:00,0.37,0.3,0.5,60,1.0
2024-07-09 15:00,0.35,0.2,0.5,60,1.0
2024-07-09 16:00,0.36,0.2,0.5,60,1.0
2024-07-09 17:00,0.36,0.3,0.5,60,1.0
2024-07-09 18:00,0.37,0.2,0.5,60,1.0
2024-07-09 19:00,0.38,0.3,0.5,60,1.0
2024-07-09 20:00,0.36,0.3,0.5,53,0.883
2024-07-09 21:00,0.36,0.3,0.5,50,0.833
2024-07-09 22:00,0.36,0.3,0.5,60,1.0
2024-07-09 23:00,0.36,0.3,0.6,60,1.0
2024-07-10 00:00,0.36,0.3,0.5,60,1.0
2024-07-10 01:00,0.36,0.2,0.5,60,1.0
2024-07-10 02:00,0.35,0.2,0.5,45,0.75
2024-07-10 03:00,0.35,0.2,0.5,54,0.9
2024-07-10 04:00,0.36,0.3,0.5,60,1.0
2024-07-10 05:00,0.35,0.2,0.6,60,1.0
2024-07-10 06:00,0.36,0.2,0.5,60,1.0
2024-07-10 07:00,0.38,0.2,0.6,60,1.0
2024-07-10 08:00,0.39,0.3,0.5,60,1.0
2024-07-10 09:00,0.38,0.3,0.5,60,1.0
2024-07-10 10:00,0.39,0.3,0.5,60,1.0
2024-07-10 11:00,0.38,0.3,0.5,60,1.0
2024-07-10 12:00,0.37,0.3,0.5,60,1.0
2024-07-10 13:00,0.39,0.3,0.6,60,1.0
2024-07-10 14:00,0.38,0.2,0.7,60,1.0
2024-07-10 15:00,0.36,0.3,0.5,60,1.0
2024-07-10 16:00,0.36,0.3,0.4,59,0.983
2024-07-10 17:00,0.37,0.3,0.5,60,1.0
2024-07-10 18:00,0.36,0.3,0.5,60,1.0
2024-07-10 19:00,0.36,0.3,0.5,60,1.0
2024-07-10 20:00,0.37,0.3,0.5,60,1.0
2024-07-10 21:00,0.36,0.3,0.5,60,1.0
2024-07-10 22:00,0.36,0.2,0.5,60,1.0
2024-07-10 23:00,0.36,0.3,0.5,59,0.983
2024-07-11 00:00,0.37,0.3,0.5,60,1.0
2024-07-11 01:00,0.37,0.2,0.7,60,1.0
2024-07-11 02:00,0.36,0.2,0.6,60,1.0
2024-07-11 03:00,0.36,0.2,0.5,59,0.983
2024-07-11 04:00,0.37,0.3,0.5,59,0.983
2024-07-11 05:00,0.36,0.2,0.5,59,0.983
2024-07-11 06:00,0.35,0.2,0.5,60,1.0
2024-07-11 07:00,0.38,0.3,0.5,60,1.0
2024-07-11 08:00,0.38,0.3,0.6,60,1.0
2024-07-11 09:00,0.39,0.3,0.6,60,1.0
2024-07-11 10:00,0.39,0.3,0.5,60,1.0
2024-07-11 11:00,0.39,0.3,0.5,60,1.0
2024-07-11 12:00,0.39,0.3,0.5,60,1.0
2024-07-11 13:00,0.39,0.3,0.7,60,1.0
2024-07-11 14:00,0.38,0.3,0.5,60,1.0
2024-07-11 15:00,0.38,0.3,0.5,60,1.0
2024-07-11 16:00,0.38,0.3,0.5,60,1.0
2024-07-11 17:00,0.36,0.2,0.5,60,1.0
2024-07-11 18:00,0.36,0.3,0.5,60,1.0
2024-07-11 19:00,0.37,0.3,0.5,60,1.0
2024-07-11 20:00,0.37,0.3,0.7,60,1.0
2024-07-11 21:00,0.35,0.2,0.5,60,1.0
2024-07-11 22:00,0.35,0.2,0.5,60,1.0
2024-07-11 23:00,0.37,0.2,0.5,60,1.0
2024-07-12 00:00,0.37,0.3,0.5,60,1.0
2024-07-12 01:00,0.36,0.2,0.5,60,1.0
2024-07-12 02:00,0.36,0.2,0.5,60,1.0
2024-07-12 03:00,0.35,0.2,0.5,60,1.0
2024-07-12 04:00,0.36,0.2,0.5,60,1.0
2024-07-12 05:00,0.36,0.2,0.5,60,1.0
2024-07-12 06:00,0.36,0.2,0.6,60,1.0
2024-07-12 07:00,0.37,0.3,0.5,60,1.0
2024-07-12 08:00,0.38,0.3,0.5,60,1.0
2024-07-12 09:00,0.39,0.3,0.5,60,1.0
2024-07-12 10:00,0.38,0.3,0.5,60,1.0
2024-07-12 11:00,0.37,0.3,0.5,60,1.0
2024-07-12 12:00,0.39,0.3,0.6,48,0.8
2024-07-12 13:00,0.38,0.3,0.5,56,0.933
2024-07-12 14:00,0.37,0.3,0.5,59,0.983
2024-07-12 15:00,0.36,0.3,0.5,60,1.0
2024-07-12 16:00,0.37,0.2,0.5,60,1.0
2024-07-12 17:00,0.37,0.3,0.5,60,1.0
2024-07-12 18:00,0.37,0.3,0.5,60,1.0
2024-07-12 19:00,0.37,0.2,0.5,60,1.0
2024-07-12 20:00,0.36,0.3,0.5,60,1.0
2024-07-12 21:00,0.35,0.3,0.5,60,1.0
2024-07-12 22:00,0.35,0.2,0.5,60,1.0
2024-07-12 23:00,0.35,0.2,0.5,60,1.0
2024-07-13 00:00,0.36,0.2,0.5,60,1.0
2024-07-13 01:00,0.37,0.2,0.5,60,1.0
2024-07-13 02:00,0.37,0.3,0.5,60,1.0
2024-07-13 03:00,0.36,0.2,0.5,60,1.0
2024-07-13 04:00,0.36,0.2,0.5,60,1.0
2024-07-13 05:00,0.37,0.2,0.5,60,1.0
2024-07-13 06:00,0.36,0.2,0.6,60,1.0
2024-07-13 07:00,0.36,0.3,0.5,60,1.0
2024-07-13 08:00,0.39,0.3,0.5,60,1.0
2024-07-13 09:00,0.38,0.3,0.5,60,1.0
2024-07-13 10:00,0.39,0.3,0.5,60,1.0
2024-07-13 11:00,0.41,0.3,0.7,60,1.0
2024-07-13 12:00,0.37,0.3,0.5,60,1.0
2024-07-13 13:00,0.38,0.3,0.5,60,1.0
2024-07-13 14:00,0.39,0.3,0.5,60,1.0
2024-07-13 15:00,0.37,0.3,0.6,60,1.0
2024-07-13 16:00,0.38,0.3,0.5,60,1.0
2024-07-13 17:00,0.37,0.3,0.6,60,1.0
2024-07-13 18:00,0.38,0.3,0.5,60,1.0
2024-07-13 19:00,0.37,0.3,0.5,60,1.0
2024-07-13 20:00,0.36,0.3,0.5,60,1.0
2024-07-13 21:00,0.36,0.2,0.5,60,1.0
2024-07-13 22:00,0.36,0.2,0.7,60,1.0
2024-07-13 23:00,0.35,0.3,0.4,60,1.0
2024-07-14 00:00,0.36,0.3,0.5,60,1.0
2024-07-14 01:00,0.37,0.2,0.7,60,1.0
2024-07-14 02:00,0.36,0.2,0.5,60,1.0
2024-07-14 03:00,0.36,0.2,0.5,60,1.0
2024-07-14 04:00,0.34,0.3,0.5,60,1.0
2024-07-14 05:00,0.35,0.2,0.5,60,1.0
2024-07-14 06:00,0.35,0.2,0.5,60,1.0
2024-07-14 07:00,0.37,0.3,0.5,60,1.0
2024-07-14 08:00,0.38,0.3,0.5,60,1.0
2024-07-14 09:00,0.38,0.3,0.5,60,1.0
2024-07-14 10:00,0.38,0.3,0.5,60,1.0
2024-07-14 11:00,0.38,0.3,0.7,60,1.0
2024-07-14 12:00,0.38,0.3,0.5,56,0.933
2024-07-14 13:00,0.37,0.3,0.5,55,0.917
2024-07-14 14:00,0.38,0.3,0.5,47,0.783
2024-07-14 15:00,0.38,0.3,0.5,58,0.967
2024-07-14 16:00,0.36,0.2,0.5,53,0.883
2024-07-14 17:00,0.37,0.3,0.5,44,0.733
2024-07-14 18:00,0.35,0.3,0.5,59,0.983
2024-07-14 19:00,0.36,0.3,0.5,60,1.0
2024-07-14 20:00,0.36,0.3,0.5,60,1.0
2024-07-14 21:00,0.36,0.3,0.5,60,1.0
2024-07-14 22:00,0.35,0.3,0.5,60,1.0
2024-07-14 23:00,0.37,0.2,0.5,60,1.0
2024-07-15 00:00,0.35,0.2,0.5,60,1.0
2024-07-15 01:00,0.38,0.2,0.7,60,1.0
2024-07-15 02:00,0.36,0.2,0.5,60,1.0
2024-07-15 03:00,0.36,0.3,0.5,60,1.0
2024-07-15 04:00,0.35,0.3,0.5,60,1.0
2024-07-15 05:00,0.36,0.3,0.5,60,1.0
2024-07-15 06:00,0.35,0.3,0.5,60,1.0
2024-07-15 07:00,0.38,0.2,0.6,60,1.0
2024-07-15 08:00,0.39,0.2,0.5,60,1.0
2024-07-15 09:00,0.38,0.3,0.5,60,1.0
2024-07-15 10:00,0.38,0.3,0.5,60,1.0
2024-07-15 11:00,0.38,0.3,0.6,60,1.0
2024-07-15 12:00,0.37,0.3,0.5,60,1.0
2024-07-15 13:00,0.36,0.3,0.5,60,1.0
2024-07-15 14:00,0.39,0.3,0.5,60,1.0
2024-07-15 15:00,0.36,0.2,0.6,60,1.0
2024-07-15 16:00,0.35,0.3,0.5,60,1.0
2024-07-15 17:00,0.36,0.3,0.5,60,1.0
2024-07-15 18:00,0.37,0.3,0.5,60,1.0
2024-07-15 19:00,0.38,0.3,0.6,60,1.0
2024-07-15 20:00,0.37,0.3,0.5,60,1.0
2024-07-15 21:00,0.37,0.3,0.5,60,1.0
2024-07-15 22:00,0.37,0.3,0.7,60,1.0
2024-07-15 23:00,0.36,0.2,0.5,60,1.0
2024-07-16 00:00,0.36,0.2,0.5,60,1.0
2024-07-16 01:00,0.35,0.3,0.4,60,1.0
2024-07-16 02:00,0.36,0.2,0.5,60,1.0
2024-07-16 03:00,0.37,0.3,0.5,60,1.0
2024-07-16 04:00,0.37,0.3,0.5,60,1.0
2024-07-16 05:00,0.35,0.2,0.5,60,1.0
2024-07-16 06:00,0.38,0.3,0.5,60,1.0
2024-07-16 07:00,0.38,0.3,0.5,60,1.0
2024-07-16 08:00,0.39,0.3,0.7,60,1.0
2024-07-16 09:00,0.39,0.3,0.5,60,1.0
2024-07-16 10:00,0.38,0.3,0.5,60,1.0
2024-07-16 11:00,0.37,0.3,0.5,59,0.983
2024-07-16 12:00,0.38,0.3,0.5,53,0.883
2024-07-16 13:00,0.36,0.3,0.5,49,0.817
2024-07-16 14:00,0.37,0.3,0.5,60,1.0
2024-07-16 15:00,0.38,0.3,0.5,60,1.0
2024-07-16 16:00,0.36,0.3,0.5,60,1.0
2024-07-16 17:00,0.37,0.2,0.5,60,1.0
2024-07-16 18:00,0.38,0.3,0.5,60,1.0
2024-07-16 19:00,0.36,0.3,0.5,60,1.0
2024-07-16 20:00,0.36,0.3,0.5,60,1.0
2024-07-16 21:00,0.36,0.2,0.5,60,1.0
2024-07-16 22:00,0.35,0.3,0.5,60,1.0
2024-07-16 23:00,0.36,0.3,0.5,60,1.0
2024-07-17 00:00,0.36,0.3,0.5,60,1.0
2024-07-17 01:00,0.36,0.3,0.5,60,1.0
2024-07-17 02:00,0.36,0.3,0.5,60,1.0
2024-07-17 03:00,0.37,0.2,0.5,60,1.0
2024-07-17 04:00,0.36,0.3,0.5,60,1.0
2024-07-17 05:00,0.36,0.3,0.5,60,1.0
2024-07-17 06:00,0.37,0.3,0.5,60,1.0
2024-07-17 07:00,0.36,0.3,0.5,60,1.0
2024-07-17 08:00,0.39,0.3,0.5,60,1.0
2024-07-17 09:00,0.39,0.3,0.5,60,1.0
2024-07-17 10:00,0.39,0.3,0.6,60,1.0
2024-07-17 11:00,0.37,0.3,0.5,60,1.0
2024-07-17 12:00,0.39,0.3,0.6,60,1.0
2024-07-17 13:00,0.37,0.2,0.5,60,1.0
2024-07-17 14:00,0.38,0.3,0.5,60,1.0
2024-07-17 15:00,0.37,0.3,0.5,60,1.0
2024-07-17 16:00,0.37,0.3,0.5,60,1.0
2024-07-17 17:00,0.36,0.3,0.5,60,1.0
2024-07-17 18:00,0.37,0.3,0.5,60,1.0
2024-07-17 19:00,0.37,0.3,0.5,59,0.983
2024-07-17 20:00,0.37,0.3,0.5,60,1.0
2024-07-17 21:00,0.35,0.2,0.4,60,1.0
2024-07-17 22:00,0.35,0.3,0.5,60,1.0
2024-07-17 23:00,0.36,0.2,0.5,60,1.0
2024-07-18 00:00,0.37,0.3,0.5,60,1.0
2024-07-18 01:00,0.34,0.3,0.4,60,1.0
2024-07-18 02:00,0.36,0.3,0.5,60,1.0
2024-07-18 03:00,0.36,0.3,0.5,60,1.0
2024-07-18 04:00,0.37,0.3,0.6,60,1.0
2024-07-18 05:00,0.36,0.3,0.6,60,1.0
2024-07-18 06:00,0.37,0.3,0.5,48,0.8
2024-07-18 07:00,0.36,0.3,0.5,50,0.833
2024-07-18 08:00,0.39,0.3,0.5,56,0.933
2024-07-18 09:00,0.38,0.3,0.5,55,0.917
2024-07-18 10:00,0.39,0.3,0.6,50,0.833
2024-07-18 11:00,0.39,0.3,0.5,54,0.9
2024-07-18 12:00,0.39,0.3,0.5,59,0.983
2024-07-18 13:00,0.37,0.3,0.5,60,1.0
2024-07-18 14:00,0.38,0.3,0.5,60,1.0
2024-07-18 15:00,0.35,0.3,0.5,60,1.0
2024-07-18 16:00,0.37,0.3,0.5,60,1.0
2024-07-18 17:00,0.37,0.3,0.5,60,1.0
2024-07-18 18:00,0.37,0.3,0.5,60,1.0
2024-07-18 19:00,0.38,0.3,0.5,60,1.0
2024-07-18 20:00,0.36,0.3,0.5,60,1.0
2024-07-18 21:00,0.36,0.3,0.5,60,1.0
2024-07-18 22:00,0.36,0.3,0.5,60,1.0
2024-07-18 23:00,0.36,0.3,0.5,60,1.0
2024-07-19 00:00,0.37,0.2,0.5,60,1.0
2024-07-19 01:00,0.36,0.3,0.5,60,1.0
2024-07-19 02:00,0.35,0.3,0.5,59,0.983
2024-07-19 03:00,0.34,0.3,0.5,60,1.0
2024-07-19 04:00,0.34,0.3,0.5,60,1.0
2024-07-19 05:00,0.36,0.3,0.5,60,1.0
2024-07-19 06:00,0.36,0.3,0.7,60,1.0
2024-07-19 07:00,0.38,0.3,0.5,60,1.0
2024-07-19 08:00,0.39,0.3,0.5,59,0.983
2024-07-19 09:00,0.39,0.3,0.5,60,1.0
2024-07-19 10:00,0.39,0.3,0.5,60,1.0
2024-07-19 11:00,0.39,0.3,0.5,60,1.0
2024-07-19 12:00,0.38,0.3,0.5,60,1.0
2024-07-19 13:00,0.37,0.3,0.5,54,0.9
2024-07-19 14:00,0.36,0.3,0.5,60,1.0
2024-07-19 15:00,0.37,0.3,0.5,60,1.0
2024-07-19 16:00,0.36,0.3,0.5,60,1.0
2024-07-19 17:00,0.36,0.3,0.5,60,1.0
2024-07-19 18:00,0.37,0.3,0.5,60,1.0
2024-07-19 19:00,0.37,0.3,0.5,60,1.0
2024-07-19 20:00,0.37,0.3,0.5,60,1.0
2024-07-19 21:00,0.37,0.2,0.5,60,1.0
2024-07-19 22:00,0.37,0.3,0.5,60,1.0
2024-07-19 23:00,0.38,0.3,0.5,60,1.0
2024-07-20 00:00,0.37,0.3,0.6,60,1.0
2024-07-20 01:00,0.35,0.3,0.5,59,0.983
2024-07-20 02:00,0.36,0.3,0.5,59,0.983
2024-07-20 03:00,0.38,0.3,0.6,60,1.0
2024-07-20 04:00,0.37,0.3,0.5,60,1.0
2024-07-20 05:00,0.36,0.3,0.5,60,1.0
2024-07-20 06:00,0.35,0.3,0.5,60,1.0
2024-07-20 07:00,0.36,0.2,0.5,60,1.0
2024-07-20 08:00,0.37,0.3,0.5,60,1.0
2024-07-20 09:00,0.39,0.3,0.5,60,1.0
2024-07-20 10:00,0.39,0.3,0.6,60,1.0
2024-07-20 11:00,0.39,0.3,0.5,57,0.95
2024-07-20 12:00,0.38,0.2,0.5,46,0.767
2024-07-20 13:00,0.37,0.2,0.5,48,0.8
2024-07-20 14:00,0.38,0.3,0.5,46,0.767
2024-07-20 15:00,0.36,0.2,0.5,58,0.967
2024-07-20 16:00,0.38,0.3,0.5,57,0.95
2024-07-20 17:00,0.37,0.3,0.5,58,0.967
2024-07-20 18:00,0.39,0.3,0.5,43,0.717
2024-07-20 19:00,0.38,0.2,0.5,56,0.933
2024-07-20 20:00,0.36,0.2,0.5,55,0.917
2024-07-20 21:00,0.36,0.3,0.5,60,1.0
2024-07-20 22:00,0.36,0.3,0.5,58,0.967
2024-07-20 23:00,0.36,0.3,0.5,47,0.783
2024-07-21 00:00,0.35,0.2,0.4,55,0.917
2024-07-21 01:00,0.36,0.2,0.5,60,1.0
2024-07-21 02:00,0.35,0.2,0.6,53,0.883
2024-07-21 03:00,0.36,0.3,0.5,60,1.0
2024-07-21 04:00,0.35,0.3,0.5,60,1.0
2024-07-21 05:00,0.37,0.3,0.5,60,1.0
2024-07-21 06:00,0.36,0.3,0.5,60,1.0
2024-07-21 07:00,0.38,0.3,0.5,60,1.0
2024-07-21 08:00,0.38,0.3,0.5,60,1.0
2024-07-21 09:00,0.38,0.3,0.5,60,1.0
2024-07-21 10:00,0.38,0.3,0.5,60,1.0
2024-07-21 11:00,0.38,0.3,0.8,60,1.0
2024-07-21 12:00,0.37,0.3,0.5,60,1.0
2024-07-21 13:00,0.38,0.3,0.5,60,1.0
2024-07-21 14:00,0.37,0.3,0.5,60,1.0
2024-07-21 15:00,0.37,0.3,0.5,60,1.0
2024-07-21 16:00,0.38,0.3,0.5,60,1.0
2024-07-21 17:00,0.37,0.3,0.5,60,1.0
2024-07-21 18:00,0.36,0.3,0.5,60,1.0
2024-07-21 19:00,0.35,0.3,0.5,60,1.0
2024-07-21 20:00,0.36,0.3,0.6,60,1.0
2024-07-21 21:00,0.37,0.3,0.5,60,1.0
2024-07-21 22:00,0.35,0.2,0.5,60,1.0
2024-07-21 23:00,0.36,0.3,0.5,60,1.0
2024-07-22 00:00,0.36,0.3,0.5,60,1.0
2024-07-22 01:00,0.36,0.3,0.5,60,1.0
2024-07-22 02:00,0.36,0.2,0.5,60,1.0
2024-07-22 03:00,0.36,0.3,0.5,60,1.0
2024-07-22 04:00,0.36,0.3,0.4,60,1.0
2024-07-22 05:00,0.36,0.3,0.5,60,1.0
2024-07-22 06:00,0.37,0.3,0.5,60,1.0
2024-07-22 07:00,0.36,0.2,0.5,60,1.0
2024-07-22 08:00,0.36,0.3,0.5,60,1.0
2024-07-22 09:00,0.38,0.3,0.5,60,1.0
2024-07-22 10:00,0.37,0.3,0.6,60,1.0
2024-07-22 11:00,0.38,0.3,0.5,60,1.0
2024-07-22 12:00,0.37,0.3,0.5,56,0.933
2024-07-22 14:00,0.37,0.2,0.6,46,0.767
2024-07-22 15:00,0.37,0.2,0.5,60,1.0
2024-07-22 16:00,0.38,0.3,0.5,60,1.0
2024-07-22 17:00,0.35,0.2,0.5,56,0.933
2024-07-22 18:00,0.36,0.2,0.5,38,0.633
2024-07-22 19:00,0.36,0.3,0.5,47,0.783
2024-07-22 20:00,0.36,0.3,0.5,60,1.0
2024-07-22 21:00,0.36,0.3,0.5,60,1.0
2024-07-22 22:00,0.36,0.3,0.5,60,1.0
2024-07-22 23:00,0.36,0.3,0.6,60,1.0
2024-07-23 00:00,0.38,0.3,0.5,60,1.0
2024-07-23 01:00,0.36,0.2,0.5,60,1.0
2024-07-23 02:00,0.36,0.2,0.5,60,1.0
2024-07-23 03:00,0.36,0.2,0.5,60,1.0
2024-07-23 04:00,0.36,0.3,0.5,60,1.0
2024-07-23 05:00,0.36,0.2,0.5,60,1.0
2024-07-23 06:00,0.35,0.2,0.5,60,1.0
2024-07-23 07:00,0.36,0.3,0.5,60,1.0
2024-07-23 08:00,0.38,0.3,0.5,60,1.0
2024-07-23 09:00,0.38,0.3,0.5,60,1.0
2024-07-23 10:00,0.39,0.3,0.5,60,1.0
2024-07-23 11:00,0.38,0.3,0.7,60,1.0
2024-07-23 12:00,0.37,0.2,0.6,60,1.0
2024-07-23 13:00,0.37,0.3,0.5,60,1.0
2024-07-23 14:00,0.37,0.3,0.5,59,0.983
2024-07-23 15:00,0.37,0.3,0.5,60,1.0
2024-07-23 16:00,0.35,0.2,0.5,60,1.0
2024-07-23 17:00,0.38,0.3,0.5,60,1.0
2024-07-23 18:00,0.37,0.3,0.5,60,1.0
2024-07-23 19:00,0.36,0.3,0.5,60,1.0
2024-07-23 20:00,0.36,0.2,0.5,60,1.0
2024-07-23 21:00,0.37,0.3,0.6,60,1.0
2024-07-23 22:00,0.36,0.2,0.5,60,1.0
2024-07-23 23:00,0.38,0.2,0.5,60,1.0
2024-07-24 00:00,0.37,0.3,0.5,60,1.0
2024-07-24 01:00,0.37,0.3,0.6,60,1.0
2024-07-24 02:00,0.36,0.2,0.5,60,1.0
2024-07-24 03:00,0.35,0.3,0.4,60,1.0
2024-07-24 04:00,0.37,0.2,0.5,60,1.0
2024-07-24 05:00,0.36,0.3,0.6,60,1.0
2024-07-24 06:00,0.37,0.3,0.5,60,1.0
2024-07-24 07:00,0.37,0.3,0.5,60,1.0
2024-07-24 08:00,0.37,0.3,0.6,60,1.0
2024-07-24 09:00,0.38,0.3,0.5,60,1.0
2024-07-24 10:00,0.38,0.3,0.6,60,1.0
2024-07-24 11:00,0.39,0.3,0.5,60,1.0
2024-07-24 12:00,0.37,0.3,0.5,60,1.0
2024-07-24 13:00,0.37,0.3,0.5,60,1.0
2024-07-24 14:00,0.37,0.3,0.5,60,1.0
2024-07-24 15:00,0.37,0.3,0.5,60,1.0
2024-07-24 16:00,0.37,0.2,0.5,60,1.0
2024-07-24 17:00,0.37,0.2,0.6,60,1.0
2024-07-24 18:00,0.37,0.3,0.5,60,1.0
2024-07-24 19:00,0.37,0.3,0.5,60,1.0
2024-07-24 20:00,0.36,0.3,0.5,60,1.0
2024-07-24 21:00,0.38,0.3,0.7,60,1.0
2024-07-24 22:00,0.35,0.3,0.4,59,0.983
2024-07-24 23:00,0.35,0.2,0.5,60,1.0
2024-07-25 00:00,0.35,0.2,0.5,60,1.0
2024-07-25 01:00,0.36,0.3,0.5,60,1.0
2024-07-25 02:00,0.37,0.2,0.5,59,0.983
2024-07-25 03:00,0.36,0.2,0.5,60,1.0
2024-07-25 04:00,0.36,0.3,0.5,60,1.0
2024-07-25 05:00,0.36,0.2,0.4,60,1.0
2024-07-25 06:00,0.34,0.3,0.5,60,1.0
2024-07-25 07:00,0.38,0.3,0.5,60,1.0
2024-07-25 08:00,0.38,0.3,0.8,60,1.0
2024-07-25 09:00,0.36,0.3,0.5,54,0.9
2024-07-25 10:00,0.38,0.3,0.5,51,0.85
2024-07-25 11:00,0.39,0.3,0.5,53,0.883
2024-07-25 12:00,0.38,0.3,0.6,60,1.0
2024-07-25 13:00,0.38,0.3,0.5,60,1.0
2024-07-25 14:00,0.37,0.3,0.5,60,1.0
2024-07-25 15:00,0.38,0.3,0.7,60,1.0
2024-07-25 16:00,0.37,0.3,0.5,60,1.0
2024-07-25 17:00,0.36,0.3,0.5,60,1.0
2024-07-25 18:00,0.36,0.3,0.5,60,1.0
2024-07-25 19:00,0.36,0.2,0.5,60,1.0
2024-07-25 20:00,0.36,0.3,0.6,60,1.0
2024-07-25 21:00,0.37,0.2,0.5,60,1.0
2024-07-25 22:00,0.37,0.3,0.5,60,1.0
2024-07-25 23:00,0.36,0.3,0.5,60,1.0
2024-07-26 00:00,0.36,0.2,0.5,57,0.95
2024-07-26 01:00,0.36,0.3,0.5,60,1.0
2024-07-26 02:00,0.35,0.2,0.5,53,0.883
2024-07-26 03:00,0.35,0.2,0.5,51,0.85
2024-07-26 04:00,0.35,0.3,0.5,60,1.0
2024-07-26 05:00,0.37,0.2,0.5,59,0.983
2024-07-26 06:00,0.36,0.2,0.5,60,1.0
2024-07-26 07:00,0.38,0.3,0.5,59,0.983
2024-07-26 08:00,0.38,0.3,0.5,60,1.0
2024-07-26 09:00,0.39,0.3,0.5,60,1.0
2024-07-26 10:00,0.38,0.3,0.5,49,0.817
2024-07-26 11:00,0.38,0.3,0.5,50,0.833
2024-07-26 12:00,0.37,0.3,0.5,60,1.0
2024-07-26 13:00,0.37,0.2,0.5,60,1.0
2024-07-26 14:00,0.37,0.2,0.5,60,1.0
2024-07-26 15:00,0.38,0.3,0.5,59,0.983
2024-07-26 16:00,0.35,0.3,0.5,59,0.983
2024-07-26 17:00,0.37,0.3,0.5,42,0.7
2024-07-26 18:00,0.37,0.3,0.5,57,0.95
2024-07-26 19:00,0.35,0.3,0.5,60,1.0
2024-07-26 20:00,0.36,0.3,0.5,60,1.0
2024-07-26 21:00,0.36,0.3,0.4,59,0.983
2024-07-26 22:00,0.37,0.3,0.5,56,0.933
2024-07-26 23:00,0.37,0.3,0.6,53,0.883
2024-07-27 00:00,0.37,0.2,0.5,46,0.767
2024-07-27 01:00,0.37,0.3,0.5,54,0.9
2024-07-27 02:00,0.37,0.2,0.5,60,1.0
2024-07-27 03:00,0.37,0.3,0.5,59,0.983
2024-07-27 04:00,0.37,0.3,0.6,60,1.0
2024-07-27 05:00,0.35,0.2,0.5,60,1.0
2024-07-27 06:00,0.36,0.3,0.5,60,1.0
2024-07-27 07:00,0.37,0.2,0.5,60,1.0
2024-07-27 08:00,0.38,0.3,0.5,60,1.0
2024-07-27 09:00,0.39,0.3,0.7,60,1.0
2024-07-27 10:00,0.38,0.3,0.5,60,1.0
2024-07-27 11:00,0.38,0.3,0.5,60,1.0
2024-07-27 12:00,0.36,0.3,0.5,60,1.0
2024-07-27 13:00,0.37,0.3,0.5,60,1.0
2024-07-27 14:00,0.38,0.2,0.6,60,1.0
2024-07-27 15:00,0.37,0.3,0.5,60,1.0
2024-07-27 16:00,0.37,0.3,0.6,60,1.0
2024-07-27 17:00,0.37,0.3,0.5,60,1.0
2024-07-27 18:00,0.36,0.2,0.5,60,1.0
2024-07-27 19:00,0.36,0.2,0.5,60,1.0
2024-07-27 20:00,0.37,0.3,0.5,60,1.0
2024-07-27 21:00,0.37,0.3,0.6,60,1.0
2024-07-27 22:00,0.34,0.3,0.5,59,0.983
2024-07-27 23:00,0.37,0.3,0.5,59,0.983
2024-07-28 00:00,0.36,0.3,0.5,59,0.983
2024-07-28 01:00,0.35,0.3,0.5,59,0.983
2024-07-28 02:00,0.36,0.3,0.5,60,1.0
2024-07-28 03:00,0.36,0.2,0.5,60,1.0
2024-07-28 04:00,0.36,0.3,0.5,60,1.0
2024-07-28 05:00,0.34,0.2,0.5,60,1.0
2024-07-28 06:00,0.37,0.2,0.5,60,1.0
2024-07-28 07:00,0.37,0.2,0.5,60,1.0
2024-07-28 08:00,0.38,0.3,0.5,60,1.0
2024-07-28 09:00,0.39,0.3,0.6,58,0.967
2024-07-28 10:00,0.39,0.3,0.5,60,1.0
2024-07-28 11:00,0.38,0.3,0.5,59,0.983
2024-07-28 12:00,0.39,0.3,0.6,60,1.0
2024-07-28 13:00,0.36,0.3,0.5,60,1.0
2024-07-28 14:00,0.39,0.3,0.6,60,1.0
2024-07-28 15:00,0.37,0.3,0.5,60,1.0
2024-07-28 16:00,0.36,0.2,0.5,60,1.0
2024-07-28 17:00,0.36,0.3,0.5,60,1.0
2024-07-28 18:00,0.37,0.3,0.5,60,1.0
2024-07-28 19:00,0.38,0.3,0.5,60,1.0
2024-07-28 20:00,0.36,0.2,0.5,60,1.0
2024-07-28 21:00,0.37,0.3,0.5,60,1.0
2024-07-28 22:00,0.36,0.3,0.5,60,1.0
2024-07-28 23:00,0.36,0.3,0.5,60,1.0
2024-07-29 00:00,0.36,0.2,0.4,60,1.0
2024-07-29 01:00,0.36,0.3,0.5,60,1.0
2024-07-29 02:00,0.38,0.3,0.6,60,1.0
2024-07-29 03:00,0.35,0.3,0.5,60,1.0
2024-07-29 04:00,0.36,0.3,0.6,60,1.0
2024-07-29 05:00,0.37,0.2,0.6,60,1.0
2024-07-29 06:00,0.38,0.3,0.5,60,1.0
2024-07-29 07:00,0.38,0.3,0.5,60,1.0
2024-07-29 08:00,0.39,0.3,0.7,60,1.0
2024-07-29 09:00,0.38,0.3,0.6,60,1.0
2024-07-29 10:00,0.38,0.3,0.7,60,1.0
2024-07-29 11:00,0.38,0.3,0.5,60,1.0
2024-07-29 12:00,0.39,0.3,0.5,60,1.0
2024-07-29 13:00,0.38,0.3,0.5,60,1.0
2024-07-29 14:00,0.37,0.3,0.5,57,0.95
2024-07-29 15:00,0.38,0.3,0.5,45,0.75
2024-07-29 16:00,0.39,0.3,0.5,46,0.767
2024-07-29 17:00,0.38,0.3,0.5,55,0.917
2024-07-29 18:00,0.37,0.3,0.5,59,0.983
2024-07-29 19:00,0.36,0.3,0.5,60,1.0
2024-07-29 20:00,0.37,0.3,0.5,60,1.0
2024-07-29 21:00,0.36,0.2,0.6,60,1.0
2024-07-29 22:00,0.35,0.3,0.5,60,1.0
2024-07-29 23:00,0.37,0.3,0.5,60,1.0
2024-07-30 00:00,0.37,0.2,0.5,60,1.0
2024-07-30 01:00,0.36,0.2,0.5,60,1.0
2024-07-30 02:00,0.35,0.3,0.5,60,1.0
2024-07-30 03:00,0.35,0.2,0.5,59,0.983
2024-07-30 04:00,0.35,0.3,0.5,60,1.0
2024-07-30 05:00,0.36,0.3,0.5,60,1.0
2024-07-30 06:00,0.37,0.3,0.5,60,1.0
2024-07-30 07:00,0.39,0.3,0.5,60,1.0
2024-07-30 08:00,0.38,0.3,0.5,60,1.0
2024-07-30 09:00,0.4,0.3,0.5,60,1.0
2024-07-30 10:00,0.38,0.3,0.5,60,1.0
2024-07-30 11:00,0.38,0.3,0.5,60,1.0
2024-07-30 12:00,0.39,0.3,0.6,60,1.0
2024-07-30 13:00,0.37,0.3,0.5,60,1.0
2024-07-30 14:00,0.38,0.3,0.5,60,1.0
2024-07-30 15:00,0.36,0.3,0.4,60,1.0
2024-07-30 16:00,0.37,0.3,0.5,60,1.0
2024-07-30 17:00,0.38,0.2,0.5,60,1.0
2024-07-30 18:00,0.37,0.2,0.6,60,1.0
2024-07-30 19:00,0.37,0.3,0.5,60,1.0
2024-07-30 20:00,0.38,0.3,0.6,60,1.0
2024-07-30 21:00,0.37,0.3,0.5,60,1.0
2024-07-30 22:00,0.37,0.3,0.5,60,1.0
2024-07-30 23:00,0.35,0.2,0.5,60,1.0
2024-07-31 00:00,0.36,0.3,0.5,60,1.0
2024-07-31 01:00,0.36,0.2,0.5,60,1.0
2024-07-31 02:00,0.36,0.3,0.5,60,1.0
2024-07-31 03:00,0.38,0.3,0.5,60,1.0
2024-07-31 04:00,0.38,0.3,0.6,59,0.983
2024-07-31 05:00,0.37,0.3,0.5,60,1.0
2024-07-31 06:00,0.37,0.3,0.5,60,1.0
2024-07-31 07:00,0.37,0.3,0.5,60,1.0
2024-07-31 08:00,0.39,0.3,0.5,60,1.0
2024-07-31 09:00,0.39,0.3,0.5,47,0.783
2024-07-31 10:00,0.39,0.3,0.5,52,0.867
2024-07-31 11:00,0.39,0.3,0.5,54,0.9
2024-07-31 12:00,0.38,0.3,0.6,42,0.7
2024-07-31 13:00,0.38,0.3,0.5,57,0.95
2024-07-31 14:00,0.38,0.3,0.6,59,0.983
2024-07-31 15:00,0.36,0.2,0.5,60,1.0
2024-07-31 16:00,0.35,0.3,0.5,60,1.0
2024-07-31 17:00,0.36,0.3,0.5,60,1.0
2024-07-31 18:00,0.36,0.3,0.4,60,1.0
2024-07-31 19:00,0.36,0.3,0.5,60,1.0
2024-07-31 20:00,0.36,0.2,0.5,60,1.0
2024-07-31 21:00,0.37,0.3,0.5,60,1.0
2024-07-31 22:00,0.36,0.2,0.5,60,1.0
2024-07-31 23:00,0.37,0.3,0.5,60,1.0
2024-08-01 00:00,0.36,0.3,0.5,60,1.0
2024-08-01 01:00,0.36,0.2,0.6,60,1.0
2024-08-01 02:00,0.37,0.3,0.5,60,1.0
2024-08-01 03:00,0.37,0.3,0.5,60,1.0
2024-08-01 04:00,0.36,0.2,0.5,60,1.0
2024-08-01 05:00,0.36,0.2,0.5,60,1.0
2024-08-01 06:00,0.37,0.2,0.5,60,1.0
2024-08-01 07:00,0.38,0.3,0.5,60,1.0
2024-08-01 08:00,0.4,0.3,0.6,60,1.0
2024-08-01 09:00,0.4,0.3,0.7,60,1.0
2024-08-01 10:00,0.39,0.3,0.6,60,1.0
2024-08-01 11:00,0.39,0.3,0.5,60,1.0
2024-08-01 12:00,0.38,0.3,0.5,60,1.0
2024-08-01 13:00,0.38,0.3,0.6,60,1.0
2024-08-01 14:00,0.38,0.3,0.5,60,1.0
2024-08-01 15:00,0.37,0.3,0.5,60,1.0
2024-08-01 16:00,0.38,0.3,0.5,60,1.0
2024-08-01 17:00,0.36,0.3,0.5,60,1.0
2024-08-01 18:00,0.36,0.2,0.5,60,1.0
2024-08-01 19:00,0.37,0.3,0.5,60,1.0
2024-08-01 20:00,0.36,0.3,0.5,60,1.0
2024-08-01 21:00,0.36,0.3,0.5,60,1.0
2024-08-01 22:00,0.36,0.3,0.5,60,1.0
2024-08-01 23:00,0.37,0.2,0.5,60,1.0
2024-08-02 00:00,0.36,0.3,0.5,60,1.0
2024-08-02 01:00,0.36,0.3,0.6,60,1.0
2024-08-02 02:00,0.37,0.2,0.4,60,1.0
2024-08-02 03:00,0.37,0.3,0.9,60,1.0
2024-08-02 04:00,0.36,0.3,0.5,60,1.0
2024-08-02 05:00,0.36,0.3,0.5,57,0.95
2024-08-02 06:00,0.38,0.3,0.5,44,0.733
2024-08-02 07:00,0.38,0.3,0.5,56,0.933
2024-08-02 08:00,0.39,0.3,0.5,56,0.933
2024-08-02 09:00,0.38,0.3,0.5,60,1.0
2024-08-02 10:00,0.38,0.3,0.5,60,1.0
2024-08-02 11:00,0.37,0.3,0.5,60,1.0
2024-08-02 12:00,0.38,0.3,0.5,60,1.0
2024-08-02 13:00,0.36,0.3,0.5,60,1.0
2024-08-02 14:00,0.37,0.3,0.6,60,1.0
2024-08-02 15:00,0.37,0.2,0.7,60,1.0
2024-08-02 16:00,0.38,0.3,0.5,60,1.0
2024-08-02 17:00,0.37,0.3,0.5,60,1.0
2024-08-02 18:00,0.37,0.2,0.5,60,1.0
2024-08-02 19:00,0.38,0.3,0.5,60,1.0
2024-08-02 20:00,0.38,0.2,0.7,60,1.0
2024-08-02 21:00,0.36,0.2,0.6,60,1.0
2024-08-02 22:00,0.39,0.3,0.7,60,1.0
2024-08-02 23:00,0.37,0.3,0.6,60,1.0
2024-08-03 00:00,0.41,0.3,0.7,60,1.0
2024-08-03 01:00,0.38,0.3,0.7,60,1.0
2024-08-03 02:00,0.44,0.3,0.9,60,1.0
2024-08-03 03:00,0.42,0.3,0.9,60,1.0
2024-08-03 04:00,0.36,0.3,0.5,60,1.0
2024-08-03 05:00,0.39,0.3,0.6,60,1.0
2024-08-03 06:00,0.5,0.3,0.9,60,1.0
2024-08-03 07:00,0.4,0.3,0.7,60,1.0
2024-08-03 08:00,0.55,0.3,1.4,60,1.0
2024-08-03 09:00,0.42,0.3,0.7,60,1.0
2024-08-03 10:00,0.41,0.3,0.6,60,1.0
2024-08-03 11:00,0.39,0.2,0.6,59,0.983
2024-08-03 12:00,0.39,0.3,0.6,60,1.0
2024-08-03 13:00,0.38,0.3,0.8,60,1.0
2024-08-03 14:00,0.39,0.3,0.5,59,0.983
2024-08-03 15:00,0.4,0.3,0.7,60,1.0
2024-08-03 16:00,0.44,0.3,0.8,60,1.0
2024-08-03 17:00,0.45,0.3,1.1,58,0.967
2024-08-03 18:00,0.46,0.3,1.2,60,1.0
2024-08-03 19:00,0.39,0.3,1.2,60,1.0
2024-08-03 20:00,0.36,0.3,0.5,60,1.0
2024-08-03 21:00,0.39,0.3,0.6,60,1.0
2024-08-03 22:00,0.42,0.3,1.2,60,1.0
2024-08-03 23:00,0.38,0.3,0.6,60,1.0
2024-08-04 00:00,0.36,0.3,0.4,60,1.0
2024-08-04 01:00,0.36,0.3,0.5,60,1.0
2024-08-04 02:00,0.38,0.3,0.6,60,1.0
2024-08-04 03:00,0.37,0.2,1.0,60,1.0
2024-08-04 04:00,0.38,0.3,1.1,58,0.967
2024-08-04 05:00,0.44,0.3,1.2,60,1.0
2024-08-04 06:00,0.37,0.3,0.6,59,0.983
2024-08-04 07:00,0.42,0.3,1.3,60,1.0
2024-08-04 08:00,0.39,0.3,0.5,60,1.0
2024-08-04 09:00,0.4,0.3,0.7,60,1.0
2024-08-04 10:00,0.42,0.3,1.4,59,0.983
2024-08-04 11:00,0.38,0.3,0.5,60,1.0
2024-08-04 12:00,0.39,0.3,0.5,60,1.0
2024-08-04 13:00,0.38,0.2,0.5,60,1.0
2024-08-04 14:00,0.41,0.3,0.7,60,1.0
2024-08-04 15:00,0.38,0.3,0.5,60,1.0
2024-08-04 16:00,0.47,0.3,0.8,58,0.967
2024-08-04 17:00,0.44,0.3,1.0,60,1.0
2024-08-04 18:00,0.5,0.3,0.8,60,1.0
2024-08-04 19:00,0.41,0.3,1.0,60,1.0
2024-08-04 20:00,0.37,0.3,0.5,60,1.0
2024-08-04 21:00,0.39,0.3,0.7,60,1.0
2024-08-04 22:00,0.41,0.3,1.0,60,1.0
2024-08-04 23:00,0.38,0.3,0.5,60,1.0
2024-08-05 00:00,0.4,0.3,1.2,60,1.0
2024-08-05 01:00,0.46,0.3,1.3,60,1.0
2024-08-05 02:00,0.36,0.3,0.6,60,1.0
2024-08-05 03:00,0.36,0.3,0.6,60,1.0
2024-08-05 04:00,0.39,0.3,0.6,60,1.0
2024-08-05 05:00,0.64,0.3,1.0,60,1.0
2024-08-05 06:00,0.52,0.3,1.1,60,1.0
2024-08-05 07:00,0.38,0.3,0.5,60,1.0
2024-08-05 08:00,0.41,0.3,0.6,60,1.0
2024-08-05 09:00,0.4,0.3,0.6,60,1.0
2024-08-05 10:00,0.42,0.3,0.8,60,1.0
2024-08-05 11:00,0.53,0.3,1.0,60,1.0
2024-08-05 12:00,0.4,0.3,0.8,60,1.0
2024-08-05 13:00,0.41,0.3,0.5,46,0.767
2024-08-05 14:00,0.48,0.3,0.8,52,0.867
2024-08-05 15:00,0.36,0.3,0.5,45,0.75
2024-08-05 16:00,0.43,0.3,0.8,57,0.95
2024-08-05 17:00,0.44,0.3,1.0,60,1.0
2024-08-05 18:00,0.38,0.3,0.6,58,0.967
2024-08-05 19:00,0.41,0.3,0.6,43,0.717
2024-08-05 20:00,0.62,0.3,1.2,58,0.967
2024-08-05 21:00,0.74,0.2,1.4,49,0.817
2024-08-05 22:00,0.42,0.3,1.5,57,0.95
2024-08-05 23:00,0.4,0.2,1.4,60,1.0
2024-08-06 00:00,0.56,0.2,1.5,45,0.75
2024-08-06 01:00,1.33,0.3,1.9,59,0.983
2024-08-06 02:00,0.75,0.3,2.0,53,0.883
2024-08-06 03:00,0.37,0.3,0.5,50,0.833
2024-08-06 04:00,0.39,0.3,0.5,51,0.85
2024-08-06 05:00,0.37,0.2,0.6,51,0.85
2024-08-06 06:00,0.4,0.3,0.6,58,0.967
2024-08-06 07:00,0.4,0.3,0.5,60,1.0
2024-08-06 08:00,0.42,0.3,0.6,60,1.0
2024-08-06 09:00,0.47,0.3,0.9,53,0.883
2024-08-06 10:00,0.43,0.3,0.7,60,1.0
2024-08-06 11:00,0.42,0.3,0.7,60,1.0
2024-08-06 12:00,0.46,0.3,1.5,60,1.0
2024-08-06 13:00,0.9,0.3,1.7,60,1.0
2024-08-06 14:00,0.42,0.3,1.6,60,1.0
2024-08-06 15:00,0.39,0.3,0.6,60,1.0
2024-08-06 16:00,0.4,0.3,0.6,60,1.0
2024-08-06 17:00,0.42,0.3,1.4,60,1.0
2024-08-06 18:00,0.42,0.3,1.2,59,0.983
2024-08-06 19:00,0.38,0.3,0.8,60,1.0
2024-08-06 20:00,0.38,0.3,0.5,60,1.0
2024-08-06 21:00,0.38,0.3,0.5,59,0.983
2024-08-06 22:00,0.39,0.3,0.5,60,1.0
2024-08-06 23:00,0.37,0.3,0.6,60,1.0
2024-08-07 00:00,0.4,0.2,0.8,60,1.0
2024-08-07 01:00,0.42,0.3,0.9,60,1.0
2024-08-07 02:00,0.44,0.3,1.0,60,1.0
2024-08-07 03:00,0.4,0.3,0.6,60,1.0
2024-08-07 04:00,0.55,0.3,1.2,60,1.0
2024-08-07 05:00,0.45,0.3,1.4,60,1.0
2024-08-07 06:00,0.5,0.3,1.7,60,1.0
2024-08-07 07:00,0.98,0.3,1.9,60,1.0
2024-08-07 08:00,0.91,0.3,2.1,60,1.0
2024-08-07 09:00,0.49,0.3,0.8,60,1.0
2024-08-07 10:00,0.5,0.3,0.7,60,1.0
2024-08-07 11:00,0.46,0.3,0.9,60,1.0
2024-08-07 12:00,0.46,0.3,0.7,60,1.0
2024-08-07 13:00,0.43,0.3,0.7,60,1.0
2024-08-07 14:00,0.46,0.3,0.8,60,1.0
2024-08-07 15:00,0.45,0.3,0.9,60,1.0
2024-08-07 16:00,0.42,0.3,0.7,60,1.0
2024-08-07 17:00,0.42,0.3,1.0,60,1.0
2024-08-07 18:00,0.44,0.3,1.1,60,1.0
2024-08-07 19:00,0.44,0.3,0.9,60,1.0
2024-08-07 20:00,0.44,0.3,0.9,59,0.983
2024-08-07 21:00,0.47,0.3,1.2,60,1.0
2024-08-07 22:00,0.47,0.3,1.2,60,1.0
2024-08-07 23:00,0.68,0.3,1.4,60,1.0
2024-08-08 00:00,0.79,0.3,1.7,59,0.983
2024-08-08 01:00,1.16,0.3,1.9,59,0.983
2024-08-08 02:00,1.42,0.3,2.1,60,1.0
2024-08-08 03:00,0.37,0.3,0.5,60,1.0
2024-08-08 04:00,0.37,0.3,0.5,60,1.0
2024-08-08 05:00,0.35,0.3,0.5,60,1.0
2024-08-08 06:00,0.36,0.3,0.5,60,1.0
2024-08-08 07:00,0.38,0.3,0.5,60,1.0
2024-08-08 08:00,0.43,0.3,1.0,60,1.0
2024-08-08 09:00,0.63,0.3,1.3,60,1.0
2024-08-08 10:00,0.5,0.3,1.4,60,1.0
2024-08-08 11:00,0.42,0.3,0.8,60,1.0
2024-08-08 12:00,0.5,0.3,1.0,60,1.0
2024-08-08 13:00,0.43,0.3,1.1,60,1.0
2024-08-08 14:00,0.72,0.3,1.4,60,1.0
2024-08-08 15:00,0.4,0.3,1.5,60,1.0
2024-08-08 16:00,0.43,0.3,0.7,60,1.0
2024-08-08 17:00,0.53,0.3,1.5,60,1.0
2024-08-08 18:00,0.6,0.3,1.1,60,1.0
2024-08-08 19:00,0.57,0.3,1.2,60,1.0
2024-08-08 20:00,1.17,0.9,1.3,9,0.15
2024-08-09 08:00,0.44,0.3,0.8,40,0.667
2024-08-09 09:00,0.44,0.3,0.7,60,1.0
2024-08-09 10:00,0.57,0.3,1.0,60,1.0
2024-08-09 11:00,0.7,0.3,1.2,60,1.0
2024-08-09 12:00,0.4,0.3,0.7,60,1.0
2024-08-09 13:00,0.44,0.3,0.9,60,1.0
2024-08-09 14:00,0.45,0.3,1.0,60,1.0
2024-08-09 15:00,0.94,0.3,1.4,60,1.0
2024-08-09 16:00,0.93,0.3,1.5,60,1.0
2024-08-09 17:00,1.05,0.3,1.8,60,1.0
2024-08-09 18:00,1.45,0.3,2.1,60,1.0
2024-08-09 19:00,0.89,0.3,1.9,60,1.0
2024-08-09 20:00,1.87,0.3,2.3,59,0.983
2024-08-09 21:00,0.79,0.3,2.2,60,1.0
2024-08-09 22:00,0.39,0.3,0.6,60,1.0
2024-08-09 23:00,0.44,0.3,0.6,60,1.0
2024-08-10 00:00,0.39,0.2,0.5,60,1.0
2024-08-10 01:00,0.55,0.3,1.2,60,1.0
2024-08-10 02:00,0.44,0.3,0.9,60,1.0
2024-08-10 03:00,0.39,0.3,0.6,60,1.0
2024-08-10 04:00,0.4,0.3,0.7,60,1.0
2024-08-10 05:00,0.53,0.3,0.9,60,1.0
2024-08-10 06:00,0.5,0.3,0.8,60,1.0
2024-08-10 07:00,0.58,0.3,1.4,60,1.0
2024-08-10 08:00,0.59,0.3,1.2,55,0.917
2024-08-10 09:00,0.45,0.3,0.8,57,0.95
2024-08-10 10:00,0.53,0.3,1.5,60,1.0
2024-08-10 11:00,1.01,0.3,1.5,60,1.0
2024-08-10 12:00,0.47,0.3,0.8,60,1.0
2024-08-10 13:00,0.49,0.3,1.0,60,1.0
2024-08-10 14:00,0.51,0.3,1.2,60,1.0
2024-08-10 15:00,0.8,0.3,1.5,60,1.0
2024-08-10 16:00,1.23,0.3,1.9,60,1.0
2024-08-10 17:00,0.69,0.3,2.0,60,1.0
2024-08-10 18:00,0.43,0.3,0.7,60,1.0
2024-08-10 19:00,0.51,0.3,1.0,60,1.0
2024-08-10 20:00,0.48,0.3,1.1,60,1.0
2024-08-10 21:00,0.48,0.3,0.8,59,0.983
2024-08-10 22:00,0.64,0.3,1.2,60,1.0
2024-08-10 23:00,0.73,0.3,1.4,60,1.0
2024-08-11 00:00,1.08,0.3,1.7,60,1.0
2024-08-11 01:00,0.68,0.3,1.7,60,1.0
2024-08-11 02:00,1.1,0.4,1.6,60,1.0
2024-08-11 03:00,0.45,0.3,0.8,60,1.0
2024-08-11 04:00,0.47,0.3,0.7,60,1.0
2024-08-11 05:00,0.72,0.4,1.0,60,1.0
2024-08-11 06:00,1.28,0.8,1.6,60,1.0
2024-08-11 07:00,1.74,1.4,2.0,60,1.0
2024-08-11 08:00,1.2,0.3,2.1,60,1.0
2024-08-11 09:00,0.51,0.3,2.2,60,1.0
2024-08-11 10:00,0.41,0.3,0.7,60,1.0
2024-08-11 11:00,0.51,0.4,0.6,49,0.817
2024-08-11 12:00,0.61,0.4,0.7,51,0.85
2024-08-11 13:00,0.78,0.5,1.2,45,0.75
2024-08-11 14:00,1.57,0.4,2.0,58,0.967
2024-08-11 15:00,0.39,0.3,0.6,60,1.0
2024-08-11 16:00,0.5,0.3,0.9,60,1.0
2024-08-11 17:00,0.59,0.3,0.8,60,1.0
2024-08-11 18:00,0.61,0.3,0.9,60,1.0
2024-08-11 19:00,0.77,0.3,1.2,59,0.983
2024-08-11 20:00,0.42,0.3,1.2,59,0.983
2024-08-11 21:00,0.47,0.3,0.6,60,1.0
2024-08-11 22:00,0.64,0.3,1.0,60,1.0
2024-08-11 23:00,0.81,0.3,1.6,60,1.0
2024-08-12 00:00,1.0,0.3,1.5,60,1.0
2024-08-12 01:00,1.57,1.3,1.9,60,1.0
2024-08-12 02:00,1.8,1.6,2.1,60,1.0
2024-08-12 03:00,0.94,0.3,2.0,60,1.0
2024-08-12 04:00,1.83,0.3,2.2,59,0.983
2024-08-12 05:00,2.17,1.9,2.3,51,0.85
2024-08-12 06:00,2.31,2.1,2.6,60,1.0
2024-08-12 07:00,2.51,2.2,2.7,60,1.0
2024-08-12 08:00,2.63,2.5,2.8,60,1.0
2024-08-12 09:00,2.69,2.5,3.0,60,1.0
2024-08-12 10:00,2.74,2.4,3.0,60,1.0
2024-08-12 11:00,2.92,2.5,4.0,57,0.95
2024-08-12 12:00,4.54,3.6,5.1,58,0.967
2024-08-12 13:00,4.4,3.7,4.9,42,0.7
2024-08-12 14:00,4.48,3.4,4.9,58,0.967
2024-08-12 15:00,4.45,3.9,4.7,48,0.8
2024-08-12 16:00,4.04,2.6,5.0,46,0.767
2024-08-12 17:00,2.93,2.5,4.1,39,0.65
2024-08-12 18:00,2.84,2.6,4.1,49,0.817
2024-08-12 19:00,4.07,2.6,5.0,49,0.817
2024-08-12 20:00,2.17,0.3,4.7,46,0.767
2024-08-12 21:00,1.3,0.3,4.5,60,1.0
2024-08-12 22:00,3.59,2.5,5.6,60,1.0
2024-08-12 23:00,2.09,0.3,14.4,59,0.983
2024-08-13 00:00,0.39,0.3,0.5,60,1.0
2024-08-13 01:00,0.42,0.3,0.8,59,0.983
2024-08-13 02:00,0.44,0.3,0.9,60,1.0
2024-08-13 03:00,0.57,0.3,1.1,60,1.0
2024-08-13 04:00,0.4,0.3,0.6,60,1.0
2024-08-13 05:00,0.69,0.4,1.0,60,1.0
2024-08-13 06:00,0.64,0.3,1.2,60,1.0
2024-08-13 07:00,0.64,0.3,1.3,60,1.0
2024-08-13 08:00,0.72,0.4,1.4,60,1.0
2024-08-13 09:00,0.67,0.3,1.1,60,1.0
2024-08-13 10:00,0.55,0.3,1.2,60,1.0
2024-08-13 11:00,0.45,0.3,0.6,60,1.0
2024-08-13 12:00,0.47,0.3,1.0,60,1.0
2024-08-13 13:00,0.49,0.3,1.0,60,1.0
2024-08-13 14:00,0.65,0.3,1.3,60,1.0
2024-08-13 15:00,0.41,0.3,0.6,60,1.0
2024-08-13 16:00,0.44,0.3,0.6,60,1.0
2024-08-13 17:00,0.47,0.3,0.7,59,0.983
2024-08-13 18:00,0.45,0.3,0.6,59,0.983
2024-08-13 19:00,0.43,0.3,0.6,60,1.0
2024-08-13 20:00,0.68,0.4,1.2,60,1.0
2024-08-13 21:00,1.17,0.5,1.5,60,1.0
2024-08-13 22:00,1.11,0.4,1.8,60,1.0
2024-08-13 23:00,0.53,0.3,0.8,60,1.0
2024-08-14 00:00,1.04,0.5,1.6,60,1.0
2024-08-14 01:00,0.48,0.3,1.7,60,1.0
2024-08-14 02:00,0.4,0.3,1.3,60,1.0
2024-08-14 03:00,0.41,0.3,0.7,60,1.0
2024-08-14 04:00,0.44,0.3,0.7,60,1.0
2024-08-14 05:00,0.51,0.3,1.0,60,1.0
2024-08-14 06:00,0.6,0.3,1.3,60,1.0
2024-08-14 07:00,0.8,0.3,1.4,60,1.0
2024-08-14 08:00,1.03,0.3,1.8,59,0.983
2024-08-14 09:00,1.32,0.3,2.1,60,1.0
2024-08-14 10:00,2.06,1.8,2.2,60,1.0
2024-08-14 11:00,2.15,1.9,2.3,60,1.0
2024-08-14 12:00,2.22,2.0,2.4,60,1.0
2024-08-14 13:00,2.33,2.1,2.5,60,1.0
2024-08-14 14:00,2.33,2.1,2.5,60,1.0
2024-08-14 15:00,1.48,0.3,2.5,60,1.0
2024-08-14 16:00,2.44,2.2,2.8,60,1.0
2024-08-14 17:00,1.98,0.3,2.6,60,1.0
2024-08-14 18:00,2.29,0.3,2.7,60,1.0
2024-08-14 19:00,2.55,2.4,2.7,60,1.0
2024-08-14 20:00,1.93,0.3,2.8,60,1.0
2024-08-14 21:00,0.37,0.3,0.5,60,1.0
2024-08-14 22:00,1.98,0.3,4.5,60,1.0
2024-08-14 23:00,3.46,2.5,5.8,60,1.0
2024-08-15 00:00,3.19,2.5,5.1,60,1.0
2024-08-15 01:00,2.4,0.3,3.0,60,1.0
2024-08-15 02:00,2.67,2.5,2.9,60,1.0
2024-08-15 03:00,2.68,2.5,2.9,60,1.0
2024-08-15 04:00,5.94,2.6,14.9,60,1.0
2024-08-15 05:00,6.02,0.3,14.4,60,1.0
2024-08-15 06:00,3.71,0.3,14.7,60,1.0
2024-08-15 07:00,6.69,0.4,15.0,59,0.983
2024-08-15 08:00,5.47,2.8,14.8,44,0.733
2024-08-15 09:00,3.0,0.3,10.4,55,0.917
2024-08-15 10:00,3.67,0.3,14.8,60,1.0
2024-08-15 11:00,2.4,0.3,3.2,60,1.0
2024-08-15 12:00,2.79,0.5,3.1,60,1.0
2024-08-15 13:00,2.78,2.5,3.0,60,1.0
2024-08-15 14:00,1.52,0.3,13.3,60,1.0
2024-08-15 15:00,2.25,0.3,3.0,60,1.0
2024-08-15 16:00,2.73,0.3,3.0,60,1.0
2024-08-15 17:00,3.26,0.3,12.2,60,1.0
2024-08-15 18:00,2.83,2.5,5.5,60,1.0
2024-08-15 19:00,2.92,0.3,10.2,60,1.0
2024-08-15 20:00,4.94,0.3,14.5,60,1.0
2024-08-15 21:00,2.73,2.5,3.0,60,1.0
2024-08-15 22:00,4.86,2.5,14.4,60,1.0
2024-08-15 23:00,2.91,0.3,13.7,60,1.0
2024-08-16 00:00,2.28,0.3,12.8,60,1.0
2024-08-16 01:00,2.67,2.5,3.0,60,1.0
2024-08-16 02:00,2.99,2.4,10.7,60,1.0
2024-08-16 03:00,7.65,2.6,14.1,60,1.0
2024-08-16 04:00,2.65,0.3,3.0,60,1.0
2024-08-16 05:00,2.95,2.4,5.6,60,1.0
2024-08-16 06:00,2.06,0.3,6.0,60,1.0
2024-08-16 07:00,0.39,0.3,0.5,60,1.0
2024-08-16 08:00,0.39,0.3,0.7,60,1.0
2024-08-16 09:00,0.48,0.3,0.9,60,1.0
2024-08-16 10:00,0.43,0.3,0.7,60,1.0
2024-08-16 11:00,0.48,0.3,0.9,60,1.0
2024-08-16 12:00,0.41,0.3,0.6,60,1.0
2024-08-16 13:00,0.45,0.3,0.7,60,1.0
2024-08-16 14:00,0.48,0.3,0.6,60,1.0
2024-08-16 15:00,0.57,0.3,0.8,59,0.983
2024-08-16 16:00,0.61,0.3,0.9,60,1.0
2024-08-16 17:00,0.53,0.3,1.2,60,1.0
2024-08-16 18:00,0.5,0.3,0.7,60,1.0
2024-08-16 19:00,0.57,0.3,1.1,60,1.0
2024-08-16 20:00,0.69,0.3,1.2,60,1.0
2024-08-16 21:00,0.64,0.3,1.5,60,1.0
2024-08-16 22:00,0.74,0.3,1.3,60,1.0
2024-08-16 23:00,0.8,0.3,1.2,60,1.0
2024-08-17 00:00,0.85,0.2,1.6,60,1.0
2024-08-17 01:00,1.6,0.3,1.9,59,0.983
2024-08-17 02:00,1.92,1.7,2.1,60,1.0
2024-08-17 03:00,1.79,0.3,2.3,60,1.0
2024-08-17 04:00,1.55,0.3,2.3,60,1.0
2024-08-17 05:00,2.24,2.1,2.4,60,1.0
2024-08-17 06:00,2.35,2.2,2.6,60,1.0
2024-08-17 07:00,2.46,2.3,2.6,60,1.0
2024-08-17 08:00,1.73,0.3,2.6,59,0.983
2024-08-17 09:00,2.45,0.4,2.7,60,1.0
2024-08-17 10:00,2.63,2.4,2.8,60,1.0
2024-08-17 11:00,3.14,2.6,4.4,60,1.0
2024-08-17 12:00,4.85,4.1,5.5,60,1.0
2024-08-17 13:00,5.29,0.4,5.8,59,0.983
2024-08-17 14:00,0.54,0.3,5.5,60,1.0
2024-08-17 15:00,0.39,0.3,0.5,59,0.983
2024-08-17 16:00,0.39,0.3,0.5,60,1.0
2024-08-17 17:00,0.4,0.3,0.6,60,1.0
2024-08-17 18:00,0.43,0.3,0.6,60,1.0
2024-08-17 19:00,0.45,0.3,0.6,60,1.0
2024-08-17 20:00,0.48,0.3,0.7,60,1.0
2024-08-17 21:00,0.48,0.3,0.6,60,1.0
2024-08-17 22:00,0.5,0.3,0.8,60,1.0
2024-08-17 23:00,0.54,0.3,0.7,60,1.0
2024-08-18 00:00,0.55,0.3,1.1,60,1.0
2024-08-18 01:00,0.79,0.3,1.2,60,1.0
2024-08-18 02:00,0.96,0.3,1.7,60,1.0
2024-08-18 03:00,0.78,0.2,1.7,60,1.0
2024-08-18 04:00,0.42,0.3,0.7,60,1.0
2024-08-18 05:00,0.48,0.3,0.7,48,0.8
2024-08-18 06:00,0.58,0.3,1.1,46,0.767
2024-08-18 07:00,0.41,0.3,0.9,47,0.783
2024-08-18 08:00,0.48,0.3,0.6,60,1.0
2024-08-18 09:00,0.59,0.3,1.1,59,0.983
2024-08-18 10:00,0.86,0.3,1.2,59,0.983
2024-08-18 11:00,0.84,0.2,1.4,57,0.95
2024-08-18 12:00,1.31,0.3,1.7,52,0.867
2024-08-18 13:00,1.42,0.3,1.9,60,1.0
2024-08-18 14:00,1.36,0.3,2.0,60,1.0
2024-08-18 15:00,1.59,0.3,2.1,60,1.0
2024-08-18 16:00,0.41,0.3,1.9,51,0.85
2024-08-18 17:00,0.38,0.3,0.7,53,0.883
2024-08-18 18:00,0.42,0.3,0.7,60,1.0
2024-08-18 19:00,0.42,0.3,0.8,60,1.0
2024-08-18 20:00,0.42,0.3,0.7,60,1.0
2024-08-18 21:00,0.44,0.3,0.7,60,1.0
2024-08-18 22:00,0.44,0.2,1.1,60,1.0
2024-08-18 23:00,0.38,0.3,0.5,60,1.0
2024-08-19 00:00,0.49,0.3,0.8,60,1.0
2024-08-19 01:00,0.57,0.3,1.0,60,1.0
2024-08-19 02:00,0.39,0.3,0.6,59,0.983
2024-08-19 03:00,0.52,0.3,1.0,60,1.0
2024-08-19 04:00,0.48,0.3,1.2,59,0.983
2024-08-19 05:00,0.52,0.2,1.2,60,1.0
2024-08-19 06:00,0.5,0.2,1.3,60,1.0
2024-08-19 07:00,0.4,0.2,0.6,60,1.0
2024-08-19 08:00,0.49,0.3,0.9,60,1.0
2024-08-19 09:00,0.66,0.3,1.3,59,0.983
2024-08-19 10:00,0.59,0.3,1.4,60,1.0
2024-08-19 11:00,0.5,0.3,1.2,60,1.0
2024-08-19 12:00,1.08,0.3,1.5,60,1.0
2024-08-19 13:00,0.74,0.3,1.8,60,1.0
2024-08-19 14:00,0.4,0.3,0.8,60,1.0
2024-08-19 15:00,0.53,0.3,1.1,60,1.0
2024-08-19 16:00,0.53,0.3,1.3,60,1.0
2024-08-19 17:00,0.51,0.3,1.5,60,1.0
2024-08-19 18:00,0.55,0.3,1.0,60,1.0
2024-08-19 19:00,0.62,0.2,1.2,60,1.0
2024-08-19 20:00,0.58,0.3,1.2,60,1.0
2024-08-19 21:00,0.57,0.3,1.3,60,1.0
2024-08-19 22:00,0.82,0.3,1.2,60,1.0
2024-08-19 23:00,0.56,0.3,1.3,60,1.0
2024-08-20 00:00,0.9,0.3,1.6,60,1.0
2024-08-20 11:00,0.54,0.3,0.8,51,0.85
2024-08-20 12:00,0.54,0.3,0.9,60,1.0
2024-08-20 13:00,0.51,0.3,1.1,60,1.0
2024-08-20 14:00,0.61,0.3,1.3,60,1.0
2024-08-20 15:00,0.53,0.4,1.2,60,1.0
2024-08-20 16:00,0.85,0.3,1.4,60,1.0
2024-08-20 17:00,0.52,0.3,1.5,60,1.0
2024-08-20 18:00,0.64,0.3,1.1,60,1.0
2024-08-20 19:00,1.08,0.3,1.6,60,1.0
2024-08-20 20:00,1.44,0.3,2.0,60,1.0
2024-08-20 21:00,1.61,0.3,2.1,60,1.0
2024-08-20 22:00,1.8,0.3,2.1,60,1.0
2024-08-20 23:00,1.86,0.3,2.3,60,1.0
2024-08-21 00:00,1.99,0.3,2.3,60,1.0
2024-08-21 01:00,2.04,0.3,2.5,60,1.0
2024-08-21 02:00,2.07,0.3,2.4,60,1.0
2024-08-21 03:00,2.3,0.3,2.7,60,1.0
2024-08-21 04:00,2.06,0.3,2.7,60,1.0
2024-08-21 05:00,0.6,0.2,2.7,60,1.0
2024-08-21 06:00,4.92,0.3,7.1,60,1.0
2024-08-21 07:00,7.67,6.7,8.4,60,1.0
2024-08-21 08:00,7.63,0.4,8.3,60,1.0
2024-08-21 09:00,4.51,0.3,8.0,60,1.0
2024-08-21 10:00,6.22,3.1,8.6,60,1.0
2024-08-21 11:00,5.22,0.4,8.5,60,1.0
2024-08-21 12:00,6.0,0.3,8.7,60,1.0
2024-08-21 13:00,3.52,0.3,7.7,60,1.0
2024-08-21 14:00,6.19,2.7,7.6,59,0.983
2024-08-21 15:00,3.62,2.5,14.6,60,1.0
2024-08-21 16:00,5.43,0.3,14.8,51,0.85
2024-08-21 17:00,2.37,0.3,14.5,56,0.933
2024-08-21 18:00,7.96,2.6,14.7,60,1.0
2024-08-21 19:00,4.64,2.5,14.1,60,1.0
2024-08-21 20:00,2.68,2.4,3.0,60,1.0
2024-08-21 21:00,2.68,2.6,2.8,60,1.0
2024-08-21 22:00,2.73,2.6,3.0,60,1.0
2024-08-21 23:00,2.72,2.6,3.0,60,1.0
2024-08-22 00:00,2.71,2.5,3.0,60,1.0
2024-08-22 01:00,2.68,2.4,2.8,60,1.0
2024-08-22 02:00,2.7,2.5,3.0,60,1.0
2024-08-22 03:00,0.76,0.3,2.8,60,1.0
2024-08-22 04:00,0.36,0.3,0.4,60,1.0
2024-08-22 05:00,0.37,0.3,0.7,60,1.0
2024-08-22 06:00,0.36,0.3,0.5,60,1.0
2024-08-22 07:00,0.42,0.3,0.6,60,1.0
2024-08-22 08:00,0.52,0.3,0.9,60,1.0
2024-08-22 09:00,0.43,0.3,0.7,60,1.0
2024-08-22 10:00,0.45,0.3,0.9,60,1.0
2024-08-22 11:00,0.5,0.3,0.9,60,1.0
2024-08-22 12:00,0.42,0.3,0.6,60,1.0
2024-08-22 13:00,0.45,0.3,0.6,60,1.0
2024-08-22 14:00,0.57,0.3,0.9,60,1.0
2024-08-22 15:00,0.45,0.2,0.9,60,1.0
2024-08-22 16:00,0.41,0.3,0.6,60,1.0
2024-08-22 17:00,0.47,0.2,0.9,60,1.0
2024-08-22 18:00,0.44,0.3,0.7,60,1.0
2024-08-22 19:00,0.67,0.3,1.2,60,1.0
2024-08-22 20:00,0.68,0.3,1.2,60,1.0
2024-08-22 21:00,0.74,0.3,1.4,60,1.0
2024-08-22 22:00,1.68,1.2,2.1,59,0.983
2024-08-22 23:00,0.47,0.3,1.9,59,0.983
2024-08-23 00:00,0.6,0.3,2.1,60,1.0
2024-08-23 01:00,0.52,0.3,1.2,60,1.0
2024-08-23 02:00,0.6,0.3,1.1,60,1.0
2024-08-23 03:00,0.41,0.3,1.1,60,1.0
2024-08-23 04:00,0.4,0.3,0.6,60,1.0
2024-08-23 05:00,0.4,0.3,0.5,60,1.0
2024-08-23 06:00,0.41,0.3,0.5,60,1.0
2024-08-23 07:00,0.48,0.3,0.8,60,1.0
2024-08-23 08:00,0.52,0.3,1.1,59,0.983
2024-08-23 09:00,0.41,0.3,0.6,60,1.0
2024-08-23 10:00,0.44,0.3,0.6,60,1.0
2024-08-23 11:00,0.58,0.4,0.9,60,1.0
2024-08-23 12:00,0.69,0.3,1.3,60,1.0
2024-08-23 13:00,0.77,0.4,1.3,60,1.0
2024-08-23 14:00,0.37,0.3,0.5,60,1.0
2024-08-23 15:00,0.59,0.3,1.2,59,0.983
2024-08-23 16:00,1.16,0.3,1.7,60,1.0
2024-08-23 17:00,0.74,0.3,1.7,60,1.0
2024-08-23 18:00,0.5,0.3,1.7,60,1.0
2024-08-23 19:00,0.55,0.3,1.1,56,0.933
2024-08-23 20:00,0.68,0.3,1.2,6,0.1
2024-08-24 11:00,1.42,0.5,1.6,13,0.217
2024-08-24 12:00,1.5,0.3,1.9,57,0.95
2024-08-24 13:00,1.1,0.3,2.2,59,0.983
2024-08-24 14:00,0.42,0.3,0.6,60,1.0
2024-08-24 15:00,0.4,0.3,0.6,60,1.0
2024-08-24 16:00,0.41,0.3,0.7,60,1.0
2024-08-24 17:00,0.42,0.3,0.5,60,1.0
2024-08-24 18:00,0.45,0.3,0.7,57,0.95
2024-08-24 19:00,0.57,0.3,1.1,60,1.0
2024-08-24 20:00,0.48,0.2,0.9,60,1.0
2024-08-24 21:00,0.44,0.3,0.8,60,1.0
2024-08-24 22:00,0.42,0.3,0.6,60,1.0
2024-08-24 23:00,0.57,0.3,0.9,60,1.0
2024-08-25 00:00,0.66,0.3,1.2,60,1.0
2024-08-25 01:00,0.88,0.3,1.3,60,1.0
2024-08-25 02:00,0.36,0.3,0.5,60,1.0
2024-08-25 03:00,0.62,0.3,1.1,60,1.0
2024-08-25 04:00,0.99,0.3,1.5,60,1.0
2024-08-25 05:00,0.63,0.3,1.7,60,1.0
2024-08-25 06:00,0.39,0.3,1.2,60,1.0
2024-08-25 07:00,0.6,0.3,1.5,60,1.0
2024-08-25 08:00,0.52,0.3,1.4,60,1.0
2024-08-25 09:00,0.42,0.3,0.6,60,1.0
2024-08-25 10:00,0.51,0.3,0.9,60,1.0
2024-08-25 11:00,0.43,0.3,0.7,60,1.0
2024-08-25 12:00,0.44,0.3,0.7,60,1.0
2024-08-25 13:00,0.53,0.3,1.1,60,1.0
2024-08-25 14:00,0.37,0.3,0.5,59,0.983
2024-08-25 15:00,0.41,0.3,0.5,60,1.0
2024-08-25 16:00,0.43,0.3,0.7,60,1.0
2024-08-25 17:00,0.51,0.3,0.7,60,1.0
2024-08-25 18:00,0.75,0.4,1.1,60,1.0
2024-08-25 19:00,0.59,0.3,1.4,60,1.0
2024-08-25 20:00,0.48,0.2,1.2,60,1.0
2024-08-25 21:00,0.36,0.2,0.5,60,1.0
2024-08-25 22:00,0.42,0.3,0.7,60,1.0
2024-08-25 23:00,0.44,0.3,0.5,60,1.0
2024-08-26 00:00,0.63,0.3,1.0,60,1.0
2024-08-26 01:00,0.5,0.2,1.1,60,1.0
2024-08-26 02:00,0.42,0.3,0.6,56,0.933
2024-08-26 03:00,0.46,0.3,0.6,45,0.75
2024-08-26 04:00,0.48,0.3,0.9,58,0.967
2024-08-26 05:00,0.39,0.3,0.5,60,1.0
2024-08-26 06:00,0.45,0.3,0.6,60,1.0
2024-08-26 07:00,0.6,0.3,1.0,60,1.0
2024-08-26 08:00,0.6,0.3,1.1,60,1.0
2024-08-26 09:00,0.73,0.3,1.1,60,1.0
2024-08-26 10:00,0.59,0.3,1.0,60,1.0
2024-08-26 11:00,0.47,0.3,1.0,60,1.0
2024-08-26 12:00,0.44,0.3,0.6,60,1.0
2024-08-26 13:00,0.39,0.3,0.5,60,1.0
2024-08-26 14:00,0.44,0.3,0.6,60,1.0
2024-08-26 15:00,0.46,0.3,0.6,60,1.0
2024-08-26 16:00,0.75,0.4,1.1,60,1.0
2024-08-26 17:00,0.71,0.3,1.2,60,1.0
2024-08-26 18:00,0.39,0.3,0.6,60,1.0
2024-08-26 19:00,0.47,0.3,0.9,60,1.0
2024-08-26 20:00,0.55,0.2,1.1,60,1.0
2024-08-26 21:00,0.86,0.3,1.5,60,1.0
2024-08-26 22:00,0.74,0.3,1.7,60,1.0
2024-08-26 23:00,0.44,0.3,0.7,60,1.0
2024-08-27 00:00,0.66,0.3,1.2,60,1.0
2024-08-27 01:00,0.49,0.3,1.3,60,1.0
2024-08-27 02:00,0.46,0.3,0.9,60,1.0
2024-08-27 03:00,0.8,0.3,1.4,60,1.0
2024-08-27 04:00,0.46,0.3,0.9,59,0.983
2024-08-27 05:00,0.53,0.3,1.1,60,1.0
2024-08-27 06:00,0.44,0.3,1.1,60,1.0
2024-08-27 07:00,0.37,0.3,0.6,60,1.0
2024-08-27 08:00,0.46,0.3,0.7,60,1.0
2024-08-27 09:00,0.39,0.3,0.6,60,1.0
2024-08-27 10:00,0.38,0.3,0.6,60,1.0
2024-08-27 11:00,0.44,0.3,0.6,60,1.0
2024-08-27 12:00,0.41,0.3,0.5,60,1.0
2024-08-27 13:00,0.39,0.3,0.6,58,0.967
2024-08-27 14:00,0.38,0.2,0.5,60,1.0
2024-08-27 15:00,0.38,0.3,0.6,60,1.0
2024-08-27 16:00,0.37,0.2,0.5,60,1.0
2024-08-27 17:00,0.37,0.3,0.5,60,1.0
2024-08-27 18:00,0.36,0.2,0.5,60,1.0
2024-08-27 19:00,0.38,0.3,0.6,60,1.0
2024-08-27 20:00,0.38,0.3,0.5,60,1.0
2024-08-27 21:00,0.4,0.3,0.7,60,1.0
2024-08-27 22:00,0.37,0.2,0.5,60,1.0
2024-08-27 23:00,0.38,0.3,0.5,60,1.0
2024-08-28 00:00,0.37,0.2,0.6,60,1.0
2024-08-28 01:00,0.38,0.3,0.5,60,1.0
2024-08-28 02:00,0.38,0.3,0.6,60,1.0
2024-08-28 03:00,0.37,0.2,0.5,60,1.0
2024-08-28 04:00,0.38,0.2,0.6,60,1.0
2024-08-28 05:00,0.39,0.3,0.5,60,1.0
2024-08-28 06:00,0.38,0.3,0.9,60,1.0
2024-08-28 07:00,0.4,0.3,0.6,49,0.817
2024-08-28 08:00,0.41,0.3,0.6,54,0.9
2024-08-28 09:00,0.43,0.3,1.0,60,1.0
2024-08-28 10:00,0.44,0.3,0.6,60,1.0
2024-08-28 11:00,0.4,0.3,0.9,60,1.0
2024-08-28 12:00,0.39,0.3,0.6,60,1.0
2024-08-28 13:00,0.42,0.3,0.6,58,0.967
2024-08-28 14:00,0.45,0.3,1.4,60,1.0
2024-08-28 15:00,0.42,0.3,0.7,60,1.0
2024-08-28 16:00,0.42,0.3,0.6,58,0.967
2024-08-28 17:00,0.39,0.2,0.8,60,1.0
2024-08-28 18:00,0.42,0.3,0.7,60,1.0
2024-08-28 19:00,0.44,0.3,0.9,60,1.0
2024-08-28 20:00,0.4,0.3,0.8,60,1.0
2024-08-28 21:00,0.37,0.3,0.5,60,1.0
2024-08-28 22:00,0.42,0.3,1.2,60,1.0
2024-08-28 23:00,0.37,0.2,0.6,60,1.0
2024-08-29 00:00,0.36,0.3,0.5,60,1.0
2024-08-29 01:00,0.49,0.3,0.8,60,1.0
2024-08-29 02:00,0.41,0.3,0.7,53,0.883
2024-08-29 03:00,0.4,0.3,0.8,60,1.0
2024-08-29 04:00,0.4,0.2,0.6,59,0.983
2024-08-29 05:00,0.35,0.2,0.5,60,1.0
2024-08-29 06:00,0.4,0.2,0.8,60,1.0
2024-08-29 07:00,0.44,0.3,0.8,60,1.0
2024-08-29 08:00,0.41,0.3,0.9,60,1.0
2024-08-29 09:00,0.43,0.3,1.1,60,1.0
2024-08-29 10:00,0.46,0.3,1.1,60,1.0
2024-08-29 11:00,0.45,0.3,1.1,60,1.0
2024-08-29 12:00,0.47,0.3,0.7,60,1.0
2024-08-29 13:00,0.54,0.3,0.9,60,1.0
2024-08-29 14:00,0.36,0.3,0.5,59,0.983
2024-08-29 15:00,0.44,0.3,0.7,60,1.0
2024-08-29 16:00,0.49,0.3,1.0,60,1.0
2024-08-29 17:00,0.74,0.3,1.4,60,1.0
2024-08-29 18:00,0.67,0.3,1.7,60,1.0
2024-08-29 19:00,0.57,0.3,1.6,60,1.0
2024-08-29 20:00,0.46,0.3,1.0,60,1.0
2024-08-29 21:00,0.36,0.3,0.5,59,0.983
2024-08-29 22:00,0.41,0.3,0.6,60,1.0
2024-08-29 23:00,0.43,0.3,0.6,60,1.0
2024-08-30 00:00,0.54,0.3,0.9,60,1.0
2024-08-30 01:00,0.48,0.3,0.8,60,1.0
2024-08-30 02:00,0.5,0.3,0.8,60,1.0
2024-08-30 03:00,0.54,0.3,1.0,60,1.0
2024-08-30 04:00,0.42,0.3,0.8,60,1.0
2024-08-30 05:00,0.37,0.3,0.5,60,1.0
2024-08-30 06:00,0.43,0.3,0.7,60,1.0
2024-08-30 07:00,0.52,0.3,0.9,60,1.0
2024-08-30 08:00,0.5,0.3,1.6,60,1.0
2024-08-30 09:00,0.55,0.3,1.7,60,1.0
2024-08-30 10:00,0.39,0.3,0.5,60,1.0
2024-08-30 11:00,0.38,0.3,0.5,59,0.983
2024-08-30 12:00,0.38,0.3,0.6,60,1.0
2024-08-30 13:00,0.42,0.3,0.6,60,1.0
2024-08-30 14:00,0.53,0.3,0.9,60,1.0
2024-08-30 15:00,0.86,0.3,1.7,60,1.0
2024-08-30 16:00,0.46,0.3,1.2,60,1.0
2024-08-30 17:00,0.48,0.3,1.3,60,1.0
2024-08-30 18:00,0.38,0.3,0.6,60,1.0
2024-08-30 19:00,0.4,0.3,0.6,60,1.0
2024-08-30 20:00,0.42,0.2,0.7,60,1.0
2024-08-30 21:00,0.37,0.2,0.5,60,1.0
2024-08-30 22:00,0.35,0.2,0.5,60,1.0
2024-08-30 23:00,0.52,0.3,1.1,60,1.0
2024-08-31 00:00,0.62,0.3,1.4,60,1.0
2024-08-31 01:00,0.36,0.2,0.5,60,1.0
2024-08-31 02:00,0.38,0.2,0.6,60,1.0
2024-08-31 03:00,0.49,0.3,0.8,60,1.0
2024-08-31 04:00,0.7,0.3,1.4,60,1.0
2024-08-31 05:00,0.84,0.3,1.8,60,1.0
2024-08-31 06:00,0.36,0.3,0.5,60,1.0
2024-08-31 07:00,0.38,0.2,0.5,60,1.0
2024-08-31 08:00,0.56,0.3,0.9,60,1.0
2024-08-31 09:00,0.7,0.3,1.7,60,1.0
2024-08-31 10:00,1.79,1.5,2.0,60,1.0
2024-08-31 11:00,0.57,0.3,2.0,60,1.0
2024-08-31 12:00,0.37,0.3,0.5,60,1.0
2024-08-31 13:00,0.46,0.3,0.8,60,1.0
2024-08-31 14:00,0.65,0.3,1.4,60,1.0
2024-08-31 15:00,0.5,0.3,1.6,60,1.0
2024-08-31 16:00,0.55,0.3,1.0,60,1.0
2024-08-31 17:00,0.46,0.3,0.8,60,1.0
2024-08-31 18:00,0.43,0.3,0.8,60,1.0
2024-08-31 19:00,0.36,0.2,0.5,60,1.0
2024-08-31 20:00,0.42,0.3,0.7,60,1.0
2024-08-31 21:00,0.38,0.3,0.5,60,1.0
2024-08-31 22:00,0.41,0.2,0.7,60,1.0
2024-08-31 23:00,0.46,0.3,0.8,60,1.0
2024-09-01 00:00,0.54,0.3,0.9,60,1.0
2024-09-01 01:00,0.38,0.3,0.6,60,1.0
2024-09-01 02:00,0.38,0.3,0.6,60,1.0
2024-09-01 03:00,0.39,0.3,0.6,60,1.0
2024-09-01 04:00,0.44,0.3,0.6,60,1.0
2024-09-01 05:00,0.38,0.2,0.5,60,1.0
2024-09-01 06:00,0.39,0.3,0.6,60,1.0
2024-09-01 07:00,0.42,0.3,0.5,60,1.0
2024-09-01 08:00,0.47,0.3,0.9,57,0.95
2024-09-01 09:00,0.4,0.3,0.7,60,1.0
2024-09-01 10:00,0.42,0.3,0.5,60,1.0
2024-09-01 11:00,0.45,0.3,0.8,60,1.0
2024-09-01 12:00,0.4,0.3,0.6,60,1.0
2024-09-01 13:00,0.37,0.3,0.5,58,0.967
2024-09-01 14:00,0.41,0.3,0.6,60,1.0
2024-09-01 15:00,0.39,0.3,0.5,58,0.967
2024-09-01 16:00,0.43,0.3,0.6,49,0.817
2024-09-01 17:00,0.43,0.3,0.6,53,0.883
2024-09-01 18:00,0.41,0.3,0.6,50,0.833
2024-09-01 19:00,0.41,0.3,0.6,58,0.967
2024-09-01 20:00,0.4,0.3,0.6,59,0.983
2024-09-01 21:00,0.4,0.3,0.5,60,1.0
2024-09-01 22:00,0.4,0.3,0.6,60,1.0
2024-09-01 23:00,0.43,0.3,0.6,60,1.0
2024-09-02 00:00,0.41,0.3,0.8,60,1.0
2024-09-02 01:00,0.4,0.3,0.8,60,1.0
2024-09-02 02:00,0.41,0.2,0.7,60,1.0
2024-09-02 03:00,0.43,0.3,0.7,60,1.0
2024-09-02 04:00,0.43,0.3,0.8,60,1.0
2024-09-02 05:00,0.42,0.3,0.6,60,1.0
2024-09-02 06:00,0.39,0.3,0.6,60,1.0
2024-09-02 07:00,0.4,0.3,0.5,60,1.0
2024-09-02 08:00,0.46,0.3,0.8,60,1.0
2024-09-02 09:00,0.44,0.3,0.6,59,0.983
2024-09-02 10:00,0.46,0.3,1.0,59,0.983
2024-09-02 11:00,0.44,0.3,1.4,60,1.0
2024-09-02 12:00,0.45,0.3,0.7,60,1.0
2024-09-02 13:00,0.44,0.3,1.4,60,1.0
2024-09-02 14:00,0.47,0.3,0.9,60,1.0
2024-09-02 15:00,0.38,0.3,0.5,58,0.967
2024-09-02 16:00,0.4,0.3,0.6,60,1.0
2024-09-02 17:00,0.61,0.3,1.1,60,1.0
2024-09-02 18:00,0.42,0.3,0.7,60,1.0
2024-09-02 19:00,0.45,0.3,0.8,60,1.0
2024-09-02 20:00,0.41,0.3,0.8,59,0.983
2024-09-02 21:00,0.44,0.2,0.9,60,1.0
2024-09-02 22:00,0.38,0.3,0.5,60,1.0
2024-09-02 23:00,0.41,0.3,0.7,60,1.0
2024-09-03 00:00,0.42,0.3,0.7,60,1.0
2024-09-03 01:00,0.48,0.3,0.9,60,1.0
2024-09-03 02:00,0.49,0.3,1.0,59,0.983
2024-09-03 03:00,0.42,0.3,0.7,59,0.983
2024-09-03 04:00,0.36,0.3,0.5,60,1.0
2024-09-03 05:00,0.36,0.3,0.5,59,0.983
2024-09-03 06:00,0.37,0.3,0.5,60,1.0
2024-09-03 07:00,0.36,0.2,0.5,59,0.983
2024-09-03 08:00,0.44,0.2,0.8,60,1.0
2024-09-03 09:00,0.42,0.3,0.8,57,0.95
2024-09-03 10:00,0.63,0.3,1.4,60,1.0
2024-09-03 11:00,0.44,0.2,1.0,60,1.0
2024-09-03 12:00,0.46,0.2,1.0,60,1.0
2024-09-03 13:00,0.79,0.2,1.5,60,1.0
2024-09-03 14:00,0.58,0.2,1.5,59,0.983
2024-09-03 15:00,1.32,0.2,1.7,60,1.0
2024-09-03 16:00,1.17,0.3,1.9,60,1.0
2024-09-03 17:00,0.36,0.3,0.5,60,1.0
2024-09-03 18:00,0.37,0.3,0.5,60,1.0
2024-09-03 19:00,0.37,0.3,0.5,59,0.983
2024-09-03 20:00,0.41,0.3,0.7,59,0.983
2024-09-03 21:00,0.48,0.3,0.7,60,1.0
2024-09-03 22:00,0.48,0.3,1.0,60,1.0
2024-09-03 23:00,0.38,0.3,0.6,60,1.0
2024-09-04 00:00,0.52,0.3,0.9,60,1.0
2024-09-04 01:00,0.47,0.3,0.8,47,0.783
2024-09-04 02:00,0.51,0.3,0.9,58,0.967
2024-09-04 03:00,0.64,0.3,1.3,60,1.0
2024-09-04 04:00,0.36,0.3,0.5,60,1.0
2024-09-04 05:00,0.41,0.2,0.6,60,1.0
2024-09-04 06:00,0.41,0.2,0.8,60,1.0
2024-09-04 07:00,0.55,0.3,1.1,60,1.0
2024-09-04 08:00,0.45,0.3,1.0,60,1.0
2024-09-04 09:00,0.4,0.2,0.6,60,1.0
2024-09-04 10:00,0.45,0.3,0.8,60,1.0
2024-09-04 11:00,0.43,0.3,0.7,60,1.0
2024-09-04 12:00,0.4,0.2,0.6,60,1.0
2024-09-04 13:00,0.45,0.3,0.8,60,1.0
2024-09-04 14:00,0.59,0.3,1.0,60,1.0
2024-09-04 15:00,0.52,0.2,1.1,60,1.0
2024-09-04 16:00,0.55,0.3,1.0,60,1.0
2024-09-04 17:00,0.37,0.3,0.5,60,1.0
2024-09-04 18:00,0.43,0.3,0.6,60,1.0
2024-09-04 19:00,0.45,0.3,0.8,60,1.0
2024-09-04 20:00,0.45,0.3,0.8,60,1.0
2024-09-04 21:00,0.64,0.3,1.1,60,1.0
2024-09-04 22:00,0.58,0.2,1.1,60,1.0
2024-09-04 23:00,0.44,0.3,1.0,60,1.0
2024-09-05 00:00,0.38,0.3,0.5,60,1.0
2024-09-05 01:00,0.4,0.2,0.6,60,1.0
2024-09-05 02:00,0.42,0.3,0.6,60,1.0
2024-09-05 03:00,0.46,0.3,0.8,60,1.0
2024-09-05 04:00,0.5,0.3,1.0,60,1.0
2024-09-05 05:00,0.47,0.3,1.0,60,1.0
2024-09-05 06:00,0.42,0.3,0.6,60,1.0
2024-09-05 07:00,0.54,0.3,1.1,60,1.0
2024-09-05 08:00,0.53,0.3,1.2,60,1.0
2024-09-05 09:00,0.57,0.3,1.1,60,1.0
2024-09-05 10:00,0.97,0.3,1.5,60,1.0
2024-09-05 11:00,1.45,0.7,1.7,60,1.0
2024-09-05 12:00,0.56,0.2,1.7,60,1.0
2024-09-05 13:00,0.37,0.3,0.7,59,0.983
2024-09-05 14:00,0.35,0.3,0.5,60,1.0
2024-09-05 15:00,0.37,0.2,0.6,44,0.733
2024-09-05 16:00,0.4,0.3,0.6,46,0.767
2024-09-05 17:00,0.68,0.3,0.9,55,0.917
2024-09-05 18:00,0.5,0.3,1.1,60,1.0
2024-09-05 19:00,0.61,0.3,1.0,60,1.0
2024-09-05 20:00,0.76,0.3,1.4,60,1.0
2024-09-05 21:00,0.38,0.2,0.6,60,1.0
2024-09-05 22:00,0.36,0.2,0.5,60,1.0
2024-09-05 23:00,0.42,0.2,0.6,60,1.0
2024-09-06 00:00,0.49,0.2,0.9,60,1.0
2024-09-06 01:00,0.56,0.2,1.1,60,1.0
2024-09-06 02:00,0.56,0.2,0.9,60,1.0
2024-09-06 03:00,0.64,0.2,1.4,60,1.0
2024-09-06 04:00,0.42,0.3,0.7,60,1.0
2024-09-06 05:00,0.47,0.2,1.0,60,1.0
2024-09-06 06:00,0.55,0.2,1.2,60,1.0
2024-09-06 07:00,0.51,0.2,1.3,60,1.0
2024-09-06 08:00,0.46,0.3,1.2,59,0.983
2024-09-06 09:00,0.62,0.3,1.2,60,1.0
2024-09-06 10:00,0.46,0.2,1.1,60,1.0
2024-09-06 11:00,0.44,0.2,0.8,60,1.0
2024-09-06 12:00,0.38,0.2,0.5,59,0.983
2024-09-06 13:00,0.51,0.3,0.9,59,0.983
2024-09-06 14:00,1.0,0.3,1.5,60,1.0
2024-09-06 15:00,0.92,0.2,1.6,60,1.0
2024-09-06 16:00,0.41,0.2,0.5,60,1.0
2024-09-06 17:00,0.4,0.3,0.7,60,1.0
2024-09-06 18:00,0.43,0.2,0.9,60,1.0
2024-09-06 19:00,0.45,0.2,0.8,60,1.0
2024-09-06 20:00,0.42,0.3,0.8,60,1.0
2024-09-06 21:00,0.37,0.2,0.5,59,0.983
2024-09-06 22:00,0.38,0.2,0.5,60,1.0
2024-09-06 23:00,0.42,0.3,0.7,60,1.0
2024-09-07 00:00,0.64,0.3,1.1,59,0.983
2024-09-07 01:00,0.38,0.2,0.5,60,1.0
2024-09-07 02:00,0.42,0.3,0.6,60,1.0
2024-09-07 03:00,0.56,0.2,1.0,59,0.983
2024-09-07 04:00,0.4,0.3,0.6,60,1.0
2024-09-07 05:00,0.62,0.2,1.1,60,1.0
2024-09-07 06:00,0.47,0.3,0.9,60,1.0
2024-09-07 07:00,0.82,0.4,1.3,60,1.0
2024-09-07 08:00,0.64,0.2,1.4,60,1.0
2024-09-07 09:00,0.41,0.3,0.6,60,1.0
2024-09-07 10:00,0.52,0.3,0.9,60,1.0
2024-09-07 11:00,0.54,0.3,0.9,60,1.0
2024-09-07 12:00,0.45,0.3,0.7,60,1.0
2024-09-07 13:00,0.42,0.3,0.6,60,1.0
2024-09-07 14:00,0.49,0.3,0.7,60,1.0
2024-09-07 15:00,0.94,0.5,1.5,60,1.0
2024-09-07 16:00,1.38,1.1,1.8,60,1.0
2024-09-07 17:00,1.12,0.3,1.7,60,1.0
2024-09-07 18:00,0.38,0.3,0.6,60,1.0
2024-09-07 19:00,0.4,0.2,0.8,60,1.0
2024-09-07 20:00,0.44,0.3,1.0,60,1.0
2024-09-07 21:00,0.39,0.3,0.6,60,1.0
2024-09-07 22:00,0.42,0.2,0.7,60,1.0
2024-09-07 23:00,0.46,0.2,0.8,60,1.0
2024-09-08 00:00,0.44,0.3,0.8,60,1.0
2024-09-08 01:00,0.45,0.3,1.0,53,0.883
2024-09-08 02:00,0.42,0.3,0.6,50,0.833
2024-09-08 03:00,0.58,0.3,1.1,59,0.983
2024-09-08 04:00,0.55,0.3,1.2,60,1.0
2024-09-08 05:00,0.63,0.3,1.2,60,1.0
2024-09-08 06:00,0.84,0.3,1.4,60,1.0
2024-09-08 07:00,0.89,0.3,1.6,60,1.0
2024-09-08 08:00,0.49,0.3,0.8,60,1.0
2024-09-08 09:00,0.49,0.2,0.7,60,1.0
2024-09-08 10:00,0.5,0.3,0.9,60,1.0
2024-09-08 11:00,1.12,0.5,1.5,60,1.0
2024-09-08 12:00,1.5,1.3,1.7,60,1.0
2024-09-08 13:00,1.03,0.3,1.8,60,1.0
2024-09-08 14:00,1.3,0.3,2.4,60,1.0
2024-09-08 15:00,0.4,0.3,0.7,60,1.0
2024-09-08 16:00,0.43,0.3,0.6,60,1.0
2024-09-08 17:00,0.44,0.2,0.6,60,1.0
2024-09-08 18:00,0.45,0.3,0.7,60,1.0
2024-09-08 19:00,0.42,0.3,0.6,60,1.0
2024-09-08 20:00,0.41,0.2,0.7,60,1.0
2024-09-08 21:00,0.38,0.2,0.6,60,1.0
2024-09-08 22:00,0.45,0.3,0.6,60,1.0
2024-09-08 23:00,0.42,0.3,0.7,60,1.0
2024-09-09 00:00,0.43,0.3,0.6,60,1.0
2024-09-09 01:00,0.66,0.3,1.1,60,1.0
2024-09-09 02:00,0.49,0.3,1.1,60,1.0
2024-09-09 03:00,0.41,0.2,0.6,60,1.0
2024-09-09 04:00,0.4,0.2,0.5,60,1.0
2024-09-09 05:00,0.49,0.3,0.7,60,1.0
2024-09-09 06:00,0.51,0.2,0.9,60,1.0
2024-09-09 07:00,3.04,0.2,5.8,60,1.0
2024-09-09 08:00,7.0,5.0,8.2,57,0.95
2024-09-09 09:00,8.32,7.3,8.9,60,1.0
2024-09-09 10:00,8.15,7.7,9.1,60,1.0
2024-09-09 11:00,14.8,8.2,23.7,60,1.0
2024-09-09 12:00,23.02,20.9,25.6,60,1.0
2024-09-09 13:00,20.42,19.7,21.8,60,1.0
2024-09-09 14:00,19.22,17.8,20.2,60,1.0
2024-09-09 15:00,18.81,16.5,19.2,60,1.0
2024-09-09 16:00,18.23,16.2,20.8,60,1.0
2024-09-09 17:00,16.87,15.5,20.5,60,1.0
2024-09-09 18:00,15.78,15.3,16.3,60,1.0
2024-09-09 19:00,15.52,14.9,16.0,60,1.0
2024-09-09 20:00,15.17,14.6,15.6,60,1.0
2024-09-09 21:00,14.85,14.3,15.3,55,0.917
2024-09-09 22:00,14.98,14.7,15.3,47,0.783
2024-09-09 23:00,15.44,13.9,16.4,54,0.9
2024-09-10 00:00,16.17,13.6,17.8,60,1.0
2024-09-10 01:00,15.03,14.0,18.1,48,0.8
2024-09-10 02:00,16.2,13.6,19.0,53,0.883
2024-09-10 03:00,14.6,13.9,15.4,56,0.933
2024-09-10 04:00,14.74,13.4,16.4,60,1.0
2024-09-10 05:00,14.24,13.8,14.6,60,1.0
2024-09-10 06:00,14.14,13.7,14.6,60,1.0
2024-09-10 07:00,14.04,13.7,14.4,60,1.0
2024-09-10 08:00,13.93,13.4,14.4,60,1.0
2024-09-10 09:00,13.85,13.4,14.5,60,1.0
2024-09-10 10:00,14.52,13.7,15.3,60,1.0
2024-09-10 11:00,14.11,13.3,16.0,60,1.0
2024-09-10 12:00,13.43,13.1,13.9,60,1.0
2024-09-10 13:00,13.24,12.9,13.6,60,1.0
2024-09-10 14:00,13.08,12.5,13.7,60,1.0
2024-09-10 15:00,12.82,12.5,13.2,60,1.0
2024-09-10 16:00,13.31,12.6,14.7,60,1.0
2024-09-10 17:00,12.76,11.1,15.6,60,1.0
2024-09-10 18:00,12.95,11.9,14.8,60,1.0
2024-09-10 19:00,12.19,11.9,12.5,60,1.0
2024-09-10 20:00,12.4,12.0,13.3,60,1.0
2024-09-10 21:00,14.72,12.2,17.1,60,1.0
2024-09-10 22:00,13.16,11.9,15.8,60,1.0
2024-09-10 23:00,15.64,11.8,17.9,60,1.0
2024-09-11 00:00,15.32,11.0,18.5,60,1.0
2024-09-11 01:00,12.53,12.1,12.8,60,1.0
2024-09-11 02:00,12.63,12.3,12.9,59,0.983
2024-09-11 03:00,12.72,12.5,13.1,59,0.983
2024-09-11 04:00,12.86,12.5,13.3,60,1.0
2024-09-11 05:00,13.02,12.7,13.4,60,1.0
2024-09-11 06:00,13.12,12.8,13.4,60,1.0
2024-09-11 07:00,13.15,12.8,13.5,60,1.0
2024-09-11 08:00,13.08,12.8,13.4,60,1.0
2024-09-11 09:00,13.1,12.8,13.4,60,1.0
2024-09-11 10:00,12.88,12.5,13.2,60,1.0
2024-09-11 11:00,12.57,12.2,13.1,60,1.0
2024-09-11 12:00,13.13,11.9,14.9,60,1.0
2024-09-11 13:00,12.16,11.0,15.2,60,1.0
2024-09-11 14:00,12.06,11.4,14.1,60,1.0
2024-09-11 15:00,11.96,10.7,13.5,60,1.0
2024-09-11 16:00,12.03,11.4,13.8,60,1.0
2024-09-11 17:00,11.88,11.0,14.0,60,1.0
2024-09-11 18:00,12.43,9.8,15.6,60,1.0
2024-09-11 19:00,11.92,11.2,12.4,60,1.0
2024-09-11 20:00,12.06,11.1,14.3,60,1.0
2024-09-11 21:00,12.69,11.0,16.0,60,1.0
2024-09-11 22:00,12.01,11.4,12.8,60,1.0
2024-09-11 23:00,12.78,11.5,14.2,60,1.0
2024-09-12 00:00,14.03,11.3,16.8,60,1.0
2024-09-12 01:00,12.39,11.2,16.7,60,1.0
2024-09-12 02:00,13.66,9.8,17.3,60,1.0
2024-09-12 03:00,15.4,8.8,18.0,60,1.0
2024-09-12 04:00,14.2,10.8,17.7,60,1.0
2024-09-12 05:00,15.46,11.5,18.4,60,1.0
2024-09-12 06:00,18.81,18.0,19.8,60,1.0
2024-09-12 07:00,19.78,19.2,20.2,60,1.0
2024-09-12 08:00,18.33,11.0,20.6,56,0.933
2024-09-12 09:00,15.67,12.0,20.9,48,0.8
2024-09-12 10:00,18.34,10.1,20.6,59,0.983
2024-09-12 11:00,19.42,0.6,21.0,58,0.967
2024-09-12 12:00,15.87,0.5,21.3,59,0.983
2024-09-12 13:00,16.42,10.9,21.4,60,1.0
2024-09-12 14:00,18.15,5.1,22.0,60,1.0
2024-09-12 15:00,10.86,10.6,11.1,60,1.0
2024-09-12 16:00,10.78,10.3,11.0,60,1.0
2024-09-12 17:00,10.9,10.6,11.5,60,1.0
2024-09-12 18:00,11.28,10.8,11.7,60,1.0
2024-09-12 19:00,11.66,10.1,13.9,60,1.0
2024-09-12 20:00,11.79,11.0,12.5,60,1.0
2024-09-12 21:00,13.24,9.6,16.8,60,1.0
2024-09-12 22:00,15.35,14.0,18.1,60,1.0
2024-09-12 23:00,16.92,15.2,18.7,60,1.0
2024-09-13 00:00,16.48,16.0,18.2,60,1.0
2024-09-13 01:00,16.13,15.5,16.7,60,1.0
2024-09-13 02:00,16.76,16.2,17.3,60,1.0
2024-09-13 03:00,17.08,16.7,17.4,60,1.0
2024-09-13 04:00,17.15,16.7,17.5,60,1.0
2024-09-13 05:00,17.51,17.1,18.0,60,1.0
2024-09-13 06:00,17.96,17.4,18.6,60,1.0
2024-09-13 07:00,19.12,17.1,22.1,59,0.983
2024-09-13 08:00,19.08,13.9,22.6,60,1.0
2024-09-13 09:00,22.82,17.8,23.9,60,1.0
2024-09-13 10:00,19.12,17.8,21.7,60,1.0
2024-09-13 11:00,19.33,16.9,24.3,60,1.0
2024-09-13 12:00,19.27,16.8,21.7,60,1.0
2024-09-13 13:00,18.69,17.3,21.6,59,0.983
2024-09-13 14:00,17.75,17.2,18.9,59,0.983
2024-09-13 15:00,18.85,17.3,20.9,59,0.983
2024-09-13 16:00,18.06,16.4,22.4,60,1.0
2024-09-13 17:00,18.21,15.9,21.2,60,1.0
2024-09-13 18:00,17.57,15.8,20.6,60,1.0
2024-09-13 19:00,19.15,16.9,22.5,60,1.0
2024-09-13 20:00,19.73,17.4,22.7,60,1.0
2024-09-13 21:00,18.89,17.9,20.9,60,1.0
2024-09-13 22:00,19.62,18.2,21.5,59,0.983
2024-09-13 23:00,19.48,18.2,21.5,59,0.983
2024-09-14 00:00,19.68,18.8,20.7,60,1.0
2024-09-14 01:00,20.35,18.6,21.6,59,0.983
2024-09-14 02:00,20.99,18.3,24.0,60,1.0
2024-09-14 03:00,20.08,19.0,22.6,59,0.983
2024-09-14 04:00,20.54,19.2,23.3,60,1.0
2024-09-14 05:00,20.49,19.0,23.2,60,1.0
2024-09-14 06:00,20.63,19.1,23.3,60,1.0
2024-09-14 07:00,20.49,19.1,23.1,60,1.0
2024-09-14 08:00,20.82,20.0,24.3,60,1.0
2024-09-14 09:00,21.19,19.7,23.9,60,1.0
2024-09-14 10:00,21.06,19.7,23.3,60,1.0
2024-09-14 11:00,21.64,19.5,24.0,60,1.0
2024-09-14 12:00,22.22,18.8,25.8,60,1.0
2024-09-14 13:00,21.61,18.1,25.0,60,1.0
2024-09-14 14:00,20.8,19.6,22.1,60,1.0
2024-09-14 15:00,21.81,19.3,24.8,60,1.0
2024-09-14 16:00,23.45,19.6,25.8,60,1.0
2024-09-14 17:00,23.39,19.5,25.7,60,1.0
2024-09-14 18:00,21.11,19.5,25.7,60,1.0
2024-09-14 19:00,19.86,19.3,20.7,59,0.983
2024-09-14 20:00,20.18,19.6,21.1,60,1.0
2024-09-14 21:00,20.37,19.3,22.0,59,0.983
2024-09-14 22:00,20.14,19.5,22.8,60,1.0
2024-09-14 23:00,20.26,19.8,20.7,60,1.0
2024-09-15 00:00,21.11,19.7,22.9,60,1.0
2024-09-15 01:00,21.26,16.6,24.8,60,1.0
2024-09-15 02:00,22.14,20.1,25.1,59,0.983
2024-09-15 03:00,21.64,20.1,24.7,60,1.0
2024-09-15 04:00,21.22,18.0,25.3,60,1.0
2024-09-15 05:00,20.87,20.0,23.4,60,1.0
2024-09-15 06:00,21.43,20.1,24.1,60,1.0
2024-09-15 07:00,21.19,20.6,22.2,60,1.0
2024-09-15 08:00,21.93,20.5,22.7,60,1.0
2024-09-15 09:00,21.62,19.4,24.6,60,1.0
2024-09-15 10:00,21.68,19.6,25.3,60,1.0
2024-09-15 11:00,20.89,19.8,24.0,59,0.983
2024-09-15 12:00,21.3,19.8,23.3,46,0.767
2024-09-15 13:00,20.65,19.4,23.5,59,0.983
2024-09-15 14:00,20.52,19.6,21.7,44,0.733
2024-09-15 15:00,21.26,19.1,23.3,45,0.75
2024-09-15 16:00,20.85,17.5,24.4,46,0.767
2024-09-15 17:00,19.75,19.3,20.8,45,0.75
2024-09-15 18:00,19.92,19.6,20.7,52,0.867
2024-09-15 19:00,19.69,19.4,20.2,59,0.983
2024-09-15 20:00,19.74,19.5,20.0,60,1.0
2024-09-15 21:00,19.82,19.5,20.1,60,1.0
2024-09-15 22:00,19.87,19.4,20.2,60,1.0
2024-09-15 23:00,20.05,19.2,20.4,46,0.767
2024-09-16 00:00,20.1,19.4,20.5,54,0.9
2024-09-16 01:00,20.18,19.7,20.5,44,0.733
2024-09-16 02:00,20.52,19.9,21.1,56,0.933
2024-09-16 03:00,20.77,18.5,22.4,60,1.0
2024-09-16 04:00,21.06,19.8,22.5,60,1.0
2024-09-16 05:00,21.7,19.3,24.5,60,1.0
2024-09-16 06:00,20.96,18.9,24.3,60,1.0
2024-09-16 07:00,22.65,19.6,25.3,57,0.95
2024-09-16 09:00,20.12,19.9,20.4,60,1.0
2024-09-16 10:00,20.18,19.8,20.6,60,1.0
2024-09-16 11:00,20.3,20.0,20.6,60,1.0
2024-09-16 12:00,20.41,20.0,20.9,60,1.0
2024-09-16 13:00,20.38,20.1,20.7,60,1.0
2024-09-16 14:00,20.34,20.0,20.7,60,1.0
2024-09-16 15:00,20.4,20.1,20.7,60,1.0
2024-09-16 16:00,20.36,20.1,20.7,60,1.0
2024-09-16 17:00,20.43,20.0,20.7,60,1.0
2024-09-16 18:00,20.41,20.0,20.8,60,1.0
2024-09-16 19:00,20.68,20.0,21.5,60,1.0
2024-09-16 20:00,20.81,19.8,22.8,60,1.0
2024-09-16 21:00,20.75,18.6,23.3,60,1.0
2024-09-16 22:00,20.46,19.7,23.4,60,1.0
2024-09-16 23:00,20.43,20.1,20.9,60,1.0
2024-09-17 00:00,21.27,19.4,23.2,56,0.933
2024-09-17 14:00,42.55,41.5,43.6,2,0.033
2024-09-17 16:00,35.35,34.4,35.7,31,0.517
2024-09-17 17:00,35.33,33.4,36.5,60,1.0
2024-09-17 18:00,34.28,31.2,36.7,60,1.0
2024-09-17 19:00,34.28,32.2,37.1,60,1.0
2024-09-17 20:00,32.87,31.7,36.6,60,1.0
2024-09-17 21:00,31.96,31.1,32.8,60,1.0
2024-09-17 22:00,31.44,29.5,33.7,60,1.0
2024-09-17 23:00,31.22,29.8,33.8,60,1.0
2024-09-18 00:00,31.71,30.4,33.8,60,1.0
2024-09-18 01:00,30.66,28.1,34.8,59,0.983
2024-09-18 02:00,31.24,29.3,33.0,58,0.967
2024-09-18 03:00,31.76,28.9,34.1,55,0.917
2024-09-18 04:00,31.46,28.7,34.4,53,0.883
2024-09-18 05:00,30.42,23.4,34.5,60,1.0
2024-09-18 06:00,30.59,27.9,33.3,60,1.0
2024-09-18 07:00,29.69,27.7,32.8,60,1.0
2024-09-18 08:00,29.96,28.9,32.2,60,1.0
2024-09-18 09:00,29.88,29.0,31.7,60,1.0
2024-09-18 10:00,32.38,26.8,33.6,60,1.0
2024-09-18 11:00,32.39,29.1,33.6,60,1.0
2024-09-18 12:00,29.72,27.6,33.0,60,1.0
2024-09-18 13:00,28.69,24.3,32.1,60,1.0
2024-09-18 14:00,29.49,27.2,32.6,60,1.0
2024-09-18 15:00,28.0,21.2,31.5,60,1.0
2024-09-18 16:00,31.52,27.9,32.5,60,1.0
2024-09-18 17:00,31.38,27.8,32.2,60,1.0
2024-09-18 18:00,28.98,19.9,32.2,60,1.0
2024-09-18 19:00,30.57,25.3,32.1,60,1.0
2024-09-18 20:00,30.71,27.5,32.2,54,0.9
2024-09-18 21:00,27.77,27.0,28.1,50,0.833
2024-09-18 22:00,28.2,27.5,29.3,60,1.0
2024-09-18 23:00,27.74,27.4,28.1,60,1.0
2024-09-19 00:00,27.91,27.2,28.6,59,0.983
2024-09-19 01:00,28.23,27.3,28.7,59,0.983
2024-09-19 02:00,27.6,27.2,28.7,51,0.85
2024-09-19 03:00,27.53,27.2,27.9,54,0.9
2024-09-19 04:00,27.48,27.2,27.8,60,1.0
2024-09-19 05:00,27.47,27.2,27.9,60,1.0
2024-09-19 06:00,27.49,27.1,27.8,60,1.0
2024-09-19 07:00,27.48,27.1,27.8,60,1.0
2024-09-19 08:00,27.6,27.2,27.9,60,1.0
2024-09-19 09:00,27.39,26.9,27.9,60,1.0
2024-09-19 10:00,27.33,27.1,27.7,60,1.0
2024-09-19 11:00,27.42,27.1,27.8,60,1.0
2024-09-19 12:00,27.24,26.9,27.6,60,1.0
2024-09-19 13:00,27.18,26.8,27.5,60,1.0
2024-09-19 14:00,27.22,26.9,27.5,60,1.0
2024-09-19 15:00,27.23,26.8,27.6,60,1.0
2024-09-19 16:00,27.15,26.9,27.5,60,1.0
2024-09-19 17:00,27.12,26.8,27.6,60,1.0
2024-09-19 18:00,27.14,26.8,27.6,60,1.0
2024-09-19 19:00,27.21,26.8,27.5,60,1.0
2024-09-19 20:00,27.39,26.9,28.1,60,1.0
2024-09-19 21:00,26.69,24.6,28.4,60,1.0
2024-09-19 22:00,28.38,25.7,29.8,60,1.0
2024-09-19 23:00,29.8,29.3,30.2,59,0.983
2024-09-20 00:00,30.18,29.4,30.7,60,1.0
2024-09-20 01:00,30.79,28.6,31.8,60,1.0
2024-09-20 02:00,30.81,29.1,32.3,60,1.0
2024-09-20 03:00,29.51,29.0,30.5,60,1.0
2024-09-20 04:00,29.36,29.0,29.7,60,1.0
2024-09-20 05:00,29.4,29.1,29.7,60,1.0
2024-09-20 06:00,29.86,29.2,31.4,60,1.0
2024-09-20 07:00,31.18,28.2,33.6,60,1.0
2024-09-20 08:00,29.65,29.2,30.2,60,1.0
2024-09-20 09:00,30.42,29.7,32.7,60,1.0
2024-09-20 10:00,31.0,28.9,33.2,60,1.0
2024-09-20 11:00,31.64,27.8,34.4,60,1.0
2024-09-20 12:00,31.6,29.4,34.1,60,1.0
2024-09-20 13:00,31.42,28.3,41.3,60,1.0
2024-09-20 14:00,29.75,29.4,30.1,60,1.0
2024-09-20 15:00,29.89,28.1,33.1,60,1.0
2024-09-20 16:00,29.57,29.2,30.0,60,1.0
2024-09-20 17:00,29.71,29.1,30.8,60,1.0
2024-09-20 18:00,31.86,29.3,33.6,60,1.0
2024-09-20 19:00,29.46,25.6,33.2,60,1.0
2024-09-20 20:00,29.52,29.1,30.0,60,1.0
2024-09-20 21:00,29.82,28.3,31.5,60,1.0
2024-09-20 22:00,29.72,29.2,30.9,58,0.967
2024-09-20 23:00,32.81,30.5,33.9,48,0.8
2024-09-21 00:00,29.81,29.2,33.9,57,0.95
2024-09-21 01:00,29.67,29.1,30.2,60,1.0
2024-09-21 02:00,30.28,29.1,32.7,60,1.0
2024-09-21 03:00,29.96,29.3,31.5,60,1.0
2024-09-21 04:00,30.3,29.3,32.1,60,1.0
2024-09-21 05:00,30.81,29.6,32.8,60,1.0
2024-09-21 06:00,30.12,29.4,32.0,60,1.0
2024-09-21 07:00,32.84,31.4,33.9,60,1.0
2024-09-21 08:00,32.43,29.0,34.1,60,1.0
2024-09-21 09:00,30.1,29.6,31.8,60,1.0
2024-09-21 10:00,30.91,29.3,34.0,60,1.0
2024-09-21 11:00,30.47,29.9,31.5,60,1.0
2024-09-21 12:00,32.53,29.6,34.0,60,1.0
2024-09-21 13:00,29.89,29.5,30.2,59,0.983
2024-09-21 14:00,29.86,29.5,30.2,60,1.0
2024-09-21 15:00,29.9,29.5,31.1,60,1.0
2024-09-21 16:00,29.85,29.0,31.1,60,1.0
2024-09-21 17:00,29.94,29.4,30.7,60,1.0
2024-09-21 18:00,30.02,29.3,31.7,60,1.0
2024-09-21 19:00,31.1,26.0,33.1,60,1.0
2024-09-21 20:00,32.92,28.0,33.8,60,1.0
2024-09-21 21:00,31.44,28.6,33.7,60,1.0
2024-09-21 22:00,29.48,29.2,29.9,60,1.0
2024-09-21 23:00,29.62,28.9,31.0,60,1.0
2024-09-22 00:00,30.3,29.3,32.3,60,1.0
2024-09-22 01:00,29.87,29.0,32.3,60,1.0
2024-09-22 02:00,29.85,29.4,32.0,60,1.0
2024-09-22 03:00,30.32,29.3,32.6,60,1.0
2024-09-22 04:00,30.31,28.0,32.8,60,1.0
2024-09-22 05:00,30.54,29.3,33.1,60,1.0
2024-09-22 06:00,31.8,28.0,34.0,60,1.0
2024-09-22 07:00,29.75,28.7,33.2,60,1.0
2024-09-22 08:00,29.72,29.3,31.0,60,1.0
2024-09-22 09:00,31.82,29.4,33.3,60,1.0
2024-09-22 10:00,31.33,28.2,34.5,60,1.0
2024-09-22 11:00,30.33,29.1,32.5,60,1.0
2024-09-22 12:00,29.77,28.5,32.7,60,1.0
2024-09-22 13:00,29.17,28.9,29.5,60,1.0
2024-09-22 14:00,29.29,29.0,29.7,60,1.0
2024-09-22 15:00,30.12,29.2,31.8,60,1.0
2024-09-22 16:00,30.69,27.4,32.8,60,1.0
2024-09-22 17:00,28.81,28.4,29.2,60,1.0
2024-09-22 18:00,29.16,28.2,31.7,60,1.0
2024-09-22 19:00,28.91,28.5,29.9,60,1.0
2024-09-22 20:00,28.93,27.7,31.3,60,1.0
2024-09-22 21:00,29.35,27.5,31.6,60,1.0
2024-09-22 22:00,32.03,30.9,32.8,60,1.0
2024-09-22 23:00,30.11,25.1,32.6,57,0.95
2024-09-23 00:00,30.24,26.9,36.8,49,0.817
2024-09-23 01:00,30.98,27.2,33.6,52,0.867
2024-09-23 02:00,29.24,28.3,32.7,60,1.0
2024-09-23 03:00,28.61,28.3,29.0,57,0.95
2024-09-23 04:00,29.9,27.7,31.6,60,1.0
2024-09-23 05:00,30.99,28.3,32.2,60,1.0
2024-09-23 06:00,29.19,28.2,31.5,60,1.0
2024-09-23 07:00,31.61,26.8,33.3,60,1.0
2024-09-23 08:00,29.2,26.5,32.9,60,1.0
2024-09-23 09:00,28.64,28.2,29.7,60,1.0
2024-09-23 10:00,30.96,28.1,32.3,60,1.0
2024-09-23 11:00,31.98,28.3,32.8,60,1.0
2024-09-23 12:00,30.28,27.9,32.5,60,1.0
2024-09-23 13:00,31.74,27.0,37.0,60,1.0
2024-09-23 14:00,28.09,26.9,31.7,60,1.0
2024-09-23 15:00,27.85,27.5,28.2,60,1.0
2024-09-23 16:00,28.8,26.7,30.6,60,1.0
2024-09-23 17:00,27.77,27.3,30.7,60,1.0
2024-09-23 18:00,27.52,27.3,27.8,60,1.0
2024-09-23 19:00,27.56,27.2,27.8,60,1.0
2024-09-23 20:00,27.47,27.2,27.8,60,1.0
2024-09-23 21:00,27.48,27.1,27.8,60,1.0
2024-09-23 22:00,26.25,24.3,27.7,60,1.0
2024-09-23 23:00,30.28,23.3,35.0,60,1.0
2024-09-24 00:00,34.91,34.2,37.3,60,1.0
2024-09-24 01:00,36.93,36.2,37.5,60,1.0
2024-09-24 02:00,36.89,36.2,37.5,60,1.0
2024-09-24 03:00,36.12,35.7,36.6,60,1.0
2024-09-24 04:00,35.46,34.9,36.0,60,1.0
2024-09-24 05:00,35.36,34.8,36.1,60,1.0
2024-09-24 06:00,35.68,35.3,36.1,60,1.0
2024-09-24 07:00,35.14,34.8,35.5,60,1.0
2024-09-24 08:00,34.91,34.5,35.3,60,1.0
2024-09-24 09:00,34.76,34.3,35.1,60,1.0
2024-09-24 10:00,34.47,34.1,34.9,60,1.0
2024-09-24 11:00,34.04,33.6,34.4,59,0.983
2024-09-24 12:00,33.74,33.3,34.4,60,1.0
2024-09-24 13:00,33.4,33.0,33.9,59,0.983
2024-09-24 14:00,33.13,32.8,33.5,60,1.0
2024-09-24 15:00,32.91,32.5,33.3,60,1.0
2024-09-24 16:00,32.73,32.4,33.2,60,1.0
2024-09-24 17:00,32.62,32.2,33.0,60,1.0
2024-09-24 18:00,32.53,32.2,32.9,60,1.0
2024-09-24 19:00,32.48,32.2,32.8,60,1.0
2024-09-24 20:00,32.31,31.9,32.7,60,1.0
2024-09-24 21:00,32.24,31.9,32.5,60,1.0
2024-09-24 22:00,32.22,31.9,32.6,60,1.0
2024-09-24 23:00,32.58,32.0,33.2,59,0.983
2024-09-25 00:00,33.14,32.6,33.6,60,1.0
2024-09-25 01:00,33.74,33.2,34.5,60,1.0
2024-09-25 02:00,34.67,32.1,35.7,59,0.983
2024-09-25 03:00,35.92,35.1,36.5,60,1.0
2024-09-25 04:00,32.85,31.8,36.3,57,0.95
2024-09-25 05:00,32.09,29.5,36.3,48,0.8
2024-09-25 06:00,37.72,31.9,39.1,58,0.967
2024-09-25 07:00,37.93,36.0,39.6,59,0.983
2024-09-25 08:00,37.95,36.9,39.8,60,1.0
2024-09-25 09:00,38.2,36.8,40.4,60,1.0
2024-09-25 10:00,37.63,37.1,38.2,60,1.0
2024-09-25 11:00,37.9,37.5,38.3,60,1.0
2024-09-25 12:00,37.42,36.8,37.8,60,1.0
2024-09-25 13:00,36.76,36.2,37.0,60,1.0
2024-09-25 14:00,36.24,35.8,36.6,60,1.0
2024-09-25 15:00,36.12,35.2,36.5,60,1.0
2024-09-25 16:00,35.84,34.3,37.6,60,1.0
2024-09-25 17:00,35.54,34.7,38.2,60,1.0
2024-09-25 18:00,37.04,27.1,39.1,60,1.0
2024-09-25 19:00,34.71,34.3,35.1,59,0.983
2024-09-25 20:00,34.44,34.1,34.8,60,1.0
2024-09-25 21:00,34.35,34.1,34.6,59,0.983
2024-09-25 22:00,35.57,33.5,37.8,60,1.0
2024-09-25 23:00,37.32,37.0,37.7,60,1.0
2024-09-26 00:00,34.14,33.2,37.4,60,1.0
2024-09-26 01:00,35.82,33.0,37.5,60,1.0
2024-09-26 02:00,36.5,31.9,37.2,60,1.0
2024-09-26 03:00,33.0,32.8,33.4,60,1.0
2024-09-26 04:00,33.17,32.6,33.6,59,0.983
2024-09-26 05:00,33.03,32.7,33.4,59,0.983
2024-09-26 06:00,33.05,32.7,33.5,60,1.0
2024-09-26 07:00,32.9,32.6,33.3,60,1.0
2024-09-26 08:00,32.71,32.4,33.0,60,1.0
2024-09-26 09:00,32.74,32.4,33.0,60,1.0
2024-09-26 10:00,32.61,32.2,32.9,60,1.0
2024-09-26 11:00,32.75,32.4,33.1,59,0.983
2024-09-26 12:00,33.47,32.7,35.2,60,1.0
2024-09-26 13:00,35.82,29.7,36.5,60,1.0
2024-09-26 14:00,32.44,30.6,35.3,60,1.0
2024-09-26 15:00,32.28,30.8,35.5,60,1.0
2024-09-26 16:00,33.57,31.3,35.9,60,1.0
2024-09-26 17:00,32.34,31.1,35.9,60,1.0
2024-09-26 18:00,31.57,31.1,32.2,60,1.0
2024-09-26 19:00,34.7,32.6,35.5,60,1.0
2024-09-26 20:00,32.62,29.4,35.4,60,1.0
2024-09-26 21:00,31.68,31.0,33.9,60,1.0
2024-09-26 22:00,31.15,30.9,31.5,59,0.983
2024-09-26 23:00,31.41,31.1,31.7,60,1.0
2024-09-27 00:00,31.54,31.2,32.0,60,1.0
2024-09-27 01:00,32.15,31.1,33.1,59,0.983
2024-09-27 02:00,32.2,30.8,33.9,60,1.0
2024-09-27 03:00,31.77,30.9,33.6,60,1.0
2024-09-27 04:00,31.4,31.0,31.7,60,1.0
2024-09-27 05:00,31.7,31.3,32.3,60,1.0
2024-09-27 06:00,34.01,31.9,35.4,60,1.0
2024-09-27 07:00,33.23,24.6,35.4,60,1.0
2024-09-27 08:00,33.32,27.5,35.8,60,1.0
2024-09-27 09:00,33.91,28.7,35.4,60,1.0
2024-09-27 10:00,34.51,28.6,35.2,60,1.0
2024-09-27 11:00,33.94,29.0,35.1,60,1.0
2024-09-27 12:00,34.64,30.6,35.1,60,1.0
2024-09-27 13:00,34.32,30.9,35.0,60,1.0
2024-09-27 14:00,34.38,34.1,34.7,60,1.0
2024-09-27 15:00,31.99,30.4,34.7,60,1.0
2024-09-27 16:00,30.74,30.3,31.4,60,1.0
2024-09-27 17:00,31.06,30.1,32.4,59,0.983
2024-09-27 18:00,31.25,27.1,34.0,60,1.0
2024-09-27 19:00,30.71,30.2,31.3,60,1.0
2024-09-27 20:00,30.61,30.2,31.0,58,0.967
2024-09-27 21:00,30.68,30.3,30.9,60,1.0
2024-09-27 22:00,30.67,30.4,30.9,60,1.0
2024-09-27 23:00,30.67,30.2,31.1,58,0.967
2024-09-28 00:00,30.72,30.3,31.2,48,0.8
2024-09-28 01:00,30.83,30.3,31.5,60,1.0
2024-09-28 02:00,30.63,30.3,31.0,60,1.0
2024-09-28 03:00,30.6,30.3,30.9,60,1.0
2024-09-28 04:00,30.61,30.3,30.9,60,1.0
2024-09-28 05:00,30.45,29.8,30.9,60,1.0
2024-09-28 06:00,30.5,30.2,30.8,60,1.0
2024-09-28 07:00,30.48,30.0,30.8,60,1.0
2024-09-28 08:00,30.51,30.2,30.9,60,1.0
2024-09-28 09:00,30.52,30.0,30.8,60,1.0
2024-09-28 10:00,30.3,30.0,30.6,58,0.967
2024-09-28 11:00,29.29,28.9,30.4,60,1.0
2024-09-28 12:00,30.08,29.3,30.5,60,1.0
2024-09-28 13:00,30.33,30.1,30.6,60,1.0
2024-09-28 14:00,30.54,30.2,30.9,60,1.0
2024-09-28 15:00,30.61,30.3,30.9,60,1.0
2024-09-28 16:00,30.68,30.3,31.0,60,1.0
2024-09-28 17:00,30.71,30.3,31.0,60,1.0
2024-09-28 18:00,30.85,30.5,31.2,60,1.0
2024-09-28 19:00,30.96,30.6,31.3,60,1.0
2024-09-28 20:00,31.11,30.7,31.5,60,1.0
2024-09-28 21:00,31.25,30.9,31.6,60,1.0
2024-09-28 22:00,31.29,30.9,31.7,60,1.0
2024-09-28 23:00,31.43,31.1,31.8,60,1.0
2024-09-29 00:00,31.51,31.2,31.9,60,1.0
2024-09-29 01:00,31.54,31.3,31.9,60,1.0
2024-09-29 02:00,31.63,31.3,32.0,60,1.0
2024-09-29 03:00,31.68,31.3,32.1,60,1.0
2024-09-29 04:00,31.83,31.5,32.2,60,1.0
2024-09-29 05:00,31.91,31.4,32.2,60,1.0
2024-09-29 06:00,31.91,31.6,32.3,60,1.0
2024-09-29 07:00,31.97,31.6,32.3,60,1.0
2024-09-29 08:00,32.2,31.7,32.6,60,1.0
2024-09-29 09:00,32.54,32.2,32.9,60,1.0
2024-09-29 10:00,32.67,32.4,33.0,60,1.0
2024-09-29 11:00,32.83,32.5,33.0,7,0.117
2024-09-30 07:00,34.09,33.8,34.4,27,0.45
2024-09-30 08:00,34.02,33.6,34.4,60,1.0
2024-09-30 09:00,34.19,33.8,34.6,60,1.0
2024-09-30 10:00,34.31,34.0,34.7,60,1.0
2024-09-30 11:00,34.18,33.9,34.6,60,1.0
2024-09-30 12:00,34.11,33.8,34.5,60,1.0
2024-09-30 13:00,34.13,33.8,34.7,60,1.0
2024-09-30 14:00,34.04,33.7,34.4,60,1.0
2024-09-30 15:00,34.1,33.7,34.4,60,1.0
2024-09-30 16:00,34.03,33.7,34.4,60,1.0
2024-09-30 17:00,34.02,33.7,34.4,60,1.0
2024-09-30 18:00,34.06,33.7,34.4,60,1.0
2024-09-30 19:00,34.11,33.8,34.4,60,1.0
2024-09-30 20:00,34.14,33.8,34.5,60,1.0
2024-09-30 21:00,34.2,33.8,34.5,60,1.0
2024-09-30 22:00,34.24,33.9,34.6,60,1.0
2024-09-30 23:00,34.25,33.9,34.6,58,0.967
2024-10-01 00:00,34.24,33.8,34.6,47,0.783
2024-10-01 01:00,34.28,33.9,34.7,54,0.9
2024-10-01 02:00,34.3,34.0,34.7,58,0.967
2024-10-01 03:00,34.34,34.0,34.7,60,1.0
2024-10-01 04:00,34.38,34.0,34.7,60,1.0
2024-10-01 05:00,34.46,34.1,34.8,59,0.983
2024-10-01 06:00,34.52,34.2,34.8,60,1.0
2024-10-01 07:00,34.54,34.2,35.0,60,1.0
2024-10-01 08:00,34.52,34.2,34.9,60,1.0
2024-10-01 09:00,34.64,34.3,35.0,60,1.0
2024-10-01 10:00,34.62,34.2,35.0,60,1.0
2024-10-01 11:00,34.46,34.2,34.8,60,1.0
2024-10-01 12:00,34.42,34.1,34.8,60,1.0
2024-10-01 13:00,34.39,34.0,34.7,60,1.0
2024-10-01 14:00,34.29,34.0,34.6,60,1.0
2024-10-01 15:00,34.27,33.8,34.6,60,1.0
2024-10-01 16:00,34.18,33.8,34.5,60,1.0
2024-10-01 17:00,34.17,33.8,34.5,54,0.9
2024-10-01 18:00,34.12,33.8,34.5,60,1.0
2024-10-01 19:00,34.2,33.8,34.5,60,1.0
2024-10-01 20:00,34.23,33.8,34.5,60,1.0
2024-10-01 21:00,34.11,33.8,34.5,60,1.0
2024-10-01 22:00,34.24,33.8,34.6,60,1.0
2024-10-01 23:00,34.25,33.8,34.6,60,1.0
2024-10-02 00:00,34.28,34.0,34.6,60,1.0
2024-10-02 01:00,34.37,34.0,34.7,60,1.0
2024-10-02 02:00,34.33,34.0,34.7,60,1.0
2024-10-02 03:00,34.4,34.0,34.7,60,1.0
2024-10-02 04:00,34.48,34.1,34.8,60,1.0
2024-10-02 05:00,34.45,34.1,34.8,60,1.0
2024-10-02 06:00,34.48,34.1,34.8,60,1.0
2024-10-02 07:00,34.57,34.2,34.9,59,0.983
2024-10-02 08:00,34.4,34.0,34.8,60,1.0
2024-10-02 09:00,34.43,34.1,34.8,60,1.0
2024-10-02 10:00,34.39,34.0,34.8,60,1.0
2024-10-02 11:00,34.28,33.9,34.6,60,1.0
2024-10-02 12:00,34.16,33.8,34.5,60,1.0
2024-10-02 13:00,33.99,33.7,34.5,60,1.0
2024-10-02 14:00,33.88,33.6,34.2,60,1.0
2024-10-02 15:00,33.76,33.4,34.1,60,1.0
2024-10-02 16:00,33.62,33.3,33.9,60,1.0
2024-10-02 17:00,33.49,33.1,33.8,60,1.0
2024-10-02 18:00,33.44,33.2,33.8,60,1.0
2024-10-02 19:00,33.42,33.1,33.8,60,1.0
2024-10-02 20:00,33.39,33.1,33.7,44,0.733
2024-10-02 21:00,33.43,33.1,33.8,53,0.883
2024-10-02 22:00,33.41,33.1,33.7,59,0.983
2024-10-02 23:00,33.4,33.1,33.7,56,0.933
2024-10-03 00:00,33.38,33.1,33.6,60,1.0
2024-10-03 01:00,33.31,33.0,33.7,60,1.0
2024-10-03 02:00,33.33,33.0,33.6,60,1.0
2024-10-03 03:00,33.29,33.0,33.6,58,0.967
2024-10-03 04:00,33.31,32.9,33.7,60,1.0
2024-10-03 05:00,33.27,32.9,33.6,60,1.0
2024-10-03 06:00,33.18,32.8,33.5,59,0.983
2024-10-03 07:00,33.09,32.8,33.4,59,0.983
2024-10-03 08:00,33.12,32.8,33.5,60,1.0
2024-10-03 09:00,33.09,32.8,33.4,60,1.0
2024-10-03 10:00,33.03,32.7,33.4,60,1.0
2024-10-03 11:00,32.91,32.6,33.3,60,1.0
2024-10-03 12:00,32.77,32.5,33.1,60,1.0
2024-10-03 13:00,32.65,32.3,33.0,60,1.0
2024-10-03 14:00,32.51,32.1,32.8,60,1.0
2024-10-03 15:00,32.34,32.0,32.7,60,1.0
2024-10-03 16:00,32.19,31.9,32.5,60,1.0
2024-10-03 17:00,32.17,31.8,32.6,60,1.0
2024-10-03 18:00,32.07,31.8,32.4,60,1.0
2024-10-03 19:00,32.04,31.8,32.3,59,0.983
2024-10-03 20:00,32.02,31.7,32.3,60,1.0
2024-10-03 21:00,31.9,31.6,32.2,60,1.0
2024-10-03 22:00,31.81,31.1,32.2,60,1.0
2024-10-03 23:00,31.52,31.1,31.9,60,1.0
2024-10-04 00:00,31.7,31.4,32.1,60,1.0
2024-10-04 01:00,31.78,31.5,32.1,60,1.0
2024-10-04 02:00,31.95,31.6,32.3,60,1.0
2024-10-04 03:00,32.0,31.7,32.3,60,1.0
2024-10-04 04:00,32.15,31.7,32.5,60,1.0
2024-10-04 05:00,32.24,31.9,32.6,60,1.0
2024-10-04 06:00,32.38,32.0,32.8,60,1.0
2024-10-04 07:00,32.33,32.0,32.7,58,0.967
2024-10-04 08:00,32.34,32.0,32.8,60,1.0
2024-10-04 09:00,32.49,32.2,32.8,60,1.0
2024-10-04 10:00,32.57,32.3,32.9,59,0.983
2024-10-04 11:00,32.63,32.3,33.0,60,1.0
2024-10-04 12:00,32.61,32.2,33.0,56,0.933
2024-10-04 13:00,32.52,32.1,32.9,60,1.0
2024-10-04 14:00,32.58,32.2,33.0,60,1.0
2024-10-04 15:00,32.58,32.2,32.9,60,1.0
2024-10-04 16:00,32.57,32.2,32.9,60,1.0
2024-10-04 17:00,32.53,32.2,32.9,60,1.0
2024-10-04 18:00,32.67,32.3,33.0,60,1.0
2024-10-04 19:00,32.8,32.4,33.1,60,1.0
2024-10-04 20:00,32.87,32.6,33.2,60,1.0
2024-10-04 21:00,32.98,32.6,33.3,60,1.0
2024-10-04 22:00,32.87,32.4,33.2,60,1.0
2024-10-04 23:00,32.24,31.6,32.7,60,1.0
2024-10-05 00:00,32.08,31.4,32.9,60,1.0
2024-10-05 01:00,33.03,32.5,33.6,60,1.0
2024-10-05 02:00,33.45,33.0,33.8,60,1.0
2024-10-05 03:00,33.6,33.1,34.0,60,1.0
2024-10-05 04:00,33.82,33.3,34.2,60,1.0
2024-10-05 05:00,33.85,33.4,34.2,60,1.0
2024-10-05 06:00,32.91,30.4,34.1,60,1.0
2024-10-05 07:00,39.38,34.4,40.5,60,1.0
2024-10-05 08:00,40.01,39.6,40.3,60,1.0
2024-10-05 09:00,39.66,39.2,40.1,60,1.0
2024-10-05 10:00,39.32,38.9,39.7,60,1.0
2024-10-05 11:00,39.07,38.7,39.6,60,1.0
2024-10-05 12:00,38.92,38.5,39.2,60,1.0
2024-10-05 13:00,38.48,38.1,38.8,58,0.967
2024-10-05 14:00,38.19,37.8,38.5,50,0.833
2024-10-05 15:00,37.85,37.5,38.3,48,0.8
2024-10-05 16:00,37.38,36.9,38.1,59,0.983
2024-10-05 17:00,37.5,37.1,38.0,60,1.0
2024-10-05 18:00,37.65,37.3,38.0,60,1.0
2024-10-05 19:00,37.6,37.1,37.9,57,0.95
2024-10-05 20:00,38.16,37.4,38.7,56,0.933
2024-10-05 21:00,38.48,38.2,38.7,59,0.983
2024-10-05 22:00,38.37,38.1,38.6,44,0.733
2024-10-05 23:00,38.19,37.8,38.5,58,0.967
2024-10-06 00:00,38.11,37.8,38.5,60,1.0
2024-10-06 01:00,38.04,37.7,38.4,60,1.0
2024-10-06 02:00,37.98,37.7,38.3,60,1.0
2024-10-06 03:00,37.93,37.5,38.3,60,1.0
2024-10-06 04:00,37.83,37.5,38.2,60,1.0
2024-10-06 05:00,37.81,37.5,38.1,60,1.0
2024-10-06 06:00,37.79,37.3,38.1,60,1.0
2024-10-06 07:00,37.71,37.4,38.0,57,0.95
2024-10-06 08:00,37.61,37.3,38.0,60,1.0
2024-10-06 09:00,37.64,37.4,38.0,60,1.0
2024-10-06 10:00,37.58,37.3,37.9,60,1.0
2024-10-06 11:00,37.56,37.2,38.0,60,1.0
2024-10-06 12:00,37.53,37.1,37.9,60,1.0
2024-10-06 13:00,37.5,37.2,37.8,60,1.0
2024-10-06 14:00,37.48,37.1,37.8,60,1.0
2024-10-06 15:00,37.39,37.0,37.7,60,1.0
2024-10-06 16:00,37.29,36.9,37.6,60,1.0
2024-10-06 17:00,37.19,36.8,37.6,60,1.0
2024-10-06 18:00,37.12,36.8,37.4,60,1.0
2024-10-06 19:00,37.07,36.7,37.4,60,1.0
2024-10-06 20:00,37.15,36.8,37.5,60,1.0
2024-10-06 21:00,37.18,36.9,37.5,60,1.0
2024-10-06 22:00,37.21,36.9,37.6,60,1.0
2024-10-06 23:00,37.29,36.9,37.6,60,1.0
2024-10-07 00:00,37.23,36.9,37.5,60,1.0
2024-10-07 01:00,37.26,36.8,37.6,60,1.0
2024-10-07 02:00,37.3,37.0,37.6,60,1.0
2024-10-07 03:00,37.27,36.9,37.6,60,1.0
2024-10-07 04:00,37.3,37.0,37.6,60,1.0
2024-10-07 05:00,37.32,37.0,37.6,60,1.0
2024-10-07 06:00,37.22,36.9,37.6,60,1.0
2024-10-07 07:00,37.15,36.8,37.5,60,1.0
2024-10-07 08:00,37.17,36.8,37.5,60,1.0
2024-10-07 09:00,37.15,36.8,37.5,60,1.0
2024-10-07 10:00,37.27,36.8,37.6,60,1.0
2024-10-07 11:00,37.22,36.9,37.6,60,1.0
2024-10-07 12:00,37.18,36.8,37.6,60,1.0
2024-10-07 13:00,37.08,36.8,37.4,60,1.0
2024-10-07 14:00,37.0,36.7,37.4,60,1.0
2024-10-07 15:00,36.89,36.6,37.2,60,1.0
2024-10-07 16:00,36.78,36.5,37.4,60,1.0
2024-10-07 17:00,36.82,36.4,37.3,60,1.0
2024-10-07 18:00,36.9,36.6,37.2,60,1.0
2024-10-07 19:00,36.8,36.4,37.3,60,1.0
2024-10-07 20:00,36.76,36.4,37.1,60,1.0
2024-10-07 21:00,36.81,36.4,37.1,60,1.0
2024-10-07 22:00,36.84,36.5,37.2,60,1.0
2024-10-07 23:00,36.86,36.5,37.2,60,1.0
2024-10-08 00:00,36.85,36.4,37.2,60,1.0
2024-10-08 01:00,36.9,36.5,37.2,60,1.0
2024-10-08 02:00,36.94,36.6,37.3,60,1.0
2024-10-08 03:00,36.88,36.5,37.2,60,1.0
2024-10-08 04:00,36.93,36.6,37.2,59,0.983
2024-10-08 05:00,36.96,36.7,37.2,51,0.85
2024-10-08 06:00,36.91,36.4,37.2,51,0.85
2024-10-08 07:00,36.82,36.4,37.3,45,0.75
2024-10-08 08:00,36.68,36.4,37.2,58,0.967
2024-10-08 09:00,36.75,36.3,37.2,60,1.0
2024-10-08 10:00,36.79,36.5,37.2,60,1.0
2024-10-08 11:00,36.73,36.3,37.1,60,1.0
2024-10-08 12:00,36.62,36.3,37.0,60,1.0
2024-10-08 13:00,36.57,36.2,36.9,58,0.967
2024-10-08 14:00,36.49,36.1,36.8,60,1.0
2024-10-08 15:00,36.44,36.0,36.8,60,1.0
2024-10-08 16:00,36.33,36.0,36.7,60,1.0
2024-10-08 17:00,36.25,35.7,36.7,60,1.0
2024-10-08 18:00,36.17,35.8,36.6,60,1.0
2024-10-08 19:00,35.03,33.2,37.9,60,1.0
2024-10-08 20:00,41.34,38.0,43.4,60,1.0
2024-10-08 21:00,43.36,42.9,43.8,60,1.0
2024-10-08 22:00,42.72,42.2,43.2,60,1.0
2024-10-08 23:00,42.4,42.2,42.7,60,1.0
2024-10-09 00:00,42.15,41.9,42.5,60,1.0
2024-10-09 01:00,41.82,41.4,42.2,60,1.0
2024-10-09 02:00,41.49,41.1,41.8,60,1.0
2024-10-09 03:00,41.17,40.9,41.5,60,1.0
2024-10-09 04:00,42.46,41.0,45.0,60,1.0
2024-10-09 05:00,45.26,44.9,45.6,60,1.0
2024-10-09 06:00,44.58,44.0,45.0,60,1.0
2024-10-09 07:00,43.82,43.4,44.3,60,1.0
2024-10-09 08:00,43.43,42.8,43.8,60,1.0
2024-10-09 09:00,43.04,42.6,43.4,60,1.0
2024-10-09 10:00,42.63,42.2,43.1,60,1.0
2024-10-09 11:00,42.22,41.7,42.7,60,1.0
2024-10-09 12:00,41.84,41.5,42.3,60,1.0
2024-10-09 13:00,41.48,41.1,41.9,60,1.0
2024-10-09 14:00,41.09,40.8,41.6,60,1.0
2024-10-09 15:00,40.74,40.5,41.1,60,1.0
2024-10-09 16:00,40.42,40.2,40.9,60,1.0
2024-10-09 17:00,40.23,39.8,40.5,60,1.0
2024-10-09 18:00,39.92,39.5,40.3,60,1.0
2024-10-09 19:00,39.65,39.3,40.0,60,1.0
2024-10-09 20:00,39.42,39.2,39.8,60,1.0
2024-10-09 21:00,39.35,39.0,39.7,60,1.0
2024-10-09 22:00,39.17,38.9,39.4,60,1.0
2024-10-09 23:00,39.08,38.8,39.3,60,1.0
2024-10-10 00:00,39.01,38.6,39.4,60,1.0
2024-10-10 01:00,38.89,38.6,39.2,60,1.0
2024-10-10 02:00,38.74,38.4,39.0,60,1.0
2024-10-10 03:00,38.63,38.3,38.9,60,1.0
2024-10-10 04:00,38.64,38.3,38.9,60,1.0
2024-10-10 05:00,38.54,38.3,39.0,60,1.0
2024-10-10 06:00,38.42,38.1,38.7,60,1.0
2024-10-10 07:00,38.38,38.1,38.8,60,1.0
2024-10-10 08:00,38.3,38.0,38.6,60,1.0
2024-10-10 09:00,38.38,38.0,38.7,60,1.0
2024-10-10 10:00,38.28,38.0,38.5,60,1.0
2024-10-10 11:00,38.19,37.8,38.5,60,1.0
2024-10-10 12:00,38.06,37.7,38.4,60,1.0
2024-10-10 13:00,37.89,37.6,38.2,60,1.0
2024-10-10 14:00,37.69,37.4,38.3,60,1.0
2024-10-10 15:00,37.51,37.2,37.9,60,1.0
2024-10-10 16:00,37.36,37.1,37.7,60,1.0
2024-10-10 17:00,37.26,37.0,37.6,60,1.0
2024-10-10 18:00,37.22,36.9,37.5,60,1.0
2024-10-10 19:00,37.04,36.7,37.4,60,1.0
2024-10-10 20:00,36.65,36.5,36.9,60,1.0
2024-10-10 21:00,36.99,36.6,37.4,60,1.0
2024-10-10 22:00,37.16,36.9,37.5,60,1.0
2024-10-10 23:00,37.25,37.0,37.6,60,1.0
2024-10-11 00:00,37.28,37.0,37.5,59,0.983
2024-10-11 01:00,37.14,36.9,37.5,58,0.967
2024-10-11 02:00,37.1,36.8,37.4,60,1.0
2024-10-11 03:00,37.07,36.9,37.4,58,0.967
2024-10-11 04:00,37.01,36.7,37.3,60,1.0
2024-10-11 05:00,36.96,36.7,37.4,60,1.0
2024-10-11 06:00,36.98,36.7,37.2,60,1.0
2024-10-11 07:00,36.99,36.7,37.2,60,1.0
2024-10-11 08:00,37.14,36.8,37.5,60,1.0
2024-10-11 09:00,37.12,36.8,37.5,60,1.0
2024-10-11 10:00,37.16,36.8,37.4,60,1.0
2024-10-11 11:00,37.09,36.8,37.4,60,1.0
2024-10-11 12:00,36.95,36.6,37.4,60,1.0
2024-10-11 13:00,36.81,36.5,37.2,60,1.0
2024-10-11 14:00,36.68,36.5,37.0,60,1.0
2024-10-11 15:00,36.65,36.4,37.1,60,1.0
2024-10-11 16:00,36.6,36.3,37.0,60,1.0
2024-10-11 17:00,36.53,36.3,36.8,60,1.0
2024-10-11 18:00,36.51,36.2,36.8,60,1.0
2024-10-11 19:00,36.51,36.2,36.8,60,1.0
2024-10-11 20:00,36.55,36.2,36.9,59,0.983
2024-10-11 21:00,36.58,36.2,36.9,60,1.0
2024-10-11 22:00,36.7,36.4,37.0,60,1.0
2024-10-11 23:00,36.72,36.3,37.1,60,1.0
2024-10-12 00:00,36.74,36.4,37.2,60,1.0
2024-10-12 01:00,36.8,36.4,37.2,58,0.967
2024-10-12 02:00,36.87,36.5,37.2,50,0.833
2024-10-12 03:00,36.95,36.6,37.3,55,0.917
2024-10-12 04:00,36.98,36.6,37.3,60,1.0
2024-10-12 05:00,37.01,36.6,37.4,57,0.95
2024-10-12 06:00,37.02,36.7,37.4,45,0.75
2024-10-12 07:00,37.06,36.7,37.4,58,0.967
2024-10-12 08:00,37.08,36.7,37.4,60,1.0
2024-10-12 09:00,37.16,36.8,37.5,60,1.0
2024-10-12 10:00,37.16,36.9,37.5,59,0.983
2024-10-12 11:00,37.12,36.8,37.5,60,1.0
2024-10-12 12:00,37.05,36.7,37.4,60,1.0
2024-10-12 13:00,37.02,36.7,37.4,60,1.0
2024-10-12 14:00,36.99,36.7,37.4,60,1.0
2024-10-12 15:00,36.95,36.6,37.3,60,1.0
2024-10-12 16:00,36.89,36.6,37.3,60,1.0
2024-10-12 17:00,36.93,36.4,37.2,60,1.0
2024-10-12 18:00,36.84,36.5,37.2,60,1.0
2024-10-12 19:00,36.87,36.5,37.2,60,1.0
2024-10-12 20:00,36.85,36.5,37.3,60,1.0
2024-10-12 21:00,36.91,36.6,37.2,60,1.0
2024-10-12 22:00,37.02,36.7,37.4,60,1.0
2024-10-12 23:00,36.98,36.6,37.4,60,1.0
2024-10-13 00:00,36.98,36.6,37.3,60,1.0
2024-10-13 01:00,37.01,36.7,37.4,60,1.0
2024-10-13 02:00,37.13,36.8,37.5,60,1.0
2024-10-13 03:00,37.13,36.8,37.5,60,1.0
2024-10-13 04:00,37.2,36.8,37.6,60,1.0
2024-10-13 05:00,37.27,36.9,37.6,60,1.0
2024-10-13 06:00,37.31,37.0,37.7,60,1.0
2024-10-13 07:00,37.33,37.0,37.7,60,1.0
2024-10-13 08:00,37.35,37.0,37.7,60,1.0
2024-10-13 09:00,37.29,36.9,37.6,60,1.0
2024-10-13 10:00,37.37,37.0,37.7,59,0.983
2024-10-13 11:00,37.36,37.0,37.7,60,1.0
2024-10-13 12:00,37.24,36.8,37.7,60,1.0
2024-10-13 13:00,37.26,36.9,37.6,60,1.0
2024-10-13 14:00,37.22,36.9,37.6,60,1.0
2024-10-13 15:00,37.22,36.8,37.5,60,1.0
2024-10-13 16:00,37.14,36.8,37.5,60,1.0
2024-10-13 17:00,37.17,36.8,37.5,60,1.0
2024-10-13 18:00,37.21,36.8,37.7,60,1.0
2024-10-13 19:00,37.23,36.8,37.6,60,1.0
2024-10-13 20:00,37.2,36.8,37.6,60,1.0
2024-10-13 21:00,37.21,36.8,37.6,60,1.0
2024-10-13 22:00,37.26,36.9,37.7,60,1.0
2024-10-13 23:00,37.3,37.0,37.7,60,1.0
2024-10-14 00:00,37.34,37.0,37.9,60,1.0
2024-10-14 01:00,37.47,37.0,37.8,60,1.0
2024-10-14 02:00,37.53,37.1,37.9,60,1.0
2024-10-14 03:00,37.51,37.1,37.8,60,1.0
2024-10-14 04:00,37.58,37.2,38.0,60,1.0
2024-10-14 05:00,37.67,37.3,38.0,60,1.0
2024-10-14 06:00,37.64,37.3,38.1,60,1.0
2024-10-14 07:00,37.62,37.2,38.0,59,0.983
2024-10-14 08:00,37.64,37.2,38.1,60,1.0
2024-10-14 09:00,37.63,37.3,38.1,60,1.0
2024-10-14 10:00,37.84,37.4,38.3,60,1.0
2024-10-14 11:00,37.72,37.4,38.1,60,1.0
2024-10-14 12:00,37.69,37.3,38.0,60,1.0
2024-10-14 13:00,37.67,37.3,38.1,60,1.0
2024-10-14 14:00,37.69,37.3,38.0,60,1.0
2024-10-14 15:00,37.64,37.2,38.0,60,1.0
2024-10-14 16:00,37.64,37.3,38.1,60,1.0
2024-10-14 17:00,37.68,37.3,38.1,60,1.0
2024-10-14 18:00,37.61,37.2,38.0,60,1.0
2024-10-14 19:00,37.63,37.3,38.1,60,1.0
2024-10-14 20:00,37.63,37.3,38.0,60,1.0
2024-10-14 21:00,37.64,37.2,38.1,60,1.0
2024-10-14 22:00,37.71,37.3,38.2,60,1.0
2024-10-14 23:00,37.76,37.3,38.2,60,1.0
2024-10-15 00:00,37.71,37.4,38.1,60,1.0
2024-10-15 01:00,37.76,37.4,38.2,60,1.0
2024-10-15 02:00,37.8,37.4,38.2,60,1.0
2024-10-15 03:00,37.86,37.4,38.3,60,1.0
2024-10-15 04:00,37.75,37.4,38.2,60,1.0
2024-10-15 05:00,37.71,37.4,38.2,53,0.883
2024-10-15 06:00,37.77,37.4,38.2,50,0.833
2024-10-15 07:00,37.74,37.4,38.2,59,0.983
2024-10-15 08:00,37.63,37.3,38.0,60,1.0
2024-10-15 09:00,37.6,37.2,38.0,60,1.0
2024-10-15 10:00,37.7,37.3,38.1,60,1.0
2024-10-15 11:00,37.58,37.3,38.0,60,1.0
2024-10-15 12:00,37.5,37.2,37.8,60,1.0
2024-10-15 13:00,37.41,37.1,37.8,60,1.0
2024-10-15 14:00,37.34,37.1,37.7,60,1.0
2024-10-15 15:00,37.3,37.0,37.7,60,1.0
2024-10-15 16:00,37.32,36.9,37.7,60,1.0
2024-10-15 17:00,37.46,37.0,37.8,60,1.0
2024-10-15 18:00,37.49,37.1,37.9,60,1.0
2024-10-15 19:00,37.57,37.2,38.0,60,1.0
2024-10-15 20:00,37.53,37.2,37.9,60,1.0
2024-10-15 21:00,37.49,37.1,37.8,60,1.0
2024-10-15 22:00,37.7,37.3,37.9,21,0.35
2024-10-19 09:00,51.8,51.4,52.2,28,0.467
2024-10-19 10:00,52.19,51.6,52.5,49,0.817
2024-10-19 11:00,51.1,50.7,51.7,57,0.95
2024-10-19 12:00,50.69,50.0,51.4,60,1.0
2024-10-19 13:00,49.41,48.8,50.1,60,1.0
2024-10-19 14:00,48.46,47.8,49.0,60,1.0
2024-10-19 15:00,47.8,47.4,48.1,60,1.0
2024-10-19 16:00,47.22,46.7,47.6,60,1.0
2024-10-19 17:00,46.67,46.3,47.0,51,0.85
2024-10-19 18:00,46.26,45.9,46.7,60,1.0
2024-10-19 19:00,45.8,45.5,46.1,60,1.0
2024-10-19 20:00,45.53,45.2,45.8,60,1.0
2024-10-19 21:00,45.21,45.0,45.5,60,1.0
2024-10-19 22:00,44.97,44.6,45.2,60,1.0
2024-10-19 23:00,44.66,44.4,44.9,60,1.0
2024-10-20 00:00,44.37,44.1,44.7,60,1.0
2024-10-20 01:00,44.18,43.9,44.5,60,1.0
2024-10-20 02:00,44.0,43.7,44.2,60,1.0
2024-10-20 03:00,43.9,43.6,44.1,60,1.0
2024-10-20 04:00,43.72,43.4,44.0,60,1.0
2024-10-20 05:00,43.67,43.4,44.0,60,1.0
2024-10-20 06:00,44.45,43.9,44.9,60,1.0
2024-10-20 07:00,44.57,44.3,44.8,44,0.733
2024-10-20 08:00,44.33,44.1,44.7,50,0.833
2024-10-20 09:00,44.15,44.0,44.4,53,0.883
2024-10-20 10:00,43.97,43.8,44.4,57,0.95
2024-10-20 11:00,43.84,43.6,44.1,53,0.883
2024-10-20 12:00,43.67,43.4,43.9,55,0.917
2024-10-20 13:00,43.38,43.0,43.7,60,1.0
2024-10-20 14:00,43.08,42.8,43.4,60,1.0
2024-10-20 15:00,42.9,42.6,43.2,60,1.0
2024-10-20 16:00,42.75,42.5,43.1,60,1.0
2024-10-20 17:00,42.59,42.2,43.0,60,1.0
2024-10-20 18:00,42.47,42.1,42.8,60,1.0
2024-10-20 19:00,42.38,42.1,42.7,60,1.0
2024-10-20 20:00,42.29,42.0,42.6,60,1.0
2024-10-20 21:00,42.18,41.8,42.4,60,1.0
2024-10-20 22:00,42.04,41.8,42.2,60,1.0
2024-10-20 23:00,41.95,41.7,42.2,60,1.0
2024-10-21 00:00,41.84,41.6,42.2,60,1.0
2024-10-21 01:00,41.78,41.5,42.1,60,1.0
2024-10-21 02:00,41.8,41.5,42.1,60,1.0
2024-10-21 03:00,41.78,41.4,42.0,60,1.0
2024-10-21 04:00,41.71,41.4,42.0,60,1.0
2024-10-21 05:00,41.68,41.4,42.0,60,1.0
2024-10-21 06:00,41.64,41.4,41.9,60,1.0
2024-10-21 07:00,41.57,41.3,41.8,60,1.0
2024-10-21 08:00,41.57,41.3,41.8,60,1.0
2024-10-21 09:00,41.61,41.4,41.9,60,1.0
2024-10-21 10:00,41.38,41.1,41.7,60,1.0
2024-10-21 11:00,41.32,41.1,41.6,60,1.0
2024-10-21 12:00,41.27,40.9,41.5,60,1.0
2024-10-21 13:00,41.07,40.7,41.3,60,1.0
2024-10-21 14:00,40.92,40.5,41.1,60,1.0
2024-10-21 15:00,40.71,40.4,41.0,60,1.0
2024-10-21 16:00,40.52,40.2,40.8,60,1.0
2024-10-21 17:00,40.24,40.0,40.5,60,1.0
2024-10-21 18:00,40.09,39.9,40.3,60,1.0
2024-10-21 19:00,39.95,39.7,40.2,60,1.0
2024-10-21 20:00,39.88,39.6,40.2,60,1.0
2024-10-21 21:00,39.77,39.6,40.0,60,1.0
2024-10-21 22:00,39.74,39.5,40.0,60,1.0
2024-10-21 23:00,39.7,39.4,40.0,60,1.0
2024-10-22 00:00,39.69,39.4,40.0,59,0.983
2024-10-22 01:00,39.7,39.4,40.0,60,1.0
2024-10-22 02:00,39.71,39.4,40.0,60,1.0
2024-10-22 03:00,39.72,39.4,40.0,60,1.0
2024-10-22 04:00,39.7,39.4,39.9,60,1.0
2024-10-22 05:00,39.74,39.4,40.0,60,1.0
2024-10-22 06:00,39.72,39.4,40.0,60,1.0
2024-10-22 07:00,39.76,39.5,40.1,60,1.0
2024-10-22 08:00,39.71,39.5,39.9,60,1.0
2024-10-22 09:00,39.92,39.6,40.2,53,0.883
2024-10-22 10:00,39.93,39.6,40.1,60,1.0
2024-10-22 11:00,39.85,39.6,40.2,60,1.0
2024-10-22 12:00,39.88,39.6,40.1,60,1.0
2024-10-22 13:00,39.79,39.5,40.0,60,1.0
2024-10-22 14:00,39.58,39.3,39.9,60,1.0
2024-10-22 15:00,39.41,39.1,39.7,60,1.0
2024-10-22 16:00,39.41,39.1,39.7,59,0.983
2024-10-22 17:00,39.33,39.0,39.6,60,1.0
2024-10-22 18:00,39.11,38.9,39.4,60,1.0
2024-10-22 19:00,38.98,38.8,39.3,60,1.0
2024-10-22 20:00,38.99,38.7,39.2,59,0.983
2024-10-22 21:00,39.11,38.9,39.5,60,1.0
2024-10-22 22:00,39.22,39.0,39.6,60,1.0
2024-10-22 23:00,39.19,38.9,39.5,60,1.0
2024-10-23 00:00,39.18,38.9,39.5,60,1.0
2024-10-23 01:00,39.15,38.9,39.6,60,1.0
2024-10-23 02:00,39.16,38.8,39.5,60,1.0
2024-10-23 03:00,39.28,39.0,39.6,60,1.0
2024-10-23 04:00,39.33,39.0,39.6,60,1.0
2024-10-23 05:00,39.36,39.1,39.6,59,0.983
2024-10-23 06:00,39.35,39.1,39.6,60,1.0
2024-10-23 07:00,39.25,39.0,39.6,59,0.983
2024-10-23 08:00,39.39,39.1,39.8,58,0.967
2024-10-23 09:00,39.38,39.1,39.6,60,1.0
2024-10-23 10:00,39.38,39.1,39.6,60,1.0
2024-10-23 11:00,39.38,39.0,39.6,60,1.0
2024-10-23 12:00,39.36,39.1,39.6,60,1.0
2024-10-23 13:00,39.27,39.0,39.7,60,1.0
2024-10-23 14:00,39.21,38.9,39.4,60,1.0
2024-10-23 15:00,39.15,38.9,39.5,60,1.0
2024-10-23 16:00,39.14,38.9,39.4,60,1.0
2024-10-23 17:00,38.97,38.6,39.3,60,1.0
2024-10-23 18:00,38.84,38.6,39.2,60,1.0
2024-10-23 19:00,38.79,38.5,39.0,60,1.0
2024-10-23 20:00,38.79,38.5,39.1,60,1.0
2024-10-23 21:00,38.91,38.7,39.2,44,0.733
2024-10-23 22:00,38.94,38.7,39.3,59,0.983
2024-10-23 23:00,38.95,38.7,39.2,57,0.95
2024-10-24 00:00,38.98,38.7,39.3,60,1.0
2024-10-24 01:00,39.02,38.7,39.3,49,0.817
2024-10-24 02:00,38.97,38.7,39.3,59,0.983
2024-10-24 03:00,38.98,38.7,39.3,60,1.0
2024-10-24 04:00,38.99,38.7,39.3,60,1.0
2024-10-24 05:00,38.94,38.7,39.3,60,1.0
2024-10-24 06:00,39.01,38.7,39.3,60,1.0
2024-10-24 07:00,38.97,38.7,39.2,60,1.0
2024-10-24 08:00,39.01,38.7,39.3,60,1.0
2024-10-24 09:00,39.15,38.9,39.3,60,1.0
2024-10-24 10:00,39.11,38.9,39.3,60,1.0
2024-10-24 11:00,39.11,38.9,39.4,60,1.0
2024-10-24 12:00,39.06,38.8,39.3,60,1.0
2024-10-24 13:00,38.97,38.8,39.2,60,1.0
2024-10-24 14:00,38.97,38.6,39.2,60,1.0
2024-10-24 15:00,38.83,38.5,39.1,60,1.0
2024-10-24 16:00,38.69,38.5,39.1,60,1.0
2024-10-24 17:00,38.72,38.4,39.0,60,1.0
2024-10-24 18:00,38.66,38.4,38.9,60,1.0
2024-10-24 19:00,38.56,38.3,38.9,60,1.0
2024-10-24 20:00,38.49,38.2,38.7,60,1.0
2024-10-24 21:00,38.53,38.3,38.8,60,1.0
2024-10-24 22:00,38.55,38.3,38.8,60,1.0
2024-10-24 23:00,38.56,38.3,38.9,60,1.0
2024-10-25 00:00,38.59,38.3,38.9,60,1.0
2024-10-25 01:00,38.66,38.4,39.0,60,1.0
2024-10-25 02:00,38.67,38.4,39.0,60,1.0
2024-10-25 03:00,38.65,38.4,39.0,60,1.0
2024-10-25 04:00,38.76,38.4,39.0,60,1.0
2024-10-25 05:00,38.7,38.4,39.0,60,1.0
2024-10-25 06:00,38.78,38.5,39.1,60,1.0
2024-10-25 07:00,38.79,38.5,39.1,60,1.0
2024-10-25 08:00,38.9,38.6,39.3,60,1.0
2024-10-25 09:00,38.94,38.7,39.2,60,1.0
2024-10-25 10:00,39.04,38.8,39.4,60,1.0
2024-10-25 11:00,39.08,38.8,39.3,60,1.0
2024-10-25 12:00,39.08,38.8,39.4,60,1.0
2024-10-25 13:00,39.16,38.8,39.4,60,1.0
2024-10-25 14:00,39.14,38.8,39.4,60,1.0
2024-10-25 15:00,39.09,38.8,39.4,60,1.0
2024-10-25 16:00,38.9,38.5,39.2,60,1.0
2024-10-25 17:00,38.81,38.5,39.1,60,1.0
2024-10-25 18:00,38.76,38.5,39.2,55,0.917
2024-10-25 19:00,38.71,38.5,39.0,60,1.0
2024-10-25 20:00,38.74,38.5,39.0,51,0.85
2024-10-25 21:00,38.82,38.6,39.2,56,0.933
2024-10-25 22:00,38.8,38.6,39.1,60,1.0
2024-10-25 23:00,38.86,38.5,39.2,60,1.0
2024-10-26 00:00,39.01,38.7,39.3,60,1.0
2024-10-26 01:00,38.93,38.7,39.3,60,1.0
2024-10-26 02:00,38.97,38.7,39.4,60,1.0
2024-10-26 03:00,39.11,38.8,39.5,60,1.0
2024-10-26 04:00,39.11,38.8,39.4,60,1.0
2024-10-26 05:00,39.16,38.8,39.5,60,1.0
2024-10-26 06:00,39.13,38.8,39.5,60,1.0
2024-10-26 07:00,39.08,38.8,39.5,60,1.0
2024-10-26 08:00,39.23,38.9,39.6,60,1.0
2024-10-26 09:00,39.28,38.9,39.6,60,1.0
2024-10-26 10:00,39.2,38.9,39.5,60,1.0
2024-10-26 11:00,39.14,38.8,39.4,60,1.0
2024-10-26 12:00,39.08,38.8,39.4,60,1.0
2024-10-26 13:00,39.05,38.7,39.4,60,1.0
2024-10-26 14:00,39.18,38.9,39.4,60,1.0
2024-10-26 15:00,39.17,38.8,39.4,60,1.0
2024-10-26 16:00,39.09,38.8,39.4,60,1.0
2024-10-26 17:00,39.07,38.8,39.4,60,1.0
2024-10-26 18:00,39.08,38.8,39.4,60,1.0
2024-10-26 19:00,39.02,38.7,39.4,60,1.0
2024-10-26 20:00,38.95,38.7,39.2,60,1.0
2024-10-26 21:00,38.97,38.7,39.2,60,1.0
2024-10-26 22:00,38.96,38.8,39.2,60,1.0
2024-10-26 23:00,38.97,38.7,39.3,60,1.0
2024-10-27 00:00,39.01,38.8,39.3,60,1.0
2024-10-27 01:00,39.04,38.8,39.3,60,1.0
2024-10-27 02:00,39.07,38.8,39.4,60,1.0
2024-10-27 03:00,39.1,38.9,39.5,60,1.0
2024-10-27 04:00,39.06,38.8,39.4,60,1.0
2024-10-27 05:00,39.09,38.8,39.4,60,1.0
2024-10-27 06:00,39.09,38.8,39.5,60,1.0
2024-10-27 07:00,39.06,38.8,39.4,60,1.0
2024-10-27 08:00,39.24,38.9,39.6,60,1.0
2024-10-27 09:00,39.23,38.9,39.6,60,1.0
2024-10-27 10:00,39.17,38.9,39.5,60,1.0
2024-10-27 11:00,39.06,38.8,39.3,60,1.0
2024-10-27 12:00,39.05,38.8,39.3,57,0.95
2024-10-27 13:00,39.01,38.8,39.3,48,0.8
2024-10-27 14:00,38.99,38.8,39.3,60,1.0
2024-10-27 15:00,38.98,38.7,39.3,59,0.983
2024-10-27 16:00,39.02,38.8,39.4,55,0.917
2024-10-27 17:00,39.05,38.8,39.4,60,1.0
2024-10-27 18:00,39.06,38.8,39.3,58,0.967
2024-10-27 19:00,39.07,38.8,39.4,60,1.0
2024-10-27 20:00,39.12,38.8,39.4,57,0.95
2024-10-27 21:00,39.16,38.9,39.5,47,0.783
2024-10-27 22:00,39.17,38.9,39.5,50,0.833
2024-10-27 23:00,39.21,39.0,39.5,54,0.9
2024-10-28 00:00,39.24,39.0,39.5,51,0.85
2024-10-28 01:00,39.28,39.0,39.6,52,0.867
2024-10-28 02:00,39.35,39.0,39.6,60,1.0
2024-10-28 03:00,39.41,39.1,39.7,50,0.833
2024-10-28 04:00,39.48,39.3,39.9,53,0.883
2024-10-28 05:00,39.56,39.3,40.0,60,1.0
2024-10-28 06:00,39.51,39.3,39.8,51,0.85
2024-10-28 07:00,39.56,39.3,40.0,59,0.983
2024-10-28 08:00,39.72,39.3,40.0,60,1.0
2024-10-28 09:00,39.77,39.5,40.1,60,1.0
2024-10-28 10:00,39.83,39.5,40.2,54,0.9
2024-10-28 11:00,39.79,39.4,40.1,56,0.933
2024-10-28 12:00,39.75,39.4,40.0,57,0.95
2024-10-28 13:00,39.71,39.4,40.0,45,0.75
2024-10-28 14:00,39.66,39.3,40.0,59,0.983
2024-10-28 15:00,39.72,39.3,40.0,60,1.0
2024-10-28 16:00,39.65,39.3,40.0,60,1.0
2024-10-28 17:00,39.67,39.3,40.0,59,0.983
2024-10-28 18:00,39.59,39.3,40.0,60,1.0
2024-10-28 19:00,39.64,39.3,40.0,60,1.0
2024-10-28 20:00,39.59,39.4,39.9,59,0.983
2024-10-28 21:00,39.61,39.3,39.9,58,0.967
2024-10-28 22:00,39.64,39.4,39.9,60,1.0
2024-10-28 23:00,39.74,39.4,40.1,58,0.967
2024-10-29 00:00,39.76,38.0,40.1,58,0.967
2024-10-29 01:00,39.83,39.6,40.1,60,1.0
2024-10-29 02:00,39.89,39.6,40.2,59,0.983
2024-10-29 03:00,39.64,34.8,40.3,60,1.0
2024-10-29 04:00,40.02,39.7,40.4,60,1.0
2024-10-29 05:00,40.07,39.7,40.4,60,1.0
2024-10-29 06:00,40.01,39.7,40.4,59,0.983
2024-10-29 07:00,40.11,39.8,40.4,60,1.0
2024-10-29 08:00,40.25,39.9,40.7,60,1.0
2024-10-29 09:00,40.3,39.9,40.5,60,1.0
2024-10-29 10:00,40.38,40.1,40.7,60,1.0
2024-10-29 11:00,40.38,40.1,40.7,60,1.0
2024-10-29 12:00,40.38,40.1,40.7,60,1.0
2024-10-29 13:00,40.3,40.0,40.6,60,1.0
2024-10-29 14:00,39.84,34.7,40.5,60,1.0
2024-10-29 15:00,40.26,40.0,40.7,60,1.0
2024-10-29 16:00,40.33,39.9,40.8,60,1.0
2024-10-29 17:00,40.33,40.1,40.6,60,1.0
2024-10-29 18:00,40.3,39.9,40.7,60,1.0
2024-10-29 19:00,40.28,39.9,40.6,60,1.0
2024-10-29 20:00,40.26,40.0,40.6,60,1.0
2024-10-29 21:00,40.22,39.9,40.6,60,1.0
2024-10-29 22:00,40.33,40.0,40.8,60,1.0
2024-10-29 23:00,40.34,40.0,40.8,60,1.0
2024-10-30 00:00,40.38,40.1,40.8,60,1.0
2024-10-30 01:00,40.42,40.1,40.8,60,1.0
2024-10-30 02:00,40.49,40.2,40.9,60,1.0
2024-10-30 03:00,40.5,40.2,40.8,60,1.0
2024-10-30 04:00,40.58,40.2,41.0,60,1.0
2024-10-30 05:00,40.71,40.3,41.1,60,1.0
2024-10-30 06:00,40.7,40.3,41.1,60,1.0
2024-10-30 07:00,40.67,40.3,41.1,60,1.0
2024-10-30 08:00,40.92,40.5,41.3,60,1.0
2024-10-30 09:00,40.9,40.5,41.3,60,1.0
2024-10-30 10:00,40.86,40.5,41.3,60,1.0
2024-10-30 11:00,40.88,40.6,41.2,60,1.0
2024-10-30 12:00,40.94,40.6,41.3,60,1.0
2024-10-30 13:00,40.9,40.7,41.3,60,1.0
2024-10-30 14:00,40.89,40.6,41.2,49,0.817
2024-10-30 15:00,40.9,40.6,41.2,48,0.8
2024-10-30 16:00,40.92,40.6,41.2,48,0.8
2024-10-30 17:00,40.94,40.7,41.3,56,0.933
2024-10-30 18:00,41.01,40.7,41.3,60,1.0
2024-10-30 19:00,41.04,40.8,41.3,60,1.0
2024-10-30 20:00,41.03,40.8,41.4,60,1.0
2024-10-30 21:00,41.1,40.7,41.4,60,1.0
2024-10-30 22:00,41.07,40.7,41.5,60,1.0
2024-10-30 23:00,41.24,40.8,41.6,60,1.0
2024-10-31 00:00,41.26,40.9,41.6,60,1.0
2024-10-31 01:00,41.28,40.9,41.6,60,1.0
2024-10-31 02:00,41.26,40.9,41.6,60,1.0
2024-10-31 03:00,41.24,40.8,41.6,60,1.0
2024-10-31 04:00,41.28,40.9,41.6,60,1.0
2024-10-31 05:00,41.25,40.9,41.6,60,1.0
2024-10-31 06:00,41.3,40.8,41.8,60,1.0
2024-10-31 07:00,41.32,41.0,41.8,60,1.0
2024-10-31 08:00,41.4,41.0,41.7,60,1.0
2024-10-31 09:00,41.39,41.0,41.7,60,1.0
2024-10-31 10:00,41.3,41.0,41.7,60,1.0
2024-10-31 11:00,41.37,41.1,41.7,60,1.0
2024-10-31 12:00,41.39,41.1,41.7,60,1.0
2024-10-31 13:00,41.38,41.1,41.7,60,1.0
2024-10-31 14:00,41.32,40.9,41.7,60,1.0
2024-10-31 15:00,41.46,41.0,41.9,60,1.0
2024-10-31 16:00,41.39,41.0,41.8,60,1.0
2024-10-31 17:00,41.46,41.1,41.9,60,1.0
2024-10-31 18:00,41.49,41.1,41.8,60,1.0
2024-10-31 19:00,41.44,41.1,41.8,60,1.0
2024-10-31 20:00,41.46,41.2,41.9,60,1.0
2024-10-31 21:00,41.66,41.2,41.9,60,1.0
2024-10-31 22:00,41.67,41.4,42.0,60,1.0
2024-10-31 23:00,41.69,41.3,42.1,60,1.0
2024-11-01 00:00,41.74,41.4,42.2,60,1.0
2024-11-01 01:00,41.77,41.4,42.2,60,1.0
2024-11-01 02:00,41.85,41.4,42.2,60,1.0
2024-11-01 03:00,41.88,41.5,42.3,60,1.0
2024-11-01 04:00,41.96,41.6,42.4,60,1.0
2024-11-01 05:00,42.03,41.7,42.4,60,1.0
2024-11-01 06:00,41.97,41.5,42.3,59,0.983
2024-11-01 07:00,41.91,41.5,42.3,60,1.0
2024-11-01 08:00,41.98,41.6,42.4,60,1.0
2024-11-01 09:00,41.98,41.6,42.4,60,1.0
2024-11-01 10:00,42.02,41.7,42.3,60,1.0
2024-11-01 11:00,42.19,41.8,42.5,60,1.0
2024-11-01 12:00,42.18,41.9,42.5,60,1.0
2024-11-01 13:00,42.19,41.9,42.5,60,1.0
2024-11-01 14:00,42.18,41.9,42.5,60,1.0
2024-11-01 15:00,42.12,41.8,42.4,60,1.0
2024-11-01 16:00,42.18,41.7,42.5,60,1.0
2024-11-01 17:00,42.24,41.9,42.7,60,1.0
2024-11-01 18:00,42.31,42.0,42.6,54,0.9
2024-11-01 19:00,42.31,42.0,42.6,46,0.767
2024-11-01 20:00,42.36,42.1,42.8,58,0.967
2024-11-01 21:00,42.33,42.0,42.7,60,1.0
2024-11-01 22:00,42.45,42.1,42.8,60,1.0
2024-11-01 23:00,42.49,42.0,42.8,60,1.0
2024-11-02 00:00,42.52,42.2,42.8,60,1.0
2024-11-02 01:00,42.52,42.1,42.9,59,0.983
2024-11-02 02:00,42.63,42.3,43.0,53,0.883
2024-11-02 03:00,42.65,42.3,43.0,60,1.0
2024-11-02 04:00,42.64,42.3,43.0,60,1.0
2024-11-02 05:00,42.59,42.1,43.1,55,0.917
2024-11-02 06:00,42.57,42.2,43.1,60,1.0
2024-11-02 07:00,42.67,42.2,43.2,60,1.0
2024-11-02 08:00,42.71,42.3,43.1,60,1.0
2024-11-02 09:00,42.65,42.3,43.0,60,1.0
2024-11-02 10:00,42.66,42.3,43.0,60,1.0
2024-11-02 11:00,42.63,42.3,42.9,60,1.0
2024-11-02 12:00,42.59,42.2,42.9,60,1.0
2024-11-02 13:00,42.64,42.3,42.9,58,0.967
2024-11-02 14:00,42.69,42.3,43.0,45,0.75
2024-11-02 15:00,42.72,42.3,43.0,52,0.867
2024-11-02 16:00,42.72,42.3,43.1,45,0.75
2024-11-02 17:00,42.67,42.3,43.0,46,0.767
2024-11-02 18:00,42.78,42.4,43.1,56,0.933
2024-11-02 19:00,42.92,42.5,43.2,49,0.817
2024-11-02 20:00,42.77,42.4,43.2,60,1.0
2024-11-02 21:00,42.84,42.4,43.2,60,1.0
2024-11-02 22:00,42.84,42.4,43.3,60,1.0
2024-11-02 23:00,42.94,42.5,43.3,54,0.9
2024-11-03 00:00,43.07,42.7,43.4,60,1.0
2024-11-03 01:00,43.1,42.7,43.4,60,1.0
2024-11-03 02:00,43.07,42.7,43.4,60,1.0
2024-11-03 03:00,43.13,42.8,43.5,60,1.0
2024-11-03 04:00,43.23,42.8,43.5,60,1.0
2024-11-03 05:00,43.12,42.0,43.6,60,1.0
2024-11-03 06:00,43.13,41.9,43.6,60,1.0
2024-11-03 07:00,43.24,42.7,43.6,60,1.0
2024-11-03 08:00,43.21,42.8,43.6,60,1.0
2024-11-03 09:00,43.1,42.7,43.5,60,1.0
2024-11-03 10:00,43.06,42.7,43.5,60,1.0
2024-11-03 11:00,43.1,42.7,43.5,60,1.0
2024-11-03 12:00,43.14,42.7,43.6,60,1.0
2024-11-03 13:00,43.22,42.9,43.6,60,1.0
2024-11-03 14:00,43.21,42.8,43.6,60,1.0
2024-11-03 15:00,43.18,42.8,43.5,60,1.0
2024-11-03 16:00,43.16,42.8,43.5,60,1.0
2024-11-03 17:00,43.15,42.7,43.5,60,1.0
2024-11-03 18:00,43.35,42.9,43.7,60,1.0
2024-11-03 19:00,43.3,43.0,43.6,60,1.0
2024-11-03 20:00,43.44,43.1,43.8,60,1.0
2024-11-03 21:00,43.48,43.1,43.8,60,1.0
2024-11-03 22:00,43.47,43.1,43.8,60,1.0
2024-11-03 23:00,43.48,43.2,43.8,60,1.0
2024-11-04 00:00,43.48,43.0,43.8,60,1.0
2024-11-04 01:00,43.44,43.0,43.7,60,1.0
2024-11-04 02:00,43.4,42.9,43.8,60,1.0
2024-11-04 03:00,43.47,43.0,43.8,60,1.0
2024-11-04 04:00,43.42,43.0,43.8,60,1.0
2024-11-04 05:00,43.45,43.1,43.7,60,1.0
2024-11-04 06:00,43.41,43.0,43.7,60,1.0
2024-11-04 07:00,43.25,42.9,43.6,57,0.95
2024-11-04 08:00,43.01,42.7,43.4,60,1.0
2024-11-04 09:00,42.9,42.4,43.2,60,1.0
2024-11-04 10:00,42.97,42.6,43.4,60,1.0
2024-11-04 11:00,42.98,42.7,43.3,60,1.0
2024-11-04 12:00,43.04,42.7,43.4,60,1.0
2024-11-04 13:00,42.97,42.7,43.2,60,1.0
2024-11-04 14:00,42.99,42.7,43.4,60,1.0
2024-11-04 15:00,42.91,42.6,43.3,60,1.0
2024-11-04 16:00,42.84,42.5,43.2,60,1.0
2024-11-04 17:00,42.91,42.5,43.3,60,1.0
2024-11-04 18:00,43.08,42.6,43.4,60,1.0
2024-11-04 19:00,43.2,42.8,43.5,60,1.0
2024-11-04 20:00,43.28,43.0,43.7,60,1.0
2024-11-04 21:00,43.32,43.0,43.6,59,0.983
2024-11-04 22:00,43.31,43.0,43.6,60,1.0
2024-11-04 23:00,43.38,43.0,43.6,58,0.967
2024-11-05 00:00,43.34,43.0,43.7,60,1.0
2024-11-05 01:00,43.42,43.1,43.8,60,1.0
2024-11-05 02:00,43.48,43.2,43.8,60,1.0
2024-11-05 03:00,43.58,43.3,43.9,60,1.0
2024-11-05 04:00,43.64,43.3,44.1,60,1.0
2024-11-05 05:00,43.56,43.2,44.0,60,1.0
2024-11-05 06:00,43.51,43.1,43.9,60,1.0
2024-11-05 07:00,43.24,42.9,43.6,60,1.0
2024-11-05 08:00,43.16,42.8,43.5,60,1.0
2024-11-05 09:00,43.22,42.8,43.6,60,1.0
2024-11-05 10:00,43.06,42.8,43.4,60,1.0
2024-11-05 11:00,43.13,42.8,43.5,60,1.0
2024-11-05 12:00,43.18,42.9,43.6,60,1.0
2024-11-05 13:00,43.19,42.8,43.6,60,1.0
2024-11-05 14:00,43.18,42.8,43.5,60,1.0
2024-11-05 15:00,43.21,42.8,43.6,60,1.0
2024-11-05 16:00,43.34,42.9,43.8,51,0.85
2024-11-05 17:00,43.53,43.1,43.9,53,0.883
2024-11-05 18:00,43.66,43.3,44.1,60,1.0
2024-11-05 19:00,43.78,43.4,44.1,60,1.0
2024-11-05 20:00,43.77,43.4,44.1,60,1.0
2024-11-05 21:00,43.84,43.5,44.2,60,1.0
2024-11-05 22:00,43.89,43.4,44.2,60,1.0
2024-11-05 23:00,44.03,43.7,44.3,60,1.0
2024-11-06 00:00,44.02,43.7,44.4,60,1.0
2024-11-06 01:00,44.07,43.6,44.5,60,1.0
2024-11-06 02:00,44.15,43.8,44.7,60,1.0
2024-11-06 03:00,44.2,43.7,44.5,60,1.0
2024-11-06 04:00,44.25,43.9,44.7,60,1.0
2024-11-06 05:00,44.25,43.9,44.6,60,1.0
2024-11-06 06:00,44.26,44.0,44.6,60,1.0
2024-11-06 07:00,44.2,43.9,44.5,60,1.0
2024-11-06 08:00,44.01,43.7,44.4,60,1.0
2024-11-06 09:00,43.84,43.5,44.3,60,1.0
2024-11-06 10:00,43.77,43.5,44.2,60,1.0
2024-11-06 11:00,43.76,43.4,44.1,60,1.0
2024-11-06 12:00,43.74,43.4,44.0,60,1.0
2024-11-06 13:00,43.75,43.4,44.0,60,1.0
2024-11-06 14:00,43.76,43.5,44.0,60,1.0
2024-11-06 15:00,43.75,43.5,44.2,60,1.0
2024-11-06 16:00,43.8,43.5,44.2,60,1.0
2024-11-06 17:00,43.88,43.5,44.2,60,1.0
2024-11-06 18:00,43.92,43.6,44.4,60,1.0
2024-11-06 19:00,43.93,43.6,44.4,60,1.0
2024-11-06 20:00,44.03,43.6,44.4,60,1.0
2024-11-06 21:00,44.06,43.7,44.4,60,1.0
2024-11-06 22:00,44.13,43.7,44.4,60,1.0
2024-11-06 23:00,44.11,43.7,44.4,60,1.0
2024-11-07 00:00,44.15,43.7,44.5,60,1.0
2024-11-07 01:00,44.2,43.8,44.5,60,1.0
2024-11-07 02:00,44.17,43.8,44.6,60,1.0
2024-11-07 03:00,44.2,43.8,44.5,60,1.0
2024-11-07 04:00,44.2,43.9,44.5,60,1.0
2024-11-07 05:00,44.13,43.8,44.5,60,1.0
2024-11-07 06:00,44.1,43.7,44.5,60,1.0
2024-11-07 07:00,44.13,43.8,44.4,60,1.0
2024-11-07 08:00,43.89,43.5,44.3,60,1.0
2024-11-07 09:00,43.89,43.6,44.3,60,1.0
2024-11-07 10:00,43.9,43.5,44.2,60,1.0
2024-11-07 11:00,43.95,43.7,44.2,60,1.0
2024-11-07 12:00,43.93,43.6,44.2,60,1.0
2024-11-07 13:00,43.86,43.6,44.2,60,1.0
2024-11-07 14:00,43.78,43.4,44.1,60,1.0
2024-11-07 15:00,43.71,43.3,44.2,53,0.883
2024-11-07 16:00,43.78,43.4,44.2,54,0.9
2024-11-07 17:00,43.85,43.5,44.1,56,0.933
2024-11-07 18:00,43.77,43.4,44.1,60,1.0
2024-11-07 19:00,43.7,43.3,44.1,60,1.0
2024-11-07 20:00,43.79,43.5,44.1,60,1.0
2024-11-07 21:00,43.77,43.4,44.2,60,1.0
2024-11-07 22:00,43.72,43.4,44.0,60,1.0
2024-11-07 23:00,43.69,43.4,44.0,60,1.0
2024-11-08 00:00,43.7,43.4,44.0,60,1.0
2024-11-08 01:00,43.7,43.4,44.0,60,1.0
2024-11-08 02:00,43.74,43.4,44.0,60,1.0
2024-11-08 03:00,43.67,43.4,44.0,60,1.0
2024-11-08 04:00,43.67,43.4,44.0,60,1.0
2024-11-08 05:00,43.74,43.4,44.0,60,1.0
2024-11-08 06:00,43.66,43.3,44.0,60,1.0
2024-11-08 07:00,43.65,43.4,44.0,60,1.0
2024-11-08 08:00,43.62,43.3,44.1,60,1.0
2024-11-08 09:00,43.65,43.3,44.0,60,1.0
2024-11-08 10:00,43.55,43.2,43.9,60,1.0
2024-11-08 11:00,43.53,43.2,43.9,60,1.0
2024-11-08 12:00,43.57,43.3,43.9,60,1.0
2024-11-08 13:00,43.5,43.2,43.8,60,1.0
2024-11-08 14:00,43.48,43.2,43.9,60,1.0
2024-11-08 15:00,43.51,43.2,43.8,60,1.0
2024-11-08 16:00,43.46,43.1,43.8,60,1.0
2024-11-08 17:00,43.47,43.1,43.8,60,1.0
2024-11-08 18:00,43.4,43.1,43.8,60,1.0
2024-11-08 19:00,43.57,43.3,43.8,60,1.0
2024-11-08 20:00,43.46,43.1,43.9,60,1.0
2024-11-08 21:00,43.44,43.1,43.7,60,1.0
2024-11-08 22:00,43.46,43.2,43.8,60,1.0
2024-11-08 23:00,43.52,43.2,43.9,60,1.0
2024-11-09 00:00,43.47,43.2,43.9,60,1.0
2024-11-09 01:00,43.55,43.3,43.8,60,1.0
2024-11-09 02:00,43.54,43.2,43.9,60,1.0
2024-11-09 03:00,43.57,43.3,44.1,60,1.0
2024-11-09 04:00,43.66,43.3,44.0,60,1.0
2024-11-09 05:00,43.73,43.4,44.1,60,1.0
2024-11-09 06:00,43.67,42.5,44.1,60,1.0
2024-11-09 07:00,43.75,43.4,44.1,60,1.0
2024-11-09 08:00,43.54,42.8,44.0,57,0.95
2024-11-09 09:00,43.51,43.2,43.9,47,0.783
2024-11-09 10:00,43.56,43.2,44.0,57,0.95
2024-11-09 11:00,43.62,43.4,43.9,60,1.0
2024-11-09 12:00,43.6,43.3,44.1,60,1.0
2024-11-09 13:00,43.62,43.3,44.0,60,1.0
2024-11-09 14:00,43.7,43.4,44.0,60,1.0
2024-11-09 15:00,43.73,43.4,44.2,60,1.0
2024-11-09 16:00,43.68,43.3,44.0,60,1.0
2024-11-09 17:00,43.74,43.5,44.1,59,0.983
2024-11-09 18:00,43.82,43.5,44.2,60,1.0
2024-11-09 19:00,43.78,43.5,44.2,60,1.0
2024-11-09 20:00,43.85,43.6,44.2,60,1.0
2024-11-09 21:00,43.92,43.6,44.3,60,1.0
2024-11-09 22:00,43.9,43.6,44.3,60,1.0
2024-11-09 23:00,43.99,43.7,44.3,60,1.0
2024-11-10 00:00,44.0,43.6,44.3,58,0.967
2024-11-10 01:00,44.0,43.7,44.4,60,1.0
2024-11-10 02:00,44.04,43.7,44.4,60,1.0
2024-11-10 03:00,44.12,43.8,44.4,60,1.0
2024-11-10 04:00,44.16,43.8,44.4,60,1.0
2024-11-10 05:00,44.2,43.9,44.8,60,1.0
2024-11-10 06:00,44.24,43.9,44.6,60,1.0
2024-11-10 07:00,44.26,43.9,44.6,60,1.0
2024-11-10 08:00,44.26,44.0,44.6,60,1.0
2024-11-10 09:00,44.36,44.0,44.7,60,1.0
2024-11-10 10:00,44.34,44.0,44.8,60,1.0
2024-11-10 11:00,44.28,44.0,44.7,60,1.0
2024-11-10 12:00,44.32,44.0,44.8,60,1.0
2024-11-10 13:00,44.27,43.9,44.6,60,1.0
2024-11-10 14:00,44.25,44.0,44.6,60,1.0
2024-11-10 15:00,44.3,44.0,44.6,60,1.0
2024-11-10 16:00,44.4,44.0,44.7,60,1.0
2024-11-10 17:00,44.49,44.1,44.8,60,1.0
2024-11-10 18:00,44.44,44.1,44.9,60,1.0
2024-11-10 19:00,44.41,44.1,44.7,60,1.0
2024-11-10 20:00,44.42,44.1,44.8,60,1.0
2024-11-10 21:00,44.49,44.2,44.9,60,1.0
2024-11-10 22:00,44.52,44.2,44.8,60,1.0
2024-11-10 23:00,44.57,44.2,44.9,60,1.0
2024-11-11 00:00,44.62,44.3,45.0,60,1.0
2024-11-11 01:00,44.63,44.3,45.0,60,1.0
2024-11-11 02:00,44.65,44.3,45.0,60,1.0
2024-11-11 03:00,44.66,44.4,45.0,54,0.9
2024-11-11 04:00,44.58,44.3,44.9,60,1.0
2024-11-11 05:00,44.62,44.2,44.9,60,1.0
2024-11-11 06:00,44.51,44.2,44.9,51,0.85
2024-11-11 07:00,44.49,44.2,44.8,45,0.75
2024-11-11 08:00,44.52,44.1,44.9,59,0.983
2024-11-11 09:00,44.66,44.3,45.0,60,1.0
2024-11-11 10:00,44.72,44.4,45.1,60,1.0
2024-11-11 11:00,44.69,44.4,45.1,60,1.0
2024-11-11 12:00,44.74,44.4,45.1,60,1.0
2024-11-11 13:00,44.78,44.4,45.1,60,1.0
2024-11-11 14:00,44.76,44.4,45.1,60,1.0
2024-11-11 15:00,44.76,44.4,45.1,59,0.983
2024-11-11 16:00,44.77,44.4,45.1,60,1.0
2024-11-11 17:00,44.71,44.4,45.0,60,1.0
2024-11-11 18:00,44.75,44.4,45.2,60,1.0
2024-11-11 19:00,44.76,44.4,45.1,60,1.0
2024-11-11 20:00,44.79,44.4,45.1,60,1.0
2024-11-11 21:00,44.72,44.3,45.1,60,1.0
2024-11-11 22:00,44.74,44.3,45.1,59,0.983
2024-11-11 23:00,44.67,44.3,45.0,60,1.0
2024-11-12 00:00,44.66,44.4,45.1,60,1.0
2024-11-12 01:00,44.78,44.4,45.3,60,1.0
2024-11-12 02:00,44.73,44.4,45.1,60,1.0
2024-11-12 03:00,44.83,44.4,45.2,60,1.0
2024-11-12 04:00,44.83,44.4,45.2,60,1.0
2024-11-12 05:00,44.8,44.4,45.1,60,1.0
2024-11-12 06:00,44.77,44.5,45.1,60,1.0
2024-11-12 07:00,44.66,44.4,45.0,60,1.0
2024-11-12 08:00,44.68,44.4,45.0,60,1.0
2024-11-12 09:00,44.57,44.2,45.1,60,1.0
2024-11-12 10:00,44.56,44.1,44.9,60,1.0
2024-11-12 11:00,44.54,44.1,44.9,60,1.0
2024-11-12 12:00,44.49,44.1,44.9,60,1.0
2024-11-12 13:00,44.47,44.2,44.8,60,1.0
2024-11-12 14:00,44.36,43.9,44.7,60,1.0
2024-11-12 15:00,44.3,44.0,44.7,60,1.0
2024-11-12 16:00,44.32,44.0,44.7,60,1.0
2024-11-12 17:00,44.21,43.7,44.6,60,1.0
2024-11-12 18:00,44.28,43.8,44.6,60,1.0
2024-11-12 19:00,44.38,44.1,44.7,60,1.0
2024-11-12 20:00,44.33,43.9,44.6,60,1.0
2024-11-12 21:00,44.27,43.9,44.6,60,1.0
2024-11-12 22:00,44.16,43.8,44.5,60,1.0
2024-11-12 23:00,44.13,43.8,44.5,60,1.0
2024-11-13 00:00,44.02,43.7,44.4,60,1.0
2024-11-13 01:00,44.0,43.7,44.5,60,1.0
2024-11-13 02:00,44.04,43.7,44.4,60,1.0
2024-11-13 03:00,43.99,43.6,44.4,60,1.0
2024-11-13 04:00,43.94,43.6,44.3,60,1.0
2024-11-13 05:00,43.94,43.6,44.3,60,1.0
2024-11-13 06:00,43.92,43.7,44.3,60,1.0
2024-11-13 07:00,43.57,42.9,44.2,58,0.967
2024-11-13 08:00,42.38,41.8,43.1,59,0.983
2024-11-13 09:00,42.0,41.6,42.5,60,1.0
2024-11-13 10:00,42.66,42.1,43.1,60,1.0
2024-11-13 11:00,43.15,42.7,43.6,60,1.0
2024-11-13 12:00,43.56,43.1,44.0,59,0.983
2024-11-13 13:00,43.01,42.6,43.7,46,0.767
2024-11-13 14:00,45.34,43.5,46.7,50,0.833
2024-11-13 15:00,46.87,46.5,47.2,48,0.8
2024-11-13 16:00,47.05,46.8,47.3,56,0.933
2024-11-13 17:00,47.01,46.8,47.3,60,1.0
2024-11-13 18:00,46.91,46.5,47.3,60,1.0
2024-11-13 19:00,46.86,46.5,47.2,60,1.0
2024-11-13 20:00,46.9,46.6,47.2,60,1.0
2024-11-13 21:00,46.9,46.6,47.3,60,1.0
2024-11-13 22:00,46.86,46.5,47.2,60,1.0
2024-11-13 23:00,48.36,46.4,53.7,60,1.0
2024-11-14 00:00,54.66,53.7,55.0,60,1.0
2024-11-14 01:00,54.29,53.9,54.7,60,1.0
2024-11-14 02:00,53.69,53.1,54.0,60,1.0
2024-11-14 03:00,53.21,52.9,53.6,60,1.0
2024-11-14 04:00,52.83,52.5,53.2,60,1.0
2024-11-14 05:00,52.5,52.3,52.7,60,1.0
2024-11-14 06:00,52.22,51.9,52.5,60,1.0
2024-11-14 07:00,51.95,51.6,52.2,60,1.0
2024-11-14 08:00,51.66,51.3,52.1,60,1.0
2024-11-14 09:00,51.52,51.1,51.8,60,1.0
2024-11-14 10:00,51.38,51.2,51.6,60,1.0
2024-11-14 11:00,51.16,50.8,51.4,60,1.0
2024-11-14 12:00,50.98,50.6,51.2,60,1.0
2024-11-14 13:00,50.8,50.5,51.0,60,1.0
2024-11-14 14:00,50.65,50.2,50.9,60,1.0
2024-11-14 15:00,50.42,50.2,50.7,60,1.0
2024-11-14 16:00,50.23,49.9,50.5,60,1.0
2024-11-14 17:00,50.08,49.8,50.3,60,1.0
2024-11-14 18:00,49.94,49.7,50.2,60,1.0
2024-11-14 19:00,49.86,49.6,50.1,51,0.85
2024-11-14 20:00,49.56,49.3,49.8,46,0.767
2024-11-14 21:00,49.46,49.2,49.8,51,0.85
2024-11-14 22:00,49.47,49.3,49.7,45,0.75
2024-11-14 23:00,49.4,49.2,49.7,58,0.967
2024-11-15 00:00,49.24,48.9,49.6,60,1.0
2024-11-15 01:00,49.07,48.8,49.5,60,1.0
2024-11-15 02:00,49.1,48.8,49.4,60,1.0
2024-11-15 03:00,49.14,48.9,49.4,60,1.0
2024-11-15 04:00,49.06,48.7,49.4,60,1.0
2024-11-15 05:00,49.03,48.8,49.4,60,1.0
2024-11-15 06:00,49.0,48.7,49.3,60,1.0
2024-11-15 07:00,48.98,48.7,49.2,60,1.0
2024-11-15 08:00,48.9,48.5,49.2,60,1.0
2024-11-15 09:00,48.97,48.7,49.3,60,1.0
2024-11-15 10:00,48.95,48.5,49.3,60,1.0
2024-11-15 11:00,48.96,48.6,49.3,60,1.0
2024-11-15 12:00,48.86,48.6,49.2,60,1.0
2024-11-15 13:00,48.9,48.6,49.2,60,1.0
2024-11-15 14:00,48.91,48.6,49.2,60,1.0
2024-11-15 15:00,48.71,48.3,49.1,60,1.0
2024-11-15 16:00,48.75,48.3,49.2,60,1.0
2024-11-15 17:00,48.8,48.4,49.3,60,1.0
2024-11-15 18:00,48.92,48.5,49.3,60,1.0
2024-11-15 19:00,48.92,48.5,49.3,60,1.0
2024-11-15 20:00,48.89,48.4,49.3,60,1.0
2024-11-15 21:00,48.9,48.6,49.3,60,1.0
2024-11-15 22:00,48.91,48.6,49.2,60,1.0
2024-11-15 23:00,48.89,48.5,49.2,60,1.0
2024-11-16 00:00,48.86,48.5,49.2,60,1.0
2024-11-16 01:00,48.8,48.5,49.2,60,1.0
2024-11-16 02:00,48.91,48.6,49.3,60,1.0
2024-11-16 03:00,48.95,48.5,49.3,60,1.0
2024-11-16 04:00,48.95,48.6,49.3,60,1.0
2024-11-16 05:00,48.9,48.4,49.2,60,1.0
2024-11-16 06:00,48.97,48.6,49.3,60,1.0
2024-11-16 07:00,48.8,48.5,49.2,60,1.0
2024-11-16 08:00,48.85,48.4,49.1,60,1.0
2024-11-16 09:00,48.72,48.4,49.2,60,1.0
2024-11-16 10:00,48.69,48.4,49.1,60,1.0
2024-11-16 11:00,48.68,48.3,49.2,60,1.0
2024-11-16 12:00,48.89,48.4,49.3,60,1.0
2024-11-16 13:00,49.07,48.6,49.4,60,1.0
2024-11-16 14:00,48.93,48.5,49.3,60,1.0
2024-11-16 15:00,48.86,48.4,49.3,60,1.0
2024-11-16 16:00,48.89,48.3,49.4,49,0.817
2024-11-16 17:00,49.0,48.6,49.4,45,0.75
2024-11-16 18:00,49.04,48.6,49.4,60,1.0
2024-11-16 19:00,49.1,48.7,49.5,60,1.0
2024-11-16 20:00,49.23,48.9,49.6,60,1.0
2024-11-16 21:00,49.39,49.0,49.7,60,1.0
2024-11-16 22:00,49.32,48.9,49.7,60,1.0
2024-11-16 23:00,49.23,48.8,49.6,60,1.0
2024-11-17 00:00,49.27,48.9,49.7,60,1.0
2024-11-17 01:00,49.23,48.9,49.6,53,0.883
2024-11-17 02:00,49.29,48.9,49.8,60,1.0
2024-11-17 03:00,49.31,48.9,49.7,60,1.0
2024-11-17 04:00,49.24,48.9,49.8,60,1.0
2024-11-17 05:00,49.25,48.9,49.7,60,1.0
2024-11-17 06:00,49.2,48.7,49.6,60,1.0
2024-11-17 07:00,49.04,48.6,49.5,60,1.0
2024-11-17 08:00,48.87,48.4,49.3,60,1.0
2024-11-17 09:00,48.65,48.3,49.0,60,1.0
2024-11-17 10:00,48.6,48.2,49.0,60,1.0
2024-11-17 11:00,48.7,48.3,49.0,60,1.0
2024-11-17 12:00,48.6,48.3,49.0,60,1.0
2024-11-17 13:00,48.6,48.3,49.0,60,1.0
2024-11-17 14:00,48.59,48.3,48.9,60,1.0
2024-11-17 15:00,48.61,48.3,49.0,60,1.0
2024-11-17 16:00,48.45,48.1,49.0,60,1.0
2024-11-17 17:00,48.59,48.2,48.9,60,1.0
2024-11-17 18:00,48.71,48.3,49.1,60,1.0
2024-11-17 19:00,48.68,48.3,49.2,60,1.0
2024-11-17 20:00,48.73,48.3,49.2,60,1.0
2024-11-17 21:00,48.67,48.2,49.1,60,1.0
2024-11-17 22:00,48.66,48.2,49.1,60,1.0
2024-11-17 23:00,48.61,48.1,49.0,60,1.0
2024-11-18 00:00,48.47,48.1,48.9,60,1.0
2024-11-18 01:00,48.48,48.1,48.8,60,1.0
2024-11-18 02:00,48.53,48.0,49.0,60,1.0
2024-11-18 03:00,48.5,48.0,49.0,60,1.0
2024-11-18 04:00,48.41,47.9,48.8,60,1.0
2024-11-18 05:00,48.62,48.2,49.0,60,1.0
2024-11-18 06:00,48.54,48.0,49.0,60,1.0
2024-11-18 07:00,48.62,48.1,49.0,60,1.0
2024-11-18 08:00,48.45,48.1,48.9,60,1.0
2024-11-18 09:00,48.48,48.1,48.8,46,0.767
2024-11-18 10:00,48.51,48.1,48.8,48,0.8
2024-11-18 11:00,48.48,48.1,48.8,60,1.0
2024-11-18 12:00,48.38,48.0,48.8,60,1.0
2024-11-18 13:00,48.31,47.7,48.7,51,0.85
2024-11-18 14:00,48.11,47.6,48.6,58,0.967
2024-11-18 15:00,47.99,47.5,48.4,60,1.0
2024-11-18 16:00,47.86,47.5,48.2,59,0.983
2024-11-18 17:00,47.89,47.4,48.3,50,0.833
2024-11-18 18:00,47.87,47.5,48.2,53,0.883
2024-11-18 19:00,47.77,47.4,48.2,59,0.983
2024-11-18 20:00,47.73,47.3,48.2,60,1.0
2024-11-18 21:00,47.71,47.3,48.0,60,1.0
2024-11-18 22:00,47.74,47.4,48.1,60,1.0
2024-11-18 23:00,47.72,47.3,48.0,60,1.0
2024-11-19 00:00,47.72,47.3,48.0,60,1.0
2024-11-19 01:00,47.73,47.3,48.1,60,1.0
2024-11-19 02:00,47.7,47.3,48.1,60,1.0
2024-11-19 03:00,47.65,47.2,48.1,60,1.0
2024-11-19 04:00,47.67,47.3,48.1,60,1.0
2024-11-19 05:00,47.68,47.3,48.0,60,1.0
2024-11-19 06:00,47.7,47.3,48.0,60,1.0
2024-11-19 07:00,47.67,47.1,48.0,60,1.0
2024-11-19 08:00,47.37,47.0,47.9,60,1.0
2024-11-19 09:00,47.31,46.9,47.8,54,0.9
2024-11-19 10:00,47.31,47.0,47.7,54,0.9
2024-11-19 11:00,46.78,46.4,47.2,60,1.0
2024-11-19 12:00,46.53,46.0,47.2,60,1.0
2024-11-19 13:00,46.33,45.9,46.8,60,1.0
2024-11-19 14:00,46.84,46.4,47.1,60,1.0
2024-11-19 15:00,47.46,46.9,47.9,60,1.0
2024-11-19 16:00,47.88,47.5,48.2,60,1.0
2024-11-19 17:00,48.0,47.7,48.4,60,1.0
2024-11-19 18:00,47.97,47.5,48.3,60,1.0
2024-11-19 19:00,47.91,47.5,48.3,60,1.0
2024-11-19 20:00,47.88,47.4,48.2,60,1.0
2024-11-19 21:00,47.84,47.4,48.2,60,1.0
2024-11-19 22:00,47.78,47.4,48.2,60,1.0
2024-11-19 23:00,47.76,47.3,48.1,60,1.0
2024-11-20 00:00,47.73,47.4,48.1,60,1.0
2024-11-20 01:00,47.76,47.4,48.1,60,1.0
2024-11-20 02:00,47.73,47.3,48.1,60,1.0
2024-11-20 03:00,47.72,47.4,48.0,60,1.0
2024-11-20 04:00,47.54,47.2,47.8,60,1.0
2024-11-20 05:00,47.54,47.2,47.9,60,1.0
2024-11-20 06:00,47.53,47.2,47.9,60,1.0
2024-11-20 07:00,47.53,47.1,47.9,60,1.0
2024-11-20 08:00,47.38,47.0,47.7,60,1.0
2024-11-20 09:00,47.44,47.0,47.8,60,1.0
2024-11-20 10:00,47.56,47.2,47.8,60,1.0
2024-11-20 11:00,47.36,46.9,47.7,60,1.0
2024-11-20 12:00,47.32,47.0,47.7,51,0.85
2024-11-20 13:00,47.16,46.7,47.5,46,0.767
2024-11-20 14:00,47.0,46.7,47.4,56,0.933
2024-11-20 15:00,46.95,46.6,47.3,53,0.883
2024-11-20 16:00,46.85,46.5,47.2,60,1.0
2024-11-20 17:00,46.73,46.5,47.1,58,0.967
2024-11-20 18:00,46.71,46.3,47.0,60,1.0
2024-11-20 19:00,46.42,45.9,46.8,60,1.0
2024-11-20 20:00,46.33,45.9,46.7,55,0.917
2024-11-20 21:00,47.25,46.0,49.1,60,1.0
2024-11-20 22:00,48.88,48.5,49.2,60,1.0
2024-11-20 23:00,49.01,48.6,49.3,59,0.983
2024-11-21 00:00,49.07,48.7,49.4,54,0.9
2024-11-21 01:00,49.06,48.7,49.4,60,1.0
2024-11-21 02:00,49.08,48.7,49.5,60,1.0
2024-11-21 03:00,49.05,48.7,49.3,60,1.0
2024-11-21 04:00,48.96,48.6,49.3,60,1.0
2024-11-21 05:00,48.92,48.6,49.3,60,1.0
2024-11-21 06:00,48.88,48.4,49.3,60,1.0
2024-11-21 07:00,48.86,48.5,49.3,60,1.0
2024-11-21 08:00,48.88,48.6,49.3,60,1.0
2024-11-21 09:00,48.86,48.5,49.2,60,1.0
2024-11-21 10:00,48.87,48.5,49.3,60,1.0
2024-11-21 11:00,48.93,48.6,49.3,59,0.983
2024-11-21 12:00,48.93,48.5,49.4,60,1.0
2024-11-21 13:00,49.0,48.7,49.3,49,0.817
2024-11-21 14:00,49.02,48.5,49.4,52,0.867
2024-11-21 15:00,49.15,48.7,49.5,57,0.95
2024-11-21 16:00,49.21,48.8,49.6,60,1.0
2024-11-21 17:00,49.3,48.9,49.8,60,1.0
2024-11-21 18:00,49.27,48.8,49.7,60,1.0
2024-11-21 19:00,49.27,48.8,49.7,57,0.95
2024-11-21 20:00,49.4,48.9,50.0,56,0.933
2024-11-21 21:00,49.41,48.9,49.9,53,0.883
2024-11-21 22:00,49.44,48.9,49.9,60,1.0
2024-11-21 23:00,48.44,47.5,49.6,60,1.0
2024-11-22 00:00,48.63,47.9,49.3,60,1.0
2024-11-22 01:00,49.02,48.7,49.3,56,0.933
2024-11-22 02:00,49.1,48.8,49.5,60,1.0
2024-11-22 03:00,49.23,49.0,49.6,60,1.0
2024-11-22 04:00,49.17,48.9,49.5,60,1.0
2024-11-22 05:00,49.02,48.7,49.5,60,1.0
2024-11-22 06:00,49.06,48.8,49.3,59,0.983
2024-11-22 07:00,49.13,48.9,49.4,60,1.0
2024-11-22 08:00,49.35,49.1,49.7,60,1.0
2024-11-22 09:00,50.64,49.4,53.5,60,1.0
2024-11-22 10:00,54.47,53.4,55.6,60,1.0
2024-11-22 11:00,61.62,55.5,63.3,60,1.0
2024-11-22 12:00,63.52,63.0,64.0,60,1.0
2024-11-22 13:00,62.41,61.4,63.4,60,1.0
2024-11-22 14:00,61.1,60.5,61.8,60,1.0
2024-11-22 15:00,60.15,59.7,60.6,60,1.0
2024-11-22 16:00,59.44,59.1,60.0,60,1.0
2024-11-22 17:00,58.76,58.3,59.5,60,1.0
2024-11-22 18:00,58.22,57.9,58.6,60,1.0
2024-11-22 19:00,57.77,57.4,58.1,60,1.0
2024-11-22 20:00,57.37,57.1,57.7,60,1.0
2024-11-22 21:00,57.06,56.7,57.3,60,1.0
2024-11-22 22:00,56.68,56.3,57.0,60,1.0
2024-11-22 23:00,56.4,55.9,56.7,60,1.0
2024-11-23 00:00,56.06,55.7,56.7,60,1.0
2024-11-23 01:00,55.82,55.5,56.2,60,1.0
2024-11-23 02:00,55.55,55.3,55.8,60,1.0
2024-11-23 03:00,55.38,54.9,55.8,60,1.0
2024-11-23 04:00,55.14,54.8,55.5,60,1.0
2024-11-23 05:00,54.98,54.5,55.3,60,1.0
2024-11-23 06:00,54.78,54.5,55.1,60,1.0
2024-11-23 07:00,54.65,54.3,55.0,59,0.983
2024-11-23 08:00,54.56,54.3,54.8,60,1.0
2024-11-23 09:00,54.44,54.1,54.7,60,1.0
2024-11-23 10:00,54.36,54.0,54.7,60,1.0
2024-11-23 11:00,54.25,53.9,54.6,60,1.0
2024-11-23 12:00,54.22,53.9,54.6,60,1.0
2024-11-23 13:00,54.16,53.8,54.6,60,1.0
2024-11-23 14:00,54.0,53.6,54.3,60,1.0
2024-11-23 15:00,53.87,53.5,54.2,60,1.0
2024-11-23 16:00,53.82,53.4,54.2,60,1.0
2024-11-23 17:00,53.73,53.3,54.2,60,1.0
2024-11-23 18:00,53.72,53.4,54.0,58,0.967
2024-11-23 19:00,53.71,53.4,54.2,45,0.75
2024-11-23 20:00,53.65,53.3,54.0,56,0.933
2024-11-23 21:00,53.6,53.3,53.9,46,0.767
2024-11-23 22:00,53.63,53.3,54.1,42,0.7
2024-11-23 23:00,53.59,53.2,54.0,58,0.967
2024-11-24 00:00,53.59,53.2,54.1,60,1.0
2024-11-24 01:00,53.62,53.3,54.0,60,1.0
2024-11-24 02:00,53.52,53.1,53.8,60,1.0
2024-11-24 03:00,53.6,53.1,54.1,60,1.0
2024-11-24 04:00,53.49,53.1,53.8,53,0.883
2024-11-24 05:00,53.44,53.1,53.9,60,1.0
2024-11-24 06:00,53.48,53.1,54.0,60,1.0
2024-11-24 07:00,53.52,53.2,53.9,60,1.0
2024-11-24 08:00,53.48,53.1,54.0,60,1.0
2024-11-24 09:00,53.55,53.2,54.0,60,1.0
2024-11-24 10:00,53.62,53.2,54.0,60,1.0
2024-11-24 11:00,53.53,53.1,53.9,60,1.0
2024-11-24 12:00,53.47,53.1,54.0,60,1.0
2024-11-24 13:00,53.51,53.2,53.8,60,1.0
2024-11-24 14:00,53.42,53.1,53.8,60,1.0
2024-11-24 15:00,53.36,53.0,53.7,60,1.0
2024-11-24 16:00,53.38,52.9,53.8,60,1.0
2024-11-24 17:00,53.42,52.9,54.0,60,1.0
2024-11-24 18:00,53.38,52.9,53.9,60,1.0
2024-11-24 19:00,53.36,52.9,53.8,60,1.0
2024-11-24 20:00,53.41,53.1,53.9,60,1.0
2024-11-24 21:00,53.38,53.1,53.8,60,1.0
2024-11-24 22:00,53.42,53.0,53.9,60,1.0
2024-11-24 23:00,53.43,53.0,54.1,60,1.0
2024-11-25 00:00,53.38,53.0,53.7,60,1.0
2024-11-25 01:00,53.42,53.0,53.8,60,1.0
2024-11-25 02:00,53.41,53.1,53.9,60,1.0
2024-11-25 03:00,53.51,53.0,53.9,60,1.0
2024-11-25 04:00,53.38,53.0,53.8,60,1.0
2024-11-25 05:00,53.43,53.0,53.9,60,1.0
2024-11-25 06:00,53.46,53.0,53.9,60,1.0
2024-11-25 07:00,53.35,53.0,53.8,60,1.0
2024-11-25 08:00,53.39,52.9,53.8,60,1.0
2024-11-25 09:00,53.47,53.1,53.8,60,1.0
2024-11-25 10:00,53.49,53.1,53.8,60,1.0
2024-11-25 11:00,53.53,53.1,53.9,60,1.0
2024-11-25 12:00,53.37,53.1,53.7,60,1.0
2024-11-25 13:00,53.46,53.1,53.9,60,1.0
2024-11-25 14:00,53.5,53.0,53.9,60,1.0
2024-11-25 15:00,53.4,52.9,53.8,60,1.0
2024-11-25 16:00,53.36,53.0,53.8,60,1.0
2024-11-25 17:00,53.5,53.0,53.9,60,1.0
2024-11-25 18:00,53.58,53.1,54.0,60,1.0
2024-11-25 19:00,53.51,53.0,53.9,60,1.0
2024-11-25 20:00,53.47,53.0,53.9,60,1.0
2024-11-25 21:00,53.41,53.0,54.0,60,1.0
2024-11-25 22:00,53.34,52.9,53.8,59,0.983
2024-11-25 23:00,53.17,52.7,53.7,60,1.0
2024-11-26 00:00,53.11,52.8,53.5,60,1.0
2024-11-26 01:00,53.12,52.7,53.6,60,1.0
2024-11-26 02:00,53.0,52.6,53.3,60,1.0
2024-11-26 03:00,53.02,52.6,53.5,60,1.0
2024-11-26 04:00,53.0,52.5,53.5,60,1.0
2024-11-26 05:00,52.96,52.6,53.4,60,1.0
2024-11-26 06:00,52.88,52.5,53.3,60,1.0
2024-11-26 07:00,52.92,52.4,53.3,57,0.95
2024-11-26 08:00,52.89,52.5,53.3,46,0.767
2024-11-26 09:00,52.9,52.5,53.3,52,0.867
2024-11-26 10:00,52.84,52.4,53.2,54,0.9
2024-11-26 11:00,52.76,52.3,53.2,60,1.0
2024-11-26 12:00,52.74,52.3,53.1,55,0.917
2024-11-26 13:00,52.64,52.2,53.0,60,1.0
2024-11-26 14:00,52.6,52.2,53.0,60,1.0
2024-11-26 15:00,52.53,52.2,52.9,60,1.0
2024-11-26 16:00,52.46,52.1,52.9,60,1.0
2024-11-26 17:00,52.57,52.2,53.0,60,1.0
2024-11-26 18:00,52.54,52.0,52.9,60,1.0
2024-11-26 19:00,52.56,52.2,52.9,60,1.0
2024-11-26 20:00,52.43,52.0,52.8,60,1.0
2024-11-26 21:00,52.4,52.0,52.8,56,0.933
2024-11-26 22:00,52.42,52.0,52.8,47,0.783
2024-11-26 23:00,52.31,51.9,52.7,51,0.85
2024-11-27 00:00,52.25,51.9,52.7,50,0.833
2024-11-27 01:00,52.27,51.8,53.0,58,0.967
2024-11-27 02:00,52.31,51.8,52.7,59,0.983
2024-11-27 03:00,52.13,51.6,52.5,60,1.0
2024-11-27 04:00,52.08,51.5,52.6,43,0.717
2024-11-27 05:00,52.06,51.6,52.5,54,0.9
2024-11-27 06:00,52.09,51.6,52.4,59,0.983
2024-11-27 07:00,52.01,51.5,52.5,59,0.983
2024-11-27 08:00,52.01,51.5,52.5,58,0.967
2024-11-27 09:00,51.98,51.5,52.4,60,1.0
2024-11-27 10:00,51.98,51.6,52.4,60,1.0
2024-11-27 11:00,51.72,51.2,52.3,60,1.0
2024-11-27 12:00,51.45,51.0,51.8,53,0.883
2024-11-27 13:00,51.47,51.0,51.9,51,0.85
2024-11-27 14:00,51.52,51.1,51.9,46,0.767
2024-11-27 15:00,51.32,50.8,51.8,59,0.983
2024-11-27 16:00,51.16,50.7,51.6,60,1.0
2024-11-27 17:00,51.27,50.8,51.6,48,0.8
2024-11-27 18:00,51.29,50.9,51.6,60,1.0
2024-11-27 19:00,51.31,50.9,51.7,60,1.0
2024-11-27 20:00,51.28,50.8,51.6,60,1.0
2024-11-27 21:00,51.23,50.9,51.6,60,1.0
2024-11-27 22:00,51.18,50.7,51.6,60,1.0
2024-11-27 23:00,51.15,50.7,51.6,60,1.0
2024-11-28 00:00,51.22,50.6,51.6,60,1.0
2024-11-28 01:00,51.18,50.8,51.7,60,1.0
2024-11-28 02:00,51.12,50.7,51.6,52,0.867
2024-11-28 03:00,51.25,50.7,51.7,48,0.8
2024-11-28 04:00,51.17,50.8,51.6,60,1.0
2024-11-28 05:00,51.24,50.8,51.7,60,1.0
2024-11-28 06:00,51.16,50.5,51.5,60,1.0
2024-11-28 07:00,51.06,50.5,51.4,60,1.0
2024-11-28 08:00,51.02,50.5,51.4,60,1.0
2024-11-28 09:00,50.91,50.4,51.3,60,1.0
2024-11-28 10:00,50.8,50.3,51.2,60,1.0
2024-11-28 11:00,50.71,50.2,51.1,60,1.0
2024-11-28 12:00,50.78,50.3,51.3,60,1.0
2024-11-28 13:00,50.74,50.3,51.2,60,1.0
2024-11-28 14:00,50.78,50.3,51.2,60,1.0
2024-11-28 15:00,50.74,50.2,51.1,60,1.0
2024-11-28 16:00,50.68,50.0,51.0,60,1.0
2024-11-28 17:00,51.07,50.3,52.5,60,1.0
2024-11-28 18:00,53.9,52.4,54.7,60,1.0
2024-11-28 19:00,54.53,54.1,54.8,60,1.0
2024-11-28 20:00,54.43,54.0,54.9,60,1.0
2024-11-28 21:00,54.3,53.9,54.7,60,1.0
2024-11-28 22:00,54.2,53.8,54.5,60,1.0
2024-11-28 23:00,54.04,53.7,54.4,60,1.0
2024-11-29 00:00,54.0,53.6,54.3,60,1.0
2024-11-29 01:00,53.87,53.3,54.3,60,1.0
2024-11-29 02:00,53.7,53.3,54.1,60,1.0
2024-11-29 03:00,53.62,53.2,54.1,60,1.0
2024-11-29 04:00,53.46,52.9,53.8,60,1.0
2024-11-29 05:00,53.38,53.0,53.8,60,1.0
2024-11-29 06:00,53.27,52.7,53.6,60,1.0
2024-11-29 07:00,53.25,52.8,53.5,60,1.0
2024-11-29 08:00,53.31,52.8,53.7,60,1.0
2024-11-29 09:00,53.34,52.9,53.7,60,1.0
2024-11-29 10:00,52.84,52.3,53.5,60,1.0
2024-11-29 11:00,52.54,51.8,52.9,60,1.0
2024-11-29 12:00,52.47,52.0,53.1,60,1.0
2024-11-29 13:00,52.41,51.8,52.7,60,1.0
2024-11-29 14:00,52.37,51.8,52.7,60,1.0
2024-11-29 15:00,52.7,52.0,53.2,60,1.0
2024-11-29 16:00,52.99,52.4,53.3,60,1.0
2024-11-29 17:00,52.84,52.2,53.3,60,1.0
2024-11-29 18:00,52.81,52.4,54.8,60,1.0
2024-11-29 19:00,52.82,52.1,54.9,60,1.0
2024-11-29 20:00,53.56,52.1,54.7,60,1.0
2024-11-29 21:00,53.35,51.7,54.6,60,1.0
2024-11-29 22:00,52.92,51.7,54.6,60,1.0
2024-11-29 23:00,54.23,53.7,54.7,60,1.0
2024-11-30 00:00,54.14,52.4,54.6,60,1.0
2024-11-30 01:00,53.93,52.1,54.6,60,1.0
2024-11-30 02:00,54.23,53.9,54.6,59,0.983
2024-11-30 03:00,54.03,52.1,54.5,60,1.0
2024-11-30 04:00,53.52,51.9,54.6,60,1.0
2024-11-30 05:00,54.06,53.7,54.4,60,1.0
2024-11-30 06:00,54.07,53.5,54.4,60,1.0
2024-11-30 07:00,54.16,53.8,54.5,60,1.0
2024-11-30 08:00,54.1,53.7,54.5,60,1.0
2024-11-30 09:00,54.13,53.7,54.5,60,1.0
2024-11-30 10:00,54.16,53.6,54.5,60,1.0
2024-11-30 11:00,54.17,53.8,54.5,56,0.933
2024-11-30 12:00,54.21,53.9,54.5,60,1.0
2024-11-30 13:00,54.11,53.4,54.5,60,1.0
2024-11-30 14:00,53.98,53.6,54.4,55,0.917
2024-11-30 15:00,53.99,53.5,54.4,46,0.767
2024-11-30 16:00,54.05,53.4,54.4,56,0.933
2024-11-30 17:00,54.14,53.6,54.6,49,0.817
2024-11-30 18:00,54.23,53.8,54.6,57,0.95
2024-11-30 19:00,54.37,54.0,55.0,54,0.9
2024-11-30 20:00,54.34,53.9,54.8,60,1.0
2024-11-30 21:00,54.33,53.9,54.7,60,1.0
2024-11-30 22:00,54.42,54.1,54.7,60,1.0
2024-11-30 23:00,54.47,54.0,54.8,60,1.0
2024-12-01 00:00,54.38,54.0,54.8,60,1.0
2024-12-01 01:00,54.47,53.9,54.9,60,1.0
2024-12-01 02:00,54.43,54.0,55.0,60,1.0
2024-12-01 03:00,54.46,53.9,54.9,60,1.0
2024-12-01 04:00,54.4,53.9,54.8,60,1.0
2024-12-01 05:00,54.36,53.9,54.9,60,1.0
2024-12-01 06:00,54.44,53.9,54.8,60,1.0
2024-12-01 07:00,54.42,54.0,54.8,60,1.0
2024-12-01 08:00,54.31,53.7,54.9,60,1.0
2024-12-01 09:00,54.26,53.8,54.7,60,1.0
2024-12-01 10:00,54.38,54.0,54.8,60,1.0
2024-12-01 11:00,54.36,53.9,54.7,60,1.0
2024-12-01 12:00,54.38,53.9,54.8,60,1.0
2024-12-01 13:00,54.5,54.0,55.0,60,1.0
2024-12-01 14:00,54.52,54.2,55.0,60,1.0
2024-12-01 15:00,54.52,54.0,54.9,60,1.0
2024-12-01 16:00,54.38,53.8,54.9,60,1.0
2024-12-01 17:00,54.54,54.0,55.2,60,1.0
2024-12-01 18:00,54.72,54.4,55.1,60,1.0
2024-12-01 19:00,54.92,54.5,55.3,60,1.0
2024-12-01 20:00,54.88,54.4,55.2,60,1.0
2024-12-01 21:00,54.8,54.3,55.2,60,1.0
2024-12-01 22:00,54.74,54.3,55.3,60,1.0
2024-12-01 23:00,54.87,54.3,55.3,60,1.0
2024-12-02 00:00,54.92,54.5,55.3,60,1.0
2024-12-02 01:00,54.96,54.5,55.4,60,1.0
2024-12-02 02:00,54.92,54.3,55.3,60,1.0
2024-12-02 03:00,54.97,54.5,55.4,60,1.0
2024-12-02 04:00,54.97,54.3,55.4,59,0.983
2024-12-02 05:00,54.9,54.2,55.3,60,1.0
2024-12-02 06:00,54.92,54.5,55.4,60,1.0
2024-12-02 07:00,54.8,54.3,55.3,59,0.983
2024-12-02 08:00,54.83,54.1,55.3,60,1.0
2024-12-02 09:00,54.81,54.3,55.4,60,1.0
2024-12-02 10:00,54.8,54.2,55.3,60,1.0
2024-12-02 11:00,54.9,54.2,55.4,60,1.0
2024-12-02 12:00,54.97,54.4,55.5,60,1.0
2024-12-02 13:00,54.87,54.3,55.3,60,1.0
2024-12-02 14:00,54.75,54.1,55.3,60,1.0
2024-12-02 15:00,54.82,54.4,55.2,60,1.0
2024-12-02 16:00,54.76,54.2,55.3,60,1.0
2024-12-02 17:00,54.88,54.3,55.5,53,0.883
2024-12-02 18:00,55.07,54.5,55.5,60,1.0
2024-12-02 19:00,55.06,54.5,55.5,60,1.0
2024-12-02 20:00,55.12,54.5,55.5,60,1.0
2024-12-02 21:00,55.03,54.5,55.5,60,1.0
2024-12-02 22:00,55.05,54.6,55.5,59,0.983
2024-12-02 23:00,55.16,54.6,55.5,53,0.883
2024-12-03 00:00,55.11,54.6,55.5,60,1.0
2024-12-03 01:00,55.04,54.3,55.6,60,1.0
2024-12-03 02:00,54.92,54.3,55.4,60,1.0
2024-12-03 03:00,55.05,54.6,55.5,49,0.817
2024-12-03 04:00,55.05,54.5,55.6,52,0.867
2024-12-03 05:00,55.11,54.6,55.5,57,0.95
2024-12-03 06:00,55.03,54.6,55.6,54,0.9
2024-12-03 07:00,55.07,54.6,55.5,47,0.783
2024-12-03 08:00,54.89,54.2,55.3,58,0.967
2024-12-03 09:00,54.86,54.3,55.3,60,1.0
2024-12-03 10:00,54.83,54.3,55.3,60,1.0
2024-12-03 11:00,54.9,54.5,55.4,60,1.0
2024-12-03 12:00,54.89,54.4,55.3,60,1.0
2024-12-03 13:00,54.85,54.5,55.3,60,1.0
2024-12-03 14:00,54.76,54.4,55.3,60,1.0
2024-12-03 15:00,54.83,54.5,55.3,54,0.9
2024-12-03 16:00,54.8,54.4,55.3,59,0.983
2024-12-03 17:00,54.96,54.4,55.4,50,0.833
2024-12-03 18:00,55.07,54.5,55.6,52,0.867
2024-12-03 19:00,54.49,53.8,55.2,46,0.767
2024-12-03 20:00,52.72,52.2,54.0,49,0.817
2024-12-03 21:00,53.67,52.6,55.1,49,0.817
2024-12-03 22:00,55.76,55.0,56.2,52,0.867
2024-12-03 23:00,56.22,55.9,56.6,51,0.85
2024-12-04 00:00,56.36,56.0,56.6,50,0.833
2024-12-04 01:00,56.37,55.9,56.7,60,1.0
2024-12-04 02:00,56.29,55.9,56.6,60,1.0
2024-12-04 03:00,56.24,55.9,56.6,60,1.0
2024-12-04 04:00,56.2,55.8,56.5,60,1.0
2024-12-04 05:00,56.1,55.8,56.4,60,1.0
2024-12-04 06:00,56.15,55.8,56.5,60,1.0
2024-12-04 07:00,56.02,55.7,56.3,60,1.0
2024-12-04 08:00,55.99,55.6,56.4,60,1.0
2024-12-04 09:00,55.93,55.5,56.3,60,1.0
2024-12-04 10:00,55.92,55.6,56.3,60,1.0
2024-12-04 11:00,56.02,55.5,56.4,60,1.0
2024-12-04 12:00,55.97,55.7,56.3,60,1.0
2024-12-04 13:00,55.82,55.5,56.3,60,1.0
2024-12-04 14:00,55.74,55.5,56.1,60,1.0
2024-12-04 15:00,55.71,55.4,56.1,60,1.0
2024-12-04 16:00,55.62,55.3,56.0,60,1.0
2024-12-04 17:00,55.58,55.3,55.9,60,1.0
2024-12-04 18:00,55.52,55.2,55.8,60,1.0
2024-12-04 19:00,55.54,55.1,55.9,60,1.0
2024-12-04 20:00,55.5,55.1,55.9,60,1.0
2024-12-04 21:00,55.36,55.0,55.7,60,1.0
2024-12-04 22:00,55.32,54.8,55.7,60,1.0
2024-12-04 23:00,55.46,55.0,55.8,60,1.0
2024-12-05 00:00,55.48,55.1,55.8,60,1.0
2024-12-05 01:00,55.5,54.9,55.8,60,1.0
2024-12-05 02:00,55.53,55.2,55.8,60,1.0
2024-12-05 03:00,55.49,55.2,55.8,60,1.0
2024-12-05 04:00,55.48,55.1,55.7,60,1.0
2024-12-05 05:00,55.46,55.1,55.8,60,1.0
2024-12-05 06:00,55.42,55.0,55.8,60,1.0
2024-12-05 07:00,55.33,55.0,55.7,60,1.0
2024-12-05 08:00,55.25,55.0,55.7,60,1.0
2024-12-05 09:00,55.27,54.8,55.5,59,0.983
2024-12-05 10:00,55.16,54.8,55.6,60,1.0
2024-12-05 11:00,55.26,54.9,55.6,60,1.0
2024-12-05 12:00,55.43,55.0,55.8,60,1.0
2024-12-05 13:00,55.3,54.9,55.6,60,1.0
2024-12-05 14:00,55.28,55.0,55.6,60,1.0
2024-12-05 15:00,55.38,55.0,55.8,60,1.0
2024-12-05 16:00,55.47,55.0,55.9,60,1.0
2024-12-05 17:00,55.65,55.2,56.2,60,1.0
2024-12-05 18:00,55.76,55.3,56.3,60,1.0
2024-12-05 19:00,55.71,55.2,56.1,54,0.9
2024-12-05 20:00,55.9,55.5,56.4,57,0.95
2024-12-05 21:00,56.11,55.5,56.5,60,1.0
2024-12-05 22:00,56.12,55.7,56.6,60,1.0
2024-12-05 23:00,56.24,55.8,56.7,60,1.0
2024-12-06 00:00,56.4,56.0,56.9,59,0.983
2024-12-06 01:00,56.47,56.0,57.0,53,0.883
2024-12-06 02:00,56.56,56.1,57.0,59,0.983
2024-12-06 03:00,56.56,56.2,57.0,49,0.817
2024-12-06 04:00,56.43,55.9,56.9,53,0.883
2024-12-06 05:00,56.41,55.9,57.0,60,1.0
2024-12-06 06:00,56.33,55.9,56.8,59,0.983
2024-12-06 07:00,56.32,55.9,56.9,60,1.0
2024-12-06 08:00,56.3,55.8,56.9,60,1.0
2024-12-06 09:00,56.28,55.8,56.7,60,1.0
2024-12-06 10:00,56.24,55.8,56.6,60,1.0
2024-12-06 11:00,56.28,55.8,56.6,60,1.0
2024-12-06 12:00,56.28,55.8,56.6,60,1.0
2024-12-06 13:00,56.15,55.7,56.6,60,1.0
2024-12-06 14:00,56.2,55.8,56.7,60,1.0
2024-12-06 15:00,56.18,55.7,56.7,60,1.0
2024-12-06 16:00,56.22,55.7,56.7,60,1.0
2024-12-06 17:00,56.49,55.9,57.0,60,1.0
2024-12-06 18:00,56.37,56.0,56.8,60,1.0
2024-12-06 19:00,56.43,56.0,56.9,60,1.0
2024-12-06 20:00,56.37,56.0,56.8,60,1.0
2024-12-06 21:00,56.41,55.9,56.9,60,1.0
2024-12-06 22:00,56.45,56.0,56.9,56,0.933
2024-12-06 23:00,56.45,56.0,56.9,58,0.967
2024-12-07 00:00,56.42,55.9,56.8,54,0.9
2024-12-07 01:00,56.37,55.9,56.9,50,0.833
2024-12-07 02:00,56.39,55.9,56.9,60,1.0
2024-12-07 03:00,56.4,55.9,56.8,60,1.0
2024-12-07 04:00,55.93,54.7,56.6,60,1.0
2024-12-07 05:00,54.5,54.0,55.2,60,1.0
2024-12-07 06:00,54.91,54.4,55.5,60,1.0
2024-12-07 07:00,55.28,54.9,55.7,60,1.0
2024-12-07 08:00,55.29,54.9,55.7,60,1.0
2024-12-07 09:00,55.47,55.0,55.9,60,1.0
2024-12-07 10:00,55.46,55.0,55.8,60,1.0
2024-12-07 11:00,55.58,55.1,55.9,60,1.0
2024-12-07 12:00,55.64,55.2,56.1,60,1.0
2024-12-07 13:00,55.66,55.2,56.1,60,1.0
2024-12-07 14:00,55.64,55.3,56.0,60,1.0
2024-12-07 15:00,55.49,55.2,55.9,60,1.0
2024-12-07 16:00,55.64,55.2,56.0,60,1.0
2024-12-07 17:00,55.79,55.5,56.1,60,1.0
2024-12-07 18:00,55.64,55.1,56.1,60,1.0
2024-12-07 19:00,55.61,55.2,55.9,60,1.0
2024-12-07 20:00,55.64,55.3,56.0,60,1.0
2024-12-07 21:00,55.62,55.3,56.1,60,1.0
2024-12-07 22:00,55.64,55.3,56.1,60,1.0
2024-12-07 23:00,55.64,55.3,56.0,60,1.0
2024-12-08 00:00,55.63,55.3,56.2,60,1.0
2024-12-08 01:00,55.64,55.3,56.1,60,1.0
2024-12-08 02:00,55.73,55.3,56.2,60,1.0
2024-12-08 03:00,55.7,55.0,56.2,60,1.0
2024-12-08 04:00,56.68,54.5,67.6,60,1.0
2024-12-08 05:00,68.9,67.8,70.1,60,1.0
2024-12-08 06:00,67.48,66.9,68.3,60,1.0
2024-12-08 07:00,66.76,66.2,67.2,60,1.0
2024-12-08 08:00,66.09,65.6,66.5,60,1.0
2024-12-08 09:00,65.8,65.4,66.2,60,1.0
2024-12-08 10:00,65.59,65.2,66.0,60,1.0
2024-12-08 11:00,65.14,64.7,65.6,60,1.0
2024-12-08 12:00,64.66,64.1,65.1,60,1.0
2024-12-08 13:00,64.56,63.9,65.4,60,1.0
2024-12-08 14:00,65.55,65.0,66.5,60,1.0
2024-12-08 15:00,66.77,66.5,67.1,60,1.0
2024-12-08 16:00,66.41,66.0,67.0,60,1.0
2024-12-08 17:00,66.79,66.1,67.4,60,1.0
2024-12-08 18:00,66.6,66.1,67.8,60,1.0
2024-12-08 19:00,68.11,67.5,68.7,60,1.0
2024-12-08 20:00,67.9,67.5,68.3,60,1.0
2024-12-08 21:00,67.28,66.9,67.8,60,1.0
2024-12-08 22:00,66.69,66.3,67.0,60,1.0
2024-12-08 23:00,66.14,65.8,66.6,54,0.9
2024-12-09 00:00,65.66,65.3,66.2,46,0.767
2024-12-09 01:00,65.46,65.2,65.8,51,0.85
2024-12-09 02:00,65.22,65.0,65.6,60,1.0
2024-12-09 03:00,64.79,64.4,65.1,59,0.983
2024-12-09 04:00,64.45,64.1,64.8,55,0.917
2024-12-09 05:00,64.14,63.9,64.6,60,1.0
2024-12-09 06:00,63.94,63.7,64.3,60,1.0
2024-12-09 07:00,64.16,63.5,65.2,60,1.0
2024-12-09 08:00,64.8,64.4,65.2,60,1.0
2024-12-09 09:00,64.64,64.3,65.0,60,1.0
2024-12-09 10:00,64.43,64.0,64.8,60,1.0
2024-12-09 11:00,64.06,63.7,64.3,60,1.0
2024-12-09 12:00,63.97,63.6,64.3,60,1.0
2024-12-09 13:00,63.71,63.4,64.0,60,1.0
2024-12-09 14:00,66.14,63.2,68.1,60,1.0
2024-12-09 15:00,67.39,66.7,68.1,60,1.0
2024-12-09 16:00,68.58,66.8,69.2,60,1.0
2024-12-09 17:00,67.9,67.4,68.5,60,1.0
2024-12-09 18:00,67.11,66.7,67.6,60,1.0
2024-12-09 19:00,66.53,66.1,67.0,60,1.0
2024-12-09 20:00,66.01,65.6,66.5,60,1.0
2024-12-09 21:00,66.41,65.6,67.8,60,1.0
2024-12-09 22:00,68.36,67.6,69.0,60,1.0
2024-12-09 23:00,68.29,68.1,68.6,60,1.0
2024-12-10 00:00,67.82,67.3,68.4,60,1.0
2024-12-10 01:00,67.66,67.3,68.0,60,1.0
2024-12-10 02:00,67.79,67.5,68.2,60,1.0
2024-12-10 03:00,67.3,66.9,67.7,60,1.0
2024-12-10 04:00,67.88,67.2,68.6,60,1.0
2024-12-10 05:00,68.44,68.1,68.9,60,1.0
2024-12-10 06:00,68.49,68.1,68.9,60,1.0
2024-12-10 07:00,68.02,67.6,68.5,60,1.0
2024-12-10 08:00,67.48,67.1,67.9,60,1.0
2024-12-10 09:00,66.97,66.6,67.4,60,1.0
2024-12-10 10:00,66.56,66.2,66.9,60,1.0
2024-12-10 11:00,66.17,65.8,66.5,60,1.0
2024-12-10 12:00,65.76,65.3,66.1,60,1.0
2024-12-10 13:00,65.29,64.8,65.7,60,1.0
2024-12-10 14:00,65.32,64.7,66.2,60,1.0
2024-12-10 15:00,66.2,65.9,66.5,60,1.0
2024-12-10 16:00,65.73,65.3,66.2,60,1.0
2024-12-10 17:00,65.28,64.8,65.7,60,1.0
2024-12-10 18:00,64.85,64.4,65.2,60,1.0
2024-12-10 19:00,64.43,64.1,64.9,60,1.0
2024-12-10 20:00,64.1,63.8,64.4,52,0.867
2024-12-10 21:00,63.8,63.6,64.2,45,0.75
2024-12-10 22:00,63.55,63.3,63.8,53,0.883
2024-12-10 23:00,63.38,63.1,63.8,60,1.0
2024-12-11 00:00,63.47,63.0,64.5,60,1.0
2024-12-11 01:00,64.78,64.1,65.2,60,1.0
2024-12-11 02:00,64.99,64.6,65.4,60,1.0
2024-12-11 03:00,64.82,64.5,65.1,60,1.0
2024-12-11 04:00,64.56,64.2,64.8,60,1.0
2024-12-11 05:00,64.64,64.4,65.1,60,1.0
2024-12-11 06:00,64.95,64.8,65.3,60,1.0
2024-12-11 07:00,64.84,64.6,65.1,60,1.0
2024-12-11 08:00,64.67,64.4,65.0,60,1.0
2024-12-11 09:00,64.38,64.0,64.7,60,1.0
2024-12-11 10:00,64.62,64.4,64.9,60,1.0
2024-12-11 11:00,64.31,63.9,64.6,59,0.983
2024-12-11 12:00,63.86,63.5,64.3,60,1.0
2024-12-11 13:00,63.68,63.4,63.9,60,1.0
2024-12-11 14:00,63.48,63.2,63.8,59,0.983
2024-12-11 15:00,63.17,62.9,63.4,60,1.0
2024-12-11 16:00,62.77,62.4,63.1,60,1.0
2024-12-11 17:00,62.62,62.3,62.9,60,1.0
2024-12-11 18:00,62.45,62.2,62.7,60,1.0
2024-12-11 19:00,62.2,61.8,62.5,60,1.0
2024-12-11 20:00,62.29,62.0,62.7,60,1.0
2024-12-11 21:00,62.96,62.4,63.2,60,1.0
2024-12-11 22:00,62.9,62.6,63.3,60,1.0
2024-12-11 23:00,62.66,62.4,63.0,60,1.0
2024-12-12 00:00,62.52,62.3,62.8,60,1.0
2024-12-12 01:00,62.34,62.1,62.6,60,1.0
2024-12-12 02:00,62.14,61.9,62.4,60,1.0
2024-12-12 03:00,61.95,61.7,62.2,60,1.0
2024-12-12 04:00,61.8,61.5,62.1,60,1.0
2024-12-12 05:00,61.71,61.3,61.9,60,1.0
2024-12-12 06:00,61.56,61.3,61.9,60,1.0
2024-12-12 07:00,61.37,61.0,61.7,60,1.0
2024-12-12 08:00,61.26,60.8,61.6,60,1.0
2024-12-12 09:00,61.17,60.9,61.4,60,1.0
2024-12-12 10:00,61.02,60.7,61.2,60,1.0
2024-12-12 11:00,60.96,60.7,61.2,60,1.0
2024-12-12 12:00,60.8,60.5,61.1,60,1.0
2024-12-12 13:00,60.73,60.4,61.0,60,1.0
2024-12-12 14:00,60.6,60.2,60.9,60,1.0
2024-12-12 15:00,60.46,60.1,60.8,60,1.0
2024-12-12 16:00,60.42,60.2,60.8,60,1.0
2024-12-12 17:00,60.29,60.0,60.5,60,1.0
2024-12-12 18:00,60.14,59.7,60.4,60,1.0
2024-12-12 19:00,59.95,59.5,60.2,60,1.0
2024-12-12 20:00,59.94,59.6,60.2,60,1.0
2024-12-12 21:00,59.8,59.4,60.2,60,1.0
2024-12-12 22:00,59.75,59.4,60.1,60,1.0
2024-12-12 23:00,59.71,59.3,59.9,60,1.0
2024-12-13 00:00,59.61,59.4,59.9,60,1.0
2024-12-13 01:00,59.6,59.4,59.9,60,1.0
2024-12-13 02:00,59.5,59.1,59.7,60,1.0
2024-12-13 03:00,59.54,59.3,59.8,60,1.0
2024-12-13 04:00,59.46,59.2,59.7,60,1.0
2024-12-13 05:00,59.46,59.1,59.7,60,1.0
2024-12-13 06:00,59.41,59.1,59.8,60,1.0
2024-12-13 07:00,59.34,58.9,59.6,60,1.0
2024-12-13 08:00,59.35,59.0,59.8,60,1.0
2024-12-13 09:00,59.1,58.9,59.3,60,1.0
2024-12-13 10:00,59.16,58.8,59.4,60,1.0
2024-12-13 11:00,59.11,58.8,59.4,60,1.0
2024-12-13 12:00,58.94,58.7,59.4,60,1.0
2024-12-13 13:00,58.85,58.6,59.1,60,1.0
2024-12-13 14:00,58.9,58.5,59.3,47,0.783
2024-12-13 15:00,58.67,58.4,59.0,51,0.85
2024-12-13 16:00,58.59,58.4,59.0,51,0.85
2024-12-13 17:00,58.53,58.3,59.0,47,0.783
2024-12-13 18:00,58.51,58.1,58.8,59,0.983
2024-12-13 19:00,58.57,58.3,59.0,60,1.0
2024-12-13 20:00,58.54,58.3,58.8,60,1.0
2024-12-13 21:00,59.08,58.3,60.0,60,1.0
2024-12-13 22:00,61.82,60.0,63.8,60,1.0
2024-12-13 23:00,69.16,63.4,73.4,60,1.0
2024-12-14 00:00,71.04,70.0,72.3,60,1.0
2024-12-14 01:00,69.67,69.0,70.3,60,1.0
2024-12-14 02:00,68.77,68.2,69.3,60,1.0
2024-12-14 03:00,67.81,67.4,68.3,60,1.0
2024-12-14 04:00,67.19,66.7,67.5,60,1.0
2024-12-14 05:00,66.56,66.1,67.1,60,1.0
2024-12-14 06:00,65.9,65.5,66.5,60,1.0
2024-12-14 07:00,65.33,64.9,65.7,60,1.0
2024-12-14 08:00,64.93,64.6,65.3,60,1.0
2024-12-14 09:00,64.61,64.2,65.1,60,1.0
2024-12-14 10:00,64.17,63.8,64.5,60,1.0
2024-12-14 11:00,63.85,63.5,64.2,60,1.0
2024-12-14 12:00,63.61,63.4,63.9,60,1.0
2024-12-14 13:00,63.28,62.9,63.8,60,1.0
2024-12-14 14:00,63.0,62.6,63.7,60,1.0
2024-12-14 15:00,65.07,63.4,66.5,60,1.0
2024-12-14 16:00,66.21,65.9,66.5,60,1.0
2024-12-14 17:00,65.86,65.4,66.6,60,1.0
2024-12-14 18:00,65.33,65.1,65.7,60,1.0
2024-12-14 19:00,65.07,64.7,65.4,60,1.0
2024-12-14 20:00,64.78,64.5,65.2,60,1.0
2024-12-14 21:00,66.17,65.1,66.8,60,1.0
2024-12-14 22:00,66.16,65.8,66.6,60,1.0
2024-12-14 23:00,65.69,65.1,66.0,60,1.0
2024-12-15 00:00,65.28,65.0,65.6,60,1.0
2024-12-15 01:00,65.0,64.7,65.3,60,1.0
2024-12-15 02:00,64.57,64.2,64.9,51,0.85
2024-12-15 03:00,64.25,63.9,64.6,46,0.767
2024-12-15 04:00,63.99,63.7,64.3,54,0.9
2024-12-15 05:00,63.77,63.4,64.1,55,0.917
2024-12-15 06:00,63.7,63.3,64.0,60,1.0
2024-12-15 07:00,63.34,63.1,63.7,60,1.0
2024-12-15 08:00,63.26,63.0,63.6,60,1.0
2024-12-15 09:00,63.18,62.9,63.5,60,1.0
2024-12-15 10:00,62.92,62.7,63.2,60,1.0
2024-12-15 11:00,62.74,62.5,63.2,60,1.0
2024-12-15 12:00,62.5,62.1,63.0,60,1.0
2024-12-15 13:00,62.36,62.1,62.8,60,1.0
2024-12-15 14:00,62.1,61.8,62.4,60,1.0
2024-12-15 15:00,61.94,61.7,62.2,60,1.0
2024-12-15 16:00,61.84,61.5,62.2,60,1.0
2024-12-15 17:00,61.65,61.3,62.1,60,1.0
2024-12-15 18:00,61.58,61.1,61.9,60,1.0
2024-12-15 19:00,61.4,60.9,61.7,60,1.0
2024-12-15 20:00,61.2,60.9,61.5,60,1.0
2024-12-15 21:00,61.06,60.8,61.4,60,1.0
2024-12-15 22:00,60.9,60.6,61.2,60,1.0
2024-12-15 23:00,60.59,60.2,61.0,60,1.0
2024-12-16 00:00,60.47,60.1,60.8,60,1.0
2024-12-16 01:00,60.45,60.0,60.8,60,1.0
2024-12-16 02:00,60.26,59.9,60.6,60,1.0
2024-12-16 03:00,60.29,60.0,60.6,60,1.0
2024-12-16 04:00,60.11,59.8,60.5,60,1.0
2024-12-16 05:00,59.98,59.6,60.4,60,1.0
2024-12-16 06:00,59.89,59.6,60.2,60,1.0
2024-12-16 07:00,59.87,59.5,60.2,60,1.0
2024-12-16 08:00,59.83,59.5,60.3,60,1.0
2024-12-16 09:00,59.8,59.5,60.2,60,1.0
2024-12-16 10:00,59.81,59.5,60.2,60,1.0
2024-12-16 11:00,59.72,59.4,60.1,60,1.0
2024-12-16 12:00,59.72,59.4,60.2,60,1.0
2024-12-16 13:00,59.66,59.3,60.0,60,1.0
2024-12-16 14:00,59.58,59.2,60.1,60,1.0
2024-12-16 15:00,59.5,59.1,59.9,60,1.0
2024-12-16 16:00,59.4,59.0,59.8,60,1.0
2024-12-16 17:00,59.32,59.0,59.9,60,1.0
2024-12-16 18:00,59.3,58.9,59.6,60,1.0
2024-12-16 19:00,59.27,58.9,59.7,60,1.0
2024-12-16 20:00,59.26,58.9,59.8,60,1.0
2024-12-16 21:00,59.15,58.8,59.5,60,1.0
2024-12-16 22:00,59.15,58.8,59.6,60,1.0
2024-12-16 23:00,59.11,58.7,59.5,59,0.983
2024-12-17 00:00,58.98,58.6,59.5,59,0.983
2024-12-17 01:00,58.97,58.6,59.3,55,0.917
2024-12-17 02:00,59.0,58.6,59.4,60,1.0
2024-12-17 03:00,58.96,58.6,59.5,60,1.0
2024-12-17 04:00,59.0,58.6,59.4,47,0.783
2024-12-17 05:00,59.03,58.6,59.5,50,0.833
2024-12-17 06:00,58.97,58.6,59.5,58,0.967
2024-12-17 07:00,58.87,58.4,59.3,60,1.0
2024-12-17 08:00,58.9,58.4,59.4,60,1.0
2024-12-17 09:00,58.88,58.5,59.3,60,1.0
2024-12-17 10:00,58.93,58.5,59.3,60,1.0
2024-12-17 11:00,58.87,58.4,59.3,60,1.0
2024-12-17 12:00,58.8,58.4,59.2,60,1.0
2024-12-17 13:00,58.83,58.4,59.2,60,1.0
2024-12-17 14:00,58.75,58.4,59.2,60,1.0
2024-12-17 15:00,58.86,58.5,59.4,60,1.0
2024-12-17 16:00,58.98,58.6,59.4,60,1.0
2024-12-17 17:00,59.14,58.7,59.6,60,1.0
2024-12-17 18:00,59.12,58.7,59.6,60,1.0
2024-12-17 19:00,59.05,58.7,59.5,60,1.0
2024-12-17 20:00,58.98,58.6,59.5,60,1.0
2024-12-17 21:00,58.93,58.5,59.4,60,1.0
2024-12-17 22:00,58.85,58.5,59.3,60,1.0
2024-12-17 23:00,58.82,58.4,59.2,60,1.0
2024-12-18 00:00,58.81,58.3,59.2,60,1.0
2024-12-18 01:00,58.87,58.4,59.3,60,1.0
2024-12-18 02:00,59.02,58.5,59.5,60,1.0
2024-12-18 03:00,58.92,58.5,59.3,60,1.0
2024-12-18 04:00,58.92,58.5,59.3,60,1.0
2024-12-18 05:00,58.82,58.4,59.3,60,1.0
2024-12-18 06:00,58.82,58.4,59.3,60,1.0
2024-12-18 07:00,58.64,58.2,59.2,60,1.0
2024-12-18 08:00,58.72,58.3,59.3,60,1.0
2024-12-18 09:00,58.76,58.3,59.3,60,1.0
2024-12-18 10:00,58.82,58.4,59.3,60,1.0
2024-12-18 11:00,58.76,58.4,59.2,60,1.0
2024-12-18 12:00,58.76,58.3,59.3,60,1.0
2024-12-18 13:00,58.67,58.3,59.0,60,1.0
2024-12-18 14:00,58.74,58.3,59.1,60,1.0
2024-12-18 15:00,58.82,58.4,59.1,60,1.0
2024-12-18 16:00,58.73,58.3,59.2,60,1.0
2024-12-18 17:00,58.69,57.8,59.1,60,1.0
2024-12-18 18:00,58.63,57.9,59.2,60,1.0
2024-12-18 19:00,58.84,58.5,59.2,60,1.0
2024-12-18 20:00,58.74,58.1,59.1,60,1.0
2024-12-18 21:00,58.64,58.1,59.0,60,1.0
2024-12-18 22:00,58.55,58.1,59.0,60,1.0
2024-12-18 23:00,58.4,57.9,58.9,60,1.0
2024-12-19 00:00,58.41,58.0,58.9,60,1.0
2024-12-19 01:00,58.32,58.0,58.8,60,1.0
2024-12-19 02:00,58.39,58.0,58.9,60,1.0
2024-12-19 03:00,58.36,58.0,58.8,60,1.0
2024-12-19 04:00,58.32,57.9,58.8,60,1.0
2024-12-19 05:00,58.3,58.0,58.9,60,1.0
2024-12-19 06:00,58.36,57.9,58.9,60,1.0
2024-12-19 07:00,58.39,58.1,59.0,60,1.0
2024-12-19 08:00,58.36,58.0,58.9,60,1.0
2024-12-19 09:00,58.48,58.0,58.9,60,1.0
2024-12-19 10:00,58.36,57.8,59.1,59,0.983
2024-12-19 11:00,58.36,57.9,58.8,60,1.0
2024-12-19 12:00,58.03,57.5,58.5,59,0.983
2024-12-19 13:00,58.17,57.7,58.5,60,1.0
2024-12-19 14:00,58.12,57.7,58.5,60,1.0
2024-12-19 15:00,58.02,57.6,58.4,60,1.0
2024-12-19 16:00,58.09,57.6,58.6,59,0.983
2024-12-19 17:00,58.44,58.0,58.8,59,0.983
2024-12-19 18:00,58.42,57.9,58.8,60,1.0
2024-12-19 19:00,58.33,57.9,58.8,60,1.0
2024-12-19 20:00,57.98,57.5,58.6,60,1.0
2024-12-19 21:00,57.8,57.4,58.3,60,1.0
2024-12-19 22:00,57.54,57.1,58.2,60,1.0
2024-12-19 23:00,57.33,57.0,57.8,60,1.0
2024-12-20 00:00,57.06,56.5,57.7,60,1.0
2024-12-20 01:00,59.31,56.6,62.4,60,1.0
2024-12-20 02:00,62.76,62.3,63.2,60,1.0
2024-12-20 03:00,62.72,62.4,63.0,52,0.867
2024-12-20 04:00,63.0,62.7,63.4,49,0.817
2024-12-20 05:00,62.98,62.7,63.2,57,0.95
2024-12-20 06:00,62.83,62.5,63.2,60,1.0
2024-12-20 07:00,62.58,62.2,62.9,60,1.0
2024-12-20 08:00,62.3,61.9,62.7,60,1.0
2024-12-20 09:00,62.01,61.6,62.3,60,1.0
2024-12-20 10:00,61.79,61.5,62.2,60,1.0
2024-12-20 11:00,61.83,61.5,62.2,60,1.0
2024-12-20 12:00,61.64,61.2,62.0,60,1.0
2024-12-20 13:00,61.34,61.0,61.7,60,1.0
2024-12-20 14:00,61.8,61.3,62.1,60,1.0
2024-12-20 15:00,61.8,61.4,62.1,60,1.0
2024-12-20 16:00,61.67,61.3,62.1,60,1.0
2024-12-20 17:00,61.66,61.2,62.0,60,1.0
2024-12-20 18:00,61.56,61.2,61.8,60,1.0
2024-12-20 19:00,61.46,61.2,61.8,60,1.0
2024-12-20 20:00,61.28,60.9,61.6,60,1.0
2024-12-20 21:00,61.19,60.8,61.5,60,1.0
2024-12-20 22:00,61.15,60.9,61.4,60,1.0
2024-12-20 23:00,60.99,60.6,61.3,60,1.0
2024-12-21 00:00,60.96,60.7,61.3,60,1.0
2024-12-21 01:00,60.98,60.6,61.4,60,1.0
2024-12-21 02:00,61.0,60.5,61.3,60,1.0
2024-12-21 03:00,60.92,60.5,61.3,60,1.0
2024-12-21 04:00,60.88,60.6,61.2,60,1.0
2024-12-21 05:00,60.87,60.4,61.2,60,1.0
2024-12-21 06:00,60.79,60.5,61.0,60,1.0
2024-12-21 07:00,60.68,60.2,61.0,60,1.0
2024-12-21 08:00,60.65,60.3,60.9,60,1.0
2024-12-21 09:00,60.61,60.2,61.0,60,1.0
2024-12-21 10:00,60.54,60.2,60.9,60,1.0
2024-12-21 11:00,60.5,60.2,60.8,60,1.0
2024-12-21 12:00,60.47,60.1,60.8,60,1.0
2024-12-21 13:00,60.41,60.0,60.7,60,1.0
2024-12-21 14:00,60.26,59.9,60.6,60,1.0
2024-12-21 15:00,60.18,59.8,60.5,60,1.0
2024-12-21 16:00,60.17,59.8,60.5,60,1.0
2024-12-21 17:00,60.11,59.6,60.5,60,1.0
2024-12-21 18:00,60.08,59.6,60.4,60,1.0
2024-12-21 19:00,60.02,59.6,60.5,60,1.0
2024-12-21 20:00,60.13,59.6,60.5,60,1.0
2024-12-21 21:00,60.06,59.6,60.5,60,1.0
2024-12-21 22:00,60.12,59.7,60.5,60,1.0
2024-12-21 23:00,60.07,59.6,60.4,59,0.983
2024-12-22 00:00,60.11,59.6,60.4,60,1.0
2024-12-22 01:00,60.13,59.7,60.6,60,1.0
2024-12-22 02:00,60.1,59.7,60.5,60,1.0
2024-12-22 03:00,60.04,59.6,60.4,60,1.0
2024-12-22 04:00,59.91,59.5,60.3,60,1.0
2024-12-22 05:00,59.92,59.4,60.3,60,1.0
2024-12-22 06:00,59.8,59.3,60.2,60,1.0
2024-12-22 07:00,59.78,59.3,60.4,60,1.0
2024-12-22 08:00,59.8,59.4,60.2,60,1.0
2024-12-22 09:00,59.74,59.3,60.5,56,0.933
2024-12-22 10:00,59.85,59.4,60.3,53,0.883
2024-12-22 11:00,59.75,59.4,60.2,54,0.9
2024-12-22 12:00,59.71,59.3,60.2,56,0.933
2024-12-22 13:00,59.76,59.4,60.2,59,0.983
2024-12-22 14:00,59.71,59.3,60.3,60,1.0
2024-12-22 15:00,59.73,59.3,60.1,57,0.95
2024-12-22 16:00,59.63,59.2,60.1,47,0.783
2024-12-22 17:00,58.94,58.4,59.8,58,0.967
2024-12-22 18:00,58.91,58.5,59.3,60,1.0
2024-12-22 19:00,59.6,58.8,60.8,60,1.0
2024-12-22 20:00,64.02,60.6,67.8,59,0.983
2024-12-22 21:00,72.0,68.0,74.2,59,0.983
2024-12-22 22:00,72.68,72.1,73.4,60,1.0
2024-12-22 23:00,72.06,71.1,72.7,60,1.0
2024-12-23 00:00,70.86,70.0,71.5,60,1.0
2024-12-23 01:00,69.81,69.3,70.4,60,1.0
2024-12-23 02:00,69.38,69.0,69.7,60,1.0
2024-12-23 03:00,69.5,68.9,70.1,60,1.0
2024-12-23 04:00,68.78,68.4,69.2,60,1.0
2024-12-23 05:00,68.57,68.1,68.9,59,0.983
2024-12-23 06:00,68.46,68.1,68.8,59,0.983
2024-12-23 07:00,68.62,67.8,69.5,60,1.0
2024-12-23 08:00,69.02,68.6,69.6,59,0.983
2024-12-23 09:00,70.23,69.8,70.7,59,0.983
2024-12-23 10:00,69.89,69.4,70.6,60,1.0
2024-12-23 11:00,69.09,68.5,69.5,60,1.0
2024-12-23 12:00,68.47,68.1,68.9,59,0.983
2024-12-23 13:00,68.02,67.5,68.5,60,1.0
2024-12-23 14:00,67.36,66.8,67.9,59,0.983
2024-12-23 15:00,66.78,66.4,67.1,60,1.0
2024-12-23 16:00,66.46,66.0,66.8,60,1.0
2024-12-23 17:00,66.07,65.7,66.5,60,1.0
2024-12-23 18:00,65.74,65.3,66.3,60,1.0
2024-12-23 19:00,65.41,64.9,65.9,60,1.0
2024-12-23 20:00,65.08,64.7,65.4,60,1.0
2024-12-23 21:00,64.7,64.3,65.1,60,1.0
2024-12-23 22:00,64.46,64.1,64.9,60,1.0
2024-12-23 23:00,64.22,63.8,64.6,60,1.0
2024-12-24 00:00,64.0,63.7,64.4,60,1.0
2024-12-24 01:00,63.86,63.5,64.3,60,1.0
2024-12-24 02:00,63.64,63.3,64.1,60,1.0
2024-12-24 03:00,63.49,63.1,63.9,60,1.0
2024-12-24 04:00,63.34,63.0,63.6,60,1.0
2024-12-24 05:00,63.16,62.8,63.5,60,1.0
2024-12-24 06:00,62.96,62.6,63.4,36,0.6
2024-12-24 07:00,62.79,62.5,63.1,40,0.667
2024-12-24 08:00,62.78,62.3,63.1,58,0.967
2024-12-24 09:00,62.66,62.2,63.1,60,1.0
2024-12-24 10:00,62.48,62.1,63.1,60,1.0
2024-12-24 11:00,62.42,62.0,62.9,60,1.0
2024-12-24 12:00,62.17,61.8,62.5,60,1.0
2024-12-24 13:00,62.15,61.8,62.5,57,0.95
2024-12-24 14:00,62.02,61.7,62.5,60,1.0
2024-12-24 15:00,62.0,61.6,62.4,60,1.0
2024-12-24 16:00,61.99,61.5,62.4,60,1.0
2024-12-24 17:00,61.82,61.4,62.3,60,1.0
2024-12-24 18:00,61.82,61.4,62.3,60,1.0
2024-12-24 19:00,61.74,61.2,62.1,60,1.0
2024-12-24 20:00,61.6,61.2,62.0,60,1.0
2024-12-24 21:00,61.49,61.1,61.9,60,1.0
2024-12-24 22:00,61.51,61.1,62.0,60,1.0
2024-12-24 23:00,61.45,61.0,61.9,60,1.0
2024-12-25 00:00,61.56,61.1,62.0,60,1.0
2024-12-25 01:00,61.51,61.1,61.9,60,1.0
2024-12-25 02:00,61.52,61.0,62.0,60,1.0
2024-12-25 03:00,61.51,60.9,62.0,60,1.0
2024-12-25 04:00,61.34,61.0,61.9,60,1.0
2024-12-25 05:00,61.43,60.9,61.9,60,1.0
2024-12-25 06:00,61.46,61.0,61.9,60,1.0
2024-12-25 07:00,61.42,61.0,61.9,60,1.0
2024-12-25 08:00,61.66,61.0,62.1,60,1.0
2024-12-25 09:00,61.7,61.3,62.2,60,1.0
2024-12-25 10:00,61.8,61.3,62.3,60,1.0
2024-12-25 11:00,61.8,61.3,62.3,60,1.0
2024-12-25 12:00,61.86,61.3,62.3,60,1.0
2024-12-25 13:00,61.76,61.3,62.3,60,1.0
2024-12-25 14:00,61.69,61.2,62.2,60,1.0
2024-12-25 15:00,61.64,61.3,62.2,50,0.833
2024-12-25 16:00,61.62,61.2,62.2,51,0.85
2024-12-25 17:00,61.84,61.3,62.4,59,0.983
2024-12-25 18:00,61.89,61.5,62.4,60,1.0
2024-12-25 19:00,61.97,61.5,62.6,57,0.95
2024-12-25 20:00,62.03,61.3,62.5,47,0.783
2024-12-25 21:00,62.14,61.6,62.7,57,0.95
2024-12-25 22:00,62.2,61.7,62.8,60,1.0
2024-12-25 23:00,62.0,61.5,62.5,60,1.0
2024-12-26 00:00,61.81,61.3,62.3,60,1.0
2024-12-26 01:00,61.98,61.5,62.7,60,1.0
2024-12-26 02:00,62.26,61.7,62.9,56,0.933
2024-12-26 03:00,62.55,62.1,63.1,49,0.817
2024-12-26 04:00,62.59,62.0,63.1,54,0.9
2024-12-26 05:00,62.7,62.2,63.2,58,0.967
2024-12-26 06:00,62.65,62.1,63.3,60,1.0
2024-12-26 07:00,62.7,62.1,63.3,60,1.0
2024-12-26 08:00,62.75,62.1,63.3,60,1.0
2024-12-26 09:00,62.68,62.0,63.3,60,1.0
2024-12-26 10:00,62.72,62.2,63.2,60,1.0
2024-12-26 11:00,62.75,62.3,63.3,59,0.983
2024-12-26 12:00,62.78,62.3,63.3,59,0.983
2024-12-26 13:00,62.65,62.2,63.4,60,1.0
2024-12-26 14:00,62.58,62.2,63.2,60,1.0
2024-12-26 15:00,62.73,62.1,63.3,60,1.0
2024-12-26 16:00,62.71,62.2,63.2,60,1.0
2024-12-26 17:00,62.76,62.1,63.4,60,1.0
2024-12-26 18:00,62.98,62.5,63.6,59,0.983
2024-12-26 19:00,62.77,62.2,63.5,59,0.983
2024-12-26 20:00,62.74,62.2,63.2,60,1.0
2024-12-26 21:00,62.76,62.3,63.3,60,1.0
2024-12-26 22:00,62.9,62.3,63.5,60,1.0
2024-12-26 23:00,62.77,62.2,63.3,60,1.0
2024-12-27 00:00,62.71,62.2,63.3,60,1.0
2024-12-27 01:00,62.75,62.1,63.3,60,1.0
2024-12-27 02:00,62.89,62.3,63.3,60,1.0
2024-12-27 03:00,62.9,62.4,63.5,60,1.0
2024-12-27 04:00,62.81,62.0,63.3,60,1.0
2024-12-27 05:00,62.87,62.2,63.4,60,1.0
2024-12-27 06:00,62.88,62.3,63.4,60,1.0
2024-12-27 07:00,62.84,62.3,63.5,60,1.0
2024-12-27 08:00,62.69,62.1,63.3,60,1.0
2024-12-27 09:00,62.45,61.9,63.0,60,1.0
2024-12-27 10:00,62.71,62.2,63.2,60,1.0
2024-12-27 11:00,62.58,62.1,63.1,60,1.0
2024-12-27 12:00,62.62,62.2,63.1,60,1.0
2024-12-27 13:00,62.53,62.1,63.2,60,1.0
2024-12-27 14:00,62.66,62.3,63.1,60,1.0
2024-12-27 15:00,62.78,62.3,63.3,60,1.0
2024-12-27 16:00,62.85,62.3,63.3,60,1.0
2024-12-27 17:00,62.78,62.2,63.4,60,1.0
2024-12-27 18:00,62.9,62.4,63.7,60,1.0
2024-12-27 19:00,62.67,62.2,63.3,60,1.0
2024-12-27 20:00,62.91,62.4,63.4,60,1.0
2024-12-27 21:00,62.93,62.4,63.5,60,1.0
2024-12-27 22:00,62.9,62.4,63.4,60,1.0
2024-12-27 23:00,62.93,62.5,63.5,60,1.0
2024-12-28 00:00,62.92,62.4,63.5,60,1.0
2024-12-28 01:00,62.86,62.3,63.4,60,1.0
2024-12-28 02:00,63.03,62.5,63.5,60,1.0
2024-12-28 03:00,62.96,62.4,63.4,60,1.0
2024-12-28 04:00,63.0,62.3,63.4,60,1.0
2024-12-28 05:00,62.88,62.3,63.5,56,0.933
2024-12-28 06:00,62.86,62.4,63.4,56,0.933
2024-12-28 07:00,62.92,62.4,63.5,48,0.8
2024-12-28 08:00,62.76,62.3,63.4,49,0.817
2024-12-28 09:00,62.75,62.3,63.2,50,0.833
2024-12-28 10:00,62.62,62.1,63.1,60,1.0
2024-12-28 11:00,62.7,62.2,63.2,60,1.0
2024-12-28 12:00,62.62,62.0,63.2,60,1.0
2024-12-28 13:00,62.56,62.1,63.0,60,1.0
2024-12-28 14:00,62.63,62.2,63.1,60,1.0
2024-12-28 15:00,62.59,62.1,63.2,60,1.0
2024-12-28 16:00,62.72,62.2,63.2,60,1.0
2024-12-28 17:00,62.78,62.2,63.2,60,1.0
2024-12-28 18:00,62.79,62.2,63.3,60,1.0
2024-12-28 19:00,62.66,62.1,63.1,60,1.0
2024-12-28 20:00,62.46,61.8,63.0,60,1.0
2024-12-28 21:00,62.56,62.0,63.1,60,1.0
2024-12-28 22:00,62.59,62.1,63.1,60,1.0
2024-12-28 23:00,62.66,62.2,63.2,60,1.0
2024-12-29 00:00,62.75,62.2,63.2,60,1.0
2024-12-29 01:00,62.75,62.2,63.2,60,1.0
2024-12-29 02:00,62.67,62.1,63.3,60,1.0
2024-12-29 03:00,62.76,62.1,63.2,60,1.0
2024-12-29 04:00,62.8,62.3,63.2,60,1.0
2024-12-29 05:00,62.68,62.1,63.2,60,1.0
2024-12-29 06:00,62.71,62.2,63.2,60,1.0
2024-12-29 07:00,62.59,62.1,63.1,59,0.983
2024-12-29 08:00,62.54,62.0,63.1,60,1.0
2024-12-29 09:00,62.62,62.2,63.2,60,1.0
2024-12-29 10:00,62.65,62.2,63.0,59,0.983
2024-12-29 11:00,62.64,62.2,63.0,60,1.0
2024-12-29 12:00,62.6,62.0,63.0,60,1.0
2024-12-29 13:00,62.47,62.0,63.0,60,1.0
2024-12-29 14:00,62.43,62.0,62.9,59,0.983
2024-12-29 15:00,62.46,61.9,62.9,59,0.983
2024-12-29 16:00,62.36,61.8,62.9,60,1.0
2024-12-29 17:00,62.51,62.0,63.0,60,1.0
2024-12-29 18:00,62.55,62.0,63.0,60,1.0
2024-12-29 19:00,62.48,62.0,63.0,60,1.0
2024-12-29 20:00,62.37,61.9,62.9,60,1.0
2024-12-29 21:00,62.54,61.9,62.9,60,1.0
2024-12-29 22:00,62.48,61.9,63.0,60,1.0
2024-12-29 23:00,62.47,61.9,63.0,60,1.0
2024-12-30 00:00,62.38,62.0,62.9,60,1.0
2024-12-30 01:00,62.54,62.0,63.0,60,1.0
2024-12-30 02:00,62.58,62.2,63.1,60,1.0
2024-12-30 03:00,62.52,62.0,63.0,60,1.0
2024-12-30 04:00,62.5,62.0,63.0,60,1.0
2024-12-30 05:00,62.55,62.0,63.0,60,1.0
2024-12-30 06:00,62.51,62.0,63.0,60,1.0
2024-12-30 07:00,62.5,62.0,62.9,60,1.0
2024-12-30 08:00,62.5,61.9,63.0,60,1.0
2024-12-30 09:00,62.45,61.9,62.9,60,1.0
2024-12-30 10:00,62.4,61.9,62.8,60,1.0
2024-12-30 11:00,62.34,61.9,62.8,60,1.0
2024-12-30 12:00,62.4,62.0,62.8,60,1.0
2024-12-30 13:00,62.39,61.9,62.8,60,1.0
2024-12-30 14:00,62.34,61.9,62.8,60,1.0
2024-12-30 15:00,62.31,61.8,62.8,60,1.0
2024-12-30 16:00,62.34,61.8,62.8,60,1.0
2024-12-30 17:00,62.34,61.6,62.8,60,1.0
2024-12-30 18:00,62.36,61.8,62.8,60,1.0
2024-12-30 19:00,62.35,61.8,62.8,60,1.0
2024-12-30 20:00,62.38,61.9,62.8,60,1.0
2024-12-30 21:00,62.38,61.8,62.8,60,1.0
2024-12-30 22:00,62.4,61.9,62.9,60,1.0
2024-12-30 23:00,62.36,61.9,62.9,60,1.0
2024-12-31 00:00,62.38,61.8,62.9,60,1.0
2024-12-31 01:00,62.33,61.9,62.8,60,1.0
2024-12-31 02:00,62.32,61.8,62.8,60,1.0
2024-12-31 03:00,62.3,61.8,62.8,60,1.0
2024-12-31 04:00,62.39,61.8,62.8,60,1.0
2024-12-31 05:00,62.35,61.8,62.9,60,1.0
2024-12-31 06:00,62.3,61.8,62.8,60,1.0
2024-12-31 07:00,62.35,61.8,62.8,60,1.0
2024-12-31 08:00,62.31,61.9,62.8,60,1.0
2024-12-31 09:00,62.28,62.0,62.7,60,1.0
2024-12-31 10:00,62.02,61.6,62.6,60,1.0
2024-12-31 11:00,61.96,61.5,62.5,60,1.0
2024-12-31 12:00,62.0,61.6,62.4,60,1.0
2024-12-31 13:00,61.94,61.6,62.6,60,1.0
2024-12-31 14:00,61.98,61.5,62.5,60,1.0
2024-12-31 15:00,62.02,61.6,62.5,60,1.0
2024-12-31 16:00,61.98,61.6,62.4,60,1.0
2024-12-31 17:00,62.07,61.6,62.6,60,1.0
2024-12-31 18:00,62.08,61.6,62.6,60,1.0
2024-12-31 19:00,62.25,61.7,62.7,60,1.0
2024-12-31 20:00,62.23,61.7,62.6,59,0.983
2024-12-31 21:00,62.3,61.7,62.7,60,1.0
2024-12-31 22:00,62.27,61.8,62.7,60,1.0
2024-12-31 23:00,62.22,61.8,62.7,60,1.0
2025-01-01 00:00,62.21,61.7,62.6,53,0.883
2025-01-01 01:00,62.25,61.7,62.6,51,0.85
2025-01-01 02:00,62.28,61.7,62.7,60,1.0
2025-01-01 03:00,62.26,61.6,62.6,60,1.0
2025-01-01 04:00,62.27,61.7,62.6,60,1.0
2025-01-01 05:00,62.24,61.7,62.6,60,1.0
2025-01-01 06:00,62.14,61.7,62.6,60,1.0
2025-01-01 07:00,62.21,61.7,62.6,60,1.0
2025-01-01 08:00,62.06,61.4,62.5,60,1.0
2025-01-01 09:00,61.86,61.4,62.3,60,1.0
2025-01-01 10:00,61.79,61.4,62.2,60,1.0
2025-01-01 11:00,61.48,61.1,62.0,60,1.0
2025-01-01 12:00,61.61,61.1,62.2,60,1.0
2025-01-01 13:00,61.84,61.4,62.3,60,1.0
2025-01-01 14:00,61.86,61.4,62.3,60,1.0
2025-01-01 15:00,61.83,61.4,62.4,60,1.0
2025-01-01 16:00,61.82,61.4,62.3,60,1.0
2025-01-01 17:00,61.8,61.4,62.2,60,1.0
2025-01-01 18:00,61.88,61.4,62.4,60,1.0
2025-01-01 19:00,62.0,61.4,62.4,60,1.0
2025-01-01 20:00,61.98,61.5,62.4,60,1.0
2025-01-01 21:00,61.95,61.5,62.4,60,1.0
2025-01-01 22:00,61.97,61.5,62.5,60,1.0
2025-01-01 23:00,61.99,61.4,62.5,60,1.0
2025-01-02 00:00,62.01,61.5,62.5,60,1.0
2025-01-02 01:00,62.08,61.6,62.6,60,1.0
2025-01-02 02:00,62.04,61.5,62.5,60,1.0
2025-01-02 03:00,62.05,61.6,62.4,60,1.0
2025-01-02 04:00,62.04,61.5,62.5,60,1.0
2025-01-02 05:00,62.14,61.8,62.5,60,1.0
2025-01-02 06:00,62.1,61.6,62.6,60,1.0
2025-01-02 07:00,62.05,61.5,62.5,60,1.0
2025-01-02 08:00,61.93,61.4,62.4,60,1.0
2025-01-02 09:00,61.7,61.2,62.2,60,1.0
2025-01-02 10:00,61.62,61.2,62.0,60,1.0
2025-01-02 11:00,61.72,61.3,62.2,60,1.0
2025-01-02 12:00,61.64,61.2,62.2,60,1.0
2025-01-02 13:00,61.58,61.1,62.0,60,1.0
2025-01-02 14:00,61.69,61.3,62.1,60,1.0
2025-01-02 15:00,61.71,61.2,62.2,60,1.0
2025-01-02 16:00,61.74,61.3,62.3,60,1.0
2025-01-02 17:00,61.84,61.5,62.3,60,1.0
2025-01-02 18:00,61.77,61.4,62.2,60,1.0
2025-01-02 19:00,61.83,61.4,62.4,60,1.0
2025-01-02 20:00,61.77,61.4,62.1,52,0.867
2025-01-02 21:00,61.83,61.4,62.3,47,0.783
2025-01-02 22:00,61.86,61.4,62.4,50,0.833
2025-01-02 23:00,61.92,61.4,62.3,60,1.0
2025-01-03 00:00,61.72,61.3,62.2,60,1.0
2025-01-03 01:00,61.72,61.3,62.2,60,1.0
2025-01-03 02:00,61.78,61.3,62.3,60,1.0
2025-01-03 03:00,61.76,61.3,62.3,60,1.0
2025-01-03 04:00,61.77,61.3,62.2,60,1.0
2025-01-03 05:00,61.73,61.3,62.2,60,1.0
2025-01-03 06:00,61.53,61.0,62.0,60,1.0
2025-01-03 07:00,61.48,61.1,62.0,60,1.0
2025-01-03 08:00,61.58,61.2,62.1,18,0.3
2025-01-03 12:00,59.78,59.4,60.2,24,0.4
2025-01-03 13:00,59.32,58.7,59.9,60,1.0
2025-01-03 14:00,57.97,57.1,60.0,60,1.0
2025-01-03 15:00,63.21,60.2,65.2,60,1.0
2025-01-03 16:00,65.16,64.8,65.7,60,1.0
2025-01-03 17:00,65.13,64.7,65.6,60,1.0
2025-01-03 18:00,65.3,64.5,66.3,60,1.0
2025-01-03 19:00,66.4,66.0,66.8,60,1.0
2025-01-03 20:00,66.05,65.6,66.5,60,1.0
2025-01-03 21:00,65.72,65.3,66.1,60,1.0
2025-01-03 22:00,65.46,65.1,65.9,60,1.0
2025-01-03 23:00,65.26,64.8,65.7,60,1.0
2025-01-04 00:00,66.76,65.5,67.7,60,1.0
2025-01-04 01:00,67.38,67.0,67.8,60,1.0
2025-01-04 02:00,67.25,66.8,68.0,60,1.0
2025-01-04 03:00,68.25,67.7,68.7,60,1.0
2025-01-04 04:00,68.67,68.1,69.0,60,1.0
2025-01-04 05:00,68.15,67.6,68.6,60,1.0
2025-01-04 06:00,67.62,67.0,68.1,60,1.0
2025-01-04 07:00,67.17,66.8,67.8,60,1.0
2025-01-04 08:00,66.86,66.5,67.3,60,1.0
2025-01-04 09:00,66.68,66.2,67.2,60,1.0
2025-01-04 10:00,66.37,66.0,66.8,60,1.0
2025-01-04 11:00,66.38,65.9,66.9,60,1.0
2025-01-04 12:00,66.17,65.6,66.5,60,1.0
2025-01-04 13:00,65.82,65.4,66.3,60,1.0
2025-01-04 14:00,65.62,65.3,66.0,60,1.0
2025-01-04 15:00,65.46,65.1,66.0,60,1.0
2025-01-04 16:00,65.29,64.9,65.7,60,1.0
2025-01-04 17:00,65.03,64.7,65.5,60,1.0
2025-01-04 18:00,64.97,64.5,65.4,48,0.8
2025-01-04 19:00,64.74,64.5,65.3,42,0.7
2025-01-04 20:00,64.68,64.3,65.2,57,0.95
2025-01-04 21:00,64.54,64.2,65.1,60,1.0
2025-01-04 22:00,64.38,64.0,64.7,60,1.0
2025-01-04 23:00,64.25,63.9,64.8,58,0.967
2025-01-05 00:00,64.16,63.7,64.7,60,1.0
2025-01-05 01:00,64.22,63.7,64.6,60,1.0
2025-01-05 02:00,64.05,63.7,64.5,60,1.0
2025-01-05 03:00,63.97,63.5,64.4,58,0.967
2025-01-05 04:00,63.9,63.4,64.3,50,0.833
2025-01-05 05:00,63.89,63.3,64.3,56,0.933
2025-01-05 06:00,63.72,63.4,64.2,60,1.0
2025-01-05 07:00,63.66,63.2,64.2,60,1.0
2025-01-05 08:00,63.65,63.1,64.1,60,1.0
2025-01-05 09:00,63.52,63.1,64.0,60,1.0
2025-01-05 10:00,63.54,63.1,64.0,60,1.0
2025-01-05 11:00,63.52,63.1,63.9,60,1.0
2025-01-05 12:00,63.38,62.9,63.9,60,1.0
2025-01-05 13:00,63.26,62.9,63.7,60,1.0
2025-01-05 14:00,63.18,62.8,63.6,60,1.0
2025-01-05 15:00,63.14,62.7,63.6,60,1.0
2025-01-05 16:00,63.1,62.7,63.6,55,0.917
2025-01-05 17:00,63.05,62.7,63.5,52,0.867
2025-01-05 18:00,62.9,62.4,63.3,59,0.983
2025-01-05 19:00,63.08,62.6,63.6,60,1.0
2025-01-05 20:00,63.11,62.6,63.5,60,1.0
2025-01-05 21:00,63.07,62.6,63.4,60,1.0
2025-01-05 22:00,63.02,62.5,63.5,60,1.0
2025-01-05 23:00,62.94,62.6,63.3,60,1.0
2025-01-06 00:00,62.92,62.4,63.4,60,1.0
2025-01-06 01:00,62.82,62.4,63.3,60,1.0
2025-01-06 02:00,62.76,62.3,63.2,60,1.0
2025-01-06 03:00,62.71,62.2,63.2,60,1.0
2025-01-06 04:00,62.68,62.2,63.2,60,1.0
2025-01-06 05:00,62.66,62.2,63.1,60,1.0
2025-01-06 06:00,62.63,62.1,63.2,60,1.0
2025-01-06 07:00,62.66,62.1,63.1,60,1.0
2025-01-06 08:00,62.6,62.2,63.0,60,1.0
2025-01-06 09:00,62.55,62.0,63.0,60,1.0
2025-01-06 10:00,62.4,61.9,62.8,60,1.0
2025-01-06 11:00,62.28,61.9,62.8,60,1.0
2025-01-06 12:00,62.27,61.8,62.8,60,1.0
2025-01-06 13:00,62.34,61.9,62.8,60,1.0
2025-01-06 14:00,62.22,61.8,62.7,60,1.0
2025-01-06 15:00,62.24,61.9,62.7,60,1.0
2025-01-06 16:00,62.25,61.8,62.8,60,1.0
2025-01-06 17:00,62.24,61.8,62.7,60,1.0
2025-01-06 18:00,62.22,61.8,62.7,60,1.0
2025-01-06 19:00,62.26,61.8,62.7,60,1.0
2025-01-06 20:00,62.23,61.8,62.8,60,1.0
2025-01-06 21:00,62.22,61.8,62.7,60,1.0
2025-01-06 22:00,62.13,61.7,62.6,60,1.0
2025-01-06 23:00,62.21,61.8,62.6,60,1.0
2025-01-07 00:00,62.12,61.8,62.5,60,1.0
2025-01-07 01:00,62.14,61.7,62.6,60,1.0
2025-01-07 02:00,62.02,61.6,62.6,60,1.0
2025-01-07 03:00,61.93,61.5,62.4,60,1.0
2025-01-07 04:00,61.93,61.5,62.4,60,1.0
2025-01-07 05:00,61.98,61.6,62.5,60,1.0
2025-01-07 06:00,62.03,61.6,62.5,60,1.0
2025-01-07 07:00,62.02,61.6,62.5,60,1.0
2025-01-07 08:00,61.94,61.3,62.4,60,1.0
2025-01-07 09:00,61.76,61.3,62.2,49,0.817
2025-01-07 10:00,61.93,61.4,62.3,51,0.85
2025-01-07 11:00,61.9,61.5,62.4,59,0.983
2025-01-07 12:00,61.75,61.3,62.2,60,1.0
2025-01-07 13:00,61.78,61.3,62.3,60,1.0
2025-01-07 14:00,61.68,61.2,62.2,60,1.0
2025-01-07 15:00,61.51,61.0,62.1,59,0.983
2025-01-07 16:00,61.3,60.9,61.7,59,0.983
2025-01-07 17:00,61.21,59.6,65.5,60,1.0
2025-01-07 18:00,67.58,65.8,68.8,60,1.0
2025-01-07 19:00,68.02,67.3,68.6,60,1.0
2025-01-07 20:00,67.3,66.8,67.9,60,1.0
2025-01-07 21:00,66.82,66.4,67.3,60,1.0
2025-01-07 22:00,66.39,66.1,67.0,60,1.0
2025-01-07 23:00,66.1,65.8,66.5,60,1.0
2025-01-08 00:00,65.87,65.4,66.3,60,1.0
2025-01-08 01:00,65.61,65.3,66.0,60,1.0
2025-01-08 02:00,65.45,65.1,66.0,60,1.0
2025-01-08 03:00,65.33,65.0,65.7,60,1.0
2025-01-08 04:00,65.14,64.7,65.6,60,1.0
2025-01-08 05:00,64.86,64.5,65.3,60,1.0
2025-01-08 06:00,64.78,64.4,65.3,60,1.0
2025-01-08 07:00,64.61,64.3,64.9,60,1.0
2025-01-08 08:00,64.49,64.2,64.9,60,1.0
2025-01-08 09:00,64.43,64.1,64.8,60,1.0
2025-01-08 10:00,64.41,64.0,64.8,60,1.0
2025-01-08 11:00,64.24,63.9,64.6,60,1.0
2025-01-08 12:00,64.06,63.8,64.4,60,1.0
2025-01-08 13:00,63.94,63.7,64.4,60,1.0
2025-01-08 14:00,63.84,63.6,64.3,60,1.0
2025-01-08 15:00,63.79,63.4,64.3,60,1.0
2025-01-08 16:00,63.63,63.3,64.0,60,1.0
2025-01-08 17:00,63.52,63.2,64.0,60,1.0
2025-01-08 18:00,63.43,63.1,63.8,60,1.0
2025-01-08 19:00,63.27,63.0,63.9,60,1.0
2025-01-08 20:00,63.32,62.9,63.7,60,1.0
2025-01-08 21:00,63.3,62.9,63.7,60,1.0
2025-01-08 22:00,63.2,62.8,63.6,60,1.0
2025-01-08 23:00,63.08,62.7,63.6,60,1.0
2025-01-09 00:00,62.99,62.7,63.4,60,1.0
2025-01-09 01:00,62.96,62.6,63.4,60,1.0
2025-01-09 02:00,62.92,62.6,63.3,60,1.0
2025-01-09 03:00,62.89,62.5,63.3,60,1.0
2025-01-09 04:00,62.85,62.4,63.2,60,1.0
2025-01-09 05:00,62.48,62.2,63.0,60,1.0
2025-01-09 06:00,62.96,62.3,63.6,60,1.0
2025-01-09 07:00,64.1,63.2,65.5,60,1.0
2025-01-09 08:00,66.06,65.2,66.9,60,1.0
2025-01-09 09:00,67.43,66.7,68.3,60,1.0
2025-01-09 10:00,68.52,68.1,68.9,60,1.0
2025-01-09 11:00,68.32,67.9,68.7,60,1.0
2025-01-09 12:00,67.77,67.4,68.3,60,1.0
2025-01-09 13:00,67.3,66.9,67.9,60,1.0
2025-01-09 14:00,66.91,66.6,67.3,60,1.0
2025-01-09 15:00,66.58,66.2,67.0,60,1.0
2025-01-09 16:00,66.31,65.9,66.9,60,1.0
2025-01-09 17:00,66.11,65.8,66.4,60,1.0
2025-01-09 18:00,65.95,65.5,66.3,59,0.983
2025-01-09 19:00,65.77,65.4,66.1,59,0.983
2025-01-09 20:00,65.74,65.4,66.1,60,1.0
2025-01-09 21:00,65.34,64.9,65.9,60,1.0
2025-01-09 22:00,65.19,64.9,65.6,60,1.0
2025-01-09 23:00,65.01,64.7,65.3,60,1.0
2025-01-10 00:00,64.85,64.5,65.3,60,1.0
2025-01-10 01:00,64.74,64.4,65.1,59,0.983
2025-01-10 02:00,64.67,64.3,65.0,60,1.0
2025-01-10 03:00,64.51,64.1,64.9,59,0.983
2025-01-10 04:00,64.2,63.9,64.6,60,1.0
2025-01-10 05:00,64.14,63.8,64.5,60,1.0
2025-01-10 06:00,63.95,63.6,64.3,60,1.0
2025-01-10 07:00,63.84,63.6,64.2,60,1.0
2025-01-10 08:00,63.82,63.5,64.3,60,1.0
2025-01-10 09:00,63.89,63.4,64.3,60,1.0
2025-01-10 10:00,63.84,63.4,64.2,60,1.0
2025-01-10 11:00,63.57,63.2,64.0,60,1.0
2025-01-10 12:00,63.51,63.1,64.0,60,1.0
2025-01-10 13:00,63.43,63.1,63.8,52,0.867
2025-01-10 14:00,63.33,62.9,63.8,47,0.783
2025-01-10 15:00,63.22,62.9,63.7,60,1.0
2025-01-10 16:00,63.14,62.8,63.6,60,1.0
2025-01-10 17:00,63.11,62.7,63.5,59,0.983
2025-01-10 18:00,62.98,62.6,63.4,60,1.0
2025-01-10 19:00,62.88,62.4,63.4,60,1.0
2025-01-10 20:00,62.79,62.5,63.1,60,1.0
2025-01-10 21:00,62.71,62.3,63.1,60,1.0
2025-01-10 22:00,62.68,62.4,63.0,60,1.0
2025-01-10 23:00,62.69,62.3,63.1,60,1.0
2025-01-11 00:00,62.67,62.3,63.3,60,1.0
2025-01-11 01:00,62.6,62.2,63.0,60,1.0
2025-01-11 02:00,62.42,62.1,62.8,60,1.0
2025-01-11 03:00,62.31,62.0,62.8,60,1.0
2025-01-11 04:00,62.21,61.9,62.7,60,1.0
2025-01-11 05:00,62.33,61.9,62.7,60,1.0
2025-01-11 06:00,62.32,61.9,62.6,60,1.0
2025-01-11 07:00,62.18,61.8,62.6,60,1.0
2025-01-11 08:00,62.14,61.8,62.6,60,1.0
2025-01-11 09:00,62.26,61.9,62.7,60,1.0
2025-01-11 10:00,62.31,61.9,62.6,60,1.0
2025-01-11 11:00,62.08,61.7,62.4,60,1.0
2025-01-11 12:00,62.02,61.5,62.4,60,1.0
2025-01-11 13:00,62.05,61.6,62.4,60,1.0
2025-01-11 14:00,62.64,62.2,63.3,60,1.0
2025-01-11 15:00,63.32,62.7,64.0,60,1.0
2025-01-11 16:00,64.61,63.8,65.8,60,1.0
2025-01-11 17:00,68.22,65.9,70.0,60,1.0
2025-01-11 18:00,71.81,70.2,72.7,60,1.0
2025-01-11 19:00,71.69,71.2,72.1,60,1.0
2025-01-11 20:00,71.32,71.1,71.6,60,1.0
2025-01-11 21:00,71.42,71.2,71.8,60,1.0
2025-01-11 22:00,71.3,71.1,71.6,60,1.0
2025-01-11 23:00,70.96,70.6,71.3,60,1.0
2025-01-12 00:00,70.67,70.3,71.1,60,1.0
2025-01-12 01:00,70.33,70.0,70.6,60,1.0
2025-01-12 02:00,70.14,69.8,70.4,60,1.0
2025-01-12 03:00,70.17,69.8,70.4,60,1.0
2025-01-12 04:00,70.51,70.1,71.0,60,1.0
2025-01-12 05:00,71.51,71.0,71.9,60,1.0
2025-01-12 06:00,71.87,71.5,72.2,60,1.0
2025-01-12 07:00,71.65,71.1,72.0,60,1.0
2025-01-12 08:00,71.05,70.5,71.6,60,1.0
2025-01-12 09:00,70.51,70.0,70.8,60,1.0
2025-01-12 10:00,70.11,69.6,70.5,60,1.0
2025-01-12 11:00,69.69,69.3,70.1,60,1.0
2025-01-12 12:00,69.66,69.3,70.0,60,1.0
2025-01-12 13:00,69.54,69.1,70.0,59,0.983
2025-01-12 14:00,69.17,68.8,69.5,56,0.933
2025-01-12 15:00,69.06,68.7,69.4,60,1.0
2025-01-12 16:00,68.65,68.1,69.2,60,1.0
2025-01-12 17:00,68.19,67.8,68.6,58,0.967
2025-01-12 18:00,67.75,67.3,68.1,60,1.0
2025-01-12 19:00,67.41,66.9,67.9,60,1.0
2025-01-12 20:00,67.12,66.5,67.5,60,1.0
2025-01-12 21:00,66.73,66.2,67.2,60,1.0
2025-01-12 22:00,66.49,65.9,67.0,60,1.0
2025-01-12 23:00,66.33,66.0,66.7,60,1.0
2025-01-13 00:00,66.18,65.6,66.5,60,1.0
2025-01-13 01:00,65.92,65.5,66.4,60,1.0
2025-01-13 02:00,65.81,65.3,66.4,59,0.983
2025-01-13 03:00,65.71,65.3,66.3,48,0.8
2025-01-13 04:00,65.57,65.1,66.1,50,0.833
2025-01-13 05:00,65.5,65.1,66.1,60,1.0
2025-01-13 06:00,65.56,65.0,66.1,60,1.0
2025-01-13 07:00,65.57,65.1,66.1,60,1.0
2025-01-13 08:00,65.61,65.1,66.1,60,1.0
2025-01-13 09:00,65.64,65.0,66.1,60,1.0
2025-01-13 10:00,65.46,65.0,66.0,59,0.983
2025-01-13 11:00,65.61,65.1,66.1,60,1.0
2025-01-13 12:00,65.6,65.1,66.1,59,0.983
2025-01-13 13:00,65.72,65.2,66.2,60,1.0
2025-01-13 14:00,65.7,65.1,66.2,60,1.0
2025-01-13 15:00,65.81,65.2,66.3,60,1.0
2025-01-13 16:00,65.69,65.2,66.3,60,1.0
2025-01-13 17:00,66.0,65.4,66.6,60,1.0
2025-01-13 18:00,66.27,65.6,66.9,60,1.0
2025-01-13 19:00,66.33,66.0,66.9,60,1.0
2025-01-13 20:00,66.47,65.8,66.9,60,1.0
2025-01-13 21:00,66.44,65.8,66.9,60,1.0
2025-01-13 22:00,66.51,66.0,67.0,60,1.0
2025-01-13 23:00,66.52,66.0,67.0,60,1.0
2025-01-14 00:00,66.54,66.1,67.1,60,1.0
2025-01-14 01:00,66.76,66.0,67.2,60,1.0
2025-01-14 02:00,66.79,66.1,67.4,60,1.0
2025-01-14 03:00,66.67,66.0,67.3,60,1.0
2025-01-14 04:00,66.9,66.4,67.4,60,1.0
2025-01-14 05:00,66.96,66.4,67.5,60,1.0
2025-01-14 06:00,67.07,66.4,67.5,59,0.983
2025-01-14 07:00,66.91,66.3,67.6,60,1.0
2025-01-14 08:00,66.88,66.3,67.5,60,1.0
2025-01-14 09:00,66.89,66.2,67.4,60,1.0
2025-01-14 10:00,66.98,66.5,67.4,60,1.0
2025-01-14 11:00,67.02,66.5,67.6,60,1.0
2025-01-14 12:00,66.97,66.5,67.5,60,1.0
2025-01-14 13:00,67.0,66.5,67.5,60,1.0
2025-01-14 14:00,67.09,66.5,67.5,60,1.0
2025-01-14 15:00,67.1,66.6,67.5,59,0.983
2025-01-14 16:00,67.14,66.5,67.7,60,1.0
2025-01-14 17:00,67.11,66.6,67.8,60,1.0
2025-01-14 18:00,67.26,66.8,67.9,60,1.0
2025-01-14 19:00,67.35,66.8,67.9,60,1.0
2025-01-14 20:00,67.4,66.8,67.9,59,0.983
2025-01-14 21:00,67.36,66.6,67.8,60,1.0
2025-01-14 22:00,67.4,66.8,67.9,60,1.0
2025-01-14 23:00,67.39,66.9,67.8,60,1.0
2025-01-15 00:00,67.37,66.7,67.8,60,1.0
2025-01-15 01:00,67.3,66.6,67.8,60,1.0
2025-01-15 02:00,67.3,66.7,67.7,60,1.0
2025-01-15 03:00,67.28,66.7,67.8,60,1.0
2025-01-15 04:00,67.18,66.7,67.7,60,1.0
2025-01-15 05:00,67.06,66.6,67.6,60,1.0
2025-01-15 06:00,66.98,66.5,67.6,60,1.0
2025-01-15 07:00,66.95,66.5,67.6,60,1.0
2025-01-15 08:00,66.96,66.4,67.5,60,1.0
2025-01-15 09:00,66.8,66.4,67.4,60,1.0
2025-01-15 10:00,66.87,66.4,67.4,60,1.0
2025-01-15 11:00,66.73,66.2,67.2,60,1.0
2025-01-15 12:00,66.55,66.0,67.1,60,1.0
2025-01-15 13:00,66.61,66.0,67.1,60,1.0
2025-01-15 14:00,66.48,66.0,67.1,59,0.983
2025-01-15 15:00,66.45,66.0,67.0,60,1.0
2025-01-15 16:00,66.54,66.0,67.0,59,0.983
2025-01-15 17:00,66.45,66.0,67.1,60,1.0
2025-01-15 18:00,66.4,65.9,67.0,60,1.0
2025-01-15 19:00,66.46,65.9,67.0,60,1.0
2025-01-15 20:00,66.37,65.8,66.9,60,1.0
2025-01-15 21:00,66.45,66.0,66.9,60,1.0
2025-01-15 22:00,66.46,65.8,66.8,60,1.0
2025-01-15 23:00,66.39,65.8,66.9,60,1.0
2025-01-16 00:00,66.27,65.8,66.8,60,1.0
2025-01-16 01:00,66.19,65.5,66.6,60,1.0
2025-01-16 02:00,66.16,65.6,66.6,53,0.883
2025-01-16 03:00,66.12,65.6,66.6,60,1.0
2025-01-16 04:00,66.09,65.6,66.5,60,1.0
2025-01-16 05:00,66.08,65.6,66.5,59,0.983
2025-01-16 06:00,66.0,65.6,66.5,60,1.0
2025-01-16 07:00,66.03,65.4,66.4,60,1.0
2025-01-16 08:00,65.92,65.4,66.3,60,1.0
2025-01-16 09:00,65.84,65.4,66.3,60,1.0
2025-01-16 10:00,65.75,65.2,66.3,60,1.0
2025-01-16 11:00,65.73,65.2,66.3,60,1.0
2025-01-16 12:00,65.69,65.2,66.2,60,1.0
2025-01-16 13:00,65.68,65.2,66.2,60,1.0
2025-01-16 14:00,65.69,65.2,66.2,60,1.0
2025-01-16 15:00,65.61,65.2,66.1,60,1.0
2025-01-16 16:00,65.6,65.2,66.1,59,0.983
2025-01-16 17:00,65.53,65.2,66.1,60,1.0
2025-01-16 18:00,65.67,65.1,66.2,60,1.0
2025-01-16 19:00,65.62,65.1,66.2,60,1.0
2025-01-16 20:00,65.63,65.1,66.1,60,1.0
2025-01-16 21:00,65.59,65.1,66.2,60,1.0
2025-01-16 22:00,65.66,65.1,66.1,60,1.0
2025-01-16 23:00,65.53,65.0,66.1,60,1.0
2025-01-17 00:00,65.51,65.0,66.0,60,1.0
2025-01-17 01:00,65.56,65.1,66.0,60,1.0
2025-01-17 02:00,65.4,65.0,66.0,59,0.983
2025-01-17 03:00,65.52,65.0,66.0,60,1.0
2025-01-17 04:00,65.56,65.0,66.0,60,1.0
2025-01-17 05:00,65.52,64.9,66.1,60,1.0
2025-01-17 06:00,65.4,64.8,65.9,60,1.0
2025-01-17 07:00,65.26,64.8,65.8,60,1.0
2025-01-17 08:00,65.25,64.7,65.8,60,1.0
2025-01-17 09:00,65.17,64.6,65.7,60,1.0
2025-01-17 10:00,65.17,64.6,65.7,59,0.983
2025-01-17 11:00,65.13,64.5,65.6,44,0.733
2025-01-17 12:00,64.88,64.3,65.5,49,0.817
2025-01-17 13:00,64.81,64.4,65.4,56,0.933
2025-01-17 14:00,64.76,64.3,65.4,49,0.817
2025-01-17 15:00,64.85,64.4,65.3,56,0.933
2025-01-17 16:00,64.81,64.3,65.3,45,0.75
2025-01-17 17:00,64.74,64.2,65.3,56,0.933
2025-01-17 18:00,64.76,64.3,65.3,44,0.733
2025-01-17 19:00,64.78,64.3,65.2,57,0.95
2025-01-17 20:00,64.72,64.2,65.2,60,1.0
2025-01-17 21:00,64.76,64.3,65.4,58,0.967
2025-01-17 22:00,64.73,64.2,65.2,50,0.833
2025-01-17 23:00,64.69,64.2,65.2,54,0.9
2025-01-18 00:00,64.37,63.7,65.1,46,0.767
2025-01-18 01:00,63.83,62.8,64.7,58,0.967
2025-01-18 02:00,62.97,62.4,63.5,48,0.8
2025-01-18 03:00,62.67,62.1,63.4,58,0.967
2025-01-18 04:00,62.98,62.0,63.7,60,1.0
2025-01-18 05:00,62.42,61.7,63.3,60,1.0
2025-01-18 06:00,63.53,62.5,64.4,59,0.983
2025-01-18 07:00,64.23,63.6,64.8,59,0.983
2025-01-18 08:00,64.54,63.9,65.1,60,1.0
2025-01-18 09:00,64.4,63.9,64.9,60,1.0
2025-01-18 10:00,64.19,63.7,64.7,59,0.983
2025-01-18 11:00,64.17,63.7,64.8,60,1.0
2025-01-18 12:00,64.22,63.8,64.8,60,1.0
2025-01-18 13:00,64.3,63.8,64.8,60,1.0
2025-01-18 14:00,64.27,63.8,64.8,60,1.0
2025-01-18 15:00,64.41,63.9,64.9,60,1.0
2025-01-18 16:00,64.5,64.0,65.1,60,1.0
2025-01-18 17:00,64.71,64.1,65.3,60,1.0
2025-01-18 18:00,64.83,64.3,65.4,60,1.0
2025-01-18 19:00,64.12,62.0,65.3,60,1.0
2025-01-18 20:00,61.94,61.3,62.6,60,1.0
2025-01-18 21:00,61.93,61.3,62.6,60,1.0
2025-01-18 22:00,62.51,61.9,63.1,60,1.0
2025-01-18 23:00,63.04,62.5,63.5,60,1.0
2025-01-19 00:00,63.17,62.7,63.6,60,1.0
2025-01-19 01:00,63.27,62.8,63.9,59,0.983
2025-01-19 02:00,63.36,62.9,63.8,60,1.0
2025-01-19 03:00,63.38,62.9,63.8,59,0.983
2025-01-19 04:00,63.45,62.9,63.9,60,1.0
2025-01-19 05:00,63.45,62.9,63.9,51,0.85
2025-01-19 06:00,63.34,62.9,63.8,50,0.833
2025-01-19 07:00,63.29,62.8,63.8,53,0.883
2025-01-19 08:00,63.32,62.9,63.9,45,0.75
2025-01-19 09:00,63.49,63.1,64.0,47,0.783
2025-01-19 10:00,63.48,63.0,64.0,60,1.0
2025-01-19 11:00,63.59,63.0,64.2,48,0.8
2025-01-19 12:00,63.65,63.2,64.2,52,0.867
2025-01-19 13:00,63.83,63.3,64.4,60,1.0
2025-01-19 14:00,63.77,63.3,64.3,49,0.817
2025-01-19 15:00,63.85,63.3,64.3,49,0.817
2025-01-19 16:00,63.76,63.3,64.4,60,1.0
2025-01-19 17:00,63.92,63.3,64.5,60,1.0
2025-01-19 18:00,63.79,63.4,64.3,60,1.0
2025-01-19 19:00,63.91,63.4,64.4,60,1.0
2025-01-19 20:00,63.91,63.4,64.4,60,1.0
2025-01-19 21:00,63.83,63.4,64.4,60,1.0
2025-01-19 22:00,63.81,63.3,64.4,60,1.0
2025-01-19 23:00,63.72,63.2,64.3,60,1.0
2025-01-20 00:00,63.74,63.2,64.3,60,1.0
2025-01-20 01:00,63.77,63.3,64.3,60,1.0
2025-01-20 02:00,63.74,63.2,64.2,60,1.0
2025-01-20 03:00,63.78,63.2,64.2,59,0.983
2025-01-20 04:00,63.66,63.2,64.2,59,0.983
2025-01-20 05:00,63.71,63.2,64.1,60,1.0
2025-01-20 06:00,63.68,63.1,64.3,60,1.0
2025-01-20 07:00,63.72,63.1,64.3,60,1.0
2025-01-20 08:00,63.67,63.1,64.1,59,0.983
2025-01-20 09:00,63.47,62.8,64.0,60,1.0
2025-01-20 10:00,63.26,62.7,63.8,59,0.983
2025-01-20 11:00,63.22,62.7,63.7,60,1.0
2025-01-20 12:00,63.17,62.7,63.7,60,1.0
2025-01-20 13:00,63.17,62.7,63.7,60,1.0
2025-01-20 14:00,62.08,60.4,63.6,60,1.0
2025-01-20 15:00,61.19,60.6,61.7,60,1.0
2025-01-20 16:00,61.52,60.9,62.0,60,1.0
2025-01-20 17:00,61.76,61.1,62.5,60,1.0
2025-01-20 18:00,62.04,61.6,62.5,59,0.983
2025-01-20 19:00,62.09,61.6,62.6,60,1.0
2025-01-20 20:00,62.08,61.5,62.6,60,1.0
2025-01-20 21:00,62.1,61.6,62.6,60,1.0
2025-01-20 22:00,62.04,61.6,62.7,60,1.0
2025-01-20 23:00,60.68,60.1,62.3,60,1.0
2025-01-21 00:00,61.6,60.5,62.4,60,1.0
2025-01-21 01:00,62.39,61.8,62.9,60,1.0
2025-01-21 02:00,62.71,62.3,63.1,60,1.0
2025-01-21 03:00,62.59,62.2,63.1,60,1.0
2025-01-21 04:00,62.63,62.2,63.2,59,0.983
2025-01-21 05:00,62.68,62.2,63.2,60,1.0
2025-01-21 06:00,62.67,62.2,63.1,60,1.0
2025-01-21 07:00,62.37,61.9,62.8,60,1.0
2025-01-21 08:00,62.32,61.9,62.9,60,1.0
2025-01-21 09:00,62.21,61.8,62.7,60,1.0
2025-01-21 10:00,62.22,61.8,62.7,60,1.0
2025-01-21 11:00,62.32,61.9,62.7,60,1.0
2025-01-21 12:00,62.52,62.1,63.0,60,1.0
2025-01-21 13:00,62.51,61.9,63.0,60,1.0
2025-01-21 14:00,62.19,61.7,62.7,60,1.0
2025-01-21 15:00,62.51,62.0,62.9,60,1.0
2025-01-21 16:00,62.55,62.1,63.0,60,1.0
2025-01-21 17:00,62.57,62.1,62.9,60,1.0
2025-01-21 18:00,62.6,62.2,62.9,60,1.0
2025-01-21 19:00,62.58,62.0,63.0,59,0.983
2025-01-21 20:00,62.46,62.0,62.8,60,1.0
2025-01-21 21:00,62.45,61.9,62.9,60,1.0
2025-01-21 22:00,62.29,61.7,62.8,60,1.0
2025-01-21 23:00,62.14,61.7,62.6,60,1.0
2025-01-22 00:00,62.2,61.7,62.6,60,1.0
2025-01-22 01:00,62.16,61.7,62.6,60,1.0
2025-01-22 02:00,62.09,61.7,62.6,60,1.0
2025-01-22 03:00,62.27,61.7,62.7,60,1.0
2025-01-22 04:00,62.19,61.7,62.6,59,0.983
2025-01-22 05:00,62.25,61.8,62.7,59,0.983
2025-01-22 06:00,62.22,61.7,62.7,60,1.0
2025-01-22 07:00,62.21,61.8,62.6,60,1.0
2025-01-22 08:00,62.16,61.4,62.7,60,1.0
2025-01-22 09:00,61.93,61.5,62.4,60,1.0
2025-01-22 10:00,62.01,61.6,62.5,60,1.0
2025-01-22 11:00,62.22,61.8,62.6,60,1.0
2025-01-22 12:00,62.27,61.8,62.7,60,1.0
2025-01-22 13:00,62.28,61.8,62.6,60,1.0
2025-01-22 14:00,62.18,61.8,62.6,60,1.0
2025-01-22 15:00,62.07,61.6,62.4,60,1.0
2025-01-22 16:00,62.06,61.6,62.5,60,1.0
2025-01-22 17:00,62.14,61.7,62.5,60,1.0
2025-01-22 18:00,62.07,61.6,62.5,60,1.0
2025-01-22 19:00,61.97,61.4,62.4,60,1.0
2025-01-22 20:00,61.9,61.4,62.3,60,1.0
2025-01-22 21:00,61.88,61.4,62.3,60,1.0
2025-01-22 22:00,61.95,61.4,62.3,60,1.0
2025-01-22 23:00,61.79,61.3,62.4,60,1.0
2025-01-23 00:00,61.91,61.5,62.3,60,1.0
2025-01-23 01:00,61.92,61.4,62.3,60,1.0
2025-01-23 02:00,62.05,61.5,62.5,60,1.0
2025-01-23 03:00,62.11,61.6,62.5,60,1.0
2025-01-23 04:00,62.09,61.5,62.5,60,1.0
2025-01-23 05:00,62.07,61.6,62.5,60,1.0
2025-01-23 06:00,62.09,61.6,62.5,60,1.0
2025-01-23 07:00,62.06,61.5,62.5,60,1.0
2025-01-23 08:00,62.06,61.5,62.5,60,1.0
2025-01-23 09:00,62.05,61.5,62.5,60,1.0
2025-01-23 10:00,62.11,61.7,62.5,60,1.0
2025-01-23 11:00,62.02,61.5,62.4,60,1.0
2025-01-23 12:00,62.04,61.5,62.4,60,1.0
2025-01-23 13:00,61.94,61.5,62.4,60,1.0
2025-01-23 14:00,62.03,61.5,62.3,60,1.0
2025-01-23 15:00,61.98,61.5,62.4,60,1.0
2025-01-23 16:00,61.91,61.4,62.3,60,1.0
2025-01-23 17:00,61.94,61.4,62.4,60,1.0
2025-01-23 18:00,61.98,61.4,62.4,60,1.0
2025-01-23 19:00,61.91,61.4,62.4,60,1.0
2025-01-23 20:00,61.95,61.5,62.4,60,1.0
2025-01-23 21:00,61.96,61.5,62.4,60,1.0
2025-01-23 22:00,61.99,61.5,62.4,60,1.0
2025-01-23 23:00,61.95,61.4,62.4,60,1.0
2025-01-24 00:00,61.97,61.4,62.3,60,1.0
2025-01-24 01:00,61.96,61.6,62.4,55,0.917
2025-01-24 02:00,61.97,61.4,62.5,53,0.883
2025-01-24 03:00,61.96,61.5,62.3,60,1.0
2025-01-24 04:00,62.01,61.4,62.4,60,1.0
2025-01-24 05:00,62.0,61.5,62.4,57,0.95
2025-01-24 06:00,61.92,61.4,62.4,58,0.967
2025-01-24 07:00,61.97,61.4,62.4,60,1.0
2025-01-24 08:00,61.61,60.8,62.3,60,1.0
2025-01-24 09:00,61.61,61.1,62.0,55,0.917
2025-01-24 10:00,61.67,61.2,62.1,47,0.783
2025-01-24 11:00,61.67,61.2,62.1,59,0.983
2025-01-24 12:00,61.56,61.1,62.0,60,1.0
2025-01-24 13:00,61.6,61.0,62.1,60,1.0
2025-01-24 14:00,61.34,60.9,61.8,59,0.983
2025-01-24 15:00,61.31,60.6,61.8,58,0.967
2025-01-24 16:00,61.28,60.8,61.7,60,1.0
2025-01-24 17:00,61.37,60.9,62.1,60,1.0
2025-01-24 18:00,61.69,61.2,62.2,60,1.0
2025-01-24 19:00,61.74,61.2,62.2,53,0.883
2025-01-24 20:00,61.71,61.2,62.1,60,1.0
2025-01-24 21:00,61.68,61.2,62.1,60,1.0
2025-01-24 22:00,61.75,61.3,62.1,60,1.0
2025-01-24 23:00,61.66,61.2,62.1,60,1.0
2025-01-25 00:00,61.67,61.2,62.2,60,1.0
2025-01-25 01:00,61.71,61.2,62.1,60,1.0
2025-01-25 02:00,61.69,61.3,62.1,60,1.0
2025-01-25 03:00,61.76,61.2,62.3,60,1.0
2025-01-25 04:00,61.65,61.2,62.1,60,1.0
2025-01-25 05:00,61.54,61.1,62.0,60,1.0
2025-01-25 06:00,61.63,61.2,62.0,60,1.0
2025-01-25 07:00,61.69,61.1,62.2,60,1.0
2025-01-25 08:00,61.31,60.9,61.8,60,1.0
2025-01-25 09:00,61.24,60.8,61.6,60,1.0
2025-01-25 10:00,61.19,60.7,61.7,60,1.0
2025-01-25 11:00,61.18,60.8,61.6,60,1.0
2025-01-25 12:00,61.12,60.7,61.6,60,1.0
2025-01-25 13:00,61.21,60.8,61.7,60,1.0
2025-01-25 14:00,61.18,60.7,61.7,60,1.0
2025-01-25 15:00,61.03,60.6,61.5,60,1.0
2025-01-25 16:00,60.81,60.4,61.3,60,1.0
2025-01-25 17:00,61.33,60.8,61.9,60,1.0
2025-01-25 18:00,61.46,61.0,62.0,60,1.0
2025-01-25 19:00,61.53,61.1,62.0,60,1.0
2025-01-25 20:00,61.5,60.9,61.9,60,1.0
2025-01-25 21:00,61.4,61.0,61.9,60,1.0
2025-01-25 22:00,61.51,61.1,61.9,60,1.0
2025-01-25 23:00,61.54,61.1,61.9,60,1.0
2025-01-26 00:00,61.54,61.1,61.9,60,1.0
2025-01-26 01:00,61.48,61.0,61.9,60,1.0
2025-01-26 02:00,61.42,60.9,61.9,60,1.0
2025-01-26 03:00,61.46,60.9,61.8,60,1.0
2025-01-26 04:00,61.39,60.9,61.9,60,1.0
2025-01-26 05:00,61.39,60.8,61.8,60,1.0
2025-01-26 06:00,61.46,61.0,61.9,60,1.0
2025-01-26 07:00,61.38,60.9,62.0,60,1.0
2025-01-26 08:00,61.43,60.9,61.8,60,1.0
2025-01-26 09:00,61.32,60.9,61.8,58,0.967
2025-01-26 10:00,61.31,60.8,61.8,50,0.833
2025-01-26 11:00,61.27,60.8,61.7,44,0.733
2025-01-26 12:00,61.16,60.7,61.5,55,0.917
2025-01-26 13:00,61.22,60.8,61.7,59,0.983
2025-01-26 14:00,61.27,60.8,61.7,60,1.0
2025-01-26 15:00,61.33,60.9,61.8,60,1.0
2025-01-26 16:00,61.38,60.9,61.9,60,1.0
2025-01-26 17:00,61.31,60.9,61.8,60,1.0
2025-01-26 18:00,61.4,60.9,61.8,60,1.0
2025-01-26 19:00,61.32,60.9,61.8,60,1.0
2025-01-26 20:00,61.29,60.8,61.7,60,1.0
2025-01-26 21:00,61.33,60.9,61.7,60,1.0
2025-01-26 22:00,61.3,60.8,61.7,60,1.0
2025-01-26 23:00,61.35,60.8,61.8,60,1.0
2025-01-27 00:00,61.3,60.8,61.8,60,1.0
2025-01-27 01:00,61.3,60.8,61.8,60,1.0
2025-01-27 02:00,61.29,60.9,61.9,60,1.0
2025-01-27 03:00,61.35,60.9,61.8,60,1.0
2025-01-27 04:00,61.39,60.9,61.8,60,1.0
2025-01-27 05:00,61.29,60.8,61.9,60,1.0
2025-01-27 06:00,61.37,60.8,61.8,60,1.0
2025-01-27 07:00,61.27,60.8,61.7,60,1.0
2025-01-27 08:00,61.13,60.5,61.7,59,0.983
2025-01-27 09:00,61.18,60.7,61.6,60,1.0
2025-01-27 10:00,61.09,60.7,61.6,60,1.0
2025-01-27 11:00,61.05,60.6,61.4,60,1.0
2025-01-27 12:00,60.9,60.5,61.4,60,1.0
2025-01-27 13:00,60.78,60.4,61.3,60,1.0
2025-01-27 14:00,60.83,60.4,61.3,60,1.0
2025-01-27 15:00,60.83,60.4,61.4,59,0.983
2025-01-27 16:00,60.74,60.3,61.2,60,1.0
2025-01-27 17:00,60.95,60.3,61.6,60,1.0
2025-01-27 18:00,61.24,60.9,61.7,60,1.0
2025-01-27 19:00,61.41,60.9,61.9,60,1.0
2025-01-27 20:00,61.26,60.8,61.8,60,1.0
2025-01-27 21:00,61.37,60.9,61.8,60,1.0
2025-01-27 22:00,61.42,61.0,61.8,60,1.0
2025-01-27 23:00,61.49,61.0,62.1,59,0.983
2025-01-28 00:00,61.46,61.0,62.0,59,0.983
2025-01-28 01:00,61.53,61.0,61.9,60,1.0
2025-01-28 02:00,61.46,61.0,61.9,60,1.0
2025-01-28 03:00,61.44,61.0,61.9,60,1.0
2025-01-28 04:00,61.46,61.0,61.9,60,1.0
2025-01-28 05:00,61.46,61.1,61.9,60,1.0
2025-01-28 06:00,61.39,60.9,61.9,59,0.983
2025-01-28 07:00,61.37,60.9,61.8,60,1.0
2025-01-28 08:00,61.37,60.8,61.9,60,1.0
2025-01-28 09:00,60.75,58.3,61.7,60,1.0
2025-01-28 10:00,59.17,58.4,59.7,60,1.0
2025-01-28 11:00,59.65,59.1,60.1,60,1.0
2025-01-28 12:00,59.87,59.4,60.3,60,1.0
2025-01-28 13:00,59.87,57.9,65.8,60,1.0
2025-01-28 14:00,71.3,66.0,73.1,60,1.0
2025-01-28 15:00,71.19,70.3,72.1,60,1.0
2025-01-28 16:00,70.03,69.3,70.6,60,1.0
2025-01-28 17:00,69.31,68.7,69.7,60,1.0
2025-01-28 18:00,68.74,68.2,69.3,60,1.0
2025-01-28 19:00,68.32,68.0,68.8,60,1.0
2025-01-28 20:00,67.93,67.6,68.3,60,1.0
2025-01-28 21:00,67.56,67.1,68.0,60,1.0
2025-01-28 22:00,67.21,66.6,67.6,60,1.0
2025-01-28 23:00,66.74,66.3,67.1,60,1.0
2025-01-29 00:00,66.69,66.3,67.1,60,1.0
2025-01-29 01:00,66.42,65.9,66.9,60,1.0
2025-01-29 02:00,66.18,65.7,66.7,60,1.0
2025-01-29 03:00,65.96,65.5,66.5,60,1.0
2025-01-29 04:00,65.79,65.4,66.3,60,1.0
2025-01-29 05:00,65.64,65.2,66.1,60,1.0
2025-01-29 06:00,65.5,65.0,66.0,60,1.0
2025-01-29 07:00,65.42,64.8,65.8,59,0.983
2025-01-29 08:00,65.2,64.7,65.6,60,1.0
2025-01-29 09:00,65.11,64.7,65.6,60,1.0
2025-01-29 10:00,64.76,64.1,65.5,60,1.0
2025-01-29 11:00,65.48,64.3,67.3,60,1.0
2025-01-29 12:00,67.96,67.1,68.6,60,1.0
2025-01-29 13:00,68.67,68.0,69.4,60,1.0
2025-01-29 14:00,69.45,68.9,69.8,58,0.967
2025-01-29 15:00,69.34,69.0,69.7,59,0.983
2025-01-29 16:00,69.14,68.6,69.6,60,1.0
2025-01-29 17:00,68.61,68.1,69.0,60,1.0
2025-01-29 18:00,68.15,67.6,68.6,48,0.8
2025-01-29 19:00,67.73,67.3,68.3,55,0.917
2025-01-29 20:00,67.43,67.1,67.8,60,1.0
2025-01-29 21:00,67.12,66.8,67.6,60,1.0
2025-01-29 22:00,66.94,66.5,67.3,60,1.0
2025-01-29 23:00,66.66,66.1,67.1,60,1.0
2025-01-30 00:00,66.4,66.1,66.9,60,1.0
2025-01-30 01:00,66.27,65.8,66.7,60,1.0
2025-01-30 02:00,66.08,65.7,66.5,60,1.0
2025-01-30 03:00,65.99,65.5,66.3,60,1.0
2025-01-30 04:00,65.84,65.4,66.2,60,1.0
2025-01-30 05:00,65.68,65.3,66.0,60,1.0
2025-01-30 06:00,65.49,65.0,65.9,60,1.0
2025-01-30 07:00,65.24,64.8,65.7,60,1.0
2025-01-30 08:00,65.16,64.7,65.6,60,1.0
2025-01-30 09:00,65.24,64.9,65.6,60,1.0
2025-01-30 10:00,65.16,64.6,65.6,60,1.0
2025-01-30 11:00,65.01,64.6,65.4,60,1.0
2025-01-30 12:00,64.88,64.5,65.2,60,1.0
2025-01-30 13:00,64.94,64.5,65.2,60,1.0
2025-01-30 14:00,64.75,64.2,65.1,60,1.0
2025-01-30 15:00,64.59,64.2,65.0,60,1.0
2025-01-30 16:00,64.52,64.2,64.8,60,1.0
2025-01-30 17:00,64.4,63.8,64.8,60,1.0
2025-01-30 18:00,64.33,63.9,64.7,60,1.0
2025-01-30 19:00,64.19,63.7,64.5,60,1.0
2025-01-30 20:00,64.11,63.7,64.5,60,1.0
2025-01-30 21:00,64.07,63.6,64.5,60,1.0
2025-01-30 22:00,63.93,63.5,64.4,60,1.0
2025-01-30 23:00,63.87,63.5,64.3,60,1.0
2025-01-31 00:00,63.87,63.4,64.3,60,1.0
2025-01-31 01:00,63.77,63.3,64.2,60,1.0
2025-01-31 02:00,63.73,63.2,64.2,60,1.0
2025-01-31 03:00,63.7,63.3,64.1,60,1.0
2025-01-31 04:00,63.59,63.1,64.1,60,1.0
2025-01-31 05:00,63.54,63.0,64.0,60,1.0
2025-01-31 06:00,63.49,63.0,63.9,60,1.0
2025-01-31 07:00,63.28,62.8,63.6,60,1.0
2025-01-31 08:00,63.26,62.7,63.6,60,1.0
2025-01-31 09:00,63.24,62.8,63.7,60,1.0
2025-01-31 10:00,63.34,62.9,63.7,60,1.0
2025-01-31 11:00,63.28,62.8,63.7,60,1.0
2025-01-31 12:00,63.32,62.8,63.7,60,1.0
2025-01-31 13:00,63.32,63.0,63.6,60,1.0
2025-01-31 14:00,63.26,62.8,63.5,60,1.0
2025-01-31 15:00,63.21,62.6,63.5,60,1.0
2025-01-31 16:00,63.1,62.6,63.5,60,1.0
2025-01-31 17:00,63.04,62.7,63.6,60,1.0
2025-01-31 18:00,63.08,62.6,63.5,60,1.0
2025-01-31 19:00,63.11,62.5,63.5,47,0.783
2025-01-31 20:00,62.99,62.6,63.4,54,0.9
2025-01-31 21:00,62.96,62.4,63.3,49,0.817
2025-01-31 22:00,62.92,62.4,63.3,50,0.833
2025-01-31 23:00,62.94,62.4,63.4,60,1.0
2025-02-01 00:00,62.92,62.3,63.3,60,1.0
2025-02-01 01:00,62.94,62.5,63.3,60,1.0
2025-02-01 02:00,62.89,62.2,63.2,54,0.9
2025-02-01 03:00,62.83,62.3,63.5,46,0.767
2025-02-01 04:00,62.87,62.5,63.3,49,0.817
2025-02-01 05:00,62.84,62.4,63.2,46,0.767
2025-02-01 06:00,62.82,62.4,63.2,56,0.933
2025-02-01 07:00,62.68,62.0,63.2,59,0.983
2025-02-01 08:00,62.65,62.1,63.2,60,1.0
2025-02-01 09:00,62.48,61.9,63.0,60,1.0
2025-02-01 10:00,62.41,62.0,62.9,60,1.0
2025-02-01 11:00,62.44,62.1,62.9,60,1.0
2025-02-01 12:00,62.48,62.1,62.9,60,1.0
2025-02-01 13:00,62.5,62.1,62.9,60,1.0
2025-02-01 14:00,62.51,62.1,62.9,60,1.0
2025-02-01 15:00,62.42,62.0,62.9,60,1.0
2025-02-01 16:00,62.41,62.0,62.9,60,1.0
2025-02-01 17:00,62.56,62.0,63.1,60,1.0
2025-02-01 18:00,62.65,62.2,63.0,60,1.0
2025-02-01 19:00,62.64,62.3,63.2,60,1.0
2025-02-01 20:00,62.54,62.0,63.0,60,1.0
2025-02-01 21:00,62.54,62.2,62.9,60,1.0
2025-02-01 22:00,62.65,62.2,63.2,60,1.0
2025-02-01 23:00,62.56,62.2,63.0,60,1.0
2025-02-02 00:00,62.55,62.1,62.9,60,1.0
2025-02-02 01:00,62.56,62.0,63.0,60,1.0
2025-02-02 02:00,62.52,62.1,62.9,60,1.0
2025-02-02 03:00,62.47,61.9,62.9,60,1.0
2025-02-02 04:00,62.44,62.0,62.9,60,1.0
2025-02-02 05:00,62.53,62.0,62.9,60,1.0
2025-02-02 06:00,62.45,62.1,62.8,60,1.0
2025-02-02 07:00,62.25,61.6,62.8,60,1.0
2025-02-02 08:00,61.81,61.2,62.2,60,1.0
2025-02-02 09:00,61.71,61.3,62.2,60,1.0
2025-02-02 10:00,61.73,61.3,62.1,60,1.0
2025-02-02 11:00,61.74,61.4,62.2,60,1.0
2025-02-02 12:00,61.91,61.5,62.3,60,1.0
2025-02-02 13:00,61.92,61.4,62.3,60,1.0
2025-02-02 14:00,61.84,61.5,62.2,60,1.0
2025-02-02 15:00,61.89,61.4,62.3,60,1.0
2025-02-02 16:00,61.88,61.4,62.3,60,1.0
2025-02-02 17:00,61.87,61.5,62.2,60,1.0
2025-02-02 18:00,61.9,61.5,62.3,60,1.0
2025-02-02 19:00,61.88,61.3,62.3,60,1.0
2025-02-02 20:00,61.85,61.5,62.2,60,1.0
2025-02-02 21:00,61.87,61.4,62.3,60,1.0
2025-02-02 22:00,61.92,61.5,62.3,60,1.0
2025-02-02 23:00,61.88,61.4,62.3,60,1.0
2025-02-03 00:00,61.83,61.4,62.2,60,1.0
2025-02-03 01:00,61.81,61.4,62.2,60,1.0
2025-02-03 02:00,61.84,61.3,62.2,60,1.0
2025-02-03 03:00,61.83,61.4,62.2,60,1.0
2025-02-03 04:00,61.88,61.5,62.2,60,1.0
2025-02-03 05:00,61.86,61.5,62.2,60,1.0
2025-02-03 06:00,61.88,61.5,62.2,60,1.0
2025-02-03 07:00,61.64,61.0,62.2,60,1.0
2025-02-03 08:00,61.22,60.8,61.6,60,1.0
2025-02-03 09:00,60.97,60.4,61.5,58,0.967
2025-02-03 10:00,60.7,60.3,61.1,50,0.833
2025-02-03 11:00,60.84,60.4,61.2,56,0.933
2025-02-03 12:00,60.94,60.4,61.3,60,1.0
2025-02-03 13:00,60.97,60.5,61.3,60,1.0
2025-02-03 14:00,60.87,60.5,61.4,60,1.0
2025-02-03 15:00,60.93,60.6,61.5,60,1.0
2025-02-03 16:00,60.85,60.4,61.3,60,1.0
2025-02-03 17:00,60.8,60.4,61.2,60,1.0
2025-02-03 18:00,60.9,60.4,61.3,57,0.95
2025-02-03 19:00,60.91,60.4,61.3,56,0.933
2025-02-03 20:00,60.93,60.5,61.3,46,0.767
2025-02-03 21:00,60.97,60.5,61.2,47,0.783
2025-02-03 22:00,60.91,60.5,61.3,60,1.0
2025-02-03 23:00,60.97,60.5,61.3,43,0.717
2025-02-04 00:00,60.92,60.5,61.3,30,0.5
2025-02-04 01:00,60.92,60.5,61.4,60,1.0
2025-02-04 02:00,60.96,60.6,61.3,54,0.9
2025-02-04 03:00,60.99,60.6,61.4,48,0.8
2025-02-04 04:00,61.15,60.8,61.5,44,0.733
2025-02-04 05:00,61.2,60.7,61.6,60,1.0
2025-02-04 06:00,61.02,60.5,61.5,49,0.817
2025-02-04 07:00,60.99,60.4,61.4,40,0.667
2025-02-04 08:00,60.96,60.6,61.4,27,0.45
2025-02-04 09:00,61.05,60.5,61.4,56,0.933
2025-02-04 10:00,61.08,60.8,61.4,50,0.833
2025-02-04 11:00,61.07,60.7,61.4,46,0.767
2025-02-04 12:00,61.11,60.7,61.5,55,0.917
2025-02-04 13:00,61.18,60.7,61.5,60,1.0
2025-02-04 14:00,61.16,60.7,61.5,50,0.833
2025-02-04 15:00,61.11,60.6,61.5,43,0.717
2025-02-04 16:00,60.91,60.6,61.4,51,0.85
2025-02-04 17:00,60.87,60.4,61.4,60,1.0
2025-02-04 18:00,61.05,60.6,61.5,60,1.0
2025-02-04 19:00,61.27,60.8,61.7,60,1.0
2025-02-04 20:00,61.41,60.9,61.9,60,1.0
2025-02-04 21:00,61.4,61.0,61.9,59,0.983
2025-02-04 22:00,61.41,61.0,61.9,52,0.867
2025-02-04 23:00,61.55,61.0,62.1,59,0.983
2025-02-05 00:00,61.82,61.3,62.2,13,0.217
2025-02-06 16:00,62.79,62.2,63.3,18,0.3
2025-02-06 17:00,62.94,62.3,63.4,60,1.0
2025-02-06 18:00,63.1,62.5,63.5,60,1.0
2025-02-06 19:00,63.1,62.7,63.6,60,1.0
2025-02-06 20:00,63.09,62.6,63.5,60,1.0
2025-02-06 21:00,63.11,62.7,63.5,53,0.883
2025-02-07 08:00,63.06,62.6,63.5,57,0.95
2025-02-07 09:00,63.0,62.6,63.4,60,1.0
2025-02-07 10:00,62.68,62.2,63.3,60,1.0
2025-02-07 11:00,62.74,62.2,63.2,60,1.0
2025-02-07 12:00,62.71,62.2,63.2,60,1.0
2025-02-07 13:00,62.84,62.4,63.2,60,1.0
2025-02-07 14:00,62.88,62.4,63.3,60,1.0
2025-02-07 15:00,62.89,62.4,63.3,60,1.0
2025-02-07 16:00,62.91,62.5,63.3,60,1.0
2025-02-07 17:00,62.82,62.4,63.5,60,1.0
2025-02-07 18:00,62.98,62.5,63.4,60,1.0
2025-02-07 19:00,63.0,62.5,63.4,60,1.0
2025-02-07 20:00,62.98,62.5,63.4,60,1.0
2025-02-07 21:00,62.86,62.4,63.3,57,0.95
2025-02-07 22:00,62.86,62.4,63.3,60,1.0
2025-02-07 23:00,62.84,62.2,63.4,60,1.0
2025-02-08 00:00,62.79,62.2,63.3,60,1.0
2025-02-08 01:00,62.8,62.3,63.3,60,1.0
2025-02-08 02:00,62.79,62.3,63.3,60,1.0
2025-02-08 03:00,62.78,62.2,63.3,60,1.0
2025-02-08 04:00,62.72,62.2,63.2,60,1.0
2025-02-08 05:00,62.75,62.2,63.3,60,1.0
2025-02-08 06:00,62.73,62.3,63.2,60,1.0
2025-02-08 07:00,62.69,62.1,63.1,60,1.0
2025-02-08 08:00,62.53,62.0,63.1,60,1.0
2025-02-08 09:00,61.54,59.4,62.8,60,1.0
2025-02-08 10:00,59.29,58.6,60.1,60,1.0
2025-02-08 11:00,59.08,58.7,59.4,60,1.0
2025-02-08 12:00,59.24,58.8,59.5,60,1.0
2025-02-08 13:00,59.57,59.1,60.1,60,1.0
2025-02-08 14:00,60.04,59.6,60.5,60,1.0
2025-02-08 15:00,60.28,59.8,60.8,60,1.0
2025-02-08 16:00,60.84,60.3,61.2,60,1.0
2025-02-08 17:00,60.96,60.6,61.4,59,0.983
2025-02-08 18:00,61.06,60.6,61.5,60,1.0
2025-02-08 19:00,61.09,60.7,61.4,59,0.983
2025-02-08 20:00,61.07,60.7,61.4,60,1.0
2025-02-08 21:00,61.01,60.5,61.4,60,1.0
2025-02-08 22:00,60.95,60.5,61.4,60,1.0
2025-02-08 23:00,60.93,60.5,61.4,60,1.0
2025-02-09 00:00,61.05,60.6,61.5,60,1.0
2025-02-09 01:00,61.0,60.5,61.4,60,1.0
2025-02-09 02:00,60.97,60.5,61.4,60,1.0
2025-02-09 03:00,61.03,60.6,61.5,60,1.0
2025-02-09 04:00,61.09,60.7,61.5,48,0.8
2025-02-09 05:00,61.03,60.5,61.6,55,0.917
2025-02-09 06:00,61.16,60.7,61.5,60,1.0
2025-02-09 07:00,61.14,60.7,61.5,60,1.0
2025-02-09 08:00,61.06,60.6,61.6,60,1.0
2025-02-09 09:00,61.0,60.3,61.5,60,1.0
2025-02-09 10:00,61.01,60.5,61.4,60,1.0
2025-02-09 11:00,61.02,60.6,61.4,60,1.0
2025-02-09 12:00,61.02,60.6,61.5,60,1.0
2025-02-09 13:00,61.14,60.7,61.5,59,0.983
2025-02-09 14:00,61.08,60.7,61.6,60,1.0
2025-02-09 15:00,61.17,60.7,61.6,60,1.0
2025-02-09 16:00,61.19,60.7,61.6,60,1.0
2025-02-09 17:00,61.29,60.9,61.8,60,1.0
2025-02-09 18:00,61.4,60.9,61.8,60,1.0
2025-02-09 19:00,61.46,60.9,61.8,60,1.0
2025-02-09 20:00,61.36,61.0,61.7,60,1.0
2025-02-09 21:00,61.34,60.8,61.7,60,1.0
2025-02-09 22:00,61.35,60.8,61.8,60,1.0
2025-02-09 23:00,61.39,60.9,61.7,60,1.0
2025-02-10 00:00,61.39,60.9,61.8,60,1.0
2025-02-10 01:00,61.39,60.9,61.9,60,1.0
2025-02-10 02:00,61.41,60.8,61.8,60,1.0
2025-02-10 03:00,61.4,60.9,61.9,60,1.0
2025-02-10 04:00,61.42,60.9,61.9,60,1.0
2025-02-10 05:00,61.36,60.8,61.9,60,1.0
2025-02-10 06:00,61.26,60.7,61.9,60,1.0
2025-02-10 07:00,61.23,60.8,61.7,60,1.0
2025-02-10 08:00,61.28,60.8,61.7,60,1.0
2025-02-10 09:00,61.27,60.8,61.9,60,1.0
2025-02-10 10:00,61.54,61.2,61.9,60,1.0
2025-02-10 11:00,61.6,61.1,62.0,60,1.0
2025-02-10 12:00,61.65,61.2,62.0,60,1.0
2025-02-10 13:00,61.61,61.0,62.1,60,1.0
2025-02-10 14:00,61.65,61.2,62.1,60,1.0
2025-02-10 15:00,61.73,61.1,62.1,60,1.0
2025-02-10 16:00,61.7,61.3,62.1,60,1.0
2025-02-10 17:00,61.66,60.9,62.1,60,1.0
2025-02-10 18:00,61.68,61.3,62.1,60,1.0
2025-02-10 19:00,61.64,61.2,62.2,60,1.0
2025-02-10 20:00,61.73,61.3,62.2,60,1.0
2025-02-10 21:00,61.71,61.2,62.2,60,1.0
2025-02-10 22:00,61.63,61.2,62.2,60,1.0
2025-02-10 23:00,61.73,61.2,62.2,60,1.0
2025-02-11 00:00,61.74,61.2,62.3,60,1.0
2025-02-11 01:00,61.75,61.4,62.2,60,1.0
2025-02-11 02:00,61.76,61.3,62.3,60,1.0
2025-02-11 03:00,61.75,61.3,62.3,60,1.0
2025-02-11 04:00,61.8,61.3,62.3,60,1.0
2025-02-11 05:00,61.82,61.4,62.4,60,1.0
2025-02-11 06:00,61.83,61.2,62.3,60,1.0
2025-02-11 07:00,61.82,61.4,62.3,60,1.0
2025-02-11 08:00,61.78,61.3,62.2,60,1.0
2025-02-11 09:00,61.65,61.2,62.1,60,1.0
2025-02-11 10:00,61.61,61.2,62.1,60,1.0
2025-02-11 11:00,61.63,61.2,62.1,56,0.933
2025-02-11 12:00,61.72,61.2,62.1,46,0.767
2025-02-11 13:00,61.65,61.1,62.2,47,0.783
2025-02-11 14:00,61.53,61.0,62.0,60,1.0
2025-02-11 15:00,61.64,61.1,62.1,60,1.0
2025-02-11 16:00,61.61,61.2,62.1,60,1.0
2025-02-11 17:00,61.59,61.2,62.3,60,1.0
2025-02-11 18:00,61.79,61.4,62.2,60,1.0
2025-02-11 19:00,61.82,61.4,62.4,60,1.0
2025-02-11 20:00,61.73,61.3,62.3,60,1.0
2025-02-11 21:00,61.76,61.3,62.3,60,1.0
2025-02-11 22:00,61.88,61.4,62.3,60,1.0
2025-02-11 23:00,61.84,61.4,62.4,60,1.0
2025-02-12 00:00,61.85,61.3,62.3,60,1.0
2025-02-12 01:00,61.84,61.4,62.3,60,1.0
2025-02-12 02:00,61.84,61.3,62.3,60,1.0
2025-02-12 03:00,61.86,61.4,62.4,60,1.0
2025-02-12 04:00,61.8,61.3,62.3,60,1.0
2025-02-12 05:00,61.88,61.4,62.4,60,1.0
2025-02-12 06:00,61.84,61.4,62.3,60,1.0
2025-02-12 07:00,61.81,61.3,62.3,60,1.0
2025-02-12 08:00,61.69,61.2,62.2,60,1.0
2025-02-12 09:00,61.62,61.2,62.1,60,1.0
2025-02-12 10:00,61.7,61.2,62.0,60,1.0
2025-02-12 11:00,61.66,61.2,62.1,60,1.0
2025-02-12 12:00,61.55,61.1,62.1,60,1.0
2025-02-12 13:00,61.66,61.2,62.1,60,1.0
2025-02-12 14:00,61.49,61.1,61.9,60,1.0
2025-02-12 15:00,61.52,61.1,62.0,60,1.0
2025-02-12 16:00,61.66,61.2,62.0,60,1.0
2025-02-12 17:00,61.74,61.3,62.2,60,1.0
2025-02-12 18:00,61.81,61.3,62.2,60,1.0
2025-02-12 19:00,61.7,61.3,62.1,60,1.0
2025-02-12 20:00,61.62,61.2,62.2,60,1.0
2025-02-12 21:00,61.65,61.2,62.1,60,1.0
2025-02-12 22:00,61.64,61.2,62.2,60,1.0
2025-02-12 23:00,61.58,61.2,62.2,60,1.0
2025-02-13 00:00,61.6,61.1,62.1,60,1.0
2025-02-13 01:00,61.59,61.2,62.3,60,1.0
2025-02-13 02:00,61.67,61.2,62.2,60,1.0
2025-02-13 03:00,61.5,61.0,62.2,60,1.0
2025-02-13 04:00,61.36,60.9,61.9,60,1.0
2025-02-13 05:00,61.46,60.9,62.0,60,1.0
2025-02-13 06:00,61.35,61.0,61.9,60,1.0
2025-02-13 07:00,61.36,60.8,61.9,60,1.0
2025-02-13 08:00,61.38,61.0,61.8,60,1.0
2025-02-13 09:00,61.29,60.8,61.7,60,1.0
2025-02-13 10:00,61.25,60.8,61.7,60,1.0
2025-02-13 11:00,61.3,60.8,61.8,60,1.0
2025-02-13 12:00,61.16,60.7,61.7,59,0.983
2025-02-13 13:00,61.11,60.7,61.6,48,0.8
2025-02-13 14:00,61.11,60.7,61.6,45,0.75
2025-02-13 15:00,61.14,60.7,61.7,60,1.0
2025-02-13 16:00,61.3,60.8,61.7,60,1.0
2025-02-13 17:00,61.33,60.8,61.8,60,1.0
2025-02-13 18:00,61.31,60.9,61.9,60,1.0
2025-02-13 19:00,61.36,60.9,61.9,60,1.0
2025-02-13 20:00,61.31,60.9,61.8,60,1.0
2025-02-13 21:00,61.35,60.9,61.9,60,1.0
2025-02-13 22:00,61.35,60.9,61.8,59,0.983
2025-02-13 23:00,61.28,60.8,61.7,53,0.883
2025-02-14 00:00,61.26,60.9,61.8,60,1.0
2025-02-14 01:00,61.24,60.8,61.7,60,1.0
2025-02-14 02:00,61.33,60.8,61.8,60,1.0
2025-02-14 03:00,61.3,60.9,61.8,60,1.0
2025-02-14 04:00,61.32,60.9,61.8,60,1.0
2025-02-14 05:00,61.3,60.8,61.8,60,1.0
2025-02-14 06:00,61.22,60.8,61.7,60,1.0
2025-02-14 07:00,60.77,60.2,61.3,60,1.0
2025-02-14 08:00,60.89,60.3,61.3,60,1.0
2025-02-14 09:00,60.94,60.4,61.5,60,1.0
2025-02-14 10:00,60.94,60.4,61.4,60,1.0
2025-02-14 11:00,60.96,60.5,61.4,60,1.0
2025-02-14 12:00,60.98,60.5,61.4,60,1.0
2025-02-14 13:00,61.01,60.6,61.6,60,1.0
2025-02-14 14:00,61.04,60.6,61.6,60,1.0
2025-02-14 15:00,61.04,60.7,61.5,60,1.0
2025-02-14 16:00,61.04,60.6,61.6,60,1.0
2025-02-14 17:00,60.99,60.6,61.5,60,1.0
2025-02-14 18:00,61.1,60.7,61.5,60,1.0
2025-02-14 19:00,61.13,60.7,61.6,60,1.0
2025-02-14 20:00,60.76,60.0,61.6,60,1.0
2025-02-14 21:00,60.35,59.9,60.8,59,0.983
2025-02-14 22:00,60.42,59.9,61.0,59,0.983
2025-02-14 23:00,60.44,60.0,60.8,60,1.0
2025-02-15 00:00,60.59,60.2,61.1,60,1.0
2025-02-15 01:00,60.14,59.5,61.1,60,1.0
2025-02-15 02:00,59.81,59.4,60.4,60,1.0
2025-02-15 03:00,59.72,59.3,60.3,60,1.0
2025-02-15 04:00,59.87,59.4,60.3,60,1.0
2025-02-15 05:00,58.04,56.9,60.2,60,1.0
2025-02-15 06:00,58.72,57.5,59.7,60,1.0
2025-02-15 07:00,59.89,59.5,60.4,60,1.0
2025-02-15 08:00,60.14,59.9,60.5,38,0.633
2025-02-15 10:00,63.33,62.5,65.5,53,0.883
2025-02-15 11:00,68.3,65.5,71.2,60,1.0
2025-02-15 12:00,72.26,71.1,72.8,60,1.0
2025-02-15 13:00,72.79,71.7,73.6,60,1.0
2025-02-15 14:00,72.57,71.8,73.2,60,1.0
2025-02-15 15:00,71.51,70.9,72.2,60,1.0
2025-02-15 16:00,70.76,70.4,71.2,60,1.0
2025-02-15 17:00,70.17,69.6,70.6,60,1.0
2025-02-15 18:00,69.6,69.2,70.0,60,1.0
2025-02-15 19:00,69.1,68.6,69.5,60,1.0
2025-02-15 20:00,68.77,68.2,69.2,55,0.917
2025-02-15 21:00,68.47,68.0,68.8,49,0.817
2025-02-15 22:00,68.11,67.7,68.5,52,0.867
2025-02-15 23:00,67.81,67.4,68.3,57,0.95
2025-02-16 00:00,67.58,67.2,68.1,55,0.917
2025-02-16 01:00,67.32,66.9,67.9,60,1.0
2025-02-16 02:00,67.16,66.8,67.5,60,1.0
2025-02-16 03:00,66.82,66.4,67.2,60,1.0
2025-02-16 04:00,66.59,66.2,67.0,60,1.0
2025-02-16 05:00,66.46,66.1,67.0,60,1.0
2025-02-16 06:00,66.31,65.8,66.7,60,1.0
2025-02-16 07:00,66.15,65.6,66.5,60,1.0
2025-02-16 08:00,65.97,65.5,66.3,60,1.0
2025-02-16 09:00,65.95,65.6,66.3,60,1.0
2025-02-16 10:00,65.65,65.3,66.1,60,1.0
2025-02-16 11:00,65.54,65.1,65.9,60,1.0
2025-02-16 12:00,65.31,65.0,65.7,60,1.0
2025-02-16 13:00,65.34,65.0,65.7,60,1.0
2025-02-16 14:00,65.18,64.7,65.6,60,1.0
2025-02-16 15:00,65.05,64.6,65.5,60,1.0
2025-02-16 16:00,64.88,64.4,65.3,60,1.0
2025-02-16 17:00,64.81,64.4,65.2,60,1.0
2025-02-16 18:00,64.7,64.4,65.0,59,0.983
2025-02-16 19:00,64.58,64.3,64.9,59,0.983
2025-02-16 20:00,64.51,64.0,64.9,60,1.0
2025-02-16 21:00,64.37,63.9,64.9,60,1.0
2025-02-16 22:00,64.29,63.9,64.7,58,0.967
2025-02-16 23:00,64.14,63.7,64.6,60,1.0
2025-02-17 00:00,64.15,63.7,64.5,60,1.0
2025-02-17 01:00,64.04,63.6,64.4,60,1.0
2025-02-17 02:00,64.03,63.6,64.4,60,1.0
2025-02-17 03:00,64.02,63.5,64.4,60,1.0
2025-02-17 04:00,63.89,63.4,64.2,60,1.0
2025-02-17 05:00,63.88,63.4,64.2,60,1.0
2025-02-17 06:00,63.76,63.3,64.2,60,1.0
2025-02-17 07:00,63.73,63.2,64.1,59,0.983
2025-02-17 08:00,63.62,63.2,64.1,60,1.0
2025-02-17 09:00,63.69,63.3,64.1,60,1.0
2025-02-17 10:00,63.71,63.3,64.1,60,1.0
2025-02-17 11:00,63.77,63.4,64.1,60,1.0
2025-02-17 12:00,63.65,63.2,64.1,60,1.0
2025-02-17 13:00,63.65,63.2,64.0,60,1.0
2025-02-17 14:00,63.55,63.1,63.9,60,1.0
2025-02-17 15:00,63.47,63.0,63.9,60,1.0
2025-02-17 16:00,63.42,63.0,63.8,60,1.0
2025-02-17 17:00,63.43,62.9,63.8,59,0.983
2025-02-17 18:00,63.33,62.9,63.7,60,1.0
2025-02-17 19:00,63.4,62.8,63.8,60,1.0
2025-02-17 20:00,63.24,62.8,63.7,60,1.0
2025-02-17 21:00,63.22,62.8,63.6,60,1.0
2025-02-17 22:00,63.16,62.8,63.6,60,1.0
2025-02-17 23:00,63.2,62.8,63.6,60,1.0
2025-02-18 00:00,63.16,62.9,63.6,60,1.0
2025-02-18 01:00,63.15,62.6,63.6,60,1.0
2025-02-18 02:00,63.06,62.6,63.5,60,1.0
2025-02-18 03:00,63.04,62.7,63.5,60,1.0
2025-02-18 04:00,63.11,62.6,63.5,60,1.0
2025-02-18 05:00,63.14,62.7,63.5,60,1.0
2025-02-18 06:00,63.0,62.6,63.4,60,1.0
2025-02-18 07:00,62.94,62.5,63.4,60,1.0
2025-02-18 08:00,62.9,62.4,63.4,60,1.0
2025-02-18 09:00,62.83,62.4,63.3,60,1.0
2025-02-18 10:00,62.89,62.4,63.3,60,1.0
2025-02-18 11:00,62.83,62.4,63.3,60,1.0
2025-02-18 12:00,62.86,62.4,63.3,60,1.0
2025-02-18 13:00,62.88,62.5,63.3,60,1.0
2025-02-18 14:00,62.84,62.3,63.3,60,1.0
2025-02-18 15:00,62.74,62.3,63.2,60,1.0
2025-02-18 16:00,62.75,62.3,63.2,59,0.983
2025-02-18 17:00,62.63,62.1,63.0,55,0.917
2025-02-18 18:00,62.58,62.1,63.0,48,0.8
2025-02-18 19:00,62.57,62.2,63.0,48,0.8
2025-02-18 20:00,62.6,62.1,63.0,47,0.783
2025-02-18 21:00,62.55,62.1,63.0,53,0.883
2025-02-18 22:00,62.58,62.0,63.0,50,0.833
2025-02-18 23:00,62.53,62.1,62.8,45,0.75
2025-02-19 00:00,62.48,62.0,62.9,60,1.0
2025-02-19 01:00,62.54,62.2,62.9,51,0.85
2025-02-19 02:00,62.52,62.1,62.9,53,0.883
2025-02-19 03:00,62.56,62.1,63.0,60,1.0
2025-02-19 04:00,62.63,62.1,63.0,60,1.0
2025-02-19 05:00,62.62,62.1,63.0,60,1.0
2025-02-19 06:00,62.56,62.1,63.0,60,1.0
2025-02-19 07:00,62.58,62.1,63.0,60,1.0
2025-02-19 08:00,62.45,61.9,63.0,42,0.7
2025-02-19 09:00,62.4,62.0,62.8,52,0.867
2025-02-19 10:00,62.45,62.0,62.8,60,1.0
2025-02-19 11:00,62.43,61.9,62.8,60,1.0
2025-02-19 12:00,62.42,62.0,62.9,60,1.0
2025-02-19 13:00,62.46,62.1,62.8,60,1.0
2025-02-19 14:00,62.47,61.9,62.9,60,1.0
2025-02-19 15:00,62.4,61.9,62.8,60,1.0
2025-02-19 16:00,62.36,61.9,62.8,60,1.0
2025-02-19 17:00,62.58,62.0,63.0,60,1.0
2025-02-19 18:00,62.6,62.2,63.1,60,1.0
2025-02-19 19:00,62.62,62.1,63.0,60,1.0
2025-02-19 20:00,62.65,62.2,63.0,60,1.0
2025-02-19 21:00,62.64,62.1,63.0,60,1.0
2025-02-19 22:00,62.66,62.1,63.0,60,1.0
2025-02-19 23:00,62.67,62.1,63.0,60,1.0
2025-02-20 00:00,62.58,62.1,63.0,60,1.0
2025-02-20 01:00,62.55,62.1,63.0,58,0.967
2025-02-20 02:00,62.5,61.9,63.0,60,1.0
2025-02-20 03:00,62.58,62.2,62.9,60,1.0
2025-02-20 04:00,62.58,62.0,63.0,60,1.0
2025-02-20 05:00,62.55,62.1,63.0,60,1.0
2025-02-20 06:00,62.47,62.0,62.9,60,1.0
2025-02-20 07:00,62.53,62.1,62.9,60,1.0
2025-02-20 08:00,62.38,61.9,62.9,60,1.0
2025-02-20 09:00,62.28,61.8,62.7,60,1.0
2025-02-20 10:00,62.27,61.8,62.7,60,1.0
2025-02-20 11:00,62.26,61.8,62.8,60,1.0
2025-02-20 12:00,62.33,61.8,62.8,60,1.0
2025-02-20 13:00,62.37,61.9,62.8,60,1.0
2025-02-20 14:00,62.3,61.9,62.8,60,1.0
2025-02-20 15:00,62.35,61.9,62.9,60,1.0
2025-02-20 16:00,62.42,61.9,62.9,60,1.0
2025-02-20 17:00,62.4,62.0,62.8,60,1.0
2025-02-20 18:00,62.51,61.9,63.0,60,1.0
2025-02-20 19:00,62.41,61.9,62.9,60,1.0
2025-02-20 20:00,62.37,61.9,63.0,60,1.0
2025-02-20 21:00,62.42,62.0,62.9,60,1.0
2025-02-20 22:00,62.42,62.0,62.9,60,1.0
2025-02-20 23:00,62.43,62.0,62.9,60,1.0
2025-02-21 00:00,62.51,62.0,62.9,60,1.0
2025-02-21 01:00,62.53,62.0,63.0,60,1.0
2025-02-21 02:00,62.46,62.0,63.0,60,1.0
2025-02-21 03:00,62.5,62.1,63.0,60,1.0
2025-02-21 04:00,62.54,62.0,63.0,60,1.0
2025-02-21 05:00,62.44,61.8,63.0,60,1.0
2025-02-21 06:00,62.55,62.0,63.0,60,1.0
2025-02-21 07:00,62.47,62.0,63.1,60,1.0
2025-02-21 08:00,62.41,61.9,62.9,60,1.0
2025-02-21 09:00,62.37,61.8,62.8,57,0.95
2025-02-21 10:00,62.39,61.9,62.8,58,0.967
2025-02-21 11:00,62.39,62.0,62.8,60,1.0
2025-02-21 12:00,62.34,61.9,62.8,60,1.0
2025-02-21 13:00,63.74,61.6,64.7,59,0.983
2025-02-21 14:00,64.1,63.5,64.8,60,1.0
2025-02-21 15:00,64.03,63.5,64.7,60,1.0
2025-02-21 16:00,64.01,63.4,64.6,60,1.0
2025-02-21 17:00,63.93,63.4,64.6,60,1.0
2025-02-21 18:00,64.07,63.4,64.7,58,0.967
2025-02-21 19:00,64.09,63.5,64.9,59,0.983
2025-02-21 20:00,64.16,63.6,64.8,60,1.0
2025-02-21 21:00,64.23,63.6,64.9,59,0.983
2025-02-21 22:00,64.17,63.6,65.0,60,1.0
2025-02-21 23:00,64.22,63.6,65.2,59,0.983
2025-02-22 00:00,64.1,63.6,64.8,60,1.0
2025-02-22 01:00,64.16,63.6,64.8,60,1.0
2025-02-22 02:00,64.22,63.7,65.0,60,1.0
2025-02-22 03:00,64.16,63.6,65.0,60,1.0
2025-02-22 04:00,64.1,63.6,64.9,60,1.0
2025-02-22 05:00,64.08,63.5,64.7,52,0.867
2025-02-22 06:00,64.01,63.3,64.6,51,0.85
2025-02-22 07:00,63.88,63.3,64.6,60,1.0
2025-02-22 08:00,63.99,63.3,64.7,60,1.0
2025-02-22 09:00,63.82,63.2,64.5,60,1.0
2025-02-22 10:00,63.84,63.3,64.5,60,1.0
2025-02-22 11:00,63.77,63.3,64.4,60,1.0
2025-02-22 12:00,63.72,63.2,64.2,60,1.0
2025-02-22 13:00,63.63,63.1,64.3,60,1.0
2025-02-22 14:00,63.63,63.1,64.5,60,1.0
2025-02-22 15:00,63.72,63.2,64.6,60,1.0
2025-02-22 16:00,63.81,63.3,64.5,60,1.0
2025-02-22 17:00,63.84,63.3,64.3,60,1.0
2025-02-22 18:00,63.97,63.4,64.7,60,1.0
2025-02-22 19:00,63.93,63.4,64.6,60,1.0
2025-02-22 20:00,63.96,63.4,64.8,60,1.0
2025-02-22 21:00,63.89,63.4,64.7,59,0.983
2025-02-22 22:00,63.95,63.4,64.6,60,1.0
2025-02-22 23:00,64.04,63.4,64.8,60,1.0
2025-02-23 00:00,63.92,63.4,64.6,60,1.0
2025-02-23 01:00,63.99,63.4,64.8,60,1.0
2025-02-23 02:00,63.95,63.4,64.7,60,1.0
2025-02-23 03:00,63.94,63.4,64.6,60,1.0
2025-02-23 04:00,63.94,63.4,64.7,60,1.0
2025-02-23 05:00,63.9,63.4,64.6,60,1.0
2025-02-23 06:00,63.88,63.3,64.5,60,1.0
2025-02-23 07:00,63.68,63.1,64.4,60,1.0
2025-02-23 08:00,63.61,63.1,64.4,60,1.0
2025-02-23 09:00,63.42,62.9,63.9,60,1.0
2025-02-23 10:00,63.58,62.9,64.2,60,1.0
2025-02-23 11:00,63.46,62.9,64.2,60,1.0
2025-02-23 12:00,63.31,62.8,63.9,60,1.0
2025-02-23 13:00,63.18,62.7,63.8,60,1.0
2025-02-23 14:00,63.23,62.6,63.8,59,0.983
2025-02-23 15:00,63.44,62.9,64.1,60,1.0
2025-02-23 16:00,63.47,62.9,64.0,60,1.0
2025-02-23 17:00,63.38,62.9,64.1,60,1.0
2025-02-23 18:00,63.5,62.9,64.0,60,1.0
2025-02-23 19:00,63.48,62.9,64.3,60,1.0
2025-02-23 20:00,63.61,63.0,64.3,60,1.0
2025-02-23 21:00,63.61,63.2,64.2,60,1.0
2025-02-23 22:00,63.64,63.1,64.3,60,1.0
2025-02-23 23:00,63.62,63.1,64.3,60,1.0
2025-02-24 00:00,63.62,63.0,64.2,60,1.0
2025-02-24 01:00,63.32,62.6,64.0,60,1.0
2025-02-24 02:00,63.62,63.1,64.2,59,0.983
2025-02-24 03:00,63.59,63.1,64.4,60,1.0
2025-02-24 04:00,63.57,63.1,64.3,60,1.0
2025-02-24 05:00,63.56,63.0,64.4,60,1.0
2025-02-24 06:00,63.49,62.8,64.1,60,1.0
2025-02-24 07:00,63.38,62.6,64.2,60,1.0
2025-02-24 08:00,63.32,62.8,64.0,60,1.0
2025-02-24 09:00,63.23,62.6,63.8,60,1.0
2025-02-24 10:00,63.21,62.7,63.9,59,0.983
2025-02-24 11:00,63.27,62.8,63.9,60,1.0
2025-02-24 12:00,63.34,62.8,64.0,60,1.0
2025-02-24 13:00,63.24,62.8,63.9,60,1.0
2025-02-24 14:00,63.2,62.7,63.9,60,1.0
2025-02-24 15:00,63.19,62.7,63.9,60,1.0
2025-02-24 16:00,63.23,62.7,63.8,60,1.0
2025-02-24 17:00,63.14,62.7,63.9,60,1.0
2025-02-24 18:00,63.21,62.8,64.0,60,1.0
2025-02-24 19:00,63.28,62.7,64.1,60,1.0
2025-02-24 20:00,63.23,62.7,63.8,52,0.867
2025-02-24 21:00,63.13,62.7,63.8,49,0.817
2025-02-24 22:00,63.04,62.4,63.8,60,1.0
2025-02-24 23:00,62.79,62.2,63.4,60,1.0
2025-02-25 00:00,62.54,62.1,63.3,60,1.0
2025-02-25 01:00,62.25,61.5,63.1,60,1.0
2025-02-25 02:00,61.61,61.1,62.2,60,1.0
2025-02-25 03:00,61.56,61.0,62.3,58,0.967
2025-02-25 04:00,60.59,59.8,61.6,60,1.0
2025-02-25 05:00,60.72,60.0,61.6,60,1.0
2025-02-25 06:00,59.99,58.6,61.5,60,1.0
2025-02-25 07:00,59.26,58.6,60.2,59,0.983
2025-02-25 08:00,59.18,58.7,59.9,60,1.0
2025-02-25 09:00,60.06,59.1,61.3,60,1.0
2025-02-25 10:00,61.14,60.5,61.7,50,0.833
2025-02-25 11:00,61.56,61.0,62.2,58,0.967
2025-02-25 12:00,61.66,61.3,62.3,52,0.867
2025-02-25 13:00,61.97,61.5,62.5,56,0.933
2025-02-25 14:00,62.08,61.6,62.7,60,1.0
2025-02-25 15:00,62.08,61.6,62.7,57,0.95
2025-02-25 16:00,62.25,61.8,62.8,42,0.7
2025-02-25 17:00,62.21,61.6,62.8,50,0.833
2025-02-25 18:00,62.4,61.8,63.1,59,0.983
2025-02-25 19:00,62.55,61.8,63.2,60,1.0
2025-02-25 20:00,60.98,60.4,62.0,60,1.0
2025-02-25 21:00,61.36,60.9,61.9,60,1.0
2025-02-25 22:00,62.2,61.2,63.4,60,1.0
2025-02-25 23:00,63.78,62.9,65.1,59,0.983
2025-02-26 00:00,65.91,64.5,67.0,58,0.967
2025-02-26 01:00,66.87,66.5,67.5,59,0.983
2025-02-26 02:00,66.69,66.3,67.3,53,0.883
2025-02-26 03:00,67.56,66.3,68.8,45,0.75
2025-02-26 04:00,69.55,68.5,70.8,60,1.0
2025-02-26 05:00,72.94,70.3,76.0,60,1.0
2025-02-26 06:00,74.46,73.1,76.0,59,0.983
2025-02-26 07:00,72.83,72.1,73.7,46,0.767
2025-02-26 08:00,71.77,71.1,72.6,54,0.9
2025-02-26 09:00,71.31,70.9,72.1,53,0.883
2025-02-26 10:00,70.95,70.4,71.8,58,0.967
2025-02-26 11:00,70.33,69.9,70.9,55,0.917
2025-02-26 12:00,69.94,69.4,70.7,54,0.9
2025-02-26 13:00,69.54,69.0,70.1,56,0.933
2025-02-26 14:00,69.2,68.6,69.8,60,1.0
2025-02-26 15:00,68.89,68.4,69.6,60,1.0
2025-02-26 16:00,69.92,69.1,70.4,59,0.983
2025-02-26 17:00,69.78,69.4,70.5,60,1.0
2025-02-26 18:00,70.13,69.5,70.8,60,1.0
2025-02-26 19:00,72.03,70.6,73.0,60,1.0
2025-02-26 20:00,72.91,72.2,73.9,60,1.0
2025-02-26 21:00,73.69,73.1,74.7,60,1.0
2025-02-26 22:00,75.58,74.3,76.9,60,1.0
2025-02-26 23:00,73.94,72.8,75.6,60,1.0
2025-02-27 00:00,72.41,71.6,73.3,43,0.717
2025-02-27 01:00,71.6,71.0,72.3,58,0.967
2025-02-27 02:00,70.87,70.2,71.7,59,0.983
2025-02-27 03:00,70.24,69.7,70.8,58,0.967
2025-02-27 04:00,69.72,69.1,70.4,59,0.983
2025-02-27 05:00,69.12,68.6,69.8,60,1.0
2025-02-27 06:00,68.67,68.1,69.3,59,0.983
2025-02-27 07:00,68.33,67.9,69.0,59,0.983
2025-02-27 08:00,68.07,67.6,68.6,60,1.0
2025-02-27 09:00,67.81,67.4,68.4,60,1.0
2025-02-27 10:00,67.63,67.1,68.2,60,1.0
2025-02-27 11:00,67.48,66.9,67.9,60,1.0
2025-02-27 12:00,67.16,66.7,67.8,59,0.983
2025-02-27 13:00,66.91,66.5,67.4,60,1.0
2025-02-27 14:00,66.71,66.2,67.4,60,1.0
2025-02-27 15:00,66.53,66.1,67.2,60,1.0
2025-02-27 16:00,66.36,65.9,67.1,60,1.0
2025-02-27 17:00,66.28,65.8,66.9,49,0.817
2025-02-27 18:00,66.07,65.6,66.4,51,0.85
2025-02-27 19:00,66.03,65.4,66.6,46,0.767
2025-02-27 20:00,65.79,65.3,66.9,52,0.867
2025-02-27 21:00,65.67,65.2,66.3,46,0.767
2025-02-27 22:00,65.48,65.0,66.0,41,0.683
2025-02-27 23:00,65.49,65.0,66.2,50,0.833
2025-02-28 00:00,65.34,64.9,66.0,59,0.983
2025-02-28 01:00,65.31,64.8,66.0,59,0.983
2025-02-28 02:00,65.28,64.8,66.0,60,1.0
2025-02-28 03:00,65.2,64.7,65.9,60,1.0
2025-02-28 04:00,65.1,64.6,65.7,60,1.0
2025-02-28 05:00,65.05,64.5,65.6,60,1.0
2025-02-28 06:00,64.94,64.4,65.4,60,1.0
2025-02-28 07:00,64.75,64.3,65.4,60,1.0
2025-02-28 08:00,64.69,64.2,65.6,58,0.967
2025-02-28 09:00,64.87,64.4,65.6,59,0.983
2025-02-28 10:00,64.83,64.4,65.5,60,1.0
2025-02-28 11:00,64.93,64.4,65.5,60,1.0
2025-02-28 12:00,64.82,64.4,65.4,51,0.85
2025-02-28 13:00,64.87,64.3,65.5,51,0.85
2025-02-28 14:00,64.8,64.3,65.4,48,0.8
2025-02-28 15:00,64.78,64.3,65.6,53,0.883
2025-02-28 16:00,64.72,64.3,65.3,55,0.917
2025-02-28 17:00,64.65,64.2,65.3,59,0.983
2025-02-28 18:00,64.74,64.3,65.4,60,1.0
2025-02-28 19:00,64.76,64.3,65.4,58,0.967
2025-02-28 20:00,64.72,64.1,65.4,46,0.767
2025-02-28 21:00,64.65,64.1,65.3,46,0.767
2025-02-28 22:00,64.63,64.1,65.4,59,0.983
2025-02-28 23:00,64.61,64.1,65.2,60,1.0
2025-03-01 00:00,64.61,64.0,65.3,60,1.0
2025-03-01 01:00,64.52,64.0,65.1,60,1.0
2025-03-01 02:00,64.49,63.9,65.3,60,1.0
2025-03-01 03:00,64.46,63.9,65.1,60,1.0
2025-03-01 04:00,64.33,63.8,65.3,60,1.0
2025-03-01 05:00,64.28,63.8,65.0,60,1.0
2025-03-01 06:00,64.24,63.7,64.9,60,1.0
2025-03-01 07:00,63.99,63.5,64.9,60,1.0
2025-03-01 08:00,63.98,63.4,64.6,60,1.0
2025-03-01 09:00,64.18,63.5,64.9,60,1.0
2025-03-01 10:00,64.02,63.5,64.7,60,1.0
2025-03-01 11:00,64.01,63.5,64.7,60,1.0
2025-03-01 12:00,64.14,63.6,64.7,59,0.983
2025-03-01 13:00,63.99,63.6,64.7,60,1.0
2025-03-01 14:00,63.87,63.4,64.5,60,1.0
2025-03-01 15:00,63.75,63.2,64.4,60,1.0
2025-03-01 16:00,63.73,63.2,64.5,60,1.0
2025-03-01 17:00,63.09,62.2,64.3,60,1.0
2025-03-01 18:00,62.86,62.3,63.4,60,1.0
2025-03-01 19:00,62.79,62.3,63.4,60,1.0
2025-03-01 20:00,62.77,62.3,63.4,60,1.0
2025-03-01 21:00,62.68,62.3,63.2,60,1.0
2025-03-01 22:00,62.67,62.2,63.5,60,1.0
2025-03-01 23:00,62.69,62.2,63.3,60,1.0
2025-03-02 00:00,62.71,62.1,63.4,59,0.983
2025-03-02 01:00,62.7,62.2,63.4,60,1.0
2025-03-02 02:00,62.73,62.2,63.5,60,1.0
2025-03-02 03:00,62.77,62.2,63.6,60,1.0
2025-03-02 04:00,62.78,62.2,63.5,60,1.0
2025-03-02 05:00,62.66,62.2,63.3,60,1.0
2025-03-02 06:00,62.71,62.2,63.5,60,1.0
2025-03-02 07:00,62.7,62.2,63.5,60,1.0
2025-03-02 08:00,62.76,62.3,63.4,60,1.0
2025-03-02 09:00,62.76,62.2,63.5,60,1.0
2025-03-02 10:00,62.81,62.3,63.4,60,1.0
2025-03-02 11:00,62.99,62.4,63.7,60,1.0
2025-03-02 12:00,62.85,62.4,63.5,60,1.0
2025-03-02 13:00,63.32,62.6,64.0,60,1.0
2025-03-02 14:00,63.49,62.9,64.3,60,1.0
2025-03-02 15:00,63.55,63.0,64.1,60,1.0
2025-03-02 16:00,63.62,63.1,64.3,59,0.983
2025-03-02 17:00,63.53,62.9,64.3,60,1.0
2025-03-02 18:00,63.7,63.0,64.4,60,1.0
2025-03-02 19:00,63.88,63.3,64.6,60,1.0
2025-03-02 20:00,64.04,63.5,64.6,60,1.0
2025-03-02 21:00,64.07,63.5,64.8,59,0.983
2025-03-02 22:00,64.25,63.6,64.9,60,1.0
2025-03-02 23:00,64.22,63.7,64.7,60,1.0
2025-03-03 00:00,64.21,63.7,64.8,59,0.983
2025-03-03 01:00,64.29,63.7,65.2,60,1.0
2025-03-03 02:00,64.31,63.8,65.1,60,1.0
2025-03-03 03:00,64.42,63.9,65.1,60,1.0
2025-03-03 04:00,64.53,63.9,65.1,60,1.0
2025-03-03 05:00,64.58,63.9,65.2,59,0.983
2025-03-03 06:00,64.62,64.1,65.3,59,0.983
2025-03-03 07:00,64.75,64.1,65.6,60,1.0
2025-03-03 08:00,64.67,64.0,65.5,60,1.0
2025-03-03 09:00,64.51,63.9,65.1,60,1.0
2025-03-03 10:00,64.78,64.2,65.5,60,1.0
2025-03-03 11:00,64.85,64.3,65.6,60,1.0
2025-03-03 12:00,64.97,64.4,65.6,60,1.0
2025-03-03 13:00,64.89,64.4,65.5,60,1.0
2025-03-03 14:00,64.92,64.4,65.6,58,0.967
2025-03-03 15:00,64.91,64.4,65.5,60,1.0
2025-03-03 16:00,65.14,64.5,65.9,60,1.0
2025-03-03 17:00,65.07,64.5,65.8,60,1.0
2025-03-03 18:00,65.22,64.7,66.0,60,1.0
2025-03-03 19:00,65.17,64.5,65.8,60,1.0
2025-03-03 20:00,65.21,64.6,66.0,60,1.0
2025-03-03 21:00,65.18,64.7,65.9,60,1.0
2025-03-03 22:00,65.19,64.7,66.1,60,1.0
2025-03-03 23:00,65.17,64.7,66.0,46,0.767
2025-03-04 00:00,65.22,64.7,66.0,56,0.933
2025-03-04 01:00,65.23,64.7,65.8,60,1.0
2025-03-04 02:00,65.26,64.7,66.1,60,1.0
2025-03-04 03:00,65.31,64.7,66.1,60,1.0
2025-03-04 04:00,65.27,64.7,65.9,60,1.0
2025-03-04 05:00,65.22,64.7,66.1,60,1.0
2025-03-04 06:00,65.27,64.8,66.0,60,1.0
2025-03-04 07:00,65.24,64.7,66.0,60,1.0
2025-03-04 08:00,65.01,64.3,65.7,60,1.0
2025-03-04 09:00,64.82,64.3,65.5,60,1.0
2025-03-04 10:00,65.05,64.4,65.8,59,0.983
2025-03-04 11:00,65.0,64.5,65.9,60,1.0
2025-03-04 12:00,65.08,64.5,65.8,60,1.0
2025-03-04 13:00,65.12,64.5,65.7,60,1.0
2025-03-04 14:00,65.03,64.4,65.8,60,1.0
2025-03-04 15:00,65.0,64.4,65.8,60,1.0
2025-03-04 16:00,65.12,64.5,65.8,60,1.0
2025-03-04 17:00,64.9,64.5,65.4,60,1.0
2025-03-04 18:00,65.11,64.5,65.9,60,1.0
2025-03-04 19:00,64.96,64.5,65.8,60,1.0
2025-03-04 20:00,65.04,64.4,65.8,60,1.0
2025-03-04 21:00,65.03,64.5,65.7,60,1.0
2025-03-04 22:00,65.06,64.5,65.6,60,1.0
2025-03-04 23:00,65.1,64.5,65.8,60,1.0
2025-03-05 00:00,65.06,64.5,65.7,60,1.0
2025-03-05 01:00,65.02,64.5,65.9,60,1.0
2025-03-05 02:00,64.9,64.5,65.7,60,1.0
2025-03-05 03:00,65.04,64.4,65.6,60,1.0
2025-03-05 04:00,65.03,64.5,65.8,60,1.0
2025-03-05 05:00,64.94,64.4,65.6,60,1.0
2025-03-05 06:00,64.91,64.3,65.6,60,1.0
2025-03-05 07:00,64.89,64.4,65.6,60,1.0
2025-03-05 08:00,64.76,64.1,65.3,60,1.0
2025-03-05 09:00,64.64,64.1,65.4,60,1.0
2025-03-05 10:00,64.73,64.2,65.3,60,1.0
2025-03-05 11:00,64.84,64.3,65.5,60,1.0
2025-03-05 12:00,64.72,64.3,65.5,60,1.0
2025-03-05 13:00,64.81,64.2,65.5,54,0.9
2025-03-05 14:00,64.67,64.1,65.3,48,0.8
2025-03-05 15:00,64.6,64.2,65.2,60,1.0
2025-03-05 16:00,64.74,64.2,65.4,60,1.0
2025-03-05 17:00,64.65,64.2,65.4,60,1.0
2025-03-05 18:00,64.68,64.2,65.2,60,1.0
2025-03-05 19:00,64.72,64.2,65.4,60,1.0
2025-03-05 20:00,64.66,64.2,65.4,60,1.0
2025-03-05 21:00,64.76,64.2,65.4,60,1.0
2025-03-05 22:00,64.76,64.2,65.4,60,1.0
2025-03-05 23:00,64.72,64.2,65.4,60,1.0
2025-03-06 00:00,64.67,64.1,65.4,60,1.0
2025-03-06 01:00,64.55,64.1,65.1,60,1.0
2025-03-06 02:00,64.62,64.2,65.2,60,1.0
2025-03-06 03:00,64.67,64.2,65.5,60,1.0
2025-03-06 04:00,64.59,64.1,65.2,60,1.0
2025-03-06 05:00,64.54,64.1,65.3,60,1.0
2025-03-06 06:00,64.56,64.1,65.2,60,1.0
2025-03-06 07:00,64.62,64.1,65.3,60,1.0
2025-03-06 08:00,64.49,63.8,65.1,60,1.0
2025-03-06 09:00,64.29,63.8,65.1,59,0.983
2025-03-06 10:00,64.32,63.9,65.0,59,0.983
2025-03-06 11:00,64.45,63.9,65.0,60,1.0
2025-03-06 12:00,64.34,63.9,64.8,59,0.983
2025-03-06 13:00,64.23,63.8,64.9,60,1.0
2025-03-06 14:00,64.28,63.8,65.0,60,1.0
2025-03-06 15:00,64.26,63.8,64.8,60,1.0
2025-03-06 16:00,64.32,63.8,65.0,60,1.0
2025-03-06 17:00,64.29,63.8,64.9,60,1.0
2025-03-06 18:00,64.39,63.8,65.1,60,1.0
2025-03-06 19:00,64.27,63.8,65.1,60,1.0
2025-03-06 20:00,64.27,63.8,64.9,59,0.983
2025-03-06 21:00,64.26,63.8,64.9,60,1.0
2025-03-06 22:00,64.26,63.8,64.9,60,1.0
2025-03-06 23:00,64.36,63.8,65.1,60,1.0
2025-03-07 00:00,64.29,63.7,65.0,60,1.0
2025-03-07 01:00,64.36,63.7,65.2,60,1.0
2025-03-07 02:00,64.27,63.7,64.9,60,1.0
2025-03-07 03:00,64.23,63.8,64.8,60,1.0
2025-03-07 04:00,64.22,63.7,65.0,60,1.0
2025-03-07 05:00,64.22,63.7,65.0,60,1.0
2025-03-07 06:00,64.13,63.7,64.9,60,1.0
2025-03-07 07:00,64.17,63.7,64.8,60,1.0
2025-03-07 08:00,64.04,63.5,64.7,60,1.0
2025-03-07 09:00,63.92,63.5,64.5,60,1.0
2025-03-07 10:00,63.86,63.4,64.6,60,1.0
2025-03-07 11:00,63.91,63.5,64.5,60,1.0
2025-03-07 12:00,63.96,63.4,64.6,59,0.983
2025-03-07 13:00,63.86,63.3,64.5,60,1.0
2025-03-07 14:00,63.77,63.3,64.4,60,1.0
2025-03-07 15:00,63.86,63.3,64.4,59,0.983
2025-03-07 16:00,63.75,63.3,64.3,60,1.0
2025-03-07 17:00,63.71,63.3,64.4,60,1.0
2025-03-07 18:00,63.82,63.3,64.4,60,1.0
2025-03-07 19:00,63.65,63.2,64.3,60,1.0
2025-03-07 20:00,63.72,63.2,64.3,60,1.0
2025-03-07 21:00,63.72,63.2,64.4,60,1.0
2025-03-07 22:00,63.67,63.1,64.3,60,1.0
2025-03-07 23:00,63.61,63.1,64.4,60,1.0
2025-03-08 00:00,63.64,63.1,64.2,60,1.0
2025-03-08 01:00,63.72,63.1,64.4,60,1.0
2025-03-08 02:00,63.62,63.1,64.3,60,1.0
2025-03-08 03:00,63.54,63.0,64.2,59,0.983
2025-03-08 04:00,63.59,63.0,64.3,60,1.0
2025-03-08 05:00,63.59,63.0,64.4,60,1.0
2025-03-08 06:00,63.57,63.0,64.3,60,1.0
2025-03-08 07:00,63.54,63.0,64.2,60,1.0
2025-03-08 08:00,63.34,62.9,63.9,60,1.0
2025-03-08 09:00,63.25,62.8,63.9,60,1.0
2025-03-08 10:00,63.26,62.8,63.9,60,1.0
2025-03-08 11:00,63.33,62.8,64.0,59,0.983
2025-03-08 12:00,63.27,62.8,63.8,60,1.0
2025-03-08 13:00,63.15,62.8,63.7,60,1.0
2025-03-08 14:00,63.18,62.7,63.8,60,1.0
2025-03-08 15:00,63.2,62.7,63.9,59,0.983
2025-03-08 16:00,63.11,62.6,63.7,60,1.0
2025-03-08 17:00,63.12,62.6,63.7,59,0.983
2025-03-08 18:00,63.03,62.6,63.5,60,1.0
2025-03-08 19:00,63.01,62.6,63.6,59,0.983
2025-03-08 20:00,63.09,62.5,63.7,60,1.0
2025-03-08 21:00,63.07,62.5,63.7,60,1.0
2025-03-08 22:00,63.06,62.5,63.5,58,0.967
2025-03-08 23:00,62.9,62.5,63.7,60,1.0
2025-03-09 00:00,63.0,62.5,63.6,60,1.0
2025-03-09 01:00,62.96,62.5,63.7,60,1.0
2025-03-09 02:00,63.03,62.5,63.6,60,1.0
2025-03-09 03:00,63.02,62.4,63.5,60,1.0
2025-03-09 04:00,63.0,62.5,63.6,60,1.0
2025-03-09 05:00,63.01,62.4,63.6,59,0.983
2025-03-09 06:00,63.11,62.6,63.7,60,1.0
2025-03-09 07:00,62.94,62.4,63.7,60,1.0
2025-03-09 08:00,62.91,62.4,63.7,60,1.0
2025-03-09 09:00,62.77,62.4,63.5,60,1.0
2025-03-09 10:00,62.89,62.4,63.4,58,0.967
2025-03-09 11:00,62.72,62.3,63.3,52,0.867
2025-03-09 12:00,62.78,62.3,63.3,53,0.883
2025-03-09 13:00,62.62,62.2,63.2,50,0.833
2025-03-09 14:00,62.64,62.1,63.4,60,1.0
2025-03-09 15:00,62.51,62.1,63.4,59,0.983
2025-03-09 16:00,62.6,62.1,63.1,60,1.0
2025-03-09 17:00,62.49,62.1,63.3,60,1.0
2025-03-09 18:00,62.51,62.0,63.1,60,1.0
2025-03-09 19:00,62.5,62.0,63.2,60,1.0
2025-03-09 20:00,62.45,62.0,63.1,60,1.0
2025-03-09 21:00,62.49,62.0,63.1,60,1.0
2025-03-09 22:00,62.51,62.0,63.1,60,1.0
2025-03-09 23:00,62.46,62.0,63.2,60,1.0
2025-03-10 00:00,62.48,61.9,63.1,60,1.0
2025-03-10 01:00,62.47,62.0,63.1,60,1.0
2025-03-10 02:00,62.49,61.9,63.1,60,1.0
2025-03-10 03:00,62.51,62.0,62.9,60,1.0
2025-03-10 04:00,62.4,62.0,63.0,60,1.0
2025-03-10 05:00,62.41,61.9,63.0,60,1.0
2025-03-10 06:00,62.51,61.8,63.2,60,1.0
2025-03-10 07:00,62.45,61.9,62.9,60,1.0
2025-03-10 08:00,62.33,61.9,63.0,60,1.0
2025-03-10 09:00,62.32,61.9,62.9,60,1.0
2025-03-10 10:00,62.27,61.8,62.8,60,1.0
2025-03-10 11:00,62.21,61.8,62.8,60,1.0
2025-03-10 12:00,62.15,61.8,62.7,60,1.0
2025-03-10 13:00,62.19,61.8,62.8,59,0.983
2025-03-10 14:00,62.15,61.7,62.8,60,1.0
2025-03-10 15:00,62.13,61.6,62.6,60,1.0
2025-03-10 16:00,62.11,61.7,62.7,59,0.983
2025-03-10 17:00,62.06,61.5,62.7,60,1.0
2025-03-10 18:00,61.94,61.5,62.7,60,1.0
2025-03-10 19:00,62.1,61.5,62.6,60,1.0
2025-03-10 20:00,61.94,61.4,62.5,60,1.0
2025-03-10 21:00,61.81,61.3,62.4,60,1.0
2025-03-10 22:00,61.8,61.2,62.5,60,1.0
2025-03-10 23:00,61.51,61.0,62.3,60,1.0
2025-03-11 00:00,61.34,60.9,62.2,58,0.967
2025-03-11 01:00,61.54,61.0,62.2,60,1.0
2025-03-11 02:00,61.75,61.2,62.4,59,0.983
2025-03-11 03:00,60.99,60.1,61.9,60,1.0
2025-03-11 04:00,59.68,58.3,61.1,60,1.0
2025-03-11 05:00,61.01,60.3,61.8,60,1.0
2025-03-11 06:00,61.1,60.1,62.2,60,1.0
2025-03-11 07:00,62.25,61.5,63.1,60,1.0
2025-03-11 08:00,62.62,62.0,63.4,60,1.0
2025-03-11 09:00,62.79,62.3,63.5,58,0.967
2025-03-11 10:00,63.12,62.7,63.8,60,1.0
2025-03-11 11:00,63.45,62.9,64.1,60,1.0
2025-03-11 12:00,63.54,62.9,64.2,60,1.0
2025-03-11 13:00,63.6,63.0,64.4,60,1.0
2025-03-11 14:00,63.57,63.0,64.3,60,1.0
2025-03-11 15:00,63.46,62.9,64.2,60,1.0
2025-03-11 16:00,63.57,63.0,64.3,60,1.0
2025-03-11 17:00,63.58,63.1,64.2,60,1.0
2025-03-11 18:00,63.66,63.1,64.3,60,1.0
2025-03-11 19:00,63.73,63.1,64.4,60,1.0
2025-03-11 20:00,63.65,63.2,64.2,60,1.0
2025-03-11 21:00,63.67,63.1,64.3,60,1.0
2025-03-11 22:00,63.72,63.2,64.3,60,1.0
2025-03-11 23:00,63.59,63.1,64.3,60,1.0
2025-03-12 00:00,63.62,63.1,64.3,60,1.0
2025-03-12 01:00,63.49,63.0,64.3,60,1.0
2025-03-12 02:00,63.61,63.1,64.3,59,0.983
2025-03-12 03:00,63.46,63.0,64.1,60,1.0
2025-03-12 04:00,63.54,63.0,64.4,60,1.0
2025-03-12 05:00,63.54,63.0,64.4,60,1.0
2025-03-12 06:00,63.44,62.2,64.1,60,1.0
2025-03-12 07:00,63.3,62.7,64.1,60,1.0
2025-03-12 08:00,63.2,62.7,64.0,60,1.0
2025-03-12 09:00,63.07,62.4,63.8,60,1.0
2025-03-12 10:00,63.08,62.5,63.7,59,0.983
2025-03-12 11:00,63.04,62.5,63.8,60,1.0
2025-03-12 12:00,63.11,62.6,63.7,60,1.0
2025-03-12 13:00,63.09,62.6,63.8,60,1.0
2025-03-12 14:00,63.28,62.6,63.9,60,1.0
2025-03-12 15:00,63.14,62.7,63.8,60,1.0
2025-03-12 16:00,63.21,62.7,63.9,60,1.0
2025-03-12 17:00,63.17,62.6,63.9,60,1.0
2025-03-12 18:00,63.14,62.5,63.8,60,1.0
2025-03-12 19:00,61.27,60.1,62.7,60,1.0
2025-03-12 20:00,61.13,60.3,62.0,60,1.0
2025-03-12 21:00,61.81,61.1,62.5,60,1.0
2025-03-12 22:00,61.96,61.5,62.5,59,0.983
2025-03-12 23:00,62.07,61.5,62.7,60,1.0
2025-03-13 00:00,62.19,61.8,62.6,60,1.0
2025-03-13 01:00,61.79,60.8,62.7,60,1.0
2025-03-13 02:00,61.28,60.7,62.1,60,1.0
2025-03-13 03:00,61.37,60.8,62.0,60,1.0
2025-03-13 04:00,61.8,61.2,62.4,59,0.983
2025-03-13 05:00,61.92,61.4,62.5,59,0.983
2025-03-13 06:00,62.05,60.9,62.7,59,0.983
2025-03-13 07:00,62.05,61.3,62.6,59,0.983
2025-03-13 08:00,62.06,61.6,62.8,60,1.0
2025-03-13 09:00,62.35,61.8,63.0,60,1.0
2025-03-13 10:00,62.22,61.6,63.2,60,1.0
2025-03-13 11:00,62.29,61.7,62.8,59,0.983
2025-03-13 12:00,62.34,61.8,62.9,60,1.0
2025-03-13 13:00,62.49,62.0,63.1,59,0.983
2025-03-13 14:00,62.33,61.7,63.0,60,1.0
2025-03-13 15:00,62.33,61.7,63.0,60,1.0
2025-03-13 16:00,62.34,61.8,62.9,60,1.0
2025-03-13 17:00,61.87,59.5,62.8,60,1.0
2025-03-13 18:00,60.47,59.7,61.3,60,1.0
2025-03-13 19:00,61.02,60.5,61.6,60,1.0
2025-03-13 20:00,61.14,60.7,61.9,60,1.0
2025-03-13 21:00,61.25,60.8,61.9,60,1.0
2025-03-13 22:00,61.5,61.0,62.1,60,1.0
2025-03-13 23:00,61.53,60.9,62.2,60,1.0
2025-03-14 00:00,61.52,61.1,62.3,60,1.0
2025-03-14 01:00,60.64,59.7,61.9,60,1.0
2025-03-14 02:00,59.63,59.2,60.1,60,1.0
2025-03-14 03:00,60.6,59.8,61.1,60,1.0
2025-03-14 04:00,61.05,60.2,61.9,60,1.0
2025-03-14 05:00,61.61,61.1,62.1,60,1.0
2025-03-14 06:00,61.18,60.6,61.9,60,1.0
2025-03-14 07:00,61.54,60.8,62.3,60,1.0
2025-03-14 08:00,61.98,61.4,62.7,60,1.0
2025-03-14 09:00,62.26,61.7,63.0,60,1.0
2025-03-14 10:00,62.38,61.8,63.0,60,1.0
2025-03-14 11:00,62.45,61.9,63.0,60,1.0
2025-03-14 12:00,62.49,61.9,63.3,60,1.0
2025-03-14 13:00,62.49,62.0,63.3,58,0.967
2025-03-14 14:00,62.61,62.2,63.4,51,0.85
2025-03-14 15:00,62.68,62.1,63.2,53,0.883
2025-03-14 16:00,62.67,62.1,63.3,60,1.0
2025-03-14 17:00,62.68,62.1,63.3,60,1.0
2025-03-14 18:00,62.65,62.0,63.4,60,1.0
2025-03-14 19:00,62.46,62.0,63.2,60,1.0
2025-03-14 20:00,62.58,62.0,63.4,60,1.0
2025-03-14 21:00,62.54,62.1,63.4,60,1.0
2025-03-14 22:00,62.63,62.1,63.2,60,1.0
2025-03-14 23:00,62.58,62.0,63.2,60,1.0
2025-03-15 00:00,62.69,62.1,63.6,59,0.983
2025-03-15 01:00,62.67,62.0,63.3,60,1.0
2025-03-15 02:00,62.52,62.0,63.1,60,1.0
2025-03-15 03:00,62.33,61.8,62.8,60,1.0
2025-03-15 04:00,62.44,61.9,63.2,59,0.983
2025-03-15 05:00,62.4,62.0,63.2,60,1.0
2025-03-15 06:00,62.36,61.6,63.2,60,1.0
2025-03-15 07:00,62.34,61.8,63.0,60,1.0
2025-03-15 08:00,62.52,61.9,63.2,60,1.0
2025-03-15 09:00,62.35,61.8,63.1,60,1.0
2025-03-15 10:00,62.25,61.7,62.8,60,1.0
2025-03-15 11:00,62.25,61.7,63.0,60,1.0
2025-03-15 12:00,62.26,61.7,63.0,60,1.0
2025-03-15 13:00,62.25,61.8,63.1,60,1.0
2025-03-15 14:00,62.44,61.8,63.1,60,1.0
2025-03-15 15:00,62.68,62.0,63.3,60,1.0
2025-03-15 16:00,62.61,62.1,63.3,60,1.0
2025-03-15 17:00,62.69,62.2,63.3,60,1.0
2025-03-15 18:00,62.64,62.2,63.5,60,1.0
2025-03-15 19:00,63.01,62.5,63.7,60,1.0
2025-03-15 20:00,63.04,62.5,63.6,60,1.0
2025-03-15 21:00,63.34,62.8,64.0,60,1.0
2025-03-15 22:00,63.39,62.9,64.1,60,1.0
2025-03-15 23:00,63.29,62.7,63.9,59,0.983
2025-03-16 00:00,63.35,62.8,64.2,45,0.75
2025-03-16 10:00,62.95,62.4,63.7,43,0.717
2025-03-16 11:00,63.06,62.6,63.7,60,1.0
2025-03-16 12:00,63.12,62.4,63.8,60,1.0
2025-03-16 13:00,63.14,62.4,63.8,60,1.0
2025-03-16 14:00,63.22,62.5,63.8,60,1.0
2025-03-16 15:00,63.24,62.4,63.8,60,1.0
2025-03-16 16:00,63.1,62.5,63.8,60,1.0
2025-03-16 17:00,63.15,62.5,63.8,59,0.983
2025-03-16 18:00,63.07,62.4,63.8,60,1.0
2025-03-16 19:00,63.01,62.4,63.6,60,1.0
2025-03-16 20:00,62.87,62.2,63.6,60,1.0
2025-03-16 21:00,62.96,62.2,63.6,59,0.983
2025-03-16 22:00,63.08,62.5,63.7,60,1.0
2025-03-16 23:00,63.09,62.5,63.8,60,1.0
2025-03-17 00:00,62.91,62.2,63.7,60,1.0
2025-03-17 01:00,63.06,62.5,63.8,60,1.0
2025-03-17 02:00,62.99,62.5,63.7,60,1.0
2025-03-17 03:00,62.77,61.9,63.6,60,1.0
2025-03-17 04:00,61.9,61.3,62.8,59,0.983
2025-03-17 05:00,62.12,61.5,62.9,53,0.883
2025-03-17 06:00,62.46,61.8,63.4,51,0.85
2025-03-17 07:00,62.5,61.8,63.2,58,0.967
2025-03-17 08:00,62.54,61.8,63.3,60,1.0
2025-03-17 09:00,62.73,62.1,63.3,59,0.983
2025-03-17 10:00,62.98,62.2,63.8,58,0.967
2025-03-17 11:00,63.03,62.4,63.8,57,0.95
2025-03-17 12:00,62.84,62.3,63.4,52,0.867
2025-03-17 13:00,62.85,62.4,63.6,51,0.85
2025-03-17 14:00,62.92,62.2,63.6,56,0.933
2025-03-17 15:00,63.25,62.5,63.8,44,0.733
2025-03-17 16:00,63.02,62.4,63.9,60,1.0
2025-03-17 17:00,63.19,62.7,63.7,54,0.9
2025-03-17 18:00,63.27,62.7,63.8,60,1.0
2025-03-17 19:00,63.24,62.7,63.8,47,0.783
2025-03-17 20:00,63.07,62.5,63.8,56,0.933
2025-03-17 21:00,63.12,62.5,63.8,60,1.0
2025-03-17 22:00,63.04,62.5,63.8,60,1.0
2025-03-17 23:00,63.18,62.7,63.9,60,1.0
2025-03-18 00:00,63.21,62.6,63.9,60,1.0
2025-03-18 01:00,63.27,62.7,63.9,60,1.0
2025-03-18 02:00,63.23,62.4,63.8,59,0.983
2025-03-18 03:00,63.11,62.3,63.8,60,1.0
2025-03-18 04:00,63.36,62.8,63.8,60,1.0
2025-03-18 05:00,63.38,62.6,64.0,60,1.0
2025-03-18 06:00,63.48,62.8,64.0,60,1.0
2025-03-18 07:00,63.33,62.6,64.0,60,1.0
2025-03-18 08:00,62.98,62.3,63.7,60,1.0
2025-03-18 09:00,63.05,62.4,63.8,60,1.0
2025-03-18 10:00,63.25,62.7,63.8,60,1.0
2025-03-18 11:00,63.14,62.6,63.8,60,1.0
2025-03-18 12:00,63.02,62.5,63.7,60,1.0
2025-03-18 13:00,63.14,62.5,63.7,60,1.0
2025-03-18 14:00,62.9,62.4,63.6,60,1.0
2025-03-18 15:00,63.07,62.4,63.7,60,1.0
2025-03-18 16:00,62.98,62.3,63.7,60,1.0
2025-03-18 17:00,62.76,62.3,63.4,60,1.0
2025-03-18 18:00,62.79,62.3,63.3,58,0.967
2025-03-18 19:00,62.69,62.2,63.2,59,0.983
2025-03-18 20:00,62.78,62.2,63.4,60,1.0
2025-03-18 21:00,62.78,62.3,63.4,60,1.0
2025-03-18 22:00,62.7,62.2,63.1,60,1.0
2025-03-18 23:00,62.93,62.2,63.5,60,1.0
2025-03-19 00:00,62.96,62.2,63.5,59,0.983
2025-03-19 01:00,63.03,62.6,63.6,60,1.0
2025-03-19 02:00,62.93,62.2,63.5,60,1.0
2025-03-19 03:00,62.85,62.1,63.8,60,1.0
2025-03-19 04:00,62.85,62.2,63.7,60,1.0
2025-03-19 05:00,62.63,62.1,63.4,60,1.0
2025-03-19 06:00,62.88,62.2,63.5,60,1.0
2025-03-19 07:00,62.74,62.2,63.5,60,1.0
2025-03-19 08:00,62.68,62.0,63.3,60,1.0
2025-03-19 09:00,62.81,62.2,63.3,60,1.0
2025-03-19 10:00,62.62,62.0,63.2,60,1.0
2025-03-19 11:00,62.49,61.9,63.0,60,1.0
2025-03-19 12:00,62.7,62.1,63.3,60,1.0
2025-03-19 13:00,62.37,61.9,63.0,60,1.0
2025-03-19 14:00,62.19,61.7,62.6,60,1.0
2025-03-19 15:00,62.21,61.8,62.7,60,1.0
2025-03-19 16:00,62.42,61.8,63.1,60,1.0
2025-03-19 17:00,62.41,61.9,62.8,60,1.0
2025-03-19 18:00,62.5,61.9,62.9,60,1.0
2025-03-19 19:00,62.26,61.6,62.9,60,1.0
2025-03-19 20:00,62.11,61.8,62.6,60,1.0
2025-03-19 21:00,62.0,61.5,62.6,60,1.0
2025-03-19 22:00,62.07,61.5,62.5,58,0.967
2025-03-19 23:00,62.04,61.6,62.5,54,0.9
2025-03-20 00:00,62.03,61.6,62.7,57,0.95
2025-03-20 01:00,61.99,61.5,62.5,59,0.983
2025-03-20 02:00,62.05,61.7,62.5,58,0.967
2025-03-20 03:00,62.07,61.5,62.7,59,0.983
2025-03-20 04:00,62.43,61.8,62.9,50,0.833
2025-03-20 05:00,62.56,61.9,63.0,59,0.983
2025-03-20 06:00,62.5,62.0,62.9,52,0.867
2025-03-20 07:00,62.45,61.9,63.0,56,0.933
2025-03-20 08:00,62.13,61.6,62.9,60,1.0
2025-03-20 09:00,62.2,61.7,62.8,60,1.0
2025-03-20 10:00,61.94,61.4,62.6,60,1.0
2025-03-20 11:00,62.21,61.6,62.9,60,1.0
2025-03-20 12:00,62.13,61.6,62.7,60,1.0
2025-03-20 13:00,62.01,61.2,62.7,60,1.0
2025-03-20 14:00,61.93,61.4,62.6,60,1.0
2025-03-20 15:00,61.79,61.2,62.2,60,1.0
2025-03-20 16:00,61.94,61.4,62.6,60,1.0
2025-03-20 17:00,61.86,61.3,62.4,60,1.0
2025-03-20 18:00,61.68,61.2,62.2,60,1.0
2025-03-20 19:00,61.66,61.1,62.1,60,1.0
2025-03-20 20:00,61.8,61.1,62.5,60,1.0
2025-03-20 21:00,62.08,61.6,62.6,60,1.0
2025-03-20 22:00,62.07,61.5,62.6,60,1.0
2025-03-20 23:00,62.08,61.6,62.5,60,1.0
2025-03-21 00:00,61.89,61.3,62.5,60,1.0
2025-03-21 01:00,61.84,61.2,62.4,60,1.0
2025-03-21 02:00,62.0,61.3,62.5,60,1.0
2025-03-21 03:00,62.02,61.5,62.5,60,1.0
2025-03-21 04:00,61.97,61.4,62.4,60,1.0
2025-03-21 05:00,61.96,61.4,62.5,60,1.0
2025-03-21 06:00,61.81,61.2,62.7,60,1.0
2025-03-21 07:00,61.83,61.2,62.5,60,1.0
2025-03-21 08:00,61.87,61.2,62.5,53,0.883
2025-03-21 09:00,61.78,61.1,62.3,57,0.95
2025-03-21 10:00,61.76,61.2,62.2,60,1.0
2025-03-21 11:00,61.65,61.0,62.3,60,1.0
2025-03-21 12:00,61.37,60.9,61.8,60,1.0
2025-03-21 13:00,61.52,61.1,62.2,60,1.0
2025-03-21 14:00,61.67,60.9,62.2,60,1.0
2025-03-21 15:00,61.31,60.8,61.7,60,1.0
2025-03-21 16:00,61.62,60.9,62.2,60,1.0
2025-03-21 17:00,61.69,61.2,62.2,60,1.0
2025-03-21 18:00,61.54,60.8,62.1,60,1.0
2025-03-21 19:00,61.24,60.7,61.7,60,1.0
2025-03-21 20:00,61.28,60.7,61.7,60,1.0
2025-03-21 21:00,61.21,60.7,61.7,59,0.983
2025-03-21 22:00,61.28,60.6,61.8,59,0.983
2025-03-21 23:00,61.14,60.7,61.5,60,1.0
2025-03-22 00:00,61.23,60.8,61.8,59,0.983
2025-03-22 01:00,61.19,60.7,61.5,60,1.0
2025-03-22 02:00,61.26,60.8,62.0,60,1.0
2025-03-22 03:00,61.43,60.8,62.0,60,1.0
2025-03-22 04:00,61.31,60.8,61.9,59,0.983
2025-03-22 05:00,61.32,60.7,62.0,59,0.983
2025-03-22 06:00,61.24,60.7,61.9,60,1.0
2025-03-22 07:00,61.38,60.7,62.0,55,0.917
2025-03-22 08:00,61.3,60.8,62.0,49,0.817
2025-03-22 09:00,61.29,60.6,61.9,55,0.917
2025-03-22 10:00,61.18,60.5,61.9,60,1.0
2025-03-22 11:00,61.2,60.6,61.8,60,1.0
2025-03-22 12:00,61.12,60.6,61.6,60,1.0
2025-03-22 13:00,61.12,60.5,61.7,60,1.0
2025-03-22 14:00,61.23,60.5,61.7,60,1.0
2025-03-22 15:00,60.82,60.3,61.2,60,1.0
2025-03-22 16:00,60.9,60.4,61.5,60,1.0
2025-03-22 17:00,61.15,60.5,61.5,60,1.0
2025-03-22 18:00,60.82,60.4,61.3,60,1.0
2025-03-22 19:00,60.68,60.2,61.1,60,1.0
2025-03-22 20:00,60.84,60.2,61.4,59,0.983
2025-03-22 21:00,60.93,60.4,61.5,60,1.0
2025-03-22 22:00,60.7,60.1,61.4,60,1.0
2025-03-22 23:00,60.77,60.1,61.3,60,1.0
2025-03-23 00:00,60.61,60.0,61.1,60,1.0
2025-03-23 01:00,60.84,60.4,61.4,60,1.0
2025-03-23 02:00,60.89,60.4,61.3,55,0.917
2025-03-23 03:00,60.89,60.4,61.6,42,0.7
2025-03-23 04:00,61.11,60.5,61.8,54,0.9
2025-03-23 05:00,61.07,60.5,61.6,52,0.867
2025-03-23 06:00,61.31,60.7,61.8,51,0.85
2025-03-23 07:00,61.56,61.0,62.2,60,1.0
2025-03-23 08:00,61.56,61.0,62.2,60,1.0
2025-03-23 09:00,61.56,60.9,62.2,60,1.0
2025-03-23 10:00,61.56,60.8,62.0,59,0.983
2025-03-23 11:00,61.88,61.1,62.3,60,1.0
2025-03-23 12:00,61.75,61.1,62.2,60,1.0
2025-03-23 13:00,61.53,61.0,62.1,60,1.0
2025-03-23 14:00,61.42,60.9,62.1,60,1.0
2025-03-23 15:00,61.44,60.8,62.1,60,1.0
2025-03-23 16:00,61.33,60.8,61.8,57,0.95
2025-03-23 17:00,61.38,60.8,62.0,60,1.0
2025-03-23 18:00,61.56,61.0,62.2,60,1.0
2025-03-23 19:00,61.46,60.7,62.0,60,1.0
2025-03-23 20:00,61.55,60.8,62.1,60,1.0
2025-03-23 21:00,61.54,61.0,62.0,60,1.0
2025-03-23 22:00,61.49,60.7,62.1,60,1.0
2025-03-23 23:00,61.48,60.8,62.0,60,1.0
2025-03-24 00:00,61.54,61.0,62.0,60,1.0
2025-03-24 01:00,61.19,60.6,61.9,59,0.983
2025-03-24 02:00,61.44,60.7,62.0,60,1.0
2025-03-24 03:00,61.22,60.5,62.3,60,1.0
2025-03-24 04:00,61.3,60.6,62.0,60,1.0
2025-03-24 05:00,61.21,60.5,61.9,60,1.0
2025-03-24 06:00,61.22,60.7,61.7,60,1.0
2025-03-24 07:00,61.25,60.6,61.8,60,1.0
2025-03-24 08:00,61.19,60.5,61.8,60,1.0
2025-03-24 09:00,61.16,60.5,61.7,60,1.0
2025-03-24 10:00,61.13,60.6,61.8,60,1.0
2025-03-24 11:00,61.23,60.7,61.7,60,1.0
2025-03-24 12:00,61.09,60.3,61.6,60,1.0
2025-03-24 13:00,61.08,60.5,61.6,59,0.983
2025-03-24 14:00,60.86,60.2,61.5,60,1.0
2025-03-24 15:00,60.86,60.2,61.7,60,1.0
2025-03-24 16:00,60.78,60.2,61.3,60,1.0
2025-03-24 17:00,60.82,60.1,61.4,60,1.0
2025-03-24 18:00,60.9,60.3,61.4,60,1.0
2025-03-24 19:00,60.92,60.4,61.5,60,1.0
2025-03-24 20:00,60.88,60.1,61.5,60,1.0
2025-03-24 21:00,60.87,60.4,61.4,60,1.0
2025-03-24 22:00,60.67,60.2,61.3,59,0.983
2025-03-24 23:00,60.68,60.0,61.4,60,1.0
2025-03-25 00:00,60.57,59.9,61.2,60,1.0
2025-03-25 01:00,60.52,60.0,61.3,60,1.0
2025-03-25 02:00,60.57,60.0,61.1,60,1.0
2025-03-25 03:00,60.6,60.1,61.0,60,1.0
2025-03-25 04:00,60.76,60.2,61.3,60,1.0
2025-03-25 05:00,60.76,60.0,61.3,60,1.0
2025-03-25 06:00,60.51,59.8,61.3,60,1.0
2025-03-25 07:00,60.51,59.9,61.1,60,1.0
2025-03-25 08:00,60.57,59.9,61.2,60,1.0
2025-03-25 09:00,60.58,60.0,61.2,60,1.0
2025-03-25 10:00,60.61,60.0,61.2,60,1.0
2025-03-25 11:00,60.63,60.2,61.2,59,0.983
2025-03-25 12:00,60.36,59.7,61.1,60,1.0
2025-03-25 13:00,60.52,59.8,61.1,60,1.0
2025-03-25 14:00,60.28,59.7,60.8,60,1.0
2025-03-25 15:00,60.35,59.6,60.9,60,1.0
2025-03-25 16:00,60.21,59.7,60.8,60,1.0
2025-03-25 17:00,60.17,59.6,60.9,60,1.0
2025-03-25 18:00,60.2,59.7,60.8,60,1.0
2025-03-25 19:00,60.09,59.5,60.6,58,0.967
2025-03-25 20:00,60.26,59.6,60.8,58,0.967
2025-03-25 21:00,60.39,60.0,60.9,51,0.85
2025-03-25 22:00,60.09,59.5,60.6,54,0.9
2025-03-25 23:00,60.08,59.7,60.6,60,1.0
2025-03-26 00:00,60.18,59.5,60.8,60,1.0
2025-03-26 01:00,60.12,59.5,60.6,60,1.0
2025-03-26 02:00,60.03,59.4,60.6,60,1.0
2025-03-26 03:00,60.19,59.5,60.7,60,1.0
2025-03-26 04:00,59.96,59.6,60.5,59,0.983
2025-03-26 05:00,60.11,59.7,60.6,51,0.85
2025-03-26 06:00,60.14,59.6,60.6,48,0.8
2025-03-26 07:00,60.11,59.5,60.7,59,0.983
2025-03-26 08:00,60.1,59.5,60.7,56,0.933
2025-03-26 09:00,59.93,59.4,60.4,48,0.8
2025-03-26 10:00,60.03,59.4,60.5,45,0.75
2025-03-26 11:00,59.89,59.4,60.4,47,0.783
2025-03-26 12:00,59.79,59.3,60.4,54,0.9
2025-03-26 13:00,59.76,59.1,60.2,56,0.933
2025-03-26 14:00,59.76,59.1,60.4,56,0.933
2025-03-26 15:00,59.84,59.1,60.4,54,0.9
2025-03-26 16:00,59.87,59.3,60.4,53,0.883
2025-03-26 17:00,59.89,59.3,60.4,56,0.933
2025-03-26 18:00,59.88,59.3,60.4,60,1.0
2025-03-26 19:00,59.92,59.3,60.4,60,1.0
2025-03-26 20:00,59.9,59.2,60.4,60,1.0
2025-03-26 21:00,59.92,59.4,60.4,60,1.0
2025-03-26 22:00,59.92,59.2,60.4,60,1.0
2025-03-26 23:00,59.9,59.2,60.5,60,1.0
2025-03-27 00:00,59.88,59.3,60.4,60,1.0
2025-03-27 01:00,59.96,59.2,60.5,60,1.0
2025-03-27 02:00,59.92,59.4,60.4,60,1.0
2025-03-27 03:00,59.98,59.5,60.4,60,1.0
2025-03-27 04:00,59.95,59.3,60.5,60,1.0
2025-03-27 05:00,59.97,59.4,60.5,59,0.983
2025-03-27 06:00,60.04,59.6,60.5,60,1.0
2025-03-27 07:00,60.03,59.4,60.5,60,1.0
2025-03-27 08:00,59.98,59.4,60.5,60,1.0
2025-03-27 09:00,60.04,59.5,60.6,60,1.0
2025-03-27 10:00,60.06,59.4,60.5,60,1.0
2025-03-27 11:00,59.93,58.8,60.5,60,1.0
2025-03-27 12:00,59.44,58.4,60.2,60,1.0
2025-03-27 13:00,60.5,59.7,61.2,60,1.0
2025-03-27 14:00,60.74,58.9,61.9,60,1.0
2025-03-27 15:00,59.66,57.7,61.1,60,1.0
2025-03-27 16:00,62.27,58.5,64.4,60,1.0
2025-03-27 17:00,64.3,63.5,65.0,60,1.0
2025-03-27 18:00,64.5,63.4,65.1,60,1.0
2025-03-27 19:00,64.58,61.8,67.1,60,1.0
2025-03-27 20:00,68.6,66.4,69.9,60,1.0
2025-03-27 21:00,71.94,69.0,73.3,60,1.0
2025-03-27 22:00,72.11,71.0,73.2,60,1.0
2025-03-27 23:00,71.18,70.7,72.0,60,1.0
2025-03-28 00:00,70.38,69.8,71.4,60,1.0
2025-03-28 01:00,69.89,69.4,70.4,60,1.0
2025-03-28 02:00,69.56,69.0,70.3,60,1.0
2025-03-28 03:00,69.31,68.8,70.0,60,1.0
2025-03-28 04:00,69.0,68.3,69.7,60,1.0
2025-03-28 05:00,68.79,68.0,69.3,58,0.967
2025-03-28 06:00,68.38,67.7,69.1,60,1.0
2025-03-28 07:00,68.29,67.6,68.9,60,1.0
2025-03-28 08:00,68.28,67.6,68.8,60,1.0
2025-03-28 09:00,68.09,67.4,68.8,60,1.0
2025-03-28 10:00,68.04,67.2,68.7,60,1.0
2025-03-28 11:00,67.78,67.1,68.4,60,1.0
2025-03-28 12:00,67.79,67.3,68.4,60,1.0
2025-03-28 13:00,67.68,66.9,68.2,60,1.0
2025-03-28 14:00,67.32,66.5,68.0,60,1.0
2025-03-28 15:00,67.41,66.7,68.0,60,1.0
2025-03-28 16:00,66.0,65.1,67.4,60,1.0
2025-03-28 17:00,65.72,65.0,66.4,60,1.0
2025-03-28 18:00,65.93,65.3,66.5,60,1.0
2025-03-28 19:00,66.1,65.3,66.6,60,1.0
2025-03-28 20:00,66.14,65.6,66.7,38,0.633
