time,value,min,max,n,coverage
2023-10-12 11:00,31.1,30.8,31.7,22,0.367
2023-10-12 12:00,31.17,31.0,31.4,60,1.0
2023-10-12 13:00,31.27,31.1,31.5,50,0.833
2023-10-12 14:00,31.29,31.2,31.4,57,0.95
2023-10-12 15:00,31.35,31.2,31.6,60,1.0
2023-10-12 16:00,31.35,31.2,31.7,52,0.867
2023-10-12 17:00,31.39,31.3,31.6,50,0.833
2023-10-12 18:00,31.39,31.3,31.7,57,0.95
2023-10-12 19:00,31.46,31.3,31.7,60,1.0
2023-10-12 20:00,31.44,31.3,31.7,60,1.0
2023-10-12 21:00,31.44,31.3,31.7,60,1.0
2023-10-12 22:00,31.46,31.4,31.7,59,0.983
2023-10-12 23:00,31.55,31.4,31.8,60,1.0
2023-10-13 00:00,31.57,31.4,31.8,60,1.0
2023-10-13 01:00,31.6,31.4,31.8,60,1.0
2023-10-13 02:00,31.54,31.4,31.9,59,0.983
2023-10-13 03:00,31.52,31.4,31.7,60,1.0
2023-10-13 04:00,31.61,31.4,31.9,60,1.0
2023-10-13 05:00,31.58,31.4,31.8,60,1.0
2023-10-13 06:00,31.62,31.4,31.8,60,1.0
2023-10-13 07:00,31.64,31.5,31.8,60,1.0
2023-10-13 08:00,31.58,31.5,31.9,60,1.0
2023-10-13 09:00,31.59,31.5,31.8,60,1.0
2023-10-13 10:00,31.6,31.5,31.8,60,1.0
2023-10-13 11:00,31.67,31.5,31.9,60,1.0
2023-10-13 12:00,31.62,31.5,31.9,60,1.0
2023-10-13 13:00,31.58,31.5,31.8,60,1.0
2023-10-13 14:00,31.62,31.5,31.8,60,1.0
2023-10-13 15:00,31.62,31.5,31.9,60,1.0
2023-10-13 16:00,31.74,31.5,32.1,60,1.0
2023-10-13 17:00,31.66,31.6,31.9,60,1.0
2023-10-13 18:00,31.66,31.5,31.9,60,1.0
2023-10-13 19:00,31.77,31.6,31.9,60,1.0
2023-10-13 20:00,31.71,31.6,31.9,60,1.0
2023-10-13 21:00,31.67,31.6,31.9,60,1.0
2023-10-13 22:00,31.77,31.6,32.0,60,1.0
2023-10-13 23:00,31.74,31.6,31.9,60,1.0
2023-10-14 00:00,31.69,31.6,32.0,60,1.0
2023-10-14 01:00,31.7,31.6,31.9,60,1.0
2023-10-14 02:00,31.72,31.6,32.0,60,1.0
2023-10-14 03:00,31.75,31.6,32.0,60,1.0
2023-10-14 04:00,31.8,31.6,32.0,60,1.0
2023-10-14 05:00,31.8,31.6,32.0,60,1.0
2023-10-14 06:00,31.79,31.6,32.0,60,1.0
2023-10-14 07:00,31.84,31.6,32.1,60,1.0
2023-10-14 08:00,31.8,31.7,32.0,60,1.0
2023-10-14 09:00,31.83,31.7,32.0,60,1.0
2023-10-14 10:00,31.88,31.7,32.1,60,1.0
2023-10-14 11:00,31.87,31.7,32.1,60,1.0
2023-10-14 12:00,31.75,31.7,31.9,60,1.0
2023-10-14 13:00,31.76,31.7,32.0,60,1.0
2023-10-14 14:00,31.76,31.7,31.9,60,1.0
2023-10-14 15:00,31.82,31.7,32.1,60,1.0
2023-10-14 16:00,31.83,31.7,32.0,60,1.0
2023-10-14 17:00,31.82,31.7,32.1,60,1.0
2023-10-14 18:00,31.8,31.7,32.1,60,1.0
2023-10-14 19:00,31.84,31.7,32.1,60,1.0
2023-10-14 20:00,31.82,31.7,32.0,47,0.783
2023-10-14 21:00,31.88,31.7,32.1,56,0.933
2023-10-14 22:00,31.87,31.7,32.1,60,1.0
2023-10-14 23:00,31.84,31.7,32.1,60,1.0
2023-10-15 00:00,31.83,31.7,32.0,60,1.0
2023-10-15 01:00,31.8,31.7,32.0,60,1.0
2023-10-15 02:00,31.83,31.7,32.0,60,1.0
2023-10-15 03:00,31.82,31.7,32.0,60,1.0
2023-10-15 04:00,31.81,31.7,32.0,60,1.0
2023-10-15 05:00,31.83,31.7,32.1,60,1.0
2023-10-15 06:00,31.83,31.7,32.0,60,1.0
2023-10-15 07:00,31.91,31.7,32.1,60,1.0
2023-10-15 08:00,31.89,31.8,32.2,60,1.0
2023-10-15 09:00,31.86,31.8,32.1,60,1.0
2023-10-15 10:00,31.92,31.8,32.2,60,1.0
2023-10-15 11:00,31.98,31.8,32.2,60,1.0
2023-10-15 12:00,31.94,31.8,32.2,60,1.0
2023-10-15 13:00,31.84,31.8,32.1,60,1.0
2023-10-15 14:00,31.83,31.7,32.0,60,1.0
2023-10-15 15:00,31.86,31.8,32.1,60,1.0
2023-10-15 16:00,31.89,31.8,32.3,60,1.0
2023-10-15 17:00,31.93,31.8,32.1,60,1.0
2023-10-15 18:00,31.95,31.8,32.2,60,1.0
2023-10-15 19:00,31.86,31.8,32.1,60,1.0
2023-10-15 20:00,31.95,31.8,32.2,60,1.0
2023-10-15 21:00,31.98,31.8,32.2,60,1.0
2023-10-15 22:00,31.95,31.8,32.1,60,1.0
2023-10-15 23:00,31.92,31.8,32.2,60,1.0
2023-10-16 00:00,31.95,31.8,32.3,60,1.0
2023-10-16 01:00,31.92,31.8,32.1,60,1.0
2023-10-16 02:00,31.91,31.8,32.1,60,1.0
2023-10-16 03:00,31.99,31.8,32.2,60,1.0
2023-10-16 04:00,32.01,31.8,32.2,60,1.0
2023-10-16 05:00,31.94,31.8,32.2,60,1.0
2023-10-16 06:00,32.0,31.8,32.2,60,1.0
2023-10-16 07:00,32.06,31.9,32.2,60,1.0
2023-10-16 08:00,32.06,32.0,32.3,54,0.9
2023-10-16 09:00,32.08,32.0,32.3,60,1.0
2023-10-16 10:00,32.15,32.0,32.5,59,0.983
2023-10-16 11:00,32.15,32.0,32.4,58,0.967
2023-10-16 12:00,32.12,32.0,32.3,60,1.0
2023-10-16 13:00,32.12,32.0,32.3,59,0.983
2023-10-16 14:00,32.18,32.0,32.4,60,1.0
2023-10-16 15:00,32.17,32.0,32.4,60,1.0
2023-10-16 16:00,32.12,32.0,32.3,58,0.967
2023-10-16 17:00,32.08,32.0,32.3,56,0.933
2023-10-16 18:00,32.12,32.0,32.3,40,0.667
2023-10-16 19:00,32.2,32.0,32.4,57,0.95
2023-10-16 20:00,32.21,32.0,32.4,60,1.0
2023-10-16 21:00,32.19,32.0,32.4,60,1.0
2023-10-16 22:00,32.23,32.1,32.4,59,0.983
2023-10-16 23:00,32.21,32.0,32.4,59,0.983
2023-10-17 00:00,32.19,32.1,32.4,60,1.0
2023-10-17 01:00,32.23,32.1,32.4,60,1.0
2023-10-17 02:00,32.26,32.1,32.6,60,1.0
2023-10-17 03:00,32.4,32.3,32.8,60,1.0
2023-10-17 04:00,32.54,32.3,32.8,60,1.0
2023-10-17 05:00,32.54,32.3,32.7,60,1.0
2023-10-17 06:00,32.62,32.4,32.9,59,0.983
2023-10-17 07:00,38.05,32.8,42.7,60,1.0
2023-10-17 08:00,45.06,42.9,47.0,60,1.0
2023-10-17 09:00,48.13,47.0,49.2,60,1.0
2023-10-17 10:00,50.24,49.3,51.1,60,1.0
2023-10-17 11:00,51.48,50.9,52.0,60,1.0
2023-10-17 12:00,52.42,51.9,53.0,60,1.0
2023-10-17 13:00,53.2,52.8,53.6,60,1.0
2023-10-17 14:00,53.72,53.2,54.0,58,0.967
2023-10-17 15:00,54.05,53.7,54.4,60,1.0
2023-10-17 16:00,54.17,53.9,54.5,60,1.0
2023-10-17 17:00,54.41,54.2,54.8,60,1.0
2023-10-17 18:00,54.64,54.4,55.0,60,1.0
2023-10-17 19:00,54.86,54.5,55.1,60,1.0
2023-10-17 20:00,54.98,54.7,55.3,60,1.0
2023-10-17 21:00,55.01,54.7,55.4,60,1.0
2023-10-17 22:00,55.03,54.7,55.3,60,1.0
2023-10-17 23:00,54.96,54.7,55.4,60,1.0
2023-10-18 00:00,54.94,54.8,55.3,60,1.0
2023-10-18 01:00,54.96,54.7,55.3,59,0.983
2023-10-18 02:00,54.95,54.7,55.3,60,1.0
2023-10-18 03:00,54.86,54.7,55.2,58,0.967
2023-10-18 04:00,54.79,54.7,55.3,60,1.0
2023-10-18 05:00,54.77,54.6,55.1,60,1.0
2023-10-18 06:00,54.79,54.6,55.2,60,1.0
2023-10-18 07:00,54.81,54.6,55.2,60,1.0
2023-10-18 08:00,54.75,54.6,55.2,60,1.0
2023-10-18 09:00,54.66,54.5,54.9,60,1.0
2023-10-18 10:00,54.62,54.5,55.0,60,1.0
2023-10-18 11:00,54.6,54.4,54.9,60,1.0
2023-10-18 12:00,54.69,54.4,55.1,60,1.0
2023-10-18 13:00,54.58,54.3,55.0,60,1.0
2023-10-18 14:00,54.53,54.2,54.9,60,1.0
2023-10-18 15:00,54.34,54.2,54.7,60,1.0
2023-10-18 16:00,54.29,54.2,54.5,59,0.983
2023-10-18 17:00,54.3,54.2,54.6,46,0.767
2023-10-18 18:00,54.45,54.1,54.8,59,0.983
2023-10-18 19:00,54.35,54.1,54.7,49,0.817
2023-10-18 20:00,54.18,54.1,54.5,51,0.85
2023-10-18 21:00,54.12,54.0,54.4,54,0.9
2023-10-18 22:00,54.05,54.0,54.5,60,1.0
2023-10-18 23:00,54.1,54.0,54.4,60,1.0
2023-10-19 00:00,54.05,53.9,54.4,60,1.0
2023-10-19 01:00,53.99,53.9,54.4,60,1.0
2023-10-19 02:00,53.94,53.8,54.2,60,1.0
2023-10-19 03:00,53.93,53.8,54.2,60,1.0
2023-10-19 04:00,53.86,53.7,54.1,60,1.0
2023-10-19 05:00,53.88,53.7,54.2,60,1.0
2023-10-19 06:00,53.91,53.7,54.2,60,1.0
2023-10-19 07:00,53.81,53.6,54.1,60,1.0
2023-10-19 08:00,53.75,53.6,54.2,60,1.0
2023-10-19 09:00,53.64,53.5,53.9,60,1.0
2023-10-19 10:00,53.6,53.5,53.9,60,1.0
2023-10-19 11:00,53.53,53.4,53.9,60,1.0
2023-10-19 12:00,53.52,53.3,53.9,60,1.0
2023-10-19 13:00,53.54,53.3,53.8,60,1.0
2023-10-19 14:00,53.45,53.2,53.7,60,1.0
2023-10-19 15:00,53.33,53.2,53.8,60,1.0
2023-10-19 16:00,53.39,53.1,53.8,60,1.0
2023-10-19 17:00,53.22,53.0,53.6,59,0.983
2023-10-19 18:00,53.14,53.1,53.3,60,1.0
2023-10-19 19:00,53.18,53.0,53.6,60,1.0
2023-10-19 20:00,53.26,53.0,53.6,59,0.983
2023-10-19 21:00,53.22,53.0,53.5,60,1.0
2023-10-19 22:00,53.24,52.9,53.5,59,0.983
2023-10-19 23:00,53.14,52.9,53.4,60,1.0
2023-10-20 00:00,53.02,52.8,53.4,60,1.0
2023-10-20 01:00,53.05,52.8,53.4,60,1.0
2023-10-20 02:00,52.93,52.8,53.3,60,1.0
2023-10-20 03:00,52.84,52.7,53.2,60,1.0
2023-10-20 04:00,52.85,52.7,53.2,60,1.0
2023-10-20 05:00,52.79,52.6,53.2,60,1.0
2023-10-20 06:00,52.74,52.6,53.1,60,1.0
2023-10-20 07:00,52.9,52.6,53.2,60,1.0
2023-10-20 08:00,52.78,52.6,53.2,60,1.0
2023-10-20 09:00,52.63,52.5,53.0,59,0.983
2023-10-20 10:00,52.59,52.5,52.9,60,1.0
2023-10-20 11:00,52.6,52.4,52.9,60,1.0
2023-10-20 12:00,52.54,52.4,52.9,60,1.0
2023-10-20 13:00,52.47,52.3,52.8,60,1.0
2023-10-20 14:00,52.46,52.3,53.0,60,1.0
2023-10-20 15:00,52.45,52.3,52.8,60,1.0
2023-10-20 16:00,52.51,52.2,52.8,60,1.0
2023-10-20 17:00,52.46,52.2,52.8,60,1.0
2023-10-20 18:00,52.29,52.2,52.6,60,1.0
2023-10-20 19:00,52.31,52.1,52.6,60,1.0
2023-10-20 20:00,52.39,52.1,52.7,60,1.0
2023-10-20 21:00,52.3,52.1,52.6,60,1.0
2023-10-20 22:00,52.21,52.1,52.4,60,1.0
2023-10-20 23:00,52.15,52.1,52.5,60,1.0
2023-10-21 00:00,52.13,52.0,52.6,60,1.0
2023-10-21 01:00,52.1,52.0,52.3,60,1.0
2023-10-21 02:00,52.07,52.0,52.2,60,1.0
2023-10-21 03:00,52.04,52.0,52.2,60,1.0
2023-10-21 04:00,52.03,51.9,52.3,51,0.85
2023-10-21 05:00,52.31,52.0,52.7,51,0.85
2023-10-21 06:00,52.44,52.2,52.9,59,0.983
2023-10-21 07:00,52.6,52.4,53.0,60,1.0
2023-10-21 08:00,52.58,52.4,52.9,60,1.0
2023-10-21 09:00,60.12,52.6,75.8,59,0.983
2023-10-21 10:00,79.77,76.0,83.0,53,0.883
2023-10-21 11:00,83.57,83.0,84.2,58,0.967
2023-10-21 12:00,83.41,82.7,84.0,60,1.0
2023-10-21 13:00,82.38,81.5,83.2,60,1.0
2023-10-21 14:00,81.18,80.5,81.8,60,1.0
2023-10-21 15:00,80.09,79.6,81.0,60,1.0
2023-10-21 16:00,79.17,78.6,80.2,60,1.0
2023-10-21 17:00,78.36,77.8,79.0,60,1.0
2023-10-21 18:00,77.78,77.2,78.5,60,1.0
2023-10-21 19:00,77.18,76.6,77.8,60,1.0
2023-10-21 20:00,76.45,75.8,77.0,60,1.0
2023-10-21 21:00,75.73,75.2,76.4,59,0.983
2023-10-21 22:00,75.48,74.8,75.9,59,0.983
2023-10-21 23:00,74.98,74.5,75.6,60,1.0
2023-10-22 00:00,74.51,74.2,75.2,60,1.0
2023-10-22 01:00,74.34,74.0,74.7,60,1.0
2023-10-22 02:00,74.16,73.6,74.6,60,1.0
2023-10-22 03:00,73.95,73.5,74.4,60,1.0
2023-10-22 04:00,74.44,73.8,75.2,60,1.0
2023-10-22 05:00,75.33,74.6,75.8,60,1.0
2023-10-22 06:00,75.45,75.1,75.9,60,1.0
2023-10-22 07:00,75.49,75.1,75.9,60,1.0
2023-10-22 08:00,75.3,74.9,75.7,60,1.0
2023-10-22 09:00,74.96,74.7,75.5,60,1.0
2023-10-22 10:00,74.76,74.5,75.2,60,1.0
2023-10-22 11:00,74.74,74.3,75.2,60,1.0
2023-10-22 12:00,74.7,74.3,75.1,60,1.0
2023-10-22 13:00,74.46,74.2,74.9,60,1.0
2023-10-22 14:00,74.29,74.0,74.9,60,1.0
2023-10-22 15:00,74.11,73.8,74.6,60,1.0
2023-10-22 16:00,74.05,73.7,74.6,60,1.0
2023-10-22 17:00,73.88,73.4,74.4,60,1.0
2023-10-22 18:00,73.41,73.2,73.9,60,1.0
2023-10-22 19:00,73.3,73.0,73.8,60,1.0
2023-10-22 20:00,73.17,72.8,73.6,60,1.0
2023-10-22 21:00,72.92,72.5,73.4,60,1.0
2023-10-22 22:00,72.72,72.4,73.2,60,1.0
2023-10-22 23:00,72.47,72.2,73.0,54,0.9
2023-10-23 00:00,72.19,71.9,72.7,51,0.85
2023-10-23 01:00,71.89,71.6,72.3,60,1.0
2023-10-23 02:00,71.79,71.4,72.1,60,1.0
2023-10-23 03:00,71.64,71.1,72.0,60,1.0
2023-10-23 04:00,71.3,70.9,71.7,60,1.0
2023-10-23 05:00,71.14,70.8,71.6,60,1.0
2023-10-23 06:00,70.99,70.5,71.4,60,1.0
2023-10-23 07:00,70.73,70.3,71.2,60,1.0
2023-10-23 08:00,70.42,70.2,71.0,60,1.0
2023-10-23 09:00,70.32,70.0,70.8,60,1.0
2023-10-23 10:00,70.08,69.8,70.7,60,1.0
2023-10-23 11:00,69.83,69.6,70.3,60,1.0
2023-10-23 12:00,69.65,69.5,70.0,59,0.983
2023-10-23 13:00,69.59,69.3,70.1,60,1.0
2023-10-23 14:00,69.56,69.2,70.0,60,1.0
2023-10-23 15:00,69.41,69.0,69.8,60,1.0
2023-10-23 16:00,69.31,68.9,69.6,60,1.0
2023-10-23 17:00,69.1,68.7,69.4,60,1.0
2023-10-23 18:00,68.83,68.6,69.3,60,1.0
2023-10-23 19:00,68.64,68.5,69.3,60,1.0
2023-10-23 20:00,68.52,68.3,68.9,60,1.0
2023-10-23 21:00,68.48,68.2,68.9,60,1.0
2023-10-23 22:00,68.37,68.1,68.9,60,1.0
2023-10-23 23:00,68.37,68.0,68.8,60,1.0
2023-10-24 00:00,68.19,67.8,68.6,60,1.0
2023-10-24 01:00,68.1,67.7,68.5,60,1.0
2023-10-24 02:00,67.94,67.5,68.3,60,1.0
2023-10-24 03:00,67.85,67.5,68.2,60,1.0
2023-10-24 04:00,67.64,67.3,68.1,60,1.0
2023-10-24 05:00,67.53,67.2,67.9,60,1.0
2023-10-24 06:00,67.45,67.1,67.8,60,1.0
2023-10-24 07:00,67.35,67.0,67.7,60,1.0
2023-10-24 08:00,67.17,67.0,67.6,60,1.0
2023-10-24 09:00,67.26,66.9,67.6,60,1.0
2023-10-24 10:00,67.09,66.7,67.6,60,1.0
2023-10-24 11:00,67.04,66.6,67.4,60,1.0
2023-10-24 12:00,66.74,66.5,67.2,60,1.0
2023-10-24 13:00,66.63,66.4,67.1,57,0.95
2023-10-24 14:00,66.72,66.4,67.1,60,1.0
2023-10-24 15:00,66.51,66.2,66.9,47,0.783
2023-10-24 16:00,66.26,66.1,66.6,60,1.0
2023-10-24 17:00,66.19,66.0,66.6,58,0.967
2023-10-24 18:00,66.34,66.0,66.6,60,1.0
2023-10-24 19:00,66.26,65.9,66.6,60,1.0
2023-10-24 20:00,66.1,65.8,66.5,60,1.0
2023-10-24 21:00,65.97,65.8,66.4,60,1.0
2023-10-24 22:00,66.18,66.0,66.7,60,1.0
2023-10-24 23:00,66.32,66.1,66.7,60,1.0
2023-10-25 00:00,66.43,66.0,66.8,60,1.0
2023-10-25 01:00,66.57,66.3,66.9,60,1.0
2023-10-25 02:00,66.54,66.2,67.0,59,0.983
2023-10-25 03:00,66.7,66.4,67.1,60,1.0
2023-10-25 04:00,66.68,66.5,67.2,60,1.0
2023-10-25 05:00,66.97,66.7,67.5,59,0.983
2023-10-25 06:00,67.24,66.8,67.6,60,1.0
2023-10-25 07:00,67.38,66.9,67.8,60,1.0
2023-10-25 08:00,67.54,67.1,68.1,60,1.0
2023-10-25 09:00,67.84,67.5,68.4,60,1.0
2023-10-25 10:00,68.28,67.7,68.9,60,1.0
2023-10-25 11:00,68.58,68.3,69.1,60,1.0
2023-10-25 12:00,69.02,68.6,69.6,59,0.983
2023-10-25 13:00,69.23,69.0,69.7,45,0.75
2023-10-25 14:00,69.68,69.3,70.0,15,0.25
2023-10-25 15:00,70.01,69.7,70.5,30,0.5
2023-10-25 16:00,70.27,69.9,70.6,19,0.317
2023-10-25 17:00,70.34,69.9,70.8,45,0.75
2023-10-25 18:00,70.3,69.9,70.7,30,0.5
2023-10-25 19:00,70.1,70.1,70.1,1,0.017
2023-10-25 20:00,70.23,70.1,70.4,6,0.1
2023-10-25 21:00,70.24,70.1,70.4,5,0.083
2023-10-25 22:00,70.28,70.1,70.4,5,0.083
2023-10-26 00:00,70.0,70.0,70.0,1,0.017
2023-10-26 01:00,70.1,70.1,70.1,1,0.017
2023-10-26 02:00,70.2,70.1,70.3,2,0.033
2023-10-26 03:00,70.92,70.4,71.2,19,0.317
2023-10-26 04:00,78.33,73.5,80.0,43,0.717
2023-10-26 05:00,80.74,79.8,81.4,58,0.967
2023-10-26 06:00,81.35,81.0,82.4,58,0.967
2023-10-26 07:00,83.11,81.7,84.2,9,0.15
2023-10-26 08:00,83.69,83.3,84.4,50,0.833
2023-10-26 09:00,83.09,82.4,83.9,57,0.95
2023-10-26 10:00,82.27,81.9,82.6,53,0.883
2023-10-26 11:00,81.85,81.4,82.4,44,0.733
2023-10-26 12:00,81.13,80.4,81.8,24,0.4
2023-10-26 13:00,80.5,80.0,81.0,20,0.333
2023-10-26 14:00,79.64,79.3,80.1,33,0.55
2023-10-26 15:00,79.21,78.9,79.6,46,0.767
2023-10-26 16:00,78.85,78.4,79.3,51,0.85
2023-10-26 17:00,78.49,78.1,78.9,36,0.6
2023-10-26 18:00,77.93,77.5,78.4,45,0.75
2023-10-26 19:00,77.63,77.0,78.1,59,0.983
2023-10-26 20:00,77.15,76.8,77.5,50,0.833
2023-10-26 21:00,76.98,76.4,77.3,44,0.733
2023-10-26 22:00,76.49,76.0,77.1,47,0.783
2023-10-26 23:00,76.14,75.7,76.6,45,0.75
2023-10-27 00:00,75.97,75.5,76.3,42,0.7
2023-10-27 01:00,75.83,75.5,76.2,23,0.383
2023-10-27 02:00,76.4,76.0,76.8,46,0.767
2023-10-27 03:00,77.26,76.6,78.0,45,0.75
2023-10-27 04:00,77.78,77.6,78.3,28,0.467
2023-10-27 05:00,78.01,77.7,78.5,31,0.517
2023-10-27 06:00,78.08,77.7,78.4,20,0.333
2023-10-27 07:00,78.12,77.8,78.5,34,0.567
2023-10-27 08:00,78.29,77.9,78.8,54,0.9
2023-10-27 09:00,78.19,77.9,78.7,51,0.85
2023-10-27 10:00,77.83,77.6,78.2,48,0.8
2023-10-27 11:00,78.92,78.0,80.0,54,0.9
2023-10-27 12:00,80.1,79.4,80.7,60,1.0
2023-10-27 13:00,80.19,79.7,80.7,59,0.983
2023-10-27 14:00,80.01,79.5,80.4,58,0.967
2023-10-27 15:00,79.64,79.0,80.2,60,1.0
2023-10-27 16:00,79.07,78.6,79.8,59,0.983
2023-10-27 17:00,78.73,78.4,79.1,58,0.967
2023-10-27 18:00,78.57,78.1,79.1,60,1.0
2023-10-27 19:00,78.29,77.8,78.8,60,1.0
2023-10-27 20:00,77.92,77.5,78.4,60,1.0
2023-10-27 21:00,77.54,77.1,78.0,60,1.0
2023-10-27 22:00,77.19,76.9,78.0,60,1.0
2023-10-27 23:00,77.06,76.5,77.7,57,0.95
2023-10-28 00:00,76.77,76.4,77.3,60,1.0
2023-10-28 01:00,76.51,76.1,77.0,56,0.933
2023-10-28 02:00,76.22,75.9,76.8,57,0.95
2023-10-28 03:00,75.95,75.6,76.6,56,0.933
2023-10-28 04:00,75.72,75.4,76.2,54,0.9
2023-10-28 05:00,75.46,75.2,75.8,51,0.85
2023-10-28 06:00,75.3,75.0,75.8,48,0.8
2023-10-28 07:00,75.19,74.8,75.6,51,0.85
2023-10-28 08:00,74.99,74.7,75.5,49,0.817
2023-10-28 09:00,74.84,74.6,75.2,39,0.65
2023-10-28 10:00,74.78,74.7,74.9,6,0.1
2023-10-28 11:00,74.55,74.3,74.8,2,0.033
2023-10-28 12:00,74.7,74.7,74.7,1,0.017
2023-10-28 13:00,74.43,74.0,74.7,32,0.533
2023-10-28 14:00,74.24,73.9,74.5,11,0.183
2023-10-28 15:00,74.15,74.0,74.4,8,0.133
2023-10-29 05:00,72.2,72.2,72.2,1,0.017
2023-10-29 06:00,72.05,72.0,72.1,2,0.033
2023-10-29 08:00,72.07,71.8,72.3,4,0.067
2023-10-29 10:00,71.7,71.7,71.7,1,0.017
2023-10-29 11:00,71.3,71.3,71.3,1,0.017
2023-10-29 12:00,71.44,71.2,71.9,5,0.083
2023-10-29 13:00,71.46,71.1,71.9,16,0.267
2023-10-29 14:00,71.27,71.0,71.6,26,0.433
2023-10-29 15:00,71.13,70.9,71.4,43,0.717
2023-10-29 16:00,70.98,70.8,71.2,54,0.9
2023-10-29 17:00,71.0,70.7,71.5,47,0.783
2023-10-29 18:00,70.91,70.6,71.4,42,0.7
2023-10-29 19:00,71.15,70.6,71.8,55,0.917
2023-10-29 20:00,70.99,70.4,71.4,56,0.933
2023-10-29 21:00,70.77,70.5,71.3,59,0.983
2023-10-29 22:00,70.66,70.4,71.1,57,0.95
2023-10-29 23:00,70.6,70.3,71.1,60,1.0
2023-10-30 00:00,70.47,70.2,70.9,60,1.0
2023-10-30 01:00,70.45,70.2,71.1,57,0.95
2023-10-30 02:00,70.36,70.2,70.8,57,0.95
2023-10-30 03:00,70.33,70.1,70.7,58,0.967
2023-10-30 04:00,70.27,70.0,70.8,59,0.983
2023-10-30 05:00,70.14,70.0,70.6,60,1.0
2023-10-30 06:00,70.07,69.9,70.5,60,1.0
2023-10-30 07:00,70.02,69.8,70.4,59,0.983
2023-10-30 08:00,69.98,69.7,70.4,58,0.967
2023-10-30 09:00,69.98,69.7,70.4,57,0.95
2023-10-30 10:00,69.77,69.6,70.2,57,0.95
2023-10-30 11:00,69.69,69.5,70.2,54,0.9
2023-10-30 12:00,69.6,69.4,69.9,46,0.767
2023-10-30 13:00,69.78,69.4,70.2,43,0.717
2023-10-30 14:00,69.49,69.3,69.9,50,0.833
2023-10-30 15:00,69.41,69.2,69.9,54,0.9
2023-10-30 16:00,69.38,69.2,69.8,59,0.983
2023-10-30 17:00,69.5,69.1,69.9,58,0.967
2023-10-30 18:00,69.48,69.1,69.7,59,0.983
2023-10-30 19:00,69.37,68.9,69.7,53,0.883
2023-10-30 20:00,69.35,68.9,69.7,44,0.733
2023-10-30 21:00,69.26,68.9,69.6,55,0.917
2023-10-30 22:00,69.15,68.8,69.6,60,1.0
2023-10-30 23:00,68.91,68.7,69.3,60,1.0
2023-10-31 00:00,68.96,68.7,69.3,59,0.983
2023-10-31 01:00,68.9,68.6,69.3,60,1.0
2023-10-31 02:00,68.76,68.6,69.3,60,1.0
2023-10-31 03:00,68.86,68.6,69.4,60,1.0
2023-10-31 04:00,68.94,68.5,69.3,58,0.967
2023-10-31 05:00,68.85,68.4,69.2,55,0.917
2023-10-31 06:00,68.57,68.3,69.2,60,1.0
2023-10-31 07:00,68.68,68.4,69.1,59,0.983
2023-10-31 08:00,68.45,68.3,68.9,60,1.0
2023-10-31 09:00,68.49,68.2,68.9,56,0.933
2023-10-31 10:00,68.29,68.2,68.6,53,0.883
2023-10-31 11:00,68.37,68.1,68.9,59,0.983
2023-10-31 12:00,68.28,68.0,68.7,59,0.983
2023-10-31 13:00,68.02,67.9,68.4,60,1.0
2023-10-31 14:00,68.17,67.8,68.6,60,1.0
2023-10-31 15:00,68.04,67.7,68.4,60,1.0
2023-10-31 16:00,67.93,67.6,68.3,60,1.0
2023-10-31 17:00,67.66,67.5,68.0,60,1.0
2023-10-31 18:00,67.58,67.4,67.9,60,1.0
2023-10-31 19:00,67.65,67.4,68.0,60,1.0
2023-10-31 20:00,67.54,67.3,68.0,60,1.0
2023-10-31 21:00,67.53,67.2,67.9,60,1.0
2023-10-31 22:00,67.4,67.1,67.8,60,1.0
2023-10-31 23:00,67.19,67.0,67.7,60,1.0
2023-11-01 00:00,67.15,67.0,67.5,60,1.0
2023-11-01 01:00,67.15,66.9,67.6,60,1.0
2023-11-01 02:00,67.17,66.9,67.6,60,1.0
2023-11-01 03:00,67.14,66.8,67.5,60,1.0
2023-11-01 04:00,67.03,66.8,67.5,60,1.0
2023-11-01 05:00,67.11,66.8,67.4,60,1.0
2023-11-01 06:00,67.1,66.6,67.4,59,0.983
2023-11-01 07:00,66.93,66.6,67.3,59,0.983
2023-11-01 08:00,66.81,66.6,67.2,52,0.867
2023-11-01 09:00,66.75,66.6,67.1,49,0.817
2023-11-01 10:00,66.69,66.5,67.1,47,0.783
2023-11-01 11:00,66.84,66.5,67.2,57,0.95
2023-11-01 12:00,66.82,66.4,67.1,51,0.85
2023-11-01 13:00,66.51,66.4,66.7,51,0.85
2023-11-01 14:00,66.89,66.6,67.3,57,0.95
2023-11-01 15:00,67.28,66.9,67.8,50,0.833
2023-11-01 16:00,67.37,67.1,67.8,53,0.883
2023-11-01 17:00,67.6,67.3,67.9,49,0.817
2023-11-01 18:00,68.14,67.7,68.7,55,0.917
2023-11-01 19:00,68.82,68.4,69.4,47,0.783
2023-11-01 20:00,69.46,69.0,70.1,57,0.95
2023-11-01 21:00,69.97,69.4,70.5,55,0.917
2023-11-01 22:00,70.61,70.0,71.3,58,0.967
2023-11-01 23:00,71.41,70.7,72.0,60,1.0
2023-11-02 00:00,72.03,71.6,72.6,58,0.967
2023-11-02 01:00,72.24,71.9,72.8,58,0.967
2023-11-02 02:00,72.47,72.2,73.0,59,0.983
2023-11-02 03:00,72.53,72.2,73.1,60,1.0
2023-11-02 04:00,72.4,72.1,72.9,58,0.967
2023-11-02 05:00,72.41,72.1,72.9,60,1.0
2023-11-02 06:00,72.38,72.0,72.8,60,1.0
2023-11-02 07:00,72.4,72.0,72.8,59,0.983
2023-11-02 08:00,72.25,71.9,72.6,60,1.0
2023-11-02 09:00,72.16,71.8,72.6,60,1.0
2023-11-02 10:00,72.03,71.7,72.5,60,1.0
2023-11-02 11:00,71.76,71.6,72.2,60,1.0
2023-11-02 12:00,71.68,71.5,71.9,56,0.933
2023-11-02 13:00,72.11,71.6,72.8,54,0.9
2023-11-02 14:00,75.32,72.9,78.0,50,0.833
2023-11-02 15:00,78.68,77.7,79.3,59,0.983
2023-11-02 16:00,78.98,78.5,79.3,60,1.0
2023-11-02 17:00,78.7,78.3,79.3,59,0.983
2023-11-02 18:00,78.5,78.1,78.9,58,0.967
2023-11-02 19:00,78.02,77.6,78.6,59,0.983
2023-11-02 20:00,77.69,77.4,78.3,56,0.933
2023-11-02 21:00,77.58,77.1,78.0,53,0.883
2023-11-02 22:00,77.21,76.8,77.8,56,0.933
2023-11-02 23:00,77.12,76.6,77.5,59,0.983
2023-11-03 00:00,76.79,76.4,77.3,59,0.983
2023-11-03 01:00,76.47,76.0,77.0,60,1.0
2023-11-03 02:00,76.21,75.9,76.7,60,1.0
2023-11-03 03:00,75.93,75.5,76.5,54,0.9
2023-11-03 04:00,78.15,75.4,86.2,49,0.817
2023-11-03 05:00,86.32,85.9,86.9,60,1.0
2023-11-03 06:00,85.58,85.0,86.1,60,1.0
2023-11-03 07:00,84.8,84.3,85.4,59,0.983
2023-11-03 08:00,84.29,83.7,84.8,60,1.0
2023-11-03 09:00,83.62,83.2,84.1,59,0.983
2023-11-03 10:00,83.65,83.2,84.0,60,1.0
2023-11-03 11:00,83.48,82.9,84.1,60,1.0
2023-11-03 12:00,83.06,82.4,83.5,60,1.0
2023-11-03 13:00,82.5,81.9,83.1,60,1.0
2023-11-03 14:00,81.97,81.2,82.4,60,1.0
2023-11-03 15:00,81.42,80.8,81.9,60,1.0
2023-11-03 16:00,80.87,80.4,81.3,59,0.983
2023-11-03 17:00,80.36,79.8,81.0,60,1.0
2023-11-03 18:00,79.87,79.5,80.3,60,1.0
2023-11-03 19:00,79.51,79.1,80.1,60,1.0
2023-11-03 20:00,79.24,78.9,79.8,60,1.0
2023-11-03 21:00,79.18,78.7,79.7,60,1.0
2023-11-03 22:00,78.91,78.5,79.6,60,1.0
2023-11-03 23:00,78.65,78.3,79.1,60,1.0
2023-11-04 00:00,78.38,78.0,79.0,60,1.0
2023-11-04 01:00,78.2,77.8,78.8,59,0.983
2023-11-04 02:00,78.13,77.6,78.7,60,1.0
2023-11-04 03:00,77.91,77.6,78.4,57,0.95
2023-11-04 04:00,77.93,77.6,78.4,60,1.0
2023-11-04 05:00,77.95,77.6,78.5,59,0.983
2023-11-04 06:00,77.98,77.6,78.4,60,1.0
2023-11-04 07:00,77.89,77.5,78.3,60,1.0
2023-11-04 08:00,78.06,77.6,78.7,60,1.0
2023-11-04 09:00,78.2,77.9,78.7,60,1.0
2023-11-04 10:00,78.3,78.0,78.8,59,0.983
2023-11-04 11:00,78.01,77.8,78.7,59,0.983
2023-11-04 12:00,77.84,77.6,78.4,59,0.983
2023-11-04 13:00,77.63,77.4,78.1,58,0.967
2023-11-04 14:00,77.57,77.2,78.1,59,0.983
2023-11-04 15:00,77.43,77.0,77.9,60,1.0
2023-11-04 16:00,77.21,76.8,77.8,58,0.967
2023-11-04 17:00,77.18,76.8,77.7,60,1.0
2023-11-04 18:00,77.06,76.7,77.5,60,1.0
2023-11-04 19:00,76.87,76.5,77.4,59,0.983
2023-11-04 20:00,76.76,76.4,77.3,60,1.0
2023-11-04 21:00,76.61,76.2,77.1,58,0.967
2023-11-04 22:00,76.38,76.0,76.9,56,0.933
2023-11-04 23:00,76.22,75.8,76.7,59,0.983
2023-11-05 00:00,76.37,75.9,76.9,60,1.0
2023-11-05 01:00,76.52,75.9,76.9,54,0.9
2023-11-05 02:00,76.62,76.2,77.0,48,0.8
2023-11-05 03:00,76.79,76.4,77.5,60,1.0
2023-11-05 04:00,77.05,76.8,77.4,60,1.0
2023-11-05 05:00,76.88,76.7,77.3,60,1.0
2023-11-05 06:00,76.92,76.6,77.3,60,1.0
2023-11-05 07:00,76.82,76.4,77.3,59,0.983
2023-11-05 08:00,76.49,76.1,77.0,59,0.983
2023-11-05 09:00,76.32,76.0,76.8,59,0.983
2023-11-05 10:00,76.07,75.7,76.6,60,1.0
2023-11-05 11:00,75.76,75.5,76.2,57,0.95
2023-11-05 12:00,77.94,75.5,81.6,58,0.967
2023-11-05 13:00,81.83,81.3,82.4,60,1.0
2023-11-05 14:00,82.58,81.5,83.7,58,0.967
2023-11-05 15:00,83.27,82.8,83.9,59,0.983
2023-11-05 16:00,83.15,82.5,83.7,60,1.0
2023-11-05 17:00,82.68,82.1,83.4,59,0.983
2023-11-05 18:00,82.06,81.5,82.7,60,1.0
2023-11-05 19:00,81.6,81.3,82.1,60,1.0
2023-11-05 20:00,81.11,80.8,81.8,60,1.0
2023-11-05 21:00,80.74,80.3,81.1,60,1.0
2023-11-05 22:00,80.42,80.1,81.0,60,1.0
2023-11-05 23:00,80.01,79.6,80.7,60,1.0
2023-11-06 00:00,79.77,79.4,80.3,58,0.967
2023-11-06 01:00,79.54,79.1,80.1,60,1.0
2023-11-06 02:00,79.2,78.8,79.9,60,1.0
2023-11-06 03:00,78.9,78.5,79.4,60,1.0
2023-11-06 04:00,78.76,78.2,79.3,60,1.0
2023-11-06 05:00,78.41,78.0,78.9,60,1.0
2023-11-06 06:00,78.1,77.6,78.6,60,1.0
2023-11-06 07:00,77.8,77.4,78.3,59,0.983
2023-11-06 08:00,77.71,77.3,78.1,60,1.0
2023-11-06 09:00,77.5,77.1,77.9,60,1.0
2023-11-06 10:00,77.15,76.8,77.8,60,1.0
2023-11-06 11:00,77.18,76.6,77.6,58,0.967
2023-11-06 12:00,76.79,76.5,77.3,60,1.0
2023-11-06 13:00,76.48,76.2,76.9,58,0.967
2023-11-06 14:00,76.25,76.0,76.7,57,0.95
2023-11-06 15:00,76.26,75.9,76.8,60,1.0
2023-11-06 16:00,76.16,75.8,76.6,60,1.0
2023-11-06 17:00,75.96,75.6,76.5,60,1.0
2023-11-06 18:00,75.78,75.4,76.2,60,1.0
2023-11-06 19:00,75.59,75.3,76.1,60,1.0
2023-11-06 20:00,75.51,75.2,75.9,59,0.983
2023-11-06 21:00,75.19,75.0,75.6,60,1.0
2023-11-06 22:00,75.07,74.8,75.6,60,1.0
2023-11-06 23:00,74.94,74.7,75.5,60,1.0
2023-11-07 00:00,74.85,74.6,75.3,59,0.983
2023-11-07 01:00,74.7,74.5,75.3,60,1.0
2023-11-07 02:00,74.64,74.4,75.2,52,0.867
2023-11-07 03:00,74.51,74.3,75.0,51,0.85
2023-11-07 04:00,74.38,74.1,74.9,54,0.9
2023-11-07 05:00,74.32,74.1,74.8,48,0.8
2023-11-07 06:00,74.2,74.0,74.7,60,1.0
2023-11-07 07:00,74.34,74.0,74.8,60,1.0
2023-11-07 08:00,74.45,74.0,74.8,60,1.0
2023-11-07 09:00,74.23,73.9,74.8,60,1.0
2023-11-07 10:00,74.21,73.9,74.7,60,1.0
2023-11-07 11:00,74.24,73.9,74.7,60,1.0
2023-11-07 12:00,74.16,74.0,74.6,60,1.0
2023-11-07 13:00,74.3,74.0,74.7,59,0.983
2023-11-07 14:00,74.41,74.1,75.1,60,1.0
2023-11-07 15:00,74.77,74.3,75.3,58,0.967
2023-11-07 16:00,74.86,74.3,75.1,58,0.967
2023-11-07 17:00,74.88,74.5,75.3,59,0.983
2023-11-07 18:00,74.96,74.6,75.3,59,0.983
2023-11-07 19:00,74.98,74.4,75.3,59,0.983
2023-11-07 20:00,74.97,74.5,75.4,60,1.0
2023-11-07 21:00,74.88,74.5,75.4,60,1.0
2023-11-07 22:00,74.91,74.5,75.3,60,1.0
2023-11-07 23:00,74.72,74.3,75.2,59,0.983
2023-11-08 00:00,74.61,74.3,75.1,55,0.917
2023-11-08 01:00,74.68,74.3,75.0,55,0.917
2023-11-08 02:00,74.43,74.1,74.9,54,0.9
2023-11-08 03:00,74.77,74.3,75.2,56,0.933
2023-11-08 04:00,74.86,74.4,75.3,59,0.983
2023-11-08 05:00,75.49,75.0,76.3,59,0.983
2023-11-08 06:00,75.93,75.6,76.5,60,1.0
2023-11-08 07:00,76.08,75.7,76.6,60,1.0
2023-11-08 08:00,75.96,75.7,76.6,60,1.0
2023-11-08 09:00,75.97,75.7,76.5,60,1.0
2023-11-08 10:00,76.18,75.8,76.7,60,1.0
2023-11-08 11:00,76.48,76.1,77.0,59,0.983
2023-11-08 12:00,76.54,76.1,77.0,59,0.983
2023-11-08 13:00,76.26,75.9,76.9,59,0.983
2023-11-08 14:00,76.05,75.8,76.5,56,0.933
2023-11-08 15:00,75.95,75.7,76.4,54,0.9
2023-11-08 16:00,75.83,75.6,76.3,46,0.767
2023-11-08 17:00,75.77,75.5,76.3,47,0.783
2023-11-08 18:00,75.71,75.3,76.2,42,0.7
2023-11-08 19:00,75.58,75.2,76.1,28,0.467
2023-11-08 20:00,75.44,75.1,76.0,30,0.5
2023-11-08 21:00,75.28,74.9,75.8,31,0.517
2023-11-08 22:00,75.21,74.9,75.7,35,0.583
2023-11-08 23:00,75.08,74.7,75.6,33,0.55
2023-11-09 00:00,74.96,74.7,75.4,30,0.5
2023-11-09 01:00,74.81,74.5,75.3,31,0.517
2023-11-09 02:00,74.72,74.5,75.2,38,0.633
2023-11-09 03:00,74.65,74.4,75.2,34,0.567
2023-11-09 04:00,74.45,74.3,74.8,31,0.517
2023-11-09 05:00,74.38,74.1,74.8,33,0.55
2023-11-09 06:00,74.27,74.0,74.6,37,0.617
2023-11-09 07:00,74.18,73.9,74.6,37,0.617
2023-11-09 08:00,74.13,73.8,74.6,50,0.833
2023-11-09 09:00,74.09,73.7,74.5,45,0.75
2023-11-09 10:00,74.03,73.7,74.5,48,0.8
2023-11-09 11:00,73.97,73.6,74.5,51,0.85
2023-11-09 12:00,73.8,73.5,74.3,55,0.917
2023-11-09 13:00,73.62,73.4,74.1,53,0.883
2023-11-09 14:00,73.53,73.3,74.1,57,0.95
2023-11-09 15:00,73.56,73.3,74.0,56,0.933
2023-11-09 16:00,73.63,73.2,74.0,60,1.0
2023-11-09 17:00,73.48,73.1,73.8,59,0.983
2023-11-09 18:00,73.24,73.0,73.8,60,1.0
2023-11-09 19:00,73.24,72.9,73.7,60,1.0
2023-11-09 20:00,73.09,72.9,73.5,60,1.0
2023-11-09 21:00,73.04,72.8,73.5,60,1.0
2023-11-09 22:00,73.01,72.7,73.5,60,1.0
2023-11-09 23:00,72.96,72.6,73.4,60,1.0
2023-11-10 00:00,72.87,72.6,73.4,60,1.0
2023-11-10 01:00,73.37,73.0,73.9,60,1.0
2023-11-10 02:00,73.26,73.0,73.7,60,1.0
2023-11-10 03:00,73.27,73.0,74.0,60,1.0
2023-11-10 04:00,73.75,73.4,74.4,60,1.0
2023-11-10 05:00,74.19,73.7,75.0,60,1.0
2023-11-10 06:00,75.24,74.7,75.7,60,1.0
2023-11-10 07:00,76.13,75.3,77.0,59,0.983
2023-11-10 08:00,77.28,76.6,78.0,60,1.0
2023-11-10 09:00,78.13,77.6,78.7,60,1.0
2023-11-10 10:00,78.21,77.8,78.9,60,1.0
2023-11-10 11:00,78.54,78.1,79.0,60,1.0
2023-11-10 12:00,78.43,77.9,78.9,59,0.983
2023-11-10 13:00,78.13,77.8,78.5,60,1.0
2023-11-10 14:00,78.38,78.0,78.8,60,1.0
2023-11-10 15:00,78.57,78.3,79.1,60,1.0
2023-11-10 16:00,78.56,78.1,79.0,60,1.0
2023-11-10 17:00,78.42,77.8,78.8,60,1.0
2023-11-10 18:00,78.2,77.7,78.6,60,1.0
2023-11-10 19:00,77.77,77.5,78.4,60,1.0
2023-11-10 20:00,77.66,77.4,78.2,60,1.0
2023-11-10 21:00,79.82,77.5,86.5,60,1.0
2023-11-10 22:00,86.46,86.0,87.1,60,1.0
2023-11-10 23:00,85.72,85.2,86.4,60,1.0
2023-11-11 00:00,85.17,84.6,85.9,60,1.0
2023-11-11 01:00,84.6,83.9,85.4,60,1.0
2023-11-11 02:00,83.78,83.3,84.4,60,1.0
2023-11-11 03:00,83.59,83.0,84.2,60,1.0
2023-11-11 04:00,83.28,82.8,83.8,60,1.0
2023-11-11 05:00,84.78,83.4,85.6,60,1.0
2023-11-11 06:00,84.99,84.3,85.6,60,1.0
2023-11-11 07:00,84.49,83.9,85.0,60,1.0
2023-11-11 08:00,83.89,83.5,84.7,60,1.0
2023-11-11 09:00,83.48,82.9,84.2,60,1.0
2023-11-11 10:00,83.12,82.8,83.5,60,1.0
2023-11-11 11:00,83.06,82.6,83.5,60,1.0
2023-11-11 12:00,82.56,81.9,83.1,60,1.0
2023-11-11 13:00,82.01,81.5,82.7,60,1.0
2023-11-11 14:00,81.53,81.1,82.2,60,1.0
2023-11-11 15:00,81.29,80.8,82.0,56,0.933
2023-11-11 16:00,80.95,80.6,81.4,51,0.85
2023-11-11 17:00,80.6,80.2,81.1,53,0.883
2023-11-11 18:00,80.29,79.9,80.8,59,0.983
2023-11-11 19:00,80.18,79.7,80.7,60,1.0
2023-11-11 20:00,79.79,79.4,80.4,60,1.0
2023-11-11 21:00,79.52,79.0,79.9,60,1.0
2023-11-11 22:00,79.25,78.8,79.9,60,1.0
2023-11-11 23:00,79.04,78.7,79.6,60,1.0
2023-11-12 00:00,79.06,78.6,79.5,60,1.0
2023-11-12 01:00,79.02,78.5,79.4,60,1.0
2023-11-12 02:00,78.81,78.4,79.3,59,0.983
2023-11-12 03:00,78.72,78.3,79.2,60,1.0
2023-11-12 04:00,78.56,78.1,79.1,60,1.0
2023-11-12 05:00,78.29,78.0,78.9,60,1.0
2023-11-12 06:00,78.27,77.9,78.7,60,1.0
2023-11-12 07:00,78.18,77.8,78.7,60,1.0
2023-11-12 08:00,78.04,77.6,78.6,60,1.0
2023-11-12 09:00,77.79,77.5,78.3,60,1.0
2023-11-12 10:00,77.7,77.4,78.2,60,1.0
2023-11-12 11:00,77.53,77.3,77.8,60,1.0
2023-11-12 12:00,77.52,77.3,77.9,60,1.0
2023-11-12 13:00,77.82,77.5,78.5,59,0.983
2023-11-12 14:00,78.73,78.0,79.7,60,1.0
2023-11-12 15:00,79.59,79.0,80.3,60,1.0
2023-11-12 16:00,80.62,79.8,81.4,60,1.0
2023-11-12 17:00,81.19,80.7,81.7,60,1.0
2023-11-12 18:00,81.16,80.8,81.8,60,1.0
2023-11-12 19:00,81.82,81.1,82.5,60,1.0
2023-11-12 20:00,81.88,81.3,82.3,60,1.0
2023-11-12 21:00,81.49,80.9,82.1,60,1.0
2023-11-12 22:00,81.09,80.6,81.7,60,1.0
2023-11-12 23:00,80.71,80.2,81.4,60,1.0
2023-11-13 00:00,80.27,79.9,80.7,60,1.0
2023-11-13 01:00,80.06,79.6,80.6,60,1.0
2023-11-13 02:00,79.8,79.4,80.4,60,1.0
2023-11-13 03:00,79.48,79.2,79.9,60,1.0
2023-11-13 04:00,79.35,79.0,79.9,60,1.0
2023-11-13 05:00,79.13,78.7,79.7,60,1.0
2023-11-13 06:00,79.01,78.5,79.5,60,1.0
2023-11-13 07:00,78.66,78.1,79.1,60,1.0
2023-11-13 08:00,78.38,78.0,79.0,60,1.0
2023-11-13 09:00,78.38,78.0,78.8,60,1.0
2023-11-13 10:00,78.24,77.7,78.6,60,1.0
2023-11-13 11:00,77.99,77.5,78.5,60,1.0
2023-11-13 12:00,77.86,77.4,78.3,60,1.0
2023-11-13 13:00,77.57,77.2,78.1,60,1.0
2023-11-13 14:00,77.28,77.0,77.9,60,1.0
2023-11-13 15:00,77.11,76.9,77.5,60,1.0
2023-11-13 16:00,76.98,76.7,77.6,49,0.817
2023-11-13 17:00,76.81,76.6,77.2,50,0.833
2023-11-13 18:00,76.72,76.4,77.4,60,1.0
2023-11-13 19:00,76.63,76.4,77.2,60,1.0
2023-11-13 20:00,76.49,76.2,77.1,60,1.0
2023-11-13 21:00,76.33,76.1,76.9,60,1.0
2023-11-13 22:00,76.38,76.0,76.9,60,1.0
2023-11-13 23:00,76.31,75.9,76.8,60,1.0
2023-11-14 00:00,76.06,75.8,76.6,60,1.0
2023-11-14 01:00,75.89,75.7,76.4,60,1.0
2023-11-14 02:00,75.79,75.5,76.2,60,1.0
2023-11-14 03:00,75.76,75.5,76.1,60,1.0
2023-11-14 04:00,75.61,75.4,76.1,60,1.0
2023-11-14 05:00,75.57,75.3,76.0,60,1.0
2023-11-14 06:00,75.53,75.2,76.0,60,1.0
2023-11-14 07:00,75.41,75.1,75.9,60,1.0
2023-11-14 08:00,75.42,75.1,75.9,60,1.0
2023-11-14 09:00,75.49,75.1,75.9,60,1.0
2023-11-14 10:00,75.12,74.8,75.6,60,1.0
2023-11-14 11:00,74.95,74.7,75.3,60,1.0
2023-11-14 12:00,74.88,74.7,75.5,60,1.0
2023-11-14 13:00,74.9,74.6,75.3,60,1.0
2023-11-14 14:00,74.71,74.5,75.1,60,1.0
2023-11-14 15:00,74.65,74.4,75.0,60,1.0
2023-11-14 16:00,74.65,74.4,75.1,60,1.0
2023-11-14 17:00,74.69,74.2,75.0,60,1.0
2023-11-14 18:00,74.36,74.2,74.9,60,1.0
2023-11-14 19:00,74.45,74.1,74.8,60,1.0
2023-11-14 20:00,74.56,74.3,74.9,60,1.0
2023-11-14 21:00,74.36,74.0,74.8,60,1.0
2023-11-14 22:00,74.4,73.9,74.8,60,1.0
2023-11-14 23:00,74.22,73.8,74.7,59,0.983
2023-11-15 00:00,73.98,73.7,74.4,60,1.0
2023-11-15 01:00,73.92,73.7,74.3,60,1.0
2023-11-15 02:00,73.82,73.6,74.3,59,0.983
2023-11-15 03:00,73.73,73.5,74.3,60,1.0
2023-11-15 04:00,73.76,73.5,74.2,60,1.0
2023-11-15 05:00,73.92,73.4,74.3,60,1.0
2023-11-15 06:00,73.81,73.4,74.2,60,1.0
2023-11-15 07:00,73.75,73.3,74.1,60,1.0
2023-11-15 08:00,73.58,73.2,74.0,60,1.0
2023-11-15 09:00,73.58,73.2,74.1,55,0.917
2023-11-15 10:00,73.48,73.2,73.9,49,0.817
2023-11-15 11:00,73.54,73.1,73.9,60,1.0
2023-11-15 12:00,73.47,73.1,73.8,60,1.0
2023-11-15 13:00,73.25,73.0,73.7,60,1.0
2023-11-15 14:00,73.1,72.9,73.3,60,1.0
2023-11-15 15:00,73.08,72.9,73.6,60,1.0
2023-11-15 16:00,73.22,72.9,73.6,60,1.0
2023-11-15 17:00,73.04,72.7,73.5,60,1.0
2023-11-15 18:00,72.89,72.7,73.4,60,1.0
2023-11-15 19:00,72.86,72.6,73.3,60,1.0
2023-11-15 20:00,72.77,72.6,73.1,60,1.0
2023-11-15 21:00,72.85,72.6,73.4,60,1.0
2023-11-15 22:00,72.93,72.5,73.3,60,1.0
2023-11-15 23:00,72.96,72.5,73.4,60,1.0
2023-11-16 00:00,72.81,72.4,73.3,60,1.0
2023-11-16 01:00,72.61,72.3,73.1,60,1.0
2023-11-16 02:00,72.64,72.3,73.0,60,1.0
2023-11-16 03:00,72.68,72.2,73.1,60,1.0
2023-11-16 04:00,72.48,72.2,73.0,60,1.0
2023-11-16 05:00,72.28,72.1,72.5,60,1.0
2023-11-16 06:00,72.27,72.0,72.9,60,1.0
2023-11-16 07:00,72.21,72.0,72.7,60,1.0
2023-11-16 08:00,72.37,72.0,72.8,60,1.0
2023-11-16 09:00,72.19,71.9,72.7,60,1.0
2023-11-16 10:00,72.35,71.9,72.6,60,1.0
2023-11-16 11:00,72.05,71.9,72.6,60,1.0
2023-11-16 12:00,71.98,71.8,72.3,60,1.0
2023-11-16 13:00,72.06,71.8,72.5,60,1.0
2023-11-16 14:00,72.1,71.8,72.5,60,1.0
2023-11-16 15:00,72.21,71.7,72.6,60,1.0
2023-11-16 16:00,72.03,71.6,72.4,60,1.0
2023-11-16 17:00,71.76,71.6,72.4,60,1.0
2023-11-16 18:00,71.73,71.6,72.1,60,1.0
2023-11-16 19:00,71.95,71.6,72.3,60,1.0
2023-11-16 20:00,71.95,71.6,72.3,60,1.0
2023-11-16 21:00,71.83,71.4,72.2,60,1.0
2023-11-16 22:00,71.91,71.6,72.2,50,0.833
2023-11-16 23:00,71.86,71.5,72.3,52,0.867
2023-11-17 00:00,71.96,71.4,72.2,60,1.0
2023-11-17 01:00,71.96,71.6,72.4,60,1.0
2023-11-17 02:00,72.04,71.7,72.4,60,1.0
2023-11-17 03:00,72.08,71.7,72.7,60,1.0
2023-11-17 04:00,72.11,71.7,72.4,60,1.0
2023-11-17 05:00,72.07,71.7,72.4,60,1.0
2023-11-17 06:00,72.1,71.7,72.5,60,1.0
2023-11-17 07:00,72.05,71.6,72.5,60,1.0
2023-11-17 08:00,71.96,71.6,72.4,60,1.0
2023-11-17 09:00,71.89,71.7,72.2,60,1.0
2023-11-17 10:00,72.11,71.7,72.8,60,1.0
2023-11-17 11:00,72.29,72.0,72.6,60,1.0
2023-11-17 12:00,72.26,72.0,72.8,60,1.0
2023-11-17 13:00,72.47,72.1,72.9,60,1.0
2023-11-17 14:00,72.7,72.2,73.1,60,1.0
2023-11-17 15:00,72.64,72.3,73.0,60,1.0
2023-11-17 16:00,72.56,72.3,73.0,60,1.0
2023-11-17 17:00,72.41,72.2,72.7,60,1.0
2023-11-17 18:00,72.53,72.2,72.9,60,1.0
2023-11-17 19:00,72.73,72.3,73.1,60,1.0
2023-11-17 20:00,72.67,72.2,73.0,60,1.0
2023-11-17 21:00,72.62,72.2,72.9,60,1.0
2023-11-17 22:00,72.57,72.1,72.8,60,1.0
2023-11-17 23:00,72.49,72.1,72.9,60,1.0
2023-11-18 00:00,72.37,72.0,72.8,59,0.983
2023-11-18 01:00,72.27,71.8,72.6,60,1.0
2023-11-18 02:00,72.15,71.7,72.5,60,1.0
2023-11-18 03:00,72.12,71.7,72.5,60,1.0
2023-11-18 04:00,71.96,71.5,72.4,60,1.0
2023-11-18 05:00,71.76,71.5,72.2,60,1.0
2023-11-18 06:00,71.78,71.3,72.2,60,1.0
2023-11-18 07:00,71.59,71.3,72.0,60,1.0
2023-11-18 08:00,71.51,71.1,71.8,60,1.0
2023-11-18 09:00,71.33,70.8,71.7,60,1.0
2023-11-18 10:00,71.21,70.8,71.6,60,1.0
2023-11-18 11:00,70.96,70.6,71.3,60,1.0
2023-11-18 12:00,70.87,70.5,71.4,60,1.0
2023-11-18 13:00,70.79,70.4,71.1,60,1.0
2023-11-18 14:00,70.6,70.4,71.1,60,1.0
2023-11-18 15:00,70.58,70.3,70.9,60,1.0
2023-11-18 16:00,70.43,70.2,70.7,60,1.0
2023-11-18 17:00,70.4,70.3,70.8,60,1.0
2023-11-18 18:00,70.54,70.2,70.9,58,0.967
2023-11-18 19:00,70.46,70.1,70.8,60,1.0
2023-11-18 20:00,70.49,70.1,70.7,60,1.0
2023-11-18 21:00,70.43,70.0,70.8,60,1.0
2023-11-18 22:00,70.27,70.0,70.6,60,1.0
2023-11-18 23:00,70.32,70.0,70.7,59,0.983
2023-11-19 00:00,70.26,69.9,70.7,60,1.0
2023-11-19 01:00,70.32,69.9,70.7,60,1.0
2023-11-19 02:00,70.2,69.9,70.6,59,0.983
2023-11-19 03:00,70.06,69.8,70.6,47,0.783
2023-11-19 04:00,69.96,69.8,70.4,53,0.883
2023-11-19 05:00,69.89,69.7,70.2,59,0.983
2023-11-19 06:00,69.83,69.7,70.0,59,0.983
2023-11-19 07:00,69.81,69.7,70.1,60,1.0
2023-11-19 08:00,69.87,69.7,70.3,60,1.0
2023-11-19 09:00,69.93,69.7,70.3,60,1.0
2023-11-19 10:00,69.86,69.7,70.3,60,1.0
2023-11-19 11:00,69.98,69.6,70.4,60,1.0
2023-11-19 12:00,69.76,69.5,70.2,60,1.0
2023-11-19 13:00,69.7,69.5,70.1,59,0.983
2023-11-19 14:00,69.69,69.5,70.1,60,1.0
2023-11-19 15:00,69.64,69.5,70.0,60,1.0
2023-11-19 16:00,69.75,69.5,70.1,60,1.0
2023-11-19 17:00,69.68,69.3,70.0,59,0.983
2023-11-19 18:00,69.75,69.4,70.1,60,1.0
2023-11-19 19:00,69.68,69.3,70.0,60,1.0
2023-11-19 20:00,69.65,69.3,70.0,60,1.0
2023-11-19 21:00,69.51,69.3,69.9,60,1.0
2023-11-19 22:00,69.4,69.2,69.7,60,1.0
2023-11-19 23:00,69.51,69.2,69.9,60,1.0
2023-11-20 00:00,69.65,69.2,69.9,59,0.983
2023-11-20 01:00,69.56,69.2,69.9,60,1.0
2023-11-20 02:00,69.37,69.1,69.9,60,1.0
2023-11-20 03:00,69.36,69.2,69.8,59,0.983
2023-11-20 04:00,69.53,69.1,69.8,60,1.0
2023-11-20 05:00,69.55,69.2,69.8,59,0.983
2023-11-20 06:00,69.51,69.2,69.8,60,1.0
2023-11-20 07:00,69.46,69.1,69.8,60,1.0
2023-11-20 08:00,69.4,69.1,69.8,60,1.0
2023-11-20 09:00,69.28,69.0,69.8,59,0.983
2023-11-20 10:00,69.41,69.0,69.8,60,1.0
2023-11-20 11:00,69.13,69.0,69.5,60,1.0
2023-11-20 12:00,69.09,69.0,69.4,60,1.0
2023-11-20 13:00,69.05,68.9,69.4,60,1.0
2023-11-20 14:00,69.13,68.9,69.5,60,1.0
2023-11-20 15:00,69.31,68.9,69.6,60,1.0
2023-11-20 16:00,69.16,68.8,69.5,60,1.0
2023-11-20 17:00,69.06,68.8,69.5,60,1.0
2023-11-20 18:00,69.0,68.8,69.4,59,0.983
2023-11-20 19:00,68.87,68.7,69.3,60,1.0
2023-11-20 20:00,68.88,68.7,69.4,60,1.0
2023-11-20 21:00,68.86,68.7,69.4,60,1.0
2023-11-20 22:00,68.81,68.7,69.1,60,1.0
2023-11-20 23:00,68.86,68.7,69.4,60,1.0
2023-11-21 00:00,68.98,68.7,69.3,60,1.0
2023-11-21 01:00,69.02,68.7,69.3,59,0.983
2023-11-21 02:00,69.04,68.6,69.3,60,1.0
2023-11-21 03:00,69.0,68.6,69.3,54,0.9
2023-11-21 04:00,69.0,68.6,69.3,49,0.817
2023-11-21 05:00,68.96,68.6,69.2,60,1.0
2023-11-21 06:00,68.95,68.6,69.2,57,0.95
2023-11-21 07:00,68.98,68.6,69.3,58,0.967
2023-11-21 08:00,68.8,68.6,69.1,59,0.983
2023-11-21 09:00,68.86,68.6,69.3,60,1.0
2023-11-21 10:00,68.94,68.5,69.3,59,0.983
2023-11-21 11:00,68.68,68.4,69.1,60,1.0
2023-11-21 12:00,68.54,68.4,68.9,59,0.983
2023-11-21 13:00,68.46,68.3,68.7,59,0.983
2023-11-21 14:00,68.44,68.3,68.7,60,1.0
2023-11-21 15:00,68.4,68.3,68.7,60,1.0
2023-11-21 16:00,68.43,68.3,68.8,60,1.0
2023-11-21 17:00,68.44,68.3,68.9,60,1.0
2023-11-21 18:00,68.51,68.3,68.9,60,1.0
2023-11-21 19:00,68.47,68.2,68.8,60,1.0
2023-11-21 20:00,68.42,68.2,68.9,60,1.0
2023-11-21 21:00,68.52,68.2,68.8,60,1.0
2023-11-21 22:00,69.02,68.8,69.4,60,1.0
2023-11-21 23:00,68.97,68.7,69.3,60,1.0
2023-11-22 00:00,68.92,68.8,69.2,60,1.0
2023-11-22 01:00,69.01,68.8,69.4,60,1.0
2023-11-22 02:00,69.08,68.9,69.5,59,0.983
2023-11-22 03:00,69.14,68.9,69.6,59,0.983
2023-11-22 04:00,69.34,69.0,69.8,60,1.0
2023-11-22 05:00,69.37,69.0,69.8,60,1.0
2023-11-22 06:00,69.41,69.1,69.8,60,1.0
2023-11-22 07:00,69.4,69.0,69.8,60,1.0
2023-11-22 08:00,69.42,69.0,69.7,60,1.0
2023-11-22 09:00,69.36,69.0,69.8,60,1.0
2023-11-22 10:00,69.16,69.0,69.7,60,1.0
2023-11-22 11:00,69.14,69.0,69.5,60,1.0
2023-11-22 12:00,69.31,68.9,69.7,60,1.0
2023-11-22 13:00,69.35,69.0,69.7,60,1.0
2023-11-22 14:00,69.14,68.9,69.6,60,1.0
2023-11-22 15:00,69.23,68.9,69.6,60,1.0
2023-11-22 16:00,69.29,68.9,69.6,60,1.0
2023-11-22 17:00,69.24,68.8,69.6,60,1.0
2023-11-22 18:00,69.11,68.8,69.5,60,1.0
2023-11-22 19:00,68.99,68.8,69.5,60,1.0
2023-11-22 20:00,69.13,68.8,69.5,59,0.983
2023-11-22 21:00,68.97,68.7,69.4,60,1.0
2023-11-22 22:00,68.96,68.7,69.3,60,1.0
2023-11-22 23:00,68.89,68.6,69.3,55,0.917
2023-11-23 00:00,68.8,68.6,69.1,42,0.7
2023-11-23 01:00,68.72,68.5,69.1,56,0.933
2023-11-23 02:00,68.66,68.5,69.1,60,1.0
2023-11-23 03:00,68.75,68.4,69.1,60,1.0
2023-11-23 04:00,68.62,68.3,69.0,60,1.0
2023-11-23 05:00,68.49,68.3,68.9,60,1.0
2023-11-23 06:00,68.58,68.2,68.9,60,1.0
2023-11-23 07:00,68.45,68.1,68.9,59,0.983
2023-11-23 08:00,68.28,68.1,68.8,60,1.0
2023-11-23 09:00,68.34,68.1,68.8,59,0.983
2023-11-23 10:00,68.27,68.0,68.7,60,1.0
2023-11-23 11:00,68.31,68.0,68.7,58,0.967
2023-11-23 12:00,68.32,67.9,68.6,59,0.983
2023-11-23 13:00,68.04,67.8,68.6,59,0.983
2023-11-23 14:00,67.92,67.8,68.2,60,1.0
2023-11-23 15:00,67.92,67.8,68.4,60,1.0
2023-11-23 16:00,67.94,67.7,68.4,48,0.8
2023-11-23 17:00,68.0,67.7,68.5,55,0.917
2023-11-23 18:00,67.91,67.7,68.3,60,1.0
2023-11-23 19:00,67.81,67.6,68.2,59,0.983
2023-11-23 20:00,67.78,67.6,68.2,60,1.0
2023-11-23 21:00,67.82,67.6,68.2,60,1.0
2023-11-23 22:00,67.92,67.6,68.3,60,1.0
2023-11-23 23:00,68.01,67.6,68.3,60,1.0
2023-11-24 00:00,67.91,67.6,68.2,60,1.0
2023-11-24 01:00,67.92,67.6,68.3,60,1.0
2023-11-24 02:00,67.75,67.5,68.2,60,1.0
2023-11-24 03:00,67.7,67.5,68.1,60,1.0
2023-11-24 04:00,67.72,67.4,68.1,60,1.0
2023-11-24 05:00,67.7,67.4,68.1,60,1.0
2023-11-24 06:00,67.59,67.4,68.1,60,1.0
2023-11-24 07:00,67.52,67.4,68.0,59,0.983
2023-11-24 08:00,67.6,67.4,68.0,59,0.983
2023-11-24 09:00,67.68,67.4,68.0,60,1.0
2023-11-24 10:00,67.81,67.7,68.2,60,1.0
2023-11-24 11:00,68.0,67.7,68.4,59,0.983
2023-11-24 12:00,68.06,67.7,68.4,60,1.0
2023-11-24 13:00,67.98,67.7,68.4,60,1.0
2023-11-24 14:00,68.01,67.6,68.3,60,1.0
2023-11-24 15:00,68.01,67.6,68.2,60,1.0
2023-11-24 16:00,67.84,67.5,68.2,58,0.967
2023-11-24 17:00,67.67,67.5,68.0,60,1.0
2023-11-24 18:00,67.74,67.5,68.2,60,1.0
2023-11-24 19:00,67.89,67.6,68.3,58,0.967
2023-11-24 20:00,68.01,67.6,68.3,60,1.0
2023-11-24 21:00,67.94,67.5,68.3,60,1.0
2023-11-24 22:00,67.88,67.5,68.2,60,1.0
2023-11-24 23:00,67.92,67.6,68.2,51,0.85
2023-11-25 00:00,67.9,67.5,68.1,60,1.0
2023-11-25 01:00,67.73,67.5,68.1,60,1.0
2023-11-25 02:00,67.69,67.4,68.1,60,1.0
2023-11-25 03:00,67.74,67.4,68.1,59,0.983
2023-11-25 04:00,67.64,67.4,68.0,60,1.0
2023-11-25 05:00,67.55,67.4,68.0,60,1.0
2023-11-25 06:00,68.14,67.4,68.9,60,1.0
2023-11-25 07:00,68.32,68.0,68.7,60,1.0
2023-11-25 08:00,68.58,68.1,69.0,60,1.0
2023-11-25 09:00,68.41,68.2,68.8,60,1.0
2023-11-25 10:00,68.41,68.2,68.7,60,1.0
2023-11-25 11:00,68.49,68.3,68.8,60,1.0
2023-11-25 12:00,68.86,68.3,69.6,60,1.0
2023-11-25 13:00,68.96,68.7,69.5,60,1.0
2023-11-25 14:00,69.08,68.8,69.4,60,1.0
2023-11-25 15:00,69.0,68.8,69.5,60,1.0
2023-11-25 16:00,69.16,68.8,69.6,60,1.0
2023-11-25 17:00,69.23,68.8,69.6,60,1.0
2023-11-25 18:00,69.12,68.8,69.4,60,1.0
2023-11-25 19:00,68.93,68.7,69.3,58,0.967
2023-11-25 20:00,68.79,68.6,69.2,54,0.9
2023-11-25 21:00,68.68,68.6,69.1,49,0.817
2023-11-25 22:00,68.61,68.5,69.0,53,0.883
2023-11-25 23:00,68.63,68.4,69.0,58,0.967
2023-11-26 00:00,68.71,68.4,69.1,51,0.85
2023-11-26 01:00,68.49,68.4,68.8,60,1.0
2023-11-26 02:00,68.58,68.4,69.0,60,1.0
2023-11-26 03:00,68.56,68.3,68.9,60,1.0
2023-11-26 04:00,68.62,68.3,68.9,59,0.983
2023-11-26 05:00,68.67,68.2,68.9,60,1.0
2023-11-26 06:00,68.41,68.2,68.9,60,1.0
2023-11-26 07:00,68.51,68.2,68.9,60,1.0
2023-11-26 08:00,68.47,68.2,68.9,60,1.0
2023-11-26 09:00,68.25,68.1,68.5,60,1.0
2023-11-26 10:00,68.41,68.1,68.8,60,1.0
2023-11-26 11:00,68.35,68.1,68.9,60,1.0
2023-11-26 12:00,68.2,68.1,68.4,60,1.0
2023-11-26 13:00,68.29,68.0,68.6,60,1.0
2023-11-26 14:00,68.1,68.0,68.6,60,1.0
2023-11-26 15:00,68.08,68.0,68.3,60,1.0
2023-11-26 16:00,68.3,68.0,68.6,60,1.0
2023-11-26 17:00,68.32,67.9,68.7,60,1.0
2023-11-26 18:00,68.05,67.9,68.5,60,1.0
2023-11-26 19:00,68.01,67.9,68.2,60,1.0
2023-11-26 20:00,67.96,67.8,68.3,60,1.0
2023-11-26 21:00,68.08,67.8,68.4,60,1.0
2023-11-26 22:00,67.95,67.8,68.3,60,1.0
2023-11-26 23:00,67.94,67.8,68.3,60,1.0
2023-11-27 00:00,68.11,67.8,68.4,60,1.0
2023-11-27 01:00,68.26,67.8,68.6,60,1.0
2023-11-27 02:00,68.14,67.8,68.5,60,1.0
2023-11-27 03:00,67.9,67.7,68.3,60,1.0
2023-11-27 04:00,67.86,67.7,68.1,60,1.0
2023-11-27 05:00,67.85,67.7,68.0,60,1.0
2023-11-27 06:00,67.82,67.7,68.0,60,1.0
2023-11-27 07:00,67.94,67.7,68.4,60,1.0
2023-11-27 08:00,67.91,67.7,68.3,60,1.0
2023-11-27 09:00,67.88,67.7,68.3,60,1.0
2023-11-27 10:00,68.03,67.7,68.3,60,1.0
2023-11-27 11:00,67.84,67.6,68.3,60,1.0
2023-11-27 12:00,67.78,67.6,68.1,60,1.0
2023-11-27 13:00,67.72,67.6,68.1,60,1.0
2023-11-27 14:00,67.8,67.5,68.3,60,1.0
2023-11-27 15:00,67.78,67.5,68.1,60,1.0
2023-11-27 16:00,67.81,67.5,68.1,60,1.0
2023-11-27 17:00,67.6,67.5,67.9,60,1.0
2023-11-27 18:00,67.57,67.4,67.9,60,1.0
2023-11-27 19:00,67.79,67.4,68.6,60,1.0
2023-11-27 20:00,68.25,68.0,68.7,60,1.0
2023-11-27 21:00,68.59,68.3,69.0,60,1.0
2023-11-27 22:00,69.16,68.7,69.6,60,1.0
2023-11-27 23:00,71.53,69.4,77.1,60,1.0
2023-11-28 00:00,81.58,77.0,85.5,60,1.0
2023-11-28 01:00,85.24,84.6,86.0,60,1.0
2023-11-28 02:00,85.75,85.2,86.4,60,1.0
2023-11-28 03:00,86.03,85.5,86.7,60,1.0
2023-11-28 04:00,85.72,85.2,86.6,60,1.0
2023-11-28 05:00,87.24,86.0,88.1,60,1.0
2023-11-28 06:00,88.5,87.3,89.9,60,1.0
2023-11-28 07:00,88.55,87.3,89.7,60,1.0
2023-11-28 08:00,86.95,86.1,87.9,60,1.0
2023-11-28 09:00,85.82,84.9,86.9,53,0.883
2023-11-28 10:00,84.82,84.2,85.5,50,0.833
2023-11-28 11:00,84.04,83.6,84.7,60,1.0
2023-11-28 12:00,84.11,83.6,84.7,60,1.0
2023-11-28 13:00,84.41,83.8,84.8,60,1.0
2023-11-28 14:00,84.16,83.6,84.6,60,1.0
2023-11-28 15:00,83.56,82.9,84.3,60,1.0
2023-11-28 16:00,82.95,82.4,83.4,60,1.0
2023-11-28 17:00,82.59,81.9,83.1,60,1.0
2023-11-28 18:00,82.03,81.6,82.6,60,1.0
2023-11-28 19:00,81.73,81.3,82.4,60,1.0
2023-11-28 20:00,81.4,81.1,82.2,60,1.0
2023-11-28 21:00,81.1,80.8,81.5,60,1.0
2023-11-28 22:00,80.76,80.4,81.2,60,1.0
2023-11-28 23:00,80.47,80.2,80.9,60,1.0
2023-11-29 00:00,80.16,79.8,80.5,60,1.0
2023-11-29 01:00,79.95,79.5,80.5,60,1.0
2023-11-29 02:00,79.54,79.2,80.0,60,1.0
2023-11-29 03:00,79.37,79.0,80.0,60,1.0
2023-11-29 04:00,79.19,78.7,79.6,59,0.983
2023-11-29 05:00,79.05,78.6,79.4,60,1.0
2023-11-29 06:00,78.9,78.4,79.3,60,1.0
2023-11-29 07:00,78.54,78.1,79.2,60,1.0
2023-11-29 08:00,78.39,78.0,79.0,60,1.0
2023-11-29 09:00,78.01,77.8,78.6,60,1.0
2023-11-29 10:00,77.92,77.6,78.5,60,1.0
2023-11-29 11:00,77.66,77.4,78.3,60,1.0
2023-11-29 12:00,77.53,77.2,77.9,60,1.0
2023-11-29 13:00,77.54,77.2,77.9,60,1.0
2023-11-29 14:00,77.28,76.9,77.8,59,0.983
2023-11-29 15:00,76.97,76.7,77.4,60,1.0
2023-11-29 16:00,76.86,76.5,77.2,60,1.0
2023-11-29 17:00,76.94,76.6,77.3,60,1.0
2023-11-29 18:00,76.86,76.4,77.2,60,1.0
2023-11-29 19:00,76.65,76.2,77.1,60,1.0
2023-11-29 20:00,76.25,76.1,76.6,60,1.0
2023-11-29 21:00,76.12,75.9,76.5,60,1.0
2023-11-29 22:00,75.99,75.8,76.3,60,1.0
2023-11-29 23:00,76.06,75.7,76.5,60,1.0
2023-11-30 00:00,75.83,75.6,76.4,60,1.0
2023-11-30 01:00,75.69,75.5,76.0,60,1.0
2023-11-30 02:00,75.63,75.4,76.0,60,1.0
2023-11-30 03:00,75.52,75.3,76.0,60,1.0
2023-11-30 04:00,75.41,75.2,75.9,60,1.0
2023-11-30 05:00,75.3,75.1,75.7,60,1.0
2023-11-30 06:00,75.27,75.0,75.9,60,1.0
2023-11-30 07:00,75.85,75.3,76.4,60,1.0
2023-11-30 08:00,76.74,75.7,77.9,60,1.0
2023-11-30 09:00,78.67,77.2,79.4,60,1.0
2023-11-30 10:00,80.02,79.1,81.5,60,1.0
2023-11-30 11:00,82.53,80.9,83.9,60,1.0
2023-11-30 12:00,83.3,82.9,83.9,60,1.0
2023-11-30 13:00,82.87,82.2,83.3,60,1.0
2023-11-30 14:00,82.32,81.7,82.9,60,1.0
2023-11-30 15:00,81.8,81.3,82.3,60,1.0
2023-11-30 16:00,81.39,80.9,82.1,60,1.0
2023-11-30 17:00,80.82,80.5,81.5,60,1.0
2023-11-30 18:00,80.46,80.2,80.9,60,1.0
2023-11-30 19:00,80.46,80.0,81.0,60,1.0
2023-11-30 20:00,80.13,79.7,80.7,60,1.0
2023-11-30 21:00,79.68,79.3,80.2,60,1.0
2023-11-30 22:00,79.34,78.9,79.8,60,1.0
2023-11-30 23:00,79.05,78.7,79.6,60,1.0
2023-12-01 00:00,78.87,78.5,79.3,59,0.983
2023-12-01 01:00,78.7,78.2,79.1,46,0.767
2023-12-01 02:00,78.59,78.1,79.0,48,0.8
2023-12-01 03:00,78.24,77.8,78.7,60,1.0
2023-12-01 04:00,78.08,77.7,78.6,60,1.0
2023-12-01 05:00,77.75,77.6,78.2,60,1.0
2023-12-01 06:00,77.53,77.3,77.8,60,1.0
2023-12-01 07:00,77.53,77.2,78.1,60,1.0
2023-12-01 08:00,77.52,77.2,77.8,54,0.9
2023-12-01 09:00,77.36,76.9,77.7,60,1.0
2023-12-01 10:00,76.99,76.7,77.6,60,1.0
2023-12-01 11:00,76.76,76.5,77.0,60,1.0
2023-12-01 12:00,76.82,76.4,77.2,60,1.0
2023-12-01 13:00,76.73,76.2,77.1,60,1.0
2023-12-01 14:00,76.47,76.0,76.9,60,1.0
2023-12-01 15:00,76.19,75.9,76.7,60,1.0
2023-12-01 16:00,76.03,75.8,76.6,60,1.0
2023-12-01 17:00,76.07,75.7,76.5,60,1.0
2023-12-01 18:00,75.86,75.5,76.4,60,1.0
2023-12-01 19:00,75.58,75.4,75.9,60,1.0
2023-12-01 20:00,75.47,75.2,75.8,60,1.0
2023-12-01 21:00,75.38,75.2,75.9,60,1.0
2023-12-01 22:00,75.5,75.1,75.9,60,1.0
2023-12-01 23:00,75.29,75.0,75.8,60,1.0
2023-12-02 00:00,75.04,74.9,75.3,59,0.983
2023-12-02 01:00,75.01,74.8,75.4,60,1.0
2023-12-02 02:00,74.96,74.7,75.5,60,1.0
2023-12-02 03:00,74.89,74.6,75.4,60,1.0
2023-12-02 04:00,74.81,74.5,75.2,60,1.0
2023-12-02 05:00,74.74,74.5,75.3,60,1.0
2023-12-02 06:00,74.64,74.4,75.1,60,1.0
2023-12-02 07:00,74.61,74.3,75.0,60,1.0
2023-12-02 08:00,74.51,74.2,75.1,59,0.983
2023-12-02 09:00,74.34,74.1,74.8,60,1.0
2023-12-02 10:00,74.54,74.1,74.9,60,1.0
2023-12-02 11:00,74.33,74.0,74.8,60,1.0
2023-12-02 12:00,74.38,74.0,74.8,60,1.0
2023-12-02 13:00,74.2,73.8,74.7,60,1.0
2023-12-02 14:00,73.87,73.7,74.2,60,1.0
2023-12-02 15:00,73.73,73.5,74.3,59,0.983
2023-12-02 16:00,73.82,73.5,74.2,60,1.0
2023-12-02 17:00,73.73,73.3,74.3,60,1.0
2023-12-02 18:00,73.51,73.3,74.0,60,1.0
2023-12-02 19:00,73.68,73.3,74.1,60,1.0
2023-12-02 20:00,73.51,73.1,73.9,60,1.0
2023-12-02 21:00,73.4,73.1,73.9,60,1.0
2023-12-02 22:00,73.7,73.0,74.1,60,1.0
2023-12-02 23:00,73.7,73.3,74.1,60,1.0
2023-12-03 00:00,73.46,73.2,73.9,60,1.0
2023-12-03 01:00,73.35,73.2,73.9,58,0.967
2023-12-03 02:00,73.26,73.1,73.6,57,0.95
2023-12-03 03:00,73.35,73.1,73.9,49,0.817
2023-12-03 04:00,73.52,73.3,74.0,51,0.85
2023-12-03 05:00,73.5,73.3,73.9,55,0.917
2023-12-03 06:00,73.46,73.2,73.9,48,0.8
2023-12-03 07:00,73.31,73.1,73.7,55,0.917
2023-12-03 08:00,73.31,73.0,73.8,60,1.0
2023-12-03 09:00,73.48,73.0,73.8,60,1.0
2023-12-03 10:00,73.3,72.9,73.8,59,0.983
2023-12-03 11:00,73.23,72.9,73.7,60,1.0
2023-12-03 12:00,73.16,72.8,73.7,60,1.0
2023-12-03 13:00,72.96,72.6,73.4,60,1.0
2023-12-03 14:00,72.92,72.6,73.3,60,1.0
2023-12-03 15:00,72.92,72.5,73.3,60,1.0
2023-12-03 16:00,72.63,72.4,73.1,60,1.0
2023-12-03 17:00,72.52,72.3,72.9,59,0.983
2023-12-03 18:00,72.62,72.3,73.0,60,1.0
2023-12-03 19:00,72.61,72.2,72.9,60,1.0
2023-12-03 20:00,72.7,72.3,73.0,60,1.0
2023-12-03 21:00,72.6,72.2,72.9,60,1.0
2023-12-03 22:00,72.59,72.1,72.9,60,1.0
2023-12-03 23:00,72.46,72.1,72.7,60,1.0
2023-12-04 00:00,72.4,72.0,72.7,60,1.0
2023-12-04 01:00,72.38,72.0,72.7,60,1.0
2023-12-04 02:00,72.35,71.9,72.6,60,1.0
2023-12-04 03:00,72.14,71.8,72.6,60,1.0
2023-12-04 04:00,72.02,71.7,72.5,60,1.0
2023-12-04 05:00,71.88,71.7,72.2,60,1.0
2023-12-04 06:00,71.83,71.7,72.5,60,1.0
2023-12-04 07:00,71.78,71.6,72.4,59,0.983
2023-12-04 08:00,72.01,71.6,72.4,59,0.983
2023-12-04 09:00,71.97,71.5,72.2,60,1.0
2023-12-04 10:00,71.7,71.5,72.1,60,1.0
2023-12-04 11:00,71.67,71.5,72.1,60,1.0
2023-12-04 12:00,71.77,71.4,72.2,58,0.967
2023-12-04 13:00,71.63,71.4,72.1,59,0.983
2023-12-04 14:00,71.56,71.3,72.1,60,1.0
2023-12-04 15:00,71.68,71.3,72.1,60,1.0
2023-12-04 16:00,71.58,71.2,72.1,60,1.0
2023-12-04 17:00,71.4,71.2,71.8,60,1.0
2023-12-04 18:00,71.29,71.1,71.7,60,1.0
2023-12-04 19:00,71.27,71.1,71.8,60,1.0
2023-12-04 20:00,71.21,71.1,71.5,60,1.0
2023-12-04 21:00,71.21,71.0,71.7,60,1.0
2023-12-04 22:00,71.36,71.0,71.7,60,1.0
2023-12-04 23:00,71.19,71.0,71.7,60,1.0
2023-12-05 00:00,71.09,71.0,71.6,60,1.0
2023-12-05 01:00,71.11,70.9,71.7,60,1.0
2023-12-05 02:00,71.26,70.9,71.8,60,1.0
2023-12-05 03:00,71.97,71.6,72.5,60,1.0
2023-12-05 04:00,72.36,71.9,73.1,60,1.0
2023-12-05 05:00,73.82,72.8,75.6,60,1.0
2023-12-05 06:00,81.47,75.6,84.9,60,1.0
2023-12-05 07:00,85.35,84.8,86.2,60,1.0
2023-12-05 08:00,84.69,84.0,85.3,60,1.0
2023-12-05 09:00,84.04,83.4,84.8,59,0.983
2023-12-05 10:00,83.66,83.3,84.4,60,1.0
2023-12-05 11:00,83.47,83.0,84.1,59,0.983
2023-12-05 12:00,83.14,82.8,83.8,59,0.983
2023-12-05 13:00,83.16,82.8,83.7,60,1.0
2023-12-05 14:00,83.02,82.5,83.5,60,1.0
2023-12-05 15:00,84.13,83.2,85.0,58,0.967
2023-12-05 16:00,84.39,83.9,84.9,53,0.883
2023-12-05 17:00,84.12,83.7,84.7,42,0.7
2023-12-05 18:00,83.61,83.2,84.3,48,0.8
2023-12-05 19:00,83.13,82.8,83.5,48,0.8
2023-12-05 20:00,82.67,82.4,83.4,47,0.783
2023-12-05 21:00,82.31,81.9,82.9,59,0.983
2023-12-05 22:00,81.88,81.5,82.3,60,1.0
2023-12-05 23:00,81.52,81.1,82.4,60,1.0
2023-12-06 00:00,81.23,80.9,81.6,60,1.0
2023-12-06 01:00,81.11,80.8,81.6,59,0.983
2023-12-06 02:00,81.07,80.7,81.5,60,1.0
2023-12-06 03:00,80.76,80.3,81.3,60,1.0
2023-12-06 04:00,80.46,80.1,81.1,60,1.0
2023-12-06 05:00,80.4,80.0,81.0,60,1.0
2023-12-06 06:00,80.16,79.7,80.6,60,1.0
2023-12-06 07:00,79.73,79.2,80.2,60,1.0
2023-12-06 08:00,79.57,79.1,80.1,60,1.0
2023-12-06 09:00,79.08,78.7,79.7,60,1.0
2023-12-06 10:00,78.79,78.5,79.1,60,1.0
2023-12-06 11:00,78.73,78.4,79.1,60,1.0
2023-12-06 12:00,78.61,78.1,79.1,60,1.0
2023-12-06 13:00,78.44,78.0,78.9,60,1.0
2023-12-06 14:00,78.24,77.8,78.6,60,1.0
2023-12-06 15:00,77.98,77.5,78.6,60,1.0
2023-12-06 16:00,77.59,77.4,78.2,60,1.0
2023-12-06 17:00,77.48,77.2,77.8,60,1.0
2023-12-06 18:00,77.55,77.1,78.0,60,1.0
2023-12-06 19:00,77.42,77.0,77.8,60,1.0
2023-12-06 20:00,77.34,76.9,77.7,58,0.967
2023-12-06 21:00,77.25,76.7,77.7,60,1.0
2023-12-06 22:00,77.15,76.8,77.5,60,1.0
2023-12-06 23:00,76.99,76.6,77.3,60,1.0
2023-12-07 00:00,76.87,76.3,77.2,60,1.0
2023-12-07 01:00,76.49,76.2,77.1,60,1.0
2023-12-07 02:00,76.57,76.0,76.9,60,1.0
2023-12-07 03:00,76.38,76.0,76.8,60,1.0
2023-12-07 04:00,76.15,75.9,76.6,60,1.0
2023-12-07 05:00,76.07,75.7,76.5,60,1.0
2023-12-07 06:00,75.97,75.6,76.5,60,1.0
2023-12-07 07:00,75.87,75.5,76.3,60,1.0
2023-12-07 08:00,75.63,75.4,76.2,59,0.983
2023-12-07 09:00,75.79,75.3,76.2,60,1.0
2023-12-07 10:00,75.47,75.2,75.9,52,0.867
2023-12-07 11:00,75.28,75.1,75.7,54,0.9
2023-12-07 12:00,75.18,74.9,75.5,60,1.0
2023-12-07 13:00,75.21,74.9,75.6,60,1.0
2023-12-07 14:00,75.34,75.0,75.6,60,1.0
2023-12-07 15:00,75.21,74.9,75.5,60,1.0
2023-12-07 16:00,75.13,74.7,75.5,60,1.0
2023-12-07 17:00,75.06,74.6,75.3,60,1.0
2023-12-07 18:00,74.85,74.4,75.3,60,1.0
2023-12-07 19:00,74.82,74.4,75.2,60,1.0
2023-12-07 20:00,74.82,74.3,75.1,60,1.0
2023-12-07 21:00,74.52,74.3,75.0,60,1.0
2023-12-07 22:00,74.3,74.2,74.6,60,1.0
2023-12-07 23:00,74.27,74.1,74.5,60,1.0
2023-12-08 00:00,74.22,74.0,74.6,60,1.0
2023-12-08 01:00,74.31,73.9,74.7,60,1.0
2023-12-08 02:00,74.25,73.9,74.7,60,1.0
2023-12-08 03:00,73.95,73.8,74.1,60,1.0
2023-12-08 04:00,73.98,73.8,74.3,60,1.0
2023-12-08 05:00,73.97,73.7,74.3,60,1.0
2023-12-08 06:00,73.91,73.6,74.4,60,1.0
2023-12-08 07:00,73.94,73.6,74.3,60,1.0
2023-12-08 08:00,73.85,73.5,74.5,60,1.0
2023-12-08 09:00,73.81,73.5,74.2,60,1.0
2023-12-08 10:00,73.86,73.4,74.2,60,1.0
2023-12-08 11:00,73.57,73.3,74.0,60,1.0
2023-12-08 12:00,73.64,73.3,74.1,60,1.0
2023-12-08 13:00,73.53,73.3,74.0,60,1.0
2023-12-08 14:00,73.4,73.2,73.9,60,1.0
2023-12-08 15:00,73.6,73.2,73.9,60,1.0
2023-12-08 16:00,73.55,73.1,74.0,60,1.0
2023-12-08 17:00,73.23,73.1,73.9,60,1.0
2023-12-08 18:00,73.22,73.0,73.7,60,1.0
2023-12-08 19:00,73.38,72.9,73.8,60,1.0
2023-12-08 20:00,73.43,73.1,73.7,60,1.0
2023-12-08 21:00,73.35,72.9,73.7,60,1.0
2023-12-08 22:00,73.38,73.0,73.7,60,1.0
2023-12-08 23:00,73.36,72.9,73.6,34,0.567
2023-12-09 11:00,72.07,71.8,72.6,48,0.8
2023-12-09 12:00,71.99,71.8,72.5,48,0.8
2023-12-09 13:00,72.08,71.7,72.4,57,0.95
2023-12-09 14:00,71.89,71.6,72.3,51,0.85
2023-12-09 15:00,71.76,71.6,72.3,40,0.667
2023-12-09 16:00,71.66,71.5,72.2,53,0.883
2023-12-09 17:00,71.64,71.5,72.1,60,1.0
2023-12-09 18:00,71.78,71.5,72.1,59,0.983
2023-12-09 19:00,71.74,71.4,72.1,60,1.0
2023-12-09 20:00,71.82,71.4,72.1,53,0.883
2023-12-09 21:00,71.72,71.3,72.0,47,0.783
2023-12-09 22:00,71.48,71.2,71.8,50,0.833
2023-12-09 23:00,71.65,71.2,72.0,56,0.933
2023-12-10 00:00,71.51,71.2,72.0,60,1.0
2023-12-10 01:00,71.35,71.2,71.8,60,1.0
2023-12-10 02:00,71.36,71.1,71.8,60,1.0
2023-12-10 03:00,71.37,71.2,71.7,60,1.0
2023-12-10 04:00,71.48,71.3,71.9,60,1.0
2023-12-10 05:00,72.02,71.7,72.5,60,1.0
2023-12-10 06:00,72.34,72.1,72.8,60,1.0
2023-12-10 07:00,72.54,72.1,73.2,60,1.0
2023-12-10 08:00,72.86,72.4,73.6,60,1.0
2023-12-10 09:00,73.34,72.9,73.8,60,1.0
2023-12-10 10:00,73.59,73.2,73.9,60,1.0
2023-12-10 11:00,74.01,73.6,74.5,60,1.0
2023-12-10 12:00,74.4,74.0,75.1,60,1.0
2023-12-10 13:00,74.81,74.4,75.2,60,1.0
2023-12-10 14:00,74.8,74.5,75.3,60,1.0
2023-12-10 15:00,74.98,74.5,75.3,60,1.0
2023-12-10 16:00,74.86,74.4,75.4,60,1.0
2023-12-10 17:00,74.57,74.3,74.9,60,1.0
2023-12-10 18:00,74.48,74.2,75.0,60,1.0
2023-12-10 19:00,74.26,74.0,74.8,60,1.0
2023-12-10 20:00,74.14,73.9,74.6,60,1.0
2023-12-10 21:00,74.06,73.8,74.6,60,1.0
2023-12-10 22:00,73.94,73.7,74.4,60,1.0
2023-12-10 23:00,74.09,73.7,74.4,60,1.0
2023-12-11 00:00,73.87,73.6,74.3,60,1.0
2023-12-11 01:00,73.78,73.5,74.1,60,1.0
2023-12-11 02:00,73.61,73.4,74.1,60,1.0
2023-12-11 03:00,73.44,73.3,73.6,60,1.0
2023-12-11 04:00,73.51,73.3,73.9,60,1.0
2023-12-11 05:00,73.48,73.2,73.9,60,1.0
2023-12-11 06:00,73.6,73.2,73.9,60,1.0
2023-12-11 07:00,73.32,73.0,73.8,60,1.0
2023-12-11 08:00,73.35,72.9,73.7,60,1.0
2023-12-11 09:00,73.27,73.0,73.6,60,1.0
2023-12-11 10:00,73.11,72.9,73.6,60,1.0
2023-12-11 11:00,73.05,72.8,73.5,60,1.0
2023-12-11 12:00,73.11,72.8,73.6,60,1.0
2023-12-11 13:00,72.9,72.6,73.3,60,1.0
2023-12-11 14:00,72.93,72.6,73.4,60,1.0
2023-12-11 15:00,72.92,72.6,73.3,59,0.983
2023-12-11 16:00,72.83,72.5,73.2,45,0.75
2023-12-11 17:00,72.66,72.4,73.2,49,0.817
2023-12-11 18:00,72.76,72.4,73.1,50,0.833
2023-12-11 19:00,72.65,72.3,73.0,60,1.0
2023-12-11 20:00,72.58,72.3,73.0,60,1.0
2023-12-11 21:00,72.63,72.3,73.0,60,1.0
2023-12-11 22:00,72.5,72.2,72.8,60,1.0
2023-12-11 23:00,72.51,72.2,72.9,60,1.0
2023-12-12 00:00,72.47,72.2,72.9,60,1.0
2023-12-12 01:00,72.4,72.1,72.8,60,1.0
2023-12-12 02:00,72.35,72.1,72.7,60,1.0
2023-12-12 03:00,72.34,72.1,72.8,60,1.0
2023-12-12 04:00,72.32,72.0,72.7,60,1.0
2023-12-12 05:00,72.28,71.9,72.7,60,1.0
2023-12-12 06:00,72.19,71.9,72.6,60,1.0
2023-12-12 07:00,72.15,71.9,72.5,60,1.0
2023-12-12 08:00,72.09,71.9,72.6,60,1.0
2023-12-12 09:00,72.21,71.9,72.6,60,1.0
2023-12-12 10:00,72.34,71.9,72.7,60,1.0
2023-12-12 11:00,72.4,72.1,73.0,60,1.0
2023-12-12 12:00,72.43,72.0,73.0,60,1.0
2023-12-12 13:00,72.54,72.3,72.9,60,1.0
2023-12-12 14:00,72.56,72.3,73.0,60,1.0
2023-12-12 15:00,72.57,72.3,73.1,60,1.0
2023-12-12 16:00,72.73,72.3,73.1,60,1.0
2023-12-12 17:00,72.77,72.3,73.1,60,1.0
2023-12-12 18:00,72.68,72.3,73.1,60,1.0
2023-12-12 19:00,72.76,72.3,73.1,60,1.0
2023-12-12 20:00,72.56,72.3,73.2,60,1.0
2023-12-12 21:00,72.5,72.3,72.9,60,1.0
2023-12-12 22:00,72.47,72.2,72.9,60,1.0
2023-12-12 23:00,72.44,72.2,72.9,60,1.0
2023-12-13 00:00,72.54,72.2,72.9,60,1.0
2023-12-13 01:00,72.54,72.1,73.0,59,0.983
2023-12-13 02:00,72.44,72.1,73.0,60,1.0
2023-12-13 03:00,72.25,72.0,72.7,60,1.0
2023-12-13 04:00,72.35,72.0,72.7,60,1.0
2023-12-13 05:00,72.52,72.1,72.7,60,1.0
2023-12-13 06:00,72.44,72.0,72.9,59,0.983
2023-12-13 07:00,72.41,72.0,72.8,60,1.0
2023-12-13 08:00,72.38,72.0,72.6,60,1.0
2023-12-13 09:00,72.33,71.9,72.7,60,1.0
2023-12-13 10:00,72.24,71.8,72.6,60,1.0
2023-12-13 11:00,72.17,71.8,72.5,60,1.0
2023-12-13 12:00,71.99,71.7,72.5,58,0.967
2023-12-13 13:00,71.88,71.6,72.4,60,1.0
2023-12-13 14:00,71.98,71.6,72.3,54,0.9
2023-12-13 15:00,71.92,71.5,72.3,56,0.933
2023-12-13 16:00,71.87,71.5,72.2,60,1.0
2023-12-13 17:00,71.76,71.4,72.2,60,1.0
2023-12-13 18:00,71.54,71.4,71.8,60,1.0
2023-12-13 19:00,71.62,71.4,72.1,60,1.0
2023-12-13 20:00,71.57,71.3,72.0,60,1.0
2023-12-13 21:00,71.67,71.3,72.1,60,1.0
2023-12-13 22:00,71.62,71.2,71.9,60,1.0
2023-12-13 23:00,71.55,71.2,71.9,60,1.0
2023-12-14 00:00,71.52,71.2,71.9,60,1.0
2023-12-14 01:00,71.41,71.1,71.8,60,1.0
2023-12-14 02:00,71.52,71.1,72.3,60,1.0
2023-12-14 03:00,71.9,71.5,72.3,59,0.983
2023-12-14 04:00,72.0,71.6,72.4,60,1.0
2023-12-14 05:00,71.88,71.5,72.4,60,1.0
2023-12-14 06:00,71.82,71.4,72.2,60,1.0
2023-12-14 07:00,71.57,71.4,72.0,60,1.0
2023-12-14 08:00,71.79,71.4,72.1,59,0.983
2023-12-14 09:00,71.89,71.4,72.4,60,1.0
2023-12-14 10:00,72.13,71.9,72.6,60,1.0
2023-12-14 11:00,72.16,72.0,72.6,60,1.0
2023-12-14 12:00,72.5,72.1,73.1,60,1.0
2023-12-14 13:00,73.04,72.4,73.8,60,1.0
2023-12-14 14:00,73.92,73.4,74.8,60,1.0
2023-12-14 15:00,74.96,74.3,75.9,58,0.967
2023-12-14 16:00,76.01,75.2,76.7,60,1.0
2023-12-14 17:00,77.02,76.4,77.8,59,0.983
2023-12-14 18:00,78.22,77.3,79.1,60,1.0
2023-12-14 19:00,79.16,78.6,79.8,60,1.0
2023-12-14 20:00,79.53,79.0,80.0,60,1.0
2023-12-14 21:00,79.82,79.2,80.5,60,1.0
2023-12-14 22:00,80.15,79.7,80.7,60,1.0
2023-12-14 23:00,80.08,79.6,80.5,60,1.0
2023-12-15 00:00,79.84,79.3,80.2,60,1.0
2023-12-15 01:00,79.71,79.1,80.3,60,1.0
2023-12-15 02:00,79.34,78.9,79.9,60,1.0
2023-12-15 03:00,79.12,78.7,79.6,60,1.0
2023-12-15 04:00,78.97,78.5,79.4,60,1.0
2023-12-15 05:00,78.6,78.2,79.0,60,1.0
2023-12-15 06:00,78.3,78.0,78.8,60,1.0
2023-12-15 07:00,78.08,77.7,78.6,60,1.0
2023-12-15 08:00,77.77,77.4,78.2,60,1.0
2023-12-15 09:00,77.67,77.2,78.2,60,1.0
2023-12-15 10:00,77.38,77.0,77.8,60,1.0
2023-12-15 11:00,77.15,76.9,77.6,60,1.0
2023-12-15 12:00,76.93,76.7,77.4,60,1.0
2023-12-15 13:00,76.77,76.4,77.3,60,1.0
2023-12-15 14:00,76.54,76.2,77.1,60,1.0
2023-12-15 15:00,76.19,75.8,76.8,60,1.0
2023-12-15 16:00,75.87,75.6,76.2,59,0.983
2023-12-15 17:00,75.73,75.5,76.2,49,0.817
2023-12-15 18:00,75.62,75.2,76.1,60,1.0
2023-12-15 19:00,75.49,75.1,75.9,60,1.0
2023-12-15 20:00,75.39,74.9,76.0,60,1.0
2023-12-15 21:00,75.26,74.8,75.7,60,1.0
2023-12-15 22:00,75.06,74.7,75.4,60,1.0
2023-12-15 23:00,74.95,74.6,75.4,60,1.0
2023-12-16 00:00,74.76,74.3,75.1,60,1.0
2023-12-16 01:00,74.53,74.2,75.0,60,1.0
2023-12-16 02:00,74.46,74.0,75.0,60,1.0
2023-12-16 03:00,74.19,73.9,74.6,60,1.0
2023-12-16 04:00,74.22,73.9,74.7,60,1.0
2023-12-16 05:00,74.16,73.7,74.4,60,1.0
2023-12-16 06:00,73.98,73.6,74.3,60,1.0
2023-12-16 07:00,73.82,73.5,74.2,60,1.0
2023-12-16 08:00,73.64,73.4,74.0,60,1.0
2023-12-16 09:00,73.62,73.4,74.1,60,1.0
2023-12-16 10:00,73.6,73.3,74.0,60,1.0
2023-12-16 11:00,73.58,73.2,74.1,60,1.0
2023-12-16 12:00,73.53,73.1,73.8,60,1.0
2023-12-16 13:00,73.36,73.0,73.7,60,1.0
2023-12-16 14:00,73.2,72.9,73.6,60,1.0
2023-12-16 15:00,73.09,72.9,73.6,60,1.0
2023-12-16 16:00,73.03,72.8,73.6,59,0.983
2023-12-16 17:00,72.85,72.7,73.3,60,1.0
2023-12-16 18:00,72.79,72.6,73.1,60,1.0
2023-12-16 19:00,72.69,72.5,72.9,60,1.0
2023-12-16 20:00,72.64,72.5,73.1,60,1.0
2023-12-16 21:00,72.68,72.4,73.1,60,1.0
2023-12-16 22:00,72.48,72.4,72.7,60,1.0
2023-12-16 23:00,72.43,72.3,72.6,60,1.0
2023-12-17 00:00,72.34,72.2,72.9,60,1.0
2023-12-17 01:00,72.32,72.2,72.6,60,1.0
2023-12-17 02:00,72.19,72.1,72.7,60,1.0
2023-12-17 03:00,72.2,72.0,72.6,60,1.0
2023-12-17 04:00,72.14,72.0,72.5,60,1.0
2023-12-17 05:00,72.16,72.0,72.5,60,1.0
2023-12-17 06:00,72.06,71.9,72.4,60,1.0
2023-12-17 07:00,72.02,71.8,72.4,60,1.0
2023-12-17 08:00,71.95,71.8,72.4,60,1.0
2023-12-17 09:00,72.07,71.8,72.5,46,0.767
2023-12-17 10:00,71.98,71.7,72.5,59,0.983
2023-12-17 11:00,72.04,71.7,72.4,60,1.0
2023-12-17 12:00,71.85,71.6,72.3,60,1.0
2023-12-17 13:00,71.94,71.5,72.3,60,1.0
2023-12-17 14:00,71.92,71.6,72.3,60,1.0
2023-12-17 15:00,71.89,71.5,72.3,60,1.0
2023-12-17 16:00,71.73,71.4,72.1,59,0.983
2023-12-17 17:00,71.73,71.3,72.1,58,0.967
2023-12-17 18:00,71.69,71.3,72.1,60,1.0
2023-12-17 19:00,71.59,71.2,72.0,60,1.0
2023-12-17 20:00,71.25,71.1,71.7,60,1.0
2023-12-17 21:00,71.21,71.1,71.6,60,1.0
2023-12-17 22:00,71.15,71.1,71.4,60,1.0
2023-12-17 23:00,71.33,71.1,71.7,60,1.0
2023-12-18 00:00,71.45,71.1,71.8,60,1.0
2023-12-18 01:00,71.43,71.0,71.7,60,1.0
2023-12-18 02:00,71.37,71.0,71.6,60,1.0
2023-12-18 03:00,71.26,70.9,71.6,60,1.0
2023-12-18 04:00,71.05,70.8,71.5,60,1.0
2023-12-18 05:00,70.97,70.8,71.3,60,1.0
2023-12-18 06:00,71.07,70.7,71.5,60,1.0
2023-12-18 07:00,70.94,70.7,71.4,60,1.0
2023-12-18 08:00,70.94,70.7,71.4,60,1.0
2023-12-18 09:00,70.93,70.7,71.3,60,1.0
2023-12-18 10:00,70.92,70.6,71.4,60,1.0
2023-12-18 11:00,70.88,70.6,71.3,60,1.0
2023-12-18 12:00,70.86,70.6,71.4,60,1.0
2023-12-18 13:00,70.91,70.6,71.2,60,1.0
2023-12-18 14:00,70.7,70.5,71.1,60,1.0
2023-12-18 15:00,70.6,70.5,71.0,60,1.0
2023-12-18 16:00,70.57,70.4,70.8,60,1.0
2023-12-18 17:00,70.51,70.4,70.8,60,1.0
2023-12-18 18:00,70.73,70.4,71.1,60,1.0
2023-12-18 19:00,70.84,70.5,71.1,60,1.0
2023-12-18 20:00,70.78,70.5,71.0,60,1.0
2023-12-18 21:00,70.74,70.4,71.0,60,1.0
2023-12-18 22:00,70.6,70.3,71.0,60,1.0
2023-12-18 23:00,70.46,70.2,71.0,60,1.0
2023-12-19 00:00,70.39,70.2,70.7,60,1.0
2023-12-19 01:00,70.31,70.2,70.7,60,1.0
2023-12-19 02:00,70.41,70.1,70.9,53,0.883
2023-12-19 03:00,70.24,70.1,70.4,49,0.817
2023-12-19 04:00,70.2,70.1,70.4,48,0.8
2023-12-19 05:00,70.16,70.1,70.4,48,0.8
2023-12-19 06:00,70.14,70.0,70.4,60,1.0
2023-12-19 07:00,70.14,70.0,70.4,60,1.0
2023-12-19 08:00,70.27,70.0,70.7,60,1.0
2023-12-19 09:00,70.13,70.0,70.6,60,1.0
2023-12-19 10:00,70.34,70.0,70.7,60,1.0
2023-12-19 11:00,70.37,70.0,70.7,60,1.0
2023-12-19 12:00,70.1,69.9,70.6,60,1.0
2023-12-19 13:00,70.05,69.9,70.8,60,1.0
2023-12-19 14:00,69.95,69.8,70.2,60,1.0
2023-12-19 15:00,69.96,69.8,70.3,60,1.0
2023-12-19 16:00,69.95,69.8,70.2,60,1.0
2023-12-19 17:00,70.0,69.8,70.4,60,1.0
2023-12-19 18:00,70.19,69.8,70.5,60,1.0
2023-12-19 19:00,70.16,69.8,70.4,60,1.0
2023-12-19 20:00,70.16,69.9,70.4,60,1.0
2023-12-19 21:00,70.08,69.7,70.3,60,1.0
2023-12-19 22:00,69.94,69.6,70.2,60,1.0
2023-12-19 23:00,69.82,69.6,70.3,60,1.0
2023-12-20 00:00,69.81,69.6,70.2,60,1.0
2023-12-20 01:00,69.75,69.5,70.2,60,1.0
2023-12-20 02:00,69.74,69.5,70.2,60,1.0
2023-12-20 03:00,69.68,69.5,70.0,60,1.0
2023-12-20 04:00,69.65,69.5,70.1,60,1.0
2023-12-20 05:00,69.63,69.5,70.0,60,1.0
2023-12-20 06:00,69.61,69.5,69.9,60,1.0
2023-12-20 07:00,69.63,69.5,70.0,60,1.0
2023-12-20 08:00,69.77,69.5,70.3,60,1.0
2023-12-20 09:00,69.82,69.5,70.2,60,1.0
2023-12-20 10:00,69.66,69.5,70.1,60,1.0
2023-12-20 11:00,69.66,69.4,70.1,60,1.0
2023-12-20 12:00,69.66,69.4,70.1,60,1.0
2023-12-20 13:00,69.65,69.4,70.0,60,1.0
2023-12-20 14:00,69.69,69.4,70.0,60,1.0
2023-12-20 15:00,69.66,69.3,70.0,60,1.0
2023-12-20 16:00,69.41,69.3,69.8,60,1.0
2023-12-20 17:00,69.55,69.3,69.9,59,0.983
2023-12-20 18:00,69.6,69.2,69.9,60,1.0
2023-12-20 19:00,69.32,69.2,69.7,60,1.0
2023-12-20 20:00,69.37,69.2,69.7,60,1.0
2023-12-20 21:00,69.39,69.2,69.8,60,1.0
2023-12-20 22:00,69.39,69.2,69.8,60,1.0
2023-12-20 23:00,69.46,69.2,69.8,60,1.0
2023-12-21 00:00,69.5,69.1,69.8,51,0.85
2023-12-21 01:00,69.48,69.2,69.8,51,0.85
2023-12-21 02:00,69.59,69.3,69.8,60,1.0
2023-12-21 03:00,69.56,69.1,69.8,58,0.967
2023-12-21 04:00,69.57,69.2,69.9,60,1.0
2023-12-21 05:00,69.5,69.1,69.8,60,1.0
2023-12-21 06:00,69.46,69.1,69.8,60,1.0
2023-12-21 07:00,69.41,69.1,69.9,60,1.0
2023-12-21 08:00,69.46,69.1,69.7,60,1.0
2023-12-21 09:00,69.16,69.0,69.6,60,1.0
2023-12-21 10:00,69.3,69.0,69.7,60,1.0
2023-12-21 11:00,69.21,69.0,69.7,60,1.0
2023-12-21 12:00,69.21,69.0,69.7,60,1.0
2023-12-21 13:00,69.31,69.0,69.6,60,1.0
2023-12-21 14:00,69.16,68.9,69.6,60,1.0
2023-12-21 15:00,69.09,68.9,69.5,60,1.0
2023-12-21 16:00,69.28,68.9,69.6,60,1.0
2023-12-21 17:00,69.17,68.9,69.6,60,1.0
2023-12-21 18:00,69.04,68.8,69.4,60,1.0
2023-12-21 19:00,69.18,68.8,69.6,60,1.0
2023-12-21 20:00,69.21,68.8,69.6,60,1.0
2023-12-21 21:00,68.97,68.8,69.4,60,1.0
2023-12-21 22:00,69.0,68.8,69.4,60,1.0
2023-12-21 23:00,69.03,68.8,69.5,60,1.0
2023-12-22 00:00,69.1,68.8,69.5,60,1.0
2023-12-22 01:00,68.94,68.8,69.3,60,1.0
2023-12-22 02:00,68.98,68.8,69.3,60,1.0
2023-12-22 03:00,69.09,68.8,69.6,60,1.0
2023-12-22 04:00,69.2,68.8,69.6,60,1.0
2023-12-22 05:00,69.18,68.8,69.6,60,1.0
2023-12-22 06:00,69.1,68.8,69.5,60,1.0
2023-12-22 07:00,69.05,68.8,69.5,60,1.0
2023-12-22 08:00,69.0,68.8,69.5,60,1.0
2023-12-22 09:00,69.06,68.8,69.6,60,1.0
2023-12-22 10:00,69.01,68.8,69.4,60,1.0
2023-12-22 11:00,69.01,68.8,69.4,60,1.0
2023-12-22 12:00,68.95,68.7,69.3,60,1.0
2023-12-22 13:00,68.97,68.7,69.3,60,1.0
2023-12-22 14:00,68.94,68.6,69.4,60,1.0
2023-12-22 15:00,68.81,68.6,69.2,60,1.0
2023-12-22 16:00,68.82,68.6,69.2,60,1.0
2023-12-22 17:00,68.87,68.6,69.2,59,0.983
2023-12-22 18:00,68.76,68.6,69.2,60,1.0
2023-12-22 19:00,68.69,68.5,69.1,60,1.0
2023-12-22 20:00,68.79,68.6,69.1,60,1.0
2023-12-22 21:00,68.95,68.5,69.3,60,1.0
2023-12-22 22:00,68.92,68.5,69.2,60,1.0
2023-12-22 23:00,68.85,68.5,69.4,60,1.0
2023-12-23 00:00,68.82,68.5,69.1,60,1.0
2023-12-23 01:00,68.83,68.5,69.1,60,1.0
2023-12-23 02:00,68.77,68.5,69.1,60,1.0
2023-12-23 03:00,68.71,68.5,69.2,60,1.0
2023-12-23 04:00,68.71,68.5,69.3,60,1.0
2023-12-23 05:00,68.73,68.5,69.1,60,1.0
2023-12-23 06:00,68.73,68.4,69.1,60,1.0
2023-12-23 07:00,68.67,68.4,69.1,60,1.0
2023-12-23 08:00,68.78,68.4,69.3,60,1.0
2023-12-23 09:00,68.66,68.4,69.1,60,1.0
2023-12-23 10:00,68.71,68.4,69.1,60,1.0
2023-12-23 11:00,68.69,68.4,69.1,60,1.0
2023-12-23 12:00,68.69,68.4,69.0,60,1.0
2023-12-23 13:00,68.65,68.3,69.0,60,1.0
2023-12-23 14:00,68.51,68.3,69.0,60,1.0
2023-12-23 15:00,68.53,68.3,68.9,60,1.0
2023-12-23 16:00,68.46,68.2,68.8,60,1.0
2023-12-23 17:00,68.43,68.2,68.9,60,1.0
2023-12-23 18:00,68.57,68.2,68.9,58,0.967
2023-12-23 19:00,68.53,68.2,68.9,43,0.717
2023-12-23 20:00,68.36,68.2,68.8,60,1.0
2023-12-23 21:00,68.43,68.2,68.8,60,1.0
2023-12-23 22:00,68.46,68.1,68.8,59,0.983
2023-12-23 23:00,68.42,68.1,68.8,60,1.0
2023-12-24 00:00,68.41,68.1,68.8,60,1.0
2023-12-24 01:00,68.46,68.1,68.8,60,1.0
2023-12-24 02:00,68.42,68.1,68.8,60,1.0
2023-12-24 03:00,68.34,68.1,68.7,60,1.0
2023-12-24 04:00,68.35,68.1,68.8,60,1.0
2023-12-24 05:00,68.35,68.1,68.7,60,1.0
2023-12-24 06:00,68.35,68.1,68.7,60,1.0
2023-12-24 07:00,68.34,68.1,68.7,60,1.0
2023-12-24 08:00,68.29,68.0,68.7,60,1.0
2023-12-24 09:00,68.32,68.0,68.6,60,1.0
2023-12-24 10:00,68.25,68.0,68.6,60,1.0
2023-12-24 11:00,68.26,68.0,68.7,60,1.0
2023-12-24 12:00,68.38,67.9,68.6,60,1.0
2023-12-24 13:00,68.13,67.9,68.5,60,1.0
2023-12-24 14:00,68.06,67.9,68.4,60,1.0
2023-12-24 15:00,68.07,67.9,68.5,60,1.0
2023-12-24 16:00,68.08,67.8,68.5,60,1.0
2023-12-24 17:00,68.02,67.8,68.5,60,1.0
2023-12-24 18:00,68.0,67.8,68.4,60,1.0
2023-12-24 19:00,68.07,67.8,68.4,60,1.0
2023-12-24 20:00,68.1,67.8,68.4,60,1.0
2023-12-24 21:00,68.07,67.7,68.5,60,1.0
2023-12-24 22:00,68.06,67.8,68.3,60,1.0
2023-12-24 23:00,68.03,67.8,68.4,58,0.967
2023-12-25 00:00,68.0,67.7,68.4,60,1.0
2023-12-25 01:00,67.98,67.7,68.3,60,1.0
2023-12-25 02:00,68.0,67.7,68.4,60,1.0
2023-12-25 03:00,67.96,67.7,68.3,60,1.0
2023-12-25 04:00,67.93,67.7,68.5,59,0.983
2023-12-25 05:00,67.91,67.7,68.3,59,0.983
2023-12-25 06:00,67.94,67.6,68.3,60,1.0
2023-12-25 07:00,67.87,67.6,68.2,60,1.0
2023-12-25 08:00,67.97,67.7,68.4,59,0.983
2023-12-25 09:00,67.95,67.6,68.3,59,0.983
2023-12-25 10:00,67.79,67.6,68.3,60,1.0
2023-12-25 11:00,67.84,67.6,68.3,60,1.0
2023-12-25 12:00,67.95,67.6,68.3,50,0.833
2023-12-25 13:00,67.8,67.6,68.2,47,0.783
2023-12-25 14:00,67.67,67.6,68.0,48,0.8
2023-12-25 15:00,67.75,67.5,68.1,59,0.983
2023-12-25 16:00,67.73,67.5,68.1,54,0.9
2023-12-25 17:00,67.71,67.5,68.2,58,0.967
2023-12-25 18:00,67.9,67.6,68.2,60,1.0
2023-12-25 19:00,67.8,67.5,68.2,60,1.0
2023-12-25 20:00,67.84,67.5,68.3,60,1.0
2023-12-25 21:00,67.83,67.5,68.2,60,1.0
2023-12-25 22:00,67.83,67.5,68.1,60,1.0
2023-12-25 23:00,67.7,67.5,68.1,53,0.883
2023-12-26 00:00,67.64,67.4,68.1,44,0.733
2023-12-26 01:00,67.61,67.4,68.1,49,0.817
2023-12-26 02:00,67.55,67.4,68.0,60,1.0
2023-12-26 03:00,67.6,67.4,68.0,60,1.0
2023-12-26 04:00,67.71,67.4,68.1,60,1.0
2023-12-26 05:00,67.6,67.4,68.1,60,1.0
2023-12-26 06:00,67.56,67.3,67.9,60,1.0
2023-12-26 07:00,67.59,67.3,68.0,60,1.0
2023-12-26 08:00,67.59,67.3,68.0,60,1.0
2023-12-26 09:00,67.57,67.3,67.9,60,1.0
2023-12-26 10:00,67.6,67.3,68.0,60,1.0
2023-12-26 11:00,67.56,67.3,67.9,60,1.0
2023-12-26 12:00,67.65,67.3,67.9,60,1.0
2023-12-26 13:00,67.46,67.3,68.0,60,1.0
2023-12-26 14:00,67.44,67.3,67.8,60,1.0
2023-12-26 15:00,67.47,67.3,67.9,60,1.0
2023-12-26 16:00,67.45,67.2,67.8,60,1.0
2023-12-26 17:00,67.45,67.2,68.0,60,1.0
2023-12-26 18:00,67.36,67.2,67.7,60,1.0
2023-12-26 19:00,67.54,67.2,67.9,60,1.0
2023-12-26 20:00,67.42,67.2,67.8,60,1.0
2023-12-26 21:00,67.48,67.1,67.9,60,1.0
2023-12-26 22:00,67.53,67.1,67.8,60,1.0
2023-12-26 23:00,67.4,67.1,67.7,60,1.0
2023-12-27 00:00,67.27,67.1,67.8,60,1.0
2023-12-27 01:00,67.32,67.1,67.7,60,1.0
2023-12-27 02:00,67.47,67.1,67.9,60,1.0
2023-12-27 03:00,67.37,67.1,67.7,60,1.0
2023-12-27 04:00,67.29,67.1,67.7,60,1.0
2023-12-27 05:00,67.24,67.1,67.6,60,1.0
2023-12-27 06:00,67.19,67.0,67.7,60,1.0
2023-12-27 07:00,67.16,67.0,67.6,60,1.0
2023-12-27 08:00,67.12,67.0,67.5,60,1.0
2023-12-27 09:00,67.24,67.0,67.7,60,1.0
2023-12-27 10:00,67.3,67.0,67.8,60,1.0
2023-12-27 11:00,67.25,67.0,67.6,60,1.0
2023-12-27 12:00,67.24,67.0,67.6,60,1.0
2023-12-27 13:00,67.2,66.9,67.6,60,1.0
2023-12-27 14:00,67.06,66.9,67.5,60,1.0
2023-12-27 15:00,67.12,66.9,67.6,60,1.0
2023-12-27 16:00,67.02,66.9,67.4,60,1.0
2023-12-27 17:00,67.02,66.9,67.3,60,1.0
2023-12-27 18:00,67.05,66.9,67.3,60,1.0
2023-12-27 19:00,67.08,66.9,67.5,60,1.0
2023-12-27 20:00,67.22,66.9,67.5,60,1.0
2023-12-27 21:00,67.24,66.9,67.5,60,1.0
2023-12-27 22:00,67.28,66.9,67.6,60,1.0
2023-12-27 23:00,67.24,66.8,67.5,60,1.0
2023-12-28 00:00,67.19,66.8,67.5,57,0.95
2023-12-28 01:00,67.05,66.8,67.5,60,1.0
2023-12-28 02:00,67.19,66.8,67.4,58,0.967
2023-12-28 03:00,67.16,66.8,67.5,49,0.817
2023-12-28 04:00,67.08,66.7,67.4,47,0.783
2023-12-28 05:00,67.11,66.7,67.5,57,0.95
2023-12-28 06:00,67.01,66.7,67.3,50,0.833
2023-12-28 07:00,66.99,66.7,67.3,57,0.95
2023-12-28 08:00,67.01,66.7,67.3,60,1.0
2023-12-28 09:00,66.94,66.7,67.4,60,1.0
2023-12-28 10:00,66.96,66.7,67.3,60,1.0
2023-12-28 11:00,66.96,66.7,67.3,60,1.0
2023-12-28 12:00,66.94,66.7,67.3,60,1.0
2023-12-28 13:00,66.9,66.7,67.3,60,1.0
2023-12-28 14:00,66.92,66.6,67.3,60,1.0
2023-12-28 15:00,66.95,66.7,67.3,60,1.0
2023-12-28 16:00,66.85,66.7,67.2,60,1.0
2023-12-28 17:00,66.83,66.6,67.3,60,1.0
2023-12-28 18:00,66.87,66.6,67.3,60,1.0
2023-12-28 19:00,66.94,66.6,67.3,60,1.0
2023-12-28 20:00,66.94,66.6,67.2,60,1.0
2023-12-28 21:00,66.92,66.6,67.3,60,1.0
2023-12-28 22:00,66.88,66.6,67.3,60,1.0
2023-12-28 23:00,66.84,66.6,67.3,60,1.0
2023-12-29 00:00,66.83,66.5,67.2,60,1.0
2023-12-29 01:00,66.74,66.5,67.1,60,1.0
2023-12-29 02:00,66.7,66.5,67.1,60,1.0
2023-12-29 03:00,66.78,66.5,67.1,60,1.0
2023-12-29 04:00,66.69,66.5,67.1,60,1.0
2023-12-29 05:00,66.7,66.5,67.1,60,1.0
2023-12-29 06:00,66.67,66.5,67.1,60,1.0
2023-12-29 07:00,66.66,66.5,67.1,60,1.0
2023-12-29 08:00,66.7,66.5,67.1,60,1.0
2023-12-29 09:00,66.75,66.5,67.2,60,1.0
2023-12-29 10:00,66.81,66.5,67.2,60,1.0
2023-12-29 11:00,66.72,66.5,67.1,60,1.0
2023-12-29 12:00,66.87,66.5,67.1,60,1.0
2023-12-29 13:00,66.79,66.4,67.1,60,1.0
2023-12-29 14:00,66.69,66.4,67.1,60,1.0
2023-12-29 15:00,66.67,66.5,67.0,60,1.0
2023-12-29 16:00,66.7,66.4,67.1,60,1.0
2023-12-29 17:00,66.63,66.4,67.1,60,1.0
2023-12-29 18:00,66.58,66.4,67.0,60,1.0
2023-12-29 19:00,66.55,66.4,66.9,60,1.0
2023-12-29 20:00,66.74,66.4,67.0,60,1.0
2023-12-29 21:00,66.75,66.4,67.0,60,1.0
2023-12-29 22:00,66.61,66.3,67.0,60,1.0
2023-12-29 23:00,66.67,66.4,67.0,60,1.0
2023-12-30 00:00,66.71,66.3,67.0,60,1.0
2023-12-30 01:00,66.64,66.4,67.0,60,1.0
2023-12-30 02:00,66.5,66.3,66.9,60,1.0
2023-12-30 03:00,66.47,66.3,66.9,60,1.0
2023-12-30 04:00,66.54,66.3,67.0,60,1.0
2023-12-30 05:00,66.45,66.3,66.9,60,1.0
2023-12-30 06:00,66.45,66.3,66.9,60,1.0
2023-12-30 07:00,66.49,66.3,67.1,60,1.0
2023-12-30 08:00,66.54,66.2,67.0,60,1.0
2023-12-30 09:00,66.59,66.2,67.1,60,1.0
2023-12-30 10:00,66.47,66.3,66.8,60,1.0
2023-12-30 11:00,66.42,66.2,66.9,57,0.95
2023-12-30 12:00,66.46,66.2,66.9,48,0.8
2023-12-30 13:00,66.42,66.2,66.9,44,0.733
2023-12-30 14:00,66.39,66.2,66.9,59,0.983
2023-12-30 15:00,66.43,66.2,66.9,60,1.0
2023-12-30 16:00,66.37,66.1,66.7,60,1.0
2023-12-30 17:00,66.37,66.2,66.8,60,1.0
2023-12-30 18:00,66.27,66.1,66.7,60,1.0
2023-12-30 19:00,66.35,66.1,66.8,60,1.0
2023-12-30 20:00,66.41,66.1,66.8,60,1.0
2023-12-30 21:00,66.41,66.1,66.8,60,1.0
2023-12-30 22:00,66.44,66.1,66.7,60,1.0
2023-12-30 23:00,66.36,66.1,66.7,60,1.0
2023-12-31 00:00,66.38,66.1,66.7,60,1.0
2023-12-31 01:00,66.38,66.1,66.7,60,1.0
2023-12-31 02:00,66.35,66.0,66.7,60,1.0
2023-12-31 03:00,66.32,66.0,66.6,60,1.0
2023-12-31 04:00,66.29,66.0,66.7,60,1.0
2023-12-31 05:00,66.29,66.0,66.7,60,1.0
2023-12-31 06:00,66.29,66.0,66.7,60,1.0
2023-12-31 07:00,66.28,66.0,66.6,60,1.0
2023-12-31 08:00,66.27,66.0,66.8,60,1.0
2023-12-31 09:00,66.28,66.0,66.6,60,1.0
2023-12-31 10:00,66.28,66.0,66.7,60,1.0
2023-12-31 11:00,66.27,66.0,66.6,60,1.0
2023-12-31 12:00,66.29,66.0,66.6,60,1.0
2023-12-31 13:00,66.36,66.0,66.6,60,1.0
2023-12-31 14:00,66.15,65.9,66.6,60,1.0
2023-12-31 15:00,66.13,65.9,66.5,60,1.0
2023-12-31 16:00,66.13,65.9,66.4,60,1.0
2023-12-31 17:00,66.19,65.9,66.6,60,1.0
2023-12-31 18:00,66.15,65.9,66.5,60,1.0
2023-12-31 19:00,66.14,65.9,66.6,60,1.0
2023-12-31 20:00,66.45,66.1,67.0,60,1.0
2023-12-31 21:00,66.47,66.3,66.8,60,1.0
2023-12-31 22:00,66.67,66.3,67.2,60,1.0
2023-12-31 23:00,66.98,66.6,67.4,59,0.983
2024-01-01 00:00,66.89,66.6,67.3,60,1.0
2024-01-01 01:00,66.83,66.6,67.2,60,1.0
2024-01-01 02:00,66.76,66.5,67.2,60,1.0
2024-01-01 03:00,66.77,66.5,67.2,60,1.0
2024-01-01 04:00,66.87,66.6,67.3,60,1.0
2024-01-01 05:00,67.34,66.9,67.8,60,1.0
2024-01-01 06:00,67.36,67.0,67.8,60,1.0
2024-01-01 07:00,67.39,67.1,67.8,60,1.0
2024-01-01 08:00,67.48,67.2,68.0,60,1.0
2024-01-01 09:00,67.72,67.4,68.2,60,1.0
2024-01-01 10:00,67.78,67.5,68.3,60,1.0
2024-01-01 11:00,67.82,67.5,68.2,60,1.0
2024-01-01 12:00,67.86,67.6,68.4,60,1.0
2024-01-01 13:00,67.96,67.7,68.5,60,1.0
2024-01-01 14:00,68.2,67.8,68.6,58,0.967
2024-01-01 15:00,68.2,67.9,68.6,47,0.783
2024-01-01 16:00,68.25,67.9,68.8,56,0.933
2024-01-01 17:00,68.41,68.1,68.9,60,1.0
2024-01-01 18:00,68.41,68.1,68.8,60,1.0
2024-01-01 19:00,68.43,68.2,68.8,60,1.0
2024-01-01 20:00,68.44,68.3,68.8,60,1.0
2024-01-01 21:00,68.49,68.2,69.2,60,1.0
2024-01-01 22:00,68.65,68.3,69.1,60,1.0
2024-01-01 23:00,68.68,68.3,69.1,60,1.0
2024-01-02 00:00,68.64,68.3,69.0,60,1.0
2024-01-02 01:00,68.64,68.3,69.0,60,1.0
2024-01-02 02:00,68.66,68.3,69.2,60,1.0
2024-01-02 03:00,68.7,68.3,69.1,60,1.0
2024-01-02 04:00,68.72,68.3,69.1,60,1.0
2024-01-02 05:00,68.56,68.3,69.0,60,1.0
2024-01-02 06:00,68.46,68.3,68.9,60,1.0
2024-01-02 07:00,68.41,68.3,68.7,60,1.0
2024-01-02 08:00,68.55,68.3,68.9,60,1.0
2024-01-02 09:00,68.5,68.3,69.0,60,1.0
2024-01-02 10:00,68.48,68.2,68.9,60,1.0
2024-01-02 11:00,68.47,68.2,68.9,60,1.0
2024-01-02 12:00,68.48,68.2,68.9,60,1.0
2024-01-02 13:00,68.42,68.2,68.9,60,1.0
2024-01-02 14:00,68.37,68.2,68.7,60,1.0
2024-01-02 15:00,68.39,68.1,68.8,60,1.0
2024-01-02 16:00,68.37,68.1,68.7,60,1.0
2024-01-02 17:00,68.29,68.1,68.7,60,1.0
2024-01-02 18:00,68.35,68.1,68.7,60,1.0
2024-01-02 19:00,68.46,68.1,68.9,60,1.0
2024-01-02 20:00,68.48,68.0,68.7,60,1.0
2024-01-02 21:00,68.38,68.0,68.7,60,1.0
2024-01-02 22:00,68.21,68.0,68.6,60,1.0
2024-01-02 23:00,68.16,68.0,68.6,60,1.0
2024-01-03 00:00,68.16,68.0,68.5,60,1.0
2024-01-03 01:00,68.34,68.0,68.8,60,1.0
2024-01-03 02:00,68.25,68.0,68.7,60,1.0
2024-01-03 03:00,68.17,68.0,68.6,60,1.0
2024-01-03 04:00,68.56,68.0,69.0,60,1.0
2024-01-03 05:00,68.62,68.2,69.0,60,1.0
2024-01-03 06:00,68.72,68.3,69.2,60,1.0
2024-01-03 07:00,68.61,68.3,69.0,60,1.0
2024-01-03 08:00,68.71,68.3,69.1,60,1.0
2024-01-03 09:00,68.7,68.4,69.1,60,1.0
2024-01-03 10:00,68.78,68.5,69.2,60,1.0
2024-01-03 11:00,68.87,68.5,69.3,60,1.0
2024-01-03 12:00,68.86,68.5,69.2,60,1.0
2024-01-03 13:00,68.84,68.6,69.3,60,1.0
2024-01-03 14:00,68.96,68.7,69.4,60,1.0
2024-01-03 15:00,69.0,68.7,69.5,60,1.0
2024-01-03 16:00,69.06,68.7,69.5,60,1.0
2024-01-03 17:00,69.01,68.8,69.3,60,1.0
2024-01-03 18:00,68.99,68.8,69.4,58,0.967
2024-01-03 19:00,69.07,68.8,69.5,49,0.817
2024-01-03 20:00,69.09,68.8,69.6,55,0.917
2024-01-03 21:00,69.12,68.8,69.5,53,0.883
2024-01-03 22:00,69.21,68.8,69.6,60,1.0
2024-01-03 23:00,69.18,68.8,69.8,60,1.0
2024-01-04 00:00,69.22,68.8,69.6,60,1.0
2024-01-04 01:00,69.19,68.8,69.5,60,1.0
2024-01-04 02:00,69.15,68.8,69.5,60,1.0
2024-01-04 03:00,69.07,68.8,69.4,60,1.0
2024-01-04 04:00,69.06,68.7,69.4,60,1.0
2024-01-04 05:00,69.04,68.7,69.5,60,1.0
2024-01-04 06:00,69.08,68.7,69.5,60,1.0
2024-01-04 07:00,69.03,68.7,69.5,60,1.0
2024-01-04 08:00,69.02,68.7,69.4,60,1.0
2024-01-04 09:00,68.98,68.7,69.4,60,1.0
2024-01-04 10:00,68.98,68.7,69.4,60,1.0
2024-01-04 11:00,68.86,68.6,69.3,60,1.0
2024-01-04 12:00,68.81,68.6,69.2,60,1.0
2024-01-04 13:00,69.01,68.6,69.4,60,1.0
2024-01-04 14:00,69.02,68.6,69.4,60,1.0
2024-01-04 15:00,68.9,68.5,69.2,60,1.0
2024-01-04 16:00,68.82,68.5,69.2,59,0.983
2024-01-04 17:00,68.75,68.5,69.1,60,1.0
2024-01-04 18:00,68.71,68.5,69.2,60,1.0
2024-01-04 19:00,68.73,68.4,69.2,60,1.0
2024-01-04 20:00,68.74,68.5,69.1,60,1.0
2024-01-04 21:00,68.75,68.4,69.3,60,1.0
2024-01-04 22:00,68.77,68.4,69.2,60,1.0
2024-01-04 23:00,68.69,68.4,69.1,60,1.0
2024-01-05 00:00,68.69,68.4,69.1,60,1.0
2024-01-05 01:00,68.69,68.3,69.1,60,1.0
2024-01-05 02:00,68.67,68.3,69.0,60,1.0
2024-01-05 03:00,68.64,68.3,69.1,60,1.0
2024-01-05 04:00,68.57,68.3,69.1,60,1.0
2024-01-05 05:00,68.52,68.3,68.9,60,1.0
2024-01-05 06:00,68.55,68.3,69.0,60,1.0
2024-01-05 07:00,68.56,68.3,68.9,60,1.0
2024-01-05 08:00,68.51,68.2,69.0,60,1.0
2024-01-05 09:00,68.48,68.3,68.9,60,1.0
2024-01-05 10:00,68.6,68.2,68.9,60,1.0
2024-01-05 11:00,68.63,68.3,68.9,60,1.0
2024-01-05 12:00,68.58,68.3,69.1,60,1.0
2024-01-05 13:00,68.61,68.2,68.9,60,1.0
2024-01-05 14:00,68.64,68.2,69.0,60,1.0
2024-01-05 15:00,68.5,68.2,68.9,58,0.967
2024-01-05 16:00,68.5,68.2,68.9,48,0.8
2024-01-05 17:00,68.44,68.1,68.9,60,1.0
2024-01-05 18:00,68.39,68.2,68.8,60,1.0
2024-01-05 19:00,68.41,68.1,68.9,60,1.0
2024-01-05 20:00,68.49,68.1,68.9,60,1.0
2024-01-05 21:00,68.35,68.1,68.8,60,1.0
2024-01-05 22:00,68.42,68.1,68.8,60,1.0
2024-01-05 23:00,68.37,68.1,68.8,60,1.0
2024-01-06 00:00,68.21,68.0,68.5,60,1.0
2024-01-06 01:00,68.33,68.0,68.7,60,1.0
2024-01-06 02:00,68.32,68.0,68.7,60,1.0
2024-01-06 03:00,68.37,68.0,68.7,60,1.0
2024-01-06 04:00,68.34,68.0,68.7,60,1.0
2024-01-06 05:00,68.23,67.9,68.6,60,1.0
2024-01-06 06:00,68.23,67.9,68.6,60,1.0
2024-01-06 07:00,68.19,67.9,68.6,59,0.983
2024-01-06 08:00,68.14,67.8,68.5,60,1.0
2024-01-06 09:00,68.11,67.8,68.7,60,1.0
2024-01-06 10:00,68.19,67.8,68.6,60,1.0
2024-01-06 11:00,68.14,67.9,68.7,60,1.0
2024-01-06 12:00,68.06,67.8,68.5,60,1.0
2024-01-06 13:00,68.27,67.8,68.7,60,1.0
2024-01-06 14:00,68.39,68.1,68.8,60,1.0
2024-01-06 15:00,68.46,68.2,68.8,60,1.0
2024-01-06 16:00,68.57,68.2,69.1,60,1.0
2024-01-06 17:00,68.71,68.5,69.4,60,1.0
2024-01-06 18:00,68.82,68.5,69.3,60,1.0
2024-01-06 19:00,68.88,68.6,69.5,60,1.0
2024-01-06 20:00,69.03,68.8,69.6,58,0.967
2024-01-06 21:00,69.11,68.9,69.6,60,1.0
2024-01-06 22:00,69.29,69.0,69.8,60,1.0
2024-01-06 23:00,69.49,69.1,69.9,60,1.0
2024-01-07 00:00,69.53,69.1,69.9,60,1.0
2024-01-07 01:00,69.68,69.2,70.0,60,1.0
2024-01-07 02:00,69.69,69.2,70.0,60,1.0
2024-01-07 03:00,69.73,69.2,70.2,60,1.0
2024-01-07 04:00,69.59,69.3,70.0,60,1.0
2024-01-07 05:00,69.74,69.3,70.1,60,1.0
2024-01-07 06:00,69.81,69.3,70.3,60,1.0
2024-01-07 07:00,69.99,69.5,70.4,55,0.917
2024-01-07 08:00,70.14,69.8,70.4,52,0.867
2024-01-07 09:00,70.15,69.8,70.6,53,0.883
2024-01-07 10:00,70.48,69.9,70.8,58,0.967
2024-01-07 11:00,70.84,70.2,71.3,60,1.0
2024-01-07 12:00,71.52,70.8,72.2,60,1.0
2024-01-07 13:00,72.53,71.7,73.5,60,1.0
2024-01-07 14:00,74.38,72.8,75.8,60,1.0
2024-01-07 15:00,77.13,75.6,78.4,60,1.0
2024-01-07 16:00,78.46,77.9,79.2,54,0.9
2024-01-07 17:00,79.07,78.4,79.5,60,1.0
2024-01-07 18:00,79.0,78.7,79.4,59,0.983
2024-01-07 19:00,79.02,78.7,79.6,53,0.883
2024-01-07 20:00,79.64,78.9,80.5,49,0.817
2024-01-07 21:00,80.47,80.0,81.0,59,0.983
2024-01-07 22:00,80.38,80.1,80.8,60,1.0
2024-01-07 23:00,80.31,79.9,81.0,53,0.883
2024-01-08 00:00,80.31,80.0,81.0,60,1.0
2024-01-08 01:00,80.31,79.9,80.8,60,1.0
2024-01-08 02:00,80.81,80.1,81.6,60,1.0
2024-01-08 03:00,81.7,80.9,82.9,60,1.0
2024-01-08 04:00,83.29,82.4,84.1,60,1.0
2024-01-08 05:00,84.18,83.4,85.6,60,1.0
2024-01-08 06:00,85.13,84.8,85.8,60,1.0
2024-01-08 07:00,85.05,84.7,85.8,60,1.0
2024-01-08 08:00,85.77,84.8,86.8,60,1.0
2024-01-08 09:00,86.14,85.7,87.0,60,1.0
2024-01-08 10:00,85.53,84.8,86.4,60,1.0
2024-01-08 11:00,84.89,84.2,85.6,60,1.0
2024-01-08 12:00,84.31,83.8,85.0,60,1.0
2024-01-08 13:00,83.74,83.1,84.3,60,1.0
2024-01-08 14:00,83.18,82.6,84.0,60,1.0
2024-01-08 15:00,82.73,82.2,83.3,60,1.0
2024-01-08 16:00,82.32,81.7,83.0,60,1.0
2024-01-08 17:00,81.86,81.1,82.4,60,1.0
2024-01-08 18:00,81.19,80.7,81.8,60,1.0
2024-01-08 19:00,80.72,80.3,81.3,60,1.0
2024-01-08 20:00,80.29,79.9,80.9,60,1.0
2024-01-08 21:00,79.92,79.6,80.8,60,1.0
2024-01-08 22:00,79.61,79.2,80.2,60,1.0
2024-01-08 23:00,79.19,78.8,79.7,60,1.0
2024-01-09 00:00,78.87,78.5,79.5,60,1.0
2024-01-09 01:00,78.46,78.1,79.0,60,1.0
2024-01-09 02:00,78.22,77.8,78.7,60,1.0
2024-01-09 03:00,77.9,77.6,78.4,60,1.0
2024-01-09 04:00,77.69,77.3,78.2,60,1.0
2024-01-09 05:00,77.48,77.1,78.0,60,1.0
2024-01-09 06:00,77.22,76.9,77.7,60,1.0
2024-01-09 07:00,77.02,76.8,77.4,60,1.0
2024-01-09 08:00,77.04,76.5,77.5,60,1.0
2024-01-09 09:00,76.63,76.4,77.2,60,1.0
2024-01-09 10:00,76.51,76.1,77.0,60,1.0
2024-01-09 11:00,76.4,76.0,76.8,60,1.0
2024-01-09 12:00,76.15,75.8,76.6,60,1.0
2024-01-09 13:00,75.92,75.7,76.3,60,1.0
2024-01-09 14:00,75.82,75.5,76.3,60,1.0
2024-01-09 15:00,75.72,75.4,76.2,60,1.0
2024-01-09 16:00,75.79,75.3,76.1,48,0.8
2024-01-09 17:00,75.66,75.2,76.0,57,0.95
2024-01-09 18:00,75.43,75.0,75.9,60,1.0
2024-01-09 19:00,75.08,74.9,75.4,60,1.0
2024-01-09 20:00,74.98,74.8,75.2,60,1.0
2024-01-09 21:00,74.94,74.7,75.2,60,1.0
2024-01-09 22:00,74.96,74.7,75.4,60,1.0
2024-01-09 23:00,74.88,74.6,75.2,60,1.0
2024-01-10 00:00,74.9,74.6,75.2,60,1.0
2024-01-10 01:00,74.87,74.5,75.2,60,1.0
2024-01-10 02:00,74.76,74.3,75.2,60,1.0
2024-01-10 03:00,74.68,74.2,75.0,60,1.0
2024-01-10 04:00,74.55,74.2,75.0,60,1.0
2024-01-10 05:00,74.36,74.0,74.8,60,1.0
2024-01-10 06:00,74.2,73.9,74.8,60,1.0
2024-01-10 07:00,74.2,73.9,74.7,60,1.0
2024-01-10 08:00,74.22,73.8,74.6,60,1.0
2024-01-10 09:00,73.99,73.7,74.4,60,1.0
2024-01-10 10:00,73.88,73.7,74.3,60,1.0
2024-01-10 11:00,73.76,73.6,74.2,60,1.0
2024-01-10 12:00,73.76,73.5,74.2,60,1.0
2024-01-10 13:00,73.71,73.4,74.2,60,1.0
2024-01-10 14:00,73.74,73.4,74.2,60,1.0
2024-01-10 15:00,73.47,73.3,73.8,60,1.0
2024-01-10 16:00,73.6,73.3,74.0,60,1.0
2024-01-10 17:00,73.62,73.2,73.9,60,1.0
2024-01-10 18:00,73.63,73.1,73.9,60,1.0
2024-01-10 19:00,73.45,73.1,73.9,60,1.0
2024-01-10 20:00,73.22,73.0,73.6,59,0.983
2024-01-10 21:00,73.26,73.0,73.6,59,0.983
2024-01-10 22:00,73.26,72.9,73.6,60,1.0
2024-01-10 23:00,73.08,72.9,73.5,59,0.983
2024-01-11 00:00,72.96,72.8,73.3,60,1.0
2024-01-11 01:00,72.96,72.8,73.4,60,1.0
2024-01-11 02:00,73.31,72.9,73.8,60,1.0
2024-01-11 03:00,73.54,73.3,74.0,60,1.0
2024-01-11 04:00,73.54,73.4,74.0,60,1.0
2024-01-11 05:00,73.61,73.4,74.2,60,1.0
2024-01-11 06:00,73.72,73.5,74.4,60,1.0
2024-01-11 07:00,73.74,73.5,74.2,60,1.0
2024-01-11 08:00,73.76,73.5,74.1,59,0.983
2024-01-11 09:00,73.81,73.5,74.3,60,1.0
2024-01-11 10:00,73.74,73.4,74.2,59,0.983
2024-01-11 11:00,73.74,73.4,74.2,60,1.0
2024-01-11 12:00,73.75,73.3,74.2,58,0.967
2024-01-11 13:00,73.56,73.2,73.9,60,1.0
2024-01-11 14:00,73.42,73.2,73.8,60,1.0
2024-01-11 15:00,73.46,73.1,73.9,60,1.0
2024-01-11 16:00,73.34,73.1,73.9,60,1.0
2024-01-11 17:00,73.3,73.0,73.7,60,1.0
2024-01-11 18:00,73.34,73.0,73.7,60,1.0
2024-01-11 19:00,73.34,73.0,73.7,60,1.0
2024-01-11 20:00,73.36,72.9,73.7,60,1.0
2024-01-11 21:00,73.29,72.9,73.6,60,1.0
2024-01-11 22:00,73.3,72.9,73.6,60,1.0
2024-01-11 23:00,73.1,72.7,73.5,60,1.0
2024-01-12 00:00,72.95,72.6,73.4,60,1.0
2024-01-12 01:00,72.81,72.6,73.3,60,1.0
2024-01-12 02:00,72.84,72.6,73.3,54,0.9
2024-01-12 03:00,72.97,72.5,73.4,47,0.783
2024-01-12 04:00,72.69,72.4,73.1,60,1.0
2024-01-12 05:00,72.48,72.3,73.0,60,1.0
2024-01-12 06:00,72.35,72.2,72.7,60,1.0
2024-01-12 07:00,72.23,72.0,72.7,60,1.0
2024-01-12 08:00,72.15,72.0,72.7,60,1.0
2024-01-12 09:00,72.21,71.9,72.6,60,1.0
2024-01-12 10:00,72.01,71.8,72.6,60,1.0
2024-01-12 11:00,71.96,71.7,72.4,60,1.0
2024-01-12 12:00,71.83,71.7,72.3,60,1.0
2024-01-12 13:00,71.81,71.6,72.4,60,1.0
2024-01-12 14:00,71.8,71.5,72.2,60,1.0
2024-01-12 15:00,71.95,71.5,72.3,60,1.0
2024-01-12 16:00,71.79,71.4,72.2,60,1.0
2024-01-12 17:00,71.58,71.4,72.1,59,0.983
2024-01-12 18:00,71.42,71.3,71.8,60,1.0
2024-01-12 19:00,71.35,71.2,71.9,60,1.0
2024-01-12 20:00,71.29,71.1,71.8,60,1.0
2024-01-12 21:00,71.2,71.1,71.9,58,0.967
2024-01-12 22:00,71.26,71.0,71.7,60,1.0
2024-01-12 23:00,71.09,71.0,71.5,60,1.0
2024-01-13 00:00,71.2,70.9,71.7,60,1.0
2024-01-13 01:00,70.99,70.9,71.5,60,1.0
2024-01-13 02:00,70.95,70.8,71.2,60,1.0
2024-01-13 03:00,70.93,70.8,71.4,60,1.0
2024-01-13 04:00,70.89,70.7,71.2,60,1.0
2024-01-13 05:00,70.88,70.7,71.3,60,1.0
2024-01-13 06:00,71.01,70.7,71.3,60,1.0
2024-01-13 07:00,71.06,70.7,71.5,60,1.0
2024-01-13 08:00,70.86,70.6,71.3,60,1.0
2024-01-13 09:00,70.92,70.6,71.2,60,1.0
2024-01-13 10:00,70.89,70.6,71.3,60,1.0
2024-01-13 11:00,70.9,70.5,71.2,60,1.0
2024-01-13 12:00,70.82,70.5,71.1,60,1.0
2024-01-13 13:00,70.8,70.4,71.2,60,1.0
2024-01-13 14:00,70.64,70.4,71.0,60,1.0
2024-01-13 15:00,70.48,70.4,70.9,60,1.0
2024-01-13 16:00,70.46,70.3,70.8,60,1.0
2024-01-13 17:00,70.49,70.3,70.9,60,1.0
2024-01-13 18:00,70.41,70.3,70.9,60,1.0
2024-01-13 19:00,70.58,70.2,70.9,60,1.0
2024-01-13 20:00,70.48,70.2,70.9,60,1.0
2024-01-13 21:00,70.36,70.2,70.8,60,1.0
2024-01-13 22:00,70.57,70.3,70.8,60,1.0
2024-01-13 23:00,70.57,70.2,70.8,60,1.0
2024-01-14 00:00,70.4,70.1,70.8,54,0.9
2024-01-14 01:00,70.23,70.1,70.5,42,0.7
2024-01-14 02:00,70.22,70.0,70.6,53,0.883
2024-01-14 03:00,70.41,70.1,70.7,60,1.0
2024-01-14 04:00,70.33,70.0,70.7,60,1.0
2024-01-14 05:00,70.31,70.0,70.7,60,1.0
2024-01-14 06:00,70.34,70.0,70.9,60,1.0
2024-01-14 07:00,70.72,70.5,71.2,60,1.0
2024-01-14 08:00,70.84,70.6,71.2,60,1.0
2024-01-14 09:00,70.9,70.6,71.3,60,1.0
2024-01-14 10:00,71.01,70.6,71.3,60,1.0
2024-01-14 11:00,70.92,70.5,71.4,60,1.0
2024-01-14 12:00,70.96,70.6,71.4,60,1.0
2024-01-14 13:00,71.02,70.6,71.4,60,1.0
2024-01-14 14:00,70.88,70.6,71.3,59,0.983
2024-01-14 15:00,70.79,70.6,71.4,60,1.0
2024-01-14 16:00,70.74,70.5,71.2,60,1.0
2024-01-14 17:00,70.73,70.6,71.2,60,1.0
2024-01-14 18:00,70.79,70.5,71.2,60,1.0
2024-01-14 19:00,70.87,70.6,71.2,60,1.0
2024-01-14 20:00,70.98,70.5,71.3,60,1.0
2024-01-14 21:00,70.94,70.5,71.2,60,1.0
2024-01-14 22:00,70.93,70.5,71.3,60,1.0
2024-01-14 23:00,70.87,70.5,71.3,60,1.0
2024-01-15 00:00,71.17,70.7,71.5,58,0.967
2024-01-15 01:00,71.35,70.8,71.9,60,1.0
2024-01-15 02:00,71.6,71.1,72.1,60,1.0
2024-01-15 03:00,72.58,71.6,73.6,60,1.0
2024-01-15 04:00,78.68,74.0,85.3,60,1.0
2024-01-15 05:00,86.62,85.5,87.5,58,0.967
2024-01-15 06:00,86.8,86.4,87.3,60,1.0
2024-01-15 07:00,86.62,86.0,87.2,60,1.0
2024-01-15 08:00,85.74,84.8,86.5,60,1.0
2024-01-15 09:00,84.61,84.1,85.6,59,0.983
2024-01-15 10:00,83.87,83.3,84.7,59,0.983
2024-01-15 11:00,83.38,82.7,84.0,60,1.0
2024-01-15 12:00,82.8,82.5,83.3,60,1.0
2024-01-15 13:00,82.51,82.0,83.0,60,1.0
2024-01-15 14:00,82.19,81.6,82.8,60,1.0
2024-01-15 15:00,81.73,81.1,82.4,60,1.0
2024-01-15 16:00,81.21,80.7,81.7,60,1.0
2024-01-15 17:00,80.84,80.3,81.4,60,1.0
2024-01-15 18:00,80.41,79.8,81.0,60,1.0
2024-01-15 19:00,80.12,79.5,80.7,60,1.0
2024-01-15 20:00,79.62,79.3,80.2,48,0.8
2024-01-15 21:00,79.27,79.0,79.6,56,0.933
2024-01-15 22:00,79.07,78.7,79.7,60,1.0
2024-01-15 23:00,78.87,78.5,79.5,60,1.0
2024-01-16 00:00,78.67,78.3,79.3,60,1.0
2024-01-16 01:00,78.48,78.1,79.0,60,1.0
2024-01-16 02:00,78.33,78.0,78.8,60,1.0
2024-01-16 03:00,78.19,77.8,78.6,60,1.0
2024-01-16 04:00,77.94,77.6,78.6,60,1.0
2024-01-16 05:00,77.77,77.4,78.3,60,1.0
2024-01-16 06:00,77.61,77.3,78.1,60,1.0
2024-01-16 07:00,77.49,77.1,78.0,60,1.0
2024-01-16 08:00,77.43,77.1,77.9,60,1.0
2024-01-16 09:00,77.29,76.8,77.8,60,1.0
2024-01-16 10:00,77.0,76.7,77.5,60,1.0
2024-01-16 11:00,76.9,76.7,77.4,60,1.0
2024-01-16 12:00,76.96,76.6,77.4,60,1.0
2024-01-16 13:00,76.81,76.3,77.3,60,1.0
2024-01-16 14:00,76.6,76.2,77.3,60,1.0
2024-01-16 15:00,76.43,76.1,77.0,59,0.983
2024-01-16 16:00,76.4,76.1,76.8,60,1.0
2024-01-16 17:00,76.46,76.0,76.9,59,0.983
2024-01-16 18:00,76.16,75.8,76.6,59,0.983
2024-01-16 19:00,75.98,75.7,76.3,60,1.0
2024-01-16 20:00,75.89,75.6,76.5,60,1.0
2024-01-16 21:00,75.83,75.5,76.3,60,1.0
2024-01-16 22:00,75.68,75.5,76.1,60,1.0
2024-01-16 23:00,75.61,75.3,75.9,60,1.0
2024-01-17 00:00,75.48,75.2,76.0,60,1.0
2024-01-17 01:00,75.4,75.2,75.9,60,1.0
2024-01-17 02:00,75.41,75.1,75.9,60,1.0
2024-01-17 03:00,75.4,75.1,75.7,60,1.0
2024-01-17 04:00,75.33,75.1,75.8,59,0.983
2024-01-17 05:00,75.23,75.0,75.7,58,0.967
2024-01-17 06:00,75.2,74.9,75.7,60,1.0
2024-01-17 07:00,75.35,75.0,76.1,59,0.983
2024-01-17 08:00,75.35,75.0,75.9,60,1.0
2024-01-17 09:00,75.42,75.1,75.9,60,1.0
2024-01-17 10:00,76.06,75.4,76.9,58,0.967
2024-01-17 11:00,77.13,76.3,77.6,60,1.0
2024-01-17 12:00,77.84,77.3,78.2,59,0.983
2024-01-17 13:00,77.9,77.6,78.3,60,1.0
2024-01-17 14:00,77.82,77.5,78.3,60,1.0
2024-01-17 15:00,77.67,77.5,78.2,60,1.0
2024-01-17 16:00,77.6,77.3,78.2,59,0.983
2024-01-17 17:00,77.46,77.2,78.0,60,1.0
2024-01-17 18:00,77.32,77.1,77.7,60,1.0
2024-01-17 19:00,77.22,77.0,77.8,60,1.0
2024-01-17 20:00,77.28,76.8,77.7,60,1.0
2024-01-17 21:00,77.19,76.7,77.7,60,1.0
2024-01-17 22:00,77.04,76.7,77.5,60,1.0
2024-01-17 23:00,76.94,76.5,77.4,60,1.0
2024-01-18 00:00,76.84,76.3,77.3,60,1.0
2024-01-18 01:00,76.75,76.3,77.2,60,1.0
2024-01-18 02:00,76.61,76.2,77.1,60,1.0
2024-01-18 03:00,76.58,76.1,77.0,60,1.0
2024-01-18 04:00,76.42,76.0,76.9,60,1.0
2024-01-18 05:00,76.32,75.9,76.8,60,1.0
2024-01-18 06:00,76.22,75.8,76.8,60,1.0
2024-01-18 07:00,76.1,75.7,76.5,60,1.0
2024-01-18 08:00,76.04,75.6,76.6,60,1.0
2024-01-18 09:00,75.76,75.5,76.3,60,1.0
2024-01-18 10:00,75.7,75.4,76.3,60,1.0
2024-01-18 11:00,75.68,75.3,76.0,60,1.0
2024-01-18 12:00,75.7,75.2,76.0,60,1.0
2024-01-18 13:00,75.54,75.1,75.9,56,0.933
2024-01-18 14:00,75.37,75.0,75.8,49,0.817
2024-01-18 15:00,75.25,74.9,75.8,48,0.8
2024-01-18 16:00,75.15,74.9,75.5,60,1.0
2024-01-18 17:00,75.04,74.7,75.5,60,1.0
2024-01-18 18:00,74.95,74.7,75.3,60,1.0
2024-01-18 19:00,74.82,74.6,75.4,60,1.0
2024-01-18 20:00,74.81,74.5,75.3,60,1.0
2024-01-18 21:00,74.84,74.5,75.2,60,1.0
2024-01-18 22:00,74.79,74.4,75.2,60,1.0
2024-01-18 23:00,74.69,74.3,75.1,60,1.0
2024-01-19 00:00,74.6,74.2,75.1,60,1.0
2024-01-19 01:00,74.62,74.1,75.1,60,1.0
2024-01-19 02:00,74.42,74.1,74.9,60,1.0
2024-01-19 03:00,74.28,74.0,74.8,60,1.0
2024-01-19 04:00,74.24,73.9,74.7,60,1.0
2024-01-19 05:00,74.13,73.9,74.6,60,1.0
2024-01-19 06:00,74.05,73.9,74.6,60,1.0
2024-01-19 07:00,74.06,73.8,74.7,60,1.0
2024-01-19 08:00,74.01,73.7,74.5,60,1.0
2024-01-19 09:00,74.03,73.7,74.5,60,1.0
2024-01-19 10:00,74.08,73.6,74.4,60,1.0
2024-01-19 11:00,73.85,73.6,74.3,60,1.0
2024-01-19 12:00,73.88,73.5,74.3,60,1.0
2024-01-19 13:00,73.84,73.4,74.3,60,1.0
2024-01-19 14:00,73.83,73.4,74.3,60,1.0
2024-01-19 15:00,73.7,73.3,74.1,60,1.0
2024-01-19 16:00,73.59,73.3,74.1,60,1.0
2024-01-19 17:00,73.46,73.2,73.9,60,1.0
2024-01-19 18:00,73.41,73.1,73.9,60,1.0
2024-01-19 19:00,73.44,73.2,74.0,60,1.0
2024-01-19 20:00,73.38,73.1,73.9,60,1.0
2024-01-19 21:00,73.31,73.1,73.7,60,1.0
2024-01-19 22:00,73.47,73.2,73.8,60,1.0
2024-01-19 23:00,73.6,73.3,74.1,60,1.0
2024-01-20 00:00,73.62,73.3,74.1,60,1.0
2024-01-20 01:00,74.41,73.9,75.4,60,1.0
2024-01-20 02:00,76.47,75.2,77.8,60,1.0
2024-01-20 03:00,78.31,77.3,79.4,60,1.0
2024-01-20 04:00,80.25,79.0,81.3,60,1.0
2024-01-20 05:00,83.16,81.0,85.9,60,1.0
2024-01-20 06:00,86.32,85.6,87.2,56,0.933
2024-01-20 07:00,87.22,86.6,87.9,53,0.883
2024-01-20 08:00,86.41,85.7,87.3,44,0.733
2024-01-20 09:00,85.4,84.7,86.2,54,0.9
2024-01-20 10:00,84.68,83.9,85.3,51,0.85
2024-01-20 11:00,83.81,83.4,84.6,49,0.817
2024-01-20 12:00,83.2,82.7,83.7,50,0.833
2024-01-20 13:00,82.44,81.9,83.2,56,0.933
2024-01-20 14:00,81.82,81.2,82.3,56,0.933
2024-01-20 15:00,81.45,80.9,81.9,51,0.85
2024-01-20 16:00,80.98,80.5,81.4,56,0.933
2024-01-20 17:00,80.46,79.8,80.8,59,0.983
2024-01-20 18:00,79.97,79.4,80.6,46,0.767
2024-01-20 19:00,79.41,78.8,80.0,58,0.967
2024-01-20 20:00,78.9,78.5,79.3,60,1.0
2024-01-20 21:00,78.37,78.1,78.8,60,1.0
2024-01-20 22:00,77.98,77.7,78.3,60,1.0
2024-01-20 23:00,77.64,77.4,78.1,60,1.0
2024-01-21 00:00,77.33,77.1,77.6,60,1.0
2024-01-21 01:00,77.07,76.8,77.3,60,1.0
2024-01-21 02:00,76.81,76.6,77.0,60,1.0
2024-01-21 03:00,76.55,76.4,76.7,60,1.0
2024-01-21 04:00,76.36,76.2,76.6,60,1.0
2024-01-21 05:00,76.21,76.1,76.3,16,0.267
2024-02-09 12:00,65.52,65.4,66.0,42,0.7
2024-02-09 13:00,65.56,65.4,65.9,60,1.0
2024-02-09 14:00,65.49,65.4,65.8,60,1.0
2024-02-09 15:00,65.48,65.4,65.9,60,1.0
2024-02-09 16:00,65.56,65.4,65.9,60,1.0
2024-02-09 17:00,65.53,65.3,66.0,60,1.0
2024-02-09 18:00,65.53,65.3,65.9,60,1.0
2024-02-09 19:00,65.56,65.2,65.9,60,1.0
2024-02-09 20:00,65.43,65.2,65.8,60,1.0
2024-02-09 21:00,65.36,65.2,65.7,60,1.0
2024-02-09 22:00,65.38,65.2,65.8,60,1.0
2024-02-09 23:00,65.39,65.2,65.8,60,1.0
2024-02-10 00:00,65.4,65.2,65.8,60,1.0
2024-02-10 01:00,65.37,65.2,65.9,53,0.883
2024-02-10 02:00,65.36,65.2,65.6,44,0.733
2024-02-10 03:00,65.37,65.2,65.8,57,0.95
2024-02-10 04:00,65.39,65.2,65.8,60,1.0
2024-02-10 05:00,65.36,65.2,65.7,60,1.0
2024-02-10 06:00,65.39,65.2,65.8,60,1.0
2024-02-10 07:00,65.32,65.1,65.6,60,1.0
2024-02-10 08:00,65.44,65.2,65.8,60,1.0
2024-02-10 09:00,65.32,65.1,65.7,60,1.0
2024-02-10 10:00,65.33,65.1,65.8,60,1.0
2024-02-10 11:00,65.36,65.1,65.7,60,1.0
2024-02-10 12:00,65.77,65.2,66.4,60,1.0
2024-02-10 13:00,66.29,65.9,66.8,60,1.0
2024-02-10 14:00,66.48,66.2,66.9,60,1.0
2024-02-10 15:00,66.6,66.3,67.0,60,1.0
2024-02-10 16:00,66.68,66.3,67.1,60,1.0
2024-02-10 17:00,66.74,66.4,67.1,60,1.0
2024-02-10 18:00,67.24,66.7,67.7,60,1.0
2024-02-10 19:00,68.48,67.2,71.8,60,1.0
2024-02-10 20:00,80.64,72.1,84.7,60,1.0
2024-02-10 21:00,85.08,84.3,86.1,60,1.0
2024-02-10 22:00,85.43,84.9,86.2,60,1.0
2024-02-10 23:00,84.62,83.8,85.4,60,1.0
2024-02-11 00:00,83.76,83.1,84.7,60,1.0
2024-02-11 01:00,83.1,82.4,83.8,60,1.0
2024-02-11 02:00,82.4,81.7,83.1,60,1.0
2024-02-11 03:00,81.84,81.2,82.3,60,1.0
2024-02-11 04:00,81.41,80.8,82.1,59,0.983
2024-02-11 05:00,81.03,80.7,81.5,60,1.0
2024-02-11 06:00,81.19,80.6,81.9,60,1.0
2024-02-11 07:00,81.7,81.1,82.3,60,1.0
2024-02-11 08:00,82.16,81.4,82.6,60,1.0
2024-02-11 09:00,82.43,82.1,83.1,60,1.0
2024-02-11 10:00,82.42,82.2,83.0,60,1.0
2024-02-11 11:00,82.16,81.8,82.5,60,1.0
2024-02-11 12:00,82.99,82.0,84.0,60,1.0
2024-02-11 13:00,83.86,83.2,84.4,60,1.0
2024-02-11 14:00,83.63,83.1,84.2,60,1.0
2024-02-11 15:00,83.06,82.6,83.5,60,1.0
2024-02-11 16:00,82.46,82.1,83.0,60,1.0
2024-02-11 17:00,82.12,81.6,82.7,60,1.0
2024-02-11 18:00,81.88,81.3,82.3,60,1.0
2024-02-11 19:00,81.83,81.4,82.4,60,1.0
2024-02-11 20:00,82.06,81.7,82.6,60,1.0
2024-02-11 21:00,82.6,82.0,83.1,60,1.0
2024-02-11 22:00,83.17,82.8,83.8,60,1.0
2024-02-11 23:00,82.96,82.5,83.4,60,1.0
2024-02-12 00:00,82.84,82.4,83.6,60,1.0
2024-02-12 01:00,83.73,83.0,84.4,60,1.0
2024-02-12 02:00,84.38,83.9,84.9,60,1.0
2024-02-12 03:00,84.39,83.7,84.9,60,1.0
2024-02-12 04:00,83.86,83.2,84.4,60,1.0
2024-02-12 05:00,83.14,81.6,84.7,59,0.983
2024-02-12 06:00,82.9,81.5,84.4,60,1.0
2024-02-12 07:00,82.29,81.2,82.9,60,1.0
2024-02-12 08:00,82.01,81.7,82.6,60,1.0
2024-02-12 09:00,81.88,81.3,82.3,60,1.0
2024-02-12 10:00,81.58,81.1,82.0,59,0.983
2024-02-12 11:00,81.19,80.6,81.7,60,1.0
2024-02-12 12:00,80.91,80.4,81.4,60,1.0
2024-02-12 13:00,80.53,80.1,81.0,60,1.0
2024-02-12 14:00,80.19,79.7,80.7,60,1.0
2024-02-12 15:00,79.95,79.3,80.5,58,0.967
2024-02-12 16:00,79.47,79.1,80.0,60,1.0
2024-02-12 17:00,79.17,78.8,79.7,58,0.967
2024-02-12 18:00,78.97,78.6,79.6,60,1.0
2024-02-12 19:00,79.09,78.5,79.8,60,1.0
2024-02-12 20:00,82.42,79.3,85.7,60,1.0
2024-02-12 21:00,85.03,84.5,85.6,60,1.0
2024-02-12 22:00,85.24,84.8,85.8,60,1.0
2024-02-12 23:00,85.2,84.6,85.8,60,1.0
2024-02-13 00:00,84.51,84.0,85.4,60,1.0
2024-02-13 01:00,83.92,83.4,84.4,60,1.0
2024-02-13 02:00,83.27,82.8,83.8,60,1.0
2024-02-13 03:00,83.02,82.6,83.5,60,1.0
2024-02-13 04:00,82.61,81.8,83.1,60,1.0
2024-02-13 05:00,82.08,81.4,82.7,60,1.0
2024-02-13 06:00,81.7,81.2,82.2,60,1.0
2024-02-13 07:00,81.41,80.7,81.9,60,1.0
2024-02-13 08:00,80.8,80.4,81.3,60,1.0
2024-02-13 09:00,80.45,80.1,81.0,60,1.0
2024-02-13 10:00,80.2,79.8,80.8,60,1.0
2024-02-13 11:00,79.94,79.4,80.5,60,1.0
2024-02-13 12:00,79.64,79.1,80.2,60,1.0
2024-02-13 13:00,79.39,78.9,79.9,60,1.0
2024-02-13 14:00,79.11,78.6,79.7,60,1.0
2024-02-13 15:00,79.09,78.7,79.6,58,0.967
2024-02-13 16:00,79.04,78.6,79.5,51,0.85
2024-02-13 17:00,78.78,78.5,79.2,58,0.967
2024-02-13 18:00,78.57,78.3,79.0,45,0.75
2024-02-13 19:00,78.44,78.0,79.0,49,0.817
2024-02-13 20:00,78.15,77.8,78.8,49,0.817
2024-02-13 21:00,77.97,77.6,78.6,60,1.0
2024-02-13 22:00,77.74,77.4,78.3,54,0.9
2024-02-13 23:00,77.51,77.2,78.1,43,0.717
2024-02-14 00:00,77.29,77.0,77.7,54,0.9
2024-02-14 01:00,77.15,76.8,77.7,60,1.0
2024-02-14 02:00,76.92,76.7,77.4,60,1.0
2024-02-14 03:00,76.89,76.5,77.4,60,1.0
2024-02-14 04:00,76.77,76.4,77.2,60,1.0
2024-02-14 05:00,76.88,76.5,77.2,60,1.0
2024-02-14 06:00,76.58,76.1,77.0,60,1.0
2024-02-14 07:00,76.4,76.0,76.9,60,1.0
2024-02-14 08:00,76.28,75.9,76.7,60,1.0
2024-02-14 09:00,76.08,75.8,76.5,60,1.0
2024-02-14 10:00,75.94,75.6,76.6,60,1.0
2024-02-14 11:00,75.74,75.4,76.3,60,1.0
2024-02-14 12:00,75.66,75.3,76.1,60,1.0
2024-02-14 13:00,75.48,75.1,75.9,60,1.0
2024-02-14 14:00,75.38,75.0,75.9,60,1.0
2024-02-14 15:00,75.31,74.9,75.6,59,0.983
2024-02-14 16:00,75.06,74.8,75.5,60,1.0
2024-02-14 17:00,74.9,74.7,75.5,60,1.0
2024-02-14 18:00,74.78,74.6,75.2,60,1.0
2024-02-14 19:00,74.71,74.5,75.2,60,1.0
2024-02-14 20:00,74.77,74.4,75.1,60,1.0
2024-02-14 21:00,74.84,74.4,75.2,60,1.0
2024-02-14 22:00,74.74,74.2,75.0,60,1.0
2024-02-14 23:00,74.63,74.2,75.1,60,1.0
2024-02-15 00:00,74.32,74.1,74.7,60,1.0
2024-02-15 01:00,74.18,74.0,74.5,60,1.0
2024-02-15 02:00,74.1,73.9,74.4,60,1.0
2024-02-15 03:00,74.01,73.9,74.2,60,1.0
2024-02-15 04:00,73.95,73.8,74.4,60,1.0
2024-02-15 05:00,73.92,73.7,74.4,60,1.0
2024-02-15 06:00,73.86,73.6,74.4,60,1.0
2024-02-15 07:00,73.8,73.6,74.3,60,1.0
2024-02-15 08:00,73.81,73.5,74.2,60,1.0
2024-02-15 09:00,73.73,73.5,74.1,60,1.0
2024-02-15 10:00,73.73,73.4,74.2,60,1.0
2024-02-15 11:00,73.69,73.4,74.1,59,0.983
2024-02-15 12:00,73.68,73.3,74.0,60,1.0
2024-02-15 13:00,73.62,73.2,74.1,60,1.0
2024-02-15 14:00,73.53,73.1,73.9,60,1.0
2024-02-15 15:00,73.39,73.1,73.8,60,1.0
2024-02-15 16:00,73.24,73.0,73.7,60,1.0
2024-02-15 17:00,73.16,73.0,73.7,60,1.0
2024-02-15 18:00,73.12,72.9,73.6,60,1.0
2024-02-15 19:00,73.04,72.8,73.5,60,1.0
2024-02-15 20:00,73.13,72.8,73.5,60,1.0
2024-02-15 21:00,73.04,72.7,73.6,60,1.0
2024-02-15 22:00,72.96,72.7,73.3,60,1.0
2024-02-15 23:00,73.12,72.7,73.4,60,1.0
2024-02-16 00:00,73.05,72.6,73.3,60,1.0
2024-02-16 01:00,73.04,72.6,73.3,60,1.0
2024-02-16 02:00,72.89,72.4,73.2,60,1.0
2024-02-16 03:00,72.74,72.4,73.1,60,1.0
2024-02-16 04:00,72.66,72.4,73.2,60,1.0
2024-02-16 05:00,72.58,72.3,73.0,51,0.85
2024-02-16 06:00,72.49,72.2,72.9,50,0.833
2024-02-16 07:00,72.41,72.2,72.8,60,1.0
2024-02-16 08:00,72.64,72.2,73.0,60,1.0
2024-02-16 09:00,72.52,72.2,72.9,60,1.0
2024-02-16 10:00,72.53,72.1,72.8,60,1.0
2024-02-16 11:00,72.45,72.1,72.9,60,1.0
2024-02-16 12:00,72.43,72.1,72.9,60,1.0
2024-02-16 13:00,72.37,72.0,72.8,60,1.0
2024-02-16 14:00,72.27,72.0,72.7,60,1.0
2024-02-16 15:00,72.19,71.9,72.8,60,1.0
2024-02-16 16:00,72.24,71.9,72.6,60,1.0
2024-02-16 17:00,72.27,71.9,72.7,60,1.0
2024-02-16 18:00,72.19,71.8,72.6,60,1.0
2024-02-16 19:00,71.99,71.8,72.5,60,1.0
2024-02-16 20:00,71.93,71.7,72.3,60,1.0
2024-02-16 21:00,72.02,71.7,72.4,60,1.0
2024-02-16 22:00,72.08,71.7,72.3,60,1.0
2024-02-16 23:00,72.01,71.6,72.4,60,1.0
2024-02-17 00:00,72.01,71.6,72.4,60,1.0
2024-02-17 01:00,71.98,71.6,72.3,60,1.0
2024-02-17 02:00,71.98,71.5,72.5,60,1.0
2024-02-17 03:00,71.84,71.4,72.1,60,1.0
2024-02-17 04:00,71.75,71.4,72.1,60,1.0
2024-02-17 05:00,71.63,71.4,72.0,59,0.983
2024-02-17 06:00,71.58,71.4,72.1,60,1.0
2024-02-17 07:00,71.48,71.3,71.8,60,1.0
2024-02-17 08:00,71.6,71.3,72.1,60,1.0
2024-02-17 09:00,71.62,71.3,72.2,60,1.0
2024-02-17 10:00,71.54,71.3,71.9,60,1.0
2024-02-17 11:00,71.51,71.2,72.0,60,1.0
2024-02-17 12:00,71.4,71.2,71.9,60,1.0
2024-02-17 13:00,71.4,71.1,71.8,60,1.0
2024-02-17 14:00,71.39,71.1,71.8,60,1.0
2024-02-17 15:00,71.42,71.1,71.8,60,1.0
2024-02-17 16:00,71.46,71.0,71.8,60,1.0
2024-02-17 17:00,71.45,71.0,71.8,60,1.0
2024-02-17 18:00,71.29,70.9,71.8,60,1.0
2024-02-17 19:00,71.11,70.9,71.6,60,1.0
2024-02-17 20:00,71.1,70.9,71.6,60,1.0
2024-02-17 21:00,71.18,70.9,71.5,60,1.0
2024-02-17 22:00,71.25,70.9,71.6,59,0.983
2024-02-17 23:00,71.16,70.8,71.6,50,0.833
2024-02-18 00:00,71.16,70.8,71.5,59,0.983
2024-02-18 01:00,71.24,70.8,71.6,60,1.0
2024-02-18 02:00,71.2,70.8,71.4,55,0.917
2024-02-18 03:00,71.13,70.7,71.4,60,1.0
2024-02-18 04:00,71.01,70.7,71.5,60,1.0
2024-02-18 05:00,70.89,70.6,71.4,60,1.0
2024-02-18 06:00,70.82,70.6,71.2,60,1.0
2024-02-18 07:00,70.84,70.5,71.2,60,1.0
2024-02-18 08:00,70.86,70.6,71.3,60,1.0
2024-02-18 09:00,70.9,70.6,71.3,60,1.0
2024-02-18 10:00,70.79,70.5,71.4,60,1.0
2024-02-18 11:00,70.76,70.5,71.2,60,1.0
2024-02-18 12:00,70.66,70.5,71.0,60,1.0
2024-02-18 13:00,70.66,70.4,71.1,60,1.0
2024-02-18 14:00,70.72,70.4,71.1,60,1.0
2024-02-18 15:00,70.59,70.3,71.0,60,1.0
2024-02-18 16:00,70.57,70.3,71.0,60,1.0
2024-02-18 17:00,70.7,70.3,71.0,60,1.0
2024-02-18 18:00,70.59,70.2,70.9,60,1.0
2024-02-18 19:00,70.43,70.2,70.8,60,1.0
2024-02-18 20:00,70.41,70.2,70.9,60,1.0
2024-02-18 21:00,70.44,70.2,70.9,60,1.0
2024-02-18 22:00,70.49,70.2,70.9,60,1.0
2024-02-18 23:00,70.37,70.2,70.8,60,1.0
2024-02-19 00:00,70.36,70.1,70.8,60,1.0
2024-02-19 01:00,70.33,70.1,70.7,60,1.0
2024-02-19 02:00,70.28,70.1,70.8,60,1.0
2024-02-19 03:00,70.31,70.1,70.8,59,0.983
2024-02-19 04:00,70.28,70.0,70.6,60,1.0
2024-02-19 05:00,70.28,70.0,70.6,60,1.0
2024-02-19 06:00,70.39,70.0,70.8,60,1.0
2024-02-19 07:00,70.41,70.0,70.8,60,1.0
2024-02-19 08:00,70.29,70.0,70.7,60,1.0
2024-02-19 09:00,70.17,70.0,70.6,60,1.0
2024-02-19 10:00,70.23,69.9,70.7,60,1.0
2024-02-19 11:00,70.3,69.9,70.7,60,1.0
2024-02-19 12:00,70.32,70.0,70.7,59,0.983
2024-02-19 13:00,70.16,69.9,70.5,60,1.0
2024-02-19 14:00,70.02,69.9,70.6,60,1.0
2024-02-19 15:00,69.99,69.8,70.4,60,1.0
2024-02-19 16:00,70.06,69.8,70.6,59,0.983
2024-02-19 17:00,70.07,69.8,70.6,60,1.0
2024-02-19 18:00,70.1,69.8,70.5,60,1.0
2024-02-19 19:00,69.99,69.7,70.4,59,0.983
2024-02-19 20:00,69.9,69.7,70.2,60,1.0
2024-02-19 21:00,70.0,69.7,70.4,60,1.0
2024-02-19 22:00,70.06,69.7,70.4,59,0.983
2024-02-19 23:00,70.08,69.6,70.4,60,1.0
2024-02-20 00:00,69.91,69.6,70.4,60,1.0
2024-02-20 01:00,69.99,69.7,70.4,59,0.983
2024-02-20 02:00,69.97,69.6,70.4,60,1.0
2024-02-20 03:00,69.8,69.6,70.2,60,1.0
2024-02-20 04:00,69.74,69.5,70.1,59,0.983
2024-02-20 05:00,69.73,69.6,70.1,60,1.0
2024-02-20 06:00,69.73,69.5,70.2,60,1.0
2024-02-20 07:00,69.8,69.5,70.1,60,1.0
2024-02-20 08:00,69.81,69.5,70.2,60,1.0
2024-02-20 09:00,69.89,69.5,70.2,60,1.0
2024-02-20 10:00,69.7,69.5,70.1,60,1.0
2024-02-20 11:00,69.81,69.4,70.2,60,1.0
2024-02-20 12:00,69.76,69.4,70.0,60,1.0
2024-02-20 13:00,69.77,69.4,70.0,60,1.0
2024-02-20 14:00,69.65,69.3,70.0,60,1.0
2024-02-20 15:00,69.45,69.2,69.8,60,1.0
2024-02-20 16:00,69.37,69.2,69.8,60,1.0
2024-02-20 17:00,69.41,69.2,69.8,60,1.0
2024-02-20 18:00,69.39,69.1,69.8,60,1.0
2024-02-20 19:00,69.35,69.0,69.7,48,0.8
2024-02-20 20:00,69.29,69.0,69.7,49,0.817
2024-02-20 21:00,69.25,68.9,69.7,60,1.0
2024-02-20 22:00,69.21,68.9,69.6,58,0.967
2024-02-20 23:00,69.14,68.9,69.6,60,1.0
2024-02-21 00:00,69.11,68.8,69.6,60,1.0
2024-02-21 01:00,69.02,68.8,69.4,48,0.8
2024-02-21 02:00,68.98,68.8,69.4,58,0.967
2024-02-21 03:00,68.91,68.8,69.3,60,1.0
2024-02-21 04:00,68.86,68.7,69.3,60,1.0
2024-02-21 05:00,69.01,68.7,69.3,50,0.833
2024-02-21 06:00,69.08,68.7,69.4,53,0.883
2024-02-21 07:00,68.95,68.7,69.3,52,0.867
2024-02-21 08:00,68.94,68.7,69.2,50,0.833
2024-02-21 09:00,68.94,68.6,69.3,56,0.933
2024-02-21 10:00,68.72,68.6,69.2,60,1.0
2024-02-21 11:00,68.8,68.6,69.2,60,1.0
2024-02-21 12:00,68.71,68.5,69.2,60,1.0
2024-02-21 13:00,68.66,68.5,69.0,60,1.0
2024-02-21 14:00,68.68,68.5,69.2,60,1.0
2024-02-21 15:00,68.74,68.5,69.2,60,1.0
2024-02-21 16:00,68.77,68.5,69.1,60,1.0
2024-02-21 17:00,68.63,68.5,69.0,59,0.983
2024-02-21 18:00,68.69,68.4,69.1,60,1.0
2024-02-21 19:00,68.72,68.4,69.1,60,1.0
2024-02-21 20:00,68.71,68.4,69.1,60,1.0
2024-02-21 21:00,68.63,68.3,69.0,60,1.0
2024-02-21 22:00,68.71,68.3,69.0,60,1.0
2024-02-21 23:00,68.63,68.3,68.9,60,1.0
2024-02-22 00:00,68.46,68.3,68.8,60,1.0
2024-02-22 01:00,68.4,68.2,68.7,60,1.0
2024-02-22 02:00,68.4,68.2,68.7,59,0.983
2024-02-22 03:00,68.38,68.2,68.9,59,0.983
2024-02-22 04:00,68.35,68.2,68.8,60,1.0
2024-02-22 05:00,68.44,68.2,68.9,59,0.983
2024-02-22 06:00,68.5,68.2,68.9,60,1.0
2024-02-22 07:00,68.55,68.2,68.9,60,1.0
2024-02-22 08:00,68.38,68.2,68.9,58,0.967
2024-02-22 09:00,68.29,68.2,68.5,59,0.983
2024-02-22 10:00,68.31,68.1,68.7,60,1.0
2024-02-22 11:00,68.38,68.1,68.8,60,1.0
2024-02-22 12:00,68.28,68.1,68.7,60,1.0
2024-02-22 13:00,68.26,68.1,68.8,60,1.0
2024-02-22 14:00,68.34,68.0,68.7,60,1.0
2024-02-22 15:00,68.15,68.0,68.6,60,1.0
2024-02-22 16:00,68.27,68.0,68.7,60,1.0
2024-02-22 17:00,68.29,68.0,68.7,60,1.0
2024-02-22 18:00,68.08,67.9,68.4,60,1.0
2024-02-22 19:00,68.24,67.9,68.5,60,1.0
2024-02-22 20:00,68.26,67.9,68.5,60,1.0
2024-02-22 21:00,68.27,67.9,68.5,60,1.0
2024-02-22 22:00,68.18,67.9,68.5,60,1.0
2024-02-22 23:00,68.09,67.9,68.5,59,0.983
2024-02-23 00:00,68.11,67.9,68.4,60,1.0
2024-02-23 01:00,68.13,67.8,68.4,60,1.0
2024-02-23 02:00,68.1,67.8,68.4,60,1.0
2024-02-23 03:00,68.08,67.7,68.4,60,1.0
2024-02-23 04:00,68.05,67.8,68.3,60,1.0
2024-02-23 05:00,67.99,67.8,68.3,60,1.0
2024-02-23 06:00,68.0,67.7,68.4,60,1.0
2024-02-23 07:00,67.98,67.7,68.4,60,1.0
2024-02-23 08:00,67.87,67.7,68.3,60,1.0
2024-02-23 09:00,67.9,67.7,68.3,60,1.0
2024-02-23 10:00,68.01,67.7,68.3,60,1.0
2024-02-23 11:00,67.92,67.7,68.3,60,1.0
2024-02-23 12:00,67.84,67.6,68.2,57,0.95
2024-02-23 13:00,68.05,67.8,68.2,50,0.833
2024-02-23 14:00,67.99,67.6,68.2,58,0.967
2024-02-23 15:00,67.83,67.5,68.2,59,0.983
2024-02-23 16:00,67.83,67.6,68.1,60,1.0
2024-02-23 17:00,67.69,67.5,68.0,57,0.95
2024-02-23 18:00,67.65,67.5,68.2,60,1.0
2024-02-23 19:00,67.66,67.5,68.1,60,1.0
2024-02-23 20:00,67.84,67.5,68.1,59,0.983
2024-02-23 21:00,67.81,67.5,68.2,54,0.9
2024-02-23 22:00,67.63,67.4,68.0,56,0.933
2024-02-23 23:00,68.28,67.7,68.8,57,0.95
2024-02-24 00:00,68.64,68.2,69.2,59,0.983
2024-02-24 01:00,68.98,68.7,69.4,59,0.983
2024-02-24 02:00,69.22,68.8,69.6,60,1.0
2024-02-24 03:00,69.78,69.2,70.3,60,1.0
2024-02-24 04:00,70.43,70.0,71.0,50,0.833
2024-02-24 05:00,70.94,70.6,71.6,56,0.933
2024-02-24 06:00,71.4,71.0,71.9,59,0.983
2024-02-24 07:00,71.96,71.5,72.4,55,0.917
2024-02-24 08:00,72.39,71.8,73.0,48,0.8
2024-02-24 09:00,72.97,72.4,73.6,58,0.967
2024-02-24 10:00,73.48,73.0,73.9,60,1.0
2024-02-24 11:00,73.64,73.4,74.1,60,1.0
2024-02-24 12:00,73.85,73.5,74.3,60,1.0
2024-02-24 13:00,73.72,73.5,74.1,60,1.0
2024-02-24 14:00,73.9,73.5,74.4,60,1.0
2024-02-24 15:00,74.09,73.7,74.5,60,1.0
2024-02-24 16:00,74.05,73.7,74.5,60,1.0
2024-02-24 17:00,74.12,73.7,74.7,60,1.0
2024-02-24 18:00,74.06,73.7,74.6,60,1.0
2024-02-24 19:00,73.92,73.7,74.4,60,1.0
2024-02-24 20:00,73.89,73.6,74.2,59,0.983
2024-02-24 21:00,74.02,73.6,74.4,59,0.983
2024-02-24 22:00,74.0,73.6,74.4,60,1.0
2024-02-24 23:00,73.87,73.4,74.3,60,1.0
2024-02-25 00:00,73.9,73.6,74.3,60,1.0
2024-02-25 01:00,73.83,73.3,74.2,60,1.0
2024-02-25 02:00,73.67,73.3,74.0,60,1.0
2024-02-25 03:00,73.73,73.3,74.1,60,1.0
2024-02-25 04:00,73.84,73.5,74.3,60,1.0
2024-02-25 05:00,73.89,73.5,74.3,60,1.0
2024-02-25 06:00,73.84,73.6,74.3,60,1.0
2024-02-25 07:00,74.04,73.7,74.5,60,1.0
2024-02-25 08:00,74.27,73.8,74.8,60,1.0
2024-02-25 09:00,74.33,74.0,74.9,60,1.0
2024-02-25 10:00,74.34,74.0,74.7,60,1.0
2024-02-25 11:00,74.5,74.0,74.9,59,0.983
2024-02-25 12:00,74.33,74.0,74.7,60,1.0
2024-02-25 13:00,74.22,73.9,74.8,60,1.0
2024-02-25 14:00,74.15,73.8,74.6,59,0.983
2024-02-25 15:00,74.04,73.8,74.5,60,1.0
2024-02-25 16:00,74.06,73.7,74.5,60,1.0
2024-02-25 17:00,74.03,73.6,74.5,60,1.0
2024-02-25 18:00,73.99,73.6,74.5,60,1.0
2024-02-25 19:00,73.91,73.5,74.3,60,1.0
2024-02-25 20:00,73.76,73.4,74.3,60,1.0
2024-02-25 21:00,73.65,73.3,74.2,60,1.0
2024-02-25 22:00,73.69,73.3,74.0,60,1.0
2024-02-25 23:00,73.43,73.2,74.1,60,1.0
2024-02-26 00:00,73.39,73.1,73.9,60,1.0
2024-02-26 01:00,73.58,73.2,73.9,60,1.0
2024-02-26 02:00,73.53,73.1,73.9,60,1.0
2024-02-26 03:00,73.29,73.0,73.8,60,1.0
2024-02-26 04:00,73.28,72.9,73.7,60,1.0
2024-02-26 05:00,73.14,72.8,73.5,60,1.0
2024-02-26 06:00,73.01,72.8,73.5,60,1.0
2024-02-26 07:00,72.97,72.7,73.4,60,1.0
2024-02-26 08:00,73.03,72.7,73.4,60,1.0
2024-02-26 09:00,73.04,72.7,73.5,60,1.0
2024-02-26 10:00,72.84,72.6,73.3,58,0.967
2024-02-26 11:00,72.94,72.5,73.3,60,1.0
2024-02-26 12:00,72.9,72.6,73.3,60,1.0
2024-02-26 13:00,72.72,72.4,73.2,60,1.0
2024-02-26 14:00,72.69,72.3,73.2,60,1.0
2024-02-26 15:00,72.46,72.3,72.9,46,0.767
2024-02-26 16:00,72.46,72.2,73.0,50,0.833
2024-02-26 17:00,72.5,72.1,72.9,56,0.933
2024-02-26 18:00,72.51,72.1,72.8,60,1.0
2024-02-26 19:00,72.26,72.0,72.8,60,1.0
2024-02-26 20:00,72.2,72.0,72.6,60,1.0
2024-02-26 21:00,72.16,71.9,72.5,60,1.0
2024-02-26 22:00,72.15,71.9,72.6,60,1.0
2024-02-26 23:00,72.18,71.8,72.6,60,1.0
2024-02-27 00:00,72.04,71.8,72.4,60,1.0
2024-02-27 01:00,71.96,71.8,72.4,60,1.0
2024-02-27 02:00,72.08,71.7,72.4,60,1.0
2024-02-27 03:00,72.03,71.7,72.4,60,1.0
2024-02-27 04:00,72.04,71.6,72.4,60,1.0
2024-02-27 05:00,72.03,71.6,72.4,60,1.0
2024-02-27 06:00,71.9,71.5,72.3,60,1.0
2024-02-27 07:00,71.84,71.5,72.2,60,1.0
2024-02-27 08:00,71.84,71.5,72.3,60,1.0
2024-02-27 09:00,71.78,71.5,72.1,60,1.0
2024-02-27 10:00,71.77,71.4,72.2,60,1.0
2024-02-27 11:00,71.74,71.2,72.1,60,1.0
2024-02-27 12:00,71.65,71.2,72.0,60,1.0
2024-02-27 13:00,71.48,71.1,71.8,60,1.0
2024-02-27 14:00,71.28,71.1,71.6,60,1.0
2024-02-27 15:00,71.41,71.1,71.7,60,1.0
2024-02-27 16:00,71.34,70.9,71.6,59,0.983
2024-02-27 17:00,71.21,70.9,71.6,59,0.983
2024-02-27 18:00,71.03,70.8,71.4,60,1.0
2024-02-27 19:00,71.05,70.8,71.4,60,1.0
2024-02-27 20:00,70.98,70.7,71.5,60,1.0
2024-02-27 21:00,70.9,70.7,71.2,60,1.0
2024-02-27 22:00,70.92,70.7,71.5,59,0.983
2024-02-27 23:00,70.96,70.6,71.4,60,1.0
2024-02-28 00:00,70.98,70.7,71.3,60,1.0
2024-02-28 01:00,70.92,70.6,71.2,60,1.0
2024-02-28 02:00,70.79,70.5,71.2,60,1.0
2024-02-28 03:00,70.74,70.5,71.2,60,1.0
2024-02-28 04:00,70.81,70.5,71.1,60,1.0
2024-02-28 05:00,70.69,70.4,71.1,60,1.0
2024-02-28 06:00,70.61,70.4,71.0,59,0.983
2024-02-28 07:00,70.64,70.4,71.1,59,0.983
2024-02-28 08:00,70.66,70.3,71.1,60,1.0
2024-02-28 09:00,70.59,70.4,70.9,44,0.733
2024-02-28 10:00,70.7,70.3,71.0,49,0.817
2024-02-28 11:00,70.62,70.3,70.9,46,0.767
2024-02-28 12:00,70.58,70.2,71.0,60,1.0
2024-02-28 13:00,70.41,70.1,70.7,60,1.0
2024-02-28 14:00,70.41,70.1,70.8,59,0.983
2024-02-28 15:00,70.12,69.9,70.4,60,1.0
2024-02-28 16:00,70.2,69.8,70.5,59,0.983
2024-02-28 17:00,70.18,69.7,70.6,60,1.0
2024-02-28 18:00,70.0,69.7,70.4,60,1.0
2024-02-28 19:00,69.83,69.6,70.3,60,1.0
2024-02-28 20:00,69.98,69.7,70.3,60,1.0
2024-02-28 21:00,69.89,69.6,70.2,60,1.0
2024-02-28 22:00,69.73,69.6,70.1,60,1.0
2024-02-28 23:00,69.79,69.6,70.2,60,1.0
2024-02-29 00:00,70.32,69.8,70.9,60,1.0
2024-02-29 01:00,70.81,70.4,71.4,60,1.0
2024-02-29 02:00,71.19,70.7,71.8,60,1.0
2024-02-29 03:00,72.25,71.4,73.1,60,1.0
2024-02-29 04:00,74.37,72.7,76.4,60,1.0
2024-02-29 05:00,79.59,76.3,83.0,59,0.983
2024-02-29 06:00,83.68,82.9,84.2,60,1.0
2024-02-29 07:00,83.56,83.0,84.3,60,1.0
2024-02-29 08:00,82.93,82.4,83.7,60,1.0
2024-02-29 09:00,82.47,82.2,82.9,60,1.0
2024-02-29 10:00,82.03,81.4,82.6,60,1.0
2024-02-29 11:00,81.56,80.9,82.1,60,1.0
2024-02-29 12:00,80.85,80.5,81.4,60,1.0
2024-02-29 13:00,80.58,80.1,81.0,59,0.983
2024-02-29 14:00,80.37,80.0,80.9,60,1.0
2024-02-29 15:00,79.88,79.4,80.5,60,1.0
2024-02-29 16:00,79.44,79.1,79.9,60,1.0
2024-02-29 17:00,79.14,78.8,79.7,60,1.0
2024-02-29 18:00,78.94,78.5,79.3,60,1.0
2024-02-29 19:00,78.84,78.3,79.3,60,1.0
2024-02-29 20:00,78.54,78.1,79.1,60,1.0
2024-02-29 21:00,78.21,77.8,78.8,60,1.0
2024-02-29 22:00,77.98,77.7,78.5,60,1.0
2024-02-29 23:00,77.84,77.5,78.3,60,1.0
2024-03-01 00:00,77.63,77.3,78.1,59,0.983
2024-03-01 01:00,77.44,77.1,78.0,55,0.917
2024-03-01 02:00,77.76,77.1,78.5,60,1.0
2024-03-01 03:00,78.52,78.0,79.2,47,0.783
2024-03-01 04:00,79.24,78.8,79.9,51,0.85
2024-03-01 05:00,79.49,79.0,80.2,55,0.917
2024-03-01 06:00,79.94,79.5,80.4,47,0.783
2024-03-01 07:00,80.5,79.9,81.0,54,0.9
2024-03-01 08:00,80.66,80.2,81.1,54,0.9
2024-03-01 09:00,80.71,80.2,81.1,47,0.783
2024-03-01 10:00,80.47,79.9,81.1,60,1.0
2024-03-01 11:00,80.14,79.6,80.5,60,1.0
2024-03-01 12:00,79.77,79.4,80.2,60,1.0
2024-03-01 13:00,79.7,79.3,80.3,60,1.0
2024-03-01 14:00,79.34,78.9,80.0,60,1.0
2024-03-01 15:00,79.03,78.8,79.3,60,1.0
2024-03-01 16:00,78.87,78.5,79.3,60,1.0
2024-03-01 17:00,78.83,78.4,79.4,60,1.0
2024-03-01 18:00,78.82,78.4,79.4,60,1.0
2024-03-01 19:00,78.76,78.2,79.4,60,1.0
2024-03-01 20:00,78.54,78.0,78.9,60,1.0
2024-03-01 21:00,78.28,77.9,78.8,60,1.0
2024-03-01 22:00,78.11,77.7,78.7,60,1.0
2024-03-01 23:00,77.94,77.6,78.5,60,1.0
2024-03-02 00:00,77.91,77.5,78.3,60,1.0
2024-03-02 01:00,77.74,77.4,78.3,60,1.0
2024-03-02 02:00,77.55,77.2,77.9,60,1.0
2024-03-02 03:00,77.66,77.2,78.1,60,1.0
2024-03-02 04:00,77.98,77.5,78.4,60,1.0
2024-03-02 05:00,78.1,77.8,78.8,60,1.0
2024-03-02 06:00,78.12,77.8,78.7,60,1.0
2024-03-02 07:00,78.05,77.7,78.4,60,1.0
2024-03-02 08:00,78.12,77.6,78.6,60,1.0
2024-03-02 09:00,77.98,77.6,78.4,60,1.0
2024-03-02 10:00,77.86,77.4,78.4,60,1.0
2024-03-02 11:00,77.81,77.3,78.2,60,1.0
2024-03-02 12:00,77.53,77.3,77.9,58,0.967
2024-03-02 13:00,77.67,77.2,78.1,60,1.0
2024-03-02 14:00,77.49,77.1,78.0,60,1.0
2024-03-02 15:00,77.24,77.0,77.7,60,1.0
2024-03-02 16:00,77.22,76.9,77.8,60,1.0
2024-03-02 17:00,77.09,76.8,77.6,60,1.0
2024-03-02 18:00,77.16,76.7,77.6,60,1.0
2024-03-02 19:00,77.07,76.6,77.5,60,1.0
2024-03-02 20:00,76.76,76.5,77.2,58,0.967
2024-03-02 21:00,76.6,76.4,77.0,60,1.0
2024-03-02 22:00,76.65,76.3,77.0,60,1.0
2024-03-02 23:00,76.58,76.2,77.0,60,1.0
2024-03-03 00:00,76.43,76.0,77.0,60,1.0
2024-03-03 01:00,76.47,76.0,76.9,60,1.0
2024-03-03 02:00,76.24,75.9,76.7,60,1.0
2024-03-03 03:00,76.27,75.8,76.7,60,1.0
2024-03-03 04:00,76.26,75.7,76.6,59,0.983
2024-03-03 05:00,76.09,75.6,76.4,60,1.0
2024-03-03 06:00,75.77,75.5,76.4,60,1.0
2024-03-03 07:00,75.76,75.4,76.3,60,1.0
2024-03-03 08:00,75.8,75.4,76.3,60,1.0
2024-03-03 09:00,75.5,75.2,76.0,60,1.0
2024-03-03 10:00,75.54,75.2,76.0,60,1.0
2024-03-03 11:00,75.52,75.1,75.9,59,0.983
2024-03-03 12:00,75.23,75.0,75.7,59,0.983
2024-03-03 13:00,75.36,75.0,75.9,60,1.0
2024-03-03 14:00,75.1,74.8,75.7,60,1.0
2024-03-03 15:00,74.92,74.7,75.6,60,1.0
2024-03-03 16:00,74.9,74.6,75.3,60,1.0
2024-03-03 17:00,74.94,74.6,75.4,54,0.9
2024-03-03 18:00,75.01,74.5,75.4,53,0.883
2024-03-03 19:00,74.81,74.4,75.2,60,1.0
2024-03-03 20:00,74.57,74.3,75.1,60,1.0
2024-03-03 21:00,74.57,74.2,75.1,60,1.0
2024-03-03 22:00,74.42,74.2,74.9,60,1.0
2024-03-03 23:00,74.52,74.2,74.9,60,1.0
2024-03-04 00:00,74.78,74.4,75.2,60,1.0
2024-03-04 01:00,74.57,74.3,74.9,60,1.0
2024-03-04 02:00,74.73,74.5,75.3,60,1.0
2024-03-04 03:00,74.82,74.6,75.3,60,1.0
2024-03-04 04:00,75.14,74.7,75.6,60,1.0
2024-03-04 05:00,75.37,74.9,76.0,60,1.0
2024-03-04 06:00,75.82,75.3,76.5,59,0.983
2024-03-04 07:00,76.33,75.9,76.9,60,1.0
2024-03-04 08:00,76.81,76.5,77.4,60,1.0
2024-03-04 09:00,76.93,76.7,77.4,60,1.0
2024-03-04 10:00,77.26,76.8,77.8,60,1.0
2024-03-04 11:00,77.37,76.9,77.8,60,1.0
2024-03-04 12:00,77.18,76.9,77.7,60,1.0
2024-03-04 13:00,77.38,76.9,77.8,60,1.0
2024-03-04 14:00,77.3,76.8,77.8,60,1.0
2024-03-04 15:00,77.33,76.8,77.9,59,0.983
2024-03-04 16:00,77.46,77.0,78.1,60,1.0
2024-03-04 17:00,77.51,77.1,78.1,60,1.0
2024-03-04 18:00,77.5,77.2,78.1,60,1.0
2024-03-04 19:00,77.42,77.2,78.1,60,1.0
2024-03-04 20:00,77.71,77.3,78.4,60,1.0
2024-03-04 21:00,78.28,77.9,79.0,59,0.983
2024-03-04 22:00,78.45,78.2,79.0,60,1.0
2024-03-04 23:00,78.58,78.1,79.0,60,1.0
2024-03-05 00:00,78.67,78.2,79.1,58,0.967
2024-03-05 01:00,78.69,78.3,79.2,60,1.0
2024-03-05 02:00,78.33,78.0,78.9,60,1.0
2024-03-05 03:00,78.12,77.8,78.5,60,1.0
2024-03-05 04:00,78.03,77.7,78.5,60,1.0
2024-03-05 05:00,78.06,77.6,78.5,59,0.983
2024-03-05 06:00,77.91,77.5,78.4,60,1.0
2024-03-05 07:00,77.96,77.5,78.4,58,0.967
2024-03-05 08:00,77.66,77.2,78.2,59,0.983
2024-03-05 09:00,77.59,77.0,78.1,60,1.0
2024-03-05 10:00,77.38,76.9,77.8,60,1.0
2024-03-05 11:00,77.14,76.7,77.7,60,1.0
2024-03-05 12:00,76.9,76.6,77.4,60,1.0
2024-03-05 13:00,76.8,76.5,77.3,60,1.0
2024-03-05 14:00,76.67,76.4,77.1,60,1.0
2024-03-05 15:00,76.74,76.4,77.2,60,1.0
2024-03-05 16:00,76.77,76.3,77.1,59,0.983
2024-03-05 17:00,76.41,76.0,76.9,60,1.0
2024-03-05 18:00,76.28,75.9,76.7,60,1.0
2024-03-05 19:00,76.08,75.8,76.7,60,1.0
2024-03-05 20:00,76.24,75.8,76.6,59,0.983
2024-03-05 21:00,76.02,75.6,76.5,60,1.0
2024-03-05 22:00,75.83,75.6,76.4,60,1.0
2024-03-05 23:00,75.71,75.5,76.0,60,1.0
2024-03-06 00:00,75.63,75.4,76.1,60,1.0
2024-03-06 01:00,75.52,75.3,75.9,60,1.0
2024-03-06 02:00,75.49,75.2,75.8,60,1.0
2024-03-06 03:00,75.47,75.2,75.9,60,1.0
2024-03-06 04:00,75.47,75.2,76.0,60,1.0
2024-03-06 05:00,75.46,75.2,75.8,59,0.983
2024-03-06 06:00,75.54,75.1,76.1,59,0.983
2024-03-06 07:00,75.44,75.1,75.9,60,1.0
2024-03-06 08:00,75.3,75.0,75.7,59,0.983
2024-03-06 09:00,75.33,74.9,75.7,60,1.0
2024-03-06 10:00,75.14,74.8,75.8,59,0.983
2024-03-06 11:00,75.2,74.9,75.5,60,1.0
2024-03-06 12:00,75.17,74.8,75.5,60,1.0
2024-03-06 13:00,75.09,74.8,75.4,60,1.0
2024-03-06 14:00,74.89,74.4,75.2,60,1.0
2024-03-06 15:00,74.73,74.3,75.2,60,1.0
2024-03-06 16:00,75.06,74.7,75.6,60,1.0
2024-03-06 17:00,75.04,74.7,75.4,60,1.0
2024-03-06 18:00,75.5,75.1,75.9,60,1.0
2024-03-06 19:00,75.67,75.3,76.1,60,1.0
2024-03-06 20:00,75.8,75.5,76.3,60,1.0
2024-03-06 21:00,76.06,75.8,76.5,60,1.0
2024-03-06 22:00,76.53,76.0,77.0,60,1.0
2024-03-06 23:00,76.71,76.3,77.1,60,1.0
2024-03-07 00:00,76.57,76.3,77.0,60,1.0
2024-03-07 01:00,76.57,76.2,77.1,60,1.0
2024-03-07 02:00,76.53,76.1,77.1,60,1.0
2024-03-07 03:00,76.43,76.1,76.9,60,1.0
2024-03-07 04:00,76.53,76.1,76.9,60,1.0
2024-03-07 05:00,76.43,76.1,76.8,59,0.983
2024-03-07 06:00,76.45,76.1,76.7,39,0.65
2024-03-07 07:00,76.34,76.0,76.6,49,0.817
2024-03-07 08:00,76.0,75.6,76.5,59,0.983
2024-03-07 09:00,75.88,75.5,76.3,60,1.0
2024-03-07 10:00,75.96,75.5,76.3,59,0.983
2024-03-07 11:00,75.88,75.4,76.2,59,0.983
2024-03-07 12:00,75.59,75.2,76.1,60,1.0
2024-03-07 13:00,75.36,75.2,75.6,60,1.0
2024-03-07 14:00,75.35,75.1,75.8,59,0.983
2024-03-07 15:00,75.38,75.0,75.8,60,1.0
2024-03-07 16:00,75.28,75.0,75.6,60,1.0
2024-03-07 17:00,75.39,75.1,75.8,59,0.983
2024-03-07 18:00,75.2,74.8,75.7,60,1.0
2024-03-07 19:00,74.91,74.7,75.6,60,1.0
2024-03-07 20:00,74.92,74.6,75.3,60,1.0
2024-03-07 21:00,74.92,74.6,75.3,60,1.0
2024-03-07 22:00,74.92,74.5,75.3,60,1.0
2024-03-07 23:00,74.99,74.6,75.3,60,1.0
2024-03-08 00:00,74.87,74.4,75.5,58,0.967
2024-03-08 01:00,74.59,74.3,75.0,59,0.983
2024-03-08 02:00,74.47,74.2,74.9,59,0.983
2024-03-08 03:00,74.68,74.3,75.1,59,0.983
2024-03-08 04:00,74.66,74.1,75.1,60,1.0
2024-03-08 05:00,74.64,74.1,75.0,60,1.0
2024-03-08 06:00,74.53,74.1,74.8,60,1.0
2024-03-08 07:00,74.24,74.0,74.7,60,1.0
2024-03-08 08:00,74.26,73.9,74.7,60,1.0
2024-03-08 09:00,74.29,74.0,74.8,60,1.0
2024-03-08 10:00,74.02,73.8,74.3,60,1.0
2024-03-08 11:00,74.24,73.8,74.5,60,1.0
2024-03-08 12:00,73.95,73.6,74.5,60,1.0
2024-03-08 13:00,73.74,73.5,74.0,59,0.983
2024-03-08 14:00,73.8,73.5,74.2,60,1.0
2024-03-08 15:00,73.68,73.4,74.1,60,1.0
2024-03-08 16:00,73.65,73.4,74.0,60,1.0
2024-03-08 17:00,73.71,73.4,74.2,60,1.0
2024-03-08 18:00,73.56,73.3,74.0,60,1.0
2024-03-08 19:00,73.78,73.4,74.1,60,1.0
2024-03-08 20:00,73.58,73.1,74.0,60,1.0
2024-03-08 21:00,73.36,73.1,73.8,60,1.0
2024-03-08 22:00,73.48,73.2,73.8,60,1.0
2024-03-08 23:00,73.49,73.2,73.9,60,1.0
2024-03-09 00:00,73.58,73.2,74.0,60,1.0
2024-03-09 01:00,73.75,73.3,74.2,60,1.0
2024-03-09 02:00,73.79,73.3,74.2,59,0.983
2024-03-09 03:00,73.85,73.4,74.2,60,1.0
2024-03-09 04:00,73.92,73.4,74.3,60,1.0
2024-03-09 05:00,73.91,73.4,74.3,60,1.0
2024-03-09 06:00,73.89,73.4,74.2,60,1.0
2024-03-09 07:00,74.09,73.5,74.6,60,1.0
2024-03-09 08:00,74.32,73.9,74.8,60,1.0
2024-03-09 09:00,75.47,74.3,77.3,60,1.0
2024-03-09 10:00,77.98,77.2,78.6,60,1.0
2024-03-09 11:00,78.87,78.2,79.5,60,1.0
2024-03-09 12:00,79.91,79.1,80.5,60,1.0
2024-03-09 13:00,80.02,79.6,80.6,60,1.0
2024-03-09 14:00,80.17,79.7,80.7,60,1.0
2024-03-09 15:00,79.92,79.4,80.6,60,1.0
2024-03-09 16:00,79.58,79.2,80.1,60,1.0
2024-03-09 17:00,79.32,79.0,79.8,60,1.0
2024-03-09 18:00,79.21,79.0,79.7,60,1.0
2024-03-09 19:00,79.14,78.7,79.7,59,0.983
2024-03-09 20:00,79.14,78.6,79.6,59,0.983
2024-03-09 21:00,78.79,78.5,79.4,60,1.0
2024-03-09 22:00,78.9,78.4,79.3,60,1.0
2024-03-09 23:00,78.67,78.1,79.2,60,1.0
2024-03-10 00:00,78.39,78.0,78.9,60,1.0
2024-03-10 01:00,78.24,77.8,78.8,60,1.0
2024-03-10 02:00,78.08,77.6,78.6,60,1.0
2024-03-10 03:00,77.86,77.5,78.5,53,0.883
2024-03-10 04:00,77.69,77.4,78.1,51,0.85
2024-03-10 05:00,77.53,77.2,78.2,60,1.0
2024-03-10 06:00,77.43,77.1,78.0,60,1.0
2024-03-10 07:00,77.4,77.0,78.0,60,1.0
2024-03-10 08:00,77.43,76.9,78.0,60,1.0
2024-03-10 09:00,77.1,76.7,77.7,60,1.0
2024-03-10 10:00,76.88,76.6,77.3,60,1.0
2024-03-10 11:00,76.83,76.6,77.1,60,1.0
2024-03-10 12:00,77.02,76.5,77.3,60,1.0
2024-03-10 13:00,76.9,76.5,77.2,60,1.0
2024-03-10 14:00,76.59,76.3,77.2,60,1.0
2024-03-10 15:00,76.32,76.1,76.8,60,1.0
2024-03-10 16:00,76.24,76.0,76.6,60,1.0
2024-03-10 17:00,76.17,75.9,76.6,60,1.0
2024-03-10 18:00,76.23,75.9,76.6,60,1.0
2024-03-10 19:00,76.24,75.8,76.6,60,1.0
2024-03-10 20:00,76.03,75.7,76.5,60,1.0
2024-03-10 21:00,75.82,75.6,76.3,60,1.0
2024-03-10 22:00,75.96,75.6,76.3,60,1.0
2024-03-10 23:00,75.9,74.9,76.7,60,1.0
2024-03-11 00:00,79.35,76.6,80.9,60,1.0
2024-03-11 01:00,80.93,80.6,81.5,60,1.0
2024-03-11 02:00,80.74,80.3,81.2,60,1.0
2024-03-11 03:00,81.07,80.5,81.7,60,1.0
2024-03-11 04:00,81.66,81.3,82.3,60,1.0
2024-03-11 05:00,81.64,81.2,82.1,60,1.0
2024-03-11 06:00,81.48,80.9,82.0,60,1.0
2024-03-11 07:00,82.28,81.5,82.9,60,1.0
2024-03-11 08:00,82.94,82.2,83.8,60,1.0
2024-03-11 09:00,83.06,82.6,83.8,60,1.0
2024-03-11 10:00,82.75,82.4,83.2,60,1.0
2024-03-11 11:00,82.44,82.0,83.0,60,1.0
2024-03-11 12:00,81.99,81.6,82.5,60,1.0
2024-03-11 13:00,81.44,80.8,81.9,60,1.0
2024-03-11 14:00,82.57,81.5,83.3,60,1.0
2024-03-11 15:00,82.97,82.4,83.4,60,1.0
2024-03-11 16:00,82.24,80.8,83.7,58,0.967
2024-03-11 17:00,85.04,83.7,85.8,37,0.617
2024-03-11 18:00,85.37,84.5,86.0,50,0.833
2024-03-11 19:00,85.09,84.6,85.8,59,0.983
2024-03-11 20:00,84.99,84.3,85.5,60,1.0
2024-03-11 21:00,84.43,83.0,85.4,50,0.833
2024-03-11 22:00,84.89,83.5,85.5,45,0.75
2024-03-11 23:00,85.0,84.4,85.7,59,0.983
2024-03-12 00:00,84.68,84.2,85.4,60,1.0
2024-03-12 01:00,84.33,83.8,85.0,60,1.0
2024-03-12 02:00,83.88,83.4,84.6,54,0.9
2024-03-12 03:00,83.28,82.8,83.8,50,0.833
2024-03-12 04:00,82.88,82.5,83.7,60,1.0
2024-03-12 05:00,82.47,82.0,83.0,60,1.0
2024-03-12 06:00,82.06,81.5,82.4,60,1.0
2024-03-12 07:00,81.84,81.2,82.4,60,1.0
2024-03-12 08:00,81.57,81.1,82.1,60,1.0
2024-03-12 09:00,81.26,80.8,81.9,60,1.0
2024-03-12 10:00,81.09,80.7,81.7,60,1.0
2024-03-12 11:00,80.82,80.4,81.6,60,1.0
2024-03-12 12:00,80.5,80.2,81.0,60,1.0
2024-03-12 13:00,80.5,80.2,80.9,60,1.0
2024-03-12 14:00,80.03,79.7,80.5,60,1.0
2024-03-12 15:00,79.98,79.4,80.4,60,1.0
2024-03-12 16:00,79.88,79.5,80.2,60,1.0
2024-03-12 17:00,79.53,79.0,80.2,60,1.0
2024-03-12 18:00,79.21,78.9,79.6,60,1.0
2024-03-12 19:00,79.32,79.0,79.8,60,1.0
2024-03-12 20:00,79.38,78.9,79.8,60,1.0
2024-03-12 21:00,79.4,78.8,79.8,60,1.0
2024-03-12 22:00,78.97,78.5,79.6,60,1.0
2024-03-12 23:00,78.9,78.5,79.5,60,1.0
2024-03-13 00:00,78.8,78.2,79.3,60,1.0
2024-03-13 01:00,78.65,78.1,79.1,60,1.0
2024-03-13 02:00,78.34,77.9,79.1,60,1.0
2024-03-13 03:00,78.25,77.9,78.9,60,1.0
2024-03-13 04:00,78.09,77.8,78.5,60,1.0
2024-03-13 05:00,77.88,77.7,78.1,60,1.0
2024-03-13 06:00,77.8,77.5,78.1,60,1.0
2024-03-13 07:00,77.73,77.4,78.1,60,1.0
2024-03-13 08:00,77.63,77.2,78.2,60,1.0
2024-03-13 09:00,77.35,77.1,77.8,59,0.983
2024-03-13 10:00,77.44,77.0,78.0,60,1.0
2024-03-13 11:00,77.1,76.9,77.3,60,1.0
2024-03-13 12:00,76.97,76.7,77.2,60,1.0
2024-03-13 13:00,76.97,76.6,77.6,60,1.0
2024-03-13 14:00,77.03,76.5,77.4,59,0.983
2024-03-13 15:00,76.69,76.5,77.0,59,0.983
2024-03-13 16:00,76.62,76.4,77.0,60,1.0
2024-03-13 17:00,76.71,76.4,77.2,59,0.983
2024-03-13 18:00,76.83,76.3,77.2,60,1.0
2024-03-13 19:00,76.46,76.2,77.1,60,1.0
2024-03-13 20:00,76.59,76.1,77.1,60,1.0
2024-03-13 21:00,76.59,76.1,77.0,59,0.983
2024-03-13 22:00,76.59,76.0,76.9,60,1.0
2024-03-13 23:00,76.44,76.0,76.8,60,1.0
2024-03-14 00:00,76.25,75.8,76.8,58,0.967
2024-03-14 01:00,76.01,75.7,76.5,60,1.0
2024-03-14 02:00,75.9,75.7,76.2,60,1.0
2024-03-14 03:00,75.86,75.6,76.1,59,0.983
2024-03-14 04:00,75.77,75.5,76.0,59,0.983
2024-03-14 05:00,75.68,75.4,76.0,60,1.0
2024-03-14 06:00,75.66,75.3,76.1,60,1.0
2024-03-14 07:00,75.59,75.3,76.0,60,1.0
2024-03-14 08:00,75.69,75.3,76.1,51,0.85
2024-03-14 09:00,75.59,75.2,76.0,48,0.8
2024-03-14 10:00,75.41,75.1,75.8,52,0.867
2024-03-14 11:00,75.34,75.0,75.8,60,1.0
2024-03-14 12:00,75.12,74.9,75.7,60,1.0
2024-03-14 13:00,75.02,74.8,75.4,60,1.0
2024-03-14 14:00,75.08,74.8,75.4,60,1.0
2024-03-14 15:00,75.05,74.8,75.7,60,1.0
2024-03-14 16:00,75.23,74.8,75.6,60,1.0
2024-03-14 17:00,75.1,74.6,75.5,60,1.0
2024-03-14 18:00,75.05,74.5,75.4,59,0.983
2024-03-14 19:00,74.75,74.5,75.3,55,0.917
2024-03-14 20:00,74.65,74.4,74.9,55,0.917
2024-03-14 21:00,74.75,74.4,75.2,58,0.967
2024-03-14 22:00,74.86,74.5,75.3,60,1.0
2024-03-14 23:00,74.89,74.5,75.3,60,1.0
2024-03-15 00:00,74.75,74.3,75.2,60,1.0
2024-03-15 01:00,74.61,74.2,75.0,60,1.0
2024-03-15 02:00,74.5,74.2,74.9,59,0.983
2024-03-15 03:00,74.38,74.1,75.0,60,1.0
2024-03-15 04:00,74.29,74.0,74.9,60,1.0
2024-03-15 05:00,74.23,74.0,74.8,60,1.0
2024-03-15 06:00,74.19,73.9,74.5,60,1.0
2024-03-15 07:00,74.34,74.0,74.8,60,1.0
2024-03-15 08:00,74.16,73.9,74.7,60,1.0
2024-03-15 09:00,74.02,73.8,74.4,60,1.0
2024-03-15 10:00,74.04,73.7,74.4,60,1.0
2024-03-15 11:00,74.02,73.7,74.5,60,1.0
2024-03-15 12:00,74.12,73.7,74.4,60,1.0
2024-03-15 13:00,74.05,73.6,74.4,59,0.983
2024-03-15 14:00,73.79,73.5,74.3,59,0.983
2024-03-15 15:00,73.74,73.5,74.3,60,1.0
2024-03-15 16:00,73.64,73.4,74.0,60,1.0
2024-03-15 17:00,73.72,73.4,74.2,60,1.0
2024-03-15 18:00,73.87,73.4,74.2,60,1.0
2024-03-15 19:00,73.74,73.3,74.1,60,1.0
2024-03-15 20:00,73.44,73.2,73.8,60,1.0
2024-03-15 21:00,73.44,73.2,73.9,60,1.0
2024-03-15 22:00,73.6,73.2,74.0,60,1.0
2024-03-15 23:00,73.59,73.1,74.0,60,1.0
2024-03-16 00:00,73.6,73.2,74.0,60,1.0
2024-03-16 01:00,73.55,73.2,74.1,60,1.0
2024-03-16 02:00,73.39,73.0,73.7,60,1.0
2024-03-16 03:00,73.48,73.0,73.9,60,1.0
2024-03-16 04:00,73.48,73.1,73.7,60,1.0
2024-03-16 05:00,73.39,72.9,73.8,60,1.0
2024-03-16 06:00,73.05,72.8,73.4,60,1.0
2024-03-16 07:00,73.34,72.9,73.7,59,0.983
2024-03-16 08:00,73.11,72.8,73.6,60,1.0
2024-03-16 09:00,73.02,72.8,73.6,60,1.0
2024-03-16 10:00,73.07,72.8,73.6,60,1.0
2024-03-16 11:00,73.18,72.8,73.6,60,1.0
2024-03-16 12:00,73.14,72.7,73.6,59,0.983
2024-03-16 13:00,72.89,72.7,73.1,60,1.0
2024-03-16 14:00,72.99,72.6,73.4,60,1.0
2024-03-16 15:00,72.9,72.6,73.2,60,1.0
2024-03-16 16:00,72.78,72.6,73.1,60,1.0
2024-03-16 17:00,72.74,72.5,73.1,59,0.983
2024-03-16 18:00,72.8,72.5,73.3,60,1.0
2024-03-16 19:00,73.04,72.8,73.4,60,1.0
2024-03-16 20:00,73.15,72.7,73.5,60,1.0
2024-03-16 21:00,73.21,72.8,73.6,60,1.0
2024-03-16 22:00,73.2,72.8,73.7,60,1.0
2024-03-16 23:00,73.16,72.8,73.7,60,1.0
2024-03-17 00:00,73.16,72.9,73.6,60,1.0
2024-03-17 01:00,73.29,72.9,73.7,60,1.0
2024-03-17 02:00,73.21,73.0,73.5,60,1.0
2024-03-17 03:00,73.21,73.1,73.6,60,1.0
2024-03-17 04:00,73.32,73.1,73.7,60,1.0
2024-03-17 05:00,73.44,73.0,73.9,60,1.0
2024-03-17 06:00,73.57,73.2,73.9,60,1.0
2024-03-17 07:00,73.4,73.0,73.8,60,1.0
2024-03-17 08:00,73.3,73.0,73.7,55,0.917
2024-03-17 09:00,73.16,72.9,73.5,47,0.783
2024-03-17 10:00,73.32,72.9,73.8,58,0.967
2024-03-17 11:00,73.0,72.8,73.3,60,1.0
2024-03-17 12:00,72.95,72.8,73.3,60,1.0
2024-03-17 13:00,73.01,72.8,73.5,60,1.0
2024-03-17 14:00,73.07,72.7,73.4,60,1.0
2024-03-17 15:00,73.18,72.8,73.5,60,1.0
2024-03-17 16:00,73.14,72.7,73.4,60,1.0
2024-03-17 17:00,72.82,72.6,73.3,60,1.0
2024-03-17 18:00,72.74,72.5,72.9,60,1.0
2024-03-17 19:00,72.68,72.5,72.9,59,0.983
2024-03-17 20:00,72.73,72.5,73.3,59,0.983
2024-03-17 21:00,72.96,72.5,73.4,60,1.0
2024-03-17 22:00,72.85,72.4,73.2,59,0.983
2024-03-17 23:00,72.64,72.4,73.1,58,0.967
2024-03-18 00:00,72.54,72.3,72.9,60,1.0
2024-03-18 01:00,72.47,72.3,72.8,59,0.983
2024-03-18 02:00,72.45,72.3,72.8,59,0.983
2024-03-18 03:00,72.42,72.2,72.8,60,1.0
2024-03-18 04:00,72.48,72.2,72.9,60,1.0
2024-03-18 05:00,72.4,72.2,72.9,60,1.0
2024-03-18 06:00,72.35,72.1,72.7,60,1.0
2024-03-18 07:00,72.52,72.2,72.9,59,0.983
2024-03-18 08:00,72.44,72.1,72.8,60,1.0
2024-03-18 09:00,72.32,72.0,72.7,60,1.0
2024-03-18 10:00,72.44,72.0,72.9,59,0.983
2024-03-18 11:00,72.19,71.9,72.5,60,1.0
2024-03-18 12:00,72.23,71.9,72.7,60,1.0
2024-03-18 13:00,72.16,71.9,72.5,60,1.0
2024-03-18 14:00,72.33,71.9,72.6,60,1.0
2024-03-18 15:00,72.3,71.8,72.6,60,1.0
2024-03-18 16:00,72.27,71.9,72.6,60,1.0
2024-03-18 17:00,72.17,71.8,72.5,60,1.0
2024-03-18 18:00,72.08,71.6,72.4,59,0.983
2024-03-18 19:00,71.8,71.6,72.2,60,1.0
2024-03-18 20:00,71.77,71.6,72.3,60,1.0
2024-03-18 21:00,71.87,71.5,72.3,58,0.967
2024-03-18 22:00,72.1,71.7,72.5,60,1.0
2024-03-18 23:00,72.14,71.7,72.5,60,1.0
2024-03-19 00:00,72.14,71.7,72.5,60,1.0
2024-03-19 01:00,72.1,71.6,72.4,60,1.0
2024-03-19 02:00,72.07,71.6,72.4,60,1.0
2024-03-19 03:00,71.96,71.6,72.4,60,1.0
2024-03-19 04:00,71.89,71.6,72.3,60,1.0
2024-03-19 05:00,72.03,71.6,72.4,60,1.0
2024-03-19 06:00,72.1,71.7,72.4,60,1.0
2024-03-19 07:00,72.06,71.7,72.3,60,1.0
2024-03-19 08:00,71.91,71.5,72.4,60,1.0
2024-03-19 09:00,71.85,71.5,72.3,60,1.0
2024-03-19 10:00,71.73,71.5,72.2,60,1.0
2024-03-19 11:00,71.74,71.4,72.2,60,1.0
2024-03-19 12:00,71.86,71.5,72.2,60,1.0
2024-03-19 13:00,71.83,71.5,72.1,60,1.0
2024-03-19 14:00,71.82,71.5,72.1,60,1.0
2024-03-19 15:00,71.66,71.3,72.1,60,1.0
2024-03-19 16:00,71.43,71.2,71.8,60,1.0
2024-03-19 17:00,71.32,71.1,71.6,59,0.983
2024-03-19 18:00,71.41,71.1,71.8,58,0.967
2024-03-19 19:00,71.49,71.1,71.8,57,0.95
2024-03-19 20:00,71.31,71.0,71.8,44,0.733
2024-03-19 21:00,71.28,71.0,71.7,51,0.85
2024-03-19 22:00,71.14,71.0,71.6,58,0.967
2024-03-19 23:00,71.33,70.9,71.7,60,1.0
2024-03-20 00:00,71.1,70.9,71.4,60,1.0
2024-03-20 01:00,71.19,70.9,71.6,59,0.983
2024-03-20 02:00,71.14,70.8,71.5,60,1.0
2024-03-20 03:00,71.11,70.8,71.5,60,1.0
2024-03-20 04:00,70.9,70.7,71.2,60,1.0
2024-03-20 05:00,70.91,70.7,71.3,60,1.0
2024-03-20 06:00,70.82,70.7,71.0,60,1.0
2024-03-20 07:00,70.99,70.6,71.3,59,0.983
2024-03-20 08:00,70.84,70.5,71.2,59,0.983
2024-03-20 09:00,70.7,70.4,71.2,60,1.0
2024-03-20 10:00,70.67,70.3,71.0,60,1.0
2024-03-20 11:00,70.42,70.3,70.8,60,1.0
2024-03-20 12:00,70.53,70.2,70.8,60,1.0
2024-03-20 13:00,70.53,70.1,70.9,60,1.0
2024-03-20 14:00,70.24,70.1,70.5,60,1.0
2024-03-20 15:00,70.23,70.1,70.5,60,1.0
2024-03-20 16:00,70.28,70.0,70.6,59,0.983
2024-03-20 17:00,70.49,70.1,70.8,59,0.983
2024-03-20 18:00,70.19,69.9,70.5,60,1.0
2024-03-20 19:00,70.06,69.9,70.5,60,1.0
2024-03-20 20:00,70.04,69.9,70.3,60,1.0
2024-03-20 21:00,69.99,69.8,70.3,60,1.0
2024-03-20 22:00,69.95,69.8,70.1,60,1.0
2024-03-20 23:00,69.95,69.8,70.1,60,1.0
2024-03-21 00:00,70.14,69.8,70.5,60,1.0
2024-03-21 01:00,70.19,69.8,70.5,60,1.0
2024-03-21 02:00,70.21,69.9,70.6,60,1.0
2024-03-21 03:00,70.26,69.8,70.6,60,1.0
2024-03-21 04:00,70.18,69.8,70.4,60,1.0
2024-03-21 05:00,70.15,69.8,70.4,60,1.0
2024-03-21 06:00,70.0,69.7,70.5,60,1.0
2024-03-21 07:00,70.03,69.8,70.5,60,1.0
2024-03-21 08:00,70.02,69.7,70.4,60,1.0
2024-03-21 09:00,70.06,69.7,70.4,60,1.0
2024-03-21 10:00,69.85,69.6,70.2,59,0.983
2024-03-21 11:00,69.7,69.5,70.2,60,1.0
2024-03-21 12:00,69.87,69.5,70.2,60,1.0
2024-03-21 13:00,69.76,69.4,70.3,60,1.0
2024-03-21 14:00,69.6,69.4,69.9,60,1.0
2024-03-21 15:00,69.51,69.4,69.7,60,1.0
2024-03-21 16:00,69.5,69.3,69.7,58,0.967
2024-03-21 17:00,69.46,69.3,69.6,60,1.0
2024-03-21 18:00,69.45,69.3,69.9,60,1.0
2024-03-21 19:00,69.71,69.3,70.0,60,1.0
2024-03-21 20:00,69.58,69.3,69.9,60,1.0
2024-03-21 21:00,69.39,69.2,69.6,60,1.0
2024-03-21 22:00,69.35,69.2,69.5,60,1.0
2024-03-21 23:00,69.4,69.1,69.8,60,1.0
2024-03-22 00:00,69.48,69.2,69.8,60,1.0
2024-03-22 01:00,69.42,69.2,69.8,60,1.0
2024-03-22 02:00,69.37,69.1,69.8,60,1.0
2024-03-22 03:00,69.28,69.1,69.5,60,1.0
2024-03-22 04:00,69.34,69.1,69.6,59,0.983
2024-03-22 05:00,69.38,69.1,69.8,60,1.0
2024-03-22 06:00,69.28,69.1,69.8,60,1.0
2024-03-22 07:00,69.58,69.2,69.8,60,1.0
2024-03-22 08:00,69.47,69.1,69.8,60,1.0
2024-03-22 09:00,69.44,69.1,69.8,60,1.0
2024-03-22 10:00,69.36,69.1,69.8,60,1.0
2024-03-22 11:00,69.21,69.0,69.7,58,0.967
2024-03-22 12:00,69.07,68.9,69.4,56,0.933
2024-03-22 13:00,69.07,68.9,69.3,47,0.783
2024-03-22 14:00,69.26,68.9,69.6,60,1.0
2024-03-22 15:00,69.0,68.8,69.3,60,1.0
2024-03-22 16:00,68.94,68.8,69.1,60,1.0
2024-03-22 17:00,68.94,68.8,69.2,60,1.0
2024-03-22 18:00,69.06,68.8,69.4,60,1.0
2024-03-22 19:00,68.95,68.7,69.4,59,0.983
2024-03-22 20:00,68.9,68.7,69.4,59,0.983
2024-03-22 21:00,68.92,68.7,69.4,60,1.0
2024-03-22 22:00,69.18,68.9,69.4,60,1.0
2024-03-22 23:00,68.97,68.7,69.3,60,1.0
2024-03-23 00:00,68.79,68.6,69.2,60,1.0
2024-03-23 01:00,68.75,68.6,68.9,60,1.0
2024-03-23 02:00,68.77,68.6,69.1,60,1.0
2024-03-23 03:00,68.78,68.6,69.0,60,1.0
2024-03-23 04:00,68.78,68.6,69.3,60,1.0
2024-03-23 05:00,68.88,68.6,69.2,60,1.0
2024-03-23 06:00,68.97,68.6,69.3,60,1.0
2024-03-23 07:00,68.87,68.5,69.2,60,1.0
2024-03-23 08:00,68.96,68.7,69.3,59,0.983
2024-03-23 09:00,68.98,68.7,69.3,60,1.0
2024-03-23 10:00,68.7,68.5,69.2,60,1.0
2024-03-23 11:00,68.66,68.5,69.1,60,1.0
2024-03-23 12:00,68.89,68.5,69.2,60,1.0
2024-03-23 13:00,68.84,68.5,69.1,60,1.0
2024-03-23 14:00,68.61,68.3,69.1,59,0.983
2024-03-23 15:00,68.56,68.3,69.0,60,1.0
2024-03-23 16:00,68.38,68.3,68.6,60,1.0
2024-03-23 17:00,68.35,68.2,68.5,59,0.983
2024-03-23 18:00,68.56,68.2,68.9,60,1.0
2024-03-23 19:00,68.38,68.2,68.8,60,1.0
2024-03-23 20:00,68.36,68.1,68.7,60,1.0
2024-03-23 21:00,68.62,68.3,68.9,60,1.0
2024-03-23 22:00,68.54,68.1,68.9,60,1.0
2024-03-23 23:00,68.32,68.1,68.7,60,1.0
2024-03-24 00:00,68.52,68.1,68.7,60,1.0
2024-03-24 01:00,68.4,68.1,68.7,60,1.0
2024-03-24 02:00,68.37,68.1,68.7,59,0.983
2024-03-24 03:00,68.44,68.1,68.8,60,1.0
2024-03-24 04:00,68.4,68.1,68.8,60,1.0
2024-03-24 05:00,68.3,68.1,68.6,60,1.0
2024-03-24 06:00,68.54,68.1,68.9,60,1.0
2024-03-24 07:00,68.57,68.4,68.8,59,0.983
2024-03-24 08:00,68.52,68.2,68.9,58,0.967
2024-03-24 09:00,68.32,68.0,68.7,60,1.0
2024-03-24 10:00,68.25,68.0,68.6,60,1.0
2024-03-24 11:00,68.3,68.0,68.6,60,1.0
2024-03-24 12:00,68.26,68.0,68.5,60,1.0
2024-03-24 13:00,67.98,67.8,68.3,60,1.0
2024-03-24 14:00,67.99,67.8,68.3,60,1.0
2024-03-24 15:00,68.09,67.8,68.3,60,1.0
2024-03-24 16:00,68.02,67.7,68.4,58,0.967
2024-03-24 17:00,68.18,67.8,68.4,49,0.817
2024-03-24 18:00,68.01,67.7,68.4,50,0.833
2024-03-24 19:00,67.92,67.7,68.3,59,0.983
2024-03-24 20:00,67.8,67.6,68.2,60,1.0
2024-03-24 21:00,67.76,67.6,68.0,59,0.983
2024-03-24 22:00,67.8,67.6,68.5,59,0.983
2024-03-24 23:00,68.01,67.6,68.4,60,1.0
2024-03-25 00:00,67.83,67.6,68.2,60,1.0
2024-03-25 01:00,67.7,67.6,67.9,60,1.0
2024-03-25 02:00,67.69,67.6,68.4,60,1.0
2024-03-25 03:00,67.68,67.6,67.9,60,1.0
2024-03-25 04:00,67.67,67.5,68.1,60,1.0
2024-03-25 05:00,67.79,67.5,68.2,60,1.0
2024-03-25 06:00,67.86,67.5,68.1,60,1.0
2024-03-25 07:00,67.77,67.5,68.1,60,1.0
2024-03-25 08:00,67.86,67.6,68.2,60,1.0
2024-03-25 09:00,67.7,67.5,68.1,60,1.0
2024-03-25 10:00,67.75,67.4,68.1,60,1.0
2024-03-25 11:00,67.78,67.4,68.1,60,1.0
2024-03-25 12:00,67.47,67.3,67.9,59,0.983
2024-03-25 13:00,67.39,67.3,67.7,59,0.983
2024-03-25 14:00,67.36,67.2,67.6,60,1.0
2024-03-25 15:00,67.4,67.2,67.9,60,1.0
2024-03-25 16:00,67.58,67.3,67.8,59,0.983
2024-03-25 17:00,67.63,67.2,67.9,59,0.983
2024-03-25 18:00,67.6,67.2,67.9,60,1.0
2024-03-25 19:00,67.28,67.1,67.5,60,1.0
2024-03-25 20:00,67.28,67.2,67.6,58,0.967
2024-03-25 21:00,67.36,67.1,67.6,60,1.0
2024-03-25 22:00,67.49,67.1,67.8,58,0.967
2024-03-25 23:00,67.38,67.1,67.7,60,1.0
2024-03-26 00:00,67.22,67.1,67.5,59,0.983
2024-03-26 01:00,67.34,67.1,67.7,60,1.0
2024-03-26 02:00,67.38,67.1,67.8,59,0.983
2024-03-26 03:00,67.54,67.1,67.8,59,0.983
2024-03-26 04:00,67.57,67.3,67.8,59,0.983
2024-03-26 05:00,67.51,67.2,67.7,60,1.0
2024-03-26 06:00,67.49,67.1,67.8,60,1.0
2024-03-26 07:00,67.46,67.1,67.8,60,1.0
2024-03-26 08:00,67.24,67.1,67.6,60,1.0
2024-03-26 09:00,67.36,67.1,67.6,60,1.0
2024-03-26 10:00,67.53,67.2,67.8,60,1.0
2024-03-26 11:00,67.28,67.2,67.6,60,1.0
2024-03-26 12:00,67.52,67.2,67.9,60,1.0
2024-03-26 13:00,67.67,67.3,67.9,59,0.983
2024-03-26 14:00,67.72,67.4,68.0,60,1.0
2024-03-26 15:00,67.74,67.3,68.1,60,1.0
2024-03-26 16:00,67.72,67.4,67.9,60,1.0
2024-03-26 17:00,67.7,67.4,68.1,60,1.0
2024-03-26 18:00,67.67,67.5,68.1,60,1.0
2024-03-26 19:00,67.69,67.5,67.9,59,0.983
2024-03-26 20:00,67.76,67.6,68.0,60,1.0
2024-03-26 21:00,67.85,67.7,68.1,60,1.0
2024-03-26 22:00,68.02,67.8,68.3,60,1.0
2024-03-26 23:00,68.08,67.9,68.6,60,1.0
2024-03-27 00:00,68.21,68.0,68.6,60,1.0
2024-03-27 01:00,68.22,68.0,68.6,60,1.0
2024-03-27 02:00,68.3,68.1,68.6,60,1.0
2024-03-27 03:00,68.33,68.1,68.7,60,1.0
2024-03-27 04:00,68.44,68.2,68.8,60,1.0
2024-03-27 05:00,68.52,68.2,69.0,60,1.0
2024-03-27 06:00,68.52,68.3,68.8,60,1.0
2024-03-27 07:00,68.66,68.3,69.0,60,1.0
2024-03-27 08:00,68.63,68.3,69.0,60,1.0
2024-03-27 09:00,68.68,68.3,69.1,60,1.0
2024-03-27 10:00,68.44,68.3,68.8,60,1.0
2024-03-27 11:00,68.36,68.2,68.6,60,1.0
2024-03-27 12:00,68.49,68.2,68.8,60,1.0
2024-03-27 13:00,68.41,68.2,68.7,60,1.0
2024-03-27 14:00,68.3,68.1,68.5,60,1.0
2024-03-27 15:00,68.88,68.4,69.5,60,1.0
2024-03-27 16:00,69.45,69.1,69.8,59,0.983
2024-03-27 17:00,70.14,69.4,71.1,60,1.0
2024-03-27 18:00,71.96,71.0,73.1,60,1.0
2024-03-27 19:00,73.46,72.8,74.0,60,1.0
2024-03-27 20:00,74.19,73.9,74.6,60,1.0
2024-03-27 21:00,74.4,74.0,74.7,60,1.0
2024-03-27 22:00,74.48,74.1,74.9,60,1.0
2024-03-27 23:00,74.56,74.0,74.9,60,1.0
2024-03-28 00:00,74.42,74.1,74.7,60,1.0
2024-03-28 01:00,74.25,73.9,74.7,60,1.0
2024-03-28 02:00,74.17,73.9,74.6,59,0.983
2024-03-28 03:00,74.07,73.8,74.6,60,1.0
2024-03-28 04:00,74.14,73.8,74.6,60,1.0
2024-03-28 05:00,74.03,73.7,74.4,60,1.0
2024-03-28 06:00,73.94,73.6,74.4,60,1.0
2024-03-28 07:00,73.89,73.6,74.4,60,1.0
2024-03-28 08:00,73.77,73.5,74.3,60,1.0
2024-03-28 09:00,73.7,73.4,74.2,60,1.0
2024-03-28 10:00,73.7,73.4,74.0,60,1.0
2024-03-28 11:00,73.48,73.2,73.9,60,1.0
2024-03-28 12:00,73.29,73.1,73.5,60,1.0
2024-03-28 13:00,73.32,73.0,73.8,60,1.0
2024-03-28 14:00,73.33,73.0,73.8,59,0.983
2024-03-28 15:00,73.19,72.9,73.5,60,1.0
2024-03-28 16:00,73.21,72.9,73.6,60,1.0
2024-03-28 17:00,73.24,73.0,73.4,60,1.0
2024-03-28 18:00,73.12,72.8,73.4,60,1.0
2024-03-28 19:00,73.09,72.9,73.4,60,1.0
2024-03-28 20:00,73.01,72.7,73.3,60,1.0
2024-03-28 21:00,72.87,72.5,73.2,60,1.0
2024-03-28 22:00,72.71,72.4,73.1,55,0.917
2024-03-28 23:00,72.59,72.3,73.2,49,0.817
2024-03-29 00:00,72.66,72.2,73.1,59,0.983
2024-03-29 01:00,72.72,72.3,73.0,60,1.0
2024-03-29 02:00,72.31,72.1,72.6,59,0.983
2024-03-29 03:00,72.21,72.1,72.4,60,1.0
2024-03-29 04:00,72.32,72.0,72.8,60,1.0
2024-03-29 05:00,72.47,72.0,72.8,60,1.0
2024-03-29 06:00,72.22,71.9,72.6,60,1.0
2024-03-29 07:00,72.2,71.9,72.6,60,1.0
2024-03-29 08:00,72.23,71.9,72.7,60,1.0
2024-03-29 09:00,72.19,71.9,72.7,60,1.0
2024-03-29 10:00,72.01,71.6,72.4,60,1.0
2024-03-29 11:00,71.85,71.5,72.2,60,1.0
2024-03-29 12:00,71.66,71.4,72.1,60,1.0
2024-03-29 13:00,71.87,71.5,72.1,60,1.0
2024-03-29 14:00,71.65,71.4,71.8,59,0.983
2024-03-29 15:00,71.43,71.2,71.8,60,1.0
2024-03-29 16:00,71.35,71.2,71.7,60,1.0
2024-03-29 17:00,71.41,71.2,71.7,60,1.0
2024-03-29 18:00,71.38,71.0,71.8,60,1.0
2024-03-29 19:00,71.52,71.1,72.0,60,1.0
2024-03-29 20:00,71.26,71.0,71.7,60,1.0
2024-03-29 21:00,71.08,70.9,71.3,58,0.967
2024-03-29 22:00,71.06,70.9,71.3,60,1.0
2024-03-29 23:00,71.14,70.9,71.7,60,1.0
2024-03-30 00:00,71.21,70.9,71.5,60,1.0
2024-03-30 01:00,71.16,70.8,71.5,60,1.0
2024-03-30 02:00,71.18,70.8,71.6,60,1.0
2024-03-30 03:00,71.17,70.7,71.5,60,1.0
2024-03-30 04:00,71.06,70.6,71.4,60,1.0
2024-03-30 05:00,71.08,70.7,71.4,59,0.983
2024-03-30 06:00,70.96,70.6,71.4,60,1.0
2024-03-30 07:00,70.86,70.6,71.2,60,1.0
2024-03-30 08:00,70.9,70.6,71.3,60,1.0
2024-03-30 09:00,70.59,70.4,70.8,60,1.0
2024-03-30 10:00,70.5,70.3,70.8,60,1.0
2024-03-30 11:00,70.68,70.4,71.0,60,1.0
2024-03-30 12:00,70.43,70.1,70.8,60,1.0
2024-03-30 13:00,70.19,70.1,70.4,60,1.0
2024-03-30 14:00,70.2,70.0,70.5,60,1.0
2024-03-30 15:00,70.28,70.0,70.6,60,1.0
2024-03-30 16:00,70.33,70.0,70.7,59,0.983
2024-03-30 17:00,70.26,70.0,70.5,60,1.0
2024-03-30 18:00,70.14,69.9,70.5,60,1.0
2024-03-30 19:00,69.88,69.7,70.3,60,1.0
2024-03-30 20:00,69.83,69.7,70.2,60,1.0
2024-03-30 21:00,70.08,69.7,70.3,60,1.0
2024-03-30 22:00,69.98,69.6,70.3,60,1.0
2024-03-30 23:00,69.88,69.6,70.2,60,1.0
2024-03-31 00:00,69.69,69.5,70.2,60,1.0
2024-03-31 01:00,69.86,69.5,70.2,60,1.0
2024-03-31 02:00,69.88,69.6,70.1,60,1.0
2024-03-31 03:00,69.79,69.4,70.1,60,1.0
2024-03-31 04:00,69.54,69.4,69.9,60,1.0
2024-03-31 05:00,69.45,69.3,69.6,60,1.0
2024-03-31 06:00,69.47,69.3,69.9,60,1.0
2024-03-31 07:00,69.63,69.3,70.0,60,1.0
2024-03-31 08:00,69.62,69.3,70.0,60,1.0
2024-03-31 09:00,69.4,69.2,69.8,60,1.0
2024-03-31 10:00,69.38,69.2,69.7,60,1.0
2024-03-31 11:00,69.56,69.4,69.7,60,1.0
2024-03-31 12:00,69.5,69.1,69.8,60,1.0
2024-03-31 13:00,69.19,69.0,69.7,60,1.0
2024-03-31 14:00,69.1,69.0,69.3,60,1.0
2024-03-31 15:00,69.25,68.9,69.6,60,1.0
2024-03-31 16:00,69.34,69.0,69.5,60,1.0
2024-03-31 17:00,69.18,68.9,69.5,60,1.0
2024-03-31 18:00,69.15,68.8,69.4,58,0.967
2024-03-31 19:00,68.93,68.8,69.3,59,0.983
2024-03-31 20:00,69.09,68.8,69.5,52,0.867
2024-03-31 21:00,69.17,68.9,69.3,55,0.917
2024-03-31 22:00,68.96,68.7,69.4,60,1.0
2024-03-31 23:00,68.93,68.7,69.3,60,1.0
2024-04-01 00:00,68.85,68.6,69.3,60,1.0
2024-04-01 01:00,68.69,68.6,69.0,60,1.0
2024-04-01 02:00,68.69,68.5,69.1,60,1.0
2024-04-01 03:00,68.62,68.5,68.8,60,1.0
2024-04-01 04:00,68.61,68.5,68.7,60,1.0
2024-04-01 05:00,68.6,68.5,68.9,60,1.0
2024-04-01 06:00,68.62,68.5,69.1,60,1.0
2024-04-01 07:00,68.68,68.5,69.0,60,1.0
2024-04-01 08:00,68.71,68.4,69.1,60,1.0
2024-04-01 09:00,68.54,68.4,69.0,60,1.0
2024-04-01 10:00,68.64,68.4,68.9,60,1.0
2024-04-01 11:00,68.4,68.2,68.7,60,1.0
2024-04-01 12:00,68.64,68.3,68.9,60,1.0
2024-04-01 13:00,68.3,68.1,68.8,60,1.0
2024-04-01 14:00,68.2,68.1,68.4,60,1.0
2024-04-01 15:00,68.22,68.1,68.6,60,1.0
2024-04-01 16:00,68.43,68.1,68.7,60,1.0
2024-04-01 17:00,68.44,68.0,68.6,60,1.0
2024-04-01 18:00,68.34,68.0,68.6,59,0.983
2024-04-01 19:00,68.06,67.8,68.5,60,1.0
2024-04-01 20:00,68.18,67.9,68.6,60,1.0
2024-04-01 21:00,68.54,68.3,68.8,60,1.0
2024-04-01 22:00,68.43,68.0,68.8,60,1.0
2024-04-01 23:00,68.29,67.9,68.6,60,1.0
2024-04-02 00:00,68.04,67.9,68.2,60,1.0
2024-04-02 01:00,68.02,67.9,68.2,60,1.0
2024-04-02 02:00,68.12,67.9,68.5,60,1.0
2024-04-02 03:00,68.2,67.9,68.6,60,1.0
2024-04-02 04:00,68.16,67.9,68.6,60,1.0
2024-04-02 05:00,68.32,68.0,68.6,60,1.0
2024-04-02 06:00,68.29,67.9,68.6,60,1.0
2024-04-02 07:00,68.17,67.9,68.6,59,0.983
2024-04-02 08:00,68.12,67.8,68.6,60,1.0
2024-04-02 09:00,67.88,67.6,68.2,60,1.0
2024-04-02 10:00,67.97,67.6,68.3,60,1.0
2024-04-02 11:00,67.82,67.5,68.4,60,1.0
2024-04-02 12:00,67.96,67.7,68.2,60,1.0
2024-04-02 13:00,67.66,67.5,68.0,60,1.0
2024-04-02 14:00,67.56,67.4,67.9,60,1.0
2024-04-02 15:00,67.55,67.4,67.8,60,1.0
2024-04-02 16:00,67.54,67.4,67.9,60,1.0
2024-04-02 17:00,67.69,67.4,68.0,60,1.0
2024-04-02 18:00,67.68,67.4,68.0,60,1.0
2024-04-02 19:00,67.64,67.3,68.0,60,1.0
2024-04-02 20:00,67.53,67.3,67.9,60,1.0
2024-04-02 21:00,67.4,67.3,67.8,60,1.0
2024-04-02 22:00,67.5,67.3,67.9,60,1.0
2024-04-02 23:00,67.66,67.3,67.9,60,1.0
2024-04-03 00:00,67.77,67.5,68.0,60,1.0
2024-04-03 01:00,67.69,67.3,68.0,60,1.0
2024-04-03 02:00,67.6,67.3,68.0,60,1.0
2024-04-03 03:00,67.53,67.2,67.9,60,1.0
2024-04-03 04:00,67.41,67.2,67.7,60,1.0
2024-04-03 05:00,67.41,67.2,67.8,60,1.0
2024-04-03 06:00,67.36,67.2,67.8,60,1.0
2024-04-03 07:00,67.47,67.2,67.8,60,1.0
2024-04-03 08:00,67.42,67.2,67.9,60,1.0
2024-04-03 09:00,67.29,67.1,67.7,60,1.0
2024-04-03 10:00,67.29,67.0,67.5,60,1.0
2024-04-03 11:00,67.22,67.0,67.5,56,0.933
2024-04-03 12:00,67.07,66.9,67.3,44,0.733
2024-04-03 13:00,67.05,66.9,67.2,44,0.733
2024-04-03 14:00,67.02,66.9,67.2,59,0.983
2024-04-03 15:00,67.18,66.9,67.5,60,1.0
2024-04-03 16:00,67.0,66.9,67.4,60,1.0
2024-04-03 17:00,66.96,66.8,67.2,60,1.0
2024-04-03 18:00,67.04,66.8,67.3,60,1.0
2024-04-03 19:00,67.12,66.8,67.4,60,1.0
2024-04-03 20:00,66.9,66.8,67.1,60,1.0
2024-04-03 21:00,66.94,66.8,67.3,60,1.0
2024-04-03 22:00,67.14,66.8,67.5,60,1.0
2024-04-03 23:00,67.21,67.0,67.4,60,1.0
2024-04-04 00:00,67.17,66.9,67.5,60,1.0
2024-04-04 01:00,67.04,66.7,67.4,60,1.0
2024-04-04 02:00,66.92,66.7,67.2,60,1.0
2024-04-04 03:00,66.94,66.7,67.3,60,1.0
2024-04-04 04:00,66.85,66.7,67.2,60,1.0
2024-04-04 05:00,66.82,66.7,67.0,60,1.0
2024-04-04 06:00,66.85,66.7,67.3,60,1.0
2024-04-04 07:00,67.03,66.7,67.3,60,1.0
2024-04-04 08:00,66.94,66.7,67.3,60,1.0
2024-04-04 09:00,66.78,66.6,67.1,60,1.0
2024-04-04 10:00,66.74,66.5,67.1,60,1.0
2024-04-04 11:00,66.68,66.4,67.1,60,1.0
2024-04-04 12:00,66.69,66.4,67.0,60,1.0
2024-04-04 13:00,66.76,66.4,67.2,60,1.0
2024-04-04 14:00,66.51,66.4,66.9,60,1.0
2024-04-04 15:00,66.47,66.3,66.7,60,1.0
2024-04-04 16:00,66.44,66.4,66.5,59,0.983
2024-04-04 17:00,66.44,66.3,66.6,60,1.0
2024-04-04 18:00,66.54,66.3,66.9,60,1.0
2024-04-04 19:00,66.73,66.4,67.0,60,1.0
2024-04-04 20:00,66.5,66.3,66.8,59,0.983
2024-04-04 21:00,66.4,66.3,66.7,60,1.0
2024-04-04 22:00,66.46,66.3,66.9,60,1.0
2024-04-04 23:00,66.66,66.3,67.0,60,1.0
2024-04-05 00:00,66.72,66.5,66.9,60,1.0
2024-04-05 01:00,66.73,66.6,66.9,60,1.0
2024-04-05 02:00,66.62,66.3,67.0,60,1.0
2024-04-05 03:00,66.45,66.2,66.9,60,1.0
2024-04-05 04:00,66.4,66.2,66.8,59,0.983
2024-04-05 05:00,66.32,66.2,66.6,59,0.983
2024-04-05 06:00,66.41,66.2,66.8,56,0.933
2024-04-05 07:00,66.51,66.2,66.8,57,0.95
2024-04-05 08:00,66.47,66.2,66.8,54,0.9
2024-04-05 09:00,66.35,66.2,67.0,59,0.983
2024-04-05 10:00,66.37,66.1,66.7,59,0.983
2024-04-05 11:00,66.31,66.0,66.6,60,1.0
2024-04-05 12:00,66.16,66.0,66.5,60,1.0
2024-04-05 13:00,66.32,66.0,66.7,58,0.967
2024-04-05 14:00,66.42,66.3,66.6,60,1.0
2024-04-05 15:00,66.34,66.0,66.5,60,1.0
2024-04-05 16:00,66.36,66.2,66.6,60,1.0
2024-04-05 17:00,66.17,65.9,66.6,60,1.0
2024-04-05 18:00,66.0,65.9,66.2,60,1.0
2024-04-05 19:00,66.16,65.9,66.4,59,0.983
2024-04-05 20:00,66.31,66.1,66.5,60,1.0
2024-04-05 21:00,66.09,65.9,66.4,59,0.983
2024-04-05 22:00,65.97,65.9,66.3,60,1.0
2024-04-05 23:00,65.96,65.8,66.2,60,1.0
2024-04-06 00:00,65.99,65.8,66.3,60,1.0
2024-04-06 01:00,66.06,65.9,66.4,60,1.0
2024-04-06 02:00,66.18,65.9,66.5,60,1.0
2024-04-06 03:00,66.3,66.0,66.5,60,1.0
2024-04-06 04:00,66.28,66.2,66.5,60,1.0
2024-04-06 05:00,66.27,65.9,66.5,59,0.983
2024-04-06 06:00,66.15,65.8,66.5,60,1.0
2024-04-06 07:00,66.14,65.8,66.5,56,0.933
2024-04-06 08:00,66.1,65.8,66.4,60,1.0
2024-04-06 09:00,66.02,65.8,66.3,60,1.0
2024-04-06 10:00,65.95,65.7,66.4,60,1.0
2024-04-06 11:00,65.93,65.6,66.3,60,1.0
2024-04-06 12:00,65.76,65.6,66.2,58,0.967
2024-04-06 13:00,65.91,65.6,66.3,60,1.0
2024-04-06 14:00,66.05,65.7,66.3,60,1.0
2024-04-06 15:00,65.79,65.5,66.0,60,1.0
2024-04-06 16:00,65.85,65.6,66.2,60,1.0
2024-04-06 17:00,65.65,65.5,65.8,60,1.0
2024-04-06 18:00,65.65,65.5,65.9,60,1.0
2024-04-06 19:00,65.78,65.5,66.0,59,0.983
2024-04-06 20:00,65.95,65.6,66.2,48,0.8
2024-04-06 21:00,65.86,65.5,66.2,46,0.767
2024-04-06 22:00,65.61,65.5,65.9,59,0.983
2024-04-06 23:00,65.59,65.5,65.8,57,0.95
2024-04-07 00:00,65.59,65.5,65.9,60,1.0
2024-04-07 01:00,65.69,65.5,66.0,60,1.0
2024-04-07 02:00,65.87,65.6,66.1,60,1.0
2024-04-07 03:00,65.9,65.6,66.1,60,1.0
2024-04-07 04:00,65.91,65.7,66.1,60,1.0
2024-04-07 05:00,65.9,65.5,66.1,60,1.0
2024-04-07 06:00,65.82,65.5,66.1,58,0.967
2024-04-07 07:00,65.76,65.5,66.2,60,1.0
2024-04-07 08:00,65.7,65.5,66.2,60,1.0
2024-04-07 09:00,65.77,65.5,66.1,60,1.0
2024-04-07 10:00,65.58,65.4,65.9,60,1.0
2024-04-07 11:00,65.6,65.3,66.0,60,1.0
2024-04-07 12:00,65.44,65.3,65.8,60,1.0
2024-04-07 13:00,65.53,65.3,65.8,60,1.0
2024-04-07 14:00,65.68,65.4,65.9,60,1.0
2024-04-07 15:00,65.56,65.3,65.9,60,1.0
2024-04-07 16:00,65.48,65.2,65.9,60,1.0
2024-04-07 17:00,65.4,65.2,65.7,60,1.0
2024-04-07 18:00,65.28,65.2,65.4,60,1.0
2024-04-07 19:00,65.39,65.2,65.7,60,1.0
2024-04-07 20:00,65.58,65.2,65.9,60,1.0
2024-04-07 21:00,65.58,65.4,65.8,59,0.983
2024-04-07 22:00,65.42,65.2,65.7,59,0.983
2024-04-07 23:00,65.31,65.2,65.8,60,1.0
2024-04-08 00:00,65.25,65.1,65.5,60,1.0
2024-04-08 01:00,65.42,65.1,65.7,60,1.0
2024-04-08 02:00,65.46,65.1,65.7,60,1.0
2024-04-08 03:00,65.52,65.2,65.9,60,1.0
2024-04-08 04:00,65.59,65.5,65.8,60,1.0
2024-04-08 05:00,65.38,65.1,65.8,60,1.0
2024-04-08 06:00,65.29,65.1,65.6,60,1.0
2024-04-08 07:00,65.34,65.1,65.8,60,1.0
2024-04-08 08:00,65.32,65.1,65.7,60,1.0
2024-04-08 09:00,65.41,65.1,65.7,59,0.983
2024-04-08 10:00,65.23,65.0,65.6,60,1.0
2024-04-08 11:00,65.2,64.9,65.5,60,1.0
2024-04-08 12:00,65.26,65.0,65.7,60,1.0
2024-04-08 13:00,65.16,64.9,65.5,60,1.0
2024-04-08 14:00,65.02,64.9,65.2,60,1.0
2024-04-08 15:00,65.01,64.9,65.2,60,1.0
2024-04-08 16:00,65.15,64.9,65.5,60,1.0
2024-04-08 17:00,65.3,64.8,65.5,50,0.833
2024-04-08 18:00,65.19,64.9,65.5,46,0.767
2024-04-08 19:00,64.93,64.8,65.1,53,0.883
2024-04-08 20:00,64.98,64.8,65.3,60,1.0
2024-04-08 21:00,65.23,64.9,65.6,60,1.0
2024-04-08 22:00,65.24,64.9,65.4,60,1.0
2024-04-08 23:00,65.22,64.9,65.5,60,1.0
2024-04-09 00:00,65.02,64.7,65.5,60,1.0
2024-04-09 01:00,64.93,64.8,65.3,60,1.0
2024-04-09 02:00,64.91,64.8,65.2,60,1.0
2024-04-09 03:00,64.87,64.8,65.1,60,1.0
2024-04-09 04:00,64.85,64.7,65.1,60,1.0
2024-04-09 05:00,64.85,64.7,65.1,60,1.0
2024-04-09 06:00,64.87,64.7,65.1,60,1.0
2024-04-09 07:00,64.98,64.8,65.4,60,1.0
2024-04-09 08:00,65.04,64.7,65.4,60,1.0
2024-04-09 09:00,64.83,64.7,65.2,60,1.0
2024-04-09 10:00,64.84,64.6,65.2,60,1.0
2024-04-09 11:00,64.78,64.5,65.0,60,1.0
2024-04-09 12:00,64.64,64.5,65.0,59,0.983
2024-04-09 13:00,64.92,64.5,65.1,60,1.0
2024-04-09 14:00,64.87,64.5,65.0,60,1.0
2024-04-09 15:00,64.58,64.5,64.9,60,1.0
2024-04-09 16:00,64.55,64.4,64.7,60,1.0
2024-04-09 17:00,64.61,64.4,65.0,60,1.0
2024-04-09 18:00,64.82,64.5,65.1,60,1.0
2024-04-09 19:00,64.83,64.6,65.0,59,0.983
2024-04-09 20:00,64.63,64.4,65.0,60,1.0
2024-04-09 21:00,64.48,64.4,64.7,60,1.0
2024-04-09 22:00,64.64,64.4,65.0,60,1.0
2024-04-09 23:00,64.78,64.6,65.0,59,0.983
2024-04-10 00:00,64.81,64.6,65.0,60,1.0
2024-04-10 01:00,64.78,64.5,65.0,60,1.0
2024-04-10 02:00,64.57,64.4,65.0,60,1.0
2024-04-10 03:00,64.48,64.4,64.7,60,1.0
2024-04-10 04:00,64.46,64.4,64.6,60,1.0
2024-04-10 05:00,64.54,64.4,64.8,60,1.0
2024-04-10 06:00,64.72,64.5,65.0,60,1.0
2024-04-10 07:00,64.78,64.6,65.0,60,1.0
2024-04-10 08:00,64.94,64.6,65.3,60,1.0
2024-04-10 09:00,64.89,64.6,65.3,60,1.0
2024-04-10 10:00,64.78,64.5,65.1,60,1.0
2024-04-10 11:00,64.43,64.2,64.9,60,1.0
2024-04-10 12:00,64.4,64.2,64.7,59,0.983
2024-04-10 13:00,64.42,64.2,64.7,60,1.0
2024-04-10 14:00,64.59,64.4,64.8,59,0.983
2024-04-10 15:00,64.56,64.3,64.8,58,0.967
2024-04-10 16:00,64.52,64.2,64.9,60,1.0
2024-04-10 17:00,64.4,64.2,64.7,60,1.0
2024-04-10 18:00,64.29,64.2,64.5,60,1.0
2024-04-10 19:00,64.27,64.2,64.6,60,1.0
2024-04-10 20:00,64.39,64.2,64.8,60,1.0
2024-04-10 21:00,64.62,64.4,64.8,60,1.0
2024-04-10 22:00,64.45,64.2,64.8,60,1.0
2024-04-10 23:00,64.44,64.2,64.8,60,1.0
2024-04-11 00:00,64.32,64.2,64.5,60,1.0
2024-04-11 01:00,64.29,64.2,64.5,60,1.0
2024-04-11 02:00,64.32,64.2,64.7,59,0.983
2024-04-11 03:00,64.31,64.2,64.5,60,1.0
2024-04-11 04:00,64.35,64.2,64.6,60,1.0
2024-04-11 05:00,64.53,64.2,64.8,60,1.0
2024-04-11 06:00,64.67,64.4,64.9,60,1.0
2024-04-11 07:00,64.43,64.2,64.9,60,1.0
2024-04-11 08:00,64.51,64.2,65.0,60,1.0
2024-04-11 09:00,64.46,64.2,64.8,60,1.0
2024-04-11 10:00,64.54,64.2,64.8,60,1.0
2024-04-11 11:00,64.28,64.2,64.6,60,1.0
2024-04-11 12:00,64.3,64.1,64.8,60,1.0
2024-04-11 13:00,64.2,64.1,64.5,60,1.0
2024-04-11 14:00,64.17,64.1,64.3,60,1.0
2024-04-11 15:00,64.15,64.0,64.3,60,1.0
2024-04-11 16:00,64.16,64.0,64.5,60,1.0
2024-04-11 17:00,64.24,64.0,64.6,60,1.0
2024-04-11 18:00,64.43,64.2,64.6,60,1.0
2024-04-11 19:00,64.22,64.0,64.6,60,1.0
2024-04-11 20:00,64.1,64.0,64.2,60,1.0
2024-04-11 21:00,64.19,64.0,64.6,60,1.0
2024-04-11 22:00,64.42,64.1,64.6,59,0.983
2024-04-11 23:00,64.46,64.2,64.7,60,1.0
2024-04-12 00:00,64.4,64.2,64.7,60,1.0
2024-04-12 01:00,64.38,64.0,64.6,60,1.0
2024-04-12 02:00,64.31,64.0,64.6,60,1.0
2024-04-12 03:00,64.23,64.0,64.5,60,1.0
2024-04-12 04:00,64.22,64.0,64.6,60,1.0
2024-04-12 05:00,64.18,64.0,64.5,60,1.0
2024-04-12 06:00,64.21,63.9,64.6,60,1.0
2024-04-12 07:00,64.25,64.0,64.6,60,1.0
2024-04-12 08:00,64.3,64.0,64.6,60,1.0
2024-04-12 09:00,64.27,64.1,64.6,60,1.0
2024-04-12 10:00,64.25,64.0,64.6,60,1.0
2024-04-12 11:00,64.06,63.8,64.4,60,1.0
2024-04-12 12:00,64.0,63.8,64.5,60,1.0
2024-04-12 13:00,64.12,63.8,64.4,60,1.0
2024-04-12 14:00,63.86,63.7,64.1,59,0.983
2024-04-12 15:00,63.83,63.7,64.0,60,1.0
2024-04-12 16:00,63.87,63.7,64.1,60,1.0
2024-04-12 17:00,64.05,63.7,64.4,60,1.0
2024-04-12 18:00,64.17,63.9,64.4,60,1.0
2024-04-12 19:00,63.89,63.7,64.2,59,0.983
2024-04-12 20:00,63.94,63.7,64.2,50,0.833
2024-04-12 21:00,64.05,63.8,64.4,59,0.983
2024-04-12 22:00,63.79,63.7,64.1,54,0.9
2024-04-12 23:00,63.75,63.6,63.9,49,0.817
2024-04-13 00:00,63.81,63.7,64.1,60,1.0
2024-04-13 01:00,63.96,63.7,64.2,60,1.0
2024-04-13 02:00,64.06,63.8,64.3,60,1.0
2024-04-13 03:00,64.07,63.8,64.3,60,1.0
2024-04-13 04:00,63.98,63.6,64.2,60,1.0
2024-04-13 05:00,63.85,63.6,64.1,60,1.0
2024-04-13 06:00,63.82,63.6,64.2,60,1.0
2024-04-13 07:00,63.94,63.7,64.3,60,1.0
2024-04-13 08:00,63.89,63.6,64.3,60,1.0
2024-04-13 09:00,63.88,63.6,64.2,59,0.983
2024-04-13 10:00,63.74,63.5,64.1,60,1.0
2024-04-13 11:00,63.7,63.4,64.0,60,1.0
2024-04-13 12:00,63.6,63.4,63.9,60,1.0
2024-04-13 13:00,63.61,63.4,63.9,59,0.983
2024-04-13 14:00,63.79,63.6,64.0,60,1.0
2024-04-13 15:00,63.78,63.4,64.0,60,1.0
2024-04-13 16:00,63.48,63.4,63.7,60,1.0
2024-04-13 17:00,63.43,63.3,63.7,60,1.0
2024-04-13 18:00,63.63,63.4,63.9,60,1.0
2024-04-13 19:00,63.7,63.4,63.9,60,1.0
2024-04-13 20:00,63.46,63.3,63.9,60,1.0
2024-04-13 21:00,63.4,63.3,63.5,60,1.0
2024-04-13 22:00,63.38,63.3,63.5,60,1.0
2024-04-13 23:00,63.48,63.3,63.8,60,1.0
2024-04-14 00:00,63.55,63.3,64.0,60,1.0
2024-04-14 01:00,63.63,63.4,63.9,60,1.0
2024-04-14 02:00,63.67,63.5,63.9,60,1.0
2024-04-14 03:00,63.68,63.5,64.0,60,1.0
2024-04-14 04:00,63.63,63.4,63.9,60,1.0
2024-04-14 05:00,63.6,63.3,63.8,60,1.0
2024-04-14 06:00,63.59,63.3,63.8,60,1.0
2024-04-14 07:00,63.55,63.3,63.8,60,1.0
2024-04-14 08:00,63.42,63.2,63.7,60,1.0
2024-04-14 09:00,63.54,63.3,63.8,60,1.0
2024-04-14 10:00,63.44,63.1,63.8,60,1.0
2024-04-14 11:00,63.27,63.0,63.6,59,0.983
2024-04-14 12:00,63.22,63.0,63.5,60,1.0
2024-04-14 13:00,63.24,63.0,63.6,60,1.0
2024-04-14 14:00,63.36,63.1,63.6,60,1.0
2024-04-14 15:00,63.18,62.9,63.5,60,1.0
2024-04-14 16:00,63.07,62.9,63.4,60,1.0
2024-04-14 17:00,63.0,62.9,63.2,60,1.0
2024-04-14 18:00,63.1,62.9,63.4,60,1.0
2024-04-14 19:00,63.32,63.1,63.6,60,1.0
2024-04-14 20:00,63.14,62.8,63.5,60,1.0
2024-04-14 21:00,62.99,62.9,63.3,60,1.0
2024-04-14 22:00,62.97,62.9,63.1,60,1.0
2024-04-14 23:00,63.02,62.9,63.2,60,1.0
2024-04-15 00:00,63.11,62.8,63.4,60,1.0
2024-04-15 01:00,63.21,62.9,63.5,60,1.0
2024-04-15 02:00,63.28,63.0,63.5,60,1.0
2024-04-15 03:00,63.28,63.1,63.5,60,1.0
2024-04-15 04:00,63.27,63.0,63.5,47,0.783
2024-04-15 05:00,63.23,63.0,63.5,46,0.767
2024-04-15 06:00,62.97,62.8,63.2,52,0.867
2024-04-15 07:00,63.14,62.8,63.5,55,0.917
2024-04-15 08:00,63.06,62.8,63.4,58,0.967
2024-04-15 09:00,62.94,62.8,63.3,60,1.0
2024-04-15 10:00,62.98,62.7,63.3,60,1.0
2024-04-15 11:00,62.87,62.6,63.2,60,1.0
2024-04-15 12:00,62.7,62.6,62.8,60,1.0
2024-04-15 13:00,62.7,62.6,62.9,60,1.0
2024-04-15 14:00,62.84,62.6,63.1,60,1.0
2024-04-15 15:00,62.9,62.6,63.1,60,1.0
2024-04-15 16:00,62.89,62.6,63.1,60,1.0
2024-04-15 17:00,62.98,62.8,63.2,51,0.85
2024-04-15 18:00,62.74,62.5,63.2,53,0.883
2024-04-15 19:00,62.62,62.5,62.8,60,1.0
2024-04-15 20:00,62.79,62.5,63.2,60,1.0
2024-04-15 21:00,62.87,62.7,63.2,60,1.0
2024-04-15 22:00,62.68,62.4,63.0,60,1.0
2024-04-15 23:00,62.58,62.4,62.8,60,1.0
2024-04-16 00:00,62.55,62.5,62.7,60,1.0
2024-04-16 01:00,62.56,62.4,62.8,60,1.0
2024-04-16 02:00,62.57,62.4,63.0,60,1.0
2024-04-16 03:00,62.57,62.4,62.9,60,1.0
2024-04-16 04:00,62.62,62.4,63.0,60,1.0
2024-04-16 05:00,62.74,62.5,63.0,60,1.0
2024-04-16 06:00,62.59,62.4,63.0,60,1.0
2024-04-16 07:00,62.67,62.4,63.1,60,1.0
2024-04-16 08:00,62.71,62.4,63.0,60,1.0
2024-04-16 09:00,62.66,62.3,63.0,60,1.0
2024-04-16 10:00,62.46,62.3,62.8,60,1.0
2024-04-16 11:00,62.45,62.2,62.7,60,1.0
2024-04-16 12:00,62.48,62.2,62.8,60,1.0
2024-04-16 13:00,62.39,62.3,62.7,60,1.0
2024-04-16 14:00,62.47,62.2,62.8,60,1.0
2024-04-16 15:00,62.54,62.2,62.9,60,1.0
2024-04-16 16:00,62.6,62.3,62.8,60,1.0
2024-04-16 17:00,62.41,62.2,62.7,60,1.0
2024-04-16 18:00,62.88,62.5,63.1,60,1.0
2024-04-16 19:00,63.23,62.9,63.7,59,0.983
2024-04-16 20:00,63.71,63.4,64.2,57,0.95
2024-04-16 21:00,63.95,63.5,64.4,60,1.0
2024-04-16 22:00,64.69,64.2,65.4,60,1.0
2024-04-16 23:00,65.49,64.9,66.1,60,1.0
2024-04-17 00:00,66.32,65.7,66.9,60,1.0
2024-04-17 01:00,66.97,66.6,67.4,60,1.0
2024-04-17 02:00,67.17,66.8,67.5,60,1.0
2024-04-17 03:00,67.38,67.2,67.8,60,1.0
2024-04-17 04:00,67.6,67.4,67.9,60,1.0
2024-04-17 05:00,67.79,67.6,68.2,60,1.0
2024-04-17 06:00,68.08,67.9,68.4,60,1.0
2024-04-17 07:00,68.42,68.1,68.7,47,0.783
2024-04-17 08:00,68.8,68.3,69.2,60,1.0
2024-04-17 09:00,69.29,68.9,69.7,60,1.0
2024-04-17 10:00,69.58,69.3,70.1,60,1.0
2024-04-17 11:00,69.82,69.4,70.1,60,1.0
2024-04-17 12:00,69.81,69.5,70.2,60,1.0
2024-04-17 13:00,69.72,69.5,70.1,60,1.0
2024-04-17 14:00,69.71,69.5,70.2,60,1.0
2024-04-17 15:00,69.65,69.5,69.9,60,1.0
2024-04-17 16:00,69.81,69.5,70.1,60,1.0
2024-04-17 17:00,69.88,69.6,70.2,60,1.0
2024-04-17 18:00,69.75,69.4,70.2,60,1.0
2024-04-17 19:00,69.58,69.4,70.0,60,1.0
2024-04-17 20:00,69.52,69.3,70.0,60,1.0
2024-04-17 21:00,69.73,69.4,69.9,60,1.0
2024-04-17 22:00,69.74,69.3,70.1,60,1.0
2024-04-17 23:00,69.73,69.5,70.0,60,1.0
2024-04-18 00:00,69.61,69.3,69.9,57,0.95
2024-04-18 01:00,69.31,69.1,69.7,58,0.967
2024-04-18 02:00,69.27,69.1,69.4,48,0.8
2024-04-18 03:00,69.19,69.1,69.5,57,0.95
2024-04-18 04:00,69.18,69.0,69.4,60,1.0
2024-04-18 05:00,69.16,69.0,69.5,60,1.0
2024-04-18 06:00,69.35,69.0,69.7,60,1.0
2024-04-18 07:00,69.22,68.9,69.7,60,1.0
2024-04-18 08:00,69.1,68.9,69.5,60,1.0
2024-04-18 09:00,69.09,68.8,69.5,60,1.0
2024-04-18 10:00,69.33,68.8,69.8,60,1.0
2024-04-18 11:00,69.34,69.2,69.5,60,1.0
2024-04-18 12:00,69.68,69.2,70.1,60,1.0
2024-04-18 13:00,69.86,69.6,70.2,60,1.0
2024-04-18 14:00,69.81,69.6,70.1,60,1.0
2024-04-18 15:00,69.85,69.7,70.1,60,1.0
2024-04-18 16:00,70.02,69.8,70.4,60,1.0
2024-04-18 17:00,70.19,69.8,70.5,60,1.0
2024-04-18 18:00,70.14,69.8,70.5,60,1.0
2024-04-18 19:00,70.09,69.8,70.4,60,1.0
2024-04-18 20:00,70.21,70.0,70.5,60,1.0
2024-04-18 21:00,69.99,69.7,70.4,59,0.983
2024-04-18 22:00,69.83,69.6,70.1,60,1.0
2024-04-18 23:00,69.88,69.6,70.3,60,1.0
2024-04-19 00:00,69.9,69.6,70.4,60,1.0
2024-04-19 01:00,70.35,69.6,70.9,54,0.9
2024-04-19 02:00,71.01,70.4,72.0,60,1.0
2024-04-19 03:00,74.87,72.1,77.2,60,1.0
2024-04-19 04:00,77.47,76.7,77.8,60,1.0
2024-04-19 05:00,77.7,77.4,78.1,60,1.0
2024-04-19 06:00,77.69,77.3,78.2,60,1.0
2024-04-19 07:00,77.57,77.3,78.0,60,1.0
2024-04-19 08:00,77.22,76.9,77.8,60,1.0
2024-04-19 09:00,76.99,76.7,77.6,60,1.0
2024-04-19 10:00,76.98,76.3,77.4,60,1.0
2024-04-19 11:00,76.37,76.0,76.8,60,1.0
2024-04-19 12:00,76.41,76.0,76.8,60,1.0
2024-04-19 13:00,76.02,75.5,76.5,60,1.0
2024-04-19 14:00,75.71,75.3,76.1,60,1.0
2024-04-19 15:00,75.31,75.0,75.9,60,1.0
2024-04-19 16:00,75.05,74.9,75.3,60,1.0
2024-04-19 17:00,74.91,74.7,75.3,60,1.0
2024-04-19 18:00,74.8,74.6,75.2,60,1.0
2024-04-19 19:00,74.92,74.5,75.2,60,1.0
2024-04-19 20:00,74.59,74.3,75.0,60,1.0
2024-04-19 21:00,74.31,74.1,74.6,60,1.0
2024-04-19 22:00,74.19,74.0,74.4,60,1.0
2024-04-19 23:00,74.19,73.9,74.6,60,1.0
2024-04-20 00:00,74.12,73.8,74.5,60,1.0
2024-04-20 01:00,74.11,73.7,74.4,60,1.0
2024-04-20 02:00,74.09,73.8,74.4,59,0.983
2024-04-20 03:00,74.01,73.8,74.3,59,0.983
2024-04-20 04:00,73.89,73.7,74.1,54,0.9
2024-04-20 05:00,73.75,73.5,74.1,46,0.767
2024-04-20 06:00,73.58,73.2,74.0,51,0.85
2024-04-20 07:00,73.36,73.1,73.9,57,0.95
2024-04-20 08:00,73.32,72.9,73.8,55,0.917
2024-04-20 09:00,73.05,72.8,73.4,49,0.817
2024-04-20 10:00,73.08,72.8,73.4,47,0.783
2024-04-20 11:00,72.88,72.5,73.3,57,0.95
2024-04-20 12:00,72.97,72.6,73.3,51,0.85
2024-04-20 13:00,73.07,72.6,73.4,59,0.983
2024-04-20 14:00,72.86,72.6,73.2,50,0.833
2024-04-20 15:00,72.75,72.4,73.3,60,1.0
2024-04-20 16:00,72.57,72.4,72.8,60,1.0
2024-04-20 17:00,72.55,72.4,73.0,60,1.0
2024-04-20 18:00,72.48,72.3,72.8,60,1.0
2024-04-20 19:00,72.49,72.3,72.7,58,0.967
2024-04-20 20:00,72.61,72.3,73.0,46,0.767
2024-04-20 21:00,72.51,72.3,72.9,60,1.0
2024-04-20 22:00,72.68,72.3,73.1,60,1.0
2024-04-20 23:00,72.71,72.4,73.0,60,1.0
2024-04-21 00:00,72.45,72.2,72.9,60,1.0
2024-04-21 01:00,72.31,72.1,72.6,60,1.0
2024-04-21 02:00,72.22,72.1,72.4,60,1.0
2024-04-21 03:00,72.14,72.0,72.4,59,0.983
2024-04-21 04:00,72.12,72.0,72.4,60,1.0
2024-04-21 05:00,72.06,71.9,72.3,60,1.0
2024-04-21 06:00,72.03,71.8,72.4,60,1.0
2024-04-21 07:00,72.12,71.8,72.5,60,1.0
2024-04-21 08:00,71.93,71.6,72.4,60,1.0
2024-04-21 09:00,71.78,71.5,72.1,60,1.0
2024-04-21 10:00,71.67,71.2,72.1,60,1.0
2024-04-21 11:00,71.38,71.1,71.8,60,1.0
2024-04-21 12:00,71.34,71.0,71.6,60,1.0
2024-04-21 13:00,71.03,70.9,71.3,60,1.0
2024-04-21 14:00,71.01,70.8,71.3,60,1.0
2024-04-21 15:00,71.14,70.7,71.5,60,1.0
2024-04-21 16:00,70.97,70.7,71.3,60,1.0
2024-04-21 17:00,70.79,70.6,71.2,59,0.983
2024-04-21 18:00,70.69,70.6,70.9,58,0.967
2024-04-21 19:00,70.84,70.5,71.2,60,1.0
2024-04-21 20:00,70.95,70.8,71.2,60,1.0
2024-04-21 21:00,70.76,70.4,71.1,60,1.0
2024-04-21 22:00,70.56,70.4,71.0,60,1.0
2024-04-21 23:00,70.47,70.4,70.7,60,1.0
2024-04-22 00:00,70.66,70.3,71.1,60,1.0
2024-04-22 01:00,70.74,70.5,70.9,60,1.0
2024-04-22 02:00,70.65,70.2,70.9,60,1.0
2024-04-22 03:00,70.56,70.2,70.9,60,1.0
2024-04-22 04:00,70.51,70.1,70.8,60,1.0
2024-04-22 05:00,70.51,70.1,70.8,60,1.0
2024-04-22 06:00,70.3,70.0,70.7,60,1.0
2024-04-22 07:00,70.18,70.0,70.6,59,0.983
2024-04-22 08:00,70.28,70.0,70.7,60,1.0
2024-04-22 09:00,70.1,69.9,70.3,60,1.0
2024-04-22 10:00,70.0,69.8,70.4,60,1.0
2024-04-22 11:00,69.96,69.6,70.4,60,1.0
2024-04-22 12:00,69.8,69.6,70.1,60,1.0
2024-04-22 13:00,69.96,69.6,70.2,59,0.983
2024-04-22 14:00,69.74,69.5,70.0,60,1.0
2024-04-22 15:00,69.52,69.3,69.7,59,0.983
2024-04-22 16:00,69.48,69.4,69.8,60,1.0
2024-04-22 17:00,69.5,69.3,69.8,60,1.0
2024-04-22 18:00,69.65,69.3,69.8,60,1.0
2024-04-22 19:00,69.46,69.2,69.9,60,1.0
2024-04-22 20:00,69.34,69.2,69.7,60,1.0
2024-04-22 21:00,69.5,69.2,69.8,60,1.0
2024-04-22 22:00,69.61,69.3,69.8,60,1.0
2024-04-22 23:00,69.56,69.3,69.8,60,1.0
2024-04-23 00:00,69.44,69.0,69.7,60,1.0
2024-04-23 01:00,69.28,69.0,69.6,60,1.0
2024-04-23 02:00,69.12,69.0,69.7,60,1.0
2024-04-23 03:00,69.06,68.9,69.2,60,1.0
2024-04-23 04:00,69.06,68.9,69.2,60,1.0
2024-04-23 05:00,69.01,68.9,69.2,60,1.0
2024-04-23 06:00,69.04,68.9,69.5,60,1.0
2024-04-23 07:00,69.16,68.9,69.5,60,1.0
2024-04-23 08:00,69.07,68.8,69.4,59,0.983
2024-04-23 09:00,68.89,68.7,69.3,60,1.0
2024-04-23 10:00,68.91,68.6,69.2,60,1.0
2024-04-23 11:00,68.75,68.5,69.2,60,1.0
2024-04-23 12:00,68.82,68.4,69.1,60,1.0
2024-04-23 13:00,68.48,68.3,68.9,60,1.0
2024-04-23 14:00,68.38,68.3,68.5,60,1.0
2024-04-23 15:00,68.42,68.2,68.8,60,1.0
2024-04-23 16:00,68.63,68.3,68.8,60,1.0
2024-04-23 17:00,68.53,68.2,68.7,60,1.0
2024-04-23 18:00,68.37,68.1,68.7,60,1.0
2024-04-23 19:00,68.18,68.1,68.4,60,1.0
2024-04-23 20:00,68.35,68.1,68.7,60,1.0
2024-04-23 21:00,68.34,68.0,68.7,58,0.967
2024-04-23 22:00,68.46,68.2,68.6,59,0.983
2024-04-23 23:00,68.3,68.0,68.6,60,1.0
2024-04-24 00:00,68.08,67.9,68.4,60,1.0
2024-04-24 01:00,68.27,67.9,68.6,60,1.0
2024-04-24 02:00,68.47,68.1,68.8,60,1.0
2024-04-24 03:00,68.6,68.2,68.9,60,1.0
2024-04-24 04:00,68.34,68.1,68.7,60,1.0
2024-04-24 05:00,68.36,68.2,68.7,60,1.0
2024-04-24 06:00,68.49,68.2,68.9,60,1.0
2024-04-24 07:00,68.47,68.2,68.9,59,0.983
2024-04-24 08:00,68.46,68.1,68.9,59,0.983
2024-04-24 09:00,68.17,67.9,68.6,60,1.0
2024-04-24 10:00,67.94,67.8,68.3,59,0.983
2024-04-24 11:00,67.96,67.7,68.2,60,1.0
2024-04-24 12:00,68.1,67.9,68.5,60,1.0
2024-04-24 13:00,68.03,67.9,68.4,60,1.0
2024-04-24 14:00,68.19,67.8,68.4,60,1.0
2024-04-24 15:00,68.14,67.8,68.3,60,1.0
2024-04-24 16:00,67.96,67.6,68.2,60,1.0
2024-04-24 17:00,67.95,67.6,68.2,60,1.0
2024-04-24 18:00,67.78,67.6,68.3,60,1.0
2024-04-24 19:00,67.81,67.6,68.5,60,1.0
2024-04-24 20:00,68.05,67.6,68.3,60,1.0
2024-04-24 21:00,68.02,67.8,68.3,60,1.0
2024-04-24 22:00,67.88,67.6,68.2,60,1.0
2024-04-24 23:00,67.99,67.7,68.2,60,1.0
2024-04-25 00:00,67.89,67.5,68.2,60,1.0
2024-04-25 01:00,67.69,67.5,68.0,60,1.0
2024-04-25 02:00,67.66,67.5,67.9,60,1.0
2024-04-25 03:00,67.62,67.5,67.9,60,1.0
2024-04-25 04:00,67.62,67.5,67.8,57,0.95
2024-04-25 05:00,67.63,67.5,67.9,49,0.817
2024-04-25 06:00,67.66,67.5,68.1,58,0.967
2024-04-25 07:00,67.79,67.5,68.1,60,1.0
2024-04-25 08:00,67.67,67.4,68.0,59,0.983
2024-04-25 09:00,67.51,67.3,67.9,60,1.0
2024-04-25 10:00,67.43,67.2,68.0,59,0.983
2024-04-25 11:00,67.52,67.2,68.1,60,1.0
2024-04-25 12:00,67.78,67.4,68.1,60,1.0
2024-04-25 13:00,67.57,67.4,68.0,60,1.0
2024-04-25 14:00,67.46,67.3,67.7,60,1.0
2024-04-25 15:00,67.66,67.4,68.0,60,1.0
2024-04-25 16:00,67.89,67.7,68.1,60,1.0
2024-04-25 17:00,67.89,67.7,68.2,60,1.0
2024-04-25 18:00,67.9,67.6,68.2,59,0.983
2024-04-25 19:00,67.67,67.4,68.0,60,1.0
2024-04-25 20:00,67.56,67.4,67.8,60,1.0
2024-04-25 21:00,67.56,67.4,67.7,59,0.983
2024-04-25 22:00,67.63,67.5,68.0,60,1.0
2024-04-25 23:00,67.81,67.5,68.1,59,0.983
2024-04-26 00:00,67.78,67.5,68.3,60,1.0
2024-04-26 01:00,67.92,67.6,68.4,60,1.0
2024-04-26 02:00,68.08,67.8,68.4,59,0.983
2024-04-26 03:00,68.19,67.8,68.4,60,1.0
2024-04-26 04:00,68.18,67.9,68.5,59,0.983
2024-04-26 05:00,68.21,67.9,68.5,59,0.983
2024-04-26 06:00,68.09,67.8,68.5,56,0.933
2024-04-26 07:00,68.12,67.9,68.5,60,1.0
2024-04-26 08:00,68.34,68.0,68.7,60,1.0
2024-04-26 09:00,68.39,68.1,68.7,60,1.0
2024-04-26 10:00,68.41,68.1,68.8,60,1.0
2024-04-26 11:00,68.48,68.1,68.7,60,1.0
2024-04-26 12:00,68.5,68.1,68.8,59,0.983
2024-04-26 13:00,68.26,68.1,68.5,60,1.0
2024-04-26 14:00,68.3,68.1,68.6,60,1.0
2024-04-26 15:00,68.26,68.1,68.5,60,1.0
2024-04-26 16:00,68.29,68.1,68.7,60,1.0
2024-04-26 17:00,68.32,68.1,68.8,60,1.0
2024-04-26 18:00,68.38,68.1,68.7,60,1.0
2024-04-26 19:00,68.54,68.3,68.8,60,1.0
2024-04-26 20:00,68.28,68.1,68.8,60,1.0
2024-04-26 21:00,68.2,68.0,68.4,60,1.0
2024-04-26 22:00,68.21,68.0,68.6,60,1.0
2024-04-26 23:00,68.17,68.0,68.5,60,1.0
2024-04-27 00:00,68.15,68.0,68.6,60,1.0
2024-04-27 01:00,68.35,68.0,68.7,60,1.0
2024-04-27 02:00,68.41,68.1,68.7,60,1.0
2024-04-27 03:00,68.45,68.2,68.7,60,1.0
2024-04-27 04:00,68.44,68.3,68.7,60,1.0
2024-04-27 05:00,68.4,68.2,68.8,60,1.0
2024-04-27 06:00,68.25,67.9,68.6,60,1.0
2024-04-27 07:00,68.2,67.9,68.5,60,1.0
2024-04-27 08:00,68.16,67.8,68.4,60,1.0
2024-04-27 09:00,67.89,67.7,68.3,59,0.983
2024-04-27 10:00,67.76,67.4,68.1,60,1.0
2024-04-27 11:00,67.56,67.3,67.9,59,0.983
2024-04-27 12:00,67.45,67.2,67.8,59,0.983
2024-04-27 13:00,67.5,67.2,67.9,60,1.0
2024-04-27 14:00,67.27,67.1,67.6,60,1.0
2024-04-27 15:00,67.48,67.2,67.9,60,1.0
2024-04-27 16:00,67.51,67.2,67.7,60,1.0
2024-04-27 17:00,67.37,67.1,67.7,59,0.983
2024-04-27 18:00,67.17,67.0,67.4,60,1.0
2024-04-27 19:00,67.2,67.0,67.6,59,0.983
2024-04-27 20:00,67.43,67.1,67.6,60,1.0
2024-04-27 21:00,67.41,67.1,67.7,60,1.0
2024-04-27 22:00,67.25,66.9,67.7,59,0.983
2024-04-27 23:00,67.1,66.9,67.4,47,0.783
2024-04-28 00:00,67.04,66.9,67.3,55,0.917
2024-04-28 01:00,67.02,66.9,67.3,60,1.0
2024-04-28 02:00,67.01,66.9,67.4,52,0.867
2024-04-28 03:00,66.97,66.8,67.1,58,0.967
2024-04-28 04:00,66.94,66.8,67.1,60,1.0
2024-04-28 05:00,66.92,66.8,67.0,60,1.0
2024-04-28 06:00,67.04,66.8,67.4,60,1.0
2024-04-28 07:00,67.05,66.8,67.4,60,1.0
2024-04-28 08:00,66.98,66.7,67.3,60,1.0
2024-04-28 09:00,66.92,66.7,67.4,58,0.967
2024-04-28 10:00,66.84,66.6,67.2,58,0.967
2024-04-28 11:00,66.73,66.4,67.1,60,1.0
2024-04-28 12:00,66.71,66.4,67.0,60,1.0
2024-04-28 13:00,66.55,66.3,66.9,60,1.0
2024-04-28 14:00,66.73,66.3,67.0,60,1.0
2024-04-28 15:00,66.41,66.3,66.7,59,0.983
2024-04-28 16:00,66.38,66.3,66.7,60,1.0
2024-04-28 17:00,66.58,66.3,66.8,60,1.0
2024-04-28 18:00,66.63,66.2,67.0,58,0.967
2024-04-28 19:00,66.35,66.2,66.8,60,1.0
2024-04-28 20:00,66.27,66.2,66.5,60,1.0
2024-04-28 21:00,66.27,66.1,66.5,60,1.0
2024-04-28 22:00,66.24,66.1,66.7,60,1.0
2024-04-28 23:00,66.46,66.2,66.9,60,1.0
2024-04-29 00:00,66.5,66.2,66.7,59,0.983
2024-04-29 01:00,66.43,66.1,66.8,60,1.0
2024-04-29 02:00,66.27,66.0,66.6,60,1.0
2024-04-29 03:00,66.21,66.0,66.5,59,0.983
2024-04-29 04:00,66.13,66.0,66.5,59,0.983
2024-04-29 05:00,66.26,66.0,66.6,60,1.0
2024-04-29 06:00,66.24,66.0,66.6,60,1.0
2024-04-29 07:00,66.22,66.0,66.6,59,0.983
2024-04-29 08:00,66.12,65.9,66.5,60,1.0
2024-04-29 09:00,66.21,65.9,66.5,60,1.0
2024-04-29 10:00,66.16,65.8,66.5,60,1.0
2024-04-29 11:00,65.96,65.7,66.3,60,1.0
2024-04-29 12:00,65.93,65.7,66.3,60,1.0
2024-04-29 13:00,65.73,65.6,66.1,59,0.983
2024-04-29 14:00,65.97,65.6,66.2,60,1.0
2024-04-29 15:00,65.88,65.6,66.1,60,1.0
2024-04-29 16:00,65.66,65.5,66.1,60,1.0
2024-04-29 17:00,65.6,65.5,65.8,60,1.0
2024-04-29 18:00,65.77,65.5,66.1,60,1.0
2024-04-29 19:00,65.89,65.5,66.1,60,1.0
2024-04-29 20:00,65.68,65.4,66.0,60,1.0
2024-04-29 21:00,65.52,65.4,65.7,60,1.0
2024-04-29 22:00,65.48,65.4,65.7,60,1.0
2024-04-29 23:00,65.58,65.4,65.8,60,1.0
2024-04-30 00:00,65.68,65.4,65.9,60,1.0
2024-04-30 01:00,65.66,65.4,65.9,60,1.0
2024-04-30 02:00,65.7,65.5,65.9,59,0.983
2024-04-30 03:00,65.66,65.4,65.8,60,1.0
2024-04-30 04:00,65.64,65.3,65.9,60,1.0
2024-04-30 05:00,65.62,65.3,65.8,60,1.0
2024-04-30 06:00,65.52,65.2,65.8,60,1.0
2024-04-30 07:00,65.47,65.2,65.8,59,0.983
2024-04-30 08:00,65.27,65.1,65.6,59,0.983
2024-04-30 09:00,65.32,65.1,65.6,60,1.0
2024-04-30 10:00,65.3,65.0,65.6,60,1.0
2024-04-30 11:00,65.1,64.9,65.4,59,0.983
2024-04-30 12:00,65.16,64.9,65.4,60,1.0
2024-04-30 13:00,64.98,64.8,65.3,59,0.983
2024-04-30 14:00,65.17,64.8,65.4,59,0.983
2024-04-30 15:00,65.19,64.9,65.5,59,0.983
2024-04-30 16:00,65.08,64.7,65.4,60,1.0
2024-04-30 17:00,65.11,64.7,65.3,60,1.0
2024-04-30 18:00,64.86,64.7,65.2,60,1.0
2024-04-30 19:00,64.79,64.7,65.1,60,1.0
2024-04-30 20:00,64.99,64.6,65.3,54,0.9
2024-04-30 21:00,65.02,64.7,65.3,47,0.783
2024-04-30 22:00,64.88,64.6,65.1,46,0.767
2024-04-30 23:00,64.72,64.6,65.0,54,0.9
2024-05-01 00:00,64.65,64.5,64.9,59,0.983
2024-05-01 01:00,64.63,64.5,64.8,60,1.0
2024-05-01 02:00,64.62,64.5,64.8,60,1.0
2024-05-01 03:00,64.6,64.5,64.7,60,1.0
2024-05-01 04:00,64.67,64.5,64.9,59,0.983
2024-05-01 05:00,64.6,64.5,64.9,58,0.967
2024-05-01 06:00,64.64,64.5,65.0,60,1.0
2024-05-01 07:00,64.53,64.4,64.8,60,1.0
2024-05-01 08:00,64.63,64.4,64.9,60,1.0
2024-05-01 09:00,64.77,64.5,65.1,60,1.0
2024-05-01 10:00,64.75,64.4,64.9,59,0.983
2024-05-01 11:00,64.88,64.5,65.2,60,1.0
2024-05-01 12:00,64.81,64.5,65.1,59,0.983
2024-05-01 13:00,64.63,64.5,64.9,60,1.0
2024-05-01 14:00,64.77,64.4,65.0,59,0.983
2024-05-01 15:00,64.78,64.5,65.0,60,1.0
2024-05-01 16:00,64.66,64.4,64.8,60,1.0
2024-05-01 17:00,64.61,64.3,64.8,60,1.0
2024-05-01 18:00,64.48,64.2,64.9,60,1.0
2024-05-01 19:00,64.27,64.2,64.5,60,1.0
2024-05-01 20:00,64.32,64.2,64.7,60,1.0
2024-05-01 21:00,64.41,64.2,64.7,60,1.0
2024-05-01 22:00,64.4,64.1,64.7,59,0.983
2024-05-01 23:00,64.26,64.2,64.5,60,1.0
2024-05-02 00:00,64.25,64.1,64.5,60,1.0
2024-05-02 01:00,64.28,64.1,64.6,60,1.0
2024-05-02 02:00,64.34,64.1,64.8,60,1.0
2024-05-02 03:00,64.54,64.2,64.9,60,1.0
2024-05-02 04:00,64.64,64.3,64.8,60,1.0
2024-05-02 05:00,64.68,64.4,64.9,60,1.0
2024-05-02 06:00,64.51,64.3,64.8,60,1.0
2024-05-02 07:00,64.46,64.3,64.8,60,1.0
2024-05-02 08:00,64.64,64.4,65.0,60,1.0
2024-05-02 09:00,64.76,64.5,65.2,60,1.0
2024-05-02 10:00,64.6,64.3,65.0,60,1.0
2024-05-02 11:00,64.49,64.3,64.8,60,1.0
2024-05-02 12:00,64.95,64.3,65.4,59,0.983
2024-05-02 13:00,64.98,64.7,65.3,60,1.0
2024-05-02 14:00,64.95,64.7,65.1,60,1.0
2024-05-02 15:00,65.12,64.9,65.5,60,1.0
2024-05-02 16:00,65.21,64.9,65.6,60,1.0
2024-05-02 17:00,65.47,65.1,65.9,60,1.0
2024-05-02 18:00,65.81,65.3,66.2,60,1.0
2024-05-02 19:00,66.13,65.9,66.4,59,0.983
2024-05-02 20:00,66.46,66.2,66.8,60,1.0
2024-05-02 21:00,66.63,66.3,67.0,60,1.0
2024-05-02 22:00,66.9,66.6,67.1,60,1.0
2024-05-02 23:00,67.06,66.8,67.3,60,1.0
2024-05-03 00:00,67.01,66.8,67.4,60,1.0
2024-05-03 01:00,67.03,66.8,67.3,60,1.0
2024-05-03 02:00,67.12,67.0,67.4,60,1.0
2024-05-03 03:00,67.2,67.0,67.5,60,1.0
2024-05-03 04:00,67.24,67.1,67.5,60,1.0
2024-05-03 05:00,67.35,67.2,67.7,59,0.983
2024-05-03 06:00,67.62,67.2,68.1,59,0.983
2024-05-03 07:00,67.58,67.3,68.0,59,0.983
2024-05-03 08:00,67.78,67.4,68.2,60,1.0
2024-05-03 09:00,67.71,67.4,68.1,60,1.0
2024-05-03 10:00,67.66,67.4,68.1,60,1.0
2024-05-03 11:00,67.76,67.4,68.3,60,1.0
2024-05-03 12:00,67.99,67.7,68.2,59,0.983
2024-05-03 13:00,67.79,67.4,68.4,60,1.0
2024-05-03 14:00,67.74,67.5,68.0,60,1.0
2024-05-03 15:00,67.9,67.7,68.3,60,1.0
2024-05-03 16:00,68.02,67.8,68.4,60,1.0
2024-05-03 17:00,68.03,67.8,68.4,60,1.0
2024-05-03 18:00,68.18,67.9,68.6,60,1.0
2024-05-03 19:00,68.43,68.0,68.8,60,1.0
2024-05-03 20:00,68.53,68.2,68.8,50,0.833
2024-05-03 21:00,68.37,68.1,68.8,47,0.783
2024-05-03 22:00,68.45,68.1,68.8,60,1.0
2024-05-03 23:00,68.49,68.2,68.8,60,1.0
2024-05-04 00:00,68.49,68.2,68.9,60,1.0
2024-05-04 01:00,68.39,68.2,68.8,59,0.983
2024-05-04 02:00,68.39,68.2,68.7,60,1.0
2024-05-04 03:00,68.34,68.2,68.7,60,1.0
2024-05-04 04:00,68.36,68.2,68.5,60,1.0
2024-05-04 05:00,68.33,68.2,68.6,60,1.0
2024-05-04 06:00,68.49,68.2,68.8,60,1.0
2024-05-04 07:00,68.51,68.2,69.0,60,1.0
2024-05-04 08:00,68.47,68.1,68.9,60,1.0
2024-05-04 09:00,68.14,67.9,68.4,60,1.0
2024-05-04 10:00,68.08,67.7,68.4,60,1.0
2024-05-04 11:00,67.71,67.4,68.1,59,0.983
2024-05-04 12:00,67.65,67.4,68.0,60,1.0
2024-05-04 13:00,67.67,67.3,68.2,60,1.0
2024-05-04 14:00,67.61,67.3,68.0,60,1.0
2024-05-04 15:00,67.37,67.2,67.6,60,1.0
2024-05-04 16:00,67.32,67.2,67.5,60,1.0
2024-05-04 17:00,67.28,67.2,67.5,60,1.0
2024-05-04 18:00,67.4,67.2,67.7,60,1.0
2024-05-04 19:00,67.59,67.2,67.8,60,1.0
2024-05-04 20:00,67.34,67.1,67.7,60,1.0
2024-05-04 21:00,67.27,67.1,67.6,60,1.0
2024-05-04 22:00,67.47,67.1,67.7,60,1.0
2024-05-04 23:00,67.5,67.2,67.7,60,1.0
2024-05-05 00:00,67.49,67.2,67.7,60,1.0
2024-05-05 01:00,67.35,67.1,67.6,60,1.0
2024-05-05 02:00,67.27,67.0,67.6,59,0.983
2024-05-05 03:00,67.14,67.0,67.5,60,1.0
2024-05-05 04:00,67.05,66.9,67.6,60,1.0
2024-05-05 05:00,67.09,66.9,67.5,59,0.983
2024-05-05 06:00,67.2,66.9,67.5,60,1.0
2024-05-05 07:00,67.33,67.0,67.6,60,1.0
2024-05-05 08:00,67.18,66.9,67.6,60,1.0
2024-05-05 09:00,67.03,66.8,67.4,60,1.0
2024-05-05 10:00,66.92,66.7,67.3,60,1.0
2024-05-05 11:00,67.07,66.8,67.4,59,0.983
2024-05-05 12:00,66.99,66.7,67.2,47,0.783
2024-05-05 13:00,67.03,66.8,67.3,55,0.917
2024-05-05 14:00,66.86,66.5,67.2,46,0.767
2024-05-05 15:00,66.76,66.5,67.1,59,0.983
2024-05-05 16:00,66.56,66.4,66.9,58,0.967
2024-05-05 17:00,66.6,66.4,67.0,59,0.983
2024-05-05 18:00,66.82,66.5,67.0,60,1.0
2024-05-05 19:00,66.74,66.4,67.1,60,1.0
2024-05-05 20:00,66.5,66.4,66.8,60,1.0
2024-05-05 21:00,66.48,66.3,66.8,60,1.0
2024-05-05 22:00,66.64,66.3,67.0,60,1.0
2024-05-05 23:00,66.77,66.3,67.0,60,1.0
2024-05-06 00:00,66.76,66.3,67.0,60,1.0
2024-05-06 01:00,66.75,66.4,67.0,60,1.0
2024-05-06 02:00,66.66,66.4,67.0,60,1.0
2024-05-06 03:00,66.63,66.3,66.9,60,1.0
2024-05-06 04:00,66.52,66.2,66.9,60,1.0
2024-05-06 05:00,66.54,66.2,66.8,60,1.0
2024-05-06 06:00,66.51,66.3,66.9,59,0.983
2024-05-06 07:00,66.56,66.3,66.8,60,1.0
2024-05-06 08:00,66.46,66.2,66.9,60,1.0
2024-05-06 09:00,66.39,66.1,66.7,60,1.0
2024-05-06 10:00,66.18,66.0,66.5,60,1.0
2024-05-06 11:00,66.22,65.9,66.6,60,1.0
2024-05-06 12:00,66.18,65.9,66.5,60,1.0
2024-05-06 13:00,65.98,65.8,66.5,60,1.0
2024-05-06 14:00,66.13,65.8,66.4,60,1.0
2024-05-06 15:00,65.98,65.8,66.3,60,1.0
2024-05-06 16:00,65.86,65.7,66.1,60,1.0
2024-05-06 17:00,65.85,65.7,66.1,60,1.0
2024-05-06 18:00,65.86,65.7,66.2,59,0.983
2024-05-06 19:00,66.09,65.8,66.4,60,1.0
2024-05-06 20:00,65.98,65.7,66.3,60,1.0
2024-05-06 21:00,65.81,65.7,66.1,60,1.0
2024-05-06 22:00,65.76,65.7,66.1,60,1.0
2024-05-06 23:00,65.8,65.6,66.1,60,1.0
2024-05-07 00:00,65.98,65.7,66.3,60,1.0
2024-05-07 01:00,66.05,65.7,66.2,58,0.967
2024-05-07 02:00,66.03,65.8,66.3,60,1.0
2024-05-07 03:00,65.98,65.8,66.1,60,1.0
2024-05-07 04:00,66.01,65.6,66.2,58,0.967
2024-05-07 05:00,65.98,65.8,66.1,60,1.0
2024-05-07 06:00,65.89,65.6,66.2,60,1.0
2024-05-07 07:00,65.69,65.5,66.1,60,1.0
2024-05-07 08:00,65.87,65.6,66.2,60,1.0
2024-05-07 09:00,65.75,65.5,66.2,60,1.0
2024-05-07 10:00,65.73,65.5,66.0,60,1.0
2024-05-07 11:00,65.62,65.3,65.9,60,1.0
2024-05-07 12:00,65.62,65.2,65.9,54,0.9
2024-05-07 13:00,65.39,65.2,65.7,58,0.967
2024-05-07 14:00,65.44,65.2,65.7,54,0.9
2024-05-07 15:00,65.58,65.2,65.9,42,0.7
2024-05-07 16:00,65.56,65.3,65.8,52,0.867
2024-05-07 17:00,65.54,65.2,65.7,60,1.0
2024-05-07 18:00,65.31,65.1,65.6,60,1.0
2024-05-07 19:00,65.22,65.1,65.7,60,1.0
2024-05-07 20:00,65.46,65.1,65.7,60,1.0
2024-05-07 21:00,65.34,65.1,65.6,60,1.0
2024-05-07 22:00,65.18,65.0,65.4,60,1.0
2024-05-07 23:00,65.19,65.0,65.5,60,1.0
2024-05-08 00:00,65.27,65.0,65.5,60,1.0
2024-05-08 01:00,65.36,65.1,65.7,60,1.0
2024-05-08 02:00,65.45,65.2,65.9,60,1.0
2024-05-08 03:00,65.43,65.1,65.6,60,1.0
2024-05-08 04:00,65.4,65.1,65.8,60,1.0
2024-05-08 05:00,65.36,65.0,65.6,60,1.0
2024-05-08 06:00,65.22,65.0,65.5,60,1.0
2024-05-08 07:00,65.28,64.9,65.7,59,0.983
2024-05-08 08:00,65.04,64.9,65.4,60,1.0
2024-05-08 09:00,65.01,64.8,65.3,59,0.983
2024-05-08 10:00,64.92,64.7,65.5,60,1.0
2024-05-08 11:00,64.99,64.7,65.2,60,1.0
2024-05-08 12:00,65.08,64.7,65.3,60,1.0
2024-05-08 13:00,64.9,64.6,65.3,60,1.0
2024-05-08 14:00,64.82,64.6,65.1,60,1.0
2024-05-08 15:00,64.95,64.7,65.3,60,1.0
2024-05-08 16:00,65.22,65.0,65.5,60,1.0
2024-05-08 17:00,65.2,65.0,65.5,60,1.0
2024-05-08 18:00,65.42,65.1,65.7,60,1.0
2024-05-08 19:00,65.49,65.2,65.7,60,1.0
2024-05-08 20:00,65.52,65.2,65.9,60,1.0
2024-05-08 21:00,65.47,65.2,65.7,60,1.0
2024-05-08 22:00,65.36,65.1,65.6,60,1.0
2024-05-08 23:00,65.26,65.1,65.5,60,1.0
2024-05-09 00:00,65.29,65.1,65.5,60,1.0
2024-05-09 01:00,65.26,65.1,65.6,60,1.0
2024-05-09 02:00,65.26,65.1,65.4,60,1.0
2024-05-09 03:00,65.26,65.1,65.4,60,1.0
2024-05-09 04:00,65.23,65.1,65.5,60,1.0
2024-05-09 05:00,65.21,65.1,65.5,60,1.0
2024-05-09 06:00,65.44,65.1,65.9,60,1.0
2024-05-09 07:00,65.3,65.1,65.6,60,1.0
2024-05-09 08:00,65.44,65.1,65.7,56,0.933
2024-05-09 09:00,65.34,65.1,65.7,51,0.85
2024-05-09 10:00,65.25,65.0,65.6,46,0.767
2024-05-09 11:00,65.12,64.9,65.5,52,0.867
2024-05-09 12:00,65.12,64.7,65.5,46,0.767
2024-05-09 13:00,64.93,64.7,65.4,55,0.917
2024-05-09 14:00,64.84,64.7,65.2,48,0.8
2024-05-09 15:00,64.8,64.7,65.0,48,0.8
2024-05-09 16:00,64.78,64.7,65.0,60,1.0
2024-05-09 17:00,65.06,64.8,65.3,59,0.983
2024-05-09 18:00,64.81,64.7,65.0,60,1.0
2024-05-09 19:00,64.83,64.6,65.1,60,1.0
2024-05-09 20:00,64.97,64.7,65.3,60,1.0
2024-05-09 21:00,64.82,64.6,65.1,57,0.95
2024-05-09 22:00,64.75,64.6,65.1,42,0.7
2024-05-09 23:00,64.72,64.6,65.1,48,0.8
2024-05-10 00:00,64.92,64.7,65.2,46,0.767
2024-05-10 01:00,64.94,64.6,65.2,59,0.983
2024-05-10 02:00,64.88,64.6,65.1,59,0.983
2024-05-10 03:00,64.78,64.5,65.1,60,1.0
2024-05-10 04:00,64.86,64.5,65.2,60,1.0
2024-05-10 05:00,64.83,64.5,65.0,60,1.0
2024-05-10 06:00,64.6,64.4,65.0,60,1.0
2024-05-10 07:00,64.62,64.4,65.0,59,0.983
2024-05-10 08:00,64.59,64.4,64.9,60,1.0
2024-05-10 09:00,64.51,64.3,64.8,60,1.0
2024-05-10 10:00,64.56,64.3,64.8,60,1.0
2024-05-10 11:00,64.42,64.2,64.7,60,1.0
2024-05-10 12:00,64.41,64.2,64.7,60,1.0
2024-05-10 13:00,64.39,64.1,65.0,60,1.0
2024-05-10 14:00,64.4,64.1,64.7,60,1.0
2024-05-10 15:00,64.24,64.1,64.6,60,1.0
2024-05-10 16:00,64.23,64.1,64.5,60,1.0
2024-05-10 17:00,64.26,64.1,64.6,60,1.0
2024-05-10 18:00,64.34,64.1,64.8,60,1.0
2024-05-10 19:00,64.4,64.0,64.7,60,1.0
2024-05-10 20:00,64.16,64.0,64.4,60,1.0
2024-05-10 21:00,64.06,63.9,64.3,60,1.0
2024-05-10 22:00,64.01,63.9,64.2,60,1.0
2024-05-10 23:00,63.99,63.9,64.2,60,1.0
2024-05-11 00:00,64.03,63.8,64.5,60,1.0
2024-05-11 01:00,64.08,63.8,64.5,60,1.0
2024-05-11 02:00,63.95,63.8,64.2,60,1.0
2024-05-11 03:00,64.2,63.9,64.4,60,1.0
2024-05-11 04:00,64.16,63.8,64.4,60,1.0
2024-05-11 05:00,63.95,63.8,64.3,60,1.0
2024-05-11 06:00,64.01,63.8,64.4,60,1.0
2024-05-11 07:00,64.07,63.8,64.3,60,1.0
2024-05-11 08:00,63.94,63.8,64.4,60,1.0
2024-05-11 09:00,64.08,63.8,64.4,60,1.0
2024-05-11 10:00,64.08,63.9,64.3,60,1.0
2024-05-11 11:00,63.84,63.6,64.1,60,1.0
2024-05-11 12:00,63.77,63.6,64.1,56,0.933
2024-05-11 13:00,63.81,63.6,64.1,47,0.783
2024-05-11 14:00,63.84,63.6,64.2,59,0.983
2024-05-11 15:00,63.59,63.5,63.8,51,0.85
2024-05-11 16:00,63.57,63.5,63.8,56,0.933
2024-05-11 17:00,63.81,63.5,64.2,43,0.717
2024-05-11 18:00,63.64,63.5,63.9,56,0.933
2024-05-11 19:00,63.48,63.4,63.7,60,1.0
2024-05-11 20:00,63.46,63.4,63.6,60,1.0
2024-05-11 21:00,63.49,63.4,63.8,60,1.0
2024-05-11 22:00,63.7,63.4,64.0,60,1.0
2024-05-11 23:00,63.72,63.4,64.1,60,1.0
2024-05-12 00:00,63.52,63.3,64.0,60,1.0
2024-05-12 01:00,63.42,63.3,63.6,60,1.0
2024-05-12 02:00,63.4,63.3,63.6,60,1.0
2024-05-12 03:00,63.36,63.2,63.5,60,1.0
2024-05-12 04:00,63.34,63.3,63.6,60,1.0
2024-05-12 05:00,63.36,63.2,63.7,60,1.0
2024-05-12 06:00,63.42,63.2,63.9,60,1.0
2024-05-12 07:00,63.43,63.2,63.8,60,1.0
2024-05-12 08:00,63.36,63.1,63.8,60,1.0
2024-05-12 09:00,63.21,63.1,63.8,60,1.0
2024-05-12 10:00,63.16,63.0,63.4,60,1.0
2024-05-12 11:00,63.15,63.0,63.5,59,0.983
2024-05-12 12:00,63.12,62.9,63.5,60,1.0
2024-05-12 13:00,63.18,62.9,63.6,60,1.0
2024-05-12 14:00,62.97,62.9,63.1,60,1.0
2024-05-12 15:00,63.02,62.9,63.4,60,1.0
2024-05-12 16:00,63.26,62.9,63.5,60,1.0
2024-05-12 17:00,63.22,62.9,63.4,60,1.0
2024-05-12 18:00,63.1,62.8,63.4,60,1.0
2024-05-12 19:00,62.91,62.8,63.2,60,1.0
2024-05-12 20:00,63.01,62.8,63.4,60,1.0
2024-05-12 21:00,63.14,62.9,63.4,60,1.0
2024-05-12 22:00,63.16,62.8,63.4,60,1.0
2024-05-12 23:00,62.98,62.7,63.3,60,1.0
2024-05-13 00:00,62.86,62.8,63.1,58,0.967
2024-05-13 01:00,62.85,62.7,63.1,60,1.0
2024-05-13 02:00,62.84,62.7,63.1,60,1.0
2024-05-13 03:00,62.87,62.7,63.2,57,0.95
2024-05-13 04:00,62.87,62.7,63.2,35,0.583
2024-05-13 07:00,62.94,62.7,63.2,32,0.533
2024-05-13 08:00,62.84,62.6,63.2,60,1.0
2024-05-13 09:00,62.84,62.6,63.2,60,1.0
2024-05-13 10:00,62.9,62.7,63.1,60,1.0
2024-05-13 11:00,62.66,62.4,63.0,60,1.0
2024-05-13 12:00,62.59,62.4,62.9,59,0.983
2024-05-13 13:00,62.64,62.4,62.9,60,1.0
2024-05-13 14:00,62.59,62.3,62.8,54,0.9
2024-05-13 15:00,62.48,62.3,62.8,44,0.733
2024-05-13 16:00,62.39,62.3,62.7,59,0.983
2024-05-13 17:00,62.48,62.3,62.8,60,1.0
2024-05-13 18:00,62.65,62.3,63.0,59,0.983
2024-05-13 19:00,62.4,62.3,62.7,58,0.967
2024-05-13 20:00,62.48,62.3,62.8,59,0.983
2024-05-13 21:00,62.61,62.3,62.9,59,0.983
2024-05-13 22:00,62.64,62.4,62.8,59,0.983
2024-05-13 23:00,62.62,62.3,62.9,60,1.0
2024-05-14 00:00,62.58,62.2,63.1,60,1.0
2024-05-14 01:00,62.46,62.2,62.7,59,0.983
2024-05-14 02:00,62.42,62.2,62.8,60,1.0
2024-05-14 03:00,62.38,62.2,62.7,60,1.0
2024-05-14 04:00,62.35,62.1,62.8,60,1.0
2024-05-14 05:00,62.27,62.1,62.5,60,1.0
2024-05-14 06:00,62.28,62.1,62.7,60,1.0
2024-05-14 07:00,62.36,62.1,62.7,60,1.0
2024-05-14 08:00,62.29,62.0,62.6,60,1.0
2024-05-14 09:00,62.26,62.0,62.7,60,1.0
2024-05-14 10:00,62.06,61.9,62.4,60,1.0
2024-05-14 11:00,62.13,61.9,62.4,60,1.0
2024-05-14 12:00,62.01,61.8,62.4,60,1.0
2024-05-14 13:00,61.98,61.8,62.3,60,1.0
2024-05-14 14:00,62.0,61.7,62.3,60,1.0
2024-05-14 15:00,61.84,61.7,62.1,60,1.0
2024-05-14 16:00,61.88,61.7,62.2,60,1.0
2024-05-14 17:00,62.07,61.8,62.3,60,1.0
2024-05-14 18:00,62.01,61.7,62.3,60,1.0
2024-05-14 19:00,61.83,61.7,62.1,60,1.0
2024-05-14 20:00,61.78,61.7,62.1,60,1.0
2024-05-14 21:00,61.9,61.7,62.2,60,1.0
2024-05-14 22:00,62.06,61.8,62.3,60,1.0
2024-05-14 23:00,62.06,61.7,62.3,60,1.0
2024-05-15 00:00,62.03,61.7,62.3,60,1.0
2024-05-15 01:00,61.95,61.7,62.2,60,1.0
2024-05-15 02:00,61.8,61.6,62.2,60,1.0
2024-05-15 03:00,61.87,61.6,62.2,60,1.0
2024-05-15 04:00,62.0,61.7,62.2,60,1.0
2024-05-15 05:00,61.95,61.7,62.2,60,1.0
2024-05-15 06:00,61.89,61.6,62.2,60,1.0
2024-05-15 07:00,61.77,61.5,62.1,60,1.0
2024-05-15 08:00,61.78,61.5,62.1,60,1.0
2024-05-15 09:00,61.7,61.5,62.0,60,1.0
2024-05-15 10:00,61.64,61.4,62.0,60,1.0
2024-05-15 11:00,61.53,61.4,61.8,59,0.983
2024-05-15 12:00,61.42,61.3,61.8,59,0.983
2024-05-15 13:00,61.5,61.3,61.7,56,0.933
2024-05-15 14:00,61.53,61.2,61.8,60,1.0
2024-05-15 15:00,61.32,61.1,61.7,60,1.0
2024-05-15 16:00,61.45,61.2,61.7,60,1.0
2024-05-15 17:00,61.37,61.1,61.6,60,1.0
2024-05-15 18:00,61.22,61.1,61.5,60,1.0
2024-05-15 19:00,61.24,61.1,61.6,59,0.983
2024-05-15 20:00,61.46,61.2,61.8,47,0.783
2024-05-15 21:00,61.57,61.2,61.8,47,0.783
2024-05-15 22:00,61.33,61.2,61.7,50,0.833
2024-05-15 23:00,61.27,61.1,61.5,53,0.883
2024-05-16 00:00,61.22,61.1,61.3,53,0.883
2024-05-16 01:00,61.27,61.1,61.7,60,1.0
2024-05-16 02:00,61.34,61.1,61.7,60,1.0
2024-05-16 03:00,61.36,61.2,61.7,60,1.0
2024-05-16 04:00,61.37,61.1,61.6,60,1.0
2024-05-16 05:00,61.19,61.1,61.6,60,1.0
2024-05-16 06:00,61.32,61.1,61.7,60,1.0
2024-05-16 07:00,61.33,61.1,61.7,60,1.0
2024-05-16 08:00,61.25,61.0,61.6,60,1.0
2024-05-16 09:00,61.23,60.8,61.4,60,1.0
2024-05-16 10:00,60.96,60.8,61.2,60,1.0
2024-05-16 11:00,61.02,60.8,61.3,60,1.0
2024-05-16 12:00,60.93,60.7,61.3,60,1.0
2024-05-16 13:00,60.93,60.7,61.2,60,1.0
2024-05-16 14:00,60.8,60.7,61.1,60,1.0
2024-05-16 15:00,60.9,60.7,61.1,60,1.0
2024-05-16 16:00,61.01,60.7,61.2,60,1.0
2024-05-16 17:00,61.03,60.8,61.2,60,1.0
2024-05-16 18:00,60.98,60.7,61.2,60,1.0
2024-05-16 19:00,60.79,60.6,61.0,60,1.0
2024-05-16 20:00,60.68,60.6,61.0,60,1.0
2024-05-16 21:00,60.85,60.6,61.1,60,1.0
2024-05-16 22:00,60.93,60.6,61.1,60,1.0
2024-05-16 23:00,60.72,60.5,61.0,60,1.0
2024-05-17 00:00,60.64,60.5,60.8,60,1.0
2024-05-17 01:00,60.7,60.5,61.0,59,0.983
2024-05-17 02:00,60.76,60.6,61.0,58,0.967
2024-05-17 03:00,60.65,60.5,61.0,60,1.0
2024-05-17 04:00,60.84,60.5,61.2,60,1.0
2024-05-17 05:00,60.86,60.6,61.0,59,0.983
2024-05-17 06:00,60.82,60.5,61.1,60,1.0
2024-05-17 07:00,60.67,60.5,61.1,60,1.0
2024-05-17 08:00,60.62,60.4,61.0,60,1.0
2024-05-17 09:00,60.62,60.4,60.9,59,0.983
2024-05-17 10:00,60.52,60.3,60.8,60,1.0
2024-05-17 11:00,60.54,60.2,60.9,60,1.0
2024-05-17 12:00,60.43,60.2,60.7,60,1.0
2024-05-17 13:00,60.31,60.1,60.6,60,1.0
2024-05-17 14:00,60.48,60.2,60.7,60,1.0
2024-05-17 15:00,60.26,60.1,60.6,60,1.0
2024-05-17 16:00,60.16,60.1,60.4,60,1.0
2024-05-17 17:00,60.16,60.1,60.4,60,1.0
2024-05-17 18:00,60.4,60.1,60.6,60,1.0
2024-05-17 19:00,60.39,60.1,60.6,60,1.0
2024-05-17 20:00,60.25,60.0,60.6,60,1.0
2024-05-17 21:00,60.14,60.0,60.7,59,0.983
2024-05-17 22:00,60.1,60.0,60.4,60,1.0
2024-05-17 23:00,60.12,60.0,60.4,60,1.0
2024-05-18 00:00,60.31,60.0,60.6,60,1.0
2024-05-18 01:00,60.37,60.1,60.6,60,1.0
2024-05-18 02:00,60.29,59.9,60.5,60,1.0
2024-05-18 03:00,60.22,60.0,60.5,53,0.883
2024-05-18 04:00,60.07,59.9,60.5,48,0.8
2024-05-18 05:00,60.18,59.9,60.4,49,0.817
2024-05-18 06:00,60.09,59.9,60.5,47,0.783
2024-05-18 07:00,60.1,59.9,60.6,56,0.933
2024-05-18 08:00,59.98,59.8,60.3,51,0.85
2024-05-18 09:00,60.22,59.8,60.6,60,1.0
2024-05-18 10:00,60.34,60.2,60.8,60,1.0
2024-05-18 11:00,60.46,60.1,60.7,60,1.0
2024-05-18 12:00,60.46,60.2,60.9,60,1.0
2024-05-18 13:00,60.66,60.3,60.9,60,1.0
2024-05-18 14:00,60.46,60.3,60.7,60,1.0
2024-05-18 15:00,60.41,60.3,60.7,60,1.0
2024-05-18 16:00,60.67,60.3,61.0,60,1.0
2024-05-18 17:00,60.8,60.5,60.9,27,0.45
2024-05-18 18:00,60.52,60.3,60.8,47,0.783
2024-05-18 19:00,60.54,60.3,60.8,60,1.0
2024-05-18 20:00,60.37,60.2,60.7,60,1.0
2024-05-18 21:00,60.31,60.2,60.5,59,0.983
2024-05-18 22:00,60.31,60.2,60.5,60,1.0
2024-05-18 23:00,60.33,60.2,60.5,59,0.983
2024-05-19 00:00,60.34,60.2,60.7,60,1.0
2024-05-19 01:00,60.45,60.2,60.9,60,1.0
2024-05-19 02:00,60.43,60.2,60.7,60,1.0
2024-05-19 03:00,60.53,60.3,60.8,60,1.0
2024-05-19 04:00,60.58,60.4,60.8,60,1.0
2024-05-19 05:00,60.53,60.3,60.9,60,1.0
2024-05-19 06:00,60.61,60.3,61.0,60,1.0
2024-05-19 07:00,60.55,60.3,60.9,60,1.0
2024-05-19 08:00,60.41,60.3,60.7,60,1.0
2024-05-19 09:00,60.39,60.2,60.8,60,1.0
2024-05-19 10:00,60.58,60.3,60.8,60,1.0
2024-05-19 11:00,60.46,60.2,60.8,60,1.0
2024-05-19 12:00,60.42,60.1,60.7,60,1.0
2024-05-19 13:00,60.46,60.2,60.7,60,1.0
2024-05-19 14:00,60.29,60.0,60.6,60,1.0
2024-05-19 15:00,60.14,60.0,60.4,59,0.983
2024-05-19 16:00,60.13,60.1,60.3,49,0.817
2024-05-19 17:00,60.21,60.0,60.5,57,0.95
2024-05-19 18:00,60.29,60.0,60.7,60,1.0
2024-05-19 19:00,60.35,60.0,60.6,60,1.0
2024-05-19 20:00,60.19,60.1,60.4,60,1.0
2024-05-19 21:00,60.47,60.2,60.7,60,1.0
2024-05-19 22:00,60.46,60.1,60.7,60,1.0
2024-05-19 23:00,60.32,60.1,60.6,60,1.0
2024-05-20 00:00,60.32,60.2,60.6,60,1.0
2024-05-20 01:00,60.26,60.1,60.6,60,1.0
2024-05-20 02:00,60.26,60.1,60.5,60,1.0
2024-05-20 03:00,60.27,60.1,60.4,60,1.0
2024-05-20 04:00,60.29,60.2,60.5,60,1.0
2024-05-20 05:00,60.35,60.2,60.8,53,0.883
2024-05-20 06:00,60.52,60.3,60.9,60,1.0
2024-05-20 07:00,60.44,60.2,60.8,59,0.983
2024-05-20 08:00,60.34,60.2,60.7,58,0.967
2024-05-20 09:00,60.36,60.1,60.6,60,1.0
2024-05-20 10:00,60.38,60.1,60.7,60,1.0
2024-05-20 11:00,60.24,60.0,60.5,60,1.0
2024-05-20 12:00,60.28,60.0,60.6,60,1.0
2024-05-20 13:00,60.09,60.0,60.5,60,1.0
2024-05-20 14:00,60.26,59.9,60.5,60,1.0
2024-05-20 15:00,60.09,59.9,60.4,60,1.0
2024-05-20 16:00,60.06,59.9,60.3,59,0.983
2024-05-20 17:00,60.24,60.0,60.6,60,1.0
2024-05-20 18:00,60.29,60.0,60.5,60,1.0
2024-05-20 19:00,60.24,60.0,60.6,60,1.0
2024-05-20 20:00,60.1,60.0,60.4,60,1.0
2024-05-20 21:00,60.07,60.0,60.3,60,1.0
2024-05-20 22:00,60.13,60.0,60.6,60,1.0
2024-05-20 23:00,60.28,60.0,60.5,60,1.0
2024-05-21 00:00,60.32,60.0,60.5,60,1.0
2024-05-21 01:00,60.38,60.2,60.6,60,1.0
2024-05-21 02:00,60.33,60.0,60.7,60,1.0
2024-05-21 03:00,60.37,60.2,60.5,60,1.0
2024-05-21 04:00,60.22,60.0,60.6,60,1.0
2024-05-21 05:00,60.1,60.0,60.5,60,1.0
2024-05-21 06:00,60.16,60.0,60.7,60,1.0
2024-05-21 07:00,60.28,60.0,60.7,60,1.0
2024-05-21 08:00,60.15,60.0,60.5,59,0.983
2024-05-21 09:00,60.23,60.0,60.5,46,0.767
2024-05-21 10:00,60.26,59.9,60.5,51,0.85
2024-05-21 11:00,60.02,59.9,60.3,44,0.733
2024-05-21 12:00,60.14,59.9,60.3,58,0.967
2024-05-21 13:00,59.98,59.8,60.3,60,1.0
2024-05-21 14:00,60.08,59.8,60.5,60,1.0
2024-05-21 15:00,60.18,59.9,60.4,60,1.0
2024-05-21 16:00,60.04,59.7,60.5,60,1.0
2024-05-21 17:00,60.0,59.7,60.3,60,1.0
2024-05-21 18:00,59.98,59.7,60.2,60,1.0
2024-05-21 19:00,59.87,59.7,60.1,60,1.0
2024-05-21 20:00,60.07,59.7,60.3,60,1.0
2024-05-21 21:00,59.99,59.7,60.3,60,1.0
2024-05-21 22:00,59.86,59.7,60.3,60,1.0
2024-05-21 23:00,59.82,59.7,60.3,60,1.0
2024-05-22 00:00,59.86,59.7,60.3,59,0.983
2024-05-22 01:00,59.9,59.7,60.2,60,1.0
2024-05-22 02:00,59.94,59.7,60.3,60,1.0
2024-05-22 03:00,60.1,59.8,60.4,60,1.0
2024-05-22 04:00,60.26,60.1,60.6,60,1.0
2024-05-22 05:00,60.35,60.1,60.6,60,1.0
2024-05-22 06:00,60.28,60.0,60.6,60,1.0
2024-05-22 07:00,60.24,60.0,60.7,60,1.0
2024-05-22 08:00,60.17,60.0,60.6,60,1.0
2024-05-22 09:00,60.14,59.9,60.7,60,1.0
2024-05-22 10:00,59.86,59.7,60.1,60,1.0
2024-05-22 11:00,59.88,59.6,60.1,60,1.0
2024-05-22 12:00,59.66,59.5,60.0,60,1.0
2024-05-22 13:00,59.66,59.4,60.0,60,1.0
2024-05-22 14:00,59.56,59.4,60.0,60,1.0
2024-05-22 15:00,59.63,59.4,59.9,60,1.0
2024-05-22 16:00,59.75,59.5,60.0,60,1.0
2024-05-22 17:00,59.76,59.4,60.1,60,1.0
2024-05-22 18:00,59.62,59.4,60.0,60,1.0
2024-05-22 19:00,59.52,59.4,59.8,52,0.867
2024-05-22 20:00,59.6,59.4,59.9,49,0.817
2024-05-22 21:00,59.73,59.4,59.9,51,0.85
2024-05-22 22:00,59.59,59.4,59.9,53,0.883
2024-05-22 23:00,59.52,59.4,59.9,49,0.817
2024-05-23 00:00,59.52,59.4,59.9,54,0.9
2024-05-23 01:00,59.54,59.4,59.9,60,1.0
2024-05-23 02:00,59.69,59.4,60.0,60,1.0
2024-05-23 03:00,59.75,59.4,60.0,60,1.0
2024-05-23 04:00,59.73,59.4,60.0,60,1.0
2024-05-23 05:00,59.75,59.4,59.9,60,1.0
2024-05-23 06:00,59.71,59.4,60.0,60,1.0
2024-05-23 07:00,59.64,59.4,59.9,60,1.0
2024-05-23 08:00,59.56,59.4,60.0,60,1.0
2024-05-23 09:00,59.69,59.4,59.9,60,1.0
2024-05-23 10:00,59.58,59.3,59.8,60,1.0
2024-05-23 11:00,59.5,59.2,59.8,60,1.0
2024-05-23 12:00,59.36,59.1,59.7,60,1.0
2024-05-23 13:00,59.38,59.1,59.6,60,1.0
2024-05-23 14:00,59.36,59.1,59.7,60,1.0
2024-05-23 15:00,59.25,59.1,59.7,60,1.0
2024-05-23 16:00,59.44,59.1,59.7,60,1.0
2024-05-23 17:00,59.4,59.1,59.7,60,1.0
2024-05-23 18:00,59.23,59.1,59.7,60,1.0
2024-05-23 19:00,59.32,59.1,59.6,60,1.0
2024-05-23 20:00,59.4,59.1,59.6,60,1.0
2024-05-23 21:00,59.26,59.1,59.5,60,1.0
2024-05-23 22:00,59.21,59.1,59.5,60,1.0
2024-05-23 23:00,59.21,59.1,59.5,60,1.0
2024-05-24 00:00,59.28,59.1,59.7,60,1.0
2024-05-24 01:00,59.36,59.1,59.6,60,1.0
2024-05-24 02:00,59.38,59.1,59.7,60,1.0
2024-05-24 03:00,59.4,59.1,59.6,60,1.0
2024-05-24 04:00,59.41,59.1,59.6,60,1.0
2024-05-24 05:00,59.39,59.1,59.6,60,1.0
2024-05-24 06:00,59.27,59.0,59.6,60,1.0
2024-05-24 07:00,59.25,59.0,59.6,60,1.0
2024-05-24 08:00,59.18,59.0,59.5,60,1.0
2024-05-24 09:00,59.24,59.0,59.4,60,1.0
2024-05-24 10:00,59.28,59.2,59.4,60,1.0
2024-05-24 11:00,59.08,58.8,59.5,60,1.0
2024-05-24 12:00,58.99,58.8,59.3,60,1.0
2024-05-24 13:00,59.09,58.8,59.4,60,1.0
2024-05-24 14:00,59.02,58.8,59.3,60,1.0
2024-05-24 15:00,59.02,58.7,59.2,60,1.0
2024-05-24 16:00,58.93,58.7,59.2,60,1.0
2024-05-24 17:00,58.82,58.7,59.1,60,1.0
2024-05-24 18:00,58.78,58.7,58.9,60,1.0
2024-05-24 19:00,58.95,58.7,59.3,60,1.0
2024-05-24 20:00,58.84,58.7,59.2,60,1.0
2024-05-24 21:00,58.85,58.7,59.2,60,1.0
2024-05-24 22:00,59.0,58.7,59.3,60,1.0
2024-05-24 23:00,58.98,58.7,59.2,59,0.983
2024-05-25 00:00,58.88,58.7,59.1,59,0.983
2024-05-25 01:00,59.01,58.7,59.2,59,0.983
2024-05-25 02:00,58.98,58.8,59.3,60,1.0
2024-05-25 03:00,58.99,58.7,59.3,60,1.0
2024-05-25 04:00,59.01,58.8,59.4,60,1.0
2024-05-25 05:00,58.99,58.9,59.2,54,0.9
2024-05-25 06:00,59.04,58.8,59.4,51,0.85
2024-05-25 07:00,58.97,58.7,59.3,60,1.0
2024-05-25 08:00,58.89,58.7,59.2,59,0.983
2024-05-25 09:00,58.89,58.7,59.3,60,1.0
2024-05-25 10:00,58.77,58.6,59.1,60,1.0
2024-05-25 11:00,58.87,58.6,59.1,60,1.0
2024-05-25 12:00,58.6,58.5,59.0,60,1.0
2024-05-25 13:00,58.79,58.6,59.0,60,1.0
2024-05-25 14:00,58.62,58.4,58.9,59,0.983
2024-05-25 15:00,58.43,58.3,58.7,60,1.0
2024-05-25 16:00,58.42,58.3,58.7,60,1.0
2024-05-25 17:00,58.5,58.3,58.8,60,1.0
2024-05-25 18:00,58.85,58.5,59.1,60,1.0
2024-05-25 19:00,58.76,58.6,59.1,60,1.0
2024-05-25 20:00,58.94,58.7,59.2,60,1.0
2024-05-25 21:00,59.0,58.7,59.3,60,1.0
2024-05-25 22:00,58.93,58.7,59.2,60,1.0
2024-05-25 23:00,58.99,58.7,59.2,60,1.0
2024-05-26 00:00,58.88,58.6,59.4,60,1.0
2024-05-26 01:00,58.78,58.6,59.2,60,1.0
2024-05-26 02:00,58.77,58.7,59.1,59,0.983
2024-05-26 03:00,58.75,58.6,59.1,60,1.0
2024-05-26 04:00,58.75,58.6,59.1,60,1.0
2024-05-26 05:00,58.82,58.6,59.2,60,1.0
2024-05-26 06:00,58.77,58.6,59.2,60,1.0
2024-05-26 07:00,58.82,58.6,59.2,60,1.0
2024-05-26 08:00,58.8,58.5,59.1,60,1.0
2024-05-26 09:00,58.75,58.4,59.0,60,1.0
2024-05-26 10:00,58.45,58.2,58.7,60,1.0
2024-05-26 11:00,58.38,58.2,58.6,60,1.0
2024-05-26 12:00,58.31,58.1,58.6,60,1.0
2024-05-26 13:00,58.15,58.0,58.5,60,1.0
2024-05-26 14:00,58.36,58.0,58.6,60,1.0
2024-05-26 15:00,58.28,58.0,58.6,60,1.0
2024-05-26 16:00,58.16,58.0,58.5,60,1.0
2024-05-26 17:00,58.06,58.0,58.4,60,1.0
2024-05-26 18:00,58.05,58.0,58.3,60,1.0
2024-05-26 19:00,58.1,58.0,58.4,60,1.0
2024-05-26 20:00,58.21,58.0,58.4,60,1.0
2024-05-26 21:00,58.08,58.0,58.4,60,1.0
2024-05-26 22:00,58.18,58.0,58.5,60,1.0
2024-05-26 23:00,58.21,58.0,58.5,60,1.0
2024-05-27 00:00,58.28,58.0,58.5,60,1.0
2024-05-27 01:00,58.25,57.9,58.5,58,0.967
2024-05-27 02:00,58.19,57.9,58.5,48,0.8
2024-05-27 03:00,58.24,57.9,58.5,59,0.983
2024-05-27 04:00,58.16,57.9,58.6,60,1.0
2024-05-27 05:00,58.06,57.9,58.3,60,1.0
2024-05-27 06:00,58.14,57.9,58.5,60,1.0
2024-05-27 07:00,58.16,57.9,58.5,60,1.0
2024-05-27 08:00,57.98,57.8,58.3,60,1.0
2024-05-27 09:00,57.89,57.8,58.2,60,1.0
2024-05-27 10:00,57.93,57.7,58.3,60,1.0
2024-05-27 11:00,57.96,57.7,58.2,60,1.0
2024-05-27 12:00,57.77,57.6,58.1,60,1.0
2024-05-27 13:00,57.83,57.6,58.2,60,1.0
2024-05-27 14:00,57.67,57.6,57.8,60,1.0
2024-05-27 15:00,57.83,57.6,58.1,60,1.0
2024-05-27 16:00,57.85,57.6,58.0,60,1.0
2024-05-27 17:00,57.79,57.5,58.1,60,1.0
2024-05-27 18:00,57.65,57.5,57.9,60,1.0
2024-05-27 19:00,57.6,57.5,57.7,60,1.0
2024-05-27 20:00,57.75,57.5,58.0,60,1.0
2024-05-27 21:00,57.8,57.5,58.0,60,1.0
2024-05-27 22:00,57.65,57.5,58.0,60,1.0
2024-05-27 23:00,57.6,57.5,57.9,60,1.0
2024-05-28 00:00,57.64,57.5,57.9,60,1.0
2024-05-28 01:00,57.69,57.5,58.0,60,1.0
2024-05-28 02:00,57.74,57.5,58.1,60,1.0
2024-05-28 03:00,57.78,57.5,58.2,60,1.0
2024-05-28 04:00,57.81,57.5,58.1,60,1.0
2024-05-28 05:00,57.78,57.5,58.0,60,1.0
2024-05-28 06:00,57.67,57.5,58.0,60,1.0
2024-05-28 07:00,57.61,57.4,58.0,60,1.0
2024-05-28 08:00,57.59,57.4,57.9,60,1.0
2024-05-28 09:00,57.62,57.4,57.9,60,1.0
2024-05-28 10:00,57.57,57.3,57.8,60,1.0
2024-05-28 11:00,57.36,57.3,57.6,60,1.0
2024-05-28 12:00,57.4,57.2,57.7,60,1.0
2024-05-28 13:00,57.34,57.2,57.7,60,1.0
2024-05-28 14:00,57.25,57.2,57.5,60,1.0
2024-05-28 15:00,57.3,57.2,57.6,59,0.983
2024-05-28 16:00,57.42,57.2,57.7,60,1.0
2024-05-28 17:00,57.46,57.3,57.7,60,1.0
2024-05-28 18:00,57.33,57.1,57.7,60,1.0
2024-05-28 19:00,57.18,57.1,57.4,60,1.0
2024-05-28 20:00,57.38,57.1,57.6,60,1.0
2024-05-28 21:00,57.37,57.1,57.6,60,1.0
2024-05-28 22:00,57.24,57.1,57.6,59,0.983
2024-05-28 23:00,57.18,57.1,57.6,50,0.833
2024-05-29 00:00,57.23,57.1,57.6,59,0.983
2024-05-29 01:00,57.3,57.1,57.8,49,0.817
2024-05-29 02:00,57.33,57.1,57.6,58,0.967
2024-05-29 03:00,57.36,57.1,57.6,60,1.0
2024-05-29 04:00,57.34,57.1,57.6,60,1.0
2024-05-29 05:00,57.33,57.1,57.5,60,1.0
2024-05-29 06:00,57.27,57.0,57.5,59,0.983
2024-05-29 07:00,57.22,57.0,57.6,60,1.0
2024-05-29 08:00,57.17,56.9,57.4,60,1.0
2024-05-29 09:00,57.06,56.9,57.3,60,1.0
2024-05-29 10:00,56.96,56.9,57.1,60,1.0
2024-05-29 11:00,57.07,56.8,57.3,51,0.85
2024-05-29 12:00,56.9,56.7,57.2,60,1.0
2024-05-29 13:00,56.95,56.7,57.2,60,1.0
2024-05-29 14:00,56.73,56.6,57.0,60,1.0
2024-05-29 15:00,56.74,56.6,57.0,60,1.0
2024-05-29 16:00,56.83,56.6,57.2,60,1.0
2024-05-29 17:00,56.9,56.7,57.1,60,1.0
2024-05-29 18:00,56.95,56.8,57.2,60,1.0
2024-05-29 19:00,56.85,56.6,57.1,60,1.0
2024-05-29 20:00,56.66,56.6,56.9,60,1.0
2024-05-29 21:00,56.9,56.6,57.1,60,1.0
2024-05-29 22:00,56.84,56.6,57.2,60,1.0
2024-05-29 23:00,56.71,56.6,57.0,60,1.0
2024-05-30 00:00,56.69,56.5,57.0,60,1.0
2024-05-30 01:00,56.64,56.5,57.0,60,1.0
2024-05-30 02:00,56.66,56.5,57.0,60,1.0
2024-05-30 03:00,56.69,56.5,57.1,60,1.0
2024-05-30 04:00,56.73,56.5,57.0,60,1.0
2024-05-30 05:00,56.81,56.5,57.1,59,0.983
2024-05-30 06:00,56.68,56.5,57.0,60,1.0
2024-05-30 07:00,56.76,56.5,57.2,60,1.0
2024-05-30 08:00,56.63,56.5,56.9,59,0.983
2024-05-30 09:00,56.6,56.4,56.9,60,1.0
2024-05-30 10:00,56.7,56.6,56.9,60,1.0
2024-05-30 11:00,56.4,56.2,56.7,60,1.0
2024-05-30 12:00,56.45,56.2,56.9,60,1.0
2024-05-30 13:00,56.44,56.2,56.6,60,1.0
2024-05-30 14:00,56.31,56.1,56.6,60,1.0
2024-05-30 15:00,56.23,56.1,56.5,60,1.0
2024-05-30 16:00,56.26,56.1,56.6,60,1.0
2024-05-30 17:00,56.44,56.3,56.8,60,1.0
2024-05-30 18:00,56.44,56.2,56.6,60,1.0
2024-05-30 19:00,56.36,56.1,56.6,60,1.0
2024-05-30 20:00,56.19,56.1,56.5,59,0.983
2024-05-30 21:00,56.22,56.0,56.4,60,1.0
2024-05-30 22:00,56.4,56.1,56.7,60,1.0
2024-05-30 23:00,56.4,56.1,56.6,60,1.0
2024-05-31 00:00,56.43,56.2,56.6,60,1.0
2024-05-31 01:00,56.37,56.1,56.5,60,1.0
2024-05-31 02:00,56.36,56.0,56.6,60,1.0
2024-05-31 03:00,56.35,56.1,56.6,60,1.0
2024-05-31 04:00,56.33,56.0,56.6,58,0.967
2024-05-31 05:00,56.32,56.0,56.7,45,0.75
2024-05-31 06:00,56.08,56.0,56.4,56,0.933
2024-05-31 07:00,56.05,55.9,56.3,60,1.0
2024-05-31 08:00,56.02,55.9,56.4,60,1.0
2024-05-31 09:00,55.99,55.9,56.4,59,0.983
2024-05-31 10:00,55.93,55.8,56.2,60,1.0
2024-05-31 11:00,56.14,55.9,56.4,60,1.0
2024-05-31 12:00,56.37,56.2,56.7,60,1.0
2024-05-31 13:00,56.55,56.3,56.8,60,1.0
2024-05-31 14:00,56.58,56.3,56.9,59,0.983
2024-05-31 15:00,56.54,56.3,56.8,60,1.0
2024-05-31 16:00,56.54,56.3,56.8,60,1.0
2024-05-31 17:00,56.51,56.2,56.7,59,0.983
2024-05-31 18:00,56.5,56.2,56.8,60,1.0
2024-05-31 19:00,56.55,56.4,56.8,60,1.0
2024-05-31 20:00,56.51,56.2,56.7,60,1.0
2024-05-31 21:00,56.48,56.2,56.7,60,1.0
2024-05-31 22:00,56.54,56.3,56.8,60,1.0
2024-05-31 23:00,56.53,56.2,56.8,60,1.0
2024-06-01 00:00,56.35,56.1,56.7,60,1.0
2024-06-01 01:00,56.46,56.3,56.7,60,1.0
2024-06-01 02:00,56.47,56.2,56.7,60,1.0
2024-06-01 03:00,56.4,56.1,56.7,60,1.0
2024-06-01 04:00,56.42,56.1,56.6,60,1.0
2024-06-01 05:00,56.46,56.2,56.8,60,1.0
2024-06-01 06:00,56.41,56.1,56.6,59,0.983
2024-06-01 07:00,56.25,56.1,56.6,60,1.0
2024-06-01 08:00,56.28,56.0,56.6,60,1.0
2024-06-01 09:00,56.13,56.0,56.3,60,1.0
2024-06-01 10:00,56.14,56.0,56.4,60,1.0
2024-06-01 11:00,56.3,56.0,56.6,60,1.0
2024-06-01 12:00,56.14,56.0,56.4,60,1.0
2024-06-01 13:00,56.08,56.0,56.2,60,1.0
2024-06-01 14:00,56.28,56.0,56.5,60,1.0
2024-06-01 15:00,56.3,56.1,56.6,60,1.0
2024-06-01 16:00,56.35,56.1,56.6,60,1.0
2024-06-01 17:00,56.28,56.1,56.4,60,1.0
2024-06-01 18:00,56.18,55.9,56.4,60,1.0
2024-06-01 19:00,56.05,55.9,56.4,60,1.0
2024-06-01 20:00,56.11,55.9,56.4,60,1.0
2024-06-01 21:00,56.28,55.9,56.5,60,1.0
2024-06-01 22:00,56.28,55.9,56.5,60,1.0
2024-06-01 23:00,56.25,56.0,56.5,60,1.0
2024-06-02 00:00,56.19,55.9,56.5,60,1.0
2024-06-02 01:00,56.22,55.9,56.4,60,1.0
2024-06-02 02:00,56.16,55.9,56.4,60,1.0
2024-06-02 03:00,56.06,55.9,56.3,60,1.0
2024-06-02 04:00,56.02,55.9,56.4,60,1.0
2024-06-02 05:00,55.99,55.9,56.3,60,1.0
2024-06-02 06:00,56.15,55.9,56.4,60,1.0
2024-06-02 07:00,56.07,55.9,56.4,60,1.0
2024-06-02 08:00,56.01,55.9,56.3,60,1.0
2024-06-02 09:00,55.98,55.7,56.2,60,1.0
2024-06-02 10:00,55.8,55.6,56.1,60,1.0
2024-06-02 11:00,55.59,55.5,55.8,60,1.0
2024-06-02 12:00,55.72,55.4,55.9,60,1.0
2024-06-02 13:00,55.52,55.3,55.8,60,1.0
2024-06-02 14:00,55.67,55.4,55.9,59,0.983
2024-06-02 15:00,55.46,55.3,55.8,60,1.0
2024-06-02 16:00,55.42,55.3,55.7,60,1.0
2024-06-02 17:00,55.47,55.3,55.7,60,1.0
2024-06-02 18:00,55.58,55.3,55.8,60,1.0
2024-06-02 19:00,55.47,55.3,55.8,60,1.0
2024-06-02 20:00,55.37,55.3,55.7,58,0.967
2024-06-02 21:00,55.42,55.3,55.8,58,0.967
2024-06-02 22:00,55.58,55.4,55.8,60,1.0
2024-06-02 23:00,55.56,55.3,55.9,60,1.0
2024-06-03 00:00,55.63,55.3,56.0,60,1.0
2024-06-03 01:00,55.66,55.4,56.0,60,1.0
2024-06-03 02:00,55.65,55.3,55.8,60,1.0
2024-06-03 03:00,55.62,55.4,55.8,54,0.9
2024-06-03 04:00,55.55,55.4,55.8,60,1.0
2024-06-03 05:00,55.51,55.3,55.8,58,0.967
2024-06-03 06:00,55.61,55.3,55.9,46,0.767
2024-06-03 07:00,55.5,55.3,55.8,60,1.0
2024-06-03 08:00,55.43,55.2,55.8,60,1.0
2024-06-03 09:00,55.27,55.1,55.6,60,1.0
2024-06-03 10:00,55.34,55.1,55.6,60,1.0
2024-06-03 11:00,55.16,55.0,55.4,60,1.0
2024-06-03 12:00,55.17,55.0,55.5,60,1.0
2024-06-03 13:00,55.09,54.9,55.3,60,1.0
2024-06-03 14:00,55.11,54.9,55.4,60,1.0
2024-06-03 15:00,55.22,55.0,55.4,60,1.0
2024-06-03 16:00,55.05,54.9,55.2,60,1.0
2024-06-03 17:00,54.99,54.9,55.3,60,1.0
2024-06-03 18:00,55.14,54.9,55.3,60,1.0
2024-06-03 19:00,55.03,54.9,55.3,60,1.0
2024-06-03 20:00,54.92,54.8,55.3,60,1.0
2024-06-03 21:00,54.97,54.8,55.3,60,1.0
2024-06-03 22:00,55.1,54.8,55.3,60,1.0
2024-06-03 23:00,55.14,54.9,55.3,60,1.0
2024-06-04 00:00,55.1,54.9,55.3,60,1.0
2024-06-04 01:00,55.04,54.8,55.3,60,1.0
2024-06-04 02:00,54.96,54.8,55.3,60,1.0
2024-06-04 03:00,54.98,54.8,55.3,60,1.0
2024-06-04 04:00,54.93,54.8,55.3,60,1.0
2024-06-04 05:00,54.93,54.8,55.2,60,1.0
2024-06-04 06:00,54.96,54.8,55.2,60,1.0
2024-06-04 07:00,54.98,54.7,55.2,60,1.0
2024-06-04 08:00,54.9,54.7,55.2,60,1.0
2024-06-04 09:00,54.8,54.7,55.0,60,1.0
2024-06-04 10:00,54.8,54.6,55.0,60,1.0
2024-06-04 11:00,54.72,54.5,55.0,60,1.0
2024-06-04 12:00,54.7,54.5,54.9,60,1.0
2024-06-04 13:00,54.61,54.4,55.0,60,1.0
2024-06-04 14:00,54.67,54.4,54.9,60,1.0
2024-06-04 15:00,54.45,54.4,54.6,60,1.0
2024-06-04 16:00,54.57,54.4,54.9,60,1.0
2024-06-04 17:00,54.73,54.6,54.8,57,0.95
2024-06-04 18:00,54.63,54.4,54.8,60,1.0
2024-06-04 19:00,54.45,54.4,54.7,60,1.0
2024-06-04 20:00,54.49,54.4,54.7,60,1.0
2024-06-04 21:00,54.66,54.4,54.9,60,1.0
2024-06-04 22:00,54.71,54.4,54.9,60,1.0
2024-06-04 23:00,54.67,54.4,54.9,60,1.0
2024-06-05 00:00,54.62,54.4,54.9,60,1.0
2024-06-05 01:00,54.68,54.4,55.0,60,1.0
2024-06-05 02:00,54.68,54.4,55.1,47,0.783
2024-06-05 03:00,54.63,54.4,54.9,57,0.95
2024-06-05 04:00,54.56,54.3,54.8,60,1.0
2024-06-05 05:00,54.48,54.3,54.7,60,1.0
2024-06-05 06:00,54.6,54.3,55.0,60,1.0
2024-06-05 07:00,54.46,54.3,54.8,60,1.0
2024-06-05 08:00,54.48,54.2,54.8,60,1.0
2024-06-05 09:00,54.36,54.1,54.6,60,1.0
2024-06-05 10:00,54.42,54.2,54.7,60,1.0
2024-06-05 11:00,54.21,54.0,54.5,60,1.0
2024-06-05 12:00,54.15,53.9,54.4,60,1.0
2024-06-05 13:00,54.06,53.9,54.4,60,1.0
2024-06-05 14:00,54.1,53.9,54.3,60,1.0
2024-06-05 15:00,54.19,54.0,54.5,60,1.0
2024-06-05 16:00,53.99,53.8,54.2,60,1.0
2024-06-05 17:00,53.94,53.8,54.1,60,1.0
2024-06-05 18:00,53.98,53.9,54.4,60,1.0
2024-06-05 19:00,54.16,53.9,54.3,60,1.0
2024-06-05 20:00,54.12,53.9,54.3,60,1.0
2024-06-05 21:00,53.95,53.9,54.2,60,1.0
2024-06-05 22:00,53.93,53.9,54.3,60,1.0
2024-06-05 23:00,53.94,53.9,54.2,60,1.0
2024-06-06 00:00,53.95,53.8,54.2,60,1.0
2024-06-06 01:00,53.96,53.9,54.1,60,1.0
2024-06-06 02:00,54.08,53.9,54.3,60,1.0
2024-06-06 03:00,54.16,53.9,54.3,60,1.0
2024-06-06 04:00,54.12,53.8,54.4,60,1.0
2024-06-06 05:00,54.14,53.9,54.4,60,1.0
2024-06-06 06:00,54.07,53.8,54.3,60,1.0
2024-06-06 07:00,53.97,53.8,54.2,60,1.0
2024-06-06 08:00,53.9,53.7,54.2,60,1.0
2024-06-06 09:00,53.95,53.7,54.1,60,1.0
2024-06-06 10:00,53.85,53.7,54.1,60,1.0
2024-06-06 11:00,53.81,53.5,54.1,60,1.0
2024-06-06 12:00,53.65,53.5,53.9,60,1.0
2024-06-06 13:00,53.7,53.5,54.0,60,1.0
2024-06-06 14:00,53.5,53.4,53.6,60,1.0
2024-06-06 15:00,53.64,53.4,53.8,60,1.0
2024-06-06 16:00,53.73,53.5,53.9,60,1.0
2024-06-06 17:00,53.59,53.4,54.0,60,1.0
2024-06-06 18:00,53.46,53.4,53.7,60,1.0
2024-06-06 19:00,53.59,53.4,53.8,60,1.0
2024-06-06 20:00,53.7,53.5,53.9,60,1.0
2024-06-06 21:00,53.71,53.5,54.0,60,1.0
2024-06-06 22:00,53.48,53.4,53.8,60,1.0
2024-06-06 23:00,53.45,53.3,53.9,60,1.0
2024-06-07 00:00,53.48,53.4,53.7,60,1.0
2024-06-07 01:00,53.52,53.4,53.8,60,1.0
2024-06-07 02:00,53.63,53.4,53.9,60,1.0
2024-06-07 03:00,53.6,53.4,53.9,60,1.0
2024-06-07 04:00,53.66,53.4,53.8,60,1.0
2024-06-07 05:00,53.64,53.4,53.8,60,1.0
2024-06-07 06:00,53.49,53.3,53.8,60,1.0
2024-06-07 07:00,53.56,53.3,53.8,58,0.967
2024-06-07 08:00,53.58,53.3,53.8,60,1.0
2024-06-07 09:00,53.45,53.3,53.9,60,1.0
2024-06-07 10:00,53.48,53.2,53.7,60,1.0
2024-06-07 11:00,53.34,53.1,53.6,60,1.0
2024-06-07 12:00,53.23,53.1,53.5,58,0.967
2024-06-07 13:00,53.24,53.0,53.4,60,1.0
2024-06-07 14:00,53.07,53.0,53.3,60,1.0
2024-06-07 15:00,53.28,53.0,53.4,47,0.783
2024-06-07 16:00,53.21,53.0,53.5,48,0.8
2024-06-07 17:00,53.04,53.0,53.2,50,0.833
2024-06-07 18:00,53.03,53.0,53.2,60,1.0
2024-06-07 19:00,53.09,53.0,53.4,60,1.0
2024-06-07 20:00,53.28,53.1,53.5,60,1.0
2024-06-07 21:00,53.26,53.0,53.4,60,1.0
2024-06-07 22:00,53.07,52.9,53.4,60,1.0
2024-06-07 23:00,53.03,53.0,53.2,60,1.0
2024-06-08 00:00,53.04,53.0,53.4,60,1.0
2024-06-08 01:00,53.04,52.9,53.3,60,1.0
2024-06-08 02:00,53.11,53.0,53.4,60,1.0
2024-06-08 03:00,53.19,53.0,53.4,60,1.0
2024-06-08 04:00,53.23,52.9,53.5,60,1.0
2024-06-08 05:00,53.19,52.9,53.4,60,1.0
2024-06-08 06:00,53.12,52.9,53.4,60,1.0
2024-06-08 07:00,53.15,53.0,53.4,60,1.0
2024-06-08 08:00,53.04,52.8,53.3,60,1.0
2024-06-08 09:00,53.1,52.8,53.4,60,1.0
2024-06-08 10:00,52.86,52.7,53.3,60,1.0
2024-06-08 11:00,52.98,52.8,53.2,60,1.0
2024-06-08 12:00,52.8,52.6,53.2,60,1.0
2024-06-08 13:00,52.79,52.6,53.0,60,1.0
2024-06-08 14:00,52.67,52.5,52.9,60,1.0
2024-06-08 15:00,52.61,52.5,52.8,60,1.0
2024-06-08 16:00,52.73,52.5,53.0,60,1.0
2024-06-08 17:00,52.87,52.8,53.1,60,1.0
2024-06-08 18:00,52.82,52.5,53.0,60,1.0
2024-06-08 19:00,52.71,52.5,53.0,60,1.0
2024-06-08 20:00,52.61,52.5,52.7,60,1.0
2024-06-08 21:00,52.64,52.5,52.9,60,1.0
2024-06-08 22:00,52.8,52.6,53.1,60,1.0
2024-06-08 23:00,52.87,52.7,53.0,60,1.0
2024-06-09 00:00,52.81,52.5,53.0,60,1.0
2024-06-09 01:00,52.69,52.5,52.9,60,1.0
2024-06-09 02:00,52.65,52.5,52.9,60,1.0
2024-06-09 03:00,52.57,52.5,52.7,59,0.983
2024-06-09 04:00,52.57,52.5,52.8,60,1.0
2024-06-09 05:00,52.6,52.5,52.8,60,1.0
2024-06-09 06:00,52.78,52.5,53.1,60,1.0
2024-06-09 07:00,52.59,52.5,52.9,60,1.0
2024-06-09 08:00,52.57,52.4,52.9,60,1.0
2024-06-09 09:00,52.44,52.4,52.7,59,0.983
2024-06-09 10:00,52.42,52.3,52.6,60,1.0
2024-06-09 11:00,52.42,52.3,52.8,57,0.95
2024-06-09 12:00,52.45,52.2,52.7,57,0.95
2024-06-09 13:00,52.5,52.3,52.7,60,1.0
2024-06-09 14:00,52.49,52.4,52.6,54,0.9
2024-06-09 15:00,52.39,52.2,52.6,51,0.85
2024-06-09 16:00,52.29,52.1,52.5,60,1.0
2024-06-09 17:00,52.14,52.1,52.3,60,1.0
2024-06-09 18:00,52.32,52.1,52.6,60,1.0
2024-06-09 19:00,52.35,52.1,52.6,60,1.0
2024-06-09 20:00,52.13,52.0,52.3,60,1.0
2024-06-09 21:00,52.1,52.0,52.3,60,1.0
2024-06-09 22:00,52.12,52.0,52.3,60,1.0
2024-06-09 23:00,52.21,52.0,52.5,60,1.0
2024-06-10 00:00,52.28,52.0,52.4,60,1.0
2024-06-10 01:00,52.33,52.1,52.7,60,1.0
2024-06-10 02:00,52.23,52.0,52.5,60,1.0
2024-06-10 03:00,52.14,52.0,52.3,60,1.0
2024-06-10 04:00,52.09,52.0,52.4,60,1.0
2024-06-10 05:00,52.1,52.0,52.4,59,0.983
2024-06-10 06:00,52.21,52.0,52.4,60,1.0
2024-06-10 07:00,52.09,52.0,52.4,60,1.0
2024-06-10 08:00,52.15,51.9,52.4,60,1.0
2024-06-10 09:00,52.16,51.9,52.4,60,1.0
2024-06-10 10:00,52.11,51.9,52.3,60,1.0
2024-06-10 11:00,52.0,51.9,52.3,60,1.0
2024-06-10 12:00,52.07,51.9,52.3,60,1.0
2024-06-10 13:00,52.05,51.8,52.3,60,1.0
2024-06-10 14:00,51.8,51.7,52.0,60,1.0
2024-06-10 15:00,51.96,51.7,52.2,60,1.0
2024-06-10 16:00,52.04,51.8,52.2,60,1.0
2024-06-10 17:00,51.92,51.7,52.2,60,1.0
2024-06-10 18:00,51.84,51.7,52.1,60,1.0
2024-06-10 19:00,51.76,51.7,52.0,60,1.0
2024-06-10 20:00,51.78,51.7,52.0,60,1.0
2024-06-10 21:00,51.8,51.7,52.0,59,0.983
2024-06-10 22:00,51.94,51.7,52.2,60,1.0
2024-06-10 23:00,52.0,51.7,52.1,60,1.0
2024-06-11 00:00,51.96,51.8,52.1,59,0.983
2024-06-11 01:00,51.86,51.7,52.1,60,1.0
2024-06-11 02:00,51.73,51.6,51.9,52,0.867
2024-06-11 03:00,51.72,51.6,51.9,59,0.983
2024-06-11 04:00,51.71,51.6,51.9,59,0.983
2024-06-11 05:00,51.73,51.6,51.9,60,1.0
2024-06-11 06:00,51.8,51.6,52.1,60,1.0
2024-06-11 07:00,51.85,51.6,52.2,59,0.983
2024-06-11 08:00,51.74,51.6,52.0,60,1.0
2024-06-11 09:00,51.76,51.5,52.2,60,1.0
2024-06-11 10:00,51.61,51.5,52.0,59,0.983
2024-06-11 11:00,51.62,51.5,51.9,60,1.0
2024-06-11 12:00,51.68,51.5,51.9,59,0.983
2024-06-11 13:00,51.7,51.6,51.9,60,1.0
2024-06-11 14:00,51.57,51.3,51.8,60,1.0
2024-06-11 15:00,51.43,51.3,51.7,60,1.0
2024-06-11 16:00,51.36,51.3,51.5,60,1.0
2024-06-11 17:00,51.31,51.2,51.5,60,1.0
2024-06-11 18:00,51.46,51.3,51.6,60,1.0
2024-06-11 19:00,51.55,51.3,51.7,60,1.0
2024-06-11 20:00,51.34,51.2,51.6,59,0.983
2024-06-11 21:00,51.33,51.2,51.6,59,0.983
2024-06-11 22:00,51.45,51.2,51.7,60,1.0
2024-06-11 23:00,51.56,51.3,51.8,60,1.0
2024-06-12 00:00,51.5,51.3,51.7,59,0.983
2024-06-12 01:00,51.41,51.2,51.6,60,1.0
2024-06-12 02:00,51.44,51.2,51.7,60,1.0
2024-06-12 03:00,51.4,51.2,51.6,60,1.0
2024-06-12 04:00,51.33,51.2,51.5,60,1.0
2024-06-12 05:00,51.36,51.2,51.6,60,1.0
2024-06-12 06:00,51.44,51.2,51.6,59,0.983
2024-06-12 07:00,51.34,51.2,51.6,60,1.0
2024-06-12 08:00,51.26,51.1,51.5,60,1.0
2024-06-12 09:00,51.15,51.0,51.4,49,0.817
2024-06-12 10:00,51.13,50.9,51.6,53,0.883
2024-06-12 11:00,51.01,50.8,51.2,53,0.883
2024-06-12 12:00,50.95,50.8,51.3,58,0.967
2024-06-12 13:00,50.92,50.7,51.2,60,1.0
2024-06-12 14:00,50.72,50.7,51.0,58,0.967
2024-06-12 15:00,50.84,50.7,51.1,60,1.0
2024-06-12 16:00,50.92,50.8,51.1,60,1.0
2024-06-12 17:00,50.72,50.6,51.0,60,1.0
2024-06-12 18:00,50.71,50.6,51.0,60,1.0
2024-06-12 19:00,50.88,50.8,51.0,60,1.0
2024-06-12 20:00,50.77,50.6,51.0,60,1.0
2024-06-12 21:00,50.71,50.6,51.1,60,1.0
2024-06-12 22:00,50.67,50.6,50.9,59,0.983
2024-06-12 23:00,50.79,50.6,51.1,60,1.0
2024-06-13 00:00,50.88,50.6,51.1,60,1.0
2024-06-13 01:00,50.81,50.5,51.1,60,1.0
2024-06-13 02:00,50.74,50.6,51.1,60,1.0
2024-06-13 03:00,50.68,50.5,50.9,60,1.0
2024-06-13 04:00,50.61,50.5,50.9,60,1.0
2024-06-13 05:00,50.6,50.5,51.0,60,1.0
2024-06-13 06:00,50.67,50.5,51.1,60,1.0
2024-06-13 07:00,50.65,50.4,51.0,59,0.983
2024-06-13 08:00,50.57,50.4,50.8,59,0.983
2024-06-13 09:00,50.44,50.4,50.6,60,1.0
2024-06-13 10:00,50.46,50.3,50.7,60,1.0
2024-06-13 11:00,50.41,50.2,50.7,60,1.0
2024-06-13 12:00,50.26,50.1,50.5,60,1.0
2024-06-13 13:00,50.24,50.0,50.5,60,1.0
2024-06-13 14:00,50.14,50.0,50.5,60,1.0
2024-06-13 15:00,50.25,50.1,50.4,60,1.0
2024-06-13 16:00,50.07,49.9,50.3,59,0.983
2024-06-13 17:00,50.0,49.9,50.2,60,1.0
2024-06-13 18:00,50.18,50.0,50.4,60,1.0
2024-06-13 19:00,50.22,50.0,50.4,60,1.0
2024-06-13 20:00,50.12,49.9,50.4,60,1.0
2024-06-13 21:00,49.94,49.8,50.1,60,1.0
2024-06-13 22:00,49.94,49.8,50.2,59,0.983
2024-06-13 23:00,49.99,49.8,50.3,59,0.983
2024-06-14 00:00,49.99,49.8,50.2,59,0.983
2024-06-14 01:00,50.12,49.8,50.3,34,0.567
2024-06-14 08:00,50.02,49.9,50.2,17,0.283
2024-06-14 09:00,49.82,49.7,50.1,60,1.0
2024-06-14 10:00,49.81,49.6,50.1,51,0.85
2024-06-14 11:00,49.68,49.5,49.9,46,0.767
2024-06-14 12:00,49.62,49.4,50.1,60,1.0
2024-06-14 13:00,49.5,49.3,49.7,60,1.0
2024-06-14 14:00,49.59,49.4,49.8,59,0.983
2024-06-14 15:00,49.34,49.3,49.6,59,0.983
2024-06-14 16:00,49.35,49.3,49.5,60,1.0
2024-06-14 17:00,49.54,49.4,49.8,59,0.983
2024-06-14 18:00,49.46,49.2,49.7,60,1.0
2024-06-14 19:00,49.31,49.2,49.5,60,1.0
2024-06-14 20:00,49.36,49.2,49.6,60,1.0
2024-06-14 21:00,49.52,49.2,49.7,60,1.0
2024-06-14 22:00,49.52,49.3,49.8,60,1.0
2024-06-14 23:00,49.46,49.3,49.8,59,0.983
2024-06-15 00:00,49.34,49.2,49.7,60,1.0
2024-06-15 01:00,49.32,49.2,49.6,59,0.983
2024-06-15 02:00,49.33,49.2,49.6,60,1.0
2024-06-15 03:00,49.28,49.2,49.6,59,0.983
2024-06-15 04:00,49.29,49.2,49.6,60,1.0
2024-06-15 05:00,49.27,49.2,49.6,59,0.983
2024-06-15 06:00,49.28,49.2,49.6,59,0.983
2024-06-15 07:00,49.3,49.1,49.6,60,1.0
2024-06-15 08:00,49.32,49.1,49.5,60,1.0
2024-06-15 09:00,49.1,49.0,49.3,60,1.0
2024-06-15 10:00,49.17,49.0,49.4,60,1.0
2024-06-15 11:00,49.08,48.9,49.4,60,1.0
2024-06-15 12:00,48.96,48.8,49.2,59,0.983
2024-06-15 13:00,48.84,48.7,49.1,60,1.0
2024-06-15 14:00,48.93,48.7,49.1,60,1.0
2024-06-15 15:00,48.77,48.7,48.9,60,1.0
2024-06-15 16:00,48.71,48.6,48.8,60,1.0
2024-06-15 17:00,48.76,48.7,49.0,60,1.0
2024-06-15 18:00,48.87,48.6,49.1,60,1.0
2024-06-15 19:00,48.84,48.7,49.0,60,1.0
2024-06-15 20:00,48.92,48.7,49.1,60,1.0
2024-06-15 21:00,48.69,48.6,48.9,60,1.0
2024-06-15 22:00,48.72,48.6,49.0,60,1.0
2024-06-15 23:00,48.89,48.6,49.1,59,0.983
2024-06-16 00:00,48.93,48.7,49.3,60,1.0
2024-06-16 01:00,48.9,48.7,49.0,60,1.0
2024-06-16 02:00,48.9,48.6,49.1,59,0.983
2024-06-16 03:00,48.85,48.6,49.0,60,1.0
2024-06-16 04:00,48.69,48.6,49.0,60,1.0
2024-06-16 05:00,48.71,48.5,49.0,60,1.0
2024-06-16 06:00,48.76,48.5,49.0,49,0.817
2024-06-16 07:00,48.68,48.5,48.9,55,0.917
2024-06-16 08:00,48.62,48.5,48.9,60,1.0
2024-06-16 09:00,48.54,48.4,48.9,59,0.983
2024-06-16 10:00,48.44,48.3,48.8,60,1.0
2024-06-16 11:00,48.41,48.3,48.6,59,0.983
2024-06-16 12:00,48.27,48.1,48.5,59,0.983
2024-06-16 13:00,48.25,48.1,48.5,60,1.0
2024-06-16 14:00,48.09,48.0,48.3,60,1.0
2024-06-16 15:00,48.18,48.0,48.4,60,1.0
2024-06-16 16:00,48.28,48.1,48.6,60,1.0
2024-06-16 17:00,48.26,48.2,48.4,60,1.0
2024-06-16 18:00,48.16,48.0,48.3,59,0.983
2024-06-16 19:00,48.02,47.9,48.2,60,1.0
2024-06-16 20:00,48.02,47.9,48.2,60,1.0
2024-06-16 21:00,48.18,48.0,48.5,60,1.0
2024-06-16 22:00,48.28,48.2,48.5,60,1.0
2024-06-16 23:00,48.2,48.0,48.4,60,1.0
2024-06-17 00:00,48.2,48.0,48.4,60,1.0
2024-06-17 01:00,48.11,47.9,48.4,60,1.0
2024-06-17 02:00,48.05,47.9,48.3,60,1.0
2024-06-17 03:00,48.02,47.9,48.2,60,1.0
2024-06-17 04:00,48.04,47.9,48.3,60,1.0
2024-06-17 05:00,48.0,47.9,48.1,60,1.0
2024-06-17 06:00,48.06,47.9,48.4,60,1.0
2024-06-17 07:00,48.08,47.9,48.3,59,0.983
2024-06-17 08:00,48.0,47.9,48.2,60,1.0
2024-06-17 09:00,48.03,47.8,48.3,60,1.0
2024-06-17 10:00,47.93,47.8,48.2,60,1.0
2024-06-17 11:00,47.88,47.6,48.1,60,1.0
2024-06-17 12:00,47.76,47.6,48.0,60,1.0
2024-06-17 13:00,47.65,47.5,47.9,59,0.983
2024-06-17 14:00,47.73,47.5,48.0,59,0.983
2024-06-17 15:00,47.51,47.4,47.6,60,1.0
2024-06-17 16:00,47.64,47.5,47.8,59,0.983
2024-06-17 17:00,47.73,47.6,47.8,60,1.0
2024-06-17 18:00,47.59,47.4,47.8,60,1.0
2024-06-17 19:00,47.49,47.4,47.6,60,1.0
2024-06-17 20:00,47.63,47.5,47.8,60,1.0
2024-06-17 21:00,47.75,47.6,47.9,60,1.0
2024-06-17 22:00,47.7,47.5,47.8,60,1.0
2024-06-17 23:00,47.6,47.5,47.8,60,1.0
2024-06-18 00:00,47.51,47.4,47.8,60,1.0
2024-06-18 01:00,47.5,47.4,47.7,58,0.967
2024-06-18 02:00,47.49,47.4,47.6,60,1.0
2024-06-18 03:00,47.5,47.4,47.8,59,0.983
2024-06-18 04:00,47.5,47.4,47.7,59,0.983
2024-06-18 05:00,47.51,47.4,47.7,51,0.85
2024-06-18 06:00,47.54,47.4,47.9,50,0.833
2024-06-18 07:00,47.54,47.4,48.0,48,0.8
2024-06-18 08:00,47.51,47.3,47.7,58,0.967
2024-06-18 09:00,47.4,47.2,47.7,60,1.0
2024-06-18 10:00,47.4,47.2,47.7,60,1.0
2024-06-18 11:00,47.26,47.0,47.5,60,1.0
2024-06-18 12:00,47.11,46.9,47.3,60,1.0
2024-06-18 13:00,47.01,46.9,47.2,60,1.0
2024-06-18 14:00,47.1,46.9,47.3,59,0.983
2024-06-18 15:00,46.89,46.8,47.1,60,1.0
2024-06-18 16:00,46.91,46.8,47.2,60,1.0
2024-06-18 17:00,47.03,46.8,47.2,60,1.0
2024-06-18 18:00,47.06,46.9,47.2,60,1.0
2024-06-18 19:00,46.98,46.8,47.2,60,1.0
2024-06-18 20:00,46.86,46.8,47.2,59,0.983
2024-06-18 21:00,46.99,46.8,47.2,60,1.0
2024-06-18 22:00,47.09,47.0,47.2,58,0.967
2024-06-18 23:00,47.06,46.9,47.2,60,1.0
2024-06-19 00:00,46.97,46.8,47.1,60,1.0
2024-06-19 01:00,46.88,46.8,47.1,60,1.0
2024-06-19 02:00,46.92,46.8,47.2,59,0.983
2024-06-19 03:00,46.84,46.8,47.0,60,1.0
2024-06-19 04:00,46.82,46.7,47.1,60,1.0
2024-06-19 05:00,46.88,46.7,47.2,60,1.0
2024-06-19 06:00,46.92,46.7,47.2,60,1.0
2024-06-19 07:00,46.83,46.7,47.1,60,1.0
2024-06-19 08:00,46.85,46.6,47.0,60,1.0
2024-06-19 09:00,46.74,46.6,47.0,60,1.0
2024-06-19 10:00,46.57,46.5,46.8,60,1.0
2024-06-19 11:00,46.57,46.4,46.8,60,1.0
2024-06-19 12:00,46.44,46.3,46.7,60,1.0
2024-06-19 13:00,46.4,46.3,46.7,60,1.0
2024-06-19 14:00,46.4,46.2,46.6,59,0.983
2024-06-19 15:00,46.45,46.3,46.7,60,1.0
2024-06-19 16:00,46.44,46.3,46.6,60,1.0
2024-06-19 17:00,46.39,46.2,46.5,60,1.0
2024-06-19 18:00,46.17,46.1,46.3,60,1.0
2024-06-19 19:00,46.28,46.1,46.5,60,1.0
2024-06-19 20:00,46.33,46.1,46.6,58,0.967
2024-06-19 21:00,46.14,46.1,46.3,57,0.95
2024-06-19 22:00,46.12,46.1,46.3,60,1.0
2024-06-19 23:00,46.22,46.1,46.5,60,1.0
2024-06-20 00:00,46.34,46.2,46.5,60,1.0
2024-06-20 01:00,46.37,46.3,46.6,51,0.85
2024-06-20 02:00,46.35,46.2,46.4,53,0.883
2024-06-20 03:00,46.32,46.1,46.5,59,0.983
2024-06-20 04:00,46.27,46.0,46.5,60,1.0
2024-06-20 05:00,46.23,46.0,46.6,60,1.0
2024-06-20 06:00,46.16,46.0,46.5,60,1.0
2024-06-20 07:00,46.12,46.0,46.4,60,1.0
2024-06-20 08:00,46.13,46.0,46.4,60,1.0
2024-06-20 09:00,46.06,45.9,46.2,60,1.0
2024-06-20 10:00,45.92,45.8,46.3,60,1.0
2024-06-20 11:00,45.92,45.8,46.1,60,1.0
2024-06-20 12:00,45.78,45.6,46.1,60,1.0
2024-06-20 13:00,45.73,45.6,46.0,60,1.0
2024-06-20 14:00,45.7,45.5,45.9,60,1.0
2024-06-20 15:00,45.51,45.4,45.8,60,1.0
2024-06-20 16:00,45.51,45.4,45.8,60,1.0
2024-06-20 17:00,45.68,45.5,45.8,60,1.0
2024-06-20 18:00,45.58,45.4,45.8,60,1.0
2024-06-20 19:00,45.48,45.4,45.7,60,1.0
2024-06-20 20:00,45.65,45.4,45.9,60,1.0
2024-06-20 21:00,45.65,45.5,45.8,60,1.0
2024-06-20 22:00,45.48,45.4,45.6,60,1.0
2024-06-20 23:00,45.46,45.4,45.6,60,1.0
2024-06-21 00:00,45.49,45.4,45.7,60,1.0
2024-06-21 01:00,45.55,45.4,45.8,60,1.0
2024-06-21 02:00,45.65,45.4,45.9,60,1.0
2024-06-21 03:00,45.69,45.6,45.9,60,1.0
2024-06-21 04:00,45.66,45.6,45.8,60,1.0
2024-06-21 05:00,45.65,45.4,45.9,60,1.0
2024-06-21 06:00,45.51,45.4,45.8,60,1.0
2024-06-21 07:00,45.49,45.3,45.8,60,1.0
2024-06-21 08:00,45.44,45.3,45.7,60,1.0
2024-06-21 09:00,45.44,45.2,45.6,59,0.983
2024-06-21 10:00,45.36,45.2,45.5,60,1.0
2024-06-21 11:00,45.16,45.1,45.4,60,1.0
2024-06-21 12:00,45.13,44.9,45.3,60,1.0
2024-06-21 13:00,45.06,44.9,45.3,60,1.0
2024-06-21 14:00,45.0,44.8,45.3,60,1.0
2024-06-21 15:00,44.86,44.8,45.0,60,1.0
2024-06-21 16:00,44.98,44.8,45.3,60,1.0
2024-06-21 17:00,45.05,44.9,45.2,60,1.0
2024-06-21 18:00,45.0,44.8,45.2,34,0.567
2024-06-21 19:00,44.87,44.8,45.0,60,1.0
2024-06-21 20:00,44.94,44.8,45.1,60,1.0
2024-06-21 21:00,45.09,45.0,45.2,60,1.0
2024-06-21 22:00,45.02,44.8,45.2,60,1.0
2024-06-21 23:00,44.87,44.8,45.2,60,1.0
2024-06-22 00:00,44.87,44.8,45.0,60,1.0
2024-06-22 01:00,44.89,44.8,45.0,60,1.0
2024-06-22 02:00,44.98,44.8,45.3,55,0.917
2024-06-22 03:00,45.05,44.9,45.3,40,0.667
2024-06-22 04:00,45.01,44.8,45.2,54,0.9
2024-06-22 05:00,44.87,44.8,45.0,60,1.0
2024-06-22 06:00,44.97,44.8,45.2,55,0.917
2024-06-22 07:00,44.94,44.8,45.2,46,0.767
2024-06-22 08:00,44.82,44.7,45.0,60,1.0
2024-06-22 09:00,44.76,44.7,44.9,60,1.0
2024-06-22 10:00,44.75,44.6,45.0,60,1.0
2024-06-22 11:00,44.66,44.5,45.1,60,1.0
2024-06-22 12:00,44.64,44.5,44.8,59,0.983
2024-06-22 13:00,44.63,44.4,44.9,59,0.983
2024-06-22 14:00,44.45,44.4,44.6,60,1.0
2024-06-22 15:00,44.57,44.3,44.7,51,0.85
2024-06-22 16:00,44.38,44.3,44.6,60,1.0
2024-06-22 17:00,44.34,44.3,44.6,60,1.0
2024-06-22 18:00,44.55,44.3,44.8,59,0.983
2024-06-22 19:00,44.51,44.3,44.7,60,1.0
2024-06-22 20:00,44.38,44.3,44.6,60,1.0
2024-06-22 21:00,44.47,44.3,44.7,60,1.0
2024-06-22 22:00,44.58,44.4,44.8,52,0.867
2024-06-22 23:00,44.61,44.5,44.7,54,0.9
2024-06-23 00:00,44.56,44.3,44.7,60,1.0
2024-06-23 01:00,44.53,44.4,44.6,34,0.567
2024-06-23 18:00,43.86,43.7,44.0,32,0.533
2024-06-23 19:00,43.91,43.7,44.1,59,0.983
2024-06-23 20:00,43.7,43.6,43.9,58,0.967
2024-06-23 21:00,43.67,43.6,43.8,59,0.983
2024-06-23 22:00,43.68,43.6,43.8,60,1.0
2024-06-23 23:00,43.74,43.6,44.0,60,1.0
2024-06-24 00:00,43.88,43.7,44.1,60,1.0
2024-06-24 01:00,43.88,43.8,44.1,60,1.0
2024-06-24 02:00,43.86,43.8,44.0,60,1.0
2024-06-24 03:00,43.85,43.7,44.0,60,1.0
2024-06-24 04:00,43.79,43.7,43.9,59,0.983
2024-06-24 05:00,43.84,43.7,44.0,60,1.0
2024-06-24 06:00,43.71,43.6,44.0,60,1.0
2024-06-24 07:00,43.73,43.5,44.0,60,1.0
2024-06-24 08:00,43.67,43.5,43.9,60,1.0
2024-06-24 09:00,43.55,43.4,43.7,60,1.0
2024-06-24 10:00,43.46,43.3,43.8,59,0.983
2024-06-24 11:00,43.42,43.2,43.6,60,1.0
2024-06-24 12:00,43.31,43.2,43.5,60,1.0
2024-06-24 13:00,43.27,43.1,43.5,60,1.0
2024-06-24 14:00,43.1,43.0,43.3,60,1.0
2024-06-24 15:00,43.21,43.1,43.4,58,0.967
2024-06-24 16:00,43.07,43.0,43.3,60,1.0
2024-06-24 17:00,43.1,43.0,43.3,60,1.0
2024-06-24 18:00,43.28,43.0,43.4,60,1.0
2024-06-24 19:00,43.29,43.2,43.4,60,1.0
2024-06-24 20:00,43.2,43.0,43.4,60,1.0
2024-06-24 21:00,43.11,43.0,43.3,60,1.0
2024-06-24 22:00,43.09,43.0,43.2,58,0.967
2024-06-24 23:00,43.11,43.0,43.4,60,1.0
2024-06-25 00:00,43.1,43.0,43.2,60,1.0
2024-06-25 01:00,43.11,43.0,43.2,58,0.967
2024-06-25 02:00,43.18,43.0,43.4,60,1.0
2024-06-25 03:00,43.27,43.1,43.4,59,0.983
2024-06-25 04:00,43.29,43.2,43.4,60,1.0
2024-06-25 05:00,43.27,43.2,43.5,60,1.0
2024-06-25 06:00,43.11,43.0,43.4,59,0.983
2024-06-25 07:00,43.22,43.0,43.4,59,0.983
2024-06-25 08:00,43.02,42.9,43.2,60,1.0
2024-06-25 09:00,43.08,42.9,43.3,59,0.983
2024-06-25 10:00,43.03,42.8,43.3,60,1.0
2024-06-25 11:00,43.41,43.1,43.6,60,1.0
2024-06-25 12:00,43.39,43.3,43.5,60,1.0
2024-06-25 13:00,43.41,43.3,43.6,60,1.0
2024-06-25 14:00,43.46,43.3,43.7,58,0.967
2024-06-25 15:00,43.48,43.3,43.7,44,0.733
2024-06-25 16:00,43.49,43.4,43.8,45,0.75
2024-06-25 17:00,43.61,43.5,43.8,56,0.933
2024-06-25 18:00,43.6,43.4,43.7,60,1.0
2024-06-25 19:00,43.6,43.5,43.7,60,1.0
2024-06-25 20:00,43.6,43.4,43.8,60,1.0
2024-06-25 21:00,43.59,43.5,43.7,60,1.0
2024-06-25 22:00,43.59,43.4,43.7,60,1.0
2024-06-25 23:00,43.58,43.3,43.8,59,0.983
2024-06-26 00:00,43.57,43.4,43.7,60,1.0
2024-06-26 01:00,43.56,43.3,43.8,60,1.0
2024-06-26 02:00,43.55,43.4,43.7,60,1.0
2024-06-26 03:00,43.53,43.3,43.6,60,1.0
2024-06-26 04:00,43.52,43.3,43.8,59,0.983
2024-06-26 05:00,43.55,43.5,43.9,60,1.0
2024-06-26 06:00,43.42,43.2,43.7,60,1.0
2024-06-26 07:00,43.46,43.3,43.6,60,1.0
2024-06-26 08:00,43.41,43.2,43.6,60,1.0
2024-06-26 09:00,43.31,43.2,43.5,60,1.0
2024-06-26 10:00,43.2,43.1,43.4,60,1.0
2024-06-26 11:00,42.98,42.8,43.2,59,0.983
2024-06-26 12:00,42.87,42.7,43.1,60,1.0
2024-06-26 13:00,42.88,42.7,43.1,60,1.0
2024-06-26 14:00,42.75,42.7,43.1,60,1.0
2024-06-26 15:00,42.93,42.8,43.1,60,1.0
2024-06-26 16:00,42.8,42.7,43.0,60,1.0
2024-06-26 17:00,42.74,42.7,42.9,60,1.0
2024-06-26 18:00,42.8,42.7,43.0,60,1.0
2024-06-26 19:00,42.99,42.8,43.2,57,0.95
2024-06-26 20:00,42.93,42.8,43.1,60,1.0
2024-06-26 21:00,42.8,42.7,42.9,60,1.0
2024-06-26 22:00,42.81,42.7,42.9,60,1.0
2024-06-26 23:00,42.84,42.7,43.0,60,1.0
2024-06-27 00:00,42.92,42.8,43.2,60,1.0
2024-06-27 01:00,43.05,42.9,43.3,60,1.0
2024-06-27 02:00,43.03,42.8,43.3,60,1.0
2024-06-27 03:00,42.99,42.8,43.1,60,1.0
2024-06-27 04:00,42.98,42.8,43.2,60,1.0
2024-06-27 05:00,43.0,42.8,43.2,60,1.0
2024-06-27 06:00,42.94,42.8,43.2,60,1.0
2024-06-27 07:00,42.85,42.7,43.1,60,1.0
2024-06-27 08:00,42.86,42.6,43.1,60,1.0
2024-06-27 09:00,42.68,42.6,42.9,60,1.0
2024-06-27 10:00,42.72,42.6,42.9,60,1.0
2024-06-27 11:00,42.6,42.5,42.8,60,1.0
2024-06-27 12:00,42.54,42.4,42.8,60,1.0
2024-06-27 13:00,42.53,42.3,42.7,60,1.0
2024-06-27 14:00,42.41,42.3,42.6,60,1.0
2024-06-27 15:00,42.48,42.3,42.7,60,1.0
2024-06-27 16:00,42.58,42.4,42.8,60,1.0
2024-06-27 17:00,42.46,42.4,42.7,60,1.0
2024-06-27 18:00,42.46,42.4,42.6,60,1.0
2024-06-27 19:00,42.55,42.4,42.8,60,1.0
2024-06-27 20:00,42.69,42.5,42.9,46,0.767
2024-06-27 21:00,42.65,42.5,42.8,54,0.9
2024-06-27 22:00,42.52,42.4,42.8,60,1.0
2024-06-27 23:00,42.51,42.5,42.6,60,1.0
2024-06-28 00:00,42.53,42.5,42.7,60,1.0
2024-06-28 01:00,42.57,42.5,42.8,60,1.0
2024-06-28 02:00,42.62,42.5,42.9,60,1.0
2024-06-28 03:00,42.7,42.5,43.0,60,1.0
2024-06-28 04:00,42.72,42.6,43.0,60,1.0
2024-06-28 05:00,42.69,42.6,42.8,60,1.0
2024-06-28 06:00,42.55,42.4,42.8,60,1.0
2024-06-28 07:00,42.55,42.4,42.8,60,1.0
2024-06-28 08:00,42.5,42.3,42.7,60,1.0
2024-06-28 09:00,42.44,42.3,42.8,60,1.0
2024-06-28 10:00,42.4,42.2,42.6,60,1.0
2024-06-28 11:00,42.38,42.2,42.5,60,1.0
2024-06-28 12:00,42.24,42.1,42.5,60,1.0
2024-06-28 13:00,42.22,42.0,42.4,59,0.983
2024-06-28 14:00,42.14,42.0,42.3,60,1.0
2024-06-28 15:00,42.11,42.0,42.2,60,1.0
2024-06-28 16:00,42.26,42.1,42.8,60,1.0
2024-06-28 17:00,42.33,42.2,42.4,60,1.0
2024-06-28 18:00,42.3,42.1,42.4,60,1.0
2024-06-28 19:00,42.18,42.1,42.3,59,0.983
2024-06-28 20:00,42.2,42.1,42.4,60,1.0
2024-06-28 21:00,42.32,42.2,42.5,60,1.0
2024-06-28 22:00,42.42,42.3,42.8,60,1.0
2024-06-28 23:00,42.4,42.3,42.5,60,1.0
2024-06-29 00:00,42.3,42.2,42.5,60,1.0
2024-06-29 01:00,42.21,42.1,42.5,60,1.0
2024-06-29 02:00,42.21,42.1,42.3,60,1.0
2024-06-29 03:00,42.21,42.2,42.4,60,1.0
2024-06-29 04:00,42.23,42.2,42.4,59,0.983
2024-06-29 05:00,42.23,42.1,42.4,60,1.0
2024-06-29 06:00,42.25,42.2,42.5,60,1.0
2024-06-29 07:00,42.29,42.1,42.6,60,1.0
2024-06-29 08:00,42.19,42.0,42.6,60,1.0
2024-06-29 09:00,42.19,42.0,42.4,60,1.0
2024-06-29 10:00,42.08,41.9,42.3,60,1.0
2024-06-29 11:00,41.98,41.9,42.2,60,1.0
2024-06-29 12:00,41.96,41.8,42.2,60,1.0
2024-06-29 13:00,41.83,41.7,42.1,60,1.0
2024-06-29 14:00,41.9,41.7,42.2,60,1.0
2024-06-29 15:00,41.97,41.9,42.2,59,0.983
2024-06-29 16:00,41.94,41.8,42.2,60,1.0
2024-06-29 17:00,41.84,41.7,42.0,60,1.0
2024-06-29 18:00,41.74,41.7,41.9,56,0.933
2024-06-29 19:00,41.85,41.7,42.0,44,0.733
2024-06-29 20:00,41.97,41.8,42.2,53,0.883
2024-06-29 21:00,41.82,41.7,42.1,60,1.0
2024-06-29 22:00,41.8,41.7,41.9,60,1.0
2024-06-29 23:00,41.83,41.7,42.0,60,1.0
2024-06-30 00:00,41.94,41.8,42.2,60,1.0
2024-06-30 01:00,42.03,41.9,42.2,60,1.0
2024-06-30 02:00,42.06,42.0,42.3,60,1.0
2024-06-30 03:00,42.04,41.9,42.2,60,1.0
2024-06-30 04:00,42.03,41.9,42.3,60,1.0
2024-06-30 05:00,42.0,41.8,42.2,60,1.0
2024-06-30 06:00,41.98,41.8,42.1,60,1.0
2024-06-30 07:00,41.91,41.7,42.2,60,1.0
2024-06-30 08:00,41.83,41.7,42.1,59,0.983
2024-06-30 09:00,41.84,41.7,42.0,60,1.0
2024-06-30 10:00,41.76,41.6,41.9,60,1.0
2024-06-30 11:00,41.72,41.5,42.0,60,1.0
2024-06-30 12:00,41.56,41.4,41.7,60,1.0
2024-06-30 13:00,41.5,41.4,41.8,60,1.0
2024-06-30 14:00,41.56,41.4,41.7,60,1.0
2024-06-30 15:00,41.56,41.4,41.7,60,1.0
2024-06-30 16:00,41.42,41.4,41.6,60,1.0
2024-06-30 17:00,41.43,41.4,41.6,60,1.0
2024-06-30 18:00,41.51,41.4,41.8,59,0.983
2024-06-30 19:00,41.67,41.6,41.8,60,1.0
2024-06-30 20:00,41.54,41.4,41.8,60,1.0
2024-06-30 21:00,41.49,41.4,41.6,60,1.0
2024-06-30 22:00,41.62,41.5,41.8,60,1.0
2024-06-30 23:00,41.72,41.6,42.0,60,1.0
2024-07-01 00:00,41.74,41.6,41.9,60,1.0
2024-07-01 01:00,41.71,41.6,41.9,60,1.0
2024-07-01 02:00,41.7,41.6,41.9,60,1.0
2024-07-01 03:00,41.71,41.6,41.9,60,1.0
2024-07-01 04:00,41.67,41.6,41.8,60,1.0
2024-07-01 05:00,41.64,41.5,41.8,60,1.0
2024-07-01 06:00,41.6,41.4,41.8,60,1.0
2024-07-01 07:00,41.51,41.4,41.7,59,0.983
2024-07-01 08:00,41.42,41.3,41.6,58,0.967
2024-07-01 09:00,41.44,41.3,41.6,43,0.717
2024-07-01 10:00,41.43,41.2,41.6,58,0.967
2024-07-01 11:00,41.31,41.1,41.6,43,0.717
2024-07-01 12:00,41.22,41.1,41.5,46,0.767
2024-07-01 13:00,41.09,41.0,41.2,53,0.883
2024-07-01 14:00,41.15,41.0,41.4,55,0.917
2024-07-01 15:00,41.27,41.2,41.4,55,0.917
2024-07-01 16:00,41.11,41.0,41.3,60,1.0
2024-07-01 17:00,41.02,41.0,41.1,60,1.0
2024-07-01 18:00,41.02,41.0,41.2,60,1.0
2024-07-01 19:00,41.19,41.0,41.3,60,1.0
2024-07-01 20:00,41.21,41.0,41.3,59,0.983
2024-07-01 21:00,41.05,41.0,41.2,59,0.983
2024-07-01 22:00,41.08,41.0,41.2,59,0.983
2024-07-01 23:00,41.09,41.0,41.3,60,1.0
2024-07-02 00:00,41.15,41.0,41.4,60,1.0
2024-07-02 01:00,41.13,41.0,41.3,59,0.983
2024-07-02 02:00,41.06,41.0,41.4,60,1.0
2024-07-02 03:00,41.1,41.0,41.2,60,1.0
2024-07-02 04:00,41.19,41.0,41.4,52,0.867
2024-07-02 08:00,41.17,41.1,41.2,20,0.333
2024-07-02 09:00,41.21,41.1,41.5,59,0.983
2024-07-02 10:00,40.97,40.9,41.2,59,0.983
2024-07-02 11:00,40.98,40.8,41.2,60,1.0
2024-07-02 12:00,40.89,40.7,41.1,60,1.0
2024-07-02 13:00,40.74,40.6,41.0,60,1.0
2024-07-02 14:00,40.79,40.6,41.0,60,1.0
2024-07-02 15:00,40.84,40.7,41.0,60,1.0
2024-07-02 16:00,40.75,40.6,40.9,60,1.0
2024-07-02 17:00,40.65,40.5,41.0,60,1.0
2024-07-02 18:00,40.61,40.5,40.7,60,1.0
2024-07-02 19:00,40.67,40.6,40.9,60,1.0
2024-07-02 20:00,40.82,40.7,41.0,60,1.0
2024-07-02 21:00,40.77,40.6,40.9,59,0.983
2024-07-02 22:00,40.64,40.5,40.9,60,1.0
2024-07-02 23:00,40.61,40.5,40.7,60,1.0
2024-07-03 00:00,40.61,40.6,40.7,59,0.983
2024-07-03 01:00,40.61,40.6,40.7,60,1.0
2024-07-03 02:00,40.74,40.6,40.9,58,0.967
2024-07-03 03:00,40.83,40.8,41.0,60,1.0
2024-07-03 04:00,40.82,40.7,41.0,60,1.0
2024-07-03 05:00,40.82,40.7,41.0,60,1.0
2024-07-03 06:00,40.8,40.6,41.0,59,0.983
2024-07-03 07:00,40.68,40.5,40.9,60,1.0
2024-07-03 08:00,40.55,40.5,40.8,52,0.867
2024-07-03 09:00,40.57,40.4,40.9,41,0.683
2024-07-03 10:00,40.47,40.3,40.7,46,0.767
2024-07-03 11:00,40.41,40.2,40.7,41,0.683
2024-07-03 12:00,40.27,40.2,40.5,45,0.75
2024-07-03 13:00,40.34,40.2,40.6,58,0.967
2024-07-03 14:00,40.43,40.3,40.7,60,1.0
2024-07-03 15:00,40.34,40.2,40.7,60,1.0
2024-07-03 16:00,40.84,40.7,41.0,60,1.0
2024-07-03 17:00,40.96,40.8,41.1,60,1.0
2024-07-03 18:00,40.83,40.7,41.0,60,1.0
2024-07-03 19:00,40.78,40.7,40.9,58,0.967
2024-07-03 20:00,40.81,40.7,41.0,59,0.983
2024-07-03 21:00,40.89,40.7,41.1,59,0.983
2024-07-03 22:00,40.97,40.8,41.2,59,0.983
2024-07-03 23:00,40.96,40.9,41.1,60,1.0
2024-07-04 00:00,40.97,40.9,41.1,59,0.983
2024-07-04 01:00,40.96,40.7,41.1,60,1.0
2024-07-04 02:00,40.94,40.8,41.0,60,1.0
2024-07-04 03:00,40.94,40.8,41.1,60,1.0
2024-07-04 04:00,40.89,40.7,41.0,59,0.983
2024-07-04 05:00,40.85,40.7,41.0,60,1.0
2024-07-04 06:00,40.91,40.6,41.0,58,0.967
2024-07-04 07:00,40.79,40.6,41.1,60,1.0
2024-07-04 08:00,40.76,40.6,41.0,60,1.0
2024-07-04 09:00,40.63,40.5,40.8,60,1.0
2024-07-04 10:00,40.51,40.3,40.8,59,0.983
2024-07-04 11:00,40.39,40.3,40.6,60,1.0
2024-07-04 12:00,40.37,40.2,40.6,60,1.0
2024-07-04 13:00,40.39,40.2,40.5,59,0.983
2024-07-04 14:00,40.46,40.3,40.8,60,1.0
2024-07-04 15:00,40.42,40.2,40.7,59,0.983
2024-07-04 16:00,40.29,40.2,40.5,59,0.983
2024-07-04 17:00,40.29,40.2,40.5,59,0.983
2024-07-04 18:00,40.34,40.3,40.5,60,1.0
2024-07-04 19:00,40.51,40.3,40.7,60,1.0
2024-07-04 20:00,40.43,40.3,40.6,60,1.0
2024-07-04 21:00,40.33,40.3,40.5,60,1.0
2024-07-04 22:00,40.34,40.3,40.5,59,0.983
2024-07-04 23:00,40.4,40.3,40.6,60,1.0
2024-07-05 00:00,40.51,40.3,40.7,60,1.0
2024-07-05 01:00,40.57,40.5,40.7,60,1.0
2024-07-05 02:00,40.57,40.5,40.7,60,1.0
2024-07-05 03:00,40.57,40.4,40.7,60,1.0
2024-07-05 04:00,40.57,40.5,40.7,60,1.0
2024-07-05 05:00,40.54,40.4,40.7,60,1.0
2024-07-05 06:00,40.53,40.4,40.7,60,1.0
2024-07-05 07:00,40.46,40.3,40.7,59,0.983
2024-07-05 08:00,40.4,40.2,40.7,60,1.0
2024-07-05 09:00,40.33,40.2,40.6,60,1.0
2024-07-05 10:00,40.26,40.2,40.5,60,1.0
2024-07-05 11:00,40.32,40.2,40.5,60,1.0
2024-07-05 12:00,40.24,40.1,40.5,59,0.983
2024-07-05 13:00,40.15,40.0,40.4,59,0.983
2024-07-05 14:00,40.26,40.0,40.5,60,1.0
2024-07-05 15:00,40.29,40.1,40.5,60,1.0
2024-07-05 16:00,40.14,40.1,40.3,60,1.0
2024-07-05 17:00,40.15,40.1,40.3,60,1.0
2024-07-05 18:00,40.23,40.1,40.5,60,1.0
2024-07-05 19:00,40.35,40.2,40.5,60,1.0
2024-07-05 20:00,40.35,40.2,40.6,60,1.0
2024-07-05 21:00,40.25,40.2,40.5,60,1.0
2024-07-05 22:00,40.21,40.2,40.3,60,1.0
2024-07-05 23:00,40.22,40.2,40.3,60,1.0
2024-07-06 00:00,40.26,40.2,40.5,59,0.983
2024-07-06 01:00,40.33,40.2,40.5,60,1.0
2024-07-06 02:00,40.39,40.2,40.6,60,1.0
2024-07-06 03:00,40.44,40.3,40.6,60,1.0
2024-07-06 04:00,40.45,40.3,40.6,60,1.0
2024-07-06 05:00,40.44,40.3,40.6,59,0.983
2024-07-06 06:00,40.42,40.2,40.6,60,1.0
2024-07-06 07:00,40.32,40.2,40.8,59,0.983
2024-07-06 08:00,40.29,40.1,40.5,60,1.0
2024-07-06 09:00,40.13,40.1,40.3,60,1.0
2024-07-06 10:00,40.17,40.0,40.4,59,0.983
2024-07-06 11:00,40.06,40.0,40.3,44,0.733
2024-07-06 12:00,40.07,39.9,40.3,54,0.9
2024-07-06 13:00,40.05,39.9,40.3,59,0.983
2024-07-06 14:00,40.05,39.9,40.3,48,0.8
2024-07-06 15:00,40.17,40.0,40.3,54,0.9
2024-07-06 16:00,40.03,39.9,40.2,59,0.983
2024-07-06 17:00,40.0,39.9,40.2,60,1.0
2024-07-06 18:00,40.03,40.0,40.4,59,0.983
2024-07-06 19:00,40.21,40.0,40.4,60,1.0
2024-07-06 20:00,40.23,40.0,40.5,59,0.983
2024-07-06 21:00,40.06,40.0,40.2,60,1.0
2024-07-06 22:00,40.06,40.0,40.2,60,1.0
2024-07-06 23:00,40.06,40.0,40.2,58,0.967
2024-07-07 00:00,40.11,40.0,40.4,58,0.967
2024-07-07 01:00,40.19,40.0,40.3,59,0.983
2024-07-07 02:00,40.25,40.1,40.4,60,1.0
2024-07-07 03:00,40.23,40.1,40.4,60,1.0
2024-07-07 04:00,40.24,40.1,40.4,60,1.0
2024-07-07 05:00,40.12,40.0,40.3,60,1.0
2024-07-07 06:00,40.15,40.0,40.4,60,1.0
2024-07-07 07:00,40.14,40.0,40.3,58,0.967
2024-07-07 08:00,40.12,39.9,40.5,60,1.0
2024-07-07 09:00,40.01,39.9,40.3,60,1.0
2024-07-07 10:00,40.03,39.9,40.2,60,1.0
2024-07-07 11:00,39.98,39.8,40.2,60,1.0
2024-07-07 12:00,39.86,39.7,40.1,60,1.0
2024-07-07 13:00,39.97,39.9,40.1,58,0.967
2024-07-07 14:00,39.78,39.7,40.0,59,0.983
2024-07-07 15:00,39.8,39.7,40.0,60,1.0
2024-07-07 16:00,39.94,39.9,40.1,60,1.0
2024-07-07 17:00,39.91,39.7,40.1,60,1.0
2024-07-07 18:00,39.78,39.7,40.0,60,1.0
2024-07-07 19:00,39.79,39.7,39.9,60,1.0
2024-07-07 20:00,39.91,39.8,40.1,60,1.0
2024-07-07 21:00,40.01,39.9,40.1,58,0.967
2024-07-07 22:00,39.96,39.8,40.2,60,1.0
2024-07-07 23:00,39.87,39.8,40.0,60,1.0
2024-07-08 00:00,39.82,39.8,40.0,60,1.0
2024-07-08 01:00,39.82,39.8,40.0,60,1.0
2024-07-08 02:00,39.84,39.8,40.1,60,1.0
2024-07-08 03:00,39.85,39.8,40.0,59,0.983
2024-07-08 04:00,39.89,39.8,40.1,60,1.0
2024-07-08 05:00,39.88,39.8,40.1,60,1.0
2024-07-08 06:00,39.85,39.8,40.1,60,1.0
2024-07-08 07:00,39.9,39.7,40.2,60,1.0
2024-07-08 08:00,39.86,39.7,40.0,60,1.0
2024-07-08 09:00,39.79,39.7,40.0,60,1.0
2024-07-08 10:00,39.85,39.7,40.0,59,0.983
2024-07-08 11:00,39.72,39.6,39.9,60,1.0
2024-07-08 12:00,39.65,39.5,39.9,60,1.0
2024-07-08 13:00,39.63,39.5,39.8,60,1.0
2024-07-08 14:00,39.59,39.4,39.7,60,1.0
2024-07-08 15:00,39.53,39.5,39.7,59,0.983
2024-07-08 16:00,39.68,39.5,39.8,59,0.983
2024-07-08 17:00,39.73,39.7,39.9,59,0.983
2024-07-08 18:00,39.7,39.6,40.0,59,0.983
2024-07-08 19:00,39.58,39.5,39.7,60,1.0
2024-07-08 20:00,39.64,39.5,39.8,60,1.0
2024-07-08 21:00,39.77,39.6,40.0,60,1.0
2024-07-08 22:00,39.79,39.7,40.0,57,0.95
2024-07-08 23:00,39.7,39.6,39.9,45,0.75
2024-07-09 00:00,39.63,39.6,39.8,54,0.9
2024-07-09 01:00,39.62,39.6,39.7,60,1.0
2024-07-09 02:00,39.63,39.6,39.9,59,0.983
2024-07-09 03:00,39.61,39.6,39.8,58,0.967
2024-07-09 04:00,39.61,39.6,39.7,60,1.0
2024-07-09 05:00,39.66,39.6,40.1,60,1.0
2024-07-09 06:00,39.75,39.6,39.9,59,0.983
2024-07-09 07:00,39.69,39.6,40.0,60,1.0
2024-07-09 08:00,39.61,39.5,39.8,59,0.983
2024-07-09 09:00,39.67,39.5,39.8,59,0.983
2024-07-09 10:00,39.6,39.4,39.7,60,1.0
2024-07-09 11:00,39.56,39.4,39.7,60,1.0
2024-07-09 12:00,39.43,39.3,39.6,60,1.0
2024-07-09 13:00,39.29,39.2,39.4,60,1.0
2024-07-09 14:00,39.43,39.3,39.6,60,1.0
2024-07-09 15:00,39.34,39.2,39.5,60,1.0
2024-07-09 16:00,39.24,39.2,39.3,60,1.0
2024-07-09 17:00,39.31,39.2,39.5,59,0.983
2024-07-09 18:00,39.48,39.3,39.6,59,0.983
2024-07-09 19:00,39.41,39.3,39.5,60,1.0
2024-07-09 20:00,39.31,39.2,39.4,60,1.0
2024-07-09 21:00,39.33,39.3,39.4,60,1.0
2024-07-09 22:00,39.41,39.3,39.7,60,1.0
2024-07-09 23:00,39.49,39.3,39.7,60,1.0
2024-07-10 00:00,39.52,39.4,39.7,60,1.0
2024-07-10 01:00,39.57,39.5,39.7,60,1.0
2024-07-10 02:00,39.53,39.3,39.7,60,1.0
2024-07-10 03:00,39.44,39.3,39.7,59,0.983
2024-07-10 04:00,39.4,39.3,39.7,60,1.0
2024-07-10 05:00,39.38,39.3,39.6,60,1.0
2024-07-10 06:00,39.53,39.4,39.7,59,0.983
2024-07-10 07:00,39.42,39.3,39.6,60,1.0
2024-07-10 08:00,39.37,39.2,39.6,60,1.0
2024-07-10 09:00,39.36,39.2,39.6,59,0.983
2024-07-10 10:00,39.19,39.1,39.4,60,1.0
2024-07-10 11:00,39.19,39.1,39.3,60,1.0
2024-07-10 12:00,39.12,39.0,39.3,60,1.0
2024-07-10 13:00,39.04,38.9,39.3,60,1.0
2024-07-10 14:00,39.1,39.0,39.4,59,0.983
2024-07-10 15:00,39.13,39.0,39.3,50,0.833
2024-07-10 16:00,39.01,38.9,39.2,45,0.75
2024-07-10 17:00,38.97,38.9,39.2,54,0.9
2024-07-10 18:00,39.0,38.9,39.1,52,0.867
2024-07-10 19:00,39.13,39.0,39.3,50,0.833
2024-07-10 20:00,39.22,39.1,39.5,60,1.0
2024-07-10 21:00,39.13,39.0,39.4,58,0.967
2024-07-10 22:00,39.03,39.0,39.1,59,0.983
2024-07-10 23:00,39.06,39.0,39.2,59,0.983
2024-07-11 00:00,39.07,39.0,39.3,60,1.0
2024-07-11 01:00,39.2,39.1,39.4,60,1.0
2024-07-11 02:00,39.26,39.2,39.5,58,0.967
2024-07-11 03:00,39.25,39.2,39.4,59,0.983
2024-07-11 04:00,39.22,39.1,39.3,60,1.0
2024-07-11 05:00,39.22,39.1,39.4,58,0.967
2024-07-11 06:00,39.19,39.0,39.4,60,1.0
2024-07-11 07:00,39.13,39.0,39.3,60,1.0
2024-07-11 08:00,39.06,38.9,39.3,58,0.967
2024-07-11 09:00,39.1,38.9,39.3,60,1.0
2024-07-11 10:00,38.93,38.8,39.1,60,1.0
2024-07-11 11:00,38.93,38.8,39.1,60,1.0
2024-07-11 12:00,38.8,38.7,39.1,60,1.0
2024-07-11 13:00,38.77,38.6,38.9,60,1.0
2024-07-11 14:00,38.73,38.6,39.0,60,1.0
2024-07-11 15:00,38.84,38.7,39.0,60,1.0
2024-07-11 16:00,38.77,38.6,39.0,60,1.0
2024-07-11 17:00,38.67,38.6,38.9,60,1.0
2024-07-11 18:00,38.69,38.6,38.8,59,0.983
2024-07-11 19:00,38.8,38.7,39.1,59,0.983
2024-07-11 20:00,38.88,38.7,39.1,56,0.933
2024-07-11 21:00,38.75,38.6,38.9,51,0.85
2024-07-11 22:00,38.71,38.7,38.8,54,0.9
2024-07-11 23:00,38.75,38.7,38.9,50,0.833
2024-07-12 00:00,38.85,38.7,39.0,46,0.767
2024-07-12 01:00,38.94,38.8,39.2,46,0.767
2024-07-12 02:00,38.92,38.8,39.0,46,0.767
2024-07-12 03:00,38.92,38.8,39.1,47,0.783
2024-07-12 04:00,38.9,38.7,39.1,51,0.85
2024-07-12 05:00,38.91,38.8,39.1,55,0.917
2024-07-12 06:00,38.81,38.7,39.1,57,0.95
2024-07-12 07:00,38.82,38.6,39.1,58,0.967
2024-07-12 08:00,38.76,38.6,38.9,58,0.967
2024-07-12 09:00,38.74,38.5,38.9,58,0.967
2024-07-12 10:00,38.58,38.5,38.8,55,0.917
2024-07-12 11:00,38.46,38.4,38.6,54,0.9
2024-07-12 12:00,38.45,38.3,38.7,57,0.95
2024-07-12 13:00,38.37,38.2,38.6,54,0.9
2024-07-12 14:00,38.39,38.2,38.6,52,0.867
2024-07-12 15:00,38.45,38.3,38.5,55,0.917
2024-07-12 16:00,38.28,38.2,38.5,49,0.817
2024-07-12 17:00,38.26,38.2,38.3,41,0.683
2024-07-12 18:00,38.32,38.2,38.5,39,0.65
2024-07-12 19:00,38.48,38.3,38.6,46,0.767
2024-07-12 20:00,38.36,38.3,38.5,49,0.817
2024-07-12 21:00,38.32,38.3,38.6,38,0.633
2024-07-12 22:00,38.37,38.2,38.7,40,0.667
2024-07-12 23:00,38.48,38.3,38.6,40,0.667
2024-07-13 00:00,38.49,38.4,38.6,44,0.733
2024-07-13 01:00,38.5,38.3,38.6,58,0.967
2024-07-13 02:00,38.43,38.3,38.6,47,0.783
2024-07-13 03:00,38.41,38.2,38.6,53,0.883
2024-07-13 04:00,38.35,38.3,38.4,51,0.85
2024-07-13 05:00,38.33,38.2,38.6,48,0.8
2024-07-13 06:00,38.4,38.2,38.5,50,0.833
2024-07-13 07:00,38.34,38.2,38.5,50,0.833
2024-07-13 08:00,38.27,38.1,38.5,57,0.95
2024-07-13 09:00,38.16,38.1,38.3,58,0.967
2024-07-13 10:00,38.06,38.0,38.2,58,0.967
2024-07-13 11:00,38.0,37.9,38.2,59,0.983
2024-07-13 12:00,37.98,37.8,38.3,60,1.0
2024-07-13 13:00,37.96,37.8,38.3,57,0.95
2024-07-13 14:00,37.85,37.8,38.0,60,1.0
2024-07-13 15:00,37.99,37.9,38.1,60,1.0
2024-07-13 16:00,37.92,37.7,38.1,57,0.95
2024-07-13 17:00,37.82,37.8,38.0,60,1.0
2024-07-13 18:00,37.82,37.8,37.9,60,1.0
2024-07-13 19:00,37.96,37.8,38.1,60,1.0
2024-07-13 20:00,37.98,37.8,38.1,60,1.0
2024-07-13 21:00,37.85,37.8,38.1,60,1.0
2024-07-13 22:00,37.84,37.8,38.0,60,1.0
2024-07-13 23:00,37.9,37.8,38.0,60,1.0
2024-07-14 00:00,38.01,37.9,38.2,60,1.0
2024-07-14 01:00,38.02,37.9,38.3,60,1.0
2024-07-14 02:00,38.0,37.9,38.1,60,1.0
2024-07-14 03:00,37.98,37.8,38.1,60,1.0
2024-07-14 04:00,37.92,37.7,38.1,60,1.0
2024-07-14 05:00,37.84,37.7,38.0,60,1.0
2024-07-14 06:00,37.89,37.7,38.0,58,0.967
2024-07-14 07:00,37.87,37.7,38.2,59,0.983
2024-07-14 08:00,37.82,37.7,38.0,60,1.0
2024-07-14 09:00,37.76,37.6,38.0,60,1.0
2024-07-14 10:00,37.68,37.5,37.9,60,1.0
2024-07-14 11:00,37.66,37.5,37.8,60,1.0
2024-07-14 12:00,37.5,37.4,37.7,60,1.0
2024-07-14 13:00,37.47,37.3,37.7,60,1.0
2024-07-14 14:00,37.36,37.3,37.6,60,1.0
2024-07-14 15:00,37.48,37.3,37.6,60,1.0
2024-07-14 16:00,37.46,37.3,37.7,60,1.0
2024-07-14 17:00,37.32,37.2,37.6,59,0.983
2024-07-14 18:00,37.34,37.3,37.5,59,0.983
2024-07-14 19:00,37.48,37.3,37.6,60,1.0
2024-07-14 20:00,37.48,37.3,37.7,60,1.0
2024-07-14 21:00,37.4,37.3,37.7,57,0.95
2024-07-14 22:00,37.33,37.3,37.6,58,0.967
2024-07-14 23:00,37.32,37.3,37.5,60,1.0
2024-07-15 00:00,37.37,37.3,37.6,59,0.983
2024-07-15 01:00,37.4,37.3,37.6,59,0.983
2024-07-15 02:00,37.41,37.3,37.6,60,1.0
2024-07-15 03:00,37.47,37.3,37.7,60,1.0
2024-07-15 04:00,37.49,37.4,37.7,60,1.0
2024-07-15 05:00,37.49,37.4,37.6,60,1.0
2024-07-15 06:00,37.46,37.3,37.8,60,1.0
2024-07-15 07:00,37.37,37.2,37.6,60,1.0
2024-07-15 08:00,37.35,37.2,37.6,60,1.0
2024-07-15 09:00,37.28,37.1,37.6,60,1.0
2024-07-15 10:00,37.14,37.1,37.4,59,0.983
2024-07-15 11:00,37.14,37.0,37.4,60,1.0
2024-07-15 12:00,37.04,36.9,37.2,47,0.783
2024-07-15 13:00,37.03,36.9,37.3,45,0.75
2024-07-15 14:00,36.9,36.8,37.2,58,0.967
2024-07-15 15:00,36.96,36.8,37.1,60,1.0
2024-07-15 16:00,37.05,37.0,37.2,51,0.85
2024-07-15 17:00,37.02,36.8,37.3,57,0.95
2024-07-15 18:00,36.87,36.8,37.0,60,1.0
2024-07-15 19:00,36.95,36.8,37.2,60,1.0
2024-07-15 20:00,37.08,37.0,37.2,60,1.0
2024-07-15 21:00,37.03,36.9,37.2,60,1.0
2024-07-15 22:00,36.92,36.8,37.1,60,1.0
2024-07-15 23:00,36.91,36.8,37.0,60,1.0
2024-07-16 00:00,36.91,36.8,37.2,60,1.0
2024-07-16 01:00,36.91,36.8,37.1,59,0.983
2024-07-16 02:00,36.91,36.8,37.0,60,1.0
2024-07-16 03:00,36.95,36.8,37.1,59,0.983
2024-07-16 04:00,36.99,36.8,37.2,60,1.0
2024-07-16 05:00,37.0,36.8,37.1,59,0.983
2024-07-16 06:00,36.93,36.8,37.1,59,0.983
2024-07-16 07:00,36.94,36.8,37.1,60,1.0
2024-07-16 08:00,36.86,36.8,37.2,57,0.95
2024-07-16 09:00,36.88,36.7,37.2,53,0.883
2024-07-16 10:00,36.79,36.6,36.9,56,0.933
2024-07-16 11:00,36.74,36.6,36.9,57,0.95
2024-07-16 12:00,36.62,36.5,36.8,53,0.883
2024-07-16 13:00,36.59,36.5,36.7,49,0.817
2024-07-16 14:00,36.49,36.4,36.7,37,0.617
2024-07-16 15:00,36.46,36.4,36.6,50,0.833
2024-07-16 16:00,36.6,36.5,36.7,59,0.983
2024-07-16 17:00,36.62,36.6,36.9,60,1.0
2024-07-16 18:00,36.57,36.4,36.9,60,1.0
2024-07-16 19:00,36.47,36.4,36.6,60,1.0
2024-07-16 20:00,36.62,36.5,36.9,60,1.0
2024-07-16 21:00,36.62,36.5,36.8,59,0.983
2024-07-16 22:00,36.54,36.4,36.8,58,0.967
2024-07-16 23:00,36.49,36.4,36.8,59,0.983
2024-07-17 00:00,36.48,36.4,36.6,60,1.0
2024-07-17 01:00,36.5,36.4,36.6,60,1.0
2024-07-17 02:00,36.5,36.4,36.7,60,1.0
2024-07-17 03:00,36.51,36.4,36.7,60,1.0
2024-07-17 04:00,36.52,36.4,36.8,59,0.983
2024-07-17 05:00,36.54,36.4,36.7,60,1.0
2024-07-17 06:00,36.47,36.4,36.7,60,1.0
2024-07-17 07:00,36.52,36.4,36.7,60,1.0
2024-07-17 08:00,36.51,36.4,36.7,54,0.9
2024-07-17 09:00,36.43,36.3,36.7,47,0.783
2024-07-17 10:00,36.34,36.2,36.6,54,0.9
2024-07-17 11:00,36.24,36.2,36.4,53,0.883
2024-07-17 12:00,36.22,36.1,36.5,51,0.85
2024-07-17 13:00,36.16,36.0,36.3,60,1.0
2024-07-17 14:00,36.1,36.0,36.3,60,1.0
2024-07-17 15:00,36.02,36.0,36.1,60,1.0
2024-07-17 16:00,36.13,36.0,36.4,60,1.0
2024-07-17 17:00,36.22,36.1,36.5,60,1.0
2024-07-17 18:00,36.21,36.1,36.4,60,1.0
2024-07-17 19:00,36.12,36.0,36.5,60,1.0
2024-07-17 20:00,36.05,36.0,36.2,60,1.0
2024-07-17 21:00,36.15,36.0,36.3,60,1.0
2024-07-17 22:00,36.25,36.1,36.4,60,1.0
2024-07-17 23:00,36.24,36.2,36.3,60,1.0
2024-07-18 00:00,36.24,36.1,36.5,60,1.0
2024-07-18 01:00,36.15,36.0,36.4,60,1.0
2024-07-18 02:00,36.08,36.0,36.2,60,1.0
2024-07-18 03:00,36.07,36.0,36.3,60,1.0
2024-07-18 04:00,36.06,36.0,36.2,60,1.0
2024-07-18 05:00,36.06,36.0,36.2,60,1.0
2024-07-18 06:00,36.14,36.0,36.3,60,1.0
2024-07-18 07:00,36.16,36.0,36.4,60,1.0
2024-07-18 08:00,36.07,35.9,36.3,60,1.0
2024-07-18 09:00,36.01,35.9,36.3,59,0.983
2024-07-18 10:00,36.01,35.9,36.2,60,1.0
2024-07-18 11:00,35.88,35.8,36.1,60,1.0
2024-07-18 12:00,35.84,35.7,36.0,60,1.0
2024-07-18 13:00,35.72,35.6,35.9,60,1.0
2024-07-18 14:00,35.82,35.7,35.9,60,1.0
2024-07-18 15:00,35.72,35.6,35.9,60,1.0
2024-07-18 16:00,35.64,35.6,35.9,60,1.0
2024-07-18 17:00,35.66,35.6,35.8,60,1.0
2024-07-18 18:00,35.82,35.6,36.0,60,1.0
2024-07-18 19:00,35.75,35.6,36.0,60,1.0
2024-07-18 20:00,35.68,35.6,35.8,60,1.0
2024-07-18 21:00,35.81,35.7,36.1,60,1.0
2024-07-18 22:00,35.85,35.8,36.0,60,1.0
2024-07-18 23:00,35.84,35.7,36.0,60,1.0
2024-07-19 00:00,35.76,35.6,35.9,60,1.0
2024-07-19 01:00,35.72,35.6,36.0,60,1.0
2024-07-19 02:00,35.68,35.6,35.8,60,1.0
2024-07-19 03:00,35.7,35.6,35.9,60,1.0
2024-07-19 04:00,35.68,35.6,35.8,60,1.0
2024-07-19 05:00,35.69,35.6,35.8,60,1.0
2024-07-19 06:00,35.78,35.6,35.9,60,1.0
2024-07-19 07:00,35.75,35.6,35.9,60,1.0
2024-07-19 08:00,35.69,35.6,36.0,60,1.0
2024-07-19 09:00,35.6,35.5,35.8,60,1.0
2024-07-19 10:00,35.64,35.5,35.8,60,1.0
2024-07-19 11:00,35.58,35.4,35.8,55,0.917
2024-07-19 12:00,35.44,35.3,35.6,56,0.933
2024-07-19 13:00,35.37,35.3,35.6,53,0.883
2024-07-19 14:00,35.41,35.2,35.6,60,1.0
2024-07-19 15:00,35.42,35.3,35.6,60,1.0
2024-07-19 16:00,35.27,35.2,35.5,60,1.0
2024-07-19 17:00,35.26,35.2,35.5,60,1.0
2024-07-19 18:00,35.41,35.2,35.6,60,1.0
2024-07-19 19:00,35.36,35.2,35.5,60,1.0
2024-07-19 20:00,35.28,35.2,35.4,60,1.0
2024-07-19 21:00,35.33,35.2,35.5,60,1.0
2024-07-19 22:00,35.43,35.3,35.7,60,1.0
2024-07-19 23:00,35.47,35.4,35.6,60,1.0
2024-07-20 00:00,35.47,35.3,35.6,60,1.0
2024-07-20 01:00,35.43,35.3,35.5,60,1.0
2024-07-20 02:00,35.4,35.3,35.7,60,1.0
2024-07-20 03:00,35.34,35.2,35.5,56,0.933
2024-07-20 04:00,35.35,35.2,35.5,41,0.683
2024-07-20 05:00,35.37,35.2,35.6,55,0.917
2024-07-20 06:00,35.37,35.2,35.6,58,0.967
2024-07-20 07:00,35.39,35.2,35.6,60,1.0
2024-07-20 08:00,35.25,35.2,35.5,60,1.0
2024-07-20 09:00,35.24,35.1,35.5,60,1.0
2024-07-20 10:00,35.2,35.1,35.5,59,0.983
2024-07-20 11:00,35.16,35.0,35.3,60,1.0
2024-07-20 12:00,35.09,35.0,35.3,60,1.0
2024-07-20 13:00,34.97,34.9,35.2,60,1.0
2024-07-20 14:00,35.08,34.9,35.2,60,1.0
2024-07-20 15:00,34.92,34.8,35.1,59,0.983
2024-07-20 16:00,34.92,34.8,35.1,60,1.0
2024-07-20 17:00,35.03,34.9,35.2,60,1.0
2024-07-20 18:00,35.07,35.0,35.2,60,1.0
2024-07-20 19:00,35.0,34.9,35.2,60,1.0
2024-07-20 20:00,34.9,34.8,35.0,60,1.0
2024-07-20 21:00,34.95,34.9,35.1,60,1.0
2024-07-20 22:00,35.09,34.9,35.3,60,1.0
2024-07-20 23:00,35.09,35.0,35.3,60,1.0
2024-07-21 00:00,35.1,35.0,35.3,60,1.0
2024-07-21 01:00,35.05,34.9,35.3,60,1.0
2024-07-21 02:00,35.03,34.9,35.3,53,0.883
2024-07-21 03:00,34.97,34.9,35.2,60,1.0
2024-07-21 04:00,34.94,34.9,35.1,60,1.0
2024-07-21 05:00,34.91,34.8,35.1,60,1.0
2024-07-21 06:00,34.94,34.8,35.1,60,1.0
2024-07-21 07:00,34.97,34.8,35.1,60,1.0
2024-07-21 08:00,34.89,34.8,35.1,60,1.0
2024-07-21 09:00,34.85,34.7,35.2,60,1.0
2024-07-21 10:00,34.84,34.7,35.0,60,1.0
2024-07-21 11:00,34.77,34.6,35.0,60,1.0
2024-07-21 12:00,34.71,34.6,35.1,60,1.0
2024-07-21 13:00,34.6,34.5,34.9,60,1.0
2024-07-21 14:00,34.71,34.6,34.8,52,0.867
2024-07-21 15:00,34.65,34.5,34.8,59,0.983
2024-07-21 16:00,34.53,34.5,34.7,60,1.0
2024-07-21 17:00,34.53,34.5,34.6,60,1.0
2024-07-21 18:00,34.63,34.5,34.8,60,1.0
2024-07-21 19:00,34.68,34.5,34.8,60,1.0
2024-07-21 20:00,34.54,34.5,34.8,60,1.0
2024-07-21 21:00,34.6,34.5,34.8,60,1.0
2024-07-21 22:00,34.71,34.6,34.9,60,1.0
2024-07-21 23:00,34.74,34.6,34.9,60,1.0
2024-07-22 00:00,34.73,34.6,34.9,60,1.0
2024-07-22 01:00,34.73,34.6,34.8,60,1.0
2024-07-22 02:00,34.73,34.6,34.8,60,1.0
2024-07-22 03:00,34.72,34.6,34.9,60,1.0
2024-07-22 04:00,34.73,34.6,34.9,60,1.0
2024-07-22 05:00,34.73,34.6,34.9,60,1.0
2024-07-22 06:00,34.66,34.5,34.8,60,1.0
2024-07-22 07:00,34.57,34.5,34.8,60,1.0
2024-07-22 08:00,34.6,34.5,34.7,60,1.0
2024-07-22 09:00,34.54,34.4,34.7,60,1.0
2024-07-22 10:00,34.49,34.4,34.7,60,1.0
2024-07-22 11:00,34.43,34.3,34.6,60,1.0
2024-07-22 12:00,34.52,34.3,34.7,56,0.933
2024-07-22 14:00,34.67,34.6,34.9,47,0.783
2024-07-22 15:00,34.75,34.6,34.9,60,1.0
2024-07-22 16:00,34.72,34.6,34.9,60,1.0
2024-07-22 17:00,34.86,34.7,35.1,60,1.0
2024-07-22 18:00,34.88,34.8,35.1,48,0.8
2024-07-22 19:00,34.89,34.8,35.1,52,0.867
2024-07-22 20:00,34.86,34.7,35.1,60,1.0
2024-07-22 21:00,34.85,34.7,35.0,60,1.0
2024-07-22 22:00,34.85,34.7,35.0,60,1.0
2024-07-22 23:00,34.78,34.7,35.0,60,1.0
2024-07-23 00:00,34.71,34.6,34.9,60,1.0
2024-07-23 01:00,34.66,34.6,34.8,60,1.0
2024-07-23 02:00,34.67,34.6,34.8,60,1.0
2024-07-23 03:00,34.68,34.6,34.8,60,1.0
2024-07-23 04:00,34.65,34.6,34.8,60,1.0
2024-07-23 05:00,34.65,34.6,34.9,59,0.983
2024-07-23 06:00,34.69,34.6,34.9,60,1.0
2024-07-23 07:00,34.75,34.6,34.9,60,1.0
2024-07-23 08:00,34.66,34.5,34.8,60,1.0
2024-07-23 09:00,34.56,34.4,34.9,60,1.0
2024-07-23 10:00,34.43,34.4,34.7,60,1.0
2024-07-23 11:00,34.37,34.3,34.6,59,0.983
2024-07-23 12:00,34.38,34.2,34.5,60,1.0
2024-07-23 13:00,34.3,34.2,34.6,60,1.0
2024-07-23 14:00,34.41,34.3,34.7,60,1.0
2024-07-23 15:00,34.42,34.4,34.6,60,1.0
2024-07-23 16:00,34.38,34.2,34.5,60,1.0
2024-07-23 17:00,34.37,34.2,34.7,60,1.0
2024-07-23 18:00,34.3,34.2,34.5,60,1.0
2024-07-23 19:00,34.3,34.2,34.5,60,1.0
2024-07-23 20:00,34.3,34.2,34.4,47,0.783
2024-07-23 21:00,34.31,34.2,34.4,51,0.85
2024-07-23 22:00,34.44,34.3,34.5,59,0.983
2024-07-23 23:00,34.4,34.3,34.6,60,1.0
2024-07-24 00:00,34.31,34.3,34.4,60,1.0
2024-07-24 01:00,34.32,34.2,34.5,60,1.0
2024-07-24 02:00,34.4,34.3,34.8,60,1.0
2024-07-24 03:00,34.47,34.3,34.6,60,1.0
2024-07-24 04:00,34.46,34.3,34.6,60,1.0
2024-07-24 05:00,34.33,34.2,34.5,60,1.0
2024-07-24 06:00,34.38,34.3,34.6,60,1.0
2024-07-24 07:00,34.4,34.3,34.6,60,1.0
2024-07-24 08:00,34.35,34.2,34.5,60,1.0
2024-07-24 09:00,34.33,34.2,34.6,60,1.0
2024-07-24 10:00,34.36,34.2,34.6,60,1.0
2024-07-24 11:00,34.31,34.1,34.6,60,1.0
2024-07-24 12:00,34.26,34.1,34.4,60,1.0
2024-07-24 13:00,34.21,34.1,34.4,60,1.0
2024-07-24 14:00,34.21,34.1,34.6,60,1.0
2024-07-24 15:00,34.23,34.1,34.5,60,1.0
2024-07-24 16:00,34.31,34.2,34.4,60,1.0
2024-07-24 17:00,34.35,34.3,34.5,60,1.0
2024-07-24 18:00,34.26,34.1,34.4,60,1.0
2024-07-24 19:00,34.21,34.1,34.4,60,1.0
2024-07-24 20:00,34.23,34.2,34.4,60,1.0
2024-07-24 21:00,34.37,34.2,34.5,60,1.0
2024-07-24 22:00,34.42,34.3,34.6,60,1.0
2024-07-24 23:00,34.39,34.2,34.6,60,1.0
2024-07-25 00:00,34.33,34.2,34.5,60,1.0
2024-07-25 01:00,34.29,34.2,34.5,60,1.0
2024-07-25 02:00,34.28,34.2,34.5,59,0.983
2024-07-25 03:00,34.27,34.2,34.5,60,1.0
2024-07-25 04:00,34.27,34.2,34.4,60,1.0
2024-07-25 05:00,34.32,34.2,34.5,60,1.0
2024-07-25 06:00,34.32,34.2,34.5,60,1.0
2024-07-25 07:00,34.37,34.2,34.6,60,1.0
2024-07-25 08:00,34.34,34.2,34.6,60,1.0
2024-07-25 09:00,34.25,34.2,34.4,60,1.0
2024-07-25 10:00,34.26,34.1,34.4,60,1.0
2024-07-25 11:00,34.26,34.1,34.4,60,1.0
2024-07-25 12:00,34.16,34.0,34.3,60,1.0
2024-07-25 13:00,34.14,34.0,34.3,60,1.0
2024-07-25 14:00,34.05,34.0,34.2,60,1.0
2024-07-25 15:00,34.18,34.0,34.5,60,1.0
2024-07-25 16:00,34.24,34.1,34.4,60,1.0
2024-07-25 17:00,34.12,34.0,34.2,53,0.883
2024-07-25 18:00,34.08,34.0,34.2,46,0.767
2024-07-25 19:00,34.18,34.0,34.3,48,0.8
2024-07-25 20:00,34.21,34.1,34.4,58,0.967
2024-07-25 21:00,34.24,34.1,34.5,48,0.8
2024-07-25 22:00,34.24,34.1,34.4,57,0.95
2024-07-25 23:00,34.18,34.0,34.4,60,1.0
2024-07-26 00:00,34.17,34.0,34.3,60,1.0
2024-07-26 01:00,34.08,34.0,34.2,59,0.983
2024-07-26 02:00,34.08,34.0,34.4,60,1.0
2024-07-26 03:00,34.08,34.0,34.2,60,1.0
2024-07-26 04:00,34.05,34.0,34.2,60,1.0
2024-07-26 05:00,34.05,34.0,34.2,60,1.0
2024-07-26 06:00,34.07,34.0,34.3,60,1.0
2024-07-26 07:00,34.13,34.0,34.3,60,1.0
2024-07-26 08:00,34.08,34.0,34.3,60,1.0
2024-07-26 09:00,34.14,34.0,34.3,60,1.0
2024-07-26 10:00,34.04,33.9,34.3,60,1.0
2024-07-26 11:00,34.01,33.8,34.2,60,1.0
2024-07-26 12:00,33.91,33.8,34.1,60,1.0
2024-07-26 13:00,33.9,33.8,34.1,60,1.0
2024-07-26 14:00,33.83,33.7,34.0,60,1.0
2024-07-26 15:00,33.95,33.9,34.1,60,1.0
2024-07-26 16:00,33.91,33.8,34.1,60,1.0
2024-07-26 17:00,33.86,33.7,34.0,53,0.883
2024-07-26 18:00,33.8,33.7,33.9,60,1.0
2024-07-26 19:00,33.81,33.7,34.0,60,1.0
2024-07-26 20:00,33.88,33.7,34.1,60,1.0
2024-07-26 21:00,33.95,33.8,34.1,60,1.0
2024-07-26 22:00,33.93,33.8,34.1,60,1.0
2024-07-26 23:00,33.85,33.8,34.1,60,1.0
2024-07-27 00:00,33.81,33.7,34.0,60,1.0
2024-07-27 01:00,33.8,33.7,33.9,60,1.0
2024-07-27 02:00,33.8,33.7,33.9,60,1.0
2024-07-27 03:00,33.82,33.7,33.9,60,1.0
2024-07-27 04:00,33.84,33.7,33.9,60,1.0
2024-07-27 05:00,33.86,33.8,34.0,60,1.0
2024-07-27 06:00,33.84,33.7,34.0,60,1.0
2024-07-27 07:00,33.86,33.7,34.1,60,1.0
2024-07-27 08:00,33.81,33.7,34.0,60,1.0
2024-07-27 09:00,33.82,33.7,34.0,60,1.0
2024-07-27 10:00,33.69,33.6,34.0,60,1.0
2024-07-27 11:00,33.69,33.6,33.8,60,1.0
2024-07-27 12:00,33.62,33.5,33.8,60,1.0
2024-07-27 13:00,33.63,33.5,33.8,52,0.867
2024-07-27 14:00,33.52,33.5,33.7,51,0.85
2024-07-27 15:00,33.61,33.5,33.8,45,0.75
2024-07-27 16:00,33.67,33.5,33.8,56,0.933
2024-07-27 17:00,33.69,33.6,33.9,60,1.0
2024-07-27 18:00,33.65,33.5,33.8,60,1.0
2024-07-27 19:00,33.54,33.5,33.7,60,1.0
2024-07-27 20:00,33.61,33.5,33.9,60,1.0
2024-07-27 21:00,33.72,33.6,33.9,60,1.0
2024-07-27 22:00,33.71,33.6,33.8,60,1.0
2024-07-27 23:00,33.66,33.5,33.9,60,1.0
2024-07-28 00:00,33.62,33.5,33.8,60,1.0
2024-07-28 01:00,33.57,33.5,33.7,60,1.0
2024-07-28 02:00,33.57,33.5,33.7,60,1.0
2024-07-28 03:00,33.58,33.5,33.7,60,1.0
2024-07-28 04:00,33.57,33.5,33.8,60,1.0
2024-07-28 05:00,33.54,33.5,33.7,60,1.0
2024-07-28 06:00,33.56,33.5,33.8,60,1.0
2024-07-28 07:00,33.63,33.5,33.9,60,1.0
2024-07-28 08:00,33.62,33.5,33.8,60,1.0
2024-07-28 09:00,33.58,33.4,33.7,60,1.0
2024-07-28 10:00,33.43,33.4,33.7,58,0.967
2024-07-28 11:00,33.44,33.4,33.6,60,1.0
2024-07-28 12:00,33.41,33.3,33.6,60,1.0
2024-07-28 13:00,33.41,33.2,33.6,59,0.983
2024-07-28 14:00,33.33,33.2,33.6,60,1.0
2024-07-28 15:00,33.31,33.2,33.6,59,0.983
2024-07-28 16:00,33.32,33.2,33.5,60,1.0
2024-07-28 17:00,33.4,33.3,33.6,60,1.0
2024-07-28 18:00,33.47,33.4,33.7,59,0.983
2024-07-28 19:00,33.37,33.3,33.6,60,1.0
2024-07-28 20:00,33.34,33.3,33.5,59,0.983
2024-07-28 21:00,33.42,33.3,33.7,60,1.0
2024-07-28 22:00,33.5,33.4,33.6,59,0.983
2024-07-28 23:00,33.51,33.4,33.7,59,0.983
2024-07-29 00:00,33.51,33.4,33.6,60,1.0
2024-07-29 01:00,33.47,33.4,33.6,60,1.0
2024-07-29 02:00,33.4,33.3,33.6,60,1.0
2024-07-29 03:00,33.37,33.3,33.5,60,1.0
2024-07-29 04:00,33.34,33.3,33.5,60,1.0
2024-07-29 05:00,33.34,33.3,33.5,60,1.0
2024-07-29 06:00,33.36,33.3,33.5,60,1.0
2024-07-29 07:00,33.43,33.3,33.6,60,1.0
2024-07-29 08:00,33.38,33.3,33.6,60,1.0
2024-07-29 09:00,33.29,33.2,33.6,60,1.0
2024-07-29 10:00,33.3,33.2,33.4,60,1.0
2024-07-29 11:00,33.22,33.1,33.4,60,1.0
2024-07-29 12:00,33.18,33.0,33.4,60,1.0
2024-07-29 13:00,33.13,33.0,33.3,60,1.0
2024-07-29 14:00,33.16,33.0,33.3,59,0.983
2024-07-29 15:00,33.17,33.0,33.3,60,1.0
2024-07-29 16:00,33.05,33.0,33.2,59,0.983
2024-07-29 17:00,33.05,33.0,33.3,58,0.967
2024-07-29 18:00,33.06,33.0,33.3,59,0.983
2024-07-29 19:00,33.2,33.1,33.3,60,1.0
2024-07-29 20:00,33.18,33.0,33.3,60,1.0
2024-07-29 21:00,33.16,33.0,33.3,60,1.0
2024-07-29 22:00,33.21,33.1,33.4,60,1.0
2024-07-29 23:00,33.08,33.0,33.3,60,1.0
2024-07-30 00:00,33.05,33.0,33.3,60,1.0
2024-07-30 01:00,33.08,33.0,33.4,60,1.0
2024-07-30 02:00,33.14,33.0,33.2,60,1.0
2024-07-30 03:00,33.19,33.1,33.3,59,0.983
2024-07-30 04:00,33.21,33.1,33.3,60,1.0
2024-07-30 05:00,33.12,33.0,33.3,60,1.0
2024-07-30 06:00,33.12,33.0,33.3,60,1.0
2024-07-30 07:00,33.09,33.0,33.3,60,1.0
2024-07-30 08:00,33.08,32.9,33.3,60,1.0
2024-07-30 09:00,33.04,32.9,33.2,60,1.0
2024-07-30 10:00,32.97,32.9,33.2,56,0.933
2024-07-30 11:00,32.96,32.8,33.2,44,0.733
2024-07-30 12:00,32.87,32.7,33.0,53,0.883
2024-07-30 13:00,32.85,32.7,33.1,57,0.95
2024-07-30 14:00,32.75,32.7,33.0,60,1.0
2024-07-30 15:00,32.75,32.6,33.0,60,1.0
2024-07-30 16:00,32.77,32.6,33.0,60,1.0
2024-07-30 17:00,32.72,32.6,32.9,60,1.0
2024-07-30 18:00,32.79,32.6,32.9,58,0.967
2024-07-30 19:00,32.72,32.6,32.9,60,1.0
2024-07-30 20:00,32.66,32.6,32.8,60,1.0
2024-07-30 21:00,32.7,32.6,33.0,60,1.0
2024-07-30 22:00,32.8,32.7,33.1,59,0.983
2024-07-30 23:00,32.82,32.7,32.9,60,1.0
2024-07-31 00:00,32.79,32.7,32.9,60,1.0
2024-07-31 01:00,32.76,32.6,33.0,60,1.0
2024-07-31 02:00,32.72,32.6,32.9,60,1.0
2024-07-31 03:00,32.7,32.6,33.0,60,1.0
2024-07-31 04:00,32.65,32.6,32.8,60,1.0
2024-07-31 05:00,32.62,32.5,32.8,60,1.0
2024-07-31 06:00,32.62,32.5,32.8,60,1.0
2024-07-31 07:00,32.68,32.6,32.9,60,1.0
2024-07-31 08:00,32.67,32.5,32.9,60,1.0
2024-07-31 09:00,32.68,32.5,32.9,60,1.0
2024-07-31 10:00,32.54,32.4,32.7,60,1.0
2024-07-31 11:00,32.49,32.3,32.6,60,1.0
2024-07-31 12:00,32.44,32.3,32.7,60,1.0
2024-07-31 13:00,32.39,32.3,32.6,60,1.0
2024-07-31 14:00,32.39,32.3,32.6,59,0.983
2024-07-31 15:00,32.41,32.2,32.5,60,1.0
2024-07-31 16:00,32.35,32.2,32.6,60,1.0
2024-07-31 17:00,32.36,32.2,32.6,60,1.0
2024-07-31 18:00,32.43,32.3,32.5,60,1.0
2024-07-31 19:00,32.36,32.3,32.5,60,1.0
2024-07-31 20:00,32.31,32.2,32.5,60,1.0
2024-07-31 21:00,32.4,32.3,32.6,59,0.983
2024-07-31 22:00,32.45,32.3,32.6,60,1.0
2024-07-31 23:00,32.48,32.4,32.6,60,1.0
2024-08-01 00:00,32.45,32.4,32.6,60,1.0
2024-08-01 01:00,32.44,32.3,32.6,60,1.0
2024-08-01 02:00,32.43,32.3,32.7,60,1.0
2024-08-01 03:00,32.38,32.3,32.6,53,0.883
2024-08-01 04:00,32.34,32.2,32.5,60,1.0
2024-08-01 05:00,32.3,32.2,32.4,59,0.983
2024-08-01 06:00,32.3,32.2,32.5,60,1.0
2024-08-01 07:00,32.39,32.2,32.5,60,1.0
2024-08-01 08:00,32.36,32.2,32.5,59,0.983
2024-08-01 09:00,32.22,32.1,32.3,60,1.0
2024-08-01 10:00,32.27,32.2,32.5,60,1.0
2024-08-01 11:00,32.18,32.1,32.4,60,1.0
2024-08-01 12:00,32.16,32.0,32.4,52,0.867
2024-08-01 13:00,32.14,32.0,32.3,51,0.85
2024-08-01 14:00,32.07,32.0,32.2,60,1.0
2024-08-01 15:00,32.17,32.1,32.3,60,1.0
2024-08-01 16:00,32.14,32.0,32.5,56,0.933
2024-08-01 17:00,32.11,32.0,32.3,57,0.95
2024-08-01 18:00,32.14,32.0,32.3,44,0.733
2024-08-01 19:00,32.16,32.0,32.3,47,0.783
2024-08-01 20:00,32.08,32.0,32.3,47,0.783
2024-08-01 21:00,32.11,32.0,32.2,48,0.8
2024-08-01 22:00,32.18,32.1,32.3,59,0.983
2024-08-01 23:00,32.22,32.1,32.4,60,1.0
2024-08-02 00:00,32.23,32.2,32.4,60,1.0
2024-08-02 01:00,32.22,32.1,32.3,60,1.0
2024-08-02 02:00,32.22,32.1,32.3,60,1.0
2024-08-02 03:00,32.22,32.1,32.6,60,1.0
2024-08-02 04:00,32.21,32.1,32.3,60,1.0
2024-08-02 05:00,32.2,32.1,32.3,60,1.0
2024-08-02 06:00,32.13,32.0,32.3,60,1.0
2024-08-02 07:00,32.13,32.0,32.4,59,0.983
2024-08-02 08:00,32.09,32.0,32.2,54,0.9
2024-08-02 09:00,32.08,31.9,32.2,50,0.833
2024-08-02 10:00,32.04,31.9,32.2,51,0.85
2024-08-02 11:00,31.97,31.9,32.1,51,0.85
2024-08-02 12:00,31.95,31.8,32.2,57,0.95
2024-08-02 13:00,31.95,31.8,32.0,50,0.833
2024-08-02 14:00,31.88,31.8,32.1,49,0.817
2024-08-02 15:00,31.93,31.8,32.1,49,0.817
2024-08-02 16:00,31.92,31.8,32.2,54,0.9
2024-08-02 17:00,31.92,31.8,32.1,60,1.0
2024-08-02 18:00,31.91,31.8,32.1,60,1.0
2024-08-02 19:00,31.96,31.8,32.2,60,1.0
2024-08-02 20:00,31.89,31.8,32.1,60,1.0
2024-08-02 21:00,31.9,31.8,32.2,60,1.0
2024-08-02 22:00,31.96,31.8,32.1,60,1.0
2024-08-02 23:00,32.01,31.9,32.2,59,0.983
2024-08-03 00:00,32.04,32.0,32.2,60,1.0
2024-08-03 01:00,32.03,31.9,32.1,60,1.0
2024-08-03 02:00,32.02,31.9,32.2,60,1.0
2024-08-03 03:00,32.0,31.8,32.1,56,0.933
2024-08-03 04:00,32.0,31.9,32.2,57,0.95
2024-08-03 05:00,32.0,31.9,32.1,59,0.983
2024-08-03 06:00,31.97,31.8,32.1,60,1.0
2024-08-03 07:00,31.93,31.8,32.1,56,0.933
2024-08-03 08:00,31.88,31.8,32.1,54,0.9
2024-08-03 09:00,31.88,31.8,32.3,51,0.85
2024-08-03 10:00,31.84,31.7,31.9,59,0.983
2024-08-03 11:00,31.83,31.7,31.9,60,1.0
2024-08-03 12:00,31.74,31.6,31.9,59,0.983
2024-08-03 13:00,31.75,31.6,32.0,59,0.983
2024-08-03 14:00,31.75,31.6,31.9,49,0.817
2024-08-03 15:00,31.75,31.6,31.9,55,0.917
2024-08-03 16:00,31.64,31.6,31.8,60,1.0
2024-08-03 17:00,31.7,31.6,31.9,60,1.0
2024-08-03 18:00,31.78,31.6,31.9,60,1.0
2024-08-03 19:00,31.74,31.6,32.0,60,1.0
2024-08-03 20:00,31.74,31.6,32.0,60,1.0
2024-08-03 21:00,31.77,31.6,32.0,60,1.0
2024-08-03 22:00,31.71,31.6,31.9,47,0.783
2024-08-03 23:00,31.69,31.6,31.9,49,0.817
2024-08-04 00:00,31.69,31.6,31.8,45,0.75
2024-08-04 01:00,31.7,31.6,31.9,59,0.983
2024-08-04 02:00,31.68,31.6,31.9,53,0.883
2024-08-04 03:00,31.7,31.6,31.8,59,0.983
2024-08-04 04:00,31.78,31.6,31.9,58,0.967
2024-08-04 05:00,31.8,31.7,32.0,60,1.0
2024-08-04 06:00,31.76,31.6,32.0,60,1.0
2024-08-04 07:00,31.74,31.6,31.9,60,1.0
2024-08-04 08:00,31.75,31.6,31.9,58,0.967
2024-08-04 09:00,31.73,31.6,31.9,60,1.0
2024-08-04 10:00,31.64,31.5,31.8,60,1.0
2024-08-04 11:00,31.59,31.5,31.7,60,1.0
2024-08-04 12:00,31.54,31.4,31.8,60,1.0
2024-08-04 13:00,31.48,31.4,31.6,60,1.0
2024-08-04 14:00,31.56,31.4,31.8,60,1.0
2024-08-04 15:00,31.44,31.4,31.6,60,1.0
2024-08-04 16:00,31.43,31.4,31.6,60,1.0
2024-08-04 17:00,31.44,31.4,31.6,60,1.0
2024-08-04 18:00,31.53,31.4,31.7,60,1.0
2024-08-04 19:00,31.48,31.4,31.7,60,1.0
2024-08-04 20:00,31.49,31.4,31.7,60,1.0
2024-08-04 21:00,31.53,31.4,31.7,60,1.0
2024-08-04 22:00,31.52,31.4,31.7,60,1.0
2024-08-04 23:00,31.47,31.4,31.7,60,1.0
2024-08-05 00:00,31.43,31.4,31.5,60,1.0
2024-08-05 01:00,31.45,31.4,31.6,60,1.0
2024-08-05 02:00,31.48,31.4,31.6,60,1.0
2024-08-05 03:00,31.5,31.4,31.7,60,1.0
2024-08-05 04:00,31.53,31.4,31.8,60,1.0
2024-08-05 05:00,31.59,31.4,31.7,60,1.0
2024-08-05 06:00,31.5,31.4,31.7,60,1.0
2024-08-05 07:00,31.51,31.4,31.7,60,1.0
2024-08-05 08:00,31.56,31.4,31.8,60,1.0
2024-08-05 09:00,31.41,31.3,31.5,60,1.0
2024-08-05 10:00,31.42,31.3,31.7,60,1.0
2024-08-05 11:00,31.4,31.3,31.6,60,1.0
2024-08-05 12:00,31.3,31.2,31.6,60,1.0
2024-08-05 13:00,31.3,31.2,31.5,60,1.0
2024-08-05 14:00,31.28,31.2,31.4,60,1.0
2024-08-05 15:00,31.2,31.1,31.3,60,1.0
2024-08-05 16:00,31.21,31.1,31.5,50,0.833
2024-08-05 17:00,31.28,31.2,31.5,50,0.833
2024-08-05 18:00,31.32,31.1,31.4,52,0.867
2024-08-05 19:00,31.28,31.2,31.5,43,0.717
2024-08-05 20:00,31.27,31.2,31.5,58,0.967
2024-08-05 21:00,31.32,31.2,31.5,60,1.0
2024-08-05 22:00,31.34,31.2,31.5,60,1.0
2024-08-05 23:00,31.31,31.2,31.5,60,1.0
2024-08-06 00:00,31.28,31.2,31.5,60,1.0
2024-08-06 01:00,31.26,31.2,31.5,60,1.0
2024-08-06 02:00,31.27,31.2,31.4,60,1.0
2024-08-06 03:00,31.27,31.2,31.4,60,1.0
2024-08-06 04:00,31.27,31.2,31.4,60,1.0
2024-08-06 05:00,31.28,31.2,31.4,60,1.0
2024-08-06 06:00,31.25,31.2,31.4,59,0.983
2024-08-06 07:00,31.29,31.2,31.5,60,1.0
2024-08-06 08:00,31.26,31.2,31.4,60,1.0
2024-08-06 09:00,31.23,31.1,31.4,60,1.0
2024-08-06 10:00,31.17,31.1,31.4,59,0.983
2024-08-06 11:00,31.14,31.1,31.3,60,1.0
2024-08-06 12:00,31.12,31.0,31.4,60,1.0
2024-08-06 13:00,31.05,31.0,31.3,60,1.0
2024-08-06 14:00,31.14,31.0,31.3,60,1.0
2024-08-06 15:00,31.17,31.0,31.3,60,1.0
2024-08-06 16:00,31.09,31.0,31.2,60,1.0
2024-08-06 17:00,31.02,30.9,31.2,60,1.0
2024-08-06 18:00,31.07,31.0,31.3,60,1.0
2024-08-06 19:00,31.17,31.0,31.4,60,1.0
2024-08-06 20:00,31.07,31.0,31.3,60,1.0
2024-08-06 21:00,31.05,31.0,31.2,60,1.0
2024-08-06 22:00,31.12,31.0,31.4,60,1.0
2024-08-06 23:00,31.15,31.0,31.5,60,1.0
2024-08-07 00:00,31.15,31.0,31.3,60,1.0
2024-08-07 01:00,31.15,31.0,31.4,60,1.0
2024-08-07 02:00,31.1,31.0,31.3,60,1.0
2024-08-07 03:00,31.09,31.0,31.3,60,1.0
2024-08-07 04:00,31.08,31.0,31.2,60,1.0
2024-08-07 05:00,31.08,31.0,31.2,60,1.0
2024-08-07 06:00,31.1,31.0,31.3,60,1.0
2024-08-07 07:00,31.11,31.0,31.3,60,1.0
2024-08-07 08:00,31.1,31.0,31.2,60,1.0
2024-08-07 09:00,31.05,30.9,31.2,60,1.0
2024-08-07 10:00,30.97,30.9,31.1,60,1.0
2024-08-07 11:00,30.95,30.9,31.1,60,1.0
2024-08-07 12:00,30.96,30.8,31.1,59,0.983
2024-08-07 13:00,30.88,30.8,31.0,60,1.0
2024-08-07 14:00,30.96,30.8,31.2,60,1.0
2024-08-07 15:00,31.0,30.9,31.2,59,0.983
2024-08-07 16:00,30.88,30.8,31.1,60,1.0
2024-08-07 17:00,30.9,30.8,31.1,60,1.0
2024-08-07 18:00,30.98,30.8,31.2,60,1.0
2024-08-07 19:00,30.87,30.8,31.0,60,1.0
2024-08-07 20:00,30.87,30.8,31.1,60,1.0
2024-08-07 21:00,30.89,30.8,31.1,60,1.0
2024-08-07 22:00,30.88,30.8,31.0,60,1.0
2024-08-07 23:00,30.95,30.8,31.1,60,1.0
2024-08-08 00:00,30.96,30.8,31.1,60,1.0
2024-08-08 01:00,30.95,30.8,31.1,60,1.0
2024-08-08 02:00,30.96,30.8,31.3,59,0.983
2024-08-08 03:00,30.94,30.8,31.1,60,1.0
2024-08-08 04:00,30.91,30.8,31.1,60,1.0
2024-08-08 05:00,30.86,30.8,31.1,60,1.0
2024-08-08 06:00,30.87,30.8,31.1,60,1.0
2024-08-08 07:00,30.91,30.8,31.1,60,1.0
2024-08-08 08:00,30.91,30.8,31.1,60,1.0
2024-08-08 09:00,30.87,30.7,31.0,60,1.0
2024-08-08 10:00,30.76,30.7,30.9,60,1.0
2024-08-08 11:00,30.76,30.7,31.0,60,1.0
2024-08-08 12:00,30.75,30.6,30.9,60,1.0
2024-08-08 13:00,30.67,30.6,30.8,60,1.0
2024-08-08 14:00,30.76,30.6,30.9,52,0.867
2024-08-08 15:00,30.76,30.6,30.9,52,0.867
2024-08-08 16:00,30.68,30.6,30.9,45,0.75
2024-08-08 17:00,30.62,30.6,30.8,59,0.983
2024-08-08 18:00,30.63,30.6,30.8,60,1.0
2024-08-08 19:00,30.73,30.6,30.9,60,1.0
2024-08-08 20:00,30.72,30.6,30.8,8,0.133
2024-08-09 08:00,30.78,30.7,30.9,41,0.683
2024-08-09 09:00,30.66,30.6,30.9,60,1.0
2024-08-09 10:00,30.62,30.5,30.8,60,1.0
2024-08-09 11:00,30.62,30.5,30.9,60,1.0
2024-08-09 12:00,30.6,30.5,31.0,60,1.0
2024-08-09 13:00,30.55,30.4,30.7,60,1.0
2024-08-09 14:00,30.5,30.4,30.6,60,1.0
2024-08-09 15:00,30.59,30.4,30.8,60,1.0
2024-08-09 16:00,30.54,30.4,30.7,60,1.0
2024-08-09 17:00,30.61,30.5,30.8,60,1.0
2024-08-09 18:00,30.63,30.5,30.7,60,1.0
2024-08-09 19:00,30.53,30.4,30.7,60,1.0
2024-08-09 20:00,30.52,30.4,30.6,59,0.983
2024-08-09 21:00,30.65,30.5,30.9,60,1.0
2024-08-09 22:00,30.63,30.5,30.8,60,1.0
2024-08-09 23:00,30.55,30.4,30.7,60,1.0
2024-08-10 00:00,30.52,30.5,30.7,60,1.0
2024-08-10 01:00,30.53,30.4,30.7,60,1.0
2024-08-10 02:00,30.58,30.5,30.7,60,1.0
2024-08-10 03:00,30.66,30.5,30.9,60,1.0
2024-08-10 04:00,30.63,30.5,30.8,60,1.0
2024-08-10 05:00,30.63,30.5,31.0,60,1.0
2024-08-10 06:00,30.62,30.5,30.8,60,1.0
2024-08-10 07:00,30.6,30.5,31.0,60,1.0
2024-08-10 08:00,30.59,30.4,30.8,55,0.917
2024-08-10 09:00,30.53,30.4,30.7,58,0.967
2024-08-10 10:00,30.5,30.4,30.7,60,1.0
2024-08-10 11:00,30.49,30.3,30.8,60,1.0
2024-08-10 12:00,30.42,30.3,30.6,60,1.0
2024-08-10 13:00,30.37,30.3,30.5,60,1.0
2024-08-10 14:00,30.32,30.3,30.6,60,1.0
2024-08-10 15:00,30.37,30.3,30.7,60,1.0
2024-08-10 16:00,30.43,30.3,30.7,60,1.0
2024-08-10 17:00,30.45,30.4,30.6,60,1.0
2024-08-10 18:00,30.38,30.2,30.5,60,1.0
2024-08-10 19:00,30.32,30.2,30.5,60,1.0
2024-08-10 20:00,30.32,30.2,30.5,60,1.0
2024-08-10 21:00,30.36,30.2,30.5,60,1.0
2024-08-10 22:00,30.31,30.2,30.6,54,0.9
2024-08-10 23:00,30.33,30.2,30.6,50,0.833
2024-08-11 00:00,30.43,30.3,30.6,60,1.0
2024-08-11 01:00,30.42,30.2,30.5,60,1.0
2024-08-11 02:00,30.36,30.2,30.6,60,1.0
2024-08-11 03:00,30.28,30.2,30.6,58,0.967
2024-08-11 04:00,30.26,30.2,30.4,60,1.0
2024-08-11 05:00,30.26,30.2,30.4,60,1.0
2024-08-11 06:00,30.3,30.2,30.5,60,1.0
2024-08-11 07:00,30.31,30.2,30.5,52,0.867
2024-08-11 08:00,30.3,30.2,30.5,58,0.967
2024-08-11 09:00,30.29,30.2,30.4,45,0.75
2024-08-11 10:00,30.29,30.2,30.4,47,0.783
2024-08-11 11:00,30.22,30.1,30.3,59,0.983
2024-08-11 12:00,30.16,30.1,30.3,60,1.0
2024-08-11 13:00,30.16,30.0,30.3,60,1.0
2024-08-11 14:00,30.08,30.0,30.3,47,0.783
2024-08-11 15:00,30.09,30.0,30.2,55,0.917
2024-08-11 16:00,30.18,30.0,30.3,60,1.0
2024-08-11 17:00,30.14,30.0,30.3,60,1.0
2024-08-11 18:00,30.06,30.0,30.2,60,1.0
2024-08-11 19:00,30.11,30.0,30.2,60,1.0
2024-08-11 20:00,30.21,30.1,30.3,59,0.983
2024-08-11 21:00,30.16,30.0,30.3,60,1.0
2024-08-11 22:00,30.09,30.0,30.3,60,1.0
2024-08-11 23:00,30.07,30.0,30.2,60,1.0
2024-08-12 00:00,30.07,30.0,30.3,60,1.0
2024-08-12 01:00,30.08,30.0,30.2,60,1.0
2024-08-12 02:00,30.13,30.0,30.4,60,1.0
2024-08-12 03:00,30.16,30.0,30.3,60,1.0
2024-08-12 04:00,30.17,30.0,30.3,60,1.0
2024-08-12 05:00,30.19,30.0,30.3,60,1.0
2024-08-12 06:00,30.17,30.0,30.3,60,1.0
2024-08-12 07:00,30.1,30.0,30.3,60,1.0
2024-08-12 08:00,30.11,30.0,30.3,55,0.917
2024-08-12 09:00,30.09,30.0,30.2,59,0.983
2024-08-12 10:00,29.99,29.9,30.2,60,1.0
2024-08-12 11:00,30.01,29.9,30.2,57,0.95
2024-08-12 12:00,29.97,29.8,30.2,55,0.917
2024-08-12 13:00,29.97,29.8,30.2,54,0.9
2024-08-12 14:00,29.88,29.8,30.0,59,0.983
2024-08-12 15:00,29.94,29.8,30.1,59,0.983
2024-08-12 16:00,29.99,29.9,30.2,60,1.0
2024-08-12 17:00,30.0,29.9,30.2,60,1.0
2024-08-12 18:00,29.91,29.8,30.1,57,0.95
2024-08-12 19:00,29.9,29.8,30.1,59,0.983
2024-08-12 20:00,30.0,29.9,30.1,60,1.0
2024-08-12 21:00,30.02,29.9,30.2,60,1.0
2024-08-12 22:00,29.97,29.8,30.1,60,1.0
2024-08-12 23:00,29.92,29.8,30.0,60,1.0
2024-08-13 00:00,29.9,29.8,30.1,60,1.0
2024-08-13 01:00,29.9,29.8,30.0,60,1.0
2024-08-13 02:00,29.9,29.8,30.1,59,0.983
2024-08-13 03:00,29.91,29.8,30.1,60,1.0
2024-08-13 04:00,29.92,29.8,30.0,60,1.0
2024-08-13 05:00,29.94,29.8,30.1,60,1.0
2024-08-13 06:00,29.9,29.8,30.1,60,1.0
2024-08-13 07:00,29.96,29.8,30.2,60,1.0
2024-08-13 08:00,29.96,29.8,30.1,60,1.0
2024-08-13 09:00,29.92,29.8,30.1,60,1.0
2024-08-13 10:00,29.9,29.8,30.0,60,1.0
2024-08-13 11:00,29.86,29.7,30.1,60,1.0
2024-08-13 12:00,29.79,29.6,30.0,60,1.0
2024-08-13 13:00,29.79,29.7,29.9,60,1.0
2024-08-13 14:00,29.7,29.6,29.9,60,1.0
2024-08-13 15:00,29.72,29.6,29.9,58,0.967
2024-08-13 16:00,29.78,29.7,30.0,59,0.983
2024-08-13 17:00,29.85,29.7,30.0,59,0.983
2024-08-13 18:00,29.77,29.7,30.0,59,0.983
2024-08-13 19:00,29.71,29.6,29.8,60,1.0
2024-08-13 20:00,29.78,29.7,29.9,60,1.0
2024-08-13 21:00,29.86,29.7,30.0,60,1.0
2024-08-13 22:00,29.85,29.7,30.0,60,1.0
2024-08-13 23:00,29.81,29.7,30.0,58,0.967
2024-08-14 00:00,29.75,29.7,29.9,60,1.0
2024-08-14 01:00,29.72,29.7,29.9,60,1.0
2024-08-14 02:00,29.71,29.7,29.9,60,1.0
2024-08-14 03:00,29.72,29.6,29.9,60,1.0
2024-08-14 04:00,29.72,29.7,29.9,60,1.0
2024-08-14 05:00,29.71,29.6,29.8,60,1.0
2024-08-14 06:00,29.74,29.6,30.0,60,1.0
2024-08-14 07:00,29.78,29.7,29.9,60,1.0
2024-08-14 08:00,29.77,29.6,29.9,60,1.0
2024-08-14 09:00,29.74,29.6,29.9,60,1.0
2024-08-14 10:00,29.78,29.7,29.9,60,1.0
2024-08-14 11:00,29.7,29.6,30.0,60,1.0
2024-08-14 12:00,29.64,29.5,29.8,59,0.983
2024-08-14 13:00,29.66,29.5,29.8,60,1.0
2024-08-14 14:00,29.56,29.5,29.7,60,1.0
2024-08-14 15:00,29.59,29.5,29.8,60,1.0
2024-08-14 16:00,29.7,29.6,29.9,60,1.0
2024-08-14 17:00,29.69,29.6,29.8,60,1.0
2024-08-14 18:00,29.62,29.5,30.0,60,1.0
2024-08-14 19:00,29.6,29.5,29.8,60,1.0
2024-08-14 20:00,29.7,29.6,29.8,60,1.0
2024-08-14 21:00,29.71,29.6,29.8,59,0.983
2024-08-14 22:00,29.72,29.6,29.9,48,0.8
2024-08-14 23:00,29.64,29.5,29.8,49,0.817
2024-08-15 00:00,29.56,29.5,29.7,60,1.0
2024-08-15 01:00,29.58,29.5,29.8,55,0.917
2024-08-15 02:00,29.59,29.5,29.8,47,0.783
2024-08-15 03:00,29.64,29.5,29.8,47,0.783
2024-08-15 04:00,29.7,29.5,29.9,59,0.983
2024-08-15 05:00,29.69,29.5,29.8,60,1.0
2024-08-15 06:00,29.61,29.5,29.8,60,1.0
2024-08-15 07:00,29.61,29.5,29.9,60,1.0
2024-08-15 08:00,29.64,29.5,29.8,60,1.0
2024-08-15 09:00,29.62,29.5,29.7,60,1.0
2024-08-15 10:00,29.52,29.4,29.7,60,1.0
2024-08-15 11:00,29.52,29.4,29.6,60,1.0
2024-08-15 12:00,29.44,29.3,29.6,60,1.0
2024-08-15 13:00,29.49,29.4,29.6,60,1.0
2024-08-15 14:00,29.39,29.3,29.5,60,1.0
2024-08-15 15:00,29.36,29.3,29.6,60,1.0
2024-08-15 16:00,29.41,29.3,29.7,60,1.0
2024-08-15 17:00,29.49,29.4,29.8,60,1.0
2024-08-15 18:00,29.4,29.3,29.6,60,1.0
2024-08-15 19:00,29.36,29.3,29.5,60,1.0
2024-08-15 20:00,29.38,29.3,29.5,60,1.0
2024-08-15 21:00,29.37,29.3,29.5,60,1.0
2024-08-15 22:00,29.42,29.3,29.7,60,1.0
2024-08-15 23:00,29.51,29.4,29.6,60,1.0
2024-08-16 00:00,29.49,29.3,29.6,60,1.0
2024-08-16 01:00,29.44,29.3,29.6,60,1.0
2024-08-16 02:00,29.38,29.3,29.5,60,1.0
2024-08-16 03:00,29.36,29.3,29.5,60,1.0
2024-08-16 04:00,29.36,29.3,29.5,60,1.0
2024-08-16 05:00,29.36,29.3,29.5,60,1.0
2024-08-16 06:00,29.38,29.3,29.6,60,1.0
2024-08-16 07:00,29.4,29.3,29.5,59,0.983
2024-08-16 08:00,29.41,29.3,29.6,58,0.967
2024-08-16 09:00,29.44,29.4,29.7,60,1.0
2024-08-16 10:00,29.4,29.2,29.6,59,0.983
2024-08-16 11:00,29.35,29.2,29.5,60,1.0
2024-08-16 12:00,29.27,29.2,29.5,60,1.0
2024-08-16 13:00,29.32,29.2,29.6,60,1.0
2024-08-16 14:00,29.33,29.2,29.5,59,0.983
2024-08-16 15:00,29.22,29.2,29.3,60,1.0
2024-08-16 16:00,29.21,29.1,29.4,58,0.967
2024-08-16 17:00,29.26,29.2,29.6,60,1.0
2024-08-16 18:00,29.32,29.2,29.5,60,1.0
2024-08-16 19:00,29.24,29.1,29.5,59,0.983
2024-08-16 20:00,29.28,29.2,29.5,60,1.0
2024-08-16 21:00,29.23,29.2,29.4,60,1.0
2024-08-16 22:00,29.22,29.2,29.4,60,1.0
2024-08-16 23:00,29.34,29.2,29.6,60,1.0
2024-08-17 00:00,29.37,29.3,29.5,60,1.0
2024-08-17 01:00,29.38,29.3,29.5,60,1.0
2024-08-17 02:00,29.31,29.2,29.6,60,1.0
2024-08-17 03:00,29.28,29.2,29.5,60,1.0
2024-08-17 04:00,29.24,29.2,29.4,60,1.0
2024-08-17 05:00,29.26,29.1,29.5,60,1.0
2024-08-17 06:00,29.27,29.1,29.5,60,1.0
2024-08-17 07:00,29.24,29.2,29.4,60,1.0
2024-08-17 08:00,29.3,29.2,29.5,60,1.0
2024-08-17 09:00,29.29,29.1,29.4,59,0.983
2024-08-17 10:00,29.2,29.1,29.3,54,0.9
2024-08-17 11:00,29.18,29.1,29.4,59,0.983
2024-08-17 12:00,29.16,29.1,29.4,60,1.0
2024-08-17 13:00,29.21,29.1,29.4,59,0.983
2024-08-17 14:00,29.18,29.1,29.3,59,0.983
2024-08-17 15:00,29.12,29.0,29.4,45,0.75
2024-08-17 16:00,29.07,29.0,29.2,46,0.767
2024-08-17 17:00,29.12,29.0,29.3,59,0.983
2024-08-17 18:00,29.21,29.1,29.4,60,1.0
2024-08-17 19:00,29.19,29.0,29.3,60,1.0
2024-08-17 20:00,29.09,29.0,29.2,60,1.0
2024-08-17 21:00,29.07,29.0,29.3,60,1.0
2024-08-17 22:00,29.13,29.0,29.3,60,1.0
2024-08-17 23:00,29.18,29.1,29.4,60,1.0
2024-08-18 00:00,29.21,29.1,29.4,60,1.0
2024-08-18 01:00,29.22,29.1,29.4,60,1.0
2024-08-18 02:00,29.22,29.1,29.4,60,1.0
2024-08-18 03:00,29.22,29.1,29.4,60,1.0
2024-08-18 04:00,29.22,29.1,29.3,60,1.0
2024-08-18 05:00,29.29,29.1,29.6,57,0.95
2024-08-18 06:00,29.44,29.3,29.5,60,1.0
2024-08-18 07:00,29.37,29.3,29.5,60,1.0
2024-08-18 08:00,29.38,29.3,29.7,60,1.0
2024-08-18 09:00,29.42,29.3,29.6,60,1.0
2024-08-18 10:00,29.37,29.3,29.5,60,1.0
2024-08-18 11:00,29.33,29.3,29.5,60,1.0
2024-08-18 12:00,29.35,29.2,29.6,60,1.0
2024-08-18 13:00,29.39,29.3,29.5,60,1.0
2024-08-18 14:00,29.37,29.3,29.5,60,1.0
2024-08-18 15:00,29.35,29.3,29.5,60,1.0
2024-08-18 16:00,29.32,29.2,29.5,60,1.0
2024-08-18 17:00,29.31,29.2,29.5,60,1.0
2024-08-18 18:00,29.23,29.1,29.4,60,1.0
2024-08-18 19:00,29.33,29.2,29.6,60,1.0
2024-08-18 20:00,29.42,29.3,29.6,60,1.0
2024-08-18 21:00,29.44,29.4,29.6,60,1.0
2024-08-18 22:00,29.44,29.3,29.7,60,1.0
2024-08-18 23:00,29.39,29.2,29.5,60,1.0
2024-08-19 00:00,29.36,29.3,29.6,60,1.0
2024-08-19 01:00,29.39,29.3,29.5,60,1.0
2024-08-19 02:00,29.35,29.2,29.5,60,1.0
2024-08-19 03:00,29.32,29.2,29.4,60,1.0
2024-08-19 04:00,29.32,29.3,29.4,60,1.0
2024-08-19 05:00,29.32,29.3,29.5,60,1.0
2024-08-19 06:00,29.4,29.2,29.6,60,1.0
2024-08-19 07:00,29.37,29.3,29.6,60,1.0
2024-08-19 08:00,29.39,29.3,29.5,49,0.817
2024-08-19 09:00,29.41,29.2,29.5,52,0.867
2024-08-19 10:00,29.35,29.2,29.6,55,0.917
2024-08-19 11:00,29.33,29.2,29.6,58,0.967
2024-08-19 12:00,29.2,29.1,29.3,47,0.783
2024-08-19 13:00,29.18,29.1,29.3,46,0.767
2024-08-19 14:00,29.2,29.1,29.3,52,0.867
2024-08-19 15:00,29.22,29.1,29.4,60,1.0
2024-08-19 16:00,29.28,29.2,29.4,49,0.817
2024-08-19 17:00,29.31,29.2,29.5,54,0.9
2024-08-19 18:00,29.26,29.2,29.4,47,0.783
2024-08-19 19:00,29.19,29.1,29.3,54,0.9
2024-08-19 20:00,29.21,29.1,29.3,47,0.783
2024-08-19 21:00,29.31,29.2,29.5,51,0.85
2024-08-19 22:00,29.32,29.3,29.4,50,0.833
2024-08-19 23:00,29.34,29.3,29.5,50,0.833
2024-08-20 00:00,29.34,29.3,29.5,60,1.0
2024-08-20 11:00,29.19,29.1,29.4,52,0.867
2024-08-20 12:00,29.2,29.1,29.3,60,1.0
2024-08-20 13:00,29.11,29.0,29.2,60,1.0
2024-08-20 14:00,29.1,29.0,29.2,60,1.0
2024-08-20 15:00,29.11,29.1,29.2,60,1.0
2024-08-20 16:00,29.17,29.1,29.3,60,1.0
2024-08-20 17:00,29.23,29.1,29.4,60,1.0
2024-08-20 18:00,29.27,29.1,29.5,60,1.0
2024-08-20 19:00,29.36,29.2,29.5,60,1.0
2024-08-20 20:00,29.33,29.3,29.4,60,1.0
2024-08-20 21:00,29.39,29.3,29.5,60,1.0
2024-08-20 22:00,29.44,29.3,29.6,60,1.0
2024-08-20 23:00,29.46,29.4,29.5,60,1.0
2024-08-21 00:00,29.44,29.3,29.6,60,1.0
2024-08-21 01:00,29.43,29.3,29.6,60,1.0
2024-08-21 02:00,29.39,29.3,29.6,60,1.0
2024-08-21 03:00,29.38,29.3,29.5,60,1.0
2024-08-21 04:00,29.36,29.2,29.5,60,1.0
2024-08-21 05:00,29.31,29.2,29.4,60,1.0
2024-08-21 06:00,29.34,29.2,29.5,60,1.0
2024-08-21 07:00,29.36,29.2,29.5,60,1.0
2024-08-21 08:00,29.39,29.2,29.5,60,1.0
2024-08-21 09:00,29.36,29.2,29.6,59,0.983
2024-08-21 10:00,29.24,29.1,29.5,60,1.0
2024-08-21 11:00,29.2,29.1,29.6,60,1.0
2024-08-21 12:00,29.24,29.1,29.4,59,0.983
2024-08-21 13:00,29.24,29.1,29.5,60,1.0
2024-08-21 14:00,29.16,29.1,29.3,60,1.0
2024-08-21 15:00,29.13,29.1,29.3,58,0.967
2024-08-21 16:00,29.12,29.1,29.2,60,1.0
2024-08-21 17:00,29.11,29.1,29.3,60,1.0
2024-08-21 18:00,29.15,29.1,29.4,60,1.0
2024-08-21 19:00,29.29,29.2,29.4,60,1.0
2024-08-21 20:00,29.27,29.1,29.5,60,1.0
2024-08-21 21:00,29.19,29.1,29.3,60,1.0
2024-08-21 22:00,29.2,29.1,29.3,60,1.0
2024-08-21 23:00,29.23,29.1,29.4,60,1.0
2024-08-22 00:00,29.27,29.2,29.5,60,1.0
2024-08-22 01:00,29.33,29.2,29.5,60,1.0
2024-08-22 02:00,29.31,29.2,29.6,60,1.0
2024-08-22 03:00,29.34,29.2,29.5,60,1.0
2024-08-22 04:00,29.34,29.2,29.5,59,0.983
2024-08-22 05:00,29.33,29.3,29.4,59,0.983
2024-08-22 06:00,29.33,29.3,29.4,59,0.983
2024-08-22 07:00,29.27,29.2,29.5,60,1.0
2024-08-22 08:00,29.26,29.1,29.4,59,0.983
2024-08-22 09:00,29.2,29.1,29.4,58,0.967
2024-08-22 10:00,29.18,29.1,29.3,59,0.983
2024-08-22 11:00,29.19,29.1,29.3,60,1.0
2024-08-22 12:00,29.21,29.1,29.4,60,1.0
2024-08-22 13:00,29.2,29.1,29.5,59,0.983
2024-08-22 14:00,29.13,29.1,29.3,59,0.983
2024-08-22 15:00,29.12,29.1,29.3,60,1.0
2024-08-22 16:00,29.17,29.1,29.3,60,1.0
2024-08-22 17:00,29.27,29.2,29.4,60,1.0
2024-08-22 18:00,29.29,29.2,29.4,59,0.983
2024-08-22 19:00,29.23,29.1,29.4,60,1.0
2024-08-22 20:00,29.17,29.1,29.3,60,1.0
2024-08-22 21:00,29.18,29.1,29.4,60,1.0
2024-08-22 22:00,29.2,29.1,29.4,59,0.983
2024-08-22 23:00,29.23,29.1,29.5,60,1.0
2024-08-23 00:00,29.24,29.1,29.4,60,1.0
2024-08-23 01:00,29.28,29.1,29.4,60,1.0
2024-08-23 02:00,29.29,29.1,29.5,60,1.0
2024-08-23 03:00,29.32,29.2,29.6,57,0.95
2024-08-23 04:00,29.3,29.2,29.5,60,1.0
2024-08-23 05:00,29.3,29.2,29.5,60,1.0
2024-08-23 06:00,29.26,29.1,29.4,60,1.0
2024-08-23 07:00,29.24,29.1,29.4,60,1.0
2024-08-23 08:00,29.22,29.1,29.4,60,1.0
2024-08-23 09:00,29.22,29.1,29.4,59,0.983
2024-08-23 10:00,29.15,29.1,29.3,59,0.983
2024-08-23 11:00,29.17,29.1,29.4,59,0.983
2024-08-23 12:00,29.13,29.1,29.3,59,0.983
2024-08-23 13:00,29.23,29.2,29.4,59,0.983
2024-08-23 14:00,29.22,29.1,29.4,59,0.983
2024-08-23 15:00,29.15,29.1,29.3,60,1.0
2024-08-23 16:00,29.12,29.1,29.2,60,1.0
2024-08-23 17:00,29.11,29.1,29.2,60,1.0
2024-08-23 18:00,29.13,29.1,29.2,60,1.0
2024-08-23 19:00,29.25,29.1,29.4,56,0.933
2024-08-23 20:00,29.32,29.3,29.4,6,0.1
2024-08-24 11:00,29.27,29.2,29.3,12,0.2
2024-08-24 12:00,29.16,29.1,29.4,60,1.0
2024-08-24 13:00,29.16,29.1,29.3,60,1.0
2024-08-24 14:00,29.25,29.2,29.5,60,1.0
2024-08-24 15:00,29.26,29.2,29.4,60,1.0
2024-08-24 16:00,29.27,29.2,29.4,60,1.0
2024-08-24 17:00,29.28,29.2,29.4,59,0.983
2024-08-24 18:00,29.23,29.1,29.4,57,0.95
2024-08-24 19:00,29.16,29.1,29.3,53,0.883
2024-08-24 20:00,29.27,29.1,29.4,51,0.85
2024-08-24 21:00,29.3,29.2,29.4,60,1.0
2024-08-24 22:00,29.25,29.1,29.4,60,1.0
2024-08-24 23:00,29.19,29.1,29.5,60,1.0
2024-08-25 00:00,29.2,29.1,29.3,60,1.0
2024-08-25 01:00,29.2,29.1,29.3,60,1.0
2024-08-25 02:00,29.24,29.1,29.4,60,1.0
2024-08-25 03:00,29.27,29.2,29.4,60,1.0
2024-08-25 04:00,29.29,29.2,29.6,60,1.0
2024-08-25 05:00,29.29,29.2,29.6,60,1.0
2024-08-25 06:00,29.28,29.1,29.5,60,1.0
2024-08-25 07:00,29.24,29.1,29.4,60,1.0
2024-08-25 08:00,29.22,29.1,29.4,60,1.0
2024-08-25 09:00,29.23,29.1,29.4,60,1.0
2024-08-25 10:00,29.24,29.1,29.4,60,1.0
2024-08-25 11:00,29.19,29.1,29.4,60,1.0
2024-08-25 12:00,29.12,29.1,29.2,60,1.0
2024-08-25 13:00,29.22,29.1,29.5,60,1.0
2024-08-25 14:00,29.17,29.1,29.4,60,1.0
2024-08-25 15:00,29.18,29.0,29.4,60,1.0
2024-08-25 16:00,29.23,29.1,29.3,60,1.0
2024-08-25 17:00,29.24,29.2,29.4,60,1.0
2024-08-25 18:00,29.2,29.1,29.3,60,1.0
2024-08-25 19:00,29.13,29.0,29.3,60,1.0
2024-08-25 20:00,29.24,29.1,29.5,60,1.0
2024-08-25 21:00,29.18,29.1,29.3,60,1.0
2024-08-25 22:00,29.11,29.0,29.2,60,1.0
2024-08-25 23:00,29.1,29.0,29.2,60,1.0
2024-08-26 00:00,29.11,29.0,29.3,60,1.0
2024-08-26 01:00,29.11,29.0,29.2,60,1.0
2024-08-26 02:00,29.14,29.1,29.4,60,1.0
2024-08-26 03:00,29.16,29.1,29.4,60,1.0
2024-08-26 04:00,29.18,29.0,29.3,60,1.0
2024-08-26 05:00,29.2,29.1,29.4,60,1.0
2024-08-26 06:00,29.14,29.0,29.3,60,1.0
2024-08-26 07:00,29.13,29.0,29.2,60,1.0
2024-08-26 08:00,29.11,29.0,29.3,60,1.0
2024-08-26 09:00,29.16,29.0,29.3,60,1.0
2024-08-26 10:00,29.19,29.1,29.3,57,0.95
2024-08-26 11:00,29.09,29.0,29.3,45,0.75
2024-08-26 12:00,29.03,29.0,29.2,57,0.95
2024-08-26 13:00,29.09,29.0,29.3,60,1.0
2024-08-26 14:00,29.15,29.0,29.4,60,1.0
2024-08-26 15:00,29.07,29.0,29.2,60,1.0
2024-08-26 16:00,29.09,29.0,29.3,60,1.0
2024-08-26 17:00,29.03,29.0,29.1,60,1.0
2024-08-26 18:00,29.02,29.0,29.2,60,1.0
2024-08-26 19:00,29.04,29.0,29.2,60,1.0
2024-08-26 20:00,29.06,29.0,29.2,60,1.0
2024-08-26 21:00,29.18,29.1,29.3,60,1.0
2024-08-26 22:00,29.18,29.0,29.4,60,1.0
2024-08-26 23:00,29.12,29.0,29.3,59,0.983
2024-08-27 00:00,29.06,29.0,29.3,60,1.0
2024-08-27 01:00,29.07,29.0,29.2,58,0.967
2024-08-27 02:00,29.07,29.0,29.3,59,0.983
2024-08-27 03:00,29.08,29.0,29.3,60,1.0
2024-08-27 04:00,29.1,29.0,29.3,60,1.0
2024-08-27 05:00,29.11,29.0,29.2,59,0.983
2024-08-27 06:00,29.15,29.0,29.3,60,1.0
2024-08-27 07:00,29.1,29.0,29.3,60,1.0
2024-08-27 08:00,29.11,29.0,29.3,58,0.967
2024-08-27 09:00,29.15,29.0,29.3,60,1.0
2024-08-27 10:00,29.17,29.1,29.5,59,0.983
2024-08-27 11:00,29.09,29.0,29.3,60,1.0
2024-08-27 12:00,29.06,29.0,29.4,60,1.0
2024-08-27 13:00,29.06,28.9,29.2,57,0.95
2024-08-27 14:00,29.12,29.1,29.3,60,1.0
2024-08-27 15:00,29.1,29.0,29.2,60,1.0
2024-08-27 16:00,29.09,29.0,29.3,60,1.0
2024-08-27 17:00,29.08,29.0,29.3,60,1.0
2024-08-27 18:00,29.01,28.9,29.2,60,1.0
2024-08-27 19:00,29.0,28.9,29.1,60,1.0
2024-08-27 20:00,29.07,29.0,29.3,60,1.0
2024-08-27 21:00,29.13,29.0,29.3,60,1.0
2024-08-27 22:00,29.13,29.0,29.3,60,1.0
2024-08-27 23:00,29.07,28.9,29.4,60,1.0
2024-08-28 00:00,29.0,28.9,29.1,60,1.0
2024-08-28 01:00,29.0,28.9,29.2,60,1.0
2024-08-28 02:00,29.01,28.9,29.2,60,1.0
2024-08-28 03:00,29.01,28.9,29.1,60,1.0
2024-08-28 04:00,29.02,28.9,29.3,60,1.0
2024-08-28 05:00,29.04,28.9,29.2,60,1.0
2024-08-28 06:00,29.03,28.9,29.2,60,1.0
2024-08-28 07:00,29.06,28.9,29.4,60,1.0
2024-08-28 08:00,29.02,28.9,29.2,60,1.0
2024-08-28 09:00,29.07,28.9,29.3,60,1.0
2024-08-28 10:00,29.04,28.9,29.2,60,1.0
2024-08-28 11:00,29.0,28.9,29.2,60,1.0
2024-08-28 12:00,28.94,28.8,29.1,60,1.0
2024-08-28 13:00,28.99,28.9,29.2,60,1.0
2024-08-28 14:00,29.01,28.9,29.2,60,1.0
2024-08-28 15:00,29.0,28.9,29.2,60,1.0
2024-08-28 16:00,29.02,28.9,29.2,60,1.0
2024-08-28 17:00,29.03,28.9,29.2,59,0.983
2024-08-28 18:00,29.0,28.9,29.2,60,1.0
2024-08-28 19:00,28.91,28.8,29.0,60,1.0
2024-08-28 20:00,28.96,28.9,29.2,60,1.0
2024-08-28 21:00,29.02,28.9,29.2,60,1.0
2024-08-28 22:00,29.02,28.9,29.2,60,1.0
2024-08-28 23:00,28.96,28.8,29.2,60,1.0
2024-08-29 00:00,28.91,28.8,29.1,60,1.0
2024-08-29 01:00,28.92,28.9,29.1,60,1.0
2024-08-29 02:00,28.93,28.8,29.1,53,0.883
2024-08-29 03:00,28.96,28.9,29.1,60,1.0
2024-08-29 04:00,29.0,28.9,29.1,60,1.0
2024-08-29 05:00,29.0,28.9,29.2,60,1.0
2024-08-29 06:00,28.97,28.8,29.1,60,1.0
2024-08-29 07:00,28.94,28.8,29.1,60,1.0
2024-08-29 08:00,28.94,28.8,29.2,60,1.0
2024-08-29 09:00,29.0,28.9,29.2,60,1.0
2024-08-29 10:00,29.01,28.9,29.1,60,1.0
2024-08-29 11:00,28.92,28.8,29.1,60,1.0
2024-08-29 12:00,28.83,28.8,29.0,60,1.0
2024-08-29 13:00,28.91,28.8,29.0,60,1.0
2024-08-29 14:00,28.93,28.8,29.1,60,1.0
2024-08-29 15:00,28.9,28.8,29.1,60,1.0
2024-08-29 16:00,28.96,28.9,29.1,60,1.0
2024-08-29 17:00,28.96,28.9,29.1,60,1.0
2024-08-29 18:00,28.82,28.8,29.0,60,1.0
2024-08-29 19:00,28.88,28.8,29.0,60,1.0
2024-08-29 20:00,28.97,28.9,29.1,60,1.0
2024-08-29 21:00,28.94,28.8,29.1,60,1.0
2024-08-29 22:00,28.84,28.8,29.1,60,1.0
2024-08-29 23:00,28.85,28.8,29.0,60,1.0
2024-08-30 00:00,28.83,28.8,29.0,60,1.0
2024-08-30 01:00,28.83,28.8,29.0,60,1.0
2024-08-30 02:00,28.85,28.8,29.0,60,1.0
2024-08-30 03:00,28.85,28.8,29.0,60,1.0
2024-08-30 04:00,28.89,28.8,29.1,60,1.0
2024-08-30 05:00,28.89,28.8,29.2,60,1.0
2024-08-30 06:00,28.87,28.8,29.1,60,1.0
2024-08-30 07:00,28.87,28.8,29.0,60,1.0
2024-08-30 08:00,28.88,28.8,29.1,60,1.0
2024-08-30 09:00,28.92,28.8,29.1,59,0.983
2024-08-30 10:00,28.93,28.8,29.1,59,0.983
2024-08-30 11:00,28.83,28.7,29.0,60,1.0
2024-08-30 12:00,28.82,28.7,29.0,60,1.0
2024-08-30 13:00,28.76,28.7,29.0,60,1.0
2024-08-30 14:00,28.86,28.7,29.0,60,1.0
2024-08-30 15:00,28.89,28.8,29.1,60,1.0
2024-08-30 16:00,28.9,28.8,29.0,60,1.0
2024-08-30 17:00,28.85,28.7,29.0,60,1.0
2024-08-30 18:00,28.82,28.7,29.2,60,1.0
2024-08-30 19:00,28.78,28.7,29.0,60,1.0
2024-08-30 20:00,28.81,28.7,29.0,60,1.0
2024-08-30 21:00,28.91,28.8,29.1,60,1.0
2024-08-30 22:00,28.9,28.8,29.0,60,1.0
2024-08-30 23:00,28.82,28.7,29.1,60,1.0
2024-08-31 00:00,28.79,28.7,28.9,60,1.0
2024-08-31 01:00,28.78,28.7,28.9,47,0.783
2024-08-31 02:00,28.77,28.7,28.9,54,0.9
2024-08-31 03:00,28.79,28.7,28.9,56,0.933
2024-08-31 04:00,28.8,28.7,29.0,60,1.0
2024-08-31 05:00,28.83,28.7,29.0,58,0.967
2024-08-31 06:00,28.81,28.7,29.1,60,1.0
2024-08-31 07:00,28.82,28.7,29.0,60,1.0
2024-08-31 08:00,28.81,28.7,29.1,60,1.0
2024-08-31 09:00,28.8,28.7,29.1,60,1.0
2024-08-31 10:00,28.76,28.7,28.9,60,1.0
2024-08-31 11:00,28.78,28.7,28.9,60,1.0
2024-08-31 12:00,28.76,28.6,29.0,60,1.0
2024-08-31 13:00,28.71,28.6,28.9,60,1.0
2024-08-31 14:00,28.69,28.6,28.8,60,1.0
2024-08-31 15:00,28.71,28.6,28.9,60,1.0
2024-08-31 16:00,28.78,28.6,28.9,60,1.0
2024-08-31 17:00,28.82,28.7,29.1,60,1.0
2024-08-31 18:00,28.71,28.6,28.8,59,0.983
2024-08-31 19:00,28.72,28.6,28.8,59,0.983
2024-08-31 20:00,28.81,28.7,29.0,60,1.0
2024-08-31 21:00,28.83,28.8,29.1,60,1.0
2024-08-31 22:00,28.83,28.7,29.0,60,1.0
2024-08-31 23:00,28.81,28.7,28.9,60,1.0
2024-09-01 00:00,28.78,28.7,28.9,60,1.0
2024-09-01 01:00,28.76,28.6,28.9,60,1.0
2024-09-01 02:00,28.73,28.6,28.9,60,1.0
2024-09-01 03:00,28.73,28.6,28.8,60,1.0
2024-09-01 04:00,28.71,28.6,28.8,60,1.0
2024-09-01 05:00,28.68,28.6,28.8,60,1.0
2024-09-01 06:00,28.69,28.6,28.8,60,1.0
2024-09-01 07:00,28.76,28.6,29.0,60,1.0
2024-09-01 08:00,28.78,28.7,29.0,60,1.0
2024-09-01 09:00,28.75,28.6,28.9,60,1.0
2024-09-01 10:00,28.72,28.6,29.0,60,1.0
2024-09-01 11:00,28.68,28.6,28.9,60,1.0
2024-09-01 12:00,28.7,28.6,29.0,60,1.0
2024-09-01 13:00,28.61,28.5,28.9,60,1.0
2024-09-01 14:00,28.6,28.5,28.7,60,1.0
2024-09-01 15:00,28.64,28.6,28.7,60,1.0
2024-09-01 16:00,28.67,28.6,28.9,59,0.983
2024-09-01 17:00,28.7,28.5,28.9,59,0.983
2024-09-01 18:00,28.72,28.6,28.9,60,1.0
2024-09-01 19:00,28.66,28.6,28.8,59,0.983
2024-09-01 20:00,28.73,28.6,28.9,60,1.0
2024-09-01 21:00,28.62,28.6,28.8,60,1.0
2024-09-01 22:00,28.63,28.6,28.8,60,1.0
2024-09-01 23:00,28.65,28.6,28.9,60,1.0
2024-09-02 00:00,28.72,28.6,28.9,60,1.0
2024-09-02 01:00,28.75,28.7,28.9,60,1.0
2024-09-02 02:00,28.73,28.6,28.9,60,1.0
2024-09-02 03:00,28.71,28.6,29.0,60,1.0
2024-09-02 04:00,28.67,28.6,29.0,60,1.0
2024-09-02 05:00,28.64,28.5,28.8,60,1.0
2024-09-02 06:00,28.66,28.6,28.8,60,1.0
2024-09-02 07:00,28.69,28.5,28.8,59,0.983
2024-09-02 08:00,28.71,28.6,28.9,60,1.0
2024-09-02 09:00,28.63,28.6,28.8,60,1.0
2024-09-02 10:00,28.62,28.5,28.8,60,1.0
2024-09-02 11:00,28.7,28.6,28.8,59,0.983
2024-09-02 12:00,28.69,28.6,28.8,60,1.0
2024-09-02 13:00,28.61,28.5,28.8,60,1.0
2024-09-02 14:00,28.56,28.5,28.8,59,0.983
2024-09-02 15:00,28.56,28.5,28.7,59,0.983
2024-09-02 16:00,28.6,28.5,28.8,60,1.0
2024-09-02 17:00,28.7,28.6,28.8,60,1.0
2024-09-02 18:00,28.68,28.5,28.8,60,1.0
2024-09-02 19:00,28.59,28.5,28.7,60,1.0
2024-09-02 20:00,28.63,28.5,28.7,60,1.0
2024-09-02 21:00,28.7,28.6,28.8,60,1.0
2024-09-02 22:00,28.71,28.6,28.9,60,1.0
2024-09-02 23:00,28.7,28.6,28.8,60,1.0
2024-09-03 00:00,28.72,28.6,28.9,60,1.0
2024-09-03 01:00,28.67,28.5,28.8,60,1.0
2024-09-03 02:00,28.65,28.5,28.9,57,0.95
2024-09-03 03:00,28.61,28.5,28.8,45,0.75
2024-09-03 04:00,28.63,28.5,28.8,59,0.983
2024-09-03 05:00,28.64,28.5,28.8,60,1.0
2024-09-03 06:00,28.65,28.5,28.8,60,1.0
2024-09-03 07:00,28.64,28.5,28.8,60,1.0
2024-09-03 08:00,28.59,28.5,28.7,60,1.0
2024-09-03 09:00,28.84,28.6,29.2,58,0.967
2024-09-03 10:00,28.92,28.8,29.1,60,1.0
2024-09-03 11:00,28.93,28.8,29.1,60,1.0
2024-09-03 12:00,28.9,28.8,29.2,60,1.0
2024-09-03 13:00,28.88,28.8,29.0,60,1.0
2024-09-03 14:00,28.89,28.8,29.1,60,1.0
2024-09-03 15:00,28.95,28.8,29.1,60,1.0
2024-09-03 16:00,28.96,28.8,29.2,60,1.0
2024-09-03 17:00,28.99,28.8,29.1,60,1.0
2024-09-03 18:00,28.99,28.8,29.2,60,1.0
2024-09-03 19:00,28.99,28.9,29.1,60,1.0
2024-09-03 20:00,28.93,28.8,29.1,60,1.0
2024-09-03 21:00,28.9,28.8,29.1,60,1.0
2024-09-03 22:00,28.84,28.8,29.0,60,1.0
2024-09-03 23:00,28.85,28.8,29.1,60,1.0
2024-09-04 00:00,28.83,28.8,29.0,60,1.0
2024-09-04 01:00,28.82,28.8,28.9,60,1.0
2024-09-04 02:00,28.82,28.7,28.9,60,1.0
2024-09-04 03:00,28.82,28.8,29.0,60,1.0
2024-09-04 04:00,28.82,28.7,29.1,60,1.0
2024-09-04 05:00,28.82,28.7,29.0,60,1.0
2024-09-04 06:00,28.8,28.7,28.9,60,1.0
2024-09-04 07:00,28.86,28.8,29.1,60,1.0
2024-09-04 08:00,28.86,28.7,29.0,60,1.0
2024-09-04 09:00,28.78,28.7,29.1,60,1.0
2024-09-04 10:00,28.81,28.6,29.0,60,1.0
2024-09-04 11:00,28.74,28.6,28.9,60,1.0
2024-09-04 12:00,28.68,28.6,28.8,60,1.0
2024-09-04 13:00,28.76,28.7,28.9,60,1.0
2024-09-04 14:00,28.77,28.7,28.9,60,1.0
2024-09-04 15:00,28.73,28.6,28.9,60,1.0
2024-09-04 16:00,28.68,28.6,28.8,60,1.0
2024-09-04 17:00,28.66,28.6,28.8,60,1.0
2024-09-04 18:00,28.65,28.6,28.8,60,1.0
2024-09-04 19:00,28.69,28.6,28.8,60,1.0
2024-09-04 20:00,28.8,28.7,28.9,60,1.0
2024-09-04 21:00,28.81,28.7,29.0,59,0.983
2024-09-04 22:00,28.79,28.6,29.0,60,1.0
2024-09-04 23:00,28.77,28.6,28.9,60,1.0
2024-09-05 00:00,28.74,28.6,28.9,60,1.0
2024-09-05 01:00,28.78,28.6,28.9,60,1.0
2024-09-05 02:00,28.72,28.6,28.9,60,1.0
2024-09-05 03:00,28.72,28.6,28.8,60,1.0
2024-09-05 04:00,28.76,28.6,28.9,60,1.0
2024-09-05 05:00,28.73,28.6,28.8,60,1.0
2024-09-05 06:00,28.79,28.7,28.9,60,1.0
2024-09-05 07:00,28.73,28.6,28.9,60,1.0
2024-09-05 08:00,28.69,28.6,28.8,59,0.983
2024-09-05 09:00,28.72,28.6,28.8,51,0.85
2024-09-05 10:00,28.71,28.6,28.9,60,1.0
2024-09-05 11:00,28.87,28.7,29.1,60,1.0
2024-09-05 12:00,28.89,28.7,29.0,60,1.0
2024-09-05 13:00,28.85,28.7,29.0,59,0.983
2024-09-05 14:00,28.77,28.7,28.9,60,1.0
2024-09-05 15:00,28.78,28.7,28.9,60,1.0
2024-09-05 16:00,28.8,28.7,28.9,60,1.0
2024-09-05 17:00,28.86,28.7,29.0,60,1.0
2024-09-05 18:00,28.94,28.9,29.1,60,1.0
2024-09-05 19:00,29.02,28.9,29.1,60,1.0
2024-09-05 20:00,29.04,28.9,29.2,60,1.0
2024-09-05 21:00,29.02,28.9,29.1,60,1.0
2024-09-05 22:00,29.03,28.9,29.1,59,0.983
2024-09-05 23:00,29.05,29.0,29.4,60,1.0
2024-09-06 00:00,29.04,29.0,29.2,60,1.0
2024-09-06 01:00,29.06,28.9,29.3,60,1.0
2024-09-06 02:00,29.05,29.0,29.4,60,1.0
2024-09-06 03:00,29.04,28.9,29.1,60,1.0
2024-09-06 04:00,29.03,28.9,29.2,60,1.0
2024-09-06 05:00,28.98,28.9,29.1,60,1.0
2024-09-06 06:00,28.93,28.8,29.2,60,1.0
2024-09-06 07:00,29.0,28.9,29.1,60,1.0
2024-09-06 08:00,28.98,28.8,29.2,59,0.983
2024-09-06 09:00,29.02,28.8,29.2,59,0.983
2024-09-06 10:00,28.94,28.8,29.2,60,1.0
2024-09-06 11:00,28.9,28.7,29.0,60,1.0
2024-09-06 12:00,28.99,28.9,29.3,60,1.0
2024-09-06 13:00,28.87,28.8,29.0,60,1.0
2024-09-06 14:00,28.84,28.8,29.0,60,1.0
2024-09-06 15:00,28.93,28.8,29.1,60,1.0
2024-09-06 16:00,28.99,28.9,29.2,60,1.0
2024-09-06 17:00,28.94,28.8,29.1,60,1.0
2024-09-06 18:00,28.86,28.8,29.0,60,1.0
2024-09-06 19:00,28.88,28.8,29.0,60,1.0
2024-09-06 20:00,28.9,28.8,29.0,60,1.0
2024-09-06 21:00,28.98,28.9,29.1,60,1.0
2024-09-06 22:00,28.97,28.8,29.1,59,0.983
2024-09-06 23:00,29.02,28.9,29.2,60,1.0
2024-09-07 00:00,29.02,28.9,29.2,59,0.983
2024-09-07 01:00,29.01,28.9,29.1,60,1.0
2024-09-07 02:00,29.02,28.9,29.2,60,1.0
2024-09-07 03:00,28.97,28.8,29.1,60,1.0
2024-09-07 04:00,28.94,28.8,29.1,60,1.0
2024-09-07 05:00,28.88,28.8,29.1,60,1.0
2024-09-07 06:00,28.95,28.8,29.1,60,1.0
2024-09-07 07:00,28.92,28.8,29.1,60,1.0
2024-09-07 08:00,29.0,28.9,29.3,60,1.0
2024-09-07 09:00,28.9,28.8,29.1,60,1.0
2024-09-07 10:00,28.93,28.8,29.1,60,1.0
2024-09-07 11:00,28.9,28.8,29.1,60,1.0
2024-09-07 12:00,28.82,28.7,29.1,60,1.0
2024-09-07 13:00,28.83,28.8,29.0,60,1.0
2024-09-07 14:00,28.88,28.8,29.0,60,1.0
2024-09-07 15:00,28.95,28.9,29.1,59,0.983
2024-09-07 16:00,28.93,28.8,29.1,60,1.0
2024-09-07 17:00,28.91,28.8,29.0,60,1.0
2024-09-07 18:00,28.84,28.7,29.0,60,1.0
2024-09-07 19:00,28.82,28.8,28.9,60,1.0
2024-09-07 20:00,28.84,28.8,29.0,60,1.0
2024-09-07 21:00,28.94,28.8,29.0,60,1.0
2024-09-07 22:00,28.96,28.9,29.1,60,1.0
2024-09-07 23:00,28.99,28.9,29.1,60,1.0
2024-09-08 00:00,29.0,28.9,29.1,60,1.0
2024-09-08 01:00,28.98,28.8,29.2,60,1.0
2024-09-08 02:00,28.98,28.9,29.1,60,1.0
2024-09-08 03:00,28.98,28.9,29.2,60,1.0
2024-09-08 04:00,28.97,28.8,29.2,60,1.0
2024-09-08 05:00,28.94,28.8,29.1,60,1.0
2024-09-08 06:00,28.95,28.8,29.1,60,1.0
2024-09-08 07:00,28.93,28.8,29.1,60,1.0
2024-09-08 08:00,28.91,28.8,29.1,60,1.0
2024-09-08 09:00,28.93,28.8,29.1,60,1.0
2024-09-08 10:00,28.92,28.8,29.3,60,1.0
2024-09-08 11:00,28.89,28.8,29.0,60,1.0
2024-09-08 12:00,28.86,28.7,29.0,60,1.0
2024-09-08 13:00,28.82,28.8,29.0,60,1.0
2024-09-08 14:00,28.83,28.8,29.1,60,1.0
2024-09-08 15:00,28.88,28.8,29.0,60,1.0
2024-09-08 16:00,28.98,28.8,29.1,60,1.0
2024-09-08 17:00,29.0,28.9,29.1,60,1.0
2024-09-08 18:00,28.97,28.8,29.2,59,0.983
2024-09-08 19:00,28.86,28.8,29.0,57,0.95
2024-09-08 20:00,28.89,28.8,29.0,59,0.983
2024-09-08 21:00,28.91,28.8,29.0,60,1.0
2024-09-08 22:00,28.97,28.9,29.2,60,1.0
2024-09-08 23:00,28.96,28.9,29.2,60,1.0
2024-09-09 00:00,28.99,28.9,29.1,60,1.0
2024-09-09 01:00,29.0,28.9,29.1,60,1.0
2024-09-09 02:00,29.04,28.9,29.3,60,1.0
2024-09-09 03:00,28.98,28.9,29.2,60,1.0
2024-09-09 04:00,28.96,28.9,29.1,60,1.0
2024-09-09 05:00,29.15,29.0,29.4,60,1.0
2024-09-09 06:00,29.22,29.1,29.4,60,1.0
2024-09-09 07:00,29.21,29.1,29.3,60,1.0
2024-09-09 08:00,29.24,29.1,29.4,57,0.95
2024-09-09 09:00,29.25,29.1,29.4,50,0.833
2024-09-09 10:00,29.29,29.2,29.4,56,0.933
2024-09-09 11:00,46.53,29.3,78.5,60,1.0
2024-09-09 12:00,79.39,77.9,81.1,60,1.0
2024-09-09 13:00,76.62,75.4,78.0,60,1.0
2024-09-09 14:00,74.39,73.4,75.3,59,0.983
2024-09-09 15:00,72.86,72.1,73.6,59,0.983
2024-09-09 16:00,71.69,71.1,72.3,60,1.0
2024-09-09 17:00,70.85,70.4,71.4,60,1.0
2024-09-09 18:00,70.19,69.9,70.5,60,1.0
2024-09-09 19:00,69.74,69.4,70.2,60,1.0
2024-09-09 20:00,69.3,68.9,69.6,60,1.0
2024-09-09 21:00,68.89,68.6,69.2,60,1.0
2024-09-09 22:00,68.49,68.1,68.9,60,1.0
2024-09-09 23:00,68.16,67.8,68.5,60,1.0
2024-09-10 00:00,67.87,67.6,68.1,60,1.0
2024-09-10 01:00,67.65,67.3,68.0,60,1.0
2024-09-10 02:00,67.39,67.1,67.7,60,1.0
2024-09-10 03:00,67.08,66.8,67.4,58,0.967
2024-09-10 04:00,66.91,66.5,67.2,60,1.0
2024-09-10 05:00,66.71,66.3,67.1,60,1.0
2024-09-10 06:00,66.44,66.1,66.8,60,1.0
2024-09-10 07:00,66.31,65.9,66.6,60,1.0
2024-09-10 08:00,66.03,65.8,66.4,60,1.0
2024-09-10 09:00,65.82,65.5,66.1,60,1.0
2024-09-10 10:00,65.61,65.3,65.9,60,1.0
2024-09-10 11:00,65.34,65.1,65.8,60,1.0
2024-09-10 12:00,65.12,64.9,65.4,60,1.0
2024-09-10 13:00,65.2,64.9,65.5,60,1.0
2024-09-10 14:00,65.05,64.9,65.3,60,1.0
2024-09-10 15:00,64.92,64.7,65.1,60,1.0
2024-09-10 16:00,64.85,64.6,65.3,60,1.0
2024-09-10 17:00,65.03,64.7,65.3,59,0.983
2024-09-10 18:00,64.63,64.5,64.8,60,1.0
2024-09-10 19:00,64.55,64.4,64.8,60,1.0
2024-09-10 20:00,64.61,64.4,65.0,60,1.0
2024-09-10 21:00,64.52,64.3,64.8,60,1.0
2024-09-10 22:00,64.4,64.2,64.8,60,1.0
2024-09-10 23:00,64.5,64.3,64.8,60,1.0
2024-09-11 00:00,64.47,64.3,64.7,60,1.0
2024-09-11 01:00,64.36,64.0,64.5,60,1.0
2024-09-11 02:00,64.19,63.9,64.4,60,1.0
2024-09-11 03:00,64.03,63.7,64.3,60,1.0
2024-09-11 04:00,63.86,63.7,64.1,60,1.0
2024-09-11 05:00,63.94,63.6,64.2,60,1.0
2024-09-11 06:00,63.78,63.5,64.1,60,1.0
2024-09-11 07:00,63.7,63.4,64.1,60,1.0
2024-09-11 08:00,63.54,63.2,63.9,60,1.0
2024-09-11 09:00,63.34,63.1,63.6,60,1.0
2024-09-11 10:00,63.17,62.8,63.5,60,1.0
2024-09-11 11:00,62.9,62.6,63.3,60,1.0
2024-09-11 12:00,62.74,62.5,63.0,60,1.0
2024-09-11 13:00,62.81,62.6,63.1,60,1.0
2024-09-11 14:00,62.69,62.5,62.9,55,0.917
2024-09-11 15:00,62.55,62.3,62.8,46,0.767
2024-09-11 16:00,62.44,62.2,62.7,60,1.0
2024-09-11 17:00,62.28,62.1,62.6,60,1.0
2024-09-11 18:00,62.1,62.0,62.3,60,1.0
2024-09-11 19:00,62.03,61.9,62.2,60,1.0
2024-09-11 20:00,62.06,61.9,62.3,60,1.0
2024-09-11 21:00,62.09,61.8,62.3,60,1.0
2024-09-11 22:00,62.06,61.7,62.3,60,1.0
2024-09-11 23:00,62.04,61.9,62.4,60,1.0
2024-09-12 00:00,62.01,61.8,62.2,60,1.0
2024-09-12 01:00,61.92,61.7,62.2,60,1.0
2024-09-12 02:00,61.86,61.7,62.1,60,1.0
2024-09-12 03:00,61.79,61.6,62.0,60,1.0
2024-09-12 04:00,61.71,61.5,61.9,59,0.983
2024-09-12 05:00,61.62,61.4,61.9,60,1.0
2024-09-12 06:00,61.66,61.4,61.9,60,1.0
2024-09-12 07:00,61.55,61.2,61.8,60,1.0
2024-09-12 08:00,61.47,61.2,61.8,60,1.0
2024-09-12 09:00,61.26,61.0,61.5,60,1.0
2024-09-12 10:00,61.09,60.9,61.4,60,1.0
2024-09-12 11:00,61.11,60.8,61.4,60,1.0
2024-09-12 12:00,60.77,60.6,61.0,60,1.0
2024-09-12 13:00,60.82,60.6,61.1,60,1.0
2024-09-12 14:00,60.78,60.6,61.0,60,1.0
2024-09-12 15:00,60.71,60.5,60.9,60,1.0
2024-09-12 16:00,60.68,60.4,60.8,60,1.0
2024-09-12 17:00,60.6,60.3,60.8,60,1.0
2024-09-12 18:00,60.47,60.2,60.7,60,1.0
2024-09-12 19:00,60.25,60.1,60.5,60,1.0
2024-09-12 20:00,60.84,60.2,61.5,60,1.0
2024-09-12 21:00,61.32,61.1,61.6,60,1.0
2024-09-12 22:00,61.53,61.2,61.9,60,1.0
2024-09-12 23:00,62.09,61.7,62.5,60,1.0
2024-09-13 00:00,62.77,62.2,63.3,60,1.0
2024-09-13 01:00,63.53,63.2,63.8,60,1.0
2024-09-13 02:00,63.86,63.5,64.2,60,1.0
2024-09-13 03:00,64.28,64.0,64.6,60,1.0
2024-09-13 04:00,64.52,64.2,64.7,60,1.0
2024-09-13 05:00,64.67,64.4,64.9,58,0.967
2024-09-13 06:00,64.82,64.5,65.1,55,0.917
2024-09-13 07:00,64.92,64.6,65.2,60,1.0
2024-09-13 08:00,64.85,64.5,65.1,60,1.0
2024-09-13 09:00,64.82,64.5,65.1,48,0.8
2024-09-13 10:00,64.58,64.3,65.0,48,0.8
2024-09-13 11:00,64.56,64.3,64.8,60,1.0
2024-09-13 12:00,64.52,64.3,64.7,60,1.0
2024-09-13 13:00,64.26,64.0,64.7,60,1.0
2024-09-13 14:00,64.35,64.2,64.8,60,1.0
2024-09-13 15:00,64.34,64.2,64.6,60,1.0
2024-09-13 16:00,64.43,64.2,64.8,60,1.0
2024-09-13 17:00,64.49,64.3,64.7,60,1.0
2024-09-13 18:00,64.84,64.5,65.1,60,1.0
2024-09-13 19:00,64.86,64.4,65.2,60,1.0
2024-09-13 20:00,64.84,64.6,65.2,60,1.0
2024-09-13 21:00,64.81,64.6,65.1,60,1.0
2024-09-13 22:00,64.93,64.7,65.3,60,1.0
2024-09-13 23:00,64.96,64.8,65.3,60,1.0
2024-09-14 00:00,64.93,64.8,65.2,60,1.0
2024-09-14 01:00,64.9,64.7,65.2,60,1.0
2024-09-14 02:00,64.94,64.8,65.3,60,1.0
2024-09-14 03:00,64.9,64.7,65.2,60,1.0
2024-09-14 04:00,64.88,64.7,65.2,60,1.0
2024-09-14 05:00,65.06,64.7,65.4,60,1.0
2024-09-14 06:00,65.07,64.8,65.3,60,1.0
2024-09-14 07:00,64.9,64.6,65.3,60,1.0
2024-09-14 08:00,64.88,64.5,65.1,60,1.0
2024-09-14 09:00,64.75,64.4,65.1,60,1.0
2024-09-14 10:00,64.56,64.3,65.0,60,1.0
2024-09-14 11:00,64.27,64.0,64.8,60,1.0
2024-09-14 12:00,64.33,64.1,64.6,60,1.0
2024-09-14 13:00,64.08,63.8,64.4,60,1.0
2024-09-14 14:00,63.75,63.6,64.1,60,1.0
2024-09-14 15:00,63.6,63.5,63.8,60,1.0
2024-09-14 16:00,63.55,63.4,63.8,60,1.0
2024-09-14 17:00,63.67,63.4,63.9,60,1.0
2024-09-14 18:00,63.69,63.3,63.9,60,1.0
2024-09-14 19:00,63.5,63.3,63.8,59,0.983
2024-09-14 20:00,63.37,63.2,63.7,60,1.0
2024-09-14 21:00,63.49,63.2,63.8,60,1.0
2024-09-14 22:00,63.35,63.1,63.6,60,1.0
2024-09-14 23:00,63.38,63.2,63.7,60,1.0
2024-09-15 00:00,63.28,63.0,63.5,60,1.0
2024-09-15 01:00,63.11,62.8,63.4,60,1.0
2024-09-15 02:00,62.91,62.8,63.1,60,1.0
2024-09-15 03:00,62.86,62.8,63.1,60,1.0
2024-09-15 04:00,62.82,62.7,63.0,60,1.0
2024-09-15 05:00,62.81,62.7,63.1,60,1.0
2024-09-15 06:00,62.82,62.7,63.1,60,1.0
2024-09-15 07:00,62.93,62.7,63.2,60,1.0
2024-09-15 08:00,62.82,62.6,63.1,60,1.0
2024-09-15 09:00,62.68,62.4,62.9,60,1.0
2024-09-15 10:00,62.48,62.3,62.8,60,1.0
2024-09-15 11:00,62.48,62.2,62.7,60,1.0
2024-09-15 12:00,62.31,62.1,62.6,60,1.0
2024-09-15 13:00,62.15,62.0,62.5,60,1.0
2024-09-15 14:00,62.06,62.0,62.2,60,1.0
2024-09-15 15:00,62.01,61.9,62.2,60,1.0
2024-09-15 16:00,61.94,61.8,62.1,59,0.983
2024-09-15 17:00,62.07,61.8,62.3,60,1.0
2024-09-15 18:00,62.09,61.9,62.4,60,1.0
2024-09-15 19:00,62.08,61.9,62.3,60,1.0
2024-09-15 20:00,62.05,61.8,62.2,60,1.0
2024-09-15 21:00,61.99,61.7,62.1,60,1.0
2024-09-15 22:00,61.95,61.6,62.1,60,1.0
2024-09-15 23:00,61.92,61.7,62.1,60,1.0
2024-09-16 00:00,61.86,61.6,62.1,60,1.0
2024-09-16 01:00,61.79,61.5,62.0,60,1.0
2024-09-16 02:00,61.63,61.5,61.9,60,1.0
2024-09-16 03:00,61.56,61.4,61.9,60,1.0
2024-09-16 04:00,61.53,61.4,61.8,60,1.0
2024-09-16 05:00,61.52,61.4,61.8,59,0.983
2024-09-16 06:00,61.47,61.3,61.7,60,1.0
2024-09-16 07:00,61.63,61.3,62.0,58,0.967
2024-09-16 09:00,61.4,61.1,61.7,59,0.983
2024-09-16 10:00,61.66,61.1,62.3,60,1.0
2024-09-16 11:00,62.1,61.8,62.3,60,1.0
2024-09-16 12:00,62.04,61.6,62.3,60,1.0
2024-09-16 13:00,61.82,61.6,62.2,60,1.0
2024-09-16 14:00,61.75,61.6,62.0,59,0.983
2024-09-16 15:00,61.75,61.6,61.9,60,1.0
2024-09-16 16:00,61.77,61.6,61.9,60,1.0
2024-09-16 17:00,61.76,61.6,61.9,60,1.0
2024-09-16 18:00,61.79,61.7,62.0,60,1.0
2024-09-16 19:00,61.82,61.7,62.0,60,1.0
2024-09-16 20:00,61.92,61.7,62.2,52,0.867
2024-09-16 21:00,62.03,61.9,62.2,50,0.833
2024-09-16 22:00,62.05,61.9,62.2,52,0.867
2024-09-16 23:00,62.01,61.7,62.2,60,1.0
2024-09-17 00:00,62.01,61.9,62.2,56,0.933
2024-09-17 14:00,81.75,81.7,81.8,2,0.033
2024-09-17 16:00,81.49,80.9,82.0,31,0.517
2024-09-17 17:00,80.73,80.1,81.5,60,1.0
2024-09-17 18:00,79.72,79.2,80.4,60,1.0
2024-09-17 19:00,78.86,78.3,79.3,59,0.983
2024-09-17 20:00,78.16,77.7,78.6,60,1.0
2024-09-17 21:00,77.5,76.9,77.9,60,1.0
2024-09-17 22:00,77.15,76.5,77.6,60,1.0
2024-09-17 23:00,76.72,76.3,77.2,60,1.0
2024-09-18 00:00,76.36,75.8,76.7,60,1.0
2024-09-18 01:00,75.96,75.5,76.3,60,1.0
2024-09-18 02:00,75.61,75.3,76.0,60,1.0
2024-09-18 03:00,75.24,74.9,75.6,60,1.0
2024-09-18 04:00,74.8,74.3,75.1,60,1.0
2024-09-18 05:00,74.55,74.2,74.9,60,1.0
2024-09-18 06:00,74.24,73.8,74.7,60,1.0
2024-09-18 07:00,73.86,73.5,74.5,60,1.0
2024-09-18 08:00,73.66,73.2,74.1,60,1.0
2024-09-18 09:00,73.45,73.2,73.7,60,1.0
2024-09-18 10:00,73.01,72.7,73.4,60,1.0
2024-09-18 11:00,72.96,72.7,73.3,60,1.0
2024-09-18 12:00,72.74,72.4,73.1,60,1.0
2024-09-18 13:00,72.89,72.6,73.2,60,1.0
2024-09-18 14:00,72.72,72.4,73.0,60,1.0
2024-09-18 15:00,72.81,72.4,73.2,60,1.0
2024-09-18 16:00,72.91,72.6,73.3,60,1.0
2024-09-18 17:00,72.98,72.8,73.2,56,0.933
2024-09-18 18:00,72.93,72.7,73.3,46,0.767
2024-09-18 19:00,73.02,72.7,73.4,59,0.983
2024-09-18 20:00,73.01,72.7,73.3,56,0.933
2024-09-18 21:00,72.9,72.6,73.2,51,0.85
2024-09-18 22:00,72.69,72.3,73.0,55,0.917
2024-09-18 23:00,72.56,72.2,72.8,45,0.75
2024-09-19 00:00,72.41,72.1,72.7,59,0.983
2024-09-19 01:00,72.3,72.0,72.5,60,1.0
2024-09-19 02:00,72.16,71.7,72.4,60,1.0
2024-09-19 03:00,72.01,71.8,72.2,60,1.0
2024-09-19 04:00,71.9,71.7,72.1,50,0.833
2024-09-19 05:00,71.75,71.5,72.0,54,0.9
2024-09-19 06:00,71.53,71.1,71.9,59,0.983
2024-09-19 07:00,71.32,71.1,71.6,60,1.0
2024-09-19 08:00,71.23,70.8,71.6,60,1.0
2024-09-19 09:00,71.16,70.8,71.5,60,1.0
2024-09-19 10:00,70.97,70.7,71.3,60,1.0
2024-09-19 11:00,71.08,70.8,71.4,60,1.0
2024-09-19 12:00,70.77,70.5,71.2,60,1.0
2024-09-19 13:00,70.57,70.4,70.9,60,1.0
2024-09-19 14:00,70.43,70.2,70.7,59,0.983
2024-09-19 15:00,70.37,70.2,70.8,60,1.0
2024-09-19 16:00,70.42,70.1,70.8,60,1.0
2024-09-19 17:00,70.44,70.2,70.7,60,1.0
2024-09-19 18:00,70.36,70.1,70.6,60,1.0
2024-09-19 19:00,70.28,70.0,70.5,60,1.0
2024-09-19 20:00,70.08,69.8,70.4,59,0.983
2024-09-19 21:00,70.27,69.7,70.8,60,1.0
2024-09-19 22:00,70.77,70.3,71.5,60,1.0
2024-09-19 23:00,71.8,71.1,72.4,59,0.983
2024-09-20 00:00,72.45,72.1,72.8,60,1.0
2024-09-20 01:00,72.62,72.2,72.9,60,1.0
2024-09-20 02:00,72.62,72.3,73.0,60,1.0
2024-09-20 03:00,72.5,72.1,73.0,60,1.0
2024-09-20 04:00,72.44,72.1,72.8,60,1.0
2024-09-20 05:00,72.37,72.0,72.7,60,1.0
2024-09-20 06:00,72.22,71.9,72.5,60,1.0
2024-09-20 07:00,72.13,71.8,72.4,60,1.0
2024-09-20 08:00,71.9,71.6,72.3,60,1.0
2024-09-20 09:00,71.77,71.4,72.1,60,1.0
2024-09-20 10:00,71.53,71.2,71.9,60,1.0
2024-09-20 11:00,71.48,71.1,71.9,60,1.0
2024-09-20 12:00,71.33,71.0,71.6,60,1.0
2024-09-20 13:00,71.02,70.8,71.5,60,1.0
2024-09-20 14:00,70.83,70.6,71.1,60,1.0
2024-09-20 15:00,70.74,70.5,71.0,60,1.0
2024-09-20 16:00,70.62,70.4,70.9,60,1.0
2024-09-20 17:00,70.61,70.4,71.0,60,1.0
2024-09-20 18:00,70.59,70.3,71.0,60,1.0
2024-09-20 19:00,70.6,70.3,70.8,60,1.0
2024-09-20 20:00,70.51,70.2,70.8,59,0.983
2024-09-20 21:00,70.46,70.2,70.7,60,1.0
2024-09-20 22:00,70.35,70.1,70.6,60,1.0
2024-09-20 23:00,70.28,70.0,70.5,59,0.983
2024-09-21 00:00,70.16,69.7,70.5,60,1.0
2024-09-21 01:00,70.06,69.8,70.3,60,1.0
2024-09-21 02:00,70.0,69.5,70.3,60,1.0
2024-09-21 03:00,69.9,69.6,70.1,60,1.0
2024-09-21 04:00,69.77,69.3,70.1,60,1.0
2024-09-21 05:00,69.67,69.4,70.0,60,1.0
2024-09-21 06:00,69.51,69.1,69.9,60,1.0
2024-09-21 07:00,69.49,69.0,69.8,60,1.0
2024-09-21 08:00,69.28,69.0,69.7,60,1.0
2024-09-21 09:00,69.11,68.8,69.5,59,0.983
2024-09-21 10:00,69.03,68.8,69.3,60,1.0
2024-09-21 11:00,68.74,68.5,69.0,60,1.0
2024-09-21 12:00,68.85,68.5,69.1,60,1.0
2024-09-21 13:00,68.76,68.5,69.0,60,1.0
2024-09-21 14:00,68.63,68.3,68.9,60,1.0
2024-09-21 15:00,68.51,68.2,68.8,59,0.983
2024-09-21 16:00,68.36,68.1,68.8,60,1.0
2024-09-21 17:00,68.2,68.0,68.6,52,0.867
2024-09-21 18:00,68.07,67.9,68.3,52,0.867
2024-09-21 19:00,68.01,67.8,68.3,60,1.0
2024-09-21 20:00,68.05,67.8,68.4,60,1.0
2024-09-21 21:00,68.06,67.8,68.4,60,1.0
2024-09-21 22:00,68.1,67.9,68.3,60,1.0
2024-09-21 23:00,68.05,67.9,68.3,60,1.0
2024-09-22 00:00,68.0,67.8,68.2,60,1.0
2024-09-22 01:00,67.93,67.5,68.2,60,1.0
2024-09-22 02:00,67.85,67.7,68.0,60,1.0
2024-09-22 03:00,67.76,67.4,67.9,60,1.0
2024-09-22 04:00,67.73,67.4,68.0,60,1.0
2024-09-22 05:00,67.68,67.3,68.0,60,1.0
2024-09-22 06:00,67.61,67.3,67.8,60,1.0
2024-09-22 07:00,67.4,67.1,67.7,60,1.0
2024-09-22 08:00,67.24,67.1,67.6,59,0.983
2024-09-22 09:00,67.15,67.0,67.3,60,1.0
2024-09-22 10:00,67.23,66.9,67.5,60,1.0
2024-09-22 11:00,67.06,66.8,67.5,60,1.0
2024-09-22 12:00,67.01,66.8,67.4,60,1.0
2024-09-22 13:00,67.03,66.7,67.3,60,1.0
2024-09-22 14:00,66.78,66.5,67.1,60,1.0
2024-09-22 15:00,66.61,66.5,66.8,60,1.0
2024-09-22 16:00,66.62,66.4,66.8,59,0.983
2024-09-22 17:00,66.65,66.4,66.9,60,1.0
2024-09-22 18:00,66.72,66.5,66.9,60,1.0
2024-09-22 19:00,66.55,66.2,66.9,59,0.983
2024-09-22 20:00,66.32,66.2,66.5,60,1.0
2024-09-22 21:00,66.27,66.1,66.4,60,1.0
2024-09-22 22:00,66.22,66.1,66.4,60,1.0
2024-09-22 23:00,66.15,66.0,66.3,60,1.0
2024-09-23 00:00,66.13,66.0,66.3,60,1.0
2024-09-23 01:00,66.1,65.9,66.3,60,1.0
2024-09-23 02:00,66.01,65.9,66.2,60,1.0
2024-09-23 03:00,66.06,65.9,66.3,60,1.0
2024-09-23 04:00,66.1,65.9,66.4,60,1.0
2024-09-23 05:00,66.08,65.8,66.3,59,0.983
2024-09-23 06:00,65.93,65.8,66.3,60,1.0
2024-09-23 07:00,66.04,65.7,66.2,60,1.0
2024-09-23 08:00,66.07,65.7,66.3,59,0.983
2024-09-23 09:00,65.9,65.6,66.3,60,1.0
2024-09-23 10:00,65.72,65.5,66.0,60,1.0
2024-09-23 11:00,65.83,65.6,66.1,57,0.95
2024-09-23 12:00,65.73,65.5,65.9,60,1.0
2024-09-23 13:00,65.57,65.3,65.8,60,1.0
2024-09-23 14:00,65.31,65.2,65.5,60,1.0
2024-09-23 15:00,65.25,65.1,65.6,60,1.0
2024-09-23 16:00,65.22,65.1,65.5,60,1.0
2024-09-23 17:00,65.22,65.0,65.4,60,1.0
2024-09-23 18:00,65.35,65.1,65.6,60,1.0
2024-09-23 19:00,65.35,65.1,65.5,60,1.0
2024-09-23 20:00,65.22,64.9,65.5,60,1.0
2024-09-23 21:00,65.1,64.9,65.5,60,1.0
2024-09-23 22:00,65.58,64.9,66.4,60,1.0
2024-09-23 23:00,66.58,66.2,67.5,60,1.0
2024-09-24 00:00,69.98,67.6,72.3,60,1.0
2024-09-24 01:00,75.99,72.4,78.0,60,1.0
2024-09-24 02:00,78.82,77.8,79.6,60,1.0
2024-09-24 03:00,79.38,79.1,79.7,60,1.0
2024-09-24 04:00,79.01,78.6,79.4,60,1.0
2024-09-24 05:00,78.83,78.4,79.3,60,1.0
2024-09-24 06:00,79.29,79.0,79.6,60,1.0
2024-09-24 07:00,79.02,78.6,79.4,60,1.0
2024-09-24 08:00,78.86,78.5,79.2,60,1.0
2024-09-24 09:00,78.23,77.8,78.5,59,0.983
2024-09-24 10:00,78.03,77.7,78.4,60,1.0
2024-09-24 11:00,77.56,77.0,78.1,60,1.0
2024-09-24 12:00,77.04,76.7,77.4,60,1.0
2024-09-24 13:00,76.74,76.4,77.0,60,1.0
2024-09-24 14:00,76.64,76.2,76.9,60,1.0
2024-09-24 15:00,76.39,76.0,76.7,60,1.0
2024-09-24 16:00,76.18,75.8,76.5,60,1.0
2024-09-24 17:00,75.84,75.5,76.1,51,0.85
2024-09-24 18:00,75.33,75.0,76.0,48,0.8
2024-09-24 19:00,75.06,74.8,75.3,60,1.0
2024-09-24 20:00,74.87,74.6,75.3,60,1.0
2024-09-24 21:00,74.72,74.4,75.1,60,1.0
2024-09-24 22:00,74.57,74.3,74.9,60,1.0
2024-09-24 23:00,74.42,73.9,74.9,60,1.0
2024-09-25 00:00,74.16,73.8,74.5,60,1.0
2024-09-25 01:00,73.95,73.6,74.3,60,1.0
2024-09-25 02:00,73.84,73.5,74.1,60,1.0
2024-09-25 03:00,73.49,73.1,73.9,60,1.0
2024-09-25 04:00,73.16,72.9,73.4,60,1.0
2024-09-25 05:00,73.11,72.6,73.6,60,1.0
2024-09-25 06:00,75.82,72.9,79.0,60,1.0
2024-09-25 07:00,79.53,78.9,80.0,60,1.0
2024-09-25 08:00,79.63,78.9,80.5,60,1.0
2024-09-25 09:00,80.35,79.8,80.9,60,1.0
2024-09-25 10:00,79.96,79.0,80.5,60,1.0
2024-09-25 11:00,80.06,79.1,80.5,60,1.0
2024-09-25 12:00,80.09,79.6,80.4,60,1.0
2024-09-25 13:00,79.69,79.3,80.0,60,1.0
2024-09-25 14:00,79.31,78.9,79.7,60,1.0
2024-09-25 15:00,78.99,78.7,79.3,60,1.0
2024-09-25 16:00,78.75,78.3,79.2,60,1.0
2024-09-25 17:00,78.74,78.5,79.1,60,1.0
2024-09-25 18:00,78.85,78.5,79.1,60,1.0
2024-09-25 19:00,78.74,78.3,79.0,60,1.0
2024-09-25 20:00,78.25,77.8,78.8,60,1.0
2024-09-25 21:00,77.83,77.5,78.3,60,1.0
2024-09-25 22:00,77.52,77.2,77.9,60,1.0
2024-09-25 23:00,77.29,77.0,77.6,60,1.0
2024-09-26 00:00,77.04,76.8,77.4,60,1.0
2024-09-26 01:00,76.82,76.5,77.5,60,1.0
2024-09-26 02:00,76.64,76.3,77.0,60,1.0
2024-09-26 03:00,76.48,76.0,76.9,60,1.0
2024-09-26 04:00,76.07,75.8,76.3,60,1.0
2024-09-26 05:00,75.92,75.6,76.3,60,1.0
2024-09-26 06:00,75.56,75.3,75.9,60,1.0
2024-09-26 07:00,75.58,75.2,75.9,60,1.0
2024-09-26 08:00,75.24,74.9,75.9,60,1.0
2024-09-26 09:00,74.97,74.7,75.4,57,0.95
2024-09-26 10:00,74.8,74.5,75.4,46,0.767
2024-09-26 11:00,74.54,74.2,74.8,47,0.783
2024-09-26 12:00,74.35,74.1,74.7,58,0.967
2024-09-26 13:00,74.3,74.0,74.7,60,1.0
2024-09-26 14:00,74.32,73.8,74.6,60,1.0
2024-09-26 15:00,74.18,73.9,74.5,60,1.0
2024-09-26 16:00,74.03,73.8,74.4,60,1.0
2024-09-26 17:00,73.88,73.6,74.2,60,1.0
2024-09-26 18:00,73.66,73.2,74.0,60,1.0
2024-09-26 19:00,73.34,73.0,73.7,60,1.0
2024-09-26 20:00,73.11,72.9,73.3,60,1.0
2024-09-26 21:00,72.98,72.7,73.2,60,1.0
2024-09-26 22:00,72.81,72.6,73.1,60,1.0
2024-09-26 23:00,72.71,72.5,73.1,60,1.0
2024-09-27 00:00,72.6,72.4,72.9,60,1.0
2024-09-27 01:00,72.46,72.3,72.7,59,0.983
2024-09-27 02:00,72.38,72.1,72.8,59,0.983
2024-09-27 03:00,72.23,72.0,72.4,60,1.0
2024-09-27 04:00,72.1,71.9,72.3,60,1.0
2024-09-27 05:00,72.04,71.8,72.4,59,0.983
2024-09-27 06:00,71.97,71.7,72.5,60,1.0
2024-09-27 07:00,72.12,71.7,72.6,60,1.0
2024-09-27 08:00,71.74,71.5,72.0,60,1.0
2024-09-27 09:00,71.73,71.4,72.0,60,1.0
2024-09-27 10:00,71.69,71.3,72.0,60,1.0
2024-09-27 11:00,71.34,71.1,71.6,60,1.0
2024-09-27 12:00,71.28,71.1,71.5,60,1.0
2024-09-27 13:00,71.4,71.1,71.6,60,1.0
2024-09-27 14:00,71.36,71.2,71.6,60,1.0
2024-09-27 15:00,71.31,71.1,71.5,60,1.0
2024-09-27 16:00,71.17,70.9,71.4,60,1.0
2024-09-27 17:00,71.07,70.7,71.4,60,1.0
2024-09-27 18:00,70.91,70.6,71.3,60,1.0
2024-09-27 19:00,70.81,70.5,71.3,60,1.0
2024-09-27 20:00,70.62,70.3,70.9,60,1.0
2024-09-27 21:00,70.49,70.3,70.8,60,1.0
2024-09-27 22:00,70.39,70.2,70.6,60,1.0
2024-09-27 23:00,70.34,70.2,70.5,60,1.0
2024-09-28 00:00,70.24,70.1,70.4,60,1.0
2024-09-28 01:00,70.18,70.0,70.4,60,1.0
2024-09-28 02:00,70.14,69.9,70.3,60,1.0
2024-09-28 03:00,70.07,69.9,70.4,60,1.0
2024-09-28 04:00,70.01,69.8,70.3,60,1.0
2024-09-28 05:00,69.95,69.8,70.2,60,1.0
2024-09-28 06:00,69.88,69.7,70.3,60,1.0
2024-09-28 07:00,70.1,69.9,70.4,60,1.0
2024-09-28 08:00,70.0,69.7,70.3,60,1.0
2024-09-28 09:00,69.98,69.8,70.2,60,1.0
2024-09-28 10:00,69.87,69.6,70.3,60,1.0
2024-09-28 11:00,70.09,69.6,70.4,60,1.0
2024-09-28 12:00,70.36,69.9,70.7,60,1.0
2024-09-28 13:00,70.39,70.1,70.8,60,1.0
2024-09-28 14:00,70.81,70.5,71.2,60,1.0
2024-09-28 15:00,70.84,70.6,71.1,60,1.0
2024-09-28 16:00,70.82,70.5,71.1,60,1.0
2024-09-28 17:00,70.6,70.3,70.9,60,1.0
2024-09-28 18:00,70.46,70.1,70.8,60,1.0
2024-09-28 19:00,70.26,70.0,70.5,60,1.0
2024-09-28 20:00,70.09,69.8,70.4,60,1.0
2024-09-28 21:00,69.98,69.8,70.3,60,1.0
2024-09-28 22:00,70.07,69.7,70.4,60,1.0
2024-09-28 23:00,69.89,69.6,70.3,60,1.0
2024-09-29 00:00,69.76,69.6,70.0,60,1.0
2024-09-29 01:00,69.74,69.5,70.0,60,1.0
2024-09-29 02:00,69.75,69.5,70.1,60,1.0
2024-09-29 03:00,69.78,69.5,70.1,60,1.0
2024-09-29 04:00,69.69,69.4,70.0,60,1.0
2024-09-29 05:00,69.68,69.4,70.0,50,0.833
2024-09-29 06:00,69.68,69.3,69.9,58,0.967
2024-09-29 07:00,69.59,69.2,69.9,60,1.0
2024-09-29 08:00,69.48,69.2,69.8,60,1.0
2024-09-29 09:00,69.3,68.9,69.7,60,1.0
2024-09-29 10:00,69.05,68.8,69.5,60,1.0
2024-09-29 11:00,69.1,68.9,69.3,7,0.117
2024-09-30 07:00,67.77,67.6,67.9,28,0.467
2024-09-30 08:00,67.65,67.4,68.0,60,1.0
2024-09-30 09:00,67.53,67.2,67.9,60,1.0
2024-09-30 10:00,67.33,67.0,67.7,60,1.0
2024-09-30 11:00,67.08,66.9,67.2,60,1.0
2024-09-30 12:00,67.17,66.9,67.4,60,1.0
2024-09-30 13:00,67.24,67.1,67.5,59,0.983
2024-09-30 14:00,67.18,66.9,67.4,60,1.0
2024-09-30 15:00,67.1,66.7,67.4,60,1.0
2024-09-30 16:00,66.9,66.7,67.2,60,1.0
2024-09-30 17:00,66.78,66.6,67.1,59,0.983
2024-09-30 18:00,66.68,66.5,66.9,60,1.0
2024-09-30 19:00,66.64,66.5,67.1,60,1.0
2024-09-30 20:00,66.6,66.5,66.8,60,1.0
2024-09-30 21:00,66.61,66.4,67.0,60,1.0
2024-09-30 22:00,66.67,66.4,66.9,60,1.0
2024-09-30 23:00,66.74,66.5,67.0,60,1.0
2024-10-01 00:00,66.74,66.5,66.9,60,1.0
2024-10-01 01:00,66.72,66.5,66.9,60,1.0
2024-10-01 02:00,66.66,66.4,66.8,60,1.0
2024-10-01 03:00,66.64,66.5,66.9,60,1.0
2024-10-01 04:00,66.59,66.3,66.9,60,1.0
2024-10-01 05:00,66.54,66.3,66.7,60,1.0
2024-10-01 06:00,66.5,66.3,66.7,60,1.0
2024-10-01 07:00,66.48,66.2,66.8,60,1.0
2024-10-01 08:00,66.34,66.1,66.6,60,1.0
2024-10-01 09:00,66.32,66.0,66.8,60,1.0
2024-10-01 10:00,66.08,65.9,66.3,58,0.967
2024-10-01 11:00,66.25,66.1,66.4,53,0.883
2024-10-01 12:00,66.18,65.8,66.4,47,0.783
2024-10-01 13:00,66.12,65.9,66.4,48,0.8
2024-10-01 14:00,65.97,65.7,66.3,56,0.933
2024-10-01 15:00,65.95,65.7,66.3,60,1.0
2024-10-01 16:00,65.97,65.6,66.2,60,1.0
2024-10-01 17:00,65.89,65.6,66.2,54,0.9
2024-10-01 18:00,65.73,65.6,66.1,60,1.0
2024-10-01 19:00,65.68,65.5,65.9,54,0.9
2024-10-01 20:00,65.72,65.5,66.0,46,0.767
2024-10-01 21:00,65.73,65.5,66.0,45,0.75
2024-10-01 22:00,65.76,65.5,66.1,49,0.817
2024-10-01 23:00,65.82,65.4,66.1,56,0.933
2024-10-02 00:00,65.72,65.5,66.0,54,0.9
2024-10-02 01:00,65.67,65.4,66.0,55,0.917
2024-10-02 02:00,65.73,65.5,65.9,60,1.0
2024-10-02 03:00,65.69,65.4,65.9,58,0.967
2024-10-02 04:00,65.72,65.5,66.0,52,0.867
2024-10-02 05:00,65.7,65.5,65.9,60,1.0
2024-10-02 06:00,65.68,65.3,65.9,60,1.0
2024-10-02 07:00,65.48,65.3,65.8,58,0.967
2024-10-02 08:00,65.57,65.2,65.9,60,1.0
2024-10-02 09:00,65.56,65.2,65.9,60,1.0
2024-10-02 10:00,65.27,65.1,65.6,60,1.0
2024-10-02 11:00,65.18,65.0,65.5,60,1.0
2024-10-02 12:00,65.26,65.0,65.5,60,1.0
2024-10-02 13:00,65.12,64.9,65.4,60,1.0
2024-10-02 14:00,65.03,64.9,65.2,60,1.0
2024-10-02 15:00,64.98,64.9,65.2,60,1.0
2024-10-02 16:00,65.0,64.8,65.2,60,1.0
2024-10-02 17:00,64.96,64.8,65.2,60,1.0
2024-10-02 18:00,65.08,64.9,65.3,60,1.0
2024-10-02 19:00,65.17,65.0,65.4,60,1.0
2024-10-02 20:00,65.12,64.8,65.3,60,1.0
2024-10-02 21:00,65.08,64.8,65.3,60,1.0
2024-10-02 22:00,65.02,64.7,65.3,60,1.0
2024-10-02 23:00,64.98,64.7,65.2,60,1.0
2024-10-03 00:00,64.94,64.6,65.2,60,1.0
2024-10-03 01:00,64.97,64.7,65.2,60,1.0
2024-10-03 02:00,64.94,64.7,65.3,60,1.0
2024-10-03 03:00,64.85,64.6,65.3,59,0.983
2024-10-03 04:00,64.76,64.6,65.0,60,1.0
2024-10-03 05:00,64.8,64.6,65.1,60,1.0
2024-10-03 06:00,64.89,64.6,65.1,60,1.0
2024-10-03 07:00,64.64,64.5,65.2,60,1.0
2024-10-03 08:00,64.74,64.5,65.0,60,1.0
2024-10-03 09:00,64.63,64.4,64.9,60,1.0
2024-10-03 10:00,64.78,64.6,64.9,60,1.0
2024-10-03 11:00,64.64,64.4,65.1,60,1.0
2024-10-03 12:00,64.66,64.4,64.9,60,1.0
2024-10-03 13:00,64.69,64.4,64.9,60,1.0
2024-10-03 14:00,64.58,64.4,64.8,60,1.0
2024-10-03 15:00,64.42,64.3,64.6,60,1.0
2024-10-03 16:00,64.42,64.3,64.7,60,1.0
2024-10-03 17:00,64.49,64.3,64.7,60,1.0
2024-10-03 18:00,64.38,64.2,64.7,60,1.0
2024-10-03 19:00,64.33,64.2,64.6,60,1.0
2024-10-03 20:00,64.32,64.2,64.5,60,1.0
2024-10-03 21:00,64.31,64.2,64.5,60,1.0
2024-10-03 22:00,64.38,64.2,65.1,59,0.983
2024-10-03 23:00,64.91,64.7,65.2,60,1.0
2024-10-04 00:00,64.89,64.7,65.2,59,0.983
2024-10-04 01:00,65.16,64.8,65.4,60,1.0
2024-10-04 02:00,65.21,64.9,65.5,60,1.0
2024-10-04 03:00,65.24,65.1,65.5,60,1.0
2024-10-04 04:00,65.24,65.1,65.4,60,1.0
2024-10-04 05:00,65.22,64.9,65.6,60,1.0
2024-10-04 06:00,65.11,64.9,65.4,60,1.0
2024-10-04 07:00,65.27,65.0,65.6,60,1.0
2024-10-04 08:00,65.15,64.9,65.6,59,0.983
2024-10-04 09:00,65.05,64.9,65.3,60,1.0
2024-10-04 10:00,64.94,64.8,65.2,59,0.983
2024-10-04 11:00,64.89,64.7,65.1,59,0.983
2024-10-04 12:00,64.93,64.7,65.2,59,0.983
2024-10-04 13:00,65.11,64.8,65.3,60,1.0
2024-10-04 14:00,65.15,64.9,65.4,60,1.0
2024-10-04 15:00,65.13,64.9,65.3,60,1.0
2024-10-04 16:00,65.1,64.9,65.4,60,1.0
2024-10-04 17:00,65.09,64.9,65.4,59,0.983
2024-10-04 18:00,64.95,64.6,65.2,59,0.983
2024-10-04 19:00,64.77,64.6,65.2,59,0.983
2024-10-04 20:00,64.72,64.6,64.9,59,0.983
2024-10-04 21:00,64.73,64.5,65.2,59,0.983
2024-10-04 22:00,64.9,64.7,65.2,60,1.0
2024-10-04 23:00,65.13,64.9,65.5,60,1.0
2024-10-05 00:00,65.19,65.0,65.4,60,1.0
2024-10-05 01:00,65.19,65.0,65.4,60,1.0
2024-10-05 02:00,65.25,65.1,65.4,60,1.0
2024-10-05 03:00,65.41,65.2,65.6,60,1.0
2024-10-05 04:00,65.46,65.3,65.7,60,1.0
2024-10-05 05:00,65.59,65.4,66.0,60,1.0
2024-10-05 06:00,65.87,65.4,66.5,60,1.0
2024-10-05 07:00,67.01,66.3,68.2,60,1.0
2024-10-05 08:00,69.35,68.1,70.5,60,1.0
2024-10-05 09:00,70.89,70.4,71.4,60,1.0
2024-10-05 10:00,71.23,71.0,71.5,60,1.0
2024-10-05 11:00,71.3,71.1,71.6,60,1.0
2024-10-05 12:00,71.55,71.2,72.0,60,1.0
2024-10-05 13:00,71.66,71.3,72.0,60,1.0
2024-10-05 14:00,71.61,71.4,71.9,60,1.0
2024-10-05 15:00,71.5,71.1,71.8,60,1.0
2024-10-05 16:00,71.62,71.2,72.0,60,1.0
2024-10-05 17:00,71.73,71.3,72.1,60,1.0
2024-10-05 18:00,71.6,71.3,72.2,60,1.0
2024-10-05 19:00,71.55,71.3,71.9,60,1.0
2024-10-05 20:00,71.8,71.5,72.2,60,1.0
2024-10-05 21:00,72.16,71.8,72.5,60,1.0
2024-10-05 22:00,72.32,72.1,72.6,60,1.0
2024-10-05 23:00,72.38,72.1,72.9,60,1.0
2024-10-06 00:00,72.34,72.1,72.8,60,1.0
2024-10-06 01:00,72.31,72.0,72.7,60,1.0
2024-10-06 02:00,72.22,71.9,72.5,60,1.0
2024-10-06 03:00,72.12,71.8,72.5,60,1.0
2024-10-06 04:00,72.04,71.7,72.5,60,1.0
2024-10-06 05:00,72.06,71.7,72.4,60,1.0
2024-10-06 06:00,71.83,71.6,72.2,60,1.0
2024-10-06 07:00,71.84,71.5,72.2,60,1.0
2024-10-06 08:00,71.7,71.4,72.1,54,0.9
2024-10-06 09:00,71.69,71.3,72.1,59,0.983
2024-10-06 10:00,71.78,71.5,72.0,45,0.75
2024-10-06 11:00,71.6,71.2,72.0,56,0.933
2024-10-06 12:00,71.44,71.0,71.8,60,1.0
2024-10-06 13:00,71.23,70.9,71.7,60,1.0
2024-10-06 14:00,71.18,70.9,71.5,60,1.0
2024-10-06 15:00,71.19,70.8,71.5,60,1.0
2024-10-06 16:00,71.17,70.9,71.4,60,1.0
2024-10-06 17:00,70.96,70.7,71.3,60,1.0
2024-10-06 18:00,70.8,70.6,71.1,60,1.0
2024-10-06 19:00,70.71,70.4,71.0,60,1.0
2024-10-06 20:00,70.58,70.4,70.8,60,1.0
2024-10-06 21:00,70.52,70.3,70.9,60,1.0
2024-10-06 22:00,70.46,70.2,70.8,60,1.0
2024-10-06 23:00,70.41,70.1,70.8,60,1.0
2024-10-07 00:00,70.4,70.1,70.8,60,1.0
2024-10-07 01:00,70.32,70.0,70.7,60,1.0
2024-10-07 02:00,70.24,70.0,70.6,60,1.0
2024-10-07 03:00,70.2,69.9,70.5,60,1.0
2024-10-07 04:00,70.16,69.8,70.5,60,1.0
2024-10-07 05:00,70.14,69.8,70.5,60,1.0
2024-10-07 06:00,70.08,69.8,70.4,60,1.0
2024-10-07 07:00,70.01,69.7,70.4,60,1.0
2024-10-07 08:00,69.75,69.5,70.2,60,1.0
2024-10-07 09:00,69.71,69.5,70.2,60,1.0
2024-10-07 10:00,69.89,69.7,70.2,60,1.0
2024-10-07 11:00,69.79,69.3,70.1,60,1.0
2024-10-07 12:00,69.5,69.2,69.9,60,1.0
2024-10-07 13:00,69.4,69.2,69.7,60,1.0
2024-10-07 14:00,69.48,69.2,69.9,59,0.983
2024-10-07 15:00,69.35,69.1,69.7,60,1.0
2024-10-07 16:00,69.38,69.0,69.7,59,0.983
2024-10-07 17:00,69.42,69.1,69.8,60,1.0
2024-10-07 18:00,69.39,69.1,69.7,60,1.0
2024-10-07 19:00,69.33,69.1,69.6,60,1.0
2024-10-07 20:00,69.14,68.8,69.6,59,0.983
2024-10-07 21:00,69.07,68.8,69.5,59,0.983
2024-10-07 22:00,68.94,68.7,69.3,60,1.0
2024-10-07 23:00,68.85,68.7,69.1,60,1.0
2024-10-08 00:00,68.84,68.6,69.1,60,1.0
2024-10-08 01:00,68.75,68.6,69.0,60,1.0
2024-10-08 02:00,68.69,68.5,68.9,60,1.0
2024-10-08 03:00,68.65,68.5,68.8,60,1.0
2024-10-08 04:00,68.64,68.5,68.8,60,1.0
2024-10-08 05:00,68.58,68.4,68.9,60,1.0
2024-10-08 06:00,68.55,68.3,69.0,60,1.0
2024-10-08 07:00,68.55,68.3,68.9,60,1.0
2024-10-08 08:00,68.67,68.3,69.0,60,1.0
2024-10-08 09:00,68.6,68.3,68.9,60,1.0
2024-10-08 10:00,68.4,68.1,68.7,60,1.0
2024-10-08 11:00,68.25,68.0,68.5,60,1.0
2024-10-08 12:00,68.21,68.0,68.6,60,1.0
2024-10-08 13:00,68.39,68.2,68.6,60,1.0
2024-10-08 14:00,68.34,68.2,68.6,60,1.0
2024-10-08 15:00,68.23,68.0,68.5,60,1.0
2024-10-08 16:00,68.02,67.8,68.3,60,1.0
2024-10-08 17:00,67.88,67.7,68.1,60,1.0
2024-10-08 18:00,67.84,67.7,68.1,60,1.0
2024-10-08 19:00,68.38,67.7,68.8,60,1.0
2024-10-08 20:00,69.21,68.2,70.7,60,1.0
2024-10-08 21:00,72.33,70.3,74.0,60,1.0
2024-10-08 22:00,74.8,73.9,75.5,60,1.0
2024-10-08 23:00,75.47,75.1,75.9,60,1.0
2024-10-09 00:00,75.8,75.3,76.1,60,1.0
2024-10-09 01:00,75.83,75.3,76.2,55,0.917
2024-10-09 02:00,75.73,75.3,76.0,52,0.867
2024-10-09 03:00,75.63,75.3,76.0,47,0.783
2024-10-09 04:00,75.06,74.6,75.8,57,0.95
2024-10-09 05:00,77.51,75.4,78.9,60,1.0
2024-10-09 06:00,79.17,78.6,79.7,60,1.0
2024-10-09 07:00,79.24,78.7,79.8,60,1.0
2024-10-09 08:00,78.89,78.6,79.2,60,1.0
2024-10-09 09:00,78.76,78.2,79.2,60,1.0
2024-10-09 10:00,78.39,77.9,78.9,60,1.0
2024-10-09 11:00,78.09,77.6,78.7,60,1.0
2024-10-09 12:00,77.79,77.4,78.2,59,0.983
2024-10-09 13:00,77.51,77.2,78.1,60,1.0
2024-10-09 14:00,77.2,76.9,77.8,60,1.0
2024-10-09 15:00,76.89,76.6,77.2,60,1.0
2024-10-09 16:00,76.73,76.4,77.0,59,0.983
2024-10-09 17:00,76.45,76.2,76.7,60,1.0
2024-10-09 18:00,76.41,76.0,76.8,60,1.0
2024-10-09 19:00,76.34,75.9,76.7,60,1.0
2024-10-09 20:00,76.16,75.9,76.4,60,1.0
2024-10-09 21:00,75.95,75.7,76.3,60,1.0
2024-10-09 22:00,75.79,75.5,76.1,60,1.0
2024-10-09 23:00,75.53,75.3,75.9,60,1.0
2024-10-10 00:00,75.36,74.9,75.7,60,1.0
2024-10-10 01:00,75.14,74.9,75.5,60,1.0
2024-10-10 02:00,75.03,74.5,75.3,60,1.0
2024-10-10 03:00,74.91,74.5,75.3,59,0.983
2024-10-10 04:00,74.58,74.2,74.9,60,1.0
2024-10-10 05:00,74.41,74.1,74.8,60,1.0
2024-10-10 06:00,74.35,74.0,74.8,60,1.0
2024-10-10 07:00,74.26,74.0,74.6,60,1.0
2024-10-10 08:00,74.0,73.6,74.5,60,1.0
2024-10-10 09:00,73.8,73.4,74.1,60,1.0
2024-10-10 10:00,73.72,73.2,74.1,60,1.0
2024-10-10 11:00,73.64,73.3,74.0,60,1.0
2024-10-10 12:00,73.54,73.2,73.9,60,1.0
2024-10-10 13:00,73.34,73.0,73.7,60,1.0
2024-10-10 14:00,73.14,72.8,73.5,60,1.0
2024-10-10 15:00,72.84,72.6,73.2,60,1.0
2024-10-10 16:00,72.71,72.5,73.0,60,1.0
2024-10-10 17:00,72.62,72.4,73.0,44,0.733
2024-10-10 18:00,72.54,72.3,72.9,52,0.867
2024-10-10 19:00,72.38,72.2,72.6,46,0.767
2024-10-10 20:00,72.43,72.2,72.7,55,0.917
2024-10-10 21:00,72.49,72.2,72.8,60,1.0
2024-10-10 22:00,72.7,72.4,73.1,60,1.0
2024-10-10 23:00,72.88,72.5,73.3,60,1.0
2024-10-11 00:00,73.01,72.6,73.3,60,1.0
2024-10-11 01:00,73.07,72.6,73.4,60,1.0
2024-10-11 02:00,73.02,72.6,73.3,60,1.0
2024-10-11 03:00,72.93,72.5,73.2,60,1.0
2024-10-11 04:00,72.9,72.5,73.2,60,1.0
2024-10-11 05:00,72.8,72.4,73.1,60,1.0
2024-10-11 06:00,72.59,72.2,73.0,60,1.0
2024-10-11 07:00,72.6,72.2,72.9,60,1.0
2024-10-11 08:00,72.39,72.1,72.8,60,1.0
2024-10-11 09:00,72.36,72.0,72.7,60,1.0
2024-10-11 10:00,72.06,71.8,72.5,60,1.0
2024-10-11 11:00,71.94,71.6,72.3,60,1.0
2024-10-11 12:00,71.75,71.5,72.0,60,1.0
2024-10-11 13:00,71.76,71.5,72.2,60,1.0
2024-10-11 14:00,71.71,71.4,72.1,60,1.0
2024-10-11 15:00,71.59,71.3,72.0,60,1.0
2024-10-11 16:00,71.58,71.2,72.0,60,1.0
2024-10-11 17:00,71.61,71.3,71.9,60,1.0
2024-10-11 18:00,71.53,71.2,71.9,60,1.0
2024-10-11 19:00,71.4,71.0,71.7,60,1.0
2024-10-11 20:00,71.21,70.9,71.8,60,1.0
2024-10-11 21:00,71.14,70.8,71.5,60,1.0
2024-10-11 22:00,70.94,70.7,71.3,60,1.0
2024-10-11 23:00,70.87,70.7,71.0,60,1.0
2024-10-12 00:00,70.79,70.5,71.2,60,1.0
2024-10-12 01:00,70.72,70.5,71.1,60,1.0
2024-10-12 02:00,70.64,70.5,70.9,60,1.0
2024-10-12 03:00,70.62,70.4,71.0,60,1.0
2024-10-12 04:00,70.52,70.3,70.8,60,1.0
2024-10-12 05:00,70.48,70.3,70.8,60,1.0
2024-10-12 06:00,70.42,70.2,70.7,60,1.0
2024-10-12 07:00,70.36,70.1,70.6,60,1.0
2024-10-12 08:00,70.36,70.1,70.8,60,1.0
2024-10-12 09:00,70.22,70.0,70.7,60,1.0
2024-10-12 10:00,70.14,69.9,70.4,58,0.967
2024-10-12 11:00,70.15,69.9,70.5,53,0.883
2024-10-12 12:00,69.99,69.8,70.2,47,0.783
2024-10-12 13:00,69.97,69.7,70.3,57,0.95
2024-10-12 14:00,70.04,69.7,70.4,48,0.8
2024-10-12 15:00,70.01,69.6,70.3,55,0.917
2024-10-12 16:00,70.02,69.7,70.3,46,0.767
2024-10-12 17:00,70.0,69.6,70.3,51,0.85
2024-10-12 18:00,69.89,69.5,70.3,58,0.967
2024-10-12 19:00,69.73,69.4,70.1,47,0.783
2024-10-12 20:00,69.58,69.4,70.1,57,0.95
2024-10-12 21:00,69.48,69.3,69.8,60,1.0
2024-10-12 22:00,69.42,69.2,69.6,60,1.0
2024-10-12 23:00,69.4,69.2,69.7,49,0.817
2024-10-13 00:00,69.33,69.1,69.6,44,0.733
2024-10-13 01:00,69.26,69.0,69.7,50,0.833
2024-10-13 02:00,69.22,69.0,69.5,59,0.983
2024-10-13 03:00,69.16,69.0,69.4,60,1.0
2024-10-13 04:00,69.12,69.0,69.4,60,1.0
2024-10-13 05:00,69.1,68.9,69.5,60,1.0
2024-10-13 06:00,69.05,68.8,69.4,60,1.0
2024-10-13 07:00,68.97,68.7,69.4,60,1.0
2024-10-13 08:00,69.13,68.8,69.6,60,1.0
2024-10-13 09:00,69.15,68.9,69.4,60,1.0
2024-10-13 10:00,69.01,68.7,69.3,60,1.0
2024-10-13 11:00,68.93,68.5,69.2,60,1.0
2024-10-13 12:00,68.79,68.5,69.1,59,0.983
2024-10-13 13:00,68.69,68.4,69.1,60,1.0
2024-10-13 14:00,68.53,68.4,68.8,60,1.0
2024-10-13 15:00,68.52,68.3,68.9,60,1.0
2024-10-13 16:00,68.55,68.3,68.9,60,1.0
2024-10-13 17:00,68.59,68.3,69.0,60,1.0
2024-10-13 18:00,68.61,68.3,68.9,60,1.0
2024-10-13 19:00,68.65,68.4,69.0,60,1.0
2024-10-13 20:00,68.56,68.4,68.8,59,0.983
2024-10-13 21:00,68.46,68.1,68.8,60,1.0
2024-10-13 22:00,68.37,68.1,68.7,60,1.0
2024-10-13 23:00,68.36,68.0,68.7,60,1.0
2024-10-14 00:00,68.25,68.0,68.7,57,0.95
2024-10-14 01:00,68.17,67.9,68.6,60,1.0
2024-10-14 02:00,68.12,67.9,68.4,60,1.0
2024-10-14 03:00,68.09,67.9,68.5,60,1.0
2024-10-14 04:00,68.0,67.8,68.3,60,1.0
2024-10-14 05:00,67.94,67.8,68.3,60,1.0
2024-10-14 06:00,67.9,67.7,68.2,60,1.0
2024-10-14 07:00,67.89,67.7,68.3,60,1.0
2024-10-14 08:00,67.98,67.7,68.2,60,1.0
2024-10-14 09:00,67.88,67.6,68.4,59,0.983
2024-10-14 10:00,67.72,67.6,67.9,60,1.0
2024-10-14 11:00,67.75,67.5,68.1,60,1.0
2024-10-14 12:00,67.71,67.5,68.0,60,1.0
2024-10-14 13:00,67.8,67.5,68.1,60,1.0
2024-10-14 14:00,67.82,67.5,68.1,60,1.0
2024-10-14 15:00,67.82,67.5,68.0,60,1.0
2024-10-14 16:00,67.79,67.5,68.1,60,1.0
2024-10-14 17:00,67.76,67.5,68.0,60,1.0
2024-10-14 18:00,67.74,67.4,67.9,59,0.983
2024-10-14 19:00,67.65,67.3,67.9,60,1.0
2024-10-14 20:00,67.55,67.2,67.9,59,0.983
2024-10-14 21:00,67.44,67.2,68.0,60,1.0
2024-10-14 22:00,67.38,67.2,67.6,57,0.95
2024-10-14 23:00,67.31,67.1,67.7,59,0.983
2024-10-15 00:00,67.27,67.1,67.6,59,0.983
2024-10-15 01:00,67.27,67.1,67.5,60,1.0
2024-10-15 02:00,67.19,67.0,67.4,59,0.983
2024-10-15 03:00,67.13,67.0,67.4,59,0.983
2024-10-15 04:00,67.13,67.0,67.4,60,1.0
2024-10-15 05:00,67.09,66.9,67.3,60,1.0
2024-10-15 06:00,67.1,66.9,67.3,59,0.983
2024-10-15 07:00,67.27,67.0,67.6,60,1.0
2024-10-15 08:00,67.19,66.9,67.5,60,1.0
2024-10-15 09:00,67.36,67.1,67.7,60,1.0
2024-10-15 10:00,67.29,67.1,67.5,60,1.0
2024-10-15 11:00,67.26,66.9,67.6,60,1.0
2024-10-15 12:00,67.14,66.9,67.3,60,1.0
2024-10-15 13:00,67.08,66.8,67.3,60,1.0
2024-10-15 14:00,67.01,66.7,67.4,60,1.0
2024-10-15 15:00,66.9,66.6,67.2,60,1.0
2024-10-15 16:00,66.81,66.6,67.2,60,1.0
2024-10-15 17:00,66.76,66.6,67.0,60,1.0
2024-10-15 18:00,66.74,66.5,67.0,60,1.0
2024-10-15 19:00,66.83,66.5,67.1,60,1.0
2024-10-15 20:00,66.9,66.5,67.2,60,1.0
2024-10-15 21:00,66.92,66.6,67.1,60,1.0
2024-10-15 22:00,66.88,66.7,67.1,21,0.35
2024-10-19 09:00,83.02,82.7,83.3,28,0.467
2024-10-19 10:00,83.01,82.6,83.3,49,0.817
2024-10-19 11:00,82.49,81.9,83.2,58,0.967
2024-10-19 12:00,82.2,81.7,82.7,60,1.0
2024-10-19 13:00,82.05,81.6,82.5,59,0.983
2024-10-19 14:00,81.44,80.9,82.0,60,1.0
2024-10-19 15:00,80.85,80.4,81.3,60,1.0
2024-10-19 16:00,80.48,79.9,80.9,60,1.0
2024-10-19 17:00,80.08,79.7,80.5,50,0.833
2024-10-19 18:00,79.78,79.3,80.2,60,1.0
2024-10-19 19:00,79.45,78.9,79.9,60,1.0
2024-10-19 20:00,79.03,78.6,79.6,60,1.0
2024-10-19 21:00,78.92,78.5,79.3,60,1.0
2024-10-19 22:00,78.54,78.1,78.9,60,1.0
2024-10-19 23:00,78.27,77.9,78.7,60,1.0
2024-10-20 00:00,78.01,77.5,78.4,60,1.0
2024-10-20 01:00,77.75,77.3,78.1,60,1.0
2024-10-20 02:00,77.44,76.9,77.8,59,0.983
2024-10-20 03:00,77.13,76.7,77.5,60,1.0
2024-10-20 04:00,76.96,76.6,77.3,60,1.0
2024-10-20 05:00,76.76,76.3,77.3,60,1.0
2024-10-20 06:00,76.48,76.2,76.8,60,1.0
2024-10-20 07:00,76.58,76.2,76.9,60,1.0
2024-10-20 08:00,76.41,76.1,76.9,60,1.0
2024-10-20 09:00,76.29,76.0,76.7,60,1.0
2024-10-20 10:00,76.34,76.0,76.8,60,1.0
2024-10-20 11:00,76.34,75.9,76.7,60,1.0
2024-10-20 12:00,76.05,75.7,76.6,60,1.0
2024-10-20 13:00,76.1,75.7,76.5,60,1.0
2024-10-20 14:00,75.99,75.5,76.4,60,1.0
2024-10-20 15:00,75.62,75.3,76.3,60,1.0
2024-10-20 16:00,75.43,75.1,75.8,60,1.0
2024-10-20 17:00,75.34,75.0,75.7,60,1.0
2024-10-20 18:00,75.25,74.9,75.7,60,1.0
2024-10-20 19:00,75.26,74.8,75.7,60,1.0
2024-10-20 20:00,75.16,74.8,75.6,60,1.0
2024-10-20 21:00,75.05,74.7,75.4,60,1.0
2024-10-20 22:00,74.9,74.5,75.3,60,1.0
2024-10-20 23:00,74.82,74.3,75.2,60,1.0
2024-10-21 00:00,74.72,74.3,75.1,60,1.0
2024-10-21 01:00,74.63,74.2,75.0,60,1.0
2024-10-21 02:00,74.53,74.3,74.9,60,1.0
2024-10-21 03:00,74.42,74.0,74.8,60,1.0
2024-10-21 04:00,74.3,74.0,74.7,53,0.883
2024-10-21 05:00,74.12,73.6,74.5,51,0.85
2024-10-21 06:00,73.98,73.6,74.3,48,0.8
2024-10-21 07:00,73.76,73.4,74.2,50,0.833
2024-10-21 08:00,73.75,73.4,74.1,60,1.0
2024-10-21 09:00,73.64,73.3,74.1,60,1.0
2024-10-21 10:00,73.65,73.4,73.9,60,1.0
2024-10-21 11:00,73.57,73.2,73.8,60,1.0
2024-10-21 12:00,73.22,72.9,73.6,60,1.0
2024-10-21 13:00,73.12,72.8,73.6,60,1.0
2024-10-21 14:00,73.02,72.8,73.4,60,1.0
2024-10-21 15:00,73.13,72.7,73.5,60,1.0
2024-10-21 16:00,73.17,72.8,73.5,60,1.0
2024-10-21 17:00,73.07,72.7,73.6,60,1.0
2024-10-21 18:00,72.92,72.5,73.2,60,1.0
2024-10-21 19:00,72.74,72.4,73.3,60,1.0
2024-10-21 20:00,72.61,72.4,73.0,60,1.0
2024-10-21 21:00,72.52,72.3,72.9,60,1.0
2024-10-21 22:00,72.38,72.2,72.6,60,1.0
2024-10-21 23:00,72.37,72.2,72.9,60,1.0
2024-10-22 00:00,72.29,72.1,72.7,60,1.0
2024-10-22 01:00,72.33,72.0,72.6,60,1.0
2024-10-22 02:00,72.18,71.9,72.5,60,1.0
2024-10-22 03:00,72.1,71.9,72.5,60,1.0
2024-10-22 04:00,72.0,71.8,72.4,60,1.0
2024-10-22 05:00,71.98,71.8,72.3,60,1.0
2024-10-22 06:00,71.99,71.7,72.3,60,1.0
2024-10-22 07:00,71.84,71.6,72.1,60,1.0
2024-10-22 08:00,72.03,71.6,72.4,60,1.0
2024-10-22 09:00,71.9,71.5,72.2,53,0.883
2024-10-22 10:00,71.63,71.4,72.0,58,0.967
2024-10-22 11:00,71.56,71.4,72.1,60,1.0
2024-10-22 12:00,71.49,71.2,71.7,60,1.0
2024-10-22 13:00,71.4,71.2,71.7,60,1.0
2024-10-22 14:00,71.51,71.2,71.9,60,1.0
2024-10-22 15:00,71.54,71.3,71.8,51,0.85
2024-10-22 16:00,71.54,71.3,71.8,45,0.75
2024-10-22 17:00,71.5,71.3,71.8,59,0.983
2024-10-22 18:00,71.43,71.0,71.8,60,1.0
2024-10-22 19:00,71.29,70.9,71.6,60,1.0
2024-10-22 20:00,71.07,70.8,71.5,60,1.0
2024-10-22 21:00,70.99,70.8,71.2,60,1.0
2024-10-22 22:00,70.97,70.8,71.5,60,1.0
2024-10-22 23:00,70.94,70.7,71.3,60,1.0
2024-10-23 00:00,70.92,70.7,71.3,60,1.0
2024-10-23 01:00,70.85,70.6,71.2,60,1.0
2024-10-23 02:00,70.77,70.6,71.1,60,1.0
2024-10-23 03:00,70.84,70.6,71.3,60,1.0
2024-10-23 04:00,70.85,70.5,71.2,60,1.0
2024-10-23 05:00,70.73,70.3,71.3,60,1.0
2024-10-23 06:00,70.62,70.4,71.1,60,1.0
2024-10-23 07:00,70.58,70.3,70.9,60,1.0
2024-10-23 08:00,70.74,70.3,71.1,60,1.0
2024-10-23 09:00,70.73,70.4,71.0,60,1.0
2024-10-23 10:00,70.64,70.2,71.0,60,1.0
2024-10-23 11:00,70.34,70.1,70.6,60,1.0
2024-10-23 12:00,70.4,70.1,70.7,60,1.0
2024-10-23 13:00,70.46,70.1,70.8,60,1.0
2024-10-23 14:00,70.48,70.2,70.7,60,1.0
2024-10-23 15:00,70.43,70.2,70.7,60,1.0
2024-10-23 16:00,70.42,70.2,70.7,60,1.0
2024-10-23 17:00,70.36,70.1,70.6,60,1.0
2024-10-23 18:00,70.24,69.8,70.5,60,1.0
2024-10-23 19:00,70.09,69.8,70.4,60,1.0
2024-10-23 20:00,69.96,69.7,70.2,60,1.0
2024-10-23 21:00,69.89,69.7,70.1,60,1.0
2024-10-23 22:00,69.86,69.7,70.1,60,1.0
2024-10-23 23:00,69.84,69.6,70.1,60,1.0
2024-10-24 00:00,69.79,69.6,70.3,60,1.0
2024-10-24 01:00,69.78,69.6,70.2,60,1.0
2024-10-24 02:00,69.75,69.5,70.0,59,0.983
2024-10-24 03:00,69.7,69.5,69.9,60,1.0
2024-10-24 04:00,69.63,69.4,70.1,60,1.0
2024-10-24 05:00,69.65,69.4,70.1,60,1.0
2024-10-24 06:00,69.62,69.4,70.1,60,1.0
2024-10-24 07:00,69.59,69.3,69.9,60,1.0
2024-10-24 08:00,69.77,69.5,70.0,60,1.0
2024-10-24 09:00,69.62,69.2,70.0,60,1.0
2024-10-24 10:00,69.4,69.2,69.7,60,1.0
2024-10-24 11:00,69.49,69.2,69.8,60,1.0
2024-10-24 12:00,69.33,69.2,69.6,60,1.0
2024-10-24 13:00,69.32,69.1,69.7,60,1.0
2024-10-24 14:00,69.38,69.1,69.7,55,0.917
2024-10-24 15:00,69.44,69.2,69.7,47,0.783
2024-10-24 16:00,69.46,69.2,69.6,47,0.783
2024-10-24 17:00,69.42,69.2,69.7,48,0.8
2024-10-24 18:00,69.33,69.0,69.6,60,1.0
2024-10-24 19:00,69.11,68.9,69.4,60,1.0
2024-10-24 20:00,69.02,68.9,69.2,60,1.0
2024-10-24 21:00,68.98,68.8,69.3,60,1.0
2024-10-24 22:00,68.94,68.8,69.2,60,1.0
2024-10-24 23:00,68.92,68.7,69.2,60,1.0
2024-10-25 00:00,68.9,68.7,69.2,60,1.0
2024-10-25 01:00,68.9,68.7,69.2,60,1.0
2024-10-25 02:00,68.88,68.7,69.2,60,1.0
2024-10-25 03:00,68.82,68.6,69.2,60,1.0
2024-10-25 04:00,68.87,68.6,69.2,60,1.0
2024-10-25 05:00,68.78,68.6,69.1,60,1.0
2024-10-25 06:00,68.87,68.6,69.3,60,1.0
2024-10-25 07:00,68.77,68.5,69.1,60,1.0
2024-10-25 08:00,68.85,68.5,69.2,60,1.0
2024-10-25 09:00,68.94,68.7,69.2,60,1.0
2024-10-25 10:00,68.89,68.7,69.1,60,1.0
2024-10-25 11:00,68.85,68.6,69.1,60,1.0
2024-10-25 12:00,68.82,68.4,69.1,60,1.0
2024-10-25 13:00,68.56,68.3,68.9,58,0.967
2024-10-25 14:00,68.74,68.5,69.0,60,1.0
2024-10-25 15:00,68.7,68.5,68.9,60,1.0
2024-10-25 16:00,68.68,68.3,69.0,60,1.0
2024-10-25 17:00,68.59,68.2,68.9,60,1.0
2024-10-25 18:00,68.47,68.1,68.9,60,1.0
2024-10-25 19:00,68.31,68.1,68.7,60,1.0
2024-10-25 20:00,68.26,68.1,68.8,60,1.0
2024-10-25 21:00,68.27,68.1,68.6,60,1.0
2024-10-25 22:00,68.24,68.1,68.6,60,1.0
2024-10-25 23:00,68.22,68.0,68.6,60,1.0
2024-10-26 00:00,68.18,68.0,68.5,60,1.0
2024-10-26 01:00,68.2,68.0,68.8,60,1.0
2024-10-26 02:00,68.22,67.9,68.7,60,1.0
2024-10-26 03:00,68.22,67.9,68.5,59,0.983
2024-10-26 04:00,68.21,67.9,68.8,60,1.0
2024-10-26 05:00,68.24,67.9,68.6,60,1.0
2024-10-26 06:00,68.17,67.9,68.5,59,0.983
2024-10-26 07:00,68.13,67.8,68.4,60,1.0
2024-10-26 08:00,68.28,68.0,68.6,60,1.0
2024-10-26 09:00,68.24,68.0,68.5,60,1.0
2024-10-26 10:00,68.27,68.1,68.5,59,0.983
2024-10-26 11:00,68.21,67.9,68.5,60,1.0
2024-10-26 12:00,68.15,67.8,68.4,60,1.0
2024-10-26 13:00,68.18,67.9,68.4,59,0.983
2024-10-26 14:00,68.14,67.8,68.5,60,1.0
2024-10-26 15:00,68.14,67.9,68.4,60,1.0
2024-10-26 16:00,68.09,67.8,68.3,60,1.0
2024-10-26 17:00,68.06,67.6,68.3,60,1.0
2024-10-26 18:00,67.97,67.7,68.2,60,1.0
2024-10-26 19:00,67.79,67.5,68.1,60,1.0
2024-10-26 20:00,67.71,67.5,68.1,60,1.0
2024-10-26 21:00,67.67,67.5,67.9,60,1.0
2024-10-26 22:00,67.63,67.5,67.8,58,0.967
2024-10-26 23:00,67.66,67.4,68.1,43,0.717
2024-10-27 00:00,67.61,67.4,68.0,57,0.95
2024-10-27 01:00,67.57,67.4,67.8,60,1.0
2024-10-27 02:00,67.57,67.4,68.2,60,1.0
2024-10-27 03:00,67.52,67.3,68.0,60,1.0
2024-10-27 04:00,67.53,67.3,67.9,60,1.0
2024-10-27 05:00,67.54,67.3,68.0,60,1.0
2024-10-27 06:00,67.47,67.3,67.7,60,1.0
2024-10-27 07:00,67.44,67.3,67.7,60,1.0
2024-10-27 08:00,67.67,67.3,68.0,60,1.0
2024-10-27 09:00,67.68,67.3,67.9,60,1.0
2024-10-27 10:00,67.53,67.2,67.9,60,1.0
2024-10-27 11:00,67.4,67.2,67.8,60,1.0
2024-10-27 12:00,67.32,67.1,67.7,60,1.0
2024-10-27 13:00,67.29,67.1,67.4,60,1.0
2024-10-27 14:00,67.25,67.1,67.5,60,1.0
2024-10-27 15:00,67.24,67.1,67.7,60,1.0
2024-10-27 16:00,67.24,67.0,67.6,60,1.0
2024-10-27 17:00,67.21,67.0,67.5,60,1.0
2024-10-27 18:00,67.12,67.0,67.3,59,0.983
2024-10-27 19:00,67.15,66.9,67.5,60,1.0
2024-10-27 20:00,67.12,66.9,67.5,60,1.0
2024-10-27 21:00,67.1,66.9,67.4,60,1.0
2024-10-27 22:00,67.13,66.9,67.5,60,1.0
2024-10-27 23:00,67.13,66.9,67.4,60,1.0
2024-10-28 00:00,67.04,66.8,67.4,60,1.0
2024-10-28 01:00,67.03,66.8,67.4,60,1.0
2024-10-28 02:00,67.08,66.8,67.5,60,1.0
2024-10-28 03:00,67.07,66.8,67.4,60,1.0
2024-10-28 04:00,67.1,66.8,67.4,60,1.0
2024-10-28 05:00,67.1,66.8,67.4,60,1.0
2024-10-28 06:00,67.14,66.8,67.5,60,1.0
2024-10-28 07:00,67.04,66.7,67.4,60,1.0
2024-10-28 08:00,67.04,66.7,67.4,60,1.0
2024-10-28 09:00,67.13,66.9,67.3,60,1.0
2024-10-28 10:00,67.08,66.9,67.3,60,1.0
2024-10-28 11:00,67.03,66.8,67.2,60,1.0
2024-10-28 12:00,67.01,66.7,67.4,60,1.0
2024-10-28 13:00,67.0,66.7,67.4,60,1.0
2024-10-28 14:00,66.91,66.6,67.2,60,1.0
2024-10-28 15:00,66.91,66.5,67.1,60,1.0
2024-10-28 16:00,66.86,66.5,67.1,60,1.0
2024-10-28 17:00,66.78,66.4,67.1,60,1.0
2024-10-28 18:00,66.62,66.4,66.9,60,1.0
2024-10-28 19:00,66.58,66.4,66.9,60,1.0
2024-10-28 20:00,66.59,66.4,67.0,60,1.0
2024-10-28 21:00,66.6,66.4,67.0,60,1.0
2024-10-28 22:00,66.59,66.4,67.0,55,0.917
2024-10-28 23:00,66.64,66.4,67.0,40,0.667
2024-10-29 00:00,66.58,66.3,67.0,53,0.883
2024-10-29 01:00,66.51,66.3,66.9,55,0.917
2024-10-29 02:00,66.55,66.3,66.9,49,0.817
2024-10-29 03:00,66.61,66.3,66.9,44,0.733
2024-10-29 04:00,66.56,66.3,66.9,52,0.867
2024-10-29 05:00,66.53,66.3,66.8,47,0.783
2024-10-29 06:00,66.59,66.3,66.9,48,0.8
2024-10-29 07:00,66.53,66.2,66.9,48,0.8
2024-10-29 08:00,66.5,66.2,66.8,48,0.8
2024-10-29 09:00,66.64,66.4,66.8,54,0.9
2024-10-29 10:00,66.65,66.4,66.9,59,0.983
2024-10-29 11:00,66.63,66.4,66.9,57,0.95
2024-10-29 12:00,66.58,66.4,66.9,60,1.0
2024-10-29 13:00,66.55,66.4,66.8,58,0.967
2024-10-29 14:00,66.53,66.1,66.7,58,0.967
2024-10-29 15:00,66.47,66.1,66.7,51,0.85
2024-10-29 16:00,66.49,66.2,66.7,55,0.917
2024-10-29 17:00,66.47,66.2,66.8,60,1.0
2024-10-29 18:00,66.3,66.1,66.6,60,1.0
2024-10-29 19:00,66.2,66.0,66.5,60,1.0
2024-10-29 20:00,66.18,66.0,66.5,60,1.0
2024-10-29 21:00,66.14,66.0,66.4,60,1.0
2024-10-29 22:00,66.17,66.0,66.5,60,1.0
2024-10-29 23:00,66.14,66.0,66.5,60,1.0
2024-10-30 00:00,66.18,66.0,66.7,60,1.0
2024-10-30 01:00,66.16,65.9,66.5,60,1.0
2024-10-30 02:00,66.14,65.9,66.5,60,1.0
2024-10-30 03:00,66.18,65.9,66.5,60,1.0
2024-10-30 04:00,66.16,65.9,66.6,60,1.0
2024-10-30 05:00,66.13,65.9,66.6,60,1.0
2024-10-30 06:00,66.16,65.9,66.4,60,1.0
2024-10-30 07:00,66.14,65.9,66.5,60,1.0
2024-10-30 08:00,66.13,65.9,66.4,59,0.983
2024-10-30 09:00,66.26,66.1,66.5,59,0.983
2024-10-30 10:00,66.23,65.8,66.5,59,0.983
2024-10-30 11:00,66.24,65.9,66.5,60,1.0
2024-10-30 12:00,66.14,65.8,66.4,58,0.967
2024-10-30 13:00,66.13,65.9,66.3,60,1.0
2024-10-30 14:00,66.15,65.8,66.4,59,0.983
2024-10-30 15:00,66.18,66.0,66.4,60,1.0
2024-10-30 16:00,66.15,65.8,66.6,60,1.0
2024-10-30 17:00,66.03,65.7,66.4,59,0.983
2024-10-30 18:00,65.94,65.6,66.2,60,1.0
2024-10-30 19:00,65.85,65.7,66.1,60,1.0
2024-10-30 20:00,65.82,65.6,66.2,60,1.0
2024-10-30 21:00,65.78,65.6,66.0,60,1.0
2024-10-30 22:00,65.78,65.6,66.0,60,1.0
2024-10-30 23:00,65.76,65.6,66.1,60,1.0
2024-10-31 00:00,65.77,65.6,66.2,60,1.0
2024-10-31 01:00,65.76,65.6,66.0,60,1.0
2024-10-31 02:00,65.87,65.6,66.2,60,1.0
2024-10-31 03:00,65.85,65.6,66.2,60,1.0
2024-10-31 04:00,65.85,65.6,66.2,60,1.0
2024-10-31 05:00,65.86,65.5,66.2,60,1.0
2024-10-31 06:00,65.77,65.5,66.2,60,1.0
2024-10-31 07:00,65.78,65.5,66.2,60,1.0
2024-10-31 08:00,65.88,65.5,66.2,60,1.0
2024-10-31 09:00,65.92,65.7,66.1,60,1.0
2024-10-31 10:00,65.88,65.5,66.1,60,1.0
2024-10-31 11:00,65.87,65.5,66.1,60,1.0
2024-10-31 12:00,65.86,65.6,66.1,60,1.0
2024-10-31 13:00,65.83,65.5,66.1,60,1.0
2024-10-31 14:00,65.72,65.4,66.0,60,1.0
2024-10-31 15:00,65.7,65.4,65.9,60,1.0
2024-10-31 16:00,65.62,65.4,66.0,60,1.0
2024-10-31 17:00,65.57,65.3,65.9,60,1.0
2024-10-31 18:00,65.53,65.3,65.9,60,1.0
2024-10-31 19:00,65.51,65.3,65.9,60,1.0
2024-10-31 20:00,65.45,65.3,65.8,60,1.0
2024-10-31 21:00,65.46,65.3,65.8,60,1.0
2024-10-31 22:00,65.43,65.2,65.7,60,1.0
2024-10-31 23:00,65.46,65.3,65.8,60,1.0
2024-11-01 00:00,65.42,65.2,65.7,60,1.0
2024-11-01 01:00,65.45,65.2,65.8,47,0.783
2024-11-01 02:00,65.45,65.2,65.8,54,0.9
2024-11-01 03:00,65.39,65.2,65.8,54,0.9
2024-11-01 04:00,65.33,65.1,65.5,47,0.783
2024-11-01 05:00,65.29,65.1,65.6,55,0.917
2024-11-01 06:00,65.3,65.1,65.6,54,0.9
2024-11-01 07:00,65.32,65.1,65.7,50,0.833
2024-11-01 08:00,65.3,65.1,65.6,46,0.767
2024-11-01 09:00,65.46,65.2,65.7,57,0.95
2024-11-01 10:00,65.44,65.2,65.6,60,1.0
2024-11-01 11:00,65.4,65.0,65.6,60,1.0
2024-11-01 12:00,65.37,65.0,65.7,60,1.0
2024-11-01 13:00,65.28,65.0,65.6,60,1.0
2024-11-01 14:00,65.17,64.9,65.5,60,1.0
2024-11-01 15:00,65.1,64.9,65.4,60,1.0
2024-11-01 16:00,65.12,64.9,65.5,60,1.0
2024-11-01 17:00,65.1,64.9,65.4,59,0.983
2024-11-01 18:00,65.07,64.9,65.4,59,0.983
2024-11-01 19:00,65.07,64.8,65.4,60,1.0
2024-11-01 20:00,64.99,64.8,65.2,60,1.0
2024-11-01 21:00,64.99,64.8,65.3,59,0.983
2024-11-01 22:00,64.99,64.8,65.3,56,0.933
2024-11-01 23:00,65.0,64.8,65.3,46,0.767
2024-11-02 00:00,65.02,64.8,65.4,58,0.967
2024-11-02 01:00,65.01,64.8,65.4,60,1.0
2024-11-02 02:00,64.96,64.7,65.3,60,1.0
2024-11-02 03:00,64.98,64.7,65.3,54,0.9
2024-11-02 04:00,65.0,64.7,65.3,53,0.883
2024-11-02 05:00,64.98,64.7,65.3,60,1.0
2024-11-02 06:00,64.91,64.7,65.2,60,1.0
2024-11-02 07:00,64.94,64.6,65.3,60,1.0
2024-11-02 08:00,64.9,64.6,65.2,60,1.0
2024-11-02 09:00,65.03,64.7,65.3,60,1.0
2024-11-02 10:00,64.99,64.6,65.3,60,1.0
2024-11-02 11:00,64.95,64.6,65.2,60,1.0
2024-11-02 12:00,64.95,64.7,65.3,60,1.0
2024-11-02 13:00,64.97,64.8,65.3,60,1.0
2024-11-02 14:00,64.96,64.7,65.2,60,1.0
2024-11-02 15:00,64.93,64.6,65.2,60,1.0
2024-11-02 16:00,64.9,64.7,65.2,60,1.0
2024-11-02 17:00,64.86,64.6,65.1,60,1.0
2024-11-02 18:00,64.68,64.5,65.1,60,1.0
2024-11-02 19:00,64.66,64.5,64.9,59,0.983
2024-11-02 20:00,64.6,64.4,64.8,60,1.0
2024-11-02 21:00,64.58,64.4,65.0,60,1.0
2024-11-02 22:00,64.6,64.4,64.9,60,1.0
2024-11-02 23:00,64.56,64.4,64.8,53,0.883
2024-11-03 00:00,64.54,64.4,64.7,60,1.0
2024-11-03 01:00,64.54,64.4,64.9,60,1.0
2024-11-03 02:00,64.55,64.4,64.9,60,1.0
2024-11-03 03:00,64.53,64.3,64.9,60,1.0
2024-11-03 04:00,64.51,64.3,64.9,60,1.0
2024-11-03 05:00,64.63,64.3,64.9,60,1.0
2024-11-03 06:00,64.65,64.3,64.9,60,1.0
2024-11-03 07:00,64.66,64.4,64.9,60,1.0
2024-11-03 08:00,64.54,64.3,64.8,60,1.0
2024-11-03 09:00,64.68,64.4,64.9,60,1.0
2024-11-03 10:00,64.68,64.5,64.9,60,1.0
2024-11-03 11:00,64.66,64.4,64.9,60,1.0
2024-11-03 12:00,64.63,64.3,64.9,60,1.0
2024-11-03 13:00,64.64,64.4,64.9,60,1.0
2024-11-03 14:00,64.58,64.3,64.8,60,1.0
2024-11-03 15:00,64.53,64.2,64.8,60,1.0
2024-11-03 16:00,64.44,64.2,64.7,60,1.0
2024-11-03 17:00,64.42,64.2,64.8,60,1.0
2024-11-03 18:00,64.35,64.1,64.7,60,1.0
2024-11-03 19:00,64.31,64.1,64.7,60,1.0
2024-11-03 20:00,64.25,64.1,64.5,60,1.0
2024-11-03 21:00,64.26,64.1,64.5,60,1.0
2024-11-03 22:00,64.26,64.1,64.6,60,1.0
2024-11-03 23:00,64.28,64.1,64.6,60,1.0
2024-11-04 00:00,64.26,64.0,64.6,60,1.0
2024-11-04 01:00,64.29,64.1,64.6,47,0.783
2024-11-04 02:00,64.26,64.0,64.6,51,0.85
2024-11-04 03:00,64.26,64.0,64.6,60,1.0
2024-11-04 04:00,64.24,64.0,64.6,60,1.0
2024-11-04 05:00,64.21,64.0,64.5,60,1.0
2024-11-04 06:00,64.26,64.0,64.7,60,1.0
2024-11-04 07:00,64.27,64.1,64.6,60,1.0
2024-11-04 08:00,64.37,64.1,64.7,60,1.0
2024-11-04 09:00,64.47,64.2,64.7,60,1.0
2024-11-04 10:00,64.44,64.3,64.7,60,1.0
2024-11-04 11:00,64.44,64.2,64.7,60,1.0
2024-11-04 12:00,64.39,64.2,64.7,60,1.0
2024-11-04 13:00,64.37,64.1,64.7,60,1.0
2024-11-04 14:00,64.37,64.1,64.6,60,1.0
2024-11-04 15:00,64.38,64.1,64.6,60,1.0
2024-11-04 16:00,64.34,64.1,64.6,60,1.0
2024-11-04 17:00,64.26,63.8,64.6,60,1.0
2024-11-04 18:00,64.21,63.9,64.6,60,1.0
2024-11-04 19:00,64.07,63.8,64.4,60,1.0
2024-11-04 20:00,64.05,63.8,64.3,60,1.0
2024-11-04 21:00,64.03,63.8,64.3,60,1.0
2024-11-04 22:00,63.94,63.8,64.2,60,1.0
2024-11-04 23:00,63.98,63.8,64.4,60,1.0
2024-11-05 00:00,64.0,63.8,64.4,60,1.0
2024-11-05 01:00,63.98,63.8,64.3,60,1.0
2024-11-05 02:00,63.96,63.8,64.2,60,1.0
2024-11-05 03:00,63.98,63.7,64.3,60,1.0
2024-11-05 04:00,63.96,63.8,64.3,60,1.0
2024-11-05 05:00,63.9,63.7,64.2,60,1.0
2024-11-05 06:00,63.95,63.7,64.3,60,1.0
2024-11-05 07:00,63.92,63.7,64.3,59,0.983
2024-11-05 08:00,64.06,63.8,64.4,59,0.983
2024-11-05 09:00,64.19,63.9,64.4,60,1.0
2024-11-05 10:00,64.16,63.9,64.4,60,1.0
2024-11-05 11:00,64.16,63.9,64.4,60,1.0
2024-11-05 12:00,64.12,63.8,64.4,60,1.0
2024-11-05 13:00,64.14,63.9,64.3,60,1.0
2024-11-05 14:00,64.12,63.8,64.3,60,1.0
2024-11-05 15:00,64.11,63.8,64.3,59,0.983
2024-11-05 16:00,64.04,63.7,64.3,60,1.0
2024-11-05 17:00,63.97,63.7,64.3,60,1.0
2024-11-05 18:00,63.88,63.7,64.2,60,1.0
2024-11-05 19:00,63.82,63.7,64.0,60,1.0
2024-11-05 20:00,63.82,63.6,64.1,60,1.0
2024-11-05 21:00,63.81,63.6,64.2,60,1.0
2024-11-05 22:00,63.78,63.6,64.1,60,1.0
2024-11-05 23:00,63.75,63.6,64.0,60,1.0
2024-11-06 00:00,63.73,63.6,63.9,60,1.0
2024-11-06 01:00,63.74,63.6,64.1,60,1.0
2024-11-06 02:00,63.73,63.6,64.1,60,1.0
2024-11-06 03:00,63.75,63.6,64.1,60,1.0
2024-11-06 04:00,63.73,63.6,64.0,60,1.0
2024-11-06 05:00,63.76,63.5,64.1,60,1.0
2024-11-06 06:00,63.72,63.5,64.1,60,1.0
2024-11-06 07:00,63.72,63.5,64.0,60,1.0
2024-11-06 08:00,63.87,63.5,64.1,60,1.0
2024-11-06 09:00,63.82,63.5,64.1,60,1.0
2024-11-06 10:00,63.71,63.5,64.1,60,1.0
2024-11-06 11:00,63.68,63.5,64.1,60,1.0
2024-11-06 12:00,63.71,63.5,64.1,60,1.0
2024-11-06 13:00,63.76,63.6,64.1,60,1.0
2024-11-06 14:00,63.8,63.5,64.1,60,1.0
2024-11-06 15:00,63.84,63.5,64.0,60,1.0
2024-11-06 16:00,63.84,63.5,64.1,60,1.0
2024-11-06 17:00,63.84,63.5,64.1,60,1.0
2024-11-06 18:00,63.77,63.4,64.0,60,1.0
2024-11-06 19:00,63.74,63.4,64.0,60,1.0
2024-11-06 20:00,63.65,63.4,64.0,60,1.0
2024-11-06 21:00,63.63,63.4,63.9,60,1.0
2024-11-06 22:00,63.59,63.4,63.9,60,1.0
2024-11-06 23:00,63.62,63.4,63.9,60,1.0
2024-11-07 00:00,63.56,63.4,63.8,60,1.0
2024-11-07 01:00,63.56,63.4,63.8,60,1.0
2024-11-07 02:00,63.59,63.3,63.9,60,1.0
2024-11-07 03:00,63.56,63.3,63.9,58,0.967
2024-11-07 04:00,63.58,63.3,63.9,54,0.9
2024-11-07 05:00,63.68,63.3,64.0,44,0.733
2024-11-07 06:00,63.49,63.3,63.9,59,0.983
2024-11-07 07:00,63.49,63.3,63.8,60,1.0
2024-11-07 08:00,63.62,63.3,63.9,60,1.0
2024-11-07 09:00,63.45,63.3,63.8,60,1.0
2024-11-07 10:00,63.72,63.4,63.9,60,1.0
2024-11-07 11:00,63.69,63.3,63.9,60,1.0
2024-11-07 12:00,63.68,63.5,64.0,60,1.0
2024-11-07 13:00,63.54,63.3,63.8,60,1.0
2024-11-07 14:00,63.65,63.5,63.8,60,1.0
2024-11-07 15:00,63.57,63.2,63.8,60,1.0
2024-11-07 16:00,63.46,63.2,63.7,60,1.0
2024-11-07 17:00,63.38,63.2,63.8,60,1.0
2024-11-07 18:00,63.31,63.2,63.5,60,1.0
2024-11-07 19:00,63.34,63.2,63.6,60,1.0
2024-11-07 20:00,63.33,63.1,63.7,60,1.0
2024-11-07 21:00,63.38,63.1,63.7,60,1.0
2024-11-07 22:00,63.4,63.2,63.7,60,1.0
2024-11-07 23:00,63.46,63.2,63.7,60,1.0
2024-11-08 00:00,63.51,63.2,63.7,60,1.0
2024-11-08 01:00,63.48,63.1,63.7,60,1.0
2024-11-08 02:00,63.5,63.2,63.7,60,1.0
2024-11-08 03:00,63.47,63.3,63.7,60,1.0
2024-11-08 04:00,63.5,63.3,63.8,60,1.0
2024-11-08 05:00,63.48,63.2,63.7,60,1.0
2024-11-08 06:00,63.44,63.1,63.7,60,1.0
2024-11-08 07:00,63.49,63.3,63.7,60,1.0
2024-11-08 08:00,63.29,63.0,63.7,60,1.0
2024-11-08 09:00,63.18,63.0,63.5,60,1.0
2024-11-08 10:00,63.41,63.1,63.7,60,1.0
2024-11-08 11:00,63.41,63.1,63.8,60,1.0
2024-11-08 12:00,63.29,63.0,63.6,60,1.0
2024-11-08 13:00,63.25,63.0,63.7,60,1.0
2024-11-08 14:00,63.16,62.9,63.5,60,1.0
2024-11-08 15:00,63.09,62.9,63.3,60,1.0
2024-11-08 16:00,63.11,63.0,63.3,60,1.0
2024-11-08 17:00,63.09,62.9,63.3,60,1.0
2024-11-08 18:00,63.14,62.9,63.5,53,0.883
2024-11-08 19:00,63.15,62.9,63.4,50,0.833
2024-11-08 20:00,63.19,62.9,63.4,60,1.0
2024-11-08 21:00,63.27,63.0,63.5,60,1.0
2024-11-08 22:00,63.25,63.1,63.5,60,1.0
2024-11-08 23:00,63.26,63.1,63.5,60,1.0
2024-11-09 00:00,63.26,63.0,63.4,60,1.0
2024-11-09 01:00,63.23,62.9,63.4,60,1.0
2024-11-09 02:00,63.21,63.0,63.4,60,1.0
2024-11-09 03:00,63.21,62.9,63.5,60,1.0
2024-11-09 04:00,63.18,62.9,63.4,60,1.0
2024-11-09 05:00,63.09,62.8,63.4,60,1.0
2024-11-09 06:00,63.11,62.8,63.3,60,1.0
2024-11-09 07:00,63.07,62.8,63.3,60,1.0
2024-11-09 08:00,63.18,62.9,63.4,58,0.967
2024-11-09 09:00,63.12,62.8,63.4,60,1.0
2024-11-09 10:00,63.08,62.7,63.4,60,1.0
2024-11-09 11:00,63.08,62.8,63.4,60,1.0
2024-11-09 12:00,63.18,62.9,63.4,60,1.0
2024-11-09 13:00,63.15,62.8,63.3,58,0.967
2024-11-09 14:00,63.16,62.9,63.3,60,1.0
2024-11-09 15:00,63.16,63.0,63.4,60,1.0
2024-11-09 16:00,63.11,62.8,63.3,60,1.0
2024-11-09 17:00,63.1,62.8,63.4,59,0.983
2024-11-09 18:00,63.06,62.8,63.3,60,1.0
2024-11-09 19:00,63.03,62.8,63.2,60,1.0
2024-11-09 20:00,63.03,62.7,63.2,60,1.0
2024-11-09 21:00,62.99,62.7,63.2,60,1.0
2024-11-09 22:00,62.92,62.6,63.2,60,1.0
2024-11-09 23:00,62.91,62.6,63.2,60,1.0
2024-11-10 00:00,62.89,62.6,63.2,60,1.0
2024-11-10 01:00,62.96,62.7,63.2,60,1.0
2024-11-10 02:00,62.98,62.6,63.3,60,1.0
2024-11-10 03:00,62.85,62.6,63.1,60,1.0
2024-11-10 04:00,62.9,62.6,63.1,60,1.0
2024-11-10 05:00,62.9,62.6,63.2,60,1.0
2024-11-10 06:00,62.86,62.6,63.1,60,1.0
2024-11-10 07:00,62.83,62.5,63.1,60,1.0
2024-11-10 08:00,62.94,62.6,63.1,60,1.0
2024-11-10 09:00,62.87,62.6,63.2,60,1.0
2024-11-10 10:00,62.79,62.5,63.1,60,1.0
2024-11-10 11:00,62.78,62.5,63.1,60,1.0
2024-11-10 12:00,62.78,62.5,63.1,60,1.0
2024-11-10 13:00,62.82,62.6,63.1,60,1.0
2024-11-10 14:00,62.82,62.5,63.0,59,0.983
2024-11-10 15:00,62.81,62.5,63.0,60,1.0
2024-11-10 16:00,62.77,62.6,63.0,60,1.0
2024-11-10 17:00,62.74,62.5,62.9,60,1.0
2024-11-10 18:00,62.72,62.4,63.0,60,1.0
2024-11-10 19:00,62.65,62.4,62.9,60,1.0
2024-11-10 20:00,62.68,62.4,62.9,60,1.0
2024-11-10 21:00,62.64,62.3,62.9,56,0.933
2024-11-10 22:00,62.61,62.3,62.9,48,0.8
2024-11-10 23:00,62.6,62.3,62.8,60,1.0
2024-11-11 00:00,62.51,62.3,62.8,60,1.0
2024-11-11 01:00,62.51,62.3,62.8,60,1.0
2024-11-11 02:00,62.5,62.3,62.8,60,1.0
2024-11-11 03:00,62.52,62.2,62.8,53,0.883
2024-11-11 04:00,62.51,62.3,62.9,60,1.0
2024-11-11 05:00,62.49,62.3,62.7,60,1.0
2024-11-11 06:00,62.48,62.2,62.7,60,1.0
2024-11-11 07:00,62.46,62.2,62.8,60,1.0
2024-11-11 08:00,62.56,62.2,62.9,60,1.0
2024-11-11 09:00,62.44,62.2,62.8,60,1.0
2024-11-11 10:00,62.33,62.2,62.6,60,1.0
2024-11-11 11:00,62.31,62.2,62.6,60,1.0
2024-11-11 12:00,62.35,62.2,62.7,60,1.0
2024-11-11 13:00,62.42,62.2,62.7,60,1.0
2024-11-11 14:00,62.46,62.1,62.7,60,1.0
2024-11-11 15:00,62.51,62.3,62.8,59,0.983
2024-11-11 16:00,62.52,62.2,62.7,59,0.983
2024-11-11 17:00,62.53,62.3,62.7,60,1.0
2024-11-11 18:00,62.47,62.2,62.7,60,1.0
2024-11-11 19:00,62.47,62.2,62.7,60,1.0
2024-11-11 20:00,62.43,62.1,62.6,60,1.0
2024-11-11 21:00,62.4,62.2,62.6,60,1.0
2024-11-11 22:00,62.36,62.0,62.7,60,1.0
2024-11-11 23:00,62.29,62.0,62.6,60,1.0
2024-11-12 00:00,62.26,62.0,62.5,60,1.0
2024-11-12 01:00,62.33,62.1,62.6,60,1.0
2024-11-12 02:00,62.3,61.9,62.6,60,1.0
2024-11-12 03:00,62.34,62.0,62.6,60,1.0
2024-11-12 04:00,62.29,62.0,62.6,60,1.0
2024-11-12 05:00,62.27,62.0,62.5,60,1.0
2024-11-12 06:00,62.28,61.9,62.6,60,1.0
2024-11-12 07:00,62.24,61.9,62.4,60,1.0
2024-11-12 08:00,62.27,62.0,62.5,60,1.0
2024-11-12 09:00,62.03,61.9,62.4,60,1.0
2024-11-12 10:00,62.06,61.9,62.5,60,1.0
2024-11-12 11:00,61.95,61.8,62.1,60,1.0
2024-11-12 12:00,61.98,61.8,62.2,60,1.0
2024-11-12 13:00,61.93,61.8,62.3,60,1.0
2024-11-12 14:00,61.92,61.8,62.2,60,1.0
2024-11-12 15:00,61.88,61.7,62.1,60,1.0
2024-11-12 16:00,61.91,61.7,62.2,60,1.0
2024-11-12 17:00,61.97,61.7,62.3,60,1.0
2024-11-12 18:00,61.78,61.7,62.0,60,1.0
2024-11-12 19:00,61.9,61.7,62.2,60,1.0
2024-11-12 20:00,61.98,61.6,62.2,60,1.0
2024-11-12 21:00,61.95,61.7,62.1,60,1.0
2024-11-12 22:00,62.01,61.8,62.2,60,1.0
2024-11-12 23:00,62.03,61.9,62.3,60,1.0
2024-11-13 00:00,62.04,61.8,62.2,60,1.0
2024-11-13 01:00,62.02,61.8,62.2,60,1.0
2024-11-13 02:00,62.02,61.8,62.2,60,1.0
2024-11-13 03:00,62.02,61.8,62.4,60,1.0
2024-11-13 04:00,62.0,61.7,62.3,60,1.0
2024-11-13 05:00,62.0,61.6,62.4,60,1.0
2024-11-13 06:00,61.98,61.7,62.2,60,1.0
2024-11-13 07:00,62.09,61.9,62.3,60,1.0
2024-11-13 08:00,62.26,62.0,62.5,60,1.0
2024-11-13 09:00,62.35,62.0,62.5,60,1.0
2024-11-13 10:00,62.2,62.0,62.6,60,1.0
2024-11-13 11:00,62.43,62.1,62.7,60,1.0
2024-11-13 12:00,62.41,62.1,62.7,60,1.0
2024-11-13 13:00,62.63,62.3,62.9,60,1.0
2024-11-13 14:00,62.75,62.5,63.2,60,1.0
2024-11-13 15:00,62.95,62.6,63.3,60,1.0
2024-11-13 16:00,63.18,62.9,63.6,60,1.0
2024-11-13 17:00,63.64,63.2,64.1,60,1.0
2024-11-13 18:00,64.02,63.7,64.4,60,1.0
2024-11-13 19:00,64.34,63.9,64.8,60,1.0
2024-11-13 20:00,64.64,64.3,65.0,60,1.0
2024-11-13 21:00,64.84,64.5,65.2,60,1.0
2024-11-13 22:00,65.1,64.8,65.5,60,1.0
2024-11-13 23:00,65.4,64.9,66.0,60,1.0
2024-11-14 00:00,66.22,65.4,67.2,60,1.0
2024-11-14 01:00,68.21,67.0,69.5,60,1.0
2024-11-14 02:00,69.93,69.0,70.6,60,1.0
2024-11-14 03:00,70.79,70.2,71.3,60,1.0
2024-11-14 04:00,71.25,70.8,71.6,60,1.0
2024-11-14 05:00,71.45,71.0,71.8,60,1.0
2024-11-14 06:00,71.45,71.1,71.8,60,1.0
2024-11-14 07:00,71.51,71.1,71.9,60,1.0
2024-11-14 08:00,71.52,71.2,71.8,60,1.0
2024-11-14 09:00,71.36,71.1,71.7,46,0.767
2024-11-14 10:00,71.21,71.0,71.6,43,0.717
2024-11-14 11:00,71.2,71.0,71.5,56,0.933
2024-11-14 12:00,71.14,70.9,71.6,60,1.0
2024-11-14 13:00,71.08,70.9,71.3,60,1.0
2024-11-14 14:00,71.03,70.8,71.4,60,1.0
2024-11-14 15:00,70.92,70.7,71.3,60,1.0
2024-11-14 16:00,70.9,70.6,71.2,60,1.0
2024-11-14 17:00,70.85,70.6,71.3,60,1.0
2024-11-14 18:00,70.93,70.6,71.3,60,1.0
2024-11-14 19:00,70.79,70.5,71.4,60,1.0
2024-11-14 20:00,70.69,70.5,71.1,60,1.0
2024-11-14 21:00,70.7,70.4,71.1,60,1.0
2024-11-14 22:00,70.8,70.5,71.1,60,1.0
2024-11-14 23:00,70.8,70.4,71.1,60,1.0
2024-11-15 00:00,70.6,70.3,70.9,60,1.0
2024-11-15 01:00,70.59,70.3,71.0,60,1.0
2024-11-15 02:00,70.61,70.2,71.0,60,1.0
2024-11-15 03:00,70.53,70.2,70.9,60,1.0
2024-11-15 04:00,70.42,70.0,70.8,60,1.0
2024-11-15 05:00,70.38,70.0,70.6,60,1.0
2024-11-15 06:00,70.31,69.9,70.6,60,1.0
2024-11-15 07:00,70.12,69.7,70.5,60,1.0
2024-11-15 08:00,69.84,69.6,70.1,60,1.0
2024-11-15 09:00,69.75,69.5,70.0,60,1.0
2024-11-15 10:00,69.69,69.5,70.0,60,1.0
2024-11-15 11:00,69.57,69.4,69.9,60,1.0
2024-11-15 12:00,69.5,69.3,69.9,60,1.0
2024-11-15 13:00,69.49,69.2,69.9,60,1.0
2024-11-15 14:00,69.34,69.1,69.7,60,1.0
2024-11-15 15:00,69.28,69.1,69.6,60,1.0
2024-11-15 16:00,69.24,69.0,69.6,59,0.983
2024-11-15 17:00,69.2,68.9,69.6,60,1.0
2024-11-15 18:00,69.15,68.9,69.6,60,1.0
2024-11-15 19:00,69.26,68.9,69.5,60,1.0
2024-11-15 20:00,69.21,69.0,69.5,60,1.0
2024-11-15 21:00,69.18,68.9,69.4,60,1.0
2024-11-15 22:00,69.06,68.7,69.3,60,1.0
2024-11-15 23:00,69.02,68.6,69.4,60,1.0
2024-11-16 00:00,69.0,68.8,69.2,60,1.0
2024-11-16 01:00,68.89,68.5,69.2,60,1.0
2024-11-16 02:00,68.89,68.6,69.2,60,1.0
2024-11-16 03:00,68.81,68.5,69.1,60,1.0
2024-11-16 04:00,68.78,68.5,69.0,60,1.0
2024-11-16 05:00,68.74,68.5,68.9,60,1.0
2024-11-16 06:00,68.68,68.5,68.9,60,1.0
2024-11-16 07:00,68.63,68.4,68.8,60,1.0
2024-11-16 08:00,68.48,68.1,68.8,60,1.0
2024-11-16 09:00,68.22,68.0,68.5,60,1.0
2024-11-16 10:00,68.19,68.0,68.6,60,1.0
2024-11-16 11:00,68.17,67.9,68.6,60,1.0
2024-11-16 12:00,68.06,67.8,68.3,60,1.0
2024-11-16 13:00,68.0,67.8,68.3,60,1.0
2024-11-16 14:00,68.0,67.8,68.3,60,1.0
2024-11-16 15:00,67.97,67.7,68.3,60,1.0
2024-11-16 16:00,67.95,67.7,68.2,60,1.0
2024-11-16 17:00,67.96,67.7,68.3,60,1.0
2024-11-16 18:00,68.0,67.8,68.3,60,1.0
2024-11-16 19:00,68.0,67.7,68.3,60,1.0
2024-11-16 20:00,67.99,67.6,68.2,60,1.0
2024-11-16 21:00,67.96,67.7,68.3,60,1.0
2024-11-16 22:00,67.92,67.7,68.1,60,1.0
2024-11-16 23:00,67.86,67.6,68.1,57,0.95
2024-11-17 00:00,67.83,67.7,68.1,52,0.867
2024-11-17 01:00,67.82,67.6,68.0,43,0.717
2024-11-17 02:00,67.77,67.6,68.1,52,0.867
2024-11-17 03:00,67.75,67.5,68.0,54,0.9
2024-11-17 04:00,67.72,67.5,67.9,48,0.8
2024-11-17 05:00,67.61,67.3,67.8,56,0.933
2024-11-17 06:00,67.56,67.2,67.8,60,1.0
2024-11-17 07:00,67.53,67.2,67.8,60,1.0
2024-11-17 08:00,67.4,67.2,67.8,60,1.0
2024-11-17 09:00,67.52,67.2,67.8,60,1.0
2024-11-17 10:00,67.48,67.3,67.7,60,1.0
2024-11-17 11:00,67.44,67.1,67.7,60,1.0
2024-11-17 12:00,67.4,67.1,67.6,60,1.0
2024-11-17 13:00,67.43,67.2,67.6,60,1.0
2024-11-17 14:00,67.28,67.0,67.6,60,1.0
2024-11-17 15:00,67.2,66.9,67.6,60,1.0
2024-11-17 16:00,67.12,66.9,67.4,60,1.0
2024-11-17 17:00,67.03,66.9,67.4,60,1.0
2024-11-17 18:00,66.98,66.8,67.3,60,1.0
2024-11-17 19:00,67.01,66.8,67.3,60,1.0
2024-11-17 20:00,67.06,66.8,67.4,60,1.0
2024-11-17 21:00,66.94,66.7,67.4,60,1.0
2024-11-17 22:00,66.9,66.7,67.4,60,1.0
2024-11-17 23:00,66.91,66.7,67.1,60,1.0
2024-11-18 00:00,66.88,66.7,67.2,60,1.0
2024-11-18 01:00,66.84,66.7,67.1,60,1.0
2024-11-18 02:00,66.82,66.6,67.2,60,1.0
2024-11-18 03:00,66.77,66.6,67.0,60,1.0
2024-11-18 04:00,66.77,66.6,67.0,60,1.0
2024-11-18 05:00,66.76,66.6,67.2,60,1.0
2024-11-18 06:00,66.73,66.6,67.1,60,1.0
2024-11-18 07:00,66.71,66.5,67.0,60,1.0
2024-11-18 08:00,66.96,66.6,67.2,60,1.0
2024-11-18 09:00,66.9,66.5,67.2,60,1.0
2024-11-18 10:00,66.69,66.5,67.2,60,1.0
2024-11-18 11:00,66.73,66.5,67.1,60,1.0
2024-11-18 12:00,66.61,66.4,66.9,60,1.0
2024-11-18 13:00,66.61,66.4,67.0,60,1.0
2024-11-18 14:00,66.65,66.4,67.0,60,1.0
2024-11-18 15:00,66.66,66.4,67.0,60,1.0
2024-11-18 16:00,66.72,66.4,67.0,60,1.0
2024-11-18 17:00,66.72,66.4,66.9,60,1.0
2024-11-18 18:00,66.76,66.5,67.0,60,1.0
2024-11-18 19:00,66.54,66.2,66.9,60,1.0
2024-11-18 20:00,66.49,66.2,66.7,60,1.0
2024-11-18 21:00,66.44,66.2,66.7,60,1.0
2024-11-18 22:00,66.42,66.2,66.7,60,1.0
2024-11-18 23:00,66.37,66.2,66.6,60,1.0
2024-11-19 00:00,66.33,66.2,66.6,60,1.0
2024-11-19 01:00,66.32,66.2,66.7,60,1.0
2024-11-19 02:00,66.3,66.1,66.5,60,1.0
2024-11-19 03:00,66.31,66.2,66.6,60,1.0
2024-11-19 04:00,66.3,66.1,66.5,60,1.0
2024-11-19 05:00,66.28,66.1,66.5,60,1.0
2024-11-19 06:00,66.24,66.1,66.5,60,1.0
2024-11-19 07:00,66.28,66.1,66.5,60,1.0
2024-11-19 08:00,66.36,66.1,66.8,60,1.0
2024-11-19 09:00,66.3,66.1,66.8,54,0.9
2024-11-19 10:00,66.25,66.1,66.6,54,0.9
2024-11-19 11:00,66.38,66.1,66.7,45,0.75
2024-11-19 12:00,66.34,66.1,66.7,48,0.8
2024-11-19 13:00,66.74,66.4,67.1,54,0.9
2024-11-19 14:00,66.87,66.5,67.1,60,1.0
2024-11-19 15:00,67.03,66.6,67.3,60,1.0
2024-11-19 16:00,67.24,66.8,67.6,60,1.0
2024-11-19 17:00,67.5,67.2,67.8,60,1.0
2024-11-19 18:00,67.61,67.2,67.9,60,1.0
2024-11-19 19:00,67.7,67.3,68.1,60,1.0
2024-11-19 20:00,67.68,67.4,68.1,60,1.0
2024-11-19 21:00,67.74,67.5,68.1,60,1.0
2024-11-19 22:00,67.83,67.6,68.2,60,1.0
2024-11-19 23:00,67.82,67.6,68.2,60,1.0
2024-11-20 00:00,67.81,67.6,68.3,60,1.0
2024-11-20 01:00,67.86,67.7,68.3,60,1.0
2024-11-20 02:00,67.93,67.7,68.3,60,1.0
2024-11-20 03:00,67.93,67.7,68.4,60,1.0
2024-11-20 04:00,68.08,67.7,68.4,60,1.0
2024-11-20 05:00,68.03,67.7,68.3,60,1.0
2024-11-20 06:00,67.97,67.7,68.3,60,1.0
2024-11-20 07:00,67.95,67.6,68.2,60,1.0
2024-11-20 08:00,67.95,67.6,68.2,60,1.0
2024-11-20 09:00,67.9,67.6,68.2,60,1.0
2024-11-20 10:00,67.95,67.6,68.2,60,1.0
2024-11-20 11:00,67.74,67.5,68.2,60,1.0
2024-11-20 12:00,67.81,67.5,68.2,50,0.833
2024-11-20 13:00,67.77,67.5,68.1,60,1.0
2024-11-20 14:00,67.68,67.5,67.9,60,1.0
2024-11-20 15:00,67.73,67.5,68.1,60,1.0
2024-11-20 16:00,67.76,67.5,68.2,60,1.0
2024-11-20 17:00,67.82,67.5,68.1,60,1.0
2024-11-20 18:00,67.8,67.4,68.2,60,1.0
2024-11-20 19:00,67.8,67.5,68.1,60,1.0
2024-11-20 20:00,67.87,67.6,68.1,60,1.0
2024-11-20 21:00,67.86,67.6,68.1,60,1.0
2024-11-20 22:00,67.8,67.5,68.0,60,1.0
2024-11-20 23:00,67.81,67.6,68.0,60,1.0
2024-11-21 00:00,67.79,67.4,68.0,60,1.0
2024-11-21 01:00,67.75,67.5,68.0,60,1.0
2024-11-21 02:00,67.7,67.3,68.0,60,1.0
2024-11-21 03:00,67.63,67.2,67.9,60,1.0
2024-11-21 04:00,67.56,67.2,68.0,60,1.0
2024-11-21 05:00,67.52,67.2,67.8,60,1.0
2024-11-21 06:00,67.46,67.2,67.8,60,1.0
2024-11-21 07:00,67.4,67.1,67.7,60,1.0
2024-11-21 08:00,67.35,67.1,67.8,60,1.0
2024-11-21 09:00,67.5,67.1,67.9,60,1.0
2024-11-21 10:00,67.43,67.0,67.8,60,1.0
2024-11-21 11:00,67.26,67.0,67.6,60,1.0
2024-11-21 12:00,67.29,67.0,67.6,60,1.0
2024-11-21 13:00,67.4,67.2,67.6,60,1.0
2024-11-21 14:00,67.38,67.1,67.6,60,1.0
2024-11-21 15:00,67.32,67.0,67.6,60,1.0
2024-11-21 16:00,67.32,67.0,67.5,60,1.0
2024-11-21 17:00,67.27,66.9,67.5,60,1.0
2024-11-21 18:00,67.22,66.8,67.5,60,1.0
2024-11-21 19:00,67.07,66.8,67.5,60,1.0
2024-11-21 20:00,66.96,66.7,67.3,59,0.983
2024-11-21 21:00,67.02,66.7,67.3,58,0.967
2024-11-21 22:00,66.97,66.7,67.3,60,1.0
2024-11-21 23:00,67.06,66.7,67.5,60,1.0
2024-11-22 00:00,67.03,66.8,67.5,60,1.0
2024-11-22 01:00,67.06,66.8,67.3,60,1.0
2024-11-22 02:00,67.21,67.0,67.5,60,1.0
2024-11-22 03:00,67.32,67.1,67.7,60,1.0
2024-11-22 04:00,67.35,67.2,67.8,54,0.9
2024-11-22 05:00,67.45,67.2,67.7,46,0.767
2024-11-22 06:00,67.5,67.3,67.8,47,0.783
2024-11-22 07:00,67.61,67.3,68.1,47,0.783
2024-11-22 08:00,67.65,67.4,68.1,53,0.883
2024-11-22 09:00,67.68,67.1,68.1,55,0.917
2024-11-22 10:00,68.09,67.5,68.9,59,0.983
2024-11-22 11:00,70.68,68.0,75.5,51,0.85
2024-11-22 12:00,79.22,75.4,81.1,56,0.933
2024-11-22 13:00,80.99,80.3,81.4,60,1.0
2024-11-22 14:00,80.85,80.5,81.2,53,0.883
2024-11-22 15:00,80.6,80.3,81.1,45,0.75
2024-11-22 16:00,80.34,80.0,80.7,52,0.867
2024-11-22 17:00,80.04,79.6,80.5,59,0.983
2024-11-22 18:00,79.7,79.2,80.1,60,1.0
2024-11-22 19:00,79.37,78.9,79.9,60,1.0
2024-11-22 20:00,79.07,78.6,79.4,60,1.0
2024-11-22 21:00,78.82,78.2,79.3,60,1.0
2024-11-22 22:00,78.47,78.1,79.1,60,1.0
2024-11-22 23:00,78.06,77.6,78.5,60,1.0
2024-11-23 00:00,77.71,77.4,78.1,60,1.0
2024-11-23 01:00,77.51,77.2,78.0,60,1.0
2024-11-23 02:00,77.21,76.9,77.6,60,1.0
2024-11-23 03:00,77.0,76.7,77.4,60,1.0
2024-11-23 04:00,76.76,76.5,77.2,60,1.0
2024-11-23 05:00,76.57,76.2,77.0,60,1.0
2024-11-23 06:00,76.4,76.1,76.8,60,1.0
2024-11-23 07:00,76.29,75.9,76.7,60,1.0
2024-11-23 08:00,76.03,75.7,76.5,60,1.0
2024-11-23 09:00,75.73,75.4,76.2,60,1.0
2024-11-23 10:00,75.48,75.2,75.9,60,1.0
2024-11-23 11:00,75.32,75.0,75.7,60,1.0
2024-11-23 12:00,75.18,74.9,75.6,60,1.0
2024-11-23 13:00,75.01,74.6,75.4,60,1.0
2024-11-23 14:00,74.92,74.5,75.3,60,1.0
2024-11-23 15:00,74.64,74.3,75.1,58,0.967
2024-11-23 16:00,74.49,74.1,74.9,60,1.0
2024-11-23 17:00,74.39,74.1,74.8,60,1.0
2024-11-23 18:00,74.34,73.9,74.6,60,1.0
2024-11-23 19:00,74.14,73.7,74.7,60,1.0
2024-11-23 20:00,73.97,73.7,74.5,60,1.0
2024-11-23 21:00,73.98,73.5,74.3,59,0.983
2024-11-23 22:00,73.73,73.4,74.1,59,0.983
2024-11-23 23:00,73.66,73.3,73.9,60,1.0
2024-11-24 00:00,73.63,73.4,74.0,59,0.983
2024-11-24 01:00,73.54,73.2,73.9,60,1.0
2024-11-24 02:00,73.41,73.0,73.7,60,1.0
2024-11-24 03:00,73.31,73.0,73.6,60,1.0
2024-11-24 04:00,73.22,72.9,73.5,53,0.883
2024-11-24 05:00,73.1,72.6,73.4,60,1.0
2024-11-24 06:00,73.0,72.7,73.3,60,1.0
2024-11-24 07:00,72.96,72.5,73.2,60,1.0
2024-11-24 08:00,72.59,72.2,73.1,60,1.0
2024-11-24 09:00,72.48,72.2,72.8,60,1.0
2024-11-24 10:00,72.53,72.1,72.9,60,1.0
2024-11-24 11:00,72.43,72.0,72.7,60,1.0
2024-11-24 12:00,72.39,72.0,72.7,60,1.0
2024-11-24 13:00,72.24,71.8,72.6,60,1.0
2024-11-24 14:00,72.08,71.7,72.4,60,1.0
2024-11-24 15:00,71.92,71.7,72.3,60,1.0
2024-11-24 16:00,71.87,71.6,72.3,60,1.0
2024-11-24 17:00,71.84,71.5,72.2,60,1.0
2024-11-24 18:00,71.68,71.5,71.9,56,0.933
2024-11-24 19:00,71.61,71.4,72.0,54,0.9
2024-11-24 20:00,71.6,71.3,72.0,43,0.717
2024-11-24 21:00,71.52,71.2,71.9,49,0.817
2024-11-24 22:00,71.51,71.2,71.9,49,0.817
2024-11-24 23:00,71.55,71.2,72.0,50,0.833
2024-11-25 00:00,71.46,71.1,71.8,54,0.9
2024-11-25 01:00,71.45,71.1,71.7,55,0.917
2024-11-25 02:00,71.41,71.0,71.7,60,1.0
2024-11-25 03:00,71.37,71.0,71.7,58,0.967
2024-11-25 04:00,71.32,70.9,71.6,60,1.0
2024-11-25 05:00,71.2,70.9,71.5,60,1.0
2024-11-25 06:00,71.19,70.9,71.5,60,1.0
2024-11-25 07:00,71.04,70.7,71.4,60,1.0
2024-11-25 08:00,70.86,70.6,71.2,60,1.0
2024-11-25 09:00,71.0,70.8,71.3,60,1.0
2024-11-25 10:00,70.94,70.5,71.2,60,1.0
2024-11-25 11:00,70.75,70.4,71.1,60,1.0
2024-11-25 12:00,70.8,70.5,71.0,60,1.0
2024-11-25 13:00,70.64,70.3,71.0,60,1.0
2024-11-25 14:00,70.49,70.2,70.9,60,1.0
2024-11-25 15:00,70.35,70.2,70.7,60,1.0
2024-11-25 16:00,70.38,70.1,70.9,60,1.0
2024-11-25 17:00,70.38,70.1,70.7,60,1.0
2024-11-25 18:00,70.5,70.2,70.9,60,1.0
2024-11-25 19:00,70.47,70.2,70.7,60,1.0
2024-11-25 20:00,70.42,70.2,70.6,60,1.0
2024-11-25 21:00,70.41,70.0,70.6,60,1.0
2024-11-25 22:00,70.36,70.1,70.7,59,0.983
2024-11-25 23:00,70.3,70.0,70.6,60,1.0
2024-11-26 00:00,70.22,69.9,70.5,60,1.0
2024-11-26 01:00,70.19,69.9,70.5,60,1.0
2024-11-26 02:00,70.14,69.9,70.5,60,1.0
2024-11-26 03:00,70.18,69.9,70.5,60,1.0
2024-11-26 04:00,70.1,69.7,70.3,60,1.0
2024-11-26 05:00,70.06,69.7,70.3,60,1.0
2024-11-26 06:00,70.0,69.7,70.3,60,1.0
2024-11-26 07:00,70.01,69.6,70.2,60,1.0
2024-11-26 08:00,69.76,69.5,70.2,60,1.0
2024-11-26 09:00,69.72,69.5,70.0,60,1.0
2024-11-26 10:00,69.84,69.4,70.1,60,1.0
2024-11-26 11:00,69.82,69.4,70.1,60,1.0
2024-11-26 12:00,69.73,69.4,70.1,60,1.0
2024-11-26 13:00,69.82,69.5,70.1,60,1.0
2024-11-26 14:00,69.66,69.3,70.0,59,0.983
2024-11-26 15:00,69.54,69.2,69.9,60,1.0
2024-11-26 16:00,69.46,69.2,69.7,60,1.0
2024-11-26 17:00,69.42,69.2,69.8,59,0.983
2024-11-26 18:00,69.42,69.2,69.8,60,1.0
2024-11-26 19:00,69.44,69.2,69.9,60,1.0
2024-11-26 20:00,69.48,69.1,69.9,59,0.983
2024-11-26 21:00,69.38,69.1,69.8,60,1.0
2024-11-26 22:00,69.42,69.1,69.7,60,1.0
2024-11-26 23:00,69.4,69.1,69.8,60,1.0
2024-11-27 00:00,69.43,69.0,69.9,60,1.0
2024-11-27 01:00,69.46,69.1,69.8,59,0.983
2024-11-27 02:00,69.37,69.0,69.7,60,1.0
2024-11-27 03:00,69.39,69.0,69.7,60,1.0
2024-11-27 04:00,69.37,69.2,69.6,60,1.0
2024-11-27 05:00,69.35,69.1,69.6,60,1.0
2024-11-27 06:00,69.34,69.1,69.6,59,0.983
2024-11-27 07:00,69.31,69.0,69.5,60,1.0
2024-11-27 08:00,69.12,68.8,69.6,60,1.0
2024-11-27 09:00,69.25,69.0,69.6,58,0.967
2024-11-27 10:00,69.09,68.8,69.4,57,0.95
2024-11-27 11:00,69.13,68.7,69.5,51,0.85
2024-11-27 12:00,69.15,68.8,69.4,60,1.0
2024-11-27 13:00,69.16,68.7,69.5,60,1.0
2024-11-27 14:00,69.09,68.7,69.4,60,1.0
2024-11-27 15:00,68.99,68.7,69.4,60,1.0
2024-11-27 16:00,69.0,68.8,69.3,60,1.0
2024-11-27 17:00,68.9,68.7,69.3,60,1.0
2024-11-27 18:00,68.99,68.7,69.5,60,1.0
2024-11-27 19:00,69.18,68.8,69.5,60,1.0
2024-11-27 20:00,69.19,68.9,69.5,60,1.0
2024-11-27 21:00,69.22,69.0,69.5,60,1.0
2024-11-27 22:00,69.18,68.9,69.5,60,1.0
2024-11-27 23:00,69.19,69.0,69.5,60,1.0
2024-11-28 00:00,69.17,68.9,69.4,60,1.0
2024-11-28 01:00,69.18,68.9,69.5,60,1.0
2024-11-28 02:00,69.14,68.9,69.4,60,1.0
2024-11-28 03:00,69.14,68.9,69.4,60,1.0
2024-11-28 04:00,69.1,68.8,69.3,60,1.0
2024-11-28 05:00,69.12,68.7,69.4,60,1.0
2024-11-28 06:00,69.02,68.7,69.3,60,1.0
2024-11-28 07:00,68.93,68.6,69.3,60,1.0
2024-11-28 08:00,68.86,68.6,69.3,60,1.0
2024-11-28 09:00,68.86,68.6,69.3,60,1.0
2024-11-28 10:00,68.86,68.5,69.3,60,1.0
2024-11-28 11:00,68.96,68.6,69.2,60,1.0
2024-11-28 12:00,68.95,68.6,69.3,60,1.0
2024-11-28 13:00,68.88,68.6,69.2,60,1.0
2024-11-28 14:00,68.76,68.5,69.2,60,1.0
2024-11-28 15:00,68.74,68.5,69.1,60,1.0
2024-11-28 16:00,68.68,68.4,69.1,60,1.0
2024-11-28 17:00,68.69,68.5,69.0,60,1.0
2024-11-28 18:00,68.86,68.5,69.5,60,1.0
2024-11-28 19:00,69.5,68.9,70.1,60,1.0
2024-11-28 20:00,70.14,69.6,70.8,60,1.0
2024-11-28 21:00,70.55,70.2,71.0,60,1.0
2024-11-28 22:00,70.85,70.5,71.2,60,1.0
2024-11-28 23:00,71.0,70.6,71.4,60,1.0
2024-11-29 00:00,71.17,70.8,71.4,60,1.0
2024-11-29 01:00,71.22,70.7,71.5,60,1.0
2024-11-29 02:00,71.26,70.8,71.6,60,1.0
2024-11-29 03:00,71.27,71.0,71.5,60,1.0
2024-11-29 04:00,71.3,71.0,71.5,60,1.0
2024-11-29 05:00,71.29,71.0,71.6,60,1.0
2024-11-29 06:00,71.26,70.9,71.5,60,1.0
2024-11-29 07:00,71.24,71.0,71.5,60,1.0
2024-11-29 08:00,71.14,70.7,71.4,60,1.0
2024-11-29 09:00,71.03,70.6,71.3,60,1.0
2024-11-29 10:00,70.86,70.6,71.3,49,0.817
2024-11-29 11:00,70.8,70.5,71.1,53,0.883
2024-11-29 12:00,70.75,70.5,71.2,60,1.0
2024-11-29 13:00,70.73,70.5,71.1,60,1.0
2024-11-29 14:00,70.9,70.6,71.3,60,1.0
2024-11-29 15:00,70.74,70.4,71.3,60,1.0
2024-11-29 16:00,71.07,70.6,71.5,60,1.0
2024-11-29 17:00,71.27,70.8,71.6,60,1.0
2024-11-29 18:00,71.36,71.1,71.7,60,1.0
2024-11-29 19:00,71.36,70.9,71.6,60,1.0
2024-11-29 20:00,71.35,71.1,71.8,60,1.0
2024-11-29 21:00,71.34,70.9,71.6,60,1.0
2024-11-29 22:00,71.26,70.9,71.5,60,1.0
2024-11-29 23:00,71.23,70.8,71.6,59,0.983
2024-11-30 00:00,71.18,70.8,71.5,60,1.0
2024-11-30 01:00,71.15,70.8,71.4,60,1.0
2024-11-30 02:00,71.05,70.8,71.3,60,1.0
2024-11-30 03:00,70.99,70.7,71.3,60,1.0
2024-11-30 04:00,70.94,70.7,71.2,60,1.0
2024-11-30 05:00,70.8,70.3,71.1,60,1.0
2024-11-30 06:00,70.73,70.5,71.0,60,1.0
2024-11-30 07:00,70.64,70.4,70.9,60,1.0
2024-11-30 08:00,70.53,70.2,70.9,60,1.0
2024-11-30 09:00,70.48,70.1,70.8,60,1.0
2024-11-30 10:00,70.44,70.1,70.7,60,1.0
2024-11-30 11:00,70.35,69.9,70.7,60,1.0
2024-11-30 12:00,70.36,70.1,70.6,60,1.0
2024-11-30 13:00,70.26,69.9,70.5,60,1.0
2024-11-30 14:00,70.24,69.8,70.5,60,1.0
2024-11-30 15:00,70.12,69.8,70.4,60,1.0
2024-11-30 16:00,70.05,69.7,70.3,60,1.0
2024-11-30 17:00,69.96,69.5,70.2,60,1.0
2024-11-30 18:00,69.84,69.5,70.2,60,1.0
2024-11-30 19:00,69.76,68.9,70.1,59,0.983
2024-11-30 20:00,69.86,69.6,70.1,60,1.0
2024-11-30 21:00,69.78,69.6,70.0,59,0.983
2024-11-30 22:00,69.72,69.4,69.9,58,0.967
2024-11-30 23:00,69.65,69.4,69.9,46,0.767
2024-12-01 00:00,69.63,69.2,69.8,59,0.983
2024-12-01 01:00,69.56,69.2,69.8,60,1.0
2024-12-01 02:00,69.46,69.1,69.7,60,1.0
2024-12-01 03:00,69.44,69.1,69.7,60,1.0
2024-12-01 04:00,69.42,69.0,69.7,60,1.0
2024-12-01 05:00,69.37,69.0,69.8,60,1.0
2024-12-01 06:00,69.3,69.0,69.6,60,1.0
2024-12-01 07:00,69.37,69.0,69.6,60,1.0
2024-12-01 08:00,69.24,68.9,69.6,60,1.0
2024-12-01 09:00,69.06,68.9,69.4,60,1.0
2024-12-01 10:00,69.12,68.8,69.5,60,1.0
2024-12-01 11:00,69.16,68.8,69.4,60,1.0
2024-12-01 12:00,69.11,68.7,69.4,60,1.0
2024-12-01 13:00,68.86,68.6,69.2,60,1.0
2024-12-01 14:00,68.78,68.6,69.1,60,1.0
2024-12-01 15:00,68.72,68.5,69.1,60,1.0
2024-12-01 16:00,68.68,68.5,68.9,60,1.0
2024-12-01 17:00,68.62,68.4,68.9,60,1.0
2024-12-01 18:00,68.59,68.4,69.0,60,1.0
2024-12-01 19:00,68.68,68.3,68.9,60,1.0
2024-12-01 20:00,68.69,68.3,68.9,60,1.0
2024-12-01 21:00,68.55,68.2,68.9,60,1.0
2024-12-01 22:00,68.43,68.2,68.7,60,1.0
2024-12-01 23:00,68.54,68.2,68.8,60,1.0
2024-12-02 00:00,68.57,68.3,68.8,60,1.0
2024-12-02 01:00,68.54,68.3,68.8,60,1.0
2024-12-02 02:00,68.54,68.3,68.8,60,1.0
2024-12-02 03:00,68.42,68.1,68.7,60,1.0
2024-12-02 04:00,68.46,68.1,68.8,58,0.967
2024-12-02 05:00,68.43,68.0,68.7,60,1.0
2024-12-02 06:00,68.42,68.1,68.7,60,1.0
2024-12-02 07:00,68.21,67.9,68.7,59,0.983
2024-12-02 08:00,68.14,67.9,68.5,60,1.0
2024-12-02 09:00,68.15,67.9,68.5,59,0.983
2024-12-02 10:00,68.05,67.8,68.5,60,1.0
2024-12-02 11:00,67.97,67.8,68.3,60,1.0
2024-12-02 12:00,67.94,67.7,68.3,60,1.0
2024-12-02 13:00,68.08,67.7,68.4,60,1.0
2024-12-02 14:00,68.09,67.7,68.3,60,1.0
2024-12-02 15:00,68.02,67.6,68.3,60,1.0
2024-12-02 16:00,67.88,67.6,68.3,60,1.0
2024-12-02 17:00,67.76,67.6,68.2,60,1.0
2024-12-02 18:00,67.81,67.6,68.1,60,1.0
2024-12-02 19:00,67.87,67.5,68.2,60,1.0
2024-12-02 20:00,67.84,67.5,68.1,60,1.0
2024-12-02 21:00,67.87,67.6,68.1,60,1.0
2024-12-02 22:00,67.87,67.5,68.1,60,1.0
2024-12-02 23:00,67.84,67.6,68.0,60,1.0
2024-12-03 00:00,67.7,67.4,68.1,60,1.0
2024-12-03 01:00,67.63,67.4,68.0,60,1.0
2024-12-03 02:00,67.7,67.3,68.0,60,1.0
2024-12-03 03:00,67.71,67.3,68.1,60,1.0
2024-12-03 04:00,67.67,67.3,67.9,55,0.917
2024-12-03 05:00,67.7,67.5,67.9,52,0.867
2024-12-03 06:00,67.66,67.3,67.9,59,0.983
2024-12-03 07:00,67.64,67.3,67.9,60,1.0
2024-12-03 08:00,67.49,67.3,67.8,60,1.0
2024-12-03 09:00,67.6,67.3,67.9,60,1.0
2024-12-03 10:00,67.64,67.4,67.8,60,1.0
2024-12-03 11:00,67.6,67.2,67.8,60,1.0
2024-12-03 12:00,67.59,67.2,68.1,60,1.0
2024-12-03 13:00,67.57,67.1,67.8,60,1.0
2024-12-03 14:00,67.54,67.1,67.8,60,1.0
2024-12-03 15:00,67.43,67.1,67.8,57,0.95
2024-12-03 16:00,67.34,67.1,67.6,53,0.883
2024-12-03 17:00,67.2,67.0,67.5,56,0.933
2024-12-03 18:00,67.18,66.9,67.7,55,0.917
2024-12-03 19:00,67.3,67.0,67.7,59,0.983
2024-12-03 20:00,67.54,67.2,68.0,59,0.983
2024-12-03 21:00,67.85,67.4,68.2,52,0.867
2024-12-03 22:00,67.99,67.6,68.4,49,0.817
2024-12-03 23:00,68.47,68.0,69.0,58,0.967
2024-12-04 00:00,69.03,68.6,69.5,60,1.0
2024-12-04 01:00,69.34,68.9,69.7,60,1.0
2024-12-04 02:00,69.66,69.3,70.0,60,1.0
2024-12-04 03:00,69.79,69.4,70.0,60,1.0
2024-12-04 04:00,69.87,69.5,70.1,60,1.0
2024-12-04 05:00,69.97,69.5,70.3,60,1.0
2024-12-04 06:00,70.07,69.7,70.3,60,1.0
2024-12-04 07:00,70.04,69.6,70.4,60,1.0
2024-12-04 08:00,70.0,69.7,70.4,60,1.0
2024-12-04 09:00,69.97,69.7,70.4,60,1.0
2024-12-04 10:00,70.11,69.8,70.4,60,1.0
2024-12-04 11:00,70.15,69.7,70.4,60,1.0
2024-12-04 12:00,70.06,69.7,70.4,60,1.0
2024-12-04 13:00,70.14,69.8,70.4,60,1.0
2024-12-04 14:00,70.12,69.7,70.5,60,1.0
2024-12-04 15:00,70.04,69.6,70.3,60,1.0
2024-12-04 16:00,69.98,69.6,70.4,59,0.983
2024-12-04 17:00,69.85,69.6,70.3,60,1.0
2024-12-04 18:00,69.74,69.6,70.1,60,1.0
2024-12-04 19:00,69.75,69.6,70.2,58,0.967
2024-12-04 20:00,69.78,69.5,70.2,60,1.0
2024-12-04 21:00,69.81,69.5,70.1,60,1.0
2024-12-04 22:00,69.81,69.5,70.2,60,1.0
2024-12-04 23:00,69.82,69.5,70.2,60,1.0
2024-12-05 00:00,69.94,69.6,70.4,60,1.0
2024-12-05 01:00,69.94,69.6,70.2,60,1.0
2024-12-05 02:00,69.95,69.6,70.3,60,1.0
2024-12-05 03:00,69.91,69.6,70.3,60,1.0
2024-12-05 04:00,69.88,69.5,70.2,60,1.0
2024-12-05 05:00,69.94,69.5,70.3,60,1.0
2024-12-05 06:00,69.83,69.5,70.2,60,1.0
2024-12-05 07:00,69.66,69.4,70.1,60,1.0
2024-12-05 08:00,69.67,69.4,70.0,60,1.0
2024-12-05 09:00,69.69,69.3,70.0,60,1.0
2024-12-05 10:00,69.72,69.4,69.9,60,1.0
2024-12-05 11:00,69.6,69.4,69.8,60,1.0
2024-12-05 12:00,69.43,69.1,69.8,60,1.0
2024-12-05 13:00,69.39,69.1,69.6,60,1.0
2024-12-05 14:00,69.32,68.9,69.6,59,0.983
2024-12-05 15:00,69.27,68.9,69.6,60,1.0
2024-12-05 16:00,69.1,68.7,69.4,60,1.0
2024-12-05 17:00,68.88,68.6,69.4,60,1.0
2024-12-05 18:00,68.78,68.5,69.1,60,1.0
2024-12-05 19:00,68.71,68.4,69.1,60,1.0
2024-12-05 20:00,68.61,68.4,68.9,60,1.0
2024-12-05 21:00,68.51,68.3,69.0,59,0.983
2024-12-05 22:00,68.49,68.3,68.8,47,0.783
2024-12-05 23:00,68.38,68.2,68.8,58,0.967
2024-12-06 00:00,68.35,68.2,68.7,60,1.0
2024-12-06 01:00,68.31,68.1,68.8,60,1.0
2024-12-06 02:00,68.42,68.1,68.7,60,1.0
2024-12-06 03:00,68.38,68.0,68.6,52,0.867
2024-12-06 04:00,68.16,68.0,68.6,52,0.867
2024-12-06 05:00,68.1,67.9,68.4,60,1.0
2024-12-06 06:00,68.11,67.9,68.6,60,1.0
2024-12-06 07:00,68.15,67.9,68.4,60,1.0
2024-12-06 08:00,68.13,67.9,68.5,60,1.0
2024-12-06 09:00,68.24,68.0,68.5,60,1.0
2024-12-06 10:00,68.17,67.8,68.6,60,1.0
2024-12-06 11:00,67.98,67.8,68.4,60,1.0
2024-12-06 12:00,68.1,67.8,68.4,60,1.0
2024-12-06 13:00,68.16,67.8,68.4,60,1.0
2024-12-06 14:00,68.16,67.8,68.5,60,1.0
2024-12-06 15:00,68.1,67.8,68.3,60,1.0
2024-12-06 16:00,68.06,67.8,68.3,60,1.0
2024-12-06 17:00,67.87,67.6,68.2,60,1.0
2024-12-06 18:00,67.85,67.6,68.2,60,1.0
2024-12-06 19:00,67.73,67.5,68.0,60,1.0
2024-12-06 20:00,67.73,67.5,68.1,60,1.0
2024-12-06 21:00,67.76,67.5,68.2,60,1.0
2024-12-06 22:00,67.75,67.5,68.1,60,1.0
2024-12-06 23:00,67.74,67.5,68.0,59,0.983
2024-12-07 00:00,67.71,67.4,68.0,59,0.983
2024-12-07 01:00,67.64,67.4,68.1,60,1.0
2024-12-07 02:00,67.59,67.4,68.0,60,1.0
2024-12-07 03:00,67.58,67.3,67.9,60,1.0
2024-12-07 04:00,67.7,67.4,68.1,60,1.0
2024-12-07 05:00,68.14,67.8,68.5,60,1.0
2024-12-07 06:00,68.21,67.9,68.6,60,1.0
2024-12-07 07:00,68.23,68.0,68.6,60,1.0
2024-12-07 08:00,68.32,68.0,68.8,60,1.0
2024-12-07 09:00,68.52,68.1,68.8,60,1.0
2024-12-07 10:00,68.53,68.2,68.8,60,1.0
2024-12-07 11:00,68.61,68.2,68.9,60,1.0
2024-12-07 12:00,68.61,68.2,68.9,60,1.0
2024-12-07 13:00,68.66,68.3,69.0,60,1.0
2024-12-07 14:00,68.61,68.3,68.9,60,1.0
2024-12-07 15:00,68.49,68.2,68.8,60,1.0
2024-12-07 16:00,68.47,68.3,68.8,60,1.0
2024-12-07 17:00,68.53,68.3,68.9,60,1.0
2024-12-07 18:00,68.48,68.2,68.9,60,1.0
2024-12-07 19:00,68.47,68.2,68.9,60,1.0
2024-12-07 20:00,68.48,68.2,68.9,59,0.983
2024-12-07 21:00,68.48,68.2,68.9,47,0.783
2024-12-07 22:00,68.45,68.2,68.8,57,0.95
2024-12-07 23:00,68.47,68.2,68.8,60,1.0
2024-12-08 00:00,68.36,68.2,68.8,60,1.0
2024-12-08 01:00,68.34,68.1,68.8,60,1.0
2024-12-08 02:00,68.42,68.1,68.8,60,1.0
2024-12-08 03:00,68.49,68.1,68.9,60,1.0
2024-12-08 04:00,68.76,68.4,69.1,60,1.0
2024-12-08 05:00,73.77,68.6,78.1,60,1.0
2024-12-08 06:00,78.6,77.8,79.3,60,1.0
2024-12-08 07:00,78.98,78.6,79.4,60,1.0
2024-12-08 08:00,78.84,78.3,79.3,60,1.0
2024-12-08 09:00,78.52,78.0,78.9,60,1.0
2024-12-08 10:00,78.6,78.2,79.1,60,1.0
2024-12-08 11:00,78.37,78.0,78.8,60,1.0
2024-12-08 12:00,78.33,77.8,78.9,60,1.0
2024-12-08 13:00,77.86,77.3,78.6,60,1.0
2024-12-08 14:00,77.94,77.3,78.6,60,1.0
2024-12-08 15:00,78.76,77.7,79.6,60,1.0
2024-12-08 16:00,79.36,78.9,79.9,60,1.0
2024-12-08 17:00,79.83,78.8,80.4,60,1.0
2024-12-08 18:00,79.69,78.8,80.3,60,1.0
2024-12-08 19:00,80.43,79.5,81.4,60,1.0
2024-12-08 20:00,81.17,80.9,81.5,60,1.0
2024-12-08 21:00,81.13,80.8,81.5,60,1.0
2024-12-08 22:00,80.98,80.6,81.4,60,1.0
2024-12-08 23:00,80.74,80.4,81.1,60,1.0
2024-12-09 00:00,80.41,79.9,80.8,60,1.0
2024-12-09 01:00,79.96,79.6,80.4,60,1.0
2024-12-09 02:00,79.9,79.5,80.4,60,1.0
2024-12-09 03:00,79.61,79.2,79.9,60,1.0
2024-12-09 04:00,79.48,79.1,80.0,60,1.0
2024-12-09 05:00,79.16,78.7,79.7,60,1.0
2024-12-09 06:00,78.94,78.5,79.5,60,1.0
2024-12-09 07:00,78.23,77.4,79.1,60,1.0
2024-12-09 08:00,78.3,77.7,79.0,60,1.0
2024-12-09 09:00,78.68,78.1,79.1,60,1.0
2024-12-09 10:00,78.66,78.2,79.0,58,0.967
2024-12-09 11:00,78.69,78.2,79.1,59,0.983
2024-12-09 12:00,78.46,78.0,78.8,60,1.0
2024-12-09 13:00,78.41,78.0,78.8,60,1.0
2024-12-09 14:00,78.07,76.5,79.1,60,1.0
2024-12-09 15:00,79.97,79.2,80.6,60,1.0
2024-12-09 16:00,80.48,79.0,81.5,60,1.0
2024-12-09 17:00,81.22,80.8,81.7,60,1.0
2024-12-09 18:00,81.03,80.7,81.5,60,1.0
2024-12-09 19:00,80.8,80.4,81.3,60,1.0
2024-12-09 20:00,80.46,80.1,80.8,60,1.0
2024-12-09 21:00,79.59,78.8,80.6,60,1.0
2024-12-09 22:00,79.95,79.1,81.0,60,1.0
2024-12-09 23:00,80.67,80.4,81.3,60,1.0
2024-12-10 00:00,80.81,80.5,81.2,60,1.0
2024-12-10 01:00,80.48,80.0,81.0,60,1.0
2024-12-10 02:00,80.49,80.1,81.1,60,1.0
2024-12-10 03:00,80.73,80.1,81.3,60,1.0
2024-12-10 04:00,80.09,79.8,80.7,60,1.0
2024-12-10 05:00,80.62,80.1,81.1,60,1.0
2024-12-10 06:00,80.85,80.4,81.3,60,1.0
2024-12-10 07:00,81.15,80.6,81.6,60,1.0
2024-12-10 08:00,80.93,80.5,81.4,60,1.0
2024-12-10 09:00,80.88,80.5,81.3,51,0.85
2024-12-10 10:00,80.56,80.1,81.0,53,0.883
2024-12-10 11:00,80.34,79.9,80.8,60,1.0
2024-12-10 12:00,80.05,79.7,80.4,60,1.0
2024-12-10 13:00,79.97,79.5,80.3,60,1.0
2024-12-10 14:00,79.25,78.3,80.2,60,1.0
2024-12-10 15:00,79.33,78.4,79.9,60,1.0
2024-12-10 16:00,79.73,79.2,80.2,60,1.0
2024-12-10 17:00,79.71,79.2,80.1,60,1.0
2024-12-10 18:00,79.42,79.0,79.9,60,1.0
2024-12-10 19:00,79.25,78.8,79.7,60,1.0
2024-12-10 20:00,79.07,78.7,79.6,60,1.0
2024-12-10 21:00,78.82,78.4,79.3,60,1.0
2024-12-10 22:00,78.62,78.2,79.2,60,1.0
2024-12-10 23:00,78.54,78.1,79.0,60,1.0
2024-12-11 00:00,77.89,76.9,78.7,60,1.0
2024-12-11 01:00,77.48,76.7,78.2,60,1.0
2024-12-11 02:00,77.86,77.3,78.6,60,1.0
2024-12-11 03:00,78.36,78.0,79.0,60,1.0
2024-12-11 04:00,78.16,77.5,78.9,60,1.0
2024-12-11 05:00,77.92,77.4,78.5,60,1.0
2024-12-11 06:00,77.98,77.4,78.6,60,1.0
2024-12-11 07:00,78.26,77.9,78.7,60,1.0
2024-12-11 08:00,78.44,78.0,78.9,60,1.0
2024-12-11 09:00,77.99,77.5,78.5,60,1.0
2024-12-11 10:00,77.94,77.6,78.4,60,1.0
2024-12-11 11:00,78.17,77.7,78.5,60,1.0
2024-12-11 12:00,78.14,77.6,78.5,60,1.0
2024-12-11 13:00,77.79,77.5,78.2,60,1.0
2024-12-11 14:00,77.82,77.3,78.2,60,1.0
2024-12-11 15:00,77.73,77.3,78.0,60,1.0
2024-12-11 16:00,77.64,77.2,78.0,60,1.0
2024-12-11 17:00,77.63,77.1,78.0,60,1.0
2024-12-11 18:00,77.39,76.9,77.8,60,1.0
2024-12-11 19:00,77.27,76.9,77.8,60,1.0
2024-12-11 20:00,76.82,75.9,77.5,60,1.0
2024-12-11 21:00,76.33,75.7,76.9,60,1.0
2024-12-11 22:00,76.96,76.5,77.4,60,1.0
2024-12-11 23:00,77.08,76.7,77.4,60,1.0
2024-12-12 00:00,77.04,76.5,77.5,60,1.0
2024-12-12 01:00,76.98,76.5,77.5,59,0.983
2024-12-12 02:00,76.8,76.4,77.3,49,0.817
2024-12-12 03:00,76.81,76.3,77.3,60,1.0
2024-12-12 04:00,76.6,76.1,77.1,60,1.0
2024-12-12 05:00,76.38,76.0,76.9,60,1.0
2024-12-12 06:00,76.3,75.9,76.7,60,1.0
2024-12-12 07:00,76.12,75.7,76.6,60,1.0
2024-12-12 08:00,76.12,75.7,76.5,60,1.0
2024-12-12 09:00,75.92,75.4,76.3,60,1.0
2024-12-12 10:00,75.81,75.3,76.2,60,1.0
2024-12-12 11:00,75.68,75.2,76.1,60,1.0
2024-12-12 12:00,75.56,75.1,75.9,60,1.0
2024-12-12 13:00,75.5,75.0,75.9,60,1.0
2024-12-12 14:00,75.39,75.0,75.8,60,1.0
2024-12-12 15:00,75.29,75.0,75.6,60,1.0
2024-12-12 16:00,75.27,74.8,75.6,60,1.0
2024-12-12 17:00,75.15,74.7,75.5,60,1.0
2024-12-12 18:00,75.12,74.7,75.4,60,1.0
2024-12-12 19:00,74.87,74.5,75.3,60,1.0
2024-12-12 20:00,74.8,74.4,75.3,60,1.0
2024-12-12 21:00,74.66,74.3,75.2,60,1.0
2024-12-12 22:00,74.61,74.2,75.0,60,1.0
2024-12-12 23:00,74.5,74.1,74.9,60,1.0
2024-12-13 00:00,74.51,74.2,75.0,60,1.0
2024-12-13 01:00,74.48,74.1,74.8,60,1.0
2024-12-13 02:00,74.37,74.0,74.8,60,1.0
2024-12-13 03:00,74.24,73.8,74.6,60,1.0
2024-12-13 04:00,74.15,73.7,74.5,60,1.0
2024-12-13 05:00,74.12,73.7,74.4,60,1.0
2024-12-13 06:00,74.01,73.5,74.3,60,1.0
2024-12-13 07:00,73.98,73.7,74.2,60,1.0
2024-12-13 08:00,73.75,73.4,74.2,60,1.0
2024-12-13 09:00,73.53,73.3,74.0,60,1.0
2024-12-13 10:00,73.65,73.3,74.0,60,1.0
2024-12-13 11:00,73.59,73.2,73.9,60,1.0
2024-12-13 12:00,73.47,73.0,73.9,60,1.0
2024-12-13 13:00,73.44,73.1,73.7,45,0.75
2024-12-13 14:00,73.4,73.1,73.8,59,0.983
2024-12-13 15:00,73.37,73.1,73.7,60,1.0
2024-12-13 16:00,73.22,72.8,73.6,60,1.0
2024-12-13 17:00,73.05,72.8,73.4,60,1.0
2024-12-13 18:00,72.96,72.7,73.4,60,1.0
2024-12-13 19:00,72.95,72.7,73.4,60,1.0
2024-12-13 20:00,72.79,72.5,73.2,53,0.883
2024-12-13 21:00,72.06,71.4,72.7,48,0.8
2024-12-13 22:00,71.89,71.4,72.3,51,0.85
2024-12-13 23:00,75.02,71.8,81.5,51,0.85
2024-12-14 00:00,81.7,81.1,82.2,58,0.967
2024-12-14 01:00,81.64,81.1,82.1,60,1.0
2024-12-14 02:00,81.28,80.8,81.7,60,1.0
2024-12-14 03:00,81.07,80.7,81.5,60,1.0
2024-12-14 04:00,80.81,80.5,81.2,60,1.0
2024-12-14 05:00,80.51,80.1,80.9,60,1.0
2024-12-14 06:00,80.05,79.6,80.7,60,1.0
2024-12-14 07:00,79.66,79.3,80.1,60,1.0
2024-12-14 08:00,79.32,78.9,79.7,60,1.0
2024-12-14 09:00,79.1,78.7,79.5,60,1.0
2024-12-14 10:00,79.03,78.6,79.5,60,1.0
2024-12-14 11:00,78.74,78.4,79.2,60,1.0
2024-12-14 12:00,78.45,77.9,78.9,60,1.0
2024-12-14 13:00,78.21,77.8,78.6,60,1.0
2024-12-14 14:00,77.82,76.7,78.5,60,1.0
2024-12-14 15:00,76.94,76.4,77.6,60,1.0
2024-12-14 16:00,77.94,77.3,78.5,60,1.0
2024-12-14 17:00,78.56,78.1,79.0,60,1.0
2024-12-14 18:00,78.7,78.4,79.2,60,1.0
2024-12-14 19:00,78.8,78.4,79.3,60,1.0
2024-12-14 20:00,78.42,77.7,79.2,60,1.0
2024-12-14 21:00,78.14,77.5,78.9,60,1.0
2024-12-14 22:00,79.1,78.4,79.7,60,1.0
2024-12-14 23:00,79.22,78.7,79.6,60,1.0
2024-12-15 00:00,79.09,78.7,79.5,60,1.0
2024-12-15 01:00,79.04,78.6,79.4,60,1.0
2024-12-15 02:00,78.8,78.4,79.2,60,1.0
2024-12-15 03:00,78.62,78.1,79.1,60,1.0
2024-12-15 04:00,78.47,78.0,78.9,60,1.0
2024-12-15 05:00,78.27,77.8,78.7,60,1.0
2024-12-15 06:00,77.91,77.5,78.2,60,1.0
2024-12-15 07:00,77.93,77.5,78.4,60,1.0
2024-12-15 08:00,77.83,77.3,78.2,60,1.0
2024-12-15 09:00,77.6,77.2,78.1,60,1.0
2024-12-15 10:00,77.42,77.0,77.9,60,1.0
2024-12-15 11:00,77.35,77.0,77.8,60,1.0
2024-12-15 12:00,77.28,77.0,77.7,60,1.0
2024-12-15 13:00,77.15,76.8,77.6,59,0.983
2024-12-15 14:00,77.04,76.8,77.5,60,1.0
2024-12-15 15:00,76.98,76.7,77.3,60,1.0
2024-12-15 16:00,76.95,76.5,77.4,60,1.0
2024-12-15 17:00,76.97,76.5,77.4,60,1.0
2024-12-15 18:00,76.89,76.4,77.2,60,1.0
2024-12-15 19:00,76.81,76.2,77.2,60,1.0
2024-12-15 20:00,76.55,76.1,77.0,60,1.0
2024-12-15 21:00,76.53,76.0,76.9,46,0.767
2024-12-15 22:00,76.4,76.1,76.8,50,0.833
2024-12-15 23:00,76.01,75.6,76.5,60,1.0
2024-12-16 00:00,75.79,75.3,76.3,60,1.0
2024-12-16 01:00,75.61,75.3,75.9,60,1.0
2024-12-16 02:00,75.61,75.2,76.0,60,1.0
2024-12-16 03:00,75.6,75.2,76.2,60,1.0
2024-12-16 04:00,75.46,75.0,75.9,60,1.0
2024-12-16 05:00,75.18,74.9,75.6,60,1.0
2024-12-16 06:00,75.2,74.8,75.7,60,1.0
2024-12-16 07:00,74.94,74.6,75.5,60,1.0
2024-12-16 08:00,74.88,74.5,75.4,60,1.0
2024-12-16 09:00,74.73,74.4,75.1,60,1.0
2024-12-16 10:00,74.58,74.2,75.0,60,1.0
2024-12-16 11:00,74.41,74.1,74.8,60,1.0
2024-12-16 12:00,74.42,74.0,74.9,60,1.0
2024-12-16 13:00,74.43,74.0,74.8,60,1.0
2024-12-16 14:00,74.32,73.8,74.8,60,1.0
2024-12-16 15:00,74.24,73.7,74.5,60,1.0
2024-12-16 16:00,74.09,73.7,74.5,60,1.0
2024-12-16 17:00,74.08,73.6,74.4,60,1.0
2024-12-16 18:00,73.96,73.5,74.3,60,1.0
2024-12-16 19:00,73.84,73.4,74.2,60,1.0
2024-12-16 20:00,73.74,73.3,74.1,60,1.0
2024-12-16 21:00,73.7,73.3,74.0,60,1.0
2024-12-16 22:00,73.67,73.3,73.9,60,1.0
2024-12-16 23:00,73.58,73.1,73.9,60,1.0
2024-12-17 00:00,73.56,73.2,73.8,60,1.0
2024-12-17 01:00,73.45,73.0,73.8,60,1.0
2024-12-17 02:00,73.37,73.1,73.6,60,1.0
2024-12-17 03:00,73.31,73.0,73.6,60,1.0
2024-12-17 04:00,73.25,72.9,73.6,60,1.0
2024-12-17 05:00,73.14,72.7,73.5,60,1.0
2024-12-17 06:00,73.1,72.7,73.4,60,1.0
2024-12-17 07:00,73.02,72.5,73.3,60,1.0
2024-12-17 08:00,72.88,72.4,73.3,60,1.0
2024-12-17 09:00,72.59,72.4,72.9,60,1.0
2024-12-17 10:00,72.6,72.3,73.0,60,1.0
2024-12-17 11:00,72.49,72.2,72.8,60,1.0
2024-12-17 12:00,72.47,72.2,72.8,52,0.867
2024-12-17 13:00,72.37,72.1,72.8,46,0.767
2024-12-17 14:00,72.44,72.1,72.8,60,1.0
2024-12-17 15:00,72.39,72.0,72.9,59,0.983
2024-12-17 16:00,72.33,72.0,72.7,60,1.0
2024-12-17 17:00,72.31,71.9,72.7,60,1.0
2024-12-17 18:00,72.31,71.9,72.7,60,1.0
2024-12-17 19:00,72.26,71.9,72.6,60,1.0
2024-12-17 20:00,72.22,71.8,72.6,60,1.0
2024-12-17 21:00,72.21,71.8,72.5,60,1.0
2024-12-17 22:00,72.18,71.8,72.4,60,1.0
2024-12-17 23:00,72.09,71.7,72.5,60,1.0
2024-12-18 00:00,72.04,71.6,72.5,60,1.0
2024-12-18 01:00,71.99,71.6,72.3,60,1.0
2024-12-18 02:00,71.91,71.6,72.3,60,1.0
2024-12-18 03:00,71.79,71.4,72.1,60,1.0
2024-12-18 04:00,71.83,71.4,72.3,60,1.0
2024-12-18 05:00,71.86,71.5,72.2,60,1.0
2024-12-18 06:00,71.81,71.3,72.2,60,1.0
2024-12-18 07:00,71.77,71.3,72.2,60,1.0
2024-12-18 08:00,71.51,71.3,71.8,60,1.0
2024-12-18 09:00,71.42,71.2,71.8,60,1.0
2024-12-18 10:00,71.47,71.1,71.9,60,1.0
2024-12-18 11:00,71.33,71.0,71.7,60,1.0
2024-12-18 12:00,71.26,71.0,71.7,60,1.0
2024-12-18 13:00,71.2,70.9,71.6,60,1.0
2024-12-18 14:00,71.21,70.9,71.7,60,1.0
2024-12-18 15:00,71.27,70.9,71.6,60,1.0
2024-12-18 16:00,71.25,70.8,71.6,60,1.0
2024-12-18 17:00,71.25,71.0,71.5,60,1.0
2024-12-18 18:00,71.25,70.7,71.5,60,1.0
2024-12-18 19:00,71.12,70.8,71.4,60,1.0
2024-12-18 20:00,71.02,70.7,71.4,59,0.983
2024-12-18 21:00,71.0,70.6,71.4,60,1.0
2024-12-18 22:00,70.99,70.6,71.4,60,1.0
2024-12-18 23:00,70.77,70.5,71.2,60,1.0
2024-12-19 00:00,70.73,70.5,71.0,60,1.0
2024-12-19 01:00,70.71,70.5,71.0,59,0.983
2024-12-19 02:00,70.67,70.4,71.0,60,1.0
2024-12-19 03:00,70.61,70.4,71.0,59,0.983
2024-12-19 04:00,70.59,70.3,70.9,60,1.0
2024-12-19 05:00,70.53,70.3,70.9,60,1.0
2024-12-19 06:00,70.49,70.3,70.7,60,1.0
2024-12-19 07:00,70.48,70.3,70.8,60,1.0
2024-12-19 08:00,70.54,70.3,70.9,60,1.0
2024-12-19 09:00,70.64,70.3,70.9,60,1.0
2024-12-19 10:00,70.45,70.2,70.9,60,1.0
2024-12-19 11:00,70.5,70.2,70.8,60,1.0
2024-12-19 12:00,70.41,70.1,70.8,60,1.0
2024-12-19 13:00,70.44,70.2,70.7,60,1.0
2024-12-19 14:00,70.42,70.0,70.8,60,1.0
2024-12-19 15:00,70.48,70.2,70.7,60,1.0
2024-12-19 16:00,70.44,70.2,70.7,60,1.0
2024-12-19 17:00,70.43,70.2,70.7,60,1.0
2024-12-19 18:00,70.38,70.1,70.6,60,1.0
2024-12-19 19:00,70.32,70.0,70.7,60,1.0
2024-12-19 20:00,70.23,69.9,70.5,60,1.0
2024-12-19 21:00,70.29,69.9,70.8,60,1.0
2024-12-19 22:00,70.3,69.9,70.6,60,1.0
2024-12-19 23:00,70.25,69.9,70.6,60,1.0
2024-12-20 00:00,70.23,69.9,70.6,60,1.0
2024-12-20 01:00,69.9,69.5,70.4,60,1.0
2024-12-20 02:00,70.69,69.9,71.4,60,1.0
2024-12-20 03:00,71.78,71.3,72.5,60,1.0
2024-12-20 04:00,72.62,71.9,73.4,60,1.0
2024-12-20 05:00,73.48,72.9,74.0,60,1.0
2024-12-20 06:00,74.06,73.5,74.5,60,1.0
2024-12-20 07:00,74.3,73.9,74.7,60,1.0
2024-12-20 08:00,74.4,73.9,74.7,60,1.0
2024-12-20 09:00,74.44,73.9,74.7,60,1.0
2024-12-20 10:00,74.48,73.9,74.8,60,1.0
2024-12-20 11:00,74.47,74.0,74.8,60,1.0
2024-12-20 12:00,74.41,74.1,74.7,60,1.0
2024-12-20 13:00,74.17,73.7,74.6,60,1.0
2024-12-20 14:00,74.14,73.8,74.5,60,1.0
2024-12-20 15:00,74.25,73.9,74.7,60,1.0
2024-12-20 16:00,74.42,74.2,74.7,59,0.983
2024-12-20 17:00,74.43,74.0,74.8,60,1.0
2024-12-20 18:00,74.28,73.9,74.7,60,1.0
2024-12-20 19:00,74.21,73.9,74.6,60,1.0
2024-12-20 20:00,74.34,73.9,74.7,60,1.0
2024-12-20 21:00,74.28,73.9,74.8,60,1.0
2024-12-20 22:00,74.03,73.8,74.5,60,1.0
2024-12-20 23:00,73.95,73.7,74.5,60,1.0
2024-12-21 00:00,73.84,73.5,74.3,59,0.983
2024-12-21 01:00,73.8,73.5,74.1,60,1.0
2024-12-21 02:00,73.85,73.6,74.2,60,1.0
2024-12-21 03:00,73.94,73.5,74.4,60,1.0
2024-12-21 04:00,73.9,73.5,74.4,60,1.0
2024-12-21 05:00,73.82,73.5,74.2,60,1.0
2024-12-21 06:00,73.7,73.4,74.0,60,1.0
2024-12-21 07:00,73.68,73.4,74.2,60,1.0
2024-12-21 08:00,73.57,73.2,74.1,59,0.983
2024-12-21 09:00,73.54,73.2,74.0,60,1.0
2024-12-21 10:00,73.52,73.1,73.9,59,0.983
2024-12-21 11:00,73.44,73.0,73.8,60,1.0
2024-12-21 12:00,73.34,73.0,73.7,60,1.0
2024-12-21 13:00,73.16,72.9,73.5,60,1.0
2024-12-21 14:00,73.1,72.8,73.5,60,1.0
2024-12-21 15:00,73.01,72.8,73.5,60,1.0
2024-12-21 16:00,72.95,72.6,73.4,59,0.983
2024-12-21 17:00,72.88,72.6,73.4,60,1.0
2024-12-21 18:00,72.88,72.6,73.4,60,1.0
2024-12-21 19:00,72.73,72.5,73.2,60,1.0
2024-12-21 20:00,72.76,72.4,73.3,60,1.0
2024-12-21 21:00,72.72,72.3,73.1,60,1.0
2024-12-21 22:00,72.56,72.3,73.0,60,1.0
2024-12-21 23:00,72.45,72.2,72.7,60,1.0
2024-12-22 00:00,72.4,72.1,72.8,45,0.75
2024-12-22 01:00,72.35,72.1,72.6,53,0.883
2024-12-22 02:00,72.29,72.0,72.8,59,0.983
2024-12-22 03:00,72.2,72.0,72.5,60,1.0
2024-12-22 04:00,72.19,71.9,72.6,60,1.0
2024-12-22 05:00,72.12,71.9,72.6,59,0.983
2024-12-22 06:00,72.19,71.8,72.7,59,0.983
2024-12-22 07:00,72.08,71.8,72.5,51,0.85
2024-12-22 08:00,72.13,71.7,72.4,48,0.8
2024-12-22 09:00,72.13,71.9,72.5,52,0.867
2024-12-22 10:00,72.06,71.8,72.3,60,1.0
2024-12-22 11:00,71.94,71.5,72.3,60,1.0
2024-12-22 12:00,71.78,71.4,72.2,60,1.0
2024-12-22 13:00,71.86,71.4,72.2,60,1.0
2024-12-22 14:00,71.58,71.3,72.0,60,1.0
2024-12-22 15:00,71.53,71.2,71.9,60,1.0
2024-12-22 16:00,71.59,71.2,71.9,60,1.0
2024-12-22 17:00,71.74,71.4,72.1,60,1.0
2024-12-22 18:00,71.72,71.4,72.0,60,1.0
2024-12-22 19:00,71.54,71.0,71.9,60,1.0
2024-12-22 20:00,71.39,70.8,72.0,60,1.0
2024-12-22 21:00,76.08,71.6,82.7,60,1.0
2024-12-22 22:00,82.6,82.2,83.2,60,1.0
2024-12-22 23:00,82.7,82.2,83.3,60,1.0
2024-12-23 00:00,82.79,82.2,83.3,60,1.0
2024-12-23 01:00,82.54,82.0,83.0,60,1.0
2024-12-23 02:00,81.49,80.5,82.7,60,1.0
2024-12-23 03:00,81.51,81.0,82.0,60,1.0
2024-12-23 04:00,81.47,80.8,82.1,60,1.0
2024-12-23 05:00,81.01,80.5,81.4,60,1.0
2024-12-23 06:00,80.71,80.4,81.1,60,1.0
2024-12-23 07:00,80.46,79.7,81.1,59,0.983
2024-12-23 08:00,80.87,80.0,81.4,60,1.0
2024-12-23 09:00,81.05,80.2,81.7,59,0.983
2024-12-23 10:00,81.76,81.0,82.1,60,1.0
2024-12-23 11:00,81.73,81.3,82.1,60,1.0
2024-12-23 12:00,81.53,81.1,81.9,59,0.983
2024-12-23 13:00,81.34,80.9,81.8,60,1.0
2024-12-23 14:00,81.12,80.7,81.5,60,1.0
2024-12-23 15:00,80.83,80.4,81.3,60,1.0
2024-12-23 16:00,80.43,79.9,80.9,60,1.0
2024-12-23 17:00,80.14,79.7,80.5,59,0.983
2024-12-23 18:00,80.0,79.4,80.4,60,1.0
2024-12-23 19:00,79.76,79.3,80.2,60,1.0
2024-12-23 20:00,79.64,79.3,80.0,60,1.0
2024-12-23 21:00,79.39,78.8,79.9,60,1.0
2024-12-23 22:00,79.11,78.8,79.5,60,1.0
2024-12-23 23:00,78.9,78.4,79.3,60,1.0
2024-12-24 00:00,78.68,78.2,79.1,60,1.0
2024-12-24 01:00,78.39,78.0,78.9,60,1.0
2024-12-24 02:00,78.21,77.7,78.6,60,1.0
2024-12-24 03:00,78.01,77.5,78.3,60,1.0
2024-12-24 04:00,77.76,77.3,78.2,60,1.0
2024-12-24 05:00,77.54,77.2,78.1,59,0.983
2024-12-24 06:00,77.49,77.0,77.9,36,0.6
2024-12-24 07:00,77.41,77.1,77.7,40,0.667
2024-12-24 08:00,77.19,76.7,77.6,58,0.967
2024-12-24 09:00,77.03,76.7,77.5,60,1.0
2024-12-24 10:00,76.89,76.3,77.2,60,1.0
2024-12-24 11:00,76.49,76.2,77.0,60,1.0
2024-12-24 12:00,76.52,76.1,77.0,60,1.0
2024-12-24 13:00,76.45,76.1,76.8,55,0.917
2024-12-24 14:00,76.14,75.7,76.5,60,1.0
2024-12-24 15:00,76.09,75.7,76.4,59,0.983
2024-12-24 16:00,75.98,75.7,76.3,60,1.0
2024-12-24 17:00,75.86,75.6,76.2,60,1.0
2024-12-24 18:00,75.74,75.2,76.0,60,1.0
2024-12-24 19:00,75.5,74.9,75.8,60,1.0
2024-12-24 20:00,75.36,75.0,75.7,58,0.967
2024-12-24 21:00,75.28,75.0,75.6,60,1.0
2024-12-24 22:00,75.17,74.8,75.5,60,1.0
2024-12-24 23:00,75.04,74.7,75.4,60,1.0
2024-12-25 00:00,74.88,74.4,75.2,60,1.0
2024-12-25 01:00,74.72,74.2,75.0,60,1.0
2024-12-25 02:00,74.6,74.2,75.0,60,1.0
2024-12-25 03:00,74.52,74.1,74.9,60,1.0
2024-12-25 04:00,74.5,74.1,74.8,60,1.0
2024-12-25 05:00,74.41,74.1,74.7,60,1.0
2024-12-25 06:00,74.28,73.9,74.6,60,1.0
2024-12-25 07:00,74.24,73.8,74.6,60,1.0
2024-12-25 08:00,73.88,73.6,74.3,60,1.0
2024-12-25 09:00,73.75,73.5,74.2,60,1.0
2024-12-25 10:00,73.68,73.3,74.0,60,1.0
2024-12-25 11:00,73.55,73.3,74.0,60,1.0
2024-12-25 12:00,73.48,73.1,73.8,60,1.0
2024-12-25 13:00,73.25,73.0,73.6,60,1.0
2024-12-25 14:00,73.23,72.9,73.7,60,1.0
2024-12-25 15:00,73.19,72.9,73.6,60,1.0
2024-12-25 16:00,73.09,72.7,73.4,60,1.0
2024-12-25 17:00,72.95,72.6,73.4,60,1.0
2024-12-25 18:00,72.84,72.5,73.2,60,1.0
2024-12-25 19:00,72.69,72.4,73.1,60,1.0
2024-12-25 20:00,72.62,72.3,73.0,60,1.0
2024-12-25 21:00,72.52,72.2,73.0,60,1.0
2024-12-25 22:00,72.52,72.1,72.8,60,1.0
2024-12-25 23:00,72.34,72.0,72.7,57,0.95
2024-12-26 00:00,72.4,72.1,72.8,53,0.883
2024-12-26 01:00,72.09,71.8,72.5,51,0.85
2024-12-26 02:00,72.14,71.8,72.5,60,1.0
2024-12-26 03:00,72.02,71.7,72.4,60,1.0
2024-12-26 04:00,71.97,71.6,72.3,60,1.0
2024-12-26 05:00,71.89,71.6,72.2,60,1.0
2024-12-26 06:00,71.78,71.5,72.2,60,1.0
2024-12-26 07:00,71.7,71.5,72.0,60,1.0
2024-12-26 08:00,71.64,71.4,71.9,60,1.0
2024-12-26 09:00,71.59,71.4,71.8,60,1.0
2024-12-26 10:00,71.4,71.0,71.7,60,1.0
2024-12-26 11:00,71.19,70.9,71.6,60,1.0
2024-12-26 12:00,71.07,70.9,71.5,60,1.0
2024-12-26 13:00,70.99,70.8,71.5,60,1.0
2024-12-26 14:00,71.1,70.8,71.5,60,1.0
2024-12-26 15:00,70.86,70.6,71.3,60,1.0
2024-12-26 16:00,70.9,70.6,71.3,60,1.0
2024-12-26 17:00,70.83,70.6,71.1,60,1.0
2024-12-26 18:00,70.86,70.5,71.1,60,1.0
2024-12-26 19:00,70.82,70.4,71.0,58,0.967
2024-12-26 20:00,70.76,70.4,71.0,60,1.0
2024-12-26 21:00,70.72,70.3,70.9,60,1.0
2024-12-26 22:00,70.61,70.3,70.8,60,1.0
2024-12-26 23:00,70.61,70.4,70.8,60,1.0
2024-12-27 00:00,70.54,70.2,70.7,59,0.983
2024-12-27 01:00,70.47,70.2,70.7,60,1.0
2024-12-27 02:00,70.46,70.2,70.7,60,1.0
2024-12-27 03:00,70.41,70.1,70.8,60,1.0
2024-12-27 04:00,70.16,69.9,70.5,60,1.0
2024-12-27 05:00,70.17,69.9,70.5,60,1.0
2024-12-27 06:00,70.16,69.8,70.5,60,1.0
2024-12-27 07:00,70.11,69.7,70.4,60,1.0
2024-12-27 08:00,70.04,69.7,70.4,60,1.0
2024-12-27 09:00,69.84,69.6,70.1,60,1.0
2024-12-27 10:00,69.74,69.5,70.2,60,1.0
2024-12-27 11:00,69.69,69.5,70.0,60,1.0
2024-12-27 12:00,69.62,69.4,69.9,60,1.0
2024-12-27 13:00,69.68,69.4,70.0,60,1.0
2024-12-27 14:00,69.59,69.3,69.9,60,1.0
2024-12-27 15:00,69.61,69.3,69.9,60,1.0
2024-12-27 16:00,69.58,69.3,69.9,60,1.0
2024-12-27 17:00,69.55,69.2,69.9,60,1.0
2024-12-27 18:00,69.5,69.2,69.8,60,1.0
2024-12-27 19:00,69.5,69.1,69.8,60,1.0
2024-12-27 20:00,69.46,69.1,69.7,60,1.0
2024-12-27 21:00,69.32,69.0,69.9,60,1.0
2024-12-27 22:00,69.29,69.0,69.6,60,1.0
2024-12-27 23:00,69.29,68.9,69.6,60,1.0
2024-12-28 00:00,69.19,68.9,69.5,60,1.0
2024-12-28 01:00,69.01,68.8,69.4,60,1.0
2024-12-28 02:00,68.98,68.8,69.5,49,0.817
2024-12-28 03:00,68.93,68.7,69.3,52,0.867
2024-12-28 04:00,68.97,68.7,69.3,59,0.983
2024-12-28 05:00,68.91,68.6,69.2,60,1.0
2024-12-28 06:00,68.87,68.6,69.3,60,1.0
2024-12-28 07:00,68.78,68.6,69.2,60,1.0
2024-12-28 08:00,68.84,68.6,69.1,60,1.0
2024-12-28 09:00,68.75,68.6,69.2,60,1.0
2024-12-28 10:00,68.74,68.5,69.2,60,1.0
2024-12-28 11:00,68.66,68.4,69.1,60,1.0
2024-12-28 12:00,68.59,68.4,68.9,60,1.0
2024-12-28 13:00,68.62,68.4,69.0,60,1.0
2024-12-28 14:00,68.53,68.4,68.9,60,1.0
2024-12-28 15:00,68.55,68.3,68.8,60,1.0
2024-12-28 16:00,68.46,68.2,68.9,60,1.0
2024-12-28 17:00,68.44,68.2,68.8,60,1.0
2024-12-28 18:00,68.49,68.2,68.8,60,1.0
2024-12-28 19:00,68.49,68.2,68.8,60,1.0
2024-12-28 20:00,68.49,68.2,68.8,59,0.983
2024-12-28 21:00,68.47,68.1,68.8,60,1.0
2024-12-28 22:00,68.43,68.1,68.7,60,1.0
2024-12-28 23:00,68.4,68.1,68.7,60,1.0
2024-12-29 00:00,68.38,68.1,68.6,60,1.0
2024-12-29 01:00,68.38,68.1,68.6,60,1.0
2024-12-29 02:00,68.31,68.0,68.6,60,1.0
2024-12-29 03:00,68.3,68.0,68.5,60,1.0
2024-12-29 04:00,68.28,68.0,68.5,60,1.0
2024-12-29 05:00,68.26,67.9,68.5,60,1.0
2024-12-29 06:00,68.24,67.9,68.5,60,1.0
2024-12-29 07:00,68.25,67.9,68.4,59,0.983
2024-12-29 08:00,68.23,67.9,68.4,60,1.0
2024-12-29 09:00,68.03,67.8,68.5,60,1.0
2024-12-29 10:00,68.04,67.8,68.4,60,1.0
2024-12-29 11:00,68.04,67.8,68.3,60,1.0
2024-12-29 12:00,67.93,67.8,68.3,60,1.0
2024-12-29 13:00,67.94,67.8,68.2,60,1.0
2024-12-29 14:00,67.95,67.7,68.3,60,1.0
2024-12-29 15:00,67.91,67.7,68.3,60,1.0
2024-12-29 16:00,67.86,67.7,68.3,60,1.0
2024-12-29 17:00,67.83,67.6,68.1,60,1.0
2024-12-29 18:00,67.87,67.6,68.2,60,1.0
2024-12-29 19:00,67.93,67.6,68.2,60,1.0
2024-12-29 20:00,67.9,67.6,68.3,60,1.0
2024-12-29 21:00,67.91,67.6,68.2,53,0.883
2024-12-29 22:00,67.92,67.6,68.2,53,0.883
2024-12-29 23:00,67.92,67.6,68.1,59,0.983
2024-12-30 00:00,67.85,67.6,68.2,60,1.0
2024-12-30 01:00,67.8,67.5,68.1,60,1.0
2024-12-30 02:00,67.66,67.4,68.0,60,1.0
2024-12-30 03:00,67.69,67.5,68.0,60,1.0
2024-12-30 04:00,67.76,67.5,68.0,60,1.0
2024-12-30 05:00,67.75,67.5,68.0,60,1.0
2024-12-30 06:00,67.7,67.4,68.1,60,1.0
2024-12-30 07:00,67.76,67.5,68.0,60,1.0
2024-12-30 08:00,67.59,67.4,67.9,60,1.0
2024-12-30 09:00,67.58,67.3,67.9,60,1.0
2024-12-30 10:00,67.69,67.4,68.0,60,1.0
2024-12-30 11:00,67.71,67.3,67.9,60,1.0
2024-12-30 12:00,67.64,67.3,67.9,60,1.0
2024-12-30 13:00,67.62,67.3,68.0,60,1.0
2024-12-30 14:00,67.55,67.3,67.9,60,1.0
2024-12-30 15:00,67.52,67.3,67.9,60,1.0
2024-12-30 16:00,67.44,67.3,67.9,60,1.0
2024-12-30 17:00,67.4,67.2,67.7,60,1.0
2024-12-30 18:00,67.36,67.2,67.6,60,1.0
2024-12-30 19:00,67.45,67.2,67.7,59,0.983
2024-12-30 20:00,67.36,67.2,67.7,60,1.0
2024-12-30 21:00,67.43,67.1,67.7,60,1.0
2024-12-30 22:00,67.46,67.2,67.8,60,1.0
2024-12-30 23:00,67.47,67.1,67.7,60,1.0
2024-12-31 00:00,67.46,67.1,67.7,60,1.0
2024-12-31 01:00,67.43,67.1,67.7,60,1.0
2024-12-31 02:00,67.44,67.1,67.7,60,1.0
2024-12-31 03:00,67.44,67.1,67.7,60,1.0
2024-12-31 04:00,67.4,67.1,67.6,60,1.0
2024-12-31 05:00,67.34,67.1,67.6,60,1.0
2024-12-31 06:00,67.36,67.1,67.6,59,0.983
2024-12-31 07:00,67.33,67.0,67.6,60,1.0
2024-12-31 08:00,67.29,67.0,67.6,60,1.0
2024-12-31 09:00,67.24,67.0,67.6,60,1.0
2024-12-31 10:00,67.33,67.0,67.6,60,1.0
2024-12-31 11:00,67.18,67.0,67.5,60,1.0
2024-12-31 12:00,67.24,67.0,67.5,60,1.0
2024-12-31 13:00,67.17,66.9,67.5,60,1.0
2024-12-31 14:00,67.22,67.0,67.5,59,0.983
2024-12-31 15:00,67.28,67.0,67.5,52,0.867
2024-12-31 16:00,67.28,67.0,67.5,47,0.783
2024-12-31 17:00,67.26,67.1,67.5,57,0.95
2024-12-31 18:00,67.16,66.9,67.5,60,1.0
2024-12-31 19:00,67.12,66.9,67.5,60,1.0
2024-12-31 20:00,67.07,66.9,67.5,60,1.0
2024-12-31 21:00,67.05,66.8,67.4,60,1.0
2024-12-31 22:00,67.0,66.8,67.4,60,1.0
2024-12-31 23:00,67.02,66.8,67.3,59,0.983
2025-01-01 00:00,67.01,66.8,67.4,58,0.967
2025-01-01 01:00,66.99,66.8,67.4,60,1.0
2025-01-01 02:00,66.97,66.8,67.3,60,1.0
2025-01-01 03:00,66.94,66.7,67.2,60,1.0
2025-01-01 04:00,66.94,66.7,67.3,60,1.0
2025-01-01 05:00,66.89,66.7,67.3,60,1.0
2025-01-01 06:00,66.9,66.7,67.2,60,1.0
2025-01-01 07:00,66.93,66.7,67.2,59,0.983
2025-01-01 08:00,66.9,66.7,67.2,60,1.0
2025-01-01 09:00,67.05,66.7,67.4,60,1.0
2025-01-01 10:00,66.92,66.7,67.2,60,1.0
2025-01-01 11:00,66.85,66.7,67.2,60,1.0
2025-01-01 12:00,66.89,66.7,67.2,60,1.0
2025-01-01 13:00,66.96,66.7,67.2,60,1.0
2025-01-01 14:00,67.0,66.7,67.3,60,1.0
2025-01-01 15:00,67.04,66.7,67.2,60,1.0
2025-01-01 16:00,67.01,66.7,67.3,60,1.0
2025-01-01 17:00,66.96,66.6,67.2,60,1.0
2025-01-01 18:00,66.88,66.6,67.1,60,1.0
2025-01-01 19:00,66.83,66.5,67.1,60,1.0
2025-01-01 20:00,66.82,66.5,67.1,60,1.0
2025-01-01 21:00,66.79,66.5,67.1,60,1.0
2025-01-01 22:00,66.73,66.5,67.0,60,1.0
2025-01-01 23:00,66.72,66.5,67.0,58,0.967
2025-01-02 00:00,66.71,66.5,67.1,60,1.0
2025-01-02 01:00,66.64,66.5,67.0,60,1.0
2025-01-02 02:00,66.69,66.4,67.1,60,1.0
2025-01-02 03:00,66.67,66.4,67.0,60,1.0
2025-01-02 04:00,66.63,66.4,67.0,60,1.0
2025-01-02 05:00,66.62,66.4,66.9,60,1.0
2025-01-02 06:00,66.62,66.4,66.9,60,1.0
2025-01-02 07:00,66.6,66.4,66.9,60,1.0
2025-01-02 08:00,66.63,66.4,66.9,60,1.0
2025-01-02 09:00,66.7,66.4,66.9,60,1.0
2025-01-02 10:00,66.57,66.4,66.9,60,1.0
2025-01-02 11:00,66.73,66.4,67.0,60,1.0
2025-01-02 12:00,66.6,66.4,66.9,60,1.0
2025-01-02 13:00,66.64,66.3,66.9,59,0.983
2025-01-02 14:00,66.51,66.3,66.8,60,1.0
2025-01-02 15:00,66.47,66.3,66.9,60,1.0
2025-01-02 16:00,66.46,66.3,66.8,60,1.0
2025-01-02 17:00,66.52,66.3,66.8,60,1.0
2025-01-02 18:00,66.56,66.3,66.8,60,1.0
2025-01-02 19:00,66.57,66.3,66.8,60,1.0
2025-01-02 20:00,66.59,66.3,66.8,60,1.0
2025-01-02 21:00,66.54,66.3,66.8,60,1.0
2025-01-02 22:00,66.5,66.2,66.7,60,1.0
2025-01-02 23:00,66.53,66.2,66.8,60,1.0
2025-01-03 00:00,66.56,66.3,66.8,60,1.0
2025-01-03 01:00,66.56,66.2,66.8,60,1.0
2025-01-03 02:00,66.52,66.2,66.7,60,1.0
2025-01-03 03:00,66.54,66.3,66.8,60,1.0
2025-01-03 04:00,66.44,66.1,66.7,60,1.0
2025-01-03 05:00,66.4,66.2,66.6,60,1.0
2025-01-03 06:00,66.28,66.1,66.6,59,0.983
2025-01-03 07:00,66.29,66.1,66.5,60,1.0
2025-01-03 08:00,66.45,66.2,66.8,18,0.3
2025-01-03 12:00,67.1,66.8,67.3,23,0.383
2025-01-03 13:00,67.11,66.8,67.5,60,1.0
2025-01-03 14:00,67.51,67.0,68.1,60,1.0
2025-01-03 15:00,67.79,67.5,68.2,60,1.0
2025-01-03 16:00,68.61,67.9,69.4,60,1.0
2025-01-03 17:00,70.01,69.1,70.8,59,0.983
2025-01-03 18:00,71.28,70.4,72.0,51,0.85
2025-01-03 19:00,72.65,71.6,73.6,54,0.9
2025-01-03 20:00,73.8,73.2,74.4,60,1.0
2025-01-03 21:00,74.34,73.8,74.8,60,1.0
2025-01-03 22:00,74.48,74.0,74.8,60,1.0
2025-01-03 23:00,74.54,74.1,75.0,60,1.0
2025-01-04 00:00,75.02,74.3,75.8,60,1.0
2025-01-04 01:00,76.32,75.5,77.1,60,1.0
2025-01-04 02:00,77.0,76.6,77.4,60,1.0
2025-01-04 03:00,77.82,76.9,78.6,60,1.0
2025-01-04 04:00,78.98,78.2,79.7,60,1.0
2025-01-04 05:00,79.49,79.1,80.0,60,1.0
2025-01-04 06:00,79.28,78.9,79.8,60,1.0
2025-01-04 07:00,79.21,78.8,79.7,60,1.0
2025-01-04 08:00,78.87,78.4,79.4,60,1.0
2025-01-04 09:00,78.66,78.1,79.1,60,1.0
2025-01-04 10:00,78.39,78.0,78.9,60,1.0
2025-01-04 11:00,78.19,77.9,78.5,60,1.0
2025-01-04 12:00,78.04,77.6,78.5,60,1.0
2025-01-04 13:00,77.94,77.5,78.3,60,1.0
2025-01-04 14:00,77.6,77.2,78.1,60,1.0
2025-01-04 15:00,77.38,77.1,77.8,60,1.0
2025-01-04 16:00,77.35,76.9,77.7,60,1.0
2025-01-04 17:00,77.14,76.8,77.6,60,1.0
2025-01-04 18:00,77.06,76.6,77.5,60,1.0
2025-01-04 19:00,76.92,76.5,77.4,60,1.0
2025-01-04 20:00,76.84,76.4,77.3,60,1.0
2025-01-04 21:00,76.72,76.4,77.0,60,1.0
2025-01-04 22:00,76.57,76.3,77.0,60,1.0
2025-01-04 23:00,76.41,76.1,76.7,60,1.0
2025-01-05 00:00,76.3,75.9,76.7,60,1.0
2025-01-05 01:00,76.18,75.9,76.5,60,1.0
2025-01-05 02:00,75.98,75.6,76.3,60,1.0
2025-01-05 03:00,75.89,75.6,76.2,60,1.0
2025-01-05 04:00,75.68,75.3,76.0,60,1.0
2025-01-05 05:00,75.59,75.1,75.9,60,1.0
2025-01-05 06:00,75.44,75.0,75.8,60,1.0
2025-01-05 07:00,75.3,74.9,75.6,60,1.0
2025-01-05 08:00,75.23,74.9,75.6,60,1.0
2025-01-05 09:00,74.97,74.5,75.4,60,1.0
2025-01-05 10:00,74.97,74.6,75.2,60,1.0
2025-01-05 11:00,74.86,74.5,75.1,60,1.0
2025-01-05 12:00,74.74,74.3,75.1,60,1.0
2025-01-05 13:00,74.61,74.2,75.0,60,1.0
2025-01-05 14:00,74.43,74.0,74.9,59,0.983
2025-01-05 15:00,74.31,74.0,74.8,60,1.0
2025-01-05 16:00,74.18,73.9,74.6,60,1.0
2025-01-05 17:00,74.09,73.8,74.5,60,1.0
2025-01-05 18:00,73.95,73.7,74.3,60,1.0
2025-01-05 19:00,74.04,73.6,74.4,60,1.0
2025-01-05 20:00,73.97,73.5,74.3,60,1.0
2025-01-05 21:00,73.89,73.5,74.3,60,1.0
2025-01-05 22:00,73.78,73.4,74.2,56,0.933
2025-01-05 23:00,73.75,73.3,74.1,48,0.8
2025-01-06 00:00,73.67,73.3,74.0,57,0.95
2025-01-06 01:00,73.57,73.2,74.0,60,1.0
2025-01-06 02:00,73.54,73.1,73.8,60,1.0
2025-01-06 03:00,73.42,73.0,73.7,60,1.0
2025-01-06 04:00,73.38,73.0,73.6,60,1.0
2025-01-06 05:00,73.29,72.9,73.7,60,1.0
2025-01-06 06:00,73.25,72.8,73.6,60,1.0
2025-01-06 07:00,73.14,72.7,73.4,60,1.0
2025-01-06 08:00,73.02,72.6,73.4,60,1.0
2025-01-06 09:00,72.88,72.6,73.3,59,0.983
2025-01-06 10:00,72.98,72.6,73.3,60,1.0
2025-01-06 11:00,72.94,72.6,73.3,60,1.0
2025-01-06 12:00,72.91,72.6,73.1,60,1.0
2025-01-06 13:00,72.8,72.5,73.0,60,1.0
2025-01-06 14:00,72.77,72.5,73.0,60,1.0
2025-01-06 15:00,72.66,72.4,72.9,60,1.0
2025-01-06 16:00,72.61,72.2,72.9,60,1.0
2025-01-06 17:00,72.5,72.1,72.9,60,1.0
2025-01-06 18:00,72.38,72.0,72.8,59,0.983
2025-01-06 19:00,72.28,72.0,72.7,60,1.0
2025-01-06 20:00,72.24,72.0,72.7,60,1.0
2025-01-06 21:00,72.18,71.9,72.6,60,1.0
2025-01-06 22:00,72.18,71.8,72.6,60,1.0
2025-01-06 23:00,72.04,71.7,72.3,60,1.0
2025-01-07 00:00,72.19,71.7,72.5,60,1.0
2025-01-07 01:00,71.93,71.6,72.3,60,1.0
2025-01-07 02:00,71.87,71.6,72.3,60,1.0
2025-01-07 03:00,71.81,71.6,72.4,60,1.0
2025-01-07 04:00,71.76,71.5,72.3,60,1.0
2025-01-07 05:00,71.77,71.5,72.1,60,1.0
2025-01-07 06:00,71.71,71.4,72.2,60,1.0
2025-01-07 07:00,71.77,71.4,72.1,59,0.983
2025-01-07 08:00,71.67,71.4,72.0,59,0.983
2025-01-07 09:00,71.67,71.3,72.1,60,1.0
2025-01-07 10:00,71.54,71.3,71.9,60,1.0
2025-01-07 11:00,71.43,71.2,71.8,58,0.967
2025-01-07 12:00,71.41,71.1,71.7,60,1.0
2025-01-07 13:00,71.42,71.1,71.7,60,1.0
2025-01-07 14:00,71.44,71.1,71.7,60,1.0
2025-01-07 15:00,71.4,71.2,71.8,60,1.0
2025-01-07 16:00,71.37,71.2,71.6,58,0.967
2025-01-07 17:00,71.29,70.5,71.7,60,1.0
2025-01-07 18:00,72.18,71.1,73.8,60,1.0
2025-01-07 19:00,75.11,73.4,76.3,60,1.0
2025-01-07 20:00,76.58,76.0,77.0,60,1.0
2025-01-07 21:00,76.81,76.4,77.2,60,1.0
2025-01-07 22:00,76.84,76.5,77.2,60,1.0
2025-01-07 23:00,76.76,76.5,77.3,60,1.0
2025-01-08 00:00,76.66,76.4,77.2,60,1.0
2025-01-08 01:00,76.56,76.2,76.9,60,1.0
2025-01-08 02:00,76.41,76.2,76.9,60,1.0
2025-01-08 03:00,76.36,76.0,76.7,60,1.0
2025-01-08 04:00,76.36,75.9,76.8,60,1.0
2025-01-08 05:00,76.2,75.8,76.7,57,0.95
2025-01-08 06:00,76.1,75.7,76.6,60,1.0
2025-01-08 07:00,75.96,75.7,76.4,60,1.0
2025-01-08 08:00,75.85,75.5,76.3,60,1.0
2025-01-08 09:00,75.9,75.5,76.3,53,0.883
2025-01-08 10:00,75.77,75.5,76.1,45,0.75
2025-01-08 11:00,75.73,75.4,76.1,52,0.867
2025-01-08 12:00,75.61,75.3,75.9,60,1.0
2025-01-08 13:00,75.51,75.1,75.9,60,1.0
2025-01-08 14:00,75.42,75.0,75.9,60,1.0
2025-01-08 15:00,75.28,74.9,75.7,60,1.0
2025-01-08 16:00,75.19,74.9,75.6,60,1.0
2025-01-08 17:00,75.06,74.7,75.5,60,1.0
2025-01-08 18:00,74.96,74.7,75.4,60,1.0
2025-01-08 19:00,74.9,74.6,75.4,60,1.0
2025-01-08 20:00,74.84,74.5,75.3,60,1.0
2025-01-08 21:00,74.7,74.4,75.1,60,1.0
2025-01-08 22:00,74.67,74.3,75.0,60,1.0
2025-01-08 23:00,74.52,74.1,75.0,60,1.0
2025-01-09 00:00,74.42,74.1,74.8,60,1.0
2025-01-09 01:00,74.31,74.0,74.9,60,1.0
2025-01-09 02:00,74.27,74.0,74.7,60,1.0
2025-01-09 03:00,74.22,73.9,74.6,60,1.0
2025-01-09 04:00,74.17,73.9,74.6,60,1.0
2025-01-09 05:00,74.03,73.7,74.5,60,1.0
2025-01-09 06:00,73.9,73.5,74.4,60,1.0
2025-01-09 07:00,73.84,73.3,74.2,60,1.0
2025-01-09 08:00,74.52,73.7,75.2,60,1.0
2025-01-09 09:00,75.7,74.8,76.4,59,0.983
2025-01-09 10:00,77.31,76.0,78.6,60,1.0
2025-01-09 11:00,78.61,77.8,79.2,60,1.0
2025-01-09 12:00,78.91,78.5,79.2,60,1.0
2025-01-09 13:00,78.87,78.4,79.2,60,1.0
2025-01-09 14:00,78.72,78.2,79.1,60,1.0
2025-01-09 15:00,78.54,78.1,79.0,60,1.0
2025-01-09 16:00,78.34,77.9,78.8,60,1.0
2025-01-09 17:00,78.18,77.7,78.6,60,1.0
2025-01-09 18:00,78.02,77.6,78.5,60,1.0
2025-01-09 19:00,77.97,77.6,78.3,59,0.983
2025-01-09 20:00,77.8,77.5,78.2,60,1.0
2025-01-09 21:00,77.64,77.4,78.0,60,1.0
2025-01-09 22:00,77.44,77.0,77.7,60,1.0
2025-01-09 23:00,77.33,76.8,77.7,60,1.0
2025-01-10 00:00,77.1,76.7,77.5,60,1.0
2025-01-10 01:00,77.01,76.6,77.3,60,1.0
2025-01-10 02:00,76.93,76.5,77.1,60,1.0
2025-01-10 03:00,76.62,76.2,77.2,60,1.0
2025-01-10 04:00,76.46,76.0,76.9,60,1.0
2025-01-10 05:00,76.26,76.0,76.8,60,1.0
2025-01-10 06:00,76.14,75.8,76.5,60,1.0
2025-01-10 07:00,76.01,75.7,76.4,60,1.0
2025-01-10 08:00,75.9,75.6,76.2,60,1.0
2025-01-10 09:00,75.93,75.6,76.3,60,1.0
2025-01-10 10:00,75.84,75.5,76.1,60,1.0
2025-01-10 11:00,75.74,75.2,76.0,60,1.0
2025-01-10 12:00,75.66,75.4,75.9,60,1.0
2025-01-10 13:00,75.53,75.2,75.9,60,1.0
2025-01-10 14:00,75.39,75.0,75.8,60,1.0
2025-01-10 15:00,75.19,74.8,75.5,60,1.0
2025-01-10 16:00,75.1,74.7,75.6,60,1.0
2025-01-10 17:00,75.07,74.6,75.5,60,1.0
2025-01-10 18:00,74.84,74.5,75.3,60,1.0
2025-01-10 19:00,74.71,74.4,75.1,55,0.917
2025-01-10 20:00,74.62,74.3,75.1,58,0.967
2025-01-10 21:00,74.54,74.2,75.1,56,0.933
2025-01-10 22:00,74.44,74.1,74.8,49,0.817
2025-01-10 23:00,74.28,74.0,74.6,59,0.983
2025-01-11 00:00,74.25,73.9,74.7,60,1.0
2025-01-11 01:00,74.19,73.9,74.6,60,1.0
2025-01-11 02:00,74.16,73.8,74.6,60,1.0
2025-01-11 03:00,74.08,73.8,74.5,60,1.0
2025-01-11 04:00,74.03,73.7,74.4,60,1.0
2025-01-11 05:00,73.92,73.7,74.3,60,1.0
2025-01-11 06:00,73.84,73.6,74.2,60,1.0
2025-01-11 07:00,73.81,73.5,74.2,60,1.0
2025-01-11 08:00,73.76,73.4,74.2,60,1.0
2025-01-11 09:00,73.83,73.4,74.2,60,1.0
2025-01-11 10:00,73.69,73.3,74.1,60,1.0
2025-01-11 11:00,73.76,73.3,74.1,60,1.0
2025-01-11 12:00,73.66,73.3,74.1,60,1.0
2025-01-11 13:00,73.67,73.3,74.0,60,1.0
2025-01-11 14:00,73.81,73.5,74.2,60,1.0
2025-01-11 15:00,73.91,73.7,74.3,60,1.0
2025-01-11 16:00,74.17,73.9,74.5,60,1.0
2025-01-11 17:00,75.04,74.1,76.4,60,1.0
2025-01-11 18:00,78.49,75.8,81.1,60,1.0
2025-01-11 19:00,81.29,80.5,81.9,60,1.0
2025-01-11 20:00,81.51,81.1,81.9,60,1.0
2025-01-11 21:00,81.71,81.2,82.2,60,1.0
2025-01-11 22:00,81.73,81.3,82.2,60,1.0
2025-01-11 23:00,81.69,81.3,82.2,60,1.0
2025-01-12 00:00,81.75,81.3,82.1,60,1.0
2025-01-12 01:00,81.47,80.9,82.3,60,1.0
2025-01-12 02:00,81.32,80.8,81.8,60,1.0
2025-01-12 03:00,81.24,80.8,81.8,60,1.0
2025-01-12 04:00,81.06,80.5,81.6,60,1.0
2025-01-12 05:00,81.28,80.6,82.2,59,0.983
2025-01-12 06:00,81.83,81.4,82.3,60,1.0
2025-01-12 07:00,82.13,81.7,82.7,60,1.0
2025-01-12 08:00,82.14,81.6,82.6,60,1.0
2025-01-12 09:00,81.83,81.3,82.4,60,1.0
2025-01-12 10:00,81.39,81.0,81.8,60,1.0
2025-01-12 11:00,81.11,80.7,81.8,60,1.0
2025-01-12 12:00,80.76,80.4,81.4,60,1.0
2025-01-12 13:00,80.81,80.4,81.3,59,0.983
2025-01-12 14:00,80.64,80.2,81.3,56,0.933
2025-01-12 15:00,80.52,80.1,81.0,60,1.0
2025-01-12 16:00,80.75,80.2,81.3,60,1.0
2025-01-12 17:00,80.74,80.4,81.3,58,0.967
2025-01-12 18:00,80.53,80.1,81.1,59,0.983
2025-01-12 19:00,80.41,80.1,80.9,60,1.0
2025-01-12 20:00,80.1,79.7,80.7,60,1.0
2025-01-12 21:00,79.79,79.4,80.3,60,1.0
2025-01-12 22:00,79.54,79.1,80.0,60,1.0
2025-01-12 23:00,79.33,78.9,79.7,55,0.917
2025-01-13 00:00,78.98,78.5,79.4,48,0.8
2025-01-13 01:00,78.58,78.3,79.0,60,1.0
2025-01-13 02:00,78.34,77.9,78.8,60,1.0
2025-01-13 03:00,78.04,77.6,78.5,60,1.0
2025-01-13 04:00,77.72,77.3,78.2,60,1.0
2025-01-13 05:00,77.44,77.1,78.0,60,1.0
2025-01-13 06:00,77.22,76.9,77.6,60,1.0
2025-01-13 07:00,76.98,76.6,77.4,59,0.983
2025-01-13 08:00,76.71,76.4,77.2,59,0.983
2025-01-13 09:00,76.71,76.3,77.0,59,0.983
2025-01-13 10:00,76.45,75.9,76.8,59,0.983
2025-01-13 11:00,76.19,75.8,76.5,60,1.0
2025-01-13 12:00,75.96,75.6,76.4,60,1.0
2025-01-13 13:00,75.87,75.6,76.1,60,1.0
2025-01-13 14:00,75.72,75.4,76.1,60,1.0
2025-01-13 15:00,75.5,75.1,75.8,60,1.0
2025-01-13 16:00,75.36,75.1,75.6,60,1.0
2025-01-13 17:00,75.11,74.7,75.4,54,0.9
2025-01-13 18:00,74.88,74.5,75.2,60,1.0
2025-01-13 19:00,74.69,74.4,75.1,60,1.0
2025-01-13 20:00,74.56,74.2,74.9,60,1.0
2025-01-13 21:00,74.41,74.1,74.7,60,1.0
2025-01-13 22:00,74.24,74.0,74.6,60,1.0
2025-01-13 23:00,74.14,73.8,74.5,60,1.0
2025-01-14 00:00,74.04,73.7,74.4,59,0.983
2025-01-14 01:00,73.97,73.7,74.3,60,1.0
2025-01-14 02:00,73.88,73.5,74.1,60,1.0
2025-01-14 03:00,73.71,73.3,73.9,60,1.0
2025-01-14 04:00,73.56,73.2,73.8,60,1.0
2025-01-14 05:00,73.31,73.1,73.8,60,1.0
2025-01-14 06:00,73.23,72.9,73.8,60,1.0
2025-01-14 07:00,73.11,72.9,73.5,60,1.0
2025-01-14 08:00,73.0,72.7,73.4,60,1.0
2025-01-14 09:00,72.85,72.6,73.2,60,1.0
2025-01-14 10:00,72.79,72.5,73.1,59,0.983
2025-01-14 11:00,72.7,72.5,73.1,60,1.0
2025-01-14 12:00,72.53,72.3,72.9,58,0.967
2025-01-14 13:00,72.47,72.2,72.9,60,1.0
2025-01-14 14:00,72.36,72.2,72.7,60,1.0
2025-01-14 15:00,72.29,72.0,72.6,59,0.983
2025-01-14 16:00,72.19,72.0,72.5,60,1.0
2025-01-14 17:00,72.11,71.9,72.6,60,1.0
2025-01-14 18:00,72.04,71.8,72.4,60,1.0
2025-01-14 19:00,71.99,71.7,72.5,60,1.0
2025-01-14 20:00,71.87,71.7,72.2,60,1.0
2025-01-14 21:00,71.81,71.6,72.1,60,1.0
2025-01-14 22:00,71.74,71.5,72.1,60,1.0
2025-01-14 23:00,71.66,71.4,72.1,58,0.967
2025-01-15 00:00,71.58,71.4,71.9,59,0.983
2025-01-15 01:00,71.47,71.3,71.8,60,1.0
2025-01-15 02:00,71.43,71.2,71.8,60,1.0
2025-01-15 03:00,71.41,71.2,71.7,60,1.0
2025-01-15 04:00,71.34,71.1,71.7,60,1.0
2025-01-15 05:00,71.25,71.0,71.6,60,1.0
2025-01-15 06:00,71.32,71.0,71.6,60,1.0
2025-01-15 07:00,71.33,71.1,71.6,59,0.983
2025-01-15 08:00,71.31,71.0,71.5,59,0.983
2025-01-15 09:00,71.18,70.8,71.5,60,1.0
2025-01-15 10:00,71.11,70.7,71.5,60,1.0
2025-01-15 11:00,71.09,70.7,71.3,59,0.983
2025-01-15 12:00,70.86,70.7,71.1,60,1.0
2025-01-15 13:00,70.91,70.6,71.2,60,1.0
2025-01-15 14:00,70.91,70.6,71.2,59,0.983
2025-01-15 15:00,70.89,70.5,71.1,60,1.0
2025-01-15 16:00,70.87,70.7,71.1,60,1.0
2025-01-15 17:00,70.79,70.4,71.0,60,1.0
2025-01-15 18:00,70.72,70.4,71.0,60,1.0
2025-01-15 19:00,70.61,70.3,70.9,60,1.0
2025-01-15 20:00,70.55,70.2,70.9,60,1.0
2025-01-15 21:00,70.46,70.2,70.8,60,1.0
2025-01-15 22:00,70.51,70.2,70.9,60,1.0
2025-01-15 23:00,70.51,70.2,70.8,60,1.0
2025-01-16 00:00,70.43,70.1,70.7,60,1.0
2025-01-16 01:00,70.39,70.1,70.7,59,0.983
2025-01-16 02:00,70.33,70.1,70.6,54,0.9
2025-01-16 03:00,70.28,70.0,70.7,60,1.0
2025-01-16 04:00,70.27,70.0,70.5,60,1.0
2025-01-16 05:00,70.27,70.0,70.6,60,1.0
2025-01-16 06:00,70.26,70.0,70.5,60,1.0
2025-01-16 07:00,70.19,69.9,70.5,60,1.0
2025-01-16 08:00,70.3,70.0,70.5,60,1.0
2025-01-16 09:00,70.28,70.0,70.5,60,1.0
2025-01-16 10:00,70.1,69.9,70.5,60,1.0
2025-01-16 11:00,70.02,69.8,70.4,60,1.0
2025-01-16 12:00,70.0,69.8,70.4,60,1.0
2025-01-16 13:00,69.93,69.7,70.3,60,1.0
2025-01-16 14:00,70.04,69.7,70.3,60,1.0
2025-01-16 15:00,70.01,69.7,70.2,60,1.0
2025-01-16 16:00,69.98,69.7,70.2,48,0.8
2025-01-16 17:00,69.95,69.7,70.1,59,0.983
2025-01-16 18:00,69.91,69.6,70.2,60,1.0
2025-01-16 19:00,69.88,69.6,70.2,60,1.0
2025-01-16 20:00,69.82,69.4,70.0,60,1.0
2025-01-16 21:00,69.79,69.5,70.0,60,1.0
2025-01-16 22:00,69.75,69.4,70.0,60,1.0
2025-01-16 23:00,69.72,69.5,69.9,60,1.0
2025-01-17 00:00,69.7,69.4,69.9,60,1.0
2025-01-17 01:00,69.64,69.3,69.9,60,1.0
2025-01-17 02:00,69.56,69.2,69.8,60,1.0
2025-01-17 03:00,69.52,69.2,69.7,60,1.0
2025-01-17 04:00,69.51,69.2,69.8,60,1.0
2025-01-17 05:00,69.42,69.1,69.7,60,1.0
2025-01-17 06:00,69.45,69.2,69.7,60,1.0
2025-01-17 07:00,69.5,69.1,69.7,59,0.983
2025-01-17 08:00,69.32,69.0,69.6,60,1.0
2025-01-17 09:00,69.26,69.1,69.5,60,1.0
2025-01-17 10:00,69.22,69.0,69.5,60,1.0
2025-01-17 11:00,69.2,69.0,69.5,60,1.0
2025-01-17 12:00,69.24,69.0,69.5,60,1.0
2025-01-17 13:00,69.21,69.0,69.5,60,1.0
2025-01-17 14:00,69.27,69.0,69.6,60,1.0
2025-01-17 15:00,69.21,69.0,69.5,59,0.983
2025-01-17 16:00,69.06,68.9,69.5,60,1.0
2025-01-17 17:00,69.03,68.9,69.4,60,1.0
2025-01-17 18:00,69.01,68.8,69.4,60,1.0
2025-01-17 19:00,69.06,68.8,69.4,60,1.0
2025-01-17 20:00,69.04,68.8,69.3,60,1.0
2025-01-17 21:00,69.0,68.7,69.3,60,1.0
2025-01-17 22:00,68.91,68.7,69.3,60,1.0
2025-01-17 23:00,68.85,68.6,69.2,60,1.0
2025-01-18 00:00,69.07,68.7,69.6,60,1.0
2025-01-18 01:00,69.51,69.2,70.0,60,1.0
2025-01-18 02:00,69.83,69.4,70.1,60,1.0
2025-01-18 03:00,69.96,69.7,70.2,59,0.983
2025-01-18 04:00,69.99,69.5,70.4,60,1.0
2025-01-18 05:00,70.18,69.8,70.5,59,0.983
2025-01-18 06:00,70.33,70.0,70.6,60,1.0
2025-01-18 07:00,70.55,70.1,70.9,60,1.0
2025-01-18 08:00,70.76,70.4,71.1,60,1.0
2025-01-18 09:00,70.86,70.4,71.3,60,1.0
2025-01-18 10:00,70.87,70.5,71.2,60,1.0
2025-01-18 11:00,70.91,70.6,71.4,60,1.0
2025-01-18 12:00,70.96,70.7,71.4,60,1.0
2025-01-18 13:00,70.97,70.7,71.4,60,1.0
2025-01-18 14:00,71.1,70.7,71.4,60,1.0
2025-01-18 15:00,70.98,70.7,71.4,60,1.0
2025-01-18 16:00,70.89,70.7,71.4,60,1.0
2025-01-18 17:00,70.89,70.7,71.4,60,1.0
2025-01-18 18:00,70.89,70.6,71.2,60,1.0
2025-01-18 19:00,70.92,70.7,71.4,60,1.0
2025-01-18 20:00,71.18,70.8,71.6,60,1.0
2025-01-18 21:00,71.26,70.9,71.7,60,1.0
2025-01-18 22:00,71.35,71.0,71.7,60,1.0
2025-01-18 23:00,71.44,71.1,71.8,51,0.85
2025-01-19 00:00,71.72,71.4,72.0,50,0.833
2025-01-19 01:00,71.86,71.4,72.2,60,1.0
2025-01-19 02:00,71.92,71.6,72.2,60,1.0
2025-01-19 03:00,72.01,71.8,72.2,60,1.0
2025-01-19 04:00,72.01,71.8,72.3,59,0.983
2025-01-19 05:00,72.03,71.8,72.3,59,0.983
2025-01-19 06:00,71.98,71.6,72.3,51,0.85
2025-01-19 07:00,72.03,71.6,72.3,47,0.783
2025-01-19 08:00,71.92,71.4,72.2,48,0.8
2025-01-19 09:00,71.79,71.4,72.1,49,0.817
2025-01-19 10:00,71.78,71.4,72.1,60,1.0
2025-01-19 11:00,71.79,71.5,72.1,60,1.0
2025-01-19 12:00,71.71,71.4,72.0,59,0.983
2025-01-19 13:00,71.64,71.3,72.1,46,0.767
2025-01-19 14:00,71.47,71.2,71.8,59,0.983
2025-01-19 15:00,71.45,71.1,71.7,60,1.0
2025-01-19 16:00,71.41,71.1,71.8,45,0.75
2025-01-19 17:00,71.34,71.1,71.7,49,0.817
2025-01-19 18:00,71.19,70.9,71.7,60,1.0
2025-01-19 19:00,71.18,70.9,71.7,52,0.867
2025-01-19 20:00,71.08,70.9,71.5,59,0.983
2025-01-19 21:00,71.14,70.8,71.4,60,1.0
2025-01-19 22:00,71.21,70.8,71.5,60,1.0
2025-01-19 23:00,71.13,70.8,71.5,60,1.0
2025-01-20 00:00,71.12,70.7,71.6,60,1.0
2025-01-20 01:00,71.04,70.7,71.4,60,1.0
2025-01-20 02:00,70.93,70.7,71.3,60,1.0
2025-01-20 03:00,70.94,70.6,71.3,60,1.0
2025-01-20 04:00,70.92,70.6,71.3,60,1.0
2025-01-20 05:00,70.94,70.5,71.2,60,1.0
2025-01-20 06:00,70.94,70.5,71.2,60,1.0
2025-01-20 07:00,70.91,70.5,71.2,59,0.983
2025-01-20 08:00,70.76,70.4,71.1,60,1.0
2025-01-20 09:00,70.75,70.4,71.1,60,1.0
2025-01-20 10:00,70.62,70.3,71.1,60,1.0
2025-01-20 11:00,70.63,70.3,71.0,60,1.0
2025-01-20 12:00,70.65,70.2,71.0,60,1.0
2025-01-20 13:00,70.61,70.2,70.9,60,1.0
2025-01-20 14:00,70.62,70.2,71.1,60,1.0
2025-01-20 15:00,70.67,70.4,71.1,60,1.0
2025-01-20 16:00,70.7,70.4,71.1,60,1.0
2025-01-20 17:00,70.84,70.4,71.1,60,1.0
2025-01-20 18:00,70.85,70.5,71.2,60,1.0
2025-01-20 19:00,70.78,70.5,71.2,60,1.0
2025-01-20 20:00,70.83,70.5,71.1,60,1.0
2025-01-20 21:00,70.76,70.5,71.1,60,1.0
2025-01-20 22:00,70.79,70.5,71.2,60,1.0
2025-01-20 23:00,70.79,70.5,71.2,59,0.983
2025-01-21 00:00,70.97,70.6,71.4,60,1.0
2025-01-21 01:00,71.19,70.8,71.7,60,1.0
2025-01-21 02:00,71.52,71.1,72.0,60,1.0
2025-01-21 03:00,71.7,71.4,72.2,60,1.0
2025-01-21 04:00,71.83,71.5,72.2,60,1.0
2025-01-21 05:00,71.85,71.6,72.4,60,1.0
2025-01-21 06:00,71.91,71.6,72.4,60,1.0
2025-01-21 07:00,71.92,71.6,72.4,60,1.0
2025-01-21 08:00,71.91,71.6,72.3,60,1.0
2025-01-21 09:00,71.96,71.6,72.4,60,1.0
2025-01-21 10:00,72.03,71.6,72.4,60,1.0
2025-01-21 11:00,72.07,71.7,72.4,60,1.0
2025-01-21 12:00,72.09,71.7,72.4,60,1.0
2025-01-21 13:00,72.06,71.7,72.4,60,1.0
2025-01-21 14:00,72.02,71.6,72.3,60,1.0
2025-01-21 15:00,71.95,71.6,72.5,60,1.0
2025-01-21 16:00,72.06,71.7,72.4,60,1.0
2025-01-21 17:00,72.04,71.7,72.5,60,1.0
2025-01-21 18:00,71.97,71.7,72.4,60,1.0
2025-01-21 19:00,71.94,71.6,72.4,60,1.0
2025-01-21 20:00,71.99,71.7,72.3,60,1.0
2025-01-21 21:00,71.91,71.6,72.2,60,1.0
2025-01-21 22:00,71.84,71.6,72.4,60,1.0
2025-01-21 23:00,71.81,71.6,72.2,60,1.0
2025-01-22 00:00,71.93,71.5,72.3,60,1.0
2025-01-22 01:00,71.84,71.5,72.2,60,1.0
2025-01-22 02:00,71.82,71.5,72.3,60,1.0
2025-01-22 03:00,71.77,71.5,72.1,60,1.0
2025-01-22 04:00,71.78,71.4,72.2,60,1.0
2025-01-22 05:00,71.73,71.4,72.1,60,1.0
2025-01-22 06:00,71.71,71.3,72.1,46,0.767
2025-01-22 07:00,71.67,71.4,72.1,53,0.883
2025-01-22 08:00,71.66,71.3,72.1,51,0.85
2025-01-22 09:00,71.56,71.2,71.9,50,0.833
2025-01-22 10:00,71.44,71.2,71.9,59,0.983
2025-01-22 11:00,71.46,71.1,71.9,53,0.883
2025-01-22 12:00,71.38,71.1,71.8,45,0.75
2025-01-22 13:00,71.43,71.1,71.8,60,1.0
2025-01-22 14:00,71.47,71.1,71.8,60,1.0
2025-01-22 15:00,71.44,71.0,71.8,60,1.0
2025-01-22 16:00,71.39,71.0,71.8,60,1.0
2025-01-22 17:00,71.4,71.0,71.8,60,1.0
2025-01-22 18:00,71.31,70.9,71.6,60,1.0
2025-01-22 19:00,71.27,70.9,71.6,60,1.0
2025-01-22 20:00,71.19,70.9,71.6,60,1.0
2025-01-22 21:00,71.09,70.8,71.7,60,1.0
2025-01-22 22:00,71.06,70.8,71.5,60,1.0
2025-01-22 23:00,71.02,70.8,71.4,60,1.0
2025-01-23 00:00,71.09,70.7,71.4,60,1.0
2025-01-23 01:00,71.13,70.7,71.5,60,1.0
2025-01-23 02:00,70.98,70.7,71.4,60,1.0
2025-01-23 03:00,70.97,70.7,71.4,60,1.0
2025-01-23 04:00,70.91,70.7,71.3,60,1.0
2025-01-23 05:00,70.89,70.6,71.2,60,1.0
2025-01-23 06:00,70.79,70.6,71.2,60,1.0
2025-01-23 07:00,70.81,70.5,71.1,60,1.0
2025-01-23 08:00,70.74,70.5,71.1,60,1.0
2025-01-23 09:00,70.86,70.5,71.2,60,1.0
2025-01-23 10:00,70.88,70.5,71.1,60,1.0
2025-01-23 11:00,70.79,70.4,71.1,60,1.0
2025-01-23 12:00,70.76,70.5,71.0,60,1.0
2025-01-23 13:00,70.66,70.3,71.1,60,1.0
2025-01-23 14:00,70.62,70.3,70.9,60,1.0
2025-01-23 15:00,70.52,70.2,71.0,60,1.0
2025-01-23 16:00,70.55,70.2,70.9,60,1.0
2025-01-23 17:00,70.54,70.3,70.9,60,1.0
2025-01-23 18:00,70.54,70.2,70.9,60,1.0
2025-01-23 19:00,70.42,70.2,70.8,60,1.0
2025-01-23 20:00,70.38,70.1,70.9,60,1.0
2025-01-23 21:00,70.36,70.1,70.8,60,1.0
2025-01-23 22:00,70.32,70.0,70.7,60,1.0
2025-01-23 23:00,70.29,70.0,70.8,60,1.0
2025-01-24 00:00,70.26,70.0,70.7,60,1.0
2025-01-24 01:00,70.23,70.0,70.7,60,1.0
2025-01-24 02:00,70.21,70.0,70.6,60,1.0
2025-01-24 03:00,70.15,69.9,70.6,60,1.0
2025-01-24 04:00,70.13,69.9,70.7,60,1.0
2025-01-24 05:00,70.11,69.8,70.5,60,1.0
2025-01-24 06:00,70.14,69.8,70.5,60,1.0
2025-01-24 07:00,70.23,69.8,70.5,60,1.0
2025-01-24 08:00,70.12,69.8,70.5,60,1.0
2025-01-24 09:00,70.02,69.7,70.4,60,1.0
2025-01-24 10:00,69.96,69.7,70.3,60,1.0
2025-01-24 11:00,70.06,69.7,70.4,59,0.983
2025-01-24 12:00,69.98,69.7,70.3,45,0.75
2025-01-24 13:00,69.84,69.6,70.3,57,0.95
2025-01-24 14:00,69.85,69.6,70.3,53,0.883
2025-01-24 15:00,69.84,69.6,70.3,60,1.0
2025-01-24 16:00,69.97,69.6,70.3,59,0.983
2025-01-24 17:00,70.0,69.6,70.3,60,1.0
2025-01-24 18:00,69.98,69.6,70.2,60,1.0
2025-01-24 19:00,69.93,69.6,70.2,53,0.883
2025-01-24 20:00,69.88,69.5,70.1,60,1.0
2025-01-24 21:00,69.84,69.5,70.1,60,1.0
2025-01-24 22:00,69.79,69.4,70.2,60,1.0
2025-01-24 23:00,69.78,69.4,70.1,59,0.983
2025-01-25 00:00,69.64,69.4,70.0,59,0.983
2025-01-25 01:00,69.6,69.4,70.0,60,1.0
2025-01-25 02:00,69.6,69.3,69.9,60,1.0
2025-01-25 03:00,69.55,69.3,70.0,60,1.0
2025-01-25 04:00,69.56,69.3,70.0,60,1.0
2025-01-25 05:00,69.54,69.3,70.0,60,1.0
2025-01-25 06:00,69.51,69.2,70.0,60,1.0
2025-01-25 07:00,69.55,69.2,69.9,60,1.0
2025-01-25 08:00,69.57,69.2,69.9,60,1.0
2025-01-25 09:00,69.53,69.2,69.8,60,1.0
2025-01-25 10:00,69.55,69.1,69.8,60,1.0
2025-01-25 11:00,69.55,69.1,69.8,60,1.0
2025-01-25 12:00,69.53,69.2,69.7,60,1.0
2025-01-25 13:00,69.48,69.1,69.8,60,1.0
2025-01-25 14:00,69.4,69.0,69.7,59,0.983
2025-01-25 15:00,69.34,69.0,69.7,60,1.0
2025-01-25 16:00,69.29,69.0,69.6,60,1.0
2025-01-25 17:00,69.32,69.0,69.6,60,1.0
2025-01-25 18:00,69.28,69.0,69.8,60,1.0
2025-01-25 19:00,69.33,69.0,69.8,60,1.0
2025-01-25 20:00,69.36,69.0,69.6,60,1.0
2025-01-25 21:00,69.32,68.9,69.7,60,1.0
2025-01-25 22:00,69.29,69.0,69.6,60,1.0
2025-01-25 23:00,69.24,68.9,69.6,60,1.0
2025-01-26 00:00,69.24,68.9,69.6,60,1.0
2025-01-26 01:00,69.27,68.9,69.6,60,1.0
2025-01-26 02:00,69.19,68.8,69.4,60,1.0
2025-01-26 03:00,69.18,68.9,69.4,60,1.0
2025-01-26 04:00,69.15,68.7,69.5,60,1.0
2025-01-26 05:00,69.14,68.7,69.4,60,1.0
2025-01-26 06:00,69.14,68.8,69.4,60,1.0
2025-01-26 07:00,69.07,68.6,69.3,60,1.0
2025-01-26 08:00,69.07,68.7,69.3,60,1.0
2025-01-26 09:00,68.88,68.6,69.2,60,1.0
2025-01-26 10:00,68.91,68.6,69.3,60,1.0
2025-01-26 11:00,68.82,68.6,69.1,60,1.0
2025-01-26 12:00,68.95,68.6,69.4,60,1.0
2025-01-26 13:00,68.89,68.6,69.2,60,1.0
2025-01-26 14:00,68.82,68.6,69.2,60,1.0
2025-01-26 15:00,68.81,68.5,69.2,60,1.0
2025-01-26 16:00,68.8,68.5,69.1,60,1.0
2025-01-26 17:00,68.71,68.5,69.2,60,1.0
2025-01-26 18:00,68.72,68.4,69.1,60,1.0
2025-01-26 19:00,68.77,68.4,69.1,60,1.0
2025-01-26 20:00,68.66,68.4,69.1,60,1.0
2025-01-26 21:00,68.64,68.4,69.0,60,1.0
2025-01-26 22:00,68.71,68.4,69.0,60,1.0
2025-01-26 23:00,68.63,68.3,69.0,59,0.983
2025-01-27 00:00,68.6,68.4,69.0,53,0.883
2025-01-27 01:00,68.68,68.3,69.0,45,0.75
2025-01-27 02:00,68.71,68.3,69.1,58,0.967
2025-01-27 03:00,68.71,68.3,68.9,60,1.0
2025-01-27 04:00,68.69,68.3,68.9,59,0.983
2025-01-27 05:00,68.66,68.3,68.9,60,1.0
2025-01-27 06:00,68.64,68.2,68.9,58,0.967
2025-01-27 07:00,68.6,68.3,68.9,60,1.0
2025-01-27 08:00,68.47,68.2,68.8,60,1.0
2025-01-27 09:00,68.56,68.2,68.8,60,1.0
2025-01-27 10:00,68.47,68.2,68.7,60,1.0
2025-01-27 11:00,68.52,68.2,68.8,60,1.0
2025-01-27 12:00,68.52,68.2,68.8,60,1.0
2025-01-27 13:00,68.42,68.1,68.7,60,1.0
2025-01-27 14:00,68.39,68.0,68.8,60,1.0
2025-01-27 15:00,68.39,68.1,68.7,60,1.0
2025-01-27 16:00,68.28,68.0,68.7,60,1.0
2025-01-27 17:00,68.19,68.0,68.8,60,1.0
2025-01-27 18:00,68.18,67.9,68.7,60,1.0
2025-01-27 19:00,68.18,67.9,68.6,60,1.0
2025-01-27 20:00,68.26,67.9,68.7,60,1.0
2025-01-27 21:00,68.24,67.9,68.5,60,1.0
2025-01-27 22:00,68.27,68.0,68.5,60,1.0
2025-01-27 23:00,68.25,67.9,68.5,59,0.983
2025-01-28 00:00,68.27,67.9,68.6,59,0.983
2025-01-28 01:00,68.24,67.9,68.5,60,1.0
2025-01-28 02:00,68.22,67.8,68.5,60,1.0
2025-01-28 03:00,68.22,67.8,68.4,60,1.0
2025-01-28 04:00,68.17,67.8,68.4,60,1.0
2025-01-28 05:00,68.13,67.8,68.4,60,1.0
2025-01-28 06:00,68.11,67.7,68.3,59,0.983
2025-01-28 07:00,68.11,67.8,68.4,60,1.0
2025-01-28 08:00,67.99,67.7,68.3,60,1.0
2025-01-28 09:00,68.07,67.7,68.4,60,1.0
2025-01-28 10:00,68.1,67.9,68.4,60,1.0
2025-01-28 11:00,68.06,67.8,68.5,60,1.0
2025-01-28 12:00,68.06,67.8,68.5,60,1.0
2025-01-28 13:00,67.71,67.1,68.5,60,1.0
2025-01-28 14:00,69.69,67.3,75.7,60,1.0
2025-01-28 15:00,78.15,75.8,79.3,60,1.0
2025-01-28 16:00,79.13,78.7,79.7,60,1.0
2025-01-28 17:00,79.12,78.8,79.5,60,1.0
2025-01-28 18:00,79.11,78.6,79.5,60,1.0
2025-01-28 19:00,78.89,78.5,79.3,60,1.0
2025-01-28 20:00,78.76,78.2,79.1,60,1.0
2025-01-28 21:00,78.51,78.1,79.0,60,1.0
2025-01-28 22:00,78.38,77.9,78.8,60,1.0
2025-01-28 23:00,78.07,77.6,78.5,60,1.0
2025-01-29 00:00,77.88,77.5,78.4,60,1.0
2025-01-29 01:00,77.68,77.3,78.1,60,1.0
2025-01-29 02:00,77.63,77.1,78.1,60,1.0
2025-01-29 03:00,77.49,77.0,77.9,60,1.0
2025-01-29 04:00,77.28,76.9,77.7,60,1.0
2025-01-29 05:00,77.13,76.7,77.6,60,1.0
2025-01-29 06:00,76.93,76.5,77.3,60,1.0
2025-01-29 07:00,76.76,76.3,77.2,60,1.0
2025-01-29 08:00,76.48,76.0,77.0,60,1.0
2025-01-29 09:00,76.15,75.8,76.6,60,1.0
2025-01-29 10:00,75.87,75.3,76.3,58,0.967
2025-01-29 11:00,74.97,74.6,75.6,56,0.933
2025-01-29 12:00,76.04,74.9,77.1,54,0.9
2025-01-29 13:00,77.22,76.6,78.0,56,0.933
2025-01-29 14:00,78.37,77.6,79.0,60,1.0
2025-01-29 15:00,79.1,78.8,79.5,60,1.0
2025-01-29 16:00,79.4,78.9,79.9,60,1.0
2025-01-29 17:00,79.51,79.1,80.0,60,1.0
2025-01-29 18:00,79.46,79.1,79.9,60,1.0
2025-01-29 19:00,79.44,78.9,79.9,60,1.0
2025-01-29 20:00,79.21,78.7,79.6,60,1.0
2025-01-29 21:00,79.09,78.6,79.5,59,0.983
2025-01-29 22:00,78.87,78.4,79.3,60,1.0
2025-01-29 23:00,78.73,78.3,79.1,60,1.0
2025-01-30 00:00,78.53,78.0,78.9,60,1.0
2025-01-30 01:00,78.35,77.9,78.7,60,1.0
2025-01-30 02:00,78.12,77.7,78.5,60,1.0
2025-01-30 03:00,77.91,77.4,78.3,60,1.0
2025-01-30 04:00,77.77,77.4,78.2,60,1.0
2025-01-30 05:00,77.59,77.1,78.0,60,1.0
2025-01-30 06:00,77.46,77.0,77.8,60,1.0
2025-01-30 07:00,77.28,76.8,77.7,60,1.0
2025-01-30 08:00,77.03,76.6,77.5,60,1.0
2025-01-30 09:00,76.81,76.4,77.3,60,1.0
2025-01-30 10:00,76.74,76.3,77.1,60,1.0
2025-01-30 11:00,76.53,76.1,77.0,60,1.0
2025-01-30 12:00,76.43,76.1,76.7,59,0.983
2025-01-30 13:00,76.39,76.0,76.8,59,0.983
2025-01-30 14:00,76.2,75.7,76.6,60,1.0
2025-01-30 15:00,76.02,75.7,76.5,60,1.0
2025-01-30 16:00,75.94,75.6,76.4,60,1.0
2025-01-30 17:00,75.82,75.5,76.2,60,1.0
2025-01-30 18:00,75.67,75.3,76.2,60,1.0
2025-01-30 19:00,75.61,75.2,75.9,60,1.0
2025-01-30 20:00,75.58,75.2,76.0,60,1.0
2025-01-30 21:00,75.43,75.0,75.9,60,1.0
2025-01-30 22:00,75.31,74.9,75.7,60,1.0
2025-01-30 23:00,75.16,74.8,75.6,60,1.0
2025-01-31 00:00,75.19,74.7,75.6,60,1.0
2025-01-31 01:00,75.04,74.7,75.5,60,1.0
2025-01-31 02:00,74.97,74.5,75.3,60,1.0
2025-01-31 03:00,74.82,74.5,75.3,60,1.0
2025-01-31 04:00,74.78,74.4,75.2,60,1.0
2025-01-31 05:00,74.65,74.3,75.1,60,1.0
2025-01-31 06:00,74.55,74.2,75.1,60,1.0
2025-01-31 07:00,74.51,74.1,74.8,60,1.0
2025-01-31 08:00,74.36,74.0,75.1,60,1.0
2025-01-31 09:00,74.32,73.8,74.6,60,1.0
2025-01-31 10:00,74.29,73.9,74.8,60,1.0
2025-01-31 11:00,74.17,73.7,74.5,60,1.0
2025-01-31 12:00,73.97,73.6,74.4,60,1.0
2025-01-31 13:00,74.0,73.7,74.3,56,0.933
2025-01-31 14:00,73.91,73.6,74.2,44,0.733
2025-01-31 15:00,73.93,73.7,74.2,51,0.85
2025-01-31 16:00,73.85,73.5,74.1,53,0.883
2025-01-31 17:00,73.8,73.5,74.1,57,0.95
2025-01-31 18:00,73.66,73.3,74.0,60,1.0
2025-01-31 19:00,73.56,73.2,74.0,50,0.833
2025-01-31 20:00,73.53,73.1,73.9,47,0.783
2025-01-31 21:00,73.39,73.1,73.8,60,1.0
2025-01-31 22:00,73.34,73.0,73.8,60,1.0
2025-01-31 23:00,73.24,72.9,73.7,60,1.0
2025-02-01 00:00,73.22,72.9,73.7,60,1.0
2025-02-01 01:00,73.17,72.8,73.6,60,1.0
2025-02-01 02:00,73.17,72.8,73.6,60,1.0
2025-02-01 03:00,73.08,72.7,73.5,60,1.0
2025-02-01 04:00,73.05,72.7,73.4,60,1.0
2025-02-01 05:00,72.93,72.6,73.3,60,1.0
2025-02-01 06:00,72.88,72.5,73.3,60,1.0
2025-02-01 07:00,72.82,72.5,73.2,60,1.0
2025-02-01 08:00,72.83,72.4,73.2,60,1.0
2025-02-01 09:00,72.59,72.3,73.0,60,1.0
2025-02-01 10:00,72.54,72.2,72.9,60,1.0
2025-02-01 11:00,72.51,72.2,73.0,60,1.0
2025-02-01 12:00,72.41,72.1,72.8,60,1.0
2025-02-01 13:00,72.37,72.1,72.8,60,1.0
2025-02-01 14:00,72.39,72.1,72.8,60,1.0
2025-02-01 15:00,72.4,72.0,72.8,60,1.0
2025-02-01 16:00,72.42,72.0,72.7,60,1.0
2025-02-01 17:00,72.4,72.0,72.8,60,1.0
2025-02-01 18:00,72.39,72.0,72.7,60,1.0
2025-02-01 19:00,72.25,71.8,72.6,60,1.0
2025-02-01 20:00,72.24,71.8,72.5,60,1.0
2025-02-01 21:00,72.18,71.8,72.5,60,1.0
2025-02-01 22:00,72.14,71.8,72.5,60,1.0
2025-02-01 23:00,72.08,71.7,72.4,60,1.0
2025-02-02 00:00,71.99,71.7,72.4,60,1.0
2025-02-02 01:00,72.03,71.6,72.4,60,1.0
2025-02-02 02:00,71.87,71.6,72.3,60,1.0
2025-02-02 03:00,71.79,71.5,72.2,60,1.0
2025-02-02 04:00,71.81,71.4,72.3,60,1.0
2025-02-02 05:00,71.83,71.5,72.2,60,1.0
2025-02-02 06:00,71.76,71.4,72.1,60,1.0
2025-02-02 07:00,71.75,71.4,72.1,60,1.0
2025-02-02 08:00,71.72,71.2,72.0,60,1.0
2025-02-02 09:00,71.52,71.2,72.0,58,0.967
2025-02-02 10:00,71.41,71.1,71.7,55,0.917
2025-02-02 11:00,71.4,71.1,71.7,60,1.0
2025-02-02 12:00,71.44,71.1,71.8,59,0.983
2025-02-02 13:00,71.54,71.1,71.9,46,0.767
2025-02-02 14:00,71.48,71.1,71.8,52,0.867
2025-02-02 15:00,71.45,71.2,71.7,55,0.917
2025-02-02 16:00,71.41,71.0,71.7,60,1.0
2025-02-02 17:00,71.45,71.1,71.8,60,1.0
2025-02-02 18:00,71.38,71.0,71.6,60,1.0
2025-02-02 19:00,71.35,71.0,71.6,60,1.0
2025-02-02 20:00,71.26,70.9,71.8,60,1.0
2025-02-02 21:00,71.29,70.8,71.7,60,1.0
2025-02-02 22:00,71.26,70.8,71.5,60,1.0
2025-02-02 23:00,71.18,70.7,71.4,60,1.0
2025-02-03 00:00,71.01,70.7,71.4,60,1.0
2025-02-03 01:00,70.97,70.7,71.4,60,1.0
2025-02-03 02:00,70.94,70.6,71.4,60,1.0
2025-02-03 03:00,70.97,70.7,71.3,60,1.0
2025-02-03 04:00,70.89,70.5,71.2,60,1.0
2025-02-03 05:00,70.87,70.5,71.2,60,1.0
2025-02-03 06:00,70.93,70.5,71.2,60,1.0
2025-02-03 07:00,70.92,70.7,71.2,60,1.0
2025-02-03 08:00,70.82,70.4,71.2,60,1.0
2025-02-03 09:00,70.64,70.3,71.0,60,1.0
2025-02-03 10:00,70.52,70.3,70.9,60,1.0
2025-02-03 11:00,70.61,70.3,71.0,60,1.0
2025-02-03 12:00,70.53,70.2,70.8,60,1.0
2025-02-03 13:00,70.46,70.2,70.9,60,1.0
2025-02-03 14:00,70.38,70.1,70.9,60,1.0
2025-02-03 15:00,70.33,70.0,70.6,60,1.0
2025-02-03 16:00,70.44,70.1,70.8,59,0.983
2025-02-03 17:00,70.55,70.1,70.9,60,1.0
2025-02-03 18:00,70.66,70.3,70.9,59,0.983
2025-02-03 19:00,70.64,70.2,70.9,60,1.0
2025-02-03 20:00,70.64,70.3,70.9,60,1.0
2025-02-03 21:00,70.58,70.2,70.9,60,1.0
2025-02-03 22:00,70.53,70.1,70.8,60,1.0
2025-02-03 23:00,70.46,70.1,70.8,44,0.733
2025-02-04 00:00,70.51,70.3,70.8,29,0.483
2025-02-04 01:00,70.5,70.2,70.7,60,1.0
2025-02-04 02:00,70.48,70.1,70.8,60,1.0
2025-02-04 03:00,70.47,70.1,70.7,60,1.0
2025-02-04 04:00,70.38,70.0,70.7,60,1.0
2025-02-04 05:00,70.39,70.0,70.7,60,1.0
2025-02-04 06:00,70.41,70.1,70.7,60,1.0
2025-02-04 07:00,70.33,69.9,70.6,46,0.767
2025-02-04 08:00,70.32,70.0,70.5,35,0.583
2025-02-04 09:00,70.28,69.9,70.5,60,1.0
2025-02-04 10:00,70.24,69.8,70.5,60,1.0
2025-02-04 11:00,70.16,69.7,70.5,56,0.933
2025-02-04 12:00,70.18,69.8,70.5,50,0.833
2025-02-04 13:00,70.05,69.7,70.3,50,0.833
2025-02-04 14:00,70.1,69.7,70.4,60,1.0
2025-02-04 15:00,70.05,69.7,70.3,60,1.0
2025-02-04 16:00,70.09,69.8,70.3,60,1.0
2025-02-04 17:00,69.99,69.6,70.3,60,1.0
2025-02-04 18:00,69.92,69.6,70.3,60,1.0
2025-02-04 19:00,69.95,69.6,70.3,60,1.0
2025-02-04 20:00,69.88,69.5,70.2,60,1.0
2025-02-04 21:00,69.83,69.5,70.1,59,0.983
2025-02-04 22:00,69.79,69.5,70.1,60,1.0
2025-02-04 23:00,69.79,69.4,70.1,60,1.0
2025-02-05 00:00,69.81,69.6,69.9,14,0.233
2025-02-06 16:00,68.14,68.0,68.4,19,0.317
2025-02-06 17:00,68.14,67.9,68.5,60,1.0
2025-02-06 18:00,68.11,67.9,68.5,60,1.0
2025-02-06 19:00,68.07,67.8,68.4,60,1.0
2025-02-06 20:00,68.1,67.8,68.4,60,1.0
2025-02-06 21:00,68.04,67.8,68.5,52,0.867
2025-02-07 08:00,68.04,67.7,68.3,56,0.933
2025-02-07 09:00,68.03,67.6,68.3,60,1.0
2025-02-07 10:00,67.87,67.6,68.2,60,1.0
2025-02-07 11:00,67.81,67.6,68.2,60,1.0
2025-02-07 12:00,67.8,67.5,68.2,60,1.0
2025-02-07 13:00,67.8,67.5,68.1,60,1.0
2025-02-07 14:00,67.89,67.6,68.1,60,1.0
2025-02-07 15:00,67.86,67.5,68.1,60,1.0
2025-02-07 16:00,67.78,67.4,68.0,60,1.0
2025-02-07 17:00,67.78,67.4,68.1,60,1.0
2025-02-07 18:00,67.76,67.4,68.0,60,1.0
2025-02-07 19:00,67.66,67.4,68.0,60,1.0
2025-02-07 20:00,67.6,67.3,67.9,60,1.0
2025-02-07 21:00,67.54,67.3,67.9,57,0.95
2025-02-07 22:00,67.55,67.3,67.9,60,1.0
2025-02-07 23:00,67.55,67.3,68.0,60,1.0
2025-02-08 00:00,67.56,67.3,67.9,60,1.0
2025-02-08 01:00,67.58,67.3,67.9,59,0.983
2025-02-08 02:00,67.53,67.2,67.8,59,0.983
2025-02-08 03:00,67.52,67.2,67.9,58,0.967
2025-02-08 04:00,67.46,67.2,67.9,60,1.0
2025-02-08 05:00,67.52,67.2,67.8,58,0.967
2025-02-08 06:00,67.43,67.2,67.7,60,1.0
2025-02-08 07:00,67.41,67.2,67.7,60,1.0
2025-02-08 08:00,67.51,67.2,67.9,60,1.0
2025-02-08 09:00,67.64,67.4,68.0,60,1.0
2025-02-08 10:00,67.89,67.5,68.1,60,1.0
2025-02-08 11:00,67.97,67.6,68.3,59,0.983
2025-02-08 12:00,67.99,67.6,68.3,59,0.983
2025-02-08 13:00,67.91,67.6,68.3,60,1.0
2025-02-08 14:00,68.0,67.7,68.3,60,1.0
2025-02-08 15:00,68.13,67.9,68.4,57,0.95
2025-02-08 16:00,68.2,67.8,68.5,48,0.8
2025-02-08 17:00,68.27,67.9,68.5,59,0.983
2025-02-08 18:00,68.32,68.0,68.6,60,1.0
2025-02-08 19:00,68.35,68.0,68.7,60,1.0
2025-02-08 20:00,68.35,68.0,68.7,60,1.0
2025-02-08 21:00,68.34,68.0,68.6,60,1.0
2025-02-08 22:00,68.28,68.0,68.7,60,1.0
2025-02-08 23:00,68.36,68.1,68.8,60,1.0
2025-02-09 00:00,68.3,68.1,68.6,60,1.0
2025-02-09 01:00,68.29,68.1,68.6,60,1.0
2025-02-09 02:00,68.33,68.0,68.7,60,1.0
2025-02-09 03:00,68.31,68.1,68.7,60,1.0
2025-02-09 04:00,68.33,68.0,68.6,60,1.0
2025-02-09 05:00,68.35,68.1,68.8,60,1.0
2025-02-09 06:00,68.43,68.1,68.7,60,1.0
2025-02-09 07:00,68.39,68.0,68.7,60,1.0
2025-02-09 08:00,68.38,68.0,68.7,60,1.0
2025-02-09 09:00,68.39,68.1,68.7,60,1.0
2025-02-09 10:00,68.45,68.1,68.8,60,1.0
2025-02-09 11:00,68.45,68.1,68.7,60,1.0
2025-02-09 12:00,68.42,68.2,68.7,60,1.0
2025-02-09 13:00,68.42,68.2,68.7,60,1.0
2025-02-09 14:00,68.35,68.0,68.7,60,1.0
2025-02-09 15:00,68.28,67.9,68.7,60,1.0
2025-02-09 16:00,68.24,68.0,68.5,60,1.0
2025-02-09 17:00,68.3,68.0,68.6,60,1.0
2025-02-09 18:00,68.29,67.9,68.6,60,1.0
2025-02-09 19:00,68.26,67.9,68.6,60,1.0
2025-02-09 20:00,68.22,67.9,68.6,59,0.983
2025-02-09 21:00,68.21,67.9,68.5,57,0.95
2025-02-09 22:00,68.25,67.9,68.5,59,0.983
2025-02-09 23:00,68.17,67.8,68.5,60,1.0
2025-02-10 00:00,68.1,67.8,68.5,60,1.0
2025-02-10 01:00,68.14,67.9,68.4,60,1.0
2025-02-10 02:00,68.17,67.8,68.5,60,1.0
2025-02-10 03:00,68.2,67.9,68.5,59,0.983
2025-02-10 04:00,68.15,67.8,68.5,60,1.0
2025-02-10 05:00,68.13,67.8,68.6,60,1.0
2025-02-10 06:00,68.06,67.8,68.4,60,1.0
2025-02-10 07:00,68.05,67.7,68.3,58,0.967
2025-02-10 08:00,68.1,67.7,68.3,60,1.0
2025-02-10 09:00,68.08,67.7,68.4,60,1.0
2025-02-10 10:00,68.03,67.7,68.3,60,1.0
2025-02-10 11:00,68.03,67.7,68.4,54,0.9
2025-02-10 12:00,68.0,67.6,68.2,49,0.817
2025-02-10 13:00,67.98,67.6,68.3,60,1.0
2025-02-10 14:00,67.97,67.6,68.2,60,1.0
2025-02-10 15:00,67.92,67.5,68.3,60,1.0
2025-02-10 16:00,67.93,67.6,68.2,60,1.0
2025-02-10 17:00,67.94,67.5,68.2,60,1.0
2025-02-10 18:00,67.88,67.5,68.1,60,1.0
2025-02-10 19:00,67.85,67.5,68.2,60,1.0
2025-02-10 20:00,67.85,67.5,68.1,59,0.983
2025-02-10 21:00,67.82,67.5,68.1,60,1.0
2025-02-10 22:00,67.76,67.4,68.0,60,1.0
2025-02-10 23:00,67.76,67.4,68.0,59,0.983
2025-02-11 00:00,67.79,67.4,68.1,60,1.0
2025-02-11 01:00,67.72,67.4,68.0,60,1.0
2025-02-11 02:00,67.73,67.4,68.0,60,1.0
2025-02-11 03:00,67.7,67.4,68.0,60,1.0
2025-02-11 04:00,67.7,67.4,68.0,59,0.983
2025-02-11 05:00,67.65,67.3,67.9,59,0.983
2025-02-11 06:00,67.64,67.3,68.1,60,1.0
2025-02-11 07:00,67.64,67.3,67.9,60,1.0
2025-02-11 08:00,67.72,67.3,68.0,60,1.0
2025-02-11 09:00,67.54,67.3,67.9,59,0.983
2025-02-11 10:00,67.54,67.3,67.9,60,1.0
2025-02-11 11:00,67.6,67.3,67.9,60,1.0
2025-02-11 12:00,67.58,67.3,67.9,60,1.0
2025-02-11 13:00,67.49,67.2,67.9,60,1.0
2025-02-11 14:00,67.44,67.2,67.7,60,1.0
2025-02-11 15:00,67.46,67.1,67.7,59,0.983
2025-02-11 16:00,67.43,67.2,67.8,60,1.0
2025-02-11 17:00,67.52,67.1,67.8,60,1.0
2025-02-11 18:00,67.46,67.1,67.7,60,1.0
2025-02-11 19:00,67.46,67.1,67.8,60,1.0
2025-02-11 20:00,67.48,67.1,67.7,60,1.0
2025-02-11 21:00,67.46,67.3,67.7,60,1.0
2025-02-11 22:00,67.44,67.1,67.7,60,1.0
2025-02-11 23:00,67.41,67.2,67.7,60,1.0
2025-02-12 00:00,67.34,67.0,67.6,60,1.0
2025-02-12 01:00,67.35,67.1,67.6,59,0.983
2025-02-12 02:00,67.31,67.0,67.6,47,0.783
2025-02-12 03:00,67.28,66.9,67.6,55,0.917
2025-02-12 04:00,67.24,66.9,67.6,60,1.0
2025-02-12 05:00,67.31,67.0,67.5,60,1.0
2025-02-12 06:00,67.33,67.0,67.7,60,1.0
2025-02-12 07:00,67.31,66.9,67.5,60,1.0
2025-02-12 08:00,67.24,66.9,67.7,60,1.0
2025-02-12 09:00,67.18,66.9,67.5,60,1.0
2025-02-12 10:00,67.26,66.9,67.4,60,1.0
2025-02-12 11:00,67.19,66.9,67.5,60,1.0
2025-02-12 12:00,67.17,66.8,67.5,60,1.0
2025-02-12 13:00,67.12,66.8,67.4,60,1.0
2025-02-12 14:00,67.03,66.7,67.3,60,1.0
2025-02-12 15:00,66.99,66.7,67.4,60,1.0
2025-02-12 16:00,67.02,66.7,67.4,60,1.0
2025-02-12 17:00,66.91,66.7,67.3,60,1.0
2025-02-12 18:00,66.96,66.7,67.3,60,1.0
2025-02-12 19:00,67.02,66.7,67.3,60,1.0
2025-02-12 20:00,67.01,66.7,67.3,60,1.0
2025-02-12 21:00,66.96,66.7,67.4,60,1.0
2025-02-12 22:00,67.03,66.7,67.3,60,1.0
2025-02-12 23:00,67.03,66.7,67.2,60,1.0
2025-02-13 00:00,66.99,66.6,67.3,60,1.0
2025-02-13 01:00,67.0,66.7,67.3,60,1.0
2025-02-13 02:00,66.96,66.7,67.2,60,1.0
2025-02-13 03:00,66.98,66.6,67.2,60,1.0
2025-02-13 04:00,66.97,66.6,67.3,59,0.983
2025-02-13 05:00,67.0,66.6,67.2,60,1.0
2025-02-13 06:00,66.97,66.6,67.2,60,1.0
2025-02-13 07:00,66.96,66.7,67.2,60,1.0
2025-02-13 08:00,66.95,66.6,67.2,60,1.0
2025-02-13 09:00,66.82,66.5,67.3,60,1.0
2025-02-13 10:00,66.87,66.6,67.2,60,1.0
2025-02-13 11:00,66.83,66.5,67.1,60,1.0
2025-02-13 12:00,66.74,66.5,67.1,60,1.0
2025-02-13 13:00,66.68,66.5,67.0,60,1.0
2025-02-13 14:00,66.66,66.4,66.9,60,1.0
2025-02-13 15:00,66.76,66.5,67.0,60,1.0
2025-02-13 16:00,66.67,66.4,67.0,60,1.0
2025-02-13 17:00,66.69,66.4,67.0,60,1.0
2025-02-13 18:00,66.65,66.4,67.0,60,1.0
2025-02-13 19:00,66.67,66.4,67.0,60,1.0
2025-02-13 20:00,66.68,66.4,67.1,60,1.0
2025-02-13 21:00,66.69,66.4,67.1,59,0.983
2025-02-13 22:00,66.68,66.3,67.0,46,0.767
2025-02-13 23:00,66.72,66.4,67.0,53,0.883
2025-02-14 00:00,66.69,66.4,67.0,60,1.0
2025-02-14 01:00,66.64,66.3,66.9,60,1.0
2025-02-14 02:00,66.65,66.3,67.0,60,1.0
2025-02-14 03:00,66.66,66.3,67.0,60,1.0
2025-02-14 04:00,66.66,66.3,67.0,60,1.0
2025-02-14 05:00,66.68,66.3,66.9,60,1.0
2025-02-14 06:00,66.63,66.3,66.9,60,1.0
2025-02-14 07:00,66.51,66.2,66.9,60,1.0
2025-02-14 08:00,66.53,66.2,66.8,60,1.0
2025-02-14 09:00,66.64,66.3,66.9,60,1.0
2025-02-14 10:00,66.59,66.2,66.9,60,1.0
2025-02-14 11:00,66.65,66.3,66.9,60,1.0
2025-02-14 12:00,66.64,66.2,66.9,60,1.0
2025-02-14 13:00,66.56,66.3,66.8,60,1.0
2025-02-14 14:00,66.51,66.1,66.8,60,1.0
2025-02-14 15:00,66.48,66.2,66.7,60,1.0
2025-02-14 16:00,66.43,66.2,66.7,60,1.0
2025-02-14 17:00,66.34,66.1,66.7,60,1.0
2025-02-14 18:00,66.37,66.0,66.6,60,1.0
2025-02-14 19:00,66.31,66.1,66.6,60,1.0
2025-02-14 20:00,66.32,66.0,66.7,60,1.0
2025-02-14 21:00,66.39,66.1,66.7,60,1.0
2025-02-14 22:00,66.38,66.1,66.7,60,1.0
2025-02-14 23:00,66.37,66.0,66.7,60,1.0
2025-02-15 00:00,66.3,66.1,66.5,60,1.0
2025-02-15 01:00,66.36,66.1,66.8,60,1.0
2025-02-15 02:00,66.39,66.1,66.8,60,1.0
2025-02-15 03:00,66.4,66.1,66.7,60,1.0
2025-02-15 04:00,66.33,66.1,66.7,58,0.967
2025-02-15 05:00,66.26,65.8,66.8,60,1.0
2025-02-15 06:00,66.51,66.2,67.0,59,0.983
2025-02-15 07:00,66.65,66.3,67.0,60,1.0
2025-02-15 08:00,66.83,66.5,67.3,38,0.633
2025-02-15 10:00,67.06,66.5,67.5,53,0.883
2025-02-15 11:00,67.78,67.2,68.3,60,1.0
2025-02-15 12:00,71.67,68.4,76.1,60,1.0
2025-02-15 13:00,77.83,76.3,79.7,60,1.0
2025-02-15 14:00,80.25,79.5,80.8,59,0.983
2025-02-15 15:00,80.53,80.2,81.1,60,1.0
2025-02-15 16:00,80.43,80.1,80.8,60,1.0
2025-02-15 17:00,80.29,79.9,80.7,60,1.0
2025-02-15 18:00,80.09,79.7,80.6,60,1.0
2025-02-15 19:00,79.83,79.5,80.4,60,1.0
2025-02-15 20:00,79.5,79.1,80.1,60,1.0
2025-02-15 21:00,78.94,78.5,79.3,60,1.0
2025-02-15 22:00,78.76,78.4,79.3,60,1.0
2025-02-15 23:00,78.63,78.3,79.1,60,1.0
2025-02-16 00:00,78.48,78.2,78.9,60,1.0
2025-02-16 01:00,78.36,78.0,78.9,60,1.0
2025-02-16 02:00,78.16,77.7,78.6,60,1.0
2025-02-16 03:00,77.9,77.6,78.3,60,1.0
2025-02-16 04:00,77.81,77.4,78.2,60,1.0
2025-02-16 05:00,77.52,77.3,78.1,60,1.0
2025-02-16 06:00,77.44,77.1,77.9,60,1.0
2025-02-16 07:00,77.29,77.0,77.7,60,1.0
2025-02-16 08:00,77.1,76.7,77.5,60,1.0
2025-02-16 09:00,77.07,76.8,77.4,60,1.0
2025-02-16 10:00,76.87,76.5,77.3,59,0.983
2025-02-16 11:00,76.74,76.4,77.1,60,1.0
2025-02-16 12:00,76.52,76.0,76.9,60,1.0
2025-02-16 13:00,76.3,76.0,76.7,60,1.0
2025-02-16 14:00,76.23,75.7,76.6,60,1.0
2025-02-16 15:00,76.12,75.6,76.5,60,1.0
2025-02-16 16:00,75.87,75.5,76.4,60,1.0
2025-02-16 17:00,75.79,75.4,76.2,60,1.0
2025-02-16 18:00,75.69,75.3,76.0,57,0.95
2025-02-16 19:00,75.49,75.1,76.0,49,0.817
2025-02-16 20:00,75.32,75.0,75.8,55,0.917
2025-02-16 21:00,75.2,74.9,75.6,57,0.95
2025-02-16 22:00,75.05,74.7,75.6,60,1.0
2025-02-16 23:00,75.02,74.6,75.4,60,1.0
2025-02-17 00:00,74.84,74.5,75.3,60,1.0
2025-02-17 01:00,74.67,74.4,75.2,60,1.0
2025-02-17 02:00,74.65,74.3,75.2,60,1.0
2025-02-17 03:00,74.52,74.2,75.0,60,1.0
2025-02-17 04:00,74.41,74.1,74.9,60,1.0
2025-02-17 05:00,74.29,74.0,74.9,59,0.983
2025-02-17 06:00,74.24,74.0,74.8,60,1.0
2025-02-17 07:00,74.1,73.8,74.6,60,1.0
2025-02-17 08:00,74.06,73.8,74.4,60,1.0
2025-02-17 09:00,73.92,73.6,74.3,60,1.0
2025-02-17 10:00,73.81,73.5,74.2,60,1.0
2025-02-17 11:00,73.67,73.4,74.1,60,1.0
2025-02-17 12:00,73.72,73.4,74.1,60,1.0
2025-02-17 13:00,73.66,73.3,74.0,60,1.0
2025-02-17 14:00,73.65,73.1,74.0,60,1.0
2025-02-17 15:00,73.54,73.1,73.9,60,1.0
2025-02-17 16:00,73.47,73.2,73.8,60,1.0
2025-02-17 17:00,73.41,73.0,73.7,60,1.0
2025-02-17 18:00,73.4,73.0,73.7,60,1.0
2025-02-17 19:00,73.27,72.9,73.7,60,1.0
2025-02-17 20:00,73.22,72.8,73.5,60,1.0
2025-02-17 21:00,73.08,72.7,73.5,60,1.0
2025-02-17 22:00,73.03,72.7,73.5,60,1.0
2025-02-17 23:00,73.03,72.6,73.4,60,1.0
2025-02-18 00:00,72.86,72.5,73.2,60,1.0
2025-02-18 01:00,72.76,72.5,73.2,60,1.0
2025-02-18 02:00,72.74,72.4,73.2,60,1.0
2025-02-18 03:00,72.64,72.4,73.0,60,1.0
2025-02-18 04:00,72.57,72.3,73.0,60,1.0
2025-02-18 05:00,72.58,72.2,73.0,60,1.0
2025-02-18 06:00,72.53,72.2,72.8,60,1.0
2025-02-18 07:00,72.41,72.1,72.8,60,1.0
2025-02-18 08:00,72.37,72.1,72.7,60,1.0
2025-02-18 09:00,72.33,71.9,72.7,60,1.0
2025-02-18 10:00,72.36,71.9,72.6,60,1.0
2025-02-18 11:00,72.15,71.8,72.5,60,1.0
2025-02-18 12:00,72.03,71.7,72.4,60,1.0
2025-02-18 13:00,72.02,71.7,72.4,60,1.0
2025-02-18 14:00,72.01,71.6,72.4,60,1.0
2025-02-18 15:00,71.97,71.6,72.3,60,1.0
2025-02-18 16:00,72.0,71.6,72.2,60,1.0
2025-02-18 17:00,71.93,71.5,72.3,60,1.0
2025-02-18 18:00,71.89,71.5,72.1,60,1.0
2025-02-18 19:00,71.83,71.4,72.1,60,1.0
2025-02-18 20:00,71.8,71.4,72.1,60,1.0
2025-02-18 21:00,71.74,71.4,72.0,49,0.817
2025-02-18 22:00,71.65,71.3,71.9,49,0.817
2025-02-18 23:00,71.57,71.2,71.9,56,0.933
2025-02-19 00:00,71.55,71.2,71.9,60,1.0
2025-02-19 01:00,71.54,71.1,71.8,60,1.0
2025-02-19 02:00,71.44,71.0,71.8,60,1.0
2025-02-19 03:00,71.39,71.0,71.9,60,1.0
2025-02-19 04:00,71.39,71.0,71.7,60,1.0
2025-02-19 05:00,71.23,70.9,71.6,60,1.0
2025-02-19 06:00,71.21,70.9,71.6,60,1.0
2025-02-19 07:00,71.19,70.8,71.5,60,1.0
2025-02-19 08:00,71.11,70.7,71.5,60,1.0
2025-02-19 09:00,70.96,70.7,71.4,60,1.0
2025-02-19 10:00,70.95,70.6,71.4,60,1.0
2025-02-19 11:00,70.9,70.6,71.2,60,1.0
2025-02-19 12:00,70.95,70.6,71.3,60,1.0
2025-02-19 13:00,70.89,70.5,71.3,60,1.0
2025-02-19 14:00,70.84,70.4,71.1,60,1.0
2025-02-19 15:00,70.81,70.5,71.1,60,1.0
2025-02-19 16:00,70.72,70.4,71.0,60,1.0
2025-02-19 17:00,70.69,70.4,71.1,60,1.0
2025-02-19 18:00,70.72,70.4,71.0,60,1.0
2025-02-19 19:00,70.66,70.3,71.2,60,1.0
2025-02-19 20:00,70.64,70.2,70.9,60,1.0
2025-02-19 21:00,70.6,70.2,70.9,60,1.0
2025-02-19 22:00,70.57,70.1,70.8,60,1.0
2025-02-19 23:00,70.46,70.1,70.7,60,1.0
2025-02-20 00:00,70.41,70.1,70.6,60,1.0
2025-02-20 01:00,70.44,70.1,70.7,60,1.0
2025-02-20 02:00,70.37,70.0,70.7,60,1.0
2025-02-20 03:00,70.32,70.0,70.7,60,1.0
2025-02-20 04:00,70.3,69.9,70.7,60,1.0
2025-02-20 05:00,70.25,69.9,70.5,60,1.0
2025-02-20 06:00,70.19,69.8,70.5,60,1.0
2025-02-20 07:00,70.23,69.8,70.5,60,1.0
2025-02-20 08:00,70.21,69.8,70.5,60,1.0
2025-02-20 09:00,70.06,69.8,70.6,60,1.0
2025-02-20 10:00,69.96,69.7,70.3,60,1.0
2025-02-20 11:00,70.06,69.7,70.3,60,1.0
2025-02-20 12:00,69.95,69.6,70.3,60,1.0
2025-02-20 13:00,69.79,69.6,70.2,60,1.0
2025-02-20 14:00,69.8,69.6,70.2,60,1.0
2025-02-20 15:00,69.77,69.5,70.1,60,1.0
2025-02-20 16:00,69.73,69.5,70.0,60,1.0
2025-02-20 17:00,69.72,69.4,70.1,60,1.0
2025-02-20 18:00,69.76,69.5,70.1,60,1.0
2025-02-20 19:00,69.72,69.4,70.1,60,1.0
2025-02-20 20:00,69.71,69.3,70.0,60,1.0
2025-02-20 21:00,69.73,69.4,70.1,60,1.0
2025-02-20 22:00,69.69,69.4,69.9,60,1.0
2025-02-20 23:00,69.67,69.3,69.9,60,1.0
2025-02-21 00:00,69.63,69.3,69.9,60,1.0
2025-02-21 01:00,69.58,69.3,69.9,60,1.0
2025-02-21 02:00,69.58,69.2,70.0,60,1.0
2025-02-21 03:00,69.57,69.2,69.9,60,1.0
2025-02-21 04:00,69.5,69.1,69.8,60,1.0
2025-02-21 05:00,69.52,69.1,69.8,60,1.0
2025-02-21 06:00,69.4,69.0,69.9,59,0.983
2025-02-21 07:00,69.39,69.0,69.7,60,1.0
2025-02-21 08:00,69.38,69.0,69.7,60,1.0
2025-02-21 09:00,69.22,69.0,69.6,60,1.0
2025-02-21 10:00,69.15,68.9,69.5,60,1.0
2025-02-21 11:00,69.21,68.9,69.7,60,1.0
2025-02-21 12:00,69.2,68.9,69.5,51,0.85
2025-02-21 13:00,68.59,68.2,69.5,58,0.967
2025-02-21 14:00,68.44,68.2,69.0,59,0.983
2025-02-21 15:00,68.46,68.2,69.1,59,0.983
2025-02-21 16:00,68.48,68.1,69.0,57,0.95
2025-02-21 17:00,68.29,68.1,68.8,60,1.0
2025-02-21 18:00,68.35,68.0,68.9,60,1.0
2025-02-21 19:00,68.4,68.0,68.8,60,1.0
2025-02-21 20:00,68.32,68.0,68.7,60,1.0
2025-02-21 21:00,68.19,68.0,68.7,60,1.0
2025-02-21 22:00,68.16,67.9,68.8,60,1.0
2025-02-21 23:00,68.2,67.9,68.9,60,1.0
2025-02-22 00:00,68.22,68.0,68.7,60,1.0
2025-02-22 01:00,68.25,67.9,68.7,60,1.0
2025-02-22 02:00,68.2,67.9,68.8,59,0.983
2025-02-22 03:00,68.15,67.8,68.5,59,0.983
2025-02-22 04:00,68.21,67.8,68.6,59,0.983
2025-02-22 05:00,68.11,67.7,68.6,59,0.983
2025-02-22 06:00,68.05,67.7,68.5,60,1.0
2025-02-22 07:00,67.99,67.7,68.4,60,1.0
2025-02-22 08:00,68.03,67.7,68.4,60,1.0
2025-02-22 09:00,67.96,67.7,68.5,60,1.0
2025-02-22 10:00,67.95,67.6,68.5,60,1.0
2025-02-22 11:00,67.92,67.6,68.3,59,0.983
2025-02-22 12:00,67.84,67.6,68.4,60,1.0
2025-02-22 13:00,67.85,67.6,68.6,59,0.983
2025-02-22 14:00,67.76,67.5,68.3,60,1.0
2025-02-22 15:00,67.73,67.5,68.2,60,1.0
2025-02-22 16:00,67.78,67.4,68.2,60,1.0
2025-02-22 17:00,67.66,67.4,68.1,60,1.0
2025-02-22 18:00,67.69,67.4,68.2,59,0.983
2025-02-22 19:00,67.68,67.3,68.5,57,0.95
2025-02-22 20:00,67.53,67.3,67.9,59,0.983
2025-02-22 21:00,67.58,67.3,68.1,59,0.983
2025-02-22 22:00,67.71,67.3,68.1,60,1.0
2025-02-22 23:00,67.74,67.2,68.3,60,1.0
2025-02-23 00:00,67.61,67.3,68.1,59,0.983
2025-02-23 01:00,67.61,67.3,68.0,59,0.983
2025-02-23 02:00,67.58,67.2,68.1,59,0.983
2025-02-23 03:00,67.47,67.2,68.1,60,1.0
2025-02-23 04:00,67.5,67.2,67.9,60,1.0
2025-02-23 05:00,67.47,67.2,68.1,58,0.967
2025-02-23 06:00,67.35,67.2,67.8,60,1.0
2025-02-23 07:00,67.36,67.1,67.8,59,0.983
2025-02-23 08:00,67.43,67.1,68.0,59,0.983
2025-02-23 09:00,67.47,67.1,68.0,60,1.0
2025-02-23 10:00,67.42,67.1,68.0,60,1.0
2025-02-23 11:00,67.38,67.1,67.9,60,1.0
2025-02-23 12:00,67.43,67.1,67.9,60,1.0
2025-02-23 13:00,67.4,67.1,67.9,59,0.983
2025-02-23 14:00,67.33,67.0,67.7,60,1.0
2025-02-23 15:00,67.29,67.0,67.7,60,1.0
2025-02-23 16:00,67.26,67.0,67.7,60,1.0
2025-02-23 17:00,67.28,66.9,67.8,60,1.0
2025-02-23 18:00,67.2,66.9,67.7,60,1.0
2025-02-23 19:00,67.28,66.9,67.8,60,1.0
2025-02-23 20:00,67.23,66.9,67.7,60,1.0
2025-02-23 21:00,67.16,66.9,67.8,57,0.95
2025-02-23 22:00,67.1,66.9,67.6,58,0.967
2025-02-23 23:00,67.07,66.8,67.6,59,0.983
2025-02-24 00:00,67.03,66.8,67.6,59,0.983
2025-02-24 01:00,67.08,66.8,67.6,60,1.0
2025-02-24 02:00,67.08,66.8,67.6,59,0.983
2025-02-24 03:00,67.14,66.8,67.6,59,0.983
2025-02-24 04:00,67.18,66.8,67.5,59,0.983
2025-02-24 05:00,67.11,66.8,67.4,60,1.0
2025-02-24 06:00,66.97,66.7,67.5,58,0.967
2025-02-24 07:00,67.01,66.7,67.5,58,0.967
2025-02-24 08:00,67.08,66.7,67.6,42,0.7
2025-02-24 09:00,66.99,66.7,67.4,51,0.85
2025-02-24 10:00,67.03,66.7,67.7,59,0.983
2025-02-24 11:00,67.03,66.7,67.5,59,0.983
2025-02-24 12:00,66.9,66.6,67.5,60,1.0
2025-02-24 13:00,66.98,66.7,67.3,60,1.0
2025-02-24 14:00,66.91,66.6,67.5,60,1.0
2025-02-24 15:00,66.94,66.6,67.5,59,0.983
2025-02-24 16:00,66.87,66.6,67.5,56,0.933
2025-02-24 17:00,66.81,66.6,67.4,60,1.0
2025-02-24 18:00,66.73,66.5,67.4,60,1.0
2025-02-24 19:00,66.84,66.5,67.3,59,0.983
2025-02-24 20:00,66.81,66.4,67.2,60,1.0
2025-02-24 21:00,66.86,66.4,67.4,60,1.0
2025-02-24 22:00,66.81,66.5,67.4,59,0.983
2025-02-24 23:00,66.81,66.5,67.3,60,1.0
2025-02-25 00:00,66.85,66.6,67.3,60,1.0
2025-02-25 01:00,66.9,66.6,67.3,60,1.0
2025-02-25 02:00,66.97,66.7,67.5,60,1.0
2025-02-25 03:00,67.02,66.7,67.5,58,0.967
2025-02-25 04:00,67.04,66.8,67.7,60,1.0
2025-02-25 05:00,67.09,66.8,67.7,60,1.0
2025-02-25 06:00,67.08,66.8,67.6,58,0.967
2025-02-25 07:00,67.23,66.9,67.7,60,1.0
2025-02-25 08:00,67.27,66.9,67.8,60,1.0
2025-02-25 09:00,67.44,67.0,67.9,60,1.0
2025-02-25 10:00,67.59,67.2,68.0,59,0.983
2025-02-25 11:00,67.86,67.5,68.3,60,1.0
2025-02-25 12:00,68.12,67.8,68.8,60,1.0
2025-02-25 13:00,68.33,68.0,68.9,60,1.0
2025-02-25 14:00,68.55,68.1,69.1,60,1.0
2025-02-25 15:00,68.64,68.3,69.2,59,0.983
2025-02-25 16:00,68.66,68.3,69.1,60,1.0
2025-02-25 17:00,68.86,68.4,69.4,60,1.0
2025-02-25 18:00,68.86,68.5,69.3,60,1.0
2025-02-25 19:00,68.81,68.5,69.3,60,1.0
2025-02-25 20:00,68.82,68.4,69.5,60,1.0
2025-02-25 21:00,68.85,68.3,69.4,59,0.983
2025-02-25 22:00,68.81,68.2,69.4,60,1.0
2025-02-25 23:00,69.14,68.6,69.8,58,0.967
2025-02-26 00:00,69.82,69.2,70.6,59,0.983
2025-02-26 01:00,71.18,70.0,72.2,60,1.0
2025-02-26 02:00,72.45,71.7,73.3,60,1.0
2025-02-26 03:00,72.83,72.1,73.4,59,0.983
2025-02-26 04:00,74.06,73.0,75.3,60,1.0
2025-02-26 05:00,77.19,75.2,81.2,60,1.0
2025-02-26 06:00,83.14,81.7,84.0,60,1.0
2025-02-26 07:00,83.04,82.4,84.0,60,1.0
2025-02-26 08:00,82.65,82.0,83.4,60,1.0
2025-02-26 09:00,81.78,80.9,82.9,60,1.0
2025-02-26 10:00,81.57,81.1,82.4,59,0.983
2025-02-26 11:00,81.37,80.8,82.1,59,0.983
2025-02-26 12:00,80.99,80.5,81.7,60,1.0
2025-02-26 13:00,80.63,80.1,81.3,60,1.0
2025-02-26 14:00,80.37,79.8,81.0,59,0.983
2025-02-26 15:00,79.72,78.4,80.6,60,1.0
2025-02-26 16:00,79.15,78.5,80.1,60,1.0
2025-02-26 17:00,79.92,79.3,80.5,60,1.0
2025-02-26 18:00,79.54,79.0,80.2,60,1.0
2025-02-26 19:00,80.27,79.2,81.5,60,1.0
2025-02-26 20:00,81.64,80.9,82.4,60,1.0
2025-02-26 21:00,82.77,82.1,84.0,60,1.0
2025-02-26 22:00,84.41,82.9,85.7,60,1.0
2025-02-26 23:00,84.03,83.4,85.3,60,1.0
2025-02-27 00:00,83.02,82.3,84.2,60,1.0
2025-02-27 01:00,82.23,81.7,83.0,60,1.0
2025-02-27 02:00,81.74,81.1,82.5,60,1.0
2025-02-27 03:00,81.58,81.0,82.1,60,1.0
2025-02-27 04:00,81.29,80.6,81.9,60,1.0
2025-02-27 05:00,80.91,80.4,81.7,60,1.0
2025-02-27 06:00,80.57,80.2,81.2,60,1.0
2025-02-27 07:00,80.32,79.6,80.9,60,1.0
2025-02-27 08:00,79.83,79.3,80.4,59,0.983
2025-02-27 09:00,79.47,79.0,80.2,60,1.0
2025-02-27 10:00,79.2,78.7,80.2,60,1.0
2025-02-27 11:00,78.88,78.5,79.8,60,1.0
2025-02-27 12:00,78.63,78.2,79.3,60,1.0
2025-02-27 13:00,78.38,78.0,79.2,60,1.0
2025-02-27 14:00,78.29,77.8,79.0,60,1.0
2025-02-27 15:00,78.02,77.6,78.6,60,1.0
2025-02-27 16:00,77.92,77.4,78.5,60,1.0
2025-02-27 17:00,77.64,77.2,78.3,60,1.0
2025-02-27 18:00,77.49,77.0,78.1,59,0.983
2025-02-27 19:00,77.32,76.9,78.0,53,0.883
2025-02-27 20:00,77.0,76.6,77.7,60,1.0
2025-02-27 21:00,76.86,76.5,77.4,51,0.85
2025-02-27 22:00,76.65,76.3,77.1,51,0.85
2025-02-27 23:00,76.67,76.2,77.2,47,0.783
2025-02-28 00:00,76.38,76.0,77.2,59,0.983
2025-02-28 01:00,76.18,75.8,76.7,60,1.0
2025-02-28 02:00,76.24,75.8,76.9,60,1.0
2025-02-28 03:00,75.97,75.6,76.6,59,0.983
2025-02-28 04:00,75.84,75.4,76.4,60,1.0
2025-02-28 05:00,75.78,75.3,76.3,60,1.0
2025-02-28 06:00,75.57,75.1,76.3,60,1.0
2025-02-28 07:00,75.56,75.0,76.1,60,1.0
2025-02-28 08:00,75.26,74.9,75.8,60,1.0
2025-02-28 09:00,75.14,74.7,75.8,59,0.983
2025-02-28 10:00,74.97,74.6,75.6,59,0.983
2025-02-28 11:00,74.83,74.5,75.5,56,0.933
2025-02-28 12:00,74.77,74.3,75.4,47,0.783
2025-02-28 13:00,74.63,74.2,75.3,48,0.8
2025-02-28 14:00,74.51,74.1,75.1,50,0.833
2025-02-28 15:00,74.38,74.0,75.0,52,0.867
2025-02-28 16:00,74.24,73.9,74.7,57,0.95
2025-02-28 17:00,74.16,73.8,74.8,60,1.0
2025-02-28 18:00,74.11,73.7,74.7,58,0.967
2025-02-28 19:00,74.05,73.7,74.8,60,1.0
2025-02-28 20:00,73.96,73.5,74.5,60,1.0
2025-02-28 21:00,73.74,73.5,74.3,48,0.8
2025-02-28 22:00,73.66,73.4,74.3,43,0.717
2025-02-28 23:00,73.69,73.4,74.3,48,0.8
2025-03-01 00:00,73.77,73.3,74.2,52,0.867
2025-03-01 01:00,73.64,73.2,74.2,60,1.0
2025-03-01 02:00,73.56,73.1,74.0,56,0.933
2025-03-01 03:00,73.43,73.0,74.0,58,0.967
2025-03-01 04:00,73.29,73.0,73.8,60,1.0
2025-03-01 05:00,73.16,72.9,73.8,60,1.0
2025-03-01 06:00,73.21,72.8,73.8,60,1.0
2025-03-01 07:00,73.2,72.8,73.7,59,0.983
2025-03-01 08:00,73.03,72.7,73.5,60,1.0
2025-03-01 09:00,72.89,72.6,73.4,60,1.0
2025-03-01 10:00,72.9,72.5,73.5,60,1.0
2025-03-01 11:00,72.76,72.4,73.3,60,1.0
2025-03-01 12:00,72.71,72.4,73.4,60,1.0
2025-03-01 13:00,72.57,72.2,73.0,58,0.967
2025-03-01 14:00,72.56,72.2,73.2,60,1.0
2025-03-01 15:00,72.49,72.2,73.0,60,1.0
2025-03-01 16:00,72.4,72.1,72.9,60,1.0
2025-03-01 17:00,72.34,72.1,72.8,60,1.0
2025-03-01 18:00,72.45,72.1,73.1,59,0.983
2025-03-01 19:00,72.48,72.1,73.0,60,1.0
2025-03-01 20:00,72.45,72.0,72.9,59,0.983
2025-03-01 21:00,72.25,72.0,72.9,60,1.0
2025-03-01 22:00,72.2,71.9,72.7,60,1.0
2025-03-01 23:00,72.21,71.8,72.9,60,1.0
2025-03-02 00:00,72.08,71.8,72.5,59,0.983
2025-03-02 01:00,72.04,71.7,72.7,60,1.0
2025-03-02 02:00,71.97,71.7,72.7,59,0.983
2025-03-02 03:00,71.94,71.7,72.5,60,1.0
2025-03-02 04:00,71.86,71.6,72.6,60,1.0
2025-03-02 05:00,71.87,71.5,72.5,59,0.983
2025-03-02 06:00,71.84,71.5,72.6,59,0.983
2025-03-02 07:00,71.83,71.5,72.3,60,1.0
2025-03-02 08:00,71.74,71.4,72.4,58,0.967
2025-03-02 09:00,71.65,71.4,72.1,55,0.917
2025-03-02 10:00,71.59,71.3,72.2,51,0.85
2025-03-02 11:00,71.56,71.2,72.0,53,0.883
2025-03-02 12:00,71.53,71.2,72.2,51,0.85
2025-03-02 13:00,71.43,71.1,72.0,51,0.85
2025-03-02 14:00,71.35,71.0,71.9,55,0.917
2025-03-02 15:00,71.36,71.0,71.9,49,0.817
2025-03-02 16:00,71.26,70.9,71.8,51,0.85
2025-03-02 17:00,71.13,70.8,71.6,51,0.85
2025-03-02 18:00,71.07,70.7,71.7,46,0.767
2025-03-02 19:00,70.9,70.7,71.3,30,0.5
2025-03-02 20:00,70.86,70.5,71.2,43,0.717
2025-03-02 21:00,70.76,70.5,71.4,38,0.633
2025-03-02 22:00,70.77,70.4,71.3,44,0.733
2025-03-02 23:00,70.83,70.3,71.3,44,0.733
2025-03-03 00:00,70.62,70.3,71.0,24,0.4
2025-03-03 01:00,70.45,70.1,71.0,45,0.75
2025-03-03 02:00,70.34,70.1,70.9,39,0.65
2025-03-03 03:00,70.39,70.1,70.9,35,0.583
2025-03-03 04:00,70.39,70.0,70.9,28,0.467
2025-03-03 05:00,70.23,69.9,70.8,36,0.6
2025-03-03 06:00,70.08,69.8,70.5,24,0.4
2025-03-03 07:00,69.97,69.8,70.4,35,0.583
2025-03-03 08:00,69.99,69.7,70.4,31,0.517
2025-03-03 09:00,70.01,69.6,70.3,14,0.233
2025-03-03 10:00,69.7,69.6,69.8,3,0.05
2025-03-03 11:00,69.67,69.4,70.2,16,0.267
2025-03-03 12:00,69.7,69.4,70.3,30,0.5
2025-03-03 13:00,69.66,69.3,70.0,32,0.533
2025-03-03 14:00,69.53,69.2,69.9,27,0.45
2025-03-03 15:00,69.5,69.2,70.0,23,0.383
2025-03-03 16:00,69.49,69.2,70.0,40,0.667
2025-03-03 17:00,69.46,69.1,69.9,35,0.583
2025-03-03 18:00,69.32,69.0,69.8,44,0.733
2025-03-03 19:00,69.26,68.9,69.7,59,0.983
2025-03-03 20:00,69.1,68.9,69.8,60,1.0
2025-03-03 21:00,69.15,68.8,69.7,60,1.0
2025-03-03 22:00,69.09,68.8,69.5,60,1.0
2025-03-03 23:00,69.05,68.8,69.5,60,1.0
2025-03-04 00:00,68.93,68.7,69.5,60,1.0
2025-03-04 01:00,68.97,68.7,69.5,60,1.0
2025-03-04 02:00,68.99,68.7,69.4,59,0.983
2025-03-04 03:00,68.87,68.6,69.4,60,1.0
2025-03-04 04:00,68.89,68.6,69.4,60,1.0
2025-03-04 05:00,68.81,68.6,69.4,60,1.0
2025-03-04 06:00,68.88,68.5,69.4,60,1.0
2025-03-04 07:00,68.9,68.5,69.4,60,1.0
2025-03-04 08:00,68.77,68.5,69.3,60,1.0
2025-03-04 09:00,68.71,68.4,69.2,60,1.0
2025-03-04 10:00,68.73,68.4,69.2,58,0.967
2025-03-04 11:00,68.55,68.4,69.1,59,0.983
2025-03-04 12:00,68.61,68.3,69.1,60,1.0
2025-03-04 13:00,68.57,68.2,69.1,59,0.983
2025-03-04 14:00,68.47,68.2,68.9,60,1.0
2025-03-04 15:00,68.51,68.2,69.0,59,0.983
2025-03-04 16:00,68.51,68.1,69.0,60,1.0
2025-03-04 17:00,68.37,68.1,68.9,59,0.983
2025-03-04 18:00,68.26,68.1,68.8,60,1.0
2025-03-04 19:00,68.27,68.0,68.9,59,0.983
2025-03-04 20:00,68.37,68.0,68.8,59,0.983
2025-03-04 21:00,68.34,68.0,68.7,58,0.967
2025-03-04 22:00,68.31,68.0,68.8,60,1.0
2025-03-04 23:00,68.34,67.9,68.7,59,0.983
2025-03-05 00:00,68.26,67.9,68.8,60,1.0
2025-03-05 01:00,68.17,67.9,68.6,60,1.0
2025-03-05 02:00,68.16,67.8,68.7,59,0.983
2025-03-05 03:00,68.2,67.8,68.7,59,0.983
2025-03-05 04:00,68.18,67.8,68.6,60,1.0
2025-03-05 05:00,67.99,67.8,68.4,60,1.0
2025-03-05 06:00,67.95,67.7,68.4,59,0.983
2025-03-05 07:00,67.94,67.7,68.5,60,1.0
2025-03-05 08:00,67.98,67.7,68.6,60,1.0
2025-03-05 09:00,68.05,67.7,68.4,60,1.0
2025-03-05 10:00,67.93,67.7,68.3,60,1.0
2025-03-05 11:00,67.87,67.6,68.4,60,1.0
2025-03-05 12:00,67.75,67.5,68.2,58,0.967
2025-03-05 13:00,67.75,67.5,68.4,60,1.0
2025-03-05 14:00,67.87,67.5,68.3,59,0.983
2025-03-05 15:00,67.81,67.5,68.2,60,1.0
2025-03-05 16:00,67.77,67.4,68.3,60,1.0
2025-03-05 17:00,67.74,67.4,68.1,60,1.0
2025-03-05 18:00,67.62,67.4,68.2,59,0.983
2025-03-05 19:00,67.6,67.4,68.0,59,0.983
2025-03-05 20:00,67.67,67.3,68.3,60,1.0
2025-03-05 21:00,67.69,67.3,68.2,59,0.983
2025-03-05 22:00,67.65,67.3,68.1,59,0.983
2025-03-05 23:00,67.49,67.3,68.0,59,0.983
2025-03-06 00:00,67.49,67.2,67.9,60,1.0
2025-03-06 01:00,67.39,67.2,67.9,59,0.983
2025-03-06 02:00,67.4,67.2,68.2,60,1.0
2025-03-06 03:00,67.39,67.2,67.8,60,1.0
2025-03-06 04:00,67.32,67.1,67.8,60,1.0
2025-03-06 05:00,67.35,67.2,67.9,59,0.983
2025-03-06 06:00,67.33,67.1,67.8,59,0.983
2025-03-06 07:00,67.31,67.1,67.8,59,0.983
2025-03-06 08:00,67.41,67.1,67.9,60,1.0
2025-03-06 09:00,67.4,67.1,67.9,60,1.0
2025-03-06 10:00,67.32,67.0,67.8,60,1.0
2025-03-06 11:00,67.3,67.0,67.8,60,1.0
2025-03-06 12:00,67.18,67.0,67.8,60,1.0
2025-03-06 13:00,67.15,66.9,67.8,60,1.0
2025-03-06 14:00,67.1,66.9,67.8,57,0.95
2025-03-06 15:00,67.07,66.9,67.7,59,0.983
2025-03-06 16:00,67.08,66.9,67.6,57,0.95
2025-03-06 17:00,67.15,66.8,67.7,60,1.0
2025-03-06 18:00,67.14,66.8,67.6,60,1.0
2025-03-06 19:00,66.97,66.8,67.4,60,1.0
2025-03-06 20:00,67.02,66.8,67.6,60,1.0
2025-03-06 21:00,67.07,66.8,67.5,60,1.0
2025-03-06 22:00,67.15,66.8,67.5,59,0.983
2025-03-06 23:00,67.11,66.7,67.6,60,1.0
2025-03-07 00:00,67.08,66.7,67.5,60,1.0
2025-03-07 01:00,67.08,66.7,67.6,59,0.983
2025-03-07 02:00,67.0,66.7,67.6,60,1.0
2025-03-07 03:00,66.94,66.7,67.6,57,0.95
2025-03-07 04:00,66.87,66.6,67.5,58,0.967
2025-03-07 05:00,66.9,66.7,67.5,52,0.867
2025-03-07 06:00,66.86,66.6,67.6,51,0.85
2025-03-07 07:00,66.94,66.7,67.7,55,0.917
2025-03-07 08:00,66.88,66.6,67.3,53,0.883
2025-03-07 09:00,66.96,66.6,67.5,60,1.0
2025-03-07 10:00,66.87,66.6,67.4,60,1.0
2025-03-07 11:00,66.79,66.5,67.2,60,1.0
2025-03-07 12:00,66.75,66.5,67.4,60,1.0
2025-03-07 13:00,66.8,66.4,67.3,59,0.983
2025-03-07 14:00,66.74,66.5,67.2,59,0.983
2025-03-07 15:00,66.64,66.4,67.0,60,1.0
2025-03-07 16:00,66.64,66.4,67.2,60,1.0
2025-03-07 17:00,66.61,66.3,67.1,60,1.0
2025-03-07 18:00,66.56,66.3,67.1,60,1.0
2025-03-07 19:00,66.48,66.3,67.0,60,1.0
2025-03-07 20:00,66.46,66.3,67.1,59,0.983
2025-03-07 21:00,66.55,66.3,67.0,60,1.0
2025-03-07 22:00,66.47,66.2,67.0,59,0.983
2025-03-07 23:00,66.44,66.2,66.9,59,0.983
2025-03-08 00:00,66.46,66.2,67.0,60,1.0
2025-03-08 01:00,66.51,66.2,67.0,60,1.0
2025-03-08 02:00,66.49,66.2,67.1,60,1.0
2025-03-08 03:00,66.47,66.1,67.0,60,1.0
2025-03-08 04:00,66.48,66.1,66.9,60,1.0
2025-03-08 05:00,66.41,66.1,67.0,60,1.0
2025-03-08 06:00,66.49,66.1,67.1,60,1.0
2025-03-08 07:00,66.41,66.1,66.9,58,0.967
2025-03-08 08:00,66.36,66.1,66.8,60,1.0
2025-03-08 09:00,66.39,66.1,66.8,60,1.0
2025-03-08 10:00,66.34,66.1,66.9,55,0.917
2025-03-08 11:00,66.29,66.0,66.8,56,0.933
2025-03-08 12:00,66.28,66.0,66.7,60,1.0
2025-03-08 13:00,66.2,65.9,66.7,60,1.0
2025-03-08 14:00,66.27,66.0,66.7,57,0.95
2025-03-08 15:00,66.19,65.9,66.7,58,0.967
2025-03-08 16:00,66.15,65.9,66.7,59,0.983
2025-03-08 17:00,66.15,65.9,66.8,60,1.0
2025-03-08 18:00,66.1,65.8,66.6,60,1.0
2025-03-08 19:00,66.01,65.8,66.4,60,1.0
2025-03-08 20:00,66.02,65.8,66.5,60,1.0
2025-03-08 21:00,66.04,65.7,66.4,60,1.0
2025-03-08 22:00,66.05,65.8,66.5,60,1.0
2025-03-08 23:00,66.03,65.7,66.5,60,1.0
2025-03-09 00:00,65.98,65.7,66.5,59,0.983
2025-03-09 01:00,65.87,65.7,66.4,58,0.967
2025-03-09 02:00,65.98,65.7,66.5,60,1.0
2025-03-09 03:00,65.94,65.7,66.4,60,1.0
2025-03-09 04:00,65.97,65.7,66.3,60,1.0
2025-03-09 05:00,66.02,65.7,66.5,60,1.0
2025-03-09 06:00,65.91,65.6,66.4,60,1.0
2025-03-09 07:00,66.0,65.7,66.4,60,1.0
2025-03-09 08:00,65.92,65.7,66.5,60,1.0
2025-03-09 09:00,65.87,65.6,66.4,59,0.983
2025-03-09 10:00,65.83,65.6,66.3,60,1.0
2025-03-09 11:00,65.88,65.5,66.4,60,1.0
2025-03-09 12:00,65.64,65.5,66.0,60,1.0
2025-03-09 13:00,65.66,65.4,66.1,60,1.0
2025-03-09 14:00,65.74,65.5,66.2,60,1.0
2025-03-09 15:00,65.64,65.4,66.2,60,1.0
2025-03-09 16:00,65.61,65.4,66.2,60,1.0
2025-03-09 17:00,65.69,65.3,66.1,60,1.0
2025-03-09 18:00,65.52,65.3,66.0,60,1.0
2025-03-09 19:00,65.65,65.3,66.0,60,1.0
2025-03-09 20:00,65.53,65.3,66.0,60,1.0
2025-03-09 21:00,65.44,65.3,66.0,58,0.967
2025-03-09 22:00,65.44,65.3,65.9,60,1.0
2025-03-09 23:00,65.54,65.3,66.0,60,1.0
2025-03-10 00:00,65.52,65.3,66.1,58,0.967
2025-03-10 01:00,65.54,65.3,66.0,59,0.983
2025-03-10 02:00,65.52,65.3,65.9,60,1.0
2025-03-10 03:00,65.47,65.2,66.0,59,0.983
2025-03-10 04:00,65.52,65.2,66.0,60,1.0
2025-03-10 05:00,65.48,65.2,66.0,60,1.0
2025-03-10 06:00,65.51,65.2,66.1,60,1.0
2025-03-10 07:00,65.49,65.2,66.1,60,1.0
2025-03-10 08:00,65.46,65.3,66.0,60,1.0
2025-03-10 09:00,65.5,65.2,66.0,58,0.967
2025-03-10 10:00,65.38,65.2,65.8,58,0.967
2025-03-10 11:00,65.36,65.1,65.8,60,1.0
2025-03-10 12:00,65.33,65.1,65.9,60,1.0
2025-03-10 13:00,65.39,65.1,65.8,60,1.0
2025-03-10 14:00,65.4,65.1,66.0,57,0.95
2025-03-10 15:00,65.36,65.0,65.7,60,1.0
2025-03-10 16:00,65.33,65.0,65.8,60,1.0
2025-03-10 17:00,65.26,65.0,65.8,59,0.983
2025-03-10 18:00,65.32,65.0,65.8,60,1.0
2025-03-10 19:00,65.41,65.1,65.9,60,1.0
2025-03-10 20:00,65.5,65.2,66.0,55,0.917
2025-03-10 21:00,65.58,65.3,66.0,58,0.967
2025-03-10 22:00,65.64,65.4,66.0,60,1.0
2025-03-10 23:00,65.77,65.5,66.3,59,0.983
2025-03-11 00:00,65.9,65.6,66.3,59,0.983
2025-03-11 01:00,65.88,65.6,66.3,49,0.817
2025-03-11 02:00,65.93,65.6,66.4,45,0.75
2025-03-11 03:00,66.03,65.7,66.5,51,0.85
2025-03-11 04:00,66.3,66.1,66.7,7,0.117
2025-03-11 05:00,66.28,66.0,66.6,4,0.067
2025-03-11 06:00,66.41,66.1,66.9,35,0.583
2025-03-11 07:00,66.51,66.2,67.0,55,0.917
2025-03-11 08:00,66.68,66.3,67.2,59,0.983
2025-03-11 09:00,66.92,66.6,67.3,58,0.967
2025-03-11 10:00,66.99,66.7,67.5,60,1.0
2025-03-11 11:00,67.14,66.8,67.6,60,1.0
2025-03-11 12:00,67.23,67.0,67.6,60,1.0
2025-03-11 13:00,67.35,67.1,67.9,60,1.0
2025-03-11 14:00,67.41,67.1,68.1,59,0.983
2025-03-11 15:00,67.44,67.2,67.8,60,1.0
2025-03-11 16:00,67.55,67.2,68.0,60,1.0
2025-03-11 17:00,67.57,67.2,68.0,60,1.0
2025-03-11 18:00,67.6,67.3,68.2,60,1.0
2025-03-11 19:00,67.56,67.3,68.1,60,1.0
2025-03-11 20:00,67.59,67.3,68.3,58,0.967
2025-03-11 21:00,67.52,67.3,68.0,60,1.0
2025-03-11 22:00,67.66,67.3,68.2,60,1.0
2025-03-11 23:00,67.7,67.3,68.2,60,1.0
2025-03-12 00:00,67.66,67.3,68.1,60,1.0
2025-03-12 01:00,67.59,67.3,68.1,59,0.983
2025-03-12 02:00,67.56,67.3,68.0,60,1.0
2025-03-12 03:00,67.55,67.3,68.0,60,1.0
2025-03-12 04:00,67.5,67.2,68.1,60,1.0
2025-03-12 05:00,67.47,67.2,68.0,60,1.0
2025-03-12 06:00,67.51,67.2,68.2,59,0.983
2025-03-12 07:00,67.49,67.2,68.1,60,1.0
2025-03-12 08:00,67.52,67.2,68.1,60,1.0
2025-03-12 09:00,67.59,67.2,68.1,60,1.0
2025-03-12 10:00,67.39,67.2,67.8,59,0.983
2025-03-12 11:00,67.47,67.2,67.9,59,0.983
2025-03-12 12:00,67.39,67.1,67.8,59,0.983
2025-03-12 13:00,67.34,67.0,67.9,60,1.0
2025-03-12 14:00,67.34,67.0,67.8,59,0.983
2025-03-12 15:00,67.31,67.0,67.9,58,0.967
2025-03-12 16:00,67.23,67.0,67.7,58,0.967
2025-03-12 17:00,67.24,67.0,67.8,57,0.95
2025-03-12 18:00,67.23,67.0,67.6,59,0.983
2025-03-12 19:00,67.54,67.2,67.9,59,0.983
2025-03-12 20:00,67.53,67.2,68.0,58,0.967
2025-03-12 21:00,67.49,67.2,68.0,60,1.0
2025-03-12 22:00,67.5,67.2,68.1,60,1.0
2025-03-12 23:00,67.56,67.2,68.2,60,1.0
2025-03-13 00:00,67.54,67.2,68.0,60,1.0
2025-03-13 01:00,67.64,67.2,68.1,60,1.0
2025-03-13 02:00,67.68,67.3,68.1,59,0.983
2025-03-13 03:00,67.69,67.3,68.2,59,0.983
2025-03-13 04:00,67.69,67.3,68.3,59,0.983
2025-03-13 05:00,67.71,67.4,68.4,60,1.0
2025-03-13 06:00,67.73,67.4,68.5,58,0.967
2025-03-13 07:00,67.67,67.4,68.2,58,0.967
2025-03-13 08:00,67.66,67.3,68.2,60,1.0
2025-03-13 09:00,67.63,67.3,68.2,59,0.983
2025-03-13 10:00,67.62,67.3,68.1,59,0.983
2025-03-13 11:00,67.58,67.3,68.2,58,0.967
2025-03-13 12:00,67.57,67.2,68.1,60,1.0
2025-03-13 13:00,67.57,67.2,68.0,60,1.0
2025-03-13 14:00,67.58,67.2,68.0,60,1.0
2025-03-13 15:00,67.48,67.2,68.0,58,0.967
2025-03-13 16:00,67.52,67.2,68.0,45,0.75
2025-03-13 17:00,67.59,67.2,68.3,59,0.983
2025-03-13 18:00,67.63,67.3,68.2,60,1.0
2025-03-13 19:00,67.62,67.3,68.2,60,1.0
2025-03-13 20:00,67.63,67.3,68.1,60,1.0
2025-03-13 21:00,67.67,67.3,68.2,60,1.0
2025-03-13 22:00,67.65,67.3,68.2,60,1.0
2025-03-13 23:00,67.66,67.3,68.0,59,0.983
2025-03-14 00:00,67.64,67.4,68.3,60,1.0
2025-03-14 01:00,67.74,67.4,68.2,60,1.0
2025-03-14 02:00,67.67,67.3,68.3,60,1.0
2025-03-14 03:00,67.77,67.5,68.4,60,1.0
2025-03-14 04:00,67.84,67.5,68.4,60,1.0
2025-03-14 05:00,67.96,67.7,68.5,60,1.0
2025-03-14 06:00,68.19,67.9,68.8,60,1.0
2025-03-14 07:00,68.41,68.0,68.9,60,1.0
2025-03-14 08:00,68.51,68.2,68.9,59,0.983
2025-03-14 09:00,68.64,68.3,69.2,60,1.0
2025-03-14 10:00,68.77,68.5,69.3,60,1.0
2025-03-14 11:00,68.99,68.5,69.5,60,1.0
2025-03-14 12:00,68.97,68.6,69.5,60,1.0
2025-03-14 13:00,68.98,68.7,69.4,60,1.0
2025-03-14 14:00,68.93,68.7,69.7,60,1.0
2025-03-14 15:00,68.85,68.6,69.7,56,0.933
2025-03-14 16:00,68.9,68.6,69.6,60,1.0
2025-03-14 17:00,68.96,68.6,69.5,60,1.0
2025-03-14 18:00,68.97,68.6,69.5,60,1.0
2025-03-14 19:00,68.93,68.6,69.6,60,1.0
2025-03-14 20:00,68.93,68.6,69.7,60,1.0
2025-03-14 21:00,68.93,68.5,69.4,59,0.983
2025-03-14 22:00,68.93,68.6,69.5,59,0.983
2025-03-14 23:00,68.89,68.5,69.4,60,1.0
2025-03-15 00:00,68.85,68.5,69.3,60,1.0
2025-03-15 01:00,68.82,68.5,69.2,60,1.0
2025-03-15 02:00,68.72,68.4,69.2,60,1.0
2025-03-15 03:00,68.7,68.4,69.2,60,1.0
2025-03-15 04:00,68.67,68.4,69.3,59,0.983
2025-03-15 05:00,68.68,68.4,69.2,60,1.0
2025-03-15 06:00,68.69,68.4,69.4,59,0.983
2025-03-15 07:00,68.69,68.3,69.2,60,1.0
2025-03-15 08:00,68.63,68.3,69.2,60,1.0
2025-03-15 09:00,68.61,68.2,69.1,60,1.0
2025-03-15 10:00,68.49,68.2,69.1,59,0.983
2025-03-15 11:00,68.4,68.1,68.9,60,1.0
2025-03-15 12:00,68.53,68.1,69.0,60,1.0
2025-03-15 13:00,68.44,68.1,68.9,59,0.983
2025-03-15 14:00,68.44,68.1,69.1,59,0.983
2025-03-15 15:00,68.37,67.9,69.0,59,0.983
2025-03-15 16:00,68.19,67.9,68.7,60,1.0
2025-03-15 17:00,68.14,67.8,68.9,59,0.983
2025-03-15 18:00,67.98,67.7,68.5,60,1.0
2025-03-15 19:00,67.94,67.6,68.4,60,1.0
2025-03-15 20:00,67.83,67.5,68.5,60,1.0
2025-03-15 21:00,67.82,67.5,68.4,60,1.0
2025-03-15 22:00,67.83,67.5,68.3,59,0.983
2025-03-15 23:00,67.71,67.4,68.4,60,1.0
2025-03-16 00:00,67.67,67.4,68.1,44,0.733
2025-03-16 10:00,67.39,67.1,67.9,43,0.717
2025-03-16 11:00,67.3,67.0,67.8,60,1.0
2025-03-16 12:00,67.22,67.0,67.7,60,1.0
2025-03-16 13:00,67.21,66.9,67.7,60,1.0
2025-03-16 14:00,67.12,66.7,67.6,60,1.0
2025-03-16 15:00,67.01,66.7,67.5,60,1.0
2025-03-16 16:00,67.03,66.7,67.4,60,1.0
2025-03-16 17:00,66.89,66.6,67.4,60,1.0
2025-03-16 18:00,66.94,66.6,67.4,60,1.0
2025-03-16 19:00,66.97,66.8,67.6,60,1.0
2025-03-16 20:00,67.11,66.8,67.6,60,1.0
2025-03-16 21:00,67.07,66.7,67.5,60,1.0
2025-03-16 22:00,67.1,66.7,67.7,60,1.0
2025-03-16 23:00,66.9,66.7,67.3,60,1.0
2025-03-17 00:00,66.97,66.7,67.5,60,1.0
2025-03-17 01:00,66.98,66.7,67.5,60,1.0
2025-03-17 02:00,67.03,66.7,67.4,60,1.0
2025-03-17 03:00,67.17,66.7,67.7,60,1.0
2025-03-17 04:00,67.38,67.0,67.9,58,0.967
2025-03-17 05:00,67.25,66.9,67.8,60,1.0
2025-03-17 06:00,67.3,66.9,67.8,60,1.0
2025-03-17 07:00,67.3,66.9,67.9,60,1.0
2025-03-17 08:00,67.3,67.0,67.9,58,0.967
2025-03-17 09:00,67.29,67.0,67.8,60,1.0
2025-03-17 10:00,67.29,67.0,67.8,60,1.0
2025-03-17 11:00,67.3,66.9,67.8,60,1.0
2025-03-17 12:00,67.26,67.0,67.7,60,1.0
2025-03-17 13:00,67.27,67.0,67.8,58,0.967
2025-03-17 14:00,67.26,66.9,67.8,60,1.0
2025-03-17 15:00,67.16,66.9,67.8,58,0.967
2025-03-17 16:00,67.14,66.9,67.7,50,0.833
2025-03-17 17:00,67.12,66.9,67.7,55,0.917
2025-03-17 18:00,67.16,66.8,67.7,60,1.0
2025-03-17 19:00,67.17,66.9,67.7,60,1.0
2025-03-17 20:00,67.01,66.8,67.4,60,1.0
2025-03-17 21:00,67.03,66.8,67.7,60,1.0
2025-03-17 22:00,67.1,66.8,67.6,60,1.0
2025-03-17 23:00,67.17,66.8,67.7,60,1.0
2025-03-18 00:00,67.1,66.8,67.6,60,1.0
2025-03-18 01:00,67.01,66.7,67.5,60,1.0
2025-03-18 02:00,66.99,66.7,67.6,60,1.0
2025-03-18 03:00,67.04,66.7,67.5,60,1.0
2025-03-18 04:00,66.97,66.6,67.6,59,0.983
2025-03-18 05:00,66.9,66.6,67.3,58,0.967
2025-03-18 06:00,66.87,66.5,67.4,60,1.0
2025-03-18 07:00,66.81,66.4,67.3,60,1.0
2025-03-18 08:00,66.66,66.4,67.3,59,0.983
2025-03-18 09:00,66.58,66.3,67.1,57,0.95
2025-03-18 10:00,66.41,66.1,67.0,59,0.983
2025-03-18 11:00,66.34,66.1,66.9,59,0.983
2025-03-18 12:00,66.38,66.0,66.9,60,1.0
2025-03-18 13:00,66.28,66.0,66.7,60,1.0
2025-03-18 14:00,66.14,65.9,66.7,59,0.983
2025-03-18 15:00,66.06,65.8,66.6,59,0.983
2025-03-18 16:00,66.05,65.8,66.5,58,0.967
2025-03-18 17:00,65.89,65.7,66.3,59,0.983
2025-03-18 18:00,65.93,65.7,66.5,57,0.95
2025-03-18 19:00,65.93,65.6,66.3,59,0.983
2025-03-18 20:00,65.85,65.6,66.4,60,1.0
2025-03-18 21:00,65.86,65.6,66.4,59,0.983
2025-03-18 22:00,65.83,65.5,66.3,59,0.983
2025-03-18 23:00,65.69,65.5,66.2,60,1.0
2025-03-19 00:00,65.62,65.4,66.2,59,0.983
2025-03-19 01:00,65.66,65.4,66.4,60,1.0
2025-03-19 02:00,65.66,65.4,66.1,60,1.0
2025-03-19 03:00,65.58,65.3,66.1,60,1.0
2025-03-19 04:00,65.71,65.4,66.2,60,1.0
2025-03-19 05:00,65.6,65.3,66.1,60,1.0
2025-03-19 06:00,65.52,65.3,66.1,60,1.0
2025-03-19 07:00,65.58,65.3,66.0,60,1.0
2025-03-19 08:00,65.54,65.3,66.0,59,0.983
2025-03-19 09:00,65.54,65.2,66.0,53,0.883
2025-03-19 10:00,65.43,65.2,65.9,58,0.967
2025-03-19 11:00,65.36,65.1,65.9,60,1.0
2025-03-19 12:00,65.4,65.1,65.8,60,1.0
2025-03-19 13:00,65.28,65.0,65.9,60,1.0
2025-03-19 14:00,65.23,65.0,65.8,59,0.983
2025-03-19 15:00,65.25,65.0,65.7,60,1.0
2025-03-19 16:00,65.18,65.0,65.6,60,1.0
2025-03-19 17:00,65.3,65.0,65.8,60,1.0
2025-03-19 18:00,65.3,65.0,65.7,60,1.0
2025-03-19 19:00,65.1,64.9,65.5,60,1.0
2025-03-19 20:00,65.14,64.9,65.7,60,1.0
2025-03-19 21:00,65.18,64.9,65.7,60,1.0
2025-03-19 22:00,65.13,64.9,65.6,60,1.0
2025-03-19 23:00,65.22,64.9,65.7,60,1.0
2025-03-20 00:00,65.22,64.9,65.8,60,1.0
2025-03-20 01:00,65.26,64.9,65.7,60,1.0
2025-03-20 02:00,65.17,64.9,65.7,60,1.0
2025-03-20 03:00,65.1,64.8,65.6,58,0.967
2025-03-20 04:00,65.02,64.8,65.5,58,0.967
2025-03-20 05:00,65.06,64.8,65.6,60,1.0
2025-03-20 06:00,64.97,64.8,65.4,60,1.0
2025-03-20 07:00,64.99,64.8,65.4,60,1.0
2025-03-20 08:00,65.01,64.7,65.6,60,1.0
2025-03-20 09:00,65.0,64.8,65.5,59,0.983
2025-03-20 10:00,64.94,64.7,65.4,60,1.0
2025-03-20 11:00,64.86,64.6,65.3,60,1.0
2025-03-20 12:00,64.81,64.6,65.2,60,1.0
2025-03-20 13:00,64.9,64.5,65.4,60,1.0
2025-03-20 14:00,64.91,64.5,65.3,60,1.0
2025-03-20 15:00,64.8,64.6,65.2,60,1.0
2025-03-20 16:00,64.8,64.5,65.2,59,0.983
2025-03-20 17:00,64.71,64.5,65.2,60,1.0
2025-03-20 18:00,64.69,64.5,65.2,59,0.983
2025-03-20 19:00,64.79,64.5,65.2,48,0.8
2025-03-20 20:00,64.77,64.5,65.3,56,0.933
2025-03-20 21:00,64.64,64.4,65.0,50,0.833
2025-03-20 22:00,64.58,64.4,65.0,58,0.967
2025-03-20 23:00,64.64,64.4,65.1,60,1.0
2025-03-21 00:00,64.73,64.4,65.1,60,1.0
2025-03-21 01:00,64.72,64.4,65.3,60,1.0
2025-03-21 02:00,64.69,64.4,65.2,59,0.983
2025-03-21 03:00,64.77,64.4,65.3,59,0.983
2025-03-21 04:00,64.72,64.4,65.3,59,0.983
2025-03-21 05:00,64.66,64.4,65.2,45,0.75
2025-03-21 06:00,64.62,64.3,65.0,50,0.833
2025-03-21 07:00,64.62,64.3,65.0,58,0.967
2025-03-21 08:00,64.57,64.3,65.1,60,1.0
2025-03-21 09:00,64.57,64.3,65.0,57,0.95
2025-03-21 10:00,64.51,64.2,65.0,60,1.0
2025-03-21 11:00,64.44,64.2,64.9,60,1.0
2025-03-21 12:00,64.37,64.2,64.9,60,1.0
2025-03-21 13:00,64.41,64.1,64.9,60,1.0
2025-03-21 14:00,64.46,64.1,64.9,60,1.0
2025-03-21 15:00,64.44,64.2,64.8,60,1.0
2025-03-21 16:00,64.51,64.1,65.0,60,1.0
2025-03-21 17:00,64.44,64.1,64.9,60,1.0
2025-03-21 18:00,64.35,64.1,64.8,56,0.933
2025-03-21 19:00,64.25,64.1,64.6,55,0.917
2025-03-21 20:00,64.34,64.0,64.8,60,1.0
2025-03-21 21:00,64.37,64.0,64.9,60,1.0
2025-03-21 22:00,64.26,64.0,64.8,60,1.0
2025-03-21 23:00,64.17,63.9,64.7,60,1.0
2025-03-22 00:00,64.18,64.0,64.6,60,1.0
2025-03-22 01:00,64.14,64.0,64.5,60,1.0
2025-03-22 02:00,64.15,64.0,64.6,60,1.0
2025-03-22 03:00,64.14,63.9,64.5,60,1.0
2025-03-22 04:00,64.19,64.0,64.8,60,1.0
2025-03-22 05:00,64.22,63.9,64.7,60,1.0
2025-03-22 06:00,64.15,63.9,64.5,60,1.0
2025-03-22 07:00,64.11,63.9,64.7,60,1.0
2025-03-22 08:00,64.2,63.9,64.7,60,1.0
2025-03-22 09:00,64.13,63.8,64.6,60,1.0
2025-03-22 10:00,64.1,63.9,64.6,60,1.0
2025-03-22 11:00,64.06,63.9,64.5,60,1.0
2025-03-22 12:00,64.1,63.8,64.5,60,1.0
2025-03-22 13:00,64.04,63.7,64.6,60,1.0
2025-03-22 14:00,64.04,63.8,64.6,59,0.983
2025-03-22 15:00,63.97,63.7,64.5,60,1.0
2025-03-22 16:00,63.94,63.7,64.5,60,1.0
2025-03-22 17:00,63.96,63.7,64.4,60,1.0
2025-03-22 18:00,63.99,63.7,64.5,59,0.983
2025-03-22 19:00,63.9,63.6,64.3,60,1.0
2025-03-22 20:00,63.97,63.7,64.4,59,0.983
2025-03-22 21:00,63.96,63.7,64.6,60,1.0
2025-03-22 22:00,63.89,63.6,64.4,60,1.0
2025-03-22 23:00,63.94,63.6,64.3,60,1.0
2025-03-23 00:00,63.91,63.6,64.3,60,1.0
2025-03-23 01:00,64.47,64.0,65.0,60,1.0
2025-03-23 02:00,64.59,64.2,65.0,60,1.0
2025-03-23 03:00,64.61,64.3,65.0,60,1.0
2025-03-23 04:00,64.73,64.3,65.3,60,1.0
2025-03-23 05:00,64.84,64.5,65.5,60,1.0
2025-03-23 06:00,64.82,64.5,65.3,60,1.0
2025-03-23 07:00,64.78,64.5,65.3,60,1.0
2025-03-23 08:00,64.81,64.5,65.3,60,1.0
2025-03-23 09:00,64.74,64.4,65.3,60,1.0
2025-03-23 10:00,64.66,64.5,65.3,60,1.0
2025-03-23 11:00,64.71,64.5,65.2,60,1.0
2025-03-23 12:00,64.8,64.5,65.3,60,1.0
2025-03-23 13:00,64.73,64.4,65.3,60,1.0
2025-03-23 14:00,64.79,64.4,65.4,60,1.0
2025-03-23 15:00,64.74,64.5,65.2,60,1.0
2025-03-23 16:00,64.69,64.5,65.2,60,1.0
2025-03-23 17:00,64.7,64.5,65.1,60,1.0
2025-03-23 18:00,64.8,64.5,65.2,60,1.0
2025-03-23 19:00,64.82,64.5,65.3,60,1.0
2025-03-23 20:00,64.82,64.5,65.6,60,1.0
2025-03-23 21:00,64.84,64.5,65.3,60,1.0
2025-03-23 22:00,64.84,64.5,65.4,60,1.0
2025-03-23 23:00,64.82,64.6,65.3,60,1.0
2025-03-24 00:00,64.85,64.5,65.3,59,0.983
2025-03-24 01:00,64.88,64.5,65.2,60,1.0
2025-03-24 02:00,64.86,64.5,65.3,59,0.983
2025-03-24 03:00,64.83,64.5,65.4,60,1.0
2025-03-24 04:00,64.81,64.5,65.2,60,1.0
2025-03-24 05:00,64.86,64.5,65.4,60,1.0
2025-03-24 06:00,64.87,64.5,65.3,60,1.0
2025-03-24 07:00,64.87,64.5,65.3,59,0.983
2025-03-24 08:00,64.82,64.5,65.3,58,0.967
2025-03-24 09:00,64.78,64.6,65.3,60,1.0
2025-03-24 10:00,64.75,64.5,65.2,60,1.0
2025-03-24 11:00,64.8,64.5,65.2,60,1.0
2025-03-24 12:00,64.68,64.4,65.2,60,1.0
2025-03-24 13:00,64.61,64.4,65.1,60,1.0
2025-03-24 14:00,64.57,64.4,65.0,53,0.883
2025-03-24 15:00,64.56,64.4,64.9,51,0.85
2025-03-24 16:00,64.68,64.4,65.2,59,0.983
2025-03-24 17:00,64.58,64.3,65.2,59,0.983
2025-03-24 18:00,64.63,64.4,65.1,58,0.967
2025-03-24 19:00,64.6,64.3,65.2,60,1.0
2025-03-24 20:00,64.58,64.3,65.1,52,0.867
2025-03-24 21:00,64.59,64.2,65.2,56,0.933
2025-03-24 22:00,64.56,64.3,65.1,59,0.983
2025-03-24 23:00,64.54,64.2,65.1,47,0.783
2025-03-25 00:00,64.47,64.2,65.1,50,0.833
2025-03-25 01:00,64.52,64.3,65.1,57,0.95
2025-03-25 02:00,64.54,64.2,64.9,48,0.8
2025-03-25 03:00,64.56,64.2,65.1,45,0.75
2025-03-25 04:00,64.6,64.2,65.1,51,0.85
2025-03-25 05:00,64.52,64.2,65.0,47,0.783
2025-03-25 06:00,64.44,64.2,65.0,56,0.933
2025-03-25 07:00,64.45,64.2,64.9,60,1.0
2025-03-25 08:00,64.51,64.2,65.0,55,0.917
2025-03-25 09:00,64.53,64.2,65.0,59,0.983
2025-03-25 10:00,64.42,64.1,64.8,58,0.967
2025-03-25 11:00,64.35,64.1,64.8,60,1.0
2025-03-25 12:00,64.24,64.1,64.7,60,1.0
2025-03-25 13:00,64.25,64.0,64.8,60,1.0
2025-03-25 14:00,64.24,64.0,64.9,60,1.0
2025-03-25 15:00,64.31,64.0,65.0,60,1.0
2025-03-25 16:00,64.27,63.9,64.7,60,1.0
2025-03-25 17:00,64.25,63.9,64.7,60,1.0
2025-03-25 18:00,64.23,63.9,64.7,60,1.0
2025-03-25 19:00,64.12,63.8,64.7,60,1.0
2025-03-25 20:00,64.1,63.8,64.6,60,1.0
2025-03-25 21:00,64.08,63.8,64.6,60,1.0
2025-03-25 22:00,64.05,63.8,64.6,60,1.0
2025-03-25 23:00,64.03,63.8,64.6,60,1.0
2025-03-26 00:00,64.12,63.8,64.7,59,0.983
2025-03-26 01:00,64.13,63.8,64.7,60,1.0
2025-03-26 02:00,64.12,63.8,64.6,59,0.983
2025-03-26 03:00,64.16,63.8,64.5,60,1.0
2025-03-26 04:00,64.09,63.7,64.5,59,0.983
2025-03-26 05:00,64.08,63.7,64.5,60,1.0
2025-03-26 06:00,64.02,63.7,64.5,59,0.983
2025-03-26 07:00,64.04,63.7,64.5,60,1.0
2025-03-26 08:00,63.95,63.7,64.4,60,1.0
2025-03-26 09:00,64.02,63.7,64.4,59,0.983
2025-03-26 10:00,63.84,63.6,64.3,60,1.0
2025-03-26 11:00,63.8,63.6,64.4,60,1.0
2025-03-26 12:00,63.75,63.5,64.2,60,1.0
2025-03-26 13:00,63.8,63.5,64.4,59,0.983
2025-03-26 14:00,63.83,63.5,64.3,59,0.983
2025-03-26 15:00,63.9,63.6,64.3,60,1.0
2025-03-26 16:00,63.97,63.7,64.4,60,1.0
2025-03-26 17:00,64.06,63.7,64.7,60,1.0
2025-03-26 18:00,64.01,63.8,64.6,60,1.0
2025-03-26 19:00,64.04,63.8,64.5,60,1.0
2025-03-26 20:00,64.04,63.7,64.6,60,1.0
2025-03-26 21:00,64.1,63.8,64.6,60,1.0
2025-03-26 22:00,64.11,63.8,64.6,60,1.0
2025-03-26 23:00,64.17,63.8,64.5,60,1.0
2025-03-27 00:00,64.11,63.8,64.4,60,1.0
2025-03-27 01:00,64.11,63.8,64.6,60,1.0
2025-03-27 02:00,64.07,63.8,64.6,60,1.0
2025-03-27 03:00,64.11,63.8,64.6,60,1.0
2025-03-27 04:00,64.1,63.8,64.6,60,1.0
2025-03-27 05:00,64.12,63.8,64.6,60,1.0
2025-03-27 06:00,64.11,63.8,64.6,60,1.0
2025-03-27 07:00,64.04,63.8,64.5,60,1.0
2025-03-27 08:00,64.06,63.8,64.5,60,1.0
2025-03-27 09:00,64.06,63.8,64.4,60,1.0
2025-03-27 10:00,64.1,63.8,64.5,60,1.0
2025-03-27 11:00,64.18,63.6,64.7,55,0.917
2025-03-27 12:00,64.29,63.9,64.9,51,0.85
2025-03-27 13:00,64.34,64.0,64.9,60,1.0
2025-03-27 14:00,64.33,63.7,64.8,59,0.983
2025-03-27 15:00,64.18,63.5,64.8,56,0.933
2025-03-27 16:00,64.71,64.2,65.5,58,0.967
2025-03-27 17:00,65.03,64.5,65.6,60,1.0
2025-03-27 18:00,65.68,65.1,66.2,60,1.0
2025-03-27 19:00,65.93,65.0,66.7,55,0.917
2025-03-27 20:00,67.26,65.8,69.3,60,1.0
2025-03-27 21:00,73.53,68.7,80.1,59,0.983
2025-03-27 22:00,80.39,79.2,81.3,56,0.933
2025-03-27 23:00,80.45,79.9,81.1,52,0.867
2025-03-28 00:00,79.99,79.7,80.4,53,0.883
2025-03-28 01:00,79.85,79.3,80.6,59,0.983
2025-03-28 02:00,79.49,79.0,80.3,59,0.983
2025-03-28 03:00,79.26,78.8,80.0,60,1.0
2025-03-28 04:00,78.93,78.4,79.4,60,1.0
2025-03-28 05:00,78.54,78.2,79.1,59,0.983
2025-03-28 06:00,78.35,77.9,79.1,60,1.0
2025-03-28 07:00,78.13,77.7,78.7,59,0.983
2025-03-28 08:00,77.97,77.5,78.8,53,0.883
2025-03-28 09:00,77.75,77.2,78.3,48,0.8
2025-03-28 10:00,77.47,77.1,77.9,52,0.867
2025-03-28 11:00,77.2,76.7,78.0,42,0.7
2025-03-28 12:00,77.03,76.5,77.8,55,0.917
2025-03-28 13:00,76.76,76.3,77.4,60,1.0
2025-03-28 14:00,76.54,76.1,77.0,60,1.0
2025-03-28 15:00,76.33,75.9,77.0,57,0.95
2025-03-28 16:00,75.86,75.2,76.9,49,0.817
2025-03-28 17:00,75.66,75.2,76.3,51,0.85
2025-03-28 18:00,75.72,75.4,76.3,49,0.817
2025-03-28 19:00,76.05,75.5,76.7,58,0.967
2025-03-28 20:00,75.86,75.3,76.4,58,0.967
2025-03-28 21:00,75.61,75.2,76.2,57,0.95
2025-03-28 22:00,75.7,75.3,76.6,59,0.983
2025-03-28 23:00,75.74,75.3,76.4,60,1.0
2025-03-29 00:00,75.61,75.2,76.3,59,0.983
2025-03-29 01:00,75.54,75.2,76.3,60,1.0
2025-03-29 02:00,75.42,75.1,76.0,59,0.983
2025-03-29 03:00,75.36,75.0,75.9,60,1.0
2025-03-29 04:00,75.3,74.9,75.8,59,0.983
2025-03-29 05:00,75.09,74.8,75.8,60,1.0
2025-03-29 06:00,74.85,74.4,75.3,55,0.917
2025-03-29 07:00,74.65,74.2,75.3,51,0.85
2025-03-29 08:00,74.55,74.2,75.1,28,0.467
2025-03-29 09:00,74.55,74.2,75.1,24,0.4
2025-03-29 10:00,74.65,74.2,75.3,42,0.7
2025-03-29 11:00,74.5,74.1,74.9,46,0.767
2025-03-29 12:00,74.33,74.0,74.9,57,0.95
2025-03-29 13:00,74.43,74.0,75.1,57,0.95
2025-03-29 14:00,74.38,74.0,74.8,55,0.917
2025-03-29 15:00,74.33,74.0,75.0,58,0.967
2025-03-29 16:00,74.32,73.7,74.9,59,0.983
2025-03-29 17:00,73.76,73.4,74.6,58,0.967
2025-03-29 18:00,74.34,73.7,75.0,55,0.917
2025-03-29 19:00,76.12,74.5,77.4,60,1.0
2025-03-29 20:00,77.6,77.0,78.4,45,0.75
2025-03-29 21:00,78.0,77.6,78.7,22,0.367
2025-03-29 22:00,78.32,77.9,79.1,26,0.433
2025-03-29 23:00,78.73,78.4,79.4,19,0.317
2025-03-30 05:00,78.1,78.1,78.1,1,0.017
2025-03-30 06:00,77.94,77.7,78.5,8,0.133
2025-03-30 07:00,78.0,77.6,78.3,8,0.133
2025-03-30 08:00,77.7,77.5,77.9,2,0.033
2025-03-30 09:00,77.5,77.3,77.7,10,0.167
2025-03-30 10:00,77.58,77.3,78.2,12,0.2
2025-03-30 11:00,77.46,77.0,78.0,32,0.533
2025-03-30 12:00,77.13,76.8,77.6,49,0.817
2025-03-30 13:00,77.18,76.7,77.7,58,0.967
2025-03-30 14:00,77.04,76.5,77.5,60,1.0
2025-03-30 15:00,76.71,76.3,77.4,60,1.0
2025-03-30 16:00,76.61,76.2,77.4,60,1.0
2025-03-30 17:00,76.44,76.0,77.0,58,0.967
2025-03-30 18:00,76.23,75.9,76.8,58,0.967
2025-03-30 19:00,76.14,75.7,76.6,58,0.967
2025-03-30 20:00,75.94,75.6,76.5,52,0.867
2025-03-30 21:00,75.71,75.3,76.3,60,1.0
2025-03-30 22:00,75.52,75.2,76.1,60,1.0
2025-03-30 23:00,75.34,75.0,76.0,60,1.0
2025-03-31 00:00,75.24,74.8,75.8,60,1.0
2025-03-31 01:00,75.22,74.8,75.8,59,0.983
2025-03-31 02:00,74.88,74.6,75.4,59,0.983
2025-03-31 03:00,74.78,74.5,75.5,60,1.0
2025-03-31 04:00,74.67,74.4,75.2,59,0.983
2025-03-31 05:00,74.67,74.2,75.4,60,1.0
2025-03-31 06:00,74.44,74.2,75.0,58,0.967
2025-03-31 07:00,74.47,74.1,75.0,29,0.483
2025-03-31 08:00,74.34,74.0,74.9,40,0.667
2025-03-31 09:00,74.1,73.5,74.8,58,0.967
2025-03-31 10:00,74.12,73.7,74.8,59,0.983
2025-03-31 11:00,74.3,73.9,74.6,23,0.383
2025-03-31 12:00,74.48,74.0,75.1,50,0.833
2025-03-31 13:00,74.43,74.1,75.2,53,0.883
2025-03-31 14:00,74.46,74.1,75.1,60,1.0
2025-03-31 15:00,74.44,74.1,75.1,60,1.0
2025-03-31 16:00,74.48,74.0,75.0,60,1.0
2025-03-31 17:00,74.37,73.9,74.9,60,1.0
2025-03-31 18:00,74.26,73.8,74.9,60,1.0
2025-03-31 19:00,74.18,73.8,74.7,58,0.967
2025-03-31 20:00,73.94,73.6,74.5,60,1.0
2025-03-31 21:00,73.81,73.5,74.4,60,1.0
2025-03-31 22:00,73.72,73.3,74.2,60,1.0
2025-03-31 23:00,73.59,73.2,74.1,60,1.0
2025-04-01 00:00,73.47,73.1,74.0,59,0.983
2025-04-01 01:00,73.38,72.9,74.0,60,1.0
2025-04-01 02:00,73.13,72.7,73.6,60,1.0
2025-04-01 03:00,73.14,72.7,73.7,60,1.0
2025-04-01 04:00,72.84,72.6,73.4,60,1.0
2025-04-01 05:00,72.84,72.4,73.4,59,0.983
2025-04-01 06:00,72.68,72.3,73.2,60,1.0
2025-04-01 07:00,72.54,72.2,73.1,60,1.0
2025-04-01 08:00,72.51,72.1,73.1,60,1.0
2025-04-01 09:00,72.35,72.0,72.8,60,1.0
2025-04-01 10:00,72.21,71.9,72.8,59,0.983
2025-04-01 11:00,72.07,71.7,72.5,53,0.883
2025-04-01 12:00,71.82,71.5,72.3,57,0.95
2025-04-01 13:00,71.81,71.5,72.4,60,1.0
2025-04-01 14:00,71.76,71.4,72.3,60,1.0
2025-04-01 15:00,71.59,71.2,72.1,60,1.0
2025-04-01 16:00,71.41,71.2,72.0,51,0.85
2025-04-01 17:00,71.35,71.1,71.8,50,0.833
2025-04-01 18:00,71.27,70.9,71.8,60,1.0
2025-04-01 19:00,71.18,70.9,71.9,60,1.0
2025-04-01 20:00,71.17,70.9,71.7,59,0.983
2025-04-01 21:00,71.18,70.8,71.6,60,1.0
2025-04-01 22:00,71.02,70.7,71.7,60,1.0
2025-04-01 23:00,70.98,70.6,71.5,60,1.0
2025-04-02 00:00,70.89,70.6,71.5,60,1.0
2025-04-02 01:00,70.77,70.4,71.2,60,1.0
2025-04-02 02:00,70.64,70.3,71.3,60,1.0
2025-04-02 03:00,70.52,70.3,71.0,60,1.0
2025-04-02 04:00,70.55,70.3,71.0,60,1.0
2025-04-02 05:00,70.51,70.2,71.0,60,1.0
2025-04-02 06:00,70.39,70.1,70.9,59,0.983
2025-04-02 07:00,70.26,70.0,70.8,60,1.0
2025-04-02 08:00,70.19,69.9,70.8,59,0.983
2025-04-02 09:00,70.09,69.8,70.6,58,0.967
2025-04-02 10:00,70.05,69.7,70.5,60,1.0
2025-04-02 11:00,69.77,69.6,70.3,60,1.0
2025-04-02 12:00,69.82,69.5,70.2,60,1.0
2025-04-02 13:00,69.69,69.5,70.2,59,0.983
2025-04-02 14:00,69.6,69.4,70.2,60,1.0
2025-04-02 15:00,69.57,69.3,70.1,60,1.0
2025-04-02 16:00,69.61,69.3,70.1,59,0.983
2025-04-02 17:00,69.55,69.2,70.0,59,0.983
2025-04-02 18:00,69.4,69.1,69.8,60,1.0
2025-04-02 19:00,69.41,69.1,69.8,60,1.0
2025-04-02 20:00,69.31,69.1,70.0,60,1.0
2025-04-02 21:00,69.31,69.0,69.8,58,0.967
2025-04-02 22:00,69.32,68.9,69.9,58,0.967
2025-04-02 23:00,69.23,69.0,69.7,59,0.983
2025-04-03 00:00,69.27,68.9,69.7,60,1.0
2025-04-03 01:00,69.12,68.8,69.6,60,1.0
2025-04-03 02:00,69.04,68.8,69.6,60,1.0
2025-04-03 03:00,68.97,68.8,69.8,60,1.0
2025-04-03 04:00,68.93,68.8,69.4,60,1.0
2025-04-03 05:00,68.99,68.7,69.6,60,1.0
2025-04-03 06:00,69.06,68.7,69.5,60,1.0
2025-04-03 07:00,68.9,68.6,69.3,60,1.0
2025-04-03 08:00,68.96,68.7,69.6,60,1.0
2025-04-03 09:00,68.91,68.5,69.5,60,1.0
2025-04-03 10:00,68.63,68.4,69.3,60,1.0
2025-04-03 11:00,68.69,68.3,69.1,59,0.983
2025-04-03 12:00,68.51,68.3,68.9,59,0.983
2025-04-03 13:00,68.4,68.2,69.0,60,1.0
2025-04-03 14:00,68.37,68.1,68.9,60,1.0
2025-04-03 15:00,68.39,68.1,68.9,59,0.983
2025-04-03 16:00,68.38,68.1,68.8,59,0.983
2025-04-03 17:00,68.3,68.0,69.0,48,0.8
2025-04-03 18:00,68.27,68.0,68.8,58,0.967
2025-04-03 19:00,68.23,68.0,68.8,60,1.0
2025-04-03 20:00,68.12,67.9,68.7,60,1.0
2025-04-03 21:00,68.11,67.8,68.7,60,1.0
2025-04-03 22:00,68.07,67.8,68.6,60,1.0
2025-04-03 23:00,68.03,67.8,68.6,60,1.0
2025-04-04 00:00,67.97,67.7,68.4,60,1.0
2025-04-04 01:00,67.9,67.7,68.4,59,0.983
2025-04-04 02:00,67.85,67.6,68.3,60,1.0
2025-04-04 03:00,67.84,67.6,68.2,60,1.0
2025-04-04 04:00,67.82,67.6,68.3,60,1.0
2025-04-04 05:00,67.7,67.5,68.1,60,1.0
2025-04-04 06:00,67.8,67.5,68.3,60,1.0
2025-04-04 07:00,67.78,67.4,68.2,60,1.0
2025-04-04 08:00,67.72,67.4,68.3,60,1.0
2025-04-04 09:00,67.67,67.4,68.1,49,0.817
2025-04-04 10:00,67.53,67.2,68.1,55,0.917
2025-04-04 11:00,67.46,67.2,67.9,45,0.75
2025-04-04 12:00,67.29,67.1,67.8,56,0.933
2025-04-04 13:00,67.31,67.1,67.9,60,1.0
2025-04-04 14:00,67.38,67.0,68.1,60,1.0
2025-04-04 15:00,67.33,67.0,67.8,60,1.0
2025-04-04 16:00,67.29,67.0,67.7,60,1.0
2025-04-04 17:00,67.19,67.0,67.6,60,1.0
2025-04-04 18:00,67.25,67.0,67.8,60,1.0
2025-04-04 19:00,67.18,66.9,67.7,60,1.0
2025-04-04 20:00,67.14,66.9,67.8,60,1.0
2025-04-04 21:00,67.23,66.8,67.6,60,1.0
2025-04-04 22:00,67.19,66.8,67.6,60,1.0
2025-04-04 23:00,67.11,66.8,67.6,60,1.0
2025-04-05 00:00,66.99,66.7,67.4,60,1.0
2025-04-05 01:00,66.92,66.7,67.4,60,1.0
2025-04-05 02:00,66.88,66.7,67.4,60,1.0
2025-04-05 03:00,66.95,66.7,67.5,60,1.0
2025-04-05 04:00,67.01,66.6,67.5,60,1.0
2025-04-05 05:00,67.0,66.6,67.4,60,1.0
2025-04-05 06:00,66.86,66.6,67.3,60,1.0
2025-04-05 07:00,66.82,66.6,67.3,60,1.0
2025-04-05 08:00,66.84,66.5,67.4,60,1.0
2025-04-05 09:00,66.79,66.5,67.2,60,1.0
2025-04-05 10:00,66.56,66.4,67.1,60,1.0
2025-04-05 11:00,66.52,66.3,67.0,60,1.0
2025-04-05 12:00,66.52,66.2,67.0,60,1.0
2025-04-05 13:00,66.5,66.2,67.1,60,1.0
2025-04-05 14:00,66.43,66.2,67.0,60,1.0
2025-04-05 15:00,66.38,66.2,66.9,59,0.983
2025-04-05 16:00,66.4,66.1,66.9,60,1.0
2025-04-05 17:00,66.35,66.1,66.7,60,1.0
2025-04-05 18:00,66.36,66.0,66.9,60,1.0
2025-04-05 19:00,66.24,66.1,66.8,60,1.0
2025-04-05 20:00,66.3,66.0,66.7,60,1.0
2025-04-05 21:00,66.34,66.0,66.8,60,1.0
2025-04-05 22:00,66.31,66.0,66.8,60,1.0
2025-04-05 23:00,66.17,65.9,66.6,60,1.0
2025-04-06 00:00,66.11,65.9,66.6,60,1.0
2025-04-06 01:00,66.12,65.9,66.6,60,1.0
2025-04-06 02:00,66.22,65.9,66.7,60,1.0
2025-04-06 03:00,66.22,65.9,66.7,60,1.0
2025-04-06 04:00,66.18,65.9,66.7,60,1.0
2025-04-06 05:00,66.18,65.8,66.6,60,1.0
2025-04-06 06:00,66.1,65.8,66.6,60,1.0
2025-04-06 07:00,66.07,65.8,66.5,60,1.0
2025-04-06 08:00,66.08,65.8,66.5,60,1.0
2025-04-06 09:00,65.99,65.7,66.5,60,1.0
2025-04-06 10:00,65.94,65.6,66.4,59,0.983
2025-04-06 11:00,65.87,65.6,66.2,60,1.0
2025-04-06 12:00,65.77,65.5,66.1,60,1.0
2025-04-06 13:00,65.75,65.5,66.4,60,1.0
2025-04-06 14:00,65.77,65.5,66.2,60,1.0
2025-04-06 15:00,65.78,65.5,66.3,60,1.0
2025-04-06 16:00,65.85,65.4,66.4,60,1.0
2025-04-06 17:00,65.98,65.4,66.7,60,1.0
2025-04-06 18:00,66.41,66.1,66.8,59,0.983
2025-04-06 19:00,66.51,66.0,67.0,60,1.0
2025-04-06 20:00,66.39,66.0,66.9,60,1.0
2025-04-06 21:00,66.37,66.0,66.9,60,1.0
2025-04-06 22:00,66.27,66.0,66.7,58,0.967
2025-04-06 23:00,66.19,66.0,66.7,59,0.983
2025-04-07 00:00,66.13,65.8,66.5,60,1.0
2025-04-07 01:00,66.04,65.8,66.4,60,1.0
2025-04-07 02:00,66.03,65.8,66.5,60,1.0
2025-04-07 03:00,66.16,65.8,66.6,60,1.0
2025-04-07 04:00,66.18,65.7,66.6,60,1.0
2025-04-07 05:00,66.06,65.7,66.5,60,1.0
2025-04-07 06:00,65.92,65.7,66.7,52,0.867
2025-04-07 07:00,65.85,65.7,66.3,54,0.9
2025-04-07 08:00,65.83,65.6,66.2,54,0.9
2025-04-07 09:00,65.7,65.5,66.2,48,0.8
2025-04-07 10:00,65.64,65.3,66.2,57,0.95
2025-04-07 11:00,65.52,65.2,66.3,60,1.0
2025-04-07 12:00,65.42,65.2,65.9,60,1.0
2025-04-07 13:00,65.4,65.2,66.0,60,1.0
2025-04-07 14:00,65.48,65.2,65.9,59,0.983
2025-04-07 15:00,65.38,65.1,65.7,60,1.0
2025-04-07 16:00,65.37,65.1,65.8,60,1.0
2025-04-07 17:00,65.3,65.0,65.8,60,1.0
2025-04-07 18:00,65.22,65.0,65.7,60,1.0
2025-04-07 19:00,65.13,65.0,65.6,60,1.0
2025-04-07 20:00,65.19,65.0,65.5,60,1.0
2025-04-07 21:00,65.26,64.9,65.8,60,1.0
2025-04-07 22:00,65.24,64.9,65.6,60,1.0
2025-04-07 23:00,65.08,64.9,65.6,60,1.0
2025-04-08 00:00,65.01,64.9,65.5,60,1.0
2025-04-08 01:00,65.01,64.8,65.4,59,0.983
2025-04-08 02:00,64.99,64.8,65.4,60,1.0
2025-04-08 03:00,64.97,64.8,65.5,60,1.0
2025-04-08 04:00,64.98,64.7,65.6,60,1.0
2025-04-08 05:00,64.89,64.7,65.3,58,0.967
2025-04-08 06:00,64.88,64.7,65.3,60,1.0
2025-04-08 07:00,64.94,64.7,65.3,60,1.0
2025-04-08 08:00,64.81,64.6,65.5,60,1.0
2025-04-08 09:00,64.78,64.6,65.2,60,1.0
2025-04-08 10:00,64.74,64.5,65.4,60,1.0
2025-04-08 11:00,64.73,64.5,65.2,60,1.0
2025-04-08 12:00,64.71,64.4,65.1,60,1.0
2025-04-08 13:00,64.59,64.4,64.9,60,1.0
2025-04-08 14:00,64.58,64.4,65.1,60,1.0
2025-04-08 15:00,64.63,64.4,65.1,59,0.983
2025-04-08 16:00,64.58,64.3,65.0,60,1.0
2025-04-08 17:00,64.59,64.3,65.1,60,1.0
2025-04-08 18:00,64.6,64.3,65.1,60,1.0
2025-04-08 19:00,64.42,64.3,65.1,59,0.983
2025-04-08 20:00,64.43,64.3,64.9,60,1.0
2025-04-08 21:00,64.42,64.2,64.9,60,1.0
2025-04-08 22:00,64.54,64.2,65.0,59,0.983
2025-04-08 23:00,64.45,64.2,64.9,60,1.0
2025-04-09 00:00,64.32,64.2,64.8,60,1.0
2025-04-09 01:00,64.39,64.2,64.9,59,0.983
2025-04-09 02:00,64.34,64.2,64.9,60,1.0
2025-04-09 03:00,64.39,64.1,65.0,60,1.0
2025-04-09 04:00,64.38,64.1,65.0,60,1.0
2025-04-09 05:00,64.27,64.1,64.8,60,1.0
2025-04-09 06:00,64.29,64.1,64.9,60,1.0
2025-04-09 07:00,64.37,64.1,64.8,60,1.0
2025-04-09 08:00,64.33,64.1,64.8,60,1.0
2025-04-09 09:00,64.31,64.0,64.8,60,1.0
2025-04-09 10:00,64.26,63.9,64.7,60,1.0
2025-04-09 11:00,64.12,63.9,64.6,60,1.0
2025-04-09 12:00,64.01,63.8,64.7,60,1.0
2025-04-09 13:00,64.05,63.8,64.5,59,0.983
2025-04-09 14:00,63.98,63.8,64.6,59,0.983
2025-04-09 15:00,63.99,63.7,64.5,53,0.883
2025-04-09 16:00,63.89,63.7,64.4,57,0.95
2025-04-09 17:00,63.89,63.7,64.3,42,0.7
2025-04-09 18:00,63.91,63.7,64.4,58,0.967
2025-04-09 19:00,63.99,63.7,64.4,60,1.0
2025-04-09 20:00,63.87,63.7,64.4,60,1.0
2025-04-09 21:00,63.88,63.7,64.4,60,1.0
2025-04-09 22:00,63.92,63.7,64.4,60,1.0
2025-04-09 23:00,63.95,63.6,64.3,60,1.0
2025-04-10 00:00,63.94,63.7,64.4,60,1.0
2025-04-10 01:00,63.82,63.6,64.2,60,1.0
2025-04-10 02:00,63.79,63.6,64.2,60,1.0
2025-04-10 03:00,63.73,63.6,64.2,60,1.0
2025-04-10 04:00,63.82,63.6,64.4,60,1.0
2025-04-10 05:00,63.85,63.6,64.3,60,1.0
2025-04-10 06:00,63.78,63.6,64.3,60,1.0
2025-04-10 07:00,63.84,63.6,64.3,60,1.0
2025-04-10 08:00,63.94,63.7,64.3,60,1.0
2025-04-10 09:00,63.9,63.6,64.3,60,1.0
2025-04-10 10:00,63.86,63.6,64.4,60,1.0
2025-04-10 11:00,63.72,63.4,64.1,60,1.0
2025-04-10 12:00,63.64,63.4,64.2,60,1.0
2025-04-10 13:00,63.62,63.4,64.2,60,1.0
2025-04-10 14:00,63.63,63.4,64.1,60,1.0
2025-04-10 15:00,63.56,63.3,64.0,60,1.0
2025-04-10 16:00,63.55,63.3,64.1,60,1.0
2025-04-10 17:00,63.56,63.3,64.0,60,1.0
2025-04-10 18:00,63.53,63.3,64.0,59,0.983
2025-04-10 19:00,63.51,63.3,64.0,60,1.0
2025-04-10 20:00,63.54,63.3,63.9,60,1.0
2025-04-10 21:00,63.52,63.3,63.9,60,1.0
2025-04-10 22:00,63.46,63.2,64.0,59,0.983
2025-04-10 23:00,63.4,63.3,63.8,60,1.0
2025-04-11 00:00,63.39,63.2,63.9,60,1.0
2025-04-11 01:00,63.49,63.3,64.1,59,0.983
2025-04-11 02:00,63.42,63.2,63.9,60,1.0
2025-04-11 03:00,63.51,63.2,64.0,60,1.0
2025-04-11 04:00,63.46,63.2,63.9,60,1.0
2025-04-11 05:00,63.49,63.2,64.0,57,0.95
2025-04-11 06:00,63.42,63.2,63.9,60,1.0
2025-04-11 07:00,63.45,63.2,64.0,59,0.983
2025-04-11 08:00,63.5,63.2,63.9,59,0.983
2025-04-11 09:00,63.39,63.2,63.8,60,1.0
2025-04-11 10:00,63.38,63.1,64.0,59,0.983
2025-04-11 11:00,63.24,62.9,63.7,60,1.0
2025-04-11 12:00,63.15,63.0,63.7,60,1.0
2025-04-11 13:00,63.23,62.9,63.6,60,1.0
2025-04-11 14:00,63.11,62.9,63.6,59,0.983
2025-04-11 15:00,63.07,62.9,63.5,60,1.0
2025-04-11 16:00,63.1,62.9,63.6,60,1.0
2025-04-11 17:00,63.17,62.9,63.7,60,1.0
2025-04-11 18:00,63.1,62.9,63.6,60,1.0
2025-04-11 19:00,63.08,62.9,63.5,60,1.0
2025-04-11 20:00,63.18,62.9,63.6,60,1.0
2025-04-11 21:00,63.04,62.8,63.7,59,0.983
2025-04-11 22:00,63.0,62.8,63.4,60,1.0
2025-04-11 23:00,63.04,62.8,63.4,60,1.0
2025-04-12 00:00,62.98,62.8,63.3,54,0.9
2025-04-12 01:00,63.05,62.8,63.5,48,0.8
2025-04-12 02:00,63.13,62.8,63.6,48,0.8
2025-04-12 03:00,63.15,62.8,63.5,44,0.733
2025-04-12 04:00,63.07,62.8,63.8,47,0.783
2025-04-12 05:00,63.13,62.8,63.6,58,0.967
2025-04-12 06:00,63.06,62.8,63.5,59,0.983
2025-04-12 07:00,63.0,62.8,63.5,45,0.75
2025-04-12 08:00,63.0,62.8,63.4,59,0.983
2025-04-12 09:00,63.02,62.7,63.4,60,1.0
2025-04-12 10:00,62.93,62.7,63.4,58,0.967
2025-04-12 11:00,62.83,62.6,63.2,60,1.0
2025-04-12 12:00,62.88,62.6,63.4,60,1.0
2025-04-12 13:00,62.87,62.5,63.3,60,1.0
2025-04-12 14:00,62.86,62.6,63.2,60,1.0
2025-04-12 15:00,62.68,62.5,63.1,59,0.983
2025-04-12 16:00,62.62,62.5,63.1,60,1.0
2025-04-12 17:00,62.63,62.4,63.3,59,0.983
2025-04-12 18:00,62.7,62.4,63.1,58,0.967
2025-04-12 19:00,62.68,62.4,63.1,60,1.0
2025-04-12 20:00,62.64,62.4,63.1,60,1.0
2025-04-12 21:00,62.64,62.4,63.1,58,0.967
2025-04-12 22:00,62.58,62.4,63.1,59,0.983
2025-04-12 23:00,62.67,62.4,63.1,59,0.983
2025-04-13 00:00,62.71,62.4,63.1,60,1.0
2025-04-13 01:00,62.72,62.4,63.1,58,0.967
2025-04-13 02:00,62.69,62.4,63.1,59,0.983
2025-04-13 03:00,62.64,62.4,63.1,60,1.0
2025-04-13 04:00,62.6,62.3,63.0,59,0.983
2025-04-13 05:00,62.61,62.4,63.0,59,0.983
2025-04-13 06:00,62.61,62.4,63.1,60,1.0
2025-04-13 07:00,62.62,62.4,63.1,59,0.983
2025-04-13 08:00,62.64,62.4,63.1,59,0.983
2025-04-13 09:00,62.63,62.4,63.3,59,0.983
2025-04-13 10:00,62.63,62.4,63.1,60,1.0
2025-04-13 11:00,62.57,62.3,63.0,60,1.0
2025-04-13 12:00,62.52,62.2,62.9,59,0.983
2025-04-13 13:00,62.4,62.2,62.9,60,1.0
2025-04-13 14:00,62.31,62.1,62.8,60,1.0
2025-04-13 15:00,62.24,62.1,62.6,60,1.0
2025-04-13 16:00,62.25,62.1,62.7,60,1.0
2025-04-13 17:00,62.28,62.0,62.7,60,1.0
2025-04-13 18:00,62.29,62.0,62.8,60,1.0
2025-04-13 19:00,62.25,62.0,62.8,59,0.983
2025-04-13 20:00,62.31,62.0,62.8,60,1.0
2025-04-13 21:00,62.27,62.0,62.8,58,0.967
2025-04-13 22:00,62.23,62.0,62.7,58,0.967
2025-04-13 23:00,62.26,62.0,62.8,60,1.0
2025-04-14 00:00,62.14,62.0,62.5,60,1.0
2025-04-14 01:00,62.2,62.0,62.7,59,0.983
2025-04-14 02:00,62.2,62.0,62.7,60,1.0
2025-04-14 03:00,62.19,62.0,62.7,59,0.983
2025-04-14 04:00,62.19,62.0,62.5,60,1.0
2025-04-14 05:00,62.21,62.0,62.7,59,0.983
2025-04-14 06:00,62.15,62.0,62.7,60,1.0
2025-04-14 07:00,62.18,62.0,62.6,60,1.0
2025-04-14 08:00,62.26,62.0,62.9,59,0.983
2025-04-14 09:00,62.22,62.0,62.7,57,0.95
2025-04-14 10:00,62.3,62.0,62.7,60,1.0
2025-04-14 11:00,62.21,61.9,62.6,60,1.0
2025-04-14 12:00,62.15,61.9,62.7,60,1.0
2025-04-14 13:00,62.17,61.9,62.5,59,0.983
2025-04-14 14:00,62.07,61.8,62.5,60,1.0
2025-04-14 15:00,62.03,61.8,62.4,59,0.983
2025-04-14 16:00,62.12,61.9,62.6,60,1.0
2025-04-14 17:00,62.21,62.0,62.6,59,0.983
2025-04-14 18:00,62.22,62.0,62.7,58,0.967
2025-04-14 19:00,62.28,62.0,62.7,59,0.983
2025-04-14 20:00,62.32,62.0,62.7,60,1.0
2025-04-14 21:00,62.36,62.0,62.8,60,1.0
2025-04-14 22:00,62.58,62.3,63.0,60,1.0
2025-04-14 23:00,62.55,62.3,63.2,60,1.0
2025-04-15 00:00,62.58,62.3,63.1,60,1.0
2025-04-15 01:00,62.6,62.3,63.2,60,1.0
2025-04-15 02:00,62.67,62.4,63.2,59,0.983
2025-04-15 03:00,62.82,62.5,63.3,60,1.0
2025-04-15 04:00,62.97,62.7,63.6,60,1.0
2025-04-15 05:00,63.1,62.8,63.6,58,0.967
2025-04-15 06:00,63.17,62.9,63.7,57,0.95
2025-04-15 07:00,63.28,62.9,63.7,58,0.967
2025-04-15 08:00,63.5,63.1,63.9,60,1.0
2025-04-15 09:00,63.7,63.4,64.3,60,1.0
2025-04-15 10:00,63.98,63.6,64.6,60,1.0
2025-04-15 11:00,64.29,63.9,64.9,60,1.0
2025-04-15 12:00,64.48,64.2,65.0,60,1.0
2025-04-15 13:00,64.7,64.4,65.2,60,1.0
2025-04-15 14:00,64.9,64.5,65.4,60,1.0
2025-04-15 15:00,64.96,64.7,65.5,58,0.967
2025-04-15 16:00,65.02,64.8,65.5,60,1.0
2025-04-15 17:00,65.14,64.9,65.7,60,1.0
2025-04-15 18:00,65.25,65.0,65.7,60,1.0
2025-04-15 19:00,65.36,65.1,65.8,59,0.983
2025-04-15 20:00,65.44,65.1,66.0,60,1.0
2025-04-15 21:00,65.44,65.2,66.0,60,1.0
2025-04-15 22:00,65.48,65.2,66.0,60,1.0
2025-04-15 23:00,65.55,65.2,66.1,59,0.983
2025-04-16 00:00,65.54,65.2,66.0,60,1.0
2025-04-16 01:00,65.56,65.3,66.1,59,0.983
2025-04-16 02:00,65.61,65.3,66.2,60,1.0
2025-04-16 03:00,65.64,65.2,66.2,60,1.0
2025-04-16 04:00,65.6,65.3,66.1,58,0.967
2025-04-16 05:00,65.61,65.3,66.1,60,1.0
2025-04-16 06:00,65.56,65.3,66.1,60,1.0
2025-04-16 07:00,65.55,65.3,66.1,60,1.0
2025-04-16 08:00,65.52,65.3,66.0,60,1.0
2025-04-16 09:00,65.46,65.2,65.9,60,1.0
2025-04-16 10:00,65.52,65.1,65.9,60,1.0
2025-04-16 11:00,65.36,65.0,65.9,60,1.0
2025-04-16 12:00,65.17,65.0,65.7,60,1.0
2025-04-16 13:00,65.14,64.9,65.6,60,1.0
2025-04-16 14:00,65.08,64.8,65.6,60,1.0
2025-04-16 15:00,65.17,64.8,65.5,47,0.783
2025-04-16 16:00,64.91,64.7,65.4,56,0.933
2025-04-16 17:00,64.9,64.7,65.3,60,1.0
2025-04-16 18:00,64.89,64.7,65.3,60,1.0
2025-04-16 19:00,65.22,64.7,65.9,60,1.0
2025-04-16 20:00,65.31,65.0,65.9,59,0.983
2025-04-16 21:00,65.18,65.0,65.6,60,1.0
2025-04-16 22:00,65.15,64.9,65.7,59,0.983
2025-04-16 23:00,65.19,64.8,65.7,60,1.0
2025-04-17 00:00,65.12,64.8,65.5,60,1.0
2025-04-17 01:00,65.03,64.8,65.5,60,1.0
2025-04-17 02:00,64.97,64.7,65.4,60,1.0
2025-04-17 03:00,64.99,64.7,65.4,60,1.0
2025-04-17 04:00,64.93,64.7,65.4,60,1.0
2025-04-17 05:00,65.04,64.7,65.5,60,1.0
2025-04-17 06:00,65.24,64.9,65.8,60,1.0
2025-04-17 07:00,65.22,64.9,65.7,60,1.0
2025-04-17 08:00,65.17,64.9,65.8,59,0.983
2025-04-17 09:00,65.14,64.8,65.7,59,0.983
2025-04-17 10:00,65.12,64.8,65.9,60,1.0
2025-04-17 11:00,65.08,64.8,65.8,60,1.0
2025-04-17 12:00,65.24,64.9,65.8,60,1.0
2025-04-17 13:00,65.35,64.9,65.8,60,1.0
2025-04-17 14:00,65.35,65.0,65.7,60,1.0
2025-04-17 15:00,65.38,65.1,65.9,60,1.0
2025-04-17 16:00,65.47,65.2,66.0,60,1.0
2025-04-17 17:00,65.44,65.2,66.0,60,1.0
2025-04-17 18:00,65.55,65.2,66.1,60,1.0
2025-04-17 19:00,65.59,65.3,66.2,60,1.0
2025-04-17 20:00,65.7,65.3,66.4,60,1.0
2025-04-17 21:00,65.75,65.4,66.3,60,1.0
2025-04-17 22:00,65.7,65.5,66.2,60,1.0
2025-04-17 23:00,65.74,65.5,66.3,60,1.0
2025-04-18 00:00,65.73,65.5,66.1,60,1.0
2025-04-18 01:00,65.78,65.5,66.3,60,1.0
2025-04-18 02:00,65.79,65.6,66.3,60,1.0
2025-04-18 03:00,65.83,65.5,66.4,60,1.0
2025-04-18 04:00,65.86,65.6,66.3,60,1.0
2025-04-18 05:00,65.89,65.5,66.5,60,1.0
2025-04-18 06:00,65.88,65.5,66.4,59,0.983
2025-04-18 07:00,65.91,65.6,66.5,59,0.983
2025-04-18 08:00,65.91,65.6,66.4,60,1.0
2025-04-18 09:00,65.85,65.5,66.4,60,1.0
2025-04-18 10:00,65.83,65.5,66.4,60,1.0
2025-04-18 11:00,65.79,65.5,66.2,60,1.0
2025-04-18 12:00,65.74,65.4,66.3,59,0.983
2025-04-18 13:00,65.66,65.4,66.2,59,0.983
2025-04-18 14:00,65.71,65.4,66.2,59,0.983
2025-04-18 15:00,65.59,65.3,66.1,60,1.0
2025-04-18 16:00,65.66,65.3,66.2,60,1.0
2025-04-18 17:00,65.62,65.3,66.2,60,1.0
2025-04-18 18:00,65.63,65.3,66.1,60,1.0
2025-04-18 19:00,65.56,65.3,66.2,60,1.0
2025-04-18 20:00,65.62,65.3,66.0,60,1.0
2025-04-18 21:00,65.64,65.3,66.1,55,0.917
2025-04-18 22:00,65.49,65.3,65.9,58,0.967
2025-04-18 23:00,65.46,65.2,66.0,60,1.0
2025-04-19 00:00,65.43,65.2,65.8,60,1.0
2025-04-19 01:00,65.5,65.2,66.0,60,1.0
2025-04-19 02:00,65.48,65.2,66.0,60,1.0
2025-04-19 03:00,65.52,65.2,66.0,60,1.0
2025-04-19 04:00,65.46,65.2,65.9,54,0.9
2025-04-19 05:00,65.53,65.2,65.9,53,0.883
2025-04-19 06:00,65.45,65.1,65.8,57,0.95
2025-04-19 07:00,65.4,65.1,65.8,60,1.0
2025-04-19 08:00,65.42,65.1,65.9,60,1.0
2025-04-19 09:00,65.26,64.9,65.7,60,1.0
2025-04-19 10:00,65.2,64.8,65.7,59,0.983
2025-04-19 11:00,65.11,64.8,65.7,59,0.983
2025-04-19 12:00,65.04,64.7,65.5,50,0.833
2025-04-19 13:00,64.87,64.6,65.5,58,0.967
2025-04-19 14:00,64.81,64.6,65.4,59,0.983
2025-04-19 15:00,64.88,64.6,65.5,60,1.0
2025-04-19 16:00,64.83,64.5,65.2,59,0.983
2025-04-19 17:00,64.77,64.5,65.3,60,1.0
2025-04-19 18:00,64.79,64.5,65.3,55,0.917
2025-04-19 19:00,64.69,64.5,65.2,44,0.733
2025-04-19 20:00,64.75,64.5,65.2,59,0.983
2025-04-19 21:00,64.76,64.4,65.2,60,1.0
2025-04-19 22:00,64.7,64.4,65.3,60,1.0
2025-04-19 23:00,64.66,64.4,65.3,60,1.0
2025-04-20 00:00,64.6,64.4,65.1,60,1.0
2025-04-20 01:00,64.64,64.4,65.3,60,1.0
2025-04-20 02:00,64.63,64.4,65.3,60,1.0
2025-04-20 03:00,64.56,64.4,64.9,60,1.0
2025-04-20 04:00,64.58,64.4,65.0,60,1.0
2025-04-20 05:00,64.52,64.3,65.0,60,1.0
2025-04-20 06:00,64.6,64.3,65.2,60,1.0
2025-04-20 07:00,64.66,64.3,65.1,39,0.65
2025-04-22 09:00,63.11,62.8,63.5,58,0.967
2025-04-22 10:00,62.92,62.7,63.4,60,1.0
2025-04-22 11:00,62.86,62.6,63.3,60,1.0
2025-04-22 12:00,62.83,62.6,63.3,60,1.0
2025-04-22 13:00,62.82,62.5,63.3,60,1.0
2025-04-22 14:00,62.78,62.5,63.1,60,1.0
2025-04-22 15:00,62.69,62.5,63.1,58,0.967
2025-04-22 16:00,62.72,62.5,63.2,60,1.0
2025-04-22 17:00,62.8,62.5,63.2,60,1.0
2025-04-22 18:00,62.71,62.5,63.2,60,1.0
2025-04-22 19:00,62.67,62.4,63.2,60,1.0
2025-04-22 20:00,62.72,62.5,63.1,60,1.0
2025-04-22 21:00,62.69,62.4,63.1,54,0.9
2025-04-22 22:00,62.6,62.4,63.1,53,0.883
2025-04-22 23:00,62.6,62.4,63.2,46,0.767
2025-04-23 00:00,62.55,62.3,63.1,60,1.0
2025-04-23 01:00,62.61,62.3,63.1,60,1.0
2025-04-23 02:00,62.61,62.3,63.1,59,0.983
2025-04-23 03:00,62.66,62.4,63.1,60,1.0
2025-04-23 04:00,62.73,62.4,63.2,60,1.0
2025-04-23 05:00,62.77,62.5,63.2,59,0.983
2025-04-23 06:00,62.72,62.5,63.2,60,1.0
2025-04-23 07:00,62.77,62.5,63.3,60,1.0
2025-04-23 08:00,62.79,62.5,63.4,60,1.0
2025-04-23 09:00,62.72,62.4,63.2,60,1.0
2025-04-23 10:00,62.75,62.4,63.2,60,1.0
2025-04-23 11:00,62.62,62.4,63.1,60,1.0
2025-04-23 12:00,62.62,62.4,63.0,60,1.0
2025-04-23 13:00,62.58,62.3,63.0,60,1.0
2025-04-23 14:00,62.49,62.3,62.8,60,1.0
2025-04-23 15:00,62.48,62.2,63.0,60,1.0
2025-04-23 16:00,62.48,62.2,63.0,60,1.0
2025-04-23 17:00,62.42,62.2,62.9,60,1.0
2025-04-23 18:00,62.48,62.2,62.9,60,1.0
2025-04-23 19:00,62.51,62.2,63.1,60,1.0
2025-04-23 20:00,62.45,62.2,62.9,60,1.0
2025-04-23 21:00,62.45,62.2,62.9,60,1.0
2025-04-23 22:00,62.5,62.2,63.0,60,1.0
2025-04-23 23:00,62.46,62.2,62.9,60,1.0
2025-04-24 00:00,62.49,62.2,63.0,60,1.0
2025-04-24 01:00,62.39,62.2,63.0,60,1.0
2025-04-24 02:00,62.42,62.2,63.0,60,1.0
2025-04-24 03:00,62.49,62.2,62.9,60,1.0
2025-04-24 04:00,62.41,62.2,62.9,60,1.0
2025-04-24 05:00,62.39,62.2,62.9,60,1.0
2025-04-24 06:00,62.42,62.2,62.9,60,1.0
2025-04-24 07:00,62.42,62.2,62.9,60,1.0
2025-04-24 08:00,62.52,62.2,63.0,60,1.0
2025-04-24 09:00,62.37,62.1,62.8,60,1.0
2025-04-24 10:00,62.32,62.1,62.7,60,1.0
2025-04-24 11:00,62.72,62.1,63.4,60,1.0
2025-04-24 12:00,63.02,62.8,63.7,60,1.0
2025-04-24 13:00,63.08,62.8,63.5,60,1.0
2025-04-24 14:00,63.24,62.9,63.8,60,1.0
2025-04-24 15:00,63.59,63.2,64.3,60,1.0
2025-04-24 16:00,64.09,63.6,64.6,60,1.0
2025-04-24 17:00,64.78,64.3,65.4,60,1.0
2025-04-24 18:00,65.52,65.1,66.2,60,1.0
2025-04-24 19:00,66.02,65.6,66.6,60,1.0
2025-04-24 20:00,66.44,65.9,66.9,60,1.0
2025-04-24 21:00,66.66,66.3,67.3,59,0.983
2025-04-24 22:00,66.83,66.5,67.4,60,1.0
2025-04-24 23:00,67.07,66.7,67.6,59,0.983
2025-04-25 00:00,67.19,66.8,67.8,60,1.0
2025-04-25 01:00,67.29,66.9,68.0,60,1.0
2025-04-25 02:00,67.22,66.9,67.7,60,1.0
2025-04-25 03:00,67.23,67.0,67.8,60,1.0
2025-04-25 04:00,67.18,67.0,67.8,60,1.0
2025-04-25 05:00,67.23,67.0,67.8,60,1.0
2025-04-25 06:00,67.25,67.0,67.8,60,1.0
2025-04-25 07:00,67.3,67.0,67.7,58,0.967
2025-04-25 08:00,67.25,66.9,67.7,59,0.983
2025-04-25 09:00,67.17,66.9,67.7,60,1.0
2025-04-25 10:00,67.12,66.8,67.6,60,1.0
2025-04-25 11:00,67.1,66.8,67.6,60,1.0
2025-04-25 12:00,67.05,66.7,67.5,60,1.0
2025-04-25 13:00,67.01,66.7,67.5,60,1.0
2025-04-25 14:00,66.84,66.6,67.4,60,1.0
2025-04-25 15:00,66.76,66.5,67.2,60,1.0
2025-04-25 16:00,66.7,66.5,67.3,60,1.0
2025-04-25 17:00,66.73,66.4,67.3,60,1.0
2025-04-25 18:00,66.77,66.5,67.1,60,1.0
2025-04-25 19:00,66.68,66.4,67.3,60,1.0
2025-04-25 20:00,66.71,66.4,67.2,60,1.0
2025-04-25 21:00,66.6,66.3,67.2,60,1.0
2025-04-25 22:00,66.62,66.4,67.2,60,1.0
2025-04-25 23:00,66.61,66.3,67.2,60,1.0
2025-04-26 00:00,66.7,66.4,67.3,60,1.0
2025-04-26 01:00,66.68,66.4,67.2,60,1.0
2025-04-26 02:00,66.7,66.4,67.2,60,1.0
2025-04-26 03:00,66.62,66.4,67.3,60,1.0
2025-04-26 04:00,66.65,66.3,67.3,60,1.0
2025-04-26 05:00,66.64,66.3,67.1,60,1.0
2025-04-26 06:00,66.65,66.3,67.0,60,1.0
2025-04-26 07:00,66.66,66.3,67.2,60,1.0
2025-04-26 08:00,66.65,66.3,67.2,60,1.0
2025-04-26 09:00,66.64,66.3,67.2,59,0.983
2025-04-26 10:00,66.6,66.3,67.1,47,0.783
2025-04-26 11:00,66.62,66.3,67.1,51,0.85
2025-04-26 12:00,66.56,66.3,67.1,59,0.983
2025-04-26 13:00,66.51,66.3,67.0,51,0.85
2025-04-26 14:00,66.69,66.3,67.2,54,0.9
2025-04-26 15:00,66.68,66.3,67.1,53,0.883
2025-04-26 16:00,66.67,66.3,67.1,60,1.0
2025-04-26 17:00,66.57,66.2,67.0,60,1.0
2025-04-26 18:00,66.64,66.2,67.1,60,1.0
2025-04-26 19:00,66.5,66.2,66.9,60,1.0
2025-04-26 20:00,66.52,66.2,66.9,60,1.0
2025-04-26 21:00,66.47,66.2,67.0,60,1.0
2025-04-26 22:00,66.41,66.1,66.9,60,1.0
2025-04-26 23:00,66.35,66.1,66.9,60,1.0
2025-04-27 00:00,66.37,66.1,66.9,60,1.0
2025-04-27 01:00,66.47,66.1,67.0,60,1.0
2025-04-27 02:00,66.42,66.1,66.9,60,1.0
2025-04-27 03:00,66.34,66.0,66.8,60,1.0
2025-04-27 04:00,66.29,66.0,66.9,60,1.0
2025-04-27 05:00,66.26,66.0,66.8,60,1.0
2025-04-27 06:00,66.35,66.0,66.8,60,1.0
2025-04-27 07:00,66.28,66.0,66.8,60,1.0
2025-04-27 08:00,66.29,66.0,66.6,60,1.0
2025-04-27 09:00,66.16,65.8,66.7,60,1.0
2025-04-27 10:00,66.01,65.7,66.4,60,1.0
2025-04-27 11:00,66.0,65.6,66.5,60,1.0
2025-04-27 12:00,65.93,65.6,66.3,60,1.0
2025-04-27 13:00,65.79,65.5,66.3,60,1.0
2025-04-27 14:00,65.75,65.4,66.4,60,1.0
2025-04-27 15:00,65.73,65.4,66.2,60,1.0
2025-04-27 16:00,65.57,65.3,66.0,60,1.0
2025-04-27 17:00,65.5,65.3,65.9,60,1.0
2025-04-27 18:00,65.41,65.2,65.9,59,0.983
2025-04-27 19:00,65.48,65.2,65.9,59,0.983
2025-04-27 20:00,65.42,65.2,66.0,60,1.0
2025-04-27 21:00,65.46,65.1,65.9,60,1.0
2025-04-27 22:00,65.4,65.1,65.9,60,1.0
2025-04-27 23:00,65.34,65.1,65.8,60,1.0
2025-04-28 00:00,65.38,65.1,65.8,60,1.0
2025-04-28 01:00,65.32,65.0,66.0,60,1.0
2025-04-28 02:00,65.31,65.0,65.9,60,1.0
2025-04-28 03:00,65.31,65.0,65.8,60,1.0
2025-04-28 04:00,65.28,65.0,65.8,60,1.0
2025-04-28 05:00,65.26,65.0,66.2,60,1.0
2025-04-28 06:00,65.29,65.0,65.7,60,1.0
2025-04-28 07:00,65.3,65.0,65.8,60,1.0
2025-04-28 08:00,65.27,65.0,65.7,60,1.0
2025-04-28 09:00,65.13,64.8,65.7,60,1.0
2025-04-28 10:00,64.97,64.7,65.4,60,1.0
2025-04-28 11:00,64.9,64.6,65.3,60,1.0
2025-04-28 12:00,64.84,64.6,65.3,60,1.0
2025-04-28 13:00,64.69,64.5,65.1,60,1.0
2025-04-28 14:00,64.65,64.5,65.0,59,0.983
2025-04-28 15:00,64.79,64.4,65.2,60,1.0
2025-04-28 16:00,64.68,64.3,65.1,60,1.0
2025-04-28 17:00,64.65,64.3,65.1,60,1.0
2025-04-28 18:00,64.58,64.3,65.0,60,1.0
2025-04-28 19:00,64.46,64.2,65.0,60,1.0
2025-04-28 20:00,64.45,64.2,64.9,60,1.0
2025-04-28 21:00,64.48,64.2,64.9,60,1.0
2025-04-28 22:00,64.34,64.1,65.1,60,1.0
2025-04-28 23:00,64.31,64.1,64.9,60,1.0
2025-04-29 00:00,64.33,64.0,65.0,60,1.0
2025-04-29 01:00,64.24,64.0,64.7,60,1.0
2025-04-29 02:00,64.2,64.0,64.7,60,1.0
2025-04-29 03:00,64.17,64.0,64.6,60,1.0
2025-04-29 04:00,64.2,63.9,64.8,60,1.0
2025-04-29 05:00,64.23,63.9,64.7,60,1.0
2025-04-29 06:00,64.17,63.9,64.6,60,1.0
2025-04-29 07:00,64.22,63.9,64.5,60,1.0
2025-04-29 08:00,64.18,63.9,64.7,60,1.0
2025-04-29 09:00,64.05,63.8,64.6,60,1.0
2025-04-29 10:00,64.03,63.7,64.3,60,1.0
2025-04-29 11:00,63.79,63.5,64.4,60,1.0
2025-04-29 12:00,63.73,63.5,64.2,51,0.85
2025-04-29 13:00,63.63,63.4,64.1,52,0.867
2025-04-29 14:00,63.57,63.4,64.1,60,1.0
2025-04-29 15:00,63.52,63.3,64.1,60,1.0
2025-04-29 16:00,63.59,63.3,64.1,60,1.0
2025-04-29 17:00,63.53,63.3,64.1,60,1.0
2025-04-29 18:00,63.45,63.2,63.9,59,0.983
2025-04-29 19:00,63.43,63.1,63.9,59,0.983
2025-04-29 20:00,63.35,63.1,63.7,57,0.95
2025-04-29 21:00,63.39,63.1,63.8,60,1.0
2025-04-29 22:00,63.31,63.0,63.8,60,1.0
2025-04-29 23:00,63.26,63.0,63.7,60,1.0
2025-04-30 00:00,63.28,63.0,63.8,60,1.0
2025-04-30 01:00,63.23,63.0,63.7,60,1.0
2025-04-30 02:00,63.16,62.9,63.7,60,1.0
2025-04-30 03:00,63.13,62.9,63.7,60,1.0
2025-04-30 04:00,63.18,62.9,63.8,60,1.0
2025-04-30 05:00,63.17,62.9,63.6,60,1.0
2025-04-30 06:00,63.19,62.9,63.6,60,1.0
2025-04-30 07:00,63.15,62.9,63.8,60,1.0
2025-04-30 08:00,63.08,62.8,63.5,60,1.0
2025-04-30 09:00,62.94,62.7,63.3,60,1.0
2025-04-30 10:00,62.92,62.7,63.4,60,1.0
2025-04-30 11:00,62.78,62.5,63.2,60,1.0
2025-04-30 12:00,62.78,62.4,63.2,60,1.0
2025-04-30 13:00,62.62,62.4,63.2,59,0.983
2025-04-30 14:00,62.75,62.4,63.1,59,0.983
2025-04-30 15:00,62.56,62.3,62.9,60,1.0
2025-04-30 16:00,62.55,62.3,63.0,59,0.983
2025-04-30 17:00,62.51,62.3,63.0,60,1.0
2025-04-30 18:00,62.51,62.3,62.9,59,0.983
2025-04-30 19:00,62.46,62.2,63.0,60,1.0
2025-04-30 20:00,62.44,62.2,63.0,60,1.0
2025-04-30 21:00,62.47,62.2,62.9,60,1.0
2025-04-30 22:00,62.41,62.2,63.0,60,1.0
2025-04-30 23:00,62.39,62.1,62.9,60,1.0
2025-05-01 00:00,62.35,62.1,63.0,60,1.0
2025-05-01 01:00,62.3,62.1,62.9,60,1.0
2025-05-01 02:00,62.33,62.1,62.8,59,0.983
2025-05-01 03:00,62.3,62.1,62.7,60,1.0
2025-05-01 04:00,62.31,62.0,62.8,58,0.967
2025-05-01 05:00,62.32,62.0,62.8,60,1.0
2025-05-01 06:00,62.29,62.0,62.8,60,1.0
2025-05-01 07:00,62.29,62.0,62.7,60,1.0
2025-05-01 08:00,62.21,62.0,62.7,60,1.0
2025-05-01 09:00,62.1,61.9,62.6,60,1.0
2025-05-01 10:00,62.03,61.7,62.6,60,1.0
2025-05-01 11:00,61.92,61.7,62.4,60,1.0
2025-05-01 12:00,61.91,61.6,62.5,60,1.0
2025-05-01 13:00,61.83,61.6,62.4,60,1.0
2025-05-01 14:00,61.93,61.6,62.3,60,1.0
2025-05-01 15:00,61.79,61.6,62.1,60,1.0
2025-05-01 16:00,61.71,61.6,62.1,60,1.0
2025-05-01 17:00,61.74,61.5,62.2,60,1.0
2025-05-01 18:00,61.73,61.5,62.1,60,1.0
2025-05-01 19:00,61.74,61.5,62.2,60,1.0
2025-05-01 20:00,61.7,61.5,62.2,60,1.0
2025-05-01 21:00,61.7,61.5,62.2,60,1.0
2025-05-01 22:00,61.72,61.4,62.2,60,1.0
2025-05-01 23:00,61.73,61.4,62.1,60,1.0
2025-05-02 00:00,61.66,61.4,62.2,60,1.0
2025-05-02 01:00,61.68,61.4,62.1,60,1.0
2025-05-02 02:00,61.69,61.4,62.2,60,1.0
2025-05-02 03:00,61.63,61.4,62.1,57,0.95
2025-05-02 04:00,61.56,61.4,62.0,45,0.75
2025-05-02 05:00,61.56,61.4,62.2,58,0.967
2025-05-02 06:00,61.56,61.4,62.1,59,0.983
2025-05-02 07:00,61.57,61.4,62.1,60,1.0
2025-05-02 08:00,61.57,61.4,62.0,60,1.0
2025-05-02 09:00,61.44,61.2,61.8,59,0.983
2025-05-02 10:00,61.42,61.2,61.8,59,0.983
2025-05-02 11:00,61.31,61.1,61.7,60,1.0
2025-05-02 12:00,61.33,61.1,61.7,59,0.983
2025-05-02 13:00,61.22,61.0,61.7,60,1.0
2025-05-02 14:00,61.3,61.0,61.7,60,1.0
2025-05-02 15:00,61.34,61.0,61.7,60,1.0
2025-05-02 16:00,61.23,61.0,61.9,60,1.0
2025-05-02 17:00,61.16,61.0,61.6,58,0.967
2025-05-02 18:00,61.13,61.0,61.7,59,0.983
2025-05-02 19:00,61.15,61.0,61.6,60,1.0
2025-05-02 20:00,61.25,60.9,61.7,60,1.0
2025-05-02 21:00,61.15,60.9,61.6,59,0.983
2025-05-02 22:00,61.1,60.9,61.5,60,1.0
2025-05-02 23:00,61.15,60.9,61.6,60,1.0
2025-05-03 00:00,61.15,60.8,61.6,60,1.0
2025-05-03 01:00,61.12,60.9,61.6,60,1.0
2025-05-03 02:00,61.18,60.9,61.6,60,1.0
2025-05-03 03:00,61.05,60.8,61.4,60,1.0
2025-05-03 04:00,61.09,60.8,61.5,60,1.0
2025-05-03 05:00,61.04,60.8,61.4,60,1.0
2025-05-03 06:00,61.04,60.8,61.5,60,1.0
2025-05-03 07:00,61.15,60.9,61.5,60,1.0
2025-05-03 08:00,61.11,60.8,61.5,60,1.0
2025-05-03 09:00,60.95,60.8,61.3,60,1.0
2025-05-03 10:00,60.9,60.7,61.2,60,1.0
2025-05-03 11:00,60.88,60.6,61.3,60,1.0
2025-05-03 12:00,60.79,60.6,61.3,60,1.0
2025-05-03 13:00,60.76,60.6,61.3,60,1.0
2025-05-03 14:00,60.71,60.5,61.3,60,1.0
2025-05-03 15:00,60.77,60.5,61.2,60,1.0
2025-05-03 16:00,60.68,60.5,61.3,60,1.0
2025-05-03 17:00,60.72,60.5,61.1,60,1.0
2025-05-03 18:00,60.7,60.4,61.1,60,1.0
2025-05-03 19:00,60.66,60.4,61.1,60,1.0
2025-05-03 20:00,60.66,60.4,61.3,60,1.0
2025-05-03 21:00,60.62,60.4,61.1,60,1.0
2025-05-03 22:00,60.67,60.4,61.0,60,1.0
2025-05-03 23:00,60.64,60.4,61.1,60,1.0
2025-05-04 00:00,60.62,60.4,61.1,60,1.0
2025-05-04 01:00,60.58,60.4,61.0,57,0.95
2025-05-04 02:00,60.59,60.4,61.1,48,0.8
2025-05-04 03:00,60.58,60.4,61.1,50,0.833
2025-05-04 04:00,60.57,60.4,61.0,60,1.0
2025-05-04 05:00,60.55,60.3,61.1,58,0.967
2025-05-04 06:00,60.6,60.3,61.0,60,1.0
2025-05-04 07:00,60.57,60.3,61.1,58,0.967
2025-05-04 08:00,60.57,60.3,60.9,58,0.967
2025-05-04 09:00,60.52,60.3,60.8,58,0.967
2025-05-04 10:00,60.45,60.2,60.9,59,0.983
2025-05-04 11:00,60.39,60.1,60.8,60,1.0
2025-05-04 12:00,60.41,60.1,60.7,60,1.0
2025-05-04 13:00,60.17,60.0,60.6,60,1.0
2025-05-04 14:00,60.23,60.0,60.6,60,1.0
2025-05-04 15:00,60.26,60.0,60.7,60,1.0
2025-05-04 16:00,60.27,60.0,60.7,60,1.0
2025-05-04 17:00,60.21,60.0,60.6,57,0.95
2025-05-04 18:00,60.14,60.0,60.6,46,0.767
2025-05-04 19:00,60.2,59.9,60.6,58,0.967
2025-05-04 20:00,60.2,59.9,60.7,59,0.983
2025-05-04 21:00,60.13,60.0,60.6,53,0.883
2025-05-04 22:00,60.15,59.9,60.6,60,1.0
2025-05-04 23:00,60.14,59.9,60.5,60,1.0
2025-05-05 00:00,60.13,59.9,60.8,60,1.0
2025-05-05 01:00,60.1,59.9,60.6,59,0.983
2025-05-05 02:00,60.19,59.9,60.7,60,1.0
2025-05-05 03:00,60.1,59.9,60.5,60,1.0
2025-05-05 04:00,60.08,59.8,60.7,60,1.0
2025-05-05 05:00,60.04,59.8,60.5,60,1.0
2025-05-05 06:00,60.06,59.8,60.5,59,0.983
2025-05-05 07:00,60.05,59.8,60.5,60,1.0
2025-05-05 08:00,60.01,59.8,60.5,60,1.0
2025-05-05 09:00,59.94,59.7,60.4,60,1.0
2025-05-05 10:00,59.93,59.7,60.3,60,1.0
2025-05-05 11:00,59.86,59.6,60.4,60,1.0
2025-05-05 12:00,59.88,59.6,60.3,60,1.0
2025-05-05 13:00,59.87,59.6,60.4,60,1.0
2025-05-05 14:00,59.83,59.6,60.3,60,1.0
2025-05-05 15:00,59.82,59.6,60.2,60,1.0
2025-05-05 16:00,59.79,59.6,60.3,60,1.0
2025-05-05 17:00,59.79,59.6,60.2,60,1.0
2025-05-05 18:00,59.74,59.6,60.3,60,1.0
2025-05-05 19:00,59.76,59.6,60.2,60,1.0
2025-05-05 20:00,59.75,59.6,60.2,60,1.0
2025-05-05 21:00,59.81,59.5,60.3,60,1.0
2025-05-05 22:00,59.82,59.6,60.3,60,1.0
2025-05-05 23:00,59.72,59.5,60.2,60,1.0
2025-05-06 00:00,59.75,59.5,60.2,60,1.0
2025-05-06 01:00,59.72,59.4,60.2,60,1.0
2025-05-06 02:00,59.72,59.5,60.2,60,1.0
2025-05-06 03:00,59.74,59.5,60.2,59,0.983
2025-05-06 04:00,59.74,59.5,60.1,60,1.0
2025-05-06 05:00,59.76,59.5,60.2,60,1.0
2025-05-06 06:00,59.73,59.5,60.1,60,1.0
2025-05-06 07:00,59.72,59.5,60.2,60,1.0
2025-05-06 08:00,59.77,59.5,60.3,60,1.0
2025-05-06 09:00,59.68,59.5,60.2,60,1.0
2025-05-06 10:00,59.65,59.3,60.0,60,1.0
2025-05-06 11:00,59.58,59.3,60.0,60,1.0
2025-05-06 12:00,59.55,59.3,59.9,60,1.0
2025-05-06 13:00,59.43,59.3,59.8,60,1.0
2025-05-06 14:00,59.43,59.2,60.0,60,1.0
2025-05-06 15:00,59.48,59.2,60.1,60,1.0
2025-05-06 16:00,59.41,59.2,59.8,60,1.0
2025-05-06 17:00,59.36,59.2,59.7,59,0.983
2025-05-06 18:00,59.43,59.2,60.0,60,1.0
2025-05-06 19:00,59.39,59.2,59.9,60,1.0
2025-05-06 20:00,59.39,59.2,60.0,60,1.0
2025-05-06 21:00,59.36,59.1,59.9,60,1.0
2025-05-06 22:00,59.4,59.1,59.9,60,1.0
2025-05-06 23:00,59.35,59.1,59.8,60,1.0
2025-05-07 00:00,59.37,59.1,59.9,60,1.0
2025-05-07 01:00,59.36,59.1,59.8,60,1.0
2025-05-07 02:00,59.34,59.1,59.9,60,1.0
2025-05-07 03:00,59.32,59.1,60.0,60,1.0
2025-05-07 04:00,59.32,59.1,59.7,60,1.0
2025-05-07 05:00,59.31,59.1,60.0,60,1.0
2025-05-07 06:00,59.32,59.1,59.7,60,1.0
2025-05-07 07:00,59.38,59.1,59.8,60,1.0
2025-05-07 08:00,59.3,59.1,59.6,60,1.0
2025-05-07 09:00,59.33,59.0,59.8,60,1.0
2025-05-07 10:00,59.2,59.0,59.6,60,1.0
2025-05-07 11:00,59.19,58.9,59.6,60,1.0
2025-05-07 12:00,59.14,58.9,59.6,60,1.0
2025-05-07 13:00,59.05,58.8,59.4,59,0.983
2025-05-07 14:00,59.12,58.8,59.6,42,0.7
2025-05-07 15:00,59.11,58.8,59.5,58,0.967
2025-05-07 16:00,58.95,58.8,59.4,59,0.983
2025-05-07 17:00,58.95,58.8,59.4,60,1.0
2025-05-07 18:00,58.94,58.8,59.3,60,1.0
2025-05-07 19:00,58.93,58.7,59.4,60,1.0
2025-05-07 20:00,58.94,58.7,59.3,60,1.0
2025-05-07 21:00,58.99,58.7,59.5,60,1.0
2025-05-07 22:00,58.97,58.7,59.4,60,1.0
2025-05-07 23:00,58.88,58.7,59.3,60,1.0
2025-05-08 00:00,58.87,58.7,59.4,60,1.0
2025-05-08 01:00,58.92,58.7,59.3,60,1.0
2025-05-08 02:00,58.88,58.6,59.3,60,1.0
2025-05-08 03:00,58.84,58.6,59.2,60,1.0
2025-05-08 04:00,58.83,58.7,59.3,60,1.0
2025-05-08 05:00,58.81,58.6,59.2,60,1.0
2025-05-08 06:00,58.88,58.6,59.3,60,1.0
2025-05-08 07:00,58.85,58.6,59.3,59,0.983
2025-05-08 08:00,58.82,58.6,59.3,47,0.783
2025-05-08 09:00,58.93,58.6,59.2,57,0.95
2025-05-08 10:00,58.76,58.5,59.2,60,1.0
2025-05-08 11:00,58.78,58.5,59.2,60,1.0
2025-05-08 12:00,58.66,58.5,59.1,60,1.0
2025-05-08 13:00,58.61,58.4,58.9,60,1.0
2025-05-08 14:00,58.61,58.4,59.2,60,1.0
2025-05-08 15:00,58.67,58.4,59.0,60,1.0
2025-05-08 16:00,58.71,58.4,59.1,60,1.0
2025-05-08 17:00,58.7,58.4,59.1,60,1.0
2025-05-08 18:00,58.6,58.4,59.0,60,1.0
2025-05-08 19:00,58.6,58.3,59.0,60,1.0
2025-05-08 20:00,58.56,58.3,59.0,60,1.0
2025-05-08 21:00,58.55,58.3,59.1,60,1.0
2025-05-08 22:00,58.57,58.3,58.9,60,1.0
2025-05-08 23:00,58.49,58.3,59.0,60,1.0
2025-05-09 00:00,58.48,58.3,58.8,60,1.0
2025-05-09 01:00,58.47,58.3,58.9,60,1.0
2025-05-09 02:00,58.56,58.3,58.9,60,1.0
2025-05-09 03:00,58.55,58.2,59.0,60,1.0
2025-05-09 04:00,58.51,58.2,59.0,60,1.0
2025-05-09 05:00,58.4,58.2,58.8,60,1.0
2025-05-09 06:00,58.43,58.2,58.9,60,1.0
2025-05-09 07:00,58.49,58.3,59.0,59,0.983
2025-05-09 08:00,58.48,58.2,58.8,60,1.0
2025-05-09 09:00,58.41,58.2,58.8,58,0.967
2025-05-09 10:00,58.33,58.1,58.8,59,0.983
2025-05-09 11:00,58.39,58.1,58.8,58,0.967
2025-05-09 12:00,58.24,58.0,58.7,60,1.0
2025-05-09 13:00,58.18,58.0,58.5,60,1.0
2025-05-09 14:00,58.21,58.0,58.7,60,1.0
2025-05-09 15:00,58.24,58.0,58.6,60,1.0
2025-05-09 16:00,58.22,57.9,58.7,60,1.0
2025-05-09 17:00,58.11,58.0,58.6,60,1.0
2025-05-09 18:00,58.17,57.9,58.6,60,1.0
2025-05-09 19:00,58.14,57.9,58.6,60,1.0
2025-05-09 20:00,58.13,57.9,58.6,60,1.0
2025-05-09 21:00,58.14,57.9,58.6,60,1.0
2025-05-09 22:00,58.08,57.9,58.6,60,1.0
2025-05-09 23:00,58.04,57.9,58.4,60,1.0
2025-05-10 00:00,58.03,57.9,58.5,60,1.0
2025-05-10 01:00,58.05,57.8,58.4,60,1.0
2025-05-10 02:00,58.07,57.9,58.6,60,1.0
2025-05-10 03:00,58.07,57.8,58.5,60,1.0
2025-05-10 04:00,58.14,57.8,58.6,60,1.0
2025-05-10 05:00,58.04,57.8,58.5,60,1.0
2025-05-10 06:00,58.1,57.8,58.4,60,1.0
2025-05-10 07:00,58.1,57.8,58.7,60,1.0
2025-05-10 08:00,58.08,57.8,58.5,57,0.95
2025-05-10 09:00,57.99,57.7,58.3,51,0.85
2025-05-10 10:00,57.95,57.6,58.3,52,0.867
2025-05-10 11:00,57.81,57.6,58.2,48,0.8
2025-05-10 12:00,57.73,57.5,58.1,56,0.933
2025-05-10 13:00,57.77,57.5,58.2,60,1.0
2025-05-10 14:00,57.75,57.5,58.2,60,1.0
2025-05-10 15:00,57.64,57.5,58.1,59,0.983
2025-05-10 16:00,57.73,57.5,58.2,53,0.883
2025-05-10 17:00,57.74,57.5,58.2,60,1.0
2025-05-10 18:00,57.72,57.5,58.1,60,1.0
2025-05-10 19:00,57.68,57.5,58.1,60,1.0
2025-05-10 20:00,57.67,57.4,58.0,60,1.0
2025-05-10 21:00,57.64,57.4,58.1,60,1.0
2025-05-10 22:00,57.65,57.4,57.9,60,1.0
2025-05-10 23:00,57.65,57.4,58.1,60,1.0
2025-05-11 00:00,57.67,57.4,58.1,59,0.983
2025-05-11 01:00,57.61,57.4,58.0,60,1.0
2025-05-11 02:00,57.63,57.4,58.0,60,1.0
2025-05-11 03:00,57.61,57.4,58.2,60,1.0
2025-05-11 04:00,57.64,57.4,58.0,60,1.0
2025-05-11 05:00,57.61,57.4,58.0,50,0.833
2025-05-11 06:00,57.63,57.4,58.1,56,0.933
2025-05-11 07:00,57.7,57.4,58.1,48,0.8
2025-05-11 08:00,57.68,57.4,58.1,46,0.767
2025-05-11 09:00,57.64,57.4,58.0,60,1.0
2025-05-11 10:00,57.61,57.4,58.0,59,0.983
2025-05-11 11:00,57.58,57.3,57.9,60,1.0
2025-05-11 12:00,57.48,57.3,57.8,60,1.0
2025-05-11 13:00,57.48,57.3,57.9,59,0.983
2025-05-11 14:00,57.56,57.4,58.0,60,1.0
2025-05-11 15:00,57.52,57.3,58.1,60,1.0
2025-05-11 16:00,57.53,57.3,58.0,60,1.0
2025-05-11 17:00,57.52,57.3,58.1,60,1.0
2025-05-11 18:00,57.5,57.3,58.0,60,1.0
2025-05-11 19:00,57.48,57.3,57.8,60,1.0
2025-05-11 20:00,57.47,57.3,57.9,60,1.0
2025-05-11 21:00,57.5,57.3,58.0,60,1.0
2025-05-11 22:00,57.53,57.3,58.0,60,1.0
2025-05-11 23:00,57.55,57.3,57.9,60,1.0
2025-05-12 00:00,57.44,57.2,57.8,60,1.0
2025-05-12 01:00,57.46,57.3,57.8,60,1.0
2025-05-12 02:00,57.42,57.2,57.9,60,1.0
2025-05-12 03:00,57.42,57.3,57.8,60,1.0
2025-05-12 04:00,57.45,57.3,57.8,60,1.0
2025-05-12 05:00,57.37,57.2,57.8,60,1.0
2025-05-12 06:00,57.51,57.3,58.2,60,1.0
2025-05-12 07:00,57.53,57.3,58.0,60,1.0
2025-05-12 08:00,57.51,57.3,58.1,60,1.0
2025-05-12 09:00,57.48,57.2,57.9,60,1.0
2025-05-12 10:00,57.4,57.1,57.8,60,1.0
2025-05-12 11:00,57.26,57.1,57.6,60,1.0
2025-05-12 12:00,57.24,57.1,57.5,60,1.0
2025-05-12 13:00,57.22,57.0,57.6,60,1.0
2025-05-12 14:00,57.18,57.0,57.5,60,1.0
2025-05-12 15:00,57.31,57.0,57.7,60,1.0
2025-05-12 16:00,57.16,56.9,57.6,60,1.0
2025-05-12 17:00,57.11,56.9,57.5,60,1.0
2025-05-12 18:00,57.13,56.8,57.5,60,1.0
2025-05-12 19:00,57.12,56.8,57.5,60,1.0
2025-05-12 20:00,57.04,56.8,57.6,60,1.0
2025-05-12 21:00,57.08,56.8,57.4,60,1.0
2025-05-12 22:00,57.03,56.8,57.5,60,1.0
2025-05-12 23:00,57.04,56.8,57.3,60,1.0
2025-05-13 00:00,57.05,56.8,57.5,60,1.0
2025-05-13 01:00,57.06,56.8,57.5,60,1.0
2025-05-13 02:00,57.07,56.8,57.4,60,1.0
2025-05-13 03:00,57.03,56.8,57.4,60,1.0
2025-05-13 04:00,57.08,56.8,57.7,59,0.983
2025-05-13 05:00,57.01,56.8,57.4,60,1.0
2025-05-13 06:00,57.03,56.8,57.5,60,1.0
2025-05-13 07:00,57.1,56.8,57.5,60,1.0
2025-05-13 08:00,57.02,56.8,57.4,60,1.0
2025-05-13 09:00,56.91,56.7,57.4,60,1.0
2025-05-13 10:00,56.92,56.7,57.4,58,0.967
2025-05-13 11:00,56.81,56.6,57.2,60,1.0
2025-05-13 12:00,56.74,56.6,57.1,60,1.0
2025-05-13 13:00,56.8,56.6,57.2,60,1.0
2025-05-13 14:00,56.9,56.6,57.3,60,1.0
2025-05-13 15:00,56.86,56.6,57.3,60,1.0
2025-05-13 16:00,56.74,56.6,57.1,60,1.0
2025-05-13 17:00,56.87,56.6,57.3,60,1.0
2025-05-13 18:00,56.92,56.6,57.2,60,1.0
2025-05-13 19:00,56.83,56.6,57.2,60,1.0
2025-05-13 20:00,56.77,56.5,57.2,58,0.967
2025-05-13 21:00,56.78,56.6,57.2,46,0.767
2025-05-13 22:00,56.74,56.6,57.2,54,0.9
2025-05-13 23:00,56.8,56.5,57.2,52,0.867
2025-05-14 00:00,56.78,56.6,57.2,48,0.8
2025-05-14 01:00,56.75,56.5,57.2,42,0.7
2025-05-14 02:00,56.8,56.6,57.2,60,1.0
2025-05-14 03:00,56.73,56.5,57.2,59,0.983
2025-05-14 04:00,56.75,56.5,57.2,60,1.0
2025-05-14 05:00,56.73,56.5,57.2,59,0.983
2025-05-14 06:00,56.8,56.6,57.2,60,1.0
2025-05-14 07:00,56.8,56.6,57.1,60,1.0
2025-05-14 08:00,56.76,56.5,57.2,60,1.0
2025-05-14 09:00,56.7,56.4,57.1,59,0.983
2025-05-14 10:00,56.7,56.4,57.1,60,1.0
2025-05-14 11:00,56.58,56.3,57.0,59,0.983
2025-05-14 12:00,56.53,56.3,56.9,60,1.0
2025-05-14 13:00,56.45,56.3,56.9,60,1.0
2025-05-14 14:00,56.5,56.2,56.9,60,1.0
2025-05-14 15:00,56.52,56.2,56.9,60,1.0
2025-05-14 16:00,56.39,56.2,56.9,60,1.0
2025-05-14 17:00,56.42,56.1,56.9,60,1.0
2025-05-14 18:00,56.32,56.2,56.7,60,1.0
2025-05-14 19:00,56.38,56.1,56.8,60,1.0
2025-05-14 20:00,56.38,56.1,56.8,60,1.0
2025-05-14 21:00,56.38,56.1,56.9,60,1.0
2025-05-14 22:00,56.33,56.1,56.7,60,1.0
2025-05-14 23:00,56.29,56.1,56.8,60,1.0
2025-05-15 00:00,56.31,56.1,56.8,60,1.0
2025-05-15 01:00,56.32,56.1,56.8,60,1.0
2025-05-15 02:00,56.26,56.1,56.6,60,1.0
2025-05-15 03:00,56.3,56.1,56.6,58,0.967
2025-05-15 04:00,56.31,56.1,56.8,60,1.0
2025-05-15 05:00,56.28,56.1,56.7,60,1.0
2025-05-15 06:00,56.39,56.1,56.7,59,0.983
2025-05-15 07:00,56.26,56.1,56.6,59,0.983
2025-05-15 08:00,56.31,56.1,56.6,60,1.0
2025-05-15 09:00,56.3,56.1,56.7,60,1.0
2025-05-15 10:00,56.21,56.0,56.6,59,0.983
2025-05-15 11:00,56.33,56.1,56.7,58,0.967
2025-05-15 12:00,56.28,56.0,56.7,59,0.983
2025-05-15 13:00,56.36,56.0,56.9,60,1.0
2025-05-15 14:00,56.28,56.0,56.8,60,1.0
2025-05-15 15:00,56.21,56.0,56.7,60,1.0
2025-05-15 16:00,56.18,56.0,56.5,60,1.0
2025-05-15 17:00,56.17,56.0,56.6,59,0.983
2025-05-15 18:00,56.23,56.0,56.6,60,1.0
2025-05-15 19:00,56.18,56.0,56.5,60,1.0
2025-05-15 20:00,56.26,56.0,56.7,59,0.983
2025-05-15 21:00,56.23,56.0,56.6,59,0.983
2025-05-15 22:00,56.18,56.0,56.6,59,0.983
2025-05-15 23:00,56.15,55.9,56.6,60,1.0
2025-05-16 00:00,56.14,56.0,56.6,60,1.0
2025-05-16 01:00,56.18,55.9,56.5,60,1.0
2025-05-16 02:00,56.15,55.9,56.6,60,1.0
2025-05-16 03:00,56.14,55.9,56.6,60,1.0
2025-05-16 04:00,56.18,55.9,56.6,60,1.0
2025-05-16 05:00,56.16,55.9,56.7,60,1.0
2025-05-16 06:00,56.07,55.9,56.4,60,1.0
2025-05-16 07:00,56.17,55.9,56.5,60,1.0
2025-05-16 08:00,56.1,55.9,56.5,60,1.0
2025-05-16 09:00,56.0,55.8,56.5,60,1.0
2025-05-16 10:00,56.02,55.8,56.5,60,1.0
2025-05-16 11:00,56.0,55.7,56.4,60,1.0
2025-05-16 12:00,55.83,55.7,56.1,60,1.0
2025-05-16 13:00,55.91,55.7,56.3,60,1.0
2025-05-16 14:00,55.85,55.7,56.2,60,1.0
2025-05-16 15:00,55.8,55.6,56.3,60,1.0
2025-05-16 16:00,55.79,55.6,56.2,60,1.0
2025-05-16 17:00,55.71,55.5,56.2,60,1.0
2025-05-16 18:00,55.72,55.5,56.2,60,1.0
2025-05-16 19:00,55.67,55.4,56.1,60,1.0
2025-05-16 20:00,55.69,55.5,56.1,60,1.0
2025-05-16 21:00,55.57,55.4,56.0,60,1.0
2025-05-16 22:00,55.58,55.4,56.0,60,1.0
2025-05-16 23:00,55.55,55.4,56.0,60,1.0
2025-05-17 00:00,55.56,55.4,56.1,60,1.0
2025-05-17 01:00,55.49,55.4,55.9,60,1.0
2025-05-17 02:00,55.53,55.4,56.1,60,1.0
2025-05-17 03:00,55.54,55.3,56.0,60,1.0
2025-05-17 04:00,55.52,55.3,56.1,60,1.0
2025-05-17 05:00,55.56,55.3,56.0,60,1.0
2025-05-17 06:00,55.54,55.3,55.9,60,1.0
2025-05-17 07:00,55.56,55.3,55.9,60,1.0
2025-05-17 08:00,55.48,55.3,55.8,60,1.0
2025-05-17 09:00,55.42,55.3,55.8,58,0.967
2025-05-17 10:00,55.4,55.2,55.8,59,0.983
2025-05-17 11:00,55.35,55.2,55.8,60,1.0
2025-05-17 12:00,55.28,55.1,55.9,60,1.0
2025-05-17 13:00,55.35,55.1,55.7,60,1.0
2025-05-17 14:00,55.33,55.0,55.7,60,1.0
2025-05-17 15:00,55.2,55.0,55.6,60,1.0
2025-05-17 16:00,55.26,55.0,55.7,60,1.0
2025-05-17 17:00,55.22,55.0,55.6,50,0.833
2025-05-17 18:00,55.16,55.0,55.6,49,0.817
2025-05-17 19:00,55.2,55.0,55.6,60,1.0
2025-05-17 20:00,55.16,55.0,55.6,60,1.0
2025-05-17 21:00,55.17,55.0,55.6,60,1.0
2025-05-17 22:00,55.19,54.9,55.6,60,1.0
2025-05-17 23:00,55.12,54.9,55.5,60,1.0
2025-05-18 00:00,55.11,54.9,55.5,60,1.0
2025-05-18 01:00,55.1,54.9,55.5,60,1.0
2025-05-18 02:00,55.08,54.9,55.5,60,1.0
2025-05-18 03:00,55.1,54.9,55.5,60,1.0
2025-05-18 04:00,55.1,54.9,55.6,60,1.0
2025-05-18 05:00,55.38,55.1,55.8,60,1.0
2025-05-18 06:00,55.49,55.2,55.9,60,1.0
2025-05-18 07:00,55.49,55.3,56.0,60,1.0
2025-05-18 08:00,55.54,55.3,55.9,60,1.0
2025-05-18 09:00,55.5,55.2,55.9,60,1.0
2025-05-18 10:00,55.43,55.2,55.8,60,1.0
2025-05-18 11:00,55.36,55.1,55.8,60,1.0
2025-05-18 12:00,55.42,55.1,55.8,60,1.0
2025-05-18 13:00,55.29,55.1,55.7,60,1.0
2025-05-18 14:00,55.35,55.1,55.7,60,1.0
2025-05-18 15:00,55.29,55.1,55.7,60,1.0
2025-05-18 16:00,55.27,55.1,55.7,60,1.0
2025-05-18 17:00,55.23,55.1,55.7,60,1.0
2025-05-18 18:00,55.3,55.1,55.7,60,1.0
2025-05-18 19:00,55.27,55.1,55.7,60,1.0
2025-05-18 20:00,55.29,55.1,55.7,60,1.0
2025-05-18 21:00,55.27,55.1,55.8,60,1.0
2025-05-18 22:00,55.3,55.1,55.8,60,1.0
2025-05-18 23:00,55.41,55.1,55.7,60,1.0
2025-05-19 00:00,55.4,55.1,55.8,60,1.0
2025-05-19 01:00,55.45,55.2,55.8,60,1.0
2025-05-19 02:00,55.41,55.2,55.9,60,1.0
2025-05-19 03:00,55.44,55.2,55.8,60,1.0
2025-05-19 04:00,55.38,55.2,55.8,60,1.0
2025-05-19 05:00,55.43,55.2,55.8,60,1.0
2025-05-19 06:00,55.38,55.2,55.9,60,1.0
2025-05-19 07:00,55.46,55.2,55.9,60,1.0
2025-05-19 08:00,55.41,55.2,55.7,60,1.0
2025-05-19 09:00,55.38,55.1,55.9,60,1.0
2025-05-19 10:00,55.27,55.0,55.7,58,0.967
2025-05-19 11:00,55.24,55.0,55.7,51,0.85
2025-05-19 12:00,55.19,55.0,55.7,51,0.85
2025-05-19 13:00,55.14,55.0,55.6,52,0.867
2025-05-19 14:00,55.22,55.0,55.6,60,1.0
2025-05-19 15:00,55.21,54.9,55.6,60,1.0
2025-05-19 16:00,55.11,55.0,55.5,60,1.0
2025-05-19 17:00,55.15,55.0,55.6,60,1.0
2025-05-19 18:00,55.22,55.0,55.6,60,1.0
2025-05-19 19:00,55.14,55.0,55.5,60,1.0
2025-05-19 20:00,55.27,55.0,55.8,60,1.0
2025-05-19 21:00,55.24,55.0,55.6,60,1.0
2025-05-19 22:00,55.26,55.0,55.6,60,1.0
2025-05-19 23:00,55.25,55.0,55.8,60,1.0
2025-05-20 00:00,55.34,55.1,55.8,60,1.0
2025-05-20 01:00,55.3,55.1,55.7,60,1.0
2025-05-20 02:00,55.28,55.1,55.6,60,1.0
2025-05-20 03:00,55.28,55.1,55.6,60,1.0
2025-05-20 04:00,55.31,55.1,55.8,60,1.0
2025-05-20 05:00,55.29,55.1,55.7,60,1.0
2025-05-20 06:00,55.36,55.1,55.7,60,1.0
2025-05-20 07:00,55.32,55.1,55.7,59,0.983
2025-05-20 08:00,55.31,55.1,55.8,60,1.0
2025-05-20 09:00,55.22,55.0,55.6,60,1.0
2025-05-20 10:00,55.24,55.0,55.7,60,1.0
2025-05-20 11:00,55.24,55.0,55.7,60,1.0
2025-05-20 12:00,55.1,55.0,55.6,60,1.0
2025-05-20 13:00,55.14,54.9,55.6,60,1.0
2025-05-20 14:00,55.15,54.9,55.7,60,1.0
2025-05-20 15:00,55.23,54.9,55.6,60,1.0
2025-05-20 16:00,55.12,54.9,55.6,60,1.0
2025-05-20 17:00,55.04,54.9,55.4,60,1.0
2025-05-20 18:00,55.14,54.9,55.6,60,1.0
2025-05-20 19:00,55.16,54.9,55.5,59,0.983
2025-05-20 20:00,55.06,54.9,55.5,59,0.983
2025-05-20 21:00,55.09,54.9,55.4,59,0.983
2025-05-20 22:00,55.16,54.9,55.5,60,1.0
2025-05-20 23:00,55.13,54.9,55.4,60,1.0
2025-05-21 00:00,55.16,54.9,55.6,60,1.0
2025-05-21 01:00,55.16,54.9,55.6,60,1.0
2025-05-21 02:00,55.23,54.9,55.6,60,1.0
2025-05-21 03:00,55.18,54.9,55.5,60,1.0
2025-05-21 04:00,55.19,54.9,55.6,60,1.0
2025-05-21 05:00,55.18,54.9,55.6,59,0.983
2025-05-21 06:00,55.15,55.0,55.5,59,0.983
2025-05-21 07:00,55.18,55.0,55.5,60,1.0
2025-05-21 08:00,55.18,55.0,55.7,60,1.0
2025-05-21 09:00,55.1,54.9,55.5,60,1.0
2025-05-21 10:00,55.0,54.8,55.5,59,0.983
2025-05-21 11:00,54.97,54.8,55.3,59,0.983
2025-05-21 12:00,54.92,54.7,55.3,60,1.0
2025-05-21 13:00,54.93,54.7,55.3,60,1.0
2025-05-21 14:00,54.89,54.7,55.3,60,1.0
2025-05-21 15:00,55.21,54.9,55.6,60,1.0
2025-05-21 16:00,55.16,55.0,55.5,60,1.0
2025-05-21 17:00,55.31,55.0,55.8,59,0.983
2025-05-21 18:00,55.28,55.0,55.7,60,1.0
2025-05-21 19:00,55.31,55.0,55.8,60,1.0
2025-05-21 20:00,55.25,55.1,55.6,60,1.0
2025-05-21 21:00,55.25,55.0,55.6,60,1.0
2025-05-21 22:00,55.26,55.0,55.7,60,1.0
2025-05-21 23:00,55.27,55.0,55.6,60,1.0
2025-05-22 00:00,55.27,55.0,55.7,60,1.0
2025-05-22 01:00,55.25,55.1,55.7,60,1.0
2025-05-22 02:00,55.25,55.0,55.7,60,1.0
2025-05-22 03:00,55.28,55.0,55.8,60,1.0
2025-05-22 04:00,55.33,55.0,55.7,44,0.733
2025-05-22 05:00,55.29,55.0,55.7,58,0.967
2025-05-22 06:00,55.3,55.1,55.7,60,1.0
2025-05-22 07:00,55.3,55.1,55.7,60,1.0
2025-05-22 08:00,55.26,55.1,55.6,60,1.0
2025-05-22 09:00,55.25,55.0,55.7,60,1.0
2025-05-22 10:00,55.16,55.0,55.6,60,1.0
2025-05-22 11:00,55.1,54.9,55.8,60,1.0
2025-05-22 12:00,55.11,54.8,55.6,60,1.0
2025-05-22 13:00,55.02,54.8,55.4,60,1.0
2025-05-22 14:00,55.14,54.8,55.5,60,1.0
2025-05-22 15:00,55.1,54.8,55.5,60,1.0
2025-05-22 16:00,54.96,54.8,55.6,60,1.0
2025-05-22 17:00,54.93,54.7,55.4,60,1.0
2025-05-22 18:00,54.95,54.8,55.4,60,1.0
2025-05-22 19:00,54.95,54.7,55.3,60,1.0
2025-05-22 20:00,54.94,54.7,55.4,60,1.0
2025-05-22 21:00,54.98,54.7,55.4,60,1.0
2025-05-22 22:00,54.9,54.7,55.3,60,1.0
2025-05-22 23:00,54.97,54.7,55.4,60,1.0
2025-05-23 00:00,54.97,54.7,55.5,60,1.0
2025-05-23 01:00,54.99,54.8,55.4,60,1.0
2025-05-23 02:00,54.99,54.8,55.4,60,1.0
2025-05-23 03:00,55.03,54.8,55.6,60,1.0
2025-05-23 04:00,55.02,54.8,55.7,60,1.0
2025-05-23 05:00,55.03,54.8,55.5,60,1.0
2025-05-23 06:00,55.02,54.8,55.5,60,1.0
2025-05-23 07:00,55.02,54.8,55.4,60,1.0
2025-05-23 08:00,55.12,54.9,55.5,60,1.0
2025-05-23 09:00,55.11,54.9,55.7,60,1.0
2025-05-23 10:00,55.08,54.9,55.5,60,1.0
2025-05-23 11:00,54.9,54.7,55.3,60,1.0
2025-05-23 12:00,54.86,54.6,55.2,60,1.0
2025-05-23 13:00,54.74,54.6,55.0,60,1.0
2025-05-23 14:00,54.86,54.6,55.2,60,1.0
2025-05-23 15:00,54.79,54.6,55.2,60,1.0
2025-05-23 16:00,54.69,54.5,55.1,60,1.0
2025-05-23 17:00,54.65,54.5,55.1,60,1.0
2025-05-23 18:00,54.73,54.5,55.2,60,1.0
2025-05-23 19:00,54.76,54.5,55.2,60,1.0
2025-05-23 20:00,54.7,54.5,55.1,60,1.0
2025-05-23 21:00,54.71,54.5,55.1,60,1.0
2025-05-23 22:00,54.67,54.5,55.1,60,1.0
2025-05-23 23:00,54.67,54.4,55.1,60,1.0
2025-05-24 00:00,54.67,54.5,55.0,60,1.0
2025-05-24 01:00,54.62,54.4,55.0,60,1.0
2025-05-24 02:00,54.7,54.4,55.1,60,1.0
2025-05-24 03:00,54.64,54.4,55.1,60,1.0
2025-05-24 04:00,54.66,54.4,55.2,60,1.0
2025-05-24 05:00,54.7,54.4,55.1,60,1.0
2025-05-24 06:00,54.67,54.4,55.0,60,1.0
2025-05-24 07:00,54.68,54.5,55.1,60,1.0
2025-05-24 08:00,54.57,54.4,55.1,60,1.0
2025-05-24 09:00,54.52,54.3,54.9,60,1.0
2025-05-24 10:00,54.53,54.3,54.8,60,1.0
2025-05-24 11:00,54.41,54.2,54.8,59,0.983
2025-05-24 12:00,54.34,54.1,54.7,60,1.0
2025-05-24 13:00,54.32,54.1,54.7,60,1.0
2025-05-24 14:00,54.2,54.1,54.5,60,1.0
2025-05-24 15:00,54.14,54.1,54.4,60,1.0
2025-05-24 16:00,54.26,54.0,54.6,59,0.983
2025-05-24 17:00,54.22,54.0,54.7,53,0.883
2025-05-24 18:00,54.26,54.0,54.6,48,0.8
2025-05-24 19:00,54.06,53.9,54.4,44,0.733
2025-05-24 20:00,54.2,53.9,54.5,50,0.833
2025-05-24 21:00,54.09,53.9,54.5,58,0.967
2025-05-24 22:00,54.07,53.9,54.5,58,0.967
2025-05-24 23:00,54.06,53.8,54.4,48,0.8
2025-05-25 00:00,54.0,53.8,54.4,57,0.95
2025-05-25 01:00,54.0,53.8,54.5,60,1.0
2025-05-25 02:00,54.03,53.8,54.5,57,0.95
2025-05-25 03:00,53.99,53.7,54.4,59,0.983
2025-05-25 04:00,53.97,53.8,54.3,57,0.95
2025-05-25 05:00,53.92,53.7,54.4,60,1.0
2025-05-25 06:00,53.9,53.7,54.4,60,1.0
2025-05-25 07:00,53.97,53.7,54.4,60,1.0
2025-05-25 08:00,53.99,53.7,54.4,60,1.0
2025-05-25 09:00,53.88,53.7,54.3,60,1.0
2025-05-25 10:00,53.79,53.6,54.2,60,1.0
2025-05-25 11:00,53.74,53.6,54.1,60,1.0
2025-05-25 12:00,53.68,53.5,54.0,59,0.983
2025-05-25 13:00,53.7,53.5,54.1,60,1.0
2025-05-25 14:00,53.54,53.4,53.8,60,1.0
2025-05-25 15:00,53.66,53.4,54.0,60,1.0
2025-05-25 16:00,53.57,53.4,53.9,60,1.0
2025-05-25 17:00,53.59,53.4,54.2,60,1.0
2025-05-25 18:00,53.72,53.4,54.1,60,1.0
2025-05-25 19:00,53.64,53.4,54.0,60,1.0
2025-05-25 20:00,53.66,53.4,54.0,60,1.0
2025-05-25 21:00,53.57,53.4,54.1,60,1.0
2025-05-25 22:00,53.58,53.4,54.0,60,1.0
2025-05-25 23:00,53.57,53.4,54.1,60,1.0
2025-05-26 00:00,53.6,53.4,53.9,60,1.0
2025-05-26 01:00,53.55,53.4,54.0,60,1.0
2025-05-26 02:00,53.56,53.4,53.9,60,1.0
2025-05-26 03:00,53.62,53.4,53.9,60,1.0
2025-05-26 04:00,53.59,53.4,53.9,60,1.0
2025-05-26 05:00,53.56,53.4,54.0,60,1.0
2025-05-26 06:00,53.61,53.4,54.1,60,1.0
2025-05-26 07:00,53.61,53.4,54.0,60,1.0
2025-05-26 08:00,53.56,53.3,53.9,60,1.0
2025-05-26 09:00,53.39,53.2,53.8,60,1.0
2025-05-26 10:00,53.29,53.1,53.6,60,1.0
2025-05-26 11:00,53.3,53.1,53.7,60,1.0
2025-05-26 12:00,53.22,53.0,53.5,60,1.0
2025-05-26 13:00,53.21,53.0,53.6,60,1.0
2025-05-26 14:00,53.1,52.9,53.5,60,1.0
2025-05-26 15:00,53.11,52.9,53.8,60,1.0
2025-05-26 16:00,53.24,52.9,53.6,60,1.0
2025-05-26 17:00,53.17,52.9,53.5,60,1.0
2025-05-26 18:00,53.08,52.9,53.4,60,1.0
2025-05-26 19:00,53.14,52.9,53.4,60,1.0
2025-05-26 20:00,53.07,52.9,53.5,60,1.0
2025-05-26 21:00,53.03,52.8,53.4,60,1.0
2025-05-26 22:00,53.07,52.9,53.4,60,1.0
2025-05-26 23:00,53.07,52.9,53.3,46,0.767
2025-05-27 00:00,53.07,52.9,53.4,54,0.9
2025-05-27 01:00,53.06,52.8,53.5,60,1.0
2025-05-27 02:00,53.03,52.8,53.4,60,1.0
2025-05-27 03:00,53.01,52.8,53.4,22,0.367
2025-05-27 08:00,52.91,52.7,53.3,54,0.9
2025-05-27 09:00,52.87,52.7,53.4,60,1.0
2025-05-27 10:00,52.81,52.7,53.3,60,1.0
2025-05-27 11:00,52.81,52.6,53.2,60,1.0
2025-05-27 12:00,52.75,52.6,53.2,60,1.0
2025-05-27 13:00,52.75,52.5,53.2,60,1.0
2025-05-27 14:00,52.69,52.5,53.0,59,0.983
2025-05-27 15:00,52.76,52.5,53.3,60,1.0
2025-05-27 16:00,52.7,52.5,53.0,59,0.983
2025-05-27 17:00,52.6,52.5,53.1,60,1.0
2025-05-27 18:00,52.56,52.5,52.9,60,1.0
2025-05-27 19:00,52.65,52.5,53.0,58,0.967
2025-05-27 20:00,52.61,52.4,52.9,60,1.0
2025-05-27 21:00,52.62,52.4,53.0,60,1.0
2025-05-27 22:00,52.64,52.4,53.2,60,1.0
2025-05-27 23:00,52.65,52.4,53.1,60,1.0
2025-05-28 00:00,52.64,52.4,53.1,60,1.0
2025-05-28 01:00,52.6,52.4,53.1,60,1.0
2025-05-28 02:00,52.63,52.4,53.0,60,1.0
2025-05-28 03:00,52.55,52.4,53.0,60,1.0
2025-05-28 04:00,52.55,52.4,52.9,60,1.0
2025-05-28 05:00,52.5,52.3,53.0,60,1.0
2025-05-28 06:00,52.59,52.4,53.0,60,1.0
2025-05-28 07:00,52.63,52.4,53.1,60,1.0
2025-05-28 08:00,52.52,52.3,52.9,60,1.0
2025-05-28 09:00,52.44,52.3,52.9,60,1.0
2025-05-28 10:00,52.42,52.3,52.8,60,1.0
2025-05-28 11:00,52.38,52.2,52.8,60,1.0
2025-05-28 12:00,52.33,52.1,52.6,60,1.0
2025-05-28 13:00,52.28,52.1,52.7,60,1.0
2025-05-28 14:00,52.26,52.1,52.6,60,1.0
2025-05-28 15:00,52.23,52.0,52.6,60,1.0
2025-05-28 16:00,52.27,52.0,52.6,60,1.0
2025-05-28 17:00,52.2,52.0,52.5,60,1.0
2025-05-28 18:00,52.15,52.0,52.6,60,1.0
2025-05-28 19:00,52.09,52.0,52.4,60,1.0
2025-05-28 20:00,52.2,51.9,52.5,60,1.0
2025-05-28 21:00,52.13,51.9,52.5,60,1.0
2025-05-28 22:00,52.12,51.9,52.6,60,1.0
2025-05-28 23:00,52.09,51.9,52.5,60,1.0
2025-05-29 00:00,52.18,51.9,52.5,60,1.0
2025-05-29 01:00,52.12,51.9,52.6,60,1.0
2025-05-29 02:00,52.09,51.9,52.4,60,1.0
2025-05-29 03:00,52.04,51.9,52.4,60,1.0
2025-05-29 04:00,51.98,51.9,52.5,60,1.0
2025-05-29 05:00,52.02,51.9,52.4,60,1.0
2025-05-29 06:00,52.12,51.9,52.6,60,1.0
2025-05-29 07:00,52.04,51.8,52.5,60,1.0
2025-05-29 08:00,52.11,51.9,52.5,60,1.0
2025-05-29 09:00,52.03,51.8,52.4,60,1.0
2025-05-29 10:00,51.92,51.8,52.3,60,1.0
2025-05-29 11:00,51.96,51.7,52.3,60,1.0
2025-05-29 12:00,51.91,51.7,52.2,60,1.0
2025-05-29 13:00,51.9,51.6,52.2,60,1.0
2025-05-29 14:00,51.72,51.6,52.2,60,1.0
2025-05-29 15:00,51.86,51.6,52.2,60,1.0
2025-05-29 16:00,51.76,51.5,52.2,60,1.0
2025-05-29 17:00,51.7,51.5,52.1,60,1.0
2025-05-29 18:00,51.78,51.5,52.1,60,1.0
2025-05-29 19:00,51.68,51.5,52.1,60,1.0
2025-05-29 20:00,51.64,51.5,52.1,60,1.0
2025-05-29 21:00,51.67,51.5,52.1,60,1.0
2025-05-29 22:00,51.67,51.5,52.1,60,1.0
2025-05-29 23:00,51.6,51.4,51.9,60,1.0
2025-05-30 00:00,51.62,51.4,52.0,60,1.0
2025-05-30 01:00,51.62,51.4,52.1,60,1.0
2025-05-30 02:00,51.59,51.4,51.9,59,0.983
2025-05-30 03:00,51.64,51.4,52.0,60,1.0
2025-05-30 04:00,51.58,51.4,52.0,60,1.0
2025-05-30 05:00,51.57,51.4,51.9,60,1.0
2025-05-30 06:00,51.54,51.4,52.0,58,0.967
2025-05-30 07:00,51.55,51.4,52.0,46,0.767
2025-05-30 08:00,51.58,51.3,51.9,58,0.967
2025-05-30 09:00,51.5,51.3,51.9,60,1.0
2025-05-30 10:00,51.4,51.2,51.8,60,1.0
2025-05-30 11:00,51.33,51.1,51.6,60,1.0
2025-05-30 12:00,51.27,51.1,51.7,60,1.0
2025-05-30 13:00,51.14,51.0,51.5,60,1.0
2025-05-30 14:00,51.23,51.0,51.6,60,1.0
2025-05-30 15:00,51.15,51.0,51.5,60,1.0
2025-05-30 16:00,51.06,50.9,51.4,60,1.0
2025-05-30 17:00,51.04,50.9,51.4,60,1.0
2025-05-30 18:00,51.16,50.9,51.7,60,1.0
2025-05-30 19:00,51.04,50.9,51.5,60,1.0
2025-05-30 20:00,51.1,50.9,51.5,60,1.0
2025-05-30 21:00,50.95,50.8,51.3,60,1.0
2025-05-30 22:00,51.07,50.8,51.4,60,1.0
2025-05-30 23:00,51.01,50.8,51.4,40,0.667
2025-05-31 07:00,50.92,50.7,51.3,55,0.917
2025-05-31 08:00,50.82,50.6,51.3,60,1.0
2025-05-31 09:00,50.77,50.6,51.1,60,1.0
2025-05-31 10:00,50.81,50.6,51.5,60,1.0
2025-05-31 11:00,50.69,50.5,51.1,60,1.0
2025-05-31 12:00,50.64,50.4,51.0,60,1.0
2025-05-31 13:00,50.58,50.4,50.9,60,1.0
2025-05-31 14:00,50.46,50.3,50.9,60,1.0
2025-05-31 15:00,50.52,50.3,50.9,60,1.0
2025-05-31 16:00,50.55,50.3,50.9,60,1.0
2025-05-31 17:00,50.41,50.3,50.8,60,1.0
2025-05-31 18:00,50.54,50.3,50.9,60,1.0
2025-05-31 19:00,50.42,50.3,50.8,60,1.0
2025-05-31 20:00,50.38,50.2,50.7,60,1.0
2025-05-31 21:00,50.38,50.2,50.7,60,1.0
2025-05-31 22:00,50.39,50.2,50.8,60,1.0
2025-05-31 23:00,50.45,50.2,50.8,59,0.983
2025-06-01 00:00,50.32,50.2,50.6,59,0.983
2025-06-01 01:00,50.39,50.1,50.7,38,0.633
2025-06-01 09:00,50.13,50.0,50.4,11,0.183
2025-06-01 10:00,50.16,50.0,50.5,60,1.0
2025-06-01 11:00,50.08,49.9,50.5,60,1.0
2025-06-01 12:00,50.0,49.8,50.3,60,1.0
2025-06-01 13:00,49.93,49.8,50.3,60,1.0
2025-06-01 14:00,49.92,49.7,50.3,60,1.0
2025-06-01 15:00,49.94,49.7,50.2,60,1.0
2025-06-01 16:00,49.86,49.7,50.3,60,1.0
2025-06-01 17:00,49.84,49.7,50.2,60,1.0
2025-06-01 18:00,49.92,49.7,50.3,60,1.0
2025-06-01 19:00,49.93,49.7,50.3,60,1.0
2025-06-01 20:00,49.86,49.6,50.2,60,1.0
2025-06-01 21:00,49.82,49.7,50.3,60,1.0
2025-06-01 22:00,49.86,49.6,50.2,60,1.0
2025-06-01 23:00,49.81,49.6,50.3,60,1.0
2025-06-02 00:00,49.76,49.6,50.2,59,0.983
2025-06-02 01:00,49.8,49.6,50.2,56,0.933
2025-06-02 02:00,49.81,49.6,50.1,60,1.0
2025-06-02 03:00,49.7,49.6,50.0,59,0.983
2025-06-02 04:00,49.74,49.6,50.2,52,0.867
2025-06-02 05:00,49.7,49.6,50.1,45,0.75
2025-06-02 06:00,49.72,49.5,50.1,60,1.0
2025-06-02 07:00,49.78,49.6,50.1,60,1.0
2025-06-02 08:00,49.69,49.5,50.1,60,1.0
2025-06-02 09:00,49.69,49.5,50.1,60,1.0
2025-06-02 10:00,49.65,49.4,49.9,60,1.0
2025-06-02 11:00,49.53,49.4,49.8,60,1.0
2025-06-02 12:00,49.49,49.3,49.8,60,1.0
2025-06-02 13:00,49.43,49.3,49.7,60,1.0
2025-06-02 14:00,49.41,49.2,49.7,60,1.0
2025-06-02 15:00,49.43,49.2,49.8,60,1.0
2025-06-02 16:00,49.4,49.2,49.7,60,1.0
2025-06-02 17:00,49.32,49.2,49.7,60,1.0
2025-06-02 18:00,49.36,49.2,49.8,59,0.983
2025-06-02 19:00,49.45,49.2,49.9,60,1.0
2025-06-02 20:00,49.28,49.1,49.7,60,1.0
2025-06-02 21:00,49.37,49.2,49.7,58,0.967
2025-06-02 22:00,49.35,49.1,49.6,55,0.917
2025-06-02 23:00,49.27,49.1,49.8,59,0.983
2025-06-03 00:00,49.26,49.1,49.7,59,0.983
2025-06-03 01:00,49.23,49.1,49.6,59,0.983
2025-06-03 02:00,49.3,49.1,49.8,51,0.85
2025-06-03 03:00,49.27,49.1,49.6,57,0.95
2025-06-03 04:00,49.3,49.1,49.6,60,1.0
2025-06-03 05:00,49.29,49.1,49.7,58,0.967
2025-06-03 06:00,49.29,49.1,49.8,57,0.95
2025-06-03 07:00,49.24,49.0,49.6,45,0.75
2025-06-03 08:00,49.2,49.0,49.5,47,0.783
2025-06-03 09:00,49.06,48.9,49.4,56,0.933
2025-06-03 10:00,49.16,48.9,49.5,60,1.0
2025-06-03 11:00,49.02,48.8,49.4,60,1.0
2025-06-03 12:00,48.95,48.8,49.4,59,0.983
2025-06-03 13:00,48.89,48.7,49.2,50,0.833
2025-06-03 14:00,48.86,48.7,49.3,51,0.85
2025-06-03 15:00,48.87,48.7,49.2,60,1.0
2025-06-03 16:00,48.88,48.7,49.3,59,0.983
2025-06-03 17:00,48.77,48.7,49.2,60,1.0
2025-06-03 18:00,48.77,48.6,49.1,49,0.817
2025-06-03 19:00,48.88,48.6,49.2,55,0.917
2025-06-03 20:00,48.79,48.6,49.1,60,1.0
2025-06-03 21:00,48.79,48.6,49.3,58,0.967
2025-06-03 22:00,48.8,48.6,49.1,42,0.7
2025-06-03 23:00,48.83,48.6,49.1,53,0.883
2025-06-04 00:00,48.74,48.6,49.3,60,1.0
2025-06-04 01:00,48.74,48.6,49.1,60,1.0
2025-06-04 02:00,48.7,48.5,49.3,60,1.0
2025-06-04 03:00,48.71,48.5,49.1,60,1.0
2025-06-04 04:00,48.73,48.5,49.1,60,1.0
2025-06-04 05:00,48.71,48.5,49.0,60,1.0
2025-06-04 06:00,48.65,48.5,49.0,59,0.983
2025-06-04 07:00,48.67,48.5,49.1,59,0.983
2025-06-04 08:00,48.62,48.4,49.0,60,1.0
2025-06-04 09:00,48.61,48.4,49.0,57,0.95
2025-06-04 10:00,48.5,48.3,48.8,48,0.8
2025-06-04 11:00,48.46,48.3,48.8,53,0.883
2025-06-04 12:00,48.38,48.2,48.7,48,0.8
2025-06-04 13:00,48.25,48.1,48.6,56,0.933
2025-06-04 14:00,48.33,48.1,48.7,59,0.983
2025-06-04 15:00,48.18,48.1,48.7,60,1.0
2025-06-04 16:00,48.3,48.1,48.6,52,0.867
2025-06-04 17:00,48.24,48.1,48.6,44,0.733
2025-06-04 18:00,48.14,48.0,48.5,56,0.933
2025-06-04 19:00,48.15,48.0,48.4,60,1.0
2025-06-04 20:00,48.25,48.0,48.5,60,1.0
2025-06-04 21:00,48.19,48.0,48.5,60,1.0
2025-06-04 22:00,48.27,48.0,48.7,60,1.0
2025-06-04 23:00,48.2,48.0,48.6,60,1.0
2025-06-05 00:00,48.1,47.9,48.5,59,0.983
2025-06-05 01:00,48.1,47.9,48.4,60,1.0
2025-06-05 02:00,48.08,47.9,48.7,60,1.0
2025-06-05 03:00,48.06,47.9,48.4,60,1.0
2025-06-05 04:00,48.04,47.9,48.5,60,1.0
2025-06-05 05:00,48.07,47.9,48.4,60,1.0
2025-06-05 06:00,48.04,47.9,48.4,60,1.0
2025-06-05 07:00,48.05,47.9,48.4,60,1.0
2025-06-05 08:00,48.04,47.8,48.4,60,1.0
2025-06-05 09:00,47.95,47.8,48.4,60,1.0
2025-06-05 10:00,47.87,47.7,48.2,58,0.967
2025-06-05 11:00,47.83,47.6,48.2,58,0.967
2025-06-05 12:00,47.75,47.6,48.1,60,1.0
2025-06-05 13:00,47.68,47.5,48.1,60,1.0
2025-06-05 14:00,47.72,47.5,48.1,58,0.967
2025-06-05 15:00,47.55,47.5,47.9,60,1.0
2025-06-05 16:00,47.64,47.5,48.1,59,0.983
2025-06-05 17:00,47.62,47.4,48.0,59,0.983
2025-06-05 18:00,47.63,47.4,48.0,60,1.0
2025-06-05 19:00,47.54,47.4,47.9,59,0.983
2025-06-05 20:00,47.6,47.3,47.9,60,1.0
2025-06-05 21:00,47.51,47.4,47.9,60,1.0
2025-06-05 22:00,47.57,47.4,48.0,58,0.967
2025-06-05 23:00,47.58,47.3,48.0,59,0.983
2025-06-06 00:00,47.52,47.3,47.9,60,1.0
2025-06-06 01:00,47.48,47.3,47.8,60,1.0
2025-06-06 02:00,47.44,47.3,47.8,58,0.967
2025-06-06 03:00,47.4,47.3,47.8,60,1.0
2025-06-06 04:00,47.4,47.3,47.7,60,1.0
2025-06-06 05:00,47.41,47.2,47.7,60,1.0
2025-06-06 06:00,47.42,47.2,47.8,58,0.967
2025-06-06 07:00,47.41,47.2,47.7,60,1.0
2025-06-06 08:00,47.38,47.2,47.7,60,1.0
2025-06-06 09:00,47.37,47.1,47.7,60,1.0
2025-06-06 10:00,47.18,47.1,47.6,58,0.967
2025-06-06 11:00,47.19,47.0,47.6,60,1.0
2025-06-06 12:00,47.08,46.9,47.4,60,1.0
2025-06-06 13:00,47.02,46.9,47.4,60,1.0
2025-06-06 14:00,47.06,46.8,47.3,60,1.0
2025-06-06 15:00,46.93,46.8,47.3,59,0.983
2025-06-06 16:00,46.98,46.8,47.4,60,1.0
2025-06-06 17:00,46.99,46.8,47.5,60,1.0
2025-06-06 18:00,46.88,46.7,47.4,60,1.0
2025-06-06 19:00,46.87,46.7,47.2,59,0.983
2025-06-06 20:00,46.97,46.7,47.3,60,1.0
2025-06-06 21:00,46.87,46.7,47.2,60,1.0
2025-06-06 22:00,46.8,46.7,47.1,58,0.967
2025-06-06 23:00,46.84,46.7,47.1,60,1.0
2025-06-07 00:00,46.87,46.6,47.2,60,1.0
2025-06-07 01:00,46.82,46.6,47.2,60,1.0
2025-06-07 02:00,46.88,46.6,47.2,60,1.0
2025-06-07 03:00,46.84,46.6,47.1,59,0.983
2025-06-07 04:00,46.75,46.6,47.2,60,1.0
2025-06-07 05:00,46.74,46.6,47.1,60,1.0
2025-06-07 06:00,46.75,46.6,47.1,60,1.0
2025-06-07 07:00,46.76,46.6,47.1,60,1.0
2025-06-07 08:00,46.76,46.5,47.0,60,1.0
2025-06-07 09:00,46.63,46.4,47.0,60,1.0
2025-06-07 10:00,46.65,46.5,47.0,60,1.0
2025-06-07 11:00,46.48,46.3,46.8,60,1.0
2025-06-07 12:00,46.43,46.2,46.8,60,1.0
2025-06-07 13:00,46.38,46.2,46.8,60,1.0
2025-06-07 14:00,46.37,46.2,46.7,60,1.0
2025-06-07 15:00,46.34,46.1,46.7,60,1.0
2025-06-07 16:00,46.25,46.1,46.7,60,1.0
2025-06-07 17:00,46.33,46.1,46.6,59,0.983
2025-06-07 18:00,46.23,46.1,46.6,60,1.0
2025-06-07 19:00,46.17,46.0,46.5,60,1.0
2025-06-07 20:00,46.28,46.0,46.6,59,0.983
2025-06-07 21:00,46.19,46.0,46.8,57,0.95
2025-06-07 22:00,46.14,46.0,46.5,59,0.983
2025-06-07 23:00,46.22,46.0,46.6,44,0.733
2025-06-08 00:00,46.23,46.0,46.6,60,1.0
2025-06-08 01:00,46.22,46.0,46.5,60,1.0
2025-06-08 02:00,46.18,45.9,46.6,60,1.0
2025-06-08 03:00,46.16,45.9,46.5,60,1.0
2025-06-08 04:00,46.09,45.9,46.5,60,1.0
2025-06-08 05:00,46.12,45.9,46.5,60,1.0
2025-06-08 06:00,46.06,45.9,46.4,60,1.0
2025-06-08 07:00,46.09,45.9,46.5,59,0.983
2025-06-08 08:00,46.03,45.9,46.4,59,0.983
2025-06-08 09:00,45.94,45.8,46.3,60,1.0
2025-06-08 10:00,45.95,45.7,46.3,59,0.983
2025-06-08 11:00,45.78,45.7,46.1,60,1.0
2025-06-08 12:00,45.75,45.6,46.1,59,0.983
2025-06-08 13:00,45.74,45.5,46.1,59,0.983
2025-06-08 14:00,45.58,45.5,45.9,60,1.0
2025-06-08 15:00,45.64,45.5,46.0,60,1.0
2025-06-08 16:00,45.6,45.4,45.9,58,0.967
2025-06-08 17:00,45.67,45.4,46.0,60,1.0
2025-06-08 18:00,45.64,45.4,45.9,60,1.0
2025-06-08 19:00,45.55,45.4,45.8,60,1.0
2025-06-08 20:00,45.61,45.4,45.9,58,0.967
2025-06-08 21:00,45.54,45.4,45.9,56,0.933
2025-06-08 22:00,45.62,45.4,45.9,60,1.0
2025-06-08 23:00,45.58,45.4,45.9,58,0.967
2025-06-09 00:00,45.53,45.4,45.9,58,0.967
2025-06-09 01:00,45.58,45.4,46.0,60,1.0
2025-06-09 02:00,45.48,45.3,45.8,58,0.967
2025-06-09 03:00,45.45,45.3,45.9,60,1.0
2025-06-09 04:00,45.42,45.3,45.7,32,0.533
2025-06-09 08:00,45.44,45.3,45.7,23,0.383
2025-06-09 09:00,45.4,45.2,45.7,59,0.983
2025-06-09 10:00,45.38,45.2,45.7,59,0.983
2025-06-09 11:00,45.26,45.1,45.6,60,1.0
2025-06-09 12:00,45.23,45.0,45.6,59,0.983
2025-06-09 13:00,45.18,45.0,45.4,60,1.0
2025-06-09 14:00,45.1,44.9,45.5,60,1.0
2025-06-09 15:00,45.15,44.9,45.5,59,0.983
2025-06-09 16:00,45.09,44.9,45.6,58,0.967
2025-06-09 17:00,45.01,44.9,45.3,58,0.967
2025-06-09 18:00,45.02,44.9,45.4,59,0.983
2025-06-09 19:00,45.15,44.9,45.4,59,0.983
2025-06-09 20:00,45.06,44.9,45.4,60,1.0
2025-06-09 21:00,45.01,44.9,45.3,59,0.983
2025-06-09 22:00,45.0,44.9,45.4,59,0.983
2025-06-09 23:00,45.08,44.9,45.4,60,1.0
2025-06-10 00:00,45.12,44.8,45.4,60,1.0
2025-06-10 01:00,45.01,44.8,45.3,59,0.983
2025-06-10 02:00,44.92,44.8,45.2,60,1.0
2025-06-10 03:00,45.01,44.8,45.4,60,1.0
2025-06-10 04:00,44.97,44.8,45.3,60,1.0
2025-06-10 05:00,44.98,44.8,45.3,60,1.0
2025-06-10 06:00,44.95,44.8,45.3,59,0.983
2025-06-10 07:00,44.93,44.8,45.3,60,1.0
2025-06-10 08:00,44.88,44.7,45.3,59,0.983
2025-06-10 09:00,44.81,44.6,45.2,60,1.0
2025-06-10 10:00,44.8,44.6,45.1,60,1.0
2025-06-10 11:00,44.71,44.5,45.0,60,1.0
2025-06-10 12:00,44.66,44.5,45.0,60,1.0
2025-06-10 13:00,44.59,44.4,44.9,60,1.0
2025-06-10 14:00,44.53,44.4,44.9,53,0.883
2025-06-10 15:00,44.5,44.3,44.8,60,1.0
2025-06-10 16:00,44.59,44.3,44.9,59,0.983
2025-06-10 17:00,44.46,44.3,44.8,60,1.0
2025-06-10 18:00,44.46,44.3,45.0,60,1.0
2025-06-10 19:00,44.53,44.3,44.9,60,1.0
2025-06-10 20:00,44.41,44.3,44.7,60,1.0
2025-06-10 21:00,44.45,44.3,44.7,60,1.0
2025-06-10 22:00,44.52,44.3,45.0,60,1.0
2025-06-10 23:00,44.47,44.3,44.8,60,1.0
2025-06-11 00:00,44.4,44.2,44.8,60,1.0
2025-06-11 01:00,44.36,44.2,44.7,60,1.0
2025-06-11 02:00,44.33,44.2,44.6,60,1.0
2025-06-11 03:00,44.34,44.2,44.7,60,1.0
2025-06-11 04:00,44.4,44.2,44.8,60,1.0
2025-06-11 05:00,44.32,44.2,44.7,60,1.0
2025-06-11 06:00,44.39,44.2,44.8,59,0.983
2025-06-11 07:00,44.33,44.2,44.6,60,1.0
2025-06-11 08:00,44.29,44.1,44.7,60,1.0
2025-06-11 09:00,44.23,44.1,44.6,58,0.967
2025-06-11 10:00,44.23,44.0,44.6,59,0.983
2025-06-11 11:00,44.11,43.9,44.5,60,1.0
2025-06-11 12:00,44.04,43.9,44.4,60,1.0
2025-06-11 13:00,44.0,43.8,44.4,60,1.0
2025-06-11 14:00,43.92,43.8,44.3,60,1.0
2025-06-11 15:00,43.98,43.8,44.3,60,1.0
2025-06-11 16:00,43.96,43.8,44.2,60,1.0
2025-06-11 17:00,43.99,43.8,44.3,60,1.0
2025-06-11 18:00,43.86,43.7,44.2,60,1.0
2025-06-11 19:00,43.89,43.7,44.4,60,1.0
2025-06-11 20:00,43.92,43.7,44.2,60,1.0
2025-06-11 21:00,43.91,43.7,44.2,60,1.0
2025-06-11 22:00,43.84,43.7,44.2,60,1.0
2025-06-11 23:00,43.86,43.7,44.2,60,1.0
2025-06-12 00:00,43.95,43.7,44.3,60,1.0
2025-06-12 01:00,43.94,43.7,44.3,60,1.0
2025-06-12 02:00,43.87,43.7,44.3,60,1.0
2025-06-12 03:00,43.86,43.7,44.2,60,1.0
2025-06-12 04:00,43.81,43.7,44.2,59,0.983
2025-06-12 05:00,43.78,43.6,44.3,60,1.0
2025-06-12 06:00,43.83,43.6,44.2,60,1.0
2025-06-12 07:00,43.81,43.6,44.2,60,1.0
2025-06-12 08:00,43.78,43.6,44.2,59,0.983
2025-06-12 09:00,43.68,43.5,44.1,60,1.0
2025-06-12 10:00,43.67,43.5,44.0,60,1.0
2025-06-12 11:00,43.65,43.4,44.1,60,1.0
2025-06-12 12:00,43.48,43.3,43.8,60,1.0
2025-06-12 13:00,43.5,43.3,43.9,60,1.0
2025-06-12 14:00,43.46,43.3,43.8,60,1.0
2025-06-12 15:00,43.43,43.2,43.8,59,0.983
2025-06-12 16:00,43.36,43.2,43.6,59,0.983
2025-06-12 17:00,43.36,43.2,43.6,59,0.983
2025-06-12 18:00,43.45,43.2,43.7,59,0.983
2025-06-12 19:00,43.31,43.2,43.6,60,1.0
2025-06-12 20:00,43.32,43.2,43.6,60,1.0
2025-06-12 21:00,43.41,43.2,43.7,60,1.0
2025-06-12 22:00,43.36,43.2,43.6,59,0.983
2025-06-12 23:00,43.29,43.2,43.5,60,1.0
2025-06-13 00:00,43.25,43.1,43.5,59,0.983
2025-06-13 01:00,43.32,43.2,43.6,60,1.0
2025-06-13 02:00,43.32,43.1,43.7,34,0.567
2025-06-13 08:00,43.23,43.1,43.5,47,0.783
2025-06-13 09:00,43.23,43.0,43.8,58,0.967
2025-06-13 10:00,43.14,42.9,43.4,60,1.0
2025-06-13 11:00,43.08,42.9,43.4,60,1.0
2025-06-13 12:00,42.98,42.8,43.3,60,1.0
2025-06-13 13:00,42.95,42.8,43.3,60,1.0
2025-06-13 14:00,42.95,42.8,43.3,60,1.0
2025-06-13 15:00,42.91,42.7,43.2,60,1.0
2025-06-13 16:00,42.83,42.7,43.2,59,0.983
2025-06-13 17:00,42.93,42.7,43.3,60,1.0
2025-06-13 18:00,42.95,42.7,43.3,60,1.0
2025-06-13 19:00,42.85,42.7,43.2,60,1.0
2025-06-13 20:00,42.86,42.7,43.2,60,1.0
2025-06-13 21:00,42.9,42.7,43.4,60,1.0
2025-06-13 22:00,42.88,42.7,43.2,60,1.0
2025-06-13 23:00,42.76,42.6,43.0,60,1.0
2025-06-14 00:00,42.88,42.7,43.1,49,0.817
2025-06-14 01:00,42.77,42.6,43.1,60,1.0
2025-06-14 02:00,42.86,42.6,43.3,60,1.0
2025-06-14 03:00,42.83,42.6,43.2,47,0.783
2025-06-14 04:00,42.77,42.6,43.2,55,0.917
2025-06-14 05:00,42.7,42.6,43.1,51,0.85
2025-06-14 06:00,42.74,42.6,43.1,45,0.75
2025-06-14 07:00,42.74,42.6,43.0,50,0.833
2025-06-14 08:00,42.64,42.5,42.9,44,0.733
2025-06-14 09:00,42.71,42.5,43.0,59,0.983
2025-06-14 10:00,42.61,42.4,42.9,60,1.0
2025-06-14 11:00,42.49,42.3,42.8,60,1.0
2025-06-14 12:00,42.42,42.3,42.8,60,1.0
2025-06-14 13:00,42.37,42.2,42.7,59,0.983
2025-06-14 14:00,42.43,42.2,42.8,60,1.0
2025-06-14 15:00,42.3,42.1,42.6,46,0.767
2025-06-14 16:00,42.28,42.2,42.6,21,0.35
2025-06-14 17:00,42.35,42.2,42.6,52,0.867
2025-06-14 18:00,42.32,42.1,42.6,59,0.983
2025-06-14 19:00,42.25,42.1,42.6,59,0.983
2025-06-14 20:00,42.33,42.1,42.6,60,1.0
2025-06-14 21:00,42.27,42.1,42.6,60,1.0
2025-06-14 22:00,42.19,42.1,42.5,60,1.0
2025-06-14 23:00,42.22,42.1,42.6,60,1.0
2025-06-15 00:00,42.27,42.1,42.6,60,1.0
2025-06-15 01:00,42.34,42.1,42.8,60,1.0
2025-06-15 02:00,42.29,42.1,42.6,59,0.983
2025-06-15 03:00,42.2,42.0,42.5,60,1.0
2025-06-15 04:00,42.15,42.0,42.5,60,1.0
2025-06-15 05:00,42.14,42.0,42.4,59,0.983
2025-06-15 06:00,42.15,42.0,42.5,59,0.983
2025-06-15 07:00,42.18,42.0,42.5,59,0.983
2025-06-15 08:00,42.13,41.9,42.5,59,0.983
2025-06-15 09:00,42.11,41.9,42.6,60,1.0
2025-06-15 10:00,41.99,41.8,42.3,60,1.0
2025-06-15 11:00,42.04,41.8,42.3,60,1.0
2025-06-15 12:00,41.87,41.7,42.2,58,0.967
2025-06-15 13:00,41.84,41.7,42.2,60,1.0
2025-06-15 14:00,41.88,41.7,42.2,59,0.983
2025-06-15 15:00,41.84,41.6,42.2,60,1.0
2025-06-15 16:00,41.73,41.7,41.9,60,1.0
2025-06-15 17:00,41.79,41.6,42.1,59,0.983
2025-06-15 18:00,41.85,41.6,42.1,60,1.0
2025-06-15 19:00,41.79,41.6,42.1,58,0.967
2025-06-15 20:00,41.74,41.6,42.2,60,1.0
2025-06-15 21:00,41.82,41.6,42.1,60,1.0
2025-06-15 22:00,41.86,41.6,42.1,60,1.0
2025-06-15 23:00,41.79,41.6,42.1,60,1.0
2025-06-16 00:00,41.7,41.6,42.0,60,1.0
2025-06-16 01:00,41.74,41.6,42.1,60,1.0
2025-06-16 02:00,41.8,41.6,42.1,59,0.983
2025-06-16 03:00,41.76,41.6,42.0,59,0.983
2025-06-16 04:00,41.79,41.5,42.1,58,0.967
2025-06-16 05:00,41.65,41.5,41.9,60,1.0
2025-06-16 06:00,41.72,41.5,42.1,58,0.967
2025-06-16 07:00,41.68,41.5,42.0,59,0.983
2025-06-16 08:00,41.66,41.5,42.0,58,0.967
2025-06-16 09:00,41.57,41.4,41.8,59,0.983
2025-06-16 10:00,41.54,41.4,41.8,59,0.983
2025-06-16 11:00,41.55,41.3,42.0,60,1.0
2025-06-16 12:00,41.45,41.3,41.7,60,1.0
2025-06-16 13:00,41.38,41.2,41.7,60,1.0
2025-06-16 14:00,41.38,41.2,41.7,59,0.983
2025-06-16 15:00,41.47,41.2,41.8,58,0.967
2025-06-16 16:00,41.4,41.2,41.7,52,0.867
2025-06-16 17:00,41.28,41.1,41.6,54,0.9
2025-06-16 18:00,41.28,41.2,41.5,60,1.0
2025-06-16 19:00,41.32,41.2,41.7,60,1.0
2025-06-16 20:00,41.36,41.1,41.6,59,0.983
2025-06-16 21:00,41.26,41.1,41.6,59,0.983
2025-06-16 22:00,41.26,41.1,41.5,58,0.967
2025-06-16 23:00,41.36,41.1,41.6,59,0.983
2025-06-17 00:00,41.31,41.1,41.6,59,0.983
2025-06-17 01:00,41.3,41.1,41.6,60,1.0
2025-06-17 02:00,41.21,41.1,41.6,60,1.0
2025-06-17 03:00,41.21,41.1,41.4,60,1.0
2025-06-17 04:00,41.18,41.1,41.5,60,1.0
2025-06-17 05:00,41.18,41.1,41.4,59,0.983
2025-06-17 06:00,41.23,41.1,41.6,59,0.983
2025-06-17 07:00,41.2,41.0,41.5,58,0.967
2025-06-17 08:00,41.19,41.0,41.5,59,0.983
2025-06-17 09:00,41.2,41.0,41.5,60,1.0
2025-06-17 10:00,41.14,40.9,41.4,60,1.0
2025-06-17 11:00,41.1,40.9,41.4,60,1.0
2025-06-17 12:00,41.0,40.8,41.4,60,1.0
2025-06-17 13:00,40.91,40.8,41.3,59,0.983
2025-06-17 14:00,40.87,40.7,41.1,59,0.983
2025-06-17 15:00,40.94,40.7,41.2,58,0.967
2025-06-17 16:00,40.91,40.7,41.4,59,0.983
2025-06-17 17:00,40.83,40.7,41.1,60,1.0
2025-06-17 18:00,40.87,40.7,41.1,59,0.983
2025-06-17 19:00,40.9,40.7,41.2,59,0.983
2025-06-17 20:00,40.79,40.6,41.0,60,1.0
2025-06-17 21:00,40.84,40.6,41.2,60,1.0
2025-06-17 22:00,40.86,40.6,41.1,60,1.0
2025-06-17 23:00,40.88,40.6,41.2,60,1.0
2025-06-18 00:00,40.82,40.6,41.1,59,0.983
2025-06-18 01:00,40.73,40.6,41.0,60,1.0
2025-06-18 02:00,40.74,40.6,41.1,60,1.0
2025-06-18 03:00,40.7,40.6,41.0,59,0.983
2025-06-18 04:00,40.69,40.6,41.1,60,1.0
2025-06-18 05:00,40.7,40.6,41.0,59,0.983
2025-06-18 06:00,40.72,40.5,41.0,56,0.933
2025-06-18 07:00,40.65,40.6,40.9,42,0.7
2025-06-18 08:00,40.79,40.6,41.1,56,0.933
2025-06-18 09:00,40.96,40.8,41.3,14,0.233
2025-06-18 10:00,40.97,40.8,41.3,60,1.0
2025-06-18 11:00,40.96,40.8,41.4,60,1.0
2025-06-18 12:00,41.02,40.8,41.4,60,1.0
2025-06-18 13:00,40.94,40.8,41.2,60,1.0
2025-06-18 14:00,40.94,40.8,41.2,60,1.0
2025-06-18 15:00,40.86,40.7,41.3,60,1.0
2025-06-18 16:00,40.85,40.7,41.1,60,1.0
2025-06-18 17:00,40.92,40.7,41.1,60,1.0
2025-06-18 18:00,40.89,40.7,41.1,59,0.983
2025-06-18 19:00,40.87,40.6,41.2,59,0.983
2025-06-18 20:00,40.81,40.6,41.1,59,0.983
2025-06-18 21:00,40.73,40.6,41.0,60,1.0
2025-06-18 22:00,40.75,40.6,41.1,60,1.0
2025-06-18 23:00,40.75,40.6,41.0,59,0.983
2025-06-19 00:00,40.78,40.6,41.1,60,1.0
2025-06-19 01:00,40.8,40.6,41.1,60,1.0
2025-06-19 02:00,40.84,40.6,41.1,58,0.967
2025-06-19 03:00,40.79,40.6,41.1,60,1.0
2025-06-19 04:00,40.81,40.6,41.0,59,0.983
2025-06-19 05:00,40.72,40.5,41.0,60,1.0
2025-06-19 06:00,40.66,40.5,41.0,60,1.0
2025-06-19 07:00,40.71,40.5,41.1,60,1.0
2025-06-19 08:00,40.64,40.5,41.0,59,0.983
2025-06-19 09:00,40.52,40.3,40.8,60,1.0
2025-06-19 10:00,40.46,40.3,40.7,60,1.0
2025-06-19 11:00,40.36,40.2,41.0,60,1.0
2025-06-19 12:00,40.29,40.1,40.6,59,0.983
2025-06-19 13:00,40.22,40.1,40.5,60,1.0
2025-06-19 14:00,40.24,40.0,40.7,60,1.0
2025-06-19 15:00,40.28,40.0,40.6,60,1.0
2025-06-19 16:00,40.18,40.0,40.6,60,1.0
2025-06-19 17:00,40.15,40.0,40.5,60,1.0
2025-06-19 18:00,40.15,40.0,40.5,60,1.0
2025-06-19 19:00,40.25,40.0,40.5,60,1.0
2025-06-19 20:00,40.18,40.0,40.6,60,1.0
2025-06-19 21:00,40.24,40.0,40.7,60,1.0
2025-06-19 22:00,40.17,40.0,40.5,60,1.0
2025-06-19 23:00,40.1,40.0,40.5,60,1.0
2025-06-20 00:00,40.1,40.0,40.3,60,1.0
2025-06-20 01:00,40.1,40.0,40.4,60,1.0
2025-06-20 02:00,40.2,40.0,40.5,60,1.0
2025-06-20 03:00,40.23,40.0,40.5,60,1.0
2025-06-20 04:00,40.21,40.0,40.5,59,0.983
2025-06-20 05:00,40.19,40.0,40.5,59,0.983
2025-06-20 06:00,40.13,40.0,40.5,59,0.983
2025-06-20 07:00,40.12,40.0,40.3,58,0.967
2025-06-20 08:00,40.08,39.9,40.3,60,1.0
2025-06-20 09:00,40.03,39.9,40.3,60,1.0
2025-06-20 10:00,40.05,39.9,40.4,58,0.967
2025-06-20 11:00,39.97,39.9,40.3,53,0.883
2025-06-20 12:00,39.91,39.8,40.2,49,0.817
2025-06-20 13:00,39.89,39.7,40.2,60,1.0
2025-06-20 14:00,39.84,39.7,40.2,60,1.0
2025-06-20 15:00,39.87,39.7,40.2,60,1.0
2025-06-20 16:00,39.94,39.7,40.3,60,1.0
2025-06-20 17:00,39.82,39.7,40.1,60,1.0
2025-06-20 18:00,39.86,39.7,40.2,57,0.95
2025-06-20 19:00,39.91,39.7,40.2,59,0.983
2025-06-20 20:00,39.78,39.7,40.0,60,1.0
2025-06-20 21:00,39.88,39.7,40.1,60,1.0
2025-06-20 22:00,39.87,39.7,40.1,60,1.0
2025-06-20 23:00,39.74,39.7,40.0,52,0.867
2025-06-21 00:00,39.79,39.7,40.1,60,1.0
2025-06-21 01:00,39.84,39.7,40.1,60,1.0
2025-06-21 02:00,39.88,39.7,40.2,60,1.0
2025-06-21 03:00,39.9,39.7,40.2,59,0.983
2025-06-21 04:00,39.86,39.6,40.2,60,1.0
2025-06-21 05:00,39.76,39.6,40.2,59,0.983
2025-06-21 06:00,39.79,39.6,40.2,58,0.967
2025-06-21 07:00,39.75,39.6,40.1,60,1.0
2025-06-21 08:00,39.72,39.6,40.0,57,0.95
2025-06-21 09:00,39.72,39.5,40.1,58,0.967
2025-06-21 10:00,39.61,39.5,39.9,60,1.0
2025-06-21 11:00,39.61,39.4,39.9,58,0.967
2025-06-21 12:00,39.57,39.4,39.9,59,0.983
2025-06-21 13:00,39.52,39.3,39.8,60,1.0
2025-06-21 14:00,39.49,39.3,39.9,59,0.983
2025-06-21 15:00,39.48,39.3,39.8,51,0.85
2025-06-21 16:00,39.52,39.3,39.8,59,0.983
2025-06-21 17:00,39.53,39.3,39.7,59,0.983
2025-06-21 18:00,39.38,39.3,39.7,60,1.0
2025-06-21 19:00,39.44,39.3,39.7,60,1.0
2025-06-21 20:00,39.54,39.3,39.8,60,1.0
2025-06-21 21:00,39.44,39.3,39.8,60,1.0
2025-06-21 22:00,39.4,39.3,39.7,60,1.0
2025-06-21 23:00,39.45,39.2,39.7,60,1.0
2025-06-22 00:00,39.4,39.2,39.7,60,1.0
2025-06-22 01:00,39.38,39.2,39.6,60,1.0
2025-06-22 02:00,39.31,39.2,39.6,60,1.0
2025-06-22 03:00,39.31,39.2,39.5,60,1.0
2025-06-22 04:00,39.33,39.2,39.6,60,1.0
2025-06-22 05:00,39.35,39.2,39.6,60,1.0
2025-06-22 06:00,39.35,39.2,39.7,60,1.0
2025-06-22 07:00,39.33,39.2,39.6,60,1.0
2025-06-22 08:00,39.29,39.2,39.6,59,0.983
2025-06-22 09:00,39.32,39.1,39.6,60,1.0
2025-06-22 10:00,39.34,39.1,39.7,60,1.0
2025-06-22 11:00,39.2,39.0,39.5,60,1.0
2025-06-22 12:00,39.17,39.0,39.5,60,1.0
2025-06-22 13:00,39.16,38.9,39.5,60,1.0
2025-06-22 14:00,39.07,38.9,39.4,60,1.0
2025-06-22 15:00,39.15,38.9,39.4,60,1.0
2025-06-22 16:00,39.08,38.9,39.4,60,1.0
2025-06-22 17:00,39.05,38.9,39.3,60,1.0
2025-06-22 18:00,39.0,38.9,39.2,60,1.0
2025-06-22 19:00,39.11,38.9,39.4,60,1.0
2025-06-22 20:00,38.99,38.9,39.2,59,0.983
2025-06-22 21:00,39.05,38.9,39.4,60,1.0
2025-06-22 22:00,39.08,38.9,39.3,59,0.983
2025-06-22 23:00,39.06,38.8,39.3,60,1.0
2025-06-23 00:00,38.97,38.8,39.2,59,0.983
2025-06-23 01:00,38.94,38.8,39.2,60,1.0
2025-06-23 02:00,38.91,38.8,39.1,60,1.0
2025-06-23 03:00,38.93,38.8,39.2,58,0.967
2025-06-23 04:00,38.94,38.8,39.2,60,1.0
2025-06-23 05:00,38.98,38.8,39.4,59,0.983
2025-06-23 06:00,38.9,38.8,39.2,60,1.0
2025-06-23 07:00,38.94,38.8,39.3,53,0.883
2025-06-23 08:00,38.95,38.7,39.2,59,0.983
2025-06-23 09:00,38.89,38.7,39.2,57,0.95
2025-06-23 10:00,38.88,38.7,39.2,49,0.817
2025-06-23 11:00,38.8,38.6,39.1,53,0.883
2025-06-23 12:00,38.74,38.6,39.1,58,0.967
2025-06-23 13:00,38.75,38.5,39.2,60,1.0
2025-06-23 14:00,38.66,38.5,38.8,60,1.0
2025-06-23 15:00,38.73,38.5,39.0,60,1.0
2025-06-23 16:00,38.73,38.5,39.0,60,1.0
2025-06-23 17:00,38.62,38.5,38.9,60,1.0
2025-06-23 18:00,38.62,38.5,38.8,60,1.0
2025-06-23 19:00,38.76,38.5,39.1,60,1.0
2025-06-23 20:00,38.69,38.5,39.0,60,1.0
2025-06-23 21:00,38.65,38.5,38.9,60,1.0
2025-06-23 22:00,38.72,38.5,39.0,60,1.0
2025-06-23 23:00,38.67,38.5,39.0,56,0.933
2025-06-24 00:00,38.59,38.5,38.9,56,0.933
2025-06-24 01:00,38.59,38.5,39.2,51,0.85
2025-06-24 02:00,38.57,38.5,38.9,60,1.0
2025-06-24 03:00,38.57,38.5,38.8,59,0.983
2025-06-24 04:00,38.64,38.5,39.1,60,1.0
2025-06-24 05:00,38.6,38.5,38.9,60,1.0
2025-06-24 06:00,38.62,38.5,38.9,59,0.983
2025-06-24 07:00,38.63,38.5,39.0,60,1.0
2025-06-24 08:00,38.64,38.5,39.0,58,0.967
2025-06-24 09:00,38.56,38.4,38.8,60,1.0
2025-06-24 10:00,38.62,38.4,38.9,59,0.983
2025-06-24 11:00,38.46,38.3,38.8,60,1.0
2025-06-24 12:00,38.47,38.3,38.9,60,1.0
2025-06-24 13:00,38.45,38.2,38.8,59,0.983
2025-06-24 14:00,38.38,38.2,38.7,60,1.0
2025-06-24 15:00,38.45,38.2,38.7,60,1.0
2025-06-24 16:00,38.49,38.3,38.7,60,1.0
2025-06-24 17:00,38.37,38.2,38.7,58,0.967
2025-06-24 18:00,38.35,38.2,38.6,60,1.0
2025-06-24 19:00,38.46,38.2,38.8,60,1.0
2025-06-24 20:00,38.42,38.2,38.8,60,1.0
2025-06-24 21:00,38.34,38.2,38.7,60,1.0
2025-06-24 22:00,38.45,38.2,38.8,60,1.0
2025-06-24 23:00,38.44,38.2,38.7,59,0.983
2025-06-25 00:00,38.35,38.2,38.7,60,1.0
2025-06-25 01:00,38.29,38.2,38.6,60,1.0
2025-06-25 02:00,38.26,38.2,38.6,60,1.0
2025-06-25 03:00,38.26,38.1,38.5,60,1.0
2025-06-25 04:00,38.24,38.1,38.6,60,1.0
2025-06-25 05:00,38.28,38.1,38.6,60,1.0
2025-06-25 06:00,38.17,38.1,38.4,59,0.983
2025-06-25 07:00,38.21,38.0,38.5,60,1.0
2025-06-25 08:00,38.23,38.0,38.5,60,1.0
2025-06-25 09:00,38.18,38.0,38.4,60,1.0
2025-06-25 10:00,38.11,37.9,38.4,60,1.0
2025-06-25 11:00,38.11,37.9,38.4,60,1.0
2025-06-25 12:00,38.03,37.9,38.3,60,1.0
2025-06-25 13:00,37.96,37.8,38.2,60,1.0
2025-06-25 14:00,37.96,37.8,38.2,60,1.0
2025-06-25 15:00,37.96,37.8,38.3,60,1.0
2025-06-25 16:00,37.98,37.8,38.3,60,1.0
2025-06-25 17:00,37.92,37.8,38.2,60,1.0
2025-06-25 18:00,37.89,37.8,38.2,60,1.0
2025-06-25 19:00,37.99,37.8,38.3,60,1.0
2025-06-25 20:00,37.94,37.8,38.2,60,1.0
2025-06-25 21:00,37.87,37.7,38.1,60,1.0
2025-06-25 22:00,37.9,37.7,38.4,60,1.0
2025-06-25 23:00,37.93,37.7,38.2,59,0.983
2025-06-26 00:00,37.95,37.7,38.2,60,1.0
2025-06-26 01:00,37.91,37.7,38.2,60,1.0
2025-06-26 02:00,37.82,37.7,38.3,59,0.983
2025-06-26 03:00,37.78,37.7,38.1,60,1.0
2025-06-26 04:00,37.75,37.6,38.1,60,1.0
2025-06-26 05:00,37.74,37.6,38.0,59,0.983
2025-06-26 06:00,37.82,37.6,38.1,60,1.0
2025-06-26 07:00,37.79,37.6,38.1,60,1.0
2025-06-26 08:00,37.78,37.6,38.2,60,1.0
2025-06-26 09:00,37.76,37.6,38.1,52,0.867
2025-06-26 10:00,37.72,37.6,38.0,48,0.8
2025-06-26 11:00,37.66,37.5,37.9,60,1.0
2025-06-26 12:00,37.64,37.4,37.9,59,0.983
2025-06-26 13:00,37.62,37.4,37.9,60,1.0
2025-06-26 14:00,37.62,37.4,38.0,59,0.983
2025-06-26 15:00,37.58,37.4,38.0,60,1.0
2025-06-26 16:00,37.55,37.4,37.9,60,1.0
2025-06-26 17:00,37.63,37.4,38.0,60,1.0
2025-06-26 18:00,37.58,37.4,37.9,60,1.0
2025-06-26 19:00,37.59,37.4,37.9,60,1.0
2025-06-26 20:00,37.6,37.4,38.0,59,0.983
2025-06-26 21:00,37.51,37.4,37.8,59,0.983
2025-06-26 22:00,37.57,37.4,38.0,60,1.0
2025-06-26 23:00,37.62,37.4,38.0,60,1.0
2025-06-27 00:00,37.62,37.4,37.9,59,0.983
2025-06-27 01:00,37.57,37.4,37.8,60,1.0
2025-06-27 02:00,37.49,37.3,37.8,59,0.983
2025-06-27 03:00,37.45,37.3,37.7,60,1.0
2025-06-27 04:00,37.43,37.3,37.7,59,0.983
2025-06-27 05:00,37.45,37.3,37.8,60,1.0
2025-06-27 06:00,37.47,37.3,37.7,59,0.983
2025-06-27 07:00,37.48,37.3,37.9,60,1.0
2025-06-27 08:00,37.44,37.3,37.8,60,1.0
2025-06-27 09:00,37.47,37.3,37.7,59,0.983
2025-06-27 10:00,37.34,37.2,37.6,60,1.0
2025-06-27 11:00,37.38,37.2,37.6,59,0.983
2025-06-27 12:00,37.29,37.1,37.5,60,1.0
2025-06-27 13:00,37.27,37.1,37.6,60,1.0
2025-06-27 14:00,37.27,37.1,37.6,58,0.967
2025-06-27 15:00,37.22,37.1,37.6,60,1.0
2025-06-27 16:00,37.27,37.1,37.6,60,1.0
2025-06-27 17:00,37.32,37.1,37.7,58,0.967
2025-06-27 18:00,37.3,37.1,37.6,59,0.983
2025-06-27 19:00,37.3,37.1,37.7,59,0.983
2025-06-27 20:00,37.21,37.1,37.5,60,1.0
2025-06-27 21:00,37.33,37.1,37.5,59,0.983
2025-06-27 22:00,37.32,37.1,37.6,59,0.983
2025-06-27 23:00,37.24,37.1,37.5,60,1.0
2025-06-28 00:00,37.18,37.1,37.3,59,0.983
2025-06-28 01:00,37.24,37.1,37.5,60,1.0
2025-06-28 02:00,37.19,37.1,37.5,60,1.0
2025-06-28 03:00,37.17,37.1,37.4,60,1.0
2025-06-28 04:00,37.18,37.0,37.4,60,1.0
2025-06-28 05:00,37.21,37.0,37.5,60,1.0
2025-06-28 06:00,37.2,37.0,37.7,58,0.967
2025-06-28 07:00,37.22,37.0,37.6,56,0.933
2025-06-28 08:00,37.17,37.0,37.5,60,1.0
2025-06-28 09:00,37.09,37.0,37.5,60,1.0
2025-06-28 10:00,37.12,36.9,37.3,60,1.0
2025-06-28 11:00,37.06,36.8,37.3,60,1.0
2025-06-28 12:00,36.99,36.8,37.3,60,1.0
2025-06-28 13:00,36.94,36.8,37.2,60,1.0
2025-06-28 14:00,36.98,36.8,37.3,59,0.983
2025-06-28 15:00,36.89,36.8,37.2,60,1.0
2025-06-28 16:00,36.96,36.8,37.2,60,1.0
2025-06-28 17:00,36.89,36.7,37.2,60,1.0
2025-06-28 18:00,36.87,36.7,37.1,60,1.0
2025-06-28 19:00,36.89,36.7,37.2,57,0.95
2025-06-28 20:00,36.85,36.7,37.1,60,1.0
2025-06-28 21:00,36.89,36.7,37.2,59,0.983
2025-06-28 22:00,36.86,36.7,37.2,60,1.0
2025-06-28 23:00,36.92,36.7,37.3,60,1.0
2025-06-29 00:00,36.91,36.7,37.1,60,1.0
2025-06-29 01:00,36.82,36.7,37.2,60,1.0
2025-06-29 02:00,36.93,36.7,37.2,59,0.983
2025-06-29 03:00,36.89,36.7,37.2,59,0.983
2025-06-29 04:00,36.88,36.7,37.1,56,0.933
2025-06-29 05:00,36.77,36.6,37.1,59,0.983
2025-06-29 06:00,36.76,36.7,37.0,60,1.0
2025-06-29 07:00,36.82,36.6,37.1,59,0.983
2025-06-29 08:00,36.75,36.6,37.0,58,0.967
2025-06-29 09:00,36.75,36.6,37.1,57,0.95
2025-06-29 10:00,36.71,36.6,37.0,59,0.983
2025-06-29 11:00,36.61,36.5,36.9,59,0.983
2025-06-29 12:00,36.65,36.5,36.9,60,1.0
2025-06-29 13:00,36.59,36.4,36.8,60,1.0
2025-06-29 14:00,36.56,36.4,36.8,60,1.0
2025-06-29 15:00,36.5,36.4,36.7,60,1.0
2025-06-29 16:00,36.6,36.4,37.0,59,0.983
2025-06-29 17:00,36.59,36.4,36.9,57,0.95
2025-06-29 18:00,36.47,36.4,36.8,60,1.0
2025-06-29 19:00,36.53,36.4,36.9,60,1.0
2025-06-29 20:00,36.57,36.4,36.8,60,1.0
2025-06-29 21:00,36.57,36.3,36.8,59,0.983
2025-06-29 22:00,36.53,36.3,36.8,60,1.0
2025-06-29 23:00,36.47,36.3,36.8,59,0.983
2025-06-30 00:00,36.49,36.3,36.8,60,1.0
2025-06-30 01:00,36.51,36.3,36.7,60,1.0
2025-06-30 02:00,36.39,36.3,36.7,60,1.0
2025-06-30 03:00,36.47,36.3,36.8,60,1.0
2025-06-30 04:00,36.46,36.3,36.8,60,1.0
2025-06-30 05:00,36.44,36.2,36.7,60,1.0
2025-06-30 06:00,36.44,36.2,36.7,60,1.0
2025-06-30 07:00,36.39,36.2,36.7,59,0.983
2025-06-30 08:00,36.4,36.2,36.7,60,1.0
2025-06-30 09:00,36.33,36.2,36.5,60,1.0
2025-06-30 10:00,36.27,36.2,36.5,59,0.983
2025-06-30 11:00,36.27,36.1,36.5,60,1.0
2025-06-30 12:00,36.23,36.0,36.5,60,1.0
2025-06-30 13:00,36.22,36.1,36.5,60,1.0
2025-06-30 14:00,36.15,36.0,36.5,60,1.0
2025-06-30 15:00,36.2,36.0,36.5,60,1.0
2025-06-30 16:00,36.15,36.0,36.4,60,1.0
2025-06-30 17:00,36.11,36.0,36.6,60,1.0
2025-06-30 18:00,36.19,36.0,36.5,58,0.967
2025-06-30 19:00,36.16,36.0,36.5,60,1.0
2025-06-30 20:00,36.21,36.0,36.5,60,1.0
2025-06-30 21:00,36.16,36.0,36.4,60,1.0
2025-06-30 22:00,36.1,35.9,36.4,60,1.0
2025-06-30 23:00,36.17,36.0,36.4,60,1.0
2025-07-01 00:00,36.16,35.9,36.4,58,0.967
2025-07-01 01:00,36.1,36.0,36.4,21,0.35
2025-07-01 07:00,36.4,36.4,36.4,1,0.017
2025-07-01 08:00,36.04,35.9,36.4,59,0.983
2025-07-01 09:00,35.97,35.9,36.3,60,1.0
2025-07-01 10:00,35.98,35.8,36.2,60,1.0
2025-07-01 11:00,35.94,35.7,36.2,60,1.0
2025-07-01 12:00,35.91,35.7,36.2,59,0.983
2025-07-01 13:00,35.87,35.7,36.1,60,1.0
2025-07-01 14:00,35.83,35.7,36.2,60,1.0
2025-07-01 15:00,35.86,35.6,36.1,60,1.0
2025-07-01 16:00,35.83,35.7,36.1,60,1.0
2025-07-01 17:00,35.76,35.7,36.0,60,1.0
2025-07-01 18:00,35.84,35.6,36.2,60,1.0
2025-07-01 19:00,35.85,35.7,36.1,60,1.0
2025-07-01 20:00,35.78,35.6,36.0,60,1.0
2025-07-01 21:00,35.87,35.7,36.1,59,0.983
2025-07-01 22:00,35.83,35.6,36.1,56,0.933
2025-07-01 23:00,35.83,35.6,36.1,59,0.983
2025-07-02 00:00,35.75,35.6,36.1,60,1.0
2025-07-02 01:00,35.7,35.6,35.9,59,0.983
2025-07-02 02:00,35.73,35.6,36.0,60,1.0
2025-07-02 03:00,35.71,35.6,36.0,60,1.0
2025-07-02 04:00,35.78,35.6,36.0,60,1.0
2025-07-02 05:00,35.79,35.6,36.0,59,0.983
2025-07-02 06:00,35.73,35.5,36.0,59,0.983
2025-07-02 07:00,35.72,35.5,35.9,60,1.0
2025-07-02 08:00,35.72,35.5,36.1,59,0.983
2025-07-02 09:00,35.65,35.5,35.9,60,1.0
2025-07-02 10:00,35.62,35.5,36.0,60,1.0
2025-07-02 11:00,35.65,35.4,35.9,60,1.0
2025-07-02 12:00,35.57,35.4,36.0,60,1.0
2025-07-02 13:00,35.53,35.4,35.7,60,1.0
2025-07-02 14:00,35.53,35.4,35.8,60,1.0
2025-07-02 15:00,35.52,35.4,35.9,60,1.0
2025-07-02 16:00,35.61,35.4,35.9,60,1.0
2025-07-02 17:00,35.49,35.4,35.7,60,1.0
2025-07-02 18:00,35.52,35.3,35.8,60,1.0
2025-07-02 19:00,35.55,35.4,35.8,60,1.0
2025-07-02 20:00,35.44,35.3,35.7,60,1.0
2025-07-02 21:00,35.49,35.3,35.8,60,1.0
2025-07-02 22:00,35.58,35.3,35.8,59,0.983
2025-07-02 23:00,35.57,35.3,35.9,59,0.983
2025-07-03 00:00,35.5,35.3,35.8,59,0.983
2025-07-03 01:00,35.4,35.3,35.6,59,0.983
2025-07-03 02:00,35.42,35.3,35.6,60,1.0
2025-07-03 03:00,35.39,35.3,35.7,59,0.983
2025-07-03 04:00,35.37,35.3,35.7,60,1.0
2025-07-03 05:00,35.36,35.3,35.7,59,0.983
2025-07-03 06:00,35.41,35.3,35.7,58,0.967
2025-07-03 07:00,35.44,35.2,35.7,59,0.983
2025-07-03 08:00,35.42,35.2,35.9,59,0.983
2025-07-03 09:00,35.37,35.2,35.7,59,0.983
2025-07-03 10:00,35.28,35.2,35.6,60,1.0
2025-07-03 11:00,35.28,35.1,35.6,60,1.0
2025-07-03 12:00,35.29,35.1,35.5,60,1.0
2025-07-03 13:00,35.24,35.1,35.6,60,1.0
2025-07-03 14:00,35.26,35.1,35.5,51,0.85
2025-07-03 15:00,35.17,35.1,35.4,47,0.783
2025-07-03 16:00,35.27,35.1,35.5,51,0.85
2025-07-03 17:00,35.27,35.1,35.5,44,0.733
2025-07-03 18:00,35.22,35.0,35.4,55,0.917
2025-07-03 19:00,35.2,35.1,35.7,44,0.733
2025-07-03 20:00,35.27,35.1,35.4,54,0.9
2025-07-03 21:00,35.17,35.1,35.4,59,0.983
2025-07-03 22:00,35.19,35.1,35.5,60,1.0
2025-07-03 23:00,35.29,35.1,35.5,59,0.983
2025-07-04 00:00,35.24,35.1,35.4,59,0.983
2025-07-04 01:00,35.2,35.0,35.5,59,0.983
2025-07-04 02:00,35.13,35.0,35.4,59,0.983
2025-07-04 03:00,35.12,35.0,35.4,58,0.967
2025-07-04 04:00,35.13,35.0,35.4,60,1.0
2025-07-04 05:00,35.1,35.0,35.3,60,1.0
2025-07-04 06:00,35.14,35.0,35.4,60,1.0
2025-07-04 07:00,35.14,35.0,35.5,60,1.0
2025-07-04 08:00,35.12,35.0,35.4,59,0.983
2025-07-04 09:00,35.08,34.9,35.3,60,1.0
2025-07-04 10:00,35.03,34.9,35.3,60,1.0
2025-07-04 11:00,35.06,34.8,35.3,60,1.0
2025-07-04 12:00,35.02,34.8,35.3,60,1.0
2025-07-04 13:00,34.98,34.8,35.2,60,1.0
2025-07-04 14:00,34.98,34.8,35.2,60,1.0
2025-07-04 15:00,34.9,34.8,35.2,60,1.0
2025-07-04 16:00,34.92,34.8,35.2,60,1.0
2025-07-04 17:00,35.03,34.8,35.4,60,1.0
2025-07-04 18:00,35.03,34.8,35.5,60,1.0
2025-07-04 19:00,34.91,34.8,35.1,60,1.0
2025-07-04 20:00,34.96,34.8,35.3,60,1.0
2025-07-04 21:00,35.0,34.8,35.3,60,1.0
2025-07-04 22:00,34.91,34.8,35.1,60,1.0
2025-07-04 23:00,34.94,34.8,35.3,60,1.0
2025-07-05 00:00,35.02,34.8,35.2,60,1.0
2025-07-05 01:00,34.95,34.8,35.2,60,1.0
2025-07-05 02:00,34.89,34.7,35.2,60,1.0
2025-07-05 03:00,34.85,34.7,35.0,31,0.517
2025-07-05 09:00,34.86,34.7,35.1,56,0.933
2025-07-05 10:00,34.86,34.7,35.1,60,1.0
2025-07-05 11:00,34.76,34.6,35.1,60,1.0
2025-07-05 12:00,34.77,34.6,35.0,60,1.0
2025-07-05 13:00,34.71,34.6,35.0,60,1.0
2025-07-05 14:00,34.69,34.6,35.0,60,1.0
2025-07-05 15:00,34.75,34.6,35.0,60,1.0
2025-07-05 16:00,34.66,34.5,35.0,60,1.0
2025-07-05 17:00,34.68,34.5,35.1,60,1.0
2025-07-05 18:00,34.67,34.6,35.0,60,1.0
2025-07-05 19:00,34.7,34.5,34.9,60,1.0
2025-07-05 20:00,34.76,34.6,35.0,60,1.0
2025-07-05 21:00,34.74,34.5,34.9,60,1.0
2025-07-05 22:00,34.64,34.5,34.8,60,1.0
2025-07-05 23:00,34.73,34.6,34.9,59,0.983
2025-07-06 00:00,34.72,34.5,35.0,60,1.0
2025-07-06 01:00,34.74,34.5,35.0,60,1.0
2025-07-06 02:00,34.71,34.5,35.0,60,1.0
2025-07-06 03:00,34.67,34.5,34.9,60,1.0
2025-07-06 04:00,34.61,34.5,35.1,58,0.967
2025-07-06 10:00,34.59,34.4,34.9,30,0.5
2025-07-06 11:00,34.55,34.4,34.9,60,1.0
2025-07-06 12:00,34.55,34.4,34.8,60,1.0
2025-07-06 13:00,34.5,34.3,34.8,60,1.0
2025-07-06 14:00,34.57,34.3,34.8,60,1.0
2025-07-06 15:00,34.45,34.3,34.7,59,0.983
2025-07-06 16:00,34.49,34.3,34.8,47,0.783
2025-07-06 17:00,34.53,34.3,34.8,60,1.0
2025-07-06 18:00,34.51,34.3,34.8,59,0.983
2025-07-06 19:00,34.48,34.3,34.7,59,0.983
2025-07-06 20:00,34.49,34.3,34.8,60,1.0
2025-07-06 21:00,34.43,34.3,34.6,60,1.0
2025-07-06 22:00,34.53,34.3,34.8,60,1.0
2025-07-06 23:00,34.55,34.3,34.8,60,1.0
2025-07-07 00:00,34.44,34.3,34.7,60,1.0
2025-07-07 01:00,34.44,34.3,34.7,60,1.0
2025-07-07 02:00,34.42,34.3,34.7,60,1.0
2025-07-07 03:00,34.42,34.2,34.8,60,1.0
2025-07-07 04:00,34.5,34.3,35.0,60,1.0
2025-07-07 05:00,34.42,34.2,34.7,59,0.983
2025-07-07 06:00,34.38,34.2,34.8,60,1.0
2025-07-07 07:00,34.42,34.2,34.7,60,1.0
2025-07-07 08:00,34.39,34.2,34.7,59,0.983
2025-07-07 09:00,34.29,34.2,34.6,60,1.0
2025-07-07 10:00,34.63,34.3,35.0,50,0.833
2025-07-07 11:00,34.63,34.5,34.9,59,0.983
2025-07-07 12:00,34.6,34.4,34.8,60,1.0
2025-07-07 13:00,34.53,34.4,34.7,60,1.0
2025-07-07 14:00,34.62,34.4,34.8,60,1.0
2025-07-07 15:00,34.57,34.4,34.8,60,1.0
2025-07-07 16:00,34.58,34.4,34.8,60,1.0
2025-07-07 17:00,34.61,34.4,34.8,60,1.0
2025-07-07 18:00,34.56,34.4,34.8,60,1.0
2025-07-07 19:00,34.56,34.4,34.8,60,1.0
2025-07-07 20:00,34.51,34.3,34.8,60,1.0
2025-07-07 21:00,34.46,34.3,34.7,60,1.0
2025-07-07 22:00,34.45,34.3,34.7,60,1.0
2025-07-07 23:00,34.46,34.3,34.8,60,1.0
2025-07-08 00:00,34.39,34.3,34.7,60,1.0
2025-07-08 01:00,34.36,34.3,34.6,60,1.0
2025-07-08 02:00,34.35,34.3,34.6,60,1.0
2025-07-08 03:00,34.35,34.3,34.6,60,1.0
2025-07-08 04:00,34.42,34.3,34.6,60,1.0
2025-07-08 05:00,34.46,34.3,34.8,60,1.0
2025-07-08 06:00,34.45,34.3,34.6,59,0.983
2025-07-08 07:00,34.4,34.3,34.7,60,1.0
2025-07-08 08:00,34.4,34.2,34.6,60,1.0
2025-07-08 09:00,34.33,34.2,34.7,60,1.0
2025-07-08 10:00,34.28,34.1,34.6,60,1.0
2025-07-08 11:00,34.25,34.1,34.6,60,1.0
2025-07-08 12:00,34.23,34.1,34.5,60,1.0
2025-07-08 13:00,34.14,34.0,34.4,58,0.967
2025-07-08 14:00,34.2,34.0,34.4,50,0.833
2025-07-08 15:00,34.12,34.0,34.5,59,0.983
2025-07-08 16:00,34.1,34.0,34.5,58,0.967
2025-07-08 17:00,34.16,34.0,34.6,60,1.0
2025-07-08 18:00,34.22,34.0,34.4,59,0.983
2025-07-08 19:00,34.11,34.0,34.4,60,1.0
2025-07-08 20:00,34.2,34.0,34.4,55,0.917
2025-07-08 21:00,34.22,34.1,34.4,45,0.75
2025-07-08 22:00,34.21,34.0,34.6,55,0.917
2025-07-08 23:00,34.19,34.0,34.5,59,0.983
2025-07-09 00:00,34.19,34.0,34.4,60,1.0
2025-07-09 01:00,34.25,34.0,34.4,60,1.0
2025-07-09 02:00,34.23,34.0,34.5,60,1.0
2025-07-09 03:00,34.2,34.0,34.4,60,1.0
2025-07-09 04:00,34.18,34.0,34.4,60,1.0
2025-07-09 05:00,34.05,34.0,34.3,60,1.0
2025-07-09 06:00,34.08,34.0,34.4,53,0.883
2025-07-09 07:00,34.11,34.0,34.3,60,1.0
2025-07-09 08:00,34.08,34.0,34.4,51,0.85
2025-07-09 09:00,34.08,33.9,34.3,52,0.867
2025-07-09 10:00,34.08,34.0,34.3,60,1.0
2025-07-09 11:00,34.08,33.9,34.4,60,1.0
2025-07-09 12:00,34.07,33.9,34.3,60,1.0
2025-07-09 13:00,33.99,33.9,34.3,60,1.0
2025-07-09 14:00,34.01,33.9,34.3,60,1.0
2025-07-09 15:00,34.08,33.9,34.3,60,1.0
2025-07-09 16:00,33.98,33.9,34.3,60,1.0
2025-07-09 17:00,33.97,33.9,34.3,60,1.0
2025-07-09 18:00,33.99,33.9,34.3,60,1.0
2025-07-09 19:00,34.07,33.9,34.4,60,1.0
2025-07-09 20:00,33.97,33.9,34.2,60,1.0
2025-07-09 21:00,33.98,33.8,34.3,53,0.883
2025-07-09 22:00,33.94,33.9,34.1,48,0.8
2025-07-09 23:00,33.96,33.8,34.1,60,1.0
2025-07-10 00:00,34.01,33.8,34.3,60,1.0
2025-07-10 01:00,34.05,33.8,34.3,60,1.0
2025-07-10 02:00,34.03,33.9,34.3,60,1.0
2025-07-10 03:00,34.03,33.8,34.3,60,1.0
2025-07-10 04:00,34.04,33.8,34.3,60,1.0
2025-07-10 05:00,33.9,33.8,34.2,60,1.0
2025-07-10 06:00,33.94,33.8,34.2,60,1.0
2025-07-10 07:00,33.95,33.8,34.2,60,1.0
2025-07-10 08:00,33.96,33.8,34.3,60,1.0
2025-07-10 09:00,33.96,33.8,34.2,60,1.0
2025-07-10 10:00,33.9,33.8,34.2,60,1.0
2025-07-10 11:00,33.91,33.8,34.2,60,1.0
2025-07-10 12:00,33.88,33.8,34.1,60,1.0
2025-07-10 13:00,33.88,33.7,34.2,60,1.0
2025-07-10 14:00,33.88,33.7,34.1,60,1.0
2025-07-10 15:00,33.92,33.7,34.2,60,1.0
2025-07-10 16:00,33.84,33.7,34.2,60,1.0
2025-07-10 17:00,33.83,33.7,34.1,60,1.0
2025-07-10 18:00,33.9,33.7,34.1,60,1.0
2025-07-10 19:00,33.85,33.7,34.2,59,0.983
2025-07-10 20:00,33.84,33.7,34.1,60,1.0
2025-07-10 21:00,33.95,33.7,34.2,60,1.0
2025-07-10 22:00,33.93,33.7,34.3,60,1.0
2025-07-10 23:00,33.85,33.7,34.1,60,1.0
2025-07-11 00:00,33.81,33.7,34.2,60,1.0
2025-07-11 01:00,33.86,33.7,34.1,60,1.0
2025-07-11 02:00,33.86,33.7,34.1,60,1.0
2025-07-11 03:00,33.87,33.7,34.1,60,1.0
2025-07-11 04:00,33.86,33.7,34.2,60,1.0
2025-07-11 05:00,33.87,33.7,34.2,60,1.0
2025-07-11 06:00,33.83,33.7,34.0,60,1.0
2025-07-11 07:00,33.82,33.7,34.1,60,1.0
2025-07-11 08:00,33.82,33.7,34.1,60,1.0
2025-07-11 09:00,33.8,33.7,34.1,60,1.0
2025-07-11 10:00,33.75,33.6,33.9,60,1.0
2025-07-11 11:00,33.83,33.7,34.1,60,1.0
2025-07-11 12:00,33.79,33.6,34.0,60,1.0
2025-07-11 13:00,33.78,33.6,34.1,60,1.0
2025-07-11 14:00,33.69,33.6,33.9,60,1.0
2025-07-11 15:00,33.71,33.6,33.9,60,1.0
2025-07-11 16:00,33.79,33.6,34.1,60,1.0
2025-07-11 17:00,33.77,33.6,34.0,60,1.0
2025-07-11 18:00,33.73,33.6,34.0,60,1.0
2025-07-11 19:00,33.72,33.6,34.0,60,1.0
2025-07-11 20:00,33.8,33.6,34.1,60,1.0
2025-07-11 21:00,33.78,33.6,34.0,60,1.0
2025-07-11 22:00,33.68,33.6,33.9,60,1.0
2025-07-11 23:00,33.73,33.6,34.0,60,1.0
2025-07-12 00:00,33.75,33.6,34.0,59,0.983
2025-07-12 01:00,33.78,33.6,34.0,60,1.0
2025-07-12 02:00,33.73,33.6,33.9,60,1.0
2025-07-12 03:00,33.73,33.6,34.0,60,1.0
2025-07-12 04:00,33.68,33.6,33.9,60,1.0
2025-07-12 05:00,33.66,33.6,34.1,60,1.0
2025-07-12 06:00,33.7,33.6,34.1,60,1.0
2025-07-12 07:00,33.74,33.6,34.0,60,1.0
2025-07-12 08:00,33.72,33.6,34.1,60,1.0
2025-07-12 09:00,33.73,33.6,34.0,60,1.0
2025-07-12 10:00,33.68,33.6,34.0,60,1.0
2025-07-12 11:00,33.69,33.6,33.9,60,1.0
2025-07-12 12:00,33.7,33.6,34.0,60,1.0
2025-07-12 13:00,33.7,33.5,33.9,60,1.0
2025-07-12 14:00,33.62,33.5,33.9,60,1.0
2025-07-12 15:00,33.66,33.5,33.9,60,1.0
2025-07-12 16:00,33.71,33.5,34.0,60,1.0
2025-07-12 17:00,33.63,33.5,33.9,46,0.767
2025-07-12 18:00,33.61,33.5,33.9,56,0.933
2025-07-12 19:00,33.7,33.5,33.9,60,1.0
2025-07-12 20:00,33.66,33.5,34.0,60,1.0
2025-07-12 21:00,33.63,33.5,33.9,60,1.0
2025-07-12 22:00,33.68,33.5,33.9,60,1.0
2025-07-12 23:00,33.75,33.6,34.0,60,1.0
2025-07-13 00:00,33.76,33.5,34.0,60,1.0
2025-07-13 01:00,33.76,33.5,34.0,60,1.0
2025-07-13 02:00,33.69,33.5,34.0,60,1.0
2025-07-13 03:00,33.62,33.5,34.0,60,1.0
2025-07-13 04:00,33.61,33.5,33.9,60,1.0
2025-07-13 05:00,33.61,33.5,33.8,60,1.0
2025-07-13 06:00,33.63,33.5,33.9,60,1.0
2025-07-13 07:00,33.65,33.5,33.9,60,1.0
2025-07-13 08:00,33.67,33.5,33.9,60,1.0
2025-07-13 09:00,33.71,33.5,34.0,60,1.0
2025-07-13 10:00,33.68,33.5,33.9,60,1.0
2025-07-13 11:00,33.61,33.5,33.8,60,1.0
2025-07-13 12:00,33.64,33.5,33.9,60,1.0
2025-07-13 13:00,33.58,33.4,33.9,60,1.0
2025-07-13 14:00,33.66,33.5,33.9,60,1.0
2025-07-13 15:00,33.64,33.4,33.9,60,1.0
2025-07-13 16:00,33.53,33.4,33.8,60,1.0
2025-07-13 17:00,33.53,33.4,33.8,60,1.0
2025-07-13 18:00,33.6,33.4,33.9,60,1.0
2025-07-13 19:00,33.6,33.4,33.9,60,1.0
2025-07-13 20:00,33.65,33.4,33.8,60,1.0
2025-07-13 21:00,33.63,33.4,34.0,60,1.0
2025-07-13 22:00,33.61,33.4,33.9,60,1.0
2025-07-13 23:00,33.54,33.4,33.7,59,0.983
2025-07-14 00:00,33.54,33.5,33.9,60,1.0
2025-07-14 01:00,33.54,33.4,33.7,60,1.0
2025-07-14 02:00,33.57,33.5,33.8,60,1.0
2025-07-14 03:00,33.6,33.4,34.0,60,1.0
2025-07-14 04:00,33.63,33.5,33.8,60,1.0
2025-07-14 05:00,33.58,33.4,33.8,60,1.0
2025-07-14 06:00,33.55,33.4,33.8,60,1.0
2025-07-14 07:00,33.57,33.4,33.9,60,1.0
2025-07-14 08:00,33.62,33.5,33.8,53,0.883
2025-07-14 09:00,33.57,33.5,33.8,49,0.817
2025-07-14 10:00,33.52,33.4,33.8,60,1.0
2025-07-14 11:00,33.57,33.4,33.8,60,1.0
2025-07-14 12:00,33.55,33.4,33.8,60,1.0
2025-07-14 13:00,33.55,33.4,33.8,60,1.0
2025-07-14 14:00,33.52,33.4,33.8,60,1.0
2025-07-14 15:00,33.6,33.4,33.8,60,1.0
2025-07-14 16:00,33.54,33.4,33.8,60,1.0
2025-07-14 17:00,33.49,33.4,33.7,60,1.0
2025-07-14 18:00,33.58,33.4,34.0,60,1.0
2025-07-14 19:00,33.62,33.4,33.8,60,1.0
2025-07-14 20:00,33.54,33.4,33.8,60,1.0
2025-07-14 21:00,33.53,33.4,33.8,60,1.0
2025-07-14 22:00,33.59,33.4,34.1,60,1.0
2025-07-14 23:00,33.63,33.4,33.9,60,1.0
2025-07-15 00:00,33.63,33.4,34.0,60,1.0
2025-07-15 01:00,33.56,33.4,33.8,60,1.0
2025-07-15 02:00,33.55,33.4,33.8,60,1.0
2025-07-15 03:00,33.6,33.4,33.8,60,1.0
2025-07-15 04:00,33.52,33.4,33.7,60,1.0
2025-07-15 05:00,33.49,33.4,33.7,60,1.0
2025-07-15 06:00,33.57,33.4,33.9,60,1.0
2025-07-15 07:00,33.58,33.4,33.9,60,1.0
2025-07-15 08:00,33.55,33.4,33.9,60,1.0
2025-07-15 09:00,33.57,33.4,33.8,60,1.0
2025-07-15 10:00,33.53,33.4,33.8,60,1.0
2025-07-15 11:00,33.54,33.4,33.8,60,1.0
2025-07-15 12:00,33.51,33.4,33.7,60,1.0
2025-07-15 13:00,33.49,33.4,33.7,60,1.0
2025-07-15 14:00,33.62,33.4,33.8,60,1.0
2025-07-15 15:00,33.52,33.4,33.7,60,1.0
2025-07-15 16:00,33.49,33.4,33.7,60,1.0
2025-07-15 17:00,33.49,33.4,33.8,60,1.0
2025-07-15 18:00,33.53,33.4,34.0,60,1.0
2025-07-15 19:00,33.6,33.4,33.8,60,1.0
2025-07-15 20:00,33.6,33.4,33.8,60,1.0
2025-07-15 21:00,33.55,33.4,33.9,60,1.0
2025-07-15 22:00,33.49,33.4,33.8,59,0.983
2025-07-15 23:00,33.57,33.4,33.9,60,1.0
2025-07-16 00:00,33.53,33.4,33.7,60,1.0
2025-07-16 01:00,33.48,33.4,33.7,59,0.983
2025-07-16 02:00,33.5,33.4,33.8,60,1.0
2025-07-16 03:00,33.56,33.4,33.7,35,0.583
2025-07-16 08:00,33.51,33.4,33.8,47,0.783
2025-07-16 09:00,33.54,33.4,33.9,60,1.0
2025-07-16 10:00,33.46,33.4,33.8,60,1.0
2025-07-16 11:00,33.44,33.3,33.7,60,1.0
2025-07-16 12:00,33.48,33.3,33.8,60,1.0
2025-07-16 13:00,33.46,33.3,33.7,60,1.0
2025-07-16 14:00,33.46,33.3,33.7,60,1.0
2025-07-16 15:00,33.41,33.3,33.7,60,1.0
2025-07-16 16:00,33.48,33.3,33.9,60,1.0
2025-07-16 17:00,33.53,33.3,33.7,60,1.0
2025-07-16 18:00,33.54,33.3,33.8,60,1.0
2025-07-16 19:00,33.38,33.3,33.7,60,1.0
2025-07-16 20:00,33.43,33.3,33.7,60,1.0
2025-07-16 21:00,33.54,33.4,33.7,60,1.0
2025-07-16 22:00,33.48,33.3,33.7,60,1.0
2025-07-16 23:00,33.4,33.3,33.7,60,1.0
2025-07-17 00:00,33.4,33.3,33.6,60,1.0
2025-07-17 01:00,33.44,33.3,33.7,60,1.0
2025-07-17 02:00,33.45,33.3,33.8,60,1.0
2025-07-17 03:00,33.41,33.3,33.7,60,1.0
2025-07-17 04:00,33.43,33.3,33.7,60,1.0
2025-07-17 05:00,33.38,33.3,33.6,59,0.983
2025-07-17 06:00,33.42,33.3,33.7,60,1.0
2025-07-17 07:00,33.45,33.3,33.6,60,1.0
2025-07-17 08:00,33.44,33.3,33.7,60,1.0
2025-07-17 09:00,33.39,33.3,33.7,60,1.0
2025-07-17 10:00,33.45,33.3,33.6,60,1.0
2025-07-17 11:00,33.39,33.2,33.6,58,0.967
2025-07-17 12:00,33.38,33.2,33.7,60,1.0
2025-07-17 13:00,33.34,33.2,33.8,60,1.0
2025-07-17 14:00,33.43,33.2,33.7,60,1.0
2025-07-17 15:00,33.32,33.2,33.6,60,1.0
2025-07-17 16:00,33.33,33.2,33.6,60,1.0
2025-07-17 17:00,33.37,33.2,33.7,60,1.0
2025-07-17 18:00,33.41,33.2,33.8,60,1.0
2025-07-17 19:00,33.39,33.2,33.6,60,1.0
2025-07-17 20:00,33.37,33.2,33.7,60,1.0
2025-07-17 21:00,33.32,33.2,33.6,60,1.0
2025-07-17 22:00,33.41,33.2,33.7,60,1.0
2025-07-17 23:00,33.42,33.2,33.7,53,0.883
2025-07-18 00:00,33.33,33.2,33.6,59,0.983
2025-07-18 01:00,33.29,33.2,33.5,60,1.0
2025-07-18 02:00,33.28,33.2,33.5,60,1.0
2025-07-18 03:00,33.31,33.2,33.6,60,1.0
2025-07-18 04:00,33.31,33.2,33.6,50,0.833
2025-07-18 05:00,33.36,33.2,33.5,49,0.817
2025-07-18 06:00,33.29,33.2,33.6,55,0.917
2025-07-18 07:00,33.32,33.2,33.6,59,0.983
2025-07-18 08:00,33.34,33.2,33.6,60,1.0
2025-07-18 09:00,33.24,33.1,33.5,60,1.0
2025-07-18 10:00,33.22,33.1,33.4,60,1.0
2025-07-18 11:00,33.24,33.1,33.5,60,1.0
2025-07-18 12:00,33.23,33.1,33.5,60,1.0
2025-07-18 13:00,33.22,33.1,33.4,60,1.0
2025-07-18 14:00,33.26,33.1,33.6,60,1.0
2025-07-18 15:00,33.21,33.0,33.5,60,1.0
2025-07-18 16:00,33.17,33.1,33.3,60,1.0
2025-07-18 17:00,33.22,33.1,33.4,60,1.0
2025-07-18 18:00,33.24,33.1,33.5,60,1.0
2025-07-18 19:00,33.15,33.0,33.3,60,1.0
2025-07-18 20:00,33.22,33.1,33.4,60,1.0
2025-07-18 21:00,33.28,33.1,33.5,60,1.0
2025-07-18 22:00,33.23,33.1,33.5,60,1.0
2025-07-18 23:00,33.16,33.0,33.5,60,1.0
2025-07-19 00:00,33.14,33.0,33.4,60,1.0
2025-07-19 01:00,33.21,33.0,33.5,60,1.0
2025-07-19 02:00,33.24,33.0,33.6,59,0.983
2025-07-19 03:00,33.22,33.0,33.4,59,0.983
2025-07-19 04:00,33.21,33.0,33.4,60,1.0
2025-07-19 05:00,33.17,33.0,33.6,60,1.0
2025-07-19 06:00,33.17,33.0,33.5,60,1.0
2025-07-19 07:00,33.12,33.0,33.4,60,1.0
2025-07-19 08:00,33.1,33.0,33.3,60,1.0
2025-07-19 09:00,33.13,33.0,33.3,60,1.0
2025-07-19 10:00,33.04,32.9,33.3,60,1.0
2025-07-19 11:00,33.09,32.9,33.3,60,1.0
2025-07-19 12:00,33.02,32.9,33.4,60,1.0
2025-07-19 13:00,33.05,32.9,33.3,60,1.0
2025-07-19 14:00,33.0,32.8,33.2,60,1.0
2025-07-19 15:00,33.09,32.9,33.3,60,1.0
2025-07-19 16:00,33.0,32.9,33.2,60,1.0
2025-07-19 17:00,32.98,32.9,33.2,60,1.0
2025-07-19 18:00,33.03,32.9,33.2,60,1.0
2025-07-19 19:00,33.07,32.9,33.3,60,1.0
2025-07-19 20:00,32.97,32.9,33.1,60,1.0
2025-07-19 21:00,33.02,32.9,33.3,60,1.0
2025-07-19 22:00,33.08,32.9,33.3,60,1.0
2025-07-19 23:00,33.03,32.9,33.3,60,1.0
2025-07-20 00:00,33.01,32.8,33.3,60,1.0
2025-07-20 01:00,32.96,32.8,33.2,60,1.0
2025-07-20 02:00,32.96,32.8,33.2,60,1.0
2025-07-20 03:00,33.0,32.8,33.2,60,1.0
2025-07-20 04:00,33.01,32.8,33.3,60,1.0
2025-07-20 05:00,33.02,32.8,33.3,60,1.0
2025-07-20 06:00,32.94,32.8,33.2,60,1.0
2025-07-20 07:00,32.98,32.8,33.2,60,1.0
2025-07-20 08:00,32.94,32.8,33.2,60,1.0
2025-07-20 09:00,32.95,32.8,33.2,60,1.0
2025-07-20 10:00,32.94,32.8,33.2,60,1.0
2025-07-20 11:00,32.85,32.7,33.1,60,1.0
2025-07-20 12:00,32.89,32.7,33.1,60,1.0
2025-07-20 13:00,32.89,32.7,33.1,60,1.0
2025-07-20 14:00,32.83,32.7,33.1,60,1.0
2025-07-20 15:00,32.96,32.7,33.2,60,1.0
2025-07-20 16:00,32.84,32.7,33.1,60,1.0
2025-07-20 17:00,32.82,32.7,33.1,60,1.0
2025-07-20 18:00,32.9,32.7,33.2,60,1.0
2025-07-20 19:00,32.84,32.7,33.1,60,1.0
2025-07-20 20:00,32.81,32.7,33.1,60,1.0
2025-07-20 21:00,32.92,32.7,33.2,60,1.0
2025-07-20 22:00,32.86,32.7,33.1,60,1.0
2025-07-20 23:00,32.79,32.7,33.1,60,1.0
2025-07-21 00:00,32.78,32.7,33.0,60,1.0
2025-07-21 01:00,32.78,32.6,33.0,58,0.967
2025-07-21 02:00,32.77,32.6,33.0,48,0.8
2025-07-21 03:00,32.75,32.6,33.0,57,0.95
2025-07-21 04:00,32.76,32.6,33.0,60,1.0
2025-07-21 05:00,32.75,32.6,33.0,60,1.0
2025-07-21 06:00,32.77,32.6,33.2,59,0.983
2025-07-21 07:00,32.74,32.6,33.0,58,0.967
2025-07-21 08:00,32.74,32.6,33.0,54,0.9
2025-07-21 09:00,32.76,32.6,33.0,56,0.933
2025-07-21 10:00,32.72,32.6,32.9,60,1.0
2025-07-21 11:00,32.7,32.6,33.0,60,1.0
2025-07-21 12:00,32.74,32.6,33.0,60,1.0
2025-07-21 13:00,32.69,32.5,33.0,60,1.0
2025-07-21 14:00,32.63,32.5,32.8,60,1.0
2025-07-21 15:00,32.64,32.5,32.9,60,1.0
2025-07-21 16:00,32.75,32.6,32.9,60,1.0
2025-07-21 17:00,32.68,32.5,32.9,60,1.0
2025-07-21 18:00,32.61,32.5,32.8,60,1.0
2025-07-21 19:00,32.67,32.5,32.9,60,1.0
2025-07-21 20:00,32.71,32.5,33.1,60,1.0
2025-07-21 21:00,32.59,32.5,32.9,60,1.0
2025-07-21 22:00,32.65,32.5,32.9,60,1.0
2025-07-21 23:00,32.72,32.5,32.9,60,1.0
2025-07-22 00:00,32.73,32.6,32.9,60,1.0
2025-07-22 01:00,32.68,32.5,32.9,60,1.0
2025-07-22 02:00,32.63,32.5,32.9,60,1.0
2025-07-22 03:00,32.6,32.5,33.0,60,1.0
2025-07-22 04:00,32.56,32.5,32.7,60,1.0
2025-07-22 05:00,32.57,32.5,32.8,60,1.0
2025-07-22 06:00,32.6,32.4,32.9,60,1.0
2025-07-22 07:00,32.63,32.4,33.0,60,1.0
2025-07-22 08:00,32.61,32.5,32.9,60,1.0
2025-07-22 09:00,32.6,32.4,32.8,60,1.0
2025-07-22 10:00,32.58,32.4,32.9,60,1.0
2025-07-22 11:00,32.53,32.4,32.8,60,1.0
2025-07-22 12:00,32.54,32.4,32.8,60,1.0
2025-07-22 13:00,32.57,32.4,32.8,60,1.0
2025-07-22 14:00,32.54,32.3,32.8,60,1.0
2025-07-22 15:00,32.49,32.4,32.8,60,1.0
2025-07-22 16:00,32.51,32.4,32.8,60,1.0
2025-07-22 17:00,32.56,32.4,32.8,60,1.0
2025-07-22 18:00,32.51,32.4,32.8,60,1.0
2025-07-22 19:00,32.55,32.4,32.8,60,1.0
2025-07-22 20:00,32.54,32.4,32.8,60,1.0
2025-07-22 21:00,32.48,32.3,32.9,60,1.0
2025-07-22 22:00,32.46,32.4,32.7,60,1.0
2025-07-22 23:00,32.52,32.4,32.8,60,1.0
2025-07-23 00:00,32.56,32.4,32.8,60,1.0
2025-07-23 01:00,32.58,32.3,32.8,60,1.0
2025-07-23 02:00,32.53,32.3,32.9,60,1.0
2025-07-23 03:00,32.5,32.3,32.8,60,1.0
2025-07-23 04:00,32.48,32.3,32.8,60,1.0
2025-07-23 05:00,32.41,32.3,32.7,60,1.0
2025-07-23 06:00,32.41,32.3,32.7,60,1.0
2025-07-23 07:00,32.47,32.3,32.7,60,1.0
2025-07-23 08:00,32.47,32.3,32.8,60,1.0
2025-07-23 09:00,32.4,32.3,32.7,60,1.0
2025-07-23 10:00,32.44,32.3,32.7,59,0.983
2025-07-23 11:00,32.36,32.2,32.6,60,1.0
2025-07-23 12:00,32.41,32.2,32.6,60,1.0
2025-07-23 13:00,32.37,32.2,32.7,60,1.0
2025-07-23 14:00,32.39,32.2,32.7,60,1.0
2025-07-23 15:00,32.3,32.2,32.5,60,1.0
2025-07-23 16:00,32.41,32.2,32.6,60,1.0
2025-07-23 17:00,32.39,32.2,32.7,60,1.0
2025-07-23 18:00,32.3,32.2,32.5,60,1.0
2025-07-23 19:00,32.31,32.2,32.6,59,0.983
2025-07-23 20:00,32.42,32.2,32.7,60,1.0
2025-07-23 21:00,32.33,32.2,32.7,60,1.0
2025-07-23 22:00,32.3,32.2,32.5,60,1.0
2025-07-23 23:00,32.32,32.2,32.5,60,1.0
2025-07-24 00:00,32.38,32.2,32.7,60,1.0
2025-07-24 01:00,32.4,32.2,32.6,60,1.0
2025-07-24 02:00,32.42,32.2,32.6,60,1.0
2025-07-24 03:00,32.38,32.2,32.7,60,1.0
2025-07-24 04:00,32.32,32.2,32.6,60,1.0
2025-07-24 05:00,32.29,32.1,32.6,60,1.0
2025-07-24 06:00,32.34,32.1,32.6,59,0.983
2025-07-24 07:00,32.29,32.1,32.6,60,1.0
2025-07-24 08:00,32.25,32.1,32.4,59,0.983
2025-07-24 09:00,32.23,32.1,32.5,60,1.0
2025-07-24 10:00,32.28,32.1,32.5,60,1.0
2025-07-24 11:00,32.28,32.1,32.5,60,1.0
2025-07-24 12:00,32.23,32.1,32.4,60,1.0
2025-07-24 13:00,32.19,32.1,32.4,60,1.0
2025-07-24 14:00,32.26,32.1,32.5,60,1.0
2025-07-24 15:00,32.18,32.0,32.4,60,1.0
2025-07-24 16:00,32.28,32.1,32.5,60,1.0
2025-07-24 17:00,32.15,32.0,32.4,60,1.0
2025-07-24 18:00,32.19,32.0,32.4,58,0.967
2025-07-24 19:00,32.18,32.0,32.5,44,0.733
2025-07-24 20:00,32.15,32.0,32.4,58,0.967
2025-07-24 21:00,32.22,32.0,32.5,60,1.0
2025-07-24 22:00,32.23,32.0,32.4,60,1.0
2025-07-24 23:00,32.19,32.0,32.6,60,1.0
2025-07-25 00:00,32.1,32.0,32.3,60,1.0
2025-07-25 01:00,32.12,32.0,32.3,60,1.0
2025-07-25 02:00,32.12,32.0,32.4,60,1.0
2025-07-25 03:00,32.13,32.0,32.4,60,1.0
2025-07-25 04:00,32.18,32.0,32.4,60,1.0
2025-07-25 05:00,32.21,32.0,32.5,57,0.95
2025-07-25 06:00,32.15,31.9,32.4,57,0.95
2025-07-25 07:00,32.13,32.0,32.4,55,0.917
2025-07-25 08:00,32.11,31.9,32.4,59,0.983
2025-07-25 09:00,32.11,32.0,32.3,60,1.0
2025-07-25 10:00,32.07,31.9,32.5,60,1.0
2025-07-25 11:00,32.08,31.9,32.3,59,0.983
2025-07-25 12:00,32.03,31.9,32.3,60,1.0
2025-07-25 13:00,32.06,31.9,32.4,60,1.0
2025-07-25 14:00,32.02,31.9,32.2,60,1.0
2025-07-25 15:00,32.04,31.8,32.3,60,1.0
2025-07-25 16:00,32.0,31.9,32.4,59,0.983
2025-07-25 17:00,32.07,31.9,32.4,50,0.833
2025-07-25 18:00,31.95,31.8,32.1,58,0.967
2025-07-25 19:00,32.04,31.9,32.2,60,1.0
2025-07-25 20:00,32.02,31.9,32.3,60,1.0
2025-07-25 21:00,32.0,31.9,32.2,60,1.0
2025-07-25 22:00,32.06,31.8,32.3,60,1.0
2025-07-25 23:00,32.01,31.9,32.2,60,1.0
2025-07-26 00:00,31.96,31.9,32.1,60,1.0
2025-07-26 01:00,31.98,31.9,32.2,60,1.0
2025-07-26 02:00,32.03,31.9,32.3,59,0.983
2025-07-26 03:00,32.02,31.8,32.3,60,1.0
2025-07-26 04:00,31.94,31.8,32.2,60,1.0
2025-07-26 05:00,32.02,31.8,32.3,60,1.0
2025-07-26 06:00,31.88,31.8,32.0,60,1.0
2025-07-26 07:00,31.91,31.8,32.1,60,1.0
2025-07-26 08:00,31.97,31.8,32.2,60,1.0
2025-07-26 09:00,31.94,31.8,32.2,60,1.0
2025-07-26 10:00,31.9,31.7,32.2,60,1.0
2025-07-26 11:00,31.91,31.8,32.2,60,1.0
2025-07-26 12:00,31.88,31.7,32.1,60,1.0
2025-07-26 13:00,31.85,31.7,32.1,60,1.0
2025-07-26 14:00,31.82,31.7,32.1,60,1.0
2025-07-26 15:00,31.8,31.6,32.0,60,1.0
2025-07-26 16:00,31.83,31.6,32.1,60,1.0
2025-07-26 17:00,31.83,31.7,32.0,60,1.0
2025-07-26 18:00,31.79,31.7,32.2,60,1.0
2025-07-26 19:00,31.86,31.7,32.1,60,1.0
2025-07-26 20:00,31.79,31.7,32.2,60,1.0
2025-07-26 21:00,31.75,31.7,31.9,60,1.0
2025-07-26 22:00,31.76,31.7,32.0,60,1.0
2025-07-26 23:00,31.77,31.7,32.0,60,1.0
2025-07-27 00:00,31.8,31.7,32.2,60,1.0
2025-07-27 01:00,31.74,31.7,32.0,60,1.0
2025-07-27 02:00,31.8,31.7,32.0,60,1.0
2025-07-27 03:00,31.8,31.7,32.0,60,1.0
2025-07-27 04:00,31.81,31.7,32.1,60,1.0
2025-07-27 05:00,31.81,31.6,32.1,60,1.0
2025-07-27 06:00,31.76,31.6,32.0,60,1.0
2025-07-27 07:00,31.72,31.6,31.9,60,1.0
2025-07-27 08:00,31.74,31.6,31.9,60,1.0
2025-07-27 09:00,31.69,31.6,31.9,60,1.0
2025-07-27 10:00,31.68,31.5,32.0,60,1.0
2025-07-27 11:00,31.64,31.5,31.9,60,1.0
2025-07-27 12:00,31.65,31.5,32.0,60,1.0
2025-07-27 13:00,31.67,31.5,31.9,60,1.0
2025-07-27 14:00,31.63,31.5,32.0,60,1.0
2025-07-27 15:00,31.59,31.5,31.9,60,1.0
2025-07-27 16:00,31.58,31.5,31.9,60,1.0
2025-07-27 17:00,31.62,31.4,31.9,60,1.0
2025-07-27 18:00,31.67,31.4,32.0,60,1.0
2025-07-27 19:00,31.61,31.5,31.8,60,1.0
2025-07-27 20:00,31.55,31.4,31.8,60,1.0
2025-07-27 21:00,31.61,31.4,31.8,60,1.0
2025-07-27 22:00,31.62,31.4,32.0,60,1.0
2025-07-27 23:00,31.64,31.4,32.0,60,1.0
2025-07-28 00:00,31.56,31.4,31.8,60,1.0
2025-07-28 01:00,31.5,31.4,31.7,60,1.0
2025-07-28 02:00,31.48,31.4,31.7,60,1.0
2025-07-28 03:00,31.46,31.4,31.7,60,1.0
2025-07-28 04:00,31.46,31.4,31.7,60,1.0
2025-07-28 05:00,31.47,31.4,31.7,60,1.0
2025-07-28 06:00,31.55,31.4,31.8,60,1.0
2025-07-28 07:00,31.53,31.3,31.8,58,0.967
2025-07-28 08:00,31.5,31.4,31.7,60,1.0
2025-07-28 09:00,31.47,31.3,31.7,59,0.983
2025-07-28 10:00,31.48,31.3,31.7,59,0.983
2025-07-28 11:00,31.41,31.3,31.6,60,1.0
2025-07-28 12:00,31.46,31.3,31.7,49,0.817
2025-07-28 13:00,31.42,31.3,31.6,56,0.933
2025-07-28 14:00,31.48,31.4,31.8,60,1.0
2025-07-28 15:00,31.54,31.4,31.8,60,1.0
2025-07-28 16:00,31.47,31.4,31.7,60,1.0
2025-07-28 17:00,31.44,31.4,31.7,60,1.0
2025-07-28 18:00,31.45,31.4,31.7,60,1.0
2025-07-28 19:00,31.52,31.4,31.7,60,1.0
2025-07-28 20:00,31.53,31.4,31.8,60,1.0
2025-07-28 21:00,31.47,31.4,31.7,60,1.0
2025-07-28 22:00,31.43,31.4,31.7,60,1.0
2025-07-28 23:00,31.44,31.4,31.7,60,1.0
2025-07-29 00:00,31.43,31.4,31.5,18,0.3
2025-08-09 09:00,30.15,30.1,30.2,2,0.033
2025-08-09 10:00,30.2,30.0,30.4,60,1.0
2025-08-09 11:00,30.2,30.0,30.4,60,1.0
2025-08-09 12:00,30.19,30.0,30.4,60,1.0
2025-08-09 13:00,30.18,30.0,30.4,60,1.0
2025-08-09 14:00,30.16,30.0,30.4,60,1.0
2025-08-09 15:00,30.24,30.0,30.4,60,1.0
2025-08-09 16:00,30.25,30.0,30.5,60,1.0
2025-08-09 17:00,30.14,30.0,30.3,60,1.0
2025-08-09 18:00,30.21,30.0,30.5,60,1.0
2025-08-09 19:00,30.24,30.0,30.5,60,1.0
2025-08-09 20:00,30.14,30.0,30.4,60,1.0
2025-08-09 21:00,30.19,30.0,30.4,60,1.0
2025-08-09 22:00,30.22,30.0,30.4,60,1.0
2025-08-09 23:00,30.24,30.1,30.4,60,1.0
2025-08-10 00:00,30.18,30.0,30.4,60,1.0
2025-08-10 01:00,30.15,30.0,30.4,60,1.0
2025-08-10 02:00,30.17,30.0,30.5,60,1.0
2025-08-10 03:00,30.11,30.0,30.3,60,1.0
2025-08-10 04:00,30.1,30.0,30.3,60,1.0
2025-08-10 05:00,30.08,30.0,30.3,59,0.983
2025-08-10 06:00,30.08,30.0,30.3,60,1.0
2025-08-10 07:00,30.12,30.0,30.4,60,1.0
2025-08-10 08:00,30.11,30.0,30.4,60,1.0
2025-08-10 09:00,30.13,30.0,30.4,60,1.0
2025-08-10 10:00,30.05,29.9,30.3,60,1.0
2025-08-10 11:00,30.1,29.9,30.3,60,1.0
2025-08-10 12:00,30.06,29.9,30.2,60,1.0
2025-08-10 13:00,30.11,29.9,30.3,60,1.0
2025-08-10 14:00,30.04,29.9,30.4,60,1.0
2025-08-10 15:00,30.06,29.9,30.3,60,1.0
2025-08-10 16:00,30.13,29.9,30.3,60,1.0
2025-08-10 17:00,30.13,29.9,30.3,60,1.0
2025-08-10 18:00,30.08,29.9,30.3,60,1.0
2025-08-10 19:00,30.04,29.9,30.2,60,1.0
2025-08-10 20:00,30.13,29.9,30.3,60,1.0
2025-08-10 21:00,30.09,29.9,30.4,60,1.0
2025-08-10 22:00,30.01,29.9,30.2,60,1.0
2025-08-10 23:00,30.06,29.9,30.3,60,1.0
2025-08-11 00:00,30.05,29.9,30.4,60,1.0
2025-08-11 01:00,30.12,29.9,30.3,60,1.0
2025-08-11 02:00,30.13,29.9,30.3,60,1.0
2025-08-11 03:00,30.1,29.9,30.3,60,1.0
2025-08-11 04:00,30.02,29.9,30.2,60,1.0
2025-08-11 05:00,29.99,29.9,30.2,60,1.0
2025-08-11 06:00,29.99,29.9,30.4,60,1.0
2025-08-11 07:00,30.04,29.9,30.3,59,0.983
2025-08-11 08:00,30.03,29.9,30.4,60,1.0
2025-08-11 09:00,30.06,29.9,30.3,60,1.0
2025-08-11 10:00,30.03,29.9,30.4,60,1.0
2025-08-11 11:00,30.02,29.9,30.2,60,1.0
2025-08-11 12:00,30.02,29.9,30.2,59,0.983
2025-08-11 13:00,30.07,29.9,30.3,60,1.0
2025-08-11 14:00,30.03,29.9,30.2,60,1.0
2025-08-11 15:00,29.97,29.9,30.2,60,1.0
2025-08-11 16:00,29.96,29.9,30.2,60,1.0
2025-08-11 17:00,30.06,29.9,30.3,60,1.0
2025-08-11 18:00,30.05,29.8,30.3,60,1.0
2025-08-11 19:00,29.96,29.8,30.2,60,1.0
2025-08-11 20:00,30.02,29.9,30.3,60,1.0
2025-08-11 21:00,30.07,29.9,30.3,60,1.0
2025-08-11 22:00,30.01,29.9,30.3,52,0.867
2025-08-12 01:00,30.08,29.9,30.2,13,0.217
2025-08-12 02:00,30.04,29.8,30.3,50,0.833
2025-08-12 03:00,29.98,29.8,30.2,49,0.817
2025-08-12 04:00,29.99,29.8,30.3,53,0.883
2025-08-12 05:00,29.93,29.8,30.2,60,1.0
2025-08-12 06:00,30.01,29.8,30.2,60,1.0
2025-08-12 07:00,29.96,29.8,30.1,59,0.983
2025-08-12 08:00,29.97,29.8,30.2,60,1.0
2025-08-12 09:00,30.0,29.8,30.2,60,1.0
2025-08-12 10:00,29.94,29.8,30.2,60,1.0
2025-08-12 11:00,29.91,29.8,30.2,60,1.0
2025-08-12 12:00,29.94,29.8,30.2,59,0.983
2025-08-12 13:00,29.88,29.8,30.1,60,1.0
2025-08-12 14:00,29.95,29.8,30.2,60,1.0
2025-08-12 15:00,29.98,29.8,30.2,60,1.0
2025-08-12 16:00,29.92,29.7,30.1,60,1.0
2025-08-12 17:00,29.94,29.8,30.2,60,1.0
2025-08-12 18:00,29.98,29.8,30.1,60,1.0
2025-08-12 19:00,30.01,29.9,30.2,60,1.0
2025-08-12 20:00,30.0,29.8,30.4,60,1.0
2025-08-12 21:00,29.91,29.8,30.1,60,1.0
2025-08-12 22:00,29.89,29.8,30.0,60,1.0
2025-08-12 23:00,29.9,29.8,30.2,60,1.0
2025-08-13 00:00,29.93,29.8,30.1,60,1.0
2025-08-13 01:00,29.99,29.8,30.2,60,1.0
2025-08-13 02:00,29.95,29.8,30.2,60,1.0
2025-08-13 03:00,30.02,29.8,30.3,60,1.0
2025-08-13 04:00,30.0,29.8,30.3,60,1.0
2025-08-13 05:00,30.0,29.8,30.2,60,1.0
2025-08-13 06:00,29.99,29.8,30.2,60,1.0
2025-08-13 07:00,29.91,29.8,30.1,60,1.0
2025-08-13 08:00,29.94,29.8,30.2,60,1.0
2025-08-13 09:00,29.89,29.8,30.2,60,1.0
2025-08-13 10:00,29.8,29.7,30.0,60,1.0
2025-08-13 11:00,29.84,29.7,30.1,60,1.0
2025-08-13 12:00,29.8,29.7,30.0,60,1.0
2025-08-13 13:00,29.82,29.7,30.0,60,1.0
2025-08-13 14:00,29.84,29.6,30.0,60,1.0
2025-08-13 15:00,29.77,29.7,30.0,60,1.0
2025-08-13 16:00,29.75,29.7,29.9,60,1.0
2025-08-13 17:00,29.78,29.7,30.1,60,1.0
2025-08-13 18:00,29.83,29.7,30.1,60,1.0
2025-08-13 19:00,29.88,29.7,30.2,60,1.0
2025-08-13 20:00,29.79,29.7,30.0,60,1.0
2025-08-13 21:00,29.77,29.7,30.0,60,1.0
2025-08-13 22:00,29.85,29.7,30.1,60,1.0
2025-08-13 23:00,29.88,29.7,30.0,60,1.0
2025-08-14 00:00,29.84,29.7,30.0,60,1.0
2025-08-14 01:00,29.74,29.7,30.0,60,1.0
2025-08-14 02:00,29.76,29.6,30.0,60,1.0
2025-08-14 03:00,29.78,29.6,30.0,60,1.0
2025-08-14 04:00,29.79,29.6,30.1,60,1.0
2025-08-14 05:00,29.83,29.6,30.1,60,1.0
2025-08-14 06:00,29.76,29.6,30.0,51,0.85
2025-08-14 08:00,29.69,29.6,29.9,36,0.6
2025-08-14 09:00,29.77,29.6,30.0,60,1.0
2025-08-14 10:00,29.7,29.6,29.9,60,1.0
2025-08-14 11:00,29.71,29.6,29.9,60,1.0
2025-08-14 12:00,29.74,29.6,30.0,60,1.0
2025-08-14 13:00,29.67,29.6,30.0,60,1.0
2025-08-14 14:00,29.72,29.6,30.0,60,1.0
2025-08-14 15:00,29.77,29.6,30.0,60,1.0
2025-08-14 16:00,29.77,29.6,30.1,59,0.983
2025-08-14 17:00,29.74,29.6,29.9,60,1.0
2025-08-14 18:00,29.66,29.6,29.9,60,1.0
2025-08-14 19:00,29.68,29.6,29.9,60,1.0
2025-08-14 20:00,29.75,29.6,30.1,59,0.983
2025-08-14 21:00,29.68,29.6,29.8,60,1.0
2025-08-14 22:00,29.72,29.6,29.9,60,1.0
2025-08-14 23:00,29.79,29.6,30.0,59,0.983
2025-08-15 00:00,29.72,29.6,30.0,60,1.0
2025-08-15 01:00,29.66,29.5,29.8,45,0.75
2025-08-15 02:00,29.65,29.5,29.8,46,0.767
2025-08-15 03:00,29.65,29.6,29.9,53,0.883
2025-08-15 04:00,29.64,29.5,30.1,46,0.767
2025-08-15 05:00,29.68,29.5,29.9,58,0.967
2025-08-15 06:00,29.65,29.5,29.9,60,1.0
2025-08-15 07:00,29.64,29.5,29.9,60,1.0
2025-08-15 08:00,29.67,29.5,29.9,60,1.0
2025-08-15 09:00,29.68,29.5,29.9,60,1.0
2025-08-15 10:00,29.62,29.5,29.9,60,1.0
2025-08-15 11:00,29.68,29.5,29.9,60,1.0
2025-08-15 12:00,29.64,29.5,29.8,60,1.0
2025-08-15 13:00,29.6,29.5,30.0,59,0.983
2025-08-15 14:00,29.69,29.5,30.1,59,0.983
2025-08-15 15:00,29.71,29.5,29.9,60,1.0
2025-08-15 16:00,29.65,29.5,29.9,59,0.983
2025-08-15 17:00,29.58,29.5,29.8,60,1.0
2025-08-15 18:00,29.59,29.5,29.9,60,1.0
2025-08-15 19:00,29.66,29.5,29.9,60,1.0
2025-08-15 20:00,29.56,29.5,29.7,60,1.0
2025-08-15 21:00,29.58,29.5,29.7,60,1.0
2025-08-15 22:00,29.58,29.5,29.8,59,0.983
2025-08-15 23:00,29.68,29.5,30.0,57,0.95
2025-08-16 00:00,29.7,29.5,30.0,60,1.0
2025-08-16 01:00,29.67,29.5,29.9,60,1.0
2025-08-16 02:00,29.59,29.5,29.8,60,1.0
2025-08-16 03:00,29.54,29.4,29.7,60,1.0
2025-08-16 04:00,29.53,29.4,29.7,60,1.0
2025-08-16 05:00,29.53,29.4,29.7,43,0.717
2025-08-16 12:00,29.49,29.4,29.6,36,0.6
2025-08-16 13:00,29.54,29.4,29.7,57,0.95
2025-08-16 14:00,29.55,29.4,29.7,57,0.95
2025-08-16 15:00,29.49,29.4,29.7,37,0.617
2025-08-18 08:00,29.25,29.2,29.3,2,0.033
2025-08-18 09:00,29.38,29.2,29.6,60,1.0
2025-08-18 10:00,29.38,29.2,29.6,60,1.0
2025-08-18 11:00,29.29,29.2,29.5,59,0.983
2025-08-18 12:00,29.33,29.2,29.6,60,1.0
2025-08-18 13:00,29.23,29.1,29.4,60,1.0
2025-08-18 14:00,29.29,29.1,29.5,60,1.0
2025-08-18 15:00,36.71,29.1,66.2,57,0.95
2025-08-18 16:00,65.3,62.8,67.2,60,1.0
2025-08-18 17:00,61.46,60.1,63.0,60,1.0
2025-08-18 18:00,59.42,58.6,60.2,60,1.0
2025-08-18 19:00,58.3,57.5,58.8,60,1.0
2025-08-18 20:00,57.22,56.7,57.8,60,1.0
2025-08-18 21:00,56.47,56.2,56.9,60,1.0
2025-08-18 22:00,55.96,55.7,56.4,60,1.0
2025-08-18 23:00,55.51,55.1,56.0,60,1.0
2025-08-19 00:00,55.14,54.8,55.7,60,1.0
2025-08-19 01:00,54.77,54.4,55.2,60,1.0
2025-08-19 02:00,54.42,54.1,54.8,59,0.983
2025-08-19 03:00,54.12,53.8,54.4,60,1.0
2025-08-19 04:00,53.89,53.5,54.2,60,1.0
2025-08-19 05:00,53.64,53.3,53.9,60,1.0
2025-08-19 06:00,53.31,53.0,53.7,60,1.0
2025-08-19 07:00,52.98,52.7,53.4,60,1.0
2025-08-19 08:00,52.79,52.5,53.1,60,1.0
2025-08-19 09:00,52.35,52.1,52.7,60,1.0
2025-08-19 10:00,52.04,51.8,52.4,60,1.0
2025-08-19 11:00,51.78,51.5,52.0,60,1.0
2025-08-19 12:00,51.42,51.2,51.8,60,1.0
2025-08-19 13:00,51.35,51.0,51.6,59,0.983
2025-08-19 14:00,50.95,50.8,51.4,60,1.0
2025-08-19 15:00,50.72,50.6,51.0,60,1.0
2025-08-19 16:00,50.58,50.5,50.8,60,1.0
2025-08-19 17:00,50.52,50.3,50.9,60,1.0
2025-08-19 18:00,50.4,50.1,50.7,60,1.0
2025-08-19 19:00,50.27,50.0,50.8,57,0.95
2025-08-19 20:00,49.94,49.8,50.2,53,0.883
2025-08-19 21:00,49.88,49.7,50.2,40,0.667
2025-08-19 22:00,49.85,49.6,50.2,60,1.0
2025-08-19 23:00,49.78,49.5,50.1,60,1.0
2025-08-20 00:00,49.65,49.4,49.9,59,0.983
2025-08-20 01:00,49.41,49.2,49.8,59,0.983
2025-08-20 02:00,49.23,49.1,49.5,48,0.8
2025-08-20 03:00,49.1,49.0,49.5,50,0.833
2025-08-20 04:00,49.02,48.9,49.3,60,1.0
2025-08-20 05:00,48.9,48.8,49.4,60,1.0
2025-08-20 06:00,48.88,48.6,49.2,60,1.0
2025-08-20 07:00,48.79,48.6,49.2,60,1.0
2025-08-20 08:00,48.62,48.4,49.0,60,1.0
2025-08-20 09:00,48.5,48.2,48.8,60,1.0
2025-08-20 10:00,48.3,48.1,48.5,60,1.0
2025-08-20 11:00,48.1,47.9,48.4,60,1.0
2025-08-20 12:00,47.98,47.7,48.2,60,1.0
2025-08-20 13:00,47.72,47.6,48.1,60,1.0
2025-08-20 14:00,47.62,47.5,47.9,60,1.0
2025-08-20 15:00,47.71,47.5,47.9,60,1.0
2025-08-20 16:00,47.55,47.3,47.8,60,1.0
2025-08-20 17:00,47.38,47.1,47.7,60,1.0
2025-08-20 18:00,47.22,47.1,47.6,60,1.0
2025-08-20 19:00,47.21,47.0,47.6,60,1.0
2025-08-20 20:00,47.0,46.9,47.2,60,1.0
2025-08-20 21:00,46.99,46.8,47.3,60,1.0
2025-08-20 22:00,46.98,46.7,47.2,60,1.0
2025-08-20 23:00,46.98,46.7,47.2,60,1.0
2025-08-21 00:00,46.95,46.7,47.1,60,1.0
2025-08-21 01:00,46.85,46.6,47.1,60,1.0
2025-08-21 02:00,46.71,46.5,47.0,60,1.0
2025-08-21 03:00,46.66,46.4,47.0,60,1.0
2025-08-21 04:00,46.42,46.3,46.6,60,1.0
2025-08-21 05:00,46.33,46.2,46.6,60,1.0
2025-08-21 06:00,46.27,46.1,46.5,59,0.983
2025-08-21 07:00,46.31,46.1,46.6,60,1.0
2025-08-21 08:00,46.3,46.1,46.6,60,1.0
2025-08-21 09:00,46.07,46.0,46.4,60,1.0
2025-08-21 10:00,46.07,45.9,46.5,60,1.0
2025-08-21 11:00,45.93,45.7,46.2,60,1.0
2025-08-21 12:00,45.76,45.6,46.0,60,1.0
2025-08-21 13:00,45.69,45.6,45.9,60,1.0
2025-08-21 14:00,45.65,45.5,45.9,60,1.0
2025-08-21 15:00,45.7,45.5,46.1,60,1.0
2025-08-21 16:00,45.63,45.3,45.8,60,1.0
2025-08-21 17:00,45.45,45.3,45.8,60,1.0
2025-08-21 18:00,45.34,45.2,45.6,60,1.0
2025-08-21 19:00,45.25,45.2,45.7,60,1.0
2025-08-21 20:00,45.36,45.1,45.7,60,1.0
2025-08-21 21:00,45.15,45.0,45.5,60,1.0
2025-08-21 22:00,45.08,45.0,45.3,60,1.0
2025-08-21 23:00,45.22,45.0,45.5,60,1.0
2025-08-22 00:00,45.15,44.9,45.4,60,1.0
2025-08-22 01:00,45.09,44.8,45.3,60,1.0
2025-08-22 02:00,44.94,44.8,45.2,60,1.0
2025-08-22 03:00,44.92,44.7,45.2,60,1.0
2025-08-22 04:00,44.76,44.6,45.0,60,1.0
2025-08-22 05:00,44.85,44.6,45.1,59,0.983
2025-08-22 06:00,44.9,44.7,45.1,60,1.0
2025-08-22 07:00,44.72,44.6,45.1,60,1.0
2025-08-22 08:00,44.74,44.5,45.1,60,1.0
2025-08-22 09:00,44.5,44.3,44.9,60,1.0
2025-08-22 10:00,44.38,44.2,44.6,60,1.0
2025-08-22 11:00,44.28,44.1,44.7,60,1.0
2025-08-22 12:00,44.1,44.0,44.3,60,1.0
2025-08-22 13:00,44.12,44.0,44.4,57,0.95
2025-08-22 14:00,44.16,43.9,44.4,48,0.8
2025-08-22 15:00,44.08,43.8,44.3,49,0.817
2025-08-22 16:00,43.91,43.7,44.2,49,0.817
2025-08-22 17:00,43.75,43.7,44.0,50,0.833
2025-08-22 18:00,43.84,43.6,44.1,54,0.9
2025-08-22 19:00,43.8,43.6,44.1,58,0.967
2025-08-22 20:00,43.63,43.5,44.0,60,1.0
2025-08-22 21:00,43.53,43.4,43.7,60,1.0
2025-08-22 22:00,43.49,43.4,43.8,60,1.0
2025-08-22 23:00,43.49,43.4,43.7,60,1.0
2025-08-23 00:00,43.51,43.3,43.8,59,0.983
2025-08-23 01:00,43.52,43.3,43.7,60,1.0
2025-08-23 02:00,43.46,43.2,43.8,60,1.0
2025-08-23 03:00,43.48,43.3,43.6,60,1.0
2025-08-23 04:00,43.44,43.2,43.7,60,1.0
2025-08-23 05:00,43.4,43.2,43.6,60,1.0
2025-08-23 06:00,43.34,43.1,43.6,60,1.0
2025-08-23 07:00,43.24,43.1,43.6,60,1.0
2025-08-23 08:00,43.17,43.0,43.5,60,1.0
2025-08-23 09:00,43.17,43.0,43.5,60,1.0
2025-08-23 10:00,43.01,42.9,43.4,60,1.0
2025-08-23 11:00,43.01,42.7,43.2,60,1.0
2025-08-23 12:00,42.74,42.6,43.0,60,1.0
2025-08-23 13:00,42.73,42.6,42.9,60,1.0
2025-08-23 14:00,42.78,42.5,43.0,60,1.0
2025-08-23 15:00,42.68,42.5,43.0,60,1.0
2025-08-23 16:00,42.66,42.4,43.0,60,1.0
2025-08-23 17:00,42.57,42.4,42.8,60,1.0
2025-08-23 18:00,42.45,42.3,42.6,60,1.0
2025-08-23 19:00,42.59,42.3,42.9,60,1.0
2025-08-23 20:00,42.48,42.3,42.9,60,1.0
2025-08-23 21:00,42.33,42.3,42.5,60,1.0
2025-08-23 22:00,42.34,42.2,42.5,60,1.0
2025-08-23 23:00,42.38,42.2,42.7,60,1.0
2025-08-24 00:00,42.4,42.2,42.6,60,1.0
2025-08-24 01:00,42.42,42.2,42.6,60,1.0
2025-08-24 02:00,42.4,42.2,42.6,60,1.0
2025-08-24 03:00,42.38,42.1,42.6,60,1.0
2025-08-24 04:00,42.32,42.1,42.5,60,1.0
2025-08-24 05:00,42.27,42.0,42.5,60,1.0
2025-08-24 06:00,42.2,42.0,42.5,60,1.0
2025-08-24 07:00,42.11,41.9,42.4,60,1.0
2025-08-24 08:00,42.06,41.9,42.4,60,1.0
2025-08-24 09:00,41.89,41.7,42.2,60,1.0
2025-08-24 10:00,41.93,41.7,42.1,60,1.0
2025-08-24 11:00,41.72,41.6,42.0,60,1.0
2025-08-24 12:00,41.64,41.5,41.9,60,1.0
2025-08-24 13:00,41.53,41.4,41.8,60,1.0
2025-08-24 14:00,41.56,41.4,41.8,60,1.0
2025-08-24 15:00,41.56,41.3,41.9,60,1.0
2025-08-24 16:00,41.42,41.2,41.8,60,1.0
2025-08-24 17:00,41.26,41.2,41.5,60,1.0
2025-08-24 18:00,41.19,41.1,41.3,60,1.0
2025-08-24 19:00,41.3,41.1,41.5,60,1.0
2025-08-24 20:00,41.3,41.0,41.5,60,1.0
2025-08-24 21:00,41.26,41.1,41.5,60,1.0
2025-08-24 22:00,41.16,40.9,41.4,60,1.0
2025-08-24 23:00,41.01,40.9,41.3,60,1.0
2025-08-25 00:00,40.94,40.9,41.1,60,1.0
2025-08-25 01:00,40.91,40.8,41.1,60,1.0
2025-08-25 02:00,40.88,40.8,41.1,60,1.0
2025-08-25 03:00,40.84,40.7,41.1,60,1.0
2025-08-25 04:00,40.84,40.7,41.1,60,1.0
2025-08-25 05:00,40.92,40.7,41.2,60,1.0
2025-08-25 06:00,40.92,40.7,41.1,60,1.0
2025-08-25 07:00,40.74,40.6,41.0,60,1.0
2025-08-25 08:00,40.78,40.6,41.0,60,1.0
2025-08-25 09:00,40.59,40.4,40.9,60,1.0
2025-08-25 10:00,40.5,40.3,40.8,60,1.0
2025-08-25 11:00,40.45,40.3,40.8,60,1.0
2025-08-25 12:00,40.44,40.3,40.8,60,1.0
2025-08-25 13:00,40.31,40.1,40.6,60,1.0
2025-08-25 14:00,40.18,40.1,40.3,60,1.0
2025-08-25 15:00,40.15,40.0,40.5,60,1.0
2025-08-25 16:00,40.22,40.0,40.5,60,1.0
2025-08-25 17:00,40.08,39.9,40.3,60,1.0
2025-08-25 18:00,39.99,39.9,40.2,60,1.0
2025-08-25 19:00,39.98,39.9,40.2,60,1.0
2025-08-25 20:00,39.98,39.8,40.2,60,1.0
2025-08-25 21:00,40.05,39.8,40.3,60,1.0
2025-08-25 22:00,40.0,39.7,40.4,60,1.0
2025-08-25 23:00,39.86,39.7,40.1,60,1.0
2025-08-26 00:00,39.77,39.7,40.0,60,1.0
2025-08-26 01:00,39.73,39.7,39.9,60,1.0
2025-08-26 02:00,39.71,39.6,39.9,60,1.0
2025-08-26 03:00,39.67,39.6,39.8,60,1.0
2025-08-26 04:00,39.64,39.6,39.8,60,1.0
2025-08-26 05:00,39.64,39.6,39.9,58,0.967
2025-08-26 06:00,39.58,39.5,39.8,60,1.0
2025-08-26 07:00,39.64,39.4,39.9,60,1.0
2025-08-26 08:00,39.61,39.4,40.0,60,1.0
2025-08-26 09:00,39.44,39.3,39.7,60,1.0
2025-08-26 10:00,39.34,39.2,39.7,60,1.0
2025-08-26 11:00,39.35,39.1,39.7,56,0.933
2025-08-26 12:00,39.32,39.1,39.5,60,1.0
2025-08-26 13:00,39.24,39.0,39.5,60,1.0
2025-08-26 14:00,39.08,39.0,39.3,60,1.0
2025-08-26 15:00,39.11,39.0,39.4,60,1.0
2025-08-26 16:00,39.04,38.9,39.2,53,0.883
2025-08-26 17:00,39.07,38.9,39.3,53,0.883
2025-08-26 18:00,38.93,38.8,39.2,48,0.8
2025-08-26 19:00,38.91,38.8,39.2,59,0.983
2025-08-26 20:00,39.01,38.8,39.3,60,1.0
2025-08-26 21:00,38.97,38.8,39.3,60,1.0
2025-08-26 22:00,38.83,38.7,39.1,60,1.0
2025-08-26 23:00,38.8,38.7,39.1,60,1.0
2025-08-27 00:00,38.72,38.6,38.9,60,1.0
2025-08-27 01:00,38.68,38.6,39.0,60,1.0
2025-08-27 02:00,38.66,38.6,38.8,60,1.0
2025-08-27 03:00,38.62,38.5,38.8,60,1.0
2025-08-27 04:00,38.6,38.5,38.7,60,1.0
2025-08-27 05:00,38.56,38.5,38.7,60,1.0
2025-08-27 06:00,38.54,38.4,38.7,60,1.0
2025-08-27 07:00,38.58,38.4,38.8,60,1.0
2025-08-27 08:00,38.55,38.3,38.8,59,0.983
2025-08-27 09:00,38.38,38.3,38.6,60,1.0
2025-08-27 10:00,38.33,38.2,38.5,60,1.0
2025-08-27 11:00,38.37,38.1,38.9,60,1.0
2025-08-27 12:00,38.24,38.1,38.5,60,1.0
2025-08-27 13:00,38.24,38.0,38.4,60,1.0
2025-08-27 14:00,38.05,38.0,38.3,53,0.883
2025-08-27 15:00,38.02,37.9,38.2,60,1.0
2025-08-27 16:00,38.06,37.9,38.3,60,1.0
2025-08-27 17:00,38.08,37.9,38.3,60,1.0
2025-08-27 18:00,38.0,37.8,38.2,60,1.0
2025-08-27 19:00,37.88,37.8,38.0,60,1.0
2025-08-27 20:00,37.92,37.8,38.2,60,1.0
2025-08-27 21:00,37.99,37.8,38.2,60,1.0
2025-08-27 22:00,37.9,37.7,38.1,60,1.0
2025-08-27 23:00,37.8,37.7,38.1,60,1.0
2025-08-28 00:00,37.76,37.6,38.1,60,1.0
2025-08-28 01:00,37.71,37.6,37.9,60,1.0
2025-08-28 02:00,37.67,37.5,37.9,60,1.0
2025-08-28 03:00,37.61,37.5,37.9,60,1.0
2025-08-28 04:00,37.56,37.5,37.8,60,1.0
2025-08-28 05:00,37.52,37.5,37.7,60,1.0
2025-08-28 06:00,37.55,37.4,37.8,60,1.0
2025-08-28 07:00,37.58,37.4,37.8,60,1.0
2025-08-28 08:00,37.52,37.3,37.8,60,1.0
2025-08-28 09:00,37.44,37.3,37.7,60,1.0
2025-08-28 10:00,37.39,37.2,37.6,60,1.0
2025-08-28 11:00,37.28,37.1,37.5,60,1.0
2025-08-28 12:00,37.26,37.1,37.6,60,1.0
2025-08-28 13:00,37.1,37.0,37.3,60,1.0
2025-08-28 14:00,37.14,37.0,37.3,60,1.0
2025-08-28 15:00,37.15,37.0,37.3,60,1.0
2025-08-28 16:00,36.96,36.8,37.2,60,1.0
2025-08-28 17:00,36.93,36.8,37.3,60,1.0
2025-08-28 18:00,37.02,36.8,37.3,60,1.0
2025-08-28 19:00,36.84,36.7,37.3,59,0.983
2025-08-28 20:00,36.82,36.7,37.0,60,1.0
2025-08-28 21:00,36.83,36.7,37.1,59,0.983
2025-08-28 22:00,36.86,36.7,37.1,60,1.0
2025-08-28 23:00,36.89,36.7,37.2,60,1.0
2025-08-29 00:00,36.82,36.6,37.1,60,1.0
2025-08-29 01:00,36.79,36.6,37.0,60,1.0
2025-08-29 02:00,36.74,36.5,36.9,60,1.0
2025-08-29 03:00,36.73,36.6,37.0,60,1.0
2025-08-29 04:00,36.68,36.4,36.9,60,1.0
2025-08-29 05:00,36.52,36.4,36.8,59,0.983
2025-08-29 06:00,36.47,36.4,36.7,60,1.0
2025-08-29 07:00,36.49,36.3,36.8,60,1.0
2025-08-29 08:00,36.43,36.3,36.6,58,0.967
2025-08-29 09:00,36.42,36.3,36.6,60,1.0
2025-08-29 10:00,36.34,36.2,36.5,60,1.0
2025-08-29 11:00,36.42,36.2,36.7,60,1.0
2025-08-29 12:00,36.29,36.1,36.6,60,1.0
2025-08-29 13:00,36.24,36.1,36.5,60,1.0
2025-08-29 14:00,36.28,36.1,36.6,60,1.0
2025-08-29 15:00,36.16,36.1,36.3,55,0.917
2025-08-29 16:00,36.1,36.0,36.3,54,0.9
2025-08-29 17:00,36.05,36.0,36.2,60,1.0
2025-08-29 18:00,36.11,36.0,36.4,60,1.0
2025-08-29 19:00,36.16,35.9,36.5,60,1.0
2025-08-29 20:00,36.07,35.9,36.3,60,1.0
2025-08-29 21:00,36.19,35.9,36.7,60,1.0
2025-08-29 22:00,36.32,36.2,36.6,59,0.983
2025-08-29 23:00,36.28,36.2,36.6,58,0.967
2025-08-30 00:00,36.32,36.2,36.7,60,1.0
2025-08-30 01:00,36.48,36.2,36.7,60,1.0
2025-08-30 02:00,36.44,36.3,36.6,5,0.083
2025-08-30 09:00,36.24,36.1,36.4,8,0.133
2025-08-30 10:00,36.29,36.1,36.7,59,0.983
2025-08-30 11:00,36.12,36.0,36.4,60,1.0
2025-08-30 12:00,36.22,36.0,36.5,60,1.0
2025-08-30 13:00,36.2,36.0,36.4,60,1.0
2025-08-30 14:00,36.17,35.9,36.4,60,1.0
2025-08-30 15:00,36.05,35.9,36.4,60,1.0
2025-08-30 16:00,36.05,35.9,36.3,59,0.983
2025-08-30 17:00,35.99,35.9,36.3,60,1.0
2025-08-30 18:00,35.95,35.9,36.1,60,1.0
2025-08-30 19:00,36.08,35.9,36.3,60,1.0
2025-08-30 20:00,36.13,35.9,36.3,60,1.0
2025-08-30 21:00,36.14,35.9,36.4,60,1.0
2025-08-30 22:00,36.08,36.0,36.3,60,1.0
2025-08-30 23:00,36.09,36.0,36.3,59,0.983
2025-08-31 00:00,36.14,36.0,36.4,59,0.983
2025-08-31 01:00,36.15,36.0,36.3,60,1.0
2025-08-31 02:00,36.22,36.1,36.4,60,1.0
2025-08-31 03:00,36.26,36.2,36.4,60,1.0
2025-08-31 04:00,36.34,36.2,36.6,60,1.0
2025-08-31 05:00,36.43,36.3,36.7,60,1.0
2025-08-31 06:00,36.58,36.4,36.8,60,1.0
2025-08-31 07:00,36.72,36.5,37.0,60,1.0
2025-08-31 08:00,36.82,36.6,37.0,59,0.983
2025-08-31 09:00,36.93,36.8,37.2,60,1.0
2025-08-31 10:00,37.05,36.8,37.3,59,0.983
2025-08-31 11:00,37.04,36.9,37.3,60,1.0
2025-08-31 12:00,37.17,37.0,37.4,60,1.0
2025-08-31 13:00,37.15,37.0,37.3,60,1.0
2025-08-31 14:00,37.3,37.2,37.7,60,1.0
2025-08-31 15:00,37.54,37.3,37.8,60,1.0
2025-08-31 16:00,37.7,37.4,38.0,60,1.0
2025-08-31 17:00,37.79,37.6,38.0,60,1.0
2025-08-31 18:00,37.77,37.7,38.0,60,1.0
2025-08-31 19:00,37.96,37.8,38.2,60,1.0
2025-08-31 20:00,38.16,38.0,38.3,60,1.0
2025-08-31 21:00,38.22,38.1,38.4,60,1.0
2025-08-31 22:00,38.4,38.2,38.6,59,0.983
2025-08-31 23:00,38.56,38.3,38.8,59,0.983
2025-09-01 00:00,38.68,38.4,38.8,60,1.0
2025-09-01 01:00,38.78,38.5,39.0,59,0.983
2025-09-01 02:00,38.81,38.6,39.0,48,0.8
2025-09-01 03:00,38.85,38.7,39.0,52,0.867
2025-09-01 04:00,38.9,38.8,39.1,55,0.917
2025-09-01 05:00,38.98,38.9,39.2,52,0.867
2025-09-01 06:00,39.07,39.0,39.3,60,1.0
2025-09-01 07:00,39.26,39.1,39.5,60,1.0
2025-09-01 08:00,39.3,39.2,39.5,47,0.783
2025-09-01 09:00,39.29,39.2,39.6,52,0.867
2025-09-01 10:00,39.25,39.2,39.4,46,0.767
2025-09-01 11:00,39.3,39.2,39.5,54,0.9
2025-09-01 12:00,39.4,39.2,39.7,60,1.0
2025-09-01 13:00,39.42,39.2,39.7,52,0.867
2025-09-01 14:00,39.34,39.3,39.5,50,0.833
2025-09-01 15:00,39.41,39.3,39.6,60,1.0
2025-09-01 16:00,39.55,39.3,39.9,60,1.0
2025-09-01 17:00,39.6,39.4,40.0,60,1.0
2025-09-01 18:00,39.54,39.4,39.7,60,1.0
2025-09-01 19:00,39.6,39.5,39.9,60,1.0
2025-09-01 20:00,39.79,39.6,40.0,60,1.0
2025-09-01 21:00,39.86,39.6,40.0,59,0.983
2025-09-01 22:00,39.83,39.7,40.0,60,1.0
2025-09-01 23:00,39.82,39.7,40.2,60,1.0
2025-09-02 00:00,39.83,39.7,40.1,60,1.0
2025-09-02 01:00,39.83,39.7,40.0,60,1.0
2025-09-02 02:00,39.92,39.8,40.2,60,1.0
2025-09-02 03:00,39.92,39.8,40.1,60,1.0
2025-09-02 04:00,39.92,39.9,40.0,60,1.0
2025-09-02 05:00,39.95,39.9,40.2,60,1.0
2025-09-02 06:00,40.11,39.9,40.3,60,1.0
2025-09-02 07:00,40.11,39.9,40.4,60,1.0
2025-09-02 08:00,40.03,39.9,40.3,60,1.0
2025-09-02 09:00,40.04,40.0,40.2,60,1.0
2025-09-02 10:00,40.14,40.0,40.4,60,1.0
2025-09-02 11:00,40.26,40.0,40.5,60,1.0
2025-09-02 12:00,40.22,40.1,40.6,60,1.0
2025-09-02 13:00,40.19,40.1,40.4,60,1.0
2025-09-02 14:00,40.21,40.1,40.4,59,0.983
2025-09-02 15:00,40.21,40.1,40.4,60,1.0
2025-09-02 16:00,40.24,40.1,40.5,60,1.0
2025-09-02 17:00,40.25,40.2,40.5,60,1.0
2025-09-02 18:00,40.39,40.2,40.6,60,1.0
2025-09-02 19:00,40.47,40.2,40.6,60,1.0
2025-09-02 20:00,40.48,40.3,40.7,60,1.0
2025-09-02 21:00,40.42,40.3,40.8,60,1.0
2025-09-02 22:00,40.52,40.4,40.8,60,1.0
2025-09-02 23:00,40.61,40.4,40.8,60,1.0
2025-09-03 00:00,40.65,40.4,40.8,60,1.0
2025-09-03 01:00,40.65,40.4,40.9,60,1.0
2025-09-03 02:00,40.62,40.4,40.8,60,1.0
2025-09-03 03:00,40.64,40.5,40.8,60,1.0
2025-09-03 04:00,40.64,40.5,40.9,60,1.0
2025-09-03 05:00,40.6,40.5,40.9,60,1.0
2025-09-03 06:00,40.63,40.5,40.9,60,1.0
2025-09-03 07:00,40.72,40.5,41.0,60,1.0
2025-09-03 08:00,40.71,40.5,40.9,60,1.0
2025-09-03 09:00,40.61,40.5,41.0,60,1.0
2025-09-03 10:00,40.6,40.4,40.8,60,1.0
2025-09-03 11:00,40.52,40.4,40.8,60,1.0
2025-09-03 12:00,40.52,40.4,41.1,60,1.0
2025-09-03 13:00,40.59,40.4,40.9,60,1.0
2025-09-03 14:00,40.52,40.3,41.0,60,1.0
2025-09-03 15:00,40.38,40.3,40.6,60,1.0
2025-09-03 16:00,40.37,40.3,40.6,60,1.0
2025-09-03 17:00,40.43,40.3,40.7,60,1.0
2025-09-03 18:00,40.56,40.3,40.8,60,1.0
2025-09-03 19:00,40.45,40.3,40.8,60,1.0
2025-09-03 20:00,40.39,40.3,40.6,60,1.0
2025-09-03 21:00,40.43,40.3,40.7,59,0.983
2025-09-03 22:00,40.42,40.3,40.7,60,1.0
2025-09-03 23:00,40.56,40.4,40.9,60,1.0
2025-09-04 00:00,40.62,40.4,40.9,60,1.0
2025-09-04 01:00,40.6,40.4,40.8,59,0.983
2025-09-04 02:00,40.57,40.4,40.8,59,0.983
2025-09-04 03:00,40.5,40.3,40.7,59,0.983
2025-09-04 04:00,40.54,40.4,40.8,60,1.0
2025-09-04 05:00,40.52,40.4,40.8,60,1.0
2025-09-04 06:00,40.52,40.4,40.8,60,1.0
2025-09-04 07:00,40.55,40.4,40.8,60,1.0
2025-09-04 08:00,40.51,40.3,40.8,60,1.0
2025-09-04 09:00,40.48,40.3,40.9,60,1.0
2025-09-04 10:00,40.34,40.2,40.6,60,1.0
2025-09-04 11:00,40.42,40.2,40.6,60,1.0
2025-09-04 12:00,40.27,40.1,40.6,60,1.0
2025-09-04 13:00,40.19,40.1,40.3,54,0.9
2025-09-04 14:00,40.31,40.1,40.5,47,0.783
2025-09-04 15:00,40.33,40.1,40.5,40,0.667
2025-09-04 16:00,40.35,40.1,40.5,56,0.933
2025-09-04 17:00,40.19,40.1,40.4,60,1.0
2025-09-04 18:00,40.17,40.1,40.4,60,1.0
2025-09-04 19:00,40.33,40.1,40.5,56,0.933
2025-09-04 20:00,40.33,40.1,40.6,46,0.767
2025-09-04 21:00,40.18,40.1,40.4,57,0.95
2025-09-04 22:00,40.19,40.1,40.4,60,1.0
2025-09-04 23:00,40.22,40.1,40.7,60,1.0
2025-09-05 00:00,40.26,40.1,40.5,60,1.0
2025-09-05 01:00,40.3,40.2,40.5,60,1.0
2025-09-05 02:00,40.34,40.2,40.5,60,1.0
2025-09-05 03:00,40.36,40.1,40.6,60,1.0
2025-09-05 04:00,40.38,40.2,40.6,60,1.0
2025-09-05 05:00,40.4,40.2,40.6,60,1.0
2025-09-05 06:00,40.4,40.2,40.6,60,1.0
2025-09-05 07:00,40.3,40.1,40.6,60,1.0
2025-09-05 08:00,40.24,40.1,40.6,59,0.983
2025-09-05 09:00,40.28,40.0,40.5,60,1.0
2025-09-05 10:00,40.11,40.0,40.5,60,1.0
2025-09-05 11:00,40.14,40.0,40.3,60,1.0
2025-09-05 12:00,39.95,39.9,40.2,60,1.0
2025-09-05 13:00,40.04,39.9,40.3,60,1.0
2025-09-05 14:00,40.12,39.9,40.3,60,1.0
2025-09-05 15:00,40.05,39.8,40.2,60,1.0
2025-09-05 16:00,40.06,39.8,40.3,60,1.0
2025-09-05 17:00,39.9,39.8,40.2,60,1.0
2025-09-05 18:00,39.88,39.8,40.0,60,1.0
2025-09-05 19:00,39.94,39.8,40.2,60,1.0
2025-09-05 20:00,40.05,39.8,40.4,60,1.0
2025-09-05 21:00,40.04,39.8,40.3,60,1.0
2025-09-05 22:00,39.95,39.8,40.2,60,1.0
2025-09-05 23:00,39.91,39.8,40.1,60,1.0
2025-09-06 00:00,39.89,39.8,40.0,60,1.0
2025-09-06 01:00,39.89,39.8,40.2,60,1.0
2025-09-06 02:00,39.9,39.8,40.2,60,1.0
2025-09-06 03:00,39.91,39.8,40.1,60,1.0
2025-09-06 04:00,39.94,39.8,40.2,60,1.0
2025-09-06 05:00,39.97,39.8,40.2,60,1.0
2025-09-06 06:00,39.92,39.8,40.2,60,1.0
2025-09-06 07:00,39.96,39.8,40.3,60,1.0
2025-09-06 08:00,39.92,39.7,40.1,60,1.0
2025-09-06 09:00,39.81,39.7,40.0,60,1.0
2025-09-06 10:00,39.78,39.6,40.0,60,1.0
2025-09-06 11:00,39.72,39.6,39.9,60,1.0
2025-09-06 12:00,39.78,39.5,40.2,60,1.0
2025-09-06 13:00,39.6,39.5,39.9,60,1.0
2025-09-06 14:00,39.56,39.5,39.7,60,1.0
2025-09-06 15:00,39.62,39.5,39.8,59,0.983
2025-09-06 16:00,39.68,39.5,39.9,60,1.0
2025-09-06 17:00,39.62,39.4,39.9,60,1.0
2025-09-06 18:00,39.5,39.4,39.8,60,1.0
2025-09-06 19:00,39.67,39.4,40.0,60,1.0
2025-09-06 20:00,39.57,39.4,39.8,60,1.0
2025-09-06 21:00,39.48,39.4,39.8,60,1.0
2025-09-06 22:00,39.48,39.4,39.7,60,1.0
2025-09-06 23:00,39.49,39.4,39.8,60,1.0
2025-09-07 00:00,39.49,39.4,39.8,60,1.0
2025-09-07 01:00,39.49,39.4,39.7,60,1.0
2025-09-07 02:00,39.48,39.4,39.7,60,1.0
2025-09-07 03:00,39.56,39.4,39.9,60,1.0
2025-09-07 04:00,39.58,39.3,39.8,60,1.0
2025-09-07 05:00,39.58,39.4,39.9,60,1.0
2025-09-07 06:00,39.56,39.3,39.8,60,1.0
2025-09-07 07:00,39.41,39.3,39.7,60,1.0
2025-09-07 08:00,39.43,39.3,39.7,60,1.0
2025-09-07 09:00,39.48,39.2,39.7,59,0.983
2025-09-07 10:00,39.29,39.1,39.6,60,1.0
2025-09-07 11:00,39.26,39.1,39.5,60,1.0
2025-09-07 12:00,39.13,39.0,39.3,60,1.0
2025-09-07 13:00,39.12,39.0,39.4,60,1.0
2025-09-07 14:00,39.2,39.0,39.4,60,1.0
2025-09-07 15:00,39.16,38.9,39.3,60,1.0
2025-09-07 16:00,39.03,38.9,39.2,55,0.917
2025-09-07 17:00,39.02,38.9,39.4,49,0.817
2025-09-07 18:00,38.92,38.8,39.1,59,0.983
2025-09-07 19:00,39.02,38.8,39.3,60,1.0
2025-09-07 20:00,39.09,38.9,39.3,60,1.0
2025-09-07 21:00,38.96,38.8,39.2,60,1.0
2025-09-07 22:00,38.89,38.8,39.1,60,1.0
2025-09-07 23:00,38.87,38.8,39.2,60,1.0
2025-09-08 00:00,38.85,38.8,39.1,60,1.0
2025-09-08 01:00,38.84,38.8,39.1,60,1.0
2025-09-08 02:00,38.84,38.8,39.0,60,1.0
2025-09-08 03:00,38.84,38.8,39.1,60,1.0
2025-09-08 04:00,38.86,38.7,39.1,60,1.0
2025-09-08 05:00,38.86,38.7,39.1,60,1.0
2025-09-08 06:00,38.86,38.7,39.1,60,1.0
2025-09-08 07:00,38.81,38.7,39.1,60,1.0
2025-09-08 08:00,38.86,38.7,39.1,60,1.0
2025-09-08 09:00,38.84,38.7,39.0,60,1.0
2025-09-08 10:00,38.76,38.5,39.1,60,1.0
2025-09-08 11:00,38.69,38.5,38.9,60,1.0
2025-09-08 12:00,38.6,38.5,38.9,60,1.0
2025-09-08 13:00,38.52,38.4,38.7,59,0.983
2025-09-08 14:00,38.6,38.4,38.8,59,0.983
2025-09-08 15:00,38.6,38.3,38.8,60,1.0
2025-09-08 16:00,38.48,38.3,38.8,60,1.0
2025-09-08 17:00,38.55,38.3,38.7,60,1.0
2025-09-08 18:00,38.53,38.3,38.7,60,1.0
2025-09-08 19:00,38.45,38.3,38.7,60,1.0
2025-09-08 20:00,38.33,38.2,38.5,60,1.0
2025-09-08 21:00,38.32,38.2,38.6,60,1.0
2025-09-08 22:00,38.34,38.2,38.5,59,0.983
2025-09-08 23:00,38.32,38.2,38.6,60,1.0
2025-09-09 00:00,38.44,38.2,38.6,60,1.0
2025-09-09 01:00,38.46,38.3,38.7,60,1.0
2025-09-09 02:00,38.43,38.2,38.6,60,1.0
2025-09-09 03:00,38.37,38.2,38.6,59,0.983
2025-09-09 04:00,38.38,38.1,38.7,59,0.983
2025-09-09 05:00,38.26,38.1,38.6,60,1.0
2025-09-09 06:00,38.35,38.1,38.6,60,1.0
2025-09-09 07:00,38.27,38.1,38.5,60,1.0
2025-09-09 08:00,38.25,38.0,38.5,60,1.0
2025-09-09 09:00,38.21,38.0,38.4,60,1.0
2025-09-09 10:00,38.09,38.0,38.3,60,1.0
2025-09-09 11:00,38.15,38.0,38.3,59,0.983
2025-09-09 12:00,38.19,38.0,38.3,59,0.983
2025-09-09 13:00,38.09,37.8,38.3,60,1.0
2025-09-09 14:00,37.93,37.8,38.3,60,1.0
2025-09-09 15:00,38.01,37.8,38.2,60,1.0
2025-09-09 16:00,38.05,37.8,38.2,60,1.0
2025-09-09 17:00,38.0,37.8,38.1,60,1.0
2025-09-09 18:00,37.91,37.7,38.1,60,1.0
2025-09-09 19:00,37.78,37.7,38.1,60,1.0
2025-09-09 20:00,37.76,37.7,38.1,60,1.0
2025-09-09 21:00,37.78,37.7,38.0,60,1.0
2025-09-09 22:00,37.87,37.7,38.1,60,1.0
2025-09-09 23:00,37.89,37.6,38.0,60,1.0
2025-09-10 00:00,37.84,37.6,38.1,60,1.0
2025-09-10 01:00,37.74,37.6,37.9,60,1.0
2025-09-10 02:00,37.83,37.7,38.0,60,1.0
2025-09-10 03:00,37.81,37.6,38.0,60,1.0
2025-09-10 04:00,37.81,37.6,38.0,59,0.983
2025-09-10 05:00,37.75,37.5,37.9,58,0.967
2025-09-10 06:00,37.67,37.5,38.0,60,1.0
2025-09-10 07:00,37.61,37.5,37.8,60,1.0
2025-09-10 08:00,37.61,37.4,37.8,59,0.983
2025-09-10 09:00,37.52,37.4,37.7,60,1.0
2025-09-10 10:00,37.42,37.3,37.7,60,1.0
2025-09-10 11:00,37.4,37.3,37.6,60,1.0
2025-09-10 12:00,37.44,37.3,37.6,60,1.0
2025-09-10 13:00,37.49,37.4,37.6,60,1.0
2025-09-10 14:00,37.45,37.2,37.7,60,1.0
2025-09-10 15:00,37.42,37.2,37.7,58,0.967
2025-09-10 16:00,37.34,37.3,37.6,60,1.0
2025-09-10 17:00,37.33,37.2,37.6,60,1.0
2025-09-10 18:00,37.33,37.3,37.5,59,0.983
2025-09-10 19:00,37.36,37.2,37.7,60,1.0
2025-09-10 20:00,37.47,37.3,37.7,60,1.0
2025-09-10 21:00,37.5,37.3,37.7,60,1.0
2025-09-10 22:00,37.43,37.3,37.6,60,1.0
2025-09-10 23:00,37.59,37.4,37.8,13,0.217
2025-09-11 08:00,67.29,66.8,67.7,33,0.55
2025-09-11 09:00,66.67,66.0,67.1,60,1.0
2025-09-11 10:00,65.91,65.5,66.7,59,0.983
2025-09-11 11:00,65.37,65.1,65.7,59,0.983
2025-09-11 12:00,65.08,64.7,65.4,54,0.9
2025-09-11 13:00,64.81,64.4,65.2,26,0.433
2025-09-11 14:00,64.54,64.0,64.9,36,0.6
2025-09-11 15:00,64.11,63.8,64.6,48,0.8
2025-09-11 16:00,63.93,63.5,64.3,59,0.983
2025-09-11 17:00,63.66,63.3,64.0,57,0.95
2025-09-11 18:00,63.28,63.0,63.8,45,0.75
2025-09-11 19:00,62.95,62.8,63.2,38,0.633
2025-09-11 20:00,62.8,62.6,63.1,48,0.8
2025-09-11 21:00,62.79,62.5,63.1,41,0.683
2025-09-11 22:00,62.78,62.5,62.9,35,0.583
2025-09-11 23:00,62.57,62.1,62.8,36,0.6
2025-09-12 00:00,62.23,62.0,62.6,44,0.733
2025-09-12 01:00,62.02,61.8,62.4,51,0.85
2025-09-12 02:00,61.92,61.7,62.2,49,0.817
2025-09-12 03:00,61.78,61.6,62.1,45,0.75
2025-09-12 04:00,61.6,61.5,61.7,11,0.183
2025-09-12 05:00,61.5,61.3,61.7,15,0.25
2025-09-12 06:00,61.47,61.4,61.6,9,0.15
2025-09-12 07:00,61.47,61.3,61.7,7,0.117
2025-09-12 08:00,61.38,61.2,61.6,19,0.317
2025-09-12 09:00,61.07,60.9,61.5,35,0.583
2025-09-12 10:00,60.92,60.6,61.3,48,0.8
2025-09-12 11:00,60.78,60.5,61.1,31,0.517
2025-09-12 12:00,60.47,60.2,60.8,32,0.533
2025-09-12 13:00,60.36,60.2,60.7,43,0.717
2025-09-12 14:00,60.17,60.0,60.5,49,0.817
2025-09-12 15:00,60.05,59.9,60.3,49,0.817
2025-09-12 16:00,60.15,59.9,60.5,50,0.833
2025-09-12 17:00,60.09,59.7,60.4,58,0.967
2025-09-12 18:00,59.79,59.6,60.0,56,0.933
2025-09-12 19:00,59.72,59.6,60.0,57,0.95
2025-09-12 20:00,59.7,59.5,60.1,58,0.967
2025-09-12 21:00,59.76,59.5,60.1,59,0.983
2025-09-12 22:00,59.72,59.5,60.0,59,0.983
2025-09-12 23:00,59.68,59.3,59.9,58,0.967
2025-09-13 00:00,59.54,59.2,59.9,60,1.0
2025-09-13 01:00,59.42,59.2,59.8,58,0.967
2025-09-13 02:00,59.25,59.0,59.6,60,1.0
2025-09-13 03:00,59.18,59.0,59.5,59,0.983
2025-09-13 04:00,59.08,58.9,59.5,60,1.0
2025-09-13 05:00,58.99,58.8,59.3,54,0.9
2025-09-13 06:00,58.92,58.8,59.3,56,0.933
2025-09-13 07:00,58.96,58.8,59.3,41,0.683
2025-09-13 08:00,58.9,58.6,59.2,55,0.917
2025-09-13 09:00,58.67,58.5,58.9,42,0.7
2025-09-13 10:00,58.59,58.3,58.9,50,0.833
2025-09-13 11:00,58.47,58.3,58.7,42,0.7
2025-09-13 12:00,58.27,58.0,58.7,47,0.783
2025-09-13 13:00,58.12,58.0,58.5,44,0.733
2025-09-13 14:00,58.17,57.9,58.5,49,0.817
2025-09-13 15:00,58.25,58.0,58.5,50,0.833
2025-09-13 16:00,58.13,57.8,58.4,56,0.933
2025-09-13 17:00,57.9,57.7,58.3,50,0.833
2025-09-13 18:00,57.76,57.6,58.0,55,0.917
2025-09-13 19:00,57.75,57.6,58.1,49,0.817
2025-09-13 20:00,57.85,57.6,58.1,46,0.767
2025-09-13 21:00,57.87,57.7,58.1,47,0.783
2025-09-13 22:00,57.79,57.5,58.1,58,0.967
2025-09-13 23:00,57.68,57.4,58.0,60,1.0
2025-09-14 00:00,57.61,57.4,57.9,60,1.0
2025-09-14 01:00,57.65,57.3,57.9,58,0.967
2025-09-14 02:00,57.48,57.3,57.8,58,0.967
2025-09-14 03:00,57.37,57.2,57.9,60,1.0
2025-09-14 04:00,57.38,57.2,57.7,54,0.9
2025-09-14 05:00,57.34,57.1,57.7,56,0.933
2025-09-14 06:00,57.46,57.1,57.7,52,0.867
2025-09-14 07:00,57.39,57.1,57.7,50,0.833
2025-09-14 08:00,57.15,57.0,57.6,46,0.767
2025-09-14 09:00,57.18,56.8,57.5,45,0.75
2025-09-14 10:00,57.04,56.8,57.3,36,0.6
2025-09-14 11:00,56.78,56.6,57.2,53,0.883
2025-09-14 12:00,56.66,56.6,56.8,47,0.783
2025-09-14 13:00,56.65,56.4,56.9,51,0.85
2025-09-14 14:00,56.72,56.4,56.9,46,0.767
2025-09-14 15:00,56.64,56.4,56.9,59,0.983
2025-09-14 16:00,56.41,56.2,56.8,56,0.933
2025-09-14 17:00,56.29,56.2,56.5,56,0.933
2025-09-14 18:00,56.4,56.2,56.7,56,0.933
2025-09-14 19:00,56.41,56.1,56.7,57,0.95
2025-09-14 20:00,56.18,56.0,56.6,59,0.983
2025-09-14 21:00,56.14,56.0,56.5,60,1.0
2025-09-14 22:00,56.11,56.0,56.4,59,0.983
2025-09-14 23:00,56.13,56.0,56.4,60,1.0
2025-09-15 00:00,56.24,55.9,56.6,60,1.0
2025-09-15 01:00,56.29,56.0,56.5,59,0.983
2025-09-15 02:00,56.2,55.9,56.5,59,0.983
2025-09-15 03:00,56.15,55.9,56.5,59,0.983
2025-09-15 04:00,56.07,55.8,56.4,59,0.983
2025-09-15 05:00,56.09,55.8,56.4,59,0.983
2025-09-15 06:00,56.04,55.8,56.3,56,0.933
2025-09-15 07:00,55.98,55.7,56.4,59,0.983
2025-09-15 08:00,55.93,55.7,56.3,59,0.983
2025-09-15 09:00,55.69,55.5,56.0,59,0.983
2025-09-15 10:00,55.66,55.4,56.0,60,1.0
2025-09-15 11:00,55.54,55.4,55.8,60,1.0
2025-09-15 12:00,55.65,55.4,55.9,60,1.0
2025-09-15 13:00,55.44,55.2,55.7,53,0.883
2025-09-15 14:00,55.23,55.1,55.5,58,0.967
2025-09-15 15:00,55.19,55.1,55.4,60,1.0
2025-09-15 16:00,55.15,55.0,55.4,59,0.983
2025-09-15 17:00,55.16,55.0,55.4,58,0.967
2025-09-15 18:00,55.27,55.0,55.6,58,0.967
2025-09-15 19:00,55.29,55.0,55.5,54,0.9
2025-09-15 20:00,55.17,54.9,55.5,59,0.983
2025-09-15 21:00,55.0,54.9,55.3,53,0.883
2025-09-15 22:00,54.95,54.8,55.2,58,0.967
2025-09-15 23:00,54.92,54.8,55.1,58,0.967
2025-09-16 00:00,54.94,54.8,55.4,58,0.967
2025-09-16 01:00,55.02,54.8,55.3,59,0.983
2025-09-16 02:00,55.03,54.8,55.2,59,0.983
2025-09-16 03:00,54.99,54.7,55.2,60,1.0
2025-09-16 04:00,55.0,54.7,55.2,60,1.0
2025-09-16 05:00,55.02,54.8,55.2,57,0.95
2025-09-16 06:00,54.91,54.6,55.2,58,0.967
2025-09-16 07:00,54.89,54.6,55.2,59,0.983
2025-09-16 08:00,54.79,54.6,55.1,60,1.0
2025-09-16 09:00,54.74,54.6,55.0,56,0.933
2025-09-16 10:00,54.64,54.4,55.1,48,0.8
2025-09-16 11:00,54.43,54.3,54.6,53,0.883
2025-09-16 12:00,54.4,54.3,54.7,55,0.917
2025-09-16 13:00,54.29,54.2,54.6,59,0.983
2025-09-16 14:00,54.31,54.1,54.6,56,0.933
2025-09-16 15:00,54.33,54.1,54.6,45,0.75
2025-09-16 16:00,54.3,54.1,54.6,60,1.0
2025-09-16 17:00,54.17,54.0,54.5,60,1.0
2025-09-16 18:00,54.09,54.0,54.4,60,1.0
2025-09-16 19:00,54.23,54.0,54.5,60,1.0
2025-09-16 20:00,54.25,54.0,54.5,60,1.0
2025-09-16 21:00,54.09,53.9,54.6,60,1.0
2025-09-16 22:00,53.99,53.9,54.2,60,1.0
2025-09-16 23:00,53.92,53.8,54.1,60,1.0
2025-09-17 00:00,53.91,53.8,54.0,60,1.0
2025-09-17 01:00,53.89,53.8,54.0,59,0.983
2025-09-17 02:00,53.88,53.8,54.3,60,1.0
2025-09-17 03:00,53.92,53.7,54.2,60,1.0
2025-09-17 04:00,53.88,53.7,54.2,59,0.983
2025-09-17 05:00,53.9,53.7,54.2,59,0.983
2025-09-17 06:00,53.83,53.7,54.1,60,1.0
2025-09-17 07:00,53.93,53.7,54.2,58,0.967
2025-09-17 08:00,53.92,53.7,54.3,59,0.983
2025-09-17 09:00,53.88,53.6,54.2,57,0.95
2025-09-17 10:00,53.81,53.5,54.2,55,0.917
2025-09-17 11:00,53.62,53.4,53.9,47,0.783
2025-09-17 12:00,53.46,53.4,53.7,15,0.25
2025-09-17 13:00,53.39,53.3,53.6,37,0.617
2025-09-17 14:00,53.48,53.2,53.8,51,0.85
2025-09-17 15:00,53.57,53.2,53.8,53,0.883
2025-09-17 16:00,53.42,53.2,53.8,58,0.967
2025-09-17 17:00,53.24,53.2,53.5,59,0.983
2025-09-17 18:00,53.22,53.1,53.5,60,1.0
2025-09-17 19:00,53.3,53.1,53.6,59,0.983
2025-09-17 20:00,53.42,53.1,53.6,59,0.983
2025-09-17 21:00,53.17,53.0,53.7,59,0.983
2025-09-17 22:00,53.04,52.9,53.3,60,1.0
2025-09-17 23:00,53.14,52.9,53.4,60,1.0
2025-09-18 00:00,53.13,52.9,53.5,60,1.0
2025-09-18 01:00,53.1,52.8,53.4,60,1.0
2025-09-18 02:00,53.11,52.8,53.4,53,0.883
2025-09-18 03:00,53.05,52.8,53.3,57,0.95
2025-09-18 04:00,52.94,52.7,53.3,57,0.95
2025-09-18 05:00,52.96,52.7,53.1,54,0.9
2025-09-18 06:00,52.88,52.6,53.2,56,0.933
2025-09-18 07:00,52.82,52.5,53.3,54,0.9
2025-09-18 08:00,52.72,52.5,53.0,58,0.967
2025-09-18 09:00,52.56,52.4,52.8,48,0.8
2025-09-18 10:00,52.6,52.3,52.9,46,0.767
2025-09-18 11:00,52.36,52.3,52.6,60,1.0
2025-09-18 12:00,52.43,52.2,52.7,58,0.967
2025-09-18 13:00,52.42,52.2,52.6,60,1.0
2025-09-18 14:00,52.24,52.1,52.8,60,1.0
2025-09-18 15:00,52.12,52.0,52.3,60,1.0
2025-09-18 16:00,52.13,52.0,52.4,59,0.983
2025-09-18 17:00,52.09,51.9,52.4,60,1.0
2025-09-18 18:00,51.97,51.9,52.3,59,0.983
2025-09-18 19:00,51.91,51.8,52.2,60,1.0
2025-09-18 20:00,51.94,51.8,52.3,59,0.983
2025-09-18 21:00,52.0,51.7,52.2,60,1.0
2025-09-18 22:00,51.91,51.7,52.2,60,1.0
2025-09-18 23:00,51.8,51.6,52.0,60,1.0
2025-09-19 00:00,51.87,51.6,52.1,60,1.0
2025-09-19 01:00,51.72,51.6,52.2,60,1.0
2025-09-19 02:00,51.63,51.5,51.9,60,1.0
2025-09-19 03:00,51.67,51.5,52.0,59,0.983
2025-09-19 04:00,51.71,51.5,51.9,60,1.0
2025-09-19 05:00,51.75,51.5,52.0,60,1.0
2025-09-19 06:00,51.75,51.5,52.0,60,1.0
2025-09-19 07:00,51.67,51.4,51.9,60,1.0
2025-09-19 08:00,51.54,51.4,51.8,60,1.0
2025-09-19 09:00,51.4,51.2,51.7,60,1.0
2025-09-19 10:00,51.4,51.2,51.7,60,1.0
2025-09-19 11:00,51.27,51.1,51.7,60,1.0
2025-09-19 12:00,51.34,51.0,51.5,60,1.0
2025-09-19 13:00,51.13,51.0,51.5,60,1.0
2025-09-19 14:00,51.05,51.0,51.3,60,1.0
2025-09-19 15:00,51.02,50.9,51.1,60,1.0
2025-09-19 16:00,51.03,50.9,51.3,60,1.0
2025-09-19 17:00,50.98,50.8,51.3,60,1.0
2025-09-19 18:00,50.89,50.8,51.2,60,1.0
2025-09-19 19:00,50.83,50.7,51.1,60,1.0
2025-09-19 20:00,50.76,50.7,51.0,60,1.0
2025-09-19 21:00,50.76,50.7,51.0,60,1.0
2025-09-19 22:00,50.89,50.6,51.2,60,1.0
2025-09-19 23:00,50.79,50.6,51.1,60,1.0
2025-09-20 00:00,50.8,50.6,51.0,60,1.0
2025-09-20 01:00,50.65,50.5,51.0,60,1.0
2025-09-20 02:00,50.59,50.5,50.8,60,1.0
2025-09-20 03:00,50.59,50.5,51.1,60,1.0
2025-09-20 04:00,50.55,50.4,50.8,60,1.0
2025-09-20 05:00,50.49,50.4,50.7,60,1.0
2025-09-20 06:00,50.52,50.4,50.9,60,1.0
2025-09-20 07:00,50.52,50.4,50.9,60,1.0
2025-09-20 08:00,50.58,50.4,50.9,60,1.0
2025-09-20 09:00,50.52,50.3,50.8,60,1.0
2025-09-20 10:00,50.34,50.2,50.7,57,0.95
2025-09-20 11:00,50.29,50.1,50.7,60,1.0
2025-09-20 12:00,50.24,50.0,50.5,60,1.0
2025-09-20 13:00,50.26,50.0,50.5,60,1.0
2025-09-20 14:00,50.18,50.0,50.4,60,1.0
2025-09-20 15:00,50.09,49.9,50.4,60,1.0
2025-09-20 16:00,49.97,49.9,50.3,60,1.0
2025-09-20 17:00,49.96,49.9,50.2,60,1.0
2025-09-20 18:00,49.98,49.8,50.3,60,1.0
2025-09-20 19:00,50.12,49.8,50.3,60,1.0
2025-09-20 20:00,50.04,49.8,50.3,59,0.983
2025-09-20 21:00,49.89,49.7,50.2,53,0.883
2025-09-20 22:00,49.81,49.7,50.1,45,0.75
2025-09-20 23:00,49.77,49.7,50.0,58,0.967
2025-09-21 00:00,49.75,49.6,50.0,60,1.0
2025-09-21 01:00,49.72,49.6,50.0,60,1.0
2025-09-21 02:00,49.72,49.6,50.1,60,1.0
2025-09-21 03:00,49.72,49.6,50.1,60,1.0
2025-09-21 04:00,49.76,49.6,49.9,19,0.317
2025-09-21 08:00,49.73,49.6,50.0,16,0.267
2025-09-21 09:00,49.58,49.4,49.8,58,0.967
2025-09-21 10:00,49.54,49.3,49.9,60,1.0
2025-09-21 11:00,49.38,49.3,49.9,60,1.0
2025-09-21 12:00,49.36,49.2,49.7,60,1.0
2025-09-21 13:00,49.49,49.2,49.7,60,1.0
2025-09-21 14:00,49.46,49.2,49.7,59,0.983
2025-09-21 15:00,49.42,49.2,49.6,60,1.0
2025-09-21 16:00,49.36,49.1,49.6,57,0.95
2025-09-21 17:00,49.19,49.1,49.5,59,0.983
2025-09-21 18:00,49.14,49.0,49.6,60,1.0
2025-09-21 19:00,49.19,49.0,49.4,60,1.0
2025-09-21 20:00,49.29,49.1,49.5,60,1.0
2025-09-21 21:00,49.26,49.0,49.4,60,1.0
2025-09-21 22:00,49.18,48.9,49.5,60,1.0
2025-09-21 23:00,49.06,48.9,49.4,60,1.0
2025-09-22 00:00,49.01,48.9,49.3,60,1.0
2025-09-22 01:00,48.97,48.9,49.2,60,1.0
2025-09-22 02:00,48.94,48.9,49.1,60,1.0
2025-09-22 03:00,48.93,48.8,49.3,60,1.0
2025-09-22 04:00,49.0,48.8,49.3,59,0.983
2025-09-22 05:00,49.06,48.8,49.3,60,1.0
2025-09-22 06:00,49.06,48.8,49.3,60,1.0
2025-09-22 07:00,48.97,48.8,49.3,60,1.0
2025-09-22 08:00,48.95,48.8,49.2,60,1.0
2025-09-22 09:00,48.8,48.7,49.1,60,1.0
2025-09-22 10:00,48.83,48.6,49.2,60,1.0
2025-09-22 11:00,48.66,48.6,49.0,60,1.0
2025-09-22 12:00,48.66,48.5,48.9,60,1.0
2025-09-22 13:00,48.7,48.5,49.0,60,1.0
2025-09-22 14:00,48.73,48.5,48.9,60,1.0
2025-09-22 15:00,48.61,48.4,48.9,60,1.0
2025-09-22 16:00,48.52,48.4,49.0,60,1.0
2025-09-22 17:00,48.43,48.3,48.7,60,1.0
2025-09-22 18:00,48.39,48.3,48.6,60,1.0
2025-09-22 19:00,48.5,48.3,48.8,60,1.0
2025-09-22 20:00,48.51,48.2,48.8,60,1.0
2025-09-22 21:00,48.36,48.2,48.6,60,1.0
2025-09-22 22:00,48.31,48.2,48.5,60,1.0
2025-09-22 23:00,48.29,48.2,48.5,60,1.0
2025-09-23 00:00,48.26,48.2,48.4,60,1.0
2025-09-23 01:00,48.26,48.2,48.5,60,1.0
2025-09-23 02:00,48.24,48.1,48.5,60,1.0
2025-09-23 03:00,48.23,48.1,48.5,60,1.0
2025-09-23 04:00,48.21,48.1,48.5,60,1.0
2025-09-23 05:00,48.19,48.1,48.5,60,1.0
2025-09-23 06:00,48.15,48.1,48.5,60,1.0
2025-09-23 07:00,48.25,48.0,48.6,60,1.0
2025-09-23 08:00,48.22,48.0,48.5,60,1.0
2025-09-23 09:00,48.28,48.0,48.5,59,0.983
2025-09-23 10:00,48.42,48.1,48.8,50,0.833
2025-09-23 11:00,48.86,48.6,49.2,52,0.867
2025-09-23 12:00,48.87,48.8,49.1,27,0.45
2025-09-23 13:00,49.04,48.8,49.3,18,0.3
2025-09-23 14:00,49.13,48.9,49.5,34,0.567
2025-09-23 15:00,49.27,49.1,49.4,3,0.05
2025-09-23 16:00,50.07,49.7,50.4,23,0.383
2025-09-23 17:00,50.56,50.2,50.9,25,0.417
2025-09-23 18:00,51.19,50.8,51.6,13,0.217
2025-09-23 19:00,52.04,51.5,52.5,36,0.6
2025-09-23 20:00,52.57,52.2,52.9,56,0.933
2025-09-23 21:00,53.1,52.6,53.5,44,0.733
2025-09-23 22:00,53.52,53.0,54.0,50,0.833
2025-09-23 23:00,54.12,53.6,54.6,50,0.833
2025-09-24 00:00,54.74,54.3,55.1,40,0.667
2025-09-24 01:00,55.07,54.8,55.4,47,0.783
2025-09-24 02:00,55.63,55.0,56.2,51,0.85
2025-09-24 03:00,56.47,56.0,57.2,50,0.833
2025-09-24 04:00,57.59,56.8,58.2,56,0.933
2025-09-24 05:00,58.53,57.9,59.1,52,0.867
2025-09-24 06:00,59.42,58.8,60.1,56,0.933
2025-09-24 07:00,60.21,59.7,60.7,58,0.967
2025-09-24 08:00,60.62,60.2,61.1,52,0.867
2025-09-24 09:00,61.1,60.8,61.5,57,0.95
2025-09-24 10:00,61.24,61.0,61.6,60,1.0
2025-09-24 11:00,61.4,61.2,61.7,31,0.517
2025-09-24 12:00,61.67,61.4,62.0,47,0.783
2025-09-24 13:00,62.1,61.5,62.5,55,0.917
2025-09-24 14:00,62.43,62.1,62.8,60,1.0
2025-09-24 15:00,63.24,62.5,63.8,59,0.983
2025-09-24 16:00,64.17,63.6,64.7,60,1.0
2025-09-24 17:00,64.88,64.5,65.3,60,1.0
2025-09-24 18:00,65.22,64.9,65.7,59,0.983
2025-09-24 19:00,65.37,65.2,65.9,59,0.983
2025-09-24 20:00,65.58,65.2,66.0,60,1.0
2025-09-24 21:00,65.67,65.3,66.0,60,1.0
2025-09-24 22:00,65.74,65.3,66.0,60,1.0
2025-09-24 23:00,65.69,65.3,66.0,60,1.0
2025-09-25 00:00,65.6,65.2,65.9,60,1.0
2025-09-25 01:00,65.55,65.2,66.0,60,1.0
2025-09-25 02:00,65.34,65.1,65.8,60,1.0
2025-09-25 03:00,65.2,65.0,65.7,60,1.0
2025-09-25 04:00,65.15,64.9,65.5,60,1.0
2025-09-25 05:00,65.1,64.9,65.5,60,1.0
2025-09-25 06:00,65.02,64.8,65.5,60,1.0
2025-09-25 07:00,65.0,64.8,65.3,60,1.0
2025-09-25 08:00,65.12,64.8,65.5,41,0.683
2025-09-25 09:00,64.94,64.7,65.4,49,0.817
2025-09-25 10:00,64.83,64.6,65.3,60,1.0
2025-09-25 11:00,64.63,64.4,65.2,59,0.983
2025-09-25 12:00,64.6,64.4,65.1,59,0.983
2025-09-25 13:00,64.62,64.3,65.0,60,1.0
2025-09-25 14:00,64.5,64.3,64.9,60,1.0
2025-09-25 15:00,64.37,64.1,64.8,60,1.0
2025-09-25 16:00,64.24,64.1,64.7,60,1.0
2025-09-25 17:00,64.13,64.0,64.4,60,1.0
2025-09-25 18:00,64.17,63.9,64.5,60,1.0
2025-09-25 19:00,64.21,63.8,64.7,60,1.0
2025-09-25 20:00,63.98,63.8,64.4,59,0.983
2025-09-25 21:00,63.87,63.7,64.3,60,1.0
2025-09-25 22:00,63.86,63.7,64.2,60,1.0
2025-09-25 23:00,63.82,63.6,64.2,60,1.0
2025-09-26 00:00,63.78,63.5,64.2,60,1.0
2025-09-26 01:00,63.75,63.5,64.2,60,1.0
2025-09-26 02:00,63.68,63.4,64.1,59,0.983
2025-09-26 03:00,63.67,63.4,64.0,60,1.0
2025-09-26 04:00,63.5,63.3,64.0,60,1.0
2025-09-26 05:00,63.46,63.2,63.8,60,1.0
2025-09-26 06:00,63.5,63.1,63.8,60,1.0
2025-09-26 07:00,63.4,63.1,63.8,60,1.0
2025-09-26 08:00,63.26,63.0,63.7,60,1.0
2025-09-26 09:00,63.18,62.9,63.8,59,0.983
2025-09-26 10:00,63.08,62.8,63.5,60,1.0
2025-09-26 11:00,63.18,62.8,63.6,60,1.0
2025-09-26 12:00,63.01,62.6,63.4,60,1.0
2025-09-26 13:00,62.77,62.6,63.1,60,1.0
2025-09-26 14:00,62.66,62.5,63.1,60,1.0
2025-09-26 15:00,62.6,62.4,63.1,60,1.0
2025-09-26 16:00,62.56,62.4,63.0,60,1.0
2025-09-26 17:00,62.47,62.3,62.9,60,1.0
2025-09-26 18:00,62.56,62.3,62.9,60,1.0
2025-09-26 19:00,62.57,62.2,62.9,60,1.0
2025-09-26 20:00,62.36,62.2,62.7,60,1.0
2025-09-26 21:00,62.3,62.2,62.7,60,1.0
2025-09-26 22:00,62.32,62.1,62.7,60,1.0
2025-09-26 23:00,62.24,62.0,62.7,60,1.0
2025-09-27 00:00,62.24,62.0,62.6,60,1.0
2025-09-27 01:00,62.11,61.9,62.5,60,1.0
2025-09-27 02:00,62.11,61.9,62.6,60,1.0
2025-09-27 03:00,62.11,61.9,62.5,60,1.0
2025-09-27 04:00,62.01,61.7,62.5,60,1.0
2025-09-27 05:00,61.96,61.7,62.2,60,1.0
2025-09-27 06:00,61.91,61.7,62.4,60,1.0
2025-09-27 07:00,61.82,61.6,62.2,60,1.0
2025-09-27 08:00,61.79,61.6,62.2,60,1.0
2025-09-27 09:00,61.64,61.5,62.2,60,1.0
2025-09-27 10:00,61.78,61.4,62.1,60,1.0
2025-09-27 11:00,61.53,61.3,61.8,60,1.0
2025-09-27 12:00,61.43,61.2,61.8,60,1.0
2025-09-27 13:00,61.37,61.1,61.8,60,1.0
2025-09-27 14:00,61.26,61.1,61.7,59,0.983
2025-09-27 15:00,61.25,61.0,61.7,60,1.0
2025-09-27 16:00,61.31,60.9,61.7,60,1.0
2025-09-27 17:00,61.16,60.9,61.5,58,0.967
2025-09-27 18:00,60.98,60.8,61.3,59,0.983
2025-09-27 19:00,61.08,60.8,61.4,60,1.0
2025-09-27 20:00,61.12,60.8,61.4,60,1.0
2025-09-27 21:00,61.09,60.7,61.4,60,1.0
2025-09-27 22:00,60.97,60.7,61.3,56,0.933
2025-09-27 23:00,60.87,60.7,61.3,44,0.733
2025-09-28 00:00,60.8,60.6,61.1,59,0.983
2025-09-28 01:00,60.76,60.5,61.3,60,1.0
2025-09-28 02:00,60.69,60.5,61.0,60,1.0
2025-09-28 03:00,60.63,60.4,60.9,60,1.0
2025-09-28 04:00,60.57,60.4,61.0,60,1.0
2025-09-28 05:00,60.52,60.4,60.9,60,1.0
2025-09-28 06:00,60.49,60.3,60.8,60,1.0
2025-09-28 07:00,60.46,60.3,60.9,60,1.0
2025-09-28 08:00,60.46,60.2,60.9,60,1.0
2025-09-28 09:00,60.31,60.2,60.6,60,1.0
2025-09-28 10:00,60.41,60.0,60.7,60,1.0
2025-09-28 11:00,60.16,60.0,60.6,60,1.0
2025-09-28 12:00,60.04,59.9,60.3,60,1.0
2025-09-28 13:00,60.03,59.8,60.4,60,1.0
2025-09-28 14:00,60.16,59.8,60.4,60,1.0
2025-09-28 15:00,59.99,59.7,60.3,60,1.0
2025-09-28 16:00,59.87,59.7,60.3,60,1.0
2025-09-28 17:00,59.86,59.7,60.2,60,1.0
2025-09-28 18:00,59.66,59.5,60.0,60,1.0
2025-09-28 19:00,59.73,59.5,60.0,60,1.0
2025-09-28 20:00,59.66,59.4,60.1,60,1.0
2025-09-28 21:00,59.67,59.4,60.0,60,1.0
2025-09-28 22:00,59.7,59.4,60.0,58,0.967
2025-09-28 23:00,59.57,59.3,59.9,50,0.833
2025-09-29 00:00,59.51,59.2,59.9,60,1.0
2025-09-29 01:00,59.42,59.2,59.7,60,1.0
2025-09-29 02:00,59.4,59.2,59.8,60,1.0
2025-09-29 03:00,59.32,59.1,59.7,60,1.0
2025-09-29 04:00,59.24,59.1,59.6,60,1.0
2025-09-29 05:00,59.21,59.0,59.6,60,1.0
2025-09-29 06:00,59.15,59.0,59.4,59,0.983
2025-09-29 07:00,59.24,59.0,59.7,60,1.0
2025-09-29 08:00,59.16,58.9,59.6,57,0.95
2025-09-29 09:00,59.09,58.8,59.4,57,0.95
2025-09-29 10:00,58.91,58.7,59.3,59,0.983
2025-09-29 11:00,58.82,58.6,59.1,58,0.967
2025-09-29 12:00,58.91,58.5,59.2,58,0.967
2025-09-29 13:00,58.85,58.5,59.1,58,0.967
2025-09-29 14:00,58.83,58.5,59.0,60,1.0
2025-09-29 15:00,58.79,58.5,59.0,59,0.983
2025-09-29 16:00,58.57,58.4,58.9,60,1.0
2025-09-29 17:00,58.51,58.3,58.8,60,1.0
2025-09-29 18:00,58.43,58.3,58.8,60,1.0
2025-09-29 19:00,58.47,58.2,58.8,60,1.0
2025-09-29 20:00,58.55,58.2,58.8,60,1.0
2025-09-29 21:00,58.49,58.2,58.7,60,1.0
2025-09-29 22:00,58.42,58.1,58.7,60,1.0
2025-09-29 23:00,58.32,58.1,58.7,60,1.0
2025-09-30 00:00,58.26,58.1,58.7,60,1.0
2025-09-30 01:00,58.24,58.1,58.6,60,1.0
2025-09-30 02:00,58.24,58.0,58.6,57,0.95
2025-09-30 03:00,58.13,58.0,58.4,58,0.967
2025-09-30 04:00,58.21,57.9,58.5,44,0.733
2025-09-30 05:00,58.09,57.9,58.4,55,0.917
2025-09-30 06:00,58.01,57.9,58.4,60,1.0
2025-09-30 07:00,58.03,57.9,58.4,59,0.983
2025-09-30 08:00,58.0,57.8,58.4,60,1.0
2025-09-30 09:00,57.98,57.8,58.2,59,0.983
2025-09-30 10:00,57.8,57.6,58.2,58,0.967
2025-09-30 11:00,57.74,57.6,58.0,55,0.917
2025-09-30 12:00,57.83,57.5,58.0,59,0.983
2025-09-30 13:00,57.71,57.4,58.0,57,0.95
2025-09-30 14:00,57.49,57.3,57.8,52,0.867
2025-09-30 15:00,57.39,57.3,57.7,58,0.967
2025-09-30 16:00,57.36,57.3,57.7,59,0.983
2025-09-30 17:00,57.48,57.2,57.7,60,1.0
2025-09-30 18:00,57.46,57.2,57.9,60,1.0
2025-09-30 19:00,57.32,57.1,57.7,60,1.0
2025-09-30 20:00,57.31,57.1,57.7,60,1.0
2025-09-30 21:00,57.27,57.1,57.6,58,0.967
2025-09-30 22:00,57.33,57.1,57.7,60,1.0
2025-09-30 23:00,57.32,57.0,57.6,60,1.0
2025-10-01 00:00,57.36,57.1,57.6,60,1.0
2025-10-01 01:00,57.29,57.0,57.6,60,1.0
2025-10-01 02:00,57.29,57.0,57.6,60,1.0
2025-10-01 03:00,57.26,57.0,57.5,60,1.0
2025-10-01 04:00,57.27,56.9,57.6,60,1.0
2025-10-01 05:00,57.2,56.9,57.6,59,0.983
2025-10-01 06:00,57.16,56.9,57.5,60,1.0
2025-10-01 07:00,57.15,56.9,57.4,59,0.983
2025-10-01 08:00,57.0,56.8,57.4,54,0.9
2025-10-01 09:00,56.92,56.8,57.3,55,0.917
2025-10-01 10:00,57.05,56.6,57.3,34,0.567
2025-10-01 11:00,56.9,56.7,57.1,41,0.683
2025-10-01 12:00,56.93,56.6,57.2,51,0.85
2025-10-01 13:00,56.84,56.5,57.1,56,0.933
2025-10-01 14:00,56.64,56.5,57.1,58,0.967
2025-10-01 15:00,56.52,56.4,56.7,60,1.0
2025-10-01 16:00,56.5,56.4,56.8,59,0.983
2025-10-01 17:00,56.76,56.4,57.4,47,0.783
2025-10-01 18:00,57.32,57.0,57.8,45,0.75
2025-10-01 19:00,57.23,57.0,57.7,60,1.0
2025-10-01 20:00,57.27,57.0,57.6,60,1.0
2025-10-01 21:00,57.32,57.0,57.6,60,1.0
2025-10-01 22:00,57.26,57.1,57.6,60,1.0
2025-10-01 23:00,57.31,57.2,57.6,60,1.0
2025-10-02 00:00,57.39,57.2,57.8,60,1.0
2025-10-02 01:00,57.42,57.2,57.8,60,1.0
2025-10-02 02:00,57.5,57.2,57.9,60,1.0
2025-10-02 03:00,57.54,57.4,57.9,60,1.0
2025-10-02 04:00,57.62,57.4,58.0,60,1.0
2025-10-02 05:00,57.66,57.4,58.0,60,1.0
2025-10-02 06:00,57.62,57.4,58.0,60,1.0
2025-10-02 07:00,57.66,57.4,58.0,60,1.0
2025-10-02 08:00,57.72,57.4,58.0,60,1.0
2025-10-02 09:00,57.71,57.5,58.0,60,1.0
2025-10-02 10:00,57.57,57.4,57.9,60,1.0
2025-10-02 11:00,57.53,57.4,57.9,60,1.0
2025-10-02 12:00,57.58,57.3,58.1,60,1.0
2025-10-02 13:00,57.54,57.3,57.9,60,1.0
2025-10-02 14:00,57.57,57.3,57.9,60,1.0
2025-10-02 15:00,57.56,57.3,57.9,57,0.95
2025-10-02 16:00,57.46,57.3,57.8,49,0.817
2025-10-02 17:00,57.47,57.3,57.8,53,0.883
2025-10-02 18:00,57.45,57.3,57.8,60,1.0
2025-10-02 19:00,57.5,57.3,57.9,59,0.983
2025-10-02 20:00,57.45,57.2,57.8,60,1.0
2025-10-02 21:00,57.43,57.2,57.7,47,0.783
2025-10-02 22:00,57.43,57.2,57.8,59,0.983
2025-10-02 23:00,57.42,57.2,57.7,50,0.833
2025-10-03 00:00,57.39,57.1,57.7,51,0.85
2025-10-03 01:00,57.38,57.2,57.6,60,1.0
2025-10-03 02:00,57.32,57.1,57.6,55,0.917
2025-10-03 03:00,57.36,57.1,57.6,44,0.733
2025-10-03 04:00,57.37,57.1,57.6,55,0.917
2025-10-03 05:00,57.31,57.1,57.7,60,1.0
2025-10-03 06:00,57.31,57.0,57.8,60,1.0
2025-10-03 07:00,57.34,57.0,57.6,60,1.0
2025-10-03 08:00,57.24,57.0,57.6,59,0.983
2025-10-03 09:00,57.14,57.0,57.6,60,1.0
2025-10-03 10:00,57.12,56.9,57.4,59,0.983
2025-10-03 11:00,57.06,56.9,57.4,59,0.983
2025-10-03 12:00,56.98,56.8,57.3,59,0.983
2025-10-03 13:00,57.03,56.8,57.3,60,1.0
2025-10-03 14:00,57.08,56.8,57.4,60,1.0
2025-10-03 15:00,56.99,56.7,57.3,60,1.0
2025-10-03 16:00,56.97,56.7,57.3,60,1.0
2025-10-03 17:00,56.9,56.7,57.3,60,1.0
2025-10-03 18:00,57.03,56.7,57.4,58,0.967
2025-10-03 19:00,56.99,56.7,57.3,60,1.0
2025-10-03 20:00,56.8,56.7,57.2,60,1.0
2025-10-03 21:00,56.82,56.6,57.3,60,1.0
2025-10-03 22:00,56.8,56.7,57.2,60,1.0
2025-10-03 23:00,56.92,56.7,57.2,60,1.0
2025-10-04 00:00,57.02,56.6,57.4,60,1.0
2025-10-04 01:00,56.99,56.7,57.2,60,1.0
2025-10-04 02:00,56.93,56.6,57.3,60,1.0
2025-10-04 03:00,56.86,56.6,57.2,60,1.0
2025-10-04 04:00,56.8,56.6,57.1,59,0.983
2025-10-04 05:00,56.85,56.6,57.1,59,0.983
2025-10-04 06:00,56.89,56.5,57.2,60,1.0
2025-10-04 07:00,56.82,56.5,57.1,60,1.0
2025-10-04 08:00,56.72,56.5,57.1,60,1.0
2025-10-04 09:00,56.59,56.4,56.9,57,0.95
2025-10-04 10:00,56.7,56.4,56.9,60,1.0
2025-10-04 11:00,56.54,56.3,56.9,60,1.0
2025-10-04 12:00,56.41,56.2,56.7,59,0.983
2025-10-04 13:00,56.38,56.2,56.7,60,1.0
2025-10-04 14:00,56.3,56.2,56.7,60,1.0
2025-10-04 15:00,56.33,56.1,56.6,60,1.0
2025-10-04 16:00,56.26,56.1,56.6,60,1.0
2025-10-04 17:00,56.27,56.1,56.6,60,1.0
2025-10-04 18:00,56.31,56.1,56.8,59,0.983
2025-10-04 19:00,56.3,56.1,56.6,59,0.983
2025-10-04 20:00,56.35,56.1,56.7,60,1.0
2025-10-04 21:00,56.31,56.0,56.6,60,1.0
2025-10-04 22:00,56.25,56.0,56.6,60,1.0
2025-10-04 23:00,56.32,56.0,56.8,60,1.0
2025-10-05 00:00,56.23,56.0,56.5,60,1.0
2025-10-05 01:00,56.24,56.0,56.6,60,1.0
2025-10-05 02:00,56.26,56.0,56.6,59,0.983
2025-10-05 03:00,56.22,56.0,56.7,60,1.0
2025-10-05 04:00,56.2,56.0,56.6,60,1.0
2025-10-05 05:00,56.24,56.0,56.6,60,1.0
2025-10-05 06:00,56.19,55.9,56.6,60,1.0
2025-10-05 07:00,56.27,55.9,56.8,59,0.983
2025-10-05 08:00,56.86,56.4,57.2,60,1.0
2025-10-05 09:00,56.9,56.6,57.3,60,1.0
2025-10-05 10:00,56.96,56.7,57.3,56,0.933
2025-10-05 11:00,56.99,56.7,57.5,52,0.867
2025-10-05 12:00,56.99,56.8,57.6,55,0.917
2025-10-05 13:00,57.21,56.9,57.6,59,0.983
2025-10-05 14:00,57.44,57.2,57.7,60,1.0
2025-10-05 15:00,57.7,57.4,58.1,56,0.933
2025-10-05 16:00,58.08,57.7,58.3,60,1.0
2025-10-05 17:00,58.33,58.0,58.7,60,1.0
2025-10-05 18:00,58.56,58.2,58.9,60,1.0
2025-10-05 19:00,58.7,58.4,59.0,57,0.95
2025-10-05 20:00,58.87,58.6,59.4,59,0.983
2025-10-05 21:00,59.11,58.8,59.6,60,1.0
2025-10-05 22:00,59.26,59.0,59.7,59,0.983
2025-10-05 23:00,59.41,59.1,59.8,50,0.833
2025-10-06 00:00,59.54,59.2,59.9,50,0.833
2025-10-06 01:00,59.54,59.3,60.0,60,1.0
2025-10-06 02:00,59.68,59.3,60.0,58,0.967
2025-10-06 03:00,59.64,59.4,60.0,52,0.867
2025-10-06 04:00,59.63,59.4,60.0,51,0.85
2025-10-06 05:00,59.72,59.5,60.0,59,0.983
2025-10-06 06:00,59.75,59.5,60.1,60,1.0
2025-10-06 07:00,59.75,59.5,60.1,60,1.0
2025-10-06 08:00,59.69,59.4,60.0,60,1.0
2025-10-06 09:00,59.48,59.3,59.8,60,1.0
2025-10-06 10:00,59.59,59.3,59.9,59,0.983
2025-10-06 11:00,59.56,59.2,59.9,60,1.0
2025-10-06 12:00,59.43,59.2,59.8,60,1.0
2025-10-06 13:00,59.32,59.1,59.7,60,1.0
2025-10-06 14:00,59.32,59.1,59.6,60,1.0
2025-10-06 15:00,59.31,59.1,59.7,60,1.0
2025-10-06 16:00,59.24,59.1,59.6,60,1.0
2025-10-06 17:00,59.21,59.0,59.5,60,1.0
2025-10-06 18:00,59.18,59.0,59.5,60,1.0
2025-10-06 19:00,59.17,59.0,59.6,60,1.0
2025-10-06 20:00,59.3,59.0,59.6,60,1.0
2025-10-06 21:00,59.31,59.0,59.6,60,1.0
2025-10-06 22:00,59.24,59.0,59.7,60,1.0
2025-10-06 23:00,59.29,58.9,59.7,60,1.0
2025-10-07 00:00,59.13,59.0,59.5,60,1.0
2025-10-07 01:00,59.05,58.9,59.4,60,1.0
2025-10-07 02:00,59.12,58.8,59.4,59,0.983
2025-10-07 03:00,59.07,58.8,59.5,59,0.983
2025-10-07 04:00,59.0,58.8,59.4,60,1.0
2025-10-07 05:00,58.96,58.7,59.2,59,0.983
2025-10-07 06:00,58.94,58.7,59.3,60,1.0
2025-10-07 07:00,58.9,58.7,59.3,60,1.0
2025-10-07 08:00,58.92,58.6,59.2,59,0.983
2025-10-07 09:00,58.69,58.5,59.1,60,1.0
2025-10-07 10:00,58.68,58.5,59.1,58,0.967
2025-10-07 11:00,58.76,58.4,59.1,51,0.85
2025-10-07 12:00,58.72,58.4,59.0,48,0.8
2025-10-07 13:00,58.64,58.4,59.0,58,0.967
2025-10-07 14:00,58.56,58.3,58.8,60,1.0
2025-10-07 15:00,58.51,58.3,58.8,60,1.0
2025-10-07 16:00,58.52,58.2,59.0,60,1.0
2025-10-07 17:00,58.48,58.2,58.8,59,0.983
2025-10-07 18:00,58.35,58.2,58.7,58,0.967
2025-10-07 19:00,58.36,58.2,58.7,58,0.967
2025-10-07 20:00,58.42,58.2,58.8,60,1.0
2025-10-07 21:00,58.36,58.1,58.7,60,1.0
2025-10-07 22:00,58.35,58.1,58.6,58,0.967
2025-10-07 23:00,58.3,58.0,58.6,59,0.983
2025-10-08 00:00,58.23,58.0,58.7,60,1.0
2025-10-08 01:00,58.15,58.0,58.5,47,0.783
2025-10-08 02:00,58.16,57.9,58.5,54,0.9
2025-10-08 03:00,58.12,58.0,58.5,55,0.917
2025-10-08 04:00,58.12,57.9,58.6,52,0.867
2025-10-08 05:00,58.13,57.9,58.5,48,0.8
2025-10-08 06:00,58.15,57.9,58.4,60,1.0
2025-10-08 07:00,58.16,57.9,58.5,60,1.0
2025-10-08 08:00,58.15,57.9,58.4,59,0.983
2025-10-08 09:00,58.1,57.8,58.4,60,1.0
2025-10-08 10:00,57.86,57.7,58.2,60,1.0
2025-10-08 11:00,57.89,57.7,58.2,60,1.0
2025-10-08 12:00,58.01,57.7,58.5,60,1.0
2025-10-08 13:00,57.99,57.7,58.3,60,1.0
2025-10-08 14:00,57.84,57.6,58.2,60,1.0
2025-10-08 15:00,57.85,57.6,58.2,59,0.983
2025-10-08 16:00,57.74,57.5,58.1,60,1.0
2025-10-08 17:00,57.67,57.5,58.0,60,1.0
2025-10-08 18:00,57.67,57.5,58.0,60,1.0
2025-10-08 19:00,57.66,57.5,58.0,60,1.0
2025-10-08 20:00,57.59,57.5,58.0,60,1.0
2025-10-08 21:00,57.6,57.4,58.0,60,1.0
2025-10-08 22:00,57.6,57.4,57.8,60,1.0
2025-10-08 23:00,57.59,57.4,58.1,60,1.0
2025-10-09 00:00,57.55,57.4,57.9,60,1.0
2025-10-09 01:00,57.55,57.4,57.9,60,1.0
2025-10-09 02:00,57.62,57.4,57.9,60,1.0
2025-10-09 03:00,57.57,57.3,57.9,60,1.0
2025-10-09 04:00,57.53,57.4,57.8,59,0.983
2025-10-09 05:00,57.59,57.3,57.8,59,0.983
2025-10-09 06:00,57.57,57.3,57.9,60,1.0
2025-10-09 07:00,57.52,57.3,57.9,60,1.0
2025-10-09 08:00,57.58,57.3,58.0,60,1.0
2025-10-09 09:00,57.54,57.3,57.9,60,1.0
2025-10-09 10:00,57.36,57.2,57.7,60,1.0
2025-10-09 11:00,57.46,57.2,57.8,60,1.0
2025-10-09 12:00,57.53,57.2,57.8,60,1.0
2025-10-09 13:00,57.62,57.3,57.8,60,1.0
2025-10-09 14:00,57.56,57.2,57.8,60,1.0
2025-10-09 15:00,57.53,57.2,57.8,60,1.0
2025-10-09 16:00,57.49,57.2,57.7,57,0.95
2025-10-09 17:00,57.42,57.1,57.8,60,1.0
2025-10-09 18:00,57.39,57.1,57.7,60,1.0
2025-10-09 19:00,57.29,57.1,57.7,60,1.0
2025-10-09 20:00,57.26,57.1,57.7,59,0.983
2025-10-09 21:00,57.21,57.1,57.5,59,0.983
2025-10-09 22:00,57.27,57.1,57.7,60,1.0
2025-10-09 23:00,57.27,57.1,57.6,60,1.0
2025-10-10 00:00,57.27,57.1,57.6,60,1.0
2025-10-10 01:00,57.26,57.0,57.6,59,0.983
2025-10-10 02:00,57.23,57.0,57.5,60,1.0
2025-10-10 03:00,57.25,57.0,57.6,60,1.0
2025-10-10 04:00,57.25,57.0,57.6,60,1.0
2025-10-10 05:00,57.28,57.0,57.6,60,1.0
2025-10-10 06:00,57.25,57.0,57.6,60,1.0
2025-10-10 07:00,57.18,57.0,57.5,60,1.0
2025-10-10 08:00,57.29,57.0,57.6,60,1.0
2025-10-10 09:00,57.14,56.9,57.5,60,1.0
2025-10-10 10:00,57.04,56.9,57.4,60,1.0
2025-10-10 11:00,56.96,56.8,57.1,60,1.0
2025-10-10 12:00,56.95,56.8,57.3,60,1.0
2025-10-10 13:00,57.01,56.8,57.3,59,0.983
2025-10-10 14:00,57.04,56.7,57.4,60,1.0
2025-10-10 15:00,56.85,56.7,57.2,60,1.0
2025-10-10 16:00,56.87,56.7,57.2,60,1.0
2025-10-10 17:00,56.97,56.7,57.3,60,1.0
2025-10-10 18:00,56.91,56.6,57.2,60,1.0
2025-10-10 19:00,56.9,56.6,57.2,58,0.967
2025-10-10 20:00,56.74,56.6,57.1,50,0.833
2025-10-10 21:00,56.74,56.6,57.2,60,1.0
2025-10-10 22:00,56.76,56.6,57.2,55,0.917
2025-10-10 23:00,56.76,56.5,57.2,51,0.85
2025-10-11 00:00,56.77,56.5,57.2,59,0.983
2025-10-11 01:00,56.75,56.5,57.2,55,0.917
2025-10-11 02:00,56.72,56.5,57.0,49,0.817
2025-10-11 03:00,56.71,56.5,57.0,48,0.8
2025-10-11 04:00,56.71,56.5,57.1,57,0.95
2025-10-11 05:00,56.72,56.5,57.0,53,0.883
2025-10-11 06:00,56.69,56.5,56.9,59,0.983
2025-10-11 07:00,56.66,56.4,56.9,55,0.917
2025-10-11 08:00,56.61,56.5,57.0,53,0.883
2025-10-11 09:00,56.53,56.4,56.8,59,0.983
2025-10-11 10:00,56.58,56.3,56.9,57,0.95
2025-10-11 11:00,56.57,56.3,56.7,44,0.733
2025-10-11 12:00,56.42,56.2,56.8,53,0.883
2025-10-11 13:00,56.31,56.1,56.6,60,1.0
2025-10-11 14:00,56.21,56.1,56.5,60,1.0
2025-10-11 15:00,56.19,56.1,56.5,60,1.0
2025-10-11 16:00,56.23,56.1,56.5,59,0.983
2025-10-11 17:00,56.27,56.0,56.6,59,0.983
2025-10-11 18:00,56.35,56.0,56.6,60,1.0
2025-10-11 19:00,56.24,56.0,56.6,59,0.983
2025-10-11 20:00,56.24,56.0,56.6,60,1.0
2025-10-11 21:00,56.21,55.9,56.5,60,1.0
2025-10-11 22:00,56.12,55.9,56.5,60,1.0
2025-10-11 23:00,55.97,55.9,56.2,60,1.0
2025-10-12 00:00,55.95,55.8,56.4,60,1.0
2025-10-12 01:00,56.01,55.8,56.5,60,1.0
2025-10-12 02:00,56.07,55.7,56.3,60,1.0
2025-10-12 03:00,56.04,55.8,56.4,60,1.0
2025-10-12 04:00,56.03,55.8,56.4,60,1.0
2025-10-12 05:00,55.87,55.7,56.2,59,0.983
2025-10-12 06:00,55.87,55.7,56.3,59,0.983
2025-10-12 07:00,55.91,55.7,56.3,57,0.95
2025-10-12 08:00,55.95,55.8,56.3,58,0.967
2025-10-12 09:00,55.96,55.7,56.3,59,0.983
2025-10-12 10:00,55.75,55.6,56.1,60,1.0
2025-10-12 11:00,55.69,55.6,56.0,60,1.0
2025-10-12 12:00,55.71,55.6,56.0,60,1.0
2025-10-12 13:00,55.68,55.5,56.0,60,1.0
2025-10-12 14:00,55.57,55.5,55.7,60,1.0
2025-10-12 15:00,55.66,55.5,56.0,60,1.0
2025-10-12 16:00,55.77,55.5,56.1,60,1.0
2025-10-12 17:00,55.68,55.4,56.0,60,1.0
2025-10-12 18:00,55.48,55.4,55.8,60,1.0
2025-10-12 19:00,55.53,55.3,55.9,60,1.0
2025-10-12 20:00,55.62,55.4,56.0,60,1.0
2025-10-12 21:00,55.6,55.3,55.8,60,1.0
2025-10-12 22:00,55.59,55.3,55.9,60,1.0
2025-10-12 23:00,55.49,55.3,55.8,60,1.0
2025-10-13 00:00,55.46,55.3,55.8,59,0.983
2025-10-13 01:00,55.4,55.3,55.9,60,1.0
2025-10-13 02:00,55.39,55.3,55.7,60,1.0
2025-10-13 03:00,55.42,55.2,55.7,59,0.983
2025-10-13 04:00,55.4,55.2,55.7,60,1.0
2025-10-13 05:00,55.34,55.2,55.7,60,1.0
2025-10-13 06:00,55.36,55.2,55.7,59,0.983
2025-10-13 07:00,55.36,55.2,55.7,60,1.0
2025-10-13 08:00,55.41,55.2,55.8,59,0.983
2025-10-13 09:00,55.46,55.2,55.8,60,1.0
2025-10-13 10:00,55.44,55.2,55.7,60,1.0
2025-10-13 11:00,55.27,55.1,55.7,60,1.0
2025-10-13 12:00,55.26,55.1,55.5,60,1.0
2025-10-13 13:00,55.15,55.0,55.6,60,1.0
2025-10-13 14:00,55.09,55.0,55.3,60,1.0
2025-10-13 15:00,55.09,55.0,55.4,60,1.0
2025-10-13 16:00,55.09,55.0,55.3,60,1.0
2025-10-13 17:00,55.14,54.9,55.5,59,0.983
2025-10-13 18:00,55.25,54.9,55.6,59,0.983
2025-10-13 19:00,55.18,54.9,55.5,59,0.983
2025-10-13 20:00,55.13,54.9,55.4,59,0.983
2025-10-13 21:00,55.06,54.9,55.4,60,1.0
2025-10-13 22:00,55.15,54.8,55.5,60,1.0
2025-10-13 23:00,55.14,54.9,55.6,60,1.0
2025-10-14 00:00,55.05,54.9,55.4,60,1.0
2025-10-14 01:00,55.03,54.9,55.3,60,1.0
2025-10-14 02:00,55.02,54.8,55.3,60,1.0
2025-10-14 03:00,54.95,54.8,55.3,60,1.0
2025-10-14 04:00,54.96,54.8,55.3,60,1.0
2025-10-14 05:00,54.93,54.8,55.2,60,1.0
2025-10-14 06:00,54.91,54.7,55.4,60,1.0
2025-10-14 07:00,54.9,54.7,55.2,60,1.0
2025-10-14 08:00,55.06,54.7,55.5,60,1.0
2025-10-14 09:00,55.09,54.8,55.4,60,1.0
2025-10-14 10:00,54.87,54.7,55.1,60,1.0
2025-10-14 11:00,54.79,54.7,55.1,60,1.0
2025-10-14 12:00,54.79,54.6,55.1,60,1.0
2025-10-14 13:00,54.74,54.6,55.1,60,1.0
2025-10-14 14:00,54.72,54.6,55.0,60,1.0
2025-10-14 15:00,54.68,54.6,55.2,60,1.0
2025-10-14 16:00,54.67,54.5,55.0,59,0.983
2025-10-14 17:00,54.65,54.5,55.0,60,1.0
2025-10-14 18:00,54.74,54.5,55.0,55,0.917
2025-10-14 19:00,54.8,54.6,55.0,52,0.867
2025-10-14 20:00,54.67,54.5,55.0,48,0.8
2025-10-14 21:00,54.73,54.5,55.0,59,0.983
2025-10-14 22:00,54.73,54.5,55.1,60,1.0
2025-10-14 23:00,54.68,54.5,55.0,60,1.0
2025-10-15 00:00,54.79,54.5,55.0,60,1.0
2025-10-15 01:00,54.75,54.5,54.9,60,1.0
2025-10-15 02:00,54.62,54.4,55.0,60,1.0
2025-10-15 03:00,54.7,54.5,54.9,60,1.0
2025-10-15 04:00,54.62,54.4,55.0,60,1.0
2025-10-15 05:00,54.57,54.4,54.9,60,1.0
2025-10-15 06:00,54.58,54.4,54.9,60,1.0
2025-10-15 07:00,54.58,54.4,54.9,60,1.0
2025-10-15 08:00,54.58,54.3,55.0,60,1.0
2025-10-15 09:00,54.45,54.3,54.9,60,1.0
2025-10-15 10:00,54.42,54.3,54.8,60,1.0
2025-10-15 11:00,54.58,54.3,54.9,60,1.0
2025-10-15 12:00,54.53,54.3,54.9,60,1.0
2025-10-15 13:00,54.5,54.3,54.8,60,1.0
2025-10-15 14:00,54.49,54.3,54.8,60,1.0
2025-10-15 15:00,54.42,54.3,54.7,60,1.0
2025-10-15 16:00,54.4,54.3,54.8,60,1.0
2025-10-15 17:00,54.54,54.3,54.9,60,1.0
2025-10-15 18:00,54.77,54.5,55.1,60,1.0
2025-10-15 19:00,54.8,54.5,55.0,60,1.0
2025-10-15 20:00,54.8,54.5,55.1,60,1.0
2025-10-15 21:00,54.79,54.5,55.1,60,1.0
2025-10-15 22:00,54.74,54.5,55.0,60,1.0
2025-10-15 23:00,54.72,54.5,55.2,60,1.0
2025-10-16 00:00,54.73,54.4,55.1,60,1.0
2025-10-16 01:00,54.72,54.5,55.0,60,1.0
2025-10-16 02:00,54.74,54.5,55.1,60,1.0
2025-10-16 03:00,54.69,54.5,55.1,60,1.0
2025-10-16 04:00,54.79,54.6,55.1,60,1.0
2025-10-16 05:00,54.81,54.6,55.2,60,1.0
2025-10-16 06:00,54.85,54.6,55.2,60,1.0
2025-10-16 07:00,55.06,54.8,55.5,60,1.0
2025-10-16 08:00,55.1,54.8,55.5,60,1.0
2025-10-16 09:00,55.13,54.8,55.4,60,1.0
2025-10-16 10:00,54.95,54.8,55.4,60,1.0
2025-10-16 11:00,54.95,54.8,55.3,60,1.0
2025-10-16 12:00,54.97,54.8,55.2,60,1.0
2025-10-16 13:00,55.24,54.9,55.7,60,1.0
2025-10-16 14:00,55.42,55.2,55.9,60,1.0
2025-10-16 15:00,55.47,55.2,55.9,60,1.0
2025-10-16 16:00,55.67,55.3,55.9,60,1.0
2025-10-16 17:00,55.76,55.4,56.1,60,1.0
2025-10-16 18:00,55.93,55.5,56.2,60,1.0
2025-10-16 19:00,56.0,55.7,56.2,60,1.0
2025-10-16 20:00,56.15,55.9,56.4,60,1.0
2025-10-16 21:00,56.38,56.1,56.7,60,1.0
2025-10-16 22:00,56.64,56.3,57.0,60,1.0
2025-10-16 23:00,56.97,56.4,57.4,60,1.0
2025-10-17 00:00,57.3,56.8,57.6,60,1.0
2025-10-17 01:00,57.43,57.1,57.8,60,1.0
2025-10-17 02:00,57.59,57.2,58.0,60,1.0
2025-10-17 03:00,57.98,57.5,58.4,60,1.0
2025-10-17 04:00,58.29,58.0,58.8,60,1.0
2025-10-17 05:00,58.68,58.4,59.1,60,1.0
2025-10-17 06:00,59.12,58.7,59.8,60,1.0
2025-10-17 07:00,59.76,59.2,60.3,60,1.0
2025-10-17 08:00,60.19,59.8,60.7,60,1.0
2025-10-17 09:00,60.78,60.5,61.1,60,1.0
2025-10-17 10:00,61.05,60.7,61.4,60,1.0
2025-10-17 11:00,61.16,60.9,61.5,60,1.0
2025-10-17 12:00,61.48,61.1,61.9,60,1.0
2025-10-17 13:00,61.79,61.5,62.2,60,1.0
2025-10-17 14:00,61.67,61.5,62.0,59,0.983
2025-10-17 15:00,61.9,61.6,62.3,60,1.0
2025-10-17 16:00,62.12,61.7,62.5,60,1.0
2025-10-17 17:00,62.16,61.8,62.4,60,1.0
2025-10-17 18:00,62.09,61.8,62.4,60,1.0
2025-10-17 19:00,62.08,61.8,62.6,60,1.0
2025-10-17 20:00,62.08,61.9,62.7,60,1.0
2025-10-17 21:00,62.11,61.9,62.5,60,1.0
2025-10-17 22:00,62.14,62.0,62.5,45,0.75
2025-10-17 23:00,62.18,62.0,62.4,46,0.767
2025-10-18 00:00,62.38,62.0,62.8,42,0.7
2025-10-18 01:00,62.41,62.2,62.7,39,0.65
2025-10-18 02:00,62.47,62.3,62.9,59,0.983
2025-10-18 03:00,62.54,62.3,63.0,60,1.0
2025-10-18 04:00,62.65,62.4,62.9,60,1.0
2025-10-18 05:00,62.84,62.5,63.2,60,1.0
2025-10-18 06:00,62.88,62.5,63.2,60,1.0
2025-10-18 07:00,62.73,62.5,63.2,60,1.0
2025-10-18 08:00,62.83,62.6,63.3,60,1.0
2025-10-18 09:00,62.76,62.6,63.1,60,1.0
2025-10-18 10:00,62.99,62.7,63.2,60,1.0
2025-10-18 11:00,63.0,62.6,63.3,60,1.0
2025-10-18 12:00,62.94,62.6,63.2,60,1.0
2025-10-18 13:00,62.88,62.5,63.3,60,1.0
2025-10-18 14:00,62.69,62.5,63.2,59,0.983
2025-10-18 15:00,62.69,62.4,63.1,59,0.983
2025-10-18 16:00,62.69,62.5,63.1,59,0.983
2025-10-18 17:00,62.66,62.5,63.0,60,1.0
2025-10-18 18:00,62.68,62.4,63.1,59,0.983
2025-10-18 19:00,62.78,62.4,63.1,60,1.0
2025-10-18 20:00,62.77,62.4,63.0,59,0.983
2025-10-18 21:00,62.78,62.4,63.0,60,1.0
2025-10-18 22:00,62.74,62.3,63.1,60,1.0
2025-10-18 23:00,62.72,62.3,63.1,60,1.0
2025-10-19 00:00,62.68,62.3,63.0,60,1.0
2025-10-19 01:00,62.62,62.3,62.9,59,0.983
2025-10-19 02:00,62.61,62.3,63.0,60,1.0
2025-10-19 03:00,62.56,62.3,62.9,60,1.0
2025-10-19 04:00,62.56,62.2,62.9,60,1.0
2025-10-19 05:00,62.53,62.1,62.8,60,1.0
2025-10-19 06:00,62.42,62.1,62.8,60,1.0
2025-10-19 07:00,62.41,62.1,62.9,60,1.0
2025-10-19 08:00,62.32,62.1,62.7,60,1.0
2025-10-19 09:00,62.21,62.0,62.6,60,1.0
2025-10-19 10:00,62.11,61.9,62.4,60,1.0
2025-10-19 11:00,62.07,61.9,62.5,60,1.0
2025-10-19 12:00,62.06,61.8,62.4,60,1.0
2025-10-19 13:00,62.19,61.8,62.6,60,1.0
2025-10-19 14:00,62.11,61.8,62.4,60,1.0
2025-10-19 15:00,62.02,61.7,62.3,60,1.0
2025-10-19 16:00,62.05,61.7,62.4,60,1.0
2025-10-19 17:00,61.98,61.7,62.3,60,1.0
2025-10-19 18:00,61.96,61.6,62.4,60,1.0
2025-10-19 19:00,61.94,61.6,62.1,54,0.9
2025-10-19 20:00,61.93,61.6,62.2,48,0.8
2025-10-19 21:00,61.87,61.6,62.2,60,1.0
2025-10-19 22:00,61.82,61.5,62.2,60,1.0
2025-10-19 23:00,61.79,61.5,62.2,60,1.0
2025-10-20 00:00,61.72,61.5,62.1,60,1.0
2025-10-20 01:00,61.65,61.4,62.0,60,1.0
2025-10-20 02:00,61.62,61.4,61.9,59,0.983
2025-10-20 03:00,61.67,61.3,61.9,60,1.0
2025-10-20 04:00,61.58,61.3,61.9,60,1.0
2025-10-20 05:00,61.54,61.3,61.9,60,1.0
2025-10-20 06:00,61.46,61.3,61.7,59,0.983
2025-10-20 07:00,61.42,61.2,61.7,60,1.0
2025-10-20 08:00,61.56,61.3,61.9,60,1.0
2025-10-20 09:00,61.45,61.2,61.7,60,1.0
2025-10-20 10:00,61.32,61.1,61.8,60,1.0
2025-10-20 11:00,61.22,61.1,61.6,60,1.0
2025-10-20 12:00,61.32,61.0,61.7,59,0.983
2025-10-20 13:00,61.24,61.0,61.6,58,0.967
2025-10-20 14:00,61.31,61.0,61.6,59,0.983
2025-10-20 15:00,61.37,61.1,61.6,59,0.983
2025-10-20 16:00,61.19,60.9,61.5,58,0.967
2025-10-20 17:00,61.07,60.8,61.5,59,0.983
2025-10-20 18:00,61.01,60.8,61.3,60,1.0
2025-10-20 19:00,61.06,60.8,61.5,59,0.983
2025-10-20 20:00,61.09,60.8,61.4,60,1.0
2025-10-20 21:00,61.09,60.8,61.5,60,1.0
2025-10-20 22:00,61.1,60.8,61.3,60,1.0
2025-10-20 23:00,61.1,60.8,61.4,59,0.983
2025-10-21 00:00,61.04,60.7,61.4,60,1.0
2025-10-21 01:00,61.03,60.7,61.3,60,1.0
2025-10-21 02:00,60.93,60.7,61.3,60,1.0
2025-10-21 03:00,60.97,60.7,61.2,59,0.983
2025-10-21 04:00,60.97,60.7,61.2,60,1.0
2025-10-21 05:00,60.84,60.6,61.1,60,1.0
2025-10-21 06:00,60.82,60.6,61.2,60,1.0
2025-10-21 07:00,60.83,60.6,61.1,60,1.0
2025-10-21 08:00,60.93,60.6,61.2,60,1.0
2025-10-21 09:00,60.8,60.5,61.2,60,1.0
2025-10-21 10:00,60.89,60.5,61.3,60,1.0
2025-10-21 11:00,61.41,60.9,62.0,60,1.0
2025-10-21 12:00,62.16,61.4,64.6,60,1.0
2025-10-21 13:00,71.74,65.0,78.3,59,0.983
2025-10-21 14:00,79.59,78.0,80.4,60,1.0
2025-10-21 15:00,79.75,79.3,80.3,60,1.0
2025-10-21 16:00,79.75,79.2,80.4,60,1.0
2025-10-21 17:00,79.54,79.1,80.0,60,1.0
2025-10-21 18:00,78.94,78.5,79.3,60,1.0
2025-10-21 19:00,78.35,77.9,79.1,60,1.0
2025-10-21 20:00,77.81,77.3,78.5,60,1.0
2025-10-21 21:00,77.2,76.7,77.8,60,1.0
2025-10-21 22:00,76.82,76.3,77.4,60,1.0
2025-10-21 23:00,76.4,75.7,76.9,60,1.0
2025-10-22 00:00,76.0,75.5,76.5,60,1.0
2025-10-22 01:00,75.52,75.0,76.0,60,1.0
2025-10-22 02:00,75.08,74.5,75.5,60,1.0
2025-10-22 03:00,74.5,74.1,75.0,58,0.967
2025-10-22 04:00,74.21,73.8,74.6,60,1.0
2025-10-22 05:00,73.99,73.5,74.4,60,1.0
2025-10-22 06:00,73.86,73.4,74.3,39,0.65
2025-10-24 10:00,75.63,75.4,76.0,32,0.533
2025-10-24 11:00,75.31,75.0,75.6,60,1.0
2025-10-24 12:00,75.01,74.7,75.3,60,1.0
2025-10-24 13:00,74.89,74.4,75.3,60,1.0
2025-10-24 14:00,74.67,74.1,75.0,60,1.0
2025-10-24 15:00,74.39,74.1,74.8,60,1.0
2025-10-24 16:00,73.93,73.5,74.4,60,1.0
2025-10-24 17:00,73.78,73.2,74.2,58,0.967
2025-10-24 18:00,73.41,73.0,73.9,60,1.0
2025-10-24 19:00,73.14,72.8,73.7,60,1.0
2025-10-24 20:00,72.89,72.6,73.4,60,1.0
2025-10-24 21:00,72.66,72.4,73.1,60,1.0
2025-10-24 22:00,72.41,72.2,72.9,60,1.0
2025-10-24 23:00,72.27,72.0,72.9,60,1.0
2025-10-25 00:00,72.17,71.8,72.6,59,0.983
2025-10-25 01:00,72.07,71.6,72.6,60,1.0
2025-10-25 02:00,71.87,71.5,72.3,60,1.0
2025-10-25 03:00,71.81,71.3,72.2,60,1.0
2025-10-25 04:00,71.66,71.2,72.1,60,1.0
2025-10-25 05:00,71.5,71.1,71.9,60,1.0
2025-10-25 06:00,71.35,71.0,71.8,60,1.0
2025-10-25 07:00,71.1,70.8,71.5,60,1.0
2025-10-25 08:00,70.96,70.6,71.5,60,1.0
2025-10-25 09:00,70.78,70.5,71.1,60,1.0
2025-10-25 10:00,70.57,70.3,71.0,60,1.0
2025-10-25 11:00,70.48,70.2,71.0,60,1.0
2025-10-25 12:00,70.22,70.0,70.4,60,1.0
2025-10-25 13:00,70.07,69.8,70.4,60,1.0
2025-10-25 14:00,70.0,69.8,70.4,60,1.0
2025-10-25 15:00,70.03,69.6,70.4,59,0.983
2025-10-25 16:00,69.98,69.6,70.3,58,0.967
2025-10-25 17:00,69.89,69.4,70.3,60,1.0
2025-10-25 18:00,69.81,69.5,70.1,60,1.0
2025-10-25 19:00,69.59,69.2,70.0,60,1.0
2025-10-25 20:00,69.52,69.1,69.9,60,1.0
2025-10-25 21:00,69.47,69.0,69.8,60,1.0
2025-10-25 22:00,69.34,68.9,70.1,60,1.0
2025-10-25 23:00,71.71,69.7,81.2,59,0.983
2025-10-26 00:00,83.46,81.3,85.2,59,0.983
2025-10-26 01:00,84.2,83.3,85.2,60,1.0
2025-10-26 02:00,83.79,82.6,85.0,58,0.967
2025-10-26 03:00,83.34,82.9,83.8,59,0.983
2025-10-26 04:00,82.69,82.0,83.4,58,0.967
2025-10-26 05:00,81.88,81.2,82.6,60,1.0
2025-10-26 06:00,81.05,80.4,81.8,58,0.967
2025-10-26 07:00,80.24,79.4,81.0,60,1.0
2025-10-26 08:00,79.3,78.7,80.0,59,0.983
2025-10-26 09:00,78.59,78.2,79.1,59,0.983
2025-10-26 10:00,78.39,78.0,78.7,60,1.0
2025-10-26 11:00,77.91,77.3,78.4,60,1.0
2025-10-26 12:00,77.4,76.9,78.0,60,1.0
2025-10-26 13:00,76.84,76.5,77.3,60,1.0
2025-10-26 14:00,76.47,76.2,77.2,60,1.0
2025-10-26 15:00,76.15,75.9,76.4,60,1.0
2025-10-26 16:00,75.87,75.5,76.1,59,0.983
2025-10-26 17:00,75.74,75.3,76.1,60,1.0
2025-10-26 18:00,75.56,75.0,76.0,60,1.0
2025-10-26 19:00,75.31,74.8,75.8,60,1.0
2025-10-26 20:00,75.07,74.6,75.5,60,1.0
2025-10-26 21:00,74.68,74.2,75.2,59,0.983
2025-10-26 22:00,74.55,74.1,75.0,59,0.983
2025-10-26 23:00,74.25,73.8,74.7,60,1.0
2025-10-27 00:00,74.06,73.8,74.5,60,1.0
2025-10-27 01:00,73.92,73.7,74.4,59,0.983
2025-10-27 02:00,73.88,73.5,74.2,60,1.0
2025-10-27 03:00,73.64,73.2,74.1,60,1.0
2025-10-27 04:00,73.42,73.1,73.9,60,1.0
2025-10-27 05:00,73.25,73.0,73.7,59,0.983
2025-10-27 06:00,73.1,72.8,73.5,60,1.0
2025-10-27 07:00,73.01,72.7,73.5,60,1.0
2025-10-27 08:00,73.09,72.6,73.5,60,1.0
2025-10-27 09:00,72.96,72.5,73.3,60,1.0
2025-10-27 10:00,72.76,72.3,73.2,60,1.0
2025-10-27 11:00,72.44,72.1,73.0,60,1.0
2025-10-27 12:00,72.29,72.0,72.8,56,0.933
2025-10-27 13:00,72.12,71.9,72.7,48,0.8
2025-10-27 14:00,72.01,71.7,72.6,56,0.933
2025-10-27 15:00,71.82,71.6,72.2,60,1.0
2025-10-27 16:00,71.79,71.5,72.3,59,0.983
2025-10-27 17:00,71.62,71.4,72.0,60,1.0
2025-10-27 18:00,71.59,71.3,71.9,60,1.0
2025-10-27 19:00,71.43,71.2,71.8,59,0.983
2025-10-27 20:00,71.35,71.1,71.8,55,0.917
2025-10-27 21:00,71.48,71.1,71.9,59,0.983
2025-10-27 22:00,71.61,71.3,72.1,57,0.95
2025-10-27 23:00,71.7,71.4,72.1,60,1.0
2025-10-28 00:00,71.99,71.6,72.4,60,1.0
2025-10-28 01:00,72.18,71.7,72.6,53,0.883
2025-10-28 02:00,72.24,71.8,72.7,53,0.883
2025-10-28 03:00,72.36,71.9,72.9,49,0.817
2025-10-28 04:00,72.25,71.8,72.7,42,0.7
2025-10-28 05:00,72.18,71.8,72.7,52,0.867
2025-10-28 06:00,72.07,71.8,72.5,49,0.817
2025-10-28 07:00,71.98,71.7,72.5,57,0.95
2025-10-28 08:00,71.98,71.6,72.5,60,1.0
2025-10-28 09:00,71.9,71.6,72.4,60,1.0
2025-10-28 10:00,71.99,71.5,72.3,60,1.0
2025-10-28 11:00,71.87,71.4,72.3,60,1.0
2025-10-28 12:00,71.66,71.3,72.2,60,1.0
2025-10-28 13:00,71.58,71.3,72.0,60,1.0
2025-10-28 14:00,71.47,71.2,72.0,60,1.0
2025-10-28 15:00,71.36,71.1,71.8,60,1.0
2025-10-28 16:00,71.32,71.0,71.9,60,1.0
2025-10-28 17:00,71.27,70.9,71.8,60,1.0
2025-10-28 18:00,71.17,70.8,71.6,60,1.0
2025-10-28 19:00,71.09,70.8,71.5,60,1.0
2025-10-28 20:00,70.95,70.7,71.3,60,1.0
2025-10-28 21:00,70.89,70.6,71.2,60,1.0
2025-10-28 22:00,70.82,70.5,71.3,60,1.0
2025-10-28 23:00,70.73,70.5,71.2,60,1.0
2025-10-29 00:00,70.7,70.4,71.2,60,1.0
2025-10-29 01:00,70.66,70.3,71.2,58,0.967
2025-10-29 02:00,70.61,70.3,71.0,60,1.0
2025-10-29 03:00,70.5,70.2,70.9,59,0.983
2025-10-29 04:00,70.47,70.2,71.0,60,1.0
2025-10-29 05:00,70.42,70.1,71.0,58,0.967
2025-10-29 06:00,70.31,70.0,70.8,60,1.0
2025-10-29 07:00,70.33,70.0,70.8,59,0.983
2025-10-29 08:00,70.34,70.0,70.7,60,1.0
2025-10-29 09:00,70.33,69.9,70.8,59,0.983
2025-10-29 10:00,70.39,69.9,70.6,60,1.0
2025-10-29 11:00,70.19,69.8,70.7,60,1.0
2025-10-29 12:00,70.2,69.7,70.5,60,1.0
2025-10-29 13:00,70.21,69.8,70.5,60,1.0
2025-10-29 14:00,69.87,69.6,70.4,60,1.0
2025-10-29 15:00,69.8,69.6,70.2,59,0.983
2025-10-29 16:00,69.78,69.5,70.2,60,1.0
2025-10-29 17:00,69.85,69.5,70.4,60,1.0
2025-10-29 18:00,69.77,69.4,70.2,60,1.0
2025-10-29 19:00,69.7,69.3,70.2,58,0.967
2025-10-29 20:00,69.59,69.3,70.1,60,1.0
2025-10-29 21:00,69.48,69.2,70.0,60,1.0
2025-10-29 22:00,69.42,69.2,69.8,60,1.0
2025-10-29 23:00,69.4,69.1,69.9,60,1.0
2025-10-30 00:00,69.31,69.1,69.7,59,0.983
2025-10-30 01:00,69.25,69.0,69.7,59,0.983
2025-10-30 02:00,69.26,68.9,69.7,60,1.0
2025-10-30 03:00,69.23,68.9,69.6,60,1.0
2025-10-30 04:00,69.22,68.9,69.5,60,1.0
2025-10-30 05:00,69.3,68.9,69.8,60,1.0
2025-10-30 06:00,69.19,68.8,69.5,60,1.0
2025-10-30 07:00,69.15,68.7,69.6,60,1.0
2025-10-30 08:00,69.07,68.7,69.4,59,0.983
2025-10-30 09:00,69.01,68.6,69.4,60,1.0
2025-10-30 10:00,68.73,68.5,69.1,60,1.0
2025-10-30 11:00,68.66,68.5,69.0,60,1.0
2025-10-30 12:00,68.61,68.4,69.0,60,1.0
2025-10-30 13:00,68.57,68.4,69.0,60,1.0
2025-10-30 14:00,68.56,68.4,69.0,60,1.0
2025-10-30 15:00,68.49,68.3,68.8,60,1.0
2025-10-30 16:00,68.43,68.3,68.6,59,0.983
2025-10-30 17:00,68.44,68.2,69.0,60,1.0
2025-10-30 18:00,68.44,68.2,68.8,60,1.0
2025-10-30 19:00,68.54,68.1,68.9,60,1.0
2025-10-30 20:00,68.53,68.1,68.8,60,1.0
2025-10-30 21:00,68.53,68.1,68.9,60,1.0
2025-10-30 22:00,68.37,68.1,68.7,60,1.0
2025-10-30 23:00,68.37,68.0,68.7,59,0.983
2025-10-31 00:00,68.24,67.9,68.8,60,1.0
2025-10-31 01:00,68.22,67.9,68.6,59,0.983
2025-10-31 02:00,68.14,67.8,68.6,60,1.0
2025-10-31 03:00,68.23,68.0,68.7,59,0.983
2025-10-31 04:00,68.26,68.0,68.7,60,1.0
2025-10-31 05:00,68.31,68.0,68.7,60,1.0
2025-10-31 06:00,68.18,68.0,68.5,6,0.1
2025-11-03 20:00,67.94,67.5,68.1,5,0.083
2025-11-03 21:00,67.91,67.6,68.2,60,1.0
2025-11-03 22:00,67.86,67.5,68.3,60,1.0
2025-11-03 23:00,67.8,67.5,68.2,60,1.0
2025-11-04 00:00,67.74,67.4,68.2,59,0.983
2025-11-04 01:00,67.69,67.4,68.0,60,1.0
2025-11-04 02:00,67.69,67.4,68.1,60,1.0
2025-11-04 03:00,67.65,67.3,68.1,59,0.983
2025-11-04 04:00,67.59,67.3,68.1,60,1.0
2025-11-04 05:00,67.56,67.2,67.9,59,0.983
2025-11-04 06:00,67.42,67.2,67.8,60,1.0
2025-11-04 07:00,67.37,67.0,67.8,59,0.983
2025-11-04 08:00,67.26,67.0,67.7,60,1.0
2025-11-04 09:00,67.22,66.9,67.7,60,1.0
2025-11-04 10:00,67.13,66.8,67.7,60,1.0
2025-11-04 11:00,67.03,66.8,67.5,59,0.983
2025-11-04 12:00,67.02,66.7,67.5,60,1.0
2025-11-04 13:00,66.95,66.6,67.4,60,1.0
2025-11-04 14:00,66.94,66.6,67.3,57,0.95
2025-11-04 15:00,66.84,66.5,67.3,60,1.0
2025-11-04 16:00,66.74,66.5,67.3,60,1.0
2025-11-04 17:00,66.64,66.4,67.0,59,0.983
2025-11-04 18:00,66.76,66.4,67.2,57,0.95
2025-11-04 19:00,66.76,66.4,67.2,60,1.0
2025-11-04 20:00,66.68,66.3,67.1,59,0.983
2025-11-04 21:00,66.61,66.3,67.0,60,1.0
2025-11-04 22:00,66.54,66.2,67.0,59,0.983
2025-11-04 23:00,66.34,66.1,66.9,59,0.983
2025-11-05 00:00,66.4,66.1,66.8,60,1.0
2025-11-05 01:00,66.42,66.0,67.0,59,0.983
2025-11-05 02:00,66.36,66.0,66.6,60,1.0
2025-11-05 03:00,66.35,66.0,66.6,60,1.0
2025-11-05 04:00,66.23,65.9,66.6,60,1.0
2025-11-05 05:00,66.09,65.9,66.6,60,1.0
2025-11-05 06:00,66.06,65.8,66.4,60,1.0
2025-11-05 07:00,66.07,65.8,66.4,60,1.0
2025-11-05 08:00,66.04,65.8,66.5,60,1.0
2025-11-05 09:00,66.06,65.8,66.5,60,1.0
2025-11-05 10:00,65.97,65.7,66.4,60,1.0
2025-11-05 11:00,65.95,65.7,66.4,60,1.0
2025-11-05 12:00,65.94,65.7,66.3,59,0.983
2025-11-05 13:00,65.93,65.6,66.3,60,1.0
2025-11-05 14:00,65.9,65.6,66.3,60,1.0
2025-11-05 15:00,65.92,65.5,66.3,59,0.983
2025-11-05 16:00,65.92,65.5,66.3,60,1.0
2025-11-05 17:00,65.88,65.4,66.2,60,1.0
2025-11-05 18:00,65.72,65.4,66.0,60,1.0
2025-11-05 19:00,65.61,65.4,66.1,60,1.0
2025-11-05 20:00,65.6,65.4,66.0,59,0.983
2025-11-05 21:00,65.62,65.4,66.0,60,1.0
2025-11-05 22:00,65.53,65.3,65.9,60,1.0
2025-11-05 23:00,65.47,65.3,65.7,60,1.0
2025-11-06 00:00,65.52,65.3,66.0,60,1.0
2025-11-06 01:00,65.6,65.3,66.0,60,1.0
2025-11-06 02:00,65.56,65.2,65.9,60,1.0
2025-11-06 03:00,65.52,65.2,65.8,60,1.0
2025-11-06 04:00,65.57,65.2,66.0,60,1.0
2025-11-06 05:00,65.57,65.2,65.8,60,1.0
2025-11-06 06:00,65.56,65.1,66.1,60,1.0
2025-11-06 07:00,65.52,65.1,65.7,60,1.0
2025-11-06 08:00,65.36,65.0,65.7,60,1.0
2025-11-06 09:00,65.27,65.1,65.7,59,0.983
2025-11-06 10:00,65.26,65.0,65.6,59,0.983
2025-11-06 11:00,65.29,64.9,65.7,54,0.9
2025-11-06 12:00,65.31,65.0,65.6,51,0.85
2025-11-06 13:00,65.17,64.9,65.6,48,0.8
2025-11-06 14:00,65.15,64.9,65.5,49,0.817
2025-11-06 15:00,65.22,64.9,65.5,49,0.817
2025-11-06 16:00,65.22,64.9,65.5,44,0.733
2025-11-06 17:00,65.17,64.8,65.6,56,0.933
2025-11-06 18:00,65.12,64.8,65.4,60,1.0
2025-11-06 19:00,65.01,64.8,65.4,60,1.0
2025-11-06 20:00,64.97,64.8,65.6,59,0.983
2025-11-06 21:00,64.95,64.7,65.3,50,0.833
2025-11-06 22:00,64.94,64.7,65.4,59,0.983
2025-11-06 23:00,64.88,64.7,65.2,60,1.0
2025-11-07 00:00,64.89,64.7,65.3,59,0.983
2025-11-07 01:00,64.92,64.7,65.3,60,1.0
2025-11-07 02:00,64.87,64.6,65.4,60,1.0
2025-11-07 03:00,64.83,64.6,65.3,59,0.983
2025-11-07 04:00,64.86,64.6,65.3,59,0.983
2025-11-07 05:00,64.78,64.6,65.3,60,1.0
2025-11-07 06:00,64.81,64.6,65.2,60,1.0
2025-11-07 07:00,64.88,64.5,65.2,60,1.0
2025-11-07 08:00,64.82,64.5,65.2,60,1.0
2025-11-07 09:00,64.89,64.5,65.3,59,0.983
2025-11-07 10:00,64.8,64.5,65.2,60,1.0
2025-11-07 11:00,64.87,64.5,65.2,60,1.0
2025-11-07 12:00,64.71,64.5,65.0,60,1.0
2025-11-07 13:00,64.58,64.4,65.0,60,1.0
2025-11-07 14:00,64.6,64.4,65.1,60,1.0
2025-11-07 15:00,64.61,64.4,65.0,60,1.0
2025-11-07 16:00,64.65,64.4,65.0,50,0.833
2025-11-07 17:00,64.69,64.4,65.1,54,0.9
2025-11-07 18:00,64.69,64.4,65.1,60,1.0
2025-11-07 19:00,64.67,64.4,65.1,59,0.983
2025-11-07 20:00,64.6,64.3,64.9,60,1.0
2025-11-07 21:00,64.98,64.5,65.5,59,0.983
2025-11-07 22:00,65.19,64.9,65.5,60,1.0
2025-11-07 23:00,65.29,65.0,65.7,60,1.0
2025-11-08 00:00,65.72,65.3,66.3,60,1.0
2025-11-08 01:00,66.02,65.7,66.5,60,1.0
2025-11-08 02:00,66.34,66.0,66.9,59,0.983
2025-11-08 03:00,66.64,66.3,67.0,60,1.0
2025-11-08 04:00,66.74,66.5,67.1,60,1.0
2025-11-08 05:00,66.95,66.7,67.4,59,0.983
2025-11-08 06:00,67.17,66.8,67.6,60,1.0
2025-11-08 07:00,67.22,66.9,67.5,60,1.0
2025-11-08 08:00,67.18,66.9,67.6,60,1.0
2025-11-08 09:00,67.36,67.0,67.7,60,1.0
2025-11-08 10:00,67.33,67.0,67.8,60,1.0
2025-11-08 11:00,67.38,67.0,67.7,60,1.0
2025-11-08 12:00,67.46,67.1,67.8,60,1.0
2025-11-08 13:00,67.36,67.0,67.9,60,1.0
2025-11-08 14:00,67.28,67.0,67.6,60,1.0
2025-11-08 15:00,67.18,67.0,67.5,60,1.0
2025-11-08 16:00,67.22,67.1,67.6,60,1.0
2025-11-08 17:00,67.36,67.1,67.9,60,1.0
2025-11-08 18:00,67.63,67.1,68.2,60,1.0
2025-11-08 19:00,67.82,67.5,68.2,60,1.0
2025-11-08 20:00,68.04,67.5,68.5,60,1.0
2025-11-08 21:00,68.38,68.0,68.7,60,1.0
2025-11-08 22:00,68.84,68.3,69.3,59,0.983
2025-11-08 23:00,71.45,68.9,75.7,60,1.0
2025-11-09 00:00,77.25,75.3,78.5,60,1.0
2025-11-09 01:00,78.44,77.9,79.1,60,1.0
2025-11-09 02:00,78.57,78.2,79.1,60,1.0
2025-11-09 03:00,78.4,78.0,78.9,60,1.0
2025-11-09 04:00,78.17,77.8,78.8,59,0.983
2025-11-09 05:00,77.89,77.4,78.4,60,1.0
2025-11-09 06:00,77.55,77.1,78.0,59,0.983
2025-11-09 07:00,77.25,76.9,77.7,60,1.0
2025-11-09 08:00,77.09,76.6,77.5,60,1.0
2025-11-09 09:00,76.81,76.3,77.5,60,1.0
2025-11-09 10:00,76.72,76.2,77.1,60,1.0
2025-11-09 11:00,76.41,75.9,76.9,60,1.0
2025-11-09 12:00,76.01,75.6,76.6,60,1.0
2025-11-09 13:00,75.78,75.4,76.4,60,1.0
2025-11-09 14:00,75.64,75.4,76.0,60,1.0
2025-11-09 15:00,75.59,75.0,76.0,59,0.983
2025-11-09 16:00,75.36,74.8,75.9,60,1.0
2025-11-09 17:00,74.95,74.6,75.4,57,0.95
2025-11-09 18:00,74.86,74.5,75.2,54,0.9
2025-11-09 19:00,74.75,74.3,75.2,45,0.75
2025-11-09 20:00,74.59,74.1,75.0,59,0.983
2025-11-09 21:00,74.42,73.9,75.0,60,1.0
2025-11-09 22:00,74.18,73.7,74.7,59,0.983
2025-11-09 23:00,73.99,73.5,74.5,55,0.917
2025-11-10 00:00,73.78,73.4,74.3,47,0.783
2025-11-10 01:00,73.61,73.2,74.1,59,0.983
2025-11-10 02:00,73.4,73.1,74.0,60,1.0
2025-11-10 03:00,73.29,72.9,73.8,60,1.0
2025-11-10 04:00,73.09,72.8,73.6,59,0.983
2025-11-10 05:00,72.96,72.7,73.6,60,1.0
2025-11-10 06:00,72.83,72.5,73.4,60,1.0
2025-11-10 07:00,72.69,72.4,73.3,60,1.0
2025-11-10 08:00,72.57,72.2,72.9,59,0.983
2025-11-10 09:00,72.58,72.2,73.0,60,1.0
2025-11-10 10:00,72.34,72.0,73.1,60,1.0
2025-11-10 11:00,72.18,71.9,72.7,60,1.0
2025-11-10 12:00,72.02,71.8,72.6,59,0.983
2025-11-10 13:00,72.09,71.7,72.5,59,0.983
2025-11-10 14:00,72.07,71.6,72.5,59,0.983
2025-11-10 15:00,71.87,71.4,72.3,60,1.0
2025-11-10 16:00,71.79,71.4,72.2,58,0.967
2025-11-10 17:00,71.78,71.4,72.1,58,0.967
2025-11-10 18:00,71.45,71.1,71.8,59,0.983
2025-11-10 19:00,71.3,71.1,71.7,59,0.983
2025-11-10 20:00,71.14,71.0,71.8,60,1.0
2025-11-10 21:00,71.1,70.9,71.5,59,0.983
2025-11-10 22:00,71.12,70.8,71.5,59,0.983
2025-11-10 23:00,71.13,70.7,71.5,59,0.983
2025-11-11 00:00,71.16,70.7,71.5,57,0.95
2025-11-11 01:00,71.05,70.6,71.4,60,1.0
2025-11-11 02:00,70.87,70.5,71.2,59,0.983
2025-11-11 03:00,70.82,70.4,71.2,59,0.983
2025-11-11 04:00,70.69,70.3,71.0,60,1.0
2025-11-11 05:00,70.56,70.2,70.9,59,0.983
2025-11-11 06:00,70.48,70.2,70.9,60,1.0
2025-11-11 07:00,70.44,70.1,70.9,59,0.983
2025-11-11 08:00,70.43,70.1,70.8,60,1.0
2025-11-11 09:00,70.41,70.1,70.8,59,0.983
2025-11-11 10:00,70.17,69.9,70.6,60,1.0
2025-11-11 11:00,70.0,69.8,70.5,59,0.983
2025-11-11 12:00,70.14,69.8,70.6,59,0.983
2025-11-11 13:00,70.09,69.6,70.5,60,1.0
2025-11-11 14:00,70.04,69.6,70.4,59,0.983
2025-11-11 15:00,70.02,69.6,70.4,60,1.0
2025-11-11 16:00,69.86,69.5,70.2,60,1.0
2025-11-11 17:00,69.7,69.4,70.2,60,1.0
2025-11-11 18:00,69.57,69.4,70.0,59,0.983
2025-11-11 19:00,69.57,69.3,69.9,59,0.983
2025-11-11 20:00,69.63,69.2,69.9,60,1.0
2025-11-11 21:00,69.68,69.3,70.0,60,1.0
2025-11-11 22:00,69.57,69.2,70.0,60,1.0
2025-11-11 23:00,69.57,69.1,69.9,59,0.983
2025-11-12 00:00,69.43,69.1,69.8,59,0.983
2025-11-12 01:00,69.41,69.0,69.8,60,1.0
2025-11-12 02:00,69.41,69.0,69.7,60,1.0
2025-11-12 03:00,69.3,68.9,69.6,60,1.0
2025-11-12 04:00,69.16,68.8,69.5,59,0.983
2025-11-12 05:00,69.11,68.8,69.6,59,0.983
2025-11-12 06:00,69.0,68.7,69.5,60,1.0
2025-11-12 07:00,68.93,68.7,69.3,60,1.0
2025-11-12 08:00,69.01,68.6,69.5,60,1.0
2025-11-12 09:00,69.04,68.6,69.3,59,0.983
2025-11-12 10:00,68.97,68.6,69.3,60,1.0
2025-11-12 11:00,68.84,68.5,69.3,59,0.983
2025-11-12 12:00,68.88,68.5,69.2,60,1.0
2025-11-12 13:00,68.83,68.4,69.3,60,1.0
2025-11-12 14:00,68.65,68.4,69.2,60,1.0
2025-11-12 15:00,68.51,68.3,69.0,60,1.0
2025-11-12 16:00,68.5,68.3,68.9,60,1.0
2025-11-12 17:00,68.43,68.3,68.9,60,1.0
2025-11-12 18:00,68.54,68.2,68.9,60,1.0
2025-11-12 19:00,68.64,68.2,68.9,60,1.0
2025-11-12 20:00,68.58,68.1,68.8,60,1.0
2025-11-12 21:00,68.53,68.1,68.8,60,1.0
2025-11-12 22:00,68.45,68.0,68.8,60,1.0
2025-11-12 23:00,68.35,68.0,68.8,60,1.0
2025-11-13 00:00,68.24,67.9,68.6,59,0.983
2025-11-13 01:00,68.14,67.9,68.6,60,1.0
2025-11-13 02:00,68.1,67.9,68.5,60,1.0
2025-11-13 03:00,68.04,67.8,68.5,60,1.0
2025-11-13 04:00,67.97,67.8,68.5,60,1.0
2025-11-13 05:00,67.93,67.7,68.5,60,1.0
2025-11-13 06:00,67.86,67.7,68.2,60,1.0
2025-11-13 07:00,67.86,67.7,68.3,60,1.0
2025-11-13 08:00,67.94,67.6,68.4,60,1.0
2025-11-13 09:00,68.05,67.7,68.4,59,0.983
2025-11-13 10:00,67.94,67.6,68.3,59,0.983
2025-11-13 11:00,67.93,67.6,68.4,60,1.0
2025-11-13 12:00,67.89,67.5,68.3,60,1.0
2025-11-13 13:00,67.85,67.5,68.2,60,1.0
2025-11-13 14:00,67.91,67.5,68.1,60,1.0
2025-11-13 15:00,67.76,67.4,68.2,60,1.0
2025-11-13 16:00,67.68,67.4,68.2,60,1.0
2025-11-13 17:00,67.58,67.3,68.1,58,0.967
2025-11-13 18:00,67.51,67.3,67.8,60,1.0
2025-11-13 19:00,67.46,67.3,67.7,60,1.0
2025-11-13 20:00,67.46,67.2,67.8,59,0.983
2025-11-13 21:00,67.57,67.3,67.9,59,0.983
2025-11-13 22:00,67.59,67.2,67.9,58,0.967
2025-11-13 23:00,67.61,67.3,67.9,60,1.0
2025-11-14 00:00,67.61,67.2,67.9,59,0.983
2025-11-14 01:00,67.6,67.3,67.9,60,1.0
2025-11-14 02:00,67.58,67.2,67.8,60,1.0
2025-11-14 03:00,67.51,67.1,67.9,59,0.983
2025-11-14 04:00,67.45,67.2,67.9,60,1.0
2025-11-14 05:00,67.42,67.0,67.8,60,1.0
2025-11-14 06:00,67.39,67.0,67.8,59,0.983
2025-11-14 07:00,67.31,67.0,67.6,59,0.983
2025-11-14 08:00,67.35,67.0,67.7,60,1.0
2025-11-14 09:00,67.26,67.0,67.9,59,0.983
2025-11-14 10:00,67.13,67.0,67.3,60,1.0
2025-11-14 11:00,67.11,66.9,67.4,60,1.0
2025-11-14 12:00,67.24,66.9,67.6,60,1.0
2025-11-14 13:00,67.28,66.9,67.6,60,1.0
2025-11-14 14:00,67.35,67.0,67.6,59,0.983
2025-11-14 15:00,67.3,66.9,67.7,60,1.0
2025-11-14 16:00,67.21,66.8,67.5,60,1.0
2025-11-14 17:00,67.02,66.8,67.4,60,1.0
2025-11-14 18:00,66.94,66.7,67.4,60,1.0
2025-11-14 19:00,66.9,66.7,67.4,60,1.0
2025-11-14 20:00,66.91,66.7,67.3,60,1.0
2025-11-14 21:00,67.04,66.7,67.4,60,1.0
2025-11-14 22:00,67.03,66.7,67.4,60,1.0
2025-11-14 23:00,67.07,66.6,67.4,60,1.0
2025-11-15 00:00,67.1,66.7,67.4,60,1.0
2025-11-15 01:00,67.16,66.7,67.4,60,1.0
2025-11-15 02:00,67.12,66.7,67.4,59,0.983
2025-11-15 03:00,67.01,66.7,67.2,59,0.983
2025-11-15 04:00,67.12,66.7,67.5,60,1.0
2025-11-15 05:00,66.99,66.7,67.3,60,1.0
2025-11-15 06:00,66.98,66.7,67.2,60,1.0
2025-11-15 07:00,66.86,66.5,67.3,60,1.0
2025-11-15 08:00,66.87,66.5,67.1,60,1.0
2025-11-15 09:00,66.69,66.5,67.1,60,1.0
2025-11-15 10:00,66.85,66.5,67.1,57,0.95
2025-11-15 11:00,66.87,66.4,67.1,58,0.967
2025-11-15 12:00,66.81,66.4,67.1,55,0.917
2025-11-15 13:00,66.81,66.5,67.1,60,1.0
2025-11-15 14:00,66.8,66.5,67.1,60,1.0
2025-11-15 15:00,66.72,66.4,67.0,59,0.983
2025-11-15 16:00,66.58,66.3,67.1,51,0.85
2025-11-15 17:00,66.45,66.2,66.9,58,0.967
2025-11-15 18:00,66.42,66.2,66.9,59,0.983
2025-11-15 19:00,66.38,66.2,66.5,59,0.983
2025-11-15 20:00,66.34,66.2,66.6,60,1.0
2025-11-15 21:00,66.33,66.2,66.7,59,0.983
2025-11-15 22:00,66.33,66.1,66.7,60,1.0
2025-11-15 23:00,66.33,66.1,66.6,60,1.0
2025-11-16 00:00,66.33,66.1,66.6,60,1.0
2025-11-16 01:00,66.41,66.1,66.8,59,0.983
2025-11-16 02:00,66.4,66.1,66.8,59,0.983
2025-11-16 03:00,66.43,66.1,66.8,60,1.0
2025-11-16 04:00,66.46,66.0,66.8,60,1.0
2025-11-16 05:00,66.49,66.1,66.9,60,1.0
2025-11-16 06:00,66.49,66.1,66.8,59,0.983
2025-11-16 07:00,66.4,66.0,66.7,60,1.0
2025-11-16 08:00,66.36,66.0,66.8,60,1.0
2025-11-16 09:00,66.44,66.1,66.7,60,1.0
2025-11-16 10:00,66.38,66.0,66.7,60,1.0
2025-11-16 11:00,66.18,65.9,66.6,60,1.0
2025-11-16 12:00,66.03,65.9,66.2,59,0.983
2025-11-16 13:00,66.03,65.9,66.3,60,1.0
2025-11-16 14:00,66.16,65.9,66.5,60,1.0
2025-11-16 15:00,66.28,65.8,66.6,60,1.0
2025-11-16 16:00,66.25,65.8,66.5,60,1.0
2025-11-16 17:00,66.06,65.7,66.4,60,1.0
2025-11-16 18:00,65.84,65.7,66.1,60,1.0
2025-11-16 19:00,65.98,65.7,66.3,60,1.0
2025-11-16 20:00,66.07,65.7,66.4,60,1.0
2025-11-16 21:00,66.07,65.7,66.3,59,0.983
2025-11-16 22:00,66.02,65.7,66.3,54,0.9
2025-11-16 23:00,65.97,65.6,66.3,49,0.817
2025-11-17 00:00,65.91,65.6,66.2,60,1.0
2025-11-17 01:00,65.88,65.5,66.3,60,1.0
2025-11-17 02:00,65.8,65.5,66.3,60,1.0
2025-11-17 03:00,65.72,65.5,66.2,60,1.0
2025-11-17 04:00,65.88,65.6,66.2,60,1.0
2025-11-17 05:00,65.74,65.5,66.1,60,1.0
2025-11-17 06:00,65.66,65.4,66.1,60,1.0
2025-11-17 07:00,65.64,65.4,66.1,60,1.0
2025-11-17 08:00,65.84,65.5,66.2,60,1.0
2025-11-17 09:00,65.83,65.5,66.1,60,1.0
2025-11-17 10:00,65.89,65.6,66.1,60,1.0
2025-11-17 11:00,65.81,65.5,66.1,60,1.0
2025-11-17 12:00,65.79,65.4,66.1,60,1.0
2025-11-17 13:00,65.78,65.4,66.1,60,1.0
2025-11-17 14:00,65.56,65.3,66.0,60,1.0
2025-11-17 15:00,65.44,65.2,65.8,60,1.0
2025-11-17 16:00,65.4,65.2,65.8,60,1.0
2025-11-17 17:00,65.36,65.2,65.7,59,0.983
2025-11-17 18:00,65.34,65.2,65.7,60,1.0
2025-11-17 19:00,65.55,65.2,65.9,58,0.967
2025-11-17 20:00,65.6,65.2,66.0,60,1.0
2025-11-17 21:00,65.51,65.1,65.9,59,0.983
2025-11-17 22:00,65.34,65.1,65.7,60,1.0
2025-11-17 23:00,65.26,65.1,65.6,60,1.0
2025-11-18 00:00,65.31,65.1,65.6,60,1.0
2025-11-18 01:00,65.26,65.1,65.6,60,1.0
2025-11-18 02:00,65.23,65.1,65.5,60,1.0
2025-11-18 03:00,65.23,65.1,65.6,60,1.0
2025-11-18 04:00,65.43,65.2,65.8,60,1.0
2025-11-18 05:00,65.51,65.3,65.9,60,1.0
2025-11-18 06:00,65.44,65.3,65.7,60,1.0
2025-11-18 07:00,65.43,65.2,65.6,60,1.0
2025-11-18 08:00,65.7,65.4,66.0,60,1.0
2025-11-18 09:00,65.76,65.4,66.5,60,1.0
2025-11-18 10:00,76.33,66.0,83.0,60,1.0
2025-11-18 11:00,83.14,82.5,83.6,60,1.0
2025-11-18 12:00,82.87,82.4,83.4,60,1.0
2025-11-18 13:00,82.56,81.6,83.5,60,1.0
2025-11-18 14:00,81.75,81.4,82.3,60,1.0
2025-11-18 15:00,81.24,80.7,81.9,60,1.0
2025-11-18 16:00,80.61,80.1,81.3,60,1.0
2025-11-18 17:00,79.74,79.2,80.5,60,1.0
2025-11-18 18:00,79.13,78.7,79.6,55,0.917
2025-11-18 19:00,78.66,78.2,79.0,43,0.717
2025-11-18 20:00,78.2,77.7,78.6,50,0.833
2025-11-18 21:00,77.92,77.6,78.3,58,0.967
2025-11-18 22:00,78.03,77.7,78.5,59,0.983
2025-11-18 23:00,77.88,77.4,78.7,59,0.983
2025-11-19 00:00,77.64,77.3,78.1,60,1.0
2025-11-19 01:00,77.6,77.3,78.3,60,1.0
2025-11-19 02:00,77.48,77.2,78.0,59,0.983
2025-11-19 03:00,77.36,77.0,77.9,59,0.983
2025-11-19 04:00,77.15,76.7,77.7,60,1.0
2025-11-19 05:00,76.91,76.5,77.4,60,1.0
2025-11-19 06:00,76.68,76.3,77.3,60,1.0
2025-11-19 07:00,76.49,76.1,77.0,60,1.0
2025-11-19 08:00,76.18,75.8,76.7,58,0.967
2025-11-19 09:00,75.84,75.6,76.4,60,1.0
2025-11-19 10:00,75.64,75.4,76.0,60,1.0
2025-11-19 11:00,75.47,75.2,75.7,58,0.967
2025-11-19 12:00,75.44,75.1,76.1,59,0.983
2025-11-19 13:00,75.36,74.9,75.9,60,1.0
2025-11-19 14:00,75.27,74.9,75.6,58,0.967
2025-11-19 15:00,75.1,74.7,75.5,59,0.983
2025-11-19 16:00,75.02,74.5,75.3,58,0.967
2025-11-19 17:00,74.85,74.3,75.2,59,0.983
2025-11-19 18:00,74.71,74.3,75.4,59,0.983
2025-11-19 19:00,75.79,75.1,76.5,59,0.983
2025-11-19 20:00,76.32,76.1,76.6,59,0.983
2025-11-19 21:00,76.38,76.1,77.0,58,0.967
2025-11-19 22:00,76.32,75.9,76.9,60,1.0
2025-11-19 23:00,76.17,75.8,76.7,60,1.0
2025-11-20 00:00,75.89,75.6,76.5,55,0.917
2025-11-20 01:00,75.69,75.4,75.9,60,1.0
2025-11-20 02:00,75.57,75.3,76.1,60,1.0
2025-11-20 03:00,75.42,75.1,75.8,60,1.0
2025-11-20 04:00,75.31,75.0,75.7,60,1.0
2025-11-20 05:00,75.27,74.7,75.6,59,0.983
2025-11-20 06:00,75.21,74.6,75.6,59,0.983
2025-11-20 07:00,74.96,74.4,75.5,60,1.0
2025-11-20 08:00,74.69,74.3,75.1,59,0.983
2025-11-20 09:00,74.43,74.2,74.9,60,1.0
2025-11-20 10:00,74.28,74.0,74.7,60,1.0
2025-11-20 11:00,74.24,73.9,74.8,60,1.0
2025-11-20 12:00,74.2,73.8,74.6,60,1.0
2025-11-20 13:00,74.18,73.8,74.6,60,1.0
2025-11-20 14:00,74.05,73.6,74.4,60,1.0
2025-11-20 15:00,73.88,73.3,74.3,60,1.0
2025-11-20 16:00,73.84,73.3,74.2,35,0.583
2025-11-20 17:00,73.79,73.5,74.3,58,0.967
2025-11-20 18:00,74.0,73.5,74.4,60,1.0
2025-11-20 19:00,74.61,74.3,74.9,57,0.95
2025-11-20 20:00,74.76,74.3,75.2,60,1.0
2025-11-20 21:00,76.26,75.2,77.3,60,1.0
2025-11-20 22:00,77.2,76.8,77.7,60,1.0
2025-11-20 23:00,77.39,77.0,77.9,60,1.0
2025-11-21 00:00,77.37,77.0,77.8,60,1.0
2025-11-21 01:00,77.26,76.9,77.6,59,0.983
2025-11-21 02:00,76.98,76.4,77.6,60,1.0
2025-11-21 03:00,77.58,76.9,78.4,60,1.0
2025-11-21 04:00,78.56,77.9,79.4,60,1.0
2025-11-21 05:00,79.11,78.6,79.6,60,1.0
2025-11-21 06:00,79.02,78.4,79.5,59,0.983
2025-11-21 07:00,78.74,78.3,79.1,60,1.0
2025-11-21 08:00,78.6,78.1,79.1,60,1.0
2025-11-21 09:00,79.39,78.6,79.9,60,1.0
2025-11-21 10:00,80.4,79.6,81.1,59,0.983
2025-11-21 11:00,80.55,80.2,80.9,59,0.983
2025-11-21 12:00,80.31,79.9,80.8,58,0.967
2025-11-21 13:00,79.96,79.5,80.4,60,1.0
2025-11-21 14:00,79.66,79.2,80.2,60,1.0
2025-11-21 15:00,79.35,78.8,79.9,60,1.0
2025-11-21 16:00,79.07,78.6,79.7,60,1.0
2025-11-21 17:00,78.76,78.3,79.3,60,1.0
2025-11-21 18:00,79.28,78.5,79.7,60,1.0
2025-11-21 19:00,79.21,78.7,79.6,59,0.983
2025-11-21 20:00,79.09,78.7,79.5,57,0.95
2025-11-21 21:00,79.0,78.4,79.4,58,0.967
2025-11-21 22:00,78.95,78.5,79.5,59,0.983
2025-11-21 23:00,78.74,78.3,79.4,59,0.983
2025-11-22 00:00,78.46,78.1,78.9,59,0.983
2025-11-22 01:00,78.23,77.7,78.8,54,0.9
2025-11-22 08:00,80.81,80.5,81.1,23,0.383
2025-11-22 09:00,80.61,80.1,81.1,60,1.0
2025-11-22 10:00,80.33,80.0,80.6,60,1.0
2025-11-22 11:00,79.98,79.6,80.5,60,1.0
2025-11-22 12:00,79.71,79.5,80.0,60,1.0
2025-11-22 13:00,79.54,79.3,80.0,60,1.0
2025-11-22 14:00,79.46,79.1,79.9,58,0.967
2025-11-22 15:00,79.73,79.5,80.2,60,1.0
2025-11-22 16:00,79.86,79.5,80.4,60,1.0
2025-11-22 17:00,79.42,79.1,80.1,59,0.983
2025-11-22 18:00,79.28,78.9,79.9,60,1.0
2025-11-22 19:00,79.1,78.9,79.4,59,0.983
2025-11-22 20:00,79.0,78.5,79.5,58,0.967
2025-11-22 21:00,78.73,78.3,79.1,60,1.0
2025-11-22 22:00,78.46,77.8,79.0,59,0.983
2025-11-22 23:00,78.29,77.9,78.7,58,0.967
2025-11-23 00:00,78.01,77.6,78.5,58,0.967
2025-11-23 01:00,77.6,77.1,78.1,44,0.733
2025-11-23 02:00,77.49,77.1,77.9,60,1.0
2025-11-23 03:00,77.19,76.9,77.7,60,1.0
2025-11-23 04:00,76.86,76.4,77.3,60,1.0
2025-11-23 05:00,76.54,76.0,77.1,60,1.0
2025-11-23 06:00,76.18,75.9,76.8,60,1.0
2025-11-23 07:00,76.05,75.7,76.6,60,1.0
2025-11-23 08:00,75.96,75.5,76.6,60,1.0
2025-11-23 09:00,75.67,75.4,76.2,60,1.0
2025-11-23 10:00,75.65,75.3,76.0,60,1.0
2025-11-23 11:00,75.48,75.0,75.9,60,1.0
2025-11-23 12:00,75.23,74.8,75.7,60,1.0
2025-11-23 13:00,74.9,74.6,75.5,60,1.0
2025-11-23 14:00,74.7,74.4,75.0,60,1.0
2025-11-23 15:00,74.54,74.3,74.9,60,1.0
2025-11-23 16:00,74.42,74.2,74.8,60,1.0
2025-11-23 17:00,74.38,74.1,74.9,59,0.983
2025-11-23 18:00,74.46,74.1,74.7,59,0.983
2025-11-23 19:00,74.35,74.0,74.7,60,1.0
2025-11-23 20:00,74.16,73.7,74.6,60,1.0
2025-11-23 21:00,74.04,73.7,74.3,60,1.0
2025-11-23 22:00,73.99,73.4,74.3,60,1.0
2025-11-23 23:00,73.68,73.3,74.1,60,1.0
2025-11-24 00:00,73.63,73.2,74.0,59,0.983
2025-11-24 01:00,73.24,73.0,73.5,60,1.0
2025-11-24 02:00,73.18,72.9,73.6,60,1.0
2025-11-24 03:00,73.12,72.9,73.5,60,1.0
2025-11-24 04:00,72.97,72.7,73.3,60,1.0
2025-11-24 05:00,72.99,72.6,73.5,59,0.983
2025-11-24 06:00,73.14,72.8,73.6,60,1.0
2025-11-24 07:00,73.18,72.7,73.5,60,1.0
2025-11-24 08:00,73.18,72.7,73.5,60,1.0
2025-11-24 09:00,73.26,72.9,73.6,59,0.983
2025-11-24 10:00,73.74,73.3,74.2,59,0.983
2025-11-24 11:00,74.24,73.9,74.7,60,1.0
2025-11-24 12:00,74.86,74.3,75.7,60,1.0
2025-11-24 13:00,75.7,75.2,76.2,60,1.0
2025-11-24 14:00,77.72,75.7,81.5,60,1.0
2025-11-24 15:00,82.07,80.7,83.1,58,0.967
2025-11-24 16:00,82.84,82.1,83.4,59,0.983
2025-11-24 17:00,82.82,82.3,83.2,60,1.0
2025-11-24 18:00,82.7,82.2,83.2,60,1.0
2025-11-24 19:00,82.24,81.8,83.1,60,1.0
2025-11-24 20:00,81.53,80.8,82.3,59,0.983
2025-11-24 21:00,81.32,81.1,81.8,59,0.983
2025-11-24 22:00,81.24,80.7,81.8,60,1.0
2025-11-24 23:00,81.02,80.4,81.7,60,1.0
2025-11-25 00:00,80.8,80.2,81.2,60,1.0
2025-11-25 01:00,80.41,79.7,81.0,59,0.983
2025-11-25 02:00,79.65,79.2,80.3,59,0.983
2025-11-25 03:00,79.36,79.0,79.9,59,0.983
2025-11-25 04:00,78.96,77.9,79.6,60,1.0
2025-11-25 05:00,79.91,78.7,81.0,60,1.0
2025-11-25 06:00,80.58,79.9,81.2,60,1.0
2025-11-25 07:00,80.99,80.7,81.3,59,0.983
2025-11-25 08:00,80.76,80.4,81.1,60,1.0
2025-11-25 09:00,80.5,80.1,80.9,60,1.0
2025-11-25 10:00,80.19,79.8,80.8,58,0.967
2025-11-25 11:00,79.88,79.4,80.3,60,1.0
2025-11-25 12:00,79.48,79.1,80.0,60,1.0
2025-11-25 13:00,79.14,78.8,79.5,60,1.0
2025-11-25 14:00,78.92,78.6,79.6,59,0.983
2025-11-25 15:00,78.4,77.4,79.2,60,1.0
2025-11-25 16:00,79.02,78.4,79.6,59,0.983
2025-11-25 17:00,82.05,79.3,83.5,60,1.0
2025-11-25 18:00,83.17,82.7,83.5,60,1.0
2025-11-25 19:00,82.87,82.2,83.5,60,1.0
2025-11-25 20:00,83.31,82.4,84.0,59,0.983
2025-11-25 21:00,83.11,82.3,83.7,60,1.0
2025-11-25 22:00,82.24,81.8,82.7,60,1.0
2025-11-25 23:00,81.96,81.6,82.3,58,0.967
2025-11-26 00:00,81.56,81.1,82.1,60,1.0
2025-11-26 01:00,81.15,80.7,81.6,60,1.0
2025-11-26 02:00,80.78,80.3,81.5,60,1.0
2025-11-26 03:00,80.39,79.9,81.0,59,0.983
2025-11-26 04:00,80.03,79.5,80.7,60,1.0
2025-11-26 05:00,79.75,79.2,80.4,60,1.0
2025-11-26 06:00,79.16,78.6,79.9,59,0.983
2025-11-26 07:00,78.97,78.6,79.5,59,0.983
2025-11-26 08:00,78.87,78.6,79.1,60,1.0
2025-11-26 09:00,79.06,78.6,79.6,59,0.983
2025-11-26 10:00,78.61,78.2,79.2,59,0.983
2025-11-26 11:00,78.44,78.1,79.0,60,1.0
2025-11-26 12:00,78.13,77.6,78.8,60,1.0
2025-11-26 13:00,77.74,77.3,78.2,58,0.967
2025-11-26 14:00,77.64,77.3,78.0,57,0.95
2025-11-26 15:00,77.21,76.9,77.6,60,1.0
2025-11-26 16:00,77.06,76.8,77.4,60,1.0
2025-11-26 17:00,77.01,76.8,77.2,60,1.0
2025-11-26 18:00,77.04,76.8,77.6,60,1.0
2025-11-26 19:00,77.01,76.7,77.4,60,1.0
2025-11-26 20:00,76.85,76.3,77.4,60,1.0
2025-11-26 21:00,77.21,76.5,78.1,60,1.0
2025-11-26 22:00,78.44,77.6,79.1,60,1.0
2025-11-26 23:00,78.92,78.5,79.4,60,1.0
2025-11-27 00:00,78.95,78.4,79.5,60,1.0
2025-11-27 01:00,78.75,78.2,79.2,58,0.967
2025-11-27 02:00,78.7,78.4,79.0,59,0.983
2025-11-27 03:00,78.46,78.2,78.8,60,1.0
2025-11-27 04:00,78.15,77.6,78.6,60,1.0
2025-11-27 05:00,77.86,77.3,78.5,60,1.0
2025-11-27 06:00,77.76,77.3,78.1,60,1.0
2025-11-27 07:00,77.56,77.1,77.9,60,1.0
2025-11-27 08:00,77.06,76.6,77.6,60,1.0
2025-11-27 09:00,76.8,76.5,77.2,60,1.0
2025-11-27 10:00,76.9,76.2,77.3,50,0.833
2025-11-27 11:00,76.61,76.2,77.0,48,0.8
2025-11-27 12:00,76.04,75.7,76.6,50,0.833
2025-11-27 13:00,76.21,75.6,76.6,58,0.967
2025-11-27 14:00,75.93,75.4,76.4,60,1.0
2025-11-27 15:00,75.57,75.2,76.2,48,0.8
2025-11-27 16:00,75.46,75.1,75.9,46,0.767
2025-11-27 17:00,75.18,74.9,75.5,57,0.95
2025-11-27 18:00,75.15,74.8,75.6,59,0.983
2025-11-27 19:00,75.12,74.6,75.6,46,0.767
2025-11-27 20:00,74.76,74.4,75.3,58,0.967
2025-11-27 21:00,74.7,74.4,75.2,60,1.0
2025-11-27 22:00,74.78,74.3,75.2,60,1.0
2025-11-27 23:00,74.58,74.0,74.9,60,1.0
2025-11-28 00:00,74.27,73.9,74.7,60,1.0
2025-11-28 01:00,74.16,73.7,74.6,60,1.0
2025-11-28 02:00,73.89,73.6,74.3,60,1.0
2025-11-28 03:00,73.84,73.4,74.3,60,1.0
2025-11-28 04:00,73.58,73.3,73.9,60,1.0
2025-11-28 05:00,73.55,73.2,74.0,60,1.0
2025-11-28 06:00,73.52,73.1,73.9,60,1.0
2025-11-28 07:00,73.45,72.9,73.8,60,1.0
2025-11-28 08:00,73.17,72.9,73.6,60,1.0
2025-11-28 09:00,73.12,72.7,73.6,60,1.0
2025-11-28 10:00,73.09,72.7,73.5,59,0.983
2025-11-28 11:00,72.84,72.4,73.4,60,1.0
2025-11-28 12:00,72.67,72.4,73.1,59,0.983
2025-11-28 13:00,72.8,72.3,73.1,59,0.983
2025-11-28 14:00,72.32,72.1,72.6,52,0.867
2025-11-28 15:00,72.18,72.0,72.4,58,0.967
2025-11-28 16:00,72.24,71.9,72.5,60,1.0
2025-11-28 17:00,72.23,71.9,72.5,60,1.0
2025-11-28 18:00,72.23,71.7,72.6,60,1.0
2025-11-28 19:00,71.96,71.6,72.5,59,0.983
2025-11-28 20:00,71.97,71.6,72.3,60,1.0
2025-11-28 21:00,71.92,71.6,72.2,56,0.933
2025-11-28 22:00,71.83,71.5,72.1,60,1.0
2025-11-28 23:00,71.8,71.4,72.1,60,1.0
2025-11-29 00:00,71.74,71.3,72.0,60,1.0
2025-11-29 01:00,71.6,71.1,72.0,59,0.983
2025-11-29 02:00,71.42,71.0,71.8,60,1.0
2025-11-29 03:00,71.32,71.0,71.8,58,0.967
2025-11-29 04:00,71.14,70.9,71.6,59,0.983
2025-11-29 05:00,71.04,70.8,71.4,60,1.0
2025-11-29 06:00,70.94,70.7,71.3,60,1.0
2025-11-29 07:00,71.04,70.7,71.5,60,1.0
2025-11-29 08:00,70.94,70.6,71.4,60,1.0
2025-11-29 09:00,71.05,70.7,71.4,59,0.983
2025-11-29 10:00,70.77,70.5,71.1,59,0.983
2025-11-29 11:00,70.62,70.4,70.9,60,1.0
2025-11-29 12:00,70.55,70.4,70.9,60,1.0
2025-11-29 13:00,70.48,70.3,70.8,60,1.0
2025-11-29 14:00,70.42,70.2,70.6,60,1.0
2025-11-29 15:00,70.36,70.1,70.6,60,1.0
2025-11-29 16:00,70.3,70.1,70.5,60,1.0
2025-11-29 17:00,70.38,70.1,70.8,60,1.0
2025-11-29 18:00,70.54,70.3,70.8,60,1.0
2025-11-29 19:00,70.48,70.2,70.8,60,1.0
2025-11-29 20:00,70.4,70.0,70.7,60,1.0
2025-11-29 21:00,70.23,69.9,70.6,59,0.983
2025-11-29 22:00,70.08,69.8,70.5,60,1.0
2025-11-29 23:00,69.99,69.8,70.4,60,1.0
2025-11-30 00:00,69.94,69.7,70.3,60,1.0
2025-11-30 01:00,69.91,69.7,70.5,60,1.0
2025-11-30 02:00,69.84,69.7,70.3,60,1.0
2025-11-30 03:00,69.76,69.6,70.0,60,1.0
2025-11-30 04:00,69.71,69.5,69.9,60,1.0
2025-11-30 05:00,69.68,69.5,69.9,60,1.0
2025-11-30 06:00,69.62,69.4,69.8,60,1.0
2025-11-30 07:00,69.59,69.4,69.8,60,1.0
2025-11-30 08:00,69.72,69.4,70.2,60,1.0
2025-11-30 09:00,69.62,69.3,70.1,60,1.0
2025-11-30 10:00,69.54,69.3,69.8,60,1.0
2025-11-30 11:00,69.41,69.2,69.6,60,1.0
2025-11-30 12:00,69.42,69.2,69.8,60,1.0
2025-11-30 13:00,69.37,69.2,69.7,60,1.0
2025-11-30 14:00,69.39,69.2,69.7,58,0.967
2025-11-30 15:00,69.41,69.1,69.9,60,1.0
2025-11-30 16:00,69.52,69.2,69.8,60,1.0
2025-11-30 17:00,69.52,69.1,69.8,60,1.0
2025-11-30 18:00,69.46,69.2,69.7,60,1.0
2025-11-30 19:00,69.41,69.1,69.7,59,0.983
2025-11-30 20:00,69.19,68.9,69.7,52,0.867
2025-11-30 21:00,69.05,68.8,69.3,51,0.85
2025-11-30 22:00,69.01,68.8,69.4,45,0.75
2025-11-30 23:00,68.97,68.8,69.2,48,0.8
2025-12-01 00:00,68.89,68.7,69.1,54,0.9
2025-12-01 01:00,68.89,68.7,69.1,60,1.0
2025-12-01 02:00,68.82,68.7,69.0,60,1.0
2025-12-01 03:00,68.77,68.6,68.9,60,1.0
2025-12-01 04:00,68.76,68.6,69.2,59,0.983
2025-12-01 05:00,68.69,68.5,69.0,60,1.0
2025-12-01 06:00,68.68,68.5,68.9,60,1.0
2025-12-01 07:00,68.76,68.5,69.2,60,1.0
2025-12-01 08:00,68.68,68.5,69.0,60,1.0
2025-12-01 09:00,68.6,68.4,68.8,60,1.0
2025-12-01 10:00,68.76,68.3,69.1,60,1.0
2025-12-01 11:00,68.76,68.4,69.0,60,1.0
2025-12-01 12:00,68.77,68.3,69.2,60,1.0
2025-12-01 13:00,68.49,68.3,68.8,60,1.0
2025-12-01 14:00,68.6,68.3,69.0,60,1.0
2025-12-01 15:00,68.77,68.5,69.0,60,1.0
2025-12-01 16:00,68.7,68.4,68.9,59,0.983
2025-12-01 17:00,68.44,68.2,68.9,60,1.0
2025-12-01 18:00,68.31,68.1,68.5,60,1.0
2025-12-01 19:00,68.39,68.2,68.8,60,1.0
2025-12-01 20:00,68.46,68.2,68.8,60,1.0
2025-12-01 21:00,68.57,68.1,68.8,60,1.0
2025-12-01 22:00,68.51,68.1,68.9,60,1.0
2025-12-01 23:00,68.4,68.1,68.7,60,1.0
2025-12-02 00:00,68.65,68.3,69.0,60,1.0
2025-12-02 01:00,68.6,68.3,69.1,60,1.0
2025-12-02 02:00,68.49,68.3,68.9,58,0.967
2025-12-02 03:00,68.51,68.3,68.9,60,1.0
2025-12-02 04:00,68.88,68.5,69.5,60,1.0
2025-12-02 05:00,68.94,68.7,69.4,60,1.0
2025-12-02 06:00,69.12,68.9,69.4,60,1.0
2025-12-02 07:00,69.38,69.1,69.8,60,1.0
2025-12-02 08:00,69.86,69.5,70.2,60,1.0
2025-12-02 09:00,70.22,69.5,70.7,60,1.0
2025-12-02 10:00,70.96,70.2,72.9,60,1.0
2025-12-02 11:00,76.33,72.8,79.3,60,1.0
2025-12-02 12:00,80.19,79.1,81.0,59,0.983
2025-12-02 13:00,80.51,80.1,80.9,60,1.0
2025-12-02 14:00,79.97,79.5,80.4,59,0.983
2025-12-02 15:00,80.82,79.8,81.7,60,1.0
2025-12-02 16:00,81.61,81.1,82.3,60,1.0
2025-12-02 17:00,81.41,81.1,81.8,56,0.933
2025-12-02 18:00,81.36,81.0,81.8,59,0.983
2025-12-02 19:00,81.02,80.7,81.4,58,0.967
2025-12-02 20:00,80.59,80.2,81.2,60,1.0
2025-12-02 21:00,80.42,80.1,80.8,59,0.983
2025-12-02 22:00,80.54,80.2,81.1,59,0.983
2025-12-02 23:00,80.65,80.2,81.1,58,0.967
2025-12-03 00:00,80.11,79.7,80.7,58,0.967
2025-12-03 01:00,79.74,79.3,80.1,59,0.983
2025-12-03 02:00,79.53,79.2,79.9,59,0.983
2025-12-03 03:00,79.42,79.0,79.8,60,1.0
2025-12-03 04:00,79.17,78.7,79.6,59,0.983
2025-12-03 05:00,78.89,78.4,79.3,60,1.0
2025-12-03 06:00,78.25,77.9,78.5,60,1.0
2025-12-03 07:00,78.3,77.9,78.7,60,1.0
2025-12-03 08:00,77.92,77.3,78.5,60,1.0
2025-12-03 09:00,77.51,77.2,77.9,60,1.0
2025-12-03 10:00,77.26,76.9,77.7,60,1.0
2025-12-03 11:00,77.08,76.6,77.6,60,1.0
2025-12-03 12:00,76.85,76.5,77.3,60,1.0
2025-12-03 13:00,76.87,76.4,77.2,60,1.0
2025-12-03 14:00,76.75,76.4,77.1,60,1.0
2025-12-03 15:00,76.35,75.9,76.8,60,1.0
2025-12-03 16:00,76.14,75.7,76.5,60,1.0
2025-12-03 17:00,75.76,75.5,76.3,60,1.0
2025-12-03 18:00,75.62,75.4,76.0,60,1.0
2025-12-03 19:00,75.55,75.2,76.0,60,1.0
2025-12-03 20:00,75.46,75.2,75.9,60,1.0
2025-12-03 21:00,75.31,74.9,75.8,60,1.0
2025-12-03 22:00,75.16,74.8,75.7,59,0.983
2025-12-03 23:00,75.05,74.6,75.4,59,0.983
2025-12-04 00:00,74.71,74.3,75.2,60,1.0
2025-12-04 01:00,74.48,74.2,74.7,60,1.0
2025-12-04 02:00,74.31,74.1,74.5,60,1.0
2025-12-04 03:00,74.18,74.0,74.5,60,1.0
2025-12-04 04:00,74.04,73.9,74.2,60,1.0
2025-12-04 05:00,73.98,73.8,74.2,60,1.0
2025-12-04 06:00,73.87,73.6,74.3,46,0.767
2025-12-04 07:00,73.76,73.5,74.0,58,0.967
2025-12-04 08:00,73.72,73.4,74.2,60,1.0
2025-12-04 09:00,73.67,73.4,74.2,60,1.0
2025-12-04 10:00,73.7,73.3,74.1,60,1.0
2025-12-04 11:00,73.78,73.2,74.1,60,1.0
2025-12-04 12:00,73.61,73.2,73.9,60,1.0
2025-12-04 13:00,73.19,72.9,73.6,60,1.0
2025-12-04 14:00,73.11,72.8,73.6,60,1.0
2025-12-04 15:00,72.94,72.7,73.1,60,1.0
2025-12-04 16:00,72.89,72.7,73.2,60,1.0
2025-12-04 17:00,73.06,72.7,73.5,60,1.0
2025-12-04 18:00,73.05,72.8,73.4,60,1.0
2025-12-04 19:00,72.65,72.3,73.1,60,1.0
2025-12-04 20:00,72.71,72.4,73.1,60,1.0
2025-12-04 21:00,72.84,72.6,73.1,60,1.0
2025-12-04 22:00,72.88,72.6,73.2,60,1.0
2025-12-04 23:00,72.76,72.4,73.1,60,1.0
2025-12-05 00:00,72.89,72.6,73.2,57,0.95
2025-12-05 09:00,75.97,75.8,76.1,10,0.167
2025-12-05 10:00,76.03,75.7,76.6,60,1.0
2025-12-05 11:00,75.87,75.6,76.5,60,1.0
2025-12-05 12:00,75.72,75.4,76.2,60,1.0
2025-12-05 13:00,75.56,75.3,76.0,60,1.0
2025-12-05 14:00,75.69,75.3,76.2,59,0.983
2025-12-05 15:00,75.61,75.1,76.0,60,1.0
2025-12-05 16:00,75.41,75.0,75.8,60,1.0
2025-12-05 17:00,75.13,74.7,75.6,60,1.0
2025-12-05 18:00,74.9,74.5,75.4,60,1.0
2025-12-05 19:00,74.75,74.5,75.3,60,1.0
2025-12-05 20:00,74.62,74.3,75.1,60,1.0
2025-12-05 21:00,74.42,74.2,74.8,60,1.0
2025-12-05 22:00,74.31,74.1,74.5,60,1.0
2025-12-05 23:00,74.18,73.9,74.6,60,1.0
2025-12-06 00:00,74.08,73.8,74.3,60,1.0
2025-12-06 01:00,73.95,73.7,74.3,60,1.0
2025-12-06 02:00,73.83,73.6,74.0,60,1.0
2025-12-06 03:00,73.72,73.5,74.1,60,1.0
2025-12-06 04:00,73.65,73.4,74.0,60,1.0
2025-12-06 05:00,73.5,73.3,73.9,60,1.0
2025-12-06 06:00,73.41,73.2,73.7,60,1.0
2025-12-06 07:00,73.41,73.1,73.9,60,1.0
2025-12-06 08:00,73.25,73.0,73.7,57,0.95
2025-12-06 09:00,73.07,72.8,73.3,60,1.0
2025-12-06 10:00,73.01,72.8,73.3,54,0.9
2025-12-06 11:00,72.87,72.6,73.1,45,0.75
2025-12-06 12:00,72.85,72.6,73.3,51,0.85
2025-12-06 13:00,72.67,72.4,73.1,50,0.833
2025-12-06 14:00,72.6,72.4,72.8,59,0.983
2025-12-06 15:00,72.52,72.3,72.7,60,1.0
2025-12-06 16:00,72.42,72.2,72.7,60,1.0
2025-12-06 17:00,72.33,72.1,72.6,60,1.0
2025-12-06 18:00,72.26,72.0,72.6,60,1.0
2025-12-06 19:00,72.18,72.0,72.4,60,1.0
2025-12-06 20:00,72.11,71.9,72.4,55,0.917
2025-12-06 21:00,72.04,71.8,72.3,60,1.0
2025-12-06 22:00,72.12,71.8,72.5,57,0.95
2025-12-06 23:00,72.05,71.8,72.5,49,0.817
2025-12-07 00:00,71.9,71.6,72.3,59,0.983
2025-12-07 01:00,72.01,71.7,72.3,60,1.0
2025-12-07 02:00,72.0,71.6,72.3,60,1.0
2025-12-07 03:00,71.82,71.5,72.2,60,1.0
2025-12-07 04:00,71.64,71.3,72.1,60,1.0
2025-12-07 05:00,71.57,71.3,71.9,60,1.0
2025-12-07 06:00,71.65,71.3,72.0,60,1.0
2025-12-07 07:00,71.61,71.3,72.1,60,1.0
2025-12-07 08:00,71.48,71.1,71.9,60,1.0
2025-12-07 09:00,71.31,71.0,71.8,60,1.0
2025-12-07 10:00,71.21,70.9,71.7,60,1.0
2025-12-07 11:00,71.05,70.8,71.3,60,1.0
2025-12-07 12:00,70.98,70.8,71.3,60,1.0
2025-12-07 13:00,71.18,70.8,71.6,60,1.0
2025-12-07 14:00,71.29,71.0,71.6,60,1.0
2025-12-07 15:00,71.21,70.8,71.5,60,1.0
2025-12-07 16:00,71.03,70.7,71.3,60,1.0
2025-12-07 17:00,70.92,70.6,71.3,60,1.0
2025-12-07 18:00,70.71,70.5,71.1,60,1.0
2025-12-07 19:00,70.61,70.3,70.9,60,1.0
2025-12-07 20:00,70.54,70.3,70.8,60,1.0
2025-12-07 21:00,70.51,70.3,71.0,60,1.0
2025-12-07 22:00,70.48,70.3,70.8,60,1.0
2025-12-07 23:00,70.54,70.2,70.9,60,1.0
2025-12-08 00:00,70.44,70.1,70.9,60,1.0
2025-12-08 01:00,70.5,70.2,70.9,60,1.0
2025-12-08 02:00,70.4,70.1,70.9,60,1.0
2025-12-08 03:00,70.42,70.1,70.8,59,0.983
2025-12-08 04:00,70.36,70.0,70.7,60,1.0
2025-12-08 05:00,70.37,69.9,70.7,60,1.0
2025-12-08 06:00,70.32,70.0,70.7,60,1.0
2025-12-08 07:00,70.36,70.0,70.6,60,1.0
2025-12-08 08:00,70.04,69.8,70.5,60,1.0
2025-12-08 09:00,70.25,69.9,70.7,60,1.0
2025-12-08 10:00,70.01,69.7,70.4,60,1.0
2025-12-08 11:00,70.0,69.7,70.4,60,1.0
2025-12-08 12:00,70.15,69.8,70.4,60,1.0
2025-12-08 13:00,70.11,69.8,70.4,60,1.0
2025-12-08 14:00,69.94,69.7,70.3,58,0.967
2025-12-08 15:00,69.83,69.5,70.1,51,0.85
2025-12-08 16:00,69.69,69.5,70.1,44,0.733
2025-12-08 17:00,69.61,69.4,70.1,57,0.95
2025-12-08 18:00,69.58,69.4,69.9,60,1.0
2025-12-08 19:00,69.5,69.3,69.7,60,1.0
2025-12-08 20:00,69.42,69.3,69.6,52,0.867
2025-12-08 21:00,69.45,69.3,69.9,52,0.867
2025-12-08 22:00,69.38,69.2,69.6,60,1.0
2025-12-08 23:00,69.35,69.1,69.7,60,1.0
2025-12-09 00:00,69.35,69.2,69.5,60,1.0
2025-12-09 01:00,69.28,69.1,69.5,56,0.933
2025-12-09 02:00,69.22,69.1,69.5,45,0.75
2025-12-09 03:00,69.21,69.0,69.5,45,0.75
2025-12-09 04:00,69.21,69.0,69.5,57,0.95
2025-12-09 05:00,69.19,68.9,69.5,60,1.0
2025-12-09 06:00,69.21,68.9,69.6,60,1.0
2025-12-09 07:00,69.31,69.0,69.6,60,1.0
2025-12-09 08:00,69.14,68.8,69.6,60,1.0
2025-12-09 09:00,69.14,68.9,69.5,60,1.0
2025-12-09 10:00,69.31,69.1,69.5,60,1.0
2025-12-09 11:00,69.31,69.0,69.6,60,1.0
2025-12-09 12:00,69.25,68.9,69.5,60,1.0
2025-12-09 13:00,69.26,69.1,69.5,60,1.0
2025-12-09 14:00,69.16,68.8,69.5,60,1.0
2025-12-09 15:00,68.98,68.6,69.3,60,1.0
2025-12-09 16:00,68.82,68.6,69.1,60,1.0
2025-12-09 17:00,68.73,68.6,68.9,60,1.0
2025-12-09 18:00,68.69,68.5,68.9,60,1.0
2025-12-09 19:00,68.68,68.5,68.9,60,1.0
2025-12-09 20:00,68.63,68.5,68.8,60,1.0
2025-12-09 21:00,68.61,68.4,68.8,59,0.983
2025-12-09 22:00,68.59,68.4,68.9,59,0.983
2025-12-09 23:00,68.55,68.4,68.7,60,1.0
2025-12-10 00:00,68.5,68.3,68.7,60,1.0
2025-12-10 01:00,68.54,68.3,68.8,60,1.0
2025-12-10 02:00,68.52,68.3,69.0,59,0.983
2025-12-10 03:00,68.47,68.3,68.8,60,1.0
2025-12-10 04:00,68.46,68.2,68.9,60,1.0
2025-12-10 05:00,68.44,68.2,68.9,60,1.0
2025-12-10 06:00,68.46,68.2,68.8,60,1.0
2025-12-10 07:00,68.41,68.2,68.8,60,1.0
2025-12-10 08:00,68.34,68.1,68.6,60,1.0
2025-12-10 09:00,68.53,68.1,68.8,60,1.0
2025-12-10 10:00,68.32,68.1,68.8,60,1.0
2025-12-10 11:00,68.27,68.0,68.5,60,1.0
2025-12-10 12:00,68.21,68.0,68.4,60,1.0
2025-12-10 13:00,68.19,68.0,68.5,60,1.0
2025-12-10 14:00,68.27,68.0,68.6,60,1.0
2025-12-10 15:00,68.43,68.1,68.7,60,1.0
2025-12-10 16:00,68.46,68.2,68.8,60,1.0
2025-12-10 17:00,68.42,68.1,68.8,60,1.0
2025-12-10 18:00,68.26,67.9,68.6,59,0.983
2025-12-10 19:00,68.13,67.9,68.4,60,1.0
2025-12-10 20:00,68.04,67.8,68.3,60,1.0
2025-12-10 21:00,68.01,67.8,68.3,60,1.0
2025-12-10 22:00,67.94,67.8,68.1,60,1.0
2025-12-10 23:00,67.9,67.7,68.1,60,1.0
2025-12-11 00:00,67.87,67.7,68.0,60,1.0
2025-12-11 01:00,67.88,67.7,68.1,60,1.0
2025-12-11 02:00,67.86,67.7,68.3,60,1.0
2025-12-11 03:00,67.83,67.7,68.0,59,0.983
2025-12-11 04:00,67.83,67.6,68.0,60,1.0
2025-12-11 05:00,67.79,67.6,68.1,60,1.0
2025-12-11 06:00,67.83,67.6,68.3,55,0.917
2025-12-11 07:00,67.82,67.6,68.2,47,0.783
2025-12-11 08:00,67.78,67.6,68.0,48,0.8
2025-12-11 09:00,67.85,67.6,68.3,59,0.983
2025-12-11 10:00,68.02,67.7,68.3,59,0.983
2025-12-11 11:00,68.07,67.9,68.3,57,0.95
2025-12-11 12:00,67.91,67.6,68.3,48,0.8
2025-12-11 13:00,67.75,67.5,68.2,46,0.767
2025-12-11 14:00,67.98,67.7,68.2,45,0.75
2025-12-11 15:00,67.77,67.4,68.2,58,0.967
2025-12-11 16:00,67.6,67.4,67.8,60,1.0
2025-12-11 17:00,67.6,67.4,68.1,60,1.0
2025-12-11 18:00,67.75,67.4,68.2,59,0.983
2025-12-11 19:00,67.86,67.4,68.2,60,1.0
2025-12-11 20:00,67.9,67.7,68.2,60,1.0
2025-12-11 21:00,67.89,67.6,68.1,60,1.0
2025-12-11 22:00,67.84,67.5,68.1,60,1.0
2025-12-11 23:00,67.76,67.5,68.2,59,0.983
2025-12-12 00:00,67.69,67.3,68.0,60,1.0
2025-12-12 01:00,67.46,67.3,67.7,60,1.0
2025-12-12 02:00,67.55,67.2,68.0,60,1.0
2025-12-12 03:00,67.75,67.5,68.0,60,1.0
2025-12-12 04:00,67.73,67.4,68.0,60,1.0
2025-12-12 05:00,67.73,67.5,68.0,60,1.0
2025-12-12 06:00,67.68,67.4,67.9,60,1.0
2025-12-12 07:00,67.55,67.2,68.0,59,0.983
2025-12-12 08:00,67.62,67.3,67.8,60,1.0
2025-12-12 09:00,67.47,67.1,67.9,60,1.0
2025-12-12 10:00,67.28,67.1,67.6,60,1.0
2025-12-12 11:00,67.29,67.1,67.6,60,1.0
2025-12-12 12:00,67.32,67.1,67.7,60,1.0
2025-12-12 13:00,67.21,67.0,67.5,60,1.0
2025-12-12 14:00,67.44,67.1,67.8,60,1.0
2025-12-12 15:00,67.54,67.3,68.0,60,1.0
2025-12-12 16:00,67.37,67.0,67.8,60,1.0
2025-12-12 17:00,67.17,67.0,67.6,60,1.0
2025-12-12 18:00,67.15,66.9,67.5,60,1.0
2025-12-12 19:00,67.11,66.9,67.4,60,1.0
2025-12-12 20:00,67.17,66.9,67.5,60,1.0
2025-12-12 21:00,67.38,67.1,67.8,60,1.0
2025-12-12 22:00,67.42,67.2,67.7,60,1.0
2025-12-12 23:00,67.34,67.1,67.6,60,1.0
2025-12-13 00:00,67.28,66.9,67.6,60,1.0
2025-12-13 01:00,67.23,66.8,67.6,60,1.0
2025-12-13 02:00,67.08,66.8,67.4,60,1.0
2025-12-13 03:00,67.02,66.8,67.3,60,1.0
2025-12-13 04:00,66.98,66.8,67.3,60,1.0
2025-12-13 05:00,66.94,66.7,67.4,60,1.0
2025-12-13 06:00,66.94,66.7,67.2,58,0.967
2025-12-13 07:00,66.91,66.7,67.2,56,0.933
2025-12-13 08:00,67.0,66.7,67.3,46,0.767
2025-12-13 09:00,67.08,66.8,67.4,60,1.0
2025-12-13 10:00,67.16,66.7,67.5,59,0.983
2025-12-13 11:00,67.16,66.9,67.5,60,1.0
2025-12-13 12:00,67.03,66.6,67.4,60,1.0
2025-12-13 13:00,66.86,66.6,67.3,60,1.0
2025-12-13 14:00,66.85,66.6,67.3,57,0.95
2025-12-13 15:00,66.77,66.5,67.1,53,0.883
2025-12-13 16:00,66.71,66.5,66.9,60,1.0
2025-12-13 17:00,66.74,66.5,67.1,60,1.0
2025-12-13 18:00,66.99,66.7,67.3,60,1.0
2025-12-13 19:00,66.99,66.6,67.3,60,1.0
2025-12-13 20:00,66.91,66.7,67.2,60,1.0
2025-12-13 21:00,66.81,66.5,67.1,60,1.0
2025-12-13 22:00,66.88,66.5,67.2,60,1.0
2025-12-13 23:00,66.82,66.5,67.2,60,1.0
2025-12-14 00:00,66.73,66.4,67.0,60,1.0
2025-12-14 01:00,66.74,66.4,67.0,60,1.0
2025-12-14 02:00,66.8,66.4,67.1,60,1.0
2025-12-14 03:00,66.67,66.4,67.0,59,0.983
2025-12-14 04:00,66.56,66.3,66.8,60,1.0
2025-12-14 05:00,66.54,66.3,67.0,60,1.0
2025-12-14 06:00,66.48,66.3,66.8,60,1.0
2025-12-14 07:00,66.5,66.3,66.7,60,1.0
2025-12-14 08:00,66.7,66.3,67.0,60,1.0
2025-12-14 09:00,66.6,66.3,67.1,60,1.0
2025-12-14 10:00,66.69,66.3,67.0,60,1.0
2025-12-14 11:00,66.68,66.3,67.0,60,1.0
2025-12-14 12:00,66.44,66.2,66.7,60,1.0
2025-12-14 13:00,66.34,66.2,66.6,60,1.0
2025-12-14 14:00,66.43,66.2,66.9,59,0.983
2025-12-14 15:00,66.5,66.2,66.8,60,1.0
2025-12-14 16:00,66.55,66.2,66.9,60,1.0
2025-12-14 17:00,66.59,66.3,66.8,60,1.0
2025-12-14 18:00,66.66,66.4,67.0,60,1.0
2025-12-14 19:00,66.64,66.4,66.9,60,1.0
2025-12-14 20:00,66.46,66.1,66.8,60,1.0
2025-12-14 21:00,66.35,66.1,66.6,59,0.983
2025-12-14 22:00,66.32,66.1,66.6,60,1.0
2025-12-14 23:00,66.25,66.1,66.6,60,1.0
2025-12-15 00:00,66.22,66.0,66.5,60,1.0
2025-12-15 01:00,66.19,66.0,66.5,60,1.0
2025-12-15 02:00,66.18,66.0,66.4,60,1.0
2025-12-15 03:00,66.14,66.0,66.4,60,1.0
2025-12-15 04:00,66.15,66.0,66.4,60,1.0
2025-12-15 05:00,66.16,66.0,66.5,60,1.0
2025-12-15 06:00,66.12,65.9,66.4,60,1.0
2025-12-15 07:00,66.09,65.9,66.3,60,1.0
2025-12-15 08:00,66.2,66.0,66.6,59,0.983
2025-12-15 09:00,66.24,65.9,66.6,60,1.0
2025-12-15 10:00,66.27,65.9,66.6,60,1.0
2025-12-15 11:00,66.37,65.9,66.7,60,1.0
2025-12-15 12:00,66.27,66.0,66.5,60,1.0
2025-12-15 13:00,66.36,66.0,66.6,60,1.0
2025-12-15 14:00,66.11,65.8,66.5,60,1.0
2025-12-15 15:00,65.98,65.8,66.2,60,1.0
2025-12-15 16:00,66.02,65.8,66.2,60,1.0
2025-12-15 17:00,65.99,65.8,66.3,60,1.0
2025-12-15 18:00,66.17,65.8,66.5,60,1.0
2025-12-15 19:00,66.29,66.1,66.5,60,1.0
2025-12-15 20:00,66.26,65.9,66.5,60,1.0
2025-12-15 21:00,66.19,65.9,66.5,60,1.0
2025-12-15 22:00,66.14,65.7,66.5,60,1.0
2025-12-15 23:00,66.22,65.9,66.6,60,1.0
2025-12-16 00:00,66.09,65.8,66.4,58,0.967
2025-12-16 01:00,66.09,65.7,66.4,47,0.783
2025-12-16 02:00,65.94,65.7,66.3,48,0.8
2025-12-16 03:00,65.84,65.7,66.0,60,1.0
2025-12-16 04:00,65.86,65.7,66.1,60,1.0
2025-12-16 05:00,65.87,65.7,66.2,60,1.0
2025-12-16 06:00,65.8,65.6,66.0,60,1.0
2025-12-16 07:00,65.81,65.6,66.1,60,1.0
2025-12-16 08:00,65.82,65.6,66.1,60,1.0
2025-12-16 09:00,66.03,65.6,66.6,60,1.0
2025-12-16 10:00,65.99,65.7,66.3,60,1.0
2025-12-16 11:00,65.86,65.6,66.2,60,1.0
2025-12-16 12:00,65.86,65.6,66.3,60,1.0
2025-12-16 13:00,65.84,65.6,66.2,60,1.0
2025-12-16 14:00,65.77,65.6,66.0,60,1.0
2025-12-16 15:00,65.79,65.6,66.1,60,1.0
2025-12-16 16:00,65.98,65.6,66.3,60,1.0
2025-12-16 17:00,66.2,65.9,66.4,60,1.0
2025-12-16 18:00,66.17,65.9,66.4,60,1.0
2025-12-16 19:00,66.1,65.6,66.3,60,1.0
2025-12-16 20:00,66.03,65.7,66.5,60,1.0
2025-12-16 21:00,66.01,65.7,66.3,60,1.0
2025-12-16 22:00,65.87,65.6,66.3,60,1.0
2025-12-16 23:00,65.88,65.7,66.1,60,1.0
2025-12-17 00:00,65.96,65.7,66.5,60,1.0
2025-12-17 01:00,66.32,65.9,66.7,60,1.0
2025-12-17 02:00,66.29,65.9,66.6,60,1.0
2025-12-17 03:00,66.1,65.9,66.3,60,1.0
2025-12-17 04:00,66.16,66.0,66.4,60,1.0
2025-12-17 05:00,66.29,66.0,66.6,60,1.0
2025-12-17 06:00,66.37,66.1,66.7,60,1.0
2025-12-17 07:00,66.6,66.2,67.1,60,1.0
2025-12-17 08:00,66.69,66.3,67.0,60,1.0
2025-12-17 09:00,66.64,66.3,67.4,60,1.0
2025-12-17 10:00,67.33,66.9,67.8,60,1.0
2025-12-17 11:00,68.53,67.6,70.1,60,1.0
2025-12-17 12:00,71.07,69.8,72.3,60,1.0
2025-12-17 13:00,72.58,71.7,73.4,60,1.0
2025-12-17 14:00,73.37,73.0,73.8,59,0.983
2025-12-17 15:00,73.58,73.1,73.9,60,1.0
2025-12-17 16:00,73.42,73.1,73.8,60,1.0
2025-12-17 17:00,73.34,73.1,73.6,60,1.0
2025-12-17 18:00,73.32,73.0,73.7,59,0.983
2025-12-17 19:00,73.56,73.3,73.9,60,1.0
2025-12-17 20:00,73.56,73.2,73.9,60,1.0
2025-12-17 21:00,73.33,73.0,73.7,60,1.0
2025-12-17 22:00,73.15,72.8,73.6,60,1.0
2025-12-17 23:00,72.98,72.6,73.5,57,0.95
2025-12-18 00:00,72.82,72.5,73.3,60,1.0
2025-12-18 01:00,72.69,72.4,73.0,59,0.983
2025-12-18 02:00,72.57,72.3,72.9,60,1.0
2025-12-18 03:00,72.49,72.3,72.7,60,1.0
2025-12-18 04:00,72.35,72.2,72.7,60,1.0
2025-12-18 05:00,72.26,72.1,72.8,60,1.0
2025-12-18 06:00,72.22,72.0,72.6,60,1.0
2025-12-18 07:00,72.15,71.9,72.4,60,1.0
2025-12-18 08:00,72.06,71.8,72.6,60,1.0
2025-12-18 09:00,72.28,71.9,72.6,60,1.0
2025-12-18 10:00,71.94,71.7,72.4,60,1.0
2025-12-18 11:00,71.95,71.6,72.3,59,0.983
2025-12-18 12:00,72.0,71.6,72.4,60,1.0
2025-12-18 13:00,71.99,71.7,72.4,60,1.0
2025-12-18 14:00,71.86,71.4,72.2,60,1.0
2025-12-18 15:00,71.6,71.3,72.0,60,1.0
2025-12-18 16:00,71.47,71.3,71.8,60,1.0
2025-12-18 17:00,71.45,71.2,71.9,60,1.0
2025-12-18 18:00,71.7,71.5,72.0,60,1.0
2025-12-18 19:00,71.6,71.2,71.9,60,1.0
2025-12-18 20:00,71.26,71.0,71.8,60,1.0
2025-12-18 21:00,71.09,70.9,71.3,59,0.983
2025-12-18 22:00,71.04,70.8,71.5,60,1.0
2025-12-18 23:00,70.99,70.8,71.2,60,1.0
2025-12-19 00:00,70.94,70.7,71.3,60,1.0
2025-12-19 01:00,70.99,70.7,71.3,60,1.0
2025-12-19 02:00,70.93,70.6,71.3,60,1.0
2025-12-19 03:00,70.89,70.6,71.2,55,0.917
2025-12-19 04:00,70.9,70.6,71.3,50,0.833
2025-12-19 05:00,70.77,70.4,71.2,48,0.8
2025-12-19 06:00,70.89,70.6,71.2,44,0.733
2025-12-19 07:00,70.84,70.6,71.2,58,0.967
2025-12-19 08:00,70.63,70.3,71.0,52,0.867
2025-12-19 09:00,70.41,70.2,70.8,55,0.917
2025-12-19 10:00,70.58,70.2,70.9,60,1.0
2025-12-19 11:00,70.54,70.2,70.9,59,0.983
2025-12-19 12:00,70.47,70.0,70.9,60,1.0
2025-12-19 13:00,70.48,70.0,70.8,60,1.0
2025-12-19 14:00,70.35,69.9,70.8,59,0.983
2025-12-19 15:00,70.08,69.9,70.4,58,0.967
2025-12-19 16:00,70.0,69.8,70.3,60,1.0
2025-12-19 17:00,69.94,69.8,70.2,50,0.833
2025-12-19 18:00,69.92,69.7,70.3,57,0.95
2025-12-19 19:00,70.02,69.7,70.3,60,1.0
2025-12-19 20:00,70.02,69.6,70.4,60,1.0
2025-12-19 21:00,69.9,69.6,70.4,60,1.0
2025-12-19 22:00,70.03,69.7,70.3,60,1.0
2025-12-19 23:00,70.01,69.8,70.3,60,1.0
2025-12-20 00:00,69.95,69.7,70.3,60,1.0
2025-12-20 01:00,69.84,69.5,70.2,60,1.0
2025-12-20 02:00,69.87,69.6,70.2,59,0.983
2025-12-20 03:00,69.84,69.4,70.1,60,1.0
2025-12-20 04:00,69.78,69.4,70.1,60,1.0
2025-12-20 05:00,69.72,69.6,69.9,60,1.0
2025-12-20 06:00,69.7,69.5,69.9,60,1.0
2025-12-20 07:00,69.65,69.3,69.9,60,1.0
2025-12-20 08:00,69.36,69.1,69.7,60,1.0
2025-12-20 09:00,69.44,69.0,69.9,59,0.983
2025-12-20 10:00,69.53,69.1,70.0,60,1.0
2025-12-20 11:00,69.36,69.0,69.7,60,1.0
2025-12-20 12:00,69.34,68.9,69.8,60,1.0
2025-12-20 13:00,69.06,68.8,69.6,58,0.967
2025-12-20 14:00,69.08,68.8,69.6,60,1.0
2025-12-20 15:00,69.32,68.9,69.7,59,0.983
2025-12-20 16:00,69.21,68.8,69.6,60,1.0
2025-12-20 17:00,68.95,68.7,69.4,60,1.0
2025-12-20 18:00,68.83,68.7,69.1,60,1.0
2025-12-20 19:00,68.79,68.6,69.0,60,1.0
2025-12-20 20:00,68.77,68.6,69.1,59,0.983
2025-12-20 21:00,68.85,68.5,69.2,59,0.983
2025-12-20 22:00,68.8,68.5,69.4,60,1.0
2025-12-20 23:00,68.87,68.5,69.3,58,0.967
2025-12-21 00:00,68.88,68.5,69.2,59,0.983
2025-12-21 01:00,68.9,68.5,69.2,60,1.0
2025-12-21 02:00,68.87,68.5,69.2,59,0.983
2025-12-21 03:00,68.84,68.6,69.1,59,0.983
2025-12-21 04:00,68.86,68.6,69.1,60,1.0
2025-12-21 05:00,68.77,68.6,69.1,60,1.0
2025-12-21 06:00,68.78,68.4,69.0,60,1.0
2025-12-21 07:00,68.73,68.4,69.0,60,1.0
2025-12-21 08:00,68.69,68.3,69.0,60,1.0
2025-12-21 09:00,68.34,68.1,68.7,60,1.0
2025-12-21 10:00,68.39,68.1,68.7,60,1.0
2025-12-21 11:00,68.49,68.1,68.8,60,1.0
2025-12-21 12:00,68.54,68.3,68.8,60,1.0
2025-12-21 13:00,68.37,68.1,68.7,60,1.0
2025-12-21 14:00,68.28,68.0,68.7,60,1.0
2025-12-21 15:00,68.14,67.9,68.5,60,1.0
2025-12-21 16:00,68.07,67.9,68.7,60,1.0
2025-12-21 17:00,68.03,67.8,68.2,60,1.0
2025-12-21 18:00,68.05,67.8,68.4,60,1.0
2025-12-21 19:00,68.0,67.8,68.3,60,1.0
2025-12-21 20:00,68.16,67.9,68.4,50,0.833
2025-12-21 21:00,68.08,67.8,68.4,53,0.883
2025-12-21 22:00,67.97,67.7,68.5,60,1.0
2025-12-21 23:00,67.88,67.7,68.1,60,1.0
2025-12-22 00:00,67.84,67.7,68.0,60,1.0
2025-12-22 01:00,67.85,67.7,68.1,60,1.0
2025-12-22 02:00,67.8,67.6,68.1,59,0.983
2025-12-22 03:00,67.77,67.6,68.1,60,1.0
2025-12-22 04:00,67.74,67.6,68.0,60,1.0
2025-12-22 05:00,67.72,67.6,67.9,60,1.0
2025-12-22 06:00,67.68,67.5,68.0,60,1.0
2025-12-22 07:00,67.64,67.5,67.8,60,1.0
2025-12-22 08:00,67.82,67.4,68.2,60,1.0
2025-12-22 09:00,67.73,67.4,68.1,60,1.0
2025-12-22 10:00,67.85,67.4,68.3,59,0.983
2025-12-22 11:00,67.67,67.3,68.1,60,1.0
2025-12-22 12:00,67.63,67.3,68.1,60,1.0
2025-12-22 13:00,67.64,67.3,68.1,60,1.0
2025-12-22 14:00,67.72,67.4,68.1,60,1.0
2025-12-22 15:00,67.66,67.2,68.0,60,1.0
2025-12-22 16:00,67.48,67.2,67.9,60,1.0
2025-12-22 17:00,67.38,67.2,67.7,59,0.983
2025-12-22 18:00,67.33,67.1,67.6,60,1.0
2025-12-22 19:00,67.4,67.2,67.7,60,1.0
2025-12-22 20:00,67.44,67.1,67.9,60,1.0
2025-12-22 21:00,67.52,67.2,67.9,60,1.0
2025-12-22 22:00,67.54,67.1,67.8,60,1.0
2025-12-22 23:00,67.57,67.3,67.9,59,0.983
2025-12-23 00:00,67.5,67.1,67.7,60,1.0
2025-12-23 01:00,67.46,67.1,67.8,57,0.95
2025-12-23 02:00,67.48,67.1,67.8,59,0.983
2025-12-23 03:00,67.45,67.0,67.8,60,1.0
2025-12-23 04:00,67.5,67.3,67.8,60,1.0
2025-12-23 05:00,67.48,67.3,67.7,59,0.983
2025-12-23 06:00,67.51,67.2,67.8,59,0.983
2025-12-23 07:00,67.4,67.1,67.7,60,1.0
2025-12-23 08:00,67.29,66.9,67.6,59,0.983
2025-12-23 09:00,67.16,66.9,67.5,59,0.983
2025-12-23 10:00,67.14,66.9,67.7,60,1.0
2025-12-23 11:00,67.22,66.8,67.6,60,1.0
2025-12-23 12:00,67.08,66.8,67.4,60,1.0
2025-12-23 13:00,67.08,66.8,67.5,60,1.0
2025-12-23 14:00,66.97,66.7,67.2,60,1.0
2025-12-23 15:00,67.44,67.1,67.8,60,1.0
2025-12-23 16:00,69.05,67.7,71.0,60,1.0
2025-12-23 17:00,72.93,70.9,75.7,60,1.0
2025-12-23 18:00,78.8,75.5,80.7,60,1.0
2025-12-23 19:00,80.79,80.2,81.5,60,1.0
2025-12-23 20:00,80.85,80.3,81.2,59,0.983
2025-12-23 21:00,80.38,79.3,81.0,55,0.917
2025-12-23 22:00,80.58,79.8,81.3,60,1.0
2025-12-23 23:00,81.59,81.0,82.0,60,1.0
2025-12-24 00:00,81.23,80.4,81.8,59,0.983
2025-12-24 01:00,80.92,80.5,81.4,60,1.0
2025-12-24 02:00,80.96,80.1,81.5,60,1.0
2025-12-24 03:00,82.8,80.5,84.0,60,1.0
2025-12-24 04:00,83.55,83.0,84.0,60,1.0
2025-12-24 05:00,83.01,82.3,83.9,59,0.983
2025-12-24 06:00,82.42,81.8,83.2,60,1.0
2025-12-24 07:00,81.92,81.4,82.6,60,1.0
2025-12-24 08:00,81.23,80.4,82.1,60,1.0
2025-12-24 09:00,81.38,80.7,81.8,60,1.0
2025-12-24 10:00,81.14,80.5,81.7,60,1.0
2025-12-24 11:00,80.91,80.4,81.3,60,1.0
2025-12-24 12:00,80.1,79.4,80.8,53,0.883
2025-12-24 13:00,80.99,80.3,81.6,48,0.8
2025-12-24 14:00,81.01,80.3,81.5,60,1.0
2025-12-24 15:00,80.58,80.1,81.1,60,1.0
2025-12-24 16:00,80.74,80.4,81.1,60,1.0
2025-12-24 17:00,80.69,80.4,81.0,49,0.817
2025-12-24 18:00,80.49,80.2,80.9,50,0.833
2025-12-24 19:00,80.28,79.9,80.6,45,0.75
2025-12-24 20:00,79.98,79.6,80.4,57,0.95
2025-12-24 21:00,79.51,78.8,80.2,60,1.0
2025-12-24 22:00,79.19,78.8,79.7,60,1.0
2025-12-24 23:00,79.0,78.7,79.7,60,1.0
2025-12-25 00:00,79.05,78.8,79.3,57,0.95
2025-12-25 01:00,78.92,78.6,79.2,55,0.917
2025-12-25 02:00,78.7,78.4,79.1,60,1.0
2025-12-25 03:00,78.53,78.2,78.8,59,0.983
2025-12-25 04:00,78.31,78.0,78.7,56,0.933
2025-12-25 05:00,78.03,77.7,78.4,49,0.817
2025-12-25 06:00,77.85,77.5,78.3,50,0.833
2025-12-25 07:00,77.6,77.3,77.9,53,0.883
2025-12-25 08:00,77.58,77.2,78.0,53,0.883
2025-12-25 09:00,77.2,76.9,77.7,44,0.733
2025-12-25 10:00,76.94,76.6,77.5,53,0.883
2025-12-25 11:00,76.78,76.4,77.2,59,0.983
2025-12-25 12:00,76.83,76.4,77.3,53,0.883
2025-12-25 13:00,76.76,76.3,77.0,60,1.0
2025-12-25 14:00,76.47,76.0,76.9,60,1.0
2025-12-25 15:00,76.09,75.7,76.4,60,1.0
2025-12-25 16:00,75.96,75.6,76.4,58,0.967
2025-12-25 17:00,75.71,75.4,76.2,60,1.0
2025-12-25 18:00,75.51,75.3,75.8,60,1.0
2025-12-25 19:00,75.36,75.1,76.0,60,1.0
2025-12-25 20:00,75.2,74.9,75.5,60,1.0
2025-12-25 21:00,75.05,74.8,75.3,60,1.0
2025-12-25 22:00,74.92,74.6,75.2,59,0.983
2025-12-25 23:00,74.79,74.5,75.1,45,0.75
2025-12-26 00:00,74.67,74.4,75.0,50,0.833
2025-12-26 01:00,74.56,74.3,74.9,48,0.8
2025-12-26 02:00,74.46,74.2,74.8,56,0.933
2025-12-26 03:00,74.32,74.0,74.7,58,0.967
2025-12-26 04:00,74.23,73.9,74.6,47,0.783
2025-12-26 05:00,74.16,73.8,74.6,58,0.967
2025-12-26 06:00,74.03,73.7,74.3,60,1.0
2025-12-26 07:00,73.94,73.5,74.4,60,1.0
2025-12-26 08:00,73.73,73.4,74.2,58,0.967
2025-12-26 09:00,73.93,73.6,74.2,48,0.8
2025-12-26 10:00,73.73,73.3,74.2,59,0.983
2025-12-26 11:00,73.52,73.2,73.9,60,1.0
2025-12-26 12:00,73.31,73.1,73.5,47,0.783
2025-12-26 13:00,73.24,73.0,73.9,51,0.85
2025-12-26 14:00,73.11,72.8,73.5,49,0.817
2025-12-26 15:00,73.22,72.9,73.7,58,0.967
2025-12-26 16:00,73.22,72.8,73.6,60,1.0
2025-12-26 17:00,73.21,72.9,73.5,60,1.0
2025-12-26 18:00,73.12,72.8,73.5,59,0.983
2025-12-26 19:00,72.76,72.4,73.2,60,1.0
2025-12-26 20:00,72.62,72.4,73.2,59,0.983
2025-12-26 21:00,72.46,72.3,72.7,59,0.983
2025-12-26 22:00,72.42,72.2,72.8,60,1.0
2025-12-26 23:00,72.31,72.1,72.5,60,1.0
2025-12-27 00:00,72.25,72.0,72.5,60,1.0
2025-12-27 01:00,72.15,71.9,72.5,60,1.0
2025-12-27 02:00,72.14,71.9,72.5,60,1.0
2025-12-27 03:00,72.05,71.8,72.4,60,1.0
2025-12-27 04:00,71.97,71.8,72.2,60,1.0
2025-12-27 05:00,71.92,71.7,72.1,60,1.0
2025-12-27 06:00,71.86,71.6,72.3,60,1.0
2025-12-27 07:00,71.81,71.6,72.2,60,1.0
2025-12-27 08:00,71.75,71.5,72.1,60,1.0
2025-12-27 09:00,71.92,71.6,72.2,59,0.983
2025-12-27 10:00,71.89,71.6,72.2,60,1.0
2025-12-27 11:00,71.81,71.6,72.2,60,1.0
2025-12-27 12:00,71.75,71.4,72.1,60,1.0
2025-12-27 13:00,71.52,71.2,71.9,60,1.0
2025-12-27 14:00,71.33,71.1,71.7,59,0.983
2025-12-27 15:00,71.2,71.0,71.5,56,0.933
2025-12-27 16:00,71.27,70.9,71.7,53,0.883
2025-12-27 17:00,71.13,70.8,71.6,59,0.983
2025-12-27 18:00,71.08,70.8,71.5,60,1.0
2025-12-27 19:00,70.98,70.7,71.4,60,1.0
2025-12-27 20:00,70.9,70.7,71.1,55,0.917
2025-12-27 21:00,70.82,70.6,71.1,54,0.9
2025-12-27 22:00,70.79,70.6,71.0,57,0.95
2025-12-27 23:00,70.71,70.5,70.9,43,0.717
2025-12-28 00:00,70.65,70.5,70.9,46,0.767
2025-12-28 01:00,70.57,70.4,70.8,49,0.817
2025-12-28 02:00,70.58,70.4,70.9,48,0.8
2025-12-28 03:00,70.53,70.3,70.8,58,0.967
2025-12-28 04:00,70.47,70.3,70.8,60,1.0
2025-12-28 05:00,70.43,70.2,70.7,60,1.0
2025-12-28 06:00,70.44,70.2,70.7,60,1.0
2025-12-28 07:00,70.4,70.1,70.8,60,1.0
2025-12-28 08:00,70.31,70.1,70.9,60,1.0
2025-12-28 09:00,70.48,70.0,70.9,60,1.0
2025-12-28 10:00,70.35,70.0,70.7,60,1.0
2025-12-28 11:00,70.3,70.0,70.7,60,1.0
2025-12-28 12:00,70.35,70.0,70.8,60,1.0
2025-12-28 13:00,70.43,69.9,70.7,60,1.0
2025-12-28 14:00,70.37,70.0,70.6,60,1.0
2025-12-28 15:00,70.31,69.8,70.6,60,1.0
2025-12-28 16:00,70.16,69.8,70.5,60,1.0
2025-12-28 17:00,70.07,69.7,70.4,60,1.0
2025-12-28 18:00,70.0,69.7,70.4,60,1.0
2025-12-28 19:00,69.81,69.6,70.1,60,1.0
2025-12-28 20:00,69.74,69.6,69.9,60,1.0
2025-12-28 21:00,69.71,69.6,69.9,60,1.0
2025-12-28 22:00,69.68,69.5,69.8,60,1.0
2025-12-28 23:00,69.69,69.5,70.2,59,0.983
2025-12-29 00:00,69.65,69.4,70.0,60,1.0
2025-12-29 01:00,69.54,69.4,69.8,59,0.983
2025-12-29 02:00,69.53,69.3,69.8,60,1.0
2025-12-29 03:00,69.55,69.3,69.9,60,1.0
2025-12-29 04:00,69.6,69.3,70.0,60,1.0
2025-12-29 05:00,69.57,69.3,69.8,60,1.0
2025-12-29 06:00,69.62,69.2,69.9,60,1.0
2025-12-29 07:00,69.66,69.2,69.9,60,1.0
2025-12-29 08:00,69.46,69.1,69.9,59,0.983
2025-12-29 09:00,69.42,69.1,69.7,59,0.983
2025-12-29 10:00,69.55,69.2,69.8,60,1.0
2025-12-29 11:00,69.52,69.0,69.9,56,0.933
2025-12-29 12:00,69.53,69.0,69.9,59,0.983
2025-12-29 13:00,69.44,69.0,69.7,60,1.0
2025-12-29 14:00,69.24,68.9,69.6,57,0.95
2025-12-29 15:00,69.15,68.9,69.4,59,0.983
2025-12-29 16:00,69.08,68.9,69.4,60,1.0
2025-12-29 17:00,69.04,68.8,69.3,53,0.883
2025-12-29 18:00,68.94,68.8,69.2,53,0.883
2025-12-29 19:00,68.93,68.8,69.2,46,0.767
2025-12-29 20:00,68.89,68.7,69.2,58,0.967
2025-12-29 21:00,68.9,68.6,69.3,60,1.0
2025-12-29 22:00,68.95,68.6,69.4,60,1.0
2025-12-29 23:00,69.03,68.6,69.4,60,1.0
2025-12-30 00:00,68.84,68.6,69.2,60,1.0
2025-12-30 01:00,68.74,68.6,69.3,60,1.0
2025-12-30 02:00,68.73,68.6,69.0,60,1.0
2025-12-30 03:00,68.84,68.5,69.3,60,1.0
2025-12-30 04:00,69.03,68.5,69.3,60,1.0
2025-12-30 05:00,68.82,68.5,69.2,60,1.0
2025-12-30 06:00,68.7,68.4,69.0,60,1.0
2025-12-30 07:00,68.6,68.4,68.9,60,1.0
2025-12-30 08:00,68.68,68.4,69.2,60,1.0
2025-12-30 09:00,68.69,68.3,69.2,60,1.0
2025-12-30 10:00,68.64,68.4,69.0,60,1.0
2025-12-30 11:00,68.78,68.5,69.1,60,1.0
2025-12-30 12:00,68.56,68.2,69.0,60,1.0
2025-12-30 13:00,68.53,68.2,68.9,60,1.0
2025-12-30 14:00,68.67,68.3,69.1,60,1.0
2025-12-30 15:00,68.58,68.2,68.9,60,1.0
2025-12-30 16:00,68.56,68.2,68.8,60,1.0
2025-12-30 17:00,68.25,68.0,68.7,60,1.0
2025-12-30 18:00,68.22,68.0,68.4,60,1.0
2025-12-30 19:00,68.44,68.0,68.7,60,1.0
2025-12-30 20:00,68.49,68.2,68.8,59,0.983
2025-12-30 21:00,68.29,67.9,68.7,60,1.0
2025-12-30 22:00,68.24,67.9,68.6,60,1.0
2025-12-30 23:00,68.4,68.0,68.6,60,1.0
2025-12-31 00:00,68.31,68.0,68.7,60,1.0
2025-12-31 01:00,68.09,67.8,68.4,60,1.0
2025-12-31 02:00,68.02,67.7,68.4,60,1.0
2025-12-31 03:00,67.96,67.7,68.2,60,1.0
2025-12-31 04:00,67.87,67.7,68.2,60,1.0
2025-12-31 05:00,67.74,67.6,68.0,59,0.983
2025-12-31 06:00,67.7,67.5,67.9,59,0.983
2025-12-31 07:00,67.62,67.4,67.9,60,1.0
2025-12-31 08:00,67.54,67.4,67.8,60,1.0
2025-12-31 09:00,67.5,67.3,67.8,60,1.0
2025-12-31 10:00,67.42,67.2,67.6,59,0.983
2025-12-31 11:00,67.58,67.3,68.0,54,0.9
2025-12-31 12:00,67.39,67.2,67.7,50,0.833
2025-12-31 13:00,67.3,67.1,67.8,60,1.0
2025-12-31 14:00,67.25,67.1,67.5,59,0.983
2025-12-31 15:00,67.27,67.0,67.7,58,0.967
2025-12-31 16:00,67.34,67.0,67.7,60,1.0
2025-12-31 17:00,67.14,67.0,67.5,60,1.0
2025-12-31 18:00,67.06,66.9,67.3,60,1.0
2025-12-31 19:00,67.04,66.8,67.3,60,1.0
2025-12-31 20:00,66.96,66.8,67.2,60,1.0
2025-12-31 21:00,66.9,66.7,67.2,59,0.983
2025-12-31 22:00,66.85,66.7,67.2,60,1.0
2025-12-31 23:00,66.92,66.7,67.3,59,0.983
2026-01-01 00:00,67.1,67.1,67.1,1,0.017
