time,value,min,max,n,coverage
2025-02-21 14:00,39.29,37.3,40.5,34,0.567
2025-02-21 15:00,39.14,38.2,39.8,59,0.983
2025-02-21 16:00,39.37,39.1,39.7,60,1.0
2025-02-21 17:00,39.45,39.2,39.8,60,1.0
2025-02-21 18:00,39.53,39.3,39.9,60,1.0
2025-02-21 19:00,39.56,39.4,39.9,60,1.0
2025-02-21 20:00,39.64,39.4,40.0,60,1.0
2025-02-21 21:00,39.6,39.4,40.0,60,1.0
2025-02-21 22:00,39.72,39.5,40.0,60,1.0
2025-02-21 23:00,39.66,39.5,40.0,60,1.0
2025-02-22 00:00,39.7,39.5,40.1,46,0.767
2025-02-22 01:00,39.76,39.5,40.1,49,0.817
2025-02-22 02:00,39.77,39.5,40.1,60,1.0
2025-02-22 03:00,39.76,39.6,40.1,60,1.0
2025-02-22 04:00,39.75,39.6,40.2,60,1.0
2025-02-22 05:00,39.73,39.6,40.0,60,1.0
2025-02-22 06:00,39.77,39.6,40.2,60,1.0
2025-02-22 07:00,39.75,39.6,40.0,59,0.983
2025-02-22 08:00,39.86,39.6,40.1,60,1.0
2025-02-22 09:00,39.84,39.6,40.2,60,1.0
2025-02-22 10:00,39.88,39.6,40.2,60,1.0
2025-02-22 11:00,39.88,39.7,40.2,60,1.0
2025-02-22 12:00,39.87,39.6,40.2,60,1.0
2025-02-22 13:00,39.8,39.6,40.2,60,1.0
2025-02-22 14:00,39.83,39.6,40.2,59,0.983
2025-02-22 15:00,39.82,39.6,40.1,47,0.783
2025-02-22 16:00,39.91,39.7,40.3,51,0.85
2025-02-22 17:00,39.83,39.7,40.2,53,0.883
2025-02-22 18:00,39.98,39.7,40.3,48,0.8
2025-02-22 19:00,39.93,39.7,40.3,56,0.933
2025-02-22 20:00,39.88,39.7,40.2,60,1.0
2025-02-22 21:00,39.92,39.7,40.2,60,1.0
2025-02-22 22:00,39.94,39.7,40.3,60,1.0
2025-02-22 23:00,39.98,39.7,40.3,60,1.0
2025-02-23 00:00,39.94,39.7,40.2,60,1.0
2025-02-23 01:00,39.89,39.7,40.2,60,1.0
2025-02-23 02:00,39.85,39.7,40.2,59,0.983
2025-02-23 03:00,39.92,39.7,40.2,60,1.0
2025-02-23 04:00,39.97,39.7,40.3,60,1.0
2025-02-23 05:00,39.98,39.7,40.3,60,1.0
2025-02-23 06:00,39.97,39.7,40.2,60,1.0
2025-02-23 07:00,39.99,39.7,40.3,60,1.0
2025-02-23 08:00,39.92,39.7,40.2,60,1.0
2025-02-23 09:00,39.9,39.7,40.2,60,1.0
2025-02-23 10:00,39.91,39.7,40.2,60,1.0
2025-02-23 11:00,39.91,39.7,40.2,60,1.0
2025-02-23 12:00,39.93,39.7,40.3,60,1.0
2025-02-23 13:00,39.92,39.7,40.2,60,1.0
2025-02-23 14:00,39.97,39.8,40.3,60,1.0
2025-02-23 15:00,40.06,39.9,40.4,60,1.0
2025-02-23 16:00,39.97,39.8,40.2,60,1.0
2025-02-23 17:00,40.09,39.9,40.4,60,1.0
2025-02-23 18:00,40.02,39.8,40.3,60,1.0
2025-02-23 19:00,40.03,39.8,40.3,60,1.0
2025-02-23 20:00,40.05,39.8,40.3,60,1.0
2025-02-23 21:00,40.14,39.9,40.5,60,1.0
2025-02-23 22:00,40.07,39.8,40.4,60,1.0
2025-02-23 23:00,40.02,39.8,40.3,60,1.0
2025-02-24 00:00,39.98,39.8,40.2,60,1.0
2025-02-24 01:00,39.96,39.8,40.2,60,1.0
2025-02-24 02:00,40.02,39.8,40.4,60,1.0
2025-02-24 03:00,40.02,39.8,40.3,60,1.0
2025-02-24 04:00,40.07,39.8,40.4,60,1.0
2025-02-24 05:00,40.11,39.8,40.3,60,1.0
2025-02-24 06:00,40.1,39.9,40.4,60,1.0
2025-02-24 07:00,40.03,39.8,40.3,60,1.0
2025-02-24 08:00,40.03,39.8,40.4,60,1.0
2025-02-24 09:00,40.02,39.8,40.3,60,1.0
2025-02-24 10:00,40.05,39.8,40.5,60,1.0
2025-02-24 11:00,40.03,39.8,40.3,60,1.0
2025-02-24 12:00,40.07,39.9,40.4,60,1.0
2025-02-24 13:00,40.09,39.9,40.4,60,1.0
2025-02-24 14:00,40.13,39.9,40.5,55,0.917
2025-02-24 15:00,40.06,39.9,40.4,49,0.817
2025-02-24 16:00,40.1,39.9,40.3,49,0.817
2025-02-24 17:00,40.08,39.9,40.5,44,0.733
2025-02-24 18:00,40.04,39.9,40.5,53,0.883
2025-02-24 19:00,40.17,39.9,40.4,52,0.867
2025-02-24 20:00,40.09,39.9,40.4,60,1.0
2025-02-24 21:00,40.12,39.9,40.4,60,1.0
2025-02-24 22:00,40.02,39.8,40.3,60,1.0
2025-02-24 23:00,39.98,39.8,40.2,60,1.0
2025-02-25 00:00,40.02,39.8,40.4,60,1.0
2025-02-25 01:00,40.06,39.8,40.4,60,1.0
2025-02-25 02:00,40.04,39.8,40.4,60,1.0
2025-02-25 03:00,39.96,39.7,40.3,60,1.0
2025-02-25 04:00,40.03,39.8,40.4,60,1.0
2025-02-25 05:00,40.02,39.7,40.4,60,1.0
2025-02-25 06:00,40.09,39.7,40.5,60,1.0
2025-02-25 07:00,40.24,40.0,40.6,59,0.983
2025-02-25 08:00,40.44,40.0,41.0,59,0.983
2025-02-25 09:00,40.49,40.3,40.8,60,1.0
2025-02-25 10:00,40.42,40.2,40.7,60,1.0
2025-02-25 11:00,40.36,40.2,40.7,60,1.0
2025-02-25 12:00,40.3,40.1,40.7,60,1.0
2025-02-25 13:00,40.29,40.0,40.6,59,0.983
2025-02-25 14:00,40.14,40.0,40.4,60,1.0
2025-02-25 15:00,40.17,40.0,40.7,60,1.0
2025-02-25 16:00,40.13,39.9,40.5,60,1.0
2025-02-25 17:00,40.1,39.9,40.4,60,1.0
2025-02-25 18:00,40.11,39.9,40.4,60,1.0
2025-02-25 19:00,40.21,39.9,40.5,60,1.0
2025-02-25 20:00,40.52,40.1,40.9,60,1.0
2025-02-25 21:00,40.59,40.3,41.0,60,1.0
2025-02-25 22:00,40.83,40.6,41.1,60,1.0
2025-02-25 23:00,40.83,40.6,41.1,59,0.983
2025-02-26 00:00,40.89,40.7,41.3,59,0.983
2025-02-26 01:00,40.88,40.7,41.3,59,0.983
2025-02-26 02:00,40.89,40.7,41.2,60,1.0
2025-02-26 03:00,40.96,40.7,41.2,56,0.933
2025-02-26 04:00,41.12,40.8,41.5,60,1.0
2025-02-26 05:00,41.2,40.8,41.5,46,0.767
2025-02-26 06:00,41.51,41.1,41.8,53,0.883
2025-02-26 07:00,41.88,41.4,42.3,59,0.983
2025-02-26 08:00,42.36,41.9,43.0,60,1.0
2025-02-26 09:00,43.23,42.5,44.0,60,1.0
2025-02-26 10:00,44.22,43.7,44.9,60,1.0
2025-02-26 11:00,45.1,44.6,45.5,60,1.0
2025-02-26 12:00,45.68,45.2,46.4,60,1.0
2025-02-26 13:00,46.12,45.8,46.6,60,1.0
2025-02-26 14:00,46.39,46.1,47.0,58,0.967
2025-02-26 15:00,46.78,46.4,47.2,57,0.95
2025-02-26 16:00,47.15,46.7,47.7,45,0.75
2025-02-26 17:00,47.45,47.1,48.0,57,0.95
2025-02-26 18:00,47.66,47.3,48.2,60,1.0
2025-02-26 19:00,48.04,47.6,48.6,60,1.0
2025-02-26 20:00,48.6,48.1,49.3,60,1.0
2025-02-26 21:00,50.05,49.1,50.9,60,1.0
2025-02-26 22:00,54.68,50.9,61.9,60,1.0
2025-02-26 23:00,61.58,60.9,62.3,56,0.933
2025-02-27 00:00,60.24,59.5,61.3,60,1.0
2025-02-27 01:00,58.95,58.3,59.6,59,0.983
2025-02-27 02:00,58.11,57.5,58.6,59,0.983
2025-02-27 03:00,57.42,56.9,58.0,59,0.983
2025-02-27 04:00,57.1,56.6,57.6,60,1.0
2025-02-27 05:00,56.58,56.0,57.2,60,1.0
2025-02-27 06:00,56.19,55.6,56.6,60,1.0
2025-02-27 07:00,55.72,55.2,56.3,60,1.0
2025-02-27 08:00,55.31,54.9,55.9,60,1.0
2025-02-27 09:00,54.96,54.5,55.5,60,1.0
2025-02-27 10:00,54.56,54.2,55.0,60,1.0
2025-02-27 11:00,54.28,53.9,54.8,60,1.0
2025-02-27 12:00,54.03,53.7,54.4,60,1.0
2025-02-27 13:00,53.79,53.4,54.3,60,1.0
2025-02-27 14:00,53.6,53.3,54.2,60,1.0
2025-02-27 15:00,53.44,53.0,53.8,60,1.0
2025-02-27 16:00,53.23,52.9,53.7,60,1.0
2025-02-27 17:00,53.04,52.7,53.5,60,1.0
2025-02-27 18:00,52.89,52.6,53.2,55,0.917
2025-02-27 19:00,52.68,52.4,53.2,58,0.967
2025-02-27 20:00,52.68,52.3,53.1,55,0.917
2025-02-27 21:00,52.43,52.1,52.9,60,1.0
2025-02-27 22:00,52.42,52.0,52.8,60,1.0
2025-02-27 23:00,52.21,51.9,52.8,60,1.0
2025-02-28 00:00,52.14,51.8,52.6,60,1.0
2025-02-28 01:00,52.0,51.7,52.5,60,1.0
2025-02-28 02:00,51.85,51.6,52.3,60,1.0
2025-02-28 03:00,51.76,51.5,52.2,60,1.0
2025-02-28 04:00,51.74,51.4,52.2,60,1.0
2025-02-28 05:00,51.59,51.4,51.9,60,1.0
2025-02-28 06:00,51.63,51.3,52.1,60,1.0
2025-02-28 07:00,51.58,51.2,52.1,60,1.0
2025-02-28 08:00,51.41,51.1,51.8,60,1.0
2025-02-28 09:00,51.3,51.0,51.8,60,1.0
2025-02-28 10:00,51.25,50.9,51.7,60,1.0
2025-02-28 11:00,51.11,50.8,51.7,60,1.0
2025-02-28 12:00,50.97,50.7,51.5,60,1.0
2025-02-28 13:00,50.97,50.6,51.4,60,1.0
2025-02-28 14:00,50.88,50.5,51.3,60,1.0
2025-02-28 15:00,50.83,50.5,51.2,60,1.0
2025-02-28 16:00,50.71,50.4,51.2,60,1.0
2025-02-28 17:00,50.66,50.4,51.1,60,1.0
2025-02-28 18:00,50.54,50.3,51.1,60,1.0
2025-02-28 19:00,50.5,50.2,50.9,60,1.0
2025-02-28 20:00,50.56,49.9,50.9,60,1.0
2025-02-28 21:00,50.4,50.1,51.2,60,1.0
2025-02-28 22:00,50.26,50.1,50.5,60,1.0
2025-02-28 23:00,50.24,50.0,50.6,60,1.0
2025-03-01 00:00,50.28,50.0,50.7,60,1.0
2025-03-01 01:00,50.25,49.9,50.6,60,1.0
2025-03-01 02:00,50.21,49.9,50.7,60,1.0
2025-03-01 03:00,50.2,49.8,50.6,60,1.0
2025-03-01 04:00,50.1,49.7,50.4,60,1.0
2025-03-01 05:00,49.98,49.6,50.5,60,1.0
2025-03-01 06:00,50.01,49.6,50.4,60,1.0
2025-03-01 07:00,49.88,49.6,50.3,60,1.0
2025-03-01 08:00,49.86,49.6,50.3,60,1.0
2025-03-01 09:00,49.75,49.5,50.2,60,1.0
2025-03-01 10:00,49.77,49.4,50.2,60,1.0
2025-03-01 11:00,49.69,49.4,50.1,60,1.0
2025-03-01 12:00,49.62,49.3,50.1,60,1.0
2025-03-01 13:00,49.58,49.3,49.9,60,1.0
2025-03-01 14:00,49.52,49.2,50.0,60,1.0
2025-03-01 15:00,49.54,49.2,50.0,60,1.0
2025-03-01 16:00,49.36,49.2,49.8,60,1.0
2025-03-01 17:00,49.44,49.1,49.9,60,1.0
2025-03-01 18:00,49.39,49.1,49.7,60,1.0
2025-03-01 19:00,49.3,49.1,49.7,59,0.983
2025-03-01 20:00,49.38,49.0,49.9,60,1.0
2025-03-01 21:00,49.3,49.0,49.6,60,1.0
2025-03-01 22:00,49.26,48.9,49.7,60,1.0
2025-03-01 23:00,49.24,49.0,49.7,60,1.0
2025-03-02 00:00,49.26,49.0,49.6,59,0.983
2025-03-02 01:00,49.21,48.9,49.6,60,1.0
2025-03-02 02:00,49.18,48.8,49.6,60,1.0
2025-03-02 03:00,49.09,48.8,49.6,60,1.0
2025-03-02 04:00,49.04,48.7,49.5,60,1.0
2025-03-02 05:00,49.01,48.8,49.3,60,1.0
2025-03-02 06:00,48.91,48.7,49.2,58,0.967
2025-03-02 07:00,48.99,48.7,49.3,50,0.833
2025-03-02 08:00,48.96,48.6,49.4,51,0.85
2025-03-02 09:00,48.87,48.6,49.3,59,0.983
2025-03-02 10:00,48.85,48.6,49.3,47,0.783
2025-03-02 11:00,48.83,48.5,49.2,50,0.833
2025-03-02 12:00,48.85,48.5,49.1,52,0.867
2025-03-02 13:00,48.71,48.5,49.1,51,0.85
2025-03-02 14:00,48.73,48.5,49.1,46,0.767
2025-03-02 15:00,48.69,48.4,49.1,48,0.8
2025-03-02 16:00,48.65,48.4,49.1,53,0.883
2025-03-02 17:00,48.67,48.4,49.0,52,0.867
2025-03-02 18:00,48.66,48.3,48.9,60,1.0
2025-03-02 19:00,48.58,48.3,49.0,60,1.0
2025-03-02 20:00,48.48,48.2,49.0,60,1.0
2025-03-02 21:00,48.49,48.2,49.0,60,1.0
2025-03-02 22:00,48.42,48.2,48.8,60,1.0
2025-03-02 23:00,48.42,48.2,48.8,60,1.0
2025-03-03 00:00,48.47,48.1,48.8,60,1.0
2025-03-03 01:00,48.46,48.1,48.9,60,1.0
2025-03-03 02:00,48.45,48.1,48.8,60,1.0
2025-03-03 03:00,48.26,48.1,48.6,60,1.0
2025-03-03 04:00,48.28,48.0,48.7,60,1.0
2025-03-03 05:00,48.28,48.0,48.8,60,1.0
2025-03-03 06:00,48.19,47.9,48.6,60,1.0
2025-03-03 07:00,48.11,47.9,48.5,60,1.0
2025-03-03 08:00,48.18,47.9,48.6,60,1.0
2025-03-03 09:00,48.17,47.9,48.6,60,1.0
2025-03-03 10:00,48.14,47.9,48.5,60,1.0
2025-03-03 11:00,48.08,47.8,48.5,60,1.0
2025-03-03 12:00,48.04,47.8,48.5,60,1.0
2025-03-03 13:00,48.0,47.8,48.4,60,1.0
2025-03-03 14:00,47.98,47.7,48.4,60,1.0
2025-03-03 15:00,48.0,47.7,48.3,60,1.0
2025-03-03 16:00,47.88,47.7,48.2,60,1.0
2025-03-03 17:00,47.83,47.6,48.2,60,1.0
2025-03-03 18:00,47.91,47.6,48.3,60,1.0
2025-03-03 19:00,47.87,47.6,48.2,60,1.0
2025-03-03 20:00,47.8,47.5,48.4,60,1.0
2025-03-03 21:00,47.73,47.5,48.1,60,1.0
2025-03-03 22:00,47.68,47.5,48.0,60,1.0
2025-03-03 23:00,47.68,47.4,48.0,60,1.0
2025-03-04 00:00,47.66,47.4,48.0,60,1.0
2025-03-04 01:00,47.58,47.4,47.9,60,1.0
2025-03-04 02:00,47.67,47.4,48.1,60,1.0
2025-03-04 03:00,47.65,47.3,48.0,60,1.0
2025-03-04 04:00,47.62,47.3,47.9,60,1.0
2025-03-04 05:00,47.59,47.3,47.9,60,1.0
2025-03-04 06:00,47.52,47.3,47.9,60,1.0
2025-03-04 07:00,47.48,47.3,47.9,60,1.0
2025-03-04 08:00,47.53,47.2,47.9,60,1.0
2025-03-04 09:00,47.49,47.2,48.1,60,1.0
2025-03-04 10:00,47.51,47.2,47.8,59,0.983
2025-03-04 11:00,47.4,47.2,47.8,60,1.0
2025-03-04 12:00,47.43,47.2,47.8,60,1.0
2025-03-04 13:00,47.41,47.2,47.8,60,1.0
2025-03-04 14:00,47.44,47.2,47.9,60,1.0
2025-03-04 15:00,47.33,47.1,47.8,60,1.0
2025-03-04 16:00,47.31,47.1,47.7,59,0.983
2025-03-04 17:00,47.35,47.0,47.8,60,1.0
2025-03-04 18:00,47.33,47.0,47.7,60,1.0
2025-03-04 19:00,47.16,47.0,47.5,59,0.983
2025-03-04 20:00,47.14,47.0,47.4,50,0.833
2025-03-04 21:00,47.16,46.9,47.5,47,0.783
2025-03-04 22:00,47.15,46.9,47.6,58,0.967
2025-03-04 23:00,47.15,46.9,47.6,60,1.0
2025-03-05 00:00,47.07,46.8,47.4,60,1.0
2025-03-05 01:00,47.06,46.8,47.5,60,1.0
2025-03-05 02:00,47.06,46.8,47.3,60,1.0
2025-03-05 03:00,47.04,46.8,47.6,60,1.0
2025-03-05 04:00,47.12,46.8,47.4,60,1.0
2025-03-05 05:00,47.08,46.7,47.5,60,1.0
2025-03-05 06:00,47.05,46.7,47.4,60,1.0
2025-03-05 07:00,46.96,46.7,47.3,60,1.0
2025-03-05 08:00,46.93,46.7,47.2,60,1.0
2025-03-05 09:00,46.99,46.7,47.4,60,1.0
2025-03-05 10:00,46.94,46.6,47.2,60,1.0
2025-03-05 11:00,46.88,46.6,47.3,60,1.0
2025-03-05 12:00,46.9,46.7,47.3,60,1.0
2025-03-05 13:00,46.9,46.7,47.3,60,1.0
2025-03-05 14:00,46.93,46.7,47.5,60,1.0
2025-03-05 15:00,46.93,46.7,47.3,60,1.0
2025-03-05 16:00,46.81,46.6,47.1,60,1.0
2025-03-05 17:00,46.89,46.6,47.3,60,1.0
2025-03-05 18:00,46.89,46.6,47.3,60,1.0
2025-03-05 19:00,46.77,46.5,47.2,60,1.0
2025-03-05 20:00,46.72,46.5,47.1,60,1.0
2025-03-05 21:00,46.67,46.5,47.1,60,1.0
2025-03-05 22:00,46.68,46.5,47.2,60,1.0
2025-03-05 23:00,46.73,46.5,47.0,60,1.0
2025-03-06 00:00,46.68,46.4,47.0,60,1.0
2025-03-06 01:00,46.6,46.4,46.9,60,1.0
2025-03-06 02:00,46.61,46.4,46.9,60,1.0
2025-03-06 03:00,46.68,46.4,47.3,60,1.0
2025-03-06 04:00,46.68,46.3,47.0,60,1.0
2025-03-06 05:00,46.59,46.3,46.9,60,1.0
2025-03-06 06:00,46.56,46.1,47.2,60,1.0
2025-03-06 07:00,46.6,46.3,47.0,60,1.0
2025-03-06 08:00,46.52,46.2,46.9,60,1.0
2025-03-06 09:00,46.47,46.3,46.9,60,1.0
2025-03-06 10:00,46.56,46.2,47.0,60,1.0
2025-03-06 11:00,46.46,46.2,46.8,60,1.0
2025-03-06 12:00,46.5,46.3,46.9,59,0.983
2025-03-06 13:00,46.51,46.2,46.9,60,1.0
2025-03-06 14:00,46.52,46.2,46.9,60,1.0
2025-03-06 15:00,46.58,46.2,47.1,60,1.0
2025-03-06 16:00,46.5,46.2,46.9,59,0.983
2025-03-06 17:00,46.38,46.2,46.7,60,1.0
2025-03-06 18:00,46.51,46.2,46.8,60,1.0
2025-03-06 19:00,46.5,46.2,46.8,60,1.0
2025-03-06 20:00,46.4,46.1,46.8,60,1.0
2025-03-06 21:00,46.32,46.1,46.7,60,1.0
2025-03-06 22:00,46.27,46.1,46.6,60,1.0
2025-03-06 23:00,46.3,46.1,46.9,60,1.0
2025-03-07 00:00,46.32,46.1,46.7,59,0.983
2025-03-07 01:00,46.4,46.1,46.8,60,1.0
2025-03-07 02:00,46.31,46.0,46.7,60,1.0
2025-03-07 03:00,46.36,46.0,46.8,60,1.0
2025-03-07 04:00,46.38,46.0,46.7,60,1.0
2025-03-07 05:00,46.32,46.0,46.7,60,1.0
2025-03-07 06:00,46.3,46.0,46.6,60,1.0
2025-03-07 07:00,46.25,45.9,46.7,60,1.0
2025-03-07 08:00,46.21,45.9,46.7,60,1.0
2025-03-07 09:00,46.2,45.9,46.5,60,1.0
2025-03-07 10:00,46.16,45.9,46.7,60,1.0
2025-03-07 11:00,46.26,46.0,46.6,60,1.0
2025-03-07 12:00,46.16,45.9,46.5,60,1.0
2025-03-07 13:00,46.15,46.0,46.4,60,1.0
2025-03-07 14:00,46.16,45.9,46.6,60,1.0
2025-03-07 15:00,46.23,45.9,46.6,59,0.983
2025-03-07 16:00,46.19,45.9,46.7,60,1.0
2025-03-07 17:00,46.19,45.9,46.5,60,1.0
2025-03-07 18:00,46.17,45.9,46.6,60,1.0
2025-03-07 19:00,46.18,45.9,46.6,60,1.0
2025-03-07 20:00,46.1,45.9,46.5,59,0.983
2025-03-07 21:00,46.06,45.8,46.4,60,1.0
2025-03-07 22:00,46.05,45.8,46.4,60,1.0
2025-03-07 23:00,46.1,45.8,46.4,60,1.0
2025-03-08 00:00,45.99,45.8,46.5,60,1.0
2025-03-08 01:00,45.98,45.8,46.3,60,1.0
2025-03-08 02:00,45.97,45.8,46.4,60,1.0
2025-03-08 03:00,46.0,45.8,46.5,60,1.0
2025-03-08 04:00,46.02,45.7,46.5,60,1.0
2025-03-08 05:00,46.04,45.7,46.4,60,1.0
2025-03-08 06:00,46.03,45.8,46.4,60,1.0
2025-03-08 07:00,46.0,45.7,46.4,60,1.0
2025-03-08 08:00,45.94,45.7,46.4,60,1.0
2025-03-08 09:00,45.94,45.7,46.3,60,1.0
2025-03-08 10:00,45.88,45.7,46.4,60,1.0
2025-03-08 11:00,45.86,45.6,46.2,60,1.0
2025-03-08 12:00,45.89,45.7,46.2,60,1.0
2025-03-08 13:00,45.93,45.6,46.4,60,1.0
2025-03-08 14:00,45.89,45.6,46.3,60,1.0
2025-03-08 15:00,45.88,45.6,46.3,60,1.0
2025-03-08 16:00,45.86,45.6,46.2,60,1.0
2025-03-08 17:00,45.83,45.6,46.3,60,1.0
2025-03-08 18:00,45.89,45.6,46.3,60,1.0
2025-03-08 19:00,45.94,45.6,46.3,50,0.833
2025-03-08 20:00,45.9,45.6,46.2,54,0.9
2025-03-08 21:00,45.95,45.6,46.3,60,1.0
2025-03-08 22:00,45.8,45.6,46.3,60,1.0
2025-03-08 23:00,45.78,45.6,46.2,60,1.0
2025-03-09 00:00,45.85,45.6,46.2,60,1.0
2025-03-09 01:00,45.85,45.6,46.3,60,1.0
2025-03-09 02:00,45.83,45.5,46.2,60,1.0
2025-03-09 03:00,45.77,45.5,46.2,60,1.0
2025-03-09 04:00,45.76,45.5,46.1,60,1.0
2025-03-09 05:00,45.81,45.5,46.1,60,1.0
2025-03-09 06:00,45.7,45.5,46.0,60,1.0
2025-03-09 07:00,45.7,45.5,46.2,60,1.0
2025-03-09 08:00,45.71,45.4,46.0,60,1.0
2025-03-09 09:00,45.68,45.4,46.1,60,1.0
2025-03-09 10:00,45.67,45.4,46.1,60,1.0
2025-03-09 11:00,45.7,45.4,46.1,60,1.0
2025-03-09 12:00,45.69,45.4,46.0,60,1.0
2025-03-09 13:00,45.73,45.4,46.0,60,1.0
2025-03-09 14:00,45.68,45.4,46.1,60,1.0
2025-03-09 15:00,45.67,45.4,46.2,59,0.983
2025-03-09 16:00,45.67,45.4,46.1,59,0.983
2025-03-09 17:00,45.7,45.4,46.0,60,1.0
2025-03-09 18:00,45.6,45.4,46.0,60,1.0
2025-03-09 19:00,45.55,45.4,45.9,60,1.0
2025-03-09 20:00,45.59,45.4,46.0,60,1.0
2025-03-09 21:00,45.64,45.3,46.1,60,1.0
2025-03-09 22:00,45.68,45.4,46.1,60,1.0
2025-03-09 23:00,45.6,45.3,46.0,60,1.0
2025-03-10 00:00,45.57,45.3,45.9,60,1.0
2025-03-10 01:00,45.52,45.2,45.9,60,1.0
2025-03-10 02:00,45.56,45.2,45.9,60,1.0
2025-03-10 03:00,45.5,45.2,46.0,60,1.0
2025-03-10 04:00,45.48,45.2,45.9,60,1.0
2025-03-10 05:00,45.48,45.2,45.9,60,1.0
2025-03-10 06:00,45.43,45.2,45.8,60,1.0
2025-03-10 07:00,45.4,45.2,45.8,60,1.0
2025-03-10 08:00,45.36,45.1,45.8,60,1.0
2025-03-10 09:00,45.39,45.1,45.7,60,1.0
2025-03-10 10:00,45.36,45.2,45.8,60,1.0
2025-03-10 11:00,45.32,45.1,45.7,60,1.0
2025-03-10 12:00,45.43,45.1,45.8,60,1.0
2025-03-10 13:00,45.44,45.2,45.9,60,1.0
2025-03-10 14:00,45.45,45.1,45.8,60,1.0
2025-03-10 15:00,45.36,45.1,45.7,60,1.0
2025-03-10 16:00,45.35,45.1,45.8,59,0.983
2025-03-10 17:00,45.36,45.1,45.8,60,1.0
2025-03-10 18:00,45.32,45.1,45.7,60,1.0
2025-03-10 19:00,45.3,45.0,45.8,60,1.0
2025-03-10 20:00,45.25,45.0,45.5,60,1.0
2025-03-10 21:00,45.13,44.9,45.4,60,1.0
2025-03-10 22:00,45.14,44.9,45.5,60,1.0
2025-03-10 23:00,45.1,44.9,45.5,60,1.0
2025-03-11 00:00,45.1,44.9,45.4,60,1.0
2025-03-11 01:00,45.08,44.8,45.5,60,1.0
2025-03-11 02:00,45.13,44.8,45.4,59,0.983
2025-03-11 03:00,45.2,44.9,45.5,60,1.0
2025-03-11 04:00,45.38,45.1,45.7,60,1.0
2025-03-11 05:00,45.37,45.2,45.6,60,1.0
2025-03-11 06:00,45.46,45.2,45.9,60,1.0
2025-03-11 07:00,45.47,45.2,45.9,60,1.0
2025-03-11 08:00,45.3,45.0,45.7,60,1.0
2025-03-11 09:00,45.18,44.8,45.6,59,0.983
2025-03-11 10:00,45.07,44.8,45.4,60,1.0
2025-03-11 11:00,45.05,44.8,45.4,60,1.0
2025-03-11 12:00,45.08,44.8,45.4,60,1.0
2025-03-11 13:00,45.04,44.8,45.4,60,1.0
2025-03-11 14:00,45.1,44.8,45.4,60,1.0
2025-03-11 15:00,45.0,44.8,45.3,60,1.0
2025-03-11 16:00,45.02,44.8,45.4,60,1.0
2025-03-11 17:00,45.03,44.7,45.4,60,1.0
2025-03-11 18:00,45.07,44.8,45.5,60,1.0
2025-03-11 19:00,44.99,44.8,45.4,60,1.0
2025-03-11 20:00,45.04,44.8,45.4,47,0.783
2025-03-11 21:00,45.0,44.8,45.5,44,0.733
2025-03-11 22:00,45.09,44.8,45.5,47,0.783
2025-03-11 23:00,45.07,44.8,45.4,51,0.85
2025-03-12 00:00,45.03,44.8,45.3,60,1.0
2025-03-12 01:00,45.0,44.8,45.4,60,1.0
2025-03-12 02:00,44.96,44.8,45.2,60,1.0
2025-03-12 03:00,44.97,44.8,45.2,60,1.0
2025-03-12 04:00,44.99,44.8,45.4,54,0.9
2025-03-12 05:00,44.96,44.8,45.2,47,0.783
2025-03-12 06:00,45.01,44.8,45.4,50,0.833
2025-03-12 07:00,45.01,44.8,45.4,56,0.933
2025-03-12 08:00,45.06,44.8,45.4,60,1.0
2025-03-12 09:00,45.04,44.8,45.4,60,1.0
2025-03-12 10:00,45.0,44.8,45.4,60,1.0
2025-03-12 11:00,45.0,44.8,45.4,60,1.0
2025-03-12 12:00,45.03,44.8,45.6,60,1.0
2025-03-12 13:00,45.01,44.8,45.3,60,1.0
2025-03-12 14:00,44.98,44.8,45.3,60,1.0
2025-03-12 15:00,45.0,44.8,45.4,60,1.0
2025-03-12 16:00,45.01,44.8,45.3,59,0.983
2025-03-12 17:00,45.05,44.7,45.4,60,1.0
2025-03-12 18:00,45.03,44.8,45.4,60,1.0
2025-03-12 19:00,45.37,45.0,45.7,60,1.0
2025-03-12 20:00,45.28,45.1,45.8,60,1.0
2025-03-12 21:00,45.18,45.0,45.5,60,1.0
2025-03-12 22:00,45.09,44.9,45.4,60,1.0
2025-03-12 23:00,45.01,44.8,45.3,60,1.0
2025-03-13 00:00,45.01,44.8,45.4,60,1.0
2025-03-13 01:00,45.14,44.8,45.6,60,1.0
2025-03-13 02:00,45.25,45.0,45.7,60,1.0
2025-03-13 03:00,45.17,44.9,45.5,60,1.0
2025-03-13 04:00,45.05,44.8,45.4,59,0.983
2025-03-13 05:00,45.08,44.8,45.6,59,0.983
2025-03-13 06:00,45.07,44.8,45.4,59,0.983
2025-03-13 07:00,44.99,44.7,45.4,60,1.0
2025-03-13 08:00,45.02,44.7,45.4,60,1.0
2025-03-13 09:00,45.04,44.8,45.4,60,1.0
2025-03-13 10:00,45.14,44.8,45.6,60,1.0
2025-03-13 11:00,45.1,44.8,45.5,59,0.983
2025-03-13 12:00,45.0,44.8,45.3,60,1.0
2025-03-13 13:00,45.0,44.7,45.4,60,1.0
2025-03-13 14:00,45.13,44.8,45.5,60,1.0
2025-03-13 15:00,44.99,44.8,45.4,60,1.0
2025-03-13 16:00,44.95,44.7,45.4,60,1.0
2025-03-13 17:00,45.05,44.7,45.4,60,1.0
2025-03-13 18:00,45.26,45.1,45.7,60,1.0
2025-03-13 19:00,45.28,45.0,45.6,60,1.0
2025-03-13 20:00,45.16,44.9,45.5,60,1.0
2025-03-13 21:00,45.16,44.9,45.7,60,1.0
2025-03-13 22:00,45.13,44.9,45.4,60,1.0
2025-03-13 23:00,45.08,44.8,45.5,60,1.0
2025-03-14 00:00,45.1,44.8,45.5,60,1.0
2025-03-14 01:00,45.18,44.9,45.6,60,1.0
2025-03-14 02:00,45.45,45.1,46.0,60,1.0
2025-03-14 03:00,45.43,45.1,45.8,60,1.0
2025-03-14 04:00,45.39,45.1,45.8,60,1.0
2025-03-14 05:00,45.33,45.1,45.8,60,1.0
2025-03-14 06:00,45.32,45.1,45.7,60,1.0
2025-03-14 07:00,45.38,45.1,45.7,60,1.0
2025-03-14 08:00,45.25,45.0,45.6,60,1.0
2025-03-14 09:00,45.14,44.9,45.4,60,1.0
2025-03-14 10:00,45.12,44.9,45.5,60,1.0
2025-03-14 11:00,45.11,44.9,45.5,60,1.0
2025-03-14 12:00,45.22,44.9,45.5,60,1.0
2025-03-14 13:00,45.1,44.8,45.6,60,1.0
2025-03-14 14:00,45.07,44.9,45.5,60,1.0
2025-03-14 15:00,45.18,44.9,45.5,57,0.95
2025-03-14 16:00,45.22,44.9,45.5,60,1.0
2025-03-14 17:00,45.21,44.9,45.5,60,1.0
2025-03-14 18:00,45.16,44.9,45.6,60,1.0
2025-03-14 19:00,45.19,44.9,45.5,60,1.0
2025-03-14 20:00,45.22,44.9,45.5,60,1.0
2025-03-14 21:00,45.24,44.9,45.5,60,1.0
2025-03-14 22:00,45.26,45.0,45.6,60,1.0
2025-03-14 23:00,45.2,45.0,45.5,60,1.0
2025-03-15 00:00,45.22,45.0,45.6,60,1.0
2025-03-15 01:00,45.24,45.0,45.5,60,1.0
2025-03-15 02:00,45.25,45.0,45.7,60,1.0
2025-03-15 03:00,45.19,45.0,45.6,60,1.0
2025-03-15 04:00,45.26,45.0,45.7,60,1.0
2025-03-15 05:00,45.23,45.0,45.6,60,1.0
2025-03-15 06:00,45.19,45.0,45.6,60,1.0
2025-03-15 07:00,45.22,45.0,45.6,60,1.0
2025-03-15 08:00,45.23,45.0,45.6,60,1.0
2025-03-15 09:00,45.26,45.0,45.6,42,0.7
2025-03-15 10:00,45.21,45.0,45.6,57,0.95
2025-03-15 11:00,45.17,45.0,45.5,60,1.0
2025-03-15 12:00,45.21,45.0,45.5,60,1.0
2025-03-15 13:00,45.18,45.0,45.6,60,1.0
2025-03-15 14:00,45.15,44.9,45.6,60,1.0
2025-03-15 15:00,45.1,44.9,45.5,60,1.0
2025-03-15 16:00,45.16,44.9,45.6,60,1.0
2025-03-15 17:00,45.18,44.9,45.5,60,1.0
2025-03-15 18:00,45.06,44.9,45.4,60,1.0
2025-03-15 19:00,45.08,44.9,45.4,60,1.0
2025-03-15 20:00,45.13,44.9,45.7,50,0.833
2025-03-15 21:00,45.1,44.9,45.5,51,0.85
2025-03-15 22:00,45.1,44.8,45.4,60,1.0
2025-03-15 23:00,45.13,44.9,45.5,60,1.0
2025-03-16 00:00,45.0,44.8,45.2,44,0.733
2025-03-16 10:00,45.05,44.8,45.4,44,0.733
2025-03-16 11:00,45.08,44.8,45.5,60,1.0
2025-03-16 12:00,45.07,44.8,45.4,59,0.983
2025-03-16 13:00,45.03,44.7,45.5,60,1.0
2025-03-16 14:00,44.99,44.7,45.4,60,1.0
2025-03-16 15:00,44.98,44.7,45.4,60,1.0
2025-03-16 16:00,44.93,44.7,45.3,60,1.0
2025-03-16 17:00,44.93,44.7,45.4,60,1.0
2025-03-16 18:00,44.9,44.7,45.3,60,1.0
2025-03-16 19:00,44.97,44.7,45.4,60,1.0
2025-03-16 20:00,44.86,44.7,45.1,60,1.0
2025-03-16 21:00,44.95,44.7,45.3,60,1.0
2025-03-16 22:00,44.99,44.6,45.3,60,1.0
2025-03-16 23:00,44.9,44.6,45.3,60,1.0
2025-03-17 00:00,44.88,44.6,45.2,60,1.0
2025-03-17 01:00,44.79,44.6,45.2,60,1.0
2025-03-17 02:00,44.87,44.6,45.2,60,1.0
2025-03-17 03:00,45.08,44.6,45.7,60,1.0
2025-03-17 04:00,45.37,45.0,45.7,60,1.0
2025-03-17 05:00,45.32,45.1,45.8,60,1.0
2025-03-17 06:00,45.31,45.0,45.8,60,1.0
2025-03-17 07:00,45.29,45.0,45.7,60,1.0
2025-03-17 08:00,45.05,44.8,45.5,60,1.0
2025-03-17 09:00,44.93,44.6,45.4,60,1.0
2025-03-17 10:00,44.89,44.6,45.2,60,1.0
2025-03-17 11:00,44.88,44.6,45.2,60,1.0
2025-03-17 12:00,44.85,44.6,45.2,60,1.0
2025-03-17 13:00,44.81,44.6,45.2,60,1.0
2025-03-17 14:00,44.81,44.6,45.2,60,1.0
2025-03-17 15:00,44.76,44.5,45.1,60,1.0
2025-03-17 16:00,44.72,44.5,45.1,60,1.0
2025-03-17 17:00,44.75,44.5,45.1,60,1.0
2025-03-17 18:00,44.81,44.5,45.1,60,1.0
2025-03-17 19:00,44.67,44.5,45.0,60,1.0
2025-03-17 20:00,44.78,44.5,45.1,60,1.0
2025-03-17 21:00,44.76,44.5,45.2,60,1.0
2025-03-17 22:00,44.83,44.5,45.2,60,1.0
2025-03-17 23:00,44.74,44.5,45.1,60,1.0
2025-03-18 00:00,44.71,44.5,45.1,60,1.0
2025-03-18 01:00,44.77,44.5,45.1,60,1.0
2025-03-18 02:00,44.71,44.5,45.2,60,1.0
2025-03-18 03:00,44.83,44.5,45.1,60,1.0
2025-03-18 04:00,44.78,44.5,45.1,60,1.0
2025-03-18 05:00,44.75,44.4,45.1,60,1.0
2025-03-18 06:00,44.65,44.4,45.1,60,1.0
2025-03-18 07:00,44.64,44.4,45.0,60,1.0
2025-03-18 08:00,44.73,44.4,45.2,60,1.0
2025-03-18 09:00,44.62,44.4,45.0,60,1.0
2025-03-18 10:00,44.61,44.3,45.0,60,1.0
2025-03-18 11:00,44.62,44.4,45.1,60,1.0
2025-03-18 12:00,44.62,44.4,45.0,60,1.0
2025-03-18 13:00,44.7,44.4,45.1,60,1.0
2025-03-18 14:00,44.69,44.4,45.1,60,1.0
2025-03-18 15:00,44.6,44.4,44.9,60,1.0
2025-03-18 16:00,44.71,44.4,45.0,60,1.0
2025-03-18 17:00,44.74,44.4,45.1,60,1.0
2025-03-18 18:00,44.71,44.4,45.0,60,1.0
2025-03-18 19:00,44.72,44.4,45.1,57,0.95
2025-03-18 20:00,44.58,44.4,45.0,48,0.8
2025-03-18 21:00,44.6,44.4,45.0,58,0.967
2025-03-18 22:00,44.65,44.4,45.1,60,1.0
2025-03-18 23:00,44.65,44.3,45.0,60,1.0
2025-03-19 00:00,44.68,44.4,44.9,60,1.0
2025-03-19 01:00,44.58,44.3,44.9,60,1.0
2025-03-19 02:00,44.56,44.3,45.0,60,1.0
2025-03-19 03:00,44.57,44.3,44.9,60,1.0
2025-03-19 04:00,44.52,44.3,45.0,60,1.0
2025-03-19 05:00,44.59,44.3,44.9,60,1.0
2025-03-19 06:00,44.58,44.3,45.0,60,1.0
2025-03-19 07:00,44.46,44.2,44.9,60,1.0
2025-03-19 08:00,44.52,44.2,44.9,60,1.0
2025-03-19 09:00,44.39,44.2,44.7,60,1.0
2025-03-19 10:00,44.48,44.2,44.9,60,1.0
2025-03-19 11:00,44.5,44.2,44.9,60,1.0
2025-03-19 12:00,44.46,44.2,44.9,60,1.0
2025-03-19 13:00,44.49,44.2,45.0,60,1.0
2025-03-19 14:00,44.46,44.2,44.8,60,1.0
2025-03-19 15:00,44.52,44.3,44.9,60,1.0
2025-03-19 16:00,44.49,44.2,45.0,60,1.0
2025-03-19 17:00,44.53,44.2,45.0,60,1.0
2025-03-19 18:00,44.56,44.3,44.9,60,1.0
2025-03-19 19:00,44.4,44.2,44.8,60,1.0
2025-03-19 20:00,44.47,44.2,44.9,60,1.0
2025-03-19 21:00,44.52,44.2,44.8,60,1.0
2025-03-19 22:00,44.46,44.2,44.8,60,1.0
2025-03-19 23:00,44.45,44.1,44.9,60,1.0
2025-03-20 00:00,44.46,44.1,44.8,60,1.0
2025-03-20 01:00,44.41,44.1,44.8,60,1.0
2025-03-20 02:00,44.35,44.1,44.7,60,1.0
2025-03-20 03:00,44.28,44.1,44.7,60,1.0
2025-03-20 04:00,44.34,44.1,44.7,60,1.0
2025-03-20 05:00,44.25,44.0,44.6,60,1.0
2025-03-20 06:00,44.26,44.0,44.6,60,1.0
2025-03-20 07:00,44.19,44.0,44.6,60,1.0
2025-03-20 08:00,44.19,44.0,44.6,60,1.0
2025-03-20 09:00,44.25,44.0,44.7,60,1.0
2025-03-20 10:00,44.21,44.0,44.6,60,1.0
2025-03-20 11:00,44.22,44.0,44.6,60,1.0
2025-03-20 12:00,44.2,44.0,44.7,60,1.0
2025-03-20 13:00,44.25,44.0,44.6,60,1.0
2025-03-20 14:00,44.24,44.0,44.6,60,1.0
2025-03-20 15:00,44.19,44.0,44.5,60,1.0
2025-03-20 16:00,44.28,44.0,44.6,60,1.0
2025-03-20 17:00,44.15,44.0,44.5,60,1.0
2025-03-20 18:00,44.26,44.0,44.7,60,1.0
2025-03-20 19:00,44.26,43.9,44.6,60,1.0
2025-03-20 20:00,44.08,43.9,44.4,59,0.983
2025-03-20 21:00,44.1,43.9,44.6,54,0.9
2025-03-20 22:00,44.1,43.9,44.5,57,0.95
2025-03-20 23:00,44.18,43.9,44.5,51,0.85
2025-03-21 00:00,44.18,43.9,44.6,47,0.783
2025-03-21 01:00,44.18,43.9,44.5,57,0.95
2025-03-21 02:00,44.11,43.8,44.4,50,0.833
2025-03-21 03:00,44.07,43.8,44.4,60,1.0
2025-03-21 04:00,44.07,43.8,44.5,58,0.967
2025-03-21 05:00,44.06,43.8,44.3,60,1.0
2025-03-21 06:00,44.02,43.7,44.4,60,1.0
2025-03-21 07:00,43.94,43.7,44.6,60,1.0
2025-03-21 08:00,43.9,43.7,44.3,60,1.0
2025-03-21 09:00,43.96,43.6,44.5,60,1.0
2025-03-21 10:00,43.94,43.7,44.3,60,1.0
2025-03-21 11:00,43.96,43.7,44.5,60,1.0
2025-03-21 12:00,43.95,43.7,44.2,60,1.0
2025-03-21 13:00,43.97,43.7,44.3,60,1.0
2025-03-21 14:00,43.96,43.7,44.4,60,1.0
2025-03-21 15:00,43.93,43.7,44.3,60,1.0
2025-03-21 16:00,43.92,43.7,44.2,60,1.0
2025-03-21 17:00,43.96,43.7,44.3,60,1.0
2025-03-21 18:00,43.89,43.6,44.2,60,1.0
2025-03-21 19:00,43.88,43.6,44.4,60,1.0
2025-03-21 20:00,43.95,43.6,44.4,60,1.0
2025-03-21 21:00,43.94,43.6,44.2,60,1.0
2025-03-21 22:00,43.93,43.6,44.3,60,1.0
2025-03-21 23:00,43.97,43.6,44.3,60,1.0
2025-03-22 00:00,43.92,43.6,44.3,60,1.0
2025-03-22 01:00,43.9,43.6,44.2,60,1.0
2025-03-22 02:00,43.89,43.6,44.2,60,1.0
2025-03-22 03:00,43.76,43.6,44.2,60,1.0
2025-03-22 04:00,43.77,43.6,44.2,60,1.0
2025-03-22 05:00,43.83,43.5,44.2,60,1.0
2025-03-22 06:00,43.79,43.6,44.1,60,1.0
2025-03-22 07:00,43.76,43.5,44.1,60,1.0
2025-03-22 08:00,43.72,43.5,44.1,60,1.0
2025-03-22 09:00,43.7,43.4,44.1,60,1.0
2025-03-22 10:00,43.71,43.5,44.0,60,1.0
2025-03-22 11:00,43.67,43.4,44.1,60,1.0
2025-03-22 12:00,43.68,43.4,44.0,60,1.0
2025-03-22 13:00,43.7,43.4,44.1,58,0.967
2025-03-22 14:00,43.61,43.4,43.9,56,0.933
2025-03-22 15:00,43.68,43.4,44.0,44,0.733
2025-03-22 16:00,43.64,43.4,44.2,57,0.95
2025-03-22 17:00,43.63,43.4,44.0,60,1.0
2025-03-22 18:00,43.66,43.4,44.0,60,1.0
2025-03-22 19:00,43.6,43.3,43.9,60,1.0
2025-03-22 20:00,43.58,43.3,44.0,60,1.0
2025-03-22 21:00,43.57,43.3,43.9,60,1.0
2025-03-22 22:00,43.53,43.3,43.8,60,1.0
2025-03-22 23:00,43.51,43.3,43.8,60,1.0
2025-03-23 00:00,43.54,43.3,43.9,60,1.0
2025-03-23 01:00,43.35,43.1,43.7,60,1.0
2025-03-23 02:00,43.32,43.1,43.7,60,1.0
2025-03-23 03:00,43.34,43.1,43.6,60,1.0
2025-03-23 04:00,43.36,43.1,43.7,60,1.0
2025-03-23 05:00,43.31,43.0,43.7,60,1.0
2025-03-23 06:00,43.16,43.0,43.7,60,1.0
2025-03-23 07:00,43.22,42.9,43.6,60,1.0
2025-03-23 08:00,43.18,42.9,43.5,60,1.0
2025-03-23 09:00,43.16,42.9,43.4,60,1.0
2025-03-23 10:00,43.13,42.9,43.5,60,1.0
2025-03-23 11:00,43.18,42.9,43.5,60,1.0
2025-03-23 12:00,43.08,42.9,43.4,60,1.0
2025-03-23 13:00,43.12,42.9,43.5,60,1.0
2025-03-23 14:00,43.15,42.9,43.7,60,1.0
2025-03-23 15:00,43.21,42.9,43.6,60,1.0
2025-03-23 16:00,43.08,42.9,43.4,60,1.0
2025-03-23 17:00,43.14,42.9,43.5,60,1.0
2025-03-23 18:00,43.12,42.9,43.6,60,1.0
2025-03-23 19:00,43.09,42.8,43.4,60,1.0
2025-03-23 20:00,43.04,42.8,43.4,60,1.0
2025-03-23 21:00,43.08,42.8,43.4,60,1.0
2025-03-23 22:00,43.1,42.8,43.4,60,1.0
2025-03-23 23:00,43.13,42.8,43.5,60,1.0
2025-03-24 00:00,43.08,42.8,43.5,60,1.0
2025-03-24 01:00,43.08,42.8,43.4,60,1.0
2025-03-24 02:00,43.12,42.8,43.5,60,1.0
2025-03-24 03:00,43.03,42.8,43.5,60,1.0
2025-03-24 04:00,43.04,42.8,43.3,60,1.0
2025-03-24 05:00,43.04,42.8,43.4,60,1.0
2025-03-24 06:00,43.02,42.7,43.3,60,1.0
2025-03-24 07:00,42.97,42.7,43.3,60,1.0
2025-03-24 08:00,42.95,42.7,43.4,59,0.983
2025-03-24 09:00,42.93,42.7,43.5,60,1.0
2025-03-24 10:00,42.89,42.7,43.2,60,1.0
2025-03-24 11:00,42.87,42.7,43.3,60,1.0
2025-03-24 12:00,43.03,42.7,43.3,60,1.0
2025-03-24 13:00,42.94,42.7,43.2,60,1.0
2025-03-24 14:00,42.96,42.7,43.4,60,1.0
2025-03-24 15:00,42.95,42.7,43.3,60,1.0
2025-03-24 16:00,42.96,42.7,43.2,60,1.0
2025-03-24 17:00,43.0,42.7,43.5,60,1.0
2025-03-24 18:00,42.92,42.7,43.3,58,0.967
2025-03-24 19:00,42.91,42.7,43.3,47,0.783
2025-03-24 20:00,42.92,42.7,43.3,57,0.95
2025-03-24 21:00,42.84,42.6,43.2,57,0.95
2025-03-24 22:00,42.87,42.6,43.3,57,0.95
2025-03-24 23:00,42.96,42.6,43.3,60,1.0
2025-03-25 00:00,42.98,42.7,43.5,60,1.0
2025-03-25 01:00,42.87,42.6,43.3,60,1.0
2025-03-25 02:00,42.82,42.6,43.1,60,1.0
2025-03-25 03:00,42.78,42.6,43.2,60,1.0
2025-03-25 04:00,42.79,42.6,43.0,60,1.0
2025-03-25 05:00,42.79,42.6,43.2,60,1.0
2025-03-25 06:00,42.86,42.6,43.3,60,1.0
2025-03-25 07:00,42.79,42.6,43.1,60,1.0
2025-03-25 08:00,42.81,42.5,43.2,60,1.0
2025-03-25 09:00,42.81,42.5,43.1,60,1.0
2025-03-25 10:00,42.79,42.5,43.2,60,1.0
2025-03-25 11:00,42.79,42.6,43.2,60,1.0
2025-03-25 12:00,42.81,42.6,43.1,60,1.0
2025-03-25 13:00,42.81,42.6,43.3,60,1.0
2025-03-25 14:00,42.86,42.6,43.3,60,1.0
2025-03-25 15:00,42.86,42.6,43.2,60,1.0
2025-03-25 16:00,42.82,42.6,43.2,60,1.0
2025-03-25 17:00,42.8,42.6,43.1,60,1.0
2025-03-25 18:00,42.84,42.5,43.3,60,1.0
2025-03-25 19:00,42.83,42.6,43.3,60,1.0
2025-03-25 20:00,42.82,42.5,43.2,60,1.0
2025-03-25 21:00,42.9,42.6,43.2,60,1.0
2025-03-25 22:00,42.87,42.6,43.2,60,1.0
2025-03-25 23:00,42.84,42.5,43.2,60,1.0
2025-03-26 00:00,42.78,42.5,43.1,60,1.0
2025-03-26 01:00,42.72,42.5,43.1,60,1.0
2025-03-26 02:00,42.71,42.5,43.0,60,1.0
2025-03-26 03:00,42.68,42.5,43.0,60,1.0
2025-03-26 04:00,42.71,42.5,43.1,60,1.0
2025-03-26 05:00,42.73,42.5,43.0,60,1.0
2025-03-26 06:00,42.69,42.5,43.2,60,1.0
2025-03-26 07:00,42.7,42.5,43.0,60,1.0
2025-03-26 08:00,42.68,42.4,43.1,60,1.0
2025-03-26 09:00,42.74,42.5,43.1,60,1.0
2025-03-26 10:00,42.69,42.4,43.1,60,1.0
2025-03-26 11:00,42.7,42.4,43.0,60,1.0
2025-03-26 12:00,42.67,42.4,43.0,59,0.983
2025-03-26 13:00,42.71,42.5,43.0,60,1.0
2025-03-26 14:00,42.59,42.3,42.9,60,1.0
2025-03-26 15:00,42.64,42.4,43.0,60,1.0
2025-03-26 16:00,42.54,42.3,42.9,60,1.0
2025-03-26 17:00,42.49,42.3,42.9,60,1.0
2025-03-26 18:00,42.48,42.3,42.8,60,1.0
2025-03-26 19:00,42.5,42.3,42.9,60,1.0
2025-03-26 20:00,42.52,42.3,42.9,60,1.0
2025-03-26 21:00,42.47,42.3,42.9,60,1.0
2025-03-26 22:00,42.52,42.3,43.0,60,1.0
2025-03-26 23:00,42.58,42.3,43.0,60,1.0
2025-03-27 00:00,42.57,42.2,42.8,59,0.983
2025-03-27 01:00,42.62,42.3,43.0,60,1.0
2025-03-27 02:00,42.53,42.2,42.9,60,1.0
2025-03-27 03:00,42.52,42.2,42.9,60,1.0
2025-03-27 04:00,42.47,42.2,42.9,60,1.0
2025-03-27 05:00,42.48,42.2,42.9,60,1.0
2025-03-27 06:00,42.47,42.2,42.9,60,1.0
2025-03-27 07:00,42.51,42.2,42.7,49,0.817
2025-03-27 08:00,42.45,42.2,42.7,53,0.883
2025-03-27 09:00,42.35,42.2,42.6,50,0.833
2025-03-27 10:00,42.36,42.1,42.7,57,0.95
2025-03-27 11:00,42.43,42.1,42.8,55,0.917
2025-03-27 12:00,42.55,42.3,42.9,60,1.0
2025-03-27 13:00,42.45,42.2,43.0,59,0.983
2025-03-27 14:00,42.37,42.0,42.9,60,1.0
2025-03-27 15:00,42.55,42.3,42.9,52,0.867
2025-03-27 16:00,42.72,42.5,43.0,54,0.9
2025-03-27 17:00,42.8,42.5,43.1,57,0.95
2025-03-27 18:00,42.85,42.5,43.2,60,1.0
2025-03-27 19:00,42.8,42.5,43.1,60,1.0
2025-03-27 20:00,42.75,42.3,43.2,60,1.0
2025-03-27 21:00,43.04,42.4,43.9,60,1.0
2025-03-27 22:00,44.21,43.7,44.7,60,1.0
2025-03-27 23:00,44.58,44.3,44.9,60,1.0
2025-03-28 00:00,44.72,44.5,45.2,60,1.0
2025-03-28 01:00,44.86,44.6,45.1,60,1.0
2025-03-28 02:00,45.03,44.8,45.4,60,1.0
2025-03-28 03:00,45.17,44.9,45.5,60,1.0
2025-03-28 04:00,45.31,45.0,45.7,60,1.0
2025-03-28 05:00,45.4,45.1,45.8,60,1.0
2025-03-28 06:00,45.46,45.2,45.9,60,1.0
2025-03-28 07:00,45.46,45.2,45.8,60,1.0
2025-03-28 08:00,45.41,45.2,45.7,60,1.0
2025-03-28 09:00,45.42,45.1,45.7,60,1.0
2025-03-28 10:00,45.36,45.1,45.8,60,1.0
2025-03-28 11:00,45.38,45.1,45.7,60,1.0
2025-03-28 12:00,45.49,45.2,45.8,60,1.0
2025-03-28 13:00,45.47,45.2,45.8,60,1.0
2025-03-28 14:00,45.48,45.2,45.8,59,0.983
2025-03-28 15:00,45.51,45.3,45.9,59,0.983
2025-03-28 16:00,45.76,45.3,46.2,60,1.0
2025-03-28 17:00,45.92,45.6,46.3,60,1.0
2025-03-28 18:00,45.94,45.7,46.3,60,1.0
2025-03-28 19:00,46.02,45.7,46.4,60,1.0
2025-03-28 20:00,46.02,45.7,46.4,60,1.0
2025-03-28 21:00,45.93,45.7,46.2,60,1.0
2025-03-28 22:00,45.96,45.8,46.3,60,1.0
2025-03-28 23:00,46.02,45.8,46.5,60,1.0
2025-03-29 00:00,46.02,45.5,46.3,59,0.983
2025-03-29 01:00,46.06,45.8,46.4,59,0.983
2025-03-29 02:00,46.08,45.8,46.5,60,1.0
2025-03-29 03:00,46.19,45.8,46.6,59,0.983
2025-03-29 04:00,46.17,45.9,46.5,60,1.0
2025-03-29 05:00,46.22,45.9,46.5,60,1.0
2025-03-29 06:00,46.24,45.9,46.5,60,1.0
2025-03-29 07:00,46.24,46.0,46.7,60,1.0
2025-03-29 08:00,46.29,46.0,46.8,60,1.0
2025-03-29 09:00,46.25,46.0,46.8,60,1.0
2025-03-29 10:00,46.29,46.0,46.7,60,1.0
2025-03-29 11:00,46.26,46.0,46.8,59,0.983
2025-03-29 12:00,46.36,46.0,46.6,60,1.0
2025-03-29 13:00,46.27,46.0,46.6,60,1.0
2025-03-29 14:00,46.34,46.1,46.8,60,1.0
2025-03-29 15:00,46.38,46.1,46.8,60,1.0
2025-03-29 16:00,46.35,46.1,46.9,60,1.0
2025-03-29 17:00,46.26,46.0,46.6,60,1.0
2025-03-29 18:00,46.1,45.8,46.6,60,1.0
2025-03-29 19:00,46.26,45.9,46.7,60,1.0
2025-03-29 20:00,46.62,46.2,47.1,60,1.0
2025-03-29 21:00,46.79,46.5,47.4,60,1.0
2025-03-29 22:00,47.09,46.6,47.5,60,1.0
2025-03-29 23:00,47.52,47.0,48.0,60,1.0
2025-03-30 00:00,47.91,47.4,48.3,60,1.0
2025-03-30 01:00,48.17,47.7,48.6,60,1.0
2025-03-30 02:00,48.44,48.0,48.8,60,1.0
2025-03-30 03:00,48.69,48.3,49.2,60,1.0
2025-03-30 04:00,48.84,48.5,49.3,60,1.0
2025-03-30 05:00,49.06,48.7,49.4,60,1.0
2025-03-30 06:00,49.03,48.8,49.5,60,1.0
2025-03-30 07:00,49.1,48.8,49.5,60,1.0
2025-03-30 08:00,49.05,48.7,49.4,60,1.0
2025-03-30 09:00,48.98,48.7,49.3,60,1.0
2025-03-30 10:00,48.96,48.7,49.5,60,1.0
2025-03-30 11:00,48.95,48.6,49.3,60,1.0
2025-03-30 12:00,48.92,48.6,49.3,59,0.983
2025-03-30 13:00,48.82,48.6,49.2,60,1.0
2025-03-30 14:00,48.9,48.6,49.4,60,1.0
2025-03-30 15:00,48.82,48.6,49.2,60,1.0
2025-03-30 16:00,48.79,48.5,49.2,60,1.0
2025-03-30 17:00,48.77,48.5,49.2,60,1.0
2025-03-30 18:00,48.72,48.4,49.2,60,1.0
2025-03-30 19:00,48.66,48.4,49.2,60,1.0
2025-03-30 20:00,48.67,48.4,49.1,60,1.0
2025-03-30 21:00,48.65,48.4,49.2,60,1.0
2025-03-30 22:00,48.53,48.3,48.9,60,1.0
2025-03-30 23:00,48.56,48.3,49.0,60,1.0
2025-03-31 00:00,48.61,48.3,49.1,59,0.983
2025-03-31 01:00,48.47,48.2,48.9,60,1.0
2025-03-31 02:00,48.4,48.2,48.8,60,1.0
2025-03-31 03:00,48.4,48.1,48.8,60,1.0
2025-03-31 04:00,48.48,48.1,48.9,60,1.0
2025-03-31 05:00,48.39,48.1,48.8,60,1.0
2025-03-31 06:00,48.43,48.1,48.8,60,1.0
2025-03-31 07:00,48.32,48.1,48.9,60,1.0
2025-03-31 08:00,48.34,48.0,48.8,60,1.0
2025-03-31 09:00,48.58,48.2,49.1,60,1.0
2025-03-31 10:00,48.48,48.2,48.8,60,1.0
2025-03-31 11:00,48.32,48.0,48.7,60,1.0
2025-03-31 12:00,48.25,47.9,48.7,60,1.0
2025-03-31 13:00,48.25,48.0,48.6,60,1.0
2025-03-31 14:00,48.2,47.9,48.5,60,1.0
2025-03-31 15:00,48.14,47.8,48.5,60,1.0
2025-03-31 16:00,48.08,47.9,48.4,60,1.0
2025-03-31 17:00,48.18,47.9,48.7,60,1.0
2025-03-31 18:00,48.09,47.8,48.4,60,1.0
2025-03-31 19:00,48.02,47.8,48.4,60,1.0
2025-03-31 20:00,48.0,47.7,48.3,60,1.0
2025-03-31 21:00,47.99,47.7,48.3,60,1.0
2025-03-31 22:00,47.97,47.7,48.4,60,1.0
2025-03-31 23:00,47.94,47.7,48.3,49,0.817
2025-04-01 00:00,47.86,47.6,48.4,59,0.983
2025-04-01 01:00,47.85,47.6,48.2,60,1.0
2025-04-01 02:00,47.93,47.6,48.3,60,1.0
2025-04-01 03:00,47.83,47.6,48.2,60,1.0
2025-04-01 04:00,47.95,47.6,48.3,60,1.0
2025-04-01 05:00,47.88,47.6,48.3,60,1.0
2025-04-01 06:00,47.86,47.5,48.3,60,1.0
2025-04-01 07:00,47.75,47.5,48.1,60,1.0
2025-04-01 08:00,47.74,47.5,48.1,60,1.0
2025-04-01 09:00,47.71,47.5,48.1,60,1.0
2025-04-01 10:00,47.73,47.4,48.1,60,1.0
2025-04-01 11:00,47.65,47.4,48.2,60,1.0
2025-04-01 12:00,47.62,47.3,47.9,60,1.0
2025-04-01 13:00,47.54,47.3,47.8,60,1.0
2025-04-01 14:00,47.49,47.2,47.8,60,1.0
2025-04-01 15:00,47.49,47.2,47.9,60,1.0
2025-04-01 16:00,47.43,47.2,47.8,59,0.983
2025-04-01 17:00,47.42,47.1,47.9,60,1.0
2025-04-01 18:00,47.46,47.1,47.8,60,1.0
2025-04-01 19:00,47.42,47.1,47.8,60,1.0
2025-04-01 20:00,47.34,47.0,47.9,60,1.0
2025-04-01 21:00,47.37,47.0,47.7,60,1.0
2025-04-01 22:00,47.35,47.0,47.7,60,1.0
2025-04-01 23:00,47.24,47.0,47.6,60,1.0
2025-04-02 00:00,47.24,47.0,47.6,60,1.0
2025-04-02 01:00,47.22,47.0,47.6,60,1.0
2025-04-02 02:00,47.22,47.0,47.6,60,1.0
2025-04-02 03:00,47.19,46.9,47.7,60,1.0
2025-04-02 04:00,47.13,46.9,47.6,60,1.0
2025-04-02 05:00,47.15,46.8,47.5,60,1.0
2025-04-02 06:00,47.12,46.8,47.7,60,1.0
2025-04-02 07:00,47.09,46.8,47.5,60,1.0
2025-04-02 08:00,47.02,46.7,47.4,60,1.0
2025-04-02 09:00,47.0,46.7,47.3,60,1.0
2025-04-02 10:00,46.95,46.7,47.4,60,1.0
2025-04-02 11:00,47.0,46.6,47.5,60,1.0
2025-04-02 12:00,46.93,46.6,47.3,60,1.0
2025-04-02 13:00,46.81,46.6,47.2,60,1.0
2025-04-02 14:00,46.78,46.5,47.1,60,1.0
2025-04-02 15:00,46.82,46.5,47.2,60,1.0
2025-04-02 16:00,46.7,46.4,47.2,60,1.0
2025-04-02 17:00,46.69,46.4,47.2,60,1.0
2025-04-02 18:00,46.62,46.4,47.2,60,1.0
2025-04-02 19:00,46.67,46.4,47.0,60,1.0
2025-04-02 20:00,46.68,46.4,47.1,60,1.0
2025-04-02 21:00,46.66,46.3,47.1,60,1.0
2025-04-02 22:00,46.63,46.4,47.0,60,1.0
2025-04-02 23:00,46.64,46.4,46.9,60,1.0
2025-04-03 00:00,46.51,46.3,46.9,60,1.0
2025-04-03 01:00,46.49,46.2,47.0,60,1.0
2025-04-03 02:00,46.45,46.2,46.9,60,1.0
2025-04-03 03:00,46.47,46.2,46.9,60,1.0
2025-04-03 04:00,46.52,46.2,46.9,60,1.0
2025-04-03 05:00,46.52,46.1,46.9,60,1.0
2025-04-03 06:00,46.47,46.2,46.8,59,0.983
2025-04-03 07:00,46.43,46.1,46.8,59,0.983
2025-04-03 08:00,46.36,46.1,46.9,60,1.0
2025-04-03 09:00,46.31,46.1,46.7,60,1.0
2025-04-03 10:00,46.27,46.0,46.7,60,1.0
2025-04-03 11:00,46.24,46.0,46.6,60,1.0
2025-04-03 12:00,46.28,46.0,46.7,60,1.0
2025-04-03 13:00,46.21,46.0,46.7,60,1.0
2025-04-03 14:00,46.2,45.9,46.6,60,1.0
2025-04-03 15:00,46.22,45.9,46.6,60,1.0
2025-04-03 16:00,46.15,45.9,46.6,60,1.0
2025-04-03 17:00,46.16,45.9,46.5,60,1.0
2025-04-03 18:00,46.12,45.9,46.5,59,0.983
2025-04-03 19:00,46.1,45.8,46.6,60,1.0
2025-04-03 20:00,46.06,45.8,46.5,60,1.0
2025-04-03 21:00,46.05,45.8,46.5,60,1.0
2025-04-03 22:00,46.07,45.8,46.5,60,1.0
2025-04-03 23:00,46.0,45.7,46.4,60,1.0
2025-04-04 00:00,45.97,45.7,46.3,60,1.0
2025-04-04 01:00,46.0,45.7,46.4,60,1.0
2025-04-04 02:00,45.93,45.7,46.4,60,1.0
2025-04-04 03:00,45.92,45.7,46.3,60,1.0
2025-04-04 04:00,45.94,45.6,46.4,60,1.0
2025-04-04 05:00,45.91,45.6,46.3,60,1.0
2025-04-04 06:00,45.83,45.6,46.2,60,1.0
2025-04-04 07:00,45.85,45.6,46.2,60,1.0
2025-04-04 08:00,45.79,45.5,46.3,60,1.0
2025-04-04 09:00,45.81,45.6,46.2,60,1.0
2025-04-04 10:00,45.74,45.5,46.1,60,1.0
2025-04-04 11:00,45.83,45.5,46.1,60,1.0
2025-04-04 12:00,45.79,45.5,46.2,60,1.0
2025-04-04 13:00,45.78,45.5,46.2,60,1.0
2025-04-04 14:00,45.73,45.5,46.2,60,1.0
2025-04-04 15:00,45.73,45.5,46.2,60,1.0
2025-04-04 16:00,45.73,45.5,46.1,59,0.983
2025-04-04 17:00,45.65,45.4,46.1,49,0.817
2025-04-04 18:00,45.58,45.4,45.9,56,0.933
2025-04-04 19:00,45.64,45.4,46.0,51,0.85
2025-04-04 20:00,45.7,45.4,46.0,46,0.767
2025-04-04 21:00,45.66,45.4,46.0,48,0.8
2025-04-04 22:00,45.63,45.4,46.0,59,0.983
2025-04-04 23:00,45.6,45.4,46.0,41,0.683
2025-04-05 00:00,45.59,45.4,46.1,53,0.883
2025-04-05 01:00,45.56,45.4,45.9,60,1.0
2025-04-05 02:00,45.64,45.3,46.0,60,1.0
2025-04-05 03:00,45.66,45.3,46.0,60,1.0
2025-04-05 04:00,45.57,45.3,45.9,60,1.0
2025-04-05 05:00,45.59,45.3,45.9,60,1.0
2025-04-05 06:00,45.5,45.3,45.8,60,1.0
2025-04-05 07:00,45.5,45.2,45.9,60,1.0
2025-04-05 08:00,45.45,45.2,45.9,60,1.0
2025-04-05 09:00,45.46,45.2,45.8,60,1.0
2025-04-05 10:00,45.43,45.2,45.8,60,1.0
2025-04-05 11:00,45.58,45.3,46.0,60,1.0
2025-04-05 12:00,45.55,45.3,45.8,59,0.983
2025-04-05 13:00,45.57,45.3,45.9,60,1.0
2025-04-05 14:00,45.5,45.2,45.9,60,1.0
2025-04-05 15:00,45.58,45.2,46.0,60,1.0
2025-04-05 16:00,45.5,45.3,46.0,60,1.0
2025-04-05 17:00,45.46,45.2,45.8,60,1.0
2025-04-05 18:00,45.48,45.2,45.8,60,1.0
2025-04-05 19:00,45.49,45.2,45.9,60,1.0
2025-04-05 20:00,45.48,45.2,45.9,59,0.983
2025-04-05 21:00,45.47,45.2,45.8,60,1.0
2025-04-05 22:00,45.43,45.1,45.8,60,1.0
2025-04-05 23:00,45.4,45.2,45.7,60,1.0
2025-04-06 00:00,45.47,45.1,45.8,60,1.0
2025-04-06 01:00,45.42,45.1,45.8,60,1.0
2025-04-06 02:00,45.38,45.1,45.9,60,1.0
2025-04-06 03:00,45.29,45.0,45.7,60,1.0
2025-04-06 04:00,45.25,45.0,45.7,60,1.0
2025-04-06 05:00,45.28,45.0,45.6,60,1.0
2025-04-06 06:00,45.22,45.0,45.6,59,0.983
2025-04-06 07:00,45.19,44.9,45.5,60,1.0
2025-04-06 08:00,45.24,45.0,45.6,60,1.0
2025-04-06 09:00,45.16,44.9,45.6,60,1.0
2025-04-06 10:00,45.18,44.9,45.7,60,1.0
2025-04-06 11:00,45.2,44.9,45.6,60,1.0
2025-04-06 12:00,45.16,44.9,45.6,60,1.0
2025-04-06 13:00,45.16,44.9,45.6,60,1.0
2025-04-06 14:00,45.11,44.9,45.6,59,0.983
2025-04-06 15:00,45.16,44.9,45.4,60,1.0
2025-04-06 16:00,45.16,44.9,45.6,59,0.983
2025-04-06 17:00,45.07,44.8,45.4,60,1.0
2025-04-06 18:00,44.96,44.6,45.4,60,1.0
2025-04-06 19:00,44.74,44.5,45.3,60,1.0
2025-04-06 20:00,44.72,44.5,45.2,60,1.0
2025-04-06 21:00,44.87,44.6,45.2,60,1.0
2025-04-06 22:00,44.84,44.5,45.1,60,1.0
2025-04-06 23:00,44.82,44.5,45.3,60,1.0
2025-04-07 00:00,44.73,44.5,45.1,60,1.0
2025-04-07 01:00,44.72,44.5,45.1,60,1.0
2025-04-07 02:00,44.66,44.5,45.0,60,1.0
2025-04-07 03:00,44.71,44.5,45.1,60,1.0
2025-04-07 04:00,44.77,44.4,45.1,60,1.0
2025-04-07 05:00,44.75,44.5,45.1,60,1.0
2025-04-07 06:00,44.64,44.4,45.0,60,1.0
2025-04-07 07:00,44.7,44.4,45.1,60,1.0
2025-04-07 08:00,44.7,44.4,45.0,60,1.0
2025-04-07 09:00,44.65,44.4,45.1,60,1.0
2025-04-07 10:00,44.66,44.4,45.1,60,1.0
2025-04-07 11:00,44.63,44.4,44.9,60,1.0
2025-04-07 12:00,44.72,44.4,45.0,60,1.0
2025-04-07 13:00,44.75,44.5,45.1,60,1.0
2025-04-07 14:00,44.75,44.5,45.1,60,1.0
2025-04-07 15:00,44.76,44.5,45.1,60,1.0
2025-04-07 16:00,44.72,44.5,45.0,60,1.0
2025-04-07 17:00,44.74,44.4,45.1,60,1.0
2025-04-07 18:00,44.78,44.5,45.1,60,1.0
2025-04-07 19:00,44.71,44.4,45.1,60,1.0
2025-04-07 20:00,44.63,44.4,45.0,57,0.95
2025-04-07 21:00,44.67,44.4,45.1,47,0.783
2025-04-07 22:00,44.69,44.4,45.2,51,0.85
2025-04-07 23:00,44.68,44.4,45.0,49,0.817
2025-04-08 00:00,44.57,44.4,45.0,54,0.9
2025-04-08 01:00,44.6,44.3,45.0,60,1.0
2025-04-08 02:00,44.51,44.3,44.7,60,1.0
2025-04-08 03:00,44.53,44.3,44.8,60,1.0
2025-04-08 04:00,44.56,44.4,44.9,60,1.0
2025-04-08 05:00,44.54,44.3,44.8,60,1.0
2025-04-08 06:00,44.53,44.3,44.9,59,0.983
2025-04-08 07:00,44.55,44.3,45.0,57,0.95
2025-04-08 08:00,44.47,44.2,44.9,60,1.0
2025-04-08 09:00,44.45,44.2,44.7,60,1.0
2025-04-08 10:00,44.45,44.2,44.8,57,0.95
2025-04-08 11:00,44.46,44.2,44.8,53,0.883
2025-04-08 12:00,44.39,44.2,44.7,60,1.0
2025-04-08 13:00,44.39,44.2,44.9,60,1.0
2025-04-08 14:00,44.43,44.1,44.8,60,1.0
2025-04-08 15:00,44.48,44.1,44.9,60,1.0
2025-04-08 16:00,44.4,44.1,44.7,60,1.0
2025-04-08 17:00,44.31,44.1,44.6,59,0.983
2025-04-08 18:00,44.4,44.1,44.8,60,1.0
2025-04-08 19:00,44.39,44.1,44.7,60,1.0
2025-04-08 20:00,44.32,44.0,44.6,60,1.0
2025-04-08 21:00,44.29,44.1,44.7,60,1.0
2025-04-08 22:00,44.3,44.1,44.7,60,1.0
2025-04-08 23:00,44.38,44.1,44.7,60,1.0
2025-04-09 00:00,44.23,44.0,44.6,60,1.0
2025-04-09 01:00,44.21,44.0,44.6,60,1.0
2025-04-09 02:00,44.22,44.0,44.6,60,1.0
2025-04-09 03:00,44.23,44.0,44.7,60,1.0
2025-04-09 04:00,44.25,44.0,44.6,60,1.0
2025-04-09 05:00,44.22,43.9,44.5,60,1.0
2025-04-09 06:00,44.18,43.9,44.7,60,1.0
2025-04-09 07:00,44.11,43.9,44.5,60,1.0
2025-04-09 08:00,44.14,43.9,44.4,60,1.0
2025-04-09 09:00,44.1,43.9,44.6,60,1.0
2025-04-09 10:00,44.09,43.8,44.4,60,1.0
2025-04-09 11:00,44.07,43.9,44.5,60,1.0
2025-04-09 12:00,44.07,43.8,44.6,60,1.0
2025-04-09 13:00,43.98,43.8,44.4,60,1.0
2025-04-09 14:00,44.0,43.8,44.5,60,1.0
2025-04-09 15:00,44.01,43.7,44.3,60,1.0
2025-04-09 16:00,44.07,43.8,44.4,60,1.0
2025-04-09 17:00,43.98,43.8,44.3,60,1.0
2025-04-09 18:00,43.92,43.7,44.3,60,1.0
2025-04-09 19:00,44.0,43.7,44.4,60,1.0
2025-04-09 20:00,43.98,43.7,44.4,60,1.0
2025-04-09 21:00,43.88,43.7,44.2,60,1.0
2025-04-09 22:00,43.84,43.7,44.4,60,1.0
2025-04-09 23:00,43.89,43.6,44.2,60,1.0
2025-04-10 00:00,43.89,43.6,44.2,60,1.0
2025-04-10 01:00,43.94,43.6,44.3,60,1.0
2025-04-10 02:00,43.85,43.6,44.2,60,1.0
2025-04-10 03:00,43.78,43.6,44.2,60,1.0
2025-04-10 04:00,43.74,43.6,44.1,60,1.0
2025-04-10 05:00,43.78,43.5,44.2,60,1.0
2025-04-10 06:00,43.74,43.5,44.1,60,1.0
2025-04-10 07:00,43.82,43.6,44.2,60,1.0
2025-04-10 08:00,43.78,43.5,44.3,59,0.983
2025-04-10 09:00,43.74,43.5,44.0,44,0.733
2025-04-10 10:00,43.7,43.4,44.1,53,0.883
2025-04-10 11:00,43.68,43.5,44.0,45,0.75
2025-04-10 12:00,43.64,43.4,44.1,52,0.867
2025-04-10 13:00,43.64,43.4,43.9,58,0.967
2025-04-10 14:00,43.63,43.4,43.9,59,0.983
2025-04-10 15:00,43.64,43.4,44.0,60,1.0
2025-04-10 16:00,43.63,43.4,43.9,60,1.0
2025-04-10 17:00,43.62,43.4,44.0,60,1.0
2025-04-10 18:00,43.66,43.4,44.0,60,1.0
2025-04-10 19:00,43.54,43.3,43.9,60,1.0
2025-04-10 20:00,43.58,43.3,44.0,60,1.0
2025-04-10 21:00,43.63,43.3,43.9,60,1.0
2025-04-10 22:00,43.61,43.3,43.9,60,1.0
2025-04-10 23:00,43.58,43.3,43.9,60,1.0
2025-04-11 00:00,43.53,43.3,43.9,60,1.0
2025-04-11 01:00,43.56,43.3,43.8,45,0.75
2025-04-11 02:00,43.46,43.2,43.8,49,0.817
2025-04-11 03:00,43.46,43.2,43.9,58,0.967
2025-04-11 04:00,43.46,43.2,43.8,60,1.0
2025-04-11 05:00,43.46,43.2,43.9,60,1.0
2025-04-11 06:00,43.43,43.2,43.8,60,1.0
2025-04-11 07:00,43.39,43.1,43.7,60,1.0
2025-04-11 08:00,43.38,43.1,43.9,60,1.0
2025-04-11 09:00,43.37,43.1,43.7,60,1.0
2025-04-11 10:00,43.37,43.1,43.6,60,1.0
2025-04-11 11:00,43.28,43.0,43.7,60,1.0
2025-04-11 12:00,43.18,43.0,43.6,60,1.0
2025-04-11 13:00,43.28,42.9,43.5,60,1.0
2025-04-11 14:00,43.23,42.9,43.6,60,1.0
2025-04-11 15:00,43.06,42.8,43.5,60,1.0
2025-04-11 16:00,43.06,42.8,43.5,60,1.0
2025-04-11 17:00,43.07,42.8,43.4,60,1.0
2025-04-11 18:00,43.03,42.8,43.4,60,1.0
2025-04-11 19:00,43.06,42.8,43.4,60,1.0
2025-04-11 20:00,43.05,42.8,43.4,60,1.0
2025-04-11 21:00,42.99,42.8,43.3,60,1.0
2025-04-11 22:00,43.1,42.8,43.4,60,1.0
2025-04-11 23:00,43.1,42.7,43.4,60,1.0
2025-04-12 00:00,43.03,42.7,43.3,60,1.0
2025-04-12 01:00,42.95,42.7,43.3,60,1.0
2025-04-12 02:00,42.93,42.7,43.3,60,1.0
2025-04-12 03:00,42.91,42.7,43.2,60,1.0
2025-04-12 04:00,42.94,42.7,43.3,60,1.0
2025-04-12 05:00,43.02,42.8,43.4,60,1.0
2025-04-12 06:00,42.87,42.7,43.3,60,1.0
2025-04-12 07:00,42.9,42.6,43.3,60,1.0
2025-04-12 08:00,42.91,42.6,43.3,60,1.0
2025-04-12 09:00,42.87,42.6,43.5,60,1.0
2025-04-12 10:00,42.88,42.6,43.4,60,1.0
2025-04-12 11:00,42.9,42.5,43.3,60,1.0
2025-04-12 12:00,42.8,42.5,43.2,60,1.0
2025-04-12 13:00,42.83,42.5,43.2,60,1.0
2025-04-12 14:00,42.85,42.5,43.2,60,1.0
2025-04-12 15:00,42.81,42.5,43.2,60,1.0
2025-04-12 16:00,42.7,42.5,43.0,60,1.0
2025-04-12 17:00,42.74,42.5,43.0,60,1.0
2025-04-12 18:00,42.69,42.5,43.0,60,1.0
2025-04-12 19:00,42.77,42.5,43.2,60,1.0
2025-04-12 20:00,42.72,42.5,43.1,59,0.983
2025-04-12 21:00,42.68,42.5,43.0,60,1.0
2025-04-12 22:00,42.8,42.6,43.1,60,1.0
2025-04-12 23:00,42.79,42.5,43.0,60,1.0
2025-04-13 00:00,42.76,42.4,43.1,60,1.0
2025-04-13 01:00,42.75,42.5,43.0,60,1.0
2025-04-13 02:00,42.67,42.4,43.1,60,1.0
2025-04-13 03:00,42.72,42.4,43.1,60,1.0
2025-04-13 04:00,42.67,42.4,42.9,60,1.0
2025-04-13 05:00,42.6,42.4,43.0,60,1.0
2025-04-13 06:00,42.62,42.4,43.0,60,1.0
2025-04-13 07:00,42.6,42.4,43.0,60,1.0
2025-04-13 08:00,42.63,42.3,42.9,60,1.0
2025-04-13 09:00,42.61,42.3,43.0,60,1.0
2025-04-13 10:00,42.57,42.3,42.9,60,1.0
2025-04-13 11:00,42.53,42.3,42.9,60,1.0
2025-04-13 12:00,42.51,42.3,42.9,60,1.0
2025-04-13 13:00,42.54,42.2,42.9,60,1.0
2025-04-13 14:00,42.52,42.2,43.1,60,1.0
2025-04-13 15:00,42.52,42.2,42.9,60,1.0
2025-04-13 16:00,42.42,42.2,42.7,60,1.0
2025-04-13 17:00,42.53,42.2,42.9,50,0.833
2025-04-13 18:00,42.44,42.2,42.9,52,0.867
2025-04-13 19:00,42.4,42.2,42.8,60,1.0
2025-04-13 20:00,42.39,42.2,42.7,60,1.0
2025-04-13 21:00,42.37,42.2,42.8,60,1.0
2025-04-13 22:00,42.35,42.2,42.7,60,1.0
2025-04-13 23:00,42.38,42.1,42.7,60,1.0
2025-04-14 00:00,42.35,42.1,42.8,60,1.0
2025-04-14 01:00,42.38,42.1,42.7,60,1.0
2025-04-14 02:00,42.39,42.1,42.8,60,1.0
2025-04-14 03:00,42.33,42.1,42.8,60,1.0
2025-04-14 04:00,42.3,42.1,42.7,60,1.0
2025-04-14 05:00,42.33,42.1,42.7,60,1.0
2025-04-14 06:00,42.38,42.1,42.8,60,1.0
2025-04-14 07:00,42.31,42.1,42.8,60,1.0
2025-04-14 08:00,42.36,42.0,42.8,60,1.0
2025-04-14 09:00,42.35,42.0,42.7,59,0.983
2025-04-14 10:00,42.28,42.0,42.6,60,1.0
2025-04-14 11:00,42.26,42.0,42.6,60,1.0
2025-04-14 12:00,42.26,42.0,42.5,60,1.0
2025-04-14 13:00,42.24,42.0,42.5,60,1.0
2025-04-14 14:00,42.28,42.0,42.6,60,1.0
2025-04-14 15:00,42.2,41.9,42.5,60,1.0
2025-04-14 16:00,42.28,42.0,42.6,60,1.0
2025-04-14 17:00,42.21,42.0,42.6,60,1.0
2025-04-14 18:00,42.21,42.0,42.5,60,1.0
2025-04-14 19:00,42.22,42.0,42.6,60,1.0
2025-04-14 20:00,42.17,41.9,42.5,60,1.0
2025-04-14 21:00,42.12,41.7,42.5,60,1.0
2025-04-14 22:00,41.92,41.7,42.4,60,1.0
2025-04-14 23:00,41.9,41.7,42.2,60,1.0
2025-04-15 00:00,41.85,41.6,42.2,60,1.0
2025-04-15 01:00,41.85,41.6,42.2,60,1.0
2025-04-15 02:00,41.76,41.5,42.2,60,1.0
2025-04-15 03:00,41.86,41.7,42.2,60,1.0
2025-04-15 04:00,42.06,41.8,42.4,60,1.0
2025-04-15 05:00,42.06,41.8,42.4,60,1.0
2025-04-15 06:00,42.16,41.9,42.5,60,1.0
2025-04-15 07:00,42.1,41.8,42.5,60,1.0
2025-04-15 08:00,42.04,41.7,42.7,60,1.0
2025-04-15 09:00,41.93,41.7,42.4,60,1.0
2025-04-15 10:00,41.85,41.6,42.2,60,1.0
2025-04-15 11:00,41.77,41.5,42.1,60,1.0
2025-04-15 12:00,41.74,41.5,42.1,60,1.0
2025-04-15 13:00,41.72,41.5,42.0,60,1.0
2025-04-15 14:00,41.78,41.5,42.0,60,1.0
2025-04-15 15:00,41.68,41.4,42.0,60,1.0
2025-04-15 16:00,41.67,41.4,42.0,60,1.0
2025-04-15 17:00,41.61,41.4,42.1,60,1.0
2025-04-15 18:00,41.65,41.4,42.1,60,1.0
2025-04-15 19:00,41.66,41.4,42.0,60,1.0
2025-04-15 20:00,41.66,41.4,42.0,60,1.0
2025-04-15 21:00,41.66,41.4,42.0,60,1.0
2025-04-15 22:00,41.66,41.4,42.0,60,1.0
2025-04-15 23:00,41.62,41.4,42.0,60,1.0
2025-04-16 00:00,41.62,41.4,42.1,60,1.0
2025-04-16 01:00,41.65,41.4,42.0,60,1.0
2025-04-16 02:00,41.66,41.4,42.2,60,1.0
2025-04-16 03:00,41.68,41.4,42.1,60,1.0
2025-04-16 04:00,41.66,41.4,41.9,60,1.0
2025-04-16 05:00,41.69,41.4,42.0,60,1.0
2025-04-16 06:00,41.63,41.4,42.0,60,1.0
2025-04-16 07:00,41.7,41.4,42.1,60,1.0
2025-04-16 08:00,41.65,41.4,42.0,60,1.0
2025-04-16 09:00,41.64,41.4,42.1,60,1.0
2025-04-16 10:00,41.68,41.5,42.1,60,1.0
2025-04-16 11:00,41.66,41.5,42.0,60,1.0
2025-04-16 12:00,41.76,41.5,42.0,60,1.0
2025-04-16 13:00,41.72,41.5,42.1,60,1.0
2025-04-16 14:00,41.74,41.4,42.1,60,1.0
2025-04-16 15:00,41.74,41.5,42.0,60,1.0
2025-04-16 16:00,41.66,41.4,42.0,60,1.0
2025-04-16 17:00,41.63,41.4,42.1,60,1.0
2025-04-16 18:00,41.68,41.4,42.0,53,0.883
2025-04-16 19:00,41.7,41.5,42.1,49,0.817
2025-04-16 20:00,41.65,41.4,42.0,51,0.85
2025-04-16 21:00,41.66,41.4,41.9,60,1.0
2025-04-16 22:00,41.66,41.4,42.1,45,0.75
2025-04-16 23:00,41.74,41.4,42.0,56,0.933
2025-04-17 00:00,41.76,41.5,42.0,57,0.95
2025-04-17 01:00,41.65,41.4,42.0,60,1.0
2025-04-17 02:00,41.67,41.4,42.0,60,1.0
2025-04-17 03:00,41.75,41.5,42.1,60,1.0
2025-04-17 04:00,41.7,41.4,42.1,60,1.0
2025-04-17 05:00,41.79,41.5,42.2,60,1.0
2025-04-17 06:00,41.81,41.5,42.3,60,1.0
2025-04-17 07:00,41.81,41.6,42.2,60,1.0
2025-04-17 08:00,41.75,41.4,42.2,60,1.0
2025-04-17 09:00,41.65,41.4,42.1,60,1.0
2025-04-17 10:00,41.64,41.4,42.0,60,1.0
2025-04-17 11:00,41.7,41.4,42.1,60,1.0
2025-04-17 12:00,41.81,41.4,42.3,60,1.0
2025-04-17 13:00,41.94,41.5,42.4,60,1.0
2025-04-17 14:00,41.81,41.5,42.4,60,1.0
2025-04-17 15:00,41.95,41.6,42.3,60,1.0
2025-04-17 16:00,41.91,41.7,42.2,60,1.0
2025-04-17 17:00,41.86,41.6,42.3,60,1.0
2025-04-17 18:00,41.86,41.6,42.3,60,1.0
2025-04-17 19:00,41.91,41.6,42.2,60,1.0
2025-04-17 20:00,41.87,41.6,42.2,60,1.0
2025-04-17 21:00,41.73,41.5,42.1,60,1.0
2025-04-17 22:00,41.68,41.5,42.0,60,1.0
2025-04-17 23:00,41.74,41.5,42.1,60,1.0
2025-04-18 00:00,41.71,41.5,42.0,60,1.0
2025-04-18 01:00,41.76,41.5,42.1,60,1.0
2025-04-18 02:00,41.71,41.5,42.2,60,1.0
2025-04-18 03:00,41.78,41.5,42.2,60,1.0
2025-04-18 04:00,41.71,41.5,42.0,60,1.0
2025-04-18 05:00,41.73,41.5,42.2,60,1.0
2025-04-18 06:00,41.78,41.5,42.0,60,1.0
2025-04-18 07:00,41.99,41.5,42.3,60,1.0
2025-04-18 08:00,41.82,41.6,42.3,60,1.0
2025-04-18 09:00,41.81,41.5,42.1,60,1.0
2025-04-18 10:00,41.76,41.5,42.2,60,1.0
2025-04-18 11:00,41.76,41.5,42.1,60,1.0
2025-04-18 12:00,41.7,41.5,42.1,60,1.0
2025-04-18 13:00,41.71,41.4,42.3,60,1.0
2025-04-18 14:00,41.75,41.5,42.1,60,1.0
2025-04-18 15:00,41.73,41.5,42.1,60,1.0
2025-04-18 16:00,41.74,41.5,42.2,60,1.0
2025-04-18 17:00,41.73,41.5,42.0,60,1.0
2025-04-18 18:00,41.76,41.5,42.1,60,1.0
2025-04-18 19:00,41.76,41.5,42.1,60,1.0
2025-04-18 20:00,41.74,41.5,42.1,60,1.0
2025-04-18 21:00,41.85,41.6,42.1,60,1.0
2025-04-18 22:00,41.72,41.5,42.1,60,1.0
2025-04-18 23:00,41.68,41.5,42.1,60,1.0
2025-04-19 00:00,41.68,41.5,42.0,60,1.0
2025-04-19 01:00,41.74,41.5,42.1,60,1.0
2025-04-19 02:00,41.79,41.5,42.2,59,0.983
2025-04-19 03:00,41.77,41.5,42.1,47,0.783
2025-04-19 04:00,41.83,41.5,42.2,58,0.967
2025-04-19 05:00,41.78,41.5,42.1,60,1.0
2025-04-19 06:00,41.71,41.5,42.1,60,1.0
2025-04-19 07:00,41.73,41.5,42.1,60,1.0
2025-04-19 08:00,41.74,41.5,42.0,60,1.0
2025-04-19 09:00,41.76,41.5,42.1,60,1.0
2025-04-19 10:00,41.73,41.5,42.2,60,1.0
2025-04-19 11:00,41.69,41.5,42.0,60,1.0
2025-04-19 12:00,41.69,41.5,42.0,60,1.0
2025-04-19 13:00,41.72,41.5,42.2,60,1.0
2025-04-19 14:00,41.72,41.5,42.1,60,1.0
2025-04-19 15:00,41.66,41.4,42.1,60,1.0
2025-04-19 16:00,41.66,41.4,42.1,60,1.0
2025-04-19 17:00,41.74,41.4,42.1,60,1.0
2025-04-19 18:00,41.72,41.4,42.0,60,1.0
2025-04-19 19:00,41.66,41.4,42.0,60,1.0
2025-04-19 20:00,41.73,41.4,42.0,60,1.0
2025-04-19 21:00,41.73,41.4,42.1,60,1.0
2025-04-19 22:00,41.78,41.4,42.1,60,1.0
2025-04-19 23:00,41.69,41.5,42.1,60,1.0
2025-04-20 00:00,41.65,41.4,42.1,60,1.0
2025-04-20 01:00,41.6,41.4,41.9,60,1.0
2025-04-20 02:00,41.58,41.4,42.0,60,1.0
2025-04-20 03:00,41.62,41.4,41.9,60,1.0
2025-04-20 04:00,41.62,41.4,42.0,60,1.0
2025-04-20 05:00,41.6,41.4,41.9,60,1.0
2025-04-20 06:00,41.64,41.4,42.0,60,1.0
2025-04-20 07:00,41.67,41.4,42.0,40,0.667
2025-04-22 09:00,41.41,41.2,41.7,59,0.983
2025-04-22 10:00,41.45,41.2,41.7,60,1.0
2025-04-22 11:00,41.38,41.1,41.8,60,1.0
2025-04-22 12:00,41.32,41.1,41.7,60,1.0
2025-04-22 13:00,41.36,41.1,41.7,60,1.0
2025-04-22 14:00,41.38,41.1,41.7,58,0.967
2025-04-22 15:00,41.39,41.1,41.7,49,0.817
2025-04-22 16:00,41.39,41.1,41.8,54,0.9
2025-04-22 17:00,41.31,41.1,41.7,48,0.8
2025-04-22 18:00,41.31,41.1,41.7,50,0.833
2025-04-22 19:00,41.31,41.1,41.6,60,1.0
2025-04-22 20:00,41.31,41.0,41.8,60,1.0
2025-04-22 21:00,41.32,41.1,41.6,60,1.0
2025-04-22 22:00,41.22,41.0,41.6,60,1.0
2025-04-22 23:00,41.3,41.1,41.7,60,1.0
2025-04-23 00:00,41.36,41.0,41.7,60,1.0
2025-04-23 01:00,41.36,41.1,41.8,60,1.0
2025-04-23 02:00,41.31,41.0,41.6,59,0.983
2025-04-23 03:00,41.31,41.0,41.6,60,1.0
2025-04-23 04:00,41.21,41.0,41.6,50,0.833
2025-04-23 05:00,41.22,41.0,41.5,49,0.817
2025-04-23 06:00,41.25,41.0,41.5,54,0.9
2025-04-23 07:00,41.19,41.0,41.5,49,0.817
2025-04-23 08:00,41.26,41.0,41.6,48,0.8
2025-04-23 09:00,41.24,41.0,41.6,59,0.983
2025-04-23 10:00,41.17,40.9,41.5,60,1.0
2025-04-23 11:00,41.19,40.9,41.5,57,0.95
2025-04-23 12:00,41.2,40.9,41.6,47,0.783
2025-04-23 13:00,41.16,41.0,41.5,56,0.933
2025-04-23 14:00,41.13,40.9,41.4,47,0.783
2025-04-23 15:00,41.09,40.9,41.3,49,0.817
2025-04-23 16:00,41.1,40.9,41.4,49,0.817
2025-04-23 17:00,41.13,40.9,41.6,60,1.0
2025-04-23 18:00,41.1,40.9,41.5,60,1.0
2025-04-23 19:00,41.13,40.9,41.5,60,1.0
2025-04-23 20:00,41.12,40.8,41.5,60,1.0
2025-04-23 21:00,41.08,40.8,41.4,60,1.0
2025-04-23 22:00,41.07,40.8,41.4,60,1.0
2025-04-23 23:00,41.05,40.8,41.5,60,1.0
2025-04-24 00:00,41.16,40.8,41.4,59,0.983
2025-04-24 01:00,41.13,40.8,41.4,60,1.0
2025-04-24 02:00,41.07,40.8,41.5,60,1.0
2025-04-24 03:00,41.07,40.8,41.4,59,0.983
2025-04-24 04:00,41.12,40.8,41.4,60,1.0
2025-04-24 05:00,41.07,40.8,41.4,60,1.0
2025-04-24 06:00,41.1,40.8,41.5,60,1.0
2025-04-24 07:00,40.97,40.8,41.3,60,1.0
2025-04-24 08:00,41.02,40.8,41.4,60,1.0
2025-04-24 09:00,41.01,40.8,41.4,60,1.0
2025-04-24 10:00,40.98,40.8,41.3,60,1.0
2025-04-24 11:00,40.99,40.8,41.3,60,1.0
2025-04-24 12:00,41.09,40.8,41.4,56,0.933
2025-04-24 13:00,41.09,40.9,41.5,44,0.733
2025-04-24 14:00,41.03,40.8,41.4,52,0.867
2025-04-24 15:00,41.05,40.8,41.4,57,0.95
2025-04-24 16:00,40.98,40.7,41.4,60,1.0
2025-04-24 17:00,40.88,40.7,41.2,60,1.0
2025-04-24 18:00,40.81,40.6,41.1,60,1.0
2025-04-24 19:00,40.82,40.6,41.1,60,1.0
2025-04-24 20:00,40.87,40.6,41.2,60,1.0
2025-04-24 21:00,40.83,40.6,41.2,60,1.0
2025-04-24 22:00,40.72,40.5,41.0,60,1.0
2025-04-24 23:00,40.78,40.5,41.2,60,1.0
2025-04-25 00:00,40.67,40.5,41.0,60,1.0
2025-04-25 01:00,40.67,40.5,40.9,60,1.0
2025-04-25 02:00,40.7,40.5,41.0,60,1.0
2025-04-25 03:00,40.73,40.5,41.1,59,0.983
2025-04-25 04:00,40.71,40.5,41.0,60,1.0
2025-04-25 05:00,40.77,40.5,41.1,60,1.0
2025-04-25 06:00,40.67,40.4,41.0,60,1.0
2025-04-25 07:00,40.72,40.5,41.1,60,1.0
2025-04-25 08:00,40.69,40.5,41.0,60,1.0
2025-04-25 09:00,40.7,40.5,41.0,60,1.0
2025-04-25 10:00,40.72,40.4,41.0,60,1.0
2025-04-25 11:00,40.7,40.4,41.0,60,1.0
2025-04-25 12:00,40.64,40.4,41.0,60,1.0
2025-04-25 13:00,40.64,40.4,41.0,60,1.0
2025-04-25 14:00,40.63,40.4,40.9,60,1.0
2025-04-25 15:00,40.65,40.4,41.0,60,1.0
2025-04-25 16:00,40.66,40.4,41.0,60,1.0
2025-04-25 17:00,40.65,40.4,41.0,60,1.0
2025-04-25 18:00,40.67,40.4,41.0,60,1.0
2025-04-25 19:00,40.71,40.4,41.1,60,1.0
2025-04-25 20:00,40.65,40.5,41.0,60,1.0
2025-04-25 21:00,40.67,40.4,41.0,60,1.0
2025-04-25 22:00,40.76,40.5,41.0,60,1.0
2025-04-25 23:00,40.78,40.5,41.1,60,1.0
2025-04-26 00:00,40.72,40.5,41.0,60,1.0
2025-04-26 01:00,40.78,40.5,41.1,60,1.0
2025-04-26 02:00,40.92,40.5,41.4,60,1.0
2025-04-26 03:00,40.94,40.7,41.3,60,1.0
2025-04-26 04:00,40.98,40.7,41.3,60,1.0
2025-04-26 05:00,40.95,40.7,41.3,60,1.0
2025-04-26 06:00,41.1,40.7,41.4,60,1.0
2025-04-26 07:00,40.96,40.7,41.4,60,1.0
2025-04-26 08:00,40.84,40.6,41.2,60,1.0
2025-04-26 09:00,40.75,40.5,41.1,60,1.0
2025-04-26 10:00,40.78,40.5,41.1,60,1.0
2025-04-26 11:00,40.8,40.5,41.1,60,1.0
2025-04-26 12:00,40.78,40.5,41.1,60,1.0
2025-04-26 13:00,40.77,40.5,41.2,58,0.967
2025-04-26 14:00,40.78,40.5,41.1,60,1.0
2025-04-26 15:00,40.73,40.5,41.0,55,0.917
2025-04-26 16:00,40.8,40.5,41.1,58,0.967
2025-04-26 17:00,40.77,40.5,41.2,60,1.0
2025-04-26 18:00,40.72,40.5,41.0,55,0.917
2025-04-26 19:00,40.78,40.5,41.1,45,0.75
2025-04-26 20:00,40.69,40.5,40.9,49,0.817
2025-04-26 21:00,40.71,40.5,41.1,60,1.0
2025-04-26 22:00,40.67,40.5,41.0,60,1.0
2025-04-26 23:00,40.71,40.5,41.1,60,1.0
2025-04-27 00:00,40.76,40.5,41.2,54,0.9
2025-04-27 01:00,40.76,40.5,41.1,48,0.8
2025-04-27 02:00,40.68,40.5,41.0,47,0.783
2025-04-27 03:00,40.66,40.5,41.0,48,0.8
2025-04-27 04:00,40.64,40.4,41.2,56,0.933
2025-04-27 05:00,40.64,40.4,41.0,60,1.0
2025-04-27 06:00,40.71,40.5,41.1,60,1.0
2025-04-27 07:00,40.69,40.4,41.0,60,1.0
2025-04-27 08:00,40.65,40.4,41.0,60,1.0
2025-04-27 09:00,40.63,40.4,40.9,60,1.0
2025-04-27 10:00,40.62,40.4,40.9,60,1.0
2025-04-27 11:00,40.67,40.4,41.0,60,1.0
2025-04-27 12:00,40.72,40.4,41.0,60,1.0
2025-04-27 13:00,40.62,40.4,40.9,60,1.0
2025-04-27 14:00,40.56,40.3,40.8,60,1.0
2025-04-27 15:00,40.56,40.3,40.9,60,1.0
2025-04-27 16:00,40.6,40.4,40.9,60,1.0
2025-04-27 17:00,40.62,40.3,41.0,60,1.0
2025-04-27 18:00,40.58,40.4,40.8,60,1.0
2025-04-27 19:00,40.55,40.3,40.9,60,1.0
2025-04-27 20:00,40.56,40.4,40.8,60,1.0
2025-04-27 21:00,40.62,40.4,40.9,60,1.0
2025-04-27 22:00,40.53,40.3,40.8,60,1.0
2025-04-27 23:00,40.59,40.3,40.9,60,1.0
2025-04-28 00:00,40.58,40.3,40.9,60,1.0
2025-04-28 01:00,40.55,40.3,41.0,60,1.0
2025-04-28 02:00,40.56,40.3,41.0,60,1.0
2025-04-28 03:00,40.56,40.3,40.9,59,0.983
2025-04-28 04:00,40.53,40.3,40.9,60,1.0
2025-04-28 05:00,40.54,40.3,41.0,60,1.0
2025-04-28 06:00,40.54,40.3,40.9,60,1.0
2025-04-28 07:00,40.55,40.3,41.0,60,1.0
2025-04-28 08:00,40.58,40.3,41.0,60,1.0
2025-04-28 09:00,40.52,40.3,40.9,60,1.0
2025-04-28 10:00,40.48,40.3,40.9,60,1.0
2025-04-28 11:00,40.57,40.3,40.9,60,1.0
2025-04-28 12:00,40.58,40.3,40.8,60,1.0
2025-04-28 13:00,40.55,40.3,41.0,60,1.0
2025-04-28 14:00,40.48,40.3,40.8,60,1.0
2025-04-28 15:00,40.44,40.3,40.8,60,1.0
2025-04-28 16:00,40.55,40.3,40.8,60,1.0
2025-04-28 17:00,40.5,40.2,40.8,60,1.0
2025-04-28 18:00,40.49,40.2,40.8,60,1.0
2025-04-28 19:00,40.49,40.2,40.9,60,1.0
2025-04-28 20:00,40.48,40.2,40.9,60,1.0
2025-04-28 21:00,40.44,40.2,40.8,60,1.0
2025-04-28 22:00,40.49,40.2,40.9,60,1.0
2025-04-28 23:00,40.45,40.2,40.7,60,1.0
2025-04-29 00:00,40.5,40.2,41.0,60,1.0
2025-04-29 01:00,40.47,40.2,40.9,60,1.0
2025-04-29 02:00,40.46,40.2,40.8,60,1.0
2025-04-29 03:00,40.47,40.2,40.8,60,1.0
2025-04-29 04:00,40.48,40.2,40.9,60,1.0
2025-04-29 05:00,40.47,40.2,40.8,59,0.983
2025-04-29 06:00,40.45,40.2,40.7,60,1.0
2025-04-29 07:00,40.49,40.2,40.8,60,1.0
2025-04-29 08:00,40.4,40.2,40.7,59,0.983
2025-04-29 09:00,40.53,40.2,40.8,60,1.0
2025-04-29 10:00,40.55,40.3,40.9,60,1.0
2025-04-29 11:00,40.52,40.3,40.8,60,1.0
2025-04-29 12:00,40.42,40.2,40.7,59,0.983
2025-04-29 13:00,40.48,40.2,40.8,60,1.0
2025-04-29 14:00,40.51,40.2,40.8,60,1.0
2025-04-29 15:00,40.38,40.2,40.7,60,1.0
2025-04-29 16:00,40.47,40.2,40.8,60,1.0
2025-04-29 17:00,40.41,40.2,40.8,60,1.0
2025-04-29 18:00,40.5,40.2,40.9,60,1.0
2025-04-29 19:00,40.46,40.2,41.0,60,1.0
2025-04-29 20:00,40.45,40.2,40.9,60,1.0
2025-04-29 21:00,40.4,40.2,40.7,60,1.0
2025-04-29 22:00,40.36,40.2,40.8,60,1.0
2025-04-29 23:00,40.4,40.2,40.7,60,1.0
2025-04-30 00:00,40.47,40.2,40.9,60,1.0
2025-04-30 01:00,40.48,40.2,40.7,60,1.0
2025-04-30 02:00,40.43,40.2,40.8,60,1.0
2025-04-30 03:00,40.44,40.2,40.8,60,1.0
2025-04-30 04:00,40.43,40.2,40.8,60,1.0
2025-04-30 05:00,40.41,40.2,40.8,60,1.0
2025-04-30 06:00,40.38,40.2,40.7,60,1.0
2025-04-30 07:00,40.4,40.1,40.8,60,1.0
2025-04-30 08:00,40.36,40.1,40.7,60,1.0
2025-04-30 09:00,40.33,40.1,40.7,60,1.0
2025-04-30 10:00,40.38,40.1,40.7,60,1.0
2025-04-30 11:00,40.3,40.1,40.6,60,1.0
2025-04-30 12:00,40.38,40.1,40.7,55,0.917
2025-04-30 13:00,40.39,40.2,40.7,46,0.767
2025-04-30 14:00,40.34,40.0,40.6,58,0.967
2025-04-30 15:00,40.24,40.0,40.6,60,1.0
2025-04-30 16:00,40.28,40.0,40.6,60,1.0
2025-04-30 17:00,40.27,40.0,40.6,60,1.0
2025-04-30 18:00,40.22,40.0,40.7,60,1.0
2025-04-30 19:00,40.21,40.0,40.6,60,1.0
2025-04-30 20:00,40.3,40.0,40.7,60,1.0
2025-04-30 21:00,40.25,40.0,40.6,58,0.967
2025-04-30 22:00,40.21,40.0,40.6,55,0.917
2025-04-30 23:00,40.28,40.0,40.7,53,0.883
2025-05-01 00:00,40.22,40.0,40.8,59,0.983
2025-05-01 01:00,40.29,40.0,40.7,60,1.0
2025-05-01 02:00,40.28,40.0,40.5,60,1.0
2025-05-01 03:00,40.24,40.0,40.6,60,1.0
2025-05-01 04:00,40.16,40.0,40.5,58,0.967
2025-05-01 05:00,40.2,40.0,40.6,56,0.933
2025-05-01 06:00,40.18,40.0,40.5,46,0.767
2025-05-01 07:00,40.19,40.0,40.5,50,0.833
2025-05-01 08:00,40.22,40.0,40.6,52,0.867
2025-05-01 09:00,40.18,39.9,40.5,60,1.0
2025-05-01 10:00,40.22,39.9,40.6,60,1.0
2025-05-01 11:00,40.22,39.9,40.5,60,1.0
2025-05-01 12:00,40.18,39.9,40.7,60,1.0
2025-05-01 13:00,40.1,39.9,40.4,60,1.0
2025-05-01 14:00,40.02,39.8,40.3,60,1.0
2025-05-01 15:00,40.06,39.8,40.6,60,1.0
2025-05-01 16:00,40.01,39.8,40.3,60,1.0
2025-05-01 17:00,40.03,39.8,40.4,60,1.0
2025-05-01 18:00,40.01,39.8,40.4,60,1.0
2025-05-01 19:00,40.02,39.8,40.6,60,1.0
2025-05-01 20:00,40.06,39.8,40.5,60,1.0
2025-05-01 21:00,40.0,39.8,40.4,59,0.983
2025-05-01 22:00,40.03,39.8,40.3,60,1.0
2025-05-01 23:00,40.0,39.8,40.4,60,1.0
2025-05-02 00:00,39.98,39.8,40.4,60,1.0
2025-05-02 01:00,40.0,39.8,40.3,60,1.0
2025-05-02 02:00,40.02,39.8,40.5,60,1.0
2025-05-02 03:00,39.98,39.7,40.3,60,1.0
2025-05-02 04:00,39.97,39.7,40.3,60,1.0
2025-05-02 05:00,39.98,39.7,40.4,60,1.0
2025-05-02 06:00,40.01,39.8,40.3,60,1.0
2025-05-02 07:00,39.96,39.7,40.2,60,1.0
2025-05-02 08:00,40.02,39.8,40.3,60,1.0
2025-05-02 09:00,40.06,39.8,40.3,60,1.0
2025-05-02 10:00,40.05,39.8,40.3,60,1.0
2025-05-02 11:00,40.01,39.7,40.3,60,1.0
2025-05-02 12:00,39.87,39.7,40.2,60,1.0
2025-05-02 13:00,39.9,39.7,40.2,60,1.0
2025-05-02 14:00,39.84,39.6,40.2,60,1.0
2025-05-02 15:00,39.9,39.6,40.3,60,1.0
2025-05-02 16:00,39.8,39.6,40.1,60,1.0
2025-05-02 17:00,39.8,39.6,40.2,60,1.0
2025-05-02 18:00,39.76,39.5,40.0,60,1.0
2025-05-02 19:00,39.76,39.5,40.1,60,1.0
2025-05-02 20:00,39.79,39.6,40.1,60,1.0
2025-05-02 21:00,39.8,39.5,40.1,60,1.0
2025-05-02 22:00,39.73,39.5,40.1,60,1.0
2025-05-02 23:00,39.75,39.5,40.0,60,1.0
2025-05-03 00:00,39.75,39.5,40.2,60,1.0
2025-05-03 01:00,39.77,39.6,40.0,60,1.0
2025-05-03 02:00,39.72,39.5,40.1,60,1.0
2025-05-03 03:00,39.72,39.5,40.0,60,1.0
2025-05-03 04:00,39.76,39.6,40.1,60,1.0
2025-05-03 05:00,39.75,39.5,40.1,60,1.0
2025-05-03 06:00,39.74,39.5,40.1,60,1.0
2025-05-03 07:00,39.74,39.5,40.0,60,1.0
2025-05-03 08:00,39.66,39.5,40.0,60,1.0
2025-05-03 09:00,39.71,39.5,40.1,60,1.0
2025-05-03 10:00,39.69,39.4,40.0,60,1.0
2025-05-03 11:00,39.7,39.4,40.0,60,1.0
2025-05-03 12:00,39.62,39.3,40.1,60,1.0
2025-05-03 13:00,39.53,39.3,39.9,60,1.0
2025-05-03 14:00,39.46,39.3,39.7,60,1.0
2025-05-03 15:00,39.47,39.3,39.7,60,1.0
2025-05-03 16:00,39.43,39.3,39.7,60,1.0
2025-05-03 17:00,39.5,39.3,39.9,60,1.0
2025-05-03 18:00,39.45,39.2,39.8,60,1.0
2025-05-03 19:00,39.41,39.2,39.7,60,1.0
2025-05-03 20:00,39.44,39.2,39.9,60,1.0
2025-05-03 21:00,39.46,39.2,39.8,60,1.0
2025-05-03 22:00,39.45,39.2,39.8,42,0.7
2025-05-03 23:00,39.44,39.2,39.8,52,0.867
2025-05-04 00:00,39.42,39.2,39.7,60,1.0
2025-05-04 01:00,39.49,39.2,39.8,60,1.0
2025-05-04 02:00,39.45,39.2,39.8,55,0.917
2025-05-04 03:00,39.46,39.2,39.7,57,0.95
2025-05-04 04:00,39.5,39.2,39.9,46,0.767
2025-05-04 05:00,39.45,39.2,39.7,51,0.85
2025-05-04 06:00,39.44,39.2,39.8,53,0.883
2025-05-04 07:00,39.38,39.2,39.6,45,0.75
2025-05-04 08:00,39.39,39.1,39.7,56,0.933
2025-05-04 09:00,39.32,39.1,39.6,60,1.0
2025-05-04 10:00,39.35,39.1,39.9,60,1.0
2025-05-04 11:00,39.37,39.1,39.7,60,1.0
2025-05-04 12:00,39.31,39.0,39.6,60,1.0
2025-05-04 13:00,39.24,39.0,39.6,60,1.0
2025-05-04 14:00,39.22,39.0,39.6,60,1.0
2025-05-04 15:00,39.25,39.0,39.5,60,1.0
2025-05-04 16:00,39.25,39.0,39.6,60,1.0
2025-05-04 17:00,39.2,38.9,39.6,60,1.0
2025-05-04 18:00,39.12,39.0,39.4,60,1.0
2025-05-04 19:00,39.14,38.9,39.5,60,1.0
2025-05-04 20:00,39.15,38.9,39.4,60,1.0
2025-05-04 21:00,39.18,39.0,39.6,60,1.0
2025-05-04 22:00,39.16,38.9,39.5,60,1.0
2025-05-04 23:00,39.13,38.9,39.4,60,1.0
2025-05-05 00:00,39.16,38.9,39.6,60,1.0
2025-05-05 01:00,39.15,39.0,39.4,60,1.0
2025-05-05 02:00,39.16,38.9,39.5,60,1.0
2025-05-05 03:00,39.09,38.9,39.4,60,1.0
2025-05-05 04:00,39.09,38.9,39.4,60,1.0
2025-05-05 05:00,39.16,38.9,39.4,60,1.0
2025-05-05 06:00,39.15,38.9,39.4,60,1.0
2025-05-05 07:00,39.19,38.9,39.5,60,1.0
2025-05-05 08:00,39.15,38.9,39.6,60,1.0
2025-05-05 09:00,39.15,38.9,39.5,60,1.0
2025-05-05 10:00,39.06,38.8,39.5,60,1.0
2025-05-05 11:00,39.02,38.8,39.3,60,1.0
2025-05-05 12:00,38.95,38.7,39.3,60,1.0
2025-05-05 13:00,38.94,38.8,39.2,60,1.0
2025-05-05 14:00,38.94,38.8,39.3,60,1.0
2025-05-05 15:00,38.98,38.8,39.4,60,1.0
2025-05-05 16:00,38.95,38.8,39.3,60,1.0
2025-05-05 17:00,38.95,38.7,39.2,60,1.0
2025-05-05 18:00,38.92,38.8,39.1,56,0.933
2025-05-05 19:00,38.93,38.7,39.3,51,0.85
2025-05-05 20:00,38.93,38.7,39.3,53,0.883
2025-05-05 21:00,38.91,38.7,39.3,60,1.0
2025-05-05 22:00,38.93,38.7,39.3,60,1.0
2025-05-05 23:00,38.9,38.7,39.1,60,1.0
2025-05-06 00:00,38.91,38.7,39.3,60,1.0
2025-05-06 01:00,38.91,38.6,39.2,60,1.0
2025-05-06 02:00,38.9,38.7,39.4,60,1.0
2025-05-06 03:00,38.87,38.7,39.2,60,1.0
2025-05-06 04:00,38.86,38.6,39.1,60,1.0
2025-05-06 05:00,38.88,38.7,39.3,60,1.0
2025-05-06 06:00,38.88,38.7,39.2,60,1.0
2025-05-06 07:00,38.81,38.6,39.1,59,0.983
2025-05-06 08:00,38.85,38.6,39.2,60,1.0
2025-05-06 09:00,38.82,38.6,39.1,59,0.983
2025-05-06 10:00,38.83,38.6,39.2,60,1.0
2025-05-06 11:00,38.85,38.6,39.1,60,1.0
2025-05-06 12:00,38.83,38.5,39.1,60,1.0
2025-05-06 13:00,38.69,38.5,39.2,60,1.0
2025-05-06 14:00,38.68,38.4,39.1,60,1.0
2025-05-06 15:00,38.69,38.4,39.1,60,1.0
2025-05-06 16:00,38.59,38.4,38.9,60,1.0
2025-05-06 17:00,38.61,38.4,38.9,60,1.0
2025-05-06 18:00,38.56,38.3,38.9,60,1.0
2025-05-06 19:00,38.56,38.4,39.0,60,1.0
2025-05-06 20:00,38.59,38.4,39.1,60,1.0
2025-05-06 21:00,38.6,38.4,39.0,60,1.0
2025-05-06 22:00,38.55,38.3,38.9,60,1.0
2025-05-06 23:00,38.51,38.3,38.8,60,1.0
2025-05-07 00:00,38.52,38.3,38.8,60,1.0
2025-05-07 01:00,38.57,38.3,38.9,60,1.0
2025-05-07 02:00,38.52,38.3,38.8,60,1.0
2025-05-07 03:00,38.53,38.3,38.9,60,1.0
2025-05-07 04:00,38.56,38.3,39.0,60,1.0
2025-05-07 05:00,38.57,38.3,38.9,60,1.0
2025-05-07 06:00,38.49,38.2,38.8,60,1.0
2025-05-07 07:00,38.51,38.2,38.9,60,1.0
2025-05-07 08:00,38.44,38.2,38.8,60,1.0
2025-05-07 09:00,38.46,38.2,38.8,60,1.0
2025-05-07 10:00,38.4,38.2,38.7,60,1.0
2025-05-07 11:00,38.47,38.2,38.8,60,1.0
2025-05-07 12:00,38.38,38.2,38.6,60,1.0
2025-05-07 13:00,38.34,38.1,38.7,60,1.0
2025-05-07 14:00,38.23,38.1,38.5,60,1.0
2025-05-07 15:00,38.24,38.1,38.5,60,1.0
2025-05-07 16:00,38.28,38.0,38.7,60,1.0
2025-05-07 17:00,38.28,38.0,38.6,60,1.0
2025-05-07 18:00,38.18,38.0,38.4,60,1.0
2025-05-07 19:00,38.15,38.0,38.5,60,1.0
2025-05-07 20:00,38.23,38.0,38.6,60,1.0
2025-05-07 21:00,38.16,38.0,38.5,60,1.0
2025-05-07 22:00,38.22,38.0,38.5,59,0.983
2025-05-07 23:00,38.14,37.9,38.5,60,1.0
2025-05-08 00:00,38.14,37.9,38.4,59,0.983
2025-05-08 01:00,38.13,37.9,38.5,60,1.0
2025-05-08 02:00,38.15,37.9,38.5,60,1.0
2025-05-08 03:00,38.17,37.9,38.5,60,1.0
2025-05-08 04:00,38.14,37.9,38.6,60,1.0
2025-05-08 05:00,38.08,37.9,38.4,60,1.0
2025-05-08 06:00,38.13,37.9,38.4,60,1.0
2025-05-08 07:00,38.08,37.9,38.3,60,1.0
2025-05-08 08:00,38.07,37.9,38.4,60,1.0
2025-05-08 09:00,38.1,37.9,38.4,60,1.0
2025-05-08 10:00,38.09,37.8,38.4,60,1.0
2025-05-08 11:00,38.09,37.8,38.4,60,1.0
2025-05-08 12:00,38.02,37.8,38.3,60,1.0
2025-05-08 13:00,38.01,37.8,38.4,60,1.0
2025-05-08 14:00,38.0,37.7,38.3,60,1.0
2025-05-08 15:00,37.96,37.8,38.3,60,1.0
2025-05-08 16:00,37.95,37.7,38.3,60,1.0
2025-05-08 17:00,37.9,37.7,38.2,60,1.0
2025-05-08 18:00,37.92,37.7,38.2,60,1.0
2025-05-08 19:00,37.94,37.7,38.4,60,1.0
2025-05-08 20:00,37.87,37.7,38.1,60,1.0
2025-05-08 21:00,37.84,37.6,38.2,60,1.0
2025-05-08 22:00,37.83,37.6,38.1,60,1.0
2025-05-08 23:00,37.82,37.6,38.1,60,1.0
2025-05-09 00:00,37.84,37.6,38.2,60,1.0
2025-05-09 01:00,37.8,37.6,38.1,60,1.0
2025-05-09 02:00,37.84,37.6,38.1,60,1.0
2025-05-09 03:00,37.87,37.6,38.2,60,1.0
2025-05-09 04:00,37.83,37.6,38.2,60,1.0
2025-05-09 05:00,37.86,37.6,38.2,60,1.0
2025-05-09 06:00,37.82,37.6,38.1,60,1.0
2025-05-09 07:00,37.83,37.6,38.2,60,1.0
2025-05-09 08:00,37.86,37.6,38.2,60,1.0
2025-05-09 09:00,37.84,37.6,38.2,59,0.983
2025-05-09 10:00,37.72,37.5,38.1,59,0.983
2025-05-09 11:00,37.73,37.5,38.1,60,1.0
2025-05-09 12:00,37.68,37.5,38.0,60,1.0
2025-05-09 13:00,37.66,37.5,37.9,60,1.0
2025-05-09 14:00,37.69,37.5,38.1,60,1.0
2025-05-09 15:00,37.61,37.4,37.9,60,1.0
2025-05-09 16:00,37.64,37.4,37.9,60,1.0
2025-05-09 17:00,37.6,37.4,37.9,60,1.0
2025-05-09 18:00,37.58,37.4,37.9,60,1.0
2025-05-09 19:00,37.62,37.4,37.9,60,1.0
2025-05-09 20:00,37.59,37.4,37.8,60,1.0
2025-05-09 21:00,37.56,37.3,37.9,60,1.0
2025-05-09 22:00,37.61,37.3,37.9,59,0.983
2025-05-09 23:00,37.54,37.3,37.8,60,1.0
2025-05-10 00:00,37.53,37.3,37.8,60,1.0
2025-05-10 01:00,37.49,37.3,37.8,60,1.0
2025-05-10 02:00,37.47,37.3,37.8,60,1.0
2025-05-10 03:00,37.49,37.3,37.8,60,1.0
2025-05-10 04:00,37.56,37.3,37.8,60,1.0
2025-05-10 05:00,37.56,37.3,37.9,60,1.0
2025-05-10 06:00,37.44,37.3,37.7,59,0.983
2025-05-10 07:00,37.51,37.3,37.8,60,1.0
2025-05-10 08:00,37.44,37.3,37.8,60,1.0
2025-05-10 09:00,37.44,37.3,37.8,60,1.0
2025-05-10 10:00,37.5,37.2,37.8,60,1.0
2025-05-10 11:00,37.48,37.2,37.8,60,1.0
2025-05-10 12:00,37.36,37.1,37.7,60,1.0
2025-05-10 13:00,37.34,37.1,37.7,60,1.0
2025-05-10 14:00,37.26,37.1,37.5,60,1.0
2025-05-10 15:00,37.22,37.0,37.5,60,1.0
2025-05-10 16:00,37.24,37.1,37.6,60,1.0
2025-05-10 17:00,37.22,37.0,37.6,60,1.0
2025-05-10 18:00,37.23,37.0,37.5,60,1.0
2025-05-10 19:00,37.2,37.0,37.6,60,1.0
2025-05-10 20:00,37.19,37.0,37.4,60,1.0
2025-05-10 21:00,37.21,37.0,37.4,60,1.0
2025-05-10 22:00,37.18,37.0,37.4,60,1.0
2025-05-10 23:00,37.19,37.0,37.5,60,1.0
2025-05-11 00:00,37.23,37.0,37.7,60,1.0
2025-05-11 01:00,37.16,37.0,37.4,60,1.0
2025-05-11 02:00,37.16,36.9,37.5,60,1.0
2025-05-11 03:00,37.17,36.9,37.6,60,1.0
2025-05-11 04:00,37.16,37.0,37.5,60,1.0
2025-05-11 05:00,37.16,36.9,37.5,60,1.0
2025-05-11 06:00,37.16,36.9,37.5,60,1.0
2025-05-11 07:00,37.11,36.9,37.4,60,1.0
2025-05-11 08:00,37.16,36.9,37.4,60,1.0
2025-05-11 09:00,37.08,36.9,37.5,60,1.0
2025-05-11 10:00,37.15,36.9,37.4,60,1.0
2025-05-11 11:00,37.03,36.8,37.4,60,1.0
2025-05-11 12:00,37.08,36.9,37.5,60,1.0
2025-05-11 13:00,37.12,36.9,37.4,59,0.983
2025-05-11 14:00,37.1,36.9,37.3,49,0.817
2025-05-11 15:00,37.13,36.9,37.5,57,0.95
2025-05-11 16:00,37.15,36.9,37.5,60,1.0
2025-05-11 17:00,37.14,36.9,37.5,59,0.983
2025-05-11 18:00,37.11,36.9,37.5,59,0.983
2025-05-11 19:00,37.12,36.9,37.4,60,1.0
2025-05-11 20:00,37.15,36.9,37.4,60,1.0
2025-05-11 21:00,37.15,36.9,37.4,60,1.0
2025-05-11 22:00,37.09,36.9,37.4,58,0.967
2025-05-11 23:00,37.06,36.9,37.4,59,0.983
2025-05-12 00:00,37.06,36.9,37.3,60,1.0
2025-05-12 01:00,37.03,36.8,37.3,60,1.0
2025-05-12 02:00,37.01,36.8,37.3,60,1.0
2025-05-12 03:00,37.03,36.8,37.4,59,0.983
2025-05-12 04:00,37.04,36.8,37.3,60,1.0
2025-05-12 05:00,37.02,36.8,37.3,60,1.0
2025-05-12 06:00,37.02,36.8,37.3,60,1.0
2025-05-12 07:00,37.02,36.8,37.3,60,1.0
2025-05-12 08:00,36.98,36.8,37.2,60,1.0
2025-05-12 09:00,36.98,36.7,37.3,60,1.0
2025-05-12 10:00,36.92,36.7,37.2,60,1.0
2025-05-12 11:00,36.91,36.7,37.2,60,1.0
2025-05-12 12:00,36.88,36.6,37.1,60,1.0
2025-05-12 13:00,36.83,36.6,37.1,60,1.0
2025-05-12 14:00,36.71,36.5,37.1,54,0.9
2025-05-12 15:00,36.64,36.5,37.0,60,1.0
2025-05-12 16:00,36.66,36.5,37.0,60,1.0
2025-05-12 17:00,36.67,36.5,37.0,60,1.0
2025-05-12 18:00,36.6,36.4,36.9,60,1.0
2025-05-12 19:00,36.64,36.4,36.9,60,1.0
2025-05-12 20:00,36.61,36.4,36.9,60,1.0
2025-05-12 21:00,36.58,36.4,36.8,60,1.0
2025-05-12 22:00,36.57,36.4,36.8,60,1.0
2025-05-12 23:00,36.6,36.4,36.9,60,1.0
2025-05-13 00:00,36.61,36.4,37.0,60,1.0
2025-05-13 01:00,36.57,36.4,36.9,54,0.9
2025-05-13 02:00,36.58,36.3,36.9,55,0.917
2025-05-13 03:00,36.53,36.3,36.8,60,1.0
2025-05-13 04:00,36.51,36.3,36.8,60,1.0
2025-05-13 05:00,36.53,36.3,36.9,58,0.967
2025-05-13 06:00,36.58,36.3,37.0,60,1.0
2025-05-13 07:00,36.53,36.3,36.9,60,1.0
2025-05-13 08:00,36.47,36.3,36.6,60,1.0
2025-05-13 09:00,36.48,36.3,36.8,60,1.0
2025-05-13 10:00,36.41,36.3,36.7,60,1.0
2025-05-13 11:00,36.43,36.2,36.6,60,1.0
2025-05-13 12:00,36.42,36.2,36.7,60,1.0
2025-05-13 13:00,36.46,36.2,36.7,59,0.983
2025-05-13 14:00,36.33,36.1,36.6,60,1.0
2025-05-13 15:00,36.39,36.2,36.6,59,0.983
2025-05-13 16:00,36.4,36.2,36.7,60,1.0
2025-05-13 17:00,36.39,36.2,36.7,60,1.0
2025-05-13 18:00,36.39,36.2,36.7,60,1.0
2025-05-13 19:00,36.34,36.2,36.6,60,1.0
2025-05-13 20:00,36.42,36.2,36.7,60,1.0
2025-05-13 21:00,36.42,36.2,36.7,60,1.0
2025-05-13 22:00,36.36,36.2,36.6,60,1.0
2025-05-13 23:00,36.34,36.2,36.7,60,1.0
2025-05-14 00:00,36.37,36.2,36.7,59,0.983
2025-05-14 01:00,36.37,36.2,36.6,60,1.0
2025-05-14 02:00,36.37,36.2,36.7,60,1.0
2025-05-14 03:00,36.36,36.2,36.7,60,1.0
2025-05-14 04:00,36.33,36.2,36.7,60,1.0
2025-05-14 05:00,36.38,36.2,36.6,60,1.0
2025-05-14 06:00,36.38,36.2,36.7,60,1.0
2025-05-14 07:00,36.36,36.1,36.7,60,1.0
2025-05-14 08:00,36.3,36.2,36.6,60,1.0
2025-05-14 09:00,36.3,36.1,36.8,60,1.0
2025-05-14 10:00,36.23,36.0,36.5,60,1.0
2025-05-14 11:00,36.22,36.0,36.5,60,1.0
2025-05-14 12:00,36.26,36.0,36.5,60,1.0
2025-05-14 13:00,36.26,36.0,36.6,60,1.0
2025-05-14 14:00,36.2,35.9,36.5,60,1.0
2025-05-14 15:00,36.17,35.9,36.5,60,1.0
2025-05-14 16:00,36.08,35.9,36.4,60,1.0
2025-05-14 17:00,36.1,35.9,36.5,59,0.983
2025-05-14 18:00,36.06,35.8,36.4,60,1.0
2025-05-14 19:00,36.02,35.8,36.3,60,1.0
2025-05-14 20:00,36.04,35.8,36.4,60,1.0
2025-05-14 21:00,36.03,35.8,36.2,60,1.0
2025-05-14 22:00,36.04,35.8,36.5,59,0.983
2025-05-14 23:00,36.02,35.8,36.4,46,0.767
2025-05-15 00:00,36.01,35.8,36.3,58,0.967
2025-05-15 01:00,36.01,35.8,36.2,60,1.0
2025-05-15 02:00,36.01,35.8,36.2,60,1.0
2025-05-15 03:00,35.99,35.7,36.4,60,1.0
2025-05-15 04:00,35.95,35.8,36.3,60,1.0
2025-05-15 05:00,35.98,35.8,36.3,60,1.0
2025-05-15 06:00,35.96,35.7,36.2,60,1.0
2025-05-15 07:00,35.92,35.7,36.2,60,1.0
2025-05-15 08:00,35.89,35.7,36.1,60,1.0
2025-05-15 09:00,35.96,35.7,36.2,60,1.0
2025-05-15 10:00,35.88,35.7,36.2,60,1.0
2025-05-15 11:00,35.8,35.7,36.1,60,1.0
2025-05-15 12:00,35.85,35.6,36.1,60,1.0
2025-05-15 13:00,35.9,35.7,36.1,60,1.0
2025-05-15 14:00,35.85,35.7,36.2,60,1.0
2025-05-15 15:00,35.88,35.7,36.3,60,1.0
2025-05-15 16:00,35.9,35.7,36.2,60,1.0
2025-05-15 17:00,35.93,35.7,36.2,60,1.0
2025-05-15 18:00,35.88,35.7,36.2,60,1.0
2025-05-15 19:00,35.95,35.7,36.2,60,1.0
2025-05-15 20:00,35.9,35.7,36.3,60,1.0
2025-05-15 21:00,35.92,35.7,36.3,60,1.0
2025-05-15 22:00,35.89,35.7,36.2,60,1.0
2025-05-15 23:00,35.91,35.7,36.2,60,1.0
2025-05-16 00:00,35.85,35.7,36.2,60,1.0
2025-05-16 01:00,35.86,35.7,36.2,60,1.0
2025-05-16 02:00,35.87,35.7,36.2,59,0.983
2025-05-16 03:00,35.87,35.7,36.2,59,0.983
2025-05-16 04:00,35.81,35.6,36.2,60,1.0
2025-05-16 05:00,35.8,35.7,36.1,60,1.0
2025-05-16 06:00,35.8,35.6,36.1,60,1.0
2025-05-16 07:00,35.79,35.6,36.1,60,1.0
2025-05-16 08:00,35.76,35.6,36.2,60,1.0
2025-05-16 09:00,35.82,35.7,36.1,60,1.0
2025-05-16 10:00,35.88,35.7,36.3,60,1.0
2025-05-16 11:00,35.77,35.6,36.0,60,1.0
2025-05-16 12:00,35.82,35.6,36.1,60,1.0
2025-05-16 13:00,35.7,35.6,36.0,60,1.0
2025-05-16 14:00,35.73,35.5,36.0,60,1.0
2025-05-16 15:00,35.68,35.5,36.1,60,1.0
2025-05-16 16:00,35.73,35.5,36.0,60,1.0
2025-05-16 17:00,35.67,35.5,36.1,60,1.0
2025-05-16 18:00,35.67,35.5,36.0,59,0.983
2025-05-16 19:00,35.66,35.5,36.0,60,1.0
2025-05-16 20:00,35.67,35.5,36.0,60,1.0
2025-05-16 21:00,35.7,35.5,36.0,60,1.0
2025-05-16 22:00,35.65,35.5,35.9,60,1.0
2025-05-16 23:00,35.64,35.5,35.9,60,1.0
2025-05-17 00:00,35.67,35.5,36.0,60,1.0
2025-05-17 01:00,35.64,35.4,35.9,60,1.0
2025-05-17 02:00,35.61,35.4,35.9,60,1.0
2025-05-17 03:00,35.62,35.4,36.0,60,1.0
2025-05-17 04:00,35.66,35.4,35.9,60,1.0
2025-05-17 05:00,35.68,35.4,36.0,60,1.0
2025-05-17 06:00,35.63,35.4,36.1,60,1.0
2025-05-17 07:00,35.66,35.4,35.9,60,1.0
2025-05-17 08:00,35.54,35.4,35.7,60,1.0
2025-05-17 09:00,35.59,35.4,35.9,60,1.0
2025-05-17 10:00,35.64,35.4,35.8,60,1.0
2025-05-17 11:00,35.69,35.4,35.9,60,1.0
2025-05-17 12:00,35.6,35.4,35.8,60,1.0
2025-05-17 13:00,35.6,35.4,35.9,60,1.0
2025-05-17 14:00,35.56,35.3,35.9,60,1.0
2025-05-17 15:00,35.54,35.3,35.8,60,1.0
2025-05-17 16:00,35.53,35.3,35.8,60,1.0
2025-05-17 17:00,35.48,35.3,35.7,60,1.0
2025-05-17 18:00,35.5,35.3,35.8,60,1.0
2025-05-17 19:00,35.44,35.2,35.8,60,1.0
2025-05-17 20:00,35.48,35.3,35.8,60,1.0
2025-05-17 21:00,35.42,35.2,35.7,60,1.0
2025-05-17 22:00,35.4,35.2,35.8,60,1.0
2025-05-17 23:00,35.4,35.2,35.7,60,1.0
2025-05-18 00:00,35.39,35.2,35.6,60,1.0
2025-05-18 01:00,35.33,35.1,35.6,60,1.0
2025-05-18 02:00,35.34,35.1,35.7,60,1.0
2025-05-18 03:00,35.29,35.1,35.6,60,1.0
2025-05-18 04:00,35.32,35.1,35.6,60,1.0
2025-05-18 05:00,35.54,35.1,36.1,60,1.0
2025-05-18 06:00,35.57,35.4,35.9,60,1.0
2025-05-18 07:00,35.51,35.3,35.7,60,1.0
2025-05-18 08:00,35.44,35.2,35.8,60,1.0
2025-05-18 09:00,35.49,35.2,35.8,60,1.0
2025-05-18 10:00,35.51,35.2,35.9,60,1.0
2025-05-18 11:00,35.49,35.2,35.9,60,1.0
2025-05-18 12:00,35.45,35.3,35.8,60,1.0
2025-05-18 13:00,35.49,35.3,35.8,60,1.0
2025-05-18 14:00,35.53,35.3,36.0,60,1.0
2025-05-18 15:00,35.46,35.3,35.7,47,0.783
2025-05-18 16:00,35.43,35.3,35.7,50,0.833
2025-05-18 17:00,35.42,35.3,35.8,46,0.767
2025-05-18 18:00,35.43,35.3,35.6,46,0.767
2025-05-18 19:00,35.45,35.3,35.7,60,1.0
2025-05-18 20:00,35.48,35.3,35.7,59,0.983
2025-05-18 21:00,35.47,35.3,35.8,60,1.0
2025-05-18 22:00,35.46,35.3,35.7,60,1.0
2025-05-18 23:00,35.46,35.3,35.8,60,1.0
2025-05-19 00:00,35.44,35.2,35.7,60,1.0
2025-05-19 01:00,35.41,35.2,35.7,60,1.0
2025-05-19 02:00,35.41,35.2,35.7,56,0.933
2025-05-19 03:00,35.43,35.2,35.6,42,0.7
2025-05-19 04:00,35.37,35.2,35.6,44,0.733
2025-05-19 05:00,35.44,35.2,35.7,60,1.0
2025-05-19 06:00,35.38,35.2,35.7,60,1.0
2025-05-19 07:00,35.37,35.2,35.7,60,1.0
2025-05-19 08:00,35.34,35.2,35.6,60,1.0
2025-05-19 09:00,35.31,35.1,35.6,60,1.0
2025-05-19 10:00,35.32,35.2,35.6,60,1.0
2025-05-19 11:00,35.42,35.1,35.6,60,1.0
2025-05-19 12:00,35.34,35.2,35.6,60,1.0
2025-05-19 13:00,35.34,35.1,35.6,60,1.0
2025-05-19 14:00,35.36,35.1,35.6,60,1.0
2025-05-19 15:00,35.37,35.1,35.6,60,1.0
2025-05-19 16:00,35.36,35.1,35.8,60,1.0
2025-05-19 17:00,35.34,35.1,35.7,60,1.0
2025-05-19 18:00,35.36,35.1,35.6,60,1.0
2025-05-19 19:00,35.36,35.1,35.7,60,1.0
2025-05-19 20:00,35.32,35.1,35.6,60,1.0
2025-05-19 21:00,35.31,35.1,35.6,60,1.0
2025-05-19 22:00,35.32,35.1,35.6,59,0.983
2025-05-19 23:00,35.3,35.1,35.6,59,0.983
2025-05-20 00:00,35.3,35.1,35.6,58,0.967
2025-05-20 01:00,35.29,35.1,35.6,60,1.0
2025-05-20 02:00,35.31,35.1,35.8,60,1.0
2025-05-20 03:00,35.28,35.1,35.6,60,1.0
2025-05-20 04:00,35.27,35.1,35.5,60,1.0
2025-05-20 05:00,35.3,35.1,35.6,60,1.0
2025-05-20 06:00,35.24,35.1,35.6,60,1.0
2025-05-20 07:00,35.26,35.1,35.6,60,1.0
2025-05-20 08:00,35.28,35.1,35.5,60,1.0
2025-05-20 09:00,35.24,35.0,35.6,60,1.0
2025-05-20 10:00,35.25,35.1,35.6,60,1.0
2025-05-20 11:00,35.28,35.0,35.7,60,1.0
2025-05-20 12:00,35.22,35.1,35.5,60,1.0
2025-05-20 13:00,35.25,35.0,35.6,59,0.983
2025-05-20 14:00,35.31,35.0,35.6,60,1.0
2025-05-20 15:00,35.25,35.1,35.6,60,1.0
2025-05-20 16:00,35.2,35.0,35.5,60,1.0
2025-05-20 17:00,35.17,35.0,35.5,59,0.983
2025-05-20 18:00,35.23,35.0,35.6,60,1.0
2025-05-20 19:00,35.25,35.0,35.5,60,1.0
2025-05-20 20:00,35.22,35.0,35.5,60,1.0
2025-05-20 21:00,35.18,35.0,35.5,60,1.0
2025-05-20 22:00,35.24,35.0,35.5,60,1.0
2025-05-20 23:00,35.2,35.0,35.6,60,1.0
2025-05-21 00:00,35.26,35.0,35.5,60,1.0
2025-05-21 01:00,35.17,35.0,35.5,60,1.0
2025-05-21 02:00,35.15,35.0,35.5,60,1.0
2025-05-21 03:00,35.14,35.0,35.5,60,1.0
2025-05-21 04:00,35.14,35.0,35.4,60,1.0
2025-05-21 05:00,35.17,35.0,35.4,59,0.983
2025-05-21 06:00,35.17,35.0,35.5,59,0.983
2025-05-21 07:00,35.17,35.0,35.6,60,1.0
2025-05-21 08:00,35.16,35.0,35.5,60,1.0
2025-05-21 09:00,35.14,34.9,35.5,60,1.0
2025-05-21 10:00,35.09,34.9,35.3,59,0.983
2025-05-21 11:00,35.15,34.9,35.5,59,0.983
2025-05-21 12:00,35.17,34.9,35.5,60,1.0
2025-05-21 13:00,35.13,34.9,35.4,60,1.0
2025-05-21 14:00,35.1,34.8,35.3,60,1.0
2025-05-21 15:00,35.12,34.8,35.5,60,1.0
2025-05-21 16:00,35.01,34.8,35.3,60,1.0
2025-05-21 17:00,35.0,34.8,35.3,59,0.983
2025-05-21 18:00,34.94,34.8,35.3,60,1.0
2025-05-21 19:00,34.97,34.8,35.2,60,1.0
2025-05-21 20:00,35.02,34.8,35.4,60,1.0
2025-05-21 21:00,35.02,34.8,35.3,60,1.0
2025-05-21 22:00,35.08,34.8,35.3,60,1.0
2025-05-21 23:00,35.13,34.8,35.5,60,1.0
2025-05-22 00:00,35.06,34.8,35.4,60,1.0
2025-05-22 01:00,35.12,34.9,35.4,60,1.0
2025-05-22 02:00,35.07,34.9,35.4,60,1.0
2025-05-22 03:00,35.03,34.9,35.3,60,1.0
2025-05-22 04:00,35.07,34.9,35.4,60,1.0
2025-05-22 05:00,35.07,34.9,35.5,60,1.0
2025-05-22 06:00,35.04,34.8,35.3,55,0.917
2025-05-22 07:00,35.06,34.8,35.4,46,0.767
2025-05-22 08:00,35.1,34.9,35.5,45,0.75
2025-05-22 09:00,35.09,34.9,35.3,58,0.967
2025-05-22 10:00,35.11,34.9,35.3,60,1.0
2025-05-22 11:00,35.08,34.9,35.4,60,1.0
2025-05-22 12:00,35.11,34.9,35.4,60,1.0
2025-05-22 13:00,35.01,34.8,35.3,60,1.0
2025-05-22 14:00,34.96,34.8,35.3,60,1.0
2025-05-22 15:00,35.02,34.8,35.6,60,1.0
2025-05-22 16:00,35.0,34.8,35.4,60,1.0
2025-05-22 17:00,35.02,34.8,35.3,60,1.0
2025-05-22 18:00,35.06,34.8,35.3,60,1.0
2025-05-22 19:00,35.07,34.9,35.4,60,1.0
2025-05-22 20:00,35.05,34.8,35.5,60,1.0
2025-05-22 21:00,35.06,34.9,35.4,60,1.0
2025-05-22 22:00,35.08,34.9,35.4,60,1.0
2025-05-22 23:00,35.1,34.9,35.4,60,1.0
2025-05-23 00:00,35.06,34.9,35.4,60,1.0
2025-05-23 01:00,35.07,34.9,35.4,60,1.0
2025-05-23 02:00,35.11,34.9,35.4,60,1.0
2025-05-23 03:00,35.08,34.8,35.4,60,1.0
2025-05-23 04:00,35.11,34.9,35.3,60,1.0
2025-05-23 05:00,35.03,34.8,35.3,59,0.983
2025-05-23 06:00,35.01,34.8,35.3,60,1.0
2025-05-23 07:00,35.03,34.8,35.4,60,1.0
2025-05-23 08:00,35.04,34.8,35.3,60,1.0
2025-05-23 09:00,35.09,34.8,35.4,60,1.0
2025-05-23 10:00,35.11,34.9,35.3,60,1.0
2025-05-23 11:00,35.02,34.8,35.3,60,1.0
2025-05-23 12:00,35.09,34.8,35.3,59,0.983
2025-05-23 13:00,35.04,34.8,35.3,60,1.0
2025-05-23 14:00,35.02,34.8,35.3,60,1.0
2025-05-23 15:00,34.95,34.8,35.2,60,1.0
2025-05-23 16:00,34.99,34.8,35.3,60,1.0
2025-05-23 17:00,34.98,34.8,35.3,60,1.0
2025-05-23 18:00,34.98,34.8,35.3,60,1.0
2025-05-23 19:00,34.99,34.8,35.3,60,1.0
2025-05-23 20:00,34.97,34.8,35.2,60,1.0
2025-05-23 21:00,34.98,34.8,35.3,60,1.0
2025-05-23 22:00,34.97,34.8,35.2,60,1.0
2025-05-23 23:00,34.97,34.8,35.2,60,1.0
2025-05-24 00:00,35.0,34.8,35.4,59,0.983
2025-05-24 01:00,34.98,34.8,35.3,59,0.983
2025-05-24 02:00,35.03,34.8,35.3,60,1.0
2025-05-24 03:00,34.97,34.8,35.1,60,1.0
2025-05-24 04:00,35.04,34.8,35.4,60,1.0
2025-05-24 05:00,35.04,34.8,35.3,60,1.0
2025-05-24 06:00,34.96,34.8,35.3,60,1.0
2025-05-24 07:00,34.98,34.8,35.2,60,1.0
2025-05-24 08:00,34.99,34.8,35.3,60,1.0
2025-05-24 09:00,34.97,34.8,35.3,60,1.0
2025-05-24 10:00,35.01,34.8,35.2,60,1.0
2025-05-24 11:00,35.02,34.8,35.3,59,0.983
2025-05-24 12:00,34.96,34.7,35.2,60,1.0
2025-05-24 13:00,34.94,34.7,35.2,60,1.0
2025-05-24 14:00,34.86,34.7,35.2,60,1.0
2025-05-24 15:00,34.85,34.7,35.1,60,1.0
2025-05-24 16:00,34.85,34.7,35.2,60,1.0
2025-05-24 17:00,35.0,34.7,35.5,60,1.0
2025-05-24 18:00,34.97,34.7,35.2,60,1.0
2025-05-24 19:00,34.86,34.7,35.1,60,1.0
2025-05-24 20:00,34.94,34.7,35.3,60,1.0
2025-05-24 21:00,34.92,34.7,35.3,60,1.0
2025-05-24 22:00,34.97,34.8,35.2,60,1.0
2025-05-24 23:00,34.92,34.7,35.2,60,1.0
2025-05-25 00:00,34.88,34.7,35.2,60,1.0
2025-05-25 01:00,34.9,34.7,35.3,59,0.983
2025-05-25 02:00,34.92,34.7,35.1,48,0.8
2025-05-25 03:00,34.9,34.7,35.3,58,0.967
2025-05-25 04:00,34.89,34.7,35.1,44,0.733
2025-05-25 05:00,34.92,34.7,35.2,51,0.85
2025-05-25 06:00,34.91,34.7,35.3,55,0.917
2025-05-25 07:00,34.92,34.7,35.2,55,0.917
2025-05-25 08:00,34.91,34.7,35.2,52,0.867
2025-05-25 09:00,34.88,34.7,35.1,60,1.0
2025-05-25 10:00,34.92,34.7,35.2,60,1.0
2025-05-25 11:00,34.88,34.7,35.1,60,1.0
2025-05-25 12:00,34.79,34.6,35.1,60,1.0
2025-05-25 13:00,34.9,34.7,35.3,60,1.0
2025-05-25 14:00,34.8,34.6,35.1,60,1.0
2025-05-25 15:00,34.78,34.6,35.0,60,1.0
2025-05-25 16:00,34.68,34.5,35.0,60,1.0
2025-05-25 17:00,34.71,34.5,35.0,60,1.0
2025-05-25 18:00,34.75,34.5,35.1,60,1.0
2025-05-25 19:00,34.66,34.5,35.4,60,1.0
2025-05-25 20:00,34.72,34.5,35.0,60,1.0
2025-05-25 21:00,34.67,34.5,34.9,60,1.0
2025-05-25 22:00,34.68,34.5,35.0,60,1.0
2025-05-25 23:00,34.65,34.5,34.9,60,1.0
2025-05-26 00:00,34.7,34.5,35.1,60,1.0
2025-05-26 01:00,34.64,34.5,35.0,60,1.0
2025-05-26 02:00,34.66,34.5,34.9,60,1.0
2025-05-26 03:00,34.7,34.5,35.1,60,1.0
2025-05-26 04:00,34.7,34.5,35.1,60,1.0
2025-05-26 05:00,34.71,34.5,35.0,60,1.0
2025-05-26 06:00,34.67,34.5,35.0,60,1.0
2025-05-26 07:00,34.67,34.5,34.9,60,1.0
2025-05-26 08:00,34.69,34.5,35.0,60,1.0
2025-05-26 09:00,34.68,34.5,34.9,60,1.0
2025-05-26 10:00,34.76,34.5,35.0,60,1.0
2025-05-26 11:00,34.72,34.5,35.0,60,1.0
2025-05-26 12:00,34.7,34.5,35.0,60,1.0
2025-05-26 13:00,34.69,34.5,34.9,60,1.0
2025-05-26 14:00,34.65,34.4,34.9,60,1.0
2025-05-26 15:00,34.64,34.4,34.8,60,1.0
2025-05-26 16:00,34.54,34.4,34.9,60,1.0
2025-05-26 17:00,34.58,34.4,35.0,60,1.0
2025-05-26 18:00,34.59,34.4,34.9,60,1.0
2025-05-26 19:00,34.55,34.4,35.2,60,1.0
2025-05-26 20:00,34.56,34.4,34.8,60,1.0
2025-05-26 21:00,34.56,34.3,34.8,60,1.0
2025-05-26 22:00,34.54,34.4,34.8,60,1.0
2025-05-26 23:00,34.54,34.4,34.8,60,1.0
2025-05-27 00:00,34.57,34.4,34.9,60,1.0
2025-05-27 01:00,34.59,34.4,35.0,60,1.0
2025-05-27 02:00,34.56,34.4,34.8,60,1.0
2025-05-27 03:00,34.6,34.4,34.8,22,0.367
2025-05-27 08:00,34.6,34.4,34.9,54,0.9
2025-05-27 09:00,34.68,34.4,35.0,60,1.0
2025-05-27 10:00,34.62,34.4,34.9,60,1.0
2025-05-27 11:00,34.62,34.4,34.9,58,0.967
2025-05-27 12:00,34.64,34.4,35.2,56,0.933
2025-05-27 13:00,34.57,34.4,34.9,47,0.783
2025-05-27 14:00,34.56,34.4,34.9,53,0.883
2025-05-27 15:00,34.55,34.4,34.8,56,0.933
2025-05-27 16:00,34.56,34.4,35.1,60,1.0
2025-05-27 17:00,34.57,34.4,34.8,59,0.983
2025-05-27 18:00,34.52,34.3,34.7,60,1.0
2025-05-27 19:00,34.57,34.4,34.8,60,1.0
2025-05-27 20:00,34.53,34.3,34.8,60,1.0
2025-05-27 21:00,34.52,34.3,34.9,59,0.983
2025-05-27 22:00,34.56,34.3,34.8,54,0.9
2025-05-27 23:00,34.59,34.4,34.9,60,1.0
2025-05-28 00:00,34.55,34.4,34.9,60,1.0
2025-05-28 01:00,34.57,34.4,34.8,60,1.0
2025-05-28 02:00,34.55,34.4,35.0,60,1.0
2025-05-28 03:00,34.54,34.4,34.9,60,1.0
2025-05-28 04:00,34.57,34.4,34.8,60,1.0
2025-05-28 05:00,34.55,34.4,34.9,60,1.0
2025-05-28 06:00,34.57,34.3,34.8,60,1.0
2025-05-28 07:00,34.59,34.4,34.9,60,1.0
2025-05-28 08:00,34.6,34.4,34.9,60,1.0
2025-05-28 09:00,34.58,34.4,34.9,60,1.0
2025-05-28 10:00,34.54,34.4,34.8,60,1.0
2025-05-28 11:00,34.56,34.4,34.9,60,1.0
2025-05-28 12:00,34.49,34.3,34.8,60,1.0
2025-05-28 13:00,34.55,34.3,34.8,60,1.0
2025-05-28 14:00,34.56,34.3,34.9,60,1.0
2025-05-28 15:00,34.59,34.3,34.9,59,0.983
2025-05-28 16:00,34.5,34.3,34.8,60,1.0
2025-05-28 17:00,34.48,34.3,34.8,60,1.0
2025-05-28 18:00,34.47,34.3,34.7,60,1.0
2025-05-28 19:00,34.43,34.3,34.7,59,0.983
2025-05-28 20:00,34.46,34.3,34.7,60,1.0
2025-05-28 21:00,34.5,34.3,34.8,60,1.0
2025-05-28 22:00,34.53,34.3,34.8,60,1.0
2025-05-28 23:00,34.47,34.3,34.7,60,1.0
2025-05-29 00:00,34.52,34.3,34.8,60,1.0
2025-05-29 01:00,34.44,34.3,34.8,60,1.0
2025-05-29 02:00,34.47,34.3,34.7,60,1.0
2025-05-29 03:00,34.42,34.3,34.7,60,1.0
2025-05-29 04:00,34.42,34.3,34.8,60,1.0
2025-05-29 05:00,34.43,34.3,34.7,60,1.0
2025-05-29 06:00,34.5,34.3,34.8,60,1.0
2025-05-29 07:00,34.45,34.3,34.8,60,1.0
2025-05-29 08:00,34.52,34.3,34.7,60,1.0
2025-05-29 09:00,34.46,34.3,34.7,60,1.0
2025-05-29 10:00,34.47,34.3,34.7,60,1.0
2025-05-29 11:00,34.41,34.3,34.7,60,1.0
2025-05-29 12:00,34.38,34.2,34.6,60,1.0
2025-05-29 13:00,34.37,34.2,34.6,60,1.0
2025-05-29 14:00,34.35,34.2,34.6,60,1.0
2025-05-29 15:00,34.36,34.2,34.6,60,1.0
2025-05-29 16:00,34.34,34.2,34.6,60,1.0
2025-05-29 17:00,34.36,34.2,34.6,59,0.983
2025-05-29 18:00,34.35,34.2,34.7,60,1.0
2025-05-29 19:00,34.42,34.2,34.6,60,1.0
2025-05-29 20:00,34.3,34.1,34.6,60,1.0
2025-05-29 21:00,34.29,34.1,34.6,60,1.0
2025-05-29 22:00,34.37,34.1,34.6,60,1.0
2025-05-29 23:00,34.37,34.2,34.6,60,1.0
2025-05-30 00:00,34.38,34.2,34.7,60,1.0
2025-05-30 01:00,34.29,34.1,34.5,60,1.0
2025-05-30 02:00,34.23,34.0,34.6,60,1.0
2025-05-30 03:00,34.23,34.0,34.6,60,1.0
2025-05-30 04:00,34.22,34.0,34.5,60,1.0
2025-05-30 05:00,34.24,34.0,34.6,60,1.0
2025-05-30 06:00,34.26,34.0,34.6,60,1.0
2025-05-30 07:00,34.27,34.1,34.5,60,1.0
2025-05-30 08:00,34.22,34.1,34.5,60,1.0
2025-05-30 09:00,34.22,34.0,34.5,60,1.0
2025-05-30 10:00,34.21,34.0,34.5,60,1.0
2025-05-30 11:00,34.17,34.0,34.4,60,1.0
2025-05-30 12:00,34.32,34.1,34.6,60,1.0
2025-05-30 13:00,34.27,34.0,34.6,60,1.0
2025-05-30 14:00,34.23,34.0,34.5,60,1.0
2025-05-30 15:00,34.23,34.0,34.6,60,1.0
2025-05-30 16:00,34.16,34.0,34.4,60,1.0
2025-05-30 17:00,34.18,34.0,34.5,60,1.0
2025-05-30 18:00,34.18,34.0,34.5,60,1.0
2025-05-30 19:00,34.24,34.0,34.6,60,1.0
2025-05-30 20:00,34.16,34.0,34.4,60,1.0
2025-05-30 21:00,34.11,33.9,34.4,60,1.0
2025-05-30 22:00,34.15,33.9,34.4,60,1.0
2025-05-30 23:00,34.14,33.9,34.6,40,0.667
2025-05-31 07:00,34.12,33.9,34.5,53,0.883
2025-05-31 08:00,34.08,33.9,34.4,59,0.983
2025-05-31 09:00,34.06,33.9,34.4,60,1.0
2025-05-31 10:00,34.08,33.9,34.4,59,0.983
2025-05-31 11:00,34.02,33.9,34.4,60,1.0
2025-05-31 12:00,34.03,33.8,34.4,60,1.0
2025-05-31 13:00,34.08,33.9,34.4,60,1.0
2025-05-31 14:00,34.0,33.9,34.3,60,1.0
2025-05-31 15:00,34.02,33.8,34.3,60,1.0
2025-05-31 16:00,33.99,33.8,34.3,60,1.0
2025-05-31 17:00,33.96,33.8,34.2,60,1.0
2025-05-31 18:00,34.0,33.8,34.2,60,1.0
2025-05-31 19:00,33.9,33.8,34.2,60,1.0
2025-05-31 20:00,33.89,33.7,34.2,60,1.0
2025-05-31 21:00,33.94,33.8,34.5,60,1.0
2025-05-31 22:00,33.94,33.7,34.2,60,1.0
2025-05-31 23:00,33.84,33.7,34.2,60,1.0
2025-06-01 00:00,33.87,33.7,34.2,60,1.0
2025-06-01 01:00,33.97,33.7,34.3,38,0.633
2025-06-01 09:00,33.8,33.7,33.9,8,0.133
2025-06-01 10:00,33.74,33.6,34.1,59,0.983
2025-06-01 11:00,33.75,33.6,34.0,60,1.0
2025-06-01 12:00,33.73,33.5,34.0,60,1.0
2025-06-01 13:00,33.86,33.6,34.1,60,1.0
2025-06-01 14:00,33.74,33.5,34.0,60,1.0
2025-06-01 15:00,33.68,33.4,33.9,60,1.0
2025-06-01 16:00,33.65,33.4,33.9,60,1.0
2025-06-01 17:00,33.58,33.4,33.9,60,1.0
2025-06-01 18:00,33.62,33.4,33.9,60,1.0
2025-06-01 19:00,33.52,33.4,33.8,60,1.0
2025-06-01 20:00,33.53,33.4,33.8,59,0.983
2025-06-01 21:00,33.53,33.3,33.8,60,1.0
2025-06-01 22:00,33.47,33.3,33.7,60,1.0
2025-06-01 23:00,33.46,33.3,33.8,60,1.0
2025-06-02 00:00,33.46,33.3,33.9,60,1.0
2025-06-02 01:00,33.45,33.3,33.8,60,1.0
2025-06-02 02:00,33.44,33.3,33.8,60,1.0
2025-06-02 03:00,33.42,33.2,33.7,60,1.0
2025-06-02 04:00,33.38,33.2,33.7,54,0.9
2025-06-02 05:00,33.37,33.2,33.6,60,1.0
2025-06-02 06:00,33.37,33.2,33.6,60,1.0
2025-06-02 07:00,33.33,33.2,33.6,60,1.0
2025-06-02 08:00,33.34,33.2,33.6,60,1.0
2025-06-02 09:00,33.36,33.2,33.7,60,1.0
2025-06-02 10:00,33.28,33.1,33.7,60,1.0
2025-06-02 11:00,33.28,33.1,33.5,60,1.0
2025-06-02 12:00,33.28,33.1,33.5,60,1.0
2025-06-02 13:00,33.28,33.1,33.5,60,1.0
2025-06-02 14:00,33.3,33.1,33.5,60,1.0
2025-06-02 15:00,33.2,33.1,33.5,60,1.0
2025-06-02 16:00,33.19,33.0,33.5,60,1.0
2025-06-02 17:00,33.2,33.0,33.5,60,1.0
2025-06-02 18:00,33.2,33.0,33.5,60,1.0
2025-06-02 19:00,33.2,33.0,33.5,60,1.0
2025-06-02 20:00,33.16,33.0,33.5,60,1.0
2025-06-02 21:00,33.16,33.0,33.4,60,1.0
2025-06-02 22:00,33.21,33.0,33.5,60,1.0
2025-06-02 23:00,33.22,33.0,33.6,60,1.0
2025-06-03 00:00,33.16,33.0,33.4,60,1.0
2025-06-03 01:00,33.14,33.0,33.3,60,1.0
2025-06-03 02:00,33.12,33.0,33.4,60,1.0
2025-06-03 03:00,33.12,33.0,33.6,60,1.0
2025-06-03 04:00,33.14,33.0,33.4,60,1.0
2025-06-03 05:00,33.13,32.9,33.3,60,1.0
2025-06-03 06:00,33.11,32.9,33.5,60,1.0
2025-06-03 07:00,33.09,32.9,33.4,60,1.0
2025-06-03 08:00,33.04,32.9,33.3,60,1.0
2025-06-03 09:00,33.01,32.9,33.2,60,1.0
2025-06-03 10:00,33.02,32.9,33.2,60,1.0
2025-06-03 11:00,32.98,32.9,33.3,60,1.0
2025-06-03 12:00,32.97,32.8,33.2,60,1.0
2025-06-03 13:00,32.94,32.8,33.1,60,1.0
2025-06-03 14:00,32.93,32.7,33.3,60,1.0
2025-06-03 15:00,32.87,32.7,33.1,60,1.0
2025-06-03 16:00,32.78,32.6,33.0,60,1.0
2025-06-03 17:00,32.77,32.6,33.1,59,0.983
2025-06-03 18:00,32.86,32.6,33.1,49,0.817
2025-06-03 19:00,32.73,32.6,33.0,60,1.0
2025-06-03 20:00,32.8,32.6,33.1,48,0.8
2025-06-03 21:00,32.85,32.6,33.1,58,0.967
2025-06-03 22:00,32.76,32.6,33.0,60,1.0
2025-06-03 23:00,32.74,32.6,32.9,60,1.0
2025-06-04 00:00,32.82,32.6,33.1,60,1.0
2025-06-04 01:00,32.81,32.6,33.1,60,1.0
2025-06-04 02:00,32.8,32.6,33.0,60,1.0
2025-06-04 03:00,32.78,32.6,33.1,60,1.0
2025-06-04 04:00,32.76,32.6,33.0,60,1.0
2025-06-04 05:00,32.74,32.6,33.1,59,0.983
2025-06-04 06:00,32.73,32.6,33.0,60,1.0
2025-06-04 07:00,32.73,32.5,32.9,59,0.983
2025-06-04 08:00,32.74,32.6,33.0,60,1.0
2025-06-04 09:00,32.71,32.6,33.0,60,1.0
2025-06-04 10:00,32.64,32.5,32.9,60,1.0
2025-06-04 11:00,32.61,32.5,32.8,60,1.0
2025-06-04 12:00,32.6,32.5,32.8,60,1.0
2025-06-04 13:00,32.64,32.4,32.8,60,1.0
2025-06-04 14:00,32.57,32.4,32.8,60,1.0
2025-06-04 15:00,32.58,32.3,32.8,60,1.0
2025-06-04 16:00,32.48,32.3,32.8,60,1.0
2025-06-04 17:00,32.46,32.3,32.7,59,0.983
2025-06-04 18:00,32.54,32.4,32.8,60,1.0
2025-06-04 19:00,32.46,32.3,32.7,60,1.0
2025-06-04 20:00,32.6,32.3,32.9,60,1.0
2025-06-04 21:00,32.48,32.3,32.8,60,1.0
2025-06-04 22:00,32.48,32.3,32.7,60,1.0
2025-06-04 23:00,32.47,32.3,32.7,60,1.0
2025-06-05 00:00,32.52,32.3,32.8,60,1.0
2025-06-05 01:00,32.58,32.4,32.8,60,1.0
2025-06-05 02:00,32.57,32.4,32.8,60,1.0
2025-06-05 03:00,32.57,32.3,32.8,60,1.0
2025-06-05 04:00,32.58,32.4,33.0,60,1.0
2025-06-05 05:00,32.52,32.4,32.8,60,1.0
2025-06-05 06:00,32.54,32.4,32.9,60,1.0
2025-06-05 07:00,32.58,32.4,32.8,60,1.0
2025-06-05 08:00,32.48,32.3,32.8,60,1.0
2025-06-05 09:00,32.4,32.3,32.8,60,1.0
2025-06-05 10:00,32.39,32.2,32.6,60,1.0
2025-06-05 11:00,32.4,32.2,32.6,60,1.0
2025-06-05 12:00,32.35,32.2,32.7,60,1.0
2025-06-05 13:00,32.43,32.2,32.8,60,1.0
2025-06-05 14:00,32.36,32.2,32.6,60,1.0
2025-06-05 15:00,32.26,32.1,32.5,60,1.0
2025-06-05 16:00,32.22,32.1,32.5,60,1.0
2025-06-05 17:00,32.16,32.0,32.5,60,1.0
2025-06-05 18:00,32.21,32.0,32.5,60,1.0
2025-06-05 19:00,32.16,32.0,32.4,60,1.0
2025-06-05 20:00,32.1,31.9,32.4,60,1.0
2025-06-05 21:00,32.11,31.9,32.5,60,1.0
2025-06-05 22:00,32.11,31.9,32.5,59,0.983
2025-06-05 23:00,32.09,32.0,32.4,60,1.0
2025-06-06 00:00,32.08,32.0,32.3,60,1.0
2025-06-06 01:00,32.11,32.0,32.4,60,1.0
2025-06-06 02:00,32.2,31.9,32.5,60,1.0
2025-06-06 03:00,32.14,32.0,32.3,60,1.0
2025-06-06 04:00,32.09,31.9,32.5,60,1.0
2025-06-06 05:00,32.05,31.8,32.3,60,1.0
2025-06-06 06:00,32.05,31.9,32.3,60,1.0
2025-06-06 07:00,32.02,31.8,32.3,60,1.0
2025-06-06 08:00,31.99,31.8,32.2,60,1.0
2025-06-06 09:00,31.96,31.8,32.1,60,1.0
2025-06-06 10:00,31.92,31.8,32.2,60,1.0
2025-06-06 11:00,31.91,31.8,32.2,60,1.0
2025-06-06 12:00,31.96,31.7,32.2,60,1.0
2025-06-06 13:00,31.9,31.7,32.1,60,1.0
2025-06-06 14:00,31.92,31.7,32.2,60,1.0
2025-06-06 15:00,31.79,31.6,32.0,60,1.0
2025-06-06 16:00,31.7,31.6,31.9,60,1.0
2025-06-06 17:00,31.7,31.6,32.0,60,1.0
2025-06-06 18:00,31.86,31.6,32.1,60,1.0
2025-06-06 19:00,31.8,31.7,32.1,60,1.0
2025-06-06 20:00,31.88,31.7,32.2,59,0.983
2025-06-06 21:00,31.87,31.7,32.1,60,1.0
2025-06-06 22:00,31.87,31.7,32.1,60,1.0
2025-06-06 23:00,31.79,31.7,32.0,59,0.983
2025-06-07 00:00,31.79,31.7,32.0,60,1.0
2025-06-07 01:00,31.83,31.6,32.1,60,1.0
2025-06-07 02:00,31.79,31.7,32.1,60,1.0
2025-06-07 03:00,31.84,31.7,32.2,60,1.0
2025-06-07 04:00,31.9,31.7,32.2,60,1.0
2025-06-07 05:00,31.91,31.7,32.2,60,1.0
2025-06-07 06:00,31.83,31.7,32.1,60,1.0
2025-06-07 07:00,31.84,31.7,32.1,60,1.0
2025-06-07 08:00,31.8,31.6,32.0,60,1.0
2025-06-07 09:00,31.82,31.6,32.1,60,1.0
2025-06-07 10:00,31.71,31.5,32.0,60,1.0
2025-06-07 11:00,31.71,31.5,32.0,60,1.0
2025-06-07 12:00,31.65,31.5,31.8,60,1.0
2025-06-07 13:00,31.62,31.5,31.9,60,1.0
2025-06-07 14:00,31.64,31.5,31.9,60,1.0
2025-06-07 15:00,31.55,31.4,31.7,60,1.0
2025-06-07 16:00,31.6,31.4,31.8,60,1.0
2025-06-07 17:00,31.56,31.4,31.8,60,1.0
2025-06-07 18:00,31.54,31.4,31.8,60,1.0
2025-06-07 19:00,31.59,31.4,31.9,60,1.0
2025-06-07 20:00,31.5,31.4,31.7,60,1.0
2025-06-07 21:00,31.58,31.3,31.9,60,1.0
2025-06-07 22:00,31.6,31.4,31.8,60,1.0
2025-06-07 23:00,31.64,31.4,31.8,60,1.0
2025-06-08 00:00,31.64,31.4,31.9,60,1.0
2025-06-08 01:00,31.61,31.4,31.9,60,1.0
2025-06-08 02:00,31.61,31.4,31.9,60,1.0
2025-06-08 03:00,31.55,31.4,31.8,60,1.0
2025-06-08 04:00,31.5,31.4,31.9,60,1.0
2025-06-08 05:00,31.57,31.4,31.8,60,1.0
2025-06-08 06:00,31.49,31.3,31.8,60,1.0
2025-06-08 07:00,31.49,31.3,31.8,59,0.983
2025-06-08 08:00,31.5,31.4,31.8,60,1.0
2025-06-08 09:00,31.5,31.3,31.7,60,1.0
2025-06-08 10:00,31.43,31.3,31.8,60,1.0
2025-06-08 11:00,31.38,31.2,31.7,60,1.0
2025-06-08 12:00,31.34,31.2,31.6,60,1.0
2025-06-08 13:00,31.35,31.2,31.6,60,1.0
2025-06-08 14:00,31.35,31.1,31.7,60,1.0
2025-06-08 15:00,31.24,31.1,31.6,60,1.0
2025-06-08 16:00,31.22,31.1,31.4,60,1.0
2025-06-08 17:00,31.31,31.1,31.6,55,0.917
2025-06-08 18:00,31.33,31.1,31.5,47,0.783
2025-06-08 19:00,31.28,31.1,31.5,60,1.0
2025-06-08 20:00,31.22,31.1,31.4,59,0.983
2025-06-08 21:00,31.32,31.1,31.6,60,1.0
2025-06-08 22:00,31.3,31.1,31.6,60,1.0
2025-06-08 23:00,31.28,31.1,31.5,60,1.0
2025-06-09 00:00,31.25,31.1,31.5,60,1.0
2025-06-09 01:00,31.3,31.1,31.6,60,1.0
2025-06-09 02:00,31.25,31.1,31.5,60,1.0
2025-06-09 03:00,31.26,31.1,31.6,60,1.0
2025-06-09 04:00,31.21,31.1,31.3,32,0.533
2025-06-09 08:00,31.18,31.1,31.4,24,0.4
2025-06-09 09:00,31.24,31.1,31.5,59,0.983
2025-06-09 10:00,31.16,31.0,31.4,60,1.0
2025-06-09 11:00,31.14,31.0,31.5,60,1.0
2025-06-09 12:00,31.18,31.0,31.4,60,1.0
2025-06-09 13:00,31.12,30.9,31.3,60,1.0
2025-06-09 14:00,31.06,30.9,31.4,60,1.0
2025-06-09 15:00,31.02,30.9,31.4,60,1.0
2025-06-09 16:00,30.99,30.8,31.2,59,0.983
2025-06-09 17:00,31.01,30.8,31.4,60,1.0
2025-06-09 18:00,30.99,30.8,31.2,60,1.0
2025-06-09 19:00,31.05,30.9,31.4,59,0.983
2025-06-09 20:00,31.08,30.9,31.4,60,1.0
2025-06-09 21:00,31.07,30.9,31.3,60,1.0
2025-06-09 22:00,30.98,30.9,31.2,60,1.0
2025-06-09 23:00,31.05,30.9,31.6,60,1.0
2025-06-10 00:00,31.05,30.8,31.3,60,1.0
2025-06-10 01:00,31.08,30.9,31.3,60,1.0
2025-06-10 02:00,31.08,30.9,31.4,60,1.0
2025-06-10 03:00,31.03,30.9,31.3,60,1.0
2025-06-10 04:00,31.07,30.9,31.3,60,1.0
2025-06-10 05:00,31.01,30.9,31.4,60,1.0
2025-06-10 06:00,31.06,30.9,31.3,60,1.0
2025-06-10 07:00,30.96,30.8,31.2,60,1.0
2025-06-10 08:00,30.92,30.8,31.1,60,1.0
2025-06-10 09:00,30.88,30.8,31.1,60,1.0
2025-06-10 10:00,30.91,30.8,31.3,60,1.0
2025-06-10 11:00,30.96,30.8,31.2,60,1.0
2025-06-10 12:00,30.96,30.7,31.3,60,1.0
2025-06-10 13:00,30.85,30.7,31.1,60,1.0
2025-06-10 14:00,30.82,30.7,31.1,54,0.9
2025-06-10 15:00,30.83,30.6,31.1,47,0.783
2025-06-10 16:00,30.71,30.6,30.9,51,0.85
2025-06-10 17:00,30.75,30.6,31.0,53,0.883
2025-06-10 18:00,30.76,30.6,31.0,60,1.0
2025-06-10 19:00,30.82,30.6,31.2,59,0.983
2025-06-10 20:00,30.86,30.6,31.1,60,1.0
2025-06-10 21:00,30.81,30.6,31.1,60,1.0
2025-06-10 22:00,30.78,30.6,31.0,60,1.0
2025-06-10 23:00,30.83,30.7,31.1,60,1.0
2025-06-11 00:00,30.88,30.7,31.2,60,1.0
2025-06-11 01:00,30.86,30.6,31.1,60,1.0
2025-06-11 02:00,30.87,30.7,31.0,60,1.0
2025-06-11 03:00,30.83,30.6,31.1,60,1.0
2025-06-11 04:00,30.8,30.7,31.1,60,1.0
2025-06-11 05:00,30.88,30.7,31.1,60,1.0
2025-06-11 06:00,30.91,30.7,31.2,60,1.0
2025-06-11 07:00,30.83,30.7,31.1,60,1.0
2025-06-11 08:00,30.78,30.7,31.2,60,1.0
2025-06-11 09:00,30.78,30.6,31.0,60,1.0
2025-06-11 10:00,30.74,30.6,31.0,60,1.0
2025-06-11 11:00,30.73,30.6,31.0,60,1.0
2025-06-11 12:00,30.71,30.6,30.9,60,1.0
2025-06-11 13:00,30.7,30.6,31.0,60,1.0
2025-06-11 14:00,30.66,30.5,30.9,60,1.0
2025-06-11 15:00,30.65,30.5,31.0,60,1.0
2025-06-11 16:00,30.66,30.5,30.9,60,1.0
2025-06-11 17:00,30.65,30.5,30.9,60,1.0
2025-06-11 18:00,30.62,30.5,30.9,60,1.0
2025-06-11 19:00,30.65,30.5,31.0,60,1.0
2025-06-11 20:00,30.73,30.5,31.0,60,1.0
2025-06-11 21:00,30.74,30.5,31.0,60,1.0
2025-06-11 22:00,30.68,30.5,31.0,60,1.0
2025-06-11 23:00,30.65,30.5,30.9,60,1.0
2025-06-12 00:00,30.71,30.5,31.0,60,1.0
2025-06-12 01:00,30.72,30.5,31.0,60,1.0
2025-06-12 02:00,30.79,30.6,31.0,59,0.983
2025-06-12 03:00,30.81,30.6,31.0,59,0.983
2025-06-12 04:00,30.77,30.6,31.0,60,1.0
2025-06-12 05:00,30.76,30.6,31.1,60,1.0
2025-06-12 06:00,30.72,30.6,31.0,59,0.983
2025-06-12 07:00,30.72,30.6,31.0,60,1.0
2025-06-12 08:00,30.75,30.5,31.1,60,1.0
2025-06-12 09:00,30.65,30.5,30.9,60,1.0
2025-06-12 10:00,30.69,30.5,31.0,60,1.0
2025-06-12 11:00,30.67,30.5,30.9,60,1.0
2025-06-12 12:00,30.59,30.5,31.0,60,1.0
2025-06-12 13:00,30.58,30.4,30.9,60,1.0
2025-06-12 14:00,30.58,30.4,30.9,60,1.0
2025-06-12 15:00,30.51,30.4,30.7,60,1.0
2025-06-12 16:00,30.5,30.3,30.8,60,1.0
2025-06-12 17:00,30.51,30.3,30.7,60,1.0
2025-06-12 18:00,30.47,30.3,30.7,60,1.0
2025-06-12 19:00,30.54,30.4,30.7,60,1.0
2025-06-12 20:00,30.45,30.3,30.7,60,1.0
2025-06-12 21:00,30.56,30.4,30.8,60,1.0
2025-06-12 22:00,30.52,30.4,30.7,60,1.0
2025-06-12 23:00,30.47,30.4,30.7,60,1.0
2025-06-13 00:00,30.49,30.3,30.7,60,1.0
2025-06-13 01:00,30.47,30.3,30.7,60,1.0
2025-06-13 02:00,30.49,30.4,30.7,35,0.583
2025-06-13 08:00,30.54,30.4,30.8,47,0.783
2025-06-13 09:00,30.54,30.3,30.8,60,1.0
2025-06-13 10:00,30.55,30.3,30.8,60,1.0
2025-06-13 11:00,30.53,30.3,30.8,60,1.0
2025-06-13 12:00,30.44,30.3,30.7,60,1.0
2025-06-13 13:00,30.35,30.2,30.6,60,1.0
2025-06-13 14:00,30.38,30.2,30.6,60,1.0
2025-06-13 15:00,30.27,30.2,30.5,60,1.0
2025-06-13 16:00,30.25,30.1,30.5,60,1.0
2025-06-13 17:00,30.28,30.1,30.5,46,0.767
2025-06-13 18:00,30.3,30.1,30.5,54,0.9
2025-06-13 19:00,30.27,30.1,30.5,60,1.0
2025-06-13 20:00,30.35,30.2,30.6,60,1.0
2025-06-13 21:00,30.36,30.2,30.6,60,1.0
2025-06-13 22:00,30.3,30.1,30.5,60,1.0
2025-06-13 23:00,30.27,30.1,30.5,60,1.0
2025-06-14 00:00,30.33,30.2,30.6,48,0.8
2025-06-14 01:00,30.35,30.1,30.6,60,1.0
2025-06-14 02:00,30.41,30.2,30.7,60,1.0
2025-06-14 03:00,30.37,30.2,30.6,60,1.0
2025-06-14 04:00,30.37,30.2,30.6,60,1.0
2025-06-14 05:00,30.36,30.1,30.6,60,1.0
2025-06-14 06:00,30.32,30.2,30.6,60,1.0
2025-06-14 07:00,30.32,30.1,30.6,60,1.0
2025-06-14 08:00,30.32,30.2,30.5,60,1.0
2025-06-14 09:00,30.3,30.1,30.5,60,1.0
2025-06-14 10:00,30.22,30.1,30.4,60,1.0
2025-06-14 11:00,30.17,30.1,30.4,60,1.0
2025-06-14 12:00,30.17,30.0,30.5,60,1.0
2025-06-14 13:00,30.1,30.0,30.4,60,1.0
2025-06-14 14:00,30.13,29.9,30.4,60,1.0
2025-06-14 15:00,30.07,29.9,30.3,46,0.767
2025-06-14 16:00,30.06,29.9,30.4,22,0.367
2025-06-14 17:00,30.05,29.9,30.3,54,0.9
2025-06-14 18:00,30.09,29.9,30.4,60,1.0
2025-06-14 19:00,30.06,29.9,30.5,60,1.0
2025-06-14 20:00,30.02,29.9,30.3,60,1.0
2025-06-14 21:00,30.11,29.9,30.3,60,1.0
2025-06-14 22:00,30.07,29.9,30.4,60,1.0
2025-06-14 23:00,29.99,29.9,30.3,60,1.0
2025-06-15 00:00,30.02,29.9,30.3,60,1.0
2025-06-15 01:00,30.08,29.9,30.3,60,1.0
2025-06-15 02:00,30.07,29.9,30.5,60,1.0
2025-06-15 03:00,30.12,29.9,30.4,60,1.0
2025-06-15 04:00,30.16,30.0,30.4,60,1.0
2025-06-15 05:00,30.16,29.9,30.4,60,1.0
2025-06-15 06:00,30.07,29.9,30.3,60,1.0
2025-06-15 07:00,30.11,29.9,30.3,60,1.0
2025-06-15 08:00,30.14,29.9,30.3,60,1.0
2025-06-15 09:00,30.05,29.9,30.3,60,1.0
2025-06-15 10:00,30.06,29.9,30.3,60,1.0
2025-06-15 11:00,30.02,29.9,30.3,60,1.0
2025-06-15 12:00,29.98,29.9,30.2,60,1.0
2025-06-15 13:00,29.92,29.8,30.1,60,1.0
2025-06-15 14:00,29.88,29.8,30.1,60,1.0
2025-06-15 15:00,29.83,29.7,30.1,60,1.0
2025-06-15 16:00,29.82,29.7,30.0,60,1.0
2025-06-15 17:00,29.9,29.7,30.2,60,1.0
2025-06-15 18:00,29.94,29.8,30.1,60,1.0
2025-06-15 19:00,29.9,29.8,30.2,60,1.0
2025-06-15 20:00,29.86,29.7,30.2,53,0.883
2025-06-15 21:00,29.96,29.8,30.1,49,0.817
2025-06-15 22:00,29.91,29.7,30.4,47,0.783
2025-06-15 23:00,29.91,29.8,30.2,52,0.867
2025-06-16 00:00,29.9,29.7,30.2,60,1.0
2025-06-16 01:00,29.86,29.7,30.1,58,0.967
2025-06-16 02:00,29.86,29.7,30.1,60,1.0
2025-06-16 03:00,29.88,29.7,30.1,60,1.0
2025-06-16 04:00,29.91,29.7,30.3,60,1.0
2025-06-16 05:00,29.81,29.7,30.2,60,1.0
2025-06-16 06:00,29.9,29.7,30.1,60,1.0
2025-06-16 07:00,29.92,29.8,30.2,60,1.0
2025-06-16 08:00,29.9,29.7,30.2,60,1.0
2025-06-16 09:00,29.9,29.7,30.2,60,1.0
2025-06-16 10:00,29.83,29.7,30.1,60,1.0
2025-06-16 11:00,29.72,29.6,29.9,60,1.0
2025-06-16 12:00,29.69,29.6,29.9,60,1.0
2025-06-16 13:00,29.7,29.5,30.0,60,1.0
2025-06-16 14:00,29.74,29.6,30.0,60,1.0
2025-06-16 15:00,29.65,29.5,29.9,60,1.0
2025-06-16 16:00,29.69,29.5,30.0,60,1.0
2025-06-16 17:00,29.6,29.5,29.8,60,1.0
2025-06-16 18:00,29.57,29.4,29.8,60,1.0
2025-06-16 19:00,29.66,29.5,29.9,60,1.0
2025-06-16 20:00,29.62,29.5,29.8,60,1.0
2025-06-16 21:00,29.61,29.5,29.9,60,1.0
2025-06-16 22:00,29.55,29.4,29.8,60,1.0
2025-06-16 23:00,29.61,29.5,29.8,60,1.0
2025-06-17 00:00,29.65,29.5,29.9,60,1.0
2025-06-17 01:00,29.65,29.5,29.9,60,1.0
2025-06-17 02:00,29.69,29.5,30.0,60,1.0
2025-06-17 03:00,29.62,29.5,29.9,60,1.0
2025-06-17 04:00,29.63,29.5,29.9,60,1.0
2025-06-17 05:00,29.58,29.5,29.9,60,1.0
2025-06-17 06:00,29.61,29.4,29.9,60,1.0
2025-06-17 07:00,29.59,29.4,29.9,59,0.983
2025-06-17 08:00,29.59,29.4,29.8,60,1.0
2025-06-17 09:00,29.58,29.4,29.8,57,0.95
2025-06-17 10:00,29.57,29.3,29.9,48,0.8
2025-06-17 11:00,29.44,29.3,29.6,59,0.983
2025-06-17 12:00,29.38,29.3,29.6,60,1.0
2025-06-17 13:00,29.36,29.2,29.7,60,1.0
2025-06-17 14:00,29.32,29.2,29.6,60,1.0
2025-06-17 15:00,29.35,29.2,29.7,60,1.0
2025-06-17 16:00,29.28,29.1,29.4,60,1.0
2025-06-17 17:00,29.22,29.1,29.4,60,1.0
2025-06-17 18:00,29.19,29.1,29.4,60,1.0
2025-06-17 19:00,29.25,29.1,29.5,60,1.0
2025-06-17 20:00,29.2,29.1,29.4,60,1.0
2025-06-17 21:00,29.18,29.1,29.4,60,1.0
2025-06-17 22:00,29.22,29.0,29.4,60,1.0
2025-06-17 23:00,29.22,29.1,29.5,60,1.0
2025-06-18 00:00,29.24,29.1,29.6,60,1.0
2025-06-18 01:00,29.24,29.0,29.6,60,1.0
2025-06-18 02:00,29.21,29.0,29.4,60,1.0
2025-06-18 03:00,29.22,29.0,29.5,60,1.0
2025-06-18 04:00,29.22,29.0,29.7,60,1.0
2025-06-18 05:00,29.28,29.1,29.7,60,1.0
2025-06-18 06:00,29.24,29.0,29.5,55,0.917
2025-06-18 07:00,29.23,29.0,29.4,54,0.9
2025-06-18 08:00,29.18,29.0,29.5,60,1.0
2025-06-18 09:00,29.21,29.0,29.4,13,0.217
2025-06-18 10:00,29.28,29.1,29.6,60,1.0
2025-06-18 11:00,29.26,29.1,29.5,60,1.0
2025-06-18 12:00,29.32,29.1,29.6,60,1.0
2025-06-18 13:00,29.28,29.1,29.5,60,1.0
2025-06-18 14:00,29.18,29.1,29.4,60,1.0
2025-06-18 15:00,29.21,29.1,29.5,60,1.0
2025-06-18 16:00,29.24,29.0,29.5,60,1.0
2025-06-18 17:00,29.16,29.0,29.4,60,1.0
2025-06-18 18:00,29.12,29.0,29.3,60,1.0
2025-06-18 19:00,29.16,29.0,29.4,60,1.0
2025-06-18 20:00,29.27,29.0,29.5,60,1.0
2025-06-18 21:00,29.3,29.1,29.4,60,1.0
2025-06-18 22:00,29.2,29.0,29.4,50,0.833
2025-06-18 23:00,29.2,29.0,29.4,52,0.867
2025-06-19 00:00,29.25,29.0,29.5,57,0.95
2025-06-19 01:00,29.16,29.0,29.4,51,0.85
2025-06-19 02:00,29.1,29.0,29.3,46,0.767
2025-06-19 03:00,29.16,29.0,29.4,60,1.0
2025-06-19 04:00,29.12,29.0,29.4,60,1.0
2025-06-19 05:00,29.08,28.9,29.3,60,1.0
2025-06-19 06:00,29.18,29.0,29.4,60,1.0
2025-06-19 07:00,29.12,29.0,29.4,60,1.0
2025-06-19 08:00,29.13,29.0,29.4,60,1.0
2025-06-19 09:00,29.12,28.9,29.3,60,1.0
2025-06-19 10:00,29.05,28.8,29.3,60,1.0
2025-06-19 11:00,28.94,28.8,29.3,60,1.0
2025-06-19 12:00,28.91,28.8,29.2,60,1.0
2025-06-19 13:00,28.87,28.7,29.1,60,1.0
2025-06-19 14:00,28.84,28.7,29.1,60,1.0
2025-06-19 15:00,28.79,28.6,29.1,60,1.0
2025-06-19 16:00,28.82,28.6,29.0,60,1.0
2025-06-19 17:00,28.75,28.6,28.9,60,1.0
2025-06-19 18:00,28.81,28.6,29.1,60,1.0
2025-06-19 19:00,28.83,28.7,29.1,60,1.0
2025-06-19 20:00,28.76,28.6,29.1,60,1.0
2025-06-19 21:00,28.77,28.6,29.0,60,1.0
2025-06-19 22:00,28.8,28.6,29.0,60,1.0
2025-06-19 23:00,28.76,28.6,29.1,60,1.0
2025-06-20 00:00,28.79,28.6,29.1,60,1.0
2025-06-20 01:00,28.7,28.6,29.0,60,1.0
2025-06-20 02:00,28.72,28.6,29.0,60,1.0
2025-06-20 03:00,28.74,28.6,29.0,60,1.0
2025-06-20 04:00,28.73,28.6,29.0,60,1.0
2025-06-20 05:00,28.76,28.6,29.1,60,1.0
2025-06-20 06:00,28.78,28.6,29.0,60,1.0
2025-06-20 07:00,28.74,28.6,29.0,60,1.0
2025-06-20 08:00,28.8,28.5,29.1,60,1.0
2025-06-20 09:00,28.7,28.5,29.1,60,1.0
2025-06-20 10:00,28.6,28.5,28.9,60,1.0
2025-06-20 11:00,28.6,28.4,28.8,60,1.0
2025-06-20 12:00,28.51,28.4,28.7,60,1.0
2025-06-20 13:00,28.46,28.3,28.7,60,1.0
2025-06-20 14:00,28.43,28.3,28.7,60,1.0
2025-06-20 15:00,28.41,28.3,28.7,60,1.0
2025-06-20 16:00,28.36,28.2,28.6,60,1.0
2025-06-20 17:00,28.4,28.3,28.6,60,1.0
2025-06-20 18:00,28.45,28.3,28.7,60,1.0
2025-06-20 19:00,28.43,28.3,28.7,60,1.0
2025-06-20 20:00,28.47,28.3,28.7,60,1.0
2025-06-20 21:00,28.56,28.3,28.8,60,1.0
2025-06-20 22:00,28.58,28.4,28.8,60,1.0
2025-06-20 23:00,28.53,28.4,28.8,53,0.883
2025-06-21 00:00,28.48,28.4,28.7,60,1.0
2025-06-21 01:00,28.51,28.4,28.7,60,1.0
2025-06-21 02:00,28.54,28.4,28.7,60,1.0
2025-06-21 03:00,28.57,28.4,28.8,60,1.0
2025-06-21 04:00,28.67,28.4,28.9,53,0.883
2025-06-21 05:00,28.69,28.5,28.8,46,0.767
2025-06-21 06:00,28.66,28.5,28.9,60,1.0
2025-06-21 07:00,28.61,28.5,28.9,60,1.0
2025-06-21 08:00,28.6,28.5,28.9,60,1.0
2025-06-21 09:00,28.62,28.5,28.9,60,1.0
2025-06-21 10:00,28.62,28.5,28.9,60,1.0
2025-06-21 11:00,28.67,28.4,28.9,60,1.0
2025-06-21 12:00,28.68,28.5,29.0,60,1.0
2025-06-21 13:00,28.64,28.5,28.9,60,1.0
2025-06-21 14:00,28.58,28.4,28.8,60,1.0
2025-06-21 15:00,28.56,28.4,28.8,51,0.85
2025-06-21 16:00,28.56,28.4,28.8,60,1.0
2025-06-21 17:00,28.62,28.5,29.0,60,1.0
2025-06-21 18:00,28.71,28.5,28.9,60,1.0
2025-06-21 19:00,28.73,28.6,28.9,60,1.0
2025-06-21 20:00,28.78,28.6,29.0,60,1.0
2025-06-21 21:00,28.78,28.6,29.1,60,1.0
2025-06-21 22:00,28.9,28.7,29.1,60,1.0
2025-06-21 23:00,28.97,28.8,29.2,60,1.0
2025-06-22 00:00,28.88,28.8,29.1,60,1.0
2025-06-22 01:00,28.95,28.8,29.2,60,1.0
2025-06-22 02:00,29.13,28.9,29.4,60,1.0
2025-06-22 03:00,29.13,28.9,29.3,60,1.0
2025-06-22 04:00,29.12,28.9,29.4,60,1.0
2025-06-22 05:00,29.09,28.9,29.3,60,1.0
2025-06-22 06:00,29.13,28.9,29.3,59,0.983
2025-06-22 07:00,29.04,28.9,29.2,58,0.967
2025-06-22 08:00,29.12,28.9,29.4,60,1.0
2025-06-22 09:00,29.04,28.9,29.3,60,1.0
2025-06-22 10:00,29.07,28.9,29.3,60,1.0
2025-06-22 11:00,29.08,28.9,29.3,60,1.0
2025-06-22 12:00,29.04,28.9,29.2,60,1.0
2025-06-22 13:00,29.09,29.0,29.3,60,1.0
2025-06-22 14:00,29.11,29.0,29.3,60,1.0
2025-06-22 15:00,29.18,29.0,29.4,60,1.0
2025-06-22 16:00,29.22,29.0,29.4,60,1.0
2025-06-22 17:00,29.25,29.1,29.5,60,1.0
2025-06-22 18:00,29.28,29.1,29.5,60,1.0
2025-06-22 19:00,29.28,29.2,29.5,60,1.0
2025-06-22 20:00,29.39,29.2,29.7,60,1.0
2025-06-22 21:00,29.37,29.2,29.6,60,1.0
2025-06-22 22:00,29.35,29.2,29.6,60,1.0
2025-06-22 23:00,29.44,29.3,29.7,60,1.0
2025-06-23 00:00,29.5,29.3,29.7,60,1.0
2025-06-23 01:00,29.5,29.3,29.7,60,1.0
2025-06-23 02:00,29.46,29.3,29.7,60,1.0
2025-06-23 03:00,29.51,29.3,29.7,60,1.0
2025-06-23 04:00,29.45,29.3,29.7,60,1.0
2025-06-23 05:00,29.41,29.3,29.6,60,1.0
2025-06-23 06:00,29.48,29.3,29.7,60,1.0
2025-06-23 07:00,29.44,29.3,29.7,53,0.883
2025-06-23 08:00,29.46,29.3,29.7,60,1.0
2025-06-23 09:00,29.5,29.3,29.9,60,1.0
2025-06-23 10:00,29.53,29.4,29.7,60,1.0
2025-06-23 11:00,29.52,29.4,29.8,60,1.0
2025-06-23 12:00,29.62,29.4,29.9,60,1.0
2025-06-23 13:00,29.55,29.4,30.0,60,1.0
2025-06-23 14:00,29.52,29.3,29.8,60,1.0
2025-06-23 15:00,29.5,29.4,29.7,60,1.0
2025-06-23 16:00,29.46,29.3,29.8,60,1.0
2025-06-23 17:00,29.48,29.3,29.7,60,1.0
2025-06-23 18:00,29.44,29.3,29.7,60,1.0
2025-06-23 19:00,29.51,29.3,29.8,60,1.0
2025-06-23 20:00,29.41,29.3,29.6,60,1.0
2025-06-23 21:00,29.46,29.3,29.8,60,1.0
2025-06-23 22:00,29.51,29.3,29.7,60,1.0
2025-06-23 23:00,29.52,29.3,29.8,59,0.983
2025-06-24 00:00,29.44,29.3,29.7,59,0.983
2025-06-24 01:00,29.45,29.3,29.7,49,0.817
2025-06-24 02:00,29.5,29.3,29.7,47,0.783
2025-06-24 03:00,29.51,29.4,29.7,45,0.75
2025-06-24 04:00,29.46,29.3,29.6,48,0.8
2025-06-24 05:00,29.46,29.3,29.7,52,0.867
2025-06-24 06:00,29.52,29.4,29.9,56,0.933
2025-06-24 07:00,29.54,29.4,29.8,59,0.983
2025-06-24 08:00,29.55,29.4,29.9,55,0.917
2025-06-24 09:00,29.46,29.4,29.6,49,0.817
2025-06-24 10:00,29.46,29.3,29.6,58,0.967
2025-06-24 11:00,29.55,29.4,29.9,60,1.0
2025-06-24 12:00,29.52,29.3,29.8,60,1.0
2025-06-24 13:00,29.44,29.3,29.7,60,1.0
2025-06-24 14:00,29.48,29.3,29.6,60,1.0
2025-06-24 15:00,29.39,29.3,29.6,60,1.0
2025-06-24 16:00,29.44,29.3,29.7,60,1.0
2025-06-24 17:00,29.42,29.3,29.7,60,1.0
2025-06-24 18:00,29.35,29.2,29.6,60,1.0
2025-06-24 19:00,29.43,29.2,29.7,60,1.0
2025-06-24 20:00,29.39,29.2,29.6,59,0.983
2025-06-24 21:00,29.38,29.2,29.8,60,1.0
2025-06-24 22:00,29.45,29.3,29.7,60,1.0
2025-06-24 23:00,29.44,29.3,29.6,60,1.0
2025-06-25 00:00,29.45,29.3,29.7,59,0.983
2025-06-25 01:00,29.46,29.3,29.8,60,1.0
2025-06-25 02:00,29.46,29.3,29.7,60,1.0
2025-06-25 03:00,29.43,29.3,29.6,60,1.0
2025-06-25 04:00,29.38,29.3,29.7,60,1.0
2025-06-25 05:00,29.39,29.3,29.7,60,1.0
2025-06-25 06:00,29.46,29.3,29.7,60,1.0
2025-06-25 07:00,29.47,29.3,29.7,60,1.0
2025-06-25 08:00,29.36,29.3,29.5,60,1.0
2025-06-25 09:00,29.39,29.3,29.6,59,0.983
2025-06-25 10:00,29.4,29.3,29.6,60,1.0
2025-06-25 11:00,29.41,29.3,29.6,60,1.0
2025-06-25 12:00,29.41,29.3,29.7,60,1.0
2025-06-25 13:00,29.44,29.3,29.7,60,1.0
2025-06-25 14:00,29.56,29.4,29.7,60,1.0
2025-06-25 15:00,29.5,29.3,29.8,60,1.0
2025-06-25 16:00,29.4,29.3,29.6,60,1.0
2025-06-25 17:00,29.42,29.3,29.7,60,1.0
2025-06-25 18:00,29.46,29.3,29.7,60,1.0
2025-06-25 19:00,29.38,29.3,29.6,60,1.0
2025-06-25 20:00,29.44,29.3,29.7,60,1.0
2025-06-25 21:00,29.47,29.3,29.6,60,1.0
2025-06-25 22:00,29.37,29.2,29.6,59,0.983
2025-06-25 23:00,29.37,29.2,29.6,60,1.0
2025-06-26 00:00,29.43,29.3,29.7,60,1.0
2025-06-26 01:00,29.47,29.3,29.7,60,1.0
2025-06-26 02:00,29.47,29.3,29.7,60,1.0
2025-06-26 03:00,29.46,29.3,29.6,60,1.0
2025-06-26 04:00,29.5,29.3,29.7,60,1.0
2025-06-26 05:00,29.53,29.3,29.8,59,0.983
2025-06-26 06:00,29.61,29.4,29.8,60,1.0
2025-06-26 07:00,29.53,29.4,29.9,60,1.0
2025-06-26 08:00,29.56,29.4,29.8,60,1.0
2025-06-26 09:00,29.59,29.4,29.9,60,1.0
2025-06-26 10:00,29.58,29.4,29.8,59,0.983
2025-06-26 11:00,29.56,29.4,29.7,60,1.0
2025-06-26 12:00,29.58,29.4,29.9,60,1.0
2025-06-26 13:00,29.55,29.4,29.7,60,1.0
2025-06-26 14:00,29.49,29.4,29.7,60,1.0
2025-06-26 15:00,29.46,29.4,29.7,60,1.0
2025-06-26 16:00,29.48,29.3,29.7,60,1.0
2025-06-26 17:00,29.5,29.4,29.8,60,1.0
2025-06-26 18:00,29.58,29.4,29.8,60,1.0
2025-06-26 19:00,29.58,29.4,29.8,60,1.0
2025-06-26 20:00,29.52,29.4,29.7,60,1.0
2025-06-26 21:00,29.58,29.4,29.7,60,1.0
2025-06-26 22:00,29.61,29.4,29.8,59,0.983
2025-06-26 23:00,29.54,29.4,29.7,60,1.0
2025-06-27 00:00,29.58,29.5,29.8,60,1.0
2025-06-27 01:00,29.57,29.5,29.7,60,1.0
2025-06-27 02:00,29.62,29.4,29.8,60,1.0
2025-06-27 03:00,29.64,29.4,29.8,60,1.0
2025-06-27 04:00,29.65,29.5,29.9,60,1.0
2025-06-27 05:00,29.67,29.4,29.9,60,1.0
2025-06-27 06:00,29.75,29.6,30.0,60,1.0
2025-06-27 07:00,29.72,29.5,29.9,60,1.0
2025-06-27 08:00,29.72,29.6,30.0,60,1.0
2025-06-27 09:00,29.76,29.6,30.0,60,1.0
2025-06-27 10:00,29.7,29.5,29.9,60,1.0
2025-06-27 11:00,29.67,29.5,30.0,60,1.0
2025-06-27 12:00,29.61,29.5,29.8,49,0.817
2025-06-27 13:00,29.63,29.5,29.9,57,0.95
2025-06-27 14:00,29.64,29.5,29.9,60,1.0
2025-06-27 15:00,29.59,29.4,29.9,60,1.0
2025-06-27 16:00,29.47,29.4,29.6,60,1.0
2025-06-27 17:00,29.49,29.4,29.7,60,1.0
2025-06-27 18:00,29.49,29.3,29.7,60,1.0
2025-06-27 19:00,29.49,29.3,29.7,60,1.0
2025-06-27 20:00,29.42,29.3,29.6,60,1.0
2025-06-27 21:00,29.6,29.4,29.8,60,1.0
2025-06-27 22:00,29.63,29.4,29.9,60,1.0
2025-06-27 23:00,29.6,29.4,29.8,60,1.0
2025-06-28 00:00,29.54,29.4,29.8,60,1.0
2025-06-28 01:00,29.56,29.4,29.8,60,1.0
2025-06-28 02:00,29.52,29.4,29.7,60,1.0
2025-06-28 03:00,29.51,29.4,29.8,60,1.0
2025-06-28 04:00,29.44,29.3,29.7,60,1.0
2025-06-28 05:00,29.46,29.3,29.8,60,1.0
2025-06-28 06:00,29.41,29.3,29.6,60,1.0
2025-06-28 07:00,29.44,29.3,29.6,59,0.983
2025-06-28 08:00,29.48,29.3,29.7,60,1.0
2025-06-28 09:00,29.47,29.3,29.8,60,1.0
2025-06-28 10:00,29.41,29.3,29.6,60,1.0
2025-06-28 11:00,29.38,29.2,29.7,60,1.0
2025-06-28 12:00,29.49,29.3,29.8,60,1.0
2025-06-28 13:00,29.44,29.3,29.8,60,1.0
2025-06-28 14:00,29.39,29.2,29.7,60,1.0
2025-06-28 15:00,29.37,29.2,29.6,60,1.0
2025-06-28 16:00,29.32,29.2,29.6,60,1.0
2025-06-28 17:00,29.3,29.1,29.6,60,1.0
2025-06-28 18:00,29.22,29.1,29.5,59,0.983
2025-06-28 19:00,29.27,29.1,29.5,60,1.0
2025-06-28 20:00,29.24,29.1,29.5,60,1.0
2025-06-28 21:00,29.18,29.0,29.4,60,1.0
2025-06-28 22:00,29.18,29.0,29.5,60,1.0
2025-06-28 23:00,29.2,29.0,29.4,60,1.0
2025-06-29 00:00,29.17,29.0,29.4,60,1.0
2025-06-29 01:00,29.2,29.0,29.4,60,1.0
2025-06-29 02:00,29.15,29.0,29.4,60,1.0
2025-06-29 03:00,29.14,29.0,29.4,60,1.0
2025-06-29 04:00,29.16,29.0,29.5,60,1.0
2025-06-29 05:00,29.07,29.0,29.3,60,1.0
2025-06-29 06:00,29.09,29.0,29.3,60,1.0
2025-06-29 07:00,29.13,29.0,29.4,60,1.0
2025-06-29 08:00,29.25,29.1,29.5,60,1.0
2025-06-29 09:00,29.3,29.2,29.5,60,1.0
2025-06-29 10:00,29.36,29.2,29.5,60,1.0
2025-06-29 11:00,29.32,29.1,29.5,60,1.0
2025-06-29 12:00,29.35,29.2,29.6,60,1.0
2025-06-29 13:00,29.33,29.2,29.5,60,1.0
2025-06-29 14:00,29.32,29.2,29.5,60,1.0
2025-06-29 15:00,29.31,29.1,29.6,60,1.0
2025-06-29 16:00,29.29,29.1,29.5,60,1.0
2025-06-29 17:00,29.27,29.1,29.6,60,1.0
2025-06-29 18:00,29.2,29.1,29.5,60,1.0
2025-06-29 19:00,29.18,29.0,29.4,60,1.0
2025-06-29 20:00,29.2,29.0,29.4,60,1.0
2025-06-29 21:00,29.12,29.0,29.4,60,1.0
2025-06-29 22:00,29.1,29.0,29.2,60,1.0
2025-06-29 23:00,29.13,29.0,29.3,60,1.0
2025-06-30 00:00,29.15,29.0,29.4,60,1.0
2025-06-30 01:00,29.1,29.0,29.4,60,1.0
2025-06-30 02:00,29.16,29.0,29.4,60,1.0
2025-06-30 03:00,29.23,29.0,29.5,60,1.0
2025-06-30 04:00,29.22,29.1,29.4,60,1.0
2025-06-30 05:00,29.13,29.0,29.3,60,1.0
2025-06-30 06:00,29.15,29.0,29.4,60,1.0
2025-06-30 07:00,29.16,29.1,29.3,60,1.0
2025-06-30 08:00,29.18,29.0,29.4,59,0.983
2025-06-30 09:00,29.26,29.1,29.8,60,1.0
2025-06-30 10:00,29.21,29.1,29.4,60,1.0
2025-06-30 11:00,29.25,29.1,29.5,60,1.0
2025-06-30 12:00,29.27,29.1,29.5,60,1.0
2025-06-30 13:00,29.21,29.1,29.5,60,1.0
2025-06-30 14:00,29.2,29.0,29.4,60,1.0
2025-06-30 15:00,29.18,29.0,29.4,50,0.833
2025-06-30 16:00,29.15,29.0,29.3,51,0.85
2025-06-30 17:00,29.14,29.0,29.5,59,0.983
2025-06-30 18:00,29.07,28.9,29.2,60,1.0
2025-06-30 19:00,29.14,29.0,29.4,60,1.0
2025-06-30 20:00,29.06,28.9,29.4,59,0.983
2025-06-30 21:00,29.1,29.0,29.3,60,1.0
2025-06-30 22:00,29.14,28.9,29.4,60,1.0
2025-06-30 23:00,29.02,28.9,29.2,60,1.0
2025-07-01 00:00,29.03,29.0,29.2,60,1.0
2025-07-01 01:00,29.02,28.9,29.2,25,0.417
2025-07-01 07:00,29.2,29.2,29.2,1,0.017
2025-07-01 08:00,29.12,29.0,29.4,60,1.0
2025-07-01 09:00,29.14,29.0,29.5,60,1.0
2025-07-01 10:00,29.2,29.0,29.4,60,1.0
2025-07-01 11:00,29.18,29.0,29.5,60,1.0
2025-07-01 12:00,29.15,29.0,29.4,60,1.0
2025-07-01 13:00,29.2,29.0,29.6,60,1.0
2025-07-01 14:00,29.18,29.0,29.4,60,1.0
2025-07-01 15:00,29.2,29.0,29.5,60,1.0
2025-07-01 16:00,29.2,29.0,29.4,60,1.0
2025-07-01 17:00,29.16,29.0,29.4,60,1.0
2025-07-01 18:00,29.11,29.0,29.4,60,1.0
2025-07-01 19:00,29.16,29.0,29.4,60,1.0
2025-07-01 20:00,29.12,29.0,29.4,50,0.833
2025-07-01 21:00,29.07,29.0,29.2,52,0.867
2025-07-01 22:00,29.16,29.0,29.4,54,0.9
2025-07-01 23:00,29.19,29.0,29.5,60,1.0
2025-07-02 00:00,29.22,29.0,29.9,60,1.0
2025-07-02 01:00,29.18,29.0,30.0,59,0.983
2025-07-02 02:00,29.22,29.1,29.5,55,0.917
2025-07-02 03:00,29.21,29.1,29.4,52,0.867
2025-07-02 04:00,29.18,29.1,29.6,60,1.0
2025-07-02 05:00,29.14,29.1,29.3,60,1.0
2025-07-02 06:00,29.19,29.0,29.4,60,1.0
2025-07-02 07:00,29.24,29.1,29.5,60,1.0
2025-07-02 08:00,29.24,29.1,29.6,60,1.0
2025-07-02 09:00,29.27,29.1,29.7,51,0.85
2025-07-02 10:00,29.29,29.1,29.5,54,0.9
2025-07-02 11:00,29.32,29.2,29.5,60,1.0
2025-07-02 12:00,29.31,29.2,29.5,60,1.0
2025-07-02 13:00,29.35,29.2,29.6,60,1.0
2025-07-02 14:00,29.36,29.2,29.6,60,1.0
2025-07-02 15:00,29.3,29.1,29.5,60,1.0
2025-07-02 16:00,29.25,29.1,29.5,60,1.0
2025-07-02 17:00,29.25,29.1,29.5,60,1.0
2025-07-02 18:00,29.27,29.1,29.5,60,1.0
2025-07-02 19:00,29.28,29.1,29.5,60,1.0
2025-07-02 20:00,29.34,29.1,29.6,60,1.0
2025-07-02 21:00,29.26,29.1,29.5,60,1.0
2025-07-02 22:00,29.25,29.2,29.5,60,1.0
2025-07-02 23:00,29.29,29.2,29.6,60,1.0
2025-07-03 00:00,29.34,29.2,29.6,60,1.0
2025-07-03 01:00,29.3,29.2,29.5,60,1.0
2025-07-03 02:00,29.32,29.2,29.6,60,1.0
2025-07-03 03:00,29.35,29.2,29.6,60,1.0
2025-07-03 04:00,29.36,29.2,29.5,60,1.0
2025-07-03 05:00,29.36,29.2,29.6,60,1.0
2025-07-03 06:00,29.32,29.2,29.5,60,1.0
2025-07-03 07:00,29.32,29.2,29.5,60,1.0
2025-07-03 08:00,29.33,29.2,29.6,60,1.0
2025-07-03 09:00,29.4,29.2,29.6,60,1.0
2025-07-03 10:00,29.39,29.2,29.8,60,1.0
2025-07-03 11:00,29.42,29.2,29.7,60,1.0
2025-07-03 12:00,29.39,29.2,29.6,60,1.0
2025-07-03 13:00,29.35,29.2,29.7,60,1.0
2025-07-03 14:00,29.37,29.2,29.6,60,1.0
2025-07-03 15:00,29.37,29.2,29.6,60,1.0
2025-07-03 16:00,29.36,29.2,29.5,60,1.0
2025-07-03 17:00,29.27,29.2,29.6,55,0.917
2025-07-03 18:00,29.34,29.2,29.6,58,0.967
2025-07-03 19:00,29.25,29.2,29.5,59,0.983
2025-07-03 20:00,29.32,29.2,29.5,50,0.833
2025-07-03 21:00,29.34,29.2,29.6,52,0.867
2025-07-03 22:00,29.31,29.1,29.6,60,1.0
2025-07-03 23:00,29.28,29.2,29.5,60,1.0
2025-07-04 00:00,29.25,29.2,29.5,60,1.0
2025-07-04 01:00,29.26,29.2,29.5,60,1.0
2025-07-04 02:00,29.35,29.2,29.6,60,1.0
2025-07-04 03:00,29.27,29.2,29.5,60,1.0
2025-07-04 04:00,29.31,29.2,29.5,59,0.983
2025-07-04 05:00,29.38,29.2,29.5,56,0.933
2025-07-04 06:00,29.34,29.2,29.6,60,1.0
2025-07-04 07:00,29.29,29.2,29.7,60,1.0
2025-07-04 08:00,29.4,29.2,29.6,60,1.0
2025-07-04 09:00,29.38,29.2,29.8,60,1.0
2025-07-04 10:00,29.4,29.2,29.7,60,1.0
2025-07-04 11:00,29.38,29.2,29.6,60,1.0
2025-07-04 12:00,29.36,29.2,29.6,60,1.0
2025-07-04 13:00,29.37,29.2,29.6,60,1.0
2025-07-04 14:00,29.37,29.2,29.6,60,1.0
2025-07-04 15:00,29.32,29.2,29.8,60,1.0
2025-07-04 16:00,29.33,29.2,29.6,60,1.0
2025-07-04 17:00,29.32,29.2,29.6,60,1.0
2025-07-04 18:00,29.25,29.2,29.5,59,0.983
2025-07-04 19:00,29.28,29.1,29.5,60,1.0
2025-07-04 20:00,29.23,29.1,29.4,60,1.0
2025-07-04 21:00,29.31,29.1,29.6,60,1.0
2025-07-04 22:00,29.26,29.1,29.6,60,1.0
2025-07-04 23:00,29.17,29.1,29.4,60,1.0
2025-07-05 00:00,29.17,29.1,29.4,60,1.0
2025-07-05 01:00,29.21,29.1,29.6,60,1.0
2025-07-05 02:00,29.2,29.1,29.4,60,1.0
2025-07-05 03:00,29.29,29.1,29.5,32,0.533
2025-07-05 09:00,29.25,29.2,29.5,55,0.917
2025-07-05 10:00,29.21,29.1,29.4,60,1.0
2025-07-05 11:00,29.27,29.1,29.5,60,1.0
2025-07-05 12:00,29.25,29.1,29.5,60,1.0
2025-07-05 13:00,29.25,29.2,29.4,60,1.0
2025-07-05 14:00,29.24,29.1,29.4,59,0.983
2025-07-05 15:00,29.24,29.1,29.5,60,1.0
2025-07-05 16:00,29.29,29.1,29.6,60,1.0
2025-07-05 17:00,29.27,29.1,29.5,60,1.0
2025-07-05 18:00,29.21,29.1,29.4,60,1.0
2025-07-05 19:00,29.23,29.1,29.6,60,1.0
2025-07-05 20:00,29.22,29.1,29.4,60,1.0
2025-07-05 21:00,29.3,29.1,29.6,60,1.0
2025-07-05 22:00,29.25,29.1,29.6,60,1.0
2025-07-05 23:00,29.24,29.1,29.4,60,1.0
2025-07-06 00:00,29.23,29.1,29.6,60,1.0
2025-07-06 01:00,29.21,29.1,29.4,60,1.0
2025-07-06 02:00,29.24,29.1,29.4,60,1.0
2025-07-06 03:00,29.29,29.1,29.5,60,1.0
2025-07-06 04:00,29.37,29.2,29.6,58,0.967
2025-07-06 10:00,29.41,29.3,29.7,30,0.5
2025-07-06 11:00,29.5,29.4,29.7,60,1.0
2025-07-06 12:00,29.51,29.4,29.8,60,1.0
2025-07-06 13:00,29.47,29.4,29.7,60,1.0
2025-07-06 14:00,29.48,29.4,29.8,55,0.917
2025-07-06 15:00,29.59,29.4,29.8,54,0.9
2025-07-06 16:00,29.49,29.4,29.8,55,0.917
2025-07-06 17:00,29.58,29.4,30.0,48,0.8
2025-07-06 18:00,32.9,29.9,34.0,58,0.967
2025-07-06 19:00,32.05,25.0,33.9,60,1.0
2025-07-06 20:00,31.81,25.2,33.8,60,1.0
2025-07-06 21:00,30.38,25.2,33.3,60,1.0
2025-07-06 22:00,29.75,24.7,32.6,60,1.0
2025-07-06 23:00,29.43,24.0,32.2,60,1.0
2025-07-07 00:00,28.9,23.8,32.0,60,1.0
2025-07-07 01:00,27.47,24.3,31.7,60,1.0
2025-07-07 02:00,26.78,24.5,29.3,60,1.0
2025-07-07 03:00,26.26,23.2,28.9,60,1.0
2025-07-07 04:00,24.82,22.8,28.4,60,1.0
2025-07-07 05:00,23.76,23.0,24.6,60,1.0
2025-07-07 06:00,22.98,21.7,23.6,60,1.0
2025-07-07 07:00,22.37,21.5,23.0,60,1.0
2025-07-07 08:00,21.61,20.9,22.3,59,0.983
2025-07-07 09:00,21.46,20.9,22.1,60,1.0
2025-07-07 10:00,21.48,20.5,22.1,60,1.0
2025-07-07 11:00,20.63,20.0,21.6,60,1.0
2025-07-07 12:00,20.21,19.5,20.9,60,1.0
2025-07-07 13:00,19.77,19.1,20.3,60,1.0
2025-07-07 14:00,19.36,18.4,20.0,60,1.0
2025-07-07 15:00,19.09,18.3,20.0,60,1.0
2025-07-07 16:00,18.76,18.1,19.4,60,1.0
2025-07-07 17:00,18.66,17.9,19.5,60,1.0
2025-07-07 18:00,18.46,17.6,19.1,60,1.0
2025-07-07 19:00,17.79,17.1,18.8,60,1.0
2025-07-07 20:00,17.24,16.7,18.0,60,1.0
2025-07-07 21:00,17.28,16.5,18.1,60,1.0
2025-07-07 22:00,17.07,16.3,17.6,60,1.0
2025-07-07 23:00,16.74,16.0,17.3,60,1.0
2025-07-08 00:00,16.55,15.8,17.2,60,1.0
2025-07-08 01:00,16.24,15.8,16.9,60,1.0
2025-07-08 02:00,16.1,15.5,16.7,60,1.0
2025-07-08 03:00,16.14,15.5,16.7,59,0.983
2025-07-08 04:00,15.97,15.3,16.4,42,0.7
2025-07-08 05:00,15.59,15.1,16.1,56,0.933
2025-07-08 06:00,15.59,15.1,16.0,48,0.8
2025-07-08 07:00,15.51,15.0,16.0,60,1.0
2025-07-08 08:00,15.28,14.9,15.7,60,1.0
2025-07-08 09:00,15.1,14.1,15.7,60,1.0
2025-07-08 10:00,14.58,14.2,15.3,60,1.0
2025-07-08 11:00,14.65,14.1,15.1,60,1.0
2025-07-08 12:00,14.66,14.1,15.2,60,1.0
2025-07-08 13:00,14.02,13.5,14.7,60,1.0
2025-07-08 14:00,14.24,13.5,14.7,60,1.0
2025-07-08 15:00,14.16,13.7,14.8,60,1.0
2025-07-08 16:00,13.86,13.1,14.3,60,1.0
2025-07-08 17:00,13.5,13.0,14.1,60,1.0
2025-07-08 18:00,13.5,13.2,13.9,60,1.0
2025-07-08 19:00,13.52,13.2,14.0,60,1.0
2025-07-08 20:00,13.54,12.9,14.0,60,1.0
2025-07-08 21:00,12.84,12.4,13.3,60,1.0
2025-07-08 22:00,12.8,12.4,13.2,60,1.0
2025-07-08 23:00,12.63,12.1,13.1,60,1.0
2025-07-09 00:00,13.01,12.6,13.4,60,1.0
2025-07-09 01:00,13.03,12.7,13.4,60,1.0
2025-07-09 02:00,12.92,12.5,13.3,60,1.0
2025-07-09 03:00,12.79,12.5,13.2,60,1.0
2025-07-09 04:00,12.75,12.4,13.1,60,1.0
2025-07-09 05:00,12.64,12.3,13.0,60,1.0
2025-07-09 06:00,12.51,12.2,12.9,60,1.0
2025-07-09 07:00,12.35,12.0,12.8,60,1.0
2025-07-09 08:00,12.25,11.9,12.6,60,1.0
2025-07-09 09:00,12.12,11.8,12.5,60,1.0
2025-07-09 10:00,11.88,11.5,12.5,60,1.0
2025-07-09 11:00,11.82,11.5,12.1,59,0.983
2025-07-09 12:00,11.44,11.0,12.2,60,1.0
2025-07-09 13:00,11.1,10.7,11.5,60,1.0
2025-07-09 14:00,10.96,10.6,11.3,60,1.0
2025-07-09 15:00,10.72,10.4,11.1,60,1.0
2025-07-09 16:00,10.77,10.4,11.2,60,1.0
2025-07-09 17:00,10.92,10.6,11.3,60,1.0
2025-07-09 18:00,10.85,10.4,11.1,54,0.9
2025-07-09 19:00,10.57,10.2,11.1,47,0.783
2025-07-09 20:00,10.28,9.7,11.0,54,0.9
2025-07-09 21:00,10.27,9.9,10.6,58,0.967
2025-07-09 22:00,10.21,9.8,10.7,60,1.0
2025-07-09 23:00,9.91,9.5,10.4,60,1.0
2025-07-10 00:00,9.56,9.2,9.9,60,1.0
2025-07-10 01:00,9.4,9.0,9.8,60,1.0
2025-07-10 02:00,9.4,9.1,9.7,60,1.0
2025-07-10 03:00,9.21,8.8,9.6,60,1.0
2025-07-10 04:00,9.2,8.8,9.7,60,1.0
2025-07-10 05:00,9.0,8.6,9.3,60,1.0
2025-07-10 06:00,8.86,8.5,9.2,60,1.0
2025-07-10 07:00,8.83,8.4,9.2,60,1.0
2025-07-10 08:00,8.7,8.3,9.2,60,1.0
2025-07-10 09:00,8.65,8.3,9.1,60,1.0
2025-07-10 10:00,8.78,8.4,9.1,60,1.0
2025-07-10 11:00,8.79,8.4,9.1,60,1.0
2025-07-10 12:00,8.8,8.5,9.2,60,1.0
2025-07-10 13:00,8.62,8.2,9.1,60,1.0
2025-07-10 14:00,8.62,8.4,9.0,60,1.0
2025-07-10 15:00,8.65,8.3,9.1,60,1.0
2025-07-10 16:00,8.58,8.2,8.9,60,1.0
2025-07-10 17:00,8.49,8.1,8.9,60,1.0
2025-07-10 18:00,8.53,8.2,8.9,60,1.0
2025-07-10 19:00,8.6,8.2,9.0,60,1.0
2025-07-10 20:00,8.74,8.4,9.1,60,1.0
2025-07-10 21:00,8.67,8.2,9.0,60,1.0
2025-07-10 22:00,8.97,8.6,9.3,60,1.0
2025-07-10 23:00,8.41,8.0,8.9,60,1.0
2025-07-11 00:00,8.48,8.1,8.9,60,1.0
2025-07-11 01:00,8.67,8.4,9.1,60,1.0
2025-07-11 02:00,8.75,8.4,9.1,60,1.0
2025-07-11 03:00,8.82,8.4,9.2,60,1.0
2025-07-11 04:00,8.62,8.1,8.9,60,1.0
2025-07-11 05:00,8.85,8.5,9.1,60,1.0
2025-07-11 06:00,8.94,8.6,9.3,60,1.0
2025-07-11 07:00,8.69,8.3,9.0,60,1.0
2025-07-11 08:00,8.65,8.3,9.0,60,1.0
2025-07-11 09:00,8.59,8.1,9.0,60,1.0
2025-07-11 10:00,8.73,8.3,9.1,60,1.0
2025-07-11 11:00,8.57,8.2,9.0,60,1.0
2025-07-11 12:00,8.68,8.3,9.1,59,0.983
2025-07-11 13:00,8.78,8.5,9.2,60,1.0
2025-07-11 14:00,9.0,8.5,9.5,60,1.0
2025-07-11 15:00,8.95,8.6,9.3,60,1.0
2025-07-11 16:00,9.02,8.6,9.3,60,1.0
2025-07-11 17:00,8.98,8.6,9.4,51,0.85
2025-07-11 18:00,8.95,8.6,9.3,54,0.9
2025-07-11 19:00,8.97,8.6,9.2,60,1.0
2025-07-11 20:00,8.94,8.6,9.4,60,1.0
2025-07-11 21:00,9.19,8.9,9.6,60,1.0
2025-07-11 22:00,9.23,8.8,9.6,60,1.0
2025-07-11 23:00,9.09,8.7,9.4,60,1.0
2025-07-12 00:00,9.26,8.9,9.6,60,1.0
2025-07-12 01:00,9.42,9.1,9.8,60,1.0
2025-07-12 02:00,9.52,9.2,10.0,60,1.0
2025-07-12 03:00,9.71,9.4,10.1,60,1.0
2025-07-12 04:00,9.82,9.5,10.2,60,1.0
2025-07-12 05:00,9.94,9.6,10.2,60,1.0
2025-07-12 06:00,10.12,9.8,10.4,60,1.0
2025-07-12 07:00,10.29,10.0,10.6,60,1.0
2025-07-12 08:00,10.46,10.2,10.8,60,1.0
2025-07-12 09:00,10.58,10.2,11.1,60,1.0
2025-07-12 10:00,10.71,10.4,11.1,60,1.0
2025-07-12 11:00,10.76,10.5,11.1,60,1.0
2025-07-12 12:00,10.86,10.6,11.2,59,0.983
2025-07-12 13:00,10.96,10.7,11.2,60,1.0
2025-07-12 14:00,11.05,10.8,11.4,60,1.0
2025-07-12 15:00,11.14,10.8,11.4,60,1.0
2025-07-12 16:00,11.14,10.9,11.4,60,1.0
2025-07-12 17:00,11.22,11.0,11.6,58,0.967
2025-07-12 18:00,11.27,11.0,11.6,59,0.983
2025-07-12 19:00,11.33,11.1,11.7,59,0.983
2025-07-12 20:00,11.41,11.1,11.7,60,1.0
2025-07-12 21:00,11.48,11.2,11.8,60,1.0
2025-07-12 22:00,11.5,11.2,11.8,58,0.967
2025-07-12 23:00,11.51,11.2,11.8,59,0.983
2025-07-13 00:00,11.58,11.3,11.8,59,0.983
2025-07-13 01:00,11.38,10.8,11.7,60,1.0
2025-07-13 02:00,11.47,11.1,11.8,60,1.0
2025-07-13 03:00,11.32,10.8,11.7,60,1.0
2025-07-13 04:00,11.31,11.0,11.8,60,1.0
2025-07-13 05:00,11.59,11.0,11.9,59,0.983
2025-07-13 06:00,11.61,11.2,12.1,60,1.0
2025-07-13 07:00,11.71,11.3,12.1,60,1.0
2025-07-13 08:00,11.77,11.4,12.2,60,1.0
2025-07-13 09:00,11.71,11.3,12.1,59,0.983
2025-07-13 10:00,11.62,11.3,12.0,60,1.0
2025-07-13 11:00,11.78,11.4,12.2,60,1.0
2025-07-13 12:00,11.44,11.1,12.0,60,1.0
2025-07-13 13:00,11.73,11.2,12.0,60,1.0
2025-07-13 14:00,11.82,11.4,12.2,60,1.0
2025-07-13 15:00,11.85,11.5,12.2,60,1.0
2025-07-13 16:00,11.85,11.5,12.2,59,0.983
2025-07-13 17:00,11.87,11.5,12.2,60,1.0
2025-07-13 18:00,12.05,11.7,12.5,60,1.0
2025-07-13 19:00,11.94,11.4,12.4,60,1.0
2025-07-13 20:00,12.02,11.5,12.6,60,1.0
2025-07-13 21:00,11.68,11.4,12.1,60,1.0
2025-07-13 22:00,12.01,11.5,12.5,60,1.0
2025-07-13 23:00,12.07,11.4,12.5,60,1.0
2025-07-14 00:00,11.94,11.6,12.3,60,1.0
2025-07-14 01:00,12.16,11.7,12.5,48,0.8
2025-07-14 02:00,12.22,11.8,12.9,56,0.933
2025-07-14 03:00,12.13,11.6,12.6,60,1.0
2025-07-14 04:00,12.28,11.9,12.7,60,1.0
2025-07-14 05:00,12.27,11.9,12.7,60,1.0
2025-07-14 06:00,12.3,12.0,12.6,60,1.0
2025-07-14 07:00,12.22,11.9,12.7,60,1.0
2025-07-14 08:00,12.28,11.8,12.7,60,1.0
2025-07-14 09:00,12.45,12.1,12.8,60,1.0
2025-07-14 10:00,12.47,12.0,12.9,60,1.0
2025-07-14 11:00,12.41,12.0,12.8,60,1.0
2025-07-14 12:00,12.3,12.0,12.6,60,1.0
2025-07-14 13:00,12.36,12.1,12.7,60,1.0
2025-07-14 14:00,12.51,12.1,12.9,60,1.0
2025-07-14 15:00,12.53,12.2,12.8,60,1.0
2025-07-14 16:00,12.62,12.2,12.9,60,1.0
2025-07-14 17:00,12.65,12.4,13.0,60,1.0
2025-07-14 18:00,12.66,12.3,12.9,60,1.0
2025-07-14 19:00,12.72,12.4,13.0,60,1.0
2025-07-14 20:00,12.69,12.1,13.1,60,1.0
2025-07-14 21:00,12.8,12.4,13.2,60,1.0
2025-07-14 22:00,12.78,12.5,13.2,60,1.0
2025-07-14 23:00,12.72,12.3,13.1,60,1.0
2025-07-15 00:00,12.76,12.4,13.1,59,0.983
2025-07-15 01:00,12.79,12.5,13.2,60,1.0
2025-07-15 02:00,12.78,12.4,13.1,60,1.0
2025-07-15 03:00,12.64,12.3,13.0,60,1.0
2025-07-15 04:00,12.65,12.3,13.0,60,1.0
2025-07-15 05:00,12.86,12.5,13.3,60,1.0
2025-07-15 06:00,12.86,12.6,13.2,60,1.0
2025-07-15 07:00,12.88,12.4,13.2,60,1.0
2025-07-15 08:00,12.88,12.6,13.3,60,1.0
2025-07-15 09:00,13.0,12.7,13.3,60,1.0
2025-07-15 10:00,12.91,12.6,13.2,60,1.0
2025-07-15 11:00,12.98,12.6,13.3,60,1.0
2025-07-15 12:00,13.04,12.8,13.5,60,1.0
2025-07-15 13:00,12.94,12.7,13.2,60,1.0
2025-07-15 14:00,12.99,12.7,13.3,60,1.0
2025-07-15 15:00,12.97,12.7,13.3,60,1.0
2025-07-15 16:00,12.92,12.6,13.3,60,1.0
2025-07-15 17:00,13.03,12.6,13.3,60,1.0
2025-07-15 18:00,13.03,12.6,13.4,60,1.0
2025-07-15 19:00,13.01,12.6,13.3,60,1.0
2025-07-15 20:00,12.97,12.6,13.3,58,0.967
2025-07-15 21:00,12.97,12.7,13.3,60,1.0
2025-07-15 22:00,12.97,12.7,13.3,60,1.0
2025-07-15 23:00,12.98,12.6,13.3,60,1.0
2025-07-16 00:00,12.86,12.5,13.3,60,1.0
2025-07-16 01:00,12.99,12.6,13.3,60,1.0
2025-07-16 02:00,12.94,12.6,13.3,60,1.0
2025-07-16 03:00,12.93,12.5,13.2,35,0.583
2025-07-16 08:00,13.08,12.8,13.4,46,0.767
2025-07-16 09:00,13.03,12.7,13.3,59,0.983
2025-07-16 10:00,13.13,12.8,13.5,60,1.0
2025-07-16 11:00,13.24,13.0,13.6,60,1.0
2025-07-16 12:00,13.2,12.9,13.6,60,1.0
2025-07-16 13:00,13.22,12.9,13.5,60,1.0
2025-07-16 14:00,13.18,12.9,13.5,60,1.0
2025-07-16 15:00,13.17,12.9,13.5,60,1.0
2025-07-16 16:00,13.24,12.9,13.6,60,1.0
2025-07-16 17:00,13.29,12.9,13.6,60,1.0
2025-07-16 18:00,13.26,12.9,13.6,60,1.0
2025-07-16 19:00,13.08,12.7,13.4,60,1.0
2025-07-16 20:00,13.12,12.8,13.6,54,0.9
2025-07-16 21:00,13.15,12.8,13.5,58,0.967
2025-07-16 22:00,13.19,12.9,13.6,49,0.817
2025-07-16 23:00,13.2,12.8,13.5,60,1.0
2025-07-17 00:00,13.11,12.8,13.4,60,1.0
2025-07-17 01:00,13.02,12.6,13.4,60,1.0
2025-07-17 02:00,13.19,12.8,13.6,60,1.0
2025-07-17 03:00,13.21,12.9,13.6,60,1.0
2025-07-17 04:00,13.23,12.9,13.6,60,1.0
2025-07-17 05:00,13.18,12.9,13.5,60,1.0
2025-07-17 06:00,13.21,12.9,13.5,60,1.0
2025-07-17 07:00,13.16,12.9,13.6,60,1.0
2025-07-17 08:00,13.24,12.8,13.6,60,1.0
2025-07-17 09:00,13.37,13.0,13.6,60,1.0
2025-07-17 10:00,13.4,13.1,13.7,60,1.0
2025-07-17 11:00,13.41,13.1,13.7,60,1.0
2025-07-17 12:00,13.34,13.0,13.7,60,1.0
2025-07-17 13:00,13.26,12.9,13.6,60,1.0
2025-07-17 14:00,13.31,13.0,13.7,60,1.0
2025-07-17 15:00,13.39,13.0,14.1,60,1.0
2025-07-17 16:00,13.23,12.9,13.6,60,1.0
2025-07-17 17:00,13.3,13.0,13.7,60,1.0
2025-07-17 18:00,13.39,13.0,14.0,60,1.0
2025-07-17 19:00,13.4,13.1,13.7,60,1.0
2025-07-17 20:00,13.39,13.0,13.8,60,1.0
2025-07-17 21:00,13.42,13.0,14.0,60,1.0
2025-07-17 22:00,13.47,13.1,13.8,60,1.0
2025-07-17 23:00,13.42,13.1,13.7,60,1.0
2025-07-18 00:00,13.44,13.1,13.8,60,1.0
2025-07-18 01:00,13.44,13.1,13.8,60,1.0
2025-07-18 02:00,13.5,13.2,13.8,60,1.0
2025-07-18 03:00,13.6,13.2,13.8,60,1.0
2025-07-18 04:00,13.56,13.2,13.9,60,1.0
2025-07-18 05:00,13.57,13.2,13.9,60,1.0
2025-07-18 06:00,13.57,13.2,14.1,60,1.0
2025-07-18 07:00,13.58,13.3,13.9,60,1.0
2025-07-18 08:00,13.57,13.2,14.0,60,1.0
2025-07-18 09:00,13.46,13.1,13.8,60,1.0
2025-07-18 10:00,13.51,13.2,14.4,60,1.0
2025-07-18 11:00,13.49,13.2,13.9,60,1.0
2025-07-18 12:00,13.59,13.3,13.9,60,1.0
2025-07-18 13:00,13.6,13.3,13.9,60,1.0
2025-07-18 14:00,13.63,13.3,14.1,60,1.0
2025-07-18 15:00,13.6,13.3,13.9,60,1.0
2025-07-18 16:00,13.64,13.4,14.0,60,1.0
2025-07-18 17:00,13.66,13.3,14.0,60,1.0
2025-07-18 18:00,13.68,13.4,13.9,51,0.85
2025-07-18 19:00,13.55,13.3,14.1,48,0.8
2025-07-18 20:00,13.57,13.3,13.9,48,0.8
2025-07-18 21:00,13.69,13.3,14.1,60,1.0
2025-07-18 22:00,13.65,13.3,14.1,50,0.833
2025-07-18 23:00,13.76,13.3,14.2,56,0.933
2025-07-19 00:00,13.96,13.5,14.4,60,1.0
2025-07-19 01:00,13.98,13.5,14.4,60,1.0
2025-07-19 02:00,14.06,13.8,14.5,60,1.0
2025-07-19 03:00,14.04,13.7,14.5,59,0.983
2025-07-19 04:00,13.98,13.6,14.5,60,1.0
2025-07-19 05:00,14.17,13.7,14.6,60,1.0
2025-07-19 06:00,14.24,13.8,14.7,60,1.0
2025-07-19 07:00,14.19,13.8,14.7,60,1.0
2025-07-19 08:00,14.14,13.9,14.5,60,1.0
2025-07-19 09:00,14.28,13.9,14.7,60,1.0
2025-07-19 10:00,14.27,14.0,14.5,60,1.0
2025-07-19 11:00,14.26,13.9,14.7,59,0.983
2025-07-19 12:00,14.31,13.9,14.6,60,1.0
2025-07-19 13:00,14.3,14.0,14.6,60,1.0
2025-07-19 14:00,14.35,14.0,14.6,59,0.983
2025-07-19 15:00,14.38,14.0,14.7,52,0.867
2025-07-19 16:00,14.31,14.0,14.7,54,0.9
2025-07-19 17:00,14.28,14.0,14.6,60,1.0
2025-07-19 18:00,14.37,14.1,14.6,54,0.9
2025-07-19 19:00,14.39,14.1,14.7,52,0.867
2025-07-19 20:00,14.42,14.1,14.9,55,0.917
2025-07-19 21:00,14.42,14.1,14.8,43,0.717
2025-07-19 22:00,14.43,14.1,14.7,51,0.85
2025-07-19 23:00,14.45,14.1,14.9,57,0.95
2025-07-20 00:00,14.42,14.1,14.6,60,1.0
2025-07-20 01:00,14.5,14.2,14.9,60,1.0
2025-07-20 02:00,14.5,14.2,14.8,56,0.933
2025-07-20 03:00,14.51,14.2,14.7,54,0.9
2025-07-20 04:00,14.45,14.1,14.8,52,0.867
2025-07-20 05:00,14.47,14.2,14.8,59,0.983
2025-07-20 06:00,14.53,14.2,14.9,58,0.967
2025-07-20 07:00,14.45,14.1,14.7,46,0.767
2025-07-20 08:00,14.49,14.1,15.0,60,1.0
2025-07-20 09:00,14.42,14.1,14.7,60,1.0
2025-07-20 10:00,14.46,14.1,14.9,60,1.0
2025-07-20 11:00,14.62,14.3,15.0,60,1.0
2025-07-20 12:00,14.61,14.4,15.1,60,1.0
2025-07-20 13:00,14.63,14.4,15.0,60,1.0
2025-07-20 14:00,14.67,14.4,15.0,59,0.983
2025-07-20 15:00,14.67,14.4,15.0,60,1.0
2025-07-20 16:00,14.68,14.4,15.0,60,1.0
2025-07-20 17:00,14.64,14.3,15.1,60,1.0
2025-07-20 18:00,14.63,14.2,15.0,60,1.0
2025-07-20 19:00,14.68,14.3,15.0,60,1.0
2025-07-20 20:00,14.66,14.4,14.9,60,1.0
2025-07-20 21:00,14.68,14.3,15.1,60,1.0
2025-07-20 22:00,14.67,14.4,15.4,60,1.0
2025-07-20 23:00,14.72,14.4,15.0,60,1.0
2025-07-21 00:00,14.81,14.5,15.1,60,1.0
2025-07-21 01:00,14.77,14.4,15.1,60,1.0
2025-07-21 02:00,14.87,14.6,15.2,60,1.0
2025-07-21 03:00,14.92,14.5,15.2,60,1.0
2025-07-21 04:00,14.83,14.4,15.2,60,1.0
2025-07-21 05:00,14.9,14.6,15.4,60,1.0
2025-07-21 06:00,14.9,14.6,15.2,60,1.0
2025-07-21 07:00,14.92,14.6,15.2,60,1.0
2025-07-21 08:00,14.91,14.6,15.3,60,1.0
2025-07-21 09:00,14.86,14.5,15.4,60,1.0
2025-07-21 10:00,14.97,14.6,15.3,60,1.0
2025-07-21 11:00,14.98,14.7,15.3,60,1.0
2025-07-21 12:00,15.0,14.6,15.5,60,1.0
2025-07-21 13:00,14.87,14.6,15.3,60,1.0
2025-07-21 14:00,15.0,14.7,15.8,60,1.0
2025-07-21 15:00,14.91,14.6,15.4,60,1.0
2025-07-21 16:00,15.06,14.7,15.4,60,1.0
2025-07-21 17:00,15.12,14.8,15.4,60,1.0
2025-07-21 18:00,15.09,14.8,15.3,60,1.0
2025-07-21 19:00,15.08,14.7,15.4,60,1.0
2025-07-21 20:00,15.05,14.8,15.4,59,0.983
2025-07-21 21:00,15.15,14.8,15.4,60,1.0
2025-07-21 22:00,15.11,14.8,15.4,60,1.0
2025-07-21 23:00,15.07,14.7,15.4,60,1.0
2025-07-22 00:00,15.07,14.8,15.4,60,1.0
2025-07-22 01:00,15.08,14.8,15.4,60,1.0
2025-07-22 02:00,15.09,14.6,15.4,60,1.0
2025-07-22 03:00,15.01,14.7,15.6,60,1.0
2025-07-22 04:00,15.04,14.7,15.7,60,1.0
2025-07-22 05:00,15.0,14.6,15.4,60,1.0
2025-07-22 06:00,15.08,14.7,15.4,60,1.0
2025-07-22 07:00,15.11,14.7,15.5,58,0.967
2025-07-22 08:00,15.11,14.8,15.4,48,0.8
2025-07-22 09:00,15.08,14.8,15.4,57,0.95
2025-07-22 10:00,15.15,14.9,15.5,45,0.75
2025-07-22 11:00,15.17,14.9,15.4,55,0.917
2025-07-22 12:00,15.12,14.8,15.4,60,1.0
2025-07-22 13:00,15.13,14.8,15.5,60,1.0
2025-07-22 14:00,15.15,14.8,15.5,60,1.0
2025-07-22 15:00,15.15,14.8,15.5,60,1.0
2025-07-22 16:00,15.09,14.8,15.4,60,1.0
2025-07-22 17:00,15.15,14.8,15.5,60,1.0
2025-07-22 18:00,15.1,14.8,15.4,60,1.0
2025-07-22 19:00,15.11,14.8,15.5,60,1.0
2025-07-22 20:00,15.1,14.8,15.4,60,1.0
2025-07-22 21:00,15.1,14.8,15.4,60,1.0
2025-07-22 22:00,15.08,14.8,15.4,60,1.0
2025-07-22 23:00,15.08,14.7,15.4,59,0.983
2025-07-23 00:00,15.09,14.8,15.4,59,0.983
2025-07-23 01:00,15.1,14.8,15.4,60,1.0
2025-07-23 02:00,15.02,14.7,15.3,60,1.0
2025-07-23 03:00,15.02,14.8,15.3,60,1.0
2025-07-23 04:00,15.06,14.8,15.4,60,1.0
2025-07-23 05:00,15.06,14.7,15.4,60,1.0
2025-07-23 06:00,15.09,14.8,15.4,60,1.0
2025-07-23 07:00,15.05,14.7,15.4,60,1.0
2025-07-23 08:00,15.04,14.8,15.5,60,1.0
2025-07-23 09:00,15.1,14.8,15.4,60,1.0
2025-07-23 10:00,15.05,14.7,15.4,60,1.0
2025-07-23 11:00,14.98,14.7,15.3,60,1.0
2025-07-23 12:00,15.05,14.7,15.4,60,1.0
2025-07-23 13:00,15.0,14.7,15.4,60,1.0
2025-07-23 14:00,14.99,14.7,15.3,60,1.0
2025-07-23 15:00,14.99,14.7,15.3,60,1.0
2025-07-23 16:00,14.89,14.6,15.2,60,1.0
2025-07-23 17:00,14.76,14.3,15.3,60,1.0
2025-07-23 18:00,14.86,14.5,15.2,60,1.0
2025-07-23 19:00,14.63,14.3,15.0,60,1.0
2025-07-23 20:00,14.59,14.2,15.0,60,1.0
2025-07-23 21:00,14.61,14.2,15.1,60,1.0
2025-07-23 22:00,14.62,14.1,15.0,60,1.0
2025-07-23 23:00,14.13,13.6,14.8,60,1.0
2025-07-24 00:00,13.89,13.6,14.2,60,1.0
2025-07-24 01:00,13.84,13.4,14.3,60,1.0
2025-07-24 02:00,13.8,13.5,14.2,60,1.0
2025-07-24 03:00,13.95,13.5,14.5,60,1.0
2025-07-24 04:00,14.0,13.6,14.7,60,1.0
2025-07-24 05:00,14.03,13.7,14.3,60,1.0
2025-07-24 06:00,14.16,13.8,14.5,60,1.0
2025-07-24 07:00,14.23,13.8,14.7,60,1.0
2025-07-24 08:00,14.33,13.9,14.9,60,1.0
2025-07-24 09:00,14.33,14.0,14.9,60,1.0
2025-07-24 10:00,14.4,14.1,14.7,60,1.0
2025-07-24 11:00,14.43,14.1,14.7,60,1.0
2025-07-24 12:00,14.57,14.2,14.9,60,1.0
2025-07-24 13:00,14.65,14.3,14.9,60,1.0
2025-07-24 14:00,14.7,14.4,15.1,60,1.0
2025-07-24 15:00,14.77,14.4,15.1,60,1.0
2025-07-24 16:00,14.95,14.6,15.3,60,1.0
2025-07-24 17:00,15.01,14.7,15.4,60,1.0
2025-07-24 18:00,15.04,14.8,15.4,60,1.0
2025-07-24 19:00,15.13,14.8,15.4,60,1.0
2025-07-24 20:00,15.25,15.0,15.6,60,1.0
2025-07-24 21:00,15.3,15.0,15.6,60,1.0
2025-07-24 22:00,15.44,15.1,15.7,59,0.983
2025-07-24 23:00,15.46,15.1,15.8,60,1.0
2025-07-25 00:00,15.54,15.2,15.8,60,1.0
2025-07-25 01:00,15.44,15.1,15.8,60,1.0
2025-07-25 02:00,15.5,15.2,15.8,55,0.917
2025-07-25 03:00,15.59,15.3,15.9,45,0.75
2025-07-25 04:00,15.65,15.3,16.0,58,0.967
2025-07-25 05:00,15.77,15.4,16.1,45,0.75
2025-07-25 06:00,15.9,15.6,16.2,46,0.767
2025-07-25 07:00,15.98,15.6,16.3,53,0.883
2025-07-25 08:00,16.08,15.7,16.3,60,1.0
2025-07-25 09:00,16.13,15.8,16.5,59,0.983
2025-07-25 10:00,16.27,15.9,16.6,60,1.0
2025-07-25 11:00,16.31,16.0,16.6,60,1.0
2025-07-25 12:00,16.39,16.1,17.0,59,0.983
2025-07-25 13:00,16.65,16.1,17.1,60,1.0
2025-07-25 14:00,16.88,16.6,17.3,60,1.0
2025-07-25 15:00,16.96,16.7,17.3,60,1.0
2025-07-25 16:00,17.07,16.8,17.4,60,1.0
2025-07-25 17:00,17.21,16.9,17.5,60,1.0
2025-07-25 18:00,17.33,17.0,17.6,60,1.0
2025-07-25 19:00,17.38,17.0,17.7,60,1.0
2025-07-25 20:00,17.52,17.2,17.8,60,1.0
2025-07-25 21:00,17.61,17.3,17.9,60,1.0
2025-07-25 22:00,17.67,17.3,18.0,60,1.0
2025-07-25 23:00,17.78,17.4,18.2,60,1.0
2025-07-26 00:00,17.91,17.6,18.3,60,1.0
2025-07-26 01:00,18.0,17.7,18.3,60,1.0
2025-07-26 02:00,18.11,17.8,18.6,60,1.0
2025-07-26 03:00,18.25,17.8,18.6,60,1.0
2025-07-26 04:00,18.31,17.9,18.7,60,1.0
2025-07-26 05:00,18.4,17.9,18.9,60,1.0
2025-07-26 06:00,18.47,18.2,18.9,60,1.0
2025-07-26 07:00,18.67,18.2,19.0,60,1.0
2025-07-26 08:00,18.76,18.4,19.1,60,1.0
2025-07-26 09:00,18.87,18.5,19.2,60,1.0
2025-07-26 10:00,18.93,18.6,19.3,60,1.0
2025-07-26 11:00,19.05,18.6,19.4,60,1.0
2025-07-26 12:00,19.19,18.8,19.6,49,0.817
2025-07-26 13:00,19.38,18.7,25.5,52,0.867
2025-07-26 14:00,19.44,19.1,19.8,60,1.0
2025-07-26 15:00,19.5,19.0,19.9,60,1.0
2025-07-26 16:00,19.73,19.3,20.2,60,1.0
2025-07-26 17:00,19.71,19.3,20.2,59,0.983
2025-07-26 18:00,19.9,19.4,20.3,60,1.0
2025-07-26 19:00,19.82,19.4,20.2,58,0.967
2025-07-26 20:00,19.99,19.6,20.4,60,1.0
2025-07-26 21:00,20.14,19.7,20.6,60,1.0
2025-07-26 22:00,20.36,20.0,20.8,60,1.0
2025-07-26 23:00,20.5,19.9,21.0,60,1.0
2025-07-27 00:00,20.7,20.3,21.1,59,0.983
2025-07-27 01:00,20.82,20.3,21.3,58,0.967
2025-07-27 02:00,20.95,20.6,21.4,60,1.0
2025-07-27 03:00,21.19,20.8,21.6,59,0.983
2025-07-27 04:00,21.24,20.8,21.7,59,0.983
2025-07-27 05:00,21.42,21.0,21.9,60,1.0
2025-07-27 06:00,21.68,21.2,22.2,60,1.0
2025-07-27 07:00,21.75,21.3,22.2,60,1.0
2025-07-27 08:00,21.87,21.4,22.4,59,0.983
2025-07-27 09:00,22.15,21.7,22.8,59,0.983
2025-07-27 10:00,22.49,22.0,23.1,60,1.0
2025-07-27 11:00,22.69,22.1,23.3,60,1.0
2025-07-27 12:00,22.94,22.3,23.7,60,1.0
2025-07-27 13:00,22.93,22.3,23.5,60,1.0
2025-07-27 14:00,23.19,22.7,23.8,60,1.0
2025-07-27 15:00,23.35,22.9,23.9,59,0.983
2025-07-27 16:00,23.58,23.0,24.0,60,1.0
2025-07-27 17:00,23.78,23.3,24.3,60,1.0
2025-07-27 18:00,23.98,23.6,24.5,60,1.0
2025-07-27 19:00,24.12,23.6,24.6,59,0.983
2025-07-27 20:00,24.36,23.8,24.8,60,1.0
2025-07-27 21:00,24.57,24.2,25.0,60,1.0
2025-07-27 22:00,24.74,24.3,25.1,60,1.0
2025-07-27 23:00,24.8,24.4,25.2,60,1.0
2025-07-28 00:00,24.98,24.5,25.4,60,1.0
2025-07-28 01:00,25.14,24.7,25.7,60,1.0
2025-07-28 02:00,25.55,25.1,26.0,60,1.0
2025-07-28 03:00,25.82,25.3,26.2,60,1.0
2025-07-28 04:00,26.01,25.6,26.4,60,1.0
2025-07-28 05:00,26.08,25.6,26.5,60,1.0
2025-07-28 06:00,26.18,25.8,26.8,60,1.0
2025-07-28 07:00,26.3,25.9,26.9,60,1.0
2025-07-28 08:00,26.46,26.0,26.8,60,1.0
2025-07-28 09:00,26.65,26.3,27.2,60,1.0
2025-07-28 10:00,26.74,26.2,27.1,60,1.0
2025-07-28 11:00,26.88,26.5,27.3,60,1.0
2025-07-28 12:00,27.02,26.7,27.5,60,1.0
2025-07-28 13:00,27.22,26.9,27.5,60,1.0
2025-07-28 14:00,27.4,27.0,27.7,60,1.0
2025-07-28 15:00,27.4,25.3,30.7,60,1.0
2025-07-28 16:00,28.36,25.9,31.1,60,1.0
2025-07-28 17:00,28.7,26.6,30.9,60,1.0
2025-07-28 18:00,29.31,27.0,31.2,60,1.0
2025-07-28 19:00,29.52,27.2,31.5,60,1.0
2025-07-28 20:00,29.49,27.6,31.5,60,1.0
2025-07-28 21:00,29.86,27.8,31.6,60,1.0
2025-07-28 22:00,29.7,28.1,31.6,60,1.0
2025-07-28 23:00,29.97,28.3,32.9,59,0.983
2025-07-29 00:00,29.42,26.4,31.4,17,0.283
2025-08-09 09:00,30.45,30.4,30.5,2,0.033
2025-08-09 10:00,30.4,30.2,30.6,60,1.0
2025-08-09 11:00,30.37,30.2,30.6,60,1.0
2025-08-09 12:00,30.38,30.2,30.7,60,1.0
2025-08-09 13:00,30.44,30.2,30.7,60,1.0
2025-08-09 14:00,30.35,30.2,30.5,60,1.0
2025-08-09 15:00,30.38,30.3,30.7,60,1.0
2025-08-09 16:00,30.63,30.4,30.8,60,1.0
2025-08-09 17:00,30.73,30.6,30.9,60,1.0
2025-08-09 18:00,30.77,30.5,30.9,60,1.0
2025-08-09 19:00,30.63,30.5,30.9,60,1.0
2025-08-09 20:00,30.71,30.5,30.9,60,1.0
2025-08-09 21:00,30.67,30.5,30.9,59,0.983
2025-08-09 22:00,30.56,30.4,30.9,60,1.0
2025-08-09 23:00,30.53,30.4,30.7,60,1.0
2025-08-10 00:00,30.58,30.5,30.8,60,1.0
2025-08-10 01:00,30.64,30.5,30.9,59,0.983
2025-08-10 02:00,30.75,30.5,31.0,60,1.0
2025-08-10 03:00,30.68,30.5,31.1,59,0.983
2025-08-10 04:00,30.62,30.5,30.7,60,1.0
2025-08-10 05:00,30.65,30.6,30.8,60,1.0
2025-08-10 06:00,30.69,30.6,30.9,59,0.983
2025-08-10 07:00,30.76,30.6,31.0,60,1.0
2025-08-10 08:00,30.79,30.6,31.0,60,1.0
2025-08-10 09:00,30.8,30.6,31.0,60,1.0
2025-08-10 10:00,30.86,30.6,31.1,60,1.0
2025-08-10 11:00,30.84,30.7,31.0,60,1.0
2025-08-10 12:00,30.86,30.7,31.1,60,1.0
2025-08-10 13:00,30.86,30.7,31.1,60,1.0
2025-08-10 14:00,30.77,30.7,31.0,59,0.983
2025-08-10 15:00,30.79,30.7,31.1,55,0.917
2025-08-10 16:00,30.77,30.7,31.0,47,0.783
2025-08-10 17:00,30.84,30.7,31.1,60,1.0
2025-08-10 18:00,30.83,30.7,31.1,60,1.0
2025-08-10 19:00,30.78,30.7,31.0,60,1.0
2025-08-10 20:00,30.89,30.8,31.1,60,1.0
2025-08-10 21:00,30.92,30.7,31.1,52,0.867
2025-08-10 22:00,30.87,30.8,31.1,44,0.733
2025-08-10 23:00,30.85,30.8,31.1,46,0.767
2025-08-11 00:00,30.84,30.8,31.1,53,0.883
2025-08-11 01:00,30.85,30.8,31.0,60,1.0
2025-08-11 02:00,30.89,30.8,31.3,54,0.9
2025-08-11 03:00,30.92,30.8,31.3,60,1.0
2025-08-11 04:00,30.98,30.8,31.3,60,1.0
2025-08-11 05:00,30.99,30.8,31.2,60,1.0
2025-08-11 06:00,31.0,30.9,31.2,60,1.0
2025-08-11 07:00,30.99,30.9,31.3,60,1.0
2025-08-11 08:00,31.06,30.9,31.2,60,1.0
2025-08-11 09:00,31.01,30.9,31.3,60,1.0
2025-08-11 10:00,31.09,30.9,31.2,59,0.983
2025-08-11 11:00,31.07,30.9,31.3,60,1.0
2025-08-11 12:00,31.04,30.9,31.2,60,1.0
2025-08-11 13:00,31.06,30.9,31.3,60,1.0
2025-08-11 14:00,31.05,30.9,31.2,60,1.0
2025-08-11 15:00,31.07,30.9,31.4,60,1.0
2025-08-11 16:00,30.98,30.9,31.2,59,0.983
2025-08-11 17:00,30.92,30.9,31.1,60,1.0
2025-08-11 18:00,31.04,30.9,31.3,60,1.0
2025-08-11 19:00,31.11,30.9,31.6,60,1.0
2025-08-11 20:00,30.94,30.9,31.1,59,0.983
2025-08-11 21:00,30.99,30.8,31.2,60,1.0
2025-08-11 22:00,31.05,30.9,31.2,52,0.867
2025-08-12 01:00,30.94,30.9,31.1,16,0.267
2025-08-12 02:00,30.95,30.9,31.2,60,1.0
2025-08-12 03:00,30.96,30.9,31.1,59,0.983
2025-08-12 04:00,30.95,30.9,31.1,60,1.0
2025-08-12 05:00,30.95,30.9,31.2,59,0.983
2025-08-12 06:00,30.98,30.9,31.2,59,0.983
2025-08-12 07:00,31.02,30.9,31.3,60,1.0
2025-08-12 08:00,31.06,30.9,31.3,58,0.967
2025-08-12 09:00,30.99,30.9,31.2,60,1.0
2025-08-12 10:00,31.04,30.9,31.4,60,1.0
2025-08-12 11:00,31.06,30.9,31.4,60,1.0
2025-08-12 12:00,31.07,30.9,31.3,60,1.0
2025-08-12 13:00,31.03,30.9,31.4,60,1.0
2025-08-12 14:00,31.0,30.9,31.1,60,1.0
2025-08-12 15:00,31.06,30.9,31.3,60,1.0
2025-08-12 16:00,31.02,30.9,31.4,60,1.0
2025-08-12 17:00,31.13,30.9,31.5,60,1.0
2025-08-12 18:00,31.1,31.0,31.4,50,0.833
2025-08-12 19:00,31.12,31.0,31.4,60,1.0
2025-08-12 20:00,31.11,31.0,31.3,56,0.933
2025-08-12 21:00,31.15,30.9,31.4,57,0.95
2025-08-12 22:00,31.08,30.9,31.4,45,0.75
2025-08-12 23:00,31.16,31.0,31.4,48,0.8
2025-08-13 00:00,31.14,31.0,31.5,48,0.8
2025-08-13 01:00,31.08,31.0,31.3,58,0.967
2025-08-13 02:00,31.07,31.0,31.3,60,1.0
2025-08-13 03:00,31.11,31.0,31.3,60,1.0
2025-08-13 04:00,31.06,31.0,31.3,60,1.0
2025-08-13 05:00,30.72,30.0,31.3,59,0.983
2025-08-13 06:00,30.1,29.9,30.3,57,0.95
2025-08-13 07:00,29.57,29.4,30.0,60,1.0
2025-08-13 08:00,29.5,29.4,29.7,60,1.0
2025-08-13 09:00,29.47,29.4,29.7,58,0.967
2025-08-13 10:00,29.48,29.3,29.7,59,0.983
2025-08-13 11:00,29.44,29.3,29.7,55,0.917
2025-08-13 12:00,29.45,29.3,29.6,56,0.933
2025-08-13 13:00,29.44,29.3,29.6,60,1.0
2025-08-13 14:00,29.37,29.2,29.6,60,1.0
2025-08-13 15:00,29.32,29.2,29.5,60,1.0
2025-08-13 16:00,29.34,29.2,29.6,58,0.967
2025-08-13 17:00,29.28,29.2,29.4,59,0.983
2025-08-13 18:00,29.29,29.2,29.5,59,0.983
2025-08-13 19:00,29.32,29.2,29.6,60,1.0
2025-08-13 20:00,29.38,29.2,29.6,60,1.0
2025-08-13 21:00,29.37,29.2,29.6,60,1.0
2025-08-13 22:00,29.39,29.2,29.7,60,1.0
2025-08-13 23:00,29.3,29.2,29.5,59,0.983
2025-08-14 00:00,29.46,29.3,29.8,60,1.0
2025-08-14 01:00,29.4,29.2,29.7,60,1.0
2025-08-14 02:00,29.42,29.2,30.0,60,1.0
2025-08-14 03:00,29.37,29.2,30.0,58,0.967
2025-08-14 04:00,29.45,29.2,30.0,60,1.0
2025-08-14 05:00,29.34,29.2,29.9,59,0.983
2025-08-14 06:00,29.37,29.2,29.9,51,0.85
2025-08-14 08:00,29.37,29.2,29.6,36,0.6
2025-08-14 09:00,29.43,29.3,29.7,59,0.983
2025-08-14 10:00,29.44,29.2,29.9,60,1.0
2025-08-14 11:00,29.41,29.2,29.6,59,0.983
2025-08-14 12:00,29.41,29.3,29.6,60,1.0
2025-08-14 13:00,29.37,29.2,29.6,60,1.0
2025-08-14 14:00,29.31,29.2,29.8,60,1.0
2025-08-14 15:00,29.38,29.2,29.8,60,1.0
2025-08-14 16:00,29.32,29.2,29.9,60,1.0
2025-08-14 17:00,29.34,29.2,29.7,60,1.0
2025-08-14 18:00,29.32,29.2,29.6,60,1.0
2025-08-14 19:00,29.33,29.2,29.5,60,1.0
2025-08-14 20:00,29.28,29.1,29.5,60,1.0
2025-08-14 21:00,29.29,29.2,29.5,60,1.0
2025-08-14 22:00,29.37,29.2,29.5,60,1.0
2025-08-14 23:00,29.33,29.2,29.5,60,1.0
2025-08-15 00:00,29.3,29.2,29.6,60,1.0
2025-08-15 01:00,29.23,29.1,29.4,60,1.0
2025-08-15 02:00,29.26,29.2,29.4,60,1.0
2025-08-15 03:00,29.25,29.1,29.5,60,1.0
2025-08-15 04:00,29.31,29.2,29.6,60,1.0
2025-08-15 05:00,29.33,29.2,29.6,60,1.0
2025-08-15 06:00,29.26,29.1,29.5,60,1.0
2025-08-15 07:00,29.27,29.1,29.4,60,1.0
2025-08-15 08:00,29.32,29.2,29.5,60,1.0
2025-08-15 09:00,29.36,29.2,29.6,60,1.0
2025-08-15 10:00,29.31,29.2,29.5,60,1.0
2025-08-15 11:00,29.27,29.2,29.6,60,1.0
2025-08-15 12:00,29.22,29.1,29.5,60,1.0
2025-08-15 13:00,29.2,29.1,29.3,60,1.0
2025-08-15 14:00,29.22,29.1,29.5,60,1.0
2025-08-15 15:00,29.19,29.1,29.5,60,1.0
2025-08-15 16:00,29.18,29.1,29.6,60,1.0
2025-08-15 17:00,29.25,29.1,29.5,60,1.0
2025-08-15 18:00,29.17,29.1,29.4,51,0.85
2025-08-15 19:00,29.21,29.1,29.4,48,0.8
2025-08-15 20:00,29.16,29.1,29.4,60,1.0
2025-08-15 21:00,29.2,29.1,29.4,60,1.0
2025-08-15 22:00,29.18,29.1,29.4,60,1.0
2025-08-15 23:00,29.26,29.1,29.4,60,1.0
2025-08-16 00:00,29.17,29.0,29.4,60,1.0
2025-08-16 01:00,29.15,29.1,29.4,60,1.0
2025-08-16 02:00,29.13,29.1,29.4,60,1.0
2025-08-16 03:00,29.2,29.1,29.4,60,1.0
2025-08-16 04:00,29.15,29.1,29.3,60,1.0
2025-08-16 05:00,29.16,29.1,29.5,43,0.717
2025-08-16 12:00,29.18,29.1,29.4,37,0.617
2025-08-16 13:00,29.17,29.1,29.4,57,0.95
2025-08-16 14:00,29.24,29.1,29.6,57,0.95
2025-08-16 15:00,29.23,29.1,29.4,37,0.617
2025-08-18 08:00,29.2,29.2,29.2,1,0.017
2025-08-18 09:00,29.09,28.9,29.3,60,1.0
2025-08-18 10:00,29.04,28.9,29.2,60,1.0
2025-08-18 11:00,29.04,28.9,29.3,60,1.0
2025-08-18 12:00,28.98,28.9,29.2,60,1.0
2025-08-18 13:00,28.95,28.9,29.1,60,1.0
2025-08-18 14:00,29.02,28.9,29.2,60,1.0
2025-08-18 15:00,29.13,28.9,29.6,57,0.95
2025-08-18 16:00,29.29,29.1,29.5,60,1.0
2025-08-18 17:00,29.27,29.1,29.4,60,1.0
2025-08-18 18:00,29.2,29.1,29.3,60,1.0
2025-08-18 19:00,29.25,29.1,29.5,60,1.0
2025-08-18 20:00,29.25,29.1,29.4,60,1.0
2025-08-18 21:00,29.29,29.1,29.6,60,1.0
2025-08-18 22:00,29.25,29.1,29.7,60,1.0
2025-08-18 23:00,29.27,29.1,29.5,60,1.0
2025-08-19 00:00,29.3,29.1,29.5,60,1.0
2025-08-19 01:00,29.38,29.2,29.6,60,1.0
2025-08-19 02:00,29.36,29.2,29.5,59,0.983
2025-08-19 03:00,29.36,29.2,29.7,59,0.983
2025-08-19 04:00,29.44,29.2,29.7,44,0.733
2025-08-19 05:00,29.5,29.3,29.8,52,0.867
2025-08-19 06:00,29.5,29.3,29.7,60,1.0
2025-08-19 07:00,29.42,29.3,29.7,60,1.0
2025-08-19 08:00,29.42,29.3,29.6,59,0.983
2025-08-19 09:00,29.48,29.3,29.7,60,1.0
2025-08-19 10:00,29.47,29.3,29.6,60,1.0
2025-08-19 11:00,29.54,29.4,29.8,60,1.0
2025-08-19 12:00,29.5,29.3,29.8,60,1.0
2025-08-19 13:00,29.44,29.3,29.6,60,1.0
2025-08-19 14:00,29.43,29.3,29.6,60,1.0
2025-08-19 15:00,29.44,29.3,29.6,60,1.0
2025-08-19 16:00,29.47,29.3,29.7,60,1.0
2025-08-19 17:00,29.54,29.4,29.8,58,0.967
2025-08-19 18:00,29.55,29.4,29.8,49,0.817
2025-08-19 19:00,29.5,29.4,29.7,60,1.0
2025-08-19 20:00,29.55,29.5,29.8,60,1.0
2025-08-19 21:00,29.64,29.5,29.9,60,1.0
2025-08-19 22:00,29.7,29.5,29.9,60,1.0
2025-08-19 23:00,29.63,29.5,29.8,60,1.0
2025-08-20 00:00,29.7,29.5,29.9,60,1.0
2025-08-20 01:00,29.67,29.5,29.9,60,1.0
2025-08-20 02:00,29.66,29.6,29.9,60,1.0
2025-08-20 03:00,29.71,29.6,29.9,60,1.0
2025-08-20 04:00,29.78,29.6,30.0,60,1.0
2025-08-20 05:00,29.83,29.6,30.1,60,1.0
2025-08-20 06:00,29.98,29.7,30.2,60,1.0
2025-08-20 07:00,29.99,29.7,30.3,60,1.0
2025-08-20 08:00,29.93,29.7,30.1,60,1.0
2025-08-20 09:00,29.97,29.7,30.2,59,0.983
2025-08-20 10:00,30.01,29.7,30.3,58,0.967
2025-08-20 11:00,29.99,29.8,30.3,59,0.983
2025-08-20 12:00,29.94,29.7,30.3,60,1.0
2025-08-20 13:00,29.94,29.8,30.3,60,1.0
2025-08-20 14:00,29.89,29.7,30.3,59,0.983
2025-08-20 15:00,29.97,29.8,30.3,60,1.0
2025-08-20 16:00,29.91,29.8,30.3,60,1.0
2025-08-20 17:00,29.96,29.8,30.1,60,1.0
2025-08-20 18:00,30.02,29.8,30.4,60,1.0
2025-08-20 19:00,30.04,29.8,30.3,60,1.0
2025-08-20 20:00,30.07,29.8,30.4,60,1.0
2025-08-20 21:00,30.21,30.1,30.5,60,1.0
2025-08-20 22:00,30.17,30.1,30.4,60,1.0
2025-08-20 23:00,30.22,30.1,30.4,60,1.0
2025-08-21 00:00,30.29,30.1,30.5,60,1.0
2025-08-21 01:00,30.23,30.0,30.4,60,1.0
2025-08-21 02:00,30.17,30.0,30.4,60,1.0
2025-08-21 03:00,30.16,30.0,30.5,60,1.0
2025-08-21 04:00,30.13,30.0,30.3,60,1.0
2025-08-21 05:00,30.09,30.0,30.3,60,1.0
2025-08-21 06:00,30.1,30.0,30.5,60,1.0
2025-08-21 07:00,30.17,30.0,30.3,60,1.0
2025-08-21 08:00,30.06,29.9,30.3,60,1.0
2025-08-21 09:00,30.1,30.0,30.3,60,1.0
2025-08-21 10:00,30.05,30.0,30.2,60,1.0
2025-08-21 11:00,30.1,29.9,30.3,60,1.0
2025-08-21 12:00,30.15,30.0,30.3,60,1.0
2025-08-21 13:00,30.04,29.9,30.4,60,1.0
2025-08-21 14:00,30.02,29.9,30.1,60,1.0
2025-08-21 15:00,30.06,30.0,30.3,60,1.0
2025-08-21 16:00,30.09,29.9,30.3,60,1.0
2025-08-21 17:00,30.13,30.0,30.3,60,1.0
2025-08-21 18:00,30.16,30.0,30.5,60,1.0
2025-08-21 19:00,30.17,30.0,30.4,60,1.0
2025-08-21 20:00,30.11,30.0,30.3,60,1.0
2025-08-21 21:00,30.06,30.0,30.2,60,1.0
2025-08-21 22:00,30.06,30.0,30.3,60,1.0
2025-08-21 23:00,30.08,30.0,30.3,60,1.0
2025-08-22 00:00,30.22,30.0,30.4,60,1.0
2025-08-22 01:00,30.22,30.0,30.4,60,1.0
2025-08-22 02:00,30.19,30.0,30.4,60,1.0
2025-08-22 03:00,30.24,30.1,30.5,60,1.0
2025-08-22 04:00,30.25,30.1,30.5,51,0.85
2025-08-22 05:00,30.26,30.1,30.5,54,0.9
2025-08-22 06:00,30.35,30.2,30.6,49,0.817
2025-08-22 07:00,30.5,30.1,30.9,57,0.95
2025-08-22 08:00,30.61,30.4,30.9,60,1.0
2025-08-22 09:00,30.56,30.4,30.9,60,1.0
2025-08-22 10:00,30.52,30.3,30.8,60,1.0
2025-08-22 11:00,30.46,30.3,30.7,60,1.0
2025-08-22 12:00,30.4,30.3,30.7,60,1.0
2025-08-22 13:00,30.46,30.3,30.7,60,1.0
2025-08-22 14:00,30.49,30.3,30.7,60,1.0
2025-08-22 15:00,30.54,30.3,30.8,60,1.0
2025-08-22 16:00,30.54,30.2,30.9,60,1.0
2025-08-22 17:00,30.3,30.2,30.6,60,1.0
2025-08-22 18:00,30.42,30.2,30.6,60,1.0
2025-08-22 19:00,30.36,30.2,30.6,60,1.0
2025-08-22 20:00,30.3,30.2,30.5,59,0.983
2025-08-22 21:00,30.32,30.2,30.5,59,0.983
2025-08-22 22:00,30.39,30.2,30.6,60,1.0
2025-08-22 23:00,30.46,30.3,30.7,60,1.0
2025-08-23 00:00,30.5,30.3,30.9,59,0.983
2025-08-23 01:00,30.48,30.3,30.7,58,0.967
2025-08-23 02:00,30.45,30.3,30.7,60,1.0
2025-08-23 03:00,30.47,30.3,30.6,60,1.0
2025-08-23 04:00,30.44,30.3,30.6,59,0.983
2025-08-23 05:00,30.53,30.3,30.7,59,0.983
2025-08-23 06:00,30.4,30.3,30.6,60,1.0
2025-08-23 07:00,30.5,30.3,30.9,60,1.0
2025-08-23 08:00,30.5,30.3,30.7,60,1.0
2025-08-23 09:00,30.5,30.4,30.7,60,1.0
2025-08-23 10:00,30.43,30.3,30.6,59,0.983
2025-08-23 11:00,30.52,30.3,30.8,60,1.0
2025-08-23 12:00,30.46,30.3,30.7,60,1.0
2025-08-23 13:00,30.43,30.3,30.6,60,1.0
2025-08-23 14:00,30.4,30.3,30.7,60,1.0
2025-08-23 15:00,30.43,30.3,30.6,60,1.0
2025-08-23 16:00,30.36,30.3,30.7,60,1.0
2025-08-23 17:00,30.37,30.3,30.5,59,0.983
2025-08-23 18:00,30.44,30.3,30.7,60,1.0
2025-08-23 19:00,30.42,30.3,30.6,60,1.0
2025-08-23 20:00,30.5,30.3,30.7,60,1.0
2025-08-23 21:00,30.5,30.3,30.8,60,1.0
2025-08-23 22:00,30.44,30.3,30.6,60,1.0
2025-08-23 23:00,30.36,30.2,30.7,60,1.0
2025-08-24 00:00,30.95,30.2,31.4,60,1.0
2025-08-24 01:00,31.24,31.1,31.5,59,0.983
2025-08-24 02:00,31.11,31.0,31.3,60,1.0
2025-08-24 03:00,31.02,30.9,31.2,60,1.0
2025-08-24 04:00,30.99,30.9,31.3,60,1.0
2025-08-24 05:00,31.02,30.8,31.4,60,1.0
2025-08-24 06:00,30.96,30.8,31.2,60,1.0
2025-08-24 07:00,30.91,30.8,31.1,56,0.933
2025-08-24 08:00,30.48,30.3,30.7,51,0.85
2025-08-24 09:00,30.41,30.2,30.6,51,0.85
2025-08-24 10:00,30.27,30.1,30.5,60,1.0
2025-08-24 11:00,30.26,30.1,30.5,60,1.0
2025-08-24 12:00,30.21,30.0,30.5,60,1.0
2025-08-24 13:00,29.96,29.8,30.1,60,1.0
2025-08-24 14:00,29.88,29.7,30.0,60,1.0
2025-08-24 15:00,29.77,29.7,30.0,60,1.0
2025-08-24 16:00,29.81,29.6,30.0,60,1.0
2025-08-24 17:00,29.67,29.6,29.9,60,1.0
2025-08-24 18:00,29.68,29.5,30.0,60,1.0
2025-08-24 19:00,29.57,29.4,30.0,59,0.983
2025-08-24 20:00,29.56,29.4,29.8,60,1.0
2025-08-24 21:00,29.75,29.6,30.0,60,1.0
2025-08-24 22:00,29.62,29.2,30.0,59,0.983
2025-08-24 23:00,29.34,29.2,29.6,59,0.983
2025-08-25 00:00,29.22,29.1,29.4,59,0.983
2025-08-25 01:00,29.19,29.1,29.4,58,0.967
2025-08-25 02:00,29.15,29.1,29.3,58,0.967
2025-08-25 03:00,29.61,29.0,30.1,60,1.0
2025-08-25 04:00,29.91,29.7,30.1,59,0.983
2025-08-25 05:00,29.79,29.6,30.0,59,0.983
2025-08-25 06:00,29.71,29.5,29.9,60,1.0
2025-08-25 07:00,29.61,29.5,30.0,60,1.0
2025-08-25 08:00,29.46,29.3,29.6,60,1.0
2025-08-25 09:00,29.38,29.3,29.5,59,0.983
2025-08-25 10:00,29.47,29.3,30.0,59,0.983
2025-08-25 11:00,29.39,29.2,29.6,57,0.95
2025-08-25 12:00,29.28,29.1,29.6,60,1.0
2025-08-25 13:00,29.18,29.1,29.4,60,1.0
2025-08-25 14:00,29.14,29.0,29.6,60,1.0
2025-08-25 15:00,29.07,29.0,29.8,60,1.0
2025-08-25 16:00,29.1,28.9,29.3,60,1.0
2025-08-25 17:00,28.93,28.8,29.1,59,0.983
2025-08-25 18:00,28.91,28.8,29.1,59,0.983
2025-08-25 19:00,28.92,28.8,29.1,60,1.0
2025-08-25 20:00,28.84,28.7,29.1,60,1.0
2025-08-25 21:00,28.9,28.7,29.2,59,0.983
2025-08-25 22:00,28.78,28.7,29.0,60,1.0
2025-08-25 23:00,28.74,28.6,28.9,59,0.983
2025-08-26 00:00,28.68,28.6,28.8,58,0.967
2025-08-26 01:00,28.69,28.6,28.8,47,0.783
2025-08-26 02:00,28.73,28.6,28.9,50,0.833
2025-08-26 03:00,28.7,28.6,28.9,43,0.717
2025-08-26 04:00,28.73,28.6,29.0,60,1.0
2025-08-26 05:00,28.75,28.6,29.0,60,1.0
2025-08-26 06:00,28.67,28.5,28.9,59,0.983
2025-08-26 07:00,28.62,28.5,28.8,60,1.0
2025-08-26 08:00,28.62,28.5,28.9,60,1.0
2025-08-26 09:00,28.66,28.5,28.8,58,0.967
2025-08-26 10:00,28.63,28.5,28.9,59,0.983
2025-08-26 11:00,28.56,28.5,28.8,59,0.983
2025-08-26 12:00,28.61,28.5,29.0,59,0.983
2025-08-26 13:00,28.68,28.5,28.9,60,1.0
2025-08-26 14:00,28.58,28.5,28.8,60,1.0
2025-08-26 15:00,28.73,28.5,29.7,60,1.0
2025-08-26 16:00,29.68,29.4,29.9,60,1.0
2025-08-26 17:00,29.39,29.2,29.7,59,0.983
2025-08-26 18:00,29.35,29.2,29.5,60,1.0
2025-08-26 19:00,29.4,29.1,29.7,60,1.0
2025-08-26 20:00,29.21,29.1,29.5,60,1.0
2025-08-26 21:00,29.14,29.0,29.3,60,1.0
2025-08-26 22:00,29.05,29.0,29.2,59,0.983
2025-08-26 23:00,29.0,28.9,29.1,60,1.0
2025-08-27 00:00,28.96,28.8,29.2,60,1.0
2025-08-27 01:00,28.92,28.8,29.0,60,1.0
2025-08-27 02:00,28.9,28.8,29.2,60,1.0
2025-08-27 03:00,28.94,28.8,29.1,58,0.967
2025-08-27 04:00,28.86,28.8,29.3,58,0.967
2025-08-27 05:00,28.91,28.7,29.1,59,0.983
2025-08-27 06:00,28.86,28.7,29.1,60,1.0
2025-08-27 07:00,28.83,28.7,29.1,60,1.0
2025-08-27 08:00,28.82,28.7,29.0,60,1.0
2025-08-27 09:00,28.77,28.7,29.1,60,1.0
2025-08-27 10:00,28.77,28.6,29.0,60,1.0
2025-08-27 11:00,28.78,28.6,29.1,59,0.983
2025-08-27 12:00,28.72,28.6,29.0,60,1.0
2025-08-27 13:00,28.74,28.6,29.1,60,1.0
2025-08-27 14:00,28.72,28.5,29.2,53,0.883
2025-08-27 15:00,28.64,28.5,28.9,60,1.0
2025-08-27 16:00,28.63,28.5,28.9,59,0.983
2025-08-27 17:00,28.67,28.5,28.9,60,1.0
2025-08-27 18:00,28.57,28.5,29.1,60,1.0
2025-08-27 19:00,28.53,28.4,28.8,60,1.0
2025-08-27 20:00,28.6,28.4,29.0,60,1.0
2025-08-27 21:00,28.55,28.4,28.8,60,1.0
2025-08-27 22:00,28.52,28.3,28.7,60,1.0
2025-08-27 23:00,28.45,28.3,28.7,59,0.983
2025-08-28 00:00,28.52,28.3,28.8,59,0.983
2025-08-28 01:00,28.48,28.3,28.8,60,1.0
2025-08-28 02:00,28.44,28.3,28.8,60,1.0
2025-08-28 03:00,28.56,28.4,28.9,60,1.0
2025-08-28 04:00,28.49,28.3,28.7,59,0.983
2025-08-28 05:00,28.39,28.3,28.6,59,0.983
2025-08-28 06:00,28.97,28.3,29.4,60,1.0
2025-08-28 07:00,29.09,28.9,29.4,59,0.983
2025-08-28 08:00,29.08,28.9,29.4,59,0.983
2025-08-28 09:00,29.02,28.8,29.3,58,0.967
2025-08-28 10:00,29.06,28.8,29.3,60,1.0
2025-08-28 11:00,28.88,28.7,29.2,60,1.0
2025-08-28 12:00,28.78,28.7,29.0,60,1.0
2025-08-28 13:00,28.78,28.7,29.0,59,0.983
2025-08-28 14:00,28.84,28.7,29.1,60,1.0
2025-08-28 15:00,28.81,28.5,29.2,60,1.0
2025-08-28 16:00,28.69,28.5,28.9,60,1.0
2025-08-28 17:00,28.57,28.5,28.7,60,1.0
2025-08-28 18:00,28.54,28.4,28.7,60,1.0
2025-08-28 19:00,28.62,28.4,28.8,60,1.0
2025-08-28 20:00,28.6,28.4,28.8,60,1.0
2025-08-28 21:00,28.54,28.4,28.8,60,1.0
2025-08-28 22:00,28.45,28.4,28.6,60,1.0
2025-08-28 23:00,28.47,28.4,28.6,60,1.0
2025-08-29 00:00,28.53,28.3,28.8,54,0.9
2025-08-29 01:00,28.55,28.4,29.1,44,0.733
2025-08-29 02:00,28.46,28.4,28.9,60,1.0
2025-08-29 03:00,28.44,28.4,28.6,60,1.0
2025-08-29 04:00,28.5,28.4,28.7,60,1.0
2025-08-29 05:00,28.5,28.4,28.7,59,0.983
2025-08-29 06:00,28.44,28.4,28.6,60,1.0
2025-08-29 07:00,28.56,28.4,28.8,60,1.0
2025-08-29 08:00,28.57,28.4,28.8,60,1.0
2025-08-29 09:00,28.53,28.4,28.8,60,1.0
2025-08-29 10:00,28.48,28.4,28.7,60,1.0
2025-08-29 11:00,28.52,28.4,28.8,60,1.0
2025-08-29 12:00,28.5,28.4,28.6,60,1.0
2025-08-29 13:00,28.54,28.4,28.7,54,0.9
2025-08-29 14:00,28.5,28.4,28.6,60,1.0
2025-08-29 15:00,28.58,28.5,28.9,60,1.0
2025-08-29 16:00,28.6,28.4,28.8,60,1.0
2025-08-29 17:00,28.65,28.5,28.9,60,1.0
2025-08-29 18:00,28.6,28.4,28.9,60,1.0
2025-08-29 19:00,28.57,28.5,29.0,60,1.0
2025-08-29 20:00,28.61,28.5,28.9,60,1.0
2025-08-29 21:00,28.64,28.5,28.8,60,1.0
2025-08-29 22:00,28.78,28.6,29.1,60,1.0
2025-08-29 23:00,28.99,28.7,29.2,60,1.0
2025-08-30 00:00,28.96,28.7,29.3,60,1.0
2025-08-30 01:00,29.35,28.7,29.7,59,0.983
2025-08-30 02:00,29.56,29.5,29.6,5,0.083
2025-08-30 09:00,29.47,29.4,29.6,7,0.117
2025-08-30 10:00,29.52,29.3,30.0,60,1.0
2025-08-30 11:00,29.47,29.4,29.8,60,1.0
2025-08-30 12:00,29.54,29.3,29.7,60,1.0
2025-08-30 13:00,29.46,29.3,29.7,60,1.0
2025-08-30 14:00,29.37,29.3,29.6,60,1.0
2025-08-30 15:00,29.36,29.3,29.5,60,1.0
2025-08-30 16:00,29.36,29.3,29.5,60,1.0
2025-08-30 17:00,29.46,29.3,29.7,60,1.0
2025-08-30 18:00,29.45,29.3,29.6,60,1.0
2025-08-30 19:00,29.38,29.3,29.7,59,0.983
2025-08-30 20:00,29.47,29.3,29.9,60,1.0
2025-08-30 21:00,29.42,29.3,30.0,60,1.0
2025-08-30 22:00,29.49,29.3,29.9,60,1.0
2025-08-30 23:00,29.46,29.3,29.8,60,1.0
2025-08-31 00:00,29.47,29.3,29.9,60,1.0
2025-08-31 01:00,29.41,29.3,29.8,60,1.0
2025-08-31 02:00,29.48,29.3,29.7,60,1.0
2025-08-31 03:00,29.56,29.4,29.7,60,1.0
2025-08-31 04:00,29.57,29.4,29.7,60,1.0
2025-08-31 05:00,29.56,29.4,29.7,60,1.0
2025-08-31 06:00,29.6,29.4,29.8,57,0.95
2025-08-31 07:00,29.52,29.4,29.7,48,0.8
2025-08-31 08:00,29.54,29.4,29.9,52,0.867
2025-08-31 09:00,29.62,29.4,29.9,59,0.983
2025-08-31 10:00,29.61,29.4,29.8,60,1.0
2025-08-31 11:00,29.54,29.4,29.8,60,1.0
2025-08-31 12:00,29.52,29.4,29.7,60,1.0
2025-08-31 13:00,29.48,29.4,29.6,60,1.0
2025-08-31 14:00,29.5,29.4,29.7,60,1.0
2025-08-31 15:00,29.57,29.4,30.1,59,0.983
2025-08-31 16:00,30.19,30.0,30.4,59,0.983
2025-08-31 17:00,30.16,30.0,30.4,60,1.0
2025-08-31 18:00,30.15,30.0,30.3,60,1.0
2025-08-31 19:00,30.16,30.0,30.3,60,1.0
2025-08-31 20:00,30.15,30.0,30.4,60,1.0
2025-08-31 21:00,30.13,29.9,30.3,60,1.0
2025-08-31 22:00,30.06,29.9,30.2,60,1.0
2025-08-31 23:00,30.06,29.9,30.3,60,1.0
2025-09-01 00:00,30.08,29.9,30.2,60,1.0
2025-09-01 01:00,30.04,29.9,30.3,60,1.0
2025-09-01 02:00,29.96,29.8,30.1,60,1.0
2025-09-01 03:00,29.94,29.8,30.1,60,1.0
2025-09-01 04:00,29.92,29.8,30.1,60,1.0
2025-09-01 05:00,29.89,29.8,30.0,60,1.0
2025-09-01 06:00,29.89,29.8,30.1,60,1.0
2025-09-01 07:00,29.94,29.8,30.2,60,1.0
2025-09-01 08:00,29.95,29.8,30.3,59,0.983
2025-09-01 09:00,30.02,29.9,30.2,60,1.0
2025-09-01 10:00,30.04,29.8,30.2,59,0.983
2025-09-01 11:00,30.14,29.9,30.4,60,1.0
2025-09-01 12:00,30.0,29.8,30.3,60,1.0
2025-09-01 13:00,30.13,29.8,30.5,59,0.983
2025-09-01 14:00,30.07,29.8,30.5,60,1.0
2025-09-01 15:00,30.21,29.9,30.6,60,1.0
2025-09-01 16:00,30.12,29.9,30.3,60,1.0
2025-09-01 17:00,30.23,29.8,30.5,58,0.967
2025-09-01 18:00,30.2,29.9,30.5,60,1.0
2025-09-01 19:00,30.11,29.9,30.4,60,1.0
2025-09-01 20:00,30.13,30.0,30.4,60,1.0
2025-09-01 21:00,30.2,30.0,30.5,60,1.0
2025-09-01 22:00,30.24,30.0,30.5,60,1.0
2025-09-01 23:00,30.31,30.0,30.6,60,1.0
2025-09-02 00:00,30.35,30.1,30.5,60,1.0
2025-09-02 01:00,30.45,30.2,30.8,60,1.0
2025-09-02 02:00,30.61,30.3,30.9,60,1.0
2025-09-02 03:00,30.52,30.3,30.9,60,1.0
2025-09-02 04:00,30.99,30.8,31.2,60,1.0
2025-09-02 05:00,30.96,30.8,31.1,60,1.0
2025-09-02 06:00,30.99,30.9,31.2,60,1.0
2025-09-02 07:00,30.99,30.8,31.2,60,1.0
2025-09-02 08:00,31.04,30.8,31.2,60,1.0
2025-09-02 09:00,31.03,30.8,31.3,60,1.0
2025-09-02 10:00,31.0,30.8,31.3,60,1.0
2025-09-02 11:00,30.97,30.9,31.2,60,1.0
2025-09-02 12:00,31.03,30.8,31.3,60,1.0
2025-09-02 13:00,30.97,30.8,31.2,60,1.0
2025-09-02 14:00,30.94,30.8,31.3,59,0.983
2025-09-02 15:00,30.88,30.8,31.1,60,1.0
2025-09-02 16:00,30.9,30.8,31.1,60,1.0
2025-09-02 17:00,30.97,30.8,31.2,60,1.0
2025-09-02 18:00,30.99,30.8,31.2,60,1.0
2025-09-02 19:00,30.91,30.8,31.1,60,1.0
2025-09-02 20:00,30.92,30.8,31.1,60,1.0
2025-09-02 21:00,31.0,30.8,31.2,60,1.0
2025-09-02 22:00,31.04,30.8,31.2,60,1.0
2025-09-02 23:00,31.05,30.8,31.2,60,1.0
2025-09-03 00:00,31.06,30.8,31.3,60,1.0
2025-09-03 01:00,31.06,30.9,31.3,60,1.0
2025-09-03 02:00,31.02,30.9,31.2,60,1.0
2025-09-03 03:00,30.98,30.9,31.1,60,1.0
2025-09-03 04:00,30.99,30.9,31.3,60,1.0
2025-09-03 05:00,30.97,30.8,31.1,60,1.0
2025-09-03 06:00,31.0,30.9,31.3,60,1.0
2025-09-03 07:00,31.04,30.9,31.2,60,1.0
2025-09-03 08:00,30.99,30.9,31.2,60,1.0
2025-09-03 09:00,30.98,30.9,31.3,60,1.0
2025-09-03 10:00,30.97,30.9,31.1,60,1.0
2025-09-03 11:00,31.04,30.9,31.3,60,1.0
2025-09-03 12:00,31.14,30.9,31.3,60,1.0
2025-09-03 13:00,31.55,31.1,32.0,60,1.0
2025-09-03 14:00,31.68,31.4,31.9,60,1.0
2025-09-03 15:00,31.61,31.4,31.9,60,1.0
2025-09-03 16:00,31.43,31.3,31.6,59,0.983
2025-09-03 17:00,31.55,31.4,31.9,60,1.0
2025-09-03 18:00,31.55,31.4,31.7,59,0.983
2025-09-03 19:00,31.44,31.3,31.8,60,1.0
2025-09-03 20:00,31.52,31.2,31.7,60,1.0
2025-09-03 21:00,31.58,31.3,31.9,60,1.0
2025-09-03 22:00,31.55,31.2,32.1,60,1.0
2025-09-03 23:00,31.38,31.2,31.8,60,1.0
2025-09-04 00:00,31.46,31.2,31.7,60,1.0
2025-09-04 01:00,31.5,31.3,31.8,60,1.0
2025-09-04 02:00,31.54,31.2,31.7,60,1.0
2025-09-04 03:00,31.32,31.1,31.5,60,1.0
2025-09-04 04:00,31.36,31.1,31.7,60,1.0
2025-09-04 05:00,31.52,31.1,31.9,60,1.0
2025-09-04 06:00,31.32,31.1,31.5,60,1.0
2025-09-04 07:00,31.34,31.1,31.5,60,1.0
2025-09-04 08:00,31.38,31.1,31.7,54,0.9
2025-09-04 09:00,31.17,31.1,31.3,51,0.85
2025-09-04 10:00,31.18,31.1,31.4,60,1.0
2025-09-04 11:00,31.17,31.1,31.3,59,0.983
2025-09-04 12:00,31.18,31.1,31.4,60,1.0
2025-09-04 13:00,31.15,31.1,31.3,60,1.0
2025-09-04 14:00,31.24,31.1,31.5,60,1.0
2025-09-04 15:00,31.33,31.1,31.5,60,1.0
2025-09-04 16:00,31.35,31.1,31.6,60,1.0
2025-09-04 17:00,31.23,31.1,31.5,60,1.0
2025-09-04 18:00,31.3,31.1,31.6,60,1.0
2025-09-04 19:00,31.34,31.1,31.6,60,1.0
2025-09-04 20:00,31.4,31.2,31.8,60,1.0
2025-09-04 21:00,31.32,31.1,31.5,60,1.0
2025-09-04 22:00,31.33,31.1,31.6,60,1.0
2025-09-04 23:00,31.29,31.1,31.7,60,1.0
2025-09-05 00:00,31.32,31.1,31.6,60,1.0
2025-09-05 01:00,31.36,31.1,31.6,60,1.0
2025-09-05 02:00,31.35,31.1,31.6,60,1.0
2025-09-05 03:00,31.4,31.2,31.7,60,1.0
2025-09-05 04:00,31.4,31.2,31.6,60,1.0
2025-09-05 05:00,31.38,31.2,31.7,60,1.0
2025-09-05 06:00,31.75,31.6,32.0,60,1.0
2025-09-05 07:00,31.73,31.6,32.0,60,1.0
2025-09-05 08:00,32.27,31.6,32.7,60,1.0
2025-09-05 09:00,32.32,32.0,32.7,59,0.983
2025-09-05 10:00,32.15,31.9,32.4,60,1.0
2025-09-05 11:00,32.04,31.8,32.3,60,1.0
2025-09-05 12:00,31.9,31.8,32.0,60,1.0
2025-09-05 13:00,31.88,31.8,32.0,60,1.0
2025-09-05 14:00,32.27,31.9,32.7,60,1.0
2025-09-05 15:00,32.86,32.6,33.2,60,1.0
2025-09-05 16:00,32.98,32.8,33.2,60,1.0
2025-09-05 17:00,32.96,32.9,33.1,60,1.0
2025-09-05 18:00,33.0,32.9,33.2,60,1.0
2025-09-05 19:00,33.02,32.9,33.2,60,1.0
2025-09-05 20:00,33.08,32.9,33.3,60,1.0
2025-09-05 21:00,33.16,33.0,33.3,60,1.0
2025-09-05 22:00,33.2,32.9,33.4,60,1.0
2025-09-05 23:00,33.2,32.9,33.5,60,1.0
2025-09-06 00:00,33.12,32.9,33.4,60,1.0
2025-09-06 01:00,33.06,32.9,33.3,60,1.0
2025-09-06 02:00,33.04,32.9,33.2,60,1.0
2025-09-06 03:00,33.06,32.9,33.2,60,1.0
2025-09-06 04:00,33.06,32.9,33.3,60,1.0
2025-09-06 05:00,33.12,32.9,33.3,60,1.0
2025-09-06 06:00,33.08,32.9,33.3,60,1.0
2025-09-06 07:00,33.07,32.9,33.3,59,0.983
2025-09-06 08:00,33.09,32.9,33.3,60,1.0
2025-09-06 09:00,33.15,33.0,33.3,60,1.0
2025-09-06 10:00,33.41,32.9,33.6,60,1.0
2025-09-06 11:00,33.44,33.3,33.6,60,1.0
2025-09-06 12:00,33.38,33.3,33.5,60,1.0
2025-09-06 13:00,33.35,33.3,33.6,60,1.0
2025-09-06 14:00,33.36,33.2,33.6,60,1.0
2025-09-06 15:00,33.32,33.2,33.5,60,1.0
2025-09-06 16:00,33.35,33.2,33.6,60,1.0
2025-09-06 17:00,33.24,33.2,33.6,60,1.0
2025-09-06 18:00,33.21,33.1,33.4,49,0.817
2025-09-06 19:00,33.31,33.1,33.5,56,0.933
2025-09-06 20:00,33.29,33.1,33.5,60,1.0
2025-09-06 21:00,33.21,33.1,33.6,59,0.983
2025-09-06 22:00,33.16,33.1,33.3,60,1.0
2025-09-06 23:00,33.12,33.0,33.4,60,1.0
2025-09-07 00:00,33.1,33.0,33.3,60,1.0
2025-09-07 01:00,33.23,33.0,33.5,60,1.0
2025-09-07 02:00,33.11,33.0,33.4,60,1.0
2025-09-07 03:00,33.04,33.0,33.3,60,1.0
2025-09-07 04:00,33.03,33.0,33.3,60,1.0
2025-09-07 05:00,33.06,33.0,33.3,60,1.0
2025-09-07 06:00,33.08,33.0,33.3,60,1.0
2025-09-07 07:00,33.05,32.9,33.3,60,1.0
2025-09-07 08:00,33.14,33.0,33.4,60,1.0
2025-09-07 09:00,33.09,32.9,33.3,60,1.0
2025-09-07 10:00,33.01,32.9,33.2,60,1.0
2025-09-07 11:00,33.02,32.9,33.3,59,0.983
2025-09-07 12:00,33.11,32.9,33.4,60,1.0
2025-09-07 13:00,33.01,32.9,33.2,59,0.983
2025-09-07 14:00,32.94,32.9,33.2,59,0.983
2025-09-07 15:00,32.92,32.8,33.1,60,1.0
2025-09-07 16:00,33.01,32.8,33.2,60,1.0
2025-09-07 17:00,32.89,32.8,33.2,60,1.0
2025-09-07 18:00,32.89,32.8,33.2,60,1.0
2025-09-07 19:00,32.98,32.7,33.2,60,1.0
2025-09-07 20:00,32.97,32.8,33.2,60,1.0
2025-09-07 21:00,32.93,32.8,33.3,60,1.0
2025-09-07 22:00,32.94,32.7,33.2,60,1.0
2025-09-07 23:00,33.06,32.8,33.4,60,1.0
2025-09-08 00:00,33.11,32.8,33.4,60,1.0
2025-09-08 01:00,32.85,32.7,33.4,60,1.0
2025-09-08 02:00,32.88,32.7,33.1,60,1.0
2025-09-08 03:00,32.84,32.7,33.1,60,1.0
2025-09-08 04:00,32.86,32.7,33.2,60,1.0
2025-09-08 05:00,32.92,32.7,33.1,60,1.0
2025-09-08 06:00,32.89,32.7,33.1,60,1.0
2025-09-08 07:00,32.83,32.7,33.1,60,1.0
2025-09-08 08:00,32.93,32.7,33.3,59,0.983
2025-09-08 09:00,32.87,32.7,33.3,60,1.0
2025-09-08 10:00,32.96,32.6,33.2,60,1.0
2025-09-08 11:00,32.7,32.6,33.2,59,0.983
2025-09-08 12:00,32.9,32.6,33.2,59,0.983
2025-09-08 13:00,33.08,32.6,33.3,57,0.95
2025-09-08 14:00,32.59,32.5,32.9,56,0.933
2025-09-08 15:00,32.67,32.5,33.0,60,1.0
2025-09-08 16:00,32.76,32.5,33.1,59,0.983
2025-09-08 17:00,32.66,32.5,32.8,58,0.967
2025-09-08 18:00,32.74,32.5,33.0,60,1.0
2025-09-08 19:00,32.58,32.4,32.8,60,1.0
2025-09-08 20:00,32.65,32.4,32.7,60,1.0
2025-09-08 21:00,32.57,32.4,32.7,60,1.0
2025-09-08 22:00,32.62,32.4,32.8,60,1.0
2025-09-08 23:00,32.58,32.4,32.7,60,1.0
2025-09-09 00:00,32.59,32.4,32.9,60,1.0
2025-09-09 01:00,32.52,32.3,32.7,60,1.0
2025-09-09 02:00,32.48,32.3,32.7,60,1.0
2025-09-09 03:00,32.41,32.3,32.6,60,1.0
2025-09-09 04:00,32.39,32.3,32.6,60,1.0
2025-09-09 05:00,32.38,32.3,32.6,60,1.0
2025-09-09 06:00,32.38,32.3,32.7,60,1.0
2025-09-09 07:00,32.42,32.3,32.6,60,1.0
2025-09-09 08:00,32.36,32.2,32.6,59,0.983
2025-09-09 09:00,32.38,32.3,32.6,59,0.983
2025-09-09 10:00,32.3,32.2,32.7,60,1.0
2025-09-09 11:00,32.29,32.2,32.5,60,1.0
2025-09-09 12:00,32.28,32.2,32.4,60,1.0
2025-09-09 13:00,32.38,32.2,32.6,56,0.933
2025-09-09 14:00,32.35,32.2,32.6,60,1.0
2025-09-09 15:00,32.21,32.1,32.4,47,0.783
2025-09-09 16:00,32.25,32.1,32.4,51,0.85
2025-09-09 17:00,32.18,32.1,32.4,50,0.833
2025-09-09 18:00,32.18,32.0,32.3,58,0.967
2025-09-09 19:00,32.06,32.0,32.2,60,1.0
2025-09-09 20:00,32.06,32.0,32.2,60,1.0
2025-09-09 21:00,32.1,32.0,32.4,60,1.0
2025-09-09 22:00,32.09,32.0,32.4,58,0.967
2025-09-09 23:00,32.12,32.0,32.3,60,1.0
2025-09-10 00:00,32.15,32.0,32.3,60,1.0
2025-09-10 01:00,32.14,31.9,32.3,60,1.0
2025-09-10 02:00,32.08,31.9,32.3,60,1.0
2025-09-10 03:00,32.04,31.9,32.2,60,1.0
2025-09-10 04:00,32.04,31.8,32.2,60,1.0
2025-09-10 05:00,31.98,31.8,32.2,60,1.0
2025-09-10 06:00,31.87,31.8,32.1,58,0.967
2025-09-10 07:00,31.91,31.8,32.0,49,0.817
2025-09-10 08:00,31.9,31.8,32.1,41,0.683
2025-09-10 09:00,31.85,31.7,32.1,49,0.817
2025-09-10 10:00,31.87,31.7,32.1,45,0.75
2025-09-10 11:00,31.79,31.7,32.0,44,0.733
2025-09-10 12:00,31.69,31.6,31.8,50,0.833
2025-09-10 13:00,31.65,31.6,31.8,57,0.95
2025-09-10 14:00,31.65,31.5,31.8,53,0.883
2025-09-10 15:00,31.66,31.5,31.8,51,0.85
2025-09-10 16:00,31.76,31.6,31.9,60,1.0
2025-09-10 17:00,31.77,31.5,32.1,60,1.0
2025-09-10 18:00,31.68,31.5,32.1,60,1.0
2025-09-10 19:00,31.56,31.4,31.9,60,1.0
2025-09-10 20:00,31.56,31.4,32.1,60,1.0
2025-09-10 21:00,31.43,31.3,31.6,60,1.0
2025-09-10 22:00,31.43,31.3,31.7,60,1.0
2025-09-10 23:00,31.48,31.4,31.7,13,0.217
2025-09-11 08:00,34.12,33.9,34.4,46,0.767
2025-09-11 09:00,34.12,34.0,34.4,60,1.0
2025-09-11 10:00,34.22,34.1,34.4,60,1.0
2025-09-11 11:00,34.32,34.1,34.5,60,1.0
2025-09-11 12:00,34.42,34.2,34.7,60,1.0
2025-09-11 13:00,34.38,34.2,34.6,60,1.0
2025-09-11 14:00,34.43,34.2,34.6,60,1.0
2025-09-11 15:00,34.51,34.3,34.7,60,1.0
2025-09-11 16:00,34.6,34.4,34.8,60,1.0
2025-09-11 17:00,34.45,34.3,34.7,60,1.0
2025-09-11 18:00,34.48,34.3,34.6,60,1.0
2025-09-11 19:00,34.46,34.3,34.7,60,1.0
2025-09-11 20:00,34.49,34.3,34.8,60,1.0
2025-09-11 21:00,34.56,34.4,34.7,60,1.0
2025-09-11 22:00,34.56,34.4,34.8,60,1.0
2025-09-11 23:00,34.54,34.3,34.7,60,1.0
2025-09-12 00:00,34.55,34.3,34.7,60,1.0
2025-09-12 01:00,34.48,34.3,34.7,60,1.0
2025-09-12 02:00,34.44,34.3,34.6,60,1.0
2025-09-12 03:00,34.4,34.3,34.6,60,1.0
2025-09-12 04:00,34.41,34.3,34.5,60,1.0
2025-09-12 05:00,34.4,34.3,34.5,60,1.0
2025-09-12 06:00,34.41,34.3,34.8,60,1.0
2025-09-12 07:00,34.46,34.3,34.7,60,1.0
2025-09-12 08:00,34.44,34.3,34.6,60,1.0
2025-09-12 09:00,34.42,34.2,34.7,60,1.0
2025-09-12 10:00,34.39,34.2,34.6,60,1.0
2025-09-12 11:00,34.43,34.2,34.8,60,1.0
2025-09-12 12:00,34.31,34.2,34.5,60,1.0
2025-09-12 13:00,34.32,34.2,34.5,60,1.0
2025-09-12 14:00,34.29,34.2,34.5,60,1.0
2025-09-12 15:00,34.3,34.1,34.6,60,1.0
2025-09-12 16:00,34.35,34.1,34.5,60,1.0
2025-09-12 17:00,34.31,34.1,34.6,60,1.0
2025-09-12 18:00,34.22,34.0,34.6,60,1.0
2025-09-12 19:00,34.16,34.1,34.3,50,0.833
2025-09-12 20:00,34.26,34.1,34.5,43,0.717
2025-09-12 21:00,34.2,34.0,34.5,58,0.967
2025-09-12 22:00,34.28,34.0,34.5,60,1.0
2025-09-12 23:00,34.29,34.1,34.4,60,1.0
2025-09-13 00:00,34.23,34.0,34.4,60,1.0
2025-09-13 01:00,34.24,34.0,34.4,60,1.0
2025-09-13 02:00,34.22,34.0,34.5,60,1.0
2025-09-13 03:00,34.12,34.0,34.4,60,1.0
2025-09-13 04:00,34.14,34.0,34.5,60,1.0
2025-09-13 05:00,34.17,34.0,34.4,60,1.0
2025-09-13 06:00,34.11,33.9,34.3,60,1.0
2025-09-13 07:00,34.08,33.9,34.4,60,1.0
2025-09-13 08:00,34.07,33.9,34.3,60,1.0
2025-09-13 09:00,34.05,33.9,34.3,60,1.0
2025-09-13 10:00,34.09,33.9,34.3,60,1.0
2025-09-13 11:00,34.15,33.9,34.4,60,1.0
2025-09-13 12:00,34.11,33.9,34.4,60,1.0
2025-09-13 13:00,34.01,33.8,34.3,60,1.0
2025-09-13 14:00,33.98,33.8,34.1,60,1.0
2025-09-13 15:00,33.96,33.8,34.2,60,1.0
2025-09-13 16:00,34.04,33.8,34.3,60,1.0
2025-09-13 17:00,33.9,33.8,34.1,60,1.0
2025-09-13 18:00,33.9,33.8,34.1,60,1.0
2025-09-13 19:00,33.98,33.8,34.1,60,1.0
2025-09-13 20:00,34.02,33.8,34.3,60,1.0
2025-09-13 21:00,33.99,33.8,34.2,60,1.0
2025-09-13 22:00,33.93,33.7,34.2,60,1.0
2025-09-13 23:00,33.88,33.7,34.1,60,1.0
2025-09-14 00:00,33.84,33.7,34.1,60,1.0
2025-09-14 01:00,33.91,33.7,34.4,60,1.0
2025-09-14 02:00,33.82,33.7,34.1,60,1.0
2025-09-14 03:00,33.79,33.7,34.0,60,1.0
2025-09-14 04:00,33.78,33.6,34.0,60,1.0
2025-09-14 05:00,33.8,33.6,34.1,60,1.0
2025-09-14 06:00,33.82,33.6,34.1,59,0.983
2025-09-14 07:00,33.77,33.6,34.0,59,0.983
2025-09-14 08:00,33.81,33.6,34.1,59,0.983
2025-09-14 09:00,33.78,33.6,34.1,60,1.0
2025-09-14 10:00,33.69,33.5,33.9,60,1.0
2025-09-14 11:00,33.79,33.6,33.9,60,1.0
2025-09-14 12:00,33.75,33.5,34.1,60,1.0
2025-09-14 13:00,33.73,33.5,33.9,60,1.0
2025-09-14 14:00,33.62,33.5,33.9,60,1.0
2025-09-14 15:00,33.58,33.5,33.9,60,1.0
2025-09-14 16:00,33.61,33.4,33.8,60,1.0
2025-09-14 17:00,33.67,33.5,33.8,60,1.0
2025-09-14 18:00,33.54,33.4,33.9,58,0.967
2025-09-14 19:00,33.5,33.4,33.7,54,0.9
2025-09-14 20:00,33.48,33.4,33.6,46,0.767
2025-09-14 21:00,33.48,33.4,33.7,58,0.967
2025-09-14 22:00,33.54,33.4,33.7,59,0.983
2025-09-14 23:00,33.6,33.4,33.8,60,1.0
2025-09-15 00:00,33.6,33.4,33.9,60,1.0
2025-09-15 01:00,33.56,33.4,33.7,60,1.0
2025-09-15 02:00,33.52,33.4,33.7,60,1.0
2025-09-15 03:00,33.53,33.3,33.8,60,1.0
2025-09-15 04:00,33.46,33.3,33.6,60,1.0
2025-09-15 05:00,33.4,33.3,33.6,60,1.0
2025-09-15 06:00,33.39,33.3,33.6,60,1.0
2025-09-15 07:00,33.46,33.3,33.6,60,1.0
2025-09-15 08:00,33.39,33.2,33.7,57,0.95
2025-09-15 09:00,33.33,33.2,33.6,60,1.0
2025-09-15 10:00,33.29,33.2,33.5,60,1.0
2025-09-15 11:00,33.3,33.2,33.5,60,1.0
2025-09-15 12:00,33.28,33.1,33.5,60,1.0
2025-09-15 13:00,33.23,33.1,33.5,60,1.0
2025-09-15 14:00,33.21,33.1,33.4,60,1.0
2025-09-15 15:00,33.21,33.0,33.4,60,1.0
2025-09-15 16:00,33.14,33.0,33.6,59,0.983
2025-09-15 17:00,33.15,33.0,33.4,60,1.0
2025-09-15 18:00,33.24,33.0,33.4,60,1.0
2025-09-15 19:00,33.13,33.0,33.3,60,1.0
2025-09-15 20:00,33.07,33.0,33.3,60,1.0
2025-09-15 21:00,33.05,33.0,33.2,53,0.883
2025-09-15 22:00,33.05,33.0,33.2,60,1.0
2025-09-15 23:00,33.01,32.9,33.1,60,1.0
2025-09-16 00:00,33.06,32.9,33.2,60,1.0
2025-09-16 01:00,33.11,32.9,33.3,59,0.983
2025-09-16 02:00,33.12,32.9,33.3,60,1.0
2025-09-16 03:00,33.11,33.0,33.5,60,1.0
2025-09-16 04:00,33.1,33.0,33.3,60,1.0
2025-09-16 05:00,33.03,32.8,33.3,60,1.0
2025-09-16 06:00,33.0,32.8,33.2,60,1.0
2025-09-16 07:00,32.92,32.8,33.1,60,1.0
2025-09-16 08:00,32.89,32.7,33.3,60,1.0
2025-09-16 09:00,32.82,32.7,33.1,60,1.0
2025-09-16 10:00,32.84,32.6,33.1,58,0.967
2025-09-16 11:00,32.75,32.6,33.0,60,1.0
2025-09-16 12:00,32.83,32.7,33.0,60,1.0
2025-09-16 13:00,32.68,32.6,32.9,60,1.0
2025-09-16 14:00,32.77,32.5,33.0,60,1.0
2025-09-16 15:00,32.67,32.5,32.9,60,1.0
2025-09-16 16:00,32.57,32.5,32.8,60,1.0
2025-09-16 17:00,32.53,32.4,32.8,60,1.0
2025-09-16 18:00,32.54,32.4,32.7,60,1.0
2025-09-16 19:00,32.63,32.4,32.9,60,1.0
2025-09-16 20:00,32.48,32.3,32.8,60,1.0
2025-09-16 21:00,32.44,32.3,32.6,60,1.0
2025-09-16 22:00,32.4,32.3,32.6,60,1.0
2025-09-16 23:00,32.4,32.3,32.6,60,1.0
2025-09-17 00:00,32.39,32.3,32.6,60,1.0
2025-09-17 01:00,32.4,32.2,32.6,60,1.0
2025-09-17 02:00,32.38,32.2,32.5,60,1.0
2025-09-17 03:00,32.4,32.2,32.7,60,1.0
2025-09-17 04:00,32.43,32.2,32.6,60,1.0
2025-09-17 05:00,32.4,32.2,32.6,60,1.0
2025-09-17 06:00,32.37,32.2,32.6,60,1.0
2025-09-17 07:00,32.27,32.1,32.5,60,1.0
2025-09-17 08:00,32.3,32.1,32.5,60,1.0
2025-09-17 09:00,32.3,32.1,32.5,60,1.0
2025-09-17 10:00,32.21,32.1,32.4,60,1.0
2025-09-17 11:00,32.14,32.0,32.4,60,1.0
2025-09-17 12:00,32.2,32.0,32.4,60,1.0
2025-09-17 13:00,32.12,31.9,32.3,59,0.983
2025-09-17 14:00,32.11,31.9,32.3,48,0.8
2025-09-17 15:00,32.0,31.9,32.2,57,0.95
2025-09-17 16:00,31.96,31.9,32.2,60,1.0
2025-09-17 17:00,31.95,31.8,32.1,60,1.0
2025-09-17 18:00,31.93,31.8,32.1,60,1.0
2025-09-17 19:00,31.92,31.8,32.1,60,1.0
2025-09-17 20:00,31.88,31.8,32.0,60,1.0
2025-09-17 21:00,31.86,31.8,32.0,60,1.0
2025-09-17 22:00,31.85,31.7,32.0,60,1.0
2025-09-17 23:00,31.83,31.7,31.9,60,1.0
2025-09-18 00:00,31.81,31.7,32.0,60,1.0
2025-09-18 01:00,31.84,31.7,32.0,60,1.0
2025-09-18 02:00,31.84,31.7,32.1,60,1.0
2025-09-18 03:00,31.85,31.7,32.0,59,0.983
2025-09-18 04:00,31.84,31.7,32.0,60,1.0
2025-09-18 05:00,31.83,31.7,32.0,60,1.0
2025-09-18 06:00,31.82,31.6,32.0,60,1.0
2025-09-18 07:00,31.74,31.6,32.0,60,1.0
2025-09-18 08:00,31.69,31.5,31.9,60,1.0
2025-09-18 09:00,31.68,31.5,31.9,60,1.0
2025-09-18 10:00,31.6,31.5,31.8,60,1.0
2025-09-18 11:00,31.73,31.5,32.0,60,1.0
2025-09-18 12:00,31.76,31.4,32.0,60,1.0
2025-09-18 13:00,31.76,31.5,31.9,60,1.0
2025-09-18 14:00,31.56,31.4,31.8,60,1.0
2025-09-18 15:00,31.48,31.4,31.7,60,1.0
2025-09-18 16:00,31.57,31.4,31.8,60,1.0
2025-09-18 17:00,31.58,31.4,31.9,60,1.0
2025-09-18 18:00,31.49,31.3,31.9,59,0.983
2025-09-18 19:00,31.44,31.3,31.6,60,1.0
2025-09-18 20:00,31.4,31.3,31.6,60,1.0
2025-09-18 21:00,31.33,31.2,31.6,60,1.0
2025-09-18 22:00,31.32,31.2,31.5,59,0.983
2025-09-18 23:00,31.38,31.2,31.5,60,1.0
2025-09-19 00:00,31.35,31.2,31.6,60,1.0
2025-09-19 01:00,31.36,31.1,31.6,60,1.0
2025-09-19 02:00,31.23,31.1,31.4,60,1.0
2025-09-19 03:00,31.24,31.1,31.4,60,1.0
2025-09-19 04:00,31.22,31.1,31.5,60,1.0
2025-09-19 05:00,31.26,31.1,31.5,59,0.983
2025-09-19 06:00,31.27,31.1,31.5,60,1.0
2025-09-19 07:00,31.2,31.1,31.4,59,0.983
2025-09-19 08:00,31.21,31.1,31.5,60,1.0
2025-09-19 09:00,31.15,31.0,31.4,58,0.967
2025-09-19 10:00,31.25,31.1,31.4,54,0.9
2025-09-19 11:00,31.13,31.0,31.4,57,0.95
2025-09-19 12:00,31.07,31.0,31.2,57,0.95
2025-09-19 13:00,31.13,31.0,31.4,55,0.917
2025-09-19 14:00,31.08,30.9,31.3,57,0.95
2025-09-19 15:00,31.08,30.9,31.3,59,0.983
2025-09-19 16:00,31.1,30.9,31.3,52,0.867
2025-09-19 17:00,31.02,30.9,31.3,59,0.983
2025-09-19 18:00,30.99,30.8,31.2,53,0.883
2025-09-19 19:00,30.91,30.8,31.1,54,0.9
2025-09-19 20:00,30.88,30.8,31.0,60,1.0
2025-09-19 21:00,30.96,30.8,31.1,60,1.0
2025-09-19 22:00,30.87,30.8,31.0,57,0.95
2025-09-19 23:00,30.83,30.7,31.0,46,0.767
2025-09-20 00:00,30.84,30.6,31.2,54,0.9
2025-09-20 01:00,30.83,30.7,31.0,49,0.817
2025-09-20 02:00,30.88,30.7,31.1,60,1.0
2025-09-20 03:00,30.85,30.6,31.1,60,1.0
2025-09-20 04:00,30.72,30.6,31.0,60,1.0
2025-09-20 05:00,30.77,30.6,31.0,58,0.967
2025-09-20 06:00,30.82,30.6,31.0,59,0.983
2025-09-20 07:00,30.76,30.6,31.0,60,1.0
2025-09-20 08:00,30.7,30.6,31.0,60,1.0
2025-09-20 09:00,30.74,30.6,30.9,59,0.983
2025-09-20 10:00,30.7,30.6,30.9,60,1.0
2025-09-20 11:00,30.65,30.5,30.8,59,0.983
2025-09-20 12:00,30.63,30.5,30.8,58,0.967
2025-09-20 13:00,30.67,30.5,30.9,57,0.95
2025-09-20 14:00,30.61,30.5,30.8,59,0.983
2025-09-20 15:00,30.65,30.5,30.8,60,1.0
2025-09-20 16:00,30.67,30.5,30.9,56,0.933
2025-09-20 17:00,30.52,30.4,30.8,60,1.0
2025-09-20 18:00,30.51,30.4,30.7,60,1.0
2025-09-20 19:00,30.53,30.4,30.8,59,0.983
2025-09-20 20:00,30.6,30.4,30.8,60,1.0
2025-09-20 21:00,30.52,30.4,30.8,60,1.0
2025-09-20 22:00,30.48,30.4,30.7,59,0.983
2025-09-20 23:00,30.46,30.4,30.6,60,1.0
2025-09-21 00:00,30.42,30.3,30.5,60,1.0
2025-09-21 01:00,30.41,30.3,30.6,59,0.983
2025-09-21 02:00,30.4,30.3,30.7,60,1.0
2025-09-21 03:00,30.41,30.3,30.6,58,0.967
2025-09-21 04:00,30.37,30.3,30.5,19,0.317
2025-09-21 08:00,30.51,30.4,30.6,15,0.25
2025-09-21 09:00,30.45,30.3,30.8,60,1.0
2025-09-21 10:00,30.42,30.3,30.6,58,0.967
2025-09-21 11:00,30.37,30.2,30.5,59,0.983
2025-09-21 12:00,30.26,30.2,30.4,58,0.967
2025-09-21 13:00,30.23,30.2,30.4,58,0.967
2025-09-21 14:00,30.21,30.1,30.4,57,0.95
2025-09-21 15:00,30.27,30.1,30.5,60,1.0
2025-09-21 16:00,30.17,30.1,30.4,59,0.983
2025-09-21 17:00,30.17,30.1,30.4,59,0.983
2025-09-21 18:00,30.24,30.1,30.4,60,1.0
2025-09-21 19:00,30.22,30.1,30.4,60,1.0
2025-09-21 20:00,30.17,30.0,30.4,60,1.0
2025-09-21 21:00,30.12,30.0,30.3,60,1.0
2025-09-21 22:00,30.08,30.0,30.2,60,1.0
2025-09-21 23:00,30.07,30.0,30.2,60,1.0
2025-09-22 00:00,30.06,30.0,30.2,58,0.967
2025-09-22 01:00,30.05,30.0,30.2,60,1.0
2025-09-22 02:00,30.08,30.0,30.2,60,1.0
2025-09-22 03:00,30.06,30.0,30.3,60,1.0
2025-09-22 04:00,30.07,29.9,30.3,59,0.983
2025-09-22 05:00,30.11,29.9,30.3,58,0.967
2025-09-22 06:00,30.11,29.9,30.3,57,0.95
2025-09-22 07:00,30.03,29.9,30.3,51,0.85
2025-09-22 08:00,30.05,29.9,30.3,43,0.717
2025-09-22 09:00,30.06,29.9,30.2,57,0.95
2025-09-22 10:00,30.04,29.9,30.2,47,0.783
2025-09-22 11:00,30.01,29.8,30.2,41,0.683
2025-09-22 12:00,29.88,29.8,30.1,42,0.7
2025-09-22 13:00,29.84,29.8,29.9,46,0.767
2025-09-22 14:00,29.81,29.7,30.1,32,0.533
2025-09-22 15:00,29.9,29.8,30.1,46,0.767
2025-09-22 16:00,29.78,29.7,29.9,50,0.833
2025-09-22 17:00,29.79,29.7,30.0,58,0.967
2025-09-22 18:00,29.82,29.7,30.0,58,0.967
2025-09-22 19:00,29.85,29.7,30.0,58,0.967
2025-09-22 20:00,29.75,29.6,30.0,59,0.983
2025-09-22 21:00,29.7,29.6,29.9,59,0.983
2025-09-22 22:00,29.67,29.6,29.8,60,1.0
2025-09-22 23:00,29.68,29.6,29.9,57,0.95
2025-09-23 00:00,29.65,29.6,29.8,50,0.833
2025-09-23 01:00,29.65,29.6,29.8,48,0.8
2025-09-23 02:00,29.62,29.5,29.8,57,0.95
2025-09-23 03:00,29.63,29.5,29.8,55,0.917
2025-09-23 04:00,29.62,29.5,29.8,57,0.95
2025-09-23 05:00,29.63,29.5,29.8,58,0.967
2025-09-23 06:00,29.62,29.5,29.8,45,0.75
2025-09-23 07:00,29.61,29.5,29.8,14,0.233
2025-09-23 08:00,29.6,29.5,29.7,3,0.05
2025-09-23 09:00,29.57,29.5,29.6,3,0.05
2025-09-23 10:00,29.72,29.5,29.9,54,0.9
2025-09-23 11:00,30.02,29.8,30.2,54,0.9
2025-09-23 12:00,29.95,29.8,30.3,57,0.95
2025-09-23 13:00,30.03,29.8,30.2,58,0.967
2025-09-23 14:00,29.97,29.8,30.2,58,0.967
2025-09-23 15:00,29.99,29.8,30.2,60,1.0
2025-09-23 16:00,29.94,29.8,30.2,60,1.0
2025-09-23 17:00,29.88,29.7,30.1,60,1.0
2025-09-23 18:00,29.8,29.7,30.0,60,1.0
2025-09-23 19:00,29.8,29.7,30.2,60,1.0
2025-09-23 20:00,29.81,29.7,30.0,60,1.0
2025-09-23 21:00,29.78,29.6,30.0,60,1.0
2025-09-23 22:00,29.76,29.7,29.9,60,1.0
2025-09-23 23:00,29.8,29.7,30.0,60,1.0
2025-09-24 00:00,29.88,29.7,30.1,60,1.0
2025-09-24 01:00,29.91,29.8,30.2,60,1.0
2025-09-24 02:00,29.85,29.7,30.1,60,1.0
2025-09-24 03:00,29.85,29.7,30.0,60,1.0
2025-09-24 04:00,29.89,29.7,30.1,60,1.0
2025-09-24 05:00,29.88,29.7,30.1,60,1.0
2025-09-24 06:00,29.81,29.7,30.0,60,1.0
2025-09-24 07:00,29.76,29.6,29.9,60,1.0
2025-09-24 08:00,29.82,29.6,30.1,60,1.0
2025-09-24 09:00,29.72,29.6,29.9,60,1.0
2025-09-24 10:00,29.72,29.6,30.0,60,1.0
2025-09-24 11:00,29.78,29.6,30.1,60,1.0
2025-09-24 12:00,29.74,29.6,30.0,59,0.983
2025-09-24 13:00,29.69,29.5,29.9,60,1.0
2025-09-24 14:00,29.85,29.6,30.0,60,1.0
2025-09-24 15:00,29.82,29.6,30.0,60,1.0
2025-09-24 16:00,29.79,29.6,30.0,60,1.0
2025-09-24 17:00,29.75,29.6,30.0,60,1.0
2025-09-24 18:00,29.67,29.5,29.9,60,1.0
2025-09-24 19:00,29.65,29.5,29.8,60,1.0
2025-09-24 20:00,29.61,29.5,29.8,60,1.0
2025-09-24 21:00,29.61,29.5,29.8,60,1.0
2025-09-24 22:00,29.64,29.5,29.8,60,1.0
2025-09-24 23:00,29.61,29.5,29.8,60,1.0
2025-09-25 00:00,29.62,29.5,29.8,60,1.0
2025-09-25 01:00,29.64,29.5,29.9,60,1.0
2025-09-25 02:00,29.71,29.5,29.9,60,1.0
2025-09-25 03:00,29.7,29.5,30.0,60,1.0
2025-09-25 04:00,29.66,29.5,29.9,60,1.0
2025-09-25 05:00,29.6,29.4,29.8,60,1.0
2025-09-25 06:00,29.59,29.4,29.7,60,1.0
2025-09-25 07:00,29.59,29.4,29.9,60,1.0
2025-09-25 08:00,29.57,29.4,29.8,60,1.0
2025-09-25 09:00,29.52,29.4,29.7,60,1.0
2025-09-25 10:00,29.51,29.4,29.7,60,1.0
2025-09-25 11:00,29.6,29.4,30.0,60,1.0
2025-09-25 12:00,29.64,29.4,29.8,60,1.0
2025-09-25 13:00,29.67,29.5,29.9,60,1.0
2025-09-25 14:00,29.58,29.4,29.8,60,1.0
2025-09-25 15:00,29.56,29.4,29.8,60,1.0
2025-09-25 16:00,29.6,29.4,29.8,60,1.0
2025-09-25 17:00,29.63,29.4,29.8,60,1.0
2025-09-25 18:00,29.62,29.4,30.0,60,1.0
2025-09-25 19:00,29.65,29.4,30.0,60,1.0
2025-09-25 20:00,29.85,29.7,30.0,60,1.0
2025-09-25 21:00,29.84,29.6,30.0,60,1.0
2025-09-25 22:00,29.88,29.7,30.2,59,0.983
2025-09-25 23:00,29.84,29.6,30.1,60,1.0
2025-09-26 00:00,29.84,29.6,30.0,60,1.0
2025-09-26 01:00,29.83,29.6,30.1,60,1.0
2025-09-26 02:00,29.81,29.6,30.0,60,1.0
2025-09-26 03:00,29.81,29.6,30.0,60,1.0
2025-09-26 04:00,29.78,29.6,30.0,60,1.0
2025-09-26 05:00,29.72,29.6,29.9,60,1.0
2025-09-26 06:00,29.68,29.5,30.1,60,1.0
2025-09-26 07:00,29.7,29.6,29.9,60,1.0
2025-09-26 08:00,29.69,29.5,29.9,60,1.0
2025-09-26 09:00,29.74,29.6,29.9,60,1.0
2025-09-26 10:00,29.62,29.5,29.8,60,1.0
2025-09-26 11:00,29.63,29.5,29.8,60,1.0
2025-09-26 12:00,29.71,29.5,29.9,60,1.0
2025-09-26 13:00,29.61,29.5,29.8,60,1.0
2025-09-26 14:00,29.64,29.5,29.8,60,1.0
2025-09-26 15:00,29.58,29.5,29.8,60,1.0
2025-09-26 16:00,29.6,29.4,29.9,60,1.0
2025-09-26 17:00,29.64,29.5,29.9,60,1.0
2025-09-26 18:00,29.65,29.5,29.8,60,1.0
2025-09-26 19:00,29.54,29.4,29.8,60,1.0
2025-09-26 20:00,29.54,29.4,29.7,59,0.983
2025-09-26 21:00,29.51,29.4,29.7,41,0.683
2025-09-26 22:00,29.51,29.4,29.7,58,0.967
2025-09-26 23:00,29.49,29.4,29.7,60,1.0
2025-09-27 00:00,29.51,29.4,29.8,60,1.0
2025-09-27 01:00,29.6,29.4,29.9,60,1.0
2025-09-27 02:00,29.57,29.4,29.7,60,1.0
2025-09-27 03:00,29.47,29.4,29.7,60,1.0
2025-09-27 04:00,29.5,29.3,29.8,60,1.0
2025-09-27 05:00,29.48,29.3,29.6,60,1.0
2025-09-27 06:00,29.55,29.4,29.8,60,1.0
2025-09-27 07:00,29.55,29.4,29.9,60,1.0
2025-09-27 08:00,29.51,29.3,29.7,59,0.983
2025-09-27 09:00,29.53,29.4,29.7,60,1.0
2025-09-27 10:00,29.48,29.3,29.7,60,1.0
2025-09-27 11:00,29.44,29.3,29.6,60,1.0
2025-09-27 12:00,29.51,29.3,29.7,58,0.967
2025-09-27 13:00,29.52,29.4,29.7,59,0.983
2025-09-27 14:00,29.42,29.3,29.6,58,0.967
2025-09-27 15:00,29.42,29.3,29.6,60,1.0
2025-09-27 16:00,29.38,29.2,29.6,60,1.0
2025-09-27 17:00,29.33,29.2,29.5,60,1.0
2025-09-27 18:00,29.38,29.2,29.7,60,1.0
2025-09-27 19:00,29.44,29.3,29.6,60,1.0
2025-09-27 20:00,29.45,29.3,29.7,58,0.967
2025-09-27 21:00,29.43,29.2,29.6,60,1.0
2025-09-27 22:00,29.43,29.3,29.6,60,1.0
2025-09-27 23:00,29.42,29.2,29.6,60,1.0
2025-09-28 00:00,29.43,29.3,29.8,60,1.0
2025-09-28 01:00,29.41,29.2,29.6,60,1.0
2025-09-28 02:00,29.38,29.2,29.6,60,1.0
2025-09-28 03:00,29.37,29.2,29.5,60,1.0
2025-09-28 04:00,29.37,29.2,29.6,60,1.0
2025-09-28 05:00,29.29,29.2,29.5,60,1.0
2025-09-28 06:00,29.25,29.2,29.4,60,1.0
2025-09-28 07:00,29.27,29.2,29.5,60,1.0
2025-09-28 08:00,29.31,29.1,29.5,60,1.0
2025-09-28 09:00,29.25,29.1,29.4,59,0.983
2025-09-28 10:00,29.22,29.1,29.4,60,1.0
2025-09-28 11:00,29.34,29.2,29.5,60,1.0
2025-09-28 12:00,29.29,29.1,29.4,60,1.0
2025-09-28 13:00,29.24,29.1,29.5,60,1.0
2025-09-28 14:00,29.18,29.1,29.4,60,1.0
2025-09-28 15:00,29.27,29.1,29.5,60,1.0
2025-09-28 16:00,29.29,29.1,29.4,55,0.917
2025-09-28 17:00,29.24,29.1,29.6,60,1.0
2025-09-28 18:00,29.2,29.1,29.4,60,1.0
2025-09-28 19:00,29.21,29.1,29.4,59,0.983
2025-09-28 20:00,29.16,29.1,29.3,59,0.983
2025-09-28 21:00,29.14,29.1,29.3,56,0.933
2025-09-28 22:00,29.22,29.0,29.5,56,0.933
2025-09-28 23:00,29.25,29.0,29.4,56,0.933
2025-09-29 00:00,29.17,29.0,29.4,59,0.983
2025-09-29 01:00,29.22,29.0,29.4,56,0.933
2025-09-29 02:00,29.2,29.0,29.5,47,0.783
2025-09-29 03:00,29.14,29.0,29.3,51,0.85
2025-09-29 04:00,29.15,29.0,29.4,51,0.85
2025-09-29 05:00,29.11,29.0,29.3,51,0.85
2025-09-29 06:00,29.12,29.0,29.3,59,0.983
2025-09-29 07:00,29.13,29.1,29.3,34,0.567
2025-09-29 08:00,29.14,29.0,29.3,40,0.667
2025-09-29 09:00,29.19,29.0,29.5,28,0.467
2025-09-29 10:00,29.1,29.0,29.3,36,0.6
2025-09-29 11:00,29.18,29.1,29.3,48,0.8
2025-09-29 12:00,29.09,29.0,29.3,48,0.8
2025-09-29 13:00,29.05,29.0,29.3,44,0.733
2025-09-29 14:00,29.07,28.9,29.3,54,0.9
2025-09-29 15:00,29.11,29.0,29.3,42,0.7
2025-09-29 16:00,29.08,28.9,29.4,19,0.317
2025-09-29 17:00,29.03,28.9,29.2,54,0.9
2025-09-29 18:00,29.11,29.0,29.4,59,0.983
2025-09-29 19:00,29.15,29.0,29.4,60,1.0
2025-09-29 20:00,29.13,29.0,29.3,60,1.0
2025-09-29 21:00,29.15,29.0,29.3,60,1.0
2025-09-29 22:00,29.18,29.0,29.3,60,1.0
2025-09-29 23:00,29.13,28.9,29.2,59,0.983
2025-09-30 00:00,29.09,28.9,29.3,58,0.967
2025-09-30 01:00,29.1,28.9,29.3,60,1.0
2025-09-30 02:00,29.05,28.9,29.2,60,1.0
2025-09-30 03:00,29.06,28.9,29.3,60,1.0
2025-09-30 04:00,29.05,28.9,29.3,58,0.967
2025-09-30 05:00,29.05,28.9,29.2,57,0.95
2025-09-30 06:00,29.06,29.0,29.2,59,0.983
2025-09-30 07:00,29.12,28.9,29.4,58,0.967
2025-09-30 08:00,29.07,29.0,29.2,49,0.817
2025-09-30 09:00,29.09,29.0,29.2,41,0.683
2025-09-30 10:00,29.14,29.0,29.3,38,0.633
2025-09-30 11:00,29.12,28.9,29.4,57,0.95
2025-09-30 12:00,29.05,28.9,29.2,47,0.783
2025-09-30 13:00,29.07,28.9,29.3,38,0.633
2025-09-30 14:00,29.0,28.9,29.1,21,0.35
2025-09-30 15:00,29.0,28.9,29.2,32,0.533
2025-09-30 16:00,29.1,28.9,29.3,58,0.967
2025-09-30 17:00,29.06,28.9,29.3,60,1.0
2025-09-30 18:00,29.09,28.9,29.4,60,1.0
2025-09-30 19:00,29.1,29.0,29.2,59,0.983
2025-09-30 20:00,29.16,28.9,29.5,59,0.983
2025-09-30 21:00,29.15,29.0,29.4,60,1.0
2025-09-30 22:00,29.1,28.9,29.3,60,1.0
2025-09-30 23:00,29.09,28.9,29.4,60,1.0
2025-10-01 00:00,29.04,28.9,29.3,59,0.983
2025-10-01 01:00,29.03,28.9,29.3,59,0.983
2025-10-01 02:00,29.02,28.9,29.3,60,1.0
2025-10-01 03:00,29.02,28.9,29.2,60,1.0
2025-10-01 04:00,29.05,28.9,29.3,60,1.0
2025-10-01 05:00,29.01,28.9,29.2,60,1.0
2025-10-01 06:00,29.01,28.9,29.2,60,1.0
2025-10-01 07:00,29.07,28.9,29.3,55,0.917
2025-10-01 08:00,29.04,28.9,29.3,55,0.917
2025-10-01 09:00,29.04,28.9,29.4,50,0.833
2025-10-01 10:00,28.99,28.9,29.1,56,0.933
2025-10-01 11:00,29.06,28.9,29.3,51,0.85
2025-10-01 12:00,29.09,28.9,29.3,45,0.75
2025-10-01 13:00,28.99,28.9,29.3,50,0.833
2025-10-01 14:00,29.01,28.9,29.3,46,0.767
2025-10-01 15:00,29.08,28.9,29.4,53,0.883
2025-10-01 16:00,29.1,28.9,29.3,59,0.983
2025-10-01 17:00,29.14,28.9,29.4,56,0.933
2025-10-01 18:00,29.17,29.0,29.4,60,1.0
2025-10-01 19:00,29.13,29.0,29.3,59,0.983
2025-10-01 20:00,29.12,29.0,29.3,58,0.967
2025-10-01 21:00,29.15,29.0,29.5,57,0.95
2025-10-01 22:00,29.21,29.0,29.4,57,0.95
2025-10-01 23:00,29.19,29.0,29.4,60,1.0
2025-10-02 00:00,29.18,29.0,29.3,57,0.95
2025-10-02 01:00,29.16,29.0,29.4,57,0.95
2025-10-02 02:00,29.19,29.0,29.5,59,0.983
2025-10-02 03:00,29.15,29.0,29.4,54,0.9
2025-10-02 04:00,29.09,28.9,29.3,56,0.933
2025-10-02 05:00,29.08,29.0,29.3,51,0.85
2025-10-02 06:00,29.07,29.0,29.3,58,0.967
2025-10-02 07:00,29.12,29.0,29.3,37,0.617
2025-10-02 08:00,29.1,29.0,29.3,48,0.8
2025-10-02 09:00,29.1,29.0,29.3,44,0.733
2025-10-02 10:00,29.08,28.9,29.2,47,0.783
2025-10-02 11:00,29.05,28.9,29.2,48,0.8
2025-10-02 12:00,29.14,29.0,29.3,44,0.733
2025-10-02 13:00,29.13,29.0,29.4,54,0.9
2025-10-02 14:00,29.04,28.9,29.2,55,0.917
2025-10-02 15:00,29.02,28.9,29.2,52,0.867
2025-10-02 16:00,29.01,28.9,29.2,52,0.867
2025-10-02 17:00,28.98,28.9,29.2,58,0.967
2025-10-02 18:00,28.98,28.9,29.1,46,0.767
2025-10-02 19:00,29.03,28.9,29.2,51,0.85
2025-10-02 20:00,29.03,28.8,29.3,50,0.833
2025-10-02 21:00,29.0,28.8,29.2,50,0.833
2025-10-02 22:00,29.02,28.8,29.3,52,0.867
2025-10-02 23:00,28.98,28.8,29.2,50,0.833
2025-10-03 00:00,28.94,28.8,29.1,50,0.833
2025-10-03 01:00,28.93,28.8,29.2,55,0.917
2025-10-03 02:00,28.92,28.8,29.1,57,0.95
2025-10-03 03:00,28.9,28.8,29.1,56,0.933
2025-10-03 04:00,28.92,28.8,29.2,57,0.95
2025-10-03 05:00,28.95,28.8,29.2,60,1.0
2025-10-03 06:00,28.93,28.8,29.1,60,1.0
2025-10-03 07:00,28.9,28.7,29.2,60,1.0
2025-10-03 08:00,28.91,28.7,29.1,57,0.95
2025-10-03 09:00,28.91,28.7,29.1,57,0.95
2025-10-03 10:00,28.86,28.7,29.2,54,0.9
2025-10-03 11:00,28.88,28.7,29.1,53,0.883
2025-10-03 12:00,28.86,28.7,29.1,60,1.0
2025-10-03 13:00,28.87,28.7,29.0,60,1.0
2025-10-03 14:00,28.78,28.6,28.9,60,1.0
2025-10-03 15:00,28.8,28.6,29.2,60,1.0
2025-10-03 16:00,28.78,28.6,29.1,60,1.0
2025-10-03 17:00,28.8,28.6,29.0,60,1.0
2025-10-03 18:00,28.76,28.6,28.9,60,1.0
2025-10-03 19:00,28.7,28.6,28.8,60,1.0
2025-10-03 20:00,28.69,28.6,28.8,60,1.0
2025-10-03 21:00,28.68,28.6,29.0,60,1.0
2025-10-03 22:00,28.72,28.6,28.9,60,1.0
2025-10-03 23:00,28.78,28.6,29.0,60,1.0
2025-10-04 00:00,28.8,28.7,29.0,60,1.0
2025-10-04 01:00,28.8,28.7,29.0,60,1.0
2025-10-04 02:00,28.76,28.6,28.9,60,1.0
2025-10-04 03:00,28.73,28.6,28.9,59,0.983
2025-10-04 04:00,28.68,28.5,28.8,59,0.983
2025-10-04 05:00,28.67,28.5,28.9,60,1.0
2025-10-04 06:00,28.72,28.5,28.9,60,1.0
2025-10-04 07:00,28.65,28.5,28.8,60,1.0
2025-10-04 08:00,28.68,28.5,28.9,60,1.0
2025-10-04 09:00,28.62,28.5,28.8,60,1.0
2025-10-04 10:00,28.64,28.5,28.9,60,1.0
2025-10-04 11:00,28.56,28.4,28.7,60,1.0
2025-10-04 12:00,28.52,28.4,28.7,60,1.0
2025-10-04 13:00,28.54,28.4,28.8,60,1.0
2025-10-04 14:00,28.52,28.4,28.7,60,1.0
2025-10-04 15:00,28.54,28.4,28.7,60,1.0
2025-10-04 16:00,28.48,28.4,28.7,60,1.0
2025-10-04 17:00,28.47,28.3,28.7,60,1.0
2025-10-04 18:00,28.49,28.3,28.7,60,1.0
2025-10-04 19:00,28.46,28.3,28.7,60,1.0
2025-10-04 20:00,28.48,28.3,28.7,60,1.0
2025-10-04 21:00,28.52,28.3,28.7,60,1.0
2025-10-04 22:00,28.51,28.3,28.7,60,1.0
2025-10-04 23:00,28.46,28.3,28.7,60,1.0
2025-10-05 00:00,28.45,28.3,28.6,60,1.0
2025-10-05 01:00,28.43,28.3,28.6,60,1.0
2025-10-05 02:00,28.45,28.2,28.8,60,1.0
2025-10-05 03:00,28.4,28.2,28.7,60,1.0
2025-10-05 04:00,28.35,28.2,28.6,60,1.0
2025-10-05 05:00,28.34,28.2,28.5,48,0.8
2025-10-05 06:00,28.34,28.2,28.5,55,0.917
2025-10-05 07:00,28.34,28.2,28.5,60,1.0
2025-10-05 08:00,28.49,28.3,28.7,60,1.0
2025-10-05 09:00,28.58,28.4,28.8,60,1.0
2025-10-05 10:00,28.55,28.4,28.7,60,1.0
2025-10-05 11:00,28.56,28.4,29.0,60,1.0
2025-10-05 12:00,28.52,28.4,28.8,60,1.0
2025-10-05 13:00,28.51,28.3,28.7,60,1.0
2025-10-05 14:00,28.5,28.4,28.7,60,1.0
2025-10-05 15:00,28.49,28.3,28.7,60,1.0
2025-10-05 16:00,28.5,28.3,28.7,60,1.0
2025-10-05 17:00,28.47,28.3,28.7,60,1.0
2025-10-05 18:00,28.44,28.3,28.7,60,1.0
2025-10-05 19:00,28.42,28.3,28.6,60,1.0
2025-10-05 20:00,28.42,28.3,28.6,60,1.0
2025-10-05 21:00,28.39,28.2,28.6,60,1.0
2025-10-05 22:00,28.39,28.2,28.6,60,1.0
2025-10-05 23:00,28.36,28.2,28.7,60,1.0
2025-10-06 00:00,28.4,28.2,28.9,60,1.0
2025-10-06 01:00,28.37,28.2,28.6,60,1.0
2025-10-06 02:00,28.37,28.2,28.7,60,1.0
2025-10-06 03:00,28.38,28.2,28.7,60,1.0
2025-10-06 04:00,28.38,28.2,28.8,60,1.0
2025-10-06 05:00,28.36,28.2,28.6,60,1.0
2025-10-06 06:00,28.29,28.2,28.5,60,1.0
2025-10-06 07:00,28.34,28.1,28.6,60,1.0
2025-10-06 08:00,28.37,28.2,28.5,60,1.0
2025-10-06 09:00,28.32,28.1,28.5,60,1.0
2025-10-06 10:00,28.28,28.1,28.5,60,1.0
2025-10-06 11:00,28.35,28.1,28.5,60,1.0
2025-10-06 12:00,28.28,28.1,28.4,60,1.0
2025-10-06 13:00,28.22,28.1,28.5,60,1.0
2025-10-06 14:00,28.21,28.1,28.4,51,0.85
2025-10-06 15:00,28.3,28.2,28.4,42,0.7
2025-10-06 16:00,28.26,28.0,28.5,57,0.95
2025-10-06 17:00,28.24,28.1,28.4,60,1.0
2025-10-06 18:00,28.23,28.0,28.5,60,1.0
2025-10-06 19:00,28.18,28.1,28.4,53,0.883
2025-10-06 20:00,28.17,28.0,28.4,58,0.967
2025-10-06 21:00,28.16,28.0,28.4,60,1.0
2025-10-06 22:00,28.16,28.0,28.4,60,1.0
2025-10-06 23:00,28.13,28.0,28.3,60,1.0
2025-10-07 00:00,28.13,28.0,28.3,60,1.0
2025-10-07 01:00,28.13,28.0,28.3,60,1.0
2025-10-07 02:00,28.16,28.0,28.4,60,1.0
2025-10-07 03:00,28.13,28.0,28.3,60,1.0
2025-10-07 04:00,28.15,28.0,28.4,60,1.0
2025-10-07 05:00,28.13,28.0,28.3,59,0.983
2025-10-07 06:00,28.08,28.0,28.3,60,1.0
2025-10-07 07:00,28.14,28.0,28.3,60,1.0
2025-10-07 08:00,28.11,27.9,28.3,60,1.0
2025-10-07 09:00,28.08,28.0,28.3,60,1.0
2025-10-07 10:00,28.09,28.0,28.2,59,0.983
2025-10-07 11:00,28.13,28.0,28.4,60,1.0
2025-10-07 12:00,28.15,28.0,28.5,60,1.0
2025-10-07 13:00,28.11,27.9,28.3,56,0.933
2025-10-07 14:00,28.07,27.9,28.3,54,0.9
2025-10-07 15:00,28.0,27.9,28.3,60,1.0
2025-10-07 16:00,28.01,27.9,28.2,60,1.0
2025-10-07 17:00,28.05,27.9,28.3,60,1.0
2025-10-07 18:00,28.05,27.9,28.3,60,1.0
2025-10-07 19:00,28.05,27.9,28.2,60,1.0
2025-10-07 20:00,28.08,27.8,28.3,60,1.0
2025-10-07 21:00,28.03,27.9,28.3,60,1.0
2025-10-07 22:00,27.99,27.9,28.2,60,1.0
2025-10-07 23:00,27.99,27.9,28.3,60,1.0
2025-10-08 00:00,27.97,27.8,28.3,60,1.0
2025-10-08 01:00,27.95,27.8,28.2,60,1.0
2025-10-08 02:00,27.98,27.8,28.2,60,1.0
2025-10-08 03:00,28.02,27.8,28.3,60,1.0
2025-10-08 04:00,27.95,27.8,28.1,60,1.0
2025-10-08 05:00,27.97,27.8,28.2,60,1.0
2025-10-08 06:00,27.95,27.8,28.2,60,1.0
2025-10-08 07:00,27.94,27.8,28.1,60,1.0
2025-10-08 08:00,27.99,27.8,28.2,60,1.0
2025-10-08 09:00,27.98,27.8,28.2,60,1.0
2025-10-08 10:00,27.97,27.8,28.1,60,1.0
2025-10-08 11:00,27.92,27.8,28.3,60,1.0
2025-10-08 12:00,27.86,27.8,28.0,60,1.0
2025-10-08 13:00,27.85,27.8,28.1,60,1.0
2025-10-08 14:00,27.91,27.8,28.1,60,1.0
2025-10-08 15:00,27.88,27.7,28.1,60,1.0
2025-10-08 16:00,27.84,27.7,28.0,60,1.0
2025-10-08 17:00,27.89,27.7,28.1,60,1.0
2025-10-08 18:00,27.92,27.7,28.2,60,1.0
2025-10-08 19:00,27.87,27.7,28.0,60,1.0
2025-10-08 20:00,27.83,27.7,28.0,60,1.0
2025-10-08 21:00,27.84,27.7,28.1,60,1.0
2025-10-08 22:00,27.81,27.7,28.0,60,1.0
2025-10-08 23:00,27.82,27.7,28.1,60,1.0
2025-10-09 00:00,27.81,27.7,28.1,60,1.0
2025-10-09 01:00,27.8,27.7,28.0,60,1.0
2025-10-09 02:00,27.8,27.7,28.1,60,1.0
2025-10-09 03:00,27.8,27.7,28.0,60,1.0
2025-10-09 04:00,27.79,27.7,28.0,60,1.0
2025-10-09 05:00,27.78,27.7,27.9,60,1.0
2025-10-09 06:00,27.78,27.7,28.0,60,1.0
2025-10-09 07:00,27.78,27.6,28.1,60,1.0
2025-10-09 08:00,27.8,27.7,28.1,60,1.0
2025-10-09 09:00,27.77,27.7,27.9,60,1.0
2025-10-09 10:00,27.76,27.7,27.9,60,1.0
2025-10-09 11:00,27.78,27.6,28.0,60,1.0
2025-10-09 12:00,27.76,27.6,27.9,60,1.0
2025-10-09 13:00,27.74,27.6,27.9,60,1.0
2025-10-09 14:00,27.74,27.6,28.0,60,1.0
2025-10-09 15:00,27.74,27.6,27.9,60,1.0
2025-10-09 16:00,27.8,27.6,28.0,60,1.0
2025-10-09 17:00,27.77,27.6,27.9,60,1.0
2025-10-09 18:00,27.73,27.6,27.9,46,0.767
2025-10-09 19:00,27.74,27.6,27.9,55,0.917
2025-10-09 20:00,27.71,27.6,28.0,60,1.0
2025-10-09 21:00,27.71,27.6,28.0,60,1.0
2025-10-09 22:00,27.7,27.6,27.9,60,1.0
2025-10-09 23:00,27.7,27.6,27.9,60,1.0
2025-10-10 00:00,27.69,27.6,27.9,60,1.0
2025-10-10 01:00,27.7,27.6,27.9,60,1.0
2025-10-10 02:00,27.7,27.5,28.0,60,1.0
2025-10-10 03:00,27.7,27.5,27.9,60,1.0
2025-10-10 04:00,27.68,27.6,27.9,60,1.0
2025-10-10 05:00,27.69,27.6,27.8,60,1.0
2025-10-10 06:00,27.68,27.6,27.8,60,1.0
2025-10-10 07:00,27.68,27.5,27.8,60,1.0
2025-10-10 08:00,27.68,27.5,27.9,60,1.0
2025-10-10 09:00,27.69,27.5,28.0,60,1.0
2025-10-10 10:00,27.69,27.5,27.9,60,1.0
2025-10-10 11:00,27.62,27.5,27.9,59,0.983
2025-10-10 12:00,27.62,27.5,27.9,60,1.0
2025-10-10 13:00,27.55,27.4,27.6,59,0.983
2025-10-10 14:00,27.62,27.5,27.8,60,1.0
2025-10-10 15:00,27.57,27.4,27.7,60,1.0
2025-10-10 16:00,27.55,27.4,27.8,60,1.0
2025-10-10 17:00,27.61,27.4,27.8,60,1.0
2025-10-10 18:00,27.58,27.4,27.8,60,1.0
2025-10-10 19:00,27.54,27.4,27.8,60,1.0
2025-10-10 20:00,27.54,27.4,27.7,60,1.0
2025-10-10 21:00,27.56,27.4,27.8,60,1.0
2025-10-10 22:00,27.53,27.4,27.7,60,1.0
2025-10-10 23:00,27.49,27.4,27.8,60,1.0
2025-10-11 00:00,27.51,27.4,27.8,60,1.0
2025-10-11 01:00,27.48,27.4,27.6,60,1.0
2025-10-11 02:00,27.5,27.4,27.8,60,1.0
2025-10-11 03:00,27.46,27.3,27.6,60,1.0
2025-10-11 04:00,27.46,27.3,27.7,60,1.0
2025-10-11 05:00,27.48,27.3,27.6,60,1.0
2025-10-11 06:00,27.46,27.3,27.7,60,1.0
2025-10-11 07:00,27.45,27.3,27.7,60,1.0
2025-10-11 08:00,27.49,27.3,27.8,60,1.0
2025-10-11 09:00,27.45,27.3,27.6,60,1.0
2025-10-11 10:00,27.47,27.4,27.6,60,1.0
2025-10-11 11:00,27.38,27.3,27.6,59,0.983
2025-10-11 12:00,27.37,27.3,27.6,60,1.0
2025-10-11 13:00,27.4,27.3,27.7,60,1.0
2025-10-11 14:00,27.42,27.3,27.6,60,1.0
2025-10-11 15:00,27.35,27.2,27.5,60,1.0
2025-10-11 16:00,27.42,27.2,27.6,60,1.0
2025-10-11 17:00,27.33,27.2,27.6,60,1.0
2025-10-11 18:00,27.29,27.2,27.4,60,1.0
2025-10-11 19:00,27.29,27.2,27.6,60,1.0
2025-10-11 20:00,27.33,27.2,27.6,60,1.0
2025-10-11 21:00,27.34,27.2,27.6,60,1.0
2025-10-11 22:00,27.4,27.2,27.6,60,1.0
2025-10-11 23:00,27.32,27.2,27.5,60,1.0
2025-10-12 00:00,27.26,27.2,27.4,59,0.983
2025-10-12 01:00,27.17,26.8,27.4,60,1.0
2025-10-12 02:00,26.86,26.7,27.1,60,1.0
2025-10-12 03:00,26.88,26.7,27.1,60,1.0
2025-10-12 04:00,26.84,26.7,27.2,60,1.0
2025-10-12 05:00,26.88,26.7,27.1,60,1.0
2025-10-12 06:00,26.85,26.7,27.1,60,1.0
2025-10-12 07:00,26.83,26.7,27.0,60,1.0
2025-10-12 08:00,26.86,26.7,27.0,60,1.0
2025-10-12 09:00,26.83,26.7,27.1,60,1.0
2025-10-12 10:00,26.8,26.7,27.0,60,1.0
2025-10-12 11:00,26.77,26.7,27.0,59,0.983
2025-10-12 12:00,26.81,26.7,27.0,60,1.0
2025-10-12 13:00,26.79,26.7,27.0,60,1.0
2025-10-12 14:00,26.78,26.6,27.1,60,1.0
2025-10-12 15:00,26.81,26.6,27.1,60,1.0
2025-10-12 16:00,26.76,26.6,26.9,60,1.0
2025-10-12 17:00,26.75,26.6,27.0,55,0.917
2025-10-12 18:00,26.79,26.6,27.0,50,0.833
2025-10-12 19:00,26.78,26.7,26.9,48,0.8
2025-10-12 20:00,26.77,26.6,26.9,60,1.0
2025-10-12 21:00,26.77,26.6,27.0,60,1.0
2025-10-12 22:00,26.78,26.6,27.0,60,1.0
2025-10-12 23:00,26.77,26.6,27.0,60,1.0
2025-10-13 00:00,26.7,26.6,26.9,60,1.0
2025-10-13 01:00,26.72,26.6,27.0,60,1.0
2025-10-13 02:00,26.72,26.6,27.0,60,1.0
2025-10-13 03:00,26.67,26.6,26.9,60,1.0
2025-10-13 04:00,26.7,26.6,26.9,60,1.0
2025-10-13 05:00,26.72,26.6,26.9,60,1.0
2025-10-13 06:00,26.71,26.6,27.0,60,1.0
2025-10-13 07:00,26.7,26.6,26.9,60,1.0
2025-10-13 08:00,26.74,26.6,26.9,60,1.0
2025-10-13 09:00,26.68,26.6,26.9,60,1.0
2025-10-13 10:00,26.66,26.6,26.8,60,1.0
2025-10-13 11:00,26.69,26.6,26.9,60,1.0
2025-10-13 12:00,26.76,26.5,27.2,60,1.0
2025-10-13 13:00,26.73,26.6,26.9,60,1.0
2025-10-13 14:00,26.69,26.6,26.8,60,1.0
2025-10-13 15:00,26.64,26.5,26.8,60,1.0
2025-10-13 16:00,26.66,26.5,26.8,60,1.0
2025-10-13 17:00,26.71,26.5,26.9,59,0.983
2025-10-13 18:00,26.72,26.6,26.9,60,1.0
2025-10-13 19:00,26.7,26.5,26.9,60,1.0
2025-10-13 20:00,26.66,26.5,26.9,60,1.0
2025-10-13 21:00,26.66,26.5,26.8,60,1.0
2025-10-13 22:00,26.64,26.5,26.9,60,1.0
2025-10-13 23:00,26.65,26.5,26.9,60,1.0
2025-10-14 00:00,26.65,26.5,26.9,60,1.0
2025-10-14 01:00,26.65,26.5,26.8,60,1.0
2025-10-14 02:00,26.63,26.5,26.8,60,1.0
2025-10-14 03:00,26.64,26.5,26.9,60,1.0
2025-10-14 04:00,26.64,26.5,27.0,60,1.0
2025-10-14 05:00,26.63,26.5,26.9,60,1.0
2025-10-14 06:00,26.61,26.5,26.9,60,1.0
2025-10-14 07:00,26.63,26.5,26.9,59,0.983
2025-10-14 08:00,26.7,26.5,26.9,51,0.85
2025-10-14 09:00,26.65,26.5,26.9,55,0.917
2025-10-14 10:00,26.71,26.5,27.0,60,1.0
2025-10-14 11:00,26.63,26.5,26.9,60,1.0
2025-10-14 12:00,26.59,26.5,26.8,60,1.0
2025-10-14 13:00,26.6,26.5,26.7,60,1.0
2025-10-14 14:00,26.61,26.5,26.8,60,1.0
2025-10-14 15:00,26.65,26.5,26.8,60,1.0
2025-10-14 16:00,26.58,26.5,26.7,60,1.0
2025-10-14 17:00,26.58,26.5,26.8,60,1.0
2025-10-14 18:00,26.64,26.5,26.9,60,1.0
2025-10-14 19:00,26.64,26.5,26.8,60,1.0
2025-10-14 20:00,26.64,26.5,26.8,60,1.0
2025-10-14 21:00,26.66,26.5,26.9,60,1.0
2025-10-14 22:00,26.64,26.5,26.9,60,1.0
2025-10-14 23:00,26.63,26.5,26.9,60,1.0
2025-10-15 00:00,26.65,26.5,26.9,60,1.0
2025-10-15 01:00,26.61,26.5,26.8,60,1.0
2025-10-15 02:00,26.6,26.5,26.8,60,1.0
2025-10-15 03:00,26.6,26.5,26.8,60,1.0
2025-10-15 04:00,26.65,26.5,26.9,60,1.0
2025-10-15 05:00,26.65,26.5,26.8,60,1.0
2025-10-15 06:00,26.65,26.5,26.9,60,1.0
2025-10-15 07:00,26.63,26.5,26.8,60,1.0
2025-10-15 08:00,26.6,26.5,26.8,60,1.0
2025-10-15 09:00,26.65,26.4,27.0,60,1.0
2025-10-15 10:00,26.63,26.5,26.9,60,1.0
2025-10-15 11:00,26.63,26.5,26.8,60,1.0
2025-10-15 12:00,26.6,26.5,26.8,60,1.0
2025-10-15 13:00,26.65,26.5,26.9,60,1.0
2025-10-15 14:00,26.64,26.5,26.8,60,1.0
2025-10-15 15:00,26.63,26.5,26.8,60,1.0
2025-10-15 16:00,26.6,26.4,26.8,60,1.0
2025-10-15 17:00,26.61,26.4,26.8,60,1.0
2025-10-15 18:00,26.6,26.4,26.8,60,1.0
2025-10-15 19:00,26.55,26.4,26.8,60,1.0
2025-10-15 20:00,26.56,26.4,26.7,60,1.0
2025-10-15 21:00,26.54,26.4,26.7,60,1.0
2025-10-15 22:00,26.54,26.4,26.7,60,1.0
2025-10-15 23:00,26.57,26.5,26.7,60,1.0
2025-10-16 00:00,26.56,26.5,26.7,60,1.0
2025-10-16 01:00,26.57,26.4,26.7,60,1.0
2025-10-16 02:00,26.57,26.5,26.8,60,1.0
2025-10-16 03:00,26.55,26.5,26.8,60,1.0
2025-10-16 04:00,26.56,26.5,26.7,60,1.0
2025-10-16 05:00,26.56,26.5,26.7,59,0.983
2025-10-16 06:00,26.6,26.5,26.8,60,1.0
2025-10-16 07:00,26.71,26.6,26.9,60,1.0
2025-10-16 08:00,26.71,26.6,26.9,60,1.0
2025-10-16 09:00,26.74,26.6,26.9,60,1.0
2025-10-16 10:00,26.72,26.5,26.9,60,1.0
2025-10-16 11:00,26.71,26.5,26.8,60,1.0
2025-10-16 12:00,26.72,26.5,27.0,60,1.0
2025-10-16 13:00,26.74,26.5,27.0,60,1.0
2025-10-16 14:00,26.79,26.7,27.0,60,1.0
2025-10-16 15:00,26.78,26.7,26.9,60,1.0
2025-10-16 16:00,26.79,26.7,27.0,60,1.0
2025-10-16 17:00,26.76,26.6,27.0,60,1.0
2025-10-16 18:00,26.76,26.6,26.9,60,1.0
2025-10-16 19:00,26.77,26.6,27.0,60,1.0
2025-10-16 20:00,26.77,26.6,27.0,60,1.0
2025-10-16 21:00,26.76,26.6,27.0,60,1.0
2025-10-16 22:00,26.75,26.6,27.0,60,1.0
2025-10-16 23:00,26.83,26.6,27.0,58,0.967
2025-10-17 00:00,26.83,26.7,27.1,46,0.767
2025-10-17 01:00,26.81,26.7,27.0,57,0.95
2025-10-17 02:00,26.8,26.7,27.0,60,1.0
2025-10-17 03:00,26.82,26.7,27.0,58,0.967
2025-10-17 04:00,26.85,26.7,27.0,60,1.0
2025-10-17 05:00,26.87,26.7,27.1,60,1.0
2025-10-17 06:00,26.84,26.7,27.1,60,1.0
2025-10-17 07:00,26.79,26.7,26.9,60,1.0
2025-10-17 08:00,26.8,26.7,27.1,60,1.0
2025-10-17 09:00,26.77,26.7,27.0,60,1.0
2025-10-17 10:00,26.8,26.6,27.2,60,1.0
2025-10-17 11:00,26.79,26.6,27.0,60,1.0
2025-10-17 12:00,26.8,26.6,27.0,60,1.0
2025-10-17 13:00,26.81,26.7,26.9,60,1.0
2025-10-17 14:00,26.7,26.6,26.9,60,1.0
2025-10-17 15:00,26.68,26.6,27.0,60,1.0
2025-10-17 16:00,26.75,26.6,26.9,59,0.983
2025-10-17 17:00,26.77,26.6,27.2,60,1.0
2025-10-17 18:00,26.69,26.6,26.9,60,1.0
2025-10-17 19:00,26.75,26.6,27.0,60,1.0
2025-10-17 20:00,26.76,26.6,27.0,60,1.0
2025-10-17 21:00,26.75,26.6,26.9,60,1.0
2025-10-17 22:00,26.76,26.6,27.0,60,1.0
2025-10-17 23:00,26.74,26.6,27.0,60,1.0
2025-10-18 00:00,26.8,26.6,27.0,60,1.0
2025-10-18 01:00,26.79,26.6,26.9,60,1.0
2025-10-18 02:00,26.75,26.6,27.0,60,1.0
2025-10-18 03:00,26.77,26.6,26.9,60,1.0
2025-10-18 04:00,26.75,26.6,26.9,60,1.0
2025-10-18 05:00,26.73,26.6,26.9,60,1.0
2025-10-18 06:00,26.69,26.5,26.9,60,1.0
2025-10-18 07:00,26.74,26.6,26.9,60,1.0
2025-10-18 08:00,26.68,26.5,26.9,60,1.0
2025-10-18 09:00,26.73,26.6,26.9,60,1.0
2025-10-18 10:00,26.75,26.6,27.0,60,1.0
2025-10-18 11:00,26.74,26.6,26.9,60,1.0
2025-10-18 12:00,26.62,26.5,26.9,60,1.0
2025-10-18 13:00,26.64,26.5,26.9,60,1.0
2025-10-18 14:00,26.74,26.6,26.9,60,1.0
2025-10-18 15:00,26.71,26.5,26.9,60,1.0
2025-10-18 16:00,26.66,26.5,26.9,60,1.0
2025-10-18 17:00,26.66,26.5,26.8,60,1.0
2025-10-18 18:00,26.67,26.5,26.9,60,1.0
2025-10-18 19:00,26.64,26.5,26.9,60,1.0
2025-10-18 20:00,26.67,26.5,26.9,60,1.0
2025-10-18 21:00,26.69,26.5,26.9,60,1.0
2025-10-18 22:00,26.68,26.5,26.8,52,0.867
2025-10-18 23:00,26.7,26.5,26.9,49,0.817
2025-10-19 00:00,26.68,26.5,26.9,60,1.0
2025-10-19 01:00,26.68,26.5,26.9,60,1.0
2025-10-19 02:00,26.68,26.5,26.9,60,1.0
2025-10-19 03:00,26.71,26.5,26.9,60,1.0
2025-10-19 04:00,26.69,26.5,26.9,60,1.0
2025-10-19 05:00,26.72,26.6,26.9,60,1.0
2025-10-19 06:00,26.71,26.6,26.9,59,0.983
2025-10-19 07:00,26.74,26.6,27.0,60,1.0
2025-10-19 08:00,26.73,26.6,26.9,60,1.0
2025-10-19 09:00,26.71,26.5,26.9,60,1.0
2025-10-19 10:00,26.64,26.5,26.8,60,1.0
2025-10-19 11:00,26.76,26.5,26.9,60,1.0
2025-10-19 12:00,26.74,26.6,27.1,60,1.0
2025-10-19 13:00,26.73,26.6,26.9,60,1.0
2025-10-19 14:00,26.7,26.5,26.9,60,1.0
2025-10-19 15:00,26.7,26.5,26.9,60,1.0
2025-10-19 16:00,26.65,26.5,26.9,60,1.0
2025-10-19 17:00,26.69,26.5,26.9,60,1.0
2025-10-19 18:00,26.71,26.5,27.0,60,1.0
2025-10-19 19:00,26.71,26.5,26.9,60,1.0
2025-10-19 20:00,26.71,26.5,26.9,60,1.0
2025-10-19 21:00,26.74,26.6,27.0,60,1.0
2025-10-19 22:00,26.75,26.6,26.9,60,1.0
2025-10-19 23:00,26.73,26.6,26.9,60,1.0
2025-10-20 00:00,26.76,26.6,26.9,60,1.0
2025-10-20 01:00,26.75,26.6,26.9,60,1.0
2025-10-20 02:00,26.75,26.6,27.0,60,1.0
2025-10-20 03:00,26.78,26.6,27.1,60,1.0
2025-10-20 04:00,26.77,26.6,27.2,60,1.0
2025-10-20 05:00,26.72,26.6,27.0,60,1.0
2025-10-20 06:00,26.73,26.6,27.0,60,1.0
2025-10-20 07:00,26.74,26.6,27.1,60,1.0
2025-10-20 08:00,26.7,26.6,27.0,60,1.0
2025-10-20 09:00,26.76,26.6,27.0,60,1.0
2025-10-20 10:00,26.83,26.6,27.0,60,1.0
2025-10-20 11:00,26.77,26.6,27.0,60,1.0
2025-10-20 12:00,26.71,26.6,26.9,60,1.0
2025-10-20 13:00,26.7,26.6,26.9,60,1.0
2025-10-20 14:00,26.72,26.6,27.0,60,1.0
2025-10-20 15:00,26.8,26.6,27.0,60,1.0
2025-10-20 16:00,26.8,26.6,27.1,60,1.0
2025-10-20 17:00,26.75,26.6,27.2,60,1.0
2025-10-20 18:00,26.7,26.6,26.8,59,0.983
2025-10-20 19:00,26.72,26.6,27.0,60,1.0
2025-10-20 20:00,26.78,26.6,27.1,60,1.0
2025-10-20 21:00,26.74,26.6,27.0,60,1.0
2025-10-20 22:00,26.76,26.6,26.9,60,1.0
2025-10-20 23:00,26.78,26.6,27.0,60,1.0
2025-10-21 00:00,26.78,26.6,27.0,60,1.0
2025-10-21 01:00,26.78,26.6,27.0,60,1.0
2025-10-21 02:00,26.77,26.6,27.0,60,1.0
2025-10-21 03:00,26.79,26.6,27.0,55,0.917
2025-10-21 04:00,26.82,26.7,26.9,45,0.75
2025-10-21 05:00,26.8,26.6,27.0,60,1.0
2025-10-21 06:00,26.8,26.6,27.0,56,0.933
2025-10-21 07:00,26.74,26.6,27.0,59,0.983
2025-10-21 08:00,26.81,26.6,27.0,57,0.95
2025-10-21 09:00,26.77,26.6,27.0,59,0.983
2025-10-21 10:00,26.73,26.6,26.9,53,0.883
2025-10-21 11:00,26.94,26.8,27.1,51,0.85
2025-10-21 12:00,26.96,26.8,27.3,60,1.0
2025-10-21 13:00,26.95,26.7,27.2,60,1.0
2025-10-21 14:00,26.99,26.8,27.2,60,1.0
2025-10-21 15:00,27.42,27.0,27.8,60,1.0
2025-10-21 16:00,28.02,27.6,28.4,60,1.0
2025-10-21 17:00,28.6,28.3,28.9,60,1.0
2025-10-21 18:00,29.15,28.8,29.5,60,1.0
2025-10-21 19:00,29.59,29.3,29.8,60,1.0
2025-10-21 20:00,30.0,29.7,30.3,59,0.983
2025-10-21 21:00,30.31,30.0,30.5,60,1.0
2025-10-21 22:00,30.61,30.4,30.9,60,1.0
2025-10-21 23:00,30.89,30.6,31.2,60,1.0
2025-10-22 00:00,31.12,30.9,31.4,60,1.0
2025-10-22 01:00,31.3,31.1,31.5,60,1.0
2025-10-22 02:00,31.48,31.2,31.7,60,1.0
2025-10-22 03:00,31.6,31.4,31.8,60,1.0
2025-10-22 04:00,31.7,31.5,32.0,60,1.0
2025-10-22 05:00,31.84,31.7,32.0,60,1.0
2025-10-22 06:00,31.87,31.7,32.1,38,0.633
2025-10-24 10:00,41.0,40.7,41.2,32,0.533
2025-10-24 11:00,40.84,40.7,41.1,60,1.0
2025-10-24 12:00,40.89,40.7,41.1,60,1.0
2025-10-24 13:00,40.97,40.8,41.3,60,1.0
2025-10-24 14:00,40.83,40.5,41.2,60,1.0
2025-10-24 15:00,40.69,40.5,41.0,60,1.0
2025-10-24 16:00,40.67,40.5,41.0,60,1.0
2025-10-24 17:00,40.67,40.5,40.9,58,0.967
2025-10-24 18:00,40.68,40.4,41.0,60,1.0
2025-10-24 19:00,40.6,40.4,41.0,60,1.0
2025-10-24 20:00,40.5,40.3,40.8,60,1.0
2025-10-24 21:00,40.51,40.3,40.8,60,1.0
2025-10-24 22:00,40.42,40.3,40.7,60,1.0
2025-10-24 23:00,40.45,40.2,40.9,60,1.0
2025-10-25 00:00,40.43,40.2,40.7,60,1.0
2025-10-25 01:00,40.41,40.2,40.7,60,1.0
2025-10-25 02:00,40.4,40.1,40.7,60,1.0
2025-10-25 03:00,40.41,40.2,40.8,60,1.0
2025-10-25 04:00,40.43,40.2,40.7,59,0.983
2025-10-25 05:00,40.38,40.1,40.6,60,1.0
2025-10-25 06:00,40.33,40.0,40.6,60,1.0
2025-10-25 07:00,40.25,40.0,40.5,60,1.0
2025-10-25 08:00,40.15,40.0,40.4,60,1.0
2025-10-25 09:00,40.25,40.0,40.5,60,1.0
2025-10-25 10:00,40.28,40.0,40.6,60,1.0
2025-10-25 11:00,40.17,40.0,40.3,60,1.0
2025-10-25 12:00,40.27,40.0,40.5,60,1.0
2025-10-25 13:00,40.22,39.9,40.6,60,1.0
2025-10-25 14:00,40.13,39.9,40.5,60,1.0
2025-10-25 15:00,40.03,39.9,40.3,60,1.0
2025-10-25 16:00,40.01,39.8,40.2,60,1.0
2025-10-25 17:00,40.04,39.8,40.2,60,1.0
2025-10-25 18:00,40.09,39.8,40.4,60,1.0
2025-10-25 19:00,40.09,39.9,40.3,59,0.983
2025-10-25 20:00,40.09,39.8,40.4,49,0.817
2025-10-25 21:00,40.04,39.8,40.3,51,0.85
2025-10-25 22:00,40.04,39.5,40.3,57,0.95
2025-10-25 23:00,39.34,38.7,40.3,48,0.8
2025-10-26 00:00,51.47,40.4,57.4,60,1.0
2025-10-26 01:00,57.84,56.5,59.0,60,1.0
2025-10-26 02:00,58.4,57.2,59.5,60,1.0
2025-10-26 03:00,57.33,56.8,57.7,60,1.0
2025-10-26 04:00,56.31,55.7,56.9,60,1.0
2025-10-26 05:00,55.55,55.1,55.9,60,1.0
2025-10-26 06:00,54.95,54.6,55.3,60,1.0
2025-10-26 07:00,54.59,54.3,54.8,60,1.0
2025-10-26 08:00,54.47,54.2,54.8,60,1.0
2025-10-26 09:00,54.18,53.9,54.5,60,1.0
2025-10-26 10:00,53.95,53.8,54.3,60,1.0
2025-10-26 11:00,53.78,53.6,54.1,60,1.0
2025-10-26 12:00,53.76,53.5,54.1,60,1.0
2025-10-26 13:00,53.55,53.2,54.0,60,1.0
2025-10-26 14:00,53.26,53.0,53.6,60,1.0
2025-10-26 15:00,53.18,52.9,53.5,60,1.0
2025-10-26 16:00,52.99,52.6,53.5,60,1.0
2025-10-26 17:00,52.61,52.3,52.9,60,1.0
2025-10-26 18:00,52.4,52.2,52.7,60,1.0
2025-10-26 19:00,52.31,52.1,52.6,60,1.0
2025-10-26 20:00,52.24,51.8,52.6,60,1.0
2025-10-26 21:00,52.17,51.9,52.4,60,1.0
2025-10-26 22:00,51.96,51.6,52.3,60,1.0
2025-10-26 23:00,51.94,51.6,52.2,60,1.0
2025-10-27 00:00,51.65,51.3,52.0,60,1.0
2025-10-27 01:00,51.58,51.2,51.9,60,1.0
2025-10-27 02:00,51.37,51.1,51.8,60,1.0
2025-10-27 03:00,51.35,51.1,51.6,60,1.0
2025-10-27 04:00,51.28,50.9,51.7,60,1.0
2025-10-27 05:00,51.12,50.8,51.5,60,1.0
2025-10-27 06:00,50.98,50.8,51.4,60,1.0
2025-10-27 07:00,50.95,50.7,51.3,60,1.0
2025-10-27 08:00,50.89,50.6,51.2,60,1.0
2025-10-27 09:00,50.88,50.6,51.2,60,1.0
2025-10-27 10:00,50.67,50.5,50.9,59,0.983
2025-10-27 11:00,50.61,50.4,50.9,60,1.0
2025-10-27 12:00,50.74,50.4,51.0,60,1.0
2025-10-27 13:00,50.76,50.5,51.0,60,1.0
2025-10-27 14:00,50.43,50.2,50.9,60,1.0
2025-10-27 15:00,50.45,50.2,50.8,60,1.0
2025-10-27 16:00,50.43,50.1,50.8,60,1.0
2025-10-27 17:00,50.3,50.0,50.6,60,1.0
2025-10-27 18:00,50.24,50.0,50.8,60,1.0
2025-10-27 19:00,50.17,50.0,50.5,60,1.0
2025-10-27 20:00,50.18,49.9,50.5,60,1.0
2025-10-27 21:00,50.06,49.7,50.3,60,1.0
2025-10-27 22:00,49.78,49.5,50.2,60,1.0
2025-10-27 23:00,49.61,49.4,50.0,60,1.0
2025-10-28 00:00,49.68,49.4,50.0,60,1.0
2025-10-28 01:00,49.65,49.4,50.0,60,1.0
2025-10-28 02:00,49.68,49.4,50.0,60,1.0
2025-10-28 03:00,49.76,49.5,50.1,60,1.0
2025-10-28 04:00,49.81,49.5,50.2,60,1.0
2025-10-28 05:00,49.81,49.5,50.1,58,0.967
2025-10-28 06:00,49.83,49.6,50.2,48,0.8
2025-10-28 07:00,49.92,49.6,50.2,50,0.833
2025-10-28 08:00,49.79,49.6,50.2,52,0.867
2025-10-28 09:00,49.9,49.6,50.2,60,1.0
2025-10-28 10:00,49.74,49.6,50.0,52,0.867
2025-10-28 11:00,49.69,49.5,49.9,52,0.867
2025-10-28 12:00,49.75,49.5,50.1,55,0.917
2025-10-28 13:00,49.84,49.6,50.1,60,1.0
2025-10-28 14:00,49.74,49.5,50.1,60,1.0
2025-10-28 15:00,49.77,49.5,50.1,59,0.983
2025-10-28 16:00,49.78,49.4,50.3,59,0.983
2025-10-28 17:00,49.7,49.4,50.1,52,0.867
2025-10-28 18:00,49.57,49.4,50.0,47,0.783
2025-10-28 19:00,49.6,49.4,50.0,60,1.0
2025-10-28 20:00,49.57,49.4,49.9,60,1.0
2025-10-28 21:00,49.52,49.3,49.9,60,1.0
2025-10-28 22:00,49.51,49.3,49.8,60,1.0
2025-10-28 23:00,49.51,49.2,50.0,60,1.0
2025-10-29 00:00,49.42,49.2,49.7,60,1.0
2025-10-29 01:00,49.41,49.2,49.8,60,1.0
2025-10-29 02:00,49.38,49.2,49.7,60,1.0
2025-10-29 03:00,49.34,49.2,49.5,60,1.0
2025-10-29 04:00,49.32,49.1,49.6,60,1.0
2025-10-29 05:00,49.37,49.1,49.9,60,1.0
2025-10-29 06:00,49.33,49.1,49.6,60,1.0
2025-10-29 07:00,49.34,49.1,49.7,60,1.0
2025-10-29 08:00,49.28,49.0,49.6,60,1.0
2025-10-29 09:00,49.32,49.0,49.6,60,1.0
2025-10-29 10:00,49.18,48.9,49.5,60,1.0
2025-10-29 11:00,49.12,48.9,49.5,60,1.0
2025-10-29 12:00,49.15,48.9,49.5,60,1.0
2025-10-29 13:00,49.03,48.8,49.3,60,1.0
2025-10-29 14:00,49.11,48.8,49.6,60,1.0
2025-10-29 15:00,49.0,48.8,49.3,60,1.0
2025-10-29 16:00,49.07,48.7,49.4,60,1.0
2025-10-29 17:00,49.0,48.7,49.3,60,1.0
2025-10-29 18:00,48.93,48.7,49.3,60,1.0
2025-10-29 19:00,48.9,48.7,49.3,60,1.0
2025-10-29 20:00,48.88,48.6,49.2,60,1.0
2025-10-29 21:00,48.77,48.6,49.0,60,1.0
2025-10-29 22:00,48.74,48.5,49.2,60,1.0
2025-10-29 23:00,48.7,48.5,49.1,60,1.0
2025-10-30 00:00,48.7,48.5,49.0,60,1.0
2025-10-30 01:00,48.66,48.4,49.1,60,1.0
2025-10-30 02:00,48.62,48.4,49.0,60,1.0
2025-10-30 03:00,48.65,48.4,49.1,60,1.0
2025-10-30 04:00,48.71,48.4,49.0,60,1.0
2025-10-30 05:00,48.72,48.4,49.1,60,1.0
2025-10-30 06:00,48.66,48.4,49.0,60,1.0
2025-10-30 07:00,48.62,48.4,48.9,60,1.0
2025-10-30 08:00,48.6,48.3,48.9,60,1.0
2025-10-30 09:00,48.57,48.3,48.9,59,0.983
2025-10-30 10:00,48.53,48.3,49.2,60,1.0
2025-10-30 11:00,48.44,48.2,48.8,60,1.0
2025-10-30 12:00,48.37,48.2,48.6,60,1.0
2025-10-30 13:00,48.35,48.2,48.6,60,1.0
2025-10-30 14:00,48.36,48.2,48.6,60,1.0
2025-10-30 15:00,48.34,48.1,48.7,60,1.0
2025-10-30 16:00,48.35,48.1,48.7,60,1.0
2025-10-30 17:00,48.42,48.1,48.7,60,1.0
2025-10-30 18:00,48.39,48.0,48.7,60,1.0
2025-10-30 19:00,48.34,48.0,48.7,60,1.0
2025-10-30 20:00,48.31,48.0,48.6,60,1.0
2025-10-30 21:00,48.32,48.0,48.5,60,1.0
2025-10-30 22:00,48.19,47.9,48.6,60,1.0
2025-10-30 23:00,48.2,48.0,48.4,60,1.0
2025-10-31 00:00,48.19,47.9,48.5,60,1.0
2025-10-31 01:00,48.21,47.9,48.6,60,1.0
2025-10-31 02:00,48.16,47.9,48.4,60,1.0
2025-10-31 03:00,48.14,47.9,48.4,60,1.0
2025-10-31 04:00,48.1,47.8,48.4,52,0.867
2025-10-31 05:00,48.11,47.8,48.6,56,0.933
2025-10-31 06:00,47.97,47.9,48.1,6,0.1
2025-11-03 20:00,46.76,46.5,47.1,5,0.083
2025-11-03 21:00,46.83,46.6,47.1,60,1.0
2025-11-03 22:00,46.74,46.5,47.1,60,1.0
2025-11-03 23:00,46.69,46.4,47.1,60,1.0
2025-11-04 00:00,46.72,46.4,47.0,60,1.0
2025-11-04 01:00,46.82,46.5,47.1,60,1.0
2025-11-04 02:00,46.82,46.4,47.4,60,1.0
2025-11-04 03:00,46.79,46.5,47.1,60,1.0
2025-11-04 04:00,46.77,46.4,47.1,60,1.0
2025-11-04 05:00,46.78,46.6,47.0,60,1.0
2025-11-04 06:00,46.81,46.5,47.0,60,1.0
2025-11-04 07:00,46.77,46.5,47.0,58,0.967
2025-11-04 08:00,46.78,46.5,47.0,60,1.0
2025-11-04 09:00,46.61,46.4,46.9,60,1.0
2025-11-04 10:00,46.66,46.4,47.0,60,1.0
2025-11-04 11:00,46.66,46.5,46.9,60,1.0
2025-11-04 12:00,46.65,46.5,46.9,60,1.0
2025-11-04 13:00,46.83,46.6,47.2,60,1.0
2025-11-04 14:00,46.82,46.4,47.4,59,0.983
2025-11-04 15:00,46.65,46.4,47.0,59,0.983
2025-11-04 16:00,46.68,46.4,47.0,59,0.983
2025-11-04 17:00,46.64,46.4,47.0,59,0.983
2025-11-04 18:00,46.68,46.4,47.0,48,0.8
2025-11-04 19:00,46.78,46.4,47.1,58,0.967
2025-11-04 20:00,46.69,46.5,47.1,60,1.0
2025-11-04 21:00,46.58,46.3,46.9,60,1.0
2025-11-04 22:00,46.64,46.4,46.9,60,1.0
2025-11-04 23:00,46.67,46.4,47.0,60,1.0
2025-11-05 00:00,46.64,46.4,46.9,60,1.0
2025-11-05 01:00,46.72,46.4,47.0,60,1.0
2025-11-05 02:00,46.69,46.4,47.0,60,1.0
2025-11-05 03:00,46.71,46.5,47.0,60,1.0
2025-11-05 04:00,46.82,46.5,47.1,60,1.0
2025-11-05 05:00,46.78,46.5,47.0,60,1.0
2025-11-05 06:00,46.68,46.4,47.1,60,1.0
2025-11-05 07:00,46.62,46.4,47.2,60,1.0
2025-11-05 08:00,46.74,46.4,47.0,60,1.0
2025-11-05 09:00,46.74,46.4,47.0,60,1.0
2025-11-05 10:00,46.63,46.4,46.9,60,1.0
2025-11-05 11:00,46.64,46.4,46.9,60,1.0
2025-11-05 12:00,46.68,46.4,47.0,60,1.0
2025-11-05 13:00,46.66,46.4,47.0,60,1.0
2025-11-05 14:00,46.67,46.4,47.2,60,1.0
2025-11-05 15:00,46.56,46.3,46.9,60,1.0
2025-11-05 16:00,46.63,46.3,46.9,60,1.0
2025-11-05 17:00,46.57,46.3,46.9,60,1.0
2025-11-05 18:00,46.68,46.3,47.1,60,1.0
2025-11-05 19:00,46.64,46.3,46.9,60,1.0
2025-11-05 20:00,46.65,46.3,46.9,60,1.0
2025-11-05 21:00,46.53,46.3,46.9,60,1.0
2025-11-05 22:00,46.52,46.3,46.8,60,1.0
2025-11-05 23:00,46.42,46.2,46.8,60,1.0
2025-11-06 00:00,46.42,46.2,46.8,60,1.0
2025-11-06 01:00,46.43,46.2,46.8,60,1.0
2025-11-06 02:00,46.51,46.2,46.9,60,1.0
2025-11-06 03:00,46.38,46.2,46.6,60,1.0
2025-11-06 04:00,46.35,46.2,46.7,60,1.0
2025-11-06 05:00,46.37,46.2,46.7,60,1.0
2025-11-06 06:00,46.46,46.2,46.9,60,1.0
2025-11-06 07:00,46.37,46.1,46.7,59,0.983
2025-11-06 08:00,46.45,46.2,46.7,48,0.8
2025-11-06 09:00,46.44,46.2,46.8,46,0.767
2025-11-06 10:00,46.46,46.1,46.8,52,0.867
2025-11-06 11:00,46.24,46.1,46.5,60,1.0
2025-11-06 12:00,46.25,46.1,46.4,47,0.783
2025-11-06 13:00,46.34,46.0,46.6,53,0.883
2025-11-06 14:00,46.3,46.0,46.7,50,0.833
2025-11-06 15:00,46.27,46.0,46.5,60,1.0
2025-11-06 16:00,46.19,46.0,46.5,60,1.0
2025-11-06 17:00,46.24,46.0,46.5,60,1.0
2025-11-06 18:00,46.37,46.1,46.7,60,1.0
2025-11-06 19:00,46.33,46.0,46.6,56,0.933
2025-11-06 20:00,46.31,46.0,46.6,53,0.883
2025-11-06 21:00,46.35,46.0,46.7,56,0.933
2025-11-06 22:00,46.26,46.0,46.5,59,0.983
2025-11-06 23:00,46.27,46.0,46.6,60,1.0
2025-11-07 00:00,46.22,45.9,46.6,59,0.983
2025-11-07 01:00,46.27,46.0,46.6,60,1.0
2025-11-07 02:00,46.28,45.9,46.7,60,1.0
2025-11-07 03:00,46.13,45.9,46.3,60,1.0
2025-11-07 04:00,46.12,45.9,46.3,60,1.0
2025-11-07 05:00,46.12,45.9,46.4,60,1.0
2025-11-07 06:00,46.07,45.9,46.4,60,1.0
2025-11-07 07:00,46.15,45.9,46.4,60,1.0
2025-11-07 08:00,46.14,45.9,46.5,60,1.0
2025-11-07 09:00,46.1,45.9,46.5,50,0.833
2025-11-07 10:00,46.12,45.8,46.4,56,0.933
2025-11-07 11:00,45.95,45.7,46.3,60,1.0
2025-11-07 12:00,45.92,45.7,46.3,60,1.0
2025-11-07 13:00,46.0,45.7,46.3,60,1.0
2025-11-07 14:00,45.97,45.7,46.3,60,1.0
2025-11-07 15:00,46.0,45.7,46.3,60,1.0
2025-11-07 16:00,46.0,45.7,46.3,60,1.0
2025-11-07 17:00,45.96,45.7,46.3,60,1.0
2025-11-07 18:00,45.9,45.7,46.3,60,1.0
2025-11-07 19:00,45.89,45.7,46.1,60,1.0
2025-11-07 20:00,45.96,45.7,46.3,60,1.0
2025-11-07 21:00,45.95,45.6,46.3,60,1.0
2025-11-07 22:00,45.71,45.4,46.0,60,1.0
2025-11-07 23:00,45.78,45.5,46.2,60,1.0
2025-11-08 00:00,45.74,45.4,46.0,60,1.0
2025-11-08 01:00,45.84,45.5,46.2,60,1.0
2025-11-08 02:00,45.89,45.6,46.2,60,1.0
2025-11-08 03:00,45.96,45.7,46.2,60,1.0
2025-11-08 04:00,46.06,45.8,46.3,60,1.0
2025-11-08 05:00,45.96,45.7,46.3,60,1.0
2025-11-08 06:00,45.98,45.8,46.2,60,1.0
2025-11-08 07:00,46.03,45.8,46.4,60,1.0
2025-11-08 08:00,46.06,45.8,46.4,60,1.0
2025-11-08 09:00,46.02,45.8,46.3,60,1.0
2025-11-08 10:00,46.09,45.8,46.4,60,1.0
2025-11-08 11:00,45.95,45.7,46.3,60,1.0
2025-11-08 12:00,45.95,45.7,46.3,60,1.0
2025-11-08 13:00,46.07,45.8,46.4,60,1.0
2025-11-08 14:00,46.14,45.8,46.4,60,1.0
2025-11-08 15:00,46.06,45.8,46.4,60,1.0
2025-11-08 16:00,46.2,45.9,46.6,60,1.0
2025-11-08 17:00,46.16,45.9,46.5,60,1.0
2025-11-08 18:00,45.96,45.5,46.4,60,1.0
2025-11-08 19:00,45.85,45.6,46.2,60,1.0
2025-11-08 20:00,45.91,45.7,46.2,60,1.0
2025-11-08 21:00,45.98,45.7,46.3,60,1.0
2025-11-08 22:00,45.58,44.9,46.1,60,1.0
2025-11-08 23:00,45.78,45.0,46.6,60,1.0
2025-11-09 00:00,46.86,46.3,47.3,59,0.983
2025-11-09 01:00,47.26,46.9,47.7,60,1.0
2025-11-09 02:00,47.64,47.2,48.1,60,1.0
2025-11-09 03:00,47.99,47.6,48.3,60,1.0
2025-11-09 04:00,48.3,48.0,48.6,60,1.0
2025-11-09 05:00,48.52,48.2,48.8,60,1.0
2025-11-09 06:00,48.72,48.4,49.1,60,1.0
2025-11-09 07:00,48.88,48.5,49.2,60,1.0
2025-11-09 08:00,48.92,48.7,49.4,60,1.0
2025-11-09 09:00,49.03,48.8,49.3,60,1.0
2025-11-09 10:00,49.19,48.9,49.6,60,1.0
2025-11-09 11:00,49.16,48.9,49.5,60,1.0
2025-11-09 12:00,49.34,49.0,49.6,60,1.0
2025-11-09 13:00,49.2,49.0,49.5,60,1.0
2025-11-09 14:00,49.32,49.0,49.7,60,1.0
2025-11-09 15:00,49.36,49.1,49.6,60,1.0
2025-11-09 16:00,49.31,49.1,49.7,60,1.0
2025-11-09 17:00,49.4,49.1,49.7,60,1.0
2025-11-09 18:00,49.43,49.2,49.8,60,1.0
2025-11-09 19:00,49.37,49.1,49.8,60,1.0
2025-11-09 20:00,49.41,49.1,49.7,60,1.0
2025-11-09 21:00,49.4,49.1,49.8,60,1.0
2025-11-09 22:00,49.42,49.1,49.8,60,1.0
2025-11-09 23:00,49.38,49.1,49.7,60,1.0
2025-11-10 00:00,49.32,49.1,49.7,60,1.0
2025-11-10 01:00,49.31,49.1,49.7,60,1.0
2025-11-10 02:00,49.29,49.1,49.7,60,1.0
2025-11-10 03:00,49.26,49.0,49.6,60,1.0
2025-11-10 04:00,49.3,49.0,49.6,60,1.0
2025-11-10 05:00,49.26,49.0,49.5,60,1.0
2025-11-10 06:00,49.36,49.0,49.6,60,1.0
2025-11-10 07:00,49.32,49.0,49.6,60,1.0
2025-11-10 08:00,49.27,49.0,49.7,60,1.0
2025-11-10 09:00,49.32,49.0,49.6,60,1.0
2025-11-10 10:00,49.1,48.9,49.5,60,1.0
2025-11-10 11:00,49.19,48.9,49.5,59,0.983
2025-11-10 12:00,49.19,48.9,49.6,48,0.8
2025-11-10 13:00,49.16,48.9,49.4,59,0.983
2025-11-10 14:00,49.24,48.9,49.5,60,1.0
2025-11-10 15:00,49.15,48.9,49.6,60,1.0
2025-11-10 16:00,49.13,48.9,49.5,60,1.0
2025-11-10 17:00,49.15,48.8,49.5,60,1.0
2025-11-10 18:00,49.16,48.9,49.6,60,1.0
2025-11-10 19:00,49.2,48.9,49.5,60,1.0
2025-11-10 20:00,49.15,48.9,49.6,60,1.0
2025-11-10 21:00,49.06,48.9,49.3,60,1.0
2025-11-10 22:00,49.09,48.9,49.3,60,1.0
2025-11-10 23:00,49.18,48.9,49.5,60,1.0
2025-11-11 00:00,49.25,49.0,49.5,60,1.0
2025-11-11 01:00,49.22,48.8,49.5,60,1.0
2025-11-11 02:00,49.19,48.9,49.4,60,1.0
2025-11-11 03:00,49.15,48.8,49.6,60,1.0
2025-11-11 04:00,49.09,48.8,49.3,59,0.983
2025-11-11 05:00,49.06,48.8,49.4,60,1.0
2025-11-11 06:00,49.03,48.7,49.4,60,1.0
2025-11-11 07:00,49.0,48.7,49.3,60,1.0
2025-11-11 08:00,49.04,48.7,49.3,60,1.0
2025-11-11 09:00,48.93,48.7,49.2,60,1.0
2025-11-11 10:00,48.82,48.5,49.1,60,1.0
2025-11-11 11:00,48.74,48.5,49.0,60,1.0
2025-11-11 12:00,48.73,48.5,49.1,60,1.0
2025-11-11 13:00,48.81,48.5,49.1,60,1.0
2025-11-11 14:00,48.72,48.5,49.0,60,1.0
2025-11-11 15:00,48.82,48.5,49.2,60,1.0
2025-11-11 16:00,48.74,48.5,49.1,60,1.0
2025-11-11 17:00,48.66,48.4,49.0,60,1.0
2025-11-11 18:00,48.59,48.4,48.8,60,1.0
2025-11-11 19:00,48.64,48.4,48.9,60,1.0
2025-11-11 20:00,48.71,48.4,49.0,60,1.0
2025-11-11 21:00,48.77,48.4,49.0,60,1.0
2025-11-11 22:00,48.75,48.4,49.0,60,1.0
2025-11-11 23:00,48.76,48.5,49.1,60,1.0
2025-11-12 00:00,48.72,48.4,49.0,60,1.0
2025-11-12 01:00,48.65,48.3,48.9,60,1.0
2025-11-12 02:00,48.73,48.4,48.9,60,1.0
2025-11-12 03:00,48.66,48.4,48.9,60,1.0
2025-11-12 04:00,48.67,48.3,49.0,60,1.0
2025-11-12 05:00,48.52,48.2,48.8,60,1.0
2025-11-12 06:00,48.41,48.2,48.6,60,1.0
2025-11-12 07:00,48.48,48.2,48.8,60,1.0
2025-11-12 08:00,48.47,48.2,48.8,60,1.0
2025-11-12 09:00,48.35,48.2,48.5,60,1.0
2025-11-12 10:00,48.46,48.2,48.8,60,1.0
2025-11-12 11:00,48.55,48.3,49.0,60,1.0
2025-11-12 12:00,48.4,48.1,48.8,60,1.0
2025-11-12 13:00,48.36,48.1,48.7,60,1.0
2025-11-12 14:00,48.28,48.1,48.6,60,1.0
2025-11-12 15:00,48.41,48.1,48.7,59,0.983
2025-11-12 16:00,48.34,48.0,48.7,60,1.0
2025-11-12 17:00,48.22,48.0,48.6,60,1.0
2025-11-12 18:00,48.18,48.0,48.6,60,1.0
2025-11-12 19:00,48.15,48.0,48.6,60,1.0
2025-11-12 20:00,48.15,48.0,48.4,60,1.0
2025-11-12 21:00,48.12,47.9,48.4,60,1.0
2025-11-12 22:00,48.14,47.9,48.5,60,1.0
2025-11-12 23:00,48.22,47.9,48.5,60,1.0
2025-11-13 00:00,48.26,47.9,48.5,60,1.0
2025-11-13 01:00,48.31,47.9,48.5,60,1.0
2025-11-13 02:00,48.29,47.9,48.6,60,1.0
2025-11-13 03:00,48.28,48.1,48.5,60,1.0
2025-11-13 04:00,48.22,47.9,48.6,60,1.0
2025-11-13 05:00,48.2,47.9,48.5,60,1.0
2025-11-13 06:00,48.2,47.9,48.4,60,1.0
2025-11-13 07:00,48.12,47.8,48.4,60,1.0
2025-11-13 08:00,48.1,47.9,48.4,60,1.0
2025-11-13 09:00,47.99,47.8,48.3,60,1.0
2025-11-13 10:00,48.04,47.8,48.4,60,1.0
2025-11-13 11:00,48.11,47.6,49.0,60,1.0
2025-11-13 12:00,48.01,47.8,48.4,60,1.0
2025-11-13 13:00,47.92,47.7,48.2,60,1.0
2025-11-13 14:00,47.96,47.7,48.3,51,0.85
2025-11-13 15:00,47.91,47.7,48.2,46,0.767
2025-11-13 16:00,48.0,47.6,48.4,55,0.917
2025-11-13 17:00,48.02,47.7,48.3,60,1.0
2025-11-13 18:00,47.85,47.6,48.3,60,1.0
2025-11-13 19:00,47.81,47.6,48.1,60,1.0
2025-11-13 20:00,47.82,47.6,48.0,60,1.0
2025-11-13 21:00,47.82,47.6,48.1,60,1.0
2025-11-13 22:00,47.86,47.6,48.2,60,1.0
2025-11-13 23:00,47.86,47.6,48.2,60,1.0
2025-11-14 00:00,47.83,47.6,48.1,60,1.0
2025-11-14 01:00,47.9,47.6,48.2,60,1.0
2025-11-14 02:00,47.96,47.7,48.2,60,1.0
2025-11-14 03:00,47.94,47.7,48.4,60,1.0
2025-11-14 04:00,47.93,47.8,48.2,60,1.0
2025-11-14 05:00,47.97,47.8,48.2,60,1.0
2025-11-14 06:00,47.92,47.7,48.1,60,1.0
2025-11-14 07:00,47.84,47.5,48.1,60,1.0
2025-11-14 08:00,47.79,47.5,48.1,60,1.0
2025-11-14 09:00,47.64,47.4,48.0,60,1.0
2025-11-14 10:00,47.78,47.4,48.0,60,1.0
2025-11-14 11:00,47.79,47.5,48.1,60,1.0
2025-11-14 12:00,47.66,47.4,48.1,60,1.0
2025-11-14 13:00,47.51,47.3,47.9,60,1.0
2025-11-14 14:00,47.58,47.3,48.0,60,1.0
2025-11-14 15:00,47.59,47.3,48.0,60,1.0
2025-11-14 16:00,47.69,47.4,48.0,60,1.0
2025-11-14 17:00,47.72,47.4,48.0,60,1.0
2025-11-14 18:00,47.58,47.3,47.9,60,1.0
2025-11-14 19:00,47.46,47.3,47.7,60,1.0
2025-11-14 20:00,47.42,47.3,47.7,60,1.0
2025-11-14 21:00,47.45,47.2,47.7,60,1.0
2025-11-14 22:00,47.51,47.2,47.9,60,1.0
2025-11-14 23:00,47.52,47.2,47.8,60,1.0
2025-11-15 00:00,47.58,47.3,47.8,60,1.0
2025-11-15 01:00,47.57,47.3,47.8,60,1.0
2025-11-15 02:00,47.64,47.4,47.8,60,1.0
2025-11-15 03:00,47.53,47.2,47.8,59,0.983
2025-11-15 04:00,47.49,47.2,47.8,60,1.0
2025-11-15 05:00,47.57,47.3,47.8,60,1.0
2025-11-15 06:00,47.57,47.4,47.8,60,1.0
2025-11-15 07:00,47.44,47.2,47.8,60,1.0
2025-11-15 08:00,47.4,47.1,47.7,60,1.0
2025-11-15 09:00,47.31,47.1,47.6,60,1.0
2025-11-15 10:00,47.28,47.1,47.5,60,1.0
2025-11-15 11:00,47.38,47.1,47.7,60,1.0
2025-11-15 12:00,47.45,47.1,47.7,60,1.0
2025-11-15 13:00,47.28,47.0,47.7,60,1.0
2025-11-15 14:00,47.26,47.0,47.7,60,1.0
2025-11-15 15:00,47.16,47.0,47.4,60,1.0
2025-11-15 16:00,47.24,47.0,47.6,60,1.0
2025-11-15 17:00,47.31,47.0,47.6,60,1.0
2025-11-15 18:00,47.35,47.1,47.6,60,1.0
2025-11-15 19:00,47.3,47.0,47.6,60,1.0
2025-11-15 20:00,47.23,47.0,47.5,60,1.0
2025-11-15 21:00,47.16,47.0,47.5,60,1.0
2025-11-15 22:00,47.17,46.9,47.5,60,1.0
2025-11-15 23:00,47.15,46.9,47.5,60,1.0
2025-11-16 00:00,47.12,46.9,47.4,60,1.0
2025-11-16 01:00,47.18,46.9,47.5,60,1.0
2025-11-16 02:00,47.19,46.9,47.5,60,1.0
2025-11-16 03:00,47.21,46.9,47.4,59,0.983
2025-11-16 04:00,47.16,46.9,47.5,60,1.0
2025-11-16 05:00,47.13,46.8,47.5,60,1.0
2025-11-16 06:00,47.07,46.8,47.4,59,0.983
2025-11-16 07:00,47.12,46.9,47.4,59,0.983
2025-11-16 08:00,47.16,46.9,47.5,60,1.0
2025-11-16 09:00,47.2,46.9,47.5,60,1.0
2025-11-16 10:00,47.21,47.0,47.4,60,1.0
2025-11-16 11:00,47.01,46.8,47.3,60,1.0
2025-11-16 12:00,46.97,46.8,47.3,60,1.0
2025-11-16 13:00,46.93,46.8,47.2,59,0.983
2025-11-16 14:00,47.05,46.8,47.3,60,1.0
2025-11-16 15:00,46.9,46.7,47.2,60,1.0
2025-11-16 16:00,46.85,46.6,47.2,60,1.0
2025-11-16 17:00,46.92,46.6,47.2,60,1.0
2025-11-16 18:00,46.92,46.7,47.5,60,1.0
2025-11-16 19:00,46.98,46.7,47.3,60,1.0
2025-11-16 20:00,46.96,46.6,47.3,60,1.0
2025-11-16 21:00,46.96,46.6,47.3,59,0.983
2025-11-16 22:00,46.91,46.6,47.2,59,0.983
2025-11-16 23:00,46.88,46.6,47.3,60,1.0
2025-11-17 00:00,46.86,46.6,47.2,60,1.0
2025-11-17 01:00,46.8,46.6,47.2,60,1.0
2025-11-17 02:00,46.81,46.6,47.2,60,1.0
2025-11-17 03:00,46.88,46.6,47.2,59,0.983
2025-11-17 04:00,46.89,46.6,47.2,60,1.0
2025-11-17 05:00,46.89,46.6,47.1,59,0.983
2025-11-17 06:00,46.8,46.6,47.1,60,1.0
2025-11-17 07:00,46.82,46.6,47.1,59,0.983
2025-11-17 08:00,46.91,46.5,47.2,60,1.0
2025-11-17 09:00,47.05,46.7,47.3,60,1.0
2025-11-17 10:00,46.86,46.6,47.2,60,1.0
2025-11-17 11:00,46.98,46.6,47.3,60,1.0
2025-11-17 12:00,47.03,46.8,47.6,60,1.0
2025-11-17 13:00,47.0,46.7,47.4,60,1.0
2025-11-17 14:00,46.97,46.7,47.2,60,1.0
2025-11-17 15:00,46.89,46.6,47.2,60,1.0
2025-11-17 16:00,46.76,46.6,47.1,60,1.0
2025-11-17 17:00,46.77,46.6,47.0,60,1.0
2025-11-17 18:00,46.83,46.6,47.1,59,0.983
2025-11-17 19:00,46.9,46.6,47.2,60,1.0
2025-11-17 20:00,46.86,46.6,47.1,60,1.0
2025-11-17 21:00,46.78,46.6,47.1,60,1.0
2025-11-17 22:00,46.73,46.5,47.0,60,1.0
2025-11-17 23:00,46.75,46.5,47.2,60,1.0
2025-11-18 00:00,46.73,46.5,47.2,60,1.0
2025-11-18 01:00,46.7,46.5,47.1,49,0.817
2025-11-18 02:00,46.72,46.5,47.1,60,1.0
2025-11-18 03:00,46.78,46.5,47.1,60,1.0
2025-11-18 04:00,46.77,46.5,47.2,60,1.0
2025-11-18 05:00,46.66,46.4,47.0,60,1.0
2025-11-18 06:00,46.65,46.4,47.0,60,1.0
2025-11-18 07:00,46.68,46.4,47.0,60,1.0
2025-11-18 08:00,46.65,46.4,47.1,59,0.983
2025-11-18 09:00,46.54,45.8,47.0,60,1.0
2025-11-18 10:00,48.91,45.1,54.6,49,0.817
2025-11-18 11:00,57.05,54.7,57.6,53,0.883
2025-11-18 12:00,57.31,56.9,57.7,60,1.0
2025-11-18 13:00,56.77,56.4,57.1,60,1.0
2025-11-18 14:00,56.42,56.1,56.8,60,1.0
2025-11-18 15:00,56.21,55.9,56.6,60,1.0
2025-11-18 16:00,55.96,55.7,56.3,60,1.0
2025-11-18 17:00,55.86,55.4,56.1,60,1.0
2025-11-18 18:00,55.63,55.3,56.0,60,1.0
2025-11-18 19:00,55.49,55.2,55.8,60,1.0
2025-11-18 20:00,55.04,54.6,55.5,60,1.0
2025-11-18 21:00,54.66,54.4,54.9,60,1.0
2025-11-18 22:00,54.67,54.5,55.0,60,1.0
2025-11-18 23:00,54.66,54.2,55.0,60,1.0
2025-11-19 00:00,54.39,54.1,54.7,60,1.0
2025-11-19 01:00,54.38,54.1,54.7,60,1.0
2025-11-19 02:00,54.34,54.1,54.7,60,1.0
2025-11-19 03:00,54.41,54.1,54.7,60,1.0
2025-11-19 04:00,54.39,54.0,54.8,60,1.0
2025-11-19 05:00,54.31,54.0,54.6,60,1.0
2025-11-19 06:00,54.26,54.0,54.6,60,1.0
2025-11-19 07:00,54.12,53.8,54.4,60,1.0
2025-11-19 08:00,54.06,53.8,54.4,60,1.0
2025-11-19 09:00,54.03,53.8,54.3,60,1.0
2025-11-19 10:00,53.97,53.7,54.4,60,1.0
2025-11-19 11:00,53.93,53.7,54.4,59,0.983
2025-11-19 12:00,53.82,53.6,54.0,60,1.0
2025-11-19 13:00,53.9,53.6,54.2,60,1.0
2025-11-19 14:00,53.77,53.4,54.2,60,1.0
2025-11-19 15:00,53.63,53.4,54.1,60,1.0
2025-11-19 16:00,53.54,53.2,53.9,60,1.0
2025-11-19 17:00,53.32,53.1,53.7,60,1.0
2025-11-19 18:00,52.66,52.4,52.9,60,1.0
2025-11-19 19:00,52.78,52.4,53.2,60,1.0
2025-11-19 20:00,53.09,52.8,53.4,60,1.0
2025-11-19 21:00,53.28,52.9,53.5,60,1.0
2025-11-19 22:00,53.4,53.1,53.7,60,1.0
2025-11-19 23:00,53.56,53.2,53.9,60,1.0
2025-11-20 00:00,53.64,53.2,53.9,60,1.0
2025-11-20 01:00,53.65,53.4,53.9,57,0.95
2025-11-20 02:00,53.65,53.3,53.9,45,0.75
2025-11-20 03:00,53.66,53.4,53.9,60,1.0
2025-11-20 04:00,53.58,53.3,53.9,60,1.0
2025-11-20 05:00,53.42,53.2,53.8,59,0.983
2025-11-20 06:00,53.33,53.1,53.6,57,0.95
2025-11-20 07:00,53.37,53.1,53.8,60,1.0
2025-11-20 08:00,53.36,53.0,53.7,59,0.983
2025-11-20 09:00,53.25,53.0,53.6,58,0.967
2025-11-20 10:00,53.25,53.0,53.6,50,0.833
2025-11-20 11:00,53.16,52.9,53.5,57,0.95
2025-11-20 12:00,53.2,52.9,53.5,47,0.783
2025-11-20 13:00,53.0,52.8,53.3,56,0.933
2025-11-20 14:00,52.97,52.8,53.4,49,0.817
2025-11-20 15:00,52.99,52.8,53.4,50,0.833
2025-11-20 16:00,52.68,52.1,53.3,34,0.567
2025-11-20 17:00,52.12,51.8,52.5,49,0.817
2025-11-20 18:00,52.04,51.8,52.3,47,0.783
2025-11-20 19:00,52.32,51.9,52.6,60,1.0
2025-11-20 20:00,52.28,51.9,52.5,60,1.0
2025-11-20 21:00,52.44,52.2,52.8,60,1.0
2025-11-20 22:00,52.85,52.6,53.2,60,1.0
2025-11-20 23:00,53.13,52.8,53.5,60,1.0
2025-11-21 00:00,53.38,53.1,53.7,60,1.0
2025-11-21 01:00,53.38,53.2,53.7,60,1.0
2025-11-21 02:00,53.44,53.2,53.8,60,1.0
2025-11-21 03:00,53.53,53.2,53.8,60,1.0
2025-11-21 04:00,53.77,53.6,54.0,60,1.0
2025-11-21 05:00,53.96,53.7,54.2,60,1.0
2025-11-21 06:00,54.18,54.0,54.4,60,1.0
2025-11-21 07:00,54.28,54.1,54.5,60,1.0
2025-11-21 08:00,54.22,54.1,54.4,60,1.0
2025-11-21 09:00,54.34,54.1,54.6,60,1.0
2025-11-21 10:00,54.7,54.4,55.2,60,1.0
2025-11-21 11:00,55.29,55.0,55.6,60,1.0
2025-11-21 12:00,55.51,55.2,55.8,60,1.0
2025-11-21 13:00,55.41,55.2,55.7,60,1.0
2025-11-21 14:00,55.34,55.1,55.7,60,1.0
2025-11-21 15:00,55.26,55.1,55.5,60,1.0
2025-11-21 16:00,55.22,55.0,55.6,60,1.0
2025-11-21 17:00,55.18,54.8,55.6,60,1.0
2025-11-21 18:00,54.98,54.8,55.2,60,1.0
2025-11-21 19:00,54.96,54.8,55.1,60,1.0
2025-11-21 20:00,54.97,54.8,55.2,60,1.0
2025-11-21 21:00,55.02,54.8,55.3,60,1.0
2025-11-21 22:00,55.04,54.9,55.2,60,1.0
2025-11-21 23:00,55.0,54.8,55.2,60,1.0
2025-11-22 00:00,55.01,54.8,55.4,59,0.983
2025-11-22 01:00,54.95,54.6,55.3,55,0.917
2025-11-22 08:00,56.68,56.5,56.9,22,0.367
2025-11-22 09:00,56.55,56.3,56.8,60,1.0
2025-11-22 10:00,56.32,56.1,56.5,60,1.0
2025-11-22 11:00,56.1,55.8,56.4,60,1.0
2025-11-22 12:00,55.93,55.7,56.2,60,1.0
2025-11-22 13:00,55.77,55.5,56.0,60,1.0
2025-11-22 14:00,55.64,55.4,56.0,60,1.0
2025-11-22 15:00,55.71,55.5,56.0,60,1.0
2025-11-22 16:00,55.77,55.6,56.0,60,1.0
2025-11-22 17:00,55.7,55.4,55.9,60,1.0
2025-11-22 18:00,55.56,55.2,55.8,60,1.0
2025-11-22 19:00,55.4,55.0,55.7,60,1.0
2025-11-22 20:00,55.31,55.1,55.5,60,1.0
2025-11-22 21:00,55.24,55.1,55.6,60,1.0
2025-11-22 22:00,55.27,55.0,55.6,60,1.0
2025-11-22 23:00,55.13,54.9,55.4,60,1.0
2025-11-23 00:00,54.99,54.8,55.3,60,1.0
2025-11-23 01:00,54.86,54.7,55.1,59,0.983
2025-11-23 02:00,54.82,54.6,55.0,60,1.0
2025-11-23 03:00,54.73,54.5,55.2,59,0.983
2025-11-23 04:00,54.68,54.4,55.1,60,1.0
2025-11-23 05:00,54.67,54.4,54.9,60,1.0
2025-11-23 06:00,54.68,54.4,55.0,60,1.0
2025-11-23 07:00,54.46,54.2,54.8,60,1.0
2025-11-23 08:00,54.28,54.0,54.8,60,1.0
2025-11-23 09:00,54.26,54.0,54.6,60,1.0
2025-11-23 10:00,54.15,53.9,54.6,60,1.0
2025-11-23 11:00,54.15,53.9,54.6,60,1.0
2025-11-23 12:00,54.19,53.9,54.5,60,1.0
2025-11-23 13:00,54.16,53.8,54.5,60,1.0
2025-11-23 14:00,54.07,53.8,54.3,60,1.0
2025-11-23 15:00,54.08,53.8,54.3,60,1.0
2025-11-23 16:00,53.82,53.6,54.2,60,1.0
2025-11-23 17:00,53.75,53.5,54.2,60,1.0
2025-11-23 18:00,53.84,53.5,54.1,60,1.0
2025-11-23 19:00,53.78,53.5,54.0,60,1.0
2025-11-23 20:00,53.65,53.2,53.9,59,0.983
2025-11-23 21:00,53.51,53.2,53.8,60,1.0
2025-11-23 22:00,53.54,53.3,53.7,60,1.0
2025-11-23 23:00,53.41,53.0,53.7,60,1.0
2025-11-24 00:00,53.34,53.0,53.6,53,0.883
2025-11-24 01:00,53.28,53.0,53.6,45,0.75
2025-11-24 02:00,53.22,52.9,53.5,55,0.917
2025-11-24 03:00,53.02,52.8,53.5,60,1.0
2025-11-24 04:00,52.98,52.7,53.3,59,0.983
2025-11-24 05:00,52.82,52.6,53.1,60,1.0
2025-11-24 06:00,52.6,52.3,53.0,60,1.0
2025-11-24 07:00,52.43,52.1,52.8,60,1.0
2025-11-24 08:00,52.09,51.8,52.5,60,1.0
2025-11-24 09:00,51.97,51.7,52.3,60,1.0
2025-11-24 10:00,51.91,51.6,52.3,60,1.0
2025-11-24 11:00,51.92,51.6,52.2,60,1.0
2025-11-24 12:00,51.9,51.7,52.2,60,1.0
2025-11-24 13:00,52.04,51.9,52.3,60,1.0
2025-11-24 14:00,52.52,52.0,53.9,59,0.983
2025-11-24 15:00,55.01,53.5,56.1,60,1.0
2025-11-24 16:00,56.94,56.0,57.7,60,1.0
2025-11-24 17:00,57.61,57.4,57.8,60,1.0
2025-11-24 18:00,57.6,57.3,57.9,60,1.0
2025-11-24 19:00,57.79,57.5,58.1,60,1.0
2025-11-24 20:00,57.37,57.0,57.9,60,1.0
2025-11-24 21:00,57.07,56.7,57.4,59,0.983
2025-11-24 22:00,57.14,56.8,57.5,60,1.0
2025-11-24 23:00,56.97,56.7,57.3,60,1.0
2025-11-25 00:00,56.75,56.5,57.2,60,1.0
2025-11-25 01:00,56.61,56.3,57.1,60,1.0
2025-11-25 02:00,56.48,56.1,56.8,60,1.0
2025-11-25 03:00,56.09,55.8,56.6,60,1.0
2025-11-25 04:00,55.6,55.3,56.1,60,1.0
2025-11-25 05:00,55.55,55.2,55.9,60,1.0
2025-11-25 06:00,55.86,55.4,56.1,60,1.0
2025-11-25 07:00,56.43,56.0,56.9,60,1.0
2025-11-25 08:00,56.51,56.3,57.0,60,1.0
2025-11-25 09:00,56.55,56.3,56.9,60,1.0
2025-11-25 10:00,56.6,56.4,57.0,60,1.0
2025-11-25 11:00,56.61,56.3,56.9,60,1.0
2025-11-25 12:00,56.46,55.9,56.8,60,1.0
2025-11-25 13:00,56.01,55.7,56.4,59,0.983
2025-11-25 14:00,56.08,55.8,56.4,60,1.0
2025-11-25 15:00,55.66,55.2,56.1,60,1.0
2025-11-25 16:00,55.3,55.1,55.6,60,1.0
2025-11-25 17:00,57.54,55.6,58.7,60,1.0
2025-11-25 18:00,58.75,58.3,59.0,60,1.0
2025-11-25 19:00,58.62,58.4,58.9,60,1.0
2025-11-25 20:00,58.94,58.5,59.3,60,1.0
2025-11-25 21:00,58.55,58.2,58.9,60,1.0
2025-11-25 22:00,58.07,57.8,58.4,60,1.0
2025-11-25 23:00,57.76,57.4,58.1,60,1.0
2025-11-26 00:00,57.5,57.2,57.8,60,1.0
2025-11-26 01:00,57.14,56.7,57.5,60,1.0
2025-11-26 02:00,56.88,56.4,57.3,60,1.0
2025-11-26 03:00,56.57,56.1,56.9,60,1.0
2025-11-26 04:00,56.21,55.9,56.6,60,1.0
2025-11-26 05:00,55.93,55.7,56.3,60,1.0
2025-11-26 06:00,55.51,55.2,56.0,60,1.0
2025-11-26 07:00,55.19,55.0,55.5,60,1.0
2025-11-26 08:00,55.29,55.0,55.7,60,1.0
2025-11-26 09:00,55.34,55.1,55.6,60,1.0
2025-11-26 10:00,55.42,55.2,55.9,60,1.0
2025-11-26 11:00,55.44,55.2,55.8,60,1.0
2025-11-26 12:00,55.51,55.2,55.7,60,1.0
2025-11-26 13:00,55.32,55.0,55.7,60,1.0
2025-11-26 14:00,55.1,54.8,55.6,60,1.0
2025-11-26 15:00,54.7,54.4,55.0,60,1.0
2025-11-26 16:00,54.42,54.1,54.7,60,1.0
2025-11-26 17:00,54.36,54.1,54.7,60,1.0
2025-11-26 18:00,54.51,54.3,54.8,60,1.0
2025-11-26 19:00,54.43,54.1,54.9,60,1.0
2025-11-26 20:00,54.06,53.7,54.4,59,0.983
2025-11-26 21:00,53.92,53.7,54.1,59,0.983
2025-11-26 22:00,53.86,53.6,54.1,60,1.0
2025-11-26 23:00,54.2,53.9,54.4,60,1.0
2025-11-27 00:00,54.5,54.3,54.7,60,1.0
2025-11-27 01:00,54.64,54.5,54.9,60,1.0
2025-11-27 02:00,54.7,54.6,54.9,60,1.0
2025-11-27 03:00,54.74,54.6,54.9,60,1.0
2025-11-27 04:00,54.71,54.4,55.0,60,1.0
2025-11-27 05:00,54.67,54.5,55.0,60,1.0
2025-11-27 06:00,54.58,54.4,54.8,60,1.0
2025-11-27 07:00,54.53,54.3,54.8,60,1.0
2025-11-27 08:00,54.6,54.3,54.9,60,1.0
2025-11-27 09:00,54.45,54.1,54.8,60,1.0
2025-11-27 10:00,54.38,54.1,54.8,60,1.0
2025-11-27 11:00,54.26,54.0,54.7,60,1.0
2025-11-27 12:00,54.25,53.9,54.6,60,1.0
2025-11-27 13:00,54.26,54.0,54.6,60,1.0
2025-11-27 14:00,54.26,53.9,54.6,60,1.0
2025-11-27 15:00,54.06,53.7,54.4,60,1.0
2025-11-27 16:00,53.86,53.6,54.1,60,1.0
2025-11-27 17:00,53.84,53.6,54.1,60,1.0
2025-11-27 18:00,53.8,53.5,54.2,60,1.0
2025-11-27 19:00,53.71,53.4,54.0,60,1.0
2025-11-27 20:00,53.81,53.4,54.0,60,1.0
2025-11-27 21:00,53.69,53.3,54.0,60,1.0
2025-11-27 22:00,53.62,53.4,53.9,60,1.0
2025-11-27 23:00,53.52,53.2,53.7,60,1.0
2025-11-28 00:00,53.5,53.2,53.8,60,1.0
2025-11-28 01:00,53.45,53.1,53.9,60,1.0
2025-11-28 02:00,53.27,53.0,53.6,60,1.0
2025-11-28 03:00,53.2,52.9,53.6,60,1.0
2025-11-28 04:00,53.26,52.9,53.6,60,1.0
2025-11-28 05:00,53.22,52.9,53.5,60,1.0
2025-11-28 06:00,53.14,52.8,53.5,60,1.0
2025-11-28 07:00,53.01,52.6,53.3,60,1.0
2025-11-28 08:00,52.84,52.6,53.2,60,1.0
2025-11-28 09:00,52.71,52.5,53.0,60,1.0
2025-11-28 10:00,52.68,52.5,52.9,60,1.0
2025-11-28 11:00,52.88,52.5,53.1,60,1.0
2025-11-28 12:00,52.92,52.6,53.2,60,1.0
2025-11-28 13:00,52.71,52.3,53.0,60,1.0
2025-11-28 14:00,52.54,52.3,53.0,60,1.0
2025-11-28 15:00,52.73,52.4,53.2,57,0.95
2025-11-28 16:00,52.61,52.3,52.9,60,1.0
2025-11-28 17:00,52.36,52.1,52.6,60,1.0
2025-11-28 18:00,52.26,52.1,52.5,60,1.0
2025-11-28 19:00,52.38,52.1,52.8,60,1.0
2025-11-28 20:00,52.31,52.1,52.6,59,0.983
2025-11-28 21:00,52.26,52.1,52.5,60,1.0
2025-11-28 22:00,52.27,52.0,52.8,60,1.0
2025-11-28 23:00,52.18,52.0,52.5,60,1.0
2025-11-29 00:00,52.34,52.1,52.6,60,1.0
2025-11-29 01:00,52.29,52.1,52.6,60,1.0
2025-11-29 02:00,52.28,52.0,52.5,60,1.0
2025-11-29 03:00,52.14,51.8,52.4,60,1.0
2025-11-29 04:00,52.04,51.8,52.4,60,1.0
2025-11-29 05:00,51.93,51.7,52.2,60,1.0
2025-11-29 06:00,51.88,51.7,52.2,60,1.0
2025-11-29 07:00,51.91,51.6,52.2,60,1.0
2025-11-29 08:00,51.88,51.6,52.2,60,1.0
2025-11-29 09:00,51.77,51.5,52.2,60,1.0
2025-11-29 10:00,51.68,51.4,52.0,60,1.0
2025-11-29 11:00,51.72,51.4,52.0,56,0.933
2025-11-29 12:00,51.73,51.4,52.1,45,0.75
2025-11-29 13:00,51.74,51.4,52.0,60,1.0
2025-11-29 14:00,51.6,51.3,52.0,60,1.0
2025-11-29 15:00,51.72,51.5,52.0,60,1.0
2025-11-29 16:00,51.63,51.3,52.0,60,1.0
2025-11-29 17:00,51.43,51.2,51.7,60,1.0
2025-11-29 18:00,51.44,51.2,51.8,60,1.0
2025-11-29 19:00,51.63,51.3,51.9,59,0.983
2025-11-29 20:00,51.68,51.3,51.9,60,1.0
2025-11-29 21:00,51.6,51.4,51.8,60,1.0
2025-11-29 22:00,51.6,51.2,51.8,60,1.0
2025-11-29 23:00,51.48,51.1,51.8,60,1.0
2025-11-30 00:00,51.54,51.3,51.8,60,1.0
2025-11-30 01:00,51.4,51.0,51.8,60,1.0
2025-11-30 02:00,51.36,51.1,51.7,60,1.0
2025-11-30 03:00,51.25,51.0,51.5,60,1.0
2025-11-30 04:00,51.18,51.0,51.5,60,1.0
2025-11-30 05:00,51.16,51.0,51.4,60,1.0
2025-11-30 06:00,51.1,50.9,51.4,60,1.0
2025-11-30 07:00,51.06,50.9,51.3,60,1.0
2025-11-30 08:00,51.1,50.8,51.5,60,1.0
2025-11-30 09:00,51.21,50.9,51.6,60,1.0
2025-11-30 10:00,51.01,50.7,51.4,60,1.0
2025-11-30 11:00,50.94,50.7,51.3,60,1.0
2025-11-30 12:00,50.98,50.7,51.4,60,1.0
2025-11-30 13:00,50.91,50.6,51.2,59,0.983
2025-11-30 14:00,50.93,50.6,51.2,60,1.0
2025-11-30 15:00,50.92,50.6,51.3,60,1.0
2025-11-30 16:00,50.72,50.5,50.9,60,1.0
2025-11-30 17:00,50.83,50.6,51.1,60,1.0
2025-11-30 18:00,50.97,50.6,51.3,60,1.0
2025-11-30 19:00,51.03,50.7,51.5,60,1.0
2025-11-30 20:00,51.03,50.8,51.3,60,1.0
2025-11-30 21:00,51.0,50.7,51.3,60,1.0
2025-11-30 22:00,50.97,50.6,51.3,60,1.0
2025-11-30 23:00,50.89,50.6,51.1,60,1.0
2025-12-01 00:00,50.81,50.5,51.2,60,1.0
2025-12-01 01:00,50.74,50.5,51.1,60,1.0
2025-12-01 02:00,50.69,50.4,50.9,60,1.0
2025-12-01 03:00,50.72,50.4,51.0,60,1.0
2025-12-01 04:00,50.6,50.4,50.9,60,1.0
2025-12-01 05:00,50.56,50.4,50.8,59,0.983
2025-12-01 06:00,50.53,50.3,50.7,59,0.983
2025-12-01 07:00,50.58,50.3,50.9,60,1.0
2025-12-01 08:00,50.56,50.3,50.9,58,0.967
2025-12-01 09:00,50.62,50.3,51.0,60,1.0
2025-12-01 10:00,50.62,50.3,50.9,60,1.0
2025-12-01 11:00,50.42,50.2,50.8,60,1.0
2025-12-01 12:00,50.32,50.1,50.5,60,1.0
2025-12-01 13:00,50.31,50.1,50.6,60,1.0
2025-12-01 14:00,50.47,50.2,50.7,60,1.0
2025-12-01 15:00,50.29,50.1,50.7,60,1.0
2025-12-01 16:00,50.27,50.1,50.7,60,1.0
2025-12-01 17:00,50.44,50.1,50.9,60,1.0
2025-12-01 18:00,50.34,50.0,50.7,60,1.0
2025-12-01 19:00,50.28,50.0,50.7,60,1.0
2025-12-01 20:00,50.19,50.0,50.5,60,1.0
2025-12-01 21:00,50.17,50.0,50.4,60,1.0
2025-12-01 22:00,50.19,50.0,50.6,60,1.0
2025-12-01 23:00,49.81,49.5,50.3,60,1.0
2025-12-02 00:00,49.64,49.4,49.9,60,1.0
2025-12-02 01:00,49.69,49.5,49.9,60,1.0
2025-12-02 02:00,49.77,49.6,50.0,48,0.8
2025-12-02 03:00,49.76,49.6,50.0,51,0.85
2025-12-02 04:00,49.24,48.9,49.8,52,0.867
2025-12-02 05:00,49.11,48.9,49.3,56,0.933
2025-12-02 06:00,49.23,49.0,49.5,60,1.0
2025-12-02 07:00,49.32,49.1,49.7,60,1.0
2025-12-02 08:00,49.47,49.2,49.9,60,1.0
2025-12-02 09:00,48.99,48.7,49.5,60,1.0
2025-12-02 10:00,48.78,48.6,49.1,60,1.0
2025-12-02 11:00,49.09,48.8,49.6,60,1.0
2025-12-02 12:00,49.91,49.4,50.5,60,1.0
2025-12-02 13:00,50.82,50.3,51.4,60,1.0
2025-12-02 14:00,51.52,51.3,51.8,60,1.0
2025-12-02 15:00,51.78,51.4,52.2,60,1.0
2025-12-02 16:00,52.63,52.0,53.3,60,1.0
2025-12-02 17:00,53.39,52.9,53.9,57,0.95
2025-12-02 18:00,54.06,53.6,54.6,60,1.0
2025-12-02 19:00,54.46,54.1,54.8,60,1.0
2025-12-02 20:00,54.58,54.4,54.8,60,1.0
2025-12-02 21:00,54.71,54.5,55.0,60,1.0
2025-12-02 22:00,54.93,54.7,55.2,60,1.0
2025-12-02 23:00,54.84,54.7,55.0,60,1.0
2025-12-03 00:00,54.89,54.8,55.2,60,1.0
2025-12-03 01:00,54.85,54.7,55.0,60,1.0
2025-12-03 02:00,54.95,54.8,55.2,60,1.0
2025-12-03 03:00,55.0,54.8,55.2,60,1.0
2025-12-03 04:00,54.92,54.6,55.2,59,0.983
2025-12-03 05:00,54.8,54.5,55.1,60,1.0
2025-12-03 06:00,54.6,54.4,54.9,60,1.0
2025-12-03 07:00,54.7,54.5,55.0,60,1.0
2025-12-03 08:00,54.54,54.3,54.8,60,1.0
2025-12-03 09:00,54.49,54.2,54.9,60,1.0
2025-12-03 10:00,54.42,54.2,54.7,60,1.0
2025-12-03 11:00,54.42,54.2,54.8,60,1.0
2025-12-03 12:00,54.53,54.2,54.8,60,1.0
2025-12-03 13:00,54.4,54.1,54.8,60,1.0
2025-12-03 14:00,54.3,54.0,54.7,60,1.0
2025-12-03 15:00,54.24,54.0,54.5,60,1.0
2025-12-03 16:00,54.37,54.1,54.6,60,1.0
2025-12-03 17:00,54.22,53.9,54.5,60,1.0
2025-12-03 18:00,54.13,53.8,54.4,60,1.0
2025-12-03 19:00,53.9,53.6,54.3,60,1.0
2025-12-03 20:00,53.75,53.6,54.0,60,1.0
2025-12-03 21:00,53.66,53.5,53.9,60,1.0
2025-12-03 22:00,53.61,53.4,54.0,60,1.0
2025-12-03 23:00,53.5,53.3,53.7,60,1.0
2025-12-04 00:00,53.44,53.2,53.7,60,1.0
2025-12-04 01:00,53.42,53.2,53.8,60,1.0
2025-12-04 02:00,53.34,53.1,53.6,60,1.0
2025-12-04 03:00,53.26,53.1,53.5,60,1.0
2025-12-04 04:00,53.24,53.0,53.6,60,1.0
2025-12-04 05:00,53.21,52.9,53.6,60,1.0
2025-12-04 06:00,53.02,52.8,53.4,60,1.0
2025-12-04 07:00,52.96,52.8,53.3,60,1.0
2025-12-04 08:00,52.97,52.7,53.4,60,1.0
2025-12-04 09:00,52.96,52.7,53.2,60,1.0
2025-12-04 10:00,52.88,52.7,53.2,60,1.0
2025-12-04 11:00,53.03,52.7,53.3,60,1.0
2025-12-04 12:00,52.99,52.7,53.3,60,1.0
2025-12-04 13:00,52.74,52.5,53.0,60,1.0
2025-12-04 14:00,52.86,52.5,53.2,60,1.0
2025-12-04 15:00,52.89,52.7,53.2,60,1.0
2025-12-04 16:00,52.66,52.4,53.0,60,1.0
2025-12-04 17:00,52.57,52.3,53.0,60,1.0
2025-12-04 18:00,52.66,52.4,52.9,60,1.0
2025-12-04 19:00,52.73,52.4,53.1,60,1.0
2025-12-04 20:00,52.67,52.4,53.0,60,1.0
2025-12-04 21:00,52.56,52.3,52.9,53,0.883
2025-12-04 22:00,52.34,52.0,52.6,47,0.783
2025-12-04 23:00,52.28,52.0,52.6,59,0.983
2025-12-05 00:00,51.77,51.1,52.5,56,0.933
2025-12-05 09:00,53.16,53.0,53.5,11,0.183
2025-12-05 10:00,53.09,52.8,53.4,60,1.0
2025-12-05 11:00,53.17,52.9,53.5,60,1.0
2025-12-05 12:00,53.1,52.9,53.4,60,1.0
2025-12-05 13:00,53.17,52.9,53.5,60,1.0
2025-12-05 14:00,53.17,52.9,53.4,60,1.0
2025-12-05 15:00,53.12,52.9,53.4,59,0.983
2025-12-05 16:00,53.24,52.9,53.5,60,1.0
2025-12-05 17:00,53.3,53.1,53.6,60,1.0
2025-12-05 18:00,53.23,53.0,53.5,60,1.0
2025-12-05 19:00,53.12,52.8,53.5,60,1.0
2025-12-05 20:00,52.92,52.7,53.1,60,1.0
2025-12-05 21:00,52.93,52.7,53.2,60,1.0
2025-12-05 22:00,52.94,52.7,53.3,60,1.0
2025-12-05 23:00,52.95,52.7,53.4,60,1.0
2025-12-06 00:00,52.92,52.6,53.2,60,1.0
2025-12-06 01:00,52.83,52.6,53.1,60,1.0
2025-12-06 02:00,52.77,52.6,53.1,60,1.0
2025-12-06 03:00,52.7,52.5,52.9,60,1.0
2025-12-06 04:00,52.84,52.5,53.2,60,1.0
2025-12-06 05:00,52.92,52.7,53.2,60,1.0
2025-12-06 06:00,52.67,52.4,53.0,60,1.0
2025-12-06 07:00,52.57,52.3,52.8,60,1.0
2025-12-06 08:00,52.62,52.3,53.0,60,1.0
2025-12-06 09:00,52.44,52.3,52.7,60,1.0
2025-12-06 10:00,52.42,52.2,52.6,60,1.0
2025-12-06 11:00,52.42,52.2,52.7,60,1.0
2025-12-06 12:00,52.6,52.2,52.9,60,1.0
2025-12-06 13:00,52.48,52.1,52.8,60,1.0
2025-12-06 14:00,52.51,52.2,53.0,60,1.0
2025-12-06 15:00,52.29,52.1,52.5,60,1.0
2025-12-06 16:00,52.25,52.0,52.5,60,1.0
2025-12-06 17:00,52.2,52.0,52.5,60,1.0
2025-12-06 18:00,52.17,51.9,52.4,60,1.0
2025-12-06 19:00,52.27,52.0,52.6,60,1.0
2025-12-06 20:00,52.33,52.1,52.5,59,0.983
2025-12-06 21:00,52.19,51.8,52.5,60,1.0
2025-12-06 22:00,52.2,51.9,52.5,60,1.0
2025-12-06 23:00,52.04,51.8,52.3,60,1.0
2025-12-07 00:00,51.97,51.7,52.2,60,1.0
2025-12-07 01:00,51.9,51.7,52.2,60,1.0
2025-12-07 02:00,51.91,51.7,52.1,59,0.983
2025-12-07 03:00,51.88,51.6,52.1,60,1.0
2025-12-07 04:00,51.84,51.6,52.1,60,1.0
2025-12-07 05:00,51.78,51.5,52.1,60,1.0
2025-12-07 06:00,51.72,51.5,51.9,60,1.0
2025-12-07 07:00,51.68,51.5,51.9,60,1.0
2025-12-07 08:00,51.78,51.5,52.1,60,1.0
2025-12-07 09:00,51.6,51.4,51.9,60,1.0
2025-12-07 10:00,51.68,51.4,52.1,60,1.0
2025-12-07 11:00,51.72,51.4,52.1,60,1.0
2025-12-07 12:00,51.62,51.4,51.9,58,0.967
2025-12-07 13:00,51.53,51.3,51.9,60,1.0
2025-12-07 14:00,51.56,51.2,51.9,60,1.0
2025-12-07 15:00,51.41,51.2,51.9,59,0.983
2025-12-07 16:00,51.4,51.2,51.8,60,1.0
2025-12-07 17:00,51.33,51.2,51.6,51,0.85
2025-12-07 18:00,51.33,51.1,51.6,55,0.917
2025-12-07 19:00,51.31,51.1,51.6,50,0.833
2025-12-07 20:00,51.4,51.1,51.7,54,0.9
2025-12-07 21:00,51.45,51.2,51.7,58,0.967
2025-12-07 22:00,51.46,51.2,51.7,60,1.0
2025-12-07 23:00,51.38,51.1,51.7,60,1.0
2025-12-08 00:00,51.25,50.9,51.6,57,0.95
2025-12-08 01:00,51.18,50.9,51.4,48,0.8
2025-12-08 02:00,51.14,50.9,51.4,59,0.983
2025-12-08 03:00,51.12,50.9,51.5,52,0.867
2025-12-08 04:00,51.06,50.8,51.3,59,0.983
2025-12-08 05:00,50.99,50.8,51.3,60,1.0
2025-12-08 06:00,50.94,50.8,51.2,60,1.0
2025-12-08 07:00,50.92,50.7,51.1,57,0.95
2025-12-08 08:00,50.98,50.7,51.4,60,1.0
2025-12-08 09:00,50.89,50.7,51.2,60,1.0
2025-12-08 10:00,50.84,50.6,51.1,60,1.0
2025-12-08 11:00,50.82,50.6,51.2,60,1.0
2025-12-08 12:00,51.02,50.6,51.3,60,1.0
2025-12-08 13:00,50.84,50.5,51.3,60,1.0
2025-12-08 14:00,50.9,50.5,51.2,60,1.0
2025-12-08 15:00,50.74,50.5,51.0,60,1.0
2025-12-08 16:00,50.7,50.5,50.9,60,1.0
2025-12-08 17:00,50.71,50.5,51.0,60,1.0
2025-12-08 18:00,50.81,50.5,51.0,60,1.0
2025-12-08 19:00,50.86,50.5,51.2,60,1.0
2025-12-08 20:00,50.86,50.6,51.2,60,1.0
2025-12-08 21:00,50.83,50.5,51.1,60,1.0
2025-12-08 22:00,50.83,50.5,51.3,60,1.0
2025-12-08 23:00,50.8,50.6,51.2,60,1.0
2025-12-09 00:00,50.81,50.5,51.0,60,1.0
2025-12-09 01:00,50.73,50.5,51.0,60,1.0
2025-12-09 02:00,50.68,50.2,50.9,60,1.0
2025-12-09 03:00,50.58,50.3,51.0,60,1.0
2025-12-09 04:00,50.57,50.2,50.9,60,1.0
2025-12-09 05:00,50.46,50.2,50.8,60,1.0
2025-12-09 06:00,50.37,50.2,50.6,60,1.0
2025-12-09 07:00,50.34,50.2,50.5,60,1.0
2025-12-09 08:00,50.43,50.2,50.8,60,1.0
2025-12-09 09:00,50.38,50.1,50.8,60,1.0
2025-12-09 10:00,50.37,50.1,50.8,60,1.0
2025-12-09 11:00,50.29,50.1,50.5,60,1.0
2025-12-09 12:00,50.38,50.1,50.6,60,1.0
2025-12-09 13:00,50.32,50.0,50.7,60,1.0
2025-12-09 14:00,50.33,50.0,50.6,60,1.0
2025-12-09 15:00,50.25,49.9,50.6,60,1.0
2025-12-09 16:00,50.14,49.9,50.5,60,1.0
2025-12-09 17:00,50.14,49.9,50.3,60,1.0
2025-12-09 18:00,50.14,50.0,50.4,60,1.0
2025-12-09 19:00,50.21,49.9,50.5,60,1.0
2025-12-09 20:00,50.26,50.0,50.5,60,1.0
2025-12-09 21:00,50.34,50.1,50.6,60,1.0
2025-12-09 22:00,50.3,50.1,50.5,60,1.0
2025-12-09 23:00,50.31,50.1,50.6,60,1.0
2025-12-10 00:00,50.24,50.0,50.5,60,1.0
2025-12-10 01:00,50.21,49.8,50.5,60,1.0
2025-12-10 02:00,50.11,49.8,50.5,60,1.0
2025-12-10 03:00,50.1,49.8,50.3,60,1.0
2025-12-10 04:00,50.04,49.8,50.3,60,1.0
2025-12-10 05:00,50.04,49.7,50.4,60,1.0
2025-12-10 06:00,49.94,49.7,50.2,60,1.0
2025-12-10 07:00,49.9,49.7,50.2,60,1.0
2025-12-10 08:00,49.92,49.7,50.3,60,1.0
2025-12-10 09:00,49.87,49.6,50.2,60,1.0
2025-12-10 10:00,49.83,49.6,50.2,60,1.0
2025-12-10 11:00,49.85,49.6,50.2,60,1.0
2025-12-10 12:00,49.94,49.6,50.2,60,1.0
2025-12-10 13:00,49.83,49.4,50.1,60,1.0
2025-12-10 14:00,49.77,49.5,50.1,60,1.0
2025-12-10 15:00,49.78,49.5,50.0,58,0.967
2025-12-10 16:00,49.61,49.4,49.8,60,1.0
2025-12-10 17:00,49.64,49.5,49.9,60,1.0
2025-12-10 18:00,49.66,49.5,50.0,60,1.0
2025-12-10 19:00,49.73,49.5,50.0,60,1.0
2025-12-10 20:00,49.79,49.4,50.1,60,1.0
2025-12-10 21:00,49.85,49.6,50.1,60,1.0
2025-12-10 22:00,49.81,49.6,50.0,60,1.0
2025-12-10 23:00,49.78,49.4,50.0,60,1.0
2025-12-11 00:00,49.75,49.4,50.1,60,1.0
2025-12-11 01:00,49.68,49.4,50.0,60,1.0
2025-12-11 02:00,49.62,49.4,49.9,60,1.0
2025-12-11 03:00,49.6,49.3,50.0,60,1.0
2025-12-11 04:00,49.64,49.4,49.9,60,1.0
2025-12-11 05:00,49.6,49.4,49.9,60,1.0
2025-12-11 06:00,49.54,49.2,49.7,60,1.0
2025-12-11 07:00,49.52,49.2,50.1,60,1.0
2025-12-11 08:00,49.5,49.2,49.9,60,1.0
2025-12-11 09:00,49.49,49.2,49.8,60,1.0
2025-12-11 10:00,49.42,49.2,49.8,60,1.0
2025-12-11 11:00,49.46,49.2,49.7,60,1.0
2025-12-11 12:00,49.55,49.3,49.8,54,0.9
2025-12-11 13:00,49.48,49.2,49.8,56,0.933
2025-12-11 14:00,49.31,49.1,49.7,60,1.0
2025-12-11 15:00,49.4,49.1,49.7,60,1.0
2025-12-11 16:00,49.45,49.3,49.7,59,0.983
2025-12-11 17:00,49.23,49.0,49.6,59,0.983
2025-12-11 18:00,49.18,49.0,49.4,60,1.0
2025-12-11 19:00,49.21,49.0,49.5,60,1.0
2025-12-11 20:00,49.28,49.0,49.6,60,1.0
2025-12-11 21:00,49.23,49.0,49.5,60,1.0
2025-12-11 22:00,49.31,49.0,49.7,60,1.0
2025-12-11 23:00,49.38,49.1,49.6,60,1.0
2025-12-12 00:00,49.15,48.9,49.7,60,1.0
2025-12-12 01:00,49.14,48.9,49.4,60,1.0
2025-12-12 02:00,49.11,48.9,49.4,60,1.0
2025-12-12 03:00,49.06,48.9,49.3,58,0.967
2025-12-12 04:00,49.12,48.9,49.5,60,1.0
2025-12-12 05:00,49.23,48.9,49.7,60,1.0
2025-12-12 06:00,49.26,49.0,49.5,60,1.0
2025-12-12 07:00,49.29,49.0,49.7,60,1.0
2025-12-12 08:00,49.16,48.9,49.6,60,1.0
2025-12-12 09:00,49.11,48.8,49.4,59,0.983
2025-12-12 10:00,48.97,48.8,49.3,47,0.783
2025-12-12 11:00,48.95,48.8,49.2,55,0.917
2025-12-12 12:00,48.98,48.7,49.3,60,1.0
2025-12-12 13:00,48.91,48.7,49.1,60,1.0
2025-12-12 14:00,48.98,48.7,49.3,59,0.983
2025-12-12 15:00,49.05,48.7,49.4,59,0.983
2025-12-12 16:00,49.0,48.7,49.3,60,1.0
2025-12-12 17:00,48.92,48.7,49.2,60,1.0
2025-12-12 18:00,48.88,48.7,49.1,59,0.983
2025-12-12 19:00,48.86,48.7,49.1,60,1.0
2025-12-12 20:00,48.85,48.6,49.0,60,1.0
2025-12-12 21:00,48.93,48.7,49.1,60,1.0
2025-12-12 22:00,48.99,48.6,49.2,59,0.983
2025-12-12 23:00,49.03,48.6,49.4,58,0.967
2025-12-13 00:00,49.04,48.8,49.3,60,1.0
2025-12-13 01:00,49.01,48.7,49.2,59,0.983
2025-12-13 02:00,49.0,48.7,49.3,60,1.0
2025-12-13 03:00,48.95,48.7,49.3,60,1.0
2025-12-13 04:00,48.92,48.7,49.1,60,1.0
2025-12-13 05:00,48.87,48.6,49.1,60,1.0
2025-12-13 06:00,48.84,48.6,49.1,60,1.0
2025-12-13 07:00,48.89,48.6,49.2,60,1.0
2025-12-13 08:00,48.79,48.5,49.2,60,1.0
2025-12-13 09:00,48.81,48.5,49.2,60,1.0
2025-12-13 10:00,48.72,48.4,49.1,60,1.0
2025-12-13 11:00,48.64,48.5,48.8,59,0.983
2025-12-13 12:00,48.83,48.5,49.0,60,1.0
2025-12-13 13:00,48.65,48.4,49.0,60,1.0
2025-12-13 14:00,48.57,48.4,48.8,60,1.0
2025-12-13 15:00,48.72,48.4,49.0,60,1.0
2025-12-13 16:00,48.65,48.4,49.0,60,1.0
2025-12-13 17:00,48.54,48.4,48.8,60,1.0
2025-12-13 18:00,48.57,48.3,48.8,60,1.0
2025-12-13 19:00,48.69,48.4,49.0,60,1.0
2025-12-13 20:00,48.68,48.4,49.0,60,1.0
2025-12-13 21:00,48.54,48.3,48.9,60,1.0
2025-12-13 22:00,48.5,48.3,48.9,60,1.0
2025-12-13 23:00,48.57,48.3,48.9,60,1.0
2025-12-14 00:00,48.69,48.4,48.9,60,1.0
2025-12-14 01:00,48.72,48.5,49.0,60,1.0
2025-12-14 02:00,48.68,48.4,49.0,60,1.0
2025-12-14 03:00,48.68,48.5,48.9,60,1.0
2025-12-14 04:00,48.7,48.5,49.1,60,1.0
2025-12-14 05:00,48.72,48.5,49.1,60,1.0
2025-12-14 06:00,48.73,48.5,49.0,60,1.0
2025-12-14 07:00,48.66,48.4,48.9,60,1.0
2025-12-14 08:00,48.55,48.2,48.9,60,1.0
2025-12-14 09:00,48.51,48.2,48.9,60,1.0
2025-12-14 10:00,48.4,48.2,48.7,60,1.0
2025-12-14 11:00,48.44,48.2,49.0,60,1.0
2025-12-14 12:00,48.49,48.2,48.8,59,0.983
2025-12-14 13:00,48.33,48.1,48.5,60,1.0
2025-12-14 14:00,48.51,48.2,48.8,60,1.0
2025-12-14 15:00,48.42,48.1,48.8,60,1.0
2025-12-14 16:00,48.33,48.1,48.6,60,1.0
2025-12-14 17:00,48.3,48.1,48.5,60,1.0
2025-12-14 18:00,48.3,48.1,48.6,60,1.0
2025-12-14 19:00,48.33,48.1,48.7,60,1.0
2025-12-14 20:00,48.48,48.1,48.9,60,1.0
2025-12-14 21:00,48.41,48.1,48.7,60,1.0
2025-12-14 22:00,48.44,48.2,48.7,60,1.0
2025-12-14 23:00,48.54,48.3,48.8,60,1.0
2025-12-15 00:00,48.49,48.3,48.7,60,1.0
2025-12-15 01:00,48.46,48.2,48.7,60,1.0
2025-12-15 02:00,48.48,48.3,48.7,60,1.0
2025-12-15 03:00,48.42,48.1,48.8,60,1.0
2025-12-15 04:00,48.43,48.2,48.7,60,1.0
2025-12-15 05:00,48.42,48.1,48.8,58,0.967
2025-12-15 06:00,48.39,48.1,48.6,46,0.767
2025-12-15 07:00,48.3,48.1,48.6,52,0.867
2025-12-15 08:00,48.29,48.0,48.7,57,0.95
2025-12-15 09:00,48.27,48.0,48.6,57,0.95
2025-12-15 10:00,48.24,48.0,48.5,60,1.0
2025-12-15 11:00,48.19,47.9,48.6,60,1.0
2025-12-15 12:00,48.14,47.9,48.5,60,1.0
2025-12-15 13:00,48.21,47.9,48.4,60,1.0
2025-12-15 14:00,48.1,47.9,48.4,60,1.0
2025-12-15 15:00,48.17,47.9,48.5,60,1.0
2025-12-15 16:00,48.27,48.1,48.5,60,1.0
2025-12-15 17:00,48.19,47.8,48.5,60,1.0
2025-12-15 18:00,48.05,47.8,48.3,60,1.0
2025-12-15 19:00,48.0,47.8,48.4,60,1.0
2025-12-15 20:00,47.99,47.8,48.3,60,1.0
2025-12-15 21:00,48.06,47.8,48.3,60,1.0
2025-12-15 22:00,47.96,47.8,48.2,60,1.0
2025-12-15 23:00,47.93,47.8,48.2,60,1.0
2025-12-16 00:00,48.05,47.7,48.3,60,1.0
2025-12-16 01:00,48.07,47.8,48.4,60,1.0
2025-12-16 02:00,48.13,47.8,48.4,60,1.0
2025-12-16 03:00,48.17,47.9,48.4,60,1.0
2025-12-16 04:00,48.07,47.8,48.3,60,1.0
2025-12-16 05:00,47.97,47.8,48.3,60,1.0
2025-12-16 06:00,48.06,47.9,48.4,60,1.0
2025-12-16 07:00,48.1,47.9,48.4,60,1.0
2025-12-16 08:00,48.13,47.8,48.4,60,1.0
2025-12-16 09:00,47.95,47.7,48.3,60,1.0
2025-12-16 10:00,47.89,47.7,48.1,60,1.0
2025-12-16 11:00,47.96,47.7,48.4,60,1.0
2025-12-16 12:00,47.89,47.7,48.2,60,1.0
2025-12-16 13:00,48.04,47.8,48.3,60,1.0
2025-12-16 14:00,48.0,47.8,48.2,60,1.0
2025-12-16 15:00,47.85,47.6,48.1,60,1.0
2025-12-16 16:00,47.86,47.6,48.1,60,1.0
2025-12-16 17:00,48.04,47.8,48.3,60,1.0
2025-12-16 18:00,48.03,47.7,48.4,60,1.0
2025-12-16 19:00,48.04,47.8,48.4,60,1.0
2025-12-16 20:00,48.02,47.7,48.4,60,1.0
2025-12-16 21:00,47.91,47.6,48.3,60,1.0
2025-12-16 22:00,47.95,47.6,48.4,60,1.0
2025-12-16 23:00,47.95,47.7,48.2,60,1.0
2025-12-17 00:00,47.74,47.3,48.1,60,1.0
2025-12-17 01:00,47.68,47.2,48.0,58,0.967
2025-12-17 02:00,47.66,47.4,47.9,45,0.75
2025-12-17 03:00,47.62,47.4,47.9,59,0.983
2025-12-17 04:00,47.72,47.5,48.0,60,1.0
2025-12-17 05:00,47.78,47.5,48.1,60,1.0
2025-12-17 06:00,47.77,47.5,48.2,60,1.0
2025-12-17 07:00,47.76,47.5,48.1,60,1.0
2025-12-17 08:00,47.77,47.5,48.1,60,1.0
2025-12-17 09:00,47.58,46.8,48.1,60,1.0
2025-12-17 10:00,46.49,46.3,47.0,60,1.0
2025-12-17 11:00,46.7,46.4,47.1,60,1.0
2025-12-17 12:00,47.16,46.8,47.6,60,1.0
2025-12-17 13:00,47.52,47.1,48.0,60,1.0
2025-12-17 14:00,47.92,47.7,48.2,60,1.0
2025-12-17 15:00,47.97,47.8,48.2,60,1.0
2025-12-17 16:00,48.14,47.9,48.5,60,1.0
2025-12-17 17:00,48.3,48.1,48.5,60,1.0
2025-12-17 18:00,48.54,48.3,48.9,60,1.0
2025-12-17 19:00,48.7,48.4,49.1,60,1.0
2025-12-17 20:00,48.9,48.7,49.2,60,1.0
2025-12-17 21:00,49.03,48.7,49.4,60,1.0
2025-12-17 22:00,49.09,48.8,49.3,60,1.0
2025-12-17 23:00,49.1,48.8,49.4,60,1.0
2025-12-18 00:00,49.13,48.9,49.3,60,1.0
2025-12-18 01:00,49.14,48.9,49.6,60,1.0
2025-12-18 02:00,49.19,48.9,49.6,60,1.0
2025-12-18 03:00,49.25,49.0,49.7,60,1.0
2025-12-18 04:00,49.4,49.0,49.6,60,1.0
2025-12-18 05:00,49.28,49.0,49.6,60,1.0
2025-12-18 06:00,49.26,49.0,49.6,60,1.0
2025-12-18 07:00,49.36,49.0,49.7,60,1.0
2025-12-18 08:00,49.4,49.1,49.8,60,1.0
2025-12-18 09:00,49.4,49.1,49.7,60,1.0
2025-12-18 10:00,49.38,49.1,49.8,60,1.0
2025-12-18 11:00,49.45,49.1,49.8,59,0.983
2025-12-18 12:00,49.54,49.2,49.9,60,1.0
2025-12-18 13:00,49.38,49.1,49.6,60,1.0
2025-12-18 14:00,49.34,49.2,49.6,60,1.0
2025-12-18 15:00,49.42,49.2,49.8,60,1.0
2025-12-18 16:00,49.56,49.3,49.9,59,0.983
2025-12-18 17:00,49.45,49.2,49.8,60,1.0
2025-12-18 18:00,49.34,49.2,49.5,57,0.95
2025-12-18 19:00,49.38,49.2,49.7,60,1.0
2025-12-18 20:00,49.48,49.2,49.8,56,0.933
2025-12-18 21:00,49.61,49.4,50.1,48,0.8
2025-12-18 22:00,49.59,49.2,49.9,59,0.983
2025-12-18 23:00,49.53,49.2,49.9,60,1.0
2025-12-19 00:00,49.47,49.2,49.8,60,1.0
2025-12-19 01:00,49.39,49.2,49.6,60,1.0
2025-12-19 02:00,49.48,49.2,49.8,60,1.0
2025-12-19 03:00,49.43,49.2,49.7,59,0.983
2025-12-19 04:00,49.48,49.2,49.8,60,1.0
2025-12-19 05:00,49.51,49.2,49.8,60,1.0
2025-12-19 06:00,49.48,49.2,49.8,60,1.0
2025-12-19 07:00,49.43,49.1,49.7,60,1.0
2025-12-19 08:00,49.44,49.2,49.7,60,1.0
2025-12-19 09:00,49.33,49.1,49.7,60,1.0
2025-12-19 10:00,49.32,49.2,49.7,60,1.0
2025-12-19 11:00,49.48,49.2,49.8,60,1.0
2025-12-19 12:00,49.29,49.0,49.6,60,1.0
2025-12-19 13:00,49.31,49.1,49.8,59,0.983
2025-12-19 14:00,49.42,49.1,49.8,60,1.0
2025-12-19 15:00,49.24,49.1,49.5,60,1.0
2025-12-19 16:00,49.22,49.1,49.4,60,1.0
2025-12-19 17:00,49.28,49.0,49.6,60,1.0
2025-12-19 18:00,49.44,49.1,49.7,60,1.0
2025-12-19 19:00,49.42,49.2,49.6,60,1.0
2025-12-19 20:00,49.42,49.1,49.7,60,1.0
2025-12-19 21:00,49.39,49.0,49.6,60,1.0
2025-12-19 22:00,49.34,49.0,49.6,60,1.0
2025-12-19 23:00,49.42,49.0,49.7,60,1.0
2025-12-20 00:00,49.28,49.0,49.5,60,1.0
2025-12-20 01:00,49.23,48.9,49.6,60,1.0
2025-12-20 02:00,49.2,48.9,49.6,60,1.0
2025-12-20 03:00,49.23,48.9,49.5,60,1.0
2025-12-20 04:00,49.23,48.9,49.5,60,1.0
2025-12-20 05:00,49.11,48.9,49.3,60,1.0
2025-12-20 06:00,49.09,48.9,49.3,60,1.0
2025-12-20 07:00,49.08,48.9,49.4,60,1.0
2025-12-20 08:00,49.16,48.9,49.7,59,0.983
2025-12-20 09:00,49.14,48.8,49.5,60,1.0
2025-12-20 10:00,49.02,48.9,49.3,60,1.0
2025-12-20 11:00,49.22,48.9,49.5,60,1.0
2025-12-20 12:00,49.23,48.9,49.5,60,1.0
2025-12-20 13:00,49.1,48.8,49.4,58,0.967
2025-12-20 14:00,49.04,48.8,49.4,60,1.0
2025-12-20 15:00,49.14,48.8,49.4,60,1.0
2025-12-20 16:00,48.93,48.8,49.2,60,1.0
2025-12-20 17:00,48.92,48.7,49.2,60,1.0
2025-12-20 18:00,49.04,48.7,49.4,60,1.0
2025-12-20 19:00,49.13,48.9,49.4,60,1.0
2025-12-20 20:00,49.14,48.8,49.5,60,1.0
2025-12-20 21:00,49.14,48.9,49.4,60,1.0
2025-12-20 22:00,49.12,48.9,49.4,60,1.0
2025-12-20 23:00,49.06,48.7,49.3,60,1.0
2025-12-21 00:00,48.9,48.7,49.2,60,1.0
2025-12-21 01:00,48.87,48.6,49.2,60,1.0
2025-12-21 02:00,48.92,48.7,49.1,60,1.0
2025-12-21 03:00,48.94,48.7,49.3,60,1.0
2025-12-21 04:00,48.9,48.6,49.2,60,1.0
2025-12-21 05:00,48.85,48.6,49.1,60,1.0
2025-12-21 06:00,48.84,48.7,49.1,60,1.0
2025-12-21 07:00,48.9,48.6,49.2,60,1.0
2025-12-21 08:00,48.89,48.6,49.2,60,1.0
2025-12-21 09:00,48.78,48.6,49.0,60,1.0
2025-12-21 10:00,48.79,48.6,49.1,60,1.0
2025-12-21 11:00,48.92,48.6,49.2,60,1.0
2025-12-21 12:00,48.78,48.5,49.2,60,1.0
2025-12-21 13:00,48.66,48.4,49.0,60,1.0
2025-12-21 14:00,48.75,48.5,49.0,60,1.0
2025-12-21 15:00,48.63,48.4,49.0,60,1.0
2025-12-21 16:00,48.59,48.4,48.8,60,1.0
2025-12-21 17:00,48.59,48.4,48.8,60,1.0
2025-12-21 18:00,48.66,48.4,48.9,60,1.0
2025-12-21 19:00,48.62,48.4,49.0,60,1.0
2025-12-21 20:00,48.69,48.4,48.9,60,1.0
2025-12-21 21:00,48.56,48.4,48.8,60,1.0
2025-12-21 22:00,48.62,48.3,49.0,60,1.0
2025-12-21 23:00,48.7,48.4,48.9,60,1.0
2025-12-22 00:00,48.73,48.4,49.0,50,0.833
2025-12-22 01:00,48.71,48.3,48.9,53,0.883
2025-12-22 02:00,48.72,48.4,48.9,60,1.0
2025-12-22 03:00,48.7,48.4,48.9,60,1.0
2025-12-22 04:00,48.65,48.4,48.9,60,1.0
2025-12-22 05:00,48.63,48.3,48.9,60,1.0
2025-12-22 06:00,48.66,48.4,48.9,60,1.0
2025-12-22 07:00,48.64,48.4,48.9,60,1.0
2025-12-22 08:00,48.53,48.2,48.9,60,1.0
2025-12-22 09:00,48.54,48.2,48.9,60,1.0
2025-12-22 10:00,48.43,48.2,48.7,60,1.0
2025-12-22 11:00,48.36,48.1,48.7,60,1.0
2025-12-22 12:00,48.53,48.3,48.8,60,1.0
2025-12-22 13:00,48.46,48.1,48.7,60,1.0
2025-12-22 14:00,48.33,48.1,48.7,60,1.0
2025-12-22 15:00,48.31,48.1,48.6,60,1.0
2025-12-22 16:00,48.39,48.1,48.7,60,1.0
2025-12-22 17:00,48.49,48.2,48.8,59,0.983
2025-12-22 18:00,48.43,48.1,48.7,60,1.0
2025-12-22 19:00,48.27,48.0,48.6,60,1.0
2025-12-22 20:00,48.3,48.1,48.6,60,1.0
2025-12-22 21:00,48.18,48.0,48.4,60,1.0
2025-12-22 22:00,48.19,48.0,48.4,60,1.0
2025-12-22 23:00,48.18,48.0,48.4,60,1.0
2025-12-23 00:00,48.15,48.0,48.4,59,0.983
2025-12-23 01:00,48.22,48.0,48.5,60,1.0
2025-12-23 02:00,48.19,48.0,48.4,60,1.0
2025-12-23 03:00,48.19,48.0,48.5,60,1.0
2025-12-23 04:00,48.22,48.0,48.5,60,1.0
2025-12-23 05:00,48.24,47.9,48.5,59,0.983
2025-12-23 06:00,48.22,48.0,48.5,60,1.0
2025-12-23 07:00,48.28,48.0,48.6,59,0.983
2025-12-23 08:00,48.29,48.0,48.5,60,1.0
2025-12-23 09:00,48.2,47.9,48.6,60,1.0
2025-12-23 10:00,48.08,47.9,48.4,60,1.0
2025-12-23 11:00,48.25,48.0,48.5,60,1.0
2025-12-23 12:00,48.24,47.9,48.5,60,1.0
2025-12-23 13:00,48.1,47.8,48.5,60,1.0
2025-12-23 14:00,48.25,47.8,48.5,60,1.0
2025-12-23 15:00,47.1,46.7,47.7,60,1.0
2025-12-23 16:00,47.0,46.8,47.3,60,1.0
2025-12-23 17:00,47.09,46.9,47.5,60,1.0
2025-12-23 18:00,47.48,47.1,47.8,60,1.0
2025-12-23 19:00,48.18,47.7,48.7,60,1.0
2025-12-23 20:00,48.93,48.6,49.3,60,1.0
2025-12-23 21:00,49.52,49.2,49.8,56,0.933
2025-12-23 22:00,49.9,49.7,50.2,59,0.983
2025-12-23 23:00,50.33,49.8,50.9,60,1.0
2025-12-24 00:00,51.08,50.6,51.6,60,1.0
2025-12-24 01:00,51.61,51.2,52.1,60,1.0
2025-12-24 02:00,52.27,52.0,52.6,59,0.983
2025-12-24 03:00,55.07,52.5,56.6,60,1.0
2025-12-24 04:00,57.01,56.3,57.4,60,1.0
2025-12-24 05:00,57.32,57.1,57.7,60,1.0
2025-12-24 06:00,57.27,57.0,57.6,60,1.0
2025-12-24 07:00,57.07,56.7,57.4,59,0.983
2025-12-24 08:00,56.71,56.4,57.0,60,1.0
2025-12-24 09:00,56.56,56.2,56.8,60,1.0
2025-12-24 10:00,56.64,56.4,57.1,60,1.0
2025-12-24 11:00,56.51,56.2,56.8,59,0.983
2025-12-24 12:00,56.12,55.8,56.5,56,0.933
2025-12-24 13:00,56.4,56.1,56.7,60,1.0
2025-12-24 14:00,56.57,56.3,56.9,60,1.0
2025-12-24 15:00,56.51,56.3,56.8,60,1.0
2025-12-24 16:00,56.52,56.4,56.7,59,0.983
2025-12-24 17:00,56.48,56.3,56.7,59,0.983
2025-12-24 18:00,56.33,56.2,56.5,60,1.0
2025-12-24 19:00,56.2,56.0,56.4,60,1.0
2025-12-24 20:00,56.18,55.9,56.5,60,1.0
2025-12-24 21:00,55.82,55.6,56.2,60,1.0
2025-12-24 22:00,55.59,55.4,55.9,60,1.0
2025-12-24 23:00,55.44,55.3,55.7,60,1.0
2025-12-25 00:00,55.36,55.2,55.6,47,0.783
2025-12-25 01:00,55.28,55.1,55.5,55,0.917
2025-12-25 02:00,55.17,55.0,55.3,60,1.0
2025-12-25 03:00,55.12,55.0,55.3,60,1.0
2025-12-25 04:00,55.02,54.9,55.3,60,1.0
2025-12-25 05:00,54.97,54.8,55.2,60,1.0
2025-12-25 06:00,54.91,54.7,55.2,59,0.983
2025-12-25 07:00,54.87,54.7,55.3,56,0.933
2025-12-25 08:00,54.84,54.6,55.2,60,1.0
2025-12-25 09:00,54.73,54.5,55.1,60,1.0
2025-12-25 10:00,54.66,54.4,55.0,59,0.983
2025-12-25 11:00,54.61,54.4,54.9,60,1.0
2025-12-25 12:00,54.65,54.3,55.0,60,1.0
2025-12-25 13:00,54.42,54.2,55.1,60,1.0
2025-12-25 14:00,54.51,54.2,54.8,59,0.983
2025-12-25 15:00,54.2,54.0,54.5,60,1.0
2025-12-25 16:00,54.06,53.9,54.3,60,1.0
2025-12-25 17:00,54.01,53.8,54.2,60,1.0
2025-12-25 18:00,53.92,53.7,54.2,60,1.0
2025-12-25 19:00,53.93,53.7,54.2,60,1.0
2025-12-25 20:00,53.9,53.6,54.2,60,1.0
2025-12-25 21:00,53.91,53.6,54.2,60,1.0
2025-12-25 22:00,53.84,53.5,54.1,60,1.0
2025-12-25 23:00,53.75,53.6,54.0,60,1.0
2025-12-26 00:00,53.66,53.2,53.9,60,1.0
2025-12-26 01:00,53.61,53.4,53.8,60,1.0
2025-12-26 02:00,53.49,53.3,53.7,58,0.967
2025-12-26 03:00,53.46,53.2,53.7,60,1.0
2025-12-26 04:00,53.33,53.1,53.5,60,1.0
2025-12-26 05:00,53.33,53.1,53.5,60,1.0
2025-12-26 06:00,53.23,53.0,53.5,60,1.0
2025-12-26 07:00,53.18,53.0,53.5,60,1.0
2025-12-26 08:00,52.98,52.7,53.4,60,1.0
2025-12-26 09:00,52.91,52.6,53.3,59,0.983
2025-12-26 10:00,52.96,52.6,53.2,60,1.0
2025-12-26 11:00,52.85,52.5,53.2,60,1.0
2025-12-26 12:00,52.78,52.5,53.1,60,1.0
2025-12-26 13:00,52.79,52.5,53.1,60,1.0
2025-12-26 14:00,52.69,52.4,53.1,60,1.0
2025-12-26 15:00,52.54,52.3,53.0,60,1.0
2025-12-26 16:00,52.54,52.3,52.9,60,1.0
2025-12-26 17:00,52.65,52.4,52.9,60,1.0
2025-12-26 18:00,52.63,52.3,52.9,60,1.0
2025-12-26 19:00,52.55,52.4,52.8,59,0.983
2025-12-26 20:00,52.38,52.1,52.8,60,1.0
2025-12-26 21:00,52.34,52.0,52.6,60,1.0
2025-12-26 22:00,52.26,52.0,52.5,60,1.0
2025-12-26 23:00,52.32,52.0,52.6,60,1.0
2025-12-27 00:00,52.1,51.9,52.4,60,1.0
2025-12-27 01:00,52.1,51.9,52.4,60,1.0
2025-12-27 02:00,52.04,51.8,52.3,60,1.0
2025-12-27 03:00,52.0,51.8,52.3,60,1.0
2025-12-27 04:00,52.07,51.8,52.4,60,1.0
2025-12-27 05:00,51.98,51.7,52.3,60,1.0
2025-12-27 06:00,51.88,51.7,52.2,59,0.983
2025-12-27 07:00,51.91,51.6,52.2,60,1.0
2025-12-27 08:00,51.94,51.7,52.3,60,1.0
2025-12-27 09:00,51.86,51.5,52.3,60,1.0
2025-12-27 10:00,51.78,51.6,52.1,60,1.0
2025-12-27 11:00,51.83,51.6,52.2,60,1.0
2025-12-27 12:00,51.9,51.6,52.2,51,0.85
2025-12-27 13:00,51.84,51.5,52.2,45,0.75
2025-12-27 14:00,51.86,51.5,52.1,50,0.833
2025-12-27 15:00,51.83,51.6,52.1,51,0.85
2025-12-27 16:00,51.59,51.4,51.8,60,1.0
2025-12-27 17:00,51.56,51.4,51.8,60,1.0
2025-12-27 18:00,51.55,51.4,51.8,59,0.983
2025-12-27 19:00,51.49,51.3,51.8,60,1.0
2025-12-27 20:00,51.57,51.3,51.8,60,1.0
2025-12-27 21:00,51.63,51.4,52.0,60,1.0
2025-12-27 22:00,51.58,51.3,51.8,59,0.983
2025-12-27 23:00,51.61,51.3,51.8,60,1.0
2025-12-28 00:00,51.5,51.2,51.8,59,0.983
2025-12-28 01:00,51.37,51.1,51.7,60,1.0
2025-12-28 02:00,51.28,51.0,51.6,60,1.0
2025-12-28 03:00,51.23,51.0,51.7,60,1.0
2025-12-28 04:00,51.35,51.1,51.6,60,1.0
2025-12-28 05:00,51.3,50.9,51.5,60,1.0
2025-12-28 06:00,51.16,50.9,51.4,60,1.0
2025-12-28 07:00,51.1,50.9,51.4,59,0.983
2025-12-28 08:00,51.06,50.8,51.5,60,1.0
2025-12-28 09:00,51.1,50.8,51.6,60,1.0
2025-12-28 10:00,51.08,50.8,51.5,59,0.983
2025-12-28 11:00,51.01,50.8,51.3,60,1.0
2025-12-28 12:00,51.08,50.8,51.4,60,1.0
2025-12-28 13:00,50.92,50.7,51.3,60,1.0
2025-12-28 14:00,51.02,50.8,51.3,58,0.967
2025-12-28 15:00,50.85,50.6,51.2,59,0.983
2025-12-28 16:00,50.77,50.6,51.0,60,1.0
2025-12-28 17:00,50.76,50.6,51.0,53,0.883
2025-12-28 18:00,50.84,50.6,51.1,48,0.8
2025-12-28 19:00,50.97,50.7,51.2,60,1.0
2025-12-28 20:00,50.93,50.7,51.1,60,1.0
2025-12-28 21:00,50.9,50.6,51.2,59,0.983
2025-12-28 22:00,50.89,50.7,51.1,60,1.0
2025-12-28 23:00,50.79,50.5,51.1,60,1.0
2025-12-29 00:00,50.77,50.5,51.0,60,1.0
2025-12-29 01:00,50.74,50.5,51.0,55,0.917
2025-12-29 02:00,50.64,50.3,50.9,50,0.833
2025-12-29 03:00,50.66,50.3,50.9,55,0.917
2025-12-29 04:00,50.66,50.4,50.9,54,0.9
2025-12-29 05:00,50.53,50.2,50.8,60,1.0
2025-12-29 06:00,50.44,50.2,50.7,57,0.95
2025-12-29 07:00,50.31,50.1,50.6,59,0.983
2025-12-29 08:00,50.37,50.1,50.8,60,1.0
2025-12-29 09:00,50.37,50.1,50.8,60,1.0
2025-12-29 10:00,50.36,50.1,50.7,60,1.0
2025-12-29 11:00,50.33,50.1,50.7,59,0.983
2025-12-29 12:00,50.38,50.1,50.7,60,1.0
2025-12-29 13:00,50.2,50.0,50.5,60,1.0
2025-12-29 14:00,50.32,50.1,50.6,60,1.0
2025-12-29 15:00,50.11,49.9,50.6,60,1.0
2025-12-29 16:00,50.07,49.9,50.4,60,1.0
2025-12-29 17:00,50.09,49.9,50.4,60,1.0
2025-12-29 18:00,50.07,49.8,50.4,60,1.0
2025-12-29 19:00,50.04,49.8,50.4,60,1.0
2025-12-29 20:00,50.02,49.8,50.3,60,1.0
2025-12-29 21:00,50.02,49.8,50.2,60,1.0
2025-12-29 22:00,50.13,49.9,50.5,60,1.0
2025-12-29 23:00,50.16,49.8,50.4,60,1.0
2025-12-30 00:00,49.92,49.8,50.2,58,0.967
2025-12-30 01:00,49.94,49.7,50.1,59,0.983
2025-12-30 02:00,49.9,49.7,50.1,48,0.8
2025-12-30 03:00,49.88,49.7,50.1,54,0.9
2025-12-30 04:00,49.89,49.7,50.1,57,0.95
2025-12-30 05:00,50.04,49.7,50.3,58,0.967
2025-12-30 06:00,50.08,49.9,50.3,57,0.95
2025-12-30 07:00,50.03,49.8,50.3,58,0.967
2025-12-30 08:00,49.85,49.5,50.2,55,0.917
2025-12-30 09:00,49.82,49.5,50.2,46,0.767
2025-12-30 10:00,49.8,49.5,50.2,59,0.983
2025-12-30 11:00,49.6,49.3,49.9,60,1.0
2025-12-30 12:00,49.52,49.2,49.8,60,1.0
2025-12-30 13:00,49.58,49.3,49.9,60,1.0
2025-12-30 14:00,49.58,49.2,49.9,60,1.0
2025-12-30 15:00,49.47,49.3,49.8,60,1.0
2025-12-30 16:00,49.5,49.3,49.8,60,1.0
2025-12-30 17:00,49.66,49.4,49.9,60,1.0
2025-12-30 18:00,49.48,49.2,49.9,60,1.0
2025-12-30 19:00,49.4,49.2,49.7,60,1.0
2025-12-30 20:00,49.34,49.1,49.6,60,1.0
2025-12-30 21:00,49.34,49.0,49.6,60,1.0
2025-12-30 22:00,49.3,49.0,49.6,60,1.0
2025-12-30 23:00,49.22,49.0,49.6,60,1.0
2025-12-31 00:00,49.23,49.0,49.6,60,1.0
2025-12-31 01:00,49.29,49.1,49.6,60,1.0
2025-12-31 02:00,49.33,49.1,49.6,60,1.0
2025-12-31 03:00,49.29,48.8,49.6,60,1.0
2025-12-31 04:00,49.33,49.1,49.6,57,0.95
2025-12-31 05:00,49.25,49.0,49.5,60,1.0
2025-12-31 06:00,49.26,49.0,49.6,60,1.0
2025-12-31 07:00,49.21,49.0,49.5,59,0.983
2025-12-31 08:00,49.06,48.7,49.4,60,1.0
2025-12-31 09:00,49.07,48.7,49.4,60,1.0
2025-12-31 10:00,48.98,48.8,49.3,60,1.0
2025-12-31 11:00,49.09,48.7,49.4,60,1.0
2025-12-31 12:00,49.16,49.0,49.3,60,1.0
2025-12-31 13:00,49.08,48.7,49.4,60,1.0
2025-12-31 14:00,49.1,48.8,49.4,60,1.0
2025-12-31 15:00,49.02,48.8,49.2,60,1.0
2025-12-31 16:00,49.06,48.8,49.3,60,1.0
2025-12-31 17:00,49.0,48.8,49.3,60,1.0
2025-12-31 18:00,48.9,48.5,49.2,60,1.0
2025-12-31 19:00,48.77,48.5,49.0,60,1.0
2025-12-31 20:00,48.8,48.5,49.1,60,1.0
2025-12-31 21:00,48.66,48.4,48.9,60,1.0
2025-12-31 22:00,48.68,48.5,48.9,60,1.0
2025-12-31 23:00,48.74,48.5,49.1,60,1.0
2026-01-01 00:00,48.9,48.9,48.9,1,0.017
