time,value,n,coverage,flag
2024-01-01 00:00,0.0,5,0.833,0
2024-01-01 01:00,0.2,6,1.0,0
2024-01-01 02:00,0.2,6,1.0,0
2024-01-01 03:00,0.2,6,1.0,0
2024-01-01 04:00,2.8,6,1.0,0
2024-01-01 05:00,5.8,6,1.0,0
2024-01-01 06:00,5.8,6,1.0,0
2024-01-01 07:00,5.8,6,1.0,0
2024-01-01 08:00,6.0,6,1.0,0
2024-01-01 09:00,6.0,6,1.0,0
2024-01-01 10:00,6.0,6,1.0,0
2024-01-01 11:00,6.0,6,1.0,0
2024-01-01 12:00,6.0,6,1.0,0
2024-01-01 13:00,7.0,6,1.0,0
2024-01-01 14:00,7.2,6,1.0,0
2024-01-01 15:00,7.2,6,1.0,0
2024-01-01 16:00,7.8,6,1.0,0
2024-01-01 17:00,9.0,6,1.0,0
2024-01-01 18:00,9.0,6,1.0,0
2024-01-01 19:00,9.0,6,1.0,0
2024-01-01 20:00,9.0,6,1.0,0
2024-01-01 21:00,9.0,6,1.0,0
2024-01-01 22:00,9.0,6,1.0,0
2024-01-01 23:00,9.0,6,1.0,0
2024-01-02 00:00,9.0,6,1.0,0
2024-01-02 01:00,9.0,6,1.0,0
2024-01-02 02:00,9.0,6,1.0,0
2024-01-02 03:00,9.0,6,1.0,0
2024-01-02 04:00,9.0,6,1.0,0
2024-01-02 05:00,9.0,6,1.0,0
2024-01-02 06:00,9.0,6,1.0,0
2024-01-02 07:00,9.0,6,1.0,0
2024-01-02 08:00,9.0,6,1.0,0
2024-01-02 09:00,9.0,6,1.0,0
2024-01-02 10:00,9.0,6,1.0,0
2024-01-02 11:00,9.0,6,1.0,0
2024-01-02 12:00,9.0,6,1.0,0
2024-01-02 13:00,9.0,6,1.0,0
2024-01-02 14:00,9.0,6,1.0,0
2024-01-02 15:00,9.0,6,1.0,0
2024-01-02 16:00,9.0,6,1.0,0
2024-01-02 17:00,9.0,6,1.0,0
2024-01-02 18:00,9.0,6,1.0,0
2024-01-02 19:00,9.0,6,1.0,0
2024-01-02 20:00,9.0,6,1.0,0
2024-01-02 21:00,9.0,6,1.0,0
2024-01-02 22:00,9.0,6,1.0,0
2024-01-02 23:00,9.0,6,1.0,0
2024-01-03 00:00,9.0,6,1.0,0
2024-01-03 01:00,9.0,6,1.0,0
2024-01-03 02:00,9.0,6,1.0,0
2024-01-03 03:00,9.0,6,1.0,0
2024-01-03 04:00,10.2,6,1.0,0
2024-01-03 05:00,10.2,6,1.0,0
2024-01-03 06:00,10.4,6,1.0,0
2024-01-03 07:00,10.4,6,1.0,0
2024-01-03 08:00,10.4,6,1.0,0
2024-01-03 09:00,10.4,6,1.0,0
2024-01-03 10:00,10.4,6,1.0,0
2024-01-03 11:00,10.4,6,1.0,0
2024-01-03 12:00,10.6,6,1.0,0
2024-01-03 13:00,10.8,6,1.0,0
2024-01-03 14:00,11.8,6,1.0,0
2024-01-03 15:00,11.8,6,1.0,0
2024-01-03 16:00,11.8,6,1.0,0
2024-01-03 17:00,11.8,6,1.0,0
2024-01-03 18:00,11.8,6,1.0,0
2024-01-03 19:00,11.8,6,1.0,0
2024-01-03 20:00,11.8,6,1.0,0
2024-01-03 21:00,11.8,6,1.0,0
2024-01-03 22:00,12.0,6,1.0,0
2024-01-03 23:00,12.0,6,1.0,0
2024-01-04 00:00,12.0,6,1.0,0
2024-01-04 01:00,12.0,6,1.0,0
2024-01-04 02:00,12.0,6,1.0,0
2024-01-04 03:00,12.0,6,1.0,0
2024-01-04 04:00,12.0,6,1.0,0
2024-01-04 05:00,12.0,6,1.0,0
2024-01-04 06:00,12.0,6,1.0,0
2024-01-04 07:00,12.0,6,1.0,0
2024-01-04 08:00,12.0,6,1.0,0
2024-01-04 09:00,12.0,6,1.0,0
2024-01-04 10:00,12.0,6,1.0,0
2024-01-04 11:00,12.0,6,1.0,0
2024-01-04 12:00,12.0,6,1.0,0
2024-01-04 13:00,12.0,6,1.0,0
2024-01-04 14:00,12.0,6,1.0,0
2024-01-04 15:00,12.0,6,1.0,0
2024-01-04 16:00,12.0,6,1.0,0
2024-01-04 17:00,12.0,6,1.0,0
2024-01-04 18:00,12.0,6,1.0,0
2024-01-04 19:00,12.0,6,1.0,0
2024-01-04 23:00,12.0,1,0.167,0
2024-01-05 00:00,12.0,6,1.0,0
2024-01-05 01:00,12.0,6,1.0,0
2024-01-05 02:00,12.0,6,1.0,0
2024-01-05 03:00,12.0,6,1.0,0
2024-01-05 04:00,12.0,6,1.0,0
2024-01-05 05:00,12.0,6,1.0,0
2024-01-05 06:00,12.0,6,1.0,0
2024-01-05 07:00,12.0,6,1.0,0
2024-01-05 08:00,12.0,6,1.0,0
2024-01-05 09:00,12.0,6,1.0,0
2024-01-05 10:00,12.0,6,1.0,0
2024-01-05 11:00,12.0,6,1.0,0
2024-01-05 12:00,12.0,6,1.0,0
2024-01-05 13:00,12.0,6,1.0,0
2024-01-05 14:00,12.0,6,1.0,0
2024-01-05 15:00,12.0,6,1.0,0
2024-01-05 16:00,12.0,6,1.0,0
2024-01-05 17:00,12.0,6,1.0,0
2024-01-05 18:00,12.0,6,1.0,0
2024-01-05 19:00,12.0,6,1.0,0
2024-01-05 20:00,12.0,6,1.0,0
2024-01-05 21:00,12.0,6,1.0,0
2024-01-05 22:00,12.0,6,1.0,0
2024-01-05 23:00,12.0,6,1.0,0
2024-01-06 00:00,12.0,6,1.0,0
2024-01-06 01:00,12.0,6,1.0,0
2024-01-06 02:00,12.0,6,1.0,0
2024-01-06 03:00,12.0,6,1.0,0
2024-01-06 04:00,12.0,6,1.0,0
2024-01-06 05:00,12.0,6,1.0,0
2024-01-06 06:00,12.0,6,1.0,0
2024-01-06 07:00,12.0,6,1.0,0
2024-01-06 08:00,12.0,6,1.0,0
2024-01-06 09:00,12.0,6,1.0,0
2024-01-06 10:00,12.0,6,1.0,0
2024-01-06 11:00,12.0,6,1.0,0
2024-01-06 12:00,12.0,6,1.0,0
2024-01-06 13:00,13.0,6,1.0,0
2024-01-06 14:00,13.4,6,1.0,0
2024-01-06 15:00,13.8,6,1.0,0
2024-01-06 16:00,15.4,6,1.0,0
2024-01-06 17:00,17.2,6,1.0,0
2024-01-06 18:00,17.4,6,1.0,0
2024-01-06 19:00,17.4,6,1.0,0
2024-01-06 20:00,17.4,6,1.0,0
2024-01-06 21:00,17.4,6,1.0,0
2024-01-06 22:00,17.4,6,1.0,0
2024-01-06 23:00,17.4,6,1.0,0
2024-01-07 00:00,17.4,6,1.0,0
2024-01-07 01:00,17.4,6,1.0,0
2024-01-07 02:00,17.4,6,1.0,0
2024-01-07 03:00,17.4,6,1.0,0
2024-01-07 04:00,17.4,6,1.0,0
2024-01-07 05:00,17.4,6,1.0,0
2024-01-07 06:00,18.4,6,1.0,0
2024-01-07 07:00,19.4,6,1.0,0
2024-01-07 08:00,29.2,6,1.0,0
2024-01-07 09:00,34.8,6,1.0,0
2024-01-07 10:00,38.8,6,1.0,0
2024-01-07 11:00,45.4,6,1.0,0
2024-01-07 12:00,50.4,6,1.0,0
2024-01-07 13:00,56.8,6,1.0,0
2024-01-07 14:00,59.2,6,1.0,0
2024-01-07 15:00,59.2,6,1.0,0
2024-01-07 16:00,60.6,6,1.0,0
2024-01-07 17:00,60.8,6,1.0,0
2024-01-07 18:00,60.8,6,1.0,0
2024-01-07 19:00,63.6,6,1.0,0
2024-01-07 20:00,68.0,6,1.0,0
2024-01-07 21:00,68.4,6,1.0,0
2024-01-07 22:00,69.0,6,1.0,0
2024-01-07 23:00,69.6,6,1.0,0
2024-01-08 00:00,70.4,6,1.0,0
2024-01-08 01:00,74.8,6,1.0,0
2024-01-08 02:00,78.2,6,1.0,0
2024-01-08 03:00,83.2,6,1.0,0
2024-01-08 04:00,84.8,6,1.0,0
2024-01-08 05:00,87.8,6,1.0,0
2024-01-08 06:00,92.6,6,1.0,0
2024-01-08 07:00,95.2,6,1.0,0
2024-01-08 08:00,96.6,6,1.0,0
2024-01-08 09:00,100.0,6,1.0,0
2024-01-08 10:00,109.8,6,1.0,0
2024-01-08 11:00,110.8,6,1.0,0
2024-01-08 12:00,112.6,6,1.0,0
2024-01-08 13:00,113.0,6,1.0,0
2024-01-08 14:00,113.0,6,1.0,0
2024-01-08 15:00,113.0,6,1.0,0
2024-01-08 16:00,113.2,6,1.0,0
2024-01-08 17:00,113.2,6,1.0,0
2024-01-08 18:00,113.2,6,1.0,0
2024-01-08 19:00,113.2,6,1.0,0
2024-01-08 20:00,113.2,6,1.0,0
2024-01-08 21:00,113.2,6,1.0,0
2024-01-08 22:00,113.2,6,1.0,0
2024-01-08 23:00,113.2,6,1.0,0
2024-01-09 00:00,113.2,6,1.0,0
2024-01-09 01:00,113.2,6,1.0,0
2024-01-09 02:00,113.2,6,1.0,0
2024-01-09 03:00,113.2,6,1.0,0
2024-01-09 04:00,113.2,6,1.0,0
2024-01-09 05:00,113.2,6,1.0,0
2024-01-09 06:00,113.2,6,1.0,0
2024-01-09 07:00,113.2,6,1.0,0
2024-01-09 08:00,113.2,6,1.0,0
2024-01-09 09:00,113.2,6,1.0,0
2024-01-09 10:00,113.2,6,1.0,0
2024-01-09 11:00,113.2,6,1.0,0
2024-01-09 12:00,113.2,6,1.0,0
2024-01-09 13:00,113.2,6,1.0,0
2024-01-09 14:00,113.2,6,1.0,0
2024-01-09 15:00,113.2,6,1.0,0
2024-01-09 16:00,113.2,6,1.0,0
2024-01-09 17:00,113.2,6,1.0,0
2024-01-09 18:00,113.2,6,1.0,0
2024-01-09 19:00,113.2,6,1.0,0
2024-01-09 20:00,113.2,6,1.0,0
2024-01-09 21:00,113.2,6,1.0,0
2024-01-09 22:00,113.2,6,1.0,0
2024-01-09 23:00,113.2,6,1.0,0
2024-01-10 00:00,113.2,6,1.0,0
2024-01-10 01:00,113.2,6,1.0,0
2024-01-10 02:00,113.2,6,1.0,0
2024-01-10 03:00,113.2,6,1.0,0
2024-01-10 04:00,113.2,6,1.0,0
2024-01-10 05:00,113.2,6,1.0,0
2024-01-10 06:00,113.2,6,1.0,0
2024-01-10 07:00,113.2,6,1.0,0
2024-01-10 08:00,113.2,6,1.0,0
2024-01-10 09:00,113.2,6,1.0,0
2024-01-10 10:00,113.2,6,1.0,0
2024-01-10 11:00,113.2,6,1.0,0
2024-01-10 12:00,113.2,6,1.0,0
2024-01-10 13:00,113.2,6,1.0,0
2024-01-10 14:00,113.2,6,1.0,0
2024-01-10 15:00,113.2,6,1.0,0
2024-01-10 16:00,113.2,6,1.0,0
2024-01-10 17:00,113.2,6,1.0,0
2024-01-10 18:00,113.2,6,1.0,0
2024-01-10 19:00,113.2,6,1.0,0
2024-01-10 20:00,113.2,6,1.0,0
2024-01-10 21:00,113.2,6,1.0,0
2024-01-10 22:00,113.2,6,1.0,0
2024-01-10 23:00,113.2,6,1.0,0
2024-01-11 00:00,113.2,6,1.0,0
2024-01-11 01:00,113.2,6,1.0,0
2024-01-11 02:00,115.6,6,1.0,0
2024-01-11 03:00,116.8,6,1.0,0
2024-01-11 04:00,116.8,6,1.0,0
2024-01-11 05:00,117.0,6,1.0,0
2024-01-11 06:00,117.0,6,1.0,0
2024-01-11 07:00,117.0,6,1.0,0
2024-01-11 08:00,117.0,6,1.0,0
2024-01-11 09:00,117.0,6,1.0,0
2024-01-11 10:00,117.0,6,1.0,0
2024-01-11 11:00,117.0,6,1.0,0
2024-01-11 12:00,117.0,6,1.0,0
2024-01-11 13:00,117.0,6,1.0,0
2024-01-11 14:00,117.0,6,1.0,0
2024-01-11 15:00,117.0,6,1.0,0
2024-01-11 16:00,117.0,6,1.0,0
2024-01-11 17:00,117.0,6,1.0,0
2024-01-11 18:00,117.0,6,1.0,0
2024-01-11 19:00,117.0,6,1.0,0
2024-01-11 20:00,117.0,6,1.0,0
2024-01-11 21:00,117.0,6,1.0,0
2024-01-11 22:00,117.0,6,1.0,0
2024-01-11 23:00,117.0,6,1.0,0
2024-01-12 00:00,117.0,6,1.0,0
2024-01-12 01:00,117.0,6,1.0,0
2024-01-12 02:00,117.0,6,1.0,0
2024-01-12 03:00,117.0,6,1.0,0
2024-01-12 04:00,117.0,6,1.0,0
2024-01-12 05:00,117.0,6,1.0,0
2024-01-12 06:00,117.0,6,1.0,0
2024-01-12 07:00,117.0,6,1.0,0
2024-01-12 08:00,117.0,6,1.0,0
2024-01-12 09:00,119.8,6,1.0,0
2024-01-12 10:00,120.6,6,1.0,0
2024-01-12 11:00,120.6,6,1.0,0
2024-01-12 12:00,120.6,6,1.0,0
2024-01-12 13:00,120.6,6,1.0,0
2024-01-12 14:00,120.6,6,1.0,0
2024-01-12 15:00,120.6,6,1.0,0
2024-01-12 16:00,120.6,6,1.0,0
2024-01-12 17:00,120.6,6,1.0,0
2024-01-12 18:00,120.6,6,1.0,0
2024-01-12 19:00,120.6,6,1.0,0
2024-01-12 20:00,120.6,6,1.0,0
2024-01-12 21:00,120.6,6,1.0,0
2024-01-12 22:00,120.6,6,1.0,0
2024-01-12 23:00,120.6,6,1.0,0
2024-01-13 00:00,120.6,6,1.0,0
2024-01-13 01:00,120.6,6,1.0,0
2024-01-13 02:00,120.6,6,1.0,0
2024-01-13 03:00,120.6,6,1.0,0
2024-01-13 04:00,120.6,6,1.0,0
2024-01-13 05:00,120.6,6,1.0,0
2024-01-13 06:00,120.6,6,1.0,0
2024-01-13 07:00,120.6,6,1.0,0
2024-01-13 08:00,120.6,6,1.0,0
2024-01-13 09:00,120.6,6,1.0,0
2024-01-13 10:00,120.6,6,1.0,0
2024-01-13 11:00,120.6,6,1.0,0
2024-01-13 12:00,120.6,6,1.0,0
2024-01-13 13:00,120.6,6,1.0,0
2024-01-13 14:00,120.6,6,1.0,0
2024-01-13 15:00,120.6,6,1.0,0
2024-01-13 16:00,120.6,6,1.0,0
2024-01-13 17:00,120.6,6,1.0,0
2024-01-13 18:00,120.6,6,1.0,0
2024-01-13 19:00,120.6,6,1.0,0
2024-01-13 20:00,120.6,6,1.0,0
2024-01-13 21:00,120.6,6,1.0,0
2024-01-13 22:00,120.6,6,1.0,0
2024-01-13 23:00,120.6,6,1.0,0
2024-01-14 00:00,120.6,6,1.0,0
2024-01-14 01:00,120.6,6,1.0,0
2024-01-14 02:00,120.6,6,1.0,0
2024-01-14 03:00,120.6,6,1.0,0
2024-01-14 04:00,120.6,6,1.0,0
2024-01-14 05:00,120.6,6,1.0,0
2024-01-14 06:00,121.6,6,1.0,0
2024-01-14 07:00,122.2,6,1.0,0
2024-01-14 08:00,122.2,6,1.0,0
2024-01-14 09:00,122.2,6,1.0,0
2024-01-14 10:00,122.2,6,1.0,0
2024-01-14 11:00,122.2,6,1.0,0
2024-01-14 12:00,122.2,6,1.0,0
2024-01-14 13:00,122.2,6,1.0,0
2024-01-14 14:00,122.2,6,1.0,0
2024-01-14 15:00,122.2,6,1.0,0
2024-01-14 16:00,122.4,6,1.0,0
2024-01-14 17:00,122.4,6,1.0,0
2024-01-14 18:00,122.4,6,1.0,0
2024-01-14 19:00,122.4,6,1.0,0
2024-01-14 20:00,122.4,6,1.0,0
2024-01-14 21:00,122.4,6,1.0,0
2024-01-14 22:00,122.4,6,1.0,0
2024-01-14 23:00,122.6,6,1.0,0
2024-01-15 00:00,125.2,6,1.0,0
2024-01-15 01:00,128.2,6,1.0,0
2024-01-15 02:00,131.8,6,1.0,0
2024-01-15 03:00,137.6,6,1.0,0
2024-01-15 04:00,154.6,6,1.0,0
2024-01-15 05:00,162.4,6,1.0,0
2024-01-15 06:00,172.8,6,1.0,0
2024-01-15 07:00,172.8,6,1.0,0
2024-01-15 08:00,172.8,6,1.0,0
2024-01-15 09:00,172.8,6,1.0,0
2024-01-15 10:00,172.8,6,1.0,0
2024-01-15 11:00,172.8,6,1.0,0
2024-01-15 12:00,174.2,6,1.0,0
2024-01-15 13:00,174.2,6,1.0,0
2024-01-15 14:00,174.4,6,1.0,0
2024-01-15 15:00,174.4,6,1.0,0
2024-01-15 16:00,174.4,6,1.0,0
2024-01-15 17:00,174.4,6,1.0,0
2024-01-15 18:00,174.4,6,1.0,0
2024-01-15 19:00,174.4,6,1.0,0
2024-01-15 20:00,174.4,6,1.0,0
2024-01-15 21:00,174.4,6,1.0,0
2024-01-15 22:00,175.2,6,1.0,0
2024-01-15 23:00,175.2,6,1.0,0
2024-01-16 00:00,175.2,6,1.0,0
2024-01-16 01:00,175.4,6,1.0,0
2024-01-16 02:00,175.8,6,1.0,0
2024-01-16 03:00,177.0,6,1.0,0
2024-01-16 04:00,177.0,6,1.0,0
2024-01-16 05:00,177.0,6,1.0,0
2024-01-16 06:00,177.2,6,1.0,0
2024-01-16 07:00,177.4,6,1.0,0
2024-01-16 08:00,177.6,6,1.0,0
2024-01-16 09:00,177.6,6,1.0,0
2024-01-16 10:00,177.6,6,1.0,0
2024-01-16 11:00,177.8,6,1.0,0
2024-01-16 12:00,177.8,6,1.0,0
2024-01-16 13:00,177.8,6,1.0,0
2024-01-16 14:00,177.8,6,1.0,0
2024-01-16 15:00,177.8,6,1.0,0
2024-01-16 16:00,177.8,6,1.0,0
2024-01-16 17:00,177.8,6,1.0,0
2024-01-16 18:00,177.8,6,1.0,0
2024-01-16 19:00,177.8,6,1.0,0
2024-01-16 20:00,177.8,6,1.0,0
2024-01-16 21:00,177.8,6,1.0,0
2024-01-16 22:00,177.8,6,1.0,0
2024-01-16 23:00,177.8,6,1.0,0
2024-01-17 00:00,177.8,6,1.0,0
2024-01-17 01:00,177.8,6,1.0,0
2024-01-17 02:00,177.8,6,1.0,0
2024-01-17 03:00,177.8,6,1.0,0
2024-01-17 04:00,177.8,6,1.0,0
2024-01-17 05:00,177.8,6,1.0,0
2024-01-17 06:00,177.8,6,1.0,0
2024-01-17 07:00,178.2,6,1.0,0
2024-01-17 08:00,179.8,6,1.0,0
2024-01-17 09:00,181.8,6,1.0,0
2024-01-17 10:00,184.2,6,1.0,0
2024-01-17 11:00,184.4,6,1.0,0
2024-01-17 12:00,184.4,6,1.0,0
2024-01-17 13:00,184.4,6,1.0,0
2024-01-17 14:00,184.6,6,1.0,0
2024-01-17 15:00,184.6,6,1.0,0
2024-01-17 16:00,184.6,6,1.0,0
2024-01-17 17:00,184.6,6,1.0,0
2024-01-17 18:00,184.6,6,1.0,0
2024-01-17 19:00,184.6,6,1.0,0
2024-01-17 20:00,184.6,6,1.0,0
2024-01-17 21:00,184.6,6,1.0,0
2024-01-17 22:00,184.6,6,1.0,0
2024-01-17 23:00,184.6,6,1.0,0
2024-01-18 00:00,184.6,6,1.0,0
2024-01-18 01:00,184.6,6,1.0,0
2024-01-18 02:00,184.6,6,1.0,0
2024-01-18 03:00,184.6,6,1.0,0
2024-01-18 04:00,184.6,6,1.0,0
2024-01-18 05:00,184.6,6,1.0,0
2024-01-18 06:00,184.6,6,1.0,0
2024-01-18 07:00,184.6,6,1.0,0
2024-01-18 08:00,184.6,6,1.0,0
2024-01-18 09:00,184.6,6,1.0,0
2024-01-18 10:00,184.6,6,1.0,0
2024-01-18 11:00,184.6,6,1.0,0
2024-01-18 12:00,184.6,6,1.0,0
2024-01-18 13:00,184.6,6,1.0,0
2024-01-18 14:00,184.6,6,1.0,0
2024-01-18 15:00,184.6,6,1.0,0
2024-01-18 16:00,184.6,6,1.0,0
2024-01-18 17:00,184.6,6,1.0,0
2024-01-18 18:00,184.6,6,1.0,0
2024-01-18 19:00,184.6,6,1.0,0
2024-01-18 20:00,184.6,6,1.0,0
2024-01-18 21:00,184.6,6,1.0,0
2024-01-18 22:00,184.6,6,1.0,0
2024-01-18 23:00,184.6,6,1.0,0
2024-01-19 00:00,184.6,6,1.0,0
2024-01-19 01:00,184.6,6,1.0,0
2024-01-19 02:00,184.6,6,1.0,0
2024-01-19 03:00,184.6,6,1.0,0
2024-01-19 04:00,184.6,6,1.0,0
2024-01-19 05:00,184.6,6,1.0,0
2024-01-19 06:00,184.6,6,1.0,0
2024-01-19 07:00,184.6,6,1.0,0
2024-01-19 08:00,184.6,6,1.0,0
2024-01-19 09:00,184.6,6,1.0,0
2024-01-19 10:00,184.6,6,1.0,0
2024-01-19 11:00,184.6,6,1.0,0
2024-01-19 12:00,184.6,6,1.0,0
2024-01-19 13:00,184.6,6,1.0,0
2024-01-19 14:00,184.6,6,1.0,0
2024-01-19 15:00,184.6,6,1.0,0
2024-01-19 16:00,184.6,6,1.0,0
2024-01-19 17:00,184.6,6,1.0,0
2024-01-19 18:00,184.6,6,1.0,0
2024-01-19 19:00,184.6,6,1.0,0
2024-01-19 20:00,184.6,6,1.0,0
2024-01-19 21:00,184.8,6,1.0,0
2024-01-19 22:00,185.2,6,1.0,0
2024-01-19 23:00,185.2,6,1.0,0
2024-01-20 00:00,192.4,6,1.0,0
2024-01-20 01:00,197.6,6,1.0,0
2024-01-20 02:00,198.4,6,1.0,0
2024-01-20 03:00,200.2,6,1.0,0
2024-01-20 04:00,202.8,6,1.0,0
2024-01-20 05:00,209.6,6,1.0,0
2024-01-20 06:00,218.2,6,1.0,0
2024-01-20 07:00,223.6,6,1.0,0
2024-01-20 08:00,224.6,6,1.0,0
2024-01-20 09:00,225.0,6,1.0,0
2024-01-20 10:00,225.2,6,1.0,0
2024-01-20 11:00,225.2,6,1.0,0
2024-01-20 12:00,225.6,6,1.0,0
2024-01-20 13:00,225.6,6,1.0,0
2024-01-20 14:00,225.8,6,1.0,0
2024-01-20 15:00,225.8,6,1.0,0
2024-01-20 16:00,225.8,6,1.0,0
2024-01-20 17:00,225.8,6,1.0,0
2024-01-20 18:00,225.8,6,1.0,0
2024-01-20 19:00,225.8,6,1.0,0
2024-01-20 20:00,225.8,6,1.0,0
2024-01-20 21:00,225.8,6,1.0,0
2024-01-20 22:00,225.8,6,1.0,0
2024-01-20 23:00,225.8,6,1.0,0
2024-01-21 00:00,225.8,6,1.0,0
2024-01-21 01:00,225.8,6,1.0,0
2024-01-21 02:00,225.8,6,1.0,0
2024-01-21 03:00,225.8,6,1.0,0
2024-01-21 04:00,225.8,6,1.0,0
2024-01-21 05:00,225.8,6,1.0,0
2024-01-21 06:00,225.8,6,1.0,0
2024-01-21 07:00,225.8,6,1.0,0
2024-01-21 08:00,225.8,6,1.0,0
2024-01-21 09:00,225.8,6,1.0,0
2024-01-21 10:00,225.8,6,1.0,0
2024-01-21 11:00,225.8,6,1.0,0
2024-01-21 12:00,225.8,6,1.0,0
2024-01-21 13:00,225.8,6,1.0,0
2024-01-21 14:00,225.8,6,1.0,0
2024-01-21 15:00,225.8,6,1.0,0
2024-01-21 16:00,225.8,6,1.0,0
2024-01-21 17:00,225.8,6,1.0,0
2024-01-21 18:00,225.8,6,1.0,0
2024-01-21 19:00,225.8,6,1.0,0
2024-01-21 20:00,225.8,6,1.0,0
2024-01-21 21:00,225.8,6,1.0,0
2024-01-21 22:00,225.8,6,1.0,0
2024-01-21 23:00,225.8,6,1.0,0
2024-01-22 00:00,225.8,6,1.0,0
2024-01-22 01:00,225.8,6,1.0,0
2024-01-22 02:00,225.8,6,1.0,0
2024-01-22 03:00,225.8,6,1.0,0
2024-01-22 04:00,225.8,6,1.0,0
2024-01-22 05:00,225.8,6,1.0,0
2024-01-22 06:00,225.8,6,1.0,0
2024-01-22 07:00,225.8,6,1.0,0
2024-01-22 08:00,225.8,6,1.0,0
2024-01-22 09:00,225.8,6,1.0,0
2024-01-22 10:00,225.8,6,1.0,0
2024-01-22 11:00,225.8,6,1.0,0
2024-01-22 12:00,225.8,6,1.0,0
2024-01-22 13:00,225.8,6,1.0,0
2024-01-22 14:00,225.8,6,1.0,0
2024-01-22 15:00,225.8,6,1.0,0
2024-01-22 16:00,225.8,6,1.0,0
2024-01-22 17:00,225.8,6,1.0,0
2024-01-22 18:00,225.8,6,1.0,0
2024-01-22 19:00,225.8,6,1.0,0
2024-01-22 20:00,225.8,6,1.0,0
2024-01-22 21:00,225.8,6,1.0,0
2024-01-22 22:00,225.8,6,1.0,0
2024-01-22 23:00,225.8,6,1.0,0
2024-01-23 00:00,225.8,6,1.0,0
2024-01-23 01:00,225.8,6,1.0,0
2024-01-23 02:00,225.8,6,1.0,0
2024-01-23 03:00,225.8,6,1.0,0
2024-01-23 04:00,225.8,6,1.0,0
2024-01-23 05:00,225.8,6,1.0,0
2024-01-23 06:00,225.8,6,1.0,0
2024-01-23 07:00,225.8,6,1.0,0
2024-01-23 08:00,225.8,6,1.0,0
2024-01-23 09:00,225.8,6,1.0,0
2024-01-23 10:00,225.8,6,1.0,0
2024-01-23 11:00,225.8,6,1.0,0
2024-01-23 12:00,225.8,6,1.0,0
2024-01-23 13:00,225.8,6,1.0,0
2024-01-23 14:00,225.8,6,1.0,0
2024-01-23 15:00,225.8,6,1.0,0
2024-01-23 16:00,225.8,6,1.0,0
2024-01-23 17:00,225.8,6,1.0,0
2024-01-23 18:00,225.8,6,1.0,0
2024-01-23 19:00,225.8,6,1.0,0
2024-01-23 20:00,225.8,6,1.0,0
2024-01-23 21:00,225.8,6,1.0,0
2024-01-23 22:00,225.8,6,1.0,0
2024-01-23 23:00,225.8,6,1.0,0
2024-01-24 00:00,225.8,6,1.0,0
2024-01-24 01:00,225.8,6,1.0,0
2024-01-24 02:00,225.8,6,1.0,0
2024-01-24 03:00,225.8,6,1.0,0
2024-01-24 04:00,225.8,6,1.0,0
2024-01-24 05:00,225.8,6,1.0,0
2024-01-24 06:00,225.8,6,1.0,0
2024-01-24 07:00,225.8,6,1.0,0
2024-01-24 08:00,225.8,6,1.0,0
2024-01-24 09:00,225.8,6,1.0,0
2024-01-24 10:00,225.8,6,1.0,0
2024-01-24 11:00,225.8,6,1.0,0
2024-01-24 12:00,225.8,6,1.0,0
2024-01-24 13:00,225.8,6,1.0,0
2024-01-24 14:00,225.8,6,1.0,0
2024-01-24 15:00,225.8,6,1.0,0
2024-01-24 16:00,225.8,6,1.0,0
2024-01-24 17:00,225.8,6,1.0,0
2024-01-24 18:00,225.8,6,1.0,0
2024-01-24 19:00,225.8,6,1.0,0
2024-01-24 20:00,225.8,6,1.0,0
2024-01-24 21:00,225.8,6,1.0,0
2024-01-24 22:00,225.8,6,1.0,0
2024-01-24 23:00,225.8,6,1.0,0
2024-01-25 00:00,225.8,6,1.0,0
2024-01-25 01:00,225.8,6,1.0,0
2024-01-25 02:00,225.8,6,1.0,0
2024-01-25 03:00,225.8,6,1.0,0
2024-01-25 04:00,225.8,6,1.0,0
2024-01-25 05:00,225.8,6,1.0,0
2024-01-25 06:00,225.8,6,1.0,0
2024-01-25 07:00,225.8,6,1.0,0
2024-01-25 08:00,225.8,6,1.0,0
2024-01-25 09:00,225.8,6,1.0,0
2024-01-25 10:00,225.8,6,1.0,0
2024-01-25 11:00,225.8,6,1.0,0
2024-01-25 12:00,225.8,6,1.0,0
2024-01-25 13:00,225.8,6,1.0,0
2024-01-25 14:00,225.8,6,1.0,0
2024-01-25 15:00,225.8,6,1.0,0
2024-01-25 16:00,225.8,6,1.0,0
2024-01-25 17:00,225.8,6,1.0,0
2024-01-25 18:00,225.8,6,1.0,0
2024-01-25 19:00,225.8,6,1.0,0
2024-01-25 20:00,225.8,6,1.0,0
2024-01-25 21:00,225.8,6,1.0,0
2024-01-25 22:00,225.8,6,1.0,0
2024-01-25 23:00,225.8,6,1.0,0
2024-01-26 00:00,225.8,6,1.0,0
2024-01-26 01:00,225.8,6,1.0,0
2024-01-26 02:00,225.8,6,1.0,0
2024-01-26 03:00,225.8,6,1.0,0
2024-01-26 04:00,225.8,6,1.0,0
2024-01-26 05:00,225.8,6,1.0,0
2024-01-26 06:00,225.8,6,1.0,0
2024-01-26 07:00,225.8,6,1.0,0
2024-01-26 08:00,225.8,6,1.0,0
2024-01-26 09:00,225.8,6,1.0,0
2024-01-26 10:00,225.8,6,1.0,0
2024-01-26 11:00,225.8,6,1.0,0
2024-01-26 12:00,225.8,6,1.0,0
2024-01-26 13:00,225.8,6,1.0,0
2024-01-26 14:00,225.8,6,1.0,0
2024-01-26 15:00,225.8,6,1.0,0
2024-01-26 16:00,225.8,6,1.0,0
2024-01-26 17:00,225.8,6,1.0,0
2024-01-26 18:00,225.8,6,1.0,0
2024-01-26 19:00,225.8,6,1.0,0
2024-01-26 20:00,225.8,6,1.0,0
2024-01-26 21:00,225.8,6,1.0,0
2024-01-26 22:00,225.8,6,1.0,0
2024-01-26 23:00,225.8,6,1.0,0
2024-01-27 00:00,225.8,6,1.0,0
2024-01-27 01:00,225.8,6,1.0,0
2024-01-27 02:00,225.8,6,1.0,0
2024-01-27 03:00,225.8,6,1.0,0
2024-01-27 04:00,225.8,6,1.0,0
2024-01-27 05:00,225.8,6,1.0,0
2024-01-27 06:00,225.8,6,1.0,0
2024-01-27 07:00,225.8,6,1.0,0
2024-01-27 08:00,225.8,6,1.0,0
2024-01-27 09:00,225.8,6,1.0,0
2024-01-27 10:00,225.8,6,1.0,0
2024-01-27 11:00,225.8,6,1.0,0
2024-01-27 12:00,225.8,6,1.0,0
2024-01-27 13:00,225.8,6,1.0,0
2024-01-27 14:00,225.8,6,1.0,0
2024-01-27 15:00,225.8,6,1.0,0
2024-01-27 16:00,225.8,6,1.0,0
2024-01-27 17:00,225.8,6,1.0,0
2024-01-27 18:00,225.8,6,1.0,0
2024-01-27 19:00,225.8,6,1.0,0
2024-01-27 20:00,225.8,6,1.0,0
2024-01-27 21:00,225.8,6,1.0,0
2024-01-27 22:00,225.8,6,1.0,0
2024-01-27 23:00,225.8,6,1.0,0
2024-01-28 00:00,225.8,6,1.0,0
2024-01-28 01:00,225.8,6,1.0,0
2024-01-28 02:00,225.8,6,1.0,0
2024-01-28 03:00,225.8,6,1.0,0
2024-01-28 04:00,225.8,6,1.0,0
2024-01-28 05:00,225.8,6,1.0,0
2024-01-28 06:00,225.8,6,1.0,0
2024-01-28 07:00,225.8,6,1.0,0
2024-01-28 08:00,225.8,6,1.0,0
2024-01-28 09:00,225.8,6,1.0,0
2024-01-28 10:00,225.8,6,1.0,0
2024-01-28 11:00,225.8,6,1.0,0
2024-01-28 12:00,225.8,6,1.0,0
2024-01-28 13:00,225.8,6,1.0,0
2024-01-28 14:00,225.8,6,1.0,0
2024-01-28 15:00,225.8,6,1.0,0
2024-01-28 16:00,225.8,6,1.0,0
2024-01-28 17:00,225.8,6,1.0,0
2024-01-28 18:00,225.8,6,1.0,0
2024-01-28 19:00,225.8,6,1.0,0
2024-01-28 20:00,225.8,6,1.0,0
2024-01-28 21:00,225.8,6,1.0,0
2024-01-28 22:00,225.8,6,1.0,0
2024-01-28 23:00,225.8,6,1.0,0
2024-01-29 00:00,225.8,6,1.0,0
2024-01-29 01:00,225.8,6,1.0,0
2024-01-29 02:00,225.8,6,1.0,0
2024-01-29 03:00,225.8,6,1.0,0
2024-01-29 04:00,225.8,6,1.0,0
2024-01-29 05:00,225.8,6,1.0,0
2024-01-29 06:00,225.8,6,1.0,0
2024-01-29 07:00,225.8,6,1.0,0
2024-01-29 08:00,225.8,6,1.0,0
2024-01-29 09:00,225.8,6,1.0,0
2024-01-29 10:00,225.8,6,1.0,0
2024-01-29 11:00,225.8,6,1.0,0
2024-01-29 12:00,225.8,6,1.0,0
2024-01-29 13:00,225.8,6,1.0,0
2024-01-29 14:00,225.8,6,1.0,0
2024-01-29 15:00,225.8,6,1.0,0
2024-01-29 16:00,225.8,6,1.0,0
2024-01-29 17:00,225.8,6,1.0,0
2024-01-29 18:00,225.8,6,1.0,0
2024-01-29 19:00,225.8,6,1.0,0
2024-01-29 20:00,225.8,6,1.0,0
2024-01-29 21:00,225.8,6,1.0,0
2024-01-29 22:00,225.8,6,1.0,0
2024-01-29 23:00,225.8,6,1.0,0
2024-01-30 00:00,225.8,6,1.0,0
2024-01-30 01:00,225.8,6,1.0,0
2024-01-30 02:00,225.8,6,1.0,0
2024-01-30 03:00,225.8,6,1.0,0
2024-01-30 04:00,225.8,6,1.0,0
2024-01-30 05:00,225.8,6,1.0,0
2024-01-30 06:00,225.8,6,1.0,0
2024-01-30 07:00,225.8,6,1.0,0
2024-01-30 08:00,225.8,6,1.0,0
2024-01-30 09:00,225.8,6,1.0,0
2024-01-30 10:00,225.8,6,1.0,0
2024-01-30 11:00,225.8,6,1.0,0
2024-01-30 12:00,225.8,6,1.0,0
2024-01-30 13:00,225.8,6,1.0,0
2024-01-30 14:00,225.8,6,1.0,0
2024-01-30 15:00,225.8,6,1.0,0
2024-01-30 16:00,225.8,6,1.0,0
2024-01-30 17:00,225.8,6,1.0,0
2024-01-30 18:00,225.8,6,1.0,0
2024-01-30 19:00,225.8,6,1.0,0
2024-01-30 20:00,225.8,6,1.0,0
2024-01-30 21:00,225.8,6,1.0,0
2024-01-30 22:00,225.8,6,1.0,0
2024-01-30 23:00,225.8,6,1.0,0
2024-01-31 00:00,225.8,6,1.0,0
2024-01-31 01:00,225.8,6,1.0,0
2024-01-31 02:00,225.8,6,1.0,0
2024-01-31 03:00,225.8,6,1.0,0
2024-01-31 04:00,225.8,6,1.0,0
2024-01-31 05:00,225.8,6,1.0,0
2024-01-31 06:00,225.8,6,1.0,0
2024-01-31 07:00,225.8,6,1.0,0
2024-01-31 08:00,225.8,6,1.0,0
2024-01-31 09:00,225.8,6,1.0,0
2024-01-31 10:00,225.8,6,1.0,0
2024-01-31 11:00,225.8,6,1.0,0
2024-01-31 12:00,225.8,6,1.0,0
2024-01-31 13:00,225.8,6,1.0,0
2024-01-31 14:00,225.8,6,1.0,0
2024-01-31 15:00,225.8,6,1.0,0
2024-01-31 16:00,225.8,6,1.0,0
2024-01-31 17:00,225.8,6,1.0,0
2024-01-31 18:00,225.8,6,1.0,0
2024-01-31 19:00,225.8,6,1.0,0
2024-01-31 20:00,225.8,6,1.0,0
2024-01-31 21:00,225.8,6,1.0,0
2024-01-31 22:00,225.8,6,1.0,0
2024-01-31 23:00,225.8,6,1.0,0
2024-02-01 00:00,225.8,6,1.0,0
2024-02-01 01:00,225.8,6,1.0,0
2024-02-01 02:00,225.8,6,1.0,0
2024-02-01 03:00,225.8,6,1.0,0
2024-02-01 04:00,225.8,6,1.0,0
2024-02-01 05:00,225.8,6,1.0,0
2024-02-01 06:00,225.8,6,1.0,0
2024-02-01 07:00,225.8,6,1.0,0
2024-02-01 08:00,225.8,6,1.0,0
2024-02-01 09:00,225.8,6,1.0,0
2024-02-01 10:00,225.8,6,1.0,0
2024-02-01 11:00,225.8,6,1.0,0
2024-02-01 12:00,225.8,6,1.0,0
2024-02-01 13:00,225.8,6,1.0,0
2024-02-01 14:00,225.8,6,1.0,0
2024-02-01 15:00,225.8,6,1.0,0
2024-02-01 16:00,225.8,6,1.0,0
2024-02-01 17:00,225.8,6,1.0,0
2024-02-01 18:00,225.8,6,1.0,0
2024-02-01 19:00,225.8,6,1.0,0
2024-02-01 20:00,225.8,6,1.0,0
2024-02-01 21:00,225.8,6,1.0,0
2024-02-01 22:00,225.8,6,1.0,0
2024-02-01 23:00,225.8,6,1.0,0
2024-02-02 00:00,225.8,6,1.0,0
2024-02-02 01:00,225.8,6,1.0,0
2024-02-02 02:00,225.8,6,1.0,0
2024-02-02 03:00,225.8,6,1.0,0
2024-02-02 04:00,225.8,6,1.0,0
2024-02-02 05:00,225.8,6,1.0,0
2024-02-02 06:00,225.8,6,1.0,0
2024-02-02 07:00,225.8,6,1.0,0
2024-02-02 08:00,225.8,6,1.0,0
2024-02-02 09:00,225.8,6,1.0,0
2024-02-02 10:00,225.8,6,1.0,0
2024-02-02 11:00,225.8,6,1.0,0
2024-02-02 12:00,225.8,6,1.0,0
2024-02-02 13:00,225.8,6,1.0,0
2024-02-02 14:00,225.8,6,1.0,0
2024-02-02 15:00,225.8,6,1.0,0
2024-02-02 16:00,225.8,6,1.0,0
2024-02-02 17:00,225.8,6,1.0,0
2024-02-02 18:00,225.8,6,1.0,0
2024-02-02 19:00,225.8,6,1.0,0
2024-02-02 20:00,225.8,6,1.0,0
2024-02-02 21:00,225.8,6,1.0,0
2024-02-02 22:00,225.8,6,1.0,0
2024-02-02 23:00,225.8,6,1.0,0
2024-02-03 00:00,225.8,6,1.0,0
2024-02-03 01:00,225.8,6,1.0,0
2024-02-03 02:00,225.8,6,1.0,0
2024-02-03 03:00,225.8,6,1.0,0
2024-02-03 04:00,225.8,6,1.0,0
2024-02-03 05:00,225.8,6,1.0,0
2024-02-03 06:00,225.8,6,1.0,0
2024-02-03 07:00,225.8,6,1.0,0
2024-02-03 08:00,225.8,6,1.0,0
2024-02-03 09:00,225.8,6,1.0,0
2024-02-03 10:00,225.8,6,1.0,0
2024-02-03 11:00,225.8,6,1.0,0
2024-02-03 12:00,225.8,6,1.0,0
2024-02-03 13:00,225.8,6,1.0,0
2024-02-03 14:00,225.8,6,1.0,0
2024-02-03 15:00,225.8,6,1.0,0
2024-02-03 16:00,225.8,6,1.0,0
2024-02-03 17:00,225.8,6,1.0,0
2024-02-03 18:00,225.8,6,1.0,0
2024-02-03 19:00,225.8,6,1.0,0
2024-02-03 20:00,225.8,6,1.0,0
2024-02-03 21:00,225.8,6,1.0,0
2024-02-03 22:00,225.8,6,1.0,0
2024-02-03 23:00,225.8,6,1.0,0
2024-02-04 00:00,225.8,6,1.0,0
2024-02-04 01:00,225.8,6,1.0,0
2024-02-04 02:00,225.8,6,1.0,0
2024-02-04 03:00,225.8,6,1.0,0
2024-02-04 04:00,225.8,6,1.0,0
2024-02-04 05:00,225.8,6,1.0,0
2024-02-04 06:00,225.8,6,1.0,0
2024-02-04 07:00,225.8,6,1.0,0
2024-02-04 08:00,225.8,6,1.0,0
2024-02-04 09:00,225.8,6,1.0,0
2024-02-04 10:00,225.8,6,1.0,0
2024-02-04 11:00,225.8,6,1.0,0
2024-02-04 12:00,225.8,6,1.0,0
2024-02-04 13:00,225.8,6,1.0,0
2024-02-04 14:00,225.8,6,1.0,0
2024-02-04 15:00,225.8,6,1.0,0
2024-02-04 16:00,225.8,6,1.0,0
2024-02-04 17:00,225.8,6,1.0,0
2024-02-04 18:00,225.8,6,1.0,0
2024-02-04 19:00,225.8,6,1.0,0
2024-02-04 20:00,225.8,6,1.0,0
2024-02-04 21:00,225.8,6,1.0,0
2024-02-04 22:00,225.8,6,1.0,0
2024-02-04 23:00,225.8,6,1.0,0
2024-02-05 00:00,225.8,6,1.0,0
2024-02-05 01:00,225.8,6,1.0,0
2024-02-05 02:00,225.8,6,1.0,0
2024-02-05 03:00,225.8,6,1.0,0
2024-02-05 04:00,225.8,6,1.0,0
2024-02-05 05:00,225.8,6,1.0,0
2024-02-05 06:00,225.8,6,1.0,0
2024-02-05 07:00,225.8,6,1.0,0
2024-02-05 08:00,225.8,6,1.0,0
2024-02-05 09:00,225.8,6,1.0,0
2024-02-05 10:00,225.8,6,1.0,0
2024-02-05 11:00,225.8,6,1.0,0
2024-02-05 12:00,225.8,6,1.0,0
2024-02-05 13:00,225.8,6,1.0,0
2024-02-05 14:00,225.8,6,1.0,0
2024-02-05 15:00,225.8,6,1.0,0
2024-02-05 16:00,225.8,6,1.0,0
2024-02-05 17:00,225.8,6,1.0,0
2024-02-05 18:00,225.8,6,1.0,0
2024-02-05 19:00,225.8,6,1.0,0
2024-02-05 20:00,225.8,6,1.0,0
2024-02-05 21:00,225.8,6,1.0,0
2024-02-05 22:00,225.8,6,1.0,0
2024-02-05 23:00,225.8,6,1.0,0
2024-02-06 00:00,225.8,6,1.0,0
2024-02-06 01:00,225.8,6,1.0,0
2024-02-06 02:00,225.8,6,1.0,0
2024-02-06 03:00,225.8,6,1.0,0
2024-02-06 04:00,225.8,6,1.0,0
2024-02-06 05:00,225.8,6,1.0,0
2024-02-06 06:00,225.8,6,1.0,0
2024-02-06 07:00,225.8,6,1.0,0
2024-02-06 08:00,225.8,6,1.0,0
2024-02-06 09:00,225.8,6,1.0,0
2024-02-06 10:00,225.8,6,1.0,0
2024-02-06 11:00,225.8,6,1.0,0
2024-02-06 12:00,225.8,6,1.0,0
2024-02-06 13:00,225.8,6,1.0,0
2024-02-06 14:00,225.8,6,1.0,0
2024-02-06 15:00,225.8,6,1.0,0
2024-02-06 16:00,225.8,6,1.0,0
2024-02-06 17:00,225.8,6,1.0,0
2024-02-06 18:00,225.8,6,1.0,0
2024-02-06 19:00,225.8,6,1.0,0
2024-02-06 20:00,225.8,6,1.0,0
2024-02-06 21:00,225.8,6,1.0,0
2024-02-06 22:00,225.8,6,1.0,0
2024-02-06 23:00,225.8,5,0.833,0
2024-02-07 00:00,225.8,6,1.0,0
2024-02-07 01:00,225.8,6,1.0,0
2024-02-07 02:00,225.8,6,1.0,0
2024-02-07 03:00,225.8,6,1.0,0
2024-02-07 04:00,225.8,6,1.0,0
2024-02-07 05:00,225.8,6,1.0,0
2024-02-07 06:00,225.8,6,1.0,0
2024-02-07 07:00,225.8,6,1.0,0
2024-02-07 08:00,225.8,6,1.0,0
2024-02-07 09:00,225.8,6,1.0,0
2024-02-07 10:00,225.8,6,1.0,0
2024-02-07 11:00,225.8,6,1.0,0
2024-02-07 12:00,225.8,6,1.0,0
2024-02-07 13:00,225.8,6,1.0,0
2024-02-07 14:00,225.8,6,1.0,0
2024-02-07 15:00,225.8,6,1.0,0
2024-02-07 16:00,225.8,6,1.0,0
2024-02-07 17:00,225.8,6,1.0,0
2024-02-07 18:00,225.8,6,1.0,0
2024-02-07 19:00,225.8,6,1.0,0
2024-02-07 20:00,225.8,6,1.0,0
2024-02-07 21:00,225.8,6,1.0,0
2024-02-07 22:00,225.8,6,1.0,0
2024-02-07 23:00,225.8,6,1.0,0
2024-02-08 00:00,225.8,6,1.0,0
2024-02-08 01:00,225.8,6,1.0,0
2024-02-08 02:00,225.8,6,1.0,0
2024-02-08 03:00,225.8,6,1.0,0
2024-02-08 04:00,225.8,6,1.0,0
2024-02-08 05:00,225.8,6,1.0,0
2024-02-08 06:00,225.8,6,1.0,0
2024-02-08 07:00,225.8,6,1.0,0
2024-02-08 08:00,225.8,6,1.0,0
2024-02-08 09:00,225.8,6,1.0,0
2024-02-08 10:00,225.8,6,1.0,0
2024-02-08 11:00,225.8,6,1.0,0
2024-02-08 12:00,225.8,6,1.0,0
2024-02-08 13:00,225.8,6,1.0,0
2024-02-08 14:00,225.8,6,1.0,0
2024-02-08 15:00,225.8,6,1.0,0
2024-02-08 16:00,225.8,6,1.0,0
2024-02-08 17:00,225.8,6,1.0,0
2024-02-08 18:00,225.8,6,1.0,0
2024-02-08 19:00,225.8,6,1.0,0
2024-02-08 20:00,225.8,6,1.0,0
2024-02-08 21:00,225.8,6,1.0,0
2024-02-08 22:00,225.8,6,1.0,0
2024-02-08 23:00,225.8,6,1.0,0
2024-02-09 00:00,225.8,6,1.0,0
2024-02-09 01:00,225.8,6,1.0,0
2024-02-09 02:00,225.8,6,1.0,0
2024-02-09 03:00,225.8,6,1.0,0
2024-02-09 04:00,225.8,6,1.0,0
2024-02-09 05:00,225.8,6,1.0,0
2024-02-09 06:00,225.8,6,1.0,0
2024-02-09 07:00,225.8,6,1.0,0
2024-02-09 08:00,225.8,6,1.0,0
2024-02-09 09:00,225.8,6,1.0,0
2024-02-09 10:00,225.8,6,1.0,0
2024-02-09 11:00,225.8,6,1.0,0
2024-02-09 12:00,225.8,6,1.0,0
2024-02-09 13:00,225.8,6,1.0,0
2024-02-09 14:00,225.8,6,1.0,0
2024-02-09 15:00,225.8,6,1.0,0
2024-02-09 16:00,225.8,6,1.0,0
2024-02-09 17:00,225.8,6,1.0,0
2024-02-09 18:00,225.8,6,1.0,0
2024-02-09 19:00,225.8,6,1.0,0
2024-02-09 20:00,225.8,6,1.0,0
2024-02-09 21:00,225.8,6,1.0,0
2024-02-09 22:00,225.8,6,1.0,0
2024-02-09 23:00,225.8,6,1.0,0
2024-02-10 00:00,225.8,6,1.0,0
2024-02-10 01:00,225.8,6,1.0,0
2024-02-10 02:00,225.8,6,1.0,0
2024-02-10 03:00,225.8,6,1.0,0
2024-02-10 04:00,225.8,6,1.0,0
2024-02-10 05:00,225.8,6,1.0,0
2024-02-10 06:00,225.8,6,1.0,0
2024-02-10 07:00,225.8,6,1.0,0
2024-02-10 08:00,225.8,6,1.0,0
2024-02-10 09:00,225.8,6,1.0,0
2024-02-10 10:00,225.8,6,1.0,0
2024-02-10 11:00,225.8,6,1.0,0
2024-02-10 12:00,228.0,6,1.0,0
2024-02-10 13:00,230.8,6,1.0,0
2024-02-10 14:00,232.6,6,1.0,0
2024-02-10 15:00,234.4,6,1.0,0
2024-02-10 16:00,235.2,6,1.0,0
2024-02-10 17:00,236.6,6,1.0,0
2024-02-10 18:00,239.6,6,1.0,0
2024-02-10 19:00,248.2,6,1.0,0
2024-02-10 20:00,255.0,6,1.0,0
2024-02-10 21:00,263.0,6,1.0,0
2024-02-10 22:00,264.8,6,1.0,0
2024-02-10 23:00,265.0,6,1.0,0
2024-02-11 00:00,265.0,6,1.0,0
2024-02-11 01:00,265.0,6,1.0,0
2024-02-11 02:00,265.4,6,1.0,0
2024-02-11 03:00,265.4,6,1.0,0
2024-02-11 04:00,265.8,6,1.0,0
2024-02-11 05:00,266.0,6,1.0,0
2024-02-11 06:00,267.0,6,1.0,0
2024-02-11 07:00,268.4,6,1.0,0
2024-02-11 08:00,268.6,6,1.0,0
2024-02-11 09:00,271.4,6,1.0,0
2024-02-11 10:00,271.8,6,1.0,0
2024-02-11 11:00,274.4,6,1.0,0
2024-02-11 12:00,276.2,6,1.0,0
2024-02-11 13:00,277.6,6,1.0,0
2024-02-11 14:00,277.8,6,1.0,0
2024-02-11 15:00,277.8,6,1.0,0
2024-02-11 16:00,277.8,6,1.0,0
2024-02-11 17:00,277.8,6,1.0,0
2024-02-11 18:00,279.2,6,1.0,0
2024-02-11 19:00,280.2,6,1.0,0
2024-02-11 20:00,281.4,6,1.0,0
2024-02-11 21:00,282.6,6,1.0,0
2024-02-11 22:00,282.8,6,1.0,0
2024-02-11 23:00,282.8,6,1.0,0
2024-02-12 00:00,286.2,6,1.0,0
2024-02-12 01:00,290.4,6,1.0,0
2024-02-12 02:00,292.0,6,1.0,0
2024-02-12 03:00,292.4,6,1.0,0
2024-02-12 04:00,292.6,6,1.0,0
2024-02-12 05:00,292.6,6,1.0,0
2024-02-12 06:00,292.6,6,1.0,0
2024-02-12 07:00,293.4,6,1.0,0
2024-02-12 08:00,293.6,6,1.0,0
2024-02-12 09:00,293.6,6,1.0,0
2024-02-12 10:00,293.6,6,1.0,0
2024-02-12 11:00,293.6,6,1.0,0
2024-02-12 12:00,293.6,6,1.0,0
2024-02-12 13:00,293.6,6,1.0,0
2024-02-12 14:00,293.6,6,1.0,0
2024-02-12 15:00,293.6,6,1.0,0
2024-02-12 16:00,293.6,6,1.0,0
2024-02-12 17:00,293.6,6,1.0,0
2024-02-12 18:00,293.6,6,1.0,0
2024-02-12 19:00,304.0,6,1.0,0
2024-02-12 20:00,307.8,6,1.0,0
2024-02-12 21:00,307.8,6,1.0,0
2024-02-12 22:00,311.6,6,1.0,0
2024-02-12 23:00,311.8,6,1.0,0
2024-02-13 00:00,311.8,6,1.0,0
2024-02-13 01:00,311.8,6,1.0,0
2024-02-13 02:00,311.8,6,1.0,0
2024-02-13 03:00,311.8,6,1.0,0
2024-02-13 04:00,311.8,6,1.0,0
2024-02-13 05:00,311.8,6,1.0,0
2024-02-13 06:00,311.8,6,1.0,0
2024-02-13 07:00,311.8,6,1.0,0
2024-02-13 08:00,311.8,6,1.0,0
2024-02-13 09:00,311.8,6,1.0,0
2024-02-13 10:00,311.8,6,1.0,0
2024-02-13 11:00,311.8,6,1.0,0
2024-02-13 12:00,311.8,6,1.0,0
2024-02-13 13:00,311.8,6,1.0,0
2024-02-13 14:00,311.8,6,1.0,0
2024-02-13 15:00,314.8,6,1.0,0
2024-02-13 16:00,314.8,6,1.0,0
2024-02-13 17:00,314.8,6,1.0,0
2024-02-13 18:00,314.8,6,1.0,0
2024-02-13 19:00,314.8,6,1.0,0
2024-02-13 20:00,314.8,6,1.0,0
2024-02-13 21:00,314.8,6,1.0,0
2024-02-13 22:00,314.8,6,1.0,0
2024-02-13 23:00,314.8,6,1.0,0
2024-02-14 00:00,314.8,6,1.0,0
2024-02-14 01:00,314.8,6,1.0,0
2024-02-14 02:00,314.8,6,1.0,0
2024-02-14 03:00,314.8,6,1.0,0
2024-02-14 04:00,314.8,6,1.0,0
2024-02-14 05:00,314.8,6,1.0,0
2024-02-14 06:00,314.8,6,1.0,0
2024-02-14 07:00,314.8,6,1.0,0
2024-02-14 08:00,314.8,6,1.0,0
2024-02-14 09:00,314.8,6,1.0,0
2024-02-14 10:00,314.8,6,1.0,0
2024-02-14 11:00,314.8,6,1.0,0
2024-02-14 12:00,314.8,6,1.0,0
2024-02-14 13:00,314.8,6,1.0,0
2024-02-14 14:00,314.8,6,1.0,0
2024-02-14 15:00,314.8,6,1.0,0
2024-02-14 16:00,314.8,6,1.0,0
2024-02-14 17:00,314.8,6,1.0,0
2024-02-14 18:00,314.8,6,1.0,0
2024-02-14 19:00,314.8,6,1.0,0
2024-02-14 20:00,314.8,6,1.0,0
2024-02-14 21:00,314.8,6,1.0,0
2024-02-14 22:00,314.8,6,1.0,0
2024-02-14 23:00,314.8,6,1.0,0
2024-02-15 00:00,314.8,6,1.0,0
2024-02-15 01:00,314.8,6,1.0,0
2024-02-15 02:00,314.8,6,1.0,0
2024-02-15 03:00,314.8,6,1.0,0
2024-02-15 04:00,314.8,6,1.0,0
2024-02-15 05:00,314.8,6,1.0,0
2024-02-15 06:00,314.8,6,1.0,0
2024-02-15 07:00,314.8,6,1.0,0
2024-02-15 08:00,314.8,6,1.0,0
2024-02-15 09:00,314.8,6,1.0,0
2024-02-15 10:00,314.8,6,1.0,0
2024-02-15 11:00,314.8,6,1.0,0
2024-02-15 12:00,314.8,6,1.0,0
2024-02-15 13:00,314.8,6,1.0,0
2024-02-15 14:00,314.8,6,1.0,0
2024-02-15 15:00,314.8,6,1.0,0
2024-02-15 16:00,314.8,6,1.0,0
2024-02-15 17:00,314.8,6,1.0,0
2024-02-15 18:00,314.8,6,1.0,0
2024-02-15 19:00,314.8,6,1.0,0
2024-02-15 20:00,314.8,6,1.0,0
2024-02-15 21:00,314.8,6,1.0,0
2024-02-15 22:00,314.8,6,1.0,0
2024-02-15 23:00,314.8,6,1.0,0
2024-02-16 00:00,314.8,6,1.0,0
2024-02-16 01:00,314.8,6,1.0,0
2024-02-16 02:00,314.8,6,1.0,0
2024-02-16 03:00,314.8,6,1.0,0
2024-02-16 04:00,314.8,6,1.0,0
2024-02-16 05:00,314.8,6,1.0,0
2024-02-16 06:00,314.8,6,1.0,0
2024-02-16 07:00,314.8,6,1.0,0
2024-02-16 08:00,314.8,6,1.0,0
2024-02-16 09:00,314.8,6,1.0,0
2024-02-16 10:00,314.8,6,1.0,0
2024-02-16 11:00,314.8,6,1.0,0
2024-02-16 12:00,314.8,6,1.0,0
2024-02-16 13:00,314.8,6,1.0,0
2024-02-16 14:00,314.8,6,1.0,0
2024-02-16 15:00,314.8,6,1.0,0
2024-02-16 16:00,314.8,6,1.0,0
2024-02-16 17:00,314.8,6,1.0,0
2024-02-16 18:00,314.8,6,1.0,0
2024-02-16 19:00,314.8,6,1.0,0
2024-02-16 20:00,314.8,6,1.0,0
2024-02-16 21:00,314.8,6,1.0,0
2024-02-16 22:00,314.8,6,1.0,0
2024-02-16 23:00,314.8,6,1.0,0
2024-02-17 00:00,314.8,6,1.0,0
2024-02-17 01:00,314.8,6,1.0,0
2024-02-17 02:00,314.8,6,1.0,0
2024-02-17 03:00,314.8,6,1.0,0
2024-02-17 04:00,314.8,6,1.0,0
2024-02-17 05:00,314.8,6,1.0,0
2024-02-17 06:00,314.8,6,1.0,0
2024-02-17 07:00,314.8,6,1.0,0
2024-02-17 08:00,314.8,6,1.0,0
2024-02-17 09:00,314.8,6,1.0,0
2024-02-17 10:00,314.8,6,1.0,0
2024-02-17 11:00,314.8,6,1.0,0
2024-02-17 12:00,314.8,6,1.0,0
2024-02-17 13:00,314.8,6,1.0,0
2024-02-17 14:00,314.8,6,1.0,0
2024-02-17 15:00,314.8,6,1.0,0
2024-02-17 16:00,314.8,6,1.0,0
2024-02-17 17:00,314.8,6,1.0,0
2024-02-17 18:00,314.8,6,1.0,0
2024-02-17 19:00,314.8,6,1.0,0
2024-02-17 20:00,314.8,6,1.0,0
2024-02-17 21:00,314.8,6,1.0,0
2024-02-17 22:00,314.8,6,1.0,0
2024-02-17 23:00,314.8,6,1.0,0
2024-02-18 00:00,314.8,6,1.0,0
2024-02-18 01:00,314.8,6,1.0,0
2024-02-18 02:00,314.8,6,1.0,0
2024-02-18 03:00,314.8,6,1.0,0
2024-02-18 04:00,314.8,6,1.0,0
2024-02-18 05:00,314.8,6,1.0,0
2024-02-18 06:00,314.8,6,1.0,0
2024-02-18 07:00,314.8,6,1.0,0
2024-02-18 08:00,314.8,6,1.0,0
2024-02-18 09:00,314.8,6,1.0,0
2024-02-18 10:00,314.8,6,1.0,0
2024-02-18 11:00,314.8,6,1.0,0
2024-02-18 12:00,314.8,6,1.0,0
2024-02-18 13:00,314.8,6,1.0,0
2024-02-18 14:00,314.8,6,1.0,0
2024-02-18 15:00,314.8,6,1.0,0
2024-02-18 16:00,314.8,6,1.0,0
2024-02-18 17:00,314.8,6,1.0,0
2024-02-18 18:00,314.8,6,1.0,0
2024-02-18 19:00,314.8,6,1.0,0
2024-02-18 20:00,314.8,6,1.0,0
2024-02-18 21:00,314.8,6,1.0,0
2024-02-18 22:00,314.8,6,1.0,0
2024-02-18 23:00,314.8,6,1.0,0
2024-02-19 00:00,314.8,6,1.0,0
2024-02-19 01:00,314.8,6,1.0,0
2024-02-19 02:00,314.8,6,1.0,0
2024-02-19 03:00,314.8,6,1.0,0
2024-02-19 04:00,314.8,6,1.0,0
2024-02-19 05:00,314.8,6,1.0,0
2024-02-19 06:00,314.8,6,1.0,0
2024-02-19 07:00,314.8,6,1.0,0
2024-02-19 08:00,314.8,6,1.0,0
2024-02-19 09:00,314.8,6,1.0,0
2024-02-19 10:00,314.8,6,1.0,0
2024-02-19 11:00,314.8,6,1.0,0
2024-02-19 12:00,314.8,6,1.0,0
2024-02-19 13:00,314.8,6,1.0,0
2024-02-19 14:00,314.8,6,1.0,0
2024-02-19 15:00,314.8,6,1.0,0
2024-02-19 16:00,314.8,6,1.0,0
2024-02-19 17:00,314.8,6,1.0,0
2024-02-19 18:00,314.8,6,1.0,0
2024-02-19 19:00,314.8,6,1.0,0
2024-02-19 20:00,314.8,6,1.0,0
2024-02-19 21:00,314.8,6,1.0,0
2024-02-19 22:00,314.8,6,1.0,0
2024-02-19 23:00,314.8,6,1.0,0
2024-02-20 00:00,314.8,6,1.0,0
2024-02-20 01:00,314.8,6,1.0,0
2024-02-20 02:00,314.8,6,1.0,0
2024-02-20 03:00,314.8,6,1.0,0
2024-02-20 04:00,314.8,6,1.0,0
2024-02-20 05:00,314.8,6,1.0,0
2024-02-20 06:00,314.8,6,1.0,0
2024-02-20 07:00,314.8,6,1.0,0
2024-02-20 08:00,314.8,6,1.0,0
2024-02-20 09:00,314.8,6,1.0,0
2024-02-20 10:00,314.8,6,1.0,0
2024-02-20 11:00,314.8,6,1.0,0
2024-02-20 12:00,314.8,6,1.0,0
2024-02-20 13:00,314.8,6,1.0,0
2024-02-20 14:00,314.8,6,1.0,0
2024-02-20 15:00,314.8,6,1.0,0
2024-02-20 16:00,314.8,6,1.0,0
2024-02-20 17:00,314.8,6,1.0,0
2024-02-20 18:00,314.8,6,1.0,0
2024-02-20 19:00,314.8,6,1.0,0
2024-02-20 20:00,314.8,6,1.0,0
2024-02-20 21:00,314.8,6,1.0,0
2024-02-20 22:00,314.8,6,1.0,0
2024-02-20 23:00,314.8,6,1.0,0
2024-02-21 00:00,314.8,6,1.0,0
2024-02-21 01:00,314.8,6,1.0,0
2024-02-21 02:00,314.8,6,1.0,0
2024-02-21 03:00,314.8,6,1.0,0
2024-02-21 04:00,314.8,6,1.0,0
2024-02-21 05:00,314.8,6,1.0,0
2024-02-21 06:00,314.8,6,1.0,0
2024-02-21 07:00,314.8,6,1.0,0
2024-02-21 08:00,314.8,6,1.0,0
2024-02-21 09:00,314.8,6,1.0,0
2024-02-21 10:00,314.8,6,1.0,0
2024-02-21 11:00,314.8,6,1.0,0
2024-02-21 12:00,314.8,6,1.0,0
2024-02-21 13:00,314.8,6,1.0,0
2024-02-21 14:00,314.8,6,1.0,0
2024-02-21 15:00,314.8,6,1.0,0
2024-02-21 16:00,314.8,6,1.0,0
2024-02-21 17:00,314.8,6,1.0,0
2024-02-21 18:00,314.8,6,1.0,0
2024-02-21 19:00,314.8,6,1.0,0
2024-02-21 20:00,314.8,6,1.0,0
2024-02-21 21:00,314.8,6,1.0,0
2024-02-21 22:00,314.8,6,1.0,0
2024-02-21 23:00,314.8,6,1.0,0
2024-02-22 00:00,314.8,6,1.0,0
2024-02-22 01:00,314.8,6,1.0,0
2024-02-22 02:00,314.8,6,1.0,0
2024-02-22 03:00,314.8,6,1.0,0
2024-02-22 04:00,314.8,6,1.0,0
2024-02-22 05:00,314.8,6,1.0,0
2024-02-22 06:00,314.8,6,1.0,0
2024-02-22 07:00,314.8,6,1.0,0
2024-02-22 08:00,314.8,6,1.0,0
2024-02-22 09:00,314.8,6,1.0,0
2024-02-22 10:00,314.8,6,1.0,0
2024-02-22 11:00,314.8,6,1.0,0
2024-02-22 12:00,314.8,6,1.0,0
2024-02-22 13:00,314.8,6,1.0,0
2024-02-22 14:00,314.8,6,1.0,0
2024-02-22 15:00,314.8,6,1.0,0
2024-02-22 16:00,314.8,6,1.0,0
2024-02-22 17:00,314.8,6,1.0,0
2024-02-22 18:00,314.8,6,1.0,0
2024-02-22 19:00,314.8,6,1.0,0
2024-02-22 20:00,314.8,6,1.0,0
2024-02-22 21:00,314.8,6,1.0,0
2024-02-22 22:00,314.8,6,1.0,0
2024-02-22 23:00,314.8,6,1.0,0
2024-02-23 00:00,314.8,6,1.0,0
2024-02-23 01:00,314.8,6,1.0,0
2024-02-23 02:00,314.8,6,1.0,0
2024-02-23 03:00,314.8,6,1.0,0
2024-02-23 04:00,314.8,6,1.0,0
2024-02-23 05:00,314.8,6,1.0,0
2024-02-23 06:00,314.8,6,1.0,0
2024-02-23 07:00,314.8,6,1.0,0
2024-02-23 08:00,314.8,6,1.0,0
2024-02-23 09:00,314.8,6,1.0,0
2024-02-23 10:00,314.8,6,1.0,0
2024-02-23 11:00,314.8,6,1.0,0
2024-02-23 12:00,314.8,6,1.0,0
2024-02-23 13:00,314.8,6,1.0,0
2024-02-23 14:00,314.8,6,1.0,0
2024-02-23 15:00,314.8,6,1.0,0
2024-02-23 16:00,314.8,6,1.0,0
2024-02-23 17:00,314.8,6,1.0,0
2024-02-23 18:00,314.8,6,1.0,0
2024-02-23 19:00,314.8,6,1.0,0
2024-02-23 20:00,314.8,6,1.0,0
2024-02-23 21:00,314.8,6,1.0,0
2024-02-23 22:00,314.8,6,1.0,0
2024-02-23 23:00,318.6,6,1.0,0
2024-02-24 00:00,326.0,6,1.0,0
2024-02-24 01:00,327.6,6,1.0,0
2024-02-24 02:00,327.8,6,1.0,0
2024-02-24 03:00,328.0,6,1.0,0
2024-02-24 04:00,328.0,6,1.0,0
2024-02-24 05:00,328.2,6,1.0,0
2024-02-24 06:00,330.0,6,1.0,0
2024-02-24 07:00,332.0,6,1.0,0
2024-02-24 08:00,332.2,6,1.0,0
2024-02-24 09:00,332.2,6,1.0,0
2024-02-24 10:00,332.4,6,1.0,0
2024-02-24 11:00,332.4,6,1.0,0
2024-02-24 12:00,332.4,6,1.0,0
2024-02-24 13:00,332.4,6,1.0,0
2024-02-24 14:00,335.8,6,1.0,0
2024-02-24 15:00,336.6,6,1.0,0
2024-02-24 16:00,336.8,6,1.0,0
2024-02-24 17:00,336.8,6,1.0,0
2024-02-24 18:00,336.8,6,1.0,0
2024-02-24 19:00,336.8,6,1.0,0
2024-02-24 20:00,336.8,6,1.0,0
2024-02-24 21:00,336.8,6,1.0,0
2024-02-24 22:00,336.8,6,1.0,0
2024-02-24 23:00,336.8,6,1.0,0
2024-02-25 00:00,336.8,6,1.0,0
2024-02-25 01:00,336.8,6,1.0,0
2024-02-25 02:00,336.8,6,1.0,0
2024-02-25 03:00,337.8,6,1.0,0
2024-02-25 04:00,338.2,6,1.0,0
2024-02-25 05:00,339.0,6,1.0,0
2024-02-25 06:00,341.0,6,1.0,0
2024-02-25 07:00,342.4,6,1.0,0
2024-02-25 08:00,342.8,6,1.0,0
2024-02-25 09:00,342.8,6,1.0,0
2024-02-25 10:00,342.8,6,1.0,0
2024-02-25 11:00,342.8,6,1.0,0
2024-02-25 12:00,343.0,6,1.0,0
2024-02-25 13:00,343.0,6,1.0,0
2024-02-25 14:00,343.0,6,1.0,0
2024-02-25 15:00,343.0,6,1.0,0
2024-02-25 16:00,343.0,6,1.0,0
2024-02-25 17:00,343.0,6,1.0,0
2024-02-25 18:00,343.0,6,1.0,0
2024-02-25 19:00,343.0,6,1.0,0
2024-02-25 20:00,343.0,6,1.0,0
2024-02-25 21:00,343.0,6,1.0,0
2024-02-25 22:00,343.0,6,1.0,0
2024-02-25 23:00,343.0,6,1.0,0
2024-02-26 00:00,343.0,6,1.0,0
2024-02-26 01:00,343.0,6,1.0,0
2024-02-26 02:00,343.0,6,1.0,0
2024-02-26 03:00,343.0,6,1.0,0
2024-02-26 04:00,343.0,6,1.0,0
2024-02-26 05:00,343.0,6,1.0,0
2024-02-26 06:00,343.0,6,1.0,0
2024-02-26 07:00,343.0,6,1.0,0
2024-02-26 08:00,343.0,6,1.0,0
2024-02-26 09:00,343.0,6,1.0,0
2024-02-26 10:00,343.0,6,1.0,0
2024-02-26 11:00,343.0,6,1.0,0
2024-02-26 12:00,343.0,6,1.0,0
2024-02-26 13:00,343.0,6,1.0,0
2024-02-26 14:00,343.0,6,1.0,0
2024-02-26 15:00,343.0,6,1.0,0
2024-02-26 16:00,343.0,6,1.0,0
2024-02-26 17:00,343.0,6,1.0,0
2024-02-26 18:00,343.0,6,1.0,0
2024-02-26 19:00,343.0,6,1.0,0
2024-02-26 20:00,343.0,6,1.0,0
2024-02-26 21:00,343.0,6,1.0,0
2024-02-26 22:00,343.0,6,1.0,0
2024-02-26 23:00,343.0,6,1.0,0
2024-02-27 00:00,343.0,6,1.0,0
2024-02-27 01:00,343.0,6,1.0,0
2024-02-27 02:00,343.0,6,1.0,0
2024-02-27 03:00,343.0,6,1.0,0
2024-02-27 04:00,343.0,6,1.0,0
2024-02-27 05:00,343.0,6,1.0,0
2024-02-27 06:00,343.0,6,1.0,0
2024-02-27 07:00,343.0,6,1.0,0
2024-02-27 08:00,343.0,6,1.0,0
2024-02-27 09:00,343.0,6,1.0,0
2024-02-27 10:00,343.0,6,1.0,0
2024-02-27 11:00,343.0,6,1.0,0
2024-02-27 12:00,343.0,6,1.0,0
2024-02-27 13:00,343.0,6,1.0,0
2024-02-27 14:00,343.0,6,1.0,0
2024-02-27 15:00,343.0,6,1.0,0
2024-02-27 16:00,343.0,6,1.0,0
2024-02-27 17:00,343.0,6,1.0,0
2024-02-27 18:00,343.0,6,1.0,0
2024-02-27 19:00,343.0,6,1.0,0
2024-02-27 20:00,343.0,6,1.0,0
2024-02-27 21:00,343.0,6,1.0,0
2024-02-27 22:00,343.0,6,1.0,0
2024-02-27 23:00,343.0,6,1.0,0
2024-02-28 00:00,343.0,6,1.0,0
2024-02-28 01:00,343.0,6,1.0,0
2024-02-28 02:00,343.0,6,1.0,0
2024-02-28 03:00,343.0,6,1.0,0
2024-02-28 04:00,343.0,6,1.0,0
2024-02-28 05:00,343.0,6,1.0,0
2024-02-28 06:00,343.0,6,1.0,0
2024-02-28 07:00,343.0,6,1.0,0
2024-02-28 08:00,343.0,6,1.0,0
2024-02-28 09:00,343.0,6,1.0,0
2024-02-28 10:00,343.0,6,1.0,0
2024-02-28 11:00,343.0,6,1.0,0
2024-02-28 12:00,343.0,6,1.0,0
2024-02-28 13:00,343.0,6,1.0,0
2024-02-28 14:00,343.0,6,1.0,0
2024-02-28 15:00,343.0,6,1.0,0
2024-02-28 16:00,343.0,6,1.0,0
2024-02-28 17:00,343.0,6,1.0,0
2024-02-28 18:00,343.0,6,1.0,0
2024-02-28 19:00,343.0,6,1.0,0
2024-02-28 20:00,343.0,6,1.0,0
2024-02-28 21:00,343.0,6,1.0,0
2024-02-28 22:00,343.0,6,1.0,0
2024-02-28 23:00,343.2,6,1.0,0
2024-02-29 00:00,345.4,6,1.0,0
2024-02-29 01:00,347.6,6,1.0,0
2024-02-29 02:00,349.8,6,1.0,0
2024-02-29 03:00,353.8,6,1.0,0
2024-02-29 04:00,357.6,6,1.0,0
2024-02-29 05:00,360.2,6,1.0,0
2024-02-29 06:00,361.8,6,1.0,0
2024-02-29 07:00,362.6,6,1.0,0
2024-02-29 08:00,362.6,6,1.0,0
2024-02-29 09:00,362.6,6,1.0,0
2024-02-29 10:00,362.6,6,1.0,0
2024-02-29 11:00,362.6,6,1.0,0
2024-02-29 12:00,362.6,6,1.0,0
2024-02-29 13:00,362.6,6,1.0,0
2024-02-29 14:00,362.6,6,1.0,0
2024-02-29 15:00,362.6,6,1.0,0
2024-02-29 16:00,362.6,6,1.0,0
2024-02-29 17:00,362.6,6,1.0,0
2024-02-29 18:00,362.6,6,1.0,0
2024-02-29 19:00,362.6,6,1.0,0
2024-02-29 20:00,362.6,6,1.0,0
2024-02-29 21:00,362.6,6,1.0,0
2024-02-29 22:00,362.6,6,1.0,0
2024-02-29 23:00,362.6,6,1.0,0
2024-03-01 00:00,362.6,6,1.0,0
2024-03-01 01:00,362.6,6,1.0,0
2024-03-01 02:00,363.0,6,1.0,0
2024-03-01 03:00,363.0,6,1.0,0
2024-03-01 04:00,363.2,6,1.0,0
2024-03-01 05:00,363.4,6,1.0,0
2024-03-01 06:00,363.8,6,1.0,0
2024-03-01 07:00,363.8,6,1.0,0
2024-03-01 08:00,364.0,6,1.0,0
2024-03-01 09:00,364.2,6,1.0,0
2024-03-01 10:00,364.2,6,1.0,0
2024-03-01 11:00,364.4,6,1.0,0
2024-03-01 12:00,364.4,6,1.0,0
2024-03-01 13:00,364.4,6,1.0,0
2024-03-01 14:00,364.6,6,1.0,0
2024-03-01 15:00,364.6,6,1.0,0
2024-03-01 16:00,364.6,6,1.0,0
2024-03-01 17:00,364.6,6,1.0,0
2024-03-01 18:00,364.8,6,1.0,0
2024-03-01 19:00,364.8,6,1.0,0
2024-03-01 20:00,364.8,6,1.0,0
2024-03-01 21:00,364.8,6,1.0,0
2024-03-01 22:00,364.8,6,1.0,0
2024-03-01 23:00,365.0,6,1.0,0
2024-03-02 00:00,365.0,6,1.0,0
2024-03-02 01:00,365.0,6,1.0,0
2024-03-02 02:00,365.0,6,1.0,0
2024-03-02 03:00,365.0,6,1.0,0
2024-03-02 04:00,365.0,6,1.0,0
2024-03-02 05:00,365.0,6,1.0,0
2024-03-02 06:00,365.0,6,1.0,0
2024-03-02 07:00,365.0,6,1.0,0
2024-03-02 08:00,365.0,6,1.0,0
2024-03-02 09:00,365.0,6,1.0,0
2024-03-02 10:00,365.0,6,1.0,0
2024-03-02 11:00,365.0,6,1.0,0
2024-03-02 12:00,365.0,6,1.0,0
2024-03-02 13:00,365.0,6,1.0,0
2024-03-02 14:00,365.0,6,1.0,0
2024-03-02 15:00,365.0,6,1.0,0
2024-03-02 16:00,365.0,6,1.0,0
2024-03-02 17:00,365.0,6,1.0,0
2024-03-02 18:00,365.0,6,1.0,0
2024-03-02 19:00,365.0,6,1.0,0
2024-03-02 20:00,365.0,6,1.0,0
2024-03-02 21:00,365.0,6,1.0,0
2024-03-02 22:00,365.0,6,1.0,0
2024-03-02 23:00,365.0,6,1.0,0
2024-03-03 00:00,365.0,6,1.0,0
2024-03-03 01:00,365.0,6,1.0,0
2024-03-03 02:00,365.0,6,1.0,0
2024-03-03 03:00,365.0,6,1.0,0
2024-03-03 04:00,365.0,6,1.0,0
2024-03-03 05:00,365.0,6,1.0,0
2024-03-03 06:00,365.0,6,1.0,0
2024-03-03 07:00,365.0,6,1.0,0
2024-03-03 08:00,365.0,6,1.0,0
2024-03-03 09:00,365.0,6,1.0,0
2024-03-03 10:00,365.0,6,1.0,0
2024-03-03 11:00,365.0,6,1.0,0
2024-03-03 12:00,365.0,6,1.0,0
2024-03-03 13:00,365.0,6,1.0,0
2024-03-03 14:00,365.0,6,1.0,0
2024-03-03 15:00,365.0,6,1.0,0
2024-03-03 16:00,365.0,6,1.0,0
2024-03-03 17:00,365.0,6,1.0,0
2024-03-03 18:00,365.0,6,1.0,0
2024-03-03 19:00,365.0,6,1.0,0
2024-03-03 20:00,365.0,6,1.0,0
2024-03-03 21:00,365.0,6,1.0,0
2024-03-03 22:00,365.0,6,1.0,0
2024-03-03 23:00,365.0,6,1.0,0
2024-03-04 00:00,365.4,6,1.0,0
2024-03-04 01:00,365.4,6,1.0,0
2024-03-04 02:00,365.4,6,1.0,0
2024-03-04 03:00,365.4,6,1.0,0
2024-03-04 04:00,365.4,6,1.0,0
2024-03-04 05:00,365.4,6,1.0,0
2024-03-04 06:00,365.4,6,1.0,0
2024-03-04 07:00,365.4,6,1.0,0
2024-03-04 08:00,365.4,6,1.0,0
2024-03-04 09:00,365.4,6,1.0,0
2024-03-04 10:00,365.4,6,1.0,0
2024-03-04 11:00,365.4,6,1.0,0
2024-03-04 12:00,365.4,6,1.0,0
2024-03-04 13:00,365.4,6,1.0,0
2024-03-04 14:00,365.4,6,1.0,0
2024-03-04 15:00,365.4,6,1.0,0
2024-03-04 16:00,365.4,6,1.0,0
2024-03-04 17:00,365.4,6,1.0,0
2024-03-04 18:00,365.4,6,1.0,0
2024-03-04 19:00,365.4,6,1.0,0
2024-03-04 20:00,365.4,6,1.0,0
2024-03-04 21:00,365.4,6,1.0,0
2024-03-04 22:00,365.4,6,1.0,0
2024-03-04 23:00,365.4,6,1.0,0
2024-03-05 00:00,365.4,6,1.0,0
2024-03-05 01:00,365.4,6,1.0,0
2024-03-05 02:00,365.4,6,1.0,0
2024-03-05 03:00,365.4,6,1.0,0
2024-03-05 04:00,365.4,6,1.0,0
2024-03-05 05:00,365.4,6,1.0,0
2024-03-05 06:00,365.4,6,1.0,0
2024-03-05 07:00,365.4,6,1.0,0
2024-03-05 08:00,365.4,6,1.0,0
2024-03-05 09:00,365.4,6,1.0,0
2024-03-05 10:00,365.4,6,1.0,0
2024-03-05 11:00,365.4,6,1.0,0
2024-03-05 12:00,365.4,6,1.0,0
2024-03-05 13:00,365.4,6,1.0,0
2024-03-05 14:00,365.4,6,1.0,0
2024-03-05 15:00,365.4,6,1.0,0
2024-03-05 16:00,365.4,6,1.0,0
2024-03-05 17:00,365.4,6,1.0,0
2024-03-05 18:00,365.4,6,1.0,0
2024-03-05 19:00,365.4,6,1.0,0
2024-03-05 20:00,365.4,6,1.0,0
2024-03-05 21:00,365.4,6,1.0,0
2024-03-05 22:00,365.4,6,1.0,0
2024-03-05 23:00,365.4,6,1.0,0
2024-03-06 00:00,365.4,6,1.0,0
2024-03-06 01:00,365.4,6,1.0,0
2024-03-06 02:00,365.4,6,1.0,0
2024-03-06 03:00,365.8,6,1.0,0
2024-03-06 04:00,366.0,6,1.0,0
2024-03-06 05:00,366.0,6,1.0,0
2024-03-06 06:00,366.0,6,1.0,0
2024-03-06 07:00,366.0,6,1.0,0
2024-03-06 08:00,366.0,6,1.0,0
2024-03-06 09:00,366.0,6,1.0,0
2024-03-06 10:00,366.0,6,1.0,0
2024-03-06 11:00,366.0,6,1.0,0
2024-03-06 12:00,366.0,6,1.0,0
2024-03-06 13:00,366.0,6,1.0,0
2024-03-06 14:00,366.0,6,1.0,0
2024-03-06 15:00,366.6,6,1.0,0
2024-03-06 16:00,367.8,6,1.0,0
2024-03-06 17:00,367.8,6,1.0,0
2024-03-06 18:00,368.6,6,1.0,0
2024-03-06 19:00,368.6,6,1.0,0
2024-03-06 20:00,370.0,6,1.0,0
2024-03-06 21:00,370.2,6,1.0,0
2024-03-06 22:00,370.2,6,1.0,0
2024-03-06 23:00,370.2,6,1.0,0
2024-03-07 00:00,370.2,6,1.0,0
2024-03-07 01:00,370.2,6,1.0,0
2024-03-07 02:00,370.2,6,1.0,0
2024-03-07 03:00,370.2,6,1.0,0
2024-03-07 04:00,370.2,6,1.0,0
2024-03-07 05:00,370.2,6,1.0,0
2024-03-07 06:00,370.2,6,1.0,0
2024-03-07 07:00,370.2,6,1.0,0
2024-03-07 08:00,370.2,6,1.0,0
2024-03-07 09:00,370.2,6,1.0,0
2024-03-07 10:00,370.2,6,1.0,0
2024-03-07 11:00,370.2,6,1.0,0
2024-03-07 12:00,370.4,6,1.0,0
2024-03-07 13:00,370.4,6,1.0,0
2024-03-07 14:00,370.4,6,1.0,0
2024-03-07 15:00,370.4,6,1.0,0
2024-03-07 16:00,370.4,6,1.0,0
2024-03-07 17:00,370.4,6,1.0,0
2024-03-07 18:00,370.4,6,1.0,0
2024-03-07 19:00,370.4,6,1.0,0
2024-03-07 20:00,370.4,6,1.0,0
2024-03-07 21:00,370.4,6,1.0,0
2024-03-07 22:00,370.4,6,1.0,0
2024-03-07 23:00,370.4,6,1.0,0
2024-03-08 00:00,370.4,6,1.0,0
2024-03-08 01:00,370.4,6,1.0,0
2024-03-08 02:00,370.4,6,1.0,0
2024-03-08 03:00,370.4,6,1.0,0
2024-03-08 04:00,370.4,6,1.0,0
2024-03-08 05:00,370.4,6,1.0,0
2024-03-08 06:00,370.4,6,1.0,0
2024-03-08 07:00,370.4,6,1.0,0
2024-03-08 08:00,370.4,6,1.0,0
2024-03-08 09:00,370.4,6,1.0,0
2024-03-08 10:00,370.4,6,1.0,0
2024-03-08 11:00,370.4,6,1.0,0
2024-03-08 12:00,370.4,6,1.0,0
2024-03-08 13:00,370.4,6,1.0,0
2024-03-08 14:00,370.4,6,1.0,0
2024-03-08 15:00,370.4,6,1.0,0
2024-03-08 16:00,370.4,6,1.0,0
2024-03-08 17:00,370.4,6,1.0,0
2024-03-08 18:00,370.4,6,1.0,0
2024-03-08 19:00,370.4,6,1.0,0
2024-03-08 20:00,370.4,6,1.0,0
2024-03-08 21:00,370.4,6,1.0,0
2024-03-08 22:00,370.6,6,1.0,0
2024-03-08 23:00,370.6,6,1.0,0
2024-03-09 00:00,370.6,6,1.0,0
2024-03-09 01:00,371.6,6,1.0,0
2024-03-09 02:00,371.8,6,1.0,0
2024-03-09 03:00,371.8,6,1.0,0
2024-03-09 04:00,372.0,6,1.0,0
2024-03-09 05:00,372.0,6,1.0,0
2024-03-09 06:00,372.0,6,1.0,0
2024-03-09 07:00,372.6,6,1.0,0
2024-03-09 08:00,379.0,6,1.0,0
2024-03-09 09:00,379.4,6,1.0,0
2024-03-09 10:00,379.4,6,1.0,0
2024-03-09 11:00,381.4,6,1.0,0
2024-03-09 12:00,381.4,6,1.0,0
2024-03-09 13:00,381.6,6,1.0,0
2024-03-09 14:00,381.6,6,1.0,0
2024-03-09 15:00,381.6,6,1.0,0
2024-03-09 16:00,382.0,6,1.0,0
2024-03-09 17:00,382.6,6,1.0,0
2024-03-09 18:00,382.6,6,1.0,0
2024-03-09 19:00,382.6,6,1.0,0
2024-03-09 20:00,382.6,6,1.0,0
2024-03-09 21:00,382.6,6,1.0,0
2024-03-09 22:00,382.6,6,1.0,0
2024-03-09 23:00,382.6,6,1.0,0
2024-03-10 00:00,382.6,6,1.0,0
2024-03-10 01:00,382.6,6,1.0,0
2024-03-10 02:00,382.6,6,1.0,0
2024-03-10 03:00,382.6,6,1.0,0
2024-03-10 04:00,382.6,6,1.0,0
2024-03-10 05:00,382.6,6,1.0,0
2024-03-10 06:00,382.6,6,1.0,0
2024-03-10 07:00,382.6,6,1.0,0
2024-03-10 08:00,382.6,6,1.0,0
2024-03-10 09:00,382.6,6,1.0,0
2024-03-10 10:00,382.6,6,1.0,0
2024-03-10 11:00,382.6,6,1.0,0
2024-03-10 12:00,382.6,6,1.0,0
2024-03-10 13:00,382.6,6,1.0,0
2024-03-10 14:00,382.6,6,1.0,0
2024-03-10 15:00,382.6,6,1.0,0
2024-03-10 16:00,382.6,6,1.0,0
2024-03-10 17:00,382.6,6,1.0,0
2024-03-10 18:00,382.8,6,1.0,0
2024-03-10 19:00,382.8,6,1.0,0
2024-03-10 20:00,382.8,6,1.0,0
2024-03-10 21:00,382.8,6,1.0,0
2024-03-10 22:00,382.8,6,1.0,0
2024-03-10 23:00,385.4,6,1.0,0
2024-03-11 00:00,388.8,6,1.0,0
2024-03-11 01:00,389.0,6,1.0,0
2024-03-11 02:00,390.0,6,1.0,0
2024-03-11 03:00,390.6,6,1.0,0
2024-03-11 04:00,391.6,6,1.0,0
2024-03-11 05:00,391.8,6,1.0,0
2024-03-11 06:00,398.0,6,1.0,0
2024-03-11 07:00,400.6,6,1.0,0
2024-03-11 08:00,401.2,6,1.0,0
2024-03-11 09:00,401.2,6,1.0,0
2024-03-11 10:00,401.2,6,1.0,0
2024-03-11 11:00,401.2,6,1.0,0
2024-03-11 12:00,401.2,6,1.0,0
2024-03-11 13:00,405.4,6,1.0,0
2024-03-11 14:00,405.4,6,1.0,0
2024-03-11 15:00,405.6,6,1.0,0
2024-03-11 16:00,409.6,6,1.0,0
2024-03-11 17:00,412.8,6,1.0,0
2024-03-11 18:00,415.6,6,1.0,0
2024-03-11 19:00,415.6,6,1.0,0
2024-03-11 20:00,416.0,6,1.0,0
2024-03-11 21:00,419.4,6,1.0,0
2024-03-11 22:00,424.0,6,1.0,0
2024-03-11 23:00,425.0,6,1.0,0
2024-03-12 00:00,425.0,6,1.0,0
2024-03-12 01:00,425.0,6,1.0,0
2024-03-12 02:00,425.0,6,1.0,0
2024-03-12 03:00,425.0,6,1.0,0
2024-03-12 04:00,425.0,6,1.0,0
2024-03-12 05:00,425.0,6,1.0,0
2024-03-12 06:00,425.4,6,1.0,0
2024-03-12 07:00,426.2,6,1.0,0
2024-03-12 08:00,426.2,6,1.0,0
2024-03-12 09:00,426.2,6,1.0,0
2024-03-12 10:00,426.2,6,1.0,0
2024-03-12 11:00,426.2,6,1.0,0
2024-03-12 12:00,426.2,6,1.0,0
2024-03-12 13:00,426.2,6,1.0,0
2024-03-12 14:00,426.2,6,1.0,0
2024-03-12 15:00,426.2,6,1.0,0
2024-03-12 16:00,427.4,6,1.0,0
2024-03-12 17:00,429.8,6,1.0,0
2024-03-12 18:00,429.8,6,1.0,0
2024-03-12 19:00,429.8,6,1.0,0
2024-03-12 20:00,429.8,6,1.0,0
2024-03-12 21:00,429.8,6,1.0,0
2024-03-12 22:00,429.8,6,1.0,0
2024-03-12 23:00,429.8,6,1.0,0
2024-03-13 00:00,429.8,6,1.0,0
2024-03-13 01:00,429.8,6,1.0,0
2024-03-13 02:00,429.8,6,1.0,0
2024-03-13 03:00,429.8,6,1.0,0
2024-03-13 04:00,429.8,6,1.0,0
2024-03-13 05:00,429.8,6,1.0,0
2024-03-13 06:00,429.8,6,1.0,0
2024-03-13 07:00,429.8,6,1.0,0
2024-03-13 08:00,429.8,6,1.0,0
2024-03-13 09:00,429.8,6,1.0,0
2024-03-13 10:00,429.8,6,1.0,0
2024-03-13 11:00,429.8,6,1.0,0
2024-03-13 12:00,429.8,6,1.0,0
2024-03-13 13:00,429.8,6,1.0,0
2024-03-13 14:00,429.8,6,1.0,0
2024-03-13 15:00,429.8,6,1.0,0
2024-03-13 16:00,429.8,6,1.0,0
2024-03-13 17:00,430.4,6,1.0,0
2024-03-13 18:00,430.4,6,1.0,0
2024-03-13 19:00,430.4,6,1.0,0
2024-03-13 20:00,430.4,6,1.0,0
2024-03-13 21:00,430.4,6,1.0,0
2024-03-13 22:00,430.4,6,1.0,0
2024-03-13 23:00,430.4,6,1.0,0
2024-03-14 00:00,430.4,6,1.0,0
2024-03-14 01:00,430.4,6,1.0,0
2024-03-14 02:00,430.4,6,1.0,0
2024-03-14 03:00,430.4,6,1.0,0
2024-03-14 04:00,430.4,6,1.0,0
2024-03-14 05:00,430.4,6,1.0,0
2024-03-14 06:00,430.4,6,1.0,0
2024-03-14 07:00,430.4,6,1.0,0
2024-03-14 08:00,430.4,6,1.0,0
2024-03-14 09:00,430.4,6,1.0,0
2024-03-14 10:00,430.4,6,1.0,0
2024-03-14 11:00,430.4,6,1.0,0
2024-03-14 12:00,430.4,6,1.0,0
2024-03-14 13:00,430.4,6,1.0,0
2024-03-14 14:00,430.4,6,1.0,0
2024-03-14 15:00,430.4,6,1.0,0
2024-03-14 16:00,430.4,6,1.0,0
2024-03-14 17:00,430.4,6,1.0,0
2024-03-14 18:00,430.4,6,1.0,0
2024-03-14 19:00,430.4,6,1.0,0
2024-03-14 20:00,430.4,6,1.0,0
2024-03-14 21:00,430.4,6,1.0,0
2024-03-14 22:00,430.4,6,1.0,0
2024-03-14 23:00,430.4,6,1.0,0
2024-03-15 00:00,430.4,6,1.0,0
2024-03-15 01:00,430.4,6,1.0,0
2024-03-15 02:00,430.4,6,1.0,0
2024-03-15 03:00,430.4,6,1.0,0
2024-03-15 04:00,430.4,6,1.0,0
2024-03-15 05:00,430.4,6,1.0,0
2024-03-15 06:00,430.4,6,1.0,0
2024-03-15 07:00,430.4,6,1.0,0
2024-03-15 08:00,430.4,6,1.0,0
2024-03-15 09:00,430.4,6,1.0,0
2024-03-15 10:00,430.4,6,1.0,0
2024-03-15 11:00,430.4,6,1.0,0
2024-03-15 12:00,430.4,6,1.0,0
2024-03-15 13:00,430.4,6,1.0,0
2024-03-15 14:00,430.4,6,1.0,0
2024-03-15 15:00,430.4,6,1.0,0
2024-03-15 16:00,430.4,6,1.0,0
2024-03-15 17:00,430.4,6,1.0,0
2024-03-15 18:00,430.4,6,1.0,0
2024-03-15 19:00,430.4,6,1.0,0
2024-03-15 20:00,430.4,6,1.0,0
2024-03-15 21:00,430.4,6,1.0,0
2024-03-15 22:00,430.4,6,1.0,0
2024-03-15 23:00,430.4,6,1.0,0
2024-03-16 00:00,430.4,6,1.0,0
2024-03-16 01:00,430.4,6,1.0,0
2024-03-16 02:00,430.4,6,1.0,0
2024-03-16 03:00,430.4,6,1.0,0
2024-03-16 04:00,430.4,6,1.0,0
2024-03-16 05:00,430.4,6,1.0,0
2024-03-16 06:00,430.4,6,1.0,0
2024-03-16 07:00,430.4,6,1.0,0
2024-03-16 08:00,430.6,6,1.0,0
2024-03-16 09:00,431.2,6,1.0,0
2024-03-16 10:00,432.0,6,1.0,0
2024-03-16 11:00,432.0,6,1.0,0
2024-03-16 12:00,432.0,6,1.0,0
2024-03-16 13:00,432.0,6,1.0,0
2024-03-16 14:00,432.0,6,1.0,0
2024-03-16 15:00,432.0,6,1.0,0
2024-03-16 16:00,432.0,6,1.0,0
2024-03-16 17:00,432.0,6,1.0,0
2024-03-16 18:00,432.0,6,1.0,0
2024-03-16 19:00,432.0,6,1.0,0
2024-03-16 20:00,432.0,6,1.0,0
2024-03-16 21:00,432.0,6,1.0,0
2024-03-16 22:00,432.0,6,1.0,0
2024-03-16 23:00,432.0,6,1.0,0
2024-03-17 00:00,432.0,6,1.0,0
2024-03-17 01:00,432.0,6,1.0,0
2024-03-17 02:00,432.0,6,1.0,0
2024-03-17 03:00,432.0,6,1.0,0
2024-03-17 04:00,432.0,6,1.0,0
2024-03-17 05:00,432.0,6,1.0,0
2024-03-17 06:00,432.0,6,1.0,0
2024-03-17 07:00,432.0,6,1.0,0
2024-03-17 08:00,432.0,6,1.0,0
2024-03-17 09:00,432.0,6,1.0,0
2024-03-17 10:00,432.0,6,1.0,0
2024-03-17 11:00,432.0,6,1.0,0
2024-03-17 12:00,432.0,6,1.0,0
2024-03-17 13:00,432.0,6,1.0,0
2024-03-17 14:00,432.0,6,1.0,0
2024-03-17 15:00,432.0,6,1.0,0
2024-03-17 16:00,432.0,6,1.0,0
2024-03-17 17:00,432.0,6,1.0,0
2024-03-17 18:00,432.0,6,1.0,0
2024-03-17 19:00,432.0,6,1.0,0
2024-03-17 20:00,432.0,6,1.0,0
2024-03-17 21:00,432.0,6,1.0,0
2024-03-17 22:00,432.0,6,1.0,0
2024-03-17 23:00,432.0,6,1.0,0
2024-03-18 00:00,432.0,6,1.0,0
2024-03-18 01:00,432.0,6,1.0,0
2024-03-18 02:00,432.0,6,1.0,0
2024-03-18 03:00,432.0,6,1.0,0
2024-03-18 04:00,432.0,6,1.0,0
2024-03-18 05:00,432.0,6,1.0,0
2024-03-18 06:00,432.0,6,1.0,0
2024-03-18 07:00,432.0,6,1.0,0
2024-03-18 08:00,432.0,6,1.0,0
2024-03-18 09:00,432.0,6,1.0,0
2024-03-18 10:00,432.0,6,1.0,0
2024-03-18 11:00,432.0,6,1.0,0
2024-03-18 12:00,432.0,6,1.0,0
2024-03-18 13:00,432.0,6,1.0,0
2024-03-18 14:00,432.0,6,1.0,0
2024-03-18 15:00,432.0,6,1.0,0
2024-03-18 16:00,432.0,6,1.0,0
2024-03-18 17:00,432.0,6,1.0,0
2024-03-18 18:00,432.0,6,1.0,0
2024-03-18 19:00,432.0,6,1.0,0
2024-03-18 20:00,432.0,6,1.0,0
2024-03-18 21:00,432.0,6,1.0,0
2024-03-18 22:00,433.2,6,1.0,0
2024-03-18 23:00,433.2,6,1.0,0
2024-03-19 00:00,433.2,6,1.0,0
2024-03-19 01:00,433.2,6,1.0,0
2024-03-19 02:00,433.2,6,1.0,0
2024-03-19 03:00,433.2,6,1.0,0
2024-03-19 04:00,433.2,6,1.0,0
2024-03-19 05:00,433.2,6,1.0,0
2024-03-19 06:00,433.2,6,1.0,0
2024-03-19 07:00,433.2,5,0.833,0
2024-03-21 00:00,433.2,6,1.0,1
2024-03-21 01:00,433.2,6,1.0,1
2024-03-21 02:00,433.2,6,1.0,1
2024-03-21 03:00,433.2,6,1.0,1
2024-03-21 04:00,433.2,6,1.0,1
2024-03-21 05:00,433.2,6,1.0,1
2024-03-21 06:00,433.2,6,1.0,1
2024-03-21 07:00,433.2,6,1.0,1
2024-03-21 08:00,433.2,6,1.0,1
2024-03-21 09:00,433.2,6,1.0,1
2024-03-21 10:00,433.2,6,1.0,1
2024-03-21 11:00,433.2,6,1.0,1
2024-03-21 12:00,433.2,6,1.0,1
2024-03-21 13:00,433.2,6,1.0,1
2024-03-21 14:00,433.2,6,1.0,1
2024-03-21 15:00,433.2,6,1.0,1
2024-03-21 16:00,433.2,6,1.0,1
2024-03-21 17:00,433.2,6,1.0,1
2024-03-21 18:00,433.2,6,1.0,1
2024-03-21 19:00,433.2,6,1.0,1
2024-03-21 20:00,433.2,6,1.0,1
2024-03-21 21:00,433.2,6,1.0,1
2024-03-21 22:00,433.2,6,1.0,1
2024-03-21 23:00,433.2,6,1.0,1
2024-03-22 00:00,433.2,6,1.0,1
2024-03-22 01:00,433.2,6,1.0,1
2024-03-22 02:00,433.2,6,1.0,1
2024-03-22 03:00,433.2,6,1.0,1
2024-03-22 04:00,433.2,6,1.0,1
2024-03-22 05:00,433.2,6,1.0,1
2024-03-22 06:00,433.2,6,1.0,1
2024-03-22 07:00,433.2,6,1.0,1
2024-03-22 08:00,433.2,6,1.0,1
2024-03-22 09:00,433.2,6,1.0,1
2024-03-22 10:00,433.2,6,1.0,1
2024-03-22 11:00,433.2,6,1.0,1
2024-03-22 12:00,433.2,6,1.0,1
2024-03-22 13:00,433.2,6,1.0,1
2024-03-22 14:00,433.2,6,1.0,1
2024-03-22 15:00,433.2,6,1.0,1
2024-03-22 16:00,433.2,6,1.0,1
2024-03-22 17:00,433.2,6,1.0,1
2024-03-22 18:00,433.2,6,1.0,1
2024-03-22 19:00,433.2,6,1.0,1
2024-03-22 20:00,433.2,6,1.0,1
2024-03-22 21:00,433.2,6,1.0,1
2024-03-22 22:00,433.2,6,1.0,1
2024-03-22 23:00,433.2,6,1.0,1
2024-03-23 00:00,433.2,6,1.0,1
2024-03-23 01:00,433.2,6,1.0,1
2024-03-23 02:00,433.2,6,1.0,1
2024-03-23 03:00,433.2,6,1.0,1
2024-03-23 04:00,433.2,6,1.0,1
2024-03-23 05:00,433.2,6,1.0,1
2024-03-23 06:00,433.2,6,1.0,1
2024-03-23 07:00,433.2,6,1.0,1
2024-03-23 08:00,433.2,6,1.0,1
2024-03-23 09:00,433.2,6,1.0,1
2024-03-23 10:00,433.2,6,1.0,1
2024-03-23 11:00,433.2,6,1.0,1
2024-03-23 12:00,433.2,6,1.0,1
2024-03-23 13:00,433.2,6,1.0,1
2024-03-23 14:00,433.2,6,1.0,1
2024-03-23 15:00,433.2,6,1.0,1
2024-03-23 16:00,433.2,6,1.0,1
2024-03-23 17:00,433.2,6,1.0,1
2024-03-23 18:00,433.2,6,1.0,1
2024-03-23 19:00,433.2,6,1.0,1
2024-03-23 20:00,433.2,6,1.0,1
2024-03-23 21:00,433.2,6,1.0,1
2024-03-23 22:00,433.2,6,1.0,1
2024-03-23 23:00,433.2,6,1.0,1
2024-03-24 00:00,433.2,6,1.0,1
2024-03-24 01:00,433.2,6,1.0,1
2024-03-24 02:00,433.2,6,1.0,1
2024-03-24 03:00,433.2,6,1.0,1
2024-03-24 04:00,433.2,6,1.0,1
2024-03-24 05:00,433.2,6,1.0,1
2024-03-24 06:00,433.2,6,1.0,1
2024-03-24 07:00,433.2,6,1.0,1
2024-03-24 08:00,433.2,6,1.0,1
2024-03-24 09:00,433.2,6,1.0,1
2024-03-24 10:00,433.2,6,1.0,1
2024-03-24 11:00,433.2,6,1.0,1
2024-03-24 12:00,433.2,6,1.0,1
2024-03-24 13:00,433.2,6,1.0,1
2024-03-24 14:00,433.2,6,1.0,1
2024-03-24 15:00,433.2,6,1.0,1
2024-03-24 16:00,433.2,6,1.0,1
2024-03-24 17:00,433.2,6,1.0,1
2024-03-24 18:00,433.2,6,1.0,1
2024-03-24 19:00,433.2,6,1.0,1
2024-03-24 20:00,433.2,6,1.0,1
2024-03-24 21:00,433.2,6,1.0,1
2024-03-24 22:00,433.2,6,1.0,1
2024-03-24 23:00,433.2,6,1.0,1
2024-03-25 00:00,433.2,6,1.0,1
2024-03-25 01:00,433.2,6,1.0,1
2024-03-25 02:00,433.2,6,1.0,1
2024-03-25 03:00,433.2,6,1.0,1
2024-03-25 04:00,433.2,6,1.0,1
2024-03-25 05:00,433.2,6,1.0,1
2024-03-25 06:00,433.2,6,1.0,1
2024-03-25 07:00,433.2,6,1.0,1
2024-03-25 08:00,433.2,6,1.0,1
2024-03-25 09:00,433.2,6,1.0,1
2024-03-25 10:00,433.2,6,1.0,1
2024-03-25 11:00,433.2,6,1.0,1
2024-03-25 12:00,433.2,6,1.0,1
2024-03-25 13:00,433.2,6,1.0,1
2024-03-25 14:00,433.2,6,1.0,1
2024-03-25 15:00,433.2,6,1.0,1
2024-03-25 16:00,433.2,6,1.0,1
2024-03-25 17:00,433.2,6,1.0,1
2024-03-25 18:00,433.2,6,1.0,1
2024-03-25 19:00,433.2,6,1.0,1
2024-03-25 20:00,433.2,6,1.0,1
2024-03-25 21:00,433.2,6,1.0,1
2024-03-25 22:00,433.2,6,1.0,1
2024-03-25 23:00,433.2,6,1.0,1
2024-03-26 00:00,433.2,6,1.0,1
2024-03-26 01:00,433.2,6,1.0,1
2024-03-26 02:00,433.2,6,1.0,1
2024-03-26 03:00,433.2,6,1.0,1
2024-03-26 04:00,433.2,6,1.0,1
2024-03-26 05:00,433.2,6,1.0,1
2024-03-26 06:00,433.2,6,1.0,1
2024-03-26 07:00,433.2,6,1.0,1
2024-03-26 08:00,433.2,6,1.0,1
2024-03-26 09:00,433.4,6,1.0,1
2024-03-26 10:00,433.8,6,1.0,1
2024-03-26 11:00,433.8,6,1.0,1
2024-03-26 12:00,434.6,6,1.0,1
2024-03-26 13:00,435.2,6,1.0,1
2024-03-26 14:00,435.8,6,1.0,1
2024-03-26 15:00,435.8,6,1.0,1
2024-03-26 16:00,436.6,6,1.0,1
2024-03-26 17:00,437.0,6,1.0,1
2024-03-26 18:00,437.0,6,1.0,1
2024-03-26 19:00,437.0,6,1.0,1
2024-03-26 20:00,437.0,6,1.0,1
2024-03-26 21:00,437.0,6,1.0,1
2024-03-26 22:00,437.0,6,1.0,1
2024-03-26 23:00,437.0,6,1.0,1
2024-03-27 00:00,437.0,6,1.0,1
2024-03-27 01:00,437.0,6,1.0,1
2024-03-27 02:00,437.0,6,1.0,1
2024-03-27 03:00,437.0,6,1.0,1
2024-03-27 04:00,437.2,6,1.0,1
2024-03-27 05:00,437.2,6,1.0,1
2024-03-27 06:00,437.2,6,1.0,1
2024-03-27 07:00,437.2,6,1.0,1
2024-03-27 08:00,437.2,6,1.0,1
2024-03-27 09:00,437.2,6,1.0,1
2024-03-27 10:00,437.2,6,1.0,1
2024-03-27 11:00,437.2,6,1.0,1
2024-03-27 12:00,437.2,6,1.0,1
2024-03-27 13:00,437.4,6,1.0,1
2024-03-27 14:00,438.8,6,1.0,1
2024-03-27 15:00,443.2,6,1.0,1
2024-03-27 16:00,447.2,6,1.0,1
2024-03-27 17:00,448.2,6,1.0,1
2024-03-27 18:00,448.6,6,1.0,1
2024-03-27 19:00,448.6,6,1.0,1
2024-03-27 20:00,448.6,6,1.0,1
2024-03-27 21:00,448.6,6,1.0,1
2024-03-27 22:00,448.6,6,1.0,1
2024-03-27 23:00,448.6,6,1.0,1
2024-03-28 00:00,448.6,6,1.0,1
2024-03-28 01:00,448.6,6,1.0,1
2024-03-28 02:00,448.6,6,1.0,1
2024-03-28 03:00,448.6,6,1.0,1
2024-03-28 04:00,448.6,6,1.0,1
2024-03-28 05:00,448.6,6,1.0,1
2024-03-28 06:00,448.6,6,1.0,1
2024-03-28 07:00,448.6,6,1.0,1
2024-03-28 08:00,448.6,6,1.0,1
2024-03-28 09:00,448.6,6,1.0,1
2024-03-28 10:00,448.6,6,1.0,1
2024-03-28 11:00,448.6,6,1.0,1
2024-03-28 12:00,448.6,6,1.0,1
2024-03-28 13:00,448.6,6,1.0,1
2024-03-28 14:00,448.6,6,1.0,1
2024-03-28 15:00,448.6,6,1.0,1
2024-03-28 16:00,448.6,6,1.0,1
2024-03-28 17:00,448.6,6,1.0,1
2024-03-28 18:00,448.6,6,1.0,1
2024-03-28 19:00,448.6,6,1.0,1
2024-03-28 20:00,448.6,6,1.0,1
2024-03-28 21:00,448.6,6,1.0,1
2024-03-28 22:00,448.6,6,1.0,1
2024-03-28 23:00,448.6,6,1.0,1
2024-03-29 00:00,448.6,6,1.0,1
2024-03-29 01:00,448.6,6,1.0,1
2024-03-29 02:00,448.6,6,1.0,1
2024-03-29 03:00,448.6,6,1.0,1
2024-03-29 04:00,448.6,6,1.0,1
2024-03-29 05:00,448.6,6,1.0,1
2024-03-29 06:00,448.6,6,1.0,1
2024-03-29 07:00,448.6,6,1.0,1
2024-03-29 08:00,448.6,6,1.0,1
2024-03-29 09:00,448.6,6,1.0,1
2024-03-29 10:00,448.6,6,1.0,1
2024-03-29 11:00,448.6,6,1.0,1
2024-03-29 12:00,448.6,6,1.0,1
2024-03-29 13:00,448.6,6,1.0,1
2024-03-29 14:00,448.6,6,1.0,1
2024-03-29 15:00,448.6,6,1.0,1
2024-03-29 16:00,448.6,6,1.0,1
2024-03-29 17:00,448.6,6,1.0,1
2024-03-29 18:00,448.6,6,1.0,1
2024-03-29 19:00,448.6,6,1.0,1
2024-03-29 20:00,448.6,6,1.0,1
2024-03-29 21:00,448.6,6,1.0,1
2024-03-29 22:00,448.6,6,1.0,1
2024-03-29 23:00,448.6,6,1.0,1
2024-03-30 00:00,448.6,6,1.0,1
2024-03-30 01:00,448.6,6,1.0,1
2024-03-30 02:00,448.6,6,1.0,1
2024-03-30 03:00,448.6,6,1.0,1
2024-03-30 04:00,448.6,6,1.0,1
2024-03-30 05:00,448.6,6,1.0,1
2024-03-30 06:00,448.6,6,1.0,1
2024-03-30 07:00,448.6,6,1.0,1
2024-03-30 08:00,448.6,6,1.0,1
2024-03-30 09:00,448.6,6,1.0,1
2024-03-30 10:00,448.6,6,1.0,1
2024-03-30 11:00,448.6,6,1.0,1
2024-03-30 12:00,448.6,6,1.0,1
2024-03-30 13:00,448.6,6,1.0,1
2024-03-30 14:00,448.6,6,1.0,1
2024-03-30 15:00,448.6,6,1.0,1
2024-03-30 16:00,448.6,6,1.0,1
2024-03-30 17:00,448.6,6,1.0,1
2024-03-30 18:00,448.6,6,1.0,1
2024-03-30 19:00,448.6,6,1.0,1
2024-03-30 20:00,448.6,6,1.0,1
2024-03-30 21:00,448.6,6,1.0,1
2024-03-30 22:00,448.6,6,1.0,1
2024-03-30 23:00,448.6,6,1.0,1
2024-03-31 00:00,448.6,6,1.0,1
2024-03-31 01:00,448.6,5,0.833,1
2024-03-31 02:00,448.6,1,0.167,1
2024-03-31 03:00,448.6,6,1.0,1
2024-03-31 04:00,448.6,6,1.0,1
2024-03-31 05:00,448.6,6,1.0,1
2024-03-31 06:00,448.6,6,1.0,1
2024-03-31 07:00,448.6,6,1.0,1
2024-03-31 08:00,448.6,6,1.0,1
2024-03-31 09:00,448.6,6,1.0,1
2024-03-31 10:00,448.6,6,1.0,1
2024-03-31 11:00,448.6,6,1.0,1
2024-03-31 12:00,448.6,6,1.0,1
2024-03-31 13:00,448.6,6,1.0,1
2024-03-31 14:00,448.6,6,1.0,1
2024-03-31 15:00,448.6,6,1.0,1
2024-03-31 16:00,448.6,6,1.0,1
2024-03-31 17:00,448.6,6,1.0,1
2024-03-31 18:00,448.6,6,1.0,1
2024-03-31 19:00,448.6,6,1.0,1
2024-03-31 20:00,448.6,6,1.0,1
2024-03-31 21:00,448.6,6,1.0,1
2024-03-31 22:00,448.6,6,1.0,1
2024-03-31 23:00,448.6,6,1.0,1
2024-04-01 00:00,448.6,6,1.0,1
2024-04-01 01:00,448.6,6,1.0,1
2024-04-01 02:00,448.6,6,1.0,1
2024-04-01 03:00,448.6,6,1.0,1
2024-04-01 04:00,448.6,6,1.0,1
2024-04-01 05:00,448.6,6,1.0,1
2024-04-01 06:00,448.6,6,1.0,1
2024-04-01 07:00,448.6,6,1.0,1
2024-04-01 08:00,448.6,6,1.0,1
2024-04-01 09:00,448.6,6,1.0,1
2024-04-01 10:00,448.6,6,1.0,1
2024-04-01 11:00,448.6,6,1.0,1
2024-04-01 12:00,448.6,6,1.0,1
2024-04-01 13:00,448.6,6,1.0,1
2024-04-01 14:00,448.6,6,1.0,1
2024-04-01 15:00,448.6,6,1.0,1
2024-04-01 16:00,448.6,6,1.0,1
2024-04-01 17:00,448.6,6,1.0,1
2024-04-01 18:00,448.6,6,1.0,1
2024-04-01 19:00,449.0,6,1.0,1
2024-04-01 20:00,450.0,6,1.0,1
2024-04-01 21:00,450.0,6,1.0,1
2024-04-01 22:00,450.0,6,1.0,1
2024-04-01 23:00,450.0,6,1.0,1
2024-04-02 00:00,450.0,6,1.0,1
2024-04-02 01:00,450.0,6,1.0,1
2024-04-02 02:00,450.0,6,1.0,1
2024-04-02 03:00,450.0,6,1.0,1
2024-04-02 04:00,450.0,6,1.0,1
2024-04-02 05:00,450.0,6,1.0,1
2024-04-02 06:00,450.0,6,1.0,1
2024-04-02 07:00,450.0,6,1.0,1
2024-04-02 08:00,450.0,6,1.0,1
2024-04-02 09:00,450.0,6,1.0,1
2024-04-02 10:00,450.0,6,1.0,1
2024-04-02 11:00,450.0,6,1.0,1
2024-04-02 12:00,450.0,6,1.0,1
2024-04-02 13:00,450.0,6,1.0,1
2024-04-02 14:00,450.0,6,1.0,1
2024-04-02 15:00,450.0,6,1.0,1
2024-04-02 16:00,450.0,6,1.0,1
2024-04-02 17:00,450.0,6,1.0,1
2024-04-02 18:00,450.0,6,1.0,1
2024-04-02 19:00,450.0,6,1.0,1
2024-04-02 20:00,450.0,6,1.0,1
2024-04-02 21:00,450.0,6,1.0,1
2024-04-02 22:00,450.0,6,1.0,1
2024-04-02 23:00,450.0,6,1.0,1
2024-04-03 00:00,450.0,6,1.0,1
2024-04-03 01:00,450.0,6,1.0,1
2024-04-03 02:00,450.0,6,1.0,1
2024-04-03 03:00,450.0,6,1.0,1
2024-04-03 04:00,450.0,6,1.0,1
2024-04-03 05:00,450.0,6,1.0,1
2024-04-03 06:00,450.0,6,1.0,1
2024-04-03 07:00,450.0,6,1.0,1
2024-04-03 08:00,450.0,6,1.0,1
2024-04-03 09:00,450.0,6,1.0,1
2024-04-03 10:00,450.0,6,1.0,1
2024-04-03 11:00,450.0,6,1.0,1
2024-04-03 12:00,450.0,6,1.0,1
2024-04-03 13:00,450.0,6,1.0,1
2024-04-03 14:00,450.0,6,1.0,1
2024-04-03 15:00,450.0,6,1.0,1
2024-04-03 16:00,450.0,6,1.0,1
2024-04-03 17:00,450.0,6,1.0,1
2024-04-03 18:00,450.0,6,1.0,1
2024-04-03 19:00,450.0,6,1.0,1
2024-04-03 20:00,450.0,6,1.0,1
2024-04-03 21:00,450.0,6,1.0,1
2024-04-03 22:00,450.0,6,1.0,1
2024-04-03 23:00,450.0,6,1.0,1
2024-04-04 00:00,450.0,6,1.0,1
2024-04-04 01:00,450.0,6,1.0,1
2024-04-04 02:00,450.0,6,1.0,1
2024-04-04 03:00,450.0,6,1.0,1
2024-04-04 04:00,450.0,6,1.0,1
2024-04-04 05:00,450.0,6,1.0,1
2024-04-04 06:00,450.0,6,1.0,1
2024-04-04 07:00,450.0,6,1.0,1
2024-04-04 08:00,450.0,6,1.0,1
2024-04-04 09:00,450.0,6,1.0,1
2024-04-04 10:00,450.0,6,1.0,1
2024-04-04 11:00,450.0,6,1.0,1
2024-04-04 12:00,450.0,6,1.0,1
2024-04-04 13:00,450.0,5,0.833,1
2024-04-04 14:00,450.0,5,0.833,1
2024-04-04 15:00,450.0,6,1.0,1
2024-04-04 16:00,450.0,6,1.0,1
2024-04-04 17:00,450.0,6,1.0,1
2024-04-04 18:00,450.0,6,1.0,1
2024-04-04 19:00,450.0,6,1.0,1
2024-04-04 20:00,450.0,6,1.0,1
2024-04-04 21:00,450.0,6,1.0,1
2024-04-04 22:00,450.0,6,1.0,1
2024-04-04 23:00,450.0,6,1.0,1
2024-04-05 00:00,450.0,6,1.0,1
2024-04-05 01:00,450.0,6,1.0,1
2024-04-05 02:00,450.0,6,1.0,1
2024-04-05 03:00,450.0,6,1.0,1
2024-04-05 04:00,450.0,6,1.0,1
2024-04-05 05:00,450.0,6,1.0,1
2024-04-05 06:00,450.0,6,1.0,1
2024-04-05 07:00,450.0,6,1.0,1
2024-04-05 08:00,450.0,6,1.0,1
2024-04-05 09:00,450.0,6,1.0,1
2024-04-05 10:00,450.0,6,1.0,1
2024-04-05 11:00,450.0,6,1.0,1
2024-04-05 12:00,450.0,6,1.0,1
2024-04-05 13:00,450.0,6,1.0,1
2024-04-05 14:00,450.0,6,1.0,1
2024-04-05 15:00,450.0,6,1.0,1
2024-04-05 16:00,450.0,6,1.0,1
2024-04-05 17:00,450.0,6,1.0,1
2024-04-05 18:00,450.0,6,1.0,1
2024-04-05 19:00,450.0,6,1.0,1
2024-04-05 20:00,450.0,6,1.0,1
2024-04-05 21:00,450.0,6,1.0,1
2024-04-05 22:00,450.0,6,1.0,1
2024-04-05 23:00,450.0,6,1.0,1
2024-04-06 00:00,450.0,6,1.0,1
2024-04-06 01:00,450.0,6,1.0,1
2024-04-06 02:00,450.0,6,1.0,1
2024-04-06 03:00,450.0,6,1.0,1
2024-04-06 04:00,450.0,6,1.0,1
2024-04-06 05:00,450.0,6,1.0,1
2024-04-06 06:00,450.0,6,1.0,1
2024-04-06 07:00,450.0,6,1.0,1
2024-04-06 08:00,450.0,6,1.0,1
2024-04-06 09:00,450.0,6,1.0,1
2024-04-06 10:00,450.0,6,1.0,1
2024-04-06 11:00,450.0,6,1.0,1
2024-04-06 12:00,450.0,6,1.0,1
2024-04-06 13:00,450.0,6,1.0,1
2024-04-06 14:00,450.0,6,1.0,1
2024-04-06 15:00,450.0,6,1.0,1
2024-04-06 16:00,450.0,6,1.0,1
2024-04-06 17:00,450.0,6,1.0,1
2024-04-06 18:00,450.0,6,1.0,1
2024-04-06 19:00,450.0,6,1.0,1
2024-04-06 20:00,450.0,6,1.0,1
2024-04-06 21:00,450.0,6,1.0,1
2024-04-06 22:00,450.0,6,1.0,1
2024-04-06 23:00,450.0,6,1.0,1
2024-04-07 00:00,450.0,6,1.0,1
2024-04-07 01:00,450.0,6,1.0,1
2024-04-07 02:00,450.0,6,1.0,1
2024-04-07 03:00,450.0,6,1.0,1
2024-04-07 04:00,450.0,6,1.0,1
2024-04-07 05:00,450.0,6,1.0,1
2024-04-07 06:00,450.0,6,1.0,1
2024-04-07 07:00,450.0,6,1.0,1
2024-04-07 08:00,450.0,6,1.0,1
2024-04-07 09:00,450.0,6,1.0,1
2024-04-07 10:00,450.0,6,1.0,1
2024-04-07 11:00,450.0,6,1.0,1
2024-04-07 12:00,450.0,6,1.0,1
2024-04-07 13:00,450.0,6,1.0,1
2024-04-07 14:00,450.0,6,1.0,1
2024-04-07 15:00,450.0,6,1.0,1
2024-04-07 16:00,450.0,6,1.0,1
2024-04-07 17:00,450.0,6,1.0,1
2024-04-07 18:00,450.0,6,1.0,1
2024-04-07 19:00,450.0,6,1.0,1
2024-04-07 20:00,450.0,6,1.0,1
2024-04-07 21:00,450.0,6,1.0,1
2024-04-07 22:00,450.0,6,1.0,1
2024-04-07 23:00,450.0,6,1.0,1
2024-04-08 00:00,450.0,6,1.0,1
2024-04-08 01:00,450.0,6,1.0,1
2024-04-08 02:00,450.0,6,1.0,1
2024-04-08 03:00,450.0,6,1.0,1
2024-04-08 04:00,450.0,6,1.0,1
2024-04-08 05:00,450.0,6,1.0,1
2024-04-08 06:00,450.0,6,1.0,1
2024-04-08 07:00,450.0,6,1.0,1
2024-04-08 08:00,450.0,6,1.0,1
2024-04-08 09:00,450.0,6,1.0,1
2024-04-08 10:00,450.0,6,1.0,1
2024-04-08 11:00,450.0,6,1.0,1
2024-04-08 12:00,450.0,6,1.0,1
2024-04-08 13:00,450.0,6,1.0,1
2024-04-08 14:00,450.0,6,1.0,1
2024-04-08 15:00,450.0,6,1.0,1
2024-04-08 16:00,450.0,6,1.0,1
2024-04-08 17:00,450.0,6,1.0,1
2024-04-08 18:00,450.0,6,1.0,1
2024-04-08 19:00,450.0,6,1.0,1
2024-04-08 20:00,450.0,6,1.0,1
2024-04-08 21:00,450.0,6,1.0,1
2024-04-08 22:00,450.0,6,1.0,1
2024-04-08 23:00,450.0,6,1.0,1
2024-04-09 00:00,450.0,6,1.0,1
2024-04-09 01:00,450.0,6,1.0,1
2024-04-09 02:00,450.0,6,1.0,1
2024-04-09 03:00,450.0,6,1.0,1
2024-04-09 04:00,450.0,6,1.0,1
2024-04-09 05:00,450.0,6,1.0,1
2024-04-09 06:00,450.0,6,1.0,1
2024-04-09 07:00,450.0,6,1.0,1
2024-04-09 08:00,450.0,6,1.0,1
2024-04-09 09:00,450.0,6,1.0,1
2024-04-09 10:00,450.0,6,1.0,1
2024-04-09 11:00,450.0,6,1.0,1
2024-04-09 12:00,450.0,6,1.0,1
2024-04-09 13:00,450.0,6,1.0,1
2024-04-09 14:00,450.0,6,1.0,1
2024-04-09 15:00,450.0,6,1.0,1
2024-04-09 16:00,450.0,6,1.0,1
2024-04-09 17:00,450.0,6,1.0,1
2024-04-09 18:00,450.0,6,1.0,1
2024-04-09 19:00,450.0,6,1.0,1
2024-04-09 20:00,450.0,6,1.0,1
2024-04-09 21:00,450.0,6,1.0,1
2024-04-09 22:00,450.0,6,1.0,1
2024-04-09 23:00,450.0,6,1.0,1
2024-04-10 00:00,450.0,6,1.0,1
2024-04-10 01:00,450.0,6,1.0,1
2024-04-10 02:00,450.0,6,1.0,1
2024-04-10 03:00,450.0,6,1.0,1
2024-04-10 04:00,450.2,6,1.0,1
2024-04-10 05:00,450.8,6,1.0,1
2024-04-10 06:00,452.4,6,1.0,1
2024-04-10 07:00,452.4,6,1.0,1
2024-04-10 08:00,452.4,6,1.0,1
2024-04-10 09:00,452.4,6,1.0,1
2024-04-10 10:00,452.4,6,1.0,1
2024-04-10 11:00,452.4,6,1.0,1
2024-04-10 12:00,452.4,6,1.0,1
2024-04-10 13:00,452.4,6,1.0,1
2024-04-10 14:00,452.4,6,1.0,1
2024-04-10 15:00,452.4,6,1.0,1
2024-04-10 16:00,452.4,6,1.0,1
2024-04-10 17:00,452.4,6,1.0,1
2024-04-10 18:00,452.4,6,1.0,1
2024-04-10 19:00,452.4,6,1.0,1
2024-04-10 20:00,452.4,6,1.0,1
2024-04-10 21:00,452.4,6,1.0,1
2024-04-10 22:00,452.4,6,1.0,1
2024-04-10 23:00,452.4,6,1.0,1
2024-04-11 00:00,452.4,6,1.0,1
2024-04-11 01:00,452.4,6,1.0,1
2024-04-11 02:00,452.4,6,1.0,1
2024-04-11 03:00,452.4,6,1.0,1
2024-04-11 04:00,452.4,6,1.0,1
2024-04-11 05:00,452.4,6,1.0,1
2024-04-11 06:00,452.4,6,1.0,1
2024-04-11 07:00,452.4,6,1.0,1
2024-04-11 08:00,452.4,6,1.0,1
2024-04-11 09:00,452.4,6,1.0,1
2024-04-11 10:00,452.4,6,1.0,1
2024-04-11 11:00,452.4,6,1.0,1
2024-04-11 12:00,452.4,6,1.0,1
2024-04-11 13:00,452.4,6,1.0,1
2024-04-11 14:00,452.4,6,1.0,1
2024-04-11 15:00,452.4,6,1.0,1
2024-04-11 16:00,452.4,6,1.0,1
2024-04-11 17:00,452.4,6,1.0,1
2024-04-11 18:00,452.4,6,1.0,1
2024-04-11 19:00,452.4,6,1.0,1
2024-04-11 20:00,452.4,6,1.0,1
2024-04-11 21:00,452.4,6,1.0,1
2024-04-11 22:00,452.4,6,1.0,1
2024-04-11 23:00,452.4,6,1.0,1
2024-04-12 00:00,452.4,6,1.0,1
2024-04-12 01:00,452.4,6,1.0,1
2024-04-12 02:00,452.4,6,1.0,1
2024-04-12 03:00,452.4,6,1.0,1
2024-04-12 04:00,452.4,6,1.0,1
2024-04-12 05:00,452.4,6,1.0,1
2024-04-12 06:00,452.4,6,1.0,1
2024-04-12 07:00,452.4,6,1.0,1
2024-04-12 08:00,452.4,6,1.0,1
2024-04-12 09:00,452.4,6,1.0,1
2024-04-12 10:00,452.4,6,1.0,1
2024-04-12 11:00,452.4,6,1.0,1
2024-04-12 12:00,452.4,6,1.0,1
2024-04-12 13:00,452.4,6,1.0,1
2024-04-12 14:00,452.4,6,1.0,1
2024-04-12 15:00,452.4,6,1.0,1
2024-04-12 16:00,452.4,6,1.0,1
2024-04-12 17:00,452.4,6,1.0,1
2024-04-12 18:00,452.4,6,1.0,1
2024-04-12 19:00,452.4,6,1.0,1
2024-04-12 20:00,452.4,6,1.0,1
2024-04-12 21:00,452.4,6,1.0,1
2024-04-12 22:00,452.4,6,1.0,1
2024-04-12 23:00,452.4,6,1.0,1
2024-04-13 00:00,452.4,6,1.0,1
2024-04-13 01:00,452.4,6,1.0,1
2024-04-13 02:00,452.4,6,1.0,1
2024-04-13 03:00,452.4,6,1.0,1
2024-04-13 04:00,452.4,6,1.0,1
2024-04-13 05:00,452.4,6,1.0,1
2024-04-13 06:00,452.4,6,1.0,1
2024-04-13 07:00,452.4,6,1.0,1
2024-04-13 08:00,452.4,6,1.0,1
2024-04-13 09:00,452.4,6,1.0,1
2024-04-13 10:00,452.4,6,1.0,1
2024-04-13 11:00,452.4,6,1.0,1
2024-04-13 12:00,452.4,6,1.0,1
2024-04-13 13:00,452.4,6,1.0,1
2024-04-13 14:00,452.4,6,1.0,1
2024-04-13 15:00,452.4,6,1.0,1
2024-04-13 16:00,452.4,6,1.0,1
2024-04-13 17:00,452.4,6,1.0,1
2024-04-13 18:00,452.4,6,1.0,1
2024-04-13 19:00,452.4,6,1.0,1
2024-04-13 20:00,452.4,6,1.0,1
2024-04-13 21:00,452.4,6,1.0,1
2024-04-13 22:00,452.4,6,1.0,1
2024-04-13 23:00,452.4,6,1.0,1
2024-04-14 00:00,452.4,6,1.0,1
2024-04-14 01:00,452.4,6,1.0,1
2024-04-14 02:00,452.4,6,1.0,1
2024-04-14 03:00,452.4,6,1.0,1
2024-04-14 04:00,452.4,6,1.0,1
2024-04-14 05:00,452.4,6,1.0,1
2024-04-14 06:00,452.4,6,1.0,1
2024-04-14 07:00,452.4,6,1.0,1
2024-04-14 08:00,452.4,6,1.0,1
2024-04-14 09:00,452.4,6,1.0,1
2024-04-14 10:00,452.4,6,1.0,1
2024-04-14 11:00,452.4,6,1.0,1
2024-04-14 12:00,452.4,6,1.0,1
2024-04-14 13:00,452.4,6,1.0,1
2024-04-14 14:00,452.4,6,1.0,1
2024-04-14 15:00,452.4,6,1.0,1
2024-04-14 16:00,452.4,6,1.0,1
2024-04-14 17:00,452.4,6,1.0,1
2024-04-14 18:00,452.4,6,1.0,1
2024-04-14 19:00,452.4,6,1.0,1
2024-04-14 20:00,452.4,6,1.0,1
2024-04-14 21:00,452.4,6,1.0,1
2024-04-14 22:00,452.4,6,1.0,1
2024-04-14 23:00,452.4,6,1.0,1
2024-04-15 00:00,452.4,6,1.0,1
2024-04-15 01:00,452.4,6,1.0,1
2024-04-15 02:00,452.4,6,1.0,1
2024-04-15 03:00,452.4,6,1.0,1
2024-04-15 04:00,452.4,6,1.0,1
2024-04-15 05:00,452.4,6,1.0,1
2024-04-15 06:00,452.4,6,1.0,1
2024-04-15 07:00,452.4,6,1.0,1
2024-04-15 08:00,452.4,6,1.0,1
2024-04-15 09:00,452.4,6,1.0,1
2024-04-15 10:00,452.4,6,1.0,1
2024-04-15 11:00,452.4,6,1.0,1
2024-04-15 12:00,452.4,6,1.0,1
2024-04-15 13:00,452.4,6,1.0,1
2024-04-15 14:00,452.4,6,1.0,1
2024-04-15 15:00,452.4,6,1.0,1
2024-04-15 16:00,452.4,6,1.0,1
2024-04-15 17:00,452.4,6,1.0,1
2024-04-15 18:00,452.4,6,1.0,1
2024-04-15 19:00,452.4,6,1.0,1
2024-04-15 20:00,452.4,6,1.0,1
2024-04-15 21:00,452.4,6,1.0,1
2024-04-15 22:00,452.4,6,1.0,1
2024-04-15 23:00,452.4,6,1.0,1
2024-04-16 00:00,452.4,6,1.0,1
2024-04-16 01:00,452.4,6,1.0,1
2024-04-16 02:00,452.4,6,1.0,1
2024-04-16 03:00,452.4,6,1.0,1
2024-04-16 04:00,452.4,6,1.0,1
2024-04-16 05:00,452.4,6,1.0,1
2024-04-16 06:00,452.4,6,1.0,1
2024-04-16 07:00,452.4,6,1.0,1
2024-04-16 08:00,452.4,6,1.0,1
2024-04-16 09:00,452.4,6,1.0,1
2024-04-16 10:00,452.4,6,1.0,1
2024-04-16 11:00,452.4,6,1.0,1
2024-04-16 12:00,452.4,6,1.0,1
2024-04-16 13:00,452.4,6,1.0,1
2024-04-16 14:00,452.4,6,1.0,1
2024-04-16 15:00,452.4,6,1.0,1
2024-04-16 16:00,452.4,6,1.0,1
2024-04-16 17:00,452.6,6,1.0,1
2024-04-16 18:00,459.6,6,1.0,1
2024-04-16 19:00,470.0,6,1.0,1
2024-04-16 20:00,474.2,6,1.0,1
2024-04-16 21:00,474.8,6,1.0,1
2024-04-16 22:00,474.8,6,1.0,1
2024-04-16 23:00,474.8,6,1.0,1
2024-04-17 00:00,475.0,6,1.0,1
2024-04-17 01:00,475.0,6,1.0,1
2024-04-17 02:00,475.0,6,1.0,1
2024-04-17 03:00,475.2,6,1.0,1
2024-04-17 04:00,475.4,6,1.0,1
2024-04-17 05:00,476.4,6,1.0,1
2024-04-17 06:00,479.4,6,1.0,1
2024-04-17 07:00,484.4,6,1.0,1
2024-04-17 08:00,484.4,6,1.0,1
2024-04-17 09:00,484.4,6,1.0,1
2024-04-17 10:00,484.4,6,1.0,1
2024-04-17 11:00,484.4,6,1.0,1
2024-04-17 12:00,484.4,6,1.0,1
2024-04-17 13:00,484.4,6,1.0,1
2024-04-17 14:00,484.4,6,1.0,1
2024-04-17 15:00,484.4,6,1.0,1
2024-04-17 16:00,484.4,6,1.0,1
2024-04-17 17:00,484.4,6,1.0,1
2024-04-17 18:00,484.4,6,1.0,1
2024-04-17 19:00,484.4,6,1.0,1
2024-04-17 20:00,484.4,6,1.0,1
2024-04-17 21:00,484.4,6,1.0,1
2024-04-17 22:00,484.4,6,1.0,1
2024-04-17 23:00,484.4,6,1.0,1
2024-04-18 00:00,484.4,6,1.0,1
2024-04-18 01:00,484.4,6,1.0,1
2024-04-18 02:00,484.4,6,1.0,1
2024-04-18 03:00,484.4,6,1.0,1
2024-04-18 04:00,484.4,6,1.0,1
2024-04-18 05:00,484.4,6,1.0,1
2024-04-18 06:00,484.4,6,1.0,1
2024-04-18 07:00,484.4,6,1.0,1
2024-04-18 08:00,484.4,6,1.0,1
2024-04-18 09:00,484.4,6,1.0,1
2024-04-18 10:00,486.8,6,1.0,1
2024-04-18 11:00,487.4,6,1.0,1
2024-04-18 12:00,487.4,6,1.0,1
2024-04-18 13:00,487.4,6,1.0,1
2024-04-18 14:00,487.4,6,1.0,1
2024-04-18 15:00,487.4,6,1.0,1
2024-04-18 16:00,487.4,6,1.0,1
2024-04-18 17:00,487.4,6,1.0,1
2024-04-18 18:00,487.4,6,1.0,1
2024-04-18 19:00,487.4,6,1.0,1
2024-04-18 20:00,487.4,6,1.0,1
2024-04-18 21:00,487.4,6,1.0,1
2024-04-18 22:00,487.4,6,1.0,1
2024-04-18 23:00,487.4,6,1.0,1
2024-04-19 00:00,488.0,6,1.0,1
2024-04-19 01:00,503.2,6,1.0,1
2024-04-19 02:00,508.0,6,1.0,1
2024-04-19 03:00,508.0,6,1.0,1
2024-04-19 04:00,508.0,6,1.0,1
2024-04-19 05:00,508.0,6,1.0,1
2024-04-19 06:00,508.0,6,1.0,1
2024-04-19 07:00,508.0,6,1.0,1
2024-04-19 08:00,508.0,6,1.0,1
2024-04-19 09:00,508.0,6,1.0,1
2024-04-19 10:00,508.0,6,1.0,1
2024-04-19 11:00,508.0,6,1.0,1
2024-04-19 12:00,508.0,6,1.0,1
2024-04-19 13:00,508.0,6,1.0,1
2024-04-19 14:00,508.0,6,1.0,1
2024-04-19 15:00,508.0,6,1.0,1
2024-04-19 16:00,508.0,6,1.0,1
2024-04-19 17:00,508.0,6,1.0,1
2024-04-19 18:00,508.0,6,1.0,1
2024-04-19 19:00,508.0,6,1.0,1
2024-04-19 20:00,508.0,6,1.0,1
2024-04-19 21:00,508.0,6,1.0,1
2024-04-19 22:00,508.0,6,1.0,1
2024-04-19 23:00,508.0,6,1.0,1
2024-04-20 00:00,508.0,6,1.0,1
2024-04-20 01:00,508.0,6,1.0,1
2024-04-20 02:00,508.0,6,1.0,1
2024-04-20 03:00,508.0,6,1.0,1
2024-04-20 04:00,508.0,6,1.0,1
2024-04-20 05:00,508.0,6,1.0,1
2024-04-20 06:00,508.0,6,1.0,1
2024-04-20 07:00,508.0,6,1.0,1
2024-04-20 08:00,508.0,6,1.0,1
2024-04-20 09:00,508.0,6,1.0,1
2024-04-20 10:00,508.0,6,1.0,1
2024-04-20 11:00,508.8,6,1.0,1
2024-04-20 12:00,510.2,6,1.0,1
2024-04-20 13:00,510.4,6,1.0,1
2024-04-20 14:00,510.4,6,1.0,1
2024-04-20 15:00,510.4,6,1.0,1
2024-04-20 16:00,510.4,6,1.0,1
2024-04-20 17:00,510.4,6,1.0,1
2024-04-20 18:00,510.4,6,1.0,1
2024-04-20 19:00,510.4,6,1.0,1
2024-04-20 20:00,510.4,6,1.0,1
2024-04-20 21:00,510.4,6,1.0,1
2024-04-20 22:00,510.4,6,1.0,1
2024-04-20 23:00,510.4,6,1.0,1
2024-04-21 00:00,510.4,6,1.0,1
2024-04-21 01:00,510.4,6,1.0,1
2024-04-21 02:00,510.4,6,1.0,1
2024-04-21 03:00,510.4,6,1.0,1
2024-04-21 04:00,510.4,6,1.0,1
2024-04-21 05:00,510.4,6,1.0,1
2024-04-21 06:00,510.4,6,1.0,1
2024-04-21 07:00,510.4,6,1.0,1
2024-04-21 08:00,510.4,6,1.0,1
2024-04-21 09:00,510.4,6,1.0,1
2024-04-21 10:00,510.4,6,1.0,1
2024-04-21 11:00,510.4,6,1.0,1
2024-04-21 12:00,510.4,6,1.0,1
2024-04-21 13:00,510.4,6,1.0,1
2024-04-21 14:00,510.4,6,1.0,1
2024-04-21 15:00,510.4,6,1.0,1
2024-04-21 16:00,510.4,6,1.0,1
2024-04-21 17:00,510.4,6,1.0,1
2024-04-21 18:00,510.4,6,1.0,1
2024-04-21 19:00,510.4,6,1.0,1
2024-04-21 20:00,510.4,6,1.0,1
2024-04-21 21:00,510.4,6,1.0,1
2024-04-21 22:00,510.4,6,1.0,1
2024-04-21 23:00,510.4,6,1.0,1
2024-04-22 00:00,510.4,6,1.0,1
2024-04-22 01:00,510.4,6,1.0,1
2024-04-22 02:00,510.4,6,1.0,1
2024-04-22 03:00,510.4,6,1.0,1
2024-04-22 04:00,510.4,6,1.0,1
2024-04-22 05:00,510.4,6,1.0,1
2024-04-22 06:00,510.4,6,1.0,1
2024-04-22 07:00,510.4,6,1.0,1
2024-04-22 08:00,510.4,6,1.0,1
2024-04-22 09:00,510.4,6,1.0,1
2024-04-22 10:00,510.4,6,1.0,1
2024-04-22 11:00,510.4,6,1.0,1
2024-04-22 12:00,510.4,6,1.0,1
2024-04-22 13:00,510.4,6,1.0,1
2024-04-22 14:00,510.4,6,1.0,1
2024-04-22 15:00,510.4,6,1.0,1
2024-04-22 16:00,510.4,6,1.0,1
2024-04-22 17:00,510.4,6,1.0,1
2024-04-22 18:00,510.4,6,1.0,1
2024-04-22 19:00,510.4,6,1.0,1
2024-04-22 20:00,510.4,6,1.0,1
2024-04-22 21:00,510.4,6,1.0,1
2024-04-22 22:00,510.4,6,1.0,1
2024-04-22 23:00,510.4,6,1.0,1
2024-04-23 00:00,510.4,6,1.0,1
2024-04-23 01:00,510.4,6,1.0,1
2024-04-23 02:00,510.4,6,1.0,1
2024-04-23 03:00,510.4,6,1.0,1
2024-04-23 04:00,510.4,6,1.0,1
2024-04-23 05:00,510.4,6,1.0,1
2024-04-23 06:00,510.4,6,1.0,1
2024-04-23 07:00,510.4,6,1.0,1
2024-04-23 08:00,510.4,6,1.0,1
2024-04-23 09:00,510.4,6,1.0,1
2024-04-23 10:00,510.4,6,1.0,1
2024-04-23 11:00,510.4,6,1.0,1
2024-04-23 12:00,510.4,6,1.0,1
2024-04-23 13:00,510.4,6,1.0,1
2024-04-23 14:00,510.4,6,1.0,1
2024-04-23 15:00,510.4,6,1.0,1
2024-04-23 16:00,510.4,6,1.0,1
2024-04-23 17:00,510.4,6,1.0,1
2024-04-23 18:00,510.4,6,1.0,1
2024-04-23 19:00,510.4,6,1.0,1
2024-04-23 20:00,510.4,6,1.0,1
2024-04-23 21:00,510.4,6,1.0,1
2024-04-23 22:00,510.4,6,1.0,1
2024-04-23 23:00,510.4,6,1.0,1
2024-04-24 00:00,510.4,6,1.0,1
2024-04-24 01:00,510.4,6,1.0,1
2024-04-24 02:00,511.2,6,1.0,1
2024-04-24 03:00,511.2,6,1.0,1
2024-04-24 04:00,511.2,6,1.0,1
2024-04-24 05:00,511.2,6,1.0,1
2024-04-24 06:00,511.2,6,1.0,1
2024-04-24 07:00,511.2,6,1.0,1
2024-04-24 08:00,511.2,6,1.0,1
2024-04-24 09:00,511.2,6,1.0,1
2024-04-24 10:00,511.2,6,1.0,1
2024-04-24 11:00,513.0,6,1.0,1
2024-04-24 12:00,514.0,6,1.0,1
2024-04-24 13:00,514.0,6,1.0,1
2024-04-24 14:00,514.0,6,1.0,1
2024-04-24 15:00,514.4,6,1.0,1
2024-04-24 16:00,514.4,6,1.0,1
2024-04-24 17:00,514.4,6,1.0,1
2024-04-24 18:00,514.4,6,1.0,1
2024-04-24 19:00,514.4,6,1.0,1
2024-04-24 20:00,514.4,6,1.0,1
2024-04-24 21:00,514.4,6,1.0,1
2024-04-24 22:00,514.4,6,1.0,1
2024-04-24 23:00,514.6,6,1.0,1
2024-04-25 00:00,514.6,6,1.0,1
2024-04-25 01:00,514.6,6,1.0,1
2024-04-25 02:00,514.6,6,1.0,1
2024-04-25 03:00,514.6,6,1.0,1
2024-04-25 04:00,514.6,6,1.0,1
2024-04-25 05:00,514.6,6,1.0,1
2024-04-25 06:00,514.6,6,1.0,1
2024-04-25 07:00,514.6,6,1.0,1
2024-04-25 08:00,514.6,6,1.0,1
2024-04-25 09:00,514.6,6,1.0,1
2024-04-25 10:00,514.6,6,1.0,1
2024-04-25 11:00,516.0,6,1.0,1
2024-04-25 12:00,516.0,6,1.0,1
2024-04-25 13:00,516.0,6,1.0,1
2024-04-25 14:00,516.4,6,1.0,1
2024-04-25 15:00,516.6,6,1.0,1
2024-04-25 16:00,516.6,6,1.0,1
2024-04-25 17:00,516.6,6,1.0,1
2024-04-25 18:00,516.8,6,1.0,1
2024-04-25 19:00,516.8,6,1.0,1
2024-04-25 20:00,516.8,6,1.0,1
2024-04-25 21:00,517.0,6,1.0,1
2024-04-25 22:00,517.0,6,1.0,1
2024-04-25 23:00,517.0,6,1.0,1
2024-04-26 00:00,517.0,6,1.0,1
2024-04-26 01:00,519.8,6,1.0,1
2024-04-26 02:00,519.8,6,1.0,1
2024-04-26 03:00,519.8,6,1.0,1
2024-04-26 04:00,520.0,6,1.0,1
2024-04-26 05:00,520.0,6,1.0,1
2024-04-26 06:00,520.0,6,1.0,1
2024-04-26 07:00,520.0,6,1.0,1
2024-04-26 08:00,520.4,6,1.0,1
2024-04-26 09:00,521.4,6,1.0,1
2024-04-26 10:00,521.8,6,1.0,1
2024-04-26 11:00,521.8,6,1.0,1
2024-04-26 12:00,522.0,6,1.0,1
2024-04-26 13:00,522.4,6,1.0,1
2024-04-26 14:00,522.4,6,1.0,1
2024-04-26 15:00,522.4,6,1.0,1
2024-04-26 16:00,522.4,6,1.0,1
2024-04-26 17:00,522.4,6,1.0,1
2024-04-26 18:00,522.4,6,1.0,1
2024-04-26 19:00,522.4,6,1.0,1
2024-04-26 20:00,522.4,6,1.0,1
2024-04-26 21:00,522.4,6,1.0,1
2024-04-26 22:00,522.4,6,1.0,1
2024-04-26 23:00,522.4,6,1.0,1
2024-04-27 00:00,522.4,6,1.0,1
2024-04-27 01:00,522.4,6,1.0,1
2024-04-27 02:00,522.4,6,1.0,1
2024-04-27 03:00,522.4,6,1.0,1
2024-04-27 04:00,522.4,6,1.0,1
2024-04-27 05:00,522.4,6,1.0,1
2024-04-27 06:00,522.4,6,1.0,1
2024-04-27 07:00,522.4,6,1.0,1
2024-04-27 08:00,522.4,6,1.0,1
2024-04-27 09:00,522.4,6,1.0,1
2024-04-27 10:00,522.4,6,1.0,1
2024-04-27 11:00,522.4,6,1.0,1
2024-04-27 12:00,522.4,6,1.0,1
2024-04-27 13:00,522.4,6,1.0,1
2024-04-27 14:00,522.4,6,1.0,1
2024-04-27 15:00,522.4,6,1.0,1
2024-04-27 16:00,522.4,6,1.0,1
2024-04-27 17:00,522.4,6,1.0,1
2024-04-27 18:00,522.4,6,1.0,1
2024-04-27 19:00,522.4,6,1.0,1
2024-04-27 20:00,522.4,6,1.0,1
2024-04-27 21:00,522.4,6,1.0,1
2024-04-27 22:00,522.4,6,1.0,1
2024-04-27 23:00,522.4,6,1.0,1
2024-04-28 00:00,522.4,6,1.0,1
2024-04-28 01:00,522.4,6,1.0,1
2024-04-28 02:00,522.4,6,1.0,1
2024-04-28 03:00,522.4,6,1.0,1
2024-04-28 04:00,522.4,6,1.0,1
2024-04-28 05:00,522.4,6,1.0,1
2024-04-28 06:00,522.4,6,1.0,1
2024-04-28 07:00,522.4,6,1.0,1
2024-04-28 08:00,522.4,6,1.0,1
2024-04-28 09:00,522.4,6,1.0,1
2024-04-28 10:00,522.4,6,1.0,1
2024-04-28 11:00,522.4,6,1.0,1
2024-04-28 12:00,522.4,6,1.0,1
2024-04-28 13:00,522.4,6,1.0,1
2024-04-28 14:00,522.4,6,1.0,1
2024-04-28 15:00,522.4,6,1.0,1
2024-04-28 16:00,522.4,6,1.0,1
2024-04-28 17:00,522.4,6,1.0,1
2024-04-28 18:00,522.4,6,1.0,1
2024-04-28 19:00,522.4,6,1.0,1
2024-04-28 20:00,522.4,6,1.0,1
2024-04-28 21:00,522.4,6,1.0,1
2024-04-28 22:00,522.4,6,1.0,1
2024-04-28 23:00,522.4,6,1.0,1
2024-04-29 00:00,522.4,6,1.0,1
2024-04-29 01:00,522.4,6,1.0,1
2024-04-29 02:00,522.4,6,1.0,1
2024-04-29 03:00,522.4,6,1.0,1
2024-04-29 04:00,522.4,6,1.0,1
2024-04-29 05:00,522.4,6,1.0,1
2024-04-29 06:00,522.4,6,1.0,1
2024-04-29 07:00,522.4,6,1.0,1
2024-04-29 08:00,522.4,6,1.0,1
2024-04-29 09:00,522.4,6,1.0,1
2024-04-29 10:00,522.4,6,1.0,1
2024-04-29 11:00,522.4,6,1.0,1
2024-04-29 12:00,522.4,6,1.0,1
2024-04-29 13:00,522.4,6,1.0,1
2024-04-29 14:00,522.4,6,1.0,1
2024-04-29 15:00,522.4,6,1.0,1
2024-04-29 16:00,522.4,6,1.0,1
2024-04-29 17:00,522.4,6,1.0,1
2024-04-29 18:00,522.4,6,1.0,1
2024-04-29 19:00,522.4,6,1.0,1
2024-04-29 20:00,522.4,6,1.0,1
2024-04-29 21:00,522.4,6,1.0,1
2024-04-29 22:00,522.4,6,1.0,1
2024-04-29 23:00,522.4,6,1.0,1
2024-04-30 00:00,522.4,6,1.0,1
2024-04-30 01:00,522.4,6,1.0,1
2024-04-30 02:00,522.4,6,1.0,1
2024-04-30 03:00,522.4,6,1.0,1
2024-04-30 04:00,522.4,6,1.0,1
2024-04-30 05:00,522.4,6,1.0,1
2024-04-30 06:00,522.4,6,1.0,1
2024-04-30 07:00,522.4,6,1.0,1
2024-04-30 08:00,522.4,6,1.0,1
2024-04-30 09:00,522.4,6,1.0,1
2024-04-30 10:00,522.4,6,1.0,1
2024-04-30 11:00,522.4,6,1.0,1
2024-04-30 12:00,522.4,6,1.0,1
2024-04-30 13:00,522.4,6,1.0,1
2024-04-30 14:00,522.4,6,1.0,1
2024-04-30 15:00,522.4,6,1.0,1
2024-04-30 16:00,522.4,6,1.0,1
2024-04-30 17:00,522.4,6,1.0,1
2024-04-30 18:00,522.4,6,1.0,1
2024-04-30 19:00,522.4,6,1.0,1
2024-04-30 20:00,522.4,6,1.0,1
2024-04-30 21:00,522.4,6,1.0,1
2024-04-30 22:00,522.4,6,1.0,1
2024-04-30 23:00,522.4,6,1.0,1
2024-05-01 00:00,522.4,6,1.0,1
2024-05-01 01:00,522.4,6,1.0,1
2024-05-01 02:00,522.4,6,1.0,1
2024-05-01 03:00,522.4,6,1.0,1
2024-05-01 04:00,522.4,6,1.0,1
2024-05-01 05:00,522.4,6,1.0,1
2024-05-01 06:00,522.4,6,1.0,1
2024-05-01 07:00,522.4,6,1.0,1
2024-05-01 08:00,522.4,6,1.0,1
2024-05-01 09:00,522.4,6,1.0,1
2024-05-01 10:00,522.4,6,1.0,1
2024-05-01 11:00,522.8,6,1.0,1
2024-05-01 12:00,522.8,6,1.0,1
2024-05-01 13:00,522.8,6,1.0,1
2024-05-01 14:00,522.8,6,1.0,1
2024-05-01 15:00,522.8,6,1.0,1
2024-05-01 16:00,522.8,6,1.0,1
2024-05-01 17:00,522.8,6,1.0,1
2024-05-01 18:00,522.8,6,1.0,1
2024-05-01 19:00,522.8,6,1.0,1
2024-05-01 20:00,522.8,6,1.0,1
2024-05-01 21:00,522.8,6,1.0,1
2024-05-01 22:00,522.8,6,1.0,1
2024-05-01 23:00,522.8,6,1.0,1
2024-05-02 00:00,522.8,6,1.0,1
2024-05-02 01:00,522.8,6,1.0,1
2024-05-02 02:00,522.8,6,1.0,1
2024-05-02 03:00,522.8,6,1.0,1
2024-05-02 04:00,522.8,6,1.0,1
2024-05-02 05:00,522.8,6,1.0,1
2024-05-02 06:00,522.8,6,1.0,1
2024-05-02 07:00,522.8,6,1.0,1
2024-05-02 08:00,524.6,6,1.0,1
2024-05-02 09:00,524.6,6,1.0,1
2024-05-02 10:00,524.6,6,1.0,1
2024-05-02 11:00,524.6,6,1.0,1
2024-05-02 12:00,526.6,6,1.0,1
2024-05-02 13:00,528.0,6,1.0,1
2024-05-02 14:00,529.8,6,1.0,1
2024-05-02 15:00,531.2,6,1.0,1
2024-05-02 16:00,531.2,6,1.0,1
2024-05-02 17:00,531.4,6,1.0,1
2024-05-02 18:00,531.4,6,1.0,1
2024-05-02 19:00,531.4,6,1.0,1
2024-05-02 20:00,531.4,6,1.0,1
2024-05-02 21:00,531.4,6,1.0,1
2024-05-02 22:00,531.4,6,1.0,1
2024-05-02 23:00,531.4,6,1.0,1
2024-05-03 00:00,531.4,6,1.0,1
2024-05-03 01:00,531.4,6,1.0,1
2024-05-03 02:00,531.4,6,1.0,1
2024-05-03 03:00,531.4,6,1.0,1
2024-05-03 04:00,531.4,6,1.0,1
2024-05-03 05:00,531.4,6,1.0,1
2024-05-03 06:00,532.4,6,1.0,1
2024-05-03 07:00,532.4,6,1.0,1
2024-05-03 08:00,532.6,6,1.0,1
2024-05-03 09:00,532.8,6,1.0,1
2024-05-03 10:00,532.8,6,1.0,1
2024-05-03 11:00,533.4,6,1.0,1
2024-05-03 12:00,533.4,6,1.0,1
2024-05-03 13:00,533.4,6,1.0,1
2024-05-03 14:00,535.4,6,1.0,1
2024-05-03 15:00,535.6,6,1.0,1
2024-05-03 16:00,535.6,6,1.0,1
2024-05-03 17:00,535.6,6,1.0,1
2024-05-03 18:00,535.6,6,1.0,1
2024-05-03 19:00,535.6,6,1.0,1
2024-05-03 20:00,535.6,6,1.0,1
2024-05-03 21:00,535.6,6,1.0,1
2024-05-03 22:00,535.6,6,1.0,1
2024-05-03 23:00,535.6,6,1.0,1
2024-05-04 00:00,535.6,6,1.0,1
2024-05-04 01:00,535.6,6,1.0,1
2024-05-04 02:00,535.6,6,1.0,1
2024-05-04 03:00,535.6,6,1.0,1
2024-05-04 04:00,535.6,6,1.0,1
2024-05-04 05:00,535.6,6,1.0,1
2024-05-04 06:00,535.6,6,1.0,1
2024-05-04 07:00,535.6,6,1.0,1
2024-05-04 08:00,535.6,6,1.0,1
2024-05-04 09:00,535.6,6,1.0,1
2024-05-04 10:00,535.6,6,1.0,1
2024-05-04 11:00,535.6,6,1.0,1
2024-05-04 12:00,535.6,6,1.0,1
2024-05-04 13:00,535.6,6,1.0,1
2024-05-04 14:00,535.6,6,1.0,1
2024-05-04 15:00,535.6,6,1.0,1
2024-05-04 16:00,535.6,6,1.0,1
2024-05-04 17:00,535.6,6,1.0,1
2024-05-04 18:00,535.6,6,1.0,1
2024-05-04 19:00,535.6,6,1.0,1
2024-05-04 20:00,535.6,6,1.0,1
2024-05-04 21:00,535.6,6,1.0,1
2024-05-04 22:00,535.6,6,1.0,1
2024-05-04 23:00,535.6,6,1.0,1
2024-05-05 00:00,535.6,6,1.0,1
2024-05-05 01:00,535.6,6,1.0,1
2024-05-05 02:00,535.6,6,1.0,1
2024-05-05 03:00,535.6,6,1.0,1
2024-05-05 04:00,535.6,6,1.0,1
2024-05-05 05:00,535.6,6,1.0,1
2024-05-05 06:00,535.6,6,1.0,1
2024-05-05 07:00,535.6,6,1.0,1
2024-05-05 08:00,535.6,6,1.0,1
2024-05-05 09:00,535.6,6,1.0,1
2024-05-05 10:00,535.6,6,1.0,1
2024-05-05 11:00,535.6,6,1.0,1
2024-05-05 12:00,535.6,6,1.0,1
2024-05-05 13:00,535.6,6,1.0,1
2024-05-05 14:00,535.6,6,1.0,1
2024-05-05 15:00,535.6,6,1.0,1
2024-05-05 16:00,535.6,6,1.0,1
2024-05-05 17:00,535.6,6,1.0,1
2024-05-05 18:00,535.6,6,1.0,1
2024-05-05 19:00,535.6,6,1.0,1
2024-05-05 20:00,535.6,6,1.0,1
2024-05-05 21:00,535.6,6,1.0,1
2024-05-05 22:00,535.6,6,1.0,1
2024-05-05 23:00,535.6,6,1.0,1
2024-05-06 00:00,535.6,6,1.0,1
2024-05-06 01:00,535.6,6,1.0,1
2024-05-06 02:00,535.6,6,1.0,1
2024-05-06 03:00,535.6,6,1.0,1
2024-05-06 04:00,535.6,6,1.0,1
2024-05-06 05:00,535.6,6,1.0,1
2024-05-06 06:00,535.6,6,1.0,1
2024-05-06 07:00,535.6,6,1.0,1
2024-05-06 08:00,535.6,6,1.0,1
2024-05-06 09:00,535.6,6,1.0,1
2024-05-06 10:00,535.6,6,1.0,1
2024-05-06 11:00,535.6,6,1.0,1
2024-05-06 12:00,535.6,6,1.0,1
2024-05-06 13:00,535.6,6,1.0,1
2024-05-06 14:00,535.6,6,1.0,1
2024-05-06 15:00,535.6,6,1.0,1
2024-05-06 16:00,535.6,6,1.0,1
2024-05-06 17:00,535.6,6,1.0,1
2024-05-06 18:00,535.6,6,1.0,1
2024-05-06 19:00,535.6,6,1.0,1
2024-05-06 20:00,535.6,6,1.0,1
2024-05-06 21:00,535.6,6,1.0,1
2024-05-06 22:00,535.6,6,1.0,1
2024-05-06 23:00,535.6,6,1.0,1
2024-05-07 00:00,535.6,6,1.0,1
2024-05-07 01:00,535.6,6,1.0,1
2024-05-07 02:00,535.6,6,1.0,1
2024-05-07 03:00,535.6,6,1.0,1
2024-05-07 04:00,535.6,6,1.0,1
2024-05-07 05:00,535.6,6,1.0,1
2024-05-07 06:00,535.6,6,1.0,1
2024-05-07 07:00,535.6,6,1.0,1
2024-05-07 08:00,535.6,6,1.0,1
2024-05-07 09:00,535.6,6,1.0,1
2024-05-07 10:00,535.6,6,1.0,1
2024-05-07 11:00,535.6,6,1.0,1
2024-05-07 12:00,535.6,6,1.0,1
2024-05-07 13:00,535.6,6,1.0,1
2024-05-07 14:00,535.6,6,1.0,1
2024-05-07 15:00,535.6,6,1.0,1
2024-05-07 16:00,535.6,6,1.0,1
2024-05-07 17:00,535.6,6,1.0,1
2024-05-07 18:00,535.6,6,1.0,1
2024-05-07 19:00,535.6,6,1.0,1
2024-05-07 20:00,535.6,6,1.0,1
2024-05-07 21:00,535.6,6,1.0,1
2024-05-07 22:00,535.6,6,1.0,1
2024-05-07 23:00,535.6,6,1.0,1
2024-05-08 00:00,535.6,6,1.0,1
2024-05-08 01:00,535.6,6,1.0,1
2024-05-08 02:00,535.6,6,1.0,1
2024-05-08 03:00,535.6,6,1.0,1
2024-05-08 04:00,535.6,6,1.0,1
2024-05-08 05:00,535.6,6,1.0,1
2024-05-08 06:00,535.6,6,1.0,1
2024-05-08 07:00,535.6,6,1.0,1
2024-05-08 08:00,535.6,6,1.0,1
2024-05-08 09:00,535.6,6,1.0,1
2024-05-08 10:00,535.6,6,1.0,1
2024-05-08 11:00,535.6,6,1.0,1
2024-05-08 12:00,535.6,6,1.0,1
2024-05-08 13:00,535.6,6,1.0,1
2024-05-08 14:00,535.6,6,1.0,1
2024-05-08 15:00,536.0,6,1.0,1
2024-05-08 16:00,537.8,6,1.0,1
2024-05-08 17:00,538.0,6,1.0,1
2024-05-08 18:00,538.6,6,1.0,1
2024-05-08 19:00,538.8,6,1.0,1
2024-05-08 20:00,538.8,6,1.0,1
2024-05-08 21:00,538.8,6,1.0,1
2024-05-08 22:00,538.8,6,1.0,1
2024-05-08 23:00,538.8,6,1.0,1
2024-05-09 00:00,538.8,6,1.0,1
2024-05-09 01:00,538.8,6,1.0,1
2024-05-09 02:00,538.8,6,1.0,1
2024-05-09 03:00,538.8,6,1.0,1
2024-05-09 04:00,538.8,6,1.0,1
2024-05-09 05:00,538.8,6,1.0,1
2024-05-09 06:00,538.8,6,1.0,1
2024-05-09 07:00,538.8,6,1.0,1
2024-05-09 08:00,538.8,6,1.0,1
2024-05-09 09:00,538.8,6,1.0,1
2024-05-09 10:00,538.8,6,1.0,1
2024-05-09 11:00,538.8,6,1.0,1
2024-05-09 12:00,538.8,6,1.0,1
2024-05-09 13:00,538.8,6,1.0,1
2024-05-09 14:00,538.8,6,1.0,1
2024-05-09 15:00,538.8,6,1.0,1
2024-05-09 16:00,539.0,6,1.0,1
2024-05-09 17:00,539.6,6,1.0,1
2024-05-09 18:00,539.6,6,1.0,1
2024-05-09 19:00,539.6,6,1.0,1
2024-05-09 20:00,539.6,6,1.0,1
2024-05-09 21:00,539.6,6,1.0,1
2024-05-09 22:00,539.6,6,1.0,1
2024-05-09 23:00,539.6,6,1.0,1
2024-05-10 00:00,539.6,6,1.0,1
2024-05-10 01:00,539.6,6,1.0,1
2024-05-10 02:00,539.6,6,1.0,1
2024-05-10 03:00,539.6,6,1.0,1
2024-05-10 04:00,539.6,6,1.0,1
2024-05-10 05:00,539.6,6,1.0,1
2024-05-10 06:00,539.6,6,1.0,1
2024-05-10 07:00,539.6,6,1.0,1
2024-05-10 08:00,539.6,6,1.0,1
2024-05-10 09:00,539.6,6,1.0,1
2024-05-10 10:00,539.6,6,1.0,1
2024-05-10 11:00,539.6,6,1.0,1
2024-05-10 12:00,539.6,6,1.0,1
2024-05-10 13:00,539.6,6,1.0,1
2024-05-10 14:00,539.6,6,1.0,1
2024-05-10 15:00,539.6,6,1.0,1
2024-05-10 16:00,539.6,6,1.0,1
2024-05-10 17:00,539.6,6,1.0,1
2024-05-10 18:00,539.6,6,1.0,1
2024-05-10 19:00,539.6,6,1.0,1
2024-05-10 20:00,539.6,6,1.0,1
2024-05-10 21:00,539.6,6,1.0,1
2024-05-10 22:00,539.6,6,1.0,1
2024-05-10 23:00,539.6,6,1.0,1
2024-05-11 00:00,539.6,6,1.0,1
2024-05-11 01:00,539.6,6,1.0,1
2024-05-11 02:00,539.6,6,1.0,1
2024-05-11 03:00,539.6,6,1.0,1
2024-05-11 04:00,539.6,6,1.0,1
2024-05-11 05:00,539.6,6,1.0,1
2024-05-11 06:00,539.6,6,1.0,1
2024-05-11 07:00,539.6,6,1.0,1
2024-05-11 08:00,539.6,6,1.0,1
2024-05-11 09:00,539.6,6,1.0,1
2024-05-11 10:00,539.6,6,1.0,1
2024-05-11 11:00,539.6,6,1.0,1
2024-05-11 12:00,539.6,6,1.0,1
2024-05-11 13:00,539.6,6,1.0,1
2024-05-11 14:00,539.6,6,1.0,1
2024-05-11 15:00,539.6,6,1.0,1
2024-05-11 16:00,539.6,6,1.0,1
2024-05-11 17:00,539.6,6,1.0,1
2024-05-11 18:00,539.6,6,1.0,1
2024-05-11 19:00,539.6,6,1.0,1
2024-05-11 20:00,539.6,6,1.0,1
2024-05-11 21:00,539.6,6,1.0,1
2024-05-11 22:00,539.6,6,1.0,1
2024-05-11 23:00,539.6,6,1.0,1
2024-05-12 00:00,539.6,6,1.0,1
2024-05-12 01:00,539.6,6,1.0,1
2024-05-12 02:00,539.6,6,1.0,1
2024-05-12 03:00,539.6,6,1.0,1
2024-05-12 04:00,539.6,6,1.0,1
2024-05-12 05:00,539.6,6,1.0,1
2024-05-12 06:00,539.6,6,1.0,1
2024-05-12 07:00,539.6,6,1.0,1
2024-05-12 08:00,539.6,6,1.0,1
2024-05-12 09:00,539.6,6,1.0,1
2024-05-12 10:00,539.6,6,1.0,1
2024-05-12 11:00,539.6,6,1.0,1
2024-05-12 12:00,539.6,6,1.0,1
2024-05-12 13:00,539.6,6,1.0,1
2024-05-12 14:00,539.6,6,1.0,1
2024-05-12 15:00,539.6,6,1.0,1
2024-05-12 16:00,539.6,6,1.0,1
2024-05-12 17:00,539.6,6,1.0,1
2024-05-12 18:00,539.6,6,1.0,1
2024-05-12 19:00,539.6,6,1.0,1
2024-05-12 20:00,539.6,6,1.0,1
2024-05-12 21:00,539.6,6,1.0,1
2024-05-12 22:00,539.6,6,1.0,1
2024-05-12 23:00,539.6,6,1.0,1
2024-05-13 00:00,539.6,6,1.0,1
2024-05-13 01:00,539.6,6,1.0,1
2024-05-13 02:00,539.6,6,1.0,1
2024-05-13 03:00,539.6,6,1.0,1
2024-05-13 04:00,539.6,6,1.0,1
2024-05-13 05:00,539.6,6,1.0,1
2024-05-13 06:00,539.6,6,1.0,1
2024-05-13 07:00,539.6,6,1.0,1
2024-05-13 08:00,539.6,6,1.0,1
2024-05-13 09:00,539.6,6,1.0,1
2024-05-13 10:00,539.6,6,1.0,1
2024-05-13 11:00,539.6,6,1.0,1
2024-05-13 12:00,539.6,6,1.0,1
2024-05-13 13:00,539.6,6,1.0,1
2024-05-13 14:00,539.6,6,1.0,1
2024-05-13 15:00,539.6,6,1.0,1
2024-05-13 16:00,539.6,6,1.0,1
2024-05-13 17:00,539.6,6,1.0,1
2024-05-13 18:00,539.6,6,1.0,1
2024-05-13 19:00,539.6,6,1.0,1
2024-05-13 20:00,539.6,6,1.0,1
2024-05-13 21:00,539.6,6,1.0,1
2024-05-13 22:00,539.6,6,1.0,1
2024-05-13 23:00,539.6,6,1.0,1
2024-05-14 00:00,539.6,6,1.0,1
2024-05-14 01:00,539.6,6,1.0,1
2024-05-14 02:00,539.6,6,1.0,1
2024-05-14 03:00,539.6,6,1.0,1
2024-05-14 04:00,539.6,6,1.0,1
2024-05-14 05:00,539.6,6,1.0,1
2024-05-14 06:00,539.6,6,1.0,1
2024-05-14 07:00,539.6,6,1.0,1
2024-05-14 08:00,539.6,6,1.0,1
2024-05-14 09:00,539.6,6,1.0,1
2024-05-14 10:00,539.6,6,1.0,1
2024-05-14 11:00,539.6,6,1.0,1
2024-05-14 12:00,539.6,6,1.0,1
2024-05-14 13:00,539.6,6,1.0,1
2024-05-14 14:00,539.6,6,1.0,1
2024-05-14 15:00,539.6,6,1.0,1
2024-05-14 16:00,539.6,6,1.0,1
2024-05-14 17:00,539.6,6,1.0,1
2024-05-14 18:00,539.6,6,1.0,1
2024-05-14 19:00,539.6,6,1.0,1
2024-05-14 20:00,539.6,6,1.0,1
2024-05-14 21:00,539.6,6,1.0,1
2024-05-14 22:00,539.6,6,1.0,1
2024-05-14 23:00,539.6,6,1.0,1
2024-05-15 00:00,539.6,6,1.0,1
2024-05-15 01:00,539.6,6,1.0,1
2024-05-15 02:00,539.6,6,1.0,1
2024-05-15 03:00,539.6,6,1.0,1
2024-05-15 04:00,539.6,6,1.0,1
2024-05-15 05:00,539.6,6,1.0,1
2024-05-15 06:00,539.6,6,1.0,1
2024-05-15 07:00,539.6,6,1.0,1
2024-05-15 08:00,539.6,6,1.0,1
2024-05-15 09:00,539.6,6,1.0,1
2024-05-15 10:00,539.6,6,1.0,1
2024-05-15 11:00,539.6,6,1.0,1
2024-05-15 12:00,539.6,6,1.0,1
2024-05-15 13:00,539.6,6,1.0,1
2024-05-15 14:00,539.6,6,1.0,1
2024-05-15 15:00,539.6,6,1.0,1
2024-05-15 16:00,539.6,6,1.0,1
2024-05-15 17:00,539.6,6,1.0,1
2024-05-15 18:00,539.6,6,1.0,1
2024-05-15 19:00,539.6,6,1.0,1
2024-05-15 20:00,539.6,6,1.0,1
2024-05-15 21:00,539.6,6,1.0,1
2024-05-15 22:00,539.6,6,1.0,1
2024-05-15 23:00,539.6,6,1.0,1
2024-05-16 00:00,539.6,6,1.0,1
2024-05-16 01:00,539.6,6,1.0,1
2024-05-16 02:00,539.6,6,1.0,1
2024-05-16 03:00,539.6,6,1.0,1
2024-05-16 04:00,539.6,6,1.0,1
2024-05-16 05:00,539.6,6,1.0,1
2024-05-16 06:00,539.6,6,1.0,1
2024-05-16 07:00,539.6,6,1.0,1
2024-05-16 08:00,539.6,6,1.0,1
2024-05-16 09:00,539.6,6,1.0,1
2024-05-16 10:00,539.6,6,1.0,1
2024-05-16 11:00,539.6,6,1.0,1
2024-05-16 12:00,539.6,6,1.0,1
2024-05-16 13:00,539.6,6,1.0,1
2024-05-16 14:00,539.6,6,1.0,1
2024-05-16 15:00,539.6,6,1.0,1
2024-05-16 16:00,539.6,6,1.0,1
2024-05-16 17:00,539.6,6,1.0,1
2024-05-16 18:00,539.6,6,1.0,1
2024-05-16 19:00,539.6,6,1.0,1
2024-05-16 20:00,539.6,6,1.0,1
2024-05-16 21:00,539.6,6,1.0,1
2024-05-16 22:00,539.6,6,1.0,1
2024-05-16 23:00,539.6,6,1.0,1
2024-05-17 00:00,539.6,6,1.0,1
2024-05-17 01:00,539.6,6,1.0,1
2024-05-17 02:00,539.6,6,1.0,1
2024-05-17 03:00,539.6,6,1.0,1
2024-05-17 04:00,539.6,6,1.0,1
2024-05-17 05:00,539.6,6,1.0,1
2024-05-17 06:00,539.6,6,1.0,1
2024-05-17 07:00,539.6,6,1.0,1
2024-05-17 08:00,539.6,6,1.0,1
2024-05-17 09:00,539.6,6,1.0,1
2024-05-17 10:00,539.6,6,1.0,1
2024-05-17 11:00,539.6,6,1.0,1
2024-05-17 12:00,539.6,6,1.0,1
2024-05-17 13:00,539.6,6,1.0,1
2024-05-17 14:00,539.6,6,1.0,1
2024-05-17 15:00,539.6,6,1.0,1
2024-05-17 16:00,539.6,6,1.0,1
2024-05-17 17:00,539.6,6,1.0,1
2024-05-17 18:00,539.6,6,1.0,1
2024-05-17 19:00,539.6,6,1.0,1
2024-05-17 20:00,539.6,6,1.0,1
2024-05-17 21:00,539.6,6,1.0,1
2024-05-17 22:00,539.6,6,1.0,1
2024-05-17 23:00,539.6,6,1.0,1
2024-05-18 00:00,539.6,6,1.0,1
2024-05-18 01:00,539.6,6,1.0,1
2024-05-18 02:00,539.6,6,1.0,1
2024-05-18 03:00,539.6,6,1.0,1
2024-05-18 04:00,539.6,6,1.0,1
2024-05-18 05:00,539.6,6,1.0,1
2024-05-18 06:00,539.6,6,1.0,1
2024-05-18 07:00,539.6,6,1.0,1
2024-05-18 08:00,539.6,6,1.0,1
2024-05-18 09:00,540.8,6,1.0,1
2024-05-18 10:00,540.8,6,1.0,1
2024-05-18 11:00,540.8,6,1.0,1
2024-05-18 12:00,543.2,6,1.0,1
2024-05-18 13:00,548.2,6,1.0,1
2024-05-18 14:00,548.4,6,1.0,1
2024-05-18 15:00,548.6,6,1.0,1
2024-05-18 16:00,549.2,6,1.0,1
2024-05-18 17:00,550.0,6,1.0,1
2024-05-18 18:00,550.0,6,1.0,1
2024-05-18 19:00,550.0,6,1.0,1
2024-05-18 20:00,550.0,6,1.0,1
2024-05-18 21:00,550.0,6,1.0,1
2024-05-18 22:00,550.0,6,1.0,1
2024-05-18 23:00,550.0,6,1.0,1
2024-05-19 00:00,550.0,6,1.0,1
2024-05-19 01:00,550.0,6,1.0,1
2024-05-19 02:00,550.0,6,1.0,1
2024-05-19 03:00,550.0,6,1.0,1
2024-05-19 04:00,550.0,6,1.0,1
2024-05-19 05:00,550.0,6,1.0,1
2024-05-19 06:00,550.0,6,1.0,1
2024-05-19 07:00,550.0,6,1.0,1
2024-05-19 08:00,550.0,6,1.0,1
2024-05-19 09:00,550.0,6,1.0,1
2024-05-19 10:00,550.0,6,1.0,1
2024-05-19 11:00,550.0,6,1.0,1
2024-05-19 12:00,550.0,6,1.0,1
2024-05-19 13:00,550.0,6,1.0,1
2024-05-19 14:00,550.0,6,1.0,1
2024-05-19 15:00,550.0,6,1.0,1
2024-05-19 16:00,550.0,6,1.0,1
2024-05-19 17:00,550.0,6,1.0,1
2024-05-19 18:00,550.0,6,1.0,1
2024-05-19 19:00,550.0,6,1.0,1
2024-05-19 20:00,550.0,6,1.0,1
2024-05-19 21:00,550.0,6,1.0,1
2024-05-19 22:00,550.0,6,1.0,1
2024-05-19 23:00,550.0,6,1.0,1
2024-05-20 00:00,550.0,6,1.0,1
2024-05-20 01:00,550.0,6,1.0,1
2024-05-20 02:00,550.0,6,1.0,1
2024-05-20 03:00,550.0,6,1.0,1
2024-05-20 04:00,550.0,6,1.0,1
2024-05-20 05:00,550.0,6,1.0,1
2024-05-20 06:00,550.0,6,1.0,1
2024-05-20 07:00,550.0,6,1.0,1
2024-05-20 08:00,550.0,6,1.0,1
2024-05-20 09:00,550.0,6,1.0,1
2024-05-20 10:00,550.0,6,1.0,1
2024-05-20 11:00,550.0,6,1.0,1
2024-05-20 12:00,550.0,6,1.0,1
2024-05-20 13:00,550.0,6,1.0,1
2024-05-20 14:00,550.0,6,1.0,1
2024-05-20 15:00,550.0,6,1.0,1
2024-05-20 16:00,550.0,6,1.0,1
2024-05-20 17:00,550.0,6,1.0,1
2024-05-20 18:00,550.0,6,1.0,1
2024-05-20 19:00,550.0,6,1.0,1
2024-05-20 20:00,550.0,6,1.0,1
2024-05-20 21:00,550.0,6,1.0,1
2024-05-20 22:00,550.0,6,1.0,1
2024-05-20 23:00,550.0,6,1.0,1
2024-05-21 00:00,550.0,6,1.0,1
2024-05-21 01:00,550.0,6,1.0,1
2024-05-21 02:00,550.0,6,1.0,1
2024-05-21 03:00,550.0,6,1.0,1
2024-05-21 04:00,550.0,6,1.0,1
2024-05-21 05:00,550.2,6,1.0,1
2024-05-21 06:00,550.4,6,1.0,1
2024-05-21 07:00,550.4,6,1.0,1
2024-05-21 08:00,550.4,6,1.0,1
2024-05-21 09:00,550.4,6,1.0,1
2024-05-21 10:00,550.4,6,1.0,1
2024-05-21 11:00,550.4,6,1.0,1
2024-05-21 12:00,550.4,6,1.0,1
2024-05-21 13:00,550.4,6,1.0,1
2024-05-21 14:00,550.4,6,1.0,1
2024-05-21 15:00,550.4,6,1.0,1
2024-05-21 16:00,550.4,6,1.0,1
2024-05-21 17:00,550.4,6,1.0,1
2024-05-21 18:00,550.4,6,1.0,1
2024-05-21 19:00,550.4,6,1.0,1
2024-05-21 20:00,550.4,6,1.0,1
2024-05-21 21:00,550.4,6,1.0,1
2024-05-21 22:00,550.4,6,1.0,1
2024-05-21 23:00,550.4,6,1.0,1
2024-05-22 00:00,550.4,6,1.0,1
2024-05-22 01:00,550.4,6,1.0,1
2024-05-22 02:00,550.4,6,1.0,1
2024-05-22 03:00,551.6,6,1.0,1
2024-05-22 04:00,551.6,6,1.0,1
2024-05-22 05:00,551.6,6,1.0,1
2024-05-22 06:00,551.6,6,1.0,1
2024-05-22 07:00,551.6,6,1.0,1
2024-05-22 08:00,551.6,6,1.0,1
2024-05-22 09:00,551.6,6,1.0,1
2024-05-22 10:00,551.6,6,1.0,1
2024-05-22 11:00,551.6,6,1.0,1
2024-05-22 12:00,551.6,6,1.0,1
2024-05-22 13:00,551.6,6,1.0,1
2024-05-22 14:00,551.6,6,1.0,1
2024-05-22 15:00,551.6,6,1.0,1
2024-05-22 16:00,551.6,6,1.0,1
2024-05-22 17:00,551.6,6,1.0,1
2024-05-22 18:00,551.6,6,1.0,1
2024-05-22 19:00,551.6,6,1.0,1
2024-05-22 20:00,551.6,6,1.0,1
2024-05-22 21:00,551.6,6,1.0,1
2024-05-22 22:00,551.6,6,1.0,1
2024-05-22 23:00,551.6,6,1.0,1
2024-05-23 00:00,551.6,6,1.0,1
2024-05-23 01:00,551.6,6,1.0,1
2024-05-23 02:00,551.6,6,1.0,1
2024-05-23 03:00,551.6,6,1.0,1
2024-05-23 04:00,551.6,6,1.0,1
2024-05-23 05:00,551.6,6,1.0,1
2024-05-23 06:00,551.6,6,1.0,1
2024-05-23 07:00,551.6,6,1.0,1
2024-05-23 08:00,551.6,6,1.0,1
2024-05-23 09:00,551.6,6,1.0,1
2024-05-23 10:00,551.6,6,1.0,1
2024-05-23 11:00,551.6,6,1.0,1
2024-05-23 12:00,551.6,6,1.0,1
2024-05-23 13:00,551.6,6,1.0,1
2024-05-23 14:00,551.6,6,1.0,1
2024-05-23 15:00,551.6,6,1.0,1
2024-05-23 16:00,551.6,6,1.0,1
2024-05-23 17:00,551.6,6,1.0,1
2024-05-23 18:00,551.6,6,1.0,1
2024-05-23 19:00,551.6,6,1.0,1
2024-05-23 20:00,551.6,6,1.0,1
2024-05-23 21:00,551.6,6,1.0,1
2024-05-23 22:00,551.6,6,1.0,1
2024-05-23 23:00,551.6,6,1.0,1
2024-05-24 00:00,551.6,6,1.0,1
2024-05-24 01:00,551.6,6,1.0,1
2024-05-24 02:00,551.6,6,1.0,1
2024-05-24 03:00,551.6,6,1.0,1
2024-05-24 04:00,551.6,6,1.0,1
2024-05-24 05:00,551.6,6,1.0,1
2024-05-24 06:00,551.6,6,1.0,1
2024-05-24 07:00,551.6,6,1.0,1
2024-05-24 08:00,551.6,6,1.0,1
2024-05-24 09:00,551.6,6,1.0,1
2024-05-24 10:00,551.6,6,1.0,1
2024-05-24 11:00,551.6,6,1.0,1
2024-05-24 12:00,551.6,6,1.0,1
2024-05-24 13:00,551.6,6,1.0,1
2024-05-24 14:00,551.6,6,1.0,1
2024-05-24 15:00,551.6,6,1.0,1
2024-05-24 16:00,551.6,6,1.0,1
2024-05-24 17:00,551.6,6,1.0,1
2024-05-24 18:00,551.6,6,1.0,1
2024-05-24 19:00,551.6,6,1.0,1
2024-05-24 20:00,551.6,6,1.0,1
2024-05-24 21:00,551.6,6,1.0,1
2024-05-24 22:00,551.6,6,1.0,1
2024-05-24 23:00,551.6,6,1.0,1
2024-05-25 00:00,551.6,6,1.0,1
2024-05-25 01:00,551.6,6,1.0,1
2024-05-25 02:00,551.6,6,1.0,1
2024-05-25 03:00,552.0,6,1.0,1
2024-05-25 04:00,552.0,6,1.0,1
2024-05-25 05:00,552.0,6,1.0,1
2024-05-25 06:00,552.0,6,1.0,1
2024-05-25 07:00,552.0,6,1.0,1
2024-05-25 08:00,552.0,6,1.0,1
2024-05-25 09:00,552.0,6,1.0,1
2024-05-25 10:00,552.0,6,1.0,1
2024-05-25 11:00,552.0,6,1.0,1
2024-05-25 12:00,552.0,6,1.0,1
2024-05-25 13:00,552.0,6,1.0,1
2024-05-25 14:00,552.0,6,1.0,1
2024-05-25 15:00,552.0,6,1.0,1
2024-05-25 16:00,552.0,6,1.0,1
2024-05-25 17:00,552.2,6,1.0,1
2024-05-25 18:00,553.0,6,1.0,1
2024-05-25 19:00,554.0,6,1.0,1
2024-05-25 20:00,554.2,6,1.0,1
2024-05-25 21:00,554.2,6,1.0,1
2024-05-25 22:00,554.2,6,1.0,1
2024-05-25 23:00,554.2,6,1.0,1
2024-05-26 00:00,554.2,6,1.0,1
2024-05-26 01:00,554.2,6,1.0,1
2024-05-26 02:00,554.2,6,1.0,1
2024-05-26 03:00,554.2,6,1.0,1
2024-05-26 04:00,554.2,6,1.0,1
2024-05-26 05:00,554.2,6,1.0,1
2024-05-26 06:00,554.2,6,1.0,1
2024-05-26 07:00,554.2,6,1.0,1
2024-05-26 08:00,554.2,6,1.0,1
2024-05-26 09:00,554.2,6,1.0,1
2024-05-26 10:00,554.2,6,1.0,1
2024-05-26 11:00,554.2,6,1.0,1
2024-05-26 12:00,554.2,6,1.0,1
2024-05-26 13:00,554.2,6,1.0,1
2024-05-26 14:00,554.2,6,1.0,1
2024-05-26 15:00,554.2,6,1.0,1
2024-05-26 16:00,554.2,6,1.0,1
2024-05-26 17:00,554.2,6,1.0,1
2024-05-26 18:00,554.2,6,1.0,1
2024-05-26 19:00,554.2,6,1.0,1
2024-05-26 20:00,554.2,6,1.0,1
2024-05-26 21:00,554.2,6,1.0,1
2024-05-26 22:00,554.2,6,1.0,1
2024-05-26 23:00,554.2,6,1.0,1
2024-05-27 00:00,554.2,6,1.0,1
2024-05-27 01:00,554.2,6,1.0,1
2024-05-27 02:00,554.2,6,1.0,1
2024-05-27 03:00,554.2,6,1.0,1
2024-05-27 04:00,554.2,6,1.0,1
2024-05-27 05:00,554.2,6,1.0,1
2024-05-27 06:00,554.2,6,1.0,1
2024-05-27 07:00,554.2,6,1.0,1
2024-05-27 08:00,554.2,6,1.0,1
2024-05-27 09:00,554.2,6,1.0,1
2024-05-27 10:00,554.2,6,1.0,1
2024-05-27 11:00,554.2,6,1.0,1
2024-05-27 12:00,554.2,6,1.0,1
2024-05-27 13:00,554.2,6,1.0,1
2024-05-27 14:00,554.2,6,1.0,1
2024-05-27 15:00,554.2,6,1.0,1
2024-05-27 16:00,554.2,6,1.0,1
2024-05-27 17:00,554.2,6,1.0,1
2024-05-27 18:00,554.2,6,1.0,1
2024-05-27 19:00,554.2,6,1.0,1
2024-05-27 20:00,554.2,6,1.0,1
2024-05-27 21:00,554.2,6,1.0,1
2024-05-27 22:00,554.2,6,1.0,1
2024-05-27 23:00,554.2,6,1.0,1
2024-05-28 00:00,554.2,6,1.0,1
2024-05-28 01:00,554.2,6,1.0,1
2024-05-28 02:00,554.2,6,1.0,1
2024-05-28 03:00,554.2,6,1.0,1
2024-05-28 04:00,554.2,6,1.0,1
2024-05-28 05:00,554.2,6,1.0,1
2024-05-28 06:00,554.2,6,1.0,1
2024-05-28 07:00,554.2,6,1.0,1
2024-05-28 08:00,554.2,6,1.0,1
2024-05-28 09:00,554.2,6,1.0,1
2024-05-28 10:00,554.2,6,1.0,1
2024-05-28 11:00,554.2,6,1.0,1
2024-05-28 12:00,554.2,6,1.0,1
2024-05-28 13:00,554.2,6,1.0,1
2024-05-28 14:00,554.2,6,1.0,1
2024-05-28 15:00,554.2,6,1.0,1
2024-05-28 16:00,554.2,6,1.0,1
2024-05-28 17:00,554.2,6,1.0,1
2024-05-28 18:00,554.2,6,1.0,1
2024-05-28 19:00,554.2,6,1.0,1
2024-05-28 20:00,554.2,6,1.0,1
2024-05-28 21:00,554.2,6,1.0,1
2024-05-28 22:00,554.2,6,1.0,1
2024-05-28 23:00,554.2,6,1.0,1
2024-05-29 00:00,554.2,6,1.0,1
2024-05-29 01:00,554.2,6,1.0,1
2024-05-29 02:00,554.2,6,1.0,1
2024-05-29 03:00,554.2,6,1.0,1
2024-05-29 04:00,554.2,6,1.0,1
2024-05-29 05:00,554.2,6,1.0,1
2024-05-29 06:00,554.2,6,1.0,1
2024-05-29 07:00,554.2,6,1.0,1
2024-05-29 08:00,554.2,6,1.0,1
2024-05-29 09:00,554.2,6,1.0,1
2024-05-29 10:00,554.2,6,1.0,1
2024-05-29 11:00,554.2,6,1.0,1
2024-05-29 12:00,554.2,6,1.0,1
2024-05-29 13:00,554.2,6,1.0,1
2024-05-29 14:00,554.2,6,1.0,1
2024-05-29 15:00,554.2,6,1.0,1
2024-05-29 16:00,554.2,6,1.0,1
2024-05-29 17:00,554.2,6,1.0,1
2024-05-29 18:00,554.2,6,1.0,1
2024-05-29 19:00,554.2,6,1.0,1
2024-05-29 20:00,554.2,6,1.0,1
2024-05-29 21:00,554.2,6,1.0,1
2024-05-29 22:00,554.2,6,1.0,1
2024-05-29 23:00,554.2,6,1.0,1
2024-05-30 00:00,554.2,6,1.0,1
2024-05-30 01:00,554.2,6,1.0,1
2024-05-30 02:00,554.2,6,1.0,1
2024-05-30 03:00,554.2,6,1.0,1
2024-05-30 04:00,554.2,6,1.0,1
2024-05-30 05:00,554.2,6,1.0,1
2024-05-30 06:00,554.2,6,1.0,1
2024-05-30 07:00,554.2,6,1.0,1
2024-05-30 08:00,554.2,6,1.0,1
2024-05-30 09:00,554.2,6,1.0,1
2024-05-30 10:00,554.2,6,1.0,1
2024-05-30 11:00,554.2,6,1.0,1
2024-05-30 12:00,554.2,6,1.0,1
2024-05-30 13:00,554.2,6,1.0,1
2024-05-30 14:00,554.2,6,1.0,1
2024-05-30 15:00,554.2,6,1.0,1
2024-05-30 16:00,554.2,6,1.0,1
2024-05-30 17:00,554.2,6,1.0,1
2024-05-30 18:00,554.2,6,1.0,1
2024-05-30 19:00,554.2,6,1.0,1
2024-05-30 20:00,554.2,6,1.0,1
2024-05-30 21:00,554.2,6,1.0,1
2024-05-30 22:00,554.2,6,1.0,1
2024-05-30 23:00,554.2,6,1.0,1
2024-05-31 00:00,554.2,6,1.0,1
2024-05-31 01:00,554.2,6,1.0,1
2024-05-31 02:00,554.2,6,1.0,1
2024-05-31 03:00,554.2,6,1.0,1
2024-05-31 04:00,554.2,6,1.0,1
2024-05-31 05:00,554.2,6,1.0,1
2024-05-31 06:00,554.2,6,1.0,1
2024-05-31 07:00,554.2,6,1.0,1
2024-05-31 08:00,554.2,6,1.0,1
2024-05-31 09:00,554.2,6,1.0,1
2024-05-31 10:00,554.2,6,1.0,1
2024-05-31 11:00,554.2,6,1.0,1
2024-05-31 12:00,556.0,6,1.0,1
2024-05-31 13:00,556.4,6,1.0,1
2024-05-31 14:00,557.6,6,1.0,1
2024-05-31 15:00,557.6,6,1.0,1
2024-05-31 16:00,557.6,6,1.0,1
2024-05-31 17:00,557.6,6,1.0,1
2024-05-31 18:00,557.6,6,1.0,1
2024-05-31 19:00,557.6,6,1.0,1
2024-05-31 20:00,557.6,6,1.0,1
2024-05-31 21:00,557.6,6,1.0,1
2024-05-31 22:00,557.6,6,1.0,1
2024-05-31 23:00,557.6,6,1.0,1
2024-06-01 00:00,557.6,6,1.0,1
2024-06-01 01:00,557.6,6,1.0,1
2024-06-01 02:00,557.6,6,1.0,1
2024-06-01 03:00,557.6,6,1.0,1
2024-06-01 04:00,557.6,6,1.0,1
2024-06-01 05:00,557.6,6,1.0,1
2024-06-01 06:00,557.6,6,1.0,1
2024-06-01 07:00,557.6,6,1.0,1
2024-06-01 08:00,557.6,6,1.0,1
2024-06-01 09:00,557.6,6,1.0,1
2024-06-01 10:00,557.6,6,1.0,1
2024-06-01 11:00,557.8,6,1.0,1
2024-06-01 12:00,557.8,6,1.0,1
2024-06-01 13:00,557.8,6,1.0,1
2024-06-01 14:00,557.8,6,1.0,1
2024-06-01 15:00,557.8,6,1.0,1
2024-06-01 16:00,557.8,6,1.0,1
2024-06-01 17:00,557.8,6,1.0,1
2024-06-01 18:00,558.0,6,1.0,1
2024-06-01 19:00,558.0,6,1.0,1
2024-06-01 20:00,558.0,6,1.0,1
2024-06-01 21:00,558.0,6,1.0,1
2024-06-01 22:00,558.0,6,1.0,1
2024-06-01 23:00,558.0,6,1.0,1
2024-06-02 00:00,558.0,6,1.0,1
2024-06-02 01:00,558.0,6,1.0,1
2024-06-02 02:00,558.0,6,1.0,1
2024-06-02 03:00,558.0,6,1.0,1
2024-06-02 04:00,558.0,6,1.0,1
2024-06-02 05:00,558.0,6,1.0,1
2024-06-02 06:00,558.0,6,1.0,1
2024-06-02 07:00,558.0,6,1.0,1
2024-06-02 08:00,558.0,6,1.0,1
2024-06-02 09:00,558.0,6,1.0,1
2024-06-02 10:00,558.0,6,1.0,1
2024-06-02 11:00,558.0,6,1.0,1
2024-06-02 12:00,558.0,6,1.0,1
2024-06-02 13:00,558.0,6,1.0,1
2024-06-02 14:00,558.0,6,1.0,1
2024-06-02 15:00,558.0,6,1.0,1
2024-06-02 16:00,558.0,6,1.0,1
2024-06-02 17:00,558.0,6,1.0,1
2024-06-02 18:00,558.0,6,1.0,1
2024-06-02 19:00,558.0,6,1.0,1
2024-06-02 20:00,558.0,6,1.0,1
2024-06-02 21:00,558.0,6,1.0,1
2024-06-02 22:00,558.0,6,1.0,1
2024-06-02 23:00,558.0,6,1.0,1
2024-06-03 00:00,558.0,6,1.0,1
2024-06-03 01:00,558.0,6,1.0,1
2024-06-03 02:00,558.0,6,1.0,1
2024-06-03 03:00,558.0,6,1.0,1
2024-06-03 04:00,558.0,6,1.0,1
2024-06-03 05:00,558.0,6,1.0,1
2024-06-03 06:00,558.0,6,1.0,1
2024-06-03 07:00,558.0,6,1.0,1
2024-06-03 08:00,558.0,6,1.0,1
2024-06-03 09:00,558.0,6,1.0,1
2024-06-03 10:00,558.0,6,1.0,1
2024-06-03 11:00,558.0,6,1.0,1
2024-06-03 12:00,558.0,6,1.0,1
2024-06-03 13:00,558.0,6,1.0,1
2024-06-03 14:00,558.0,6,1.0,1
2024-06-03 15:00,558.0,6,1.0,1
2024-06-03 16:00,558.0,6,1.0,1
2024-06-03 17:00,558.0,6,1.0,1
2024-06-03 18:00,558.0,6,1.0,1
2024-06-03 19:00,558.0,6,1.0,1
2024-06-03 20:00,558.0,6,1.0,1
2024-06-03 21:00,558.0,6,1.0,1
2024-06-03 22:00,558.0,6,1.0,1
2024-06-03 23:00,558.0,6,1.0,1
2024-06-04 00:00,558.0,6,1.0,1
2024-06-04 01:00,558.0,6,1.0,1
2024-06-04 02:00,558.0,6,1.0,1
2024-06-04 03:00,558.0,6,1.0,1
2024-06-04 04:00,558.0,6,1.0,1
2024-06-04 05:00,558.0,6,1.0,1
2024-06-04 06:00,558.0,6,1.0,1
2024-06-04 07:00,558.0,6,1.0,1
2024-06-04 08:00,558.0,6,1.0,1
2024-06-04 09:00,558.0,6,1.0,1
2024-06-04 10:00,558.0,6,1.0,1
2024-06-04 11:00,558.0,6,1.0,1
2024-06-04 12:00,558.0,6,1.0,1
2024-06-04 13:00,558.0,6,1.0,1
2024-06-04 14:00,558.0,6,1.0,1
2024-06-04 15:00,558.0,6,1.0,1
2024-06-04 16:00,558.0,6,1.0,1
2024-06-04 17:00,558.0,6,1.0,1
2024-06-04 18:00,558.0,6,1.0,1
2024-06-04 19:00,558.0,6,1.0,1
2024-06-04 20:00,558.0,6,1.0,1
2024-06-04 21:00,558.0,6,1.0,1
2024-06-04 22:00,558.0,6,1.0,1
2024-06-04 23:00,558.0,6,1.0,1
2024-06-05 00:00,558.2,6,1.0,1
2024-06-05 01:00,558.2,6,1.0,1
2024-06-05 02:00,558.2,6,1.0,1
2024-06-05 03:00,558.2,6,1.0,1
2024-06-05 04:00,558.2,6,1.0,1
2024-06-05 05:00,558.2,6,1.0,1
2024-06-05 06:00,558.2,6,1.0,1
2024-06-05 07:00,558.2,6,1.0,1
2024-06-05 08:00,558.2,6,1.0,1
2024-06-05 09:00,558.2,6,1.0,1
2024-06-05 10:00,558.2,6,1.0,1
2024-06-05 11:00,558.2,6,1.0,1
2024-06-05 12:00,558.2,6,1.0,1
2024-06-05 13:00,558.2,6,1.0,1
2024-06-05 14:00,558.2,6,1.0,1
2024-06-05 15:00,558.2,6,1.0,1
2024-06-05 16:00,558.2,2,0.333,1
2024-06-09 00:00,558.2,6,1.0,1
2024-06-09 01:00,558.2,6,1.0,1
2024-06-09 02:00,558.2,6,1.0,1
2024-06-09 03:00,558.2,6,1.0,1
2024-06-09 04:00,558.2,6,1.0,1
2024-06-09 05:00,558.2,6,1.0,1
2024-06-09 06:00,558.2,6,1.0,1
2024-06-09 07:00,558.2,6,1.0,1
2024-06-09 08:00,558.2,6,1.0,1
2024-06-09 09:00,558.2,6,1.0,1
2024-06-09 10:00,558.2,6,1.0,1
2024-06-09 11:00,558.2,6,1.0,1
2024-06-09 12:00,558.2,6,1.0,1
2024-06-09 13:00,558.2,6,1.0,1
2024-06-09 14:00,558.2,6,1.0,1
2024-06-09 15:00,558.2,6,1.0,1
2024-06-09 16:00,558.2,6,1.0,1
2024-06-09 17:00,558.2,6,1.0,1
2024-06-09 18:00,558.2,6,1.0,1
2024-06-09 19:00,558.2,6,1.0,1
2024-06-09 20:00,558.2,6,1.0,1
2024-06-09 21:00,558.2,6,1.0,1
2024-06-09 22:00,558.2,6,1.0,1
2024-06-09 23:00,558.2,6,1.0,1
2024-06-10 00:00,558.2,6,1.0,1
2024-06-10 01:00,558.2,6,1.0,1
2024-06-10 02:00,558.2,6,1.0,1
2024-06-10 03:00,558.2,6,1.0,1
2024-06-10 04:00,558.2,6,1.0,1
2024-06-10 05:00,558.2,6,1.0,1
2024-06-10 06:00,558.2,6,1.0,1
2024-06-10 07:00,558.2,6,1.0,1
2024-06-10 08:00,558.2,6,1.0,1
2024-06-10 09:00,558.2,6,1.0,1
2024-06-10 10:00,558.2,6,1.0,1
2024-06-10 11:00,558.2,6,1.0,1
2024-06-10 12:00,558.2,6,1.0,1
2024-06-10 13:00,558.2,5,0.833,1
2024-07-04 00:00,558.2,6,1.0,1
2024-07-04 01:00,558.2,6,1.0,1
2024-07-04 02:00,558.2,6,1.0,1
2024-07-04 03:00,558.2,6,1.0,1
2024-07-04 04:00,558.2,6,1.0,1
2024-07-04 05:00,558.2,6,1.0,1
2024-07-04 06:00,558.2,6,1.0,1
2024-07-04 07:00,558.2,6,1.0,1
2024-07-04 08:00,558.2,6,1.0,1
2024-07-04 09:00,558.2,6,1.0,1
2024-07-04 10:00,558.2,6,1.0,1
2024-07-04 11:00,558.2,6,1.0,1
2024-07-04 12:00,558.2,6,1.0,1
2024-07-04 13:00,558.2,6,1.0,1
2024-07-04 14:00,558.2,6,1.0,1
2024-07-04 15:00,558.2,6,1.0,1
2024-07-04 16:00,558.2,6,1.0,1
2024-07-04 17:00,558.2,6,1.0,1
2024-07-04 18:00,558.2,6,1.0,1
2024-07-04 19:00,558.2,6,1.0,1
2024-07-04 20:00,558.2,6,1.0,1
2024-07-04 21:00,558.2,6,1.0,1
2024-07-04 22:00,558.2,6,1.0,1
2024-07-04 23:00,558.2,6,1.0,1
2024-07-05 00:00,558.2,6,1.0,1
2024-07-05 01:00,558.2,6,1.0,1
2024-07-05 02:00,558.2,6,1.0,1
2024-07-05 03:00,558.2,6,1.0,1
2024-07-05 04:00,558.2,6,1.0,1
2024-07-05 05:00,558.2,6,1.0,1
2024-07-05 06:00,558.2,6,1.0,1
2024-07-05 07:00,558.2,6,1.0,1
2024-07-07 23:00,558.2,1,0.167,1
2024-07-08 00:00,558.2,6,1.0,1
2024-07-08 01:00,558.2,6,1.0,1
2024-07-08 02:00,558.2,6,1.0,1
2024-07-08 03:00,558.2,6,1.0,1
2024-07-08 04:00,558.2,6,1.0,1
2024-07-08 05:00,558.2,6,1.0,1
2024-07-08 06:00,558.2,6,1.0,1
2024-07-08 07:00,558.2,6,1.0,1
2024-07-08 08:00,558.2,6,1.0,1
2024-07-08 09:00,558.2,6,1.0,1
2024-07-08 10:00,558.2,6,1.0,1
2024-07-08 11:00,558.2,6,1.0,1
2024-07-08 12:00,558.2,6,1.0,1
2024-07-08 13:00,558.2,6,1.0,1
2024-07-08 14:00,558.2,6,1.0,1
2024-07-08 15:00,558.2,6,1.0,1
2024-07-08 16:00,558.2,6,1.0,1
2024-07-08 17:00,558.2,6,1.0,1
2024-07-08 18:00,558.2,6,1.0,1
2024-07-08 19:00,558.2,6,1.0,1
2024-07-08 20:00,558.2,6,1.0,1
2024-07-08 21:00,558.2,6,1.0,1
2024-07-08 22:00,558.2,6,1.0,1
2024-07-08 23:00,558.2,6,1.0,1
2024-07-09 00:00,558.2,6,1.0,1
2024-07-09 01:00,558.2,6,1.0,1
2024-07-09 02:00,558.2,6,1.0,1
2024-07-09 03:00,558.2,6,1.0,1
2024-07-09 04:00,558.2,6,1.0,1
2024-07-09 05:00,558.2,6,1.0,1
2024-07-09 06:00,558.2,6,1.0,1
2024-07-09 07:00,558.2,6,1.0,1
2024-07-09 08:00,558.2,6,1.0,1
2024-07-09 09:00,558.2,6,1.0,1
2024-07-09 10:00,558.2,6,1.0,1
2024-07-09 11:00,558.2,6,1.0,1
2024-07-09 12:00,558.2,6,1.0,1
2024-07-09 13:00,558.2,6,1.0,1
2024-07-09 14:00,558.2,6,1.0,1
2024-07-09 15:00,558.2,6,1.0,1
2024-07-09 16:00,558.2,6,1.0,1
2024-07-09 17:00,558.2,6,1.0,1
2024-07-09 18:00,558.2,6,1.0,1
2024-07-09 19:00,558.2,6,1.0,1
2024-07-09 20:00,558.2,6,1.0,1
2024-07-09 21:00,558.2,6,1.0,1
2024-07-09 22:00,558.2,6,1.0,1
2024-07-09 23:00,558.2,6,1.0,1
2024-07-10 00:00,558.2,6,1.0,1
2024-07-10 01:00,558.2,6,1.0,1
2024-07-10 02:00,558.2,6,1.0,1
2024-07-10 03:00,558.2,6,1.0,1
2024-07-10 04:00,558.2,6,1.0,1
2024-07-10 05:00,558.2,6,1.0,1
2024-07-10 06:00,558.2,6,1.0,1
2024-07-10 07:00,558.2,6,1.0,1
2024-07-10 08:00,558.2,6,1.0,1
2024-07-10 09:00,558.2,6,1.0,1
2024-07-10 10:00,558.2,6,1.0,1
2024-07-10 11:00,558.2,6,1.0,1
2024-07-10 12:00,558.2,6,1.0,1
2024-07-10 13:00,558.2,6,1.0,1
2024-07-10 14:00,558.2,6,1.0,1
2024-07-10 15:00,558.2,6,1.0,1
2024-07-10 16:00,558.2,6,1.0,1
2024-07-10 17:00,558.2,6,1.0,1
2024-07-10 18:00,558.2,6,1.0,1
2024-07-10 19:00,558.2,6,1.0,1
2024-07-10 20:00,558.2,6,1.0,1
2024-07-10 21:00,558.2,6,1.0,1
2024-07-10 22:00,558.2,6,1.0,1
2024-07-10 23:00,558.2,6,1.0,1
2024-07-11 00:00,558.2,6,1.0,1
2024-07-11 01:00,558.2,6,1.0,1
2024-07-11 02:00,558.2,6,1.0,1
2024-07-11 03:00,558.2,6,1.0,1
2024-07-11 04:00,558.2,6,1.0,1
2024-07-11 05:00,558.2,6,1.0,1
2024-07-11 06:00,558.2,6,1.0,1
2024-07-11 07:00,558.2,6,1.0,1
2024-07-11 08:00,558.2,6,1.0,1
2024-07-11 09:00,558.2,6,1.0,1
2024-07-11 10:00,558.2,6,1.0,1
2024-07-11 11:00,558.2,6,1.0,1
2024-07-11 12:00,558.2,6,1.0,1
2024-07-11 13:00,558.2,6,1.0,1
2024-07-11 14:00,558.2,6,1.0,1
2024-07-11 15:00,558.2,6,1.0,1
2024-07-11 16:00,558.2,6,1.0,1
2024-07-11 17:00,558.2,6,1.0,1
2024-07-11 18:00,558.2,6,1.0,1
2024-07-11 19:00,558.2,6,1.0,1
2024-07-11 20:00,558.2,6,1.0,1
2024-07-11 21:00,558.2,6,1.0,1
2024-07-11 22:00,558.2,6,1.0,1
2024-07-11 23:00,558.2,6,1.0,1
2024-07-12 00:00,558.2,6,1.0,1
2024-07-12 01:00,558.2,6,1.0,1
2024-07-12 02:00,558.2,6,1.0,1
2024-07-12 03:00,558.2,6,1.0,1
2024-07-12 04:00,558.2,6,1.0,1
2024-07-12 05:00,558.2,6,1.0,1
2024-07-12 06:00,558.2,6,1.0,1
2024-07-12 07:00,558.2,6,1.0,1
2024-07-12 08:00,558.2,6,1.0,1
2024-07-12 09:00,558.2,6,1.0,1
2024-07-12 10:00,558.2,6,1.0,1
2024-07-12 11:00,558.2,6,1.0,1
2024-07-12 12:00,558.2,6,1.0,1
2024-07-12 13:00,558.2,6,1.0,1
2024-07-12 14:00,558.2,6,1.0,1
2024-07-12 15:00,558.2,6,1.0,1
2024-07-12 16:00,558.2,6,1.0,1
2024-07-12 17:00,558.2,6,1.0,1
2024-07-12 18:00,558.2,6,1.0,1
2024-07-12 19:00,558.2,6,1.0,1
2024-07-12 20:00,558.2,6,1.0,1
2024-07-12 21:00,558.2,6,1.0,1
2024-07-12 22:00,558.2,6,1.0,1
2024-07-12 23:00,558.2,6,1.0,1
2024-07-13 00:00,558.2,6,1.0,1
2024-07-13 01:00,558.2,6,1.0,1
2024-07-13 02:00,558.2,6,1.0,1
2024-07-13 03:00,558.2,6,1.0,1
2024-07-13 04:00,558.2,6,1.0,1
2024-07-13 05:00,558.2,6,1.0,1
2024-07-13 06:00,558.2,6,1.0,1
2024-07-13 07:00,558.2,6,1.0,1
2024-07-13 08:00,558.2,6,1.0,1
2024-07-13 09:00,558.2,6,1.0,1
2024-07-13 10:00,558.2,6,1.0,1
2024-07-13 11:00,558.2,6,1.0,1
2024-07-13 12:00,558.2,6,1.0,1
2024-07-13 13:00,558.2,6,1.0,1
2024-07-13 14:00,558.2,6,1.0,1
2024-07-13 15:00,558.2,6,1.0,1
2024-07-13 16:00,558.2,6,1.0,1
2024-07-13 17:00,558.2,6,1.0,1
2024-07-13 18:00,558.2,6,1.0,1
2024-07-13 19:00,558.2,6,1.0,1
2024-07-13 20:00,558.2,6,1.0,1
2024-07-13 21:00,558.2,6,1.0,1
2024-07-13 22:00,558.2,6,1.0,1
2024-07-13 23:00,558.2,6,1.0,1
2024-07-14 00:00,558.2,6,1.0,1
2024-07-14 01:00,558.2,6,1.0,1
2024-07-14 02:00,558.2,6,1.0,1
2024-07-14 03:00,558.2,6,1.0,1
2024-07-14 04:00,558.2,6,1.0,1
2024-07-14 05:00,558.2,6,1.0,1
2024-07-14 06:00,558.2,6,1.0,1
2024-07-14 07:00,558.2,6,1.0,1
2024-07-14 08:00,558.2,6,1.0,1
2024-07-14 09:00,558.2,6,1.0,1
2024-07-14 10:00,558.2,6,1.0,1
2024-07-14 11:00,558.2,6,1.0,1
2024-07-14 12:00,558.2,6,1.0,1
2024-07-14 13:00,558.2,6,1.0,1
2024-07-14 14:00,558.2,6,1.0,1
2024-07-14 15:00,558.2,6,1.0,1
2024-07-14 16:00,558.2,6,1.0,1
2024-07-14 17:00,558.2,6,1.0,1
2024-07-14 18:00,558.2,6,1.0,1
2024-07-14 19:00,558.2,6,1.0,1
2024-07-14 20:00,558.2,6,1.0,1
2024-07-14 21:00,558.2,6,1.0,1
2024-07-14 22:00,558.2,6,1.0,1
2024-07-14 23:00,558.2,6,1.0,1
2024-07-15 00:00,558.2,6,1.0,1
2024-07-15 01:00,558.2,6,1.0,1
2024-07-15 02:00,558.2,6,1.0,1
2024-07-15 03:00,558.2,6,1.0,1
2024-07-15 04:00,558.2,6,1.0,1
2024-07-15 05:00,558.2,6,1.0,1
2024-07-15 06:00,558.2,6,1.0,1
2024-07-15 07:00,558.2,6,1.0,1
2024-07-15 08:00,558.2,6,1.0,1
2024-07-15 09:00,558.2,6,1.0,1
2024-07-15 10:00,558.2,6,1.0,1
2024-07-15 11:00,558.2,6,1.0,1
2024-07-15 12:00,558.2,6,1.0,1
2024-07-15 13:00,558.2,6,1.0,1
2024-07-15 14:00,558.2,6,1.0,1
2024-07-15 15:00,558.2,6,1.0,1
2024-07-15 16:00,558.2,6,1.0,1
2024-07-15 17:00,558.2,6,1.0,1
2024-07-15 18:00,558.2,6,1.0,1
2024-07-15 19:00,558.2,6,1.0,1
2024-07-15 20:00,558.2,6,1.0,1
2024-07-15 21:00,558.2,6,1.0,1
2024-07-15 22:00,558.2,6,1.0,1
2024-07-15 23:00,558.2,6,1.0,1
2024-07-16 00:00,558.2,6,1.0,1
2024-07-16 01:00,558.2,6,1.0,1
2024-07-16 02:00,558.2,6,1.0,1
2024-07-16 03:00,558.2,6,1.0,1
2024-07-16 04:00,558.2,6,1.0,1
2024-07-16 05:00,558.2,6,1.0,1
2024-07-16 06:00,558.2,6,1.0,1
2024-07-16 07:00,558.2,6,1.0,1
2024-07-16 08:00,558.2,6,1.0,1
2024-07-16 09:00,558.2,6,1.0,1
2024-07-16 10:00,558.2,6,1.0,1
2024-07-16 11:00,558.2,6,1.0,1
2024-07-16 12:00,558.2,6,1.0,1
2024-07-16 13:00,558.2,6,1.0,1
2024-07-16 14:00,558.2,6,1.0,1
2024-07-16 15:00,558.2,6,1.0,1
2024-07-16 16:00,558.2,6,1.0,1
2024-07-16 17:00,558.2,6,1.0,1
2024-07-16 18:00,558.2,6,1.0,1
2024-07-16 19:00,558.2,6,1.0,1
2024-07-16 20:00,558.2,6,1.0,1
2024-07-16 21:00,558.2,6,1.0,1
2024-07-16 22:00,558.2,6,1.0,1
2024-07-16 23:00,558.2,6,1.0,1
2024-07-17 00:00,558.2,6,1.0,1
2024-07-17 01:00,558.2,6,1.0,1
2024-07-17 02:00,558.2,6,1.0,1
2024-07-17 03:00,558.2,6,1.0,1
2024-07-17 04:00,558.2,6,1.0,1
2024-07-17 05:00,558.2,6,1.0,1
2024-07-17 06:00,558.2,6,1.0,1
2024-07-17 07:00,558.2,6,1.0,1
2024-07-17 08:00,558.2,6,1.0,1
2024-07-17 09:00,558.2,6,1.0,1
2024-07-17 10:00,558.2,6,1.0,1
2024-07-17 11:00,558.2,6,1.0,1
2024-07-17 12:00,558.2,6,1.0,1
2024-07-17 13:00,558.2,6,1.0,1
2024-07-17 14:00,558.2,6,1.0,1
2024-07-17 15:00,558.2,6,1.0,1
2024-07-17 16:00,558.2,6,1.0,1
2024-07-17 17:00,558.2,6,1.0,1
2024-07-17 18:00,558.2,6,1.0,1
2024-07-17 19:00,558.2,6,1.0,1
2024-07-17 20:00,558.2,6,1.0,1
2024-07-17 21:00,558.2,6,1.0,1
2024-07-17 22:00,558.2,6,1.0,1
2024-07-17 23:00,558.2,6,1.0,1
2024-07-18 00:00,558.2,6,1.0,1
2024-07-18 01:00,558.2,6,1.0,1
2024-07-18 02:00,558.2,6,1.0,1
2024-07-18 03:00,558.2,6,1.0,1
2024-07-18 04:00,558.2,6,1.0,1
2024-07-18 05:00,558.2,6,1.0,1
2024-07-18 06:00,558.2,6,1.0,1
2024-07-18 07:00,558.2,6,1.0,1
2024-07-18 08:00,558.2,6,1.0,1
2024-07-18 09:00,558.2,6,1.0,1
2024-07-18 10:00,558.2,6,1.0,1
2024-07-18 11:00,558.2,6,1.0,1
2024-07-18 12:00,558.2,6,1.0,1
2024-07-18 13:00,558.2,6,1.0,1
2024-07-18 14:00,558.2,6,1.0,1
2024-07-18 15:00,558.2,6,1.0,1
2024-07-18 16:00,558.2,6,1.0,1
2024-07-18 17:00,558.2,6,1.0,1
2024-07-18 18:00,558.2,6,1.0,1
2024-07-18 19:00,558.2,6,1.0,1
2024-07-18 20:00,558.2,6,1.0,1
2024-07-18 21:00,558.2,6,1.0,1
2024-07-18 22:00,558.2,6,1.0,1
2024-07-18 23:00,558.2,6,1.0,1
2024-07-19 00:00,558.2,6,1.0,1
2024-07-19 01:00,558.2,6,1.0,1
2024-07-19 02:00,558.2,6,1.0,1
2024-07-19 03:00,558.2,6,1.0,1
2024-07-19 04:00,558.2,6,1.0,1
2024-07-19 05:00,558.2,6,1.0,1
2024-07-19 06:00,558.2,6,1.0,1
2024-07-19 07:00,558.2,6,1.0,1
2024-07-19 08:00,558.2,6,1.0,1
2024-07-19 09:00,558.2,6,1.0,1
2024-07-19 10:00,558.2,6,1.0,1
2024-07-19 11:00,558.2,6,1.0,1
2024-07-19 12:00,558.2,6,1.0,1
2024-07-19 13:00,558.2,6,1.0,1
2024-07-19 14:00,558.2,6,1.0,1
2024-07-19 15:00,558.2,6,1.0,1
2024-07-19 16:00,558.2,6,1.0,1
2024-07-19 17:00,558.2,6,1.0,1
2024-07-19 18:00,558.2,6,1.0,1
2024-07-19 19:00,558.2,6,1.0,1
2024-07-19 20:00,558.2,6,1.0,1
2024-07-19 21:00,558.2,6,1.0,1
2024-07-19 22:00,558.2,6,1.0,1
2024-07-19 23:00,558.2,6,1.0,1
2024-07-20 00:00,558.2,6,1.0,1
2024-07-20 01:00,558.2,6,1.0,1
2024-07-20 02:00,558.2,6,1.0,1
2024-07-20 03:00,558.2,6,1.0,1
2024-07-20 04:00,558.2,6,1.0,1
2024-07-20 05:00,558.2,6,1.0,1
2024-07-20 06:00,558.2,6,1.0,1
2024-07-20 07:00,558.2,6,1.0,1
2024-07-20 08:00,558.2,6,1.0,1
2024-07-20 09:00,558.2,6,1.0,1
2024-07-20 10:00,558.2,6,1.0,1
2024-07-20 11:00,558.2,6,1.0,1
2024-07-20 12:00,558.2,6,1.0,1
2024-07-20 13:00,558.2,6,1.0,1
2024-07-20 14:00,558.2,6,1.0,1
2024-07-20 15:00,558.2,6,1.0,1
2024-07-20 16:00,558.2,6,1.0,1
2024-07-20 17:00,558.2,6,1.0,1
2024-07-20 18:00,558.2,6,1.0,1
2024-07-20 19:00,558.2,6,1.0,1
2024-07-20 20:00,558.2,6,1.0,1
2024-07-20 21:00,558.2,6,1.0,1
2024-07-20 22:00,558.2,6,1.0,1
2024-07-20 23:00,558.2,6,1.0,1
2024-07-21 00:00,558.2,6,1.0,1
2024-07-21 01:00,558.2,6,1.0,1
2024-07-21 02:00,558.2,6,1.0,1
2024-07-21 03:00,558.2,6,1.0,1
2024-07-21 04:00,558.2,6,1.0,1
2024-07-21 05:00,558.2,6,1.0,1
2024-07-21 06:00,558.2,6,1.0,1
2024-07-21 07:00,558.2,6,1.0,1
2024-07-21 08:00,558.2,6,1.0,1
2024-07-21 09:00,558.2,6,1.0,1
2024-07-21 10:00,558.2,6,1.0,1
2024-07-21 11:00,558.2,6,1.0,1
2024-07-21 12:00,558.2,6,1.0,1
2024-07-21 13:00,558.2,6,1.0,1
2024-07-21 14:00,558.2,6,1.0,1
2024-07-21 15:00,558.2,6,1.0,1
2024-07-21 16:00,558.2,6,1.0,1
2024-07-21 17:00,558.2,6,1.0,1
2024-07-21 18:00,558.2,6,1.0,1
2024-07-21 19:00,558.2,6,1.0,1
2024-07-21 20:00,558.2,6,1.0,1
2024-07-21 21:00,558.2,6,1.0,1
2024-07-21 22:00,558.2,6,1.0,1
2024-07-21 23:00,558.2,6,1.0,1
2024-07-22 00:00,558.2,6,1.0,1
2024-07-22 01:00,558.2,6,1.0,1
2024-07-22 02:00,558.2,6,1.0,1
2024-07-22 03:00,558.2,6,1.0,1
2024-07-22 04:00,558.2,6,1.0,1
2024-07-22 05:00,558.2,6,1.0,1
2024-07-22 06:00,558.2,6,1.0,1
2024-07-22 07:00,558.2,6,1.0,1
2024-07-22 08:00,558.2,6,1.0,1
2024-07-22 09:00,558.2,6,1.0,1
2024-07-22 10:00,558.2,6,1.0,1
2024-07-22 11:00,558.2,6,1.0,1
2024-07-22 12:00,563.8,6,1.0,1
2024-07-22 13:00,578.8,6,1.0,1
2024-07-22 14:00,579.0,6,1.0,1
2024-07-22 15:00,579.4,6,1.0,1
2024-07-22 16:00,579.4,6,1.0,1
2024-07-22 17:00,579.6,6,1.0,1
2024-07-22 18:00,579.6,6,1.0,1
2024-07-22 19:00,579.6,6,1.0,1
2024-07-22 20:00,579.6,6,1.0,1
2024-07-22 21:00,579.6,6,1.0,1
2024-07-22 22:00,579.6,6,1.0,1
2024-07-22 23:00,579.6,6,1.0,1
2024-07-23 00:00,579.6,6,1.0,1
2024-07-23 01:00,579.6,6,1.0,1
2024-07-23 02:00,579.6,6,1.0,1
2024-07-23 03:00,579.6,6,1.0,1
2024-07-23 04:00,579.6,6,1.0,1
2024-07-23 05:00,579.6,6,1.0,1
2024-07-23 06:00,579.6,6,1.0,1
2024-07-23 07:00,579.6,6,1.0,1
2024-07-23 08:00,579.6,6,1.0,1
2024-07-23 09:00,579.6,6,1.0,1
2024-07-23 10:00,579.6,6,1.0,1
2024-07-23 11:00,579.6,6,1.0,1
2024-07-23 12:00,579.6,6,1.0,1
2024-07-23 13:00,579.6,6,1.0,1
2024-07-23 14:00,579.6,6,1.0,1
2024-07-23 15:00,579.6,6,1.0,1
2024-07-23 16:00,579.6,6,1.0,1
2024-07-23 17:00,579.6,6,1.0,1
2024-07-23 18:00,579.6,6,1.0,1
2024-07-23 19:00,579.6,6,1.0,1
2024-07-23 20:00,579.6,6,1.0,1
2024-07-23 21:00,579.6,6,1.0,1
2024-07-23 22:00,579.6,6,1.0,1
2024-07-23 23:00,579.6,6,1.0,1
2024-07-24 00:00,579.6,6,1.0,1
2024-07-24 01:00,579.6,6,1.0,1
2024-07-24 02:00,579.6,6,1.0,1
2024-07-24 03:00,579.6,6,1.0,1
2024-07-24 04:00,579.6,6,1.0,1
2024-07-24 05:00,579.6,6,1.0,1
2024-07-24 06:00,579.6,6,1.0,1
2024-07-24 07:00,579.6,6,1.0,1
2024-07-24 08:00,579.6,6,1.0,1
2024-07-24 09:00,579.6,6,1.0,1
2024-07-24 10:00,579.6,6,1.0,1
2024-07-24 11:00,579.6,6,1.0,1
2024-07-24 12:00,579.6,6,1.0,1
2024-07-24 13:00,579.6,6,1.0,1
2024-07-24 14:00,579.6,6,1.0,1
2024-07-24 15:00,579.6,6,1.0,1
2024-07-24 16:00,579.6,6,1.0,1
2024-07-24 17:00,579.6,6,1.0,1
2024-07-24 18:00,579.6,6,1.0,1
2024-07-24 19:00,579.6,6,1.0,1
2024-07-24 20:00,579.6,6,1.0,1
2024-07-24 21:00,579.6,6,1.0,1
2024-07-24 22:00,579.6,6,1.0,1
2024-07-24 23:00,579.6,6,1.0,1
2024-07-25 00:00,579.6,6,1.0,1
2024-07-25 01:00,579.6,6,1.0,1
2024-07-25 02:00,579.6,6,1.0,1
2024-07-25 03:00,579.6,6,1.0,1
2024-07-25 04:00,579.6,6,1.0,1
2024-07-25 05:00,579.6,6,1.0,1
2024-07-25 06:00,579.6,6,1.0,1
2024-07-25 07:00,579.6,6,1.0,1
2024-07-25 08:00,579.6,6,1.0,1
2024-07-25 09:00,579.6,6,1.0,1
2024-07-25 10:00,579.6,6,1.0,1
2024-07-25 11:00,579.6,6,1.0,1
2024-07-25 12:00,579.6,6,1.0,1
2024-07-25 13:00,579.6,6,1.0,1
2024-07-25 14:00,579.6,6,1.0,1
2024-07-25 15:00,579.6,6,1.0,1
2024-07-25 16:00,579.6,6,1.0,1
2024-07-25 17:00,579.6,6,1.0,1
2024-07-25 18:00,579.6,6,1.0,1
2024-07-25 19:00,579.6,6,1.0,1
2024-07-25 20:00,579.6,6,1.0,1
2024-07-25 21:00,579.6,6,1.0,1
2024-07-25 22:00,579.6,6,1.0,1
2024-07-25 23:00,579.6,6,1.0,1
2024-07-26 00:00,579.6,6,1.0,1
2024-07-26 01:00,579.6,6,1.0,1
2024-07-26 02:00,579.6,6,1.0,1
2024-07-26 03:00,579.6,6,1.0,1
2024-07-26 04:00,579.6,6,1.0,1
2024-07-26 05:00,579.6,6,1.0,1
2024-07-26 06:00,579.6,6,1.0,1
2024-07-26 07:00,579.6,6,1.0,1
2024-07-26 08:00,579.6,6,1.0,1
2024-07-26 09:00,579.6,6,1.0,1
2024-07-26 10:00,579.6,6,1.0,1
2024-07-26 11:00,579.6,6,1.0,1
2024-07-26 12:00,579.6,6,1.0,1
2024-07-26 13:00,579.6,6,1.0,1
2024-07-26 14:00,579.6,6,1.0,1
2024-07-26 15:00,579.6,6,1.0,1
2024-07-26 16:00,579.6,6,1.0,1
2024-07-26 17:00,579.6,6,1.0,1
2024-07-26 18:00,579.6,6,1.0,1
2024-07-26 19:00,579.6,6,1.0,1
2024-07-26 20:00,579.6,6,1.0,1
2024-07-26 21:00,579.6,6,1.0,1
2024-07-26 22:00,579.6,6,1.0,1
2024-07-26 23:00,579.6,6,1.0,1
2024-07-27 00:00,579.6,6,1.0,1
2024-07-27 01:00,579.6,6,1.0,1
2024-07-27 02:00,579.6,6,1.0,1
2024-07-27 03:00,579.6,6,1.0,1
2024-07-27 04:00,579.6,6,1.0,1
2024-07-27 05:00,579.6,6,1.0,1
2024-07-27 06:00,579.6,6,1.0,1
2024-07-27 07:00,579.6,6,1.0,1
2024-07-27 08:00,579.6,6,1.0,1
2024-07-27 09:00,579.6,6,1.0,1
2024-07-27 10:00,579.6,6,1.0,1
2024-07-27 11:00,579.6,6,1.0,1
2024-07-27 12:00,579.6,6,1.0,1
2024-07-27 13:00,579.6,6,1.0,1
2024-07-27 14:00,579.6,6,1.0,1
2024-07-27 15:00,579.6,6,1.0,1
2024-07-27 16:00,579.6,6,1.0,1
2024-07-27 17:00,579.6,6,1.0,1
2024-07-27 18:00,579.6,6,1.0,1
2024-07-27 19:00,579.6,6,1.0,1
2024-07-27 20:00,579.6,6,1.0,1
2024-07-27 21:00,579.6,6,1.0,1
2024-07-27 22:00,579.6,6,1.0,1
2024-07-27 23:00,579.6,6,1.0,1
2024-07-28 00:00,579.6,6,1.0,1
2024-07-28 01:00,579.6,6,1.0,1
2024-07-28 02:00,579.6,6,1.0,1
2024-07-28 03:00,579.6,6,1.0,1
2024-07-28 04:00,579.6,6,1.0,1
2024-07-28 05:00,579.6,6,1.0,1
2024-07-28 06:00,579.6,6,1.0,1
2024-07-28 07:00,579.6,6,1.0,1
2024-07-28 08:00,579.6,6,1.0,1
2024-07-28 09:00,579.6,6,1.0,1
2024-07-28 10:00,579.6,6,1.0,1
2024-07-28 11:00,579.6,6,1.0,1
2024-07-28 12:00,579.6,6,1.0,1
2024-07-28 13:00,579.6,6,1.0,1
2024-07-28 14:00,579.6,6,1.0,1
2024-07-28 15:00,579.6,6,1.0,1
2024-07-28 16:00,579.6,6,1.0,1
2024-07-28 17:00,579.6,6,1.0,1
2024-07-28 18:00,579.6,6,1.0,1
2024-07-28 19:00,579.6,6,1.0,1
2024-07-28 20:00,579.6,6,1.0,1
2024-07-28 21:00,579.6,6,1.0,1
2024-07-28 22:00,579.6,6,1.0,1
2024-07-28 23:00,579.6,6,1.0,1
2024-07-29 00:00,579.6,6,1.0,1
2024-07-29 01:00,579.6,6,1.0,1
2024-07-29 02:00,579.6,6,1.0,1
2024-07-29 03:00,579.6,6,1.0,1
2024-07-29 04:00,579.6,6,1.0,1
2024-07-29 05:00,579.6,6,1.0,1
2024-07-29 06:00,579.6,6,1.0,1
2024-07-29 07:00,579.6,6,1.0,1
2024-07-29 08:00,579.6,6,1.0,1
2024-07-29 09:00,579.6,6,1.0,1
2024-07-29 10:00,579.6,6,1.0,1
2024-07-29 11:00,579.6,6,1.0,1
2024-07-29 12:00,579.6,6,1.0,1
2024-07-29 13:00,579.6,6,1.0,1
2024-07-29 14:00,579.6,6,1.0,1
2024-07-29 15:00,579.6,6,1.0,1
2024-07-29 16:00,579.6,6,1.0,1
2024-07-29 17:00,579.6,6,1.0,1
2024-07-29 18:00,579.6,6,1.0,1
2024-07-29 19:00,579.6,6,1.0,1
2024-07-29 20:00,579.6,6,1.0,1
2024-07-29 21:00,579.6,6,1.0,1
2024-07-29 22:00,579.6,6,1.0,1
2024-07-29 23:00,579.6,6,1.0,1
2024-07-30 00:00,579.6,6,1.0,1
2024-07-30 01:00,579.6,6,1.0,1
2024-07-30 02:00,579.6,6,1.0,1
2024-07-30 03:00,579.6,6,1.0,1
2024-07-30 04:00,579.6,6,1.0,1
2024-07-30 05:00,579.6,6,1.0,1
2024-07-30 06:00,579.6,6,1.0,1
2024-07-30 07:00,579.6,6,1.0,1
2024-07-30 08:00,579.6,6,1.0,1
2024-07-30 09:00,579.6,6,1.0,1
2024-07-30 10:00,579.6,6,1.0,1
2024-07-30 11:00,579.6,6,1.0,1
2024-07-30 12:00,579.6,6,1.0,1
2024-07-30 13:00,579.6,6,1.0,1
2024-07-30 14:00,579.6,6,1.0,1
2024-07-30 15:00,579.6,6,1.0,1
2024-07-30 16:00,579.6,6,1.0,1
2024-07-30 17:00,579.6,6,1.0,1
2024-07-30 18:00,579.6,6,1.0,1
2024-07-30 19:00,579.6,6,1.0,1
2024-07-30 20:00,579.6,6,1.0,1
2024-07-30 21:00,579.6,6,1.0,1
2024-07-30 22:00,579.6,6,1.0,1
2024-07-30 23:00,579.6,6,1.0,1
2024-07-31 00:00,579.6,6,1.0,1
2024-07-31 01:00,579.6,6,1.0,1
2024-07-31 02:00,579.6,6,1.0,1
2024-07-31 03:00,579.6,6,1.0,1
2024-07-31 04:00,579.6,6,1.0,1
2024-07-31 05:00,579.6,6,1.0,1
2024-07-31 06:00,579.6,6,1.0,1
2024-07-31 07:00,579.6,6,1.0,1
2024-07-31 08:00,579.6,6,1.0,1
2024-07-31 09:00,579.6,6,1.0,1
2024-07-31 10:00,579.6,6,1.0,1
2024-07-31 11:00,579.6,6,1.0,1
2024-07-31 12:00,579.6,6,1.0,1
2024-07-31 13:00,579.6,6,1.0,1
2024-07-31 14:00,579.6,6,1.0,1
2024-07-31 15:00,579.6,6,1.0,1
2024-07-31 16:00,579.6,6,1.0,1
2024-07-31 17:00,579.6,6,1.0,1
2024-07-31 18:00,579.6,6,1.0,1
2024-07-31 19:00,579.6,6,1.0,1
2024-07-31 20:00,579.6,6,1.0,1
2024-07-31 21:00,579.6,6,1.0,1
2024-07-31 22:00,579.6,6,1.0,1
2024-07-31 23:00,579.6,6,1.0,1
2024-08-01 00:00,579.6,6,1.0,1
2024-08-01 01:00,579.6,6,1.0,1
2024-08-01 02:00,579.6,6,1.0,1
2024-08-01 03:00,579.6,6,1.0,1
2024-08-01 04:00,579.6,6,1.0,1
2024-08-01 05:00,579.6,6,1.0,1
2024-08-01 06:00,579.6,6,1.0,1
2024-08-01 07:00,579.6,6,1.0,1
2024-08-01 08:00,579.6,6,1.0,1
2024-08-01 09:00,579.6,6,1.0,1
2024-08-01 10:00,579.6,6,1.0,1
2024-08-01 11:00,579.6,6,1.0,1
2024-08-01 12:00,579.6,6,1.0,1
2024-08-01 13:00,579.6,6,1.0,1
2024-08-01 14:00,579.6,6,1.0,1
2024-08-01 15:00,579.6,6,1.0,1
2024-08-01 16:00,579.6,6,1.0,1
2024-08-01 17:00,579.6,6,1.0,1
2024-08-01 18:00,579.6,6,1.0,1
2024-08-01 19:00,579.6,6,1.0,1
2024-08-01 20:00,579.6,6,1.0,1
2024-08-01 21:00,579.6,6,1.0,1
2024-08-01 22:00,579.6,6,1.0,1
2024-08-01 23:00,579.6,6,1.0,1
2024-08-02 00:00,579.6,6,1.0,1
2024-08-02 01:00,579.6,6,1.0,1
2024-08-02 02:00,579.6,6,1.0,1
2024-08-02 03:00,579.6,6,1.0,1
2024-08-02 04:00,579.6,6,1.0,1
2024-08-02 05:00,579.6,6,1.0,1
2024-08-02 06:00,579.6,6,1.0,1
2024-08-02 07:00,579.6,6,1.0,1
2024-08-02 08:00,579.6,6,1.0,1
2024-08-02 09:00,579.6,6,1.0,1
2024-08-02 10:00,579.6,6,1.0,1
2024-08-02 11:00,579.6,6,1.0,1
2024-08-02 12:00,579.6,6,1.0,1
2024-08-02 13:00,579.6,6,1.0,1
2024-08-02 14:00,579.6,6,1.0,1
2024-08-02 15:00,579.6,6,1.0,1
2024-08-02 16:00,579.6,6,1.0,1
2024-08-02 17:00,579.6,6,1.0,1
2024-08-02 18:00,579.6,6,1.0,1
2024-08-02 19:00,579.6,6,1.0,1
2024-08-02 20:00,579.6,6,1.0,1
2024-08-02 21:00,579.6,6,1.0,1
2024-08-02 22:00,579.6,6,1.0,1
2024-08-02 23:00,579.6,6,1.0,1
2024-08-03 00:00,579.6,6,1.0,1
2024-08-03 01:00,579.6,6,1.0,1
2024-08-03 02:00,579.6,6,1.0,1
2024-08-03 03:00,579.6,6,1.0,1
2024-08-03 04:00,579.6,6,1.0,1
2024-08-03 05:00,579.6,6,1.0,1
2024-08-03 06:00,579.6,6,1.0,1
2024-08-03 07:00,579.6,6,1.0,1
2024-08-03 08:00,579.6,6,1.0,1
2024-08-03 09:00,579.6,6,1.0,1
2024-08-03 10:00,579.6,6,1.0,1
2024-08-03 11:00,579.6,6,1.0,1
2024-08-03 12:00,579.6,6,1.0,1
2024-08-03 13:00,579.6,6,1.0,1
2024-08-03 14:00,579.6,6,1.0,1
2024-08-03 15:00,579.6,6,1.0,1
2024-08-03 16:00,579.6,6,1.0,1
2024-08-03 17:00,579.6,6,1.0,1
2024-08-03 18:00,579.6,6,1.0,1
2024-08-03 19:00,579.6,6,1.0,1
2024-08-03 20:00,579.6,6,1.0,1
2024-08-03 21:00,579.6,6,1.0,1
2024-08-03 22:00,579.6,6,1.0,1
2024-08-03 23:00,579.6,6,1.0,1
2024-08-04 00:00,579.6,6,1.0,1
2024-08-04 01:00,579.6,6,1.0,1
2024-08-04 02:00,579.6,6,1.0,1
2024-08-04 03:00,579.6,6,1.0,1
2024-08-04 04:00,579.6,6,1.0,1
2024-08-04 05:00,579.6,6,1.0,1
2024-08-04 06:00,579.6,6,1.0,1
2024-08-04 07:00,579.6,6,1.0,1
2024-08-04 08:00,579.6,6,1.0,1
2024-08-04 09:00,579.6,6,1.0,1
2024-08-04 10:00,579.6,6,1.0,1
2024-08-04 11:00,579.6,6,1.0,1
2024-08-04 12:00,579.6,6,1.0,1
2024-08-04 13:00,579.6,6,1.0,1
2024-08-04 14:00,579.6,6,1.0,1
2024-08-04 15:00,579.6,6,1.0,1
2024-08-04 16:00,579.6,6,1.0,1
2024-08-04 17:00,579.6,6,1.0,1
2024-08-04 18:00,579.6,6,1.0,1
2024-08-04 19:00,579.6,6,1.0,1
2024-08-04 20:00,579.6,6,1.0,1
2024-08-04 21:00,579.6,6,1.0,1
2024-08-04 22:00,579.6,6,1.0,1
2024-08-04 23:00,579.6,6,1.0,1
2024-08-05 00:00,579.6,6,1.0,1
2024-08-05 01:00,579.6,6,1.0,1
2024-08-05 02:00,579.6,6,1.0,1
2024-08-05 03:00,579.6,6,1.0,1
2024-08-05 04:00,579.6,6,1.0,1
2024-08-05 05:00,579.6,6,1.0,1
2024-08-05 06:00,579.6,6,1.0,1
2024-08-05 07:00,579.6,6,1.0,1
2024-08-05 08:00,579.6,6,1.0,1
2024-08-05 09:00,579.6,6,1.0,1
2024-08-05 10:00,579.6,6,1.0,1
2024-08-05 11:00,579.6,6,1.0,1
2024-08-05 12:00,579.6,6,1.0,1
2024-08-05 13:00,579.6,6,1.0,1
2024-08-05 14:00,579.6,6,1.0,1
2024-08-05 15:00,579.6,6,1.0,1
2024-08-05 16:00,579.6,6,1.0,1
2024-08-05 17:00,579.6,6,1.0,1
2024-08-05 18:00,579.6,6,1.0,1
2024-08-05 19:00,579.6,6,1.0,1
2024-08-05 20:00,579.6,6,1.0,1
2024-08-05 21:00,579.6,6,1.0,1
2024-08-05 22:00,579.6,6,1.0,1
2024-08-05 23:00,579.6,6,1.0,1
2024-08-06 00:00,579.6,6,1.0,1
2024-08-06 01:00,579.6,6,1.0,1
2024-08-06 02:00,579.6,6,1.0,1
2024-08-06 03:00,579.6,6,1.0,1
2024-08-06 04:00,579.6,6,1.0,1
2024-08-06 05:00,579.6,6,1.0,1
2024-08-06 06:00,579.6,6,1.0,1
2024-08-06 07:00,579.6,6,1.0,1
2024-08-06 08:00,579.6,6,1.0,1
2024-08-06 09:00,579.6,6,1.0,1
2024-08-06 10:00,579.6,6,1.0,1
2024-08-06 11:00,579.6,6,1.0,1
2024-08-06 12:00,579.6,6,1.0,1
2024-08-06 13:00,579.6,6,1.0,1
2024-08-06 14:00,579.6,6,1.0,1
2024-08-06 15:00,579.6,6,1.0,1
2024-08-06 16:00,579.6,6,1.0,1
2024-08-06 17:00,579.6,6,1.0,1
2024-08-06 18:00,579.6,6,1.0,1
2024-08-06 19:00,579.6,6,1.0,1
2024-08-06 20:00,579.6,6,1.0,1
2024-08-06 21:00,579.6,6,1.0,1
2024-08-06 22:00,579.6,6,1.0,1
2024-08-06 23:00,579.6,6,1.0,1
2024-08-07 00:00,579.6,6,1.0,1
2024-08-07 01:00,579.6,6,1.0,1
2024-08-07 02:00,579.6,6,1.0,1
2024-08-07 03:00,579.6,6,1.0,1
2024-08-07 04:00,579.6,6,1.0,1
2024-08-07 05:00,579.6,6,1.0,1
2024-08-07 06:00,579.6,6,1.0,1
2024-08-07 07:00,579.6,6,1.0,1
2024-08-07 08:00,579.6,6,1.0,1
2024-08-07 09:00,579.6,6,1.0,1
2024-08-07 10:00,579.6,6,1.0,1
2024-08-07 11:00,579.6,6,1.0,1
2024-08-07 12:00,579.6,6,1.0,1
2024-08-07 13:00,579.6,6,1.0,1
2024-08-07 14:00,579.6,6,1.0,1
2024-08-07 15:00,579.6,6,1.0,1
2024-08-07 16:00,579.6,6,1.0,1
2024-08-07 17:00,579.6,6,1.0,1
2024-08-07 18:00,579.6,6,1.0,1
2024-08-07 19:00,579.6,6,1.0,1
2024-08-07 20:00,579.6,6,1.0,1
2024-08-07 21:00,579.6,6,1.0,1
2024-08-07 22:00,579.6,6,1.0,1
2024-08-07 23:00,579.6,6,1.0,1
2024-08-08 00:00,579.6,6,1.0,1
2024-08-08 01:00,579.6,6,1.0,1
2024-08-08 02:00,579.6,6,1.0,1
2024-08-08 03:00,579.6,6,1.0,1
2024-08-08 04:00,579.6,6,1.0,1
2024-08-08 05:00,579.6,6,1.0,1
2024-08-08 06:00,579.6,6,1.0,1
2024-08-08 07:00,579.6,6,1.0,1
2024-08-08 08:00,579.6,6,1.0,1
2024-08-08 09:00,579.6,6,1.0,1
2024-08-08 10:00,579.6,6,1.0,1
2024-08-08 11:00,579.6,6,1.0,1
2024-08-08 12:00,579.6,6,1.0,1
2024-08-08 13:00,579.6,6,1.0,1
2024-08-08 14:00,579.6,6,1.0,1
2024-08-08 15:00,579.6,6,1.0,1
2024-08-08 16:00,579.6,6,1.0,1
2024-08-08 17:00,579.6,6,1.0,1
2024-08-08 18:00,579.6,6,1.0,1
2024-08-08 19:00,579.6,6,1.0,1
2024-08-08 20:00,579.6,6,1.0,1
2024-08-08 21:00,579.6,6,1.0,1
2024-08-08 22:00,579.6,6,1.0,1
2024-08-08 23:00,579.6,6,1.0,1
2024-08-09 00:00,579.6,6,1.0,1
2024-08-09 01:00,579.6,6,1.0,1
2024-08-09 02:00,579.6,6,1.0,1
2024-08-09 03:00,579.6,6,1.0,1
2024-08-09 04:00,579.6,6,1.0,1
2024-08-09 05:00,579.6,6,1.0,1
2024-08-09 06:00,579.6,6,1.0,1
2024-08-09 07:00,579.6,6,1.0,1
2024-08-09 08:00,579.6,6,1.0,1
2024-08-09 09:00,579.6,6,1.0,1
2024-08-09 10:00,579.6,6,1.0,1
2024-08-09 11:00,579.6,6,1.0,1
2024-08-09 12:00,579.6,6,1.0,1
2024-08-09 13:00,579.6,6,1.0,1
2024-08-09 14:00,579.6,6,1.0,1
2024-08-09 15:00,579.6,6,1.0,1
2024-08-09 16:00,579.6,6,1.0,1
2024-08-09 17:00,579.6,6,1.0,1
2024-08-09 18:00,579.6,6,1.0,1
2024-08-09 19:00,579.6,6,1.0,1
2024-08-09 20:00,579.6,6,1.0,1
2024-08-09 21:00,579.6,6,1.0,1
2024-08-09 22:00,579.6,6,1.0,1
2024-08-09 23:00,579.6,6,1.0,1
2024-08-10 00:00,579.6,6,1.0,1
2024-08-10 01:00,579.6,6,1.0,1
2024-08-10 02:00,579.6,6,1.0,1
2024-08-10 03:00,579.6,6,1.0,1
2024-08-10 04:00,579.6,6,1.0,1
2024-08-10 05:00,579.6,6,1.0,1
2024-08-10 06:00,579.6,6,1.0,1
2024-08-10 07:00,579.6,6,1.0,1
2024-08-10 08:00,579.6,6,1.0,1
2024-08-10 09:00,579.6,6,1.0,1
2024-08-10 10:00,579.6,6,1.0,1
2024-08-10 11:00,579.6,6,1.0,1
2024-08-10 12:00,579.6,6,1.0,1
2024-08-10 13:00,579.6,6,1.0,1
2024-08-10 14:00,579.6,6,1.0,1
2024-08-10 15:00,579.6,6,1.0,1
2024-08-10 16:00,579.6,6,1.0,1
2024-08-10 17:00,579.6,6,1.0,1
2024-08-10 18:00,579.6,6,1.0,1
2024-08-10 19:00,579.6,6,1.0,1
2024-08-10 20:00,579.6,6,1.0,1
2024-08-10 21:00,579.6,6,1.0,1
2024-08-10 22:00,579.6,6,1.0,1
2024-08-10 23:00,579.6,6,1.0,1
2024-08-11 00:00,579.6,6,1.0,1
2024-08-11 01:00,579.6,6,1.0,1
2024-08-11 02:00,579.6,6,1.0,1
2024-08-11 03:00,579.6,6,1.0,1
2024-08-11 04:00,579.6,6,1.0,1
2024-08-11 05:00,579.6,6,1.0,1
2024-08-11 06:00,579.6,6,1.0,1
2024-08-11 07:00,579.6,6,1.0,1
2024-08-11 08:00,579.6,6,1.0,1
2024-08-11 09:00,579.6,6,1.0,1
2024-08-11 10:00,579.6,6,1.0,1
2024-08-11 11:00,579.6,6,1.0,1
2024-08-11 12:00,579.6,6,1.0,1
2024-08-11 13:00,579.6,6,1.0,1
2024-08-11 14:00,579.6,6,1.0,1
2024-08-11 15:00,579.6,6,1.0,1
2024-08-11 16:00,579.6,6,1.0,1
2024-08-11 17:00,579.6,6,1.0,1
2024-08-11 18:00,579.6,6,1.0,1
2024-08-11 19:00,579.6,6,1.0,1
2024-08-11 20:00,579.6,6,1.0,1
2024-08-11 21:00,579.6,6,1.0,1
2024-08-11 22:00,579.6,6,1.0,1
2024-08-11 23:00,579.6,6,1.0,1
2024-08-12 00:00,579.6,6,1.0,1
2024-08-12 01:00,579.6,6,1.0,1
2024-08-12 02:00,579.6,6,1.0,1
2024-08-12 03:00,579.6,6,1.0,1
2024-08-12 04:00,579.6,6,1.0,1
2024-08-12 05:00,579.6,6,1.0,1
2024-08-12 06:00,579.6,6,1.0,1
2024-08-12 07:00,579.6,6,1.0,1
2024-08-12 08:00,579.6,6,1.0,1
2024-08-12 09:00,579.6,6,1.0,1
2024-08-12 10:00,579.6,6,1.0,1
2024-08-12 11:00,579.6,6,1.0,1
2024-08-12 12:00,579.6,6,1.0,1
2024-08-12 13:00,579.6,6,1.0,1
2024-08-12 14:00,579.6,6,1.0,1
2024-08-12 15:00,579.6,6,1.0,1
2024-08-12 16:00,579.6,6,1.0,1
2024-08-12 17:00,579.6,6,1.0,1
2024-08-12 18:00,579.6,6,1.0,1
2024-08-12 19:00,579.6,6,1.0,1
2024-08-12 20:00,579.6,6,1.0,1
2024-08-12 21:00,579.6,6,1.0,1
2024-08-12 22:00,579.6,6,1.0,1
2024-08-12 23:00,579.6,6,1.0,1
2024-08-13 00:00,579.6,6,1.0,1
2024-08-13 01:00,579.6,6,1.0,1
2024-08-13 02:00,579.6,6,1.0,1
2024-08-13 03:00,579.6,6,1.0,1
2024-08-13 04:00,579.6,6,1.0,1
2024-08-13 05:00,579.6,6,1.0,1
2024-08-13 06:00,579.6,6,1.0,1
2024-08-13 07:00,579.6,6,1.0,1
2024-08-13 08:00,579.6,6,1.0,1
2024-08-13 09:00,579.6,6,1.0,1
2024-08-13 10:00,579.6,6,1.0,1
2024-08-13 11:00,579.6,6,1.0,1
2024-08-13 12:00,579.6,6,1.0,1
2024-08-13 13:00,579.6,6,1.0,1
2024-08-13 14:00,579.6,6,1.0,1
2024-08-13 15:00,579.6,6,1.0,1
2024-08-13 16:00,579.6,6,1.0,1
2024-08-13 17:00,579.6,6,1.0,1
2024-08-13 18:00,579.6,6,1.0,1
2024-08-13 19:00,579.6,6,1.0,1
2024-08-13 20:00,579.6,6,1.0,1
2024-08-13 21:00,579.6,6,1.0,1
2024-08-13 22:00,579.6,6,1.0,1
2024-08-13 23:00,579.6,6,1.0,1
2024-08-14 00:00,579.6,6,1.0,1
2024-08-14 01:00,579.6,6,1.0,1
2024-08-14 02:00,579.6,6,1.0,1
2024-08-14 03:00,579.6,6,1.0,1
2024-08-14 04:00,579.6,6,1.0,1
2024-08-14 05:00,579.6,6,1.0,1
2024-08-14 06:00,579.6,6,1.0,1
2024-08-14 07:00,579.6,6,1.0,1
2024-08-14 08:00,579.6,6,1.0,1
2024-08-14 09:00,579.6,6,1.0,1
2024-08-14 10:00,579.6,6,1.0,1
2024-08-14 11:00,579.6,6,1.0,1
2024-08-14 12:00,579.6,6,1.0,1
2024-08-14 13:00,579.6,6,1.0,1
2024-08-14 14:00,579.6,6,1.0,1
2024-08-14 15:00,579.6,6,1.0,1
2024-08-14 16:00,579.6,6,1.0,1
2024-08-14 17:00,579.6,6,1.0,1
2024-08-14 18:00,579.6,6,1.0,1
2024-08-14 19:00,579.6,6,1.0,1
2024-08-14 20:00,579.6,6,1.0,1
2024-08-14 21:00,579.6,6,1.0,1
2024-08-14 22:00,579.6,6,1.0,1
2024-08-14 23:00,579.6,6,1.0,1
2024-08-15 00:00,579.6,6,1.0,1
2024-08-15 01:00,579.6,6,1.0,1
2024-08-15 02:00,579.6,6,1.0,1
2024-08-15 03:00,579.6,6,1.0,1
2024-08-15 04:00,579.6,6,1.0,1
2024-08-15 05:00,579.6,6,1.0,1
2024-08-15 06:00,579.6,6,1.0,1
2024-08-15 07:00,579.6,6,1.0,1
2024-08-15 08:00,579.6,6,1.0,1
2024-08-15 09:00,579.6,6,1.0,1
2024-08-15 10:00,579.6,6,1.0,1
2024-08-15 11:00,579.6,6,1.0,1
2024-08-15 12:00,579.6,6,1.0,1
2024-08-15 13:00,579.6,6,1.0,1
2024-08-15 14:00,579.6,6,1.0,1
2024-08-15 15:00,579.6,6,1.0,1
2024-08-15 16:00,579.6,6,1.0,1
2024-08-15 17:00,579.6,6,1.0,1
2024-08-15 18:00,579.6,6,1.0,1
2024-08-15 19:00,579.6,6,1.0,1
2024-08-15 20:00,579.6,6,1.0,1
2024-08-15 21:00,579.6,6,1.0,1
2024-08-15 22:00,579.6,6,1.0,1
2024-08-15 23:00,579.6,6,1.0,1
2024-08-16 00:00,579.6,6,1.0,1
2024-08-16 01:00,579.6,6,1.0,1
2024-08-16 02:00,579.6,6,1.0,1
2024-08-16 03:00,579.6,6,1.0,1
2024-08-16 04:00,579.6,6,1.0,1
2024-08-16 05:00,579.6,6,1.0,1
2024-08-16 06:00,579.6,6,1.0,1
2024-08-16 07:00,579.6,6,1.0,1
2024-08-16 08:00,579.6,6,1.0,1
2024-08-16 09:00,579.6,6,1.0,1
2024-08-16 10:00,579.6,6,1.0,1
2024-08-16 11:00,579.6,6,1.0,1
2024-08-16 12:00,579.6,6,1.0,1
2024-08-16 13:00,579.6,6,1.0,1
2024-08-16 14:00,579.6,6,1.0,1
2024-08-16 15:00,579.6,6,1.0,1
2024-08-16 16:00,579.6,6,1.0,1
2024-08-16 17:00,579.6,6,1.0,1
2024-08-16 18:00,579.6,6,1.0,1
2024-08-16 19:00,579.6,6,1.0,1
2024-08-16 20:00,579.6,6,1.0,1
2024-08-16 21:00,579.6,6,1.0,1
2024-08-16 22:00,579.6,6,1.0,1
2024-08-16 23:00,579.6,6,1.0,1
2024-08-17 00:00,579.6,6,1.0,1
2024-08-17 01:00,579.6,6,1.0,1
2024-08-17 02:00,579.6,6,1.0,1
2024-08-17 03:00,579.6,6,1.0,1
2024-08-17 04:00,579.6,6,1.0,1
2024-08-17 05:00,579.6,6,1.0,1
2024-08-17 06:00,579.6,6,1.0,1
2024-08-17 07:00,579.6,6,1.0,1
2024-08-17 08:00,579.6,6,1.0,1
2024-08-17 09:00,579.6,6,1.0,1
2024-08-17 10:00,579.6,6,1.0,1
2024-08-17 11:00,579.6,6,1.0,1
2024-08-17 12:00,579.6,6,1.0,1
2024-08-17 13:00,579.6,6,1.0,1
2024-08-17 14:00,579.6,6,1.0,1
2024-08-17 15:00,579.6,6,1.0,1
2024-08-17 16:00,579.6,6,1.0,1
2024-08-17 17:00,579.6,6,1.0,1
2024-08-17 18:00,579.6,6,1.0,1
2024-08-17 19:00,579.6,6,1.0,1
2024-08-17 20:00,579.6,6,1.0,1
2024-08-17 21:00,579.6,6,1.0,1
2024-08-17 22:00,579.6,6,1.0,1
2024-08-17 23:00,579.6,6,1.0,1
2024-08-18 00:00,579.6,6,1.0,1
2024-08-18 01:00,579.6,6,1.0,1
2024-08-18 02:00,579.6,6,1.0,1
2024-08-18 03:00,579.6,6,1.0,1
2024-08-18 04:00,579.6,6,1.0,1
2024-08-18 05:00,593.4,6,1.0,1
2024-08-18 06:00,593.8,6,1.0,1
2024-08-18 07:00,593.8,6,1.0,1
2024-08-18 08:00,593.8,6,1.0,1
2024-08-18 09:00,593.8,6,1.0,1
2024-08-18 10:00,593.8,6,1.0,1
2024-08-18 11:00,593.8,6,1.0,1
2024-08-18 12:00,593.8,6,1.0,1
2024-08-18 13:00,593.8,6,1.0,1
2024-08-18 14:00,593.8,6,1.0,1
2024-08-18 15:00,593.8,6,1.0,1
2024-08-18 16:00,593.8,6,1.0,1
2024-08-18 17:00,593.8,6,1.0,1
2024-08-18 18:00,594.6,6,1.0,1
2024-08-18 19:00,594.8,6,1.0,1
2024-08-18 20:00,594.8,6,1.0,1
2024-08-18 21:00,594.8,6,1.0,1
2024-08-18 22:00,594.8,6,1.0,1
2024-08-18 23:00,594.8,6,1.0,1
2024-08-19 00:00,594.8,6,1.0,1
2024-08-19 01:00,594.8,6,1.0,1
2024-08-19 02:00,594.8,6,1.0,1
2024-08-19 03:00,594.8,6,1.0,1
2024-08-19 04:00,594.8,6,1.0,1
2024-08-19 05:00,594.8,6,1.0,1
2024-08-19 06:00,595.0,6,1.0,1
2024-08-19 07:00,595.0,6,1.0,1
2024-08-19 08:00,595.0,6,1.0,1
2024-08-19 09:00,595.0,6,1.0,1
2024-08-19 10:00,595.0,6,1.0,1
2024-08-19 11:00,595.0,6,1.0,1
2024-08-19 12:00,595.0,6,1.0,1
2024-08-19 13:00,595.0,6,1.0,1
2024-08-19 14:00,595.0,6,1.0,1
2024-08-19 15:00,595.0,6,1.0,1
2024-08-19 16:00,595.0,6,1.0,1
2024-08-19 17:00,595.0,6,1.0,1
2024-08-19 18:00,595.0,6,1.0,1
2024-08-19 19:00,595.0,6,1.0,1
2024-08-19 20:00,595.0,6,1.0,1
2024-08-19 21:00,595.0,6,1.0,1
2024-08-19 22:00,595.0,6,1.0,1
2024-08-19 23:00,595.0,6,1.0,1
2024-08-20 00:00,595.0,6,1.0,1
2024-08-20 01:00,595.0,6,1.0,1
2024-08-20 02:00,595.0,6,1.0,1
2024-08-20 03:00,595.0,6,1.0,1
2024-08-20 04:00,595.0,6,1.0,1
2024-08-20 05:00,595.0,6,1.0,1
2024-08-20 06:00,595.0,6,1.0,1
2024-08-20 07:00,595.0,6,1.0,1
2024-08-20 08:00,595.0,6,1.0,1
2024-08-20 09:00,595.0,6,1.0,1
2024-08-20 10:00,595.0,6,1.0,1
2024-08-20 11:00,595.0,6,1.0,1
2024-08-20 12:00,595.0,6,1.0,1
2024-08-20 13:00,595.0,6,1.0,1
2024-08-20 14:00,595.0,6,1.0,1
2024-08-20 15:00,595.0,6,1.0,1
2024-08-20 16:00,595.0,6,1.0,1
2024-08-20 17:00,595.0,6,1.0,1
2024-08-20 18:00,595.0,6,1.0,1
2024-08-20 19:00,595.0,6,1.0,1
2024-08-20 20:00,595.0,6,1.0,1
2024-08-20 21:00,595.0,6,1.0,1
2024-08-20 22:00,595.0,6,1.0,1
2024-08-20 23:00,595.0,6,1.0,1
2024-08-21 00:00,595.0,6,1.0,1
2024-08-21 01:00,595.0,6,1.0,1
2024-08-21 02:00,595.0,6,1.0,1
2024-08-21 03:00,595.0,6,1.0,1
2024-08-21 04:00,595.0,6,1.0,1
2024-08-21 05:00,595.0,6,1.0,1
2024-08-21 06:00,595.0,6,1.0,1
2024-08-21 07:00,595.0,6,1.0,1
2024-08-21 08:00,595.0,6,1.0,1
2024-08-21 09:00,595.0,6,1.0,1
2024-08-21 10:00,595.0,6,1.0,1
2024-08-21 11:00,595.0,6,1.0,1
2024-08-21 12:00,595.0,6,1.0,1
2024-08-21 13:00,595.0,6,1.0,1
2024-08-21 14:00,595.0,6,1.0,1
2024-08-21 15:00,595.0,6,1.0,1
2024-08-21 16:00,595.0,6,1.0,1
2024-08-21 17:00,595.0,6,1.0,1
2024-08-21 18:00,595.0,6,1.0,1
2024-08-21 19:00,595.0,6,1.0,1
2024-08-21 20:00,595.0,6,1.0,1
2024-08-21 21:00,595.0,6,1.0,1
2024-08-21 22:00,595.0,6,1.0,1
2024-08-21 23:00,595.0,6,1.0,1
2024-08-22 00:00,595.0,6,1.0,1
2024-08-22 01:00,595.0,6,1.0,1
2024-08-22 02:00,595.0,6,1.0,1
2024-08-22 03:00,595.0,6,1.0,1
2024-08-22 04:00,595.0,6,1.0,1
2024-08-22 05:00,595.0,6,1.0,1
2024-08-22 06:00,595.0,6,1.0,1
2024-08-22 07:00,595.0,6,1.0,1
2024-08-22 08:00,595.0,6,1.0,1
2024-08-22 09:00,595.0,6,1.0,1
2024-08-22 10:00,595.0,6,1.0,1
2024-08-22 11:00,595.0,6,1.0,1
2024-08-22 12:00,595.0,6,1.0,1
2024-08-22 13:00,595.0,6,1.0,1
2024-08-22 14:00,595.0,6,1.0,1
2024-08-22 15:00,595.0,6,1.0,1
2024-08-22 16:00,595.0,6,1.0,1
2024-08-22 17:00,595.0,6,1.0,1
2024-08-22 18:00,595.0,6,1.0,1
2024-08-22 19:00,595.0,6,1.0,1
2024-08-22 20:00,595.0,6,1.0,1
2024-08-22 21:00,595.0,6,1.0,1
2024-08-22 22:00,595.0,6,1.0,1
2024-08-22 23:00,595.0,6,1.0,1
2024-08-23 00:00,595.0,6,1.0,1
2024-08-23 01:00,595.0,6,1.0,1
2024-08-23 02:00,595.0,6,1.0,1
2024-08-23 03:00,595.0,6,1.0,1
2024-08-23 04:00,595.0,6,1.0,1
2024-08-23 05:00,595.0,6,1.0,1
2024-08-23 06:00,595.0,6,1.0,1
2024-08-23 07:00,595.0,6,1.0,1
2024-08-23 08:00,595.0,6,1.0,1
2024-08-23 09:00,595.0,6,1.0,1
2024-08-23 10:00,595.0,6,1.0,1
2024-08-23 11:00,595.0,6,1.0,1
2024-08-23 12:00,595.0,6,1.0,1
2024-08-23 13:00,595.0,6,1.0,1
2024-08-23 14:00,595.0,6,1.0,1
2024-08-23 15:00,595.0,6,1.0,1
2024-08-23 16:00,595.0,6,1.0,1
2024-08-23 17:00,595.0,6,1.0,1
2024-08-23 18:00,595.0,6,1.0,1
2024-08-23 19:00,595.0,6,1.0,1
2024-08-23 20:00,595.0,6,1.0,1
2024-08-23 21:00,595.0,6,1.0,1
2024-08-23 22:00,595.0,6,1.0,1
2024-08-23 23:00,595.0,6,1.0,1
2024-08-24 00:00,595.0,6,1.0,1
2024-08-24 01:00,595.0,6,1.0,1
2024-08-24 02:00,595.0,6,1.0,1
2024-08-24 03:00,595.0,6,1.0,1
2024-08-24 04:00,595.0,6,1.0,1
2024-08-24 05:00,595.0,6,1.0,1
2024-08-24 06:00,595.0,6,1.0,1
2024-08-24 07:00,595.0,6,1.0,1
2024-08-24 08:00,595.0,6,1.0,1
2024-08-24 09:00,595.0,6,1.0,1
2024-08-24 10:00,595.0,6,1.0,1
2024-08-24 11:00,595.0,6,1.0,1
2024-08-24 12:00,595.0,6,1.0,1
2024-08-24 13:00,595.0,6,1.0,1
2024-08-24 14:00,595.0,6,1.0,1
2024-08-24 15:00,595.0,6,1.0,1
2024-08-24 16:00,595.0,6,1.0,1
2024-08-24 17:00,595.0,6,1.0,1
2024-08-24 18:00,595.0,6,1.0,1
2024-08-24 19:00,595.0,6,1.0,1
2024-08-24 20:00,595.0,6,1.0,1
2024-08-24 21:00,595.0,6,1.0,1
2024-08-24 22:00,595.0,6,1.0,1
2024-08-24 23:00,595.0,6,1.0,1
2024-08-25 00:00,595.0,6,1.0,1
2024-08-25 01:00,595.0,6,1.0,1
2024-08-25 02:00,595.0,6,1.0,1
2024-08-25 03:00,595.0,6,1.0,1
2024-08-25 04:00,595.0,6,1.0,1
2024-08-25 05:00,595.0,6,1.0,1
2024-08-25 06:00,595.0,6,1.0,1
2024-08-25 07:00,595.0,6,1.0,1
2024-08-25 08:00,595.0,6,1.0,1
2024-08-25 09:00,595.0,6,1.0,1
2024-08-25 10:00,595.0,6,1.0,1
2024-08-25 11:00,595.0,6,1.0,1
2024-08-25 12:00,595.0,6,1.0,1
2024-08-25 13:00,595.0,6,1.0,1
2024-08-25 14:00,595.0,6,1.0,1
2024-08-25 15:00,595.0,6,1.0,1
2024-08-25 16:00,595.0,6,1.0,1
2024-08-25 17:00,595.0,6,1.0,1
2024-08-25 18:00,595.0,6,1.0,1
2024-08-25 19:00,595.0,6,1.0,1
2024-08-25 20:00,595.0,6,1.0,1
2024-08-25 21:00,595.0,6,1.0,1
2024-08-25 22:00,595.0,6,1.0,1
2024-08-25 23:00,595.0,6,1.0,1
2024-08-26 00:00,595.0,6,1.0,1
2024-08-26 01:00,595.0,6,1.0,1
2024-08-26 02:00,595.0,6,1.0,1
2024-08-26 03:00,595.0,6,1.0,1
2024-08-26 04:00,595.0,6,1.0,1
2024-08-26 05:00,595.0,6,1.0,1
2024-08-26 06:00,595.0,6,1.0,1
2024-08-26 07:00,595.0,6,1.0,1
2024-08-26 08:00,595.0,6,1.0,1
2024-08-26 09:00,595.0,6,1.0,1
2024-08-26 10:00,595.0,6,1.0,1
2024-08-26 11:00,595.0,6,1.0,1
2024-08-26 12:00,595.0,6,1.0,1
2024-08-26 13:00,595.0,6,1.0,1
2024-08-26 14:00,595.0,6,1.0,1
2024-08-26 15:00,595.0,6,1.0,1
2024-08-26 16:00,595.0,6,1.0,1
2024-08-26 17:00,595.0,6,1.0,1
2024-08-26 18:00,595.0,6,1.0,1
2024-08-26 19:00,595.0,6,1.0,1
2024-08-26 20:00,595.0,6,1.0,1
2024-08-26 21:00,595.0,6,1.0,1
2024-08-26 22:00,595.0,6,1.0,1
2024-08-26 23:00,595.0,6,1.0,1
2024-08-27 00:00,595.0,6,1.0,1
2024-08-27 01:00,595.0,6,1.0,1
2024-08-27 02:00,595.0,6,1.0,1
2024-08-27 03:00,595.0,6,1.0,1
2024-08-27 04:00,595.0,6,1.0,1
2024-08-27 05:00,595.0,6,1.0,1
2024-08-27 06:00,595.0,6,1.0,1
2024-08-27 07:00,595.0,6,1.0,1
2024-08-27 08:00,595.0,6,1.0,1
2024-08-27 09:00,595.0,6,1.0,1
2024-08-27 10:00,595.0,6,1.0,1
2024-08-27 11:00,595.0,6,1.0,1
2024-08-27 12:00,595.0,6,1.0,1
2024-08-27 13:00,595.0,6,1.0,1
2024-08-27 14:00,595.0,6,1.0,1
2024-08-27 15:00,595.0,6,1.0,1
2024-08-27 16:00,595.0,6,1.0,1
2024-08-27 17:00,595.0,6,1.0,1
2024-08-27 18:00,595.0,6,1.0,1
2024-08-27 19:00,595.0,6,1.0,1
2024-08-27 20:00,595.0,6,1.0,1
2024-08-27 21:00,595.0,6,1.0,1
2024-08-27 22:00,595.0,6,1.0,1
2024-08-27 23:00,595.0,6,1.0,1
2024-08-28 00:00,595.0,6,1.0,1
2024-08-28 01:00,595.0,6,1.0,1
2024-08-28 02:00,595.0,6,1.0,1
2024-08-28 03:00,595.0,6,1.0,1
2024-08-28 04:00,595.0,6,1.0,1
2024-08-28 05:00,595.0,6,1.0,1
2024-08-28 06:00,595.0,6,1.0,1
2024-08-28 07:00,595.0,6,1.0,1
2024-08-28 08:00,595.0,6,1.0,1
2024-08-28 09:00,595.0,6,1.0,1
2024-08-28 10:00,595.0,6,1.0,1
2024-08-28 11:00,595.0,6,1.0,1
2024-08-28 12:00,595.0,6,1.0,1
2024-08-28 13:00,595.0,6,1.0,1
2024-08-28 14:00,595.0,6,1.0,1
2024-08-28 15:00,595.0,6,1.0,1
2024-08-28 16:00,595.0,6,1.0,1
2024-08-28 17:00,595.0,6,1.0,1
2024-08-28 18:00,595.0,6,1.0,1
2024-08-28 19:00,595.0,6,1.0,1
2024-08-28 20:00,595.0,6,1.0,1
2024-08-28 21:00,595.0,6,1.0,1
2024-08-28 22:00,595.0,6,1.0,1
2024-08-28 23:00,595.0,6,1.0,1
2024-08-29 00:00,595.0,6,1.0,1
2024-08-29 01:00,595.0,6,1.0,1
2024-08-29 02:00,595.0,6,1.0,1
2024-08-29 03:00,595.0,6,1.0,1
2024-08-29 04:00,595.0,6,1.0,1
2024-08-29 05:00,595.0,6,1.0,1
2024-08-29 06:00,595.0,6,1.0,1
2024-08-29 07:00,595.0,6,1.0,1
2024-08-29 08:00,595.0,6,1.0,1
2024-08-29 09:00,595.0,6,1.0,1
2024-08-29 10:00,595.0,6,1.0,1
2024-08-29 11:00,595.0,6,1.0,1
2024-08-29 12:00,595.0,6,1.0,1
2024-08-29 13:00,595.0,6,1.0,1
2024-08-29 14:00,595.0,6,1.0,1
2024-08-29 15:00,595.0,6,1.0,1
2024-08-29 16:00,595.0,6,1.0,1
2024-08-29 17:00,595.0,6,1.0,1
2024-08-29 18:00,595.0,6,1.0,1
2024-08-29 19:00,595.0,6,1.0,1
2024-08-29 20:00,595.0,6,1.0,1
2024-08-29 21:00,595.0,6,1.0,1
2024-08-29 22:00,595.0,6,1.0,1
2024-08-29 23:00,595.0,6,1.0,1
2024-08-30 00:00,595.0,6,1.0,1
2024-08-30 01:00,595.0,6,1.0,1
2024-08-30 02:00,595.0,6,1.0,1
2024-08-30 03:00,595.0,6,1.0,1
2024-08-30 04:00,595.0,6,1.0,1
2024-08-30 05:00,595.0,6,1.0,1
2024-08-30 06:00,595.0,6,1.0,1
2024-08-30 07:00,595.0,6,1.0,1
2024-08-30 08:00,595.0,6,1.0,1
2024-08-30 09:00,595.0,6,1.0,1
2024-08-30 10:00,595.0,6,1.0,1
2024-08-30 11:00,595.0,6,1.0,1
2024-08-30 12:00,595.0,6,1.0,1
2024-08-30 13:00,595.0,6,1.0,1
2024-08-30 14:00,595.0,6,1.0,1
2024-08-30 15:00,595.0,6,1.0,1
2024-08-30 16:00,595.0,6,1.0,1
2024-08-30 17:00,595.0,6,1.0,1
2024-08-30 18:00,595.0,6,1.0,1
2024-08-30 19:00,595.0,6,1.0,1
2024-08-30 20:00,595.0,6,1.0,1
2024-08-30 21:00,595.0,6,1.0,1
2024-08-30 22:00,595.0,6,1.0,1
2024-08-30 23:00,595.0,6,1.0,1
2024-08-31 00:00,595.0,6,1.0,1
2024-08-31 01:00,595.0,6,1.0,1
2024-08-31 02:00,595.0,6,1.0,1
2024-08-31 03:00,595.0,6,1.0,1
2024-08-31 04:00,595.0,6,1.0,1
2024-08-31 05:00,595.0,6,1.0,1
2024-08-31 06:00,595.0,6,1.0,1
2024-08-31 07:00,595.0,6,1.0,1
2024-08-31 08:00,595.0,6,1.0,1
2024-08-31 09:00,595.0,6,1.0,1
2024-08-31 10:00,595.0,6,1.0,1
2024-08-31 11:00,595.0,6,1.0,1
2024-08-31 12:00,595.0,6,1.0,1
2024-08-31 13:00,595.0,6,1.0,1
2024-08-31 14:00,595.0,6,1.0,1
2024-08-31 15:00,595.0,6,1.0,1
2024-08-31 16:00,595.0,6,1.0,1
2024-08-31 17:00,595.0,6,1.0,1
2024-08-31 18:00,595.0,6,1.0,1
2024-08-31 19:00,595.0,6,1.0,1
2024-08-31 20:00,595.0,6,1.0,1
2024-08-31 21:00,595.0,6,1.0,1
2024-08-31 22:00,595.0,6,1.0,1
2024-08-31 23:00,595.0,6,1.0,1
2024-09-01 00:00,595.0,6,1.0,1
2024-09-01 01:00,595.0,6,1.0,1
2024-09-01 02:00,595.0,6,1.0,1
2024-09-01 03:00,595.0,6,1.0,1
2024-09-01 04:00,595.0,6,1.0,1
2024-09-01 05:00,595.0,6,1.0,1
2024-09-01 06:00,595.0,6,1.0,1
2024-09-01 07:00,595.0,6,1.0,1
2024-09-01 08:00,595.0,6,1.0,1
2024-09-01 09:00,595.0,6,1.0,1
2024-09-01 10:00,595.0,6,1.0,1
2024-09-01 11:00,595.0,6,1.0,1
2024-09-01 12:00,595.0,6,1.0,1
2024-09-01 13:00,595.0,6,1.0,1
2024-09-01 14:00,595.0,6,1.0,1
2024-09-01 15:00,595.0,6,1.0,1
2024-09-01 16:00,595.0,6,1.0,1
2024-09-01 17:00,595.0,6,1.0,1
2024-09-01 18:00,595.0,6,1.0,1
2024-09-01 19:00,595.0,6,1.0,1
2024-09-01 20:00,595.0,6,1.0,1
2024-09-01 21:00,595.0,6,1.0,1
2024-09-01 22:00,595.0,6,1.0,1
2024-09-01 23:00,595.0,6,1.0,1
2024-09-02 00:00,595.0,6,1.0,1
2024-09-02 01:00,595.0,6,1.0,1
2024-09-02 02:00,595.0,6,1.0,1
2024-09-02 03:00,595.0,6,1.0,1
2024-09-02 04:00,595.0,6,1.0,1
2024-09-02 05:00,595.0,6,1.0,1
2024-09-02 06:00,595.0,6,1.0,1
2024-09-02 07:00,595.0,6,1.0,1
2024-09-02 08:00,595.0,6,1.0,1
2024-09-02 09:00,595.0,6,1.0,1
2024-09-02 10:00,595.0,6,1.0,1
2024-09-02 11:00,595.0,6,1.0,1
2024-09-02 12:00,595.0,6,1.0,1
2024-09-02 13:00,595.0,6,1.0,1
2024-09-02 14:00,595.0,6,1.0,1
2024-09-02 15:00,595.0,6,1.0,1
2024-09-02 16:00,595.0,6,1.0,1
2024-09-02 17:00,595.0,6,1.0,1
2024-09-02 18:00,595.0,6,1.0,1
2024-09-02 19:00,595.0,6,1.0,1
2024-09-02 20:00,595.0,6,1.0,1
2024-09-02 21:00,595.0,6,1.0,1
2024-09-02 22:00,595.0,6,1.0,1
2024-09-02 23:00,595.0,6,1.0,1
2024-09-03 00:00,595.0,6,1.0,1
2024-09-03 01:00,595.0,6,1.0,1
2024-09-03 02:00,595.0,6,1.0,1
2024-09-03 03:00,595.0,6,1.0,1
2024-09-03 04:00,595.0,6,1.0,1
2024-09-03 05:00,595.0,6,1.0,1
2024-09-03 06:00,595.0,6,1.0,1
2024-09-03 07:00,595.0,6,1.0,1
2024-09-03 08:00,595.0,6,1.0,1
2024-09-03 09:00,610.4,6,1.0,1
2024-09-03 10:00,610.6,6,1.0,1
2024-09-03 11:00,610.8,6,1.0,1
2024-09-03 12:00,610.8,6,1.0,1
2024-09-03 13:00,610.8,6,1.0,1
2024-09-03 14:00,610.8,6,1.0,1
2024-09-03 15:00,610.8,6,1.0,1
2024-09-03 16:00,610.8,6,1.0,1
2024-09-03 17:00,610.8,6,1.0,1
2024-09-03 18:00,610.8,6,1.0,1
2024-09-03 19:00,610.8,6,1.0,1
2024-09-03 20:00,610.8,6,1.0,1
2024-09-03 21:00,610.8,6,1.0,1
2024-09-03 22:00,610.8,6,1.0,1
2024-09-03 23:00,610.8,6,1.0,1
2024-09-04 00:00,610.8,6,1.0,1
2024-09-04 01:00,610.8,6,1.0,1
2024-09-04 02:00,610.8,6,1.0,1
2024-09-04 03:00,610.8,6,1.0,1
2024-09-04 04:00,610.8,6,1.0,1
2024-09-04 05:00,610.8,6,1.0,1
2024-09-04 06:00,610.8,6,1.0,1
2024-09-04 07:00,610.8,6,1.0,1
2024-09-04 08:00,610.8,6,1.0,1
2024-09-04 09:00,610.8,6,1.0,1
2024-09-04 10:00,610.8,6,1.0,1
2024-09-04 11:00,610.8,6,1.0,1
2024-09-04 12:00,610.8,6,1.0,1
2024-09-04 13:00,610.8,6,1.0,1
2024-09-04 14:00,610.8,6,1.0,1
2024-09-04 15:00,610.8,6,1.0,1
2024-09-04 16:00,610.8,6,1.0,1
2024-09-04 17:00,610.8,6,1.0,1
2024-09-04 18:00,610.8,6,1.0,1
2024-09-04 19:00,610.8,6,1.0,1
2024-09-04 20:00,610.8,6,1.0,1
2024-09-04 21:00,610.8,6,1.0,1
2024-09-04 22:00,610.8,6,1.0,1
2024-09-04 23:00,610.8,6,1.0,1
2024-09-05 00:00,610.8,6,1.0,1
2024-09-05 01:00,610.8,6,1.0,1
2024-09-05 02:00,610.8,6,1.0,1
2024-09-05 03:00,610.8,6,1.0,1
2024-09-05 04:00,610.8,6,1.0,1
2024-09-05 05:00,610.8,6,1.0,1
2024-09-05 06:00,610.8,6,1.0,1
2024-09-05 07:00,610.8,6,1.0,1
2024-09-05 08:00,610.8,6,1.0,1
2024-09-05 09:00,610.8,6,1.0,1
2024-09-05 10:00,613.8,6,1.0,1
2024-09-05 11:00,614.0,6,1.0,1
2024-09-05 12:00,614.2,6,1.0,1
2024-09-05 13:00,614.2,6,1.0,1
2024-09-05 14:00,614.2,6,1.0,1
2024-09-05 15:00,614.2,6,1.0,1
2024-09-05 16:00,614.2,6,1.0,1
2024-09-05 17:00,619.0,6,1.0,1
2024-09-05 18:00,619.4,6,1.0,1
2024-09-05 19:00,619.4,6,1.0,1
2024-09-05 20:00,619.4,6,1.0,1
2024-09-05 21:00,619.4,6,1.0,1
2024-09-05 22:00,619.4,6,1.0,1
2024-09-05 23:00,619.4,6,1.0,1
2024-09-06 00:00,619.4,6,1.0,1
2024-09-06 01:00,619.4,6,1.0,1
2024-09-06 02:00,619.4,6,1.0,1
2024-09-06 03:00,619.4,6,1.0,1
2024-09-06 04:00,619.4,6,1.0,1
2024-09-06 05:00,619.4,6,1.0,1
2024-09-06 06:00,619.4,6,1.0,1
2024-09-06 07:00,619.4,6,1.0,1
2024-09-06 08:00,619.4,6,1.0,1
2024-09-06 09:00,619.4,6,1.0,1
2024-09-06 10:00,619.4,6,1.0,1
2024-09-06 11:00,619.4,6,1.0,1
2024-09-06 12:00,619.4,6,1.0,1
2024-09-06 13:00,619.4,6,1.0,1
2024-09-06 14:00,619.4,6,1.0,1
2024-09-06 15:00,619.4,6,1.0,1
2024-09-06 16:00,619.4,6,1.0,1
2024-09-06 17:00,619.4,6,1.0,1
2024-09-06 18:00,619.4,6,1.0,1
2024-09-06 19:00,619.4,6,1.0,1
2024-09-06 20:00,619.4,6,1.0,1
2024-09-06 21:00,619.4,6,1.0,1
2024-09-06 22:00,619.4,6,1.0,1
2024-09-06 23:00,619.4,6,1.0,1
2024-09-07 00:00,619.4,6,1.0,1
2024-09-07 01:00,619.4,6,1.0,1
2024-09-07 02:00,619.4,6,1.0,1
2024-09-07 03:00,619.4,6,1.0,1
2024-09-07 04:00,619.4,6,1.0,1
2024-09-07 05:00,619.4,6,1.0,1
2024-09-07 06:00,619.4,6,1.0,1
2024-09-07 07:00,619.4,6,1.0,1
2024-09-07 08:00,619.4,6,1.0,1
2024-09-07 09:00,619.4,6,1.0,1
2024-09-07 10:00,619.4,6,1.0,1
2024-09-07 11:00,619.4,6,1.0,1
2024-09-07 12:00,619.4,6,1.0,1
2024-09-07 13:00,619.4,6,1.0,1
2024-09-07 14:00,619.4,6,1.0,1
2024-09-07 15:00,619.4,6,1.0,1
2024-09-07 16:00,619.4,6,1.0,1
2024-09-07 17:00,619.4,6,1.0,1
2024-09-07 18:00,619.4,6,1.0,1
2024-09-07 19:00,619.4,6,1.0,1
2024-09-07 20:00,619.4,6,1.0,1
2024-09-07 21:00,619.4,6,1.0,1
2024-09-07 22:00,619.4,6,1.0,1
2024-09-07 23:00,619.4,6,1.0,1
2024-09-08 00:00,619.4,6,1.0,1
2024-09-08 01:00,619.4,6,1.0,1
2024-09-08 02:00,619.4,6,1.0,1
2024-09-08 03:00,619.4,6,1.0,1
2024-09-08 04:00,619.4,6,1.0,1
2024-09-08 05:00,619.4,6,1.0,1
2024-09-08 06:00,619.4,6,1.0,1
2024-09-08 07:00,619.4,6,1.0,1
2024-09-08 08:00,619.4,6,1.0,1
2024-09-08 09:00,619.4,6,1.0,1
2024-09-08 10:00,619.4,6,1.0,1
2024-09-08 11:00,619.4,6,1.0,1
2024-09-08 12:00,619.4,6,1.0,1
2024-09-08 13:00,619.4,6,1.0,1
2024-09-08 14:00,619.4,6,1.0,1
2024-09-08 15:00,619.4,6,1.0,1
2024-09-08 16:00,619.4,6,1.0,1
2024-09-08 17:00,619.4,6,1.0,1
2024-09-08 18:00,619.4,5,0.833,1
2024-09-08 23:00,619.4,1,0.167,1
2024-09-09 00:00,619.4,6,1.0,1
2024-09-09 01:00,619.4,6,1.0,1
2024-09-09 02:00,619.4,6,1.0,1
2024-09-09 03:00,619.4,6,1.0,1
2024-09-09 04:00,619.8,6,1.0,1
2024-09-09 05:00,630.0,6,1.0,1
2024-09-09 06:00,636.0,6,1.0,1
2024-09-09 07:00,637.6,6,1.0,1
2024-09-09 08:00,637.8,6,1.0,1
2024-09-09 09:00,640.2,6,1.0,1
2024-09-09 10:00,653.2,6,1.0,1
2024-09-09 11:00,679.0,6,1.0,1
2024-09-09 12:00,679.4,6,1.0,1
2024-09-09 13:00,679.6,6,1.0,1
2024-09-09 14:00,679.6,6,1.0,1
2024-09-09 15:00,679.6,6,1.0,1
2024-09-09 16:00,679.6,6,1.0,1
2024-09-09 17:00,679.6,6,1.0,1
2024-09-09 18:00,679.6,6,1.0,1
2024-09-09 19:00,679.6,6,1.0,1
2024-09-09 20:00,679.6,6,1.0,1
2024-09-09 21:00,679.6,6,1.0,1
2024-09-09 22:00,679.6,6,1.0,1
2024-09-09 23:00,679.6,6,1.0,1
2024-09-10 00:00,679.6,6,1.0,1
2024-09-10 01:00,679.6,6,1.0,1
2024-09-10 02:00,679.6,6,1.0,1
2024-09-10 03:00,679.6,6,1.0,1
2024-09-10 04:00,679.6,6,1.0,1
2024-09-10 05:00,679.6,6,1.0,1
2024-09-10 06:00,679.6,6,1.0,1
2024-09-10 07:00,679.6,6,1.0,1
2024-09-10 08:00,679.6,6,1.0,1
2024-09-10 09:00,679.6,6,1.0,1
2024-09-10 10:00,679.6,6,1.0,1
2024-09-10 11:00,679.6,6,1.0,1
2024-09-10 12:00,679.6,6,1.0,1
2024-09-10 13:00,679.6,6,1.0,1
2024-09-10 14:00,679.6,6,1.0,1
2024-09-10 15:00,679.6,5,0.833,1
2024-09-10 23:00,679.6,1,0.167,1
2024-09-11 00:00,679.6,6,1.0,1
2024-09-11 01:00,679.6,6,1.0,1
2024-09-11 02:00,679.6,6,1.0,1
2024-09-11 03:00,679.6,6,1.0,1
2024-09-11 04:00,679.6,6,1.0,1
2024-09-11 05:00,679.6,6,1.0,1
2024-09-11 06:00,679.6,6,1.0,1
2024-09-11 07:00,679.6,6,1.0,1
2024-09-11 08:00,679.6,6,1.0,1
2024-09-11 09:00,679.6,6,1.0,1
2024-09-11 10:00,679.6,6,1.0,1
2024-09-11 11:00,679.6,6,1.0,1
2024-09-11 12:00,679.6,6,1.0,1
2024-09-11 13:00,679.6,6,1.0,1
2024-09-11 14:00,679.6,6,1.0,1
2024-09-11 15:00,679.6,6,1.0,1
2024-09-11 16:00,679.6,6,1.0,1
2024-09-11 17:00,679.6,6,1.0,1
2024-09-11 18:00,679.6,6,1.0,1
2024-09-11 19:00,679.6,6,1.0,1
2024-09-11 20:00,679.6,6,1.0,1
2024-09-11 21:00,679.6,6,1.0,1
2024-09-11 22:00,679.6,6,1.0,1
2024-09-11 23:00,679.6,6,1.0,1
2024-09-12 00:00,679.6,6,1.0,1
2024-09-12 01:00,679.6,6,1.0,1
2024-09-12 02:00,679.6,6,1.0,1
2024-09-12 03:00,679.6,6,1.0,1
2024-09-12 04:00,679.6,6,1.0,1
2024-09-12 05:00,679.6,6,1.0,1
2024-09-12 06:00,679.6,6,1.0,1
2024-09-12 07:00,679.6,6,1.0,1
2024-09-12 08:00,679.6,6,1.0,1
2024-09-12 09:00,679.6,6,1.0,1
2024-09-12 10:00,679.6,6,1.0,1
2024-09-12 11:00,679.6,6,1.0,1
2024-09-12 12:00,679.6,6,1.0,1
2024-09-12 13:00,679.6,6,1.0,1
2024-09-12 14:00,679.6,6,1.0,1
2024-09-12 15:00,679.6,6,1.0,1
2024-09-12 16:00,679.6,6,1.0,1
2024-09-12 17:00,679.6,6,1.0,1
2024-09-12 18:00,679.6,6,1.0,1
2024-09-12 19:00,679.6,6,1.0,1
2024-09-12 20:00,693.6,6,1.0,1
2024-09-12 21:00,694.6,6,1.0,1
2024-09-12 22:00,694.8,6,1.0,1
2024-09-12 23:00,694.8,6,1.0,1
2024-09-13 00:00,694.8,6,1.0,1
2024-09-13 01:00,695.0,6,1.0,1
2024-09-13 02:00,695.0,6,1.0,1
2024-09-13 03:00,695.0,6,1.0,1
2024-09-13 04:00,695.0,6,1.0,1
2024-09-13 05:00,695.0,6,1.0,1
2024-09-13 06:00,695.0,6,1.0,1
2024-09-13 07:00,695.0,6,1.0,1
2024-09-13 08:00,695.0,6,1.0,1
2024-09-13 09:00,695.0,6,1.0,1
2024-09-13 10:00,695.0,6,1.0,1
2024-09-13 11:00,695.0,6,1.0,1
2024-09-13 12:00,695.0,6,1.0,1
2024-09-13 13:00,695.0,6,1.0,1
2024-09-13 14:00,695.0,6,1.0,1
2024-09-13 15:00,695.0,6,1.0,1
2024-09-13 16:00,695.0,6,1.0,1
2024-09-13 17:00,695.8,6,1.0,1
2024-09-13 18:00,696.8,6,1.0,1
2024-09-13 19:00,696.8,6,1.0,1
2024-09-13 20:00,696.8,6,1.0,1
2024-09-13 21:00,696.8,6,1.0,1
2024-09-13 22:00,696.8,6,1.0,1
2024-09-13 23:00,696.8,6,1.0,1
2024-09-14 00:00,696.8,6,1.0,1
2024-09-14 01:00,696.8,6,1.0,1
2024-09-14 02:00,696.8,6,1.0,1
2024-09-14 03:00,696.8,6,1.0,1
2024-09-14 04:00,696.8,6,1.0,1
2024-09-14 05:00,696.8,6,1.0,1
2024-09-14 06:00,696.8,6,1.0,1
2024-09-14 07:00,696.8,6,1.0,1
2024-09-14 08:00,696.8,6,1.0,1
2024-09-14 09:00,696.8,6,1.0,1
2024-09-14 10:00,696.8,6,1.0,1
2024-09-14 11:00,696.8,6,1.0,1
2024-09-14 12:00,696.8,6,1.0,1
2024-09-14 13:00,696.8,6,1.0,1
2024-09-14 14:00,696.8,6,1.0,1
2024-09-14 15:00,696.8,6,1.0,1
2024-09-14 16:00,696.8,6,1.0,1
2024-09-14 17:00,696.8,6,1.0,1
2024-09-14 18:00,696.8,6,1.0,1
2024-09-14 19:00,696.8,6,1.0,1
2024-09-14 20:00,696.8,6,1.0,1
2024-09-14 21:00,696.8,6,1.0,1
2024-09-14 22:00,696.8,6,1.0,1
2024-09-14 23:00,696.8,6,1.0,1
2024-09-15 00:00,696.8,6,1.0,1
2024-09-15 01:00,696.8,6,1.0,1
2024-09-15 02:00,696.8,6,1.0,1
2024-09-15 03:00,696.8,6,1.0,1
2024-09-15 04:00,696.8,6,1.0,1
2024-09-15 05:00,696.8,6,1.0,1
2024-09-15 06:00,696.8,6,1.0,1
2024-09-15 07:00,696.8,6,1.0,1
2024-09-15 08:00,696.8,6,1.0,1
2024-09-15 09:00,696.8,6,1.0,1
2024-09-15 10:00,696.8,6,1.0,1
2024-09-15 11:00,696.8,6,1.0,1
2024-09-15 12:00,696.8,6,1.0,1
2024-09-15 13:00,696.8,6,1.0,1
2024-09-15 14:00,696.8,6,1.0,1
2024-09-15 15:00,696.8,6,1.0,1
2024-09-15 16:00,696.8,6,1.0,1
2024-09-15 17:00,696.8,6,1.0,1
2024-09-15 18:00,696.8,6,1.0,1
2024-09-15 19:00,696.8,6,1.0,1
2024-09-15 20:00,696.8,6,1.0,1
2024-09-15 21:00,696.8,6,1.0,1
2024-09-15 22:00,696.8,6,1.0,1
2024-09-15 23:00,696.8,6,1.0,1
2024-09-16 00:00,696.8,6,1.0,1
2024-09-16 01:00,696.8,6,1.0,1
2024-09-16 02:00,696.8,6,1.0,1
2024-09-16 03:00,696.8,6,1.0,1
2024-09-16 04:00,696.8,6,1.0,1
2024-09-16 05:00,696.8,6,1.0,1
2024-09-16 06:00,696.8,6,1.0,1
2024-09-16 07:00,696.8,6,1.0,1
2024-09-16 08:00,696.8,6,1.0,1
2024-09-16 09:00,696.8,6,1.0,1
2024-09-16 10:00,697.2,6,1.0,1
2024-09-16 11:00,697.2,6,1.0,1
2024-09-16 12:00,697.2,6,1.0,1
2024-09-16 13:00,697.2,6,1.0,1
2024-09-16 14:00,697.2,6,1.0,1
2024-09-16 15:00,697.2,6,1.0,1
2024-09-16 16:00,697.2,6,1.0,1
2024-09-16 17:00,697.2,6,1.0,1
2024-09-16 18:00,697.2,6,1.0,1
2024-09-16 19:00,697.2,6,1.0,1
2024-09-16 20:00,697.2,6,1.0,1
2024-09-16 21:00,697.2,6,1.0,1
2024-09-16 22:00,697.2,6,1.0,1
2024-09-16 23:00,697.2,6,1.0,1
2024-09-17 00:00,697.2,6,1.0,1
2024-09-17 01:00,697.2,6,1.0,1
2024-09-17 02:00,697.2,6,1.0,1
2024-09-17 03:00,697.2,6,1.0,1
2024-09-17 04:00,697.4,6,1.0,1
2024-09-17 05:00,697.6,6,1.0,1
2024-09-17 06:00,697.6,6,1.0,1
2024-09-17 07:00,698.2,6,1.0,1
2024-09-17 08:00,698.6,6,1.0,1
2024-09-17 09:00,698.6,6,1.0,1
2024-09-17 10:00,698.6,6,1.0,1
2024-09-17 11:00,698.6,6,1.0,1
2024-09-17 12:00,698.6,6,1.0,1
2024-09-17 13:00,756.2,6,1.0,1
2024-09-17 14:00,769.4,6,1.0,1
2024-09-17 15:00,769.4,6,1.0,1
2024-09-17 16:00,769.4,6,1.0,1
2024-09-17 17:00,769.4,6,1.0,1
2024-09-17 18:00,769.4,6,1.0,1
2024-09-17 19:00,769.4,6,1.0,1
2024-09-17 20:00,769.4,6,1.0,1
2024-09-17 21:00,769.4,6,1.0,1
2024-09-17 22:00,769.4,6,1.0,1
2024-09-17 23:00,769.4,6,1.0,1
2024-09-18 00:00,769.4,6,1.0,1
2024-09-18 01:00,769.4,6,1.0,1
2024-09-18 02:00,769.4,6,1.0,1
2024-09-18 03:00,769.4,6,1.0,1
2024-09-18 04:00,769.4,6,1.0,1
2024-09-18 05:00,769.4,6,1.0,1
2024-09-18 06:00,769.4,6,1.0,1
2024-09-18 07:00,769.4,6,1.0,1
2024-09-18 08:00,769.4,6,1.0,1
2024-09-18 09:00,769.4,6,1.0,1
2024-09-18 10:00,769.4,6,1.0,1
2024-09-18 11:00,769.4,6,1.0,1
2024-09-18 12:00,769.6,6,1.0,1
2024-09-18 13:00,769.6,6,1.0,1
2024-09-18 14:00,770.6,6,1.0,1
2024-09-18 15:00,771.8,6,1.0,1
2024-09-18 16:00,772.0,6,1.0,1
2024-09-18 17:00,772.0,6,1.0,1
2024-09-18 18:00,772.0,6,1.0,1
2024-09-18 19:00,772.0,6,1.0,1
2024-09-18 20:00,772.0,6,1.0,1
2024-09-18 21:00,772.0,6,1.0,1
2024-09-18 22:00,772.0,6,1.0,1
2024-09-18 23:00,772.0,6,1.0,1
2024-09-19 00:00,772.0,6,1.0,1
2024-09-19 01:00,772.0,6,1.0,1
2024-09-19 02:00,772.0,6,1.0,1
2024-09-19 03:00,772.0,6,1.0,1
2024-09-19 04:00,772.0,6,1.0,1
2024-09-19 05:00,772.0,6,1.0,1
2024-09-19 06:00,772.2,6,1.0,1
2024-09-19 07:00,772.2,6,1.0,1
2024-09-19 08:00,779.6,6,1.0,1
2024-09-19 09:00,781.8,6,1.0,1
2024-09-19 10:00,781.8,6,1.0,1
2024-09-19 11:00,781.8,6,1.0,1
2024-09-19 12:00,781.8,6,1.0,1
2024-09-19 13:00,781.8,6,1.0,1
2024-09-19 14:00,781.8,6,1.0,1
2024-09-19 15:00,781.8,6,1.0,1
2024-09-19 16:00,781.8,6,1.0,1
2024-09-19 17:00,781.8,6,1.0,1
2024-09-19 18:00,781.8,6,1.0,1
2024-09-19 19:00,781.8,6,1.0,1
2024-09-19 20:00,781.8,6,1.0,1
2024-09-19 21:00,796.2,6,1.0,1
2024-09-19 22:00,796.2,6,1.0,1
2024-09-19 23:00,796.4,6,1.0,1
2024-09-20 00:00,796.4,6,1.0,1
2024-09-20 01:00,796.4,6,1.0,1
2024-09-20 02:00,796.4,6,1.0,1
2024-09-20 03:00,796.4,6,1.0,1
2024-09-20 04:00,796.4,6,1.0,1
2024-09-20 05:00,796.4,6,1.0,1
2024-09-20 06:00,796.4,6,1.0,1
2024-09-20 07:00,796.4,6,1.0,1
2024-09-20 08:00,796.4,6,1.0,1
2024-09-20 09:00,796.4,6,1.0,1
2024-09-20 10:00,796.4,6,1.0,1
2024-09-20 11:00,796.4,6,1.0,1
2024-09-20 12:00,796.4,6,1.0,1
2024-09-20 13:00,796.4,6,1.0,1
2024-09-20 14:00,796.4,6,1.0,1
2024-09-20 15:00,796.4,6,1.0,1
2024-09-20 16:00,796.4,6,1.0,1
2024-09-20 17:00,796.4,6,1.0,1
2024-09-20 18:00,796.4,6,1.0,1
2024-09-20 19:00,796.4,6,1.0,1
2024-09-20 20:00,796.4,6,1.0,1
2024-09-20 21:00,796.4,6,1.0,1
2024-09-20 22:00,796.4,6,1.0,1
2024-09-20 23:00,796.4,6,1.0,1
2024-09-21 00:00,796.4,6,1.0,1
2024-09-21 01:00,796.4,6,1.0,1
2024-09-21 02:00,796.4,6,1.0,1
2024-09-21 03:00,796.4,6,1.0,1
2024-09-21 04:00,796.4,6,1.0,1
2024-09-21 05:00,796.4,6,1.0,1
2024-09-21 06:00,796.4,6,1.0,1
2024-09-21 07:00,796.4,6,1.0,1
2024-09-21 08:00,796.4,6,1.0,1
2024-09-21 09:00,796.4,6,1.0,1
2024-09-21 10:00,796.4,6,1.0,1
2024-09-21 11:00,796.4,4,0.667,1
2024-09-21 12:00,796.4,6,1.0,1
2024-09-21 13:00,796.4,6,1.0,1
2024-09-21 14:00,796.4,6,1.0,1
2024-09-21 15:00,796.4,6,1.0,1
2024-09-21 16:00,796.4,6,1.0,1
2024-09-21 17:00,796.4,6,1.0,1
2024-09-21 18:00,796.4,6,1.0,1
2024-09-21 19:00,796.4,6,1.0,1
2024-09-21 20:00,796.4,6,1.0,1
2024-09-21 21:00,796.4,6,1.0,1
2024-09-21 22:00,796.4,6,1.0,1
2024-09-21 23:00,796.4,5,0.833,1
2024-09-22 00:00,796.4,6,1.0,1
2024-09-22 01:00,796.4,6,1.0,1
2024-09-22 02:00,796.4,6,1.0,1
2024-09-22 03:00,796.4,6,1.0,1
2024-09-22 04:00,796.4,6,1.0,1
2024-09-22 05:00,796.4,6,1.0,1
2024-09-22 06:00,796.4,6,1.0,1
2024-09-22 07:00,796.4,6,1.0,1
2024-09-22 08:00,796.4,6,1.0,1
2024-09-22 09:00,796.4,6,1.0,1
2024-09-22 10:00,796.4,6,1.0,1
2024-09-22 11:00,796.4,6,1.0,1
2024-09-22 12:00,796.4,6,1.0,1
2024-09-22 13:00,796.4,6,1.0,1
2024-09-22 14:00,796.4,6,1.0,1
2024-09-22 15:00,796.4,6,1.0,1
2024-09-22 16:00,796.4,6,1.0,1
2024-09-22 17:00,796.4,6,1.0,1
2024-09-22 18:00,796.4,6,1.0,1
2024-09-22 19:00,796.4,6,1.0,1
2024-09-22 20:00,796.4,6,1.0,1
2024-09-22 21:00,796.4,6,1.0,1
2024-09-22 22:00,796.4,6,1.0,1
2024-09-22 23:00,796.4,6,1.0,1
2024-09-23 00:00,796.4,6,1.0,1
2024-09-23 01:00,796.4,6,1.0,1
2024-09-23 02:00,796.4,6,1.0,1
2024-09-23 03:00,796.4,6,1.0,1
2024-09-23 04:00,796.4,6,1.0,1
2024-09-23 05:00,796.4,6,1.0,1
2024-09-23 06:00,796.4,6,1.0,1
2024-09-23 07:00,796.4,6,1.0,1
2024-09-23 08:00,796.4,6,1.0,1
2024-09-23 09:00,796.4,4,0.667,1
2024-09-23 10:00,796.4,6,1.0,1
2024-09-23 11:00,796.4,6,1.0,1
2024-09-23 12:00,796.4,6,1.0,1
2024-09-23 13:00,796.4,6,1.0,1
2024-09-23 14:00,796.4,6,1.0,1
2024-09-23 15:00,796.4,6,1.0,1
2024-09-23 16:00,796.4,6,1.0,1
2024-09-23 17:00,796.4,6,1.0,1
2024-09-23 18:00,796.4,6,1.0,1
2024-09-23 19:00,796.4,6,1.0,1
2024-09-23 20:00,796.4,6,1.0,1
2024-09-23 21:00,796.4,6,1.0,1
2024-09-23 22:00,796.4,6,1.0,1
2024-09-23 23:00,796.4,6,1.0,1
2024-09-24 00:00,796.4,6,1.0,1
2024-09-24 01:00,796.4,6,1.0,1
2024-09-24 02:00,796.4,6,1.0,1
2024-09-24 03:00,796.4,6,1.0,1
2024-09-24 04:00,796.4,6,1.0,1
2024-09-24 05:00,796.4,6,1.0,1
2024-09-24 06:00,796.4,6,1.0,1
2024-09-24 07:00,796.4,6,1.0,1
2024-09-24 08:00,796.4,6,1.0,1
2024-09-24 09:00,796.4,6,1.0,1
2024-09-24 10:00,796.4,6,1.0,1
2024-09-24 11:00,796.4,6,1.0,1
2024-09-24 12:00,796.4,6,1.0,1
2024-09-24 13:00,796.4,6,1.0,1
2024-09-24 14:00,796.4,6,1.0,1
2024-09-24 15:00,796.4,6,1.0,1
2024-09-24 16:00,796.4,6,1.0,1
2024-09-24 17:00,796.4,6,1.0,1
2024-09-24 18:00,796.4,6,1.0,1
2024-09-24 19:00,796.4,6,1.0,1
2024-09-24 20:00,796.4,6,1.0,1
2024-09-24 21:00,796.4,6,1.0,1
2024-09-24 22:00,796.4,6,1.0,1
2024-09-24 23:00,796.4,6,1.0,1
2024-09-25 00:00,796.4,6,1.0,1
2024-09-25 01:00,796.4,6,1.0,1
2024-09-25 02:00,796.4,6,1.0,1
2024-09-25 03:00,796.4,6,1.0,1
2024-09-25 04:00,796.4,6,1.0,1
2024-09-25 05:00,796.4,6,1.0,1
2024-09-25 06:00,796.4,6,1.0,1
2024-09-25 07:00,799.0,6,1.0,1
2024-09-25 08:00,799.8,6,1.0,1
2024-09-25 09:00,799.8,6,1.0,1
2024-09-25 10:00,799.8,6,1.0,1
2024-09-25 11:00,799.8,6,1.0,1
2024-09-25 12:00,799.8,6,1.0,1
2024-09-25 13:00,799.8,6,1.0,1
2024-09-25 14:00,799.8,6,1.0,1
2024-09-25 15:00,799.8,6,1.0,1
2024-09-25 16:00,801.2,6,1.0,1
2024-09-25 17:00,801.6,6,1.0,1
2024-09-25 18:00,801.6,6,1.0,1
2024-09-25 19:00,801.6,6,1.0,1
2024-09-25 20:00,801.6,6,1.0,1
2024-09-25 21:00,801.6,6,1.0,1
2024-09-25 22:00,801.6,6,1.0,1
2024-09-25 23:00,801.6,6,1.0,1
2024-09-26 00:00,801.6,6,1.0,1
2024-09-26 01:00,801.6,6,1.0,1
2024-09-26 02:00,801.6,6,1.0,1
2024-09-26 03:00,801.6,6,1.0,1
2024-09-26 04:00,801.6,6,1.0,1
2024-09-26 05:00,801.6,6,1.0,1
2024-09-26 06:00,801.6,6,1.0,1
2024-09-26 07:00,801.6,6,1.0,1
2024-09-26 08:00,801.6,6,1.0,1
2024-09-26 09:00,801.6,6,1.0,1
2024-09-26 10:00,801.6,6,1.0,1
2024-09-26 11:00,801.6,6,1.0,1
2024-09-26 12:00,801.6,6,1.0,1
2024-09-26 13:00,801.6,6,1.0,1
2024-09-26 14:00,801.6,6,1.0,1
2024-09-26 15:00,801.6,6,1.0,1
2024-09-26 16:00,801.6,6,1.0,1
2024-09-26 17:00,801.6,6,1.0,1
2024-09-26 18:00,801.6,6,1.0,1
2024-09-26 19:00,801.6,6,1.0,1
2024-09-26 20:00,801.6,6,1.0,1
2024-09-26 21:00,801.6,6,1.0,1
2024-09-26 22:00,801.6,6,1.0,1
2024-09-26 23:00,801.6,6,1.0,1
2024-09-27 00:00,801.6,6,1.0,1
2024-09-27 01:00,801.6,6,1.0,1
2024-09-27 02:00,801.6,6,1.0,1
2024-09-27 03:00,801.6,6,1.0,1
2024-09-27 04:00,801.6,6,1.0,1
2024-09-27 05:00,801.6,6,1.0,1
2024-09-27 06:00,801.6,6,1.0,1
2024-09-27 07:00,801.6,6,1.0,1
2024-09-27 08:00,801.6,6,1.0,1
2024-09-27 09:00,801.6,6,1.0,1
2024-09-27 10:00,801.6,6,1.0,1
2024-09-27 11:00,801.6,6,1.0,1
2024-09-27 12:00,801.6,6,1.0,1
2024-09-27 13:00,801.6,6,1.0,1
2024-09-27 14:00,801.6,6,1.0,1
2024-09-27 15:00,801.6,6,1.0,1
2024-09-27 16:00,801.6,6,1.0,1
2024-09-27 17:00,801.6,6,1.0,1
2024-09-27 18:00,801.6,6,1.0,1
2024-09-27 19:00,801.6,6,1.0,1
2024-09-27 20:00,801.6,6,1.0,1
2024-09-27 21:00,801.6,6,1.0,1
2024-09-27 22:00,801.6,6,1.0,1
2024-09-27 23:00,801.6,6,1.0,1
2024-09-28 00:00,801.6,6,1.0,1
2024-09-28 01:00,801.6,6,1.0,1
2024-09-28 02:00,801.6,6,1.0,1
2024-09-28 03:00,801.6,6,1.0,1
2024-09-28 04:00,801.6,6,1.0,1
2024-09-28 05:00,801.6,6,1.0,1
2024-09-28 06:00,801.6,6,1.0,1
2024-09-28 07:00,801.6,6,1.0,1
2024-09-28 08:00,801.6,6,1.0,1
2024-09-28 09:00,801.6,6,1.0,1
2024-09-28 10:00,801.6,6,1.0,1
2024-09-28 11:00,802.2,6,1.0,1
2024-09-28 12:00,802.2,6,1.0,1
2024-09-28 13:00,802.2,6,1.0,1
2024-09-28 14:00,802.2,6,1.0,1
2024-09-28 15:00,802.2,6,1.0,1
2024-09-28 16:00,802.2,6,1.0,1
2024-09-28 17:00,802.2,6,1.0,1
2024-09-28 18:00,802.2,6,1.0,1
2024-09-28 19:00,802.2,6,1.0,1
2024-09-28 20:00,802.2,6,1.0,1
2024-09-28 21:00,802.2,6,1.0,1
2024-09-28 22:00,802.2,6,1.0,1
2024-09-28 23:00,802.2,6,1.0,1
2024-09-29 00:00,802.2,6,1.0,1
2024-09-29 01:00,802.2,6,1.0,1
2024-09-29 02:00,802.2,6,1.0,1
2024-09-29 03:00,802.2,6,1.0,1
2024-09-29 04:00,802.2,6,1.0,1
2024-09-29 05:00,802.2,6,1.0,1
2024-09-29 06:00,802.2,6,1.0,1
2024-09-29 07:00,802.2,6,1.0,1
2024-09-29 08:00,802.2,6,1.0,1
2024-09-29 09:00,802.2,6,1.0,1
2024-09-29 10:00,802.2,6,1.0,1
2024-09-29 11:00,802.2,6,1.0,1
2024-09-29 12:00,802.2,6,1.0,1
2024-09-29 13:00,802.2,6,1.0,1
2024-09-29 14:00,802.2,6,1.0,1
2024-09-29 15:00,802.2,6,1.0,1
2024-09-29 16:00,802.2,6,1.0,1
2024-09-29 17:00,802.2,6,1.0,1
2024-09-29 18:00,802.2,6,1.0,1
2024-09-29 19:00,802.2,6,1.0,1
2024-09-29 20:00,802.2,6,1.0,1
2024-09-29 21:00,802.2,6,1.0,1
2024-09-29 22:00,802.2,6,1.0,1
2024-09-29 23:00,802.2,6,1.0,1
2024-09-30 00:00,802.2,6,1.0,1
2024-09-30 01:00,802.2,6,1.0,1
2024-09-30 02:00,802.2,6,1.0,1
2024-09-30 03:00,802.2,6,1.0,1
2024-09-30 04:00,802.2,6,1.0,1
2024-09-30 05:00,802.2,6,1.0,1
2024-09-30 06:00,802.2,6,1.0,1
2024-09-30 07:00,802.2,6,1.0,1
2024-09-30 08:00,802.2,6,1.0,1
2024-09-30 09:00,802.2,6,1.0,1
2024-09-30 10:00,802.2,6,1.0,1
2024-09-30 11:00,802.2,6,1.0,1
2024-09-30 12:00,802.2,6,1.0,1
2024-09-30 13:00,802.2,6,1.0,1
2024-09-30 14:00,802.2,6,1.0,1
2024-09-30 15:00,802.2,6,1.0,1
2024-09-30 16:00,802.2,6,1.0,1
2024-09-30 17:00,802.2,6,1.0,1
2024-09-30 18:00,802.2,6,1.0,1
2024-09-30 19:00,802.2,6,1.0,1
2024-09-30 20:00,802.2,6,1.0,1
2024-09-30 21:00,802.2,6,1.0,1
2024-09-30 22:00,802.2,6,1.0,1
2024-09-30 23:00,802.2,6,1.0,1
2024-10-01 00:00,802.2,6,1.0,1
2024-10-01 01:00,802.2,6,1.0,1
2024-10-01 02:00,802.2,6,1.0,1
2024-10-01 03:00,802.2,6,1.0,1
2024-10-01 04:00,802.2,6,1.0,1
2024-10-01 05:00,802.2,6,1.0,1
2024-10-01 06:00,802.2,6,1.0,1
2024-10-01 07:00,802.2,6,1.0,1
2024-10-01 08:00,802.2,6,1.0,1
2024-10-01 09:00,802.2,6,1.0,1
2024-10-01 10:00,802.2,6,1.0,1
2024-10-01 11:00,802.2,6,1.0,1
2024-10-01 12:00,802.2,6,1.0,1
2024-10-01 13:00,802.2,6,1.0,1
2024-10-01 14:00,802.2,6,1.0,1
2024-10-01 15:00,802.2,6,1.0,1
2024-10-01 16:00,802.2,6,1.0,1
2024-10-01 17:00,802.2,6,1.0,1
2024-10-01 18:00,802.2,6,1.0,1
2024-10-01 19:00,802.2,6,1.0,1
2024-10-01 20:00,802.2,6,1.0,1
2024-10-01 21:00,802.2,6,1.0,1
2024-10-01 22:00,802.2,6,1.0,1
2024-10-01 23:00,802.2,6,1.0,1
2024-10-02 00:00,802.2,6,1.0,1
2024-10-02 01:00,802.2,6,1.0,1
2024-10-02 02:00,802.2,6,1.0,1
2024-10-02 03:00,802.2,6,1.0,1
2024-10-02 04:00,802.2,6,1.0,1
2024-10-02 05:00,802.2,6,1.0,1
2024-10-02 06:00,802.2,6,1.0,1
2024-10-02 07:00,802.2,6,1.0,1
2024-10-02 08:00,802.2,6,1.0,1
2024-10-02 09:00,802.2,6,1.0,1
2024-10-02 10:00,802.2,6,1.0,1
2024-10-02 11:00,802.2,6,1.0,1
2024-10-02 12:00,802.2,6,1.0,1
2024-10-02 13:00,802.2,6,1.0,1
2024-10-02 14:00,802.2,6,1.0,1
2024-10-02 15:00,802.2,6,1.0,1
2024-10-02 16:00,802.2,6,1.0,1
2024-10-02 17:00,802.2,6,1.0,1
2024-10-02 18:00,802.2,6,1.0,1
2024-10-02 19:00,802.2,6,1.0,1
2024-10-02 20:00,802.2,6,1.0,1
2024-10-02 21:00,802.2,6,1.0,1
2024-10-02 22:00,802.2,6,1.0,1
2024-10-02 23:00,802.2,6,1.0,1
2024-10-03 00:00,802.2,6,1.0,1
2024-10-03 01:00,802.2,6,1.0,1
2024-10-03 02:00,802.2,6,1.0,1
2024-10-03 03:00,802.2,6,1.0,1
2024-10-03 04:00,802.2,6,1.0,1
2024-10-03 05:00,802.2,6,1.0,1
2024-10-03 06:00,802.2,6,1.0,1
2024-10-03 07:00,802.2,6,1.0,1
2024-10-03 08:00,802.2,6,1.0,1
2024-10-03 09:00,802.2,6,1.0,1
2024-10-03 10:00,802.2,6,1.0,1
2024-10-03 11:00,802.2,6,1.0,1
2024-10-03 12:00,802.2,6,1.0,1
2024-10-03 13:00,802.2,6,1.0,1
2024-10-03 14:00,802.2,6,1.0,1
2024-10-03 15:00,802.2,6,1.0,1
2024-10-03 16:00,802.2,6,1.0,1
2024-10-03 17:00,802.2,6,1.0,1
2024-10-03 18:00,802.2,6,1.0,1
2024-10-03 19:00,802.2,6,1.0,1
2024-10-03 20:00,802.2,6,1.0,1
2024-10-03 21:00,802.2,6,1.0,1
2024-10-03 22:00,805.6,6,1.0,1
2024-10-03 23:00,805.6,6,1.0,1
2024-10-04 00:00,805.6,6,1.0,1
2024-10-04 01:00,805.6,6,1.0,1
2024-10-04 02:00,805.6,6,1.0,1
2024-10-04 03:00,805.6,6,1.0,1
2024-10-04 04:00,805.6,6,1.0,1
2024-10-04 05:00,805.6,6,1.0,1
2024-10-04 06:00,805.6,6,1.0,1
2024-10-04 07:00,805.6,6,1.0,1
2024-10-04 08:00,805.6,6,1.0,1
2024-10-04 09:00,805.6,6,1.0,1
2024-10-04 10:00,805.6,6,1.0,1
2024-10-04 11:00,805.6,6,1.0,1
2024-10-04 12:00,805.8,6,1.0,1
2024-10-04 13:00,805.8,6,1.0,1
2024-10-04 14:00,805.8,6,1.0,1
2024-10-04 15:00,805.8,6,1.0,1
2024-10-04 16:00,805.8,6,1.0,1
2024-10-04 17:00,805.8,6,1.0,1
2024-10-04 18:00,805.8,6,1.0,1
2024-10-04 19:00,805.8,6,1.0,1
2024-10-04 20:00,805.8,6,1.0,1
2024-10-04 21:00,805.8,6,1.0,1
2024-10-04 22:00,807.2,6,1.0,1
2024-10-04 23:00,810.6,6,1.0,1
2024-10-05 00:00,811.0,6,1.0,1
2024-10-05 01:00,811.0,6,1.0,1
2024-10-05 02:00,811.0,6,1.0,1
2024-10-05 03:00,811.0,6,1.0,1
2024-10-05 04:00,811.0,6,1.0,1
2024-10-05 05:00,811.0,6,1.0,1
2024-10-05 06:00,822.8,6,1.0,1
2024-10-05 07:00,823.2,6,1.0,1
2024-10-05 08:00,823.2,6,1.0,1
2024-10-05 09:00,823.2,6,1.0,1
2024-10-05 10:00,823.2,6,1.0,1
2024-10-05 11:00,823.2,6,1.0,1
2024-10-05 12:00,823.2,6,1.0,1
2024-10-05 13:00,823.2,6,1.0,1
2024-10-05 14:00,823.2,6,1.0,1
2024-10-05 15:00,823.8,6,1.0,1
2024-10-05 16:00,824.0,6,1.0,1
2024-10-05 17:00,824.2,6,1.0,1
2024-10-05 18:00,824.2,6,1.0,1
2024-10-05 19:00,825.6,6,1.0,1
2024-10-05 20:00,826.0,6,1.0,1
2024-10-05 21:00,826.0,6,1.0,1
2024-10-05 22:00,826.0,6,1.0,1
2024-10-05 23:00,828.2,6,1.0,1
2024-10-06 00:00,828.4,6,1.0,1
2024-10-06 01:00,828.4,6,1.0,1
2024-10-06 02:00,828.4,6,1.0,1
2024-10-06 03:00,828.4,6,1.0,1
2024-10-06 04:00,828.4,6,1.0,1
2024-10-06 05:00,828.4,6,1.0,1
2024-10-06 06:00,828.4,6,1.0,1
2024-10-06 07:00,828.4,6,1.0,1
2024-10-06 08:00,828.4,6,1.0,1
2024-10-06 09:00,828.4,6,1.0,1
2024-10-06 10:00,828.4,6,1.0,1
2024-10-06 11:00,828.4,6,1.0,1
2024-10-06 12:00,828.4,6,1.0,1
2024-10-06 13:00,828.4,6,1.0,1
2024-10-06 14:00,828.4,6,1.0,1
2024-10-06 15:00,828.4,6,1.0,1
2024-10-06 16:00,828.4,6,1.0,1
2024-10-06 17:00,828.4,6,1.0,1
2024-10-06 18:00,828.4,6,1.0,1
2024-10-06 19:00,828.4,6,1.0,1
2024-10-06 20:00,828.4,6,1.0,1
2024-10-06 21:00,828.4,6,1.0,1
2024-10-06 22:00,828.4,6,1.0,1
2024-10-06 23:00,828.4,6,1.0,1
2024-10-07 00:00,828.4,6,1.0,1
2024-10-07 01:00,828.4,6,1.0,1
2024-10-07 02:00,828.4,6,1.0,1
2024-10-07 03:00,828.4,6,1.0,1
2024-10-07 04:00,828.4,6,1.0,1
2024-10-07 05:00,828.4,6,1.0,1
2024-10-07 06:00,828.4,6,1.0,1
2024-10-07 07:00,828.4,6,1.0,1
2024-10-07 08:00,828.4,6,1.0,1
2024-10-07 09:00,828.4,6,1.0,1
2024-10-07 10:00,828.4,6,1.0,1
2024-10-07 11:00,828.4,6,1.0,1
2024-10-07 12:00,828.4,6,1.0,1
2024-10-07 13:00,828.4,6,1.0,1
2024-10-07 14:00,828.4,6,1.0,1
2024-10-07 15:00,828.4,6,1.0,1
2024-10-07 16:00,828.4,6,1.0,1
2024-10-07 17:00,828.4,6,1.0,1
2024-10-07 18:00,828.4,6,1.0,1
2024-10-07 19:00,828.4,6,1.0,1
2024-10-07 20:00,828.4,6,1.0,1
2024-10-07 21:00,828.4,6,1.0,1
2024-10-07 22:00,828.4,6,1.0,1
2024-10-07 23:00,828.4,6,1.0,1
2024-10-08 00:00,828.4,6,1.0,1
2024-10-08 01:00,828.4,6,1.0,1
2024-10-08 02:00,828.4,6,1.0,1
2024-10-08 03:00,828.4,6,1.0,1
2024-10-08 04:00,828.4,6,1.0,1
2024-10-08 05:00,828.4,6,1.0,1
2024-10-08 06:00,828.4,6,1.0,1
2024-10-08 07:00,828.4,6,1.0,1
2024-10-08 08:00,828.4,6,1.0,1
2024-10-08 09:00,828.4,6,1.0,1
2024-10-08 10:00,828.4,6,1.0,1
2024-10-08 11:00,828.4,6,1.0,1
2024-10-08 12:00,828.4,6,1.0,1
2024-10-08 13:00,828.4,6,1.0,1
2024-10-08 14:00,828.4,6,1.0,1
2024-10-08 15:00,828.4,6,1.0,1
2024-10-08 16:00,828.4,6,1.0,1
2024-10-08 17:00,828.4,6,1.0,1
2024-10-08 18:00,832.4,6,1.0,1
2024-10-08 19:00,854.6,6,1.0,1
2024-10-08 20:00,860.6,6,1.0,1
2024-10-08 21:00,861.4,6,1.0,1
2024-10-08 22:00,861.4,6,1.0,1
2024-10-08 23:00,861.6,6,1.0,1
2024-10-09 00:00,861.6,6,1.0,1
2024-10-09 01:00,861.6,6,1.0,1
2024-10-09 02:00,861.6,6,1.0,1
2024-10-09 03:00,861.6,6,1.0,1
2024-10-09 04:00,875.4,6,1.0,1
2024-10-09 05:00,875.8,6,1.0,1
2024-10-09 06:00,875.8,6,1.0,1
2024-10-09 07:00,875.8,6,1.0,1
2024-10-09 08:00,875.8,6,1.0,1
2024-10-09 09:00,875.8,6,1.0,1
2024-10-09 10:00,875.8,6,1.0,1
2024-10-09 11:00,875.8,6,1.0,1
2024-10-09 12:00,875.8,6,1.0,1
2024-10-09 13:00,875.8,6,1.0,1
2024-10-09 14:00,875.8,6,1.0,1
2024-10-09 15:00,875.8,6,1.0,1
2024-10-09 16:00,875.8,6,1.0,1
2024-10-09 17:00,875.8,6,1.0,1
2024-10-09 18:00,875.8,6,1.0,1
2024-10-09 19:00,875.8,6,1.0,1
2024-10-09 20:00,875.8,6,1.0,1
2024-10-09 21:00,875.8,6,1.0,1
2024-10-09 22:00,875.8,6,1.0,1
2024-10-09 23:00,875.8,6,1.0,1
2024-10-10 00:00,875.8,6,1.0,1
2024-10-10 01:00,875.8,6,1.0,1
2024-10-10 02:00,875.8,6,1.0,1
2024-10-10 03:00,875.8,6,1.0,1
2024-10-10 04:00,875.8,6,1.0,1
2024-10-10 05:00,875.8,6,1.0,1
2024-10-10 06:00,875.8,6,1.0,1
2024-10-10 07:00,875.8,6,1.0,1
2024-10-10 08:00,875.8,6,1.0,1
2024-10-10 09:00,875.8,6,1.0,1
2024-10-10 10:00,875.8,6,1.0,1
2024-10-10 11:00,875.8,6,1.0,1
2024-10-10 12:00,875.8,6,1.0,1
2024-10-10 13:00,875.8,6,1.0,1
2024-10-10 14:00,875.8,6,1.0,1
2024-10-10 15:00,875.8,6,1.0,1
2024-10-10 16:00,875.8,6,1.0,1
2024-10-10 17:00,875.8,6,1.0,1
2024-10-10 18:00,875.8,6,1.0,1
2024-10-10 19:00,878.2,6,1.0,1
2024-10-10 20:00,879.0,6,1.0,1
2024-10-10 21:00,879.0,6,1.0,1
2024-10-10 22:00,879.0,6,1.0,1
2024-10-10 23:00,879.0,6,1.0,1
2024-10-11 00:00,879.0,6,1.0,1
2024-10-11 01:00,879.0,6,1.0,1
2024-10-11 02:00,879.0,6,1.0,1
2024-10-11 03:00,879.0,6,1.0,1
2024-10-11 04:00,879.0,6,1.0,1
2024-10-11 05:00,879.0,6,1.0,1
2024-10-11 06:00,879.0,6,1.0,1
2024-10-11 07:00,879.0,6,1.0,1
2024-10-11 08:00,879.0,6,1.0,1
2024-10-11 09:00,879.0,6,1.0,1
2024-10-11 10:00,879.0,6,1.0,1
2024-10-11 11:00,879.0,6,1.0,1
2024-10-11 12:00,879.0,6,1.0,1
2024-10-11 13:00,879.0,6,1.0,1
2024-10-11 14:00,879.0,6,1.0,1
2024-10-11 15:00,879.0,6,1.0,1
2024-10-11 16:00,879.0,6,1.0,1
2024-10-11 17:00,879.0,6,1.0,1
2024-10-11 18:00,879.0,6,1.0,1
2024-10-11 19:00,879.0,6,1.0,1
2024-10-11 20:00,879.0,6,1.0,1
2024-10-11 21:00,879.0,6,1.0,1
2024-10-11 22:00,879.0,6,1.0,1
2024-10-11 23:00,879.0,6,1.0,1
2024-10-12 00:00,879.0,6,1.0,1
2024-10-12 01:00,879.0,6,1.0,1
2024-10-12 02:00,879.0,6,1.0,1
2024-10-12 03:00,879.0,6,1.0,1
2024-10-12 04:00,879.0,6,1.0,1
2024-10-12 05:00,879.0,6,1.0,1
2024-10-12 06:00,879.0,6,1.0,1
2024-10-12 07:00,879.0,6,1.0,1
2024-10-12 08:00,879.0,6,1.0,1
2024-10-12 09:00,879.0,6,1.0,1
2024-10-12 10:00,879.0,6,1.0,1
2024-10-12 11:00,879.0,6,1.0,1
2024-10-12 12:00,879.0,6,1.0,1
2024-10-12 13:00,879.0,6,1.0,1
2024-10-12 14:00,879.0,6,1.0,1
2024-10-12 15:00,879.0,6,1.0,1
2024-10-12 16:00,879.0,6,1.0,1
2024-10-12 17:00,879.0,6,1.0,1
2024-10-12 18:00,879.0,6,1.0,1
2024-10-12 19:00,879.0,6,1.0,1
2024-10-12 20:00,879.0,6,1.0,1
2024-10-12 21:00,879.0,6,1.0,1
2024-10-12 22:00,879.0,6,1.0,1
2024-10-12 23:00,879.0,6,1.0,1
2024-10-13 00:00,879.0,6,1.0,1
2024-10-13 01:00,879.0,6,1.0,1
2024-10-13 02:00,879.0,6,1.0,1
2024-10-13 03:00,879.0,6,1.0,1
2024-10-13 04:00,879.0,6,1.0,1
2024-10-13 05:00,879.0,6,1.0,1
2024-10-13 06:00,879.0,6,1.0,1
2024-10-13 07:00,879.0,6,1.0,1
2024-10-13 08:00,879.0,6,1.0,1
2024-10-13 09:00,879.0,6,1.0,1
2024-10-13 10:00,879.0,6,1.0,1
2024-10-13 11:00,879.0,6,1.0,1
2024-10-13 12:00,879.0,6,1.0,1
2024-10-13 13:00,879.0,6,1.0,1
2024-10-13 14:00,879.0,6,1.0,1
2024-10-13 15:00,879.0,6,1.0,1
2024-10-13 16:00,879.0,6,1.0,1
2024-10-13 17:00,879.0,6,1.0,1
2024-10-13 18:00,879.0,6,1.0,1
2024-10-13 19:00,879.0,6,1.0,1
2024-10-13 20:00,879.0,6,1.0,1
2024-10-13 21:00,879.0,6,1.0,1
2024-10-13 22:00,879.0,6,1.0,1
2024-10-13 23:00,879.0,6,1.0,1
2024-10-14 00:00,879.0,6,1.0,1
2024-10-14 01:00,879.0,6,1.0,1
2024-10-14 02:00,879.0,6,1.0,1
2024-10-14 03:00,879.0,6,1.0,1
2024-10-14 04:00,879.0,6,1.0,1
2024-10-14 05:00,879.0,6,1.0,1
2024-10-14 06:00,879.0,6,1.0,1
2024-10-14 07:00,879.0,6,1.0,1
2024-10-14 08:00,879.0,6,1.0,1
2024-10-14 09:00,879.0,6,1.0,1
2024-10-14 10:00,879.0,6,1.0,1
2024-10-14 11:00,879.0,6,1.0,1
2024-10-14 12:00,879.0,6,1.0,1
2024-10-14 13:00,879.0,6,1.0,1
2024-10-14 14:00,879.0,6,1.0,1
2024-10-14 15:00,879.0,6,1.0,1
2024-10-14 16:00,879.0,6,1.0,1
2024-10-14 17:00,879.0,6,1.0,1
2024-10-14 18:00,879.0,6,1.0,1
2024-10-14 19:00,879.0,6,1.0,1
2024-10-14 20:00,879.0,6,1.0,1
2024-10-14 21:00,879.0,6,1.0,1
2024-10-14 22:00,879.0,6,1.0,1
2024-10-14 23:00,879.0,6,1.0,1
2024-10-15 00:00,879.0,6,1.0,1
2024-10-15 01:00,879.0,6,1.0,1
2024-10-15 02:00,879.0,6,1.0,1
2024-10-15 03:00,879.0,6,1.0,1
2024-10-15 04:00,879.0,6,1.0,1
2024-10-15 05:00,879.0,6,1.0,1
2024-10-15 06:00,879.0,6,1.0,1
2024-10-15 07:00,879.0,6,1.0,1
2024-10-15 08:00,879.0,6,1.0,1
2024-10-15 09:00,879.0,6,1.0,1
2024-10-15 10:00,879.0,6,1.0,1
2024-10-15 11:00,879.0,6,1.0,1
2024-10-15 12:00,879.0,6,1.0,1
2024-10-15 13:00,879.0,6,1.0,1
2024-10-15 14:00,879.0,6,1.0,1
2024-10-15 15:00,879.0,6,1.0,1
2024-10-15 16:00,879.0,6,1.0,1
2024-10-15 17:00,879.0,6,1.0,1
2024-10-15 18:00,879.0,6,1.0,1
2024-10-15 19:00,879.0,6,1.0,1
2024-10-15 20:00,879.0,6,1.0,1
2024-10-15 21:00,879.0,6,1.0,1
2024-10-15 22:00,879.0,6,1.0,1
2024-10-15 23:00,879.0,6,1.0,1
2024-10-16 00:00,879.0,6,1.0,1
2024-10-16 01:00,879.0,6,1.0,1
2024-10-16 02:00,879.0,6,1.0,1
2024-10-16 03:00,879.0,6,1.0,1
2024-10-16 04:00,879.0,6,1.0,1
2024-10-16 05:00,879.0,6,1.0,1
2024-10-16 06:00,879.0,6,1.0,1
2024-10-16 07:00,879.0,6,1.0,1
2024-10-16 08:00,879.0,6,1.0,1
2024-10-16 09:00,879.0,6,1.0,1
2024-10-16 10:00,879.0,6,1.0,1
2024-10-16 11:00,879.0,6,1.0,1
2024-10-16 12:00,879.0,6,1.0,1
2024-10-16 13:00,879.0,6,1.0,1
2024-10-16 14:00,879.0,6,1.0,1
2024-10-16 15:00,879.0,6,1.0,1
2024-10-16 16:00,879.0,6,1.0,1
2024-10-16 17:00,879.0,6,1.0,1
2024-10-16 18:00,879.0,6,1.0,1
2024-10-16 19:00,879.0,6,1.0,1
2024-10-16 20:00,879.0,6,1.0,1
2024-10-16 21:00,879.0,6,1.0,1
2024-10-16 22:00,879.0,6,1.0,1
2024-10-16 23:00,879.0,6,1.0,1
2024-10-17 00:00,879.0,6,1.0,1
2024-10-17 01:00,879.0,6,1.0,1
2024-10-17 02:00,879.0,6,1.0,1
2024-10-17 03:00,879.0,6,1.0,1
2024-10-17 04:00,879.0,6,1.0,1
2024-10-17 05:00,879.0,6,1.0,1
2024-10-17 06:00,879.0,6,1.0,1
2024-10-17 07:00,879.0,6,1.0,1
2024-10-17 08:00,879.0,6,1.0,1
2024-10-17 09:00,879.0,6,1.0,1
2024-10-17 10:00,879.0,6,1.0,1
2024-10-17 11:00,879.0,6,1.0,1
2024-10-17 12:00,879.0,6,1.0,1
2024-10-17 13:00,879.0,6,1.0,1
2024-10-17 14:00,879.0,6,1.0,1
2024-10-17 15:00,879.0,6,1.0,1
2024-10-17 16:00,879.0,6,1.0,1
2024-10-17 17:00,879.0,6,1.0,1
2024-10-17 18:00,879.0,6,1.0,1
2024-10-17 19:00,879.0,6,1.0,1
2024-10-17 20:00,879.0,6,1.0,1
2024-10-17 21:00,879.0,6,1.0,1
2024-10-17 22:00,879.0,6,1.0,1
2024-10-17 23:00,879.0,6,1.0,1
2024-10-18 00:00,879.0,6,1.0,1
2024-10-18 01:00,879.0,6,1.0,1
2024-10-18 02:00,879.0,6,1.0,1
2024-10-18 03:00,879.0,6,1.0,1
2024-10-18 04:00,879.0,6,1.0,1
2024-10-18 05:00,879.0,6,1.0,1
2024-10-18 06:00,879.0,6,1.0,1
2024-10-18 07:00,908.2,6,1.0,1
2024-10-18 08:00,935.8,6,1.0,1
2024-10-18 09:00,940.6,6,1.0,1
2024-10-18 10:00,940.6,6,1.0,1
2024-10-18 11:00,949.4,6,1.0,1
2024-10-18 12:00,958.2,6,1.0,1
2024-10-18 13:00,958.4,6,1.0,1
2024-10-18 14:00,959.2,6,1.0,1
2024-10-18 15:00,959.2,6,1.0,1
2024-10-18 16:00,959.2,6,1.0,1
2024-10-18 17:00,959.2,6,1.0,1
2024-10-18 18:00,960.2,6,1.0,1
2024-10-18 19:00,963.4,6,1.0,1
2024-10-18 20:00,964.0,6,1.0,1
2024-10-18 21:00,964.0,6,1.0,1
2024-10-18 22:00,964.0,6,1.0,1
2024-10-18 23:00,964.0,6,1.0,1
2024-10-19 00:00,964.0,6,1.0,1
2024-10-19 01:00,964.0,6,1.0,1
2024-10-19 02:00,964.0,6,1.0,1
2024-10-19 03:00,964.4,6,1.0,1
2024-10-19 04:00,964.6,6,1.0,1
2024-10-19 05:00,980.8,6,1.0,1
2024-10-19 06:00,994.0,6,1.0,1
2024-10-19 07:00,1006.0,6,1.0,1
2024-10-19 08:00,1011.4,6,1.0,1
2024-10-19 09:00,1016.2,6,1.0,1
2024-10-19 10:00,1021.2,6,1.0,1
2024-10-19 11:00,1025.2,6,1.0,1
2024-10-19 12:00,1026.4,6,1.0,1
2024-10-19 13:00,1026.6,6,1.0,1
2024-10-19 14:00,1026.6,6,1.0,1
2024-10-19 15:00,1028.4,6,1.0,1
2024-10-19 16:00,1029.2,6,1.0,1
2024-10-19 17:00,1029.4,6,1.0,1
2024-10-19 18:00,1030.4,6,1.0,1
2024-10-19 19:00,1030.6,6,1.0,1
2024-10-19 20:00,1030.6,6,1.0,1
2024-10-19 21:00,1030.6,6,1.0,1
2024-10-19 22:00,1030.6,6,1.0,1
2024-10-19 23:00,1030.6,6,1.0,1
2024-10-20 00:00,1030.6,6,1.0,1
2024-10-20 01:00,1030.6,6,1.0,1
2024-10-20 02:00,1038.4,6,1.0,1
2024-10-20 03:00,1038.6,6,1.0,1
2024-10-20 04:00,1047.0,6,1.0,1
2024-10-20 05:00,1052.8,6,1.0,1
2024-10-20 06:00,1053.8,6,1.0,1
2024-10-20 07:00,1053.8,6,1.0,1
2024-10-20 08:00,1053.8,6,1.0,1
2024-10-20 09:00,1053.8,6,1.0,1
2024-10-20 10:00,1053.8,6,1.0,1
2024-10-20 11:00,1053.8,6,1.0,1
2024-10-20 12:00,1053.8,6,1.0,1
2024-10-20 13:00,1053.8,6,1.0,1
2024-10-20 14:00,1053.8,6,1.0,1
2024-10-20 15:00,1053.8,6,1.0,1
2024-10-20 16:00,1053.8,6,1.0,1
2024-10-20 17:00,1053.8,6,1.0,1
2024-10-20 18:00,1053.8,6,1.0,1
2024-10-20 19:00,1053.8,6,1.0,1
2024-10-20 20:00,1053.8,6,1.0,1
2024-10-20 21:00,1053.8,6,1.0,1
2024-10-20 22:00,1053.8,6,1.0,1
2024-10-20 23:00,1053.8,6,1.0,1
2024-10-21 00:00,1053.8,6,1.0,1
2024-10-21 01:00,1053.8,6,1.0,1
2024-10-21 02:00,1053.8,6,1.0,1
2024-10-21 03:00,1053.8,6,1.0,1
2024-10-21 04:00,1053.8,6,1.0,1
2024-10-21 05:00,1053.8,6,1.0,1
2024-10-21 06:00,1053.8,6,1.0,1
2024-10-21 07:00,1053.8,6,1.0,1
2024-10-21 08:00,1053.8,6,1.0,1
2024-10-21 09:00,1053.8,6,1.0,1
2024-10-21 10:00,1053.8,6,1.0,1
2024-10-21 11:00,1053.8,6,1.0,1
2024-10-21 12:00,1053.8,6,1.0,1
2024-10-21 13:00,1053.8,6,1.0,1
2024-10-21 14:00,1053.8,6,1.0,1
2024-10-21 15:00,1053.8,6,1.0,1
2024-10-21 16:00,1053.8,6,1.0,1
2024-10-21 17:00,1053.8,6,1.0,1
2024-10-21 18:00,1053.8,6,1.0,1
2024-10-21 19:00,1053.8,6,1.0,1
2024-10-21 20:00,1053.8,6,1.0,1
2024-10-21 21:00,1053.8,6,1.0,1
2024-10-21 22:00,1053.8,6,1.0,1
2024-10-21 23:00,1053.8,6,1.0,1
2024-10-22 00:00,1053.8,6,1.0,1
2024-10-22 01:00,1053.8,6,1.0,1
2024-10-22 02:00,1053.8,6,1.0,1
2024-10-22 03:00,1053.8,6,1.0,1
2024-10-22 04:00,1053.8,6,1.0,1
2024-10-22 05:00,1053.8,6,1.0,1
2024-10-22 06:00,1053.8,6,1.0,1
2024-10-22 07:00,1053.8,6,1.0,1
2024-10-22 08:00,1053.8,6,1.0,1
2024-10-22 09:00,1053.8,6,1.0,1
2024-10-22 10:00,1053.8,6,1.0,1
2024-10-22 11:00,1053.8,6,1.0,1
2024-10-22 12:00,1053.8,6,1.0,1
2024-10-22 13:00,1056.2,6,1.0,1
2024-10-22 14:00,1059.0,6,1.0,1
2024-10-22 15:00,1059.0,6,1.0,1
2024-10-22 16:00,1059.0,6,1.0,1
2024-10-22 17:00,1059.0,6,1.0,1
2024-10-22 18:00,1059.0,6,1.0,1
2024-10-22 19:00,1059.0,6,1.0,1
2024-10-22 20:00,1059.0,6,1.0,1
2024-10-22 21:00,1059.0,6,1.0,1
2024-10-22 22:00,1059.0,6,1.0,1
2024-10-22 23:00,1059.0,6,1.0,1
2024-10-23 00:00,1059.0,6,1.0,1
2024-10-23 01:00,1059.0,6,1.0,1
2024-10-23 02:00,1059.0,6,1.0,1
2024-10-23 03:00,1059.0,6,1.0,1
2024-10-23 04:00,1059.0,6,1.0,1
2024-10-23 05:00,1059.0,6,1.0,1
2024-10-23 06:00,1059.0,6,1.0,1
2024-10-23 07:00,1059.0,6,1.0,1
2024-10-23 08:00,1059.0,6,1.0,1
2024-10-23 09:00,1059.0,6,1.0,1
2024-10-23 10:00,1059.0,6,1.0,1
2024-10-23 11:00,1059.0,6,1.0,1
2024-10-23 12:00,1059.0,6,1.0,1
2024-10-23 13:00,1059.0,6,1.0,1
2024-10-23 14:00,1059.0,6,1.0,1
2024-10-23 15:00,1059.0,6,1.0,1
2024-10-23 16:00,1059.0,6,1.0,1
2024-10-23 17:00,1059.0,6,1.0,1
2024-10-23 18:00,1059.0,6,1.0,1
2024-10-23 19:00,1059.0,6,1.0,1
2024-10-23 20:00,1059.0,6,1.0,1
2024-10-23 21:00,1059.0,6,1.0,1
2024-10-23 22:00,1059.0,6,1.0,1
2024-10-23 23:00,1059.0,6,1.0,1
2024-10-24 00:00,1059.0,6,1.0,1
2024-10-24 01:00,1059.0,6,1.0,1
2024-10-24 02:00,1059.0,6,1.0,1
2024-10-24 03:00,1059.0,6,1.0,1
2024-10-24 04:00,1059.0,6,1.0,1
2024-10-24 05:00,1059.0,6,1.0,1
2024-10-24 06:00,1059.0,6,1.0,1
2024-10-24 07:00,1059.0,6,1.0,1
2024-10-24 08:00,1059.0,6,1.0,1
2024-10-24 09:00,1059.0,6,1.0,1
2024-10-24 10:00,1059.0,6,1.0,1
2024-10-24 11:00,1059.0,6,1.0,1
2024-10-24 12:00,1059.0,6,1.0,1
2024-10-24 13:00,1059.0,6,1.0,1
2024-10-24 14:00,1059.0,6,1.0,1
2024-10-24 15:00,1059.0,6,1.0,1
2024-10-24 16:00,1059.0,6,1.0,1
2024-10-24 17:00,1059.0,6,1.0,1
2024-10-24 18:00,1059.0,6,1.0,1
2024-10-24 19:00,1059.0,6,1.0,1
2024-10-24 20:00,1059.0,6,1.0,1
2024-10-24 21:00,1059.0,6,1.0,1
2024-10-24 22:00,1059.0,6,1.0,1
2024-10-24 23:00,1059.0,6,1.0,1
2024-10-25 00:00,1059.0,6,1.0,1
2024-10-25 01:00,1059.0,6,1.0,1
2024-10-25 02:00,1059.0,6,1.0,1
2024-10-25 03:00,1059.0,6,1.0,1
2024-10-25 04:00,1059.0,6,1.0,1
2024-10-25 05:00,1059.0,6,1.0,1
2024-10-25 06:00,1059.0,6,1.0,1
2024-10-25 07:00,1059.0,6,1.0,1
2024-10-25 08:00,1059.0,6,1.0,1
2024-10-25 09:00,1059.0,6,1.0,1
2024-10-25 10:00,1059.0,6,1.0,1
2024-10-25 11:00,1059.0,6,1.0,1
2024-10-25 12:00,1059.0,6,1.0,1
2024-10-25 13:00,1059.0,6,1.0,1
2024-10-25 14:00,1059.0,6,1.0,1
2024-10-25 15:00,1059.0,6,1.0,1
2024-10-25 16:00,1059.0,6,1.0,1
2024-10-25 17:00,1059.0,6,1.0,1
2024-10-25 18:00,1059.0,6,1.0,1
2024-10-25 19:00,1059.0,6,1.0,1
2024-10-25 20:00,1059.0,6,1.0,1
2024-10-25 21:00,1059.0,6,1.0,1
2024-10-25 22:00,1059.0,6,1.0,1
2024-10-25 23:00,1059.0,6,1.0,1
2024-10-26 00:00,1059.0,6,1.0,1
2024-10-26 01:00,1059.0,6,1.0,1
2024-10-26 02:00,1059.0,6,1.0,1
2024-10-26 03:00,1059.0,6,1.0,1
2024-10-26 04:00,1059.0,6,1.0,1
2024-10-26 05:00,1059.0,6,1.0,1
2024-10-26 06:00,1059.0,6,1.0,1
2024-10-26 07:00,1059.0,6,1.0,1
2024-10-26 08:00,1059.0,6,1.0,1
2024-10-26 09:00,1059.0,6,1.0,1
2024-10-26 10:00,1059.0,6,1.0,1
2024-10-26 11:00,1059.0,6,1.0,1
2024-10-26 12:00,1059.0,6,1.0,1
2024-10-26 13:00,1059.0,6,1.0,1
2024-10-26 14:00,1059.0,6,1.0,1
2024-10-26 15:00,1059.0,6,1.0,1
2024-10-26 16:00,1059.0,6,1.0,1
2024-10-26 17:00,1059.0,6,1.0,1
2024-10-26 18:00,1059.0,6,1.0,1
2024-10-26 19:00,1059.0,6,1.0,1
2024-10-26 20:00,1059.0,6,1.0,1
2024-10-26 21:00,1059.0,6,1.0,1
2024-10-26 22:00,1059.0,6,1.0,1
2024-10-26 23:00,1059.0,6,1.0,1
2024-10-27 00:00,1059.0,6,1.0,1
2024-10-27 01:00,1059.0,6,1.0,1
2024-10-27 02:00,1059.0,6,1.0,1
2024-10-27 03:00,1059.0,6,1.0,1
2024-10-27 04:00,1059.0,6,1.0,1
2024-10-27 05:00,1059.0,6,1.0,1
2024-10-27 06:00,1059.0,6,1.0,1
2024-10-27 07:00,1059.0,6,1.0,1
2024-10-27 08:00,1059.0,6,1.0,1
2024-10-27 09:00,1059.0,6,1.0,1
2024-10-27 10:00,1059.0,6,1.0,1
2024-10-27 11:00,1059.0,6,1.0,1
2024-10-27 12:00,1059.0,6,1.0,1
2024-10-27 13:00,1059.0,6,1.0,1
2024-10-27 14:00,1059.0,6,1.0,1
2024-10-27 15:00,1059.0,6,1.0,1
2024-10-27 16:00,1059.0,6,1.0,1
2024-10-27 17:00,1059.0,6,1.0,1
2024-10-27 18:00,1059.0,6,1.0,1
2024-10-27 19:00,1059.0,6,1.0,1
2024-10-27 20:00,1059.0,6,1.0,1
2024-10-27 21:00,1059.0,6,1.0,1
2024-10-27 22:00,1059.0,6,1.0,1
2024-10-27 23:00,1059.0,6,1.0,1
2024-10-28 00:00,1059.0,6,1.0,1
2024-10-28 01:00,1059.0,6,1.0,1
2024-10-28 02:00,1059.0,6,1.0,1
2024-10-28 03:00,1059.0,6,1.0,1
2024-10-28 04:00,1059.0,6,1.0,1
2024-10-28 05:00,1059.0,6,1.0,1
2024-10-28 06:00,1059.0,6,1.0,1
2024-10-28 07:00,1059.0,6,1.0,1
2024-10-28 08:00,1059.0,6,1.0,1
2024-10-28 09:00,1059.0,6,1.0,1
2024-10-28 10:00,1059.0,6,1.0,1
2024-10-28 11:00,1059.0,6,1.0,1
2024-10-28 12:00,1059.0,6,1.0,1
2024-10-28 13:00,1059.0,6,1.0,1
2024-10-28 14:00,1059.0,6,1.0,1
2024-10-28 15:00,1059.0,6,1.0,1
2024-10-28 16:00,1059.0,6,1.0,1
2024-10-28 17:00,1059.0,6,1.0,1
2024-10-28 18:00,1059.0,6,1.0,1
2024-10-28 19:00,1059.0,6,1.0,1
2024-10-28 20:00,1059.0,6,1.0,1
2024-10-28 21:00,1059.0,6,1.0,1
2024-10-28 22:00,1059.0,6,1.0,1
2024-10-28 23:00,1059.0,6,1.0,1
2024-10-29 00:00,1059.0,6,1.0,1
2024-10-29 01:00,1059.0,6,1.0,1
2024-10-29 02:00,1059.0,6,1.0,1
2024-10-29 03:00,1059.0,6,1.0,1
2024-10-29 04:00,1059.0,6,1.0,1
2024-10-29 05:00,1059.0,6,1.0,1
2024-10-29 06:00,1059.0,6,1.0,1
2024-10-29 07:00,1059.0,6,1.0,1
2024-10-29 08:00,1059.0,6,1.0,1
2024-10-29 09:00,1059.0,6,1.0,1
2024-10-29 10:00,1059.0,6,1.0,1
2024-10-29 11:00,1059.0,6,1.0,1
2024-10-29 12:00,1059.0,6,1.0,1
2024-10-29 13:00,1059.0,6,1.0,1
2024-10-29 14:00,1059.0,6,1.0,1
2024-10-29 15:00,1059.0,6,1.0,1
2024-10-29 16:00,1059.0,6,1.0,1
2024-10-29 17:00,1059.0,6,1.0,1
2024-10-29 18:00,1059.0,6,1.0,1
2024-10-29 19:00,1059.0,6,1.0,1
2024-10-29 20:00,1059.0,6,1.0,1
2024-10-29 21:00,1059.0,6,1.0,1
2024-10-29 22:00,1059.0,6,1.0,1
2024-10-29 23:00,1059.0,6,1.0,1
2024-10-30 00:00,1059.0,6,1.0,1
2024-10-30 01:00,1059.0,6,1.0,1
2024-10-30 02:00,1059.0,6,1.0,1
2024-10-30 03:00,1059.0,6,1.0,1
2024-10-30 04:00,1059.0,6,1.0,1
2024-10-30 05:00,1059.0,6,1.0,1
2024-10-30 06:00,1059.0,6,1.0,1
2024-10-30 07:00,1059.0,6,1.0,1
2024-10-30 08:00,1059.0,6,1.0,1
2024-10-30 09:00,1059.0,6,1.0,1
2024-10-30 10:00,1059.0,6,1.0,1
2024-10-30 11:00,1059.0,6,1.0,1
2024-10-30 12:00,1059.0,6,1.0,1
2024-10-30 13:00,1059.0,6,1.0,1
2024-10-30 14:00,1059.0,6,1.0,1
2024-10-30 15:00,1059.0,6,1.0,1
2024-10-30 16:00,1059.0,6,1.0,1
2024-10-30 17:00,1059.0,6,1.0,1
2024-10-30 18:00,1059.0,6,1.0,1
2024-10-30 19:00,1059.0,6,1.0,1
2024-10-30 20:00,1059.0,6,1.0,1
2024-10-30 21:00,1059.0,6,1.0,1
2024-10-30 22:00,1059.0,6,1.0,1
2024-10-30 23:00,1059.0,6,1.0,1
2024-10-31 00:00,1059.0,6,1.0,1
2024-10-31 01:00,1059.0,6,1.0,1
2024-10-31 02:00,1059.0,6,1.0,1
2024-10-31 03:00,1059.0,6,1.0,1
2024-10-31 04:00,1059.0,6,1.0,1
2024-10-31 05:00,1059.0,6,1.0,1
2024-10-31 06:00,1059.0,6,1.0,1
2024-10-31 07:00,1059.0,6,1.0,1
2024-10-31 08:00,1059.0,6,1.0,1
2024-10-31 09:00,1059.0,6,1.0,1
2024-10-31 10:00,1059.0,6,1.0,1
2024-10-31 11:00,1059.0,6,1.0,1
2024-10-31 12:00,1059.0,6,1.0,1
2024-10-31 13:00,1059.0,6,1.0,1
2024-10-31 14:00,1059.0,6,1.0,1
2024-10-31 15:00,1059.0,6,1.0,1
2024-10-31 16:00,1059.0,6,1.0,1
2024-10-31 17:00,1059.0,6,1.0,1
2024-10-31 18:00,1059.0,6,1.0,1
2024-10-31 19:00,1059.0,6,1.0,1
2024-10-31 20:00,1059.0,6,1.0,1
2024-10-31 21:00,1059.0,6,1.0,1
2024-10-31 22:00,1059.0,6,1.0,1
2024-10-31 23:00,1059.0,6,1.0,1
2024-11-01 00:00,1059.0,6,1.0,1
2024-11-01 01:00,1059.0,6,1.0,1
2024-11-01 02:00,1059.0,6,1.0,1
2024-11-01 03:00,1059.0,6,1.0,1
2024-11-01 04:00,1059.0,6,1.0,1
2024-11-01 05:00,1059.0,6,1.0,1
2024-11-01 06:00,1059.0,6,1.0,1
2024-11-01 07:00,1059.0,6,1.0,1
2024-11-01 08:00,1059.0,6,1.0,1
2024-11-01 09:00,1059.0,6,1.0,1
2024-11-01 10:00,1059.0,6,1.0,1
2024-11-01 11:00,1059.0,6,1.0,1
2024-11-01 12:00,1059.0,6,1.0,1
2024-11-01 13:00,1059.0,6,1.0,1
2024-11-01 14:00,1059.0,6,1.0,1
2024-11-01 15:00,1059.0,6,1.0,1
2024-11-01 16:00,1059.0,6,1.0,1
2024-11-01 17:00,1059.0,6,1.0,1
2024-11-01 18:00,1059.0,6,1.0,1
2024-11-01 19:00,1059.0,6,1.0,1
2024-11-01 20:00,1059.0,6,1.0,1
2024-11-01 21:00,1059.0,6,1.0,1
2024-11-01 22:00,1059.0,6,1.0,1
2024-11-01 23:00,1059.0,6,1.0,1
2024-11-02 00:00,1059.0,6,1.0,1
2024-11-02 01:00,1059.0,6,1.0,1
2024-11-02 02:00,1059.0,6,1.0,1
2024-11-02 03:00,1059.0,6,1.0,1
2024-11-02 04:00,1059.0,6,1.0,1
2024-11-02 05:00,1059.0,6,1.0,1
2024-11-02 06:00,1059.0,6,1.0,1
2024-11-02 07:00,1059.0,6,1.0,1
2024-11-02 08:00,1059.0,6,1.0,1
2024-11-02 09:00,1059.0,6,1.0,1
2024-11-02 10:00,1059.0,6,1.0,1
2024-11-02 11:00,1059.0,6,1.0,1
2024-11-02 12:00,1059.0,6,1.0,1
2024-11-02 13:00,1059.0,6,1.0,1
2024-11-02 14:00,1059.0,6,1.0,1
2024-11-02 15:00,1059.0,6,1.0,1
2024-11-02 16:00,1059.0,6,1.0,1
2024-11-02 17:00,1059.0,6,1.0,1
2024-11-02 18:00,1059.0,6,1.0,1
2024-11-02 19:00,1059.0,6,1.0,1
2024-11-02 20:00,1059.0,6,1.0,1
2024-11-02 21:00,1059.0,6,1.0,1
2024-11-02 22:00,1059.0,6,1.0,1
2024-11-02 23:00,1059.0,6,1.0,1
2024-11-03 00:00,1059.0,6,1.0,1
2024-11-03 01:00,1059.0,6,1.0,1
2024-11-03 02:00,1059.0,6,1.0,1
2024-11-03 03:00,1059.0,6,1.0,1
2024-11-03 04:00,1059.0,6,1.0,1
2024-11-03 05:00,1059.0,6,1.0,1
2024-11-03 06:00,1059.0,6,1.0,1
2024-11-03 07:00,1059.0,6,1.0,1
2024-11-03 08:00,1059.0,6,1.0,1
2024-11-03 09:00,1059.0,6,1.0,1
2024-11-03 10:00,1059.0,6,1.0,1
2024-11-03 11:00,1059.0,6,1.0,1
2024-11-03 12:00,1059.0,6,1.0,1
2024-11-03 13:00,1059.0,6,1.0,1
2024-11-03 14:00,1059.0,6,1.0,1
2024-11-03 15:00,1059.0,6,1.0,1
2024-11-03 16:00,1059.0,6,1.0,1
2024-11-03 17:00,1059.0,6,1.0,1
2024-11-03 18:00,1059.0,6,1.0,1
2024-11-03 19:00,1059.0,6,1.0,1
2024-11-03 20:00,1059.0,6,1.0,1
2024-11-03 21:00,1059.0,6,1.0,1
2024-11-03 22:00,1059.0,6,1.0,1
2024-11-03 23:00,1059.0,6,1.0,1
2024-11-04 00:00,1059.0,6,1.0,1
2024-11-04 01:00,1059.0,6,1.0,1
2024-11-04 02:00,1059.0,6,1.0,1
2024-11-04 03:00,1059.0,6,1.0,1
2024-11-04 04:00,1059.0,6,1.0,1
2024-11-04 05:00,1059.0,6,1.0,1
2024-11-04 06:00,1059.0,6,1.0,1
2024-11-04 07:00,1059.0,6,1.0,1
2024-11-04 08:00,1059.0,6,1.0,1
2024-11-04 09:00,1059.0,6,1.0,1
2024-11-04 10:00,1059.0,6,1.0,1
2024-11-04 11:00,1059.0,6,1.0,1
2024-11-04 12:00,1059.0,6,1.0,1
2024-11-04 13:00,1059.0,6,1.0,1
2024-11-04 14:00,1059.0,6,1.0,1
2024-11-04 15:00,1059.0,6,1.0,1
2024-11-04 16:00,1059.0,6,1.0,1
2024-11-04 17:00,1059.0,6,1.0,1
2024-11-04 18:00,1059.0,6,1.0,1
2024-11-04 19:00,1059.0,6,1.0,1
2024-11-04 20:00,1059.0,6,1.0,1
2024-11-04 21:00,1059.0,6,1.0,1
2024-11-04 22:00,1059.0,6,1.0,1
2024-11-04 23:00,1059.0,6,1.0,1
2024-11-05 00:00,1059.0,6,1.0,1
2024-11-05 01:00,1059.0,6,1.0,1
2024-11-05 02:00,1059.0,6,1.0,1
2024-11-05 03:00,1059.0,6,1.0,1
2024-11-05 04:00,1059.0,6,1.0,1
2024-11-05 05:00,1059.0,6,1.0,1
2024-11-05 06:00,1059.0,6,1.0,1
2024-11-05 07:00,1059.0,6,1.0,1
2024-11-05 08:00,1059.0,6,1.0,1
2024-11-05 09:00,1059.0,6,1.0,1
2024-11-05 10:00,1059.0,6,1.0,1
2024-11-05 11:00,1059.0,6,1.0,1
2024-11-05 12:00,1059.0,6,1.0,1
2024-11-05 13:00,1059.0,6,1.0,1
2024-11-05 14:00,1059.0,6,1.0,1
2024-11-05 15:00,1059.0,6,1.0,1
2024-11-05 16:00,1059.0,6,1.0,1
2024-11-05 17:00,1059.0,6,1.0,1
2024-11-05 18:00,1059.0,6,1.0,1
2024-11-05 19:00,1059.0,6,1.0,1
2024-11-05 20:00,1059.0,6,1.0,1
2024-11-05 21:00,1059.0,6,1.0,1
2024-11-05 22:00,1059.0,6,1.0,1
2024-11-05 23:00,1059.0,6,1.0,1
2024-11-06 00:00,1059.0,6,1.0,1
2024-11-06 01:00,1059.0,6,1.0,1
2024-11-06 02:00,1059.0,6,1.0,1
2024-11-06 03:00,1059.0,6,1.0,1
2024-11-06 04:00,1059.0,6,1.0,1
2024-11-06 05:00,1059.0,6,1.0,1
2024-11-06 06:00,1059.0,6,1.0,1
2024-11-06 07:00,1059.0,6,1.0,1
2024-11-06 08:00,1059.0,6,1.0,1
2024-11-06 09:00,1059.0,6,1.0,1
2024-11-06 10:00,1059.0,6,1.0,1
2024-11-06 11:00,1059.0,6,1.0,1
2024-11-06 12:00,1059.0,6,1.0,1
2024-11-06 13:00,1059.0,6,1.0,1
2024-11-06 14:00,1059.0,6,1.0,1
2024-11-06 15:00,1059.0,6,1.0,1
2024-11-06 16:00,1059.0,6,1.0,1
2024-11-06 17:00,1059.0,6,1.0,1
2024-11-06 18:00,1059.0,6,1.0,1
2024-11-06 19:00,1059.0,6,1.0,1
2024-11-06 20:00,1059.0,6,1.0,1
2024-11-06 21:00,1059.0,6,1.0,1
2024-11-06 22:00,1059.0,6,1.0,1
2024-11-06 23:00,1059.0,6,1.0,1
2024-11-07 00:00,1059.0,6,1.0,1
2024-11-07 01:00,1059.0,6,1.0,1
2024-11-07 02:00,1059.0,6,1.0,1
2024-11-07 03:00,1059.0,6,1.0,1
2024-11-07 04:00,1059.0,6,1.0,1
2024-11-07 05:00,1059.0,6,1.0,1
2024-11-07 06:00,1059.0,6,1.0,1
2024-11-07 07:00,1059.0,6,1.0,1
2024-11-07 08:00,1059.0,6,1.0,1
2024-11-07 09:00,1059.0,6,1.0,1
2024-11-07 10:00,1059.0,6,1.0,1
2024-11-07 11:00,1059.0,6,1.0,1
2024-11-07 12:00,1059.0,6,1.0,1
2024-11-07 13:00,1059.0,6,1.0,1
2024-11-07 14:00,1059.0,6,1.0,1
2024-11-07 15:00,1059.0,6,1.0,1
2024-11-07 16:00,1059.0,6,1.0,1
2024-11-07 17:00,1059.0,6,1.0,1
2024-11-07 18:00,1059.0,6,1.0,1
2024-11-07 19:00,1059.0,6,1.0,1
2024-11-07 20:00,1059.0,6,1.0,1
2024-11-07 21:00,1059.0,6,1.0,1
2024-11-07 22:00,1059.0,6,1.0,1
2024-11-07 23:00,1059.0,6,1.0,1
2024-11-08 00:00,1059.0,6,1.0,1
2024-11-08 01:00,1059.0,6,1.0,1
2024-11-08 02:00,1059.0,6,1.0,1
2024-11-08 03:00,1059.0,6,1.0,1
2024-11-08 04:00,1059.0,6,1.0,1
2024-11-08 05:00,1059.0,6,1.0,1
2024-11-08 06:00,1059.0,6,1.0,1
2024-11-08 07:00,1059.0,6,1.0,1
2024-11-08 08:00,1059.0,6,1.0,1
2024-11-08 09:00,1059.0,6,1.0,1
2024-11-08 10:00,1059.0,6,1.0,1
2024-11-08 11:00,1059.0,6,1.0,1
2024-11-08 12:00,1059.0,6,1.0,1
2024-11-08 13:00,1059.0,6,1.0,1
2024-11-08 14:00,1059.0,6,1.0,1
2024-11-08 15:00,1059.0,6,1.0,1
2024-11-08 16:00,1059.0,6,1.0,1
2024-11-08 17:00,1059.0,6,1.0,1
2024-11-08 18:00,1059.0,6,1.0,1
2024-11-08 19:00,1059.0,6,1.0,1
2024-11-08 20:00,1059.0,6,1.0,1
2024-11-08 21:00,1059.0,6,1.0,1
2024-11-08 22:00,1059.0,6,1.0,1
2024-11-08 23:00,1059.0,6,1.0,1
2024-11-09 00:00,1059.0,6,1.0,1
2024-11-09 01:00,1059.0,6,1.0,1
2024-11-09 02:00,1059.0,6,1.0,1
2024-11-09 03:00,1059.0,6,1.0,1
2024-11-09 04:00,1059.0,6,1.0,1
2024-11-09 05:00,1059.0,6,1.0,1
2024-11-09 06:00,1059.0,6,1.0,1
2024-11-09 07:00,1059.0,6,1.0,1
2024-11-09 08:00,1059.0,6,1.0,1
2024-11-09 09:00,1059.0,6,1.0,1
2024-11-09 10:00,1059.0,6,1.0,1
2024-11-09 11:00,1059.0,6,1.0,1
2024-11-09 12:00,1059.0,6,1.0,1
2024-11-09 13:00,1059.0,6,1.0,1
2024-11-09 14:00,1059.0,6,1.0,1
2024-11-09 15:00,1059.0,6,1.0,1
2024-11-09 16:00,1059.0,6,1.0,1
2024-11-09 17:00,1059.0,6,1.0,1
2024-11-09 18:00,1059.0,6,1.0,1
2024-11-09 19:00,1059.0,6,1.0,1
2024-11-09 20:00,1059.0,6,1.0,1
2024-11-09 21:00,1059.0,6,1.0,1
2024-11-09 22:00,1059.0,6,1.0,1
2024-11-09 23:00,1059.0,6,1.0,1
2024-11-10 00:00,1059.0,6,1.0,1
2024-11-10 01:00,1059.0,6,1.0,1
2024-11-10 02:00,1059.0,6,1.0,1
2024-11-10 03:00,1059.0,6,1.0,1
2024-11-10 04:00,1059.0,6,1.0,1
2024-11-10 05:00,1059.0,6,1.0,1
2024-11-10 06:00,1059.0,6,1.0,1
2024-11-10 07:00,1059.0,6,1.0,1
2024-11-10 08:00,1059.0,6,1.0,1
2024-11-10 09:00,1059.0,6,1.0,1
2024-11-10 10:00,1059.0,6,1.0,1
2024-11-10 11:00,1059.0,6,1.0,1
2024-11-10 12:00,1059.0,6,1.0,1
2024-11-10 13:00,1059.0,6,1.0,1
2024-11-10 14:00,1059.0,6,1.0,1
2024-11-10 15:00,1059.0,6,1.0,1
2024-11-10 16:00,1059.0,6,1.0,1
2024-11-10 17:00,1059.0,6,1.0,1
2024-11-10 18:00,1059.0,6,1.0,1
2024-11-10 19:00,1059.0,6,1.0,1
2024-11-10 20:00,1059.0,6,1.0,1
2024-11-10 21:00,1059.0,6,1.0,1
2024-11-10 22:00,1059.0,6,1.0,1
2024-11-10 23:00,1059.0,6,1.0,1
2024-11-11 00:00,1059.0,6,1.0,1
2024-11-11 01:00,1059.0,6,1.0,1
2024-11-11 02:00,1059.0,6,1.0,1
2024-11-11 03:00,1059.0,6,1.0,1
2024-11-11 04:00,1059.0,6,1.0,1
2024-11-11 05:00,1059.0,6,1.0,1
2024-11-11 06:00,1059.0,6,1.0,1
2024-11-11 07:00,1059.0,6,1.0,1
2024-11-11 08:00,1059.0,6,1.0,1
2024-11-11 09:00,1059.0,6,1.0,1
2024-11-11 10:00,1059.0,6,1.0,1
2024-11-11 11:00,1059.0,6,1.0,1
2024-11-11 12:00,1059.0,6,1.0,1
2024-11-11 13:00,1059.0,6,1.0,1
2024-11-11 14:00,1059.0,6,1.0,1
2024-11-11 15:00,1059.0,6,1.0,1
2024-11-11 16:00,1059.0,6,1.0,1
2024-11-11 17:00,1059.0,6,1.0,1
2024-11-11 18:00,1059.0,6,1.0,1
2024-11-11 19:00,1059.0,6,1.0,1
2024-11-11 20:00,1059.0,6,1.0,1
2024-11-11 21:00,1059.0,6,1.0,1
2024-11-11 22:00,1059.0,6,1.0,1
2024-11-11 23:00,1059.0,6,1.0,1
2024-11-12 00:00,1059.0,6,1.0,1
2024-11-12 01:00,1059.0,6,1.0,1
2024-11-12 02:00,1059.0,6,1.0,1
2024-11-12 03:00,1059.0,6,1.0,1
2024-11-12 04:00,1059.0,6,1.0,1
2024-11-12 05:00,1059.0,6,1.0,1
2024-11-12 06:00,1059.0,6,1.0,1
2024-11-12 07:00,1059.0,6,1.0,1
2024-11-12 08:00,1059.0,6,1.0,1
2024-11-12 09:00,1059.0,6,1.0,1
2024-11-12 10:00,1059.0,6,1.0,1
2024-11-12 11:00,1059.0,6,1.0,1
2024-11-12 12:00,1059.0,6,1.0,1
2024-11-12 13:00,1059.0,6,1.0,1
2024-11-12 14:00,1059.0,6,1.0,1
2024-11-12 15:00,1059.0,6,1.0,1
2024-11-12 16:00,1059.0,6,1.0,1
2024-11-12 17:00,1059.0,6,1.0,1
2024-11-12 18:00,1059.0,6,1.0,1
2024-11-12 19:00,1059.0,6,1.0,1
2024-11-12 20:00,1059.0,6,1.0,1
2024-11-12 21:00,1059.0,6,1.0,1
2024-11-12 22:00,1059.0,6,1.0,1
2024-11-12 23:00,1059.0,6,1.0,1
2024-11-13 00:00,1059.0,6,1.0,1
2024-11-13 01:00,1059.0,6,1.0,1
2024-11-13 02:00,1059.0,6,1.0,1
2024-11-13 03:00,1059.0,6,1.0,1
2024-11-13 04:00,1059.0,6,1.0,1
2024-11-13 05:00,1059.0,6,1.0,1
2024-11-13 06:00,1059.0,6,1.0,1
2024-11-13 07:00,1060.4,6,1.0,1
2024-11-13 08:00,1064.2,6,1.0,1
2024-11-13 09:00,1066.0,6,1.0,1
2024-11-13 10:00,1066.0,6,1.0,1
2024-11-13 11:00,1066.2,6,1.0,1
2024-11-13 12:00,1066.2,6,1.0,1
2024-11-13 13:00,1070.0,6,1.0,1
2024-11-13 14:00,1070.2,6,1.0,1
2024-11-13 15:00,1070.4,6,1.0,1
2024-11-13 16:00,1070.4,6,1.0,1
2024-11-13 17:00,1070.4,6,1.0,1
2024-11-13 18:00,1071.0,6,1.0,1
2024-11-13 19:00,1071.2,6,1.0,1
2024-11-13 20:00,1071.2,6,1.0,1
2024-11-13 21:00,1071.2,6,1.0,1
2024-11-13 22:00,1071.2,6,1.0,1
2024-11-13 23:00,1081.6,6,1.0,1
2024-11-14 00:00,1081.8,6,1.0,1
2024-11-14 01:00,1081.8,6,1.0,1
2024-11-14 02:00,1081.8,6,1.0,1
2024-11-14 03:00,1081.8,6,1.0,1
2024-11-14 04:00,1081.8,6,1.0,1
2024-11-14 05:00,1081.8,6,1.0,1
2024-11-14 06:00,1081.8,6,1.0,1
2024-11-14 07:00,1081.8,6,1.0,1
2024-11-14 08:00,1081.8,6,1.0,1
2024-11-14 09:00,1081.8,6,1.0,1
2024-11-14 10:00,1081.8,6,1.0,1
2024-11-14 11:00,1081.8,6,1.0,1
2024-11-14 12:00,1081.8,6,1.0,1
2024-11-14 13:00,1081.8,6,1.0,1
2024-11-14 14:00,1081.8,6,1.0,1
2024-11-14 15:00,1081.8,6,1.0,1
2024-11-14 16:00,1081.8,6,1.0,1
2024-11-14 17:00,1081.8,6,1.0,1
2024-11-14 18:00,1081.8,6,1.0,1
2024-11-14 19:00,1081.8,6,1.0,1
2024-11-14 20:00,1081.8,6,1.0,1
2024-11-14 21:00,1081.8,6,1.0,1
2024-11-14 22:00,1081.8,6,1.0,1
2024-11-14 23:00,1081.8,6,1.0,1
2024-11-15 00:00,1081.8,6,1.0,1
2024-11-15 01:00,1081.8,6,1.0,1
2024-11-15 02:00,1081.8,6,1.0,1
2024-11-15 03:00,1081.8,6,1.0,1
2024-11-15 04:00,1081.8,6,1.0,1
2024-11-15 05:00,1081.8,6,1.0,1
2024-11-15 06:00,1081.8,6,1.0,1
2024-11-15 07:00,1081.8,6,1.0,1
2024-11-15 08:00,1081.8,6,1.0,1
2024-11-15 09:00,1081.8,6,1.0,1
2024-11-15 10:00,1081.8,6,1.0,1
2024-11-15 11:00,1081.8,6,1.0,1
2024-11-15 12:00,1081.8,6,1.0,1
2024-11-15 13:00,1081.8,6,1.0,1
2024-11-15 14:00,1081.8,6,1.0,1
2024-11-15 15:00,1081.8,6,1.0,1
2024-11-15 16:00,1081.8,6,1.0,1
2024-11-15 17:00,1081.8,6,1.0,1
2024-11-15 18:00,1081.8,6,1.0,1
2024-11-15 19:00,1081.8,6,1.0,1
2024-11-15 20:00,1081.8,6,1.0,1
2024-11-15 21:00,1081.8,6,1.0,1
2024-11-15 22:00,1081.8,6,1.0,1
2024-11-15 23:00,1081.8,6,1.0,1
2024-11-16 00:00,1081.8,6,1.0,1
2024-11-16 01:00,1081.8,6,1.0,1
2024-11-16 02:00,1081.8,6,1.0,1
2024-11-16 03:00,1081.8,6,1.0,1
2024-11-16 04:00,1081.8,6,1.0,1
2024-11-16 05:00,1081.8,6,1.0,1
2024-11-16 06:00,1081.8,6,1.0,1
2024-11-16 07:00,1081.8,6,1.0,1
2024-11-16 08:00,1081.8,6,1.0,1
2024-11-16 09:00,1081.8,6,1.0,1
2024-11-16 10:00,1081.8,6,1.0,1
2024-11-16 11:00,1081.8,6,1.0,1
2024-11-16 12:00,1081.8,6,1.0,1
2024-11-16 13:00,1081.8,6,1.0,1
2024-11-16 14:00,1081.8,6,1.0,1
2024-11-16 15:00,1081.8,6,1.0,1
2024-11-16 16:00,1081.8,6,1.0,1
2024-11-16 17:00,1081.8,6,1.0,1
2024-11-16 18:00,1081.8,6,1.0,1
2024-11-16 19:00,1081.8,6,1.0,1
2024-11-16 20:00,1081.8,6,1.0,1
2024-11-16 21:00,1081.8,6,1.0,1
2024-11-16 22:00,1081.8,6,1.0,1
2024-11-16 23:00,1081.8,6,1.0,1
2024-11-17 00:00,1081.8,6,1.0,1
2024-11-17 01:00,1081.8,6,1.0,1
2024-11-17 02:00,1081.8,6,1.0,1
2024-11-17 03:00,1081.8,6,1.0,1
2024-11-17 04:00,1081.8,6,1.0,1
2024-11-17 05:00,1081.8,6,1.0,1
2024-11-17 06:00,1081.8,6,1.0,1
2024-11-17 07:00,1081.8,6,1.0,1
2024-11-17 08:00,1081.8,6,1.0,1
2024-11-17 09:00,1081.8,6,1.0,1
2024-11-17 10:00,1081.8,6,1.0,1
2024-11-17 11:00,1081.8,6,1.0,1
2024-11-17 12:00,1081.8,6,1.0,1
2024-11-17 13:00,1081.8,6,1.0,1
2024-11-17 14:00,1081.8,6,1.0,1
2024-11-17 15:00,1081.8,6,1.0,1
2024-11-17 16:00,1081.8,6,1.0,1
2024-11-17 17:00,1081.8,6,1.0,1
2024-11-17 18:00,1081.8,6,1.0,1
2024-11-17 19:00,1081.8,6,1.0,1
2024-11-17 20:00,1081.8,6,1.0,1
2024-11-17 21:00,1081.8,6,1.0,1
2024-11-17 22:00,1081.8,6,1.0,1
2024-11-17 23:00,1081.8,6,1.0,1
2024-11-18 00:00,1081.8,6,1.0,1
2024-11-18 01:00,1081.8,6,1.0,1
2024-11-18 02:00,1081.8,6,1.0,1
2024-11-18 03:00,1081.8,6,1.0,1
2024-11-18 04:00,1081.8,6,1.0,1
2024-11-18 05:00,1081.8,6,1.0,1
2024-11-18 06:00,1081.8,6,1.0,1
2024-11-18 07:00,1081.8,6,1.0,1
2024-11-18 08:00,1081.8,6,1.0,1
2024-11-18 09:00,1081.8,6,1.0,1
2024-11-18 10:00,1081.8,6,1.0,1
2024-11-18 11:00,1081.8,6,1.0,1
2024-11-18 12:00,1081.8,6,1.0,1
2024-11-18 13:00,1081.8,6,1.0,1
2024-11-18 14:00,1081.8,6,1.0,1
2024-11-18 15:00,1081.8,6,1.0,1
2024-11-18 16:00,1081.8,6,1.0,1
2024-11-18 17:00,1081.8,6,1.0,1
2024-11-18 18:00,1081.8,6,1.0,1
2024-11-18 19:00,1081.8,6,1.0,1
2024-11-18 20:00,1081.8,6,1.0,1
2024-11-18 21:00,1081.8,6,1.0,1
2024-11-18 22:00,1081.8,6,1.0,1
2024-11-18 23:00,1081.8,6,1.0,1
2024-11-19 00:00,1081.8,6,1.0,1
2024-11-19 01:00,1081.8,6,1.0,1
2024-11-19 02:00,1081.8,6,1.0,1
2024-11-19 03:00,1081.8,6,1.0,1
2024-11-19 04:00,1081.8,6,1.0,1
2024-11-19 05:00,1081.8,6,1.0,1
2024-11-19 06:00,1081.8,6,1.0,1
2024-11-19 07:00,1081.8,6,1.0,1
2024-11-19 08:00,1081.8,6,1.0,1
2024-11-19 09:00,1081.8,6,1.0,1
2024-11-19 10:00,1081.8,6,1.0,1
2024-11-19 11:00,1081.8,6,1.0,1
2024-11-19 12:00,1088.4,6,1.0,1
2024-11-19 13:00,1089.2,6,1.0,1
2024-11-19 14:00,1092.6,6,1.0,1
2024-11-19 15:00,1092.8,6,1.0,1
2024-11-19 16:00,1092.8,6,1.0,1
2024-11-19 17:00,1092.8,6,1.0,1
2024-11-19 18:00,1092.8,6,1.0,1
2024-11-19 19:00,1092.8,6,1.0,1
2024-11-19 20:00,1092.8,6,1.0,1
2024-11-19 21:00,1092.8,6,1.0,1
2024-11-19 22:00,1092.8,6,1.0,1
2024-11-19 23:00,1092.8,6,1.0,1
2024-11-20 00:00,1092.8,6,1.0,1
2024-11-20 01:00,1092.8,6,1.0,1
2024-11-20 02:00,1092.8,6,1.0,1
2024-11-20 03:00,1092.8,6,1.0,1
2024-11-20 04:00,1092.8,6,1.0,1
2024-11-20 05:00,1092.8,6,1.0,1
2024-11-20 06:00,1092.8,6,1.0,1
2024-11-20 07:00,1092.8,6,1.0,1
2024-11-20 08:00,1092.8,6,1.0,1
2024-11-20 09:00,1092.8,6,1.0,1
2024-11-20 10:00,1092.8,6,1.0,1
2024-11-20 11:00,1092.8,6,1.0,1
2024-11-20 12:00,1092.8,6,1.0,1
2024-11-20 13:00,1092.8,6,1.0,1
2024-11-20 14:00,1092.8,6,1.0,1
2024-11-20 15:00,1092.8,6,1.0,1
2024-11-20 16:00,1092.8,6,1.0,1
2024-11-20 17:00,1093.0,6,1.0,1
2024-11-20 18:00,1093.0,6,1.0,1
2024-11-20 19:00,1093.0,6,1.0,1
2024-11-20 20:00,1093.0,6,1.0,1
2024-11-20 21:00,1093.0,6,1.0,1
2024-11-20 22:00,1093.0,6,1.0,1
2024-11-20 23:00,1093.0,6,1.0,1
2024-11-21 00:00,1093.0,6,1.0,1
2024-11-21 01:00,1093.0,6,1.0,1
2024-11-21 02:00,1093.0,6,1.0,1
2024-11-21 03:00,1093.0,6,1.0,1
2024-11-21 04:00,1093.0,6,1.0,1
2024-11-21 05:00,1093.0,6,1.0,1
2024-11-21 06:00,1093.0,6,1.0,1
2024-11-21 07:00,1093.0,6,1.0,1
2024-11-21 08:00,1093.0,6,1.0,1
2024-11-21 09:00,1093.0,6,1.0,1
2024-11-21 10:00,1093.0,6,1.0,1
2024-11-21 11:00,1093.0,6,1.0,1
2024-11-21 12:00,1093.0,6,1.0,1
2024-11-21 13:00,1093.0,6,1.0,1
2024-11-21 14:00,1093.0,6,1.0,1
2024-11-21 15:00,1093.0,6,1.0,1
2024-11-21 16:00,1093.0,6,1.0,1
2024-11-21 17:00,1093.0,6,1.0,1
2024-11-21 18:00,1093.0,6,1.0,1
2024-11-21 19:00,1093.0,6,1.0,1
2024-11-21 20:00,1093.0,6,1.0,1
2024-11-21 21:00,1093.0,6,1.0,1
2024-11-21 22:00,1093.0,6,1.0,1
2024-11-21 23:00,1099.6,6,1.0,1
2024-11-22 00:00,1099.8,6,1.0,1
2024-11-22 01:00,1099.8,6,1.0,1
2024-11-22 02:00,1100.2,6,1.0,1
2024-11-22 03:00,1100.2,6,1.0,1
2024-11-22 04:00,1100.2,6,1.0,1
2024-11-22 05:00,1110.6,6,1.0,1
2024-11-22 06:00,1111.0,6,1.0,1
2024-11-22 07:00,1117.0,6,1.0,1
2024-11-22 08:00,1119.4,6,1.0,1
2024-11-22 09:00,1125.8,6,1.0,1
2024-11-22 10:00,1126.6,6,1.0,1
2024-11-22 11:00,1132.6,6,1.0,1
2024-11-22 12:00,1143.8,6,1.0,1
2024-11-22 13:00,1145.6,6,1.0,1
2024-11-22 14:00,1145.6,6,1.0,1
2024-11-22 15:00,1145.6,6,1.0,1
2024-11-22 16:00,1145.6,6,1.0,1
2024-11-22 17:00,1145.6,6,1.0,1
2024-11-22 18:00,1145.6,6,1.0,1
2024-11-22 19:00,1145.6,6,1.0,1
2024-11-22 20:00,1145.6,6,1.0,1
2024-11-22 21:00,1145.6,6,1.0,1
2024-11-22 22:00,1145.6,6,1.0,1
2024-11-22 23:00,1145.6,6,1.0,1
2024-11-23 00:00,1145.6,6,1.0,1
2024-11-23 01:00,1145.6,6,1.0,1
2024-11-23 02:00,1145.6,6,1.0,1
2024-11-23 03:00,1145.6,6,1.0,1
2024-11-23 04:00,1145.6,6,1.0,1
2024-11-23 05:00,1145.6,6,1.0,1
2024-11-23 06:00,1145.6,6,1.0,1
2024-11-23 07:00,1145.6,6,1.0,1
2024-11-23 08:00,1145.6,6,1.0,1
2024-11-23 09:00,1145.6,6,1.0,1
2024-11-23 10:00,1145.6,6,1.0,1
2024-11-23 11:00,1145.6,6,1.0,1
2024-11-23 12:00,1145.6,6,1.0,1
2024-11-23 13:00,1145.6,6,1.0,1
2024-11-23 14:00,1145.6,6,1.0,1
2024-11-23 15:00,1145.6,6,1.0,1
2024-11-23 16:00,1145.6,6,1.0,1
2024-11-23 17:00,1145.6,6,1.0,1
2024-11-23 18:00,1145.6,6,1.0,1
2024-11-23 19:00,1145.6,6,1.0,1
2024-11-23 20:00,1145.6,6,1.0,1
2024-11-23 21:00,1145.6,6,1.0,1
2024-11-23 22:00,1145.6,6,1.0,1
2024-11-23 23:00,1145.6,6,1.0,1
2024-11-24 00:00,1145.6,6,1.0,1
2024-11-24 01:00,1145.6,6,1.0,1
2024-11-24 02:00,1145.6,6,1.0,1
2024-11-24 03:00,1145.6,6,1.0,1
2024-11-24 04:00,1145.6,6,1.0,1
2024-11-24 05:00,1145.6,6,1.0,1
2024-11-24 06:00,1145.6,6,1.0,1
2024-11-24 07:00,1145.6,6,1.0,1
2024-11-24 08:00,1145.6,6,1.0,1
2024-11-24 09:00,1145.6,6,1.0,1
2024-11-24 10:00,1145.6,6,1.0,1
2024-11-24 11:00,1145.6,6,1.0,1
2024-11-24 12:00,1145.6,6,1.0,1
2024-11-24 13:00,1145.6,6,1.0,1
2024-11-24 14:00,1145.6,6,1.0,1
2024-11-24 15:00,1145.6,6,1.0,1
2024-11-24 16:00,1145.6,6,1.0,1
2024-11-24 17:00,1145.6,6,1.0,1
2024-11-24 18:00,1145.6,6,1.0,1
2024-11-24 19:00,1145.6,6,1.0,1
2024-11-24 20:00,1145.6,6,1.0,1
2024-11-24 21:00,1145.6,6,1.0,1
2024-11-24 22:00,1145.6,6,1.0,1
2024-11-24 23:00,1145.6,6,1.0,1
2024-11-25 00:00,1145.6,6,1.0,1
2024-11-25 01:00,1145.6,6,1.0,1
2024-11-25 02:00,1145.6,6,1.0,1
2024-11-25 03:00,1145.6,6,1.0,1
2024-11-25 04:00,1145.6,6,1.0,1
2024-11-25 05:00,1145.6,6,1.0,1
2024-11-25 06:00,1145.6,6,1.0,1
2024-11-25 07:00,1145.6,6,1.0,1
2024-11-25 08:00,1145.6,6,1.0,1
2024-11-25 09:00,1145.6,6,1.0,1
2024-11-25 10:00,1145.6,6,1.0,1
2024-11-25 11:00,1145.6,6,1.0,1
2024-11-25 12:00,1145.6,6,1.0,1
2024-11-25 13:00,1145.6,6,1.0,1
2024-11-25 14:00,1145.6,6,1.0,1
2024-11-25 15:00,1145.6,6,1.0,1
2024-11-25 16:00,1145.6,6,1.0,1
2024-11-25 17:00,1145.6,6,1.0,1
2024-11-25 18:00,1145.6,6,1.0,1
2024-11-25 19:00,1145.6,6,1.0,1
2024-11-25 20:00,1145.6,6,1.0,1
2024-11-25 21:00,1145.6,6,1.0,1
2024-11-25 22:00,1145.6,6,1.0,1
2024-11-25 23:00,1146.0,6,1.0,1
2024-11-26 00:00,1146.0,6,1.0,1
2024-11-26 01:00,1146.0,6,1.0,1
2024-11-26 02:00,1146.0,6,1.0,1
2024-11-26 03:00,1146.0,6,1.0,1
2024-11-26 04:00,1146.0,6,1.0,1
2024-11-26 05:00,1146.0,6,1.0,1
2024-11-26 06:00,1146.0,6,1.0,1
2024-11-26 07:00,1146.0,6,1.0,1
2024-11-26 08:00,1146.0,6,1.0,1
2024-11-26 09:00,1146.0,6,1.0,1
2024-11-26 10:00,1146.0,6,1.0,1
2024-11-26 11:00,1146.0,6,1.0,1
2024-11-26 12:00,1146.0,6,1.0,1
2024-11-26 13:00,1146.0,6,1.0,1
2024-11-26 14:00,1146.0,6,1.0,1
2024-11-26 15:00,1146.0,6,1.0,1
2024-11-26 16:00,1146.0,6,1.0,1
2024-11-26 17:00,1146.0,6,1.0,1
2024-11-26 18:00,1146.0,6,1.0,1
2024-11-26 19:00,1146.0,6,1.0,1
2024-11-26 20:00,1146.0,6,1.0,1
2024-11-26 21:00,1146.0,6,1.0,1
2024-11-26 22:00,1146.0,6,1.0,1
2024-11-26 23:00,1146.0,6,1.0,1
2024-11-27 00:00,1146.0,6,1.0,1
2024-11-27 01:00,1146.0,6,1.0,1
2024-11-27 02:00,1146.0,6,1.0,1
2024-11-27 03:00,1146.0,6,1.0,1
2024-11-27 04:00,1146.0,6,1.0,1
2024-11-27 05:00,1146.0,6,1.0,1
2024-11-27 06:00,1146.0,6,1.0,1
2024-11-27 07:00,1146.0,6,1.0,1
2024-11-27 08:00,1146.0,6,1.0,1
2024-11-27 09:00,1146.0,6,1.0,1
2024-11-27 10:00,1146.0,6,1.0,1
2024-11-27 11:00,1146.0,6,1.0,1
2024-11-27 12:00,1146.0,6,1.0,1
2024-11-27 13:00,1146.0,6,1.0,1
2024-11-27 14:00,1146.0,6,1.0,1
2024-11-27 15:00,1146.2,6,1.0,1
2024-11-27 16:00,1146.2,6,1.0,1
2024-11-27 17:00,1146.2,6,1.0,1
2024-11-27 18:00,1146.2,6,1.0,1
2024-11-27 19:00,1146.2,6,1.0,1
2024-11-27 20:00,1146.2,6,1.0,1
2024-11-27 21:00,1146.2,6,1.0,1
2024-11-27 22:00,1146.2,6,1.0,1
2024-11-27 23:00,1146.2,6,1.0,1
2024-11-28 00:00,1146.2,6,1.0,1
2024-11-28 01:00,1146.2,6,1.0,1
2024-11-28 02:00,1146.2,6,1.0,1
2024-11-28 03:00,1146.2,6,1.0,1
2024-11-28 04:00,1146.2,6,1.0,1
2024-11-28 05:00,1146.2,6,1.0,1
2024-11-28 06:00,1146.2,6,1.0,1
2024-11-28 07:00,1146.2,6,1.0,1
2024-11-28 08:00,1146.2,6,1.0,1
2024-11-28 09:00,1146.2,6,1.0,1
2024-11-28 10:00,1146.2,6,1.0,1
2024-11-28 11:00,1146.2,6,1.0,1
2024-11-28 12:00,1146.2,6,1.0,1
2024-11-28 13:00,1146.2,6,1.0,1
2024-11-28 14:00,1146.2,6,1.0,1
2024-11-28 15:00,1146.2,6,1.0,1
2024-11-28 16:00,1150.6,6,1.0,1
2024-11-28 17:00,1157.2,6,1.0,1
2024-11-28 18:00,1157.4,6,1.0,1
2024-11-28 19:00,1157.4,6,1.0,1
2024-11-28 20:00,1157.4,6,1.0,1
2024-11-28 21:00,1157.4,6,1.0,1
2024-11-28 22:00,1157.4,6,1.0,1
2024-11-28 23:00,1157.4,6,1.0,1
2024-11-29 00:00,1157.4,6,1.0,1
2024-11-29 01:00,1157.4,6,1.0,1
2024-11-29 02:00,1157.4,6,1.0,1
2024-11-29 03:00,1157.4,6,1.0,1
2024-11-29 04:00,1157.4,6,1.0,1
2024-11-29 05:00,1157.4,6,1.0,1
2024-11-29 06:00,1157.4,6,1.0,1
2024-11-29 07:00,1157.4,6,1.0,1
2024-11-29 08:00,1157.4,6,1.0,1
2024-11-29 09:00,1157.4,6,1.0,1
2024-11-29 10:00,1157.4,6,1.0,1
2024-11-29 11:00,1157.6,6,1.0,1
2024-11-29 12:00,1157.6,6,1.0,1
2024-11-29 13:00,1157.8,6,1.0,1
2024-11-29 14:00,1160.0,6,1.0,1
2024-11-29 15:00,1160.6,6,1.0,1
2024-11-29 16:00,1160.6,6,1.0,1
2024-11-29 17:00,1160.8,6,1.0,1
2024-11-29 18:00,1160.8,6,1.0,1
2024-11-29 19:00,1160.8,6,1.0,1
2024-11-29 20:00,1160.8,6,1.0,1
2024-11-29 21:00,1160.8,6,1.0,1
2024-11-29 22:00,1160.8,6,1.0,1
2024-11-29 23:00,1160.8,6,1.0,1
2024-11-30 00:00,1160.8,6,1.0,1
2024-11-30 01:00,1160.8,6,1.0,1
2024-11-30 02:00,1160.8,6,1.0,1
2024-11-30 03:00,1160.8,6,1.0,1
2024-11-30 04:00,1160.8,6,1.0,1
2024-11-30 05:00,1160.8,6,1.0,1
2024-11-30 06:00,1160.8,6,1.0,1
2024-11-30 07:00,1160.8,6,1.0,1
2024-11-30 08:00,1160.8,6,1.0,1
2024-11-30 09:00,1160.8,6,1.0,1
2024-11-30 10:00,1160.8,6,1.0,1
2024-11-30 11:00,1160.8,6,1.0,1
2024-11-30 12:00,1160.8,6,1.0,1
2024-11-30 13:00,1160.8,6,1.0,1
2024-11-30 14:00,1160.8,6,1.0,1
2024-11-30 15:00,1160.8,6,1.0,1
2024-11-30 16:00,1160.8,6,1.0,1
2024-11-30 17:00,1160.8,6,1.0,1
2024-11-30 18:00,1160.8,6,1.0,1
2024-11-30 19:00,1160.8,6,1.0,1
2024-11-30 20:00,1160.8,6,1.0,1
2024-11-30 21:00,1160.8,6,1.0,1
2024-11-30 22:00,1160.8,6,1.0,1
2024-11-30 23:00,1160.8,6,1.0,1
2024-12-01 00:00,1160.8,6,1.0,1
2024-12-01 01:00,1160.8,6,1.0,1
2024-12-01 02:00,1160.8,6,1.0,1
2024-12-01 03:00,1160.8,6,1.0,1
2024-12-01 04:00,1160.8,6,1.0,1
2024-12-01 05:00,1160.8,6,1.0,1
2024-12-01 06:00,1160.8,6,1.0,1
2024-12-01 07:00,1160.8,6,1.0,1
2024-12-01 08:00,1160.8,6,1.0,1
2024-12-01 09:00,1160.8,6,1.0,1
2024-12-01 10:00,1160.8,6,1.0,1
2024-12-01 11:00,1160.8,6,1.0,1
2024-12-01 12:00,1160.8,6,1.0,1
2024-12-01 13:00,1160.8,6,1.0,1
2024-12-01 14:00,1160.8,6,1.0,1
2024-12-01 15:00,1160.8,6,1.0,1
2024-12-01 16:00,1160.8,6,1.0,1
2024-12-01 17:00,1160.8,6,1.0,1
2024-12-01 18:00,1160.8,6,1.0,1
2024-12-01 19:00,1160.8,6,1.0,1
2024-12-01 20:00,1160.8,6,1.0,1
2024-12-01 21:00,1160.8,6,1.0,1
2024-12-01 22:00,1160.8,6,1.0,1
2024-12-01 23:00,1160.8,6,1.0,1
2024-12-02 00:00,1160.8,6,1.0,1
2024-12-02 01:00,1160.8,6,1.0,1
2024-12-02 02:00,1160.8,6,1.0,1
2024-12-02 03:00,1160.8,6,1.0,1
2024-12-02 04:00,1160.8,6,1.0,1
2024-12-02 05:00,1160.8,6,1.0,1
2024-12-02 06:00,1160.8,6,1.0,1
2024-12-02 07:00,1160.8,6,1.0,1
2024-12-02 08:00,1160.8,6,1.0,1
2024-12-02 09:00,1160.8,6,1.0,1
2024-12-02 10:00,1160.8,6,1.0,1
2024-12-02 11:00,1160.8,6,1.0,1
2024-12-02 12:00,1160.8,6,1.0,1
2024-12-02 13:00,1160.8,6,1.0,1
2024-12-02 14:00,1160.8,6,1.0,1
2024-12-02 15:00,1160.8,6,1.0,1
2024-12-02 16:00,1160.8,6,1.0,1
2024-12-02 17:00,1160.8,6,1.0,1
2024-12-02 18:00,1160.8,6,1.0,1
2024-12-02 19:00,1160.8,6,1.0,1
2024-12-02 20:00,1160.8,6,1.0,1
2024-12-02 21:00,1160.8,6,1.0,1
2024-12-02 22:00,1160.8,6,1.0,1
2024-12-02 23:00,1160.8,6,1.0,1
2024-12-03 00:00,1160.8,6,1.0,1
2024-12-03 01:00,1160.8,6,1.0,1
2024-12-03 02:00,1160.8,6,1.0,1
2024-12-03 03:00,1160.8,6,1.0,1
2024-12-03 04:00,1160.8,6,1.0,1
2024-12-03 05:00,1160.8,6,1.0,1
2024-12-03 06:00,1160.8,6,1.0,1
2024-12-03 07:00,1160.8,6,1.0,1
2024-12-03 08:00,1160.8,6,1.0,1
2024-12-03 09:00,1160.8,6,1.0,1
2024-12-03 10:00,1160.8,6,1.0,1
2024-12-03 11:00,1160.8,6,1.0,1
2024-12-03 12:00,1160.8,6,1.0,1
2024-12-03 13:00,1160.8,6,1.0,1
2024-12-03 14:00,1160.8,6,1.0,1
2024-12-03 15:00,1160.8,6,1.0,1
2024-12-03 16:00,1160.8,6,1.0,1
2024-12-03 17:00,1160.8,6,1.0,1
2024-12-03 18:00,1160.8,6,1.0,1
2024-12-03 19:00,1162.4,6,1.0,1
2024-12-03 20:00,1170.6,6,1.0,1
2024-12-03 21:00,1173.4,6,1.0,1
2024-12-03 22:00,1173.4,6,1.0,1
2024-12-03 23:00,1173.4,6,1.0,1
2024-12-04 00:00,1173.4,6,1.0,1
2024-12-04 01:00,1173.4,6,1.0,1
2024-12-04 02:00,1173.4,6,1.0,1
2024-12-04 03:00,1173.4,6,1.0,1
2024-12-04 04:00,1173.4,6,1.0,1
2024-12-04 05:00,1173.6,6,1.0,1
2024-12-04 06:00,1173.6,6,1.0,1
2024-12-04 07:00,1173.6,6,1.0,1
2024-12-04 08:00,1173.6,6,1.0,1
2024-12-04 09:00,1173.6,6,1.0,1
2024-12-04 10:00,1173.6,6,1.0,1
2024-12-04 11:00,1173.6,6,1.0,1
2024-12-04 12:00,1173.6,6,1.0,1
2024-12-04 13:00,1173.6,6,1.0,1
2024-12-04 14:00,1173.6,6,1.0,1
2024-12-04 15:00,1173.6,6,1.0,1
2024-12-04 16:00,1173.6,6,1.0,1
2024-12-04 17:00,1173.6,6,1.0,1
2024-12-04 18:00,1174.2,6,1.0,1
2024-12-04 19:00,1174.2,6,1.0,1
2024-12-04 20:00,1174.2,6,1.0,1
2024-12-04 21:00,1175.4,6,1.0,1
2024-12-04 22:00,1175.4,6,1.0,1
2024-12-04 23:00,1175.4,6,1.0,1
2024-12-05 00:00,1175.4,6,1.0,1
2024-12-05 01:00,1175.4,6,1.0,1
2024-12-05 02:00,1175.4,6,1.0,1
2024-12-05 03:00,1175.4,6,1.0,1
2024-12-05 04:00,1175.4,6,1.0,1
2024-12-05 05:00,1175.4,6,1.0,1
2024-12-05 06:00,1175.4,6,1.0,1
2024-12-05 07:00,1175.4,6,1.0,1
2024-12-05 08:00,1175.4,6,1.0,1
2024-12-05 09:00,1175.4,6,1.0,1
2024-12-05 10:00,1175.4,6,1.0,1
2024-12-05 11:00,1175.4,6,1.0,1
2024-12-05 12:00,1175.4,6,1.0,1
2024-12-05 13:00,1175.4,6,1.0,1
2024-12-05 14:00,1175.4,6,1.0,1
2024-12-05 15:00,1175.4,6,1.0,1
2024-12-05 16:00,1175.4,6,1.0,1
2024-12-05 17:00,1175.4,6,1.0,1
2024-12-05 18:00,1175.4,6,1.0,1
2024-12-05 19:00,1175.4,6,1.0,1
2024-12-05 20:00,1175.4,6,1.0,1
2024-12-05 21:00,1175.4,6,1.0,1
2024-12-05 22:00,1175.4,6,1.0,1
2024-12-05 23:00,1175.4,6,1.0,1
2024-12-06 00:00,1175.4,6,1.0,1
2024-12-06 01:00,1175.4,6,1.0,1
2024-12-06 02:00,1175.4,6,1.0,1
2024-12-06 03:00,1175.4,6,1.0,1
2024-12-06 04:00,1175.4,6,1.0,1
2024-12-06 05:00,1175.4,6,1.0,1
2024-12-06 06:00,1175.4,6,1.0,1
2024-12-06 07:00,1175.4,6,1.0,1
2024-12-06 08:00,1175.4,6,1.0,1
2024-12-06 09:00,1175.4,6,1.0,1
2024-12-06 10:00,1175.4,6,1.0,1
2024-12-06 11:00,1175.4,6,1.0,1
2024-12-06 12:00,1175.4,6,1.0,1
2024-12-06 13:00,1175.4,6,1.0,1
2024-12-06 14:00,1175.4,6,1.0,1
2024-12-06 15:00,1175.4,6,1.0,1
2024-12-06 16:00,1175.4,6,1.0,1
2024-12-06 17:00,1175.4,6,1.0,1
2024-12-06 18:00,1175.4,6,1.0,1
2024-12-06 19:00,1175.4,6,1.0,1
2024-12-06 20:00,1175.4,6,1.0,1
2024-12-06 21:00,1175.4,6,1.0,1
2024-12-06 22:00,1175.4,6,1.0,1
2024-12-06 23:00,1175.4,6,1.0,1
2024-12-07 00:00,1175.4,6,1.0,1
2024-12-07 01:00,1175.4,6,1.0,1
2024-12-07 02:00,1175.4,6,1.0,1
2024-12-07 03:00,1175.4,6,1.0,1
2024-12-07 04:00,1177.4,6,1.0,1
2024-12-07 05:00,1178.6,6,1.0,1
2024-12-07 06:00,1178.8,6,1.0,1
2024-12-07 07:00,1178.8,6,1.0,1
2024-12-07 08:00,1178.8,6,1.0,1
2024-12-07 09:00,1179.0,6,1.0,1
2024-12-07 10:00,1179.0,6,1.0,1
2024-12-07 11:00,1179.0,6,1.0,1
2024-12-07 12:00,1179.0,6,1.0,1
2024-12-07 13:00,1179.0,6,1.0,1
2024-12-07 14:00,1179.0,6,1.0,1
2024-12-07 15:00,1179.0,6,1.0,1
2024-12-07 16:00,1179.0,6,1.0,1
2024-12-07 17:00,1179.0,6,1.0,1
2024-12-07 18:00,1179.0,6,1.0,1
2024-12-07 19:00,1179.0,6,1.0,1
2024-12-07 20:00,1179.0,6,1.0,1
2024-12-07 21:00,1179.0,6,1.0,1
2024-12-07 22:00,1179.0,6,1.0,1
2024-12-07 23:00,1179.0,6,1.0,1
2024-12-08 00:00,1179.0,6,1.0,1
2024-12-08 01:00,1179.0,6,1.0,1
2024-12-08 02:00,1179.0,6,1.0,1
2024-12-08 03:00,1180.8,6,1.0,1
2024-12-08 04:00,1196.6,6,1.0,1
2024-12-08 05:00,1198.2,6,1.0,1
2024-12-08 06:00,1198.2,6,1.0,1
2024-12-08 07:00,1198.2,6,1.0,1
2024-12-08 08:00,1198.2,6,1.0,1
2024-12-08 09:00,1198.6,6,1.0,1
2024-12-08 10:00,1198.8,6,1.0,1
2024-12-08 11:00,1198.8,6,1.0,1
2024-12-08 12:00,1198.8,6,1.0,1
2024-12-08 13:00,1199.8,6,1.0,1
2024-12-08 14:00,1202.4,6,1.0,1
2024-12-08 15:00,1203.4,6,1.0,1
2024-12-08 16:00,1205.4,6,1.0,1
2024-12-08 17:00,1206.0,6,1.0,1
2024-12-08 18:00,1210.2,6,1.0,1
2024-12-08 19:00,1210.8,6,1.0,1
2024-12-08 20:00,1211.4,6,1.0,1
2024-12-08 21:00,1211.4,6,1.0,1
2024-12-08 22:00,1211.4,6,1.0,1
2024-12-08 23:00,1211.6,6,1.0,1
2024-12-09 00:00,1212.0,6,1.0,1
2024-12-09 01:00,1212.0,6,1.0,1
2024-12-09 02:00,1212.2,6,1.0,1
2024-12-09 03:00,1212.2,6,1.0,1
2024-12-09 04:00,1212.2,6,1.0,1
2024-12-09 05:00,1212.2,6,1.0,1
2024-12-09 06:00,1212.2,6,1.0,1
2024-12-09 07:00,1212.2,6,1.0,1
2024-12-09 08:00,1212.2,6,1.0,1
2024-12-09 09:00,1213.4,6,1.0,1
2024-12-09 10:00,1213.4,6,1.0,1
2024-12-09 11:00,1213.4,6,1.0,1
2024-12-09 12:00,1213.4,6,1.0,1
2024-12-09 13:00,1213.4,6,1.0,1
2024-12-09 14:00,1213.4,6,1.0,1
2024-12-09 15:00,1213.8,6,1.0,1
2024-12-09 16:00,1214.0,6,1.0,1
2024-12-09 17:00,1214.0,6,1.0,1
2024-12-09 18:00,1214.0,6,1.0,1
2024-12-09 19:00,1214.0,6,1.0,1
2024-12-09 20:00,1214.0,6,1.0,1
2024-12-09 21:00,1218.8,6,1.0,1
2024-12-09 22:00,1222.6,6,1.0,1
2024-12-09 23:00,1225.2,6,1.0,1
2024-12-10 00:00,1225.4,6,1.0,1
2024-12-10 01:00,1227.6,6,1.0,1
2024-12-10 02:00,1227.8,6,1.0,1
2024-12-10 03:00,1228.4,6,1.0,1
2024-12-10 04:00,1230.2,6,1.0,1
2024-12-10 05:00,1232.6,6,1.0,1
2024-12-10 06:00,1233.2,6,1.0,1
2024-12-10 07:00,1233.4,6,1.0,1
2024-12-10 08:00,1233.6,6,1.0,1
2024-12-10 09:00,1233.6,6,1.0,1
2024-12-10 10:00,1233.8,6,1.0,1
2024-12-10 11:00,1233.8,6,1.0,1
2024-12-10 12:00,1233.8,6,1.0,1
2024-12-10 13:00,1233.8,6,1.0,1
2024-12-10 14:00,1235.4,6,1.0,1
2024-12-10 15:00,1235.4,6,1.0,1
2024-12-10 16:00,1235.4,6,1.0,1
2024-12-10 17:00,1235.4,6,1.0,1
2024-12-10 18:00,1235.6,6,1.0,1
2024-12-10 19:00,1235.6,6,1.0,1
2024-12-10 20:00,1235.6,6,1.0,1
2024-12-10 21:00,1235.6,6,1.0,1
2024-12-10 22:00,1235.6,6,1.0,1
2024-12-10 23:00,1235.6,6,1.0,1
2024-12-11 00:00,1239.8,6,1.0,1
2024-12-11 01:00,1241.0,6,1.0,1
2024-12-11 02:00,1241.8,6,1.0,1
2024-12-11 03:00,1241.8,6,1.0,1
2024-12-11 04:00,1242.0,6,1.0,1
2024-12-11 05:00,1243.0,6,1.0,1
2024-12-11 06:00,1243.4,6,1.0,1
2024-12-11 07:00,1243.6,6,1.0,1
2024-12-11 08:00,1243.6,6,1.0,1
2024-12-11 09:00,1244.2,6,1.0,1
2024-12-11 10:00,1244.2,6,1.0,1
2024-12-11 11:00,1244.2,6,1.0,1
2024-12-11 12:00,1244.2,6,1.0,1
2024-12-11 13:00,1244.2,6,1.0,1
2024-12-11 14:00,1244.2,6,1.0,1
2024-12-11 15:00,1244.2,6,1.0,1
2024-12-11 16:00,1244.2,6,1.0,1
2024-12-11 17:00,1244.2,6,1.0,1
2024-12-11 18:00,1244.2,6,1.0,1
2024-12-11 19:00,1244.2,6,1.0,1
2024-12-11 20:00,1245.4,6,1.0,1
2024-12-11 21:00,1245.6,6,1.0,1
2024-12-11 22:00,1245.6,6,1.0,1
2024-12-11 23:00,1245.6,6,1.0,1
2024-12-12 00:00,1245.6,6,1.0,1
2024-12-12 01:00,1245.6,6,1.0,1
2024-12-12 02:00,1245.6,6,1.0,1
2024-12-12 03:00,1245.6,6,1.0,1
2024-12-12 04:00,1245.6,6,1.0,1
2024-12-12 05:00,1245.6,6,1.0,1
2024-12-12 06:00,1245.6,6,1.0,1
2024-12-12 07:00,1245.6,6,1.0,1
2024-12-12 08:00,1245.6,6,1.0,1
2024-12-12 09:00,1245.6,6,1.0,1
2024-12-12 10:00,1245.6,6,1.0,1
2024-12-12 11:00,1245.6,5,0.833,1
2024-12-12 12:00,1245.6,6,1.0,1
2024-12-12 13:00,1245.6,6,1.0,1
2024-12-12 14:00,1245.6,6,1.0,1
2024-12-12 15:00,1245.6,6,1.0,1
2024-12-12 16:00,1245.6,6,1.0,1
2024-12-12 17:00,1245.6,6,1.0,1
2024-12-12 18:00,1245.6,6,1.0,1
2024-12-12 19:00,1245.6,6,1.0,1
2024-12-12 20:00,1245.6,6,1.0,1
2024-12-12 21:00,1245.6,6,1.0,1
2024-12-12 22:00,1245.6,6,1.0,1
2024-12-12 23:00,1245.6,5,0.833,1
2024-12-13 00:00,1245.7,6,1.0,1
2024-12-13 01:00,1245.7,6,1.0,1
2024-12-13 02:00,1245.7,6,1.0,1
2024-12-13 03:00,1245.7,6,1.0,1
2024-12-13 04:00,1245.7,6,1.0,1
2024-12-13 05:00,1245.7,6,1.0,1
2024-12-13 06:00,1245.7,6,1.0,1
2024-12-13 07:00,1245.7,6,1.0,1
2024-12-13 08:00,1245.7,6,1.0,1
2024-12-13 09:00,1245.7,6,1.0,1
2024-12-13 10:00,1245.7,6,1.0,1
2024-12-13 11:00,1245.7,6,1.0,1
2024-12-13 12:00,1245.7,6,1.0,1
2024-12-13 13:00,1245.7,6,1.0,1
2024-12-13 14:00,1245.7,6,1.0,1
2024-12-13 15:00,1245.7,6,1.0,1
2024-12-13 16:00,1245.7,6,1.0,1
2024-12-13 17:00,1245.7,6,1.0,1
2024-12-13 18:00,1245.7,6,1.0,1
2024-12-13 19:00,1245.7,6,1.0,1
2024-12-13 20:00,1245.7,6,1.0,1
2024-12-13 21:00,1245.7,6,1.0,1
2024-12-13 22:00,1245.7,6,1.0,1
2024-12-13 23:00,1245.7,5,0.833,1
2024-12-14 00:00,1245.8,6,1.0,1
2024-12-14 01:00,1245.8,6,1.0,1
2024-12-14 02:00,1245.8,6,1.0,1
2024-12-14 03:00,1245.8,6,1.0,1
2024-12-14 04:00,1245.8,6,1.0,1
2024-12-14 05:00,1245.8,6,1.0,1
2024-12-14 06:00,1245.8,6,1.0,1
2024-12-14 07:00,1245.8,6,1.0,1
2024-12-14 08:00,1245.8,6,1.0,1
2024-12-14 09:00,1245.8,6,1.0,1
2024-12-14 10:00,1245.8,6,1.0,1
2024-12-14 11:00,1245.8,6,1.0,1
2024-12-14 12:00,1245.8,6,1.0,1
2024-12-14 13:00,1245.8,6,1.0,1
2024-12-14 14:00,1245.8,6,1.0,1
2024-12-14 15:00,1245.8,6,1.0,1
2024-12-14 16:00,1245.8,6,1.0,1
2024-12-14 17:00,1245.8,6,1.0,1
2024-12-14 18:00,1245.8,6,1.0,1
2024-12-14 19:00,1245.8,6,1.0,1
2024-12-14 20:00,1245.8,6,1.0,1
2024-12-14 21:00,1245.8,6,1.0,1
2024-12-14 22:00,1245.8,6,1.0,1
2024-12-14 23:00,1245.8,5,0.833,1
2024-12-15 00:00,1245.9,6,1.0,1
2024-12-15 01:00,1245.9,6,1.0,1
2024-12-15 02:00,1245.9,6,1.0,1
2024-12-15 03:00,1245.9,6,1.0,1
2024-12-15 04:00,1245.9,6,1.0,1
2024-12-15 05:00,1245.9,6,1.0,1
2024-12-15 06:00,1245.9,6,1.0,1
2024-12-15 07:00,1245.9,6,1.0,1
2024-12-15 08:00,1245.9,6,1.0,1
2024-12-15 09:00,1245.9,6,1.0,1
2024-12-15 10:00,1245.9,6,1.0,1
2024-12-15 11:00,1245.9,6,1.0,1
2024-12-15 12:00,1245.9,6,1.0,1
2024-12-15 13:00,1245.9,6,1.0,1
2024-12-15 14:00,1245.9,6,1.0,1
2024-12-15 15:00,1245.9,6,1.0,1
2024-12-15 16:00,1245.9,6,1.0,1
2024-12-15 17:00,1245.9,6,1.0,1
2024-12-15 18:00,1245.9,6,1.0,1
2024-12-15 19:00,1245.9,6,1.0,1
2024-12-15 20:00,1245.9,6,1.0,1
2024-12-15 21:00,1245.9,6,1.0,1
2024-12-15 22:00,1245.9,6,1.0,1
2024-12-15 23:00,1245.9,5,0.833,1
2024-12-16 00:00,1246.0,6,1.0,1
2024-12-16 01:00,1246.0,6,1.0,1
2024-12-16 02:00,1246.0,6,1.0,1
2024-12-16 03:00,1246.0,6,1.0,1
2024-12-16 04:00,1246.0,6,1.0,1
2024-12-16 05:00,1246.0,6,1.0,1
2024-12-16 06:00,1246.0,6,1.0,1
2024-12-16 07:00,1246.0,6,1.0,1
2024-12-16 08:00,1246.0,6,1.0,1
2024-12-16 09:00,1246.0,6,1.0,1
2024-12-16 10:00,1246.0,6,1.0,1
2024-12-16 11:00,1246.0,6,1.0,1
2024-12-16 12:00,1246.0,6,1.0,1
2024-12-16 13:00,1246.0,6,1.0,1
2024-12-16 14:00,1246.0,6,1.0,1
2024-12-16 15:00,1246.0,6,1.0,1
2024-12-16 16:00,1246.0,6,1.0,1
2024-12-16 17:00,1246.0,6,1.0,1
2024-12-16 18:00,1246.0,6,1.0,1
2024-12-16 19:00,1246.0,6,1.0,1
2024-12-16 20:00,1246.0,6,1.0,1
2024-12-16 21:00,1246.0,6,1.0,1
2024-12-16 22:00,1246.0,6,1.0,1
2024-12-16 23:00,1246.0,5,0.833,1
2024-12-17 00:00,1246.0,6,1.0,1
2024-12-17 01:00,1246.0,6,1.0,1
2024-12-17 02:00,1246.0,6,1.0,1
2024-12-17 03:00,1246.0,6,1.0,1
2024-12-17 04:00,1246.0,6,1.0,1
2024-12-17 05:00,1246.0,6,1.0,1
2024-12-17 06:00,1246.0,6,1.0,1
2024-12-17 07:00,1246.0,6,1.0,1
2024-12-17 08:00,1246.0,6,1.0,1
2024-12-17 09:00,1246.0,6,1.0,1
2024-12-17 10:00,1246.0,6,1.0,1
2024-12-17 11:00,1246.0,6,1.0,1
2024-12-17 12:00,1246.0,6,1.0,1
2024-12-17 13:00,1246.0,5,0.833,1
2024-12-17 14:00,1246.0,5,0.833,1
2024-12-17 15:00,1246.0,6,1.0,1
2024-12-17 16:00,1246.0,6,1.0,1
2024-12-17 17:00,1246.0,6,1.0,1
2024-12-17 18:00,1246.0,6,1.0,1
2024-12-17 19:00,1246.0,6,1.0,1
2024-12-17 20:00,1246.0,6,1.0,1
2024-12-17 21:00,1246.0,6,1.0,1
2024-12-17 22:00,1246.0,6,1.0,1
2024-12-17 23:00,1246.0,5,0.833,1
2024-12-18 00:00,1246.1,6,1.0,1
2024-12-18 01:00,1246.1,6,1.0,1
2024-12-18 02:00,1246.1,6,1.0,1
2024-12-18 03:00,1246.1,6,1.0,1
2024-12-18 04:00,1246.1,6,1.0,1
2024-12-18 05:00,1246.1,6,1.0,1
2024-12-18 06:00,1246.1,6,1.0,1
2024-12-18 07:00,1246.1,6,1.0,1
2024-12-18 08:00,1246.1,6,1.0,1
2024-12-18 09:00,1246.1,6,1.0,1
2024-12-18 10:00,1246.1,6,1.0,1
2024-12-18 11:00,1246.1,6,1.0,1
2024-12-18 12:00,1246.1,6,1.0,1
2024-12-18 13:00,1246.1,6,1.0,1
2024-12-18 14:00,1246.1,6,1.0,1
2024-12-18 15:00,1246.1,6,1.0,1
2024-12-18 16:00,1246.1,6,1.0,1
2024-12-18 17:00,1246.1,6,1.0,1
2024-12-18 18:00,1246.1,6,1.0,1
2024-12-18 19:00,1246.1,6,1.0,1
2024-12-18 20:00,1246.1,6,1.0,1
2024-12-18 21:00,1246.1,6,1.0,1
2024-12-18 22:00,1246.1,6,1.0,1
2024-12-18 23:00,1246.1,5,0.833,1
2024-12-19 00:00,1246.2,6,1.0,1
2024-12-19 01:00,1246.2,6,1.0,1
2024-12-19 02:00,1246.2,6,1.0,1
2024-12-19 03:00,1246.2,6,1.0,1
2024-12-19 04:00,1246.2,6,1.0,1
2024-12-19 05:00,1246.2,6,1.0,1
2024-12-19 06:00,1246.2,6,1.0,1
2024-12-19 07:00,1246.2,6,1.0,1
2024-12-19 08:00,1246.2,6,1.0,1
2024-12-19 09:00,1246.2,6,1.0,1
2024-12-19 10:00,1246.2,6,1.0,1
2024-12-19 11:00,1246.2,6,1.0,1
2024-12-19 12:00,1246.2,6,1.0,1
2024-12-19 13:00,1246.2,6,1.0,1
2024-12-19 14:00,1246.2,6,1.0,1
2024-12-19 15:00,1246.2,6,1.0,1
2024-12-19 16:00,1246.2,6,1.0,1
2024-12-19 17:00,1246.2,6,1.0,1
2024-12-19 18:00,1246.2,6,1.0,1
2024-12-19 19:00,1246.2,6,1.0,1
2024-12-19 20:00,1246.2,6,1.0,1
2024-12-19 21:00,1246.2,6,1.0,1
2024-12-19 22:00,1246.2,6,1.0,1
2024-12-19 23:00,1246.2,5,0.833,1
2024-12-20 00:00,1246.3,6,1.0,1
2024-12-20 01:00,1246.3,6,1.0,1
2024-12-20 02:00,1246.3,6,1.0,1
2024-12-20 03:00,1246.3,6,1.0,1
2024-12-20 04:00,1246.3,6,1.0,1
2024-12-20 05:00,1246.3,6,1.0,1
2024-12-20 06:00,1246.3,6,1.0,1
2024-12-20 07:00,1246.3,6,1.0,1
2024-12-20 08:00,1246.3,6,1.0,1
2024-12-20 09:00,1246.3,6,1.0,1
2024-12-20 10:00,1246.3,6,1.0,1
2024-12-20 11:00,1246.3,6,1.0,1
2024-12-20 12:00,1246.3,6,1.0,1
2024-12-20 13:00,1246.3,6,1.0,1
2024-12-20 14:00,1246.3,6,1.0,1
2024-12-20 15:00,1246.3,6,1.0,1
2024-12-20 16:00,1246.3,6,1.0,1
2024-12-20 17:00,1246.3,6,1.0,1
2024-12-20 18:00,1246.3,6,1.0,1
2024-12-20 19:00,1246.3,6,1.0,1
2024-12-20 20:00,1246.3,6,1.0,1
2024-12-20 21:00,1246.3,6,1.0,1
2024-12-20 22:00,1246.3,6,1.0,1
2024-12-20 23:00,1246.3,5,0.833,1
2024-12-21 00:00,1246.4,6,1.0,1
2024-12-21 01:00,1246.4,6,1.0,1
2024-12-21 02:00,1246.4,6,1.0,1
2024-12-21 03:00,1246.4,6,1.0,1
2024-12-21 04:00,1246.4,6,1.0,1
2024-12-21 05:00,1246.4,6,1.0,1
2024-12-21 06:00,1246.4,6,1.0,1
2024-12-21 07:00,1246.4,6,1.0,1
2024-12-21 08:00,1246.4,6,1.0,1
2024-12-21 09:00,1246.4,6,1.0,1
2024-12-21 10:00,1246.4,6,1.0,1
2024-12-21 11:00,1246.4,6,1.0,1
2024-12-21 12:00,1246.4,6,1.0,1
2024-12-21 13:00,1246.4,6,1.0,1
2024-12-21 14:00,1246.4,6,1.0,1
2024-12-21 15:00,1246.4,6,1.0,1
2024-12-21 16:00,1246.4,6,1.0,1
2024-12-21 17:00,1246.4,6,1.0,1
2024-12-21 18:00,1246.4,6,1.0,1
2024-12-21 19:00,1246.4,6,1.0,1
2024-12-21 20:00,1246.4,6,1.0,1
2024-12-21 21:00,1246.4,6,1.0,1
2024-12-21 22:00,1246.4,6,1.0,1
2024-12-21 23:00,1246.4,5,0.833,1
2024-12-22 00:00,1246.5,6,1.0,1
2024-12-22 01:00,1246.5,6,1.0,1
2024-12-22 02:00,1246.5,6,1.0,1
2024-12-22 03:00,1246.5,6,1.0,1
2024-12-22 04:00,1246.5,6,1.0,1
2024-12-22 05:00,1246.5,6,1.0,1
2024-12-22 06:00,1246.5,6,1.0,1
2024-12-22 07:00,1246.5,6,1.0,1
2024-12-22 08:00,1246.5,6,1.0,1
2024-12-22 09:00,1246.5,6,1.0,1
2024-12-22 10:00,1246.5,6,1.0,1
2024-12-22 11:00,1246.5,6,1.0,1
2024-12-22 12:00,1246.5,6,1.0,1
2024-12-22 13:00,1246.5,6,1.0,1
2024-12-22 14:00,1246.5,6,1.0,1
2024-12-22 15:00,1246.5,6,1.0,1
2024-12-22 16:00,1246.5,6,1.0,1
2024-12-22 17:00,1246.5,6,1.0,1
2024-12-22 18:00,1246.5,6,1.0,1
2024-12-22 19:00,1246.5,6,1.0,1
2024-12-22 20:00,1246.5,6,1.0,1
2024-12-22 21:00,1246.5,6,1.0,1
2024-12-22 22:00,1246.5,6,1.0,1
2024-12-22 23:00,1246.5,5,0.833,1
2024-12-23 00:00,1246.6,6,1.0,1
2024-12-23 01:00,1246.6,6,1.0,1
2024-12-23 02:00,1246.6,6,1.0,1
2024-12-23 03:00,1246.6,6,1.0,1
2024-12-23 04:00,1246.6,6,1.0,1
2024-12-23 05:00,1246.6,6,1.0,1
2024-12-23 06:00,1246.6,6,1.0,1
2024-12-23 07:00,1246.6,6,1.0,1
2024-12-23 08:00,1246.6,6,1.0,1
2024-12-23 09:00,1246.6,6,1.0,1
2024-12-23 10:00,1246.6,6,1.0,1
2024-12-23 11:00,1246.6,6,1.0,1
2024-12-23 12:00,1246.6,6,1.0,1
2024-12-23 13:00,1246.6,6,1.0,1
2024-12-23 14:00,1246.6,6,1.0,1
2024-12-23 15:00,1246.6,6,1.0,1
2024-12-23 16:00,1246.6,6,1.0,1
2024-12-23 17:00,1246.6,6,1.0,1
2024-12-23 18:00,1246.6,6,1.0,1
2024-12-23 19:00,1246.6,6,1.0,1
2024-12-23 20:00,1246.6,6,1.0,1
2024-12-23 21:00,1246.6,6,1.0,1
2024-12-23 22:00,1246.6,6,1.0,1
2024-12-23 23:00,1246.6,5,0.833,1
2024-12-24 00:00,1246.7,6,1.0,1
2024-12-24 01:00,1246.7,6,1.0,1
2024-12-24 02:00,1246.7,6,1.0,1
2024-12-24 03:00,1246.7,6,1.0,1
2024-12-24 04:00,1246.7,6,1.0,1
2024-12-24 05:00,1246.7,6,1.0,1
2024-12-24 06:00,1246.7,6,1.0,1
2024-12-24 07:00,1246.7,6,1.0,1
2024-12-24 08:00,1246.7,6,1.0,1
2024-12-24 09:00,1246.7,6,1.0,1
2024-12-24 10:00,1246.7,6,1.0,1
2024-12-24 11:00,1246.7,6,1.0,1
2024-12-24 12:00,1246.7,6,1.0,1
2024-12-24 13:00,1246.7,6,1.0,1
2024-12-24 14:00,1246.7,6,1.0,1
2024-12-24 15:00,1246.7,6,1.0,1
2024-12-24 16:00,1246.7,6,1.0,1
2024-12-24 17:00,1246.7,6,1.0,1
2024-12-24 18:00,1246.7,6,1.0,1
2024-12-24 19:00,1246.7,6,1.0,1
2024-12-24 20:00,1246.7,6,1.0,1
2024-12-24 21:00,1246.7,6,1.0,1
2024-12-24 22:00,1246.7,6,1.0,1
2024-12-24 23:00,1246.7,5,0.833,1
2024-12-25 00:00,1246.8,6,1.0,1
2024-12-25 01:00,1246.8,6,1.0,1
2024-12-25 02:00,1246.8,6,1.0,1
2024-12-25 03:00,1246.8,6,1.0,1
2024-12-25 04:00,1246.8,6,1.0,1
2024-12-25 05:00,1246.8,6,1.0,1
2024-12-25 06:00,1246.8,6,1.0,1
2024-12-25 07:00,1246.8,6,1.0,1
2024-12-25 08:00,1246.8,6,1.0,1
2024-12-25 09:00,1246.8,6,1.0,1
2024-12-25 10:00,1246.8,6,1.0,1
2024-12-25 11:00,1246.8,6,1.0,1
2024-12-25 12:00,1246.8,6,1.0,1
2024-12-25 13:00,1246.8,6,1.0,1
2024-12-25 14:00,1246.8,6,1.0,1
2024-12-25 15:00,1246.8,6,1.0,1
2024-12-25 16:00,1246.8,6,1.0,1
2024-12-25 17:00,1246.8,6,1.0,1
2024-12-25 18:00,1246.8,6,1.0,1
2024-12-25 19:00,1246.8,6,1.0,1
2024-12-25 20:00,1246.8,6,1.0,1
2024-12-25 21:00,1246.8,6,1.0,1
2024-12-25 22:00,1246.8,6,1.0,1
2024-12-25 23:00,1246.8,5,0.833,1
2024-12-26 00:00,1246.9,6,1.0,1
2024-12-26 01:00,1246.9,6,1.0,1
2024-12-26 02:00,1246.9,6,1.0,1
2024-12-26 03:00,1246.9,6,1.0,1
2024-12-26 04:00,1246.9,6,1.0,1
2024-12-26 05:00,1246.9,6,1.0,1
2024-12-26 06:00,1246.9,6,1.0,1
2024-12-26 07:00,1246.9,6,1.0,1
2024-12-26 08:00,1246.9,6,1.0,1
2024-12-26 09:00,1246.9,6,1.0,1
2024-12-26 10:00,1246.9,6,1.0,1
2024-12-26 11:00,1246.9,6,1.0,1
2024-12-26 12:00,1246.9,6,1.0,1
2024-12-26 13:00,1246.9,6,1.0,1
2024-12-26 14:00,1246.9,6,1.0,1
2024-12-26 15:00,1246.9,6,1.0,1
2024-12-26 16:00,1246.9,6,1.0,1
2024-12-26 17:00,1246.9,6,1.0,1
2024-12-26 18:00,1246.9,6,1.0,1
2024-12-26 19:00,1246.9,6,1.0,1
2024-12-26 20:00,1246.9,6,1.0,1
2024-12-26 21:00,1246.9,6,1.0,1
2024-12-26 22:00,1246.9,6,1.0,1
2024-12-26 23:00,1246.9,5,0.833,1
2024-12-27 00:00,1247.0,6,1.0,1
2024-12-27 01:00,1247.0,6,1.0,1
2024-12-27 02:00,1247.0,6,1.0,1
2024-12-27 03:00,1247.0,6,1.0,1
2024-12-27 04:00,1247.0,6,1.0,1
2024-12-27 05:00,1247.0,6,1.0,1
2024-12-27 06:00,1247.0,6,1.0,1
2024-12-27 07:00,1247.0,6,1.0,1
2024-12-27 08:00,1247.0,6,1.0,1
2024-12-27 09:00,1247.0,6,1.0,1
2024-12-27 10:00,1247.0,6,1.0,1
2024-12-27 11:00,1247.0,6,1.0,1
2024-12-27 12:00,1247.0,6,1.0,1
2024-12-27 13:00,1247.0,6,1.0,1
2024-12-27 14:00,1247.0,6,1.0,1
2024-12-27 15:00,1247.0,6,1.0,1
2024-12-27 16:00,1247.0,6,1.0,1
2024-12-27 17:00,1247.0,6,1.0,1
2024-12-27 18:00,1247.0,6,1.0,1
2024-12-27 19:00,1247.0,6,1.0,1
2024-12-27 20:00,1247.0,6,1.0,1
2024-12-27 21:00,1247.0,6,1.0,1
2024-12-27 22:00,1247.0,6,1.0,1
2024-12-27 23:00,1247.0,5,0.833,1
2024-12-28 00:00,1247.1,6,1.0,1
2024-12-28 01:00,1247.1,6,1.0,1
2024-12-28 02:00,1247.1,6,1.0,1
2024-12-28 03:00,1247.1,6,1.0,1
2024-12-28 04:00,1247.1,6,1.0,1
2024-12-28 05:00,1247.1,6,1.0,1
2024-12-28 06:00,1247.1,6,1.0,1
2024-12-28 07:00,1247.1,6,1.0,1
2024-12-28 08:00,1247.1,6,1.0,1
2024-12-28 09:00,1247.1,6,1.0,1
2024-12-28 10:00,1247.1,6,1.0,1
2024-12-28 11:00,1247.1,6,1.0,1
2024-12-28 12:00,1247.1,6,1.0,1
2024-12-28 13:00,1247.1,6,1.0,1
2024-12-28 14:00,1247.1,6,1.0,1
2024-12-28 15:00,1247.1,6,1.0,1
2024-12-28 16:00,1247.1,6,1.0,1
2024-12-28 17:00,1247.1,6,1.0,1
2024-12-28 18:00,1247.1,6,1.0,1
2024-12-28 19:00,1247.1,6,1.0,1
2024-12-28 20:00,1247.1,6,1.0,1
2024-12-28 21:00,1247.1,6,1.0,1
2024-12-28 22:00,1247.1,6,1.0,1
2024-12-28 23:00,1247.1,5,0.833,1
2024-12-29 00:00,1247.2,6,1.0,1
2024-12-29 01:00,1247.2,6,1.0,1
2024-12-29 02:00,1247.2,6,1.0,1
2024-12-29 03:00,1247.2,6,1.0,1
2024-12-29 04:00,1247.2,6,1.0,1
2024-12-29 05:00,1247.2,6,1.0,1
2024-12-29 06:00,1247.2,6,1.0,1
2024-12-29 07:00,1247.2,6,1.0,1
2024-12-29 08:00,1247.2,6,1.0,1
2024-12-29 09:00,1247.2,6,1.0,1
2024-12-29 10:00,1247.2,6,1.0,1
2024-12-29 11:00,1247.2,6,1.0,1
2024-12-29 12:00,1247.2,6,1.0,1
2024-12-29 13:00,1247.2,6,1.0,1
2024-12-29 14:00,1247.2,6,1.0,1
2024-12-29 15:00,1247.2,6,1.0,1
2024-12-29 16:00,1247.2,6,1.0,1
2024-12-29 17:00,1247.2,6,1.0,1
2024-12-29 18:00,1247.2,6,1.0,1
2024-12-29 19:00,1247.2,5,0.833,1
2024-12-30 00:00,1247.3,6,1.0,1
2024-12-30 01:00,1247.3,6,1.0,1
2024-12-30 02:00,1247.3,6,1.0,1
2024-12-30 03:00,1247.3,6,1.0,1
2024-12-30 04:00,1247.3,6,1.0,1
2024-12-30 05:00,1247.3,6,1.0,1
2024-12-30 06:00,1247.3,6,1.0,1
2024-12-30 07:00,1247.3,6,1.0,1
2024-12-30 08:00,1247.3,6,1.0,1
2024-12-30 09:00,1247.3,6,1.0,1
2024-12-30 10:00,1247.3,6,1.0,1
2024-12-30 11:00,1247.3,6,1.0,1
2024-12-30 12:00,1247.3,6,1.0,1
2024-12-30 13:00,1247.3,6,1.0,1
2024-12-30 14:00,1247.3,6,1.0,1
2024-12-30 15:00,1247.3,6,1.0,1
2024-12-30 16:00,1247.3,6,1.0,1
2024-12-30 17:00,1247.3,6,1.0,1
2024-12-30 18:00,1247.3,6,1.0,1
2024-12-30 19:00,1247.3,6,1.0,1
2024-12-30 20:00,1247.3,6,1.0,1
2024-12-30 21:00,1247.3,6,1.0,1
2024-12-30 22:00,1247.3,6,1.0,1
2024-12-30 23:00,1247.3,5,0.833,1
2024-12-31 00:00,1247.4,6,1.0,1
2024-12-31 01:00,1247.4,6,1.0,1
2024-12-31 02:00,1247.4,6,1.0,1
2024-12-31 03:00,1247.4,6,1.0,1
2024-12-31 04:00,1247.4,6,1.0,1
2024-12-31 05:00,1247.4,6,1.0,1
2024-12-31 06:00,1247.4,6,1.0,1
2024-12-31 07:00,1247.4,6,1.0,1
2024-12-31 08:00,1247.4,6,1.0,1
2024-12-31 09:00,1247.4,6,1.0,1
2024-12-31 10:00,1247.4,6,1.0,1
2024-12-31 11:00,1247.4,6,1.0,1
2024-12-31 12:00,1247.4,6,1.0,1
2024-12-31 13:00,1247.4,6,1.0,1
2024-12-31 14:00,1247.4,6,1.0,1
2024-12-31 15:00,1247.4,6,1.0,1
2024-12-31 16:00,1247.4,6,1.0,1
2024-12-31 17:00,1247.4,6,1.0,1
2024-12-31 18:00,1247.4,6,1.0,1
2024-12-31 19:00,1247.4,6,1.0,1
2024-12-31 20:00,1247.4,6,1.0,1
2024-12-31 21:00,1247.4,6,1.0,1
2024-12-31 22:00,1247.4,6,1.0,1
2024-12-31 23:00,1247.4,5,0.833,1
2025-02-16 00:00,0.0,6,1.0,1
2025-02-16 01:00,0.0,6,1.0,1
2025-02-16 02:00,0.0,6,1.0,1
2025-02-16 03:00,0.0,6,1.0,1
2025-02-16 04:00,0.0,6,1.0,1
2025-02-16 05:00,0.0,6,1.0,1
2025-02-16 06:00,0.0,6,1.0,1
2025-02-16 07:00,0.0,6,1.0,1
2025-02-16 08:00,0.0,6,1.0,1
2025-02-16 09:00,0.0,6,1.0,1
2025-02-16 10:00,0.0,6,1.0,1
2025-02-16 11:00,0.0,6,1.0,1
2025-02-16 12:00,0.0,6,1.0,1
2025-02-16 13:00,0.0,6,1.0,1
2025-02-16 14:00,0.0,6,1.0,1
2025-02-16 15:00,0.0,6,1.0,1
2025-02-16 16:00,0.0,6,1.0,1
2025-02-16 17:00,0.0,6,1.0,1
2025-02-16 18:00,0.0,6,1.0,1
2025-02-16 19:00,0.0,6,1.0,1
2025-02-16 20:00,0.0,6,1.0,1
2025-02-16 21:00,0.0,6,1.0,1
2025-02-16 22:00,0.0,6,1.0,1
2025-02-16 23:00,0.0,6,1.0,1
2025-02-17 00:00,0.0,6,1.0,1
2025-02-17 01:00,0.0,6,1.0,1
2025-02-17 02:00,0.0,6,1.0,1
2025-02-17 03:00,0.0,6,1.0,1
2025-02-17 04:00,0.0,6,1.0,1
2025-02-17 05:00,0.0,6,1.0,1
2025-02-17 06:00,0.0,6,1.0,1
2025-02-17 07:00,0.0,6,1.0,1
2025-02-17 08:00,0.0,6,1.0,1
2025-02-17 09:00,0.0,6,1.0,1
2025-02-17 10:00,0.0,6,1.0,1
2025-02-17 11:00,0.0,6,1.0,1
2025-02-17 12:00,0.0,6,1.0,1
2025-02-17 13:00,0.0,6,1.0,1
2025-02-17 14:00,0.0,6,1.0,1
2025-02-17 15:00,0.0,6,1.0,1
2025-02-17 16:00,0.0,6,1.0,1
2025-02-17 17:00,0.0,6,1.0,1
2025-02-17 18:00,0.0,6,1.0,1
2025-02-17 19:00,0.0,6,1.0,1
2025-02-17 20:00,0.0,6,1.0,1
2025-02-17 21:00,0.0,6,1.0,1
2025-02-17 22:00,0.0,6,1.0,1
2025-02-17 23:00,0.0,6,1.0,1
2025-02-18 00:00,0.0,6,1.0,1
2025-02-18 01:00,0.0,6,1.0,1
2025-02-18 02:00,0.0,6,1.0,1
2025-02-18 03:00,0.0,6,1.0,1
2025-02-18 04:00,0.0,6,1.0,1
2025-02-18 05:00,0.0,6,1.0,1
2025-02-18 06:00,0.0,6,1.0,1
2025-02-18 07:00,0.0,6,1.0,1
2025-02-18 08:00,0.0,6,1.0,1
2025-02-18 09:00,0.0,6,1.0,1
2025-02-18 10:00,0.0,6,1.0,1
2025-02-18 11:00,0.0,6,1.0,1
2025-02-18 12:00,0.0,6,1.0,1
2025-02-18 13:00,0.0,6,1.0,1
2025-02-18 14:00,0.0,6,1.0,1
2025-02-18 15:00,0.0,6,1.0,1
2025-02-18 16:00,0.0,6,1.0,1
2025-02-18 17:00,0.0,6,1.0,1
2025-02-18 18:00,0.0,6,1.0,1
2025-02-18 19:00,0.0,6,1.0,1
2025-02-18 20:00,0.0,6,1.0,1
2025-02-18 21:00,0.0,6,1.0,1
2025-02-18 22:00,0.0,6,1.0,1
2025-02-18 23:00,0.0,6,1.0,1
2025-02-19 00:00,0.0,6,1.0,1
2025-02-19 01:00,0.0,6,1.0,1
2025-02-19 02:00,0.0,6,1.0,1
2025-02-19 03:00,0.0,6,1.0,1
2025-02-19 04:00,0.0,6,1.0,1
2025-02-19 05:00,0.0,6,1.0,1
2025-02-19 06:00,0.0,6,1.0,1
2025-02-19 07:00,0.0,6,1.0,1
2025-02-19 08:00,0.0,6,1.0,1
2025-02-19 09:00,0.0,6,1.0,1
2025-02-19 10:00,0.0,6,1.0,1
2025-02-19 11:00,0.0,6,1.0,1
2025-02-19 12:00,0.0,6,1.0,1
2025-02-19 13:00,0.0,6,1.0,1
2025-02-19 14:00,0.0,6,1.0,1
2025-02-19 15:00,0.0,6,1.0,1
2025-02-19 16:00,0.0,6,1.0,1
2025-02-19 17:00,0.0,6,1.0,1
2025-02-19 18:00,0.0,6,1.0,1
2025-02-19 19:00,0.0,6,1.0,1
2025-02-19 20:00,0.0,6,1.0,1
2025-02-19 21:00,0.0,6,1.0,1
2025-02-19 22:00,0.0,6,1.0,1
2025-02-19 23:00,0.0,6,1.0,1
2025-02-20 00:00,0.0,6,1.0,1
2025-02-20 01:00,0.0,6,1.0,1
2025-02-20 02:00,0.0,6,1.0,1
2025-02-20 03:00,0.0,6,1.0,1
2025-02-20 04:00,0.0,6,1.0,1
2025-02-20 05:00,0.0,6,1.0,1
2025-02-20 06:00,0.0,6,1.0,1
2025-02-20 07:00,0.0,6,1.0,1
2025-02-20 08:00,0.0,6,1.0,1
2025-02-20 09:00,0.0,6,1.0,1
2025-02-20 10:00,0.0,6,1.0,1
2025-02-20 11:00,0.0,6,1.0,1
2025-02-20 12:00,0.0,6,1.0,1
2025-02-20 13:00,0.0,6,1.0,1
2025-02-20 14:00,0.0,6,1.0,1
2025-02-20 15:00,0.0,6,1.0,1
2025-02-20 16:00,0.0,6,1.0,1
2025-02-20 17:00,0.0,6,1.0,1
2025-02-20 18:00,0.0,6,1.0,1
2025-02-20 19:00,0.0,6,1.0,1
2025-02-20 20:00,0.0,6,1.0,1
2025-02-20 21:00,0.0,6,1.0,1
2025-02-20 22:00,0.0,6,1.0,1
2025-02-20 23:00,0.0,6,1.0,1
2025-02-21 00:00,0.0,6,1.0,1
2025-02-21 01:00,0.0,6,1.0,1
2025-02-21 02:00,0.0,6,1.0,1
2025-02-21 03:00,0.0,6,1.0,1
2025-02-21 04:00,0.0,6,1.0,1
2025-02-21 05:00,0.0,6,1.0,1
2025-02-21 06:00,0.0,6,1.0,1
2025-02-21 07:00,0.0,6,1.0,1
2025-02-21 08:00,0.0,6,1.0,1
2025-02-21 09:00,0.0,6,1.0,1
2025-02-21 10:00,0.0,6,1.0,1
2025-02-21 11:00,0.0,6,1.0,1
2025-02-21 12:00,0.0,6,1.0,1
2025-02-21 13:00,0.0,6,1.0,1
2025-02-21 14:00,0.0,6,1.0,1
2025-02-21 15:00,0.0,6,1.0,1
2025-02-21 16:00,0.0,6,1.0,1
2025-02-21 17:00,0.0,6,1.0,1
2025-02-21 18:00,0.0,6,1.0,1
2025-02-21 19:00,0.0,6,1.0,1
2025-02-21 20:00,0.0,6,1.0,1
2025-02-21 21:00,0.0,6,1.0,1
2025-02-21 22:00,0.0,6,1.0,1
2025-02-21 23:00,0.0,6,1.0,1
2025-02-22 00:00,0.0,6,1.0,1
2025-02-22 01:00,0.0,6,1.0,1
2025-02-22 02:00,0.0,6,1.0,1
2025-02-22 03:00,0.0,6,1.0,1
2025-02-22 04:00,0.0,6,1.0,1
2025-02-22 05:00,0.0,6,1.0,1
2025-02-22 06:00,0.0,6,1.0,1
2025-02-22 07:00,0.0,6,1.0,1
2025-02-22 08:00,0.0,6,1.0,1
2025-02-22 09:00,0.0,6,1.0,1
2025-02-22 10:00,0.0,6,1.0,1
2025-02-22 11:00,0.0,6,1.0,1
2025-02-22 12:00,0.0,6,1.0,1
2025-02-22 13:00,0.0,6,1.0,1
2025-02-22 14:00,0.0,6,1.0,1
2025-02-22 15:00,0.0,6,1.0,1
2025-02-22 16:00,0.0,6,1.0,1
2025-02-22 17:00,0.0,6,1.0,1
2025-02-22 18:00,0.0,6,1.0,1
2025-02-22 19:00,0.0,6,1.0,1
2025-02-22 20:00,0.0,6,1.0,1
2025-02-22 21:00,0.0,6,1.0,1
2025-02-22 22:00,0.0,6,1.0,1
2025-02-22 23:00,0.0,6,1.0,1
2025-02-23 00:00,0.0,6,1.0,1
2025-02-23 01:00,0.0,6,1.0,1
2025-02-23 02:00,0.0,6,1.0,1
2025-02-23 03:00,0.0,6,1.0,1
2025-02-23 04:00,0.0,6,1.0,1
2025-02-23 05:00,0.0,6,1.0,1
2025-02-23 06:00,0.0,6,1.0,1
2025-02-23 07:00,0.0,6,1.0,1
2025-02-23 08:00,0.0,6,1.0,1
2025-02-23 09:00,0.0,6,1.0,1
2025-02-23 10:00,0.0,6,1.0,1
2025-02-23 11:00,0.0,6,1.0,1
2025-02-23 12:00,0.0,6,1.0,1
2025-02-23 13:00,0.0,6,1.0,1
2025-02-23 14:00,0.0,6,1.0,1
2025-02-23 15:00,0.0,6,1.0,1
2025-02-23 16:00,0.0,6,1.0,1
2025-02-23 17:00,0.0,6,1.0,1
2025-02-23 18:00,0.0,6,1.0,1
2025-02-23 19:00,0.0,6,1.0,1
2025-02-23 20:00,0.0,6,1.0,1
2025-02-23 21:00,0.0,6,1.0,1
2025-02-23 22:00,0.0,6,1.0,1
2025-02-23 23:00,0.0,6,1.0,1
2025-02-24 00:00,0.0,6,1.0,1
2025-02-24 01:00,0.0,6,1.0,1
2025-02-24 02:00,0.0,6,1.0,1
2025-02-24 03:00,0.0,6,1.0,1
2025-02-24 04:00,0.0,6,1.0,1
2025-02-24 05:00,0.0,6,1.0,1
2025-02-24 06:00,0.0,6,1.0,1
2025-02-24 07:00,0.0,6,1.0,1
2025-02-24 08:00,0.0,6,1.0,1
2025-02-24 09:00,0.0,6,1.0,1
2025-02-24 10:00,0.0,6,1.0,1
2025-02-24 11:00,0.0,6,1.0,1
2025-02-24 12:00,0.0,6,1.0,1
2025-02-24 13:00,0.0,6,1.0,1
2025-02-24 14:00,0.0,6,1.0,1
2025-02-24 15:00,0.0,6,1.0,1
2025-02-24 16:00,0.0,6,1.0,1
2025-02-24 17:00,0.0,6,1.0,1
2025-02-24 18:00,0.0,6,1.0,1
2025-02-24 19:00,0.0,6,1.0,1
2025-02-24 20:00,0.0,6,1.0,1
2025-02-24 21:00,0.0,6,1.0,1
2025-02-24 22:00,0.0,6,1.0,1
2025-02-24 23:00,0.8,6,1.0,1
2025-02-25 00:00,1.0,6,1.0,1
2025-02-25 01:00,1.6,6,1.0,1
2025-02-25 02:00,1.8,6,1.0,1
2025-02-25 03:00,3.0,6,1.0,1
2025-02-25 04:00,3.0,6,1.0,1
2025-02-25 05:00,3.0,6,1.0,1
2025-02-25 06:00,4.2,6,1.0,1
2025-02-25 07:00,5.2,6,1.0,1
2025-02-25 08:00,7.6,6,1.0,1
2025-02-25 09:00,7.6,6,1.0,1
2025-02-25 10:00,7.8,6,1.0,1
2025-02-25 11:00,7.8,6,1.0,1
2025-02-25 12:00,7.8,6,1.0,1
2025-02-25 13:00,7.8,6,1.0,1
2025-02-25 14:00,7.8,6,1.0,1
2025-02-25 15:00,7.8,6,1.0,1
2025-02-25 16:00,7.8,6,1.0,1
2025-02-25 17:00,7.8,6,1.0,1
2025-02-25 18:00,7.8,6,1.0,1
2025-02-25 19:00,9.2,6,1.0,1
2025-02-25 20:00,12.4,6,1.0,1
2025-02-25 21:00,18.4,6,1.0,1
2025-02-25 22:00,20.4,6,1.0,1
2025-02-25 23:00,22.6,6,1.0,1
2025-02-26 00:00,26.4,6,1.0,1
2025-02-26 01:00,26.4,6,1.0,1
2025-02-26 02:00,27.2,6,1.0,1
2025-02-26 03:00,29.8,6,1.0,1
2025-02-26 04:00,34.4,6,1.0,1
2025-02-26 05:00,44.4,6,1.0,1
2025-02-26 06:00,44.4,6,1.0,1
2025-02-26 07:00,44.4,6,1.0,1
2025-02-26 08:00,44.4,6,1.0,1
2025-02-26 09:00,47.2,6,1.0,1
2025-02-26 10:00,47.2,6,1.0,1
2025-02-26 11:00,47.2,6,1.0,1
2025-02-26 12:00,47.2,6,1.0,1
2025-02-26 13:00,47.2,6,1.0,1
2025-02-26 14:00,47.2,6,1.0,1
2025-02-26 15:00,55.0,6,1.0,1
2025-02-26 16:00,58.8,6,1.0,1
2025-02-26 17:00,60.8,6,1.0,1
2025-02-26 18:00,66.6,6,1.0,1
2025-02-26 19:00,72.0,6,1.0,1
2025-02-26 20:00,79.6,6,1.0,1
2025-02-26 21:00,89.6,6,1.0,1
2025-02-26 22:00,94.8,6,1.0,1
2025-02-26 23:00,96.4,6,1.0,1
2025-02-27 00:00,97.8,6,1.0,1
2025-02-27 01:00,99.0,6,1.0,1
2025-02-27 02:00,99.4,6,1.0,1
2025-02-27 03:00,99.4,6,1.0,1
2025-02-27 04:00,99.4,6,1.0,1
2025-02-27 05:00,99.4,6,1.0,1
2025-02-27 06:00,99.4,6,1.0,1
2025-02-27 07:00,99.4,6,1.0,1
2025-02-27 08:00,99.4,6,1.0,1
2025-02-27 09:00,99.4,6,1.0,1
2025-02-27 10:00,99.4,6,1.0,1
2025-02-27 11:00,99.4,6,1.0,1
2025-02-27 12:00,99.4,6,1.0,1
2025-02-27 13:00,99.4,6,1.0,1
2025-02-27 14:00,99.4,6,1.0,1
2025-02-27 15:00,99.4,6,1.0,1
2025-02-27 16:00,99.4,6,1.0,1
2025-02-27 17:00,99.4,6,1.0,1
2025-02-27 18:00,99.4,6,1.0,1
2025-02-27 19:00,99.4,6,1.0,1
2025-02-27 20:00,99.4,6,1.0,1
2025-02-27 21:00,99.4,6,1.0,1
2025-02-27 22:00,99.4,6,1.0,1
2025-02-27 23:00,99.4,6,1.0,1
2025-02-28 00:00,99.4,6,1.0,1
2025-02-28 01:00,99.4,6,1.0,1
2025-02-28 02:00,99.4,6,1.0,1
2025-02-28 03:00,99.4,6,1.0,1
2025-02-28 04:00,99.4,6,1.0,1
2025-02-28 05:00,99.4,6,1.0,1
2025-02-28 06:00,99.4,6,1.0,1
2025-02-28 07:00,99.4,6,1.0,1
2025-02-28 08:00,99.4,6,1.0,1
2025-02-28 09:00,99.4,6,1.0,1
2025-02-28 10:00,99.4,6,1.0,1
2025-02-28 11:00,99.4,6,1.0,1
2025-02-28 12:00,99.4,6,1.0,1
2025-02-28 13:00,99.4,6,1.0,1
2025-02-28 14:00,99.4,6,1.0,1
2025-02-28 15:00,99.4,6,1.0,1
2025-02-28 16:00,99.4,6,1.0,1
2025-02-28 17:00,99.4,6,1.0,1
2025-02-28 18:00,99.4,6,1.0,1
2025-02-28 19:00,99.4,6,1.0,1
2025-02-28 20:00,99.4,6,1.0,1
2025-02-28 21:00,99.4,6,1.0,1
2025-02-28 22:00,99.4,6,1.0,1
2025-02-28 23:00,99.4,6,1.0,1
2025-03-01 00:00,99.4,6,1.0,1
2025-03-01 01:00,99.4,6,1.0,1
2025-03-01 02:00,99.4,6,1.0,1
2025-03-01 03:00,99.4,6,1.0,1
2025-03-01 04:00,99.4,6,1.0,1
2025-03-01 05:00,99.4,6,1.0,1
2025-03-01 06:00,99.4,6,1.0,1
2025-03-01 07:00,99.4,6,1.0,1
2025-03-01 08:00,99.4,6,1.0,1
2025-03-01 09:00,99.4,6,1.0,1
2025-03-01 10:00,99.4,6,1.0,1
2025-03-01 11:00,99.4,6,1.0,1
2025-03-01 12:00,99.4,6,1.0,1
2025-03-01 13:00,99.4,6,1.0,1
2025-03-01 14:00,99.4,6,1.0,1
2025-03-01 15:00,99.4,6,1.0,1
2025-03-01 16:00,99.4,6,1.0,1
2025-03-01 17:00,99.8,6,1.0,1
2025-03-01 18:00,99.8,6,1.0,1
2025-03-01 19:00,99.8,6,1.0,1
2025-03-01 20:00,99.8,6,1.0,1
2025-03-01 21:00,99.8,6,1.0,1
2025-03-01 22:00,99.8,6,1.0,1
2025-03-01 23:00,99.8,6,1.0,1
2025-03-02 00:00,99.8,6,1.0,1
2025-03-02 01:00,99.8,6,1.0,1
2025-03-02 02:00,99.8,6,1.0,1
2025-03-02 03:00,99.8,6,1.0,1
2025-03-02 04:00,99.8,6,1.0,1
2025-03-02 05:00,99.8,6,1.0,1
2025-03-02 06:00,99.8,6,1.0,1
2025-03-02 07:00,99.8,6,1.0,1
2025-03-02 08:00,99.8,6,1.0,1
2025-03-02 09:00,99.8,6,1.0,1
2025-03-02 10:00,99.8,6,1.0,1
2025-03-02 11:00,99.8,6,1.0,1
2025-03-02 12:00,99.8,6,1.0,1
2025-03-02 13:00,99.8,6,1.0,1
2025-03-02 14:00,99.8,6,1.0,1
2025-03-02 15:00,99.8,6,1.0,1
2025-03-02 16:00,99.8,6,1.0,1
2025-03-02 17:00,99.8,6,1.0,1
2025-03-02 18:00,99.8,6,1.0,1
2025-03-02 19:00,99.8,6,1.0,1
2025-03-02 20:00,99.8,6,1.0,1
2025-03-02 21:00,99.8,6,1.0,1
2025-03-02 22:00,99.8,6,1.0,1
2025-03-02 23:00,99.8,6,1.0,1
2025-03-03 00:00,99.8,6,1.0,1
2025-03-03 01:00,99.8,6,1.0,1
2025-03-03 02:00,99.8,6,1.0,1
2025-03-03 03:00,99.8,6,1.0,1
2025-03-03 04:00,99.8,6,1.0,1
2025-03-03 05:00,99.8,6,1.0,1
2025-03-03 06:00,99.8,6,1.0,1
2025-03-03 07:00,99.8,6,1.0,1
2025-03-03 08:00,99.8,6,1.0,1
2025-03-03 09:00,99.8,6,1.0,1
2025-03-03 10:00,99.8,6,1.0,1
2025-03-03 11:00,99.8,6,1.0,1
2025-03-03 12:00,99.8,6,1.0,1
2025-03-03 13:00,99.8,6,1.0,1
2025-03-03 14:00,99.8,6,1.0,1
2025-03-03 15:00,99.8,6,1.0,1
2025-03-03 16:00,99.8,6,1.0,1
2025-03-03 17:00,99.8,6,1.0,1
2025-03-03 18:00,99.8,6,1.0,1
2025-03-03 19:00,99.8,6,1.0,1
2025-03-03 20:00,99.8,6,1.0,1
2025-03-03 21:00,99.8,6,1.0,1
2025-03-03 22:00,99.8,6,1.0,1
2025-03-03 23:00,99.8,6,1.0,1
2025-03-04 00:00,99.8,6,1.0,1
2025-03-04 01:00,99.8,6,1.0,1
2025-03-04 02:00,99.8,6,1.0,1
2025-03-04 03:00,99.8,6,1.0,1
2025-03-04 04:00,99.8,6,1.0,1
2025-03-04 05:00,99.8,6,1.0,1
2025-03-04 06:00,99.8,6,1.0,1
2025-03-04 07:00,99.8,6,1.0,1
2025-03-04 08:00,99.8,6,1.0,1
2025-03-04 09:00,99.8,6,1.0,1
2025-03-04 10:00,99.8,6,1.0,1
2025-03-04 11:00,99.8,6,1.0,1
2025-03-04 12:00,99.8,6,1.0,1
2025-03-04 13:00,99.8,6,1.0,1
2025-03-04 14:00,99.8,6,1.0,1
2025-03-04 15:00,99.8,6,1.0,1
2025-03-04 16:00,99.8,6,1.0,1
2025-03-04 17:00,99.8,6,1.0,1
2025-03-04 18:00,99.8,6,1.0,1
2025-03-04 19:00,99.8,6,1.0,1
2025-03-04 20:00,99.8,6,1.0,1
2025-03-04 21:00,99.8,6,1.0,1
2025-03-04 22:00,99.8,6,1.0,1
2025-03-04 23:00,99.8,6,1.0,1
2025-03-05 00:00,99.8,6,1.0,1
2025-03-05 01:00,99.8,6,1.0,1
2025-03-05 02:00,99.8,6,1.0,1
2025-03-05 03:00,99.8,6,1.0,1
2025-03-05 04:00,99.8,6,1.0,1
2025-03-05 05:00,99.8,6,1.0,1
2025-03-05 06:00,99.8,6,1.0,1
2025-03-05 07:00,99.8,6,1.0,1
2025-03-05 08:00,99.8,6,1.0,1
2025-03-05 09:00,99.8,6,1.0,1
2025-03-05 10:00,99.8,6,1.0,1
2025-03-05 11:00,99.8,6,1.0,1
2025-03-05 12:00,99.8,6,1.0,1
2025-03-05 13:00,99.8,6,1.0,1
2025-03-05 14:00,99.8,6,1.0,1
2025-03-05 15:00,99.8,6,1.0,1
2025-03-05 16:00,99.8,6,1.0,1
2025-03-05 17:00,99.8,6,1.0,1
2025-03-05 18:00,99.8,6,1.0,1
2025-03-05 19:00,99.8,6,1.0,1
2025-03-05 20:00,99.8,6,1.0,1
2025-03-05 21:00,99.8,6,1.0,1
2025-03-05 22:00,99.8,6,1.0,1
2025-03-05 23:00,99.8,6,1.0,1
2025-03-06 00:00,99.8,6,1.0,1
2025-03-06 01:00,99.8,6,1.0,1
2025-03-06 02:00,99.8,6,1.0,1
2025-03-06 03:00,99.8,6,1.0,1
2025-03-06 04:00,99.8,6,1.0,1
2025-03-06 05:00,99.8,6,1.0,1
2025-03-06 06:00,99.8,6,1.0,1
2025-03-06 07:00,99.8,6,1.0,1
2025-03-06 08:00,99.8,6,1.0,1
2025-03-06 09:00,99.8,6,1.0,1
2025-03-06 10:00,99.8,6,1.0,1
2025-03-06 11:00,99.8,6,1.0,1
2025-03-06 12:00,99.8,6,1.0,1
2025-03-06 13:00,99.8,6,1.0,1
2025-03-06 14:00,99.8,6,1.0,1
2025-03-06 15:00,99.8,6,1.0,1
2025-03-06 16:00,99.8,6,1.0,1
2025-03-06 17:00,99.8,6,1.0,1
2025-03-06 18:00,99.8,6,1.0,1
2025-03-06 19:00,99.8,6,1.0,1
2025-03-06 20:00,99.8,6,1.0,1
2025-03-06 21:00,99.8,6,1.0,1
2025-03-06 22:00,99.8,6,1.0,1
2025-03-06 23:00,99.8,6,1.0,1
2025-03-07 00:00,99.8,6,1.0,1
2025-03-07 01:00,99.8,6,1.0,1
2025-03-07 02:00,99.8,6,1.0,1
2025-03-07 03:00,99.8,6,1.0,1
2025-03-07 04:00,99.8,6,1.0,1
2025-03-07 05:00,99.8,6,1.0,1
2025-03-07 06:00,99.8,6,1.0,1
2025-03-07 07:00,99.8,6,1.0,1
2025-03-07 08:00,99.8,6,1.0,1
2025-03-07 09:00,99.8,6,1.0,1
2025-03-07 10:00,99.8,6,1.0,1
2025-03-07 11:00,99.8,6,1.0,1
2025-03-07 12:00,99.8,6,1.0,1
2025-03-07 13:00,99.8,6,1.0,1
2025-03-07 14:00,99.8,6,1.0,1
2025-03-07 15:00,99.8,6,1.0,1
2025-03-07 16:00,99.8,6,1.0,1
2025-03-07 17:00,99.8,6,1.0,1
2025-03-07 18:00,99.8,6,1.0,1
2025-03-07 19:00,99.8,6,1.0,1
2025-03-07 20:00,99.8,6,1.0,1
2025-03-07 21:00,99.8,6,1.0,1
2025-03-07 22:00,99.8,6,1.0,1
2025-03-07 23:00,99.8,6,1.0,1
2025-03-08 00:00,99.8,6,1.0,1
2025-03-08 01:00,99.8,6,1.0,1
2025-03-08 02:00,99.8,6,1.0,1
2025-03-08 03:00,99.8,6,1.0,1
2025-03-08 04:00,99.8,6,1.0,1
2025-03-08 05:00,99.8,6,1.0,1
2025-03-08 06:00,99.8,6,1.0,1
2025-03-08 07:00,99.8,6,1.0,1
2025-03-08 08:00,99.8,6,1.0,1
2025-03-08 09:00,99.8,6,1.0,1
2025-03-08 10:00,99.8,6,1.0,1
2025-03-08 11:00,99.8,6,1.0,1
2025-03-08 12:00,99.8,6,1.0,1
2025-03-08 13:00,99.8,6,1.0,1
2025-03-08 14:00,99.8,6,1.0,1
2025-03-08 15:00,99.8,6,1.0,1
2025-03-08 16:00,99.8,6,1.0,1
2025-03-08 17:00,99.8,6,1.0,1
2025-03-08 18:00,99.8,6,1.0,1
2025-03-08 19:00,99.8,6,1.0,1
2025-03-08 20:00,99.8,6,1.0,1
2025-03-08 21:00,99.8,6,1.0,1
2025-03-08 22:00,99.8,6,1.0,1
2025-03-08 23:00,99.8,6,1.0,1
2025-03-09 00:00,99.8,6,1.0,1
2025-03-09 01:00,99.8,6,1.0,1
2025-03-09 02:00,99.8,6,1.0,1
2025-03-09 03:00,99.8,6,1.0,1
2025-03-09 04:00,99.8,6,1.0,1
2025-03-09 05:00,99.8,6,1.0,1
2025-03-09 06:00,99.8,6,1.0,1
2025-03-09 07:00,99.8,6,1.0,1
2025-03-09 08:00,99.8,6,1.0,1
2025-03-09 09:00,99.8,6,1.0,1
2025-03-09 10:00,99.8,6,1.0,1
2025-03-09 11:00,99.8,6,1.0,1
2025-03-09 12:00,99.8,6,1.0,1
2025-03-09 13:00,99.8,6,1.0,1
2025-03-09 14:00,99.8,6,1.0,1
2025-03-09 15:00,99.8,6,1.0,1
2025-03-09 16:00,99.8,6,1.0,1
2025-03-09 17:00,99.8,6,1.0,1
2025-03-09 18:00,99.8,6,1.0,1
2025-03-09 19:00,99.8,6,1.0,1
2025-03-09 20:00,99.8,6,1.0,1
2025-03-09 21:00,99.8,6,1.0,1
2025-03-09 22:00,99.8,6,1.0,1
2025-03-09 23:00,99.8,6,1.0,1
2025-03-10 00:00,99.8,6,1.0,1
2025-03-10 01:00,99.8,6,1.0,1
2025-03-10 02:00,99.8,6,1.0,1
2025-03-10 03:00,99.8,6,1.0,1
2025-03-10 04:00,99.8,6,1.0,1
2025-03-10 05:00,99.8,6,1.0,1
2025-03-10 06:00,99.8,6,1.0,1
2025-03-10 07:00,99.8,6,1.0,1
2025-03-10 08:00,99.8,6,1.0,1
2025-03-10 09:00,99.8,6,1.0,1
2025-03-10 10:00,99.8,6,1.0,1
2025-03-10 11:00,99.8,6,1.0,1
2025-03-10 12:00,99.8,6,1.0,1
2025-03-10 13:00,99.8,6,1.0,1
2025-03-10 14:00,99.8,6,1.0,1
2025-03-10 15:00,99.8,6,1.0,1
2025-03-10 16:00,99.8,6,1.0,1
2025-03-10 17:00,99.8,6,1.0,1
2025-03-10 18:00,99.8,6,1.0,1
2025-03-10 19:00,100.2,6,1.0,1
2025-03-10 20:00,100.8,6,1.0,1
2025-03-10 21:00,101.2,6,1.0,1
2025-03-10 22:00,101.4,6,1.0,1
2025-03-10 23:00,102.0,6,1.0,1
2025-03-11 00:00,102.4,6,1.0,1
2025-03-11 01:00,102.4,6,1.0,1
2025-03-11 02:00,102.4,6,1.0,1
2025-03-11 03:00,104.6,6,1.0,1
2025-03-11 04:00,107.0,6,1.0,1
2025-03-11 05:00,108.0,6,1.0,1
2025-03-11 06:00,108.4,6,1.0,1
2025-03-11 07:00,108.4,6,1.0,1
2025-03-11 08:00,108.4,6,1.0,1
2025-03-11 09:00,108.4,6,1.0,1
2025-03-11 10:00,108.4,6,1.0,1
2025-03-11 11:00,108.4,6,1.0,1
2025-03-11 12:00,108.4,6,1.0,1
2025-03-11 13:00,108.4,6,1.0,1
2025-03-11 14:00,108.4,6,1.0,1
2025-03-11 15:00,108.4,6,1.0,1
2025-03-11 16:00,108.4,6,1.0,1
2025-03-11 17:00,108.4,6,1.0,1
2025-03-11 18:00,108.4,6,1.0,1
2025-03-11 19:00,108.4,6,1.0,1
2025-03-11 20:00,108.4,6,1.0,1
2025-03-11 21:00,108.4,6,1.0,1
2025-03-11 22:00,108.4,6,1.0,1
2025-03-11 23:00,108.4,6,1.0,1
2025-03-12 00:00,108.4,6,1.0,1
2025-03-12 01:00,108.4,6,1.0,1
2025-03-12 02:00,108.4,6,1.0,1
2025-03-12 03:00,108.4,6,1.0,1
2025-03-12 04:00,108.4,6,1.0,1
2025-03-12 05:00,108.4,6,1.0,1
2025-03-12 06:00,108.4,6,1.0,1
2025-03-12 07:00,108.4,6,1.0,1
2025-03-12 08:00,108.4,6,1.0,1
2025-03-12 09:00,108.4,6,1.0,1
2025-03-12 10:00,108.4,6,1.0,1
2025-03-12 11:00,108.4,6,1.0,1
2025-03-12 12:00,108.4,6,1.0,1
2025-03-12 13:00,108.4,6,1.0,1
2025-03-12 14:00,108.4,6,1.0,1
2025-03-12 15:00,108.4,6,1.0,1
2025-03-12 16:00,108.4,6,1.0,1
2025-03-12 17:00,108.4,6,1.0,1
2025-03-12 18:00,109.4,6,1.0,1
2025-03-12 19:00,110.8,6,1.0,1
2025-03-12 20:00,110.8,6,1.0,1
2025-03-12 21:00,110.8,6,1.0,1
2025-03-12 22:00,110.8,6,1.0,1
2025-03-12 23:00,110.8,6,1.0,1
2025-03-13 00:00,111.0,6,1.0,1
2025-03-13 01:00,112.8,6,1.0,1
2025-03-13 02:00,113.2,6,1.0,1
2025-03-13 03:00,113.4,6,1.0,1
2025-03-13 04:00,113.4,6,1.0,1
2025-03-13 05:00,113.4,6,1.0,1
2025-03-13 06:00,113.4,6,1.0,1
2025-03-13 07:00,113.8,6,1.0,1
2025-03-13 08:00,113.8,6,1.0,1
2025-03-13 09:00,113.8,6,1.0,1
2025-03-13 10:00,113.8,6,1.0,1
2025-03-13 11:00,114.8,6,1.0,1
2025-03-13 12:00,114.8,6,1.0,1
2025-03-13 13:00,114.8,6,1.0,1
2025-03-13 14:00,116.6,6,1.0,1
2025-03-13 15:00,116.6,6,1.0,1
2025-03-13 16:00,116.6,6,1.0,1
2025-03-13 17:00,118.4,6,1.0,1
2025-03-13 18:00,118.4,6,1.0,1
2025-03-13 19:00,118.4,6,1.0,1
2025-03-13 20:00,118.4,6,1.0,1
2025-03-13 21:00,118.4,6,1.0,1
2025-03-13 22:00,118.4,6,1.0,1
2025-03-13 23:00,118.4,6,1.0,1
2025-03-14 00:00,118.8,6,1.0,1
2025-03-14 01:00,120.8,6,1.0,1
2025-03-14 02:00,122.4,6,1.0,1
2025-03-14 03:00,123.0,6,1.0,1
2025-03-14 04:00,123.0,6,1.0,1
2025-03-14 05:00,123.4,6,1.0,1
2025-03-14 06:00,124.6,6,1.0,1
2025-03-14 07:00,124.6,6,1.0,1
2025-03-14 08:00,124.6,6,1.0,1
2025-03-14 09:00,124.6,6,1.0,1
2025-03-14 10:00,124.6,6,1.0,1
2025-03-14 11:00,124.6,6,1.0,1
2025-03-14 12:00,124.6,6,1.0,1
2025-03-14 13:00,124.6,6,1.0,1
2025-03-14 14:00,124.6,6,1.0,1
2025-03-14 15:00,124.6,6,1.0,1
2025-03-14 16:00,124.6,6,1.0,1
2025-03-14 17:00,124.6,6,1.0,1
2025-03-14 18:00,124.6,6,1.0,1
2025-03-14 19:00,124.6,6,1.0,1
2025-03-14 20:00,124.6,6,1.0,1
2025-03-14 21:00,124.6,6,1.0,1
2025-03-14 22:00,124.6,6,1.0,1
2025-03-14 23:00,124.6,6,1.0,1
2025-03-15 00:00,124.6,6,1.0,1
2025-03-15 01:00,124.6,6,1.0,1
2025-03-15 02:00,124.6,6,1.0,1
2025-03-15 03:00,124.6,6,1.0,1
2025-03-15 04:00,124.6,6,1.0,1
2025-03-15 05:00,124.6,6,1.0,1
2025-03-15 06:00,124.6,6,1.0,1
2025-03-15 07:00,124.6,6,1.0,1
2025-03-15 08:00,124.6,6,1.0,1
2025-03-15 09:00,124.6,6,1.0,1
2025-03-15 10:00,124.6,6,1.0,1
2025-03-15 11:00,124.6,6,1.0,1
2025-03-15 12:00,124.6,6,1.0,1
2025-03-15 13:00,124.6,6,1.0,1
2025-03-15 14:00,124.6,6,1.0,1
2025-03-15 15:00,124.6,6,1.0,1
2025-03-15 16:00,124.6,6,1.0,1
2025-03-15 17:00,124.6,6,1.0,1
2025-03-15 18:00,124.6,6,1.0,1
2025-03-15 19:00,124.6,6,1.0,1
2025-03-15 20:00,124.6,6,1.0,1
2025-03-15 21:00,124.6,6,1.0,1
2025-03-15 22:00,124.6,6,1.0,1
2025-03-15 23:00,124.6,6,1.0,1
2025-03-16 00:00,124.6,6,1.0,1
2025-03-16 01:00,124.6,6,1.0,1
2025-03-16 02:00,124.6,6,1.0,1
2025-03-16 03:00,124.6,6,1.0,1
2025-03-16 04:00,124.6,6,1.0,1
2025-03-16 05:00,124.6,6,1.0,1
2025-03-16 06:00,124.6,6,1.0,1
2025-03-16 07:00,124.6,6,1.0,1
2025-03-16 08:00,124.6,6,1.0,1
2025-03-16 09:00,124.6,6,1.0,1
2025-03-16 10:00,124.6,6,1.0,1
2025-03-16 11:00,124.6,6,1.0,1
2025-03-16 12:00,124.6,6,1.0,1
2025-03-16 13:00,124.6,6,1.0,1
2025-03-16 14:00,124.6,6,1.0,1
2025-03-16 15:00,124.6,6,1.0,1
2025-03-16 16:00,124.6,6,1.0,1
2025-03-16 17:00,124.6,6,1.0,1
2025-03-16 18:00,127.8,6,1.0,1
2025-03-16 19:00,127.8,6,1.0,1
2025-03-16 20:00,127.8,6,1.0,1
2025-03-16 21:00,127.8,6,1.0,1
2025-03-16 22:00,127.8,6,1.0,1
2025-03-16 23:00,127.8,6,1.0,1
2025-03-17 00:00,127.8,6,1.0,1
2025-03-17 01:00,127.8,6,1.0,1
2025-03-17 02:00,127.8,6,1.0,1
2025-03-17 03:00,131.8,6,1.0,1
2025-03-17 04:00,132.0,6,1.0,1
2025-03-17 05:00,132.0,6,1.0,1
2025-03-17 06:00,132.0,6,1.0,1
2025-03-17 07:00,132.0,6,1.0,1
2025-03-17 08:00,132.0,6,1.0,1
2025-03-17 09:00,132.0,6,1.0,1
2025-03-17 10:00,132.0,6,1.0,1
2025-03-17 11:00,132.0,6,1.0,1
2025-03-17 12:00,132.0,6,1.0,1
2025-03-17 13:00,132.0,6,1.0,1
2025-03-17 14:00,132.0,6,1.0,1
2025-03-17 15:00,132.0,6,1.0,1
2025-03-17 16:00,132.0,6,1.0,1
2025-03-17 17:00,132.0,6,1.0,1
2025-03-17 18:00,132.0,6,1.0,1
2025-03-17 19:00,132.0,6,1.0,1
2025-03-17 20:00,132.0,6,1.0,1
2025-03-17 21:00,132.0,6,1.0,1
2025-03-17 22:00,132.0,6,1.0,1
2025-03-17 23:00,132.0,6,1.0,1
2025-03-18 00:00,132.0,6,1.0,1
2025-03-18 01:00,132.0,6,1.0,1
2025-03-18 02:00,132.8,6,1.0,1
2025-03-18 03:00,132.8,6,1.0,1
2025-03-18 04:00,132.8,6,1.0,1
2025-03-18 05:00,132.8,6,1.0,1
2025-03-18 06:00,132.8,6,1.0,1
2025-03-18 07:00,132.8,6,1.0,1
2025-03-18 08:00,132.8,6,1.0,1
2025-03-18 09:00,132.8,6,1.0,1
2025-03-18 10:00,132.8,6,1.0,1
2025-03-18 11:00,132.8,6,1.0,1
2025-03-18 12:00,132.8,6,1.0,1
2025-03-18 13:00,132.8,6,1.0,1
2025-03-18 14:00,132.8,6,1.0,1
2025-03-18 15:00,132.8,6,1.0,1
2025-03-18 16:00,132.8,6,1.0,1
2025-03-18 17:00,132.8,6,1.0,1
2025-03-18 18:00,132.8,6,1.0,1
2025-03-18 19:00,132.8,6,1.0,1
2025-03-18 20:00,132.8,6,1.0,1
2025-03-18 21:00,132.8,6,1.0,1
2025-03-18 22:00,132.8,6,1.0,1
2025-03-18 23:00,132.8,6,1.0,1
2025-03-19 00:00,132.8,6,1.0,1
2025-03-19 01:00,132.8,6,1.0,1
2025-03-19 02:00,132.8,6,1.0,1
2025-03-19 03:00,132.8,6,1.0,1
2025-03-19 04:00,132.8,6,1.0,1
2025-03-19 05:00,132.8,6,1.0,1
2025-03-19 06:00,132.8,6,1.0,1
2025-03-19 07:00,132.8,6,1.0,1
2025-03-19 08:00,132.8,6,1.0,1
2025-03-19 09:00,132.8,6,1.0,1
2025-03-19 10:00,132.8,6,1.0,1
2025-03-19 11:00,132.8,6,1.0,1
2025-03-19 12:00,132.8,6,1.0,1
2025-03-19 13:00,132.8,6,1.0,1
2025-03-19 14:00,132.8,6,1.0,1
2025-03-19 15:00,132.8,6,1.0,1
2025-03-19 16:00,132.8,6,1.0,1
2025-03-19 17:00,132.8,6,1.0,1
2025-03-19 18:00,132.8,6,1.0,1
2025-03-19 19:00,132.8,6,1.0,1
2025-03-19 20:00,132.8,6,1.0,1
2025-03-19 21:00,132.8,6,1.0,1
2025-03-19 22:00,132.8,6,1.0,1
2025-03-19 23:00,132.8,6,1.0,1
2025-03-20 00:00,132.8,6,1.0,1
2025-03-20 01:00,132.8,6,1.0,1
2025-03-20 02:00,132.8,6,1.0,1
2025-03-20 03:00,132.8,6,1.0,1
2025-03-20 04:00,132.8,6,1.0,1
2025-03-20 05:00,132.8,6,1.0,1
2025-03-20 06:00,132.8,6,1.0,1
2025-03-20 07:00,132.8,6,1.0,1
2025-03-20 08:00,132.8,6,1.0,1
2025-03-20 09:00,132.8,6,1.0,1
2025-03-20 10:00,132.8,6,1.0,1
2025-03-20 11:00,132.8,6,1.0,1
2025-03-20 12:00,132.8,6,1.0,1
2025-03-20 13:00,132.8,6,1.0,1
2025-03-20 14:00,132.8,6,1.0,1
2025-03-20 15:00,132.8,6,1.0,1
2025-03-20 16:00,132.8,6,1.0,1
2025-03-20 17:00,132.8,6,1.0,1
2025-03-20 18:00,132.8,6,1.0,1
2025-03-20 19:00,132.8,6,1.0,1
2025-03-20 20:00,132.8,6,1.0,1
2025-03-20 21:00,132.8,6,1.0,1
2025-03-20 22:00,132.8,6,1.0,1
2025-03-20 23:00,132.8,6,1.0,1
2025-03-21 00:00,132.8,6,1.0,1
2025-03-21 01:00,132.8,6,1.0,1
2025-03-21 02:00,132.8,6,1.0,1
2025-03-21 03:00,132.8,6,1.0,1
2025-03-21 04:00,132.8,6,1.0,1
2025-03-21 05:00,132.8,6,1.0,1
2025-03-21 06:00,132.8,6,1.0,1
2025-03-21 07:00,132.8,6,1.0,1
2025-03-21 08:00,132.8,6,1.0,1
2025-03-21 09:00,132.8,6,1.0,1
2025-03-21 10:00,132.8,6,1.0,1
2025-03-21 11:00,132.8,6,1.0,1
2025-03-21 12:00,132.8,6,1.0,1
2025-03-21 13:00,132.8,6,1.0,1
2025-03-21 14:00,132.8,6,1.0,1
2025-03-21 15:00,132.8,6,1.0,1
2025-03-21 16:00,132.8,6,1.0,1
2025-03-21 17:00,132.8,6,1.0,1
2025-03-21 18:00,132.8,6,1.0,1
2025-03-21 19:00,132.8,6,1.0,1
2025-03-21 20:00,132.8,6,1.0,1
2025-03-21 21:00,132.8,6,1.0,1
2025-03-21 22:00,132.8,6,1.0,1
2025-03-21 23:00,132.8,6,1.0,1
2025-03-22 00:00,132.8,6,1.0,1
2025-03-22 01:00,132.8,6,1.0,1
2025-03-22 02:00,132.8,6,1.0,1
2025-03-22 03:00,132.8,6,1.0,1
2025-03-22 04:00,132.8,6,1.0,1
2025-03-22 05:00,132.8,6,1.0,1
2025-03-22 06:00,132.8,6,1.0,1
2025-03-22 07:00,132.8,6,1.0,1
2025-03-22 08:00,132.8,6,1.0,1
2025-03-22 09:00,132.8,6,1.0,1
2025-03-22 10:00,132.8,6,1.0,1
2025-03-22 11:00,132.8,6,1.0,1
2025-03-22 12:00,132.8,6,1.0,1
2025-03-22 13:00,132.8,6,1.0,1
2025-03-22 14:00,132.8,6,1.0,1
2025-03-22 15:00,132.8,6,1.0,1
2025-03-22 16:00,132.8,6,1.0,1
2025-03-22 17:00,132.8,6,1.0,1
2025-03-22 18:00,132.8,6,1.0,1
2025-03-22 19:00,132.8,6,1.0,1
2025-03-22 20:00,132.8,6,1.0,1
2025-03-22 21:00,132.8,6,1.0,1
2025-03-22 22:00,132.8,6,1.0,1
2025-03-22 23:00,132.8,6,1.0,1
2025-03-23 00:00,133.2,6,1.0,1
2025-03-23 01:00,134.6,6,1.0,1
2025-03-23 02:00,134.6,6,1.0,1
2025-03-23 03:00,134.6,6,1.0,1
2025-03-23 04:00,136.4,6,1.0,1
2025-03-23 05:00,137.0,6,1.0,1
2025-03-23 06:00,137.0,6,1.0,1
2025-03-23 07:00,137.0,6,1.0,1
2025-03-23 08:00,137.0,6,1.0,1
2025-03-23 09:00,137.0,6,1.0,1
2025-03-23 10:00,137.0,6,1.0,1
2025-03-23 11:00,137.0,6,1.0,1
2025-03-23 12:00,137.0,6,1.0,1
2025-03-23 13:00,137.0,6,1.0,1
2025-03-23 14:00,137.0,6,1.0,1
2025-03-23 15:00,137.0,6,1.0,1
2025-03-23 16:00,137.0,6,1.0,1
2025-03-23 17:00,137.0,6,1.0,1
2025-03-23 18:00,137.0,6,1.0,1
2025-03-23 19:00,137.0,6,1.0,1
2025-03-23 20:00,137.0,6,1.0,1
2025-03-23 21:00,137.0,6,1.0,1
2025-03-23 22:00,137.0,6,1.0,1
2025-03-23 23:00,137.0,6,1.0,1
2025-03-24 00:00,137.0,6,1.0,1
2025-03-24 01:00,137.0,6,1.0,1
2025-03-24 02:00,137.0,6,1.0,1
2025-03-24 03:00,137.0,6,1.0,1
2025-03-24 04:00,137.0,6,1.0,1
2025-03-24 05:00,137.0,6,1.0,1
2025-03-24 06:00,137.0,6,1.0,1
2025-03-24 07:00,137.0,6,1.0,1
2025-03-24 08:00,137.0,6,1.0,1
2025-03-24 09:00,137.0,6,1.0,1
2025-03-24 10:00,137.0,6,1.0,1
2025-03-24 11:00,137.0,6,1.0,1
2025-03-24 12:00,137.0,6,1.0,1
2025-03-24 13:00,137.0,6,1.0,1
2025-03-24 14:00,137.0,6,1.0,1
2025-03-24 15:00,137.0,6,1.0,1
2025-03-24 16:00,137.0,6,1.0,1
2025-03-24 17:00,137.0,6,1.0,1
2025-03-24 18:00,137.0,6,1.0,1
2025-03-24 19:00,137.0,6,1.0,1
2025-03-24 20:00,137.0,6,1.0,1
2025-03-24 21:00,137.0,6,1.0,1
2025-03-24 22:00,137.0,6,1.0,1
2025-03-24 23:00,137.0,6,1.0,1
2025-03-25 00:00,137.0,6,1.0,1
2025-03-25 01:00,137.0,6,1.0,1
2025-03-25 02:00,137.0,6,1.0,1
2025-03-25 03:00,137.0,6,1.0,1
2025-03-25 04:00,137.0,6,1.0,1
2025-03-25 05:00,137.0,6,1.0,1
2025-03-25 06:00,137.0,6,1.0,1
2025-03-25 07:00,137.0,6,1.0,1
2025-03-25 08:00,137.0,6,1.0,1
2025-03-25 09:00,137.0,6,1.0,1
2025-03-25 10:00,137.0,6,1.0,1
2025-03-25 11:00,137.0,6,1.0,1
2025-03-25 12:00,137.0,6,1.0,1
2025-03-25 13:00,137.0,6,1.0,1
2025-03-25 14:00,137.0,6,1.0,1
2025-03-25 15:00,137.0,6,1.0,1
2025-03-25 16:00,137.0,6,1.0,1
2025-03-25 17:00,137.0,6,1.0,1
2025-03-25 18:00,137.0,6,1.0,1
2025-03-25 19:00,137.0,6,1.0,1
2025-03-25 20:00,137.0,6,1.0,1
2025-03-25 21:00,137.0,6,1.0,1
2025-03-25 22:00,137.0,6,1.0,1
2025-03-25 23:00,137.0,6,1.0,1
2025-03-26 00:00,137.0,6,1.0,1
2025-03-26 01:00,137.0,6,1.0,1
2025-03-26 02:00,137.0,6,1.0,1
2025-03-26 03:00,137.0,6,1.0,1
2025-03-26 04:00,137.0,6,1.0,1
2025-03-26 05:00,137.0,6,1.0,1
2025-03-26 06:00,137.0,6,1.0,1
2025-03-26 07:00,137.0,6,1.0,1
2025-03-26 08:00,137.0,6,1.0,1
2025-03-26 09:00,137.0,6,1.0,1
2025-03-26 10:00,137.0,6,1.0,1
2025-03-26 11:00,137.0,6,1.0,1
2025-03-26 12:00,137.0,6,1.0,1
2025-03-26 13:00,137.0,6,1.0,1
2025-03-26 14:00,137.4,6,1.0,1
2025-03-26 15:00,137.6,6,1.0,1
2025-03-26 16:00,137.6,6,1.0,1
2025-03-26 17:00,137.6,6,1.0,1
2025-03-26 18:00,137.6,6,1.0,1
2025-03-26 19:00,137.6,6,1.0,1
2025-03-26 20:00,137.6,6,1.0,1
2025-03-26 21:00,137.6,6,1.0,1
2025-03-26 22:00,137.6,6,1.0,1
2025-03-26 23:00,137.6,6,1.0,1
2025-03-27 00:00,137.6,6,1.0,1
2025-03-27 01:00,137.6,6,1.0,1
2025-03-27 02:00,137.6,6,1.0,1
2025-03-27 03:00,137.6,6,1.0,1
2025-03-27 04:00,137.6,6,1.0,1
2025-03-27 05:00,137.6,6,1.0,1
2025-03-27 06:00,137.8,6,1.0,1
2025-03-27 07:00,137.8,6,1.0,1
2025-03-27 08:00,137.8,6,1.0,1
2025-03-27 09:00,137.8,6,1.0,1
2025-03-27 10:00,137.8,6,1.0,1
2025-03-27 11:00,146.0,6,1.0,1
2025-03-27 12:00,146.0,6,1.0,1
2025-03-27 13:00,146.0,6,1.0,1
2025-03-27 14:00,148.8,6,1.0,1
2025-03-27 15:00,159.4,6,1.0,1
2025-03-27 16:00,159.4,6,1.0,1
2025-03-27 17:00,159.4,6,1.0,1
2025-03-27 18:00,159.4,6,1.0,1
2025-03-27 19:00,169.0,6,1.0,1
2025-03-27 20:00,169.2,6,1.0,1
2025-03-27 21:00,169.2,6,1.0,1
2025-03-27 22:00,170.0,6,1.0,1
2025-03-27 23:00,170.4,6,1.0,1
2025-03-28 00:00,171.6,6,1.0,1
2025-03-28 01:00,171.8,6,1.0,1
2025-03-28 02:00,171.8,6,1.0,1
2025-03-28 03:00,171.8,6,1.0,1
2025-03-28 04:00,171.8,6,1.0,1
2025-03-28 05:00,171.8,6,1.0,1
2025-03-28 06:00,171.8,6,1.0,1
2025-03-28 07:00,171.8,6,1.0,1
2025-03-28 08:00,171.8,6,1.0,1
2025-03-28 09:00,171.8,6,1.0,1
2025-03-28 10:00,171.8,6,1.0,1
2025-03-28 11:00,171.8,6,1.0,1
2025-03-28 12:00,171.8,6,1.0,1
2025-03-28 13:00,171.8,6,1.0,1
2025-03-28 14:00,171.8,6,1.0,1
2025-03-28 15:00,171.8,6,1.0,1
2025-03-28 16:00,172.0,6,1.0,1
2025-03-28 17:00,172.2,6,1.0,1
2025-03-28 18:00,172.2,6,1.0,1
2025-03-28 19:00,172.2,6,1.0,1
2025-03-28 20:00,172.2,6,1.0,1
2025-03-28 21:00,172.2,6,1.0,1
2025-03-28 22:00,172.2,6,1.0,1
2025-03-28 23:00,172.2,6,1.0,1
2025-03-29 00:00,172.2,6,1.0,1
2025-03-29 01:00,172.2,6,1.0,1
2025-03-29 02:00,172.2,6,1.0,1
2025-03-29 03:00,172.2,6,1.0,1
2025-03-29 04:00,172.2,6,1.0,1
2025-03-29 05:00,172.2,6,1.0,1
2025-03-29 06:00,173.0,6,1.0,1
2025-03-29 07:00,173.8,6,1.0,1
2025-03-29 08:00,174.2,6,1.0,1
2025-03-29 09:00,174.4,6,1.0,1
2025-03-29 10:00,174.8,6,1.0,1
2025-03-29 11:00,175.2,6,1.0,1
2025-03-29 12:00,175.4,6,1.0,1
2025-03-29 13:00,175.8,6,1.0,1
2025-03-29 14:00,176.6,6,1.0,1
2025-03-29 15:00,176.6,6,1.0,1
2025-03-29 16:00,177.8,6,1.0,1
2025-03-29 17:00,182.2,6,1.0,1
2025-03-29 18:00,188.6,6,1.0,1
2025-03-29 19:00,189.8,6,1.0,1
2025-03-29 20:00,190.6,6,1.0,1
2025-03-29 21:00,191.4,6,1.0,1
2025-03-29 22:00,193.4,6,1.0,1
2025-03-29 23:00,193.8,6,1.0,1
2025-03-30 00:00,194.2,6,1.0,1
2025-03-30 01:00,194.8,6,1.0,1
2025-03-30 02:00,195.4,6,1.0,1
2025-03-30 03:00,195.6,6,1.0,1
2025-03-30 04:00,195.6,6,1.0,1
2025-03-30 05:00,195.6,6,1.0,1
2025-03-30 06:00,195.6,6,1.0,1
2025-03-30 07:00,195.6,6,1.0,1
2025-03-30 08:00,195.6,6,1.0,1
2025-03-30 09:00,195.6,6,1.0,1
2025-03-30 10:00,195.6,6,1.0,1
2025-03-30 11:00,195.6,6,1.0,1
2025-03-30 12:00,195.6,6,1.0,1
2025-03-30 13:00,195.6,6,1.0,1
2025-03-30 14:00,195.6,6,1.0,1
2025-03-30 15:00,195.6,6,1.0,1
2025-03-30 16:00,195.6,6,1.0,1
2025-03-30 17:00,195.6,6,1.0,1
2025-03-30 18:00,195.6,6,1.0,1
2025-03-30 19:00,195.6,6,1.0,1
2025-03-30 20:00,195.6,6,1.0,1
2025-03-30 21:00,195.6,6,1.0,1
2025-03-30 22:00,195.6,6,1.0,1
2025-03-30 23:00,195.6,6,1.0,1
2025-03-31 00:00,195.6,6,1.0,1
2025-03-31 01:00,195.6,6,1.0,1
2025-03-31 02:00,195.6,6,1.0,1
2025-03-31 03:00,195.6,6,1.0,1
2025-03-31 04:00,195.6,6,1.0,1
2025-03-31 05:00,195.6,6,1.0,1
2025-03-31 06:00,195.6,6,1.0,1
2025-03-31 07:00,195.6,6,1.0,1
2025-03-31 08:00,197.8,6,1.0,1
2025-03-31 09:00,198.6,6,1.0,1
2025-03-31 10:00,198.8,6,1.0,1
2025-03-31 11:00,198.8,6,1.0,1
2025-03-31 12:00,198.8,6,1.0,1
2025-03-31 13:00,198.8,6,1.0,1
2025-03-31 14:00,198.8,6,1.0,1
2025-03-31 15:00,198.8,6,1.0,1
2025-03-31 16:00,198.8,6,1.0,1
2025-03-31 17:00,198.8,6,1.0,1
2025-03-31 18:00,198.8,6,1.0,1
2025-03-31 19:00,199.0,6,1.0,1
2025-03-31 20:00,199.0,6,1.0,1
2025-03-31 21:00,199.0,6,1.0,1
2025-03-31 22:00,199.0,6,1.0,1
2025-03-31 23:00,199.2,6,1.0,1
2025-04-01 00:00,199.2,6,1.0,1
2025-04-01 01:00,199.2,6,1.0,1
2025-04-01 02:00,199.4,6,1.0,1
2025-04-01 03:00,199.6,6,1.0,1
2025-04-01 04:00,200.0,6,1.0,1
2025-04-01 05:00,200.2,6,1.0,1
2025-04-01 06:00,200.2,6,1.0,1
2025-04-01 07:00,200.2,6,1.0,1
2025-04-01 08:00,200.2,6,1.0,1
2025-04-01 09:00,200.2,6,1.0,1
2025-04-01 10:00,200.2,6,1.0,1
2025-04-01 11:00,200.2,6,1.0,1
2025-04-01 12:00,200.2,6,1.0,1
2025-04-01 13:00,200.2,6,1.0,1
2025-04-01 14:00,200.2,6,1.0,1
2025-04-01 15:00,200.2,6,1.0,1
2025-04-01 16:00,200.2,6,1.0,1
2025-04-01 17:00,200.2,6,1.0,1
2025-04-01 18:00,200.2,6,1.0,1
2025-04-01 19:00,200.2,6,1.0,1
2025-04-01 20:00,200.2,6,1.0,1
2025-04-01 21:00,200.2,6,1.0,1
2025-04-01 22:00,200.2,6,1.0,1
2025-04-01 23:00,200.2,6,1.0,1
2025-04-02 00:00,200.2,6,1.0,1
2025-04-02 01:00,200.2,6,1.0,1
2025-04-02 02:00,200.2,6,1.0,1
2025-04-02 03:00,200.2,6,1.0,1
2025-04-02 04:00,200.2,6,1.0,1
2025-04-02 05:00,200.2,6,1.0,1
2025-04-02 06:00,200.2,6,1.0,1
2025-04-02 07:00,200.2,6,1.0,1
2025-04-02 08:00,200.2,6,1.0,1
2025-04-02 09:00,200.2,6,1.0,1
2025-04-02 10:00,200.2,6,1.0,1
2025-04-02 11:00,200.2,6,1.0,1
2025-04-02 12:00,200.2,6,1.0,1
2025-04-02 13:00,200.2,6,1.0,1
2025-04-02 14:00,200.2,6,1.0,1
2025-04-02 15:00,200.2,6,1.0,1
2025-04-02 16:00,200.2,6,1.0,1
2025-04-02 17:00,200.2,6,1.0,1
2025-04-02 18:00,200.2,6,1.0,1
2025-04-02 19:00,200.2,6,1.0,1
2025-04-02 20:00,200.2,6,1.0,1
2025-04-02 21:00,200.2,6,1.0,1
2025-04-02 22:00,200.2,6,1.0,1
2025-04-02 23:00,200.2,6,1.0,1
2025-04-03 00:00,200.2,6,1.0,1
2025-04-03 01:00,200.2,6,1.0,1
2025-04-03 02:00,200.2,6,1.0,1
2025-04-03 03:00,200.2,6,1.0,1
2025-04-03 04:00,200.2,6,1.0,1
2025-04-03 05:00,200.2,6,1.0,1
2025-04-03 06:00,200.2,6,1.0,1
2025-04-03 07:00,200.2,6,1.0,1
2025-04-03 08:00,200.2,6,1.0,1
2025-04-03 09:00,200.2,6,1.0,1
2025-04-03 10:00,200.2,6,1.0,1
2025-04-03 11:00,200.2,6,1.0,1
2025-04-03 12:00,200.2,6,1.0,1
2025-04-03 13:00,200.2,6,1.0,1
2025-04-03 14:00,200.2,6,1.0,1
2025-04-03 15:00,200.2,6,1.0,1
2025-04-03 16:00,200.2,6,1.0,1
2025-04-03 17:00,200.2,6,1.0,1
2025-04-03 18:00,200.2,6,1.0,1
2025-04-03 19:00,200.2,6,1.0,1
2025-04-03 20:00,200.2,6,1.0,1
2025-04-03 21:00,200.2,6,1.0,1
2025-04-03 22:00,200.2,6,1.0,1
2025-04-03 23:00,200.2,6,1.0,1
2025-04-04 00:00,200.2,6,1.0,1
2025-04-04 01:00,200.2,6,1.0,1
2025-04-04 02:00,200.2,6,1.0,1
2025-04-04 03:00,200.2,6,1.0,1
2025-04-04 04:00,200.2,6,1.0,1
2025-04-04 05:00,200.2,6,1.0,1
2025-04-04 06:00,200.2,6,1.0,1
2025-04-04 07:00,200.2,6,1.0,1
2025-04-04 08:00,200.2,6,1.0,1
2025-04-04 09:00,200.2,6,1.0,1
2025-04-04 10:00,200.2,6,1.0,1
2025-04-04 11:00,200.2,6,1.0,1
2025-04-04 12:00,200.2,6,1.0,1
2025-04-04 13:00,200.2,6,1.0,1
2025-04-04 14:00,200.2,6,1.0,1
2025-04-04 15:00,200.2,6,1.0,1
2025-04-04 16:00,200.2,6,1.0,1
2025-04-04 17:00,200.2,6,1.0,1
2025-04-04 18:00,200.2,6,1.0,1
2025-04-04 19:00,200.2,6,1.0,1
2025-04-04 20:00,200.2,6,1.0,1
2025-04-04 21:00,200.2,6,1.0,1
2025-04-04 22:00,200.2,6,1.0,1
2025-04-04 23:00,200.2,6,1.0,1
2025-04-05 00:00,200.2,6,1.0,1
2025-04-05 01:00,200.2,6,1.0,1
2025-04-05 02:00,200.2,6,1.0,1
2025-04-05 03:00,200.2,6,1.0,1
2025-04-05 04:00,200.2,6,1.0,1
2025-04-05 05:00,200.2,6,1.0,1
2025-04-05 06:00,200.2,6,1.0,1
2025-04-05 07:00,200.2,6,1.0,1
2025-04-05 08:00,200.2,6,1.0,1
2025-04-05 09:00,200.2,6,1.0,1
2025-04-05 10:00,200.2,6,1.0,1
2025-04-05 11:00,200.2,6,1.0,1
2025-04-05 12:00,200.2,6,1.0,1
2025-04-05 13:00,200.2,6,1.0,1
2025-04-05 14:00,200.2,6,1.0,1
2025-04-05 15:00,200.2,6,1.0,1
2025-04-05 16:00,200.2,6,1.0,1
2025-04-05 17:00,200.2,6,1.0,1
2025-04-05 18:00,200.2,6,1.0,1
2025-04-05 19:00,200.2,6,1.0,1
2025-04-05 20:00,200.2,6,1.0,1
2025-04-05 21:00,200.2,6,1.0,1
2025-04-05 22:00,200.2,6,1.0,1
2025-04-05 23:00,200.2,6,1.0,1
2025-04-06 00:00,200.2,6,1.0,1
2025-04-06 01:00,200.2,6,1.0,1
2025-04-06 02:00,200.2,6,1.0,1
2025-04-06 03:00,200.2,6,1.0,1
2025-04-06 04:00,200.2,6,1.0,1
2025-04-06 05:00,200.2,6,1.0,1
2025-04-06 06:00,200.2,6,1.0,1
2025-04-06 07:00,200.2,6,1.0,1
2025-04-06 08:00,200.2,6,1.0,1
2025-04-06 09:00,200.2,6,1.0,1
2025-04-06 10:00,200.2,6,1.0,1
2025-04-06 11:00,200.2,6,1.0,1
2025-04-06 12:00,200.2,6,1.0,1
2025-04-06 13:00,200.2,6,1.0,1
2025-04-06 14:00,200.2,6,1.0,1
2025-04-06 15:00,200.2,6,1.0,1
2025-04-06 16:00,200.2,6,1.0,1
2025-04-06 17:00,203.2,6,1.0,1
2025-04-06 18:00,204.4,6,1.0,1
2025-04-06 19:00,204.4,6,1.0,1
2025-04-06 20:00,204.4,6,1.0,1
2025-04-06 21:00,204.4,6,1.0,1
2025-04-06 22:00,204.6,6,1.0,1
2025-04-06 23:00,204.6,6,1.0,1
2025-04-07 00:00,204.6,6,1.0,1
2025-04-07 01:00,204.6,6,1.0,1
2025-04-07 02:00,204.6,6,1.0,1
2025-04-07 03:00,204.6,6,1.0,1
2025-04-07 04:00,204.6,6,1.0,1
2025-04-07 05:00,204.6,6,1.0,1
2025-04-07 06:00,204.6,6,1.0,1
2025-04-07 07:00,204.6,6,1.0,1
2025-04-07 08:00,204.6,6,1.0,1
2025-04-07 09:00,204.6,6,1.0,1
2025-04-07 10:00,204.6,6,1.0,1
2025-04-07 11:00,204.6,6,1.0,1
2025-04-07 12:00,204.6,6,1.0,1
2025-04-07 13:00,204.6,6,1.0,1
2025-04-07 14:00,204.6,6,1.0,1
2025-04-07 15:00,204.6,6,1.0,1
2025-04-07 16:00,204.6,6,1.0,1
2025-04-07 17:00,204.6,6,1.0,1
2025-04-07 18:00,204.6,6,1.0,1
2025-04-07 19:00,204.6,6,1.0,1
2025-04-07 20:00,204.6,6,1.0,1
2025-04-07 21:00,204.6,6,1.0,1
2025-04-07 22:00,204.6,6,1.0,1
2025-04-07 23:00,204.6,6,1.0,1
2025-04-08 00:00,204.6,6,1.0,1
2025-04-08 01:00,204.6,6,1.0,1
2025-04-08 02:00,204.6,6,1.0,1
2025-04-08 03:00,204.6,6,1.0,1
2025-04-08 04:00,204.6,6,1.0,1
2025-04-08 05:00,204.6,6,1.0,1
2025-04-08 06:00,204.6,6,1.0,1
2025-04-08 07:00,204.6,6,1.0,1
2025-04-08 08:00,204.6,6,1.0,1
2025-04-08 09:00,204.6,6,1.0,1
2025-04-08 10:00,204.6,6,1.0,1
2025-04-08 11:00,204.6,6,1.0,1
2025-04-08 12:00,204.6,6,1.0,1
2025-04-08 13:00,204.6,6,1.0,1
2025-04-08 14:00,204.6,6,1.0,1
2025-04-08 15:00,204.6,6,1.0,1
2025-04-08 16:00,204.6,6,1.0,1
2025-04-08 17:00,204.6,6,1.0,1
2025-04-08 18:00,204.6,6,1.0,1
2025-04-08 19:00,204.6,6,1.0,1
2025-04-08 20:00,204.6,6,1.0,1
2025-04-08 21:00,204.6,6,1.0,1
2025-04-08 22:00,204.6,6,1.0,1
2025-04-08 23:00,204.6,6,1.0,1
2025-04-09 00:00,204.6,6,1.0,1
2025-04-09 01:00,204.6,6,1.0,1
2025-04-09 02:00,204.6,6,1.0,1
2025-04-09 03:00,204.6,6,1.0,1
2025-04-09 04:00,204.6,6,1.0,1
2025-04-09 05:00,204.6,6,1.0,1
2025-04-09 06:00,204.6,6,1.0,1
2025-04-09 07:00,204.6,6,1.0,1
2025-04-09 08:00,204.6,6,1.0,1
2025-04-09 09:00,204.6,6,1.0,1
2025-04-09 10:00,204.6,6,1.0,1
2025-04-09 11:00,204.6,6,1.0,1
2025-04-09 12:00,204.6,6,1.0,1
2025-04-09 13:00,204.6,6,1.0,1
2025-04-09 14:00,204.6,6,1.0,1
2025-04-09 15:00,204.6,6,1.0,1
2025-04-09 16:00,204.6,6,1.0,1
2025-04-09 17:00,204.6,6,1.0,1
2025-04-09 18:00,204.6,6,1.0,1
2025-04-09 19:00,204.6,6,1.0,1
2025-04-09 20:00,204.6,6,1.0,1
2025-04-09 21:00,204.6,6,1.0,1
2025-04-09 22:00,204.6,6,1.0,1
2025-04-09 23:00,204.6,6,1.0,1
2025-04-10 00:00,204.6,6,1.0,1
2025-04-10 01:00,204.6,6,1.0,1
2025-04-10 02:00,204.6,6,1.0,1
2025-04-10 03:00,204.6,6,1.0,1
2025-04-10 04:00,204.6,6,1.0,1
2025-04-10 05:00,204.6,6,1.0,1
2025-04-10 06:00,204.6,6,1.0,1
2025-04-10 07:00,204.6,6,1.0,1
2025-04-10 08:00,204.6,6,1.0,1
2025-04-10 09:00,204.6,6,1.0,1
2025-04-10 10:00,204.6,6,1.0,1
2025-04-10 11:00,204.6,6,1.0,1
2025-04-10 12:00,204.6,6,1.0,1
2025-04-10 13:00,204.6,6,1.0,1
2025-04-10 14:00,204.6,6,1.0,1
2025-04-10 15:00,204.6,6,1.0,1
2025-04-10 16:00,204.6,6,1.0,1
2025-04-10 17:00,204.6,6,1.0,1
2025-04-10 18:00,204.6,6,1.0,1
2025-04-10 19:00,204.6,6,1.0,1
2025-04-10 20:00,204.6,6,1.0,1
2025-04-10 21:00,204.6,6,1.0,1
2025-04-10 22:00,204.6,6,1.0,1
2025-04-10 23:00,204.6,6,1.0,1
2025-04-11 00:00,204.6,6,1.0,1
2025-04-11 01:00,204.6,6,1.0,1
2025-04-11 02:00,204.6,6,1.0,1
2025-04-11 03:00,204.6,6,1.0,1
2025-04-11 04:00,204.6,6,1.0,1
2025-04-11 05:00,204.6,6,1.0,1
2025-04-11 06:00,204.6,6,1.0,1
2025-04-11 07:00,204.6,6,1.0,1
2025-04-11 08:00,204.6,6,1.0,1
2025-04-11 09:00,204.6,6,1.0,1
2025-04-11 10:00,204.6,6,1.0,1
2025-04-11 11:00,204.6,6,1.0,1
2025-04-11 12:00,204.6,6,1.0,1
2025-04-11 13:00,204.6,6,1.0,1
2025-04-11 14:00,204.6,6,1.0,1
2025-04-11 15:00,204.6,6,1.0,1
2025-04-11 16:00,204.6,6,1.0,1
2025-04-11 17:00,204.6,6,1.0,1
2025-04-11 18:00,204.6,6,1.0,1
2025-04-11 19:00,204.6,6,1.0,1
2025-04-11 20:00,204.6,6,1.0,1
2025-04-11 21:00,204.6,6,1.0,1
2025-04-11 22:00,204.6,6,1.0,1
2025-04-11 23:00,204.6,6,1.0,1
2025-04-12 00:00,204.6,6,1.0,1
2025-04-12 01:00,204.6,6,1.0,1
2025-04-12 02:00,204.6,6,1.0,1
2025-04-12 03:00,204.6,6,1.0,1
2025-04-12 04:00,204.6,6,1.0,1
2025-04-12 05:00,204.6,6,1.0,1
2025-04-12 06:00,204.6,6,1.0,1
2025-04-12 07:00,204.6,6,1.0,1
2025-04-12 08:00,204.6,6,1.0,1
2025-04-12 09:00,204.6,6,1.0,1
2025-04-12 10:00,204.6,6,1.0,1
2025-04-12 11:00,204.6,6,1.0,1
2025-04-12 12:00,204.6,6,1.0,1
2025-04-12 13:00,204.6,6,1.0,1
2025-04-12 14:00,204.6,6,1.0,1
2025-04-12 15:00,204.6,6,1.0,1
2025-04-12 16:00,204.6,6,1.0,1
2025-04-12 17:00,204.6,6,1.0,1
2025-04-12 18:00,204.6,6,1.0,1
2025-04-12 19:00,204.6,6,1.0,1
2025-04-12 20:00,204.6,6,1.0,1
2025-04-12 21:00,204.6,6,1.0,1
2025-04-12 22:00,204.6,6,1.0,1
2025-04-12 23:00,204.6,6,1.0,1
2025-04-13 00:00,204.6,6,1.0,1
2025-04-13 01:00,204.6,6,1.0,1
2025-04-13 02:00,204.6,6,1.0,1
2025-04-13 03:00,204.6,6,1.0,1
2025-04-13 04:00,204.6,6,1.0,1
2025-04-13 05:00,204.6,6,1.0,1
2025-04-13 06:00,204.6,6,1.0,1
2025-04-13 07:00,204.6,6,1.0,1
2025-04-13 08:00,204.6,6,1.0,1
2025-04-13 09:00,204.6,6,1.0,1
2025-04-13 10:00,204.6,6,1.0,1
2025-04-13 11:00,204.6,6,1.0,1
2025-04-13 12:00,204.6,6,1.0,1
2025-04-13 13:00,204.6,6,1.0,1
2025-04-13 14:00,204.6,6,1.0,1
2025-04-13 15:00,204.6,6,1.0,1
2025-04-13 16:00,204.6,6,1.0,1
2025-04-13 17:00,204.6,6,1.0,1
2025-04-13 18:00,204.6,6,1.0,1
2025-04-13 19:00,204.6,6,1.0,1
2025-04-13 20:00,204.6,6,1.0,1
2025-04-13 21:00,204.6,6,1.0,1
2025-04-13 22:00,204.6,6,1.0,1
2025-04-13 23:00,204.6,6,1.0,1
2025-04-14 00:00,204.6,6,1.0,1
2025-04-14 01:00,204.6,6,1.0,1
2025-04-14 02:00,204.6,6,1.0,1
2025-04-14 03:00,204.6,6,1.0,1
2025-04-14 04:00,204.6,6,1.0,1
2025-04-14 05:00,204.6,6,1.0,1
2025-04-14 06:00,204.6,6,1.0,1
2025-04-14 07:00,204.6,6,1.0,1
2025-04-14 08:00,204.6,6,1.0,1
2025-04-14 09:00,204.6,6,1.0,1
2025-04-14 10:00,204.6,6,1.0,1
2025-04-14 11:00,204.6,6,1.0,1
2025-04-14 12:00,204.6,6,1.0,1
2025-04-14 13:00,204.6,6,1.0,1
2025-04-14 14:00,204.6,6,1.0,1
2025-04-14 15:00,205.0,6,1.0,1
2025-04-14 16:00,205.4,6,1.0,1
2025-04-14 17:00,205.8,6,1.0,1
2025-04-14 18:00,205.8,6,1.0,1
2025-04-14 19:00,206.6,6,1.0,1
2025-04-14 20:00,206.8,6,1.0,1
2025-04-14 21:00,207.0,6,1.0,1
2025-04-14 22:00,207.6,6,1.0,1
2025-04-14 23:00,209.0,6,1.0,1
2025-04-15 00:00,209.2,6,1.0,1
2025-04-15 01:00,210.6,6,1.0,1
2025-04-15 02:00,211.4,6,1.0,1
2025-04-15 03:00,216.6,6,1.0,1
2025-04-15 04:00,219.2,6,1.0,1
2025-04-15 05:00,220.8,6,1.0,1
2025-04-15 06:00,220.8,6,1.0,1
2025-04-15 07:00,221.0,6,1.0,1
2025-04-15 08:00,221.0,6,1.0,1
2025-04-15 09:00,221.0,6,1.0,1
2025-04-15 10:00,221.0,6,1.0,1
2025-04-15 11:00,221.0,6,1.0,1
2025-04-15 12:00,221.0,6,1.0,1
2025-04-15 13:00,221.0,6,1.0,1
2025-04-15 14:00,221.0,6,1.0,1
2025-04-15 15:00,221.0,6,1.0,1
2025-04-15 16:00,221.0,6,1.0,1
2025-04-15 17:00,221.0,6,1.0,1
2025-04-15 18:00,221.0,6,1.0,1
2025-04-15 19:00,221.0,6,1.0,1
2025-04-15 20:00,221.0,6,1.0,1
2025-04-15 21:00,221.0,6,1.0,1
2025-04-15 22:00,221.0,6,1.0,1
2025-04-15 23:00,221.0,6,1.0,1
2025-04-16 00:00,221.0,6,1.0,1
2025-04-16 01:00,221.0,6,1.0,1
2025-04-16 02:00,221.0,6,1.0,1
2025-04-16 03:00,221.0,6,1.0,1
2025-04-16 04:00,221.0,6,1.0,1
2025-04-16 05:00,221.0,6,1.0,1
2025-04-16 06:00,221.0,6,1.0,1
2025-04-16 07:00,221.0,6,1.0,1
2025-04-16 08:00,221.0,6,1.0,1
2025-04-16 09:00,221.0,6,1.0,1
2025-04-16 10:00,221.0,6,1.0,1
2025-04-16 11:00,221.0,6,1.0,1
2025-04-16 12:00,221.0,6,1.0,1
2025-04-16 13:00,221.0,6,1.0,1
2025-04-16 14:00,221.0,6,1.0,1
2025-04-16 15:00,221.0,6,1.0,1
2025-04-16 16:00,221.0,6,1.0,1
2025-04-16 17:00,221.0,6,1.0,1
2025-04-16 18:00,221.0,6,1.0,1
2025-04-16 19:00,222.0,6,1.0,1
2025-04-16 20:00,222.0,6,1.0,1
2025-04-16 21:00,222.2,6,1.0,1
2025-04-16 22:00,222.2,6,1.0,1
2025-04-16 23:00,222.2,6,1.0,1
2025-04-17 00:00,222.2,6,1.0,1
2025-04-17 01:00,222.2,6,1.0,1
2025-04-17 02:00,222.2,6,1.0,1
2025-04-17 03:00,222.2,6,1.0,1
2025-04-17 04:00,222.2,6,1.0,1
2025-04-17 05:00,223.8,6,1.0,1
2025-04-17 06:00,224.4,6,1.0,1
2025-04-17 07:00,225.8,6,1.0,1
2025-04-17 08:00,226.0,6,1.0,1
2025-04-17 09:00,226.0,6,1.0,1
2025-04-17 10:00,226.0,6,1.0,1
2025-04-17 11:00,226.4,6,1.0,1
2025-04-17 12:00,226.6,6,1.0,1
2025-04-17 13:00,226.6,6,1.0,1
2025-04-17 14:00,228.2,6,1.0,1
2025-04-17 15:00,230.0,6,1.0,1
2025-04-17 16:00,230.2,6,1.0,1
2025-04-17 17:00,230.2,6,1.0,1
2025-04-17 18:00,230.2,6,1.0,1
2025-04-17 19:00,230.2,6,1.0,1
2025-04-17 20:00,230.2,6,1.0,1
2025-04-17 21:00,230.2,6,1.0,1
2025-04-17 22:00,230.2,6,1.0,1
2025-04-17 23:00,230.2,6,1.0,1
2025-04-18 00:00,230.2,6,1.0,1
2025-04-18 01:00,230.2,6,1.0,1
2025-04-18 02:00,230.2,6,1.0,1
2025-04-18 03:00,230.2,6,1.0,1
2025-04-18 04:00,230.2,6,1.0,1
2025-04-18 05:00,230.2,6,1.0,1
2025-04-18 06:00,232.2,6,1.0,1
2025-04-18 07:00,234.2,6,1.0,1
2025-04-18 08:00,234.2,6,1.0,1
2025-04-18 09:00,234.2,6,1.0,1
2025-04-18 10:00,234.2,6,1.0,1
2025-04-18 11:00,234.2,6,1.0,1
2025-04-18 12:00,234.2,6,1.0,1
2025-04-18 13:00,234.2,6,1.0,1
2025-04-18 14:00,234.2,6,1.0,1
2025-04-18 15:00,234.2,6,1.0,1
2025-04-18 16:00,234.2,6,1.0,1
2025-04-18 17:00,234.2,6,1.0,1
2025-04-18 18:00,234.2,6,1.0,1
2025-04-18 19:00,234.2,6,1.0,1
2025-04-18 20:00,234.2,6,1.0,1
2025-04-18 21:00,234.2,6,1.0,1
2025-04-18 22:00,234.2,6,1.0,1
2025-04-18 23:00,234.2,6,1.0,1
2025-04-19 00:00,234.2,6,1.0,1
2025-04-19 01:00,234.2,6,1.0,1
2025-04-19 02:00,234.2,6,1.0,1
2025-04-19 03:00,234.2,6,1.0,1
2025-04-19 04:00,234.2,6,1.0,1
2025-04-19 05:00,234.2,6,1.0,1
2025-04-19 06:00,234.2,6,1.0,1
2025-04-19 07:00,234.2,6,1.0,1
2025-04-19 08:00,234.2,6,1.0,1
2025-04-19 09:00,234.2,6,1.0,1
2025-04-19 10:00,234.2,6,1.0,1
2025-04-19 11:00,234.2,6,1.0,1
2025-04-19 12:00,234.2,6,1.0,1
2025-04-19 13:00,234.2,6,1.0,1
2025-04-19 14:00,234.2,6,1.0,1
2025-04-19 15:00,234.2,6,1.0,1
2025-04-19 16:00,234.2,6,1.0,1
2025-04-19 17:00,234.2,6,1.0,1
2025-04-19 18:00,234.2,6,1.0,1
2025-04-19 19:00,234.2,6,1.0,1
2025-04-19 20:00,234.2,6,1.0,1
2025-04-19 21:00,234.2,6,1.0,1
2025-04-19 22:00,234.2,6,1.0,1
2025-04-19 23:00,234.2,6,1.0,1
2025-04-20 00:00,234.2,6,1.0,1
2025-04-20 01:00,234.2,6,1.0,1
2025-04-20 02:00,234.2,6,1.0,1
2025-04-20 03:00,234.2,6,1.0,1
2025-04-20 04:00,234.2,6,1.0,1
2025-04-20 05:00,234.2,6,1.0,1
2025-04-20 06:00,234.2,6,1.0,1
2025-04-20 07:00,234.2,6,1.0,1
2025-04-20 08:00,234.2,6,1.0,1
2025-04-20 09:00,234.2,6,1.0,1
2025-04-20 10:00,234.2,6,1.0,1
2025-04-20 11:00,234.2,6,1.0,1
2025-04-20 12:00,234.2,6,1.0,1
2025-04-20 13:00,234.2,6,1.0,1
2025-04-20 14:00,234.2,6,1.0,1
2025-04-20 15:00,234.2,6,1.0,1
2025-04-20 16:00,234.2,6,1.0,1
2025-04-20 17:00,234.2,6,1.0,1
2025-04-20 18:00,234.2,6,1.0,1
2025-04-20 19:00,234.2,6,1.0,1
2025-04-20 20:00,234.2,6,1.0,1
2025-04-20 21:00,234.2,6,1.0,1
2025-04-20 22:00,234.2,6,1.0,1
2025-04-20 23:00,234.2,6,1.0,1
2025-04-21 00:00,234.2,6,1.0,1
2025-04-21 01:00,234.2,6,1.0,1
2025-04-21 02:00,234.2,6,1.0,1
2025-04-21 03:00,234.2,6,1.0,1
2025-04-21 04:00,234.2,6,1.0,1
2025-04-21 05:00,234.2,6,1.0,1
2025-04-21 06:00,234.2,6,1.0,1
2025-04-21 07:00,234.2,6,1.0,1
2025-04-21 08:00,234.2,6,1.0,1
2025-04-21 09:00,234.2,6,1.0,1
2025-04-21 10:00,234.2,6,1.0,1
2025-04-21 11:00,234.2,6,1.0,1
2025-04-21 12:00,234.2,6,1.0,1
2025-04-21 13:00,234.2,6,1.0,1
2025-04-21 14:00,234.2,6,1.0,1
2025-04-21 15:00,234.2,6,1.0,1
2025-04-21 16:00,234.2,6,1.0,1
2025-04-21 17:00,234.2,6,1.0,1
2025-04-21 18:00,234.2,6,1.0,1
2025-04-21 19:00,234.2,6,1.0,1
2025-04-21 20:00,234.2,6,1.0,1
2025-04-21 21:00,234.2,6,1.0,1
2025-04-21 22:00,234.2,6,1.0,1
2025-04-21 23:00,234.2,6,1.0,1
2025-04-22 00:00,234.2,6,1.0,1
2025-04-22 01:00,234.2,6,1.0,1
2025-04-22 02:00,234.2,6,1.0,1
2025-04-22 03:00,234.2,6,1.0,1
2025-04-22 04:00,234.2,6,1.0,1
2025-04-22 05:00,234.2,6,1.0,1
2025-04-22 06:00,234.2,6,1.0,1
2025-04-22 07:00,234.2,6,1.0,1
2025-04-22 08:00,234.2,6,1.0,1
2025-04-22 09:00,234.2,6,1.0,1
2025-04-22 10:00,234.2,6,1.0,1
2025-04-22 11:00,234.2,6,1.0,1
2025-04-22 12:00,234.2,6,1.0,1
2025-04-22 13:00,234.2,6,1.0,1
2025-04-22 14:00,234.2,6,1.0,1
2025-04-22 15:00,234.2,6,1.0,1
2025-04-22 16:00,234.2,6,1.0,1
2025-04-22 17:00,234.2,6,1.0,1
2025-04-22 18:00,234.2,6,1.0,1
2025-04-22 19:00,234.2,6,1.0,1
2025-04-22 20:00,234.2,6,1.0,1
2025-04-22 21:00,234.2,6,1.0,1
2025-04-22 22:00,234.2,6,1.0,1
2025-04-22 23:00,234.2,6,1.0,1
2025-04-23 00:00,234.2,6,1.0,1
2025-04-23 01:00,234.2,6,1.0,1
2025-04-23 02:00,234.2,6,1.0,1
2025-04-23 03:00,234.2,6,1.0,1
2025-04-23 04:00,234.2,6,1.0,1
2025-04-23 05:00,234.2,6,1.0,1
2025-04-23 06:00,234.2,6,1.0,1
2025-04-23 07:00,234.2,6,1.0,1
2025-04-23 08:00,234.2,6,1.0,1
2025-04-23 09:00,234.2,6,1.0,1
2025-04-23 10:00,234.2,6,1.0,1
2025-04-23 11:00,234.2,6,1.0,1
2025-04-23 12:00,234.2,6,1.0,1
2025-04-23 13:00,234.2,6,1.0,1
2025-04-23 14:00,234.2,6,1.0,1
2025-04-23 15:00,234.2,6,1.0,1
2025-04-23 16:00,234.2,6,1.0,1
2025-04-23 17:00,234.2,6,1.0,1
2025-04-23 18:00,234.2,6,1.0,1
2025-04-23 19:00,234.2,6,1.0,1
2025-04-23 20:00,234.2,6,1.0,1
2025-04-23 21:00,234.2,6,1.0,1
2025-04-23 22:00,234.2,6,1.0,1
2025-04-23 23:00,234.2,6,1.0,1
2025-04-24 00:00,234.2,6,1.0,1
2025-04-24 01:00,234.2,6,1.0,1
2025-04-24 02:00,234.2,6,1.0,1
2025-04-24 03:00,234.2,6,1.0,1
2025-04-24 04:00,234.2,6,1.0,1
2025-04-24 05:00,234.2,6,1.0,1
2025-04-24 06:00,234.2,6,1.0,1
2025-04-24 07:00,234.2,6,1.0,1
2025-04-24 08:00,234.2,6,1.0,1
2025-04-24 09:00,234.2,6,1.0,1
2025-04-24 10:00,234.2,6,1.0,1
2025-04-24 11:00,249.0,6,1.0,1
2025-04-24 12:00,254.4,6,1.0,1
2025-04-24 13:00,255.2,6,1.0,1
2025-04-24 14:00,255.6,6,1.0,1
2025-04-24 15:00,255.6,6,1.0,1
2025-04-24 16:00,255.6,6,1.0,1
2025-04-24 17:00,255.6,6,1.0,1
2025-04-24 18:00,255.6,6,1.0,1
2025-04-24 19:00,255.6,6,1.0,1
2025-04-24 20:00,255.6,6,1.0,1
2025-04-24 21:00,255.6,6,1.0,1
2025-04-24 22:00,255.6,6,1.0,1
2025-04-24 23:00,255.6,6,1.0,1
2025-04-25 00:00,255.6,6,1.0,1
2025-04-25 01:00,255.6,6,1.0,1
2025-04-25 02:00,255.6,6,1.0,1
2025-04-25 03:00,255.6,6,1.0,1
2025-04-25 04:00,255.6,6,1.0,1
2025-04-25 05:00,255.6,6,1.0,1
2025-04-25 06:00,255.6,6,1.0,1
2025-04-25 07:00,255.6,6,1.0,1
2025-04-25 08:00,255.6,6,1.0,1
2025-04-25 09:00,255.6,6,1.0,1
2025-04-25 10:00,255.6,6,1.0,1
2025-04-25 11:00,255.6,6,1.0,1
2025-04-25 12:00,255.6,6,1.0,1
2025-04-25 13:00,255.6,6,1.0,1
2025-04-25 14:00,255.6,6,1.0,1
2025-04-25 15:00,255.6,6,1.0,1
2025-04-25 16:00,255.6,6,1.0,1
2025-04-25 17:00,255.6,6,1.0,1
2025-04-25 18:00,255.6,6,1.0,1
2025-04-25 19:00,255.6,6,1.0,1
2025-04-25 20:00,255.6,6,1.0,1
2025-04-25 21:00,255.6,6,1.0,1
2025-04-25 22:00,255.6,6,1.0,1
2025-04-25 23:00,255.6,6,1.0,1
2025-04-26 00:00,255.6,6,1.0,1
2025-04-26 01:00,255.6,6,1.0,1
2025-04-26 02:00,255.8,6,1.0,1
2025-04-26 03:00,255.8,6,1.0,1
2025-04-26 04:00,255.8,6,1.0,1
2025-04-26 05:00,255.8,6,1.0,1
2025-04-26 06:00,256.0,6,1.0,1
2025-04-26 07:00,256.0,6,1.0,1
2025-04-26 08:00,256.0,6,1.0,1
2025-04-26 09:00,256.0,6,1.0,1
2025-04-26 10:00,256.0,6,1.0,1
2025-04-26 11:00,256.0,6,1.0,1
2025-04-26 12:00,256.0,6,1.0,1
2025-04-26 13:00,256.0,6,1.0,1
2025-04-26 14:00,256.0,6,1.0,1
2025-04-26 15:00,256.0,6,1.0,1
2025-04-26 16:00,256.0,6,1.0,1
2025-04-26 17:00,256.0,6,1.0,1
2025-04-26 18:00,256.0,6,1.0,1
2025-04-26 19:00,256.0,6,1.0,1
2025-04-26 20:00,256.0,6,1.0,1
2025-04-26 21:00,256.0,6,1.0,1
2025-04-26 22:00,256.0,6,1.0,1
2025-04-26 23:00,256.0,6,1.0,1
2025-04-27 00:00,256.0,6,1.0,1
2025-04-27 01:00,256.0,6,1.0,1
2025-04-27 02:00,256.0,6,1.0,1
2025-04-27 03:00,256.0,6,1.0,1
2025-04-27 04:00,256.0,6,1.0,1
2025-04-27 05:00,256.0,6,1.0,1
2025-04-27 06:00,256.0,6,1.0,1
2025-04-27 07:00,256.0,6,1.0,1
2025-04-27 08:00,256.0,6,1.0,1
2025-04-27 09:00,256.0,6,1.0,1
2025-04-27 10:00,256.0,6,1.0,1
2025-04-27 11:00,256.0,6,1.0,1
2025-04-27 12:00,256.0,6,1.0,1
2025-04-27 13:00,256.0,6,1.0,1
2025-04-27 14:00,256.0,6,1.0,1
2025-04-27 15:00,256.0,6,1.0,1
2025-04-27 16:00,256.0,6,1.0,1
2025-04-27 17:00,256.0,6,1.0,1
2025-04-27 18:00,256.0,6,1.0,1
2025-04-27 19:00,256.0,6,1.0,1
2025-04-27 20:00,256.0,6,1.0,1
2025-04-27 21:00,256.0,6,1.0,1
2025-04-27 22:00,256.0,6,1.0,1
2025-04-27 23:00,256.0,6,1.0,1
2025-04-28 00:00,256.0,6,1.0,1
2025-04-28 01:00,256.0,6,1.0,1
2025-04-28 02:00,256.0,6,1.0,1
2025-04-28 03:00,256.0,6,1.0,1
2025-04-28 04:00,256.0,6,1.0,1
2025-04-28 05:00,256.0,6,1.0,1
2025-04-28 06:00,256.0,6,1.0,1
2025-04-28 07:00,256.0,6,1.0,1
2025-04-28 08:00,256.0,6,1.0,1
2025-04-28 09:00,256.0,6,1.0,1
2025-04-28 10:00,256.0,6,1.0,1
2025-04-28 11:00,256.0,6,1.0,1
2025-04-28 12:00,256.0,6,1.0,1
2025-04-28 13:00,256.0,6,1.0,1
2025-04-28 14:00,256.0,6,1.0,1
2025-04-28 15:00,256.0,6,1.0,1
2025-04-28 16:00,256.0,6,1.0,1
2025-04-28 17:00,256.0,6,1.0,1
2025-04-28 18:00,256.0,6,1.0,1
2025-04-28 19:00,256.0,6,1.0,1
2025-04-28 20:00,256.0,6,1.0,1
2025-04-28 21:00,256.0,6,1.0,1
2025-04-28 22:00,256.0,6,1.0,1
2025-04-28 23:00,256.0,6,1.0,1
2025-04-29 00:00,256.0,6,1.0,1
2025-04-29 01:00,256.0,6,1.0,1
2025-04-29 02:00,256.0,6,1.0,1
2025-04-29 03:00,256.0,6,1.0,1
2025-04-29 04:00,256.0,6,1.0,1
2025-04-29 05:00,256.0,6,1.0,1
2025-04-29 06:00,256.0,6,1.0,1
2025-04-29 07:00,256.0,6,1.0,1
2025-04-29 08:00,256.0,6,1.0,1
2025-04-29 09:00,256.0,6,1.0,1
2025-04-29 10:00,256.0,6,1.0,1
2025-04-29 11:00,256.0,6,1.0,1
2025-04-29 12:00,256.0,6,1.0,1
2025-04-29 13:00,256.0,6,1.0,1
2025-04-29 14:00,256.0,6,1.0,1
2025-04-29 15:00,256.0,6,1.0,1
2025-04-29 16:00,256.0,6,1.0,1
2025-04-29 17:00,256.0,6,1.0,1
2025-04-29 18:00,256.0,6,1.0,1
2025-04-29 19:00,256.0,6,1.0,1
2025-04-29 20:00,256.0,6,1.0,1
2025-04-29 21:00,256.0,6,1.0,1
2025-04-29 22:00,256.0,6,1.0,1
2025-04-29 23:00,256.0,6,1.0,1
2025-04-30 00:00,256.0,6,1.0,1
2025-04-30 01:00,256.0,6,1.0,1
2025-04-30 02:00,256.0,6,1.0,1
2025-04-30 03:00,256.0,6,1.0,1
2025-04-30 04:00,256.0,6,1.0,1
2025-04-30 05:00,256.0,6,1.0,1
2025-04-30 06:00,256.0,6,1.0,1
2025-04-30 07:00,256.0,6,1.0,1
2025-04-30 08:00,256.0,6,1.0,1
2025-04-30 09:00,256.0,6,1.0,1
2025-04-30 10:00,256.0,6,1.0,1
2025-04-30 11:00,256.0,6,1.0,1
2025-04-30 12:00,256.0,6,1.0,1
2025-04-30 13:00,256.0,6,1.0,1
2025-04-30 14:00,256.0,6,1.0,1
2025-04-30 15:00,256.0,6,1.0,1
2025-04-30 16:00,256.0,6,1.0,1
2025-04-30 17:00,256.0,6,1.0,1
2025-04-30 18:00,256.0,6,1.0,1
2025-04-30 19:00,256.0,6,1.0,1
2025-04-30 20:00,256.0,6,1.0,1
2025-04-30 21:00,256.0,6,1.0,1
2025-04-30 22:00,256.0,6,1.0,1
2025-04-30 23:00,256.0,6,1.0,1
2025-05-01 00:00,256.0,6,1.0,1
2025-05-01 01:00,256.0,6,1.0,1
2025-05-01 02:00,256.0,6,1.0,1
2025-05-01 03:00,256.0,6,1.0,1
2025-05-01 04:00,256.0,6,1.0,1
2025-05-01 05:00,256.0,6,1.0,1
2025-05-01 06:00,256.0,6,1.0,1
2025-05-01 07:00,256.0,6,1.0,1
2025-05-01 08:00,256.0,6,1.0,1
2025-05-01 09:00,256.0,6,1.0,1
2025-05-01 10:00,256.0,6,1.0,1
2025-05-01 11:00,256.0,6,1.0,1
2025-05-01 12:00,256.0,6,1.0,1
2025-05-01 13:00,256.0,6,1.0,1
2025-05-01 14:00,256.0,6,1.0,1
2025-05-01 15:00,256.0,6,1.0,1
2025-05-01 16:00,256.0,6,1.0,1
2025-05-01 17:00,256.0,6,1.0,1
2025-05-01 18:00,256.0,6,1.0,1
2025-05-01 19:00,256.0,6,1.0,1
2025-05-01 20:00,256.0,6,1.0,1
2025-05-01 21:00,256.0,6,1.0,1
2025-05-01 22:00,256.0,6,1.0,1
2025-05-01 23:00,256.0,6,1.0,1
2025-05-02 00:00,256.0,6,1.0,1
2025-05-02 01:00,256.0,6,1.0,1
2025-05-02 02:00,256.0,6,1.0,1
2025-05-02 03:00,256.0,6,1.0,1
2025-05-02 04:00,256.0,6,1.0,1
2025-05-02 05:00,256.0,6,1.0,1
2025-05-02 06:00,256.0,6,1.0,1
2025-05-02 07:00,256.0,6,1.0,1
2025-05-02 08:00,256.0,6,1.0,1
2025-05-02 09:00,256.0,6,1.0,1
2025-05-02 10:00,256.0,6,1.0,1
2025-05-02 11:00,256.0,6,1.0,1
2025-05-02 12:00,256.0,6,1.0,1
2025-05-02 13:00,256.0,6,1.0,1
2025-05-02 14:00,256.0,6,1.0,1
2025-05-02 15:00,256.0,6,1.0,1
2025-05-02 16:00,256.0,6,1.0,1
2025-05-02 17:00,256.0,6,1.0,1
2025-05-02 18:00,256.0,6,1.0,1
2025-05-02 19:00,256.0,6,1.0,1
2025-05-02 20:00,256.0,6,1.0,1
2025-05-02 21:00,256.0,6,1.0,1
2025-05-02 22:00,256.0,6,1.0,1
2025-05-02 23:00,256.0,6,1.0,1
2025-05-03 00:00,256.0,6,1.0,1
2025-05-03 01:00,256.0,6,1.0,1
2025-05-03 02:00,256.0,6,1.0,1
2025-05-03 03:00,256.0,6,1.0,1
2025-05-03 04:00,256.0,6,1.0,1
2025-05-03 05:00,256.0,6,1.0,1
2025-05-03 06:00,256.0,6,1.0,1
2025-05-03 07:00,256.0,6,1.0,1
2025-05-03 08:00,256.0,6,1.0,1
2025-05-03 09:00,256.0,6,1.0,1
2025-05-03 10:00,256.0,6,1.0,1
2025-05-03 11:00,256.0,6,1.0,1
2025-05-03 12:00,256.0,6,1.0,1
2025-05-03 13:00,256.0,6,1.0,1
2025-05-03 14:00,256.0,6,1.0,1
2025-05-03 15:00,256.0,6,1.0,1
2025-05-03 16:00,256.0,6,1.0,1
2025-05-03 17:00,256.0,6,1.0,1
2025-05-03 18:00,256.0,6,1.0,1
2025-05-03 19:00,256.0,6,1.0,1
2025-05-03 20:00,256.0,6,1.0,1
2025-05-03 21:00,256.0,6,1.0,1
2025-05-03 22:00,256.0,6,1.0,1
2025-05-03 23:00,256.0,6,1.0,1
2025-05-04 00:00,256.0,6,1.0,1
2025-05-04 01:00,256.0,6,1.0,1
2025-05-04 02:00,256.0,6,1.0,1
2025-05-04 03:00,256.0,6,1.0,1
2025-05-04 04:00,256.0,6,1.0,1
2025-05-04 05:00,256.0,6,1.0,1
2025-05-04 06:00,256.0,6,1.0,1
2025-05-04 07:00,256.0,6,1.0,1
2025-05-04 08:00,256.0,6,1.0,1
2025-05-04 09:00,256.0,6,1.0,1
2025-05-04 10:00,256.0,6,1.0,1
2025-05-04 11:00,256.0,6,1.0,1
2025-05-04 12:00,256.0,6,1.0,1
2025-05-04 13:00,256.0,6,1.0,1
2025-05-04 14:00,256.0,6,1.0,1
2025-05-04 15:00,256.0,6,1.0,1
2025-05-04 16:00,256.0,6,1.0,1
2025-05-04 17:00,256.0,6,1.0,1
2025-05-04 18:00,256.0,6,1.0,1
2025-05-04 19:00,256.0,6,1.0,1
2025-05-04 20:00,256.0,6,1.0,1
2025-05-04 21:00,256.0,6,1.0,1
2025-05-04 22:00,256.0,6,1.0,1
2025-05-04 23:00,256.0,6,1.0,1
2025-05-05 00:00,256.0,6,1.0,1
2025-05-05 01:00,256.0,6,1.0,1
2025-05-05 02:00,256.0,6,1.0,1
2025-05-05 03:00,256.0,6,1.0,1
2025-05-05 04:00,256.0,6,1.0,1
2025-05-05 05:00,256.0,6,1.0,1
2025-05-05 06:00,256.0,6,1.0,1
2025-05-05 07:00,256.0,6,1.0,1
2025-05-05 08:00,256.0,6,1.0,1
2025-05-05 09:00,256.0,6,1.0,1
2025-05-05 10:00,256.0,6,1.0,1
2025-05-05 11:00,256.2,6,1.0,1
2025-05-05 12:00,256.2,6,1.0,1
2025-05-05 13:00,256.2,6,1.0,1
2025-05-05 14:00,256.2,6,1.0,1
2025-05-05 15:00,256.2,6,1.0,1
2025-05-05 16:00,256.2,6,1.0,1
2025-05-05 17:00,256.2,6,1.0,1
2025-05-05 18:00,256.2,6,1.0,1
2025-05-05 19:00,256.2,6,1.0,1
2025-05-05 20:00,256.2,6,1.0,1
2025-05-05 21:00,256.2,6,1.0,1
2025-05-05 22:00,256.2,6,1.0,1
2025-05-05 23:00,256.2,6,1.0,1
2025-05-06 00:00,256.2,6,1.0,1
2025-05-06 01:00,256.2,6,1.0,1
2025-05-06 02:00,256.2,6,1.0,1
2025-05-06 03:00,256.2,6,1.0,1
2025-05-06 04:00,256.2,6,1.0,1
2025-05-06 05:00,256.2,6,1.0,1
2025-05-06 06:00,256.2,6,1.0,1
2025-05-06 07:00,256.2,6,1.0,1
2025-05-06 08:00,256.2,6,1.0,1
2025-05-06 09:00,256.2,6,1.0,1
2025-05-06 10:00,256.2,6,1.0,1
2025-05-06 11:00,256.2,6,1.0,1
2025-05-06 12:00,256.2,6,1.0,1
2025-05-06 13:00,256.2,6,1.0,1
2025-05-06 14:00,256.2,6,1.0,1
2025-05-06 15:00,256.2,6,1.0,1
2025-05-06 16:00,256.2,6,1.0,1
2025-05-06 17:00,256.2,6,1.0,1
2025-05-06 18:00,256.2,6,1.0,1
2025-05-06 19:00,256.2,6,1.0,1
2025-05-06 20:00,256.2,6,1.0,1
2025-05-06 21:00,256.2,6,1.0,1
2025-05-06 22:00,256.2,6,1.0,1
2025-05-06 23:00,256.2,6,1.0,1
2025-05-07 00:00,256.2,6,1.0,1
2025-05-07 01:00,256.2,6,1.0,1
2025-05-07 02:00,256.2,6,1.0,1
2025-05-07 03:00,256.2,6,1.0,1
2025-05-07 04:00,256.2,6,1.0,1
2025-05-07 05:00,256.2,6,1.0,1
2025-05-07 06:00,256.2,6,1.0,1
2025-05-07 07:00,256.2,6,1.0,1
2025-05-07 08:00,256.2,6,1.0,1
2025-05-07 09:00,256.2,6,1.0,1
2025-05-07 10:00,256.2,6,1.0,1
2025-05-07 11:00,256.2,6,1.0,1
2025-05-07 12:00,256.2,6,1.0,1
2025-05-07 13:00,256.2,6,1.0,1
2025-05-07 14:00,256.2,6,1.0,1
2025-05-07 15:00,256.2,6,1.0,1
2025-05-07 16:00,256.2,6,1.0,1
2025-05-07 17:00,256.2,6,1.0,1
2025-05-07 18:00,256.2,6,1.0,1
2025-05-07 19:00,256.2,6,1.0,1
2025-05-07 20:00,256.2,6,1.0,1
2025-05-07 21:00,256.6,6,1.0,1
2025-05-07 22:00,256.6,6,1.0,1
2025-05-07 23:00,256.6,6,1.0,1
2025-05-08 00:00,256.6,6,1.0,1
2025-05-08 01:00,256.6,6,1.0,1
2025-05-08 02:00,256.6,6,1.0,1
2025-05-08 03:00,256.6,6,1.0,1
2025-05-08 04:00,256.6,6,1.0,1
2025-05-08 05:00,256.6,6,1.0,1
2025-05-08 06:00,256.6,6,1.0,1
2025-05-08 07:00,256.6,6,1.0,1
2025-05-08 08:00,256.6,6,1.0,1
2025-05-08 09:00,256.6,6,1.0,1
2025-05-08 10:00,256.6,6,1.0,1
2025-05-08 11:00,256.6,6,1.0,1
2025-05-08 12:00,256.6,6,1.0,1
2025-05-08 13:00,256.6,6,1.0,1
2025-05-08 14:00,256.6,6,1.0,1
2025-05-08 15:00,256.6,6,1.0,1
2025-05-08 16:00,256.6,6,1.0,1
2025-05-08 17:00,256.6,6,1.0,1
2025-05-08 18:00,256.6,6,1.0,1
2025-05-08 19:00,256.6,6,1.0,1
2025-05-08 20:00,256.6,6,1.0,1
2025-05-08 21:00,256.6,6,1.0,1
2025-05-08 22:00,256.6,6,1.0,1
2025-05-08 23:00,256.6,6,1.0,1
2025-05-09 00:00,256.6,6,1.0,1
2025-05-09 01:00,256.6,6,1.0,1
2025-05-09 02:00,256.6,6,1.0,1
2025-05-09 03:00,256.6,6,1.0,1
2025-05-09 04:00,256.6,6,1.0,1
2025-05-09 05:00,256.6,6,1.0,1
2025-05-09 06:00,256.6,6,1.0,1
2025-05-09 07:00,256.6,6,1.0,1
2025-05-09 08:00,256.6,6,1.0,1
2025-05-09 09:00,256.6,6,1.0,1
2025-05-09 10:00,256.6,6,1.0,1
2025-05-09 11:00,256.6,6,1.0,1
2025-05-09 12:00,256.6,6,1.0,1
2025-05-09 13:00,256.6,6,1.0,1
2025-05-09 14:00,256.6,6,1.0,1
2025-05-09 15:00,256.6,6,1.0,1
2025-05-09 16:00,256.6,6,1.0,1
2025-05-09 17:00,256.6,6,1.0,1
2025-05-09 18:00,256.6,6,1.0,1
2025-05-09 19:00,256.6,6,1.0,1
2025-05-09 20:00,256.6,6,1.0,1
2025-05-09 21:00,256.6,6,1.0,1
2025-05-09 22:00,256.6,6,1.0,1
2025-05-09 23:00,256.6,6,1.0,1
2025-05-10 00:00,256.6,6,1.0,1
2025-05-10 01:00,256.6,6,1.0,1
2025-05-10 02:00,256.6,6,1.0,1
2025-05-10 03:00,256.6,6,1.0,1
2025-05-10 04:00,256.6,6,1.0,1
2025-05-10 05:00,256.6,6,1.0,1
2025-05-10 06:00,256.6,6,1.0,1
2025-05-10 07:00,256.6,6,1.0,1
2025-05-10 08:00,256.6,6,1.0,1
2025-05-10 09:00,256.6,6,1.0,1
2025-05-10 10:00,256.6,6,1.0,1
2025-05-10 11:00,256.6,6,1.0,1
2025-05-10 12:00,256.6,6,1.0,1
2025-05-10 13:00,256.6,6,1.0,1
2025-05-10 14:00,256.6,6,1.0,1
2025-05-10 15:00,256.6,6,1.0,1
2025-05-10 16:00,256.6,6,1.0,1
2025-05-10 17:00,256.6,6,1.0,1
2025-05-10 18:00,256.6,6,1.0,1
2025-05-10 19:00,256.6,6,1.0,1
2025-05-10 20:00,256.6,6,1.0,1
2025-05-10 21:00,256.6,6,1.0,1
2025-05-10 22:00,256.6,6,1.0,1
2025-05-10 23:00,256.6,6,1.0,1
2025-05-11 00:00,256.6,6,1.0,1
2025-05-11 01:00,256.6,6,1.0,1
2025-05-11 02:00,256.6,6,1.0,1
2025-05-11 03:00,256.6,6,1.0,1
2025-05-11 04:00,256.6,6,1.0,1
2025-05-11 05:00,256.6,6,1.0,1
2025-05-11 06:00,256.6,6,1.0,1
2025-05-11 07:00,256.6,6,1.0,1
2025-05-11 08:00,256.6,6,1.0,1
2025-05-11 09:00,256.6,6,1.0,1
2025-05-11 10:00,256.6,6,1.0,1
2025-05-11 11:00,256.6,6,1.0,1
2025-05-11 12:00,257.0,6,1.0,1
2025-05-11 13:00,257.2,6,1.0,1
2025-05-11 14:00,257.4,6,1.0,1
2025-05-11 15:00,257.4,6,1.0,1
2025-05-11 16:00,257.4,6,1.0,1
2025-05-11 17:00,257.4,6,1.0,1
2025-05-11 18:00,257.4,6,1.0,1
2025-05-11 19:00,257.4,6,1.0,1
2025-05-11 20:00,257.4,6,1.0,1
2025-05-11 21:00,257.4,6,1.0,1
2025-05-11 22:00,257.4,6,1.0,1
2025-05-11 23:00,257.4,6,1.0,1
2025-05-12 00:00,257.4,6,1.0,1
2025-05-12 01:00,257.4,6,1.0,1
2025-05-12 02:00,257.4,6,1.0,1
2025-05-12 03:00,257.4,6,1.0,1
2025-05-12 04:00,257.4,6,1.0,1
2025-05-12 05:00,257.4,6,1.0,1
2025-05-12 06:00,257.4,6,1.0,1
2025-05-12 07:00,257.4,6,1.0,1
2025-05-12 08:00,257.4,6,1.0,1
2025-05-12 09:00,257.4,6,1.0,1
2025-05-12 10:00,257.4,6,1.0,1
2025-05-12 11:00,257.4,6,1.0,1
2025-05-12 12:00,257.4,6,1.0,1
2025-05-12 13:00,257.4,6,1.0,1
2025-05-12 14:00,257.4,6,1.0,1
2025-05-12 15:00,257.4,6,1.0,1
2025-05-12 16:00,257.4,6,1.0,1
2025-05-12 17:00,257.4,6,1.0,1
2025-05-12 18:00,257.4,6,1.0,1
2025-05-12 19:00,257.4,6,1.0,1
2025-05-12 20:00,257.4,6,1.0,1
2025-05-12 21:00,257.4,6,1.0,1
2025-05-12 22:00,257.4,6,1.0,1
2025-05-12 23:00,257.4,6,1.0,1
2025-05-13 00:00,257.4,6,1.0,1
2025-05-13 01:00,257.4,6,1.0,1
2025-05-13 02:00,257.4,6,1.0,1
2025-05-13 03:00,257.4,6,1.0,1
2025-05-13 04:00,257.4,6,1.0,1
2025-05-13 05:00,257.4,6,1.0,1
2025-05-13 06:00,257.4,6,1.0,1
2025-05-13 07:00,257.4,6,1.0,1
2025-05-13 08:00,257.4,6,1.0,1
2025-05-13 09:00,257.4,6,1.0,1
2025-05-13 10:00,257.4,6,1.0,1
2025-05-13 11:00,257.4,6,1.0,1
2025-05-13 12:00,257.4,6,1.0,1
2025-05-13 13:00,257.4,6,1.0,1
2025-05-13 14:00,257.4,6,1.0,1
2025-05-13 15:00,258.6,6,1.0,1
2025-05-13 16:00,259.0,6,1.0,1
2025-05-13 17:00,259.0,6,1.0,1
2025-05-13 18:00,259.0,6,1.0,1
2025-05-13 19:00,259.0,6,1.0,1
2025-05-13 20:00,259.0,6,1.0,1
2025-05-13 21:00,259.0,6,1.0,1
2025-05-13 22:00,259.0,6,1.0,1
2025-05-13 23:00,259.0,6,1.0,1
2025-05-14 00:00,259.0,6,1.0,1
2025-05-14 01:00,259.0,6,1.0,1
2025-05-14 02:00,259.0,6,1.0,1
2025-05-14 03:00,259.0,6,1.0,1
2025-05-14 04:00,259.0,6,1.0,1
2025-05-14 05:00,259.0,6,1.0,1
2025-05-14 06:00,259.0,6,1.0,1
2025-05-14 07:00,259.0,6,1.0,1
2025-05-14 08:00,259.0,6,1.0,1
2025-05-14 09:00,259.0,6,1.0,1
2025-05-14 10:00,259.0,6,1.0,1
2025-05-14 11:00,259.0,6,1.0,1
2025-05-14 12:00,259.0,6,1.0,1
2025-05-14 13:00,259.0,6,1.0,1
2025-05-14 14:00,259.0,6,1.0,1
2025-05-14 15:00,259.0,6,1.0,1
2025-05-14 16:00,259.0,6,1.0,1
2025-05-14 17:00,259.0,6,1.0,1
2025-05-14 18:00,259.0,6,1.0,1
2025-05-14 19:00,259.0,6,1.0,1
2025-05-14 20:00,259.0,6,1.0,1
2025-05-14 21:00,259.0,6,1.0,1
2025-05-14 22:00,259.0,6,1.0,1
2025-05-14 23:00,259.0,6,1.0,1
2025-05-15 00:00,259.0,6,1.0,1
2025-05-15 01:00,259.0,6,1.0,1
2025-05-15 02:00,259.0,6,1.0,1
2025-05-15 03:00,259.0,6,1.0,1
2025-05-15 04:00,259.0,6,1.0,1
2025-05-15 05:00,259.0,6,1.0,1
2025-05-15 06:00,259.0,6,1.0,1
2025-05-15 07:00,259.0,6,1.0,1
2025-05-15 08:00,259.0,6,1.0,1
2025-05-15 09:00,259.0,6,1.0,1
2025-05-15 10:00,259.0,6,1.0,1
2025-05-15 11:00,259.0,6,1.0,1
2025-05-15 12:00,259.0,6,1.0,1
2025-05-15 13:00,259.6,6,1.0,1
2025-05-15 14:00,260.2,6,1.0,1
2025-05-15 15:00,260.4,6,1.0,1
2025-05-15 16:00,260.4,6,1.0,1
2025-05-15 17:00,260.8,6,1.0,1
2025-05-15 18:00,261.0,6,1.0,1
2025-05-15 19:00,261.0,6,1.0,1
2025-05-15 20:00,261.0,6,1.0,1
2025-05-15 21:00,261.0,6,1.0,1
2025-05-15 22:00,261.0,6,1.0,1
2025-05-15 23:00,261.0,6,1.0,1
2025-05-16 00:00,261.0,6,1.0,1
2025-05-16 01:00,261.0,6,1.0,1
2025-05-16 02:00,261.0,6,1.0,1
2025-05-16 03:00,261.0,6,1.0,1
2025-05-16 04:00,261.0,6,1.0,1
2025-05-16 05:00,261.0,6,1.0,1
2025-05-16 06:00,261.0,6,1.0,1
2025-05-16 07:00,261.0,6,1.0,1
2025-05-16 08:00,261.0,6,1.0,1
2025-05-16 09:00,261.0,6,1.0,1
2025-05-16 10:00,261.0,6,1.0,1
2025-05-16 11:00,261.0,6,1.0,1
2025-05-16 12:00,261.0,6,1.0,1
2025-05-16 13:00,261.0,6,1.0,1
2025-05-16 14:00,261.0,6,1.0,1
2025-05-16 15:00,261.0,6,1.0,1
2025-05-16 16:00,261.0,6,1.0,1
2025-05-16 17:00,261.0,6,1.0,1
2025-05-16 18:00,261.0,6,1.0,1
2025-05-16 19:00,261.0,6,1.0,1
2025-05-16 20:00,261.0,6,1.0,1
2025-05-16 21:00,261.0,6,1.0,1
2025-05-16 22:00,261.0,6,1.0,1
2025-05-16 23:00,261.0,6,1.0,1
2025-05-17 00:00,261.0,6,1.0,1
2025-05-17 01:00,261.0,6,1.0,1
2025-05-17 02:00,261.0,6,1.0,1
2025-05-17 03:00,261.0,6,1.0,1
2025-05-17 04:00,261.0,6,1.0,1
2025-05-17 05:00,261.0,6,1.0,1
2025-05-17 06:00,261.0,6,1.0,1
2025-05-17 07:00,261.0,6,1.0,1
2025-05-17 08:00,261.0,6,1.0,1
2025-05-17 09:00,261.0,6,1.0,1
2025-05-17 10:00,261.0,6,1.0,1
2025-05-17 11:00,261.0,6,1.0,1
2025-05-17 12:00,261.0,6,1.0,1
2025-05-17 13:00,261.0,6,1.0,1
2025-05-17 14:00,261.0,6,1.0,1
2025-05-17 15:00,261.0,6,1.0,1
2025-05-17 16:00,261.0,6,1.0,1
2025-05-17 17:00,261.0,6,1.0,1
2025-05-17 18:00,261.0,6,1.0,1
2025-05-17 19:00,261.0,6,1.0,1
2025-05-17 20:00,261.0,6,1.0,1
2025-05-17 21:00,261.0,6,1.0,1
2025-05-17 22:00,261.0,6,1.0,1
2025-05-17 23:00,261.0,6,1.0,1
2025-05-18 00:00,261.0,6,1.0,1
2025-05-18 01:00,261.0,6,1.0,1
2025-05-18 02:00,261.0,6,1.0,1
2025-05-18 03:00,261.0,6,1.0,1
2025-05-18 04:00,263.0,6,1.0,1
2025-05-18 05:00,265.0,6,1.0,1
2025-05-18 06:00,265.0,6,1.0,1
2025-05-18 07:00,265.0,6,1.0,1
2025-05-18 08:00,265.0,6,1.0,1
2025-05-18 09:00,265.0,6,1.0,1
2025-05-18 10:00,265.0,6,1.0,1
2025-05-18 11:00,265.0,6,1.0,1
2025-05-18 12:00,265.0,6,1.0,1
2025-05-18 13:00,265.0,6,1.0,1
2025-05-18 14:00,265.0,6,1.0,1
2025-05-18 15:00,265.0,6,1.0,1
2025-05-18 16:00,265.0,6,1.0,1
2025-05-18 17:00,265.0,6,1.0,1
2025-05-18 18:00,265.0,6,1.0,1
2025-05-18 19:00,265.0,6,1.0,1
2025-05-18 20:00,265.0,6,1.0,1
2025-05-18 21:00,265.0,6,1.0,1
2025-05-18 22:00,265.0,6,1.0,1
2025-05-18 23:00,265.0,6,1.0,1
2025-05-19 00:00,265.0,6,1.0,1
2025-05-19 01:00,265.0,6,1.0,1
2025-05-19 02:00,265.0,6,1.0,1
2025-05-19 03:00,265.0,6,1.0,1
2025-05-19 04:00,265.0,6,1.0,1
2025-05-19 05:00,265.0,6,1.0,1
2025-05-19 06:00,265.0,6,1.0,1
2025-05-19 07:00,265.0,6,1.0,1
2025-05-19 08:00,265.0,6,1.0,1
2025-05-19 09:00,265.0,6,1.0,1
2025-05-19 10:00,265.0,6,1.0,1
2025-05-19 11:00,265.0,6,1.0,1
2025-05-19 12:00,265.0,6,1.0,1
2025-05-19 13:00,265.0,6,1.0,1
2025-05-19 14:00,265.0,6,1.0,1
2025-05-19 15:00,265.0,6,1.0,1
2025-05-19 16:00,265.0,6,1.0,1
2025-05-19 17:00,265.0,6,1.0,1
2025-05-19 18:00,265.0,6,1.0,1
2025-05-19 19:00,265.0,6,1.0,1
2025-05-19 20:00,265.0,6,1.0,1
2025-05-19 21:00,265.0,6,1.0,1
2025-05-19 22:00,265.0,6,1.0,1
2025-05-19 23:00,265.0,6,1.0,1
2025-05-20 00:00,265.0,6,1.0,1
2025-05-20 01:00,265.0,6,1.0,1
2025-05-20 02:00,265.0,6,1.0,1
2025-05-20 03:00,265.0,6,1.0,1
2025-05-20 04:00,265.0,6,1.0,1
2025-05-20 05:00,265.0,6,1.0,1
2025-05-20 06:00,265.0,6,1.0,1
2025-05-20 07:00,265.0,6,1.0,1
2025-05-20 08:00,265.0,6,1.0,1
2025-05-20 09:00,265.0,6,1.0,1
2025-05-20 10:00,265.0,6,1.0,1
2025-05-20 11:00,265.0,6,1.0,1
2025-05-20 12:00,265.0,6,1.0,1
2025-05-20 13:00,265.0,6,1.0,1
2025-05-20 14:00,265.0,6,1.0,1
2025-05-20 15:00,265.0,6,1.0,1
2025-05-20 16:00,265.0,6,1.0,1
2025-05-20 17:00,265.0,6,1.0,1
2025-05-20 18:00,265.0,6,1.0,1
2025-05-20 19:00,265.0,6,1.0,1
2025-05-20 20:00,265.0,6,1.0,1
2025-05-20 21:00,265.0,6,1.0,1
2025-05-20 22:00,265.0,6,1.0,1
2025-05-20 23:00,265.0,6,1.0,1
2025-05-21 00:00,265.0,6,1.0,1
2025-05-21 01:00,265.0,6,1.0,1
2025-05-21 02:00,265.0,6,1.0,1
2025-05-21 03:00,265.0,6,1.0,1
2025-05-21 04:00,265.0,6,1.0,1
2025-05-21 05:00,265.0,6,1.0,1
2025-05-21 06:00,265.0,6,1.0,1
2025-05-21 07:00,265.0,6,1.0,1
2025-05-21 08:00,265.0,6,1.0,1
2025-05-21 09:00,265.0,6,1.0,1
2025-05-21 10:00,265.0,6,1.0,1
2025-05-21 11:00,265.0,6,1.0,1
2025-05-21 12:00,265.0,6,1.0,1
2025-05-21 13:00,265.0,6,1.0,1
2025-05-21 14:00,270.6,6,1.0,1
2025-05-21 15:00,271.0,6,1.0,1
2025-05-21 16:00,271.0,6,1.0,1
2025-05-21 17:00,271.0,6,1.0,1
2025-05-21 18:00,271.0,6,1.0,1
2025-05-21 19:00,271.0,6,1.0,1
2025-05-21 20:00,271.0,6,1.0,1
2025-05-21 21:00,271.0,6,1.0,1
2025-05-21 22:00,271.0,6,1.0,1
2025-05-21 23:00,271.0,6,1.0,1
2025-05-22 00:00,271.0,6,1.0,1
2025-05-22 01:00,271.0,6,1.0,1
2025-05-22 02:00,271.0,6,1.0,1
2025-05-22 03:00,271.0,6,1.0,1
2025-05-22 04:00,271.0,6,1.0,1
2025-05-22 05:00,271.0,6,1.0,1
2025-05-22 06:00,271.0,6,1.0,1
2025-05-22 07:00,271.0,6,1.0,1
2025-05-22 08:00,271.0,6,1.0,1
2025-05-22 09:00,271.0,6,1.0,1
2025-05-22 10:00,271.0,6,1.0,1
2025-05-22 11:00,271.0,6,1.0,1
2025-05-22 12:00,271.0,6,1.0,1
2025-05-22 13:00,271.0,6,1.0,1
2025-05-22 14:00,271.0,6,1.0,1
2025-05-22 15:00,271.0,6,1.0,1
2025-05-22 16:00,271.0,6,1.0,1
2025-05-22 17:00,271.0,6,1.0,1
2025-05-22 18:00,271.0,6,1.0,1
2025-05-22 19:00,271.0,6,1.0,1
2025-05-22 20:00,271.0,6,1.0,1
2025-05-22 21:00,271.0,6,1.0,1
2025-05-22 22:00,271.0,6,1.0,1
2025-05-22 23:00,271.0,6,1.0,1
2025-05-23 00:00,271.0,6,1.0,1
2025-05-23 01:00,271.0,6,1.0,1
2025-05-23 02:00,271.0,6,1.0,1
2025-05-23 03:00,271.0,6,1.0,1
2025-05-23 04:00,271.0,6,1.0,1
2025-05-23 05:00,271.0,6,1.0,1
2025-05-23 06:00,271.0,6,1.0,1
2025-05-23 07:00,274.2,6,1.0,1
2025-05-23 08:00,274.2,6,1.0,1
2025-05-23 09:00,274.2,6,1.0,1
2025-05-23 10:00,274.2,6,1.0,1
2025-05-23 11:00,274.2,6,1.0,1
2025-05-23 12:00,274.2,6,1.0,1
2025-05-23 13:00,274.2,6,1.0,1
2025-05-23 14:00,274.2,6,1.0,1
2025-05-23 15:00,274.2,6,1.0,1
2025-05-23 16:00,274.2,6,1.0,1
2025-05-23 17:00,274.2,6,1.0,1
2025-05-23 18:00,274.2,6,1.0,1
2025-05-23 19:00,274.2,6,1.0,1
2025-05-23 20:00,274.2,6,1.0,1
2025-05-23 21:00,274.2,6,1.0,1
2025-05-23 22:00,274.2,6,1.0,1
2025-05-23 23:00,274.2,6,1.0,1
2025-05-24 00:00,274.2,6,1.0,1
2025-05-24 01:00,274.2,6,1.0,1
2025-05-24 02:00,274.2,6,1.0,1
2025-05-24 03:00,274.2,6,1.0,1
2025-05-24 04:00,274.2,6,1.0,1
2025-05-24 05:00,274.2,6,1.0,1
2025-05-24 06:00,274.2,6,1.0,1
2025-05-24 07:00,274.2,6,1.0,1
2025-05-24 08:00,274.2,6,1.0,1
2025-05-24 09:00,274.2,6,1.0,1
2025-05-24 10:00,274.2,6,1.0,1
2025-05-24 11:00,274.2,6,1.0,1
2025-05-24 12:00,274.2,6,1.0,1
2025-05-24 13:00,274.2,6,1.0,1
2025-05-24 14:00,274.2,6,1.0,1
2025-05-24 15:00,274.2,6,1.0,1
2025-05-24 16:00,274.2,6,1.0,1
2025-05-24 17:00,274.2,6,1.0,1
2025-05-24 18:00,274.2,6,1.0,1
2025-05-24 19:00,274.2,6,1.0,1
2025-05-24 20:00,274.2,6,1.0,1
2025-05-24 21:00,274.2,6,1.0,1
2025-05-24 22:00,274.2,6,1.0,1
2025-05-24 23:00,274.2,6,1.0,1
2025-05-25 00:00,274.2,6,1.0,1
2025-05-25 01:00,274.2,6,1.0,1
2025-05-25 02:00,274.2,6,1.0,1
2025-05-25 03:00,274.2,6,1.0,1
2025-05-25 04:00,274.2,6,1.0,1
2025-05-25 05:00,274.2,6,1.0,1
2025-05-25 06:00,274.2,6,1.0,1
2025-05-25 07:00,274.2,6,1.0,1
2025-05-25 08:00,274.2,6,1.0,1
2025-05-25 09:00,274.2,6,1.0,1
2025-05-25 10:00,274.2,6,1.0,1
2025-05-25 11:00,274.2,6,1.0,1
2025-05-25 12:00,274.2,6,1.0,1
2025-05-25 13:00,274.2,6,1.0,1
2025-05-25 14:00,274.2,6,1.0,1
2025-05-25 15:00,274.2,6,1.0,1
2025-05-25 16:00,274.2,6,1.0,1
2025-05-25 17:00,274.2,6,1.0,1
2025-05-25 18:00,274.2,6,1.0,1
2025-05-25 19:00,274.2,6,1.0,1
2025-05-25 20:00,274.2,6,1.0,1
2025-05-25 21:00,274.2,6,1.0,1
2025-05-25 22:00,274.2,6,1.0,1
2025-05-25 23:00,274.2,6,1.0,1
2025-05-26 00:00,274.2,6,1.0,1
2025-05-26 01:00,274.2,6,1.0,1
2025-05-26 02:00,274.2,6,1.0,1
2025-05-26 03:00,274.2,6,1.0,1
2025-05-26 04:00,274.2,6,1.0,1
2025-05-26 05:00,274.2,6,1.0,1
2025-05-26 06:00,274.2,6,1.0,1
2025-05-26 07:00,274.2,6,1.0,1
2025-05-26 08:00,274.2,6,1.0,1
2025-05-26 09:00,274.2,6,1.0,1
2025-05-26 10:00,274.2,6,1.0,1
2025-05-26 11:00,274.2,6,1.0,1
2025-05-26 12:00,274.2,6,1.0,1
2025-05-26 13:00,274.2,6,1.0,1
2025-05-26 14:00,274.2,6,1.0,1
2025-05-26 15:00,274.2,6,1.0,1
2025-05-26 16:00,274.2,6,1.0,1
2025-05-26 17:00,274.2,6,1.0,1
2025-05-26 18:00,274.2,6,1.0,1
2025-05-26 19:00,274.2,6,1.0,1
2025-05-26 20:00,274.2,6,1.0,1
2025-05-26 21:00,274.2,6,1.0,1
2025-05-26 22:00,274.2,6,1.0,1
2025-05-26 23:00,274.2,6,1.0,1
2025-05-27 00:00,274.2,6,1.0,1
2025-05-27 01:00,274.2,6,1.0,1
2025-05-27 02:00,274.2,6,1.0,1
2025-05-27 03:00,274.2,6,1.0,1
2025-05-27 04:00,274.2,6,1.0,1
2025-05-27 05:00,274.2,6,1.0,1
2025-05-27 06:00,274.2,6,1.0,1
2025-05-27 07:00,274.2,6,1.0,1
2025-05-27 08:00,274.2,6,1.0,1
2025-05-27 09:00,274.2,6,1.0,1
2025-05-27 10:00,274.2,6,1.0,1
2025-05-27 11:00,274.2,6,1.0,1
2025-05-27 12:00,274.2,6,1.0,1
2025-05-27 13:00,274.2,6,1.0,1
2025-05-27 14:00,274.2,6,1.0,1
2025-05-27 15:00,274.2,6,1.0,1
2025-05-27 16:00,274.2,6,1.0,1
2025-05-27 17:00,274.2,6,1.0,1
2025-05-27 18:00,274.2,6,1.0,1
2025-05-27 19:00,274.2,6,1.0,1
2025-05-27 20:00,274.2,6,1.0,1
2025-05-27 21:00,274.2,6,1.0,1
2025-05-27 22:00,274.2,6,1.0,1
2025-05-27 23:00,274.2,6,1.0,1
2025-05-28 00:00,274.2,6,1.0,1
2025-05-28 01:00,274.2,6,1.0,1
2025-05-28 02:00,274.2,6,1.0,1
2025-05-28 03:00,274.2,6,1.0,1
2025-05-28 04:00,274.2,6,1.0,1
2025-05-28 05:00,274.2,6,1.0,1
2025-05-28 06:00,274.2,6,1.0,1
2025-05-28 07:00,274.2,6,1.0,1
2025-05-28 08:00,274.2,6,1.0,1
2025-05-28 09:00,274.2,6,1.0,1
2025-05-28 10:00,274.2,6,1.0,1
2025-05-28 11:00,274.2,6,1.0,1
2025-05-28 12:00,274.2,6,1.0,1
2025-05-28 13:00,274.2,6,1.0,1
2025-05-28 14:00,274.2,6,1.0,1
2025-05-28 15:00,274.2,6,1.0,1
2025-05-28 16:00,274.2,6,1.0,1
2025-05-28 17:00,274.2,6,1.0,1
2025-05-28 18:00,274.2,6,1.0,1
2025-05-28 19:00,274.2,6,1.0,1
2025-05-28 20:00,274.2,6,1.0,1
2025-05-28 21:00,274.2,6,1.0,1
2025-05-28 22:00,274.2,6,1.0,1
2025-05-28 23:00,274.2,6,1.0,1
2025-05-29 00:00,274.2,6,1.0,1
2025-05-29 01:00,274.2,6,1.0,1
2025-05-29 02:00,274.2,6,1.0,1
2025-05-29 03:00,274.2,6,1.0,1
2025-05-29 04:00,274.2,6,1.0,1
2025-05-29 05:00,274.2,6,1.0,1
2025-05-29 06:00,274.2,6,1.0,1
2025-05-29 07:00,274.2,6,1.0,1
2025-05-29 08:00,274.2,6,1.0,1
2025-05-29 09:00,274.2,6,1.0,1
2025-05-29 10:00,274.2,6,1.0,1
2025-05-29 11:00,274.2,6,1.0,1
2025-05-29 12:00,274.2,6,1.0,1
2025-05-29 13:00,274.2,6,1.0,1
2025-05-29 14:00,274.2,6,1.0,1
2025-05-29 15:00,274.2,6,1.0,1
2025-05-29 16:00,274.2,6,1.0,1
2025-05-29 17:00,274.2,6,1.0,1
2025-05-29 18:00,274.2,6,1.0,1
2025-05-29 19:00,274.2,6,1.0,1
2025-05-29 20:00,274.2,6,1.0,1
2025-05-29 21:00,274.2,6,1.0,1
2025-05-29 22:00,274.2,6,1.0,1
2025-05-29 23:00,274.2,6,1.0,1
2025-05-30 00:00,274.2,6,1.0,1
2025-05-30 01:00,274.2,6,1.0,1
2025-05-30 02:00,274.2,6,1.0,1
2025-05-30 03:00,274.2,6,1.0,1
2025-05-30 04:00,274.2,6,1.0,1
2025-05-30 05:00,274.2,6,1.0,1
2025-05-30 06:00,274.2,6,1.0,1
2025-05-30 07:00,274.2,6,1.0,1
2025-05-30 08:00,274.2,6,1.0,1
2025-05-30 09:00,274.2,6,1.0,1
2025-05-30 10:00,274.2,6,1.0,1
2025-05-30 11:00,274.2,6,1.0,1
2025-05-30 12:00,274.2,6,1.0,1
2025-05-30 13:00,274.2,6,1.0,1
2025-05-30 14:00,274.2,6,1.0,1
2025-05-30 15:00,274.2,6,1.0,1
2025-05-30 16:00,274.2,6,1.0,1
2025-05-30 17:00,274.2,6,1.0,1
2025-05-30 18:00,274.2,6,1.0,1
2025-05-30 19:00,274.2,6,1.0,1
2025-05-30 20:00,274.2,6,1.0,1
2025-05-30 21:00,274.2,6,1.0,1
2025-05-30 22:00,274.2,6,1.0,1
2025-05-30 23:00,274.2,6,1.0,1
2025-05-31 00:00,274.2,6,1.0,1
2025-05-31 01:00,274.2,6,1.0,1
2025-05-31 02:00,274.2,6,1.0,1
2025-05-31 03:00,274.2,6,1.0,1
2025-05-31 04:00,274.2,6,1.0,1
2025-05-31 05:00,274.2,6,1.0,1
2025-05-31 06:00,274.2,6,1.0,1
2025-05-31 07:00,274.2,6,1.0,1
2025-05-31 08:00,274.2,6,1.0,1
2025-05-31 09:00,274.2,6,1.0,1
2025-05-31 10:00,274.2,6,1.0,1
2025-05-31 11:00,274.2,6,1.0,1
2025-05-31 12:00,274.2,6,1.0,1
2025-05-31 13:00,274.2,6,1.0,1
2025-05-31 14:00,274.2,6,1.0,1
2025-05-31 15:00,274.2,6,1.0,1
2025-05-31 16:00,274.2,6,1.0,1
2025-05-31 17:00,274.2,6,1.0,1
2025-05-31 18:00,274.2,6,1.0,1
2025-05-31 19:00,274.2,6,1.0,1
2025-05-31 20:00,274.2,6,1.0,1
2025-05-31 21:00,274.2,6,1.0,1
2025-05-31 22:00,274.2,6,1.0,1
2025-05-31 23:00,274.2,6,1.0,1
2025-06-01 00:00,274.2,6,1.0,1
2025-06-01 01:00,274.2,6,1.0,1
2025-06-01 02:00,274.2,6,1.0,1
2025-06-01 03:00,274.2,6,1.0,1
2025-06-01 04:00,274.2,6,1.0,1
2025-06-01 05:00,274.2,6,1.0,1
2025-06-01 06:00,274.2,6,1.0,1
2025-06-01 07:00,274.2,6,1.0,1
2025-06-01 08:00,274.2,6,1.0,1
2025-06-01 09:00,274.2,6,1.0,1
2025-06-01 10:00,274.2,6,1.0,1
2025-06-01 11:00,274.2,6,1.0,1
2025-06-01 12:00,274.2,6,1.0,1
2025-06-01 13:00,274.2,6,1.0,1
2025-06-01 14:00,274.2,6,1.0,1
2025-06-01 15:00,274.2,6,1.0,1
2025-06-01 16:00,274.2,6,1.0,1
2025-06-01 17:00,274.2,6,1.0,1
2025-06-01 18:00,274.2,6,1.0,1
2025-06-01 19:00,274.2,6,1.0,1
2025-06-01 20:00,274.2,6,1.0,1
2025-06-01 21:00,274.2,6,1.0,1
2025-06-01 22:00,274.2,6,1.0,1
2025-06-01 23:00,274.2,6,1.0,1
2025-06-02 00:00,274.2,6,1.0,1
2025-06-02 01:00,274.2,6,1.0,1
2025-06-02 02:00,274.2,6,1.0,1
2025-06-02 03:00,274.2,6,1.0,1
2025-06-02 04:00,274.2,6,1.0,1
2025-06-02 05:00,274.2,6,1.0,1
2025-06-02 06:00,274.2,6,1.0,1
2025-06-02 07:00,274.2,6,1.0,1
2025-06-02 08:00,274.2,6,1.0,1
2025-06-02 09:00,274.2,6,1.0,1
2025-06-02 10:00,274.2,6,1.0,1
2025-06-02 11:00,274.2,6,1.0,1
2025-06-02 12:00,274.2,6,1.0,1
2025-06-02 13:00,274.2,6,1.0,1
2025-06-02 14:00,274.2,6,1.0,1
2025-06-02 15:00,274.2,6,1.0,1
2025-06-02 16:00,274.2,6,1.0,1
2025-06-02 17:00,274.2,6,1.0,1
2025-06-02 18:00,274.2,6,1.0,1
2025-06-02 19:00,274.2,6,1.0,1
2025-06-02 20:00,274.2,6,1.0,1
2025-06-02 21:00,274.2,6,1.0,1
2025-06-02 22:00,274.2,6,1.0,1
2025-06-02 23:00,274.2,6,1.0,1
2025-06-03 00:00,274.2,6,1.0,1
2025-06-03 01:00,274.2,6,1.0,1
2025-06-03 02:00,274.2,6,1.0,1
2025-06-03 03:00,274.2,6,1.0,1
2025-06-03 04:00,274.2,6,1.0,1
2025-06-03 05:00,274.2,6,1.0,1
2025-06-03 06:00,274.2,6,1.0,1
2025-06-03 07:00,274.2,6,1.0,1
2025-06-03 08:00,274.2,6,1.0,1
2025-06-03 09:00,274.2,6,1.0,1
2025-06-03 10:00,274.2,6,1.0,1
2025-06-03 11:00,274.2,6,1.0,1
2025-06-03 12:00,274.2,6,1.0,1
2025-06-03 13:00,274.2,6,1.0,1
2025-06-03 14:00,274.2,6,1.0,1
2025-06-03 15:00,274.2,6,1.0,1
2025-06-03 16:00,274.2,6,1.0,1
2025-06-03 17:00,274.2,6,1.0,1
2025-06-03 18:00,274.2,6,1.0,1
2025-06-03 19:00,274.2,6,1.0,1
2025-06-03 20:00,274.2,6,1.0,1
2025-06-03 21:00,274.2,6,1.0,1
2025-06-03 22:00,274.2,6,1.0,1
2025-06-03 23:00,274.2,6,1.0,1
2025-06-04 00:00,274.2,6,1.0,1
2025-06-04 01:00,274.2,6,1.0,1
2025-06-04 02:00,274.2,6,1.0,1
2025-06-04 03:00,274.2,6,1.0,1
2025-06-04 04:00,274.2,6,1.0,1
2025-06-04 05:00,274.2,6,1.0,1
2025-06-04 06:00,274.2,6,1.0,1
2025-06-04 07:00,274.2,6,1.0,1
2025-06-04 08:00,274.2,6,1.0,1
2025-06-04 09:00,274.2,6,1.0,1
2025-06-04 10:00,274.2,6,1.0,1
2025-06-04 11:00,274.2,6,1.0,1
2025-06-04 12:00,274.2,6,1.0,1
2025-06-04 13:00,274.2,6,1.0,1
2025-06-04 14:00,274.2,6,1.0,1
2025-06-04 15:00,274.2,6,1.0,1
2025-06-04 16:00,274.2,6,1.0,1
2025-06-04 17:00,274.2,6,1.0,1
2025-06-04 18:00,274.2,6,1.0,1
2025-06-04 19:00,274.2,6,1.0,1
2025-06-04 20:00,274.2,6,1.0,1
2025-06-04 21:00,274.2,6,1.0,1
2025-06-04 22:00,274.2,6,1.0,1
2025-06-04 23:00,274.2,6,1.0,1
2025-06-05 00:00,274.2,6,1.0,1
2025-06-05 01:00,274.2,6,1.0,1
2025-06-05 02:00,274.2,6,1.0,1
2025-06-05 03:00,274.2,6,1.0,1
2025-06-05 04:00,274.2,6,1.0,1
2025-06-05 05:00,274.2,6,1.0,1
2025-06-05 06:00,274.2,6,1.0,1
2025-06-05 07:00,274.2,6,1.0,1
2025-06-05 08:00,274.2,6,1.0,1
2025-06-05 09:00,274.2,6,1.0,1
2025-06-05 10:00,274.2,6,1.0,1
2025-06-05 11:00,274.2,6,1.0,1
2025-06-05 12:00,274.2,6,1.0,1
2025-06-05 13:00,274.2,6,1.0,1
2025-06-05 14:00,274.2,6,1.0,1
2025-06-05 15:00,274.2,6,1.0,1
2025-06-05 16:00,274.2,6,1.0,1
2025-06-05 17:00,274.2,6,1.0,1
2025-06-05 18:00,274.2,6,1.0,1
2025-06-05 19:00,274.2,6,1.0,1
2025-06-05 20:00,274.2,6,1.0,1
2025-06-05 21:00,274.2,6,1.0,1
2025-06-05 22:00,274.2,6,1.0,1
2025-06-05 23:00,274.2,6,1.0,1
2025-06-06 00:00,274.2,6,1.0,1
2025-06-06 01:00,274.2,6,1.0,1
2025-06-06 02:00,274.2,6,1.0,1
2025-06-06 03:00,274.2,6,1.0,1
2025-06-06 04:00,274.2,6,1.0,1
2025-06-06 05:00,274.2,6,1.0,1
2025-06-06 06:00,274.2,6,1.0,1
2025-06-06 07:00,274.2,6,1.0,1
2025-06-06 08:00,274.2,6,1.0,1
2025-06-06 09:00,274.2,6,1.0,1
2025-06-06 10:00,274.2,6,1.0,1
2025-06-06 11:00,274.2,6,1.0,1
2025-06-06 12:00,274.2,6,1.0,1
2025-06-06 13:00,274.2,6,1.0,1
2025-06-06 14:00,274.2,6,1.0,1
2025-06-06 15:00,274.2,6,1.0,1
2025-06-06 16:00,274.2,6,1.0,1
2025-06-06 17:00,274.2,6,1.0,1
2025-06-06 18:00,274.2,6,1.0,1
2025-06-06 19:00,274.2,6,1.0,1
2025-06-06 20:00,274.2,6,1.0,1
2025-06-06 21:00,274.2,6,1.0,1
2025-06-06 22:00,274.2,6,1.0,1
2025-06-06 23:00,274.2,6,1.0,1
2025-06-07 00:00,274.2,6,1.0,1
2025-06-07 01:00,274.2,6,1.0,1
2025-06-07 02:00,274.2,6,1.0,1
2025-06-07 03:00,274.2,6,1.0,1
2025-06-07 04:00,274.2,6,1.0,1
2025-06-07 05:00,274.2,6,1.0,1
2025-06-07 06:00,274.2,6,1.0,1
2025-06-07 07:00,274.2,6,1.0,1
2025-06-07 08:00,274.2,6,1.0,1
2025-06-07 09:00,274.2,6,1.0,1
2025-06-07 10:00,274.2,6,1.0,1
2025-06-07 11:00,274.2,6,1.0,1
2025-06-07 12:00,274.2,6,1.0,1
2025-06-07 13:00,274.2,6,1.0,1
2025-06-07 14:00,274.2,6,1.0,1
2025-06-07 15:00,274.2,6,1.0,1
2025-06-07 16:00,274.2,6,1.0,1
2025-06-07 17:00,274.2,6,1.0,1
2025-06-07 18:00,274.2,6,1.0,1
2025-06-07 19:00,274.2,6,1.0,1
2025-06-07 20:00,274.2,6,1.0,1
2025-06-07 21:00,274.2,6,1.0,1
2025-06-07 22:00,274.2,6,1.0,1
2025-06-07 23:00,274.2,6,1.0,1
2025-06-08 00:00,274.2,6,1.0,1
2025-06-08 01:00,274.2,6,1.0,1
2025-06-08 02:00,274.2,6,1.0,1
2025-06-08 03:00,274.2,6,1.0,1
2025-06-08 04:00,274.2,6,1.0,1
2025-06-08 05:00,274.2,6,1.0,1
2025-06-08 06:00,274.2,6,1.0,1
2025-06-08 07:00,274.2,6,1.0,1
2025-06-08 08:00,274.2,6,1.0,1
2025-06-08 09:00,274.2,6,1.0,1
2025-06-08 10:00,274.2,6,1.0,1
2025-06-08 11:00,274.2,6,1.0,1
2025-06-08 12:00,274.2,6,1.0,1
2025-06-08 13:00,274.2,6,1.0,1
2025-06-08 14:00,274.2,6,1.0,1
2025-06-08 15:00,274.2,6,1.0,1
2025-06-08 16:00,274.2,6,1.0,1
2025-06-08 17:00,274.2,6,1.0,1
2025-06-08 18:00,274.2,6,1.0,1
2025-06-08 19:00,274.2,6,1.0,1
2025-06-08 20:00,274.2,6,1.0,1
2025-06-08 21:00,274.2,6,1.0,1
2025-06-08 22:00,274.2,6,1.0,1
2025-06-08 23:00,274.2,6,1.0,1
2025-06-09 00:00,274.2,6,1.0,1
2025-06-09 01:00,274.2,6,1.0,1
2025-06-09 02:00,274.2,6,1.0,1
2025-06-09 03:00,274.2,6,1.0,1
2025-06-09 04:00,274.2,6,1.0,1
2025-06-09 05:00,274.2,6,1.0,1
2025-06-09 06:00,274.2,6,1.0,1
2025-06-09 07:00,274.2,6,1.0,1
2025-06-09 08:00,274.2,6,1.0,1
2025-06-09 09:00,274.2,6,1.0,1
2025-06-09 10:00,274.2,6,1.0,1
2025-06-09 11:00,274.2,6,1.0,1
2025-06-09 12:00,274.2,6,1.0,1
2025-06-09 13:00,274.2,6,1.0,1
2025-06-09 14:00,274.2,6,1.0,1
2025-06-09 15:00,274.2,6,1.0,1
2025-06-09 16:00,274.2,6,1.0,1
2025-06-09 17:00,274.2,6,1.0,1
2025-06-09 18:00,274.2,6,1.0,1
2025-06-09 19:00,274.2,6,1.0,1
2025-06-09 20:00,274.2,6,1.0,1
2025-06-09 21:00,274.2,6,1.0,1
2025-06-09 22:00,274.2,6,1.0,1
2025-06-09 23:00,274.2,6,1.0,1
2025-06-10 00:00,274.2,6,1.0,1
2025-06-10 01:00,274.2,6,1.0,1
2025-06-10 02:00,274.2,6,1.0,1
2025-06-10 03:00,274.2,6,1.0,1
2025-06-10 04:00,274.2,6,1.0,1
2025-06-10 05:00,274.2,6,1.0,1
2025-06-10 06:00,274.2,6,1.0,1
2025-06-10 07:00,274.2,6,1.0,1
2025-06-10 08:00,274.2,6,1.0,1
2025-06-10 09:00,274.2,6,1.0,1
2025-06-10 10:00,274.2,6,1.0,1
2025-06-10 11:00,274.2,6,1.0,1
2025-06-10 12:00,274.2,6,1.0,1
2025-06-10 13:00,274.2,6,1.0,1
2025-06-10 14:00,274.2,6,1.0,1
2025-06-10 15:00,274.2,6,1.0,1
2025-06-10 16:00,274.2,6,1.0,1
2025-06-10 17:00,274.2,6,1.0,1
2025-06-10 18:00,274.2,6,1.0,1
2025-06-10 19:00,274.2,6,1.0,1
2025-06-10 20:00,274.2,6,1.0,1
2025-06-10 21:00,274.2,6,1.0,1
2025-06-10 22:00,274.2,6,1.0,1
2025-06-10 23:00,274.2,6,1.0,1
2025-06-11 00:00,274.2,6,1.0,1
2025-06-11 01:00,274.2,6,1.0,1
2025-06-11 02:00,274.2,6,1.0,1
2025-06-11 03:00,274.2,6,1.0,1
2025-06-11 04:00,274.2,6,1.0,1
2025-06-11 05:00,274.2,6,1.0,1
2025-06-11 06:00,274.2,6,1.0,1
2025-06-11 07:00,274.2,6,1.0,1
2025-06-11 08:00,274.2,6,1.0,1
2025-06-11 09:00,274.2,6,1.0,1
2025-06-11 10:00,274.2,6,1.0,1
2025-06-11 11:00,274.2,6,1.0,1
2025-06-11 12:00,274.2,6,1.0,1
2025-06-11 13:00,274.2,6,1.0,1
2025-06-11 14:00,274.2,6,1.0,1
2025-06-11 15:00,274.2,6,1.0,1
2025-06-11 16:00,274.2,6,1.0,1
2025-06-11 17:00,274.2,6,1.0,1
2025-06-11 18:00,274.2,6,1.0,1
2025-06-11 19:00,274.2,6,1.0,1
2025-06-11 20:00,274.2,6,1.0,1
2025-06-11 21:00,274.2,6,1.0,1
2025-06-11 22:00,274.2,6,1.0,1
2025-06-11 23:00,274.2,6,1.0,1
2025-06-12 00:00,274.2,6,1.0,1
2025-06-12 01:00,274.2,6,1.0,1
2025-06-12 02:00,274.2,6,1.0,1
2025-06-12 03:00,274.2,6,1.0,1
2025-06-12 04:00,274.2,6,1.0,1
2025-06-12 05:00,274.2,6,1.0,1
2025-06-12 06:00,274.2,6,1.0,1
2025-06-12 07:00,274.2,6,1.0,1
2025-06-12 08:00,274.2,6,1.0,1
2025-06-12 09:00,274.2,6,1.0,1
2025-06-12 10:00,274.2,6,1.0,1
2025-06-12 11:00,274.2,6,1.0,1
2025-06-12 12:00,274.2,6,1.0,1
2025-06-12 13:00,274.2,6,1.0,1
2025-06-12 14:00,274.2,6,1.0,1
2025-06-12 15:00,274.2,6,1.0,1
2025-06-12 16:00,274.2,6,1.0,1
2025-06-12 17:00,274.2,6,1.0,1
2025-06-12 18:00,274.2,6,1.0,1
2025-06-12 19:00,274.2,6,1.0,1
2025-06-12 20:00,274.2,6,1.0,1
2025-06-12 21:00,274.2,6,1.0,1
2025-06-12 22:00,274.2,6,1.0,1
2025-06-12 23:00,274.2,6,1.0,1
2025-06-13 00:00,274.2,6,1.0,1
2025-06-13 01:00,274.2,6,1.0,1
2025-06-13 02:00,274.2,6,1.0,1
2025-06-13 03:00,274.2,6,1.0,1
2025-06-13 04:00,274.2,6,1.0,1
2025-06-13 05:00,274.2,6,1.0,1
2025-06-13 06:00,274.2,6,1.0,1
2025-06-13 07:00,274.2,6,1.0,1
2025-06-13 08:00,274.2,6,1.0,1
2025-06-13 09:00,274.2,6,1.0,1
2025-06-13 10:00,274.2,6,1.0,1
2025-06-13 11:00,274.2,6,1.0,1
2025-06-13 12:00,274.2,6,1.0,1
2025-06-13 13:00,274.2,6,1.0,1
2025-06-13 14:00,274.2,6,1.0,1
2025-06-13 15:00,274.2,6,1.0,1
2025-06-13 16:00,274.2,6,1.0,1
2025-06-13 17:00,274.2,6,1.0,1
2025-06-13 18:00,274.2,6,1.0,1
2025-06-13 19:00,274.2,6,1.0,1
2025-06-13 20:00,274.2,6,1.0,1
2025-06-13 21:00,274.2,6,1.0,1
2025-06-13 22:00,274.2,6,1.0,1
2025-06-13 23:00,274.2,6,1.0,1
2025-06-14 00:00,274.2,6,1.0,1
2025-06-14 01:00,274.2,6,1.0,1
2025-06-14 02:00,274.2,6,1.0,1
2025-06-14 03:00,274.2,6,1.0,1
2025-06-14 04:00,274.2,6,1.0,1
2025-06-14 05:00,274.2,6,1.0,1
2025-06-14 06:00,274.2,6,1.0,1
2025-06-14 07:00,274.2,6,1.0,1
2025-06-14 08:00,274.2,6,1.0,1
2025-06-14 09:00,274.2,6,1.0,1
2025-06-14 10:00,274.2,6,1.0,1
2025-06-14 11:00,274.2,6,1.0,1
2025-06-14 12:00,274.2,6,1.0,1
2025-06-14 13:00,274.2,6,1.0,1
2025-06-14 14:00,274.2,6,1.0,1
2025-06-14 15:00,274.2,6,1.0,1
2025-06-14 16:00,274.2,6,1.0,1
2025-06-14 17:00,274.2,6,1.0,1
2025-06-14 18:00,274.2,6,1.0,1
2025-06-14 19:00,274.2,6,1.0,1
2025-06-14 20:00,274.2,6,1.0,1
2025-06-14 21:00,274.2,6,1.0,1
2025-06-14 22:00,274.2,6,1.0,1
2025-06-14 23:00,274.2,6,1.0,1
2025-06-15 00:00,274.2,6,1.0,1
2025-06-15 01:00,274.2,6,1.0,1
2025-06-15 02:00,274.2,6,1.0,1
2025-06-15 03:00,274.2,6,1.0,1
2025-06-15 04:00,274.2,6,1.0,1
2025-06-15 05:00,274.2,6,1.0,1
2025-06-15 06:00,274.2,6,1.0,1
2025-06-15 07:00,274.2,6,1.0,1
2025-06-15 08:00,274.2,6,1.0,1
2025-06-15 09:00,274.2,6,1.0,1
2025-06-15 10:00,274.2,6,1.0,1
2025-06-15 11:00,274.2,6,1.0,1
2025-06-15 12:00,274.2,6,1.0,1
2025-06-15 13:00,274.2,6,1.0,1
2025-06-15 14:00,274.2,6,1.0,1
2025-06-15 15:00,274.2,6,1.0,1
2025-06-15 16:00,274.2,6,1.0,1
2025-06-15 17:00,274.2,6,1.0,1
2025-06-15 18:00,274.2,6,1.0,1
2025-06-15 19:00,274.2,6,1.0,1
2025-06-15 20:00,274.2,6,1.0,1
2025-06-15 21:00,274.2,6,1.0,1
2025-06-15 22:00,274.2,6,1.0,1
2025-06-15 23:00,274.2,6,1.0,1
2025-06-16 00:00,274.2,6,1.0,1
2025-06-16 01:00,274.2,6,1.0,1
2025-06-16 02:00,274.2,6,1.0,1
2025-06-16 03:00,274.2,6,1.0,1
2025-06-16 04:00,274.2,6,1.0,1
2025-06-16 05:00,274.2,6,1.0,1
2025-06-16 06:00,274.2,6,1.0,1
2025-06-16 07:00,274.2,6,1.0,1
2025-06-16 08:00,274.2,6,1.0,1
2025-06-16 09:00,274.2,6,1.0,1
2025-06-16 10:00,274.2,6,1.0,1
2025-06-16 11:00,274.2,6,1.0,1
2025-06-16 12:00,274.2,6,1.0,1
2025-06-16 13:00,274.2,6,1.0,1
2025-06-16 14:00,274.2,6,1.0,1
2025-06-16 15:00,274.2,6,1.0,1
2025-06-16 16:00,274.2,6,1.0,1
2025-06-16 17:00,274.2,6,1.0,1
2025-06-16 18:00,274.2,6,1.0,1
2025-06-16 19:00,274.2,6,1.0,1
2025-06-16 20:00,274.2,6,1.0,1
2025-06-16 21:00,274.2,6,1.0,1
2025-06-16 22:00,274.2,6,1.0,1
2025-06-16 23:00,274.2,6,1.0,1
2025-06-17 00:00,274.2,6,1.0,1
2025-06-17 01:00,274.2,6,1.0,1
2025-06-17 02:00,274.2,6,1.0,1
2025-06-17 03:00,274.2,6,1.0,1
2025-06-17 04:00,274.2,6,1.0,1
2025-06-17 05:00,274.2,6,1.0,1
2025-06-17 06:00,274.2,6,1.0,1
2025-06-17 07:00,274.2,6,1.0,1
2025-06-17 08:00,274.2,6,1.0,1
2025-06-17 09:00,274.2,6,1.0,1
2025-06-17 10:00,274.2,6,1.0,1
2025-06-17 11:00,274.2,6,1.0,1
2025-06-17 12:00,274.2,6,1.0,1
2025-06-17 13:00,274.2,6,1.0,1
2025-06-17 14:00,274.2,6,1.0,1
2025-06-17 15:00,274.2,6,1.0,1
2025-06-17 16:00,274.2,6,1.0,1
2025-06-17 17:00,274.2,6,1.0,1
2025-06-17 18:00,274.2,6,1.0,1
2025-06-17 19:00,274.2,6,1.0,1
2025-06-17 20:00,274.2,6,1.0,1
2025-06-17 21:00,274.2,6,1.0,1
2025-06-17 22:00,274.2,6,1.0,1
2025-06-17 23:00,274.2,6,1.0,1
2025-06-18 00:00,274.2,6,1.0,1
2025-06-18 01:00,274.2,6,1.0,1
2025-06-18 02:00,274.2,6,1.0,1
2025-06-18 03:00,274.2,6,1.0,1
2025-06-18 04:00,274.2,6,1.0,1
2025-06-18 05:00,274.2,6,1.0,1
2025-06-18 06:00,277.4,6,1.0,1
2025-06-18 07:00,280.4,6,1.0,1
2025-06-18 08:00,283.2,6,1.0,1
2025-06-18 09:00,289.0,6,1.0,1
2025-06-18 10:00,290.2,6,1.0,1
2025-06-18 11:00,290.2,6,1.0,1
2025-06-18 12:00,290.2,6,1.0,1
2025-06-18 13:00,290.2,6,1.0,1
2025-06-18 14:00,290.2,6,1.0,1
2025-06-18 15:00,290.2,6,1.0,1
2025-06-18 16:00,290.2,6,1.0,1
2025-06-18 17:00,290.2,6,1.0,1
2025-06-18 18:00,290.2,6,1.0,1
2025-06-18 19:00,290.2,6,1.0,1
2025-06-18 20:00,290.2,6,1.0,1
2025-06-18 21:00,290.2,6,1.0,1
2025-06-18 22:00,290.2,6,1.0,1
2025-06-18 23:00,290.2,6,1.0,1
2025-06-19 00:00,290.2,6,1.0,1
2025-06-19 01:00,290.2,6,1.0,1
2025-06-19 02:00,290.2,6,1.0,1
2025-06-19 03:00,290.2,6,1.0,1
2025-06-19 04:00,290.2,6,1.0,1
2025-06-19 05:00,290.2,6,1.0,1
2025-06-19 06:00,290.2,6,1.0,1
2025-06-19 07:00,290.2,6,1.0,1
2025-06-19 08:00,290.2,6,1.0,1
2025-06-19 09:00,290.2,6,1.0,1
2025-06-19 10:00,290.2,6,1.0,1
2025-06-19 11:00,290.2,6,1.0,1
2025-06-19 12:00,290.2,6,1.0,1
2025-06-19 13:00,290.2,6,1.0,1
2025-06-19 14:00,290.2,6,1.0,1
2025-06-19 15:00,290.2,6,1.0,1
2025-06-19 16:00,290.2,6,1.0,1
2025-06-19 17:00,290.2,6,1.0,1
2025-06-19 18:00,290.2,6,1.0,1
2025-06-19 19:00,290.2,6,1.0,1
2025-06-19 20:00,290.2,6,1.0,1
2025-06-19 21:00,290.2,6,1.0,1
2025-06-19 22:00,290.2,6,1.0,1
2025-06-19 23:00,290.2,6,1.0,1
2025-06-20 00:00,290.2,6,1.0,1
2025-06-20 01:00,290.2,6,1.0,1
2025-06-20 02:00,290.2,6,1.0,1
2025-06-20 03:00,290.2,6,1.0,1
2025-06-20 04:00,290.2,6,1.0,1
2025-06-20 05:00,290.2,6,1.0,1
2025-06-20 06:00,290.2,6,1.0,1
2025-06-20 07:00,290.2,6,1.0,1
2025-06-20 08:00,290.2,6,1.0,1
2025-06-20 09:00,290.2,6,1.0,1
2025-06-20 10:00,290.2,6,1.0,1
2025-06-20 11:00,290.2,6,1.0,1
2025-06-20 12:00,290.2,6,1.0,1
2025-06-20 13:00,290.2,6,1.0,1
2025-06-20 14:00,290.2,6,1.0,1
2025-06-20 15:00,290.2,6,1.0,1
2025-06-20 16:00,290.2,6,1.0,1
2025-06-20 17:00,290.2,6,1.0,1
2025-06-20 18:00,290.2,6,1.0,1
2025-06-20 19:00,290.2,6,1.0,1
2025-06-20 20:00,290.2,6,1.0,1
2025-06-20 21:00,290.2,6,1.0,1
2025-06-20 22:00,290.2,6,1.0,1
2025-06-20 23:00,290.2,6,1.0,1
2025-06-21 00:00,290.2,6,1.0,1
2025-06-21 01:00,290.2,6,1.0,1
2025-06-21 02:00,290.2,6,1.0,1
2025-06-21 03:00,290.2,6,1.0,1
2025-06-21 04:00,290.2,6,1.0,1
2025-06-21 05:00,290.2,6,1.0,1
2025-06-21 06:00,290.2,6,1.0,1
2025-06-21 07:00,290.2,6,1.0,1
2025-06-21 08:00,290.2,6,1.0,1
2025-06-21 09:00,290.2,6,1.0,1
2025-06-21 10:00,290.2,6,1.0,1
2025-06-21 11:00,290.2,6,1.0,1
2025-06-21 12:00,290.2,6,1.0,1
2025-06-21 13:00,290.2,6,1.0,1
2025-06-21 14:00,290.4,6,1.0,1
2025-06-21 15:00,290.4,6,1.0,1
2025-06-21 16:00,290.4,6,1.0,1
2025-06-21 17:00,290.4,6,1.0,1
2025-06-21 18:00,290.4,6,1.0,1
2025-06-21 19:00,290.4,6,1.0,1
2025-06-21 20:00,290.4,6,1.0,1
2025-06-21 21:00,290.4,6,1.0,1
2025-06-21 22:00,290.4,6,1.0,1
2025-06-21 23:00,290.4,6,1.0,1
2025-06-22 00:00,290.4,6,1.0,1
2025-06-22 01:00,290.4,6,1.0,1
2025-06-22 02:00,290.4,6,1.0,1
2025-06-22 03:00,290.4,6,1.0,1
2025-06-22 04:00,290.4,6,1.0,1
2025-06-22 05:00,290.4,6,1.0,1
2025-06-22 06:00,290.4,6,1.0,1
2025-06-22 07:00,290.4,6,1.0,1
2025-06-22 08:00,290.4,6,1.0,1
2025-06-22 09:00,290.4,6,1.0,1
2025-06-22 10:00,290.4,6,1.0,1
2025-06-22 11:00,290.4,6,1.0,1
2025-06-22 12:00,290.4,6,1.0,1
2025-06-22 13:00,290.4,6,1.0,1
2025-06-22 14:00,290.4,6,1.0,1
2025-06-22 15:00,290.4,6,1.0,1
2025-06-22 16:00,290.4,6,1.0,1
2025-06-22 17:00,290.4,6,1.0,1
2025-06-22 18:00,290.4,6,1.0,1
2025-06-22 19:00,290.4,6,1.0,1
2025-06-22 20:00,290.4,6,1.0,1
2025-06-22 21:00,290.4,6,1.0,1
2025-06-22 22:00,290.4,6,1.0,1
2025-06-22 23:00,290.4,6,1.0,1
2025-06-23 00:00,290.4,6,1.0,1
2025-06-23 01:00,290.4,6,1.0,1
2025-06-23 02:00,290.4,6,1.0,1
2025-06-23 03:00,290.4,6,1.0,1
2025-06-23 04:00,290.4,6,1.0,1
2025-06-23 05:00,290.4,6,1.0,1
2025-06-23 06:00,290.4,6,1.0,1
2025-06-23 07:00,290.4,6,1.0,1
2025-06-23 08:00,290.4,6,1.0,1
2025-06-23 09:00,290.4,6,1.0,1
2025-06-23 10:00,290.4,6,1.0,1
2025-06-23 11:00,290.4,6,1.0,1
2025-06-23 12:00,290.4,6,1.0,1
2025-06-23 13:00,290.4,6,1.0,1
2025-06-23 14:00,290.4,6,1.0,1
2025-06-23 15:00,290.4,6,1.0,1
2025-06-23 16:00,290.4,6,1.0,1
2025-06-23 17:00,290.4,6,1.0,1
2025-06-23 18:00,290.4,6,1.0,1
2025-06-23 19:00,290.4,6,1.0,1
2025-06-23 20:00,290.4,6,1.0,1
2025-06-23 21:00,290.4,6,1.0,1
2025-06-23 22:00,290.4,6,1.0,1
2025-06-23 23:00,290.4,6,1.0,1
2025-06-24 00:00,290.4,6,1.0,1
2025-06-24 01:00,290.4,6,1.0,1
2025-06-24 02:00,290.4,6,1.0,1
2025-06-24 03:00,290.4,6,1.0,1
2025-06-24 04:00,290.4,6,1.0,1
2025-06-24 05:00,290.4,6,1.0,1
2025-06-24 06:00,290.4,6,1.0,1
2025-06-24 07:00,290.4,6,1.0,1
2025-06-24 08:00,290.4,6,1.0,1
2025-06-24 09:00,290.4,6,1.0,1
2025-06-24 10:00,290.4,6,1.0,1
2025-06-24 11:00,290.4,6,1.0,1
2025-06-24 12:00,290.4,6,1.0,1
2025-06-24 13:00,290.4,6,1.0,1
2025-06-24 14:00,290.4,6,1.0,1
2025-06-24 15:00,290.4,6,1.0,1
2025-06-24 16:00,290.4,6,1.0,1
2025-06-24 17:00,290.4,6,1.0,1
2025-06-24 18:00,290.4,6,1.0,1
2025-06-24 19:00,290.4,6,1.0,1
2025-06-24 20:00,290.4,6,1.0,1
2025-06-24 21:00,290.4,6,1.0,1
2025-06-24 22:00,290.4,6,1.0,1
2025-06-24 23:00,290.4,6,1.0,1
2025-06-25 00:00,290.4,6,1.0,1
2025-06-25 01:00,290.4,6,1.0,1
2025-06-25 02:00,290.4,6,1.0,1
2025-06-25 03:00,290.4,6,1.0,1
2025-06-25 04:00,290.4,6,1.0,1
2025-06-25 05:00,290.4,6,1.0,1
2025-06-25 06:00,290.4,6,1.0,1
2025-06-25 07:00,290.4,6,1.0,1
2025-06-25 08:00,290.4,6,1.0,1
2025-06-25 09:00,290.4,6,1.0,1
2025-06-25 10:00,290.4,6,1.0,1
2025-06-25 11:00,290.4,6,1.0,1
2025-06-25 12:00,290.4,6,1.0,1
2025-06-25 13:00,290.4,6,1.0,1
2025-06-25 14:00,290.4,6,1.0,1
2025-06-25 15:00,290.4,6,1.0,1
2025-06-25 16:00,290.4,6,1.0,1
2025-06-25 17:00,290.4,6,1.0,1
2025-06-25 18:00,290.4,6,1.0,1
2025-06-25 19:00,290.4,6,1.0,1
2025-06-25 20:00,290.4,6,1.0,1
2025-06-25 21:00,290.4,6,1.0,1
2025-06-25 22:00,290.4,6,1.0,1
2025-06-25 23:00,290.4,6,1.0,1
2025-06-26 00:00,290.4,6,1.0,1
2025-06-26 01:00,290.4,6,1.0,1
2025-06-26 02:00,290.4,6,1.0,1
2025-06-26 03:00,290.4,6,1.0,1
2025-06-26 04:00,290.4,6,1.0,1
2025-06-26 05:00,290.4,6,1.0,1
2025-06-26 06:00,290.4,6,1.0,1
2025-06-26 07:00,290.4,6,1.0,1
2025-06-26 08:00,290.4,6,1.0,1
2025-06-26 09:00,290.4,6,1.0,1
2025-06-26 10:00,290.4,6,1.0,1
2025-06-26 11:00,290.4,6,1.0,1
2025-06-26 12:00,290.4,6,1.0,1
2025-06-26 13:00,290.4,6,1.0,1
2025-06-26 14:00,290.4,6,1.0,1
2025-06-26 15:00,290.4,6,1.0,1
2025-06-26 16:00,290.4,6,1.0,1
2025-06-26 17:00,290.4,6,1.0,1
2025-06-26 18:00,290.4,6,1.0,1
2025-06-26 19:00,290.4,6,1.0,1
2025-06-26 20:00,290.4,6,1.0,1
2025-06-26 21:00,290.4,6,1.0,1
2025-06-26 22:00,290.4,6,1.0,1
2025-06-26 23:00,290.4,6,1.0,1
2025-06-27 00:00,290.4,6,1.0,1
2025-06-27 01:00,290.4,6,1.0,1
2025-06-27 02:00,290.4,6,1.0,1
2025-06-27 03:00,290.4,6,1.0,1
2025-06-27 04:00,290.4,6,1.0,1
2025-06-27 05:00,290.4,6,1.0,1
2025-06-27 06:00,290.4,6,1.0,1
2025-06-27 07:00,290.4,6,1.0,1
2025-06-27 08:00,290.4,6,1.0,1
2025-06-27 09:00,290.4,6,1.0,1
2025-06-27 10:00,290.4,6,1.0,1
2025-06-27 11:00,290.4,6,1.0,1
2025-06-27 12:00,290.4,6,1.0,1
2025-06-27 13:00,290.4,6,1.0,1
2025-06-27 14:00,290.4,6,1.0,1
2025-06-27 15:00,290.4,6,1.0,1
2025-06-27 16:00,290.4,6,1.0,1
2025-06-27 17:00,290.4,6,1.0,1
2025-06-27 18:00,290.4,6,1.0,1
2025-06-27 19:00,290.4,6,1.0,1
2025-06-27 20:00,290.4,6,1.0,1
2025-06-27 21:00,290.4,6,1.0,1
2025-06-27 22:00,290.4,6,1.0,1
2025-06-27 23:00,290.4,6,1.0,1
2025-06-28 00:00,290.4,6,1.0,1
2025-06-28 01:00,290.4,6,1.0,1
2025-06-28 02:00,290.4,6,1.0,1
2025-06-28 03:00,290.4,6,1.0,1
2025-06-28 04:00,290.4,6,1.0,1
2025-06-28 05:00,290.4,6,1.0,1
2025-06-28 06:00,290.4,6,1.0,1
2025-06-28 07:00,290.4,6,1.0,1
2025-06-28 08:00,290.4,6,1.0,1
2025-06-28 09:00,290.4,6,1.0,1
2025-06-28 10:00,290.4,6,1.0,1
2025-06-28 11:00,290.4,6,1.0,1
2025-06-28 12:00,290.4,6,1.0,1
2025-06-28 13:00,290.4,6,1.0,1
2025-06-28 14:00,290.4,6,1.0,1
2025-06-28 15:00,290.4,6,1.0,1
2025-06-28 16:00,290.4,6,1.0,1
2025-06-28 17:00,290.4,6,1.0,1
2025-06-28 18:00,290.4,6,1.0,1
2025-06-28 19:00,290.4,6,1.0,1
2025-06-28 20:00,290.4,6,1.0,1
2025-06-28 21:00,290.4,6,1.0,1
2025-06-28 22:00,290.4,6,1.0,1
2025-06-28 23:00,290.4,6,1.0,1
2025-06-29 00:00,290.4,6,1.0,1
2025-06-29 01:00,290.4,6,1.0,1
2025-06-29 02:00,290.4,6,1.0,1
2025-06-29 03:00,290.4,6,1.0,1
2025-06-29 04:00,290.4,6,1.0,1
2025-06-29 05:00,290.4,6,1.0,1
2025-06-29 06:00,290.4,6,1.0,1
2025-06-29 07:00,290.4,6,1.0,1
2025-06-29 08:00,290.4,6,1.0,1
2025-06-29 09:00,290.4,6,1.0,1
2025-06-29 10:00,290.4,6,1.0,1
2025-06-29 11:00,290.4,6,1.0,1
2025-06-29 12:00,290.4,6,1.0,1
2025-06-29 13:00,290.4,6,1.0,1
2025-06-29 14:00,290.4,6,1.0,1
2025-06-29 15:00,290.4,6,1.0,1
2025-06-29 16:00,290.4,6,1.0,1
2025-06-29 17:00,290.4,6,1.0,1
2025-06-29 18:00,290.4,6,1.0,1
2025-06-29 19:00,290.4,6,1.0,1
2025-06-29 20:00,290.4,6,1.0,1
2025-06-29 21:00,290.4,6,1.0,1
2025-06-29 22:00,290.4,6,1.0,1
2025-06-29 23:00,290.4,6,1.0,1
2025-06-30 00:00,290.4,6,1.0,1
2025-06-30 01:00,290.4,6,1.0,1
2025-06-30 02:00,290.4,6,1.0,1
2025-06-30 03:00,290.4,6,1.0,1
2025-06-30 04:00,290.4,6,1.0,1
2025-06-30 05:00,290.4,6,1.0,1
2025-06-30 06:00,290.4,6,1.0,1
2025-06-30 07:00,290.4,6,1.0,1
2025-06-30 08:00,290.4,6,1.0,1
2025-06-30 09:00,290.4,6,1.0,1
2025-06-30 10:00,290.4,6,1.0,1
2025-06-30 11:00,290.4,6,1.0,1
2025-06-30 12:00,290.4,6,1.0,1
2025-06-30 13:00,290.4,6,1.0,1
2025-06-30 14:00,290.4,6,1.0,1
2025-06-30 15:00,290.4,6,1.0,1
2025-06-30 16:00,290.4,6,1.0,1
2025-06-30 17:00,290.4,6,1.0,1
2025-06-30 18:00,290.4,6,1.0,1
2025-06-30 19:00,290.4,6,1.0,1
2025-06-30 20:00,290.4,6,1.0,1
2025-06-30 21:00,290.4,6,1.0,1
2025-06-30 22:00,290.4,6,1.0,1
2025-06-30 23:00,290.4,6,1.0,1
2025-07-01 00:00,290.4,6,1.0,1
2025-07-01 01:00,290.4,6,1.0,1
2025-07-01 02:00,290.4,6,1.0,1
2025-07-01 03:00,290.4,6,1.0,1
2025-07-01 04:00,290.4,6,1.0,1
2025-07-01 05:00,290.4,6,1.0,1
2025-07-01 06:00,290.4,6,1.0,1
2025-07-01 07:00,290.4,6,1.0,1
2025-07-01 08:00,290.4,6,1.0,1
2025-07-01 09:00,290.4,6,1.0,1
2025-07-01 10:00,290.4,6,1.0,1
2025-07-01 11:00,290.4,6,1.0,1
2025-07-01 12:00,290.4,6,1.0,1
2025-07-01 13:00,290.4,6,1.0,1
2025-07-01 14:00,290.4,6,1.0,1
2025-07-01 15:00,290.4,6,1.0,1
2025-07-01 16:00,290.4,6,1.0,1
2025-07-01 17:00,290.4,6,1.0,1
2025-07-01 18:00,290.4,6,1.0,1
2025-07-01 19:00,290.4,6,1.0,1
2025-07-01 20:00,290.4,6,1.0,1
2025-07-01 21:00,290.4,6,1.0,1
2025-07-01 22:00,290.4,6,1.0,1
2025-07-01 23:00,290.4,6,1.0,1
2025-07-02 00:00,290.4,6,1.0,1
2025-07-02 01:00,290.4,6,1.0,1
2025-07-02 02:00,290.4,6,1.0,1
2025-07-02 03:00,290.4,6,1.0,1
2025-07-02 04:00,290.4,6,1.0,1
2025-07-02 05:00,290.4,6,1.0,1
2025-07-02 06:00,290.4,6,1.0,1
2025-07-02 07:00,290.4,6,1.0,1
2025-07-02 08:00,290.4,6,1.0,1
2025-07-02 09:00,290.4,6,1.0,1
2025-07-02 10:00,290.4,6,1.0,1
2025-07-02 11:00,290.4,6,1.0,1
2025-07-02 12:00,290.4,6,1.0,1
2025-07-02 13:00,290.4,6,1.0,1
2025-07-02 14:00,290.4,6,1.0,1
2025-07-02 15:00,290.4,6,1.0,1
2025-07-02 16:00,290.4,6,1.0,1
2025-07-02 17:00,290.4,6,1.0,1
2025-07-02 18:00,290.4,6,1.0,1
2025-07-02 19:00,290.4,6,1.0,1
2025-07-02 20:00,290.4,6,1.0,1
2025-07-02 21:00,290.4,6,1.0,1
2025-07-02 22:00,290.4,6,1.0,1
2025-07-02 23:00,290.4,6,1.0,1
2025-07-03 00:00,290.4,6,1.0,1
2025-07-03 01:00,290.4,6,1.0,1
2025-07-03 02:00,290.4,6,1.0,1
2025-07-03 03:00,290.4,6,1.0,1
2025-07-03 04:00,290.4,6,1.0,1
2025-07-03 05:00,290.4,6,1.0,1
2025-07-03 06:00,290.4,6,1.0,1
2025-07-03 07:00,290.4,6,1.0,1
2025-07-03 08:00,290.4,6,1.0,1
2025-07-03 09:00,290.4,6,1.0,1
2025-07-03 10:00,290.4,6,1.0,1
2025-07-03 11:00,290.4,6,1.0,1
2025-07-03 12:00,290.4,6,1.0,1
2025-07-03 13:00,290.4,6,1.0,1
2025-07-03 14:00,290.4,6,1.0,1
2025-07-03 15:00,290.4,6,1.0,1
2025-07-03 16:00,290.4,6,1.0,1
2025-07-03 17:00,290.4,6,1.0,1
2025-07-03 18:00,290.4,6,1.0,1
2025-07-03 19:00,290.4,6,1.0,1
2025-07-03 20:00,290.4,6,1.0,1
2025-07-03 21:00,290.4,6,1.0,1
2025-07-03 22:00,290.4,6,1.0,1
2025-07-03 23:00,290.4,6,1.0,1
2025-07-04 00:00,290.4,6,1.0,1
2025-07-04 01:00,290.4,6,1.0,1
2025-07-04 02:00,290.4,6,1.0,1
2025-07-04 03:00,290.4,6,1.0,1
2025-07-04 04:00,290.4,6,1.0,1
2025-07-04 05:00,290.4,6,1.0,1
2025-07-04 06:00,290.4,6,1.0,1
2025-07-04 07:00,290.4,6,1.0,1
2025-07-04 08:00,290.4,6,1.0,1
2025-07-04 09:00,290.4,6,1.0,1
2025-07-04 10:00,290.4,6,1.0,1
2025-07-04 11:00,290.4,6,1.0,1
2025-07-04 12:00,290.4,6,1.0,1
2025-07-04 13:00,290.4,6,1.0,1
2025-07-04 14:00,290.4,6,1.0,1
2025-07-04 15:00,290.4,6,1.0,1
2025-07-04 16:00,290.4,6,1.0,1
2025-07-04 17:00,290.4,6,1.0,1
2025-07-04 18:00,290.4,6,1.0,1
2025-07-04 19:00,290.4,6,1.0,1
2025-07-04 20:00,290.4,6,1.0,1
2025-07-04 21:00,290.4,6,1.0,1
2025-07-04 22:00,290.4,6,1.0,1
2025-07-04 23:00,290.4,6,1.0,1
2025-07-05 00:00,290.4,6,1.0,1
2025-07-05 01:00,290.4,6,1.0,1
2025-07-05 02:00,290.4,6,1.0,1
2025-07-05 03:00,290.4,6,1.0,1
2025-07-05 04:00,290.4,6,1.0,1
2025-07-05 05:00,290.4,6,1.0,1
2025-07-05 06:00,290.4,6,1.0,1
2025-07-05 07:00,290.4,6,1.0,1
2025-07-05 08:00,290.4,6,1.0,1
2025-07-05 09:00,290.4,6,1.0,1
2025-07-05 10:00,290.4,6,1.0,1
2025-07-05 11:00,290.4,6,1.0,1
2025-07-05 12:00,290.4,6,1.0,1
2025-07-05 13:00,290.4,6,1.0,1
2025-07-05 14:00,290.4,6,1.0,1
2025-07-05 15:00,290.4,6,1.0,1
2025-07-05 16:00,290.4,6,1.0,1
2025-07-05 17:00,290.4,6,1.0,1
2025-07-05 18:00,290.4,6,1.0,1
2025-07-05 19:00,290.4,6,1.0,1
2025-07-05 20:00,290.4,6,1.0,1
2025-07-05 21:00,290.4,6,1.0,1
2025-07-05 22:00,290.4,6,1.0,1
2025-07-05 23:00,290.4,6,1.0,1
2025-07-06 00:00,290.4,6,1.0,1
2025-07-06 01:00,290.4,6,1.0,1
2025-07-06 02:00,290.4,6,1.0,1
2025-07-06 03:00,290.4,6,1.0,1
2025-07-06 04:00,290.4,6,1.0,1
2025-07-06 05:00,290.4,6,1.0,1
2025-07-06 06:00,290.4,6,1.0,1
2025-07-06 07:00,290.4,6,1.0,1
2025-07-06 08:00,290.4,6,1.0,1
2025-07-06 09:00,290.4,6,1.0,1
2025-07-06 10:00,290.4,6,1.0,1
2025-07-06 11:00,290.4,6,1.0,1
2025-07-06 12:00,290.4,6,1.0,1
2025-07-06 13:00,290.4,6,1.0,1
2025-07-06 14:00,290.4,6,1.0,1
2025-07-06 15:00,290.4,6,1.0,1
2025-07-06 16:00,290.4,6,1.0,1
2025-07-06 17:00,290.4,6,1.0,1
2025-07-06 18:00,290.4,6,1.0,1
2025-07-06 19:00,290.4,6,1.0,1
2025-07-06 20:00,290.4,6,1.0,1
2025-07-06 21:00,290.4,6,1.0,1
2025-07-06 22:00,290.4,6,1.0,1
2025-07-06 23:00,290.4,6,1.0,1
2025-07-07 00:00,290.4,6,1.0,1
2025-07-07 01:00,290.4,6,1.0,1
2025-07-07 02:00,290.4,6,1.0,1
2025-07-07 03:00,290.4,6,1.0,1
2025-07-07 04:00,290.4,6,1.0,1
2025-07-07 05:00,290.4,6,1.0,1
2025-07-07 06:00,290.4,6,1.0,1
2025-07-07 07:00,291.6,6,1.0,1
2025-07-07 08:00,291.6,6,1.0,1
2025-07-07 09:00,297.2,6,1.0,1
2025-07-07 10:00,332.0,6,1.0,1
2025-07-07 11:00,332.0,6,1.0,1
2025-07-07 12:00,332.0,6,1.0,1
2025-07-07 13:00,332.0,6,1.0,1
2025-07-07 14:00,332.0,6,1.0,1
2025-07-07 15:00,332.0,6,1.0,1
2025-07-07 16:00,332.0,6,1.0,1
2025-07-07 17:00,332.0,6,1.0,1
2025-07-07 18:00,332.0,6,1.0,1
2025-07-07 19:00,332.0,6,1.0,1
2025-07-07 20:00,332.0,6,1.0,1
2025-07-07 21:00,332.0,6,1.0,1
2025-07-07 22:00,332.0,6,1.0,1
2025-07-07 23:00,332.0,6,1.0,1
2025-07-08 00:00,332.0,6,1.0,1
2025-07-08 01:00,332.0,6,1.0,1
2025-07-08 02:00,332.0,6,1.0,1
2025-07-08 03:00,332.2,6,1.0,1
2025-07-08 04:00,333.8,6,1.0,1
2025-07-08 05:00,333.8,6,1.0,1
2025-07-08 06:00,333.8,6,1.0,1
2025-07-08 07:00,333.8,6,1.0,1
2025-07-08 08:00,333.8,6,1.0,1
2025-07-08 09:00,333.8,6,1.0,1
2025-07-08 10:00,333.8,6,1.0,1
2025-07-08 11:00,333.8,6,1.0,1
2025-07-08 12:00,333.8,6,1.0,1
2025-07-08 13:00,333.8,6,1.0,1
2025-07-08 14:00,333.8,6,1.0,1
2025-07-08 15:00,333.8,6,1.0,1
2025-07-08 16:00,333.8,6,1.0,1
2025-07-08 17:00,333.8,6,1.0,1
2025-07-08 18:00,333.8,6,1.0,1
2025-07-08 19:00,333.8,6,1.0,1
2025-07-08 20:00,333.8,6,1.0,1
2025-07-08 21:00,333.8,6,1.0,1
2025-07-08 22:00,333.8,6,1.0,1
2025-07-08 23:00,334.0,6,1.0,1
2025-07-09 00:00,334.0,6,1.0,1
2025-07-09 01:00,334.0,6,1.0,1
2025-07-09 02:00,334.0,6,1.0,1
2025-07-09 03:00,334.0,6,1.0,1
2025-07-09 04:00,334.0,6,1.0,1
2025-07-09 05:00,334.0,6,1.0,1
2025-07-09 06:00,334.0,6,1.0,1
2025-07-09 07:00,334.0,6,1.0,1
2025-07-09 08:00,334.0,6,1.0,1
2025-07-09 09:00,334.0,6,1.0,1
2025-07-09 10:00,334.0,6,1.0,1
2025-07-09 11:00,334.0,6,1.0,1
2025-07-09 12:00,334.0,6,1.0,1
2025-07-09 13:00,334.0,6,1.0,1
2025-07-09 14:00,334.0,6,1.0,1
2025-07-09 15:00,334.0,6,1.0,1
2025-07-09 16:00,334.0,6,1.0,1
2025-07-09 17:00,334.0,6,1.0,1
2025-07-09 18:00,334.0,6,1.0,1
2025-07-09 19:00,334.0,6,1.0,1
2025-07-09 20:00,334.0,6,1.0,1
2025-07-09 21:00,334.0,6,1.0,1
2025-07-09 22:00,334.0,6,1.0,1
2025-07-09 23:00,334.0,6,1.0,1
2025-07-10 00:00,334.0,6,1.0,1
2025-07-10 01:00,334.0,6,1.0,1
2025-07-10 02:00,334.0,6,1.0,1
2025-07-10 03:00,334.0,6,1.0,1
2025-07-10 04:00,334.0,6,1.0,1
2025-07-10 05:00,334.0,6,1.0,1
2025-07-10 06:00,334.0,6,1.0,1
2025-07-10 07:00,334.0,6,1.0,1
2025-07-10 08:00,334.0,6,1.0,1
2025-07-10 09:00,334.0,6,1.0,1
2025-07-10 10:00,334.0,6,1.0,1
2025-07-10 11:00,334.0,6,1.0,1
2025-07-10 12:00,334.0,6,1.0,1
2025-07-10 13:00,334.0,6,1.0,1
2025-07-10 14:00,334.0,6,1.0,1
2025-07-10 15:00,334.0,6,1.0,1
2025-07-10 16:00,334.0,6,1.0,1
2025-07-10 17:00,334.0,6,1.0,1
2025-07-10 18:00,334.0,6,1.0,1
2025-07-10 19:00,334.0,6,1.0,1
2025-07-10 20:00,334.0,6,1.0,1
2025-07-10 21:00,334.0,6,1.0,1
2025-07-10 22:00,334.0,6,1.0,1
2025-07-10 23:00,334.0,6,1.0,1
2025-07-11 00:00,334.0,6,1.0,1
2025-07-11 01:00,334.0,6,1.0,1
2025-07-11 02:00,334.0,6,1.0,1
2025-07-11 03:00,334.0,6,1.0,1
2025-07-11 04:00,334.0,6,1.0,1
2025-07-11 05:00,334.0,6,1.0,1
2025-07-11 06:00,334.0,6,1.0,1
2025-07-11 07:00,334.0,6,1.0,1
2025-07-11 08:00,334.0,6,1.0,1
2025-07-11 09:00,334.0,6,1.0,1
2025-07-11 10:00,334.0,6,1.0,1
2025-07-11 11:00,334.0,6,1.0,1
2025-07-11 12:00,334.0,6,1.0,1
2025-07-11 13:00,334.0,6,1.0,1
2025-07-11 14:00,334.0,6,1.0,1
2025-07-11 15:00,334.0,6,1.0,1
2025-07-11 16:00,334.0,6,1.0,1
2025-07-11 17:00,334.0,6,1.0,1
2025-07-11 18:00,334.0,6,1.0,1
2025-07-11 19:00,334.0,6,1.0,1
2025-07-11 20:00,334.0,6,1.0,1
2025-07-11 21:00,334.0,6,1.0,1
2025-07-11 22:00,334.0,6,1.0,1
2025-07-11 23:00,334.0,6,1.0,1
2025-07-12 00:00,334.0,6,1.0,1
2025-07-12 01:00,334.0,6,1.0,1
2025-07-12 02:00,334.0,6,1.0,1
2025-07-12 03:00,334.0,6,1.0,1
2025-07-12 04:00,334.0,6,1.0,1
2025-07-12 05:00,334.0,6,1.0,1
2025-07-12 06:00,334.0,6,1.0,1
2025-07-12 07:00,334.0,6,1.0,1
2025-07-12 08:00,334.0,6,1.0,1
2025-07-12 09:00,334.0,6,1.0,1
2025-07-12 10:00,334.0,6,1.0,1
2025-07-12 11:00,334.0,6,1.0,1
2025-07-12 12:00,334.0,6,1.0,1
2025-07-12 13:00,334.0,6,1.0,1
2025-07-12 14:00,334.0,6,1.0,1
2025-07-12 15:00,334.0,6,1.0,1
2025-07-12 16:00,334.0,6,1.0,1
2025-07-12 17:00,334.0,6,1.0,1
2025-07-12 18:00,334.0,6,1.0,1
2025-07-12 19:00,334.0,6,1.0,1
2025-07-12 20:00,334.0,6,1.0,1
2025-07-12 21:00,334.0,6,1.0,1
2025-07-12 22:00,334.0,6,1.0,1
2025-07-12 23:00,334.0,6,1.0,1
2025-07-13 00:00,334.0,6,1.0,1
2025-07-13 01:00,334.0,6,1.0,1
2025-07-13 02:00,334.0,6,1.0,1
2025-07-13 03:00,334.0,6,1.0,1
2025-07-13 04:00,334.0,6,1.0,1
2025-07-13 05:00,334.0,6,1.0,1
2025-07-13 06:00,334.0,6,1.0,1
2025-07-13 07:00,334.0,6,1.0,1
2025-07-13 08:00,334.0,6,1.0,1
2025-07-13 09:00,334.0,6,1.0,1
2025-07-13 10:00,334.0,6,1.0,1
2025-07-13 11:00,334.0,6,1.0,1
2025-07-13 12:00,334.0,6,1.0,1
2025-07-13 13:00,334.0,6,1.0,1
2025-07-13 14:00,334.0,6,1.0,1
2025-07-13 15:00,334.0,6,1.0,1
2025-07-13 16:00,334.0,6,1.0,1
2025-07-13 17:00,334.0,6,1.0,1
2025-07-13 18:00,334.0,6,1.0,1
2025-07-13 19:00,334.0,6,1.0,1
2025-07-13 20:00,334.0,6,1.0,1
2025-07-13 21:00,334.0,6,1.0,1
2025-07-13 22:00,334.0,6,1.0,1
2025-07-13 23:00,334.0,6,1.0,1
2025-07-14 00:00,334.0,6,1.0,1
2025-07-14 01:00,334.0,6,1.0,1
2025-07-14 02:00,334.0,6,1.0,1
2025-07-14 03:00,334.0,6,1.0,1
2025-07-14 04:00,334.0,6,1.0,1
2025-07-14 05:00,334.0,6,1.0,1
2025-07-14 06:00,334.0,6,1.0,1
2025-07-14 07:00,334.0,6,1.0,1
2025-07-14 08:00,334.0,6,1.0,1
2025-07-14 09:00,334.0,6,1.0,1
2025-07-14 10:00,334.0,6,1.0,1
2025-07-14 11:00,334.0,6,1.0,1
2025-07-14 12:00,334.0,6,1.0,1
2025-07-14 13:00,334.0,6,1.0,1
2025-07-14 14:00,334.0,6,1.0,1
2025-07-14 15:00,334.0,6,1.0,1
2025-07-14 16:00,334.0,6,1.0,1
2025-07-14 17:00,334.0,6,1.0,1
2025-07-14 18:00,334.0,6,1.0,1
2025-07-14 19:00,334.0,6,1.0,1
2025-07-14 20:00,334.0,6,1.0,1
2025-07-14 21:00,334.0,6,1.0,1
2025-07-14 22:00,334.0,6,1.0,1
2025-07-14 23:00,334.0,6,1.0,1
2025-07-15 00:00,334.0,6,1.0,1
2025-07-15 01:00,334.0,6,1.0,1
2025-07-15 02:00,334.0,6,1.0,1
2025-07-15 03:00,334.0,6,1.0,1
2025-07-15 04:00,334.0,6,1.0,1
2025-07-15 05:00,334.0,6,1.0,1
2025-07-15 06:00,334.0,6,1.0,1
2025-07-15 07:00,334.0,6,1.0,1
2025-07-15 08:00,334.0,6,1.0,1
2025-07-15 09:00,334.0,6,1.0,1
2025-07-15 10:00,334.0,6,1.0,1
2025-07-15 11:00,334.0,6,1.0,1
2025-07-15 12:00,334.0,6,1.0,1
2025-07-15 13:00,334.0,6,1.0,1
2025-07-15 14:00,334.0,6,1.0,1
2025-07-15 15:00,334.0,6,1.0,1
2025-07-15 16:00,334.0,6,1.0,1
2025-07-15 17:00,334.0,6,1.0,1
2025-07-15 18:00,334.0,6,1.0,1
2025-07-15 19:00,334.0,6,1.0,1
2025-07-15 20:00,334.0,6,1.0,1
2025-07-15 21:00,334.0,6,1.0,1
2025-07-15 22:00,334.0,6,1.0,1
2025-07-15 23:00,334.0,6,1.0,1
2025-07-16 00:00,334.0,6,1.0,1
2025-07-16 01:00,334.0,6,1.0,1
2025-07-16 02:00,334.0,6,1.0,1
2025-07-16 03:00,334.0,6,1.0,1
2025-07-16 04:00,334.0,6,1.0,1
2025-07-16 05:00,334.0,6,1.0,1
2025-07-16 06:00,334.0,6,1.0,1
2025-07-16 07:00,334.0,6,1.0,1
2025-07-16 08:00,334.0,6,1.0,1
2025-07-16 09:00,334.0,6,1.0,1
2025-07-16 10:00,334.0,6,1.0,1
2025-07-16 11:00,334.0,6,1.0,1
2025-07-16 12:00,334.0,6,1.0,1
2025-07-16 13:00,334.0,6,1.0,1
2025-07-16 14:00,334.0,6,1.0,1
2025-07-16 15:00,334.0,6,1.0,1
2025-07-16 16:00,334.0,6,1.0,1
2025-07-16 17:00,334.0,6,1.0,1
2025-07-16 18:00,334.0,6,1.0,1
2025-07-16 19:00,334.0,6,1.0,1
2025-07-16 20:00,334.0,6,1.0,1
2025-07-16 21:00,334.0,6,1.0,1
2025-07-16 22:00,334.0,6,1.0,1
2025-07-16 23:00,334.0,6,1.0,1
2025-07-17 00:00,334.0,6,1.0,1
2025-07-17 01:00,334.0,6,1.0,1
2025-07-17 02:00,334.0,6,1.0,1
2025-07-17 03:00,334.0,6,1.0,1
2025-07-17 04:00,334.0,6,1.0,1
2025-07-17 05:00,334.0,6,1.0,1
2025-07-17 06:00,334.0,6,1.0,1
2025-07-17 07:00,334.0,6,1.0,1
2025-07-17 08:00,334.0,6,1.0,1
2025-07-17 09:00,334.0,6,1.0,1
2025-07-17 10:00,334.0,6,1.0,1
2025-07-17 11:00,334.0,6,1.0,1
2025-07-17 12:00,334.0,6,1.0,1
2025-07-17 13:00,334.0,6,1.0,1
2025-07-17 14:00,334.0,6,1.0,1
2025-07-17 15:00,334.0,6,1.0,1
2025-07-17 16:00,334.0,6,1.0,1
2025-07-17 17:00,334.0,6,1.0,1
2025-07-17 18:00,334.0,6,1.0,1
2025-07-17 19:00,334.0,6,1.0,1
2025-07-17 20:00,334.0,6,1.0,1
2025-07-17 21:00,334.0,6,1.0,1
2025-07-17 22:00,334.0,6,1.0,1
2025-07-17 23:00,334.0,6,1.0,1
2025-07-18 00:00,334.0,6,1.0,1
2025-07-18 01:00,334.0,6,1.0,1
2025-07-18 02:00,334.0,6,1.0,1
2025-07-18 03:00,334.0,6,1.0,1
2025-07-18 04:00,334.0,6,1.0,1
2025-07-18 05:00,334.0,6,1.0,1
2025-07-18 06:00,334.0,6,1.0,1
2025-07-18 07:00,334.0,6,1.0,1
2025-07-18 08:00,334.0,6,1.0,1
2025-07-18 09:00,334.0,6,1.0,1
2025-07-18 10:00,334.0,6,1.0,1
2025-07-18 11:00,334.0,6,1.0,1
2025-07-18 12:00,334.0,6,1.0,1
2025-07-18 13:00,334.0,6,1.0,1
2025-07-18 14:00,334.0,6,1.0,1
2025-07-18 15:00,334.0,6,1.0,1
2025-07-18 16:00,334.0,6,1.0,1
2025-07-18 17:00,334.0,6,1.0,1
2025-07-18 18:00,334.0,6,1.0,1
2025-07-18 19:00,334.0,6,1.0,1
2025-07-18 20:00,334.0,6,1.0,1
2025-07-18 21:00,334.0,6,1.0,1
2025-07-18 22:00,334.0,6,1.0,1
2025-07-18 23:00,334.0,6,1.0,1
2025-07-19 00:00,334.0,6,1.0,1
2025-07-19 01:00,334.0,6,1.0,1
2025-07-19 02:00,334.0,6,1.0,1
2025-07-19 03:00,334.0,6,1.0,1
2025-07-19 04:00,334.0,6,1.0,1
2025-07-19 05:00,334.0,6,1.0,1
2025-07-19 06:00,334.0,6,1.0,1
2025-07-19 07:00,334.0,6,1.0,1
2025-07-19 08:00,334.0,6,1.0,1
2025-07-19 09:00,334.0,6,1.0,1
2025-07-19 10:00,334.0,6,1.0,1
2025-07-19 11:00,334.0,6,1.0,1
2025-07-19 12:00,334.0,6,1.0,1
2025-07-19 13:00,334.0,6,1.0,1
2025-07-19 14:00,334.0,6,1.0,1
2025-07-19 15:00,334.0,6,1.0,1
2025-07-19 16:00,334.0,6,1.0,1
2025-07-19 17:00,334.0,6,1.0,1
2025-07-19 18:00,334.0,6,1.0,1
2025-07-19 19:00,334.0,6,1.0,1
2025-07-19 20:00,334.0,6,1.0,1
2025-07-19 21:00,334.0,6,1.0,1
2025-07-19 22:00,334.0,6,1.0,1
2025-07-19 23:00,334.0,6,1.0,1
2025-07-20 00:00,334.0,6,1.0,1
2025-07-20 01:00,334.0,6,1.0,1
2025-07-20 02:00,334.0,6,1.0,1
2025-07-20 03:00,334.0,6,1.0,1
2025-07-20 04:00,334.0,6,1.0,1
2025-07-20 05:00,334.0,6,1.0,1
2025-07-20 06:00,334.0,6,1.0,1
2025-07-20 07:00,334.0,6,1.0,1
2025-07-20 08:00,334.0,6,1.0,1
2025-07-20 09:00,334.0,6,1.0,1
2025-07-20 10:00,334.0,6,1.0,1
2025-07-20 11:00,334.0,6,1.0,1
2025-07-20 12:00,334.0,6,1.0,1
2025-07-20 13:00,334.0,6,1.0,1
2025-07-20 14:00,334.0,6,1.0,1
2025-07-20 15:00,334.0,6,1.0,1
2025-07-20 16:00,334.0,6,1.0,1
2025-07-20 17:00,334.0,6,1.0,1
2025-07-20 18:00,334.0,6,1.0,1
2025-07-20 19:00,334.0,6,1.0,1
2025-07-20 20:00,334.0,6,1.0,1
2025-07-20 21:00,334.0,6,1.0,1
2025-07-20 22:00,334.0,6,1.0,1
2025-07-20 23:00,334.0,6,1.0,1
2025-07-21 00:00,334.0,6,1.0,1
2025-07-21 01:00,334.0,6,1.0,1
2025-07-21 02:00,334.0,6,1.0,1
2025-07-21 03:00,334.0,6,1.0,1
2025-07-21 04:00,334.0,6,1.0,1
2025-07-21 05:00,334.0,6,1.0,1
2025-07-21 06:00,334.0,6,1.0,1
2025-07-21 07:00,334.0,6,1.0,1
2025-07-21 08:00,334.0,6,1.0,1
2025-07-21 09:00,334.0,6,1.0,1
2025-07-21 10:00,334.0,6,1.0,1
2025-07-21 11:00,334.0,6,1.0,1
2025-07-21 12:00,334.0,6,1.0,1
2025-07-21 13:00,334.0,6,1.0,1
2025-07-21 14:00,334.0,6,1.0,1
2025-07-21 15:00,334.0,6,1.0,1
2025-07-21 16:00,334.0,6,1.0,1
2025-07-21 17:00,334.0,6,1.0,1
2025-07-21 18:00,334.0,6,1.0,1
2025-07-21 19:00,334.0,6,1.0,1
2025-07-21 20:00,334.0,6,1.0,1
2025-07-21 21:00,334.0,6,1.0,1
2025-07-21 22:00,334.0,6,1.0,1
2025-07-21 23:00,334.0,6,1.0,1
2025-07-22 00:00,334.0,6,1.0,1
2025-07-22 01:00,334.0,6,1.0,1
2025-07-22 02:00,334.0,6,1.0,1
2025-07-22 03:00,334.0,6,1.0,1
2025-07-22 04:00,334.0,6,1.0,1
2025-07-22 05:00,334.0,6,1.0,1
2025-07-22 06:00,334.0,6,1.0,1
2025-07-22 07:00,334.0,6,1.0,1
2025-07-22 08:00,334.0,6,1.0,1
2025-07-22 09:00,334.0,6,1.0,1
2025-07-22 10:00,334.0,6,1.0,1
2025-07-22 11:00,334.0,6,1.0,1
2025-07-22 12:00,334.0,6,1.0,1
2025-07-22 13:00,334.0,6,1.0,1
2025-07-22 14:00,334.0,6,1.0,1
2025-07-22 15:00,334.0,6,1.0,1
2025-07-22 16:00,334.0,6,1.0,1
2025-07-22 17:00,334.0,6,1.0,1
2025-07-22 18:00,334.0,6,1.0,1
2025-07-22 19:00,334.0,6,1.0,1
2025-07-22 20:00,334.0,6,1.0,1
2025-07-22 21:00,334.0,6,1.0,1
2025-07-22 22:00,334.0,6,1.0,1
2025-07-22 23:00,334.0,6,1.0,1
2025-07-23 00:00,334.0,6,1.0,1
2025-07-23 01:00,334.0,6,1.0,1
2025-07-23 02:00,334.0,6,1.0,1
2025-07-23 03:00,334.0,6,1.0,1
2025-07-23 04:00,334.0,6,1.0,1
2025-07-23 05:00,334.0,6,1.0,1
2025-07-23 06:00,334.0,6,1.0,1
2025-07-23 07:00,334.0,6,1.0,1
2025-07-23 08:00,334.0,6,1.0,1
2025-07-23 09:00,334.0,6,1.0,1
2025-07-23 10:00,334.0,6,1.0,1
2025-07-23 11:00,334.0,6,1.0,1
2025-07-23 12:00,334.0,6,1.0,1
2025-07-23 13:00,334.0,6,1.0,1
2025-07-23 14:00,334.0,6,1.0,1
2025-07-23 15:00,334.0,6,1.0,1
2025-07-23 16:00,334.0,6,1.0,1
2025-07-23 17:00,334.0,6,1.0,1
2025-07-23 18:00,334.0,6,1.0,1
2025-07-23 19:00,334.0,6,1.0,1
2025-07-23 20:00,334.0,6,1.0,1
2025-07-23 21:00,334.0,6,1.0,1
2025-07-23 22:00,334.0,6,1.0,1
2025-07-23 23:00,334.0,6,1.0,1
2025-07-24 00:00,334.0,6,1.0,1
2025-07-24 01:00,334.0,6,1.0,1
2025-07-24 02:00,334.0,6,1.0,1
2025-07-24 03:00,334.0,6,1.0,1
2025-07-24 04:00,334.0,6,1.0,1
2025-07-24 05:00,334.0,6,1.0,1
2025-07-24 06:00,334.0,6,1.0,1
2025-07-24 07:00,334.0,6,1.0,1
2025-07-24 08:00,334.0,6,1.0,1
2025-07-24 09:00,334.0,6,1.0,1
2025-07-24 10:00,334.0,6,1.0,1
2025-07-24 11:00,334.0,6,1.0,1
2025-07-24 12:00,334.0,6,1.0,1
2025-07-24 13:00,334.0,6,1.0,1
2025-07-24 14:00,334.0,6,1.0,1
2025-07-24 15:00,334.0,6,1.0,1
2025-07-24 16:00,334.0,6,1.0,1
2025-07-24 17:00,334.0,6,1.0,1
2025-07-24 18:00,334.0,6,1.0,1
2025-07-24 19:00,334.0,6,1.0,1
2025-07-24 20:00,334.0,6,1.0,1
2025-07-24 21:00,334.0,6,1.0,1
2025-07-24 22:00,334.0,6,1.0,1
2025-07-24 23:00,334.0,6,1.0,1
2025-07-25 00:00,334.0,6,1.0,1
2025-07-25 01:00,334.0,6,1.0,1
2025-07-25 02:00,334.0,6,1.0,1
2025-07-25 03:00,334.0,6,1.0,1
2025-07-25 04:00,334.0,6,1.0,1
2025-07-25 05:00,334.0,6,1.0,1
2025-07-25 06:00,334.0,6,1.0,1
2025-07-25 07:00,334.0,6,1.0,1
2025-07-25 08:00,334.0,6,1.0,1
2025-07-25 09:00,334.0,6,1.0,1
2025-07-25 10:00,334.0,6,1.0,1
2025-07-25 11:00,334.0,6,1.0,1
2025-07-25 12:00,334.0,6,1.0,1
2025-07-25 13:00,334.0,6,1.0,1
2025-07-25 14:00,334.0,6,1.0,1
2025-07-25 15:00,334.0,6,1.0,1
2025-07-25 16:00,334.0,6,1.0,1
2025-07-25 17:00,334.0,6,1.0,1
2025-07-25 18:00,334.0,6,1.0,1
2025-07-25 19:00,334.0,6,1.0,1
2025-07-25 20:00,334.0,6,1.0,1
2025-07-25 21:00,334.0,6,1.0,1
2025-07-25 22:00,334.0,6,1.0,1
2025-07-25 23:00,334.0,6,1.0,1
2025-07-26 00:00,334.0,6,1.0,1
2025-07-26 01:00,334.0,6,1.0,1
2025-07-26 02:00,334.0,6,1.0,1
2025-07-26 03:00,334.0,6,1.0,1
2025-07-26 04:00,334.0,6,1.0,1
2025-07-26 05:00,334.0,6,1.0,1
2025-07-26 06:00,334.0,6,1.0,1
2025-07-26 07:00,334.0,6,1.0,1
2025-07-26 08:00,334.0,6,1.0,1
2025-07-26 09:00,334.0,6,1.0,1
2025-07-26 10:00,334.0,6,1.0,1
2025-07-26 11:00,334.2,6,1.0,1
2025-07-26 12:00,334.2,6,1.0,1
2025-07-26 13:00,334.2,6,1.0,1
2025-07-26 14:00,334.2,6,1.0,1
2025-07-26 15:00,334.6,6,1.0,1
2025-07-26 16:00,337.4,6,1.0,1
2025-07-26 17:00,337.4,6,1.0,1
2025-07-26 18:00,337.4,6,1.0,1
2025-07-26 19:00,337.4,6,1.0,1
2025-07-26 20:00,337.4,6,1.0,1
2025-07-26 21:00,337.4,6,1.0,1
2025-07-26 22:00,337.4,6,1.0,1
2025-07-26 23:00,337.4,6,1.0,1
2025-07-27 00:00,338.0,6,1.0,1
2025-07-27 01:00,338.0,6,1.0,1
2025-07-27 02:00,338.0,6,1.0,1
2025-07-27 03:00,338.0,6,1.0,1
2025-07-27 04:00,338.0,6,1.0,1
2025-07-27 05:00,338.0,6,1.0,1
2025-07-27 06:00,338.0,6,1.0,1
2025-07-27 07:00,338.0,6,1.0,1
2025-07-27 08:00,338.0,6,1.0,1
2025-07-27 09:00,338.0,6,1.0,1
2025-07-27 10:00,338.0,6,1.0,1
2025-07-27 11:00,338.0,6,1.0,1
2025-07-27 12:00,338.0,6,1.0,1
2025-07-27 13:00,338.0,6,1.0,1
2025-07-27 14:00,338.0,6,1.0,1
2025-07-27 15:00,338.0,6,1.0,1
2025-07-27 16:00,338.0,6,1.0,1
2025-07-27 17:00,338.0,6,1.0,1
2025-07-27 18:00,338.0,6,1.0,1
2025-07-27 19:00,338.0,6,1.0,1
2025-07-27 20:00,338.0,6,1.0,1
2025-07-27 21:00,338.0,6,1.0,1
2025-07-27 22:00,338.0,6,1.0,1
2025-07-27 23:00,338.0,6,1.0,1
2025-07-28 00:00,338.0,6,1.0,1
2025-07-28 01:00,338.0,6,1.0,1
2025-07-28 02:00,338.0,6,1.0,1
2025-07-28 03:00,338.0,6,1.0,1
2025-07-28 04:00,338.0,6,1.0,1
2025-07-28 05:00,338.0,6,1.0,1
2025-07-28 06:00,338.0,6,1.0,1
2025-07-28 07:00,338.2,6,1.0,1
2025-07-28 08:00,339.8,6,1.0,1
2025-07-28 09:00,339.8,6,1.0,1
2025-07-28 10:00,339.8,6,1.0,1
2025-07-28 11:00,339.8,6,1.0,1
2025-07-28 12:00,339.8,6,1.0,1
2025-07-28 13:00,346.8,6,1.0,1
2025-07-28 14:00,346.8,6,1.0,1
2025-07-28 15:00,350.0,6,1.0,1
2025-07-28 16:00,350.2,6,1.0,1
2025-07-28 17:00,350.2,6,1.0,1
2025-07-28 18:00,350.2,6,1.0,1
2025-07-28 19:00,350.2,6,1.0,1
2025-07-28 20:00,350.2,6,1.0,1
2025-07-28 21:00,350.2,6,1.0,1
2025-07-28 22:00,350.2,6,1.0,1
2025-07-28 23:00,350.2,6,1.0,1
2025-07-29 00:00,350.2,6,1.0,1
2025-07-29 01:00,350.2,6,1.0,1
2025-07-29 02:00,350.2,6,1.0,1
2025-07-29 03:00,350.2,6,1.0,1
2025-07-29 04:00,350.2,6,1.0,1
2025-07-29 05:00,350.2,6,1.0,1
2025-07-29 06:00,350.2,6,1.0,1
2025-07-29 07:00,350.2,6,1.0,1
2025-07-29 08:00,350.2,6,1.0,1
2025-07-29 09:00,350.2,6,1.0,1
2025-07-29 10:00,350.2,6,1.0,1
2025-07-29 11:00,350.2,6,1.0,1
2025-07-29 12:00,350.2,6,1.0,1
2025-07-29 13:00,350.2,6,1.0,1
2025-07-29 14:00,350.2,6,1.0,1
2025-07-29 15:00,350.2,6,1.0,1
2025-07-29 16:00,350.2,6,1.0,1
2025-07-29 17:00,350.2,6,1.0,1
2025-07-29 18:00,350.2,6,1.0,1
2025-07-29 19:00,350.2,6,1.0,1
2025-07-29 20:00,350.2,6,1.0,1
2025-07-29 21:00,350.2,6,1.0,1
2025-07-29 22:00,350.2,6,1.0,1
2025-07-29 23:00,350.2,6,1.0,1
2025-07-30 00:00,350.2,6,1.0,1
2025-07-30 01:00,350.2,6,1.0,1
2025-07-30 02:00,350.2,6,1.0,1
2025-07-30 03:00,350.2,6,1.0,1
2025-07-30 04:00,350.2,6,1.0,1
2025-07-30 05:00,350.2,6,1.0,1
2025-07-30 06:00,350.2,6,1.0,1
2025-07-30 07:00,350.2,6,1.0,1
2025-07-30 08:00,350.2,6,1.0,1
2025-07-30 09:00,350.2,6,1.0,1
2025-07-30 10:00,350.2,6,1.0,1
2025-07-30 11:00,350.2,6,1.0,1
2025-07-30 12:00,350.2,6,1.0,1
2025-07-30 13:00,350.2,6,1.0,1
2025-07-30 14:00,350.2,6,1.0,1
2025-07-30 15:00,350.2,6,1.0,1
2025-07-30 16:00,350.2,6,1.0,1
2025-07-30 17:00,350.2,6,1.0,1
2025-07-30 18:00,350.2,6,1.0,1
2025-07-30 19:00,350.2,6,1.0,1
2025-07-30 20:00,350.2,6,1.0,1
2025-07-30 21:00,350.2,6,1.0,1
2025-07-30 22:00,350.2,6,1.0,1
2025-07-30 23:00,350.2,6,1.0,1
2025-07-31 00:00,350.2,6,1.0,1
2025-07-31 01:00,350.2,6,1.0,1
2025-07-31 02:00,350.2,6,1.0,1
2025-07-31 03:00,350.2,6,1.0,1
2025-07-31 04:00,350.2,6,1.0,1
2025-07-31 05:00,350.2,6,1.0,1
2025-07-31 06:00,350.2,6,1.0,1
2025-07-31 07:00,350.2,6,1.0,1
2025-07-31 08:00,350.2,6,1.0,1
2025-07-31 09:00,350.2,6,1.0,1
2025-07-31 10:00,350.2,6,1.0,1
2025-07-31 11:00,350.2,6,1.0,1
2025-07-31 12:00,350.2,6,1.0,1
2025-07-31 13:00,350.2,6,1.0,1
2025-07-31 14:00,350.2,6,1.0,1
2025-07-31 15:00,350.2,6,1.0,1
2025-07-31 16:00,350.2,6,1.0,1
2025-07-31 17:00,350.2,6,1.0,1
2025-07-31 18:00,350.2,6,1.0,1
2025-07-31 19:00,350.2,6,1.0,1
2025-07-31 20:00,350.2,6,1.0,1
2025-07-31 21:00,350.2,6,1.0,1
2025-07-31 22:00,350.2,6,1.0,1
2025-07-31 23:00,350.2,6,1.0,1
2025-08-01 00:00,350.2,6,1.0,1
2025-08-01 01:00,350.2,6,1.0,1
2025-08-01 02:00,350.2,6,1.0,1
2025-08-01 03:00,350.2,6,1.0,1
2025-08-01 04:00,350.2,6,1.0,1
2025-08-01 05:00,350.2,6,1.0,1
2025-08-01 06:00,350.2,6,1.0,1
2025-08-01 07:00,350.2,6,1.0,1
2025-08-01 08:00,350.2,6,1.0,1
2025-08-01 09:00,350.2,6,1.0,1
2025-08-01 10:00,350.2,6,1.0,1
2025-08-01 11:00,350.2,6,1.0,1
2025-08-01 12:00,350.2,6,1.0,1
2025-08-01 13:00,350.2,6,1.0,1
2025-08-01 14:00,350.2,6,1.0,1
2025-08-01 15:00,350.2,6,1.0,1
2025-08-01 16:00,350.2,6,1.0,1
2025-08-01 17:00,350.2,6,1.0,1
2025-08-01 18:00,350.2,6,1.0,1
2025-08-01 19:00,350.2,6,1.0,1
2025-08-01 20:00,350.2,6,1.0,1
2025-08-01 21:00,350.2,6,1.0,1
2025-08-01 22:00,350.2,6,1.0,1
2025-08-01 23:00,350.2,6,1.0,1
2025-08-02 00:00,350.2,6,1.0,1
2025-08-02 01:00,350.2,6,1.0,1
2025-08-02 02:00,350.2,6,1.0,1
2025-08-02 03:00,350.2,6,1.0,1
2025-08-02 04:00,350.2,6,1.0,1
2025-08-02 05:00,350.2,6,1.0,1
2025-08-02 06:00,350.2,6,1.0,1
2025-08-02 07:00,350.2,6,1.0,1
2025-08-02 08:00,350.2,6,1.0,1
2025-08-02 09:00,350.2,6,1.0,1
2025-08-02 10:00,350.2,6,1.0,1
2025-08-02 11:00,350.2,6,1.0,1
2025-08-02 12:00,350.2,6,1.0,1
2025-08-02 13:00,350.2,6,1.0,1
2025-08-02 14:00,350.2,6,1.0,1
2025-08-02 15:00,350.2,6,1.0,1
2025-08-02 16:00,350.2,6,1.0,1
2025-08-02 17:00,350.2,6,1.0,1
2025-08-02 18:00,350.2,6,1.0,1
2025-08-02 19:00,350.2,6,1.0,1
2025-08-02 20:00,350.2,6,1.0,1
2025-08-02 21:00,350.2,6,1.0,1
2025-08-02 22:00,350.2,6,1.0,1
2025-08-02 23:00,350.2,6,1.0,1
2025-08-03 00:00,350.2,6,1.0,1
2025-08-03 01:00,350.2,6,1.0,1
2025-08-03 02:00,350.2,6,1.0,1
2025-08-03 03:00,350.2,6,1.0,1
2025-08-03 04:00,350.2,6,1.0,1
2025-08-03 05:00,350.2,6,1.0,1
2025-08-03 06:00,350.2,6,1.0,1
2025-08-03 07:00,350.2,6,1.0,1
2025-08-03 08:00,350.2,6,1.0,1
2025-08-03 09:00,350.2,6,1.0,1
2025-08-03 10:00,350.2,6,1.0,1
2025-08-03 11:00,350.2,6,1.0,1
2025-08-03 12:00,350.2,6,1.0,1
2025-08-03 13:00,350.2,6,1.0,1
2025-08-03 14:00,350.2,6,1.0,1
2025-08-03 15:00,350.2,6,1.0,1
2025-08-03 16:00,350.2,6,1.0,1
2025-08-03 17:00,350.2,6,1.0,1
2025-08-03 18:00,350.2,6,1.0,1
2025-08-03 19:00,350.2,6,1.0,1
2025-08-03 20:00,350.2,6,1.0,1
2025-08-03 21:00,350.2,6,1.0,1
2025-08-03 22:00,350.2,6,1.0,1
2025-08-03 23:00,350.2,6,1.0,1
2025-08-04 00:00,350.2,6,1.0,1
2025-08-04 01:00,350.2,6,1.0,1
2025-08-04 02:00,350.2,6,1.0,1
2025-08-04 03:00,350.2,6,1.0,1
2025-08-04 04:00,350.2,6,1.0,1
2025-08-04 05:00,350.2,6,1.0,1
2025-08-04 06:00,350.2,6,1.0,1
2025-08-04 07:00,350.2,6,1.0,1
2025-08-04 08:00,350.2,6,1.0,1
2025-08-04 09:00,350.2,6,1.0,1
2025-08-04 10:00,350.2,6,1.0,1
2025-08-04 11:00,350.2,6,1.0,1
2025-08-04 12:00,350.2,6,1.0,1
2025-08-04 13:00,350.2,6,1.0,1
2025-08-04 14:00,350.2,6,1.0,1
2025-08-04 15:00,350.2,6,1.0,1
2025-08-04 16:00,350.2,6,1.0,1
2025-08-04 17:00,350.2,6,1.0,1
2025-08-04 18:00,350.2,6,1.0,1
2025-08-04 19:00,350.2,6,1.0,1
2025-08-04 20:00,350.2,6,1.0,1
2025-08-04 21:00,350.2,6,1.0,1
2025-08-04 22:00,350.2,6,1.0,1
2025-08-04 23:00,350.2,6,1.0,1
2025-08-05 00:00,350.2,6,1.0,1
2025-08-05 01:00,350.2,6,1.0,1
2025-08-05 02:00,350.2,6,1.0,1
2025-08-05 03:00,350.2,6,1.0,1
2025-08-05 04:00,350.2,6,1.0,1
2025-08-05 05:00,350.2,6,1.0,1
2025-08-05 06:00,350.2,6,1.0,1
2025-08-05 07:00,350.2,6,1.0,1
2025-08-05 08:00,350.2,6,1.0,1
2025-08-05 09:00,350.2,6,1.0,1
2025-08-05 10:00,350.2,6,1.0,1
2025-08-05 11:00,350.2,6,1.0,1
2025-08-05 12:00,350.2,6,1.0,1
2025-08-05 13:00,350.2,6,1.0,1
2025-08-05 14:00,350.2,6,1.0,1
2025-08-05 15:00,350.2,6,1.0,1
2025-08-05 16:00,350.2,6,1.0,1
2025-08-05 17:00,350.2,6,1.0,1
2025-08-05 18:00,350.2,6,1.0,1
2025-08-05 19:00,350.2,6,1.0,1
2025-08-05 20:00,350.2,6,1.0,1
2025-08-05 21:00,350.2,6,1.0,1
2025-08-05 22:00,350.2,6,1.0,1
2025-08-05 23:00,350.2,6,1.0,1
2025-08-06 00:00,350.2,6,1.0,1
2025-08-06 01:00,350.2,6,1.0,1
2025-08-06 02:00,350.2,6,1.0,1
2025-08-06 03:00,350.2,6,1.0,1
2025-08-06 04:00,350.2,6,1.0,1
2025-08-06 05:00,350.2,6,1.0,1
2025-08-06 06:00,350.2,6,1.0,1
2025-08-06 07:00,350.2,6,1.0,1
2025-08-06 08:00,350.2,6,1.0,1
2025-08-06 09:00,350.2,6,1.0,1
2025-08-06 10:00,350.2,6,1.0,1
2025-08-06 11:00,350.2,6,1.0,1
2025-08-06 12:00,350.2,6,1.0,1
2025-08-06 13:00,350.2,6,1.0,1
2025-08-06 14:00,350.2,6,1.0,1
2025-08-06 15:00,350.2,6,1.0,1
2025-08-06 16:00,350.2,6,1.0,1
2025-08-06 17:00,350.2,6,1.0,1
2025-08-06 18:00,350.2,6,1.0,1
2025-08-06 19:00,350.2,6,1.0,1
2025-08-06 20:00,350.2,6,1.0,1
2025-08-06 21:00,350.2,6,1.0,1
2025-08-06 22:00,350.2,6,1.0,1
2025-08-06 23:00,350.2,6,1.0,1
2025-08-07 00:00,350.2,6,1.0,1
2025-08-07 01:00,350.2,6,1.0,1
2025-08-07 02:00,350.2,6,1.0,1
2025-08-07 03:00,350.2,6,1.0,1
2025-08-07 04:00,350.2,6,1.0,1
2025-08-07 05:00,350.2,6,1.0,1
2025-08-07 06:00,350.2,6,1.0,1
2025-08-07 07:00,350.2,6,1.0,1
2025-08-07 08:00,350.2,6,1.0,1
2025-08-07 09:00,350.2,6,1.0,1
2025-08-07 10:00,350.2,6,1.0,1
2025-08-07 11:00,350.2,6,1.0,1
2025-08-07 12:00,350.2,6,1.0,1
2025-08-07 13:00,350.2,6,1.0,1
2025-08-07 14:00,350.2,6,1.0,1
2025-08-07 15:00,350.2,6,1.0,1
2025-08-07 16:00,350.2,6,1.0,1
2025-08-07 17:00,350.2,6,1.0,1
2025-08-07 18:00,350.2,6,1.0,1
2025-08-07 19:00,350.2,6,1.0,1
2025-08-07 20:00,350.2,6,1.0,1
2025-08-07 21:00,350.2,6,1.0,1
2025-08-07 22:00,350.2,6,1.0,1
2025-08-07 23:00,350.2,6,1.0,1
2025-08-08 00:00,350.2,6,1.0,1
2025-08-08 01:00,350.2,6,1.0,1
2025-08-08 02:00,350.2,6,1.0,1
2025-08-08 03:00,350.2,6,1.0,1
2025-08-08 04:00,350.2,6,1.0,1
2025-08-08 05:00,350.2,6,1.0,1
2025-08-08 06:00,350.2,6,1.0,1
2025-08-08 07:00,350.2,6,1.0,1
2025-08-08 08:00,350.2,6,1.0,1
2025-08-08 09:00,350.2,6,1.0,1
2025-08-08 10:00,350.2,6,1.0,1
2025-08-08 11:00,350.2,6,1.0,1
2025-08-08 12:00,350.2,6,1.0,1
2025-08-08 13:00,350.2,6,1.0,1
2025-08-08 14:00,350.2,6,1.0,1
2025-08-08 15:00,350.2,6,1.0,1
2025-08-08 16:00,350.2,6,1.0,1
2025-08-08 17:00,350.2,6,1.0,1
2025-08-08 18:00,350.2,6,1.0,1
2025-08-08 19:00,350.2,6,1.0,1
2025-08-08 20:00,350.2,6,1.0,1
2025-08-08 21:00,350.2,6,1.0,1
2025-08-08 22:00,350.2,6,1.0,1
2025-08-08 23:00,350.2,6,1.0,1
2025-08-09 00:00,350.2,6,1.0,1
2025-08-09 01:00,350.2,6,1.0,1
2025-08-09 02:00,350.2,6,1.0,1
2025-08-09 03:00,350.2,6,1.0,1
2025-08-09 04:00,350.2,6,1.0,1
2025-08-09 05:00,350.2,6,1.0,1
2025-08-09 06:00,350.2,6,1.0,1
2025-08-09 07:00,350.2,6,1.0,1
2025-08-09 08:00,350.2,6,1.0,1
2025-08-09 09:00,350.2,6,1.0,1
2025-08-09 10:00,350.2,6,1.0,1
2025-08-09 11:00,350.2,6,1.0,1
2025-08-09 12:00,350.2,6,1.0,1
2025-08-09 13:00,350.2,6,1.0,1
2025-08-09 14:00,350.2,6,1.0,1
2025-08-09 15:00,350.2,6,1.0,1
2025-08-09 16:00,350.2,6,1.0,1
2025-08-09 17:00,350.2,6,1.0,1
2025-08-09 18:00,350.2,6,1.0,1
2025-08-09 19:00,350.2,6,1.0,1
2025-08-09 20:00,350.2,6,1.0,1
2025-08-09 21:00,350.2,6,1.0,1
2025-08-09 22:00,350.2,6,1.0,1
2025-08-09 23:00,350.2,6,1.0,1
2025-08-10 00:00,350.2,6,1.0,1
2025-08-10 01:00,350.2,6,1.0,1
2025-08-10 02:00,350.2,6,1.0,1
2025-08-10 03:00,350.2,6,1.0,1
2025-08-10 04:00,350.2,6,1.0,1
2025-08-10 05:00,350.2,6,1.0,1
2025-08-10 06:00,350.2,6,1.0,1
2025-08-10 07:00,350.2,6,1.0,1
2025-08-10 08:00,350.2,6,1.0,1
2025-08-10 09:00,350.2,6,1.0,1
2025-08-10 10:00,350.2,6,1.0,1
2025-08-10 11:00,350.2,6,1.0,1
2025-08-10 12:00,350.2,6,1.0,1
2025-08-10 13:00,350.2,6,1.0,1
2025-08-10 14:00,350.2,6,1.0,1
2025-08-10 15:00,350.2,6,1.0,1
2025-08-10 16:00,350.2,6,1.0,1
2025-08-10 17:00,350.2,6,1.0,1
2025-08-10 18:00,350.2,6,1.0,1
2025-08-10 19:00,350.2,6,1.0,1
2025-08-10 20:00,350.2,6,1.0,1
2025-08-10 21:00,350.2,6,1.0,1
2025-08-10 22:00,350.2,6,1.0,1
2025-08-10 23:00,350.2,6,1.0,1
2025-08-11 00:00,350.2,6,1.0,1
2025-08-11 01:00,350.2,6,1.0,1
2025-08-11 02:00,350.2,6,1.0,1
2025-08-11 03:00,350.2,6,1.0,1
2025-08-11 04:00,350.2,6,1.0,1
2025-08-11 05:00,350.2,6,1.0,1
2025-08-11 06:00,350.2,6,1.0,1
2025-08-11 07:00,350.2,6,1.0,1
2025-08-11 08:00,350.2,6,1.0,1
2025-08-11 09:00,350.2,6,1.0,1
2025-08-11 10:00,350.2,6,1.0,1
2025-08-11 11:00,350.2,6,1.0,1
2025-08-11 12:00,350.2,6,1.0,1
2025-08-11 13:00,350.2,6,1.0,1
2025-08-11 14:00,350.2,6,1.0,1
2025-08-11 15:00,350.2,6,1.0,1
2025-08-11 16:00,350.2,6,1.0,1
2025-08-11 17:00,350.2,6,1.0,1
2025-08-11 18:00,350.2,6,1.0,1
2025-08-11 19:00,350.2,6,1.0,1
2025-08-11 20:00,350.2,6,1.0,1
2025-08-11 21:00,350.2,6,1.0,1
2025-08-11 22:00,350.2,6,1.0,1
2025-08-11 23:00,350.2,6,1.0,1
2025-08-12 00:00,350.2,6,1.0,1
2025-08-12 01:00,350.2,6,1.0,1
2025-08-12 02:00,350.2,6,1.0,1
2025-08-12 03:00,350.2,6,1.0,1
2025-08-12 04:00,350.2,6,1.0,1
2025-08-12 05:00,350.2,6,1.0,1
2025-08-12 06:00,350.2,6,1.0,1
2025-08-12 07:00,350.2,6,1.0,1
2025-08-12 08:00,350.2,6,1.0,1
2025-08-12 09:00,350.2,6,1.0,1
2025-08-12 10:00,350.2,6,1.0,1
2025-08-12 11:00,350.2,6,1.0,1
2025-08-12 12:00,350.2,6,1.0,1
2025-08-12 13:00,350.2,6,1.0,1
2025-08-12 14:00,350.2,6,1.0,1
2025-08-12 15:00,350.2,6,1.0,1
2025-08-12 16:00,350.6,6,1.0,1
2025-08-12 17:00,357.8,6,1.0,1
2025-08-12 18:00,357.8,6,1.0,1
2025-08-12 19:00,357.8,6,1.0,1
2025-08-12 20:00,357.8,6,1.0,1
2025-08-12 21:00,357.8,6,1.0,1
2025-08-12 22:00,357.8,6,1.0,1
2025-08-12 23:00,357.8,6,1.0,1
2025-08-13 00:00,357.8,6,1.0,1
2025-08-13 01:00,357.8,6,1.0,1
2025-08-13 02:00,357.8,6,1.0,1
2025-08-13 03:00,357.8,6,1.0,1
2025-08-13 04:00,357.8,6,1.0,1
2025-08-13 05:00,357.8,6,1.0,1
2025-08-13 06:00,357.8,6,1.0,1
2025-08-13 07:00,357.8,6,1.0,1
2025-08-13 08:00,357.8,6,1.0,1
2025-08-13 09:00,357.8,6,1.0,1
2025-08-13 10:00,357.8,6,1.0,1
2025-08-13 11:00,357.8,6,1.0,1
2025-08-13 12:00,357.8,6,1.0,1
2025-08-13 13:00,357.8,6,1.0,1
2025-08-13 14:00,357.8,6,1.0,1
2025-08-13 15:00,357.8,6,1.0,1
2025-08-13 16:00,357.8,6,1.0,1
2025-08-13 17:00,357.8,6,1.0,1
2025-08-13 18:00,357.8,6,1.0,1
2025-08-13 19:00,357.8,6,1.0,1
2025-08-13 20:00,357.8,6,1.0,1
2025-08-13 21:00,357.8,6,1.0,1
2025-08-13 22:00,357.8,6,1.0,1
2025-08-13 23:00,357.8,6,1.0,1
2025-08-14 00:00,357.8,6,1.0,1
2025-08-14 01:00,357.8,6,1.0,1
2025-08-14 02:00,357.8,6,1.0,1
2025-08-14 03:00,357.8,6,1.0,1
2025-08-14 04:00,357.8,6,1.0,1
2025-08-14 05:00,357.8,6,1.0,1
2025-08-14 06:00,357.8,6,1.0,1
2025-08-14 07:00,357.8,6,1.0,1
2025-08-14 08:00,357.8,6,1.0,1
2025-08-14 09:00,357.8,6,1.0,1
2025-08-14 10:00,357.8,6,1.0,1
2025-08-14 11:00,357.8,6,1.0,1
2025-08-14 12:00,357.8,6,1.0,1
2025-08-14 13:00,357.8,6,1.0,1
2025-08-14 14:00,357.8,6,1.0,1
2025-08-14 15:00,357.8,6,1.0,1
2025-08-14 16:00,357.8,6,1.0,1
2025-08-14 17:00,357.8,6,1.0,1
2025-08-14 18:00,357.8,6,1.0,1
2025-08-14 19:00,358.2,6,1.0,1
2025-08-14 20:00,358.4,6,1.0,1
2025-08-14 21:00,358.4,6,1.0,1
2025-08-14 22:00,358.4,6,1.0,1
2025-08-14 23:00,358.4,6,1.0,1
2025-08-15 00:00,358.4,6,1.0,1
2025-08-15 01:00,358.4,6,1.0,1
2025-08-15 02:00,358.4,6,1.0,1
2025-08-15 03:00,358.4,6,1.0,1
2025-08-15 04:00,358.4,6,1.0,1
2025-08-15 05:00,358.4,6,1.0,1
2025-08-15 06:00,358.4,6,1.0,1
2025-08-15 07:00,358.4,6,1.0,1
2025-08-15 08:00,358.4,6,1.0,1
2025-08-15 09:00,358.4,6,1.0,1
2025-08-15 10:00,358.4,6,1.0,1
2025-08-15 11:00,358.4,6,1.0,1
2025-08-15 12:00,358.4,6,1.0,1
2025-08-15 13:00,358.4,6,1.0,1
2025-08-15 14:00,358.4,6,1.0,1
2025-08-15 15:00,358.4,6,1.0,1
2025-08-15 16:00,358.4,6,1.0,1
2025-08-15 17:00,358.4,6,1.0,1
2025-08-15 18:00,358.4,6,1.0,1
2025-08-15 19:00,358.4,6,1.0,1
2025-08-15 20:00,358.4,6,1.0,1
2025-08-15 21:00,358.4,6,1.0,1
2025-08-15 22:00,358.4,6,1.0,1
2025-08-15 23:00,358.4,6,1.0,1
2025-08-16 00:00,358.4,6,1.0,1
2025-08-16 01:00,358.4,6,1.0,1
2025-08-16 02:00,358.4,6,1.0,1
2025-08-16 03:00,358.4,6,1.0,1
2025-08-16 04:00,358.4,6,1.0,1
2025-08-16 05:00,358.4,6,1.0,1
2025-08-16 06:00,358.4,6,1.0,1
2025-08-16 07:00,358.4,6,1.0,1
2025-08-16 08:00,358.4,6,1.0,1
2025-08-16 09:00,358.4,6,1.0,1
2025-08-16 10:00,358.4,6,1.0,1
2025-08-16 11:00,358.4,6,1.0,1
2025-08-16 12:00,358.4,6,1.0,1
2025-08-16 13:00,358.4,6,1.0,1
2025-08-16 14:00,358.4,6,1.0,1
2025-08-16 15:00,358.8,6,1.0,1
2025-08-16 16:00,359.6,6,1.0,1
2025-08-16 17:00,360.6,6,1.0,1
2025-08-16 18:00,360.6,6,1.0,1
2025-08-16 19:00,360.6,6,1.0,1
2025-08-16 20:00,360.6,6,1.0,1
2025-08-16 21:00,360.6,6,1.0,1
2025-08-16 22:00,360.6,6,1.0,1
2025-08-16 23:00,360.6,6,1.0,1
2025-08-17 00:00,360.6,6,1.0,1
2025-08-17 01:00,360.6,6,1.0,1
2025-08-17 02:00,360.6,6,1.0,1
2025-08-17 03:00,360.6,6,1.0,1
2025-08-17 04:00,360.6,6,1.0,1
2025-08-17 05:00,360.6,6,1.0,1
2025-08-17 06:00,360.6,6,1.0,1
2025-08-17 07:00,360.6,6,1.0,1
2025-08-17 08:00,360.6,6,1.0,1
2025-08-17 09:00,360.6,6,1.0,1
2025-08-17 10:00,360.6,6,1.0,1
2025-08-17 11:00,360.6,6,1.0,1
2025-08-17 12:00,360.6,6,1.0,1
2025-08-17 13:00,360.6,6,1.0,1
2025-08-17 14:00,360.6,6,1.0,1
2025-08-17 15:00,360.6,6,1.0,1
2025-08-17 16:00,360.6,6,1.0,1
2025-08-17 17:00,360.6,6,1.0,1
2025-08-17 18:00,360.6,6,1.0,1
2025-08-17 19:00,360.6,6,1.0,1
2025-08-17 20:00,360.6,6,1.0,1
2025-08-17 21:00,360.6,6,1.0,1
2025-08-17 22:00,360.6,6,1.0,1
2025-08-17 23:00,360.6,6,1.0,1
2025-08-18 00:00,360.6,6,1.0,1
2025-08-18 01:00,360.6,6,1.0,1
2025-08-18 02:00,360.6,6,1.0,1
2025-08-18 03:00,360.6,6,1.0,1
2025-08-18 04:00,360.6,6,1.0,1
2025-08-18 05:00,360.6,6,1.0,1
2025-08-18 06:00,360.6,6,1.0,1
2025-08-18 07:00,360.6,6,1.0,1
2025-08-18 08:00,360.6,6,1.0,1
2025-08-18 09:00,360.6,6,1.0,1
2025-08-18 10:00,360.6,6,1.0,1
2025-08-18 11:00,360.6,6,1.0,1
2025-08-18 12:00,360.6,6,1.0,1
2025-08-18 13:00,360.6,6,1.0,1
2025-08-18 14:00,360.6,6,1.0,1
2025-08-18 15:00,362.4,6,1.0,1
2025-08-18 16:00,364.2,6,1.0,1
2025-08-18 17:00,364.2,6,1.0,1
2025-08-18 18:00,364.2,6,1.0,1
2025-08-18 19:00,364.2,6,1.0,1
2025-08-18 20:00,364.2,6,1.0,1
2025-08-18 21:00,364.2,6,1.0,1
2025-08-18 22:00,364.2,6,1.0,1
2025-08-18 23:00,364.2,6,1.0,1
2025-08-19 00:00,364.2,6,1.0,1
2025-08-19 01:00,364.2,6,1.0,1
2025-08-19 02:00,364.2,6,1.0,1
2025-08-19 03:00,364.2,6,1.0,1
2025-08-19 04:00,364.2,6,1.0,1
2025-08-19 05:00,364.2,6,1.0,1
2025-08-19 06:00,364.2,6,1.0,1
2025-08-19 07:00,364.2,6,1.0,1
2025-08-19 08:00,364.2,6,1.0,1
2025-08-19 09:00,364.2,6,1.0,1
2025-08-19 10:00,364.2,6,1.0,1
2025-08-19 11:00,364.2,6,1.0,1
2025-08-19 12:00,364.2,6,1.0,1
2025-08-19 13:00,364.2,6,1.0,1
2025-08-19 14:00,364.2,6,1.0,1
2025-08-19 15:00,364.2,6,1.0,1
2025-08-19 16:00,364.2,6,1.0,1
2025-08-19 17:00,364.2,6,1.0,1
2025-08-19 18:00,364.2,6,1.0,1
2025-08-19 19:00,364.2,6,1.0,1
2025-08-19 20:00,364.2,6,1.0,1
2025-08-19 21:00,364.2,6,1.0,1
2025-08-19 22:00,364.2,6,1.0,1
2025-08-19 23:00,364.2,6,1.0,1
2025-08-20 00:00,364.2,6,1.0,1
2025-08-20 01:00,364.2,6,1.0,1
2025-08-20 02:00,364.2,6,1.0,1
2025-08-20 03:00,364.2,6,1.0,1
2025-08-20 04:00,364.2,6,1.0,1
2025-08-20 05:00,364.2,6,1.0,1
2025-08-20 06:00,364.2,6,1.0,1
2025-08-20 07:00,364.2,6,1.0,1
2025-08-20 08:00,364.2,6,1.0,1
2025-08-20 09:00,364.2,6,1.0,1
2025-08-20 10:00,364.2,6,1.0,1
2025-08-20 11:00,364.2,6,1.0,1
2025-08-20 12:00,364.2,6,1.0,1
2025-08-20 13:00,364.2,6,1.0,1
2025-08-20 14:00,364.2,6,1.0,1
2025-08-20 15:00,364.2,6,1.0,1
2025-08-20 16:00,364.2,6,1.0,1
2025-08-20 17:00,364.2,6,1.0,1
2025-08-20 18:00,364.2,6,1.0,1
2025-08-20 19:00,364.2,6,1.0,1
2025-08-20 20:00,364.2,6,1.0,1
2025-08-20 21:00,364.2,6,1.0,1
2025-08-20 22:00,364.2,6,1.0,1
2025-08-20 23:00,364.2,6,1.0,1
2025-08-21 00:00,364.2,6,1.0,1
2025-08-21 01:00,364.2,6,1.0,1
2025-08-21 02:00,364.2,6,1.0,1
2025-08-21 03:00,364.2,6,1.0,1
2025-08-21 04:00,364.2,6,1.0,1
2025-08-21 05:00,364.2,6,1.0,1
2025-08-21 06:00,365.2,6,1.0,1
2025-08-21 07:00,365.2,6,1.0,1
2025-08-21 08:00,365.2,6,1.0,1
2025-08-21 09:00,365.2,6,1.0,1
2025-08-21 10:00,365.2,6,1.0,1
2025-08-21 11:00,365.2,6,1.0,1
2025-08-21 12:00,365.2,6,1.0,1
2025-08-21 13:00,365.2,6,1.0,1
2025-08-21 14:00,365.2,6,1.0,1
2025-08-21 15:00,365.2,6,1.0,1
2025-08-21 16:00,365.2,6,1.0,1
2025-08-21 17:00,365.2,6,1.0,1
2025-08-21 18:00,365.2,6,1.0,1
2025-08-21 19:00,365.2,6,1.0,1
2025-08-21 20:00,365.2,6,1.0,1
2025-08-21 21:00,365.2,6,1.0,1
2025-08-21 22:00,365.2,6,1.0,1
2025-08-21 23:00,365.2,6,1.0,1
2025-08-22 00:00,365.2,6,1.0,1
2025-08-22 01:00,365.2,6,1.0,1
2025-08-22 02:00,365.2,6,1.0,1
2025-08-22 03:00,365.2,6,1.0,1
2025-08-22 04:00,365.2,6,1.0,1
2025-08-22 05:00,368.0,6,1.0,1
2025-08-22 06:00,368.0,6,1.0,1
2025-08-22 07:00,368.4,6,1.0,1
2025-08-22 08:00,368.4,6,1.0,1
2025-08-22 09:00,368.4,6,1.0,1
2025-08-22 10:00,368.4,6,1.0,1
2025-08-22 11:00,368.4,6,1.0,1
2025-08-22 12:00,368.4,6,1.0,1
2025-08-22 13:00,368.4,6,1.0,1
2025-08-22 14:00,368.4,6,1.0,1
2025-08-22 15:00,368.4,6,1.0,1
2025-08-22 16:00,368.4,6,1.0,1
2025-08-22 17:00,368.4,6,1.0,1
2025-08-22 18:00,368.4,6,1.0,1
2025-08-22 19:00,368.4,6,1.0,1
2025-08-22 20:00,368.4,6,1.0,1
2025-08-22 21:00,368.4,6,1.0,1
2025-08-22 22:00,368.4,6,1.0,1
2025-08-22 23:00,368.4,6,1.0,1
2025-08-23 00:00,368.4,6,1.0,1
2025-08-23 01:00,368.4,6,1.0,1
2025-08-23 02:00,368.4,6,1.0,1
2025-08-23 03:00,368.4,6,1.0,1
2025-08-23 04:00,368.8,6,1.0,1
2025-08-23 05:00,371.4,6,1.0,1
2025-08-23 06:00,371.4,6,1.0,1
2025-08-23 07:00,371.4,6,1.0,1
2025-08-23 08:00,371.4,6,1.0,1
2025-08-23 09:00,371.6,6,1.0,1
2025-08-23 10:00,371.6,6,1.0,1
2025-08-23 11:00,371.6,6,1.0,1
2025-08-23 12:00,371.6,6,1.0,1
2025-08-23 13:00,371.6,6,1.0,1
2025-08-23 14:00,371.6,6,1.0,1
2025-08-23 15:00,371.6,6,1.0,1
2025-08-23 16:00,371.6,6,1.0,1
2025-08-23 17:00,371.6,6,1.0,1
2025-08-23 18:00,371.6,6,1.0,1
2025-08-23 19:00,371.6,6,1.0,1
2025-08-23 20:00,371.6,6,1.0,1
2025-08-23 21:00,371.6,6,1.0,1
2025-08-23 22:00,371.6,6,1.0,1
2025-08-23 23:00,371.6,6,1.0,1
2025-08-24 00:00,371.6,6,1.0,1
2025-08-24 01:00,371.6,6,1.0,1
2025-08-24 02:00,371.6,6,1.0,1
2025-08-24 03:00,371.6,6,1.0,1
2025-08-24 04:00,371.6,6,1.0,1
2025-08-24 05:00,371.6,6,1.0,1
2025-08-24 06:00,371.6,6,1.0,1
2025-08-24 07:00,371.6,6,1.0,1
2025-08-24 08:00,371.6,6,1.0,1
2025-08-24 09:00,371.6,6,1.0,1
2025-08-24 10:00,371.6,6,1.0,1
2025-08-24 11:00,371.6,6,1.0,1
2025-08-24 12:00,371.6,6,1.0,1
2025-08-24 13:00,371.6,6,1.0,1
2025-08-24 14:00,371.6,6,1.0,1
2025-08-24 15:00,371.6,6,1.0,1
2025-08-24 16:00,371.6,6,1.0,1
2025-08-24 17:00,371.6,6,1.0,1
2025-08-24 18:00,371.6,6,1.0,1
2025-08-24 19:00,371.6,6,1.0,1
2025-08-24 20:00,371.6,6,1.0,1
2025-08-24 21:00,371.6,6,1.0,1
2025-08-24 22:00,371.6,6,1.0,1
2025-08-24 23:00,371.6,6,1.0,1
2025-08-25 00:00,371.6,6,1.0,1
2025-08-25 01:00,371.6,6,1.0,1
2025-08-25 02:00,371.6,6,1.0,1
2025-08-25 03:00,371.6,6,1.0,1
2025-08-25 04:00,371.6,6,1.0,1
2025-08-25 05:00,371.6,6,1.0,1
2025-08-25 06:00,371.6,6,1.0,1
2025-08-25 07:00,371.6,6,1.0,1
2025-08-25 08:00,371.6,6,1.0,1
2025-08-25 09:00,371.6,6,1.0,1
2025-08-25 10:00,371.6,6,1.0,1
2025-08-25 11:00,371.6,6,1.0,1
2025-08-25 12:00,371.6,6,1.0,1
2025-08-25 13:00,371.6,6,1.0,1
2025-08-25 14:00,371.6,6,1.0,1
2025-08-25 15:00,371.6,6,1.0,1
2025-08-25 16:00,371.6,6,1.0,1
2025-08-25 17:00,371.6,6,1.0,1
2025-08-25 18:00,371.6,6,1.0,1
2025-08-25 19:00,371.6,6,1.0,1
2025-08-25 20:00,371.6,6,1.0,1
2025-08-25 21:00,371.6,6,1.0,1
2025-08-25 22:00,371.6,6,1.0,1
2025-08-25 23:00,371.6,6,1.0,1
2025-08-26 00:00,371.6,6,1.0,1
2025-08-26 01:00,371.6,6,1.0,1
2025-08-26 02:00,371.6,6,1.0,1
2025-08-26 03:00,371.6,6,1.0,1
2025-08-26 04:00,371.6,6,1.0,1
2025-08-26 05:00,371.6,6,1.0,1
2025-08-26 06:00,371.6,6,1.0,1
2025-08-26 07:00,371.6,6,1.0,1
2025-08-26 08:00,371.6,6,1.0,1
2025-08-26 09:00,371.6,6,1.0,1
2025-08-26 10:00,371.6,6,1.0,1
2025-08-26 11:00,371.6,6,1.0,1
2025-08-26 12:00,371.6,6,1.0,1
2025-08-26 13:00,371.6,6,1.0,1
2025-08-26 14:00,371.6,6,1.0,1
2025-08-26 15:00,371.6,6,1.0,1
2025-08-26 16:00,371.6,6,1.0,1
2025-08-26 17:00,371.6,6,1.0,1
2025-08-26 18:00,371.6,6,1.0,1
2025-08-26 19:00,371.6,6,1.0,1
2025-08-26 20:00,371.6,6,1.0,1
2025-08-26 21:00,371.6,6,1.0,1
2025-08-26 22:00,371.6,6,1.0,1
2025-08-26 23:00,371.6,6,1.0,1
2025-08-27 00:00,371.6,6,1.0,1
2025-08-27 01:00,371.6,6,1.0,1
2025-08-27 02:00,371.6,6,1.0,1
2025-08-27 03:00,371.6,6,1.0,1
2025-08-27 04:00,371.6,6,1.0,1
2025-08-27 05:00,371.6,6,1.0,1
2025-08-27 06:00,371.6,6,1.0,1
2025-08-27 07:00,371.6,6,1.0,1
2025-08-27 08:00,371.6,6,1.0,1
2025-08-27 09:00,371.6,6,1.0,1
2025-08-27 10:00,371.6,6,1.0,1
2025-08-27 11:00,371.6,6,1.0,1
2025-08-27 12:00,371.6,6,1.0,1
2025-08-27 13:00,371.6,6,1.0,1
2025-08-27 14:00,371.6,6,1.0,1
2025-08-27 15:00,371.6,6,1.0,1
2025-08-27 16:00,371.6,6,1.0,1
2025-08-27 17:00,371.6,6,1.0,1
2025-08-27 18:00,371.6,6,1.0,1
2025-08-27 19:00,371.6,6,1.0,1
2025-08-27 20:00,371.6,6,1.0,1
2025-08-27 21:00,371.6,6,1.0,1
2025-08-27 22:00,371.6,6,1.0,1
2025-08-27 23:00,371.6,6,1.0,1
2025-08-28 00:00,371.6,6,1.0,1
2025-08-28 01:00,371.6,6,1.0,1
2025-08-28 02:00,371.6,6,1.0,1
2025-08-28 03:00,371.6,6,1.0,1
2025-08-28 04:00,371.6,6,1.0,1
2025-08-28 05:00,371.6,6,1.0,1
2025-08-28 06:00,371.6,6,1.0,1
2025-08-28 07:00,371.6,6,1.0,1
2025-08-28 08:00,371.6,6,1.0,1
2025-08-28 09:00,371.6,6,1.0,1
2025-08-28 10:00,371.6,6,1.0,1
2025-08-28 11:00,371.6,6,1.0,1
2025-08-28 12:00,371.6,6,1.0,1
2025-08-28 13:00,371.6,6,1.0,1
2025-08-28 14:00,371.6,6,1.0,1
2025-08-28 15:00,371.6,6,1.0,1
2025-08-28 16:00,371.6,6,1.0,1
2025-08-28 17:00,371.6,6,1.0,1
2025-08-28 18:00,371.6,6,1.0,1
2025-08-28 19:00,371.6,6,1.0,1
2025-08-28 20:00,371.6,6,1.0,1
2025-08-28 21:00,371.6,6,1.0,1
2025-08-28 22:00,371.6,6,1.0,1
2025-08-28 23:00,371.6,6,1.0,1
2025-08-29 00:00,371.6,6,1.0,1
2025-08-29 01:00,371.6,6,1.0,1
2025-08-29 02:00,371.6,6,1.0,1
2025-08-29 03:00,371.6,6,1.0,1
2025-08-29 04:00,371.6,6,1.0,1
2025-08-29 05:00,371.6,6,1.0,1
2025-08-29 06:00,371.6,6,1.0,1
2025-08-29 07:00,371.6,6,1.0,1
2025-08-29 08:00,371.6,6,1.0,1
2025-08-29 09:00,371.6,6,1.0,1
2025-08-29 10:00,371.6,6,1.0,1
2025-08-29 11:00,371.6,6,1.0,1
2025-08-29 12:00,371.6,6,1.0,1
2025-08-29 13:00,371.8,6,1.0,1
2025-08-29 14:00,371.8,6,1.0,1
2025-08-29 15:00,371.8,6,1.0,1
2025-08-29 16:00,371.8,6,1.0,1
2025-08-29 17:00,371.8,6,1.0,1
2025-08-29 18:00,371.8,6,1.0,1
2025-08-29 19:00,371.8,6,1.0,1
2025-08-29 20:00,371.8,6,1.0,1
2025-08-29 21:00,383.0,6,1.0,1
2025-08-29 22:00,385.6,6,1.0,1
2025-08-29 23:00,385.8,6,1.0,1
2025-08-30 00:00,385.8,6,1.0,1
2025-08-30 01:00,391.0,6,1.0,1
2025-08-30 02:00,392.0,6,1.0,1
2025-08-30 03:00,392.0,6,1.0,1
2025-08-30 04:00,392.0,6,1.0,1
2025-08-30 05:00,394.8,6,1.0,1
2025-08-30 06:00,398.8,6,1.0,1
2025-08-30 07:00,398.8,6,1.0,1
2025-08-30 08:00,398.8,6,1.0,1
2025-08-30 09:00,398.8,6,1.0,1
2025-08-30 10:00,398.8,6,1.0,1
2025-08-30 11:00,398.8,6,1.0,1
2025-08-30 12:00,398.8,6,1.0,1
2025-08-30 13:00,398.8,6,1.0,1
2025-08-30 14:00,398.8,6,1.0,1
2025-08-30 15:00,398.8,6,1.0,1
2025-08-30 16:00,398.8,6,1.0,1
2025-08-30 17:00,398.8,6,1.0,1
2025-08-30 18:00,398.8,6,1.0,1
2025-08-30 19:00,398.8,6,1.0,1
2025-08-30 20:00,398.8,6,1.0,1
2025-08-30 21:00,398.8,6,1.0,1
2025-08-30 22:00,398.8,6,1.0,1
2025-08-30 23:00,398.8,6,1.0,1
2025-08-31 00:00,398.8,6,1.0,1
2025-08-31 01:00,398.8,6,1.0,1
2025-08-31 02:00,398.8,6,1.0,1
2025-08-31 03:00,398.8,6,1.0,1
2025-08-31 04:00,398.8,6,1.0,1
2025-08-31 05:00,398.8,6,1.0,1
2025-08-31 06:00,398.8,6,1.0,1
2025-08-31 07:00,398.8,6,1.0,1
2025-08-31 08:00,398.8,6,1.0,1
2025-08-31 09:00,398.8,6,1.0,1
2025-08-31 10:00,398.8,6,1.0,1
2025-08-31 11:00,398.8,6,1.0,1
2025-08-31 12:00,398.8,6,1.0,1
2025-08-31 13:00,398.8,6,1.0,1
2025-08-31 14:00,398.8,6,1.0,1
2025-08-31 15:00,398.8,6,1.0,1
2025-08-31 16:00,398.8,6,1.0,1
2025-08-31 17:00,398.8,6,1.0,1
2025-08-31 18:00,398.8,6,1.0,1
2025-08-31 19:00,398.8,6,1.0,1
2025-08-31 20:00,398.8,6,1.0,1
2025-08-31 21:00,398.8,6,1.0,1
2025-08-31 22:00,398.8,6,1.0,1
2025-08-31 23:00,398.8,6,1.0,1
2025-09-01 00:00,398.8,6,1.0,1
2025-09-01 01:00,398.8,6,1.0,1
2025-09-01 02:00,398.8,6,1.0,1
2025-09-01 03:00,398.8,6,1.0,1
2025-09-01 04:00,398.8,6,1.0,1
2025-09-01 05:00,398.8,6,1.0,1
2025-09-01 06:00,398.8,6,1.0,1
2025-09-01 07:00,398.8,6,1.0,1
2025-09-01 08:00,398.8,6,1.0,1
2025-09-01 09:00,398.8,6,1.0,1
2025-09-01 10:00,398.8,6,1.0,1
2025-09-01 11:00,398.8,6,1.0,1
2025-09-01 12:00,398.8,6,1.0,1
2025-09-01 13:00,398.8,6,1.0,1
2025-09-01 14:00,398.8,6,1.0,1
2025-09-01 15:00,398.8,6,1.0,1
2025-09-01 16:00,398.8,6,1.0,1
2025-09-01 17:00,398.8,6,1.0,1
2025-09-01 18:00,398.8,6,1.0,1
2025-09-01 19:00,398.8,6,1.0,1
2025-09-01 20:00,398.8,6,1.0,1
2025-09-01 21:00,398.8,6,1.0,1
2025-09-01 22:00,398.8,6,1.0,1
2025-09-01 23:00,398.8,6,1.0,1
2025-09-02 00:00,398.8,6,1.0,1
2025-09-02 01:00,398.8,6,1.0,1
2025-09-02 02:00,398.8,6,1.0,1
2025-09-02 03:00,398.8,6,1.0,1
2025-09-02 04:00,398.8,6,1.0,1
2025-09-02 05:00,398.8,6,1.0,1
2025-09-02 06:00,398.8,6,1.0,1
2025-09-02 07:00,398.8,6,1.0,1
2025-09-02 08:00,398.8,6,1.0,1
2025-09-02 09:00,399.6,6,1.0,1
2025-09-02 10:00,399.8,6,1.0,1
2025-09-02 11:00,399.8,6,1.0,1
2025-09-02 12:00,399.8,6,1.0,1
2025-09-02 13:00,399.8,6,1.0,1
2025-09-02 14:00,399.8,6,1.0,1
2025-09-02 15:00,399.8,6,1.0,1
2025-09-02 16:00,399.8,6,1.0,1
2025-09-02 17:00,400.0,6,1.0,1
2025-09-02 18:00,400.0,6,1.0,1
2025-09-02 19:00,400.0,6,1.0,1
2025-09-02 20:00,400.0,6,1.0,1
2025-09-02 21:00,400.0,6,1.0,1
2025-09-02 22:00,400.0,6,1.0,1
2025-09-02 23:00,400.0,6,1.0,1
2025-09-03 00:00,400.0,6,1.0,1
2025-09-03 01:00,400.0,6,1.0,1
2025-09-03 02:00,400.0,6,1.0,1
2025-09-03 03:00,400.0,6,1.0,1
2025-09-03 04:00,400.0,6,1.0,1
2025-09-03 05:00,400.0,6,1.0,1
2025-09-03 06:00,400.0,6,1.0,1
2025-09-03 07:00,400.0,6,1.0,1
2025-09-03 08:00,400.0,6,1.0,1
2025-09-03 09:00,400.0,6,1.0,1
2025-09-03 10:00,400.0,6,1.0,1
2025-09-03 11:00,400.0,6,1.0,1
2025-09-03 12:00,400.0,6,1.0,1
2025-09-03 13:00,400.0,6,1.0,1
2025-09-03 14:00,400.0,6,1.0,1
2025-09-03 15:00,400.0,6,1.0,1
2025-09-03 16:00,400.0,6,1.0,1
2025-09-03 17:00,400.0,6,1.0,1
2025-09-03 18:00,400.0,6,1.0,1
2025-09-03 19:00,400.0,6,1.0,1
2025-09-03 20:00,400.0,6,1.0,1
2025-09-03 21:00,400.0,6,1.0,1
2025-09-03 22:00,400.0,6,1.0,1
2025-09-03 23:00,400.0,6,1.0,1
2025-09-04 00:00,400.0,6,1.0,1
2025-09-04 01:00,400.0,6,1.0,1
2025-09-04 02:00,400.0,6,1.0,1
2025-09-04 03:00,400.0,6,1.0,1
2025-09-04 04:00,400.0,6,1.0,1
2025-09-04 05:00,400.0,6,1.0,1
2025-09-04 06:00,400.0,6,1.0,1
2025-09-04 07:00,400.0,6,1.0,1
2025-09-04 08:00,400.0,6,1.0,1
2025-09-04 09:00,400.0,6,1.0,1
2025-09-04 10:00,400.0,6,1.0,1
2025-09-04 11:00,400.0,6,1.0,1
2025-09-04 12:00,400.0,6,1.0,1
2025-09-04 13:00,400.0,6,1.0,1
2025-09-04 14:00,400.0,6,1.0,1
2025-09-04 15:00,400.0,6,1.0,1
2025-09-04 16:00,400.0,6,1.0,1
2025-09-04 17:00,400.0,6,1.0,1
2025-09-04 18:00,400.0,6,1.0,1
2025-09-04 19:00,400.0,6,1.0,1
2025-09-04 20:00,400.0,6,1.0,1
2025-09-04 21:00,400.0,6,1.0,1
2025-09-04 22:00,400.0,6,1.0,1
2025-09-04 23:00,400.0,6,1.0,1
2025-09-05 00:00,400.0,6,1.0,1
2025-09-05 01:00,400.0,6,1.0,1
2025-09-05 02:00,400.0,6,1.0,1
2025-09-05 03:00,400.0,6,1.0,1
2025-09-05 04:00,400.0,6,1.0,1
2025-09-05 05:00,400.0,6,1.0,1
2025-09-05 06:00,400.0,6,1.0,1
2025-09-05 07:00,400.0,6,1.0,1
2025-09-05 08:00,400.0,6,1.0,1
2025-09-05 09:00,400.0,6,1.0,1
2025-09-05 10:00,400.0,6,1.0,1
2025-09-05 11:00,400.0,6,1.0,1
2025-09-05 12:00,400.0,6,1.0,1
2025-09-05 13:00,400.0,6,1.0,1
2025-09-05 14:00,400.0,6,1.0,1
2025-09-05 15:00,400.0,6,1.0,1
2025-09-05 16:00,400.0,6,1.0,1
2025-09-05 17:00,400.0,6,1.0,1
2025-09-05 18:00,400.0,6,1.0,1
2025-09-05 19:00,400.0,6,1.0,1
2025-09-05 20:00,400.0,6,1.0,1
2025-09-05 21:00,400.0,6,1.0,1
2025-09-05 22:00,400.0,6,1.0,1
2025-09-05 23:00,400.0,6,1.0,1
2025-09-06 00:00,400.0,6,1.0,1
2025-09-06 01:00,400.0,6,1.0,1
2025-09-06 02:00,400.0,6,1.0,1
2025-09-06 03:00,400.0,6,1.0,1
2025-09-06 04:00,400.0,6,1.0,1
2025-09-06 05:00,400.0,6,1.0,1
2025-09-06 06:00,400.0,6,1.0,1
2025-09-06 07:00,400.0,6,1.0,1
2025-09-06 08:00,400.0,6,1.0,1
2025-09-06 09:00,400.0,6,1.0,1
2025-09-06 10:00,400.0,6,1.0,1
2025-09-06 11:00,400.0,6,1.0,1
2025-09-06 12:00,400.0,6,1.0,1
2025-09-06 13:00,400.0,6,1.0,1
2025-09-06 14:00,400.0,6,1.0,1
2025-09-06 15:00,400.0,6,1.0,1
2025-09-06 16:00,400.0,6,1.0,1
2025-09-06 17:00,400.0,6,1.0,1
2025-09-06 18:00,400.0,6,1.0,1
2025-09-06 19:00,400.0,6,1.0,1
2025-09-06 20:00,400.0,6,1.0,1
2025-09-06 21:00,400.0,6,1.0,1
2025-09-06 22:00,400.0,6,1.0,1
2025-09-06 23:00,400.0,6,1.0,1
2025-09-07 00:00,400.0,6,1.0,1
2025-09-07 01:00,400.0,6,1.0,1
2025-09-07 02:00,400.0,6,1.0,1
2025-09-07 03:00,400.0,6,1.0,1
2025-09-07 04:00,400.0,6,1.0,1
2025-09-07 05:00,400.0,6,1.0,1
2025-09-07 06:00,400.0,6,1.0,1
2025-09-07 07:00,400.0,6,1.0,1
2025-09-07 08:00,400.0,6,1.0,1
2025-09-07 09:00,400.0,6,1.0,1
2025-09-07 10:00,400.0,6,1.0,1
2025-09-07 11:00,400.0,6,1.0,1
2025-09-07 12:00,400.0,6,1.0,1
2025-09-07 13:00,400.0,6,1.0,1
2025-09-07 14:00,400.0,6,1.0,1
2025-09-07 15:00,400.0,6,1.0,1
2025-09-07 16:00,400.0,6,1.0,1
2025-09-07 17:00,400.0,6,1.0,1
2025-09-07 18:00,400.0,6,1.0,1
2025-09-07 19:00,400.0,6,1.0,1
2025-09-07 20:00,400.0,6,1.0,1
2025-09-07 21:00,400.0,6,1.0,1
2025-09-07 22:00,400.0,6,1.0,1
2025-09-07 23:00,400.0,6,1.0,1
2025-09-08 00:00,400.0,6,1.0,1
2025-09-08 01:00,400.0,6,1.0,1
2025-09-08 02:00,400.0,6,1.0,1
2025-09-08 03:00,400.0,6,1.0,1
2025-09-08 04:00,400.0,6,1.0,1
2025-09-08 05:00,400.0,6,1.0,1
2025-09-08 06:00,400.0,6,1.0,1
2025-09-08 07:00,400.0,6,1.0,1
2025-09-08 08:00,400.0,6,1.0,1
2025-09-08 09:00,400.0,6,1.0,1
2025-09-08 10:00,400.0,6,1.0,1
2025-09-08 11:00,400.0,6,1.0,1
2025-09-08 12:00,400.0,6,1.0,1
2025-09-08 13:00,400.0,6,1.0,1
2025-09-08 14:00,400.0,6,1.0,1
2025-09-08 15:00,400.0,6,1.0,1
2025-09-08 16:00,400.0,6,1.0,1
2025-09-08 17:00,400.0,6,1.0,1
2025-09-08 18:00,400.0,6,1.0,1
2025-09-08 19:00,400.0,6,1.0,1
2025-09-08 20:00,400.0,6,1.0,1
2025-09-08 21:00,400.0,6,1.0,1
2025-09-08 22:00,400.0,6,1.0,1
2025-09-08 23:00,400.0,6,1.0,1
2025-09-09 00:00,400.0,6,1.0,1
2025-09-09 01:00,400.0,6,1.0,1
2025-09-09 02:00,400.0,6,1.0,1
2025-09-09 03:00,400.0,6,1.0,1
2025-09-09 04:00,400.0,6,1.0,1
2025-09-09 05:00,400.0,6,1.0,1
2025-09-09 06:00,400.0,6,1.0,1
2025-09-09 07:00,400.0,6,1.0,1
2025-09-09 08:00,400.0,6,1.0,1
2025-09-09 09:00,400.0,6,1.0,1
2025-09-09 10:00,400.0,6,1.0,1
2025-09-09 11:00,400.0,6,1.0,1
2025-09-09 12:00,400.0,6,1.0,1
2025-09-09 13:00,400.0,6,1.0,1
2025-09-09 14:00,400.0,6,1.0,1
2025-09-09 15:00,400.0,6,1.0,1
2025-09-09 16:00,400.0,6,1.0,1
2025-09-09 17:00,400.0,6,1.0,1
2025-09-09 18:00,400.0,6,1.0,1
2025-09-09 19:00,400.0,6,1.0,1
2025-09-09 20:00,400.0,6,1.0,1
2025-09-09 21:00,400.0,6,1.0,1
2025-09-09 22:00,400.0,6,1.0,1
2025-09-09 23:00,400.0,6,1.0,1
2025-09-10 00:00,400.0,6,1.0,1
2025-09-10 01:00,400.0,6,1.0,1
2025-09-10 02:00,400.0,6,1.0,1
2025-09-10 03:00,400.0,6,1.0,1
2025-09-10 04:00,400.0,6,1.0,1
2025-09-10 05:00,400.0,6,1.0,1
2025-09-10 06:00,400.0,6,1.0,1
2025-09-10 07:00,400.0,6,1.0,1
2025-09-10 08:00,400.0,6,1.0,1
2025-09-10 09:00,400.0,6,1.0,1
2025-09-10 10:00,400.0,6,1.0,1
2025-09-10 11:00,400.0,6,1.0,1
2025-09-10 12:00,400.0,6,1.0,1
2025-09-10 13:00,400.0,6,1.0,1
2025-09-10 14:00,400.4,6,1.0,1
2025-09-10 15:00,400.4,6,1.0,1
2025-09-10 16:00,400.4,6,1.0,1
2025-09-10 17:00,400.6,6,1.0,1
2025-09-10 18:00,400.6,6,1.0,1
2025-09-10 19:00,400.6,6,1.0,1
2025-09-10 20:00,400.8,6,1.0,1
2025-09-10 21:00,400.8,6,1.0,1
2025-09-10 22:00,401.6,6,1.0,1
2025-09-10 23:00,405.4,6,1.0,1
2025-09-11 00:00,409.6,6,1.0,1
2025-09-11 01:00,434.0,6,1.0,1
2025-09-11 02:00,434.0,6,1.0,1
2025-09-11 03:00,434.0,6,1.0,1
2025-09-11 04:00,436.8,6,1.0,1
2025-09-11 05:00,436.8,6,1.0,1
2025-09-11 06:00,436.8,6,1.0,1
2025-09-11 07:00,436.8,6,1.0,1
2025-09-11 08:00,436.8,6,1.0,1
2025-09-11 09:00,436.8,6,1.0,1
2025-09-11 10:00,436.8,6,1.0,1
2025-09-11 11:00,436.8,6,1.0,1
2025-09-11 12:00,436.8,6,1.0,1
2025-09-11 13:00,436.8,6,1.0,1
2025-09-11 14:00,436.8,6,1.0,1
2025-09-11 15:00,436.8,6,1.0,1
2025-09-11 16:00,436.8,6,1.0,1
2025-09-11 17:00,436.8,6,1.0,1
2025-09-11 18:00,436.8,6,1.0,1
2025-09-11 19:00,436.8,6,1.0,1
2025-09-11 20:00,436.8,6,1.0,1
2025-09-11 21:00,436.8,6,1.0,1
2025-09-11 22:00,436.8,6,1.0,1
2025-09-11 23:00,436.8,6,1.0,1
2025-09-12 00:00,436.8,6,1.0,1
2025-09-12 01:00,436.8,6,1.0,1
2025-09-12 02:00,436.8,6,1.0,1
2025-09-12 03:00,436.8,6,1.0,1
2025-09-12 04:00,436.8,6,1.0,1
2025-09-12 05:00,436.8,6,1.0,1
2025-09-12 06:00,436.8,6,1.0,1
2025-09-12 07:00,436.8,6,1.0,1
2025-09-12 08:00,436.8,6,1.0,1
2025-09-12 09:00,436.8,6,1.0,1
2025-09-12 10:00,436.8,6,1.0,1
2025-09-12 11:00,436.8,6,1.0,1
2025-09-12 12:00,436.8,6,1.0,1
2025-09-12 13:00,436.8,6,1.0,1
2025-09-12 14:00,436.8,6,1.0,1
2025-09-12 15:00,436.8,6,1.0,1
2025-09-12 16:00,436.8,6,1.0,1
2025-09-12 17:00,436.8,6,1.0,1
2025-09-12 18:00,436.8,6,1.0,1
2025-09-12 19:00,436.8,6,1.0,1
2025-09-12 20:00,436.8,6,1.0,1
2025-09-12 21:00,436.8,6,1.0,1
2025-09-12 22:00,436.8,6,1.0,1
2025-09-12 23:00,436.8,6,1.0,1
2025-09-13 00:00,436.8,6,1.0,1
2025-09-13 01:00,436.8,6,1.0,1
2025-09-13 02:00,436.8,6,1.0,1
2025-09-13 03:00,436.8,6,1.0,1
2025-09-13 04:00,436.8,6,1.0,1
2025-09-13 05:00,436.8,6,1.0,1
2025-09-13 06:00,436.8,6,1.0,1
2025-09-13 07:00,436.8,6,1.0,1
2025-09-13 08:00,436.8,6,1.0,1
2025-09-13 09:00,436.8,6,1.0,1
2025-09-13 10:00,436.8,6,1.0,1
2025-09-13 11:00,436.8,6,1.0,1
2025-09-13 12:00,436.8,6,1.0,1
2025-09-13 13:00,436.8,6,1.0,1
2025-09-13 14:00,436.8,6,1.0,1
2025-09-13 15:00,436.8,6,1.0,1
2025-09-13 16:00,436.8,6,1.0,1
2025-09-13 17:00,436.8,6,1.0,1
2025-09-13 18:00,436.8,6,1.0,1
2025-09-13 19:00,436.8,6,1.0,1
2025-09-13 20:00,436.8,6,1.0,1
2025-09-13 21:00,436.8,6,1.0,1
2025-09-13 22:00,436.8,6,1.0,1
2025-09-13 23:00,436.8,6,1.0,1
2025-09-14 00:00,436.8,6,1.0,1
2025-09-14 01:00,436.8,6,1.0,1
2025-09-14 02:00,436.8,6,1.0,1
2025-09-14 03:00,436.8,6,1.0,1
2025-09-14 04:00,436.8,6,1.0,1
2025-09-14 05:00,436.8,6,1.0,1
2025-09-14 06:00,436.8,6,1.0,1
2025-09-14 07:00,436.8,6,1.0,1
2025-09-14 08:00,436.8,6,1.0,1
2025-09-14 09:00,436.8,6,1.0,1
2025-09-14 10:00,436.8,6,1.0,1
2025-09-14 11:00,436.8,6,1.0,1
2025-09-14 12:00,436.8,6,1.0,1
2025-09-14 13:00,436.8,6,1.0,1
2025-09-14 14:00,436.8,6,1.0,1
2025-09-14 15:00,436.8,6,1.0,1
2025-09-14 16:00,436.8,6,1.0,1
2025-09-14 17:00,436.8,6,1.0,1
2025-09-14 18:00,436.8,6,1.0,1
2025-09-14 19:00,436.8,6,1.0,1
2025-09-14 20:00,436.8,6,1.0,1
2025-09-14 21:00,436.8,6,1.0,1
2025-09-14 22:00,436.8,6,1.0,1
2025-09-14 23:00,436.8,6,1.0,1
2025-09-15 00:00,436.8,6,1.0,1
2025-09-15 01:00,436.8,6,1.0,1
2025-09-15 02:00,436.8,6,1.0,1
2025-09-15 03:00,436.8,6,1.0,1
2025-09-15 04:00,436.8,6,1.0,1
2025-09-15 05:00,436.8,6,1.0,1
2025-09-15 06:00,436.8,6,1.0,1
2025-09-15 07:00,436.8,6,1.0,1
2025-09-15 08:00,436.8,6,1.0,1
2025-09-15 09:00,436.8,6,1.0,1
2025-09-15 10:00,436.8,6,1.0,1
2025-09-15 11:00,436.8,6,1.0,1
2025-09-15 12:00,436.8,6,1.0,1
2025-09-15 13:00,436.8,6,1.0,1
2025-09-15 14:00,436.8,6,1.0,1
2025-09-15 15:00,436.8,6,1.0,1
2025-09-15 16:00,436.8,6,1.0,1
2025-09-15 17:00,436.8,6,1.0,1
2025-09-15 18:00,436.8,6,1.0,1
2025-09-15 19:00,436.8,6,1.0,1
2025-09-15 20:00,436.8,6,1.0,1
2025-09-15 21:00,436.8,6,1.0,1
2025-09-15 22:00,436.8,6,1.0,1
2025-09-15 23:00,436.8,6,1.0,1
2025-09-16 00:00,436.8,6,1.0,1
2025-09-16 01:00,436.8,6,1.0,1
2025-09-16 02:00,436.8,6,1.0,1
2025-09-16 03:00,436.8,6,1.0,1
2025-09-16 04:00,436.8,6,1.0,1
2025-09-16 05:00,436.8,6,1.0,1
2025-09-16 06:00,436.8,6,1.0,1
2025-09-16 07:00,436.8,6,1.0,1
2025-09-16 08:00,436.8,6,1.0,1
2025-09-16 09:00,436.8,6,1.0,1
2025-09-16 10:00,436.8,6,1.0,1
2025-09-16 11:00,436.8,6,1.0,1
2025-09-16 12:00,436.8,6,1.0,1
2025-09-16 13:00,436.8,6,1.0,1
2025-09-16 14:00,436.8,6,1.0,1
2025-09-16 15:00,436.8,6,1.0,1
2025-09-16 16:00,436.8,6,1.0,1
2025-09-16 17:00,436.8,6,1.0,1
2025-09-16 18:00,436.8,6,1.0,1
2025-09-16 19:00,436.8,6,1.0,1
2025-09-16 20:00,436.8,6,1.0,1
2025-09-16 21:00,436.8,6,1.0,1
2025-09-16 22:00,436.8,6,1.0,1
2025-09-16 23:00,436.8,6,1.0,1
2025-09-17 00:00,436.8,6,1.0,1
2025-09-17 01:00,436.8,6,1.0,1
2025-09-17 02:00,436.8,6,1.0,1
2025-09-17 03:00,436.8,6,1.0,1
2025-09-17 04:00,436.8,6,1.0,1
2025-09-17 05:00,436.8,6,1.0,1
2025-09-17 06:00,436.8,6,1.0,1
2025-09-17 07:00,436.8,6,1.0,1
2025-09-17 08:00,436.8,6,1.0,1
2025-09-17 09:00,436.8,6,1.0,1
2025-09-17 10:00,436.8,6,1.0,1
2025-09-17 11:00,436.8,6,1.0,1
2025-09-17 12:00,436.8,6,1.0,1
2025-09-17 13:00,436.8,6,1.0,1
2025-09-17 14:00,436.8,6,1.0,1
2025-09-17 15:00,436.8,6,1.0,1
2025-09-17 16:00,436.8,6,1.0,1
2025-09-17 17:00,436.8,6,1.0,1
2025-09-17 18:00,436.8,6,1.0,1
2025-09-17 19:00,436.8,6,1.0,1
2025-09-17 20:00,436.8,6,1.0,1
2025-09-17 21:00,436.8,6,1.0,1
2025-09-17 22:00,436.8,6,1.0,1
2025-09-17 23:00,436.8,6,1.0,1
2025-09-18 00:00,436.8,6,1.0,1
2025-09-18 01:00,436.8,6,1.0,1
2025-09-18 02:00,436.8,6,1.0,1
2025-09-18 03:00,436.8,6,1.0,1
2025-09-18 04:00,436.8,6,1.0,1
2025-09-18 05:00,436.8,6,1.0,1
2025-09-18 06:00,436.8,6,1.0,1
2025-09-18 07:00,436.8,6,1.0,1
2025-09-18 08:00,436.8,6,1.0,1
2025-09-18 09:00,436.8,6,1.0,1
2025-09-18 10:00,436.8,6,1.0,1
2025-09-18 11:00,436.8,6,1.0,1
2025-09-18 12:00,436.8,6,1.0,1
2025-09-18 13:00,436.8,6,1.0,1
2025-09-18 14:00,436.8,6,1.0,1
2025-09-18 15:00,436.8,6,1.0,1
2025-09-18 16:00,436.8,6,1.0,1
2025-09-18 17:00,436.8,6,1.0,1
2025-09-18 18:00,436.8,6,1.0,1
2025-09-18 19:00,436.8,6,1.0,1
2025-09-18 20:00,436.8,6,1.0,1
2025-09-18 21:00,436.8,6,1.0,1
2025-09-18 22:00,436.8,6,1.0,1
2025-09-18 23:00,436.8,6,1.0,1
2025-09-19 00:00,436.8,6,1.0,1
2025-09-19 01:00,436.8,6,1.0,1
2025-09-19 02:00,436.8,6,1.0,1
2025-09-19 03:00,436.8,6,1.0,1
2025-09-19 04:00,436.8,6,1.0,1
2025-09-19 05:00,436.8,6,1.0,1
2025-09-19 06:00,436.8,6,1.0,1
2025-09-19 07:00,436.8,6,1.0,1
2025-09-19 08:00,436.8,6,1.0,1
2025-09-19 09:00,436.8,6,1.0,1
2025-09-19 10:00,436.8,6,1.0,1
2025-09-19 11:00,436.8,6,1.0,1
2025-09-19 12:00,436.8,6,1.0,1
2025-09-19 13:00,436.8,6,1.0,1
2025-09-19 14:00,436.8,6,1.0,1
2025-09-19 15:00,436.8,6,1.0,1
2025-09-19 16:00,436.8,6,1.0,1
2025-09-19 17:00,436.8,6,1.0,1
2025-09-19 18:00,436.8,6,1.0,1
2025-09-19 19:00,436.8,6,1.0,1
2025-09-19 20:00,436.8,6,1.0,1
2025-09-19 21:00,436.8,6,1.0,1
2025-09-19 22:00,436.8,6,1.0,1
2025-09-19 23:00,436.8,6,1.0,1
2025-09-20 00:00,436.8,6,1.0,1
2025-09-20 01:00,436.8,6,1.0,1
2025-09-20 02:00,436.8,6,1.0,1
2025-09-20 03:00,436.8,6,1.0,1
2025-09-20 04:00,436.8,6,1.0,1
2025-09-20 05:00,436.8,6,1.0,1
2025-09-20 06:00,436.8,6,1.0,1
2025-09-20 07:00,436.8,6,1.0,1
2025-09-20 08:00,436.8,6,1.0,1
2025-09-20 09:00,436.8,6,1.0,1
2025-09-20 10:00,436.8,6,1.0,1
2025-09-20 11:00,436.8,6,1.0,1
2025-09-20 12:00,436.8,6,1.0,1
2025-09-20 13:00,436.8,6,1.0,1
2025-09-20 14:00,436.8,6,1.0,1
2025-09-20 15:00,436.8,6,1.0,1
2025-09-20 16:00,436.8,6,1.0,1
2025-09-20 17:00,436.8,6,1.0,1
2025-09-20 18:00,436.8,6,1.0,1
2025-09-20 19:00,436.8,6,1.0,1
2025-09-20 20:00,436.8,6,1.0,1
2025-09-20 21:00,436.8,6,1.0,1
2025-09-20 22:00,436.8,6,1.0,1
2025-09-20 23:00,436.8,6,1.0,1
2025-09-21 00:00,436.8,6,1.0,1
2025-09-21 01:00,436.8,6,1.0,1
2025-09-21 02:00,436.8,6,1.0,1
2025-09-21 03:00,436.8,6,1.0,1
2025-09-21 04:00,436.8,6,1.0,1
2025-09-21 05:00,436.8,6,1.0,1
2025-09-21 06:00,436.8,6,1.0,1
2025-09-21 07:00,436.8,6,1.0,1
2025-09-21 08:00,436.8,6,1.0,1
2025-09-21 09:00,436.8,6,1.0,1
2025-09-21 10:00,436.8,6,1.0,1
2025-09-21 11:00,436.8,6,1.0,1
2025-09-21 12:00,436.8,6,1.0,1
2025-09-21 13:00,436.8,6,1.0,1
2025-09-21 14:00,436.8,6,1.0,1
2025-09-21 15:00,436.8,6,1.0,1
2025-09-21 16:00,436.8,6,1.0,1
2025-09-21 17:00,436.8,6,1.0,1
2025-09-21 18:00,436.8,6,1.0,1
2025-09-21 19:00,436.8,6,1.0,1
2025-09-21 20:00,436.8,6,1.0,1
2025-09-21 21:00,436.8,6,1.0,1
2025-09-21 22:00,436.8,6,1.0,1
2025-09-21 23:00,436.8,6,1.0,1
2025-09-22 00:00,436.8,6,1.0,1
2025-09-22 01:00,436.8,6,1.0,1
2025-09-22 02:00,436.8,6,1.0,1
2025-09-22 03:00,436.8,6,1.0,1
2025-09-22 04:00,436.8,6,1.0,1
2025-09-22 05:00,436.8,6,1.0,1
2025-09-22 06:00,436.8,6,1.0,1
2025-09-22 07:00,436.8,6,1.0,1
2025-09-22 08:00,436.8,6,1.0,1
2025-09-22 09:00,436.8,6,1.0,1
2025-09-22 10:00,436.8,6,1.0,1
2025-09-22 11:00,436.8,6,1.0,1
2025-09-22 12:00,436.8,6,1.0,1
2025-09-22 13:00,436.8,6,1.0,1
2025-09-22 14:00,436.8,6,1.0,1
2025-09-22 15:00,436.8,6,1.0,1
2025-09-22 16:00,436.8,6,1.0,1
2025-09-22 17:00,436.8,6,1.0,1
2025-09-22 18:00,436.8,6,1.0,1
2025-09-22 19:00,436.8,6,1.0,1
2025-09-22 20:00,436.8,6,1.0,1
2025-09-22 21:00,436.8,6,1.0,1
2025-09-22 22:00,436.8,6,1.0,1
2025-09-22 23:00,436.8,6,1.0,1
2025-09-23 00:00,436.8,6,1.0,1
2025-09-23 01:00,436.8,6,1.0,1
2025-09-23 02:00,436.8,6,1.0,1
2025-09-23 03:00,436.8,6,1.0,1
2025-09-23 04:00,436.8,6,1.0,1
2025-09-23 05:00,436.8,6,1.0,1
2025-09-23 06:00,436.8,6,1.0,1
2025-09-23 07:00,436.8,6,1.0,1
2025-09-23 08:00,436.8,6,1.0,1
2025-09-23 09:00,437.2,6,1.0,1
2025-09-23 10:00,459.6,6,1.0,1
2025-09-23 11:00,464.4,6,1.0,1
2025-09-23 12:00,464.4,6,1.0,1
2025-09-23 13:00,465.4,6,1.0,1
2025-09-23 14:00,465.6,6,1.0,1
2025-09-23 15:00,465.6,6,1.0,1
2025-09-23 16:00,465.6,6,1.0,1
2025-09-23 17:00,465.6,6,1.0,1
2025-09-23 18:00,465.6,6,1.0,1
2025-09-23 19:00,465.6,6,1.0,1
2025-09-23 20:00,465.6,6,1.0,1
2025-09-23 21:00,465.6,6,1.0,1
2025-09-23 22:00,465.6,6,1.0,1
2025-09-23 23:00,470.0,6,1.0,1
2025-09-24 00:00,472.8,6,1.0,1
2025-09-24 01:00,473.0,6,1.0,1
2025-09-24 02:00,473.4,6,1.0,1
2025-09-24 03:00,474.4,6,1.0,1
2025-09-24 04:00,475.8,6,1.0,1
2025-09-24 05:00,475.8,6,1.0,1
2025-09-24 06:00,476.0,6,1.0,1
2025-09-24 07:00,476.0,6,1.0,1
2025-09-24 08:00,476.0,6,1.0,1
2025-09-24 09:00,476.0,6,1.0,1
2025-09-24 10:00,476.0,6,1.0,1
2025-09-24 11:00,476.0,6,1.0,1
2025-09-24 12:00,476.8,6,1.0,1
2025-09-24 13:00,480.6,6,1.0,1
2025-09-24 14:00,483.4,6,1.0,1
2025-09-24 15:00,483.4,6,1.0,1
2025-09-24 16:00,483.4,6,1.0,1
2025-09-24 17:00,483.4,6,1.0,1
2025-09-24 18:00,483.4,6,1.0,1
2025-09-24 19:00,483.4,6,1.0,1
2025-09-24 20:00,483.4,6,1.0,1
2025-09-24 21:00,483.6,6,1.0,1
2025-09-24 22:00,483.6,6,1.0,1
2025-09-24 23:00,483.6,6,1.0,1
2025-09-25 00:00,483.6,6,1.0,1
2025-09-25 01:00,483.6,6,1.0,1
2025-09-25 02:00,483.6,6,1.0,1
2025-09-25 03:00,483.6,6,1.0,1
2025-09-25 04:00,483.6,6,1.0,1
2025-09-25 05:00,483.6,6,1.0,1
2025-09-25 06:00,483.6,6,1.0,1
2025-09-25 07:00,483.6,6,1.0,1
2025-09-25 08:00,483.6,6,1.0,1
2025-09-25 09:00,483.6,6,1.0,1
2025-09-25 10:00,483.6,6,1.0,1
2025-09-25 11:00,483.6,6,1.0,1
2025-09-25 12:00,483.6,6,1.0,1
2025-09-25 13:00,483.6,6,1.0,1
2025-09-25 14:00,483.6,6,1.0,1
2025-09-25 15:00,483.6,6,1.0,1
2025-09-25 16:00,483.6,6,1.0,1
2025-09-25 17:00,483.6,6,1.0,1
2025-09-25 18:00,483.6,6,1.0,1
2025-09-25 19:00,483.6,6,1.0,1
2025-09-25 20:00,483.6,6,1.0,1
2025-09-25 21:00,483.6,6,1.0,1
2025-09-25 22:00,483.6,6,1.0,1
2025-09-25 23:00,483.6,6,1.0,1
2025-09-26 00:00,483.6,6,1.0,1
2025-09-26 01:00,483.6,6,1.0,1
2025-09-26 02:00,483.6,6,1.0,1
2025-09-26 03:00,483.6,6,1.0,1
2025-09-26 04:00,483.6,6,1.0,1
2025-09-26 05:00,483.6,6,1.0,1
2025-09-26 06:00,483.6,6,1.0,1
2025-09-26 07:00,483.6,6,1.0,1
2025-09-26 08:00,483.6,6,1.0,1
2025-09-26 09:00,483.6,6,1.0,1
2025-09-26 10:00,483.6,6,1.0,1
2025-09-26 11:00,483.6,6,1.0,1
2025-09-26 12:00,483.6,6,1.0,1
2025-09-26 13:00,483.6,6,1.0,1
2025-09-26 14:00,483.6,6,1.0,1
2025-09-26 15:00,483.6,6,1.0,1
2025-09-26 16:00,483.6,6,1.0,1
2025-09-26 17:00,483.6,6,1.0,1
2025-09-26 18:00,483.6,6,1.0,1
2025-09-26 19:00,483.6,6,1.0,1
2025-09-26 20:00,483.6,6,1.0,1
2025-09-26 21:00,483.6,6,1.0,1
2025-09-26 22:00,483.6,6,1.0,1
2025-09-26 23:00,483.6,6,1.0,1
2025-09-27 00:00,483.6,6,1.0,1
2025-09-27 01:00,483.6,6,1.0,1
2025-09-27 02:00,483.6,6,1.0,1
2025-09-27 03:00,483.6,6,1.0,1
2025-09-27 04:00,483.6,6,1.0,1
2025-09-27 05:00,483.6,6,1.0,1
2025-09-27 06:00,483.6,6,1.0,1
2025-09-27 07:00,483.6,6,1.0,1
2025-09-27 08:00,483.6,6,1.0,1
2025-09-27 09:00,483.6,6,1.0,1
2025-09-27 10:00,483.6,6,1.0,1
2025-09-27 11:00,483.6,6,1.0,1
2025-09-27 12:00,483.6,6,1.0,1
2025-09-27 13:00,483.6,6,1.0,1
2025-09-27 14:00,483.6,6,1.0,1
2025-09-27 15:00,483.6,6,1.0,1
2025-09-27 16:00,483.6,6,1.0,1
2025-09-27 17:00,483.6,6,1.0,1
2025-09-27 18:00,483.6,6,1.0,1
2025-09-27 19:00,483.6,6,1.0,1
2025-09-27 20:00,483.6,6,1.0,1
2025-09-27 21:00,483.6,6,1.0,1
2025-09-27 22:00,483.6,6,1.0,1
2025-09-27 23:00,483.6,6,1.0,1
2025-09-28 00:00,483.6,6,1.0,1
2025-09-28 01:00,483.6,6,1.0,1
2025-09-28 02:00,483.6,6,1.0,1
2025-09-28 03:00,483.6,6,1.0,1
2025-09-28 04:00,483.6,6,1.0,1
2025-09-28 05:00,483.6,6,1.0,1
2025-09-28 06:00,483.6,6,1.0,1
2025-09-28 07:00,483.6,6,1.0,1
2025-09-28 08:00,483.6,6,1.0,1
2025-09-28 09:00,483.6,6,1.0,1
2025-09-28 10:00,483.6,6,1.0,1
2025-09-28 11:00,483.6,6,1.0,1
2025-09-28 12:00,483.6,6,1.0,1
2025-09-28 13:00,483.6,6,1.0,1
2025-09-28 14:00,483.6,6,1.0,1
2025-09-28 15:00,483.6,6,1.0,1
2025-09-28 16:00,483.6,6,1.0,1
2025-09-28 17:00,483.6,6,1.0,1
2025-09-28 18:00,483.6,6,1.0,1
2025-09-28 19:00,483.6,6,1.0,1
2025-09-28 20:00,483.6,6,1.0,1
2025-09-28 21:00,483.6,6,1.0,1
2025-09-28 22:00,483.6,6,1.0,1
2025-09-28 23:00,483.6,6,1.0,1
2025-09-29 00:00,483.6,6,1.0,1
2025-09-29 01:00,483.6,6,1.0,1
2025-09-29 02:00,483.6,6,1.0,1
2025-09-29 03:00,483.6,6,1.0,1
2025-09-29 04:00,483.6,6,1.0,1
2025-09-29 05:00,483.6,6,1.0,1
2025-09-29 06:00,483.6,6,1.0,1
2025-09-29 07:00,483.6,6,1.0,1
2025-09-29 08:00,483.6,6,1.0,1
2025-09-29 09:00,483.6,6,1.0,1
2025-09-29 10:00,483.6,6,1.0,1
2025-09-29 11:00,483.6,6,1.0,1
2025-09-29 12:00,483.6,6,1.0,1
2025-09-29 13:00,483.6,6,1.0,1
2025-09-29 14:00,483.6,6,1.0,1
2025-09-29 15:00,483.6,6,1.0,1
2025-09-29 16:00,483.6,6,1.0,1
2025-09-29 17:00,483.6,6,1.0,1
2025-09-29 18:00,483.6,6,1.0,1
2025-09-29 19:00,483.6,6,1.0,1
2025-09-29 20:00,483.6,6,1.0,1
2025-09-29 21:00,483.6,6,1.0,1
2025-09-29 22:00,483.6,6,1.0,1
2025-09-29 23:00,483.6,6,1.0,1
2025-09-30 00:00,483.6,6,1.0,1
2025-09-30 01:00,483.6,6,1.0,1
2025-09-30 02:00,483.6,6,1.0,1
2025-09-30 03:00,483.6,6,1.0,1
2025-09-30 04:00,483.6,6,1.0,1
2025-09-30 05:00,483.6,6,1.0,1
2025-09-30 06:00,483.6,6,1.0,1
2025-09-30 07:00,483.6,6,1.0,1
2025-09-30 08:00,483.6,6,1.0,1
2025-09-30 09:00,483.6,6,1.0,1
2025-09-30 10:00,483.6,6,1.0,1
2025-09-30 11:00,483.6,6,1.0,1
2025-09-30 12:00,483.6,6,1.0,1
2025-09-30 13:00,483.6,6,1.0,1
2025-09-30 14:00,483.6,6,1.0,1
2025-09-30 15:00,483.6,6,1.0,1
2025-09-30 16:00,483.6,6,1.0,1
2025-09-30 17:00,483.6,6,1.0,1
2025-09-30 18:00,483.6,6,1.0,1
2025-09-30 19:00,483.6,6,1.0,1
2025-09-30 20:00,483.6,6,1.0,1
2025-09-30 21:00,483.6,6,1.0,1
2025-09-30 22:00,483.6,6,1.0,1
2025-09-30 23:00,483.6,6,1.0,1
2025-10-01 00:00,483.6,6,1.0,1
2025-10-01 01:00,483.6,6,1.0,1
2025-10-01 02:00,483.6,6,1.0,1
2025-10-01 03:00,483.6,6,1.0,1
2025-10-01 04:00,483.6,6,1.0,1
2025-10-01 05:00,483.6,6,1.0,1
2025-10-01 06:00,483.8,6,1.0,1
2025-10-01 07:00,483.8,6,1.0,1
2025-10-01 08:00,483.8,6,1.0,1
2025-10-01 09:00,483.8,6,1.0,1
2025-10-01 10:00,483.8,6,1.0,1
2025-10-01 11:00,483.8,6,1.0,1
2025-10-01 12:00,483.8,6,1.0,1
2025-10-01 13:00,485.8,6,1.0,1
2025-10-01 14:00,485.8,6,1.0,1
2025-10-01 15:00,485.8,6,1.0,1
2025-10-01 16:00,485.8,6,1.0,1
2025-10-01 17:00,486.8,6,1.0,1
2025-10-01 18:00,487.2,6,1.0,1
2025-10-01 19:00,487.2,6,1.0,1
2025-10-01 20:00,487.2,6,1.0,1
2025-10-01 21:00,487.2,6,1.0,1
2025-10-01 22:00,487.2,6,1.0,1
2025-10-01 23:00,487.2,6,1.0,1
2025-10-02 00:00,487.2,6,1.0,1
2025-10-02 01:00,487.2,6,1.0,1
2025-10-02 02:00,487.4,6,1.0,1
2025-10-02 03:00,487.4,6,1.0,1
2025-10-02 04:00,487.4,6,1.0,1
2025-10-02 05:00,487.4,6,1.0,1
2025-10-02 06:00,487.4,6,1.0,1
2025-10-02 07:00,487.4,6,1.0,1
2025-10-02 08:00,487.4,6,1.0,1
2025-10-02 09:00,487.4,6,1.0,1
2025-10-02 10:00,487.4,6,1.0,1
2025-10-02 11:00,487.4,6,1.0,1
2025-10-02 12:00,487.4,6,1.0,1
2025-10-02 13:00,487.4,6,1.0,1
2025-10-02 14:00,487.4,6,1.0,1
2025-10-02 15:00,487.4,6,1.0,1
2025-10-02 16:00,487.4,6,1.0,1
2025-10-02 17:00,487.4,6,1.0,1
2025-10-02 18:00,487.4,6,1.0,1
2025-10-02 19:00,487.4,6,1.0,1
2025-10-02 20:00,487.4,6,1.0,1
2025-10-02 21:00,487.4,6,1.0,1
2025-10-02 22:00,487.4,6,1.0,1
2025-10-02 23:00,487.4,6,1.0,1
2025-10-03 00:00,487.4,6,1.0,1
2025-10-03 01:00,487.4,6,1.0,1
2025-10-03 02:00,487.4,6,1.0,1
2025-10-03 03:00,487.4,6,1.0,1
2025-10-03 04:00,487.4,6,1.0,1
2025-10-03 05:00,487.4,6,1.0,1
2025-10-03 06:00,487.4,6,1.0,1
2025-10-03 07:00,487.4,6,1.0,1
2025-10-03 08:00,487.4,6,1.0,1
2025-10-03 09:00,487.4,6,1.0,1
2025-10-03 10:00,487.4,6,1.0,1
2025-10-03 11:00,487.4,6,1.0,1
2025-10-03 12:00,487.4,6,1.0,1
2025-10-03 13:00,487.4,6,1.0,1
2025-10-03 14:00,487.4,6,1.0,1
2025-10-03 15:00,487.4,6,1.0,1
2025-10-03 16:00,487.4,6,1.0,1
2025-10-03 17:00,487.4,6,1.0,1
2025-10-03 18:00,487.4,6,1.0,1
2025-10-03 19:00,487.4,6,1.0,1
2025-10-03 20:00,487.4,6,1.0,1
2025-10-03 21:00,487.4,6,1.0,1
2025-10-03 22:00,487.4,6,1.0,1
2025-10-03 23:00,487.4,6,1.0,1
2025-10-04 00:00,487.4,6,1.0,1
2025-10-04 01:00,487.4,6,1.0,1
2025-10-04 02:00,487.4,6,1.0,1
2025-10-04 03:00,487.4,6,1.0,1
2025-10-04 04:00,487.4,6,1.0,1
2025-10-04 05:00,487.4,6,1.0,1
2025-10-04 06:00,487.4,6,1.0,1
2025-10-04 07:00,487.4,6,1.0,1
2025-10-04 08:00,487.4,6,1.0,1
2025-10-04 09:00,487.4,6,1.0,1
2025-10-04 10:00,487.4,6,1.0,1
2025-10-04 11:00,487.4,6,1.0,1
2025-10-04 12:00,487.4,6,1.0,1
2025-10-04 13:00,487.4,6,1.0,1
2025-10-04 14:00,487.4,6,1.0,1
2025-10-04 15:00,487.4,6,1.0,1
2025-10-04 16:00,487.4,6,1.0,1
2025-10-04 17:00,487.4,6,1.0,1
2025-10-04 18:00,487.4,6,1.0,1
2025-10-04 19:00,487.4,6,1.0,1
2025-10-04 20:00,487.4,6,1.0,1
2025-10-04 21:00,487.4,6,1.0,1
2025-10-04 22:00,487.4,6,1.0,1
2025-10-04 23:00,487.4,6,1.0,1
2025-10-05 00:00,487.4,6,1.0,1
2025-10-05 01:00,487.4,6,1.0,1
2025-10-05 02:00,487.4,6,1.0,1
2025-10-05 03:00,487.4,6,1.0,1
2025-10-05 04:00,487.4,6,1.0,1
2025-10-05 05:00,487.4,6,1.0,1
2025-10-05 06:00,487.4,6,1.0,1
2025-10-05 07:00,491.2,6,1.0,1
2025-10-05 08:00,498.8,6,1.0,1
2025-10-05 09:00,500.2,6,1.0,1
2025-10-05 10:00,500.6,6,1.0,1
2025-10-05 11:00,501.0,6,1.0,1
2025-10-05 12:00,501.2,6,1.0,1
2025-10-05 13:00,505.4,6,1.0,1
2025-10-05 14:00,505.4,6,1.0,1
2025-10-05 15:00,505.4,6,1.0,1
2025-10-05 16:00,505.4,6,1.0,1
2025-10-05 17:00,505.4,6,1.0,1
2025-10-05 18:00,505.4,6,1.0,1
2025-10-05 19:00,505.4,6,1.0,1
2025-10-05 20:00,505.6,6,1.0,1
2025-10-05 21:00,505.6,6,1.0,1
2025-10-05 22:00,505.6,6,1.0,1
2025-10-05 23:00,505.6,6,1.0,1
2025-10-06 00:00,505.6,6,1.0,1
2025-10-06 01:00,505.6,6,1.0,1
2025-10-06 02:00,505.6,6,1.0,1
2025-10-06 03:00,505.6,6,1.0,1
2025-10-06 04:00,505.6,6,1.0,1
2025-10-06 05:00,505.6,6,1.0,1
2025-10-06 06:00,505.6,6,1.0,1
2025-10-06 07:00,505.6,6,1.0,1
2025-10-06 08:00,505.6,6,1.0,1
2025-10-06 09:00,505.6,6,1.0,1
2025-10-06 10:00,505.6,6,1.0,1
2025-10-06 11:00,505.6,6,1.0,1
2025-10-06 12:00,505.6,6,1.0,1
2025-10-06 13:00,505.6,6,1.0,1
2025-10-06 14:00,505.6,6,1.0,1
2025-10-06 15:00,505.6,6,1.0,1
2025-10-06 16:00,505.6,6,1.0,1
2025-10-06 17:00,505.6,6,1.0,1
2025-10-06 18:00,505.6,6,1.0,1
2025-10-06 19:00,505.6,6,1.0,1
2025-10-06 20:00,505.6,6,1.0,1
2025-10-06 21:00,505.6,6,1.0,1
2025-10-06 22:00,505.6,6,1.0,1
2025-10-06 23:00,505.6,6,1.0,1
2025-10-07 00:00,505.6,6,1.0,1
2025-10-07 01:00,505.6,6,1.0,1
2025-10-07 02:00,505.6,6,1.0,1
2025-10-07 03:00,505.6,6,1.0,1
2025-10-07 04:00,505.6,6,1.0,1
2025-10-07 05:00,505.6,6,1.0,1
2025-10-07 06:00,505.6,6,1.0,1
2025-10-07 07:00,505.6,6,1.0,1
2025-10-07 08:00,505.6,6,1.0,1
2025-10-07 09:00,505.6,6,1.0,1
2025-10-07 10:00,505.6,6,1.0,1
2025-10-07 11:00,505.6,6,1.0,1
2025-10-07 12:00,505.6,6,1.0,1
2025-10-07 13:00,505.6,6,1.0,1
2025-10-07 14:00,505.6,6,1.0,1
2025-10-07 15:00,505.6,6,1.0,1
2025-10-07 16:00,505.6,6,1.0,1
2025-10-07 17:00,505.6,6,1.0,1
2025-10-07 18:00,505.6,6,1.0,1
2025-10-07 19:00,505.6,6,1.0,1
2025-10-07 20:00,505.6,6,1.0,1
2025-10-07 21:00,505.6,6,1.0,1
2025-10-07 22:00,505.6,6,1.0,1
2025-10-07 23:00,505.6,6,1.0,1
2025-10-08 00:00,505.6,6,1.0,1
2025-10-08 01:00,505.6,6,1.0,1
2025-10-08 02:00,505.6,6,1.0,1
2025-10-08 03:00,505.6,6,1.0,1
2025-10-08 04:00,505.6,6,1.0,1
2025-10-08 05:00,505.6,6,1.0,1
2025-10-08 06:00,505.6,6,1.0,1
2025-10-08 07:00,505.6,6,1.0,1
2025-10-08 08:00,505.6,6,1.0,1
2025-10-08 09:00,505.6,6,1.0,1
2025-10-08 10:00,505.6,6,1.0,1
2025-10-08 11:00,505.6,6,1.0,1
2025-10-08 12:00,505.6,6,1.0,1
2025-10-08 13:00,505.6,6,1.0,1
2025-10-08 14:00,505.6,6,1.0,1
2025-10-08 15:00,505.6,6,1.0,1
2025-10-08 16:00,505.6,6,1.0,1
2025-10-08 17:00,505.6,6,1.0,1
2025-10-08 18:00,505.6,6,1.0,1
2025-10-08 19:00,505.6,6,1.0,1
2025-10-08 20:00,505.6,6,1.0,1
2025-10-08 21:00,505.6,6,1.0,1
2025-10-08 22:00,505.6,6,1.0,1
2025-10-08 23:00,505.6,6,1.0,1
2025-10-09 00:00,505.6,6,1.0,1
2025-10-09 01:00,505.6,6,1.0,1
2025-10-09 02:00,505.6,6,1.0,1
2025-10-09 03:00,505.6,6,1.0,1
2025-10-09 04:00,505.6,6,1.0,1
2025-10-09 05:00,505.6,6,1.0,1
2025-10-09 06:00,505.6,6,1.0,1
2025-10-09 07:00,505.6,6,1.0,1
2025-10-09 08:00,505.6,6,1.0,1
2025-10-09 09:00,505.6,6,1.0,1
2025-10-09 10:00,505.6,6,1.0,1
2025-10-09 11:00,505.6,6,1.0,1
2025-10-09 12:00,505.6,6,1.0,1
2025-10-09 13:00,505.6,6,1.0,1
2025-10-09 14:00,505.6,6,1.0,1
2025-10-09 15:00,505.6,6,1.0,1
2025-10-09 16:00,505.6,6,1.0,1
2025-10-09 17:00,505.6,6,1.0,1
2025-10-09 18:00,505.6,6,1.0,1
2025-10-09 19:00,505.6,6,1.0,1
2025-10-09 20:00,505.6,6,1.0,1
2025-10-09 21:00,505.6,6,1.0,1
2025-10-09 22:00,505.6,6,1.0,1
2025-10-09 23:00,505.6,6,1.0,1
2025-10-10 00:00,505.6,6,1.0,1
2025-10-10 01:00,505.6,6,1.0,1
2025-10-10 02:00,505.6,6,1.0,1
2025-10-10 03:00,505.6,6,1.0,1
2025-10-10 04:00,505.6,6,1.0,1
2025-10-10 05:00,505.6,6,1.0,1
2025-10-10 06:00,505.6,6,1.0,1
2025-10-10 07:00,505.6,6,1.0,1
2025-10-10 08:00,505.6,6,1.0,1
2025-10-10 09:00,505.6,6,1.0,1
2025-10-10 10:00,505.6,6,1.0,1
2025-10-10 11:00,505.6,6,1.0,1
2025-10-10 12:00,505.6,6,1.0,1
2025-10-10 13:00,505.6,6,1.0,1
2025-10-10 14:00,505.6,6,1.0,1
2025-10-10 15:00,505.6,6,1.0,1
2025-10-10 16:00,505.6,6,1.0,1
2025-10-10 17:00,505.6,6,1.0,1
2025-10-10 18:00,505.6,6,1.0,1
2025-10-10 19:00,505.6,6,1.0,1
2025-10-10 20:00,505.6,6,1.0,1
2025-10-10 21:00,505.6,6,1.0,1
2025-10-10 22:00,505.6,6,1.0,1
2025-10-10 23:00,505.6,6,1.0,1
2025-10-11 00:00,505.6,6,1.0,1
2025-10-11 01:00,505.6,6,1.0,1
2025-10-11 02:00,505.6,6,1.0,1
2025-10-11 03:00,505.6,6,1.0,1
2025-10-11 04:00,505.6,6,1.0,1
2025-10-11 05:00,505.6,6,1.0,1
2025-10-11 06:00,505.6,6,1.0,1
2025-10-11 07:00,505.6,6,1.0,1
2025-10-11 08:00,505.6,6,1.0,1
2025-10-11 09:00,505.6,6,1.0,1
2025-10-11 10:00,505.6,6,1.0,1
2025-10-11 11:00,505.6,6,1.0,1
2025-10-11 12:00,505.6,6,1.0,1
2025-10-11 13:00,505.6,6,1.0,1
2025-10-11 14:00,505.6,6,1.0,1
2025-10-11 15:00,505.6,6,1.0,1
2025-10-11 16:00,505.6,6,1.0,1
2025-10-11 17:00,505.6,6,1.0,1
2025-10-11 18:00,505.6,6,1.0,1
2025-10-11 19:00,505.6,6,1.0,1
2025-10-11 20:00,505.6,6,1.0,1
2025-10-11 21:00,505.6,6,1.0,1
2025-10-11 22:00,505.6,6,1.0,1
2025-10-11 23:00,505.6,6,1.0,1
2025-10-12 00:00,505.6,6,1.0,1
2025-10-12 01:00,505.6,6,1.0,1
2025-10-12 02:00,505.6,6,1.0,1
2025-10-12 03:00,505.6,6,1.0,1
2025-10-12 04:00,505.6,6,1.0,1
2025-10-12 05:00,505.6,6,1.0,1
2025-10-12 06:00,505.6,6,1.0,1
2025-10-12 07:00,505.6,6,1.0,1
2025-10-12 08:00,505.6,6,1.0,1
2025-10-12 09:00,505.6,6,1.0,1
2025-10-12 10:00,505.6,6,1.0,1
2025-10-12 11:00,505.6,6,1.0,1
2025-10-12 12:00,505.6,6,1.0,1
2025-10-12 13:00,505.6,6,1.0,1
2025-10-12 14:00,505.6,6,1.0,1
2025-10-12 15:00,505.6,6,1.0,1
2025-10-12 16:00,505.6,6,1.0,1
2025-10-12 17:00,505.6,6,1.0,1
2025-10-12 18:00,505.6,6,1.0,1
2025-10-12 19:00,505.6,6,1.0,1
2025-10-12 20:00,505.6,6,1.0,1
2025-10-12 21:00,505.6,6,1.0,1
2025-10-12 22:00,505.6,6,1.0,1
2025-10-12 23:00,505.6,6,1.0,1
2025-10-13 00:00,505.6,6,1.0,1
2025-10-13 01:00,505.6,6,1.0,1
2025-10-13 02:00,505.6,6,1.0,1
2025-10-13 03:00,505.6,6,1.0,1
2025-10-13 04:00,505.6,6,1.0,1
2025-10-13 05:00,505.6,6,1.0,1
2025-10-13 06:00,505.6,6,1.0,1
2025-10-13 07:00,505.6,6,1.0,1
2025-10-13 08:00,505.6,6,1.0,1
2025-10-13 09:00,505.6,6,1.0,1
2025-10-13 10:00,505.6,6,1.0,1
2025-10-13 11:00,505.6,6,1.0,1
2025-10-13 12:00,505.6,6,1.0,1
2025-10-13 13:00,505.6,6,1.0,1
2025-10-13 14:00,505.6,6,1.0,1
2025-10-13 15:00,505.6,6,1.0,1
2025-10-13 16:00,505.6,6,1.0,1
2025-10-13 17:00,505.6,6,1.0,1
2025-10-13 18:00,505.6,6,1.0,1
2025-10-13 19:00,505.6,6,1.0,1
2025-10-13 20:00,505.6,6,1.0,1
2025-10-13 21:00,505.6,6,1.0,1
2025-10-13 22:00,505.6,6,1.0,1
2025-10-13 23:00,505.6,6,1.0,1
2025-10-14 00:00,505.6,6,1.0,1
2025-10-14 01:00,505.6,6,1.0,1
2025-10-14 02:00,505.6,6,1.0,1
2025-10-14 03:00,505.6,6,1.0,1
2025-10-14 04:00,505.6,6,1.0,1
2025-10-14 05:00,505.6,6,1.0,1
2025-10-14 06:00,505.6,6,1.0,1
2025-10-14 07:00,505.6,6,1.0,1
2025-10-14 08:00,505.6,6,1.0,1
2025-10-14 09:00,505.6,6,1.0,1
2025-10-14 10:00,505.6,6,1.0,1
2025-10-14 11:00,505.6,6,1.0,1
2025-10-14 12:00,505.6,6,1.0,1
2025-10-14 13:00,505.6,6,1.0,1
2025-10-14 14:00,505.6,6,1.0,1
2025-10-14 15:00,505.6,6,1.0,1
2025-10-14 16:00,505.6,6,1.0,1
2025-10-14 17:00,505.6,6,1.0,1
2025-10-14 18:00,505.6,6,1.0,1
2025-10-14 19:00,505.6,6,1.0,1
2025-10-14 20:00,505.6,6,1.0,1
2025-10-14 21:00,505.6,6,1.0,1
2025-10-14 22:00,505.6,6,1.0,1
2025-10-14 23:00,505.6,6,1.0,1
2025-10-15 00:00,505.6,6,1.0,1
2025-10-15 01:00,505.6,6,1.0,1
2025-10-15 02:00,505.6,6,1.0,1
2025-10-15 03:00,505.6,6,1.0,1
2025-10-15 04:00,505.6,6,1.0,1
2025-10-15 05:00,505.6,6,1.0,1
2025-10-15 06:00,505.6,6,1.0,1
2025-10-15 07:00,505.6,6,1.0,1
2025-10-15 08:00,505.6,6,1.0,1
2025-10-15 09:00,505.8,6,1.0,1
2025-10-15 10:00,506.0,6,1.0,1
2025-10-15 11:00,506.2,6,1.0,1
2025-10-15 12:00,506.2,6,1.0,1
2025-10-15 13:00,506.4,6,1.0,1
2025-10-15 14:00,506.4,6,1.0,1
2025-10-15 15:00,507.0,6,1.0,1
2025-10-15 16:00,508.0,6,1.0,1
2025-10-15 17:00,508.8,6,1.0,1
2025-10-15 18:00,509.2,6,1.0,1
2025-10-15 19:00,509.8,6,1.0,1
2025-10-15 20:00,510.0,6,1.0,1
2025-10-15 21:00,510.0,6,1.0,1
2025-10-15 22:00,510.0,6,1.0,1
2025-10-15 23:00,510.0,6,1.0,1
2025-10-16 00:00,510.6,6,1.0,1
2025-10-16 01:00,510.8,6,1.0,1
2025-10-16 02:00,510.8,6,1.0,1
2025-10-16 03:00,511.4,6,1.0,1
2025-10-16 04:00,511.6,6,1.0,1
2025-10-16 05:00,511.6,6,1.0,1
2025-10-16 06:00,512.8,6,1.0,1
2025-10-16 07:00,516.2,6,1.0,1
2025-10-16 08:00,516.2,6,1.0,1
2025-10-16 09:00,516.2,6,1.0,1
2025-10-16 10:00,516.2,6,1.0,1
2025-10-16 11:00,516.2,6,1.0,1
2025-10-16 12:00,516.2,6,1.0,1
2025-10-16 13:00,519.0,6,1.0,1
2025-10-16 14:00,519.6,6,1.0,1
2025-10-16 15:00,520.4,6,1.0,1
2025-10-16 16:00,520.4,6,1.0,1
2025-10-16 17:00,520.4,6,1.0,1
2025-10-16 18:00,520.6,6,1.0,1
2025-10-16 19:00,520.6,6,1.0,1
2025-10-16 20:00,520.6,6,1.0,1
2025-10-16 21:00,520.6,6,1.0,1
2025-10-16 22:00,520.6,6,1.0,1
2025-10-16 23:00,520.8,6,1.0,1
2025-10-17 00:00,521.4,6,1.0,1
2025-10-17 01:00,521.4,6,1.0,1
2025-10-17 02:00,522.0,6,1.0,1
2025-10-17 03:00,526.4,6,1.0,1
2025-10-17 04:00,527.6,6,1.0,1
2025-10-17 05:00,528.2,6,1.0,1
2025-10-17 06:00,528.2,6,1.0,1
2025-10-17 07:00,528.2,6,1.0,1
2025-10-17 08:00,528.2,6,1.0,1
2025-10-17 09:00,528.2,6,1.0,1
2025-10-17 10:00,528.2,6,1.0,1
2025-10-17 11:00,528.2,6,1.0,1
2025-10-17 12:00,528.2,6,1.0,1
2025-10-17 13:00,528.2,6,1.0,1
2025-10-17 14:00,528.2,6,1.0,1
2025-10-17 15:00,528.2,6,1.0,1
2025-10-17 16:00,529.0,6,1.0,1
2025-10-17 17:00,529.6,6,1.0,1
2025-10-17 18:00,529.6,6,1.0,1
2025-10-17 19:00,529.6,6,1.0,1
2025-10-17 20:00,529.6,6,1.0,1
2025-10-17 21:00,529.6,6,1.0,1
2025-10-17 22:00,529.8,6,1.0,1
2025-10-17 23:00,532.0,6,1.0,1
2025-10-18 00:00,532.0,6,1.0,1
2025-10-18 01:00,532.2,6,1.0,1
2025-10-18 02:00,532.2,6,1.0,1
2025-10-18 03:00,532.2,6,1.0,1
2025-10-18 04:00,532.2,6,1.0,1
2025-10-18 05:00,532.2,6,1.0,1
2025-10-18 06:00,532.2,6,1.0,1
2025-10-18 07:00,532.2,6,1.0,1
2025-10-18 08:00,532.2,6,1.0,1
2025-10-18 09:00,532.2,6,1.0,1
2025-10-18 10:00,532.2,6,1.0,1
2025-10-18 11:00,532.2,6,1.0,1
2025-10-18 12:00,532.2,6,1.0,1
2025-10-18 13:00,532.2,6,1.0,1
2025-10-18 14:00,532.2,6,1.0,1
2025-10-18 15:00,532.2,6,1.0,1
2025-10-18 16:00,532.2,6,1.0,1
2025-10-18 17:00,532.2,6,1.0,1
2025-10-18 18:00,532.2,6,1.0,1
2025-10-18 19:00,532.2,6,1.0,1
2025-10-18 20:00,532.2,6,1.0,1
2025-10-18 21:00,532.2,6,1.0,1
2025-10-18 22:00,532.2,6,1.0,1
2025-10-18 23:00,532.2,6,1.0,1
2025-10-19 00:00,532.2,6,1.0,1
2025-10-19 01:00,532.4,6,1.0,1
2025-10-19 02:00,532.4,6,1.0,1
2025-10-19 03:00,532.4,6,1.0,1
2025-10-19 04:00,532.4,6,1.0,1
2025-10-19 05:00,532.4,6,1.0,1
2025-10-19 06:00,532.4,6,1.0,1
2025-10-19 07:00,532.4,6,1.0,1
2025-10-19 08:00,532.4,6,1.0,1
2025-10-19 09:00,532.4,6,1.0,1
2025-10-19 10:00,532.4,6,1.0,1
2025-10-19 11:00,532.4,6,1.0,1
2025-10-19 12:00,532.4,6,1.0,1
2025-10-19 13:00,532.4,6,1.0,1
2025-10-19 14:00,532.4,6,1.0,1
2025-10-19 15:00,532.4,6,1.0,1
2025-10-19 16:00,532.4,6,1.0,1
2025-10-19 17:00,532.4,6,1.0,1
2025-10-19 18:00,532.4,6,1.0,1
2025-10-19 19:00,532.4,6,1.0,1
2025-10-19 20:00,532.4,6,1.0,1
2025-10-19 21:00,532.4,6,1.0,1
2025-10-19 22:00,532.4,6,1.0,1
2025-10-19 23:00,532.4,6,1.0,1
2025-10-20 00:00,532.4,6,1.0,1
2025-10-20 01:00,532.4,6,1.0,1
2025-10-20 02:00,532.4,6,1.0,1
2025-10-20 03:00,532.4,6,1.0,1
2025-10-20 04:00,532.4,6,1.0,1
2025-10-20 05:00,532.4,6,1.0,1
2025-10-20 06:00,532.4,6,1.0,1
2025-10-20 07:00,532.4,6,1.0,1
2025-10-20 08:00,532.4,6,1.0,1
2025-10-20 09:00,532.4,6,1.0,1
2025-10-20 10:00,532.4,6,1.0,1
2025-10-20 11:00,532.4,6,1.0,1
2025-10-20 12:00,532.4,6,1.0,1
2025-10-20 13:00,532.4,6,1.0,1
2025-10-20 14:00,532.4,6,1.0,1
2025-10-20 15:00,532.4,6,1.0,1
2025-10-20 16:00,532.4,6,1.0,1
2025-10-20 17:00,532.4,6,1.0,1
2025-10-20 18:00,532.4,6,1.0,1
2025-10-20 19:00,532.4,6,1.0,1
2025-10-20 20:00,532.4,6,1.0,1
2025-10-20 21:00,532.4,6,1.0,1
2025-10-20 22:00,532.4,6,1.0,1
2025-10-20 23:00,532.4,6,1.0,1
2025-10-21 00:00,532.4,6,1.0,1
2025-10-21 01:00,532.4,6,1.0,1
2025-10-21 02:00,532.4,6,1.0,1
2025-10-21 03:00,532.4,6,1.0,1
2025-10-21 04:00,532.4,6,1.0,1
2025-10-21 05:00,532.4,6,1.0,1
2025-10-21 06:00,532.4,6,1.0,1
2025-10-21 07:00,532.4,6,1.0,1
2025-10-21 08:00,532.4,6,1.0,1
2025-10-21 09:00,532.4,6,1.0,1
2025-10-21 10:00,537.0,6,1.0,1
2025-10-21 11:00,547.4,6,1.0,1
2025-10-21 12:00,559.6,6,1.0,1
2025-10-21 13:00,565.8,6,1.0,1
2025-10-21 14:00,566.6,6,1.0,1
2025-10-21 15:00,567.6,6,1.0,1
2025-10-21 16:00,569.4,6,1.0,1
2025-10-21 17:00,569.4,6,1.0,1
2025-10-21 18:00,569.4,6,1.0,1
2025-10-21 19:00,569.4,6,1.0,1
2025-10-21 20:00,569.4,6,1.0,1
2025-10-21 21:00,569.4,6,1.0,1
2025-10-21 22:00,569.4,6,1.0,1
2025-10-21 23:00,569.4,6,1.0,1
2025-10-22 00:00,569.4,6,1.0,1
2025-10-22 01:00,569.4,6,1.0,1
2025-10-22 02:00,569.4,6,1.0,1
2025-10-22 03:00,569.4,6,1.0,1
2025-10-22 04:00,569.8,6,1.0,1
2025-10-22 05:00,569.8,6,1.0,1
2025-10-22 06:00,569.8,6,1.0,1
2025-10-22 07:00,569.8,6,1.0,1
2025-10-22 08:00,569.8,6,1.0,1
2025-10-22 09:00,569.8,6,1.0,1
2025-10-22 10:00,570.0,6,1.0,1
2025-10-22 11:00,571.8,6,1.0,1
2025-10-22 12:00,571.8,6,1.0,1
2025-10-22 13:00,571.8,6,1.0,1
2025-10-22 14:00,571.8,6,1.0,1
2025-10-22 15:00,571.8,6,1.0,1
2025-10-22 16:00,571.8,6,1.0,1
2025-10-22 17:00,571.8,6,1.0,1
2025-10-22 18:00,571.8,6,1.0,1
2025-10-22 19:00,571.8,6,1.0,1
2025-10-22 20:00,571.8,6,1.0,1
2025-10-22 21:00,571.8,6,1.0,1
2025-10-22 22:00,571.8,6,1.0,1
2025-10-22 23:00,571.8,6,1.0,1
2025-10-23 00:00,571.8,6,1.0,1
2025-10-23 01:00,571.8,6,1.0,1
2025-10-23 02:00,571.8,6,1.0,1
2025-10-23 03:00,571.8,6,1.0,1
2025-10-23 04:00,571.8,6,1.0,1
2025-10-23 05:00,571.8,6,1.0,1
2025-10-23 06:00,571.8,6,1.0,1
2025-10-23 07:00,571.8,6,1.0,1
2025-10-23 08:00,571.8,6,1.0,1
2025-10-23 09:00,571.8,6,1.0,1
2025-10-23 10:00,576.4,6,1.0,1
2025-10-23 11:00,577.2,6,1.0,1
2025-10-23 12:00,577.2,6,1.0,1
2025-10-23 13:00,580.4,6,1.0,1
2025-10-23 14:00,580.4,6,1.0,1
2025-10-23 15:00,580.4,6,1.0,1
2025-10-23 16:00,580.4,6,1.0,1
2025-10-23 17:00,580.4,6,1.0,1
2025-10-23 18:00,580.4,6,1.0,1
2025-10-23 19:00,581.2,6,1.0,1
2025-10-23 20:00,588.0,6,1.0,1
2025-10-23 21:00,588.0,6,1.0,1
2025-10-23 22:00,588.0,6,1.0,1
2025-10-23 23:00,588.0,6,1.0,1
2025-10-24 00:00,588.0,6,1.0,1
2025-10-24 01:00,588.0,6,1.0,1
2025-10-24 02:00,588.0,6,1.0,1
2025-10-24 03:00,588.0,6,1.0,1
2025-10-24 04:00,588.0,6,1.0,1
2025-10-24 05:00,588.0,6,1.0,1
2025-10-24 06:00,588.0,6,1.0,1
2025-10-24 07:00,588.0,6,1.0,1
2025-10-24 08:00,588.0,6,1.0,1
2025-10-24 09:00,588.0,6,1.0,1
2025-10-24 10:00,588.0,6,1.0,1
2025-10-24 11:00,588.0,6,1.0,1
2025-10-24 12:00,588.0,6,1.0,1
2025-10-24 13:00,588.0,6,1.0,1
2025-10-24 14:00,588.0,6,1.0,1
2025-10-24 15:00,588.0,6,1.0,1
2025-10-24 16:00,588.0,6,1.0,1
2025-10-24 17:00,588.0,6,1.0,1
2025-10-24 18:00,588.0,6,1.0,1
2025-10-24 19:00,588.0,6,1.0,1
2025-10-24 20:00,588.0,6,1.0,1
2025-10-24 21:00,588.0,6,1.0,1
2025-10-24 22:00,588.0,6,1.0,1
2025-10-24 23:00,588.0,6,1.0,1
2025-10-25 00:00,588.0,6,1.0,1
2025-10-25 01:00,588.0,6,1.0,1
2025-10-25 02:00,588.0,6,1.0,1
2025-10-25 03:00,588.0,6,1.0,1
2025-10-25 04:00,588.0,6,1.0,1
2025-10-25 05:00,588.0,6,1.0,1
2025-10-25 06:00,588.0,6,1.0,1
2025-10-25 07:00,588.0,6,1.0,1
2025-10-25 08:00,588.0,6,1.0,1
2025-10-25 09:00,588.0,6,1.0,1
2025-10-25 10:00,588.0,6,1.0,1
2025-10-25 11:00,588.0,6,1.0,1
2025-10-25 12:00,588.0,6,1.0,1
2025-10-25 13:00,588.0,6,1.0,1
2025-10-25 14:00,588.0,6,1.0,1
2025-10-25 15:00,588.0,6,1.0,1
2025-10-25 16:00,588.0,6,1.0,1
2025-10-25 17:00,588.0,6,1.0,1
2025-10-25 18:00,588.0,6,1.0,1
2025-10-25 19:00,588.0,6,1.0,1
2025-10-25 20:00,588.0,6,1.0,1
2025-10-25 21:00,588.0,6,1.0,1
2025-10-25 22:00,594.4,6,1.0,1
2025-10-25 23:00,609.4,6,1.0,1
2025-10-26 00:00,622.6,6,1.0,1
2025-10-26 01:00,628.4,6,1.0,1
2025-10-26 02:00,628.6,6,1.0,1
2025-10-26 03:00,628.6,6,1.0,1
2025-10-26 04:00,628.6,6,1.0,1
2025-10-26 05:00,628.6,6,1.0,1
2025-10-26 06:00,628.6,6,1.0,1
2025-10-26 07:00,628.6,6,1.0,1
2025-10-26 08:00,628.6,6,1.0,1
2025-10-26 09:00,628.6,6,1.0,1
2025-10-26 10:00,628.6,6,1.0,1
2025-10-26 11:00,628.6,6,1.0,1
2025-10-26 12:00,628.6,6,1.0,1
2025-10-26 13:00,628.6,6,1.0,1
2025-10-26 14:00,628.6,6,1.0,1
2025-10-26 15:00,628.6,6,1.0,1
2025-10-26 16:00,628.6,6,1.0,1
2025-10-26 17:00,628.6,6,1.0,1
2025-10-26 18:00,628.6,6,1.0,1
2025-10-26 19:00,628.6,6,1.0,1
2025-10-26 20:00,628.6,6,1.0,1
2025-10-26 21:00,628.6,6,1.0,1
2025-10-26 22:00,628.6,6,1.0,1
2025-10-26 23:00,628.6,6,1.0,1
2025-10-27 00:00,629.8,6,1.0,1
2025-10-27 01:00,629.8,6,1.0,1
2025-10-27 02:00,629.8,6,1.0,1
2025-10-27 03:00,629.8,6,1.0,1
2025-10-27 04:00,629.8,6,1.0,1
2025-10-27 05:00,630.0,6,1.0,1
2025-10-27 06:00,630.0,6,1.0,1
2025-10-27 07:00,630.0,6,1.0,1
2025-10-27 08:00,630.0,6,1.0,1
2025-10-27 09:00,630.0,6,1.0,1
2025-10-27 10:00,630.0,6,1.0,1
2025-10-27 11:00,630.0,6,1.0,1
2025-10-27 12:00,630.0,6,1.0,1
2025-10-27 13:00,630.0,6,1.0,1
2025-10-27 14:00,630.0,6,1.0,1
2025-10-27 15:00,630.0,6,1.0,1
2025-10-27 16:00,630.0,6,1.0,1
2025-10-27 17:00,630.0,6,1.0,1
2025-10-27 18:00,630.0,6,1.0,1
2025-10-27 19:00,630.6,6,1.0,1
2025-10-27 20:00,632.6,6,1.0,1
2025-10-27 21:00,635.0,6,1.0,1
2025-10-27 22:00,638.0,6,1.0,1
2025-10-27 23:00,640.0,6,1.0,1
2025-10-28 00:00,640.6,6,1.0,1
2025-10-28 01:00,640.8,6,1.0,1
2025-10-28 02:00,641.0,6,1.0,1
2025-10-28 03:00,641.0,6,1.0,1
2025-10-28 04:00,641.0,6,1.0,1
2025-10-28 05:00,641.0,6,1.0,1
2025-10-28 06:00,641.0,6,1.0,1
2025-10-28 07:00,641.0,6,1.0,1
2025-10-28 08:00,641.0,6,1.0,1
2025-10-28 09:00,641.0,6,1.0,1
2025-10-28 10:00,641.0,6,1.0,1
2025-10-28 11:00,641.0,6,1.0,1
2025-10-28 12:00,641.0,6,1.0,1
2025-10-28 13:00,641.0,6,1.0,1
2025-10-28 14:00,641.0,6,1.0,1
2025-10-28 15:00,641.0,6,1.0,1
2025-10-28 16:00,641.0,6,1.0,1
2025-10-28 17:00,641.0,6,1.0,1
2025-10-28 18:00,641.0,6,1.0,1
2025-10-28 19:00,641.0,6,1.0,1
2025-10-28 20:00,641.0,6,1.0,1
2025-10-28 21:00,641.0,6,1.0,1
2025-10-28 22:00,641.0,6,1.0,1
2025-10-28 23:00,641.0,6,1.0,1
2025-10-29 00:00,641.0,6,1.0,1
2025-10-29 01:00,641.0,6,1.0,1
2025-10-29 02:00,641.0,6,1.0,1
2025-10-29 03:00,641.0,6,1.0,1
2025-10-29 04:00,641.2,6,1.0,1
2025-10-29 05:00,641.6,6,1.0,1
2025-10-29 06:00,641.6,6,1.0,1
2025-10-29 07:00,641.6,6,1.0,1
2025-10-29 08:00,641.6,6,1.0,1
2025-10-29 09:00,641.6,6,1.0,1
2025-10-29 10:00,641.6,6,1.0,1
2025-10-29 11:00,641.6,6,1.0,1
2025-10-29 12:00,641.6,6,1.0,1
2025-10-29 13:00,641.6,6,1.0,1
2025-10-29 14:00,641.6,6,1.0,1
2025-10-29 15:00,641.6,6,1.0,1
2025-10-29 16:00,641.6,6,1.0,1
2025-10-29 17:00,641.6,6,1.0,1
2025-10-29 18:00,641.6,6,1.0,1
2025-10-29 19:00,641.6,6,1.0,1
2025-10-29 20:00,641.6,6,1.0,1
2025-10-29 21:00,641.6,6,1.0,1
2025-10-29 22:00,641.6,6,1.0,1
2025-10-29 23:00,641.6,6,1.0,1
2025-10-30 00:00,641.6,6,1.0,1
2025-10-30 01:00,641.6,6,1.0,1
2025-10-30 02:00,641.6,6,1.0,1
2025-10-30 03:00,641.6,6,1.0,1
2025-10-30 04:00,641.6,6,1.0,1
2025-10-30 05:00,641.6,6,1.0,1
2025-10-30 06:00,641.6,6,1.0,1
2025-10-30 07:00,641.6,6,1.0,1
2025-10-30 08:00,641.6,6,1.0,1
2025-10-30 09:00,641.6,6,1.0,1
2025-10-30 10:00,641.6,6,1.0,1
2025-10-30 11:00,641.6,6,1.0,1
2025-10-30 12:00,641.6,6,1.0,1
2025-10-30 13:00,641.6,6,1.0,1
2025-10-30 14:00,641.6,6,1.0,1
2025-10-30 15:00,641.6,6,1.0,1
2025-10-30 16:00,641.6,6,1.0,1
2025-10-30 17:00,641.6,6,1.0,1
2025-10-30 18:00,641.6,6,1.0,1
2025-10-30 19:00,641.6,6,1.0,1
2025-10-30 20:00,641.6,6,1.0,1
2025-10-30 21:00,641.6,6,1.0,1
2025-10-30 22:00,641.6,6,1.0,1
2025-10-30 23:00,641.6,6,1.0,1
2025-10-31 00:00,641.6,6,1.0,1
2025-10-31 01:00,641.6,6,1.0,1
2025-10-31 02:00,642.0,6,1.0,1
2025-10-31 03:00,642.6,6,1.0,1
2025-10-31 04:00,642.8,6,1.0,1
2025-10-31 05:00,642.8,6,1.0,1
2025-10-31 06:00,642.8,6,1.0,1
2025-10-31 07:00,642.8,6,1.0,1
2025-10-31 08:00,642.8,6,1.0,1
2025-10-31 09:00,642.8,6,1.0,1
2025-10-31 10:00,642.8,6,1.0,1
2025-10-31 11:00,642.8,6,1.0,1
2025-10-31 12:00,642.8,6,1.0,1
2025-10-31 13:00,642.8,6,1.0,1
2025-10-31 14:00,642.8,6,1.0,1
2025-10-31 15:00,642.8,6,1.0,1
2025-10-31 16:00,642.8,6,1.0,1
2025-10-31 17:00,642.8,6,1.0,1
2025-10-31 18:00,642.8,6,1.0,1
2025-10-31 19:00,642.8,6,1.0,1
2025-10-31 20:00,642.8,6,1.0,1
2025-10-31 21:00,642.8,6,1.0,1
2025-10-31 22:00,642.8,6,1.0,1
2025-10-31 23:00,642.8,6,1.0,1
2025-11-01 00:00,642.8,6,1.0,1
2025-11-01 01:00,642.8,6,1.0,1
2025-11-01 02:00,642.8,6,1.0,1
2025-11-01 03:00,642.8,6,1.0,1
2025-11-01 04:00,642.8,6,1.0,1
2025-11-01 05:00,642.8,6,1.0,1
2025-11-01 06:00,642.8,6,1.0,1
2025-11-01 07:00,642.8,6,1.0,1
2025-11-01 08:00,642.8,6,1.0,1
2025-11-01 09:00,642.8,6,1.0,1
2025-11-01 10:00,642.8,6,1.0,1
2025-11-01 11:00,642.8,6,1.0,1
2025-11-01 12:00,642.8,6,1.0,1
2025-11-01 13:00,642.8,6,1.0,1
2025-11-01 14:00,642.8,6,1.0,1
2025-11-01 15:00,642.8,6,1.0,1
2025-11-01 16:00,642.8,6,1.0,1
2025-11-01 17:00,642.8,6,1.0,1
2025-11-01 18:00,642.8,6,1.0,1
2025-11-01 19:00,642.8,6,1.0,1
2025-11-01 20:00,642.8,6,1.0,1
2025-11-01 21:00,642.8,6,1.0,1
2025-11-01 22:00,642.8,6,1.0,1
2025-11-01 23:00,642.8,6,1.0,1
2025-11-02 00:00,642.8,6,1.0,1
2025-11-02 01:00,642.8,6,1.0,1
2025-11-02 02:00,642.8,6,1.0,1
2025-11-02 03:00,642.8,6,1.0,1
2025-11-02 04:00,642.8,6,1.0,1
2025-11-02 05:00,642.8,6,1.0,1
2025-11-02 06:00,642.8,6,1.0,1
2025-11-02 07:00,642.8,6,1.0,1
2025-11-02 08:00,642.8,6,1.0,1
2025-11-02 09:00,642.8,6,1.0,1
2025-11-02 10:00,642.8,6,1.0,1
2025-11-02 11:00,642.8,6,1.0,1
2025-11-02 12:00,642.8,6,1.0,1
2025-11-02 13:00,642.8,6,1.0,1
2025-11-02 14:00,642.8,6,1.0,1
2025-11-02 15:00,642.8,6,1.0,1
2025-11-02 16:00,642.8,6,1.0,1
2025-11-02 17:00,642.8,6,1.0,1
2025-11-02 18:00,642.8,6,1.0,1
2025-11-02 19:00,642.8,6,1.0,1
2025-11-02 20:00,642.8,6,1.0,1
2025-11-02 21:00,642.8,6,1.0,1
2025-11-02 22:00,643.0,6,1.0,1
2025-11-02 23:00,643.0,6,1.0,1
2025-11-03 00:00,643.0,6,1.0,1
2025-11-03 01:00,643.0,6,1.0,1
2025-11-03 02:00,643.2,6,1.0,1
2025-11-03 03:00,643.2,6,1.0,1
2025-11-03 04:00,643.2,6,1.0,1
2025-11-03 05:00,643.2,6,1.0,1
2025-11-03 06:00,643.2,6,1.0,1
2025-11-03 07:00,643.2,6,1.0,1
2025-11-03 08:00,643.2,6,1.0,1
2025-11-03 09:00,643.8,6,1.0,1
2025-11-03 10:00,644.2,6,1.0,1
2025-11-03 11:00,659.4,6,1.0,1
2025-11-03 12:00,659.4,6,1.0,1
2025-11-03 13:00,659.4,6,1.0,1
2025-11-03 14:00,659.4,6,1.0,1
2025-11-03 15:00,659.4,6,1.0,1
2025-11-03 16:00,659.4,6,1.0,1
2025-11-03 17:00,659.4,6,1.0,1
2025-11-03 18:00,659.4,6,1.0,1
2025-11-03 19:00,659.4,6,1.0,1
2025-11-03 20:00,659.4,6,1.0,1
2025-11-03 21:00,659.4,6,1.0,1
2025-11-03 22:00,659.4,6,1.0,1
2025-11-03 23:00,659.4,6,1.0,1
2025-11-04 00:00,659.4,6,1.0,1
2025-11-04 01:00,659.4,6,1.0,1
2025-11-04 02:00,659.4,6,1.0,1
2025-11-04 03:00,659.4,6,1.0,1
2025-11-04 04:00,659.4,6,1.0,1
2025-11-04 05:00,659.4,6,1.0,1
2025-11-04 06:00,659.4,6,1.0,1
2025-11-04 07:00,659.4,6,1.0,1
2025-11-04 08:00,659.4,6,1.0,1
2025-11-04 09:00,659.4,6,1.0,1
2025-11-04 10:00,659.4,6,1.0,1
2025-11-04 11:00,659.4,6,1.0,1
2025-11-04 12:00,659.4,6,1.0,1
2025-11-04 13:00,659.4,6,1.0,1
2025-11-04 14:00,659.4,6,1.0,1
2025-11-04 15:00,659.4,6,1.0,1
2025-11-04 16:00,659.4,6,1.0,1
2025-11-04 17:00,659.4,6,1.0,1
2025-11-04 18:00,659.4,6,1.0,1
2025-11-04 19:00,659.4,6,1.0,1
2025-11-04 20:00,659.4,6,1.0,1
2025-11-04 21:00,659.4,6,1.0,1
2025-11-04 22:00,659.4,6,1.0,1
2025-11-04 23:00,659.4,6,1.0,1
2025-11-05 00:00,659.4,6,1.0,1
2025-11-05 01:00,659.4,6,1.0,1
2025-11-05 02:00,659.4,6,1.0,1
2025-11-05 03:00,659.4,6,1.0,1
2025-11-05 04:00,659.4,6,1.0,1
2025-11-05 05:00,659.4,6,1.0,1
2025-11-05 06:00,659.4,6,1.0,1
2025-11-05 07:00,659.4,6,1.0,1
2025-11-05 08:00,659.4,6,1.0,1
2025-11-05 09:00,659.4,6,1.0,1
2025-11-05 10:00,659.4,6,1.0,1
2025-11-05 11:00,659.4,6,1.0,1
2025-11-05 12:00,659.4,6,1.0,1
2025-11-05 13:00,659.4,6,1.0,1
2025-11-05 14:00,659.4,6,1.0,1
2025-11-05 15:00,659.4,6,1.0,1
2025-11-05 16:00,659.4,6,1.0,1
2025-11-05 17:00,659.4,6,1.0,1
2025-11-05 18:00,659.4,6,1.0,1
2025-11-05 19:00,659.4,6,1.0,1
2025-11-05 20:00,659.4,6,1.0,1
2025-11-05 21:00,659.4,6,1.0,1
2025-11-05 22:00,659.4,6,1.0,1
2025-11-05 23:00,659.4,6,1.0,1
2025-11-06 00:00,659.4,6,1.0,1
2025-11-06 01:00,659.4,6,1.0,1
2025-11-06 02:00,659.4,6,1.0,1
2025-11-06 03:00,659.4,6,1.0,1
2025-11-06 04:00,659.4,6,1.0,1
2025-11-06 05:00,659.4,6,1.0,1
2025-11-06 06:00,659.4,6,1.0,1
2025-11-06 07:00,659.4,6,1.0,1
2025-11-06 08:00,659.4,6,1.0,1
2025-11-06 09:00,659.4,6,1.0,1
2025-11-06 10:00,659.4,6,1.0,1
2025-11-06 11:00,659.4,6,1.0,1
2025-11-06 12:00,659.4,6,1.0,1
2025-11-06 13:00,659.4,6,1.0,1
2025-11-06 14:00,659.4,6,1.0,1
2025-11-06 15:00,659.4,6,1.0,1
2025-11-06 16:00,659.4,6,1.0,1
2025-11-06 17:00,659.4,6,1.0,1
2025-11-06 18:00,659.4,6,1.0,1
2025-11-06 19:00,659.4,6,1.0,1
2025-11-06 20:00,659.4,6,1.0,1
2025-11-06 21:00,659.4,6,1.0,1
2025-11-06 22:00,659.4,6,1.0,1
2025-11-06 23:00,659.4,6,1.0,1
2025-11-07 00:00,659.4,6,1.0,1
2025-11-07 01:00,659.4,6,1.0,1
2025-11-07 02:00,659.4,6,1.0,1
2025-11-07 03:00,659.4,6,1.0,1
2025-11-07 04:00,659.4,6,1.0,1
2025-11-07 05:00,659.4,6,1.0,1
2025-11-07 06:00,659.4,6,1.0,1
2025-11-07 07:00,659.4,6,1.0,1
2025-11-07 08:00,659.4,6,1.0,1
2025-11-07 09:00,659.4,6,1.0,1
2025-11-07 10:00,659.4,6,1.0,1
2025-11-07 11:00,659.4,6,1.0,1
2025-11-07 12:00,659.4,6,1.0,1
2025-11-07 13:00,659.6,6,1.0,1
2025-11-07 14:00,659.8,6,1.0,1
2025-11-07 15:00,659.8,6,1.0,1
2025-11-07 16:00,659.8,6,1.0,1
2025-11-07 17:00,659.8,6,1.0,1
2025-11-07 18:00,660.6,6,1.0,1
2025-11-07 19:00,660.6,6,1.0,1
2025-11-07 20:00,663.0,6,1.0,1
2025-11-07 21:00,668.6,6,1.0,1
2025-11-07 22:00,669.6,6,1.0,1
2025-11-07 23:00,670.2,6,1.0,1
2025-11-08 00:00,670.6,6,1.0,1
2025-11-08 01:00,670.6,6,1.0,1
2025-11-08 02:00,670.6,6,1.0,1
2025-11-08 03:00,670.6,6,1.0,1
2025-11-08 04:00,670.6,6,1.0,1
2025-11-08 05:00,670.6,6,1.0,1
2025-11-08 06:00,670.6,6,1.0,1
2025-11-08 07:00,670.8,6,1.0,1
2025-11-08 08:00,671.6,6,1.0,1
2025-11-08 09:00,671.6,6,1.0,1
2025-11-08 10:00,671.6,6,1.0,1
2025-11-08 11:00,671.6,6,1.0,1
2025-11-08 12:00,671.6,6,1.0,1
2025-11-08 13:00,671.6,6,1.0,1
2025-11-08 14:00,671.6,6,1.0,1
2025-11-08 15:00,672.6,6,1.0,1
2025-11-08 16:00,673.0,6,1.0,1
2025-11-08 17:00,673.0,6,1.0,1
2025-11-08 18:00,680.0,6,1.0,1
2025-11-08 19:00,681.0,6,1.0,1
2025-11-08 20:00,682.4,6,1.0,1
2025-11-08 21:00,684.4,6,1.0,1
2025-11-08 22:00,695.8,6,1.0,1
2025-11-08 23:00,697.8,6,1.0,1
2025-11-09 00:00,698.6,6,1.0,1
2025-11-09 01:00,700.0,6,1.0,1
2025-11-09 02:00,700.0,6,1.0,1
2025-11-09 03:00,700.0,6,1.0,1
2025-11-09 04:00,700.0,6,1.0,1
2025-11-09 05:00,700.0,6,1.0,1
2025-11-09 06:00,700.0,6,1.0,1
2025-11-09 07:00,700.0,6,1.0,1
2025-11-09 08:00,700.0,6,1.0,1
2025-11-09 09:00,700.0,6,1.0,1
2025-11-09 10:00,700.0,6,1.0,1
2025-11-09 11:00,700.0,6,1.0,1
2025-11-09 12:00,700.0,6,1.0,1
2025-11-09 13:00,700.0,6,1.0,1
2025-11-09 14:00,700.0,6,1.0,1
2025-11-09 15:00,700.0,6,1.0,1
2025-11-09 16:00,700.0,6,1.0,1
2025-11-09 17:00,700.0,6,1.0,1
2025-11-09 18:00,700.0,6,1.0,1
2025-11-09 19:00,700.0,6,1.0,1
2025-11-09 20:00,700.0,6,1.0,1
2025-11-09 21:00,700.0,6,1.0,1
2025-11-09 22:00,700.0,6,1.0,1
2025-11-09 23:00,700.0,6,1.0,1
2025-11-10 00:00,700.0,6,1.0,1
2025-11-10 01:00,700.0,6,1.0,1
2025-11-10 02:00,700.0,6,1.0,1
2025-11-10 03:00,700.0,6,1.0,1
2025-11-10 04:00,700.0,6,1.0,1
2025-11-10 05:00,700.0,6,1.0,1
2025-11-10 06:00,700.0,6,1.0,1
2025-11-10 07:00,700.0,6,1.0,1
2025-11-10 08:00,700.0,6,1.0,1
2025-11-10 09:00,700.0,6,1.0,1
2025-11-10 10:00,700.0,6,1.0,1
2025-11-10 11:00,700.0,6,1.0,1
2025-11-10 12:00,700.0,6,1.0,1
2025-11-10 13:00,700.0,6,1.0,1
2025-11-10 14:00,700.0,6,1.0,1
2025-11-10 15:00,700.0,6,1.0,1
2025-11-10 16:00,700.0,6,1.0,1
2025-11-10 17:00,700.0,6,1.0,1
2025-11-10 18:00,700.0,6,1.0,1
2025-11-10 19:00,700.0,6,1.0,1
2025-11-10 20:00,700.0,6,1.0,1
2025-11-10 21:00,700.0,6,1.0,1
2025-11-10 22:00,700.0,6,1.0,1
2025-11-10 23:00,700.0,6,1.0,1
2025-11-11 00:00,700.0,6,1.0,1
2025-11-11 01:00,700.0,6,1.0,1
2025-11-11 02:00,700.0,6,1.0,1
2025-11-11 03:00,700.0,6,1.0,1
2025-11-11 04:00,700.0,6,1.0,1
2025-11-11 05:00,700.0,6,1.0,1
2025-11-11 06:00,700.0,6,1.0,1
2025-11-11 07:00,700.0,6,1.0,1
2025-11-11 08:00,700.0,6,1.0,1
2025-11-11 09:00,700.0,6,1.0,1
2025-11-11 10:00,700.0,6,1.0,1
2025-11-11 11:00,700.0,6,1.0,1
2025-11-11 12:00,700.0,6,1.0,1
2025-11-11 13:00,700.0,6,1.0,1
2025-11-11 14:00,700.0,6,1.0,1
2025-11-11 15:00,700.0,6,1.0,1
2025-11-11 16:00,700.0,6,1.0,1
2025-11-11 17:00,700.0,6,1.0,1
2025-11-11 18:00,700.0,6,1.0,1
2025-11-11 19:00,700.0,6,1.0,1
2025-11-11 20:00,700.0,6,1.0,1
2025-11-11 21:00,700.0,6,1.0,1
2025-11-11 22:00,700.0,6,1.0,1
2025-11-11 23:00,700.0,6,1.0,1
2025-11-12 00:00,700.0,6,1.0,1
2025-11-12 01:00,700.0,6,1.0,1
2025-11-12 02:00,700.0,6,1.0,1
2025-11-12 03:00,700.0,6,1.0,1
2025-11-12 04:00,700.0,6,1.0,1
2025-11-12 05:00,700.0,6,1.0,1
2025-11-12 06:00,700.0,6,1.0,1
2025-11-12 07:00,700.0,6,1.0,1
2025-11-12 08:00,700.0,6,1.0,1
2025-11-12 09:00,700.0,6,1.0,1
2025-11-12 10:00,700.0,6,1.0,1
2025-11-12 11:00,700.0,6,1.0,1
2025-11-12 12:00,700.0,6,1.0,1
2025-11-12 13:00,700.0,6,1.0,1
2025-11-12 14:00,700.0,6,1.0,1
2025-11-12 15:00,700.0,6,1.0,1
2025-11-12 16:00,700.0,6,1.0,1
2025-11-12 17:00,700.0,6,1.0,1
2025-11-12 18:00,700.0,6,1.0,1
2025-11-12 19:00,700.0,6,1.0,1
2025-11-12 20:00,700.0,6,1.0,1
2025-11-12 21:00,700.0,6,1.0,1
2025-11-12 22:00,700.0,6,1.0,1
2025-11-12 23:00,700.0,6,1.0,1
2025-11-13 00:00,700.0,6,1.0,1
2025-11-13 01:00,700.0,6,1.0,1
2025-11-13 02:00,700.0,6,1.0,1
2025-11-13 03:00,700.0,6,1.0,1
2025-11-13 04:00,700.0,6,1.0,1
2025-11-13 05:00,700.0,6,1.0,1
2025-11-13 06:00,700.0,6,1.0,1
2025-11-13 07:00,700.0,6,1.0,1
2025-11-13 08:00,700.0,6,1.0,1
2025-11-13 09:00,700.0,6,1.0,1
2025-11-13 10:00,700.0,6,1.0,1
2025-11-13 11:00,700.0,6,1.0,1
2025-11-13 12:00,700.0,6,1.0,1
2025-11-13 13:00,700.0,6,1.0,1
2025-11-13 14:00,700.0,6,1.0,1
2025-11-13 15:00,700.0,6,1.0,1
2025-11-13 16:00,700.0,6,1.0,1
2025-11-13 17:00,700.0,6,1.0,1
2025-11-13 18:00,700.0,6,1.0,1
2025-11-13 19:00,700.0,6,1.0,1
2025-11-13 20:00,700.0,6,1.0,1
2025-11-13 21:00,700.0,6,1.0,1
2025-11-13 22:00,700.0,6,1.0,1
2025-11-13 23:00,700.0,6,1.0,1
2025-11-14 00:00,700.0,6,1.0,1
2025-11-14 01:00,700.0,6,1.0,1
2025-11-14 02:00,700.0,6,1.0,1
2025-11-14 03:00,700.0,6,1.0,1
2025-11-14 04:00,700.0,6,1.0,1
2025-11-14 05:00,700.0,6,1.0,1
2025-11-14 06:00,700.0,6,1.0,1
2025-11-14 07:00,700.0,6,1.0,1
2025-11-14 08:00,700.0,6,1.0,1
2025-11-14 09:00,700.0,6,1.0,1
2025-11-14 10:00,700.0,6,1.0,1
2025-11-14 11:00,700.0,6,1.0,1
2025-11-14 12:00,700.0,6,1.0,1
2025-11-14 13:00,700.0,6,1.0,1
2025-11-14 14:00,700.0,6,1.0,1
2025-11-14 15:00,700.0,6,1.0,1
2025-11-14 16:00,700.0,6,1.0,1
2025-11-14 17:00,700.0,6,1.0,1
2025-11-14 18:00,700.0,6,1.0,1
2025-11-14 19:00,700.0,6,1.0,1
2025-11-14 20:00,700.0,6,1.0,1
2025-11-14 21:00,700.0,6,1.0,1
2025-11-14 22:00,700.0,6,1.0,1
2025-11-14 23:00,700.0,6,1.0,1
2025-11-15 00:00,700.0,6,1.0,1
2025-11-15 01:00,700.0,6,1.0,1
2025-11-15 02:00,700.0,6,1.0,1
2025-11-15 03:00,700.0,6,1.0,1
2025-11-15 04:00,700.0,6,1.0,1
2025-11-15 05:00,700.0,6,1.0,1
2025-11-15 06:00,700.0,6,1.0,1
2025-11-15 07:00,700.0,6,1.0,1
2025-11-15 08:00,700.0,6,1.0,1
2025-11-15 09:00,700.0,6,1.0,1
2025-11-15 10:00,700.0,6,1.0,1
2025-11-15 11:00,700.0,6,1.0,1
2025-11-15 12:00,700.0,6,1.0,1
2025-11-15 13:00,700.0,6,1.0,1
2025-11-15 14:00,700.0,6,1.0,1
2025-11-15 15:00,700.0,6,1.0,1
2025-11-15 16:00,700.0,6,1.0,1
2025-11-15 17:00,700.0,6,1.0,1
2025-11-15 18:00,700.0,6,1.0,1
2025-11-15 19:00,700.0,6,1.0,1
2025-11-15 20:00,700.0,6,1.0,1
2025-11-15 21:00,700.0,6,1.0,1
2025-11-15 22:00,700.0,6,1.0,1
2025-11-15 23:00,700.0,6,1.0,1
2025-11-16 00:00,700.0,6,1.0,1
2025-11-16 01:00,700.0,6,1.0,1
2025-11-16 02:00,700.0,6,1.0,1
2025-11-16 03:00,700.0,6,1.0,1
2025-11-16 04:00,700.0,6,1.0,1
2025-11-16 05:00,700.0,6,1.0,1
2025-11-16 06:00,700.0,6,1.0,1
2025-11-16 07:00,700.0,6,1.0,1
2025-11-16 08:00,700.0,6,1.0,1
2025-11-16 09:00,700.0,6,1.0,1
2025-11-16 10:00,700.0,6,1.0,1
2025-11-16 11:00,700.0,6,1.0,1
2025-11-16 12:00,700.0,6,1.0,1
2025-11-16 13:00,700.0,6,1.0,1
2025-11-16 14:00,700.0,6,1.0,1
2025-11-16 15:00,700.0,6,1.0,1
2025-11-16 16:00,700.0,6,1.0,1
2025-11-16 17:00,700.0,6,1.0,1
2025-11-16 18:00,700.0,6,1.0,1
2025-11-16 19:00,700.0,6,1.0,1
2025-11-16 20:00,700.0,6,1.0,1
2025-11-16 21:00,700.0,6,1.0,1
2025-11-16 22:00,700.0,6,1.0,1
2025-11-16 23:00,700.0,6,1.0,1
2025-11-17 00:00,700.0,6,1.0,1
2025-11-17 01:00,700.0,6,1.0,1
2025-11-17 02:00,700.0,6,1.0,1
2025-11-17 03:00,700.0,6,1.0,1
2025-11-17 04:00,700.0,6,1.0,1
2025-11-17 05:00,700.0,6,1.0,1
2025-11-17 06:00,700.0,6,1.0,1
2025-11-17 07:00,700.0,6,1.0,1
2025-11-17 08:00,700.0,6,1.0,1
2025-11-17 09:00,700.0,6,1.0,1
2025-11-17 10:00,700.0,6,1.0,1
2025-11-17 11:00,700.0,6,1.0,1
2025-11-17 12:00,700.0,6,1.0,1
2025-11-17 13:00,700.0,6,1.0,1
2025-11-17 14:00,700.0,6,1.0,1
2025-11-17 15:00,700.0,6,1.0,1
2025-11-17 16:00,700.0,6,1.0,1
2025-11-17 17:00,700.0,6,1.0,1
2025-11-17 18:00,700.0,6,1.0,1
2025-11-17 19:00,700.0,6,1.0,1
2025-11-17 20:00,700.0,6,1.0,1
2025-11-17 21:00,700.0,6,1.0,1
2025-11-17 22:00,700.0,6,1.0,1
2025-11-17 23:00,700.0,6,1.0,1
2025-11-18 00:00,700.0,6,1.0,1
2025-11-18 01:00,700.0,6,1.0,1
2025-11-18 02:00,700.0,6,1.0,1
2025-11-18 03:00,700.0,6,1.0,1
2025-11-18 04:00,700.0,6,1.0,1
2025-11-18 05:00,700.0,6,1.0,1
2025-11-18 06:00,700.2,6,1.0,1
2025-11-18 07:00,700.2,6,1.0,1
2025-11-18 08:00,700.2,6,1.0,1
2025-11-18 09:00,701.2,6,1.0,1
2025-11-18 10:00,720.4,6,1.0,1
2025-11-18 11:00,729.8,6,1.0,1
2025-11-18 12:00,732.0,6,1.0,1
2025-11-18 13:00,732.0,6,1.0,1
2025-11-18 14:00,732.0,6,1.0,1
2025-11-18 15:00,732.0,6,1.0,1
2025-11-18 16:00,732.0,6,1.0,1
2025-11-18 17:00,732.0,6,1.0,1
2025-11-18 18:00,732.0,6,1.0,1
2025-11-18 19:00,732.4,6,1.0,1
2025-11-18 20:00,735.8,6,1.0,1
2025-11-18 21:00,736.2,6,1.0,1
2025-11-18 22:00,736.2,6,1.0,1
2025-11-18 23:00,736.2,6,1.0,1
2025-11-19 00:00,736.4,6,1.0,1
2025-11-19 01:00,736.6,6,1.0,1
2025-11-19 02:00,736.6,6,1.0,1
2025-11-19 03:00,736.8,6,1.0,1
2025-11-19 04:00,736.8,6,1.0,1
2025-11-19 05:00,736.8,6,1.0,1
2025-11-19 06:00,736.8,6,1.0,1
2025-11-19 07:00,736.8,6,1.0,1
2025-11-19 08:00,736.8,6,1.0,1
2025-11-19 09:00,736.8,6,1.0,1
2025-11-19 10:00,736.8,6,1.0,1
2025-11-19 11:00,736.8,6,1.0,1
2025-11-19 12:00,736.8,6,1.0,1
2025-11-19 13:00,736.8,6,1.0,1
2025-11-19 14:00,736.8,6,1.0,1
2025-11-19 15:00,736.8,6,1.0,1
2025-11-19 16:00,736.8,6,1.0,1
2025-11-19 17:00,736.8,6,1.0,1
2025-11-19 18:00,737.6,6,1.0,1
2025-11-19 19:00,737.6,6,1.0,1
2025-11-19 20:00,737.6,6,1.0,1
2025-11-19 21:00,737.6,6,1.0,1
2025-11-19 22:00,737.6,6,1.0,1
2025-11-19 23:00,737.6,6,1.0,1
2025-11-20 00:00,737.6,6,1.0,1
2025-11-20 01:00,737.8,6,1.0,1
2025-11-20 02:00,737.8,6,1.0,1
2025-11-20 03:00,737.8,6,1.0,1
2025-11-20 04:00,737.8,6,1.0,1
2025-11-20 05:00,737.8,6,1.0,1
2025-11-20 06:00,737.8,6,1.0,1
2025-11-20 07:00,737.8,6,1.0,1
2025-11-20 08:00,737.8,6,1.0,1
2025-11-20 09:00,737.8,6,1.0,1
2025-11-20 10:00,737.8,6,1.0,1
2025-11-20 11:00,737.8,6,1.0,1
2025-11-20 12:00,737.8,6,1.0,1
2025-11-20 13:00,737.8,6,1.0,1
2025-11-20 14:00,737.8,6,1.0,1
2025-11-20 15:00,737.8,6,1.0,1
2025-11-20 16:00,742.6,6,1.0,1
2025-11-20 17:00,746.8,6,1.0,1
2025-11-20 18:00,747.2,6,1.0,1
2025-11-20 19:00,747.8,6,1.0,1
2025-11-20 20:00,751.6,6,1.0,1
2025-11-20 21:00,751.6,6,1.0,1
2025-11-20 22:00,751.6,6,1.0,1
2025-11-20 23:00,751.6,6,1.0,1
2025-11-21 00:00,752.2,6,1.0,1
2025-11-21 01:00,753.2,6,1.0,1
2025-11-21 02:00,757.8,6,1.0,1
2025-11-21 03:00,760.8,6,1.0,1
2025-11-21 04:00,762.0,6,1.0,1
2025-11-21 05:00,762.0,6,1.0,1
2025-11-21 06:00,762.0,6,1.0,1
2025-11-21 07:00,763.0,6,1.0,1
2025-11-21 08:00,765.0,6,1.0,1
2025-11-21 09:00,767.6,6,1.0,1
2025-11-21 10:00,768.4,6,1.0,1
2025-11-21 11:00,768.6,6,1.0,1
2025-11-21 12:00,769.0,6,1.0,1
2025-11-21 13:00,769.0,6,1.0,1
2025-11-21 14:00,769.4,6,1.0,1
2025-11-21 15:00,769.4,6,1.0,1
2025-11-21 16:00,771.2,6,1.0,1
2025-11-21 17:00,771.6,6,1.0,1
2025-11-21 18:00,771.8,6,1.0,1
2025-11-21 19:00,774.0,6,1.0,1
2025-11-21 20:00,776.0,6,1.0,1
2025-11-21 21:00,777.8,6,1.0,1
2025-11-21 22:00,777.8,6,1.0,1
2025-11-21 23:00,777.8,6,1.0,1
2025-11-22 00:00,777.8,6,1.0,1
2025-11-22 01:00,780.8,6,1.0,1
2025-11-22 02:00,784.6,6,1.0,1
2025-11-22 03:00,784.8,6,1.0,1
2025-11-22 04:00,785.2,6,1.0,1
2025-11-22 05:00,785.6,6,1.0,1
2025-11-22 06:00,785.6,6,1.0,1
2025-11-22 07:00,789.4,6,1.0,1
2025-11-22 08:00,789.4,6,1.0,1
2025-11-22 09:00,791.8,6,1.0,1
2025-11-22 10:00,791.8,6,1.0,1
2025-11-22 11:00,794.4,6,1.0,1
2025-11-22 12:00,795.4,6,1.0,1
2025-11-22 13:00,796.8,6,1.0,1
2025-11-22 14:00,800.2,6,1.0,1
2025-11-22 15:00,800.2,6,1.0,1
2025-11-22 16:00,801.2,6,1.0,1
2025-11-22 17:00,801.2,6,1.0,1
2025-11-22 18:00,801.2,6,1.0,1
2025-11-22 19:00,801.4,6,1.0,1
2025-11-22 20:00,801.4,6,1.0,1
2025-11-22 21:00,801.4,6,1.0,1
2025-11-22 22:00,801.4,6,1.0,1
2025-11-22 23:00,801.4,6,1.0,1
2025-11-23 00:00,801.4,6,1.0,1
2025-11-23 01:00,801.4,6,1.0,1
2025-11-23 02:00,801.4,6,1.0,1
2025-11-23 03:00,801.4,6,1.0,1
2025-11-23 04:00,801.4,6,1.0,1
2025-11-23 05:00,801.4,6,1.0,1
2025-11-23 06:00,801.4,6,1.0,1
2025-11-23 07:00,801.4,6,1.0,1
2025-11-23 08:00,801.4,6,1.0,1
2025-11-23 09:00,801.4,6,1.0,1
2025-11-23 10:00,801.4,6,1.0,1
2025-11-23 11:00,801.4,6,1.0,1
2025-11-23 12:00,801.4,6,1.0,1
2025-11-23 13:00,801.4,6,1.0,1
2025-11-23 14:00,801.4,6,1.0,1
2025-11-23 15:00,801.4,6,1.0,1
2025-11-23 16:00,801.4,6,1.0,1
2025-11-23 17:00,801.4,6,1.0,1
2025-11-23 18:00,801.4,6,1.0,1
2025-11-23 19:00,801.4,6,1.0,1
2025-11-23 20:00,801.4,6,1.0,1
2025-11-23 21:00,801.4,6,1.0,1
2025-11-23 22:00,801.4,6,1.0,1
2025-11-23 23:00,801.4,6,1.0,1
2025-11-24 00:00,801.6,6,1.0,1
2025-11-24 01:00,802.2,6,1.0,1
2025-11-24 02:00,802.4,6,1.0,1
2025-11-24 03:00,802.4,6,1.0,1
2025-11-24 04:00,802.4,6,1.0,1
2025-11-24 05:00,802.4,6,1.0,1
2025-11-24 06:00,804.2,6,1.0,1
2025-11-24 07:00,804.8,6,1.0,1
2025-11-24 08:00,811.8,6,1.0,1
2025-11-24 09:00,812.0,6,1.0,1
2025-11-24 10:00,812.0,6,1.0,1
2025-11-24 11:00,814.4,6,1.0,1
2025-11-24 12:00,815.0,6,1.0,1
2025-11-24 13:00,823.0,6,1.0,1
2025-11-24 14:00,828.8,6,1.0,1
2025-11-24 15:00,833.8,6,1.0,1
2025-11-24 16:00,836.2,6,1.0,1
2025-11-24 17:00,838.8,6,1.0,1
2025-11-24 18:00,840.4,6,1.0,1
2025-11-24 19:00,840.4,6,1.0,1
2025-11-24 20:00,842.0,6,1.0,1
2025-11-24 21:00,842.8,6,1.0,1
2025-11-24 22:00,843.2,6,1.0,1
2025-11-24 23:00,843.4,6,1.0,1
2025-11-25 00:00,843.4,6,1.0,1
2025-11-25 01:00,843.4,6,1.0,1
2025-11-25 02:00,843.4,6,1.0,1
2025-11-25 03:00,844.2,6,1.0,1
2025-11-25 04:00,853.4,6,1.0,1
2025-11-25 05:00,858.8,6,1.0,1
2025-11-25 06:00,861.4,6,1.0,1
2025-11-25 07:00,864.6,6,1.0,1
2025-11-25 08:00,866.2,6,1.0,1
2025-11-25 09:00,866.4,6,1.0,1
2025-11-25 10:00,867.2,6,1.0,1
2025-11-25 11:00,867.2,6,1.0,1
2025-11-25 12:00,869.2,6,1.0,1
2025-11-25 13:00,870.4,6,1.0,1
2025-11-25 14:00,870.6,6,1.0,1
2025-11-25 15:00,876.8,6,1.0,1
2025-11-25 16:00,888.0,6,1.0,1
2025-11-25 17:00,891.4,6,1.0,1
2025-11-25 18:00,892.8,6,1.0,1
2025-11-25 19:00,901.8,6,1.0,1
2025-11-25 20:00,905.6,6,1.0,1
2025-11-25 21:00,907.0,6,1.0,1
2025-11-25 22:00,909.0,6,1.0,1
2025-11-25 23:00,909.0,6,1.0,1
2025-11-26 00:00,909.0,6,1.0,1
2025-11-26 01:00,909.0,6,1.0,1
2025-11-26 02:00,909.4,6,1.0,1
2025-11-26 03:00,909.4,6,1.0,1
2025-11-26 04:00,909.4,6,1.0,1
2025-11-26 05:00,910.2,6,1.0,1
2025-11-26 06:00,914.8,6,1.0,1
2025-11-26 07:00,916.0,6,1.0,1
2025-11-26 08:00,916.0,6,1.0,1
2025-11-26 09:00,916.0,6,1.0,1
2025-11-26 10:00,916.0,6,1.0,1
2025-11-26 11:00,916.0,6,1.0,1
2025-11-26 12:00,916.0,6,1.0,1
2025-11-26 13:00,916.0,6,1.0,1
2025-11-26 14:00,920.4,6,1.0,1
2025-11-26 15:00,925.4,6,1.0,1
2025-11-26 16:00,927.2,6,1.0,1
2025-11-26 17:00,927.4,6,1.0,1
2025-11-26 18:00,927.4,6,1.0,1
2025-11-26 19:00,928.2,6,1.0,1
2025-11-26 20:00,933.0,6,1.0,1
2025-11-26 21:00,935.8,6,1.0,1
2025-11-26 22:00,936.4,6,1.0,1
2025-11-26 23:00,936.4,6,1.0,1
2025-11-27 00:00,936.4,6,1.0,1
2025-11-27 01:00,936.4,6,1.0,1
2025-11-27 02:00,936.4,6,1.0,1
2025-11-27 03:00,936.4,6,1.0,1
2025-11-27 04:00,936.4,6,1.0,1
2025-11-27 05:00,936.4,6,1.0,1
2025-11-27 06:00,936.4,6,1.0,1
2025-11-27 07:00,936.4,6,1.0,1
2025-11-27 08:00,936.4,6,1.0,1
2025-11-27 09:00,936.4,6,1.0,1
2025-11-27 10:00,936.4,6,1.0,1
2025-11-27 11:00,936.4,6,1.0,1
2025-11-27 12:00,936.4,6,1.0,1
2025-11-27 13:00,936.4,6,1.0,1
2025-11-27 14:00,936.4,6,1.0,1
2025-11-27 15:00,936.4,6,1.0,1
2025-11-27 16:00,936.4,6,1.0,1
2025-11-27 17:00,936.4,6,1.0,1
2025-11-27 18:00,936.4,6,1.0,1
2025-11-27 19:00,936.4,6,1.0,1
2025-11-27 20:00,936.4,6,1.0,1
2025-11-27 21:00,936.4,6,1.0,1
2025-11-27 22:00,936.4,6,1.0,1
2025-11-27 23:00,936.4,6,1.0,1
2025-11-28 00:00,936.4,6,1.0,1
2025-11-28 01:00,936.4,6,1.0,1
2025-11-28 02:00,936.4,6,1.0,1
2025-11-28 03:00,936.4,6,1.0,1
2025-11-28 04:00,936.4,6,1.0,1
2025-11-28 05:00,936.4,6,1.0,1
2025-11-28 06:00,936.4,6,1.0,1
2025-11-28 07:00,936.4,6,1.0,1
2025-11-28 08:00,936.4,6,1.0,1
2025-11-28 09:00,936.4,6,1.0,1
2025-11-28 10:00,936.4,6,1.0,1
2025-11-28 11:00,936.4,6,1.0,1
2025-11-28 12:00,936.4,6,1.0,1
2025-11-28 13:00,936.4,6,1.0,1
2025-11-28 14:00,936.4,6,1.0,1
2025-11-28 15:00,936.4,6,1.0,1
2025-11-28 16:00,936.4,6,1.0,1
2025-11-28 17:00,936.4,6,1.0,1
2025-11-28 18:00,936.4,6,1.0,1
2025-11-28 19:00,936.4,6,1.0,1
2025-11-28 20:00,936.4,6,1.0,1
2025-11-28 21:00,936.4,6,1.0,1
2025-11-28 22:00,936.4,6,1.0,1
2025-11-28 23:00,936.4,6,1.0,1
2025-11-29 00:00,936.4,6,1.0,1
2025-11-29 01:00,936.4,6,1.0,1
2025-11-29 02:00,936.4,6,1.0,1
2025-11-29 03:00,936.4,6,1.0,1
2025-11-29 04:00,936.4,6,1.0,1
2025-11-29 05:00,936.4,6,1.0,1
2025-11-29 06:00,936.4,6,1.0,1
2025-11-29 07:00,936.4,6,1.0,1
2025-11-29 08:00,936.4,6,1.0,1
2025-11-29 09:00,936.4,6,1.0,1
2025-11-29 10:00,936.4,6,1.0,1
2025-11-29 11:00,936.4,6,1.0,1
2025-11-29 12:00,936.4,6,1.0,1
2025-11-29 13:00,936.4,6,1.0,1
2025-11-29 14:00,936.4,6,1.0,1
2025-11-29 15:00,936.4,6,1.0,1
2025-11-29 16:00,936.4,6,1.0,1
2025-11-29 17:00,936.4,6,1.0,1
2025-11-29 18:00,936.4,6,1.0,1
2025-11-29 19:00,936.4,6,1.0,1
2025-11-29 20:00,936.4,6,1.0,1
2025-11-29 21:00,936.4,6,1.0,1
2025-11-29 22:00,936.4,6,1.0,1
2025-11-29 23:00,936.4,6,1.0,1
2025-11-30 00:00,936.4,6,1.0,1
2025-11-30 01:00,936.4,6,1.0,1
2025-11-30 02:00,936.4,6,1.0,1
2025-11-30 03:00,936.4,6,1.0,1
2025-11-30 04:00,936.4,6,1.0,1
2025-11-30 05:00,936.4,6,1.0,1
2025-11-30 06:00,936.4,6,1.0,1
2025-11-30 07:00,936.4,6,1.0,1
2025-11-30 08:00,936.4,6,1.0,1
2025-11-30 09:00,936.4,6,1.0,1
2025-11-30 10:00,936.4,6,1.0,1
2025-11-30 11:00,936.4,6,1.0,1
2025-11-30 12:00,936.4,6,1.0,1
2025-11-30 13:00,936.4,6,1.0,1
2025-11-30 14:00,936.4,6,1.0,1
2025-11-30 15:00,936.4,6,1.0,1
2025-11-30 16:00,936.4,6,1.0,1
2025-11-30 17:00,936.4,6,1.0,1
2025-11-30 18:00,936.4,6,1.0,1
2025-11-30 19:00,936.4,6,1.0,1
2025-11-30 20:00,936.4,6,1.0,1
2025-11-30 21:00,936.4,6,1.0,1
2025-11-30 22:00,936.4,6,1.0,1
2025-11-30 23:00,936.4,6,1.0,1
2025-12-01 00:00,936.4,6,1.0,1
2025-12-01 01:00,936.4,6,1.0,1
2025-12-01 02:00,936.4,6,1.0,1
2025-12-01 03:00,936.4,6,1.0,1
2025-12-01 04:00,936.4,6,1.0,1
2025-12-01 05:00,936.4,6,1.0,1
2025-12-01 06:00,936.4,6,1.0,1
2025-12-01 07:00,936.4,6,1.0,1
2025-12-01 08:00,936.4,6,1.0,1
2025-12-01 09:00,936.4,6,1.0,1
2025-12-01 10:00,936.4,6,1.0,1
2025-12-01 11:00,936.4,6,1.0,1
2025-12-01 12:00,936.4,6,1.0,1
2025-12-01 13:00,936.4,6,1.0,1
2025-12-01 14:00,936.4,6,1.0,1
2025-12-01 15:00,936.4,6,1.0,1
2025-12-01 16:00,936.4,6,1.0,1
2025-12-01 17:00,936.4,6,1.0,1
2025-12-01 18:00,936.4,6,1.0,1
2025-12-01 19:00,936.4,6,1.0,1
2025-12-01 20:00,936.4,6,1.0,1
2025-12-01 21:00,936.4,6,1.0,1
2025-12-01 22:00,936.8,6,1.0,1
2025-12-01 23:00,937.8,6,1.0,1
2025-12-02 00:00,938.0,6,1.0,1
2025-12-02 01:00,939.0,6,1.0,1
2025-12-02 02:00,939.2,6,1.0,1
2025-12-02 03:00,939.2,6,1.0,1
2025-12-02 04:00,941.2,6,1.0,1
2025-12-02 05:00,941.2,6,1.0,1
2025-12-02 06:00,941.2,6,1.0,1
2025-12-02 07:00,941.2,6,1.0,1
2025-12-02 08:00,941.2,6,1.0,1
2025-12-02 09:00,951.4,6,1.0,1
2025-12-02 10:00,957.0,6,1.0,1
2025-12-02 11:00,959.2,6,1.0,1
2025-12-02 12:00,959.2,6,1.0,1
2025-12-02 13:00,959.2,6,1.0,1
2025-12-02 14:00,962.0,6,1.0,1
2025-12-02 15:00,965.6,6,1.0,1
2025-12-02 16:00,967.0,6,1.0,1
2025-12-02 17:00,967.8,6,1.0,1
2025-12-02 18:00,968.2,6,1.0,1
2025-12-02 19:00,968.2,6,1.0,1
2025-12-02 20:00,969.2,6,1.0,1
2025-12-02 21:00,970.0,6,1.0,1
2025-12-02 22:00,970.0,6,1.0,1
2025-12-02 23:00,970.0,6,1.0,1
2025-12-03 00:00,970.0,6,1.0,1
2025-12-03 01:00,970.0,6,1.0,1
2025-12-03 02:00,970.0,6,1.0,1
2025-12-03 03:00,970.0,6,1.0,1
2025-12-03 04:00,970.0,6,1.0,1
2025-12-03 05:00,970.0,6,1.0,1
2025-12-03 06:00,970.0,6,1.0,1
2025-12-03 07:00,970.0,6,1.0,1
2025-12-03 08:00,970.0,6,1.0,1
2025-12-03 09:00,970.0,6,1.0,1
2025-12-03 10:00,970.0,6,1.0,1
2025-12-03 11:00,970.0,6,1.0,1
2025-12-03 12:00,970.0,6,1.0,1
2025-12-03 13:00,970.0,6,1.0,1
2025-12-03 14:00,970.0,6,1.0,1
2025-12-03 15:00,970.0,6,1.0,1
2025-12-03 16:00,970.0,6,1.0,1
2025-12-03 17:00,970.0,6,1.0,1
2025-12-03 18:00,970.0,6,1.0,1
2025-12-03 19:00,970.0,6,1.0,1
2025-12-03 20:00,970.0,6,1.0,1
2025-12-03 21:00,970.0,6,1.0,1
2025-12-03 22:00,970.0,6,1.0,1
2025-12-03 23:00,970.0,6,1.0,1
2025-12-04 00:00,970.0,6,1.0,1
2025-12-04 01:00,970.0,6,1.0,1
2025-12-04 02:00,970.0,6,1.0,1
2025-12-04 03:00,970.0,6,1.0,1
2025-12-04 04:00,970.0,6,1.0,1
2025-12-04 05:00,970.0,6,1.0,1
2025-12-04 06:00,970.2,6,1.0,1
2025-12-04 07:00,970.2,6,1.0,1
2025-12-04 08:00,970.2,6,1.0,1
2025-12-04 09:00,970.2,6,1.0,1
2025-12-04 10:00,970.2,6,1.0,1
2025-12-04 11:00,970.2,6,1.0,1
2025-12-04 12:00,970.2,6,1.0,1
2025-12-04 13:00,970.2,6,1.0,1
2025-12-04 14:00,970.2,6,1.0,1
2025-12-04 15:00,970.2,6,1.0,1
2025-12-04 16:00,970.2,6,1.0,1
2025-12-04 17:00,970.2,6,1.0,1
2025-12-04 18:00,970.2,6,1.0,1
2025-12-04 19:00,970.2,6,1.0,1
2025-12-04 20:00,970.2,6,1.0,1
2025-12-04 21:00,970.2,6,1.0,1
2025-12-04 22:00,970.4,6,1.0,1
2025-12-04 23:00,970.4,6,1.0,1
2025-12-05 00:00,977.4,6,1.0,1
2025-12-05 01:00,982.6,6,1.0,1
2025-12-05 02:00,983.2,6,1.0,1
2025-12-05 03:00,983.2,6,1.0,1
2025-12-05 04:00,983.2,6,1.0,1
2025-12-05 05:00,983.2,6,1.0,1
2025-12-05 06:00,983.2,6,1.0,1
2025-12-05 07:00,983.2,6,1.0,1
2025-12-05 08:00,983.2,6,1.0,1
2025-12-05 09:00,983.2,6,1.0,1
2025-12-05 10:00,983.2,6,1.0,1
2025-12-05 11:00,983.2,6,1.0,1
2025-12-05 12:00,988.2,6,1.0,1
2025-12-05 13:00,988.2,6,1.0,1
2025-12-05 14:00,988.2,6,1.0,1
2025-12-05 15:00,988.2,6,1.0,1
2025-12-05 16:00,988.2,6,1.0,1
2025-12-05 17:00,988.2,6,1.0,1
2025-12-05 18:00,988.2,6,1.0,1
2025-12-05 19:00,988.2,6,1.0,1
2025-12-05 20:00,988.2,6,1.0,1
2025-12-05 21:00,988.2,6,1.0,1
2025-12-05 22:00,988.2,6,1.0,1
2025-12-05 23:00,988.2,6,1.0,1
2025-12-06 00:00,988.2,6,1.0,1
2025-12-06 01:00,988.2,6,1.0,1
2025-12-06 02:00,988.2,6,1.0,1
2025-12-06 03:00,988.2,6,1.0,1
2025-12-06 04:00,988.2,6,1.0,1
2025-12-06 05:00,988.2,6,1.0,1
2025-12-06 06:00,988.2,6,1.0,1
2025-12-06 07:00,988.2,6,1.0,1
2025-12-06 08:00,988.2,6,1.0,1
2025-12-06 09:00,988.2,6,1.0,1
2025-12-06 10:00,988.2,6,1.0,1
2025-12-06 11:00,988.2,6,1.0,1
2025-12-06 12:00,988.2,6,1.0,1
2025-12-06 13:00,988.2,6,1.0,1
2025-12-06 14:00,988.2,6,1.0,1
2025-12-06 15:00,988.2,6,1.0,1
2025-12-06 16:00,988.2,6,1.0,1
2025-12-06 17:00,988.2,6,1.0,1
2025-12-06 18:00,988.2,6,1.0,1
2025-12-06 19:00,988.2,6,1.0,1
2025-12-06 20:00,988.2,6,1.0,1
2025-12-06 21:00,988.2,6,1.0,1
2025-12-06 22:00,988.2,6,1.0,1
2025-12-06 23:00,988.2,6,1.0,1
2025-12-07 00:00,988.2,6,1.0,1
2025-12-07 01:00,988.2,6,1.0,1
2025-12-07 02:00,988.2,6,1.0,1
2025-12-07 03:00,988.2,6,1.0,1
2025-12-07 04:00,988.2,6,1.0,1
2025-12-07 05:00,988.2,6,1.0,1
2025-12-07 06:00,988.2,6,1.0,1
2025-12-07 07:00,988.2,6,1.0,1
2025-12-07 08:00,988.2,6,1.0,1
2025-12-07 09:00,988.2,6,1.0,1
2025-12-07 10:00,988.2,6,1.0,1
2025-12-07 11:00,988.2,6,1.0,1
2025-12-07 12:00,988.2,6,1.0,1
2025-12-07 13:00,988.2,6,1.0,1
2025-12-07 14:00,988.2,6,1.0,1
2025-12-07 15:00,988.2,6,1.0,1
2025-12-07 16:00,988.2,6,1.0,1
2025-12-07 17:00,988.2,6,1.0,1
2025-12-07 18:00,988.2,6,1.0,1
2025-12-07 19:00,988.2,6,1.0,1
2025-12-07 20:00,988.2,6,1.0,1
2025-12-07 21:00,988.2,6,1.0,1
2025-12-07 22:00,988.2,6,1.0,1
2025-12-07 23:00,988.2,6,1.0,1
2025-12-08 00:00,988.2,6,1.0,1
2025-12-08 01:00,988.2,6,1.0,1
2025-12-08 02:00,988.2,6,1.0,1
2025-12-08 03:00,988.2,6,1.0,1
2025-12-08 04:00,988.2,6,1.0,1
2025-12-08 05:00,988.2,6,1.0,1
2025-12-08 06:00,988.2,6,1.0,1
2025-12-08 07:00,988.2,6,1.0,1
2025-12-08 08:00,988.2,6,1.0,1
2025-12-08 09:00,988.2,6,1.0,1
2025-12-08 10:00,988.2,6,1.0,1
2025-12-08 11:00,988.2,6,1.0,1
2025-12-08 12:00,988.2,6,1.0,1
2025-12-08 13:00,988.2,6,1.0,1
2025-12-08 14:00,988.2,6,1.0,1
2025-12-08 15:00,988.2,6,1.0,1
2025-12-08 16:00,988.2,6,1.0,1
2025-12-08 17:00,988.2,6,1.0,1
2025-12-08 18:00,988.2,6,1.0,1
2025-12-08 19:00,988.2,6,1.0,1
2025-12-08 20:00,988.2,6,1.0,1
2025-12-08 21:00,988.2,6,1.0,1
2025-12-08 22:00,988.2,6,1.0,1
2025-12-08 23:00,988.2,6,1.0,1
2025-12-09 00:00,988.2,6,1.0,1
2025-12-09 01:00,988.2,6,1.0,1
2025-12-09 02:00,988.2,6,1.0,1
2025-12-09 03:00,988.2,6,1.0,1
2025-12-09 04:00,988.2,6,1.0,1
2025-12-09 05:00,988.2,6,1.0,1
2025-12-09 06:00,988.2,6,1.0,1
2025-12-09 07:00,988.2,6,1.0,1
2025-12-09 08:00,988.2,6,1.0,1
2025-12-09 09:00,988.2,6,1.0,1
2025-12-09 10:00,988.2,6,1.0,1
2025-12-09 11:00,988.2,6,1.0,1
2025-12-09 12:00,988.2,6,1.0,1
2025-12-09 13:00,988.2,6,1.0,1
2025-12-09 14:00,988.2,6,1.0,1
2025-12-09 15:00,988.2,6,1.0,1
2025-12-09 16:00,988.2,6,1.0,1
2025-12-09 17:00,988.2,6,1.0,1
2025-12-09 18:00,988.2,6,1.0,1
2025-12-09 19:00,988.2,6,1.0,1
2025-12-09 20:00,988.2,6,1.0,1
2025-12-09 21:00,988.2,6,1.0,1
2025-12-09 22:00,988.2,6,1.0,1
2025-12-09 23:00,988.2,6,1.0,1
2025-12-10 00:00,988.2,6,1.0,1
2025-12-10 01:00,988.2,6,1.0,1
2025-12-10 02:00,988.2,6,1.0,1
2025-12-10 03:00,988.2,6,1.0,1
2025-12-10 04:00,988.2,6,1.0,1
2025-12-10 05:00,988.2,6,1.0,1
2025-12-10 06:00,988.2,6,1.0,1
2025-12-10 07:00,988.2,6,1.0,1
2025-12-10 08:00,988.2,6,1.0,1
2025-12-10 09:00,988.2,6,1.0,1
2025-12-10 10:00,988.2,6,1.0,1
2025-12-10 11:00,988.2,6,1.0,1
2025-12-10 12:00,988.2,6,1.0,1
2025-12-10 13:00,988.2,6,1.0,1
2025-12-10 14:00,988.2,6,1.0,1
2025-12-10 15:00,988.2,6,1.0,1
2025-12-10 16:00,988.2,6,1.0,1
2025-12-10 17:00,988.2,6,1.0,1
2025-12-10 18:00,988.2,6,1.0,1
2025-12-10 19:00,988.2,6,1.0,1
2025-12-10 20:00,988.2,6,1.0,1
2025-12-10 21:00,988.2,6,1.0,1
2025-12-10 22:00,988.2,6,1.0,1
2025-12-10 23:00,988.2,6,1.0,1
2025-12-11 00:00,988.2,6,1.0,1
2025-12-11 01:00,988.2,6,1.0,1
2025-12-11 02:00,988.2,6,1.0,1
2025-12-11 03:00,988.2,6,1.0,1
2025-12-11 04:00,988.2,6,1.0,1
2025-12-11 05:00,988.2,6,1.0,1
2025-12-11 06:00,988.2,6,1.0,1
2025-12-11 07:00,988.2,6,1.0,1
2025-12-11 08:00,988.2,6,1.0,1
2025-12-11 09:00,988.2,6,1.0,1
2025-12-11 10:00,988.2,6,1.0,1
2025-12-11 11:00,988.2,6,1.0,1
2025-12-11 12:00,988.2,6,1.0,1
2025-12-11 13:00,988.2,6,1.0,1
2025-12-11 14:00,988.2,6,1.0,1
2025-12-11 15:00,988.2,6,1.0,1
2025-12-11 16:00,988.2,6,1.0,1
2025-12-11 17:00,988.2,6,1.0,1
2025-12-11 18:00,988.2,6,1.0,1
2025-12-11 19:00,988.2,6,1.0,1
2025-12-11 20:00,988.2,6,1.0,1
2025-12-11 21:00,988.2,6,1.0,1
2025-12-11 22:00,988.2,6,1.0,1
2025-12-11 23:00,988.2,6,1.0,1
2025-12-12 00:00,988.2,6,1.0,1
2025-12-12 01:00,988.2,6,1.0,1
2025-12-12 02:00,988.2,6,1.0,1
2025-12-12 03:00,988.2,6,1.0,1
2025-12-12 04:00,988.2,6,1.0,1
2025-12-12 05:00,988.4,6,1.0,1
2025-12-12 06:00,988.4,6,1.0,1
2025-12-12 07:00,988.4,6,1.0,1
2025-12-12 08:00,988.4,6,1.0,1
2025-12-12 09:00,988.4,6,1.0,1
2025-12-12 10:00,988.4,6,1.0,1
2025-12-12 11:00,988.4,6,1.0,1
2025-12-12 12:00,988.4,6,1.0,1
2025-12-12 13:00,988.4,6,1.0,1
2025-12-12 14:00,988.4,6,1.0,1
2025-12-12 15:00,988.4,6,1.0,1
2025-12-12 16:00,988.4,6,1.0,1
2025-12-12 17:00,988.4,6,1.0,1
2025-12-12 18:00,988.4,6,1.0,1
2025-12-12 19:00,988.4,6,1.0,1
2025-12-12 20:00,988.4,6,1.0,1
2025-12-12 21:00,988.4,6,1.0,1
2025-12-12 22:00,988.4,6,1.0,1
2025-12-12 23:00,988.4,6,1.0,1
2025-12-13 00:00,988.4,6,1.0,1
2025-12-13 01:00,988.4,6,1.0,1
2025-12-13 02:00,988.4,6,1.0,1
2025-12-13 03:00,988.4,6,1.0,1
2025-12-13 04:00,988.6,6,1.0,1
2025-12-13 05:00,988.6,6,1.0,1
2025-12-13 06:00,988.6,6,1.0,1
2025-12-13 07:00,988.6,6,1.0,1
2025-12-13 08:00,988.6,6,1.0,1
2025-12-13 09:00,988.6,6,1.0,1
2025-12-13 10:00,988.6,6,1.0,1
2025-12-13 11:00,988.6,6,1.0,1
2025-12-13 12:00,988.6,6,1.0,1
2025-12-13 13:00,988.6,6,1.0,1
2025-12-13 14:00,988.6,6,1.0,1
2025-12-13 15:00,988.6,6,1.0,1
2025-12-13 16:00,988.6,6,1.0,1
2025-12-13 17:00,988.6,6,1.0,1
2025-12-13 18:00,988.6,6,1.0,1
2025-12-13 19:00,988.6,6,1.0,1
2025-12-13 20:00,988.6,6,1.0,1
2025-12-13 21:00,988.6,6,1.0,1
2025-12-13 22:00,988.6,6,1.0,1
2025-12-13 23:00,988.6,6,1.0,1
2025-12-14 00:00,988.6,6,1.0,1
2025-12-14 01:00,988.6,6,1.0,1
2025-12-14 02:00,988.6,6,1.0,1
2025-12-14 03:00,988.6,6,1.0,1
2025-12-14 04:00,988.6,6,1.0,1
2025-12-14 05:00,988.6,6,1.0,1
2025-12-14 06:00,988.6,6,1.0,1
2025-12-14 07:00,988.6,6,1.0,1
2025-12-14 08:00,988.6,6,1.0,1
2025-12-14 09:00,988.6,6,1.0,1
2025-12-14 10:00,988.6,6,1.0,1
2025-12-14 11:00,988.6,6,1.0,1
2025-12-14 12:00,988.6,6,1.0,1
2025-12-14 13:00,988.6,6,1.0,1
2025-12-14 14:00,988.6,6,1.0,1
2025-12-14 15:00,988.6,6,1.0,1
2025-12-14 16:00,988.6,6,1.0,1
2025-12-14 17:00,988.6,6,1.0,1
2025-12-14 18:00,988.6,6,1.0,1
2025-12-14 19:00,988.6,6,1.0,1
2025-12-14 20:00,988.6,6,1.0,1
2025-12-14 21:00,988.6,6,1.0,1
2025-12-14 22:00,988.6,6,1.0,1
2025-12-14 23:00,988.6,6,1.0,1
2025-12-15 00:00,988.6,6,1.0,1
2025-12-15 01:00,988.6,6,1.0,1
2025-12-15 02:00,988.6,6,1.0,1
2025-12-15 03:00,988.6,6,1.0,1
2025-12-15 04:00,988.6,6,1.0,1
2025-12-15 05:00,988.6,6,1.0,1
2025-12-15 06:00,988.6,6,1.0,1
2025-12-15 07:00,988.6,6,1.0,1
2025-12-15 08:00,988.6,6,1.0,1
2025-12-15 09:00,988.6,6,1.0,1
2025-12-15 10:00,988.6,6,1.0,1
2025-12-15 11:00,988.6,6,1.0,1
2025-12-15 12:00,988.6,6,1.0,1
2025-12-15 13:00,988.6,6,1.0,1
2025-12-15 14:00,988.6,6,1.0,1
2025-12-15 15:00,988.6,6,1.0,1
2025-12-15 16:00,988.6,6,1.0,1
2025-12-15 17:00,988.6,6,1.0,1
2025-12-15 18:00,988.6,6,1.0,1
2025-12-15 19:00,988.6,6,1.0,1
2025-12-15 20:00,988.6,6,1.0,1
2025-12-15 21:00,988.6,6,1.0,1
2025-12-15 22:00,988.6,6,1.0,1
2025-12-15 23:00,988.6,6,1.0,1
2025-12-16 00:00,988.6,6,1.0,1
2025-12-16 01:00,988.6,6,1.0,1
2025-12-16 02:00,988.6,6,1.0,1
2025-12-16 03:00,988.6,6,1.0,1
2025-12-16 04:00,988.6,6,1.0,1
2025-12-16 05:00,988.6,6,1.0,1
2025-12-16 06:00,988.6,6,1.0,1
2025-12-16 07:00,988.6,6,1.0,1
2025-12-16 08:00,988.6,6,1.0,1
2025-12-16 09:00,988.6,6,1.0,1
2025-12-16 10:00,988.8,6,1.0,1
2025-12-16 11:00,988.8,6,1.0,1
2025-12-16 12:00,988.8,6,1.0,1
2025-12-16 13:00,988.8,6,1.0,1
2025-12-16 14:00,988.8,6,1.0,1
2025-12-16 15:00,988.8,6,1.0,1
2025-12-16 16:00,989.4,6,1.0,1
2025-12-16 17:00,989.4,6,1.0,1
2025-12-16 18:00,989.4,6,1.0,1
2025-12-16 19:00,989.4,6,1.0,1
2025-12-16 20:00,990.0,6,1.0,1
2025-12-16 21:00,990.0,6,1.0,1
2025-12-16 22:00,991.2,6,1.0,1
2025-12-16 23:00,992.6,6,1.0,1
2025-12-17 00:00,996.6,6,1.0,1
2025-12-17 01:00,996.6,6,1.0,1
2025-12-17 02:00,997.6,6,1.0,1
2025-12-17 03:00,997.6,6,1.0,1
2025-12-17 04:00,997.6,6,1.0,1
2025-12-17 05:00,997.6,6,1.0,1
2025-12-17 06:00,997.6,6,1.0,1
2025-12-17 07:00,999.8,6,1.0,1
2025-12-17 08:00,999.8,6,1.0,1
2025-12-17 09:00,999.8,6,1.0,1
2025-12-17 10:00,999.8,6,1.0,1
2025-12-17 11:00,999.8,6,1.0,1
2025-12-17 12:00,999.8,6,1.0,1
2025-12-17 13:00,999.8,6,1.0,1
2025-12-17 14:00,999.8,6,1.0,1
2025-12-17 15:00,999.8,6,1.0,1
2025-12-17 16:00,999.8,6,1.0,1
2025-12-17 17:00,999.8,6,1.0,1
2025-12-17 18:00,999.8,6,1.0,1
2025-12-17 19:00,999.8,6,1.0,1
2025-12-17 20:00,999.8,6,1.0,1
2025-12-17 21:00,999.8,6,1.0,1
2025-12-17 22:00,999.8,6,1.0,1
2025-12-17 23:00,999.8,6,1.0,1
2025-12-18 00:00,999.8,6,1.0,1
2025-12-18 01:00,999.8,6,1.0,1
2025-12-18 02:00,999.8,6,1.0,1
2025-12-18 03:00,999.8,6,1.0,1
2025-12-18 04:00,999.8,6,1.0,1
2025-12-18 05:00,999.8,6,1.0,1
2025-12-18 06:00,999.8,6,1.0,1
2025-12-18 07:00,999.8,6,1.0,1
2025-12-18 08:00,999.8,6,1.0,1
2025-12-18 09:00,999.8,6,1.0,1
2025-12-18 10:00,999.8,6,1.0,1
2025-12-18 11:00,999.8,6,1.0,1
2025-12-18 12:00,999.8,6,1.0,1
2025-12-18 13:00,999.8,6,1.0,1
2025-12-18 14:00,999.8,6,1.0,1
2025-12-18 15:00,999.8,6,1.0,1
2025-12-18 16:00,999.8,6,1.0,1
2025-12-18 17:00,999.8,6,1.0,1
2025-12-18 18:00,999.8,6,1.0,1
2025-12-18 19:00,999.8,6,1.0,1
2025-12-18 20:00,999.8,6,1.0,1
2025-12-18 21:00,999.8,6,1.0,1
2025-12-18 22:00,999.8,6,1.0,1
2025-12-18 23:00,999.8,6,1.0,1
2025-12-19 00:00,999.8,6,1.0,1
2025-12-19 01:00,999.8,6,1.0,1
2025-12-19 02:00,999.8,6,1.0,1
2025-12-19 03:00,999.8,6,1.0,1
2025-12-19 04:00,999.8,6,1.0,1
2025-12-19 05:00,999.8,6,1.0,1
2025-12-19 06:00,999.8,6,1.0,1
2025-12-19 07:00,999.8,6,1.0,1
2025-12-19 08:00,999.8,6,1.0,1
2025-12-19 09:00,999.8,6,1.0,1
2025-12-19 10:00,999.8,6,1.0,1
2025-12-19 11:00,999.8,6,1.0,1
2025-12-19 12:00,999.8,6,1.0,1
2025-12-19 13:00,999.8,6,1.0,1
2025-12-19 14:00,999.8,6,1.0,1
2025-12-19 15:00,999.8,6,1.0,1
2025-12-19 16:00,999.8,6,1.0,1
2025-12-19 17:00,999.8,6,1.0,1
2025-12-19 18:00,999.8,6,1.0,1
2025-12-19 19:00,999.8,6,1.0,1
2025-12-19 20:00,999.8,6,1.0,1
2025-12-19 21:00,999.8,6,1.0,1
2025-12-19 22:00,999.8,6,1.0,1
2025-12-19 23:00,999.8,6,1.0,1
2025-12-20 00:00,999.8,6,1.0,1
2025-12-20 01:00,999.8,6,1.0,1
2025-12-20 02:00,999.8,6,1.0,1
2025-12-20 03:00,999.8,6,1.0,1
2025-12-20 04:00,999.8,6,1.0,1
2025-12-20 05:00,999.8,6,1.0,1
2025-12-20 06:00,999.8,6,1.0,1
2025-12-20 07:00,999.8,6,1.0,1
2025-12-20 08:00,999.8,6,1.0,1
2025-12-20 09:00,999.8,6,1.0,1
2025-12-20 10:00,999.8,6,1.0,1
2025-12-20 11:00,999.8,6,1.0,1
2025-12-20 12:00,999.8,6,1.0,1
2025-12-20 13:00,999.8,6,1.0,1
2025-12-20 14:00,999.8,6,1.0,1
2025-12-20 15:00,999.8,6,1.0,1
2025-12-20 16:00,999.8,6,1.0,1
2025-12-20 17:00,999.8,6,1.0,1
2025-12-20 18:00,999.8,6,1.0,1
2025-12-20 19:00,999.8,6,1.0,1
2025-12-20 20:00,999.8,6,1.0,1
2025-12-20 21:00,999.8,6,1.0,1
2025-12-20 22:00,999.8,6,1.0,1
2025-12-20 23:00,999.8,6,1.0,1
2025-12-21 00:00,999.8,6,1.0,1
2025-12-21 01:00,999.8,6,1.0,1
2025-12-21 02:00,999.8,6,1.0,1
2025-12-21 03:00,999.8,6,1.0,1
2025-12-21 04:00,999.8,6,1.0,1
2025-12-21 05:00,999.8,6,1.0,1
2025-12-21 06:00,999.8,6,1.0,1
2025-12-21 07:00,999.8,6,1.0,1
2025-12-21 08:00,999.8,6,1.0,1
2025-12-21 09:00,999.8,6,1.0,1
2025-12-21 10:00,999.8,6,1.0,1
2025-12-21 11:00,999.8,6,1.0,1
2025-12-21 12:00,999.8,6,1.0,1
2025-12-21 13:00,999.8,6,1.0,1
2025-12-21 14:00,999.8,6,1.0,1
2025-12-21 15:00,999.8,6,1.0,1
2025-12-21 16:00,999.8,6,1.0,1
2025-12-21 17:00,999.8,6,1.0,1
2025-12-21 18:00,999.8,6,1.0,1
2025-12-21 19:00,1000.0,6,1.0,1
2025-12-21 20:00,1000.0,6,1.0,1
2025-12-21 21:00,1000.0,6,1.0,1
2025-12-21 22:00,1000.0,6,1.0,1
2025-12-21 23:00,1000.0,6,1.0,1
2025-12-22 00:00,1000.0,6,1.0,1
2025-12-22 01:00,1000.0,6,1.0,1
2025-12-22 02:00,1000.0,6,1.0,1
2025-12-22 03:00,1000.0,6,1.0,1
2025-12-22 04:00,1000.0,6,1.0,1
2025-12-22 05:00,1000.0,6,1.0,1
2025-12-22 06:00,1000.0,6,1.0,1
2025-12-22 07:00,1000.0,6,1.0,1
2025-12-22 08:00,1000.0,6,1.0,1
2025-12-22 09:00,1000.0,6,1.0,1
2025-12-22 10:00,1000.0,6,1.0,1
2025-12-22 11:00,1000.0,6,1.0,1
2025-12-22 12:00,1000.0,6,1.0,1
2025-12-22 13:00,1000.0,6,1.0,1
2025-12-22 14:00,1000.0,6,1.0,1
2025-12-22 15:00,1000.0,6,1.0,1
2025-12-22 16:00,1000.0,6,1.0,1
2025-12-22 17:00,1000.0,6,1.0,1
2025-12-22 18:00,1000.0,6,1.0,1
2025-12-22 19:00,1000.0,6,1.0,1
2025-12-22 20:00,1000.0,6,1.0,1
2025-12-22 21:00,1000.0,6,1.0,1
2025-12-22 22:00,1000.0,6,1.0,1
2025-12-22 23:00,1000.0,6,1.0,1
2025-12-23 00:00,1000.0,6,1.0,1
2025-12-23 01:00,1000.2,6,1.0,1
2025-12-23 02:00,1000.2,6,1.0,1
2025-12-23 03:00,1000.2,6,1.0,1
2025-12-23 04:00,1000.2,6,1.0,1
2025-12-23 05:00,1000.2,6,1.0,1
2025-12-23 06:00,1000.2,6,1.0,1
2025-12-23 07:00,1000.2,6,1.0,1
2025-12-23 08:00,1000.2,6,1.0,1
2025-12-23 09:00,1000.2,6,1.0,1
2025-12-23 10:00,1000.2,6,1.0,1
2025-12-23 11:00,1000.2,6,1.0,1
2025-12-23 12:00,1000.2,6,1.0,1
2025-12-23 13:00,1000.4,6,1.0,1
2025-12-23 14:00,1006.2,6,1.0,1
2025-12-23 15:00,1012.6,6,1.0,1
2025-12-23 16:00,1015.2,6,1.0,1
2025-12-23 17:00,1021.4,6,1.0,1
2025-12-23 18:00,1023.0,6,1.0,1
2025-12-23 19:00,1023.2,6,1.0,1
2025-12-23 20:00,1023.2,6,1.0,1
2025-12-23 21:00,1028.8,6,1.0,1
2025-12-23 22:00,1029.0,6,1.0,1
2025-12-23 23:00,1029.2,6,1.0,1
2025-12-24 00:00,1030.4,6,1.0,1
2025-12-24 01:00,1034.2,6,1.0,1
2025-12-24 02:00,1041.0,6,1.0,1
2025-12-24 03:00,1044.4,6,1.0,1
2025-12-24 04:00,1044.4,6,1.0,1
2025-12-24 05:00,1045.0,6,1.0,1
2025-12-24 06:00,1045.0,6,1.0,1
2025-12-24 07:00,1045.0,6,1.0,1
2025-12-24 08:00,1046.8,6,1.0,1
2025-12-24 09:00,1046.8,6,1.0,1
2025-12-24 10:00,1046.8,6,1.0,1
2025-12-24 11:00,1049.8,6,1.0,1
2025-12-24 12:00,1056.8,6,1.0,1
2025-12-24 13:00,1059.2,6,1.0,1
2025-12-24 14:00,1062.0,6,1.0,1
2025-12-24 15:00,1063.0,6,1.0,1
2025-12-24 16:00,1063.0,6,1.0,1
2025-12-24 17:00,1063.0,6,1.0,1
2025-12-24 18:00,1063.0,6,1.0,1
2025-12-24 19:00,1063.0,6,1.0,1
2025-12-24 20:00,1063.4,6,1.0,1
2025-12-24 21:00,1065.2,6,1.0,1
2025-12-24 22:00,1065.2,6,1.0,1
2025-12-24 23:00,1065.2,6,1.0,1
2025-12-25 00:00,1065.2,6,1.0,1
2025-12-25 01:00,1065.2,6,1.0,1
2025-12-25 02:00,1065.2,6,1.0,1
2025-12-25 03:00,1065.2,6,1.0,1
2025-12-25 04:00,1065.2,6,1.0,1
2025-12-25 05:00,1065.2,6,1.0,1
2025-12-25 06:00,1065.2,6,1.0,1
2025-12-25 07:00,1065.2,6,1.0,1
2025-12-25 08:00,1065.2,6,1.0,1
2025-12-25 09:00,1065.2,6,1.0,1
2025-12-25 10:00,1065.2,6,1.0,1
2025-12-25 11:00,1065.2,6,1.0,1
2025-12-25 12:00,1065.2,6,1.0,1
2025-12-25 13:00,1065.2,6,1.0,1
2025-12-25 14:00,1065.2,6,1.0,1
2025-12-25 15:00,1065.2,6,1.0,1
2025-12-25 16:00,1065.2,6,1.0,1
2025-12-25 17:00,1065.2,6,1.0,1
2025-12-25 18:00,1065.2,6,1.0,1
2025-12-25 19:00,1065.2,6,1.0,1
2025-12-25 20:00,1065.2,6,1.0,1
2025-12-25 21:00,1065.2,6,1.0,1
2025-12-25 22:00,1065.2,6,1.0,1
2025-12-25 23:00,1065.2,6,1.0,1
2025-12-26 00:00,1065.2,6,1.0,1
2025-12-26 01:00,1065.2,6,1.0,1
2025-12-26 02:00,1065.2,6,1.0,1
2025-12-26 03:00,1065.2,6,1.0,1
2025-12-26 04:00,1065.2,6,1.0,1
2025-12-26 05:00,1065.2,6,1.0,1
2025-12-26 06:00,1065.2,6,1.0,1
2025-12-26 07:00,1065.2,6,1.0,1
2025-12-26 08:00,1065.2,6,1.0,1
2025-12-26 09:00,1065.2,6,1.0,1
2025-12-26 10:00,1065.2,6,1.0,1
2025-12-26 11:00,1065.2,6,1.0,1
2025-12-26 12:00,1065.2,6,1.0,1
2025-12-26 13:00,1065.2,6,1.0,1
2025-12-26 14:00,1065.2,6,1.0,1
2025-12-26 15:00,1065.2,6,1.0,1
2025-12-26 16:00,1065.2,6,1.0,1
2025-12-26 17:00,1065.2,6,1.0,1
2025-12-26 18:00,1065.2,6,1.0,1
2025-12-26 19:00,1065.2,6,1.0,1
2025-12-26 20:00,1065.2,6,1.0,1
2025-12-26 21:00,1065.2,6,1.0,1
2025-12-26 22:00,1065.2,6,1.0,1
2025-12-26 23:00,1065.2,6,1.0,1
2025-12-27 00:00,1065.2,6,1.0,1
2025-12-27 01:00,1065.2,6,1.0,1
2025-12-27 02:00,1065.2,6,1.0,1
2025-12-27 03:00,1065.2,6,1.0,1
2025-12-27 04:00,1065.2,6,1.0,1
2025-12-27 05:00,1065.2,6,1.0,1
2025-12-27 06:00,1065.2,6,1.0,1
2025-12-27 07:00,1065.2,6,1.0,1
2025-12-27 08:00,1065.2,6,1.0,1
2025-12-27 09:00,1065.2,6,1.0,1
2025-12-27 10:00,1065.2,6,1.0,1
2025-12-27 11:00,1065.2,6,1.0,1
2025-12-27 12:00,1065.2,6,1.0,1
2025-12-27 13:00,1065.2,6,1.0,1
2025-12-27 14:00,1065.2,6,1.0,1
2025-12-27 15:00,1065.2,6,1.0,1
2025-12-27 16:00,1065.2,6,1.0,1
2025-12-27 17:00,1065.2,6,1.0,1
2025-12-27 18:00,1065.2,6,1.0,1
2025-12-27 19:00,1065.2,6,1.0,1
2025-12-27 20:00,1065.2,6,1.0,1
2025-12-27 21:00,1065.2,6,1.0,1
2025-12-27 22:00,1065.2,6,1.0,1
2025-12-27 23:00,1065.2,6,1.0,1
2025-12-28 00:00,1065.2,6,1.0,1
2025-12-28 01:00,1065.2,6,1.0,1
2025-12-28 02:00,1065.2,6,1.0,1
2025-12-28 03:00,1065.2,6,1.0,1
2025-12-28 04:00,1065.2,6,1.0,1
2025-12-28 05:00,1065.2,6,1.0,1
2025-12-28 06:00,1065.2,6,1.0,1
2025-12-28 07:00,1065.2,6,1.0,1
2025-12-28 08:00,1065.2,6,1.0,1
2025-12-28 09:00,1065.2,6,1.0,1
2025-12-28 10:00,1065.2,6,1.0,1
2025-12-28 11:00,1065.2,6,1.0,1
2025-12-28 12:00,1065.2,6,1.0,1
2025-12-28 13:00,1065.2,6,1.0,1
2025-12-28 14:00,1065.2,6,1.0,1
2025-12-28 15:00,1065.2,6,1.0,1
2025-12-28 16:00,1065.2,6,1.0,1
2025-12-28 17:00,1065.2,6,1.0,1
2025-12-28 18:00,1065.2,6,1.0,1
2025-12-28 19:00,1065.2,6,1.0,1
2025-12-28 20:00,1065.2,6,1.0,1
2025-12-28 21:00,1065.2,6,1.0,1
2025-12-28 22:00,1065.2,6,1.0,1
2025-12-28 23:00,1065.2,6,1.0,1
2025-12-29 00:00,1065.2,6,1.0,1
2025-12-29 01:00,1065.2,6,1.0,1
2025-12-29 02:00,1065.2,6,1.0,1
2025-12-29 03:00,1065.2,6,1.0,1
2025-12-29 04:00,1065.2,6,1.0,1
2025-12-29 05:00,1065.2,6,1.0,1
2025-12-29 06:00,1065.2,6,1.0,1
2025-12-29 07:00,1065.2,6,1.0,1
2025-12-29 08:00,1065.2,6,1.0,1
2025-12-29 09:00,1065.2,6,1.0,1
2025-12-29 10:00,1065.2,6,1.0,1
2025-12-29 11:00,1065.2,6,1.0,1
2025-12-29 12:00,1065.2,6,1.0,1
2025-12-29 13:00,1065.2,6,1.0,1
2025-12-29 14:00,1065.2,6,1.0,1
2025-12-29 15:00,1065.2,6,1.0,1
2025-12-29 16:00,1065.2,6,1.0,1
2025-12-29 17:00,1065.2,6,1.0,1
2025-12-29 18:00,1065.2,6,1.0,1
2025-12-29 19:00,1065.2,6,1.0,1
2025-12-29 20:00,1065.2,6,1.0,1
2025-12-29 21:00,1065.2,6,1.0,1
2025-12-29 22:00,1065.2,6,1.0,1
2025-12-29 23:00,1065.2,6,1.0,1
2025-12-30 00:00,1065.2,6,1.0,1
2025-12-30 01:00,1065.2,6,1.0,1
2025-12-30 02:00,1065.2,6,1.0,1
2025-12-30 03:00,1065.2,6,1.0,1
2025-12-30 04:00,1065.2,6,1.0,1
2025-12-30 05:00,1065.2,6,1.0,1
2025-12-30 06:00,1065.2,6,1.0,1
2025-12-30 07:00,1065.2,6,1.0,1
2025-12-30 08:00,1065.2,6,1.0,1
2025-12-30 09:00,1065.2,6,1.0,1
2025-12-30 10:00,1065.2,6,1.0,1
2025-12-30 11:00,1065.2,6,1.0,1
2025-12-30 12:00,1065.2,6,1.0,1
2025-12-30 13:00,1065.2,6,1.0,1
2025-12-30 14:00,1065.2,6,1.0,1
2025-12-30 15:00,1065.2,6,1.0,1
2025-12-30 16:00,1065.2,6,1.0,1
2025-12-30 17:00,1065.2,6,1.0,1
2025-12-30 18:00,1065.2,6,1.0,1
2025-12-30 19:00,1065.2,6,1.0,1
2025-12-30 20:00,1065.2,6,1.0,1
2025-12-30 21:00,1065.2,6,1.0,1
2025-12-30 22:00,1065.2,6,1.0,1
2025-12-30 23:00,1065.2,6,1.0,1
2025-12-31 00:00,1065.2,6,1.0,1
2025-12-31 01:00,1065.2,6,1.0,1
2025-12-31 02:00,1065.2,6,1.0,1
2025-12-31 03:00,1065.2,6,1.0,1
2025-12-31 04:00,1065.2,6,1.0,1
2025-12-31 05:00,1065.2,6,1.0,1
2025-12-31 06:00,1065.2,6,1.0,1
2025-12-31 07:00,1065.2,6,1.0,1
2025-12-31 08:00,1065.2,6,1.0,1
2025-12-31 09:00,1065.2,6,1.0,1
2025-12-31 10:00,1065.2,6,1.0,1
2025-12-31 11:00,1065.2,6,1.0,1
2025-12-31 12:00,1065.2,6,1.0,1
2025-12-31 13:00,1065.2,6,1.0,1
2025-12-31 14:00,1065.2,6,1.0,1
2025-12-31 15:00,1065.2,6,1.0,1
2025-12-31 16:00,1065.2,6,1.0,1
2025-12-31 17:00,1065.2,6,1.0,1
2025-12-31 18:00,1065.2,6,1.0,1
2025-12-31 19:00,1065.2,6,1.0,1
2025-12-31 20:00,1065.2,6,1.0,1
2025-12-31 21:00,1065.2,6,1.0,1
2025-12-31 22:00,1065.2,6,1.0,1
2025-12-31 23:00,1065.2,5,0.833,1
