time,value,n,coverage,flag
2024-01-01 00:00,4.1,5,0.833,0
2024-01-01 01:00,5.5,6,1.0,0
2024-01-01 02:00,5.7,6,1.0,0
2024-01-01 03:00,5.9,6,1.0,0
2024-01-01 04:00,6.7,6,1.0,0
2024-01-01 05:00,9.9,6,1.0,0
2024-01-01 06:00,9.9,6,1.0,0
2024-01-01 07:00,10.1,6,1.0,0
2024-01-01 08:00,10.1,6,1.0,0
2024-01-01 09:00,10.1,6,1.0,0
2024-01-01 10:00,10.1,6,1.0,0
2024-01-01 11:00,10.1,6,1.0,0
2024-01-01 12:00,10.1,6,1.0,0
2024-01-01 13:00,11.1,6,1.0,0
2024-01-01 14:00,13.9,6,1.0,0
2024-01-01 15:00,13.9,6,1.0,0
2024-01-01 16:00,14.3,6,1.0,0
2024-01-01 17:00,14.7,6,1.0,0
2024-01-01 18:00,14.7,6,1.0,0
2024-01-01 19:00,14.7,6,1.0,0
2024-01-01 20:00,14.9,6,1.0,0
2024-01-01 21:00,14.9,6,1.0,0
2024-01-01 22:00,14.9,6,1.0,0
2024-01-01 23:00,14.9,6,1.0,0
2024-01-02 00:00,14.9,6,1.0,0
2024-01-02 01:00,14.9,6,1.0,0
2024-01-02 02:00,14.9,6,1.0,0
2024-01-02 03:00,14.9,6,1.0,0
2024-01-02 04:00,14.9,6,1.0,0
2024-01-02 05:00,14.9,6,1.0,0
2024-01-02 06:00,14.9,6,1.0,0
2024-01-02 07:00,14.9,6,1.0,0
2024-01-02 08:00,14.9,6,1.0,0
2024-01-02 09:00,14.9,6,1.0,0
2024-01-02 10:00,14.9,6,1.0,0
2024-01-02 11:00,14.9,6,1.0,0
2024-01-02 12:00,14.9,6,1.0,0
2024-01-02 13:00,14.9,6,1.0,0
2024-01-02 14:00,14.9,6,1.0,0
2024-01-02 15:00,14.9,6,1.0,0
2024-01-02 16:00,14.9,6,1.0,0
2024-01-02 17:00,14.9,6,1.0,0
2024-01-02 18:00,14.9,6,1.0,0
2024-01-02 19:00,14.9,6,1.0,0
2024-01-02 20:00,14.9,6,1.0,0
2024-01-02 21:00,14.9,6,1.0,0
2024-01-02 22:00,14.9,6,1.0,0
2024-01-02 23:00,14.9,6,1.0,0
2024-01-03 00:00,14.9,6,1.0,0
2024-01-03 01:00,14.9,6,1.0,0
2024-01-03 02:00,14.9,6,1.0,0
2024-01-03 03:00,14.9,6,1.0,0
2024-01-03 04:00,15.1,6,1.0,0
2024-01-03 05:00,15.1,6,1.0,0
2024-01-03 06:00,15.3,6,1.0,0
2024-01-03 07:00,15.3,6,1.0,0
2024-01-03 08:00,15.3,6,1.0,0
2024-01-03 09:00,15.3,6,1.0,0
2024-01-03 10:00,15.3,6,1.0,0
2024-01-03 11:00,15.3,6,1.0,0
2024-01-03 12:00,15.3,6,1.0,0
2024-01-03 13:00,15.3,6,1.0,0
2024-01-03 14:00,15.5,6,1.0,0
2024-01-03 15:00,15.5,6,1.0,0
2024-01-03 16:00,15.5,6,1.0,0
2024-01-03 17:00,15.5,6,1.0,0
2024-01-03 18:00,15.5,6,1.0,0
2024-01-03 19:00,15.5,6,1.0,0
2024-01-03 20:00,15.5,6,1.0,0
2024-01-03 21:00,15.5,6,1.0,0
2024-01-03 22:00,15.5,6,1.0,0
2024-01-03 23:00,15.5,6,1.0,0
2024-01-04 00:00,15.5,6,1.0,0
2024-01-04 01:00,15.5,6,1.0,0
2024-01-04 02:00,15.5,6,1.0,0
2024-01-04 03:00,15.5,6,1.0,0
2024-01-04 04:00,15.5,6,1.0,0
2024-01-04 05:00,15.5,6,1.0,0
2024-01-04 06:00,15.5,6,1.0,0
2024-01-04 07:00,15.5,6,1.0,0
2024-01-04 08:00,15.5,6,1.0,0
2024-01-04 09:00,15.5,6,1.0,0
2024-01-04 10:00,15.5,6,1.0,0
2024-01-04 11:00,15.5,6,1.0,0
2024-01-04 12:00,15.5,6,1.0,0
2024-01-04 13:00,15.5,6,1.0,0
2024-01-04 14:00,15.5,6,1.0,0
2024-01-04 15:00,15.5,6,1.0,0
2024-01-04 16:00,15.5,6,1.0,0
2024-01-04 17:00,15.5,6,1.0,0
2024-01-04 18:00,15.5,6,1.0,0
2024-01-04 19:00,15.5,6,1.0,0
2024-01-04 23:00,15.5,1,0.167,0
2024-01-05 00:00,15.5,6,1.0,0
2024-01-05 01:00,15.5,6,1.0,0
2024-01-05 02:00,15.5,6,1.0,0
2024-01-05 03:00,15.5,6,1.0,0
2024-01-05 04:00,15.5,6,1.0,0
2024-01-05 05:00,15.5,6,1.0,0
2024-01-05 06:00,15.5,6,1.0,0
2024-01-05 07:00,15.5,6,1.0,0
2024-01-05 08:00,15.5,6,1.0,0
2024-01-05 09:00,15.5,6,1.0,0
2024-01-05 10:00,15.5,6,1.0,0
2024-01-05 11:00,15.5,6,1.0,0
2024-01-05 12:00,15.5,6,1.0,0
2024-01-05 13:00,15.5,6,1.0,0
2024-01-05 14:00,15.5,6,1.0,0
2024-01-05 15:00,15.5,6,1.0,0
2024-01-05 16:00,15.7,6,1.0,0
2024-01-05 17:00,15.7,6,1.0,0
2024-01-05 18:00,15.7,6,1.0,0
2024-01-05 19:00,15.7,6,1.0,0
2024-01-05 20:00,15.7,6,1.0,0
2024-01-05 21:00,15.7,6,1.0,0
2024-01-05 22:00,15.7,6,1.0,0
2024-01-05 23:00,15.7,6,1.0,0
2024-01-06 00:00,15.7,6,1.0,0
2024-01-06 01:00,15.7,6,1.0,0
2024-01-06 02:00,15.7,6,1.0,0
2024-01-06 03:00,15.7,6,1.0,0
2024-01-06 04:00,15.7,6,1.0,0
2024-01-06 05:00,15.7,6,1.0,0
2024-01-06 06:00,15.7,6,1.0,0
2024-01-06 07:00,15.7,6,1.0,0
2024-01-06 08:00,15.7,6,1.0,0
2024-01-06 09:00,15.7,6,1.0,0
2024-01-06 10:00,15.7,6,1.0,0
2024-01-06 11:00,15.7,6,1.0,0
2024-01-06 12:00,15.7,6,1.0,0
2024-01-06 13:00,17.3,6,1.0,0
2024-01-06 14:00,17.9,6,1.0,0
2024-01-06 15:00,18.7,6,1.0,0
2024-01-06 16:00,20.7,6,1.0,0
2024-01-06 17:00,22.7,6,1.0,0
2024-01-06 18:00,23.1,6,1.0,0
2024-01-06 19:00,23.1,6,1.0,0
2024-01-06 20:00,23.1,6,1.0,0
2024-01-06 21:00,23.1,6,1.0,0
2024-01-06 22:00,23.1,6,1.0,0
2024-01-06 23:00,23.1,6,1.0,0
2024-01-07 00:00,23.1,6,1.0,0
2024-01-07 01:00,23.1,6,1.0,0
2024-01-07 02:00,23.1,6,1.0,0
2024-01-07 03:00,23.1,6,1.0,0
2024-01-07 04:00,23.1,6,1.0,0
2024-01-07 05:00,23.1,6,1.0,0
2024-01-07 06:00,23.7,6,1.0,0
2024-01-07 07:00,24.9,6,1.0,0
2024-01-07 08:00,29.3,6,1.0,0
2024-01-07 09:00,34.9,6,1.0,0
2024-01-07 10:00,37.5,6,1.0,0
2024-01-07 11:00,40.7,6,1.0,0
2024-01-07 12:00,42.7,6,1.0,0
2024-01-07 13:00,44.7,6,1.0,0
2024-01-07 14:00,46.1,6,1.0,0
2024-01-07 15:00,46.3,6,1.0,0
2024-01-07 16:00,47.5,6,1.0,0
2024-01-07 17:00,47.9,6,1.0,0
2024-01-07 18:00,48.1,6,1.0,0
2024-01-07 19:00,48.9,6,1.0,0
2024-01-07 20:00,52.7,6,1.0,0
2024-01-07 21:00,53.1,6,1.0,0
2024-01-07 22:00,53.1,6,1.0,0
2024-01-07 23:00,53.9,6,1.0,0
2024-01-08 00:00,54.3,6,1.0,0
2024-01-08 01:00,55.9,6,1.0,0
2024-01-08 02:00,58.3,6,1.0,0
2024-01-08 03:00,62.3,6,1.0,0
2024-01-08 04:00,65.9,6,1.0,0
2024-01-08 05:00,74.8,6,1.0,0
2024-01-08 06:00,79.0,6,1.0,0
2024-01-08 07:00,84.2,6,1.0,0
2024-01-08 08:00,95.3,6,1.0,0
2024-01-08 09:00,96.9,6,1.0,0
2024-01-08 10:00,97.7,6,1.0,0
2024-01-08 11:00,97.9,6,1.0,0
2024-01-08 12:00,98.3,6,1.0,0
2024-01-08 13:00,98.9,6,1.0,0
2024-01-08 14:00,98.9,6,1.0,0
2024-01-08 15:00,98.9,6,1.0,0
2024-01-08 16:00,99.1,6,1.0,0
2024-01-08 17:00,99.1,6,1.0,0
2024-01-08 18:00,99.1,6,1.0,0
2024-01-08 19:00,99.1,6,1.0,0
2024-01-08 20:00,99.1,6,1.0,0
2024-01-08 21:00,99.1,6,1.0,0
2024-01-08 22:00,99.1,6,1.0,0
2024-01-08 23:00,99.1,6,1.0,0
2024-01-09 00:00,99.1,6,1.0,0
2024-01-09 01:00,99.1,6,1.0,0
2024-01-09 02:00,99.1,6,1.0,0
2024-01-09 03:00,99.1,6,1.0,0
2024-01-09 04:00,99.1,6,1.0,0
2024-01-09 05:00,99.1,6,1.0,0
2024-01-09 06:00,99.1,6,1.0,0
2024-01-09 07:00,99.1,6,1.0,0
2024-01-09 08:00,99.1,6,1.0,0
2024-01-09 09:00,99.1,6,1.0,0
2024-01-09 10:00,99.1,6,1.0,0
2024-01-09 11:00,99.1,6,1.0,0
2024-01-09 12:00,99.1,6,1.0,0
2024-01-09 13:00,99.1,6,1.0,0
2024-01-09 14:00,99.1,6,1.0,0
2024-01-09 15:00,99.1,6,1.0,0
2024-01-09 16:00,99.1,6,1.0,0
2024-01-09 17:00,99.1,6,1.0,0
2024-01-09 18:00,99.1,6,1.0,0
2024-01-09 19:00,99.1,6,1.0,0
2024-01-09 20:00,99.1,6,1.0,0
2024-01-09 21:00,99.1,6,1.0,0
2024-01-09 22:00,99.1,6,1.0,0
2024-01-09 23:00,99.1,6,1.0,0
2024-01-10 00:00,99.1,6,1.0,0
2024-01-10 01:00,99.1,6,1.0,0
2024-01-10 02:00,99.1,6,1.0,0
2024-01-10 03:00,99.1,6,1.0,0
2024-01-10 04:00,99.1,6,1.0,0
2024-01-10 05:00,99.1,6,1.0,0
2024-01-10 06:00,99.1,6,1.0,0
2024-01-10 07:00,99.1,6,1.0,0
2024-01-10 08:00,99.1,6,1.0,0
2024-01-10 09:00,99.1,6,1.0,0
2024-01-10 10:00,99.1,6,1.0,0
2024-01-10 11:00,99.1,6,1.0,0
2024-01-10 12:00,99.1,6,1.0,0
2024-01-10 13:00,99.1,6,1.0,0
2024-01-10 14:00,99.1,6,1.0,0
2024-01-10 15:00,99.1,6,1.0,0
2024-01-10 16:00,99.1,6,1.0,0
2024-01-10 17:00,99.1,6,1.0,0
2024-01-10 18:00,99.1,6,1.0,0
2024-01-10 19:00,99.1,6,1.0,0
2024-01-10 20:00,99.1,6,1.0,0
2024-01-10 21:00,99.1,6,1.0,0
2024-01-10 22:00,99.1,6,1.0,0
2024-01-10 23:00,99.1,6,1.0,0
2024-01-11 00:00,99.1,6,1.0,0
2024-01-11 01:00,99.5,6,1.0,0
2024-01-11 02:00,100.9,6,1.0,0
2024-01-11 03:00,102.1,6,1.0,0
2024-01-11 04:00,102.3,6,1.0,0
2024-01-11 05:00,102.3,6,1.0,0
2024-01-11 06:00,102.3,6,1.0,0
2024-01-11 07:00,102.5,6,1.0,0
2024-01-11 08:00,102.5,6,1.0,0
2024-01-11 09:00,102.5,6,1.0,0
2024-01-11 10:00,102.5,6,1.0,0
2024-01-11 11:00,102.5,6,1.0,0
2024-01-11 12:00,102.5,6,1.0,0
2024-01-11 13:00,102.5,6,1.0,0
2024-01-11 14:00,102.5,6,1.0,0
2024-01-11 15:00,102.5,6,1.0,0
2024-01-11 16:00,102.5,6,1.0,0
2024-01-11 17:00,102.5,6,1.0,0
2024-01-11 18:00,102.5,6,1.0,0
2024-01-11 19:00,102.5,6,1.0,0
2024-01-11 20:00,102.5,6,1.0,0
2024-01-11 21:00,102.5,6,1.0,0
2024-01-11 22:00,102.5,6,1.0,0
2024-01-11 23:00,102.5,6,1.0,0
2024-01-12 00:00,102.5,6,1.0,0
2024-01-12 01:00,102.5,6,1.0,0
2024-01-12 02:00,102.5,6,1.0,0
2024-01-12 03:00,102.5,6,1.0,0
2024-01-12 04:00,102.5,6,1.0,0
2024-01-12 05:00,102.5,6,1.0,0
2024-01-12 06:00,102.5,6,1.0,0
2024-01-12 07:00,102.5,6,1.0,0
2024-01-12 08:00,102.5,6,1.0,0
2024-01-12 09:00,102.5,6,1.0,0
2024-01-12 10:00,102.5,6,1.0,0
2024-01-12 11:00,102.5,6,1.0,0
2024-01-12 12:00,102.5,6,1.0,0
2024-01-12 13:00,102.5,6,1.0,0
2024-01-12 14:00,102.5,6,1.0,0
2024-01-12 15:00,102.5,6,1.0,0
2024-01-12 16:00,102.5,6,1.0,0
2024-01-12 17:00,102.5,6,1.0,0
2024-01-12 18:00,102.5,6,1.0,0
2024-01-12 19:00,102.5,6,1.0,0
2024-01-12 20:00,102.5,6,1.0,0
2024-01-12 21:00,102.5,6,1.0,0
2024-01-12 22:00,102.5,6,1.0,0
2024-01-12 23:00,102.5,6,1.0,0
2024-01-13 00:00,102.5,6,1.0,0
2024-01-13 01:00,102.5,6,1.0,0
2024-01-13 02:00,102.5,6,1.0,0
2024-01-13 03:00,102.5,6,1.0,0
2024-01-13 04:00,102.5,6,1.0,0
2024-01-13 05:00,102.5,6,1.0,0
2024-01-13 06:00,102.5,6,1.0,0
2024-01-13 07:00,102.5,6,1.0,0
2024-01-13 08:00,102.5,6,1.0,0
2024-01-13 09:00,102.5,6,1.0,0
2024-01-13 10:00,102.5,6,1.0,0
2024-01-13 11:00,102.5,6,1.0,0
2024-01-13 12:00,102.5,6,1.0,0
2024-01-13 13:00,102.5,6,1.0,0
2024-01-13 14:00,102.5,6,1.0,0
2024-01-13 15:00,102.5,6,1.0,0
2024-01-13 16:00,102.5,6,1.0,0
2024-01-13 17:00,102.5,6,1.0,0
2024-01-13 18:00,102.5,6,1.0,0
2024-01-13 19:00,102.5,6,1.0,0
2024-01-13 20:00,102.5,6,1.0,0
2024-01-13 21:00,102.5,6,1.0,0
2024-01-13 22:00,102.5,6,1.0,0
2024-01-13 23:00,102.5,6,1.0,0
2024-01-14 00:00,102.5,6,1.0,0
2024-01-14 01:00,102.5,6,1.0,0
2024-01-14 02:00,102.5,6,1.0,0
2024-01-14 03:00,102.5,6,1.0,0
2024-01-14 04:00,102.5,6,1.0,0
2024-01-14 05:00,102.5,6,1.0,0
2024-01-14 06:00,102.7,6,1.0,0
2024-01-14 07:00,102.9,6,1.0,0
2024-01-14 08:00,103.1,6,1.0,0
2024-01-14 09:00,103.1,6,1.0,0
2024-01-14 10:00,103.3,6,1.0,0
2024-01-14 11:00,103.3,6,1.0,0
2024-01-14 12:00,103.7,6,1.0,0
2024-01-14 13:00,103.7,6,1.0,0
2024-01-14 14:00,103.7,6,1.0,0
2024-01-14 15:00,103.7,6,1.0,0
2024-01-14 16:00,103.7,6,1.0,0
2024-01-14 17:00,103.7,6,1.0,0
2024-01-14 18:00,103.7,6,1.0,0
2024-01-14 19:00,103.7,6,1.0,0
2024-01-14 20:00,103.7,6,1.0,0
2024-01-14 21:00,103.7,6,1.0,0
2024-01-14 22:00,103.7,6,1.0,0
2024-01-14 23:00,103.7,6,1.0,0
2024-01-15 00:00,105.1,6,1.0,0
2024-01-15 01:00,108.9,6,1.0,0
2024-01-15 02:00,115.9,6,1.0,0
2024-01-15 03:00,123.1,6,1.0,0
2024-01-15 04:00,134.3,6,1.0,0
2024-01-15 05:00,144.0,6,1.0,0
2024-01-15 06:00,149.8,6,1.0,0
2024-01-15 07:00,150.2,6,1.0,0
2024-01-15 08:00,150.2,6,1.0,0
2024-01-15 09:00,150.2,6,1.0,0
2024-01-15 10:00,150.2,6,1.0,0
2024-01-15 11:00,150.2,6,1.0,0
2024-01-15 12:00,152.0,6,1.0,0
2024-01-15 13:00,152.8,6,1.0,0
2024-01-15 14:00,153.2,6,1.0,0
2024-01-15 15:00,153.2,6,1.0,0
2024-01-15 16:00,153.2,6,1.0,0
2024-01-15 17:00,153.2,6,1.0,0
2024-01-15 18:00,153.2,6,1.0,0
2024-01-15 19:00,153.2,6,1.0,0
2024-01-15 20:00,153.2,6,1.0,0
2024-01-15 21:00,153.2,6,1.0,0
2024-01-15 22:00,153.6,6,1.0,0
2024-01-15 23:00,153.8,6,1.0,0
2024-01-16 00:00,154.0,6,1.0,0
2024-01-16 01:00,154.2,6,1.0,0
2024-01-16 02:00,154.2,6,1.0,0
2024-01-16 03:00,154.2,6,1.0,0
2024-01-16 04:00,154.2,6,1.0,0
2024-01-16 05:00,154.4,6,1.0,0
2024-01-16 06:00,154.4,6,1.0,0
2024-01-16 07:00,154.6,6,1.0,0
2024-01-16 08:00,154.6,6,1.0,0
2024-01-16 09:00,154.6,6,1.0,0
2024-01-16 10:00,154.6,6,1.0,0
2024-01-16 11:00,154.6,6,1.0,0
2024-01-16 12:00,154.6,6,1.0,0
2024-01-16 13:00,155.0,6,1.0,0
2024-01-16 14:00,155.0,6,1.0,0
2024-01-16 15:00,155.0,6,1.0,0
2024-01-16 16:00,155.0,6,1.0,0
2024-01-16 17:00,155.0,6,1.0,0
2024-01-16 18:00,155.0,6,1.0,0
2024-01-16 19:00,155.0,6,1.0,0
2024-01-16 20:00,155.0,6,1.0,0
2024-01-16 21:00,155.0,6,1.0,0
2024-01-16 22:00,155.0,6,1.0,0
2024-01-16 23:00,155.0,6,1.0,0
2024-01-17 00:00,155.0,6,1.0,0
2024-01-17 01:00,155.0,6,1.0,0
2024-01-17 02:00,155.0,6,1.0,0
2024-01-17 03:00,155.0,6,1.0,0
2024-01-17 04:00,155.0,6,1.0,0
2024-01-17 05:00,155.0,6,1.0,0
2024-01-17 06:00,155.0,6,1.0,0
2024-01-17 07:00,155.6,6,1.0,0
2024-01-17 08:00,156.4,6,1.0,0
2024-01-17 09:00,160.8,6,1.0,0
2024-01-17 10:00,166.0,6,1.0,0
2024-01-17 11:00,166.0,6,1.0,0
2024-01-17 12:00,166.0,6,1.0,0
2024-01-17 13:00,166.2,6,1.0,0
2024-01-17 14:00,166.4,6,1.0,0
2024-01-17 15:00,166.6,6,1.0,0
2024-01-17 16:00,166.6,6,1.0,0
2024-01-17 17:00,166.6,6,1.0,0
2024-01-17 18:00,166.6,6,1.0,0
2024-01-17 19:00,166.6,6,1.0,0
2024-01-17 20:00,166.6,6,1.0,0
2024-01-17 21:00,166.6,6,1.0,0
2024-01-17 22:00,166.6,6,1.0,0
2024-01-17 23:00,166.6,6,1.0,0
2024-01-18 00:00,166.6,6,1.0,0
2024-01-18 01:00,166.6,6,1.0,0
2024-01-18 02:00,166.6,6,1.0,0
2024-01-18 03:00,166.6,6,1.0,0
2024-01-18 04:00,166.6,6,1.0,0
2024-01-18 05:00,166.6,6,1.0,0
2024-01-18 06:00,166.6,6,1.0,0
2024-01-18 07:00,166.6,6,1.0,0
2024-01-18 08:00,166.6,6,1.0,0
2024-01-18 09:00,166.6,6,1.0,0
2024-01-18 10:00,166.6,6,1.0,0
2024-01-18 11:00,166.6,6,1.0,0
2024-01-18 12:00,166.6,6,1.0,0
2024-01-18 13:00,166.6,6,1.0,0
2024-01-18 14:00,166.6,6,1.0,0
2024-01-18 15:00,166.6,6,1.0,0
2024-01-18 16:00,166.6,6,1.0,0
2024-01-18 17:00,166.6,6,1.0,0
2024-01-18 18:00,166.6,6,1.0,0
2024-01-18 19:00,166.6,6,1.0,0
2024-01-18 20:00,166.6,6,1.0,0
2024-01-18 21:00,166.6,6,1.0,0
2024-01-18 22:00,166.6,6,1.0,0
2024-01-18 23:00,166.6,6,1.0,0
2024-01-19 00:00,166.6,6,1.0,0
2024-01-19 01:00,166.6,6,1.0,0
2024-01-19 02:00,166.6,6,1.0,0
2024-01-19 03:00,166.6,6,1.0,0
2024-01-19 04:00,166.6,6,1.0,0
2024-01-19 05:00,166.6,6,1.0,0
2024-01-19 06:00,166.6,6,1.0,0
2024-01-19 07:00,166.6,6,1.0,0
2024-01-19 08:00,166.6,6,1.0,0
2024-01-19 09:00,166.6,6,1.0,0
2024-01-19 10:00,166.6,6,1.0,0
2024-01-19 11:00,166.6,6,1.0,0
2024-01-19 12:00,166.6,6,1.0,0
2024-01-19 13:00,166.6,6,1.0,0
2024-01-19 14:00,166.6,6,1.0,0
2024-01-19 15:00,166.6,6,1.0,0
2024-01-19 16:00,166.6,6,1.0,0
2024-01-19 17:00,166.6,6,1.0,0
2024-01-19 18:00,166.6,6,1.0,0
2024-01-19 19:00,166.8,6,1.0,0
2024-01-19 20:00,167.4,6,1.0,0
2024-01-19 21:00,167.8,6,1.0,0
2024-01-19 22:00,169.0,6,1.0,0
2024-01-19 23:00,169.4,6,1.0,0
2024-01-20 00:00,170.0,6,1.0,0
2024-01-20 01:00,172.4,6,1.0,0
2024-01-20 02:00,173.6,6,1.0,0
2024-01-20 03:00,177.2,6,1.0,0
2024-01-20 04:00,181.0,6,1.0,0
2024-01-20 05:00,191.0,6,1.0,0
2024-01-20 06:00,201.3,6,1.0,0
2024-01-20 07:00,205.3,6,1.0,0
2024-01-20 08:00,206.1,6,1.0,0
2024-01-20 09:00,206.3,6,1.0,0
2024-01-20 10:00,206.5,6,1.0,0
2024-01-20 11:00,206.5,6,1.0,0
2024-01-20 12:00,206.5,6,1.0,0
2024-01-20 13:00,206.7,6,1.0,0
2024-01-20 14:00,206.7,6,1.0,0
2024-01-20 15:00,206.7,6,1.0,0
2024-01-20 16:00,206.7,6,1.0,0
2024-01-20 17:00,206.7,6,1.0,0
2024-01-20 18:00,206.7,6,1.0,0
2024-01-20 19:00,206.7,6,1.0,0
2024-01-20 20:00,206.7,6,1.0,0
2024-01-20 21:00,206.7,6,1.0,0
2024-01-20 22:00,206.7,6,1.0,0
2024-01-20 23:00,206.7,6,1.0,0
2024-01-21 00:00,206.7,6,1.0,0
2024-01-21 01:00,206.7,6,1.0,0
2024-01-21 02:00,206.7,6,1.0,0
2024-01-21 03:00,206.7,6,1.0,0
2024-01-21 04:00,206.7,6,1.0,0
2024-01-21 05:00,206.7,6,1.0,0
2024-01-21 06:00,206.7,6,1.0,0
2024-01-21 07:00,206.7,6,1.0,0
2024-01-21 08:00,206.7,6,1.0,0
2024-01-21 09:00,206.7,6,1.0,0
2024-01-21 10:00,206.7,6,1.0,0
2024-01-21 11:00,206.7,6,1.0,0
2024-01-21 12:00,206.7,6,1.0,0
2024-01-21 13:00,206.7,6,1.0,0
2024-01-21 14:00,206.7,6,1.0,0
2024-01-21 15:00,206.7,6,1.0,0
2024-01-21 16:00,206.7,6,1.0,0
2024-01-21 17:00,206.7,6,1.0,0
2024-01-21 18:00,206.7,6,1.0,0
2024-01-21 19:00,206.7,6,1.0,0
2024-01-21 20:00,206.7,6,1.0,0
2024-01-21 21:00,206.7,6,1.0,0
2024-01-21 22:00,206.7,6,1.0,0
2024-01-21 23:00,206.7,6,1.0,0
2024-01-22 00:00,206.7,6,1.0,0
2024-01-22 01:00,206.7,6,1.0,0
2024-01-22 02:00,206.7,6,1.0,0
2024-01-22 03:00,206.7,6,1.0,0
2024-01-22 04:00,206.7,6,1.0,0
2024-01-22 05:00,206.7,6,1.0,0
2024-01-22 06:00,206.7,6,1.0,0
2024-01-22 07:00,206.7,6,1.0,0
2024-01-22 08:00,206.7,6,1.0,0
2024-01-22 09:00,206.7,6,1.0,0
2024-01-22 10:00,206.7,6,1.0,0
2024-01-22 11:00,206.7,6,1.0,0
2024-01-22 12:00,206.7,6,1.0,0
2024-01-22 13:00,206.7,6,1.0,0
2024-01-22 14:00,206.7,6,1.0,0
2024-01-22 15:00,206.7,6,1.0,0
2024-01-22 16:00,206.7,6,1.0,0
2024-01-22 17:00,206.7,6,1.0,0
2024-01-22 18:00,206.7,6,1.0,0
2024-01-22 19:00,206.7,6,1.0,0
2024-01-22 20:00,206.7,6,1.0,0
2024-01-22 21:00,206.7,6,1.0,0
2024-01-22 22:00,206.7,6,1.0,0
2024-01-22 23:00,206.7,6,1.0,0
2024-01-23 00:00,206.7,6,1.0,0
2024-01-23 01:00,206.7,6,1.0,0
2024-01-23 02:00,206.7,6,1.0,0
2024-01-23 03:00,206.7,6,1.0,0
2024-01-23 04:00,206.7,6,1.0,0
2024-01-23 05:00,206.7,6,1.0,0
2024-01-23 06:00,206.7,6,1.0,0
2024-01-23 07:00,206.7,6,1.0,0
2024-01-23 08:00,206.7,6,1.0,0
2024-01-23 09:00,206.7,6,1.0,0
2024-01-23 10:00,206.7,6,1.0,0
2024-01-23 11:00,206.7,6,1.0,0
2024-01-23 12:00,206.7,6,1.0,0
2024-01-23 13:00,206.7,6,1.0,0
2024-01-23 14:00,206.7,6,1.0,0
2024-01-23 15:00,206.7,6,1.0,0
2024-01-23 16:00,206.7,6,1.0,0
2024-01-23 17:00,206.7,6,1.0,0
2024-01-23 18:00,206.7,6,1.0,0
2024-01-23 19:00,206.7,6,1.0,0
2024-01-23 20:00,206.7,6,1.0,0
2024-01-23 21:00,206.7,6,1.0,0
2024-01-23 22:00,206.7,6,1.0,0
2024-01-23 23:00,206.7,6,1.0,0
2024-01-24 00:00,206.7,6,1.0,0
2024-01-24 01:00,206.7,6,1.0,0
2024-01-24 02:00,206.7,6,1.0,0
2024-01-24 03:00,206.7,6,1.0,0
2024-01-24 04:00,206.7,6,1.0,0
2024-01-24 05:00,206.7,6,1.0,0
2024-01-24 06:00,206.7,6,1.0,0
2024-01-24 07:00,206.7,6,1.0,0
2024-01-24 08:00,206.7,6,1.0,0
2024-01-24 09:00,206.7,6,1.0,0
2024-01-24 10:00,206.7,6,1.0,0
2024-01-24 11:00,206.7,6,1.0,0
2024-01-24 12:00,206.7,6,1.0,0
2024-01-24 13:00,206.7,6,1.0,0
2024-01-24 14:00,206.7,6,1.0,0
2024-01-24 15:00,206.7,6,1.0,0
2024-01-24 16:00,206.7,6,1.0,0
2024-01-24 17:00,206.7,6,1.0,0
2024-01-24 18:00,206.7,6,1.0,0
2024-01-24 19:00,206.7,6,1.0,0
2024-01-24 20:00,206.7,6,1.0,0
2024-01-24 21:00,206.7,6,1.0,0
2024-01-24 22:00,206.7,6,1.0,0
2024-01-24 23:00,206.7,6,1.0,0
2024-01-25 00:00,206.7,6,1.0,0
2024-01-25 01:00,206.7,6,1.0,0
2024-01-25 02:00,206.7,6,1.0,0
2024-01-25 03:00,206.7,6,1.0,0
2024-01-25 04:00,206.7,6,1.0,0
2024-01-25 05:00,206.7,6,1.0,0
2024-01-25 06:00,206.7,6,1.0,0
2024-01-25 07:00,206.7,6,1.0,0
2024-01-25 08:00,206.7,6,1.0,0
2024-01-25 09:00,206.7,6,1.0,0
2024-01-25 10:00,206.7,6,1.0,0
2024-01-25 11:00,206.7,6,1.0,0
2024-01-25 12:00,206.7,6,1.0,0
2024-01-25 13:00,206.7,6,1.0,0
2024-01-25 14:00,206.7,6,1.0,0
2024-01-25 15:00,206.7,6,1.0,0
2024-01-25 16:00,206.7,6,1.0,0
2024-01-25 17:00,206.7,6,1.0,0
2024-01-25 18:00,206.7,6,1.0,0
2024-01-25 19:00,206.7,6,1.0,0
2024-01-25 20:00,206.7,6,1.0,0
2024-01-25 21:00,206.7,6,1.0,0
2024-01-25 22:00,206.7,6,1.0,0
2024-01-25 23:00,206.7,6,1.0,0
2024-01-26 00:00,206.7,6,1.0,0
2024-01-26 01:00,206.7,6,1.0,0
2024-01-26 02:00,206.7,6,1.0,0
2024-01-26 03:00,206.7,6,1.0,0
2024-01-26 04:00,206.7,6,1.0,0
2024-01-26 05:00,206.7,6,1.0,0
2024-01-26 06:00,206.7,6,1.0,0
2024-01-26 07:00,206.7,6,1.0,0
2024-01-26 08:00,206.7,6,1.0,0
2024-01-26 09:00,206.7,6,1.0,0
2024-01-26 10:00,206.7,6,1.0,0
2024-01-26 11:00,206.7,6,1.0,0
2024-01-26 12:00,206.7,6,1.0,0
2024-01-26 13:00,206.7,6,1.0,0
2024-01-26 14:00,206.7,6,1.0,0
2024-01-26 15:00,206.7,6,1.0,0
2024-01-26 16:00,206.7,6,1.0,0
2024-01-26 17:00,206.7,6,1.0,0
2024-01-26 18:00,206.7,6,1.0,0
2024-01-26 19:00,206.7,6,1.0,0
2024-01-26 20:00,206.7,6,1.0,0
2024-01-26 21:00,206.7,6,1.0,0
2024-01-26 22:00,206.7,6,1.0,0
2024-01-26 23:00,206.7,6,1.0,0
2024-01-27 00:00,206.7,6,1.0,0
2024-01-27 01:00,206.7,6,1.0,0
2024-01-27 02:00,206.7,6,1.0,0
2024-01-27 03:00,206.7,6,1.0,0
2024-01-27 04:00,206.7,6,1.0,0
2024-01-27 05:00,206.7,6,1.0,0
2024-01-27 06:00,206.7,6,1.0,0
2024-01-27 07:00,206.7,6,1.0,0
2024-01-27 08:00,206.7,6,1.0,0
2024-01-27 09:00,206.7,6,1.0,0
2024-01-27 10:00,206.7,6,1.0,0
2024-01-27 11:00,206.7,6,1.0,0
2024-01-27 12:00,206.7,6,1.0,0
2024-01-27 13:00,206.7,6,1.0,0
2024-01-27 14:00,206.7,6,1.0,0
2024-01-27 15:00,206.7,6,1.0,0
2024-01-27 16:00,206.7,6,1.0,0
2024-01-27 17:00,206.7,6,1.0,0
2024-01-27 18:00,206.7,6,1.0,0
2024-01-27 19:00,206.7,6,1.0,0
2024-01-27 20:00,206.7,6,1.0,0
2024-01-27 21:00,206.7,6,1.0,0
2024-01-27 22:00,206.7,6,1.0,0
2024-01-27 23:00,206.7,6,1.0,0
2024-01-28 00:00,206.7,6,1.0,0
2024-01-28 01:00,206.7,6,1.0,0
2024-01-28 02:00,206.7,6,1.0,0
2024-01-28 03:00,206.7,6,1.0,0
2024-01-28 04:00,206.7,6,1.0,0
2024-01-28 05:00,206.7,6,1.0,0
2024-01-28 06:00,206.7,6,1.0,0
2024-01-28 07:00,206.7,6,1.0,0
2024-01-28 08:00,206.7,6,1.0,0
2024-01-28 09:00,206.7,6,1.0,0
2024-01-28 10:00,206.7,6,1.0,0
2024-01-28 11:00,206.7,6,1.0,0
2024-01-28 12:00,206.7,6,1.0,0
2024-01-28 13:00,206.7,6,1.0,0
2024-01-28 14:00,206.7,6,1.0,0
2024-01-28 15:00,206.7,6,1.0,0
2024-01-28 16:00,206.7,6,1.0,0
2024-01-28 17:00,206.7,6,1.0,0
2024-01-28 18:00,206.7,6,1.0,0
2024-01-28 19:00,206.7,6,1.0,0
2024-01-28 20:00,206.7,6,1.0,0
2024-01-28 21:00,206.7,6,1.0,0
2024-01-28 22:00,206.7,6,1.0,0
2024-01-28 23:00,206.7,6,1.0,0
2024-01-29 00:00,206.7,6,1.0,0
2024-01-29 01:00,206.7,6,1.0,0
2024-01-29 02:00,206.7,6,1.0,0
2024-01-29 03:00,206.7,6,1.0,0
2024-01-29 04:00,206.7,6,1.0,0
2024-01-29 05:00,206.7,6,1.0,0
2024-01-29 06:00,206.7,6,1.0,0
2024-01-29 07:00,206.7,6,1.0,0
2024-01-29 08:00,206.7,6,1.0,0
2024-01-29 09:00,206.7,6,1.0,0
2024-01-29 10:00,206.7,6,1.0,0
2024-01-29 11:00,206.7,6,1.0,0
2024-01-29 12:00,206.7,6,1.0,0
2024-01-29 13:00,206.7,6,1.0,0
2024-01-29 14:00,206.7,6,1.0,0
2024-01-29 15:00,206.7,6,1.0,0
2024-01-29 16:00,206.7,6,1.0,0
2024-01-29 17:00,206.7,6,1.0,0
2024-01-29 18:00,206.7,6,1.0,0
2024-01-29 19:00,206.7,6,1.0,0
2024-01-29 20:00,206.7,6,1.0,0
2024-01-29 21:00,206.7,6,1.0,0
2024-01-29 22:00,206.7,6,1.0,0
2024-01-29 23:00,206.7,6,1.0,0
2024-01-30 00:00,206.7,6,1.0,0
2024-01-30 01:00,206.7,6,1.0,0
2024-01-30 02:00,206.7,6,1.0,0
2024-01-30 03:00,206.7,6,1.0,0
2024-01-30 04:00,206.7,6,1.0,0
2024-01-30 05:00,206.7,6,1.0,0
2024-01-30 06:00,206.7,6,1.0,0
2024-01-30 07:00,206.7,6,1.0,0
2024-01-30 08:00,206.7,6,1.0,0
2024-01-30 09:00,206.7,6,1.0,0
2024-01-30 10:00,206.7,6,1.0,0
2024-01-30 11:00,206.7,6,1.0,0
2024-01-30 12:00,206.7,6,1.0,0
2024-01-30 13:00,206.7,6,1.0,0
2024-01-30 14:00,206.7,6,1.0,0
2024-01-30 15:00,206.7,6,1.0,0
2024-01-30 16:00,206.7,6,1.0,0
2024-01-30 17:00,206.7,6,1.0,0
2024-01-30 18:00,206.7,6,1.0,0
2024-01-30 19:00,206.7,6,1.0,0
2024-01-30 20:00,206.7,6,1.0,0
2024-01-30 21:00,206.7,6,1.0,0
2024-01-30 22:00,206.7,6,1.0,0
2024-01-30 23:00,206.7,6,1.0,0
2024-01-31 00:00,206.7,6,1.0,0
2024-01-31 01:00,206.7,6,1.0,0
2024-01-31 02:00,206.7,6,1.0,0
2024-01-31 03:00,206.7,6,1.0,0
2024-01-31 04:00,206.7,6,1.0,0
2024-01-31 05:00,206.7,6,1.0,0
2024-01-31 06:00,206.7,6,1.0,0
2024-01-31 07:00,206.7,6,1.0,0
2024-01-31 08:00,206.7,6,1.0,0
2024-01-31 09:00,206.7,6,1.0,0
2024-01-31 10:00,206.7,6,1.0,0
2024-01-31 11:00,206.7,6,1.0,0
2024-01-31 12:00,206.7,6,1.0,0
2024-01-31 13:00,206.7,6,1.0,0
2024-01-31 14:00,206.7,6,1.0,0
2024-01-31 15:00,206.7,6,1.0,0
2024-01-31 16:00,206.7,6,1.0,0
2024-01-31 17:00,206.7,6,1.0,0
2024-01-31 18:00,206.7,6,1.0,0
2024-01-31 19:00,206.7,6,1.0,0
2024-01-31 20:00,206.7,6,1.0,0
2024-01-31 21:00,206.7,6,1.0,0
2024-01-31 22:00,206.7,6,1.0,0
2024-01-31 23:00,206.7,6,1.0,0
2024-02-01 00:00,206.7,6,1.0,0
2024-02-01 01:00,206.7,6,1.0,0
2024-02-01 02:00,206.7,6,1.0,0
2024-02-01 03:00,206.7,6,1.0,0
2024-02-01 04:00,206.7,6,1.0,0
2024-02-01 05:00,206.7,6,1.0,0
2024-02-01 06:00,206.7,6,1.0,0
2024-02-01 07:00,206.7,6,1.0,0
2024-02-01 08:00,206.7,6,1.0,0
2024-02-01 09:00,206.7,6,1.0,0
2024-02-01 10:00,206.7,6,1.0,0
2024-02-01 11:00,206.7,6,1.0,0
2024-02-01 12:00,206.7,6,1.0,0
2024-02-01 13:00,206.7,6,1.0,0
2024-02-01 14:00,206.7,6,1.0,0
2024-02-01 15:00,206.7,6,1.0,0
2024-02-01 16:00,206.7,6,1.0,0
2024-02-01 17:00,206.7,6,1.0,0
2024-02-01 18:00,206.7,6,1.0,0
2024-02-01 19:00,206.7,6,1.0,0
2024-02-01 20:00,206.7,6,1.0,0
2024-02-01 21:00,206.7,6,1.0,0
2024-02-01 22:00,206.7,6,1.0,0
2024-02-01 23:00,206.7,6,1.0,0
2024-02-02 00:00,206.7,6,1.0,0
2024-02-02 01:00,206.7,6,1.0,0
2024-02-02 02:00,206.7,6,1.0,0
2024-02-02 03:00,206.7,6,1.0,0
2024-02-02 04:00,206.7,6,1.0,0
2024-02-02 05:00,206.7,6,1.0,0
2024-02-02 06:00,206.7,6,1.0,0
2024-02-02 07:00,206.7,6,1.0,0
2024-02-02 08:00,206.7,6,1.0,0
2024-02-02 09:00,206.7,6,1.0,0
2024-02-02 10:00,206.7,6,1.0,0
2024-02-02 11:00,206.7,6,1.0,0
2024-02-02 12:00,206.7,6,1.0,0
2024-02-02 13:00,206.7,6,1.0,0
2024-02-02 14:00,206.7,6,1.0,0
2024-02-02 15:00,206.7,6,1.0,0
2024-02-02 16:00,206.7,6,1.0,0
2024-02-02 17:00,206.7,6,1.0,0
2024-02-02 18:00,206.7,6,1.0,0
2024-02-02 19:00,206.7,6,1.0,0
2024-02-02 20:00,206.7,6,1.0,0
2024-02-02 21:00,206.7,6,1.0,0
2024-02-02 22:00,206.7,6,1.0,0
2024-02-02 23:00,206.7,6,1.0,0
2024-02-03 00:00,206.7,6,1.0,0
2024-02-03 01:00,206.7,6,1.0,0
2024-02-03 02:00,206.7,6,1.0,0
2024-02-03 03:00,206.7,6,1.0,0
2024-02-03 04:00,206.7,6,1.0,0
2024-02-03 05:00,206.7,6,1.0,0
2024-02-03 06:00,206.7,6,1.0,0
2024-02-03 07:00,206.7,6,1.0,0
2024-02-03 08:00,206.7,6,1.0,0
2024-02-03 09:00,206.7,6,1.0,0
2024-02-03 10:00,206.7,6,1.0,0
2024-02-03 11:00,206.7,6,1.0,0
2024-02-03 12:00,206.7,6,1.0,0
2024-02-03 13:00,206.7,6,1.0,0
2024-02-03 14:00,206.7,6,1.0,0
2024-02-03 15:00,206.7,6,1.0,0
2024-02-03 16:00,206.7,6,1.0,0
2024-02-03 17:00,206.7,6,1.0,0
2024-02-03 18:00,206.7,6,1.0,0
2024-02-03 19:00,206.7,6,1.0,0
2024-02-03 20:00,206.7,6,1.0,0
2024-02-03 21:00,206.7,6,1.0,0
2024-02-03 22:00,206.7,6,1.0,0
2024-02-03 23:00,206.7,6,1.0,0
2024-02-04 00:00,206.7,6,1.0,0
2024-02-04 01:00,206.7,6,1.0,0
2024-02-04 02:00,206.7,6,1.0,0
2024-02-04 03:00,206.7,6,1.0,0
2024-02-04 04:00,206.7,6,1.0,0
2024-02-04 05:00,206.7,6,1.0,0
2024-02-04 06:00,206.7,6,1.0,0
2024-02-04 07:00,206.7,6,1.0,0
2024-02-04 08:00,206.7,6,1.0,0
2024-02-04 09:00,206.7,6,1.0,0
2024-02-04 10:00,206.7,6,1.0,0
2024-02-04 11:00,206.7,6,1.0,0
2024-02-04 12:00,206.7,6,1.0,0
2024-02-04 13:00,206.7,6,1.0,0
2024-02-04 14:00,206.7,6,1.0,0
2024-02-04 15:00,206.7,6,1.0,0
2024-02-04 16:00,206.7,6,1.0,0
2024-02-04 17:00,206.7,6,1.0,0
2024-02-04 18:00,206.7,6,1.0,0
2024-02-04 19:00,206.7,6,1.0,0
2024-02-04 20:00,206.7,6,1.0,0
2024-02-04 21:00,206.7,6,1.0,0
2024-02-04 22:00,206.7,6,1.0,0
2024-02-04 23:00,206.7,6,1.0,0
2024-02-05 00:00,206.7,6,1.0,0
2024-02-05 01:00,206.7,6,1.0,0
2024-02-05 02:00,206.7,6,1.0,0
2024-02-05 03:00,206.7,6,1.0,0
2024-02-05 04:00,206.7,6,1.0,0
2024-02-05 05:00,206.7,6,1.0,0
2024-02-05 06:00,206.7,6,1.0,0
2024-02-05 07:00,206.7,6,1.0,0
2024-02-05 08:00,206.7,6,1.0,0
2024-02-05 09:00,206.7,6,1.0,0
2024-02-05 10:00,206.7,6,1.0,0
2024-02-05 11:00,206.7,6,1.0,0
2024-02-05 12:00,206.7,6,1.0,0
2024-02-05 13:00,206.7,6,1.0,0
2024-02-05 14:00,206.7,6,1.0,0
2024-02-05 15:00,206.7,6,1.0,0
2024-02-05 16:00,206.7,6,1.0,0
2024-02-05 17:00,206.7,6,1.0,0
2024-02-05 18:00,206.7,6,1.0,0
2024-02-05 19:00,206.7,6,1.0,0
2024-02-05 20:00,206.7,6,1.0,0
2024-02-05 21:00,206.7,6,1.0,0
2024-02-05 22:00,206.7,6,1.0,0
2024-02-05 23:00,206.7,5,0.833,0
2024-02-06 00:00,206.7,6,1.0,0
2024-02-06 01:00,206.7,6,1.0,0
2024-02-06 02:00,206.7,6,1.0,0
2024-02-06 03:00,206.7,6,1.0,0
2024-02-06 04:00,206.7,6,1.0,0
2024-02-06 05:00,206.7,6,1.0,0
2024-02-06 06:00,206.7,6,1.0,0
2024-02-06 07:00,206.7,6,1.0,0
2024-02-06 08:00,206.7,6,1.0,0
2024-02-06 09:00,206.7,6,1.0,0
2024-02-06 10:00,206.7,6,1.0,0
2024-02-06 11:00,206.7,6,1.0,0
2024-02-06 12:00,206.7,6,1.0,0
2024-02-06 13:00,206.7,6,1.0,0
2024-02-06 14:00,206.7,6,1.0,0
2024-02-06 15:00,206.7,6,1.0,0
2024-02-06 16:00,206.7,6,1.0,0
2024-02-06 17:00,206.7,6,1.0,0
2024-02-06 18:00,206.7,6,1.0,0
2024-02-06 19:00,206.7,6,1.0,0
2024-02-06 20:00,206.7,6,1.0,0
2024-02-06 21:00,206.7,6,1.0,0
2024-02-06 22:00,206.7,6,1.0,0
2024-02-06 23:00,206.7,6,1.0,0
2024-02-07 00:00,206.7,6,1.0,0
2024-02-07 01:00,206.7,6,1.0,0
2024-02-07 02:00,206.7,6,1.0,0
2024-02-07 03:00,206.7,6,1.0,0
2024-02-07 04:00,206.7,6,1.0,0
2024-02-07 05:00,206.7,6,1.0,0
2024-02-07 06:00,206.7,6,1.0,0
2024-02-07 07:00,206.7,6,1.0,0
2024-02-07 08:00,206.7,6,1.0,0
2024-02-07 09:00,206.7,6,1.0,0
2024-02-07 10:00,206.7,6,1.0,0
2024-02-07 11:00,206.7,6,1.0,0
2024-02-07 12:00,206.7,6,1.0,0
2024-02-07 13:00,206.7,6,1.0,0
2024-02-07 14:00,206.7,6,1.0,0
2024-02-07 15:00,206.7,6,1.0,0
2024-02-07 16:00,206.7,6,1.0,0
2024-02-07 17:00,206.7,6,1.0,0
2024-02-07 18:00,206.7,6,1.0,0
2024-02-07 19:00,206.7,6,1.0,0
2024-02-07 20:00,206.7,6,1.0,0
2024-02-07 21:00,206.7,6,1.0,0
2024-02-07 22:00,206.7,6,1.0,0
2024-02-07 23:00,206.7,6,1.0,0
2024-02-08 00:00,206.7,6,1.0,0
2024-02-08 01:00,206.7,6,1.0,0
2024-02-08 02:00,206.7,6,1.0,0
2024-02-08 03:00,206.7,6,1.0,0
2024-02-08 04:00,206.7,6,1.0,0
2024-02-08 05:00,206.7,6,1.0,0
2024-02-08 06:00,206.7,6,1.0,0
2024-02-08 07:00,206.7,6,1.0,0
2024-02-08 08:00,206.7,6,1.0,0
2024-02-08 09:00,206.7,6,1.0,0
2024-02-08 10:00,206.7,6,1.0,0
2024-02-08 11:00,206.7,6,1.0,0
2024-02-08 12:00,206.7,6,1.0,0
2024-02-08 13:00,206.7,6,1.0,0
2024-02-08 14:00,206.7,6,1.0,0
2024-02-08 15:00,206.7,6,1.0,0
2024-02-08 16:00,206.7,6,1.0,0
2024-02-08 17:00,206.7,6,1.0,0
2024-02-08 18:00,206.7,6,1.0,0
2024-02-08 19:00,206.7,6,1.0,0
2024-02-08 20:00,206.7,6,1.0,0
2024-02-08 21:00,206.7,6,1.0,0
2024-02-08 22:00,206.7,6,1.0,0
2024-02-08 23:00,206.7,6,1.0,0
2024-02-09 00:00,206.7,6,1.0,0
2024-02-09 01:00,206.7,6,1.0,0
2024-02-09 02:00,206.7,6,1.0,0
2024-02-09 03:00,206.7,6,1.0,0
2024-02-09 04:00,206.7,6,1.0,0
2024-02-09 05:00,206.7,6,1.0,0
2024-02-09 06:00,206.7,6,1.0,0
2024-02-09 07:00,206.7,6,1.0,0
2024-02-09 08:00,206.7,6,1.0,0
2024-02-09 09:00,206.7,6,1.0,0
2024-02-09 10:00,206.7,6,1.0,0
2024-02-09 11:00,206.7,6,1.0,0
2024-02-09 12:00,206.7,6,1.0,0
2024-02-09 13:00,206.7,6,1.0,0
2024-02-09 14:00,206.7,6,1.0,0
2024-02-09 15:00,206.7,6,1.0,0
2024-02-09 16:00,206.7,6,1.0,0
2024-02-09 17:00,206.7,6,1.0,0
2024-02-09 18:00,206.7,6,1.0,0
2024-02-09 19:00,206.7,6,1.0,0
2024-02-09 20:00,206.7,6,1.0,0
2024-02-09 21:00,206.7,6,1.0,0
2024-02-09 22:00,206.7,6,1.0,0
2024-02-09 23:00,206.7,6,1.0,0
2024-02-10 00:00,206.7,6,1.0,0
2024-02-10 01:00,206.7,6,1.0,0
2024-02-10 02:00,206.7,6,1.0,0
2024-02-10 03:00,206.7,6,1.0,0
2024-02-10 04:00,206.7,6,1.0,0
2024-02-10 05:00,206.7,6,1.0,0
2024-02-10 06:00,206.7,6,1.0,0
2024-02-10 07:00,206.7,6,1.0,0
2024-02-10 08:00,206.7,6,1.0,0
2024-02-10 09:00,206.9,6,1.0,0
2024-02-10 10:00,206.9,6,1.0,0
2024-02-10 11:00,207.1,6,1.0,0
2024-02-10 12:00,211.1,6,1.0,0
2024-02-10 13:00,217.3,6,1.0,0
2024-02-10 14:00,221.1,6,1.0,0
2024-02-10 15:00,225.5,6,1.0,0
2024-02-10 16:00,226.9,6,1.0,0
2024-02-10 17:00,228.7,6,1.0,0
2024-02-10 18:00,243.3,6,1.0,0
2024-02-10 19:00,266.4,6,1.0,0
2024-02-10 20:00,282.9,6,1.0,0
2024-02-10 21:00,296.0,6,1.0,0
2024-02-10 22:00,302.0,6,1.0,0
2024-02-10 23:00,302.4,6,1.0,0
2024-02-11 00:00,302.6,6,1.0,0
2024-02-11 01:00,302.6,6,1.0,0
2024-02-11 02:00,302.6,6,1.0,0
2024-02-11 03:00,303.4,6,1.0,0
2024-02-11 04:00,304.0,6,1.0,0
2024-02-11 05:00,305.4,6,1.0,0
2024-02-11 06:00,309.6,6,1.0,0
2024-02-11 07:00,310.4,6,1.0,0
2024-02-11 08:00,312.9,6,1.0,0
2024-02-11 09:00,314.7,6,1.0,0
2024-02-11 10:00,315.7,6,1.0,0
2024-02-11 11:00,319.8,6,1.0,0
2024-02-11 12:00,323.8,6,1.0,0
2024-02-11 13:00,324.8,6,1.0,0
2024-02-11 14:00,325.0,6,1.0,0
2024-02-11 15:00,325.0,6,1.0,0
2024-02-11 16:00,325.0,6,1.0,0
2024-02-11 17:00,325.0,6,1.0,0
2024-02-11 18:00,327.0,6,1.0,0
2024-02-11 19:00,330.0,6,1.0,0
2024-02-11 20:00,331.0,6,1.0,0
2024-02-11 21:00,332.8,6,1.0,0
2024-02-11 22:00,333.6,6,1.0,0
2024-02-11 23:00,333.8,6,1.0,0
2024-02-12 00:00,339.7,6,1.0,0
2024-02-12 01:00,346.3,6,1.0,0
2024-02-12 02:00,347.9,6,1.0,0
2024-02-12 03:00,348.1,6,1.0,0
2024-02-12 04:00,348.1,6,1.0,0
2024-02-12 05:00,348.3,6,1.0,0
2024-02-12 06:00,348.3,6,1.0,0
2024-02-12 07:00,348.9,6,1.0,0
2024-02-12 08:00,349.7,6,1.0,0
2024-02-12 09:00,349.7,6,1.0,0
2024-02-12 10:00,349.7,6,1.0,0
2024-02-12 11:00,349.7,6,1.0,0
2024-02-12 12:00,349.7,6,1.0,0
2024-02-12 13:00,349.7,6,1.0,0
2024-02-12 14:00,349.7,6,1.0,0
2024-02-12 15:00,349.7,6,1.0,0
2024-02-12 16:00,349.7,6,1.0,0
2024-02-12 17:00,349.7,6,1.0,0
2024-02-12 18:00,349.7,6,1.0,0
2024-02-12 19:00,354.4,6,1.0,0
2024-02-12 20:00,363.7,6,1.0,0
2024-02-12 21:00,379.3,6,1.0,0
2024-02-12 22:00,382.7,6,1.0,0
2024-02-12 23:00,383.3,6,1.0,0
2024-02-13 00:00,383.9,6,1.0,0
2024-02-13 01:00,384.1,6,1.0,0
2024-02-13 02:00,384.3,6,1.0,0
2024-02-13 03:00,384.7,6,1.0,0
2024-02-13 04:00,384.9,6,1.0,0
2024-02-13 05:00,384.9,6,1.0,0
2024-02-13 06:00,385.1,6,1.0,0
2024-02-13 07:00,385.1,6,1.0,0
2024-02-13 08:00,385.1,6,1.0,0
2024-02-13 09:00,385.1,6,1.0,0
2024-02-13 10:00,385.1,6,1.0,0
2024-02-13 11:00,385.1,6,1.0,0
2024-02-13 12:00,385.1,6,1.0,0
2024-02-13 13:00,385.1,6,1.0,0
2024-02-13 14:00,385.1,6,1.0,0
2024-02-13 15:00,386.7,6,1.0,0
2024-02-13 16:00,386.7,6,1.0,0
2024-02-13 17:00,386.7,6,1.0,0
2024-02-13 18:00,386.7,6,1.0,0
2024-02-13 19:00,386.7,6,1.0,0
2024-02-13 20:00,386.7,6,1.0,0
2024-02-13 21:00,386.7,6,1.0,0
2024-02-13 22:00,386.7,6,1.0,0
2024-02-13 23:00,386.7,6,1.0,0
2024-02-14 00:00,386.7,6,1.0,0
2024-02-14 01:00,386.7,6,1.0,0
2024-02-14 02:00,386.7,6,1.0,0
2024-02-14 03:00,386.7,6,1.0,0
2024-02-14 04:00,386.7,6,1.0,0
2024-02-14 05:00,386.7,6,1.0,0
2024-02-14 06:00,386.7,6,1.0,0
2024-02-14 07:00,386.7,6,1.0,0
2024-02-14 08:00,386.7,6,1.0,0
2024-02-14 09:00,386.7,6,1.0,0
2024-02-14 10:00,386.7,6,1.0,0
2024-02-14 11:00,386.7,6,1.0,0
2024-02-14 12:00,386.7,6,1.0,0
2024-02-14 13:00,386.7,6,1.0,0
2024-02-14 14:00,386.7,6,1.0,0
2024-02-14 15:00,386.7,6,1.0,0
2024-02-14 16:00,386.7,6,1.0,0
2024-02-14 17:00,386.7,6,1.0,0
2024-02-14 18:00,386.7,6,1.0,0
2024-02-14 19:00,386.7,6,1.0,0
2024-02-14 20:00,386.7,6,1.0,0
2024-02-14 21:00,386.7,6,1.0,0
2024-02-14 22:00,386.7,6,1.0,0
2024-02-14 23:00,386.7,6,1.0,0
2024-02-15 00:00,386.7,6,1.0,0
2024-02-15 01:00,386.7,6,1.0,0
2024-02-15 02:00,386.7,6,1.0,0
2024-02-15 03:00,386.7,6,1.0,0
2024-02-15 04:00,386.7,6,1.0,0
2024-02-15 05:00,386.7,6,1.0,0
2024-02-15 06:00,386.7,6,1.0,0
2024-02-15 07:00,386.7,6,1.0,0
2024-02-15 08:00,386.7,6,1.0,0
2024-02-15 09:00,386.7,6,1.0,0
2024-02-15 10:00,386.7,6,1.0,0
2024-02-15 11:00,386.7,6,1.0,0
2024-02-15 12:00,386.7,6,1.0,0
2024-02-15 13:00,386.7,6,1.0,0
2024-02-15 14:00,386.7,6,1.0,0
2024-02-15 15:00,386.7,6,1.0,0
2024-02-15 16:00,386.7,6,1.0,0
2024-02-15 17:00,386.7,6,1.0,0
2024-02-15 18:00,386.7,6,1.0,0
2024-02-15 19:00,386.7,6,1.0,0
2024-02-15 20:00,386.7,6,1.0,0
2024-02-15 21:00,386.7,6,1.0,0
2024-02-15 22:00,386.7,6,1.0,0
2024-02-15 23:00,386.7,6,1.0,0
2024-02-16 00:00,386.7,6,1.0,0
2024-02-16 01:00,386.7,6,1.0,0
2024-02-16 02:00,386.7,6,1.0,0
2024-02-16 03:00,386.7,6,1.0,0
2024-02-16 04:00,386.7,6,1.0,0
2024-02-16 05:00,386.7,6,1.0,0
2024-02-16 06:00,386.7,6,1.0,0
2024-02-16 07:00,386.7,6,1.0,0
2024-02-16 08:00,386.7,6,1.0,0
2024-02-16 09:00,386.7,6,1.0,0
2024-02-16 10:00,386.7,6,1.0,0
2024-02-16 11:00,386.7,6,1.0,0
2024-02-16 12:00,386.7,6,1.0,0
2024-02-16 13:00,386.7,6,1.0,0
2024-02-16 14:00,386.7,6,1.0,0
2024-02-16 15:00,386.7,6,1.0,0
2024-02-16 16:00,386.7,6,1.0,0
2024-02-16 17:00,386.7,6,1.0,0
2024-02-16 18:00,386.7,6,1.0,0
2024-02-16 19:00,386.7,6,1.0,0
2024-02-16 20:00,386.7,6,1.0,0
2024-02-16 21:00,386.7,6,1.0,0
2024-02-16 22:00,386.7,6,1.0,0
2024-02-16 23:00,386.7,6,1.0,0
2024-02-17 00:00,386.7,6,1.0,0
2024-02-17 01:00,386.7,6,1.0,0
2024-02-17 02:00,386.7,6,1.0,0
2024-02-17 03:00,386.7,6,1.0,0
2024-02-17 04:00,386.7,6,1.0,0
2024-02-17 05:00,386.7,6,1.0,0
2024-02-17 06:00,386.7,6,1.0,0
2024-02-17 07:00,386.7,6,1.0,0
2024-02-17 08:00,386.7,6,1.0,0
2024-02-17 09:00,386.7,6,1.0,0
2024-02-17 10:00,386.7,6,1.0,0
2024-02-17 11:00,386.7,6,1.0,0
2024-02-17 12:00,386.7,6,1.0,0
2024-02-17 13:00,386.7,6,1.0,0
2024-02-17 14:00,386.7,6,1.0,0
2024-02-17 15:00,386.7,6,1.0,0
2024-02-17 16:00,386.7,6,1.0,0
2024-02-17 17:00,386.7,6,1.0,0
2024-02-17 18:00,386.7,6,1.0,0
2024-02-17 19:00,386.7,6,1.0,0
2024-02-17 20:00,386.7,6,1.0,0
2024-02-17 21:00,386.7,6,1.0,0
2024-02-17 22:00,386.7,6,1.0,0
2024-02-17 23:00,386.7,6,1.0,0
2024-02-18 00:00,386.7,6,1.0,0
2024-02-18 01:00,386.7,6,1.0,0
2024-02-18 02:00,386.7,6,1.0,0
2024-02-18 03:00,386.7,6,1.0,0
2024-02-18 04:00,386.7,6,1.0,0
2024-02-18 05:00,386.7,6,1.0,0
2024-02-18 06:00,386.7,6,1.0,0
2024-02-18 07:00,386.7,6,1.0,0
2024-02-18 08:00,386.7,6,1.0,0
2024-02-18 09:00,386.7,6,1.0,0
2024-02-18 10:00,386.7,6,1.0,0
2024-02-18 11:00,386.7,6,1.0,0
2024-02-18 12:00,386.7,6,1.0,0
2024-02-18 13:00,386.7,6,1.0,0
2024-02-18 14:00,386.7,6,1.0,0
2024-02-18 15:00,386.7,6,1.0,0
2024-02-18 16:00,386.7,6,1.0,0
2024-02-18 17:00,386.7,6,1.0,0
2024-02-18 18:00,386.7,6,1.0,0
2024-02-18 19:00,386.7,6,1.0,0
2024-02-18 20:00,386.7,6,1.0,0
2024-02-18 21:00,386.7,6,1.0,0
2024-02-18 22:00,386.7,6,1.0,0
2024-02-18 23:00,386.7,6,1.0,0
2024-02-19 00:00,386.7,6,1.0,0
2024-02-19 01:00,386.7,6,1.0,0
2024-02-19 02:00,386.7,6,1.0,0
2024-02-19 03:00,386.7,6,1.0,0
2024-02-19 04:00,386.7,6,1.0,0
2024-02-19 05:00,386.7,6,1.0,0
2024-02-19 06:00,386.7,6,1.0,0
2024-02-19 07:00,386.7,6,1.0,0
2024-02-19 08:00,386.7,6,1.0,0
2024-02-19 09:00,386.7,6,1.0,0
2024-02-19 10:00,386.7,6,1.0,0
2024-02-19 11:00,386.7,6,1.0,0
2024-02-19 12:00,386.7,6,1.0,0
2024-02-19 13:00,386.7,6,1.0,0
2024-02-19 14:00,386.7,6,1.0,0
2024-02-19 15:00,386.7,6,1.0,0
2024-02-19 16:00,386.7,6,1.0,0
2024-02-19 17:00,386.7,6,1.0,0
2024-02-19 18:00,386.7,6,1.0,0
2024-02-19 19:00,386.7,6,1.0,0
2024-02-19 20:00,386.7,6,1.0,0
2024-02-19 21:00,386.7,6,1.0,0
2024-02-19 22:00,386.7,6,1.0,0
2024-02-19 23:00,386.7,6,1.0,0
2024-02-20 00:00,386.7,6,1.0,0
2024-02-20 01:00,386.7,6,1.0,0
2024-02-20 02:00,386.7,6,1.0,0
2024-02-20 03:00,386.7,6,1.0,0
2024-02-20 04:00,386.7,6,1.0,0
2024-02-20 05:00,386.7,6,1.0,0
2024-02-20 06:00,386.7,6,1.0,0
2024-02-20 07:00,386.7,6,1.0,0
2024-02-20 08:00,386.7,6,1.0,0
2024-02-20 09:00,386.7,6,1.0,0
2024-02-20 10:00,386.7,6,1.0,0
2024-02-20 11:00,386.7,6,1.0,0
2024-02-20 12:00,386.7,6,1.0,0
2024-02-20 13:00,386.7,6,1.0,0
2024-02-20 14:00,386.7,6,1.0,0
2024-02-20 15:00,386.7,6,1.0,0
2024-02-20 16:00,386.7,6,1.0,0
2024-02-20 17:00,386.7,6,1.0,0
2024-02-20 18:00,386.7,6,1.0,0
2024-02-20 19:00,386.7,6,1.0,0
2024-02-20 20:00,386.7,6,1.0,0
2024-02-20 21:00,386.7,6,1.0,0
2024-02-20 22:00,386.7,6,1.0,0
2024-02-20 23:00,386.7,6,1.0,0
2024-02-21 00:00,386.7,6,1.0,0
2024-02-21 01:00,386.7,6,1.0,0
2024-02-21 02:00,386.7,6,1.0,0
2024-02-21 03:00,386.7,6,1.0,0
2024-02-21 04:00,386.7,6,1.0,0
2024-02-21 05:00,386.7,6,1.0,0
2024-02-21 06:00,386.7,6,1.0,0
2024-02-21 07:00,386.7,6,1.0,0
2024-02-21 08:00,386.7,6,1.0,0
2024-02-21 09:00,386.7,6,1.0,0
2024-02-21 10:00,386.7,6,1.0,0
2024-02-21 11:00,386.7,6,1.0,0
2024-02-21 12:00,386.7,6,1.0,0
2024-02-21 13:00,386.7,6,1.0,0
2024-02-21 14:00,386.7,6,1.0,0
2024-02-21 15:00,386.7,6,1.0,0
2024-02-21 16:00,386.7,6,1.0,0
2024-02-21 17:00,386.7,6,1.0,0
2024-02-21 18:00,386.7,6,1.0,0
2024-02-21 19:00,386.7,6,1.0,0
2024-02-21 20:00,386.7,6,1.0,0
2024-02-21 21:00,386.7,6,1.0,0
2024-02-21 22:00,386.7,6,1.0,0
2024-02-21 23:00,386.7,6,1.0,0
2024-02-22 00:00,386.7,6,1.0,0
2024-02-22 01:00,386.7,6,1.0,0
2024-02-22 02:00,386.7,6,1.0,0
2024-02-22 03:00,386.7,6,1.0,0
2024-02-22 04:00,386.7,6,1.0,0
2024-02-22 05:00,386.7,6,1.0,0
2024-02-22 06:00,386.7,6,1.0,0
2024-02-22 07:00,386.7,6,1.0,0
2024-02-22 08:00,386.7,6,1.0,0
2024-02-22 09:00,386.7,6,1.0,0
2024-02-22 10:00,386.7,6,1.0,0
2024-02-22 11:00,386.7,6,1.0,0
2024-02-22 12:00,386.7,6,1.0,0
2024-02-22 13:00,386.7,6,1.0,0
2024-02-22 14:00,386.7,6,1.0,0
2024-02-22 15:00,386.7,6,1.0,0
2024-02-22 16:00,386.7,6,1.0,0
2024-02-22 17:00,386.7,6,1.0,0
2024-02-22 18:00,386.7,6,1.0,0
2024-02-22 19:00,386.7,6,1.0,0
2024-02-22 20:00,386.7,6,1.0,0
2024-02-22 21:00,386.7,6,1.0,0
2024-02-22 22:00,386.7,6,1.0,0
2024-02-22 23:00,386.7,6,1.0,0
2024-02-23 00:00,386.7,6,1.0,0
2024-02-23 01:00,386.7,6,1.0,0
2024-02-23 02:00,386.7,6,1.0,0
2024-02-23 03:00,386.7,6,1.0,0
2024-02-23 04:00,386.7,6,1.0,0
2024-02-23 05:00,386.7,6,1.0,0
2024-02-23 06:00,386.7,6,1.0,0
2024-02-23 07:00,386.7,6,1.0,0
2024-02-23 08:00,386.7,6,1.0,0
2024-02-23 09:00,386.7,6,1.0,0
2024-02-23 10:00,386.7,6,1.0,0
2024-02-23 11:00,386.7,6,1.0,0
2024-02-23 12:00,386.7,6,1.0,0
2024-02-23 13:00,386.7,6,1.0,0
2024-02-23 14:00,386.7,6,1.0,0
2024-02-23 15:00,386.7,6,1.0,0
2024-02-23 16:00,386.7,6,1.0,0
2024-02-23 17:00,386.7,6,1.0,0
2024-02-23 18:00,386.7,6,1.0,0
2024-02-23 19:00,386.7,6,1.0,0
2024-02-23 20:00,386.7,6,1.0,0
2024-02-23 21:00,386.7,6,1.0,0
2024-02-23 22:00,386.9,6,1.0,0
2024-02-23 23:00,394.4,6,1.0,0
2024-02-24 00:00,404.0,6,1.0,0
2024-02-24 01:00,407.8,6,1.0,0
2024-02-24 02:00,409.8,6,1.0,0
2024-02-24 03:00,409.8,6,1.0,0
2024-02-24 04:00,410.0,6,1.0,0
2024-02-24 05:00,410.0,6,1.0,0
2024-02-24 06:00,410.4,6,1.0,0
2024-02-24 07:00,413.0,6,1.0,0
2024-02-24 08:00,414.2,6,1.0,0
2024-02-24 09:00,414.2,6,1.0,0
2024-02-24 10:00,414.2,6,1.0,0
2024-02-24 11:00,414.2,6,1.0,0
2024-02-24 12:00,414.2,6,1.0,0
2024-02-24 13:00,414.2,6,1.0,0
2024-02-24 14:00,415.2,6,1.0,0
2024-02-24 15:00,415.4,6,1.0,0
2024-02-24 16:00,415.6,6,1.0,0
2024-02-24 17:00,415.6,6,1.0,0
2024-02-24 18:00,415.6,6,1.0,0
2024-02-24 19:00,415.6,6,1.0,0
2024-02-24 20:00,415.6,6,1.0,0
2024-02-24 21:00,415.6,6,1.0,0
2024-02-24 22:00,415.6,6,1.0,0
2024-02-24 23:00,415.6,6,1.0,0
2024-02-25 00:00,415.6,6,1.0,0
2024-02-25 01:00,415.6,6,1.0,0
2024-02-25 02:00,415.6,6,1.0,0
2024-02-25 03:00,416.8,6,1.0,0
2024-02-25 04:00,417.0,6,1.0,0
2024-02-25 05:00,417.8,6,1.0,0
2024-02-25 06:00,418.4,6,1.0,0
2024-02-25 07:00,419.0,6,1.0,0
2024-02-25 08:00,419.6,6,1.0,0
2024-02-25 09:00,420.0,6,1.0,0
2024-02-25 10:00,420.0,6,1.0,0
2024-02-25 11:00,420.0,6,1.0,0
2024-02-25 12:00,420.0,6,1.0,0
2024-02-25 13:00,420.0,6,1.0,0
2024-02-25 14:00,420.0,6,1.0,0
2024-02-25 15:00,420.0,6,1.0,0
2024-02-25 16:00,420.0,6,1.0,0
2024-02-25 17:00,420.0,6,1.0,0
2024-02-25 18:00,420.0,6,1.0,0
2024-02-25 19:00,420.0,6,1.0,0
2024-02-25 20:00,420.0,6,1.0,0
2024-02-25 21:00,420.0,6,1.0,0
2024-02-25 22:00,420.0,6,1.0,0
2024-02-25 23:00,420.0,6,1.0,0
2024-02-26 00:00,420.0,6,1.0,0
2024-02-26 01:00,420.0,6,1.0,0
2024-02-26 02:00,420.0,6,1.0,0
2024-02-26 03:00,420.0,6,1.0,0
2024-02-26 04:00,420.0,6,1.0,0
2024-02-26 05:00,420.0,6,1.0,0
2024-02-26 06:00,420.0,6,1.0,0
2024-02-26 07:00,420.0,6,1.0,0
2024-02-26 08:00,420.0,6,1.0,0
2024-02-26 09:00,420.0,6,1.0,0
2024-02-26 10:00,420.0,6,1.0,0
2024-02-26 11:00,420.0,6,1.0,0
2024-02-26 12:00,420.0,6,1.0,0
2024-02-26 13:00,420.0,6,1.0,0
2024-02-26 14:00,420.0,6,1.0,0
2024-02-26 15:00,420.0,6,1.0,0
2024-02-26 16:00,420.0,6,1.0,0
2024-02-26 17:00,420.0,6,1.0,0
2024-02-26 18:00,420.0,6,1.0,0
2024-02-26 19:00,420.0,6,1.0,0
2024-02-26 20:00,420.0,6,1.0,0
2024-02-26 21:00,420.0,6,1.0,0
2024-02-26 22:00,420.0,6,1.0,0
2024-02-26 23:00,420.0,6,1.0,0
2024-02-27 00:00,420.0,6,1.0,0
2024-02-27 01:00,420.0,6,1.0,0
2024-02-27 02:00,420.0,6,1.0,0
2024-02-27 03:00,420.0,6,1.0,0
2024-02-27 04:00,420.0,6,1.0,0
2024-02-27 05:00,420.0,6,1.0,0
2024-02-27 06:00,420.0,6,1.0,0
2024-02-27 07:00,420.0,6,1.0,0
2024-02-27 08:00,420.0,6,1.0,0
2024-02-27 09:00,420.0,6,1.0,0
2024-02-27 10:00,420.0,6,1.0,0
2024-02-27 11:00,420.0,6,1.0,0
2024-02-27 12:00,420.0,6,1.0,0
2024-02-27 13:00,420.0,6,1.0,0
2024-02-27 14:00,420.0,6,1.0,0
2024-02-27 15:00,420.0,6,1.0,0
2024-02-27 16:00,420.0,6,1.0,0
2024-02-27 17:00,420.0,6,1.0,0
2024-02-27 18:00,420.0,6,1.0,0
2024-02-27 19:00,420.0,6,1.0,0
2024-02-27 20:00,420.0,6,1.0,0
2024-02-27 21:00,420.0,6,1.0,0
2024-02-27 22:00,420.0,6,1.0,0
2024-02-27 23:00,420.0,6,1.0,0
2024-02-28 00:00,420.0,6,1.0,0
2024-02-28 01:00,420.0,6,1.0,0
2024-02-28 02:00,420.0,6,1.0,0
2024-02-28 03:00,420.0,6,1.0,0
2024-02-28 04:00,420.0,6,1.0,0
2024-02-28 05:00,420.0,6,1.0,0
2024-02-28 06:00,420.0,6,1.0,0
2024-02-28 07:00,420.0,6,1.0,0
2024-02-28 08:00,420.0,6,1.0,0
2024-02-28 09:00,420.0,6,1.0,0
2024-02-28 10:00,420.0,6,1.0,0
2024-02-28 11:00,420.0,6,1.0,0
2024-02-28 12:00,420.0,6,1.0,0
2024-02-28 13:00,420.0,6,1.0,0
2024-02-28 14:00,420.0,6,1.0,0
2024-02-28 15:00,420.0,6,1.0,0
2024-02-28 16:00,420.0,6,1.0,0
2024-02-28 17:00,420.0,6,1.0,0
2024-02-28 18:00,420.0,6,1.0,0
2024-02-28 19:00,420.0,6,1.0,0
2024-02-28 20:00,420.0,6,1.0,0
2024-02-28 21:00,420.0,6,1.0,0
2024-02-28 22:00,420.0,6,1.0,0
2024-02-28 23:00,420.0,6,1.0,0
2024-02-29 00:00,422.8,6,1.0,0
2024-02-29 01:00,429.0,6,1.0,0
2024-02-29 02:00,433.0,6,1.0,0
2024-02-29 03:00,438.2,6,1.0,0
2024-02-29 04:00,443.6,6,1.0,0
2024-02-29 05:00,450.0,6,1.0,0
2024-02-29 06:00,451.2,6,1.0,0
2024-02-29 07:00,451.2,6,1.0,0
2024-02-29 08:00,451.2,6,1.0,0
2024-02-29 09:00,451.2,6,1.0,0
2024-02-29 10:00,451.2,6,1.0,0
2024-02-29 11:00,451.2,6,1.0,0
2024-02-29 12:00,451.2,6,1.0,0
2024-02-29 13:00,451.2,6,1.0,0
2024-02-29 14:00,451.2,6,1.0,0
2024-02-29 15:00,451.2,6,1.0,0
2024-02-29 16:00,451.2,6,1.0,0
2024-02-29 17:00,451.2,6,1.0,0
2024-02-29 18:00,451.2,6,1.0,0
2024-02-29 19:00,451.2,6,1.0,0
2024-02-29 20:00,451.2,6,1.0,0
2024-02-29 21:00,451.2,6,1.0,0
2024-02-29 22:00,451.2,6,1.0,0
2024-02-29 23:00,451.2,6,1.0,0
2024-03-01 00:00,451.2,6,1.0,0
2024-03-01 01:00,451.2,6,1.0,0
2024-03-01 02:00,453.4,6,1.0,0
2024-03-01 03:00,454.6,6,1.0,0
2024-03-01 04:00,454.6,6,1.0,0
2024-03-01 05:00,456.6,6,1.0,0
2024-03-01 06:00,457.4,6,1.0,0
2024-03-01 07:00,459.6,6,1.0,0
2024-03-01 08:00,459.8,6,1.0,0
2024-03-01 09:00,459.8,6,1.0,0
2024-03-01 10:00,459.8,6,1.0,0
2024-03-01 11:00,459.8,6,1.0,0
2024-03-01 12:00,459.8,6,1.0,0
2024-03-01 13:00,459.8,6,1.0,0
2024-03-01 14:00,459.8,6,1.0,0
2024-03-01 15:00,459.8,6,1.0,0
2024-03-01 16:00,460.0,6,1.0,0
2024-03-01 17:00,460.2,6,1.0,0
2024-03-01 18:00,460.6,6,1.0,0
2024-03-01 19:00,460.6,6,1.0,0
2024-03-01 20:00,460.6,6,1.0,0
2024-03-01 21:00,460.6,6,1.0,0
2024-03-01 22:00,460.6,6,1.0,0
2024-03-01 23:00,460.6,6,1.0,0
2024-03-02 00:00,461.6,6,1.0,0
2024-03-02 01:00,462.0,6,1.0,0
2024-03-02 02:00,462.0,6,1.0,0
2024-03-02 03:00,464.5,6,1.0,0
2024-03-02 04:00,464.7,6,1.0,0
2024-03-02 05:00,464.7,6,1.0,0
2024-03-02 06:00,464.7,6,1.0,0
2024-03-02 07:00,464.7,6,1.0,0
2024-03-02 08:00,464.7,6,1.0,0
2024-03-02 09:00,464.7,6,1.0,0
2024-03-02 10:00,464.9,6,1.0,0
2024-03-02 11:00,465.1,6,1.0,0
2024-03-02 12:00,465.3,6,1.0,0
2024-03-02 13:00,465.5,6,1.0,0
2024-03-02 14:00,465.5,6,1.0,0
2024-03-02 15:00,465.5,6,1.0,0
2024-03-02 16:00,465.5,6,1.0,0
2024-03-02 17:00,465.5,6,1.0,0
2024-03-02 18:00,465.5,6,1.0,0
2024-03-02 19:00,465.5,6,1.0,0
2024-03-02 20:00,465.5,6,1.0,0
2024-03-02 21:00,465.5,6,1.0,0
2024-03-02 22:00,465.5,6,1.0,0
2024-03-02 23:00,465.5,6,1.0,0
2024-03-03 00:00,465.5,6,1.0,0
2024-03-03 01:00,465.5,6,1.0,0
2024-03-03 02:00,465.5,6,1.0,0
2024-03-03 03:00,465.5,6,1.0,0
2024-03-03 04:00,465.5,6,1.0,0
2024-03-03 05:00,465.5,6,1.0,0
2024-03-03 06:00,465.5,6,1.0,0
2024-03-03 07:00,465.5,6,1.0,0
2024-03-03 08:00,465.5,6,1.0,0
2024-03-03 09:00,465.5,6,1.0,0
2024-03-03 10:00,465.5,6,1.0,0
2024-03-03 11:00,465.5,6,1.0,0
2024-03-03 12:00,465.5,6,1.0,0
2024-03-03 13:00,465.5,6,1.0,0
2024-03-03 14:00,465.5,6,1.0,0
2024-03-03 15:00,465.5,6,1.0,0
2024-03-03 16:00,465.5,6,1.0,0
2024-03-03 17:00,465.5,6,1.0,0
2024-03-03 18:00,465.5,6,1.0,0
2024-03-03 19:00,465.5,6,1.0,0
2024-03-03 20:00,465.5,6,1.0,0
2024-03-03 21:00,465.5,6,1.0,0
2024-03-03 22:00,465.5,6,1.0,0
2024-03-03 23:00,465.9,6,1.0,0
2024-03-04 00:00,466.5,6,1.0,0
2024-03-04 01:00,467.9,6,1.0,0
2024-03-04 02:00,468.5,6,1.0,0
2024-03-04 03:00,469.9,6,1.0,0
2024-03-04 04:00,471.7,6,1.0,0
2024-03-04 05:00,478.1,6,1.0,0
2024-03-04 06:00,479.1,6,1.0,0
2024-03-04 07:00,479.9,6,1.0,0
2024-03-04 08:00,480.1,6,1.0,0
2024-03-04 09:00,480.1,6,1.0,0
2024-03-04 10:00,480.1,6,1.0,0
2024-03-04 11:00,480.1,6,1.0,0
2024-03-04 12:00,480.9,6,1.0,0
2024-03-04 13:00,482.9,6,1.0,0
2024-03-04 14:00,482.9,6,1.0,0
2024-03-04 15:00,486.5,6,1.0,0
2024-03-04 16:00,486.9,6,1.0,0
2024-03-04 17:00,486.9,6,1.0,0
2024-03-04 18:00,487.1,6,1.0,0
2024-03-04 19:00,488.9,6,1.0,0
2024-03-04 20:00,489.7,6,1.0,0
2024-03-04 21:00,489.7,6,1.0,0
2024-03-04 22:00,489.7,6,1.0,0
2024-03-04 23:00,489.7,6,1.0,0
2024-03-05 00:00,490.3,6,1.0,0
2024-03-05 01:00,490.3,6,1.0,0
2024-03-05 02:00,490.5,6,1.0,0
2024-03-05 03:00,490.5,6,1.0,0
2024-03-05 04:00,490.7,6,1.0,0
2024-03-05 05:00,490.7,6,1.0,0
2024-03-05 06:00,490.7,6,1.0,0
2024-03-05 07:00,490.7,6,1.0,0
2024-03-05 08:00,490.7,6,1.0,0
2024-03-05 09:00,490.7,6,1.0,0
2024-03-05 10:00,490.7,6,1.0,0
2024-03-05 11:00,490.7,6,1.0,0
2024-03-05 12:00,490.7,6,1.0,0
2024-03-05 13:00,490.7,6,1.0,0
2024-03-05 14:00,490.7,6,1.0,0
2024-03-05 15:00,490.7,6,1.0,0
2024-03-05 16:00,490.7,6,1.0,0
2024-03-05 17:00,490.7,6,1.0,0
2024-03-05 18:00,490.7,6,1.0,0
2024-03-05 19:00,490.7,6,1.0,0
2024-03-05 20:00,490.7,6,1.0,0
2024-03-05 21:00,490.7,6,1.0,0
2024-03-05 22:00,490.7,6,1.0,0
2024-03-05 23:00,490.7,6,1.0,0
2024-03-06 00:00,490.7,6,1.0,0
2024-03-06 01:00,490.7,6,1.0,0
2024-03-06 02:00,490.7,6,1.0,0
2024-03-06 03:00,490.7,6,1.0,0
2024-03-06 04:00,490.9,6,1.0,0
2024-03-06 05:00,490.9,6,1.0,0
2024-03-06 06:00,490.9,6,1.0,0
2024-03-06 07:00,490.9,6,1.0,0
2024-03-06 08:00,490.9,6,1.0,0
2024-03-06 09:00,490.9,6,1.0,0
2024-03-06 10:00,490.9,6,1.0,0
2024-03-06 11:00,490.9,6,1.0,0
2024-03-06 12:00,490.9,6,1.0,0
2024-03-06 13:00,490.9,6,1.0,0
2024-03-06 14:00,490.9,6,1.0,0
2024-03-06 15:00,490.9,6,1.0,0
2024-03-06 16:00,491.5,6,1.0,0
2024-03-06 17:00,493.9,6,1.0,0
2024-03-06 18:00,496.1,6,1.0,0
2024-03-06 19:00,496.5,6,1.0,0
2024-03-06 20:00,499.7,6,1.0,0
2024-03-06 21:00,501.3,6,1.0,0
2024-03-06 22:00,502.3,6,1.0,0
2024-03-06 23:00,502.3,6,1.0,0
2024-03-07 00:00,502.5,6,1.0,0
2024-03-07 01:00,502.5,6,1.0,0
2024-03-07 02:00,502.5,6,1.0,0
2024-03-07 03:00,502.5,6,1.0,0
2024-03-07 04:00,502.5,6,1.0,0
2024-03-07 05:00,502.5,6,1.0,0
2024-03-07 06:00,502.5,6,1.0,0
2024-03-07 07:00,502.5,6,1.0,0
2024-03-07 08:00,502.5,6,1.0,0
2024-03-07 09:00,502.5,6,1.0,0
2024-03-07 10:00,502.5,6,1.0,0
2024-03-07 11:00,502.5,6,1.0,0
2024-03-07 12:00,503.3,6,1.0,0
2024-03-07 13:00,503.3,6,1.0,0
2024-03-07 14:00,503.3,6,1.0,0
2024-03-07 15:00,503.3,6,1.0,0
2024-03-07 16:00,503.3,6,1.0,0
2024-03-07 17:00,503.3,6,1.0,0
2024-03-07 18:00,503.3,6,1.0,0
2024-03-07 19:00,503.3,6,1.0,0
2024-03-07 20:00,503.3,6,1.0,0
2024-03-07 21:00,503.3,6,1.0,0
2024-03-07 22:00,503.3,6,1.0,0
2024-03-07 23:00,503.3,6,1.0,0
2024-03-08 00:00,503.3,6,1.0,0
2024-03-08 01:00,503.3,6,1.0,0
2024-03-08 02:00,503.3,6,1.0,0
2024-03-08 03:00,503.3,6,1.0,0
2024-03-08 04:00,503.3,6,1.0,0
2024-03-08 05:00,503.3,6,1.0,0
2024-03-08 06:00,503.3,6,1.0,0
2024-03-08 07:00,503.3,6,1.0,0
2024-03-08 08:00,503.3,6,1.0,0
2024-03-08 09:00,503.3,6,1.0,0
2024-03-08 10:00,503.3,6,1.0,0
2024-03-08 11:00,503.3,6,1.0,0
2024-03-08 12:00,503.3,6,1.0,0
2024-03-08 13:00,503.3,6,1.0,0
2024-03-08 14:00,503.3,6,1.0,0
2024-03-08 15:00,503.3,6,1.0,0
2024-03-08 16:00,503.3,6,1.0,0
2024-03-08 17:00,503.3,6,1.0,0
2024-03-08 18:00,503.3,6,1.0,0
2024-03-08 19:00,503.3,6,1.0,0
2024-03-08 20:00,503.3,6,1.0,0
2024-03-08 21:00,503.3,6,1.0,0
2024-03-08 22:00,503.5,6,1.0,0
2024-03-08 23:00,503.5,6,1.0,0
2024-03-09 00:00,503.5,6,1.0,0
2024-03-09 01:00,505.3,6,1.0,0
2024-03-09 02:00,505.7,6,1.0,0
2024-03-09 03:00,505.7,6,1.0,0
2024-03-09 04:00,505.7,6,1.0,0
2024-03-09 05:00,505.9,6,1.0,0
2024-03-09 06:00,506.5,6,1.0,0
2024-03-09 07:00,511.0,6,1.0,0
2024-03-09 08:00,519.5,6,1.0,0
2024-03-09 09:00,522.4,6,1.0,0
2024-03-09 10:00,522.6,6,1.0,0
2024-03-09 11:00,526.2,6,1.0,0
2024-03-09 12:00,526.4,6,1.0,0
2024-03-09 13:00,526.8,6,1.0,0
2024-03-09 14:00,526.8,6,1.0,0
2024-03-09 15:00,527.0,6,1.0,0
2024-03-09 16:00,527.2,6,1.0,0
2024-03-09 17:00,528.0,6,1.0,0
2024-03-09 18:00,528.0,6,1.0,0
2024-03-09 19:00,528.2,6,1.0,0
2024-03-09 20:00,528.2,6,1.0,0
2024-03-09 21:00,528.2,6,1.0,0
2024-03-09 22:00,528.2,6,1.0,0
2024-03-09 23:00,528.2,6,1.0,0
2024-03-10 00:00,528.2,6,1.0,0
2024-03-10 01:00,528.2,6,1.0,0
2024-03-10 02:00,528.2,6,1.0,0
2024-03-10 03:00,528.2,6,1.0,0
2024-03-10 04:00,528.2,6,1.0,0
2024-03-10 05:00,528.2,6,1.0,0
2024-03-10 06:00,528.2,6,1.0,0
2024-03-10 07:00,528.2,6,1.0,0
2024-03-10 08:00,528.2,6,1.0,0
2024-03-10 09:00,528.2,6,1.0,0
2024-03-10 10:00,528.2,6,1.0,0
2024-03-10 11:00,528.2,6,1.0,0
2024-03-10 12:00,528.2,6,1.0,0
2024-03-10 13:00,528.2,6,1.0,0
2024-03-10 14:00,528.2,6,1.0,0
2024-03-10 15:00,528.2,6,1.0,0
2024-03-10 16:00,528.2,6,1.0,0
2024-03-10 17:00,528.2,6,1.0,0
2024-03-10 18:00,528.2,6,1.0,0
2024-03-10 19:00,528.2,6,1.0,0
2024-03-10 20:00,528.2,6,1.0,0
2024-03-10 21:00,528.2,6,1.0,0
2024-03-10 22:00,528.2,6,1.0,0
2024-03-10 23:00,537.2,6,1.0,0
2024-03-11 00:00,538.8,6,1.0,0
2024-03-11 01:00,538.8,6,1.0,0
2024-03-11 02:00,540.2,6,1.0,0
2024-03-11 03:00,542.0,6,1.0,0
2024-03-11 04:00,542.4,6,1.0,0
2024-03-11 05:00,542.8,6,1.0,0
2024-03-11 06:00,545.6,6,1.0,0
2024-03-11 07:00,548.6,6,1.0,0
2024-03-11 08:00,549.4,6,1.0,0
2024-03-11 09:00,549.4,6,1.0,0
2024-03-11 10:00,549.4,6,1.0,0
2024-03-11 11:00,549.4,6,1.0,0
2024-03-11 12:00,549.4,6,1.0,0
2024-03-11 13:00,555.2,6,1.0,0
2024-03-11 14:00,556.0,6,1.0,0
2024-03-11 15:00,556.0,6,1.0,0
2024-03-11 16:00,567.0,6,1.0,0
2024-03-11 17:00,570.6,6,1.0,0
2024-03-11 18:00,573.0,6,1.0,0
2024-03-11 19:00,573.4,6,1.0,0
2024-03-11 20:00,574.2,6,1.0,0
2024-03-11 21:00,577.0,6,1.0,0
2024-03-11 22:00,580.0,6,1.0,0
2024-03-11 23:00,580.2,6,1.0,0
2024-03-12 00:00,580.2,6,1.0,0
2024-03-12 01:00,580.2,6,1.0,0
2024-03-12 02:00,580.4,6,1.0,0
2024-03-12 03:00,580.4,6,1.0,0
2024-03-12 04:00,580.4,6,1.0,0
2024-03-12 05:00,580.6,6,1.0,0
2024-03-12 06:00,581.8,6,1.0,0
2024-03-12 07:00,582.6,6,1.0,0
2024-03-12 08:00,583.2,6,1.0,0
2024-03-12 09:00,583.2,6,1.0,0
2024-03-12 10:00,583.2,6,1.0,0
2024-03-12 11:00,583.2,6,1.0,0
2024-03-12 12:00,583.2,6,1.0,0
2024-03-12 13:00,583.2,6,1.0,0
2024-03-12 14:00,583.4,6,1.0,0
2024-03-12 15:00,583.4,6,1.0,0
2024-03-12 16:00,583.4,6,1.0,0
2024-03-12 17:00,585.6,6,1.0,0
2024-03-12 18:00,585.6,6,1.0,0
2024-03-12 19:00,585.6,6,1.0,0
2024-03-12 20:00,585.6,6,1.0,0
2024-03-12 21:00,585.6,6,1.0,0
2024-03-12 22:00,585.6,6,1.0,0
2024-03-12 23:00,585.6,6,1.0,0
2024-03-13 00:00,585.6,6,1.0,0
2024-03-13 01:00,585.6,6,1.0,0
2024-03-13 02:00,585.8,6,1.0,0
2024-03-13 03:00,585.8,6,1.0,0
2024-03-13 04:00,585.8,6,1.0,0
2024-03-13 05:00,585.8,6,1.0,0
2024-03-13 06:00,585.8,6,1.0,0
2024-03-13 07:00,585.8,6,1.0,0
2024-03-13 08:00,585.8,6,1.0,0
2024-03-13 09:00,585.8,6,1.0,0
2024-03-13 10:00,585.8,6,1.0,0
2024-03-13 11:00,585.8,6,1.0,0
2024-03-13 12:00,585.8,6,1.0,0
2024-03-13 13:00,585.8,6,1.0,0
2024-03-13 14:00,585.8,6,1.0,0
2024-03-13 15:00,585.8,6,1.0,0
2024-03-13 16:00,585.8,6,1.0,0
2024-03-13 17:00,586.0,6,1.0,0
2024-03-13 18:00,586.0,6,1.0,0
2024-03-13 19:00,586.0,6,1.0,0
2024-03-13 20:00,586.0,6,1.0,0
2024-03-13 21:00,586.0,6,1.0,0
2024-03-13 22:00,586.0,6,1.0,0
2024-03-13 23:00,586.0,6,1.0,0
2024-03-14 00:00,586.0,6,1.0,0
2024-03-14 01:00,586.0,6,1.0,0
2024-03-14 02:00,586.0,6,1.0,0
2024-03-14 03:00,586.0,6,1.0,0
2024-03-14 04:00,586.0,6,1.0,0
2024-03-14 05:00,586.0,6,1.0,0
2024-03-14 06:00,586.0,6,1.0,0
2024-03-14 07:00,586.0,6,1.0,0
2024-03-14 08:00,586.0,6,1.0,0
2024-03-14 09:00,586.0,6,1.0,0
2024-03-14 10:00,586.0,6,1.0,0
2024-03-14 11:00,586.0,6,1.0,0
2024-03-14 12:00,586.0,6,1.0,0
2024-03-14 13:00,586.0,6,1.0,0
2024-03-14 14:00,586.0,6,1.0,0
2024-03-14 15:00,586.0,6,1.0,0
2024-03-14 16:00,586.0,6,1.0,0
2024-03-14 17:00,586.0,6,1.0,0
2024-03-14 18:00,586.0,6,1.0,0
2024-03-14 19:00,586.0,6,1.0,0
2024-03-14 20:00,586.0,6,1.0,0
2024-03-14 21:00,586.0,6,1.0,0
2024-03-14 22:00,586.0,6,1.0,0
2024-03-14 23:00,586.0,6,1.0,0
2024-03-15 00:00,586.0,6,1.0,0
2024-03-15 01:00,586.0,6,1.0,0
2024-03-15 02:00,586.0,6,1.0,0
2024-03-15 03:00,586.0,6,1.0,0
2024-03-15 04:00,586.0,6,1.0,0
2024-03-15 05:00,586.0,6,1.0,0
2024-03-15 06:00,586.0,6,1.0,0
2024-03-15 07:00,586.0,6,1.0,0
2024-03-15 08:00,586.0,6,1.0,0
2024-03-15 09:00,586.0,6,1.0,0
2024-03-15 10:00,586.0,6,1.0,0
2024-03-15 11:00,586.0,6,1.0,0
2024-03-15 12:00,586.0,6,1.0,0
2024-03-15 13:00,586.0,6,1.0,0
2024-03-15 14:00,586.0,6,1.0,0
2024-03-15 15:00,586.0,6,1.0,0
2024-03-15 16:00,586.0,6,1.0,0
2024-03-15 17:00,586.0,6,1.0,0
2024-03-15 18:00,586.0,6,1.0,0
2024-03-15 19:00,586.0,6,1.0,0
2024-03-15 20:00,586.0,6,1.0,0
2024-03-15 21:00,586.0,6,1.0,0
2024-03-15 22:00,586.0,6,1.0,0
2024-03-15 23:00,586.0,6,1.0,0
2024-03-16 00:00,586.0,6,1.0,0
2024-03-16 01:00,586.0,6,1.0,0
2024-03-16 02:00,586.0,6,1.0,0
2024-03-16 03:00,586.0,6,1.0,0
2024-03-16 04:00,586.0,6,1.0,0
2024-03-16 05:00,586.0,6,1.0,0
2024-03-16 06:00,586.0,6,1.0,0
2024-03-16 07:00,586.0,6,1.0,0
2024-03-16 08:00,586.2,6,1.0,0
2024-03-16 09:00,586.2,6,1.0,0
2024-03-16 10:00,586.2,6,1.0,0
2024-03-16 11:00,586.4,6,1.0,0
2024-03-16 12:00,586.4,6,1.0,0
2024-03-16 13:00,586.4,6,1.0,0
2024-03-16 14:00,586.4,6,1.0,0
2024-03-16 15:00,586.4,6,1.0,0
2024-03-16 16:00,586.4,6,1.0,0
2024-03-16 17:00,586.4,6,1.0,0
2024-03-16 18:00,586.4,6,1.0,0
2024-03-16 19:00,587.0,6,1.0,0
2024-03-16 20:00,590.8,6,1.0,0
2024-03-16 21:00,591.0,6,1.0,0
2024-03-16 22:00,591.0,6,1.0,0
2024-03-16 23:00,591.0,6,1.0,0
2024-03-17 00:00,591.0,6,1.0,0
2024-03-17 01:00,591.0,6,1.0,0
2024-03-17 02:00,591.2,6,1.0,0
2024-03-17 03:00,591.2,6,1.0,0
2024-03-17 04:00,591.2,6,1.0,0
2024-03-17 05:00,591.2,6,1.0,0
2024-03-17 06:00,591.2,6,1.0,0
2024-03-17 07:00,591.2,6,1.0,0
2024-03-17 08:00,591.2,6,1.0,0
2024-03-17 09:00,591.2,6,1.0,0
2024-03-17 10:00,591.2,6,1.0,0
2024-03-17 11:00,591.2,6,1.0,0
2024-03-17 12:00,591.2,6,1.0,0
2024-03-17 13:00,591.2,6,1.0,0
2024-03-17 14:00,591.2,6,1.0,0
2024-03-17 15:00,591.2,6,1.0,0
2024-03-17 16:00,591.2,6,1.0,0
2024-03-17 17:00,591.2,6,1.0,0
2024-03-17 18:00,591.2,6,1.0,0
2024-03-17 19:00,591.2,6,1.0,0
2024-03-17 20:00,591.2,6,1.0,0
2024-03-17 21:00,591.2,6,1.0,0
2024-03-17 22:00,591.2,6,1.0,0
2024-03-17 23:00,591.2,6,1.0,0
2024-03-18 00:00,591.2,6,1.0,0
2024-03-18 01:00,591.2,6,1.0,0
2024-03-18 02:00,591.2,6,1.0,0
2024-03-18 03:00,591.2,6,1.0,0
2024-03-18 04:00,591.2,6,1.0,0
2024-03-18 05:00,591.2,6,1.0,0
2024-03-18 06:00,591.2,6,1.0,0
2024-03-18 07:00,591.2,6,1.0,0
2024-03-18 08:00,591.2,6,1.0,0
2024-03-18 09:00,591.2,6,1.0,0
2024-03-18 10:00,591.2,6,1.0,0
2024-03-18 11:00,591.2,6,1.0,0
2024-03-18 12:00,591.2,6,1.0,0
2024-03-18 13:00,591.2,6,1.0,0
2024-03-18 14:00,591.2,6,1.0,0
2024-03-18 15:00,591.2,6,1.0,0
2024-03-18 16:00,591.2,6,1.0,0
2024-03-18 17:00,591.2,6,1.0,0
2024-03-18 18:00,591.2,6,1.0,0
2024-03-18 19:00,591.2,6,1.0,0
2024-03-18 20:00,591.2,6,1.0,0
2024-03-18 21:00,591.2,6,1.0,0
2024-03-18 22:00,591.8,6,1.0,0
2024-03-18 23:00,591.8,6,1.0,0
2024-03-19 00:00,591.8,6,1.0,0
2024-03-19 01:00,591.8,6,1.0,0
2024-03-19 02:00,591.8,6,1.0,0
2024-03-19 03:00,591.8,6,1.0,0
2024-03-19 04:00,591.8,6,1.0,0
2024-03-19 05:00,591.8,6,1.0,0
2024-03-19 06:00,591.8,6,1.0,0
2024-03-19 07:00,592.0,5,0.833,0
2024-03-21 00:00,592.0,6,1.0,1
2024-03-21 01:00,592.0,6,1.0,1
2024-03-21 02:00,592.0,6,1.0,1
2024-03-21 03:00,592.0,6,1.0,1
2024-03-21 04:00,592.0,6,1.0,1
2024-03-21 05:00,592.0,6,1.0,1
2024-03-21 06:00,592.0,6,1.0,1
2024-03-21 07:00,592.0,6,1.0,1
2024-03-21 08:00,592.0,6,1.0,1
2024-03-21 09:00,592.0,6,1.0,1
2024-03-21 10:00,592.0,6,1.0,1
2024-03-21 11:00,592.0,6,1.0,1
2024-03-21 12:00,592.0,6,1.0,1
2024-03-21 13:00,592.0,6,1.0,1
2024-03-21 14:00,592.0,6,1.0,1
2024-03-21 15:00,592.0,6,1.0,1
2024-03-21 16:00,592.0,6,1.0,1
2024-03-21 17:00,592.0,6,1.0,1
2024-03-21 18:00,592.0,6,1.0,1
2024-03-21 19:00,592.0,6,1.0,1
2024-03-21 20:00,592.0,6,1.0,1
2024-03-21 21:00,592.0,6,1.0,1
2024-03-21 22:00,592.0,6,1.0,1
2024-03-21 23:00,592.0,6,1.0,1
2024-03-22 00:00,592.0,6,1.0,1
2024-03-22 01:00,592.0,6,1.0,1
2024-03-22 02:00,592.0,6,1.0,1
2024-03-22 03:00,592.0,6,1.0,1
2024-03-22 04:00,592.0,6,1.0,1
2024-03-22 05:00,592.0,6,1.0,1
2024-03-22 06:00,592.0,6,1.0,1
2024-03-22 07:00,592.0,6,1.0,1
2024-03-22 08:00,592.0,6,1.0,1
2024-03-22 09:00,592.0,6,1.0,1
2024-03-22 10:00,592.0,6,1.0,1
2024-03-22 11:00,592.0,6,1.0,1
2024-03-22 12:00,592.0,6,1.0,1
2024-03-22 13:00,592.0,6,1.0,1
2024-03-22 14:00,592.0,6,1.0,1
2024-03-22 15:00,592.0,6,1.0,1
2024-03-22 16:00,592.0,6,1.0,1
2024-03-22 17:00,592.0,6,1.0,1
2024-03-22 18:00,592.0,6,1.0,1
2024-03-22 19:00,592.0,6,1.0,1
2024-03-22 20:00,592.0,6,1.0,1
2024-03-22 21:00,592.0,6,1.0,1
2024-03-22 22:00,592.0,6,1.0,1
2024-03-22 23:00,592.0,6,1.0,1
2024-03-23 00:00,592.0,6,1.0,1
2024-03-23 01:00,592.0,6,1.0,1
2024-03-23 02:00,592.0,6,1.0,1
2024-03-23 03:00,592.0,6,1.0,1
2024-03-23 04:00,592.0,6,1.0,1
2024-03-23 05:00,592.0,6,1.0,1
2024-03-23 06:00,592.0,6,1.0,1
2024-03-23 07:00,592.0,6,1.0,1
2024-03-23 08:00,592.0,6,1.0,1
2024-03-23 09:00,592.0,6,1.0,1
2024-03-23 10:00,592.0,6,1.0,1
2024-03-23 11:00,592.0,6,1.0,1
2024-03-23 12:00,592.0,6,1.0,1
2024-03-23 13:00,592.0,6,1.0,1
2024-03-23 14:00,592.0,6,1.0,1
2024-03-23 15:00,592.0,6,1.0,1
2024-03-23 16:00,592.0,6,1.0,1
2024-03-23 17:00,592.0,6,1.0,1
2024-03-23 18:00,592.0,6,1.0,1
2024-03-23 19:00,592.0,6,1.0,1
2024-03-23 20:00,592.0,6,1.0,1
2024-03-23 21:00,592.0,6,1.0,1
2024-03-23 22:00,592.0,6,1.0,1
2024-03-23 23:00,592.0,6,1.0,1
2024-03-24 00:00,592.0,6,1.0,1
2024-03-24 01:00,592.0,6,1.0,1
2024-03-24 02:00,592.0,6,1.0,1
2024-03-24 03:00,592.0,6,1.0,1
2024-03-24 04:00,592.0,6,1.0,1
2024-03-24 05:00,592.0,6,1.0,1
2024-03-24 06:00,592.0,6,1.0,1
2024-03-24 07:00,592.0,6,1.0,1
2024-03-24 08:00,592.0,6,1.0,1
2024-03-24 09:00,592.0,6,1.0,1
2024-03-24 10:00,592.0,6,1.0,1
2024-03-24 11:00,592.0,6,1.0,1
2024-03-24 12:00,592.0,6,1.0,1
2024-03-24 13:00,592.0,6,1.0,1
2024-03-24 14:00,592.0,6,1.0,1
2024-03-24 15:00,592.0,6,1.0,1
2024-03-24 16:00,592.0,6,1.0,1
2024-03-24 17:00,592.0,6,1.0,1
2024-03-24 18:00,592.0,6,1.0,1
2024-03-24 19:00,592.0,6,1.0,1
2024-03-24 20:00,592.0,6,1.0,1
2024-03-24 21:00,592.0,6,1.0,1
2024-03-24 22:00,592.0,6,1.0,1
2024-03-24 23:00,592.0,6,1.0,1
2024-03-25 00:00,592.0,6,1.0,1
2024-03-25 01:00,592.0,6,1.0,1
2024-03-25 02:00,592.0,6,1.0,1
2024-03-25 03:00,592.0,6,1.0,1
2024-03-25 04:00,592.0,6,1.0,1
2024-03-25 05:00,592.0,6,1.0,1
2024-03-25 06:00,592.0,6,1.0,1
2024-03-25 07:00,592.0,6,1.0,1
2024-03-25 08:00,592.0,6,1.0,1
2024-03-25 09:00,592.0,6,1.0,1
2024-03-25 10:00,592.0,6,1.0,1
2024-03-25 11:00,592.0,6,1.0,1
2024-03-25 12:00,592.0,6,1.0,1
2024-03-25 13:00,592.0,6,1.0,1
2024-03-25 14:00,592.0,6,1.0,1
2024-03-25 15:00,592.0,6,1.0,1
2024-03-25 16:00,592.0,6,1.0,1
2024-03-25 17:00,592.0,6,1.0,1
2024-03-25 18:00,592.0,6,1.0,1
2024-03-25 19:00,592.0,6,1.0,1
2024-03-25 20:00,592.0,6,1.0,1
2024-03-25 21:00,592.0,6,1.0,1
2024-03-25 22:00,592.0,6,1.0,1
2024-03-25 23:00,592.0,6,1.0,1
2024-03-26 00:00,592.0,6,1.0,1
2024-03-26 01:00,592.0,6,1.0,1
2024-03-26 02:00,592.0,6,1.0,1
2024-03-26 03:00,592.0,6,1.0,1
2024-03-26 04:00,592.0,6,1.0,1
2024-03-26 05:00,592.0,6,1.0,1
2024-03-26 06:00,592.0,6,1.0,1
2024-03-26 07:00,592.0,6,1.0,1
2024-03-26 08:00,592.0,6,1.0,1
2024-03-26 09:00,592.0,6,1.0,1
2024-03-26 10:00,592.8,6,1.0,1
2024-03-26 11:00,593.0,6,1.0,1
2024-03-26 12:00,594.6,6,1.0,1
2024-03-26 13:00,596.0,6,1.0,1
2024-03-26 14:00,597.0,6,1.0,1
2024-03-26 15:00,597.0,6,1.0,1
2024-03-26 16:00,599.4,6,1.0,1
2024-03-26 17:00,601.4,6,1.0,1
2024-03-26 18:00,601.4,6,1.0,1
2024-03-26 19:00,601.4,6,1.0,1
2024-03-26 20:00,601.4,6,1.0,1
2024-03-26 21:00,601.6,6,1.0,1
2024-03-26 22:00,601.6,6,1.0,1
2024-03-26 23:00,601.6,6,1.0,1
2024-03-27 00:00,601.6,6,1.0,1
2024-03-27 01:00,601.6,6,1.0,1
2024-03-27 02:00,601.6,6,1.0,1
2024-03-27 03:00,601.6,6,1.0,1
2024-03-27 04:00,601.6,6,1.0,1
2024-03-27 05:00,601.6,6,1.0,1
2024-03-27 06:00,601.6,6,1.0,1
2024-03-27 07:00,601.6,6,1.0,1
2024-03-27 08:00,601.6,6,1.0,1
2024-03-27 09:00,601.6,6,1.0,1
2024-03-27 10:00,601.6,6,1.0,1
2024-03-27 11:00,601.6,6,1.0,1
2024-03-27 12:00,601.6,6,1.0,1
2024-03-27 13:00,601.8,6,1.0,1
2024-03-27 14:00,603.2,6,1.0,1
2024-03-27 15:00,610.1,6,1.0,1
2024-03-27 16:00,617.7,6,1.0,1
2024-03-27 17:00,620.1,6,1.0,1
2024-03-27 18:00,620.9,6,1.0,1
2024-03-27 19:00,620.9,6,1.0,1
2024-03-27 20:00,621.1,6,1.0,1
2024-03-27 21:00,621.1,6,1.0,1
2024-03-27 22:00,621.1,6,1.0,1
2024-03-27 23:00,621.1,6,1.0,1
2024-03-28 00:00,621.1,6,1.0,1
2024-03-28 01:00,621.1,6,1.0,1
2024-03-28 02:00,621.1,6,1.0,1
2024-03-28 03:00,621.1,6,1.0,1
2024-03-28 04:00,621.1,6,1.0,1
2024-03-28 05:00,621.1,6,1.0,1
2024-03-28 06:00,621.1,6,1.0,1
2024-03-28 07:00,621.1,6,1.0,1
2024-03-28 08:00,621.1,6,1.0,1
2024-03-28 09:00,621.1,6,1.0,1
2024-03-28 10:00,621.1,6,1.0,1
2024-03-28 11:00,621.1,6,1.0,1
2024-03-28 12:00,621.1,6,1.0,1
2024-03-28 13:00,621.1,6,1.0,1
2024-03-28 14:00,621.1,6,1.0,1
2024-03-28 15:00,621.1,6,1.0,1
2024-03-28 16:00,621.1,6,1.0,1
2024-03-28 17:00,621.1,6,1.0,1
2024-03-28 18:00,621.1,6,1.0,1
2024-03-28 19:00,621.1,6,1.0,1
2024-03-28 20:00,621.3,6,1.0,1
2024-03-28 21:00,621.3,6,1.0,1
2024-03-28 22:00,621.3,6,1.0,1
2024-03-28 23:00,621.3,6,1.0,1
2024-03-29 00:00,621.3,6,1.0,1
2024-03-29 01:00,621.3,6,1.0,1
2024-03-29 02:00,621.3,6,1.0,1
2024-03-29 03:00,621.3,6,1.0,1
2024-03-29 04:00,621.3,6,1.0,1
2024-03-29 05:00,621.3,6,1.0,1
2024-03-29 06:00,621.3,6,1.0,1
2024-03-29 07:00,621.3,6,1.0,1
2024-03-29 08:00,621.3,6,1.0,1
2024-03-29 09:00,621.3,6,1.0,1
2024-03-29 10:00,621.3,6,1.0,1
2024-03-29 11:00,621.3,6,1.0,1
2024-03-29 12:00,621.3,6,1.0,1
2024-03-29 13:00,621.3,6,1.0,1
2024-03-29 14:00,621.3,6,1.0,1
2024-03-29 15:00,621.3,6,1.0,1
2024-03-29 16:00,621.3,6,1.0,1
2024-03-29 17:00,621.3,6,1.0,1
2024-03-29 18:00,621.3,6,1.0,1
2024-03-29 19:00,621.3,6,1.0,1
2024-03-29 20:00,621.3,6,1.0,1
2024-03-29 21:00,621.3,6,1.0,1
2024-03-29 22:00,621.3,6,1.0,1
2024-03-29 23:00,621.3,6,1.0,1
2024-03-30 00:00,621.3,6,1.0,1
2024-03-30 01:00,621.3,6,1.0,1
2024-03-30 02:00,621.3,6,1.0,1
2024-03-30 03:00,621.3,6,1.0,1
2024-03-30 04:00,621.3,6,1.0,1
2024-03-30 05:00,621.3,6,1.0,1
2024-03-30 06:00,621.3,6,1.0,1
2024-03-30 07:00,621.3,6,1.0,1
2024-03-30 08:00,621.3,6,1.0,1
2024-03-30 09:00,621.3,6,1.0,1
2024-03-30 10:00,621.3,6,1.0,1
2024-03-30 11:00,621.3,6,1.0,1
2024-03-30 12:00,621.3,6,1.0,1
2024-03-30 13:00,621.3,6,1.0,1
2024-03-30 14:00,621.3,6,1.0,1
2024-03-30 15:00,621.3,6,1.0,1
2024-03-30 16:00,621.3,6,1.0,1
2024-03-30 17:00,621.3,6,1.0,1
2024-03-30 18:00,621.3,6,1.0,1
2024-03-30 19:00,621.3,6,1.0,1
2024-03-30 20:00,621.3,6,1.0,1
2024-03-30 21:00,621.3,6,1.0,1
2024-03-30 22:00,621.3,6,1.0,1
2024-03-30 23:00,621.3,6,1.0,1
2024-03-31 00:00,621.3,6,1.0,1
2024-03-31 01:00,621.3,5,0.833,1
2024-03-31 02:00,621.3,1,0.167,1
2024-03-31 03:00,621.3,6,1.0,1
2024-03-31 04:00,621.3,6,1.0,1
2024-03-31 05:00,621.3,6,1.0,1
2024-03-31 06:00,621.3,6,1.0,1
2024-03-31 07:00,621.3,6,1.0,1
2024-03-31 08:00,621.3,6,1.0,1
2024-03-31 09:00,621.3,6,1.0,1
2024-03-31 10:00,621.3,6,1.0,1
2024-03-31 11:00,621.3,6,1.0,1
2024-03-31 12:00,621.3,6,1.0,1
2024-03-31 13:00,621.3,6,1.0,1
2024-03-31 14:00,621.3,6,1.0,1
2024-03-31 15:00,621.3,6,1.0,1
2024-03-31 16:00,621.3,6,1.0,1
2024-03-31 17:00,621.3,6,1.0,1
2024-03-31 18:00,621.3,6,1.0,1
2024-03-31 19:00,621.3,6,1.0,1
2024-03-31 20:00,621.3,6,1.0,1
2024-03-31 21:00,621.3,6,1.0,1
2024-03-31 22:00,621.3,6,1.0,1
2024-03-31 23:00,621.3,6,1.0,1
2024-04-01 00:00,621.3,6,1.0,1
2024-04-01 01:00,621.3,6,1.0,1
2024-04-01 02:00,621.3,6,1.0,1
2024-04-01 03:00,621.3,6,1.0,1
2024-04-01 04:00,621.3,6,1.0,1
2024-04-01 05:00,621.3,6,1.0,1
2024-04-01 06:00,621.3,6,1.0,1
2024-04-01 07:00,621.3,6,1.0,1
2024-04-01 08:00,621.3,6,1.0,1
2024-04-01 09:00,621.3,6,1.0,1
2024-04-01 10:00,621.3,6,1.0,1
2024-04-01 11:00,621.3,6,1.0,1
2024-04-01 12:00,621.3,6,1.0,1
2024-04-01 13:00,621.3,6,1.0,1
2024-04-01 14:00,621.3,6,1.0,1
2024-04-01 15:00,621.3,6,1.0,1
2024-04-01 16:00,621.3,6,1.0,1
2024-04-01 17:00,621.3,6,1.0,1
2024-04-01 18:00,621.3,6,1.0,1
2024-04-01 19:00,621.9,6,1.0,1
2024-04-01 20:00,623.9,6,1.0,1
2024-04-01 21:00,624.1,6,1.0,1
2024-04-01 22:00,624.3,6,1.0,1
2024-04-01 23:00,624.3,6,1.0,1
2024-04-02 00:00,624.3,6,1.0,1
2024-04-02 01:00,624.3,6,1.0,1
2024-04-02 02:00,624.3,6,1.0,1
2024-04-02 03:00,624.3,6,1.0,1
2024-04-02 04:00,624.3,6,1.0,1
2024-04-02 05:00,624.3,6,1.0,1
2024-04-02 06:00,624.3,6,1.0,1
2024-04-02 07:00,624.3,6,1.0,1
2024-04-02 08:00,624.3,6,1.0,1
2024-04-02 09:00,624.3,6,1.0,1
2024-04-02 10:00,624.3,6,1.0,1
2024-04-02 11:00,624.3,6,1.0,1
2024-04-02 12:00,624.3,6,1.0,1
2024-04-02 13:00,624.3,6,1.0,1
2024-04-02 14:00,624.3,6,1.0,1
2024-04-02 15:00,624.3,6,1.0,1
2024-04-02 16:00,624.3,6,1.0,1
2024-04-02 17:00,624.3,6,1.0,1
2024-04-02 18:00,624.3,6,1.0,1
2024-04-02 19:00,624.3,6,1.0,1
2024-04-02 20:00,624.3,6,1.0,1
2024-04-02 21:00,624.3,6,1.0,1
2024-04-02 22:00,624.3,6,1.0,1
2024-04-02 23:00,624.3,6,1.0,1
2024-04-03 00:00,624.3,6,1.0,1
2024-04-03 01:00,624.3,6,1.0,1
2024-04-03 02:00,624.3,6,1.0,1
2024-04-03 03:00,624.3,6,1.0,1
2024-04-03 04:00,624.3,6,1.0,1
2024-04-03 05:00,624.3,6,1.0,1
2024-04-03 06:00,624.3,6,1.0,1
2024-04-03 07:00,624.3,6,1.0,1
2024-04-03 08:00,624.3,6,1.0,1
2024-04-03 09:00,624.3,6,1.0,1
2024-04-03 10:00,624.3,6,1.0,1
2024-04-03 11:00,624.3,6,1.0,1
2024-04-03 12:00,624.3,6,1.0,1
2024-04-03 13:00,624.3,6,1.0,1
2024-04-03 14:00,624.3,6,1.0,1
2024-04-03 15:00,624.3,6,1.0,1
2024-04-03 16:00,624.3,6,1.0,1
2024-04-03 17:00,624.3,6,1.0,1
2024-04-03 18:00,624.3,6,1.0,1
2024-04-03 19:00,624.3,6,1.0,1
2024-04-03 20:00,624.3,6,1.0,1
2024-04-03 21:00,624.3,6,1.0,1
2024-04-03 22:00,624.3,6,1.0,1
2024-04-03 23:00,624.3,6,1.0,1
2024-04-04 00:00,624.3,6,1.0,1
2024-04-04 01:00,624.3,6,1.0,1
2024-04-04 02:00,624.3,6,1.0,1
2024-04-04 03:00,624.3,6,1.0,1
2024-04-04 04:00,624.3,6,1.0,1
2024-04-04 05:00,624.3,6,1.0,1
2024-04-04 06:00,624.3,6,1.0,1
2024-04-04 07:00,624.3,6,1.0,1
2024-04-04 08:00,624.3,6,1.0,1
2024-04-04 09:00,624.3,6,1.0,1
2024-04-04 10:00,624.3,6,1.0,1
2024-04-04 11:00,624.3,6,1.0,1
2024-04-04 12:00,624.3,6,1.0,1
2024-04-04 13:00,624.3,5,0.833,1
2024-04-04 14:00,624.3,5,0.833,1
2024-04-04 15:00,624.3,6,1.0,1
2024-04-04 16:00,624.3,6,1.0,1
2024-04-04 17:00,624.3,6,1.0,1
2024-04-04 18:00,624.3,6,1.0,1
2024-04-04 19:00,624.3,6,1.0,1
2024-04-04 20:00,624.3,6,1.0,1
2024-04-04 21:00,624.3,6,1.0,1
2024-04-04 22:00,624.3,6,1.0,1
2024-04-04 23:00,624.3,6,1.0,1
2024-04-05 00:00,624.3,6,1.0,1
2024-04-05 01:00,624.3,6,1.0,1
2024-04-05 02:00,624.3,6,1.0,1
2024-04-05 03:00,624.3,6,1.0,1
2024-04-05 04:00,624.3,6,1.0,1
2024-04-05 05:00,624.3,6,1.0,1
2024-04-05 06:00,624.3,6,1.0,1
2024-04-05 07:00,624.3,6,1.0,1
2024-04-05 08:00,624.3,6,1.0,1
2024-04-05 09:00,624.3,6,1.0,1
2024-04-05 10:00,624.3,6,1.0,1
2024-04-05 11:00,624.3,6,1.0,1
2024-04-05 12:00,624.3,6,1.0,1
2024-04-05 13:00,624.3,6,1.0,1
2024-04-05 14:00,624.3,6,1.0,1
2024-04-05 15:00,624.3,6,1.0,1
2024-04-05 16:00,624.3,6,1.0,1
2024-04-05 17:00,624.3,6,1.0,1
2024-04-05 18:00,624.3,6,1.0,1
2024-04-05 19:00,624.3,6,1.0,1
2024-04-05 20:00,624.3,6,1.0,1
2024-04-05 21:00,624.3,6,1.0,1
2024-04-05 22:00,624.3,6,1.0,1
2024-04-05 23:00,624.3,6,1.0,1
2024-04-06 00:00,624.3,6,1.0,1
2024-04-06 01:00,624.3,6,1.0,1
2024-04-06 02:00,624.3,6,1.0,1
2024-04-06 03:00,624.3,6,1.0,1
2024-04-06 04:00,624.3,6,1.0,1
2024-04-06 05:00,624.3,6,1.0,1
2024-04-06 06:00,624.3,6,1.0,1
2024-04-06 07:00,624.3,6,1.0,1
2024-04-06 08:00,624.3,6,1.0,1
2024-04-06 09:00,624.3,6,1.0,1
2024-04-06 10:00,624.3,6,1.0,1
2024-04-06 11:00,624.3,6,1.0,1
2024-04-06 12:00,624.3,6,1.0,1
2024-04-06 13:00,624.3,6,1.0,1
2024-04-06 14:00,624.3,6,1.0,1
2024-04-06 15:00,624.3,6,1.0,1
2024-04-06 16:00,624.3,6,1.0,1
2024-04-06 17:00,624.3,6,1.0,1
2024-04-06 18:00,624.3,6,1.0,1
2024-04-06 19:00,624.3,6,1.0,1
2024-04-06 20:00,624.3,6,1.0,1
2024-04-06 21:00,624.3,6,1.0,1
2024-04-06 22:00,624.3,6,1.0,1
2024-04-06 23:00,624.3,6,1.0,1
2024-04-07 00:00,624.3,6,1.0,1
2024-04-07 01:00,624.3,6,1.0,1
2024-04-07 02:00,624.3,6,1.0,1
2024-04-07 03:00,624.3,6,1.0,1
2024-04-07 04:00,624.3,6,1.0,1
2024-04-07 05:00,624.3,6,1.0,1
2024-04-07 06:00,624.3,6,1.0,1
2024-04-07 07:00,624.3,6,1.0,1
2024-04-07 08:00,624.3,6,1.0,1
2024-04-07 09:00,624.3,6,1.0,1
2024-04-07 10:00,624.3,6,1.0,1
2024-04-07 11:00,624.3,6,1.0,1
2024-04-07 12:00,624.3,6,1.0,1
2024-04-07 13:00,624.3,6,1.0,1
2024-04-07 14:00,624.3,6,1.0,1
2024-04-07 15:00,624.3,6,1.0,1
2024-04-07 16:00,624.3,6,1.0,1
2024-04-07 17:00,624.3,6,1.0,1
2024-04-07 18:00,624.3,6,1.0,1
2024-04-07 19:00,624.3,6,1.0,1
2024-04-07 20:00,624.3,6,1.0,1
2024-04-07 21:00,624.3,6,1.0,1
2024-04-07 22:00,624.3,6,1.0,1
2024-04-07 23:00,624.3,6,1.0,1
2024-04-08 00:00,624.3,6,1.0,1
2024-04-08 01:00,624.3,6,1.0,1
2024-04-08 02:00,624.3,6,1.0,1
2024-04-08 03:00,624.3,6,1.0,1
2024-04-08 04:00,624.3,6,1.0,1
2024-04-08 05:00,624.3,6,1.0,1
2024-04-08 06:00,624.3,6,1.0,1
2024-04-08 07:00,624.3,6,1.0,1
2024-04-08 08:00,624.3,6,1.0,1
2024-04-08 09:00,624.3,6,1.0,1
2024-04-08 10:00,624.3,6,1.0,1
2024-04-08 11:00,624.3,6,1.0,1
2024-04-08 12:00,624.3,6,1.0,1
2024-04-08 13:00,624.3,6,1.0,1
2024-04-08 14:00,624.3,6,1.0,1
2024-04-08 15:00,624.3,6,1.0,1
2024-04-08 16:00,624.3,6,1.0,1
2024-04-08 17:00,624.3,6,1.0,1
2024-04-08 18:00,624.3,6,1.0,1
2024-04-08 19:00,624.3,6,1.0,1
2024-04-08 20:00,624.3,6,1.0,1
2024-04-08 21:00,624.3,6,1.0,1
2024-04-08 22:00,624.3,6,1.0,1
2024-04-08 23:00,624.3,6,1.0,1
2024-04-09 00:00,624.3,6,1.0,1
2024-04-09 01:00,624.3,6,1.0,1
2024-04-09 02:00,624.3,6,1.0,1
2024-04-09 03:00,624.3,6,1.0,1
2024-04-09 04:00,624.3,6,1.0,1
2024-04-09 05:00,624.3,6,1.0,1
2024-04-09 06:00,624.3,6,1.0,1
2024-04-09 07:00,624.3,6,1.0,1
2024-04-09 08:00,624.3,6,1.0,1
2024-04-09 09:00,624.3,6,1.0,1
2024-04-09 10:00,624.3,6,1.0,1
2024-04-09 11:00,624.3,6,1.0,1
2024-04-09 12:00,624.3,6,1.0,1
2024-04-09 13:00,624.3,6,1.0,1
2024-04-09 14:00,624.3,6,1.0,1
2024-04-09 15:00,624.3,6,1.0,1
2024-04-09 16:00,624.3,6,1.0,1
2024-04-09 17:00,624.3,6,1.0,1
2024-04-09 18:00,624.3,6,1.0,1
2024-04-09 19:00,624.3,6,1.0,1
2024-04-09 20:00,624.3,6,1.0,1
2024-04-09 21:00,624.3,6,1.0,1
2024-04-09 22:00,624.3,6,1.0,1
2024-04-09 23:00,624.3,6,1.0,1
2024-04-10 00:00,624.3,6,1.0,1
2024-04-10 01:00,624.3,6,1.0,1
2024-04-10 02:00,624.3,6,1.0,1
2024-04-10 03:00,624.3,6,1.0,1
2024-04-10 04:00,624.3,6,1.0,1
2024-04-10 05:00,624.7,6,1.0,1
2024-04-10 06:00,626.7,6,1.0,1
2024-04-10 07:00,627.1,6,1.0,1
2024-04-10 08:00,627.1,6,1.0,1
2024-04-10 09:00,627.1,6,1.0,1
2024-04-10 10:00,627.1,6,1.0,1
2024-04-10 11:00,627.1,6,1.0,1
2024-04-10 12:00,627.1,6,1.0,1
2024-04-10 13:00,627.1,6,1.0,1
2024-04-10 14:00,627.1,6,1.0,1
2024-04-10 15:00,627.1,6,1.0,1
2024-04-10 16:00,627.1,6,1.0,1
2024-04-10 17:00,627.1,6,1.0,1
2024-04-10 18:00,627.1,6,1.0,1
2024-04-10 19:00,627.1,6,1.0,1
2024-04-10 20:00,627.1,6,1.0,1
2024-04-10 21:00,627.1,6,1.0,1
2024-04-10 22:00,627.1,6,1.0,1
2024-04-10 23:00,627.1,6,1.0,1
2024-04-11 00:00,627.1,6,1.0,1
2024-04-11 01:00,627.1,6,1.0,1
2024-04-11 02:00,627.1,6,1.0,1
2024-04-11 03:00,627.1,6,1.0,1
2024-04-11 04:00,627.1,6,1.0,1
2024-04-11 05:00,627.1,6,1.0,1
2024-04-11 06:00,627.1,6,1.0,1
2024-04-11 07:00,627.1,6,1.0,1
2024-04-11 08:00,627.1,6,1.0,1
2024-04-11 09:00,627.1,6,1.0,1
2024-04-11 10:00,627.1,6,1.0,1
2024-04-11 11:00,627.1,6,1.0,1
2024-04-11 12:00,627.1,6,1.0,1
2024-04-11 13:00,627.1,6,1.0,1
2024-04-11 14:00,627.1,6,1.0,1
2024-04-11 15:00,627.1,6,1.0,1
2024-04-11 16:00,627.1,6,1.0,1
2024-04-11 17:00,627.1,6,1.0,1
2024-04-11 18:00,627.1,6,1.0,1
2024-04-11 19:00,627.1,6,1.0,1
2024-04-11 20:00,627.1,6,1.0,1
2024-04-11 21:00,627.1,6,1.0,1
2024-04-11 22:00,627.1,6,1.0,1
2024-04-11 23:00,627.1,6,1.0,1
2024-04-12 00:00,627.1,6,1.0,1
2024-04-12 01:00,627.1,6,1.0,1
2024-04-12 02:00,627.1,6,1.0,1
2024-04-12 03:00,627.1,6,1.0,1
2024-04-12 04:00,627.1,6,1.0,1
2024-04-12 05:00,627.1,6,1.0,1
2024-04-12 06:00,627.1,6,1.0,1
2024-04-12 07:00,627.1,6,1.0,1
2024-04-12 08:00,627.1,6,1.0,1
2024-04-12 09:00,627.1,6,1.0,1
2024-04-12 10:00,627.1,6,1.0,1
2024-04-12 11:00,627.1,6,1.0,1
2024-04-12 12:00,627.1,6,1.0,1
2024-04-12 13:00,627.1,6,1.0,1
2024-04-12 14:00,627.1,6,1.0,1
2024-04-12 15:00,627.1,6,1.0,1
2024-04-12 16:00,627.1,6,1.0,1
2024-04-12 17:00,627.1,6,1.0,1
2024-04-12 18:00,627.1,6,1.0,1
2024-04-12 19:00,627.1,6,1.0,1
2024-04-12 20:00,627.1,6,1.0,1
2024-04-12 21:00,627.1,6,1.0,1
2024-04-12 22:00,627.1,6,1.0,1
2024-04-12 23:00,627.1,6,1.0,1
2024-04-13 00:00,627.1,6,1.0,1
2024-04-13 01:00,627.1,6,1.0,1
2024-04-13 02:00,627.1,6,1.0,1
2024-04-13 03:00,627.1,6,1.0,1
2024-04-13 04:00,627.1,6,1.0,1
2024-04-13 05:00,627.1,6,1.0,1
2024-04-13 06:00,627.1,6,1.0,1
2024-04-13 07:00,627.1,6,1.0,1
2024-04-13 08:00,627.1,6,1.0,1
2024-04-13 09:00,627.1,6,1.0,1
2024-04-13 10:00,627.1,6,1.0,1
2024-04-13 11:00,627.1,6,1.0,1
2024-04-13 12:00,627.1,6,1.0,1
2024-04-13 13:00,627.1,6,1.0,1
2024-04-13 14:00,627.1,6,1.0,1
2024-04-13 15:00,627.1,6,1.0,1
2024-04-13 16:00,627.1,6,1.0,1
2024-04-13 17:00,627.1,6,1.0,1
2024-04-13 18:00,627.1,6,1.0,1
2024-04-13 19:00,627.1,6,1.0,1
2024-04-13 20:00,627.1,6,1.0,1
2024-04-13 21:00,627.1,6,1.0,1
2024-04-13 22:00,627.1,6,1.0,1
2024-04-13 23:00,627.1,6,1.0,1
2024-04-14 00:00,627.1,6,1.0,1
2024-04-14 01:00,627.1,6,1.0,1
2024-04-14 02:00,627.1,6,1.0,1
2024-04-14 03:00,627.1,6,1.0,1
2024-04-14 04:00,627.1,6,1.0,1
2024-04-14 05:00,627.1,6,1.0,1
2024-04-14 06:00,627.1,6,1.0,1
2024-04-14 07:00,627.1,6,1.0,1
2024-04-14 08:00,627.1,6,1.0,1
2024-04-14 09:00,627.1,6,1.0,1
2024-04-14 10:00,627.1,6,1.0,1
2024-04-14 11:00,627.1,6,1.0,1
2024-04-14 12:00,627.1,6,1.0,1
2024-04-14 13:00,627.1,6,1.0,1
2024-04-14 14:00,627.1,6,1.0,1
2024-04-14 15:00,627.1,6,1.0,1
2024-04-14 16:00,627.1,6,1.0,1
2024-04-14 17:00,627.1,6,1.0,1
2024-04-14 18:00,627.1,6,1.0,1
2024-04-14 19:00,627.1,6,1.0,1
2024-04-14 20:00,627.1,6,1.0,1
2024-04-14 21:00,627.1,6,1.0,1
2024-04-14 22:00,627.1,6,1.0,1
2024-04-14 23:00,627.1,6,1.0,1
2024-04-15 00:00,627.1,6,1.0,1
2024-04-15 01:00,627.1,6,1.0,1
2024-04-15 02:00,627.1,6,1.0,1
2024-04-15 03:00,627.1,6,1.0,1
2024-04-15 04:00,627.1,6,1.0,1
2024-04-15 05:00,627.1,6,1.0,1
2024-04-15 06:00,627.1,6,1.0,1
2024-04-15 07:00,627.1,6,1.0,1
2024-04-15 08:00,627.1,6,1.0,1
2024-04-15 09:00,627.1,6,1.0,1
2024-04-15 10:00,627.1,6,1.0,1
2024-04-15 11:00,627.1,6,1.0,1
2024-04-15 12:00,627.1,6,1.0,1
2024-04-15 13:00,627.1,6,1.0,1
2024-04-15 14:00,627.1,6,1.0,1
2024-04-15 15:00,627.1,6,1.0,1
2024-04-15 16:00,627.1,6,1.0,1
2024-04-15 17:00,627.1,6,1.0,1
2024-04-15 18:00,627.1,6,1.0,1
2024-04-15 19:00,627.1,6,1.0,1
2024-04-15 20:00,627.1,6,1.0,1
2024-04-15 21:00,627.1,6,1.0,1
2024-04-15 22:00,627.1,6,1.0,1
2024-04-15 23:00,627.1,6,1.0,1
2024-04-16 00:00,627.1,6,1.0,1
2024-04-16 01:00,627.1,6,1.0,1
2024-04-16 02:00,627.1,6,1.0,1
2024-04-16 03:00,627.1,6,1.0,1
2024-04-16 04:00,627.1,6,1.0,1
2024-04-16 05:00,627.1,6,1.0,1
2024-04-16 06:00,627.1,6,1.0,1
2024-04-16 07:00,627.1,6,1.0,1
2024-04-16 08:00,627.1,6,1.0,1
2024-04-16 09:00,627.1,6,1.0,1
2024-04-16 10:00,627.1,6,1.0,1
2024-04-16 11:00,627.1,6,1.0,1
2024-04-16 12:00,627.1,6,1.0,1
2024-04-16 13:00,627.1,6,1.0,1
2024-04-16 14:00,627.1,6,1.0,1
2024-04-16 15:00,627.1,6,1.0,1
2024-04-16 16:00,627.1,6,1.0,1
2024-04-16 17:00,627.1,6,1.0,1
2024-04-16 18:00,635.5,6,1.0,1
2024-04-16 19:00,641.5,6,1.0,1
2024-04-16 20:00,648.8,6,1.0,1
2024-04-16 21:00,649.4,6,1.0,1
2024-04-16 22:00,649.6,6,1.0,1
2024-04-16 23:00,649.8,6,1.0,1
2024-04-17 00:00,649.8,6,1.0,1
2024-04-17 01:00,650.0,6,1.0,1
2024-04-17 02:00,650.0,6,1.0,1
2024-04-17 03:00,650.0,6,1.0,1
2024-04-17 04:00,650.0,6,1.0,1
2024-04-17 05:00,650.0,6,1.0,1
2024-04-17 06:00,650.6,6,1.0,1
2024-04-17 07:00,652.8,6,1.0,1
2024-04-17 08:00,652.8,6,1.0,1
2024-04-17 09:00,653.0,6,1.0,1
2024-04-17 10:00,653.0,6,1.0,1
2024-04-17 11:00,653.0,6,1.0,1
2024-04-17 12:00,653.0,6,1.0,1
2024-04-17 13:00,653.0,6,1.0,1
2024-04-17 14:00,653.0,6,1.0,1
2024-04-17 15:00,653.0,6,1.0,1
2024-04-17 16:00,653.0,6,1.0,1
2024-04-17 17:00,653.0,6,1.0,1
2024-04-17 18:00,653.0,6,1.0,1
2024-04-17 19:00,653.0,6,1.0,1
2024-04-17 20:00,653.0,6,1.0,1
2024-04-17 21:00,653.0,6,1.0,1
2024-04-17 22:00,653.0,6,1.0,1
2024-04-17 23:00,653.0,6,1.0,1
2024-04-18 00:00,653.0,6,1.0,1
2024-04-18 01:00,653.0,6,1.0,1
2024-04-18 02:00,653.0,6,1.0,1
2024-04-18 03:00,653.0,6,1.0,1
2024-04-18 04:00,653.0,6,1.0,1
2024-04-18 05:00,653.0,6,1.0,1
2024-04-18 06:00,653.0,6,1.0,1
2024-04-18 07:00,653.0,6,1.0,1
2024-04-18 08:00,653.0,6,1.0,1
2024-04-18 09:00,653.0,6,1.0,1
2024-04-18 10:00,654.6,6,1.0,1
2024-04-18 11:00,655.6,6,1.0,1
2024-04-18 12:00,655.6,6,1.0,1
2024-04-18 13:00,655.6,6,1.0,1
2024-04-18 14:00,656.2,6,1.0,1
2024-04-18 15:00,656.4,6,1.0,1
2024-04-18 16:00,656.4,6,1.0,1
2024-04-18 17:00,656.4,6,1.0,1
2024-04-18 18:00,656.4,6,1.0,1
2024-04-18 19:00,656.4,6,1.0,1
2024-04-18 20:00,656.4,6,1.0,1
2024-04-18 21:00,656.4,6,1.0,1
2024-04-18 22:00,656.4,6,1.0,1
2024-04-18 23:00,656.4,6,1.0,1
2024-04-19 00:00,656.4,6,1.0,1
2024-04-19 01:00,665.2,6,1.0,1
2024-04-19 02:00,673.0,6,1.0,1
2024-04-19 03:00,673.2,6,1.0,1
2024-04-19 04:00,673.2,6,1.0,1
2024-04-19 05:00,673.2,6,1.0,1
2024-04-19 06:00,673.2,6,1.0,1
2024-04-19 07:00,673.2,6,1.0,1
2024-04-19 08:00,673.2,6,1.0,1
2024-04-19 09:00,673.2,6,1.0,1
2024-04-19 10:00,673.2,6,1.0,1
2024-04-19 11:00,673.2,6,1.0,1
2024-04-19 12:00,673.2,6,1.0,1
2024-04-19 13:00,673.2,6,1.0,1
2024-04-19 14:00,673.4,6,1.0,1
2024-04-19 15:00,673.6,6,1.0,1
2024-04-19 16:00,673.6,6,1.0,1
2024-04-19 17:00,673.6,6,1.0,1
2024-04-19 18:00,673.6,6,1.0,1
2024-04-19 19:00,673.6,6,1.0,1
2024-04-19 20:00,673.6,6,1.0,1
2024-04-19 21:00,673.6,6,1.0,1
2024-04-19 22:00,673.6,6,1.0,1
2024-04-19 23:00,673.6,6,1.0,1
2024-04-20 00:00,673.6,6,1.0,1
2024-04-20 01:00,673.6,6,1.0,1
2024-04-20 02:00,673.6,6,1.0,1
2024-04-20 03:00,673.6,6,1.0,1
2024-04-20 04:00,673.6,6,1.0,1
2024-04-20 05:00,673.6,6,1.0,1
2024-04-20 06:00,673.6,6,1.0,1
2024-04-20 07:00,673.6,6,1.0,1
2024-04-20 08:00,673.6,6,1.0,1
2024-04-20 09:00,673.6,6,1.0,1
2024-04-20 10:00,673.6,6,1.0,1
2024-04-20 11:00,674.2,6,1.0,1
2024-04-20 12:00,674.2,6,1.0,1
2024-04-20 13:00,675.0,6,1.0,1
2024-04-20 14:00,675.0,6,1.0,1
2024-04-20 15:00,675.0,6,1.0,1
2024-04-20 16:00,675.0,6,1.0,1
2024-04-20 17:00,675.0,6,1.0,1
2024-04-20 18:00,675.0,6,1.0,1
2024-04-20 19:00,675.0,6,1.0,1
2024-04-20 20:00,675.0,6,1.0,1
2024-04-20 21:00,675.0,6,1.0,1
2024-04-20 22:00,675.0,6,1.0,1
2024-04-20 23:00,675.0,6,1.0,1
2024-04-21 00:00,675.0,6,1.0,1
2024-04-21 01:00,675.0,6,1.0,1
2024-04-21 02:00,675.0,6,1.0,1
2024-04-21 03:00,675.0,6,1.0,1
2024-04-21 04:00,675.0,6,1.0,1
2024-04-21 05:00,675.0,6,1.0,1
2024-04-21 06:00,675.0,6,1.0,1
2024-04-21 07:00,675.0,6,1.0,1
2024-04-21 08:00,675.0,6,1.0,1
2024-04-21 09:00,675.0,6,1.0,1
2024-04-21 10:00,675.0,6,1.0,1
2024-04-21 11:00,675.0,6,1.0,1
2024-04-21 12:00,675.0,6,1.0,1
2024-04-21 13:00,675.0,6,1.0,1
2024-04-21 14:00,675.0,6,1.0,1
2024-04-21 15:00,675.0,6,1.0,1
2024-04-21 16:00,675.0,6,1.0,1
2024-04-21 17:00,675.0,6,1.0,1
2024-04-21 18:00,675.0,6,1.0,1
2024-04-21 19:00,675.0,6,1.0,1
2024-04-21 20:00,675.0,6,1.0,1
2024-04-21 21:00,675.0,6,1.0,1
2024-04-21 22:00,675.0,6,1.0,1
2024-04-21 23:00,675.0,6,1.0,1
2024-04-22 00:00,675.0,6,1.0,1
2024-04-22 01:00,675.0,6,1.0,1
2024-04-22 02:00,675.0,6,1.0,1
2024-04-22 03:00,675.0,6,1.0,1
2024-04-22 04:00,675.0,6,1.0,1
2024-04-22 05:00,675.0,6,1.0,1
2024-04-22 06:00,675.0,6,1.0,1
2024-04-22 07:00,675.0,6,1.0,1
2024-04-22 08:00,675.0,6,1.0,1
2024-04-22 09:00,675.0,6,1.0,1
2024-04-22 10:00,675.0,6,1.0,1
2024-04-22 11:00,675.0,6,1.0,1
2024-04-22 12:00,675.0,6,1.0,1
2024-04-22 13:00,675.0,6,1.0,1
2024-04-22 14:00,675.0,6,1.0,1
2024-04-22 15:00,675.0,6,1.0,1
2024-04-22 16:00,675.0,6,1.0,1
2024-04-22 17:00,675.0,6,1.0,1
2024-04-22 18:00,675.0,6,1.0,1
2024-04-22 19:00,675.0,6,1.0,1
2024-04-22 20:00,675.0,6,1.0,1
2024-04-22 21:00,675.0,6,1.0,1
2024-04-22 22:00,675.0,6,1.0,1
2024-04-22 23:00,675.0,6,1.0,1
2024-04-23 00:00,675.0,6,1.0,1
2024-04-23 01:00,675.0,6,1.0,1
2024-04-23 02:00,675.0,6,1.0,1
2024-04-23 03:00,675.0,6,1.0,1
2024-04-23 04:00,675.0,6,1.0,1
2024-04-23 05:00,675.0,6,1.0,1
2024-04-23 06:00,675.0,6,1.0,1
2024-04-23 07:00,675.0,6,1.0,1
2024-04-23 08:00,675.0,6,1.0,1
2024-04-23 09:00,675.0,6,1.0,1
2024-04-23 10:00,675.0,6,1.0,1
2024-04-23 11:00,675.0,6,1.0,1
2024-04-23 12:00,675.0,6,1.0,1
2024-04-23 13:00,675.0,6,1.0,1
2024-04-23 14:00,675.0,6,1.0,1
2024-04-23 15:00,675.0,6,1.0,1
2024-04-23 16:00,675.0,6,1.0,1
2024-04-23 17:00,675.0,6,1.0,1
2024-04-23 18:00,675.0,6,1.0,1
2024-04-23 19:00,675.0,6,1.0,1
2024-04-23 20:00,675.0,6,1.0,1
2024-04-23 21:00,675.0,6,1.0,1
2024-04-23 22:00,675.0,6,1.0,1
2024-04-23 23:00,675.0,6,1.0,1
2024-04-24 00:00,675.0,6,1.0,1
2024-04-24 01:00,675.0,6,1.0,1
2024-04-24 02:00,676.2,6,1.0,1
2024-04-24 03:00,676.6,6,1.0,1
2024-04-24 04:00,676.8,6,1.0,1
2024-04-24 05:00,678.0,6,1.0,1
2024-04-24 06:00,678.0,6,1.0,1
2024-04-24 07:00,678.0,6,1.0,1
2024-04-24 08:00,678.0,6,1.0,1
2024-04-24 09:00,678.0,6,1.0,1
2024-04-24 10:00,678.0,6,1.0,1
2024-04-24 11:00,683.1,6,1.0,1
2024-04-24 12:00,684.3,6,1.0,1
2024-04-24 13:00,684.5,6,1.0,1
2024-04-24 14:00,684.5,6,1.0,1
2024-04-24 15:00,684.9,6,1.0,1
2024-04-24 16:00,684.9,6,1.0,1
2024-04-24 17:00,684.9,6,1.0,1
2024-04-24 18:00,684.9,6,1.0,1
2024-04-24 19:00,684.9,6,1.0,1
2024-04-24 20:00,684.9,6,1.0,1
2024-04-24 21:00,684.9,6,1.0,1
2024-04-24 22:00,684.9,6,1.0,1
2024-04-24 23:00,684.9,6,1.0,1
2024-04-25 00:00,684.9,6,1.0,1
2024-04-25 01:00,684.9,6,1.0,1
2024-04-25 02:00,685.1,6,1.0,1
2024-04-25 03:00,685.1,6,1.0,1
2024-04-25 04:00,685.1,6,1.0,1
2024-04-25 05:00,685.1,6,1.0,1
2024-04-25 06:00,685.1,6,1.0,1
2024-04-25 07:00,685.1,6,1.0,1
2024-04-25 08:00,685.1,6,1.0,1
2024-04-25 09:00,685.1,6,1.0,1
2024-04-25 10:00,685.1,6,1.0,1
2024-04-25 11:00,687.3,6,1.0,1
2024-04-25 12:00,687.5,6,1.0,1
2024-04-25 13:00,687.5,6,1.0,1
2024-04-25 14:00,688.1,6,1.0,1
2024-04-25 15:00,688.1,6,1.0,1
2024-04-25 16:00,688.3,6,1.0,1
2024-04-25 17:00,688.3,6,1.0,1
2024-04-25 18:00,688.5,6,1.0,1
2024-04-25 19:00,688.5,6,1.0,1
2024-04-25 20:00,688.5,6,1.0,1
2024-04-25 21:00,688.5,6,1.0,1
2024-04-25 22:00,688.5,6,1.0,1
2024-04-25 23:00,688.5,6,1.0,1
2024-04-26 00:00,688.5,6,1.0,1
2024-04-26 01:00,691.5,6,1.0,1
2024-04-26 02:00,692.1,6,1.0,1
2024-04-26 03:00,692.1,6,1.0,1
2024-04-26 04:00,692.3,6,1.0,1
2024-04-26 05:00,692.5,6,1.0,1
2024-04-26 06:00,692.5,6,1.0,1
2024-04-26 07:00,692.5,6,1.0,1
2024-04-26 08:00,692.7,6,1.0,1
2024-04-26 09:00,693.1,6,1.0,1
2024-04-26 10:00,693.9,6,1.0,1
2024-04-26 11:00,694.1,6,1.0,1
2024-04-26 12:00,694.1,6,1.0,1
2024-04-26 13:00,694.7,6,1.0,1
2024-04-26 14:00,694.7,6,1.0,1
2024-04-26 15:00,694.7,6,1.0,1
2024-04-26 16:00,694.7,6,1.0,1
2024-04-26 17:00,694.7,6,1.0,1
2024-04-26 18:00,694.7,6,1.0,1
2024-04-26 19:00,694.7,6,1.0,1
2024-04-26 20:00,694.7,6,1.0,1
2024-04-26 21:00,694.7,6,1.0,1
2024-04-26 22:00,694.7,6,1.0,1
2024-04-26 23:00,694.7,6,1.0,1
2024-04-27 00:00,694.7,6,1.0,1
2024-04-27 01:00,694.7,6,1.0,1
2024-04-27 02:00,694.7,6,1.0,1
2024-04-27 03:00,694.7,6,1.0,1
2024-04-27 04:00,694.7,6,1.0,1
2024-04-27 05:00,694.7,6,1.0,1
2024-04-27 06:00,694.7,6,1.0,1
2024-04-27 07:00,694.7,6,1.0,1
2024-04-27 08:00,694.7,6,1.0,1
2024-04-27 09:00,694.7,6,1.0,1
2024-04-27 10:00,694.7,6,1.0,1
2024-04-27 11:00,694.7,6,1.0,1
2024-04-27 12:00,694.7,6,1.0,1
2024-04-27 13:00,694.7,6,1.0,1
2024-04-27 14:00,694.7,6,1.0,1
2024-04-27 15:00,694.7,6,1.0,1
2024-04-27 16:00,694.7,6,1.0,1
2024-04-27 17:00,694.7,6,1.0,1
2024-04-27 18:00,694.7,6,1.0,1
2024-04-27 19:00,694.7,6,1.0,1
2024-04-27 20:00,694.7,6,1.0,1
2024-04-27 21:00,694.7,6,1.0,1
2024-04-27 22:00,694.7,6,1.0,1
2024-04-27 23:00,694.7,6,1.0,1
2024-04-28 00:00,694.7,6,1.0,1
2024-04-28 01:00,694.7,6,1.0,1
2024-04-28 02:00,694.7,6,1.0,1
2024-04-28 03:00,694.7,6,1.0,1
2024-04-28 04:00,694.7,6,1.0,1
2024-04-28 05:00,694.7,6,1.0,1
2024-04-28 06:00,694.7,6,1.0,1
2024-04-28 07:00,694.7,6,1.0,1
2024-04-28 08:00,694.7,6,1.0,1
2024-04-28 09:00,694.7,6,1.0,1
2024-04-28 10:00,694.7,6,1.0,1
2024-04-28 11:00,694.7,6,1.0,1
2024-04-28 12:00,694.7,6,1.0,1
2024-04-28 13:00,694.7,6,1.0,1
2024-04-28 14:00,694.7,6,1.0,1
2024-04-28 15:00,694.7,6,1.0,1
2024-04-28 16:00,694.7,6,1.0,1
2024-04-28 17:00,694.7,6,1.0,1
2024-04-28 18:00,694.7,6,1.0,1
2024-04-28 19:00,694.7,6,1.0,1
2024-04-28 20:00,694.7,6,1.0,1
2024-04-28 21:00,694.7,6,1.0,1
2024-04-28 22:00,694.7,6,1.0,1
2024-04-28 23:00,694.7,6,1.0,1
2024-04-29 00:00,694.7,6,1.0,1
2024-04-29 01:00,694.7,6,1.0,1
2024-04-29 02:00,694.7,6,1.0,1
2024-04-29 03:00,694.7,6,1.0,1
2024-04-29 04:00,694.7,6,1.0,1
2024-04-29 05:00,694.7,6,1.0,1
2024-04-29 06:00,694.7,6,1.0,1
2024-04-29 07:00,694.7,6,1.0,1
2024-04-29 08:00,694.7,6,1.0,1
2024-04-29 09:00,694.7,6,1.0,1
2024-04-29 10:00,694.7,6,1.0,1
2024-04-29 11:00,694.7,6,1.0,1
2024-04-29 12:00,694.7,6,1.0,1
2024-04-29 13:00,694.7,6,1.0,1
2024-04-29 14:00,694.7,6,1.0,1
2024-04-29 15:00,694.7,6,1.0,1
2024-04-29 16:00,694.7,6,1.0,1
2024-04-29 17:00,694.9,6,1.0,1
2024-04-29 18:00,694.9,6,1.0,1
2024-04-29 19:00,694.9,6,1.0,1
2024-04-29 20:00,694.9,6,1.0,1
2024-04-29 21:00,694.9,6,1.0,1
2024-04-29 22:00,694.9,6,1.0,1
2024-04-29 23:00,694.9,6,1.0,1
2024-04-30 00:00,694.9,6,1.0,1
2024-04-30 01:00,694.9,6,1.0,1
2024-04-30 02:00,694.9,6,1.0,1
2024-04-30 03:00,694.9,6,1.0,1
2024-04-30 04:00,694.9,6,1.0,1
2024-04-30 05:00,694.9,6,1.0,1
2024-04-30 06:00,694.9,6,1.0,1
2024-04-30 07:00,694.9,6,1.0,1
2024-04-30 08:00,694.9,6,1.0,1
2024-04-30 09:00,694.9,6,1.0,1
2024-04-30 10:00,694.9,6,1.0,1
2024-04-30 11:00,694.9,6,1.0,1
2024-04-30 12:00,694.9,6,1.0,1
2024-04-30 13:00,694.9,6,1.0,1
2024-04-30 14:00,694.9,6,1.0,1
2024-04-30 15:00,694.9,6,1.0,1
2024-04-30 16:00,694.9,6,1.0,1
2024-04-30 17:00,694.9,6,1.0,1
2024-04-30 18:00,694.9,6,1.0,1
2024-04-30 19:00,694.9,6,1.0,1
2024-04-30 20:00,694.9,6,1.0,1
2024-04-30 21:00,694.9,6,1.0,1
2024-04-30 22:00,694.9,6,1.0,1
2024-04-30 23:00,694.9,6,1.0,1
2024-05-01 00:00,694.9,6,1.0,1
2024-05-01 01:00,694.9,6,1.0,1
2024-05-01 02:00,694.9,6,1.0,1
2024-05-01 03:00,694.9,6,1.0,1
2024-05-01 04:00,694.9,6,1.0,1
2024-05-01 05:00,694.9,6,1.0,1
2024-05-01 06:00,694.9,6,1.0,1
2024-05-01 07:00,694.9,6,1.0,1
2024-05-01 08:00,694.9,6,1.0,1
2024-05-01 09:00,694.9,6,1.0,1
2024-05-01 10:00,694.9,6,1.0,1
2024-05-01 11:00,695.5,6,1.0,1
2024-05-01 12:00,695.5,6,1.0,1
2024-05-01 13:00,695.5,6,1.0,1
2024-05-01 14:00,695.5,6,1.0,1
2024-05-01 15:00,695.5,6,1.0,1
2024-05-01 16:00,695.5,6,1.0,1
2024-05-01 17:00,695.5,6,1.0,1
2024-05-01 18:00,695.5,6,1.0,1
2024-05-01 19:00,695.5,6,1.0,1
2024-05-01 20:00,695.5,6,1.0,1
2024-05-01 21:00,695.5,6,1.0,1
2024-05-01 22:00,695.5,6,1.0,1
2024-05-01 23:00,695.5,6,1.0,1
2024-05-02 00:00,695.5,6,1.0,1
2024-05-02 01:00,695.5,6,1.0,1
2024-05-02 02:00,695.5,6,1.0,1
2024-05-02 03:00,695.5,6,1.0,1
2024-05-02 04:00,695.5,6,1.0,1
2024-05-02 05:00,695.5,6,1.0,1
2024-05-02 06:00,695.5,6,1.0,1
2024-05-02 07:00,695.7,6,1.0,1
2024-05-02 08:00,704.6,6,1.0,1
2024-05-02 09:00,704.8,6,1.0,1
2024-05-02 10:00,704.8,6,1.0,1
2024-05-02 11:00,704.8,6,1.0,1
2024-05-02 12:00,715.0,6,1.0,1
2024-05-02 13:00,717.8,6,1.0,1
2024-05-02 14:00,720.2,6,1.0,1
2024-05-02 15:00,723.2,6,1.0,1
2024-05-02 16:00,723.4,6,1.0,1
2024-05-02 17:00,723.4,6,1.0,1
2024-05-02 18:00,723.6,6,1.0,1
2024-05-02 19:00,723.6,6,1.0,1
2024-05-02 20:00,723.6,6,1.0,1
2024-05-02 21:00,723.6,6,1.0,1
2024-05-02 22:00,723.6,6,1.0,1
2024-05-02 23:00,723.6,6,1.0,1
2024-05-03 00:00,723.6,6,1.0,1
2024-05-03 01:00,723.6,6,1.0,1
2024-05-03 02:00,723.6,6,1.0,1
2024-05-03 03:00,723.6,6,1.0,1
2024-05-03 04:00,723.6,6,1.0,1
2024-05-03 05:00,723.6,6,1.0,1
2024-05-03 06:00,724.0,6,1.0,1
2024-05-03 07:00,724.2,6,1.0,1
2024-05-03 08:00,724.4,6,1.0,1
2024-05-03 09:00,724.4,6,1.0,1
2024-05-03 10:00,724.6,6,1.0,1
2024-05-03 11:00,725.2,6,1.0,1
2024-05-03 12:00,725.2,6,1.0,1
2024-05-03 13:00,725.2,6,1.0,1
2024-05-03 14:00,726.8,6,1.0,1
2024-05-03 15:00,727.8,6,1.0,1
2024-05-03 16:00,728.0,6,1.0,1
2024-05-03 17:00,728.0,6,1.0,1
2024-05-03 18:00,728.0,6,1.0,1
2024-05-03 19:00,728.0,6,1.0,1
2024-05-03 20:00,728.0,6,1.0,1
2024-05-03 21:00,728.0,6,1.0,1
2024-05-03 22:00,728.0,6,1.0,1
2024-05-03 23:00,728.0,6,1.0,1
2024-05-04 00:00,728.0,6,1.0,1
2024-05-04 01:00,728.0,6,1.0,1
2024-05-04 02:00,728.0,6,1.0,1
2024-05-04 03:00,728.0,6,1.0,1
2024-05-04 04:00,728.0,6,1.0,1
2024-05-04 05:00,728.0,6,1.0,1
2024-05-04 06:00,728.0,6,1.0,1
2024-05-04 07:00,728.0,6,1.0,1
2024-05-04 08:00,728.0,6,1.0,1
2024-05-04 09:00,728.0,6,1.0,1
2024-05-04 10:00,728.0,6,1.0,1
2024-05-04 11:00,728.0,6,1.0,1
2024-05-04 12:00,728.0,6,1.0,1
2024-05-04 13:00,728.0,6,1.0,1
2024-05-04 14:00,728.0,6,1.0,1
2024-05-04 15:00,728.0,6,1.0,1
2024-05-04 16:00,728.0,6,1.0,1
2024-05-04 17:00,728.0,6,1.0,1
2024-05-04 18:00,728.0,6,1.0,1
2024-05-04 19:00,728.0,6,1.0,1
2024-05-04 20:00,728.0,6,1.0,1
2024-05-04 21:00,728.0,6,1.0,1
2024-05-04 22:00,728.0,6,1.0,1
2024-05-04 23:00,728.0,6,1.0,1
2024-05-05 00:00,728.0,6,1.0,1
2024-05-05 01:00,728.0,6,1.0,1
2024-05-05 02:00,728.0,6,1.0,1
2024-05-05 03:00,728.0,6,1.0,1
2024-05-05 04:00,728.0,6,1.0,1
2024-05-05 05:00,728.0,6,1.0,1
2024-05-05 06:00,728.0,6,1.0,1
2024-05-05 07:00,728.0,6,1.0,1
2024-05-05 08:00,728.0,6,1.0,1
2024-05-05 09:00,728.0,6,1.0,1
2024-05-05 10:00,728.0,6,1.0,1
2024-05-05 11:00,728.0,6,1.0,1
2024-05-05 12:00,728.0,6,1.0,1
2024-05-05 13:00,728.0,6,1.0,1
2024-05-05 14:00,728.0,6,1.0,1
2024-05-05 15:00,728.0,6,1.0,1
2024-05-05 16:00,728.0,6,1.0,1
2024-05-05 17:00,728.0,6,1.0,1
2024-05-05 18:00,728.0,6,1.0,1
2024-05-05 19:00,728.0,6,1.0,1
2024-05-05 20:00,728.0,6,1.0,1
2024-05-05 21:00,728.0,6,1.0,1
2024-05-05 22:00,728.0,6,1.0,1
2024-05-05 23:00,728.0,6,1.0,1
2024-05-06 00:00,728.0,6,1.0,1
2024-05-06 01:00,728.0,6,1.0,1
2024-05-06 02:00,728.0,6,1.0,1
2024-05-06 03:00,728.0,6,1.0,1
2024-05-06 04:00,728.0,6,1.0,1
2024-05-06 05:00,728.0,6,1.0,1
2024-05-06 06:00,728.0,6,1.0,1
2024-05-06 07:00,728.0,6,1.0,1
2024-05-06 08:00,728.0,6,1.0,1
2024-05-06 09:00,728.0,6,1.0,1
2024-05-06 10:00,728.0,6,1.0,1
2024-05-06 11:00,728.0,6,1.0,1
2024-05-06 12:00,728.0,6,1.0,1
2024-05-06 13:00,728.0,6,1.0,1
2024-05-06 14:00,728.0,6,1.0,1
2024-05-06 15:00,728.0,6,1.0,1
2024-05-06 16:00,728.0,6,1.0,1
2024-05-06 17:00,728.0,6,1.0,1
2024-05-06 18:00,728.0,6,1.0,1
2024-05-06 19:00,728.0,6,1.0,1
2024-05-06 20:00,728.0,6,1.0,1
2024-05-06 21:00,728.0,6,1.0,1
2024-05-06 22:00,728.0,6,1.0,1
2024-05-06 23:00,728.0,6,1.0,1
2024-05-07 00:00,728.0,6,1.0,1
2024-05-07 01:00,728.0,6,1.0,1
2024-05-07 02:00,728.0,6,1.0,1
2024-05-07 03:00,728.0,6,1.0,1
2024-05-07 04:00,728.0,6,1.0,1
2024-05-07 05:00,728.0,6,1.0,1
2024-05-07 06:00,728.0,6,1.0,1
2024-05-07 07:00,728.0,6,1.0,1
2024-05-07 08:00,728.0,6,1.0,1
2024-05-07 09:00,728.0,6,1.0,1
2024-05-07 10:00,728.0,6,1.0,1
2024-05-07 11:00,728.0,6,1.0,1
2024-05-07 12:00,728.0,6,1.0,1
2024-05-07 13:00,728.0,6,1.0,1
2024-05-07 14:00,728.0,6,1.0,1
2024-05-07 15:00,728.0,6,1.0,1
2024-05-07 16:00,728.0,6,1.0,1
2024-05-07 17:00,728.0,6,1.0,1
2024-05-07 18:00,728.0,6,1.0,1
2024-05-07 19:00,728.0,6,1.0,1
2024-05-07 20:00,728.0,6,1.0,1
2024-05-07 21:00,728.0,6,1.0,1
2024-05-07 22:00,728.0,6,1.0,1
2024-05-07 23:00,728.0,6,1.0,1
2024-05-08 00:00,728.0,6,1.0,1
2024-05-08 01:00,728.0,6,1.0,1
2024-05-08 02:00,728.0,6,1.0,1
2024-05-08 03:00,728.0,6,1.0,1
2024-05-08 04:00,728.0,6,1.0,1
2024-05-08 05:00,728.0,6,1.0,1
2024-05-08 06:00,728.0,6,1.0,1
2024-05-08 07:00,728.0,6,1.0,1
2024-05-08 08:00,728.0,6,1.0,1
2024-05-08 09:00,728.0,6,1.0,1
2024-05-08 10:00,728.0,6,1.0,1
2024-05-08 11:00,728.0,6,1.0,1
2024-05-08 12:00,728.0,6,1.0,1
2024-05-08 13:00,728.0,6,1.0,1
2024-05-08 14:00,728.0,6,1.0,1
2024-05-08 15:00,728.6,6,1.0,1
2024-05-08 16:00,730.8,6,1.0,1
2024-05-08 17:00,731.2,6,1.0,1
2024-05-08 18:00,731.8,6,1.0,1
2024-05-08 19:00,732.0,6,1.0,1
2024-05-08 20:00,732.0,6,1.0,1
2024-05-08 21:00,732.0,6,1.0,1
2024-05-08 22:00,732.0,6,1.0,1
2024-05-08 23:00,732.0,6,1.0,1
2024-05-09 00:00,732.2,6,1.0,1
2024-05-09 01:00,732.2,6,1.0,1
2024-05-09 02:00,732.2,6,1.0,1
2024-05-09 03:00,732.2,6,1.0,1
2024-05-09 04:00,732.2,6,1.0,1
2024-05-09 05:00,732.2,6,1.0,1
2024-05-09 06:00,732.2,6,1.0,1
2024-05-09 07:00,732.2,6,1.0,1
2024-05-09 08:00,732.2,6,1.0,1
2024-05-09 09:00,732.2,6,1.0,1
2024-05-09 10:00,732.2,6,1.0,1
2024-05-09 11:00,732.2,6,1.0,1
2024-05-09 12:00,732.2,6,1.0,1
2024-05-09 13:00,732.2,6,1.0,1
2024-05-09 14:00,732.2,6,1.0,1
2024-05-09 15:00,732.2,6,1.0,1
2024-05-09 16:00,733.4,6,1.0,1
2024-05-09 17:00,733.8,6,1.0,1
2024-05-09 18:00,733.8,6,1.0,1
2024-05-09 19:00,733.8,6,1.0,1
2024-05-09 20:00,733.8,6,1.0,1
2024-05-09 21:00,733.8,6,1.0,1
2024-05-09 22:00,733.8,6,1.0,1
2024-05-09 23:00,733.8,6,1.0,1
2024-05-10 00:00,733.8,6,1.0,1
2024-05-10 01:00,733.8,6,1.0,1
2024-05-10 02:00,733.8,6,1.0,1
2024-05-10 03:00,733.8,6,1.0,1
2024-05-10 04:00,733.8,6,1.0,1
2024-05-10 05:00,733.8,6,1.0,1
2024-05-10 06:00,733.8,6,1.0,1
2024-05-10 07:00,733.8,6,1.0,1
2024-05-10 08:00,733.8,6,1.0,1
2024-05-10 09:00,733.8,6,1.0,1
2024-05-10 10:00,733.8,6,1.0,1
2024-05-10 11:00,733.8,6,1.0,1
2024-05-10 12:00,733.8,6,1.0,1
2024-05-10 13:00,733.8,6,1.0,1
2024-05-10 14:00,733.8,6,1.0,1
2024-05-10 15:00,733.8,6,1.0,1
2024-05-10 16:00,733.8,6,1.0,1
2024-05-10 17:00,733.8,6,1.0,1
2024-05-10 18:00,733.8,6,1.0,1
2024-05-10 19:00,733.8,6,1.0,1
2024-05-10 20:00,733.8,6,1.0,1
2024-05-10 21:00,733.8,6,1.0,1
2024-05-10 22:00,733.8,6,1.0,1
2024-05-10 23:00,733.8,6,1.0,1
2024-05-11 00:00,733.8,6,1.0,1
2024-05-11 01:00,733.8,6,1.0,1
2024-05-11 02:00,733.8,6,1.0,1
2024-05-11 03:00,733.8,6,1.0,1
2024-05-11 04:00,733.8,6,1.0,1
2024-05-11 05:00,733.8,6,1.0,1
2024-05-11 06:00,733.8,6,1.0,1
2024-05-11 07:00,733.8,6,1.0,1
2024-05-11 08:00,733.8,6,1.0,1
2024-05-11 09:00,733.8,6,1.0,1
2024-05-11 10:00,733.8,6,1.0,1
2024-05-11 11:00,733.8,6,1.0,1
2024-05-11 12:00,733.8,6,1.0,1
2024-05-11 13:00,733.8,6,1.0,1
2024-05-11 14:00,733.8,6,1.0,1
2024-05-11 15:00,733.8,6,1.0,1
2024-05-11 16:00,733.8,6,1.0,1
2024-05-11 17:00,733.8,6,1.0,1
2024-05-11 18:00,733.8,6,1.0,1
2024-05-11 19:00,733.8,6,1.0,1
2024-05-11 20:00,733.8,6,1.0,1
2024-05-11 21:00,733.8,6,1.0,1
2024-05-11 22:00,733.8,6,1.0,1
2024-05-11 23:00,733.8,6,1.0,1
2024-05-12 00:00,733.8,6,1.0,1
2024-05-12 01:00,733.8,6,1.0,1
2024-05-12 02:00,733.8,6,1.0,1
2024-05-12 03:00,733.8,6,1.0,1
2024-05-12 04:00,733.8,6,1.0,1
2024-05-12 05:00,733.8,6,1.0,1
2024-05-12 06:00,733.8,6,1.0,1
2024-05-12 07:00,733.8,6,1.0,1
2024-05-12 08:00,733.8,6,1.0,1
2024-05-12 09:00,733.8,6,1.0,1
2024-05-12 10:00,733.8,6,1.0,1
2024-05-12 11:00,733.8,6,1.0,1
2024-05-12 12:00,733.8,6,1.0,1
2024-05-12 13:00,733.8,6,1.0,1
2024-05-12 14:00,733.8,6,1.0,1
2024-05-12 15:00,733.8,6,1.0,1
2024-05-12 16:00,733.8,6,1.0,1
2024-05-12 17:00,733.8,6,1.0,1
2024-05-12 18:00,733.8,6,1.0,1
2024-05-12 19:00,733.8,6,1.0,1
2024-05-12 20:00,733.8,6,1.0,1
2024-05-12 21:00,733.8,6,1.0,1
2024-05-12 22:00,733.8,6,1.0,1
2024-05-12 23:00,733.8,6,1.0,1
2024-05-13 00:00,733.8,6,1.0,1
2024-05-13 01:00,733.8,6,1.0,1
2024-05-13 02:00,733.8,6,1.0,1
2024-05-13 03:00,733.8,6,1.0,1
2024-05-13 04:00,733.8,6,1.0,1
2024-05-13 05:00,733.8,6,1.0,1
2024-05-13 06:00,733.8,6,1.0,1
2024-05-13 07:00,733.8,6,1.0,1
2024-05-13 08:00,733.8,6,1.0,1
2024-05-13 09:00,733.8,6,1.0,1
2024-05-13 10:00,733.8,6,1.0,1
2024-05-13 11:00,733.8,6,1.0,1
2024-05-13 12:00,733.8,6,1.0,1
2024-05-13 13:00,733.8,6,1.0,1
2024-05-13 14:00,733.8,6,1.0,1
2024-05-13 15:00,733.8,6,1.0,1
2024-05-13 16:00,733.8,6,1.0,1
2024-05-13 17:00,733.8,6,1.0,1
2024-05-13 18:00,733.8,6,1.0,1
2024-05-13 19:00,733.8,6,1.0,1
2024-05-13 20:00,733.8,6,1.0,1
2024-05-13 21:00,733.8,6,1.0,1
2024-05-13 22:00,733.8,6,1.0,1
2024-05-13 23:00,733.8,6,1.0,1
2024-05-14 00:00,733.8,6,1.0,1
2024-05-14 01:00,733.8,6,1.0,1
2024-05-14 02:00,733.8,6,1.0,1
2024-05-14 03:00,733.8,6,1.0,1
2024-05-14 04:00,733.8,6,1.0,1
2024-05-14 05:00,733.8,6,1.0,1
2024-05-14 06:00,733.8,6,1.0,1
2024-05-14 07:00,733.8,6,1.0,1
2024-05-14 08:00,733.8,6,1.0,1
2024-05-14 09:00,733.8,6,1.0,1
2024-05-14 10:00,733.8,6,1.0,1
2024-05-14 11:00,733.8,6,1.0,1
2024-05-14 12:00,733.8,6,1.0,1
2024-05-14 13:00,733.8,6,1.0,1
2024-05-14 14:00,733.8,6,1.0,1
2024-05-14 15:00,733.8,6,1.0,1
2024-05-14 16:00,733.8,6,1.0,1
2024-05-14 17:00,733.8,6,1.0,1
2024-05-14 18:00,733.8,6,1.0,1
2024-05-14 19:00,733.8,6,1.0,1
2024-05-14 20:00,733.8,6,1.0,1
2024-05-14 21:00,733.8,6,1.0,1
2024-05-14 22:00,733.8,6,1.0,1
2024-05-14 23:00,733.8,6,1.0,1
2024-05-15 00:00,733.8,6,1.0,1
2024-05-15 01:00,733.8,6,1.0,1
2024-05-15 02:00,733.8,6,1.0,1
2024-05-15 03:00,733.8,6,1.0,1
2024-05-15 04:00,733.8,6,1.0,1
2024-05-15 05:00,733.8,6,1.0,1
2024-05-15 06:00,733.8,6,1.0,1
2024-05-15 07:00,733.8,6,1.0,1
2024-05-15 08:00,733.8,6,1.0,1
2024-05-15 09:00,733.8,6,1.0,1
2024-05-15 10:00,733.8,6,1.0,1
2024-05-15 11:00,733.8,6,1.0,1
2024-05-15 12:00,733.8,6,1.0,1
2024-05-15 13:00,733.8,6,1.0,1
2024-05-15 14:00,733.8,6,1.0,1
2024-05-15 15:00,733.8,6,1.0,1
2024-05-15 16:00,733.8,6,1.0,1
2024-05-15 17:00,733.8,6,1.0,1
2024-05-15 18:00,733.8,6,1.0,1
2024-05-15 19:00,733.8,6,1.0,1
2024-05-15 20:00,733.8,6,1.0,1
2024-05-15 21:00,733.8,6,1.0,1
2024-05-15 22:00,733.8,6,1.0,1
2024-05-15 23:00,733.8,6,1.0,1
2024-05-16 00:00,733.8,6,1.0,1
2024-05-16 01:00,733.8,6,1.0,1
2024-05-16 02:00,733.8,6,1.0,1
2024-05-16 03:00,733.8,6,1.0,1
2024-05-16 04:00,733.8,6,1.0,1
2024-05-16 05:00,733.8,6,1.0,1
2024-05-16 06:00,733.8,6,1.0,1
2024-05-16 07:00,733.8,6,1.0,1
2024-05-16 08:00,733.8,6,1.0,1
2024-05-16 09:00,733.8,6,1.0,1
2024-05-16 10:00,733.8,6,1.0,1
2024-05-16 11:00,733.8,6,1.0,1
2024-05-16 12:00,733.8,6,1.0,1
2024-05-16 13:00,733.8,6,1.0,1
2024-05-16 14:00,733.8,6,1.0,1
2024-05-16 15:00,733.8,6,1.0,1
2024-05-16 16:00,733.8,6,1.0,1
2024-05-16 17:00,733.8,6,1.0,1
2024-05-16 18:00,733.8,6,1.0,1
2024-05-16 19:00,733.8,6,1.0,1
2024-05-16 20:00,733.8,6,1.0,1
2024-05-16 21:00,733.8,6,1.0,1
2024-05-16 22:00,733.8,6,1.0,1
2024-05-16 23:00,733.8,6,1.0,1
2024-05-17 00:00,733.8,6,1.0,1
2024-05-17 01:00,733.8,6,1.0,1
2024-05-17 02:00,733.8,6,1.0,1
2024-05-17 03:00,733.8,6,1.0,1
2024-05-17 04:00,733.8,6,1.0,1
2024-05-17 05:00,733.8,6,1.0,1
2024-05-17 06:00,733.8,6,1.0,1
2024-05-17 07:00,733.8,6,1.0,1
2024-05-17 08:00,733.8,6,1.0,1
2024-05-17 09:00,733.8,6,1.0,1
2024-05-17 10:00,733.8,6,1.0,1
2024-05-17 11:00,733.8,6,1.0,1
2024-05-17 12:00,733.8,6,1.0,1
2024-05-17 13:00,733.8,6,1.0,1
2024-05-17 14:00,733.8,6,1.0,1
2024-05-17 15:00,733.8,6,1.0,1
2024-05-17 16:00,733.8,6,1.0,1
2024-05-17 17:00,733.8,6,1.0,1
2024-05-17 18:00,733.8,6,1.0,1
2024-05-17 19:00,733.8,6,1.0,1
2024-05-17 20:00,733.8,6,1.0,1
2024-05-17 21:00,733.8,6,1.0,1
2024-05-17 22:00,733.8,6,1.0,1
2024-05-17 23:00,733.8,6,1.0,1
2024-05-18 00:00,733.8,6,1.0,1
2024-05-18 01:00,733.8,6,1.0,1
2024-05-18 02:00,733.8,6,1.0,1
2024-05-18 03:00,733.8,6,1.0,1
2024-05-18 04:00,733.8,6,1.0,1
2024-05-18 05:00,733.8,6,1.0,1
2024-05-18 06:00,733.8,6,1.0,1
2024-05-18 07:00,733.8,6,1.0,1
2024-05-18 08:00,733.8,6,1.0,1
2024-05-18 09:00,734.6,6,1.0,1
2024-05-18 10:00,734.8,6,1.0,1
2024-05-18 11:00,734.8,6,1.0,1
2024-05-18 12:00,740.9,6,1.0,1
2024-05-18 13:00,743.5,6,1.0,1
2024-05-18 14:00,743.9,6,1.0,1
2024-05-18 15:00,744.1,6,1.0,1
2024-05-18 16:00,745.5,6,1.0,1
2024-05-18 17:00,746.7,6,1.0,1
2024-05-18 18:00,746.7,6,1.0,1
2024-05-18 19:00,746.9,6,1.0,1
2024-05-18 20:00,746.9,6,1.0,1
2024-05-18 21:00,746.9,6,1.0,1
2024-05-18 22:00,746.9,6,1.0,1
2024-05-18 23:00,746.9,6,1.0,1
2024-05-19 00:00,746.9,6,1.0,1
2024-05-19 01:00,746.9,6,1.0,1
2024-05-19 02:00,746.9,6,1.0,1
2024-05-19 03:00,746.9,6,1.0,1
2024-05-19 04:00,746.9,6,1.0,1
2024-05-19 05:00,746.9,6,1.0,1
2024-05-19 06:00,746.9,6,1.0,1
2024-05-19 07:00,746.9,6,1.0,1
2024-05-19 08:00,746.9,6,1.0,1
2024-05-19 09:00,746.9,6,1.0,1
2024-05-19 10:00,746.9,6,1.0,1
2024-05-19 11:00,746.9,6,1.0,1
2024-05-19 12:00,746.9,6,1.0,1
2024-05-19 13:00,746.9,6,1.0,1
2024-05-19 14:00,746.9,6,1.0,1
2024-05-19 15:00,746.9,6,1.0,1
2024-05-19 16:00,746.9,6,1.0,1
2024-05-19 17:00,746.9,6,1.0,1
2024-05-19 18:00,746.9,6,1.0,1
2024-05-19 19:00,746.9,6,1.0,1
2024-05-19 20:00,746.9,6,1.0,1
2024-05-19 21:00,746.9,6,1.0,1
2024-05-19 22:00,746.9,6,1.0,1
2024-05-19 23:00,746.9,6,1.0,1
2024-05-20 00:00,746.9,6,1.0,1
2024-05-20 01:00,746.9,6,1.0,1
2024-05-20 02:00,746.9,6,1.0,1
2024-05-20 03:00,746.9,6,1.0,1
2024-05-20 04:00,746.9,6,1.0,1
2024-05-20 05:00,746.9,6,1.0,1
2024-05-20 06:00,746.9,6,1.0,1
2024-05-20 07:00,746.9,6,1.0,1
2024-05-20 08:00,746.9,6,1.0,1
2024-05-20 09:00,746.9,6,1.0,1
2024-05-20 10:00,746.9,6,1.0,1
2024-05-20 11:00,746.9,6,1.0,1
2024-05-20 12:00,746.9,6,1.0,1
2024-05-20 13:00,746.9,6,1.0,1
2024-05-20 14:00,746.9,6,1.0,1
2024-05-20 15:00,746.9,6,1.0,1
2024-05-20 16:00,746.9,6,1.0,1
2024-05-20 17:00,746.9,6,1.0,1
2024-05-20 18:00,746.9,6,1.0,1
2024-05-20 19:00,746.9,6,1.0,1
2024-05-20 20:00,746.9,6,1.0,1
2024-05-20 21:00,746.9,6,1.0,1
2024-05-20 22:00,746.9,6,1.0,1
2024-05-20 23:00,746.9,6,1.0,1
2024-05-21 00:00,746.9,6,1.0,1
2024-05-21 01:00,746.9,6,1.0,1
2024-05-21 02:00,746.9,6,1.0,1
2024-05-21 03:00,746.9,6,1.0,1
2024-05-21 04:00,747.1,6,1.0,1
2024-05-21 05:00,747.1,6,1.0,1
2024-05-21 06:00,747.3,6,1.0,1
2024-05-21 07:00,747.3,6,1.0,1
2024-05-21 08:00,747.3,6,1.0,1
2024-05-21 09:00,747.5,6,1.0,1
2024-05-21 10:00,747.5,6,1.0,1
2024-05-21 11:00,747.5,6,1.0,1
2024-05-21 12:00,747.5,6,1.0,1
2024-05-21 13:00,747.5,6,1.0,1
2024-05-21 14:00,747.5,6,1.0,1
2024-05-21 15:00,747.5,6,1.0,1
2024-05-21 16:00,747.5,6,1.0,1
2024-05-21 17:00,747.5,6,1.0,1
2024-05-21 18:00,747.5,6,1.0,1
2024-05-21 19:00,747.5,6,1.0,1
2024-05-21 20:00,747.5,6,1.0,1
2024-05-21 21:00,747.5,6,1.0,1
2024-05-21 22:00,747.5,6,1.0,1
2024-05-21 23:00,747.5,6,1.0,1
2024-05-22 00:00,747.5,6,1.0,1
2024-05-22 01:00,747.5,6,1.0,1
2024-05-22 02:00,747.5,6,1.0,1
2024-05-22 03:00,748.3,6,1.0,1
2024-05-22 04:00,748.3,6,1.0,1
2024-05-22 05:00,748.5,6,1.0,1
2024-05-22 06:00,748.5,6,1.0,1
2024-05-22 07:00,748.5,6,1.0,1
2024-05-22 08:00,748.5,6,1.0,1
2024-05-22 09:00,748.5,6,1.0,1
2024-05-22 10:00,748.5,6,1.0,1
2024-05-22 11:00,748.5,6,1.0,1
2024-05-22 12:00,748.5,6,1.0,1
2024-05-22 13:00,748.5,6,1.0,1
2024-05-22 14:00,748.5,6,1.0,1
2024-05-22 15:00,748.5,6,1.0,1
2024-05-22 16:00,748.5,6,1.0,1
2024-05-22 17:00,748.5,6,1.0,1
2024-05-22 18:00,748.5,6,1.0,1
2024-05-22 19:00,748.5,6,1.0,1
2024-05-22 20:00,748.5,6,1.0,1
2024-05-22 21:00,748.5,6,1.0,1
2024-05-22 22:00,748.5,6,1.0,1
2024-05-22 23:00,748.5,6,1.0,1
2024-05-23 00:00,748.5,6,1.0,1
2024-05-23 01:00,748.5,6,1.0,1
2024-05-23 02:00,748.5,6,1.0,1
2024-05-23 03:00,748.5,6,1.0,1
2024-05-23 04:00,748.5,6,1.0,1
2024-05-23 05:00,748.5,6,1.0,1
2024-05-23 06:00,748.5,6,1.0,1
2024-05-23 07:00,748.5,6,1.0,1
2024-05-23 08:00,748.5,6,1.0,1
2024-05-23 09:00,748.5,6,1.0,1
2024-05-23 10:00,748.5,6,1.0,1
2024-05-23 11:00,748.5,6,1.0,1
2024-05-23 12:00,748.5,6,1.0,1
2024-05-23 13:00,748.5,6,1.0,1
2024-05-23 14:00,748.5,6,1.0,1
2024-05-23 15:00,748.5,6,1.0,1
2024-05-23 16:00,748.5,6,1.0,1
2024-05-23 17:00,748.5,6,1.0,1
2024-05-23 18:00,748.5,6,1.0,1
2024-05-23 19:00,748.5,6,1.0,1
2024-05-23 20:00,748.5,6,1.0,1
2024-05-23 21:00,748.5,6,1.0,1
2024-05-23 22:00,748.5,6,1.0,1
2024-05-23 23:00,748.5,6,1.0,1
2024-05-24 00:00,748.5,6,1.0,1
2024-05-24 01:00,748.5,6,1.0,1
2024-05-24 02:00,748.5,6,1.0,1
2024-05-24 03:00,748.5,6,1.0,1
2024-05-24 04:00,748.5,6,1.0,1
2024-05-24 05:00,748.5,6,1.0,1
2024-05-24 06:00,748.5,6,1.0,1
2024-05-24 07:00,748.5,6,1.0,1
2024-05-24 08:00,748.5,6,1.0,1
2024-05-24 09:00,748.5,6,1.0,1
2024-05-24 10:00,748.5,6,1.0,1
2024-05-24 11:00,748.5,6,1.0,1
2024-05-24 12:00,748.5,6,1.0,1
2024-05-24 13:00,748.5,6,1.0,1
2024-05-24 14:00,748.5,6,1.0,1
2024-05-24 15:00,748.5,6,1.0,1
2024-05-24 16:00,748.5,6,1.0,1
2024-05-24 17:00,748.5,6,1.0,1
2024-05-24 18:00,748.5,6,1.0,1
2024-05-24 19:00,748.5,6,1.0,1
2024-05-24 20:00,748.5,6,1.0,1
2024-05-24 21:00,748.5,6,1.0,1
2024-05-24 22:00,748.5,6,1.0,1
2024-05-24 23:00,748.5,6,1.0,1
2024-05-25 00:00,748.5,6,1.0,1
2024-05-25 01:00,748.5,6,1.0,1
2024-05-25 02:00,748.5,6,1.0,1
2024-05-25 03:00,748.9,6,1.0,1
2024-05-25 04:00,748.9,6,1.0,1
2024-05-25 05:00,749.1,6,1.0,1
2024-05-25 06:00,749.1,6,1.0,1
2024-05-25 07:00,749.1,6,1.0,1
2024-05-25 08:00,749.1,6,1.0,1
2024-05-25 09:00,749.1,6,1.0,1
2024-05-25 10:00,749.1,6,1.0,1
2024-05-25 11:00,749.1,6,1.0,1
2024-05-25 12:00,749.1,6,1.0,1
2024-05-25 13:00,749.1,6,1.0,1
2024-05-25 14:00,749.1,6,1.0,1
2024-05-25 15:00,749.1,6,1.0,1
2024-05-25 16:00,749.1,6,1.0,1
2024-05-25 17:00,749.7,6,1.0,1
2024-05-25 18:00,749.7,6,1.0,1
2024-05-25 19:00,750.9,6,1.0,1
2024-05-25 20:00,751.5,6,1.0,1
2024-05-25 21:00,751.5,6,1.0,1
2024-05-25 22:00,751.5,6,1.0,1
2024-05-25 23:00,751.5,6,1.0,1
2024-05-26 00:00,751.5,6,1.0,1
2024-05-26 01:00,751.5,6,1.0,1
2024-05-26 02:00,751.5,6,1.0,1
2024-05-26 03:00,751.5,6,1.0,1
2024-05-26 04:00,751.5,6,1.0,1
2024-05-26 05:00,751.5,6,1.0,1
2024-05-26 06:00,751.5,6,1.0,1
2024-05-26 07:00,751.5,6,1.0,1
2024-05-26 08:00,751.5,6,1.0,1
2024-05-26 09:00,751.5,6,1.0,1
2024-05-26 10:00,751.5,6,1.0,1
2024-05-26 11:00,751.5,6,1.0,1
2024-05-26 12:00,751.5,6,1.0,1
2024-05-26 13:00,751.5,6,1.0,1
2024-05-26 14:00,751.5,6,1.0,1
2024-05-26 15:00,751.5,6,1.0,1
2024-05-26 16:00,751.5,6,1.0,1
2024-05-26 17:00,751.5,6,1.0,1
2024-05-26 18:00,751.5,6,1.0,1
2024-05-26 19:00,751.5,6,1.0,1
2024-05-26 20:00,751.5,6,1.0,1
2024-05-26 21:00,751.5,6,1.0,1
2024-05-26 22:00,751.5,6,1.0,1
2024-05-26 23:00,751.5,6,1.0,1
2024-05-27 00:00,751.5,6,1.0,1
2024-05-27 01:00,751.5,6,1.0,1
2024-05-27 02:00,751.5,6,1.0,1
2024-05-27 03:00,751.5,6,1.0,1
2024-05-27 04:00,751.5,6,1.0,1
2024-05-27 05:00,751.5,6,1.0,1
2024-05-27 06:00,751.5,6,1.0,1
2024-05-27 07:00,751.5,6,1.0,1
2024-05-27 08:00,751.5,6,1.0,1
2024-05-27 09:00,751.5,6,1.0,1
2024-05-27 10:00,751.5,6,1.0,1
2024-05-27 11:00,751.5,6,1.0,1
2024-05-27 12:00,751.5,6,1.0,1
2024-05-27 13:00,751.5,6,1.0,1
2024-05-27 14:00,751.5,6,1.0,1
2024-05-27 15:00,751.5,6,1.0,1
2024-05-27 16:00,751.5,6,1.0,1
2024-05-27 17:00,751.5,6,1.0,1
2024-05-27 18:00,751.5,6,1.0,1
2024-05-27 19:00,751.5,6,1.0,1
2024-05-27 20:00,751.5,6,1.0,1
2024-05-27 21:00,751.5,6,1.0,1
2024-05-27 22:00,751.5,6,1.0,1
2024-05-27 23:00,751.5,6,1.0,1
2024-05-28 00:00,751.5,6,1.0,1
2024-05-28 01:00,751.5,6,1.0,1
2024-05-28 02:00,751.5,6,1.0,1
2024-05-28 03:00,751.5,6,1.0,1
2024-05-28 04:00,751.5,6,1.0,1
2024-05-28 05:00,751.5,6,1.0,1
2024-05-28 06:00,751.5,6,1.0,1
2024-05-28 07:00,751.5,6,1.0,1
2024-05-28 08:00,751.5,6,1.0,1
2024-05-28 09:00,751.5,6,1.0,1
2024-05-28 10:00,751.5,6,1.0,1
2024-05-28 11:00,751.5,6,1.0,1
2024-05-28 12:00,751.5,6,1.0,1
2024-05-28 13:00,751.5,6,1.0,1
2024-05-28 14:00,751.5,6,1.0,1
2024-05-28 15:00,751.5,6,1.0,1
2024-05-28 16:00,751.5,6,1.0,1
2024-05-28 17:00,751.5,6,1.0,1
2024-05-28 18:00,751.5,6,1.0,1
2024-05-28 19:00,751.5,6,1.0,1
2024-05-28 20:00,751.5,6,1.0,1
2024-05-28 21:00,751.5,6,1.0,1
2024-05-28 22:00,751.5,6,1.0,1
2024-05-28 23:00,751.5,6,1.0,1
2024-05-29 00:00,751.5,6,1.0,1
2024-05-29 01:00,751.5,6,1.0,1
2024-05-29 02:00,751.5,6,1.0,1
2024-05-29 03:00,751.5,6,1.0,1
2024-05-29 04:00,751.5,6,1.0,1
2024-05-29 05:00,751.5,6,1.0,1
2024-05-29 06:00,751.5,6,1.0,1
2024-05-29 07:00,751.5,6,1.0,1
2024-05-29 08:00,751.5,6,1.0,1
2024-05-29 09:00,751.5,6,1.0,1
2024-05-29 10:00,751.5,6,1.0,1
2024-05-29 11:00,751.5,6,1.0,1
2024-05-29 12:00,751.5,6,1.0,1
2024-05-29 13:00,751.5,6,1.0,1
2024-05-29 14:00,751.5,6,1.0,1
2024-05-29 15:00,751.5,6,1.0,1
2024-05-29 16:00,751.5,6,1.0,1
2024-05-29 17:00,751.5,6,1.0,1
2024-05-29 18:00,751.5,6,1.0,1
2024-05-29 19:00,751.5,6,1.0,1
2024-05-29 20:00,751.5,6,1.0,1
2024-05-29 21:00,751.5,6,1.0,1
2024-05-29 22:00,751.5,6,1.0,1
2024-05-29 23:00,751.5,6,1.0,1
2024-05-30 00:00,751.5,6,1.0,1
2024-05-30 01:00,751.5,6,1.0,1
2024-05-30 02:00,751.5,6,1.0,1
2024-05-30 03:00,751.5,6,1.0,1
2024-05-30 04:00,751.5,6,1.0,1
2024-05-30 05:00,751.5,6,1.0,1
2024-05-30 06:00,751.5,6,1.0,1
2024-05-30 07:00,751.5,6,1.0,1
2024-05-30 08:00,751.5,6,1.0,1
2024-05-30 09:00,751.5,6,1.0,1
2024-05-30 10:00,751.5,6,1.0,1
2024-05-30 11:00,751.5,6,1.0,1
2024-05-30 12:00,751.5,6,1.0,1
2024-05-30 13:00,751.5,6,1.0,1
2024-05-30 14:00,751.5,6,1.0,1
2024-05-30 15:00,751.5,6,1.0,1
2024-05-30 16:00,751.5,6,1.0,1
2024-05-30 17:00,751.5,6,1.0,1
2024-05-30 18:00,751.5,6,1.0,1
2024-05-30 19:00,751.5,6,1.0,1
2024-05-30 20:00,751.5,6,1.0,1
2024-05-30 21:00,751.5,6,1.0,1
2024-05-30 22:00,751.5,6,1.0,1
2024-05-30 23:00,751.5,6,1.0,1
2024-05-31 00:00,751.5,6,1.0,1
2024-05-31 01:00,751.5,6,1.0,1
2024-05-31 02:00,751.5,6,1.0,1
2024-05-31 03:00,751.5,6,1.0,1
2024-05-31 04:00,751.5,6,1.0,1
2024-05-31 05:00,751.5,6,1.0,1
2024-05-31 06:00,751.7,6,1.0,1
2024-05-31 07:00,752.3,6,1.0,1
2024-05-31 08:00,752.3,6,1.0,1
2024-05-31 09:00,752.3,6,1.0,1
2024-05-31 10:00,752.3,6,1.0,1
2024-05-31 11:00,752.5,6,1.0,1
2024-05-31 12:00,755.4,6,1.0,1
2024-05-31 13:00,756.4,6,1.0,1
2024-05-31 14:00,757.6,6,1.0,1
2024-05-31 15:00,758.2,6,1.0,1
2024-05-31 16:00,758.6,6,1.0,1
2024-05-31 17:00,758.6,6,1.0,1
2024-05-31 18:00,758.6,6,1.0,1
2024-05-31 19:00,758.6,6,1.0,1
2024-05-31 20:00,758.6,6,1.0,1
2024-05-31 21:00,758.6,6,1.0,1
2024-05-31 22:00,758.8,6,1.0,1
2024-05-31 23:00,758.8,6,1.0,1
2024-06-01 00:00,758.8,6,1.0,1
2024-06-01 01:00,758.8,6,1.0,1
2024-06-01 02:00,758.8,6,1.0,1
2024-06-01 03:00,758.8,6,1.0,1
2024-06-01 04:00,758.8,6,1.0,1
2024-06-01 05:00,758.8,6,1.0,1
2024-06-01 06:00,758.8,6,1.0,1
2024-06-01 07:00,758.8,6,1.0,1
2024-06-01 08:00,758.8,6,1.0,1
2024-06-01 09:00,758.8,6,1.0,1
2024-06-01 10:00,758.8,6,1.0,1
2024-06-01 11:00,759.0,6,1.0,1
2024-06-01 12:00,759.4,6,1.0,1
2024-06-01 13:00,759.4,6,1.0,1
2024-06-01 14:00,759.4,6,1.0,1
2024-06-01 15:00,759.4,6,1.0,1
2024-06-01 16:00,759.4,6,1.0,1
2024-06-01 17:00,759.4,6,1.0,1
2024-06-01 18:00,759.6,6,1.0,1
2024-06-01 19:00,759.6,6,1.0,1
2024-06-01 20:00,759.8,6,1.0,1
2024-06-01 21:00,759.8,6,1.0,1
2024-06-01 22:00,759.8,6,1.0,1
2024-06-01 23:00,759.8,6,1.0,1
2024-06-02 00:00,759.8,6,1.0,1
2024-06-02 01:00,759.8,6,1.0,1
2024-06-02 02:00,759.8,6,1.0,1
2024-06-02 03:00,759.8,6,1.0,1
2024-06-02 04:00,759.8,6,1.0,1
2024-06-02 05:00,759.8,6,1.0,1
2024-06-02 06:00,759.8,6,1.0,1
2024-06-02 07:00,759.8,6,1.0,1
2024-06-02 08:00,759.8,6,1.0,1
2024-06-02 09:00,759.8,6,1.0,1
2024-06-02 10:00,759.8,6,1.0,1
2024-06-02 11:00,759.8,6,1.0,1
2024-06-02 12:00,759.8,6,1.0,1
2024-06-02 13:00,759.8,6,1.0,1
2024-06-02 14:00,759.8,6,1.0,1
2024-06-02 15:00,759.8,6,1.0,1
2024-06-02 16:00,759.8,6,1.0,1
2024-06-02 17:00,759.8,6,1.0,1
2024-06-02 18:00,759.8,6,1.0,1
2024-06-02 19:00,759.8,6,1.0,1
2024-06-02 20:00,759.8,6,1.0,1
2024-06-02 21:00,759.8,6,1.0,1
2024-06-02 22:00,760.0,6,1.0,1
2024-06-02 23:00,760.0,6,1.0,1
2024-06-03 00:00,760.0,6,1.0,1
2024-06-03 01:00,760.0,6,1.0,1
2024-06-03 02:00,760.0,6,1.0,1
2024-06-03 03:00,760.2,6,1.0,1
2024-06-03 04:00,760.2,6,1.0,1
2024-06-03 05:00,760.2,6,1.0,1
2024-06-03 06:00,760.2,6,1.0,1
2024-06-03 07:00,760.2,6,1.0,1
2024-06-03 08:00,760.2,6,1.0,1
2024-06-03 09:00,760.2,6,1.0,1
2024-06-03 10:00,760.2,6,1.0,1
2024-06-03 11:00,760.2,6,1.0,1
2024-06-03 12:00,760.2,6,1.0,1
2024-06-03 13:00,760.2,6,1.0,1
2024-06-03 14:00,760.2,6,1.0,1
2024-06-03 15:00,760.2,6,1.0,1
2024-06-03 16:00,760.2,6,1.0,1
2024-06-03 17:00,760.2,6,1.0,1
2024-06-03 18:00,760.2,6,1.0,1
2024-06-03 19:00,760.2,6,1.0,1
2024-06-03 20:00,760.2,6,1.0,1
2024-06-03 21:00,760.2,6,1.0,1
2024-06-03 22:00,760.2,6,1.0,1
2024-06-03 23:00,760.2,6,1.0,1
2024-06-04 00:00,760.2,6,1.0,1
2024-06-04 01:00,760.2,6,1.0,1
2024-06-04 02:00,760.2,6,1.0,1
2024-06-04 03:00,760.2,6,1.0,1
2024-06-04 04:00,760.2,6,1.0,1
2024-06-04 05:00,760.2,6,1.0,1
2024-06-04 06:00,760.2,6,1.0,1
2024-06-04 07:00,760.2,6,1.0,1
2024-06-04 08:00,760.2,6,1.0,1
2024-06-04 09:00,760.2,6,1.0,1
2024-06-04 10:00,760.2,6,1.0,1
2024-06-04 11:00,760.2,6,1.0,1
2024-06-04 12:00,760.2,6,1.0,1
2024-06-04 13:00,760.2,6,1.0,1
2024-06-04 14:00,760.2,6,1.0,1
2024-06-04 15:00,760.2,6,1.0,1
2024-06-04 16:00,760.2,6,1.0,1
2024-06-04 17:00,760.2,6,1.0,1
2024-06-04 18:00,760.2,6,1.0,1
2024-06-04 19:00,760.2,6,1.0,1
2024-06-04 20:00,760.2,6,1.0,1
2024-06-04 21:00,760.2,6,1.0,1
2024-06-04 22:00,760.2,6,1.0,1
2024-06-04 23:00,760.2,6,1.0,1
2024-06-05 00:00,760.2,6,1.0,1
2024-06-05 01:00,760.2,6,1.0,1
2024-06-05 02:00,760.2,6,1.0,1
2024-06-05 03:00,760.2,6,1.0,1
2024-06-05 04:00,760.2,6,1.0,1
2024-06-05 05:00,760.2,6,1.0,1
2024-06-05 06:00,760.2,6,1.0,1
2024-06-05 07:00,760.2,6,1.0,1
2024-06-05 08:00,760.2,6,1.0,1
2024-06-05 09:00,760.2,6,1.0,1
2024-06-05 10:00,760.2,6,1.0,1
2024-06-05 11:00,760.2,6,1.0,1
2024-06-05 12:00,760.2,6,1.0,1
2024-06-05 13:00,760.2,6,1.0,1
2024-06-05 14:00,760.2,6,1.0,1
2024-06-05 15:00,760.2,6,1.0,1
2024-06-05 16:00,760.2,2,0.333,1
2024-06-09 00:00,760.2,6,1.0,1
2024-06-09 01:00,760.2,6,1.0,1
2024-06-09 02:00,760.2,6,1.0,1
2024-06-09 03:00,760.2,6,1.0,1
2024-06-09 04:00,760.2,6,1.0,1
2024-06-09 05:00,760.2,6,1.0,1
2024-06-09 06:00,760.2,6,1.0,1
2024-06-09 07:00,760.2,6,1.0,1
2024-06-09 08:00,760.2,6,1.0,1
2024-06-09 09:00,760.2,6,1.0,1
2024-06-09 10:00,760.2,6,1.0,1
2024-06-09 11:00,760.2,6,1.0,1
2024-06-09 12:00,760.2,6,1.0,1
2024-06-09 13:00,760.2,6,1.0,1
2024-06-09 14:00,760.2,6,1.0,1
2024-06-09 15:00,760.2,6,1.0,1
2024-06-09 16:00,760.2,6,1.0,1
2024-06-09 17:00,760.2,6,1.0,1
2024-06-09 18:00,760.2,6,1.0,1
2024-06-09 19:00,760.2,6,1.0,1
2024-06-09 20:00,760.2,6,1.0,1
2024-06-09 21:00,760.2,6,1.0,1
2024-06-09 22:00,760.2,6,1.0,1
2024-06-09 23:00,760.2,6,1.0,1
2024-06-10 00:00,760.2,6,1.0,1
2024-06-10 01:00,760.2,6,1.0,1
2024-06-10 02:00,760.2,6,1.0,1
2024-06-10 03:00,760.2,6,1.0,1
2024-06-10 04:00,760.2,6,1.0,1
2024-06-10 05:00,760.2,6,1.0,1
2024-06-10 06:00,760.2,6,1.0,1
2024-06-10 07:00,760.2,6,1.0,1
2024-06-10 08:00,760.2,6,1.0,1
2024-06-10 09:00,760.2,6,1.0,1
2024-06-10 10:00,760.2,6,1.0,1
2024-06-10 11:00,760.2,6,1.0,1
2024-06-10 12:00,760.2,6,1.0,1
2024-06-10 13:00,760.2,5,0.833,1
2024-07-04 00:00,760.2,6,1.0,1
2024-07-04 01:00,760.2,6,1.0,1
2024-07-04 02:00,760.2,6,1.0,1
2024-07-04 03:00,760.2,6,1.0,1
2024-07-04 04:00,760.2,6,1.0,1
2024-07-04 05:00,760.2,6,1.0,1
2024-07-04 06:00,760.2,6,1.0,1
2024-07-04 07:00,760.2,6,1.0,1
2024-07-04 08:00,760.2,6,1.0,1
2024-07-04 09:00,760.2,6,1.0,1
2024-07-04 10:00,760.2,6,1.0,1
2024-07-04 11:00,760.2,6,1.0,1
2024-07-04 12:00,760.2,6,1.0,1
2024-07-04 13:00,760.2,6,1.0,1
2024-07-04 14:00,760.2,6,1.0,1
2024-07-04 15:00,760.2,6,1.0,1
2024-07-04 16:00,760.2,6,1.0,1
2024-07-04 17:00,760.2,6,1.0,1
2024-07-04 18:00,760.2,6,1.0,1
2024-07-04 19:00,760.2,6,1.0,1
2024-07-04 20:00,760.2,6,1.0,1
2024-07-04 21:00,760.2,6,1.0,1
2024-07-04 22:00,760.2,6,1.0,1
2024-07-04 23:00,760.2,6,1.0,1
2024-07-05 00:00,760.2,6,1.0,1
2024-07-05 01:00,760.2,6,1.0,1
2024-07-05 02:00,760.2,6,1.0,1
2024-07-05 03:00,760.2,6,1.0,1
2024-07-05 04:00,760.2,6,1.0,1
2024-07-05 05:00,760.2,6,1.0,1
2024-07-05 06:00,760.2,6,1.0,1
2024-07-05 07:00,760.2,6,1.0,1
2024-07-07 23:00,760.2,1,0.167,1
2024-07-08 00:00,760.2,6,1.0,1
2024-07-08 01:00,760.2,6,1.0,1
2024-07-08 02:00,760.2,6,1.0,1
2024-07-08 03:00,760.2,6,1.0,1
2024-07-08 04:00,760.2,6,1.0,1
2024-07-08 05:00,760.2,6,1.0,1
2024-07-08 06:00,760.2,6,1.0,1
2024-07-08 07:00,760.2,6,1.0,1
2024-07-08 08:00,760.2,6,1.0,1
2024-07-08 09:00,760.2,6,1.0,1
2024-07-08 10:00,760.2,6,1.0,1
2024-07-08 11:00,760.2,6,1.0,1
2024-07-08 12:00,760.2,6,1.0,1
2024-07-08 13:00,760.2,6,1.0,1
2024-07-08 14:00,760.2,6,1.0,1
2024-07-08 15:00,760.2,6,1.0,1
2024-07-08 16:00,760.2,6,1.0,1
2024-07-08 17:00,760.2,6,1.0,1
2024-07-08 18:00,760.2,6,1.0,1
2024-07-08 19:00,760.2,6,1.0,1
2024-07-08 20:00,760.2,6,1.0,1
2024-07-08 21:00,760.2,6,1.0,1
2024-07-08 22:00,760.2,6,1.0,1
2024-07-08 23:00,760.2,6,1.0,1
2024-07-09 00:00,760.2,6,1.0,1
2024-07-09 01:00,760.2,6,1.0,1
2024-07-09 02:00,760.2,6,1.0,1
2024-07-09 03:00,760.2,6,1.0,1
2024-07-09 04:00,760.2,6,1.0,1
2024-07-09 05:00,760.2,6,1.0,1
2024-07-09 06:00,760.2,6,1.0,1
2024-07-09 07:00,760.2,6,1.0,1
2024-07-09 08:00,760.2,6,1.0,1
2024-07-09 09:00,760.2,6,1.0,1
2024-07-09 10:00,760.2,6,1.0,1
2024-07-09 11:00,760.2,6,1.0,1
2024-07-09 12:00,760.2,6,1.0,1
2024-07-09 13:00,760.2,6,1.0,1
2024-07-09 14:00,760.2,6,1.0,1
2024-07-09 15:00,760.2,6,1.0,1
2024-07-09 16:00,760.2,6,1.0,1
2024-07-09 17:00,760.2,6,1.0,1
2024-07-09 18:00,760.2,6,1.0,1
2024-07-09 19:00,760.2,6,1.0,1
2024-07-09 20:00,760.2,6,1.0,1
2024-07-09 21:00,760.2,6,1.0,1
2024-07-09 22:00,760.2,6,1.0,1
2024-07-09 23:00,760.2,6,1.0,1
2024-07-10 00:00,760.2,6,1.0,1
2024-07-10 01:00,760.2,6,1.0,1
2024-07-10 02:00,760.2,6,1.0,1
2024-07-10 03:00,760.2,6,1.0,1
2024-07-10 04:00,760.2,6,1.0,1
2024-07-10 05:00,760.2,6,1.0,1
2024-07-10 06:00,760.2,6,1.0,1
2024-07-10 07:00,760.2,6,1.0,1
2024-07-10 08:00,760.2,6,1.0,1
2024-07-10 09:00,760.2,6,1.0,1
2024-07-10 10:00,760.2,6,1.0,1
2024-07-10 11:00,760.2,6,1.0,1
2024-07-10 12:00,760.2,6,1.0,1
2024-07-10 13:00,760.2,6,1.0,1
2024-07-10 14:00,760.2,6,1.0,1
2024-07-10 15:00,760.2,6,1.0,1
2024-07-10 16:00,760.2,6,1.0,1
2024-07-10 17:00,760.2,6,1.0,1
2024-07-10 18:00,760.2,6,1.0,1
2024-07-10 19:00,760.2,6,1.0,1
2024-07-10 20:00,760.2,6,1.0,1
2024-07-10 21:00,760.2,6,1.0,1
2024-07-10 22:00,760.2,6,1.0,1
2024-07-10 23:00,760.2,6,1.0,1
2024-07-11 00:00,760.2,6,1.0,1
2024-07-11 01:00,760.2,6,1.0,1
2024-07-11 02:00,760.2,6,1.0,1
2024-07-11 03:00,760.2,6,1.0,1
2024-07-11 04:00,760.2,6,1.0,1
2024-07-11 05:00,760.2,6,1.0,1
2024-07-11 06:00,760.2,6,1.0,1
2024-07-11 07:00,760.2,6,1.0,1
2024-07-11 08:00,760.2,6,1.0,1
2024-07-11 09:00,760.2,6,1.0,1
2024-07-11 10:00,760.2,6,1.0,1
2024-07-11 11:00,760.2,6,1.0,1
2024-07-11 12:00,760.2,6,1.0,1
2024-07-11 13:00,760.2,6,1.0,1
2024-07-11 14:00,760.2,6,1.0,1
2024-07-11 15:00,760.2,6,1.0,1
2024-07-11 16:00,760.2,6,1.0,1
2024-07-11 17:00,760.2,6,1.0,1
2024-07-11 18:00,760.2,6,1.0,1
2024-07-11 19:00,760.2,6,1.0,1
2024-07-11 20:00,760.2,6,1.0,1
2024-07-11 21:00,760.2,6,1.0,1
2024-07-11 22:00,760.2,6,1.0,1
2024-07-11 23:00,760.2,6,1.0,1
2024-07-12 00:00,760.2,6,1.0,1
2024-07-12 01:00,760.2,6,1.0,1
2024-07-12 02:00,760.2,6,1.0,1
2024-07-12 03:00,760.2,6,1.0,1
2024-07-12 04:00,760.2,6,1.0,1
2024-07-12 05:00,760.2,6,1.0,1
2024-07-12 06:00,760.2,6,1.0,1
2024-07-12 07:00,760.2,6,1.0,1
2024-07-12 08:00,760.2,6,1.0,1
2024-07-12 09:00,760.2,6,1.0,1
2024-07-12 10:00,760.2,6,1.0,1
2024-07-12 11:00,760.2,6,1.0,1
2024-07-12 12:00,760.2,6,1.0,1
2024-07-12 13:00,760.2,6,1.0,1
2024-07-12 14:00,760.2,6,1.0,1
2024-07-12 15:00,760.2,6,1.0,1
2024-07-12 16:00,760.2,6,1.0,1
2024-07-12 17:00,760.2,6,1.0,1
2024-07-12 18:00,760.2,6,1.0,1
2024-07-12 19:00,760.2,6,1.0,1
2024-07-12 20:00,760.2,6,1.0,1
2024-07-12 21:00,760.2,6,1.0,1
2024-07-12 22:00,760.2,6,1.0,1
2024-07-12 23:00,760.2,6,1.0,1
2024-07-13 00:00,760.2,6,1.0,1
2024-07-13 01:00,760.2,6,1.0,1
2024-07-13 02:00,760.2,6,1.0,1
2024-07-13 03:00,760.2,6,1.0,1
2024-07-13 04:00,760.2,6,1.0,1
2024-07-13 05:00,760.2,6,1.0,1
2024-07-13 06:00,760.2,6,1.0,1
2024-07-13 07:00,760.2,6,1.0,1
2024-07-13 08:00,760.2,6,1.0,1
2024-07-13 09:00,760.2,6,1.0,1
2024-07-13 10:00,760.2,6,1.0,1
2024-07-13 11:00,760.2,6,1.0,1
2024-07-13 12:00,760.2,6,1.0,1
2024-07-13 13:00,760.2,6,1.0,1
2024-07-13 14:00,760.2,6,1.0,1
2024-07-13 15:00,760.2,6,1.0,1
2024-07-13 16:00,760.2,6,1.0,1
2024-07-13 17:00,760.2,6,1.0,1
2024-07-13 18:00,760.2,6,1.0,1
2024-07-13 19:00,760.2,6,1.0,1
2024-07-13 20:00,760.2,6,1.0,1
2024-07-13 21:00,760.2,6,1.0,1
2024-07-13 22:00,760.2,6,1.0,1
2024-07-13 23:00,760.2,6,1.0,1
2024-07-14 00:00,760.2,6,1.0,1
2024-07-14 01:00,760.2,6,1.0,1
2024-07-14 02:00,760.2,6,1.0,1
2024-07-14 03:00,760.2,6,1.0,1
2024-07-14 04:00,760.2,6,1.0,1
2024-07-14 05:00,760.2,6,1.0,1
2024-07-14 06:00,760.2,6,1.0,1
2024-07-14 07:00,760.2,6,1.0,1
2024-07-14 08:00,760.2,6,1.0,1
2024-07-14 09:00,760.2,6,1.0,1
2024-07-14 10:00,760.2,6,1.0,1
2024-07-14 11:00,760.2,6,1.0,1
2024-07-14 12:00,760.2,6,1.0,1
2024-07-14 13:00,760.2,6,1.0,1
2024-07-14 14:00,760.2,6,1.0,1
2024-07-14 15:00,760.2,6,1.0,1
2024-07-14 16:00,760.2,6,1.0,1
2024-07-14 17:00,760.2,6,1.0,1
2024-07-14 18:00,760.2,6,1.0,1
2024-07-14 19:00,760.2,6,1.0,1
2024-07-14 20:00,760.2,6,1.0,1
2024-07-14 21:00,760.2,6,1.0,1
2024-07-14 22:00,760.2,6,1.0,1
2024-07-14 23:00,760.2,6,1.0,1
2024-07-15 00:00,760.2,6,1.0,1
2024-07-15 01:00,760.2,6,1.0,1
2024-07-15 02:00,760.2,6,1.0,1
2024-07-15 03:00,760.2,6,1.0,1
2024-07-15 04:00,760.2,6,1.0,1
2024-07-15 05:00,760.2,6,1.0,1
2024-07-15 06:00,760.2,6,1.0,1
2024-07-15 07:00,760.2,6,1.0,1
2024-07-15 08:00,760.2,6,1.0,1
2024-07-15 09:00,760.2,6,1.0,1
2024-07-15 10:00,760.2,6,1.0,1
2024-07-15 11:00,760.2,6,1.0,1
2024-07-15 12:00,760.2,6,1.0,1
2024-07-15 13:00,760.2,6,1.0,1
2024-07-15 14:00,760.2,6,1.0,1
2024-07-15 15:00,760.2,6,1.0,1
2024-07-15 16:00,760.2,6,1.0,1
2024-07-15 17:00,760.2,6,1.0,1
2024-07-15 18:00,760.2,6,1.0,1
2024-07-15 19:00,760.2,6,1.0,1
2024-07-15 20:00,760.2,6,1.0,1
2024-07-15 21:00,760.2,6,1.0,1
2024-07-15 22:00,760.2,6,1.0,1
2024-07-15 23:00,760.2,6,1.0,1
2024-07-16 00:00,760.2,6,1.0,1
2024-07-16 01:00,760.2,6,1.0,1
2024-07-16 02:00,760.2,6,1.0,1
2024-07-16 03:00,760.2,6,1.0,1
2024-07-16 04:00,760.2,6,1.0,1
2024-07-16 05:00,760.2,6,1.0,1
2024-07-16 06:00,760.2,6,1.0,1
2024-07-16 07:00,760.2,6,1.0,1
2024-07-16 08:00,760.2,6,1.0,1
2024-07-16 09:00,760.2,6,1.0,1
2024-07-16 10:00,760.2,6,1.0,1
2024-07-16 11:00,760.2,6,1.0,1
2024-07-16 12:00,760.2,6,1.0,1
2024-07-16 13:00,760.2,6,1.0,1
2024-07-16 14:00,760.2,6,1.0,1
2024-07-16 15:00,760.2,6,1.0,1
2024-07-16 16:00,760.2,6,1.0,1
2024-07-16 17:00,760.2,6,1.0,1
2024-07-16 18:00,760.2,6,1.0,1
2024-07-16 19:00,760.2,6,1.0,1
2024-07-16 20:00,760.2,6,1.0,1
2024-07-16 21:00,760.2,6,1.0,1
2024-07-16 22:00,760.2,6,1.0,1
2024-07-16 23:00,760.2,6,1.0,1
2024-07-17 00:00,760.2,6,1.0,1
2024-07-17 01:00,760.2,6,1.0,1
2024-07-17 02:00,760.2,6,1.0,1
2024-07-17 03:00,760.2,6,1.0,1
2024-07-17 04:00,760.2,6,1.0,1
2024-07-17 05:00,760.2,6,1.0,1
2024-07-17 06:00,760.2,6,1.0,1
2024-07-17 07:00,760.2,6,1.0,1
2024-07-17 08:00,760.2,6,1.0,1
2024-07-17 09:00,760.2,6,1.0,1
2024-07-17 10:00,760.2,6,1.0,1
2024-07-17 11:00,760.2,6,1.0,1
2024-07-17 12:00,760.2,6,1.0,1
2024-07-17 13:00,760.2,6,1.0,1
2024-07-17 14:00,760.2,6,1.0,1
2024-07-17 15:00,760.2,6,1.0,1
2024-07-17 16:00,760.2,6,1.0,1
2024-07-17 17:00,760.2,6,1.0,1
2024-07-17 18:00,760.2,6,1.0,1
2024-07-17 19:00,760.2,6,1.0,1
2024-07-17 20:00,760.2,6,1.0,1
2024-07-17 21:00,760.2,6,1.0,1
2024-07-17 22:00,760.2,6,1.0,1
2024-07-17 23:00,760.2,6,1.0,1
2024-07-18 00:00,760.2,6,1.0,1
2024-07-18 01:00,760.2,6,1.0,1
2024-07-18 02:00,760.2,6,1.0,1
2024-07-18 03:00,760.2,6,1.0,1
2024-07-18 04:00,760.2,6,1.0,1
2024-07-18 05:00,760.2,6,1.0,1
2024-07-18 06:00,760.2,6,1.0,1
2024-07-18 07:00,760.2,6,1.0,1
2024-07-18 08:00,760.2,6,1.0,1
2024-07-18 09:00,760.2,6,1.0,1
2024-07-18 10:00,760.2,6,1.0,1
2024-07-18 11:00,760.2,6,1.0,1
2024-07-18 12:00,760.2,6,1.0,1
2024-07-18 13:00,760.2,6,1.0,1
2024-07-18 14:00,760.2,6,1.0,1
2024-07-18 15:00,760.2,6,1.0,1
2024-07-18 16:00,760.2,6,1.0,1
2024-07-18 17:00,760.2,6,1.0,1
2024-07-18 18:00,760.2,6,1.0,1
2024-07-18 19:00,760.2,6,1.0,1
2024-07-18 20:00,760.2,6,1.0,1
2024-07-18 21:00,760.2,6,1.0,1
2024-07-18 22:00,760.2,6,1.0,1
2024-07-18 23:00,760.2,6,1.0,1
2024-07-19 00:00,760.2,6,1.0,1
2024-07-19 01:00,760.2,6,1.0,1
2024-07-19 02:00,760.2,6,1.0,1
2024-07-19 03:00,760.2,6,1.0,1
2024-07-19 04:00,760.2,6,1.0,1
2024-07-19 05:00,760.2,6,1.0,1
2024-07-19 06:00,760.2,6,1.0,1
2024-07-19 07:00,760.2,6,1.0,1
2024-07-19 08:00,760.2,6,1.0,1
2024-07-19 09:00,760.2,6,1.0,1
2024-07-19 10:00,760.2,6,1.0,1
2024-07-19 11:00,760.2,6,1.0,1
2024-07-19 12:00,760.2,6,1.0,1
2024-07-19 13:00,760.2,6,1.0,1
2024-07-19 14:00,760.2,6,1.0,1
2024-07-19 15:00,760.2,6,1.0,1
2024-07-19 16:00,760.2,6,1.0,1
2024-07-19 17:00,760.2,6,1.0,1
2024-07-19 18:00,760.2,6,1.0,1
2024-07-19 19:00,760.2,6,1.0,1
2024-07-19 20:00,760.2,6,1.0,1
2024-07-19 21:00,760.2,6,1.0,1
2024-07-19 22:00,760.2,6,1.0,1
2024-07-19 23:00,760.2,6,1.0,1
2024-07-20 00:00,760.2,6,1.0,1
2024-07-20 01:00,760.2,6,1.0,1
2024-07-20 02:00,760.2,6,1.0,1
2024-07-20 03:00,760.2,6,1.0,1
2024-07-20 04:00,760.2,6,1.0,1
2024-07-20 05:00,760.2,6,1.0,1
2024-07-20 06:00,760.2,6,1.0,1
2024-07-20 07:00,760.2,6,1.0,1
2024-07-20 08:00,760.2,6,1.0,1
2024-07-20 09:00,760.2,6,1.0,1
2024-07-20 10:00,760.2,6,1.0,1
2024-07-20 11:00,760.2,6,1.0,1
2024-07-20 12:00,760.2,6,1.0,1
2024-07-20 13:00,760.2,6,1.0,1
2024-07-20 14:00,760.2,6,1.0,1
2024-07-20 15:00,760.2,6,1.0,1
2024-07-20 16:00,760.2,6,1.0,1
2024-07-20 17:00,760.2,6,1.0,1
2024-07-20 18:00,760.2,6,1.0,1
2024-07-20 19:00,760.2,6,1.0,1
2024-07-20 20:00,760.2,6,1.0,1
2024-07-20 21:00,760.2,6,1.0,1
2024-07-20 22:00,760.2,6,1.0,1
2024-07-20 23:00,760.2,6,1.0,1
2024-07-21 00:00,760.2,6,1.0,1
2024-07-21 01:00,760.2,6,1.0,1
2024-07-21 02:00,760.2,6,1.0,1
2024-07-21 03:00,760.2,6,1.0,1
2024-07-21 04:00,760.2,6,1.0,1
2024-07-21 05:00,760.2,6,1.0,1
2024-07-21 06:00,760.2,6,1.0,1
2024-07-21 07:00,760.2,6,1.0,1
2024-07-21 08:00,760.2,6,1.0,1
2024-07-21 09:00,760.2,6,1.0,1
2024-07-21 10:00,760.2,6,1.0,1
2024-07-21 11:00,760.2,6,1.0,1
2024-07-21 12:00,760.2,6,1.0,1
2024-07-21 13:00,760.2,6,1.0,1
2024-07-21 14:00,760.2,6,1.0,1
2024-07-21 15:00,760.2,6,1.0,1
2024-07-21 16:00,760.2,6,1.0,1
2024-07-21 17:00,760.2,6,1.0,1
2024-07-21 18:00,760.2,6,1.0,1
2024-07-21 19:00,760.2,6,1.0,1
2024-07-21 20:00,760.2,6,1.0,1
2024-07-21 21:00,760.2,6,1.0,1
2024-07-21 22:00,760.2,6,1.0,1
2024-07-21 23:00,760.2,6,1.0,1
2024-07-22 00:00,760.2,6,1.0,1
2024-07-22 01:00,760.2,6,1.0,1
2024-07-22 02:00,760.2,6,1.0,1
2024-07-22 03:00,760.2,6,1.0,1
2024-07-22 04:00,760.2,6,1.0,1
2024-07-22 05:00,760.2,6,1.0,1
2024-07-22 06:00,760.2,6,1.0,1
2024-07-22 07:00,760.2,6,1.0,1
2024-07-22 08:00,760.2,6,1.0,1
2024-07-22 09:00,760.2,6,1.0,1
2024-07-22 10:00,760.2,6,1.0,1
2024-07-22 11:00,760.2,6,1.0,1
2024-07-22 12:00,761.6,6,1.0,1
2024-07-22 13:00,767.1,6,1.0,1
2024-07-22 14:00,767.1,6,1.0,1
2024-07-22 15:00,767.7,6,1.0,1
2024-07-22 16:00,767.9,6,1.0,1
2024-07-22 17:00,770.3,6,1.0,1
2024-07-22 18:00,771.1,6,1.0,1
2024-07-22 19:00,772.1,6,1.0,1
2024-07-22 20:00,772.3,6,1.0,1
2024-07-22 21:00,772.3,6,1.0,1
2024-07-22 22:00,772.3,6,1.0,1
2024-07-22 23:00,772.3,6,1.0,1
2024-07-23 00:00,772.3,6,1.0,1
2024-07-23 01:00,772.3,6,1.0,1
2024-07-23 02:00,772.3,6,1.0,1
2024-07-23 03:00,772.3,6,1.0,1
2024-07-23 04:00,772.3,6,1.0,1
2024-07-23 05:00,772.3,6,1.0,1
2024-07-23 06:00,772.3,6,1.0,1
2024-07-23 07:00,772.3,6,1.0,1
2024-07-23 08:00,772.3,6,1.0,1
2024-07-23 09:00,772.3,6,1.0,1
2024-07-23 10:00,772.3,6,1.0,1
2024-07-23 11:00,772.3,6,1.0,1
2024-07-23 12:00,772.3,6,1.0,1
2024-07-23 13:00,772.3,6,1.0,1
2024-07-23 14:00,772.3,6,1.0,1
2024-07-23 15:00,772.3,6,1.0,1
2024-07-23 16:00,772.3,6,1.0,1
2024-07-23 17:00,772.3,6,1.0,1
2024-07-23 18:00,772.3,6,1.0,1
2024-07-23 19:00,772.3,6,1.0,1
2024-07-23 20:00,772.3,6,1.0,1
2024-07-23 21:00,772.3,6,1.0,1
2024-07-23 22:00,772.3,6,1.0,1
2024-07-23 23:00,772.3,6,1.0,1
2024-07-24 00:00,772.3,6,1.0,1
2024-07-24 01:00,772.3,6,1.0,1
2024-07-24 02:00,772.3,6,1.0,1
2024-07-24 03:00,772.3,6,1.0,1
2024-07-24 04:00,772.3,6,1.0,1
2024-07-24 05:00,772.3,6,1.0,1
2024-07-24 06:00,772.3,6,1.0,1
2024-07-24 07:00,772.3,6,1.0,1
2024-07-24 08:00,772.3,6,1.0,1
2024-07-24 09:00,772.3,6,1.0,1
2024-07-24 10:00,772.3,6,1.0,1
2024-07-24 11:00,772.3,6,1.0,1
2024-07-24 12:00,772.3,6,1.0,1
2024-07-24 13:00,772.3,6,1.0,1
2024-07-24 14:00,772.3,6,1.0,1
2024-07-24 15:00,772.3,6,1.0,1
2024-07-24 16:00,772.3,6,1.0,1
2024-07-24 17:00,772.3,6,1.0,1
2024-07-24 18:00,772.3,6,1.0,1
2024-07-24 19:00,772.3,6,1.0,1
2024-07-24 20:00,772.3,6,1.0,1
2024-07-24 21:00,772.3,6,1.0,1
2024-07-24 22:00,772.3,6,1.0,1
2024-07-24 23:00,772.3,6,1.0,1
2024-07-25 00:00,772.3,6,1.0,1
2024-07-25 01:00,772.3,6,1.0,1
2024-07-25 02:00,772.3,6,1.0,1
2024-07-25 03:00,772.3,6,1.0,1
2024-07-25 04:00,772.3,6,1.0,1
2024-07-25 05:00,772.3,6,1.0,1
2024-07-25 06:00,772.3,6,1.0,1
2024-07-25 07:00,772.3,6,1.0,1
2024-07-25 08:00,772.3,6,1.0,1
2024-07-25 09:00,772.3,6,1.0,1
2024-07-25 10:00,772.3,6,1.0,1
2024-07-25 11:00,772.3,6,1.0,1
2024-07-25 12:00,772.3,6,1.0,1
2024-07-25 13:00,772.3,6,1.0,1
2024-07-25 14:00,772.3,6,1.0,1
2024-07-25 15:00,772.3,6,1.0,1
2024-07-25 16:00,772.3,6,1.0,1
2024-07-25 17:00,772.3,6,1.0,1
2024-07-25 18:00,772.3,6,1.0,1
2024-07-25 19:00,772.3,6,1.0,1
2024-07-25 20:00,772.3,6,1.0,1
2024-07-25 21:00,772.3,6,1.0,1
2024-07-25 22:00,772.3,6,1.0,1
2024-07-25 23:00,772.3,6,1.0,1
2024-07-26 00:00,772.3,6,1.0,1
2024-07-26 01:00,772.3,6,1.0,1
2024-07-26 02:00,772.3,6,1.0,1
2024-07-26 03:00,772.3,6,1.0,1
2024-07-26 04:00,772.3,6,1.0,1
2024-07-26 05:00,772.3,6,1.0,1
2024-07-26 06:00,772.3,6,1.0,1
2024-07-26 07:00,772.3,6,1.0,1
2024-07-26 08:00,772.3,6,1.0,1
2024-07-26 09:00,772.3,6,1.0,1
2024-07-26 10:00,772.3,6,1.0,1
2024-07-26 11:00,772.3,6,1.0,1
2024-07-26 12:00,772.3,6,1.0,1
2024-07-26 13:00,772.3,6,1.0,1
2024-07-26 14:00,772.3,6,1.0,1
2024-07-26 15:00,772.3,6,1.0,1
2024-07-26 16:00,772.3,6,1.0,1
2024-07-26 17:00,772.3,6,1.0,1
2024-07-26 18:00,772.3,6,1.0,1
2024-07-26 19:00,772.3,6,1.0,1
2024-07-26 20:00,772.3,6,1.0,1
2024-07-26 21:00,772.3,6,1.0,1
2024-07-26 22:00,772.3,6,1.0,1
2024-07-26 23:00,772.3,6,1.0,1
2024-07-27 00:00,772.3,6,1.0,1
2024-07-27 01:00,772.3,6,1.0,1
2024-07-27 02:00,772.3,6,1.0,1
2024-07-27 03:00,772.3,6,1.0,1
2024-07-27 04:00,772.3,6,1.0,1
2024-07-27 05:00,772.3,6,1.0,1
2024-07-27 06:00,772.3,6,1.0,1
2024-07-27 07:00,772.3,6,1.0,1
2024-07-27 08:00,772.3,6,1.0,1
2024-07-27 09:00,772.3,6,1.0,1
2024-07-27 10:00,772.3,6,1.0,1
2024-07-27 11:00,772.3,6,1.0,1
2024-07-27 12:00,772.3,6,1.0,1
2024-07-27 13:00,772.3,6,1.0,1
2024-07-27 14:00,772.3,6,1.0,1
2024-07-27 15:00,772.3,6,1.0,1
2024-07-27 16:00,772.3,6,1.0,1
2024-07-27 17:00,772.3,6,1.0,1
2024-07-27 18:00,772.3,6,1.0,1
2024-07-27 19:00,772.3,6,1.0,1
2024-07-27 20:00,772.3,6,1.0,1
2024-07-27 21:00,772.3,6,1.0,1
2024-07-27 22:00,772.3,6,1.0,1
2024-07-27 23:00,772.3,6,1.0,1
2024-07-28 00:00,772.3,6,1.0,1
2024-07-28 01:00,772.3,6,1.0,1
2024-07-28 02:00,772.3,6,1.0,1
2024-07-28 03:00,772.3,6,1.0,1
2024-07-28 04:00,772.3,6,1.0,1
2024-07-28 05:00,772.3,6,1.0,1
2024-07-28 06:00,772.3,6,1.0,1
2024-07-28 07:00,772.3,6,1.0,1
2024-07-28 08:00,772.3,6,1.0,1
2024-07-28 09:00,772.3,6,1.0,1
2024-07-28 10:00,772.3,6,1.0,1
2024-07-28 11:00,772.3,6,1.0,1
2024-07-28 12:00,772.3,6,1.0,1
2024-07-28 13:00,772.3,6,1.0,1
2024-07-28 14:00,772.3,6,1.0,1
2024-07-28 15:00,772.3,6,1.0,1
2024-07-28 16:00,772.3,6,1.0,1
2024-07-28 17:00,772.3,6,1.0,1
2024-07-28 18:00,772.3,6,1.0,1
2024-07-28 19:00,772.3,6,1.0,1
2024-07-28 20:00,772.3,6,1.0,1
2024-07-28 21:00,772.3,6,1.0,1
2024-07-28 22:00,772.3,6,1.0,1
2024-07-28 23:00,772.3,6,1.0,1
2024-07-29 00:00,772.3,6,1.0,1
2024-07-29 01:00,772.3,6,1.0,1
2024-07-29 02:00,772.3,6,1.0,1
2024-07-29 03:00,772.3,6,1.0,1
2024-07-29 04:00,772.3,6,1.0,1
2024-07-29 05:00,772.3,6,1.0,1
2024-07-29 06:00,772.3,6,1.0,1
2024-07-29 07:00,772.3,6,1.0,1
2024-07-29 08:00,772.3,6,1.0,1
2024-07-29 09:00,772.3,6,1.0,1
2024-07-29 10:00,772.3,6,1.0,1
2024-07-29 11:00,772.3,6,1.0,1
2024-07-29 12:00,772.3,6,1.0,1
2024-07-29 13:00,772.3,6,1.0,1
2024-07-29 14:00,772.3,6,1.0,1
2024-07-29 15:00,772.3,6,1.0,1
2024-07-29 16:00,772.3,6,1.0,1
2024-07-29 17:00,772.3,6,1.0,1
2024-07-29 18:00,772.3,6,1.0,1
2024-07-29 19:00,772.3,6,1.0,1
2024-07-29 20:00,772.3,6,1.0,1
2024-07-29 21:00,772.3,6,1.0,1
2024-07-29 22:00,772.3,6,1.0,1
2024-07-29 23:00,772.3,6,1.0,1
2024-07-30 00:00,772.3,6,1.0,1
2024-07-30 01:00,772.3,6,1.0,1
2024-07-30 02:00,772.3,6,1.0,1
2024-07-30 03:00,772.3,6,1.0,1
2024-07-30 04:00,772.3,6,1.0,1
2024-07-30 05:00,772.3,6,1.0,1
2024-07-30 06:00,772.3,6,1.0,1
2024-07-30 07:00,772.3,6,1.0,1
2024-07-30 08:00,772.3,6,1.0,1
2024-07-30 09:00,772.3,6,1.0,1
2024-07-30 10:00,772.3,6,1.0,1
2024-07-30 11:00,772.3,6,1.0,1
2024-07-30 12:00,772.3,6,1.0,1
2024-07-30 13:00,772.3,6,1.0,1
2024-07-30 14:00,772.3,6,1.0,1
2024-07-30 15:00,772.3,6,1.0,1
2024-07-30 16:00,772.3,6,1.0,1
2024-07-30 17:00,772.3,6,1.0,1
2024-07-30 18:00,772.3,6,1.0,1
2024-07-30 19:00,772.3,6,1.0,1
2024-07-30 20:00,772.3,6,1.0,1
2024-07-30 21:00,772.3,6,1.0,1
2024-07-30 22:00,772.3,6,1.0,1
2024-07-30 23:00,772.3,6,1.0,1
2024-07-31 00:00,772.3,6,1.0,1
2024-07-31 01:00,772.3,6,1.0,1
2024-07-31 02:00,772.3,6,1.0,1
2024-07-31 03:00,772.3,6,1.0,1
2024-07-31 04:00,772.3,6,1.0,1
2024-07-31 05:00,772.3,6,1.0,1
2024-07-31 06:00,772.3,6,1.0,1
2024-07-31 07:00,772.3,6,1.0,1
2024-07-31 08:00,772.3,6,1.0,1
2024-07-31 09:00,772.3,6,1.0,1
2024-07-31 10:00,772.3,6,1.0,1
2024-07-31 11:00,772.3,6,1.0,1
2024-07-31 12:00,772.3,6,1.0,1
2024-07-31 13:00,772.3,6,1.0,1
2024-07-31 14:00,772.3,6,1.0,1
2024-07-31 15:00,772.3,6,1.0,1
2024-07-31 16:00,772.3,6,1.0,1
2024-07-31 17:00,772.3,6,1.0,1
2024-07-31 18:00,772.3,6,1.0,1
2024-07-31 19:00,772.3,6,1.0,1
2024-07-31 20:00,772.3,6,1.0,1
2024-07-31 21:00,772.3,6,1.0,1
2024-07-31 22:00,772.3,6,1.0,1
2024-07-31 23:00,772.3,6,1.0,1
2024-08-01 00:00,772.3,6,1.0,1
2024-08-01 01:00,772.3,6,1.0,1
2024-08-01 02:00,772.3,6,1.0,1
2024-08-01 03:00,772.3,6,1.0,1
2024-08-01 04:00,772.3,6,1.0,1
2024-08-01 05:00,772.3,6,1.0,1
2024-08-01 06:00,772.3,6,1.0,1
2024-08-01 07:00,772.3,6,1.0,1
2024-08-01 08:00,772.3,6,1.0,1
2024-08-01 09:00,772.3,6,1.0,1
2024-08-01 10:00,772.3,6,1.0,1
2024-08-01 11:00,772.3,6,1.0,1
2024-08-01 12:00,772.3,6,1.0,1
2024-08-01 13:00,772.3,6,1.0,1
2024-08-01 14:00,772.3,6,1.0,1
2024-08-01 15:00,772.3,6,1.0,1
2024-08-01 16:00,772.3,6,1.0,1
2024-08-01 17:00,772.3,6,1.0,1
2024-08-01 18:00,772.3,6,1.0,1
2024-08-01 19:00,772.3,6,1.0,1
2024-08-01 20:00,772.3,6,1.0,1
2024-08-01 21:00,772.3,6,1.0,1
2024-08-01 22:00,772.3,6,1.0,1
2024-08-01 23:00,772.3,6,1.0,1
2024-08-02 00:00,772.3,6,1.0,1
2024-08-02 01:00,772.3,6,1.0,1
2024-08-02 02:00,772.3,6,1.0,1
2024-08-02 03:00,772.3,6,1.0,1
2024-08-02 04:00,772.3,6,1.0,1
2024-08-02 05:00,772.3,6,1.0,1
2024-08-02 06:00,772.3,6,1.0,1
2024-08-02 07:00,772.3,6,1.0,1
2024-08-02 08:00,772.3,6,1.0,1
2024-08-02 09:00,772.3,6,1.0,1
2024-08-02 10:00,772.3,6,1.0,1
2024-08-02 11:00,772.3,6,1.0,1
2024-08-02 12:00,772.3,6,1.0,1
2024-08-02 13:00,772.3,6,1.0,1
2024-08-02 14:00,772.3,6,1.0,1
2024-08-02 15:00,772.3,6,1.0,1
2024-08-02 16:00,772.3,6,1.0,1
2024-08-02 17:00,772.3,6,1.0,1
2024-08-02 18:00,772.3,6,1.0,1
2024-08-02 19:00,772.3,6,1.0,1
2024-08-02 20:00,772.3,6,1.0,1
2024-08-02 21:00,772.3,6,1.0,1
2024-08-02 22:00,772.3,6,1.0,1
2024-08-02 23:00,772.3,6,1.0,1
2024-08-03 00:00,772.3,6,1.0,1
2024-08-03 01:00,772.3,6,1.0,1
2024-08-03 02:00,772.3,6,1.0,1
2024-08-03 03:00,772.3,6,1.0,1
2024-08-03 04:00,772.3,6,1.0,1
2024-08-03 05:00,772.3,6,1.0,1
2024-08-03 06:00,772.3,6,1.0,1
2024-08-03 07:00,772.3,6,1.0,1
2024-08-03 08:00,772.3,6,1.0,1
2024-08-03 09:00,772.3,6,1.0,1
2024-08-03 10:00,772.3,6,1.0,1
2024-08-03 11:00,772.3,6,1.0,1
2024-08-03 12:00,772.3,6,1.0,1
2024-08-03 13:00,772.3,6,1.0,1
2024-08-03 14:00,772.3,6,1.0,1
2024-08-03 15:00,772.3,6,1.0,1
2024-08-03 16:00,772.3,6,1.0,1
2024-08-03 17:00,772.3,6,1.0,1
2024-08-03 18:00,772.3,6,1.0,1
2024-08-03 19:00,772.3,6,1.0,1
2024-08-03 20:00,772.3,6,1.0,1
2024-08-03 21:00,772.3,6,1.0,1
2024-08-03 22:00,772.3,6,1.0,1
2024-08-03 23:00,772.3,6,1.0,1
2024-08-04 00:00,772.3,6,1.0,1
2024-08-04 01:00,772.3,6,1.0,1
2024-08-04 02:00,772.3,6,1.0,1
2024-08-04 03:00,772.3,6,1.0,1
2024-08-04 04:00,772.3,6,1.0,1
2024-08-04 05:00,772.3,6,1.0,1
2024-08-04 06:00,772.3,6,1.0,1
2024-08-04 07:00,772.3,6,1.0,1
2024-08-04 08:00,772.3,6,1.0,1
2024-08-04 09:00,772.3,6,1.0,1
2024-08-04 10:00,772.3,6,1.0,1
2024-08-04 11:00,772.3,6,1.0,1
2024-08-04 12:00,772.3,6,1.0,1
2024-08-04 13:00,772.3,6,1.0,1
2024-08-04 14:00,772.3,6,1.0,1
2024-08-04 15:00,772.3,6,1.0,1
2024-08-04 16:00,772.3,6,1.0,1
2024-08-04 17:00,772.3,6,1.0,1
2024-08-04 18:00,772.3,6,1.0,1
2024-08-04 19:00,772.3,6,1.0,1
2024-08-04 20:00,772.3,6,1.0,1
2024-08-04 21:00,772.3,6,1.0,1
2024-08-04 22:00,772.3,6,1.0,1
2024-08-04 23:00,772.3,6,1.0,1
2024-08-05 00:00,772.3,6,1.0,1
2024-08-05 01:00,772.3,6,1.0,1
2024-08-05 02:00,772.3,6,1.0,1
2024-08-05 03:00,772.3,6,1.0,1
2024-08-05 04:00,772.3,6,1.0,1
2024-08-05 05:00,772.3,6,1.0,1
2024-08-05 06:00,772.3,6,1.0,1
2024-08-05 07:00,772.3,6,1.0,1
2024-08-05 08:00,772.3,6,1.0,1
2024-08-05 09:00,772.3,6,1.0,1
2024-08-05 10:00,772.3,6,1.0,1
2024-08-05 11:00,772.3,6,1.0,1
2024-08-05 12:00,772.3,6,1.0,1
2024-08-05 13:00,772.3,6,1.0,1
2024-08-05 14:00,772.3,6,1.0,1
2024-08-05 15:00,772.3,6,1.0,1
2024-08-05 16:00,772.3,6,1.0,1
2024-08-05 17:00,772.3,6,1.0,1
2024-08-05 18:00,772.3,6,1.0,1
2024-08-05 19:00,772.3,6,1.0,1
2024-08-05 20:00,772.3,6,1.0,1
2024-08-05 21:00,772.3,6,1.0,1
2024-08-05 22:00,772.3,6,1.0,1
2024-08-05 23:00,772.3,6,1.0,1
2024-08-06 00:00,772.3,6,1.0,1
2024-08-06 01:00,772.3,6,1.0,1
2024-08-06 02:00,772.3,6,1.0,1
2024-08-06 03:00,772.3,6,1.0,1
2024-08-06 04:00,772.3,6,1.0,1
2024-08-06 05:00,772.3,6,1.0,1
2024-08-06 06:00,772.3,6,1.0,1
2024-08-06 07:00,772.3,6,1.0,1
2024-08-06 08:00,772.3,6,1.0,1
2024-08-06 09:00,772.3,6,1.0,1
2024-08-06 10:00,772.3,6,1.0,1
2024-08-06 11:00,772.3,6,1.0,1
2024-08-06 12:00,772.3,6,1.0,1
2024-08-06 13:00,772.3,6,1.0,1
2024-08-06 14:00,772.3,6,1.0,1
2024-08-06 15:00,772.3,6,1.0,1
2024-08-06 16:00,772.3,6,1.0,1
2024-08-06 17:00,772.3,6,1.0,1
2024-08-06 18:00,772.3,6,1.0,1
2024-08-06 19:00,772.3,6,1.0,1
2024-08-06 20:00,772.3,6,1.0,1
2024-08-06 21:00,772.3,6,1.0,1
2024-08-06 22:00,772.3,6,1.0,1
2024-08-06 23:00,772.3,6,1.0,1
2024-08-07 00:00,772.3,6,1.0,1
2024-08-07 01:00,772.3,6,1.0,1
2024-08-07 02:00,772.3,6,1.0,1
2024-08-07 03:00,772.3,6,1.0,1
2024-08-07 04:00,772.3,6,1.0,1
2024-08-07 05:00,772.3,6,1.0,1
2024-08-07 06:00,772.3,6,1.0,1
2024-08-07 07:00,772.3,6,1.0,1
2024-08-07 08:00,772.3,6,1.0,1
2024-08-07 09:00,772.3,6,1.0,1
2024-08-07 10:00,772.3,6,1.0,1
2024-08-07 11:00,772.3,6,1.0,1
2024-08-07 12:00,772.3,6,1.0,1
2024-08-07 13:00,772.3,6,1.0,1
2024-08-07 14:00,772.3,6,1.0,1
2024-08-07 15:00,772.3,6,1.0,1
2024-08-07 16:00,772.3,6,1.0,1
2024-08-07 17:00,772.3,6,1.0,1
2024-08-07 18:00,772.3,6,1.0,1
2024-08-07 19:00,772.3,6,1.0,1
2024-08-07 20:00,772.3,6,1.0,1
2024-08-07 21:00,772.3,6,1.0,1
2024-08-07 22:00,772.3,6,1.0,1
2024-08-07 23:00,772.3,6,1.0,1
2024-08-08 00:00,772.3,6,1.0,1
2024-08-08 01:00,772.3,6,1.0,1
2024-08-08 02:00,772.3,6,1.0,1
2024-08-08 03:00,772.3,6,1.0,1
2024-08-08 04:00,772.3,6,1.0,1
2024-08-08 05:00,772.3,6,1.0,1
2024-08-08 06:00,772.3,6,1.0,1
2024-08-08 07:00,772.3,6,1.0,1
2024-08-08 08:00,772.3,6,1.0,1
2024-08-08 09:00,772.3,6,1.0,1
2024-08-08 10:00,772.3,6,1.0,1
2024-08-08 11:00,772.3,6,1.0,1
2024-08-08 12:00,772.3,6,1.0,1
2024-08-08 13:00,772.3,6,1.0,1
2024-08-08 14:00,772.3,6,1.0,1
2024-08-08 15:00,772.3,6,1.0,1
2024-08-08 16:00,772.3,6,1.0,1
2024-08-08 17:00,772.3,6,1.0,1
2024-08-08 18:00,772.3,6,1.0,1
2024-08-08 19:00,772.3,6,1.0,1
2024-08-08 20:00,772.3,6,1.0,1
2024-08-08 21:00,772.3,6,1.0,1
2024-08-08 22:00,772.3,6,1.0,1
2024-08-08 23:00,772.3,6,1.0,1
2024-08-09 00:00,772.3,6,1.0,1
2024-08-09 01:00,772.3,6,1.0,1
2024-08-09 02:00,772.3,6,1.0,1
2024-08-09 03:00,772.3,6,1.0,1
2024-08-09 04:00,772.3,6,1.0,1
2024-08-09 05:00,772.3,6,1.0,1
2024-08-09 06:00,772.3,6,1.0,1
2024-08-09 07:00,772.3,6,1.0,1
2024-08-09 08:00,772.3,6,1.0,1
2024-08-09 09:00,772.3,6,1.0,1
2024-08-09 10:00,772.3,6,1.0,1
2024-08-09 11:00,772.3,6,1.0,1
2024-08-09 12:00,772.3,6,1.0,1
2024-08-09 13:00,772.3,6,1.0,1
2024-08-09 14:00,772.3,6,1.0,1
2024-08-09 15:00,772.3,6,1.0,1
2024-08-09 16:00,772.3,6,1.0,1
2024-08-09 17:00,772.3,6,1.0,1
2024-08-09 18:00,772.3,6,1.0,1
2024-08-09 19:00,772.3,6,1.0,1
2024-08-09 20:00,772.3,6,1.0,1
2024-08-09 21:00,772.3,6,1.0,1
2024-08-09 22:00,772.3,6,1.0,1
2024-08-09 23:00,772.3,6,1.0,1
2024-08-10 00:00,772.3,6,1.0,1
2024-08-10 01:00,772.3,6,1.0,1
2024-08-10 02:00,772.3,6,1.0,1
2024-08-10 03:00,772.3,6,1.0,1
2024-08-10 04:00,772.3,6,1.0,1
2024-08-10 05:00,772.3,6,1.0,1
2024-08-10 06:00,772.3,6,1.0,1
2024-08-10 07:00,772.3,6,1.0,1
2024-08-10 08:00,772.3,6,1.0,1
2024-08-10 09:00,772.3,6,1.0,1
2024-08-10 10:00,772.3,6,1.0,1
2024-08-10 11:00,772.3,6,1.0,1
2024-08-10 12:00,772.3,6,1.0,1
2024-08-10 13:00,772.3,6,1.0,1
2024-08-10 14:00,772.3,6,1.0,1
2024-08-10 15:00,772.3,6,1.0,1
2024-08-10 16:00,772.3,6,1.0,1
2024-08-10 17:00,772.3,6,1.0,1
2024-08-10 18:00,772.3,6,1.0,1
2024-08-10 19:00,772.3,6,1.0,1
2024-08-10 20:00,772.3,6,1.0,1
2024-08-10 21:00,772.3,6,1.0,1
2024-08-10 22:00,772.3,6,1.0,1
2024-08-10 23:00,772.3,6,1.0,1
2024-08-11 00:00,772.3,6,1.0,1
2024-08-11 01:00,772.3,6,1.0,1
2024-08-11 02:00,772.3,6,1.0,1
2024-08-11 03:00,772.3,6,1.0,1
2024-08-11 04:00,772.3,6,1.0,1
2024-08-11 05:00,772.3,6,1.0,1
2024-08-11 06:00,772.3,6,1.0,1
2024-08-11 07:00,772.3,6,1.0,1
2024-08-11 08:00,772.3,6,1.0,1
2024-08-11 09:00,772.3,6,1.0,1
2024-08-11 10:00,772.3,6,1.0,1
2024-08-11 11:00,772.3,6,1.0,1
2024-08-11 12:00,772.3,6,1.0,1
2024-08-11 13:00,772.3,6,1.0,1
2024-08-11 14:00,772.3,6,1.0,1
2024-08-11 15:00,772.3,6,1.0,1
2024-08-11 16:00,772.5,6,1.0,1
2024-08-11 17:00,772.5,6,1.0,1
2024-08-11 18:00,772.5,6,1.0,1
2024-08-11 19:00,772.5,6,1.0,1
2024-08-11 20:00,772.5,6,1.0,1
2024-08-11 21:00,772.5,6,1.0,1
2024-08-11 22:00,772.5,6,1.0,1
2024-08-11 23:00,772.5,6,1.0,1
2024-08-12 00:00,772.5,6,1.0,1
2024-08-12 01:00,772.5,6,1.0,1
2024-08-12 02:00,772.5,6,1.0,1
2024-08-12 03:00,772.5,6,1.0,1
2024-08-12 04:00,772.5,6,1.0,1
2024-08-12 05:00,772.5,6,1.0,1
2024-08-12 06:00,772.5,6,1.0,1
2024-08-12 07:00,772.5,6,1.0,1
2024-08-12 08:00,772.5,6,1.0,1
2024-08-12 09:00,772.5,6,1.0,1
2024-08-12 10:00,772.5,6,1.0,1
2024-08-12 11:00,772.5,6,1.0,1
2024-08-12 12:00,772.5,6,1.0,1
2024-08-12 13:00,772.5,6,1.0,1
2024-08-12 14:00,772.5,6,1.0,1
2024-08-12 15:00,772.5,6,1.0,1
2024-08-12 16:00,772.5,6,1.0,1
2024-08-12 17:00,772.5,6,1.0,1
2024-08-12 18:00,772.5,6,1.0,1
2024-08-12 19:00,772.5,6,1.0,1
2024-08-12 20:00,772.5,6,1.0,1
2024-08-12 21:00,772.5,6,1.0,1
2024-08-12 22:00,772.5,6,1.0,1
2024-08-12 23:00,772.5,6,1.0,1
2024-08-13 00:00,772.5,6,1.0,1
2024-08-13 01:00,772.5,6,1.0,1
2024-08-13 02:00,772.5,6,1.0,1
2024-08-13 03:00,772.5,6,1.0,1
2024-08-13 04:00,772.5,6,1.0,1
2024-08-13 05:00,772.5,6,1.0,1
2024-08-13 06:00,772.5,6,1.0,1
2024-08-13 07:00,772.5,6,1.0,1
2024-08-13 08:00,772.5,6,1.0,1
2024-08-13 09:00,772.5,6,1.0,1
2024-08-13 10:00,772.5,6,1.0,1
2024-08-13 11:00,772.5,6,1.0,1
2024-08-13 12:00,772.5,6,1.0,1
2024-08-13 13:00,772.5,6,1.0,1
2024-08-13 14:00,772.5,6,1.0,1
2024-08-13 15:00,772.5,6,1.0,1
2024-08-13 16:00,772.5,6,1.0,1
2024-08-13 17:00,772.5,6,1.0,1
2024-08-13 18:00,772.5,6,1.0,1
2024-08-13 19:00,772.5,6,1.0,1
2024-08-13 20:00,772.5,6,1.0,1
2024-08-13 21:00,772.5,6,1.0,1
2024-08-13 22:00,772.5,6,1.0,1
2024-08-13 23:00,772.5,6,1.0,1
2024-08-14 00:00,772.5,6,1.0,1
2024-08-14 01:00,772.5,6,1.0,1
2024-08-14 02:00,772.5,6,1.0,1
2024-08-14 03:00,772.5,6,1.0,1
2024-08-14 04:00,772.5,6,1.0,1
2024-08-14 05:00,772.5,6,1.0,1
2024-08-14 06:00,772.5,6,1.0,1
2024-08-14 07:00,772.5,6,1.0,1
2024-08-14 08:00,772.5,6,1.0,1
2024-08-14 09:00,772.5,6,1.0,1
2024-08-14 10:00,772.5,6,1.0,1
2024-08-14 11:00,772.5,6,1.0,1
2024-08-14 12:00,772.5,6,1.0,1
2024-08-14 13:00,772.5,6,1.0,1
2024-08-14 14:00,772.5,6,1.0,1
2024-08-14 15:00,772.5,6,1.0,1
2024-08-14 16:00,772.5,6,1.0,1
2024-08-14 17:00,772.5,6,1.0,1
2024-08-14 18:00,772.5,6,1.0,1
2024-08-14 19:00,772.5,6,1.0,1
2024-08-14 20:00,772.5,6,1.0,1
2024-08-14 21:00,772.5,6,1.0,1
2024-08-14 22:00,772.5,6,1.0,1
2024-08-14 23:00,772.5,6,1.0,1
2024-08-15 00:00,772.5,6,1.0,1
2024-08-15 01:00,772.5,6,1.0,1
2024-08-15 02:00,772.5,6,1.0,1
2024-08-15 03:00,772.5,6,1.0,1
2024-08-15 04:00,772.5,6,1.0,1
2024-08-15 05:00,772.5,6,1.0,1
2024-08-15 06:00,772.5,6,1.0,1
2024-08-15 07:00,772.5,6,1.0,1
2024-08-15 08:00,772.5,6,1.0,1
2024-08-15 09:00,772.5,6,1.0,1
2024-08-15 10:00,772.5,6,1.0,1
2024-08-15 11:00,772.5,6,1.0,1
2024-08-15 12:00,772.5,6,1.0,1
2024-08-15 13:00,772.5,6,1.0,1
2024-08-15 14:00,772.5,6,1.0,1
2024-08-15 15:00,772.5,6,1.0,1
2024-08-15 16:00,772.5,6,1.0,1
2024-08-15 17:00,772.5,6,1.0,1
2024-08-15 18:00,772.5,6,1.0,1
2024-08-15 19:00,772.5,6,1.0,1
2024-08-15 20:00,772.5,6,1.0,1
2024-08-15 21:00,772.5,6,1.0,1
2024-08-15 22:00,772.5,6,1.0,1
2024-08-15 23:00,772.5,6,1.0,1
2024-08-16 00:00,772.5,6,1.0,1
2024-08-16 01:00,772.5,6,1.0,1
2024-08-16 02:00,772.5,6,1.0,1
2024-08-16 03:00,772.5,6,1.0,1
2024-08-16 04:00,772.5,6,1.0,1
2024-08-16 05:00,772.5,6,1.0,1
2024-08-16 06:00,772.5,6,1.0,1
2024-08-16 07:00,772.5,6,1.0,1
2024-08-16 08:00,772.5,6,1.0,1
2024-08-16 09:00,772.5,6,1.0,1
2024-08-16 10:00,772.5,6,1.0,1
2024-08-16 11:00,772.5,6,1.0,1
2024-08-16 12:00,772.5,6,1.0,1
2024-08-16 13:00,772.5,6,1.0,1
2024-08-16 14:00,772.5,6,1.0,1
2024-08-16 15:00,772.5,6,1.0,1
2024-08-16 16:00,772.5,6,1.0,1
2024-08-16 17:00,772.5,6,1.0,1
2024-08-16 18:00,772.5,6,1.0,1
2024-08-16 19:00,772.5,6,1.0,1
2024-08-16 20:00,772.5,6,1.0,1
2024-08-16 21:00,772.5,6,1.0,1
2024-08-16 22:00,772.5,6,1.0,1
2024-08-16 23:00,772.5,6,1.0,1
2024-08-17 00:00,772.5,6,1.0,1
2024-08-17 01:00,772.5,6,1.0,1
2024-08-17 02:00,772.5,6,1.0,1
2024-08-17 03:00,772.5,6,1.0,1
2024-08-17 04:00,772.5,6,1.0,1
2024-08-17 05:00,772.5,6,1.0,1
2024-08-17 06:00,772.5,6,1.0,1
2024-08-17 07:00,772.5,6,1.0,1
2024-08-17 08:00,772.5,6,1.0,1
2024-08-17 09:00,772.5,6,1.0,1
2024-08-17 10:00,772.5,6,1.0,1
2024-08-17 11:00,772.5,6,1.0,1
2024-08-17 12:00,772.5,6,1.0,1
2024-08-17 13:00,772.5,6,1.0,1
2024-08-17 14:00,772.5,6,1.0,1
2024-08-17 15:00,772.5,6,1.0,1
2024-08-17 16:00,772.5,6,1.0,1
2024-08-17 17:00,772.5,6,1.0,1
2024-08-17 18:00,772.5,6,1.0,1
2024-08-17 19:00,772.5,6,1.0,1
2024-08-17 20:00,772.5,6,1.0,1
2024-08-17 21:00,772.5,6,1.0,1
2024-08-17 22:00,772.5,6,1.0,1
2024-08-17 23:00,772.5,6,1.0,1
2024-08-18 00:00,772.5,6,1.0,1
2024-08-18 01:00,772.5,6,1.0,1
2024-08-18 02:00,772.5,6,1.0,1
2024-08-18 03:00,772.5,6,1.0,1
2024-08-18 04:00,772.5,6,1.0,1
2024-08-18 05:00,778.7,6,1.0,1
2024-08-18 06:00,779.3,6,1.0,1
2024-08-18 07:00,779.9,6,1.0,1
2024-08-18 08:00,780.1,6,1.0,1
2024-08-18 09:00,780.1,6,1.0,1
2024-08-18 10:00,780.1,6,1.0,1
2024-08-18 11:00,780.1,6,1.0,1
2024-08-18 12:00,780.1,6,1.0,1
2024-08-18 13:00,780.1,6,1.0,1
2024-08-18 14:00,780.1,6,1.0,1
2024-08-18 15:00,780.1,6,1.0,1
2024-08-18 16:00,780.1,6,1.0,1
2024-08-18 17:00,780.1,6,1.0,1
2024-08-18 18:00,783.5,6,1.0,1
2024-08-18 19:00,783.9,6,1.0,1
2024-08-18 20:00,784.1,6,1.0,1
2024-08-18 21:00,784.1,6,1.0,1
2024-08-18 22:00,784.1,6,1.0,1
2024-08-18 23:00,784.1,6,1.0,1
2024-08-19 00:00,784.1,6,1.0,1
2024-08-19 01:00,784.1,6,1.0,1
2024-08-19 02:00,784.1,6,1.0,1
2024-08-19 03:00,784.1,6,1.0,1
2024-08-19 04:00,784.3,6,1.0,1
2024-08-19 05:00,784.3,6,1.0,1
2024-08-19 06:00,785.1,6,1.0,1
2024-08-19 07:00,785.1,6,1.0,1
2024-08-19 08:00,785.1,6,1.0,1
2024-08-19 09:00,785.1,6,1.0,1
2024-08-19 10:00,785.1,6,1.0,1
2024-08-19 11:00,785.1,6,1.0,1
2024-08-19 12:00,785.1,6,1.0,1
2024-08-19 13:00,785.1,6,1.0,1
2024-08-19 14:00,785.1,6,1.0,1
2024-08-19 15:00,785.1,6,1.0,1
2024-08-19 16:00,785.1,6,1.0,1
2024-08-19 17:00,785.1,6,1.0,1
2024-08-19 18:00,785.1,6,1.0,1
2024-08-19 19:00,785.1,6,1.0,1
2024-08-19 20:00,785.1,6,1.0,1
2024-08-19 21:00,785.1,6,1.0,1
2024-08-19 22:00,785.1,6,1.0,1
2024-08-19 23:00,785.1,6,1.0,1
2024-08-20 00:00,785.1,6,1.0,1
2024-08-20 01:00,785.1,6,1.0,1
2024-08-20 02:00,785.1,6,1.0,1
2024-08-20 03:00,785.1,6,1.0,1
2024-08-20 04:00,785.1,6,1.0,1
2024-08-20 05:00,785.1,6,1.0,1
2024-08-20 06:00,785.1,6,1.0,1
2024-08-20 07:00,785.1,6,1.0,1
2024-08-20 08:00,785.1,6,1.0,1
2024-08-20 09:00,785.1,6,1.0,1
2024-08-20 10:00,785.1,6,1.0,1
2024-08-20 11:00,785.1,6,1.0,1
2024-08-20 12:00,785.1,6,1.0,1
2024-08-20 13:00,785.1,6,1.0,1
2024-08-20 14:00,785.1,6,1.0,1
2024-08-20 15:00,785.1,6,1.0,1
2024-08-20 16:00,785.1,6,1.0,1
2024-08-20 17:00,785.1,6,1.0,1
2024-08-20 18:00,798.7,6,1.0,1
2024-08-20 19:00,798.7,6,1.0,1
2024-08-20 20:00,798.9,6,1.0,1
2024-08-20 21:00,798.9,6,1.0,1
2024-08-20 22:00,798.9,6,1.0,1
2024-08-20 23:00,798.9,6,1.0,1
2024-08-21 00:00,798.9,6,1.0,1
2024-08-21 01:00,798.9,6,1.0,1
2024-08-21 02:00,798.9,6,1.0,1
2024-08-21 03:00,798.9,6,1.0,1
2024-08-21 04:00,798.9,6,1.0,1
2024-08-21 05:00,798.9,6,1.0,1
2024-08-21 06:00,798.9,6,1.0,1
2024-08-21 07:00,798.9,6,1.0,1
2024-08-21 08:00,798.9,6,1.0,1
2024-08-21 09:00,798.9,6,1.0,1
2024-08-21 10:00,798.9,6,1.0,1
2024-08-21 11:00,798.9,6,1.0,1
2024-08-21 12:00,798.9,6,1.0,1
2024-08-21 13:00,798.9,6,1.0,1
2024-08-21 14:00,798.9,6,1.0,1
2024-08-21 15:00,798.9,6,1.0,1
2024-08-21 16:00,798.9,6,1.0,1
2024-08-21 17:00,798.9,6,1.0,1
2024-08-21 18:00,799.1,6,1.0,1
2024-08-21 19:00,799.1,6,1.0,1
2024-08-21 20:00,799.1,6,1.0,1
2024-08-21 21:00,799.1,6,1.0,1
2024-08-21 22:00,799.1,6,1.0,1
2024-08-21 23:00,799.1,6,1.0,1
2024-08-22 00:00,799.1,6,1.0,1
2024-08-22 01:00,799.1,6,1.0,1
2024-08-22 02:00,799.1,6,1.0,1
2024-08-22 03:00,799.1,6,1.0,1
2024-08-22 04:00,799.1,6,1.0,1
2024-08-22 05:00,799.1,6,1.0,1
2024-08-22 06:00,799.1,6,1.0,1
2024-08-22 07:00,799.1,6,1.0,1
2024-08-22 08:00,799.1,6,1.0,1
2024-08-22 09:00,799.1,6,1.0,1
2024-08-22 10:00,799.1,6,1.0,1
2024-08-22 11:00,799.1,6,1.0,1
2024-08-22 12:00,799.1,6,1.0,1
2024-08-22 13:00,799.1,6,1.0,1
2024-08-22 14:00,799.1,6,1.0,1
2024-08-22 15:00,799.1,6,1.0,1
2024-08-22 16:00,799.1,6,1.0,1
2024-08-22 17:00,799.1,6,1.0,1
2024-08-22 18:00,799.1,6,1.0,1
2024-08-22 19:00,799.1,6,1.0,1
2024-08-22 20:00,799.1,6,1.0,1
2024-08-22 21:00,799.1,6,1.0,1
2024-08-22 22:00,799.1,6,1.0,1
2024-08-22 23:00,799.1,6,1.0,1
2024-08-23 00:00,799.1,6,1.0,1
2024-08-23 01:00,799.1,6,1.0,1
2024-08-23 02:00,799.1,6,1.0,1
2024-08-23 03:00,799.1,6,1.0,1
2024-08-23 04:00,799.1,6,1.0,1
2024-08-23 05:00,799.1,6,1.0,1
2024-08-23 06:00,799.1,6,1.0,1
2024-08-23 07:00,799.1,6,1.0,1
2024-08-23 08:00,799.1,6,1.0,1
2024-08-23 09:00,799.1,6,1.0,1
2024-08-23 10:00,799.1,6,1.0,1
2024-08-23 11:00,799.1,6,1.0,1
2024-08-23 12:00,799.1,6,1.0,1
2024-08-23 13:00,799.1,6,1.0,1
2024-08-23 14:00,799.1,6,1.0,1
2024-08-23 15:00,799.1,6,1.0,1
2024-08-23 16:00,799.1,6,1.0,1
2024-08-23 17:00,799.1,6,1.0,1
2024-08-23 18:00,799.1,6,1.0,1
2024-08-23 19:00,799.1,6,1.0,1
2024-08-23 20:00,799.1,6,1.0,1
2024-08-23 21:00,799.1,6,1.0,1
2024-08-23 22:00,799.1,6,1.0,1
2024-08-23 23:00,799.1,6,1.0,1
2024-08-24 00:00,799.1,6,1.0,1
2024-08-24 01:00,799.1,6,1.0,1
2024-08-24 02:00,799.1,6,1.0,1
2024-08-24 03:00,799.1,6,1.0,1
2024-08-24 04:00,799.1,6,1.0,1
2024-08-24 05:00,799.1,6,1.0,1
2024-08-24 06:00,799.1,6,1.0,1
2024-08-24 07:00,799.1,6,1.0,1
2024-08-24 08:00,799.1,6,1.0,1
2024-08-24 09:00,799.1,6,1.0,1
2024-08-24 10:00,799.1,6,1.0,1
2024-08-24 11:00,799.1,6,1.0,1
2024-08-24 12:00,799.1,6,1.0,1
2024-08-24 13:00,799.1,6,1.0,1
2024-08-24 14:00,799.1,6,1.0,1
2024-08-24 15:00,799.1,6,1.0,1
2024-08-24 16:00,799.1,6,1.0,1
2024-08-24 17:00,799.1,6,1.0,1
2024-08-24 18:00,799.1,6,1.0,1
2024-08-24 19:00,799.1,6,1.0,1
2024-08-24 20:00,799.1,6,1.0,1
2024-08-24 21:00,799.1,6,1.0,1
2024-08-24 22:00,799.1,6,1.0,1
2024-08-24 23:00,799.1,6,1.0,1
2024-08-25 00:00,799.1,6,1.0,1
2024-08-25 01:00,799.1,6,1.0,1
2024-08-25 02:00,799.1,6,1.0,1
2024-08-25 03:00,799.1,6,1.0,1
2024-08-25 04:00,799.1,6,1.0,1
2024-08-25 05:00,799.1,6,1.0,1
2024-08-25 06:00,799.1,6,1.0,1
2024-08-25 07:00,799.1,6,1.0,1
2024-08-25 08:00,799.1,6,1.0,1
2024-08-25 09:00,799.1,6,1.0,1
2024-08-25 10:00,799.1,6,1.0,1
2024-08-25 11:00,799.1,6,1.0,1
2024-08-25 12:00,799.1,6,1.0,1
2024-08-25 13:00,799.1,6,1.0,1
2024-08-25 14:00,799.1,6,1.0,1
2024-08-25 15:00,799.1,6,1.0,1
2024-08-25 16:00,799.1,6,1.0,1
2024-08-25 17:00,799.1,6,1.0,1
2024-08-25 18:00,799.1,6,1.0,1
2024-08-25 19:00,799.1,6,1.0,1
2024-08-25 20:00,799.1,6,1.0,1
2024-08-25 21:00,799.1,6,1.0,1
2024-08-25 22:00,799.1,6,1.0,1
2024-08-25 23:00,799.1,6,1.0,1
2024-08-26 00:00,799.1,6,1.0,1
2024-08-26 01:00,799.1,6,1.0,1
2024-08-26 02:00,799.1,6,1.0,1
2024-08-26 03:00,799.1,6,1.0,1
2024-08-26 04:00,799.1,6,1.0,1
2024-08-26 05:00,799.1,6,1.0,1
2024-08-26 06:00,799.1,6,1.0,1
2024-08-26 07:00,799.1,6,1.0,1
2024-08-26 08:00,799.1,6,1.0,1
2024-08-26 09:00,799.1,6,1.0,1
2024-08-26 10:00,799.1,6,1.0,1
2024-08-26 11:00,799.1,6,1.0,1
2024-08-26 12:00,799.1,6,1.0,1
2024-08-26 13:00,799.1,6,1.0,1
2024-08-26 14:00,799.1,6,1.0,1
2024-08-26 15:00,799.1,6,1.0,1
2024-08-26 16:00,799.1,6,1.0,1
2024-08-26 17:00,799.1,6,1.0,1
2024-08-26 18:00,799.1,6,1.0,1
2024-08-26 19:00,799.1,6,1.0,1
2024-08-26 20:00,799.1,6,1.0,1
2024-08-26 21:00,799.1,6,1.0,1
2024-08-26 22:00,799.1,6,1.0,1
2024-08-26 23:00,799.1,6,1.0,1
2024-08-27 00:00,799.1,6,1.0,1
2024-08-27 01:00,799.1,6,1.0,1
2024-08-27 02:00,799.1,6,1.0,1
2024-08-27 03:00,799.1,6,1.0,1
2024-08-27 04:00,799.1,6,1.0,1
2024-08-27 05:00,799.1,6,1.0,1
2024-08-27 06:00,799.1,6,1.0,1
2024-08-27 07:00,799.1,6,1.0,1
2024-08-27 08:00,799.1,6,1.0,1
2024-08-27 09:00,799.1,6,1.0,1
2024-08-27 10:00,799.1,6,1.0,1
2024-08-27 11:00,799.1,6,1.0,1
2024-08-27 12:00,799.1,6,1.0,1
2024-08-27 13:00,799.1,6,1.0,1
2024-08-27 14:00,799.1,6,1.0,1
2024-08-27 15:00,799.1,6,1.0,1
2024-08-27 16:00,799.1,6,1.0,1
2024-08-27 17:00,799.1,6,1.0,1
2024-08-27 18:00,799.1,6,1.0,1
2024-08-27 19:00,799.1,6,1.0,1
2024-08-27 20:00,799.1,6,1.0,1
2024-08-27 21:00,799.1,6,1.0,1
2024-08-27 22:00,799.1,6,1.0,1
2024-08-27 23:00,799.1,6,1.0,1
2024-08-28 00:00,799.1,6,1.0,1
2024-08-28 01:00,799.1,6,1.0,1
2024-08-28 02:00,799.1,6,1.0,1
2024-08-28 03:00,799.1,6,1.0,1
2024-08-28 04:00,799.1,6,1.0,1
2024-08-28 05:00,799.1,6,1.0,1
2024-08-28 06:00,799.1,6,1.0,1
2024-08-28 07:00,799.1,6,1.0,1
2024-08-28 08:00,799.1,6,1.0,1
2024-08-28 09:00,799.1,6,1.0,1
2024-08-28 10:00,799.1,6,1.0,1
2024-08-28 11:00,799.1,6,1.0,1
2024-08-28 12:00,799.1,6,1.0,1
2024-08-28 13:00,799.1,6,1.0,1
2024-08-28 14:00,799.1,6,1.0,1
2024-08-28 15:00,799.1,6,1.0,1
2024-08-28 16:00,799.1,6,1.0,1
2024-08-28 17:00,799.1,6,1.0,1
2024-08-28 18:00,799.1,6,1.0,1
2024-08-28 19:00,799.1,6,1.0,1
2024-08-28 20:00,799.1,6,1.0,1
2024-08-28 21:00,799.1,6,1.0,1
2024-08-28 22:00,799.1,6,1.0,1
2024-08-28 23:00,799.1,6,1.0,1
2024-08-29 00:00,799.1,6,1.0,1
2024-08-29 01:00,799.1,6,1.0,1
2024-08-29 02:00,799.1,6,1.0,1
2024-08-29 03:00,799.1,6,1.0,1
2024-08-29 04:00,799.1,6,1.0,1
2024-08-29 05:00,799.1,6,1.0,1
2024-08-29 06:00,799.1,6,1.0,1
2024-08-29 07:00,799.1,6,1.0,1
2024-08-29 08:00,799.1,6,1.0,1
2024-08-29 09:00,799.1,6,1.0,1
2024-08-29 10:00,799.1,6,1.0,1
2024-08-29 11:00,799.1,6,1.0,1
2024-08-29 12:00,799.1,6,1.0,1
2024-08-29 13:00,799.1,6,1.0,1
2024-08-29 14:00,799.1,6,1.0,1
2024-08-29 15:00,799.1,6,1.0,1
2024-08-29 16:00,799.1,6,1.0,1
2024-08-29 17:00,799.1,6,1.0,1
2024-08-29 18:00,799.1,6,1.0,1
2024-08-29 19:00,799.1,6,1.0,1
2024-08-29 20:00,799.1,6,1.0,1
2024-08-29 21:00,799.1,6,1.0,1
2024-08-29 22:00,799.1,6,1.0,1
2024-08-29 23:00,799.1,6,1.0,1
2024-08-30 00:00,799.1,6,1.0,1
2024-08-30 01:00,799.1,6,1.0,1
2024-08-30 02:00,799.1,6,1.0,1
2024-08-30 03:00,799.1,6,1.0,1
2024-08-30 04:00,799.1,6,1.0,1
2024-08-30 05:00,799.1,6,1.0,1
2024-08-30 06:00,799.1,6,1.0,1
2024-08-30 07:00,799.1,6,1.0,1
2024-08-30 08:00,799.1,6,1.0,1
2024-08-30 09:00,799.1,6,1.0,1
2024-08-30 10:00,799.1,6,1.0,1
2024-08-30 11:00,799.1,6,1.0,1
2024-08-30 12:00,799.1,6,1.0,1
2024-08-30 13:00,799.1,6,1.0,1
2024-08-30 14:00,799.1,6,1.0,1
2024-08-30 15:00,799.1,6,1.0,1
2024-08-30 16:00,799.1,6,1.0,1
2024-08-30 17:00,799.1,6,1.0,1
2024-08-30 18:00,799.1,6,1.0,1
2024-08-30 19:00,799.1,6,1.0,1
2024-08-30 20:00,799.1,6,1.0,1
2024-08-30 21:00,799.1,6,1.0,1
2024-08-30 22:00,799.1,6,1.0,1
2024-08-30 23:00,799.1,6,1.0,1
2024-08-31 00:00,799.1,6,1.0,1
2024-08-31 01:00,799.1,6,1.0,1
2024-08-31 02:00,799.1,6,1.0,1
2024-08-31 03:00,799.1,6,1.0,1
2024-08-31 04:00,799.1,6,1.0,1
2024-08-31 05:00,799.1,6,1.0,1
2024-08-31 06:00,799.1,6,1.0,1
2024-08-31 07:00,799.1,6,1.0,1
2024-08-31 08:00,799.1,6,1.0,1
2024-08-31 09:00,799.1,6,1.0,1
2024-08-31 10:00,799.1,6,1.0,1
2024-08-31 11:00,799.1,6,1.0,1
2024-08-31 12:00,799.1,6,1.0,1
2024-08-31 13:00,799.1,6,1.0,1
2024-08-31 14:00,799.1,6,1.0,1
2024-08-31 15:00,799.1,6,1.0,1
2024-08-31 16:00,799.1,6,1.0,1
2024-08-31 17:00,799.1,6,1.0,1
2024-08-31 18:00,799.1,6,1.0,1
2024-08-31 19:00,799.1,6,1.0,1
2024-08-31 20:00,799.1,6,1.0,1
2024-08-31 21:00,799.1,6,1.0,1
2024-08-31 22:00,799.1,6,1.0,1
2024-08-31 23:00,799.1,6,1.0,1
2024-09-01 00:00,799.1,6,1.0,1
2024-09-01 01:00,799.1,6,1.0,1
2024-09-01 02:00,799.1,6,1.0,1
2024-09-01 03:00,799.1,6,1.0,1
2024-09-01 04:00,799.1,6,1.0,1
2024-09-01 05:00,799.1,6,1.0,1
2024-09-01 06:00,799.1,6,1.0,1
2024-09-01 07:00,799.1,6,1.0,1
2024-09-01 08:00,799.1,6,1.0,1
2024-09-01 09:00,799.1,6,1.0,1
2024-09-01 10:00,799.1,6,1.0,1
2024-09-01 11:00,799.1,6,1.0,1
2024-09-01 12:00,799.1,6,1.0,1
2024-09-01 13:00,799.1,6,1.0,1
2024-09-01 14:00,799.1,6,1.0,1
2024-09-01 15:00,799.1,6,1.0,1
2024-09-01 16:00,799.1,6,1.0,1
2024-09-01 17:00,799.1,6,1.0,1
2024-09-01 18:00,799.1,6,1.0,1
2024-09-01 19:00,799.1,6,1.0,1
2024-09-01 20:00,799.1,6,1.0,1
2024-09-01 21:00,799.1,6,1.0,1
2024-09-01 22:00,799.1,6,1.0,1
2024-09-01 23:00,799.1,6,1.0,1
2024-09-02 00:00,799.1,6,1.0,1
2024-09-02 01:00,799.1,6,1.0,1
2024-09-02 02:00,799.1,6,1.0,1
2024-09-02 03:00,799.1,6,1.0,1
2024-09-02 04:00,799.1,6,1.0,1
2024-09-02 05:00,799.1,6,1.0,1
2024-09-02 06:00,799.1,6,1.0,1
2024-09-02 07:00,799.1,6,1.0,1
2024-09-02 08:00,799.1,6,1.0,1
2024-09-02 09:00,799.1,6,1.0,1
2024-09-02 10:00,799.1,6,1.0,1
2024-09-02 11:00,799.1,6,1.0,1
2024-09-02 12:00,799.1,6,1.0,1
2024-09-02 13:00,799.1,6,1.0,1
2024-09-02 14:00,799.1,6,1.0,1
2024-09-02 15:00,799.1,6,1.0,1
2024-09-02 16:00,799.1,6,1.0,1
2024-09-02 17:00,799.1,6,1.0,1
2024-09-02 18:00,799.1,6,1.0,1
2024-09-02 19:00,799.1,6,1.0,1
2024-09-02 20:00,799.1,6,1.0,1
2024-09-02 21:00,799.1,6,1.0,1
2024-09-02 22:00,799.1,6,1.0,1
2024-09-02 23:00,799.1,6,1.0,1
2024-09-03 00:00,799.1,6,1.0,1
2024-09-03 01:00,799.1,6,1.0,1
2024-09-03 02:00,799.1,6,1.0,1
2024-09-03 03:00,799.1,6,1.0,1
2024-09-03 04:00,799.1,6,1.0,1
2024-09-03 05:00,799.1,6,1.0,1
2024-09-03 06:00,799.1,6,1.0,1
2024-09-03 07:00,799.1,6,1.0,1
2024-09-03 08:00,799.1,6,1.0,1
2024-09-03 09:00,818.5,6,1.0,1
2024-09-03 10:00,818.7,6,1.0,1
2024-09-03 11:00,818.7,6,1.0,1
2024-09-03 12:00,818.7,6,1.0,1
2024-09-03 13:00,818.7,6,1.0,1
2024-09-03 14:00,818.7,6,1.0,1
2024-09-03 15:00,818.7,6,1.0,1
2024-09-03 16:00,818.7,6,1.0,1
2024-09-03 17:00,818.7,6,1.0,1
2024-09-03 18:00,818.7,6,1.0,1
2024-09-03 19:00,818.7,6,1.0,1
2024-09-03 20:00,818.7,6,1.0,1
2024-09-03 21:00,818.7,6,1.0,1
2024-09-03 22:00,818.7,6,1.0,1
2024-09-03 23:00,818.7,6,1.0,1
2024-09-04 00:00,818.7,6,1.0,1
2024-09-04 01:00,818.7,6,1.0,1
2024-09-04 02:00,818.7,6,1.0,1
2024-09-04 03:00,818.7,6,1.0,1
2024-09-04 04:00,818.7,6,1.0,1
2024-09-04 05:00,818.7,6,1.0,1
2024-09-04 06:00,818.7,6,1.0,1
2024-09-04 07:00,818.7,6,1.0,1
2024-09-04 08:00,818.7,6,1.0,1
2024-09-04 09:00,818.7,6,1.0,1
2024-09-04 10:00,818.7,6,1.0,1
2024-09-04 11:00,818.7,6,1.0,1
2024-09-04 12:00,818.7,6,1.0,1
2024-09-04 13:00,818.7,6,1.0,1
2024-09-04 14:00,818.7,6,1.0,1
2024-09-04 15:00,818.7,6,1.0,1
2024-09-04 16:00,818.7,6,1.0,1
2024-09-04 17:00,818.7,6,1.0,1
2024-09-04 18:00,818.7,6,1.0,1
2024-09-04 19:00,818.7,6,1.0,1
2024-09-04 20:00,818.7,6,1.0,1
2024-09-04 21:00,818.7,6,1.0,1
2024-09-04 22:00,818.7,6,1.0,1
2024-09-04 23:00,818.7,6,1.0,1
2024-09-05 00:00,818.7,6,1.0,1
2024-09-05 01:00,818.7,6,1.0,1
2024-09-05 02:00,818.7,6,1.0,1
2024-09-05 03:00,818.7,6,1.0,1
2024-09-05 04:00,818.7,6,1.0,1
2024-09-05 05:00,818.7,6,1.0,1
2024-09-05 06:00,818.7,6,1.0,1
2024-09-05 07:00,818.7,6,1.0,1
2024-09-05 08:00,818.7,6,1.0,1
2024-09-05 09:00,818.7,6,1.0,1
2024-09-05 10:00,821.7,6,1.0,1
2024-09-05 11:00,822.1,6,1.0,1
2024-09-05 12:00,822.1,6,1.0,1
2024-09-05 13:00,822.1,6,1.0,1
2024-09-05 14:00,822.1,6,1.0,1
2024-09-05 15:00,822.1,6,1.0,1
2024-09-05 16:00,822.1,6,1.0,1
2024-09-05 17:00,825.7,6,1.0,1
2024-09-05 18:00,825.9,6,1.0,1
2024-09-05 19:00,825.9,6,1.0,1
2024-09-05 20:00,825.9,6,1.0,1
2024-09-05 21:00,825.9,6,1.0,1
2024-09-05 22:00,825.9,6,1.0,1
2024-09-05 23:00,825.9,6,1.0,1
2024-09-06 00:00,825.9,6,1.0,1
2024-09-06 01:00,825.9,6,1.0,1
2024-09-06 02:00,825.9,6,1.0,1
2024-09-06 03:00,825.9,6,1.0,1
2024-09-06 04:00,825.9,6,1.0,1
2024-09-06 05:00,825.9,6,1.0,1
2024-09-06 06:00,825.9,6,1.0,1
2024-09-06 07:00,825.9,6,1.0,1
2024-09-06 08:00,825.9,6,1.0,1
2024-09-06 09:00,825.9,6,1.0,1
2024-09-06 10:00,825.9,6,1.0,1
2024-09-06 11:00,825.9,6,1.0,1
2024-09-06 12:00,825.9,6,1.0,1
2024-09-06 13:00,825.9,6,1.0,1
2024-09-06 14:00,825.9,6,1.0,1
2024-09-06 15:00,825.9,6,1.0,1
2024-09-06 16:00,825.9,6,1.0,1
2024-09-06 17:00,825.9,6,1.0,1
2024-09-06 18:00,825.9,6,1.0,1
2024-09-06 19:00,825.9,6,1.0,1
2024-09-06 20:00,825.9,6,1.0,1
2024-09-06 21:00,825.9,6,1.0,1
2024-09-06 22:00,825.9,6,1.0,1
2024-09-06 23:00,825.9,6,1.0,1
2024-09-07 00:00,825.9,6,1.0,1
2024-09-07 01:00,825.9,6,1.0,1
2024-09-07 02:00,825.9,6,1.0,1
2024-09-07 03:00,825.9,6,1.0,1
2024-09-07 04:00,825.9,6,1.0,1
2024-09-07 05:00,825.9,6,1.0,1
2024-09-07 06:00,825.9,6,1.0,1
2024-09-07 07:00,825.9,6,1.0,1
2024-09-07 08:00,825.9,6,1.0,1
2024-09-07 09:00,826.1,6,1.0,1
2024-09-07 10:00,826.1,6,1.0,1
2024-09-07 11:00,826.1,6,1.0,1
2024-09-07 12:00,826.1,6,1.0,1
2024-09-07 13:00,826.1,6,1.0,1
2024-09-07 14:00,826.1,6,1.0,1
2024-09-07 15:00,826.1,6,1.0,1
2024-09-07 16:00,826.1,6,1.0,1
2024-09-07 17:00,826.1,6,1.0,1
2024-09-07 18:00,826.1,6,1.0,1
2024-09-07 19:00,826.1,6,1.0,1
2024-09-07 20:00,826.1,6,1.0,1
2024-09-07 21:00,826.1,6,1.0,1
2024-09-07 22:00,826.1,6,1.0,1
2024-09-07 23:00,826.1,6,1.0,1
2024-09-08 00:00,826.1,6,1.0,1
2024-09-08 01:00,826.1,6,1.0,1
2024-09-08 02:00,826.1,6,1.0,1
2024-09-08 03:00,826.1,6,1.0,1
2024-09-08 04:00,826.1,6,1.0,1
2024-09-08 05:00,826.1,6,1.0,1
2024-09-08 06:00,826.1,6,1.0,1
2024-09-08 07:00,826.1,6,1.0,1
2024-09-08 08:00,826.1,6,1.0,1
2024-09-08 09:00,826.1,6,1.0,1
2024-09-08 10:00,826.1,6,1.0,1
2024-09-08 11:00,826.1,6,1.0,1
2024-09-08 12:00,826.1,6,1.0,1
2024-09-08 13:00,826.1,6,1.0,1
2024-09-08 14:00,826.1,6,1.0,1
2024-09-08 15:00,826.1,6,1.0,1
2024-09-08 16:00,826.1,6,1.0,1
2024-09-08 17:00,826.1,6,1.0,1
2024-09-08 18:00,826.1,5,0.833,1
2024-09-08 23:00,826.1,1,0.167,1
2024-09-09 00:00,826.1,6,1.0,1
2024-09-09 01:00,826.1,6,1.0,1
2024-09-09 02:00,826.1,6,1.0,1
2024-09-09 03:00,826.1,6,1.0,1
2024-09-09 04:00,827.1,6,1.0,1
2024-09-09 05:00,841.9,6,1.0,1
2024-09-09 06:00,848.8,6,1.0,1
2024-09-09 07:00,849.4,6,1.0,1
2024-09-09 08:00,849.4,6,1.0,1
2024-09-09 09:00,849.4,6,1.0,1
2024-09-09 10:00,856.2,6,1.0,1
2024-09-09 11:00,898.5,6,1.0,1
2024-09-09 12:00,902.0,6,1.0,1
2024-09-09 13:00,903.8,6,1.0,1
2024-09-09 14:00,903.8,6,1.0,1
2024-09-09 15:00,904.0,6,1.0,1
2024-09-09 16:00,904.0,6,1.0,1
2024-09-09 17:00,904.0,6,1.0,1
2024-09-09 18:00,904.0,6,1.0,1
2024-09-09 19:00,904.0,6,1.0,1
2024-09-09 20:00,904.0,6,1.0,1
2024-09-09 21:00,904.0,6,1.0,1
2024-09-09 22:00,904.0,6,1.0,1
2024-09-09 23:00,904.0,6,1.0,1
2024-09-10 00:00,904.0,6,1.0,1
2024-09-10 01:00,904.0,6,1.0,1
2024-09-10 02:00,904.2,6,1.0,1
2024-09-10 03:00,904.2,6,1.0,1
2024-09-10 04:00,904.2,6,1.0,1
2024-09-10 05:00,904.2,6,1.0,1
2024-09-10 06:00,904.2,6,1.0,1
2024-09-10 07:00,904.2,6,1.0,1
2024-09-10 08:00,904.2,6,1.0,1
2024-09-10 09:00,904.2,6,1.0,1
2024-09-10 10:00,904.2,6,1.0,1
2024-09-10 11:00,904.2,6,1.0,1
2024-09-10 12:00,904.2,6,1.0,1
2024-09-10 13:00,904.2,6,1.0,1
2024-09-10 14:00,904.2,6,1.0,1
2024-09-10 15:00,904.2,5,0.833,1
2024-09-10 23:00,904.4,1,0.167,1
2024-09-11 00:00,904.4,6,1.0,1
2024-09-11 01:00,904.4,6,1.0,1
2024-09-11 02:00,904.4,6,1.0,1
2024-09-11 03:00,904.4,6,1.0,1
2024-09-11 04:00,904.4,6,1.0,1
2024-09-11 05:00,904.4,6,1.0,1
2024-09-11 06:00,904.4,6,1.0,1
2024-09-11 07:00,904.4,6,1.0,1
2024-09-11 08:00,904.4,6,1.0,1
2024-09-11 09:00,904.4,6,1.0,1
2024-09-11 10:00,904.4,6,1.0,1
2024-09-11 11:00,904.4,6,1.0,1
2024-09-11 12:00,904.4,6,1.0,1
2024-09-11 13:00,904.4,6,1.0,1
2024-09-11 14:00,904.4,6,1.0,1
2024-09-11 15:00,904.4,6,1.0,1
2024-09-11 16:00,904.4,6,1.0,1
2024-09-11 17:00,904.4,6,1.0,1
2024-09-11 18:00,904.4,6,1.0,1
2024-09-11 19:00,904.4,6,1.0,1
2024-09-11 20:00,904.4,6,1.0,1
2024-09-11 21:00,904.6,6,1.0,1
2024-09-11 22:00,904.8,6,1.0,1
2024-09-11 23:00,904.8,6,1.0,1
2024-09-12 00:00,904.8,6,1.0,1
2024-09-12 01:00,904.8,6,1.0,1
2024-09-12 02:00,904.8,6,1.0,1
2024-09-12 03:00,904.8,6,1.0,1
2024-09-12 04:00,904.8,6,1.0,1
2024-09-12 05:00,904.8,6,1.0,1
2024-09-12 06:00,904.8,6,1.0,1
2024-09-12 07:00,904.8,6,1.0,1
2024-09-12 08:00,904.8,6,1.0,1
2024-09-12 09:00,904.8,6,1.0,1
2024-09-12 10:00,904.8,6,1.0,1
2024-09-12 11:00,904.8,6,1.0,1
2024-09-12 12:00,904.8,6,1.0,1
2024-09-12 13:00,904.8,6,1.0,1
2024-09-12 14:00,904.8,6,1.0,1
2024-09-12 15:00,904.8,6,1.0,1
2024-09-12 16:00,904.8,6,1.0,1
2024-09-12 17:00,904.8,6,1.0,1
2024-09-12 18:00,904.8,6,1.0,1
2024-09-12 19:00,904.8,6,1.0,1
2024-09-12 20:00,921.2,6,1.0,1
2024-09-12 21:00,924.0,6,1.0,1
2024-09-12 22:00,924.4,6,1.0,1
2024-09-12 23:00,924.4,6,1.0,1
2024-09-13 00:00,924.8,6,1.0,1
2024-09-13 01:00,927.2,6,1.0,1
2024-09-13 02:00,927.2,6,1.0,1
2024-09-13 03:00,927.2,6,1.0,1
2024-09-13 04:00,927.2,6,1.0,1
2024-09-13 05:00,927.2,6,1.0,1
2024-09-13 06:00,927.2,6,1.0,1
2024-09-13 07:00,927.2,6,1.0,1
2024-09-13 08:00,927.2,6,1.0,1
2024-09-13 09:00,927.2,6,1.0,1
2024-09-13 10:00,927.2,6,1.0,1
2024-09-13 11:00,927.4,6,1.0,1
2024-09-13 12:00,927.4,6,1.0,1
2024-09-13 13:00,927.4,6,1.0,1
2024-09-13 14:00,928.2,6,1.0,1
2024-09-13 15:00,928.2,6,1.0,1
2024-09-13 16:00,928.2,6,1.0,1
2024-09-13 17:00,928.4,6,1.0,1
2024-09-13 18:00,930.0,6,1.0,1
2024-09-13 19:00,930.0,6,1.0,1
2024-09-13 20:00,930.2,6,1.0,1
2024-09-13 21:00,930.2,6,1.0,1
2024-09-13 22:00,930.6,6,1.0,1
2024-09-13 23:00,930.8,6,1.0,1
2024-09-14 00:00,930.8,6,1.0,1
2024-09-14 01:00,930.8,6,1.0,1
2024-09-14 02:00,930.8,6,1.0,1
2024-09-14 03:00,930.8,6,1.0,1
2024-09-14 04:00,930.8,6,1.0,1
2024-09-14 05:00,930.8,6,1.0,1
2024-09-14 06:00,930.8,6,1.0,1
2024-09-14 07:00,930.8,6,1.0,1
2024-09-14 08:00,930.8,6,1.0,1
2024-09-14 09:00,930.8,6,1.0,1
2024-09-14 10:00,930.8,6,1.0,1
2024-09-14 11:00,930.8,6,1.0,1
2024-09-14 12:00,930.8,6,1.0,1
2024-09-14 13:00,930.8,6,1.0,1
2024-09-14 14:00,930.8,6,1.0,1
2024-09-14 15:00,930.8,6,1.0,1
2024-09-14 16:00,930.8,6,1.0,1
2024-09-14 17:00,930.8,6,1.0,1
2024-09-14 18:00,930.8,6,1.0,1
2024-09-14 19:00,930.8,6,1.0,1
2024-09-14 20:00,930.8,6,1.0,1
2024-09-14 21:00,930.8,6,1.0,1
2024-09-14 22:00,930.8,6,1.0,1
2024-09-14 23:00,930.8,6,1.0,1
2024-09-15 00:00,930.8,6,1.0,1
2024-09-15 01:00,930.8,6,1.0,1
2024-09-15 02:00,930.8,6,1.0,1
2024-09-15 03:00,930.8,6,1.0,1
2024-09-15 04:00,930.8,6,1.0,1
2024-09-15 05:00,930.8,6,1.0,1
2024-09-15 06:00,930.8,6,1.0,1
2024-09-15 07:00,930.8,6,1.0,1
2024-09-15 08:00,930.8,6,1.0,1
2024-09-15 09:00,930.8,6,1.0,1
2024-09-15 10:00,930.8,6,1.0,1
2024-09-15 11:00,930.8,6,1.0,1
2024-09-15 12:00,930.8,6,1.0,1
2024-09-15 13:00,930.8,6,1.0,1
2024-09-15 14:00,930.8,6,1.0,1
2024-09-15 15:00,930.8,6,1.0,1
2024-09-15 16:00,930.8,6,1.0,1
2024-09-15 17:00,930.8,6,1.0,1
2024-09-15 18:00,930.8,6,1.0,1
2024-09-15 19:00,930.8,6,1.0,1
2024-09-15 20:00,930.8,6,1.0,1
2024-09-15 21:00,930.8,6,1.0,1
2024-09-15 22:00,930.8,6,1.0,1
2024-09-15 23:00,930.8,6,1.0,1
2024-09-16 00:00,930.8,6,1.0,1
2024-09-16 01:00,930.8,6,1.0,1
2024-09-16 02:00,930.8,6,1.0,1
2024-09-16 03:00,930.8,6,1.0,1
2024-09-16 04:00,930.8,6,1.0,1
2024-09-16 05:00,930.8,6,1.0,1
2024-09-16 06:00,930.8,6,1.0,1
2024-09-16 07:00,930.8,6,1.0,1
2024-09-16 08:00,930.8,6,1.0,1
2024-09-16 09:00,930.8,6,1.0,1
2024-09-16 10:00,930.8,6,1.0,1
2024-09-16 11:00,930.8,6,1.0,1
2024-09-16 12:00,930.8,6,1.0,1
2024-09-16 13:00,930.8,6,1.0,1
2024-09-16 14:00,930.8,6,1.0,1
2024-09-16 15:00,930.8,6,1.0,1
2024-09-16 16:00,930.8,6,1.0,1
2024-09-16 17:00,930.8,6,1.0,1
2024-09-16 18:00,930.8,6,1.0,1
2024-09-16 19:00,930.8,6,1.0,1
2024-09-16 20:00,930.8,6,1.0,1
2024-09-16 21:00,930.8,6,1.0,1
2024-09-16 22:00,930.8,6,1.0,1
2024-09-16 23:00,930.8,6,1.0,1
2024-09-17 00:00,930.8,6,1.0,1
2024-09-17 01:00,930.8,6,1.0,1
2024-09-17 02:00,930.8,6,1.0,1
2024-09-17 03:00,930.8,6,1.0,1
2024-09-17 04:00,935.7,6,1.0,1
2024-09-17 05:00,936.5,6,1.0,1
2024-09-17 06:00,936.5,6,1.0,1
2024-09-17 07:00,937.1,6,1.0,1
2024-09-17 08:00,938.1,6,1.0,1
2024-09-17 09:00,938.5,6,1.0,1
2024-09-17 10:00,938.5,6,1.0,1
2024-09-17 11:00,938.5,6,1.0,1
2024-09-17 12:00,938.5,6,1.0,1
2024-09-17 13:00,959.1,6,1.0,1
2024-09-17 14:00,989.3,6,1.0,1
2024-09-17 15:00,989.3,6,1.0,1
2024-09-17 16:00,989.5,6,1.0,1
2024-09-17 17:00,989.5,6,1.0,1
2024-09-17 18:00,989.5,6,1.0,1
2024-09-17 19:00,989.5,6,1.0,1
2024-09-17 20:00,989.5,6,1.0,1
2024-09-17 21:00,989.5,6,1.0,1
2024-09-17 22:00,989.7,6,1.0,1
2024-09-17 23:00,989.7,6,1.0,1
2024-09-18 00:00,989.7,6,1.0,1
2024-09-18 01:00,989.7,6,1.0,1
2024-09-18 02:00,989.7,6,1.0,1
2024-09-18 03:00,989.7,6,1.0,1
2024-09-18 04:00,989.7,6,1.0,1
2024-09-18 05:00,989.7,6,1.0,1
2024-09-18 06:00,989.7,6,1.0,1
2024-09-18 07:00,989.7,6,1.0,1
2024-09-18 08:00,989.7,6,1.0,1
2024-09-18 09:00,989.7,6,1.0,1
2024-09-18 10:00,989.7,6,1.0,1
2024-09-18 11:00,989.7,6,1.0,1
2024-09-18 12:00,989.7,6,1.0,1
2024-09-18 13:00,991.3,6,1.0,1
2024-09-18 14:00,991.7,6,1.0,1
2024-09-18 15:00,993.9,6,1.0,1
2024-09-18 16:00,993.9,6,1.0,1
2024-09-18 17:00,993.9,6,1.0,1
2024-09-18 18:00,993.9,6,1.0,1
2024-09-18 19:00,993.9,6,1.0,1
2024-09-18 20:00,993.9,6,1.0,1
2024-09-18 21:00,993.9,6,1.0,1
2024-09-18 22:00,993.9,6,1.0,1
2024-09-18 23:00,993.9,6,1.0,1
2024-09-19 00:00,993.9,6,1.0,1
2024-09-19 01:00,994.1,6,1.0,1
2024-09-19 02:00,994.1,6,1.0,1
2024-09-19 03:00,994.1,6,1.0,1
2024-09-19 04:00,994.3,6,1.0,1
2024-09-19 05:00,994.3,6,1.0,1
2024-09-19 06:00,994.3,6,1.0,1
2024-09-19 07:00,994.5,6,1.0,1
2024-09-19 08:00,997.3,6,1.0,1
2024-09-19 09:00,998.3,6,1.0,1
2024-09-19 10:00,998.5,6,1.0,1
2024-09-19 11:00,998.5,6,1.0,1
2024-09-19 12:00,1007.6,6,1.0,1
2024-09-19 13:00,1007.6,6,1.0,1
2024-09-19 14:00,1007.6,6,1.0,1
2024-09-19 15:00,1007.6,6,1.0,1
2024-09-19 16:00,1007.6,6,1.0,1
2024-09-19 17:00,1007.6,6,1.0,1
2024-09-19 18:00,1007.8,6,1.0,1
2024-09-19 19:00,1007.8,6,1.0,1
2024-09-19 20:00,1009.4,6,1.0,1
2024-09-19 21:00,1017.1,6,1.0,1
2024-09-19 22:00,1017.7,6,1.0,1
2024-09-19 23:00,1017.9,6,1.0,1
2024-09-20 00:00,1017.9,6,1.0,1
2024-09-20 01:00,1017.9,6,1.0,1
2024-09-20 02:00,1017.9,6,1.0,1
2024-09-20 03:00,1017.9,6,1.0,1
2024-09-20 04:00,1017.9,6,1.0,1
2024-09-20 05:00,1017.9,6,1.0,1
2024-09-20 06:00,1017.9,6,1.0,1
2024-09-20 07:00,1017.9,6,1.0,1
2024-09-20 08:00,1017.9,6,1.0,1
2024-09-20 09:00,1017.9,6,1.0,1
2024-09-20 10:00,1017.9,6,1.0,1
2024-09-20 11:00,1017.9,6,1.0,1
2024-09-20 12:00,1017.9,6,1.0,1
2024-09-20 13:00,1017.9,6,1.0,1
2024-09-20 14:00,1017.9,6,1.0,1
2024-09-20 15:00,1017.9,6,1.0,1
2024-09-20 16:00,1017.9,6,1.0,1
2024-09-20 17:00,1017.9,6,1.0,1
2024-09-20 18:00,1017.9,6,1.0,1
2024-09-20 19:00,1017.9,6,1.0,1
2024-09-20 20:00,1017.9,6,1.0,1
2024-09-20 21:00,1017.9,6,1.0,1
2024-09-20 22:00,1017.9,6,1.0,1
2024-09-20 23:00,1017.9,6,1.0,1
2024-09-21 00:00,1017.9,6,1.0,1
2024-09-21 01:00,1017.9,6,1.0,1
2024-09-21 02:00,1017.9,6,1.0,1
2024-09-21 03:00,1017.9,6,1.0,1
2024-09-21 04:00,1017.9,6,1.0,1
2024-09-21 05:00,1017.9,6,1.0,1
2024-09-21 06:00,1017.9,6,1.0,1
2024-09-21 07:00,1017.9,6,1.0,1
2024-09-21 08:00,1017.9,6,1.0,1
2024-09-21 09:00,1017.9,6,1.0,1
2024-09-21 10:00,1017.9,6,1.0,1
2024-09-21 11:00,1017.9,6,1.0,1
2024-09-21 12:00,1017.9,6,1.0,1
2024-09-21 13:00,1017.9,6,1.0,1
2024-09-21 14:00,1017.9,6,1.0,1
2024-09-21 15:00,1017.9,6,1.0,1
2024-09-21 16:00,1017.9,6,1.0,1
2024-09-21 17:00,1017.9,6,1.0,1
2024-09-21 18:00,1017.9,6,1.0,1
2024-09-21 19:00,1017.9,6,1.0,1
2024-09-21 20:00,1017.9,6,1.0,1
2024-09-21 21:00,1017.9,6,1.0,1
2024-09-21 22:00,1017.9,6,1.0,1
2024-09-21 23:00,1017.9,6,1.0,1
2024-09-22 00:00,1017.9,6,1.0,1
2024-09-22 01:00,1017.9,6,1.0,1
2024-09-22 02:00,1017.9,6,1.0,1
2024-09-22 03:00,1017.9,6,1.0,1
2024-09-22 04:00,1017.9,6,1.0,1
2024-09-22 05:00,1017.9,6,1.0,1
2024-09-22 06:00,1017.9,6,1.0,1
2024-09-22 07:00,1017.9,6,1.0,1
2024-09-22 08:00,1017.9,6,1.0,1
2024-09-22 09:00,1017.9,6,1.0,1
2024-09-22 10:00,1017.9,6,1.0,1
2024-09-22 11:00,1017.9,6,1.0,1
2024-09-22 12:00,1017.9,6,1.0,1
2024-09-22 13:00,1017.9,6,1.0,1
2024-09-22 14:00,1017.9,6,1.0,1
2024-09-22 15:00,1017.9,6,1.0,1
2024-09-22 16:00,1017.9,6,1.0,1
2024-09-22 17:00,1017.9,6,1.0,1
2024-09-22 18:00,1017.9,6,1.0,1
2024-09-22 19:00,1017.9,6,1.0,1
2024-09-22 20:00,1017.9,6,1.0,1
2024-09-22 21:00,1017.9,6,1.0,1
2024-09-22 22:00,1017.9,6,1.0,1
2024-09-22 23:00,1017.9,6,1.0,1
2024-09-23 00:00,1017.9,6,1.0,1
2024-09-23 01:00,1017.9,6,1.0,1
2024-09-23 02:00,1017.9,6,1.0,1
2024-09-23 03:00,1017.9,6,1.0,1
2024-09-23 04:00,1017.9,6,1.0,1
2024-09-23 05:00,1017.9,6,1.0,1
2024-09-23 06:00,1017.9,6,1.0,1
2024-09-23 07:00,1017.9,6,1.0,1
2024-09-23 08:00,1017.9,6,1.0,1
2024-09-23 09:00,1017.9,6,1.0,1
2024-09-23 10:00,1017.9,6,1.0,1
2024-09-23 11:00,1017.9,6,1.0,1
2024-09-23 12:00,1017.9,6,1.0,1
2024-09-23 13:00,1017.9,6,1.0,1
2024-09-23 14:00,1017.9,6,1.0,1
2024-09-23 15:00,1017.9,6,1.0,1
2024-09-23 16:00,1017.9,6,1.0,1
2024-09-23 17:00,1017.9,6,1.0,1
2024-09-23 18:00,1017.9,6,1.0,1
2024-09-23 19:00,1017.9,6,1.0,1
2024-09-23 20:00,1017.9,6,1.0,1
2024-09-23 21:00,1018.3,6,1.0,1
2024-09-23 22:00,1026.1,6,1.0,1
2024-09-23 23:00,1044.7,6,1.0,1
2024-09-24 00:00,1056.0,6,1.0,1
2024-09-24 01:00,1069.4,6,1.0,1
2024-09-24 02:00,1075.5,6,1.0,1
2024-09-24 03:00,1075.7,6,1.0,1
2024-09-24 04:00,1075.7,6,1.0,1
2024-09-24 05:00,1078.3,6,1.0,1
2024-09-24 06:00,1078.3,6,1.0,1
2024-09-24 07:00,1078.5,6,1.0,1
2024-09-24 08:00,1078.5,6,1.0,1
2024-09-24 09:00,1078.5,6,1.0,1
2024-09-24 10:00,1078.5,6,1.0,1
2024-09-24 11:00,1078.5,6,1.0,1
2024-09-24 12:00,1078.5,6,1.0,1
2024-09-24 13:00,1078.5,6,1.0,1
2024-09-24 14:00,1078.5,6,1.0,1
2024-09-24 15:00,1078.5,6,1.0,1
2024-09-24 16:00,1078.5,6,1.0,1
2024-09-24 17:00,1078.5,6,1.0,1
2024-09-24 18:00,1078.5,6,1.0,1
2024-09-24 19:00,1078.5,6,1.0,1
2024-09-24 20:00,1078.5,6,1.0,1
2024-09-24 21:00,1078.5,6,1.0,1
2024-09-24 22:00,1078.5,6,1.0,1
2024-09-24 23:00,1078.5,6,1.0,1
2024-09-25 00:00,1078.5,6,1.0,1
2024-09-25 01:00,1078.5,6,1.0,1
2024-09-25 02:00,1078.5,6,1.0,1
2024-09-25 03:00,1078.5,6,1.0,1
2024-09-25 04:00,1078.5,6,1.0,1
2024-09-25 05:00,1079.1,6,1.0,1
2024-09-25 06:00,1080.9,6,1.0,1
2024-09-25 07:00,1080.9,6,1.0,1
2024-09-25 08:00,1085.2,6,1.0,1
2024-09-25 09:00,1085.4,6,1.0,1
2024-09-25 10:00,1085.4,6,1.0,1
2024-09-25 11:00,1085.4,6,1.0,1
2024-09-25 12:00,1086.0,6,1.0,1
2024-09-25 13:00,1086.0,6,1.0,1
2024-09-25 14:00,1086.0,6,1.0,1
2024-09-25 15:00,1086.0,6,1.0,1
2024-09-25 16:00,1086.6,6,1.0,1
2024-09-25 17:00,1086.8,6,1.0,1
2024-09-25 18:00,1086.8,6,1.0,1
2024-09-25 19:00,1086.8,6,1.0,1
2024-09-25 20:00,1086.8,6,1.0,1
2024-09-25 21:00,1086.8,6,1.0,1
2024-09-25 22:00,1086.8,6,1.0,1
2024-09-25 23:00,1086.8,6,1.0,1
2024-09-26 00:00,1087.0,6,1.0,1
2024-09-26 01:00,1087.0,6,1.0,1
2024-09-26 02:00,1087.0,6,1.0,1
2024-09-26 03:00,1087.0,6,1.0,1
2024-09-26 04:00,1087.0,6,1.0,1
2024-09-26 05:00,1087.0,6,1.0,1
2024-09-26 06:00,1087.0,6,1.0,1
2024-09-26 07:00,1087.0,6,1.0,1
2024-09-26 08:00,1087.0,6,1.0,1
2024-09-26 09:00,1087.0,6,1.0,1
2024-09-26 10:00,1087.0,6,1.0,1
2024-09-26 11:00,1087.0,6,1.0,1
2024-09-26 12:00,1087.0,6,1.0,1
2024-09-26 13:00,1087.0,6,1.0,1
2024-09-26 14:00,1087.0,6,1.0,1
2024-09-26 15:00,1087.0,6,1.0,1
2024-09-26 16:00,1087.0,6,1.0,1
2024-09-26 17:00,1087.0,6,1.0,1
2024-09-26 18:00,1087.0,6,1.0,1
2024-09-26 19:00,1087.0,6,1.0,1
2024-09-26 20:00,1087.0,6,1.0,1
2024-09-26 21:00,1087.0,6,1.0,1
2024-09-26 22:00,1087.0,6,1.0,1
2024-09-26 23:00,1087.0,6,1.0,1
2024-09-27 00:00,1087.0,6,1.0,1
2024-09-27 01:00,1087.0,6,1.0,1
2024-09-27 02:00,1087.0,6,1.0,1
2024-09-27 03:00,1087.0,6,1.0,1
2024-09-27 04:00,1087.0,6,1.0,1
2024-09-27 05:00,1087.0,6,1.0,1
2024-09-27 06:00,1087.0,6,1.0,1
2024-09-27 07:00,1087.0,6,1.0,1
2024-09-27 08:00,1087.0,6,1.0,1
2024-09-27 09:00,1087.0,6,1.0,1
2024-09-27 10:00,1087.0,6,1.0,1
2024-09-27 11:00,1087.0,6,1.0,1
2024-09-27 12:00,1087.0,6,1.0,1
2024-09-27 13:00,1087.0,6,1.0,1
2024-09-27 14:00,1087.0,6,1.0,1
2024-09-27 15:00,1087.0,6,1.0,1
2024-09-27 16:00,1087.0,6,1.0,1
2024-09-27 17:00,1087.0,6,1.0,1
2024-09-27 18:00,1087.0,6,1.0,1
2024-09-27 19:00,1087.0,6,1.0,1
2024-09-27 20:00,1087.0,6,1.0,1
2024-09-27 21:00,1087.0,6,1.0,1
2024-09-27 22:00,1087.0,6,1.0,1
2024-09-27 23:00,1087.0,6,1.0,1
2024-09-28 00:00,1087.0,6,1.0,1
2024-09-28 01:00,1087.0,6,1.0,1
2024-09-28 02:00,1087.0,6,1.0,1
2024-09-28 03:00,1087.0,6,1.0,1
2024-09-28 04:00,1087.0,6,1.0,1
2024-09-28 05:00,1087.0,6,1.0,1
2024-09-28 06:00,1087.0,6,1.0,1
2024-09-28 07:00,1087.0,6,1.0,1
2024-09-28 08:00,1087.0,6,1.0,1
2024-09-28 09:00,1087.6,6,1.0,1
2024-09-28 10:00,1088.4,6,1.0,1
2024-09-28 11:00,1091.4,6,1.0,1
2024-09-28 12:00,1091.4,6,1.0,1
2024-09-28 13:00,1091.4,6,1.0,1
2024-09-28 14:00,1091.4,6,1.0,1
2024-09-28 15:00,1091.4,6,1.0,1
2024-09-28 16:00,1091.4,6,1.0,1
2024-09-28 17:00,1091.6,6,1.0,1
2024-09-28 18:00,1091.6,6,1.0,1
2024-09-28 19:00,1091.6,6,1.0,1
2024-09-28 20:00,1091.6,6,1.0,1
2024-09-28 21:00,1091.6,6,1.0,1
2024-09-28 22:00,1091.6,6,1.0,1
2024-09-28 23:00,1091.6,6,1.0,1
2024-09-29 00:00,1091.6,6,1.0,1
2024-09-29 01:00,1091.6,6,1.0,1
2024-09-29 02:00,1091.6,6,1.0,1
2024-09-29 03:00,1091.6,6,1.0,1
2024-09-29 04:00,1091.6,6,1.0,1
2024-09-29 05:00,1091.6,6,1.0,1
2024-09-29 06:00,1091.6,6,1.0,1
2024-09-29 07:00,1091.6,6,1.0,1
2024-09-29 08:00,1091.6,6,1.0,1
2024-09-29 09:00,1091.6,6,1.0,1
2024-09-29 10:00,1091.6,6,1.0,1
2024-09-29 11:00,1091.6,6,1.0,1
2024-09-29 12:00,1091.6,6,1.0,1
2024-09-29 13:00,1091.6,6,1.0,1
2024-09-29 14:00,1091.6,6,1.0,1
2024-09-29 15:00,1091.6,6,1.0,1
2024-09-29 16:00,1091.6,6,1.0,1
2024-09-29 17:00,1091.6,6,1.0,1
2024-09-29 18:00,1091.6,6,1.0,1
2024-09-29 19:00,1091.6,6,1.0,1
2024-09-29 20:00,1091.6,6,1.0,1
2024-09-29 21:00,1091.6,6,1.0,1
2024-09-29 22:00,1091.6,6,1.0,1
2024-09-29 23:00,1091.6,6,1.0,1
2024-09-30 00:00,1091.6,6,1.0,1
2024-09-30 01:00,1091.6,6,1.0,1
2024-09-30 02:00,1091.6,6,1.0,1
2024-09-30 03:00,1091.6,6,1.0,1
2024-09-30 04:00,1091.6,6,1.0,1
2024-09-30 05:00,1091.6,6,1.0,1
2024-09-30 06:00,1091.6,6,1.0,1
2024-09-30 07:00,1091.6,6,1.0,1
2024-09-30 08:00,1091.6,6,1.0,1
2024-09-30 09:00,1091.6,6,1.0,1
2024-09-30 10:00,1091.6,6,1.0,1
2024-09-30 11:00,1091.6,6,1.0,1
2024-09-30 12:00,1091.6,6,1.0,1
2024-09-30 13:00,1091.6,6,1.0,1
2024-09-30 14:00,1091.6,6,1.0,1
2024-09-30 15:00,1091.6,6,1.0,1
2024-09-30 16:00,1091.6,6,1.0,1
2024-09-30 17:00,1091.6,6,1.0,1
2024-09-30 18:00,1091.6,6,1.0,1
2024-09-30 19:00,1091.6,6,1.0,1
2024-09-30 20:00,1091.6,6,1.0,1
2024-09-30 21:00,1091.6,6,1.0,1
2024-09-30 22:00,1091.6,6,1.0,1
2024-09-30 23:00,1091.6,6,1.0,1
2024-10-01 00:00,1091.6,6,1.0,1
2024-10-01 01:00,1091.6,6,1.0,1
2024-10-01 02:00,1091.6,6,1.0,1
2024-10-01 03:00,1091.6,6,1.0,1
2024-10-01 04:00,1091.6,6,1.0,1
2024-10-01 05:00,1091.6,6,1.0,1
2024-10-01 06:00,1091.6,6,1.0,1
2024-10-01 07:00,1091.6,6,1.0,1
2024-10-01 08:00,1091.6,6,1.0,1
2024-10-01 09:00,1091.6,6,1.0,1
2024-10-01 10:00,1091.6,6,1.0,1
2024-10-01 11:00,1091.6,6,1.0,1
2024-10-01 12:00,1091.6,6,1.0,1
2024-10-01 13:00,1091.6,6,1.0,1
2024-10-01 14:00,1091.6,6,1.0,1
2024-10-01 15:00,1091.6,6,1.0,1
2024-10-01 16:00,1091.6,6,1.0,1
2024-10-01 17:00,1091.6,6,1.0,1
2024-10-01 18:00,1091.6,6,1.0,1
2024-10-01 19:00,1091.6,6,1.0,1
2024-10-01 20:00,1091.6,6,1.0,1
2024-10-01 21:00,1091.6,6,1.0,1
2024-10-01 22:00,1091.6,6,1.0,1
2024-10-01 23:00,1091.6,6,1.0,1
2024-10-02 00:00,1091.6,6,1.0,1
2024-10-02 01:00,1091.6,6,1.0,1
2024-10-02 02:00,1091.6,6,1.0,1
2024-10-02 03:00,1091.6,6,1.0,1
2024-10-02 04:00,1091.6,6,1.0,1
2024-10-02 05:00,1091.6,6,1.0,1
2024-10-02 06:00,1091.6,6,1.0,1
2024-10-02 07:00,1091.6,6,1.0,1
2024-10-02 08:00,1091.6,6,1.0,1
2024-10-02 09:00,1091.6,6,1.0,1
2024-10-02 10:00,1091.6,6,1.0,1
2024-10-02 11:00,1091.6,6,1.0,1
2024-10-02 12:00,1091.6,6,1.0,1
2024-10-02 13:00,1091.6,6,1.0,1
2024-10-02 14:00,1091.6,6,1.0,1
2024-10-02 15:00,1091.6,6,1.0,1
2024-10-02 16:00,1091.6,6,1.0,1
2024-10-02 17:00,1091.6,6,1.0,1
2024-10-02 18:00,1091.6,6,1.0,1
2024-10-02 19:00,1091.6,6,1.0,1
2024-10-02 20:00,1091.6,6,1.0,1
2024-10-02 21:00,1091.6,6,1.0,1
2024-10-02 22:00,1091.6,6,1.0,1
2024-10-02 23:00,1091.6,6,1.0,1
2024-10-03 00:00,1091.6,6,1.0,1
2024-10-03 01:00,1091.6,6,1.0,1
2024-10-03 02:00,1091.6,6,1.0,1
2024-10-03 03:00,1091.6,6,1.0,1
2024-10-03 04:00,1091.6,6,1.0,1
2024-10-03 05:00,1091.6,6,1.0,1
2024-10-03 06:00,1091.6,6,1.0,1
2024-10-03 07:00,1091.6,6,1.0,1
2024-10-03 08:00,1091.6,6,1.0,1
2024-10-03 09:00,1091.6,6,1.0,1
2024-10-03 10:00,1091.6,6,1.0,1
2024-10-03 11:00,1091.6,6,1.0,1
2024-10-03 12:00,1091.6,6,1.0,1
2024-10-03 13:00,1091.8,6,1.0,1
2024-10-03 14:00,1091.8,6,1.0,1
2024-10-03 15:00,1091.8,6,1.0,1
2024-10-03 16:00,1091.8,6,1.0,1
2024-10-03 17:00,1091.8,6,1.0,1
2024-10-03 18:00,1091.8,6,1.0,1
2024-10-03 19:00,1091.8,6,1.0,1
2024-10-03 20:00,1091.8,6,1.0,1
2024-10-03 21:00,1091.8,6,1.0,1
2024-10-03 22:00,1098.2,6,1.0,1
2024-10-03 23:00,1098.4,6,1.0,1
2024-10-04 00:00,1098.4,6,1.0,1
2024-10-04 01:00,1098.6,6,1.0,1
2024-10-04 02:00,1098.6,6,1.0,1
2024-10-04 03:00,1098.6,6,1.0,1
2024-10-04 04:00,1098.8,6,1.0,1
2024-10-04 05:00,1098.8,6,1.0,1
2024-10-04 06:00,1098.8,6,1.0,1
2024-10-04 07:00,1098.8,6,1.0,1
2024-10-04 08:00,1098.8,6,1.0,1
2024-10-04 09:00,1098.8,6,1.0,1
2024-10-04 10:00,1098.8,6,1.0,1
2024-10-04 11:00,1098.8,6,1.0,1
2024-10-04 12:00,1099.0,6,1.0,1
2024-10-04 13:00,1099.0,6,1.0,1
2024-10-04 14:00,1099.0,6,1.0,1
2024-10-04 15:00,1099.0,6,1.0,1
2024-10-04 16:00,1099.0,6,1.0,1
2024-10-04 17:00,1099.0,6,1.0,1
2024-10-04 18:00,1099.2,6,1.0,1
2024-10-04 19:00,1099.2,6,1.0,1
2024-10-04 20:00,1099.2,6,1.0,1
2024-10-04 21:00,1099.2,6,1.0,1
2024-10-04 22:00,1100.8,6,1.0,1
2024-10-04 23:00,1103.8,6,1.0,1
2024-10-05 00:00,1104.4,6,1.0,1
2024-10-05 01:00,1104.6,6,1.0,1
2024-10-05 02:00,1104.6,6,1.0,1
2024-10-05 03:00,1104.6,6,1.0,1
2024-10-05 04:00,1104.6,6,1.0,1
2024-10-05 05:00,1104.6,6,1.0,1
2024-10-05 06:00,1119.3,6,1.0,1
2024-10-05 07:00,1120.1,6,1.0,1
2024-10-05 08:00,1120.1,6,1.0,1
2024-10-05 09:00,1120.1,6,1.0,1
2024-10-05 10:00,1120.1,6,1.0,1
2024-10-05 11:00,1120.1,6,1.0,1
2024-10-05 12:00,1120.1,6,1.0,1
2024-10-05 13:00,1121.1,6,1.0,1
2024-10-05 14:00,1121.1,6,1.0,1
2024-10-05 15:00,1121.1,6,1.0,1
2024-10-05 16:00,1123.5,6,1.0,1
2024-10-05 17:00,1124.3,6,1.0,1
2024-10-05 18:00,1124.5,6,1.0,1
2024-10-05 19:00,1128.8,6,1.0,1
2024-10-05 20:00,1129.0,6,1.0,1
2024-10-05 21:00,1129.0,6,1.0,1
2024-10-05 22:00,1129.0,6,1.0,1
2024-10-05 23:00,1129.0,6,1.0,1
2024-10-06 00:00,1129.0,6,1.0,1
2024-10-06 01:00,1129.0,6,1.0,1
2024-10-06 02:00,1129.0,6,1.0,1
2024-10-06 03:00,1129.0,6,1.0,1
2024-10-06 04:00,1129.2,6,1.0,1
2024-10-06 05:00,1129.2,6,1.0,1
2024-10-06 06:00,1129.2,6,1.0,1
2024-10-06 07:00,1129.2,6,1.0,1
2024-10-06 08:00,1129.2,6,1.0,1
2024-10-06 09:00,1129.2,6,1.0,1
2024-10-06 10:00,1129.2,6,1.0,1
2024-10-06 11:00,1129.2,6,1.0,1
2024-10-06 12:00,1129.2,6,1.0,1
2024-10-06 13:00,1129.2,6,1.0,1
2024-10-06 14:00,1129.2,6,1.0,1
2024-10-06 15:00,1129.2,6,1.0,1
2024-10-06 16:00,1129.2,6,1.0,1
2024-10-06 17:00,1129.2,6,1.0,1
2024-10-06 18:00,1129.2,6,1.0,1
2024-10-06 19:00,1129.2,6,1.0,1
2024-10-06 20:00,1129.2,6,1.0,1
2024-10-06 21:00,1129.2,6,1.0,1
2024-10-06 22:00,1129.2,6,1.0,1
2024-10-06 23:00,1129.2,6,1.0,1
2024-10-07 00:00,1129.2,6,1.0,1
2024-10-07 01:00,1129.2,6,1.0,1
2024-10-07 02:00,1129.2,6,1.0,1
2024-10-07 03:00,1129.2,6,1.0,1
2024-10-07 04:00,1129.2,6,1.0,1
2024-10-07 05:00,1129.2,6,1.0,1
2024-10-07 06:00,1129.2,6,1.0,1
2024-10-07 07:00,1129.2,6,1.0,1
2024-10-07 08:00,1129.2,6,1.0,1
2024-10-07 09:00,1129.2,6,1.0,1
2024-10-07 10:00,1129.2,6,1.0,1
2024-10-07 11:00,1129.2,6,1.0,1
2024-10-07 12:00,1129.2,6,1.0,1
2024-10-07 13:00,1129.2,6,1.0,1
2024-10-07 14:00,1129.2,6,1.0,1
2024-10-07 15:00,1129.2,6,1.0,1
2024-10-07 16:00,1129.2,6,1.0,1
2024-10-07 17:00,1129.2,6,1.0,1
2024-10-07 18:00,1129.2,6,1.0,1
2024-10-07 19:00,1129.2,6,1.0,1
2024-10-07 20:00,1129.2,6,1.0,1
2024-10-07 21:00,1129.2,6,1.0,1
2024-10-07 22:00,1129.2,6,1.0,1
2024-10-07 23:00,1129.2,6,1.0,1
2024-10-08 00:00,1129.2,6,1.0,1
2024-10-08 01:00,1129.2,6,1.0,1
2024-10-08 02:00,1129.2,6,1.0,1
2024-10-08 03:00,1129.2,6,1.0,1
2024-10-08 04:00,1129.2,6,1.0,1
2024-10-08 05:00,1129.2,6,1.0,1
2024-10-08 06:00,1129.2,6,1.0,1
2024-10-08 07:00,1129.2,6,1.0,1
2024-10-08 08:00,1129.2,6,1.0,1
2024-10-08 09:00,1129.2,6,1.0,1
2024-10-08 10:00,1129.2,6,1.0,1
2024-10-08 11:00,1129.2,6,1.0,1
2024-10-08 12:00,1129.2,6,1.0,1
2024-10-08 13:00,1129.2,6,1.0,1
2024-10-08 14:00,1129.2,6,1.0,1
2024-10-08 15:00,1129.2,6,1.0,1
2024-10-08 16:00,1129.2,6,1.0,1
2024-10-08 17:00,1129.2,6,1.0,1
2024-10-08 18:00,1129.2,6,1.0,1
2024-10-08 19:00,1147.4,6,1.0,1
2024-10-08 20:00,1153.4,6,1.0,1
2024-10-08 21:00,1154.0,6,1.0,1
2024-10-08 22:00,1154.0,6,1.0,1
2024-10-08 23:00,1154.8,6,1.0,1
2024-10-09 00:00,1154.8,6,1.0,1
2024-10-09 01:00,1154.8,6,1.0,1
2024-10-09 02:00,1154.8,6,1.0,1
2024-10-09 03:00,1154.8,6,1.0,1
2024-10-09 04:00,1157.6,6,1.0,1
2024-10-09 05:00,1157.8,6,1.0,1
2024-10-09 06:00,1157.8,6,1.0,1
2024-10-09 07:00,1157.8,6,1.0,1
2024-10-09 08:00,1157.8,6,1.0,1
2024-10-09 09:00,1157.8,6,1.0,1
2024-10-09 10:00,1157.8,6,1.0,1
2024-10-09 11:00,1157.8,6,1.0,1
2024-10-09 12:00,1157.8,6,1.0,1
2024-10-09 13:00,1157.8,6,1.0,1
2024-10-09 14:00,1157.8,6,1.0,1
2024-10-09 15:00,1157.8,6,1.0,1
2024-10-09 16:00,1157.8,6,1.0,1
2024-10-09 17:00,1157.8,6,1.0,1
2024-10-09 18:00,1157.8,6,1.0,1
2024-10-09 19:00,1157.8,6,1.0,1
2024-10-09 20:00,1157.8,6,1.0,1
2024-10-09 21:00,1157.8,6,1.0,1
2024-10-09 22:00,1157.8,6,1.0,1
2024-10-09 23:00,1157.8,6,1.0,1
2024-10-10 00:00,1157.8,6,1.0,1
2024-10-10 01:00,1157.8,6,1.0,1
2024-10-10 02:00,1157.8,6,1.0,1
2024-10-10 03:00,1157.8,6,1.0,1
2024-10-10 04:00,1157.8,6,1.0,1
2024-10-10 05:00,1157.8,6,1.0,1
2024-10-10 06:00,1157.8,6,1.0,1
2024-10-10 07:00,1157.8,6,1.0,1
2024-10-10 08:00,1157.8,6,1.0,1
2024-10-10 09:00,1157.8,6,1.0,1
2024-10-10 10:00,1157.8,6,1.0,1
2024-10-10 11:00,1157.8,6,1.0,1
2024-10-10 12:00,1157.8,6,1.0,1
2024-10-10 13:00,1157.8,6,1.0,1
2024-10-10 14:00,1157.8,6,1.0,1
2024-10-10 15:00,1157.8,6,1.0,1
2024-10-10 16:00,1157.8,6,1.0,1
2024-10-10 17:00,1157.8,6,1.0,1
2024-10-10 18:00,1157.8,6,1.0,1
2024-10-10 19:00,1159.2,6,1.0,1
2024-10-10 20:00,1159.8,6,1.0,1
2024-10-10 21:00,1160.0,6,1.0,1
2024-10-10 22:00,1160.2,6,1.0,1
2024-10-10 23:00,1160.4,6,1.0,1
2024-10-11 00:00,1160.4,6,1.0,1
2024-10-11 01:00,1160.4,6,1.0,1
2024-10-11 02:00,1160.4,6,1.0,1
2024-10-11 03:00,1160.4,6,1.0,1
2024-10-11 04:00,1160.4,6,1.0,1
2024-10-11 05:00,1160.4,6,1.0,1
2024-10-11 06:00,1160.4,6,1.0,1
2024-10-11 07:00,1160.4,6,1.0,1
2024-10-11 08:00,1160.4,6,1.0,1
2024-10-11 09:00,1160.4,6,1.0,1
2024-10-11 10:00,1160.4,6,1.0,1
2024-10-11 11:00,1160.4,6,1.0,1
2024-10-11 12:00,1160.4,6,1.0,1
2024-10-11 13:00,1160.4,6,1.0,1
2024-10-11 14:00,1160.4,6,1.0,1
2024-10-11 15:00,1160.4,6,1.0,1
2024-10-11 16:00,1160.4,6,1.0,1
2024-10-11 17:00,1160.4,6,1.0,1
2024-10-11 18:00,1160.4,6,1.0,1
2024-10-11 19:00,1160.4,6,1.0,1
2024-10-11 20:00,1160.4,6,1.0,1
2024-10-11 21:00,1160.4,6,1.0,1
2024-10-11 22:00,1160.4,6,1.0,1
2024-10-11 23:00,1160.4,6,1.0,1
2024-10-12 00:00,1160.4,6,1.0,1
2024-10-12 01:00,1160.4,6,1.0,1
2024-10-12 02:00,1160.4,6,1.0,1
2024-10-12 03:00,1160.4,6,1.0,1
2024-10-12 04:00,1160.4,6,1.0,1
2024-10-12 05:00,1160.4,6,1.0,1
2024-10-12 06:00,1160.4,6,1.0,1
2024-10-12 07:00,1160.4,6,1.0,1
2024-10-12 08:00,1160.4,6,1.0,1
2024-10-12 09:00,1160.4,6,1.0,1
2024-10-12 10:00,1160.4,6,1.0,1
2024-10-12 11:00,1160.4,6,1.0,1
2024-10-12 12:00,1160.4,6,1.0,1
2024-10-12 13:00,1160.4,6,1.0,1
2024-10-12 14:00,1160.4,6,1.0,1
2024-10-12 15:00,1160.4,6,1.0,1
2024-10-12 16:00,1160.4,6,1.0,1
2024-10-12 17:00,1160.4,6,1.0,1
2024-10-12 18:00,1160.4,6,1.0,1
2024-10-12 19:00,1160.4,6,1.0,1
2024-10-12 20:00,1160.4,6,1.0,1
2024-10-12 21:00,1160.4,6,1.0,1
2024-10-12 22:00,1160.4,6,1.0,1
2024-10-12 23:00,1160.4,6,1.0,1
2024-10-13 00:00,1160.4,6,1.0,1
2024-10-13 01:00,1160.4,6,1.0,1
2024-10-13 02:00,1160.4,6,1.0,1
2024-10-13 03:00,1160.4,6,1.0,1
2024-10-13 04:00,1160.4,6,1.0,1
2024-10-13 05:00,1160.4,6,1.0,1
2024-10-13 06:00,1160.4,6,1.0,1
2024-10-13 07:00,1160.4,6,1.0,1
2024-10-13 08:00,1160.4,6,1.0,1
2024-10-13 09:00,1160.4,6,1.0,1
2024-10-13 10:00,1160.4,6,1.0,1
2024-10-13 11:00,1160.4,6,1.0,1
2024-10-13 12:00,1160.4,6,1.0,1
2024-10-13 13:00,1160.4,6,1.0,1
2024-10-13 14:00,1160.4,6,1.0,1
2024-10-13 15:00,1160.4,6,1.0,1
2024-10-13 16:00,1160.4,6,1.0,1
2024-10-13 17:00,1160.4,6,1.0,1
2024-10-13 18:00,1160.4,6,1.0,1
2024-10-13 19:00,1160.4,6,1.0,1
2024-10-13 20:00,1160.4,6,1.0,1
2024-10-13 21:00,1160.4,6,1.0,1
2024-10-13 22:00,1160.4,6,1.0,1
2024-10-13 23:00,1160.4,6,1.0,1
2024-10-14 00:00,1160.4,6,1.0,1
2024-10-14 01:00,1160.4,6,1.0,1
2024-10-14 02:00,1160.4,6,1.0,1
2024-10-14 03:00,1160.4,6,1.0,1
2024-10-14 04:00,1160.4,6,1.0,1
2024-10-14 05:00,1160.4,6,1.0,1
2024-10-14 06:00,1160.4,6,1.0,1
2024-10-14 07:00,1160.4,6,1.0,1
2024-10-14 08:00,1160.4,6,1.0,1
2024-10-14 09:00,1160.8,6,1.0,1
2024-10-14 10:00,1160.8,6,1.0,1
2024-10-14 11:00,1160.8,6,1.0,1
2024-10-14 12:00,1160.8,6,1.0,1
2024-10-14 13:00,1160.8,6,1.0,1
2024-10-14 14:00,1160.8,6,1.0,1
2024-10-14 15:00,1160.8,6,1.0,1
2024-10-14 16:00,1160.8,6,1.0,1
2024-10-14 17:00,1160.8,6,1.0,1
2024-10-14 18:00,1160.8,6,1.0,1
2024-10-14 19:00,1160.8,6,1.0,1
2024-10-14 20:00,1160.8,6,1.0,1
2024-10-14 21:00,1160.8,6,1.0,1
2024-10-14 22:00,1160.8,6,1.0,1
2024-10-14 23:00,1160.8,6,1.0,1
2024-10-15 00:00,1160.8,6,1.0,1
2024-10-15 01:00,1160.8,6,1.0,1
2024-10-15 02:00,1160.8,6,1.0,1
2024-10-15 03:00,1160.8,6,1.0,1
2024-10-15 04:00,1160.8,6,1.0,1
2024-10-15 05:00,1160.8,6,1.0,1
2024-10-15 06:00,1160.8,6,1.0,1
2024-10-15 07:00,1160.8,6,1.0,1
2024-10-15 08:00,1160.8,6,1.0,1
2024-10-15 09:00,1160.8,6,1.0,1
2024-10-15 10:00,1160.8,6,1.0,1
2024-10-15 11:00,1160.8,6,1.0,1
2024-10-15 12:00,1160.8,6,1.0,1
2024-10-15 13:00,1160.8,6,1.0,1
2024-10-15 14:00,1160.8,6,1.0,1
2024-10-15 15:00,1160.8,6,1.0,1
2024-10-15 16:00,1160.8,6,1.0,1
2024-10-15 17:00,1160.8,6,1.0,1
2024-10-15 18:00,1160.8,6,1.0,1
2024-10-15 19:00,1160.8,6,1.0,1
2024-10-15 20:00,1160.8,6,1.0,1
2024-10-15 21:00,1160.8,6,1.0,1
2024-10-15 22:00,1160.8,6,1.0,1
2024-10-15 23:00,1160.8,6,1.0,1
2024-10-16 00:00,1160.8,6,1.0,1
2024-10-16 01:00,1160.8,6,1.0,1
2024-10-16 02:00,1160.8,6,1.0,1
2024-10-16 03:00,1160.8,6,1.0,1
2024-10-16 04:00,1160.8,6,1.0,1
2024-10-16 05:00,1160.8,6,1.0,1
2024-10-16 06:00,1160.8,6,1.0,1
2024-10-16 07:00,1160.8,6,1.0,1
2024-10-16 08:00,1160.8,6,1.0,1
2024-10-16 09:00,1160.8,6,1.0,1
2024-10-16 10:00,1160.8,6,1.0,1
2024-10-16 11:00,1160.8,6,1.0,1
2024-10-16 12:00,1160.8,6,1.0,1
2024-10-16 13:00,1160.8,6,1.0,1
2024-10-16 14:00,1160.8,6,1.0,1
2024-10-16 15:00,1160.8,6,1.0,1
2024-10-16 16:00,1160.8,6,1.0,1
2024-10-16 17:00,1160.8,6,1.0,1
2024-10-16 18:00,1160.8,6,1.0,1
2024-10-16 19:00,1160.8,6,1.0,1
2024-10-16 20:00,1160.8,6,1.0,1
2024-10-16 21:00,1160.8,6,1.0,1
2024-10-16 22:00,1160.8,6,1.0,1
2024-10-16 23:00,1160.8,6,1.0,1
2024-10-17 00:00,1160.8,6,1.0,1
2024-10-17 01:00,1160.8,6,1.0,1
2024-10-17 02:00,1160.8,6,1.0,1
2024-10-17 03:00,1160.8,6,1.0,1
2024-10-17 04:00,1160.8,6,1.0,1
2024-10-17 05:00,1160.8,6,1.0,1
2024-10-17 06:00,1160.8,6,1.0,1
2024-10-17 07:00,1160.8,6,1.0,1
2024-10-17 08:00,1160.8,6,1.0,1
2024-10-17 09:00,1160.8,6,1.0,1
2024-10-17 10:00,1160.8,6,1.0,1
2024-10-17 11:00,1160.8,6,1.0,1
2024-10-17 12:00,1160.8,6,1.0,1
2024-10-17 13:00,1160.8,6,1.0,1
2024-10-17 14:00,1160.8,6,1.0,1
2024-10-17 15:00,1160.8,6,1.0,1
2024-10-17 16:00,1160.8,6,1.0,1
2024-10-17 17:00,1160.8,6,1.0,1
2024-10-17 18:00,1160.8,6,1.0,1
2024-10-17 19:00,1160.8,6,1.0,1
2024-10-17 20:00,1160.8,6,1.0,1
2024-10-17 21:00,1160.8,6,1.0,1
2024-10-17 22:00,1160.8,6,1.0,1
2024-10-17 23:00,1160.8,6,1.0,1
2024-10-18 00:00,1160.8,6,1.0,1
2024-10-18 01:00,1160.8,6,1.0,1
2024-10-18 02:00,1160.8,6,1.0,1
2024-10-18 03:00,1160.8,6,1.0,1
2024-10-18 04:00,1160.8,6,1.0,1
2024-10-18 05:00,1160.8,6,1.0,1
2024-10-18 06:00,1160.8,6,1.0,1
2024-10-18 07:00,1189.1,6,1.0,1
2024-10-18 08:00,1210.4,6,1.0,1
2024-10-18 09:00,1220.1,6,1.0,1
2024-10-18 10:00,1220.3,6,1.0,1
2024-10-18 11:00,1228.3,6,1.0,1
2024-10-18 12:00,1234.6,6,1.0,1
2024-10-18 13:00,1234.6,6,1.0,1
2024-10-18 14:00,1235.0,6,1.0,1
2024-10-18 15:00,1235.0,6,1.0,1
2024-10-18 16:00,1235.0,6,1.0,1
2024-10-18 17:00,1235.0,6,1.0,1
2024-10-18 18:00,1235.4,6,1.0,1
2024-10-18 19:00,1238.2,6,1.0,1
2024-10-18 20:00,1238.6,6,1.0,1
2024-10-18 21:00,1238.6,6,1.0,1
2024-10-18 22:00,1238.6,6,1.0,1
2024-10-18 23:00,1238.6,6,1.0,1
2024-10-19 00:00,1238.6,6,1.0,1
2024-10-19 01:00,1238.6,6,1.0,1
2024-10-19 02:00,1238.8,6,1.0,1
2024-10-19 03:00,1239.0,6,1.0,1
2024-10-19 04:00,1239.0,6,1.0,1
2024-10-19 05:00,1245.2,6,1.0,1
2024-10-19 06:00,1247.6,6,1.0,1
2024-10-19 07:00,1270.0,6,1.0,1
2024-10-19 08:00,1274.6,6,1.0,1
2024-10-19 09:00,1279.0,6,1.0,1
2024-10-19 10:00,1288.0,6,1.0,1
2024-10-19 11:00,1294.5,6,1.0,1
2024-10-19 12:00,1296.3,6,1.0,1
2024-10-19 13:00,1296.5,6,1.0,1
2024-10-19 14:00,1296.5,6,1.0,1
2024-10-19 15:00,1296.5,6,1.0,1
2024-10-19 16:00,1297.1,6,1.0,1
2024-10-19 17:00,1297.3,6,1.0,1
2024-10-19 18:00,1297.3,6,1.0,1
2024-10-19 19:00,1297.3,6,1.0,1
2024-10-19 20:00,1297.3,6,1.0,1
2024-10-19 21:00,1297.3,6,1.0,1
2024-10-19 22:00,1297.3,6,1.0,1
2024-10-19 23:00,1297.3,6,1.0,1
2024-10-20 00:00,1297.3,6,1.0,1
2024-10-20 01:00,1297.3,6,1.0,1
2024-10-20 02:00,1297.3,6,1.0,1
2024-10-20 03:00,1297.3,6,1.0,1
2024-10-20 04:00,1297.5,6,1.0,1
2024-10-20 05:00,1298.7,6,1.0,1
2024-10-20 06:00,1300.9,6,1.0,1
2024-10-20 07:00,1300.9,6,1.0,1
2024-10-20 08:00,1300.9,6,1.0,1
2024-10-20 09:00,1300.9,6,1.0,1
2024-10-20 10:00,1300.9,6,1.0,1
2024-10-20 11:00,1300.9,6,1.0,1
2024-10-20 12:00,1300.9,6,1.0,1
2024-10-20 13:00,1300.9,6,1.0,1
2024-10-20 14:00,1300.9,6,1.0,1
2024-10-20 15:00,1300.9,6,1.0,1
2024-10-20 16:00,1300.9,6,1.0,1
2024-10-20 17:00,1300.9,6,1.0,1
2024-10-20 18:00,1300.9,6,1.0,1
2024-10-20 19:00,1300.9,6,1.0,1
2024-10-20 20:00,1300.9,6,1.0,1
2024-10-20 21:00,1300.9,6,1.0,1
2024-10-20 22:00,1300.9,6,1.0,1
2024-10-20 23:00,1300.9,6,1.0,1
2024-10-21 00:00,1300.9,6,1.0,1
2024-10-21 01:00,1300.9,6,1.0,1
2024-10-21 02:00,1300.9,6,1.0,1
2024-10-21 03:00,1300.9,6,1.0,1
2024-10-21 04:00,1300.9,6,1.0,1
2024-10-21 05:00,1300.9,6,1.0,1
2024-10-21 06:00,1300.9,6,1.0,1
2024-10-21 07:00,1300.9,6,1.0,1
2024-10-21 08:00,1300.9,6,1.0,1
2024-10-21 09:00,1300.9,6,1.0,1
2024-10-21 10:00,1300.9,6,1.0,1
2024-10-21 11:00,1300.9,6,1.0,1
2024-10-21 12:00,1300.9,6,1.0,1
2024-10-21 13:00,1300.9,6,1.0,1
2024-10-21 14:00,1300.9,6,1.0,1
2024-10-21 15:00,1300.9,6,1.0,1
2024-10-21 16:00,1300.9,6,1.0,1
2024-10-21 17:00,1300.9,6,1.0,1
2024-10-21 18:00,1300.9,6,1.0,1
2024-10-21 19:00,1300.9,6,1.0,1
2024-10-21 20:00,1300.9,6,1.0,1
2024-10-21 21:00,1300.9,6,1.0,1
2024-10-21 22:00,1300.9,6,1.0,1
2024-10-21 23:00,1300.9,6,1.0,1
2024-10-22 00:00,1300.9,6,1.0,1
2024-10-22 01:00,1300.9,6,1.0,1
2024-10-22 02:00,1300.9,6,1.0,1
2024-10-22 03:00,1300.9,6,1.0,1
2024-10-22 04:00,1300.9,6,1.0,1
2024-10-22 05:00,1300.9,6,1.0,1
2024-10-22 06:00,1300.9,6,1.0,1
2024-10-22 07:00,1300.9,6,1.0,1
2024-10-22 08:00,1300.9,6,1.0,1
2024-10-22 09:00,1300.9,6,1.0,1
2024-10-22 10:00,1300.9,6,1.0,1
2024-10-22 11:00,1300.9,6,1.0,1
2024-10-22 12:00,1300.9,6,1.0,1
2024-10-22 13:00,1301.1,6,1.0,1
2024-10-22 14:00,1301.1,6,1.0,1
2024-10-22 15:00,1301.3,6,1.0,1
2024-10-22 16:00,1301.3,6,1.0,1
2024-10-22 17:00,1301.3,6,1.0,1
2024-10-22 18:00,1301.3,6,1.0,1
2024-10-22 19:00,1301.3,6,1.0,1
2024-10-22 20:00,1301.3,6,1.0,1
2024-10-22 21:00,1301.3,6,1.0,1
2024-10-22 22:00,1301.3,6,1.0,1
2024-10-22 23:00,1301.3,6,1.0,1
2024-10-23 00:00,1301.3,6,1.0,1
2024-10-23 01:00,1301.3,6,1.0,1
2024-10-23 02:00,1301.3,6,1.0,1
2024-10-23 03:00,1301.3,6,1.0,1
2024-10-23 04:00,1301.3,6,1.0,1
2024-10-23 05:00,1301.3,6,1.0,1
2024-10-23 06:00,1301.3,6,1.0,1
2024-10-23 07:00,1301.3,6,1.0,1
2024-10-23 08:00,1301.3,6,1.0,1
2024-10-23 09:00,1301.3,6,1.0,1
2024-10-23 10:00,1301.3,6,1.0,1
2024-10-23 11:00,1301.3,6,1.0,1
2024-10-23 12:00,1301.3,6,1.0,1
2024-10-23 13:00,1301.3,6,1.0,1
2024-10-23 14:00,1301.3,6,1.0,1
2024-10-23 15:00,1301.3,6,1.0,1
2024-10-23 16:00,1301.3,6,1.0,1
2024-10-23 17:00,1301.3,6,1.0,1
2024-10-23 18:00,1301.3,6,1.0,1
2024-10-23 19:00,1301.3,6,1.0,1
2024-10-23 20:00,1301.3,6,1.0,1
2024-10-23 21:00,1301.3,6,1.0,1
2024-10-23 22:00,1301.3,6,1.0,1
2024-10-23 23:00,1301.3,6,1.0,1
2024-10-24 00:00,1301.3,6,1.0,1
2024-10-24 01:00,1301.3,6,1.0,1
2024-10-24 02:00,1301.3,6,1.0,1
2024-10-24 03:00,1301.3,6,1.0,1
2024-10-24 04:00,1301.3,6,1.0,1
2024-10-24 05:00,1301.3,6,1.0,1
2024-10-24 06:00,1301.3,6,1.0,1
2024-10-24 07:00,1301.3,6,1.0,1
2024-10-24 08:00,1301.3,6,1.0,1
2024-10-24 09:00,1301.3,6,1.0,1
2024-10-24 10:00,1301.3,6,1.0,1
2024-10-24 11:00,1301.3,6,1.0,1
2024-10-24 12:00,1301.5,6,1.0,1
2024-10-24 13:00,1301.5,6,1.0,1
2024-10-24 14:00,1301.5,6,1.0,1
2024-10-24 15:00,1301.5,6,1.0,1
2024-10-24 16:00,1301.5,6,1.0,1
2024-10-24 17:00,1301.5,6,1.0,1
2024-10-24 18:00,1301.5,6,1.0,1
2024-10-24 19:00,1301.5,6,1.0,1
2024-10-24 20:00,1301.5,6,1.0,1
2024-10-24 21:00,1301.5,6,1.0,1
2024-10-24 22:00,1301.5,6,1.0,1
2024-10-24 23:00,1301.5,6,1.0,1
2024-10-25 00:00,1301.5,6,1.0,1
2024-10-25 01:00,1301.5,6,1.0,1
2024-10-25 02:00,1301.5,6,1.0,1
2024-10-25 03:00,1301.5,6,1.0,1
2024-10-25 04:00,1301.5,6,1.0,1
2024-10-25 05:00,1301.5,6,1.0,1
2024-10-25 06:00,1301.5,6,1.0,1
2024-10-25 07:00,1301.5,6,1.0,1
2024-10-25 08:00,1301.5,6,1.0,1
2024-10-25 09:00,1301.5,6,1.0,1
2024-10-25 10:00,1301.5,6,1.0,1
2024-10-25 11:00,1301.5,6,1.0,1
2024-10-25 12:00,1301.5,6,1.0,1
2024-10-25 13:00,1301.5,6,1.0,1
2024-10-25 14:00,1301.5,6,1.0,1
2024-10-25 15:00,1301.5,6,1.0,1
2024-10-25 16:00,1301.5,6,1.0,1
2024-10-25 17:00,1301.5,6,1.0,1
2024-10-25 18:00,1301.5,6,1.0,1
2024-10-25 19:00,1301.5,6,1.0,1
2024-10-25 20:00,1301.5,6,1.0,1
2024-10-25 21:00,1301.5,6,1.0,1
2024-10-25 22:00,1301.5,6,1.0,1
2024-10-25 23:00,1301.5,6,1.0,1
2024-10-26 00:00,1301.5,6,1.0,1
2024-10-26 01:00,1301.5,6,1.0,1
2024-10-26 02:00,1301.5,6,1.0,1
2024-10-26 03:00,1301.5,6,1.0,1
2024-10-26 04:00,1301.5,6,1.0,1
2024-10-26 05:00,1301.5,6,1.0,1
2024-10-26 06:00,1301.5,6,1.0,1
2024-10-26 07:00,1301.5,6,1.0,1
2024-10-26 08:00,1301.5,6,1.0,1
2024-10-26 09:00,1301.5,6,1.0,1
2024-10-26 10:00,1301.5,6,1.0,1
2024-10-26 11:00,1301.5,6,1.0,1
2024-10-26 12:00,1301.5,6,1.0,1
2024-10-26 13:00,1301.5,6,1.0,1
2024-10-26 14:00,1301.5,6,1.0,1
2024-10-26 15:00,1301.5,6,1.0,1
2024-10-26 16:00,1301.5,6,1.0,1
2024-10-26 17:00,1301.5,6,1.0,1
2024-10-26 18:00,1301.5,6,1.0,1
2024-10-26 19:00,1301.5,6,1.0,1
2024-10-26 20:00,1301.5,6,1.0,1
2024-10-26 21:00,1301.5,6,1.0,1
2024-10-26 22:00,1301.5,6,1.0,1
2024-10-26 23:00,1301.5,6,1.0,1
2024-10-27 00:00,1301.5,6,1.0,1
2024-10-27 01:00,1301.5,6,1.0,1
2024-10-27 02:00,1301.5,6,1.0,1
2024-10-27 03:00,1301.5,6,1.0,1
2024-10-27 04:00,1301.5,6,1.0,1
2024-10-27 05:00,1301.5,6,1.0,1
2024-10-27 06:00,1301.5,6,1.0,1
2024-10-27 07:00,1301.5,6,1.0,1
2024-10-27 08:00,1301.5,6,1.0,1
2024-10-27 09:00,1301.5,6,1.0,1
2024-10-27 10:00,1301.5,6,1.0,1
2024-10-27 11:00,1301.5,6,1.0,1
2024-10-27 12:00,1301.5,6,1.0,1
2024-10-27 13:00,1301.5,6,1.0,1
2024-10-27 14:00,1301.7,6,1.0,1
2024-10-27 15:00,1301.7,6,1.0,1
2024-10-27 16:00,1301.7,6,1.0,1
2024-10-27 17:00,1301.7,6,1.0,1
2024-10-27 18:00,1301.7,6,1.0,1
2024-10-27 19:00,1301.7,6,1.0,1
2024-10-27 20:00,1301.7,6,1.0,1
2024-10-27 21:00,1301.7,6,1.0,1
2024-10-27 22:00,1301.7,6,1.0,1
2024-10-27 23:00,1301.7,6,1.0,1
2024-10-28 00:00,1301.7,6,1.0,1
2024-10-28 01:00,1301.7,6,1.0,1
2024-10-28 02:00,1301.7,6,1.0,1
2024-10-28 03:00,1301.7,6,1.0,1
2024-10-28 04:00,1301.7,6,1.0,1
2024-10-28 05:00,1301.7,6,1.0,1
2024-10-28 06:00,1301.7,6,1.0,1
2024-10-28 07:00,1301.7,6,1.0,1
2024-10-28 08:00,1301.7,6,1.0,1
2024-10-28 09:00,1301.7,6,1.0,1
2024-10-28 10:00,1301.7,6,1.0,1
2024-10-28 11:00,1301.7,6,1.0,1
2024-10-28 12:00,1301.7,6,1.0,1
2024-10-28 13:00,1301.7,6,1.0,1
2024-10-28 14:00,1301.7,6,1.0,1
2024-10-28 15:00,1301.7,6,1.0,1
2024-10-28 16:00,1301.7,6,1.0,1
2024-10-28 17:00,1301.7,6,1.0,1
2024-10-28 18:00,1301.7,6,1.0,1
2024-10-28 19:00,1301.7,6,1.0,1
2024-10-28 20:00,1301.7,6,1.0,1
2024-10-28 21:00,1301.7,6,1.0,1
2024-10-28 22:00,1301.7,6,1.0,1
2024-10-28 23:00,1301.7,6,1.0,1
2024-10-29 00:00,1301.7,6,1.0,1
2024-10-29 01:00,1301.7,6,1.0,1
2024-10-29 02:00,1301.7,6,1.0,1
2024-10-29 03:00,1301.7,6,1.0,1
2024-10-29 04:00,1301.7,6,1.0,1
2024-10-29 05:00,1301.7,6,1.0,1
2024-10-29 06:00,1301.7,6,1.0,1
2024-10-29 07:00,1301.7,6,1.0,1
2024-10-29 08:00,1301.7,6,1.0,1
2024-10-29 09:00,1301.7,6,1.0,1
2024-10-29 10:00,1301.7,6,1.0,1
2024-10-29 11:00,1301.7,6,1.0,1
2024-10-29 12:00,1301.7,6,1.0,1
2024-10-29 13:00,1301.7,6,1.0,1
2024-10-29 14:00,1301.7,6,1.0,1
2024-10-29 15:00,1301.7,6,1.0,1
2024-10-29 16:00,1301.7,6,1.0,1
2024-10-29 17:00,1301.7,6,1.0,1
2024-10-29 18:00,1301.7,6,1.0,1
2024-10-29 19:00,1301.7,6,1.0,1
2024-10-29 20:00,1301.7,6,1.0,1
2024-10-29 21:00,1301.7,6,1.0,1
2024-10-29 22:00,1301.7,6,1.0,1
2024-10-29 23:00,1301.7,6,1.0,1
2024-10-30 00:00,1301.7,6,1.0,1
2024-10-30 01:00,1301.7,6,1.0,1
2024-10-30 02:00,1301.7,6,1.0,1
2024-10-30 03:00,1301.7,6,1.0,1
2024-10-30 04:00,1301.7,6,1.0,1
2024-10-30 05:00,1301.7,6,1.0,1
2024-10-30 06:00,1301.7,6,1.0,1
2024-10-30 07:00,1301.7,6,1.0,1
2024-10-30 08:00,1301.7,6,1.0,1
2024-10-30 09:00,1301.7,6,1.0,1
2024-10-30 10:00,1301.7,6,1.0,1
2024-10-30 11:00,1301.7,6,1.0,1
2024-10-30 12:00,1301.7,6,1.0,1
2024-10-30 13:00,1301.7,6,1.0,1
2024-10-30 14:00,1301.7,6,1.0,1
2024-10-30 15:00,1301.7,6,1.0,1
2024-10-30 16:00,1301.7,6,1.0,1
2024-10-30 17:00,1301.7,6,1.0,1
2024-10-30 18:00,1301.7,6,1.0,1
2024-10-30 19:00,1301.7,6,1.0,1
2024-10-30 20:00,1301.7,6,1.0,1
2024-10-30 21:00,1301.7,6,1.0,1
2024-10-30 22:00,1301.7,6,1.0,1
2024-10-30 23:00,1301.7,6,1.0,1
2024-10-31 00:00,1301.7,6,1.0,1
2024-10-31 01:00,1301.7,6,1.0,1
2024-10-31 02:00,1301.7,6,1.0,1
2024-10-31 03:00,1301.7,6,1.0,1
2024-10-31 04:00,1301.7,6,1.0,1
2024-10-31 05:00,1301.7,6,1.0,1
2024-10-31 06:00,1301.7,6,1.0,1
2024-10-31 07:00,1301.7,6,1.0,1
2024-10-31 08:00,1301.7,6,1.0,1
2024-10-31 09:00,1301.7,6,1.0,1
2024-10-31 10:00,1301.7,6,1.0,1
2024-10-31 11:00,1301.7,6,1.0,1
2024-10-31 12:00,1301.7,6,1.0,1
2024-10-31 13:00,1301.7,6,1.0,1
2024-10-31 14:00,1301.7,6,1.0,1
2024-10-31 15:00,1301.7,6,1.0,1
2024-10-31 16:00,1301.7,6,1.0,1
2024-10-31 17:00,1301.7,6,1.0,1
2024-10-31 18:00,1301.7,6,1.0,1
2024-10-31 19:00,1301.7,6,1.0,1
2024-10-31 20:00,1301.7,6,1.0,1
2024-10-31 21:00,1301.7,6,1.0,1
2024-10-31 22:00,1301.7,6,1.0,1
2024-10-31 23:00,1301.7,6,1.0,1
2024-11-01 00:00,1301.7,6,1.0,1
2024-11-01 01:00,1301.7,6,1.0,1
2024-11-01 02:00,1301.7,6,1.0,1
2024-11-01 03:00,1301.7,6,1.0,1
2024-11-01 04:00,1301.7,6,1.0,1
2024-11-01 05:00,1301.7,6,1.0,1
2024-11-01 06:00,1301.7,6,1.0,1
2024-11-01 07:00,1301.7,6,1.0,1
2024-11-01 08:00,1301.7,6,1.0,1
2024-11-01 09:00,1301.7,6,1.0,1
2024-11-01 10:00,1301.7,6,1.0,1
2024-11-01 11:00,1301.7,6,1.0,1
2024-11-01 12:00,1301.7,6,1.0,1
2024-11-01 13:00,1301.7,6,1.0,1
2024-11-01 14:00,1301.7,6,1.0,1
2024-11-01 15:00,1301.7,6,1.0,1
2024-11-01 16:00,1301.7,6,1.0,1
2024-11-01 17:00,1301.7,6,1.0,1
2024-11-01 18:00,1301.7,6,1.0,1
2024-11-01 19:00,1301.7,6,1.0,1
2024-11-01 20:00,1301.7,6,1.0,1
2024-11-01 21:00,1301.7,6,1.0,1
2024-11-01 22:00,1301.7,6,1.0,1
2024-11-01 23:00,1301.7,6,1.0,1
2024-11-02 00:00,1301.7,6,1.0,1
2024-11-02 01:00,1301.7,6,1.0,1
2024-11-02 02:00,1301.7,6,1.0,1
2024-11-02 03:00,1301.7,6,1.0,1
2024-11-02 04:00,1301.7,6,1.0,1
2024-11-02 05:00,1301.7,6,1.0,1
2024-11-02 06:00,1301.7,6,1.0,1
2024-11-02 07:00,1301.7,6,1.0,1
2024-11-02 08:00,1301.7,6,1.0,1
2024-11-02 09:00,1301.7,6,1.0,1
2024-11-02 10:00,1301.7,6,1.0,1
2024-11-02 11:00,1301.7,6,1.0,1
2024-11-02 12:00,1301.7,6,1.0,1
2024-11-02 13:00,1301.7,6,1.0,1
2024-11-02 14:00,1301.7,6,1.0,1
2024-11-02 15:00,1301.7,6,1.0,1
2024-11-02 16:00,1301.7,6,1.0,1
2024-11-02 17:00,1301.7,6,1.0,1
2024-11-02 18:00,1301.7,6,1.0,1
2024-11-02 19:00,1301.7,6,1.0,1
2024-11-02 20:00,1301.7,6,1.0,1
2024-11-02 21:00,1301.7,6,1.0,1
2024-11-02 22:00,1301.7,6,1.0,1
2024-11-02 23:00,1301.7,6,1.0,1
2024-11-03 00:00,1301.7,6,1.0,1
2024-11-03 01:00,1301.7,6,1.0,1
2024-11-03 02:00,1301.7,6,1.0,1
2024-11-03 03:00,1301.7,6,1.0,1
2024-11-03 04:00,1301.7,6,1.0,1
2024-11-03 05:00,1301.7,6,1.0,1
2024-11-03 06:00,1301.7,6,1.0,1
2024-11-03 07:00,1301.7,6,1.0,1
2024-11-03 08:00,1301.7,6,1.0,1
2024-11-03 09:00,1301.7,6,1.0,1
2024-11-03 10:00,1301.7,6,1.0,1
2024-11-03 11:00,1301.7,6,1.0,1
2024-11-03 12:00,1301.7,6,1.0,1
2024-11-03 13:00,1301.7,6,1.0,1
2024-11-03 14:00,1301.7,6,1.0,1
2024-11-03 15:00,1301.7,6,1.0,1
2024-11-03 16:00,1301.7,6,1.0,1
2024-11-03 17:00,1301.7,6,1.0,1
2024-11-03 18:00,1301.7,6,1.0,1
2024-11-03 19:00,1301.7,6,1.0,1
2024-11-03 20:00,1301.7,6,1.0,1
2024-11-03 21:00,1301.7,6,1.0,1
2024-11-03 22:00,1301.7,6,1.0,1
2024-11-03 23:00,1301.7,6,1.0,1
2024-11-04 00:00,1301.7,6,1.0,1
2024-11-04 01:00,1301.7,6,1.0,1
2024-11-04 02:00,1301.7,6,1.0,1
2024-11-04 03:00,1301.7,6,1.0,1
2024-11-04 04:00,1301.7,6,1.0,1
2024-11-04 05:00,1301.7,6,1.0,1
2024-11-04 06:00,1301.7,6,1.0,1
2024-11-04 07:00,1301.7,6,1.0,1
2024-11-04 08:00,1301.7,6,1.0,1
2024-11-04 09:00,1301.7,6,1.0,1
2024-11-04 10:00,1301.7,6,1.0,1
2024-11-04 11:00,1301.7,6,1.0,1
2024-11-04 12:00,1301.7,6,1.0,1
2024-11-04 13:00,1301.7,6,1.0,1
2024-11-04 14:00,1301.7,6,1.0,1
2024-11-04 15:00,1301.7,6,1.0,1
2024-11-04 16:00,1301.7,6,1.0,1
2024-11-04 17:00,1301.7,6,1.0,1
2024-11-04 18:00,1301.7,6,1.0,1
2024-11-04 19:00,1301.7,6,1.0,1
2024-11-04 20:00,1301.7,6,1.0,1
2024-11-04 21:00,1301.7,6,1.0,1
2024-11-04 22:00,1301.7,6,1.0,1
2024-11-04 23:00,1301.7,6,1.0,1
2024-11-05 00:00,1301.7,6,1.0,1
2024-11-05 01:00,1301.7,6,1.0,1
2024-11-05 02:00,1301.7,6,1.0,1
2024-11-05 03:00,1301.7,6,1.0,1
2024-11-05 04:00,1301.7,6,1.0,1
2024-11-05 05:00,1301.7,6,1.0,1
2024-11-05 06:00,1301.7,6,1.0,1
2024-11-05 07:00,1301.7,6,1.0,1
2024-11-05 08:00,1301.7,6,1.0,1
2024-11-05 09:00,1301.7,6,1.0,1
2024-11-05 10:00,1301.7,6,1.0,1
2024-11-05 11:00,1301.7,6,1.0,1
2024-11-05 12:00,1301.7,6,1.0,1
2024-11-05 13:00,1301.7,6,1.0,1
2024-11-05 14:00,1301.7,6,1.0,1
2024-11-05 15:00,1301.7,6,1.0,1
2024-11-05 16:00,1301.7,6,1.0,1
2024-11-05 17:00,1301.7,6,1.0,1
2024-11-05 18:00,1301.7,6,1.0,1
2024-11-05 19:00,1301.7,6,1.0,1
2024-11-05 20:00,1301.7,6,1.0,1
2024-11-05 21:00,1301.7,6,1.0,1
2024-11-05 22:00,1301.7,6,1.0,1
2024-11-05 23:00,1301.7,6,1.0,1
2024-11-06 00:00,1301.7,6,1.0,1
2024-11-06 01:00,1301.7,6,1.0,1
2024-11-06 02:00,1301.7,6,1.0,1
2024-11-06 03:00,1301.7,6,1.0,1
2024-11-06 04:00,1301.7,6,1.0,1
2024-11-06 05:00,1301.7,6,1.0,1
2024-11-06 06:00,1301.7,6,1.0,1
2024-11-06 07:00,1301.7,6,1.0,1
2024-11-06 08:00,1301.7,6,1.0,1
2024-11-06 09:00,1301.7,6,1.0,1
2024-11-06 10:00,1301.7,6,1.0,1
2024-11-06 11:00,1301.7,6,1.0,1
2024-11-06 12:00,1301.7,6,1.0,1
2024-11-06 13:00,1301.7,6,1.0,1
2024-11-06 14:00,1301.7,6,1.0,1
2024-11-06 15:00,1301.7,6,1.0,1
2024-11-06 16:00,1301.7,6,1.0,1
2024-11-06 17:00,1301.7,6,1.0,1
2024-11-06 18:00,1301.7,6,1.0,1
2024-11-06 19:00,1301.7,6,1.0,1
2024-11-06 20:00,1301.7,6,1.0,1
2024-11-06 21:00,1301.7,6,1.0,1
2024-11-06 22:00,1301.7,6,1.0,1
2024-11-06 23:00,1301.7,6,1.0,1
2024-11-07 00:00,1301.7,6,1.0,1
2024-11-07 01:00,1301.7,6,1.0,1
2024-11-07 02:00,1301.7,6,1.0,1
2024-11-07 03:00,1301.7,6,1.0,1
2024-11-07 04:00,1301.7,6,1.0,1
2024-11-07 05:00,1301.7,6,1.0,1
2024-11-07 06:00,1301.7,6,1.0,1
2024-11-07 07:00,1301.7,6,1.0,1
2024-11-07 08:00,1301.7,6,1.0,1
2024-11-07 09:00,1301.7,6,1.0,1
2024-11-07 10:00,1301.7,6,1.0,1
2024-11-07 11:00,1301.7,6,1.0,1
2024-11-07 12:00,1301.7,6,1.0,1
2024-11-07 13:00,1301.7,6,1.0,1
2024-11-07 14:00,1301.7,6,1.0,1
2024-11-07 15:00,1301.7,6,1.0,1
2024-11-07 16:00,1301.7,6,1.0,1
2024-11-07 17:00,1301.7,6,1.0,1
2024-11-07 18:00,1301.7,6,1.0,1
2024-11-07 19:00,1301.7,6,1.0,1
2024-11-07 20:00,1301.7,6,1.0,1
2024-11-07 21:00,1301.7,6,1.0,1
2024-11-07 22:00,1301.7,6,1.0,1
2024-11-07 23:00,1301.7,6,1.0,1
2024-11-08 00:00,1301.7,6,1.0,1
2024-11-08 01:00,1301.7,6,1.0,1
2024-11-08 02:00,1301.7,6,1.0,1
2024-11-08 03:00,1301.7,6,1.0,1
2024-11-08 04:00,1301.7,6,1.0,1
2024-11-08 05:00,1301.7,6,1.0,1
2024-11-08 06:00,1301.7,6,1.0,1
2024-11-08 07:00,1301.7,6,1.0,1
2024-11-08 08:00,1301.7,6,1.0,1
2024-11-08 09:00,1301.7,6,1.0,1
2024-11-08 10:00,1301.7,6,1.0,1
2024-11-08 11:00,1301.7,6,1.0,1
2024-11-08 12:00,1301.7,6,1.0,1
2024-11-08 13:00,1301.7,6,1.0,1
2024-11-08 14:00,1301.7,6,1.0,1
2024-11-08 15:00,1301.7,6,1.0,1
2024-11-08 16:00,1301.7,6,1.0,1
2024-11-08 17:00,1301.7,6,1.0,1
2024-11-08 18:00,1301.7,6,1.0,1
2024-11-08 19:00,1301.7,6,1.0,1
2024-11-08 20:00,1301.7,6,1.0,1
2024-11-08 21:00,1301.7,6,1.0,1
2024-11-08 22:00,1301.7,6,1.0,1
2024-11-08 23:00,1301.7,6,1.0,1
2024-11-09 00:00,1301.7,6,1.0,1
2024-11-09 01:00,1301.7,6,1.0,1
2024-11-09 02:00,1301.7,6,1.0,1
2024-11-09 03:00,1301.7,6,1.0,1
2024-11-09 04:00,1301.7,6,1.0,1
2024-11-09 05:00,1301.7,6,1.0,1
2024-11-09 06:00,1301.7,6,1.0,1
2024-11-09 07:00,1301.7,6,1.0,1
2024-11-09 08:00,1301.7,6,1.0,1
2024-11-09 09:00,1301.7,6,1.0,1
2024-11-09 10:00,1301.7,6,1.0,1
2024-11-09 11:00,1301.7,6,1.0,1
2024-11-09 12:00,1301.7,6,1.0,1
2024-11-09 13:00,1301.7,6,1.0,1
2024-11-09 14:00,1301.7,6,1.0,1
2024-11-09 15:00,1301.7,6,1.0,1
2024-11-09 16:00,1301.7,6,1.0,1
2024-11-09 17:00,1301.7,6,1.0,1
2024-11-09 18:00,1301.7,6,1.0,1
2024-11-09 19:00,1301.7,6,1.0,1
2024-11-09 20:00,1301.7,6,1.0,1
2024-11-09 21:00,1301.7,6,1.0,1
2024-11-09 22:00,1301.7,6,1.0,1
2024-11-09 23:00,1301.7,6,1.0,1
2024-11-10 00:00,1301.7,6,1.0,1
2024-11-10 01:00,1301.7,6,1.0,1
2024-11-10 02:00,1301.7,6,1.0,1
2024-11-10 03:00,1301.7,6,1.0,1
2024-11-10 04:00,1301.7,6,1.0,1
2024-11-10 05:00,1301.7,6,1.0,1
2024-11-10 06:00,1301.7,6,1.0,1
2024-11-10 07:00,1301.7,6,1.0,1
2024-11-10 08:00,1301.7,6,1.0,1
2024-11-10 09:00,1301.7,6,1.0,1
2024-11-10 10:00,1301.7,6,1.0,1
2024-11-10 11:00,1301.7,6,1.0,1
2024-11-10 12:00,1301.7,6,1.0,1
2024-11-10 13:00,1301.7,6,1.0,1
2024-11-10 14:00,1301.7,6,1.0,1
2024-11-10 15:00,1301.7,6,1.0,1
2024-11-10 16:00,1301.7,6,1.0,1
2024-11-10 17:00,1301.7,6,1.0,1
2024-11-10 18:00,1301.7,6,1.0,1
2024-11-10 19:00,1301.7,6,1.0,1
2024-11-10 20:00,1301.7,6,1.0,1
2024-11-10 21:00,1301.7,6,1.0,1
2024-11-10 22:00,1301.7,6,1.0,1
2024-11-10 23:00,1301.7,6,1.0,1
2024-11-11 00:00,1301.7,6,1.0,1
2024-11-11 01:00,1301.7,6,1.0,1
2024-11-11 02:00,1301.7,6,1.0,1
2024-11-11 03:00,1301.7,6,1.0,1
2024-11-11 04:00,1301.7,6,1.0,1
2024-11-11 05:00,1301.7,6,1.0,1
2024-11-11 06:00,1301.7,6,1.0,1
2024-11-11 07:00,1301.7,6,1.0,1
2024-11-11 08:00,1301.7,6,1.0,1
2024-11-11 09:00,1301.7,6,1.0,1
2024-11-11 10:00,1301.7,6,1.0,1
2024-11-11 11:00,1301.7,6,1.0,1
2024-11-11 12:00,1301.7,6,1.0,1
2024-11-11 13:00,1301.7,6,1.0,1
2024-11-11 14:00,1301.7,6,1.0,1
2024-11-11 15:00,1301.7,6,1.0,1
2024-11-11 16:00,1301.7,6,1.0,1
2024-11-11 17:00,1301.7,6,1.0,1
2024-11-11 18:00,1301.7,6,1.0,1
2024-11-11 19:00,1301.7,6,1.0,1
2024-11-11 20:00,1301.7,6,1.0,1
2024-11-11 21:00,1301.7,6,1.0,1
2024-11-11 22:00,1301.7,6,1.0,1
2024-11-11 23:00,1301.7,6,1.0,1
2024-11-12 00:00,1301.7,6,1.0,1
2024-11-12 01:00,1301.7,6,1.0,1
2024-11-12 02:00,1301.7,6,1.0,1
2024-11-12 03:00,1301.7,6,1.0,1
2024-11-12 04:00,1301.7,6,1.0,1
2024-11-12 05:00,1301.7,6,1.0,1
2024-11-12 06:00,1301.7,6,1.0,1
2024-11-12 07:00,1301.7,6,1.0,1
2024-11-12 08:00,1301.7,6,1.0,1
2024-11-12 09:00,1301.7,6,1.0,1
2024-11-12 10:00,1301.7,6,1.0,1
2024-11-12 11:00,1301.7,6,1.0,1
2024-11-12 12:00,1301.7,6,1.0,1
2024-11-12 13:00,1301.7,6,1.0,1
2024-11-12 14:00,1301.7,6,1.0,1
2024-11-12 15:00,1301.7,6,1.0,1
2024-11-12 16:00,1301.7,6,1.0,1
2024-11-12 17:00,1301.7,6,1.0,1
2024-11-12 18:00,1301.7,6,1.0,1
2024-11-12 19:00,1301.7,6,1.0,1
2024-11-12 20:00,1301.7,6,1.0,1
2024-11-12 21:00,1301.7,6,1.0,1
2024-11-12 22:00,1302.3,6,1.0,1
2024-11-12 23:00,1302.3,6,1.0,1
2024-11-13 00:00,1302.3,6,1.0,1
2024-11-13 01:00,1302.3,6,1.0,1
2024-11-13 02:00,1302.3,6,1.0,1
2024-11-13 03:00,1302.3,6,1.0,1
2024-11-13 04:00,1302.3,6,1.0,1
2024-11-13 05:00,1302.3,6,1.0,1
2024-11-13 06:00,1302.7,6,1.0,1
2024-11-13 07:00,1304.1,6,1.0,1
2024-11-13 08:00,1307.1,6,1.0,1
2024-11-13 09:00,1309.5,6,1.0,1
2024-11-13 10:00,1309.5,6,1.0,1
2024-11-13 11:00,1309.5,6,1.0,1
2024-11-13 12:00,1310.5,6,1.0,1
2024-11-13 13:00,1317.5,6,1.0,1
2024-11-13 14:00,1318.1,6,1.0,1
2024-11-13 15:00,1318.3,6,1.0,1
2024-11-13 16:00,1318.5,6,1.0,1
2024-11-13 17:00,1318.5,6,1.0,1
2024-11-13 18:00,1320.1,6,1.0,1
2024-11-13 19:00,1320.3,6,1.0,1
2024-11-13 20:00,1320.7,6,1.0,1
2024-11-13 21:00,1320.7,6,1.0,1
2024-11-13 22:00,1320.7,6,1.0,1
2024-11-13 23:00,1327.5,6,1.0,1
2024-11-14 00:00,1327.7,6,1.0,1
2024-11-14 01:00,1327.7,6,1.0,1
2024-11-14 02:00,1327.7,6,1.0,1
2024-11-14 03:00,1327.7,6,1.0,1
2024-11-14 04:00,1327.7,6,1.0,1
2024-11-14 05:00,1327.7,6,1.0,1
2024-11-14 06:00,1327.7,6,1.0,1
2024-11-14 07:00,1327.7,6,1.0,1
2024-11-14 08:00,1327.7,6,1.0,1
2024-11-14 09:00,1327.7,6,1.0,1
2024-11-14 10:00,1327.7,6,1.0,1
2024-11-14 11:00,1327.7,6,1.0,1
2024-11-14 12:00,1327.7,6,1.0,1
2024-11-14 13:00,1327.7,6,1.0,1
2024-11-14 14:00,1327.7,6,1.0,1
2024-11-14 15:00,1327.7,6,1.0,1
2024-11-14 16:00,1327.7,6,1.0,1
2024-11-14 17:00,1327.7,6,1.0,1
2024-11-14 18:00,1327.7,6,1.0,1
2024-11-14 19:00,1327.7,6,1.0,1
2024-11-14 20:00,1327.7,6,1.0,1
2024-11-14 21:00,1327.7,6,1.0,1
2024-11-14 22:00,1327.7,6,1.0,1
2024-11-14 23:00,1327.7,6,1.0,1
2024-11-15 00:00,1327.7,6,1.0,1
2024-11-15 01:00,1327.7,6,1.0,1
2024-11-15 02:00,1327.7,6,1.0,1
2024-11-15 03:00,1327.7,6,1.0,1
2024-11-15 04:00,1327.7,6,1.0,1
2024-11-15 05:00,1327.7,6,1.0,1
2024-11-15 06:00,1327.7,6,1.0,1
2024-11-15 07:00,1327.7,6,1.0,1
2024-11-15 08:00,1327.7,6,1.0,1
2024-11-15 09:00,1327.7,6,1.0,1
2024-11-15 10:00,1327.7,6,1.0,1
2024-11-15 11:00,1327.7,6,1.0,1
2024-11-15 12:00,1327.7,6,1.0,1
2024-11-15 13:00,1327.7,6,1.0,1
2024-11-15 14:00,1327.7,6,1.0,1
2024-11-15 15:00,1327.7,6,1.0,1
2024-11-15 16:00,1327.7,6,1.0,1
2024-11-15 17:00,1327.7,6,1.0,1
2024-11-15 18:00,1327.7,6,1.0,1
2024-11-15 19:00,1327.7,6,1.0,1
2024-11-15 20:00,1327.7,6,1.0,1
2024-11-15 21:00,1327.7,6,1.0,1
2024-11-15 22:00,1327.7,6,1.0,1
2024-11-15 23:00,1327.7,6,1.0,1
2024-11-16 00:00,1327.7,6,1.0,1
2024-11-16 01:00,1327.7,6,1.0,1
2024-11-16 02:00,1327.7,6,1.0,1
2024-11-16 03:00,1327.7,6,1.0,1
2024-11-16 04:00,1327.7,6,1.0,1
2024-11-16 05:00,1327.7,6,1.0,1
2024-11-16 06:00,1327.7,6,1.0,1
2024-11-16 07:00,1327.7,6,1.0,1
2024-11-16 08:00,1327.7,6,1.0,1
2024-11-16 09:00,1327.7,6,1.0,1
2024-11-16 10:00,1327.7,6,1.0,1
2024-11-16 11:00,1327.7,6,1.0,1
2024-11-16 12:00,1327.7,6,1.0,1
2024-11-16 13:00,1327.7,6,1.0,1
2024-11-16 14:00,1327.7,6,1.0,1
2024-11-16 15:00,1327.7,6,1.0,1
2024-11-16 16:00,1327.7,6,1.0,1
2024-11-16 17:00,1327.7,6,1.0,1
2024-11-16 18:00,1327.7,6,1.0,1
2024-11-16 19:00,1327.7,6,1.0,1
2024-11-16 20:00,1327.7,6,1.0,1
2024-11-16 21:00,1327.7,6,1.0,1
2024-11-16 22:00,1327.7,6,1.0,1
2024-11-16 23:00,1327.7,6,1.0,1
2024-11-17 00:00,1327.7,6,1.0,1
2024-11-17 01:00,1327.7,6,1.0,1
2024-11-17 02:00,1327.7,6,1.0,1
2024-11-17 03:00,1327.7,6,1.0,1
2024-11-17 04:00,1327.7,6,1.0,1
2024-11-17 05:00,1327.7,6,1.0,1
2024-11-17 06:00,1327.7,6,1.0,1
2024-11-17 07:00,1327.7,6,1.0,1
2024-11-17 08:00,1327.7,6,1.0,1
2024-11-17 09:00,1327.7,6,1.0,1
2024-11-17 10:00,1327.7,6,1.0,1
2024-11-17 11:00,1327.7,6,1.0,1
2024-11-17 12:00,1327.7,6,1.0,1
2024-11-17 13:00,1327.7,6,1.0,1
2024-11-17 14:00,1327.7,6,1.0,1
2024-11-17 15:00,1327.7,6,1.0,1
2024-11-17 16:00,1327.7,6,1.0,1
2024-11-17 17:00,1327.7,6,1.0,1
2024-11-17 18:00,1327.7,6,1.0,1
2024-11-17 19:00,1327.7,6,1.0,1
2024-11-17 20:00,1327.7,6,1.0,1
2024-11-17 21:00,1327.7,6,1.0,1
2024-11-17 22:00,1327.7,6,1.0,1
2024-11-17 23:00,1327.7,6,1.0,1
2024-11-18 00:00,1327.7,6,1.0,1
2024-11-18 01:00,1327.7,6,1.0,1
2024-11-18 02:00,1327.7,6,1.0,1
2024-11-18 03:00,1327.9,6,1.0,1
2024-11-18 04:00,1327.9,6,1.0,1
2024-11-18 05:00,1327.9,6,1.0,1
2024-11-18 06:00,1327.9,6,1.0,1
2024-11-18 07:00,1327.9,6,1.0,1
2024-11-18 08:00,1327.9,6,1.0,1
2024-11-18 09:00,1327.9,6,1.0,1
2024-11-18 10:00,1327.9,6,1.0,1
2024-11-18 11:00,1327.9,6,1.0,1
2024-11-18 12:00,1327.9,6,1.0,1
2024-11-18 13:00,1327.9,6,1.0,1
2024-11-18 14:00,1327.9,6,1.0,1
2024-11-18 15:00,1327.9,6,1.0,1
2024-11-18 16:00,1327.9,6,1.0,1
2024-11-18 17:00,1327.9,6,1.0,1
2024-11-18 18:00,1327.9,6,1.0,1
2024-11-18 19:00,1327.9,6,1.0,1
2024-11-18 20:00,1327.9,6,1.0,1
2024-11-18 21:00,1328.1,6,1.0,1
2024-11-18 22:00,1328.1,6,1.0,1
2024-11-18 23:00,1328.1,6,1.0,1
2024-11-19 00:00,1328.1,6,1.0,1
2024-11-19 01:00,1328.1,6,1.0,1
2024-11-19 02:00,1328.7,6,1.0,1
2024-11-19 03:00,1328.9,6,1.0,1
2024-11-19 04:00,1328.9,6,1.0,1
2024-11-19 05:00,1328.9,6,1.0,1
2024-11-19 06:00,1328.9,6,1.0,1
2024-11-19 07:00,1328.9,6,1.0,1
2024-11-19 08:00,1328.9,6,1.0,1
2024-11-19 09:00,1328.9,6,1.0,1
2024-11-19 10:00,1329.3,6,1.0,1
2024-11-19 11:00,1329.5,6,1.0,1
2024-11-19 12:00,1331.1,6,1.0,1
2024-11-19 13:00,1331.5,6,1.0,1
2024-11-19 14:00,1333.5,6,1.0,1
2024-11-19 15:00,1333.5,6,1.0,1
2024-11-19 16:00,1333.5,6,1.0,1
2024-11-19 17:00,1333.5,6,1.0,1
2024-11-19 18:00,1333.7,6,1.0,1
2024-11-19 19:00,1333.7,6,1.0,1
2024-11-19 20:00,1333.7,6,1.0,1
2024-11-19 21:00,1333.7,6,1.0,1
2024-11-19 22:00,1333.7,6,1.0,1
2024-11-19 23:00,1333.7,6,1.0,1
2024-11-20 00:00,1333.7,6,1.0,1
2024-11-20 01:00,1333.7,6,1.0,1
2024-11-20 02:00,1333.7,6,1.0,1
2024-11-20 03:00,1333.7,6,1.0,1
2024-11-20 04:00,1333.7,6,1.0,1
2024-11-20 05:00,1333.7,6,1.0,1
2024-11-20 06:00,1333.7,6,1.0,1
2024-11-20 07:00,1333.7,6,1.0,1
2024-11-20 08:00,1333.7,6,1.0,1
2024-11-20 09:00,1333.7,6,1.0,1
2024-11-20 10:00,1333.7,6,1.0,1
2024-11-20 11:00,1333.7,6,1.0,1
2024-11-20 12:00,1333.7,6,1.0,1
2024-11-20 13:00,1333.7,6,1.0,1
2024-11-20 14:00,1333.7,6,1.0,1
2024-11-20 15:00,1333.9,6,1.0,1
2024-11-20 16:00,1333.9,6,1.0,1
2024-11-20 17:00,1333.9,6,1.0,1
2024-11-20 18:00,1335.8,6,1.0,1
2024-11-20 19:00,1336.6,6,1.0,1
2024-11-20 20:00,1336.6,6,1.0,1
2024-11-20 21:00,1336.6,6,1.0,1
2024-11-20 22:00,1336.8,6,1.0,1
2024-11-20 23:00,1336.8,6,1.0,1
2024-11-21 00:00,1336.8,6,1.0,1
2024-11-21 01:00,1337.0,6,1.0,1
2024-11-21 02:00,1337.0,6,1.0,1
2024-11-21 03:00,1337.0,6,1.0,1
2024-11-21 04:00,1337.0,6,1.0,1
2024-11-21 05:00,1337.0,6,1.0,1
2024-11-21 06:00,1337.0,6,1.0,1
2024-11-21 07:00,1337.0,6,1.0,1
2024-11-21 08:00,1337.0,6,1.0,1
2024-11-21 09:00,1337.0,6,1.0,1
2024-11-21 10:00,1337.0,6,1.0,1
2024-11-21 11:00,1337.0,6,1.0,1
2024-11-21 12:00,1337.0,6,1.0,1
2024-11-21 13:00,1337.0,6,1.0,1
2024-11-21 14:00,1337.0,6,1.0,1
2024-11-21 15:00,1337.0,6,1.0,1
2024-11-21 16:00,1337.0,6,1.0,1
2024-11-21 17:00,1337.0,6,1.0,1
2024-11-21 18:00,1337.0,6,1.0,1
2024-11-21 19:00,1337.0,6,1.0,1
2024-11-21 20:00,1337.0,6,1.0,1
2024-11-21 21:00,1337.0,6,1.0,1
2024-11-21 22:00,1337.8,6,1.0,1
2024-11-21 23:00,1348.4,6,1.0,1
2024-11-22 00:00,1353.0,6,1.0,1
2024-11-22 01:00,1355.8,6,1.0,1
2024-11-22 02:00,1363.0,6,1.0,1
2024-11-22 03:00,1363.4,6,1.0,1
2024-11-22 04:00,1372.3,6,1.0,1
2024-11-22 05:00,1393.1,6,1.0,1
2024-11-22 06:00,1402.2,6,1.0,1
2024-11-22 07:00,1412.4,6,1.0,1
2024-11-22 08:00,1418.9,6,1.0,1
2024-11-22 09:00,1434.1,6,1.0,1
2024-11-22 10:00,1454.3,6,1.0,1
2024-11-22 11:00,1463.8,6,1.0,1
2024-11-22 12:00,1472.0,6,1.0,1
2024-11-22 13:00,1472.6,6,1.0,1
2024-11-22 14:00,1472.6,6,1.0,1
2024-11-22 15:00,1472.6,6,1.0,1
2024-11-22 16:00,1472.6,6,1.0,1
2024-11-22 17:00,1472.6,6,1.0,1
2024-11-22 18:00,1472.6,6,1.0,1
2024-11-22 19:00,1472.6,6,1.0,1
2024-11-22 20:00,1472.6,6,1.0,1
2024-11-22 21:00,1472.6,6,1.0,1
2024-11-22 22:00,1472.6,6,1.0,1
2024-11-22 23:00,1472.6,6,1.0,1
2024-11-23 00:00,1472.6,6,1.0,1
2024-11-23 01:00,1472.6,6,1.0,1
2024-11-23 02:00,1472.6,6,1.0,1
2024-11-23 03:00,1472.6,6,1.0,1
2024-11-23 04:00,1472.6,6,1.0,1
2024-11-23 05:00,1472.6,6,1.0,1
2024-11-23 06:00,1472.6,6,1.0,1
2024-11-23 07:00,1472.6,6,1.0,1
2024-11-23 08:00,1472.6,6,1.0,1
2024-11-23 09:00,1472.6,6,1.0,1
2024-11-23 10:00,1472.6,6,1.0,1
2024-11-23 11:00,1472.6,6,1.0,1
2024-11-23 12:00,1472.6,6,1.0,1
2024-11-23 13:00,1472.6,6,1.0,1
2024-11-23 14:00,1472.6,6,1.0,1
2024-11-23 15:00,1472.6,6,1.0,1
2024-11-23 16:00,1472.6,6,1.0,1
2024-11-23 17:00,1472.6,6,1.0,1
2024-11-23 18:00,1472.6,6,1.0,1
2024-11-23 19:00,1472.6,6,1.0,1
2024-11-23 20:00,1472.6,6,1.0,1
2024-11-23 21:00,1472.6,6,1.0,1
2024-11-23 22:00,1472.6,6,1.0,1
2024-11-23 23:00,1472.6,6,1.0,1
2024-11-24 00:00,1472.6,6,1.0,1
2024-11-24 01:00,1472.6,6,1.0,1
2024-11-24 02:00,1472.6,6,1.0,1
2024-11-24 03:00,1472.6,6,1.0,1
2024-11-24 04:00,1472.6,6,1.0,1
2024-11-24 05:00,1472.6,6,1.0,1
2024-11-24 06:00,1472.6,6,1.0,1
2024-11-24 07:00,1472.6,6,1.0,1
2024-11-24 08:00,1472.6,6,1.0,1
2024-11-24 09:00,1472.6,6,1.0,1
2024-11-24 10:00,1472.6,6,1.0,1
2024-11-24 11:00,1472.6,6,1.0,1
2024-11-24 12:00,1472.6,6,1.0,1
2024-11-24 13:00,1472.6,6,1.0,1
2024-11-24 14:00,1472.6,6,1.0,1
2024-11-24 15:00,1472.6,6,1.0,1
2024-11-24 16:00,1472.6,6,1.0,1
2024-11-24 17:00,1472.6,6,1.0,1
2024-11-24 18:00,1472.6,6,1.0,1
2024-11-24 19:00,1472.6,6,1.0,1
2024-11-24 20:00,1472.6,6,1.0,1
2024-11-24 21:00,1472.6,6,1.0,1
2024-11-24 22:00,1472.6,6,1.0,1
2024-11-24 23:00,1472.6,6,1.0,1
2024-11-25 00:00,1472.6,6,1.0,1
2024-11-25 01:00,1472.6,6,1.0,1
2024-11-25 02:00,1472.6,6,1.0,1
2024-11-25 03:00,1472.6,6,1.0,1
2024-11-25 04:00,1472.6,6,1.0,1
2024-11-25 05:00,1472.6,6,1.0,1
2024-11-25 06:00,1472.6,6,1.0,1
2024-11-25 07:00,1472.6,6,1.0,1
2024-11-25 08:00,1472.6,6,1.0,1
2024-11-25 09:00,1472.6,6,1.0,1
2024-11-25 10:00,1472.6,6,1.0,1
2024-11-25 11:00,1472.6,6,1.0,1
2024-11-25 12:00,1472.6,6,1.0,1
2024-11-25 13:00,1472.6,6,1.0,1
2024-11-25 14:00,1472.6,6,1.0,1
2024-11-25 15:00,1472.6,6,1.0,1
2024-11-25 16:00,1472.6,6,1.0,1
2024-11-25 17:00,1472.6,6,1.0,1
2024-11-25 18:00,1472.6,6,1.0,1
2024-11-25 19:00,1472.6,6,1.0,1
2024-11-25 20:00,1472.6,6,1.0,1
2024-11-25 21:00,1472.6,6,1.0,1
2024-11-25 22:00,1472.6,6,1.0,1
2024-11-25 23:00,1472.6,6,1.0,1
2024-11-26 00:00,1472.6,6,1.0,1
2024-11-26 01:00,1472.6,6,1.0,1
2024-11-26 02:00,1472.6,6,1.0,1
2024-11-26 03:00,1472.6,6,1.0,1
2024-11-26 04:00,1472.6,6,1.0,1
2024-11-26 05:00,1472.6,6,1.0,1
2024-11-26 06:00,1472.6,6,1.0,1
2024-11-26 07:00,1472.6,6,1.0,1
2024-11-26 08:00,1472.6,6,1.0,1
2024-11-26 09:00,1472.6,6,1.0,1
2024-11-26 10:00,1472.6,6,1.0,1
2024-11-26 11:00,1472.6,6,1.0,1
2024-11-26 12:00,1472.6,6,1.0,1
2024-11-26 13:00,1472.6,6,1.0,1
2024-11-26 14:00,1472.6,6,1.0,1
2024-11-26 15:00,1472.6,6,1.0,1
2024-11-26 16:00,1472.6,6,1.0,1
2024-11-26 17:00,1472.6,6,1.0,1
2024-11-26 18:00,1472.6,6,1.0,1
2024-11-26 19:00,1472.6,6,1.0,1
2024-11-26 20:00,1472.6,6,1.0,1
2024-11-26 21:00,1472.6,6,1.0,1
2024-11-26 22:00,1472.6,6,1.0,1
2024-11-26 23:00,1472.6,6,1.0,1
2024-11-27 00:00,1472.6,6,1.0,1
2024-11-27 01:00,1472.6,6,1.0,1
2024-11-27 02:00,1472.6,6,1.0,1
2024-11-27 03:00,1472.6,6,1.0,1
2024-11-27 04:00,1472.6,6,1.0,1
2024-11-27 05:00,1472.6,6,1.0,1
2024-11-27 06:00,1472.6,6,1.0,1
2024-11-27 07:00,1472.6,6,1.0,1
2024-11-27 08:00,1472.6,6,1.0,1
2024-11-27 09:00,1472.6,6,1.0,1
2024-11-27 10:00,1472.6,6,1.0,1
2024-11-27 11:00,1472.8,6,1.0,1
2024-11-27 12:00,1472.8,6,1.0,1
2024-11-27 13:00,1472.8,6,1.0,1
2024-11-27 14:00,1473.0,6,1.0,1
2024-11-27 15:00,1473.6,6,1.0,1
2024-11-27 16:00,1473.6,6,1.0,1
2024-11-27 17:00,1473.6,6,1.0,1
2024-11-27 18:00,1473.6,6,1.0,1
2024-11-27 19:00,1473.6,6,1.0,1
2024-11-27 20:00,1473.6,6,1.0,1
2024-11-27 21:00,1473.6,6,1.0,1
2024-11-27 22:00,1473.6,6,1.0,1
2024-11-27 23:00,1473.6,6,1.0,1
2024-11-28 00:00,1473.6,6,1.0,1
2024-11-28 01:00,1473.6,6,1.0,1
2024-11-28 02:00,1473.6,6,1.0,1
2024-11-28 03:00,1473.6,6,1.0,1
2024-11-28 04:00,1473.6,6,1.0,1
2024-11-28 05:00,1473.6,6,1.0,1
2024-11-28 06:00,1473.6,6,1.0,1
2024-11-28 07:00,1473.6,6,1.0,1
2024-11-28 08:00,1473.6,6,1.0,1
2024-11-28 09:00,1473.6,6,1.0,1
2024-11-28 10:00,1473.6,6,1.0,1
2024-11-28 11:00,1473.6,6,1.0,1
2024-11-28 12:00,1473.6,6,1.0,1
2024-11-28 13:00,1473.6,6,1.0,1
2024-11-28 14:00,1473.6,6,1.0,1
2024-11-28 15:00,1473.6,6,1.0,1
2024-11-28 16:00,1474.0,6,1.0,1
2024-11-28 17:00,1475.0,6,1.0,1
2024-11-28 18:00,1475.2,6,1.0,1
2024-11-28 19:00,1475.2,6,1.0,1
2024-11-28 20:00,1475.2,6,1.0,1
2024-11-28 21:00,1475.2,6,1.0,1
2024-11-28 22:00,1475.2,6,1.0,1
2024-11-28 23:00,1475.2,6,1.0,1
2024-11-29 00:00,1475.4,6,1.0,1
2024-11-29 01:00,1475.4,6,1.0,1
2024-11-29 02:00,1475.4,6,1.0,1
2024-11-29 03:00,1475.4,6,1.0,1
2024-11-29 04:00,1475.4,6,1.0,1
2024-11-29 05:00,1475.4,6,1.0,1
2024-11-29 06:00,1475.4,6,1.0,1
2024-11-29 07:00,1475.4,6,1.0,1
2024-11-29 08:00,1475.4,6,1.0,1
2024-11-29 09:00,1475.4,6,1.0,1
2024-11-29 10:00,1475.4,6,1.0,1
2024-11-29 11:00,1475.4,6,1.0,1
2024-11-29 12:00,1475.6,6,1.0,1
2024-11-29 13:00,1475.6,6,1.0,1
2024-11-29 14:00,1478.0,6,1.0,1
2024-11-29 15:00,1478.4,6,1.0,1
2024-11-29 16:00,1478.4,6,1.0,1
2024-11-29 17:00,1478.4,6,1.0,1
2024-11-29 18:00,1478.4,6,1.0,1
2024-11-29 19:00,1478.4,6,1.0,1
2024-11-29 20:00,1478.4,6,1.0,1
2024-11-29 21:00,1478.4,6,1.0,1
2024-11-29 22:00,1478.4,6,1.0,1
2024-11-29 23:00,1478.4,6,1.0,1
2024-11-30 00:00,1478.4,6,1.0,1
2024-11-30 01:00,1478.4,6,1.0,1
2024-11-30 02:00,1478.4,6,1.0,1
2024-11-30 03:00,1478.4,6,1.0,1
2024-11-30 04:00,1478.4,6,1.0,1
2024-11-30 05:00,1478.4,6,1.0,1
2024-11-30 06:00,1478.4,6,1.0,1
2024-11-30 07:00,1478.4,6,1.0,1
2024-11-30 08:00,1478.4,6,1.0,1
2024-11-30 09:00,1478.4,6,1.0,1
2024-11-30 10:00,1478.4,6,1.0,1
2024-11-30 11:00,1478.4,6,1.0,1
2024-11-30 12:00,1478.6,6,1.0,1
2024-11-30 13:00,1478.6,6,1.0,1
2024-11-30 14:00,1478.6,6,1.0,1
2024-11-30 15:00,1478.6,6,1.0,1
2024-11-30 16:00,1478.6,6,1.0,1
2024-11-30 17:00,1478.6,6,1.0,1
2024-11-30 18:00,1478.6,6,1.0,1
2024-11-30 19:00,1478.6,6,1.0,1
2024-11-30 20:00,1478.6,6,1.0,1
2024-11-30 21:00,1478.6,6,1.0,1
2024-11-30 22:00,1478.6,6,1.0,1
2024-11-30 23:00,1478.6,6,1.0,1
2024-12-01 00:00,1478.6,6,1.0,1
2024-12-01 01:00,1478.6,6,1.0,1
2024-12-01 02:00,1478.6,6,1.0,1
2024-12-01 03:00,1478.6,6,1.0,1
2024-12-01 04:00,1478.6,6,1.0,1
2024-12-01 05:00,1478.6,6,1.0,1
2024-12-01 06:00,1478.6,6,1.0,1
2024-12-01 07:00,1478.6,6,1.0,1
2024-12-01 08:00,1478.6,6,1.0,1
2024-12-01 09:00,1478.6,6,1.0,1
2024-12-01 10:00,1478.6,6,1.0,1
2024-12-01 11:00,1478.6,6,1.0,1
2024-12-01 12:00,1478.6,6,1.0,1
2024-12-01 13:00,1478.6,6,1.0,1
2024-12-01 14:00,1478.6,6,1.0,1
2024-12-01 15:00,1478.6,6,1.0,1
2024-12-01 16:00,1478.6,6,1.0,1
2024-12-01 17:00,1478.6,6,1.0,1
2024-12-01 18:00,1478.6,6,1.0,1
2024-12-01 19:00,1478.6,6,1.0,1
2024-12-01 20:00,1478.6,6,1.0,1
2024-12-01 21:00,1478.6,6,1.0,1
2024-12-01 22:00,1478.6,6,1.0,1
2024-12-01 23:00,1478.6,6,1.0,1
2024-12-02 00:00,1478.6,6,1.0,1
2024-12-02 01:00,1478.6,6,1.0,1
2024-12-02 02:00,1478.6,6,1.0,1
2024-12-02 03:00,1478.6,6,1.0,1
2024-12-02 04:00,1478.6,6,1.0,1
2024-12-02 05:00,1478.6,6,1.0,1
2024-12-02 06:00,1478.6,6,1.0,1
2024-12-02 07:00,1478.6,6,1.0,1
2024-12-02 08:00,1478.6,6,1.0,1
2024-12-02 09:00,1478.6,6,1.0,1
2024-12-02 10:00,1478.6,6,1.0,1
2024-12-02 11:00,1478.6,6,1.0,1
2024-12-02 12:00,1478.6,6,1.0,1
2024-12-02 13:00,1478.6,6,1.0,1
2024-12-02 14:00,1478.6,6,1.0,1
2024-12-02 15:00,1478.6,6,1.0,1
2024-12-02 16:00,1478.6,6,1.0,1
2024-12-02 17:00,1478.6,6,1.0,1
2024-12-02 18:00,1478.6,6,1.0,1
2024-12-02 19:00,1478.6,6,1.0,1
2024-12-02 20:00,1478.6,6,1.0,1
2024-12-02 21:00,1478.6,6,1.0,1
2024-12-02 22:00,1478.6,6,1.0,1
2024-12-02 23:00,1478.6,6,1.0,1
2024-12-03 00:00,1478.6,6,1.0,1
2024-12-03 01:00,1478.6,6,1.0,1
2024-12-03 02:00,1478.6,6,1.0,1
2024-12-03 03:00,1478.6,6,1.0,1
2024-12-03 04:00,1478.6,6,1.0,1
2024-12-03 05:00,1478.6,6,1.0,1
2024-12-03 06:00,1478.6,6,1.0,1
2024-12-03 07:00,1478.6,6,1.0,1
2024-12-03 08:00,1478.6,6,1.0,1
2024-12-03 09:00,1478.6,6,1.0,1
2024-12-03 10:00,1478.6,6,1.0,1
2024-12-03 11:00,1478.6,6,1.0,1
2024-12-03 12:00,1478.6,6,1.0,1
2024-12-03 13:00,1478.6,6,1.0,1
2024-12-03 14:00,1478.6,6,1.0,1
2024-12-03 15:00,1478.6,6,1.0,1
2024-12-03 16:00,1478.6,6,1.0,1
2024-12-03 17:00,1478.6,6,1.0,1
2024-12-03 18:00,1478.6,6,1.0,1
2024-12-03 19:00,1479.8,6,1.0,1
2024-12-03 20:00,1484.2,6,1.0,1
2024-12-03 21:00,1488.4,6,1.0,1
2024-12-03 22:00,1488.4,6,1.0,1
2024-12-03 23:00,1488.4,6,1.0,1
2024-12-04 00:00,1488.4,6,1.0,1
2024-12-04 01:00,1488.4,6,1.0,1
2024-12-04 02:00,1488.4,6,1.0,1
2024-12-04 03:00,1488.4,6,1.0,1
2024-12-04 04:00,1488.4,6,1.0,1
2024-12-04 05:00,1489.2,6,1.0,1
2024-12-04 06:00,1489.4,6,1.0,1
2024-12-04 07:00,1489.4,6,1.0,1
2024-12-04 08:00,1489.4,6,1.0,1
2024-12-04 09:00,1489.4,6,1.0,1
2024-12-04 10:00,1489.4,6,1.0,1
2024-12-04 11:00,1489.4,6,1.0,1
2024-12-04 12:00,1489.4,6,1.0,1
2024-12-04 13:00,1489.4,6,1.0,1
2024-12-04 14:00,1489.4,6,1.0,1
2024-12-04 15:00,1489.4,6,1.0,1
2024-12-04 16:00,1489.4,6,1.0,1
2024-12-04 17:00,1489.4,6,1.0,1
2024-12-04 18:00,1489.4,6,1.0,1
2024-12-04 19:00,1489.4,6,1.0,1
2024-12-04 20:00,1489.4,6,1.0,1
2024-12-04 21:00,1489.8,6,1.0,1
2024-12-04 22:00,1490.0,6,1.0,1
2024-12-04 23:00,1490.2,6,1.0,1
2024-12-05 00:00,1490.4,6,1.0,1
2024-12-05 01:00,1490.4,6,1.0,1
2024-12-05 02:00,1490.4,6,1.0,1
2024-12-05 03:00,1490.6,6,1.0,1
2024-12-05 04:00,1490.6,6,1.0,1
2024-12-05 05:00,1490.6,6,1.0,1
2024-12-05 06:00,1490.6,6,1.0,1
2024-12-05 07:00,1490.6,6,1.0,1
2024-12-05 08:00,1490.6,6,1.0,1
2024-12-05 09:00,1490.6,6,1.0,1
2024-12-05 10:00,1490.6,6,1.0,1
2024-12-05 11:00,1490.6,6,1.0,1
2024-12-05 12:00,1490.6,6,1.0,1
2024-12-05 13:00,1490.6,6,1.0,1
2024-12-05 14:00,1490.6,6,1.0,1
2024-12-05 15:00,1490.6,6,1.0,1
2024-12-05 16:00,1490.6,6,1.0,1
2024-12-05 17:00,1490.6,6,1.0,1
2024-12-05 18:00,1490.6,6,1.0,1
2024-12-05 19:00,1490.6,6,1.0,1
2024-12-05 20:00,1490.6,6,1.0,1
2024-12-05 21:00,1490.6,6,1.0,1
2024-12-05 22:00,1490.6,6,1.0,1
2024-12-05 23:00,1490.6,6,1.0,1
2024-12-06 00:00,1490.6,6,1.0,1
2024-12-06 01:00,1490.6,6,1.0,1
2024-12-06 02:00,1490.6,6,1.0,1
2024-12-06 03:00,1490.6,6,1.0,1
2024-12-06 04:00,1490.6,6,1.0,1
2024-12-06 05:00,1490.6,6,1.0,1
2024-12-06 06:00,1490.6,6,1.0,1
2024-12-06 07:00,1490.6,6,1.0,1
2024-12-06 08:00,1490.6,6,1.0,1
2024-12-06 09:00,1490.6,6,1.0,1
2024-12-06 10:00,1490.6,6,1.0,1
2024-12-06 11:00,1490.6,6,1.0,1
2024-12-06 12:00,1490.6,6,1.0,1
2024-12-06 13:00,1490.6,6,1.0,1
2024-12-06 14:00,1490.6,6,1.0,1
2024-12-06 15:00,1490.6,6,1.0,1
2024-12-06 16:00,1490.6,6,1.0,1
2024-12-06 17:00,1490.6,6,1.0,1
2024-12-06 18:00,1490.6,6,1.0,1
2024-12-06 19:00,1490.6,6,1.0,1
2024-12-06 20:00,1490.6,6,1.0,1
2024-12-06 21:00,1490.6,6,1.0,1
2024-12-06 22:00,1490.6,6,1.0,1
2024-12-06 23:00,1490.6,6,1.0,1
2024-12-07 00:00,1490.6,6,1.0,1
2024-12-07 01:00,1490.6,6,1.0,1
2024-12-07 02:00,1490.6,6,1.0,1
2024-12-07 03:00,1491.0,6,1.0,1
2024-12-07 04:00,1492.4,6,1.0,1
2024-12-07 05:00,1494.0,6,1.0,1
2024-12-07 06:00,1494.0,6,1.0,1
2024-12-07 07:00,1494.0,6,1.0,1
2024-12-07 08:00,1494.0,6,1.0,1
2024-12-07 09:00,1494.0,6,1.0,1
2024-12-07 10:00,1494.2,6,1.0,1
2024-12-07 11:00,1494.2,6,1.0,1
2024-12-07 12:00,1494.2,6,1.0,1
2024-12-07 13:00,1494.2,6,1.0,1
2024-12-07 14:00,1494.2,6,1.0,1
2024-12-07 15:00,1494.2,6,1.0,1
2024-12-07 16:00,1494.2,6,1.0,1
2024-12-07 17:00,1494.2,6,1.0,1
2024-12-07 18:00,1494.2,6,1.0,1
2024-12-07 19:00,1494.2,6,1.0,1
2024-12-07 20:00,1494.2,6,1.0,1
2024-12-07 21:00,1494.2,6,1.0,1
2024-12-07 22:00,1494.2,6,1.0,1
2024-12-07 23:00,1494.2,6,1.0,1
2024-12-08 00:00,1494.2,6,1.0,1
2024-12-08 01:00,1494.2,6,1.0,1
2024-12-08 02:00,1494.2,6,1.0,1
2024-12-08 03:00,1498.1,6,1.0,1
2024-12-08 04:00,1532.5,6,1.0,1
2024-12-08 05:00,1535.7,6,1.0,1
2024-12-08 06:00,1536.9,6,1.0,1
2024-12-08 07:00,1539.2,6,1.0,1
2024-12-08 08:00,1539.6,6,1.0,1
2024-12-08 09:00,1541.0,6,1.0,1
2024-12-08 10:00,1541.2,6,1.0,1
2024-12-08 11:00,1541.2,6,1.0,1
2024-12-08 12:00,1541.4,6,1.0,1
2024-12-08 13:00,1545.8,6,1.0,1
2024-12-08 14:00,1547.6,6,1.0,1
2024-12-08 15:00,1548.4,6,1.0,1
2024-12-08 16:00,1551.0,6,1.0,1
2024-12-08 17:00,1551.2,6,1.0,1
2024-12-08 18:00,1555.0,6,1.0,1
2024-12-08 19:00,1557.4,6,1.0,1
2024-12-08 20:00,1558.6,6,1.0,1
2024-12-08 21:00,1559.0,6,1.0,1
2024-12-08 22:00,1559.0,6,1.0,1
2024-12-08 23:00,1559.0,6,1.0,1
2024-12-09 00:00,1559.4,6,1.0,1
2024-12-09 01:00,1559.4,6,1.0,1
2024-12-09 02:00,1559.6,6,1.0,1
2024-12-09 03:00,1559.6,6,1.0,1
2024-12-09 04:00,1559.6,6,1.0,1
2024-12-09 05:00,1561.1,6,1.0,1
2024-12-09 06:00,1561.1,6,1.0,1
2024-12-09 07:00,1561.9,6,1.0,1
2024-12-09 08:00,1562.1,6,1.0,1
2024-12-09 09:00,1562.7,6,1.0,1
2024-12-09 10:00,1562.7,6,1.0,1
2024-12-09 11:00,1562.7,6,1.0,1
2024-12-09 12:00,1563.5,6,1.0,1
2024-12-09 13:00,1563.5,6,1.0,1
2024-12-09 14:00,1563.9,6,1.0,1
2024-12-09 15:00,1564.1,6,1.0,1
2024-12-09 16:00,1566.1,6,1.0,1
2024-12-09 17:00,1566.1,6,1.0,1
2024-12-09 18:00,1566.1,6,1.0,1
2024-12-09 19:00,1566.1,6,1.0,1
2024-12-09 20:00,1566.1,6,1.0,1
2024-12-09 21:00,1572.1,6,1.0,1
2024-12-09 22:00,1575.7,6,1.0,1
2024-12-09 23:00,1577.7,6,1.0,1
2024-12-10 00:00,1578.1,6,1.0,1
2024-12-10 01:00,1580.7,6,1.0,1
2024-12-10 02:00,1581.7,6,1.0,1
2024-12-10 03:00,1582.5,6,1.0,1
2024-12-10 04:00,1585.1,6,1.0,1
2024-12-10 05:00,1587.1,6,1.0,1
2024-12-10 06:00,1588.9,6,1.0,1
2024-12-10 07:00,1589.3,6,1.0,1
2024-12-10 08:00,1589.5,6,1.0,1
2024-12-10 09:00,1589.5,6,1.0,1
2024-12-10 10:00,1589.5,6,1.0,1
2024-12-10 11:00,1589.5,6,1.0,1
2024-12-10 12:00,1589.5,6,1.0,1
2024-12-10 13:00,1589.5,6,1.0,1
2024-12-10 14:00,1592.1,6,1.0,1
2024-12-10 15:00,1592.1,6,1.0,1
2024-12-10 16:00,1592.1,6,1.0,1
2024-12-10 17:00,1592.1,6,1.0,1
2024-12-10 18:00,1592.1,6,1.0,1
2024-12-10 19:00,1592.1,6,1.0,1
2024-12-10 20:00,1592.3,6,1.0,1
2024-12-10 21:00,1592.3,6,1.0,1
2024-12-10 22:00,1592.3,6,1.0,1
2024-12-10 23:00,1592.3,6,1.0,1
2024-12-11 00:00,1597.3,6,1.0,1
2024-12-11 01:00,1598.5,6,1.0,1
2024-12-11 02:00,1599.3,6,1.0,1
2024-12-11 03:00,1599.3,6,1.0,1
2024-12-11 04:00,1599.9,6,1.0,1
2024-12-11 05:00,1601.5,6,1.0,1
2024-12-11 06:00,1602.1,6,1.0,1
2024-12-11 07:00,1602.1,6,1.0,1
2024-12-11 08:00,1602.1,6,1.0,1
2024-12-11 09:00,1602.9,6,1.0,1
2024-12-11 10:00,1602.9,6,1.0,1
2024-12-11 11:00,1602.9,6,1.0,1
2024-12-11 12:00,1602.9,6,1.0,1
2024-12-11 13:00,1602.9,6,1.0,1
2024-12-11 14:00,1602.9,6,1.0,1
2024-12-11 15:00,1602.9,6,1.0,1
2024-12-11 16:00,1602.9,6,1.0,1
2024-12-11 17:00,1602.9,6,1.0,1
2024-12-11 18:00,1602.9,6,1.0,1
2024-12-11 19:00,1602.9,6,1.0,1
2024-12-11 20:00,1604.5,6,1.0,1
2024-12-11 21:00,1604.9,6,1.0,1
2024-12-11 22:00,1604.9,6,1.0,1
2024-12-11 23:00,1604.9,6,1.0,1
2024-12-12 00:00,1604.9,6,1.0,1
2024-12-12 01:00,1604.9,6,1.0,1
2024-12-12 02:00,1604.9,6,1.0,1
2024-12-12 03:00,1604.9,6,1.0,1
2024-12-12 04:00,1604.9,6,1.0,1
2024-12-12 05:00,1604.9,6,1.0,1
2024-12-12 06:00,1604.9,6,1.0,1
2024-12-12 07:00,1604.9,6,1.0,1
2024-12-12 08:00,1604.9,6,1.0,1
2024-12-12 09:00,1604.9,6,1.0,1
2024-12-12 10:00,1604.9,6,1.0,1
2024-12-12 11:00,1604.9,6,1.0,1
2024-12-12 12:00,1605.1,6,1.0,1
2024-12-12 13:00,1605.1,6,1.0,1
2024-12-12 14:00,1605.1,6,1.0,1
2024-12-12 15:00,1605.1,6,1.0,1
2024-12-12 16:00,1605.1,6,1.0,1
2024-12-12 17:00,1605.1,6,1.0,1
2024-12-12 18:00,1605.1,6,1.0,1
2024-12-12 19:00,1605.1,6,1.0,1
2024-12-12 20:00,1605.1,6,1.0,1
2024-12-12 21:00,1605.1,6,1.0,1
2024-12-12 22:00,1605.1,6,1.0,1
2024-12-12 23:00,1605.1,6,1.0,1
2024-12-13 00:00,1605.1,6,1.0,1
2024-12-13 01:00,1605.1,6,1.0,1
2024-12-13 02:00,1605.1,6,1.0,1
2024-12-13 03:00,1605.1,6,1.0,1
2024-12-13 04:00,1605.1,6,1.0,1
2024-12-13 05:00,1605.1,6,1.0,1
2024-12-13 06:00,1605.1,6,1.0,1
2024-12-13 07:00,1605.1,6,1.0,1
2024-12-13 08:00,1605.1,6,1.0,1
2024-12-13 09:00,1605.1,6,1.0,1
2024-12-13 10:00,1605.1,6,1.0,1
2024-12-13 11:00,1605.1,6,1.0,1
2024-12-13 12:00,1605.1,6,1.0,1
2024-12-13 13:00,1605.1,6,1.0,1
2024-12-13 14:00,1605.1,6,1.0,1
2024-12-13 15:00,1605.1,6,1.0,1
2024-12-13 16:00,1605.1,6,1.0,1
2024-12-13 17:00,1605.1,6,1.0,1
2024-12-13 18:00,1605.1,6,1.0,1
2024-12-13 19:00,1605.1,6,1.0,1
2024-12-13 20:00,1606.1,6,1.0,1
2024-12-13 21:00,1611.9,6,1.0,1
2024-12-13 22:00,1619.5,6,1.0,1
2024-12-13 23:00,1635.8,6,1.0,1
2024-12-14 00:00,1636.2,6,1.0,1
2024-12-14 01:00,1636.2,6,1.0,1
2024-12-14 02:00,1636.2,6,1.0,1
2024-12-14 03:00,1636.2,6,1.0,1
2024-12-14 04:00,1636.2,6,1.0,1
2024-12-14 05:00,1636.2,6,1.0,1
2024-12-14 06:00,1636.4,6,1.0,1
2024-12-14 07:00,1636.4,6,1.0,1
2024-12-14 08:00,1636.4,6,1.0,1
2024-12-14 09:00,1636.4,6,1.0,1
2024-12-14 10:00,1636.4,6,1.0,1
2024-12-14 11:00,1636.4,6,1.0,1
2024-12-14 12:00,1636.4,6,1.0,1
2024-12-14 13:00,1636.4,6,1.0,1
2024-12-14 14:00,1641.8,6,1.0,1
2024-12-14 15:00,1647.1,6,1.0,1
2024-12-14 16:00,1648.9,6,1.0,1
2024-12-14 17:00,1648.9,6,1.0,1
2024-12-14 18:00,1648.9,6,1.0,1
2024-12-14 19:00,1648.9,6,1.0,1
2024-12-14 20:00,1649.7,6,1.0,1
2024-12-14 21:00,1650.9,6,1.0,1
2024-12-14 22:00,1650.9,6,1.0,1
2024-12-14 23:00,1650.9,6,1.0,1
2024-12-15 00:00,1650.9,6,1.0,1
2024-12-15 01:00,1650.9,6,1.0,1
2024-12-15 02:00,1651.1,6,1.0,1
2024-12-15 03:00,1651.1,6,1.0,1
2024-12-15 04:00,1652.1,6,1.0,1
2024-12-15 05:00,1652.3,6,1.0,1
2024-12-15 06:00,1652.3,6,1.0,1
2024-12-15 07:00,1652.3,6,1.0,1
2024-12-15 08:00,1652.3,6,1.0,1
2024-12-15 09:00,1652.3,6,1.0,1
2024-12-15 10:00,1652.3,6,1.0,1
2024-12-15 11:00,1652.3,6,1.0,1
2024-12-15 12:00,1652.3,6,1.0,1
2024-12-15 13:00,1652.3,6,1.0,1
2024-12-15 14:00,1652.3,6,1.0,1
2024-12-15 15:00,1652.3,6,1.0,1
2024-12-15 16:00,1652.3,6,1.0,1
2024-12-15 17:00,1652.3,6,1.0,1
2024-12-15 18:00,1652.3,6,1.0,1
2024-12-15 19:00,1652.3,6,1.0,1
2024-12-15 20:00,1652.3,6,1.0,1
2024-12-15 21:00,1652.3,6,1.0,1
2024-12-15 22:00,1652.3,6,1.0,1
2024-12-15 23:00,1652.5,6,1.0,1
2024-12-16 00:00,1652.5,6,1.0,1
2024-12-16 01:00,1652.5,6,1.0,1
2024-12-16 02:00,1652.5,6,1.0,1
2024-12-16 03:00,1652.5,6,1.0,1
2024-12-16 04:00,1652.5,6,1.0,1
2024-12-16 05:00,1652.5,6,1.0,1
2024-12-16 06:00,1652.5,6,1.0,1
2024-12-16 07:00,1652.5,6,1.0,1
2024-12-16 08:00,1652.5,6,1.0,1
2024-12-16 09:00,1652.5,6,1.0,1
2024-12-16 10:00,1652.5,6,1.0,1
2024-12-16 11:00,1652.5,6,1.0,1
2024-12-16 12:00,1652.5,6,1.0,1
2024-12-16 13:00,1652.5,6,1.0,1
2024-12-16 14:00,1652.5,6,1.0,1
2024-12-16 15:00,1652.5,6,1.0,1
2024-12-16 16:00,1652.5,6,1.0,1
2024-12-16 17:00,1652.5,6,1.0,1
2024-12-16 18:00,1652.5,6,1.0,1
2024-12-16 19:00,1652.5,6,1.0,1
2024-12-16 20:00,1652.5,6,1.0,1
2024-12-16 21:00,1652.5,6,1.0,1
2024-12-16 22:00,1652.5,6,1.0,1
2024-12-16 23:00,1652.5,6,1.0,1
2024-12-17 00:00,1652.5,6,1.0,1
2024-12-17 01:00,1652.5,6,1.0,1
2024-12-17 02:00,1652.5,6,1.0,1
2024-12-17 03:00,1652.5,6,1.0,1
2024-12-17 04:00,1652.5,6,1.0,1
2024-12-17 05:00,1652.5,6,1.0,1
2024-12-17 06:00,1652.5,6,1.0,1
2024-12-17 07:00,1652.5,6,1.0,1
2024-12-17 08:00,1652.5,6,1.0,1
2024-12-17 09:00,1652.5,6,1.0,1
2024-12-17 10:00,1652.5,6,1.0,1
2024-12-17 11:00,1652.5,6,1.0,1
2024-12-17 12:00,1652.5,6,1.0,1
2024-12-17 13:00,1652.5,6,1.0,1
2024-12-17 14:00,1652.5,6,1.0,1
2024-12-17 15:00,1652.5,6,1.0,1
2024-12-17 16:00,1652.5,6,1.0,1
2024-12-17 17:00,1652.5,6,1.0,1
2024-12-17 18:00,1652.5,6,1.0,1
2024-12-17 19:00,1652.5,6,1.0,1
2024-12-17 20:00,1652.5,6,1.0,1
2024-12-17 21:00,1652.5,6,1.0,1
2024-12-17 22:00,1652.5,6,1.0,1
2024-12-17 23:00,1652.5,6,1.0,1
2024-12-18 00:00,1652.5,6,1.0,1
2024-12-18 01:00,1652.5,6,1.0,1
2024-12-18 02:00,1652.5,6,1.0,1
2024-12-18 03:00,1652.5,6,1.0,1
2024-12-18 04:00,1652.5,6,1.0,1
2024-12-18 05:00,1652.5,6,1.0,1
2024-12-18 06:00,1652.5,6,1.0,1
2024-12-18 07:00,1652.5,6,1.0,1
2024-12-18 08:00,1652.5,6,1.0,1
2024-12-18 09:00,1652.5,6,1.0,1
2024-12-18 10:00,1652.5,6,1.0,1
2024-12-18 11:00,1652.5,6,1.0,1
2024-12-18 12:00,1652.5,6,1.0,1
2024-12-18 13:00,1652.5,6,1.0,1
2024-12-18 14:00,1652.5,6,1.0,1
2024-12-18 15:00,1652.5,6,1.0,1
2024-12-18 16:00,1652.5,6,1.0,1
2024-12-18 17:00,1652.5,6,1.0,1
2024-12-18 18:00,1652.5,6,1.0,1
2024-12-18 19:00,1652.5,6,1.0,1
2024-12-18 20:00,1652.5,6,1.0,1
2024-12-18 21:00,1652.5,6,1.0,1
2024-12-18 22:00,1652.5,6,1.0,1
2024-12-18 23:00,1652.5,6,1.0,1
2024-12-19 00:00,1652.5,6,1.0,1
2024-12-19 01:00,1652.5,6,1.0,1
2024-12-19 02:00,1652.5,6,1.0,1
2024-12-19 03:00,1652.5,6,1.0,1
2024-12-19 04:00,1652.5,6,1.0,1
2024-12-19 05:00,1652.5,6,1.0,1
2024-12-19 06:00,1652.5,6,1.0,1
2024-12-19 07:00,1652.5,6,1.0,1
2024-12-19 08:00,1652.5,6,1.0,1
2024-12-19 09:00,1652.5,6,1.0,1
2024-12-19 10:00,1652.5,6,1.0,1
2024-12-19 11:00,1652.5,6,1.0,1
2024-12-19 12:00,1652.5,6,1.0,1
2024-12-19 13:00,1652.5,6,1.0,1
2024-12-19 14:00,1652.5,6,1.0,1
2024-12-19 15:00,1652.5,6,1.0,1
2024-12-19 16:00,1652.5,6,1.0,1
2024-12-19 17:00,1652.5,6,1.0,1
2024-12-19 18:00,1652.5,6,1.0,1
2024-12-19 19:00,1652.5,6,1.0,1
2024-12-19 20:00,1652.9,6,1.0,1
2024-12-19 21:00,1653.1,6,1.0,1
2024-12-19 22:00,1653.9,6,1.0,1
2024-12-19 23:00,1654.5,6,1.0,1
2024-12-20 00:00,1659.1,6,1.0,1
2024-12-20 01:00,1670.6,6,1.0,1
2024-12-20 02:00,1670.8,6,1.0,1
2024-12-20 03:00,1682.7,6,1.0,1
2024-12-20 04:00,1682.9,6,1.0,1
2024-12-20 05:00,1684.1,6,1.0,1
2024-12-20 06:00,1684.1,6,1.0,1
2024-12-20 07:00,1684.1,6,1.0,1
2024-12-20 08:00,1684.3,6,1.0,1
2024-12-20 09:00,1684.3,6,1.0,1
2024-12-20 10:00,1684.3,6,1.0,1
2024-12-20 11:00,1684.3,6,1.0,1
2024-12-20 12:00,1685.7,6,1.0,1
2024-12-20 13:00,1688.5,6,1.0,1
2024-12-20 14:00,1688.9,6,1.0,1
2024-12-20 15:00,1689.1,6,1.0,1
2024-12-20 16:00,1689.1,6,1.0,1
2024-12-20 17:00,1689.3,6,1.0,1
2024-12-20 18:00,1689.3,6,1.0,1
2024-12-20 19:00,1689.3,6,1.0,1
2024-12-20 20:00,1689.3,6,1.0,1
2024-12-20 21:00,1689.3,6,1.0,1
2024-12-20 22:00,1689.3,6,1.0,1
2024-12-20 23:00,1689.9,6,1.0,1
2024-12-21 00:00,1690.5,6,1.0,1
2024-12-21 01:00,1690.5,6,1.0,1
2024-12-21 02:00,1690.5,6,1.0,1
2024-12-21 03:00,1690.5,6,1.0,1
2024-12-21 04:00,1690.5,6,1.0,1
2024-12-21 05:00,1690.5,6,1.0,1
2024-12-21 06:00,1690.5,6,1.0,1
2024-12-21 07:00,1690.5,6,1.0,1
2024-12-21 08:00,1690.5,6,1.0,1
2024-12-21 09:00,1690.5,6,1.0,1
2024-12-21 10:00,1690.5,6,1.0,1
2024-12-21 11:00,1690.5,6,1.0,1
2024-12-21 12:00,1690.5,6,1.0,1
2024-12-21 13:00,1690.5,6,1.0,1
2024-12-21 14:00,1690.5,6,1.0,1
2024-12-21 15:00,1690.5,6,1.0,1
2024-12-21 16:00,1690.5,6,1.0,1
2024-12-21 17:00,1690.5,6,1.0,1
2024-12-21 18:00,1690.5,6,1.0,1
2024-12-21 19:00,1690.5,6,1.0,1
2024-12-21 20:00,1690.5,6,1.0,1
2024-12-21 21:00,1690.5,6,1.0,1
2024-12-21 22:00,1690.5,6,1.0,1
2024-12-21 23:00,1690.5,6,1.0,1
2024-12-22 00:00,1690.5,6,1.0,1
2024-12-22 01:00,1690.5,6,1.0,1
2024-12-22 02:00,1690.5,6,1.0,1
2024-12-22 03:00,1690.5,6,1.0,1
2024-12-22 04:00,1690.5,6,1.0,1
2024-12-22 05:00,1690.5,6,1.0,1
2024-12-22 06:00,1690.5,6,1.0,1
2024-12-22 07:00,1690.5,6,1.0,1
2024-12-22 08:00,1690.5,6,1.0,1
2024-12-22 09:00,1690.5,6,1.0,1
2024-12-22 10:00,1690.5,6,1.0,1
2024-12-22 11:00,1690.5,6,1.0,1
2024-12-22 12:00,1690.5,6,1.0,1
2024-12-22 13:00,1690.5,6,1.0,1
2024-12-22 14:00,1690.5,6,1.0,1
2024-12-22 15:00,1690.5,6,1.0,1
2024-12-22 16:00,1690.5,6,1.0,1
2024-12-22 17:00,1691.3,6,1.0,1
2024-12-22 18:00,1692.3,6,1.0,1
2024-12-22 19:00,1694.3,6,1.0,1
2024-12-22 20:00,1697.5,6,1.0,1
2024-12-22 21:00,1703.3,6,1.0,1
2024-12-22 22:00,1705.3,6,1.0,1
2024-12-22 23:00,1706.5,6,1.0,1
2024-12-23 00:00,1706.7,6,1.0,1
2024-12-23 01:00,1706.7,6,1.0,1
2024-12-23 02:00,1709.3,6,1.0,1
2024-12-23 03:00,1709.5,6,1.0,1
2024-12-23 04:00,1709.7,6,1.0,1
2024-12-23 05:00,1712.9,6,1.0,1
2024-12-23 06:00,1714.9,6,1.0,1
2024-12-23 07:00,1719.1,6,1.0,1
2024-12-23 08:00,1721.0,6,1.0,1
2024-12-23 09:00,1724.8,6,1.0,1
2024-12-23 10:00,1725.0,6,1.0,1
2024-12-23 11:00,1725.0,6,1.0,1
2024-12-23 12:00,1725.0,6,1.0,1
2024-12-23 13:00,1725.0,6,1.0,1
2024-12-23 14:00,1725.0,6,1.0,1
2024-12-23 15:00,1725.0,6,1.0,1
2024-12-23 16:00,1725.4,6,1.0,1
2024-12-23 17:00,1725.6,6,1.0,1
2024-12-23 18:00,1725.8,6,1.0,1
2024-12-23 19:00,1725.8,6,1.0,1
2024-12-23 20:00,1725.8,6,1.0,1
2024-12-23 21:00,1725.8,6,1.0,1
2024-12-23 22:00,1725.8,6,1.0,1
2024-12-23 23:00,1725.8,6,1.0,1
2024-12-24 00:00,1725.8,6,1.0,1
2024-12-24 01:00,1726.0,6,1.0,1
2024-12-24 02:00,1726.2,6,1.0,1
2024-12-24 03:00,1726.4,6,1.0,1
2024-12-24 04:00,1726.4,6,1.0,1
2024-12-24 05:00,1726.4,6,1.0,1
2024-12-24 06:00,1726.4,6,1.0,1
2024-12-24 07:00,1726.4,6,1.0,1
2024-12-24 08:00,1726.4,6,1.0,1
2024-12-24 09:00,1726.4,6,1.0,1
2024-12-24 10:00,1726.4,6,1.0,1
2024-12-24 11:00,1726.4,6,1.0,1
2024-12-24 12:00,1726.4,6,1.0,1
2024-12-24 13:00,1726.6,6,1.0,1
2024-12-24 14:00,1726.6,6,1.0,1
2024-12-24 15:00,1726.6,6,1.0,1
2024-12-24 16:00,1726.6,6,1.0,1
2024-12-24 17:00,1726.6,6,1.0,1
2024-12-24 18:00,1726.6,6,1.0,1
2024-12-24 19:00,1726.6,6,1.0,1
2024-12-24 20:00,1726.6,6,1.0,1
2024-12-24 21:00,1726.6,6,1.0,1
2024-12-24 22:00,1726.6,6,1.0,1
2024-12-24 23:00,1726.6,6,1.0,1
2024-12-25 00:00,1726.6,6,1.0,1
2024-12-25 01:00,1726.6,6,1.0,1
2024-12-25 02:00,1726.6,6,1.0,1
2024-12-25 03:00,1726.6,6,1.0,1
2024-12-25 04:00,1726.6,6,1.0,1
2024-12-25 05:00,1726.6,6,1.0,1
2024-12-25 06:00,1726.6,6,1.0,1
2024-12-25 07:00,1726.6,6,1.0,1
2024-12-25 08:00,1726.6,6,1.0,1
2024-12-25 09:00,1726.6,6,1.0,1
2024-12-25 10:00,1726.6,6,1.0,1
2024-12-25 11:00,1726.6,6,1.0,1
2024-12-25 12:00,1726.6,6,1.0,1
2024-12-25 13:00,1726.6,6,1.0,1
2024-12-25 14:00,1726.6,6,1.0,1
2024-12-25 15:00,1726.6,6,1.0,1
2024-12-25 16:00,1726.6,6,1.0,1
2024-12-25 17:00,1726.6,6,1.0,1
2024-12-25 18:00,1726.6,6,1.0,1
2024-12-25 19:00,1726.6,6,1.0,1
2024-12-25 20:00,1726.6,6,1.0,1
2024-12-25 21:00,1726.6,6,1.0,1
2024-12-25 22:00,1726.6,6,1.0,1
2024-12-25 23:00,1726.6,6,1.0,1
2024-12-26 00:00,1726.6,6,1.0,1
2024-12-26 01:00,1726.6,6,1.0,1
2024-12-26 02:00,1726.6,6,1.0,1
2024-12-26 03:00,1726.6,6,1.0,1
2024-12-26 04:00,1726.6,6,1.0,1
2024-12-26 05:00,1726.6,6,1.0,1
2024-12-26 06:00,1726.6,6,1.0,1
2024-12-26 07:00,1726.6,6,1.0,1
2024-12-26 08:00,1726.6,6,1.0,1
2024-12-26 09:00,1726.6,6,1.0,1
2024-12-26 10:00,1726.6,6,1.0,1
2024-12-26 11:00,1726.6,6,1.0,1
2024-12-26 12:00,1726.6,6,1.0,1
2024-12-26 13:00,1726.6,6,1.0,1
2024-12-26 14:00,1726.6,6,1.0,1
2024-12-26 15:00,1726.6,6,1.0,1
2024-12-26 16:00,1726.6,6,1.0,1
2024-12-26 17:00,1726.6,6,1.0,1
2024-12-26 18:00,1726.6,6,1.0,1
2024-12-26 19:00,1726.6,6,1.0,1
2024-12-26 20:00,1726.6,6,1.0,1
2024-12-26 21:00,1726.6,6,1.0,1
2024-12-26 22:00,1726.6,6,1.0,1
2024-12-26 23:00,1726.6,6,1.0,1
2024-12-27 00:00,1726.6,6,1.0,1
2024-12-27 01:00,1726.6,6,1.0,1
2024-12-27 02:00,1726.6,6,1.0,1
2024-12-27 03:00,1726.6,6,1.0,1
2024-12-27 04:00,1726.6,6,1.0,1
2024-12-27 05:00,1726.6,6,1.0,1
2024-12-27 06:00,1726.6,6,1.0,1
2024-12-27 07:00,1726.6,6,1.0,1
2024-12-27 08:00,1726.6,6,1.0,1
2024-12-27 09:00,1726.6,6,1.0,1
2024-12-27 10:00,1726.6,6,1.0,1
2024-12-27 11:00,1726.6,6,1.0,1
2024-12-27 12:00,1726.6,6,1.0,1
2024-12-27 13:00,1726.6,6,1.0,1
2024-12-27 14:00,1726.6,6,1.0,1
2024-12-27 15:00,1726.6,6,1.0,1
2024-12-27 16:00,1726.6,6,1.0,1
2024-12-27 17:00,1726.6,6,1.0,1
2024-12-27 18:00,1726.6,6,1.0,1
2024-12-27 19:00,1726.6,6,1.0,1
2024-12-27 20:00,1726.6,6,1.0,1
2024-12-27 21:00,1726.6,6,1.0,1
2024-12-27 22:00,1726.6,6,1.0,1
2024-12-27 23:00,1726.6,6,1.0,1
2024-12-28 00:00,1726.6,6,1.0,1
2024-12-28 01:00,1726.6,6,1.0,1
2024-12-28 02:00,1726.6,6,1.0,1
2024-12-28 03:00,1726.6,6,1.0,1
2024-12-28 04:00,1726.6,6,1.0,1
2024-12-28 05:00,1726.6,6,1.0,1
2024-12-28 06:00,1726.6,6,1.0,1
2024-12-28 07:00,1726.6,6,1.0,1
2024-12-28 08:00,1726.6,6,1.0,1
2024-12-28 09:00,1726.6,6,1.0,1
2024-12-28 10:00,1726.6,6,1.0,1
2024-12-28 11:00,1726.6,6,1.0,1
2024-12-28 12:00,1726.6,6,1.0,1
2024-12-28 13:00,1726.6,6,1.0,1
2024-12-28 14:00,1726.6,6,1.0,1
2024-12-28 15:00,1726.6,6,1.0,1
2024-12-28 16:00,1726.6,6,1.0,1
2024-12-28 17:00,1726.6,6,1.0,1
2024-12-28 18:00,1726.6,6,1.0,1
2024-12-28 19:00,1726.6,6,1.0,1
2024-12-28 20:00,1726.6,6,1.0,1
2024-12-28 21:00,1726.6,6,1.0,1
2024-12-28 22:00,1726.6,6,1.0,1
2024-12-28 23:00,1726.6,6,1.0,1
2024-12-29 00:00,1726.6,6,1.0,1
2024-12-29 01:00,1726.6,6,1.0,1
2024-12-29 02:00,1726.6,6,1.0,1
2024-12-29 03:00,1726.6,6,1.0,1
2024-12-29 04:00,1726.6,6,1.0,1
2024-12-29 05:00,1726.6,6,1.0,1
2024-12-29 06:00,1726.6,6,1.0,1
2024-12-29 07:00,1726.6,6,1.0,1
2024-12-29 08:00,1726.6,6,1.0,1
2024-12-29 09:00,1726.6,6,1.0,1
2024-12-29 10:00,1726.6,6,1.0,1
2024-12-29 11:00,1726.6,6,1.0,1
2024-12-29 12:00,1726.6,6,1.0,1
2024-12-29 13:00,1726.6,6,1.0,1
2024-12-29 14:00,1726.6,6,1.0,1
2024-12-29 15:00,1726.6,6,1.0,1
2024-12-29 16:00,1726.6,6,1.0,1
2024-12-29 17:00,1726.6,6,1.0,1
2024-12-29 18:00,1726.6,6,1.0,1
2024-12-29 19:00,1726.6,5,0.833,1
2024-12-29 23:00,1726.6,1,0.167,1
2024-12-30 00:00,1726.6,6,1.0,1
2024-12-30 01:00,1726.6,6,1.0,1
2024-12-30 02:00,1726.6,6,1.0,1
2024-12-30 03:00,1726.6,6,1.0,1
2024-12-30 04:00,1726.6,6,1.0,1
2024-12-30 05:00,1726.6,6,1.0,1
2024-12-30 06:00,1726.6,6,1.0,1
2024-12-30 07:00,1726.6,6,1.0,1
2024-12-30 08:00,1726.6,6,1.0,1
2024-12-30 09:00,1726.6,6,1.0,1
2024-12-30 10:00,1726.6,6,1.0,1
2024-12-30 11:00,1726.6,6,1.0,1
2024-12-30 12:00,1726.6,6,1.0,1
2024-12-30 13:00,1726.6,6,1.0,1
2024-12-30 14:00,1726.6,6,1.0,1
2024-12-30 15:00,1726.6,6,1.0,1
2024-12-30 16:00,1726.6,6,1.0,1
2024-12-30 17:00,1726.6,6,1.0,1
2024-12-30 18:00,1726.6,6,1.0,1
2024-12-30 19:00,1726.6,6,1.0,1
2024-12-30 20:00,1726.6,6,1.0,1
2024-12-30 21:00,1726.6,6,1.0,1
2024-12-30 22:00,1726.6,6,1.0,1
2024-12-30 23:00,1726.6,5,0.833,1
2024-12-31 00:00,1726.6,6,1.0,1
2024-12-31 01:00,1726.6,6,1.0,1
2024-12-31 02:00,1726.6,6,1.0,1
2024-12-31 03:00,1726.6,6,1.0,1
2024-12-31 04:00,1726.6,6,1.0,1
2024-12-31 05:00,1726.6,6,1.0,1
2024-12-31 06:00,1726.6,6,1.0,1
2024-12-31 07:00,1726.6,6,1.0,1
2024-12-31 08:00,1726.6,6,1.0,1
2024-12-31 09:00,1726.6,6,1.0,1
2024-12-31 10:00,1726.6,6,1.0,1
2024-12-31 11:00,1726.6,6,1.0,1
2024-12-31 12:00,1726.6,6,1.0,1
2024-12-31 13:00,1726.6,6,1.0,1
2024-12-31 14:00,1726.6,6,1.0,1
2024-12-31 15:00,1726.6,6,1.0,1
2024-12-31 16:00,1726.6,6,1.0,1
2024-12-31 17:00,1726.6,6,1.0,1
2024-12-31 18:00,1726.6,6,1.0,1
2024-12-31 19:00,1726.6,6,1.0,1
2024-12-31 20:00,1726.6,6,1.0,1
2024-12-31 21:00,1726.6,6,1.0,1
2024-12-31 22:00,1726.6,6,1.0,1
2024-12-31 23:00,1726.6,5,0.833,1
2025-01-01 00:00,0.0,6,1.0,0
2025-01-01 01:00,0.0,6,1.0,0
2025-01-01 02:00,0.0,6,1.0,0
2025-01-01 03:00,0.0,6,1.0,0
2025-01-01 04:00,0.0,6,1.0,0
2025-01-01 05:00,0.0,6,1.0,0
2025-01-01 06:00,0.0,6,1.0,0
2025-01-01 07:00,0.0,6,1.0,0
2025-01-01 08:00,0.0,6,1.0,0
2025-01-01 09:00,0.0,6,1.0,0
2025-01-01 10:00,0.0,6,1.0,0
2025-01-01 11:00,0.0,6,1.0,0
2025-01-01 12:00,0.0,6,1.0,0
2025-01-01 13:00,0.0,6,1.0,0
2025-01-01 14:00,0.0,6,1.0,0
2025-01-01 15:00,0.0,6,1.0,0
2025-01-01 16:00,0.0,6,1.0,0
2025-01-01 17:00,0.0,6,1.0,0
2025-01-01 18:00,0.0,6,1.0,0
2025-01-01 19:00,0.0,6,1.0,0
2025-01-01 20:00,0.0,6,1.0,0
2025-01-01 21:00,0.0,6,1.0,0
2025-01-01 22:00,0.0,6,1.0,0
2025-01-01 23:00,0.0,6,1.0,0
2025-01-02 00:00,0.0,6,1.0,0
2025-01-02 01:00,0.0,6,1.0,0
2025-01-02 02:00,0.0,6,1.0,0
2025-01-02 03:00,0.0,6,1.0,0
2025-01-02 04:00,0.0,6,1.0,0
2025-01-02 05:00,0.0,6,1.0,0
2025-01-02 06:00,0.0,6,1.0,0
2025-01-02 07:00,0.0,6,1.0,0
2025-01-02 08:00,0.0,6,1.0,0
2025-01-02 09:00,0.0,6,1.0,0
2025-01-02 10:00,0.0,6,1.0,0
2025-01-02 11:00,0.0,6,1.0,0
2025-01-02 12:00,0.0,6,1.0,0
2025-01-02 13:00,0.0,6,1.0,0
2025-01-02 14:00,0.0,6,1.0,0
2025-01-02 15:00,0.0,6,1.0,0
2025-01-02 16:00,0.0,6,1.0,0
2025-01-02 17:00,0.0,6,1.0,0
2025-01-02 18:00,0.0,6,1.0,0
2025-01-02 19:00,0.0,6,1.0,0
2025-01-02 20:00,0.0,6,1.0,0
2025-01-02 21:00,0.0,6,1.0,0
2025-01-02 22:00,0.0,6,1.0,0
2025-01-02 23:00,0.0,6,1.0,0
2025-01-03 00:00,0.0,6,1.0,0
2025-01-03 01:00,0.0,6,1.0,0
2025-01-03 02:00,0.0,6,1.0,0
2025-01-03 03:00,0.0,6,1.0,0
2025-01-03 04:00,0.0,6,1.0,0
2025-01-03 05:00,0.0,6,1.0,0
2025-01-03 06:00,0.0,6,1.0,0
2025-01-03 07:00,0.0,6,1.0,0
2025-01-03 08:00,0.0,6,1.0,0
2025-01-03 09:00,0.0,6,1.0,0
2025-01-03 10:00,0.0,6,1.0,0
2025-01-03 11:00,0.0,6,1.0,0
2025-01-03 12:00,0.4,6,1.0,0
2025-01-03 13:00,0.6,6,1.0,0
2025-01-03 14:00,5.6,6,1.0,0
2025-01-03 15:00,6.8,6,1.0,0
2025-01-03 16:00,7.6,6,1.0,0
2025-01-03 17:00,7.6,6,1.0,0
2025-01-03 18:00,11.6,6,1.0,0
2025-01-03 19:00,11.6,6,1.0,0
2025-01-03 20:00,11.6,6,1.0,0
2025-01-03 21:00,11.6,6,1.0,0
2025-01-03 22:00,11.6,6,1.0,0
2025-01-03 23:00,17.4,6,1.0,0
2025-01-04 00:00,22.9,6,1.0,0
2025-01-04 01:00,24.3,6,1.0,0
2025-01-04 02:00,31.3,6,1.0,0
2025-01-04 03:00,32.3,6,1.0,0
2025-01-04 04:00,32.3,6,1.0,0
2025-01-04 05:00,32.3,6,1.0,0
2025-01-04 06:00,32.3,6,1.0,0
2025-01-04 07:00,32.5,6,1.0,0
2025-01-04 08:00,32.5,6,1.0,0
2025-01-04 09:00,32.5,6,1.0,0
2025-01-04 10:00,32.5,6,1.0,0
2025-01-04 11:00,32.5,6,1.0,0
2025-01-04 12:00,32.5,6,1.0,0
2025-01-04 13:00,32.5,6,1.0,0
2025-01-04 14:00,32.5,6,1.0,0
2025-01-04 15:00,32.5,6,1.0,0
2025-01-04 16:00,32.5,6,1.0,0
2025-01-04 17:00,32.5,6,1.0,0
2025-01-04 18:00,32.5,6,1.0,0
2025-01-04 19:00,32.5,6,1.0,0
2025-01-04 20:00,32.5,6,1.0,0
2025-01-04 21:00,32.5,6,1.0,0
2025-01-04 22:00,32.5,6,1.0,0
2025-01-04 23:00,32.5,6,1.0,0
2025-01-05 00:00,32.5,6,1.0,0
2025-01-05 01:00,32.5,6,1.0,0
2025-01-05 02:00,32.5,6,1.0,0
2025-01-05 03:00,32.5,6,1.0,0
2025-01-05 04:00,32.5,6,1.0,0
2025-01-05 05:00,32.5,6,1.0,0
2025-01-05 06:00,32.5,6,1.0,0
2025-01-05 07:00,32.5,6,1.0,0
2025-01-05 08:00,32.5,6,1.0,0
2025-01-05 09:00,32.5,6,1.0,0
2025-01-05 10:00,32.5,6,1.0,0
2025-01-05 11:00,32.5,6,1.0,0
2025-01-05 12:00,32.5,6,1.0,0
2025-01-05 13:00,32.5,6,1.0,0
2025-01-05 14:00,32.5,6,1.0,0
2025-01-05 15:00,32.5,6,1.0,0
2025-01-05 16:00,32.5,6,1.0,0
2025-01-05 17:00,32.5,6,1.0,0
2025-01-05 18:00,32.5,6,1.0,0
2025-01-05 19:00,32.5,6,1.0,0
2025-01-05 20:00,32.5,6,1.0,0
2025-01-05 21:00,32.5,6,1.0,0
2025-01-05 22:00,32.5,6,1.0,0
2025-01-05 23:00,32.5,6,1.0,0
2025-01-06 00:00,32.5,6,1.0,0
2025-01-06 01:00,32.5,6,1.0,0
2025-01-06 02:00,32.5,6,1.0,0
2025-01-06 03:00,32.5,6,1.0,0
2025-01-06 04:00,32.5,6,1.0,0
2025-01-06 05:00,32.5,6,1.0,0
2025-01-06 06:00,32.5,6,1.0,0
2025-01-06 07:00,32.5,6,1.0,0
2025-01-06 08:00,32.5,6,1.0,0
2025-01-06 09:00,32.5,6,1.0,0
2025-01-06 10:00,32.5,6,1.0,0
2025-01-06 11:00,32.5,6,1.0,0
2025-01-06 12:00,32.5,6,1.0,0
2025-01-06 13:00,32.5,6,1.0,0
2025-01-06 14:00,32.5,6,1.0,0
2025-01-06 15:00,32.5,6,1.0,0
2025-01-06 16:00,32.5,6,1.0,0
2025-01-06 17:00,32.5,6,1.0,0
2025-01-06 18:00,32.5,6,1.0,0
2025-01-06 19:00,32.5,6,1.0,0
2025-01-06 20:00,32.5,6,1.0,0
2025-01-06 21:00,32.5,6,1.0,0
2025-01-06 22:00,32.5,6,1.0,0
2025-01-06 23:00,32.5,6,1.0,0
2025-01-07 00:00,32.5,6,1.0,0
2025-01-07 01:00,32.5,6,1.0,0
2025-01-07 02:00,32.5,6,1.0,0
2025-01-07 03:00,32.5,6,1.0,0
2025-01-07 04:00,32.5,6,1.0,0
2025-01-07 05:00,32.5,6,1.0,0
2025-01-07 06:00,32.5,6,1.0,0
2025-01-07 07:00,32.5,6,1.0,0
2025-01-07 08:00,32.5,6,1.0,0
2025-01-07 09:00,32.5,6,1.0,0
2025-01-07 10:00,32.5,6,1.0,0
2025-01-07 11:00,32.5,6,1.0,0
2025-01-07 12:00,32.5,6,1.0,0
2025-01-07 13:00,32.5,6,1.0,0
2025-01-07 14:00,32.5,6,1.0,0
2025-01-07 15:00,32.5,6,1.0,0
2025-01-07 16:00,32.5,6,1.0,0
2025-01-07 17:00,41.2,6,1.0,0
2025-01-07 18:00,44.2,6,1.0,0
2025-01-07 19:00,44.8,6,1.0,0
2025-01-07 20:00,45.0,6,1.0,0
2025-01-07 21:00,45.0,6,1.0,0
2025-01-07 22:00,45.0,6,1.0,0
2025-01-07 23:00,45.0,6,1.0,0
2025-01-08 00:00,45.0,6,1.0,0
2025-01-08 01:00,45.2,6,1.0,0
2025-01-08 02:00,45.2,6,1.0,0
2025-01-08 03:00,45.2,6,1.0,0
2025-01-08 04:00,45.2,6,1.0,0
2025-01-08 05:00,45.2,6,1.0,0
2025-01-08 06:00,45.2,6,1.0,0
2025-01-08 07:00,45.2,6,1.0,0
2025-01-08 08:00,45.2,6,1.0,0
2025-01-08 09:00,45.2,6,1.0,0
2025-01-08 10:00,45.2,6,1.0,0
2025-01-08 11:00,45.2,6,1.0,0
2025-01-08 12:00,45.2,6,1.0,0
2025-01-08 13:00,45.2,6,1.0,0
2025-01-08 14:00,45.2,6,1.0,0
2025-01-08 15:00,45.2,6,1.0,0
2025-01-08 16:00,45.2,6,1.0,0
2025-01-08 17:00,45.2,6,1.0,0
2025-01-08 18:00,45.2,6,1.0,0
2025-01-08 19:00,45.2,6,1.0,0
2025-01-08 20:00,45.2,6,1.0,0
2025-01-08 21:00,45.2,6,1.0,0
2025-01-08 22:00,45.2,6,1.0,0
2025-01-08 23:00,45.2,6,1.0,0
2025-01-09 00:00,45.2,6,1.0,0
2025-01-09 01:00,45.2,6,1.0,0
2025-01-09 02:00,45.2,6,1.0,0
2025-01-09 03:00,45.2,6,1.0,0
2025-01-09 04:00,45.8,6,1.0,0
2025-01-09 05:00,47.8,6,1.0,0
2025-01-09 06:00,50.4,6,1.0,0
2025-01-09 07:00,55.0,6,1.0,0
2025-01-09 08:00,58.4,6,1.0,0
2025-01-09 09:00,60.2,6,1.0,0
2025-01-09 10:00,61.2,6,1.0,0
2025-01-09 11:00,61.4,6,1.0,0
2025-01-09 12:00,61.4,6,1.0,0
2025-01-09 13:00,61.4,6,1.0,0
2025-01-09 14:00,61.4,6,1.0,0
2025-01-09 15:00,61.4,6,1.0,0
2025-01-09 16:00,61.4,6,1.0,0
2025-01-09 17:00,61.4,6,1.0,0
2025-01-09 18:00,61.4,6,1.0,0
2025-01-09 19:00,61.4,6,1.0,0
2025-01-09 20:00,61.4,6,1.0,0
2025-01-09 21:00,63.8,6,1.0,0
2025-01-09 22:00,64.0,6,1.0,0
2025-01-09 23:00,64.2,6,1.0,0
2025-01-10 00:00,64.4,6,1.0,0
2025-01-10 01:00,64.6,6,1.0,0
2025-01-10 02:00,64.6,6,1.0,0
2025-01-10 03:00,64.6,6,1.0,0
2025-01-10 04:00,64.6,6,1.0,0
2025-01-10 05:00,64.6,6,1.0,0
2025-01-10 06:00,64.6,6,1.0,0
2025-01-10 07:00,64.6,6,1.0,0
2025-01-10 08:00,64.6,6,1.0,0
2025-01-10 09:00,64.6,6,1.0,0
2025-01-10 10:00,64.6,6,1.0,0
2025-01-10 11:00,64.6,6,1.0,0
2025-01-10 12:00,64.6,6,1.0,0
2025-01-10 13:00,64.6,6,1.0,0
2025-01-10 14:00,64.6,6,1.0,0
2025-01-10 15:00,64.6,6,1.0,0
2025-01-10 16:00,64.6,6,1.0,0
2025-01-10 17:00,64.6,6,1.0,0
2025-01-10 18:00,64.6,6,1.0,0
2025-01-10 19:00,64.6,6,1.0,0
2025-01-10 20:00,64.6,6,1.0,0
2025-01-10 21:00,64.6,6,1.0,0
2025-01-10 22:00,64.6,6,1.0,0
2025-01-10 23:00,64.6,6,1.0,0
2025-01-11 00:00,64.6,6,1.0,0
2025-01-11 01:00,64.8,6,1.0,0
2025-01-11 02:00,65.0,6,1.0,0
2025-01-11 03:00,65.2,6,1.0,0
2025-01-11 04:00,65.2,6,1.0,0
2025-01-11 05:00,65.2,6,1.0,0
2025-01-11 06:00,65.2,6,1.0,0
2025-01-11 07:00,65.2,6,1.0,0
2025-01-11 08:00,65.2,6,1.0,0
2025-01-11 09:00,65.2,6,1.0,0
2025-01-11 10:00,65.2,6,1.0,0
2025-01-11 11:00,65.2,6,1.0,0
2025-01-11 12:00,65.4,6,1.0,0
2025-01-11 13:00,66.4,6,1.0,0
2025-01-11 14:00,67.2,6,1.0,0
2025-01-11 15:00,70.4,6,1.0,0
2025-01-11 16:00,74.0,6,1.0,0
2025-01-11 17:00,82.6,6,1.0,0
2025-01-11 18:00,87.2,6,1.0,0
2025-01-11 19:00,88.8,6,1.0,0
2025-01-11 20:00,91.2,6,1.0,0
2025-01-11 21:00,93.8,6,1.0,0
2025-01-11 22:00,96.0,6,1.0,0
2025-01-11 23:00,97.2,6,1.0,0
2025-01-12 00:00,98.4,6,1.0,0
2025-01-12 01:00,99.4,6,1.0,0
2025-01-12 02:00,101.2,6,1.0,0
2025-01-12 03:00,103.8,6,1.0,0
2025-01-12 04:00,106.2,6,1.0,0
2025-01-12 05:00,108.2,6,1.0,0
2025-01-12 06:00,110.0,6,1.0,0
2025-01-12 07:00,111.2,6,1.0,0
2025-01-12 08:00,112.4,6,1.0,0
2025-01-12 09:00,113.6,6,1.0,0
2025-01-12 10:00,114.4,6,1.0,0
2025-01-12 11:00,114.8,6,1.0,0
2025-01-12 12:00,115.4,6,1.0,0
2025-01-12 13:00,116.0,6,1.0,0
2025-01-12 14:00,116.6,6,1.0,0
2025-01-12 15:00,117.2,6,1.0,0
2025-01-12 16:00,117.4,6,1.0,0
2025-01-12 17:00,117.6,6,1.0,0
2025-01-12 18:00,117.6,6,1.0,0
2025-01-12 19:00,117.6,6,1.0,0
2025-01-12 20:00,117.6,6,1.0,0
2025-01-12 21:00,117.6,6,1.0,0
2025-01-12 22:00,117.6,6,1.0,0
2025-01-12 23:00,117.6,6,1.0,0
2025-01-13 00:00,117.6,6,1.0,0
2025-01-13 01:00,117.6,6,1.0,0
2025-01-13 02:00,117.6,6,1.0,0
2025-01-13 03:00,117.6,6,1.0,0
2025-01-13 04:00,117.6,6,1.0,0
2025-01-13 05:00,117.6,6,1.0,0
2025-01-13 06:00,117.6,6,1.0,0
2025-01-13 07:00,117.6,6,1.0,0
2025-01-13 08:00,117.6,6,1.0,0
2025-01-13 09:00,117.6,6,1.0,0
2025-01-13 10:00,117.6,6,1.0,0
2025-01-13 11:00,117.6,6,1.0,0
2025-01-13 12:00,117.6,6,1.0,0
2025-01-13 13:00,117.6,6,1.0,0
2025-01-13 14:00,117.6,6,1.0,0
2025-01-13 15:00,117.6,6,1.0,0
2025-01-13 16:00,117.6,6,1.0,0
2025-01-13 17:00,117.6,6,1.0,0
2025-01-13 18:00,117.6,6,1.0,0
2025-01-13 19:00,117.6,6,1.0,0
2025-01-13 20:00,117.6,6,1.0,0
2025-01-13 21:00,117.6,6,1.0,0
2025-01-13 22:00,117.6,6,1.0,0
2025-01-13 23:00,117.6,6,1.0,0
2025-01-14 00:00,117.6,6,1.0,0
2025-01-14 01:00,117.6,6,1.0,0
2025-01-14 02:00,117.6,6,1.0,0
2025-01-14 03:00,117.6,6,1.0,0
2025-01-14 04:00,117.6,6,1.0,0
2025-01-14 05:00,117.6,6,1.0,0
2025-01-14 06:00,117.6,6,1.0,0
2025-01-14 07:00,117.6,6,1.0,0
2025-01-14 08:00,117.6,6,1.0,0
2025-01-14 09:00,117.6,6,1.0,0
2025-01-14 10:00,117.6,6,1.0,0
2025-01-14 11:00,117.6,6,1.0,0
2025-01-14 12:00,117.6,6,1.0,0
2025-01-14 13:00,117.6,6,1.0,0
2025-01-14 14:00,117.6,6,1.0,0
2025-01-14 15:00,117.6,6,1.0,0
2025-01-14 16:00,117.6,6,1.0,0
2025-01-14 17:00,117.6,6,1.0,0
2025-01-14 18:00,117.6,6,1.0,0
2025-01-14 19:00,117.6,6,1.0,0
2025-01-14 20:00,117.6,6,1.0,0
2025-01-14 21:00,117.6,6,1.0,0
2025-01-14 22:00,117.6,6,1.0,0
2025-01-14 23:00,117.6,6,1.0,0
2025-01-15 00:00,117.6,6,1.0,0
2025-01-15 01:00,117.6,6,1.0,0
2025-01-15 02:00,117.6,6,1.0,0
2025-01-15 03:00,117.6,6,1.0,0
2025-01-15 04:00,117.6,6,1.0,0
2025-01-15 05:00,117.6,6,1.0,0
2025-01-15 06:00,117.6,6,1.0,0
2025-01-15 07:00,117.6,6,1.0,0
2025-01-15 08:00,117.6,6,1.0,0
2025-01-15 09:00,117.6,6,1.0,0
2025-01-15 10:00,117.6,6,1.0,0
2025-01-15 11:00,117.6,6,1.0,0
2025-01-15 12:00,117.6,6,1.0,0
2025-01-15 13:00,117.6,6,1.0,0
2025-01-15 14:00,117.6,6,1.0,0
2025-01-15 15:00,117.6,6,1.0,0
2025-01-15 16:00,117.6,6,1.0,0
2025-01-15 17:00,117.6,6,1.0,0
2025-01-15 18:00,117.6,6,1.0,0
2025-01-15 19:00,117.6,6,1.0,0
2025-01-15 20:00,117.6,6,1.0,0
2025-01-15 21:00,117.6,6,1.0,0
2025-01-15 22:00,117.6,6,1.0,0
2025-01-15 23:00,117.6,6,1.0,0
2025-01-16 00:00,117.8,6,1.0,0
2025-01-16 01:00,117.8,6,1.0,0
2025-01-16 02:00,117.8,6,1.0,0
2025-01-16 03:00,117.8,6,1.0,0
2025-01-16 04:00,117.8,6,1.0,0
2025-01-16 05:00,117.8,6,1.0,0
2025-01-16 06:00,117.8,6,1.0,0
2025-01-16 07:00,117.8,6,1.0,0
2025-01-16 08:00,117.8,6,1.0,0
2025-01-16 09:00,117.8,6,1.0,0
2025-01-16 10:00,117.8,6,1.0,0
2025-01-16 11:00,117.8,6,1.0,0
2025-01-16 12:00,117.8,6,1.0,0
2025-01-16 13:00,117.8,6,1.0,0
2025-01-16 14:00,117.8,6,1.0,0
2025-01-16 15:00,117.8,6,1.0,0
2025-01-16 16:00,117.8,6,1.0,0
2025-01-16 17:00,117.8,6,1.0,0
2025-01-16 18:00,117.8,6,1.0,0
2025-01-16 19:00,117.8,6,1.0,0
2025-01-16 20:00,117.8,6,1.0,0
2025-01-16 21:00,117.8,6,1.0,0
2025-01-16 22:00,117.8,6,1.0,0
2025-01-16 23:00,117.8,6,1.0,0
2025-01-17 00:00,117.8,6,1.0,0
2025-01-17 01:00,117.8,6,1.0,0
2025-01-17 02:00,117.8,6,1.0,0
2025-01-17 03:00,117.8,6,1.0,0
2025-01-17 04:00,117.8,6,1.0,0
2025-01-17 05:00,117.8,6,1.0,0
2025-01-17 06:00,117.8,6,1.0,0
2025-01-17 07:00,117.8,6,1.0,0
2025-01-17 08:00,117.8,6,1.0,0
2025-01-17 09:00,117.8,6,1.0,0
2025-01-17 10:00,117.8,6,1.0,0
2025-01-17 11:00,117.8,6,1.0,0
2025-01-17 12:00,118.0,6,1.0,0
2025-01-17 13:00,118.0,6,1.0,0
2025-01-17 14:00,118.0,6,1.0,0
2025-01-17 15:00,118.0,6,1.0,0
2025-01-17 16:00,118.0,6,1.0,0
2025-01-17 17:00,118.0,6,1.0,0
2025-01-17 18:00,118.0,6,1.0,0
2025-01-17 19:00,118.0,6,1.0,0
2025-01-17 20:00,118.0,6,1.0,0
2025-01-17 21:00,118.0,6,1.0,0
2025-01-17 22:00,118.0,6,1.0,0
2025-01-17 23:00,118.0,6,1.0,0
2025-01-18 00:00,118.8,6,1.0,0
2025-01-18 01:00,120.0,6,1.0,0
2025-01-18 02:00,121.6,6,1.0,0
2025-01-18 03:00,123.0,6,1.0,0
2025-01-18 04:00,124.2,6,1.0,0
2025-01-18 05:00,126.2,6,1.0,0
2025-01-18 06:00,126.4,6,1.0,0
2025-01-18 07:00,126.4,6,1.0,0
2025-01-18 08:00,126.4,6,1.0,0
2025-01-18 09:00,126.4,6,1.0,0
2025-01-18 10:00,126.4,6,1.0,0
2025-01-18 11:00,126.4,6,1.0,0
2025-01-18 12:00,126.4,6,1.0,0
2025-01-18 13:00,126.4,6,1.0,0
2025-01-18 14:00,126.4,6,1.0,0
2025-01-18 15:00,126.4,6,1.0,0
2025-01-18 16:00,126.4,6,1.0,0
2025-01-18 17:00,126.4,6,1.0,0
2025-01-18 18:00,126.4,6,1.0,0
2025-01-18 19:00,128.0,6,1.0,0
2025-01-18 20:00,129.0,6,1.0,0
2025-01-18 21:00,130.2,6,1.0,0
2025-01-18 22:00,130.4,6,1.0,0
2025-01-18 23:00,130.4,6,1.0,0
2025-01-19 00:00,130.4,6,1.0,0
2025-01-19 01:00,130.4,6,1.0,0
2025-01-19 02:00,130.4,6,1.0,0
2025-01-19 03:00,130.4,6,1.0,0
2025-01-19 04:00,130.4,6,1.0,0
2025-01-19 05:00,130.4,6,1.0,0
2025-01-19 06:00,130.4,6,1.0,0
2025-01-19 07:00,130.4,6,1.0,0
2025-01-19 08:00,130.4,6,1.0,0
2025-01-19 09:00,130.4,6,1.0,0
2025-01-19 10:00,130.4,6,1.0,0
2025-01-19 11:00,130.4,6,1.0,0
2025-01-19 12:00,130.4,6,1.0,0
2025-01-19 13:00,130.4,6,1.0,0
2025-01-19 14:00,130.4,6,1.0,0
2025-01-19 15:00,130.4,6,1.0,0
2025-01-19 16:00,130.4,6,1.0,0
2025-01-19 17:00,130.4,6,1.0,0
2025-01-19 18:00,130.4,6,1.0,0
2025-01-19 19:00,130.4,6,1.0,0
2025-01-19 20:00,130.4,6,1.0,0
2025-01-19 21:00,130.4,6,1.0,0
2025-01-19 22:00,130.4,6,1.0,0
2025-01-19 23:00,130.4,6,1.0,0
2025-01-20 00:00,130.4,6,1.0,0
2025-01-20 01:00,130.4,6,1.0,0
2025-01-20 02:00,130.4,6,1.0,0
2025-01-20 03:00,130.4,6,1.0,0
2025-01-20 04:00,130.4,6,1.0,0
2025-01-20 05:00,130.4,6,1.0,0
2025-01-20 06:00,130.4,6,1.0,0
2025-01-20 07:00,130.4,6,1.0,0
2025-01-20 08:00,130.4,6,1.0,0
2025-01-20 09:00,130.4,6,1.0,0
2025-01-20 10:00,130.4,6,1.0,0
2025-01-20 11:00,130.4,6,1.0,0
2025-01-20 12:00,130.4,6,1.0,0
2025-01-20 13:00,130.4,6,1.0,0
2025-01-20 14:00,132.6,6,1.0,0
2025-01-20 15:00,132.8,6,1.0,0
2025-01-20 16:00,132.8,6,1.0,0
2025-01-20 17:00,132.8,6,1.0,0
2025-01-20 18:00,132.8,6,1.0,0
2025-01-20 19:00,132.8,6,1.0,0
2025-01-20 20:00,132.8,6,1.0,0
2025-01-20 21:00,132.8,6,1.0,0
2025-01-20 22:00,133.0,6,1.0,0
2025-01-20 23:00,137.8,6,1.0,0
2025-01-21 00:00,138.0,6,1.0,0
2025-01-21 01:00,138.0,6,1.0,0
2025-01-21 02:00,138.0,6,1.0,0
2025-01-21 03:00,138.2,6,1.0,0
2025-01-21 04:00,138.2,6,1.0,0
2025-01-21 05:00,138.2,6,1.0,0
2025-01-21 06:00,138.2,6,1.0,0
2025-01-21 07:00,138.6,6,1.0,0
2025-01-21 08:00,138.6,6,1.0,0
2025-01-21 09:00,138.8,6,1.0,0
2025-01-21 10:00,138.8,6,1.0,0
2025-01-21 11:00,139.0,6,1.0,0
2025-01-21 12:00,139.0,6,1.0,0
2025-01-21 13:00,139.2,6,1.0,0
2025-01-21 14:00,140.0,6,1.0,0
2025-01-21 15:00,140.0,6,1.0,0
2025-01-21 16:00,140.0,6,1.0,0
2025-01-21 17:00,140.0,6,1.0,0
2025-01-21 18:00,140.0,6,1.0,0
2025-01-21 19:00,140.0,6,1.0,0
2025-01-21 20:00,140.0,6,1.0,0
2025-01-21 21:00,140.0,6,1.0,0
2025-01-21 22:00,140.8,6,1.0,0
2025-01-21 23:00,140.8,6,1.0,0
2025-01-22 00:00,140.8,6,1.0,0
2025-01-22 01:00,140.8,6,1.0,0
2025-01-22 02:00,140.8,6,1.0,0
2025-01-22 03:00,140.8,6,1.0,0
2025-01-22 04:00,140.8,6,1.0,0
2025-01-22 05:00,140.8,6,1.0,0
2025-01-22 06:00,140.8,6,1.0,0
2025-01-22 07:00,140.8,6,1.0,0
2025-01-22 08:00,140.8,6,1.0,0
2025-01-22 09:00,140.8,6,1.0,0
2025-01-22 10:00,140.8,6,1.0,0
2025-01-22 11:00,140.8,6,1.0,0
2025-01-22 12:00,140.8,6,1.0,0
2025-01-22 13:00,140.8,6,1.0,0
2025-01-22 14:00,140.8,6,1.0,0
2025-01-22 15:00,140.8,6,1.0,0
2025-01-22 16:00,141.0,6,1.0,0
2025-01-22 17:00,141.0,6,1.0,0
2025-01-22 18:00,141.0,6,1.0,0
2025-01-22 19:00,141.0,6,1.0,0
2025-01-22 20:00,141.0,6,1.0,0
2025-01-22 21:00,141.0,6,1.0,0
2025-01-22 22:00,141.0,6,1.0,0
2025-01-22 23:00,141.0,6,1.0,0
2025-01-23 00:00,141.0,6,1.0,0
2025-01-23 01:00,141.0,6,1.0,0
2025-01-23 02:00,141.0,6,1.0,0
2025-01-23 03:00,141.0,6,1.0,0
2025-01-23 04:00,141.0,6,1.0,0
2025-01-23 05:00,141.0,6,1.0,0
2025-01-23 06:00,141.0,6,1.0,0
2025-01-23 07:00,141.0,6,1.0,0
2025-01-23 08:00,141.0,6,1.0,0
2025-01-23 09:00,141.0,6,1.0,0
2025-01-23 10:00,141.0,6,1.0,0
2025-01-23 11:00,141.0,6,1.0,0
2025-01-23 12:00,141.0,6,1.0,0
2025-01-23 13:00,141.0,6,1.0,0
2025-01-23 14:00,141.0,6,1.0,0
2025-01-23 15:00,141.0,6,1.0,0
2025-01-23 16:00,141.0,6,1.0,0
2025-01-23 17:00,141.0,6,1.0,0
2025-01-23 18:00,141.0,6,1.0,0
2025-01-23 19:00,141.0,6,1.0,0
2025-01-23 20:00,141.0,6,1.0,0
2025-01-23 21:00,141.0,6,1.0,0
2025-01-23 22:00,141.0,6,1.0,0
2025-01-23 23:00,141.0,6,1.0,0
2025-01-24 00:00,141.0,6,1.0,0
2025-01-24 01:00,141.0,6,1.0,0
2025-01-24 02:00,141.0,6,1.0,0
2025-01-24 03:00,141.0,6,1.0,0
2025-01-24 04:00,141.0,6,1.0,0
2025-01-24 05:00,141.0,6,1.0,0
2025-01-24 06:00,141.0,6,1.0,0
2025-01-24 07:00,141.0,6,1.0,0
2025-01-24 08:00,141.0,6,1.0,0
2025-01-24 09:00,141.0,6,1.0,0
2025-01-24 10:00,141.0,6,1.0,0
2025-01-24 11:00,141.0,6,1.0,0
2025-01-24 12:00,141.0,6,1.0,0
2025-01-24 13:00,141.0,6,1.0,0
2025-01-24 14:00,141.0,6,1.0,0
2025-01-24 15:00,141.0,6,1.0,0
2025-01-24 16:00,141.0,6,1.0,0
2025-01-24 17:00,141.0,6,1.0,0
2025-01-24 18:00,141.0,6,1.0,0
2025-01-24 19:00,141.0,6,1.0,0
2025-01-24 20:00,141.0,6,1.0,0
2025-01-24 21:00,141.0,6,1.0,0
2025-01-24 22:00,141.0,6,1.0,0
2025-01-24 23:00,141.0,6,1.0,0
2025-01-25 00:00,141.0,6,1.0,0
2025-01-25 01:00,141.0,6,1.0,0
2025-01-25 02:00,141.0,6,1.0,0
2025-01-25 03:00,141.0,6,1.0,0
2025-01-25 04:00,141.0,6,1.0,0
2025-01-25 05:00,141.0,6,1.0,0
2025-01-25 06:00,141.0,6,1.0,0
2025-01-25 07:00,141.0,6,1.0,0
2025-01-25 08:00,141.0,6,1.0,0
2025-01-25 09:00,141.0,6,1.0,0
2025-01-25 10:00,141.0,6,1.0,0
2025-01-25 11:00,141.0,6,1.0,0
2025-01-25 12:00,141.0,6,1.0,0
2025-01-25 13:00,141.0,6,1.0,0
2025-01-25 14:00,141.0,6,1.0,0
2025-01-25 15:00,141.0,6,1.0,0
2025-01-25 16:00,141.0,6,1.0,0
2025-01-25 17:00,141.0,6,1.0,0
2025-01-25 18:00,141.0,6,1.0,0
2025-01-25 19:00,141.0,6,1.0,0
2025-01-25 20:00,141.0,6,1.0,0
2025-01-25 21:00,141.0,6,1.0,0
2025-01-25 22:00,141.0,6,1.0,0
2025-01-25 23:00,141.0,6,1.0,0
2025-01-26 00:00,141.0,6,1.0,0
2025-01-26 01:00,141.0,6,1.0,0
2025-01-26 02:00,141.0,6,1.0,0
2025-01-26 03:00,141.0,6,1.0,0
2025-01-26 04:00,141.0,6,1.0,0
2025-01-26 05:00,141.0,6,1.0,0
2025-01-26 06:00,141.0,6,1.0,0
2025-01-26 07:00,141.0,6,1.0,0
2025-01-26 08:00,141.0,6,1.0,0
2025-01-26 09:00,141.0,6,1.0,0
2025-01-26 10:00,141.0,6,1.0,0
2025-01-26 11:00,141.0,6,1.0,0
2025-01-26 12:00,141.0,6,1.0,0
2025-01-26 13:00,141.0,6,1.0,0
2025-01-26 14:00,141.0,6,1.0,0
2025-01-26 15:00,141.0,6,1.0,0
2025-01-26 16:00,141.0,6,1.0,0
2025-01-26 17:00,141.0,6,1.0,0
2025-01-26 18:00,141.0,6,1.0,0
2025-01-26 19:00,141.0,6,1.0,0
2025-01-26 20:00,141.0,6,1.0,0
2025-01-26 21:00,141.0,6,1.0,0
2025-01-26 22:00,141.0,6,1.0,0
2025-01-26 23:00,141.0,6,1.0,0
2025-01-27 00:00,141.0,6,1.0,0
2025-01-27 01:00,141.0,6,1.0,0
2025-01-27 02:00,141.0,6,1.0,0
2025-01-27 03:00,141.0,6,1.0,0
2025-01-27 04:00,141.0,6,1.0,0
2025-01-27 05:00,141.0,6,1.0,0
2025-01-27 06:00,141.0,6,1.0,0
2025-01-27 07:00,141.0,6,1.0,0
2025-01-27 08:00,141.0,6,1.0,0
2025-01-27 09:00,141.0,6,1.0,0
2025-01-27 10:00,141.0,6,1.0,0
2025-01-27 11:00,141.0,6,1.0,0
2025-01-27 12:00,141.0,6,1.0,0
2025-01-27 13:00,141.0,6,1.0,0
2025-01-27 14:00,141.0,6,1.0,0
2025-01-27 15:00,141.0,6,1.0,0
2025-01-27 16:00,141.0,6,1.0,0
2025-01-27 17:00,141.0,6,1.0,0
2025-01-27 18:00,141.0,6,1.0,0
2025-01-27 19:00,141.0,6,1.0,0
2025-01-27 20:00,141.0,6,1.0,0
2025-01-27 21:00,141.0,6,1.0,0
2025-01-27 22:00,141.0,6,1.0,0
2025-01-27 23:00,141.0,6,1.0,0
2025-01-28 00:00,141.0,6,1.0,0
2025-01-28 01:00,141.0,6,1.0,0
2025-01-28 02:00,141.0,6,1.0,0
2025-01-28 03:00,141.0,6,1.0,0
2025-01-28 04:00,141.0,6,1.0,0
2025-01-28 05:00,141.0,6,1.0,0
2025-01-28 06:00,141.0,6,1.0,0
2025-01-28 07:00,141.0,6,1.0,0
2025-01-28 08:00,141.0,6,1.0,0
2025-01-28 09:00,143.0,6,1.0,0
2025-01-28 10:00,143.2,6,1.0,0
2025-01-28 11:00,143.2,6,1.0,0
2025-01-28 12:00,143.6,6,1.0,0
2025-01-28 13:00,150.6,6,1.0,0
2025-01-28 14:00,156.0,6,1.0,0
2025-01-28 15:00,156.2,6,1.0,0
2025-01-28 16:00,156.2,6,1.0,0
2025-01-28 17:00,156.2,6,1.0,0
2025-01-28 18:00,156.2,6,1.0,0
2025-01-28 19:00,156.2,6,1.0,0
2025-01-28 20:00,156.2,6,1.0,0
2025-01-28 21:00,156.2,6,1.0,0
2025-01-28 22:00,156.2,6,1.0,0
2025-01-28 23:00,156.2,6,1.0,0
2025-01-29 00:00,156.2,6,1.0,0
2025-01-29 01:00,156.2,6,1.0,0
2025-01-29 02:00,156.2,6,1.0,0
2025-01-29 03:00,156.2,6,1.0,0
2025-01-29 04:00,156.2,6,1.0,0
2025-01-29 05:00,156.2,6,1.0,0
2025-01-29 06:00,156.2,6,1.0,0
2025-01-29 07:00,156.2,6,1.0,0
2025-01-29 08:00,156.2,6,1.0,0
2025-01-29 09:00,156.2,6,1.0,0
2025-01-29 10:00,157.0,6,1.0,0
2025-01-29 11:00,165.2,6,1.0,0
2025-01-29 12:00,168.0,6,1.0,0
2025-01-29 13:00,170.4,6,1.0,0
2025-01-29 14:00,172.8,6,1.0,0
2025-01-29 15:00,173.8,6,1.0,0
2025-01-29 16:00,174.6,6,1.0,0
2025-01-29 17:00,174.6,6,1.0,0
2025-01-29 18:00,174.6,6,1.0,0
2025-01-29 19:00,174.6,6,1.0,0
2025-01-29 20:00,174.6,6,1.0,0
2025-01-29 21:00,174.6,6,1.0,0
2025-01-29 22:00,174.6,6,1.0,0
2025-01-29 23:00,174.6,6,1.0,0
2025-01-30 00:00,174.6,6,1.0,0
2025-01-30 01:00,174.6,6,1.0,0
2025-01-30 02:00,174.6,6,1.0,0
2025-01-30 03:00,174.6,6,1.0,0
2025-01-30 04:00,174.6,6,1.0,0
2025-01-30 05:00,174.6,6,1.0,0
2025-01-30 06:00,174.6,6,1.0,0
2025-01-30 07:00,174.6,6,1.0,0
2025-01-30 08:00,174.6,6,1.0,0
2025-01-30 09:00,174.6,6,1.0,0
2025-01-30 10:00,174.6,6,1.0,0
2025-01-30 11:00,174.6,6,1.0,0
2025-01-30 12:00,174.6,6,1.0,0
2025-01-30 13:00,174.6,6,1.0,0
2025-01-30 14:00,174.6,6,1.0,0
2025-01-30 15:00,174.6,6,1.0,0
2025-01-30 16:00,174.6,6,1.0,0
2025-01-30 17:00,174.6,6,1.0,0
2025-01-30 18:00,174.6,6,1.0,0
2025-01-30 19:00,174.6,6,1.0,0
2025-01-30 20:00,174.6,6,1.0,0
2025-01-30 21:00,174.6,6,1.0,0
2025-01-30 22:00,174.6,6,1.0,0
2025-01-30 23:00,174.6,6,1.0,0
2025-01-31 00:00,174.6,6,1.0,0
2025-01-31 01:00,174.6,6,1.0,0
2025-01-31 02:00,174.6,6,1.0,0
2025-01-31 03:00,174.6,6,1.0,0
2025-01-31 04:00,174.6,6,1.0,0
2025-01-31 05:00,174.6,6,1.0,0
2025-01-31 06:00,174.6,6,1.0,0
2025-01-31 07:00,174.6,6,1.0,0
2025-01-31 08:00,174.6,6,1.0,0
2025-01-31 09:00,174.6,6,1.0,0
2025-01-31 10:00,174.6,6,1.0,0
2025-01-31 11:00,174.6,6,1.0,0
2025-01-31 12:00,174.6,6,1.0,0
2025-01-31 13:00,174.6,6,1.0,0
2025-01-31 14:00,174.6,6,1.0,0
2025-01-31 15:00,174.6,6,1.0,0
2025-01-31 16:00,174.6,6,1.0,0
2025-01-31 17:00,174.6,6,1.0,0
2025-01-31 18:00,174.6,6,1.0,0
2025-01-31 19:00,174.6,6,1.0,0
2025-01-31 20:00,174.6,6,1.0,0
2025-01-31 21:00,174.6,6,1.0,0
2025-01-31 22:00,174.6,6,1.0,0
2025-01-31 23:00,174.6,6,1.0,0
2025-02-01 00:00,174.6,6,1.0,0
2025-02-01 01:00,174.6,6,1.0,0
2025-02-01 02:00,174.6,6,1.0,0
2025-02-01 03:00,174.6,6,1.0,0
2025-02-01 04:00,174.6,6,1.0,0
2025-02-01 05:00,174.6,6,1.0,0
2025-02-01 06:00,174.6,6,1.0,0
2025-02-01 07:00,174.6,6,1.0,0
2025-02-01 08:00,174.6,6,1.0,0
2025-02-01 09:00,174.6,6,1.0,0
2025-02-01 10:00,174.6,6,1.0,0
2025-02-01 11:00,174.6,6,1.0,0
2025-02-01 12:00,174.6,6,1.0,0
2025-02-01 13:00,174.6,6,1.0,0
2025-02-01 14:00,174.6,6,1.0,0
2025-02-01 15:00,174.6,6,1.0,0
2025-02-01 16:00,174.6,6,1.0,0
2025-02-01 17:00,174.6,6,1.0,0
2025-02-01 18:00,174.6,6,1.0,0
2025-02-01 19:00,174.6,6,1.0,0
2025-02-01 20:00,174.6,6,1.0,0
2025-02-01 21:00,174.6,6,1.0,0
2025-02-01 22:00,174.6,6,1.0,0
2025-02-01 23:00,174.6,6,1.0,0
2025-02-02 00:00,174.6,6,1.0,0
2025-02-02 01:00,174.6,6,1.0,0
2025-02-02 02:00,174.6,6,1.0,0
2025-02-02 03:00,174.6,6,1.0,0
2025-02-02 04:00,174.6,6,1.0,0
2025-02-02 05:00,174.6,6,1.0,0
2025-02-02 06:00,174.6,6,1.0,0
2025-02-02 07:00,174.8,6,1.0,0
2025-02-02 08:00,174.8,6,1.0,0
2025-02-02 09:00,174.8,6,1.0,0
2025-02-02 10:00,174.8,6,1.0,0
2025-02-02 11:00,174.8,6,1.0,0
2025-02-02 12:00,174.8,6,1.0,0
2025-02-02 13:00,174.8,6,1.0,0
2025-02-02 14:00,174.8,6,1.0,0
2025-02-02 15:00,174.8,6,1.0,0
2025-02-02 16:00,174.8,6,1.0,0
2025-02-02 17:00,174.8,6,1.0,0
2025-02-02 18:00,174.8,6,1.0,0
2025-02-02 19:00,174.8,6,1.0,0
2025-02-02 20:00,174.8,6,1.0,0
2025-02-02 21:00,174.8,6,1.0,0
2025-02-02 22:00,174.8,6,1.0,0
2025-02-02 23:00,174.8,6,1.0,0
2025-02-03 00:00,174.8,6,1.0,0
2025-02-03 01:00,174.8,6,1.0,0
2025-02-03 02:00,174.8,6,1.0,0
2025-02-03 03:00,174.8,6,1.0,0
2025-02-03 04:00,174.8,6,1.0,0
2025-02-03 05:00,174.8,6,1.0,0
2025-02-03 06:00,174.8,6,1.0,0
2025-02-03 07:00,174.8,6,1.0,0
2025-02-03 08:00,175.0,6,1.0,0
2025-02-03 09:00,175.6,6,1.0,0
2025-02-03 10:00,176.2,6,1.0,0
2025-02-03 11:00,176.8,6,1.0,0
2025-02-03 12:00,177.0,6,1.0,0
2025-02-03 13:00,177.0,6,1.0,0
2025-02-03 14:00,177.0,6,1.0,0
2025-02-03 15:00,177.0,6,1.0,0
2025-02-03 16:00,177.0,6,1.0,0
2025-02-03 17:00,177.0,6,1.0,0
2025-02-03 18:00,177.0,6,1.0,0
2025-02-03 19:00,177.0,6,1.0,0
2025-02-03 20:00,177.0,6,1.0,0
2025-02-03 21:00,177.0,6,1.0,0
2025-02-03 22:00,177.0,6,1.0,0
2025-02-03 23:00,177.0,6,1.0,0
2025-02-04 00:00,177.0,6,1.0,0
2025-02-04 01:00,177.0,6,1.0,0
2025-02-04 02:00,177.0,6,1.0,0
2025-02-04 03:00,177.0,6,1.0,0
2025-02-04 04:00,177.0,6,1.0,0
2025-02-04 05:00,177.0,6,1.0,0
2025-02-04 06:00,177.0,6,1.0,0
2025-02-04 07:00,177.0,6,1.0,0
2025-02-04 08:00,177.0,6,1.0,0
2025-02-04 09:00,177.0,6,1.0,0
2025-02-04 10:00,177.0,6,1.0,0
2025-02-04 11:00,177.0,6,1.0,0
2025-02-04 12:00,177.0,6,1.0,0
2025-02-04 13:00,177.0,6,1.0,0
2025-02-04 14:00,177.0,6,1.0,0
2025-02-04 15:00,177.0,6,1.0,0
2025-02-04 16:00,177.0,6,1.0,0
2025-02-04 17:00,177.0,6,1.0,0
2025-02-04 18:00,177.0,6,1.0,0
2025-02-04 19:00,177.0,6,1.0,0
2025-02-04 20:00,177.0,6,1.0,0
2025-02-04 21:00,177.0,6,1.0,0
2025-02-04 22:00,177.0,6,1.0,0
2025-02-04 23:00,177.0,6,1.0,0
2025-02-05 00:00,177.0,6,1.0,0
2025-02-05 01:00,177.0,6,1.0,0
2025-02-05 02:00,177.0,6,1.0,0
2025-02-05 03:00,177.0,6,1.0,0
2025-02-05 04:00,177.0,6,1.0,0
2025-02-05 05:00,177.0,6,1.0,0
2025-02-05 06:00,177.0,6,1.0,0
2025-02-05 07:00,177.0,6,1.0,0
2025-02-05 08:00,177.0,6,1.0,0
2025-02-05 09:00,177.0,6,1.0,0
2025-02-05 10:00,177.0,6,1.0,0
2025-02-05 11:00,177.0,6,1.0,0
2025-02-05 12:00,177.0,6,1.0,0
2025-02-05 13:00,177.0,6,1.0,0
2025-02-05 14:00,177.0,6,1.0,0
2025-02-05 15:00,177.0,6,1.0,0
2025-02-05 16:00,177.0,6,1.0,0
2025-02-05 17:00,177.0,6,1.0,0
2025-02-05 18:00,177.0,6,1.0,0
2025-02-05 19:00,177.0,6,1.0,0
2025-02-05 20:00,177.0,6,1.0,0
2025-02-05 21:00,177.0,6,1.0,0
2025-02-05 22:00,177.0,6,1.0,0
2025-02-05 23:00,177.0,6,1.0,0
2025-02-06 00:00,177.0,6,1.0,0
2025-02-06 01:00,177.0,6,1.0,0
2025-02-06 02:00,177.0,6,1.0,0
2025-02-06 03:00,177.0,6,1.0,0
2025-02-06 04:00,177.0,6,1.0,0
2025-02-06 05:00,177.0,6,1.0,0
2025-02-06 06:00,177.0,6,1.0,0
2025-02-06 07:00,177.0,6,1.0,0
2025-02-06 08:00,177.0,6,1.0,0
2025-02-06 09:00,177.0,6,1.0,0
2025-02-06 10:00,177.0,6,1.0,0
2025-02-06 11:00,177.0,6,1.0,0
2025-02-06 12:00,177.0,6,1.0,0
2025-02-06 13:00,177.0,6,1.0,0
2025-02-06 14:00,177.0,6,1.0,0
2025-02-06 15:00,177.0,6,1.0,0
2025-02-06 16:00,177.0,6,1.0,0
2025-02-06 17:00,177.0,6,1.0,0
2025-02-06 18:00,177.0,6,1.0,0
2025-02-06 19:00,177.0,6,1.0,0
2025-02-06 20:00,177.0,6,1.0,0
2025-02-06 21:00,177.0,6,1.0,0
2025-02-06 22:00,177.0,6,1.0,0
2025-02-06 23:00,177.0,6,1.0,0
2025-02-07 00:00,177.0,6,1.0,0
2025-02-07 01:00,177.0,6,1.0,0
2025-02-07 02:00,177.0,6,1.0,0
2025-02-07 03:00,177.0,6,1.0,0
2025-02-07 04:00,177.0,6,1.0,0
2025-02-07 05:00,177.0,6,1.0,0
2025-02-07 06:00,177.0,6,1.0,0
2025-02-07 07:00,177.0,6,1.0,0
2025-02-07 08:00,177.0,6,1.0,0
2025-02-07 09:00,177.0,6,1.0,0
2025-02-07 10:00,177.0,6,1.0,0
2025-02-07 11:00,177.0,6,1.0,0
2025-02-07 12:00,177.0,6,1.0,0
2025-02-07 13:00,177.0,6,1.0,0
2025-02-07 14:00,177.0,6,1.0,0
2025-02-07 15:00,177.0,6,1.0,0
2025-02-07 16:00,177.0,6,1.0,0
2025-02-07 17:00,177.0,6,1.0,0
2025-02-07 18:00,177.0,6,1.0,0
2025-02-07 19:00,177.0,6,1.0,0
2025-02-07 20:00,177.0,6,1.0,0
2025-02-07 21:00,177.0,6,1.0,0
2025-02-07 22:00,177.0,6,1.0,0
2025-02-07 23:00,177.0,6,1.0,0
2025-02-08 00:00,177.0,6,1.0,0
2025-02-08 01:00,177.0,6,1.0,0
2025-02-08 02:00,177.0,6,1.0,0
2025-02-08 03:00,177.0,6,1.0,0
2025-02-08 04:00,177.0,6,1.0,0
2025-02-08 05:00,177.0,6,1.0,0
2025-02-08 06:00,177.0,6,1.0,0
2025-02-08 07:00,177.0,6,1.0,0
2025-02-08 08:00,177.0,6,1.0,0
2025-02-08 09:00,179.0,6,1.0,0
2025-02-08 10:00,181.8,6,1.0,0
2025-02-08 11:00,183.2,6,1.0,0
2025-02-08 12:00,184.4,6,1.0,0
2025-02-08 13:00,184.6,6,1.0,0
2025-02-08 14:00,184.6,6,1.0,0
2025-02-08 15:00,184.6,6,1.0,0
2025-02-08 16:00,184.6,6,1.0,0
2025-02-08 17:00,184.6,6,1.0,0
2025-02-08 18:00,184.6,6,1.0,0
2025-02-08 19:00,184.6,6,1.0,0
2025-02-08 20:00,184.6,6,1.0,0
2025-02-08 21:00,184.6,6,1.0,0
2025-02-08 22:00,184.6,6,1.0,0
2025-02-08 23:00,184.6,6,1.0,0
2025-02-09 00:00,184.6,6,1.0,0
2025-02-09 01:00,184.6,6,1.0,0
2025-02-09 02:00,184.6,6,1.0,0
2025-02-09 03:00,184.6,6,1.0,0
2025-02-09 04:00,184.6,6,1.0,0
2025-02-09 05:00,184.6,6,1.0,0
2025-02-09 06:00,184.6,6,1.0,0
2025-02-09 07:00,184.6,6,1.0,0
2025-02-09 08:00,184.6,6,1.0,0
2025-02-09 09:00,184.6,6,1.0,0
2025-02-09 10:00,184.6,6,1.0,0
2025-02-09 11:00,184.6,6,1.0,0
2025-02-09 12:00,184.6,6,1.0,0
2025-02-09 13:00,184.6,6,1.0,0
2025-02-09 14:00,184.6,6,1.0,0
2025-02-09 15:00,184.6,6,1.0,0
2025-02-09 16:00,184.6,6,1.0,0
2025-02-09 17:00,184.6,6,1.0,0
2025-02-09 18:00,184.6,6,1.0,0
2025-02-09 19:00,184.6,6,1.0,0
2025-02-09 20:00,184.6,6,1.0,0
2025-02-09 21:00,184.6,6,1.0,0
2025-02-09 22:00,184.6,6,1.0,0
2025-02-09 23:00,184.6,6,1.0,0
2025-02-10 00:00,184.6,6,1.0,0
2025-02-10 01:00,184.6,6,1.0,0
2025-02-10 02:00,184.6,6,1.0,0
2025-02-10 03:00,184.6,6,1.0,0
2025-02-10 04:00,184.6,6,1.0,0
2025-02-10 05:00,184.6,6,1.0,0
2025-02-10 06:00,184.6,6,1.0,0
2025-02-10 07:00,184.6,6,1.0,0
2025-02-10 08:00,184.6,6,1.0,0
2025-02-10 09:00,184.6,6,1.0,0
2025-02-10 10:00,184.6,6,1.0,0
2025-02-10 11:00,184.6,6,1.0,0
2025-02-10 12:00,184.6,6,1.0,0
2025-02-10 13:00,184.6,6,1.0,0
2025-02-10 14:00,184.6,6,1.0,0
2025-02-10 15:00,184.6,6,1.0,0
2025-02-10 16:00,184.6,6,1.0,0
2025-02-10 17:00,184.6,6,1.0,0
2025-02-10 18:00,184.6,6,1.0,0
2025-02-10 19:00,184.6,6,1.0,0
2025-02-10 20:00,184.6,6,1.0,0
2025-02-10 21:00,184.6,6,1.0,0
2025-02-10 22:00,184.6,6,1.0,0
2025-02-10 23:00,184.6,6,1.0,0
2025-02-11 00:00,184.6,6,1.0,0
2025-02-11 01:00,184.6,6,1.0,0
2025-02-11 02:00,184.6,6,1.0,0
2025-02-11 03:00,184.6,6,1.0,0
2025-02-11 04:00,184.6,6,1.0,0
2025-02-11 05:00,184.6,6,1.0,0
2025-02-11 06:00,184.6,6,1.0,0
2025-02-11 07:00,184.6,6,1.0,0
2025-02-11 08:00,184.6,6,1.0,0
2025-02-11 09:00,184.6,6,1.0,0
2025-02-11 10:00,184.6,6,1.0,0
2025-02-11 11:00,184.6,6,1.0,0
2025-02-11 12:00,184.6,6,1.0,0
2025-02-11 13:00,184.6,6,1.0,0
2025-02-11 14:00,184.6,6,1.0,0
2025-02-11 15:00,184.8,6,1.0,0
2025-02-11 16:00,184.8,6,1.0,0
2025-02-11 17:00,184.8,6,1.0,0
2025-02-11 18:00,184.8,6,1.0,0
2025-02-11 19:00,184.8,6,1.0,0
2025-02-11 20:00,184.8,6,1.0,0
2025-02-11 21:00,184.8,6,1.0,0
2025-02-11 22:00,184.8,6,1.0,0
2025-02-11 23:00,184.8,6,1.0,0
2025-02-12 00:00,184.8,6,1.0,0
2025-02-12 01:00,184.8,6,1.0,0
2025-02-12 02:00,184.8,6,1.0,0
2025-02-12 03:00,184.8,6,1.0,0
2025-02-12 04:00,184.8,6,1.0,0
2025-02-12 05:00,184.8,6,1.0,0
2025-02-12 06:00,184.8,6,1.0,0
2025-02-12 07:00,184.8,6,1.0,0
2025-02-12 08:00,184.8,6,1.0,0
2025-02-12 09:00,184.8,6,1.0,0
2025-02-12 10:00,184.8,6,1.0,0
2025-02-12 11:00,184.8,6,1.0,0
2025-02-12 12:00,184.8,6,1.0,0
2025-02-12 13:00,184.8,6,1.0,0
2025-02-12 14:00,184.8,6,1.0,0
2025-02-12 15:00,184.8,6,1.0,0
2025-02-12 16:00,184.8,6,1.0,0
2025-02-12 17:00,184.8,6,1.0,0
2025-02-12 18:00,184.8,6,1.0,0
2025-02-12 19:00,184.8,6,1.0,0
2025-02-12 20:00,184.8,6,1.0,0
2025-02-12 21:00,184.8,6,1.0,0
2025-02-12 22:00,184.8,6,1.0,0
2025-02-12 23:00,184.8,6,1.0,0
2025-02-13 00:00,184.8,6,1.0,0
2025-02-13 01:00,184.8,6,1.0,0
2025-02-13 02:00,184.8,6,1.0,0
2025-02-13 03:00,185.0,6,1.0,0
2025-02-13 04:00,185.0,6,1.0,0
2025-02-13 05:00,185.0,6,1.0,0
2025-02-13 06:00,185.0,6,1.0,0
2025-02-13 07:00,185.0,6,1.0,0
2025-02-13 08:00,185.0,6,1.0,0
2025-02-13 09:00,185.0,6,1.0,0
2025-02-13 10:00,185.0,6,1.0,0
2025-02-13 11:00,185.0,6,1.0,0
2025-02-13 12:00,185.0,6,1.0,0
2025-02-13 13:00,185.0,6,1.0,0
2025-02-13 14:00,185.0,6,1.0,0
2025-02-13 15:00,185.0,6,1.0,0
2025-02-13 16:00,185.0,6,1.0,0
2025-02-13 17:00,185.0,6,1.0,0
2025-02-13 18:00,185.0,6,1.0,0
2025-02-13 19:00,185.0,6,1.0,0
2025-02-13 20:00,185.0,6,1.0,0
2025-02-13 21:00,185.0,6,1.0,0
2025-02-13 22:00,185.0,6,1.0,0
2025-02-13 23:00,185.0,6,1.0,0
2025-02-14 00:00,185.0,6,1.0,0
2025-02-14 01:00,185.0,6,1.0,0
2025-02-14 02:00,185.0,6,1.0,0
2025-02-14 03:00,185.0,6,1.0,0
2025-02-14 04:00,185.0,6,1.0,0
2025-02-14 05:00,185.0,6,1.0,0
2025-02-14 06:00,185.0,6,1.0,0
2025-02-14 07:00,185.0,6,1.0,0
2025-02-14 08:00,185.0,6,1.0,0
2025-02-14 09:00,185.0,6,1.0,0
2025-02-14 10:00,185.0,6,1.0,0
2025-02-14 11:00,185.0,6,1.0,0
2025-02-14 12:00,185.0,6,1.0,0
2025-02-14 13:00,185.0,6,1.0,0
2025-02-14 14:00,185.0,6,1.0,0
2025-02-14 15:00,185.2,6,1.0,0
2025-02-14 16:00,185.4,6,1.0,0
2025-02-14 17:00,185.4,6,1.0,0
2025-02-14 18:00,185.4,6,1.0,0
2025-02-14 19:00,185.4,6,1.0,0
2025-02-14 20:00,186.0,6,1.0,0
2025-02-14 21:00,188.2,6,1.0,0
2025-02-14 22:00,188.4,6,1.0,0
2025-02-14 23:00,188.4,6,1.0,0
2025-02-15 00:00,188.6,6,1.0,0
2025-02-15 01:00,188.8,6,1.0,0
2025-02-15 02:00,189.0,6,1.0,0
2025-02-15 03:00,189.2,6,1.0,0
2025-02-15 04:00,189.4,6,1.0,0
2025-02-15 05:00,193.1,6,1.0,0
2025-02-15 06:00,193.5,6,1.0,0
2025-02-15 07:00,193.7,6,1.0,0
2025-02-15 08:00,194.7,6,1.0,0
2025-02-15 09:00,194.9,6,1.0,0
2025-02-15 10:00,195.1,6,1.0,0
2025-02-15 11:00,195.3,6,1.0,0
2025-02-15 12:00,195.5,6,1.0,0
2025-02-15 13:00,195.5,6,1.0,0
2025-02-15 14:00,195.5,6,1.0,0
2025-02-15 15:00,195.9,6,1.0,0
2025-02-15 16:00,196.1,6,1.0,0
2025-02-15 17:00,196.3,6,1.0,0
2025-02-15 18:00,196.3,6,1.0,0
2025-02-15 19:00,196.5,6,1.0,0
2025-02-15 20:00,196.7,6,1.0,0
2025-02-15 21:00,196.7,6,1.0,0
2025-02-15 22:00,196.9,6,1.0,0
2025-02-15 23:00,197.1,6,1.0,0
2025-02-16 00:00,197.3,6,1.0,0
2025-02-16 01:00,197.5,6,1.0,0
2025-02-16 02:00,197.5,6,1.0,0
2025-02-16 03:00,197.7,6,1.0,0
2025-02-16 04:00,197.7,6,1.0,0
2025-02-16 05:00,197.7,6,1.0,0
2025-02-16 06:00,197.7,6,1.0,0
2025-02-16 07:00,197.9,6,1.0,0
2025-02-16 08:00,197.9,6,1.0,0
2025-02-16 09:00,197.9,6,1.0,0
2025-02-16 10:00,198.1,6,1.0,0
2025-02-16 11:00,198.1,6,1.0,0
2025-02-16 12:00,198.1,6,1.0,0
2025-02-16 13:00,198.1,6,1.0,0
2025-02-16 14:00,198.1,6,1.0,0
2025-02-16 15:00,198.1,6,1.0,0
2025-02-16 16:00,198.1,6,1.0,0
2025-02-16 17:00,198.1,6,1.0,0
2025-02-16 18:00,198.1,6,1.0,0
2025-02-16 19:00,198.1,6,1.0,0
2025-02-16 20:00,198.1,6,1.0,0
2025-02-16 21:00,198.1,6,1.0,0
2025-02-16 22:00,198.1,6,1.0,0
2025-02-16 23:00,198.1,6,1.0,0
2025-02-17 00:00,198.1,6,1.0,0
2025-02-17 01:00,198.1,6,1.0,0
2025-02-17 02:00,198.1,6,1.0,0
2025-02-17 03:00,198.1,6,1.0,0
2025-02-17 04:00,198.1,6,1.0,0
2025-02-17 05:00,198.1,6,1.0,0
2025-02-17 06:00,198.1,6,1.0,0
2025-02-17 07:00,198.1,6,1.0,0
2025-02-17 08:00,198.1,6,1.0,0
2025-02-17 09:00,198.1,6,1.0,0
2025-02-17 10:00,198.1,6,1.0,0
2025-02-17 11:00,198.1,6,1.0,0
2025-02-17 12:00,198.1,6,1.0,0
2025-02-17 13:00,198.1,6,1.0,0
2025-02-17 14:00,198.1,6,1.0,0
2025-02-17 15:00,198.1,6,1.0,0
2025-02-17 16:00,198.1,6,1.0,0
2025-02-17 17:00,198.1,6,1.0,0
2025-02-17 18:00,198.1,6,1.0,0
2025-02-17 19:00,198.1,6,1.0,0
2025-02-17 20:00,198.1,6,1.0,0
2025-02-17 21:00,198.1,6,1.0,0
2025-02-17 22:00,198.1,6,1.0,0
2025-02-17 23:00,198.1,6,1.0,0
2025-02-18 00:00,198.1,6,1.0,0
2025-02-18 01:00,198.1,6,1.0,0
2025-02-18 02:00,198.1,6,1.0,0
2025-02-18 03:00,198.1,6,1.0,0
2025-02-18 04:00,198.1,6,1.0,0
2025-02-18 05:00,198.1,6,1.0,0
2025-02-18 06:00,198.1,6,1.0,0
2025-02-18 07:00,198.1,6,1.0,0
2025-02-18 08:00,198.1,6,1.0,0
2025-02-18 09:00,198.1,6,1.0,0
2025-02-18 10:00,198.1,6,1.0,0
2025-02-18 11:00,198.1,6,1.0,0
2025-02-18 12:00,198.1,6,1.0,0
2025-02-18 13:00,198.1,6,1.0,0
2025-02-18 14:00,198.1,6,1.0,0
2025-02-18 15:00,198.1,6,1.0,0
2025-02-18 16:00,198.1,6,1.0,0
2025-02-18 17:00,198.1,6,1.0,0
2025-02-18 18:00,198.1,6,1.0,0
2025-02-18 19:00,198.1,6,1.0,0
2025-02-18 20:00,198.1,6,1.0,0
2025-02-18 21:00,198.1,6,1.0,0
2025-02-18 22:00,198.1,6,1.0,0
2025-02-18 23:00,198.1,6,1.0,0
2025-02-19 00:00,198.1,6,1.0,0
2025-02-19 01:00,198.1,6,1.0,0
2025-02-19 02:00,198.1,6,1.0,0
2025-02-19 03:00,198.1,6,1.0,0
2025-02-19 04:00,198.1,6,1.0,0
2025-02-19 05:00,198.1,6,1.0,0
2025-02-19 06:00,198.1,6,1.0,0
2025-02-19 07:00,198.1,6,1.0,0
2025-02-19 08:00,198.1,6,1.0,0
2025-02-19 09:00,198.1,6,1.0,0
2025-02-19 10:00,198.3,6,1.0,0
2025-02-19 11:00,198.3,6,1.0,0
2025-02-19 12:00,198.5,6,1.0,0
2025-02-19 13:00,198.5,6,1.0,0
2025-02-19 14:00,198.5,6,1.0,0
2025-02-19 15:00,198.5,6,1.0,0
2025-02-19 16:00,198.5,6,1.0,0
2025-02-19 17:00,198.5,6,1.0,0
2025-02-19 18:00,198.5,6,1.0,0
2025-02-19 19:00,198.5,6,1.0,0
2025-02-19 20:00,198.5,6,1.0,0
2025-02-19 21:00,198.5,6,1.0,0
2025-02-19 22:00,198.5,6,1.0,0
2025-02-19 23:00,198.5,6,1.0,0
2025-02-20 00:00,198.5,6,1.0,0
2025-02-20 01:00,198.5,6,1.0,0
2025-02-20 02:00,198.5,6,1.0,0
2025-02-20 03:00,198.5,6,1.0,0
2025-02-20 04:00,198.5,6,1.0,0
2025-02-20 05:00,198.5,6,1.0,0
2025-02-20 06:00,198.5,6,1.0,0
2025-02-20 07:00,198.5,6,1.0,0
2025-02-20 08:00,198.5,6,1.0,0
2025-02-20 09:00,198.5,6,1.0,0
2025-02-20 10:00,198.5,6,1.0,0
2025-02-20 11:00,198.5,6,1.0,0
2025-02-20 12:00,198.5,6,1.0,0
2025-02-20 13:00,198.5,6,1.0,0
2025-02-20 14:00,198.5,6,1.0,0
2025-02-20 15:00,198.5,6,1.0,0
2025-02-20 16:00,198.5,6,1.0,0
2025-02-20 17:00,198.5,6,1.0,0
2025-02-20 18:00,198.5,6,1.0,0
2025-02-20 19:00,198.5,6,1.0,0
2025-02-20 20:00,198.5,6,1.0,0
2025-02-20 21:00,198.5,6,1.0,0
2025-02-20 22:00,198.5,6,1.0,0
2025-02-20 23:00,198.5,6,1.0,0
2025-02-21 00:00,198.7,6,1.0,0
2025-02-21 01:00,198.7,6,1.0,0
2025-02-21 02:00,198.7,6,1.0,0
2025-02-21 03:00,198.7,6,1.0,0
2025-02-21 04:00,198.7,6,1.0,0
2025-02-21 05:00,198.7,6,1.0,0
2025-02-21 06:00,198.7,6,1.0,0
2025-02-21 07:00,198.7,6,1.0,0
2025-02-21 08:00,198.7,6,1.0,0
2025-02-21 09:00,198.7,6,1.0,0
2025-02-21 10:00,198.7,6,1.0,0
2025-02-21 11:00,198.7,6,1.0,0
2025-02-21 12:00,198.7,6,1.0,0
2025-02-21 13:00,198.7,6,1.0,0
2025-02-21 14:00,198.7,6,1.0,0
2025-02-21 15:00,198.7,6,1.0,0
2025-02-21 16:00,198.7,6,1.0,0
2025-02-21 17:00,198.7,6,1.0,0
2025-02-21 18:00,198.7,6,1.0,0
2025-02-21 19:00,198.7,6,1.0,0
2025-02-21 20:00,198.7,6,1.0,0
2025-02-21 21:00,198.7,6,1.0,0
2025-02-21 22:00,198.7,6,1.0,0
2025-02-21 23:00,198.7,6,1.0,0
2025-02-22 00:00,198.7,6,1.0,0
2025-02-22 01:00,198.7,6,1.0,0
2025-02-22 02:00,198.7,6,1.0,0
2025-02-22 03:00,198.7,6,1.0,0
2025-02-22 04:00,198.7,6,1.0,0
2025-02-22 05:00,198.7,6,1.0,0
2025-02-22 06:00,198.7,6,1.0,0
2025-02-22 07:00,198.7,6,1.0,0
2025-02-22 08:00,198.7,6,1.0,0
2025-02-22 09:00,198.7,6,1.0,0
2025-02-22 10:00,198.7,6,1.0,0
2025-02-22 11:00,198.7,6,1.0,0
2025-02-22 12:00,198.7,6,1.0,0
2025-02-22 13:00,198.7,6,1.0,0
2025-02-22 14:00,198.7,6,1.0,0
2025-02-22 15:00,198.7,6,1.0,0
2025-02-22 16:00,198.7,6,1.0,0
2025-02-22 17:00,198.7,6,1.0,0
2025-02-22 18:00,198.7,6,1.0,0
2025-02-22 19:00,198.7,6,1.0,0
2025-02-22 20:00,198.7,6,1.0,0
2025-02-22 21:00,198.7,6,1.0,0
2025-02-22 22:00,198.7,6,1.0,0
2025-02-22 23:00,198.7,6,1.0,0
2025-02-23 00:00,198.7,6,1.0,0
2025-02-23 01:00,198.7,6,1.0,0
2025-02-23 02:00,198.7,6,1.0,0
2025-02-23 03:00,198.7,6,1.0,0
2025-02-23 04:00,198.7,6,1.0,0
2025-02-23 05:00,198.7,6,1.0,0
2025-02-23 06:00,198.7,6,1.0,0
2025-02-23 07:00,198.7,6,1.0,0
2025-02-23 08:00,198.7,6,1.0,0
2025-02-23 09:00,198.7,6,1.0,0
2025-02-23 10:00,198.7,6,1.0,0
2025-02-23 11:00,198.7,6,1.0,0
2025-02-23 12:00,198.7,6,1.0,0
2025-02-23 13:00,198.7,6,1.0,0
2025-02-23 14:00,198.7,6,1.0,0
2025-02-23 15:00,198.7,6,1.0,0
2025-02-23 16:00,198.7,6,1.0,0
2025-02-23 17:00,198.7,6,1.0,0
2025-02-23 18:00,198.7,6,1.0,0
2025-02-23 19:00,198.7,6,1.0,0
2025-02-23 20:00,198.7,6,1.0,0
2025-02-23 21:00,198.7,6,1.0,0
2025-02-23 22:00,198.7,6,1.0,0
2025-02-23 23:00,198.7,6,1.0,0
2025-02-24 00:00,198.7,6,1.0,0
2025-02-24 01:00,198.7,6,1.0,0
2025-02-24 02:00,198.7,6,1.0,0
2025-02-24 03:00,198.7,6,1.0,0
2025-02-24 04:00,198.7,6,1.0,0
2025-02-24 05:00,198.7,6,1.0,0
2025-02-24 06:00,198.7,6,1.0,0
2025-02-24 07:00,198.7,6,1.0,0
2025-02-24 08:00,198.7,6,1.0,0
2025-02-24 09:00,198.7,6,1.0,0
2025-02-24 10:00,198.7,6,1.0,0
2025-02-24 11:00,198.7,6,1.0,0
2025-02-24 12:00,198.7,6,1.0,0
2025-02-24 13:00,198.7,6,1.0,0
2025-02-24 14:00,198.7,6,1.0,0
2025-02-24 15:00,198.7,6,1.0,0
2025-02-24 16:00,198.7,6,1.0,0
2025-02-24 17:00,198.7,6,1.0,0
2025-02-24 18:00,198.7,6,1.0,0
2025-02-24 19:00,198.7,6,1.0,0
2025-02-24 20:00,198.7,6,1.0,0
2025-02-24 21:00,198.7,6,1.0,0
2025-02-24 22:00,198.9,6,1.0,0
2025-02-24 23:00,199.1,6,1.0,0
2025-02-25 00:00,199.1,6,1.0,0
2025-02-25 01:00,199.7,6,1.0,0
2025-02-25 02:00,200.3,6,1.0,0
2025-02-25 03:00,200.5,6,1.0,0
2025-02-25 04:00,201.1,6,1.0,0
2025-02-25 05:00,201.3,6,1.0,0
2025-02-25 06:00,202.5,6,1.0,0
2025-02-25 07:00,203.3,6,1.0,0
2025-02-25 08:00,206.3,6,1.0,0
2025-02-25 09:00,206.7,6,1.0,0
2025-02-25 10:00,206.7,6,1.0,0
2025-02-25 11:00,206.7,6,1.0,0
2025-02-25 12:00,206.7,6,1.0,0
2025-02-25 13:00,206.7,6,1.0,0
2025-02-25 14:00,206.7,6,1.0,0
2025-02-25 15:00,206.7,6,1.0,0
2025-02-25 16:00,206.7,6,1.0,0
2025-02-25 17:00,206.7,6,1.0,0
2025-02-25 18:00,206.7,6,1.0,0
2025-02-25 19:00,206.7,6,1.0,0
2025-02-25 20:00,209.1,6,1.0,0
2025-02-25 21:00,215.1,6,1.0,0
2025-02-25 22:00,230.1,6,1.0,0
2025-02-25 23:00,240.8,6,1.0,0
2025-02-26 00:00,249.0,6,1.0,0
2025-02-26 01:00,253.2,6,1.0,0
2025-02-26 02:00,255.2,6,1.0,0
2025-02-26 03:00,256.0,6,1.0,0
2025-02-26 04:00,258.8,6,1.0,0
2025-02-26 05:00,271.2,6,1.0,0
2025-02-26 06:00,273.4,6,1.0,0
2025-02-26 07:00,274.0,6,1.0,0
2025-02-26 08:00,274.0,6,1.0,0
2025-02-26 09:00,277.6,6,1.0,0
2025-02-26 10:00,277.6,6,1.0,0
2025-02-26 11:00,277.6,6,1.0,0
2025-02-26 12:00,278.0,6,1.0,0
2025-02-26 13:00,278.0,6,1.0,0
2025-02-26 14:00,278.0,6,1.0,0
2025-02-26 15:00,281.2,6,1.0,0
2025-02-26 16:00,283.8,6,1.0,0
2025-02-26 17:00,285.0,6,1.0,0
2025-02-26 18:00,289.3,6,1.0,0
2025-02-26 19:00,299.7,6,1.0,0
2025-02-26 20:00,310.4,6,1.0,0
2025-02-26 21:00,319.4,6,1.0,0
2025-02-26 22:00,337.0,6,1.0,0
2025-02-26 23:00,337.6,6,1.0,0
2025-02-27 00:00,337.8,6,1.0,0
2025-02-27 01:00,338.2,6,1.0,0
2025-02-27 02:00,338.6,6,1.0,0
2025-02-27 03:00,338.6,6,1.0,0
2025-02-27 04:00,338.6,6,1.0,0
2025-02-27 05:00,338.6,6,1.0,0
2025-02-27 06:00,338.6,6,1.0,0
2025-02-27 07:00,338.6,6,1.0,0
2025-02-27 08:00,338.6,6,1.0,0
2025-02-27 09:00,338.8,6,1.0,0
2025-02-27 10:00,338.8,6,1.0,0
2025-02-27 11:00,338.8,6,1.0,0
2025-02-27 12:00,338.8,6,1.0,0
2025-02-27 13:00,338.8,6,1.0,0
2025-02-27 14:00,338.8,6,1.0,0
2025-02-27 15:00,338.8,6,1.0,0
2025-02-27 16:00,338.8,6,1.0,0
2025-02-27 17:00,338.8,6,1.0,0
2025-02-27 18:00,338.8,6,1.0,0
2025-02-27 19:00,338.8,6,1.0,0
2025-02-27 20:00,338.8,6,1.0,0
2025-02-27 21:00,338.8,6,1.0,0
2025-02-27 22:00,338.8,6,1.0,0
2025-02-27 23:00,338.8,6,1.0,0
2025-02-28 00:00,338.8,6,1.0,0
2025-02-28 01:00,338.8,6,1.0,0
2025-02-28 02:00,338.8,6,1.0,0
2025-02-28 03:00,338.8,6,1.0,0
2025-02-28 04:00,338.8,6,1.0,0
2025-02-28 05:00,338.8,6,1.0,0
2025-02-28 06:00,338.8,6,1.0,0
2025-02-28 07:00,338.8,6,1.0,0
2025-02-28 08:00,338.8,6,1.0,0
2025-02-28 09:00,338.8,6,1.0,0
2025-02-28 10:00,338.8,6,1.0,0
2025-02-28 11:00,338.8,6,1.0,0
2025-02-28 12:00,338.8,6,1.0,0
2025-02-28 13:00,338.8,6,1.0,0
2025-02-28 14:00,338.8,6,1.0,0
2025-02-28 15:00,338.8,6,1.0,0
2025-02-28 16:00,338.8,6,1.0,0
2025-02-28 17:00,338.8,6,1.0,0
2025-02-28 18:00,338.8,6,1.0,0
2025-02-28 19:00,338.8,6,1.0,0
2025-02-28 20:00,338.8,6,1.0,0
2025-02-28 21:00,338.8,6,1.0,0
2025-02-28 22:00,338.8,6,1.0,0
2025-02-28 23:00,338.8,6,1.0,0
2025-03-01 00:00,338.8,6,1.0,0
2025-03-01 01:00,338.8,6,1.0,0
2025-03-01 02:00,338.8,6,1.0,0
2025-03-01 03:00,338.8,6,1.0,0
2025-03-01 04:00,338.8,6,1.0,0
2025-03-01 05:00,338.8,6,1.0,0
2025-03-01 06:00,338.8,6,1.0,0
2025-03-01 07:00,338.8,6,1.0,0
2025-03-01 08:00,338.8,6,1.0,0
2025-03-01 09:00,338.8,6,1.0,0
2025-03-01 10:00,338.8,6,1.0,0
2025-03-01 11:00,338.8,6,1.0,0
2025-03-01 12:00,338.8,6,1.0,0
2025-03-01 13:00,338.8,6,1.0,0
2025-03-01 14:00,338.8,6,1.0,0
2025-03-01 15:00,338.8,6,1.0,0
2025-03-01 16:00,338.8,6,1.0,0
2025-03-01 17:00,339.6,6,1.0,0
2025-03-01 18:00,339.6,6,1.0,0
2025-03-01 19:00,339.6,6,1.0,0
2025-03-01 20:00,339.6,6,1.0,0
2025-03-01 21:00,339.6,6,1.0,0
2025-03-01 22:00,339.6,6,1.0,0
2025-03-01 23:00,339.8,6,1.0,0
2025-03-02 00:00,339.8,6,1.0,0
2025-03-02 01:00,339.8,6,1.0,0
2025-03-02 02:00,339.8,6,1.0,0
2025-03-02 03:00,339.8,6,1.0,0
2025-03-02 04:00,339.8,6,1.0,0
2025-03-02 05:00,339.8,6,1.0,0
2025-03-02 06:00,339.8,6,1.0,0
2025-03-02 07:00,339.8,6,1.0,0
2025-03-02 08:00,339.8,6,1.0,0
2025-03-02 09:00,339.8,6,1.0,0
2025-03-02 10:00,339.8,6,1.0,0
2025-03-02 11:00,339.8,6,1.0,0
2025-03-02 12:00,339.8,6,1.0,0
2025-03-02 13:00,339.8,6,1.0,0
2025-03-02 14:00,339.8,6,1.0,0
2025-03-02 15:00,339.8,6,1.0,0
2025-03-02 16:00,339.8,6,1.0,0
2025-03-02 17:00,339.8,6,1.0,0
2025-03-02 18:00,339.8,6,1.0,0
2025-03-02 19:00,339.8,6,1.0,0
2025-03-02 20:00,339.8,6,1.0,0
2025-03-02 21:00,339.8,6,1.0,0
2025-03-02 22:00,339.8,6,1.0,0
2025-03-02 23:00,339.8,6,1.0,0
2025-03-03 00:00,339.8,6,1.0,0
2025-03-03 01:00,339.8,6,1.0,0
2025-03-03 02:00,339.8,6,1.0,0
2025-03-03 03:00,339.8,6,1.0,0
2025-03-03 04:00,339.8,6,1.0,0
2025-03-03 05:00,339.8,6,1.0,0
2025-03-03 06:00,339.8,6,1.0,0
2025-03-03 07:00,339.8,6,1.0,0
2025-03-03 08:00,339.8,6,1.0,0
2025-03-03 09:00,339.8,6,1.0,0
2025-03-03 10:00,339.8,6,1.0,0
2025-03-03 11:00,339.8,6,1.0,0
2025-03-03 12:00,339.8,6,1.0,0
2025-03-03 13:00,339.8,6,1.0,0
2025-03-03 14:00,339.8,6,1.0,0
2025-03-03 15:00,339.8,6,1.0,0
2025-03-03 16:00,339.8,6,1.0,0
2025-03-03 17:00,339.8,6,1.0,0
2025-03-03 18:00,339.8,6,1.0,0
2025-03-03 19:00,339.8,6,1.0,0
2025-03-03 20:00,339.8,6,1.0,0
2025-03-03 21:00,339.8,6,1.0,0
2025-03-03 22:00,339.8,6,1.0,0
2025-03-03 23:00,339.8,6,1.0,0
2025-03-04 00:00,339.8,6,1.0,0
2025-03-04 01:00,339.8,6,1.0,0
2025-03-04 02:00,339.8,6,1.0,0
2025-03-04 03:00,339.8,6,1.0,0
2025-03-04 04:00,339.8,6,1.0,0
2025-03-04 05:00,339.8,6,1.0,0
2025-03-04 06:00,339.8,6,1.0,0
2025-03-04 07:00,339.8,6,1.0,0
2025-03-04 08:00,339.8,6,1.0,0
2025-03-04 09:00,339.8,6,1.0,0
2025-03-04 10:00,339.8,6,1.0,0
2025-03-04 11:00,339.8,6,1.0,0
2025-03-04 12:00,339.8,6,1.0,0
2025-03-04 13:00,339.8,6,1.0,0
2025-03-04 14:00,339.8,6,1.0,0
2025-03-04 15:00,339.8,6,1.0,0
2025-03-04 16:00,339.8,6,1.0,0
2025-03-04 17:00,339.8,6,1.0,0
2025-03-04 18:00,339.8,6,1.0,0
2025-03-04 19:00,339.8,6,1.0,0
2025-03-04 20:00,339.8,6,1.0,0
2025-03-04 21:00,339.8,6,1.0,0
2025-03-04 22:00,339.8,6,1.0,0
2025-03-04 23:00,339.8,6,1.0,0
2025-03-05 00:00,339.8,6,1.0,0
2025-03-05 01:00,339.8,6,1.0,0
2025-03-05 02:00,339.8,6,1.0,0
2025-03-05 03:00,339.8,6,1.0,0
2025-03-05 04:00,339.8,6,1.0,0
2025-03-05 05:00,339.8,6,1.0,0
2025-03-05 06:00,339.8,6,1.0,0
2025-03-05 07:00,339.8,6,1.0,0
2025-03-05 08:00,339.8,6,1.0,0
2025-03-05 09:00,339.8,6,1.0,0
2025-03-05 10:00,339.8,6,1.0,0
2025-03-05 11:00,339.8,6,1.0,0
2025-03-05 12:00,339.8,6,1.0,0
2025-03-05 13:00,339.8,6,1.0,0
2025-03-05 14:00,339.8,6,1.0,0
2025-03-05 15:00,339.8,6,1.0,0
2025-03-05 16:00,339.8,6,1.0,0
2025-03-05 17:00,339.8,6,1.0,0
2025-03-05 18:00,339.8,6,1.0,0
2025-03-05 19:00,339.8,6,1.0,0
2025-03-05 20:00,339.8,6,1.0,0
2025-03-05 21:00,339.8,6,1.0,0
2025-03-05 22:00,339.8,6,1.0,0
2025-03-05 23:00,339.8,6,1.0,0
2025-03-06 00:00,339.8,6,1.0,0
2025-03-06 01:00,339.8,6,1.0,0
2025-03-06 02:00,339.8,6,1.0,0
2025-03-06 03:00,339.8,6,1.0,0
2025-03-06 04:00,339.8,6,1.0,0
2025-03-06 05:00,339.8,6,1.0,0
2025-03-06 06:00,339.8,6,1.0,0
2025-03-06 07:00,339.8,6,1.0,0
2025-03-06 08:00,339.8,6,1.0,0
2025-03-06 09:00,339.8,6,1.0,0
2025-03-06 10:00,339.8,6,1.0,0
2025-03-06 11:00,339.8,6,1.0,0
2025-03-06 12:00,339.8,6,1.0,0
2025-03-06 13:00,340.0,6,1.0,0
2025-03-06 14:00,340.0,6,1.0,0
2025-03-06 15:00,340.0,6,1.0,0
2025-03-06 16:00,340.0,6,1.0,0
2025-03-06 17:00,340.0,6,1.0,0
2025-03-06 18:00,340.0,6,1.0,0
2025-03-06 19:00,340.0,6,1.0,0
2025-03-06 20:00,340.0,6,1.0,0
2025-03-06 21:00,340.0,6,1.0,0
2025-03-06 22:00,340.0,6,1.0,0
2025-03-06 23:00,340.0,6,1.0,0
2025-03-07 00:00,340.0,6,1.0,0
2025-03-07 01:00,340.0,6,1.0,0
2025-03-07 02:00,340.0,6,1.0,0
2025-03-07 03:00,340.0,6,1.0,0
2025-03-07 04:00,340.0,6,1.0,0
2025-03-07 05:00,340.0,6,1.0,0
2025-03-07 06:00,340.0,6,1.0,0
2025-03-07 07:00,340.0,6,1.0,0
2025-03-07 08:00,340.0,6,1.0,0
2025-03-07 09:00,340.0,6,1.0,0
2025-03-07 10:00,340.0,6,1.0,0
2025-03-07 11:00,340.0,6,1.0,0
2025-03-07 12:00,340.0,6,1.0,0
2025-03-07 13:00,340.0,6,1.0,0
2025-03-07 14:00,340.0,6,1.0,0
2025-03-07 15:00,340.2,6,1.0,0
2025-03-07 16:00,340.2,6,1.0,0
2025-03-07 17:00,340.2,6,1.0,0
2025-03-07 18:00,340.2,6,1.0,0
2025-03-07 19:00,340.2,6,1.0,0
2025-03-07 20:00,340.2,6,1.0,0
2025-03-07 21:00,340.2,6,1.0,0
2025-03-07 22:00,340.2,6,1.0,0
2025-03-07 23:00,340.2,6,1.0,0
2025-03-08 00:00,340.2,6,1.0,0
2025-03-08 01:00,340.2,6,1.0,0
2025-03-08 02:00,340.2,6,1.0,0
2025-03-08 03:00,340.2,6,1.0,0
2025-03-08 04:00,340.2,6,1.0,0
2025-03-08 05:00,340.2,6,1.0,0
2025-03-08 06:00,340.2,6,1.0,0
2025-03-08 07:00,340.2,6,1.0,0
2025-03-08 08:00,340.2,6,1.0,0
2025-03-08 09:00,340.2,6,1.0,0
2025-03-08 10:00,340.2,6,1.0,0
2025-03-08 11:00,340.2,6,1.0,0
2025-03-08 12:00,340.2,6,1.0,0
2025-03-08 13:00,340.2,6,1.0,0
2025-03-08 14:00,340.2,6,1.0,0
2025-03-08 15:00,340.2,6,1.0,0
2025-03-08 16:00,340.2,6,1.0,0
2025-03-08 17:00,340.2,6,1.0,0
2025-03-08 18:00,340.2,6,1.0,0
2025-03-08 19:00,340.2,6,1.0,0
2025-03-08 20:00,340.2,6,1.0,0
2025-03-08 21:00,340.2,6,1.0,0
2025-03-08 22:00,340.2,6,1.0,0
2025-03-08 23:00,340.2,6,1.0,0
2025-03-09 00:00,340.2,6,1.0,0
2025-03-09 01:00,340.2,6,1.0,0
2025-03-09 02:00,340.2,6,1.0,0
2025-03-09 03:00,340.2,6,1.0,0
2025-03-09 04:00,340.2,6,1.0,0
2025-03-09 05:00,340.2,6,1.0,0
2025-03-09 06:00,340.2,6,1.0,0
2025-03-09 07:00,340.2,6,1.0,0
2025-03-09 08:00,340.2,6,1.0,0
2025-03-09 09:00,340.2,6,1.0,0
2025-03-09 10:00,340.2,6,1.0,0
2025-03-09 11:00,340.2,6,1.0,0
2025-03-09 12:00,340.2,6,1.0,0
2025-03-09 13:00,340.2,6,1.0,0
2025-03-09 14:00,340.2,6,1.0,0
2025-03-09 15:00,340.2,6,1.0,0
2025-03-09 16:00,340.2,6,1.0,0
2025-03-09 17:00,340.2,6,1.0,0
2025-03-09 18:00,340.2,6,1.0,0
2025-03-09 19:00,340.2,6,1.0,0
2025-03-09 20:00,340.2,6,1.0,0
2025-03-09 21:00,340.2,6,1.0,0
2025-03-09 22:00,340.2,6,1.0,0
2025-03-09 23:00,340.2,6,1.0,0
2025-03-10 00:00,340.2,6,1.0,0
2025-03-10 01:00,340.2,6,1.0,0
2025-03-10 02:00,340.2,6,1.0,0
2025-03-10 03:00,340.2,6,1.0,0
2025-03-10 04:00,340.2,6,1.0,0
2025-03-10 05:00,340.2,6,1.0,0
2025-03-10 06:00,340.2,6,1.0,0
2025-03-10 07:00,340.2,6,1.0,0
2025-03-10 08:00,340.2,6,1.0,0
2025-03-10 09:00,340.2,6,1.0,0
2025-03-10 10:00,340.2,6,1.0,0
2025-03-10 11:00,340.2,6,1.0,0
2025-03-10 12:00,340.2,6,1.0,0
2025-03-10 13:00,340.2,6,1.0,0
2025-03-10 14:00,340.2,6,1.0,0
2025-03-10 15:00,340.2,6,1.0,0
2025-03-10 16:00,340.2,6,1.0,0
2025-03-10 17:00,340.2,6,1.0,0
2025-03-10 18:00,340.2,6,1.0,0
2025-03-10 19:00,340.4,6,1.0,0
2025-03-10 20:00,341.0,6,1.0,0
2025-03-10 21:00,341.0,6,1.0,0
2025-03-10 22:00,341.4,6,1.0,0
2025-03-10 23:00,342.2,6,1.0,0
2025-03-11 00:00,342.6,6,1.0,0
2025-03-11 01:00,342.6,6,1.0,0
2025-03-11 02:00,342.6,6,1.0,0
2025-03-11 03:00,343.8,6,1.0,0
2025-03-11 04:00,347.9,6,1.0,0
2025-03-11 05:00,348.5,6,1.0,0
2025-03-11 06:00,349.3,6,1.0,0
2025-03-11 07:00,349.3,6,1.0,0
2025-03-11 08:00,349.3,6,1.0,0
2025-03-11 09:00,349.3,6,1.0,0
2025-03-11 10:00,349.3,6,1.0,0
2025-03-11 11:00,349.3,6,1.0,0
2025-03-11 12:00,349.3,6,1.0,0
2025-03-11 13:00,349.3,6,1.0,0
2025-03-11 14:00,349.3,6,1.0,0
2025-03-11 15:00,349.3,6,1.0,0
2025-03-11 16:00,349.3,6,1.0,0
2025-03-11 17:00,349.3,6,1.0,0
2025-03-11 18:00,349.3,6,1.0,0
2025-03-11 19:00,349.3,6,1.0,0
2025-03-11 20:00,349.3,6,1.0,0
2025-03-11 21:00,349.3,6,1.0,0
2025-03-11 22:00,349.3,6,1.0,0
2025-03-11 23:00,349.3,6,1.0,0
2025-03-12 00:00,349.3,6,1.0,0
2025-03-12 01:00,349.3,6,1.0,0
2025-03-12 02:00,349.3,6,1.0,0
2025-03-12 03:00,349.3,6,1.0,0
2025-03-12 04:00,349.3,6,1.0,0
2025-03-12 05:00,349.3,6,1.0,0
2025-03-12 06:00,349.3,6,1.0,0
2025-03-12 07:00,349.3,6,1.0,0
2025-03-12 08:00,349.3,6,1.0,0
2025-03-12 09:00,349.3,6,1.0,0
2025-03-12 10:00,349.3,6,1.0,0
2025-03-12 11:00,349.3,6,1.0,0
2025-03-12 12:00,349.3,6,1.0,0
2025-03-12 13:00,349.3,6,1.0,0
2025-03-12 14:00,349.3,6,1.0,0
2025-03-12 15:00,349.3,6,1.0,0
2025-03-12 16:00,349.3,6,1.0,0
2025-03-12 17:00,349.3,6,1.0,0
2025-03-12 18:00,350.1,6,1.0,0
2025-03-12 19:00,351.9,6,1.0,0
2025-03-12 20:00,351.9,6,1.0,0
2025-03-12 21:00,351.9,6,1.0,0
2025-03-12 22:00,351.9,6,1.0,0
2025-03-12 23:00,351.9,6,1.0,0
2025-03-13 00:00,351.9,6,1.0,0
2025-03-13 01:00,352.7,6,1.0,0
2025-03-13 02:00,353.1,6,1.0,0
2025-03-13 03:00,353.3,6,1.0,0
2025-03-13 04:00,353.3,6,1.0,0
2025-03-13 05:00,353.5,6,1.0,0
2025-03-13 06:00,353.5,6,1.0,0
2025-03-13 07:00,356.3,6,1.0,0
2025-03-13 08:00,356.3,6,1.0,0
2025-03-13 09:00,356.3,6,1.0,0
2025-03-13 10:00,356.7,6,1.0,0
2025-03-13 11:00,357.1,6,1.0,0
2025-03-13 12:00,357.1,6,1.0,0
2025-03-13 13:00,357.1,6,1.0,0
2025-03-13 14:00,358.3,6,1.0,0
2025-03-13 15:00,358.3,6,1.0,0
2025-03-13 16:00,358.3,6,1.0,0
2025-03-13 17:00,360.1,6,1.0,0
2025-03-13 18:00,360.1,6,1.0,0
2025-03-13 19:00,360.1,6,1.0,0
2025-03-13 20:00,360.1,6,1.0,0
2025-03-13 21:00,360.1,6,1.0,0
2025-03-13 22:00,360.1,6,1.0,0
2025-03-13 23:00,360.1,6,1.0,0
2025-03-14 00:00,360.3,6,1.0,0
2025-03-14 01:00,363.7,6,1.0,0
2025-03-14 02:00,366.7,6,1.0,0
2025-03-14 03:00,367.3,6,1.0,0
2025-03-14 04:00,367.5,6,1.0,0
2025-03-14 05:00,367.7,6,1.0,0
2025-03-14 06:00,369.1,6,1.0,0
2025-03-14 07:00,369.1,6,1.0,0
2025-03-14 08:00,369.1,6,1.0,0
2025-03-14 09:00,369.1,6,1.0,0
2025-03-14 10:00,369.1,6,1.0,0
2025-03-14 11:00,369.1,6,1.0,0
2025-03-14 12:00,369.1,6,1.0,0
2025-03-14 13:00,369.1,6,1.0,0
2025-03-14 14:00,369.1,6,1.0,0
2025-03-14 15:00,369.1,6,1.0,0
2025-03-14 16:00,369.1,6,1.0,0
2025-03-14 17:00,369.1,6,1.0,0
2025-03-14 18:00,369.1,6,1.0,0
2025-03-14 19:00,369.1,6,1.0,0
2025-03-14 20:00,369.1,6,1.0,0
2025-03-14 21:00,369.1,6,1.0,0
2025-03-14 22:00,369.1,6,1.0,0
2025-03-14 23:00,369.1,6,1.0,0
2025-03-15 00:00,369.1,6,1.0,0
2025-03-15 01:00,369.1,6,1.0,0
2025-03-15 02:00,369.1,6,1.0,0
2025-03-15 03:00,369.1,6,1.0,0
2025-03-15 04:00,369.1,6,1.0,0
2025-03-15 05:00,369.1,6,1.0,0
2025-03-15 06:00,369.1,6,1.0,0
2025-03-15 07:00,369.1,6,1.0,0
2025-03-15 08:00,369.1,6,1.0,0
2025-03-15 09:00,369.1,6,1.0,0
2025-03-15 10:00,369.1,6,1.0,0
2025-03-15 11:00,369.1,6,1.0,0
2025-03-15 12:00,369.1,6,1.0,0
2025-03-15 13:00,369.1,6,1.0,0
2025-03-15 14:00,369.1,6,1.0,0
2025-03-15 15:00,369.1,6,1.0,0
2025-03-15 16:00,369.1,6,1.0,0
2025-03-15 17:00,369.1,6,1.0,0
2025-03-15 18:00,369.1,6,1.0,0
2025-03-15 19:00,369.1,6,1.0,0
2025-03-15 20:00,369.1,6,1.0,0
2025-03-15 21:00,369.1,6,1.0,0
2025-03-15 22:00,369.1,6,1.0,0
2025-03-15 23:00,369.1,6,1.0,0
2025-03-16 00:00,369.1,6,1.0,0
2025-03-16 01:00,369.1,6,1.0,0
2025-03-16 02:00,369.1,6,1.0,0
2025-03-16 03:00,369.1,6,1.0,0
2025-03-16 04:00,369.1,6,1.0,0
2025-03-16 05:00,369.3,6,1.0,0
2025-03-16 06:00,369.3,6,1.0,0
2025-03-16 07:00,369.5,6,1.0,0
2025-03-16 08:00,369.5,6,1.0,0
2025-03-16 09:00,369.5,6,1.0,0
2025-03-16 10:00,369.5,6,1.0,0
2025-03-16 11:00,369.5,6,1.0,0
2025-03-16 12:00,369.5,6,1.0,0
2025-03-16 13:00,369.5,6,1.0,0
2025-03-16 14:00,369.5,6,1.0,0
2025-03-16 15:00,369.5,6,1.0,0
2025-03-16 16:00,369.5,6,1.0,0
2025-03-16 17:00,369.5,6,1.0,0
2025-03-16 18:00,369.9,6,1.0,0
2025-03-16 19:00,370.5,6,1.0,0
2025-03-16 20:00,370.7,6,1.0,0
2025-03-16 21:00,370.7,6,1.0,0
2025-03-16 22:00,370.7,6,1.0,0
2025-03-16 23:00,370.7,6,1.0,0
2025-03-17 00:00,370.7,6,1.0,0
2025-03-17 01:00,370.7,6,1.0,0
2025-03-17 02:00,370.7,6,1.0,0
2025-03-17 03:00,372.3,6,1.0,0
2025-03-17 04:00,372.5,6,1.0,0
2025-03-17 05:00,372.5,6,1.0,0
2025-03-17 06:00,372.5,6,1.0,0
2025-03-17 07:00,372.5,6,1.0,0
2025-03-17 08:00,372.5,6,1.0,0
2025-03-17 09:00,372.7,6,1.0,0
2025-03-17 10:00,372.7,6,1.0,0
2025-03-17 11:00,372.7,6,1.0,0
2025-03-17 12:00,372.7,6,1.0,0
2025-03-17 13:00,372.7,6,1.0,0
2025-03-17 14:00,372.7,6,1.0,0
2025-03-17 15:00,372.7,6,1.0,0
2025-03-17 16:00,372.7,6,1.0,0
2025-03-17 17:00,372.7,6,1.0,0
2025-03-17 18:00,372.7,6,1.0,0
2025-03-17 19:00,372.7,6,1.0,0
2025-03-17 20:00,372.7,6,1.0,0
2025-03-17 21:00,372.7,6,1.0,0
2025-03-17 22:00,372.7,6,1.0,0
2025-03-17 23:00,372.7,6,1.0,0
2025-03-18 00:00,372.7,6,1.0,0
2025-03-18 01:00,372.7,6,1.0,0
2025-03-18 02:00,372.9,6,1.0,0
2025-03-18 03:00,372.9,6,1.0,0
2025-03-18 04:00,372.9,6,1.0,0
2025-03-18 05:00,372.9,6,1.0,0
2025-03-18 06:00,372.9,6,1.0,0
2025-03-18 07:00,372.9,6,1.0,0
2025-03-18 08:00,372.9,6,1.0,0
2025-03-18 09:00,372.9,6,1.0,0
2025-03-18 10:00,372.9,6,1.0,0
2025-03-18 11:00,372.9,6,1.0,0
2025-03-18 12:00,372.9,6,1.0,0
2025-03-18 13:00,372.9,6,1.0,0
2025-03-18 14:00,372.9,6,1.0,0
2025-03-18 15:00,372.9,6,1.0,0
2025-03-18 16:00,372.9,6,1.0,0
2025-03-18 17:00,372.9,6,1.0,0
2025-03-18 18:00,372.9,6,1.0,0
2025-03-18 19:00,372.9,6,1.0,0
2025-03-18 20:00,372.9,6,1.0,0
2025-03-18 21:00,372.9,6,1.0,0
2025-03-18 22:00,372.9,6,1.0,0
2025-03-18 23:00,372.9,6,1.0,0
2025-03-19 00:00,372.9,6,1.0,0
2025-03-19 01:00,372.9,6,1.0,0
2025-03-19 02:00,372.9,6,1.0,0
2025-03-19 03:00,372.9,6,1.0,0
2025-03-19 04:00,372.9,6,1.0,0
2025-03-19 05:00,372.9,6,1.0,0
2025-03-19 06:00,372.9,6,1.0,0
2025-03-19 07:00,372.9,6,1.0,0
2025-03-19 08:00,372.9,6,1.0,0
2025-03-19 09:00,372.9,6,1.0,0
2025-03-19 10:00,372.9,6,1.0,0
2025-03-19 11:00,372.9,6,1.0,0
2025-03-19 12:00,372.9,6,1.0,0
2025-03-19 13:00,372.9,6,1.0,0
2025-03-19 14:00,372.9,6,1.0,0
2025-03-19 15:00,372.9,6,1.0,0
2025-03-19 16:00,372.9,6,1.0,0
2025-03-19 17:00,372.9,6,1.0,0
2025-03-19 18:00,372.9,6,1.0,0
2025-03-19 19:00,372.9,6,1.0,0
2025-03-19 20:00,372.9,6,1.0,0
2025-03-19 21:00,372.9,6,1.0,0
2025-03-19 22:00,372.9,6,1.0,0
2025-03-19 23:00,372.9,6,1.0,0
2025-03-20 00:00,372.9,6,1.0,0
2025-03-20 01:00,372.9,6,1.0,0
2025-03-20 02:00,372.9,6,1.0,0
2025-03-20 03:00,372.9,6,1.0,0
2025-03-20 04:00,372.9,6,1.0,0
2025-03-20 05:00,372.9,6,1.0,0
2025-03-20 06:00,372.9,6,1.0,0
2025-03-20 07:00,372.9,6,1.0,0
2025-03-20 08:00,372.9,6,1.0,0
2025-03-20 09:00,372.9,6,1.0,0
2025-03-20 10:00,372.9,6,1.0,0
2025-03-20 11:00,372.9,6,1.0,0
2025-03-20 12:00,372.9,6,1.0,0
2025-03-20 13:00,372.9,6,1.0,0
2025-03-20 14:00,372.9,6,1.0,0
2025-03-20 15:00,372.9,6,1.0,0
2025-03-20 16:00,372.9,6,1.0,0
2025-03-20 17:00,372.9,6,1.0,0
2025-03-20 18:00,372.9,6,1.0,0
2025-03-20 19:00,372.9,6,1.0,0
2025-03-20 20:00,372.9,6,1.0,0
2025-03-20 21:00,372.9,6,1.0,0
2025-03-20 22:00,372.9,6,1.0,0
2025-03-20 23:00,372.9,6,1.0,0
2025-03-21 00:00,372.9,6,1.0,0
2025-03-21 01:00,372.9,6,1.0,0
2025-03-21 02:00,372.9,6,1.0,0
2025-03-21 03:00,372.9,6,1.0,0
2025-03-21 04:00,372.9,6,1.0,0
2025-03-21 05:00,372.9,6,1.0,0
2025-03-21 06:00,372.9,6,1.0,0
2025-03-21 07:00,372.9,6,1.0,0
2025-03-21 08:00,372.9,6,1.0,0
2025-03-21 09:00,372.9,6,1.0,0
2025-03-21 10:00,372.9,6,1.0,0
2025-03-21 11:00,372.9,6,1.0,0
2025-03-21 12:00,372.9,6,1.0,0
2025-03-21 13:00,372.9,6,1.0,0
2025-03-21 14:00,372.9,6,1.0,0
2025-03-21 15:00,372.9,6,1.0,0
2025-03-21 16:00,372.9,6,1.0,0
2025-03-21 17:00,372.9,6,1.0,0
2025-03-21 18:00,372.9,6,1.0,0
2025-03-21 19:00,372.9,6,1.0,0
2025-03-21 20:00,372.9,6,1.0,0
2025-03-21 21:00,372.9,6,1.0,0
2025-03-21 22:00,372.9,6,1.0,0
2025-03-21 23:00,372.9,6,1.0,0
2025-03-22 00:00,372.9,6,1.0,0
2025-03-22 01:00,372.9,6,1.0,0
2025-03-22 02:00,372.9,6,1.0,0
2025-03-22 03:00,372.9,6,1.0,0
2025-03-22 04:00,372.9,6,1.0,0
2025-03-22 05:00,372.9,6,1.0,0
2025-03-22 06:00,372.9,6,1.0,0
2025-03-22 07:00,372.9,6,1.0,0
2025-03-22 08:00,372.9,6,1.0,0
2025-03-22 09:00,372.9,6,1.0,0
2025-03-22 10:00,372.9,6,1.0,0
2025-03-22 11:00,372.9,6,1.0,0
2025-03-22 12:00,372.9,6,1.0,0
2025-03-22 13:00,372.9,6,1.0,0
2025-03-22 14:00,372.9,6,1.0,0
2025-03-22 15:00,372.9,6,1.0,0
2025-03-22 16:00,372.9,6,1.0,0
2025-03-22 17:00,372.9,6,1.0,0
2025-03-22 18:00,372.9,6,1.0,0
2025-03-22 19:00,372.9,6,1.0,0
2025-03-22 20:00,372.9,6,1.0,0
2025-03-22 21:00,372.9,6,1.0,0
2025-03-22 22:00,372.9,6,1.0,0
2025-03-22 23:00,372.9,6,1.0,0
2025-03-23 00:00,373.1,6,1.0,0
2025-03-23 01:00,375.1,6,1.0,0
2025-03-23 02:00,375.1,6,1.0,0
2025-03-23 03:00,375.1,6,1.0,0
2025-03-23 04:00,377.1,6,1.0,0
2025-03-23 05:00,377.5,6,1.0,0
2025-03-23 06:00,377.7,6,1.0,0
2025-03-23 07:00,377.7,6,1.0,0
2025-03-23 08:00,377.7,6,1.0,0
2025-03-23 09:00,377.7,6,1.0,0
2025-03-23 10:00,377.7,6,1.0,0
2025-03-23 11:00,377.7,6,1.0,0
2025-03-23 12:00,377.7,6,1.0,0
2025-03-23 13:00,377.7,6,1.0,0
2025-03-23 14:00,377.7,6,1.0,0
2025-03-23 15:00,377.7,6,1.0,0
2025-03-23 16:00,377.7,6,1.0,0
2025-03-23 17:00,377.7,6,1.0,0
2025-03-23 18:00,377.7,6,1.0,0
2025-03-23 19:00,377.7,6,1.0,0
2025-03-23 20:00,377.7,6,1.0,0
2025-03-23 21:00,377.7,6,1.0,0
2025-03-23 22:00,377.7,6,1.0,0
2025-03-23 23:00,377.7,6,1.0,0
2025-03-24 00:00,377.7,6,1.0,0
2025-03-24 01:00,377.7,6,1.0,0
2025-03-24 02:00,377.7,6,1.0,0
2025-03-24 03:00,377.7,6,1.0,0
2025-03-24 04:00,377.7,6,1.0,0
2025-03-24 05:00,377.7,6,1.0,0
2025-03-24 06:00,377.7,6,1.0,0
2025-03-24 07:00,377.7,6,1.0,0
2025-03-24 08:00,377.7,6,1.0,0
2025-03-24 09:00,377.7,6,1.0,0
2025-03-24 10:00,377.7,6,1.0,0
2025-03-24 11:00,377.7,6,1.0,0
2025-03-24 12:00,377.7,6,1.0,0
2025-03-24 13:00,377.7,6,1.0,0
2025-03-24 14:00,377.7,6,1.0,0
2025-03-24 15:00,377.7,6,1.0,0
2025-03-24 16:00,377.7,6,1.0,0
2025-03-24 17:00,377.7,6,1.0,0
2025-03-24 18:00,377.7,6,1.0,0
2025-03-24 19:00,377.7,6,1.0,0
2025-03-24 20:00,377.7,6,1.0,0
2025-03-24 21:00,377.7,6,1.0,0
2025-03-24 22:00,377.7,6,1.0,0
2025-03-24 23:00,377.7,6,1.0,0
2025-03-25 00:00,377.7,6,1.0,0
2025-03-25 01:00,377.7,6,1.0,0
2025-03-25 02:00,377.7,6,1.0,0
2025-03-25 03:00,377.7,6,1.0,0
2025-03-25 04:00,377.7,6,1.0,0
2025-03-25 05:00,377.7,6,1.0,0
2025-03-25 06:00,377.7,6,1.0,0
2025-03-25 07:00,377.7,6,1.0,0
2025-03-25 08:00,377.7,6,1.0,0
2025-03-25 09:00,377.7,6,1.0,0
2025-03-25 10:00,377.7,6,1.0,0
2025-03-25 11:00,377.7,6,1.0,0
2025-03-25 12:00,377.7,6,1.0,0
2025-03-25 13:00,377.7,6,1.0,0
2025-03-25 14:00,377.7,6,1.0,0
2025-03-25 15:00,377.7,6,1.0,0
2025-03-25 16:00,377.7,6,1.0,0
2025-03-25 17:00,377.7,6,1.0,0
2025-03-25 18:00,377.7,6,1.0,0
2025-03-25 19:00,377.7,6,1.0,0
2025-03-25 20:00,377.7,6,1.0,0
2025-03-25 21:00,377.7,6,1.0,0
2025-03-25 22:00,377.7,6,1.0,0
2025-03-25 23:00,377.7,6,1.0,0
2025-03-26 00:00,377.7,6,1.0,0
2025-03-26 01:00,377.7,6,1.0,0
2025-03-26 02:00,377.7,6,1.0,0
2025-03-26 03:00,377.7,6,1.0,0
2025-03-26 04:00,377.7,6,1.0,0
2025-03-26 05:00,377.7,6,1.0,0
2025-03-26 06:00,377.7,6,1.0,0
2025-03-26 07:00,377.7,6,1.0,0
2025-03-26 08:00,377.7,6,1.0,0
2025-03-26 09:00,377.7,6,1.0,0
2025-03-26 10:00,377.7,6,1.0,0
2025-03-26 11:00,377.7,6,1.0,0
2025-03-26 12:00,377.7,6,1.0,0
2025-03-26 13:00,377.7,6,1.0,0
2025-03-26 14:00,378.7,6,1.0,0
2025-03-26 15:00,379.1,6,1.0,0
2025-03-26 16:00,379.1,6,1.0,0
2025-03-26 17:00,379.1,6,1.0,0
2025-03-26 18:00,379.1,6,1.0,0
2025-03-26 19:00,379.1,6,1.0,0
2025-03-26 20:00,379.1,6,1.0,0
2025-03-26 21:00,379.3,6,1.0,0
2025-03-26 22:00,379.3,6,1.0,0
2025-03-26 23:00,379.3,6,1.0,0
2025-03-27 00:00,379.3,6,1.0,0
2025-03-27 01:00,379.3,6,1.0,0
2025-03-27 02:00,379.3,6,1.0,0
2025-03-27 03:00,379.3,6,1.0,0
2025-03-27 04:00,379.3,6,1.0,0
2025-03-27 05:00,379.3,6,1.0,0
2025-03-27 06:00,379.5,6,1.0,0
2025-03-27 07:00,379.5,6,1.0,0
2025-03-27 08:00,379.5,6,1.0,0
2025-03-27 09:00,379.5,6,1.0,0
2025-03-27 10:00,379.5,6,1.0,0
2025-03-27 11:00,380.3,6,1.0,0
2025-03-27 12:00,382.7,6,1.0,0
2025-03-27 13:00,382.7,6,1.0,0
2025-03-27 14:00,384.5,6,1.0,0
2025-03-27 15:00,387.5,6,1.0,0
2025-03-27 16:00,388.1,6,1.0,0
2025-03-27 17:00,388.1,6,1.0,0
2025-03-27 18:00,388.5,6,1.0,0
2025-03-27 19:00,397.6,6,1.0,0
2025-03-27 20:00,402.2,6,1.0,0
2025-03-27 21:00,409.9,6,1.0,0
2025-03-27 22:00,410.1,6,1.0,0
2025-03-27 23:00,410.3,6,1.0,0
2025-03-28 00:00,410.7,6,1.0,0
2025-03-28 01:00,410.7,6,1.0,0
2025-03-28 02:00,410.7,6,1.0,0
2025-03-28 03:00,410.7,6,1.0,0
2025-03-28 04:00,410.7,6,1.0,0
2025-03-28 05:00,410.7,6,1.0,0
2025-03-28 06:00,410.9,6,1.0,0
2025-03-28 07:00,410.9,6,1.0,0
2025-03-28 08:00,410.9,6,1.0,0
2025-03-28 09:00,410.9,6,1.0,0
2025-03-28 10:00,410.9,6,1.0,0
2025-03-28 11:00,410.9,6,1.0,0
2025-03-28 12:00,410.9,6,1.0,0
2025-03-28 13:00,410.9,6,1.0,0
2025-03-28 14:00,410.9,6,1.0,0
2025-03-28 15:00,410.9,6,1.0,0
2025-03-28 16:00,423.8,6,1.0,0
2025-03-28 17:00,427.0,6,1.0,0
2025-03-28 18:00,433.0,6,1.0,0
2025-03-28 19:00,433.0,6,1.0,0
2025-03-28 20:00,433.4,6,1.0,0
2025-03-28 21:00,433.6,6,1.0,0
2025-03-28 22:00,433.6,6,1.0,0
2025-03-28 23:00,433.6,6,1.0,0
2025-03-29 00:00,433.6,6,1.0,0
2025-03-29 01:00,433.6,6,1.0,0
2025-03-29 02:00,433.6,6,1.0,0
2025-03-29 03:00,433.6,6,1.0,0
2025-03-29 04:00,433.6,6,1.0,0
2025-03-29 05:00,433.6,6,1.0,0
2025-03-29 06:00,433.8,6,1.0,0
2025-03-29 07:00,434.8,6,1.0,0
2025-03-29 08:00,435.4,6,1.0,0
2025-03-29 09:00,435.8,6,1.0,0
2025-03-29 10:00,436.0,6,1.0,0
2025-03-29 11:00,436.8,6,1.0,0
2025-03-29 12:00,437.0,6,1.0,0
2025-03-29 13:00,437.2,6,1.0,0
2025-03-29 14:00,438.6,6,1.0,0
2025-03-29 15:00,438.6,6,1.0,0
2025-03-29 16:00,439.0,6,1.0,0
2025-03-29 17:00,442.0,6,1.0,0
2025-03-29 18:00,446.0,6,1.0,0
2025-03-29 19:00,447.4,6,1.0,0
2025-03-29 20:00,448.2,6,1.0,0
2025-03-29 21:00,448.8,6,1.0,0
2025-03-29 22:00,450.6,6,1.0,0
2025-03-29 23:00,451.0,6,1.0,0
2025-03-30 00:00,451.0,6,1.0,0
2025-03-30 01:00,451.4,6,1.0,0
2025-03-30 02:00,451.4,6,1.0,0
2025-03-30 03:00,451.4,6,1.0,0
2025-03-30 04:00,451.4,6,1.0,0
2025-03-30 05:00,451.4,6,1.0,0
2025-03-30 06:00,451.4,6,1.0,0
2025-03-30 07:00,451.4,6,1.0,0
2025-03-30 08:00,451.4,6,1.0,0
2025-03-30 09:00,451.4,6,1.0,0
2025-03-30 10:00,451.4,6,1.0,0
2025-03-30 11:00,451.4,6,1.0,0
2025-03-30 12:00,451.4,6,1.0,0
2025-03-30 13:00,451.4,6,1.0,0
2025-03-30 14:00,451.4,6,1.0,0
2025-03-30 15:00,451.4,6,1.0,0
2025-03-30 16:00,451.4,6,1.0,0
2025-03-30 17:00,451.4,6,1.0,0
2025-03-30 18:00,451.4,6,1.0,0
2025-03-30 19:00,451.4,6,1.0,0
2025-03-30 20:00,451.4,6,1.0,0
2025-03-30 21:00,451.4,6,1.0,0
2025-03-30 22:00,451.4,6,1.0,0
2025-03-30 23:00,451.4,6,1.0,0
2025-03-31 00:00,451.4,6,1.0,0
2025-03-31 01:00,451.4,6,1.0,0
2025-03-31 02:00,451.4,6,1.0,0
2025-03-31 03:00,451.4,6,1.0,0
2025-03-31 04:00,451.4,6,1.0,0
2025-03-31 05:00,451.4,6,1.0,0
2025-03-31 06:00,451.4,6,1.0,0
2025-03-31 07:00,451.4,6,1.0,0
2025-03-31 08:00,452.4,6,1.0,0
2025-03-31 09:00,454.6,6,1.0,0
2025-03-31 10:00,454.8,6,1.0,0
2025-03-31 11:00,454.8,6,1.0,0
2025-03-31 12:00,454.8,6,1.0,0
2025-03-31 13:00,454.8,6,1.0,0
2025-03-31 14:00,454.8,6,1.0,0
2025-03-31 15:00,454.8,6,1.0,0
2025-03-31 16:00,454.8,6,1.0,0
2025-03-31 17:00,454.8,6,1.0,0
2025-03-31 18:00,454.8,6,1.0,0
2025-03-31 19:00,454.8,6,1.0,0
2025-03-31 20:00,454.8,6,1.0,0
2025-03-31 21:00,454.8,6,1.0,0
2025-03-31 22:00,454.8,6,1.0,0
2025-03-31 23:00,454.8,6,1.0,0
2025-04-01 00:00,454.8,6,1.0,0
2025-04-01 01:00,454.8,6,1.0,0
2025-04-01 02:00,455.0,6,1.0,0
2025-04-01 03:00,455.4,6,1.0,0
2025-04-01 04:00,455.6,6,1.0,0
2025-04-01 05:00,455.6,6,1.0,0
2025-04-01 06:00,455.6,6,1.0,0
2025-04-01 07:00,455.6,6,1.0,0
2025-04-01 08:00,455.6,6,1.0,0
2025-04-01 09:00,455.6,6,1.0,0
2025-04-01 10:00,455.6,6,1.0,0
2025-04-01 11:00,455.6,6,1.0,0
2025-04-01 12:00,455.6,6,1.0,0
2025-04-01 13:00,455.6,6,1.0,0
2025-04-01 14:00,455.6,6,1.0,0
2025-04-01 15:00,455.6,6,1.0,0
2025-04-01 16:00,455.6,6,1.0,0
2025-04-01 17:00,455.6,6,1.0,0
2025-04-01 18:00,455.6,6,1.0,0
2025-04-01 19:00,455.6,6,1.0,0
2025-04-01 20:00,455.6,6,1.0,0
2025-04-01 21:00,455.6,6,1.0,0
2025-04-01 22:00,455.6,6,1.0,0
2025-04-01 23:00,455.6,6,1.0,0
2025-04-02 00:00,455.6,6,1.0,0
2025-04-02 01:00,455.6,6,1.0,0
2025-04-02 02:00,455.6,6,1.0,0
2025-04-02 03:00,455.6,6,1.0,0
2025-04-02 04:00,455.6,6,1.0,0
2025-04-02 05:00,455.6,6,1.0,0
2025-04-02 06:00,455.6,6,1.0,0
2025-04-02 07:00,455.6,6,1.0,0
2025-04-02 08:00,455.6,6,1.0,0
2025-04-02 09:00,455.6,6,1.0,0
2025-04-02 10:00,455.6,6,1.0,0
2025-04-02 11:00,455.6,6,1.0,0
2025-04-02 12:00,455.6,6,1.0,0
2025-04-02 13:00,455.6,6,1.0,0
2025-04-02 14:00,455.6,6,1.0,0
2025-04-02 15:00,455.6,6,1.0,0
2025-04-02 16:00,455.6,6,1.0,0
2025-04-02 17:00,455.6,6,1.0,0
2025-04-02 18:00,455.6,6,1.0,0
2025-04-02 19:00,455.6,6,1.0,0
2025-04-02 20:00,455.6,6,1.0,0
2025-04-02 21:00,455.6,6,1.0,0
2025-04-02 22:00,455.6,6,1.0,0
2025-04-02 23:00,455.6,6,1.0,0
2025-04-03 00:00,455.6,6,1.0,0
2025-04-03 01:00,455.6,6,1.0,0
2025-04-03 02:00,455.6,6,1.0,0
2025-04-03 03:00,455.6,6,1.0,0
2025-04-03 04:00,455.6,6,1.0,0
2025-04-03 05:00,455.6,6,1.0,0
2025-04-03 06:00,455.6,6,1.0,0
2025-04-03 07:00,455.6,6,1.0,0
2025-04-03 08:00,455.6,6,1.0,0
2025-04-03 09:00,455.6,6,1.0,0
2025-04-03 10:00,455.6,6,1.0,0
2025-04-03 11:00,455.6,6,1.0,0
2025-04-03 12:00,455.6,6,1.0,0
2025-04-03 13:00,455.6,6,1.0,0
2025-04-03 14:00,455.6,6,1.0,0
2025-04-03 15:00,455.6,6,1.0,0
2025-04-03 16:00,455.6,6,1.0,0
2025-04-03 17:00,455.6,6,1.0,0
2025-04-03 18:00,455.6,6,1.0,0
2025-04-03 19:00,455.6,6,1.0,0
2025-04-03 20:00,455.6,6,1.0,0
2025-04-03 21:00,455.6,6,1.0,0
2025-04-03 22:00,455.6,6,1.0,0
2025-04-03 23:00,455.6,6,1.0,0
2025-04-04 00:00,455.6,6,1.0,0
2025-04-04 01:00,455.6,6,1.0,0
2025-04-04 02:00,455.6,6,1.0,0
2025-04-04 03:00,455.6,6,1.0,0
2025-04-04 04:00,455.6,6,1.0,0
2025-04-04 05:00,455.6,6,1.0,0
2025-04-04 06:00,455.6,6,1.0,0
2025-04-04 07:00,455.6,6,1.0,0
2025-04-04 08:00,455.6,6,1.0,0
2025-04-04 09:00,455.6,6,1.0,0
2025-04-04 10:00,455.6,6,1.0,0
2025-04-04 11:00,455.6,6,1.0,0
2025-04-04 12:00,455.6,6,1.0,0
2025-04-04 13:00,455.6,6,1.0,0
2025-04-04 14:00,455.6,6,1.0,0
2025-04-04 15:00,455.6,6,1.0,0
2025-04-04 16:00,455.6,6,1.0,0
2025-04-04 17:00,455.6,6,1.0,0
2025-04-04 18:00,455.6,6,1.0,0
2025-04-04 19:00,455.6,6,1.0,0
2025-04-04 20:00,455.6,6,1.0,0
2025-04-04 21:00,455.6,6,1.0,0
2025-04-04 22:00,455.6,6,1.0,0
2025-04-04 23:00,455.6,6,1.0,0
2025-04-05 00:00,455.6,6,1.0,0
2025-04-05 01:00,455.6,6,1.0,0
2025-04-05 02:00,455.6,6,1.0,0
2025-04-05 03:00,455.6,6,1.0,0
2025-04-05 04:00,455.6,6,1.0,0
2025-04-05 05:00,455.6,6,1.0,0
2025-04-05 06:00,455.6,6,1.0,0
2025-04-05 07:00,455.6,6,1.0,0
2025-04-05 08:00,455.6,6,1.0,0
2025-04-05 09:00,455.6,6,1.0,0
2025-04-05 10:00,455.6,6,1.0,0
2025-04-05 11:00,455.6,6,1.0,0
2025-04-05 12:00,455.6,6,1.0,0
2025-04-05 13:00,455.6,6,1.0,0
2025-04-05 14:00,455.6,6,1.0,0
2025-04-05 15:00,455.6,6,1.0,0
2025-04-05 16:00,455.6,6,1.0,0
2025-04-05 17:00,455.6,6,1.0,0
2025-04-05 18:00,455.6,6,1.0,0
2025-04-05 19:00,455.6,6,1.0,0
2025-04-05 20:00,455.6,6,1.0,0
2025-04-05 21:00,455.6,6,1.0,0
2025-04-05 22:00,455.6,6,1.0,0
2025-04-05 23:00,455.6,6,1.0,0
2025-04-06 00:00,455.6,6,1.0,0
2025-04-06 01:00,455.6,6,1.0,0
2025-04-06 02:00,455.6,6,1.0,0
2025-04-06 03:00,455.6,6,1.0,0
2025-04-06 04:00,455.6,6,1.0,0
2025-04-06 05:00,455.6,6,1.0,0
2025-04-06 06:00,455.6,6,1.0,0
2025-04-06 07:00,455.6,6,1.0,0
2025-04-06 08:00,455.6,6,1.0,0
2025-04-06 09:00,455.6,6,1.0,0
2025-04-06 10:00,455.6,6,1.0,0
2025-04-06 11:00,455.6,6,1.0,0
2025-04-06 12:00,455.6,6,1.0,0
2025-04-06 13:00,455.6,6,1.0,0
2025-04-06 14:00,455.6,6,1.0,0
2025-04-06 15:00,455.6,6,1.0,0
2025-04-06 16:00,457.0,6,1.0,0
2025-04-06 17:00,461.0,6,1.0,0
2025-04-06 18:00,461.2,6,1.0,0
2025-04-06 19:00,461.2,6,1.0,0
2025-04-06 20:00,461.2,6,1.0,0
2025-04-06 21:00,461.2,6,1.0,0
2025-04-06 22:00,461.2,6,1.0,0
2025-04-06 23:00,461.2,6,1.0,0
2025-04-07 00:00,461.2,6,1.0,0
2025-04-07 01:00,461.2,6,1.0,0
2025-04-07 02:00,461.2,6,1.0,0
2025-04-07 03:00,461.2,6,1.0,0
2025-04-07 04:00,461.2,6,1.0,0
2025-04-07 05:00,461.2,6,1.0,0
2025-04-07 06:00,461.2,6,1.0,0
2025-04-07 07:00,461.2,6,1.0,0
2025-04-07 08:00,461.2,6,1.0,0
2025-04-07 09:00,461.2,6,1.0,0
2025-04-07 10:00,461.2,6,1.0,0
2025-04-07 11:00,461.2,6,1.0,0
2025-04-07 12:00,461.2,6,1.0,0
2025-04-07 13:00,461.2,6,1.0,0
2025-04-07 14:00,461.2,6,1.0,0
2025-04-07 15:00,461.2,6,1.0,0
2025-04-07 16:00,461.2,6,1.0,0
2025-04-07 17:00,461.2,6,1.0,0
2025-04-07 18:00,461.2,6,1.0,0
2025-04-07 19:00,461.2,6,1.0,0
2025-04-07 20:00,461.2,6,1.0,0
2025-04-07 21:00,461.2,6,1.0,0
2025-04-07 22:00,461.2,6,1.0,0
2025-04-07 23:00,461.2,6,1.0,0
2025-04-08 00:00,461.2,6,1.0,0
2025-04-08 01:00,461.2,6,1.0,0
2025-04-08 02:00,461.2,6,1.0,0
2025-04-08 03:00,461.2,6,1.0,0
2025-04-08 04:00,461.2,6,1.0,0
2025-04-08 05:00,461.2,6,1.0,0
2025-04-08 06:00,461.2,6,1.0,0
2025-04-08 07:00,461.2,6,1.0,0
2025-04-08 08:00,461.2,6,1.0,0
2025-04-08 09:00,461.2,6,1.0,0
2025-04-08 10:00,461.2,6,1.0,0
2025-04-08 11:00,461.2,6,1.0,0
2025-04-08 12:00,461.2,6,1.0,0
2025-04-08 13:00,461.2,6,1.0,0
2025-04-08 14:00,461.2,6,1.0,0
2025-04-08 15:00,461.2,6,1.0,0
2025-04-08 16:00,461.2,6,1.0,0
2025-04-08 17:00,461.2,6,1.0,0
2025-04-08 18:00,461.2,6,1.0,0
2025-04-08 19:00,461.2,6,1.0,0
2025-04-08 20:00,461.2,6,1.0,0
2025-04-08 21:00,461.2,6,1.0,0
2025-04-08 22:00,461.2,6,1.0,0
2025-04-08 23:00,461.2,6,1.0,0
2025-04-09 00:00,461.2,6,1.0,0
2025-04-09 01:00,461.2,6,1.0,0
2025-04-09 02:00,461.2,6,1.0,0
2025-04-09 03:00,461.2,6,1.0,0
2025-04-09 04:00,461.2,6,1.0,0
2025-04-09 05:00,461.2,6,1.0,0
2025-04-09 06:00,461.2,6,1.0,0
2025-04-09 07:00,461.2,6,1.0,0
2025-04-09 08:00,461.2,6,1.0,0
2025-04-09 09:00,461.2,6,1.0,0
2025-04-09 10:00,461.2,6,1.0,0
2025-04-09 11:00,461.2,6,1.0,0
2025-04-09 12:00,461.2,6,1.0,0
2025-04-09 13:00,461.2,6,1.0,0
2025-04-09 14:00,461.2,6,1.0,0
2025-04-09 15:00,461.2,6,1.0,0
2025-04-09 16:00,461.2,6,1.0,0
2025-04-09 17:00,461.2,6,1.0,0
2025-04-09 18:00,461.2,6,1.0,0
2025-04-09 19:00,461.2,6,1.0,0
2025-04-09 20:00,461.2,6,1.0,0
2025-04-09 21:00,461.2,6,1.0,0
2025-04-09 22:00,461.2,6,1.0,0
2025-04-09 23:00,461.2,6,1.0,0
2025-04-10 00:00,461.2,6,1.0,0
2025-04-10 01:00,461.2,6,1.0,0
2025-04-10 02:00,461.2,6,1.0,0
2025-04-10 03:00,461.2,6,1.0,0
2025-04-10 04:00,461.2,6,1.0,0
2025-04-10 05:00,461.2,6,1.0,0
2025-04-10 06:00,461.2,6,1.0,0
2025-04-10 07:00,461.2,6,1.0,0
2025-04-10 08:00,461.2,6,1.0,0
2025-04-10 09:00,461.2,6,1.0,0
2025-04-10 10:00,461.2,6,1.0,0
2025-04-10 11:00,461.2,6,1.0,0
2025-04-10 12:00,461.2,6,1.0,0
2025-04-10 13:00,461.2,6,1.0,0
2025-04-10 14:00,461.2,6,1.0,0
2025-04-10 15:00,461.2,6,1.0,0
2025-04-10 16:00,461.2,6,1.0,0
2025-04-10 17:00,461.2,6,1.0,0
2025-04-10 18:00,461.2,6,1.0,0
2025-04-10 19:00,461.2,6,1.0,0
2025-04-10 20:00,461.2,6,1.0,0
2025-04-10 21:00,461.2,6,1.0,0
2025-04-10 22:00,461.2,6,1.0,0
2025-04-10 23:00,461.2,6,1.0,0
2025-04-11 00:00,461.2,6,1.0,0
2025-04-11 01:00,461.2,6,1.0,0
2025-04-11 02:00,461.2,6,1.0,0
2025-04-11 03:00,461.2,6,1.0,0
2025-04-11 04:00,461.2,6,1.0,0
2025-04-11 05:00,461.2,6,1.0,0
2025-04-11 06:00,461.2,6,1.0,0
2025-04-11 07:00,461.2,6,1.0,0
2025-04-11 08:00,461.2,6,1.0,0
2025-04-11 09:00,461.2,6,1.0,0
2025-04-11 10:00,461.2,6,1.0,0
2025-04-11 11:00,461.2,6,1.0,0
2025-04-11 12:00,461.2,6,1.0,0
2025-04-11 13:00,461.2,6,1.0,0
2025-04-11 14:00,461.2,6,1.0,0
2025-04-11 15:00,461.2,6,1.0,0
2025-04-11 16:00,461.2,6,1.0,0
2025-04-11 17:00,461.2,6,1.0,0
2025-04-11 18:00,461.2,6,1.0,0
2025-04-11 19:00,461.2,6,1.0,0
2025-04-11 20:00,461.2,6,1.0,0
2025-04-11 21:00,461.2,6,1.0,0
2025-04-11 22:00,461.2,6,1.0,0
2025-04-11 23:00,461.2,6,1.0,0
2025-04-12 00:00,461.2,6,1.0,0
2025-04-12 01:00,461.2,6,1.0,0
2025-04-12 02:00,461.2,6,1.0,0
2025-04-12 03:00,461.2,6,1.0,0
2025-04-12 04:00,461.2,6,1.0,0
2025-04-12 05:00,461.2,6,1.0,0
2025-04-12 06:00,461.2,6,1.0,0
2025-04-12 07:00,461.2,6,1.0,0
2025-04-12 08:00,461.2,6,1.0,0
2025-04-12 09:00,461.2,6,1.0,0
2025-04-12 10:00,461.2,6,1.0,0
2025-04-12 11:00,461.2,6,1.0,0
2025-04-12 12:00,461.2,6,1.0,0
2025-04-12 13:00,461.2,6,1.0,0
2025-04-12 14:00,461.2,6,1.0,0
2025-04-12 15:00,461.2,6,1.0,0
2025-04-12 16:00,461.2,6,1.0,0
2025-04-12 17:00,461.2,6,1.0,0
2025-04-12 18:00,461.2,6,1.0,0
2025-04-12 19:00,461.2,6,1.0,0
2025-04-12 20:00,461.2,6,1.0,0
2025-04-12 21:00,461.2,6,1.0,0
2025-04-12 22:00,461.2,6,1.0,0
2025-04-12 23:00,461.2,6,1.0,0
2025-04-13 00:00,461.2,6,1.0,0
2025-04-13 01:00,461.2,6,1.0,0
2025-04-13 02:00,461.2,6,1.0,0
2025-04-13 03:00,461.2,6,1.0,0
2025-04-13 04:00,461.2,6,1.0,0
2025-04-13 05:00,461.2,6,1.0,0
2025-04-13 06:00,461.2,6,1.0,0
2025-04-13 07:00,461.2,6,1.0,0
2025-04-13 08:00,461.2,6,1.0,0
2025-04-13 09:00,461.2,6,1.0,0
2025-04-13 10:00,461.2,6,1.0,0
2025-04-13 11:00,461.2,6,1.0,0
2025-04-13 12:00,461.2,6,1.0,0
2025-04-13 13:00,461.2,6,1.0,0
2025-04-13 14:00,461.2,6,1.0,0
2025-04-13 15:00,461.2,6,1.0,0
2025-04-13 16:00,461.2,6,1.0,0
2025-04-13 17:00,461.2,6,1.0,0
2025-04-13 18:00,461.2,6,1.0,0
2025-04-13 19:00,461.2,6,1.0,0
2025-04-13 20:00,461.2,6,1.0,0
2025-04-13 21:00,461.2,6,1.0,0
2025-04-13 22:00,461.2,6,1.0,0
2025-04-13 23:00,461.2,6,1.0,0
2025-04-14 00:00,461.2,6,1.0,0
2025-04-14 01:00,461.2,6,1.0,0
2025-04-14 02:00,461.2,6,1.0,0
2025-04-14 03:00,461.2,6,1.0,0
2025-04-14 04:00,461.2,6,1.0,0
2025-04-14 05:00,461.2,6,1.0,0
2025-04-14 06:00,461.2,6,1.0,0
2025-04-14 07:00,461.2,6,1.0,0
2025-04-14 08:00,461.2,6,1.0,0
2025-04-14 09:00,461.2,6,1.0,0
2025-04-14 10:00,461.2,6,1.0,0
2025-04-14 11:00,461.2,6,1.0,0
2025-04-14 12:00,461.2,6,1.0,0
2025-04-14 13:00,461.2,6,1.0,0
2025-04-14 14:00,461.2,6,1.0,0
2025-04-14 15:00,461.4,6,1.0,0
2025-04-14 16:00,462.0,6,1.0,0
2025-04-14 17:00,462.2,6,1.0,0
2025-04-14 18:00,462.2,6,1.0,0
2025-04-14 19:00,463.0,6,1.0,0
2025-04-14 20:00,463.4,6,1.0,0
2025-04-14 21:00,464.6,6,1.0,0
2025-04-14 22:00,465.4,6,1.0,0
2025-04-14 23:00,466.0,6,1.0,0
2025-04-15 00:00,466.2,6,1.0,0
2025-04-15 01:00,467.6,6,1.0,0
2025-04-15 02:00,468.8,6,1.0,0
2025-04-15 03:00,475.0,6,1.0,0
2025-04-15 04:00,478.4,6,1.0,0
2025-04-15 05:00,482.0,6,1.0,0
2025-04-15 06:00,482.2,6,1.0,0
2025-04-15 07:00,482.2,6,1.0,0
2025-04-15 08:00,482.2,6,1.0,0
2025-04-15 09:00,482.2,6,1.0,0
2025-04-15 10:00,482.2,6,1.0,0
2025-04-15 11:00,482.2,6,1.0,0
2025-04-15 12:00,482.2,6,1.0,0
2025-04-15 13:00,482.2,6,1.0,0
2025-04-15 14:00,482.2,6,1.0,0
2025-04-15 15:00,482.2,6,1.0,0
2025-04-15 16:00,482.2,6,1.0,0
2025-04-15 17:00,482.2,6,1.0,0
2025-04-15 18:00,482.2,6,1.0,0
2025-04-15 19:00,482.2,6,1.0,0
2025-04-15 20:00,482.2,6,1.0,0
2025-04-15 21:00,482.2,6,1.0,0
2025-04-15 22:00,482.2,6,1.0,0
2025-04-15 23:00,482.2,6,1.0,0
2025-04-16 00:00,482.2,6,1.0,0
2025-04-16 01:00,482.2,6,1.0,0
2025-04-16 02:00,482.2,6,1.0,0
2025-04-16 03:00,482.2,6,1.0,0
2025-04-16 04:00,482.2,6,1.0,0
2025-04-16 05:00,482.2,6,1.0,0
2025-04-16 06:00,482.2,6,1.0,0
2025-04-16 07:00,482.2,6,1.0,0
2025-04-16 08:00,482.2,6,1.0,0
2025-04-16 09:00,482.2,6,1.0,0
2025-04-16 10:00,482.2,6,1.0,0
2025-04-16 11:00,482.2,6,1.0,0
2025-04-16 12:00,482.2,6,1.0,0
2025-04-16 13:00,482.2,6,1.0,0
2025-04-16 14:00,482.2,6,1.0,0
2025-04-16 15:00,482.2,6,1.0,0
2025-04-16 16:00,482.2,6,1.0,0
2025-04-16 17:00,482.2,6,1.0,0
2025-04-16 18:00,482.6,6,1.0,0
2025-04-16 19:00,483.4,6,1.0,0
2025-04-16 20:00,483.4,6,1.0,0
2025-04-16 21:00,483.4,6,1.0,0
2025-04-16 22:00,483.4,6,1.0,0
2025-04-16 23:00,483.4,6,1.0,0
2025-04-17 00:00,483.4,6,1.0,0
2025-04-17 01:00,483.4,6,1.0,0
2025-04-17 02:00,483.4,6,1.0,0
2025-04-17 03:00,483.4,6,1.0,0
2025-04-17 04:00,483.4,6,1.0,0
2025-04-17 05:00,485.0,6,1.0,0
2025-04-17 06:00,485.2,6,1.0,0
2025-04-17 07:00,485.8,6,1.0,0
2025-04-17 08:00,486.0,6,1.0,0
2025-04-17 09:00,486.2,6,1.0,0
2025-04-17 10:00,486.2,6,1.0,0
2025-04-17 11:00,489.7,6,1.0,0
2025-04-17 12:00,490.3,6,1.0,0
2025-04-17 13:00,490.9,6,1.0,0
2025-04-17 14:00,491.3,6,1.0,0
2025-04-17 15:00,492.9,6,1.0,0
2025-04-17 16:00,493.9,6,1.0,0
2025-04-17 17:00,493.9,6,1.0,0
2025-04-17 18:00,493.9,6,1.0,0
2025-04-17 19:00,493.9,6,1.0,0
2025-04-17 20:00,493.9,6,1.0,0
2025-04-17 21:00,493.9,6,1.0,0
2025-04-17 22:00,493.9,6,1.0,0
2025-04-17 23:00,493.9,6,1.0,0
2025-04-18 00:00,493.9,6,1.0,0
2025-04-18 01:00,493.9,6,1.0,0
2025-04-18 02:00,493.9,6,1.0,0
2025-04-18 03:00,493.9,6,1.0,0
2025-04-18 04:00,493.9,6,1.0,0
2025-04-18 05:00,493.9,6,1.0,0
2025-04-18 06:00,493.9,6,1.0,0
2025-04-18 07:00,494.5,6,1.0,0
2025-04-18 08:00,494.5,6,1.0,0
2025-04-18 09:00,494.5,6,1.0,0
2025-04-18 10:00,494.5,6,1.0,0
2025-04-18 11:00,494.5,6,1.0,0
2025-04-18 12:00,494.5,6,1.0,0
2025-04-18 13:00,494.5,6,1.0,0
2025-04-18 14:00,494.5,6,1.0,0
2025-04-18 15:00,494.5,6,1.0,0
2025-04-18 16:00,494.5,6,1.0,0
2025-04-18 17:00,494.5,6,1.0,0
2025-04-18 18:00,494.5,6,1.0,0
2025-04-18 19:00,494.5,6,1.0,0
2025-04-18 20:00,494.5,6,1.0,0
2025-04-18 21:00,494.5,6,1.0,0
2025-04-18 22:00,494.5,6,1.0,0
2025-04-18 23:00,494.5,6,1.0,0
2025-04-19 00:00,494.5,6,1.0,0
2025-04-19 01:00,494.5,6,1.0,0
2025-04-19 02:00,494.5,6,1.0,0
2025-04-19 03:00,494.5,6,1.0,0
2025-04-19 04:00,494.5,6,1.0,0
2025-04-19 05:00,494.5,6,1.0,0
2025-04-19 06:00,494.5,6,1.0,0
2025-04-19 07:00,494.5,6,1.0,0
2025-04-19 08:00,494.5,6,1.0,0
2025-04-19 09:00,494.5,6,1.0,0
2025-04-19 10:00,494.5,6,1.0,0
2025-04-19 11:00,494.5,6,1.0,0
2025-04-19 12:00,494.5,6,1.0,0
2025-04-19 13:00,494.5,6,1.0,0
2025-04-19 14:00,494.5,6,1.0,0
2025-04-19 15:00,494.5,6,1.0,0
2025-04-19 16:00,494.5,6,1.0,0
2025-04-19 17:00,494.5,6,1.0,0
2025-04-19 18:00,494.5,6,1.0,0
2025-04-19 19:00,494.5,6,1.0,0
2025-04-19 20:00,494.5,6,1.0,0
2025-04-19 21:00,494.5,6,1.0,0
2025-04-19 22:00,494.5,6,1.0,0
2025-04-19 23:00,494.5,6,1.0,0
2025-04-20 00:00,494.5,6,1.0,0
2025-04-20 01:00,494.5,6,1.0,0
2025-04-20 02:00,494.5,6,1.0,0
2025-04-20 03:00,494.5,6,1.0,0
2025-04-20 04:00,494.5,6,1.0,0
2025-04-20 05:00,494.5,6,1.0,0
2025-04-20 06:00,494.5,6,1.0,0
2025-04-20 07:00,494.5,6,1.0,0
2025-04-20 08:00,494.5,6,1.0,0
2025-04-20 09:00,494.5,6,1.0,0
2025-04-20 10:00,494.5,6,1.0,0
2025-04-20 11:00,494.5,6,1.0,0
2025-04-20 12:00,494.5,6,1.0,0
2025-04-20 13:00,494.5,6,1.0,0
2025-04-20 14:00,494.5,6,1.0,0
2025-04-20 15:00,494.5,6,1.0,0
2025-04-20 16:00,494.5,6,1.0,0
2025-04-20 17:00,494.5,6,1.0,0
2025-04-20 18:00,494.5,6,1.0,0
2025-04-20 19:00,494.5,6,1.0,0
2025-04-20 20:00,494.5,6,1.0,0
2025-04-20 21:00,494.5,6,1.0,0
2025-04-20 22:00,494.5,6,1.0,0
2025-04-20 23:00,494.5,6,1.0,0
2025-04-21 00:00,494.5,6,1.0,0
2025-04-21 01:00,494.5,6,1.0,0
2025-04-21 02:00,494.5,6,1.0,0
2025-04-21 03:00,494.5,6,1.0,0
2025-04-21 04:00,494.5,6,1.0,0
2025-04-21 05:00,494.5,6,1.0,0
2025-04-21 06:00,494.5,6,1.0,0
2025-04-21 07:00,494.5,6,1.0,0
2025-04-21 08:00,494.5,6,1.0,0
2025-04-21 09:00,494.5,6,1.0,0
2025-04-21 10:00,494.5,6,1.0,0
2025-04-21 11:00,494.5,6,1.0,0
2025-04-21 12:00,494.5,6,1.0,0
2025-04-21 13:00,494.5,6,1.0,0
2025-04-21 14:00,494.5,6,1.0,0
2025-04-21 15:00,494.5,6,1.0,0
2025-04-21 16:00,494.5,6,1.0,0
2025-04-21 17:00,494.5,6,1.0,0
2025-04-21 18:00,494.5,6,1.0,0
2025-04-21 19:00,494.5,6,1.0,0
2025-04-21 20:00,494.5,6,1.0,0
2025-04-21 21:00,494.5,6,1.0,0
2025-04-21 22:00,494.5,6,1.0,0
2025-04-21 23:00,494.5,6,1.0,0
2025-04-22 00:00,494.5,6,1.0,0
2025-04-22 01:00,494.5,6,1.0,0
2025-04-22 02:00,494.5,6,1.0,0
2025-04-22 03:00,494.5,6,1.0,0
2025-04-22 04:00,494.5,6,1.0,0
2025-04-22 05:00,494.5,6,1.0,0
2025-04-22 06:00,494.5,6,1.0,0
2025-04-22 07:00,494.5,6,1.0,0
2025-04-22 08:00,494.5,6,1.0,0
2025-04-22 09:00,494.5,6,1.0,0
2025-04-22 10:00,494.5,6,1.0,0
2025-04-22 11:00,494.5,6,1.0,0
2025-04-22 12:00,494.5,6,1.0,0
2025-04-22 13:00,494.5,6,1.0,0
2025-04-22 14:00,494.5,6,1.0,0
2025-04-22 15:00,494.5,6,1.0,0
2025-04-22 16:00,494.5,6,1.0,0
2025-04-22 17:00,494.5,6,1.0,0
2025-04-22 18:00,494.5,6,1.0,0
2025-04-22 19:00,494.5,6,1.0,0
2025-04-22 20:00,494.5,6,1.0,0
2025-04-22 21:00,494.5,6,1.0,0
2025-04-22 22:00,494.5,6,1.0,0
2025-04-22 23:00,494.5,6,1.0,0
2025-04-23 00:00,494.5,6,1.0,0
2025-04-23 01:00,494.5,6,1.0,0
2025-04-23 02:00,494.5,6,1.0,0
2025-04-23 03:00,494.5,6,1.0,0
2025-04-23 04:00,494.5,6,1.0,0
2025-04-23 05:00,494.5,6,1.0,0
2025-04-23 06:00,494.5,6,1.0,0
2025-04-23 07:00,494.5,6,1.0,0
2025-04-23 08:00,494.5,6,1.0,0
2025-04-23 09:00,494.5,6,1.0,0
2025-04-23 10:00,494.5,6,1.0,0
2025-04-23 11:00,494.5,6,1.0,0
2025-04-23 12:00,494.5,6,1.0,0
2025-04-23 13:00,494.5,6,1.0,0
2025-04-23 14:00,494.5,6,1.0,0
2025-04-23 15:00,494.5,6,1.0,0
2025-04-23 16:00,494.5,6,1.0,0
2025-04-23 17:00,494.5,6,1.0,0
2025-04-23 18:00,494.7,6,1.0,0
2025-04-23 19:00,494.7,6,1.0,0
2025-04-23 20:00,494.7,6,1.0,0
2025-04-23 21:00,494.7,6,1.0,0
2025-04-23 22:00,494.7,6,1.0,0
2025-04-23 23:00,494.7,6,1.0,0
2025-04-24 00:00,494.7,6,1.0,0
2025-04-24 01:00,494.7,6,1.0,0
2025-04-24 02:00,494.7,6,1.0,0
2025-04-24 03:00,494.7,6,1.0,0
2025-04-24 04:00,494.7,6,1.0,0
2025-04-24 05:00,494.7,6,1.0,0
2025-04-24 06:00,494.7,6,1.0,0
2025-04-24 07:00,494.7,6,1.0,0
2025-04-24 08:00,494.7,6,1.0,0
2025-04-24 09:00,494.7,6,1.0,0
2025-04-24 10:00,494.7,6,1.0,0
2025-04-24 11:00,504.2,6,1.0,0
2025-04-24 12:00,508.6,6,1.0,0
2025-04-24 13:00,512.2,6,1.0,0
2025-04-24 14:00,513.2,6,1.0,0
2025-04-24 15:00,513.6,6,1.0,0
2025-04-24 16:00,513.6,6,1.0,0
2025-04-24 17:00,513.6,6,1.0,0
2025-04-24 18:00,513.6,6,1.0,0
2025-04-24 19:00,513.6,6,1.0,0
2025-04-24 20:00,513.6,6,1.0,0
2025-04-24 21:00,513.6,6,1.0,0
2025-04-24 22:00,513.6,6,1.0,0
2025-04-24 23:00,513.6,6,1.0,0
2025-04-25 00:00,513.6,6,1.0,0
2025-04-25 01:00,513.6,6,1.0,0
2025-04-25 02:00,513.6,6,1.0,0
2025-04-25 03:00,513.6,6,1.0,0
2025-04-25 04:00,513.6,6,1.0,0
2025-04-25 05:00,513.6,6,1.0,0
2025-04-25 06:00,513.6,6,1.0,0
2025-04-25 07:00,513.6,6,1.0,0
2025-04-25 08:00,513.6,6,1.0,0
2025-04-25 09:00,513.6,6,1.0,0
2025-04-25 10:00,513.6,6,1.0,0
2025-04-25 11:00,513.6,6,1.0,0
2025-04-25 12:00,513.6,6,1.0,0
2025-04-25 13:00,513.6,6,1.0,0
2025-04-25 14:00,513.6,6,1.0,0
2025-04-25 15:00,513.6,6,1.0,0
2025-04-25 16:00,513.6,6,1.0,0
2025-04-25 17:00,513.6,6,1.0,0
2025-04-25 18:00,513.6,6,1.0,0
2025-04-25 19:00,513.6,6,1.0,0
2025-04-25 20:00,513.6,6,1.0,0
2025-04-25 21:00,513.6,6,1.0,0
2025-04-25 22:00,513.6,6,1.0,0
2025-04-25 23:00,513.6,6,1.0,0
2025-04-26 00:00,513.6,6,1.0,0
2025-04-26 01:00,513.6,6,1.0,0
2025-04-26 02:00,513.8,6,1.0,0
2025-04-26 03:00,513.8,6,1.0,0
2025-04-26 04:00,514.0,6,1.0,0
2025-04-26 05:00,515.4,6,1.0,0
2025-04-26 06:00,515.8,6,1.0,0
2025-04-26 07:00,515.8,6,1.0,0
2025-04-26 08:00,515.8,6,1.0,0
2025-04-26 09:00,515.8,6,1.0,0
2025-04-26 10:00,515.8,6,1.0,0
2025-04-26 11:00,516.0,6,1.0,0
2025-04-26 12:00,516.2,6,1.0,0
2025-04-26 13:00,516.8,6,1.0,0
2025-04-26 14:00,517.0,6,1.0,0
2025-04-26 15:00,517.0,6,1.0,0
2025-04-26 16:00,517.0,6,1.0,0
2025-04-26 17:00,517.0,6,1.0,0
2025-04-26 18:00,517.0,6,1.0,0
2025-04-26 19:00,517.0,6,1.0,0
2025-04-26 20:00,517.0,6,1.0,0
2025-04-26 21:00,517.0,6,1.0,0
2025-04-26 22:00,517.0,6,1.0,0
2025-04-26 23:00,517.0,6,1.0,0
2025-04-27 00:00,517.0,6,1.0,0
2025-04-27 01:00,517.0,6,1.0,0
2025-04-27 02:00,517.0,6,1.0,0
2025-04-27 03:00,517.0,6,1.0,0
2025-04-27 04:00,517.0,6,1.0,0
2025-04-27 05:00,517.0,6,1.0,0
2025-04-27 06:00,517.0,6,1.0,0
2025-04-27 07:00,517.0,6,1.0,0
2025-04-27 08:00,517.0,6,1.0,0
2025-04-27 09:00,517.0,6,1.0,0
2025-04-27 10:00,517.0,6,1.0,0
2025-04-27 11:00,517.0,6,1.0,0
2025-04-27 12:00,517.0,6,1.0,0
2025-04-27 13:00,517.0,6,1.0,0
2025-04-27 14:00,517.0,6,1.0,0
2025-04-27 15:00,517.0,6,1.0,0
2025-04-27 16:00,517.0,6,1.0,0
2025-04-27 17:00,517.0,6,1.0,0
2025-04-27 18:00,517.0,6,1.0,0
2025-04-27 19:00,517.0,6,1.0,0
2025-04-27 20:00,517.0,6,1.0,0
2025-04-27 21:00,517.0,6,1.0,0
2025-04-27 22:00,517.0,6,1.0,0
2025-04-27 23:00,517.0,6,1.0,0
2025-04-28 00:00,517.0,6,1.0,0
2025-04-28 01:00,517.0,6,1.0,0
2025-04-28 02:00,517.0,6,1.0,0
2025-04-28 03:00,517.0,6,1.0,0
2025-04-28 04:00,517.0,6,1.0,0
2025-04-28 05:00,517.0,6,1.0,0
2025-04-28 06:00,517.0,6,1.0,0
2025-04-28 07:00,517.0,6,1.0,0
2025-04-28 08:00,517.0,6,1.0,0
2025-04-28 09:00,517.0,6,1.0,0
2025-04-28 10:00,517.0,6,1.0,0
2025-04-28 11:00,517.0,6,1.0,0
2025-04-28 12:00,517.0,6,1.0,0
2025-04-28 13:00,517.0,6,1.0,0
2025-04-28 14:00,517.0,6,1.0,0
2025-04-28 15:00,517.0,6,1.0,0
2025-04-28 16:00,517.0,6,1.0,0
2025-04-28 17:00,517.2,6,1.0,0
2025-04-28 18:00,517.2,6,1.0,0
2025-04-28 19:00,517.2,6,1.0,0
2025-04-28 20:00,517.2,6,1.0,0
2025-04-28 21:00,517.2,6,1.0,0
2025-04-28 22:00,517.2,6,1.0,0
2025-04-28 23:00,517.2,6,1.0,0
2025-04-29 00:00,517.2,6,1.0,0
2025-04-29 01:00,517.2,6,1.0,0
2025-04-29 02:00,517.2,6,1.0,0
2025-04-29 03:00,517.2,6,1.0,0
2025-04-29 04:00,517.2,6,1.0,0
2025-04-29 05:00,517.2,6,1.0,0
2025-04-29 06:00,517.2,6,1.0,0
2025-04-29 07:00,517.2,6,1.0,0
2025-04-29 08:00,517.2,6,1.0,0
2025-04-29 09:00,517.2,6,1.0,0
2025-04-29 10:00,517.2,6,1.0,0
2025-04-29 11:00,517.2,6,1.0,0
2025-04-29 12:00,517.2,6,1.0,0
2025-04-29 13:00,517.2,6,1.0,0
2025-04-29 14:00,517.2,6,1.0,0
2025-04-29 15:00,517.2,6,1.0,0
2025-04-29 16:00,517.2,6,1.0,0
2025-04-29 17:00,517.2,6,1.0,0
2025-04-29 18:00,517.2,6,1.0,0
2025-04-29 19:00,517.2,6,1.0,0
2025-04-29 20:00,517.2,6,1.0,0
2025-04-29 21:00,517.2,6,1.0,0
2025-04-29 22:00,517.2,6,1.0,0
2025-04-29 23:00,517.2,6,1.0,0
2025-04-30 00:00,517.2,6,1.0,0
2025-04-30 01:00,517.2,6,1.0,0
2025-04-30 02:00,517.2,6,1.0,0
2025-04-30 03:00,517.2,6,1.0,0
2025-04-30 04:00,517.2,6,1.0,0
2025-04-30 05:00,517.2,6,1.0,0
2025-04-30 06:00,517.2,6,1.0,0
2025-04-30 07:00,517.2,6,1.0,0
2025-04-30 08:00,517.2,6,1.0,0
2025-04-30 09:00,517.2,6,1.0,0
2025-04-30 10:00,517.2,6,1.0,0
2025-04-30 11:00,517.2,6,1.0,0
2025-04-30 12:00,517.2,6,1.0,0
2025-04-30 13:00,517.2,6,1.0,0
2025-04-30 14:00,517.2,6,1.0,0
2025-04-30 15:00,517.2,6,1.0,0
2025-04-30 16:00,517.2,6,1.0,0
2025-04-30 17:00,517.2,6,1.0,0
2025-04-30 18:00,517.2,6,1.0,0
2025-04-30 19:00,517.2,6,1.0,0
2025-04-30 20:00,517.2,6,1.0,0
2025-04-30 21:00,517.2,6,1.0,0
2025-04-30 22:00,517.2,6,1.0,0
2025-04-30 23:00,517.2,6,1.0,0
2025-05-01 00:00,517.2,6,1.0,0
2025-05-01 01:00,517.2,6,1.0,0
2025-05-01 02:00,517.2,6,1.0,0
2025-05-01 03:00,517.2,6,1.0,0
2025-05-01 04:00,517.2,6,1.0,0
2025-05-01 05:00,517.2,6,1.0,0
2025-05-01 06:00,517.2,6,1.0,0
2025-05-01 07:00,517.2,6,1.0,0
2025-05-01 08:00,517.2,6,1.0,0
2025-05-01 09:00,517.2,6,1.0,0
2025-05-01 10:00,517.2,6,1.0,0
2025-05-01 11:00,517.2,6,1.0,0
2025-05-01 12:00,517.2,6,1.0,0
2025-05-01 13:00,517.2,6,1.0,0
2025-05-01 14:00,517.2,6,1.0,0
2025-05-01 15:00,517.2,6,1.0,0
2025-05-01 16:00,517.2,6,1.0,0
2025-05-01 17:00,517.2,6,1.0,0
2025-05-01 18:00,517.2,6,1.0,0
2025-05-01 19:00,517.2,6,1.0,0
2025-05-01 20:00,517.2,6,1.0,0
2025-05-01 21:00,517.2,6,1.0,0
2025-05-01 22:00,517.2,6,1.0,0
2025-05-01 23:00,517.2,6,1.0,0
2025-05-02 00:00,517.2,6,1.0,0
2025-05-02 01:00,517.2,6,1.0,0
2025-05-02 02:00,517.2,6,1.0,0
2025-05-02 03:00,517.2,6,1.0,0
2025-05-02 04:00,517.2,6,1.0,0
2025-05-02 05:00,517.2,6,1.0,0
2025-05-02 06:00,517.2,6,1.0,0
2025-05-02 07:00,517.2,6,1.0,0
2025-05-02 08:00,517.2,6,1.0,0
2025-05-02 09:00,517.2,6,1.0,0
2025-05-02 10:00,517.2,6,1.0,0
2025-05-02 11:00,517.2,6,1.0,0
2025-05-02 12:00,517.2,6,1.0,0
2025-05-02 13:00,517.2,6,1.0,0
2025-05-02 14:00,517.2,6,1.0,0
2025-05-02 15:00,517.2,6,1.0,0
2025-05-02 16:00,517.2,6,1.0,0
2025-05-02 17:00,517.2,6,1.0,0
2025-05-02 18:00,517.2,6,1.0,0
2025-05-02 19:00,517.2,6,1.0,0
2025-05-02 20:00,517.2,6,1.0,0
2025-05-02 21:00,517.2,6,1.0,0
2025-05-02 22:00,517.2,6,1.0,0
2025-05-02 23:00,517.2,6,1.0,0
2025-05-03 00:00,517.2,6,1.0,0
2025-05-03 01:00,517.2,6,1.0,0
2025-05-03 02:00,517.2,6,1.0,0
2025-05-03 03:00,517.2,6,1.0,0
2025-05-03 04:00,517.2,6,1.0,0
2025-05-03 05:00,517.2,6,1.0,0
2025-05-03 06:00,517.2,6,1.0,0
2025-05-03 07:00,517.2,6,1.0,0
2025-05-03 08:00,517.2,6,1.0,0
2025-05-03 09:00,517.2,6,1.0,0
2025-05-03 10:00,517.2,6,1.0,0
2025-05-03 11:00,517.2,6,1.0,0
2025-05-03 12:00,517.2,6,1.0,0
2025-05-03 13:00,517.2,6,1.0,0
2025-05-03 14:00,517.2,6,1.0,0
2025-05-03 15:00,517.2,6,1.0,0
2025-05-03 16:00,517.2,6,1.0,0
2025-05-03 17:00,517.2,6,1.0,0
2025-05-03 18:00,517.2,6,1.0,0
2025-05-03 19:00,517.2,6,1.0,0
2025-05-03 20:00,517.2,6,1.0,0
2025-05-03 21:00,517.2,6,1.0,0
2025-05-03 22:00,517.2,6,1.0,0
2025-05-03 23:00,517.2,6,1.0,0
2025-05-04 00:00,517.2,6,1.0,0
2025-05-04 01:00,517.2,6,1.0,0
2025-05-04 02:00,517.2,6,1.0,0
2025-05-04 03:00,517.2,6,1.0,0
2025-05-04 04:00,517.2,6,1.0,0
2025-05-04 05:00,517.2,6,1.0,0
2025-05-04 06:00,517.2,6,1.0,0
2025-05-04 07:00,517.2,6,1.0,0
2025-05-04 08:00,517.2,6,1.0,0
2025-05-04 09:00,517.2,6,1.0,0
2025-05-04 10:00,517.2,6,1.0,0
2025-05-04 11:00,517.2,6,1.0,0
2025-05-04 12:00,517.2,6,1.0,0
2025-05-04 13:00,517.2,6,1.0,0
2025-05-04 14:00,517.2,6,1.0,0
2025-05-04 15:00,517.2,6,1.0,0
2025-05-04 16:00,517.2,6,1.0,0
2025-05-04 17:00,517.2,6,1.0,0
2025-05-04 18:00,517.2,6,1.0,0
2025-05-04 19:00,517.2,6,1.0,0
2025-05-04 20:00,517.2,6,1.0,0
2025-05-04 21:00,517.2,6,1.0,0
2025-05-04 22:00,517.2,6,1.0,0
2025-05-04 23:00,517.2,6,1.0,0
2025-05-05 00:00,517.2,6,1.0,0
2025-05-05 01:00,517.2,6,1.0,0
2025-05-05 02:00,517.2,6,1.0,0
2025-05-05 03:00,517.2,6,1.0,0
2025-05-05 04:00,517.2,6,1.0,0
2025-05-05 05:00,517.2,6,1.0,0
2025-05-05 06:00,517.2,6,1.0,0
2025-05-05 07:00,517.2,6,1.0,0
2025-05-05 08:00,517.2,6,1.0,0
2025-05-05 09:00,517.2,6,1.0,0
2025-05-05 10:00,517.2,6,1.0,0
2025-05-05 11:00,517.6,6,1.0,0
2025-05-05 12:00,518.0,6,1.0,0
2025-05-05 13:00,518.0,6,1.0,0
2025-05-05 14:00,518.0,6,1.0,0
2025-05-05 15:00,518.0,6,1.0,0
2025-05-05 16:00,518.0,6,1.0,0
2025-05-05 17:00,518.0,6,1.0,0
2025-05-05 18:00,518.0,6,1.0,0
2025-05-05 19:00,518.0,6,1.0,0
2025-05-05 20:00,518.0,6,1.0,0
2025-05-05 21:00,518.0,6,1.0,0
2025-05-05 22:00,518.0,6,1.0,0
2025-05-05 23:00,518.0,6,1.0,0
2025-05-06 00:00,518.0,6,1.0,0
2025-05-06 01:00,518.0,6,1.0,0
2025-05-06 02:00,518.0,6,1.0,0
2025-05-06 03:00,518.0,6,1.0,0
2025-05-06 04:00,518.0,6,1.0,0
2025-05-06 05:00,518.0,6,1.0,0
2025-05-06 06:00,518.0,6,1.0,0
2025-05-06 07:00,518.0,6,1.0,0
2025-05-06 08:00,518.0,6,1.0,0
2025-05-06 09:00,518.0,6,1.0,0
2025-05-06 10:00,518.0,6,1.0,0
2025-05-06 11:00,518.0,6,1.0,0
2025-05-06 12:00,518.0,6,1.0,0
2025-05-06 13:00,518.0,6,1.0,0
2025-05-06 14:00,518.0,6,1.0,0
2025-05-06 15:00,518.0,6,1.0,0
2025-05-06 16:00,518.0,6,1.0,0
2025-05-06 17:00,518.0,6,1.0,0
2025-05-06 18:00,518.0,6,1.0,0
2025-05-06 19:00,518.0,6,1.0,0
2025-05-06 20:00,518.0,6,1.0,0
2025-05-06 21:00,518.0,6,1.0,0
2025-05-06 22:00,518.0,6,1.0,0
2025-05-06 23:00,518.0,6,1.0,0
2025-05-07 00:00,518.0,6,1.0,0
2025-05-07 01:00,518.0,6,1.0,0
2025-05-07 02:00,518.0,6,1.0,0
2025-05-07 03:00,518.0,6,1.0,0
2025-05-07 04:00,518.0,6,1.0,0
2025-05-07 05:00,518.0,6,1.0,0
2025-05-07 06:00,518.0,6,1.0,0
2025-05-07 07:00,518.0,6,1.0,0
2025-05-07 08:00,518.0,6,1.0,0
2025-05-07 09:00,518.0,6,1.0,0
2025-05-07 10:00,518.0,6,1.0,0
2025-05-07 11:00,518.0,6,1.0,0
2025-05-07 12:00,518.0,6,1.0,0
2025-05-07 13:00,518.0,6,1.0,0
2025-05-07 14:00,518.0,6,1.0,0
2025-05-07 15:00,518.0,6,1.0,0
2025-05-07 16:00,518.0,6,1.0,0
2025-05-07 17:00,518.0,6,1.0,0
2025-05-07 18:00,518.0,6,1.0,0
2025-05-07 19:00,518.0,6,1.0,0
2025-05-07 20:00,518.0,6,1.0,0
2025-05-07 21:00,518.4,6,1.0,0
2025-05-07 22:00,518.4,6,1.0,0
2025-05-07 23:00,518.4,6,1.0,0
2025-05-08 00:00,518.4,6,1.0,0
2025-05-08 01:00,518.4,6,1.0,0
2025-05-08 02:00,518.4,6,1.0,0
2025-05-08 03:00,518.4,6,1.0,0
2025-05-08 04:00,518.4,6,1.0,0
2025-05-08 05:00,518.4,6,1.0,0
2025-05-08 06:00,518.4,6,1.0,0
2025-05-08 07:00,518.4,6,1.0,0
2025-05-08 08:00,518.4,6,1.0,0
2025-05-08 09:00,518.4,6,1.0,0
2025-05-08 10:00,518.4,6,1.0,0
2025-05-08 11:00,518.4,6,1.0,0
2025-05-08 12:00,518.4,6,1.0,0
2025-05-08 13:00,518.4,6,1.0,0
2025-05-08 14:00,518.4,6,1.0,0
2025-05-08 15:00,518.4,6,1.0,0
2025-05-08 16:00,518.4,6,1.0,0
2025-05-08 17:00,518.4,6,1.0,0
2025-05-08 18:00,518.4,6,1.0,0
2025-05-08 19:00,518.4,6,1.0,0
2025-05-08 20:00,518.4,6,1.0,0
2025-05-08 21:00,518.4,6,1.0,0
2025-05-08 22:00,518.4,6,1.0,0
2025-05-08 23:00,518.4,6,1.0,0
2025-05-09 00:00,518.4,6,1.0,0
2025-05-09 01:00,518.4,6,1.0,0
2025-05-09 02:00,518.4,6,1.0,0
2025-05-09 03:00,518.4,6,1.0,0
2025-05-09 04:00,518.4,6,1.0,0
2025-05-09 05:00,518.4,6,1.0,0
2025-05-09 06:00,518.4,6,1.0,0
2025-05-09 07:00,518.4,6,1.0,0
2025-05-09 08:00,518.4,6,1.0,0
2025-05-09 09:00,518.4,6,1.0,0
2025-05-09 10:00,518.4,6,1.0,0
2025-05-09 11:00,518.4,6,1.0,0
2025-05-09 12:00,518.4,6,1.0,0
2025-05-09 13:00,518.4,6,1.0,0
2025-05-09 14:00,518.4,6,1.0,0
2025-05-09 15:00,518.4,6,1.0,0
2025-05-09 16:00,518.4,6,1.0,0
2025-05-09 17:00,518.4,6,1.0,0
2025-05-09 18:00,518.4,6,1.0,0
2025-05-09 19:00,518.4,6,1.0,0
2025-05-09 20:00,518.4,6,1.0,0
2025-05-09 21:00,518.4,6,1.0,0
2025-05-09 22:00,518.4,6,1.0,0
2025-05-09 23:00,518.4,6,1.0,0
2025-05-10 00:00,518.4,6,1.0,0
2025-05-10 01:00,518.4,6,1.0,0
2025-05-10 02:00,518.4,6,1.0,0
2025-05-10 03:00,518.4,6,1.0,0
2025-05-10 04:00,518.4,6,1.0,0
2025-05-10 05:00,518.4,6,1.0,0
2025-05-10 06:00,518.4,6,1.0,0
2025-05-10 07:00,518.4,6,1.0,0
2025-05-10 08:00,518.4,6,1.0,0
2025-05-10 09:00,518.4,6,1.0,0
2025-05-10 10:00,518.4,6,1.0,0
2025-05-10 11:00,518.4,6,1.0,0
2025-05-10 12:00,518.4,6,1.0,0
2025-05-10 13:00,518.4,6,1.0,0
2025-05-10 14:00,518.4,6,1.0,0
2025-05-10 15:00,518.4,6,1.0,0
2025-05-10 16:00,518.4,6,1.0,0
2025-05-10 17:00,518.4,6,1.0,0
2025-05-10 18:00,518.4,6,1.0,0
2025-05-10 19:00,518.4,6,1.0,0
2025-05-10 20:00,518.4,6,1.0,0
2025-05-10 21:00,518.4,6,1.0,0
2025-05-10 22:00,518.4,6,1.0,0
2025-05-10 23:00,518.4,6,1.0,0
2025-05-11 00:00,518.4,6,1.0,0
2025-05-11 01:00,518.4,6,1.0,0
2025-05-11 02:00,518.4,6,1.0,0
2025-05-11 03:00,518.4,6,1.0,0
2025-05-11 04:00,518.4,6,1.0,0
2025-05-11 05:00,518.4,6,1.0,0
2025-05-11 06:00,518.4,6,1.0,0
2025-05-11 07:00,518.4,6,1.0,0
2025-05-11 08:00,518.4,6,1.0,0
2025-05-11 09:00,518.4,6,1.0,0
2025-05-11 10:00,518.4,6,1.0,0
2025-05-11 11:00,519.0,6,1.0,0
2025-05-11 12:00,519.4,6,1.0,0
2025-05-11 13:00,519.8,6,1.0,0
2025-05-11 14:00,520.4,6,1.0,0
2025-05-11 15:00,520.6,6,1.0,0
2025-05-11 16:00,520.6,6,1.0,0
2025-05-11 17:00,520.6,6,1.0,0
2025-05-11 18:00,520.6,6,1.0,0
2025-05-11 19:00,520.6,6,1.0,0
2025-05-11 20:00,520.6,6,1.0,0
2025-05-11 21:00,520.6,6,1.0,0
2025-05-11 22:00,520.6,6,1.0,0
2025-05-11 23:00,520.6,6,1.0,0
2025-05-12 00:00,520.6,6,1.0,0
2025-05-12 01:00,520.6,6,1.0,0
2025-05-12 02:00,520.6,6,1.0,0
2025-05-12 03:00,520.6,6,1.0,0
2025-05-12 04:00,520.6,6,1.0,0
2025-05-12 05:00,520.6,6,1.0,0
2025-05-12 06:00,520.6,6,1.0,0
2025-05-12 07:00,520.6,6,1.0,0
2025-05-12 08:00,520.6,6,1.0,0
2025-05-12 09:00,520.6,6,1.0,0
2025-05-12 10:00,520.6,6,1.0,0
2025-05-12 11:00,520.6,6,1.0,0
2025-05-12 12:00,520.6,6,1.0,0
2025-05-12 13:00,520.6,6,1.0,0
2025-05-12 14:00,520.6,6,1.0,0
2025-05-12 15:00,520.6,6,1.0,0
2025-05-12 16:00,520.6,6,1.0,0
2025-05-12 17:00,520.6,6,1.0,0
2025-05-12 18:00,520.6,6,1.0,0
2025-05-12 19:00,520.6,6,1.0,0
2025-05-12 20:00,520.6,6,1.0,0
2025-05-12 21:00,520.6,6,1.0,0
2025-05-12 22:00,520.6,6,1.0,0
2025-05-12 23:00,520.6,6,1.0,0
2025-05-13 00:00,520.6,6,1.0,0
2025-05-13 01:00,520.6,6,1.0,0
2025-05-13 02:00,520.6,6,1.0,0
2025-05-13 03:00,520.6,6,1.0,0
2025-05-13 04:00,520.6,6,1.0,0
2025-05-13 05:00,520.6,6,1.0,0
2025-05-13 06:00,520.6,6,1.0,0
2025-05-13 07:00,520.6,6,1.0,0
2025-05-13 08:00,520.6,6,1.0,0
2025-05-13 09:00,520.6,6,1.0,0
2025-05-13 10:00,520.6,6,1.0,0
2025-05-13 11:00,520.6,6,1.0,0
2025-05-13 12:00,521.8,6,1.0,0
2025-05-13 13:00,521.8,6,1.0,0
2025-05-13 14:00,524.2,6,1.0,0
2025-05-13 15:00,524.6,6,1.0,0
2025-05-13 16:00,526.0,6,1.0,0
2025-05-13 17:00,526.0,6,1.0,0
2025-05-13 18:00,526.0,6,1.0,0
2025-05-13 19:00,526.0,6,1.0,0
2025-05-13 20:00,526.0,6,1.0,0
2025-05-13 21:00,526.0,6,1.0,0
2025-05-13 22:00,526.0,6,1.0,0
2025-05-13 23:00,526.0,6,1.0,0
2025-05-14 00:00,526.0,6,1.0,0
2025-05-14 01:00,526.0,6,1.0,0
2025-05-14 02:00,526.0,6,1.0,0
2025-05-14 03:00,526.0,6,1.0,0
2025-05-14 04:00,526.0,6,1.0,0
2025-05-14 05:00,526.0,6,1.0,0
2025-05-14 06:00,526.0,6,1.0,0
2025-05-14 07:00,526.0,6,1.0,0
2025-05-14 08:00,526.0,6,1.0,0
2025-05-14 09:00,526.0,6,1.0,0
2025-05-14 10:00,526.0,6,1.0,0
2025-05-14 11:00,526.0,6,1.0,0
2025-05-14 12:00,526.0,6,1.0,0
2025-05-14 13:00,526.0,6,1.0,0
2025-05-14 14:00,526.0,6,1.0,0
2025-05-14 15:00,526.0,6,1.0,0
2025-05-14 16:00,526.0,6,1.0,0
2025-05-14 17:00,526.0,6,1.0,0
2025-05-14 18:00,526.0,6,1.0,0
2025-05-14 19:00,526.0,6,1.0,0
2025-05-14 20:00,526.0,6,1.0,0
2025-05-14 21:00,526.0,6,1.0,0
2025-05-14 22:00,526.0,6,1.0,0
2025-05-14 23:00,526.0,6,1.0,0
2025-05-15 00:00,526.0,6,1.0,0
2025-05-15 01:00,526.0,6,1.0,0
2025-05-15 02:00,526.0,6,1.0,0
2025-05-15 03:00,526.0,6,1.0,0
2025-05-15 04:00,526.0,6,1.0,0
2025-05-15 05:00,526.0,6,1.0,0
2025-05-15 06:00,526.0,6,1.0,0
2025-05-15 07:00,526.0,6,1.0,0
2025-05-15 08:00,526.0,6,1.0,0
2025-05-15 09:00,526.0,6,1.0,0
2025-05-15 10:00,526.0,6,1.0,0
2025-05-15 11:00,526.4,6,1.0,0
2025-05-15 12:00,526.6,6,1.0,0
2025-05-15 13:00,526.8,6,1.0,0
2025-05-15 14:00,527.4,6,1.0,0
2025-05-15 15:00,527.8,6,1.0,0
2025-05-15 16:00,528.0,6,1.0,0
2025-05-15 17:00,528.4,6,1.0,0
2025-05-15 18:00,528.6,6,1.0,0
2025-05-15 19:00,528.8,6,1.0,0
2025-05-15 20:00,528.8,6,1.0,0
2025-05-15 21:00,528.8,6,1.0,0
2025-05-15 22:00,528.8,6,1.0,0
2025-05-15 23:00,528.8,6,1.0,0
2025-05-16 00:00,528.8,6,1.0,0
2025-05-16 01:00,528.8,6,1.0,0
2025-05-16 02:00,528.8,6,1.0,0
2025-05-16 03:00,528.8,6,1.0,0
2025-05-16 04:00,528.8,6,1.0,0
2025-05-16 05:00,528.8,6,1.0,0
2025-05-16 06:00,528.8,6,1.0,0
2025-05-16 07:00,528.8,6,1.0,0
2025-05-16 08:00,528.8,6,1.0,0
2025-05-16 09:00,528.8,6,1.0,0
2025-05-16 10:00,528.8,6,1.0,0
2025-05-16 11:00,528.8,6,1.0,0
2025-05-16 12:00,528.8,6,1.0,0
2025-05-16 13:00,528.8,6,1.0,0
2025-05-16 14:00,528.8,6,1.0,0
2025-05-16 15:00,528.8,6,1.0,0
2025-05-16 16:00,528.8,6,1.0,0
2025-05-16 17:00,528.8,6,1.0,0
2025-05-16 18:00,528.8,6,1.0,0
2025-05-16 19:00,528.8,6,1.0,0
2025-05-16 20:00,528.8,6,1.0,0
2025-05-16 21:00,528.8,6,1.0,0
2025-05-16 22:00,528.8,6,1.0,0
2025-05-16 23:00,528.8,6,1.0,0
2025-05-17 00:00,528.8,6,1.0,0
2025-05-17 01:00,528.8,6,1.0,0
2025-05-17 02:00,528.8,6,1.0,0
2025-05-17 03:00,528.8,6,1.0,0
2025-05-17 04:00,528.8,6,1.0,0
2025-05-17 05:00,528.8,6,1.0,0
2025-05-17 06:00,528.8,6,1.0,0
2025-05-17 07:00,528.8,6,1.0,0
2025-05-17 08:00,528.8,6,1.0,0
2025-05-17 09:00,528.8,6,1.0,0
2025-05-17 10:00,528.8,6,1.0,0
2025-05-17 11:00,528.8,6,1.0,0
2025-05-17 12:00,528.8,6,1.0,0
2025-05-17 13:00,528.8,6,1.0,0
2025-05-17 14:00,528.8,6,1.0,0
2025-05-17 15:00,528.8,6,1.0,0
2025-05-17 16:00,528.8,6,1.0,0
2025-05-17 17:00,528.8,6,1.0,0
2025-05-17 18:00,528.8,6,1.0,0
2025-05-17 19:00,528.8,6,1.0,0
2025-05-17 20:00,528.8,6,1.0,0
2025-05-17 21:00,528.8,6,1.0,0
2025-05-17 22:00,528.8,6,1.0,0
2025-05-17 23:00,528.8,6,1.0,0
2025-05-18 00:00,528.8,6,1.0,0
2025-05-18 01:00,528.8,6,1.0,0
2025-05-18 02:00,528.8,6,1.0,0
2025-05-18 03:00,528.8,6,1.0,0
2025-05-18 04:00,528.8,6,1.0,0
2025-05-18 05:00,530.8,6,1.0,0
2025-05-18 06:00,530.8,6,1.0,0
2025-05-18 07:00,530.8,6,1.0,0
2025-05-18 08:00,530.8,6,1.0,0
2025-05-18 09:00,530.8,6,1.0,0
2025-05-18 10:00,530.8,6,1.0,0
2025-05-18 11:00,530.8,6,1.0,0
2025-05-18 12:00,530.8,6,1.0,0
2025-05-18 13:00,530.8,6,1.0,0
2025-05-18 14:00,530.8,6,1.0,0
2025-05-18 15:00,530.8,6,1.0,0
2025-05-18 16:00,530.8,6,1.0,0
2025-05-18 17:00,530.8,6,1.0,0
2025-05-18 18:00,530.8,6,1.0,0
2025-05-18 19:00,530.8,6,1.0,0
2025-05-18 20:00,530.8,6,1.0,0
2025-05-18 21:00,530.8,6,1.0,0
2025-05-18 22:00,530.8,6,1.0,0
2025-05-18 23:00,530.8,6,1.0,0
2025-05-19 00:00,530.8,6,1.0,0
2025-05-19 01:00,530.8,6,1.0,0
2025-05-19 02:00,530.8,6,1.0,0
2025-05-19 03:00,530.8,6,1.0,0
2025-05-19 04:00,530.8,6,1.0,0
2025-05-19 05:00,530.8,6,1.0,0
2025-05-19 06:00,530.8,6,1.0,0
2025-05-19 07:00,530.8,6,1.0,0
2025-05-19 08:00,530.8,6,1.0,0
2025-05-19 09:00,530.8,6,1.0,0
2025-05-19 10:00,530.8,6,1.0,0
2025-05-19 11:00,530.8,6,1.0,0
2025-05-19 12:00,530.8,6,1.0,0
2025-05-19 13:00,530.8,6,1.0,0
2025-05-19 14:00,530.8,6,1.0,0
2025-05-19 15:00,530.8,6,1.0,0
2025-05-19 16:00,530.8,6,1.0,0
2025-05-19 17:00,530.8,6,1.0,0
2025-05-19 18:00,530.8,6,1.0,0
2025-05-19 19:00,530.8,6,1.0,0
2025-05-19 20:00,530.8,6,1.0,0
2025-05-19 21:00,530.8,6,1.0,0
2025-05-19 22:00,530.8,6,1.0,0
2025-05-19 23:00,530.8,6,1.0,0
2025-05-20 00:00,530.8,6,1.0,0
2025-05-20 01:00,530.8,6,1.0,0
2025-05-20 02:00,530.8,6,1.0,0
2025-05-20 03:00,530.8,6,1.0,0
2025-05-20 04:00,530.8,6,1.0,0
2025-05-20 05:00,530.8,6,1.0,0
2025-05-20 06:00,530.8,6,1.0,0
2025-05-20 07:00,530.8,6,1.0,0
2025-05-20 08:00,530.8,6,1.0,0
2025-05-20 09:00,530.8,6,1.0,0
2025-05-20 10:00,530.8,6,1.0,0
2025-05-20 11:00,530.8,6,1.0,0
2025-05-20 12:00,530.8,6,1.0,0
2025-05-20 13:00,530.8,6,1.0,0
2025-05-20 14:00,530.8,6,1.0,0
2025-05-20 15:00,530.8,6,1.0,0
2025-05-20 16:00,530.8,6,1.0,0
2025-05-20 17:00,530.8,6,1.0,0
2025-05-20 18:00,530.8,6,1.0,0
2025-05-20 19:00,530.8,6,1.0,0
2025-05-20 20:00,530.8,6,1.0,0
2025-05-20 21:00,530.8,6,1.0,0
2025-05-20 22:00,530.8,6,1.0,0
2025-05-20 23:00,530.8,6,1.0,0
2025-05-21 00:00,530.8,6,1.0,0
2025-05-21 01:00,530.8,6,1.0,0
2025-05-21 02:00,530.8,6,1.0,0
2025-05-21 03:00,530.8,6,1.0,0
2025-05-21 04:00,530.8,6,1.0,0
2025-05-21 05:00,530.8,6,1.0,0
2025-05-21 06:00,530.8,6,1.0,0
2025-05-21 07:00,530.8,6,1.0,0
2025-05-21 08:00,530.8,6,1.0,0
2025-05-21 09:00,530.8,6,1.0,0
2025-05-21 10:00,530.8,6,1.0,0
2025-05-21 11:00,530.8,6,1.0,0
2025-05-21 12:00,530.8,6,1.0,0
2025-05-21 13:00,530.8,6,1.0,0
2025-05-21 14:00,531.0,6,1.0,0
2025-05-21 15:00,531.0,6,1.0,0
2025-05-21 16:00,531.6,6,1.0,0
2025-05-21 17:00,532.4,6,1.0,0
2025-05-21 18:00,532.4,6,1.0,0
2025-05-21 19:00,532.4,6,1.0,0
2025-05-21 20:00,532.4,6,1.0,0
2025-05-21 21:00,532.4,6,1.0,0
2025-05-21 22:00,532.4,6,1.0,0
2025-05-21 23:00,532.4,6,1.0,0
2025-05-22 00:00,532.4,6,1.0,0
2025-05-22 01:00,532.4,6,1.0,0
2025-05-22 02:00,532.4,6,1.0,0
2025-05-22 03:00,532.4,6,1.0,0
2025-05-22 04:00,532.4,6,1.0,0
2025-05-22 05:00,532.4,6,1.0,0
2025-05-22 06:00,532.4,6,1.0,0
2025-05-22 07:00,532.4,6,1.0,0
2025-05-22 08:00,532.4,6,1.0,0
2025-05-22 09:00,532.4,6,1.0,0
2025-05-22 10:00,532.4,6,1.0,0
2025-05-22 11:00,532.4,6,1.0,0
2025-05-22 12:00,532.4,6,1.0,0
2025-05-22 13:00,532.4,6,1.0,0
2025-05-22 14:00,532.4,6,1.0,0
2025-05-22 15:00,532.4,6,1.0,0
2025-05-22 16:00,532.4,6,1.0,0
2025-05-22 17:00,532.4,6,1.0,0
2025-05-22 18:00,532.4,6,1.0,0
2025-05-22 19:00,532.4,6,1.0,0
2025-05-22 20:00,532.4,6,1.0,0
2025-05-22 21:00,532.4,6,1.0,0
2025-05-22 22:00,532.4,6,1.0,0
2025-05-22 23:00,532.4,6,1.0,0
2025-05-23 00:00,532.4,6,1.0,0
2025-05-23 01:00,532.4,6,1.0,0
2025-05-23 02:00,532.4,6,1.0,0
2025-05-23 03:00,532.4,6,1.0,0
2025-05-23 04:00,532.4,6,1.0,0
2025-05-23 05:00,532.4,6,1.0,0
2025-05-23 06:00,532.4,6,1.0,0
2025-05-23 07:00,537.5,6,1.0,0
2025-05-23 08:00,538.1,6,1.0,0
2025-05-23 09:00,538.1,6,1.0,0
2025-05-23 10:00,538.1,6,1.0,0
2025-05-23 11:00,538.1,6,1.0,0
2025-05-23 12:00,538.1,6,1.0,0
2025-05-23 13:00,538.1,6,1.0,0
2025-05-23 14:00,538.1,6,1.0,0
2025-05-23 15:00,538.1,6,1.0,0
2025-05-23 16:00,538.1,6,1.0,0
2025-05-23 17:00,538.1,6,1.0,0
2025-05-23 18:00,538.1,6,1.0,0
2025-05-23 19:00,538.1,6,1.0,0
2025-05-23 20:00,538.1,6,1.0,0
2025-05-23 21:00,538.1,6,1.0,0
2025-05-23 22:00,538.1,6,1.0,0
2025-05-23 23:00,538.1,6,1.0,0
2025-05-24 00:00,538.1,6,1.0,0
2025-05-24 01:00,538.1,6,1.0,0
2025-05-24 02:00,538.1,6,1.0,0
2025-05-24 03:00,538.1,6,1.0,0
2025-05-24 04:00,538.1,6,1.0,0
2025-05-24 05:00,538.1,6,1.0,0
2025-05-24 06:00,538.1,6,1.0,0
2025-05-24 07:00,538.1,6,1.0,0
2025-05-24 08:00,538.1,6,1.0,0
2025-05-24 09:00,538.1,6,1.0,0
2025-05-24 10:00,538.1,6,1.0,0
2025-05-24 11:00,538.1,6,1.0,0
2025-05-24 12:00,538.1,6,1.0,0
2025-05-24 13:00,538.1,6,1.0,0
2025-05-24 14:00,538.1,6,1.0,0
2025-05-24 15:00,538.1,6,1.0,0
2025-05-24 16:00,538.1,6,1.0,0
2025-05-24 17:00,538.1,6,1.0,0
2025-05-24 18:00,538.1,6,1.0,0
2025-05-24 19:00,538.1,6,1.0,0
2025-05-24 20:00,538.1,6,1.0,0
2025-05-24 21:00,538.1,6,1.0,0
2025-05-24 22:00,538.1,6,1.0,0
2025-05-24 23:00,538.1,6,1.0,0
2025-05-25 00:00,538.1,6,1.0,0
2025-05-25 01:00,538.1,6,1.0,0
2025-05-25 02:00,538.1,6,1.0,0
2025-05-25 03:00,538.1,6,1.0,0
2025-05-25 04:00,538.1,6,1.0,0
2025-05-25 05:00,538.1,6,1.0,0
2025-05-25 06:00,538.1,6,1.0,0
2025-05-25 07:00,538.1,6,1.0,0
2025-05-25 08:00,538.1,6,1.0,0
2025-05-25 09:00,538.1,6,1.0,0
2025-05-25 10:00,538.1,6,1.0,0
2025-05-25 11:00,538.1,6,1.0,0
2025-05-25 12:00,538.1,6,1.0,0
2025-05-25 13:00,538.1,6,1.0,0
2025-05-25 14:00,538.1,6,1.0,0
2025-05-25 15:00,538.1,6,1.0,0
2025-05-25 16:00,538.1,6,1.0,0
2025-05-25 17:00,538.1,6,1.0,0
2025-05-25 18:00,538.1,6,1.0,0
2025-05-25 19:00,538.1,6,1.0,0
2025-05-25 20:00,538.1,6,1.0,0
2025-05-25 21:00,538.1,6,1.0,0
2025-05-25 22:00,538.1,6,1.0,0
2025-05-25 23:00,538.1,6,1.0,0
2025-05-26 00:00,538.1,6,1.0,0
2025-05-26 01:00,538.1,6,1.0,0
2025-05-26 02:00,538.1,6,1.0,0
2025-05-26 03:00,538.1,6,1.0,0
2025-05-26 04:00,538.1,6,1.0,0
2025-05-26 05:00,538.1,6,1.0,0
2025-05-26 06:00,538.1,6,1.0,0
2025-05-26 07:00,538.1,6,1.0,0
2025-05-26 08:00,538.1,6,1.0,0
2025-05-26 09:00,538.1,6,1.0,0
2025-05-26 10:00,538.1,6,1.0,0
2025-05-26 11:00,538.1,6,1.0,0
2025-05-26 12:00,538.1,6,1.0,0
2025-05-26 13:00,538.1,6,1.0,0
2025-05-26 14:00,538.1,6,1.0,0
2025-05-26 15:00,538.1,6,1.0,0
2025-05-26 16:00,538.1,6,1.0,0
2025-05-26 17:00,538.1,6,1.0,0
2025-05-26 18:00,538.1,6,1.0,0
2025-05-26 19:00,538.1,6,1.0,0
2025-05-26 20:00,538.1,6,1.0,0
2025-05-26 21:00,538.1,6,1.0,0
2025-05-26 22:00,538.1,6,1.0,0
2025-05-26 23:00,538.1,6,1.0,0
2025-05-27 00:00,538.1,6,1.0,0
2025-05-27 01:00,538.1,6,1.0,0
2025-05-27 02:00,538.1,6,1.0,0
2025-05-27 03:00,538.1,6,1.0,0
2025-05-27 04:00,538.1,6,1.0,0
2025-05-27 05:00,538.1,6,1.0,0
2025-05-27 06:00,538.1,6,1.0,0
2025-05-27 07:00,538.1,6,1.0,0
2025-05-27 08:00,538.1,6,1.0,0
2025-05-27 09:00,538.1,6,1.0,0
2025-05-27 10:00,538.1,6,1.0,0
2025-05-27 11:00,538.1,6,1.0,0
2025-05-27 12:00,538.1,6,1.0,0
2025-05-27 13:00,538.1,6,1.0,0
2025-05-27 14:00,538.1,6,1.0,0
2025-05-27 15:00,538.1,6,1.0,0
2025-05-27 16:00,538.1,6,1.0,0
2025-05-27 17:00,538.1,6,1.0,0
2025-05-27 18:00,538.1,6,1.0,0
2025-05-27 19:00,538.1,6,1.0,0
2025-05-27 20:00,538.1,6,1.0,0
2025-05-27 21:00,538.1,6,1.0,0
2025-05-27 22:00,538.1,6,1.0,0
2025-05-27 23:00,538.1,6,1.0,0
2025-05-28 00:00,538.1,6,1.0,0
2025-05-28 01:00,538.1,6,1.0,0
2025-05-28 02:00,538.1,6,1.0,0
2025-05-28 03:00,538.1,6,1.0,0
2025-05-28 04:00,538.1,6,1.0,0
2025-05-28 05:00,538.1,6,1.0,0
2025-05-28 06:00,538.1,6,1.0,0
2025-05-28 07:00,538.1,6,1.0,0
2025-05-28 08:00,538.1,6,1.0,0
2025-05-28 09:00,538.1,6,1.0,0
2025-05-28 10:00,538.1,6,1.0,0
2025-05-28 11:00,538.1,6,1.0,0
2025-05-28 12:00,538.1,6,1.0,0
2025-05-28 13:00,538.1,6,1.0,0
2025-05-28 14:00,538.1,6,1.0,0
2025-05-28 15:00,538.1,6,1.0,0
2025-05-28 16:00,538.1,6,1.0,0
2025-05-28 17:00,538.1,6,1.0,0
2025-05-28 18:00,538.1,6,1.0,0
2025-05-28 19:00,538.1,6,1.0,0
2025-05-28 20:00,538.1,6,1.0,0
2025-05-28 21:00,538.1,6,1.0,0
2025-05-28 22:00,538.1,6,1.0,0
2025-05-28 23:00,538.1,6,1.0,0
2025-05-29 00:00,538.1,6,1.0,0
2025-05-29 01:00,538.1,6,1.0,0
2025-05-29 02:00,538.1,6,1.0,0
2025-05-29 03:00,538.1,6,1.0,0
2025-05-29 04:00,538.1,6,1.0,0
2025-05-29 05:00,538.1,6,1.0,0
2025-05-29 06:00,538.1,6,1.0,0
2025-05-29 07:00,538.1,6,1.0,0
2025-05-29 08:00,538.1,6,1.0,0
2025-05-29 09:00,538.1,6,1.0,0
2025-05-29 10:00,538.1,6,1.0,0
2025-05-29 11:00,538.1,6,1.0,0
2025-05-29 12:00,538.1,6,1.0,0
2025-05-29 13:00,538.1,6,1.0,0
2025-05-29 14:00,538.1,6,1.0,0
2025-05-29 15:00,538.1,6,1.0,0
2025-05-29 16:00,538.1,6,1.0,0
2025-05-29 17:00,538.1,6,1.0,0
2025-05-29 18:00,538.1,6,1.0,0
2025-05-29 19:00,538.1,6,1.0,0
2025-05-29 20:00,538.1,6,1.0,0
2025-05-29 21:00,538.1,6,1.0,0
2025-05-29 22:00,538.1,6,1.0,0
2025-05-29 23:00,538.1,6,1.0,0
2025-05-30 00:00,538.1,6,1.0,0
2025-05-30 01:00,538.1,6,1.0,0
2025-05-30 02:00,538.1,6,1.0,0
2025-05-30 03:00,538.1,6,1.0,0
2025-05-30 04:00,538.1,6,1.0,0
2025-05-30 05:00,538.1,6,1.0,0
2025-05-30 06:00,538.1,6,1.0,0
2025-05-30 07:00,538.1,6,1.0,0
2025-05-30 08:00,538.1,6,1.0,0
2025-05-30 09:00,538.1,6,1.0,0
2025-05-30 10:00,538.1,6,1.0,0
2025-05-30 11:00,538.1,6,1.0,0
2025-05-30 12:00,538.1,6,1.0,0
2025-05-30 13:00,538.1,6,1.0,0
2025-05-30 14:00,538.1,6,1.0,0
2025-05-30 15:00,538.1,6,1.0,0
2025-05-30 16:00,538.1,6,1.0,0
2025-05-30 17:00,538.1,6,1.0,0
2025-05-30 18:00,538.1,6,1.0,0
2025-05-30 19:00,538.1,6,1.0,0
2025-05-30 20:00,538.1,6,1.0,0
2025-05-30 21:00,538.1,6,1.0,0
2025-05-30 22:00,538.1,6,1.0,0
2025-05-30 23:00,538.1,6,1.0,0
2025-05-31 00:00,538.1,6,1.0,0
2025-05-31 01:00,538.1,6,1.0,0
2025-05-31 02:00,538.1,6,1.0,0
2025-05-31 03:00,538.1,6,1.0,0
2025-05-31 04:00,538.1,6,1.0,0
2025-05-31 05:00,538.1,6,1.0,0
2025-05-31 06:00,538.1,6,1.0,0
2025-05-31 07:00,538.1,6,1.0,0
2025-05-31 08:00,538.1,6,1.0,0
2025-05-31 09:00,538.1,6,1.0,0
2025-05-31 10:00,538.1,6,1.0,0
2025-05-31 11:00,538.1,6,1.0,0
2025-05-31 12:00,538.1,6,1.0,0
2025-05-31 13:00,538.1,6,1.0,0
2025-05-31 14:00,538.1,6,1.0,0
2025-05-31 15:00,538.1,6,1.0,0
2025-05-31 16:00,538.1,6,1.0,0
2025-05-31 17:00,538.1,6,1.0,0
2025-05-31 18:00,538.1,6,1.0,0
2025-05-31 19:00,538.1,6,1.0,0
2025-05-31 20:00,538.1,6,1.0,0
2025-05-31 21:00,538.1,6,1.0,0
2025-05-31 22:00,538.1,6,1.0,0
2025-05-31 23:00,538.1,6,1.0,0
2025-06-01 00:00,538.1,6,1.0,0
2025-06-01 01:00,538.1,6,1.0,0
2025-06-01 02:00,538.1,6,1.0,0
2025-06-01 03:00,538.1,6,1.0,0
2025-06-01 04:00,538.1,6,1.0,0
2025-06-01 05:00,538.1,6,1.0,0
2025-06-01 06:00,538.1,6,1.0,0
2025-06-01 07:00,538.1,6,1.0,0
2025-06-01 08:00,538.1,6,1.0,0
2025-06-01 09:00,538.1,6,1.0,0
2025-06-01 10:00,538.1,6,1.0,0
2025-06-01 11:00,538.1,6,1.0,0
2025-06-01 12:00,538.1,6,1.0,0
2025-06-01 13:00,538.1,6,1.0,0
2025-06-01 14:00,538.1,6,1.0,0
2025-06-01 15:00,538.1,6,1.0,0
2025-06-01 16:00,538.1,6,1.0,0
2025-06-01 17:00,538.1,6,1.0,0
2025-06-01 18:00,538.1,6,1.0,0
2025-06-01 19:00,538.1,6,1.0,0
2025-06-01 20:00,538.1,6,1.0,0
2025-06-01 21:00,538.1,6,1.0,0
2025-06-01 22:00,538.1,6,1.0,0
2025-06-01 23:00,538.1,6,1.0,0
2025-06-02 00:00,538.1,6,1.0,0
2025-06-02 01:00,538.1,6,1.0,0
2025-06-02 02:00,538.1,6,1.0,0
2025-06-02 03:00,538.1,6,1.0,0
2025-06-02 04:00,538.1,6,1.0,0
2025-06-02 05:00,538.1,6,1.0,0
2025-06-02 06:00,538.1,6,1.0,0
2025-06-02 07:00,538.1,6,1.0,0
2025-06-02 08:00,538.1,6,1.0,0
2025-06-02 09:00,538.1,6,1.0,0
2025-06-02 10:00,538.1,6,1.0,0
2025-06-02 11:00,538.1,6,1.0,0
2025-06-02 12:00,538.1,6,1.0,0
2025-06-02 13:00,538.1,6,1.0,0
2025-06-02 14:00,538.1,6,1.0,0
2025-06-02 15:00,538.1,6,1.0,0
2025-06-02 16:00,538.1,6,1.0,0
2025-06-02 17:00,538.1,6,1.0,0
2025-06-02 18:00,538.1,6,1.0,0
2025-06-02 19:00,538.1,6,1.0,0
2025-06-02 20:00,538.1,6,1.0,0
2025-06-02 21:00,538.1,6,1.0,0
2025-06-02 22:00,538.1,6,1.0,0
2025-06-02 23:00,538.1,6,1.0,0
2025-06-03 00:00,538.1,6,1.0,0
2025-06-03 01:00,538.1,6,1.0,0
2025-06-03 02:00,538.1,6,1.0,0
2025-06-03 03:00,538.1,6,1.0,0
2025-06-03 04:00,538.1,6,1.0,0
2025-06-03 05:00,538.1,6,1.0,0
2025-06-03 06:00,538.1,6,1.0,0
2025-06-03 07:00,538.1,6,1.0,0
2025-06-03 08:00,538.1,6,1.0,0
2025-06-03 09:00,538.1,6,1.0,0
2025-06-03 10:00,538.1,6,1.0,0
2025-06-03 11:00,538.1,6,1.0,0
2025-06-03 12:00,538.1,6,1.0,0
2025-06-03 13:00,538.1,6,1.0,0
2025-06-03 14:00,538.1,6,1.0,0
2025-06-03 15:00,538.1,6,1.0,0
2025-06-03 16:00,538.1,6,1.0,0
2025-06-03 17:00,538.1,6,1.0,0
2025-06-03 18:00,538.1,6,1.0,0
2025-06-03 19:00,538.1,6,1.0,0
2025-06-03 20:00,538.1,6,1.0,0
2025-06-03 21:00,538.1,6,1.0,0
2025-06-03 22:00,538.1,6,1.0,0
2025-06-03 23:00,538.1,6,1.0,0
2025-06-04 00:00,538.1,6,1.0,0
2025-06-04 01:00,538.1,6,1.0,0
2025-06-04 02:00,538.1,6,1.0,0
2025-06-04 03:00,538.1,6,1.0,0
2025-06-04 04:00,538.1,6,1.0,0
2025-06-04 05:00,538.1,6,1.0,0
2025-06-04 06:00,538.1,6,1.0,0
2025-06-04 07:00,538.1,6,1.0,0
2025-06-04 08:00,538.1,6,1.0,0
2025-06-04 09:00,538.1,6,1.0,0
2025-06-04 10:00,538.1,6,1.0,0
2025-06-04 11:00,538.1,6,1.0,0
2025-06-04 12:00,538.1,6,1.0,0
2025-06-04 13:00,538.1,6,1.0,0
2025-06-04 14:00,538.1,6,1.0,0
2025-06-04 15:00,538.1,6,1.0,0
2025-06-04 16:00,538.1,6,1.0,0
2025-06-04 17:00,538.1,6,1.0,0
2025-06-04 18:00,538.1,6,1.0,0
2025-06-04 19:00,538.1,6,1.0,0
2025-06-04 20:00,538.1,6,1.0,0
2025-06-04 21:00,538.1,6,1.0,0
2025-06-04 22:00,538.1,6,1.0,0
2025-06-04 23:00,538.1,6,1.0,0
2025-06-05 00:00,538.1,6,1.0,0
2025-06-05 01:00,538.1,6,1.0,0
2025-06-05 02:00,538.1,6,1.0,0
2025-06-05 03:00,538.1,6,1.0,0
2025-06-05 04:00,538.1,6,1.0,0
2025-06-05 05:00,538.1,6,1.0,0
2025-06-05 06:00,538.1,6,1.0,0
2025-06-05 07:00,538.1,6,1.0,0
2025-06-05 08:00,538.1,6,1.0,0
2025-06-05 09:00,538.1,6,1.0,0
2025-06-05 10:00,538.1,6,1.0,0
2025-06-05 11:00,538.1,6,1.0,0
2025-06-05 12:00,538.1,6,1.0,0
2025-06-05 13:00,538.1,6,1.0,0
2025-06-05 14:00,538.1,6,1.0,0
2025-06-05 15:00,538.1,6,1.0,0
2025-06-05 16:00,538.1,6,1.0,0
2025-06-05 17:00,538.1,6,1.0,0
2025-06-05 18:00,538.1,6,1.0,0
2025-06-05 19:00,538.1,6,1.0,0
2025-06-05 20:00,538.1,6,1.0,0
2025-06-05 21:00,538.1,6,1.0,0
2025-06-05 22:00,538.1,6,1.0,0
2025-06-05 23:00,538.1,6,1.0,0
2025-06-06 00:00,538.1,6,1.0,0
2025-06-06 01:00,538.1,6,1.0,0
2025-06-06 02:00,538.1,6,1.0,0
2025-06-06 03:00,538.1,6,1.0,0
2025-06-06 04:00,538.1,6,1.0,0
2025-06-06 05:00,538.1,6,1.0,0
2025-06-06 06:00,538.1,6,1.0,0
2025-06-06 07:00,538.1,6,1.0,0
2025-06-06 08:00,538.1,6,1.0,0
2025-06-06 09:00,538.1,6,1.0,0
2025-06-06 10:00,538.1,6,1.0,0
2025-06-06 11:00,538.1,6,1.0,0
2025-06-06 12:00,538.1,6,1.0,0
2025-06-06 13:00,538.1,6,1.0,0
2025-06-06 14:00,538.1,6,1.0,0
2025-06-06 15:00,538.1,6,1.0,0
2025-06-06 16:00,538.1,6,1.0,0
2025-06-06 17:00,538.1,6,1.0,0
2025-06-06 18:00,538.1,6,1.0,0
2025-06-06 19:00,538.1,6,1.0,0
2025-06-06 20:00,538.1,6,1.0,0
2025-06-06 21:00,538.1,6,1.0,0
2025-06-06 22:00,538.1,6,1.0,0
2025-06-06 23:00,538.1,6,1.0,0
2025-06-07 00:00,538.1,6,1.0,0
2025-06-07 01:00,538.1,6,1.0,0
2025-06-07 02:00,538.1,6,1.0,0
2025-06-07 03:00,538.1,6,1.0,0
2025-06-07 04:00,538.1,6,1.0,0
2025-06-07 05:00,538.1,6,1.0,0
2025-06-07 06:00,538.1,6,1.0,0
2025-06-07 07:00,538.1,6,1.0,0
2025-06-07 08:00,538.1,6,1.0,0
2025-06-07 09:00,538.1,6,1.0,0
2025-06-07 10:00,538.1,6,1.0,0
2025-06-07 11:00,538.1,6,1.0,0
2025-06-07 12:00,538.1,6,1.0,0
2025-06-07 13:00,538.1,6,1.0,0
2025-06-07 14:00,538.1,6,1.0,0
2025-06-07 15:00,538.1,6,1.0,0
2025-06-07 16:00,538.1,6,1.0,0
2025-06-07 17:00,538.1,6,1.0,0
2025-06-07 18:00,538.1,6,1.0,0
2025-06-07 19:00,538.1,6,1.0,0
2025-06-07 20:00,538.1,6,1.0,0
2025-06-07 21:00,538.1,6,1.0,0
2025-06-07 22:00,538.1,6,1.0,0
2025-06-07 23:00,538.1,6,1.0,0
2025-06-08 00:00,538.1,6,1.0,0
2025-06-08 01:00,538.1,6,1.0,0
2025-06-08 02:00,538.1,6,1.0,0
2025-06-08 03:00,538.1,6,1.0,0
2025-06-08 04:00,538.1,6,1.0,0
2025-06-08 05:00,538.1,6,1.0,0
2025-06-08 06:00,538.1,6,1.0,0
2025-06-08 07:00,538.1,6,1.0,0
2025-06-08 08:00,538.1,6,1.0,0
2025-06-08 09:00,538.1,6,1.0,0
2025-06-08 10:00,538.1,6,1.0,0
2025-06-08 11:00,538.1,6,1.0,0
2025-06-08 12:00,538.1,6,1.0,0
2025-06-08 13:00,538.1,6,1.0,0
2025-06-08 14:00,538.1,6,1.0,0
2025-06-08 15:00,538.1,6,1.0,0
2025-06-08 16:00,538.1,6,1.0,0
2025-06-08 17:00,538.1,6,1.0,0
2025-06-08 18:00,538.1,6,1.0,0
2025-06-08 19:00,538.1,6,1.0,0
2025-06-08 20:00,538.1,6,1.0,0
2025-06-08 21:00,538.1,6,1.0,0
2025-06-08 22:00,538.1,6,1.0,0
2025-06-08 23:00,538.1,6,1.0,0
2025-06-09 00:00,538.1,6,1.0,0
2025-06-09 01:00,538.1,6,1.0,0
2025-06-09 02:00,538.1,6,1.0,0
2025-06-09 03:00,538.1,6,1.0,0
2025-06-09 04:00,538.1,6,1.0,0
2025-06-09 05:00,538.1,6,1.0,0
2025-06-09 06:00,538.1,6,1.0,0
2025-06-09 07:00,538.1,6,1.0,0
2025-06-09 08:00,538.1,6,1.0,0
2025-06-09 09:00,538.1,6,1.0,0
2025-06-09 10:00,538.1,6,1.0,0
2025-06-09 11:00,538.1,6,1.0,0
2025-06-09 12:00,538.1,6,1.0,0
2025-06-09 13:00,538.1,6,1.0,0
2025-06-09 14:00,538.1,6,1.0,0
2025-06-09 15:00,538.1,6,1.0,0
2025-06-09 16:00,538.1,6,1.0,0
2025-06-09 17:00,538.1,6,1.0,0
2025-06-09 18:00,538.1,6,1.0,0
2025-06-09 19:00,538.1,6,1.0,0
2025-06-09 20:00,538.1,6,1.0,0
2025-06-09 21:00,538.1,6,1.0,0
2025-06-09 22:00,538.1,6,1.0,0
2025-06-09 23:00,538.1,6,1.0,0
2025-06-10 00:00,538.1,6,1.0,0
2025-06-10 01:00,538.1,6,1.0,0
2025-06-10 02:00,538.1,6,1.0,0
2025-06-10 03:00,538.1,6,1.0,0
2025-06-10 04:00,538.1,6,1.0,0
2025-06-10 05:00,538.1,6,1.0,0
2025-06-10 06:00,538.1,6,1.0,0
2025-06-10 07:00,538.1,6,1.0,0
2025-06-10 08:00,538.1,6,1.0,0
2025-06-10 09:00,538.1,6,1.0,0
2025-06-10 10:00,538.1,6,1.0,0
2025-06-10 11:00,538.1,6,1.0,0
2025-06-10 12:00,538.1,6,1.0,0
2025-06-10 13:00,538.1,6,1.0,0
2025-06-10 14:00,538.1,6,1.0,0
2025-06-10 15:00,538.1,6,1.0,0
2025-06-10 16:00,538.1,6,1.0,0
2025-06-10 17:00,538.1,6,1.0,0
2025-06-10 18:00,538.1,6,1.0,0
2025-06-10 19:00,538.1,6,1.0,0
2025-06-10 20:00,538.1,6,1.0,0
2025-06-10 21:00,538.1,6,1.0,0
2025-06-10 22:00,538.1,6,1.0,0
2025-06-10 23:00,538.1,6,1.0,0
2025-06-11 00:00,538.1,6,1.0,0
2025-06-11 01:00,538.1,6,1.0,0
2025-06-11 02:00,538.1,6,1.0,0
2025-06-11 03:00,538.1,6,1.0,0
2025-06-11 04:00,538.1,6,1.0,0
2025-06-11 05:00,538.1,6,1.0,0
2025-06-11 06:00,538.1,6,1.0,0
2025-06-11 07:00,538.1,6,1.0,0
2025-06-11 08:00,538.1,6,1.0,0
2025-06-11 09:00,538.1,6,1.0,0
2025-06-11 10:00,538.1,6,1.0,0
2025-06-11 11:00,538.1,6,1.0,0
2025-06-11 12:00,538.1,6,1.0,0
2025-06-11 13:00,538.1,6,1.0,0
2025-06-11 14:00,538.1,6,1.0,0
2025-06-11 15:00,538.1,6,1.0,0
2025-06-11 16:00,538.1,6,1.0,0
2025-06-11 17:00,538.1,6,1.0,0
2025-06-11 18:00,538.1,6,1.0,0
2025-06-11 19:00,538.1,6,1.0,0
2025-06-11 20:00,538.1,6,1.0,0
2025-06-11 21:00,538.1,6,1.0,0
2025-06-11 22:00,538.1,6,1.0,0
2025-06-11 23:00,538.1,6,1.0,0
2025-06-12 00:00,538.1,6,1.0,0
2025-06-12 01:00,538.1,6,1.0,0
2025-06-12 02:00,538.1,6,1.0,0
2025-06-12 03:00,538.1,6,1.0,0
2025-06-12 04:00,538.1,6,1.0,0
2025-06-12 05:00,538.1,6,1.0,0
2025-06-12 06:00,538.1,6,1.0,0
2025-06-12 07:00,538.1,6,1.0,0
2025-06-12 08:00,538.1,6,1.0,0
2025-06-12 09:00,538.1,6,1.0,0
2025-06-12 10:00,538.1,6,1.0,0
2025-06-12 11:00,538.1,6,1.0,0
2025-06-12 12:00,538.1,6,1.0,0
2025-06-12 13:00,538.1,6,1.0,0
2025-06-12 14:00,538.1,6,1.0,0
2025-06-12 15:00,538.1,6,1.0,0
2025-06-12 16:00,538.1,6,1.0,0
2025-06-12 17:00,538.1,6,1.0,0
2025-06-12 18:00,538.1,6,1.0,0
2025-06-12 19:00,538.1,6,1.0,0
2025-06-12 20:00,538.1,6,1.0,0
2025-06-12 21:00,538.1,6,1.0,0
2025-06-12 22:00,538.1,6,1.0,0
2025-06-12 23:00,538.1,6,1.0,0
2025-06-13 00:00,538.1,6,1.0,0
2025-06-13 01:00,538.1,6,1.0,0
2025-06-13 02:00,538.1,6,1.0,0
2025-06-13 03:00,538.1,6,1.0,0
2025-06-13 04:00,538.1,6,1.0,0
2025-06-13 05:00,538.1,6,1.0,0
2025-06-13 06:00,538.1,6,1.0,0
2025-06-13 07:00,538.1,6,1.0,0
2025-06-13 08:00,538.1,6,1.0,0
2025-06-13 09:00,538.1,6,1.0,0
2025-06-13 10:00,538.1,6,1.0,0
2025-06-13 11:00,538.1,6,1.0,0
2025-06-13 12:00,538.1,6,1.0,0
2025-06-13 13:00,538.1,6,1.0,0
2025-06-13 14:00,538.1,6,1.0,0
2025-06-13 15:00,538.1,6,1.0,0
2025-06-13 16:00,538.1,6,1.0,0
2025-06-13 17:00,538.1,6,1.0,0
2025-06-13 18:00,538.1,6,1.0,0
2025-06-13 19:00,538.1,6,1.0,0
2025-06-13 20:00,538.1,6,1.0,0
2025-06-13 21:00,538.1,6,1.0,0
2025-06-13 22:00,538.1,6,1.0,0
2025-06-13 23:00,538.1,6,1.0,0
2025-06-14 00:00,538.1,6,1.0,0
2025-06-14 01:00,538.1,6,1.0,0
2025-06-14 02:00,538.1,6,1.0,0
2025-06-14 03:00,538.1,6,1.0,0
2025-06-14 04:00,538.1,6,1.0,0
2025-06-14 05:00,538.1,6,1.0,0
2025-06-14 06:00,538.1,6,1.0,0
2025-06-14 07:00,538.1,6,1.0,0
2025-06-14 08:00,538.1,6,1.0,0
2025-06-14 09:00,538.1,6,1.0,0
2025-06-14 10:00,538.1,6,1.0,0
2025-06-14 11:00,538.1,6,1.0,0
2025-06-14 12:00,538.1,6,1.0,0
2025-06-14 13:00,538.1,6,1.0,0
2025-06-14 14:00,538.1,6,1.0,0
2025-06-14 15:00,538.1,6,1.0,0
2025-06-14 16:00,538.1,6,1.0,0
2025-06-14 17:00,538.1,6,1.0,0
2025-06-14 18:00,538.1,6,1.0,0
2025-06-14 19:00,538.1,6,1.0,0
2025-06-14 20:00,538.1,6,1.0,0
2025-06-14 21:00,538.1,6,1.0,0
2025-06-14 22:00,538.1,6,1.0,0
2025-06-14 23:00,538.1,6,1.0,0
2025-06-15 00:00,538.1,6,1.0,0
2025-06-15 01:00,538.1,6,1.0,0
2025-06-15 02:00,538.1,6,1.0,0
2025-06-15 03:00,538.1,6,1.0,0
2025-06-15 04:00,538.1,6,1.0,0
2025-06-15 05:00,538.1,6,1.0,0
2025-06-15 06:00,538.1,6,1.0,0
2025-06-15 07:00,538.1,6,1.0,0
2025-06-15 08:00,538.1,6,1.0,0
2025-06-15 09:00,538.1,6,1.0,0
2025-06-15 10:00,538.1,6,1.0,0
2025-06-15 11:00,538.1,6,1.0,0
2025-06-15 12:00,538.1,6,1.0,0
2025-06-15 13:00,538.1,6,1.0,0
2025-06-15 14:00,538.1,6,1.0,0
2025-06-15 15:00,538.1,6,1.0,0
2025-06-15 16:00,538.1,6,1.0,0
2025-06-15 17:00,538.1,6,1.0,0
2025-06-15 18:00,538.1,6,1.0,0
2025-06-15 19:00,538.1,6,1.0,0
2025-06-15 20:00,538.1,6,1.0,0
2025-06-15 21:00,538.1,6,1.0,0
2025-06-15 22:00,538.1,6,1.0,0
2025-06-15 23:00,538.1,6,1.0,0
2025-06-16 00:00,538.1,6,1.0,0
2025-06-16 01:00,538.1,6,1.0,0
2025-06-16 02:00,538.1,6,1.0,0
2025-06-16 03:00,538.1,6,1.0,0
2025-06-16 04:00,538.1,6,1.0,0
2025-06-16 05:00,538.1,6,1.0,0
2025-06-16 06:00,538.1,6,1.0,0
2025-06-16 07:00,538.1,6,1.0,0
2025-06-16 08:00,538.1,6,1.0,0
2025-06-16 09:00,538.1,6,1.0,0
2025-06-16 10:00,538.1,6,1.0,0
2025-06-16 11:00,538.1,6,1.0,0
2025-06-16 12:00,538.1,6,1.0,0
2025-06-16 13:00,538.1,6,1.0,0
2025-06-16 14:00,538.1,6,1.0,0
2025-06-16 15:00,538.1,6,1.0,0
2025-06-16 16:00,538.1,6,1.0,0
2025-06-16 17:00,538.1,6,1.0,0
2025-06-16 18:00,538.1,6,1.0,0
2025-06-16 19:00,538.1,6,1.0,0
2025-06-16 20:00,538.1,6,1.0,0
2025-06-16 21:00,538.1,6,1.0,0
2025-06-16 22:00,538.1,6,1.0,0
2025-06-16 23:00,538.1,6,1.0,0
2025-06-17 00:00,538.1,6,1.0,0
2025-06-17 01:00,538.1,6,1.0,0
2025-06-17 02:00,538.1,6,1.0,0
2025-06-17 03:00,538.1,6,1.0,0
2025-06-17 04:00,538.1,6,1.0,0
2025-06-17 05:00,538.1,6,1.0,0
2025-06-17 06:00,538.1,6,1.0,0
2025-06-17 07:00,538.1,6,1.0,0
2025-06-17 08:00,538.1,6,1.0,0
2025-06-17 09:00,538.1,6,1.0,0
2025-06-17 10:00,538.1,6,1.0,0
2025-06-17 11:00,538.1,6,1.0,0
2025-06-17 12:00,538.1,6,1.0,0
2025-06-17 13:00,538.1,6,1.0,0
2025-06-17 14:00,538.1,6,1.0,0
2025-06-17 15:00,538.1,6,1.0,0
2025-06-17 16:00,538.1,6,1.0,0
2025-06-17 17:00,538.1,6,1.0,0
2025-06-17 18:00,538.1,6,1.0,0
2025-06-17 19:00,538.1,6,1.0,0
2025-06-17 20:00,538.1,6,1.0,0
2025-06-17 21:00,538.1,6,1.0,0
2025-06-17 22:00,538.1,6,1.0,0
2025-06-17 23:00,538.1,6,1.0,0
2025-06-18 00:00,538.1,6,1.0,0
2025-06-18 01:00,538.1,6,1.0,0
2025-06-18 02:00,538.1,6,1.0,0
2025-06-18 03:00,538.1,6,1.0,0
2025-06-18 04:00,538.1,6,1.0,0
2025-06-18 05:00,538.1,6,1.0,0
2025-06-18 06:00,538.1,6,1.0,0
2025-06-18 07:00,538.5,6,1.0,0
2025-06-18 08:00,540.7,6,1.0,0
2025-06-18 09:00,545.3,6,1.0,0
2025-06-18 10:00,545.7,6,1.0,0
2025-06-18 11:00,545.7,6,1.0,0
2025-06-18 12:00,545.7,6,1.0,0
2025-06-18 13:00,545.7,6,1.0,0
2025-06-18 14:00,545.7,6,1.0,0
2025-06-18 15:00,545.7,6,1.0,0
2025-06-18 16:00,545.7,6,1.0,0
2025-06-18 17:00,545.7,6,1.0,0
2025-06-18 18:00,545.7,6,1.0,0
2025-06-18 19:00,545.7,6,1.0,0
2025-06-18 20:00,545.7,6,1.0,0
2025-06-18 21:00,545.7,6,1.0,0
2025-06-18 22:00,545.7,6,1.0,0
2025-06-18 23:00,545.7,6,1.0,0
2025-06-19 00:00,545.7,6,1.0,0
2025-06-19 01:00,545.7,6,1.0,0
2025-06-19 02:00,545.7,6,1.0,0
2025-06-19 03:00,545.7,6,1.0,0
2025-06-19 04:00,545.7,6,1.0,0
2025-06-19 05:00,545.7,6,1.0,0
2025-06-19 06:00,545.7,6,1.0,0
2025-06-19 07:00,545.7,6,1.0,0
2025-06-19 08:00,545.7,6,1.0,0
2025-06-19 09:00,545.7,6,1.0,0
2025-06-19 10:00,545.7,6,1.0,0
2025-06-19 11:00,545.7,6,1.0,0
2025-06-19 12:00,545.7,6,1.0,0
2025-06-19 13:00,545.7,6,1.0,0
2025-06-19 14:00,545.7,6,1.0,0
2025-06-19 15:00,545.7,6,1.0,0
2025-06-19 16:00,545.7,6,1.0,0
2025-06-19 17:00,545.7,6,1.0,0
2025-06-19 18:00,545.7,6,1.0,0
2025-06-19 19:00,545.7,6,1.0,0
2025-06-19 20:00,545.7,6,1.0,0
2025-06-19 21:00,545.7,6,1.0,0
2025-06-19 22:00,545.7,6,1.0,0
2025-06-19 23:00,545.7,6,1.0,0
2025-06-20 00:00,545.7,6,1.0,0
2025-06-20 01:00,545.7,6,1.0,0
2025-06-20 02:00,545.7,6,1.0,0
2025-06-20 03:00,545.7,6,1.0,0
2025-06-20 04:00,545.7,6,1.0,0
2025-06-20 05:00,545.7,6,1.0,0
2025-06-20 06:00,545.7,6,1.0,0
2025-06-20 07:00,545.7,6,1.0,0
2025-06-20 08:00,545.7,6,1.0,0
2025-06-20 09:00,545.7,6,1.0,0
2025-06-20 10:00,545.7,6,1.0,0
2025-06-20 11:00,545.7,6,1.0,0
2025-06-20 12:00,545.7,6,1.0,0
2025-06-20 13:00,545.7,6,1.0,0
2025-06-20 14:00,545.7,6,1.0,0
2025-06-20 15:00,545.7,6,1.0,0
2025-06-20 16:00,545.7,6,1.0,0
2025-06-20 17:00,545.7,6,1.0,0
2025-06-20 18:00,545.7,6,1.0,0
2025-06-20 19:00,545.7,6,1.0,0
2025-06-20 20:00,545.7,6,1.0,0
2025-06-20 21:00,545.7,6,1.0,0
2025-06-20 22:00,545.7,6,1.0,0
2025-06-20 23:00,545.7,6,1.0,0
2025-06-21 00:00,545.7,6,1.0,0
2025-06-21 01:00,545.7,6,1.0,0
2025-06-21 02:00,545.7,6,1.0,0
2025-06-21 03:00,545.7,6,1.0,0
2025-06-21 04:00,545.7,6,1.0,0
2025-06-21 05:00,545.7,6,1.0,0
2025-06-21 06:00,545.7,6,1.0,0
2025-06-21 07:00,545.7,6,1.0,0
2025-06-21 08:00,545.7,6,1.0,0
2025-06-21 09:00,545.7,6,1.0,0
2025-06-21 10:00,545.7,6,1.0,0
2025-06-21 11:00,545.7,6,1.0,0
2025-06-21 12:00,545.7,6,1.0,0
2025-06-21 13:00,545.7,6,1.0,0
2025-06-21 14:00,545.7,6,1.0,0
2025-06-21 15:00,545.7,6,1.0,0
2025-06-21 16:00,545.7,6,1.0,0
2025-06-21 17:00,545.7,6,1.0,0
2025-06-21 18:00,545.7,6,1.0,0
2025-06-21 19:00,545.7,6,1.0,0
2025-06-21 20:00,545.7,6,1.0,0
2025-06-21 21:00,545.7,6,1.0,0
2025-06-21 22:00,545.7,6,1.0,0
2025-06-21 23:00,545.7,6,1.0,0
2025-06-22 00:00,545.7,6,1.0,0
2025-06-22 01:00,545.7,6,1.0,0
2025-06-22 02:00,545.7,6,1.0,0
2025-06-22 03:00,545.7,6,1.0,0
2025-06-22 04:00,545.7,6,1.0,0
2025-06-22 05:00,545.7,6,1.0,0
2025-06-22 06:00,545.7,6,1.0,0
2025-06-22 07:00,545.7,6,1.0,0
2025-06-22 08:00,545.7,6,1.0,0
2025-06-22 09:00,545.7,6,1.0,0
2025-06-22 10:00,545.7,6,1.0,0
2025-06-22 11:00,545.7,6,1.0,0
2025-06-22 12:00,545.7,6,1.0,0
2025-06-22 13:00,545.7,6,1.0,0
2025-06-22 14:00,545.7,6,1.0,0
2025-06-22 15:00,545.7,6,1.0,0
2025-06-22 16:00,545.7,6,1.0,0
2025-06-22 17:00,545.7,6,1.0,0
2025-06-22 18:00,545.7,6,1.0,0
2025-06-22 19:00,545.7,6,1.0,0
2025-06-22 20:00,545.7,6,1.0,0
2025-06-22 21:00,545.7,6,1.0,0
2025-06-22 22:00,545.7,6,1.0,0
2025-06-22 23:00,545.7,6,1.0,0
2025-06-23 00:00,545.7,6,1.0,0
2025-06-23 01:00,545.7,6,1.0,0
2025-06-23 02:00,545.7,6,1.0,0
2025-06-23 03:00,545.7,6,1.0,0
2025-06-23 04:00,545.7,6,1.0,0
2025-06-23 05:00,545.7,6,1.0,0
2025-06-23 06:00,545.7,6,1.0,0
2025-06-23 07:00,545.7,6,1.0,0
2025-06-23 08:00,545.7,6,1.0,0
2025-06-23 09:00,545.7,6,1.0,0
2025-06-23 10:00,545.7,6,1.0,0
2025-06-23 11:00,545.7,6,1.0,0
2025-06-23 12:00,545.7,6,1.0,0
2025-06-23 13:00,545.7,6,1.0,0
2025-06-23 14:00,545.7,6,1.0,0
2025-06-23 15:00,545.7,6,1.0,0
2025-06-23 16:00,545.7,6,1.0,0
2025-06-23 17:00,545.7,6,1.0,0
2025-06-23 18:00,545.7,6,1.0,0
2025-06-23 19:00,545.7,6,1.0,0
2025-06-23 20:00,545.7,6,1.0,0
2025-06-23 21:00,545.7,6,1.0,0
2025-06-23 22:00,545.7,6,1.0,0
2025-06-23 23:00,545.7,6,1.0,0
2025-06-24 00:00,545.7,6,1.0,0
2025-06-24 01:00,545.7,6,1.0,0
2025-06-24 02:00,545.7,6,1.0,0
2025-06-24 03:00,545.7,6,1.0,0
2025-06-24 04:00,545.7,6,1.0,0
2025-06-24 05:00,545.7,6,1.0,0
2025-06-24 06:00,545.7,6,1.0,0
2025-06-24 07:00,545.7,6,1.0,0
2025-06-24 08:00,545.7,6,1.0,0
2025-06-24 09:00,545.7,6,1.0,0
2025-06-24 10:00,545.7,6,1.0,0
2025-06-24 11:00,545.7,6,1.0,0
2025-06-24 12:00,545.7,6,1.0,0
2025-06-24 13:00,545.7,6,1.0,0
2025-06-24 14:00,545.7,6,1.0,0
2025-06-24 15:00,545.7,6,1.0,0
2025-06-24 16:00,545.7,6,1.0,0
2025-06-24 17:00,545.7,6,1.0,0
2025-06-24 18:00,545.7,6,1.0,0
2025-06-24 19:00,545.7,6,1.0,0
2025-06-24 20:00,545.7,6,1.0,0
2025-06-24 21:00,545.7,6,1.0,0
2025-06-24 22:00,545.7,6,1.0,0
2025-06-24 23:00,545.7,6,1.0,0
2025-06-25 00:00,545.7,6,1.0,0
2025-06-25 01:00,545.7,6,1.0,0
2025-06-25 02:00,545.7,6,1.0,0
2025-06-25 03:00,545.7,6,1.0,0
2025-06-25 04:00,545.7,6,1.0,0
2025-06-25 05:00,545.7,6,1.0,0
2025-06-25 06:00,545.7,6,1.0,0
2025-06-25 07:00,545.7,6,1.0,0
2025-06-25 08:00,545.7,6,1.0,0
2025-06-25 09:00,545.7,6,1.0,0
2025-06-25 10:00,545.7,6,1.0,0
2025-06-25 11:00,545.7,6,1.0,0
2025-06-25 12:00,545.7,6,1.0,0
2025-06-25 13:00,545.7,6,1.0,0
2025-06-25 14:00,545.7,6,1.0,0
2025-06-25 15:00,545.7,6,1.0,0
2025-06-25 16:00,545.7,6,1.0,0
2025-06-25 17:00,545.7,6,1.0,0
2025-06-25 18:00,545.7,6,1.0,0
2025-06-25 19:00,545.7,6,1.0,0
2025-06-25 20:00,545.7,6,1.0,0
2025-06-25 21:00,545.7,6,1.0,0
2025-06-25 22:00,545.7,6,1.0,0
2025-06-25 23:00,545.7,6,1.0,0
2025-06-26 00:00,545.7,6,1.0,0
2025-06-26 01:00,545.7,6,1.0,0
2025-06-26 02:00,545.7,6,1.0,0
2025-06-26 03:00,545.7,6,1.0,0
2025-06-26 04:00,545.7,6,1.0,0
2025-06-26 05:00,545.7,6,1.0,0
2025-06-26 06:00,545.7,6,1.0,0
2025-06-26 07:00,545.7,6,1.0,0
2025-06-26 08:00,545.7,6,1.0,0
2025-06-26 09:00,545.7,6,1.0,0
2025-06-26 10:00,545.7,6,1.0,0
2025-06-26 11:00,545.7,6,1.0,0
2025-06-26 12:00,545.7,6,1.0,0
2025-06-26 13:00,545.7,6,1.0,0
2025-06-26 14:00,545.7,6,1.0,0
2025-06-26 15:00,545.7,6,1.0,0
2025-06-26 16:00,545.7,6,1.0,0
2025-06-26 17:00,545.7,6,1.0,0
2025-06-26 18:00,545.7,6,1.0,0
2025-06-26 19:00,545.7,6,1.0,0
2025-06-26 20:00,545.7,6,1.0,0
2025-06-26 21:00,545.7,6,1.0,0
2025-06-26 22:00,545.7,6,1.0,0
2025-06-26 23:00,545.7,6,1.0,0
2025-06-27 00:00,545.7,6,1.0,0
2025-06-27 01:00,545.7,6,1.0,0
2025-06-27 02:00,545.7,6,1.0,0
2025-06-27 03:00,545.7,6,1.0,0
2025-06-27 04:00,545.7,6,1.0,0
2025-06-27 05:00,545.7,6,1.0,0
2025-06-27 06:00,545.7,6,1.0,0
2025-06-27 07:00,545.7,6,1.0,0
2025-06-27 08:00,545.7,6,1.0,0
2025-06-27 09:00,545.7,6,1.0,0
2025-06-27 10:00,545.7,6,1.0,0
2025-06-27 11:00,545.7,6,1.0,0
2025-06-27 12:00,545.7,6,1.0,0
2025-06-27 13:00,545.7,6,1.0,0
2025-06-27 14:00,545.7,6,1.0,0
2025-06-27 15:00,545.7,6,1.0,0
2025-06-27 16:00,545.7,6,1.0,0
2025-06-27 17:00,545.7,6,1.0,0
2025-06-27 18:00,545.7,6,1.0,0
2025-06-27 19:00,545.7,6,1.0,0
2025-06-27 20:00,545.7,6,1.0,0
2025-06-27 21:00,545.7,6,1.0,0
2025-06-27 22:00,545.7,6,1.0,0
2025-06-27 23:00,545.7,6,1.0,0
2025-06-28 00:00,545.7,6,1.0,0
2025-06-28 01:00,545.7,6,1.0,0
2025-06-28 02:00,545.7,6,1.0,0
2025-06-28 03:00,545.7,6,1.0,0
2025-06-28 04:00,545.7,6,1.0,0
2025-06-28 05:00,545.7,6,1.0,0
2025-06-28 06:00,545.7,6,1.0,0
2025-06-28 07:00,545.7,6,1.0,0
2025-06-28 08:00,545.7,6,1.0,0
2025-06-28 09:00,545.7,6,1.0,0
2025-06-28 10:00,545.7,6,1.0,0
2025-06-28 11:00,545.7,6,1.0,0
2025-06-28 12:00,545.7,6,1.0,0
2025-06-28 13:00,545.7,6,1.0,0
2025-06-28 14:00,545.7,6,1.0,0
2025-06-28 15:00,545.7,6,1.0,0
2025-06-28 16:00,545.7,6,1.0,0
2025-06-28 17:00,545.7,6,1.0,0
2025-06-28 18:00,545.7,6,1.0,0
2025-06-28 19:00,545.7,6,1.0,0
2025-06-28 20:00,545.7,6,1.0,0
2025-06-28 21:00,545.7,6,1.0,0
2025-06-28 22:00,545.7,6,1.0,0
2025-06-28 23:00,545.7,6,1.0,0
2025-06-29 00:00,545.7,6,1.0,0
2025-06-29 01:00,545.7,6,1.0,0
2025-06-29 02:00,545.7,6,1.0,0
2025-06-29 03:00,545.7,6,1.0,0
2025-06-29 04:00,545.7,6,1.0,0
2025-06-29 05:00,545.7,6,1.0,0
2025-06-29 06:00,545.7,6,1.0,0
2025-06-29 07:00,545.7,6,1.0,0
2025-06-29 08:00,545.7,6,1.0,0
2025-06-29 09:00,545.7,6,1.0,0
2025-06-29 10:00,545.7,6,1.0,0
2025-06-29 11:00,545.7,6,1.0,0
2025-06-29 12:00,545.7,6,1.0,0
2025-06-29 13:00,545.7,6,1.0,0
2025-06-29 14:00,545.7,6,1.0,0
2025-06-29 15:00,545.7,6,1.0,0
2025-06-29 16:00,545.7,6,1.0,0
2025-06-29 17:00,545.7,6,1.0,0
2025-06-29 18:00,545.7,6,1.0,0
2025-06-29 19:00,545.7,6,1.0,0
2025-06-29 20:00,545.7,6,1.0,0
2025-06-29 21:00,545.7,6,1.0,0
2025-06-29 22:00,545.7,6,1.0,0
2025-06-29 23:00,545.7,6,1.0,0
2025-06-30 00:00,545.7,6,1.0,0
2025-06-30 01:00,545.7,6,1.0,0
2025-06-30 02:00,545.7,6,1.0,0
2025-06-30 03:00,545.7,6,1.0,0
2025-06-30 04:00,545.7,6,1.0,0
2025-06-30 05:00,545.7,6,1.0,0
2025-06-30 06:00,545.7,6,1.0,0
2025-06-30 07:00,545.7,6,1.0,0
2025-06-30 08:00,545.7,6,1.0,0
2025-06-30 09:00,545.7,6,1.0,0
2025-06-30 10:00,545.7,6,1.0,0
2025-06-30 11:00,545.7,6,1.0,0
2025-06-30 12:00,545.7,6,1.0,0
2025-06-30 13:00,545.7,6,1.0,0
2025-06-30 14:00,545.7,6,1.0,0
2025-06-30 15:00,545.7,6,1.0,0
2025-06-30 16:00,545.7,6,1.0,0
2025-06-30 17:00,545.7,6,1.0,0
2025-06-30 18:00,545.7,6,1.0,0
2025-06-30 19:00,545.7,6,1.0,0
2025-06-30 20:00,545.7,6,1.0,0
2025-06-30 21:00,545.7,6,1.0,0
2025-06-30 22:00,545.7,6,1.0,0
2025-06-30 23:00,545.7,6,1.0,0
2025-07-01 00:00,545.7,6,1.0,0
2025-07-01 01:00,545.7,6,1.0,0
2025-07-01 02:00,545.7,6,1.0,0
2025-07-01 03:00,545.7,6,1.0,0
2025-07-01 04:00,545.7,6,1.0,0
2025-07-01 05:00,545.7,6,1.0,0
2025-07-01 06:00,545.7,6,1.0,0
2025-07-01 07:00,545.7,6,1.0,0
2025-07-01 08:00,545.7,6,1.0,0
2025-07-01 09:00,545.7,6,1.0,0
2025-07-01 10:00,545.7,6,1.0,0
2025-07-01 11:00,545.7,6,1.0,0
2025-07-01 12:00,545.7,6,1.0,0
2025-07-01 13:00,545.7,6,1.0,0
2025-07-01 14:00,545.7,6,1.0,0
2025-07-01 15:00,545.7,6,1.0,0
2025-07-01 16:00,545.7,6,1.0,0
2025-07-01 17:00,545.7,6,1.0,0
2025-07-01 18:00,545.7,6,1.0,0
2025-07-01 19:00,545.7,6,1.0,0
2025-07-01 20:00,545.7,6,1.0,0
2025-07-01 21:00,545.7,6,1.0,0
2025-07-01 22:00,545.7,6,1.0,0
2025-07-01 23:00,545.7,6,1.0,0
2025-07-02 00:00,545.7,6,1.0,0
2025-07-02 01:00,545.7,6,1.0,0
2025-07-02 02:00,545.7,6,1.0,0
2025-07-02 03:00,545.7,6,1.0,0
2025-07-02 04:00,545.7,6,1.0,0
2025-07-02 05:00,545.7,6,1.0,0
2025-07-02 06:00,545.7,6,1.0,0
2025-07-02 07:00,545.7,6,1.0,0
2025-07-02 08:00,545.7,6,1.0,0
2025-07-02 09:00,545.7,6,1.0,0
2025-07-02 10:00,545.7,6,1.0,0
2025-07-02 11:00,545.7,6,1.0,0
2025-07-02 12:00,545.7,6,1.0,0
2025-07-02 13:00,545.7,6,1.0,0
2025-07-02 14:00,545.7,6,1.0,0
2025-07-02 15:00,545.7,6,1.0,0
2025-07-02 16:00,545.7,6,1.0,0
2025-07-02 17:00,545.7,6,1.0,0
2025-07-02 18:00,545.7,6,1.0,0
2025-07-02 19:00,545.7,6,1.0,0
2025-07-02 20:00,545.7,6,1.0,0
2025-07-02 21:00,545.7,6,1.0,0
2025-07-02 22:00,545.7,6,1.0,0
2025-07-02 23:00,545.7,6,1.0,0
2025-07-03 00:00,545.7,6,1.0,0
2025-07-03 01:00,545.7,6,1.0,0
2025-07-03 02:00,545.7,6,1.0,0
2025-07-03 03:00,545.7,6,1.0,0
2025-07-03 04:00,545.7,6,1.0,0
2025-07-03 05:00,545.7,6,1.0,0
2025-07-03 06:00,545.7,6,1.0,0
2025-07-03 07:00,545.7,6,1.0,0
2025-07-03 08:00,545.7,6,1.0,0
2025-07-03 09:00,545.7,6,1.0,0
2025-07-03 10:00,545.7,6,1.0,0
2025-07-03 11:00,545.7,6,1.0,0
2025-07-03 12:00,545.7,6,1.0,0
2025-07-03 13:00,545.7,6,1.0,0
2025-07-03 14:00,545.7,6,1.0,0
2025-07-03 15:00,545.7,6,1.0,0
2025-07-03 16:00,545.7,6,1.0,0
2025-07-03 17:00,545.7,6,1.0,0
2025-07-03 18:00,545.7,6,1.0,0
2025-07-03 19:00,545.7,6,1.0,0
2025-07-03 20:00,545.7,6,1.0,0
2025-07-03 21:00,545.7,6,1.0,0
2025-07-03 22:00,545.7,6,1.0,0
2025-07-03 23:00,545.7,6,1.0,0
2025-07-04 00:00,545.7,6,1.0,0
2025-07-04 01:00,545.7,6,1.0,0
2025-07-04 02:00,545.7,6,1.0,0
2025-07-04 03:00,545.7,6,1.0,0
2025-07-04 04:00,545.7,6,1.0,0
2025-07-04 05:00,545.7,6,1.0,0
2025-07-04 06:00,545.7,6,1.0,0
2025-07-04 07:00,545.7,6,1.0,0
2025-07-04 08:00,545.7,6,1.0,0
2025-07-04 09:00,545.7,6,1.0,0
2025-07-04 10:00,545.7,6,1.0,0
2025-07-04 11:00,545.7,6,1.0,0
2025-07-04 12:00,545.7,6,1.0,0
2025-07-04 13:00,545.7,6,1.0,0
2025-07-04 14:00,545.7,6,1.0,0
2025-07-04 15:00,545.7,6,1.0,0
2025-07-04 16:00,545.7,6,1.0,0
2025-07-04 17:00,545.7,6,1.0,0
2025-07-04 18:00,545.7,6,1.0,0
2025-07-04 19:00,545.7,6,1.0,0
2025-07-04 20:00,545.7,6,1.0,0
2025-07-04 21:00,545.7,6,1.0,0
2025-07-04 22:00,545.7,6,1.0,0
2025-07-04 23:00,545.7,6,1.0,0
2025-07-05 00:00,545.7,6,1.0,0
2025-07-05 01:00,545.7,6,1.0,0
2025-07-05 02:00,545.7,6,1.0,0
2025-07-05 03:00,545.7,6,1.0,0
2025-07-05 04:00,545.7,6,1.0,0
2025-07-05 05:00,545.7,6,1.0,0
2025-07-05 06:00,545.7,6,1.0,0
2025-07-05 07:00,545.7,6,1.0,0
2025-07-05 08:00,545.7,6,1.0,0
2025-07-05 09:00,545.7,6,1.0,0
2025-07-05 10:00,545.7,6,1.0,0
2025-07-05 11:00,545.7,6,1.0,0
2025-07-05 12:00,545.7,6,1.0,0
2025-07-05 13:00,545.7,6,1.0,0
2025-07-05 14:00,545.7,6,1.0,0
2025-07-05 15:00,545.7,6,1.0,0
2025-07-05 16:00,545.7,6,1.0,0
2025-07-05 17:00,545.7,6,1.0,0
2025-07-05 18:00,545.7,6,1.0,0
2025-07-05 19:00,545.7,6,1.0,0
2025-07-05 20:00,545.7,6,1.0,0
2025-07-05 21:00,545.7,6,1.0,0
2025-07-05 22:00,545.7,6,1.0,0
2025-07-05 23:00,545.7,6,1.0,0
2025-07-06 00:00,545.7,6,1.0,0
2025-07-06 01:00,545.7,6,1.0,0
2025-07-06 02:00,545.7,6,1.0,0
2025-07-06 03:00,545.7,6,1.0,0
2025-07-06 04:00,545.7,6,1.0,0
2025-07-06 05:00,545.7,6,1.0,0
2025-07-06 06:00,545.7,6,1.0,0
2025-07-06 07:00,545.7,6,1.0,0
2025-07-06 08:00,545.7,6,1.0,0
2025-07-06 09:00,545.7,6,1.0,0
2025-07-06 10:00,545.7,6,1.0,0
2025-07-06 11:00,545.7,6,1.0,0
2025-07-06 12:00,545.7,6,1.0,0
2025-07-06 13:00,545.7,6,1.0,0
2025-07-06 14:00,545.7,6,1.0,0
2025-07-06 15:00,545.7,6,1.0,0
2025-07-06 16:00,545.7,6,1.0,0
2025-07-06 17:00,545.7,6,1.0,0
2025-07-06 18:00,545.7,6,1.0,0
2025-07-06 19:00,545.7,6,1.0,0
2025-07-06 20:00,545.7,6,1.0,0
2025-07-06 21:00,545.7,6,1.0,0
2025-07-06 22:00,545.7,6,1.0,0
2025-07-06 23:00,545.7,6,1.0,0
2025-07-07 00:00,545.7,6,1.0,0
2025-07-07 01:00,545.7,6,1.0,0
2025-07-07 02:00,545.7,6,1.0,0
2025-07-07 03:00,545.7,6,1.0,0
2025-07-07 04:00,545.7,6,1.0,0
2025-07-07 05:00,545.7,6,1.0,0
2025-07-07 06:00,545.7,6,1.0,0
2025-07-07 07:00,545.9,6,1.0,0
2025-07-07 08:00,546.1,6,1.0,0
2025-07-07 09:00,550.7,6,1.0,0
2025-07-07 10:00,577.1,6,1.0,0
2025-07-07 11:00,577.3,6,1.0,0
2025-07-07 12:00,577.3,6,1.0,0
2025-07-07 13:00,577.3,6,1.0,0
2025-07-07 14:00,577.3,6,1.0,0
2025-07-07 15:00,577.3,6,1.0,0
2025-07-07 16:00,577.3,6,1.0,0
2025-07-07 17:00,577.3,6,1.0,0
2025-07-07 18:00,577.3,6,1.0,0
2025-07-07 19:00,577.3,6,1.0,0
2025-07-07 20:00,577.3,6,1.0,0
2025-07-07 21:00,577.3,6,1.0,0
2025-07-07 22:00,577.3,6,1.0,0
2025-07-07 23:00,577.3,6,1.0,0
2025-07-08 00:00,577.3,6,1.0,0
2025-07-08 01:00,577.3,6,1.0,0
2025-07-08 02:00,577.3,6,1.0,0
2025-07-08 03:00,578.1,6,1.0,0
2025-07-08 04:00,584.1,6,1.0,0
2025-07-08 05:00,584.1,6,1.0,0
2025-07-08 06:00,584.1,6,1.0,0
2025-07-08 07:00,584.1,6,1.0,0
2025-07-08 08:00,584.1,6,1.0,0
2025-07-08 09:00,584.1,6,1.0,0
2025-07-08 10:00,585.1,6,1.0,0
2025-07-08 11:00,585.3,6,1.0,0
2025-07-08 12:00,585.3,6,1.0,0
2025-07-08 13:00,585.3,6,1.0,0
2025-07-08 14:00,585.3,6,1.0,0
2025-07-08 15:00,585.3,6,1.0,0
2025-07-08 16:00,585.3,6,1.0,0
2025-07-08 17:00,585.3,6,1.0,0
2025-07-08 18:00,585.3,6,1.0,0
2025-07-08 19:00,585.3,6,1.0,0
2025-07-08 20:00,585.3,6,1.0,0
2025-07-08 21:00,585.3,6,1.0,0
2025-07-08 22:00,585.3,6,1.0,0
2025-07-08 23:00,585.3,6,1.0,0
2025-07-09 00:00,585.3,6,1.0,0
2025-07-09 01:00,585.3,6,1.0,0
2025-07-09 02:00,585.3,6,1.0,0
2025-07-09 03:00,585.3,6,1.0,0
2025-07-09 04:00,585.3,6,1.0,0
2025-07-09 05:00,585.3,6,1.0,0
2025-07-09 06:00,585.3,6,1.0,0
2025-07-09 07:00,585.3,6,1.0,0
2025-07-09 08:00,585.3,6,1.0,0
2025-07-09 09:00,585.3,6,1.0,0
2025-07-09 10:00,585.3,6,1.0,0
2025-07-09 11:00,585.3,6,1.0,0
2025-07-09 12:00,585.3,6,1.0,0
2025-07-09 13:00,585.3,6,1.0,0
2025-07-09 14:00,585.3,6,1.0,0
2025-07-09 15:00,585.3,6,1.0,0
2025-07-09 16:00,585.3,6,1.0,0
2025-07-09 17:00,585.3,6,1.0,0
2025-07-09 18:00,585.3,6,1.0,0
2025-07-09 19:00,585.3,6,1.0,0
2025-07-09 20:00,585.3,6,1.0,0
2025-07-09 21:00,585.3,6,1.0,0
2025-07-09 22:00,585.3,6,1.0,0
2025-07-09 23:00,585.3,6,1.0,0
2025-07-10 00:00,585.3,6,1.0,0
2025-07-10 01:00,585.3,6,1.0,0
2025-07-10 02:00,585.3,6,1.0,0
2025-07-10 03:00,585.3,6,1.0,0
2025-07-10 04:00,585.3,6,1.0,0
2025-07-10 05:00,585.3,6,1.0,0
2025-07-10 06:00,585.3,6,1.0,0
2025-07-10 07:00,585.3,6,1.0,0
2025-07-10 08:00,585.3,6,1.0,0
2025-07-10 09:00,585.3,6,1.0,0
2025-07-10 10:00,585.3,6,1.0,0
2025-07-10 11:00,585.3,6,1.0,0
2025-07-10 12:00,585.3,6,1.0,0
2025-07-10 13:00,585.3,6,1.0,0
2025-07-10 14:00,585.3,6,1.0,0
2025-07-10 15:00,585.3,6,1.0,0
2025-07-10 16:00,585.3,6,1.0,0
2025-07-10 17:00,585.3,6,1.0,0
2025-07-10 18:00,585.3,6,1.0,0
2025-07-10 19:00,585.3,6,1.0,0
2025-07-10 20:00,585.3,6,1.0,0
2025-07-10 21:00,585.3,6,1.0,0
2025-07-10 22:00,585.3,6,1.0,0
2025-07-10 23:00,585.3,6,1.0,0
2025-07-11 00:00,585.3,6,1.0,0
2025-07-11 01:00,585.3,6,1.0,0
2025-07-11 02:00,585.3,6,1.0,0
2025-07-11 03:00,585.3,6,1.0,0
2025-07-11 04:00,585.3,6,1.0,0
2025-07-11 05:00,585.3,6,1.0,0
2025-07-11 06:00,585.3,6,1.0,0
2025-07-11 07:00,585.3,6,1.0,0
2025-07-11 08:00,585.3,6,1.0,0
2025-07-11 09:00,585.3,6,1.0,0
2025-07-11 10:00,585.3,6,1.0,0
2025-07-11 11:00,585.3,6,1.0,0
2025-07-11 12:00,585.3,6,1.0,0
2025-07-11 13:00,585.3,6,1.0,0
2025-07-11 14:00,585.3,6,1.0,0
2025-07-11 15:00,585.3,6,1.0,0
2025-07-11 16:00,585.3,6,1.0,0
2025-07-11 17:00,585.3,6,1.0,0
2025-07-11 18:00,585.3,6,1.0,0
2025-07-11 19:00,585.3,6,1.0,0
2025-07-11 20:00,585.3,6,1.0,0
2025-07-11 21:00,585.3,6,1.0,0
2025-07-11 22:00,585.3,6,1.0,0
2025-07-11 23:00,585.3,6,1.0,0
2025-07-12 00:00,585.3,6,1.0,0
2025-07-12 01:00,585.3,6,1.0,0
2025-07-12 02:00,585.3,6,1.0,0
2025-07-12 03:00,585.3,6,1.0,0
2025-07-12 04:00,585.3,6,1.0,0
2025-07-12 05:00,585.3,6,1.0,0
2025-07-12 06:00,585.3,6,1.0,0
2025-07-12 07:00,585.3,6,1.0,0
2025-07-12 08:00,585.3,6,1.0,0
2025-07-12 09:00,585.3,6,1.0,0
2025-07-12 10:00,585.3,6,1.0,0
2025-07-12 11:00,585.3,6,1.0,0
2025-07-12 12:00,585.3,6,1.0,0
2025-07-12 13:00,585.3,6,1.0,0
2025-07-12 14:00,585.3,6,1.0,0
2025-07-12 15:00,585.3,6,1.0,0
2025-07-12 16:00,585.3,6,1.0,0
2025-07-12 17:00,585.3,6,1.0,0
2025-07-12 18:00,585.3,6,1.0,0
2025-07-12 19:00,585.3,6,1.0,0
2025-07-12 20:00,585.3,6,1.0,0
2025-07-12 21:00,585.3,6,1.0,0
2025-07-12 22:00,585.3,6,1.0,0
2025-07-12 23:00,585.3,6,1.0,0
2025-07-13 00:00,585.3,6,1.0,0
2025-07-13 01:00,585.3,6,1.0,0
2025-07-13 02:00,585.3,6,1.0,0
2025-07-13 03:00,585.3,6,1.0,0
2025-07-13 04:00,585.3,6,1.0,0
2025-07-13 05:00,585.3,6,1.0,0
2025-07-13 06:00,585.3,6,1.0,0
2025-07-13 07:00,585.3,6,1.0,0
2025-07-13 08:00,585.3,6,1.0,0
2025-07-13 09:00,585.3,6,1.0,0
2025-07-13 10:00,585.3,6,1.0,0
2025-07-13 11:00,585.3,6,1.0,0
2025-07-13 12:00,585.3,6,1.0,0
2025-07-13 13:00,585.3,6,1.0,0
2025-07-13 14:00,585.3,6,1.0,0
2025-07-13 15:00,585.3,6,1.0,0
2025-07-13 16:00,585.3,6,1.0,0
2025-07-13 17:00,585.3,6,1.0,0
2025-07-13 18:00,585.3,6,1.0,0
2025-07-13 19:00,585.3,6,1.0,0
2025-07-13 20:00,585.3,6,1.0,0
2025-07-13 21:00,585.3,6,1.0,0
2025-07-13 22:00,585.3,6,1.0,0
2025-07-13 23:00,585.3,6,1.0,0
2025-07-14 00:00,585.3,6,1.0,0
2025-07-14 01:00,585.3,6,1.0,0
2025-07-14 02:00,585.3,6,1.0,0
2025-07-14 03:00,585.3,6,1.0,0
2025-07-14 04:00,585.3,6,1.0,0
2025-07-14 05:00,585.3,6,1.0,0
2025-07-14 06:00,585.3,6,1.0,0
2025-07-14 07:00,585.3,6,1.0,0
2025-07-14 08:00,585.3,6,1.0,0
2025-07-14 09:00,585.3,6,1.0,0
2025-07-14 10:00,585.3,6,1.0,0
2025-07-14 11:00,585.3,6,1.0,0
2025-07-14 12:00,585.3,6,1.0,0
2025-07-14 13:00,585.3,6,1.0,0
2025-07-14 14:00,585.3,6,1.0,0
2025-07-14 15:00,585.3,6,1.0,0
2025-07-14 16:00,585.3,6,1.0,0
2025-07-14 17:00,585.3,6,1.0,0
2025-07-14 18:00,585.3,6,1.0,0
2025-07-14 19:00,585.3,6,1.0,0
2025-07-14 20:00,585.3,6,1.0,0
2025-07-14 21:00,585.3,6,1.0,0
2025-07-14 22:00,585.3,6,1.0,0
2025-07-14 23:00,585.3,6,1.0,0
2025-07-15 00:00,585.3,6,1.0,0
2025-07-15 01:00,585.3,6,1.0,0
2025-07-15 02:00,585.3,6,1.0,0
2025-07-15 03:00,585.3,6,1.0,0
2025-07-15 04:00,585.3,6,1.0,0
2025-07-15 05:00,585.3,6,1.0,0
2025-07-15 06:00,585.3,6,1.0,0
2025-07-15 07:00,585.3,6,1.0,0
2025-07-15 08:00,585.3,6,1.0,0
2025-07-15 09:00,585.3,6,1.0,0
2025-07-15 10:00,585.3,6,1.0,0
2025-07-15 11:00,585.3,6,1.0,0
2025-07-15 12:00,585.3,6,1.0,0
2025-07-15 13:00,585.3,6,1.0,0
2025-07-15 14:00,585.3,6,1.0,0
2025-07-15 15:00,585.3,6,1.0,0
2025-07-15 16:00,585.3,6,1.0,0
2025-07-15 17:00,585.3,6,1.0,0
2025-07-15 18:00,585.3,6,1.0,0
2025-07-15 19:00,585.3,6,1.0,0
2025-07-15 20:00,585.3,6,1.0,0
2025-07-15 21:00,585.3,6,1.0,0
2025-07-15 22:00,585.3,6,1.0,0
2025-07-15 23:00,585.3,6,1.0,0
2025-07-16 00:00,585.3,6,1.0,0
2025-07-16 01:00,585.3,6,1.0,0
2025-07-16 02:00,585.3,6,1.0,0
2025-07-16 03:00,585.3,6,1.0,0
2025-07-16 04:00,585.3,6,1.0,0
2025-07-16 05:00,585.3,6,1.0,0
2025-07-16 06:00,585.3,6,1.0,0
2025-07-16 07:00,585.3,6,1.0,0
2025-07-16 08:00,585.3,6,1.0,0
2025-07-16 09:00,585.3,6,1.0,0
2025-07-16 10:00,585.3,6,1.0,0
2025-07-16 11:00,585.3,6,1.0,0
2025-07-16 12:00,585.3,6,1.0,0
2025-07-16 13:00,585.3,6,1.0,0
2025-07-16 14:00,585.3,6,1.0,0
2025-07-16 15:00,585.3,6,1.0,0
2025-07-16 16:00,585.3,6,1.0,0
2025-07-16 17:00,585.3,6,1.0,0
2025-07-16 18:00,585.3,6,1.0,0
2025-07-16 19:00,585.3,6,1.0,0
2025-07-16 20:00,585.3,6,1.0,0
2025-07-16 21:00,585.3,6,1.0,0
2025-07-16 22:00,585.3,6,1.0,0
2025-07-16 23:00,585.3,6,1.0,0
2025-07-17 00:00,585.3,6,1.0,0
2025-07-17 01:00,585.3,6,1.0,0
2025-07-17 02:00,585.3,6,1.0,0
2025-07-17 03:00,585.3,6,1.0,0
2025-07-17 04:00,585.3,6,1.0,0
2025-07-17 05:00,585.3,6,1.0,0
2025-07-17 06:00,585.3,6,1.0,0
2025-07-17 07:00,585.3,6,1.0,0
2025-07-17 08:00,585.3,6,1.0,0
2025-07-17 09:00,585.3,6,1.0,0
2025-07-17 10:00,585.3,6,1.0,0
2025-07-17 11:00,585.3,6,1.0,0
2025-07-17 12:00,585.3,6,1.0,0
2025-07-17 13:00,585.3,6,1.0,0
2025-07-17 14:00,585.3,6,1.0,0
2025-07-17 15:00,585.3,6,1.0,0
2025-07-17 16:00,585.3,6,1.0,0
2025-07-17 17:00,585.3,6,1.0,0
2025-07-17 18:00,585.3,6,1.0,0
2025-07-17 19:00,585.3,6,1.0,0
2025-07-17 20:00,585.3,6,1.0,0
2025-07-17 21:00,585.3,6,1.0,0
2025-07-17 22:00,585.3,6,1.0,0
2025-07-17 23:00,585.3,6,1.0,0
2025-07-18 00:00,585.3,6,1.0,0
2025-07-18 01:00,585.3,6,1.0,0
2025-07-18 02:00,585.3,6,1.0,0
2025-07-18 03:00,585.3,6,1.0,0
2025-07-18 04:00,585.3,6,1.0,0
2025-07-18 05:00,585.3,6,1.0,0
2025-07-18 06:00,585.3,6,1.0,0
2025-07-18 07:00,585.3,6,1.0,0
2025-07-18 08:00,585.3,6,1.0,0
2025-07-18 09:00,585.3,6,1.0,0
2025-07-18 10:00,585.3,6,1.0,0
2025-07-18 11:00,585.3,6,1.0,0
2025-07-18 12:00,585.3,6,1.0,0
2025-07-18 13:00,585.3,6,1.0,0
2025-07-18 14:00,585.3,6,1.0,0
2025-07-18 15:00,585.3,6,1.0,0
2025-07-18 16:00,585.3,6,1.0,0
2025-07-18 17:00,585.3,6,1.0,0
2025-07-18 18:00,585.3,6,1.0,0
2025-07-18 19:00,585.3,6,1.0,0
2025-07-18 20:00,585.3,6,1.0,0
2025-07-18 21:00,585.3,6,1.0,0
2025-07-18 22:00,585.3,6,1.0,0
2025-07-18 23:00,585.3,6,1.0,0
2025-07-19 00:00,585.3,6,1.0,0
2025-07-19 01:00,585.3,6,1.0,0
2025-07-19 02:00,585.3,6,1.0,0
2025-07-19 03:00,585.3,6,1.0,0
2025-07-19 04:00,585.3,6,1.0,0
2025-07-19 05:00,585.3,6,1.0,0
2025-07-19 06:00,585.3,6,1.0,0
2025-07-19 07:00,585.3,6,1.0,0
2025-07-19 08:00,585.3,6,1.0,0
2025-07-19 09:00,585.3,6,1.0,0
2025-07-19 10:00,585.3,6,1.0,0
2025-07-19 11:00,585.3,6,1.0,0
2025-07-19 12:00,585.3,6,1.0,0
2025-07-19 13:00,585.3,6,1.0,0
2025-07-19 14:00,585.3,6,1.0,0
2025-07-19 15:00,585.3,6,1.0,0
2025-07-19 16:00,585.3,6,1.0,0
2025-07-19 17:00,585.3,6,1.0,0
2025-07-19 18:00,585.3,6,1.0,0
2025-07-19 19:00,585.3,6,1.0,0
2025-07-19 20:00,585.3,6,1.0,0
2025-07-19 21:00,585.3,6,1.0,0
2025-07-19 22:00,585.3,6,1.0,0
2025-07-19 23:00,585.3,6,1.0,0
2025-07-20 00:00,585.3,6,1.0,0
2025-07-20 01:00,585.3,6,1.0,0
2025-07-20 02:00,585.3,6,1.0,0
2025-07-20 03:00,585.3,6,1.0,0
2025-07-20 04:00,585.3,6,1.0,0
2025-07-20 05:00,585.3,6,1.0,0
2025-07-20 06:00,585.3,6,1.0,0
2025-07-20 07:00,585.3,6,1.0,0
2025-07-20 08:00,585.3,6,1.0,0
2025-07-20 09:00,585.3,6,1.0,0
2025-07-20 10:00,585.3,6,1.0,0
2025-07-20 11:00,585.3,6,1.0,0
2025-07-20 12:00,585.3,6,1.0,0
2025-07-20 13:00,585.3,6,1.0,0
2025-07-20 14:00,585.3,6,1.0,0
2025-07-20 15:00,585.3,6,1.0,0
2025-07-20 16:00,585.3,6,1.0,0
2025-07-20 17:00,585.3,6,1.0,0
2025-07-20 18:00,585.3,6,1.0,0
2025-07-20 19:00,585.3,6,1.0,0
2025-07-20 20:00,585.3,6,1.0,0
2025-07-20 21:00,585.3,6,1.0,0
2025-07-20 22:00,585.3,6,1.0,0
2025-07-20 23:00,585.3,6,1.0,0
2025-07-21 00:00,585.3,6,1.0,0
2025-07-21 01:00,585.3,6,1.0,0
2025-07-21 02:00,585.3,6,1.0,0
2025-07-21 03:00,585.3,6,1.0,0
2025-07-21 04:00,585.3,6,1.0,0
2025-07-21 05:00,585.3,6,1.0,0
2025-07-21 06:00,585.3,6,1.0,0
2025-07-21 07:00,585.3,6,1.0,0
2025-07-21 08:00,585.3,6,1.0,0
2025-07-21 09:00,585.3,6,1.0,0
2025-07-21 10:00,585.3,6,1.0,0
2025-07-21 11:00,585.3,6,1.0,0
2025-07-21 12:00,585.3,6,1.0,0
2025-07-21 13:00,585.3,6,1.0,0
2025-07-21 14:00,585.3,6,1.0,0
2025-07-21 15:00,585.3,6,1.0,0
2025-07-21 16:00,585.3,6,1.0,0
2025-07-21 17:00,585.3,6,1.0,0
2025-07-21 18:00,585.3,6,1.0,0
2025-07-21 19:00,585.3,6,1.0,0
2025-07-21 20:00,585.3,6,1.0,0
2025-07-21 21:00,585.3,6,1.0,0
2025-07-21 22:00,585.3,6,1.0,0
2025-07-21 23:00,585.3,6,1.0,0
2025-07-22 00:00,585.3,6,1.0,0
2025-07-22 01:00,585.3,6,1.0,0
2025-07-22 02:00,585.3,6,1.0,0
2025-07-22 03:00,585.3,6,1.0,0
2025-07-22 04:00,585.3,6,1.0,0
2025-07-22 05:00,585.3,6,1.0,0
2025-07-22 06:00,585.3,6,1.0,0
2025-07-22 07:00,585.3,6,1.0,0
2025-07-22 08:00,585.3,6,1.0,0
2025-07-22 09:00,585.3,6,1.0,0
2025-07-22 10:00,585.3,6,1.0,0
2025-07-22 11:00,585.3,6,1.0,0
2025-07-22 12:00,585.3,6,1.0,0
2025-07-22 13:00,585.3,6,1.0,0
2025-07-22 14:00,585.3,6,1.0,0
2025-07-22 15:00,585.3,6,1.0,0
2025-07-22 16:00,585.3,6,1.0,0
2025-07-22 17:00,585.3,6,1.0,0
2025-07-22 18:00,585.3,6,1.0,0
2025-07-22 19:00,585.3,6,1.0,0
2025-07-22 20:00,585.3,6,1.0,0
2025-07-22 21:00,585.3,6,1.0,0
2025-07-22 22:00,585.3,6,1.0,0
2025-07-22 23:00,585.3,6,1.0,0
2025-07-23 00:00,585.3,6,1.0,0
2025-07-23 01:00,585.3,6,1.0,0
2025-07-23 02:00,585.3,6,1.0,0
2025-07-23 03:00,585.3,6,1.0,0
2025-07-23 04:00,585.3,6,1.0,0
2025-07-23 05:00,585.3,6,1.0,0
2025-07-23 06:00,585.3,6,1.0,0
2025-07-23 07:00,585.3,6,1.0,0
2025-07-23 08:00,585.3,6,1.0,0
2025-07-23 09:00,585.3,6,1.0,0
2025-07-23 10:00,585.3,6,1.0,0
2025-07-23 11:00,585.3,6,1.0,0
2025-07-23 12:00,585.3,6,1.0,0
2025-07-23 13:00,585.3,6,1.0,0
2025-07-23 14:00,585.3,6,1.0,0
2025-07-23 15:00,585.3,6,1.0,0
2025-07-23 16:00,585.3,6,1.0,0
2025-07-23 17:00,585.3,6,1.0,0
2025-07-23 18:00,585.3,6,1.0,0
2025-07-23 19:00,585.3,6,1.0,0
2025-07-23 20:00,585.3,6,1.0,0
2025-07-23 21:00,585.3,6,1.0,0
2025-07-23 22:00,585.3,6,1.0,0
2025-07-23 23:00,585.3,6,1.0,0
2025-07-24 00:00,585.3,6,1.0,0
2025-07-24 01:00,585.3,6,1.0,0
2025-07-24 02:00,585.3,6,1.0,0
2025-07-24 03:00,585.3,6,1.0,0
2025-07-24 04:00,585.3,6,1.0,0
2025-07-24 05:00,585.3,6,1.0,0
2025-07-24 06:00,585.3,6,1.0,0
2025-07-24 07:00,585.3,6,1.0,0
2025-07-24 08:00,585.3,6,1.0,0
2025-07-24 09:00,585.3,6,1.0,0
2025-07-24 10:00,585.3,6,1.0,0
2025-07-24 11:00,585.3,6,1.0,0
2025-07-24 12:00,585.3,6,1.0,0
2025-07-24 13:00,585.3,6,1.0,0
2025-07-24 14:00,585.3,6,1.0,0
2025-07-24 15:00,585.3,6,1.0,0
2025-07-24 16:00,585.3,6,1.0,0
2025-07-24 17:00,585.3,6,1.0,0
2025-07-24 18:00,585.3,6,1.0,0
2025-07-24 19:00,585.3,6,1.0,0
2025-07-24 20:00,585.3,6,1.0,0
2025-07-24 21:00,585.3,6,1.0,0
2025-07-24 22:00,585.3,6,1.0,0
2025-07-24 23:00,585.3,6,1.0,0
2025-07-25 00:00,585.3,6,1.0,0
2025-07-25 01:00,585.3,6,1.0,0
2025-07-25 02:00,585.3,6,1.0,0
2025-07-25 03:00,585.3,6,1.0,0
2025-07-25 04:00,585.3,6,1.0,0
2025-07-25 05:00,585.3,6,1.0,0
2025-07-25 06:00,585.3,6,1.0,0
2025-07-25 07:00,585.3,6,1.0,0
2025-07-25 08:00,585.3,6,1.0,0
2025-07-25 09:00,585.3,6,1.0,0
2025-07-25 10:00,585.3,6,1.0,0
2025-07-25 11:00,585.3,6,1.0,0
2025-07-25 12:00,585.3,6,1.0,0
2025-07-25 13:00,585.3,6,1.0,0
2025-07-25 14:00,585.3,6,1.0,0
2025-07-25 15:00,585.3,6,1.0,0
2025-07-25 16:00,585.3,6,1.0,0
2025-07-25 17:00,585.3,6,1.0,0
2025-07-25 18:00,585.3,6,1.0,0
2025-07-25 19:00,585.3,6,1.0,0
2025-07-25 20:00,585.3,6,1.0,0
2025-07-25 21:00,585.3,6,1.0,0
2025-07-25 22:00,585.3,6,1.0,0
2025-07-25 23:00,585.3,6,1.0,0
2025-07-26 00:00,585.3,6,1.0,0
2025-07-26 01:00,585.3,6,1.0,0
2025-07-26 02:00,585.3,6,1.0,0
2025-07-26 03:00,585.3,6,1.0,0
2025-07-26 04:00,585.3,6,1.0,0
2025-07-26 05:00,585.3,6,1.0,0
2025-07-26 06:00,585.3,6,1.0,0
2025-07-26 07:00,585.3,6,1.0,0
2025-07-26 08:00,585.3,6,1.0,0
2025-07-26 09:00,585.3,6,1.0,0
2025-07-26 10:00,585.3,6,1.0,0
2025-07-26 11:00,585.3,6,1.0,0
2025-07-26 12:00,585.3,6,1.0,0
2025-07-26 13:00,585.3,6,1.0,0
2025-07-26 14:00,585.3,6,1.0,0
2025-07-26 15:00,586.1,6,1.0,0
2025-07-26 16:00,589.8,6,1.0,0
2025-07-26 17:00,589.8,6,1.0,0
2025-07-26 18:00,589.8,6,1.0,0
2025-07-26 19:00,589.8,6,1.0,0
2025-07-26 20:00,589.8,6,1.0,0
2025-07-26 21:00,589.8,6,1.0,0
2025-07-26 22:00,589.8,6,1.0,0
2025-07-26 23:00,589.8,6,1.0,0
2025-07-27 00:00,590.8,6,1.0,0
2025-07-27 01:00,590.8,6,1.0,0
2025-07-27 02:00,590.8,6,1.0,0
2025-07-27 03:00,590.8,6,1.0,0
2025-07-27 04:00,590.8,6,1.0,0
2025-07-27 05:00,591.0,6,1.0,0
2025-07-27 06:00,591.0,6,1.0,0
2025-07-27 07:00,591.0,6,1.0,0
2025-07-27 08:00,591.0,6,1.0,0
2025-07-27 09:00,591.0,6,1.0,0
2025-07-27 10:00,591.0,6,1.0,0
2025-07-27 11:00,591.0,6,1.0,0
2025-07-27 12:00,591.0,6,1.0,0
2025-07-27 13:00,591.0,6,1.0,0
2025-07-27 14:00,591.0,6,1.0,0
2025-07-27 15:00,591.0,6,1.0,0
2025-07-27 16:00,591.0,6,1.0,0
2025-07-27 17:00,591.0,6,1.0,0
2025-07-27 18:00,591.0,6,1.0,0
2025-07-27 19:00,591.0,6,1.0,0
2025-07-27 20:00,591.0,6,1.0,0
2025-07-27 21:00,591.0,6,1.0,0
2025-07-27 22:00,591.0,6,1.0,0
2025-07-27 23:00,591.0,6,1.0,0
2025-07-28 00:00,591.0,6,1.0,0
2025-07-28 01:00,591.0,6,1.0,0
2025-07-28 02:00,591.0,6,1.0,0
2025-07-28 03:00,591.0,6,1.0,0
2025-07-28 04:00,591.0,6,1.0,0
2025-07-28 05:00,591.0,6,1.0,0
2025-07-28 06:00,591.0,6,1.0,0
2025-07-28 07:00,591.0,6,1.0,0
2025-07-28 08:00,591.0,6,1.0,0
2025-07-28 09:00,591.0,6,1.0,0
2025-07-28 10:00,591.0,6,1.0,0
2025-07-28 11:00,591.0,6,1.0,0
2025-07-28 12:00,591.0,6,1.0,0
2025-07-28 13:00,593.2,6,1.0,0
2025-07-28 14:00,593.2,6,1.0,0
2025-07-28 15:00,593.8,6,1.0,0
2025-07-28 16:00,594.6,6,1.0,0
2025-07-28 17:00,594.6,6,1.0,0
2025-07-28 18:00,594.8,6,1.0,0
2025-07-28 19:00,594.8,6,1.0,0
2025-07-28 20:00,594.8,6,1.0,0
2025-07-28 21:00,594.8,6,1.0,0
2025-07-28 22:00,594.8,6,1.0,0
2025-07-28 23:00,594.8,6,1.0,0
2025-07-29 00:00,594.8,6,1.0,0
2025-07-29 01:00,595.0,6,1.0,0
2025-07-29 02:00,595.0,6,1.0,0
2025-07-29 03:00,595.2,6,1.0,0
2025-07-29 04:00,595.4,6,1.0,0
2025-07-29 05:00,595.4,6,1.0,0
2025-07-29 06:00,595.4,6,1.0,0
2025-07-29 07:00,595.4,6,1.0,0
2025-07-29 08:00,595.4,6,1.0,0
2025-07-29 09:00,595.4,6,1.0,0
2025-07-29 10:00,595.4,6,1.0,0
2025-07-29 11:00,595.4,6,1.0,0
2025-07-29 12:00,595.4,6,1.0,0
2025-07-29 13:00,595.4,6,1.0,0
2025-07-29 14:00,595.4,6,1.0,0
2025-07-29 15:00,595.4,6,1.0,0
2025-07-29 16:00,595.4,6,1.0,0
2025-07-29 17:00,595.4,6,1.0,0
2025-07-29 18:00,595.4,6,1.0,0
2025-07-29 19:00,595.4,6,1.0,0
2025-07-29 20:00,595.4,6,1.0,0
2025-07-29 21:00,595.4,6,1.0,0
2025-07-29 22:00,595.4,6,1.0,0
2025-07-29 23:00,595.4,6,1.0,0
2025-07-30 00:00,595.4,6,1.0,0
2025-07-30 01:00,595.4,6,1.0,0
2025-07-30 02:00,595.4,6,1.0,0
2025-07-30 03:00,595.4,6,1.0,0
2025-07-30 04:00,595.4,6,1.0,0
2025-07-30 05:00,595.4,6,1.0,0
2025-07-30 06:00,595.4,6,1.0,0
2025-07-30 07:00,595.4,6,1.0,0
2025-07-30 08:00,595.4,6,1.0,0
2025-07-30 09:00,595.4,6,1.0,0
2025-07-30 10:00,595.4,6,1.0,0
2025-07-30 11:00,595.4,6,1.0,0
2025-07-30 12:00,595.4,6,1.0,0
2025-07-30 13:00,595.4,6,1.0,0
2025-07-30 14:00,595.4,6,1.0,0
2025-07-30 15:00,595.4,6,1.0,0
2025-07-30 16:00,595.4,6,1.0,0
2025-07-30 17:00,595.4,6,1.0,0
2025-07-30 18:00,595.4,6,1.0,0
2025-07-30 19:00,595.4,6,1.0,0
2025-07-30 20:00,595.4,6,1.0,0
2025-07-30 21:00,595.4,6,1.0,0
2025-07-30 22:00,595.4,6,1.0,0
2025-07-30 23:00,595.4,6,1.0,0
2025-07-31 00:00,595.4,6,1.0,0
2025-07-31 01:00,595.4,6,1.0,0
2025-07-31 02:00,595.4,6,1.0,0
2025-07-31 03:00,595.4,6,1.0,0
2025-07-31 04:00,595.4,6,1.0,0
2025-07-31 05:00,595.4,6,1.0,0
2025-07-31 06:00,595.4,6,1.0,0
2025-07-31 07:00,595.4,6,1.0,0
2025-07-31 08:00,595.4,6,1.0,0
2025-07-31 09:00,595.4,6,1.0,0
2025-07-31 10:00,595.4,6,1.0,0
2025-07-31 11:00,595.4,6,1.0,0
2025-07-31 12:00,595.4,6,1.0,0
2025-07-31 13:00,595.4,6,1.0,0
2025-07-31 14:00,595.4,6,1.0,0
2025-07-31 15:00,595.4,6,1.0,0
2025-07-31 16:00,595.4,6,1.0,0
2025-07-31 17:00,595.4,6,1.0,0
2025-07-31 18:00,595.4,6,1.0,0
2025-07-31 19:00,595.4,6,1.0,0
2025-07-31 20:00,595.4,6,1.0,0
2025-07-31 21:00,595.4,6,1.0,0
2025-07-31 22:00,595.4,6,1.0,0
2025-07-31 23:00,595.4,6,1.0,0
2025-08-01 00:00,595.4,6,1.0,0
2025-08-01 01:00,595.4,6,1.0,0
2025-08-01 02:00,595.4,6,1.0,0
2025-08-01 03:00,595.4,6,1.0,0
2025-08-01 04:00,595.4,6,1.0,0
2025-08-01 05:00,595.4,6,1.0,0
2025-08-01 06:00,595.4,6,1.0,0
2025-08-01 07:00,595.4,6,1.0,0
2025-08-01 08:00,595.4,6,1.0,0
2025-08-01 09:00,595.4,6,1.0,0
2025-08-01 10:00,595.4,6,1.0,0
2025-08-01 11:00,595.4,6,1.0,0
2025-08-01 12:00,595.4,6,1.0,0
2025-08-01 13:00,595.4,6,1.0,0
2025-08-01 14:00,595.4,6,1.0,0
2025-08-01 15:00,595.4,6,1.0,0
2025-08-01 16:00,595.4,6,1.0,0
2025-08-01 17:00,595.4,6,1.0,0
2025-08-01 18:00,595.4,6,1.0,0
2025-08-01 19:00,595.4,6,1.0,0
2025-08-01 20:00,595.4,6,1.0,0
2025-08-01 21:00,595.4,6,1.0,0
2025-08-01 22:00,595.4,6,1.0,0
2025-08-01 23:00,595.4,6,1.0,0
2025-08-02 00:00,595.4,6,1.0,0
2025-08-02 01:00,595.4,6,1.0,0
2025-08-02 02:00,595.4,6,1.0,0
2025-08-02 03:00,595.4,6,1.0,0
2025-08-02 04:00,595.4,6,1.0,0
2025-08-02 05:00,595.4,6,1.0,0
2025-08-02 06:00,595.4,6,1.0,0
2025-08-02 07:00,595.4,6,1.0,0
2025-08-02 08:00,595.4,6,1.0,0
2025-08-02 09:00,595.4,6,1.0,0
2025-08-02 10:00,595.4,6,1.0,0
2025-08-02 11:00,595.4,6,1.0,0
2025-08-02 12:00,595.4,6,1.0,0
2025-08-02 13:00,595.4,6,1.0,0
2025-08-02 14:00,595.4,6,1.0,0
2025-08-02 15:00,595.4,6,1.0,0
2025-08-02 16:00,595.4,6,1.0,0
2025-08-02 17:00,595.4,6,1.0,0
2025-08-02 18:00,595.4,6,1.0,0
2025-08-02 19:00,595.4,6,1.0,0
2025-08-02 20:00,595.4,6,1.0,0
2025-08-02 21:00,595.4,6,1.0,0
2025-08-02 22:00,595.4,6,1.0,0
2025-08-02 23:00,595.4,6,1.0,0
2025-08-03 00:00,595.4,6,1.0,0
2025-08-03 01:00,595.4,6,1.0,0
2025-08-03 02:00,595.4,6,1.0,0
2025-08-03 03:00,595.4,6,1.0,0
2025-08-03 04:00,595.4,6,1.0,0
2025-08-03 05:00,595.4,6,1.0,0
2025-08-03 06:00,595.4,6,1.0,0
2025-08-03 07:00,595.4,6,1.0,0
2025-08-03 08:00,595.4,6,1.0,0
2025-08-03 09:00,595.4,6,1.0,0
2025-08-03 10:00,595.4,6,1.0,0
2025-08-03 11:00,595.4,6,1.0,0
2025-08-03 12:00,595.4,6,1.0,0
2025-08-03 13:00,595.4,6,1.0,0
2025-08-03 14:00,595.4,6,1.0,0
2025-08-03 15:00,595.4,6,1.0,0
2025-08-03 16:00,595.4,6,1.0,0
2025-08-03 17:00,595.4,6,1.0,0
2025-08-03 18:00,595.4,6,1.0,0
2025-08-03 19:00,595.4,6,1.0,0
2025-08-03 20:00,595.4,6,1.0,0
2025-08-03 21:00,595.4,6,1.0,0
2025-08-03 22:00,595.4,6,1.0,0
2025-08-03 23:00,595.4,6,1.0,0
2025-08-04 00:00,595.4,6,1.0,0
2025-08-04 01:00,595.4,6,1.0,0
2025-08-04 02:00,595.4,6,1.0,0
2025-08-04 03:00,595.4,6,1.0,0
2025-08-04 04:00,595.4,6,1.0,0
2025-08-04 05:00,595.4,6,1.0,0
2025-08-04 06:00,595.4,6,1.0,0
2025-08-04 07:00,595.4,6,1.0,0
2025-08-04 08:00,595.4,6,1.0,0
2025-08-04 09:00,595.4,6,1.0,0
2025-08-04 10:00,595.4,6,1.0,0
2025-08-04 11:00,595.4,6,1.0,0
2025-08-04 12:00,595.4,6,1.0,0
2025-08-04 13:00,595.4,6,1.0,0
2025-08-04 14:00,595.4,6,1.0,0
2025-08-04 15:00,595.4,6,1.0,0
2025-08-04 16:00,595.4,6,1.0,0
2025-08-04 17:00,595.4,6,1.0,0
2025-08-04 18:00,595.4,6,1.0,0
2025-08-04 19:00,595.4,6,1.0,0
2025-08-04 20:00,595.4,6,1.0,0
2025-08-04 21:00,595.4,6,1.0,0
2025-08-04 22:00,595.4,6,1.0,0
2025-08-04 23:00,595.4,6,1.0,0
2025-08-05 00:00,595.4,6,1.0,0
2025-08-05 01:00,595.4,6,1.0,0
2025-08-05 02:00,595.4,6,1.0,0
2025-08-05 03:00,595.4,6,1.0,0
2025-08-05 04:00,595.4,6,1.0,0
2025-08-05 05:00,595.4,6,1.0,0
2025-08-05 06:00,595.4,6,1.0,0
2025-08-05 07:00,595.4,6,1.0,0
2025-08-05 08:00,595.4,6,1.0,0
2025-08-05 09:00,595.4,6,1.0,0
2025-08-05 10:00,595.4,6,1.0,0
2025-08-05 11:00,595.4,6,1.0,0
2025-08-05 12:00,595.4,6,1.0,0
2025-08-05 13:00,595.4,6,1.0,0
2025-08-05 14:00,595.4,6,1.0,0
2025-08-05 15:00,595.4,6,1.0,0
2025-08-05 16:00,595.4,6,1.0,0
2025-08-05 17:00,595.4,6,1.0,0
2025-08-05 18:00,595.4,6,1.0,0
2025-08-05 19:00,595.4,6,1.0,0
2025-08-05 20:00,595.4,6,1.0,0
2025-08-05 21:00,595.4,6,1.0,0
2025-08-05 22:00,595.4,6,1.0,0
2025-08-05 23:00,595.4,6,1.0,0
2025-08-06 00:00,595.4,6,1.0,0
2025-08-06 01:00,595.4,6,1.0,0
2025-08-06 02:00,595.4,6,1.0,0
2025-08-06 03:00,595.4,6,1.0,0
2025-08-06 04:00,595.4,6,1.0,0
2025-08-06 05:00,595.4,6,1.0,0
2025-08-06 06:00,595.4,6,1.0,0
2025-08-06 07:00,595.4,6,1.0,0
2025-08-06 08:00,595.4,6,1.0,0
2025-08-06 09:00,595.4,6,1.0,0
2025-08-06 10:00,595.4,6,1.0,0
2025-08-06 11:00,595.4,6,1.0,0
2025-08-06 12:00,595.4,6,1.0,0
2025-08-06 13:00,595.4,6,1.0,0
2025-08-06 14:00,595.4,6,1.0,0
2025-08-06 15:00,595.4,6,1.0,0
2025-08-06 16:00,595.4,6,1.0,0
2025-08-06 17:00,595.4,6,1.0,0
2025-08-06 18:00,595.4,6,1.0,0
2025-08-06 19:00,595.4,6,1.0,0
2025-08-06 20:00,595.4,6,1.0,0
2025-08-06 21:00,595.4,6,1.0,0
2025-08-06 22:00,595.4,6,1.0,0
2025-08-06 23:00,595.4,6,1.0,0
2025-08-07 00:00,595.4,6,1.0,0
2025-08-07 01:00,595.4,6,1.0,0
2025-08-07 02:00,595.4,6,1.0,0
2025-08-07 03:00,595.4,6,1.0,0
2025-08-07 04:00,595.4,6,1.0,0
2025-08-07 05:00,595.4,6,1.0,0
2025-08-07 06:00,595.4,6,1.0,0
2025-08-07 07:00,595.4,6,1.0,0
2025-08-07 08:00,595.4,6,1.0,0
2025-08-07 09:00,595.4,6,1.0,0
2025-08-07 10:00,595.4,6,1.0,0
2025-08-07 11:00,595.4,6,1.0,0
2025-08-07 12:00,595.4,6,1.0,0
2025-08-07 13:00,595.4,6,1.0,0
2025-08-07 14:00,595.4,6,1.0,0
2025-08-07 15:00,595.4,6,1.0,0
2025-08-07 16:00,595.4,6,1.0,0
2025-08-07 17:00,595.4,6,1.0,0
2025-08-07 18:00,595.4,6,1.0,0
2025-08-07 19:00,595.4,6,1.0,0
2025-08-07 20:00,595.4,6,1.0,0
2025-08-07 21:00,595.4,6,1.0,0
2025-08-07 22:00,595.4,6,1.0,0
2025-08-07 23:00,595.4,6,1.0,0
2025-08-08 00:00,595.4,6,1.0,0
2025-08-08 01:00,595.4,6,1.0,0
2025-08-08 02:00,595.4,6,1.0,0
2025-08-08 03:00,595.4,6,1.0,0
2025-08-08 04:00,595.4,6,1.0,0
2025-08-08 05:00,595.4,6,1.0,0
2025-08-08 06:00,595.4,6,1.0,0
2025-08-08 07:00,595.4,6,1.0,0
2025-08-08 08:00,595.4,6,1.0,0
2025-08-08 09:00,595.4,6,1.0,0
2025-08-08 10:00,595.4,6,1.0,0
2025-08-08 11:00,595.4,6,1.0,0
2025-08-08 12:00,595.4,6,1.0,0
2025-08-08 13:00,595.4,6,1.0,0
2025-08-08 14:00,595.4,6,1.0,0
2025-08-08 15:00,595.4,6,1.0,0
2025-08-08 16:00,595.4,6,1.0,0
2025-08-08 17:00,595.4,6,1.0,0
2025-08-08 18:00,595.4,6,1.0,0
2025-08-08 19:00,595.4,6,1.0,0
2025-08-08 20:00,595.4,6,1.0,0
2025-08-08 21:00,595.4,6,1.0,0
2025-08-08 22:00,595.4,6,1.0,0
2025-08-08 23:00,595.4,6,1.0,0
2025-08-09 00:00,595.4,6,1.0,0
2025-08-09 01:00,595.4,6,1.0,0
2025-08-09 02:00,595.4,6,1.0,0
2025-08-09 03:00,595.4,6,1.0,0
2025-08-09 04:00,595.4,6,1.0,0
2025-08-09 05:00,595.4,6,1.0,0
2025-08-09 06:00,595.4,6,1.0,0
2025-08-09 07:00,595.4,6,1.0,0
2025-08-09 08:00,595.4,6,1.0,0
2025-08-09 09:00,595.4,6,1.0,0
2025-08-09 10:00,595.4,6,1.0,0
2025-08-09 11:00,595.4,6,1.0,0
2025-08-09 12:00,595.4,6,1.0,0
2025-08-09 13:00,595.4,6,1.0,0
2025-08-09 14:00,595.4,6,1.0,0
2025-08-09 15:00,595.4,6,1.0,0
2025-08-09 16:00,595.4,6,1.0,0
2025-08-09 17:00,595.4,6,1.0,0
2025-08-09 18:00,595.4,6,1.0,0
2025-08-09 19:00,595.4,6,1.0,0
2025-08-09 20:00,595.4,6,1.0,0
2025-08-09 21:00,595.4,6,1.0,0
2025-08-09 22:00,595.4,6,1.0,0
2025-08-09 23:00,595.4,6,1.0,0
2025-08-10 00:00,595.4,6,1.0,0
2025-08-10 01:00,595.4,6,1.0,0
2025-08-10 02:00,595.4,6,1.0,0
2025-08-10 03:00,595.4,6,1.0,0
2025-08-10 04:00,595.4,6,1.0,0
2025-08-10 05:00,595.4,6,1.0,0
2025-08-10 06:00,595.4,6,1.0,0
2025-08-10 07:00,595.4,6,1.0,0
2025-08-10 08:00,595.4,6,1.0,0
2025-08-10 09:00,595.4,6,1.0,0
2025-08-10 10:00,595.4,6,1.0,0
2025-08-10 11:00,595.4,6,1.0,0
2025-08-10 12:00,595.4,6,1.0,0
2025-08-10 13:00,595.4,6,1.0,0
2025-08-10 14:00,595.4,6,1.0,0
2025-08-10 15:00,595.4,6,1.0,0
2025-08-10 16:00,595.4,6,1.0,0
2025-08-10 17:00,595.4,6,1.0,0
2025-08-10 18:00,595.4,6,1.0,0
2025-08-10 19:00,595.4,6,1.0,0
2025-08-10 20:00,595.4,6,1.0,0
2025-08-10 21:00,595.4,6,1.0,0
2025-08-10 22:00,595.4,6,1.0,0
2025-08-10 23:00,595.4,6,1.0,0
2025-08-11 00:00,595.4,6,1.0,0
2025-08-11 01:00,595.4,6,1.0,0
2025-08-11 02:00,595.4,6,1.0,0
2025-08-11 03:00,595.4,6,1.0,0
2025-08-11 04:00,595.4,6,1.0,0
2025-08-11 05:00,595.4,6,1.0,0
2025-08-11 06:00,595.4,6,1.0,0
2025-08-11 07:00,595.4,6,1.0,0
2025-08-11 08:00,595.4,6,1.0,0
2025-08-11 09:00,595.4,6,1.0,0
2025-08-11 10:00,595.4,6,1.0,0
2025-08-11 11:00,595.4,6,1.0,0
2025-08-11 12:00,595.4,6,1.0,0
2025-08-11 13:00,595.4,6,1.0,0
2025-08-11 14:00,595.4,6,1.0,0
2025-08-11 15:00,595.4,6,1.0,0
2025-08-11 16:00,595.4,6,1.0,0
2025-08-11 17:00,595.4,6,1.0,0
2025-08-11 18:00,595.4,6,1.0,0
2025-08-11 19:00,595.4,6,1.0,0
2025-08-11 20:00,595.4,6,1.0,0
2025-08-11 21:00,595.4,6,1.0,0
2025-08-11 22:00,595.4,6,1.0,0
2025-08-11 23:00,595.4,6,1.0,0
2025-08-12 00:00,595.4,6,1.0,0
2025-08-12 01:00,595.4,6,1.0,0
2025-08-12 02:00,595.4,6,1.0,0
2025-08-12 03:00,595.4,6,1.0,0
2025-08-12 04:00,595.4,6,1.0,0
2025-08-12 05:00,595.4,6,1.0,0
2025-08-12 06:00,595.4,6,1.0,0
2025-08-12 07:00,595.4,6,1.0,0
2025-08-12 08:00,595.4,6,1.0,0
2025-08-12 09:00,595.4,6,1.0,0
2025-08-12 10:00,595.4,6,1.0,0
2025-08-12 11:00,595.4,6,1.0,0
2025-08-12 12:00,595.4,6,1.0,0
2025-08-12 13:00,595.4,6,1.0,0
2025-08-12 14:00,595.4,6,1.0,0
2025-08-12 15:00,595.4,6,1.0,0
2025-08-12 16:00,598.8,6,1.0,0
2025-08-12 17:00,600.2,6,1.0,0
2025-08-12 18:00,600.2,6,1.0,0
2025-08-12 19:00,600.6,6,1.0,0
2025-08-12 20:00,600.6,6,1.0,0
2025-08-12 21:00,600.6,6,1.0,0
2025-08-12 22:00,600.6,6,1.0,0
2025-08-12 23:00,600.6,6,1.0,0
2025-08-13 00:00,600.6,6,1.0,0
2025-08-13 01:00,600.6,6,1.0,0
2025-08-13 02:00,600.6,6,1.0,0
2025-08-13 03:00,600.6,6,1.0,0
2025-08-13 04:00,600.6,6,1.0,0
2025-08-13 05:00,600.6,6,1.0,0
2025-08-13 06:00,600.6,6,1.0,0
2025-08-13 07:00,600.6,6,1.0,0
2025-08-13 08:00,600.6,6,1.0,0
2025-08-13 09:00,600.6,6,1.0,0
2025-08-13 10:00,600.6,6,1.0,0
2025-08-13 11:00,600.6,6,1.0,0
2025-08-13 12:00,600.6,6,1.0,0
2025-08-13 13:00,600.6,6,1.0,0
2025-08-13 14:00,600.6,6,1.0,0
2025-08-13 15:00,600.6,6,1.0,0
2025-08-13 16:00,600.6,6,1.0,0
2025-08-13 17:00,600.6,6,1.0,0
2025-08-13 18:00,600.6,6,1.0,0
2025-08-13 19:00,600.6,6,1.0,0
2025-08-13 20:00,600.6,6,1.0,0
2025-08-13 21:00,600.6,6,1.0,0
2025-08-13 22:00,600.6,6,1.0,0
2025-08-13 23:00,600.6,6,1.0,0
2025-08-14 00:00,600.6,6,1.0,0
2025-08-14 01:00,600.6,6,1.0,0
2025-08-14 02:00,600.6,6,1.0,0
2025-08-14 03:00,600.6,6,1.0,0
2025-08-14 04:00,600.6,6,1.0,0
2025-08-14 05:00,600.6,6,1.0,0
2025-08-14 06:00,600.6,6,1.0,0
2025-08-14 07:00,600.6,6,1.0,0
2025-08-14 08:00,600.6,6,1.0,0
2025-08-14 09:00,600.6,6,1.0,0
2025-08-14 10:00,600.6,6,1.0,0
2025-08-14 11:00,600.6,6,1.0,0
2025-08-14 12:00,600.6,6,1.0,0
2025-08-14 13:00,600.6,6,1.0,0
2025-08-14 14:00,600.6,6,1.0,0
2025-08-14 15:00,600.6,6,1.0,0
2025-08-14 16:00,600.6,6,1.0,0
2025-08-14 17:00,600.6,6,1.0,0
2025-08-14 18:00,600.6,6,1.0,0
2025-08-14 19:00,600.6,6,1.0,0
2025-08-14 20:00,600.8,6,1.0,0
2025-08-14 21:00,600.8,6,1.0,0
2025-08-14 22:00,600.8,6,1.0,0
2025-08-14 23:00,600.8,6,1.0,0
2025-08-15 00:00,600.8,6,1.0,0
2025-08-15 01:00,600.8,6,1.0,0
2025-08-15 02:00,600.8,6,1.0,0
2025-08-15 03:00,600.8,6,1.0,0
2025-08-15 04:00,600.8,6,1.0,0
2025-08-15 05:00,600.8,6,1.0,0
2025-08-15 06:00,600.8,6,1.0,0
2025-08-15 07:00,600.8,6,1.0,0
2025-08-15 08:00,600.8,6,1.0,0
2025-08-15 09:00,600.8,6,1.0,0
2025-08-15 10:00,600.8,6,1.0,0
2025-08-15 11:00,600.8,6,1.0,0
2025-08-15 12:00,600.8,6,1.0,0
2025-08-15 13:00,600.8,6,1.0,0
2025-08-15 14:00,600.8,6,1.0,0
2025-08-15 15:00,600.8,6,1.0,0
2025-08-15 16:00,600.8,6,1.0,0
2025-08-15 17:00,600.8,6,1.0,0
2025-08-15 18:00,601.0,6,1.0,0
2025-08-15 19:00,601.0,6,1.0,0
2025-08-15 20:00,601.0,6,1.0,0
2025-08-15 21:00,601.0,6,1.0,0
2025-08-15 22:00,601.0,6,1.0,0
2025-08-15 23:00,601.0,6,1.0,0
2025-08-16 00:00,601.0,6,1.0,0
2025-08-16 01:00,601.0,6,1.0,0
2025-08-16 02:00,601.0,6,1.0,0
2025-08-16 03:00,601.0,6,1.0,0
2025-08-16 04:00,601.0,6,1.0,0
2025-08-16 05:00,601.0,6,1.0,0
2025-08-16 06:00,601.0,6,1.0,0
2025-08-16 07:00,601.0,6,1.0,0
2025-08-16 08:00,601.0,6,1.0,0
2025-08-16 09:00,601.0,6,1.0,0
2025-08-16 10:00,601.0,6,1.0,0
2025-08-16 11:00,601.0,6,1.0,0
2025-08-16 12:00,601.0,6,1.0,0
2025-08-16 13:00,601.0,6,1.0,0
2025-08-16 14:00,601.0,6,1.0,0
2025-08-16 15:00,601.2,6,1.0,0
2025-08-16 16:00,602.2,6,1.0,0
2025-08-16 17:00,602.4,6,1.0,0
2025-08-16 18:00,602.4,6,1.0,0
2025-08-16 19:00,602.6,6,1.0,0
2025-08-16 20:00,602.6,6,1.0,0
2025-08-16 21:00,602.6,6,1.0,0
2025-08-16 22:00,602.6,6,1.0,0
2025-08-16 23:00,602.6,6,1.0,0
2025-08-17 00:00,602.6,6,1.0,0
2025-08-17 01:00,602.6,6,1.0,0
2025-08-17 02:00,602.6,6,1.0,0
2025-08-17 03:00,602.6,6,1.0,0
2025-08-17 04:00,602.6,6,1.0,0
2025-08-17 05:00,602.6,6,1.0,0
2025-08-17 06:00,602.6,6,1.0,0
2025-08-17 07:00,602.6,6,1.0,0
2025-08-17 08:00,602.6,6,1.0,0
2025-08-17 09:00,602.6,6,1.0,0
2025-08-17 10:00,602.6,6,1.0,0
2025-08-17 11:00,602.6,6,1.0,0
2025-08-17 12:00,602.6,6,1.0,0
2025-08-17 13:00,602.6,6,1.0,0
2025-08-17 14:00,602.6,6,1.0,0
2025-08-17 15:00,602.6,6,1.0,0
2025-08-17 16:00,602.6,6,1.0,0
2025-08-17 17:00,602.6,6,1.0,0
2025-08-17 18:00,602.6,6,1.0,0
2025-08-17 19:00,602.6,6,1.0,0
2025-08-17 20:00,602.6,6,1.0,0
2025-08-17 21:00,602.6,6,1.0,0
2025-08-17 22:00,602.6,6,1.0,0
2025-08-17 23:00,602.6,6,1.0,0
2025-08-18 00:00,602.6,6,1.0,0
2025-08-18 01:00,602.6,6,1.0,0
2025-08-18 02:00,602.6,6,1.0,0
2025-08-18 03:00,602.6,6,1.0,0
2025-08-18 04:00,602.6,6,1.0,0
2025-08-18 05:00,602.6,6,1.0,0
2025-08-18 06:00,602.6,6,1.0,0
2025-08-18 07:00,602.6,6,1.0,0
2025-08-18 08:00,602.6,6,1.0,0
2025-08-18 09:00,602.6,6,1.0,0
2025-08-18 10:00,602.6,6,1.0,0
2025-08-18 11:00,602.6,6,1.0,0
2025-08-18 12:00,602.6,6,1.0,0
2025-08-18 13:00,602.6,6,1.0,0
2025-08-18 14:00,602.6,6,1.0,0
2025-08-18 15:00,611.4,6,1.0,0
2025-08-18 16:00,616.4,6,1.0,0
2025-08-18 17:00,616.4,6,1.0,0
2025-08-18 18:00,616.4,6,1.0,0
2025-08-18 19:00,616.4,6,1.0,0
2025-08-18 20:00,616.4,6,1.0,0
2025-08-18 21:00,616.4,6,1.0,0
2025-08-18 22:00,616.4,6,1.0,0
2025-08-18 23:00,616.4,6,1.0,0
2025-08-19 00:00,616.4,6,1.0,0
2025-08-19 01:00,616.4,6,1.0,0
2025-08-19 02:00,616.4,6,1.0,0
2025-08-19 03:00,616.4,6,1.0,0
2025-08-19 04:00,616.4,6,1.0,0
2025-08-19 05:00,616.4,6,1.0,0
2025-08-19 06:00,616.4,6,1.0,0
2025-08-19 07:00,616.4,6,1.0,0
2025-08-19 08:00,616.4,6,1.0,0
2025-08-19 09:00,616.4,6,1.0,0
2025-08-19 10:00,616.4,6,1.0,0
2025-08-19 11:00,616.4,6,1.0,0
2025-08-19 12:00,616.4,6,1.0,0
2025-08-19 13:00,616.4,6,1.0,0
2025-08-19 14:00,616.4,6,1.0,0
2025-08-19 15:00,616.4,6,1.0,0
2025-08-19 16:00,616.4,6,1.0,0
2025-08-19 17:00,616.4,6,1.0,0
2025-08-19 18:00,616.4,6,1.0,0
2025-08-19 19:00,616.4,6,1.0,0
2025-08-19 20:00,616.4,6,1.0,0
2025-08-19 21:00,616.4,6,1.0,0
2025-08-19 22:00,616.4,6,1.0,0
2025-08-19 23:00,616.4,6,1.0,0
2025-08-20 00:00,616.4,6,1.0,0
2025-08-20 01:00,616.4,6,1.0,0
2025-08-20 02:00,616.4,6,1.0,0
2025-08-20 03:00,616.4,6,1.0,0
2025-08-20 04:00,616.4,6,1.0,0
2025-08-20 05:00,616.4,6,1.0,0
2025-08-20 06:00,616.4,6,1.0,0
2025-08-20 07:00,616.4,6,1.0,0
2025-08-20 08:00,616.4,6,1.0,0
2025-08-20 09:00,616.4,6,1.0,0
2025-08-20 10:00,616.4,6,1.0,0
2025-08-20 11:00,616.4,6,1.0,0
2025-08-20 12:00,616.4,6,1.0,0
2025-08-20 13:00,616.4,6,1.0,0
2025-08-20 14:00,616.4,6,1.0,0
2025-08-20 15:00,616.4,6,1.0,0
2025-08-20 16:00,616.4,6,1.0,0
2025-08-20 17:00,616.4,6,1.0,0
2025-08-20 18:00,616.4,6,1.0,0
2025-08-20 19:00,616.4,6,1.0,0
2025-08-20 20:00,616.4,6,1.0,0
2025-08-20 21:00,616.4,6,1.0,0
2025-08-20 22:00,616.4,6,1.0,0
2025-08-20 23:00,616.4,6,1.0,0
2025-08-21 00:00,616.4,6,1.0,0
2025-08-21 01:00,616.4,6,1.0,0
2025-08-21 02:00,616.4,6,1.0,0
2025-08-21 03:00,616.4,6,1.0,0
2025-08-21 04:00,616.4,6,1.0,0
2025-08-21 05:00,616.4,6,1.0,0
2025-08-21 06:00,617.0,6,1.0,0
2025-08-21 07:00,617.0,6,1.0,0
2025-08-21 08:00,617.0,6,1.0,0
2025-08-21 09:00,617.0,6,1.0,0
2025-08-21 10:00,617.0,6,1.0,0
2025-08-21 11:00,617.0,6,1.0,0
2025-08-21 12:00,617.0,6,1.0,0
2025-08-21 13:00,617.0,6,1.0,0
2025-08-21 14:00,617.0,6,1.0,0
2025-08-21 15:00,617.0,6,1.0,0
2025-08-21 16:00,617.0,6,1.0,0
2025-08-21 17:00,617.0,6,1.0,0
2025-08-21 18:00,617.0,6,1.0,0
2025-08-21 19:00,617.0,6,1.0,0
2025-08-21 20:00,617.0,6,1.0,0
2025-08-21 21:00,617.0,6,1.0,0
2025-08-21 22:00,617.0,6,1.0,0
2025-08-21 23:00,617.0,6,1.0,0
2025-08-22 00:00,617.0,6,1.0,0
2025-08-22 01:00,617.0,6,1.0,0
2025-08-22 02:00,617.0,6,1.0,0
2025-08-22 03:00,617.0,6,1.0,0
2025-08-22 04:00,617.2,6,1.0,0
2025-08-22 05:00,619.3,6,1.0,0
2025-08-22 06:00,619.3,6,1.0,0
2025-08-22 07:00,619.3,6,1.0,0
2025-08-22 08:00,619.3,6,1.0,0
2025-08-22 09:00,619.3,6,1.0,0
2025-08-22 10:00,619.3,6,1.0,0
2025-08-22 11:00,619.3,6,1.0,0
2025-08-22 12:00,619.3,6,1.0,0
2025-08-22 13:00,619.3,6,1.0,0
2025-08-22 14:00,619.3,6,1.0,0
2025-08-22 15:00,619.3,6,1.0,0
2025-08-22 16:00,619.3,6,1.0,0
2025-08-22 17:00,619.3,6,1.0,0
2025-08-22 18:00,619.3,6,1.0,0
2025-08-22 19:00,619.3,6,1.0,0
2025-08-22 20:00,619.3,6,1.0,0
2025-08-22 21:00,619.3,6,1.0,0
2025-08-22 22:00,619.9,6,1.0,0
2025-08-22 23:00,620.1,6,1.0,0
2025-08-23 00:00,621.1,6,1.0,0
2025-08-23 01:00,621.3,6,1.0,0
2025-08-23 02:00,621.3,6,1.0,0
2025-08-23 03:00,621.3,6,1.0,0
2025-08-23 04:00,621.3,6,1.0,0
2025-08-23 05:00,621.5,6,1.0,0
2025-08-23 06:00,621.7,6,1.0,0
2025-08-23 07:00,621.7,6,1.0,0
2025-08-23 08:00,621.7,6,1.0,0
2025-08-23 09:00,621.7,6,1.0,0
2025-08-23 10:00,621.7,6,1.0,0
2025-08-23 11:00,621.7,6,1.0,0
2025-08-23 12:00,621.7,6,1.0,0
2025-08-23 13:00,621.7,6,1.0,0
2025-08-23 14:00,621.7,6,1.0,0
2025-08-23 15:00,621.7,6,1.0,0
2025-08-23 16:00,621.7,6,1.0,0
2025-08-23 17:00,627.8,6,1.0,0
2025-08-23 18:00,628.0,6,1.0,0
2025-08-23 19:00,628.0,6,1.0,0
2025-08-23 20:00,628.0,6,1.0,0
2025-08-23 21:00,628.0,6,1.0,0
2025-08-23 22:00,628.0,6,1.0,0
2025-08-23 23:00,628.0,6,1.0,0
2025-08-24 00:00,628.0,6,1.0,0
2025-08-24 01:00,628.0,6,1.0,0
2025-08-24 02:00,628.0,6,1.0,0
2025-08-24 03:00,628.0,6,1.0,0
2025-08-24 04:00,628.0,6,1.0,0
2025-08-24 05:00,628.0,6,1.0,0
2025-08-24 06:00,628.2,6,1.0,0
2025-08-24 07:00,628.2,6,1.0,0
2025-08-24 08:00,628.2,6,1.0,0
2025-08-24 09:00,628.2,6,1.0,0
2025-08-24 10:00,628.2,6,1.0,0
2025-08-24 11:00,628.2,6,1.0,0
2025-08-24 12:00,628.2,6,1.0,0
2025-08-24 13:00,628.2,6,1.0,0
2025-08-24 14:00,628.2,6,1.0,0
2025-08-24 15:00,628.2,6,1.0,0
2025-08-24 16:00,628.2,6,1.0,0
2025-08-24 17:00,628.2,6,1.0,0
2025-08-24 18:00,628.2,6,1.0,0
2025-08-24 19:00,628.2,6,1.0,0
2025-08-24 20:00,628.2,6,1.0,0
2025-08-24 21:00,628.2,6,1.0,0
2025-08-24 22:00,628.2,6,1.0,0
2025-08-24 23:00,628.2,6,1.0,0
2025-08-25 00:00,628.2,6,1.0,0
2025-08-25 01:00,628.2,6,1.0,0
2025-08-25 02:00,628.2,6,1.0,0
2025-08-25 03:00,628.2,6,1.0,0
2025-08-25 04:00,628.2,6,1.0,0
2025-08-25 05:00,628.2,6,1.0,0
2025-08-25 06:00,628.2,6,1.0,0
2025-08-25 07:00,628.2,6,1.0,0
2025-08-25 08:00,628.2,6,1.0,0
2025-08-25 09:00,628.2,6,1.0,0
2025-08-25 10:00,628.2,6,1.0,0
2025-08-25 11:00,628.2,6,1.0,0
2025-08-25 12:00,628.2,6,1.0,0
2025-08-25 13:00,628.2,6,1.0,0
2025-08-25 14:00,628.2,6,1.0,0
2025-08-25 15:00,628.2,6,1.0,0
2025-08-25 16:00,628.2,6,1.0,0
2025-08-25 17:00,628.2,6,1.0,0
2025-08-25 18:00,628.2,6,1.0,0
2025-08-25 19:00,628.2,6,1.0,0
2025-08-25 20:00,628.2,6,1.0,0
2025-08-25 21:00,628.2,6,1.0,0
2025-08-25 22:00,628.2,6,1.0,0
2025-08-25 23:00,628.2,6,1.0,0
2025-08-26 00:00,628.2,6,1.0,0
2025-08-26 01:00,628.2,6,1.0,0
2025-08-26 02:00,628.2,6,1.0,0
2025-08-26 03:00,628.2,6,1.0,0
2025-08-26 04:00,628.2,6,1.0,0
2025-08-26 05:00,628.2,6,1.0,0
2025-08-26 06:00,628.2,6,1.0,0
2025-08-26 07:00,628.2,6,1.0,0
2025-08-26 08:00,628.2,6,1.0,0
2025-08-26 09:00,628.2,6,1.0,0
2025-08-26 10:00,628.2,6,1.0,0
2025-08-26 11:00,628.2,6,1.0,0
2025-08-26 12:00,628.2,6,1.0,0
2025-08-26 13:00,628.2,6,1.0,0
2025-08-26 14:00,628.2,6,1.0,0
2025-08-26 15:00,628.2,6,1.0,0
2025-08-26 16:00,628.2,6,1.0,0
2025-08-26 17:00,628.2,6,1.0,0
2025-08-26 18:00,628.2,6,1.0,0
2025-08-26 19:00,628.2,6,1.0,0
2025-08-26 20:00,628.2,6,1.0,0
2025-08-26 21:00,628.2,6,1.0,0
2025-08-26 22:00,628.2,6,1.0,0
2025-08-26 23:00,628.2,6,1.0,0
2025-08-27 00:00,628.2,6,1.0,0
2025-08-27 01:00,628.2,6,1.0,0
2025-08-27 02:00,628.2,6,1.0,0
2025-08-27 03:00,628.2,6,1.0,0
2025-08-27 04:00,628.2,6,1.0,0
2025-08-27 05:00,628.2,6,1.0,0
2025-08-27 06:00,628.2,6,1.0,0
2025-08-27 07:00,628.2,6,1.0,0
2025-08-27 08:00,628.2,6,1.0,0
2025-08-27 09:00,628.2,6,1.0,0
2025-08-27 10:00,628.2,6,1.0,0
2025-08-27 11:00,628.2,6,1.0,0
2025-08-27 12:00,628.2,6,1.0,0
2025-08-27 13:00,628.2,6,1.0,0
2025-08-27 14:00,628.2,6,1.0,0
2025-08-27 15:00,628.2,6,1.0,0
2025-08-27 16:00,628.2,6,1.0,0
2025-08-27 17:00,628.2,6,1.0,0
2025-08-27 18:00,628.2,6,1.0,0
2025-08-27 19:00,628.2,6,1.0,0
2025-08-27 20:00,628.2,6,1.0,0
2025-08-27 21:00,628.2,6,1.0,0
2025-08-27 22:00,628.2,6,1.0,0
2025-08-27 23:00,628.2,6,1.0,0
2025-08-28 00:00,628.2,6,1.0,0
2025-08-28 01:00,628.2,6,1.0,0
2025-08-28 02:00,628.2,6,1.0,0
2025-08-28 03:00,628.2,6,1.0,0
2025-08-28 04:00,628.2,6,1.0,0
2025-08-28 05:00,628.2,6,1.0,0
2025-08-28 06:00,628.2,6,1.0,0
2025-08-28 07:00,628.2,6,1.0,0
2025-08-28 08:00,628.2,6,1.0,0
2025-08-28 09:00,628.2,6,1.0,0
2025-08-28 10:00,628.2,6,1.0,0
2025-08-28 11:00,628.2,6,1.0,0
2025-08-28 12:00,628.2,6,1.0,0
2025-08-28 13:00,628.2,6,1.0,0
2025-08-28 14:00,628.2,6,1.0,0
2025-08-28 15:00,628.2,6,1.0,0
2025-08-28 16:00,628.2,6,1.0,0
2025-08-28 17:00,628.2,6,1.0,0
2025-08-28 18:00,628.2,6,1.0,0
2025-08-28 19:00,628.2,6,1.0,0
2025-08-28 20:00,628.2,6,1.0,0
2025-08-28 21:00,628.2,6,1.0,0
2025-08-28 22:00,628.2,6,1.0,0
2025-08-28 23:00,628.2,6,1.0,0
2025-08-29 00:00,628.2,6,1.0,0
2025-08-29 01:00,628.2,6,1.0,0
2025-08-29 02:00,628.2,6,1.0,0
2025-08-29 03:00,628.2,6,1.0,0
2025-08-29 04:00,628.2,6,1.0,0
2025-08-29 05:00,628.2,6,1.0,0
2025-08-29 06:00,628.2,6,1.0,0
2025-08-29 07:00,628.2,6,1.0,0
2025-08-29 08:00,628.2,6,1.0,0
2025-08-29 09:00,628.2,6,1.0,0
2025-08-29 10:00,628.2,6,1.0,0
2025-08-29 11:00,628.2,6,1.0,0
2025-08-29 12:00,628.2,6,1.0,0
2025-08-29 13:00,629.0,6,1.0,0
2025-08-29 14:00,629.0,6,1.0,0
2025-08-29 15:00,629.0,6,1.0,0
2025-08-29 16:00,629.0,6,1.0,0
2025-08-29 17:00,629.0,6,1.0,0
2025-08-29 18:00,629.0,6,1.0,0
2025-08-29 19:00,629.0,6,1.0,0
2025-08-29 20:00,630.0,6,1.0,0
2025-08-29 21:00,644.0,6,1.0,0
2025-08-29 22:00,649.6,6,1.0,0
2025-08-29 23:00,650.4,6,1.0,0
2025-08-30 00:00,650.4,6,1.0,0
2025-08-30 01:00,665.5,6,1.0,0
2025-08-30 02:00,666.5,6,1.0,0
2025-08-30 03:00,666.5,6,1.0,0
2025-08-30 04:00,666.5,6,1.0,0
2025-08-30 05:00,668.9,6,1.0,0
2025-08-30 06:00,671.8,6,1.0,0
2025-08-30 07:00,671.8,6,1.0,0
2025-08-30 08:00,671.8,6,1.0,0
2025-08-30 09:00,671.8,6,1.0,0
2025-08-30 10:00,671.8,6,1.0,0
2025-08-30 11:00,671.8,6,1.0,0
2025-08-30 12:00,671.8,6,1.0,0
2025-08-30 13:00,671.8,6,1.0,0
2025-08-30 14:00,671.8,6,1.0,0
2025-08-30 15:00,671.8,6,1.0,0
2025-08-30 16:00,671.8,6,1.0,0
2025-08-30 17:00,671.8,6,1.0,0
2025-08-30 18:00,671.8,6,1.0,0
2025-08-30 19:00,671.8,6,1.0,0
2025-08-30 20:00,671.8,6,1.0,0
2025-08-30 21:00,671.8,6,1.0,0
2025-08-30 22:00,671.8,6,1.0,0
2025-08-30 23:00,671.8,6,1.0,0
2025-08-31 00:00,671.8,6,1.0,0
2025-08-31 01:00,671.8,6,1.0,0
2025-08-31 02:00,671.8,6,1.0,0
2025-08-31 03:00,671.8,6,1.0,0
2025-08-31 04:00,671.8,6,1.0,0
2025-08-31 05:00,671.8,6,1.0,0
2025-08-31 06:00,671.8,6,1.0,0
2025-08-31 07:00,671.8,6,1.0,0
2025-08-31 08:00,671.8,6,1.0,0
2025-08-31 09:00,671.8,6,1.0,0
2025-08-31 10:00,671.8,6,1.0,0
2025-08-31 11:00,671.8,6,1.0,0
2025-08-31 12:00,671.8,6,1.0,0
2025-08-31 13:00,671.8,6,1.0,0
2025-08-31 14:00,671.8,6,1.0,0
2025-08-31 15:00,671.8,6,1.0,0
2025-08-31 16:00,671.8,6,1.0,0
2025-08-31 17:00,671.8,6,1.0,0
2025-08-31 18:00,671.8,6,1.0,0
2025-08-31 19:00,671.8,6,1.0,0
2025-08-31 20:00,671.8,6,1.0,0
2025-08-31 21:00,671.8,6,1.0,0
2025-08-31 22:00,671.8,6,1.0,0
2025-08-31 23:00,671.8,6,1.0,0
2025-09-01 00:00,671.8,6,1.0,0
2025-09-01 01:00,671.8,6,1.0,0
2025-09-01 02:00,671.8,6,1.0,0
2025-09-01 03:00,671.8,6,1.0,0
2025-09-01 04:00,671.8,6,1.0,0
2025-09-01 05:00,671.8,6,1.0,0
2025-09-01 06:00,671.8,6,1.0,0
2025-09-01 07:00,671.8,6,1.0,0
2025-09-01 08:00,671.8,6,1.0,0
2025-09-01 09:00,671.8,6,1.0,0
2025-09-01 10:00,671.8,6,1.0,0
2025-09-01 11:00,671.8,6,1.0,0
2025-09-01 12:00,671.8,6,1.0,0
2025-09-01 13:00,671.8,6,1.0,0
2025-09-01 14:00,671.8,6,1.0,0
2025-09-01 15:00,671.8,6,1.0,0
2025-09-01 16:00,671.8,6,1.0,0
2025-09-01 17:00,671.8,6,1.0,0
2025-09-01 18:00,671.8,6,1.0,0
2025-09-01 19:00,671.8,6,1.0,0
2025-09-01 20:00,671.8,6,1.0,0
2025-09-01 21:00,671.8,6,1.0,0
2025-09-01 22:00,671.8,6,1.0,0
2025-09-01 23:00,671.8,6,1.0,0
2025-09-02 00:00,671.8,6,1.0,0
2025-09-02 01:00,671.8,6,1.0,0
2025-09-02 02:00,671.8,6,1.0,0
2025-09-02 03:00,671.8,6,1.0,0
2025-09-02 04:00,671.8,6,1.0,0
2025-09-02 05:00,671.8,6,1.0,0
2025-09-02 06:00,671.8,6,1.0,0
2025-09-02 07:00,671.8,6,1.0,0
2025-09-02 08:00,671.8,6,1.0,0
2025-09-02 09:00,672.2,6,1.0,0
2025-09-02 10:00,672.8,6,1.0,0
2025-09-02 11:00,672.8,6,1.0,0
2025-09-02 12:00,672.8,6,1.0,0
2025-09-02 13:00,672.8,6,1.0,0
2025-09-02 14:00,672.8,6,1.0,0
2025-09-02 15:00,672.8,6,1.0,0
2025-09-02 16:00,672.8,6,1.0,0
2025-09-02 17:00,672.8,6,1.0,0
2025-09-02 18:00,672.8,6,1.0,0
2025-09-02 19:00,672.8,6,1.0,0
2025-09-02 20:00,672.8,6,1.0,0
2025-09-02 21:00,672.8,6,1.0,0
2025-09-02 22:00,672.8,6,1.0,0
2025-09-02 23:00,672.8,6,1.0,0
2025-09-03 00:00,672.8,6,1.0,0
2025-09-03 01:00,672.8,6,1.0,0
2025-09-03 02:00,672.8,6,1.0,0
2025-09-03 03:00,672.8,6,1.0,0
2025-09-03 04:00,672.8,6,1.0,0
2025-09-03 05:00,672.8,6,1.0,0
2025-09-03 06:00,672.8,6,1.0,0
2025-09-03 07:00,672.8,6,1.0,0
2025-09-03 08:00,672.8,6,1.0,0
2025-09-03 09:00,672.8,6,1.0,0
2025-09-03 10:00,672.8,6,1.0,0
2025-09-03 11:00,672.8,6,1.0,0
2025-09-03 12:00,672.8,6,1.0,0
2025-09-03 13:00,672.8,6,1.0,0
2025-09-03 14:00,672.8,6,1.0,0
2025-09-03 15:00,672.8,6,1.0,0
2025-09-03 16:00,672.8,6,1.0,0
2025-09-03 17:00,672.8,6,1.0,0
2025-09-03 18:00,672.8,6,1.0,0
2025-09-03 19:00,672.8,6,1.0,0
2025-09-03 20:00,672.8,6,1.0,0
2025-09-03 21:00,672.8,6,1.0,0
2025-09-03 22:00,672.8,6,1.0,0
2025-09-03 23:00,672.8,6,1.0,0
2025-09-04 00:00,672.8,6,1.0,0
2025-09-04 01:00,672.8,6,1.0,0
2025-09-04 02:00,672.8,6,1.0,0
2025-09-04 03:00,672.8,6,1.0,0
2025-09-04 04:00,672.8,6,1.0,0
2025-09-04 05:00,672.8,6,1.0,0
2025-09-04 06:00,672.8,6,1.0,0
2025-09-04 07:00,672.8,6,1.0,0
2025-09-04 08:00,672.8,6,1.0,0
2025-09-04 09:00,672.8,6,1.0,0
2025-09-04 10:00,672.8,6,1.0,0
2025-09-04 11:00,672.8,6,1.0,0
2025-09-04 12:00,672.8,6,1.0,0
2025-09-04 13:00,672.8,6,1.0,0
2025-09-04 14:00,672.8,6,1.0,0
2025-09-04 15:00,672.8,6,1.0,0
2025-09-04 16:00,672.8,6,1.0,0
2025-09-04 17:00,672.8,6,1.0,0
2025-09-04 18:00,672.8,6,1.0,0
2025-09-04 19:00,672.8,6,1.0,0
2025-09-04 20:00,672.8,6,1.0,0
2025-09-04 21:00,672.8,6,1.0,0
2025-09-04 22:00,672.8,6,1.0,0
2025-09-04 23:00,672.8,6,1.0,0
2025-09-05 00:00,672.8,6,1.0,0
2025-09-05 01:00,672.8,6,1.0,0
2025-09-05 02:00,672.8,6,1.0,0
2025-09-05 03:00,672.8,6,1.0,0
2025-09-05 04:00,672.8,6,1.0,0
2025-09-05 05:00,672.8,6,1.0,0
2025-09-05 06:00,672.8,6,1.0,0
2025-09-05 07:00,672.8,6,1.0,0
2025-09-05 08:00,672.8,6,1.0,0
2025-09-05 09:00,672.8,6,1.0,0
2025-09-05 10:00,672.8,6,1.0,0
2025-09-05 11:00,672.8,6,1.0,0
2025-09-05 12:00,672.8,6,1.0,0
2025-09-05 13:00,672.8,6,1.0,0
2025-09-05 14:00,672.8,6,1.0,0
2025-09-05 15:00,672.8,6,1.0,0
2025-09-05 16:00,672.8,6,1.0,0
2025-09-05 17:00,672.8,6,1.0,0
2025-09-05 18:00,672.8,6,1.0,0
2025-09-05 19:00,672.8,6,1.0,0
2025-09-05 20:00,672.8,6,1.0,0
2025-09-05 21:00,672.8,6,1.0,0
2025-09-05 22:00,672.8,6,1.0,0
2025-09-05 23:00,672.8,6,1.0,0
2025-09-06 00:00,672.8,6,1.0,0
2025-09-06 01:00,672.8,6,1.0,0
2025-09-06 02:00,672.8,6,1.0,0
2025-09-06 03:00,672.8,6,1.0,0
2025-09-06 04:00,672.8,6,1.0,0
2025-09-06 05:00,672.8,6,1.0,0
2025-09-06 06:00,672.8,6,1.0,0
2025-09-06 07:00,672.8,6,1.0,0
2025-09-06 08:00,672.8,6,1.0,0
2025-09-06 09:00,672.8,6,1.0,0
2025-09-06 10:00,672.8,6,1.0,0
2025-09-06 11:00,672.8,6,1.0,0
2025-09-06 12:00,672.8,6,1.0,0
2025-09-06 13:00,672.8,6,1.0,0
2025-09-06 14:00,672.8,6,1.0,0
2025-09-06 15:00,672.8,6,1.0,0
2025-09-06 16:00,672.8,6,1.0,0
2025-09-06 17:00,672.8,6,1.0,0
2025-09-06 18:00,672.8,6,1.0,0
2025-09-06 19:00,672.8,6,1.0,0
2025-09-06 20:00,672.8,6,1.0,0
2025-09-06 21:00,672.8,6,1.0,0
2025-09-06 22:00,672.8,6,1.0,0
2025-09-06 23:00,672.8,6,1.0,0
2025-09-07 00:00,672.8,6,1.0,0
2025-09-07 01:00,672.8,6,1.0,0
2025-09-07 02:00,672.8,6,1.0,0
2025-09-07 03:00,672.8,6,1.0,0
2025-09-07 04:00,672.8,6,1.0,0
2025-09-07 05:00,672.8,6,1.0,0
2025-09-07 06:00,672.8,6,1.0,0
2025-09-07 07:00,672.8,6,1.0,0
2025-09-07 08:00,672.8,6,1.0,0
2025-09-07 09:00,672.8,6,1.0,0
2025-09-07 10:00,672.8,6,1.0,0
2025-09-07 11:00,672.8,6,1.0,0
2025-09-07 12:00,672.8,6,1.0,0
2025-09-07 13:00,672.8,6,1.0,0
2025-09-07 14:00,672.8,6,1.0,0
2025-09-07 15:00,672.8,6,1.0,0
2025-09-07 16:00,672.8,6,1.0,0
2025-09-07 17:00,672.8,6,1.0,0
2025-09-07 18:00,672.8,6,1.0,0
2025-09-07 19:00,672.8,6,1.0,0
2025-09-07 20:00,672.8,6,1.0,0
2025-09-07 21:00,672.8,6,1.0,0
2025-09-07 22:00,672.8,6,1.0,0
2025-09-07 23:00,672.8,6,1.0,0
2025-09-08 00:00,672.8,6,1.0,0
2025-09-08 01:00,672.8,6,1.0,0
2025-09-08 02:00,672.8,6,1.0,0
2025-09-08 03:00,672.8,6,1.0,0
2025-09-08 04:00,672.8,6,1.0,0
2025-09-08 05:00,672.8,6,1.0,0
2025-09-08 06:00,672.8,6,1.0,0
2025-09-08 07:00,672.8,6,1.0,0
2025-09-08 08:00,672.8,6,1.0,0
2025-09-08 09:00,672.8,6,1.0,0
2025-09-08 10:00,672.8,6,1.0,0
2025-09-08 11:00,672.8,6,1.0,0
2025-09-08 12:00,672.8,6,1.0,0
2025-09-08 13:00,672.8,6,1.0,0
2025-09-08 14:00,672.8,6,1.0,0
2025-09-08 15:00,672.8,6,1.0,0
2025-09-08 16:00,672.8,6,1.0,0
2025-09-08 17:00,672.8,6,1.0,0
2025-09-08 18:00,672.8,6,1.0,0
2025-09-08 19:00,672.8,6,1.0,0
2025-09-08 20:00,672.8,6,1.0,0
2025-09-08 21:00,672.8,6,1.0,0
2025-09-08 22:00,672.8,6,1.0,0
2025-09-08 23:00,672.8,6,1.0,0
2025-09-09 00:00,672.8,6,1.0,0
2025-09-09 01:00,672.8,6,1.0,0
2025-09-09 02:00,672.8,6,1.0,0
2025-09-09 03:00,672.8,6,1.0,0
2025-09-09 04:00,672.8,6,1.0,0
2025-09-09 05:00,672.8,6,1.0,0
2025-09-09 06:00,672.8,6,1.0,0
2025-09-09 07:00,672.8,6,1.0,0
2025-09-09 08:00,672.8,6,1.0,0
2025-09-09 09:00,672.8,6,1.0,0
2025-09-09 10:00,672.8,6,1.0,0
2025-09-09 11:00,672.8,6,1.0,0
2025-09-09 12:00,672.8,6,1.0,0
2025-09-09 13:00,672.8,6,1.0,0
2025-09-09 14:00,672.8,6,1.0,0
2025-09-09 15:00,672.8,6,1.0,0
2025-09-09 16:00,672.8,6,1.0,0
2025-09-09 17:00,672.8,6,1.0,0
2025-09-09 18:00,672.8,6,1.0,0
2025-09-09 19:00,672.8,6,1.0,0
2025-09-09 20:00,672.8,6,1.0,0
2025-09-09 21:00,672.8,6,1.0,0
2025-09-09 22:00,672.8,6,1.0,0
2025-09-09 23:00,672.8,6,1.0,0
2025-09-10 00:00,672.8,6,1.0,0
2025-09-10 01:00,672.8,6,1.0,0
2025-09-10 02:00,672.8,6,1.0,0
2025-09-10 03:00,672.8,6,1.0,0
2025-09-10 04:00,672.8,6,1.0,0
2025-09-10 05:00,672.8,6,1.0,0
2025-09-10 06:00,672.8,6,1.0,0
2025-09-10 07:00,672.8,6,1.0,0
2025-09-10 08:00,672.8,6,1.0,0
2025-09-10 09:00,672.8,6,1.0,0
2025-09-10 10:00,672.8,6,1.0,0
2025-09-10 11:00,672.8,6,1.0,0
2025-09-10 12:00,672.8,6,1.0,0
2025-09-10 13:00,672.8,6,1.0,0
2025-09-10 14:00,674.0,6,1.0,0
2025-09-10 15:00,674.6,6,1.0,0
2025-09-10 16:00,674.6,6,1.0,0
2025-09-10 17:00,674.8,6,1.0,0
2025-09-10 18:00,674.8,6,1.0,0
2025-09-10 19:00,674.8,6,1.0,0
2025-09-10 20:00,675.0,6,1.0,0
2025-09-10 21:00,675.0,6,1.0,0
2025-09-10 22:00,675.4,6,1.0,0
2025-09-10 23:00,684.7,6,1.0,0
2025-09-11 00:00,688.1,6,1.0,0
2025-09-11 01:00,709.3,6,1.0,0
2025-09-11 02:00,709.5,6,1.0,0
2025-09-11 03:00,709.5,6,1.0,0
2025-09-11 04:00,710.9,6,1.0,0
2025-09-11 05:00,710.9,6,1.0,0
2025-09-11 06:00,710.9,6,1.0,0
2025-09-11 07:00,710.9,6,1.0,0
2025-09-11 08:00,710.9,6,1.0,0
2025-09-11 09:00,710.9,6,1.0,0
2025-09-11 10:00,710.9,6,1.0,0
2025-09-11 11:00,710.9,6,1.0,0
2025-09-11 12:00,710.9,6,1.0,0
2025-09-11 13:00,710.9,6,1.0,0
2025-09-11 14:00,710.9,6,1.0,0
2025-09-11 15:00,710.9,6,1.0,0
2025-09-11 16:00,710.9,6,1.0,0
2025-09-11 17:00,710.9,6,1.0,0
2025-09-11 18:00,710.9,6,1.0,0
2025-09-11 19:00,710.9,6,1.0,0
2025-09-11 20:00,710.9,6,1.0,0
2025-09-11 21:00,710.9,6,1.0,0
2025-09-11 22:00,710.9,6,1.0,0
2025-09-11 23:00,710.9,6,1.0,0
2025-09-12 00:00,710.9,6,1.0,0
2025-09-12 01:00,710.9,6,1.0,0
2025-09-12 02:00,710.9,6,1.0,0
2025-09-12 03:00,710.9,6,1.0,0
2025-09-12 04:00,710.9,6,1.0,0
2025-09-12 05:00,710.9,6,1.0,0
2025-09-12 06:00,710.9,6,1.0,0
2025-09-12 07:00,710.9,6,1.0,0
2025-09-12 08:00,710.9,6,1.0,0
2025-09-12 09:00,710.9,6,1.0,0
2025-09-12 10:00,710.9,6,1.0,0
2025-09-12 11:00,710.9,6,1.0,0
2025-09-12 12:00,710.9,6,1.0,0
2025-09-12 13:00,710.9,6,1.0,0
2025-09-12 14:00,710.9,6,1.0,0
2025-09-12 15:00,710.9,6,1.0,0
2025-09-12 16:00,710.9,6,1.0,0
2025-09-12 17:00,710.9,6,1.0,0
2025-09-12 18:00,710.9,6,1.0,0
2025-09-12 19:00,710.9,6,1.0,0
2025-09-12 20:00,710.9,6,1.0,0
2025-09-12 21:00,710.9,6,1.0,0
2025-09-12 22:00,710.9,6,1.0,0
2025-09-12 23:00,710.9,6,1.0,0
2025-09-13 00:00,710.9,6,1.0,0
2025-09-13 01:00,710.9,6,1.0,0
2025-09-13 02:00,710.9,6,1.0,0
2025-09-13 03:00,710.9,6,1.0,0
2025-09-13 04:00,710.9,6,1.0,0
2025-09-13 05:00,710.9,6,1.0,0
2025-09-13 06:00,710.9,6,1.0,0
2025-09-13 07:00,710.9,6,1.0,0
2025-09-13 08:00,710.9,6,1.0,0
2025-09-13 09:00,710.9,6,1.0,0
2025-09-13 10:00,710.9,6,1.0,0
2025-09-13 11:00,710.9,6,1.0,0
2025-09-13 12:00,710.9,6,1.0,0
2025-09-13 13:00,710.9,6,1.0,0
2025-09-13 14:00,710.9,6,1.0,0
2025-09-13 15:00,710.9,6,1.0,0
2025-09-13 16:00,710.9,6,1.0,0
2025-09-13 17:00,710.9,6,1.0,0
2025-09-13 18:00,710.9,6,1.0,0
2025-09-13 19:00,710.9,6,1.0,0
2025-09-13 20:00,710.9,6,1.0,0
2025-09-13 21:00,710.9,6,1.0,0
2025-09-13 22:00,710.9,6,1.0,0
2025-09-13 23:00,710.9,6,1.0,0
2025-09-14 00:00,710.9,6,1.0,0
2025-09-14 01:00,710.9,6,1.0,0
2025-09-14 02:00,710.9,6,1.0,0
2025-09-14 03:00,710.9,6,1.0,0
2025-09-14 04:00,710.9,6,1.0,0
2025-09-14 05:00,710.9,6,1.0,0
2025-09-14 06:00,710.9,6,1.0,0
2025-09-14 07:00,710.9,6,1.0,0
2025-09-14 08:00,710.9,6,1.0,0
2025-09-14 09:00,710.9,6,1.0,0
2025-09-14 10:00,710.9,6,1.0,0
2025-09-14 11:00,710.9,6,1.0,0
2025-09-14 12:00,710.9,6,1.0,0
2025-09-14 13:00,710.9,6,1.0,0
2025-09-14 14:00,710.9,6,1.0,0
2025-09-14 15:00,710.9,6,1.0,0
2025-09-14 16:00,710.9,6,1.0,0
2025-09-14 17:00,710.9,6,1.0,0
2025-09-14 18:00,710.9,6,1.0,0
2025-09-14 19:00,710.9,6,1.0,0
2025-09-14 20:00,710.9,6,1.0,0
2025-09-14 21:00,710.9,6,1.0,0
2025-09-14 22:00,710.9,6,1.0,0
2025-09-14 23:00,710.9,6,1.0,0
2025-09-15 00:00,710.9,6,1.0,0
2025-09-15 01:00,710.9,6,1.0,0
2025-09-15 02:00,710.9,6,1.0,0
2025-09-15 03:00,710.9,6,1.0,0
2025-09-15 04:00,710.9,6,1.0,0
2025-09-15 05:00,710.9,6,1.0,0
2025-09-15 06:00,710.9,6,1.0,0
2025-09-15 07:00,710.9,6,1.0,0
2025-09-15 08:00,710.9,6,1.0,0
2025-09-15 09:00,710.9,6,1.0,0
2025-09-15 10:00,710.9,6,1.0,0
2025-09-15 11:00,710.9,6,1.0,0
2025-09-15 12:00,710.9,6,1.0,0
2025-09-15 13:00,710.9,6,1.0,0
2025-09-15 14:00,710.9,6,1.0,0
2025-09-15 15:00,710.9,6,1.0,0
2025-09-15 16:00,710.9,6,1.0,0
2025-09-15 17:00,710.9,6,1.0,0
2025-09-15 18:00,710.9,6,1.0,0
2025-09-15 19:00,710.9,6,1.0,0
2025-09-15 20:00,710.9,6,1.0,0
2025-09-15 21:00,710.9,6,1.0,0
2025-09-15 22:00,710.9,6,1.0,0
2025-09-15 23:00,710.9,6,1.0,0
2025-09-16 00:00,710.9,6,1.0,0
2025-09-16 01:00,710.9,6,1.0,0
2025-09-16 02:00,710.9,6,1.0,0
2025-09-16 03:00,710.9,6,1.0,0
2025-09-16 04:00,710.9,6,1.0,0
2025-09-16 05:00,710.9,6,1.0,0
2025-09-16 06:00,710.9,6,1.0,0
2025-09-16 07:00,710.9,6,1.0,0
2025-09-16 08:00,710.9,6,1.0,0
2025-09-16 09:00,710.9,6,1.0,0
2025-09-16 10:00,710.9,6,1.0,0
2025-09-16 11:00,710.9,6,1.0,0
2025-09-16 12:00,710.9,6,1.0,0
2025-09-16 13:00,710.9,6,1.0,0
2025-09-16 14:00,710.9,6,1.0,0
2025-09-16 15:00,710.9,6,1.0,0
2025-09-16 16:00,710.9,6,1.0,0
2025-09-16 17:00,710.9,6,1.0,0
2025-09-16 18:00,710.9,6,1.0,0
2025-09-16 19:00,710.9,6,1.0,0
2025-09-16 20:00,710.9,6,1.0,0
2025-09-16 21:00,710.9,6,1.0,0
2025-09-16 22:00,710.9,6,1.0,0
2025-09-16 23:00,710.9,6,1.0,0
2025-09-17 00:00,710.9,6,1.0,0
2025-09-17 01:00,710.9,6,1.0,0
2025-09-17 02:00,710.9,6,1.0,0
2025-09-17 03:00,710.9,6,1.0,0
2025-09-17 04:00,710.9,6,1.0,0
2025-09-17 05:00,710.9,6,1.0,0
2025-09-17 06:00,710.9,6,1.0,0
2025-09-17 07:00,710.9,6,1.0,0
2025-09-17 08:00,710.9,6,1.0,0
2025-09-17 09:00,710.9,6,1.0,0
2025-09-17 10:00,710.9,6,1.0,0
2025-09-17 11:00,710.9,6,1.0,0
2025-09-17 12:00,710.9,6,1.0,0
2025-09-17 13:00,710.9,6,1.0,0
2025-09-17 14:00,710.9,6,1.0,0
2025-09-17 15:00,710.9,6,1.0,0
2025-09-17 16:00,710.9,6,1.0,0
2025-09-17 17:00,710.9,6,1.0,0
2025-09-17 18:00,710.9,6,1.0,0
2025-09-17 19:00,710.9,6,1.0,0
2025-09-17 20:00,710.9,6,1.0,0
2025-09-17 21:00,710.9,6,1.0,0
2025-09-17 22:00,710.9,6,1.0,0
2025-09-17 23:00,710.9,6,1.0,0
2025-09-18 00:00,710.9,6,1.0,0
2025-09-18 01:00,710.9,6,1.0,0
2025-09-18 02:00,710.9,6,1.0,0
2025-09-18 03:00,710.9,6,1.0,0
2025-09-18 04:00,710.9,6,1.0,0
2025-09-18 05:00,710.9,6,1.0,0
2025-09-18 06:00,710.9,6,1.0,0
2025-09-18 07:00,710.9,6,1.0,0
2025-09-18 08:00,710.9,6,1.0,0
2025-09-18 09:00,710.9,6,1.0,0
2025-09-18 10:00,710.9,6,1.0,0
2025-09-18 11:00,710.9,6,1.0,0
2025-09-18 12:00,710.9,6,1.0,0
2025-09-18 13:00,710.9,6,1.0,0
2025-09-18 14:00,710.9,6,1.0,0
2025-09-18 15:00,710.9,6,1.0,0
2025-09-18 16:00,710.9,6,1.0,0
2025-09-18 17:00,710.9,6,1.0,0
2025-09-18 18:00,710.9,6,1.0,0
2025-09-18 19:00,710.9,6,1.0,0
2025-09-18 20:00,710.9,6,1.0,0
2025-09-18 21:00,710.9,6,1.0,0
2025-09-18 22:00,710.9,6,1.0,0
2025-09-18 23:00,710.9,6,1.0,0
2025-09-19 00:00,710.9,6,1.0,0
2025-09-19 01:00,710.9,6,1.0,0
2025-09-19 02:00,710.9,6,1.0,0
2025-09-19 03:00,710.9,6,1.0,0
2025-09-19 04:00,710.9,6,1.0,0
2025-09-19 05:00,710.9,6,1.0,0
2025-09-19 06:00,710.9,6,1.0,0
2025-09-19 07:00,710.9,6,1.0,0
2025-09-19 08:00,710.9,6,1.0,0
2025-09-19 09:00,710.9,6,1.0,0
2025-09-19 10:00,710.9,6,1.0,0
2025-09-19 11:00,710.9,6,1.0,0
2025-09-19 12:00,710.9,6,1.0,0
2025-09-19 13:00,710.9,6,1.0,0
2025-09-19 14:00,710.9,6,1.0,0
2025-09-19 15:00,710.9,6,1.0,0
2025-09-19 16:00,710.9,6,1.0,0
2025-09-19 17:00,710.9,6,1.0,0
2025-09-19 18:00,710.9,6,1.0,0
2025-09-19 19:00,710.9,6,1.0,0
2025-09-19 20:00,710.9,6,1.0,0
2025-09-19 21:00,710.9,6,1.0,0
2025-09-19 22:00,710.9,6,1.0,0
2025-09-19 23:00,710.9,6,1.0,0
2025-09-20 00:00,710.9,6,1.0,0
2025-09-20 01:00,710.9,6,1.0,0
2025-09-20 02:00,710.9,6,1.0,0
2025-09-20 03:00,710.9,6,1.0,0
2025-09-20 04:00,710.9,6,1.0,0
2025-09-20 05:00,710.9,6,1.0,0
2025-09-20 06:00,710.9,6,1.0,0
2025-09-20 07:00,710.9,6,1.0,0
2025-09-20 08:00,710.9,6,1.0,0
2025-09-20 09:00,710.9,6,1.0,0
2025-09-20 10:00,710.9,6,1.0,0
2025-09-20 11:00,710.9,6,1.0,0
2025-09-20 12:00,710.9,6,1.0,0
2025-09-20 13:00,710.9,6,1.0,0
2025-09-20 14:00,710.9,6,1.0,0
2025-09-20 15:00,710.9,6,1.0,0
2025-09-20 16:00,710.9,6,1.0,0
2025-09-20 17:00,710.9,6,1.0,0
2025-09-20 18:00,710.9,6,1.0,0
2025-09-20 19:00,710.9,6,1.0,0
2025-09-20 20:00,710.9,6,1.0,0
2025-09-20 21:00,710.9,6,1.0,0
2025-09-20 22:00,710.9,6,1.0,0
2025-09-20 23:00,710.9,6,1.0,0
2025-09-21 00:00,710.9,6,1.0,0
2025-09-21 01:00,710.9,6,1.0,0
2025-09-21 02:00,710.9,6,1.0,0
2025-09-21 03:00,710.9,6,1.0,0
2025-09-21 04:00,710.9,6,1.0,0
2025-09-21 05:00,710.9,6,1.0,0
2025-09-21 06:00,710.9,6,1.0,0
2025-09-21 07:00,710.9,6,1.0,0
2025-09-21 08:00,710.9,6,1.0,0
2025-09-21 09:00,710.9,6,1.0,0
2025-09-21 10:00,710.9,6,1.0,0
2025-09-21 11:00,710.9,6,1.0,0
2025-09-21 12:00,710.9,6,1.0,0
2025-09-21 13:00,710.9,6,1.0,0
2025-09-21 14:00,710.9,6,1.0,0
2025-09-21 15:00,710.9,6,1.0,0
2025-09-21 16:00,710.9,6,1.0,0
2025-09-21 17:00,710.9,6,1.0,0
2025-09-21 18:00,710.9,6,1.0,0
2025-09-21 19:00,710.9,6,1.0,0
2025-09-21 20:00,710.9,6,1.0,0
2025-09-21 21:00,710.9,6,1.0,0
2025-09-21 22:00,710.9,6,1.0,0
2025-09-21 23:00,710.9,6,1.0,0
2025-09-22 00:00,710.9,6,1.0,0
2025-09-22 01:00,710.9,6,1.0,0
2025-09-22 02:00,710.9,6,1.0,0
2025-09-22 03:00,710.9,6,1.0,0
2025-09-22 04:00,710.9,6,1.0,0
2025-09-22 05:00,710.9,6,1.0,0
2025-09-22 06:00,710.9,6,1.0,0
2025-09-22 07:00,710.9,6,1.0,0
2025-09-22 08:00,710.9,6,1.0,0
2025-09-22 09:00,710.9,6,1.0,0
2025-09-22 10:00,710.9,6,1.0,0
2025-09-22 11:00,710.9,6,1.0,0
2025-09-22 12:00,710.9,6,1.0,0
2025-09-22 13:00,710.9,6,1.0,0
2025-09-22 14:00,710.9,6,1.0,0
2025-09-22 15:00,710.9,6,1.0,0
2025-09-22 16:00,710.9,6,1.0,0
2025-09-22 17:00,710.9,6,1.0,0
2025-09-22 18:00,710.9,6,1.0,0
2025-09-22 19:00,710.9,6,1.0,0
2025-09-22 20:00,710.9,6,1.0,0
2025-09-22 21:00,710.9,6,1.0,0
2025-09-22 22:00,710.9,6,1.0,0
2025-09-22 23:00,710.9,6,1.0,0
2025-09-23 00:00,710.9,6,1.0,0
2025-09-23 01:00,710.9,6,1.0,0
2025-09-23 02:00,710.9,6,1.0,0
2025-09-23 03:00,710.9,6,1.0,0
2025-09-23 04:00,710.9,6,1.0,0
2025-09-23 05:00,710.9,6,1.0,0
2025-09-23 06:00,710.9,6,1.0,0
2025-09-23 07:00,710.9,6,1.0,0
2025-09-23 08:00,710.9,6,1.0,0
2025-09-23 09:00,710.9,6,1.0,0
2025-09-23 10:00,721.4,6,1.0,0
2025-09-23 11:00,731.3,6,1.0,0
2025-09-23 12:00,731.3,6,1.0,0
2025-09-23 13:00,731.9,6,1.0,0
2025-09-23 14:00,732.3,6,1.0,0
2025-09-23 15:00,732.3,6,1.0,0
2025-09-23 16:00,732.3,6,1.0,0
2025-09-23 17:00,732.3,6,1.0,0
2025-09-23 18:00,732.3,6,1.0,0
2025-09-23 19:00,732.3,6,1.0,0
2025-09-23 20:00,732.3,6,1.0,0
2025-09-23 21:00,732.3,6,1.0,0
2025-09-23 22:00,732.3,6,1.0,0
2025-09-23 23:00,736.1,6,1.0,0
2025-09-24 00:00,740.5,6,1.0,0
2025-09-24 01:00,740.9,6,1.0,0
2025-09-24 02:00,741.5,6,1.0,0
2025-09-24 03:00,742.7,6,1.0,0
2025-09-24 04:00,744.3,6,1.0,0
2025-09-24 05:00,744.3,6,1.0,0
2025-09-24 06:00,744.5,6,1.0,0
2025-09-24 07:00,744.5,6,1.0,0
2025-09-24 08:00,744.5,6,1.0,0
2025-09-24 09:00,744.5,6,1.0,0
2025-09-24 10:00,744.5,6,1.0,0
2025-09-24 11:00,744.5,6,1.0,0
2025-09-24 12:00,744.7,6,1.0,0
2025-09-24 13:00,747.7,6,1.0,0
2025-09-24 14:00,751.1,6,1.0,0
2025-09-24 15:00,751.3,6,1.0,0
2025-09-24 16:00,751.3,6,1.0,0
2025-09-24 17:00,751.3,6,1.0,0
2025-09-24 18:00,751.3,6,1.0,0
2025-09-24 19:00,751.3,6,1.0,0
2025-09-24 20:00,751.3,6,1.0,0
2025-09-24 21:00,752.3,6,1.0,0
2025-09-24 22:00,752.5,6,1.0,0
2025-09-24 23:00,752.5,6,1.0,0
2025-09-25 00:00,752.5,6,1.0,0
2025-09-25 01:00,752.5,6,1.0,0
2025-09-25 02:00,752.5,6,1.0,0
2025-09-25 03:00,752.5,6,1.0,0
2025-09-25 04:00,752.5,6,1.0,0
2025-09-25 05:00,752.5,6,1.0,0
2025-09-25 06:00,752.5,6,1.0,0
2025-09-25 07:00,752.5,6,1.0,0
2025-09-25 08:00,752.5,6,1.0,0
2025-09-25 09:00,752.5,6,1.0,0
2025-09-25 10:00,752.5,6,1.0,0
2025-09-25 11:00,752.5,6,1.0,0
2025-09-25 12:00,752.5,6,1.0,0
2025-09-25 13:00,752.5,6,1.0,0
2025-09-25 14:00,752.5,6,1.0,0
2025-09-25 15:00,752.5,6,1.0,0
2025-09-25 16:00,752.5,6,1.0,0
2025-09-25 17:00,752.5,6,1.0,0
2025-09-25 18:00,752.5,6,1.0,0
2025-09-25 19:00,752.5,6,1.0,0
2025-09-25 20:00,752.5,6,1.0,0
2025-09-25 21:00,752.5,6,1.0,0
2025-09-25 22:00,752.5,6,1.0,0
2025-09-25 23:00,752.5,6,1.0,0
2025-09-26 00:00,752.5,6,1.0,0
2025-09-26 01:00,752.5,6,1.0,0
2025-09-26 02:00,752.5,6,1.0,0
2025-09-26 03:00,752.5,6,1.0,0
2025-09-26 04:00,752.5,6,1.0,0
2025-09-26 05:00,752.5,6,1.0,0
2025-09-26 06:00,752.5,6,1.0,0
2025-09-26 07:00,752.5,6,1.0,0
2025-09-26 08:00,752.5,6,1.0,0
2025-09-26 09:00,752.5,6,1.0,0
2025-09-26 10:00,752.5,6,1.0,0
2025-09-26 11:00,752.5,6,1.0,0
2025-09-26 12:00,752.5,6,1.0,0
2025-09-26 13:00,752.5,6,1.0,0
2025-09-26 14:00,752.5,6,1.0,0
2025-09-26 15:00,752.5,6,1.0,0
2025-09-26 16:00,752.5,6,1.0,0
2025-09-26 17:00,752.5,6,1.0,0
2025-09-26 18:00,752.5,6,1.0,0
2025-09-26 19:00,752.5,6,1.0,0
2025-09-26 20:00,752.5,6,1.0,0
2025-09-26 21:00,752.5,6,1.0,0
2025-09-26 22:00,752.5,6,1.0,0
2025-09-26 23:00,752.5,6,1.0,0
2025-09-27 00:00,752.5,6,1.0,0
2025-09-27 01:00,752.5,6,1.0,0
2025-09-27 02:00,752.5,6,1.0,0
2025-09-27 03:00,752.5,6,1.0,0
2025-09-27 04:00,752.5,6,1.0,0
2025-09-27 05:00,752.5,6,1.0,0
2025-09-27 06:00,752.5,6,1.0,0
2025-09-27 07:00,752.5,6,1.0,0
2025-09-27 08:00,752.5,6,1.0,0
2025-09-27 09:00,752.5,6,1.0,0
2025-09-27 10:00,752.5,6,1.0,0
2025-09-27 11:00,752.5,6,1.0,0
2025-09-27 12:00,752.5,6,1.0,0
2025-09-27 13:00,752.5,6,1.0,0
2025-09-27 14:00,752.5,6,1.0,0
2025-09-27 15:00,752.5,6,1.0,0
2025-09-27 16:00,752.5,6,1.0,0
2025-09-27 17:00,752.5,6,1.0,0
2025-09-27 18:00,752.5,6,1.0,0
2025-09-27 19:00,752.5,6,1.0,0
2025-09-27 20:00,752.5,6,1.0,0
2025-09-27 21:00,752.5,6,1.0,0
2025-09-27 22:00,752.5,6,1.0,0
2025-09-27 23:00,752.5,6,1.0,0
2025-09-28 00:00,752.5,6,1.0,0
2025-09-28 01:00,752.5,6,1.0,0
2025-09-28 02:00,752.5,6,1.0,0
2025-09-28 03:00,752.5,6,1.0,0
2025-09-28 04:00,752.5,6,1.0,0
2025-09-28 05:00,752.5,6,1.0,0
2025-09-28 06:00,752.5,6,1.0,0
2025-09-28 07:00,752.5,6,1.0,0
2025-09-28 08:00,752.5,6,1.0,0
2025-09-28 09:00,752.5,6,1.0,0
2025-09-28 10:00,752.5,6,1.0,0
2025-09-28 11:00,752.5,6,1.0,0
2025-09-28 12:00,752.5,6,1.0,0
2025-09-28 13:00,752.5,6,1.0,0
2025-09-28 14:00,752.5,6,1.0,0
2025-09-28 15:00,752.5,6,1.0,0
2025-09-28 16:00,752.5,6,1.0,0
2025-09-28 17:00,752.5,6,1.0,0
2025-09-28 18:00,752.5,6,1.0,0
2025-09-28 19:00,752.5,6,1.0,0
2025-09-28 20:00,752.5,6,1.0,0
2025-09-28 21:00,752.5,6,1.0,0
2025-09-28 22:00,752.5,6,1.0,0
2025-09-28 23:00,752.5,6,1.0,0
2025-09-29 00:00,752.5,6,1.0,0
2025-09-29 01:00,752.5,6,1.0,0
2025-09-29 02:00,752.5,6,1.0,0
2025-09-29 03:00,752.5,6,1.0,0
2025-09-29 04:00,752.5,6,1.0,0
2025-09-29 05:00,752.5,6,1.0,0
2025-09-29 06:00,752.5,6,1.0,0
2025-09-29 07:00,752.5,6,1.0,0
2025-09-29 08:00,752.5,6,1.0,0
2025-09-29 09:00,752.5,6,1.0,0
2025-09-29 10:00,752.5,6,1.0,0
2025-09-29 11:00,752.5,6,1.0,0
2025-09-29 12:00,752.5,6,1.0,0
2025-09-29 13:00,752.5,6,1.0,0
2025-09-29 14:00,752.5,6,1.0,0
2025-09-29 15:00,752.5,6,1.0,0
2025-09-29 16:00,752.5,6,1.0,0
2025-09-29 17:00,752.5,6,1.0,0
2025-09-29 18:00,752.5,6,1.0,0
2025-09-29 19:00,752.5,6,1.0,0
2025-09-29 20:00,752.5,6,1.0,0
2025-09-29 21:00,752.5,6,1.0,0
2025-09-29 22:00,752.5,6,1.0,0
2025-09-29 23:00,752.5,6,1.0,0
2025-09-30 00:00,752.5,6,1.0,0
2025-09-30 01:00,752.5,6,1.0,0
2025-09-30 02:00,752.5,6,1.0,0
2025-09-30 03:00,752.5,6,1.0,0
2025-09-30 04:00,752.5,6,1.0,0
2025-09-30 05:00,752.5,6,1.0,0
2025-09-30 06:00,752.5,6,1.0,0
2025-09-30 07:00,752.5,6,1.0,0
2025-09-30 08:00,752.5,6,1.0,0
2025-09-30 09:00,752.5,6,1.0,0
2025-09-30 10:00,752.5,6,1.0,0
2025-09-30 11:00,752.5,6,1.0,0
2025-09-30 12:00,752.5,6,1.0,0
2025-09-30 13:00,752.5,6,1.0,0
2025-09-30 14:00,752.5,6,1.0,0
2025-09-30 15:00,752.5,6,1.0,0
2025-09-30 16:00,752.5,6,1.0,0
2025-09-30 17:00,752.5,6,1.0,0
2025-09-30 18:00,752.5,6,1.0,0
2025-09-30 19:00,752.5,6,1.0,0
2025-09-30 20:00,752.5,6,1.0,0
2025-09-30 21:00,752.5,6,1.0,0
2025-09-30 22:00,752.5,6,1.0,0
2025-09-30 23:00,752.5,6,1.0,0
2025-10-01 00:00,752.5,6,1.0,0
2025-10-01 01:00,752.5,6,1.0,0
2025-10-01 02:00,752.5,6,1.0,0
2025-10-01 03:00,752.5,6,1.0,0
2025-10-01 04:00,752.5,6,1.0,0
2025-10-01 05:00,752.5,6,1.0,0
2025-10-01 06:00,752.5,6,1.0,0
2025-10-01 07:00,752.5,6,1.0,0
2025-10-01 08:00,752.5,6,1.0,0
2025-10-01 09:00,752.5,6,1.0,0
2025-10-01 10:00,752.5,6,1.0,0
2025-10-01 11:00,752.5,6,1.0,0
2025-10-01 12:00,752.9,6,1.0,0
2025-10-01 13:00,752.9,6,1.0,0
2025-10-01 14:00,752.9,6,1.0,0
2025-10-01 15:00,752.9,6,1.0,0
2025-10-01 16:00,754.5,6,1.0,0
2025-10-01 17:00,761.4,6,1.0,0
2025-10-01 18:00,762.2,6,1.0,0
2025-10-01 19:00,762.4,6,1.0,0
2025-10-01 20:00,762.4,6,1.0,0
2025-10-01 21:00,762.4,6,1.0,0
2025-10-01 22:00,762.4,6,1.0,0
2025-10-01 23:00,762.4,6,1.0,0
2025-10-02 00:00,762.4,6,1.0,0
2025-10-02 01:00,762.4,6,1.0,0
2025-10-02 02:00,763.0,6,1.0,0
2025-10-02 03:00,763.0,6,1.0,0
2025-10-02 04:00,763.0,6,1.0,0
2025-10-02 05:00,763.0,6,1.0,0
2025-10-02 06:00,763.0,6,1.0,0
2025-10-02 07:00,763.0,6,1.0,0
2025-10-02 08:00,763.0,6,1.0,0
2025-10-02 09:00,763.0,6,1.0,0
2025-10-02 10:00,763.0,6,1.0,0
2025-10-02 11:00,763.0,6,1.0,0
2025-10-02 12:00,763.0,6,1.0,0
2025-10-02 13:00,763.0,6,1.0,0
2025-10-02 14:00,763.0,6,1.0,0
2025-10-02 15:00,763.0,6,1.0,0
2025-10-02 16:00,763.0,6,1.0,0
2025-10-02 17:00,763.0,6,1.0,0
2025-10-02 18:00,763.0,6,1.0,0
2025-10-02 19:00,763.0,6,1.0,0
2025-10-02 20:00,763.0,6,1.0,0
2025-10-02 21:00,763.0,6,1.0,0
2025-10-02 22:00,763.0,6,1.0,0
2025-10-02 23:00,763.0,6,1.0,0
2025-10-03 00:00,763.0,6,1.0,0
2025-10-03 01:00,763.0,6,1.0,0
2025-10-03 02:00,763.0,6,1.0,0
2025-10-03 03:00,763.0,6,1.0,0
2025-10-03 04:00,763.0,6,1.0,0
2025-10-03 05:00,763.0,6,1.0,0
2025-10-03 06:00,763.0,6,1.0,0
2025-10-03 07:00,763.0,6,1.0,0
2025-10-03 08:00,763.0,6,1.0,0
2025-10-03 09:00,763.0,6,1.0,0
2025-10-03 10:00,763.0,6,1.0,0
2025-10-03 11:00,763.0,6,1.0,0
2025-10-03 12:00,763.0,6,1.0,0
2025-10-03 13:00,763.0,6,1.0,0
2025-10-03 14:00,763.0,6,1.0,0
2025-10-03 15:00,763.0,6,1.0,0
2025-10-03 16:00,763.0,6,1.0,0
2025-10-03 17:00,763.0,6,1.0,0
2025-10-03 18:00,763.0,6,1.0,0
2025-10-03 19:00,763.0,6,1.0,0
2025-10-03 20:00,763.0,6,1.0,0
2025-10-03 21:00,763.0,6,1.0,0
2025-10-03 22:00,763.0,6,1.0,0
2025-10-03 23:00,763.0,6,1.0,0
2025-10-04 00:00,763.0,6,1.0,0
2025-10-04 01:00,763.0,6,1.0,0
2025-10-04 02:00,763.0,6,1.0,0
2025-10-04 03:00,763.0,6,1.0,0
2025-10-04 04:00,763.0,6,1.0,0
2025-10-04 05:00,763.0,6,1.0,0
2025-10-04 06:00,763.0,6,1.0,0
2025-10-04 07:00,763.0,6,1.0,0
2025-10-04 08:00,763.0,6,1.0,0
2025-10-04 09:00,763.0,6,1.0,0
2025-10-04 10:00,763.0,6,1.0,0
2025-10-04 11:00,763.0,6,1.0,0
2025-10-04 12:00,763.0,6,1.0,0
2025-10-04 13:00,763.0,6,1.0,0
2025-10-04 14:00,763.0,6,1.0,0
2025-10-04 15:00,763.0,6,1.0,0
2025-10-04 16:00,763.0,6,1.0,0
2025-10-04 17:00,763.0,6,1.0,0
2025-10-04 18:00,763.0,6,1.0,0
2025-10-04 19:00,763.0,6,1.0,0
2025-10-04 20:00,763.0,6,1.0,0
2025-10-04 21:00,763.0,6,1.0,0
2025-10-04 22:00,763.0,6,1.0,0
2025-10-04 23:00,763.0,6,1.0,0
2025-10-05 00:00,763.0,6,1.0,0
2025-10-05 01:00,763.0,6,1.0,0
2025-10-05 02:00,763.0,6,1.0,0
2025-10-05 03:00,763.0,6,1.0,0
2025-10-05 04:00,763.0,6,1.0,0
2025-10-05 05:00,763.0,6,1.0,0
2025-10-05 06:00,763.0,6,1.0,0
2025-10-05 07:00,765.8,6,1.0,0
2025-10-05 08:00,776.6,6,1.0,0
2025-10-05 09:00,781.8,6,1.0,0
2025-10-05 10:00,783.0,6,1.0,0
2025-10-05 11:00,783.2,6,1.0,0
2025-10-05 12:00,783.4,6,1.0,0
2025-10-05 13:00,784.2,6,1.0,0
2025-10-05 14:00,784.2,6,1.0,0
2025-10-05 15:00,784.2,6,1.0,0
2025-10-05 16:00,784.8,6,1.0,0
2025-10-05 17:00,784.8,6,1.0,0
2025-10-05 18:00,784.8,6,1.0,0
2025-10-05 19:00,784.8,6,1.0,0
2025-10-05 20:00,784.8,6,1.0,0
2025-10-05 21:00,784.8,6,1.0,0
2025-10-05 22:00,784.8,6,1.0,0
2025-10-05 23:00,784.8,6,1.0,0
2025-10-06 00:00,784.8,6,1.0,0
2025-10-06 01:00,784.8,6,1.0,0
2025-10-06 02:00,784.8,6,1.0,0
2025-10-06 03:00,784.8,6,1.0,0
2025-10-06 04:00,784.8,6,1.0,0
2025-10-06 05:00,784.8,6,1.0,0
2025-10-06 06:00,784.8,6,1.0,0
2025-10-06 07:00,784.8,6,1.0,0
2025-10-06 08:00,784.8,6,1.0,0
2025-10-06 09:00,784.8,6,1.0,0
2025-10-06 10:00,784.8,6,1.0,0
2025-10-06 11:00,784.8,6,1.0,0
2025-10-06 12:00,784.8,6,1.0,0
2025-10-06 13:00,784.8,6,1.0,0
2025-10-06 14:00,784.8,6,1.0,0
2025-10-06 15:00,784.8,6,1.0,0
2025-10-06 16:00,784.8,6,1.0,0
2025-10-06 17:00,784.8,6,1.0,0
2025-10-06 18:00,784.8,6,1.0,0
2025-10-06 19:00,784.8,6,1.0,0
2025-10-06 20:00,784.8,6,1.0,0
2025-10-06 21:00,784.8,6,1.0,0
2025-10-06 22:00,784.8,6,1.0,0
2025-10-06 23:00,784.8,6,1.0,0
2025-10-07 00:00,784.8,6,1.0,0
2025-10-07 01:00,784.8,6,1.0,0
2025-10-07 02:00,784.8,6,1.0,0
2025-10-07 03:00,784.8,6,1.0,0
2025-10-07 04:00,784.8,6,1.0,0
2025-10-07 05:00,784.8,6,1.0,0
2025-10-07 06:00,784.8,6,1.0,0
2025-10-07 07:00,784.8,6,1.0,0
2025-10-07 08:00,784.8,6,1.0,0
2025-10-07 09:00,784.8,6,1.0,0
2025-10-07 10:00,784.8,6,1.0,0
2025-10-07 11:00,784.8,6,1.0,0
2025-10-07 12:00,784.8,6,1.0,0
2025-10-07 13:00,784.8,6,1.0,0
2025-10-07 14:00,784.8,6,1.0,0
2025-10-07 15:00,784.8,6,1.0,0
2025-10-07 16:00,784.8,6,1.0,0
2025-10-07 17:00,784.8,6,1.0,0
2025-10-07 18:00,784.8,6,1.0,0
2025-10-07 19:00,784.8,6,1.0,0
2025-10-07 20:00,784.8,6,1.0,0
2025-10-07 21:00,784.8,6,1.0,0
2025-10-07 22:00,784.8,6,1.0,0
2025-10-07 23:00,784.8,6,1.0,0
2025-10-08 00:00,784.8,6,1.0,0
2025-10-08 01:00,784.8,6,1.0,0
2025-10-08 02:00,784.8,6,1.0,0
2025-10-08 03:00,784.8,6,1.0,0
2025-10-08 04:00,784.8,6,1.0,0
2025-10-08 05:00,784.8,6,1.0,0
2025-10-08 06:00,784.8,6,1.0,0
2025-10-08 07:00,784.8,6,1.0,0
2025-10-08 08:00,784.8,6,1.0,0
2025-10-08 09:00,784.8,6,1.0,0
2025-10-08 10:00,784.8,6,1.0,0
2025-10-08 11:00,784.8,6,1.0,0
2025-10-08 12:00,784.8,6,1.0,0
2025-10-08 13:00,784.8,6,1.0,0
2025-10-08 14:00,784.8,6,1.0,0
2025-10-08 15:00,784.8,6,1.0,0
2025-10-08 16:00,784.8,6,1.0,0
2025-10-08 17:00,784.8,6,1.0,0
2025-10-08 18:00,784.8,6,1.0,0
2025-10-08 19:00,784.8,6,1.0,0
2025-10-08 20:00,784.8,6,1.0,0
2025-10-08 21:00,784.8,6,1.0,0
2025-10-08 22:00,784.8,6,1.0,0
2025-10-08 23:00,784.8,6,1.0,0
2025-10-09 00:00,784.8,6,1.0,0
2025-10-09 01:00,784.8,6,1.0,0
2025-10-09 02:00,784.8,6,1.0,0
2025-10-09 03:00,784.8,6,1.0,0
2025-10-09 04:00,784.8,6,1.0,0
2025-10-09 05:00,784.8,6,1.0,0
2025-10-09 06:00,784.8,6,1.0,0
2025-10-09 07:00,784.8,6,1.0,0
2025-10-09 08:00,784.8,6,1.0,0
2025-10-09 09:00,784.8,6,1.0,0
2025-10-09 10:00,784.8,6,1.0,0
2025-10-09 11:00,784.8,6,1.0,0
2025-10-09 12:00,784.8,6,1.0,0
2025-10-09 13:00,784.8,6,1.0,0
2025-10-09 14:00,784.8,6,1.0,0
2025-10-09 15:00,784.8,6,1.0,0
2025-10-09 16:00,784.8,6,1.0,0
2025-10-09 17:00,784.8,6,1.0,0
2025-10-09 18:00,784.8,6,1.0,0
2025-10-09 19:00,784.8,6,1.0,0
2025-10-09 20:00,784.8,6,1.0,0
2025-10-09 21:00,784.8,6,1.0,0
2025-10-09 22:00,784.8,6,1.0,0
2025-10-09 23:00,784.8,6,1.0,0
2025-10-10 00:00,784.8,6,1.0,0
2025-10-10 01:00,784.8,6,1.0,0
2025-10-10 02:00,784.8,6,1.0,0
2025-10-10 03:00,784.8,6,1.0,0
2025-10-10 04:00,784.8,6,1.0,0
2025-10-10 05:00,784.8,6,1.0,0
2025-10-10 06:00,784.8,6,1.0,0
2025-10-10 07:00,784.8,6,1.0,0
2025-10-10 08:00,784.8,6,1.0,0
2025-10-10 09:00,784.8,6,1.0,0
2025-10-10 10:00,784.8,6,1.0,0
2025-10-10 11:00,784.8,6,1.0,0
2025-10-10 12:00,784.8,6,1.0,0
2025-10-10 13:00,784.8,6,1.0,0
2025-10-10 14:00,784.8,6,1.0,0
2025-10-10 15:00,784.8,6,1.0,0
2025-10-10 16:00,784.8,6,1.0,0
2025-10-10 17:00,784.8,6,1.0,0
2025-10-10 18:00,784.8,6,1.0,0
2025-10-10 19:00,784.8,6,1.0,0
2025-10-10 20:00,784.8,6,1.0,0
2025-10-10 21:00,784.8,6,1.0,0
2025-10-10 22:00,784.8,6,1.0,0
2025-10-10 23:00,784.8,6,1.0,0
2025-10-11 00:00,784.8,6,1.0,0
2025-10-11 01:00,784.8,6,1.0,0
2025-10-11 02:00,784.8,6,1.0,0
2025-10-11 03:00,784.8,6,1.0,0
2025-10-11 04:00,784.8,6,1.0,0
2025-10-11 05:00,784.8,6,1.0,0
2025-10-11 06:00,784.8,6,1.0,0
2025-10-11 07:00,784.8,6,1.0,0
2025-10-11 08:00,784.8,6,1.0,0
2025-10-11 09:00,784.8,6,1.0,0
2025-10-11 10:00,784.8,6,1.0,0
2025-10-11 11:00,784.8,6,1.0,0
2025-10-11 12:00,784.8,6,1.0,0
2025-10-11 13:00,784.8,6,1.0,0
2025-10-11 14:00,784.8,6,1.0,0
2025-10-11 15:00,784.8,6,1.0,0
2025-10-11 16:00,784.8,6,1.0,0
2025-10-11 17:00,784.8,6,1.0,0
2025-10-11 18:00,784.8,6,1.0,0
2025-10-11 19:00,784.8,6,1.0,0
2025-10-11 20:00,784.8,6,1.0,0
2025-10-11 21:00,784.8,6,1.0,0
2025-10-11 22:00,784.8,6,1.0,0
2025-10-11 23:00,784.8,6,1.0,0
2025-10-12 00:00,784.8,6,1.0,0
2025-10-12 01:00,784.8,6,1.0,0
2025-10-12 02:00,784.8,6,1.0,0
2025-10-12 03:00,784.8,6,1.0,0
2025-10-12 04:00,784.8,6,1.0,0
2025-10-12 05:00,784.8,6,1.0,0
2025-10-12 06:00,784.8,6,1.0,0
2025-10-12 07:00,784.8,6,1.0,0
2025-10-12 08:00,784.8,6,1.0,0
2025-10-12 09:00,784.8,6,1.0,0
2025-10-12 10:00,784.8,6,1.0,0
2025-10-12 11:00,784.8,6,1.0,0
2025-10-12 12:00,784.8,6,1.0,0
2025-10-12 13:00,784.8,6,1.0,0
2025-10-12 14:00,784.8,6,1.0,0
2025-10-12 15:00,784.8,6,1.0,0
2025-10-12 16:00,784.8,6,1.0,0
2025-10-12 17:00,784.8,6,1.0,0
2025-10-12 18:00,784.8,6,1.0,0
2025-10-12 19:00,784.8,6,1.0,0
2025-10-12 20:00,784.8,6,1.0,0
2025-10-12 21:00,784.8,6,1.0,0
2025-10-12 22:00,784.8,6,1.0,0
2025-10-12 23:00,784.8,6,1.0,0
2025-10-13 00:00,784.8,6,1.0,0
2025-10-13 01:00,784.8,6,1.0,0
2025-10-13 02:00,784.8,6,1.0,0
2025-10-13 03:00,784.8,6,1.0,0
2025-10-13 04:00,784.8,6,1.0,0
2025-10-13 05:00,784.8,6,1.0,0
2025-10-13 06:00,784.8,6,1.0,0
2025-10-13 07:00,784.8,6,1.0,0
2025-10-13 08:00,784.8,6,1.0,0
2025-10-13 09:00,784.8,6,1.0,0
2025-10-13 10:00,784.8,6,1.0,0
2025-10-13 11:00,784.8,6,1.0,0
2025-10-13 12:00,784.8,6,1.0,0
2025-10-13 13:00,784.8,6,1.0,0
2025-10-13 14:00,784.8,6,1.0,0
2025-10-13 15:00,784.8,6,1.0,0
2025-10-13 16:00,784.8,6,1.0,0
2025-10-13 17:00,784.8,6,1.0,0
2025-10-13 18:00,784.8,6,1.0,0
2025-10-13 19:00,784.8,6,1.0,0
2025-10-13 20:00,784.8,6,1.0,0
2025-10-13 21:00,784.8,6,1.0,0
2025-10-13 22:00,784.8,6,1.0,0
2025-10-13 23:00,784.8,6,1.0,0
2025-10-14 00:00,784.8,6,1.0,0
2025-10-14 01:00,784.8,6,1.0,0
2025-10-14 02:00,784.8,6,1.0,0
2025-10-14 03:00,784.8,6,1.0,0
2025-10-14 04:00,784.8,6,1.0,0
2025-10-14 05:00,784.8,6,1.0,0
2025-10-14 06:00,784.8,6,1.0,0
2025-10-14 07:00,784.8,6,1.0,0
2025-10-14 08:00,784.8,6,1.0,0
2025-10-14 09:00,784.8,6,1.0,0
2025-10-14 10:00,784.8,6,1.0,0
2025-10-14 11:00,784.8,6,1.0,0
2025-10-14 12:00,784.8,6,1.0,0
2025-10-14 13:00,784.8,6,1.0,0
2025-10-14 14:00,784.8,6,1.0,0
2025-10-14 15:00,784.8,6,1.0,0
2025-10-14 16:00,784.8,6,1.0,0
2025-10-14 17:00,784.8,6,1.0,0
2025-10-14 18:00,784.8,6,1.0,0
2025-10-14 19:00,784.8,6,1.0,0
2025-10-14 20:00,784.8,6,1.0,0
2025-10-14 21:00,784.8,6,1.0,0
2025-10-14 22:00,784.8,6,1.0,0
2025-10-14 23:00,784.8,6,1.0,0
2025-10-15 00:00,784.8,6,1.0,0
2025-10-15 01:00,784.8,6,1.0,0
2025-10-15 02:00,784.8,6,1.0,0
2025-10-15 03:00,784.8,6,1.0,0
2025-10-15 04:00,784.8,6,1.0,0
2025-10-15 05:00,784.8,6,1.0,0
2025-10-15 06:00,784.8,6,1.0,0
2025-10-15 07:00,784.8,6,1.0,0
2025-10-15 08:00,784.8,6,1.0,0
2025-10-15 09:00,784.8,6,1.0,0
2025-10-15 10:00,784.8,6,1.0,0
2025-10-15 11:00,784.8,6,1.0,0
2025-10-15 12:00,785.0,6,1.0,0
2025-10-15 13:00,785.0,6,1.0,0
2025-10-15 14:00,785.0,6,1.0,0
2025-10-15 15:00,785.4,6,1.0,0
2025-10-15 16:00,786.0,6,1.0,0
2025-10-15 17:00,787.2,6,1.0,0
2025-10-15 18:00,787.8,6,1.0,0
2025-10-15 19:00,788.4,6,1.0,0
2025-10-15 20:00,789.0,6,1.0,0
2025-10-15 21:00,789.0,6,1.0,0
2025-10-15 22:00,789.0,6,1.0,0
2025-10-15 23:00,789.2,6,1.0,0
2025-10-16 00:00,789.2,6,1.0,0
2025-10-16 01:00,789.4,6,1.0,0
2025-10-16 02:00,789.6,6,1.0,0
2025-10-16 03:00,790.0,6,1.0,0
2025-10-16 04:00,791.4,6,1.0,0
2025-10-16 05:00,791.6,6,1.0,0
2025-10-16 06:00,793.8,6,1.0,0
2025-10-16 07:00,799.4,6,1.0,0
2025-10-16 08:00,799.6,6,1.0,0
2025-10-16 09:00,799.6,6,1.0,0
2025-10-16 10:00,799.8,6,1.0,0
2025-10-16 11:00,799.8,6,1.0,0
2025-10-16 12:00,800.2,6,1.0,0
2025-10-16 13:00,802.0,6,1.0,0
2025-10-16 14:00,803.2,6,1.0,0
2025-10-16 15:00,804.0,6,1.0,0
2025-10-16 16:00,804.2,6,1.0,0
2025-10-16 17:00,804.2,6,1.0,0
2025-10-16 18:00,804.4,6,1.0,0
2025-10-16 19:00,804.4,6,1.0,0
2025-10-16 20:00,804.6,6,1.0,0
2025-10-16 21:00,805.0,6,1.0,0
2025-10-16 22:00,805.0,6,1.0,0
2025-10-16 23:00,806.4,6,1.0,0
2025-10-17 00:00,808.8,6,1.0,0
2025-10-17 01:00,809.0,6,1.0,0
2025-10-17 02:00,809.2,6,1.0,0
2025-10-17 03:00,812.4,6,1.0,0
2025-10-17 04:00,813.2,6,1.0,0
2025-10-17 05:00,813.2,6,1.0,0
2025-10-17 06:00,813.2,6,1.0,0
2025-10-17 07:00,813.4,6,1.0,0
2025-10-17 08:00,813.4,6,1.0,0
2025-10-17 09:00,813.4,6,1.0,0
2025-10-17 10:00,813.4,6,1.0,0
2025-10-17 11:00,813.4,6,1.0,0
2025-10-17 12:00,813.4,6,1.0,0
2025-10-17 13:00,813.4,6,1.0,0
2025-10-17 14:00,813.4,6,1.0,0
2025-10-17 15:00,813.4,6,1.0,0
2025-10-17 16:00,813.4,6,1.0,0
2025-10-17 17:00,817.7,6,1.0,0
2025-10-17 18:00,821.9,6,1.0,0
2025-10-17 19:00,823.5,6,1.0,0
2025-10-17 20:00,823.7,6,1.0,0
2025-10-17 21:00,823.7,6,1.0,0
2025-10-17 22:00,823.7,6,1.0,0
2025-10-17 23:00,825.1,6,1.0,0
2025-10-18 00:00,826.3,6,1.0,0
2025-10-18 01:00,826.5,6,1.0,0
2025-10-18 02:00,826.5,6,1.0,0
2025-10-18 03:00,826.5,6,1.0,0
2025-10-18 04:00,826.5,6,1.0,0
2025-10-18 05:00,826.5,6,1.0,0
2025-10-18 06:00,826.5,6,1.0,0
2025-10-18 07:00,826.5,6,1.0,0
2025-10-18 08:00,826.7,6,1.0,0
2025-10-18 09:00,826.7,6,1.0,0
2025-10-18 10:00,826.7,6,1.0,0
2025-10-18 11:00,826.7,6,1.0,0
2025-10-18 12:00,826.7,6,1.0,0
2025-10-18 13:00,826.7,6,1.0,0
2025-10-18 14:00,826.7,6,1.0,0
2025-10-18 15:00,826.7,6,1.0,0
2025-10-18 16:00,826.7,6,1.0,0
2025-10-18 17:00,826.7,6,1.0,0
2025-10-18 18:00,826.7,6,1.0,0
2025-10-18 19:00,826.7,6,1.0,0
2025-10-18 20:00,826.7,6,1.0,0
2025-10-18 21:00,826.7,6,1.0,0
2025-10-18 22:00,826.7,6,1.0,0
2025-10-18 23:00,826.7,6,1.0,0
2025-10-19 00:00,826.7,6,1.0,0
2025-10-19 01:00,826.7,6,1.0,0
2025-10-19 02:00,826.7,6,1.0,0
2025-10-19 03:00,826.7,6,1.0,0
2025-10-19 04:00,826.7,6,1.0,0
2025-10-19 05:00,826.7,6,1.0,0
2025-10-19 06:00,826.7,6,1.0,0
2025-10-19 07:00,826.7,6,1.0,0
2025-10-19 08:00,826.7,6,1.0,0
2025-10-19 09:00,826.7,6,1.0,0
2025-10-19 10:00,826.7,6,1.0,0
2025-10-19 11:00,826.7,6,1.0,0
2025-10-19 12:00,826.7,6,1.0,0
2025-10-19 13:00,826.7,6,1.0,0
2025-10-19 14:00,826.7,6,1.0,0
2025-10-19 15:00,826.7,6,1.0,0
2025-10-19 16:00,826.7,6,1.0,0
2025-10-19 17:00,826.7,6,1.0,0
2025-10-19 18:00,826.7,6,1.0,0
2025-10-19 19:00,826.7,6,1.0,0
2025-10-19 20:00,826.7,6,1.0,0
2025-10-19 21:00,826.7,6,1.0,0
2025-10-19 22:00,826.7,6,1.0,0
2025-10-19 23:00,826.7,6,1.0,0
2025-10-20 00:00,826.7,6,1.0,0
2025-10-20 01:00,826.7,6,1.0,0
2025-10-20 02:00,826.7,6,1.0,0
2025-10-20 03:00,826.7,6,1.0,0
2025-10-20 04:00,826.7,6,1.0,0
2025-10-20 05:00,826.7,6,1.0,0
2025-10-20 06:00,826.7,6,1.0,0
2025-10-20 07:00,826.7,6,1.0,0
2025-10-20 08:00,826.7,6,1.0,0
2025-10-20 09:00,826.7,6,1.0,0
2025-10-20 10:00,826.7,6,1.0,0
2025-10-20 11:00,826.7,6,1.0,0
2025-10-20 12:00,826.7,6,1.0,0
2025-10-20 13:00,826.7,6,1.0,0
2025-10-20 14:00,826.7,6,1.0,0
2025-10-20 15:00,826.7,6,1.0,0
2025-10-20 16:00,826.7,6,1.0,0
2025-10-20 17:00,826.7,6,1.0,0
2025-10-20 18:00,826.7,6,1.0,0
2025-10-20 19:00,826.7,6,1.0,0
2025-10-20 20:00,826.7,6,1.0,0
2025-10-20 21:00,826.7,6,1.0,0
2025-10-20 22:00,826.7,6,1.0,0
2025-10-20 23:00,826.7,6,1.0,0
2025-10-21 00:00,826.7,6,1.0,0
2025-10-21 01:00,826.7,6,1.0,0
2025-10-21 02:00,826.7,6,1.0,0
2025-10-21 03:00,826.7,6,1.0,0
2025-10-21 04:00,826.7,6,1.0,0
2025-10-21 05:00,826.7,6,1.0,0
2025-10-21 06:00,826.7,6,1.0,0
2025-10-21 07:00,826.7,6,1.0,0
2025-10-21 08:00,826.7,6,1.0,0
2025-10-21 09:00,826.7,6,1.0,0
2025-10-21 10:00,829.3,6,1.0,0
2025-10-21 11:00,839.3,6,1.0,0
2025-10-21 12:00,855.2,6,1.0,0
2025-10-21 13:00,866.3,6,1.0,0
2025-10-21 14:00,868.8,6,1.0,0
2025-10-21 15:00,869.8,6,1.0,0
2025-10-21 16:00,872.6,6,1.0,0
2025-10-21 17:00,873.0,6,1.0,0
2025-10-21 18:00,873.0,6,1.0,0
2025-10-21 19:00,873.0,6,1.0,0
2025-10-21 20:00,873.0,6,1.0,0
2025-10-21 21:00,873.0,6,1.0,0
2025-10-21 22:00,873.0,6,1.0,0
2025-10-21 23:00,873.0,6,1.0,0
2025-10-22 00:00,873.0,6,1.0,0
2025-10-22 01:00,873.0,6,1.0,0
2025-10-22 02:00,873.2,6,1.0,0
2025-10-22 03:00,873.2,6,1.0,0
2025-10-22 04:00,873.6,6,1.0,0
2025-10-22 05:00,873.8,6,1.0,0
2025-10-22 06:00,873.8,6,1.0,0
2025-10-22 07:00,873.8,6,1.0,0
2025-10-22 08:00,874.0,6,1.0,0
2025-10-22 09:00,874.0,6,1.0,0
2025-10-22 10:00,874.0,6,1.0,0
2025-10-22 11:00,879.6,6,1.0,0
2025-10-22 12:00,879.8,6,1.0,0
2025-10-22 13:00,879.8,6,1.0,0
2025-10-22 14:00,879.8,6,1.0,0
2025-10-22 15:00,879.8,6,1.0,0
2025-10-22 16:00,879.8,6,1.0,0
2025-10-22 17:00,879.8,6,1.0,0
2025-10-22 18:00,879.8,6,1.0,0
2025-10-22 19:00,879.8,6,1.0,0
2025-10-22 20:00,879.8,6,1.0,0
2025-10-22 21:00,879.8,6,1.0,0
2025-10-22 22:00,879.8,6,1.0,0
2025-10-22 23:00,879.8,6,1.0,0
2025-10-23 00:00,879.8,6,1.0,0
2025-10-23 01:00,879.8,6,1.0,0
2025-10-23 02:00,879.8,6,1.0,0
2025-10-23 03:00,879.8,6,1.0,0
2025-10-23 04:00,879.8,6,1.0,0
2025-10-23 05:00,879.8,6,1.0,0
2025-10-23 06:00,879.8,6,1.0,0
2025-10-23 07:00,879.8,6,1.0,0
2025-10-23 08:00,879.8,6,1.0,0
2025-10-23 09:00,880.0,6,1.0,0
2025-10-23 10:00,888.2,6,1.0,0
2025-10-23 11:00,891.9,6,1.0,0
2025-10-23 12:00,892.3,6,1.0,0
2025-10-23 13:00,897.9,6,1.0,0
2025-10-23 14:00,898.1,6,1.0,0
2025-10-23 15:00,898.3,6,1.0,0
2025-10-23 16:00,898.3,6,1.0,0
2025-10-23 17:00,898.3,6,1.0,0
2025-10-23 18:00,899.1,6,1.0,0
2025-10-23 19:00,908.2,6,1.0,0
2025-10-23 20:00,927.5,6,1.0,0
2025-10-23 21:00,927.5,6,1.0,0
2025-10-23 22:00,927.7,6,1.0,0
2025-10-23 23:00,927.7,6,1.0,0
2025-10-24 00:00,927.7,6,1.0,0
2025-10-24 01:00,927.7,6,1.0,0
2025-10-24 02:00,927.7,6,1.0,0
2025-10-24 03:00,927.7,6,1.0,0
2025-10-24 04:00,927.7,6,1.0,0
2025-10-24 05:00,927.7,6,1.0,0
2025-10-24 06:00,927.7,6,1.0,0
2025-10-24 07:00,927.7,6,1.0,0
2025-10-24 08:00,927.7,6,1.0,0
2025-10-24 09:00,927.7,6,1.0,0
2025-10-24 10:00,927.7,6,1.0,0
2025-10-24 11:00,927.7,6,1.0,0
2025-10-24 12:00,927.7,6,1.0,0
2025-10-24 13:00,927.7,6,1.0,0
2025-10-24 14:00,927.7,6,1.0,0
2025-10-24 15:00,927.7,6,1.0,0
2025-10-24 16:00,927.7,6,1.0,0
2025-10-24 17:00,927.7,6,1.0,0
2025-10-24 18:00,927.7,6,1.0,0
2025-10-24 19:00,927.7,6,1.0,0
2025-10-24 20:00,927.7,6,1.0,0
2025-10-24 21:00,927.7,6,1.0,0
2025-10-24 22:00,927.7,6,1.0,0
2025-10-24 23:00,927.9,6,1.0,0
2025-10-25 00:00,927.9,6,1.0,0
2025-10-25 01:00,927.9,6,1.0,0
2025-10-25 02:00,927.9,6,1.0,0
2025-10-25 03:00,927.9,6,1.0,0
2025-10-25 04:00,927.9,6,1.0,0
2025-10-25 05:00,927.9,6,1.0,0
2025-10-25 06:00,927.9,6,1.0,0
2025-10-25 07:00,927.9,6,1.0,0
2025-10-25 08:00,927.9,6,1.0,0
2025-10-25 09:00,927.9,6,1.0,0
2025-10-25 10:00,927.9,6,1.0,0
2025-10-25 11:00,927.9,6,1.0,0
2025-10-25 12:00,927.9,6,1.0,0
2025-10-25 13:00,927.9,6,1.0,0
2025-10-25 14:00,927.9,6,1.0,0
2025-10-25 15:00,927.9,6,1.0,0
2025-10-25 16:00,927.9,6,1.0,0
2025-10-25 17:00,927.9,6,1.0,0
2025-10-25 18:00,927.9,6,1.0,0
2025-10-25 19:00,927.9,6,1.0,0
2025-10-25 20:00,927.9,6,1.0,0
2025-10-25 21:00,928.7,6,1.0,0
2025-10-25 22:00,933.4,6,1.0,0
2025-10-25 23:00,940.6,6,1.0,0
2025-10-26 00:00,947.7,6,1.0,0
2025-10-26 01:00,953.9,6,1.0,0
2025-10-26 02:00,955.3,6,1.0,0
2025-10-26 03:00,955.5,6,1.0,0
2025-10-26 04:00,955.5,6,1.0,0
2025-10-26 05:00,955.5,6,1.0,0
2025-10-26 06:00,955.5,6,1.0,0
2025-10-26 07:00,955.7,6,1.0,0
2025-10-26 08:00,955.7,6,1.0,0
2025-10-26 09:00,955.7,6,1.0,0
2025-10-26 10:00,955.7,6,1.0,0
2025-10-26 11:00,955.7,6,1.0,0
2025-10-26 12:00,955.7,6,1.0,0
2025-10-26 13:00,955.7,6,1.0,0
2025-10-26 14:00,955.7,6,1.0,0
2025-10-26 15:00,955.7,6,1.0,0
2025-10-26 16:00,955.7,6,1.0,0
2025-10-26 17:00,955.7,6,1.0,0
2025-10-26 18:00,955.7,6,1.0,0
2025-10-26 19:00,955.7,6,1.0,0
2025-10-26 20:00,955.7,6,1.0,0
2025-10-26 21:00,955.7,6,1.0,0
2025-10-26 22:00,955.7,6,1.0,0
2025-10-26 23:00,955.7,6,1.0,0
2025-10-27 00:00,957.7,6,1.0,0
2025-10-27 01:00,957.9,6,1.0,0
2025-10-27 02:00,957.9,6,1.0,0
2025-10-27 03:00,957.9,6,1.0,0
2025-10-27 04:00,957.9,6,1.0,0
2025-10-27 05:00,957.9,6,1.0,0
2025-10-27 06:00,958.1,6,1.0,0
2025-10-27 07:00,958.1,6,1.0,0
2025-10-27 08:00,958.1,6,1.0,0
2025-10-27 09:00,958.1,6,1.0,0
2025-10-27 10:00,958.1,6,1.0,0
2025-10-27 11:00,958.1,6,1.0,0
2025-10-27 12:00,958.1,6,1.0,0
2025-10-27 13:00,958.1,6,1.0,0
2025-10-27 14:00,958.1,6,1.0,0
2025-10-27 15:00,958.1,6,1.0,0
2025-10-27 16:00,958.1,6,1.0,0
2025-10-27 17:00,958.1,6,1.0,0
2025-10-27 18:00,958.1,6,1.0,0
2025-10-27 19:00,958.3,6,1.0,0
2025-10-27 20:00,959.1,6,1.0,0
2025-10-27 21:00,959.9,6,1.0,0
2025-10-27 22:00,960.7,6,1.0,0
2025-10-27 23:00,962.3,6,1.0,0
2025-10-28 00:00,962.7,6,1.0,0
2025-10-28 01:00,963.3,6,1.0,0
2025-10-28 02:00,963.7,6,1.0,0
2025-10-28 03:00,963.9,6,1.0,0
2025-10-28 04:00,963.9,6,1.0,0
2025-10-28 05:00,963.9,6,1.0,0
2025-10-28 06:00,963.9,6,1.0,0
2025-10-28 07:00,963.9,6,1.0,0
2025-10-28 08:00,963.9,6,1.0,0
2025-10-28 09:00,963.9,6,1.0,0
2025-10-28 10:00,963.9,6,1.0,0
2025-10-28 11:00,963.9,6,1.0,0
2025-10-28 12:00,963.9,6,1.0,0
2025-10-28 13:00,963.9,6,1.0,0
2025-10-28 14:00,963.9,6,1.0,0
2025-10-28 15:00,963.9,6,1.0,0
2025-10-28 16:00,963.9,6,1.0,0
2025-10-28 17:00,963.9,6,1.0,0
2025-10-28 18:00,963.9,6,1.0,0
2025-10-28 19:00,963.9,6,1.0,0
2025-10-28 20:00,963.9,6,1.0,0
2025-10-28 21:00,963.9,6,1.0,0
2025-10-28 22:00,963.9,6,1.0,0
2025-10-28 23:00,963.9,6,1.0,0
2025-10-29 00:00,963.9,6,1.0,0
2025-10-29 01:00,963.9,6,1.0,0
2025-10-29 02:00,964.1,6,1.0,0
2025-10-29 03:00,964.3,6,1.0,0
2025-10-29 04:00,964.3,6,1.0,0
2025-10-29 05:00,966.3,6,1.0,0
2025-10-29 06:00,966.3,6,1.0,0
2025-10-29 07:00,966.3,6,1.0,0
2025-10-29 08:00,966.3,6,1.0,0
2025-10-29 09:00,966.3,6,1.0,0
2025-10-29 10:00,966.3,6,1.0,0
2025-10-29 11:00,966.3,6,1.0,0
2025-10-29 12:00,966.3,6,1.0,0
2025-10-29 13:00,966.3,6,1.0,0
2025-10-29 14:00,966.3,6,1.0,0
2025-10-29 15:00,966.3,6,1.0,0
2025-10-29 16:00,966.3,6,1.0,0
2025-10-29 17:00,966.3,6,1.0,0
2025-10-29 18:00,966.3,6,1.0,0
2025-10-29 19:00,966.3,6,1.0,0
2025-10-29 20:00,966.3,6,1.0,0
2025-10-29 21:00,966.3,6,1.0,0
2025-10-29 22:00,966.3,6,1.0,0
2025-10-29 23:00,966.3,6,1.0,0
2025-10-30 00:00,966.3,6,1.0,0
2025-10-30 01:00,966.3,6,1.0,0
2025-10-30 02:00,966.3,6,1.0,0
2025-10-30 03:00,966.3,6,1.0,0
2025-10-30 04:00,966.3,6,1.0,0
2025-10-30 05:00,966.3,6,1.0,0
2025-10-30 06:00,966.3,6,1.0,0
2025-10-30 07:00,966.3,6,1.0,0
2025-10-30 08:00,966.3,6,1.0,0
2025-10-30 09:00,966.3,6,1.0,0
2025-10-30 10:00,966.3,6,1.0,0
2025-10-30 11:00,966.3,6,1.0,0
2025-10-30 12:00,966.3,6,1.0,0
2025-10-30 13:00,966.3,6,1.0,0
2025-10-30 14:00,966.3,6,1.0,0
2025-10-30 15:00,966.3,6,1.0,0
2025-10-30 16:00,966.3,6,1.0,0
2025-10-30 17:00,966.3,6,1.0,0
2025-10-30 18:00,966.3,6,1.0,0
2025-10-30 19:00,966.3,6,1.0,0
2025-10-30 20:00,966.3,6,1.0,0
2025-10-30 21:00,966.3,6,1.0,0
2025-10-30 22:00,966.3,6,1.0,0
2025-10-30 23:00,966.3,6,1.0,0
2025-10-31 00:00,966.3,6,1.0,0
2025-10-31 01:00,966.3,6,1.0,0
2025-10-31 02:00,966.9,6,1.0,0
2025-10-31 03:00,967.7,6,1.0,0
2025-10-31 04:00,967.9,6,1.0,0
2025-10-31 05:00,967.9,6,1.0,0
2025-10-31 06:00,967.9,6,1.0,0
2025-10-31 07:00,967.9,6,1.0,0
2025-10-31 08:00,967.9,6,1.0,0
2025-10-31 09:00,967.9,6,1.0,0
2025-10-31 10:00,967.9,6,1.0,0
2025-10-31 11:00,967.9,6,1.0,0
2025-10-31 12:00,967.9,6,1.0,0
2025-10-31 13:00,967.9,6,1.0,0
2025-10-31 14:00,967.9,6,1.0,0
2025-10-31 15:00,967.9,6,1.0,0
2025-10-31 16:00,967.9,6,1.0,0
2025-10-31 17:00,967.9,6,1.0,0
2025-10-31 18:00,967.9,6,1.0,0
2025-10-31 19:00,967.9,6,1.0,0
2025-10-31 20:00,967.9,6,1.0,0
2025-10-31 21:00,967.9,6,1.0,0
2025-10-31 22:00,967.9,6,1.0,0
2025-10-31 23:00,967.9,6,1.0,0
2025-11-01 00:00,967.9,6,1.0,0
2025-11-01 01:00,967.9,6,1.0,0
2025-11-01 02:00,967.9,6,1.0,0
2025-11-01 03:00,967.9,6,1.0,0
2025-11-01 04:00,967.9,6,1.0,0
2025-11-01 05:00,967.9,6,1.0,0
2025-11-01 06:00,967.9,6,1.0,0
2025-11-01 07:00,967.9,6,1.0,0
2025-11-01 08:00,967.9,6,1.0,0
2025-11-01 09:00,967.9,6,1.0,0
2025-11-01 10:00,967.9,6,1.0,0
2025-11-01 11:00,967.9,6,1.0,0
2025-11-01 12:00,967.9,6,1.0,0
2025-11-01 13:00,967.9,6,1.0,0
2025-11-01 14:00,967.9,6,1.0,0
2025-11-01 15:00,967.9,6,1.0,0
2025-11-01 16:00,967.9,6,1.0,0
2025-11-01 17:00,967.9,6,1.0,0
2025-11-01 18:00,967.9,6,1.0,0
2025-11-01 19:00,967.9,6,1.0,0
2025-11-01 20:00,967.9,6,1.0,0
2025-11-01 21:00,967.9,6,1.0,0
2025-11-01 22:00,967.9,6,1.0,0
2025-11-01 23:00,967.9,6,1.0,0
2025-11-02 00:00,967.9,6,1.0,0
2025-11-02 01:00,967.9,6,1.0,0
2025-11-02 02:00,967.9,6,1.0,0
2025-11-02 03:00,967.9,6,1.0,0
2025-11-02 04:00,967.9,6,1.0,0
2025-11-02 05:00,967.9,6,1.0,0
2025-11-02 06:00,967.9,6,1.0,0
2025-11-02 07:00,967.9,6,1.0,0
2025-11-02 08:00,967.9,6,1.0,0
2025-11-02 09:00,967.9,6,1.0,0
2025-11-02 10:00,967.9,6,1.0,0
2025-11-02 11:00,967.9,6,1.0,0
2025-11-02 12:00,967.9,6,1.0,0
2025-11-02 13:00,967.9,6,1.0,0
2025-11-02 14:00,967.9,6,1.0,0
2025-11-02 15:00,967.9,6,1.0,0
2025-11-02 16:00,967.9,6,1.0,0
2025-11-02 17:00,967.9,6,1.0,0
2025-11-02 18:00,967.9,6,1.0,0
2025-11-02 19:00,967.9,6,1.0,0
2025-11-02 20:00,967.9,6,1.0,0
2025-11-02 21:00,967.9,6,1.0,0
2025-11-02 22:00,968.3,6,1.0,0
2025-11-02 23:00,968.7,6,1.0,0
2025-11-03 00:00,968.9,6,1.0,0
2025-11-03 01:00,968.9,6,1.0,0
2025-11-03 02:00,968.9,6,1.0,0
2025-11-03 03:00,969.1,6,1.0,0
2025-11-03 04:00,969.1,6,1.0,0
2025-11-03 05:00,969.1,6,1.0,0
2025-11-03 06:00,969.1,6,1.0,0
2025-11-03 07:00,971.1,6,1.0,0
2025-11-03 08:00,971.3,6,1.0,0
2025-11-03 09:00,971.3,6,1.0,0
2025-11-03 10:00,971.5,6,1.0,0
2025-11-03 11:00,984.6,6,1.0,0
2025-11-03 12:00,985.0,6,1.0,0
2025-11-03 13:00,985.0,6,1.0,0
2025-11-03 14:00,985.0,6,1.0,0
2025-11-03 15:00,985.0,6,1.0,0
2025-11-03 16:00,985.0,6,1.0,0
2025-11-03 17:00,985.0,6,1.0,0
2025-11-03 18:00,985.0,6,1.0,0
2025-11-03 19:00,985.0,6,1.0,0
2025-11-03 20:00,985.0,6,1.0,0
2025-11-03 21:00,985.0,6,1.0,0
2025-11-03 22:00,985.0,6,1.0,0
2025-11-03 23:00,985.0,6,1.0,0
2025-11-04 00:00,985.0,6,1.0,0
2025-11-04 01:00,985.0,6,1.0,0
2025-11-04 02:00,985.0,6,1.0,0
2025-11-04 03:00,985.0,6,1.0,0
2025-11-04 04:00,985.0,6,1.0,0
2025-11-04 05:00,985.0,6,1.0,0
2025-11-04 06:00,985.0,6,1.0,0
2025-11-04 07:00,985.0,6,1.0,0
2025-11-04 08:00,985.0,6,1.0,0
2025-11-04 09:00,985.0,6,1.0,0
2025-11-04 10:00,985.0,6,1.0,0
2025-11-04 11:00,985.0,6,1.0,0
2025-11-04 12:00,985.0,6,1.0,0
2025-11-04 13:00,985.0,6,1.0,0
2025-11-04 14:00,985.0,6,1.0,0
2025-11-04 15:00,985.0,6,1.0,0
2025-11-04 16:00,985.0,6,1.0,0
2025-11-04 17:00,985.0,6,1.0,0
2025-11-04 18:00,985.0,6,1.0,0
2025-11-04 19:00,985.0,6,1.0,0
2025-11-04 20:00,985.0,6,1.0,0
2025-11-04 21:00,985.0,6,1.0,0
2025-11-04 22:00,985.0,6,1.0,0
2025-11-04 23:00,985.0,6,1.0,0
2025-11-05 00:00,985.0,6,1.0,0
2025-11-05 01:00,985.0,6,1.0,0
2025-11-05 02:00,985.0,6,1.0,0
2025-11-05 03:00,985.0,6,1.0,0
2025-11-05 04:00,985.0,6,1.0,0
2025-11-05 05:00,985.0,6,1.0,0
2025-11-05 06:00,985.0,6,1.0,0
2025-11-05 07:00,985.0,6,1.0,0
2025-11-05 08:00,985.0,6,1.0,0
2025-11-05 09:00,985.0,6,1.0,0
2025-11-05 10:00,985.0,6,1.0,0
2025-11-05 11:00,985.0,6,1.0,0
2025-11-05 12:00,985.0,6,1.0,0
2025-11-05 13:00,985.0,6,1.0,0
2025-11-05 14:00,985.0,6,1.0,0
2025-11-05 15:00,985.0,6,1.0,0
2025-11-05 16:00,985.0,6,1.0,0
2025-11-05 17:00,985.0,6,1.0,0
2025-11-05 18:00,985.0,6,1.0,0
2025-11-05 19:00,985.0,6,1.0,0
2025-11-05 20:00,985.0,6,1.0,0
2025-11-05 21:00,985.0,6,1.0,0
2025-11-05 22:00,985.0,6,1.0,0
2025-11-05 23:00,985.0,6,1.0,0
2025-11-06 00:00,985.0,6,1.0,0
2025-11-06 01:00,985.0,6,1.0,0
2025-11-06 02:00,985.0,6,1.0,0
2025-11-06 03:00,985.0,6,1.0,0
2025-11-06 04:00,985.0,6,1.0,0
2025-11-06 05:00,985.0,6,1.0,0
2025-11-06 06:00,985.0,6,1.0,0
2025-11-06 07:00,985.0,6,1.0,0
2025-11-06 08:00,985.0,6,1.0,0
2025-11-06 09:00,985.0,6,1.0,0
2025-11-06 10:00,985.0,6,1.0,0
2025-11-06 11:00,985.0,6,1.0,0
2025-11-06 12:00,985.0,6,1.0,0
2025-11-06 13:00,985.0,6,1.0,0
2025-11-06 14:00,985.0,6,1.0,0
2025-11-06 15:00,985.0,6,1.0,0
2025-11-06 16:00,985.0,6,1.0,0
2025-11-06 17:00,985.0,6,1.0,0
2025-11-06 18:00,985.0,6,1.0,0
2025-11-06 19:00,985.0,6,1.0,0
2025-11-06 20:00,985.0,6,1.0,0
2025-11-06 21:00,985.0,6,1.0,0
2025-11-06 22:00,985.0,6,1.0,0
2025-11-06 23:00,985.0,6,1.0,0
2025-11-07 00:00,985.0,6,1.0,0
2025-11-07 01:00,985.0,6,1.0,0
2025-11-07 02:00,985.0,6,1.0,0
2025-11-07 03:00,985.0,6,1.0,0
2025-11-07 04:00,985.0,6,1.0,0
2025-11-07 05:00,985.0,6,1.0,0
2025-11-07 06:00,985.0,6,1.0,0
2025-11-07 07:00,985.0,6,1.0,0
2025-11-07 08:00,985.0,6,1.0,0
2025-11-07 09:00,985.0,6,1.0,0
2025-11-07 10:00,985.0,6,1.0,0
2025-11-07 11:00,985.0,6,1.0,0
2025-11-07 12:00,985.0,6,1.0,0
2025-11-07 13:00,985.0,6,1.0,0
2025-11-07 14:00,985.2,6,1.0,0
2025-11-07 15:00,985.2,6,1.0,0
2025-11-07 16:00,985.4,6,1.0,0
2025-11-07 17:00,985.6,6,1.0,0
2025-11-07 18:00,985.6,6,1.0,0
2025-11-07 19:00,985.8,6,1.0,0
2025-11-07 20:00,985.8,6,1.0,0
2025-11-07 21:00,991.4,6,1.0,0
2025-11-07 22:00,993.4,6,1.0,0
2025-11-07 23:00,993.6,6,1.0,0
2025-11-08 00:00,994.2,6,1.0,0
2025-11-08 01:00,994.2,6,1.0,0
2025-11-08 02:00,994.2,6,1.0,0
2025-11-08 03:00,994.2,6,1.0,0
2025-11-08 04:00,994.2,6,1.0,0
2025-11-08 05:00,994.2,6,1.0,0
2025-11-08 06:00,994.2,6,1.0,0
2025-11-08 07:00,994.2,6,1.0,0
2025-11-08 08:00,994.8,6,1.0,0
2025-11-08 09:00,995.0,6,1.0,0
2025-11-08 10:00,995.0,6,1.0,0
2025-11-08 11:00,995.0,6,1.0,0
2025-11-08 12:00,995.0,6,1.0,0
2025-11-08 13:00,995.0,6,1.0,0
2025-11-08 14:00,995.0,6,1.0,0
2025-11-08 15:00,995.0,6,1.0,0
2025-11-08 16:00,995.6,6,1.0,0
2025-11-08 17:00,995.8,6,1.0,0
2025-11-08 18:00,999.2,6,1.0,0
2025-11-08 19:00,999.6,6,1.0,0
2025-11-08 20:00,999.8,6,1.0,0
2025-11-08 21:00,1001.0,6,1.0,0
2025-11-08 22:00,1010.9,6,1.0,0
2025-11-08 23:00,1021.2,6,1.0,0
2025-11-09 00:00,1023.0,6,1.0,0
2025-11-09 01:00,1023.8,6,1.0,0
2025-11-09 02:00,1023.8,6,1.0,0
2025-11-09 03:00,1023.8,6,1.0,0
2025-11-09 04:00,1023.8,6,1.0,0
2025-11-09 05:00,1023.8,6,1.0,0
2025-11-09 06:00,1024.0,6,1.0,0
2025-11-09 07:00,1024.0,6,1.0,0
2025-11-09 08:00,1024.0,6,1.0,0
2025-11-09 09:00,1024.0,6,1.0,0
2025-11-09 10:00,1024.0,6,1.0,0
2025-11-09 11:00,1024.0,6,1.0,0
2025-11-09 12:00,1024.0,6,1.0,0
2025-11-09 13:00,1024.0,6,1.0,0
2025-11-09 14:00,1024.0,6,1.0,0
2025-11-09 15:00,1024.0,6,1.0,0
2025-11-09 16:00,1024.0,6,1.0,0
2025-11-09 17:00,1024.0,6,1.0,0
2025-11-09 18:00,1024.0,6,1.0,0
2025-11-09 19:00,1024.0,6,1.0,0
2025-11-09 20:00,1024.0,6,1.0,0
2025-11-09 21:00,1024.0,6,1.0,0
2025-11-09 22:00,1024.0,6,1.0,0
2025-11-09 23:00,1024.0,6,1.0,0
2025-11-10 00:00,1024.0,6,1.0,0
2025-11-10 01:00,1024.0,6,1.0,0
2025-11-10 02:00,1024.0,6,1.0,0
2025-11-10 03:00,1024.0,6,1.0,0
2025-11-10 04:00,1024.0,6,1.0,0
2025-11-10 05:00,1024.0,6,1.0,0
2025-11-10 06:00,1024.0,6,1.0,0
2025-11-10 07:00,1024.0,6,1.0,0
2025-11-10 08:00,1024.0,6,1.0,0
2025-11-10 09:00,1024.0,6,1.0,0
2025-11-10 10:00,1024.0,6,1.0,0
2025-11-10 11:00,1024.0,6,1.0,0
2025-11-10 12:00,1024.0,6,1.0,0
2025-11-10 13:00,1024.0,6,1.0,0
2025-11-10 14:00,1024.0,6,1.0,0
2025-11-10 15:00,1024.0,6,1.0,0
2025-11-10 16:00,1024.0,6,1.0,0
2025-11-10 17:00,1024.0,6,1.0,0
2025-11-10 18:00,1024.0,6,1.0,0
2025-11-10 19:00,1024.0,6,1.0,0
2025-11-10 20:00,1024.0,6,1.0,0
2025-11-10 21:00,1024.0,6,1.0,0
2025-11-10 22:00,1024.0,6,1.0,0
2025-11-10 23:00,1024.0,6,1.0,0
2025-11-11 00:00,1024.0,6,1.0,0
2025-11-11 01:00,1024.0,6,1.0,0
2025-11-11 02:00,1024.0,6,1.0,0
2025-11-11 03:00,1024.0,6,1.0,0
2025-11-11 04:00,1024.0,6,1.0,0
2025-11-11 05:00,1024.0,6,1.0,0
2025-11-11 06:00,1024.0,6,1.0,0
2025-11-11 07:00,1024.0,6,1.0,0
2025-11-11 08:00,1024.0,6,1.0,0
2025-11-11 09:00,1024.0,6,1.0,0
2025-11-11 10:00,1024.0,6,1.0,0
2025-11-11 11:00,1024.0,6,1.0,0
2025-11-11 12:00,1024.0,6,1.0,0
2025-11-11 13:00,1024.0,6,1.0,0
2025-11-11 14:00,1024.0,6,1.0,0
2025-11-11 15:00,1024.0,6,1.0,0
2025-11-11 16:00,1024.0,6,1.0,0
2025-11-11 17:00,1024.0,6,1.0,0
2025-11-11 18:00,1024.0,6,1.0,0
2025-11-11 19:00,1024.0,6,1.0,0
2025-11-11 20:00,1024.0,6,1.0,0
2025-11-11 21:00,1024.0,6,1.0,0
2025-11-11 22:00,1024.0,6,1.0,0
2025-11-11 23:00,1024.0,6,1.0,0
2025-11-12 00:00,1024.0,6,1.0,0
2025-11-12 01:00,1024.0,6,1.0,0
2025-11-12 02:00,1024.0,6,1.0,0
2025-11-12 03:00,1024.0,6,1.0,0
2025-11-12 04:00,1024.0,6,1.0,0
2025-11-12 05:00,1024.0,6,1.0,0
2025-11-12 06:00,1024.0,6,1.0,0
2025-11-12 07:00,1024.0,6,1.0,0
2025-11-12 08:00,1024.0,6,1.0,0
2025-11-12 09:00,1024.0,6,1.0,0
2025-11-12 10:00,1024.0,6,1.0,0
2025-11-12 11:00,1024.0,6,1.0,0
2025-11-12 12:00,1024.0,6,1.0,0
2025-11-12 13:00,1024.0,6,1.0,0
2025-11-12 14:00,1024.0,6,1.0,0
2025-11-12 15:00,1024.0,6,1.0,0
2025-11-12 16:00,1024.0,6,1.0,0
2025-11-12 17:00,1024.0,6,1.0,0
2025-11-12 18:00,1024.0,6,1.0,0
2025-11-12 19:00,1024.0,6,1.0,0
2025-11-12 20:00,1024.0,6,1.0,0
2025-11-12 21:00,1024.0,6,1.0,0
2025-11-12 22:00,1024.0,6,1.0,0
2025-11-12 23:00,1024.0,6,1.0,0
2025-11-13 00:00,1024.0,6,1.0,0
2025-11-13 01:00,1024.0,6,1.0,0
2025-11-13 02:00,1024.0,6,1.0,0
2025-11-13 03:00,1024.0,6,1.0,0
2025-11-13 04:00,1024.0,6,1.0,0
2025-11-13 05:00,1024.0,6,1.0,0
2025-11-13 06:00,1024.0,6,1.0,0
2025-11-13 07:00,1024.0,6,1.0,0
2025-11-13 08:00,1024.0,6,1.0,0
2025-11-13 09:00,1024.0,6,1.0,0
2025-11-13 10:00,1024.0,6,1.0,0
2025-11-13 11:00,1024.0,6,1.0,0
2025-11-13 12:00,1024.0,6,1.0,0
2025-11-13 13:00,1024.0,6,1.0,0
2025-11-13 14:00,1024.0,6,1.0,0
2025-11-13 15:00,1024.0,6,1.0,0
2025-11-13 16:00,1024.0,6,1.0,0
2025-11-13 17:00,1024.0,6,1.0,0
2025-11-13 18:00,1024.0,6,1.0,0
2025-11-13 19:00,1024.0,6,1.0,0
2025-11-13 20:00,1024.0,6,1.0,0
2025-11-13 21:00,1024.0,6,1.0,0
2025-11-13 22:00,1024.0,6,1.0,0
2025-11-13 23:00,1024.0,6,1.0,0
2025-11-14 00:00,1024.0,6,1.0,0
2025-11-14 01:00,1024.0,6,1.0,0
2025-11-14 02:00,1024.0,6,1.0,0
2025-11-14 03:00,1024.0,6,1.0,0
2025-11-14 04:00,1024.0,6,1.0,0
2025-11-14 05:00,1024.0,6,1.0,0
2025-11-14 06:00,1024.0,6,1.0,0
2025-11-14 07:00,1024.0,6,1.0,0
2025-11-14 08:00,1024.0,6,1.0,0
2025-11-14 09:00,1024.0,6,1.0,0
2025-11-14 10:00,1024.0,6,1.0,0
2025-11-14 11:00,1024.0,6,1.0,0
2025-11-14 12:00,1024.0,6,1.0,0
2025-11-14 13:00,1024.0,6,1.0,0
2025-11-14 14:00,1024.0,6,1.0,0
2025-11-14 15:00,1024.0,6,1.0,0
2025-11-14 16:00,1024.0,6,1.0,0
2025-11-14 17:00,1024.0,6,1.0,0
2025-11-14 18:00,1024.0,6,1.0,0
2025-11-14 19:00,1024.0,6,1.0,0
2025-11-14 20:00,1024.0,6,1.0,0
2025-11-14 21:00,1024.0,6,1.0,0
2025-11-14 22:00,1024.0,6,1.0,0
2025-11-14 23:00,1024.0,6,1.0,0
2025-11-15 00:00,1024.0,6,1.0,0
2025-11-15 01:00,1024.0,6,1.0,0
2025-11-15 02:00,1024.0,6,1.0,0
2025-11-15 03:00,1024.0,6,1.0,0
2025-11-15 04:00,1024.0,6,1.0,0
2025-11-15 05:00,1024.0,6,1.0,0
2025-11-15 06:00,1024.0,6,1.0,0
2025-11-15 07:00,1024.0,6,1.0,0
2025-11-15 08:00,1024.0,6,1.0,0
2025-11-15 09:00,1024.0,6,1.0,0
2025-11-15 10:00,1024.0,6,1.0,0
2025-11-15 11:00,1024.0,6,1.0,0
2025-11-15 12:00,1024.0,6,1.0,0
2025-11-15 13:00,1024.0,6,1.0,0
2025-11-15 14:00,1024.0,6,1.0,0
2025-11-15 15:00,1024.0,6,1.0,0
2025-11-15 16:00,1024.0,6,1.0,0
2025-11-15 17:00,1024.0,6,1.0,0
2025-11-15 18:00,1024.0,6,1.0,0
2025-11-15 19:00,1024.0,6,1.0,0
2025-11-15 20:00,1024.0,6,1.0,0
2025-11-15 21:00,1024.0,6,1.0,0
2025-11-15 22:00,1024.0,6,1.0,0
2025-11-15 23:00,1024.0,6,1.0,0
2025-11-16 00:00,1024.0,6,1.0,0
2025-11-16 01:00,1024.0,6,1.0,0
2025-11-16 02:00,1024.0,6,1.0,0
2025-11-16 03:00,1024.0,6,1.0,0
2025-11-16 04:00,1024.0,6,1.0,0
2025-11-16 05:00,1024.0,6,1.0,0
2025-11-16 06:00,1024.0,6,1.0,0
2025-11-16 07:00,1024.0,6,1.0,0
2025-11-16 08:00,1024.0,6,1.0,0
2025-11-16 09:00,1024.0,6,1.0,0
2025-11-16 10:00,1024.0,6,1.0,0
2025-11-16 11:00,1024.0,6,1.0,0
2025-11-16 12:00,1024.0,6,1.0,0
2025-11-16 13:00,1024.0,6,1.0,0
2025-11-16 14:00,1024.0,6,1.0,0
2025-11-16 15:00,1024.0,6,1.0,0
2025-11-16 16:00,1024.0,6,1.0,0
2025-11-16 17:00,1024.0,6,1.0,0
2025-11-16 18:00,1024.0,6,1.0,0
2025-11-16 19:00,1024.0,6,1.0,0
2025-11-16 20:00,1024.0,6,1.0,0
2025-11-16 21:00,1024.0,6,1.0,0
2025-11-16 22:00,1024.0,6,1.0,0
2025-11-16 23:00,1024.0,6,1.0,0
2025-11-17 00:00,1024.0,6,1.0,0
2025-11-17 01:00,1024.0,6,1.0,0
2025-11-17 02:00,1024.0,6,1.0,0
2025-11-17 03:00,1024.0,6,1.0,0
2025-11-17 04:00,1024.0,6,1.0,0
2025-11-17 05:00,1024.0,6,1.0,0
2025-11-17 06:00,1024.0,6,1.0,0
2025-11-17 07:00,1024.0,6,1.0,0
2025-11-17 08:00,1024.0,6,1.0,0
2025-11-17 09:00,1024.0,6,1.0,0
2025-11-17 10:00,1024.0,6,1.0,0
2025-11-17 11:00,1024.0,6,1.0,0
2025-11-17 12:00,1024.0,6,1.0,0
2025-11-17 13:00,1024.0,6,1.0,0
2025-11-17 14:00,1024.0,6,1.0,0
2025-11-17 15:00,1024.0,6,1.0,0
2025-11-17 16:00,1024.0,6,1.0,0
2025-11-17 17:00,1024.0,6,1.0,0
2025-11-17 18:00,1024.0,6,1.0,0
2025-11-17 19:00,1024.0,6,1.0,0
2025-11-17 20:00,1024.0,6,1.0,0
2025-11-17 21:00,1024.0,6,1.0,0
2025-11-17 22:00,1024.0,6,1.0,0
2025-11-17 23:00,1024.0,6,1.0,0
2025-11-18 00:00,1024.0,6,1.0,0
2025-11-18 01:00,1024.0,6,1.0,0
2025-11-18 02:00,1024.0,6,1.0,0
2025-11-18 03:00,1024.0,6,1.0,0
2025-11-18 04:00,1024.2,6,1.0,0
2025-11-18 05:00,1024.2,6,1.0,0
2025-11-18 06:00,1024.2,6,1.0,0
2025-11-18 07:00,1024.6,6,1.0,0
2025-11-18 08:00,1024.8,6,1.0,0
2025-11-18 09:00,1028.7,6,1.0,0
2025-11-18 10:00,1070.2,6,1.0,0
2025-11-18 11:00,1084.0,6,1.0,0
2025-11-18 12:00,1086.8,6,1.0,0
2025-11-18 13:00,1087.0,6,1.0,0
2025-11-18 14:00,1087.0,6,1.0,0
2025-11-18 15:00,1087.0,6,1.0,0
2025-11-18 16:00,1087.0,6,1.0,0
2025-11-18 17:00,1087.0,6,1.0,0
2025-11-18 18:00,1087.0,6,1.0,0
2025-11-18 19:00,1087.0,6,1.0,0
2025-11-18 20:00,1088.4,6,1.0,0
2025-11-18 21:00,1089.2,6,1.0,0
2025-11-18 22:00,1089.4,6,1.0,0
2025-11-18 23:00,1089.6,6,1.0,0
2025-11-19 00:00,1091.6,6,1.0,0
2025-11-19 01:00,1092.2,6,1.0,0
2025-11-19 02:00,1092.4,6,1.0,0
2025-11-19 03:00,1092.4,6,1.0,0
2025-11-19 04:00,1092.4,6,1.0,0
2025-11-19 05:00,1092.4,6,1.0,0
2025-11-19 06:00,1092.4,6,1.0,0
2025-11-19 07:00,1092.4,6,1.0,0
2025-11-19 08:00,1092.4,6,1.0,0
2025-11-19 09:00,1092.4,6,1.0,0
2025-11-19 10:00,1092.4,6,1.0,0
2025-11-19 11:00,1092.4,6,1.0,0
2025-11-19 12:00,1092.4,6,1.0,0
2025-11-19 13:00,1092.4,6,1.0,0
2025-11-19 14:00,1092.4,6,1.0,0
2025-11-19 15:00,1092.4,6,1.0,0
2025-11-19 16:00,1093.0,6,1.0,0
2025-11-19 17:00,1093.0,6,1.0,0
2025-11-19 18:00,1098.3,6,1.0,0
2025-11-19 19:00,1098.5,6,1.0,0
2025-11-19 20:00,1098.5,6,1.0,0
2025-11-19 21:00,1098.7,6,1.0,0
2025-11-19 22:00,1098.7,6,1.0,0
2025-11-19 23:00,1098.7,6,1.0,0
2025-11-20 00:00,1098.7,6,1.0,0
2025-11-20 01:00,1098.7,6,1.0,0
2025-11-20 02:00,1098.7,6,1.0,0
2025-11-20 03:00,1098.7,6,1.0,0
2025-11-20 04:00,1098.7,6,1.0,0
2025-11-20 05:00,1098.7,6,1.0,0
2025-11-20 06:00,1098.7,6,1.0,0
2025-11-20 07:00,1098.7,6,1.0,0
2025-11-20 08:00,1098.7,6,1.0,0
2025-11-20 09:00,1098.7,6,1.0,0
2025-11-20 10:00,1098.7,6,1.0,0
2025-11-20 11:00,1098.7,6,1.0,0
2025-11-20 12:00,1098.7,6,1.0,0
2025-11-20 13:00,1098.7,6,1.0,0
2025-11-20 14:00,1098.7,6,1.0,0
2025-11-20 15:00,1098.7,6,1.0,0
2025-11-20 16:00,1103.6,6,1.0,0
2025-11-20 17:00,1106.2,6,1.0,0
2025-11-20 18:00,1106.6,6,1.0,0
2025-11-20 19:00,1107.0,6,1.0,0
2025-11-20 20:00,1111.4,6,1.0,0
2025-11-20 21:00,1111.6,6,1.0,0
2025-11-20 22:00,1111.6,6,1.0,0
2025-11-20 23:00,1111.8,6,1.0,0
2025-11-21 00:00,1111.8,6,1.0,0
2025-11-21 01:00,1112.6,6,1.0,0
2025-11-21 02:00,1116.4,6,1.0,0
2025-11-21 03:00,1119.0,6,1.0,0
2025-11-21 04:00,1120.0,6,1.0,0
2025-11-21 05:00,1120.2,6,1.0,0
2025-11-21 06:00,1120.2,6,1.0,0
2025-11-21 07:00,1120.8,6,1.0,0
2025-11-21 08:00,1123.2,6,1.0,0
2025-11-21 09:00,1126.2,6,1.0,0
2025-11-21 10:00,1128.0,6,1.0,0
2025-11-21 11:00,1128.2,6,1.0,0
2025-11-21 12:00,1128.6,6,1.0,0
2025-11-21 13:00,1129.0,6,1.0,0
2025-11-21 14:00,1129.0,6,1.0,0
2025-11-21 15:00,1129.0,6,1.0,0
2025-11-21 16:00,1129.6,6,1.0,0
2025-11-21 17:00,1132.0,6,1.0,0
2025-11-21 18:00,1132.2,6,1.0,0
2025-11-21 19:00,1133.4,6,1.0,0
2025-11-21 20:00,1135.2,6,1.0,0
2025-11-21 21:00,1136.4,6,1.0,0
2025-11-21 22:00,1136.6,6,1.0,0
2025-11-21 23:00,1136.6,6,1.0,0
2025-11-22 00:00,1136.6,6,1.0,0
2025-11-22 01:00,1138.2,6,1.0,0
2025-11-22 02:00,1148.1,6,1.0,0
2025-11-22 03:00,1148.5,6,1.0,0
2025-11-22 04:00,1148.5,6,1.0,0
2025-11-22 05:00,1149.3,6,1.0,0
2025-11-22 06:00,1149.5,6,1.0,0
2025-11-22 07:00,1151.1,6,1.0,0
2025-11-22 08:00,1151.1,6,1.0,0
2025-11-22 09:00,1152.9,6,1.0,0
2025-11-22 10:00,1153.5,6,1.0,0
2025-11-22 11:00,1155.1,6,1.0,0
2025-11-22 12:00,1155.9,6,1.0,0
2025-11-22 13:00,1156.9,6,1.0,0
2025-11-22 14:00,1159.9,6,1.0,0
2025-11-22 15:00,1160.3,6,1.0,0
2025-11-22 16:00,1160.5,6,1.0,0
2025-11-22 17:00,1160.9,6,1.0,0
2025-11-22 18:00,1160.9,6,1.0,0
2025-11-22 19:00,1160.9,6,1.0,0
2025-11-22 20:00,1160.9,6,1.0,0
2025-11-22 21:00,1161.1,6,1.0,0
2025-11-22 22:00,1161.1,6,1.0,0
2025-11-22 23:00,1161.1,6,1.0,0
2025-11-23 00:00,1161.1,6,1.0,0
2025-11-23 01:00,1161.1,6,1.0,0
2025-11-23 02:00,1161.1,6,1.0,0
2025-11-23 03:00,1161.1,6,1.0,0
2025-11-23 04:00,1161.1,6,1.0,0
2025-11-23 05:00,1161.1,6,1.0,0
2025-11-23 06:00,1161.1,6,1.0,0
2025-11-23 07:00,1161.1,6,1.0,0
2025-11-23 08:00,1161.3,6,1.0,0
2025-11-23 09:00,1161.3,6,1.0,0
2025-11-23 10:00,1161.3,6,1.0,0
2025-11-23 11:00,1161.3,6,1.0,0
2025-11-23 12:00,1161.3,6,1.0,0
2025-11-23 13:00,1161.3,6,1.0,0
2025-11-23 14:00,1161.3,6,1.0,0
2025-11-23 15:00,1161.3,6,1.0,0
2025-11-23 16:00,1161.3,6,1.0,0
2025-11-23 17:00,1161.3,6,1.0,0
2025-11-23 18:00,1161.3,6,1.0,0
2025-11-23 19:00,1161.3,6,1.0,0
2025-11-23 20:00,1161.3,6,1.0,0
2025-11-23 21:00,1161.3,6,1.0,0
2025-11-23 22:00,1161.3,6,1.0,0
2025-11-23 23:00,1161.3,6,1.0,0
2025-11-24 00:00,1161.3,6,1.0,0
2025-11-24 01:00,1161.3,6,1.0,0
2025-11-24 02:00,1161.3,6,1.0,0
2025-11-24 03:00,1161.3,6,1.0,0
2025-11-24 04:00,1161.3,6,1.0,0
2025-11-24 05:00,1161.3,6,1.0,0
2025-11-24 06:00,1164.1,6,1.0,0
2025-11-24 07:00,1165.1,6,1.0,0
2025-11-24 08:00,1169.1,6,1.0,0
2025-11-24 09:00,1170.5,6,1.0,0
2025-11-24 10:00,1171.1,6,1.0,0
2025-11-24 11:00,1176.1,6,1.0,0
2025-11-24 12:00,1176.7,6,1.0,0
2025-11-24 13:00,1184.0,6,1.0,0
2025-11-24 14:00,1190.8,6,1.0,0
2025-11-24 15:00,1203.1,6,1.0,0
2025-11-24 16:00,1208.7,6,1.0,0
2025-11-24 17:00,1216.9,6,1.0,0
2025-11-24 18:00,1222.5,6,1.0,0
2025-11-24 19:00,1222.7,6,1.0,0
2025-11-24 20:00,1224.7,6,1.0,0
2025-11-24 21:00,1227.0,6,1.0,0
2025-11-24 22:00,1227.2,6,1.0,0
2025-11-24 23:00,1227.2,6,1.0,0
2025-11-25 00:00,1227.2,6,1.0,0
2025-11-25 01:00,1227.2,6,1.0,0
2025-11-25 02:00,1227.2,6,1.0,0
2025-11-25 03:00,1228.4,6,1.0,0
2025-11-25 04:00,1240.3,6,1.0,0
2025-11-25 05:00,1248.5,6,1.0,0
2025-11-25 06:00,1255.5,6,1.0,0
2025-11-25 07:00,1256.9,6,1.0,0
2025-11-25 08:00,1259.5,6,1.0,0
2025-11-25 09:00,1260.1,6,1.0,0
2025-11-25 10:00,1260.5,6,1.0,0
2025-11-25 11:00,1260.7,6,1.0,0
2025-11-25 12:00,1261.7,6,1.0,0
2025-11-25 13:00,1262.7,6,1.0,0
2025-11-25 14:00,1262.7,6,1.0,0
2025-11-25 15:00,1274.3,6,1.0,0
2025-11-25 16:00,1292.8,6,1.0,0
2025-11-25 17:00,1297.6,6,1.0,0
2025-11-25 18:00,1299.8,6,1.0,0
2025-11-25 19:00,1307.8,6,1.0,0
2025-11-25 20:00,1313.4,6,1.0,0
2025-11-25 21:00,1315.4,6,1.0,0
2025-11-25 22:00,1318.0,6,1.0,0
2025-11-25 23:00,1318.0,6,1.0,0
2025-11-26 00:00,1318.0,6,1.0,0
2025-11-26 01:00,1318.2,6,1.0,0
2025-11-26 02:00,1318.2,6,1.0,0
2025-11-26 03:00,1318.2,6,1.0,0
2025-11-26 04:00,1318.4,6,1.0,0
2025-11-26 05:00,1318.4,6,1.0,0
2025-11-26 06:00,1319.8,6,1.0,0
2025-11-26 07:00,1320.6,6,1.0,0
2025-11-26 08:00,1320.6,6,1.0,0
2025-11-26 09:00,1320.8,6,1.0,0
2025-11-26 10:00,1320.8,6,1.0,0
2025-11-26 11:00,1320.8,6,1.0,0
2025-11-26 12:00,1320.8,6,1.0,0
2025-11-26 13:00,1320.8,6,1.0,0
2025-11-26 14:00,1321.4,6,1.0,0
2025-11-26 15:00,1322.6,6,1.0,0
2025-11-26 16:00,1324.2,6,1.0,0
2025-11-26 17:00,1324.4,6,1.0,0
2025-11-26 18:00,1324.6,6,1.0,0
2025-11-26 19:00,1324.6,6,1.0,0
2025-11-26 20:00,1331.0,6,1.0,0
2025-11-26 21:00,1333.8,6,1.0,0
2025-11-26 22:00,1335.2,6,1.0,0
2025-11-26 23:00,1335.2,6,1.0,0
2025-11-27 00:00,1335.2,6,1.0,0
2025-11-27 01:00,1335.4,6,1.0,0
2025-11-27 02:00,1335.4,6,1.0,0
2025-11-27 03:00,1335.4,6,1.0,0
2025-11-27 04:00,1335.4,6,1.0,0
2025-11-27 05:00,1335.4,6,1.0,0
2025-11-27 06:00,1335.4,6,1.0,0
2025-11-27 07:00,1335.4,6,1.0,0
2025-11-27 08:00,1335.4,6,1.0,0
2025-11-27 09:00,1335.4,6,1.0,0
2025-11-27 10:00,1335.4,6,1.0,0
2025-11-27 11:00,1335.4,6,1.0,0
2025-11-27 12:00,1335.4,6,1.0,0
2025-11-27 13:00,1335.4,6,1.0,0
2025-11-27 14:00,1335.4,6,1.0,0
2025-11-27 15:00,1335.4,6,1.0,0
2025-11-27 16:00,1335.4,6,1.0,0
2025-11-27 17:00,1335.4,6,1.0,0
2025-11-27 18:00,1335.4,6,1.0,0
2025-11-27 19:00,1335.4,6,1.0,0
2025-11-27 20:00,1335.4,6,1.0,0
2025-11-27 21:00,1335.4,6,1.0,0
2025-11-27 22:00,1335.4,6,1.0,0
2025-11-27 23:00,1335.4,6,1.0,0
2025-11-28 00:00,1335.4,6,1.0,0
2025-11-28 01:00,1335.4,6,1.0,0
2025-11-28 02:00,1335.4,6,1.0,0
2025-11-28 03:00,1335.4,6,1.0,0
2025-11-28 04:00,1335.4,6,1.0,0
2025-11-28 05:00,1335.4,6,1.0,0
2025-11-28 06:00,1335.4,6,1.0,0
2025-11-28 07:00,1335.4,6,1.0,0
2025-11-28 08:00,1335.4,6,1.0,0
2025-11-28 09:00,1335.4,6,1.0,0
2025-11-28 10:00,1335.4,6,1.0,0
2025-11-28 11:00,1335.4,6,1.0,0
2025-11-28 12:00,1335.4,6,1.0,0
2025-11-28 13:00,1335.4,6,1.0,0
2025-11-28 14:00,1335.4,6,1.0,0
2025-11-28 15:00,1335.4,6,1.0,0
2025-11-28 16:00,1335.4,6,1.0,0
2025-11-28 17:00,1335.4,6,1.0,0
2025-11-28 18:00,1335.4,6,1.0,0
2025-11-28 19:00,1335.4,6,1.0,0
2025-11-28 20:00,1335.4,6,1.0,0
2025-11-28 21:00,1335.4,6,1.0,0
2025-11-28 22:00,1335.4,6,1.0,0
2025-11-28 23:00,1335.4,6,1.0,0
2025-11-29 00:00,1335.4,6,1.0,0
2025-11-29 01:00,1335.4,6,1.0,0
2025-11-29 02:00,1335.4,6,1.0,0
2025-11-29 03:00,1335.4,6,1.0,0
2025-11-29 04:00,1335.4,6,1.0,0
2025-11-29 05:00,1335.4,6,1.0,0
2025-11-29 06:00,1335.4,6,1.0,0
2025-11-29 07:00,1335.4,6,1.0,0
2025-11-29 08:00,1335.4,6,1.0,0
2025-11-29 09:00,1335.4,6,1.0,0
2025-11-29 10:00,1335.4,6,1.0,0
2025-11-29 11:00,1335.4,6,1.0,0
2025-11-29 12:00,1335.4,6,1.0,0
2025-11-29 13:00,1335.4,6,1.0,0
2025-11-29 14:00,1335.4,6,1.0,0
2025-11-29 15:00,1335.4,6,1.0,0
2025-11-29 16:00,1335.4,6,1.0,0
2025-11-29 17:00,1335.4,6,1.0,0
2025-11-29 18:00,1335.4,6,1.0,0
2025-11-29 19:00,1335.4,6,1.0,0
2025-11-29 20:00,1335.4,6,1.0,0
2025-11-29 21:00,1335.4,6,1.0,0
2025-11-29 22:00,1335.4,6,1.0,0
2025-11-29 23:00,1335.4,6,1.0,0
2025-11-30 00:00,1335.4,6,1.0,0
2025-11-30 01:00,1335.4,6,1.0,0
2025-11-30 02:00,1335.4,6,1.0,0
2025-11-30 03:00,1335.4,6,1.0,0
2025-11-30 04:00,1335.4,6,1.0,0
2025-11-30 05:00,1335.4,6,1.0,0
2025-11-30 06:00,1335.4,6,1.0,0
2025-11-30 07:00,1335.4,6,1.0,0
2025-11-30 08:00,1335.4,6,1.0,0
2025-11-30 09:00,1335.4,6,1.0,0
2025-11-30 10:00,1335.4,6,1.0,0
2025-11-30 11:00,1335.4,6,1.0,0
2025-11-30 12:00,1335.4,6,1.0,0
2025-11-30 13:00,1335.4,6,1.0,0
2025-11-30 14:00,1335.4,6,1.0,0
2025-11-30 15:00,1335.4,6,1.0,0
2025-11-30 16:00,1335.4,6,1.0,0
2025-11-30 17:00,1335.4,6,1.0,0
2025-11-30 18:00,1335.4,6,1.0,0
2025-11-30 19:00,1335.4,6,1.0,0
2025-11-30 20:00,1335.4,6,1.0,0
2025-11-30 21:00,1335.4,6,1.0,0
2025-11-30 22:00,1335.4,6,1.0,0
2025-11-30 23:00,1335.4,6,1.0,0
2025-12-01 00:00,1335.4,6,1.0,0
2025-12-01 01:00,1335.4,6,1.0,0
2025-12-01 02:00,1335.4,6,1.0,0
2025-12-01 03:00,1335.4,6,1.0,0
2025-12-01 04:00,1335.4,6,1.0,0
2025-12-01 05:00,1335.4,6,1.0,0
2025-12-01 06:00,1335.4,6,1.0,0
2025-12-01 07:00,1335.4,6,1.0,0
2025-12-01 08:00,1335.4,6,1.0,0
2025-12-01 09:00,1335.4,6,1.0,0
2025-12-01 10:00,1335.4,6,1.0,0
2025-12-01 11:00,1335.4,6,1.0,0
2025-12-01 12:00,1335.4,6,1.0,0
2025-12-01 13:00,1335.4,6,1.0,0
2025-12-01 14:00,1335.4,6,1.0,0
2025-12-01 15:00,1335.4,6,1.0,0
2025-12-01 16:00,1335.4,6,1.0,0
2025-12-01 17:00,1335.4,6,1.0,0
2025-12-01 18:00,1335.4,6,1.0,0
2025-12-01 19:00,1335.4,6,1.0,0
2025-12-01 20:00,1335.4,6,1.0,0
2025-12-01 21:00,1335.4,6,1.0,0
2025-12-01 22:00,1335.4,6,1.0,0
2025-12-01 23:00,1336.6,6,1.0,0
2025-12-02 00:00,1337.2,6,1.0,0
2025-12-02 01:00,1337.2,6,1.0,0
2025-12-02 02:00,1337.4,6,1.0,0
2025-12-02 03:00,1337.6,6,1.0,0
2025-12-02 04:00,1342.4,6,1.0,0
2025-12-02 05:00,1342.6,6,1.0,0
2025-12-02 06:00,1342.6,6,1.0,0
2025-12-02 07:00,1342.8,6,1.0,0
2025-12-02 08:00,1343.0,6,1.0,0
2025-12-02 09:00,1350.3,6,1.0,0
2025-12-02 10:00,1358.9,6,1.0,0
2025-12-02 11:00,1362.9,6,1.0,0
2025-12-02 12:00,1363.1,6,1.0,0
2025-12-02 13:00,1363.1,6,1.0,0
2025-12-02 14:00,1366.5,6,1.0,0
2025-12-02 15:00,1370.9,6,1.0,0
2025-12-02 16:00,1372.9,6,1.0,0
2025-12-02 17:00,1374.3,6,1.0,0
2025-12-02 18:00,1374.7,6,1.0,0
2025-12-02 19:00,1374.7,6,1.0,0
2025-12-02 20:00,1376.1,6,1.0,0
2025-12-02 21:00,1377.5,6,1.0,0
2025-12-02 22:00,1377.5,6,1.0,0
2025-12-02 23:00,1377.5,6,1.0,0
2025-12-03 00:00,1377.5,6,1.0,0
2025-12-03 01:00,1377.5,6,1.0,0
2025-12-03 02:00,1377.5,6,1.0,0
2025-12-03 03:00,1377.5,6,1.0,0
2025-12-03 04:00,1377.7,6,1.0,0
2025-12-03 05:00,1377.7,6,1.0,0
2025-12-03 06:00,1377.7,6,1.0,0
2025-12-03 07:00,1377.7,6,1.0,0
2025-12-03 08:00,1377.7,6,1.0,0
2025-12-03 09:00,1377.7,6,1.0,0
2025-12-03 10:00,1377.7,6,1.0,0
2025-12-03 11:00,1377.7,6,1.0,0
2025-12-03 12:00,1377.7,6,1.0,0
2025-12-03 13:00,1377.7,6,1.0,0
2025-12-03 14:00,1377.7,6,1.0,0
2025-12-03 15:00,1377.7,6,1.0,0
2025-12-03 16:00,1377.7,6,1.0,0
2025-12-03 17:00,1377.7,6,1.0,0
2025-12-03 18:00,1377.7,6,1.0,0
2025-12-03 19:00,1377.7,6,1.0,0
2025-12-03 20:00,1377.7,6,1.0,0
2025-12-03 21:00,1377.7,6,1.0,0
2025-12-03 22:00,1377.7,6,1.0,0
2025-12-03 23:00,1377.7,6,1.0,0
2025-12-04 00:00,1377.7,6,1.0,0
2025-12-04 01:00,1377.7,6,1.0,0
2025-12-04 02:00,1377.7,6,1.0,0
2025-12-04 03:00,1377.7,6,1.0,0
2025-12-04 04:00,1377.7,6,1.0,0
2025-12-04 05:00,1377.7,6,1.0,0
2025-12-04 06:00,1377.7,6,1.0,0
2025-12-04 07:00,1377.7,6,1.0,0
2025-12-04 08:00,1377.9,6,1.0,0
2025-12-04 09:00,1377.9,6,1.0,0
2025-12-04 10:00,1377.9,6,1.0,0
2025-12-04 11:00,1377.9,6,1.0,0
2025-12-04 12:00,1377.9,6,1.0,0
2025-12-04 13:00,1377.9,6,1.0,0
2025-12-04 14:00,1377.9,6,1.0,0
2025-12-04 15:00,1377.9,6,1.0,0
2025-12-04 16:00,1377.9,6,1.0,0
2025-12-04 17:00,1377.9,6,1.0,0
2025-12-04 18:00,1377.9,6,1.0,0
2025-12-04 19:00,1377.9,6,1.0,0
2025-12-04 20:00,1377.9,6,1.0,0
2025-12-04 21:00,1378.5,6,1.0,0
2025-12-04 22:00,1378.7,6,1.0,0
2025-12-04 23:00,1378.7,6,1.0,0
2025-12-05 00:00,1381.3,6,1.0,0
2025-12-05 01:00,1384.5,6,1.0,0
2025-12-05 02:00,1385.5,6,1.0,0
2025-12-05 03:00,1385.5,6,1.0,0
2025-12-05 04:00,1385.5,6,1.0,0
2025-12-05 05:00,1385.5,6,1.0,0
2025-12-05 06:00,1385.5,6,1.0,0
2025-12-05 07:00,1385.5,6,1.0,0
2025-12-05 08:00,1385.5,6,1.0,0
2025-12-05 09:00,1385.5,6,1.0,0
2025-12-05 10:00,1385.5,6,1.0,0
2025-12-05 11:00,1385.5,6,1.0,0
2025-12-05 12:00,1385.5,6,1.0,0
2025-12-05 13:00,1385.5,6,1.0,0
2025-12-05 14:00,1385.5,6,1.0,0
2025-12-05 15:00,1385.5,6,1.0,0
2025-12-05 16:00,1385.5,6,1.0,0
2025-12-05 17:00,1385.5,6,1.0,0
2025-12-05 18:00,1385.5,6,1.0,0
2025-12-05 19:00,1385.5,6,1.0,0
2025-12-05 20:00,1385.5,6,1.0,0
2025-12-05 21:00,1385.5,6,1.0,0
2025-12-05 22:00,1385.5,6,1.0,0
2025-12-05 23:00,1385.5,6,1.0,0
2025-12-06 00:00,1385.5,6,1.0,0
2025-12-06 01:00,1385.5,6,1.0,0
2025-12-06 02:00,1385.5,6,1.0,0
2025-12-06 03:00,1385.5,6,1.0,0
2025-12-06 04:00,1385.5,6,1.0,0
2025-12-06 05:00,1385.5,6,1.0,0
2025-12-06 06:00,1385.5,6,1.0,0
2025-12-06 07:00,1385.5,6,1.0,0
2025-12-06 08:00,1385.5,6,1.0,0
2025-12-06 09:00,1385.5,6,1.0,0
2025-12-06 10:00,1385.5,6,1.0,0
2025-12-06 11:00,1385.5,6,1.0,0
2025-12-06 12:00,1385.5,6,1.0,0
2025-12-06 13:00,1385.5,6,1.0,0
2025-12-06 14:00,1385.5,6,1.0,0
2025-12-06 15:00,1385.5,6,1.0,0
2025-12-06 16:00,1385.5,6,1.0,0
2025-12-06 17:00,1385.5,6,1.0,0
2025-12-06 18:00,1385.5,6,1.0,0
2025-12-06 19:00,1385.5,6,1.0,0
2025-12-06 20:00,1385.5,6,1.0,0
2025-12-06 21:00,1385.5,6,1.0,0
2025-12-06 22:00,1385.5,6,1.0,0
2025-12-06 23:00,1385.5,6,1.0,0
2025-12-07 00:00,1385.5,6,1.0,0
2025-12-07 01:00,1385.5,6,1.0,0
2025-12-07 02:00,1385.5,6,1.0,0
2025-12-07 03:00,1385.5,6,1.0,0
2025-12-07 04:00,1385.5,6,1.0,0
2025-12-07 05:00,1385.5,6,1.0,0
2025-12-07 06:00,1385.5,6,1.0,0
2025-12-07 07:00,1385.5,6,1.0,0
2025-12-07 08:00,1385.5,6,1.0,0
2025-12-07 09:00,1385.5,6,1.0,0
2025-12-07 10:00,1385.5,6,1.0,0
2025-12-07 11:00,1385.5,6,1.0,0
2025-12-07 12:00,1385.5,6,1.0,0
2025-12-07 13:00,1385.5,6,1.0,0
2025-12-07 14:00,1385.5,6,1.0,0
2025-12-07 15:00,1385.5,6,1.0,0
2025-12-07 16:00,1385.5,6,1.0,0
2025-12-07 17:00,1385.5,6,1.0,0
2025-12-07 18:00,1385.5,6,1.0,0
2025-12-07 19:00,1385.5,6,1.0,0
2025-12-07 20:00,1385.5,6,1.0,0
2025-12-07 21:00,1385.5,6,1.0,0
2025-12-07 22:00,1385.5,6,1.0,0
2025-12-07 23:00,1385.5,6,1.0,0
2025-12-08 00:00,1385.5,6,1.0,0
2025-12-08 01:00,1385.5,6,1.0,0
2025-12-08 02:00,1385.5,6,1.0,0
2025-12-08 03:00,1385.5,6,1.0,0
2025-12-08 04:00,1385.5,6,1.0,0
2025-12-08 05:00,1385.5,6,1.0,0
2025-12-08 06:00,1385.5,6,1.0,0
2025-12-08 07:00,1385.5,6,1.0,0
2025-12-08 08:00,1385.5,6,1.0,0
2025-12-08 09:00,1385.5,6,1.0,0
2025-12-08 10:00,1385.5,6,1.0,0
2025-12-08 11:00,1385.5,6,1.0,0
2025-12-08 12:00,1385.5,6,1.0,0
2025-12-08 13:00,1385.5,6,1.0,0
2025-12-08 14:00,1385.5,6,1.0,0
2025-12-08 15:00,1385.5,6,1.0,0
2025-12-08 16:00,1385.5,6,1.0,0
2025-12-08 17:00,1385.5,6,1.0,0
2025-12-08 18:00,1385.5,6,1.0,0
2025-12-08 19:00,1385.5,6,1.0,0
2025-12-08 20:00,1385.5,6,1.0,0
2025-12-08 21:00,1385.5,6,1.0,0
2025-12-08 22:00,1385.5,6,1.0,0
2025-12-08 23:00,1385.5,6,1.0,0
2025-12-09 00:00,1385.5,6,1.0,0
2025-12-09 01:00,1385.5,6,1.0,0
2025-12-09 02:00,1385.5,6,1.0,0
2025-12-09 03:00,1385.5,6,1.0,0
2025-12-09 04:00,1385.5,6,1.0,0
2025-12-09 05:00,1385.5,6,1.0,0
2025-12-09 06:00,1385.5,6,1.0,0
2025-12-09 07:00,1385.5,6,1.0,0
2025-12-09 08:00,1385.5,6,1.0,0
2025-12-09 09:00,1385.5,6,1.0,0
2025-12-09 10:00,1385.5,6,1.0,0
2025-12-09 11:00,1385.5,6,1.0,0
2025-12-09 12:00,1385.5,6,1.0,0
2025-12-09 13:00,1385.5,6,1.0,0
2025-12-09 14:00,1385.5,6,1.0,0
2025-12-09 15:00,1385.5,6,1.0,0
2025-12-09 16:00,1385.5,6,1.0,0
2025-12-09 17:00,1385.5,6,1.0,0
2025-12-09 18:00,1385.5,6,1.0,0
2025-12-09 19:00,1385.5,6,1.0,0
2025-12-09 20:00,1385.5,6,1.0,0
2025-12-09 21:00,1385.5,6,1.0,0
2025-12-09 22:00,1385.5,6,1.0,0
2025-12-09 23:00,1385.5,6,1.0,0
2025-12-10 00:00,1385.5,6,1.0,0
2025-12-10 01:00,1385.5,6,1.0,0
2025-12-10 02:00,1385.5,6,1.0,0
2025-12-10 03:00,1385.5,6,1.0,0
2025-12-10 04:00,1385.5,6,1.0,0
2025-12-10 05:00,1385.5,6,1.0,0
2025-12-10 06:00,1385.5,6,1.0,0
2025-12-10 07:00,1385.5,6,1.0,0
2025-12-10 08:00,1385.5,6,1.0,0
2025-12-10 09:00,1385.5,6,1.0,0
2025-12-10 10:00,1385.5,6,1.0,0
2025-12-10 11:00,1385.5,6,1.0,0
2025-12-10 12:00,1385.5,6,1.0,0
2025-12-10 13:00,1385.5,6,1.0,0
2025-12-10 14:00,1385.5,6,1.0,0
2025-12-10 15:00,1385.5,6,1.0,0
2025-12-10 16:00,1385.5,6,1.0,0
2025-12-10 17:00,1385.5,6,1.0,0
2025-12-10 18:00,1385.5,6,1.0,0
2025-12-10 19:00,1385.5,6,1.0,0
2025-12-10 20:00,1385.5,6,1.0,0
2025-12-10 21:00,1385.5,6,1.0,0
2025-12-10 22:00,1385.5,6,1.0,0
2025-12-10 23:00,1385.5,6,1.0,0
2025-12-11 00:00,1385.5,6,1.0,0
2025-12-11 01:00,1385.5,6,1.0,0
2025-12-11 02:00,1385.5,6,1.0,0
2025-12-11 03:00,1385.5,6,1.0,0
2025-12-11 04:00,1385.5,6,1.0,0
2025-12-11 05:00,1385.5,6,1.0,0
2025-12-11 06:00,1385.5,6,1.0,0
2025-12-11 07:00,1385.5,6,1.0,0
2025-12-11 08:00,1385.5,6,1.0,0
2025-12-11 09:00,1385.5,6,1.0,0
2025-12-11 10:00,1385.5,6,1.0,0
2025-12-11 11:00,1385.5,6,1.0,0
2025-12-11 12:00,1385.5,6,1.0,0
2025-12-11 13:00,1385.5,6,1.0,0
2025-12-11 14:00,1385.5,6,1.0,0
2025-12-11 15:00,1385.5,6,1.0,0
2025-12-11 16:00,1385.5,6,1.0,0
2025-12-11 17:00,1385.5,6,1.0,0
2025-12-11 18:00,1385.5,6,1.0,0
2025-12-11 19:00,1385.5,6,1.0,0
2025-12-11 20:00,1385.5,6,1.0,0
2025-12-11 21:00,1385.5,6,1.0,0
2025-12-11 22:00,1385.5,6,1.0,0
2025-12-11 23:00,1385.5,6,1.0,0
2025-12-12 00:00,1385.5,6,1.0,0
2025-12-12 01:00,1385.5,6,1.0,0
2025-12-12 02:00,1385.5,6,1.0,0
2025-12-12 03:00,1385.5,6,1.0,0
2025-12-12 04:00,1385.5,6,1.0,0
2025-12-12 05:00,1385.5,6,1.0,0
2025-12-12 06:00,1385.5,6,1.0,0
2025-12-12 07:00,1385.5,6,1.0,0
2025-12-12 08:00,1385.5,6,1.0,0
2025-12-12 09:00,1385.5,6,1.0,0
2025-12-12 10:00,1385.5,6,1.0,0
2025-12-12 11:00,1385.5,6,1.0,0
2025-12-12 12:00,1385.5,6,1.0,0
2025-12-12 13:00,1385.5,6,1.0,0
2025-12-12 14:00,1385.5,6,1.0,0
2025-12-12 15:00,1385.5,6,1.0,0
2025-12-12 16:00,1385.5,6,1.0,0
2025-12-12 17:00,1385.5,6,1.0,0
2025-12-12 18:00,1385.5,6,1.0,0
2025-12-12 19:00,1385.5,6,1.0,0
2025-12-12 20:00,1385.5,6,1.0,0
2025-12-12 21:00,1385.5,6,1.0,0
2025-12-12 22:00,1385.5,6,1.0,0
2025-12-12 23:00,1385.5,6,1.0,0
2025-12-13 00:00,1385.5,6,1.0,0
2025-12-13 01:00,1385.5,6,1.0,0
2025-12-13 02:00,1385.5,6,1.0,0
2025-12-13 03:00,1385.5,6,1.0,0
2025-12-13 04:00,1385.5,6,1.0,0
2025-12-13 05:00,1385.5,6,1.0,0
2025-12-13 06:00,1385.5,6,1.0,0
2025-12-13 07:00,1385.5,6,1.0,0
2025-12-13 08:00,1385.5,6,1.0,0
2025-12-13 09:00,1385.5,6,1.0,0
2025-12-13 10:00,1385.5,6,1.0,0
2025-12-13 11:00,1385.5,6,1.0,0
2025-12-13 12:00,1385.5,6,1.0,0
2025-12-13 13:00,1385.5,6,1.0,0
2025-12-13 14:00,1385.5,6,1.0,0
2025-12-13 15:00,1385.5,6,1.0,0
2025-12-13 16:00,1385.5,6,1.0,0
2025-12-13 17:00,1385.5,6,1.0,0
2025-12-13 18:00,1385.5,6,1.0,0
2025-12-13 19:00,1385.5,6,1.0,0
2025-12-13 20:00,1385.5,6,1.0,0
2025-12-13 21:00,1385.5,6,1.0,0
2025-12-13 22:00,1385.5,6,1.0,0
2025-12-13 23:00,1385.5,6,1.0,0
2025-12-14 00:00,1385.5,6,1.0,0
2025-12-14 01:00,1385.5,6,1.0,0
2025-12-14 02:00,1385.5,6,1.0,0
2025-12-14 03:00,1385.5,6,1.0,0
2025-12-14 04:00,1385.5,6,1.0,0
2025-12-14 05:00,1385.5,6,1.0,0
2025-12-14 06:00,1385.5,6,1.0,0
2025-12-14 07:00,1385.5,6,1.0,0
2025-12-14 08:00,1385.5,6,1.0,0
2025-12-14 09:00,1385.5,6,1.0,0
2025-12-14 10:00,1385.5,6,1.0,0
2025-12-14 11:00,1385.5,6,1.0,0
2025-12-14 12:00,1385.5,6,1.0,0
2025-12-14 13:00,1385.5,6,1.0,0
2025-12-14 14:00,1385.5,6,1.0,0
2025-12-14 15:00,1385.5,6,1.0,0
2025-12-14 16:00,1385.5,6,1.0,0
2025-12-14 17:00,1385.5,6,1.0,0
2025-12-14 18:00,1385.5,6,1.0,0
2025-12-14 19:00,1385.5,6,1.0,0
2025-12-14 20:00,1385.5,6,1.0,0
2025-12-14 21:00,1385.5,6,1.0,0
2025-12-14 22:00,1385.5,6,1.0,0
2025-12-14 23:00,1385.5,6,1.0,0
2025-12-15 00:00,1385.5,6,1.0,0
2025-12-15 01:00,1385.5,6,1.0,0
2025-12-15 02:00,1385.5,6,1.0,0
2025-12-15 03:00,1385.5,6,1.0,0
2025-12-15 04:00,1385.5,6,1.0,0
2025-12-15 05:00,1385.5,6,1.0,0
2025-12-15 06:00,1385.5,6,1.0,0
2025-12-15 07:00,1385.5,6,1.0,0
2025-12-15 08:00,1385.5,6,1.0,0
2025-12-15 09:00,1385.5,6,1.0,0
2025-12-15 10:00,1385.5,6,1.0,0
2025-12-15 11:00,1385.5,6,1.0,0
2025-12-15 12:00,1385.5,6,1.0,0
2025-12-15 13:00,1385.5,6,1.0,0
2025-12-15 14:00,1385.5,6,1.0,0
2025-12-15 15:00,1385.5,6,1.0,0
2025-12-15 16:00,1385.5,6,1.0,0
2025-12-15 17:00,1385.5,6,1.0,0
2025-12-15 18:00,1385.5,6,1.0,0
2025-12-15 19:00,1385.5,6,1.0,0
2025-12-15 20:00,1385.5,6,1.0,0
2025-12-15 21:00,1385.5,6,1.0,0
2025-12-15 22:00,1385.5,6,1.0,0
2025-12-15 23:00,1385.5,6,1.0,0
2025-12-16 00:00,1385.5,6,1.0,0
2025-12-16 01:00,1385.5,6,1.0,0
2025-12-16 02:00,1385.5,6,1.0,0
2025-12-16 03:00,1385.5,6,1.0,0
2025-12-16 04:00,1385.5,6,1.0,0
2025-12-16 05:00,1385.5,6,1.0,0
2025-12-16 06:00,1385.5,6,1.0,0
2025-12-16 07:00,1385.5,6,1.0,0
2025-12-16 08:00,1385.5,6,1.0,0
2025-12-16 09:00,1385.5,6,1.0,0
2025-12-16 10:00,1385.5,6,1.0,0
2025-12-16 11:00,1385.5,6,1.0,0
2025-12-16 12:00,1385.5,6,1.0,0
2025-12-16 13:00,1385.5,6,1.0,0
2025-12-16 14:00,1385.5,6,1.0,0
2025-12-16 15:00,1385.5,6,1.0,0
2025-12-16 16:00,1385.9,6,1.0,0
2025-12-16 17:00,1386.3,6,1.0,0
2025-12-16 18:00,1386.3,6,1.0,0
2025-12-16 19:00,1386.3,6,1.0,0
2025-12-16 20:00,1386.7,6,1.0,0
2025-12-16 21:00,1386.7,6,1.0,0
2025-12-16 22:00,1387.3,6,1.0,0
2025-12-16 23:00,1387.5,6,1.0,0
2025-12-17 00:00,1391.1,6,1.0,0
2025-12-17 01:00,1391.3,6,1.0,0
2025-12-17 02:00,1391.5,6,1.0,0
2025-12-17 03:00,1391.5,6,1.0,0
2025-12-17 04:00,1391.5,6,1.0,0
2025-12-17 05:00,1391.5,6,1.0,0
2025-12-17 06:00,1391.5,6,1.0,0
2025-12-17 07:00,1392.5,6,1.0,0
2025-12-17 08:00,1393.3,6,1.0,0
2025-12-17 09:00,1394.5,6,1.0,0
2025-12-17 10:00,1398.8,6,1.0,0
2025-12-17 11:00,1398.8,6,1.0,0
2025-12-17 12:00,1399.0,6,1.0,0
2025-12-17 13:00,1399.0,6,1.0,0
2025-12-17 14:00,1399.0,6,1.0,0
2025-12-17 15:00,1399.0,6,1.0,0
2025-12-17 16:00,1399.0,6,1.0,0
2025-12-17 17:00,1399.0,6,1.0,0
2025-12-17 18:00,1399.0,6,1.0,0
2025-12-17 19:00,1399.0,6,1.0,0
2025-12-17 20:00,1399.0,6,1.0,0
2025-12-17 21:00,1399.0,6,1.0,0
2025-12-17 22:00,1399.0,6,1.0,0
2025-12-17 23:00,1399.0,6,1.0,0
2025-12-18 00:00,1399.0,6,1.0,0
2025-12-18 01:00,1399.0,6,1.0,0
2025-12-18 02:00,1399.0,6,1.0,0
2025-12-18 03:00,1399.0,6,1.0,0
2025-12-18 04:00,1399.0,6,1.0,0
2025-12-18 05:00,1399.0,6,1.0,0
2025-12-18 06:00,1399.0,6,1.0,0
2025-12-18 07:00,1399.0,6,1.0,0
2025-12-18 08:00,1399.0,6,1.0,0
2025-12-18 09:00,1399.0,6,1.0,0
2025-12-18 10:00,1399.0,6,1.0,0
2025-12-18 11:00,1399.0,6,1.0,0
2025-12-18 12:00,1399.0,6,1.0,0
2025-12-18 13:00,1399.0,6,1.0,0
2025-12-18 14:00,1399.0,6,1.0,0
2025-12-18 15:00,1399.0,6,1.0,0
2025-12-18 16:00,1399.0,6,1.0,0
2025-12-18 17:00,1399.0,6,1.0,0
2025-12-18 18:00,1399.0,6,1.0,0
2025-12-18 19:00,1399.0,6,1.0,0
2025-12-18 20:00,1399.0,6,1.0,0
2025-12-18 21:00,1399.0,6,1.0,0
2025-12-18 22:00,1399.0,6,1.0,0
2025-12-18 23:00,1399.0,6,1.0,0
2025-12-19 00:00,1399.0,6,1.0,0
2025-12-19 01:00,1399.0,6,1.0,0
2025-12-19 02:00,1399.0,6,1.0,0
2025-12-19 03:00,1399.0,6,1.0,0
2025-12-19 04:00,1399.0,6,1.0,0
2025-12-19 05:00,1399.0,6,1.0,0
2025-12-19 06:00,1399.0,6,1.0,0
2025-12-19 07:00,1399.0,6,1.0,0
2025-12-19 08:00,1399.0,6,1.0,0
2025-12-19 09:00,1399.0,6,1.0,0
2025-12-19 10:00,1399.0,6,1.0,0
2025-12-19 11:00,1399.0,6,1.0,0
2025-12-19 12:00,1399.0,6,1.0,0
2025-12-19 13:00,1399.0,6,1.0,0
2025-12-19 14:00,1399.0,6,1.0,0
2025-12-19 15:00,1399.0,6,1.0,0
2025-12-19 16:00,1399.0,6,1.0,0
2025-12-19 17:00,1399.0,6,1.0,0
2025-12-19 18:00,1399.0,6,1.0,0
2025-12-19 19:00,1399.0,6,1.0,0
2025-12-19 20:00,1399.0,6,1.0,0
2025-12-19 21:00,1399.0,6,1.0,0
2025-12-19 22:00,1399.0,6,1.0,0
2025-12-19 23:00,1399.0,6,1.0,0
2025-12-20 00:00,1399.0,6,1.0,0
2025-12-20 01:00,1399.0,6,1.0,0
2025-12-20 02:00,1399.0,6,1.0,0
2025-12-20 03:00,1399.0,6,1.0,0
2025-12-20 04:00,1399.0,6,1.0,0
2025-12-20 05:00,1399.0,6,1.0,0
2025-12-20 06:00,1399.0,6,1.0,0
2025-12-20 07:00,1399.0,6,1.0,0
2025-12-20 08:00,1399.0,6,1.0,0
2025-12-20 09:00,1399.0,6,1.0,0
2025-12-20 10:00,1399.0,6,1.0,0
2025-12-20 11:00,1399.0,6,1.0,0
2025-12-20 12:00,1399.0,6,1.0,0
2025-12-20 13:00,1399.0,6,1.0,0
2025-12-20 14:00,1399.0,6,1.0,0
2025-12-20 15:00,1399.0,6,1.0,0
2025-12-20 16:00,1399.0,6,1.0,0
2025-12-20 17:00,1399.0,6,1.0,0
2025-12-20 18:00,1399.0,6,1.0,0
2025-12-20 19:00,1399.0,6,1.0,0
2025-12-20 20:00,1399.0,6,1.0,0
2025-12-20 21:00,1399.0,6,1.0,0
2025-12-20 22:00,1399.0,6,1.0,0
2025-12-20 23:00,1399.0,6,1.0,0
2025-12-21 00:00,1399.0,6,1.0,0
2025-12-21 01:00,1399.0,6,1.0,0
2025-12-21 02:00,1399.0,6,1.0,0
2025-12-21 03:00,1399.0,6,1.0,0
2025-12-21 04:00,1399.0,6,1.0,0
2025-12-21 05:00,1399.0,6,1.0,0
2025-12-21 06:00,1399.0,6,1.0,0
2025-12-21 07:00,1399.0,6,1.0,0
2025-12-21 08:00,1399.0,6,1.0,0
2025-12-21 09:00,1399.0,6,1.0,0
2025-12-21 10:00,1399.0,6,1.0,0
2025-12-21 11:00,1399.0,6,1.0,0
2025-12-21 12:00,1399.0,6,1.0,0
2025-12-21 13:00,1399.0,6,1.0,0
2025-12-21 14:00,1399.0,6,1.0,0
2025-12-21 15:00,1399.0,6,1.0,0
2025-12-21 16:00,1399.0,6,1.0,0
2025-12-21 17:00,1399.0,6,1.0,0
2025-12-21 18:00,1399.0,6,1.0,0
2025-12-21 19:00,1399.0,6,1.0,0
2025-12-21 20:00,1399.0,6,1.0,0
2025-12-21 21:00,1399.0,6,1.0,0
2025-12-21 22:00,1399.0,6,1.0,0
2025-12-21 23:00,1399.0,6,1.0,0
2025-12-22 00:00,1399.0,6,1.0,0
2025-12-22 01:00,1399.0,6,1.0,0
2025-12-22 02:00,1399.0,6,1.0,0
2025-12-22 03:00,1399.0,6,1.0,0
2025-12-22 04:00,1399.0,6,1.0,0
2025-12-22 05:00,1399.0,6,1.0,0
2025-12-22 06:00,1399.0,6,1.0,0
2025-12-22 07:00,1399.0,6,1.0,0
2025-12-22 08:00,1399.0,6,1.0,0
2025-12-22 09:00,1399.0,6,1.0,0
2025-12-22 10:00,1399.0,6,1.0,0
2025-12-22 11:00,1399.0,6,1.0,0
2025-12-22 12:00,1399.0,6,1.0,0
2025-12-22 13:00,1399.0,6,1.0,0
2025-12-22 14:00,1399.0,6,1.0,0
2025-12-22 15:00,1399.0,6,1.0,0
2025-12-22 16:00,1399.0,6,1.0,0
2025-12-22 17:00,1399.0,6,1.0,0
2025-12-22 18:00,1399.0,6,1.0,0
2025-12-22 19:00,1399.0,6,1.0,0
2025-12-22 20:00,1399.0,6,1.0,0
2025-12-22 21:00,1399.0,6,1.0,0
2025-12-22 22:00,1399.0,6,1.0,0
2025-12-22 23:00,1399.0,6,1.0,0
2025-12-23 00:00,1399.0,6,1.0,0
2025-12-23 01:00,1399.0,6,1.0,0
2025-12-23 02:00,1399.0,6,1.0,0
2025-12-23 03:00,1399.0,6,1.0,0
2025-12-23 04:00,1399.0,6,1.0,0
2025-12-23 05:00,1399.0,6,1.0,0
2025-12-23 06:00,1399.0,6,1.0,0
2025-12-23 07:00,1399.0,6,1.0,0
2025-12-23 08:00,1399.0,6,1.0,0
2025-12-23 09:00,1399.0,6,1.0,0
2025-12-23 10:00,1399.0,6,1.0,0
2025-12-23 11:00,1399.0,6,1.0,0
2025-12-23 12:00,1399.0,6,1.0,0
2025-12-23 13:00,1399.0,6,1.0,0
2025-12-23 14:00,1399.2,6,1.0,0
2025-12-23 15:00,1418.6,6,1.0,0
2025-12-23 16:00,1422.4,6,1.0,0
2025-12-23 17:00,1428.8,6,1.0,0
2025-12-23 18:00,1431.6,6,1.0,0
2025-12-23 19:00,1432.0,6,1.0,0
2025-12-23 20:00,1432.2,6,1.0,0
2025-12-23 21:00,1435.2,6,1.0,0
2025-12-23 22:00,1436.6,6,1.0,0
2025-12-23 23:00,1436.6,6,1.0,0
2025-12-24 00:00,1438.8,6,1.0,0
2025-12-24 01:00,1441.4,6,1.0,0
2025-12-24 02:00,1449.7,6,1.0,0
2025-12-24 03:00,1458.9,6,1.0,0
2025-12-24 04:00,1459.3,6,1.0,0
2025-12-24 05:00,1459.7,6,1.0,0
2025-12-24 06:00,1459.9,6,1.0,0
2025-12-24 07:00,1460.5,6,1.0,0
2025-12-24 08:00,1463.3,6,1.0,0
2025-12-24 09:00,1464.1,6,1.0,0
2025-12-24 10:00,1464.3,6,1.0,0
2025-12-24 11:00,1464.3,6,1.0,0
2025-12-24 12:00,1471.5,6,1.0,0
2025-12-24 13:00,1473.5,6,1.0,0
2025-12-24 14:00,1475.7,6,1.0,0
2025-12-24 15:00,1477.3,6,1.0,0
2025-12-24 16:00,1477.7,6,1.0,0
2025-12-24 17:00,1477.9,6,1.0,0
2025-12-24 18:00,1477.9,6,1.0,0
2025-12-24 19:00,1477.9,6,1.0,0
2025-12-24 20:00,1477.9,6,1.0,0
2025-12-24 21:00,1478.9,6,1.0,0
2025-12-24 22:00,1479.9,6,1.0,0
2025-12-24 23:00,1480.5,6,1.0,0
2025-12-25 00:00,1480.5,6,1.0,0
2025-12-25 01:00,1480.5,6,1.0,0
2025-12-25 02:00,1480.5,6,1.0,0
2025-12-25 03:00,1480.5,6,1.0,0
2025-12-25 04:00,1480.5,6,1.0,0
2025-12-25 05:00,1480.5,6,1.0,0
2025-12-25 06:00,1480.5,6,1.0,0
2025-12-25 07:00,1480.5,6,1.0,0
2025-12-25 08:00,1480.5,6,1.0,0
2025-12-25 09:00,1480.5,6,1.0,0
2025-12-25 10:00,1480.5,6,1.0,0
2025-12-25 11:00,1480.5,6,1.0,0
2025-12-25 12:00,1480.5,6,1.0,0
2025-12-25 13:00,1480.5,6,1.0,0
2025-12-25 14:00,1480.5,6,1.0,0
2025-12-25 15:00,1480.5,6,1.0,0
2025-12-25 16:00,1480.5,6,1.0,0
2025-12-25 17:00,1480.5,6,1.0,0
2025-12-25 18:00,1480.5,6,1.0,0
2025-12-25 19:00,1480.5,6,1.0,0
2025-12-25 20:00,1480.5,6,1.0,0
2025-12-25 21:00,1480.5,6,1.0,0
2025-12-25 22:00,1480.5,6,1.0,0
2025-12-25 23:00,1480.5,6,1.0,0
2025-12-26 00:00,1480.5,6,1.0,0
2025-12-26 01:00,1480.5,6,1.0,0
2025-12-26 02:00,1480.5,6,1.0,0
2025-12-26 03:00,1480.5,6,1.0,0
2025-12-26 04:00,1480.5,6,1.0,0
2025-12-26 05:00,1480.5,6,1.0,0
2025-12-26 06:00,1480.5,6,1.0,0
2025-12-26 07:00,1480.5,6,1.0,0
2025-12-26 08:00,1480.5,6,1.0,0
2025-12-26 09:00,1480.5,6,1.0,0
2025-12-26 10:00,1480.5,6,1.0,0
2025-12-26 11:00,1480.5,6,1.0,0
2025-12-26 12:00,1480.5,6,1.0,0
2025-12-26 13:00,1480.5,6,1.0,0
2025-12-26 14:00,1480.5,6,1.0,0
2025-12-26 15:00,1480.5,6,1.0,0
2025-12-26 16:00,1480.5,6,1.0,0
2025-12-26 17:00,1480.5,6,1.0,0
2025-12-26 18:00,1480.5,6,1.0,0
2025-12-26 19:00,1480.5,6,1.0,0
2025-12-26 20:00,1480.5,6,1.0,0
2025-12-26 21:00,1480.5,6,1.0,0
2025-12-26 22:00,1480.5,6,1.0,0
2025-12-26 23:00,1480.5,6,1.0,0
2025-12-27 00:00,1480.5,6,1.0,0
2025-12-27 01:00,1480.5,6,1.0,0
2025-12-27 02:00,1480.5,6,1.0,0
2025-12-27 03:00,1480.5,6,1.0,0
2025-12-27 04:00,1480.5,6,1.0,0
2025-12-27 05:00,1480.5,6,1.0,0
2025-12-27 06:00,1480.5,6,1.0,0
2025-12-27 07:00,1480.5,6,1.0,0
2025-12-27 08:00,1480.5,6,1.0,0
2025-12-27 09:00,1480.5,6,1.0,0
2025-12-27 10:00,1480.5,6,1.0,0
2025-12-27 11:00,1480.5,6,1.0,0
2025-12-27 12:00,1480.5,6,1.0,0
2025-12-27 13:00,1480.5,6,1.0,0
2025-12-27 14:00,1480.5,6,1.0,0
2025-12-27 15:00,1480.5,6,1.0,0
2025-12-27 16:00,1480.5,6,1.0,0
2025-12-27 17:00,1480.5,6,1.0,0
2025-12-27 18:00,1480.5,6,1.0,0
2025-12-27 19:00,1480.5,6,1.0,0
2025-12-27 20:00,1480.5,6,1.0,0
2025-12-27 21:00,1480.5,6,1.0,0
2025-12-27 22:00,1480.5,6,1.0,0
2025-12-27 23:00,1480.5,6,1.0,0
2025-12-28 00:00,1480.5,6,1.0,0
2025-12-28 01:00,1480.5,6,1.0,0
2025-12-28 02:00,1480.5,6,1.0,0
2025-12-28 03:00,1480.5,6,1.0,0
2025-12-28 04:00,1480.5,6,1.0,0
2025-12-28 05:00,1480.5,6,1.0,0
2025-12-28 06:00,1480.5,6,1.0,0
2025-12-28 07:00,1480.5,6,1.0,0
2025-12-28 08:00,1480.5,6,1.0,0
2025-12-28 09:00,1480.5,6,1.0,0
2025-12-28 10:00,1480.5,6,1.0,0
2025-12-28 11:00,1480.5,6,1.0,0
2025-12-28 12:00,1480.5,6,1.0,0
2025-12-28 13:00,1480.5,6,1.0,0
2025-12-28 14:00,1480.5,6,1.0,0
2025-12-28 15:00,1480.5,6,1.0,0
2025-12-28 16:00,1480.5,6,1.0,0
2025-12-28 17:00,1480.5,6,1.0,0
2025-12-28 18:00,1480.5,6,1.0,0
2025-12-28 19:00,1480.5,6,1.0,0
2025-12-28 20:00,1480.5,6,1.0,0
2025-12-28 21:00,1480.5,6,1.0,0
2025-12-28 22:00,1480.5,6,1.0,0
2025-12-28 23:00,1480.5,6,1.0,0
2025-12-29 00:00,1480.5,6,1.0,0
2025-12-29 01:00,1480.5,6,1.0,0
2025-12-29 02:00,1480.5,6,1.0,0
2025-12-29 03:00,1480.5,6,1.0,0
2025-12-29 04:00,1480.5,6,1.0,0
2025-12-29 05:00,1480.5,6,1.0,0
2025-12-29 06:00,1480.5,6,1.0,0
2025-12-29 07:00,1480.5,6,1.0,0
2025-12-29 08:00,1480.5,6,1.0,0
2025-12-29 09:00,1480.5,6,1.0,0
2025-12-29 10:00,1480.5,6,1.0,0
2025-12-29 11:00,1480.5,6,1.0,0
2025-12-29 12:00,1480.5,6,1.0,0
2025-12-29 13:00,1480.5,6,1.0,0
2025-12-29 14:00,1480.5,6,1.0,0
2025-12-29 15:00,1480.5,6,1.0,0
2025-12-29 16:00,1480.5,6,1.0,0
2025-12-29 17:00,1480.5,6,1.0,0
2025-12-29 18:00,1480.5,6,1.0,0
2025-12-29 19:00,1480.5,6,1.0,0
2025-12-29 20:00,1480.5,6,1.0,0
2025-12-29 21:00,1480.5,6,1.0,0
2025-12-29 22:00,1480.5,6,1.0,0
2025-12-29 23:00,1480.5,6,1.0,0
2025-12-30 00:00,1480.5,6,1.0,0
2025-12-30 01:00,1480.5,6,1.0,0
2025-12-30 02:00,1480.5,6,1.0,0
2025-12-30 03:00,1480.5,6,1.0,0
2025-12-30 04:00,1480.5,6,1.0,0
2025-12-30 05:00,1480.5,6,1.0,0
2025-12-30 06:00,1480.5,6,1.0,0
2025-12-30 07:00,1480.5,6,1.0,0
2025-12-30 08:00,1480.5,6,1.0,0
2025-12-30 09:00,1480.5,6,1.0,0
2025-12-30 10:00,1480.5,6,1.0,0
2025-12-30 11:00,1480.5,6,1.0,0
2025-12-30 12:00,1480.5,6,1.0,0
2025-12-30 13:00,1480.5,6,1.0,0
2025-12-30 14:00,1480.5,6,1.0,0
2025-12-30 15:00,1480.5,6,1.0,0
2025-12-30 16:00,1480.5,6,1.0,0
2025-12-30 17:00,1480.5,6,1.0,0
2025-12-30 18:00,1480.5,6,1.0,0
2025-12-30 19:00,1480.5,6,1.0,0
2025-12-30 20:00,1480.5,6,1.0,0
2025-12-30 21:00,1480.5,6,1.0,0
2025-12-30 22:00,1480.5,6,1.0,0
2025-12-30 23:00,1480.5,6,1.0,0
2025-12-31 00:00,1480.5,6,1.0,0
2025-12-31 01:00,1480.5,6,1.0,0
2025-12-31 02:00,1480.5,6,1.0,0
2025-12-31 03:00,1480.5,6,1.0,0
2025-12-31 04:00,1480.5,6,1.0,0
2025-12-31 05:00,1480.5,6,1.0,0
2025-12-31 06:00,1480.5,6,1.0,0
2025-12-31 07:00,1480.5,6,1.0,0
2025-12-31 08:00,1480.5,6,1.0,0
2025-12-31 09:00,1480.5,6,1.0,0
2025-12-31 10:00,1480.5,6,1.0,0
2025-12-31 11:00,1480.5,6,1.0,0
2025-12-31 12:00,1480.5,6,1.0,0
2025-12-31 13:00,1480.5,6,1.0,0
2025-12-31 14:00,1480.5,6,1.0,0
2025-12-31 15:00,1480.5,6,1.0,0
2025-12-31 16:00,1480.5,6,1.0,0
2025-12-31 17:00,1480.5,6,1.0,0
2025-12-31 18:00,1480.5,6,1.0,0
2025-12-31 19:00,1480.5,6,1.0,0
2025-12-31 20:00,1480.5,6,1.0,0
2025-12-31 21:00,1480.5,6,1.0,0
2025-12-31 22:00,1480.5,6,1.0,0
2025-12-31 23:00,1480.5,5,0.833,0
